;FLAVOR:RepRap
;TIME:4151
;Filament used: 5.20598m, 0m, 0.00033376m
;Layer height: 0.2
;MINX:10.6
;MINY:10.6
;MINZ:0.1
;MAXX:207.497
;MAXY:206.745
;MAXZ:0.65
;TARGET_MACHINE.NAME:Unknown
;Generated with Cura_SteamEngine 5.7.2
T0
M190 S20
M104 S275
M104 T2 S0
M109 S275
M109 T2 S0
M82 ;absolute extrusion mode
G1 Z50 F6000
G1 X150 Y150
M82 ;absolute extrusion mode
T0
G1 Z50
G1 X0 Y0
M83
G1 E15
M83 ;relative extrusion mode
M83 ;relative extrusion mode
G1 F1800 E-3.5
;LAYER_COUNT:3
;LAYER:0
M107
G0 F18000 X14.653 Y14.985 Z0.1
;TYPE:SKIRT
G1 F1800 E3.52079
G1 F2700 X15.211 Y14.439 E0.01233
G1 X15.787 Y13.935 E0.01209
G1 X16.279 Y13.542 E0.00995
G1 X16.785 Y13.174 E0.00988
G1 X17.25 Y12.865 E0.00882
G1 X18.02 Y12.405 E0.01417
G1 X18.879 Y11.967 E0.01523
G1 X19.568 Y11.665 E0.01188
G1 X20.422 Y11.347 E0.0144
G1 X21.026 Y11.159 E0.00999
G1 X21.561 Y11.017 E0.00874
G1 X22.276 Y10.861 E0.01156
G1 X22.864 Y10.759 E0.00943
G1 X23.419 Y10.687 E0.00884
G1 X24.343 Y10.614 E0.01464
G1 X25.052 Y10.6 E0.0112
G1 X25.612 Y10.613 E0.00885
G1 X26.516 Y10.681 E0.01432
G1 X27.577 Y10.833 E0.01693
G1 X28.366 Y10.999 E0.01274
G1 X29.279 Y11.25 E0.01496
G1 X30.185 Y11.566 E0.01516
G1 X30.849 Y11.843 E0.01137
G1 X31.417 Y12.11 E0.00992
G1 X31.975 Y12.404 E0.00996
G1 X32.515 Y12.718 E0.00987
G1 X33.07 Y13.075 E0.01043
G1 X33.805 Y13.606 E0.01433
G1 X34.317 Y14.02 E0.0104
G1 X35.015 Y14.653 E0.01489
G1 X35.561 Y15.211 E0.01233
G1 X36.065 Y15.787 E0.01209
G1 X36.458 Y16.279 E0.00995
G1 X36.826 Y16.785 E0.00988
G1 X37.135 Y17.25 E0.00882
G1 X37.595 Y18.02 E0.01417
G1 X37.947 Y18.7 E0.0121
G1 X38.335 Y19.566 E0.01499
G1 X38.622 Y20.334 E0.01295
G1 X38.843 Y21.031 E0.01155
G1 X38.984 Y21.564 E0.00871
G1 X39.139 Y22.275 E0.0115
G1 X39.241 Y22.863 E0.00943
G1 X39.313 Y23.418 E0.00884
G1 X39.386 Y24.338 E0.01458
G1 X39.4 Y25.051 E0.01127
G1 X39.387 Y25.611 E0.00885
G1 X39.319 Y26.515 E0.01432
G1 X39.167 Y27.577 E0.01695
G1 X39.001 Y28.366 E0.01274
G1 X38.75 Y29.279 E0.01496
G1 X38.434 Y30.185 E0.01516
G1 X38.157 Y30.851 E0.0114
G1 X37.891 Y31.415 E0.00985
G1 X37.615 Y31.944 E0.00943
G1 X37.285 Y32.511 E0.01036
G1 X36.993 Y32.97 E0.00859
G1 X36.394 Y33.805 E0.01624
G1 X35.98 Y34.317 E0.0104
G1 X35.347 Y35.015 E0.01489
G1 X34.789 Y35.561 E0.01233
G1 X34.213 Y36.065 E0.01209
G1 X33.721 Y36.458 E0.00995
G1 X33.215 Y36.826 E0.00988
G1 X32.75 Y37.135 E0.00882
G1 X31.98 Y37.595 E0.01417
G1 X31.121 Y38.033 E0.01523
G1 X30.432 Y38.335 E0.01188
G1 X29.578 Y38.653 E0.0144
G1 X28.974 Y38.841 E0.00999
G1 X28.439 Y38.983 E0.00874
G1 X27.724 Y39.139 E0.01156
G1 X27.136 Y39.241 E0.00943
G1 X26.581 Y39.313 E0.00884
G1 X25.657 Y39.386 E0.01464
G1 X24.948 Y39.4 E0.0112
G1 X24.389 Y39.387 E0.00883
G1 X23.485 Y39.319 E0.01432
G1 X22.423 Y39.167 E0.01695
G1 X21.634 Y39.001 E0.01274
G1 X20.721 Y38.75 E0.01496
G1 X19.815 Y38.434 E0.01516
G1 X19.151 Y38.157 E0.01137
G1 X18.583 Y37.89 E0.00992
G1 X18.025 Y37.596 E0.00996
G1 X17.485 Y37.282 E0.00987
G1 X16.93 Y36.926 E0.01042
G1 X16.172 Y36.375 E0.0148
G1 X15.461 Y35.787 E0.01458
G1 X14.985 Y35.346 E0.01025
G1 X14.42 Y34.767 E0.01278
G1 X13.796 Y34.044 E0.01509
G1 X13.354 Y33.468 E0.01147
G1 X12.994 Y32.95 E0.00997
G1 X12.648 Y32.4 E0.01027
G1 X12.221 Y31.638 E0.0138
G1 X11.928 Y31.038 E0.01055
G1 X11.665 Y30.432 E0.01044
G1 X11.349 Y29.582 E0.01433
G1 X11.181 Y29.051 E0.0088
G1 X11 Y28.371 E0.01112
G1 X10.875 Y27.801 E0.00922
G1 X10.759 Y27.136 E0.01066
G1 X10.687 Y26.58 E0.00886
G1 X10.614 Y25.66 E0.01458
G1 X10.6 Y24.949 E0.01123
G1 X10.613 Y24.389 E0.00885
G1 X10.681 Y23.485 E0.01432
G1 X10.833 Y22.423 E0.01695
G1 X10.999 Y21.634 E0.01274
G1 X11.25 Y20.721 E0.01496
G1 X11.566 Y19.815 E0.01516
G1 X11.843 Y19.149 E0.0114
G1 X12.109 Y18.585 E0.00985
G1 X12.385 Y18.056 E0.00943
G1 X12.715 Y17.489 E0.01036
G1 X13.007 Y17.03 E0.00859
G1 X13.606 Y16.195 E0.01624
G1 X14.02 Y15.683 E0.0104
G1 X14.653 Y14.985 E0.01489
G0 F18000 X15.109 Y15.608
G1 F2700 X15.743 Y14.983 E0.01406
G1 X16.261 Y14.529 E0.01088
G1 X16.727 Y14.156 E0.00943
G1 X17.207 Y13.806 E0.00939
G1 X17.64 Y13.517 E0.00822
G1 X18.489 Y13.014 E0.01559
G1 X19.188 Y12.661 E0.01237
G1 X19.834 Y12.377 E0.01115
G1 X20.649 Y12.073 E0.01374
G1 X21.222 Y11.893 E0.00949
G1 X21.724 Y11.759 E0.00821
G1 X22.406 Y11.609 E0.01103
G1 X22.963 Y11.513 E0.00893
G1 X23.479 Y11.445 E0.00822
G1 X24.477 Y11.369 E0.01581
G1 X25.036 Y11.36 E0.00883
G1 X25.556 Y11.371 E0.00822
G1 X26.43 Y11.436 E0.01385
G1 X27.421 Y11.577 E0.01581
G1 X28.296 Y11.764 E0.01414
G1 X29.155 Y12.008 E0.01411
G1 X29.893 Y12.268 E0.01236
G1 X30.527 Y12.531 E0.01084
G1 X31.064 Y12.783 E0.00937
G1 X31.593 Y13.06 E0.00943
G1 X32.105 Y13.358 E0.00936
G1 X32.626 Y13.691 E0.00977
G1 X33.331 Y14.2 E0.01374
G1 X33.809 Y14.586 E0.00971
G1 X34.392 Y15.109 E0.01237
G1 X35.017 Y15.743 E0.01406
G1 X35.471 Y16.261 E0.01088
G1 X35.844 Y16.727 E0.00943
G1 X36.194 Y17.207 E0.00939
G1 X36.483 Y17.64 E0.00822
G1 X36.979 Y18.476 E0.01536
G1 X37.255 Y19.015 E0.00957
G1 X37.623 Y19.833 E0.01417
G1 X37.898 Y20.565 E0.01235
G1 X38.109 Y21.225 E0.01095
G1 X38.242 Y21.727 E0.0082
G1 X38.391 Y22.405 E0.01097
G1 X38.487 Y22.962 E0.00893
G1 X38.555 Y23.478 E0.00822
G1 X38.631 Y24.473 E0.01577
G1 X38.64 Y25.035 E0.00888
G1 X38.629 Y25.555 E0.00822
G1 X38.552 Y26.538 E0.01558
G1 X38.423 Y27.421 E0.0141
G1 X38.236 Y28.296 E0.01414
G1 X37.992 Y29.155 E0.01411
G1 X37.732 Y29.893 E0.01236
G1 X37.469 Y30.527 E0.01084
G1 X37.217 Y31.063 E0.00936
G1 X36.941 Y31.592 E0.00943
G1 X36.643 Y32.104 E0.00936
G1 X36.309 Y32.625 E0.00978
G1 X35.8 Y33.331 E0.01375
G1 X35.414 Y33.809 E0.00971
G1 X34.891 Y34.392 E0.01237
G1 X34.257 Y35.017 E0.01406
G1 X33.739 Y35.471 E0.01088
G1 X33.273 Y35.844 E0.00943
G1 X32.793 Y36.194 E0.00939
G1 X32.36 Y36.483 E0.00822
G1 X31.511 Y36.986 E0.01559
G1 X30.812 Y37.339 E0.01237
G1 X30.166 Y37.623 E0.01115
G1 X29.351 Y37.927 E0.01374
G1 X28.778 Y38.107 E0.00949
G1 X28.276 Y38.241 E0.00821
G1 X27.594 Y38.391 E0.01103
G1 X27.037 Y38.487 E0.00893
G1 X26.521 Y38.555 E0.00822
G1 X25.523 Y38.631 E0.01581
G1 X24.964 Y38.64 E0.00883
G1 X24.445 Y38.629 E0.0082
G1 X23.462 Y38.552 E0.01558
G1 X22.579 Y38.423 E0.0141
G1 X21.704 Y38.236 E0.01414
G1 X20.845 Y37.992 E0.01411
G1 X20.107 Y37.732 E0.01236
G1 X19.473 Y37.469 E0.01084
G1 X18.936 Y37.217 E0.00937
G1 X18.407 Y36.94 E0.00943
G1 X17.895 Y36.642 E0.00936
G1 X17.374 Y36.309 E0.00977
G1 X16.739 Y35.853 E0.01235
G1 X15.977 Y35.229 E0.01556
G1 X15.529 Y34.814 E0.00965
G1 X14.982 Y34.255 E0.01236
G1 X14.398 Y33.58 E0.0141
G1 X13.978 Y33.034 E0.01088
G1 X13.637 Y32.544 E0.00943
G1 X13.312 Y32.028 E0.00963
G1 X12.885 Y31.266 E0.0138
G1 X12.624 Y30.732 E0.00939
G1 X12.377 Y30.166 E0.00976
G1 X12.073 Y29.352 E0.01373
G1 X11.915 Y28.855 E0.00824
G1 X11.742 Y28.206 E0.01061
G1 X11.623 Y27.671 E0.00866
G1 X11.513 Y27.037 E0.01017
G1 X11.445 Y26.52 E0.00824
G1 X11.369 Y25.525 E0.01577
G1 X11.36 Y24.965 E0.00885
G1 X11.371 Y24.445 E0.00822
G1 X11.448 Y23.462 E0.01558
G1 X11.577 Y22.579 E0.0141
G1 X11.764 Y21.704 E0.01414
G1 X12.008 Y20.845 E0.01411
G1 X12.268 Y20.107 E0.01236
G1 X12.531 Y19.473 E0.01084
G1 X12.783 Y18.937 E0.00936
G1 X13.059 Y18.408 E0.00943
G1 X13.357 Y17.896 E0.00936
G1 X13.691 Y17.375 E0.00978
G1 X14.2 Y16.669 E0.01375
G1 X14.586 Y16.191 E0.00971
G1 X15.109 Y15.608 E0.01237
G0 F18000 X14.919 Y15.257
G1 F2700 X15.477 Y14.711 E0.01233
G1 X16.024 Y14.232 E0.01149
G1 X16.503 Y13.849 E0.00969
G1 X16.996 Y13.49 E0.00963
G1 X17.445 Y13.191 E0.00852
G1 X18.318 Y12.675 E0.01602
G1 X19.034 Y12.314 E0.01267
G1 X19.602 Y12.061 E0.00982
G1 X20.535 Y11.71 E0.01575
G1 X21.124 Y11.526 E0.00975
G1 X21.642 Y11.388 E0.00847
G1 X22.341 Y11.235 E0.0113
G1 X22.913 Y11.136 E0.00917
G1 X23.449 Y11.066 E0.00854
G1 X24.36 Y10.994 E0.01444
G1 X25.044 Y10.98 E0.01081
G1 X25.584 Y10.992 E0.00853
G1 X26.472 Y11.058 E0.01407
G1 X27.499 Y11.205 E0.01639
G1 X28.398 Y11.398 E0.01453
G1 X29.163 Y11.612 E0.01255
G1 X30.039 Y11.917 E0.01465
G1 X30.688 Y12.187 E0.01111
G1 X31.24 Y12.446 E0.00963
G1 X31.784 Y12.732 E0.00971
G1 X32.31 Y13.038 E0.00961
G1 X32.848 Y13.383 E0.0101
G1 X33.568 Y13.903 E0.01403
G1 X34.063 Y14.303 E0.01005
G1 X34.743 Y14.919 E0.0145
G1 X35.289 Y15.477 E0.01233
G1 X35.768 Y16.024 E0.01149
G1 X36.151 Y16.503 E0.00969
G1 X36.51 Y16.996 E0.00963
G1 X36.809 Y17.445 E0.00852
G1 X37.262 Y18.203 E0.01395
G1 X37.601 Y18.857 E0.01164
G1 X37.979 Y19.699 E0.01458
G1 X38.26 Y20.449 E0.01265
G1 X38.476 Y21.128 E0.01126
G1 X38.613 Y21.645 E0.00845
G1 X38.765 Y22.34 E0.01124
G1 X38.864 Y22.912 E0.00917
G1 X38.934 Y23.448 E0.00854
G1 X39.006 Y24.355 E0.01437
G1 X39.02 Y25.043 E0.01087
G1 X39.008 Y25.583 E0.00853
G1 X38.942 Y26.471 E0.01407
G1 X38.795 Y27.499 E0.01641
G1 X38.602 Y28.398 E0.01453
G1 X38.388 Y29.163 E0.01255
G1 X38.083 Y30.039 E0.01465
G1 X37.813 Y30.689 E0.01112
G1 X37.554 Y31.239 E0.0096
G1 X37.278 Y31.768 E0.00943
G1 X36.964 Y32.307 E0.00986
G1 X36.617 Y32.847 E0.01014
G1 X36.097 Y33.568 E0.01404
G1 X35.697 Y34.063 E0.01005
G1 X35.081 Y34.743 E0.0145
G1 X34.523 Y35.289 E0.01233
G1 X33.976 Y35.768 E0.01149
G1 X33.497 Y36.151 E0.00969
G1 X33.004 Y36.51 E0.00963
G1 X32.555 Y36.809 E0.00852
G1 X31.682 Y37.325 E0.01602
G1 X30.966 Y37.686 E0.01267
G1 X30.398 Y37.939 E0.00982
G1 X29.465 Y38.29 E0.01575
G1 X28.876 Y38.474 E0.00975
G1 X28.358 Y38.612 E0.00847
G1 X27.659 Y38.765 E0.0113
G1 X27.087 Y38.864 E0.00917
G1 X26.551 Y38.934 E0.00854
G1 X25.64 Y39.006 E0.01444
G1 X24.956 Y39.02 E0.01081
G1 X24.417 Y39.008 E0.00852
G1 X23.529 Y38.942 E0.01407
G1 X22.501 Y38.795 E0.01641
G1 X21.602 Y38.602 E0.01453
G1 X20.837 Y38.388 E0.01255
G1 X19.961 Y38.083 E0.01465
G1 X19.312 Y37.813 E0.01111
G1 X18.76 Y37.554 E0.00963
G1 X18.216 Y37.268 E0.00971
G1 X17.69 Y36.962 E0.00961
G1 X17.152 Y36.618 E0.01009
G1 X16.506 Y36.153 E0.01257
G1 X15.719 Y35.508 E0.01608
G1 X15.257 Y35.08 E0.00995
G1 X14.62 Y34.422 E0.01447
G1 X14.097 Y33.812 E0.01269
G1 X13.666 Y33.251 E0.01118
G1 X13.316 Y32.748 E0.00968
G1 X12.98 Y32.214 E0.00997
G1 X12.553 Y31.452 E0.0138
G1 X12.276 Y30.885 E0.00997
G1 X12.021 Y30.299 E0.0101
G1 X11.711 Y29.467 E0.01403
G1 X11.548 Y28.953 E0.00852
G1 X11.371 Y28.289 E0.01086
G1 X11.249 Y27.736 E0.00895
G1 X11.136 Y27.087 E0.01041
G1 X11.066 Y26.55 E0.00856
G1 X10.994 Y25.643 E0.01437
G1 X10.98 Y24.957 E0.01084
G1 X10.992 Y24.417 E0.00853
G1 X11.058 Y23.529 E0.01407
G1 X11.205 Y22.501 E0.01641
G1 X11.398 Y21.602 E0.01453
G1 X11.612 Y20.837 E0.01255
G1 X11.917 Y19.961 E0.01465
G1 X12.187 Y19.311 E0.01112
G1 X12.446 Y18.761 E0.0096
G1 X12.722 Y18.232 E0.00943
G1 X13.036 Y17.693 E0.00986
G1 X13.383 Y17.153 E0.01014
G1 X13.903 Y16.432 E0.01404
G1 X14.303 Y15.937 E0.01005
G1 X14.919 Y15.257 E0.0145
G1 F1800 E-3.5
G0 F18000 X12.61 Y21.094
G0 X12.161 Y23.026
G0 X12.01 Y25.004
G0 X12.161 Y26.972
G0 X12.612 Y28.908
G0 X13.351 Y30.744
G0 X14.361 Y32.452
G0 X15.619 Y33.983
G0 X17.092 Y35.305
G0 X18.752 Y36.388
G0 X20.56 Y37.206
G0 X22.465 Y37.74
G0 X24.435 Y37.977
G0 X37.113 Y37.841
G1 F1800 E3.52079
G1 F2700 X37.502 Y37.559 E0.00759
G1 X43.411 Y34.148 E0.10779
G1 X43.963 Y33.921 E0.00943
G1 X44.364 Y33.844 E0.00645
G1 X44.895 Y33.846 E0.00839
G1 X45.375 Y33.952 E0.00777
G1 X45.817 Y34.142 E0.0076
G1 X50.564 Y36.88 E0.08658
G1 X54.108 Y34.837 E0.06463
G1 X54.112 Y29.305 E0.0874
G1 X54.188 Y28.778 E0.00841
G1 X54.376 Y28.28 E0.00841
G1 X54.64 Y27.866 E0.00776
G1 X54.944 Y27.547 E0.00696
G1 X55.333 Y27.265 E0.00759
G1 X61.226 Y23.862 E0.10751
G1 X61.792 Y23.627 E0.00968
G1 X62.277 Y23.542 E0.00778
G1 X62.809 Y23.562 E0.00841
G1 X63.348 Y23.706 E0.00881
G1 X63.676 Y23.862 E0.00574
G1 X68.395 Y26.586 E0.08608
G1 X71.938 Y24.543 E0.06461
G1 X71.942 Y19.01 E0.08741
G1 X72.018 Y18.483 E0.00841
G1 X72.206 Y17.985 E0.00841
G1 X72.47 Y17.571 E0.00776
G1 X72.774 Y17.252 E0.00696
G1 X73.163 Y16.97 E0.00759
G1 X79.073 Y13.559 E0.1078
G1 X79.625 Y13.332 E0.00943
G1 X80.026 Y13.255 E0.00645
G1 X80.557 Y13.257 E0.00839
G1 X81.037 Y13.363 E0.00777
G1 X81.479 Y13.553 E0.0076
G1 X86.226 Y16.291 E0.08658
G1 X90.96 Y13.559 E0.08635
G1 X91.512 Y13.332 E0.00943
G1 X91.913 Y13.255 E0.00645
G1 X92.444 Y13.257 E0.00839
G1 X92.924 Y13.363 E0.00777
G1 X93.366 Y13.553 E0.0076
G1 X98.113 Y16.291 E0.08658
G1 X102.847 Y13.559 E0.08635
G1 X103.399 Y13.332 E0.00943
G1 X103.8 Y13.255 E0.00645
G1 X104.331 Y13.257 E0.00839
G1 X104.811 Y13.363 E0.00777
G1 X105.253 Y13.553 E0.0076
G1 X110 Y16.291 E0.08658
G1 X114.735 Y13.559 E0.08636
G1 X115.287 Y13.332 E0.00943
G1 X115.688 Y13.255 E0.00645
G1 X116.219 Y13.257 E0.00839
G1 X116.699 Y13.363 E0.00777
G1 X117.141 Y13.553 E0.0076
G1 X121.887 Y16.291 E0.08656
G1 X126.622 Y13.559 E0.08636
G1 X127.174 Y13.332 E0.00943
G1 X127.575 Y13.255 E0.00645
G1 X128.106 Y13.257 E0.00839
G1 X128.586 Y13.363 E0.00777
G1 X129.028 Y13.553 E0.0076
G1 X133.774 Y16.291 E0.08656
G1 X138.509 Y13.559 E0.08636
G1 X139.061 Y13.332 E0.00943
G1 X139.462 Y13.255 E0.00645
G1 X139.993 Y13.257 E0.00839
G1 X140.473 Y13.363 E0.00777
G1 X140.943 Y13.568 E0.0081
G1 X146.87 Y16.991 E0.10813
G1 X147.325 Y17.343 E0.00909
G1 X147.641 Y17.722 E0.0078
G1 X147.887 Y18.19 E0.00835
G1 X148.013 Y18.612 E0.00696
G1 X148.06 Y19.026 E0.00658
G1 X148.062 Y24.543 E0.08716
G1 X151.605 Y26.586 E0.06461
G1 X156.34 Y23.853 E0.08637
G1 X156.892 Y23.626 E0.00943
G1 X157.293 Y23.549 E0.00645
G1 X157.824 Y23.551 E0.00839
G1 X158.304 Y23.657 E0.00777
G1 X158.774 Y23.862 E0.0081
G1 X164.686 Y27.276 E0.10786
G1 X165.153 Y27.637 E0.00933
G1 X165.472 Y28.019 E0.00786
G1 X165.685 Y28.409 E0.00702
G1 X165.843 Y28.907 E0.00825
G1 X165.89 Y29.321 E0.00658
G1 X165.892 Y34.837 E0.08714
G1 X169.436 Y36.88 E0.06463
G1 X174.171 Y34.148 E0.08636
G1 X174.723 Y33.921 E0.00943
G1 X175.124 Y33.844 E0.00645
G1 X175.655 Y33.846 E0.00839
G1 X176.135 Y33.952 E0.00777
G1 X176.605 Y34.157 E0.0081
G1 X182.531 Y37.58 E0.10812
G1 X182.986 Y37.932 E0.00909
G1 X183.302 Y38.311 E0.0078
G1 X183.548 Y38.779 E0.00835
G1 X183.674 Y39.201 E0.00696
G1 X183.721 Y39.615 E0.00658
G1 X183.723 Y45.133 E0.08718
G1 X188.509 Y47.898 E0.08732
G1 X188.837 Y48.14 E0.00644
G1 X189.172 Y48.503 E0.0078
G1 X189.443 Y48.96 E0.00839
G1 X189.611 Y49.465 E0.00841
G1 X189.665 Y49.91 E0.00708
G1 X189.667 Y55.427 E0.08716
G1 X194.418 Y58.17 E0.08667
G1 X194.873 Y58.522 E0.00909
G1 X195.189 Y58.901 E0.0078
G1 X195.435 Y59.369 E0.00835
G1 X195.561 Y59.791 E0.00696
G1 X195.608 Y60.205 E0.00658
G1 X195.61 Y65.722 E0.08716
G1 X200.396 Y68.487 E0.08732
G1 X200.724 Y68.729 E0.00644
G1 X201.059 Y69.092 E0.0078
G1 X201.33 Y69.549 E0.00839
G1 X201.498 Y70.054 E0.00841
G1 X201.552 Y70.499 E0.00708
G1 X201.554 Y76.016 E0.08716
G1 X206.306 Y78.759 E0.08668
G1 X206.761 Y79.111 E0.00909
G1 X207.077 Y79.49 E0.0078
G1 X207.323 Y79.958 E0.00835
G1 X207.449 Y80.38 E0.00696
G1 X207.497 Y80.827 E0.0071
G1 X207.494 Y87.749 E0.10936
G1 X207.418 Y88.276 E0.00841
G1 X207.23 Y88.774 E0.00841
G1 X206.966 Y89.188 E0.00776
G1 X206.662 Y89.507 E0.00696
G1 X206.273 Y89.789 E0.00759
G1 X201.554 Y92.511 E0.08607
G1 X201.554 Y96.606 E0.0647
G1 X206.34 Y99.371 E0.08732
G1 X206.668 Y99.613 E0.00644
G1 X207.003 Y99.976 E0.0078
G1 X207.317 Y100.506 E0.00973
G1 X207.497 Y101.189 E0.01116
G1 X207.494 Y108.338 E0.11294
G1 X207.418 Y108.865 E0.00841
G1 X207.23 Y109.363 E0.00841
G1 X206.966 Y109.777 E0.00776
G1 X206.662 Y110.096 E0.00696
G1 X206.273 Y110.378 E0.00759
G1 X201.554 Y113.1 E0.08607
G1 X201.554 Y117.195 E0.0647
G1 X206.34 Y119.96 E0.08732
G1 X206.668 Y120.202 E0.00644
G1 X207.003 Y120.565 E0.0078
G1 X207.317 Y121.095 E0.00973
G1 X207.497 Y121.778 E0.01116
G1 X207.494 Y128.927 E0.11294
G1 X207.418 Y129.454 E0.00841
G1 X207.23 Y129.952 E0.00841
G1 X206.966 Y130.366 E0.00776
G1 X206.662 Y130.685 E0.00696
G1 X206.273 Y130.967 E0.00759
G1 X201.554 Y133.689 E0.08607
G1 X201.55 Y139.222 E0.08741
G1 X201.474 Y139.749 E0.00841
G1 X201.286 Y140.247 E0.00841
G1 X201.022 Y140.661 E0.00776
G1 X200.718 Y140.98 E0.00696
G1 X200.329 Y141.262 E0.00759
G1 X195.61 Y143.984 E0.08607
G1 X195.606 Y149.517 E0.08741
G1 X195.53 Y150.044 E0.00841
G1 X195.342 Y150.542 E0.00841
G1 X195.078 Y150.956 E0.00776
G1 X194.774 Y151.275 E0.00696
G1 X194.385 Y151.557 E0.00759
G1 X189.667 Y154.278 E0.08605
G1 X189.663 Y159.811 E0.08741
G1 X189.587 Y160.338 E0.00841
G1 X189.399 Y160.836 E0.00841
G1 X189.135 Y161.25 E0.00776
G1 X188.831 Y161.569 E0.00696
G1 X188.442 Y161.851 E0.00759
G1 X183.723 Y164.573 E0.08607
G1 X183.719 Y170.106 E0.08741
G1 X183.643 Y170.633 E0.00841
G1 X183.455 Y171.131 E0.00841
G1 X183.191 Y171.545 E0.00776
G1 X182.887 Y171.864 E0.00696
G1 X182.498 Y172.146 E0.00759
G1 X177.78 Y174.867 E0.08605
G1 X177.776 Y180.401 E0.08743
G1 X177.7 Y180.928 E0.00841
G1 X177.512 Y181.426 E0.00841
G1 X177.248 Y181.84 E0.00776
G1 X176.944 Y182.159 E0.00696
G1 X176.555 Y182.441 E0.00759
G1 X170.645 Y185.852 E0.1078
G1 X170.093 Y186.079 E0.00943
G1 X169.692 Y186.156 E0.00645
G1 X169.161 Y186.154 E0.00839
G1 X168.681 Y186.048 E0.00777
G1 X168.239 Y185.858 E0.0076
G1 X163.492 Y183.12 E0.08658
G1 X159.949 Y185.162 E0.06461
G1 X159.945 Y190.695 E0.08741
G1 X159.869 Y191.222 E0.00841
G1 X159.681 Y191.72 E0.00841
G1 X159.417 Y192.134 E0.00776
G1 X159.113 Y192.453 E0.00696
G1 X158.724 Y192.735 E0.00759
G1 X152.814 Y196.147 E0.10781
G1 X152.262 Y196.374 E0.00943
G1 X151.861 Y196.451 E0.00645
G1 X151.33 Y196.449 E0.00839
G1 X150.814 Y196.332 E0.00836
G1 X150.38 Y196.137 E0.00752
G1 X145.663 Y193.413 E0.08606
G1 X142.118 Y195.457 E0.06465
G1 X142.114 Y200.99 E0.08741
G1 X142.038 Y201.517 E0.00841
G1 X141.85 Y202.015 E0.00841
G1 X141.586 Y202.429 E0.00776
G1 X141.282 Y202.748 E0.00696
G1 X140.893 Y203.03 E0.00759
G1 X134.983 Y206.441 E0.1078
G1 X134.431 Y206.668 E0.00943
G1 X134.03 Y206.745 E0.00645
G1 X133.499 Y206.743 E0.00839
G1 X133.019 Y206.637 E0.00777
G1 X132.577 Y206.447 E0.0076
G1 X127.831 Y203.709 E0.08656
G1 X123.096 Y206.441 E0.08636
G1 X122.544 Y206.668 E0.00943
G1 X122.143 Y206.745 E0.00645
G1 X121.612 Y206.743 E0.00839
G1 X121.132 Y206.637 E0.00777
G1 X120.69 Y206.447 E0.0076
G1 X115.944 Y203.709 E0.08656
G1 X111.209 Y206.441 E0.08636
G1 X110.657 Y206.668 E0.00943
G1 X110.256 Y206.745 E0.00645
G1 X109.725 Y206.743 E0.00839
G1 X109.245 Y206.637 E0.00777
G1 X108.803 Y206.447 E0.0076
G1 X104.056 Y203.709 E0.08658
G1 X99.322 Y206.441 E0.08635
G1 X98.77 Y206.668 E0.00943
G1 X98.369 Y206.745 E0.00645
G1 X97.838 Y206.743 E0.00839
G1 X97.358 Y206.637 E0.00777
G1 X96.916 Y206.447 E0.0076
G1 X92.169 Y203.709 E0.08658
G1 X87.435 Y206.441 E0.08635
G1 X86.883 Y206.668 E0.00943
G1 X86.482 Y206.745 E0.00645
G1 X85.951 Y206.743 E0.00839
G1 X85.471 Y206.637 E0.00777
G1 X85.001 Y206.432 E0.0081
G1 X79.074 Y203.009 E0.10813
G1 X78.619 Y202.657 E0.00909
G1 X78.303 Y202.278 E0.0078
G1 X78.057 Y201.81 E0.00835
G1 X77.931 Y201.388 E0.00696
G1 X77.884 Y200.974 E0.00658
G1 X77.882 Y195.457 E0.08716
G1 X74.337 Y193.413 E0.06465
G1 X69.546 Y196.175 E0.08737
G1 X69.173 Y196.337 E0.00642
G1 X68.569 Y196.458 E0.00973
G1 X68.037 Y196.438 E0.00841
G1 X67.498 Y196.294 E0.00881
G1 X67.17 Y196.138 E0.00574
G1 X61.243 Y192.714 E0.10814
G1 X60.788 Y192.362 E0.00909
G1 X60.472 Y191.983 E0.0078
G1 X60.226 Y191.515 E0.00835
G1 X60.1 Y191.093 E0.00696
G1 X60.053 Y190.679 E0.00658
G1 X60.051 Y185.162 E0.08716
G1 X56.508 Y183.12 E0.06461
G1 X51.773 Y185.852 E0.08636
G1 X51.221 Y186.079 E0.00943
G1 X50.82 Y186.156 E0.00645
G1 X50.289 Y186.154 E0.00839
G1 X49.809 Y186.048 E0.00777
G1 X49.339 Y185.843 E0.0081
G1 X43.412 Y182.42 E0.10813
G1 X42.957 Y182.068 E0.00909
G1 X42.641 Y181.689 E0.0078
G1 X42.395 Y181.221 E0.00835
G1 X42.269 Y180.799 E0.00696
G1 X42.222 Y180.385 E0.00658
G1 X42.22 Y174.867 E0.08718
G1 X37.469 Y172.125 E0.08666
G1 X37.014 Y171.773 E0.00909
G1 X36.698 Y171.394 E0.0078
G1 X36.452 Y170.926 E0.00835
G1 X36.326 Y170.504 E0.00696
G1 X36.279 Y170.09 E0.00658
G1 X36.277 Y164.573 E0.08716
G1 X31.525 Y161.83 E0.08668
G1 X31.07 Y161.478 E0.00909
G1 X30.754 Y161.099 E0.0078
G1 X30.508 Y160.631 E0.00835
G1 X30.382 Y160.209 E0.00696
G1 X30.335 Y159.795 E0.00658
G1 X30.333 Y154.278 E0.08716
G1 X25.582 Y151.536 E0.08666
G1 X25.127 Y151.184 E0.00909
G1 X24.811 Y150.805 E0.0078
G1 X24.565 Y150.337 E0.00835
G1 X24.439 Y149.915 E0.00696
G1 X24.392 Y149.501 E0.00658
G1 X24.39 Y143.984 E0.08716
G1 X19.638 Y141.241 E0.08668
G1 X19.183 Y140.889 E0.00909
G1 X18.867 Y140.51 E0.0078
G1 X18.621 Y140.042 E0.00835
G1 X18.495 Y139.62 E0.00696
G1 X18.448 Y139.206 E0.00658
G1 X18.446 Y133.689 E0.08716
G1 X13.694 Y130.946 E0.08668
G1 X13.239 Y130.594 E0.00909
G1 X12.923 Y130.215 E0.0078
G1 X12.677 Y129.747 E0.00835
G1 X12.551 Y129.325 E0.00696
G1 X12.503 Y128.878 E0.0071
G1 X12.506 Y121.956 E0.10936
G1 X12.582 Y121.429 E0.00841
G1 X12.77 Y120.931 E0.00841
G1 X13.034 Y120.517 E0.00776
G1 X13.34 Y120.196 E0.00701
G1 X13.728 Y119.916 E0.00756
G1 X18.446 Y117.195 E0.08605
G1 X18.446 Y113.1 E0.0647
G1 X13.694 Y110.357 E0.08668
G1 X13.239 Y110.005 E0.00909
G1 X12.923 Y109.626 E0.0078
G1 X12.677 Y109.158 E0.00835
G1 X12.551 Y108.736 E0.00696
G1 X12.503 Y108.289 E0.0071
G1 X12.506 Y101.367 E0.10936
G1 X12.582 Y100.84 E0.00841
G1 X12.77 Y100.342 E0.00841
G1 X13.034 Y99.928 E0.00776
G1 X13.34 Y99.607 E0.00701
G1 X13.728 Y99.327 E0.00756
G1 X18.446 Y96.606 E0.08605
G1 X18.446 Y92.511 E0.0647
G1 X13.694 Y89.768 E0.08668
G1 X13.239 Y89.416 E0.00909
G1 X12.923 Y89.037 E0.0078
G1 X12.677 Y88.569 E0.00835
G1 X12.551 Y88.147 E0.00696
G1 X12.503 Y87.7 E0.0071
G1 X12.506 Y80.778 E0.10936
G1 X12.582 Y80.251 E0.00841
G1 X12.77 Y79.753 E0.00841
G1 X13.034 Y79.339 E0.00776
G1 X13.338 Y79.02 E0.00696
G1 X13.727 Y78.738 E0.00759
G1 X18.446 Y76.016 E0.08607
G1 X18.45 Y70.483 E0.08741
G1 X18.526 Y69.956 E0.00841
G1 X18.714 Y69.458 E0.00841
G1 X18.978 Y69.044 E0.00776
G1 X19.284 Y68.723 E0.00701
G1 X19.672 Y68.443 E0.00756
G1 X24.39 Y65.722 E0.08605
G1 X24.394 Y60.189 E0.08741
G1 X24.47 Y59.662 E0.00841
G1 X24.658 Y59.164 E0.00841
G1 X24.922 Y58.75 E0.00776
G1 X25.226 Y58.431 E0.00696
G1 X25.615 Y58.149 E0.00759
G1 X30.333 Y55.427 E0.08605
G1 X30.337 Y49.894 E0.08741
G1 X30.413 Y49.367 E0.00841
G1 X30.601 Y48.869 E0.00841
G1 X30.865 Y48.455 E0.00776
G1 X31.171 Y48.134 E0.00701
G1 X31.559 Y47.854 E0.00756
G1 X36.277 Y45.133 E0.08605
G1 X36.281 Y39.599 E0.08743
G1 X36.357 Y39.072 E0.00841
G1 X36.545 Y38.574 E0.00841
G1 X36.809 Y38.16 E0.00776
G1 X37.113 Y37.841 E0.00696
G0 F18000 X37.704 Y38.32
G1 F2700 X43.775 Y34.815 E0.11075
G1 X44.111 Y34.667 E0.0058
G1 X44.471 Y34.596 E0.0058
G1 X44.838 Y34.603 E0.0058
G1 X45.287 Y34.713 E0.0073
G1 X50.564 Y37.758 E0.09625
G1 X54.868 Y35.275 E0.0785
G1 X54.868 Y29.387 E0.09302
G1 X54.908 Y29.022 E0.0058
G1 X55.026 Y28.674 E0.00581
G1 X55.216 Y28.36 E0.0058
G1 X55.535 Y28.026 E0.0073
G1 X61.606 Y24.52 E0.11076
G1 X61.942 Y24.373 E0.00579
G1 X62.302 Y24.301 E0.0058
G1 X62.669 Y24.308 E0.0058
G1 X63.119 Y24.418 E0.00732
G1 X68.395 Y27.464 E0.09625
G1 X72.698 Y24.981 E0.07849
G1 X72.698 Y19.092 E0.09304
G1 X72.738 Y18.727 E0.0058
G1 X72.856 Y18.379 E0.00581
G1 X73.046 Y18.065 E0.0058
G1 X73.365 Y17.731 E0.0073
G1 X79.437 Y14.226 E0.11076
G1 X79.773 Y14.078 E0.0058
G1 X80.133 Y14.007 E0.0058
G1 X80.5 Y14.014 E0.0058
G1 X80.949 Y14.124 E0.0073
G1 X86.226 Y17.169 E0.09625
G1 X91.324 Y14.226 E0.093
G1 X91.66 Y14.078 E0.0058
G1 X92.02 Y14.007 E0.0058
G1 X92.387 Y14.014 E0.0058
G1 X92.836 Y14.124 E0.0073
G1 X98.113 Y17.169 E0.09625
G1 X103.211 Y14.226 E0.093
G1 X103.547 Y14.078 E0.0058
G1 X103.907 Y14.007 E0.0058
G1 X104.274 Y14.014 E0.0058
G1 X104.723 Y14.124 E0.0073
G1 X110 Y17.169 E0.09625
G1 X115.099 Y14.226 E0.09301
G1 X115.435 Y14.078 E0.0058
G1 X115.795 Y14.007 E0.0058
G1 X116.162 Y14.014 E0.0058
G1 X116.612 Y14.124 E0.00732
G1 X121.887 Y17.169 E0.09623
G1 X126.986 Y14.226 E0.09301
G1 X127.322 Y14.078 E0.0058
G1 X127.682 Y14.007 E0.0058
G1 X128.049 Y14.014 E0.0058
G1 X128.499 Y14.124 E0.00732
G1 X133.774 Y17.169 E0.09623
G1 X138.873 Y14.226 E0.09301
G1 X139.209 Y14.078 E0.0058
G1 X139.569 Y14.007 E0.0058
G1 X139.936 Y14.014 E0.0058
G1 X140.385 Y14.124 E0.0073
G1 X146.457 Y17.628 E0.11076
G1 X146.753 Y17.845 E0.0058
G1 X146.995 Y18.121 E0.0058
G1 X147.172 Y18.443 E0.00581
G1 X147.302 Y18.883 E0.00725
G1 X147.302 Y24.981 E0.09634
G1 X151.605 Y27.464 E0.07849
G1 X156.704 Y24.52 E0.09302
G1 X157.04 Y24.372 E0.0058
G1 X157.4 Y24.301 E0.0058
G1 X157.767 Y24.308 E0.0058
G1 X158.217 Y24.418 E0.00732
G1 X164.287 Y27.923 E0.11074
G1 X164.583 Y28.141 E0.00581
G1 X164.826 Y28.416 E0.0058
G1 X165.002 Y28.738 E0.0058
G1 X165.132 Y29.178 E0.00725
G1 X165.132 Y35.275 E0.09632
G1 X169.436 Y37.758 E0.0785
G1 X174.535 Y34.815 E0.09301
G1 X174.871 Y34.667 E0.0058
G1 X175.231 Y34.596 E0.0058
G1 X175.598 Y34.603 E0.0058
G1 X176.048 Y34.713 E0.00732
G1 X182.118 Y38.217 E0.11073
G1 X182.414 Y38.434 E0.0058
G1 X182.656 Y38.71 E0.0058
G1 X182.833 Y39.032 E0.00581
G1 X182.963 Y39.472 E0.00725
G1 X182.963 Y45.571 E0.09636
G1 X188.061 Y48.512 E0.09298
G1 X188.358 Y48.729 E0.00581
G1 X188.6 Y49.005 E0.0058
G1 X188.777 Y49.326 E0.00579
G1 X188.907 Y49.767 E0.00726
G1 X188.907 Y55.865 E0.09634
G1 X194.005 Y58.807 E0.09299
G1 X194.301 Y59.024 E0.0058
G1 X194.543 Y59.3 E0.0058
G1 X194.72 Y59.622 E0.00581
G1 X194.85 Y60.062 E0.00725
G1 X194.85 Y66.16 E0.09634
G1 X199.948 Y69.101 E0.09298
G1 X200.245 Y69.318 E0.00581
G1 X200.487 Y69.594 E0.0058
G1 X200.664 Y69.915 E0.00579
G1 X200.794 Y70.356 E0.00726
G1 X200.794 Y76.454 E0.09634
G1 X205.893 Y79.396 E0.093
G1 X206.189 Y79.613 E0.0058
G1 X206.431 Y79.889 E0.0058
G1 X206.608 Y80.211 E0.00581
G1 X206.738 Y80.651 E0.00725
G1 X206.738 Y87.667 E0.11084
G1 X206.698 Y88.032 E0.0058
G1 X206.58 Y88.38 E0.00581
G1 X206.39 Y88.694 E0.0058
G1 X206.071 Y89.029 E0.00731
G1 X200.794 Y92.073 E0.09625
G1 X200.794 Y97.044 E0.07853
G1 X205.892 Y99.985 E0.09298
G1 X206.189 Y100.202 E0.00581
G1 X206.431 Y100.478 E0.0058
G1 X206.608 Y100.799 E0.00579
G1 X206.738 Y101.24 E0.00726
G1 X206.738 Y108.256 E0.11084
G1 X206.698 Y108.621 E0.0058
G1 X206.58 Y108.969 E0.00581
G1 X206.39 Y109.283 E0.0058
G1 X206.071 Y109.618 E0.00731
G1 X200.794 Y112.662 E0.09625
G1 X200.794 Y117.633 E0.07853
G1 X205.892 Y120.574 E0.09298
G1 X206.189 Y120.791 E0.00581
G1 X206.431 Y121.067 E0.0058
G1 X206.608 Y121.388 E0.00579
G1 X206.738 Y121.829 E0.00726
G1 X206.738 Y128.845 E0.11084
G1 X206.698 Y129.21 E0.0058
G1 X206.58 Y129.558 E0.00581
G1 X206.39 Y129.872 E0.0058
G1 X206.071 Y130.207 E0.00731
G1 X200.794 Y133.251 E0.09625
G1 X200.794 Y139.14 E0.09304
G1 X200.754 Y139.505 E0.0058
G1 X200.636 Y139.853 E0.00581
G1 X200.446 Y140.167 E0.0058
G1 X200.127 Y140.502 E0.00731
G1 X194.85 Y143.546 E0.09625
G1 X194.85 Y149.435 E0.09304
G1 X194.81 Y149.8 E0.0058
G1 X194.692 Y150.148 E0.00581
G1 X194.502 Y150.462 E0.0058
G1 X194.183 Y150.797 E0.00731
G1 X188.907 Y153.84 E0.09622
G1 X188.907 Y159.729 E0.09304
G1 X188.867 Y160.094 E0.0058
G1 X188.749 Y160.442 E0.00581
G1 X188.559 Y160.756 E0.0058
G1 X188.24 Y161.091 E0.00731
G1 X182.963 Y164.135 E0.09625
G1 X182.963 Y170.024 E0.09304
G1 X182.923 Y170.389 E0.0058
G1 X182.805 Y170.737 E0.00581
G1 X182.615 Y171.051 E0.0058
G1 X182.296 Y171.386 E0.00731
G1 X177.02 Y174.429 E0.09622
G1 X177.02 Y180.319 E0.09305
G1 X176.98 Y180.684 E0.0058
G1 X176.862 Y181.032 E0.00581
G1 X176.672 Y181.346 E0.0058
G1 X176.353 Y181.68 E0.0073
G1 X170.281 Y185.185 E0.11076
G1 X169.945 Y185.333 E0.0058
G1 X169.585 Y185.404 E0.0058
G1 X169.218 Y185.397 E0.0058
G1 X168.769 Y185.287 E0.0073
G1 X163.492 Y182.242 E0.09625
G1 X159.189 Y184.724 E0.07848
G1 X159.189 Y190.613 E0.09304
G1 X159.149 Y190.978 E0.0058
G1 X159.031 Y191.326 E0.00581
G1 X158.841 Y191.64 E0.0058
G1 X158.522 Y191.974 E0.0073
G1 X152.45 Y195.48 E0.11077
G1 X152.114 Y195.628 E0.0058
G1 X151.754 Y195.699 E0.0058
G1 X151.387 Y195.692 E0.0058
G1 X150.94 Y195.583 E0.00727
G1 X145.663 Y192.535 E0.09628
G1 X141.358 Y195.019 E0.07852
G1 X141.358 Y200.908 E0.09304
G1 X141.318 Y201.273 E0.0058
G1 X141.2 Y201.621 E0.00581
G1 X141.01 Y201.935 E0.0058
G1 X140.691 Y202.269 E0.0073
G1 X134.619 Y205.774 E0.11076
G1 X134.283 Y205.922 E0.0058
G1 X133.923 Y205.993 E0.0058
G1 X133.556 Y205.986 E0.0058
G1 X133.106 Y205.876 E0.00732
G1 X127.831 Y202.831 E0.09623
G1 X122.732 Y205.774 E0.09301
G1 X122.396 Y205.922 E0.0058
G1 X122.036 Y205.993 E0.0058
G1 X121.669 Y205.986 E0.0058
G1 X121.219 Y205.876 E0.00732
G1 X115.944 Y202.831 E0.09623
G1 X110.845 Y205.774 E0.09301
G1 X110.509 Y205.922 E0.0058
G1 X110.149 Y205.993 E0.0058
G1 X109.782 Y205.986 E0.0058
G1 X109.333 Y205.876 E0.0073
G1 X104.056 Y202.831 E0.09625
G1 X98.958 Y205.774 E0.093
G1 X98.622 Y205.922 E0.0058
G1 X98.262 Y205.993 E0.0058
G1 X97.895 Y205.986 E0.0058
G1 X97.446 Y205.876 E0.0073
G1 X92.169 Y202.831 E0.09625
G1 X87.071 Y205.774 E0.093
G1 X86.735 Y205.922 E0.0058
G1 X86.375 Y205.993 E0.0058
G1 X86.008 Y205.986 E0.0058
G1 X85.559 Y205.876 E0.0073
G1 X79.487 Y202.372 E0.11076
G1 X79.191 Y202.155 E0.0058
G1 X78.949 Y201.879 E0.0058
G1 X78.772 Y201.557 E0.00581
G1 X78.642 Y201.117 E0.00725
G1 X78.642 Y195.019 E0.09634
G1 X74.337 Y192.535 E0.07852
G1 X69.24 Y195.479 E0.09299
G1 X68.904 Y195.627 E0.0058
G1 X68.544 Y195.699 E0.0058
G1 X68.177 Y195.692 E0.0058
G1 X67.727 Y195.582 E0.00732
G1 X61.656 Y192.077 E0.11075
G1 X61.36 Y191.86 E0.0058
G1 X61.118 Y191.584 E0.0058
G1 X60.941 Y191.262 E0.00581
G1 X60.811 Y190.822 E0.00725
G1 X60.811 Y184.724 E0.09634
G1 X56.508 Y182.242 E0.07848
G1 X51.409 Y185.185 E0.09301
G1 X51.073 Y185.333 E0.0058
G1 X50.713 Y185.404 E0.0058
G1 X50.346 Y185.397 E0.0058
G1 X49.897 Y185.287 E0.0073
G1 X43.825 Y181.783 E0.11076
G1 X43.529 Y181.566 E0.0058
G1 X43.287 Y181.29 E0.0058
G1 X43.11 Y180.968 E0.00581
G1 X42.98 Y180.528 E0.00725
G1 X42.98 Y174.429 E0.09636
G1 X37.882 Y171.488 E0.09298
G1 X37.586 Y171.271 E0.0058
G1 X37.344 Y170.995 E0.0058
G1 X37.167 Y170.673 E0.00581
G1 X37.037 Y170.233 E0.00725
G1 X37.037 Y164.135 E0.09634
G1 X31.938 Y161.193 E0.093
G1 X31.642 Y160.976 E0.0058
G1 X31.4 Y160.7 E0.0058
G1 X31.223 Y160.378 E0.00581
G1 X31.093 Y159.938 E0.00725
G1 X31.093 Y153.84 E0.09634
G1 X25.995 Y150.899 E0.09298
G1 X25.699 Y150.682 E0.0058
G1 X25.457 Y150.406 E0.0058
G1 X25.28 Y150.084 E0.00581
G1 X25.15 Y149.644 E0.00725
G1 X25.15 Y143.546 E0.09634
G1 X20.051 Y140.604 E0.093
G1 X19.755 Y140.387 E0.0058
G1 X19.513 Y140.111 E0.0058
G1 X19.336 Y139.789 E0.00581
G1 X19.206 Y139.349 E0.00725
G1 X19.206 Y133.251 E0.09634
G1 X14.107 Y130.309 E0.093
G1 X13.811 Y130.092 E0.0058
G1 X13.569 Y129.816 E0.0058
G1 X13.392 Y129.494 E0.00581
G1 X13.262 Y129.054 E0.00725
G1 X13.262 Y122.038 E0.11084
G1 X13.302 Y121.673 E0.0058
G1 X13.42 Y121.325 E0.00581
G1 X13.61 Y121.011 E0.0058
G1 X13.928 Y120.678 E0.00727
G1 X19.206 Y117.633 E0.09627
G1 X19.206 Y112.662 E0.07853
G1 X14.107 Y109.72 E0.093
G1 X13.811 Y109.503 E0.0058
G1 X13.569 Y109.227 E0.0058
G1 X13.392 Y108.905 E0.00581
G1 X13.262 Y108.465 E0.00725
G1 X13.262 Y101.449 E0.11084
G1 X13.302 Y101.084 E0.0058
G1 X13.42 Y100.736 E0.00581
G1 X13.61 Y100.422 E0.0058
G1 X13.928 Y100.089 E0.00727
G1 X19.206 Y97.044 E0.09627
G1 X19.206 Y92.073 E0.07853
G1 X14.107 Y89.131 E0.093
G1 X13.811 Y88.914 E0.0058
G1 X13.569 Y88.638 E0.0058
G1 X13.392 Y88.316 E0.00581
G1 X13.262 Y87.876 E0.00725
G1 X13.262 Y80.86 E0.11084
G1 X13.302 Y80.495 E0.0058
G1 X13.42 Y80.147 E0.00581
G1 X13.61 Y79.833 E0.0058
G1 X13.929 Y79.498 E0.00731
G1 X19.206 Y76.454 E0.09625
G1 X19.206 Y70.565 E0.09304
G1 X19.246 Y70.2 E0.0058
G1 X19.364 Y69.852 E0.00581
G1 X19.554 Y69.538 E0.0058
G1 X19.872 Y69.205 E0.00727
G1 X25.15 Y66.16 E0.09627
G1 X25.15 Y60.271 E0.09304
G1 X25.19 Y59.906 E0.0058
G1 X25.308 Y59.558 E0.00581
G1 X25.498 Y59.244 E0.0058
G1 X25.817 Y58.91 E0.0073
G1 X31.093 Y55.865 E0.09624
G1 X31.093 Y49.976 E0.09304
G1 X31.133 Y49.611 E0.0058
G1 X31.251 Y49.263 E0.00581
G1 X31.441 Y48.949 E0.0058
G1 X31.759 Y48.616 E0.00727
G1 X37.037 Y45.571 E0.09627
G1 X37.037 Y39.681 E0.09305
G1 X37.077 Y39.316 E0.0058
G1 X37.195 Y38.968 E0.00581
G1 X37.385 Y38.654 E0.0058
G1 X37.704 Y38.32 E0.0073
G0 F18000 X37.419 Y38.078
G1 F2700 X37.692 Y37.888 E0.00525
G1 X43.622 Y34.467 E0.10816
G1 X44.037 Y34.294 E0.0071
G1 X44.478 Y34.216 E0.00708
G1 X44.928 Y34.234 E0.00712
G1 X45.355 Y34.345 E0.00697
G1 X45.655 Y34.486 E0.00524
G1 X50.564 Y37.319 E0.08954
G1 X54.488 Y35.056 E0.07156
G1 X54.49 Y29.346 E0.09021
G1 X54.548 Y28.9 E0.00711
G1 X54.701 Y28.477 E0.00711
G1 X54.941 Y28.098 E0.00709
G1 X55.25 Y27.784 E0.00696
G1 X55.523 Y27.594 E0.00525
G1 X61.416 Y24.191 E0.10751
G1 X61.867 Y24 E0.00774
G1 X62.309 Y23.921 E0.00709
G1 X62.759 Y23.939 E0.00712
G1 X63.186 Y24.05 E0.00697
G1 X63.486 Y24.191 E0.00524
G1 X68.395 Y27.025 E0.08955
G1 X72.318 Y24.762 E0.07155
G1 X72.32 Y19.051 E0.09023
G1 X72.378 Y18.605 E0.00711
G1 X72.531 Y18.182 E0.00711
G1 X72.771 Y17.803 E0.00709
G1 X73.08 Y17.489 E0.00696
G1 X73.353 Y17.299 E0.00525
G1 X79.284 Y13.878 E0.10817
G1 X79.699 Y13.705 E0.0071
G1 X80.14 Y13.627 E0.00708
G1 X80.59 Y13.645 E0.00712
G1 X81.017 Y13.756 E0.00697
G1 X81.317 Y13.897 E0.00524
G1 X86.226 Y16.73 E0.08954
G1 X91.171 Y13.878 E0.09019
G1 X91.586 Y13.705 E0.0071
G1 X92.027 Y13.627 E0.00708
G1 X92.477 Y13.645 E0.00712
G1 X92.904 Y13.756 E0.00697
G1 X93.204 Y13.897 E0.00524
G1 X98.113 Y16.73 E0.08954
G1 X103.058 Y13.878 E0.09019
G1 X103.473 Y13.705 E0.0071
G1 X103.914 Y13.627 E0.00708
G1 X104.364 Y13.645 E0.00712
G1 X104.791 Y13.756 E0.00697
G1 X105.091 Y13.897 E0.00524
G1 X110 Y16.73 E0.08954
G1 X114.946 Y13.878 E0.0902
G1 X115.361 Y13.705 E0.0071
G1 X115.802 Y13.627 E0.00708
G1 X116.252 Y13.645 E0.00712
G1 X116.679 Y13.756 E0.00697
G1 X116.979 Y13.897 E0.00524
G1 X121.887 Y16.73 E0.08953
G1 X126.833 Y13.878 E0.0902
G1 X127.248 Y13.705 E0.0071
G1 X127.689 Y13.627 E0.00708
G1 X128.139 Y13.645 E0.00712
G1 X128.566 Y13.756 E0.00697
G1 X128.866 Y13.897 E0.00524
G1 X133.774 Y16.73 E0.08953
G1 X138.72 Y13.878 E0.0902
G1 X139.135 Y13.705 E0.0071
G1 X139.576 Y13.627 E0.00708
G1 X140.026 Y13.645 E0.00712
G1 X140.453 Y13.756 E0.00697
G1 X140.753 Y13.897 E0.00524
G1 X146.647 Y17.299 E0.10751
G1 X147.039 Y17.594 E0.00775
G1 X147.281 Y17.87 E0.0058
G1 X147.536 Y18.335 E0.00838
G1 X147.681 Y18.855 E0.00853
G1 X147.682 Y24.762 E0.09332
G1 X151.605 Y27.025 E0.07155
G1 X156.551 Y24.172 E0.09021
G1 X156.966 Y23.999 E0.0071
G1 X157.407 Y23.921 E0.00708
G1 X157.857 Y23.939 E0.00712
G1 X158.284 Y24.05 E0.00697
G1 X158.584 Y24.191 E0.00524
G1 X164.512 Y27.617 E0.10817
G1 X164.868 Y27.889 E0.00708
G1 X165.111 Y28.164 E0.0058
G1 X165.366 Y28.63 E0.00839
G1 X165.511 Y29.15 E0.00853
G1 X165.512 Y35.056 E0.09331
G1 X169.436 Y37.319 E0.07156
G1 X174.382 Y34.467 E0.0902
G1 X174.797 Y34.294 E0.0071
G1 X175.238 Y34.216 E0.00708
G1 X175.688 Y34.234 E0.00712
G1 X176.115 Y34.345 E0.00697
G1 X176.415 Y34.486 E0.00524
G1 X182.308 Y37.888 E0.1075
G1 X182.7 Y38.183 E0.00775
G1 X182.942 Y38.459 E0.0058
G1 X183.197 Y38.924 E0.00838
G1 X183.342 Y39.444 E0.00853
G1 X183.343 Y45.352 E0.09334
G1 X188.285 Y48.205 E0.09015
G1 X188.644 Y48.478 E0.00713
G1 X188.886 Y48.754 E0.0058
G1 X189.11 Y49.143 E0.00709
G1 X189.246 Y49.572 E0.00711
G1 X189.286 Y49.943 E0.0059
G1 X189.287 Y55.646 E0.0901
G1 X194.195 Y58.478 E0.08952
G1 X194.587 Y58.773 E0.00775
G1 X194.829 Y59.049 E0.0058
G1 X195.084 Y59.514 E0.00838
G1 X195.229 Y60.034 E0.00853
G1 X195.23 Y65.941 E0.09332
G1 X200.172 Y68.794 E0.09015
G1 X200.531 Y69.067 E0.00713
G1 X200.773 Y69.343 E0.0058
G1 X200.997 Y69.732 E0.00709
G1 X201.133 Y70.161 E0.00711
G1 X201.173 Y70.532 E0.0059
G1 X201.174 Y76.235 E0.0901
G1 X206.083 Y79.067 E0.08954
G1 X206.475 Y79.362 E0.00775
G1 X206.717 Y79.638 E0.0058
G1 X206.972 Y80.103 E0.00838
G1 X207.117 Y80.623 E0.00853
G1 X207.116 Y87.708 E0.11193
G1 X207.058 Y88.154 E0.00711
G1 X206.905 Y88.577 E0.00711
G1 X206.665 Y88.956 E0.00709
G1 X206.356 Y89.27 E0.00696
G1 X206.083 Y89.46 E0.00525
G1 X201.174 Y92.292 E0.08954
G1 X201.174 Y96.825 E0.07161
G1 X206.116 Y99.678 E0.09015
G1 X206.475 Y99.951 E0.00713
G1 X206.717 Y100.227 E0.0058
G1 X206.941 Y100.616 E0.00709
G1 X207.077 Y101.045 E0.00711
G1 X207.117 Y101.416 E0.0059
G1 X207.116 Y108.297 E0.10871
G1 X207.058 Y108.743 E0.00711
G1 X206.905 Y109.166 E0.00711
G1 X206.665 Y109.545 E0.00709
G1 X206.356 Y109.859 E0.00696
G1 X206.083 Y110.049 E0.00525
G1 X201.174 Y112.881 E0.08954
G1 X201.174 Y117.414 E0.07161
G1 X206.116 Y120.267 E0.09015
G1 X206.475 Y120.54 E0.00713
G1 X206.717 Y120.816 E0.0058
G1 X206.941 Y121.205 E0.00709
G1 X207.077 Y121.634 E0.00711
G1 X207.117 Y122.005 E0.0059
G1 X207.116 Y128.886 E0.10871
G1 X207.058 Y129.332 E0.00711
G1 X206.905 Y129.755 E0.00711
G1 X206.665 Y130.134 E0.00709
G1 X206.356 Y130.448 E0.00696
G1 X206.083 Y130.638 E0.00525
G1 X201.174 Y133.47 E0.08954
G1 X201.172 Y139.181 E0.09023
G1 X201.114 Y139.627 E0.00711
G1 X200.961 Y140.05 E0.00711
G1 X200.721 Y140.429 E0.00709
G1 X200.412 Y140.743 E0.00696
G1 X200.139 Y140.933 E0.00525
G1 X195.23 Y143.765 E0.08954
G1 X195.228 Y149.476 E0.09023
G1 X195.17 Y149.922 E0.00711
G1 X195.017 Y150.345 E0.00711
G1 X194.777 Y150.724 E0.00709
G1 X194.468 Y151.038 E0.00696
G1 X194.195 Y151.228 E0.00525
G1 X189.287 Y154.059 E0.08951
G1 X189.285 Y159.77 E0.09023
G1 X189.227 Y160.216 E0.00711
G1 X189.074 Y160.639 E0.00711
G1 X188.834 Y161.018 E0.00709
G1 X188.525 Y161.332 E0.00696
G1 X188.252 Y161.522 E0.00525
G1 X183.343 Y164.354 E0.08954
G1 X183.341 Y170.065 E0.09023
G1 X183.283 Y170.511 E0.00711
G1 X183.13 Y170.934 E0.00711
G1 X182.89 Y171.313 E0.00709
G1 X182.581 Y171.627 E0.00696
G1 X182.308 Y171.817 E0.00525
G1 X177.4 Y174.648 E0.08951
G1 X177.398 Y180.36 E0.09024
G1 X177.34 Y180.806 E0.00711
G1 X177.187 Y181.229 E0.00711
G1 X176.947 Y181.608 E0.00709
G1 X176.638 Y181.922 E0.00696
G1 X176.365 Y182.112 E0.00525
G1 X170.434 Y185.533 E0.10817
G1 X170.019 Y185.706 E0.0071
G1 X169.578 Y185.784 E0.00708
G1 X169.128 Y185.766 E0.00712
G1 X168.701 Y185.655 E0.00697
G1 X168.401 Y185.514 E0.00524
G1 X163.492 Y182.681 E0.08954
G1 X159.569 Y184.943 E0.07154
G1 X159.567 Y190.654 E0.09023
G1 X159.509 Y191.1 E0.00711
G1 X159.356 Y191.523 E0.00711
G1 X159.116 Y191.902 E0.00709
G1 X158.807 Y192.216 E0.00696
G1 X158.534 Y192.406 E0.00525
G1 X152.603 Y195.828 E0.10818
G1 X152.188 Y196.001 E0.0071
G1 X151.747 Y196.079 E0.00708
G1 X151.297 Y196.061 E0.00712
G1 X150.769 Y195.923 E0.00862
G1 X145.663 Y192.974 E0.09316
G1 X141.738 Y195.238 E0.07159
G1 X141.736 Y200.949 E0.09023
G1 X141.678 Y201.395 E0.00711
G1 X141.525 Y201.818 E0.00711
G1 X141.285 Y202.197 E0.00709
G1 X140.976 Y202.511 E0.00696
G1 X140.703 Y202.701 E0.00525
G1 X134.772 Y206.122 E0.10817
G1 X134.357 Y206.295 E0.0071
G1 X133.916 Y206.373 E0.00708
G1 X133.466 Y206.355 E0.00712
G1 X133.039 Y206.244 E0.00697
G1 X132.739 Y206.103 E0.00524
G1 X127.831 Y203.27 E0.08953
G1 X122.885 Y206.122 E0.0902
G1 X122.47 Y206.295 E0.0071
G1 X122.029 Y206.373 E0.00708
G1 X121.579 Y206.355 E0.00712
G1 X121.152 Y206.244 E0.00697
G1 X120.852 Y206.103 E0.00524
G1 X115.944 Y203.27 E0.08953
G1 X110.998 Y206.122 E0.0902
G1 X110.583 Y206.295 E0.0071
G1 X110.142 Y206.373 E0.00708
G1 X109.692 Y206.355 E0.00712
G1 X109.265 Y206.244 E0.00697
G1 X108.965 Y206.103 E0.00524
G1 X104.056 Y203.27 E0.08954
G1 X99.111 Y206.122 E0.09019
G1 X98.696 Y206.295 E0.0071
G1 X98.336 Y206.366 E0.0058
G1 X97.888 Y206.366 E0.00708
G1 X97.378 Y206.244 E0.00828
G1 X97.078 Y206.103 E0.00524
G1 X92.169 Y203.27 E0.08954
G1 X87.224 Y206.122 E0.09019
G1 X86.809 Y206.295 E0.0071
G1 X86.368 Y206.373 E0.00708
G1 X85.918 Y206.355 E0.00712
G1 X85.491 Y206.244 E0.00697
G1 X85.191 Y206.103 E0.00524
G1 X79.297 Y202.701 E0.10751
G1 X78.905 Y202.406 E0.00775
G1 X78.663 Y202.13 E0.0058
G1 X78.408 Y201.665 E0.00838
G1 X78.263 Y201.145 E0.00853
G1 X78.262 Y195.238 E0.09332
G1 X74.337 Y192.974 E0.07159
G1 X69.393 Y195.827 E0.09018
G1 X68.979 Y196 E0.00709
G1 X68.537 Y196.079 E0.00709
G1 X68.087 Y196.061 E0.00712
G1 X67.66 Y195.95 E0.00697
G1 X67.36 Y195.809 E0.00524
G1 X61.466 Y192.406 E0.10752
G1 X61.074 Y192.111 E0.00775
G1 X60.832 Y191.835 E0.0058
G1 X60.577 Y191.37 E0.00838
G1 X60.432 Y190.85 E0.00853
G1 X60.431 Y184.943 E0.09332
G1 X56.508 Y182.681 E0.07154
G1 X51.562 Y185.533 E0.0902
G1 X51.147 Y185.706 E0.0071
G1 X50.706 Y185.784 E0.00708
G1 X50.256 Y185.766 E0.00712
G1 X49.829 Y185.655 E0.00697
G1 X49.529 Y185.514 E0.00524
G1 X43.635 Y182.112 E0.10751
G1 X43.243 Y181.817 E0.00775
G1 X43.001 Y181.541 E0.0058
G1 X42.746 Y181.076 E0.00838
G1 X42.601 Y180.556 E0.00853
G1 X42.6 Y174.648 E0.09334
G1 X37.692 Y171.817 E0.08951
G1 X37.3 Y171.522 E0.00775
G1 X37.058 Y171.246 E0.0058
G1 X36.803 Y170.781 E0.00838
G1 X36.658 Y170.261 E0.00853
G1 X36.657 Y164.354 E0.09332
G1 X31.748 Y161.522 E0.08954
G1 X31.356 Y161.227 E0.00775
G1 X31.114 Y160.951 E0.0058
G1 X30.859 Y160.486 E0.00838
G1 X30.714 Y159.966 E0.00853
G1 X30.713 Y154.059 E0.09332
G1 X25.805 Y151.228 E0.08951
G1 X25.413 Y150.933 E0.00775
G1 X25.171 Y150.657 E0.0058
G1 X24.916 Y150.192 E0.00838
G1 X24.771 Y149.672 E0.00853
G1 X24.77 Y143.765 E0.09332
G1 X19.861 Y140.933 E0.08954
G1 X19.469 Y140.638 E0.00775
G1 X19.227 Y140.362 E0.0058
G1 X18.972 Y139.897 E0.00838
G1 X18.827 Y139.377 E0.00853
G1 X18.826 Y133.47 E0.09332
G1 X13.917 Y130.638 E0.08954
G1 X13.525 Y130.343 E0.00775
G1 X13.283 Y130.067 E0.0058
G1 X13.028 Y129.602 E0.00838
G1 X12.883 Y129.082 E0.00853
G1 X12.884 Y121.997 E0.11193
G1 X12.942 Y121.551 E0.00711
G1 X13.095 Y121.128 E0.00711
G1 X13.335 Y120.749 E0.00709
G1 X13.645 Y120.435 E0.00697
G1 X13.918 Y120.245 E0.00525
G1 X18.826 Y117.414 E0.08951
G1 X18.826 Y112.881 E0.07161
G1 X13.917 Y110.049 E0.08954
G1 X13.525 Y109.754 E0.00775
G1 X13.283 Y109.478 E0.0058
G1 X13.028 Y109.013 E0.00838
G1 X12.883 Y108.493 E0.00853
G1 X12.884 Y101.408 E0.11193
G1 X12.942 Y100.962 E0.00711
G1 X13.095 Y100.539 E0.00711
G1 X13.335 Y100.16 E0.00709
G1 X13.645 Y99.846 E0.00697
G1 X13.918 Y99.656 E0.00525
G1 X18.826 Y96.825 E0.08951
G1 X18.826 Y92.292 E0.07161
G1 X13.917 Y89.46 E0.08954
G1 X13.525 Y89.165 E0.00775
G1 X13.283 Y88.889 E0.0058
G1 X13.028 Y88.424 E0.00838
G1 X12.883 Y87.904 E0.00853
G1 X12.884 Y80.819 E0.11193
G1 X12.942 Y80.373 E0.00711
G1 X13.095 Y79.95 E0.00711
G1 X13.335 Y79.571 E0.00709
G1 X13.644 Y79.257 E0.00696
G1 X13.917 Y79.067 E0.00525
G1 X18.826 Y76.235 E0.08954
G1 X18.828 Y70.524 E0.09023
G1 X18.886 Y70.078 E0.00711
G1 X19.039 Y69.655 E0.00711
G1 X19.279 Y69.276 E0.00709
G1 X19.589 Y68.962 E0.00697
G1 X19.862 Y68.772 E0.00525
G1 X24.77 Y65.941 E0.08951
G1 X24.772 Y60.23 E0.09023
G1 X24.83 Y59.784 E0.00711
G1 X24.983 Y59.361 E0.00711
G1 X25.223 Y58.982 E0.00709
G1 X25.532 Y58.668 E0.00696
G1 X25.805 Y58.478 E0.00525
G1 X30.713 Y55.646 E0.08952
G1 X30.715 Y49.935 E0.09023
G1 X30.773 Y49.489 E0.00711
G1 X30.926 Y49.066 E0.00711
G1 X31.166 Y48.687 E0.00709
G1 X31.476 Y48.373 E0.00697
G1 X31.749 Y48.183 E0.00525
G1 X36.657 Y45.352 E0.08951
G1 X36.659 Y39.64 E0.09024
G1 X36.717 Y39.194 E0.00711
G1 X36.87 Y38.771 E0.00711
G1 X37.11 Y38.392 E0.00709
G1 X37.419 Y38.078 E0.00696
G1 F1800 E-3.5
;MESH:01_Prime_Insulator.STL
G0 F18000 X29.442 Y37.206
G0 X28.712 Y35.927
G0 X25.224 Y35.938
G0 X25.196 Y35.238
;TYPE:WALL-OUTER
G1 F1800 E3.52079
G1 F2400 X25.641 Y35.218 E0.00584
G1 X25.885 Y35.202 E0.00321
G1 X26.024 Y35.187 E0.00183
G1 X26.027 Y35.19 E0.00006
G1 X26.539 Y35.121 E0.00677
G1 X26.972 Y35.048 E0.00576
G1 X27.397 Y34.954 E0.00571
G1 X27.845 Y34.836 E0.00607
G1 X28.254 Y34.706 E0.00563
G1 X28.478 Y34.628 E0.00311
G1 X28.881 Y34.474 E0.00566
G1 X29.292 Y34.295 E0.00588
G1 X29.51 Y34.191 E0.00317
G1 X29.907 Y33.985 E0.00586
G1 X30.291 Y33.765 E0.0058
G1 X30.509 Y33.629 E0.00337
G1 X30.852 Y33.401 E0.0054
G1 X31.217 Y33.134 E0.00593
G1 X31.559 Y32.861 E0.00574
G1 X31.855 Y32.604 E0.00514
G1 X31.871 Y32.595 E0.00024
G1 X32.07 Y32.407 E0.00359
G1 X32.191 Y32.287 E0.00223
G1 X32.196 Y32.285 E0.00007
G1 X32.533 Y31.936 E0.00636
G1 X32.814 Y31.613 E0.00561
G1 X32.819 Y31.611 E0.00007
G1 X33.108 Y31.256 E0.006
G1 X33.358 Y30.917 E0.00552
G1 X33.369 Y30.896 E0.00031
G1 X33.496 Y30.713 E0.00292
G1 X33.74 Y30.335 E0.0059
G1 X33.965 Y29.948 E0.00587
G1 X34.173 Y29.543 E0.00597
G1 X34.267 Y29.352 E0.00279
G1 X34.458 Y28.917 E0.00623
G1 X34.609 Y28.534 E0.0054
G1 X34.691 Y28.304 E0.0032
G1 X34.826 Y27.887 E0.00575
G1 X34.94 Y27.457 E0.00583
G1 X35.038 Y27.013 E0.00596
G1 X35.132 Y26.477 E0.00714
G1 X35.177 Y26.142 E0.00443
G1 X35.218 Y25.694 E0.0059
G1 X35.234 Y25.248 E0.00585
G1 X35.239 Y25.024 E0.00294
G1 X35.238 Y24.8 E0.00294
G1 X35.218 Y24.351 E0.00589
G1 X35.182 Y23.904 E0.00588
G1 X35.125 Y23.474 E0.00569
G1 X35.048 Y23.024 E0.00599
G1 X34.954 Y22.595 E0.00576
G1 X34.844 Y22.187 E0.00554
G1 X34.706 Y21.743 E0.0061
G1 X34.626 Y21.507 E0.00327
G1 X34.473 Y21.118 E0.00548
G1 X34.295 Y20.704 E0.00591
G1 X34.091 Y20.286 E0.0061
G1 X33.984 Y20.089 E0.00294
G1 X33.765 Y19.709 E0.00575
G1 X33.63 Y19.488 E0.0034
G1 X33.402 Y19.146 E0.00539
G1 X33.134 Y18.779 E0.00596
G1 X32.861 Y18.437 E0.00574
G1 X32.596 Y18.133 E0.00529
G1 X32.597 Y18.13 E0.00004
G1 X32.277 Y17.795 E0.00607
G1 X31.937 Y17.463 E0.00623
G1 X31.614 Y17.182 E0.00561
G1 X31.255 Y16.891 E0.00606
G1 X30.902 Y16.628 E0.00577
G1 X30.896 Y16.627 E0.00008
G1 X30.713 Y16.499 E0.00293
G1 X30.334 Y16.259 E0.00588
G1 X29.941 Y16.028 E0.00598
G1 X29.734 Y15.92 E0.00306
G1 X29.352 Y15.729 E0.0056
G1 X28.929 Y15.542 E0.00606
G1 X28.534 Y15.387 E0.00556
G1 X28.317 Y15.309 E0.00302
G1 X27.884 Y15.174 E0.00595
G1 X27.459 Y15.056 E0.00578
G1 X27.018 Y14.958 E0.00592
G1 X26.477 Y14.864 E0.0072
G1 X26.142 Y14.819 E0.00443
G1 X25.692 Y14.782 E0.00592
G1 X25.249 Y14.762 E0.00581
G1 X25.024 Y14.758 E0.00295
G1 X24.8 Y14.762 E0.00294
G1 X24.357 Y14.778 E0.00581
G1 X23.956 Y14.81 E0.00527
G1 X23.459 Y14.875 E0.00657
G1 X23.024 Y14.948 E0.00578
G1 X22.602 Y15.042 E0.00567
G1 X22.373 Y15.099 E0.00309
G1 X22.156 Y15.161 E0.00296
G1 X21.73 Y15.294 E0.00585
G1 X21.517 Y15.368 E0.00296
G1 X21.119 Y15.522 E0.0056
G1 X20.703 Y15.706 E0.00596
G1 X20.492 Y15.803 E0.00305
G1 X20.092 Y16.011 E0.00591
G1 X19.709 Y16.231 E0.00579
G1 X19.474 Y16.372 E0.00359
G1 X19.455 Y16.386 E0.00031
G1 X19.454 Y16.391 E0.00007
G1 X19.359 Y16.45 E0.00147
G1 X19.157 Y16.586 E0.00319
G1 X18.779 Y16.862 E0.00614
G1 X18.44 Y17.136 E0.00572
G1 X18.149 Y17.388 E0.00505
G1 X18.143 Y17.387 E0.00008
G1 X18.125 Y17.401 E0.0003
G1 X17.75 Y17.76 E0.00681
G1 X17.734 Y17.779 E0.00033
G1 X17.734 Y17.785 E0.00008
G1 X17.459 Y18.067 E0.00516
G1 X17.107 Y18.476 E0.00708
G1 X16.891 Y18.745 E0.00452
G1 X16.628 Y19.094 E0.00573
G1 X16.627 Y19.1 E0.00008
G1 X16.499 Y19.283 E0.00293
G1 X16.26 Y19.657 E0.00582
G1 X16.031 Y20.048 E0.00594
G1 X15.823 Y20.453 E0.00597
G1 X15.728 Y20.649 E0.00286
G1 X15.546 Y21.058 E0.00587
G1 X15.387 Y21.462 E0.00569
G1 X15.308 Y21.684 E0.00309
G1 X15.174 Y22.111 E0.00587
G1 X15.056 Y22.537 E0.0058
G1 X14.958 Y22.974 E0.00587
G1 X14.864 Y23.519 E0.00725
G1 X14.819 Y23.854 E0.00443
G1 X14.782 Y24.304 E0.00592
G1 X14.762 Y24.751 E0.00587
G1 X14.758 Y24.972 E0.0029
G1 X14.762 Y25.2 E0.00299
G1 X14.778 Y25.647 E0.00587
G1 X14.814 Y26.096 E0.00591
G1 X14.871 Y26.526 E0.00569
G1 X14.948 Y26.973 E0.00595
G1 X15.042 Y27.397 E0.00569
G1 X15.099 Y27.623 E0.00306
G1 X15.162 Y27.85 E0.00309
G1 X15.294 Y28.266 E0.00572
G1 X15.376 Y28.499 E0.00324
G1 X15.522 Y28.884 E0.0054
G1 X15.724 Y29.342 E0.00656
G1 X15.8 Y29.501 E0.00231
G1 X16.012 Y29.906 E0.00599
G1 X16.23 Y30.29 E0.00579
G1 X16.388 Y30.545 E0.00393
G1 X16.393 Y30.544 E0.00007
G1 X16.445 Y30.633 E0.00135
G1 X16.587 Y30.84 E0.00329
G1 X16.862 Y31.217 E0.00612
G1 X17.135 Y31.559 E0.00574
G1 X17.392 Y31.855 E0.00514
G1 X17.391 Y31.857 E0.00003
G1 X17.589 Y32.071 E0.00382
G1 X17.761 Y32.247 E0.00323
G1 X17.78 Y32.261 E0.00031
G1 X18.064 Y32.533 E0.00516
G1 X18.25 Y32.7 E0.00328
G1 X18.383 Y32.811 E0.00227
G1 X18.39 Y32.82 E0.00015
G1 X18.744 Y33.108 E0.00598
G1 X19.091 Y33.366 E0.00567
G1 X19.101 Y33.37 E0.00014
G1 X19.289 Y33.498 E0.00298
G1 X19.664 Y33.74 E0.00585
G1 X20.056 Y33.969 E0.00595
G1 X20.453 Y34.173 E0.00585
G1 X20.649 Y34.268 E0.00286
G1 X21.066 Y34.454 E0.00599
G1 X21.462 Y34.609 E0.00558
G1 X21.697 Y34.692 E0.00327
G1 X22.102 Y34.821 E0.00557
G1 X22.551 Y34.94 E0.00609
G1 X22.982 Y35.038 E0.0058
G1 X23.519 Y35.132 E0.00715
G1 X23.854 Y35.177 E0.00443
G1 X24.302 Y35.218 E0.0059
G1 X24.753 Y35.234 E0.00592
G1 X24.972 Y35.238 E0.00287
G1 X25.196 Y35.238 E0.00294
G0 F18000 X24.996 Y35.238
G0 X25 Y35.94
G0 X24.995 Y36.06
G0 X25.008 Y36.758
G1 F2400 X24.492 Y36.746 E0.00677
G1 X24.228 Y36.734 E0.00347
G1 X23.988 Y36.715 E0.00316
G1 X23.716 Y36.685 E0.00359
G1 X23.208 Y36.621 E0.00671
G1 X22.963 Y36.581 E0.00326
G1 X22.722 Y36.537 E0.00321
G1 X22.216 Y36.421 E0.00681
G1 X21.737 Y36.297 E0.00649
G1 X21.426 Y36.2 E0.00427
G1 X20.986 Y36.053 E0.00608
G1 X20.694 Y35.943 E0.00409
G1 X20.27 Y35.765 E0.00603
G1 X20.037 Y35.659 E0.00336
G1 X19.798 Y35.544 E0.00348
G1 X19.339 Y35.309 E0.00676
G1 X19.13 Y35.189 E0.00316
G1 X18.677 Y34.915 E0.00694
G1 X18.474 Y34.782 E0.00318
G1 X18.283 Y34.652 E0.00303
G1 X18.049 Y34.485 E0.00377
G1 X17.644 Y34.174 E0.0067
G1 X17.444 Y34.011 E0.00338
G1 X17.255 Y33.849 E0.00326
G1 X17.062 Y33.676 E0.0034
G1 X16.694 Y33.32 E0.00671
G1 X16.688 Y33.318 E0.00008
G1 X16.325 Y32.944 E0.00683
G1 X15.831 Y32.365 E0.00998
G1 X15.674 Y32.165 E0.00333
G1 X15.518 Y31.957 E0.00341
G1 X15.368 Y31.748 E0.00337
G1 X15.224 Y31.537 E0.00335
G1 X15.103 Y31.352 E0.0029
G1 X14.819 Y30.886 E0.00716
G1 X14.691 Y30.661 E0.00339
G1 X14.574 Y30.436 E0.00333
G1 X14.356 Y29.998 E0.00642
G1 X14.237 Y29.742 E0.0037
G1 X14.137 Y29.511 E0.0033
G1 X13.956 Y29.043 E0.00658
G1 X13.801 Y28.598 E0.00618
G1 X13.71 Y28.298 E0.00411
G1 X13.565 Y27.761 E0.00729
G1 X13.467 Y27.302 E0.00615
G1 X13.418 Y27.051 E0.00335
G1 X13.342 Y26.567 E0.00642
G1 X13.31 Y26.29 E0.00366
G1 X13.286 Y26.029 E0.00344
G1 X13.247 Y25.503 E0.00692
G1 X13.238 Y25.011 E0.00645
G1 X13.25 Y24.5 E0.0067
G1 X13.266 Y24.236 E0.00347
G1 X13.309 Y23.734 E0.00661
G1 X13.376 Y23.215 E0.00686
G1 X13.413 Y22.973 E0.00321
G1 X13.466 Y22.707 E0.00356
G1 X13.574 Y22.212 E0.00664
G1 X13.699 Y21.737 E0.00644
G1 X13.793 Y21.441 E0.00407
G1 X13.952 Y20.971 E0.00651
G1 X14.059 Y20.684 E0.00402
G1 X14.231 Y20.27 E0.00588
G1 X14.337 Y20.037 E0.00336
G1 X14.452 Y19.798 E0.00348
G1 X14.666 Y19.381 E0.00615
G1 X14.943 Y18.906 E0.00721
G1 X15.218 Y18.466 E0.0068
G1 X15.505 Y18.058 E0.00654
G1 X15.814 Y17.653 E0.00668
G1 X16.155 Y17.246 E0.00696
G1 X16.318 Y17.068 E0.00316
G1 X16.643 Y16.724 E0.00621
G1 X16.862 Y16.506 E0.00405
G1 X17.045 Y16.336 E0.00328
G1 X17.428 Y15.999 E0.00669
G1 X17.819 Y15.684 E0.00658
G1 X18.039 Y15.518 E0.00361
G1 X18.248 Y15.368 E0.00337
G1 X18.459 Y15.223 E0.00336
G1 X18.644 Y15.103 E0.00289
G1 X18.891 Y14.949 E0.00382
G1 X19.115 Y14.816 E0.00342
G1 X19.33 Y14.693 E0.00325
G1 X19.529 Y14.586 E0.00296
G1 X19.996 Y14.357 E0.00682
G1 X20.26 Y14.237 E0.0038
G1 X20.488 Y14.138 E0.00326
G1 X20.961 Y13.953 E0.00666
G1 X21.417 Y13.799 E0.00631
G1 X21.695 Y13.711 E0.00382
G1 X21.949 Y13.641 E0.00345
G1 X22.223 Y13.57 E0.00371
G1 X22.409 Y13.527 E0.0025
G1 X22.694 Y13.467 E0.00382
G1 X22.95 Y13.418 E0.00342
G1 X23.432 Y13.342 E0.0064
G1 X23.712 Y13.31 E0.0037
G1 X23.972 Y13.286 E0.00342
G1 X24.497 Y13.247 E0.0069
G1 X24.989 Y13.238 E0.00645
G1 X25.501 Y13.25 E0.00672
G1 X25.764 Y13.266 E0.00346
G1 X26.275 Y13.309 E0.00672
G1 X26.788 Y13.375 E0.00678
G1 X27.026 Y13.414 E0.00316
G1 X27.543 Y13.518 E0.00692
G1 X27.785 Y13.575 E0.00326
G1 X28.259 Y13.699 E0.00642
G1 X28.576 Y13.797 E0.00435
G1 X29.023 Y13.951 E0.0062
G1 X29.473 Y14.124 E0.00632
G1 X29.726 Y14.23 E0.0036
G1 X30.013 Y14.362 E0.00414
G1 X30.202 Y14.453 E0.00275
G1 X30.655 Y14.686 E0.00668
G1 X31.303 Y15.072 E0.00989
G1 X31.526 Y15.22 E0.00351
G1 X31.941 Y15.506 E0.00661
G1 X32.355 Y15.824 E0.00685
G1 X32.551 Y15.985 E0.00333
G1 X32.724 Y16.133 E0.00299
G1 X32.935 Y16.321 E0.00371
G1 X33.288 Y16.659 E0.00641
G1 X33.49 Y16.862 E0.00376
G1 X33.661 Y17.045 E0.00328
G1 X34.001 Y17.432 E0.00675
G1 X34.166 Y17.633 E0.00341
G1 X34.322 Y17.831 E0.00331
G1 X34.478 Y18.039 E0.00341
G1 X34.628 Y18.247 E0.00336
G1 X34.773 Y18.459 E0.00337
G1 X35.049 Y18.892 E0.00673
G1 X35.303 Y19.33 E0.00664
G1 X35.411 Y19.533 E0.00302
G1 X35.641 Y19.992 E0.00673
G1 X35.76 Y20.256 E0.0038
G1 X35.934 Y20.671 E0.0059
G1 X36.045 Y20.965 E0.00412
G1 X36.195 Y21.398 E0.00601
G1 X36.294 Y21.723 E0.00445
G1 X36.298 Y21.725 E0.00006
G1 X36.357 Y21.944 E0.00297
G1 X36.467 Y22.389 E0.00601
G1 X36.579 Y22.945 E0.00744
G1 X36.623 Y23.204 E0.00344
G1 X36.656 Y23.447 E0.00322
G1 X36.654 Y23.45 E0.00005
G1 X36.714 Y23.968 E0.00684
G1 X36.734 Y24.222 E0.00334
G1 X36.749 Y24.497 E0.00361
G1 X36.757 Y25.008 E0.0067
G1 X36.754 Y25.25 E0.00317
G1 X36.734 Y25.772 E0.00685
G1 X36.715 Y26.011 E0.00314
G1 X36.687 Y26.27 E0.00342
G1 X36.625 Y26.771 E0.00662
G1 X36.537 Y27.274 E0.0067
G1 X36.421 Y27.785 E0.00687
G1 X36.299 Y28.249 E0.00629
G1 X36.199 Y28.589 E0.00465
G1 X36.052 Y29.008 E0.00582
G1 X35.873 Y29.472 E0.00652
G1 X35.762 Y29.735 E0.00374
G1 X35.543 Y30.202 E0.00676
G1 X35.328 Y30.619 E0.00615
G1 X35.052 Y31.099 E0.00726
G1 X34.927 Y31.304 E0.00315
G1 X34.783 Y31.522 E0.00343
G1 X34.482 Y31.952 E0.00688
G1 X34.177 Y32.35 E0.00658
G1 X34.01 Y32.553 E0.00345
G1 X33.674 Y32.937 E0.00669
G1 X33.333 Y33.298 E0.00651
G1 X32.95 Y33.661 E0.00692
G1 X32.561 Y34.003 E0.00679
G1 X32.348 Y34.182 E0.00365
G1 X31.957 Y34.478 E0.00643
G1 X31.749 Y34.628 E0.00336
G1 X31.537 Y34.773 E0.00337
G1 X31.114 Y35.045 E0.00659
G1 X30.67 Y35.302 E0.00673
G1 X30.464 Y35.41 E0.00305
G1 X30.004 Y35.641 E0.00675
G1 X29.507 Y35.86 E0.00712
G1 X29.31 Y35.94 E0.00279
G1 X29.026 Y36.047 E0.00398
G1 X28.592 Y36.198 E0.00603
G1 X28.302 Y36.285 E0.00397
G1 X27.757 Y36.432 E0.0074
G1 X27.268 Y36.537 E0.00656
G1 X27.044 Y36.58 E0.00299
G1 X26.799 Y36.622 E0.00326
G1 X26.59 Y36.65 E0.00277
G1 X26.052 Y36.712 E0.0071
G1 X25.769 Y36.734 E0.00372
G1 X25.5 Y36.749 E0.00353
G1 X25.008 Y36.758 E0.00645
G0 F18000 X25.208 Y36.755
G0 X25.196 Y36.056
G0 X28.022 Y35.452
G0 X29.791 Y34.768
G0 X31.077 Y34.009
G0 X33.311 Y32.299
G0 X33.553 Y32.515
;TYPE:SKIN
G1 F2400 X33.399 Y32.69 E0.00349
G1 X33.27 Y32.826 E0.00281
G1 X32.863 Y32.12 E0.0122
G1 X32.804 Y32.188 E0.00135
G1 X32.577 Y32.425 E0.00491
G1 X32.98 Y33.123 E0.01206
G1 X32.696 Y33.392 E0.00585
G1 X32.681 Y33.405 E0.0003
G1 X32.281 Y32.713 E0.01196
G1 X32.11 Y32.877 E0.00355
G1 X32.077 Y32.9 E0.0006
G1 X31.977 Y32.987 E0.00198
G1 X32.374 Y33.674 E0.01188
G1 X32.32 Y33.722 E0.00108
G1 X32.138 Y33.875 E0.00356
G1 X32.063 Y33.934 E0.00143
G1 X31.667 Y33.248 E0.01186
G1 X31.439 Y33.429 E0.00436
G1 X31.348 Y33.496 E0.00169
G1 X31.742 Y34.178 E0.01179
G1 X31.738 Y34.18 E0.00007
G1 X31.537 Y34.325 E0.00371
G1 X31.414 Y34.41 E0.00224
G1 X31.022 Y33.732 E0.01172
G1 X30.704 Y33.947 E0.00575
G1 X30.689 Y33.955 E0.00025
G1 X31.078 Y34.629 E0.01165
G1 X30.923 Y34.729 E0.00276
G1 X30.736 Y34.836 E0.00322
G1 X30.346 Y34.161 E0.01167
G1 X30.081 Y34.312 E0.00456
G1 X29.997 Y34.356 E0.00142
G1 X30.387 Y35.032 E0.01168
G1 X30.294 Y35.081 E0.00157
G1 X30.03 Y35.214 E0.00442
G1 X29.641 Y34.539 E0.01166
G1 X29.444 Y34.632 E0.00326
G1 X29.275 Y34.705 E0.00276
G1 X29.667 Y35.385 E0.01175
G1 X29.363 Y35.519 E0.00497
G1 X29.298 Y35.545 E0.00105
G1 X28.903 Y34.861 E0.01182
G1 X28.602 Y34.976 E0.00482
G1 X28.523 Y35.004 E0.00125
G1 X28.92 Y35.692 E0.01189
G1 X28.902 Y35.699 E0.00029
G1 X28.535 Y35.825 E0.00581
G1 X28.136 Y35.133 E0.01196
G1 X27.945 Y35.192 E0.00299
G1 X27.74 Y35.246 E0.00317
G1 X28.143 Y35.944 E0.01206
G1 X27.743 Y36.052 E0.0062
G1 X27.335 Y35.345 E0.01222
G1 X27.037 Y35.411 E0.00457
G1 X26.922 Y35.431 E0.00175
G1 X27.334 Y36.144 E0.01233
G1 X27.227 Y36.168 E0.00164
G1 X26.978 Y36.216 E0.0038
G1 X26.919 Y36.226 E0.0009
G1 X26.5 Y35.5 E0.01255
G1 X26.072 Y35.558 E0.00646
G1 X26.493 Y36.288 E0.01261
G1 X26.061 Y36.338 E0.00651
G1 X25.629 Y35.59 E0.01293
G1 X25.199 Y35.608 E0.00644
G1 X25.178 Y35.609 E0.00031
G1 X25.618 Y36.372 E0.01318
G1 X25.48 Y36.379 E0.00207
G1 X25.164 Y36.385 E0.00473
G1 X24.713 Y35.604 E0.0135
G1 X24.274 Y35.587 E0.00658
G1 X24.24 Y35.585 E0.00051
G1 X24.699 Y36.38 E0.01374
G1 X24.507 Y36.376 E0.00287
G1 X24.227 Y36.362 E0.0042
G1 X23.75 Y35.536 E0.01428
G1 X23.459 Y35.497 E0.00439
G1 X23.244 Y35.46 E0.00327
G1 X23.738 Y36.315 E0.01478
G1 X23.259 Y36.255 E0.00723
G1 X23.239 Y36.251 E0.00031
G1 X22.724 Y35.359 E0.01542
G1 X22.461 Y35.299 E0.00404
G1 X22.186 Y35.228 E0.00425
G1 X22.723 Y36.158 E0.01607
G1 X22.306 Y36.061 E0.00641
G1 X22.188 Y36.03 E0.00183
G1 X21.627 Y35.059 E0.01678
G1 X21.577 Y35.042 E0.00079
G1 X21.33 Y34.955 E0.00392
G1 X21.04 Y34.842 E0.00466
G1 X21.638 Y35.878 E0.0179
G1 X21.54 Y35.848 E0.00153
G1 X21.103 Y35.702 E0.0069
G1 X21.066 Y35.687 E0.0006
G1 X20.419 Y34.567 E0.01936
G1 X20.286 Y34.502 E0.00222
G1 X19.874 Y34.29 E0.00693
G1 X19.759 Y34.224 E0.00198
G1 X20.463 Y35.443 E0.02107
G1 X20.191 Y35.322 E0.00446
G1 X19.96 Y35.212 E0.00383
G1 X19.829 Y35.144 E0.00221
G1 X19.038 Y33.775 E0.02366
G1 X18.861 Y33.657 E0.00318
G1 X18.514 Y33.399 E0.00647
G1 X18.22 Y33.157 E0.0057
G1 X19.15 Y34.769 E0.02785
G1 X18.879 Y34.603 E0.00476
G1 X18.675 Y34.472 E0.00363
G1 X18.465 Y34.329 E0.0038
G1 X18.411 Y34.289 E0.00101
G1 X17.208 Y32.206 E0.036
G1 X17.117 Y32.107 E0.00201
G1 X17.092 Y32.075 E0.00061
G1 X16.848 Y31.794 E0.00557
G1 X16.566 Y31.438 E0.0068
G1 X16.282 Y31.052 E0.00717
G1 X16.059 Y30.718 E0.00601
G1 X15.91 Y30.476 E0.00425
G1 X15.686 Y30.082 E0.00678
G1 X15.466 Y29.661 E0.00711
G1 X15.285 Y29.269 E0.00646
G1 X15.178 Y29.019 E0.00407
G1 X15.028 Y28.624 E0.00632
G1 X14.942 Y28.38 E0.00387
G1 X14.872 Y28.159 E0.00347
G1 X14.808 Y27.959 E0.00314
G1 X14.67 Y27.466 E0.00766
G1 X14.678 Y27.466 E0.00012
G1 X14.588 Y27.058 E0.00625
G1 X14.542 Y26.787 E0.00411
G1 X13.611 Y25.174 E0.02787
G1 X13.608 Y25.013 E0.00241
G1 X13.62 Y24.519 E0.0074
G1 X13.628 Y24.404 E0.00173
G1 X14.416 Y25.769 E0.02359
G1 X14.408 Y25.678 E0.00137
G1 X14.392 Y25.208 E0.00704
G1 X14.388 Y24.968 E0.00359
G1 X14.389 Y24.922 E0.00069
G1 X13.685 Y23.704 E0.02106
G1 X13.742 Y23.268 E0.00658
G1 X13.774 Y23.057 E0.00319
G1 X14.421 Y24.179 E0.01939
G1 X14.449 Y23.831 E0.00523
G1 X14.494 Y23.504 E0.00494
G1 X13.896 Y22.468 E0.0179
G1 X13.933 Y22.303 E0.00253
G1 X14.036 Y21.911 E0.00607
G1 X14.599 Y22.887 E0.01686
G1 X14.698 Y22.443 E0.00681
G1 X14.733 Y22.318 E0.00194
G1 X14.199 Y21.394 E0.01597
G1 X14.301 Y21.097 E0.0047
G1 X14.375 Y20.898 E0.00318
G1 X14.889 Y21.788 E0.01538
G1 X14.959 Y21.565 E0.0035
G1 X15.042 Y21.329 E0.00374
G1 X15.059 Y21.284 E0.00072
G1 X14.567 Y20.431 E0.01474
G1 X14.674 Y20.191 E0.00393
G1 X14.772 Y19.986 E0.0034
G1 X15.25 Y20.814 E0.01431
G1 X15.395 Y20.492 E0.00529
G1 X15.454 Y20.368 E0.00206
G1 X14.989 Y19.561 E0.01394
G1 X14.99 Y19.559 E0.00003
G1 X15.221 Y19.164 E0.00685
G1 X15.67 Y19.942 E0.01344
G1 X15.709 Y19.866 E0.00128
G1 X15.901 Y19.541 E0.00565
G1 X15.46 Y18.777 E0.0132
G1 X15.523 Y18.675 E0.00179
G1 X15.71 Y18.41 E0.00485
G1 X16.142 Y19.158 E0.01293
G1 X16.193 Y19.076 E0.00145
G1 X16.341 Y18.857 E0.00396
G1 X16.391 Y18.791 E0.00124
G1 X15.969 Y18.06 E0.01263
G1 X16.108 Y17.88 E0.0034
G1 X16.237 Y17.724 E0.00303
G1 X16.655 Y18.448 E0.01251
G1 X16.825 Y18.237 E0.00406
G1 X16.927 Y18.119 E0.00233
G1 X16.514 Y17.403 E0.01237
G1 X16.589 Y17.321 E0.00166
G1 X16.799 Y17.097 E0.0046
G1 X17.204 Y17.798 E0.01212
G1 X17.417 Y17.579 E0.00457
G1 X17.486 Y17.5 E0.00157
G1 X17.491 Y17.495 E0.00011
G1 X17.09 Y16.801 E0.012
G1 X17.116 Y16.776 E0.00054
G1 X17.391 Y16.523 E0.00559
G1 X17.789 Y17.211 E0.0119
G1 X17.881 Y17.123 E0.00191
G1 X17.951 Y17.07 E0.00131
G1 X18.097 Y16.945 E0.00288
G1 X17.699 Y16.256 E0.01191
G1 X18.014 Y16.001 E0.00607
G1 X18.409 Y16.686 E0.01183
G1 X18.557 Y16.566 E0.00285
G1 X18.73 Y16.441 E0.00319
G1 X18.336 Y15.759 E0.01179
G1 X18.459 Y15.671 E0.00226
G1 X18.662 Y15.532 E0.00368
G1 X18.665 Y15.529 E0.00006
G1 X19.058 Y16.21 E0.01177
G1 X19.182 Y16.126 E0.00224
G1 X19.278 Y16.058 E0.00176
G1 X19.393 Y15.99 E0.002
G1 X19.003 Y15.314 E0.01168
G1 X19.081 Y15.266 E0.00137
G1 X19.3 Y15.136 E0.00381
G1 X19.347 Y15.11 E0.0008
G1 X19.738 Y15.787 E0.0117
G1 X19.917 Y15.684 E0.00309
G1 X20.088 Y15.594 E0.00289
G1 X19.697 Y14.916 E0.01171
G1 X20.057 Y14.74 E0.006
G1 X20.447 Y15.415 E0.01167
G1 X20.552 Y15.368 E0.00172
G1 X20.815 Y15.252 E0.0043
G1 X20.422 Y14.571 E0.01177
G1 X20.628 Y14.48 E0.00337
G1 X20.794 Y14.416 E0.00266
G1 X21.188 Y15.098 E0.01179
G1 X21.393 Y15.019 E0.00329
G1 X21.569 Y14.959 E0.00278
G1 X21.172 Y14.272 E0.01188
G1 X21.53 Y14.151 E0.00566
G1 X21.559 Y14.142 E0.00045
G1 X21.959 Y14.834 E0.01196
G1 X22.052 Y14.805 E0.00146
G1 X22.354 Y14.719 E0.0047
G1 X21.953 Y14.024 E0.01201
G1 X22.043 Y13.999 E0.0014
G1 X22.312 Y13.93 E0.00416
G1 X22.355 Y13.92 E0.00066
G1 X22.763 Y14.627 E0.01222
G1 X22.959 Y14.584 E0.003
G1 X23.179 Y14.547 E0.00334
G1 X22.765 Y13.829 E0.0124
G1 X22.769 Y13.828 E0.00006
G1 X23.011 Y13.783 E0.00368
G1 X23.184 Y13.756 E0.00262
G1 X23.604 Y14.483 E0.01257
G1 X23.922 Y14.442 E0.0048
G1 X24.036 Y14.432 E0.00171
G1 X23.611 Y13.695 E0.01273
G1 X23.755 Y13.678 E0.00217
G1 X24.006 Y13.654 E0.00377
G1 X24.047 Y13.651 E0.00062
G1 X24.481 Y14.403 E0.013
G1 X24.791 Y14.392 E0.00464
G1 X24.935 Y14.389 E0.00216
G1 X24.491 Y13.619 E0.0133
G1 X24.513 Y13.617 E0.00033
G1 X24.947 Y13.609 E0.0065
G1 X25.402 Y14.398 E0.01363
G1 X25.718 Y14.413 E0.00473
G1 X25.881 Y14.426 E0.00245
G1 X25.414 Y13.618 E0.01397
G1 X25.483 Y13.62 E0.00103
G1 X25.742 Y13.636 E0.00388
G1 X25.893 Y13.649 E0.00227
G1 X26.371 Y14.477 E0.01431
G1 X26.536 Y14.5 E0.00249
G1 X26.881 Y14.559 E0.00524
G1 X26.382 Y13.696 E0.01492
G1 X26.737 Y13.74 E0.00535
G1 X26.884 Y13.765 E0.00223
G1 X27.404 Y14.666 E0.01557
G1 X27.554 Y14.699 E0.0023
G1 X27.948 Y14.807 E0.00611
G1 X27.406 Y13.869 E0.01621
G1 X27.453 Y13.878 E0.00072
G1 X27.7 Y13.935 E0.00379
G1 X27.943 Y13.999 E0.00376
G1 X28.513 Y14.986 E0.01706
G1 X28.666 Y15.042 E0.00244
G1 X29.075 Y15.201 E0.00657
G1 X29.107 Y15.215 E0.00052
G1 X28.5 Y14.164 E0.01817
G1 X28.886 Y14.296 E0.00611
G1 X29.082 Y14.371 E0.00314
G1 X29.738 Y15.509 E0.01966
G1 X29.903 Y15.591 E0.00276
G1 X30.125 Y15.707 E0.00375
G1 X30.412 Y15.876 E0.00498
G1 X29.687 Y14.62 E0.02171
G1 X29.852 Y14.695 E0.00271
G1 X30.037 Y14.784 E0.00307
G1 X30.331 Y14.935 E0.00495
G1 X31.149 Y16.351 E0.02448
G1 X31.483 Y16.6 E0.00624
G1 X31.84 Y16.885 E0.00684
G1 X32 Y17.026 E0.00319
G1 X31.026 Y15.338 E0.02917
G1 X31.105 Y15.385 E0.00138
G1 X31.317 Y15.526 E0.00381
G1 X31.73 Y15.811 E0.00751
G1 X31.786 Y15.854 E0.00106
G1 X33.128 Y18.179 E0.04018
G1 X33.148 Y18.203 E0.00047
G1 X33.429 Y18.557 E0.00676
G1 X33.698 Y18.923 E0.0068
G1 X33.949 Y19.3 E0.00678
G1 X34.085 Y19.522 E0.0039
G1 X34.308 Y19.911 E0.00671
G1 X34.421 Y20.119 E0.00354
G1 X34.633 Y20.554 E0.00724
G1 X34.816 Y20.979 E0.00693
G1 X34.969 Y21.368 E0.00626
G1 X34.972 Y21.375 E0.00011
G1 X35.058 Y21.629 E0.00401
G1 X35.192 Y22.057 E0.00671
G1 X35.384 Y22.758 E0.01088
G1 X35.368 Y22.758 E0.00024
G1 X35.402 Y22.918 E0.00245
G1 X36.381 Y24.614 E0.02931
G1 X36.388 Y25.003 E0.00582
G1 X36.384 Y25.239 E0.00353
G1 X36.378 Y25.408 E0.00253
G1 X35.561 Y23.994 E0.02444
G1 X35.588 Y24.317 E0.00485
G1 X35.608 Y24.794 E0.00715
G1 X35.608 Y24.875 E0.00121
G1 X36.33 Y26.125 E0.02161
G1 X36.256 Y26.738 E0.00924
G1 X36.248 Y26.784 E0.0007
G1 X35.59 Y25.644 E0.0197
G1 X35.587 Y25.721 E0.00115
G1 X35.545 Y26.187 E0.007
G1 X35.525 Y26.33 E0.00216
G1 X36.133 Y27.384 E0.01821
G1 X36.061 Y27.701 E0.00487
G1 X35.996 Y27.947 E0.00381
G1 X35.424 Y26.956 E0.01713
G1 X35.4 Y27.089 E0.00202
G1 X35.299 Y27.54 E0.00692
G1 X35.844 Y28.484 E0.01631
G1 X35.705 Y28.881 E0.0063
G1 X35.668 Y28.978 E0.00155
G1 X35.151 Y28.083 E0.01547
G1 X35.045 Y28.414 E0.0052
G1 X34.981 Y28.59 E0.0028
G1 X35.48 Y29.453 E0.01492
G1 X35.424 Y29.581 E0.00209
G1 X35.276 Y29.901 E0.00528
G1 X34.795 Y29.068 E0.0144
G1 X34.601 Y29.51 E0.00722
G1 X34.595 Y29.52 E0.00017
G1 X35.062 Y30.328 E0.01397
G1 X34.999 Y30.448 E0.00203
G1 X34.834 Y30.735 E0.00495
G1 X34.38 Y29.948 E0.0136
G1 X34.288 Y30.128 E0.00303
G1 X34.155 Y30.359 E0.00399
G1 X34.6 Y31.129 E0.01331
G1 X34.478 Y31.312 E0.00329
G1 X34.35 Y31.496 E0.00335
G1 X33.916 Y30.745 E0.01298
G1 X33.803 Y30.919 E0.00311
G1 X33.669 Y31.117 E0.00358
G1 X34.093 Y31.851 E0.01269
G1 X33.888 Y32.118 E0.00504
G1 X33.828 Y32.192 E0.00143
G1 X33.411 Y31.469 E0.01249
G1 X33.399 Y31.486 E0.00031
G1 X33.14 Y31.8 E0.00609
G1 X33.553 Y32.515 E0.01236
G0 F18000 X33.311 Y32.299
G0 X34.853 Y29.613
G0 X35.439 Y28.066
G0 X35.751 Y26.677
G0 X35.88 Y25.024
G0 X35.756 Y23.366
G0 X35.277 Y21.25
G0 X34.969 Y21.368
G1 F2400 X36.309 Y23.689 E0.04011
G1 X36.257 Y23.259 E0.00648
G1 X36.216 Y23.01 E0.00378
G1 X36.126 Y22.572 E0.00669
G1 X32.664 Y16.576 E0.10363
G1 X33.028 Y16.923 E0.00753
G1 X33.222 Y17.118 E0.00412
G1 X33.391 Y17.298 E0.0037
G1 X33.718 Y17.671 E0.00742
G1 X34.028 Y18.056 E0.0074
G1 X34.18 Y18.258 E0.00378
G1 X34.325 Y18.459 E0.00371
G1 X34.464 Y18.663 E0.00369
G1 X34.736 Y19.089 E0.00756
G1 X34.978 Y19.508 E0.00724
G1 X35.082 Y19.703 E0.00331
G1 X35.306 Y20.15 E0.00748
G1 X35.524 Y20.644 E0.00808
G1 X35.63 Y20.913 E0.00433
G1 X33.854 Y17.837 E0.05316
G0 F18000 X33.599 Y18.045
G0 X31.244 Y16.091
G0 X29.832 Y15.253
G0 X28.297 Y14.632
G0 X26.677 Y14.249
G0 X25.025 Y14.12
G0 X23.366 Y14.244
G0 X21.753 Y14.617
G0 X20.209 Y15.232
G0 X18.78 Y16.075
G0 X17.494 Y17.125
G0 X16.38 Y18.362
G0 X15.472 Y19.747
G0 X14.784 Y21.26
G0 X14.334 Y22.855
G0 X14.145 Y24.268
G0 X14.162 Y25.947
G0 X14.56 Y28.265
G0 X14.872 Y28.159
G1 F2400 X13.659 Y26.059 E0.0363
G1 X13.677 Y26.248 E0.00284
G1 X13.712 Y26.538 E0.00437
G1 X13.782 Y26.988 E0.00682
G1 X13.805 Y27.112 E0.00189
G1 X17.57 Y33.633 E0.1127
G1 X17.31 Y33.401 E0.00522
G1 X16.944 Y33.048 E0.00761
G1 X16.593 Y32.69 E0.0075
G1 X16.114 Y32.126 E0.01107
G1 X15.965 Y31.937 E0.0036
G1 X15.814 Y31.735 E0.00377
G1 X15.672 Y31.538 E0.00363
G1 X15.392 Y31.118 E0.00756
G1 X15.135 Y30.694 E0.00742
G1 X15.014 Y30.479 E0.00369
G1 X14.901 Y30.264 E0.00364
G1 X14.688 Y29.834 E0.00718
G1 X14.575 Y29.591 E0.00401
G1 X14.48 Y29.372 E0.00357
G1 X14.302 Y28.91 E0.00741
G1 X14.18 Y28.561 E0.00553
G1 X16.503 Y32.584 E0.06953
G1 F1800 E-3.5
;MESH:Lower_Dielectric-C.STL
G0 F18000 X16.75 Y32.365
G0 X18.584 Y34.593
G0 X18.021 Y35.956
G0 X31.248 Y56.526
G0 X31.974 Y57.781
G0 X104.511 Y200.114
G0 X104.161 Y200.719
;TYPE:WALL-OUTER
G1 F1800 E3.52079
G1 F2400 X104.114 Y200.705 E0.00064
G1 X104.032 Y200.702 E0.00108
G1 X98.112 Y204.088 E0.08943
G1 X92.266 Y200.716 E0.0885
G1 X92.124 Y200.702 E0.00187
G1 X92.098 Y200.707 E0.00035
G1 X92.062 Y200.72 E0.0005
G1 X86.225 Y204.088 E0.08837
G1 X80.522 Y200.794 E0.08636
G1 X80.522 Y194.056 E0.08835
G1 X80.518 Y194.03 E0.00034
G1 X80.503 Y193.987 E0.0006
G1 X80.453 Y193.908 E0.00123
G1 X80.426 Y193.881 E0.0005
G1 X74.447 Y190.427 E0.09054
G1 X74.312 Y190.406 E0.00179
G1 X74.28 Y190.408 E0.00042
G1 X74.229 Y190.424 E0.0007
G1 X68.392 Y193.796 E0.08839
G1 X62.69 Y190.502 E0.08635
G1 X62.689 Y183.748 E0.08856
G1 X62.676 Y183.702 E0.00063
G1 X62.643 Y183.641 E0.00091
G1 X62.602 Y183.588 E0.00088
G1 X56.621 Y180.136 E0.09055
G1 X56.484 Y180.114 E0.00182
G1 X56.434 Y180.12 E0.00066
G1 X56.401 Y180.132 E0.00046
G1 X50.565 Y183.5 E0.08836
G1 X44.858 Y180.206 E0.08641
G1 X44.858 Y173.469 E0.08834
G1 X44.844 Y173.41 E0.0008
G1 X44.807 Y173.34 E0.00104
G1 X44.753 Y173.283 E0.00103
G1 X38.914 Y169.914 E0.0884
G1 X38.914 Y163.176 E0.08835
G1 X38.904 Y163.124 E0.00069
G1 X38.855 Y163.032 E0.00137
G1 X38.813 Y162.99 E0.00078
G1 X32.97 Y159.618 E0.08846
G1 X32.97 Y152.885 E0.08829
G1 X32.959 Y152.825 E0.0008
G1 X32.923 Y152.755 E0.00103
G1 X32.869 Y152.694 E0.00107
G1 X27.03 Y149.322 E0.08842
G1 X27.03 Y142.593 E0.08824
G1 X27.019 Y142.533 E0.0008
G1 X26.973 Y142.453 E0.00121
G1 X26.921 Y142.399 E0.00098
G1 X21.086 Y139.026 E0.08838
G1 X21.084 Y132.27 E0.08859
G1 X21.029 Y132.157 E0.00165
G1 X21.008 Y132.13 E0.00045
G1 X20.978 Y132.104 E0.00052
G1 X15.142 Y128.734 E0.08837
G1 X15.142 Y122.146 E0.08639
G1 X20.978 Y118.776 E0.08837
G1 X21.008 Y118.75 E0.00052
G1 X21.057 Y118.679 E0.00113
G1 X21.072 Y118.65 E0.00043
G1 X21.085 Y111.688 E0.09129
G1 X21.029 Y111.569 E0.00172
G1 X21.008 Y111.542 E0.00045
G1 X20.978 Y111.516 E0.00052
G1 X15.142 Y108.142 E0.0884
G1 X15.142 Y101.558 E0.08633
G1 X20.964 Y98.197 E0.08815
G1 X20.99 Y98.179 E0.00041
G1 X21.008 Y98.162 E0.00032
G1 X21.057 Y98.091 E0.00113
G1 X21.072 Y98.062 E0.00043
G1 X21.084 Y98.016 E0.00062
G1 X21.086 Y91.128 E0.09032
G1 X21.08 Y91.077 E0.00067
G1 X21.029 Y90.981 E0.00143
G1 X21.008 Y90.954 E0.00045
G1 X20.978 Y90.928 E0.00052
G1 X15.142 Y87.554 E0.0884
G1 X15.142 Y80.97 E0.08633
G1 X20.964 Y77.605 E0.08818
G1 X20.99 Y77.587 E0.00041
G1 X21.008 Y77.57 E0.00032
G1 X21.057 Y77.499 E0.00113
G1 X21.072 Y77.47 E0.00043
G1 X21.086 Y70.674 E0.08911
G1 X26.908 Y67.313 E0.08815
G1 X26.95 Y67.28 E0.0007
G1 X27.001 Y67.207 E0.00117
G1 X27.018 Y67.171 E0.00052
G1 X27.03 Y60.382 E0.08902
G1 X32.869 Y57.006 E0.08844
G1 X32.901 Y56.975 E0.00058
G1 X32.947 Y56.899 E0.00116
G1 X32.97 Y50.086 E0.08934
G1 X38.809 Y46.717 E0.0884
G1 X38.863 Y46.66 E0.00103
G1 X38.891 Y46.607 E0.00079
G1 X38.908 Y46.566 E0.00058
G1 X38.914 Y46.531 E0.00047
G1 X38.914 Y39.79 E0.08839
G1 X44.619 Y36.496 E0.08638
G1 X50.444 Y39.861 E0.08821
G1 X50.469 Y39.873 E0.00036
G1 X50.508 Y39.884 E0.00053
G1 X50.606 Y39.886 E0.00129
G1 X50.677 Y39.865 E0.00097
G1 X56.632 Y36.427 E0.09017
G1 X56.675 Y36.391 E0.00074
G1 X56.729 Y36.301 E0.00138
G1 X56.745 Y36.248 E0.00073
G1 X56.746 Y29.498 E0.08851
G1 X62.449 Y26.2 E0.08639
G1 X68.297 Y29.577 E0.08855
G1 X68.336 Y29.588 E0.00053
G1 X68.416 Y29.59 E0.00105
G1 X68.483 Y29.579 E0.00089
G1 X74.458 Y26.132 E0.09045
G1 X74.507 Y26.09 E0.00085
G1 X74.549 Y26.027 E0.00099
G1 X74.568 Y25.987 E0.00058
G1 X74.578 Y25.94 E0.00063
G1 X74.578 Y19.202 E0.08835
G1 X80.281 Y15.908 E0.08636
G1 X86.118 Y19.276 E0.08837
G1 X86.143 Y19.286 E0.00035
G1 X86.18 Y19.294 E0.0005
G1 X86.275 Y19.293 E0.00125
G1 X92.168 Y15.908 E0.08911
G1 X98.014 Y19.28 E0.0885
G1 X98.164 Y19.293 E0.00197
G1 X98.217 Y19.277 E0.00073
G1 X104.056 Y15.908 E0.0884
G1 X109.895 Y19.277 E0.0884
G1 X109.942 Y19.291 E0.00064
G1 X110.052 Y19.293 E0.00144
G1 X110.105 Y19.277 E0.00073
G1 X115.943 Y15.908 E0.08839
G1 X121.779 Y19.277 E0.08836
G1 X121.826 Y19.291 E0.00064
G1 X121.908 Y19.294 E0.00108
G1 X127.828 Y15.908 E0.08943
G1 X133.674 Y19.28 E0.0885
G1 X133.796 Y19.294 E0.00161
G1 X133.846 Y19.288 E0.00066
G1 X133.879 Y19.276 E0.00046
G1 X139.715 Y15.908 E0.08836
G1 X145.422 Y19.202 E0.08641
G1 X145.423 Y25.952 E0.08851
G1 X145.436 Y25.998 E0.00063
G1 X145.473 Y26.068 E0.00104
G1 X145.514 Y26.115 E0.00082
G1 X151.499 Y29.572 E0.09063
G1 X151.628 Y29.59 E0.00171
G1 X151.66 Y29.588 E0.00042
G1 X151.711 Y29.572 E0.0007
G1 X157.547 Y26.2 E0.08838
G1 X163.25 Y29.498 E0.08639
G1 X163.251 Y36.248 E0.08851
G1 X163.264 Y36.294 E0.00063
G1 X163.297 Y36.355 E0.00091
G1 X163.338 Y36.408 E0.00088
G1 X169.323 Y39.864 E0.09062
G1 X169.46 Y39.886 E0.00182
G1 X169.492 Y39.884 E0.00042
G1 X169.543 Y39.868 E0.0007
G1 X175.38 Y36.496 E0.08839
G1 X181.082 Y39.79 E0.08635
G1 X181.083 Y46.544 E0.08856
G1 X181.096 Y46.59 E0.00063
G1 X181.133 Y46.66 E0.00104
G1 X181.187 Y46.717 E0.00103
G1 X187.026 Y50.086 E0.0884
G1 X187.028 Y56.842 E0.08859
G1 X187.075 Y56.948 E0.00152
G1 X187.085 Y56.964 E0.00025
G1 X187.127 Y57.006 E0.00078
G1 X192.97 Y60.382 E0.08849
G1 X192.97 Y67.104 E0.08814
G1 X192.981 Y67.171 E0.00089
G1 X193.017 Y67.239 E0.00101
G1 X193.075 Y67.305 E0.00115
G1 X198.914 Y70.674 E0.0884
G1 X198.916 Y77.43 E0.08859
G1 X198.963 Y77.536 E0.00152
G1 X198.993 Y77.575 E0.00065
G1 X199.02 Y77.597 E0.00046
G1 X204.858 Y80.97 E0.08841
G1 X204.858 Y87.554 E0.08633
G1 X199.01 Y90.934 E0.08857
G1 X198.976 Y90.968 E0.00063
G1 X198.929 Y91.052 E0.00126
G1 X198.915 Y98.016 E0.09132
G1 X198.963 Y98.128 E0.0016
G1 X198.993 Y98.167 E0.00065
G1 X199.02 Y98.189 E0.00046
G1 X204.858 Y101.558 E0.08839
G1 X204.858 Y108.142 E0.08633
G1 X199.035 Y111.505 E0.08818
G1 X199.01 Y111.522 E0.0004
G1 X198.976 Y111.556 E0.00063
G1 X198.934 Y111.629 E0.0011
G1 X198.916 Y111.688 E0.00081
G1 X198.914 Y118.576 E0.09032
G1 X198.919 Y118.624 E0.00063
G1 X198.963 Y118.716 E0.00134
G1 X198.993 Y118.755 E0.00065
G1 X199.02 Y118.777 E0.00046
G1 X204.858 Y122.146 E0.08839
G1 X204.858 Y128.734 E0.08639
G1 X199.01 Y132.11 E0.08854
G1 X198.976 Y132.144 E0.00063
G1 X198.929 Y132.228 E0.00126
G1 X198.914 Y139.026 E0.08914
G1 X193.075 Y142.399 E0.08842
G1 X193.044 Y142.426 E0.00054
G1 X192.987 Y142.521 E0.00145
G1 X192.97 Y149.322 E0.08918
G1 X187.127 Y152.694 E0.08846
G1 X187.095 Y152.725 E0.00058
G1 X187.043 Y152.813 E0.00134
G1 X187.026 Y159.618 E0.08923
G1 X181.183 Y162.99 E0.08846
G1 X181.151 Y163.021 E0.00058
G1 X181.105 Y163.097 E0.00116
G1 X181.082 Y169.914 E0.08939
G1 X175.243 Y173.283 E0.0884
G1 X175.189 Y173.34 E0.00103
G1 X175.155 Y173.403 E0.00094
G1 X175.139 Y173.456 E0.00073
G1 X175.138 Y180.206 E0.08851
G1 X169.435 Y183.5 E0.08636
G1 X163.587 Y180.127 E0.08852
G1 X163.548 Y180.116 E0.00053
G1 X163.45 Y180.114 E0.00129
G1 X163.379 Y180.135 E0.00097
G1 X157.415 Y183.575 E0.09028
G1 X157.382 Y183.604 E0.00058
G1 X157.335 Y183.673 E0.00109
G1 X157.316 Y183.713 E0.00058
G1 X157.306 Y183.76 E0.00063
G1 X157.306 Y190.502 E0.08841
G1 X151.604 Y193.796 E0.08635
G1 X145.78 Y190.431 E0.0882
G1 X145.753 Y190.418 E0.00039
G1 X145.712 Y190.407 E0.00056
G1 X145.636 Y190.406 E0.001
G1 X145.564 Y190.419 E0.00096
G1 X139.594 Y193.864 E0.09038
G1 X139.529 Y193.928 E0.0012
G1 X139.501 Y193.981 E0.00079
G1 X139.484 Y194.022 E0.00058
G1 X139.478 Y194.057 E0.00047
G1 X139.478 Y200.794 E0.08834
G1 X133.771 Y204.088 E0.08641
G1 X127.935 Y200.72 E0.08836
G1 X127.912 Y200.711 E0.00032
G1 X127.869 Y200.702 E0.00058
G1 X127.777 Y200.703 E0.00121
G1 X121.885 Y204.088 E0.0891
G1 X116.042 Y200.716 E0.08846
G1 X115.9 Y200.702 E0.00187
G1 X115.839 Y200.719 E0.00083
G1 X110 Y204.088 E0.0884
G1 X104.161 Y200.719 E0.0884
G0 F18000 X104.334 Y200.818
G0 X104.684 Y200.214
G0 X33.659 Y159.223
G0 X33.34 Y159.346
;TYPE:SKIN
G1 F2400 X33.39 Y159.434 E0.00151
G1 X34.083 Y159.833 E0.01197
G1 X33.34 Y158.546 E0.02224
G1 X33.34 Y157.746 E0.01197
G1 X34.775 Y160.232 E0.04296
G1 X35.468 Y160.632 E0.01198
G1 X33.34 Y156.947 E0.06369
G1 X33.34 Y156.147 E0.01197
G1 X36.16 Y161.031 E0.08441
G1 X36.852 Y161.43 E0.01196
G1 X33.34 Y155.347 E0.10513
G1 X33.34 Y154.546 E0.01199
G1 X37.545 Y161.83 E0.12588
G1 X38.237 Y162.229 E0.01196
G1 X33.34 Y153.746 E0.1466
G1 X33.34 Y152.946 E0.01197
G1 X38.93 Y162.628 E0.16733
G1 X39.011 Y162.676 E0.00141
G1 X39.098 Y162.747 E0.00168
G1 X39.152 Y162.812 E0.00126
G1 X39.184 Y162.859 E0.00085
G1 X39.254 Y163.001 E0.00237
G1 X39.282 Y163.116 E0.00177
G1 X39.282 Y163.238 E0.00183
G0 F18000 X39.617 Y163.238
G0 X39.603 Y169.518
G0 X39.283 Y169.641
G1 F2400 X39.335 Y169.73 E0.00154
G1 X40.028 Y170.13 E0.01198
G1 X39.283 Y168.84 E0.0223
G1 X39.283 Y168.04 E0.01197
G1 X40.721 Y170.53 E0.04304
G1 X41.413 Y170.93 E0.01196
G1 X39.283 Y167.24 E0.06377
G1 X39.283 Y166.439 E0.01199
G1 X42.106 Y171.33 E0.08452
G1 X42.798 Y171.729 E0.01196
G1 X39.282 Y165.639 E0.10525
G1 X39.282 Y164.839 E0.01197
G1 X43.491 Y172.129 E0.12599
G1 X44.184 Y172.529 E0.01198
G1 X39.282 Y164.038 E0.14674
G1 X39.282 Y163.238 E0.01197
G1 X44.877 Y172.929 E0.16748
G1 X44.977 Y172.987 E0.00173
G1 X45.082 Y173.088 E0.00218
G1 X45.133 Y173.166 E0.00139
G1 X45.187 Y173.269 E0.00174
G1 X45.216 Y173.364 E0.00149
G1 X45.227 Y173.439 E0.00113
G1 X45.227 Y173.535 E0.00144
G0 F18000 X45.56 Y173.535
G0 X45.546 Y179.813
G0 X45.228 Y179.937
G1 F2400 X45.276 Y180.021 E0.00145
G1 X45.969 Y180.42 E0.01197
G1 X45.228 Y179.137 E0.02218
G1 X45.228 Y178.337 E0.01197
G1 X46.662 Y180.82 E0.04292
G1 X47.354 Y181.22 E0.01196
G1 X45.227 Y177.536 E0.06367
G1 X45.227 Y176.736 E0.01197
G1 X48.047 Y181.62 E0.08441
G1 X48.739 Y182.019 E0.01196
G1 X45.227 Y175.935 E0.10514
G1 X45.227 Y175.135 E0.01197
G1 X49.432 Y182.419 E0.12588
G1 X50.125 Y182.819 E0.01198
G1 X45.227 Y174.335 E0.14662
G1 X45.227 Y173.535 E0.01197
G1 X50.691 Y183 E0.16357
G1 X51.038 Y182.8 E0.00599
G1 X15.985 Y122.086 E1.04929
G1 X16.331 Y121.886 E0.00598
G1 X51.384 Y182.6 E1.04929
G1 X51.73 Y182.4 E0.00598
G1 X16.677 Y121.686 E1.04929
G1 X17.024 Y121.486 E0.00599
G1 X52.077 Y182.2 E1.04929
G1 X52.423 Y182 E0.00598
G1 X17.37 Y121.286 E1.04929
G1 X17.717 Y121.086 E0.00599
G1 X52.77 Y181.8 E1.04929
G1 X53.116 Y181.6 E0.00598
G1 X18.063 Y120.886 E1.04929
G1 X18.409 Y120.686 E0.00598
G1 X53.462 Y181.4 E1.04929
G1 X53.809 Y181.2 E0.00599
G1 X18.756 Y120.486 E1.04929
G1 X19.102 Y120.286 E0.00598
G1 X54.155 Y181 E1.04929
G1 X54.502 Y180.8 E0.00599
G1 X19.449 Y120.086 E1.04929
G1 X19.795 Y119.886 E0.00598
G1 X54.848 Y180.6 E1.04929
G1 X55.195 Y180.4 E0.00599
G1 X20.142 Y119.686 E1.04929
G1 X20.488 Y119.486 E0.00598
G1 X55.541 Y180.2 E1.04929
G1 X55.887 Y180 E0.00598
G1 X20.834 Y119.286 E1.04929
G1 X21.181 Y119.086 E0.00599
G1 X56.235 Y179.802 E1.04932
G1 X56.278 Y179.782 E0.00071
G1 X56.339 Y179.762 E0.00096
G1 X56.416 Y179.747 E0.00117
G1 X56.487 Y179.744 E0.00106
G1 X56.673 Y179.76 E0.00279
G1 X21.435 Y118.726 E1.05482
G1 X21.446 Y118.697 E0.00046
G1 X21.447 Y117.947 E0.01123
G1 X57.347 Y180.128 E1.07464
G1 X58.04 Y180.528 E0.01198
G1 X21.448 Y117.149 E1.09535
G1 X21.449 Y116.351 E0.01194
G1 X58.733 Y180.928 E1.11605
G1 X59.426 Y181.329 E0.01198
G1 X21.45 Y115.552 E1.13679
G1 X21.451 Y114.755 E0.01193
G1 X60.119 Y181.729 E1.15748
G1 X60.812 Y182.129 E0.01198
G1 X21.452 Y113.956 E1.1782
G1 X21.453 Y113.158 E0.01194
G1 X61.505 Y182.529 E1.19891
G1 X62.197 Y182.929 E0.01196
G1 X21.454 Y112.36 E1.21961
G1 X21.453 Y111.649 E0.01064
G1 X21.438 Y111.571 E0.00119
G1 X21.399 Y111.466 E0.00168
G1 X21.313 Y111.327 E0.00245
G1 X21.23 Y111.244 E0.00176
G1 X21.187 Y111.211 E0.00081
G0 F18000 X21.353 Y110.925
G0 X15.903 Y107.777
G0 X15.739 Y108.06
G1 F2400 X15.512 Y107.667 E0.00679
G1 X15.512 Y107.929 E0.00392
G1 X16.432 Y108.461 E0.01591
G1 X15.511 Y106.867 E0.02755
G1 X15.511 Y106.067 E0.01197
G1 X17.125 Y108.862 E0.04831
G1 X17.819 Y109.263 E0.012
G1 X15.511 Y105.266 E0.06908
G1 X15.511 Y104.466 E0.01197
G1 X18.512 Y109.664 E0.08983
G1 X19.206 Y110.065 E0.012
G1 X15.511 Y103.666 E0.11059
G1 X15.512 Y102.867 E0.01196
G1 X19.899 Y110.465 E0.13131
G1 X20.592 Y110.866 E0.01198
G1 X15.511 Y102.067 E0.15208
G1 X15.512 Y101.771 E0.00443
G1 X15.73 Y101.646 E0.00376
G1 X62.965 Y183.459 E1.41393
G0 F18000 X63.249 Y183.295
G0 X63.295 Y183.443
G0 X63.391 Y190.022
G0 X63.06 Y190.022
G1 F2400 X63.29 Y190.422 E0.00691
G1 X63.983 Y190.822 E0.01198
G1 X63.059 Y189.222 E0.02765
G1 X63.06 Y188.423 E0.01196
G1 X64.676 Y191.222 E0.04837
G1 X65.369 Y191.622 E0.01198
G1 X63.06 Y187.623 E0.06911
G1 X63.06 Y186.823 E0.01197
G1 X66.062 Y192.022 E0.08985
G1 X66.755 Y192.422 E0.01198
G1 X63.06 Y186.022 E0.11061
G1 X63.06 Y185.222 E0.01197
G1 X67.448 Y192.823 E0.13136
G1 X68.14 Y193.223 E0.01196
G1 X63.059 Y184.422 E0.1521
G1 X63.06 Y183.773 E0.00971
G1 X63.056 Y183.693 E0.0012
G1 X63.035 Y183.607 E0.00132
G1 X63.015 Y183.554 E0.00085
G1 X62.965 Y183.459 E0.00161
G1 X68.613 Y193.241 E0.16906
G1 X68.959 Y193.041 E0.00598
G1 X16.077 Y101.446 E1.58299
G1 X16.423 Y101.246 E0.00598
G1 X69.306 Y192.841 E1.58299
G1 X69.652 Y192.641 E0.00598
G1 X16.77 Y101.046 E1.58299
G1 X17.116 Y100.846 E0.00598
G1 X69.998 Y192.441 E1.58299
G1 X70.345 Y192.241 E0.00599
G1 X17.462 Y100.646 E1.58299
G1 X17.809 Y100.446 E0.00599
G1 X70.691 Y192.041 E1.58299
G1 X71.038 Y191.841 E0.00599
G1 X18.155 Y100.246 E1.58299
G1 X18.502 Y100.046 E0.00599
G1 X71.384 Y191.64 E1.58297
G1 X71.73 Y191.44 E0.00598
G1 X18.848 Y99.846 E1.58297
G1 X19.194 Y99.646 E0.00598
G1 X72.076 Y191.24 E1.58297
G1 X72.423 Y191.04 E0.00599
G1 X19.541 Y99.446 E1.58297
G1 X19.887 Y99.246 E0.00598
G1 X72.769 Y190.84 E1.58297
G1 X73.116 Y190.64 E0.00599
G1 X20.234 Y99.046 E1.58297
G1 X20.58 Y98.846 E0.00598
G1 X73.462 Y190.44 E1.58297
G1 X73.809 Y190.24 E0.00599
G1 X20.927 Y98.646 E1.58297
G1 X21.157 Y98.513 E0.00398
G1 X21.227 Y98.463 E0.00129
G1 X21.262 Y98.427 E0.00075
G1 X74.164 Y190.056 E1.58358
G1 X74.243 Y190.039 E0.00121
G1 X74.323 Y190.035 E0.0012
G1 X74.576 Y190.079 E0.00384
G1 X74.634 Y190.106 E0.00096
G1 X74.665 Y190.124 E0.00054
G1 X21.457 Y97.965 E1.59274
G1 X21.457 Y97.164 E0.01199
G1 X75.359 Y190.525 E1.61351
G1 X76.053 Y190.927 E0.012
G1 X21.457 Y96.364 E1.63428
G1 X21.457 Y95.564 E0.01197
G1 X76.746 Y191.328 E1.65504
G1 X77.44 Y191.73 E0.012
G1 X21.456 Y94.764 E1.67582
G1 X21.456 Y93.964 E0.01197
G1 X78.134 Y192.132 E1.69659
G1 X78.827 Y192.533 E0.01198
G1 X21.456 Y93.163 E1.71736
G1 X21.456 Y92.363 E0.01197
G1 X79.521 Y192.935 E1.73813
G1 X80.215 Y193.336 E0.012
G1 X21.456 Y91.563 E1.75889
G1 X21.456 Y91.115 E0.00671
G1 X21.438 Y90.981 E0.00202
G1 X21.399 Y90.877 E0.00166
G1 X21.314 Y90.74 E0.00241
G1 X21.23 Y90.656 E0.00178
G1 X21.187 Y90.623 E0.00081
G0 F18000 X21.354 Y90.336
G0 X16.088 Y87.295
G0 X15.923 Y87.579
G1 F2400 X15.512 Y86.867 E0.0123
G0 F18000 X15.512 Y87.342
G1 F2400 X16.616 Y87.979 E0.01908
G1 X15.512 Y86.067 E0.03304
G1 X15.512 Y85.267 E0.01197
G1 X17.309 Y88.38 E0.0538
G1 X18.002 Y88.781 E0.01198
G1 X15.512 Y84.468 E0.07454
G1 X15.512 Y83.667 E0.01199
G1 X18.696 Y89.182 E0.09531
G1 X19.389 Y89.583 E0.01198
G1 X15.512 Y82.867 E0.11607
G1 X15.512 Y82.067 E0.01197
G1 X20.083 Y89.984 E0.13683
G1 X20.776 Y90.384 E0.01198
G1 X15.512 Y81.267 E0.15757
G1 X15.512 Y81.184 E0.00124
G1 X15.822 Y81.004 E0.00537
G1 X86.535 Y203.482 E2.11672
G1 X86.881 Y203.282 E0.00598
G1 X16.168 Y80.804 E2.11672
G1 X16.514 Y80.604 E0.00598
G1 X87.227 Y203.082 E2.11672
G1 X87.574 Y202.882 E0.00599
G1 X16.861 Y80.404 E2.11672
G1 X17.207 Y80.204 E0.00598
G1 X87.92 Y202.682 E2.11672
G1 X88.267 Y202.482 E0.00599
G1 X17.553 Y80.003 E2.11675
G1 X17.899 Y79.803 E0.00598
G1 X88.613 Y202.282 E2.11675
G1 X88.959 Y202.082 E0.00598
G1 X18.246 Y79.603 E2.11674
G1 X18.592 Y79.403 E0.00598
G1 X89.306 Y201.882 E2.11675
G1 X89.652 Y201.682 E0.00598
G1 X18.939 Y79.203 E2.11674
G1 X19.285 Y79.002 E0.00599
G1 X89.999 Y201.482 E2.11676
G1 X90.345 Y201.282 E0.00598
G1 X19.631 Y78.802 E2.11676
G1 X19.977 Y78.602 E0.00598
G1 X90.691 Y201.082 E2.11676
G1 X91.038 Y200.882 E0.00599
G1 X20.324 Y78.402 E2.11676
G1 X20.67 Y78.202 E0.00598
G1 X91.384 Y200.682 E2.11676
G1 X91.731 Y200.482 E0.00599
G1 X21.017 Y78.002 E2.11676
G1 X21.157 Y77.921 E0.00242
G1 X21.227 Y77.871 E0.00129
G1 X21.313 Y77.783 E0.00184
G1 X21.334 Y77.751 E0.00057
G1 X92.106 Y200.332 E2.1185
G1 X92.348 Y200.353 E0.00364
G1 X92.442 Y200.391 E0.00152
G1 X92.681 Y200.528 E0.00412
G1 X21.441 Y77.138 E2.13249
G1 X21.443 Y76.341 E0.01193
G1 X93.373 Y200.927 E2.15316
G1 X94.066 Y201.328 E0.01198
G1 X21.445 Y75.544 E2.17386
G1 X21.447 Y74.748 E0.01191
G1 X94.759 Y201.727 E2.19452
G1 X95.451 Y202.126 E0.01196
G1 X21.449 Y73.95 E2.21519
G1 X21.451 Y73.153 E0.01193
G1 X96.144 Y202.526 E2.23588
G1 X96.836 Y202.925 E0.01196
G1 X21.452 Y72.357 E2.25654
G1 X21.454 Y71.56 E0.01193
G1 X97.528 Y203.324 E2.27721
G1 X98.112 Y203.661 E0.01009
G1 X98.167 Y203.63 E0.00094
G1 X21.51 Y70.856 E2.29466
G1 X21.856 Y70.656 E0.00598
G1 X98.513 Y203.43 E2.29466
G1 X98.86 Y203.23 E0.00599
G1 X22.203 Y70.456 E2.29466
G1 X22.549 Y70.256 E0.00598
G1 X99.206 Y203.03 E2.29466
G1 X99.553 Y202.831 E0.00599
G1 X22.895 Y70.056 E2.29468
G1 X23.242 Y69.856 E0.00599
G1 X99.899 Y202.631 E2.29468
G1 X100.246 Y202.431 E0.00599
G1 X23.588 Y69.656 E2.29468
G1 X23.935 Y69.456 E0.00599
G1 X100.592 Y202.231 E2.29468
G1 X100.939 Y202.031 E0.00599
G1 X24.281 Y69.256 E2.29468
G1 X24.627 Y69.056 E0.00598
G1 X101.285 Y201.832 E2.2947
G1 X101.632 Y201.632 E0.00599
G1 X24.974 Y68.856 E2.2947
G1 X25.32 Y68.656 E0.00598
G1 X101.978 Y201.432 E2.2947
G1 X102.325 Y201.232 E0.00599
G1 X25.667 Y68.456 E2.2947
G1 X26.013 Y68.256 E0.00598
G1 X102.672 Y201.032 E2.2947
G1 X103.018 Y200.832 E0.00598
G1 X26.36 Y68.056 E2.2947
G1 X26.706 Y67.856 E0.00598
G1 X103.364 Y200.632 E2.2947
G1 X103.711 Y200.432 E0.00599
G1 X27.052 Y67.656 E2.2947
G1 X27.132 Y67.61 E0.00138
G1 X27.22 Y67.536 E0.00172
G1 X27.316 Y67.401 E0.00248
G1 X27.34 Y67.354 E0.00079
G1 X104.119 Y200.34 E2.29832
G1 X104.229 Y200.352 E0.00166
G1 X104.32 Y200.384 E0.00144
G1 X104.75 Y200.632 E0.00743
G1 X27.371 Y66.607 E2.31628
G1 X27.375 Y65.814 E0.01187
G1 X105.442 Y201.031 E2.33688
G1 X106.135 Y201.431 E0.01198
G1 X27.378 Y65.021 E2.35751
G1 X27.382 Y64.227 E0.01188
G1 X106.827 Y201.83 E2.37812
G1 X107.52 Y202.231 E0.01198
G1 X27.386 Y63.434 E2.39875
G1 X27.389 Y62.639 E0.0119
G1 X108.213 Y202.63 E2.41939
G1 X108.905 Y203.029 E0.01196
G1 X27.393 Y61.846 E2.43999
G1 X27.397 Y61.052 E0.01188
G1 X109.598 Y203.429 E2.46062
G1 X110 Y203.661 E0.00695
G1 X110.145 Y203.577 E0.00251
G1 X27.545 Y60.509 E2.47257
G1 X27.891 Y60.309 E0.00598
G1 X110.492 Y203.377 E2.47257
G1 X110.838 Y203.177 E0.00598
G1 X28.238 Y60.109 E2.47257
G1 X28.584 Y59.909 E0.00598
G1 X111.185 Y202.977 E2.47257
G1 X111.531 Y202.777 E0.00598
G1 X28.931 Y59.709 E2.47257
G1 X29.277 Y59.509 E0.00598
G1 X111.877 Y202.577 E2.47257
G1 X112.224 Y202.377 E0.00599
G1 X29.623 Y59.308 E2.47259
G1 X29.969 Y59.108 E0.00598
G1 X112.57 Y202.177 E2.47259
G1 X112.917 Y201.977 E0.00599
G1 X30.316 Y58.908 E2.47259
G1 X30.662 Y58.708 E0.00598
G1 X113.263 Y201.777 E2.47259
G1 X113.61 Y201.577 E0.00599
G1 X31.009 Y58.508 E2.47259
G1 X31.354 Y58.307 E0.00598
G1 X113.956 Y201.377 E2.47261
G1 X114.302 Y201.177 E0.00598
G1 X31.701 Y58.107 E2.4726
G1 X32.047 Y57.907 E0.00598
G1 X114.649 Y200.977 E2.47261
G1 X114.995 Y200.777 E0.00598
G1 X32.394 Y57.707 E2.4726
G1 X32.74 Y57.507 E0.00598
G1 X115.342 Y200.577 E2.47261
G1 X115.658 Y200.395 E0.00546
G1 X115.69 Y200.381 E0.00052
G1 X33.085 Y57.305 E2.47271
G1 X33.104 Y57.293 E0.00034
G1 X33.2 Y57.198 E0.00202
G1 X33.286 Y57.051 E0.00255
G1 X33.324 Y56.955 E0.00155
G1 X33.323 Y56.918 E0.00055
G1 X116.139 Y200.359 E2.47902
G1 X116.191 Y200.377 E0.00082
G1 X116.245 Y200.404 E0.0009
G1 X116.818 Y200.734 E0.0099
G1 X33.326 Y56.122 E2.49925
G1 X33.328 Y55.325 E0.01193
G1 X117.511 Y201.135 E2.51995
G1 X118.204 Y201.535 E0.01198
G1 X33.33 Y54.529 E2.54063
G1 X33.332 Y53.732 E0.01193
G1 X118.897 Y201.935 E2.56131
G1 X119.589 Y202.335 E0.01196
G1 X33.333 Y52.935 E2.582
G1 X33.335 Y52.139 E0.01191
G1 X120.282 Y202.735 E2.60267
G1 X120.975 Y203.135 E0.01198
G1 X33.337 Y51.342 E2.62336
G1 X33.339 Y50.545 E0.01193
G1 X121.668 Y203.535 E2.64405
G1 X121.885 Y203.661 E0.00376
G1 X122.123 Y203.523 E0.00412
G1 X33.58 Y50.162 E2.65046
G1 X33.926 Y49.962 E0.00598
G1 X122.47 Y203.323 E2.65046
G1 X122.816 Y203.123 E0.00598
G1 X34.272 Y49.762 E2.65046
G1 X34.619 Y49.562 E0.00599
G1 X123.162 Y202.923 E2.65046
G1 X123.509 Y202.724 E0.00599
G1 X34.965 Y49.362 E2.65048
G1 X35.312 Y49.162 E0.00599
G1 X123.856 Y202.524 E2.65048
G1 X124.202 Y202.324 E0.00598
G1 X35.659 Y48.962 E2.65047
G1 X36.005 Y48.762 E0.00598
G1 X124.548 Y202.124 E2.65047
G1 X124.895 Y201.925 E0.00599
G1 X36.351 Y48.562 E2.65049
G1 X36.698 Y48.362 E0.00599
G1 X125.242 Y201.725 E2.65049
G1 X125.588 Y201.525 E0.00598
G1 X37.044 Y48.162 E2.65049
G1 X37.391 Y47.963 E0.00599
G1 X125.935 Y201.325 E2.65048
G1 X126.282 Y201.126 E0.00599
G1 X37.738 Y47.763 E2.65049
G1 X38.084 Y47.563 E0.00598
G1 X126.628 Y200.926 E2.65049
G1 X126.974 Y200.726 E0.00598
G1 X38.43 Y47.363 E2.65049
G1 X38.777 Y47.163 E0.00599
G1 X127.321 Y200.526 E2.65049
G1 X127.582 Y200.376 E0.00451
G1 X127.678 Y200.345 E0.00151
G1 X39.109 Y46.939 E2.65124
G1 X39.175 Y46.861 E0.00153
G1 X39.233 Y46.752 E0.00185
G1 X39.258 Y46.688 E0.00103
G1 X39.273 Y46.631 E0.00088
G1 X39.283 Y46.556 E0.00113
G1 X39.283 Y46.439 E0.00175
G1 X128.196 Y200.442 E2.66155
G1 X128.889 Y200.842 E0.01198
G1 X39.282 Y45.639 E2.6823
G1 X39.283 Y44.84 E0.01196
G1 X129.581 Y201.242 E2.70301
G1 X130.274 Y201.642 E0.01198
G1 X39.283 Y44.04 E2.72375
G1 X39.283 Y43.241 E0.01196
G1 X130.967 Y202.042 E2.74448
G1 X131.66 Y202.442 E0.01198
G1 X39.283 Y42.44 E2.76523
G1 X39.284 Y41.641 E0.01196
G1 X132.353 Y202.841 E2.78594
G1 X133.045 Y203.241 E0.01196
G1 X39.283 Y40.841 E2.80668
G1 X39.283 Y40.041 E0.01197
G1 X133.738 Y203.642 E2.82743
G1 X133.771 Y203.661 E0.00057
G1 X134.101 Y203.47 E0.00571
G1 X39.614 Y39.813 E2.82839
G1 X39.96 Y39.613 E0.00598
G1 X134.448 Y203.27 E2.8284
G1 X134.794 Y203.07 E0.00598
G1 X40.307 Y39.413 E2.82839
G1 X40.653 Y39.213 E0.00598
G1 X135.14 Y202.87 E2.82839
G1 X135.487 Y202.67 E0.00599
G1 X40.999 Y39.013 E2.8284
G1 X41.346 Y38.813 E0.00599
G1 X135.833 Y202.47 E2.82839
G1 X136.18 Y202.27 E0.00599
G1 X41.692 Y38.613 E2.8284
G1 X42.039 Y38.413 E0.00599
G1 X136.526 Y202.07 E2.82839
G1 X136.873 Y201.87 E0.00599
G1 X42.385 Y38.213 E2.8284
G1 X42.731 Y38.013 E0.00598
G1 X137.219 Y201.67 E2.8284
G1 X137.565 Y201.47 E0.00598
G1 X43.078 Y37.813 E2.82839
G1 X43.424 Y37.613 E0.00598
G1 X137.912 Y201.27 E2.8284
G1 X138.258 Y201.07 E0.00598
G1 X43.771 Y37.413 E2.82839
G1 X44.117 Y37.213 E0.00598
G1 X138.605 Y200.87 E2.8284
G1 X138.951 Y200.67 E0.00598
G1 X44.464 Y37.013 E2.82839
G1 X44.619 Y36.923 E0.00268
G1 X45.001 Y37.144 E0.00661
G1 X139.108 Y200.143 E2.81702
G1 X139.108 Y199.343 E0.01197
G1 X45.694 Y37.544 E2.79628
G1 X46.387 Y37.945 E0.01198
G1 X139.109 Y198.543 E2.77554
G1 X139.109 Y197.743 E0.01197
G1 X47.08 Y38.345 E2.7548
G1 X47.774 Y38.746 E0.012
G1 X139.109 Y196.943 E2.73403
G1 X139.108 Y196.143 E0.01197
G1 X48.466 Y39.146 E2.71329
G1 X49.159 Y39.547 E0.01198
G1 X139.109 Y195.344 E2.69256
G1 X139.109 Y194.543 E0.01199
G1 X49.853 Y39.948 E2.67179
G1 X50.265 Y40.185 E0.00711
G1 X50.335 Y40.218 E0.00116
G1 X50.395 Y40.238 E0.00095
G1 X50.474 Y40.254 E0.00121
G1 X50.492 Y40.254 E0.00027
G1 X139.161 Y193.833 E2.65423
G1 X139.215 Y193.731 E0.00173
G1 X139.296 Y193.63 E0.00194
G1 X139.357 Y193.577 E0.00121
G1 X139.444 Y193.523 E0.00153
G1 X50.9 Y40.161 E2.65048
G1 X51.246 Y39.961 E0.00598
G1 X139.79 Y193.323 E2.65048
G1 X140.136 Y193.123 E0.00598
G1 X51.592 Y39.761 E2.65048
G1 X51.939 Y39.561 E0.00599
G1 X140.483 Y192.923 E2.65048
G1 X140.829 Y192.723 E0.00598
G1 X52.285 Y39.361 E2.65048
G1 X52.632 Y39.161 E0.00599
G1 X141.176 Y192.523 E2.65048
G1 X141.522 Y192.323 E0.00598
G1 X52.978 Y38.961 E2.65048
G1 X53.324 Y38.761 E0.00598
G1 X141.868 Y192.123 E2.65048
G1 X142.215 Y191.923 E0.00599
G1 X53.671 Y38.561 E2.65048
G1 X54.017 Y38.361 E0.00598
G1 X142.562 Y191.724 E2.6505
G1 X142.908 Y191.524 E0.00598
G1 X54.364 Y38.161 E2.65049
G1 X54.71 Y37.961 E0.00598
G1 X143.255 Y191.324 E2.6505
G1 X143.601 Y191.124 E0.00598
G1 X55.057 Y37.761 E2.65049
G1 X55.403 Y37.561 E0.00598
G1 X143.947 Y190.924 E2.65049
G1 X144.294 Y190.724 E0.00599
G1 X55.749 Y37.361 E2.6505
G1 X56.096 Y37.161 E0.00599
G1 X144.64 Y190.524 E2.65049
G1 X144.987 Y190.324 E0.00599
G1 X56.442 Y36.961 E2.6505
G1 X56.789 Y36.761 E0.00599
G1 X145.333 Y190.124 E2.65049
G1 X145.407 Y190.083 E0.00127
G1 X145.498 Y190.052 E0.00144
G1 X145.56 Y190.039 E0.00095
G1 X145.632 Y190.036 E0.00108
G1 X145.745 Y190.038 E0.00169
G1 X57.068 Y36.445 E2.65447
G1 X57.089 Y36.392 E0.00085
G1 X57.113 Y36.3 E0.00142
G1 X57.112 Y35.722 E0.00865
G1 X146.39 Y190.355 E2.67245
G1 X147.083 Y190.756 E0.01198
G1 X57.113 Y34.922 E2.69319
G1 X57.113 Y34.123 E0.01196
G1 X147.776 Y191.156 E2.71392
G1 X148.47 Y191.557 E0.012
G1 X57.114 Y33.324 E2.73466
G1 X57.114 Y32.524 E0.01197
G1 X149.163 Y191.958 E2.75541
G1 X149.856 Y192.358 E0.01198
G1 X57.114 Y31.725 E2.77614
G1 X57.115 Y30.926 E0.01196
G1 X150.549 Y192.759 E2.79687
G1 X151.243 Y193.16 E0.012
G1 X57.115 Y30.126 E2.81763
G1 X57.115 Y29.711 E0.00621
G1 X57.281 Y29.614 E0.00288
G1 X151.77 Y193.273 E2.82844
G1 X152.116 Y193.073 E0.00598
G1 X57.628 Y29.414 E2.82843
G1 X57.974 Y29.214 E0.00598
G1 X152.463 Y192.873 E2.82844
G1 X152.809 Y192.673 E0.00598
G1 X58.32 Y29.014 E2.82844
G1 X58.666 Y28.813 E0.00599
G1 X153.155 Y192.473 E2.82845
G1 X153.502 Y192.273 E0.00599
G1 X59.013 Y28.613 E2.82845
G1 X59.359 Y28.413 E0.00598
G1 X153.848 Y192.073 E2.82845
G1 X154.195 Y191.873 E0.00599
G1 X59.706 Y28.213 E2.82845
G1 X60.051 Y28.012 E0.00598
G1 X154.541 Y191.673 E2.82847
G1 X154.887 Y191.473 E0.00598
G1 X60.398 Y27.812 E2.82846
G1 X60.744 Y27.612 E0.00598
G1 X155.234 Y191.273 E2.82847
G1 X155.58 Y191.073 E0.00598
G1 X61.091 Y27.412 E2.82846
G1 X61.437 Y27.211 E0.00599
G1 X155.927 Y190.873 E2.82848
G1 X156.273 Y190.673 E0.00598
G1 X61.783 Y27.011 E2.82848
G1 X62.129 Y26.811 E0.00598
G1 X156.619 Y190.473 E2.82848
G1 X156.936 Y190.289 E0.00549
G1 X156.936 Y190.222 E0.001
G1 X62.503 Y26.658 E2.82679
G1 X63.196 Y27.059 E0.01198
G1 X156.936 Y189.422 E2.80603
G1 X156.936 Y188.621 E0.01199
G1 X63.889 Y27.459 E2.78528
G1 X64.583 Y27.86 E0.012
G1 X156.937 Y187.822 E2.76454
G1 X156.936 Y187.022 E0.01197
G1 X65.275 Y28.26 E2.7438
G1 X65.969 Y28.661 E0.012
G1 X156.936 Y186.222 E2.72304
G1 X156.937 Y185.423 E0.01196
G1 X66.662 Y29.062 E2.7023
G1 X67.355 Y29.463 E0.01198
G1 X156.937 Y184.622 E2.68154
G1 X156.937 Y183.822 E0.01197
G1 X68.048 Y29.863 E2.6608
G1 X68.093 Y29.889 E0.00078
G1 X68.161 Y29.922 E0.00113
G1 X68.224 Y29.942 E0.00099
G1 X68.302 Y29.958 E0.00119
G1 X68.42 Y29.96 E0.00177
G1 X68.515 Y29.953 E0.00143
G1 X68.557 Y29.943 E0.00065
G1 X157.123 Y183.344 E2.65115
G1 X157.195 Y183.279 E0.00145
G1 X157.24 Y183.249 E0.00081
G1 X157.457 Y183.123 E0.00376
G1 X68.913 Y29.761 E2.65048
G1 X69.259 Y29.561 E0.00598
G1 X157.803 Y182.923 E2.65048
G1 X158.15 Y182.724 E0.00599
G1 X69.606 Y29.361 E2.65049
G1 X69.952 Y29.161 E0.00598
G1 X158.497 Y182.524 E2.6505
G1 X158.843 Y182.324 E0.00598
G1 X70.299 Y28.961 E2.65049
G1 X70.645 Y28.761 E0.00598
G1 X159.19 Y182.125 E2.65051
G1 X159.536 Y181.925 E0.00598
G1 X70.991 Y28.561 E2.65051
G1 X71.338 Y28.361 E0.00599
G1 X159.883 Y181.726 E2.65052
G1 X160.23 Y181.526 E0.00599
G1 X71.684 Y28.161 E2.65053
G1 X72.031 Y27.961 E0.00599
G1 X160.576 Y181.326 E2.65052
G1 X160.923 Y181.127 E0.00599
G1 X72.377 Y27.761 E2.65054
G1 X72.723 Y27.561 E0.00598
G1 X161.269 Y180.927 E2.65054
G1 X161.616 Y180.728 E0.00599
G1 X73.07 Y27.361 E2.65056
G1 X73.416 Y27.161 E0.00598
G1 X161.963 Y180.528 E2.65056
G1 X162.309 Y180.328 E0.00598
G1 X73.763 Y26.961 E2.65056
G1 X74.109 Y26.761 E0.00598
G1 X162.656 Y180.129 E2.65058
G1 X163.003 Y179.929 E0.00599
G1 X74.456 Y26.561 E2.65058
G1 X74.645 Y26.451 E0.00327
G1 X74.7 Y26.415 E0.00098
G1 X74.785 Y26.332 E0.00178
G1 X163.363 Y179.753 E2.6515
G1 X163.463 Y179.744 E0.0015
G1 X163.582 Y179.746 E0.00178
G1 X163.66 Y179.761 E0.00119
G1 X163.723 Y179.782 E0.00099
G1 X163.791 Y179.815 E0.00113
G1 X163.895 Y179.874 E0.00179
G1 X74.947 Y25.812 E2.66257
G1 X74.947 Y25.012 E0.01197
G1 X164.588 Y180.274 E2.68331
G1 X165.281 Y180.674 E0.01198
G1 X74.947 Y24.211 E2.70407
G1 X74.947 Y23.412 E0.01196
G1 X165.973 Y181.074 E2.72479
G1 X166.666 Y181.474 E0.01198
G1 X74.947 Y22.612 E2.74553
G1 X74.947 Y21.813 E0.01196
G1 X167.358 Y181.873 E2.76624
G1 X168.051 Y182.273 E0.01198
G1 X74.947 Y21.013 E2.78698
G1 X74.947 Y20.212 E0.01199
G1 X168.744 Y182.674 E2.80774
G1 X169.436 Y183.072 E0.01195
G1 X74.948 Y19.414 E2.82842
G1 X75.295 Y19.214 E0.00599
G1 X169.783 Y182.872 E2.82842
G1 X170.129 Y182.672 E0.00598
G1 X75.641 Y19.014 E2.82842
G1 X75.987 Y18.814 E0.00598
G1 X170.475 Y182.472 E2.82842
G1 X170.822 Y182.272 E0.00599
G1 X76.334 Y18.614 E2.82842
G1 X76.68 Y18.414 E0.00598
G1 X171.168 Y182.072 E2.82842
G1 X171.515 Y181.872 E0.00599
G1 X77.027 Y18.214 E2.82842
G1 X77.373 Y18.014 E0.00598
G1 X171.861 Y181.672 E2.82842
G1 X172.207 Y181.472 E0.00598
G1 X77.719 Y17.814 E2.82842
G1 X78.066 Y17.614 E0.00599
G1 X172.554 Y181.272 E2.82842
G1 X172.9 Y181.072 E0.00598
G1 X78.412 Y17.414 E2.82842
G1 X78.759 Y17.214 E0.00599
G1 X173.247 Y180.872 E2.82842
G1 X173.593 Y180.672 E0.00598
G1 X79.105 Y17.014 E2.82842
G1 X79.451 Y16.814 E0.00598
G1 X173.939 Y180.472 E2.82842
G1 X174.286 Y180.272 E0.00599
G1 X79.798 Y16.614 E2.82842
G1 X80.144 Y16.414 E0.00598
G1 X174.632 Y180.072 E2.82842
G1 X174.768 Y179.993 E0.00235
G1 X174.769 Y179.508 E0.00726
G1 X80.7 Y16.577 E2.81586
G1 X81.393 Y16.977 E0.01198
G1 X174.769 Y178.709 E2.79513
G1 X174.769 Y177.91 E0.01196
G1 X82.086 Y17.377 E2.7744
G1 X82.778 Y17.776 E0.01196
G1 X174.77 Y177.11 E2.75369
G1 X174.77 Y176.31 E0.01197
G1 X83.471 Y18.177 E2.73294
G1 X84.164 Y18.576 E0.01197
G1 X174.77 Y175.511 E2.71222
G1 X174.771 Y174.712 E0.01196
G1 X84.857 Y18.976 E2.6915
G1 X85.549 Y19.375 E0.01196
G1 X174.771 Y173.912 E2.67078
G1 X174.771 Y173.404 E0.0076
G1 X174.794 Y173.312 E0.00142
G1 X174.819 Y173.248 E0.00103
G1 X174.834 Y173.221 E0.00046
G1 X86.177 Y19.664 E2.65385
G1 X86.254 Y19.664 E0.00115
G1 X86.362 Y19.654 E0.00162
G1 X86.47 Y19.62 E0.00169
G1 X86.578 Y19.558 E0.00186
G1 X175.124 Y172.924 E2.65054
G1 X175.471 Y172.724 E0.00599
G1 X86.925 Y19.358 E2.65054
G1 X87.271 Y19.158 E0.00598
G1 X175.817 Y172.524 E2.65054
G1 X176.164 Y172.324 E0.00599
G1 X87.618 Y18.959 E2.65053
G1 X87.964 Y18.759 E0.00598
G1 X176.51 Y172.124 E2.65053
G1 X176.856 Y171.924 E0.00598
G1 X88.311 Y18.559 E2.65052
G1 X88.657 Y18.359 E0.00598
G1 X177.203 Y171.724 E2.65053
G1 X177.549 Y171.524 E0.00598
G1 X89.004 Y18.16 E2.65051
G1 X89.351 Y17.96 E0.00599
G1 X177.896 Y171.325 E2.65052
G1 X178.243 Y171.125 E0.00599
G1 X89.697 Y17.76 E2.65053
G1 X90.044 Y17.561 E0.00599
G1 X178.589 Y170.925 E2.65051
G1 X178.935 Y170.725 E0.00598
G1 X90.39 Y17.361 E2.65051
G1 X90.737 Y17.161 E0.00599
G1 X179.282 Y170.525 E2.65051
G1 X179.628 Y170.325 E0.00598
G1 X91.084 Y16.962 E2.65049
G1 X91.43 Y16.762 E0.00598
G1 X179.975 Y170.125 E2.6505
G1 X180.321 Y169.925 E0.00598
G1 X91.777 Y16.562 E2.65049
G1 X92.123 Y16.362 E0.00598
G1 X180.667 Y169.725 E2.65049
G1 X180.712 Y169.701 E0.00076
G1 X180.714 Y169.006 E0.0104
G1 X92.771 Y16.684 E2.6325
G1 X93.464 Y17.084 E0.01198
G1 X180.716 Y168.209 E2.61181
G1 X180.717 Y167.411 E0.01194
G1 X94.156 Y17.483 E2.59113
G1 X94.849 Y17.883 E0.01198
G1 X180.719 Y166.615 E2.57045
G1 X180.72 Y165.817 E0.01194
G1 X95.541 Y18.283 E2.54975
G1 X96.234 Y18.683 E0.01198
G1 X180.722 Y165.02 E2.52907
G1 X180.724 Y164.224 E0.01191
G1 X96.927 Y19.082 E2.50841
G1 X97.62 Y19.482 E0.01198
G1 X180.726 Y163.426 E2.48771
G1 X180.726 Y163.049 E0.00564
G1 X180.766 Y162.944 E0.00168
G1 X180.839 Y162.822 E0.00213
G1 X98.186 Y19.663 E2.47414
G1 X98.197 Y19.663 E0.00016
G1 X98.367 Y19.617 E0.00264
G1 X98.558 Y19.507 E0.0033
G1 X181.159 Y162.576 E2.47259
G1 X181.505 Y162.376 E0.00598
G1 X98.904 Y19.307 E2.47259
G1 X99.251 Y19.107 E0.00599
G1 X181.851 Y162.176 E2.47258
G1 X182.198 Y161.976 E0.00599
G1 X99.597 Y18.907 E2.47259
G1 X99.944 Y18.707 E0.00599
G1 X182.544 Y161.776 E2.47258
G1 X182.891 Y161.576 E0.00599
G1 X100.291 Y18.508 E2.47257
G1 X100.637 Y18.308 E0.00598
G1 X183.237 Y161.376 E2.47257
G1 X183.583 Y161.176 E0.00598
G1 X100.983 Y18.108 E2.47257
G1 X101.33 Y17.908 E0.00599
G1 X183.93 Y160.977 E2.47258
G1 X184.277 Y160.777 E0.00599
G1 X101.676 Y17.708 E2.47259
G1 X102.023 Y17.508 E0.00599
G1 X184.623 Y160.577 E2.47258
G1 X184.97 Y160.377 E0.00599
G1 X102.37 Y17.309 E2.47257
G1 X102.716 Y17.109 E0.00598
G1 X185.316 Y160.177 E2.47257
G1 X185.662 Y159.977 E0.00598
G1 X103.062 Y16.909 E2.47257
G1 X103.409 Y16.709 E0.00599
G1 X186.009 Y159.777 E2.47257
G1 X186.355 Y159.577 E0.00598
G1 X103.755 Y16.509 E2.47257
G1 X104.057 Y16.335 E0.00522
G1 X104.147 Y16.387 E0.00156
G1 X186.658 Y159.3 E2.46989
G1 X186.661 Y158.507 E0.01187
G1 X104.839 Y16.787 E2.44927
G1 X105.532 Y17.187 E0.01198
G1 X186.665 Y157.714 E2.42865
G1 X186.669 Y156.921 E0.01187
G1 X106.224 Y17.586 E2.40805
G1 X106.917 Y17.985 E0.01197
G1 X186.673 Y156.128 E2.38745
G1 X186.677 Y155.334 E0.01188
G1 X107.609 Y18.384 E2.36683
G1 X108.302 Y18.785 E0.01198
G1 X186.681 Y154.541 E2.3462
G1 X186.685 Y153.748 E0.01187
G1 X108.994 Y19.184 E2.3256
G1 X109.687 Y19.583 E0.01197
G1 X186.688 Y152.954 E2.30497
G1 X186.69 Y152.684 E0.00404
G1 X186.797 Y152.502 E0.00316
G1 X186.856 Y152.444 E0.00124
G1 X110.18 Y19.638 E2.29522
G1 X110.255 Y19.617 E0.00117
G1 X110.537 Y19.455 E0.00487
G1 X187.193 Y152.227 E2.29463
G1 X187.539 Y152.027 E0.00598
G1 X110.883 Y19.255 E2.29463
G1 X111.23 Y19.055 E0.00599
G1 X187.886 Y151.827 E2.29463
G1 X188.232 Y151.627 E0.00598
G1 X111.576 Y18.855 E2.29463
G1 X111.922 Y18.655 E0.00598
G1 X188.578 Y151.427 E2.29463
G1 X188.925 Y151.228 E0.00599
G1 X112.269 Y18.455 E2.29464
G1 X112.615 Y18.255 E0.00598
G1 X189.272 Y151.028 E2.29465
G1 X189.618 Y150.828 E0.00598
G1 X112.962 Y18.055 E2.29464
G1 X113.308 Y17.856 E0.00597
G1 X189.964 Y150.628 E2.29463
G1 X190.311 Y150.428 E0.00599
G1 X113.655 Y17.656 E2.29463
G1 X114.001 Y17.456 E0.00598
G1 X190.657 Y150.228 E2.29463
G1 X191.004 Y150.029 E0.00599
G1 X114.348 Y17.256 E2.29464
G1 X114.694 Y17.056 E0.00598
G1 X191.351 Y149.829 E2.29465
G1 X191.697 Y149.629 E0.00598
G1 X115.041 Y16.856 E2.29464
G1 X115.387 Y16.656 E0.00598
G1 X192.043 Y149.429 E2.29464
G1 X192.39 Y149.229 E0.00599
G1 X115.733 Y16.456 E2.29465
G1 X115.943 Y16.335 E0.00363
G1 X116.217 Y16.493 E0.00473
G1 X192.603 Y148.798 E2.28656
G1 X192.607 Y148.005 E0.01187
G1 X116.91 Y16.893 E2.26594
G1 X117.602 Y17.293 E0.01196
G1 X192.611 Y147.211 E2.24531
G1 X192.614 Y146.417 E0.01188
G1 X118.295 Y17.693 E2.22467
G1 X118.988 Y18.093 E0.01198
G1 X192.618 Y145.624 E2.20405
G1 X192.622 Y144.831 E0.01187
G1 X119.68 Y18.492 E2.18345
G1 X120.373 Y18.893 E0.01198
G1 X192.626 Y144.038 E2.16282
G1 X192.63 Y143.244 E0.01188
G1 X121.066 Y19.292 E2.1422
G1 X121.62 Y19.612 E0.00958
G1 X121.711 Y19.646 E0.00145
G1 X121.733 Y19.648 E0.00033
G1 X192.634 Y142.451 E2.12234
G1 X192.634 Y142.393 E0.00087
G1 X192.733 Y142.22 E0.00298
G1 X192.775 Y142.17 E0.00098
G1 X192.864 Y142.094 E0.00175
G1 X192.883 Y142.083 E0.00033
G1 X122.167 Y19.599 E2.11683
G1 X122.513 Y19.399 E0.00598
G1 X193.229 Y141.883 E2.11683
G1 X193.576 Y141.683 E0.00599
G1 X122.86 Y19.199 E2.11683
G1 X123.206 Y18.999 E0.00598
G1 X193.922 Y141.483 E2.11683
G1 X194.269 Y141.283 E0.00599
G1 X123.553 Y18.8 E2.11681
G1 X123.899 Y18.6 E0.00598
G1 X194.615 Y141.083 E2.11681
G1 X194.961 Y140.883 E0.00598
G1 X124.246 Y18.4 E2.1168
G1 X124.593 Y18.201 E0.00599
G1 X195.308 Y140.683 E2.11679
G1 X195.654 Y140.483 E0.00598
G1 X124.939 Y18.001 E2.11679
G1 X125.286 Y17.801 E0.00599
G1 X196.001 Y140.283 E2.11679
G1 X196.347 Y140.083 E0.00598
G1 X125.633 Y17.602 E2.11677
G1 X125.979 Y17.402 E0.00598
G1 X196.693 Y139.883 E2.11677
G1 X197.04 Y139.683 E0.00599
G1 X126.325 Y17.202 E2.11678
G1 X126.672 Y17.002 E0.00599
G1 X197.386 Y139.483 E2.11677
G1 X197.733 Y139.283 E0.00599
G1 X127.019 Y16.803 E2.11676
G1 X127.365 Y16.603 E0.00598
G1 X198.079 Y139.083 E2.11676
G1 X198.426 Y138.883 E0.00599
G1 X127.712 Y16.403 E2.11676
G1 X127.828 Y16.335 E0.00201
G1 X128.287 Y16.6 E0.00793
G1 X198.546 Y138.292 E2.10314
G1 X198.548 Y137.495 E0.01193
G1 X128.98 Y17 E2.08245
G1 X129.673 Y17.401 E0.01198
G1 X198.549 Y136.697 E2.06173
G1 X198.551 Y135.901 E0.01191
G1 X130.366 Y17.801 E2.04106
G1 X131.059 Y18.2 E0.01197
G1 X198.553 Y135.103 E2.02037
G1 X198.554 Y134.306 E0.01193
G1 X131.751 Y18.6 E1.99969
G1 X132.444 Y19 E0.01198
G1 X198.556 Y133.51 E1.97901
G1 X198.558 Y132.712 E0.01194
G1 X133.137 Y19.401 E1.9583
G1 X133.475 Y19.595 E0.00583
G1 X133.584 Y19.643 E0.00178
G1 X133.749 Y19.66 E0.00248
G1 X198.621 Y132.021 E1.94188
G1 X198.669 Y131.938 E0.00144
G1 X198.732 Y131.862 E0.00148
G1 X198.812 Y131.797 E0.00154
G1 X198.918 Y131.736 E0.00183
G1 X134.147 Y19.55 E1.93885
G1 X134.494 Y19.35 E0.00599
G1 X199.265 Y131.536 E1.93885
G1 X199.611 Y131.336 E0.00598
G1 X134.84 Y19.15 E1.93885
G1 X135.186 Y18.95 E0.00598
G1 X199.957 Y131.136 E1.93885
G1 X200.304 Y130.936 E0.00599
G1 X135.533 Y18.75 E1.93885
G1 X135.879 Y18.55 E0.00598
G1 X200.65 Y130.736 E1.93885
G1 X200.997 Y130.536 E0.00599
G1 X136.226 Y18.35 E1.93885
G1 X136.572 Y18.15 E0.00598
G1 X201.343 Y130.336 E1.93885
G1 X201.689 Y130.136 E0.00598
G1 X136.918 Y17.95 E1.93885
G1 X137.265 Y17.75 E0.00599
G1 X202.036 Y129.936 E1.93885
G1 X202.382 Y129.736 E0.00598
G1 X137.611 Y17.55 E1.93885
G1 X137.958 Y17.35 E0.00599
G1 X202.729 Y129.536 E1.93885
G1 X203.075 Y129.336 E0.00598
G1 X138.304 Y17.15 E1.93885
G1 X138.65 Y16.95 E0.00598
G1 X203.421 Y129.136 E1.93885
G1 X203.768 Y128.936 E0.00599
G1 X138.997 Y16.75 E1.93885
G1 X139.343 Y16.55 E0.00598
G1 X204.114 Y128.736 E1.93885
G1 X204.461 Y128.536 E0.00599
G1 X199.098 Y119.248 E0.16052
G0 F18000 X198.932 Y119.535
G0 X203.782 Y122.334
G0 X203.948 Y122.047
G1 F2400 X204.488 Y122.984 E0.01619
G0 F18000 X204.488 Y122.359
G1 F2400 X203.255 Y121.647 E0.02131
G1 X204.488 Y123.784 E0.03693
G1 X204.488 Y124.583 E0.01196
G1 X202.562 Y121.248 E0.05764
G1 X201.869 Y120.848 E0.01198
G1 X204.488 Y125.383 E0.07838
G1 X204.488 Y126.183 E0.01197
G1 X201.176 Y120.448 E0.09912
G1 X200.484 Y120.048 E0.01196
G1 X204.488 Y126.984 E0.11987
G1 X204.488 Y127.783 E0.01196
G1 X199.791 Y119.648 E0.14059
G1 X198.812 Y119.083 E0.01692
G1 X198.732 Y119.018 E0.00154
G1 X198.669 Y118.944 E0.00145
G1 X198.636 Y118.888 E0.00097
G1 X198.573 Y118.762 E0.00211
G1 X198.544 Y118.589 E0.00263
G1 X198.545 Y118.29 E0.00448
G1 X145.601 Y26.588 E1.58484
G0 F18000 X145.432 Y26.879
G0 X145.032 Y26.577
G0 X144.809 Y26.193
G0 X144.722 Y20.037
G0 X145.052 Y20.037
G1 F2400 X144.514 Y19.105 E0.01611
G0 F18000 X145.052 Y19.415
G1 F2400 X143.821 Y18.705 E0.02127
G1 X145.052 Y20.838 E0.03686
G1 X145.052 Y21.638 E0.01197
G1 X143.128 Y18.305 E0.0576
G1 X142.435 Y17.905 E0.01198
G1 X145.052 Y22.438 E0.07834
G1 X145.052 Y23.237 E0.01196
G1 X141.743 Y17.506 E0.09905
G1 X141.05 Y17.106 E0.01198
G1 X145.052 Y24.037 E0.11979
G1 X145.052 Y24.838 E0.01199
G1 X140.358 Y16.706 E0.14053
G1 X139.715 Y16.335 E0.01111
G1 X139.69 Y16.35 E0.00044
G1 X145.052 Y25.638 E0.16052
G1 X145.052 Y25.931 E0.00439
G1 X145.056 Y26.008 E0.00115
G1 X145.077 Y26.093 E0.00131
G1 X145.095 Y26.144 E0.00081
G1 X145.146 Y26.24 E0.00163
G1 X145.196 Y26.317 E0.00137
G1 X145.278 Y26.401 E0.00176
G1 X146.295 Y26.99 E0.01759
G1 X198.547 Y117.494 E1.56413
G1 X198.548 Y116.696 E0.01194
G1 X146.988 Y27.391 E1.54341
G1 X147.682 Y27.793 E0.012
G1 X198.55 Y115.899 E1.52269
G1 X198.552 Y115.103 E0.01191
G1 X148.375 Y28.194 E1.502
G1 X149.069 Y28.595 E0.012
G1 X198.554 Y114.306 E1.4813
G1 X198.556 Y113.508 E0.01194
G1 X149.763 Y28.996 E1.46058
G1 X150.457 Y29.398 E0.012
G1 X198.558 Y112.712 E1.43987
G1 X198.559 Y111.915 E0.01193
G1 X151.15 Y29.799 E1.41916
G1 X151.306 Y29.889 E0.0027
G1 X151.364 Y29.917 E0.00096
G1 X151.617 Y29.96 E0.00384
G1 X151.702 Y29.956 E0.00127
G1 X198.684 Y111.331 E1.40636
G1 X198.732 Y111.274 E0.00112
G1 X198.812 Y111.209 E0.00154
G1 X199.01 Y111.095 E0.00342
G1 X152.069 Y29.792 E1.40512
G1 X152.416 Y29.592 E0.00599
G1 X199.356 Y110.895 E1.40511
G1 X199.703 Y110.695 E0.00599
G1 X152.762 Y29.392 E1.40512
G1 X153.108 Y29.192 E0.00598
G1 X200.049 Y110.495 E1.40512
G1 X200.395 Y110.295 E0.00598
G1 X153.455 Y28.992 E1.40511
G1 X153.801 Y28.791 E0.00599
G1 X200.741 Y110.094 E1.40511
G1 X201.088 Y109.894 E0.00599
G1 X154.147 Y28.591 E1.40512
G1 X154.494 Y28.391 E0.00599
G1 X201.434 Y109.694 E1.40511
G1 X201.781 Y109.494 E0.00599
G1 X154.84 Y28.191 E1.40512
G1 X155.186 Y27.991 E0.00598
G1 X202.127 Y109.294 E1.40512
G1 X202.473 Y109.094 E0.00598
G1 X155.533 Y27.791 E1.40511
G1 X155.879 Y27.59 E0.00599
G1 X202.819 Y108.893 E1.40511
G1 X203.166 Y108.693 E0.00599
G1 X156.225 Y27.39 E1.40512
G1 X156.572 Y27.19 E0.00599
G1 X203.512 Y108.493 E1.40511
G1 X203.859 Y108.293 E0.00599
G1 X156.918 Y26.99 E1.40512
G1 X157.264 Y26.79 E0.00598
G1 X204.205 Y108.093 E1.40512
G1 X204.488 Y107.929 E0.0049
G1 X204.488 Y107.783 E0.00219
G1 X199.284 Y98.771 E0.15576
G1 X199.977 Y99.17 E0.01197
G1 X204.488 Y106.983 E0.13503
G1 X204.488 Y106.183 E0.01197
G1 X200.669 Y99.569 E0.11431
G1 X201.362 Y99.968 E0.01197
G1 X204.488 Y105.384 E0.09359
G1 X204.488 Y104.584 E0.01197
G1 X202.054 Y100.368 E0.07286
G1 X202.746 Y100.767 E0.01196
G1 X204.488 Y103.783 E0.05213
G1 X204.488 Y102.983 E0.01197
G1 X203.439 Y101.166 E0.0314
G1 X204.488 Y101.771 E0.01812
G0 F18000 X204.131 Y101.566
G1 F2400 X204.488 Y102.183 E0.01067
G0 F18000 X204.158 Y102.183
G0 X198.677 Y98.798
G0 X198.841 Y98.515
G1 F2400 X198.782 Y98.473 E0.00108
G1 X198.729 Y98.428 E0.00104
G1 X198.668 Y98.355 E0.00142
G1 X198.634 Y98.298 E0.00099
G1 X198.563 Y98.143 E0.00255
G1 X198.544 Y98.001 E0.00214
G1 X198.545 Y97.491 E0.00763
G1 X163.619 Y36.996 E1.0455
G1 X164.312 Y37.397 E0.01198
G1 X198.546 Y96.692 E1.02476
G1 X198.548 Y95.895 E0.01193
G1 X165.005 Y37.797 E1.00408
G1 X165.699 Y38.198 E0.012
G1 X198.549 Y95.097 E0.98335
G1 X198.55 Y94.3 E0.01193
G1 X166.392 Y38.599 E0.96264
G1 X167.085 Y39 E0.01198
G1 X198.551 Y93.501 E0.94191
G1 X198.553 Y92.704 E0.01193
G1 X167.778 Y39.401 E0.92121
G1 X168.472 Y39.802 E0.012
G1 X198.554 Y91.906 E0.90048
G1 X198.556 Y91.108 E0.01194
G1 X169.163 Y40.198 E0.87985
G1 X169.188 Y40.211 E0.00042
G1 X169.279 Y40.241 E0.00143
G1 X169.457 Y40.256 E0.00267
G1 X169.528 Y40.253 E0.00106
G1 X169.604 Y40.238 E0.00116
G1 X169.641 Y40.227 E0.00058
G1 X198.76 Y90.662 E0.87164
G1 X198.841 Y90.601 E0.00152
G1 X199.1 Y90.451 E0.00448
G1 X169.992 Y40.036 E0.8713
G1 X170.339 Y39.836 E0.00599
G1 X199.446 Y90.251 E0.8713
G1 X199.793 Y90.051 E0.00599
G1 X170.685 Y39.636 E0.8713
G1 X171.032 Y39.436 E0.00599
G1 X200.139 Y89.851 E0.8713
G1 X200.486 Y89.651 E0.00599
G1 X171.378 Y39.236 E0.8713
G1 X171.724 Y39.035 E0.00599
G1 X200.832 Y89.451 E0.87132
G1 X201.178 Y89.251 E0.00598
G1 X172.07 Y38.835 E0.87132
G1 X172.417 Y38.635 E0.00599
G1 X201.525 Y89.051 E0.87132
G1 X201.871 Y88.851 E0.00598
G1 X172.763 Y38.435 E0.87132
G1 X173.11 Y38.235 E0.00599
G1 X202.218 Y88.651 E0.87132
G1 X202.564 Y88.451 E0.00598
G1 X173.456 Y38.035 E0.87132
G1 X173.802 Y37.834 E0.00599
G1 X202.91 Y88.251 E0.87133
G1 X203.257 Y88.051 E0.00599
G1 X174.148 Y37.634 E0.87134
G1 X174.495 Y37.434 E0.00599
G1 X203.603 Y87.851 E0.87133
G1 X203.95 Y87.651 E0.00599
G1 X174.841 Y37.234 E0.87134
G1 X175.188 Y37.034 E0.00599
G1 X180.721 Y46.617 E0.16562
G1 X180.716 Y46.6 E0.00027
G1 X180.712 Y46.521 E0.00118
G1 X180.712 Y45.803 E0.01075
G1 X175.688 Y37.101 E0.15039
G1 X176.381 Y37.502 E0.01198
G1 X180.712 Y45.003 E0.12964
G1 X180.712 Y44.203 E0.01197
G1 X177.074 Y37.902 E0.1089
G1 X177.767 Y38.302 E0.01198
G1 X180.713 Y43.404 E0.08818
G1 X180.713 Y42.603 E0.01199
G1 X178.461 Y38.703 E0.0674
G1 X179.154 Y39.103 E0.01198
G1 X180.713 Y41.803 E0.04666
G1 X180.712 Y41.003 E0.01197
G1 X179.846 Y39.503 E0.02592
G1 X180.539 Y39.903 E0.01198
G1 X180.713 Y40.204 E0.0052
G0 F18000 X180.383 Y40.204
G0 X180.445 Y46.74
G0 X180.763 Y47.277
G0 X180.932 Y46.984
G1 F2400 X186.668 Y56.918 E0.17169
G1 X186.658 Y56.873 E0.00069
G1 X186.657 Y56.1 E0.01157
G1 X181.635 Y47.401 E0.15034
G1 X182.328 Y47.801 E0.01198
G1 X186.657 Y55.3 E0.1296
G1 X186.657 Y54.5 E0.01197
G1 X183.021 Y48.201 E0.10886
G1 X183.713 Y48.601 E0.01196
G1 X186.657 Y53.699 E0.08811
G1 X186.657 Y52.899 E0.01197
G1 X184.406 Y49.001 E0.06737
G1 X185.099 Y49.401 E0.01198
G1 X186.657 Y52.099 E0.04663
G1 X186.656 Y51.298 E0.01199
G1 X185.791 Y49.8 E0.02589
G1 X186.484 Y50.2 E0.01198
G1 X186.656 Y50.497 E0.00514
G0 F18000 X186.327 Y50.497
G0 X186.389 Y57.034
G0 X186.702 Y57.569
G0 X186.873 Y57.274
G1 F2400 X192.612 Y67.213 E0.17178
G1 X192.6 Y67.143 E0.00106
G1 X192.6 Y66.394 E0.01121
G1 X187.578 Y57.695 E0.15034
G1 X188.271 Y58.096 E0.01198
G1 X192.6 Y65.594 E0.12958
G1 X192.6 Y64.794 E0.01197
G1 X188.964 Y58.496 E0.10884
G1 X189.657 Y58.896 E0.01198
G1 X192.6 Y63.993 E0.08809
G1 X192.601 Y63.194 E0.01196
G1 X190.35 Y59.296 E0.06737
G1 X191.043 Y59.696 E0.01198
G1 X192.601 Y62.394 E0.04663
G1 X192.6 Y61.594 E0.01197
G1 X191.736 Y60.096 E0.02588
G1 X192.429 Y60.497 E0.01198
G1 X192.6 Y60.794 E0.00513
G0 F18000 X192.27 Y60.794
G0 X192.332 Y67.329
G0 X192.649 Y67.866
G0 X192.819 Y67.572
G1 F2400 X198.557 Y77.51 E0.17176
G1 X198.546 Y77.468 E0.00065
G1 X198.546 Y76.692 E0.01161
G1 X193.521 Y67.988 E0.15042
G1 X194.214 Y68.388 E0.01198
G1 X198.546 Y75.892 E0.12968
G1 X198.546 Y75.091 E0.01199
G1 X194.906 Y68.788 E0.10894
G1 X195.599 Y69.188 E0.01198
G1 X198.545 Y74.29 E0.08818
G1 X198.545 Y73.49 E0.01197
G1 X196.292 Y69.587 E0.06745
G1 X196.985 Y69.987 E0.01198
G1 X198.545 Y72.69 E0.04671
G1 X198.545 Y71.89 E0.01197
G1 X197.677 Y70.387 E0.02598
G1 X198.37 Y70.787 E0.01198
G1 X198.545 Y71.09 E0.00524
G0 F18000 X198.214 Y71.09
G0 X198.276 Y77.623
G0 X198.589 Y78.158
G0 X198.76 Y77.863
G1 F2400 X204.296 Y87.451 E0.16571
G1 X204.488 Y87.342 E0.0033
G1 X204.488 Y86.984 E0.00536
G1 X199.465 Y78.284 E0.15036
G1 X200.158 Y78.684 E0.01198
G1 X204.488 Y86.184 E0.12962
G1 X204.488 Y85.384 E0.01197
G1 X200.851 Y79.084 E0.10888
G1 X201.544 Y79.484 E0.01198
G1 X204.488 Y84.584 E0.08814
G1 X204.488 Y83.784 E0.01197
G1 X202.237 Y79.884 E0.0674
G1 X202.93 Y80.284 E0.01198
G1 X204.488 Y82.984 E0.04666
G1 X204.488 Y82.184 E0.01197
G1 X203.622 Y80.684 E0.02592
G1 X204.315 Y81.084 E0.01198
G1 X204.488 Y81.384 E0.00518
G0 F18000 X204.158 Y81.384
G0 X198.524 Y78.05
G0 X162.948 Y36.991
G0 X163.114 Y36.704
G1 F2400 X163.016 Y36.604 E0.0021
G1 X162.973 Y36.535 E0.00122
G1 X162.922 Y36.44 E0.00161
G1 X162.905 Y36.389 E0.0008
G1 X162.884 Y36.304 E0.00131
G1 X162.88 Y36.224 E0.0012
G1 X162.88 Y35.717 E0.00759
G1 X157.675 Y26.702 E0.1558
G1 X158.369 Y27.103 E0.012
G1 X162.88 Y34.917 E0.13504
G1 X162.88 Y34.117 E0.01197
G1 X159.062 Y27.503 E0.1143
G1 X159.755 Y27.904 E0.01198
G1 X162.88 Y33.317 E0.09355
G1 X162.88 Y32.516 E0.01199
G1 X160.448 Y28.305 E0.07278
G1 X161.142 Y28.706 E0.012
G1 X162.88 Y31.717 E0.05203
G1 X162.88 Y30.917 E0.01197
G1 X161.835 Y29.107 E0.03128
G1 X162.88 Y29.71 E0.01806
G0 F18000 X162.528 Y29.507
G1 F2400 X162.88 Y30.117 E0.01054
G0 F18000 X162.552 Y30.117
G0 X21.786 Y132.359
G0 X21.454 Y132.359
G1 F2400 X21.454 Y132.239 E0.0018
G1 X21.434 Y132.141 E0.0015
G1 X21.384 Y132.026 E0.00188
G1 X21.313 Y131.918 E0.00193
G1 X21.254 Y131.852 E0.00132
G1 X21.189 Y131.798 E0.00126
G1 X21.1 Y131.747 E0.00154
G1 X15.638 Y122.286 E0.16351
G1 X15.512 Y122.359 E0.00218
G1 X15.511 Y122.866 E0.00759
G1 X20.407 Y131.346 E0.14656
G1 X19.715 Y130.947 E0.01196
G1 X15.511 Y123.666 E0.12584
G1 X15.511 Y124.467 E0.01199
G1 X19.022 Y130.547 E0.10508
G1 X18.329 Y130.147 E0.01198
G1 X15.512 Y125.267 E0.08433
G1 X15.511 Y126.066 E0.01196
G1 X17.636 Y129.747 E0.06362
G1 X16.944 Y129.347 E0.01196
G1 X15.511 Y126.866 E0.04288
G1 X15.511 Y127.666 E0.01197
G1 X16.251 Y128.947 E0.02214
G1 X15.558 Y128.547 E0.01198
G1 X15.511 Y128.467 E0.00139
G0 F18000 X15.828 Y128.339
G0 X21.476 Y131.655
G0 X21.699 Y132.039
G0 X21.772 Y138.634
G0 X21.456 Y138.763
G1 F2400 X21.499 Y138.838 E0.00129
G1 X22.192 Y139.238 E0.01198
G1 X21.456 Y137.963 E0.02203
G1 X21.455 Y137.162 E0.01199
G1 X22.885 Y139.638 E0.0428
G1 X23.578 Y140.039 E0.01198
G1 X21.455 Y136.361 E0.06356
G1 X21.455 Y135.56 E0.01199
G1 X24.271 Y140.439 E0.08431
G1 X24.964 Y140.84 E0.01198
G1 X21.454 Y134.76 E0.10508
G1 X21.454 Y133.959 E0.01199
G1 X25.657 Y141.24 E0.12583
G1 X26.35 Y141.64 E0.01198
G1 X21.454 Y133.159 E0.14657
G1 X21.454 Y132.359 E0.01197
G1 X27.043 Y142.04 E0.16731
G1 X27.111 Y142.08 E0.00118
G1 X27.186 Y142.136 E0.0014
G1 X27.274 Y142.235 E0.00198
G1 X27.353 Y142.371 E0.00235
G1 X27.381 Y142.449 E0.00124
G1 X27.4 Y142.56 E0.00169
G1 X27.4 Y142.658 E0.00147
G0 F18000 X27.73 Y142.658
G0 X27.716 Y148.929
G0 X27.4 Y149.058
G1 F2400 X27.443 Y149.133 E0.00129
G1 X28.136 Y149.533 E0.01198
G1 X27.4 Y148.258 E0.02203
G1 X27.4 Y147.458 E0.01197
G1 X28.829 Y149.933 E0.04277
G1 X29.522 Y150.333 E0.01198
G1 X27.4 Y146.658 E0.06351
G1 X27.4 Y145.858 E0.01197
G1 X30.214 Y150.732 E0.08423
G1 X30.907 Y151.132 E0.01198
G1 X27.4 Y145.058 E0.10498
G1 X27.4 Y144.258 E0.01197
G1 X31.6 Y151.533 E0.12573
G1 X32.292 Y151.932 E0.01196
G1 X27.4 Y143.458 E0.14645
G1 X27.4 Y142.658 E0.01197
G1 X32.985 Y152.332 E0.16719
G1 X33.046 Y152.367 E0.00105
G1 X33.155 Y152.451 E0.00206
G1 X33.239 Y152.563 E0.0021
G1 X33.294 Y152.667 E0.00176
G1 X33.321 Y152.741 E0.00118
G1 X33.34 Y152.852 E0.00169
G1 X33.34 Y152.946 E0.00141
G0 F18000 X33.673 Y152.946
G0 X80.829 Y193.305
G0 X80.661 Y193.594
G1 F2400 X80.738 Y193.671 E0.00163
G1 X80.775 Y193.723 E0.00096
G1 X80.833 Y193.819 E0.00168
G1 X80.862 Y193.888 E0.00112
G1 X80.885 Y193.979 E0.0014
G1 X80.891 Y194.028 E0.00074
G1 X80.891 Y194.508 E0.00718
G1 X86.151 Y203.617 E0.15743
G1 X85.458 Y203.217 E0.01198
G1 X80.891 Y195.308 E0.13669
G1 X80.891 Y196.108 E0.01197
G1 X84.765 Y202.817 E0.11595
G1 X84.072 Y202.417 E0.01198
G1 X80.891 Y196.908 E0.09521
G1 X80.891 Y197.708 E0.01197
G1 X83.379 Y202.017 E0.07447
G1 X82.686 Y201.616 E0.01198
G1 X80.892 Y198.508 E0.05371
G1 X80.892 Y199.308 E0.01197
G1 X81.993 Y201.216 E0.03297
G1 X80.892 Y200.581 E0.01902
G0 F18000 X81.3 Y200.816
G1 F2400 X80.892 Y200.109 E0.01222
G0 F18000 X81.502 Y200.109
G1 F1800 E-3.5
;MESH:NONMESH
G0 F1200 X81.502 Y200.109 Z0.3
G0 F18000 X80.76 Y193.958
G0 X39.001 Y46.86
G0 X37.693 Y45.949
G0 X34.381 Y33.983
G0 X33.513 Y32.793
G0 X35.174 Y27.511
G0 X35.416 Y26.161
G0 X35.477 Y24.791
G0 X35.361 Y23.426
G0 X35.068 Y22.089
G0 X34.408 Y20.385
G0 X33.597 Y19.008
G0 X32.585 Y17.77
G0 X31.395 Y16.698
G0 X30.15 Y15.902
G0 X26.912 Y14.105
G0 X27.026 Y13.414
;TIME_ELAPSED:1799.792103
;LAYER:1
;TYPE:WALL-OUTER
;MESH:01_Prime_Insulator.STL
G1 F1800 E3.52079
G1 F2700 X26.788 Y13.375 E0.00632
G1 X26.263 Y13.308 E0.01388
G1 X25.736 Y13.264 E0.01387
G1 X25.501 Y13.25 E0.00617
G1 X25.246 Y13.242 E0.00669
G1 X24.972 Y13.238 E0.00719
G1 X24.722 Y13.242 E0.00656
G1 X24.478 Y13.25 E0.0064
G1 X23.963 Y13.286 E0.01354
G1 X23.564 Y13.33 E0.01053
G1 X23.21 Y13.377 E0.00937
G1 X22.979 Y13.412 E0.00613
G1 X22.399 Y13.529 E0.01552
G1 X21.944 Y13.642 E0.0123
G1 X21.699 Y13.71 E0.00667
G1 X21.303 Y13.832 E0.01087
G1 X21.3 Y13.836 E0.00013
G1 X21.119 Y13.9 E0.00503
G1 X21.116 Y13.897 E0.00011
G1 X20.811 Y14.011 E0.00854
G1 X20.255 Y14.237 E0.01574
G1 X19.998 Y14.356 E0.00743
G1 X19.529 Y14.586 E0.0137
G1 X19.304 Y14.708 E0.00671
G1 X18.876 Y14.958 E0.013
G1 X18.672 Y15.085 E0.0063
G1 X18.446 Y15.232 E0.00707
G1 X18.247 Y15.368 E0.00632
G1 X18.039 Y15.518 E0.00673
G1 X17.84 Y15.667 E0.00652
G1 X17.428 Y15.999 E0.01388
G1 X17.04 Y16.34 E0.01355
G1 X16.862 Y16.506 E0.00638
G1 X16.658 Y16.708 E0.00753
G1 X16.155 Y17.246 E0.01932
G1 X15.815 Y17.652 E0.01389
G1 X15.505 Y18.058 E0.0134
G1 X15.21 Y18.48 E0.0135
G1 X14.943 Y18.906 E0.01319
G1 X14.675 Y19.364 E0.01392
G1 X14.459 Y19.785 E0.01241
G1 X14.338 Y20.036 E0.00731
G1 X14.23 Y20.272 E0.00681
G1 X14.126 Y20.517 E0.00698
G1 X13.942 Y20.992 E0.01336
G1 X13.784 Y21.467 E0.01313
G1 X13.699 Y21.737 E0.00742
G1 X13.575 Y22.211 E0.01285
G1 X13.513 Y22.483 E0.00732
G1 X13.413 Y22.973 E0.01312
G1 X13.376 Y23.216 E0.00645
G1 X13.309 Y23.722 E0.01339
G1 X13.269 Y24.2 E0.01258
G1 X13.25 Y24.5 E0.00788
G1 X13.242 Y24.751 E0.00659
G1 X13.238 Y25.028 E0.00727
G1 X13.242 Y25.278 E0.00656
G1 X13.25 Y25.517 E0.00627
G1 X13.286 Y26.032 E0.01354
G1 X13.33 Y26.436 E0.01066
G1 X13.369 Y26.742 E0.00809
G1 X13.419 Y27.05 E0.00818
G1 X13.566 Y27.761 E0.01904
G1 X13.71 Y28.297 E0.01456
G1 X13.838 Y28.705 E0.01121
G1 X13.94 Y28.995 E0.00806
G1 X14.137 Y29.51 E0.01446
G1 X14.248 Y29.764 E0.00727
G1 X14.355 Y29.997 E0.00672
G1 X14.584 Y30.46 E0.01355
G1 X14.702 Y30.679 E0.00652
G1 X14.819 Y30.886 E0.00624
G1 X15.087 Y31.327 E0.01353
G1 X15.23 Y31.547 E0.00688
G1 X15.379 Y31.764 E0.0069
G1 X15.518 Y31.957 E0.00624
G1 X15.679 Y32.171 E0.00702
G1 X15.854 Y32.393 E0.00741
G1 X16.325 Y32.944 E0.01901
G1 X16.526 Y33.154 E0.00762
G1 X16.688 Y33.318 E0.00605
G1 X16.693 Y33.32 E0.00014
G1 X17.082 Y33.694 E0.01415
G1 X17.247 Y33.841 E0.0058
G1 X17.445 Y34.011 E0.00684
G1 X17.635 Y34.167 E0.00645
G1 X18.049 Y34.485 E0.01369
G1 X18.279 Y34.649 E0.00741
G1 X18.474 Y34.782 E0.00619
G1 X18.686 Y34.919 E0.00662
G1 X19.143 Y35.196 E0.01401
G1 X19.363 Y35.321 E0.00664
G1 X19.734 Y35.512 E0.01094
G1 X20.036 Y35.658 E0.0088
G1 X20.272 Y35.766 E0.00681
G1 X20.516 Y35.87 E0.00696
G1 X20.973 Y36.049 E0.01287
G1 X21.454 Y36.209 E0.01329
G1 X21.737 Y36.297 E0.00777
G1 X22.214 Y36.421 E0.01293
G1 X22.745 Y36.541 E0.01428
G1 X22.964 Y36.581 E0.00584
G1 X23.208 Y36.621 E0.00648
G1 X23.733 Y36.688 E0.01388
G1 X23.988 Y36.715 E0.00672
G1 X24.265 Y36.735 E0.00728
G1 X24.493 Y36.746 E0.00599
G1 X25.007 Y36.758 E0.01348
G1 X25.282 Y36.754 E0.00721
G1 X25.798 Y36.732 E0.01354
G1 X26.01 Y36.716 E0.00558
G1 X26.44 Y36.669 E0.01134
G1 X27.051 Y36.579 E0.0162
G1 X27.28 Y36.536 E0.00611
G1 X27.581 Y36.471 E0.00808
G1 X28.057 Y36.352 E0.01287
G1 X28.314 Y36.281 E0.00699
G1 X28.696 Y36.16 E0.01051
G1 X28.879 Y36.096 E0.00508
G1 X28.882 Y36.098 E0.00009
G1 X29.186 Y35.988 E0.00848
G1 X29.414 Y35.899 E0.00642
G1 X29.761 Y35.751 E0.00989
G1 X30.003 Y35.641 E0.00697
G1 X30.463 Y35.411 E0.01349
G1 X30.666 Y35.304 E0.00602
G1 X31.13 Y35.035 E0.01407
G1 X31.55 Y34.764 E0.01311
G1 X31.749 Y34.628 E0.00632
G1 X31.958 Y34.477 E0.00676
G1 X32.348 Y34.182 E0.01282
G1 X32.608 Y33.962 E0.00893
G1 X32.95 Y33.661 E0.01195
G1 X33.144 Y33.479 E0.00698
G1 X33.344 Y33.285 E0.00731
G1 X33.668 Y32.943 E0.01236
G1 X33.846 Y32.744 E0.007
G1 X34.01 Y32.553 E0.0066
G1 X34.177 Y32.35 E0.00689
G1 X34.34 Y32.14 E0.00697
G1 X34.489 Y31.941 E0.00652
G1 X34.783 Y31.521 E0.01345
G1 X34.927 Y31.304 E0.00683
G1 X35.056 Y31.091 E0.00653
G1 X35.328 Y30.618 E0.01431
G1 X35.538 Y30.212 E0.01199
G1 X35.762 Y29.735 E0.01382
G1 X35.936 Y29.314 E0.01195
G1 X36.052 Y29.008 E0.00858
G1 X36.199 Y28.589 E0.01165
G1 X36.299 Y28.25 E0.00927
G1 X36.421 Y27.785 E0.01261
G1 X36.541 Y27.251 E0.01435
G1 X36.623 Y26.788 E0.01233
G1 X36.688 Y26.266 E0.0138
G1 X36.715 Y26.011 E0.00672
G1 X36.734 Y25.772 E0.00629
G1 X36.746 Y25.507 E0.00696
G1 X36.757 Y25.007 E0.01312
G1 X36.753 Y24.711 E0.00776
G1 X36.746 Y24.478 E0.00611
G1 X36.732 Y24.199 E0.00733
G1 X36.716 Y23.986 E0.0056
G1 X36.67 Y23.554 E0.01139
G1 X36.626 Y23.225 E0.00871
G1 X36.578 Y22.943 E0.0075
G1 X36.467 Y22.387 E0.01487
G1 X36.357 Y21.944 E0.01197
G1 X36.298 Y21.725 E0.00595
G1 X36.293 Y21.723 E0.00014
G1 X36.164 Y21.303 E0.01152
G1 X36.16 Y21.3 E0.00013
G1 X36.096 Y21.116 E0.00511
G1 X36.098 Y21.113 E0.00009
G1 X35.989 Y20.807 E0.00852
G1 X35.9 Y20.584 E0.0063
G1 X35.753 Y20.24 E0.00981
G1 X35.64 Y19.991 E0.00717
G1 X35.411 Y19.532 E0.01345
G1 X35.29 Y19.308 E0.00668
G1 X35.181 Y19.116 E0.00579
G1 X35.038 Y18.875 E0.00735
G1 X34.913 Y18.674 E0.00621
G1 X34.773 Y18.459 E0.00673
G1 X34.628 Y18.247 E0.00674
G1 X34.478 Y18.038 E0.00675
G1 X34.344 Y17.861 E0.00582
G1 X34.147 Y17.609 E0.00839
G1 X34.001 Y17.432 E0.00602
G1 X33.661 Y17.046 E0.01349
G1 X33.49 Y16.862 E0.00659
G1 X33.288 Y16.659 E0.00751
G1 X32.919 Y16.307 E0.01337
G1 X32.745 Y16.151 E0.00613
G1 X32.552 Y15.985 E0.00668
G1 X32.352 Y15.822 E0.00677
G1 X32.14 Y15.656 E0.00706
G1 X31.941 Y15.507 E0.00652
G1 X31.526 Y15.219 E0.01325
G1 X31.303 Y15.072 E0.007
G1 X30.86 Y14.807 E0.01354
G1 X30.63 Y14.674 E0.00697
G1 X30.215 Y14.459 E0.01226
G1 X29.724 Y14.23 E0.01421
G1 X29.468 Y14.121 E0.0073
G1 X29.023 Y13.951 E0.01249
G1 X28.53 Y13.783 E0.01366
G1 X28.259 Y13.699 E0.00744
G1 X27.785 Y13.575 E0.01285
G1 X27.543 Y13.518 E0.00652
G1 X27.026 Y13.414 E0.01383
G0 F18000 X26.829 Y13.382
G0 X26.715 Y14.073
G0 X23.813 Y14.185
G0 X22.18 Y14.493
G0 X20.615 Y15.044
G0 X19.155 Y15.824
G0 X18.002 Y16.67
G0 X16.977 Y17.65
G0 X15.876 Y19.075
G0 X15.043 Y20.616
G0 X14.455 Y22.324
G0 X14.184 Y23.817
G0 X14.123 Y25.242
G0 X14.247 Y26.657
G0 X14.622 Y28.267
G0 X15.242 Y29.812
G0 X16.091 Y31.245
G0 X17.141 Y32.523
G0 X18.377 Y33.632
G0 X19.507 Y34.368
G0 X20.789 Y35.096
G0 X21.067 Y34.454
G1 F2700 X20.872 Y34.369 E0.00558
G1 X20.386 Y34.144 E0.01405
G1 X19.874 Y33.868 E0.01525
G1 X19.639 Y33.727 E0.00719
G1 X19.123 Y33.386 E0.01622
G1 X18.76 Y33.12 E0.0118
G1 X18.575 Y32.975 E0.00616
G1 X18.411 Y32.841 E0.00555
G1 X18.085 Y32.554 E0.01139
G1 X17.918 Y32.396 E0.00603
G1 X17.596 Y32.078 E0.01187
G1 X17.441 Y31.91 E0.00599
G1 X17.173 Y31.606 E0.01063
G1 X17.013 Y31.412 E0.00659
G1 X16.874 Y31.233 E0.00594
G1 X16.607 Y30.868 E0.01186
G1 X16.479 Y30.682 E0.00592
G1 X16.243 Y30.308 E0.0116
G1 X16.019 Y29.921 E0.01173
G1 X15.808 Y29.517 E0.01195
G1 X15.624 Y29.125 E0.01136
G1 X15.538 Y28.925 E0.00571
G1 X15.377 Y28.505 E0.0118
G1 X15.299 Y28.288 E0.00605
G1 X15.23 Y28.076 E0.00585
G1 X15.145 Y27.791 E0.0078
G1 X15.147 Y27.788 E0.00009
G1 X15.042 Y27.396 E0.01064
G1 X14.998 Y27.208 E0.00506
G1 X14.952 Y26.992 E0.00579
G1 X14.884 Y26.581 E0.01093
G1 X14.875 Y26.549 E0.00087
G1 X14.818 Y26.118 E0.0114
G1 X14.778 Y25.664 E0.01195
G1 X14.762 Y25.224 E0.01155
G1 X14.758 Y24.996 E0.00598
G1 X14.762 Y24.773 E0.00585
G1 X14.778 Y24.326 E0.01173
G1 X14.819 Y23.875 E0.01188
G1 X14.876 Y23.44 E0.01151
G1 X14.883 Y23.415 E0.00068
G1 X14.953 Y23.006 E0.01088
G1 X14.999 Y22.783 E0.00597
G1 X15.076 Y22.463 E0.00863
G1 X15.138 Y22.227 E0.0064
G1 X15.301 Y21.703 E0.01439
G1 X15.378 Y21.487 E0.00601
G1 X15.542 Y21.067 E0.01182
G1 X15.627 Y20.872 E0.00558
G1 X15.852 Y20.39 E0.01395
G1 X16.13 Y19.872 E0.01542
G1 X16.271 Y19.642 E0.00708
G1 X16.413 Y19.418 E0.00696
G1 X16.61 Y19.123 E0.0093
G1 X16.879 Y18.757 E0.01191
G1 X17.178 Y18.385 E0.01252
G1 X17.444 Y18.086 E0.0105
G1 X17.601 Y17.917 E0.00605
G1 X17.92 Y17.598 E0.01183
G1 X18.086 Y17.441 E0.00599
G1 X18.408 Y17.159 E0.01123
G1 X18.58 Y17.016 E0.00587
G1 X19.101 Y16.626 E0.01707
G1 X19.31 Y16.483 E0.00664
G1 X19.688 Y16.244 E0.01173
G1 X20.072 Y16.019 E0.01167
G1 X20.48 Y15.807 E0.01206
G1 X20.875 Y15.625 E0.01141
G1 X21.075 Y15.539 E0.00571
G1 X21.367 Y15.425 E0.00822
G1 X21.714 Y15.3 E0.00967
G1 X21.92 Y15.23 E0.00571
G1 X22.191 Y15.148 E0.00743
G1 X22.566 Y15.05 E0.01016
G1 X23.004 Y14.952 E0.01177
G1 X23.415 Y14.883 E0.01093
G1 X23.426 Y14.879 E0.00031
G1 X23.882 Y14.818 E0.01207
G1 X24.336 Y14.778 E0.01195
G1 X24.776 Y14.762 E0.01155
G1 X25 Y14.757 E0.00588
G1 X25.224 Y14.761 E0.00588
G1 X25.674 Y14.778 E0.01181
G1 X26.121 Y14.819 E0.01177
G1 X26.558 Y14.876 E0.01156
G1 X26.581 Y14.883 E0.00063
G1 X26.992 Y14.954 E0.01094
G1 X27.22 Y15.003 E0.00612
G1 X27.533 Y15.076 E0.00843
G1 X27.768 Y15.138 E0.00637
G1 X28.296 Y15.304 E0.01452
G1 X28.505 Y15.378 E0.00581
G1 X28.929 Y15.541 E0.01191
G1 X29.125 Y15.628 E0.00562
G1 X29.609 Y15.855 E0.01402
G1 X29.923 Y16.02 E0.0093
G1 X30.124 Y16.13 E0.00601
G1 X30.354 Y16.271 E0.00708
G1 X30.578 Y16.413 E0.00696
G1 X30.873 Y16.61 E0.0093
G1 X31.237 Y16.878 E0.01185
G1 X31.422 Y17.021 E0.00613
G1 X31.61 Y17.177 E0.00641
G1 X31.916 Y17.447 E0.0107
G1 X32.239 Y17.757 E0.01174
G1 X32.4 Y17.918 E0.00597
G1 X32.555 Y18.086 E0.00599
G1 X32.823 Y18.39 E0.01063
G1 X32.98 Y18.581 E0.00648
G1 X33.122 Y18.764 E0.00607
G1 X33.418 Y19.17 E0.01318
G1 X33.63 Y19.488 E0.01002
G1 X33.753 Y19.684 E0.00607
G1 X33.977 Y20.072 E0.01175
G1 X34.184 Y20.471 E0.01179
G1 X34.377 Y20.883 E0.01193
G1 X34.457 Y21.073 E0.00541
G1 X34.575 Y21.37 E0.00838
G1 X34.702 Y21.718 E0.00972
G1 X34.833 Y22.138 E0.01154
G1 X34.893 Y22.354 E0.00588
G1 X34.998 Y22.785 E0.01163
G1 X35.044 Y23.004 E0.00587
G1 X35.113 Y23.415 E0.01093
G1 X35.117 Y23.426 E0.00031
G1 X35.178 Y23.879 E0.01199
G1 X35.218 Y24.331 E0.0119
G1 X35.238 Y24.776 E0.01168
G1 X35.238 Y25.225 E0.01178
G1 X35.218 Y25.674 E0.01179
G1 X35.177 Y26.121 E0.01177
G1 X35.117 Y26.57 E0.01188
G1 X35.113 Y26.581 E0.00031
G1 X35.043 Y26.99 E0.01088
G1 X34.997 Y27.212 E0.00595
G1 X34.924 Y27.523 E0.00838
G1 X34.831 Y27.863 E0.00924
G1 X34.754 Y28.12 E0.00704
G1 X34.695 Y28.297 E0.00489
G1 X34.617 Y28.515 E0.00607
G1 X34.455 Y28.923 E0.01151
G1 X34.369 Y29.124 E0.00573
G1 X34.144 Y29.611 E0.01407
G1 X33.868 Y30.122 E0.01523
G1 X33.733 Y30.347 E0.00688
G1 X33.582 Y30.583 E0.00735
G1 X33.385 Y30.873 E0.00919
G1 X33.118 Y31.237 E0.01184
G1 X32.975 Y31.421 E0.00611
G1 X32.841 Y31.585 E0.00555
G1 X32.553 Y31.917 E0.01153
G1 X32.078 Y32.4 E0.01777
G1 X31.91 Y32.555 E0.00599
G1 X31.606 Y32.823 E0.01063
G1 X31.417 Y32.979 E0.00643
G1 X31.234 Y33.121 E0.00607
G1 X30.895 Y33.37 E0.01103
G1 X30.686 Y33.513 E0.00664
G1 X30.309 Y33.752 E0.01171
G1 X29.927 Y33.977 E0.01163
G1 X29.527 Y34.184 E0.01181
G1 X29.122 Y34.376 E0.01175
G1 X28.634 Y34.571 E0.01378
G1 X28.278 Y34.702 E0.00995
G1 X27.864 Y34.831 E0.01137
G1 X27.645 Y34.893 E0.00597
G1 X27.211 Y34.998 E0.01171
G1 X26.992 Y35.044 E0.00587
G1 X26.581 Y35.112 E0.01093
G1 X26.57 Y35.117 E0.00032
G1 X26.114 Y35.178 E0.01207
G1 X25.665 Y35.218 E0.01182
G1 X25.216 Y35.238 E0.01179
G1 X24.771 Y35.238 E0.01167
G1 X24.327 Y35.218 E0.01166
G1 X23.875 Y35.177 E0.0119
G1 X23.438 Y35.12 E0.01156
G1 X23.415 Y35.113 E0.00063
G1 X23.004 Y35.042 E0.01094
G1 X22.778 Y34.994 E0.00606
G1 X22.468 Y34.923 E0.00834
G1 X22.124 Y34.826 E0.00937
G1 X21.895 Y34.757 E0.00627
G1 X21.49 Y34.621 E0.0112
G1 X21.067 Y34.454 E0.01193
G0 F18000 X20.884 Y34.375
G0 X20.606 Y35.017
G0 X22.882 Y35.672
G0 X24.291 Y35.857
G0 X25.711 Y35.857
G0 X27.355 Y35.622
G0 X28.853 Y35.175
G0 X30.235 Y34.538
G0 X32.674 Y32.964
G0 X32.901 Y33.197
;TYPE:SKIN
G1 F3600 X32.697 Y33.392 E0.00845
G1 X32.32 Y33.722 E0.015
G1 X32.14 Y33.873 E0.00703
G1 X31.943 Y34.026 E0.00747
G1 X31.739 Y34.179 E0.00763
G1 X31.537 Y34.324 E0.00744
G1 X31.345 Y34.455 E0.00696
G1 X30.93 Y34.724 E0.0148
G1 X30.489 Y34.979 E0.01525
G1 X30.294 Y35.082 E0.0066
G1 X29.844 Y35.307 E0.01506
G1 X29.608 Y35.414 E0.00776
G1 X29.275 Y35.556 E0.01084
G1 X29.057 Y35.642 E0.00702
G1 X28.511 Y35.833 E0.01732
G1 X28.21 Y35.925 E0.00942
G1 X28.143 Y35.944 E0.00208
G1 X32.901 Y33.197 E0.16446
G0 F18000 X32.674 Y32.964
G0 X30.235 Y34.538
G0 X29.451 Y34.899
G0 X27.83 Y35.565
G0 X27.748 Y35.249
G1 F3600 X27.967 Y35.187 E0.00681
G1 X28.432 Y35.042 E0.01458
G1 X28.443 Y35.033 E0.00043
G1 X28.762 Y34.917 E0.01016
G1 X28.98 Y34.833 E0.00699
G1 X29.269 Y34.715 E0.00934
G1 X29.689 Y34.516 E0.01391
G1 X30.102 Y34.303 E0.01391
G1 X30.529 Y34.052 E0.01483
G1 X30.885 Y33.826 E0.01262
G1 X31.082 Y33.69 E0.00717
G1 X31.096 Y33.684 E0.00046
G1 X31.458 Y33.416 E0.01348
G1 X31.647 Y33.269 E0.00717
G1 X31.844 Y33.108 E0.00762
G1 X32.155 Y32.831 E0.01247
G1 X32.332 Y32.668 E0.0072
G1 X32.483 Y32.515 E0.00643
G1 X34.418 Y31.398 E0.06688
G1 X34.615 Y31.105 E0.01057
G1 X34.737 Y30.903 E0.00706
G1 X34.867 Y30.676 E0.00783
G1 X33.335 Y31.561 E0.05296
G1 X33.412 Y31.462 E0.00375
G1 X33.695 Y31.077 E0.0143
G1 X33.9 Y30.773 E0.01098
G1 X35.224 Y30.008 E0.04577
G1 X35.421 Y29.589 E0.01386
G1 X35.506 Y29.384 E0.00664
G1 X34.317 Y30.07 E0.04109
G1 X34.472 Y29.782 E0.00979
G1 X34.639 Y29.422 E0.01188
G1 X35.737 Y28.788 E0.03795
G1 X35.848 Y28.471 E0.01005
G1 X35.921 Y28.22 E0.00782
G1 X34.899 Y28.81 E0.03532
G1 X34.962 Y28.649 E0.00518
G1 X35.044 Y28.42 E0.00728
G1 X35.108 Y28.228 E0.00606
G1 X36.066 Y27.675 E0.03311
G1 X36.122 Y27.438 E0.00729
G1 X36.183 Y27.145 E0.00896
G1 X35.268 Y27.674 E0.03164
G1 X35.36 Y27.291 E0.01179
G1 X35.39 Y27.141 E0.00458
G1 X36.269 Y26.634 E0.03038
G1 X36.33 Y26.137 E0.01499
G1 X35.484 Y26.625 E0.02924
G1 X35.549 Y26.126 E0.01506
G1 X36.368 Y25.653 E0.02831
G1 X36.376 Y25.491 E0.00486
G1 X36.383 Y25.183 E0.00922
G1 X35.59 Y25.64 E0.0274
G1 X35.608 Y25.235 E0.01214
G1 X35.608 Y25.168 E0.00201
G1 X36.383 Y24.721 E0.02678
G1 X36.377 Y24.492 E0.00686
G1 X36.365 Y24.269 E0.00668
G1 X35.607 Y24.707 E0.02621
G1 X35.588 Y24.31 E0.0119
G1 X35.583 Y24.258 E0.00156
G1 X36.327 Y23.829 E0.02571
G1 X36.303 Y23.597 E0.00698
G1 X36.276 Y23.396 E0.00607
G1 X35.544 Y23.819 E0.02531
G1 X35.487 Y23.39 E0.01295
G1 X36.206 Y22.975 E0.02485
G1 X36.123 Y22.561 E0.01264
G1 X35.414 Y22.971 E0.02452
G1 X35.357 Y22.693 E0.00849
G1 X35.325 Y22.56 E0.00409
G1 X36.026 Y22.155 E0.02423
G1 X35.97 Y21.929 E0.00697
G1 X35.916 Y21.757 E0.0054
G1 X35.223 Y22.157 E0.02395
G1 X35.189 Y22.036 E0.00376
G1 X35.105 Y21.763 E0.00855
G1 X35.792 Y21.366 E0.02375
G1 X35.657 Y20.982 E0.01218
G1 X34.971 Y21.378 E0.02371
G1 X34.921 Y21.238 E0.00445
G1 X34.825 Y21.001 E0.00765
G1 X35.506 Y20.608 E0.02354
G1 X35.345 Y20.239 E0.01205
G1 X34.668 Y20.63 E0.0234
G1 X34.496 Y20.267 E0.01202
G1 X35.171 Y19.878 E0.02332
G1 X35.076 Y19.688 E0.00636
G1 X34.986 Y19.523 E0.00563
G1 X34.311 Y19.912 E0.02332
G1 X34.112 Y19.565 E0.01197
G1 X34.786 Y19.176 E0.02329
G1 X34.721 Y19.066 E0.00382
G1 X34.577 Y18.835 E0.00815
G1 X33.901 Y19.225 E0.02336
G1 X33.721 Y18.957 E0.00966
G1 X33.675 Y18.894 E0.00234
G1 X34.354 Y18.502 E0.02347
G1 X34.119 Y18.176 E0.01203
G1 X33.438 Y18.569 E0.02354
G1 X33.27 Y18.351 E0.00824
G1 X33.188 Y18.251 E0.00387
G1 X33.871 Y17.857 E0.0236
G1 X33.721 Y17.674 E0.00708
G1 X33.609 Y17.546 E0.00509
G1 X32.922 Y17.943 E0.02375
G1 X32.829 Y17.836 E0.00424
G1 X32.645 Y17.641 E0.00803
G1 X33.338 Y17.241 E0.02395
G1 X33.222 Y17.118 E0.00506
G1 X33.051 Y16.944 E0.0073
G1 X32.349 Y17.35 E0.02428
G1 X32.162 Y17.169 E0.00779
G1 X32.043 Y17.065 E0.00473
G1 X32.75 Y16.657 E0.02443
G1 X32.666 Y16.578 E0.00345
G1 X32.438 Y16.375 E0.00914
G1 X31.722 Y16.788 E0.02474
G1 X31.656 Y16.733 E0.00257
G1 X31.38 Y16.524 E0.01036
G1 X32.11 Y16.102 E0.02524
G1 X31.915 Y15.95 E0.0074
G1 X31.766 Y15.839 E0.00556
G1 X31.024 Y16.267 E0.02564
G1 X30.781 Y16.104 E0.00876
G1 X30.649 Y16.022 E0.00465
G1 X31.405 Y15.585 E0.02614
G1 X31.105 Y15.385 E0.01079
G1 X31.03 Y15.34 E0.00262
G1 X30.261 Y15.784 E0.02658
G1 X30.098 Y15.695 E0.00556
G1 X29.845 Y15.563 E0.00854
G1 X30.635 Y15.106 E0.02732
G1 X30.453 Y14.999 E0.00632
G1 X30.226 Y14.881 E0.00766
G1 X29.409 Y15.352 E0.02823
G1 X29.281 Y15.292 E0.00423
G1 X29.073 Y15.201 E0.0068
G1 X28.952 Y15.154 E0.00389
G1 X29.792 Y14.669 E0.02903
G1 X29.579 Y14.57 E0.00703
G1 X29.34 Y14.468 E0.00778
G1 X28.466 Y14.973 E0.03022
G1 X28.215 Y14.888 E0.00793
G1 X27.952 Y14.808 E0.00823
G1 X28.857 Y14.285 E0.03129
G1 X28.353 Y14.115 E0.01592
G1 X27.399 Y14.665 E0.03296
G1 X27.067 Y14.592 E0.01018
G1 X26.804 Y14.547 E0.00799
G1 X27.812 Y13.965 E0.03484
G1 X27.7 Y13.935 E0.00347
G1 X27.448 Y13.876 E0.00775
G1 X27.24 Y13.833 E0.00636
G1 X26.167 Y14.453 E0.0371
G1 X25.702 Y14.409 E0.01398
G1 X25.459 Y14.4 E0.00728
G1 X26.626 Y13.726 E0.04034
G1 X26.23 Y13.676 E0.01195
G1 X25.953 Y13.652 E0.00832
G1 X24.663 Y14.397 E0.04459
G1 X24.335 Y14.407 E0.00982
G1 X23.849 Y14.45 E0.0146
G1 X23.748 Y14.464 E0.00305
G1 X25.224 Y13.612 E0.05102
G1 X24.976 Y13.608 E0.00742
G1 X24.734 Y13.612 E0.00725
G1 X24.501 Y13.62 E0.00698
G1 X24.397 Y13.627 E0.00312
G1 X22.619 Y14.654 E0.06146
G1 X22.094 Y14.79 E0.01623
G1 X21.81 Y14.877 E0.00889
G1 X21.593 Y14.95 E0.00685
G1 X21.238 Y15.078 E0.0113
G1 X20.924 Y15.201 E0.01009
G1 X20.726 Y15.286 E0.00645
G1 X23.436 Y13.72 E0.09369
G1 X23.185 Y13.755 E0.00759
G1 X23.01 Y13.783 E0.00531
G1 X22.48 Y13.891 E0.01619
G1 X22.236 Y13.951 E0.00752
G1 X16.814 Y17.081 E0.18741
G1 X16.921 Y16.968 E0.00466
G1 X17.104 Y16.788 E0.00768
G1 X17.293 Y16.61 E0.00777
G1 X17.647 Y16.299 E0.01411
G1 X18.06 Y15.966 E0.01588
G1 X18.258 Y15.817 E0.00742
G1 X18.463 Y15.669 E0.00757
G1 X20.107 Y14.718 E0.05685
G0 F18000 X20.249 Y15.014
G0 X18.549 Y16.168
G0 X18.741 Y16.431
G1 F3600 X16.008 Y18.009 E0.09447
G1 X15.806 Y18.274 E0.00997
G1 X15.517 Y18.686 E0.01506
G1 X15.451 Y18.792 E0.00374
G1 X17.246 Y17.756 E0.06204
G1 X17.171 Y17.836 E0.00328
G1 X16.89 Y18.151 E0.01264
G1 X16.588 Y18.528 E0.01446
G1 X16.499 Y18.649 E0.0045
G1 X15.026 Y19.5 E0.05092
G1 X14.99 Y19.561 E0.00212
G1 X14.79 Y19.951 E0.01312
G1 X14.692 Y20.154 E0.00675
G1 X15.983 Y19.409 E0.04462
G1 X15.804 Y19.696 E0.01013
G1 X15.588 Y20.099 E0.01369
G1 X14.426 Y20.77 E0.04017
G1 X14.291 Y21.118 E0.01117
G1 X14.212 Y21.355 E0.00748
G1 X15.282 Y20.737 E0.03699
G1 X15.202 Y20.922 E0.00603
G1 X15.038 Y21.34 E0.01344
G1 X14.035 Y21.919 E0.03467
G1 X13.936 Y22.295 E0.01164
G1 X13.897 Y22.461 E0.0051
G1 X14.849 Y21.911 E0.03291
G1 X14.784 Y22.122 E0.00661
G1 X14.695 Y22.462 E0.01052
G1 X13.788 Y22.985 E0.03134
G1 X13.742 Y23.27 E0.00864
G1 X13.713 Y23.491 E0.00667
G1 X14.578 Y22.991 E0.02991
G1 X14.541 Y23.171 E0.0055
G1 X14.548 Y23.172 E0.00021
G1 X14.511 Y23.382 E0.00638
G1 X14.495 Y23.501 E0.00359
G1 X13.658 Y23.984 E0.02893
G1 X13.633 Y24.285 E0.00904
G1 X13.623 Y24.466 E0.00543
G1 X14.436 Y23.997 E0.0281
G1 X14.409 Y24.298 E0.00905
G1 X14.402 Y24.479 E0.00542
G1 X13.61 Y24.936 E0.02737
G1 X13.608 Y25.028 E0.00275
G1 X13.617 Y25.394 E0.01096
G1 X14.388 Y24.949 E0.02665
G1 X14.391 Y25.233 E0.0085
G1 X14.397 Y25.405 E0.00515
G1 X13.644 Y25.84 E0.02603
G1 X13.654 Y25.993 E0.00459
G1 X13.685 Y26.278 E0.00858
G1 X14.422 Y25.852 E0.02548
G1 X14.45 Y26.152 E0.00902
G1 X14.467 Y26.288 E0.0041
G1 X13.738 Y26.709 E0.0252
G1 X13.781 Y26.976 E0.0081
G1 X13.813 Y27.128 E0.00465
G1 X14.531 Y26.713 E0.02482
G1 X14.588 Y27.057 E0.01044
G1 X14.604 Y27.133 E0.00232
G1 X13.899 Y27.54 E0.02437
G1 X13.927 Y27.676 E0.00416
G1 X14 Y27.944 E0.00831
G1 X14.697 Y27.541 E0.0241
G1 X14.802 Y27.942 E0.01241
G1 X14.112 Y28.341 E0.02386
G1 X14.187 Y28.583 E0.00758
G1 X14.239 Y28.729 E0.00464
G1 X14.924 Y28.334 E0.02367
G1 X15.061 Y28.717 E0.01218
G1 X14.38 Y29.11 E0.02354
G1 X14.468 Y29.344 E0.00748
G1 X14.531 Y29.485 E0.00462
G1 X15.207 Y29.094 E0.02338
G1 X15.281 Y29.266 E0.0056
G1 X15.373 Y29.461 E0.00645
G1 X14.696 Y29.851 E0.02339
G1 X14.874 Y30.21 E0.01199
G1 X15.549 Y29.82 E0.02334
G1 X15.694 Y30.097 E0.00936
G1 X15.739 Y30.173 E0.00264
G1 X15.063 Y30.563 E0.02336
G1 X15.135 Y30.694 E0.00447
G1 X15.264 Y30.909 E0.00751
G1 X15.94 Y30.519 E0.02336
G1 X16.153 Y30.858 E0.01198
G1 X15.477 Y31.248 E0.02336
G1 X15.703 Y31.58 E0.01202
G1 X16.383 Y31.187 E0.02351
G1 X16.622 Y31.511 E0.01205
G1 X15.941 Y31.905 E0.02355
G1 X16.137 Y32.154 E0.00949
G1 X16.193 Y32.22 E0.00259
G1 X16.875 Y31.826 E0.02358
G1 X17.145 Y32.132 E0.01222
G1 X16.458 Y32.529 E0.02375
G1 X16.607 Y32.703 E0.00686
G1 X16.732 Y32.833 E0.0054
G1 X17.428 Y32.431 E0.02406
G1 X17.564 Y32.565 E0.00572
G1 X17.724 Y32.722 E0.00671
G1 X17.024 Y33.126 E0.02419
G1 X17.323 Y33.415 E0.01245
G1 X18.036 Y33.004 E0.02464
G1 X18.176 Y33.125 E0.00554
G1 X18.364 Y33.276 E0.00722
G1 X17.642 Y33.693 E0.02496
G1 X17.863 Y33.876 E0.00859
G1 X17.975 Y33.962 E0.00423
G1 X18.709 Y33.539 E0.02536
G1 X18.912 Y33.689 E0.00756
G1 X19.069 Y33.793 E0.00564
G1 X18.32 Y34.225 E0.02588
G1 X18.474 Y34.336 E0.00568
G1 X18.682 Y34.478 E0.00754
G1 X19.442 Y34.04 E0.02626
G1 X19.688 Y34.188 E0.00859
G1 X19.842 Y34.271 E0.00524
G1 X19.067 Y34.718 E0.02678
G1 X19.461 Y34.952 E0.01372
G1 X20.258 Y34.492 E0.02755
G1 X20.702 Y34.697 E0.01464
G1 X19.88 Y35.172 E0.02842
G1 X20.319 Y35.38 E0.01454
G1 X21.167 Y34.891 E0.0293
G1 X21.358 Y34.967 E0.00615
G1 X21.661 Y35.068 E0.00956
G1 X20.779 Y35.577 E0.03048
G1 X21.138 Y35.714 E0.0115
G1 X21.267 Y35.757 E0.00407
G1 X22.185 Y35.227 E0.03173
G1 X22.371 Y35.28 E0.00579
G1 X22.749 Y35.364 E0.01159
G1 X21.78 Y35.923 E0.03349
G1 X21.839 Y35.941 E0.00185
G1 X22.328 Y36.068 E0.01512
G1 X23.35 Y35.478 E0.03532
G1 X23.372 Y35.484 E0.00068
G1 X23.834 Y35.544 E0.01395
G1 X24.008 Y35.56 E0.00523
G1 X22.908 Y36.195 E0.03802
G1 X23.259 Y36.255 E0.01066
G1 X23.542 Y36.291 E0.00854
G1 X24.728 Y35.606 E0.041
G1 X25.219 Y35.608 E0.0147
G1 X25.55 Y35.594 E0.00992
G1 X24.221 Y36.361 E0.04593
G1 X24.509 Y36.376 E0.00863
G1 X24.975 Y36.388 E0.01395
G1 X26.515 Y35.498 E0.05324
G1 X26.618 Y35.485 E0.00311
G1 X26.667 Y35.473 E0.00151
G1 X27.058 Y35.408 E0.01186
G1 X27.291 Y35.359 E0.00713
G1 X27.748 Y35.249 E0.01407
G1 X25.825 Y36.359 E0.06646
G1 X26.257 Y36.318 E0.01299
G1 X26.392 Y36.302 E0.00407
G1 X26.836 Y36.237 E0.01343
G1 X33.813 Y32.208 E0.24117
G1 X33.566 Y32.502 E0.01149
G1 X33.424 Y32.66 E0.00636
G1 X33.082 Y33.024 E0.01495
G1 X32.901 Y33.197 E0.00749
G1 F1800 E-3.5
;MESH:Lower_Dielectric-C.STL
G0 F18000 X32.674 Y32.964
G0 X33.673 Y32.613
G0 X34.952 Y33.347
G0 X55.518 Y32.613
G0 X56.968 Y32.613
G0 X151.147 Y30.179
G0 X151.499 Y29.572
;TYPE:WALL-OUTER
G1 F1800 E3.52079
G1 F2700 X145.514 Y26.115 E0.18126
G1 X145.473 Y26.068 E0.00164
G1 X145.436 Y25.998 E0.00208
G1 X145.423 Y25.952 E0.00125
G1 X145.422 Y19.202 E0.17702
G1 X139.715 Y15.908 E0.17281
G1 X133.879 Y19.276 E0.17671
G1 X133.846 Y19.288 E0.00092
G1 X133.796 Y19.294 E0.00132
G1 X133.674 Y19.28 E0.00322
G1 X127.828 Y15.908 E0.17699
G1 X121.908 Y19.294 E0.17886
G1 X121.826 Y19.291 E0.00215
G1 X121.779 Y19.277 E0.00129
G1 X115.943 Y15.908 E0.17672
G1 X110.105 Y19.277 E0.17677
G1 X110.052 Y19.293 E0.00145
G1 X109.942 Y19.291 E0.00289
G1 X109.895 Y19.277 E0.00129
G1 X104.056 Y15.908 E0.17679
G1 X98.217 Y19.277 E0.17679
G1 X98.164 Y19.293 E0.00145
G1 X98.014 Y19.28 E0.00395
G1 X92.168 Y15.908 E0.17699
G1 X86.275 Y19.293 E0.17823
G1 X86.18 Y19.294 E0.00249
G1 X86.143 Y19.286 E0.00099
G1 X86.118 Y19.276 E0.00071
G1 X80.281 Y15.908 E0.17673
G1 X74.578 Y19.202 E0.17272
G1 X74.578 Y25.94 E0.17671
G1 X74.568 Y25.987 E0.00126
G1 X74.549 Y26.027 E0.00116
G1 X74.507 Y26.09 E0.00199
G1 X74.458 Y26.132 E0.00169
G1 X68.483 Y29.579 E0.1809
G1 X68.416 Y29.59 E0.00178
G1 X68.336 Y29.588 E0.0021
G1 X68.297 Y29.577 E0.00106
G1 X62.449 Y26.2 E0.1771
G1 X56.746 Y29.498 E0.17277
G1 X56.745 Y36.248 E0.17702
G1 X56.729 Y36.301 E0.00145
G1 X56.675 Y36.391 E0.00275
G1 X56.632 Y36.427 E0.00147
G1 X50.677 Y39.865 E0.18033
G1 X50.606 Y39.886 E0.00194
G1 X50.508 Y39.884 E0.00257
G1 X50.469 Y39.873 E0.00106
G1 X50.444 Y39.861 E0.00073
G1 X44.619 Y36.496 E0.17642
G1 X38.914 Y39.79 E0.17277
G1 X38.914 Y46.531 E0.17679
G1 X38.908 Y46.566 E0.00093
G1 X38.891 Y46.607 E0.00116
G1 X38.863 Y46.66 E0.00157
G1 X38.809 Y46.717 E0.00206
G1 X32.97 Y50.086 E0.17679
G1 X32.947 Y56.899 E0.17868
G1 X32.901 Y56.975 E0.00233
G1 X32.869 Y57.006 E0.00117
G1 X27.03 Y60.382 E0.17688
G1 X27.018 Y67.171 E0.17805
G1 X27.001 Y67.207 E0.00104
G1 X26.95 Y67.28 E0.00234
G1 X26.908 Y67.313 E0.0014
G1 X21.086 Y70.674 E0.1763
G1 X21.072 Y77.47 E0.17823
G1 X21.057 Y77.499 E0.00086
G1 X21.008 Y77.57 E0.00226
G1 X20.99 Y77.587 E0.00065
G1 X20.964 Y77.605 E0.00083
G1 X15.142 Y80.97 E0.17635
G1 X15.142 Y87.554 E0.17267
G1 X20.978 Y90.928 E0.17679
G1 X21.008 Y90.954 E0.00104
G1 X21.029 Y90.981 E0.0009
G1 X21.08 Y91.077 E0.00285
G1 X21.086 Y91.128 E0.00135
G1 X21.084 Y98.016 E0.18064
G1 X21.072 Y98.062 E0.00125
G1 X21.057 Y98.091 E0.00086
G1 X21.008 Y98.162 E0.00226
G1 X20.99 Y98.179 E0.00065
G1 X20.964 Y98.197 E0.00083
G1 X15.142 Y101.558 E0.1763
G1 X15.142 Y108.142 E0.17267
G1 X20.978 Y111.516 E0.17679
G1 X21.008 Y111.542 E0.00104
G1 X21.029 Y111.569 E0.0009
G1 X21.085 Y111.688 E0.00345
G1 X21.072 Y118.65 E0.18258
G1 X21.057 Y118.679 E0.00086
G1 X21.008 Y118.75 E0.00226
G1 X20.978 Y118.776 E0.00104
G1 X15.142 Y122.146 E0.17674
G1 X15.142 Y128.734 E0.17277
G1 X20.978 Y132.104 E0.17674
G1 X21.008 Y132.13 E0.00104
G1 X21.029 Y132.157 E0.0009
G1 X21.084 Y132.27 E0.0033
G1 X21.086 Y139.026 E0.17718
G1 X26.921 Y142.399 E0.17675
G1 X26.973 Y142.453 E0.00197
G1 X27.019 Y142.533 E0.00242
G1 X27.03 Y142.593 E0.0016
G1 X27.03 Y149.322 E0.17647
G1 X32.869 Y152.694 E0.17683
G1 X32.923 Y152.755 E0.00214
G1 X32.959 Y152.825 E0.00206
G1 X32.97 Y152.885 E0.0016
G1 X32.97 Y159.618 E0.17658
G1 X38.813 Y162.99 E0.17692
G1 X38.855 Y163.032 E0.00156
G1 X38.904 Y163.124 E0.00273
G1 X38.914 Y163.176 E0.00139
G1 X38.914 Y169.914 E0.17671
G1 X44.753 Y173.283 E0.17679
G1 X44.807 Y173.34 E0.00206
G1 X44.844 Y173.41 E0.00208
G1 X44.858 Y173.469 E0.00159
G1 X44.858 Y180.206 E0.17668
G1 X50.565 Y183.5 E0.17281
G1 X56.401 Y180.132 E0.17671
G1 X56.434 Y180.12 E0.00092
G1 X56.484 Y180.114 E0.00132
G1 X56.621 Y180.136 E0.00364
G1 X62.602 Y183.588 E0.18111
G1 X62.643 Y183.641 E0.00176
G1 X62.676 Y183.702 E0.00182
G1 X62.689 Y183.748 E0.00125
G1 X62.69 Y190.502 E0.17713
G1 X68.392 Y193.796 E0.1727
G1 X74.229 Y190.424 E0.17679
G1 X74.28 Y190.408 E0.0014
G1 X74.312 Y190.406 E0.00084
G1 X74.447 Y190.427 E0.00358
G1 X80.426 Y193.881 E0.18109
G1 X80.453 Y193.908 E0.001
G1 X80.503 Y193.987 E0.00245
G1 X80.518 Y194.03 E0.00119
G1 X80.522 Y194.056 E0.00069
G1 X80.522 Y200.794 E0.17671
G1 X86.225 Y204.088 E0.17272
G1 X92.062 Y200.72 E0.17673
G1 X92.098 Y200.707 E0.001
G1 X92.124 Y200.702 E0.00069
G1 X92.266 Y200.716 E0.00374
G1 X98.112 Y204.088 E0.17699
G1 X104.032 Y200.702 E0.17886
G1 X104.114 Y200.705 E0.00215
G1 X104.161 Y200.719 E0.00129
G1 X110 Y204.088 E0.17679
G1 X115.839 Y200.719 E0.17679
G1 X115.9 Y200.702 E0.00166
G1 X116.042 Y200.716 E0.00374
G1 X121.885 Y204.088 E0.17692
G1 X127.777 Y200.703 E0.17821
G1 X127.869 Y200.702 E0.00241
G1 X127.912 Y200.711 E0.00115
G1 X127.935 Y200.72 E0.00065
G1 X133.771 Y204.088 E0.17671
G1 X139.478 Y200.794 E0.17281
G1 X139.478 Y194.057 E0.17668
G1 X139.484 Y194.022 E0.00093
G1 X139.501 Y193.981 E0.00116
G1 X139.529 Y193.928 E0.00157
G1 X139.594 Y193.864 E0.00239
G1 X145.564 Y190.419 E0.18076
G1 X145.636 Y190.406 E0.00192
G1 X145.712 Y190.407 E0.00199
G1 X145.753 Y190.418 E0.00111
G1 X145.78 Y190.431 E0.00079
G1 X151.604 Y193.796 E0.1764
G1 X157.306 Y190.502 E0.1727
G1 X157.306 Y183.76 E0.17681
G1 X157.316 Y183.713 E0.00126
G1 X157.335 Y183.673 E0.00116
G1 X157.382 Y183.604 E0.00219
G1 X157.415 Y183.575 E0.00115
G1 X163.379 Y180.135 E0.18056
G1 X163.45 Y180.114 E0.00194
G1 X163.548 Y180.116 E0.00257
G1 X163.587 Y180.127 E0.00106
G1 X169.435 Y183.5 E0.17705
G1 X175.138 Y180.206 E0.17272
G1 X175.139 Y173.456 E0.17702
G1 X175.155 Y173.403 E0.00145
G1 X175.189 Y173.34 E0.00188
G1 X175.243 Y173.283 E0.00206
G1 X181.082 Y169.914 E0.17679
G1 X181.105 Y163.097 E0.17878
G1 X181.151 Y163.021 E0.00233
G1 X181.183 Y162.99 E0.00117
G1 X187.026 Y159.618 E0.17692
G1 X187.043 Y152.813 E0.17847
G1 X187.095 Y152.725 E0.00268
G1 X187.127 Y152.694 E0.00117
G1 X192.97 Y149.322 E0.17692
G1 X192.987 Y142.521 E0.17836
G1 X193.044 Y142.426 E0.00291
G1 X193.075 Y142.399 E0.00108
G1 X198.914 Y139.026 E0.17685
G1 X198.929 Y132.228 E0.17828
G1 X198.976 Y132.144 E0.00252
G1 X199.01 Y132.11 E0.00126
G1 X204.858 Y128.734 E0.17709
G1 X204.858 Y122.146 E0.17277
G1 X199.02 Y118.777 E0.17677
G1 X198.993 Y118.755 E0.00091
G1 X198.963 Y118.716 E0.00129
G1 X198.919 Y118.624 E0.00267
G1 X198.914 Y118.576 E0.00127
G1 X198.916 Y111.688 E0.18064
G1 X198.934 Y111.629 E0.00162
G1 X198.976 Y111.556 E0.00221
G1 X199.01 Y111.522 E0.00126
G1 X199.035 Y111.505 E0.00079
G1 X204.858 Y108.142 E0.17635
G1 X204.858 Y101.558 E0.17267
G1 X199.02 Y98.189 E0.17677
G1 X198.993 Y98.167 E0.00091
G1 X198.963 Y98.128 E0.00129
G1 X198.915 Y98.016 E0.0032
G1 X198.929 Y91.052 E0.18264
G1 X198.976 Y90.968 E0.00252
G1 X199.01 Y90.934 E0.00126
G1 X204.858 Y87.554 E0.17714
G1 X204.858 Y80.97 E0.17267
G1 X199.02 Y77.597 E0.17682
G1 X198.993 Y77.575 E0.00091
G1 X198.963 Y77.536 E0.00129
G1 X198.916 Y77.43 E0.00304
G1 X198.914 Y70.674 E0.17718
G1 X193.075 Y67.305 E0.17679
G1 X193.017 Y67.239 E0.0023
G1 X192.981 Y67.171 E0.00202
G1 X192.97 Y67.104 E0.00178
G1 X192.97 Y60.382 E0.17629
G1 X187.127 Y57.006 E0.17698
G1 X187.085 Y56.964 E0.00156
G1 X187.075 Y56.948 E0.00049
G1 X187.028 Y56.842 E0.00304
G1 X187.026 Y50.086 E0.17718
G1 X181.187 Y46.717 E0.17679
G1 X181.133 Y46.66 E0.00206
G1 X181.096 Y46.59 E0.00208
G1 X181.083 Y46.544 E0.00125
G1 X181.082 Y39.79 E0.17713
G1 X175.38 Y36.496 E0.1727
G1 X169.543 Y39.868 E0.17679
G1 X169.492 Y39.884 E0.0014
G1 X169.46 Y39.886 E0.00084
G1 X169.323 Y39.864 E0.00364
G1 X163.338 Y36.408 E0.18125
G1 X163.297 Y36.355 E0.00176
G1 X163.264 Y36.294 E0.00182
G1 X163.251 Y36.248 E0.00125
G1 X163.25 Y29.498 E0.17702
G1 X157.547 Y26.2 E0.17277
G1 X151.711 Y29.572 E0.17676
G1 X151.66 Y29.588 E0.0014
G1 X151.628 Y29.59 E0.00084
G1 X151.499 Y29.572 E0.00342
G0 F18000 X151.326 Y29.472
G0 X150.974 Y30.079
G0 X68.148 Y30.23
G0 X62.451 Y26.996
G0 X62.449 Y26.627
;TYPE:SKIN
G1 F3600 X57.115 Y29.711 E0.18444
G1 X57.116 Y29.84 E0.00386
G1 X62.565 Y26.694 E0.18834
G1 X62.965 Y26.925 E0.01383
G1 X57.116 Y30.302 E0.20217
G1 X57.115 Y30.764 E0.01383
G1 X63.365 Y27.156 E0.21602
G1 X63.765 Y27.387 E0.01383
G1 X57.115 Y31.226 E0.22985
G1 X57.115 Y31.688 E0.01383
G1 X64.164 Y27.618 E0.24365
G1 X64.564 Y27.849 E0.01383
G1 X57.115 Y32.15 E0.25748
G1 X57.115 Y32.612 E0.01383
G1 X64.964 Y28.08 E0.27131
G1 X65.364 Y28.311 E0.01383
G1 X57.115 Y33.074 E0.28513
G1 X57.114 Y33.536 E0.01383
G1 X65.764 Y28.542 E0.29899
G1 X66.164 Y28.773 E0.01383
G1 X57.114 Y33.998 E0.31281
G1 X57.114 Y34.46 E0.01383
G1 X66.563 Y29.004 E0.32661
G1 X66.963 Y29.235 E0.01383
G1 X57.114 Y34.922 E0.34044
G1 X57.114 Y35.384 E0.01383
G1 X67.363 Y29.466 E0.35427
G1 X67.763 Y29.697 E0.01383
G1 X57.114 Y35.846 E0.36809
G1 X57.113 Y36.3 E0.01359
G1 X57.089 Y36.392 E0.00285
G1 X57.062 Y36.462 E0.00225
G1 X57.009 Y36.552 E0.00313
G1 X57.052 Y36.595 E0.00182
G1 X56.818 Y36.748 E0.00837
G1 X50.802 Y40.216 E0.20786
G1 X50.702 Y40.246 E0.00313
G1 X50.594 Y40.256 E0.00325
G1 X50.474 Y40.254 E0.00359
G1 X50.454 Y40.251 E0.00061
G1 X50.435 Y40.284 E0.00114
G1 X50.332 Y40.223 E0.00358
G1 X39.275 Y46.607 E0.38219
G1 X39.283 Y46.562 E0.00137
G1 X39.283 Y46.14 E0.01263
G1 X49.932 Y39.992 E0.36808
G1 X49.532 Y39.761 E0.01383
G1 X39.283 Y45.678 E0.35425
G1 X39.283 Y45.216 E0.01383
G1 X49.132 Y39.53 E0.34043
G1 X48.732 Y39.299 E0.01383
G1 X39.283 Y44.754 E0.3266
G1 X39.283 Y44.292 E0.01383
G1 X48.332 Y39.068 E0.31277
G1 X47.932 Y38.837 E0.01383
G1 X39.283 Y43.831 E0.29896
G1 X39.283 Y43.369 E0.01383
G1 X47.532 Y38.606 E0.28513
G1 X47.133 Y38.375 E0.0138
G1 X39.283 Y42.907 E0.27133
G1 X39.284 Y42.444 E0.01386
G1 X46.733 Y38.144 E0.25746
G1 X46.333 Y37.913 E0.01383
G1 X39.284 Y41.982 E0.24364
G1 X39.284 Y41.521 E0.0138
G1 X45.933 Y37.682 E0.22983
G1 X45.534 Y37.451 E0.0138
G1 X39.284 Y41.059 E0.21602
G1 X39.284 Y40.597 E0.01383
G1 X45.134 Y37.22 E0.2022
G1 X44.734 Y36.989 E0.01383
G1 X39.285 Y40.135 E0.18834
G1 X39.284 Y40.004 E0.00392
G1 X44.619 Y36.923 E0.18442
G0 F18000 X44.62 Y37.291
G0 X50.317 Y40.524
G0 X50.811 Y40.524
G0 X57.138 Y36.872
G0 X57.448 Y36.309
G0 X57.111 Y36.309
G1 F3600 X68.169 Y29.925 E0.38221
G1 X68.224 Y29.942 E0.00172
G1 X68.302 Y29.958 E0.00238
G1 X68.42 Y29.96 E0.00353
G1 X68.515 Y29.953 E0.00285
G1 X68.574 Y29.938 E0.00182
G1 X68.654 Y29.909 E0.00255
G1 X74.645 Y26.451 E0.20707
G1 X74.7 Y26.415 E0.00197
G1 X74.793 Y26.325 E0.00387
G1 X74.889 Y26.177 E0.00528
G1 X74.929 Y26.077 E0.00322
G0 F18000 X75.228 Y26.252
G0 X80.282 Y16.702
G0 X80.281 Y16.335
G1 F3600 X74.948 Y19.415 E0.18435
G1 X74.948 Y19.544 E0.00386
G1 X80.395 Y16.4 E0.18826
G1 X80.795 Y16.631 E0.01383
G1 X74.948 Y20.006 E0.20209
G1 X74.948 Y20.468 E0.01383
G1 X81.195 Y16.862 E0.21592
G1 X81.595 Y17.093 E0.01383
G1 X74.948 Y20.93 E0.22974
G1 X74.948 Y21.392 E0.01383
G1 X81.995 Y17.323 E0.24359
G1 X82.395 Y17.554 E0.01383
G1 X74.948 Y21.854 E0.25741
G1 X74.948 Y22.316 E0.01383
G1 X82.795 Y17.785 E0.27124
G1 X83.195 Y18.016 E0.01383
G1 X74.948 Y22.778 E0.28507
G1 X74.948 Y23.24 E0.01383
G1 X83.595 Y18.247 E0.29889
G1 X83.995 Y18.478 E0.01383
G1 X74.948 Y23.701 E0.3127
G1 X74.948 Y24.163 E0.01383
G1 X84.395 Y18.709 E0.32653
G1 X84.795 Y18.94 E0.01383
G1 X74.948 Y24.625 E0.34036
G1 X74.948 Y25.087 E0.01383
G1 X85.195 Y19.171 E0.35419
G1 X85.595 Y19.402 E0.01383
G1 X74.948 Y25.549 E0.36801
G1 X74.947 Y25.97 E0.0126
G1 X74.94 Y26.016 E0.00139
G1 X85.96 Y19.653 E0.38091
G1 X85.96 Y19.661 E0.00024
G1 X86.254 Y19.664 E0.0088
G1 X86.362 Y19.654 E0.00325
G1 X86.47 Y19.62 E0.00339
G1 X92.168 Y16.336 E0.19687
G1 X92.337 Y16.433 E0.00583
G1 X33.34 Y50.495 E2.03923
G1 X33.339 Y50.957 E0.01383
G1 X92.737 Y16.664 E2.05308
G1 X93.137 Y16.895 E0.01383
G1 X33.338 Y51.42 E2.06695
G1 X33.337 Y51.883 E0.01386
G1 X93.537 Y17.126 E2.08082
G1 X93.938 Y17.357 E0.01385
G1 X33.336 Y52.345 E2.0947
G1 X33.335 Y52.807 E0.01383
G1 X94.338 Y17.587 E2.10856
G1 X94.738 Y17.818 E0.01383
G1 X33.333 Y53.27 E2.12246
G1 X33.332 Y53.733 E0.01386
G1 X95.139 Y18.049 E2.13635
G1 X95.539 Y18.28 E0.01383
G1 X33.331 Y54.195 E2.1502
G1 X33.33 Y54.658 E0.01386
G1 X95.939 Y18.511 E2.16407
G1 X96.339 Y18.742 E0.01383
G1 X33.328 Y55.121 E2.17797
G1 X33.328 Y55.583 E0.01383
G1 X96.739 Y18.972 E2.19181
G1 X97.139 Y19.203 E0.01383
G1 X33.327 Y56.045 E2.20566
G1 X33.326 Y56.508 E0.01386
G1 X97.539 Y19.434 E2.21953
G1 X97.82 Y19.597 E0.00972
G1 X97.916 Y19.639 E0.00314
G1 X97.967 Y19.649 E0.00156
G1 X33.316 Y56.975 E2.23465
G1 X33.286 Y57.051 E0.00245
G1 X33.2 Y57.198 E0.0051
G1 X33.104 Y57.293 E0.00404
G1 X33.041 Y57.334 E0.00225
G1 X27.399 Y60.595 E0.19507
G1 X27.398 Y60.854 E0.00775
G1 X104.282 Y16.465 E2.65749
G1 X104.683 Y16.695 E0.01384
G1 X27.396 Y61.317 E2.67143
G1 X27.394 Y61.78 E0.01386
G1 X105.083 Y16.926 E2.68532
G1 X105.483 Y17.157 E0.01383
G1 X27.392 Y62.243 E2.69921
G1 X27.39 Y62.706 E0.01386
G1 X105.883 Y17.388 E2.71311
G1 X106.284 Y17.619 E0.01385
G1 X27.388 Y63.169 E2.72703
G1 X27.385 Y63.633 E0.01389
G1 X106.684 Y17.85 E2.74096
G1 X107.084 Y18.08 E0.01381
G1 X27.383 Y64.095 E2.75485
G1 X27.381 Y64.559 E0.01389
G1 X107.484 Y18.311 E2.76876
G1 X107.884 Y18.542 E0.01383
G1 X27.379 Y65.022 E2.78266
G1 X27.377 Y65.485 E0.01386
G1 X108.285 Y18.773 E2.79658
G1 X108.685 Y19.004 E0.01383
G1 X27.375 Y65.948 E2.81047
G1 X27.373 Y66.411 E0.01386
G1 X109.085 Y19.235 E2.82436
G1 X109.485 Y19.465 E0.01381
G1 X27.37 Y66.874 E2.8383
G1 X27.368 Y67.301 E0.01278
G1 X27.341 Y67.353 E0.00175
G1 X109.94 Y19.664 E2.85504
G1 X110.085 Y19.663 E0.00434
G1 X110.255 Y19.617 E0.00527
G1 X115.943 Y16.335 E0.19658
G1 X116.225 Y16.498 E0.00975
G1 X21.456 Y71.213 E3.27569
G1 X21.455 Y71.675 E0.01383
G1 X116.625 Y16.729 E3.28954
G1 X117.025 Y16.96 E0.01383
G1 X21.454 Y72.138 E3.30341
G1 X21.452 Y72.6 E0.01383
G1 X117.425 Y17.19 E3.3173
G1 X117.825 Y17.421 E0.01383
G1 X21.451 Y73.063 E3.33117
G1 X21.45 Y73.525 E0.01383
G1 X118.225 Y17.652 E3.34502
G1 X118.625 Y17.883 E0.01383
G1 X21.45 Y73.988 E3.35886
G1 X21.449 Y74.45 E0.01383
G1 X119.025 Y18.114 E3.37272
G1 X119.425 Y18.345 E0.01383
G1 X21.448 Y74.913 E3.38658
G1 X21.446 Y75.375 E0.01383
G1 X119.826 Y18.576 E3.40049
G1 X120.226 Y18.807 E0.01383
G1 X21.445 Y75.838 E3.41436
G1 X21.444 Y76.3 E0.01383
G1 X120.626 Y19.038 E3.42821
G1 X121.026 Y19.269 E0.01383
G1 X21.443 Y76.763 E3.44208
G1 X21.442 Y77.225 E0.01383
G1 X121.426 Y19.5 E3.45593
G1 X121.62 Y19.612 E0.00671
G1 X121.711 Y19.646 E0.00291
G1 X121.906 Y19.665 E0.00586
G1 X121.945 Y19.661 E0.00117
G1 X21.382 Y77.721 E3.47595
G1 X21.411 Y77.75 E0.00123
G1 X21.316 Y77.814 E0.00343
G1 X21.322 Y77.825 E0.00038
G1 X15.512 Y81.184 E0.20089
G1 X15.512 Y81.572 E0.01161
G1 X128.168 Y16.531 E3.89393
G1 X128.568 Y16.762 E0.01383
G1 X15.512 Y82.034 E3.90776
G1 X15.512 Y82.496 E0.01383
G1 X128.968 Y16.993 E3.92159
G1 X129.368 Y17.224 E0.01383
G1 X15.512 Y82.958 E3.93541
G1 X15.512 Y83.42 E0.01383
G1 X129.768 Y17.455 E3.94924
G1 X130.168 Y17.685 E0.01381
G1 X15.512 Y83.882 E3.96308
G1 X15.512 Y84.344 E0.01383
G1 X130.568 Y17.916 E3.97691
G1 X130.968 Y18.147 E0.01383
G1 X15.512 Y84.806 E3.99074
G1 X15.512 Y85.268 E0.01383
G1 X131.368 Y18.378 E4.00456
G1 X131.768 Y18.609 E0.01383
G1 X15.512 Y85.73 E4.01839
G1 X15.513 Y86.191 E0.0138
G1 X132.168 Y18.84 E4.03218
G1 X132.568 Y19.071 E0.01383
G1 X15.513 Y86.653 E4.046
G1 X15.513 Y87.115 E0.01383
G1 X132.968 Y19.302 E4.05983
G1 X133.368 Y19.533 E0.01383
G1 X15.715 Y87.46 E4.06667
G1 X16.115 Y87.691 E0.01383
G1 X134.026 Y19.615 E4.07559
G1 X134.071 Y19.594 E0.00149
G1 X139.715 Y16.335 E0.19509
G1 X140.111 Y16.564 E0.01369
G1 X16.515 Y87.922 E4.27209
G1 X16.915 Y88.153 E0.01383
G1 X140.511 Y16.794 E4.2721
G1 X140.911 Y17.025 E0.01383
G1 X17.315 Y88.384 E4.2721
G1 X17.714 Y88.615 E0.0138
G1 X141.311 Y17.256 E4.27213
G1 X141.711 Y17.487 E0.01383
G1 X18.114 Y88.846 E4.27213
G1 X18.514 Y89.077 E0.01383
G1 X142.111 Y17.718 E4.27213
G1 X142.511 Y17.949 E0.01383
G1 X18.913 Y89.309 E4.27217
G1 X19.313 Y89.539 E0.01381
G1 X142.911 Y18.18 E4.27215
G1 X143.312 Y18.411 E0.01385
G1 X19.713 Y89.77 E4.27218
G1 X20.112 Y90.002 E0.01382
G1 X143.712 Y18.641 E4.27223
G1 X144.112 Y18.872 E0.01383
G1 X20.512 Y90.233 E4.27223
G1 X20.913 Y90.464 E0.01385
G1 X144.513 Y19.103 E4.27223
G1 X144.913 Y19.334 E0.01383
G1 X21.284 Y90.711 E4.27323
G1 X21.314 Y90.74 E0.00125
G1 X21.399 Y90.877 E0.00483
G1 X21.438 Y90.981 E0.00332
G1 X21.451 Y91.076 E0.00287
G1 X145.051 Y19.716 E4.27222
G1 X145.051 Y20.178 E0.01383
G1 X21.456 Y91.535 E4.27205
G1 X21.456 Y91.997 E0.01383
G1 X145.052 Y20.639 E4.27209
G1 X145.052 Y21.101 E0.01383
G1 X21.457 Y92.459 E4.27206
G1 X21.457 Y92.921 E0.01383
G1 X145.052 Y21.563 E4.27206
G1 X145.052 Y22.025 E0.01383
G1 X21.457 Y93.382 E4.27205
G1 X21.457 Y93.844 E0.01383
G1 X145.052 Y22.487 E4.27205
G1 X145.052 Y22.949 E0.01383
G1 X21.457 Y94.306 E4.27205
G1 X21.457 Y94.768 E0.01383
G1 X145.052 Y23.411 E4.27205
G1 X145.051 Y23.873 E0.01383
G1 X21.458 Y95.23 E4.27199
G1 X21.457 Y95.691 E0.0138
G1 X145.051 Y24.334 E4.27202
G1 X145.051 Y24.796 E0.01383
G1 X21.457 Y96.153 E4.27202
G1 X21.457 Y96.615 E0.01383
G1 X145.051 Y25.258 E4.27202
G1 X145.051 Y25.72 E0.01383
G1 X21.457 Y97.077 E4.27202
G1 X21.457 Y97.539 E0.01383
G1 X145.1 Y26.154 E4.27371
G1 X145.146 Y26.24 E0.00292
G1 X145.196 Y26.317 E0.00275
G1 X145.262 Y26.385 E0.00284
G1 X145.394 Y26.256 E0.00552
G1 X145.302 Y26.415 E0.0055
G1 X145.376 Y26.457 E0.00255
G1 X21.457 Y98.001 E4.28324
G1 X21.451 Y98.065 E0.00192
G1 X21.424 Y98.183 E0.00362
G1 X21.387 Y98.26 E0.00256
G1 X21.364 Y98.295 E0.00125
G1 X21.412 Y98.342 E0.00201
G1 X21.316 Y98.406 E0.00345
G1 X21.322 Y98.417 E0.00038
G1 X15.512 Y101.771 E0.20082
G1 X15.512 Y101.895 E0.00371
G1 X145.775 Y26.688 E4.50253
G1 X146.174 Y26.919 E0.0138
G1 X15.512 Y102.357 E4.51633
G1 X15.512 Y102.819 E0.01383
G1 X146.574 Y27.15 E4.53016
G1 X146.974 Y27.382 E0.01384
G1 X15.512 Y103.281 E4.54397
G1 X15.512 Y103.743 E0.01383
G1 X147.373 Y27.613 E4.55777
G1 X147.773 Y27.844 E0.01383
G1 X15.512 Y104.205 E4.5716
G1 X15.512 Y104.666 E0.0138
G1 X148.172 Y28.075 E4.58538
G1 X148.571 Y28.307 E0.01382
G1 X15.512 Y105.128 E4.59917
G1 X15.512 Y105.59 E0.01383
G1 X148.971 Y28.538 E4.61299
G1 X149.37 Y28.769 E0.0138
G1 X15.512 Y106.052 E4.6268
G1 X15.512 Y106.514 E0.01383
G1 X149.77 Y29.001 E4.64061
G1 X150.17 Y29.231 E0.01381
G1 X15.512 Y106.976 E4.65445
G1 X15.512 Y107.438 E0.01383
G1 X150.569 Y29.463 E4.66824
G1 X150.969 Y29.694 E0.01383
G1 X15.512 Y107.9 E4.68206
G1 X15.512 Y107.929 E0.00087
G1 X15.886 Y108.146 E0.01294
G1 X151.378 Y29.919 E4.68328
G1 X151.618 Y29.961 E0.00729
G1 X151.697 Y29.957 E0.00237
G1 X151.772 Y29.943 E0.00228
G1 X151.835 Y29.922 E0.00199
G1 X151.903 Y29.889 E0.00226
G1 X157.547 Y26.627 E0.19514
G1 X157.714 Y26.723 E0.00577
G1 X16.285 Y108.377 E4.88848
G1 X16.685 Y108.608 E0.01383
G1 X158.113 Y26.955 E4.88844
G1 X158.513 Y27.185 E0.01381
G1 X17.085 Y108.839 E4.88846
G1 X17.485 Y109.07 E0.01383
G1 X158.914 Y27.416 E4.88848
G1 X159.313 Y27.648 E0.01382
G1 X17.884 Y109.302 E4.88848
G1 X18.284 Y109.533 E0.01383
G1 X159.713 Y27.879 E4.88848
G1 X160.112 Y28.11 E0.0138
G1 X18.683 Y109.764 E4.88848
G1 X19.083 Y109.995 E0.01383
G1 X160.512 Y28.341 E4.88848
G1 X160.912 Y28.572 E0.01383
G1 X19.482 Y110.226 E4.88851
G1 X19.882 Y110.457 E0.01383
G1 X161.311 Y28.803 E4.88848
G1 X161.711 Y29.034 E0.01383
G1 X20.282 Y110.689 E4.8885
G1 X20.682 Y110.92 E0.01383
G1 X162.111 Y29.265 E4.8885
G1 X162.511 Y29.497 E0.01384
G1 X21.081 Y111.151 E4.88851
G1 X21.187 Y111.212 E0.00366
G1 X21.23 Y111.244 E0.0016
G1 X21.313 Y111.327 E0.00351
G1 X21.382 Y111.439 E0.00394
G1 X162.879 Y29.745 E4.89085
G1 X162.879 Y30.207 E0.01383
G1 X21.457 Y111.858 E4.88826
G1 X21.456 Y112.32 E0.01383
G1 X162.879 Y30.669 E4.88828
G1 X162.879 Y31.131 E0.01383
G1 X21.455 Y112.783 E4.88833
G1 X21.454 Y113.245 E0.01383
G1 X162.879 Y31.593 E4.88835
G1 X162.88 Y32.054 E0.0138
G1 X21.454 Y113.707 E4.88839
G1 X21.453 Y114.169 E0.01383
G1 X162.88 Y32.516 E4.88842
G1 X162.88 Y32.978 E0.01383
G1 X21.452 Y114.632 E4.88846
G1 X21.452 Y115.094 E0.01383
G1 X162.88 Y33.44 E4.88846
G1 X162.88 Y33.902 E0.01383
G1 X21.451 Y115.556 E4.88848
G1 X21.45 Y116.019 E0.01386
G1 X162.88 Y34.364 E4.88853
G1 X162.88 Y34.826 E0.01383
G1 X21.45 Y116.48 E4.88851
G1 X21.449 Y116.943 E0.01386
G1 X162.88 Y35.288 E4.88855
G1 X162.88 Y35.75 E0.01383
G1 X21.448 Y117.405 E4.88858
G1 X21.447 Y117.868 E0.01386
G1 X162.88 Y36.212 E4.88862
G1 X162.885 Y36.31 E0.00294
G1 X162.921 Y36.434 E0.00387
G1 X162.973 Y36.535 E0.0034
G1 X163.012 Y36.597 E0.00219
G1 X21.447 Y118.33 E4.89319
G1 X21.446 Y118.697 E0.01099
G1 X21.402 Y118.817 E0.00383
G1 X163.37 Y36.852 E4.90711
G1 X163.771 Y37.083 E0.01385
G1 X15.512 Y122.68 E5.12456
G1 X15.512 Y123.142 E0.01383
G1 X164.171 Y37.314 E5.13839
G1 X164.57 Y37.545 E0.0138
G1 X15.512 Y123.604 E5.15219
G1 X15.512 Y124.066 E0.01383
G1 X164.97 Y37.776 E5.16601
G1 X165.37 Y38.007 E0.01383
G1 X15.512 Y124.528 E5.17984
G1 X15.512 Y124.989 E0.0138
G1 X165.769 Y38.238 E5.19363
G1 X166.169 Y38.469 E0.01383
G1 X15.512 Y125.451 E5.20745
G1 X15.512 Y125.913 E0.01383
G1 X166.569 Y38.7 E5.22128
G1 X166.968 Y38.932 E0.01382
G1 X15.512 Y126.375 E5.23507
G1 X15.512 Y126.837 E0.01383
G1 X167.368 Y39.163 E5.24889
G1 X167.768 Y39.393 E0.01381
G1 X15.512 Y127.299 E5.26273
G1 X15.512 Y127.761 E0.01383
G1 X168.168 Y39.625 E5.27655
G1 X168.568 Y39.856 E0.01383
G1 X15.512 Y128.223 E5.29037
G1 X15.512 Y128.521 E0.00892
G1 X15.653 Y128.603 E0.00488
G1 X168.968 Y40.087 E5.29932
G1 X169.138 Y40.186 E0.00589
G1 X169.193 Y40.212 E0.00182
G1 X169.279 Y40.241 E0.00272
G1 X169.457 Y40.256 E0.00535
G1 X169.477 Y40.255 E0.0006
G1 X16.053 Y128.834 E5.30309
G1 X16.453 Y129.065 E0.01383
G1 X175.714 Y37.116 E5.50484
G1 X176.114 Y37.346 E0.01381
G1 X16.853 Y129.296 E5.50486
G1 X17.253 Y129.527 E0.01383
G1 X176.514 Y37.577 E5.50486
G1 X176.914 Y37.808 E0.01383
G1 X17.653 Y129.758 E5.50486
G1 X18.053 Y129.989 E0.01383
G1 X177.314 Y38.039 E5.50486
G1 X177.713 Y38.271 E0.01382
G1 X18.453 Y130.22 E5.50482
G1 X18.853 Y130.451 E0.01383
G1 X178.113 Y38.502 E5.50482
G1 X178.513 Y38.732 E0.01381
G1 X19.253 Y130.681 E5.50482
G1 X19.653 Y130.912 E0.01383
G1 X178.914 Y38.963 E5.50484
G1 X179.314 Y39.194 E0.01383
G1 X20.053 Y131.143 E5.50484
G1 X20.453 Y131.374 E0.01383
G1 X179.713 Y39.426 E5.5048
G1 X180.113 Y39.657 E0.01383
G1 X20.853 Y131.605 E5.5048
G1 X21.189 Y131.798 E0.0116
G1 X21.242 Y131.842 E0.00206
G1 X180.513 Y39.887 E5.50519
G1 X180.712 Y40.003 E0.0069
G1 X180.712 Y40.234 E0.00691
G1 X21.444 Y132.188 E5.5051
G1 X21.454 Y132.239 E0.00156
G1 X21.454 Y132.644 E0.01212
G1 X180.712 Y40.696 E5.50475
G1 X180.712 Y41.158 E0.01383
G1 X21.454 Y133.106 E5.50475
G1 X21.454 Y133.568 E0.01383
G1 X180.712 Y41.62 E5.50475
G1 X180.712 Y42.082 E0.01383
G1 X21.455 Y134.029 E5.50471
G1 X21.455 Y134.491 E0.01383
G1 X180.712 Y42.544 E5.50471
G1 X180.712 Y43.006 E0.01383
G1 X21.455 Y134.953 E5.50471
G1 X21.455 Y135.415 E0.01383
G1 X180.712 Y43.468 E5.50471
G1 X180.712 Y43.93 E0.01383
G1 X21.456 Y135.876 E5.50467
G1 X21.456 Y136.338 E0.01383
G1 X180.712 Y44.392 E5.50467
G1 X180.712 Y44.853 E0.0138
G1 X21.455 Y136.8 E5.50471
G1 X21.455 Y137.262 E0.01383
G1 X180.712 Y45.315 E5.50471
G1 X180.712 Y45.777 E0.01383
G1 X21.456 Y137.723 E5.50467
G1 X21.456 Y138.185 E0.01383
G1 X180.712 Y46.239 E5.50467
G1 X180.712 Y46.525 E0.00856
G1 X180.717 Y46.605 E0.0024
G1 X180.74 Y46.685 E0.00249
G1 X21.456 Y138.647 E5.50563
G1 X21.456 Y138.812 E0.00494
G1 X21.712 Y138.961 E0.00887
G1 X180.968 Y47.015 E5.50467
G1 X181.368 Y47.246 E0.01383
G1 X22.112 Y139.192 E5.50467
G1 X22.512 Y139.423 E0.01383
G1 X181.768 Y47.477 E5.50467
G1 X182.168 Y47.708 E0.01383
G1 X22.912 Y139.654 E5.50467
G1 X23.311 Y139.886 E0.01382
G1 X182.568 Y47.939 E5.50471
G1 X182.968 Y48.17 E0.01383
G1 X23.711 Y140.117 E5.50471
G1 X24.111 Y140.347 E0.01381
G1 X183.368 Y48.4 E5.50471
G1 X183.768 Y48.631 E0.01383
G1 X24.511 Y140.578 E5.50471
G1 X24.91 Y140.81 E0.01382
G1 X184.168 Y48.862 E5.50475
G1 X184.568 Y49.093 E0.01383
G1 X25.31 Y141.041 E5.50475
G1 X25.71 Y141.272 E0.01383
G1 X184.968 Y49.324 E5.50475
G1 X185.368 Y49.555 E0.01383
G1 X26.11 Y141.503 E5.50475
G1 X26.51 Y141.734 E0.01383
G1 X185.768 Y49.786 E5.50475
G1 X186.168 Y50.017 E0.01383
G1 X26.91 Y141.965 E5.50475
G1 X27.045 Y142.043 E0.00467
G1 X27.081 Y142.018 E0.00131
G1 X27.165 Y142.112 E0.00377
G1 X27.277 Y142.177 E0.00388
G1 X27.256 Y142.215 E0.0013
G1 X27.262 Y142.223 E0.0003
G1 X186.568 Y50.248 E5.5064
G1 X186.656 Y50.299 E0.00304
G1 X186.656 Y50.659 E0.01078
G1 X27.401 Y142.605 E5.50464
G1 X27.401 Y143.067 E0.01383
G1 X186.656 Y51.121 E5.50464
G1 X186.656 Y51.583 E0.01383
G1 X27.4 Y143.529 E5.50467
G1 X27.4 Y143.991 E0.01383
G1 X186.656 Y52.045 E5.50467
G1 X186.656 Y52.507 E0.01383
G1 X27.4 Y144.453 E5.50467
G1 X27.4 Y144.915 E0.01383
G1 X186.656 Y52.968 E5.50468
G1 X186.656 Y53.43 E0.01383
G1 X27.4 Y145.377 E5.50468
G1 X27.4 Y145.839 E0.01383
G1 X186.656 Y53.892 E5.50468
G1 X186.656 Y54.354 E0.01383
G1 X27.401 Y146.3 E5.50464
G1 X27.401 Y146.762 E0.01383
G1 X186.657 Y54.815 E5.50468
G1 X186.657 Y55.277 E0.01383
G1 X27.401 Y147.224 E5.50468
G1 X27.401 Y147.686 E0.01383
G1 X186.657 Y55.739 E5.50468
G1 X186.657 Y56.201 E0.01383
G1 X27.401 Y148.148 E5.50468
G1 X27.401 Y148.61 E0.01383
G1 X186.658 Y56.663 E5.50471
G1 X186.658 Y56.873 E0.00629
G1 X186.68 Y56.977 E0.00318
G1 X186.729 Y57.083 E0.0035
G1 X27.401 Y149.071 E5.50716
G1 X27.4 Y149.109 E0.00114
G1 X27.768 Y149.321 E0.01271
G1 X187.025 Y57.374 E5.50471
G1 X187.425 Y57.605 E0.01383
G1 X28.168 Y149.552 E5.50471
G1 X28.568 Y149.783 E0.01383
G1 X187.824 Y57.837 E5.50467
G1 X188.224 Y58.068 E0.01383
G1 X28.968 Y150.014 E5.50467
G1 X29.368 Y150.245 E0.01383
G1 X188.624 Y58.298 E5.50468
G1 X189.024 Y58.529 E0.01383
G1 X29.768 Y150.476 E5.50468
G1 X30.168 Y150.707 E0.01383
G1 X189.424 Y58.76 E5.50468
G1 X189.824 Y58.991 E0.01383
G1 X30.568 Y150.938 E5.50468
G1 X30.968 Y151.169 E0.01383
G1 X190.224 Y59.222 E5.50468
G1 X190.623 Y59.454 E0.01382
G1 X31.368 Y151.4 E5.50464
G1 X31.768 Y151.63 E0.01381
G1 X191.024 Y59.684 E5.50467
G1 X191.424 Y59.915 E0.01383
G1 X32.168 Y151.861 E5.50467
G1 X32.568 Y152.092 E0.01383
G1 X191.824 Y60.146 E5.50467
G1 X192.224 Y60.377 E0.01383
G1 X32.969 Y152.323 E5.50464
G1 X33.046 Y152.367 E0.00265
G1 X33.155 Y152.451 E0.00412
G1 X33.239 Y152.563 E0.00419
G1 X33.266 Y152.613 E0.0017
G1 X192.599 Y60.622 E5.50734
G1 X192.599 Y61.084 E0.01383
G1 X33.34 Y153.032 E5.50478
G1 X33.341 Y153.494 E0.01383
G1 X192.599 Y61.546 E5.50475
G1 X192.599 Y62.008 E0.01383
G1 X33.341 Y153.956 E5.50475
G1 X33.341 Y154.418 E0.01383
G1 X192.599 Y62.47 E5.50475
G1 X192.599 Y62.932 E0.01383
G1 X33.341 Y154.88 E5.50475
G1 X33.341 Y155.342 E0.01383
G1 X192.599 Y63.394 E5.50475
G1 X192.6 Y63.855 E0.0138
G1 X33.341 Y155.803 E5.50478
G1 X33.34 Y156.265 E0.01383
G1 X192.6 Y64.317 E5.5048
G1 X192.6 Y64.779 E0.01383
G1 X33.34 Y156.727 E5.5048
G1 X33.34 Y157.189 E0.01383
G1 X192.6 Y65.241 E5.5048
G1 X192.6 Y65.703 E0.01383
G1 X33.34 Y157.651 E5.5048
G1 X33.34 Y158.113 E0.01383
G1 X192.6 Y66.165 E5.5048
G1 X192.6 Y66.626 E0.0138
G1 X33.341 Y158.574 E5.50478
G1 X33.341 Y159.036 E0.01383
G1 X192.6 Y67.088 E5.50478
G1 X192.6 Y67.145 E0.00171
G1 X192.618 Y67.25 E0.00319
G1 X192.644 Y67.326 E0.0024
G1 X192.695 Y67.424 E0.00331
G1 X192.731 Y67.474 E0.00184
G1 X33.421 Y159.452 E5.50655
G1 X33.822 Y159.683 E0.01385
G1 X193.081 Y67.734 E5.50479
G1 X193.482 Y67.965 E0.01385
G1 X34.222 Y159.914 E5.50482
G1 X34.622 Y160.144 E0.01381
G1 X193.882 Y68.195 E5.50482
G1 X194.282 Y68.426 E0.01383
G1 X35.022 Y160.375 E5.50482
G1 X35.422 Y160.606 E0.01383
G1 X194.682 Y68.657 E5.50482
G1 X195.082 Y68.888 E0.01383
G1 X35.822 Y160.837 E5.50482
G1 X36.223 Y161.068 E0.01385
G1 X195.482 Y69.119 E5.50479
G1 X195.882 Y69.35 E0.01383
G1 X36.623 Y161.299 E5.50479
G1 X37.023 Y161.529 E0.01381
G1 X196.282 Y69.581 E5.50478
G1 X196.682 Y69.812 E0.01383
G1 X37.423 Y161.76 E5.50478
G1 X37.823 Y161.991 E0.01383
G1 X197.082 Y70.043 E5.50478
G1 X197.482 Y70.274 E0.01383
G1 X38.224 Y162.222 E5.50475
G1 X38.624 Y162.453 E0.01383
G1 X197.883 Y70.505 E5.50478
G1 X198.283 Y70.735 E0.01381
G1 X39.021 Y162.685 E5.50488
G1 X39.098 Y162.747 E0.00296
G1 X39.152 Y162.812 E0.00253
G1 X39.184 Y162.859 E0.0017
G1 X39.257 Y163.011 E0.00505
G1 X198.544 Y71.046 E5.50576
G1 X198.544 Y71.508 E0.01383
G1 X39.283 Y163.458 E5.50486
G1 X39.283 Y163.92 E0.01383
G1 X198.544 Y71.97 E5.50486
G1 X198.544 Y72.432 E0.01383
G1 X39.283 Y164.382 E5.50486
G1 X39.284 Y164.843 E0.0138
G1 X198.545 Y72.894 E5.50484
G1 X198.545 Y73.355 E0.0138
G1 X39.283 Y165.305 E5.50488
G1 X39.283 Y165.767 E0.01383
G1 X198.545 Y73.817 E5.50488
G1 X198.545 Y74.279 E0.01383
G1 X39.283 Y166.229 E5.50488
G1 X39.283 Y166.691 E0.01383
G1 X198.545 Y74.741 E5.50488
G1 X198.545 Y75.203 E0.01383
G1 X39.283 Y167.153 E5.50488
G1 X39.283 Y167.614 E0.0138
G1 X198.545 Y75.664 E5.50488
G1 X198.545 Y76.126 E0.01383
G1 X39.284 Y168.076 E5.50486
G1 X39.284 Y168.538 E0.01383
G1 X198.545 Y76.588 E5.50486
G1 X198.545 Y77.05 E0.01383
G1 X39.284 Y169 E5.50486
G1 X39.284 Y169.462 E0.01383
G1 X198.555 Y77.507 E5.50519
G1 X198.575 Y77.586 E0.00244
G1 X198.635 Y77.708 E0.00407
G1 X198.669 Y77.764 E0.00196
G1 X198.736 Y77.842 E0.00308
G1 X198.751 Y77.855 E0.00059
G1 X39.476 Y169.813 E5.50534
G1 X39.876 Y170.043 E0.01381
G1 X199.137 Y78.094 E5.50484
G1 X199.537 Y78.325 E0.01383
G1 X40.276 Y170.274 E5.50484
G1 X40.676 Y170.505 E0.01383
G1 X199.937 Y78.556 E5.50484
G1 X200.337 Y78.787 E0.01383
G1 X41.076 Y170.736 E5.50484
G1 X41.476 Y170.967 E0.01383
G1 X200.738 Y79.018 E5.50487
G1 X201.138 Y79.248 E0.01381
G1 X41.876 Y171.198 E5.50488
G1 X42.276 Y171.429 E0.01383
G1 X201.538 Y79.479 E5.50488
G1 X201.938 Y79.71 E0.01383
G1 X42.676 Y171.66 E5.50488
G1 X43.077 Y171.891 E0.01385
G1 X202.338 Y79.941 E5.50486
G1 X202.738 Y80.172 E0.01383
G1 X43.477 Y172.122 E5.50486
G1 X43.877 Y172.353 E0.01383
G1 X203.138 Y80.403 E5.50486
G1 X203.537 Y80.634 E0.0138
G1 X44.277 Y172.583 E5.50482
G1 X44.677 Y172.814 E0.01383
G1 X203.937 Y80.865 E5.50482
G1 X204.337 Y81.096 E0.01383
G1 X45.053 Y173.059 E5.50565
G1 X45.078 Y173.084 E0.00106
G1 X45.132 Y173.165 E0.00291
G1 X45.187 Y173.269 E0.00352
G1 X45.216 Y173.364 E0.00297
G1 X45.225 Y173.422 E0.00176
G1 X204.488 Y81.471 E5.50492
G1 X204.488 Y81.933 E0.01383
G1 X45.227 Y173.882 E5.50484
G1 X45.227 Y174.344 E0.01383
G1 X204.488 Y82.395 E5.50484
G1 X204.488 Y82.857 E0.01383
G1 X45.227 Y174.806 E5.50484
G1 X45.227 Y175.268 E0.01383
G1 X204.488 Y83.319 E5.50484
G1 X204.488 Y83.781 E0.01383
G1 X45.228 Y175.729 E5.5048
G1 X45.228 Y176.191 E0.01383
G1 X204.487 Y84.243 E5.50478
G1 X204.487 Y84.705 E0.01383
G1 X45.228 Y176.653 E5.50478
G1 X45.228 Y177.115 E0.01383
G1 X204.487 Y85.166 E5.50479
G1 X204.487 Y85.628 E0.01383
G1 X45.228 Y177.577 E5.50479
G1 X45.228 Y178.039 E0.01383
G1 X204.487 Y86.09 E5.50479
G1 X204.487 Y86.552 E0.01383
G1 X45.229 Y178.5 E5.50475
G1 X45.229 Y178.962 E0.01383
G1 X204.487 Y87.014 E5.50475
G1 X204.488 Y87.342 E0.00982
G1 X198.675 Y90.698 E0.20092
G1 X198.693 Y90.731 E0.00113
G1 X198.667 Y90.762 E0.00121
G1 X198.603 Y90.873 E0.00384
G1 X45.228 Y179.424 E5.3014
G1 X45.228 Y179.886 E0.01383
G1 X198.554 Y91.363 E5.29971
G1 X198.553 Y91.826 E0.01386
G1 X45.535 Y180.171 E5.28906
G1 X45.935 Y180.402 E0.01383
G1 X198.553 Y92.288 E5.27523
G1 X198.552 Y92.75 E0.01383
G1 X46.335 Y180.633 E5.26138
G1 X46.735 Y180.864 E0.01383
G1 X198.551 Y93.213 E5.24751
G1 X198.55 Y93.675 E0.01383
G1 X47.135 Y181.094 E5.23364
G1 X47.535 Y181.325 E0.01383
G1 X198.55 Y94.137 E5.21982
G1 X198.549 Y94.599 E0.01383
G1 X47.935 Y181.556 E5.20596
G1 X48.335 Y181.787 E0.01383
G1 X198.548 Y95.062 E5.1921
G1 X198.547 Y95.524 E0.01383
G1 X48.735 Y182.018 E5.17824
G1 X49.136 Y182.249 E0.01385
G1 X198.546 Y95.987 E5.16435
G1 X198.546 Y96.448 E0.0138
G1 X49.536 Y182.479 E5.15052
G1 X49.936 Y182.71 E0.01383
G1 X198.545 Y96.911 E5.13666
G1 X198.545 Y97.373 E0.01383
G1 X50.336 Y182.941 E5.12283
G1 X50.565 Y183.073 E0.00791
G1 X56.209 Y179.815 E0.19508
G1 X56.265 Y179.788 E0.00186
G1 X56.332 Y179.926 E0.00459
G1 X56.284 Y179.78 E0.0046
G1 X56.339 Y179.762 E0.00173
G1 X56.416 Y179.747 E0.00235
G1 X56.487 Y179.744 E0.00213
G1 X56.651 Y179.757 E0.00492
G1 X198.544 Y97.836 E4.90451
G1 X198.544 Y98.001 E0.00494
G1 X198.563 Y98.143 E0.00429
G1 X198.615 Y98.257 E0.00375
G1 X57.077 Y179.973 E4.89224
G1 X57.478 Y180.204 E0.01385
G1 X198.905 Y98.551 E4.88842
G1 X199.305 Y98.782 E0.01383
G1 X57.878 Y180.435 E4.88842
G1 X58.278 Y180.666 E0.01383
G1 X199.705 Y99.013 E4.88842
G1 X200.106 Y99.243 E0.01384
G1 X58.678 Y180.897 E4.88846
G1 X59.078 Y181.128 E0.01383
G1 X200.506 Y99.474 E4.88846
G1 X200.906 Y99.705 E0.01383
G1 X59.478 Y181.359 E4.88846
G1 X59.877 Y181.59 E0.0138
G1 X201.306 Y99.936 E4.88848
G1 X201.706 Y100.167 E0.01383
G1 X60.277 Y181.821 E4.88848
G1 X60.677 Y182.052 E0.01383
G1 X202.107 Y100.397 E4.88853
G1 X202.507 Y100.628 E0.01383
G1 X61.077 Y182.283 E4.88853
G1 X61.477 Y182.514 E0.01383
G1 X202.907 Y100.859 E4.88853
G1 X203.307 Y101.09 E0.01383
G1 X61.877 Y182.745 E4.88853
G1 X62.277 Y182.975 E0.01381
G1 X203.708 Y101.32 E4.88855
G1 X204.108 Y101.551 E0.01383
G1 X62.677 Y183.206 E4.88855
G1 X62.826 Y183.292 E0.00515
G1 X62.921 Y183.39 E0.00409
G1 X62.944 Y183.424 E0.00123
G1 X62.982 Y183.492 E0.00233
G1 X204.487 Y101.794 E4.89111
G1 X204.487 Y102.256 E0.01383
G1 X63.06 Y183.909 E4.88842
G1 X63.06 Y184.371 E0.01383
G1 X204.487 Y102.718 E4.88842
G1 X204.487 Y103.18 E0.01383
G1 X63.06 Y184.833 E4.88842
G1 X63.06 Y185.295 E0.01383
G1 X204.487 Y103.642 E4.88842
G1 X204.487 Y104.104 E0.01383
G1 X63.06 Y185.757 E4.88842
G1 X63.06 Y186.219 E0.01383
G1 X204.487 Y104.566 E4.88842
G1 X204.487 Y105.028 E0.01383
G1 X63.06 Y186.681 E4.88842
G1 X63.061 Y187.142 E0.0138
G1 X204.487 Y105.49 E4.88838
G1 X204.487 Y105.951 E0.0138
G1 X63.06 Y187.604 E4.88842
G1 X63.06 Y188.066 E0.01383
G1 X204.488 Y106.413 E4.88844
G1 X204.488 Y106.875 E0.01383
G1 X63.06 Y188.528 E4.88844
G1 X63.06 Y188.99 E0.01383
G1 X204.487 Y107.337 E4.88842
G1 X204.487 Y107.799 E0.01383
G1 X63.06 Y189.452 E4.88842
G1 X63.06 Y189.913 E0.0138
G1 X198.443 Y111.75 E4.6795
G1 X198.56 Y111.75 E0.0035
G1 X198.558 Y112.145 E0.01182
G1 X63.135 Y190.332 E4.6809
G1 X63.535 Y190.563 E0.01383
G1 X198.558 Y112.608 E4.66705
G1 X198.557 Y113.07 E0.01383
G1 X63.935 Y190.794 E4.6532
G1 X64.334 Y191.026 E0.01382
G1 X198.556 Y113.533 E4.63937
G1 X198.554 Y113.996 E0.01386
G1 X64.734 Y191.257 E4.62548
G1 X65.134 Y191.487 E0.01381
G1 X198.553 Y114.458 E4.61161
G1 X198.552 Y114.92 E0.01383
G1 X65.534 Y191.718 E4.59776
G1 X65.934 Y191.949 E0.01383
G1 X198.551 Y115.383 E4.58389
G1 X198.55 Y115.845 E0.01383
G1 X66.334 Y192.18 E4.57004
G1 X66.734 Y192.411 E0.01383
G1 X198.549 Y116.308 E4.55617
G1 X198.548 Y116.77 E0.01383
G1 X67.133 Y192.642 E4.54235
G1 X67.533 Y192.873 E0.01383
G1 X198.547 Y117.233 E4.52848
G1 X198.546 Y117.695 E0.01383
G1 X67.934 Y193.104 E4.5146
G1 X68.334 Y193.335 E0.01383
G1 X198.545 Y118.158 E4.50073
G1 X198.544 Y118.589 E0.0129
G1 X198.548 Y118.618 E0.00088
G1 X74.68 Y190.133 E4.28149
G1 X75.079 Y190.365 E0.01382
G1 X198.707 Y118.988 E4.2732
G1 X198.732 Y119.018 E0.00117
G1 X198.812 Y119.083 E0.00309
G1 X199.078 Y119.235 E0.00917
G1 X75.479 Y190.595 E4.27219
G1 X75.878 Y190.827 E0.01382
G1 X199.478 Y119.466 E4.27223
G1 X199.877 Y119.698 E0.01382
G1 X76.277 Y191.058 E4.27222
G1 X76.677 Y191.289 E0.01383
G1 X200.277 Y119.929 E4.27222
G1 X200.677 Y120.16 E0.01383
G1 X77.077 Y191.521 E4.27223
G1 X77.477 Y191.752 E0.01383
G1 X201.078 Y120.391 E4.27226
G1 X201.478 Y120.621 E0.01381
G1 X77.876 Y191.983 E4.2723
G1 X78.275 Y192.214 E0.0138
G1 X201.878 Y120.852 E4.27233
G1 X202.278 Y121.083 E0.01383
G1 X78.675 Y192.445 E4.27233
G1 X79.074 Y192.677 E0.01382
G1 X202.678 Y121.314 E4.27237
G1 X203.078 Y121.545 E0.01383
G1 X79.473 Y192.908 E4.27239
G1 X79.874 Y193.139 E0.01385
G1 X203.478 Y121.776 E4.27237
G1 X203.878 Y122.007 E0.01383
G1 X80.273 Y193.37 E4.27239
G1 X80.661 Y193.594 E0.01341
G1 X80.669 Y193.603 E0.00036
G1 X204.278 Y122.238 E4.27253
G1 X204.488 Y122.359 E0.00725
G1 X204.487 Y122.579 E0.00659
G1 X80.877 Y193.945 E4.27257
G1 X80.885 Y193.979 E0.00105
G1 X80.891 Y194.028 E0.00148
G1 X80.892 Y194.399 E0.01111
G1 X204.487 Y123.041 E4.27206
G1 X204.487 Y123.503 E0.01383
G1 X80.892 Y194.861 E4.27206
G1 X80.892 Y195.322 E0.0138
G1 X204.487 Y123.964 E4.27206
G1 X204.487 Y124.426 E0.01383
G1 X80.892 Y195.784 E4.27206
G1 X80.892 Y196.246 E0.01383
G1 X204.487 Y124.888 E4.27206
G1 X204.487 Y125.35 E0.01383
G1 X80.892 Y196.708 E4.27206
G1 X80.892 Y197.17 E0.01383
G1 X204.487 Y125.812 E4.27206
G1 X204.487 Y126.274 E0.01383
G1 X80.892 Y197.631 E4.27205
G1 X80.892 Y198.093 E0.01383
G1 X204.487 Y126.736 E4.27205
G1 X204.487 Y127.198 E0.01383
G1 X80.892 Y198.555 E4.27205
G1 X80.892 Y199.017 E0.01383
G1 X204.487 Y127.66 E4.27205
G1 X204.487 Y128.122 E0.01383
G1 X80.892 Y199.479 E4.27205
G1 X80.892 Y199.941 E0.01383
G1 X198.664 Y131.946 E4.07077
G1 X198.603 Y132.05 E0.00361
G1 X198.559 Y132.162 E0.0036
G1 X198.558 Y132.468 E0.00916
G1 X80.892 Y200.403 E4.06713
G1 X80.892 Y200.581 E0.00533
G1 X81.138 Y200.723 E0.0085
G1 X198.557 Y132.931 E4.05858
G1 X198.556 Y133.393 E0.01383
G1 X81.537 Y200.954 E4.04476
G1 X81.937 Y201.185 E0.01383
G1 X198.554 Y133.856 E4.03086
G1 X198.553 Y134.319 E0.01386
G1 X82.337 Y201.416 E4.01699
G1 X82.737 Y201.647 E0.01383
G1 X198.552 Y134.781 E4.00314
G1 X198.552 Y135.243 E0.01383
G1 X83.137 Y201.878 E3.98932
G1 X83.537 Y202.109 E0.01383
G1 X198.551 Y135.706 E3.97545
G1 X198.55 Y136.168 E0.01383
G1 X83.937 Y202.34 E3.96159
G1 X84.337 Y202.571 E0.01383
G1 X198.549 Y136.631 E3.94773
G1 X198.548 Y137.093 E0.01383
G1 X84.737 Y202.802 E3.93387
G1 X85.137 Y203.033 E0.01383
G1 X198.547 Y137.555 E3.92002
G1 X198.546 Y138.018 E0.01386
G1 X85.537 Y203.264 E3.90615
G1 X85.937 Y203.495 E0.01383
G1 X198.545 Y138.48 E3.8923
G1 X198.545 Y138.813 E0.00997
G1 X192.864 Y142.094 E0.19638
G1 X192.784 Y142.162 E0.00314
G1 X192.846 Y142.233 E0.00282
G1 X92.201 Y200.34 E3.47878
G1 X92.348 Y200.353 E0.00442
G1 X92.442 Y200.391 E0.00304
G1 X92.677 Y200.527 E0.00813
G1 X192.631 Y142.819 E3.4549
G1 X192.629 Y143.281 E0.01383
G1 X93.077 Y200.758 E3.44102
G1 X93.478 Y200.988 E0.01384
G1 X192.627 Y143.745 E3.42707
G1 X192.625 Y144.208 E0.01386
G1 X93.878 Y201.219 E3.41318
G1 X94.278 Y201.45 E0.01383
G1 X192.622 Y144.671 E3.39926
G1 X192.619 Y145.135 E0.01389
G1 X94.678 Y201.681 E3.38532
G1 X95.078 Y201.912 E0.01383
G1 X192.618 Y145.598 E3.37145
G1 X192.615 Y146.061 E0.01386
G1 X95.478 Y202.143 E3.35753
G1 X95.879 Y202.373 E0.01384
G1 X192.613 Y146.524 E3.3436
G1 X192.611 Y146.987 E0.01386
G1 X96.279 Y202.604 E3.32971
G1 X96.679 Y202.835 E0.01383
G1 X192.609 Y147.45 E3.31581
G1 X192.606 Y147.914 E0.01389
G1 X97.079 Y203.066 E3.30188
G1 X97.479 Y203.297 E0.01383
G1 X192.604 Y148.377 E3.28798
G1 X192.602 Y148.84 E0.01386
G1 X97.879 Y203.528 E3.27409
G1 X98.112 Y203.661 E0.00803
G1 X103.812 Y200.375 E0.19695
G1 X103.932 Y200.339 E0.00375
G1 X104.034 Y200.331 E0.00306
G1 X104.188 Y200.347 E0.00463
G1 X186.689 Y152.715 E2.85164
G1 X186.687 Y153.179 E0.01389
G1 X104.622 Y200.559 E2.83657
G1 X105.022 Y200.79 E0.01383
G1 X186.685 Y153.642 E2.82267
G1 X186.682 Y154.105 E0.01386
G1 X105.422 Y201.021 E2.80876
G1 X105.822 Y201.251 E0.01381
G1 X186.68 Y154.568 E2.79485
G1 X186.678 Y155.031 E0.01386
G1 X106.222 Y201.482 E2.78095
G1 X106.622 Y201.713 E0.01383
G1 X186.676 Y155.494 E2.76706
G1 X186.673 Y155.958 E0.01389
G1 X107.022 Y201.944 E2.75312
G1 X107.422 Y202.175 E0.01383
G1 X186.671 Y156.421 E2.73923
G1 X186.669 Y156.884 E0.01386
G1 X107.822 Y202.406 E2.72534
G1 X108.223 Y202.636 E0.01384
G1 X186.666 Y157.347 E2.71138
G1 X186.664 Y157.81 E0.01386
G1 X108.623 Y202.867 E2.69748
G1 X109.024 Y203.098 E0.01385
G1 X186.662 Y158.274 E2.68355
G1 X186.66 Y158.737 E0.01386
G1 X109.424 Y203.329 E2.66965
G1 X109.824 Y203.56 E0.01383
G1 X186.657 Y159.2 E2.65574
G1 X186.657 Y159.403 E0.00608
G1 X180.822 Y162.771 E0.20167
G1 X180.844 Y162.811 E0.00137
G1 X180.766 Y162.944 E0.00462
G1 X180.726 Y163.049 E0.00336
G1 X180.726 Y163.086 E0.00111
G1 X116.157 Y200.365 E2.23183
G1 X116.191 Y200.377 E0.00108
G1 X116.245 Y200.404 E0.00181
G1 X116.567 Y200.59 E0.01113
G1 X180.725 Y163.549 E2.21761
G1 X180.724 Y164.011 E0.01383
G1 X116.967 Y200.821 E2.20376
G1 X117.367 Y201.052 E0.01383
G1 X180.723 Y164.474 E2.18989
G1 X180.722 Y164.936 E0.01383
G1 X117.767 Y201.283 E2.17603
G1 X118.167 Y201.515 E0.01384
G1 X180.72 Y165.399 E2.16216
G1 X180.72 Y165.861 E0.01383
G1 X118.567 Y201.745 E2.14831
G1 X118.967 Y201.976 E0.01383
G1 X180.719 Y166.324 E2.13445
G1 X180.718 Y166.786 E0.01383
G1 X119.367 Y202.207 E2.12059
G1 X119.767 Y202.438 E0.01383
G1 X180.717 Y167.249 E2.10673
G1 X180.716 Y167.711 E0.01383
G1 X120.167 Y202.669 E2.09287
G1 X120.567 Y202.9 E0.01383
G1 X180.715 Y168.173 E2.07902
G1 X180.714 Y168.636 E0.01386
G1 X120.967 Y203.131 E2.06515
G1 X121.367 Y203.362 E0.01383
G1 X180.713 Y169.098 E2.0513
G1 X180.712 Y169.561 E0.01386
G1 X121.766 Y203.593 E2.03746
G1 X121.885 Y203.661 E0.0041
G1 X127.582 Y200.376 E0.19685
G1 X127.689 Y200.342 E0.00336
G1 X127.798 Y200.333 E0.00327
G1 X127.918 Y200.334 E0.00359
G1 X127.997 Y200.35 E0.00241
G1 X128.059 Y200.37 E0.00195
G1 X128.107 Y200.394 E0.00161
G1 X139.108 Y194.043 E0.38024
G1 X139.108 Y194.505 E0.01383
G1 X128.51 Y200.624 E0.36632
G1 X128.909 Y200.855 E0.0138
G1 X139.108 Y194.966 E0.35254
G1 X139.108 Y195.428 E0.01383
G1 X129.309 Y201.086 E0.33871
G1 X129.709 Y201.317 E0.01383
G1 X139.108 Y195.89 E0.32488
G1 X139.108 Y196.352 E0.01383
G1 X130.109 Y201.548 E0.31106
G1 X130.509 Y201.779 E0.01383
G1 X139.108 Y196.814 E0.29723
G1 X139.108 Y197.276 E0.01383
G1 X130.909 Y202.01 E0.2834
G1 X131.309 Y202.24 E0.01381
G1 X139.108 Y197.738 E0.26956
G1 X139.108 Y198.2 E0.01383
G1 X131.709 Y202.471 E0.25573
G1 X132.109 Y202.702 E0.01383
G1 X139.108 Y198.662 E0.24191
G1 X139.108 Y199.124 E0.01383
G1 X132.509 Y202.933 E0.22808
G1 X132.91 Y203.164 E0.01385
G1 X139.108 Y199.586 E0.21423
G1 X139.108 Y200.047 E0.0138
G1 X133.31 Y203.395 E0.20042
G1 X133.71 Y203.626 E0.01383
G1 X139.108 Y200.509 E0.18659
G0 F18000 X138.792 Y200.402
G0 X138.778 Y194.025
G0 X139.109 Y194.025
G1 F3600 X139.135 Y193.898 E0.00388
G1 X139.159 Y193.836 E0.00199
G1 X139.215 Y193.731 E0.00356
G1 X139.229 Y193.713 E0.00068
G1 X139.207 Y193.674 E0.00134
G1 X139.408 Y193.544 E0.00717
G1 X145.407 Y190.083 E0.20732
G1 X145.498 Y190.052 E0.00288
G1 X145.56 Y190.039 E0.0019
G1 X145.632 Y190.036 E0.00216
G1 X145.736 Y190.037 E0.00311
G1 X145.796 Y190.046 E0.00182
G1 X145.881 Y190.071 E0.00265
G1 X145.94 Y190.098 E0.00194
G1 X156.936 Y183.75 E0.38007
G0 F18000 X156.609 Y183.75
G0 X156.623 Y190.107
G0 X156.936 Y190.216
G1 F3600 X151.539 Y193.332 E0.18655
G1 X151.139 Y193.101 E0.01383
G1 X156.936 Y189.754 E0.20037
G1 X156.936 Y189.293 E0.0138
G1 X150.739 Y192.87 E0.21419
G1 X150.34 Y192.639 E0.0138
G1 X156.936 Y188.831 E0.22799
G1 X156.936 Y188.369 E0.01383
G1 X149.94 Y192.408 E0.24181
G1 X149.54 Y192.177 E0.01383
G1 X156.936 Y187.907 E0.25564
G1 X156.936 Y187.445 E0.01383
G1 X149.141 Y191.945 E0.26943
G1 X148.741 Y191.715 E0.01381
G1 X156.936 Y186.983 E0.28327
G1 X156.936 Y186.521 E0.01383
G1 X148.341 Y191.484 E0.2971
G1 X147.941 Y191.252 E0.01384
G1 X156.936 Y186.059 E0.31091
G1 X156.936 Y185.597 E0.01383
G1 X147.541 Y191.021 E0.32473
G1 X147.141 Y190.79 E0.01383
G1 X156.936 Y185.135 E0.33856
G1 X156.936 Y184.673 E0.01383
G1 X146.742 Y190.559 E0.35236
G1 X146.342 Y190.328 E0.01383
G1 X156.936 Y184.212 E0.36617
G1 X156.937 Y183.731 E0.0144
G1 X156.956 Y183.623 E0.00328
G1 X156.993 Y183.528 E0.00305
G1 X157.023 Y183.477 E0.00177
G1 X157.093 Y183.371 E0.0038
G1 X157.184 Y183.289 E0.00367
G1 X157.294 Y183.411 E0.00492
G1 X157.202 Y183.274 E0.00494
G1 X157.239 Y183.249 E0.00134
G1 X163.254 Y179.784 E0.20779
G1 X163.354 Y179.754 E0.00313
G1 X163.462 Y179.744 E0.00325
G1 X163.582 Y179.746 E0.00359
G1 X163.66 Y179.761 E0.00238
G1 X163.723 Y179.782 E0.00199
G1 X163.769 Y179.805 E0.00154
G1 X174.77 Y173.453 E0.38026
G1 X174.77 Y173.915 E0.01383
G1 X164.171 Y180.035 E0.36636
G1 X164.571 Y180.265 E0.01381
G1 X174.77 Y174.377 E0.35252
G1 X174.77 Y174.839 E0.01383
G1 X164.971 Y180.496 E0.3387
G1 X165.371 Y180.727 E0.01383
G1 X174.77 Y175.301 E0.32487
G1 X174.769 Y175.763 E0.01383
G1 X165.771 Y180.958 E0.31102
G1 X166.171 Y181.189 E0.01383
G1 X174.769 Y176.225 E0.29719
G1 X174.769 Y176.687 E0.01383
G1 X166.571 Y181.42 E0.28336
G1 X166.971 Y181.651 E0.01383
G1 X174.769 Y177.149 E0.26953
G1 X174.769 Y177.611 E0.01383
G1 X167.371 Y181.882 E0.25571
G1 X167.771 Y182.113 E0.01383
G1 X174.769 Y178.073 E0.24188
G1 X174.768 Y178.535 E0.01383
G1 X168.172 Y182.344 E0.228
G1 X168.572 Y182.575 E0.01383
G1 X174.768 Y178.997 E0.21418
G1 X174.768 Y179.459 E0.01383
G1 X168.972 Y182.805 E0.20033
G1 X169.372 Y183.036 E0.01383
G1 X174.768 Y179.921 E0.18651
G0 F18000 X174.186 Y179.628
G1 F1800 E-3.5
;MESH:NONMESH
G0 F1200 X174.186 Y179.628 Z0.5
G0 F18000 X33.206 Y50.206
G0 X32.481 Y48.952
G0 X26.134 Y37.939
G0 X25.75 Y36.516
G0 X25.042 Y36.059
G0 X25.05 Y36.743
;TIME_ELAPSED:2971.631169
;LAYER:2
;TYPE:WALL-OUTER
;MESH:01_Prime_Insulator.STL
G1 F1800 E3.52079
G1 F2508.6 X24.742 Y36.74 E0.00869
G1 X24.232 Y36.719 E0.01441
G1 X23.982 Y36.7 E0.00708
G1 F2520.9 X23.726 Y36.673 E0.00723
G1 F2514.7 X23.201 Y36.605 E0.01491
G1 F2508.6 X22.96 Y36.566 E0.00689
G1 F2502.4 X22.709 Y36.519 E0.00723
G1 F2508.6 X22.211 Y36.407 E0.01441
G1 F2514.7 X21.728 Y36.28 E0.01406
G1 X21.425 Y36.186 E0.00893
G1 F2508.6 X20.983 Y36.036 E0.01318
G1 X20.48 Y35.84 E0.01524
G1 F2514.7 X20.268 Y35.749 E0.0065
G1 X20.038 Y35.645 E0.00711
G1 F2520.9 X19.574 Y35.415 E0.01455
G1 F2514.7 X19.37 Y35.306 E0.00651
G1 F2508.6 X19.129 Y35.168 E0.00784
G1 X18.689 Y34.905 E0.01447
G1 F2502.4 X18.303 Y34.648 E0.01312
G1 F2508.6 X17.888 Y34.346 E0.01449
G1 X17.65 Y34.161 E0.00851
G1 F2514.7 X17.448 Y33.996 E0.00734
G1 X17.253 Y33.828 E0.00725
G1 F2508.6 X16.911 Y33.517 E0.01305
G1 X16.73 Y33.34 E0.00715
G1 F2514.7 X16.55 Y33.158 E0.00721
G1 X16.37 Y32.968 E0.00737
G1 X16.157 Y32.728 E0.00904
G1 F2520.9 X15.868 Y32.389 E0.01251
G1 F2508.6 X15.712 Y32.189 E0.00716
G1 F2514.7 X15.513 Y31.924 E0.00933
G1 X15.405 Y31.775 E0.00518
G1 F2502.4 X15.232 Y31.525 E0.0086
G1 F2514.7 X14.984 Y31.136 E0.01299
G1 F2520.9 X14.852 Y30.913 E0.00728
G1 X14.687 Y30.624 E0.00935
G1 F2527.1 X14.485 Y30.232 E0.01236
G1 F2520.9 X14.361 Y29.982 E0.00784
G1 F2508.6 X14.268 Y29.779 E0.0063
G1 F2514.7 X14.075 Y29.321 E0.01399
G1 X13.874 Y28.773 E0.01644
G1 F2502.4 X13.738 Y28.339 E0.01287
G1 F2496.4 X13.735 Y28.338 E0.00009
G1 F2514.7 X13.632 Y27.965 E0.0109
G1 X13.541 Y27.59 E0.01087
G1 F2502.4 X13.439 Y27.092 E0.01438
G1 F2508.6 X13.362 Y26.606 E0.01389
G1 X13.364 Y26.605 E0.00006
G1 F2514.7 X13.295 Y25.994 E0.01731
G1 F2508.6 X13.28 Y25.818 E0.00499
G1 F2502.4 X13.264 Y25.561 E0.00729
G1 X13.253 Y25.054 E0.01435
G1 X13.256 Y24.742 E0.00883
G1 F2508.6 X13.266 Y24.493 E0.00703
G1 F2502.4 X13.281 Y24.232 E0.0074
G1 X13.3 Y23.979 E0.00718
G1 F2508.6 X13.324 Y23.726 E0.00717
G1 X13.391 Y23.211 E0.01466
G1 X13.429 Y22.964 E0.00705
G1 X13.532 Y22.463 E0.01444
G1 X13.638 Y22.011 E0.0131
G1 X13.719 Y21.718 E0.00858
G1 F2514.7 X13.86 Y21.276 E0.01306
G1 X13.96 Y20.986 E0.00864
G1 F2508.6 X14.156 Y20.48 E0.01532
G1 F2514.7 X14.246 Y20.271 E0.00641
G1 F2508.6 X14.352 Y20.042 E0.00712
G1 F2514.7 X14.581 Y19.575 E0.01465
G1 X14.686 Y19.377 E0.00631
G1 X14.827 Y19.13 E0.00801
G1 X15.091 Y18.693 E0.01438
G1 F2508.6 X15.348 Y18.306 E0.01311
G1 F2502.4 X15.497 Y18.095 E0.00731
G1 X15.651 Y17.889 E0.00728
G1 F2508.6 X15.834 Y17.652 E0.00845
G1 F2502.4 X16.164 Y17.259 E0.01452
G1 F2508.6 X16.48 Y16.913 E0.01323
G1 F2514.7 X16.656 Y16.73 E0.00715
G1 X16.888 Y16.501 E0.00918
G1 X17.028 Y16.37 E0.0054
G1 X17.27 Y16.156 E0.0091
G1 X17.604 Y15.872 E0.01235
G1 F2508.6 X17.807 Y15.712 E0.0073
G1 X18.013 Y15.557 E0.00728
G1 X18.216 Y15.41 E0.00707
G1 X18.473 Y15.234 E0.00879
G1 F2514.7 X18.86 Y14.984 E0.01297
G1 X19.3 Y14.728 E0.01433
G1 F2508.6 X19.759 Y14.488 E0.01462
G1 X20.013 Y14.362 E0.008
G1 F2514.7 X20.222 Y14.267 E0.00646
G1 F2508.6 X20.458 Y14.165 E0.00726
G1 X20.66 Y14.083 E0.00615
G1 F2514.7 X20.933 Y13.98 E0.00822
G1 X21.249 Y13.868 E0.00944
G1 F2508.6 X21.657 Y13.738 E0.01209
G1 F2490.3 X21.658 Y13.735 E0.00009
G1 F2508.6 X22.035 Y13.631 E0.01104
G1 F2514.7 X22.407 Y13.543 E0.01076
G1 F2508.6 X22.909 Y13.439 E0.01447
G1 X23.39 Y13.363 E0.01375
G1 X23.928 Y13.303 E0.01528
G1 X24.181 Y13.28 E0.00717
G1 X24.511 Y13.261 E0.00933
G1 X24.946 Y13.254 E0.01228
G1 F2514.7 X25.254 Y13.256 E0.00867
G1 F2508.6 X25.507 Y13.265 E0.00715
G1 X26.021 Y13.3 E0.01454
G1 F2514.7 X26.271 Y13.324 E0.00707
G1 F2508.6 X26.795 Y13.391 E0.01491
G1 F2514.7 X27.071 Y13.436 E0.00787
G1 X27.538 Y13.532 E0.01342
G1 X27.789 Y13.589 E0.00725
G1 X28.267 Y13.716 E0.01393
G1 F2508.6 X28.569 Y13.81 E0.00893
G1 X29.014 Y13.964 E0.01329
G1 X29.496 Y14.148 E0.01456
G1 X29.497 Y14.151 E0.00009
G1 X29.727 Y14.247 E0.00704
G1 F2502.4 X29.957 Y14.352 E0.00715
G1 F2520.9 X30.217 Y14.478 E0.00812
G1 F2527.1 X30.629 Y14.689 E0.01297
G1 F2514.7 X31.306 Y15.09 E0.02216
G1 F2527.1 X31.537 Y15.244 E0.00778
G1 F2514.7 X31.901 Y15.497 E0.01248
G1 F2508.6 X32.108 Y15.65 E0.00727
G1 F2514.7 X32.346 Y15.835 E0.00849
G1 X32.548 Y16 E0.00734
G1 F2508.6 X32.738 Y16.164 E0.00708
G1 F2514.7 X33.083 Y16.48 E0.01317
G1 X33.266 Y16.656 E0.00715
G1 X33.447 Y16.84 E0.00727
G1 X33.626 Y17.028 E0.00731
G1 F2508.6 X33.963 Y17.411 E0.0144
G1 F2514.7 X34.124 Y17.604 E0.00708
G1 F2508.6 X34.284 Y17.807 E0.0073
G1 X34.588 Y18.217 E0.01441
G1 X34.764 Y18.471 E0.00872
G1 F2514.7 X35.014 Y18.862 E0.01307
G1 X35.146 Y19.082 E0.00722
G1 F2508.6 X35.27 Y19.299 E0.00705
G1 X35.509 Y19.759 E0.01463
G1 X35.634 Y20.013 E0.00799
G1 X35.728 Y20.22 E0.00642
G1 F2514.7 X35.938 Y20.722 E0.01532
G1 F2508.6 X36.018 Y20.931 E0.00632
G1 F2514.7 X36.13 Y21.253 E0.0096
G1 F2508.6 X36.253 Y21.631 E0.01122
G1 X36.331 Y21.909 E0.00815
G1 F2514.7 X36.456 Y22.401 E0.01429
G1 F2508.6 X36.558 Y22.907 E0.01457
G1 F2502.4 X36.601 Y23.162 E0.00732
G1 F2508.6 X36.669 Y23.671 E0.0145
G1 F2514.7 X36.697 Y23.921 E0.00708
G1 X36.732 Y24.431 E0.01439
G1 F2508.6 X36.742 Y24.952 E0.01471
G1 X36.739 Y25.257 E0.00861
G1 X36.719 Y25.768 E0.01444
G1 X36.693 Y26.098 E0.00934
G1 F2514.7 X36.609 Y26.782 E0.0194
G1 F2508.6 X36.563 Y27.054 E0.00779
G1 X36.519 Y27.288 E0.00672
G1 F2502.4 X36.464 Y27.537 E0.00722
G1 F2508.6 X36.358 Y27.986 E0.01302
G1 F2514.7 X36.276 Y28.281 E0.00862
G1 X36.186 Y28.581 E0.00882
G1 F2508.6 X36.066 Y28.927 E0.01034
G1 X35.85 Y29.495 E0.01715
G1 X35.749 Y29.727 E0.00714
G1 X35.644 Y29.957 E0.00714
G1 F2527.1 X35.526 Y30.201 E0.00759
G1 X35.31 Y30.623 E0.01328
G1 F2514.7 X35.172 Y30.867 E0.00789
G1 X34.909 Y31.303 E0.01434
G1 X34.649 Y31.693 E0.0132
G1 X34.5 Y31.902 E0.00723
G1 F2508.6 X34.161 Y32.346 E0.01577
G1 X33.997 Y32.547 E0.00732
G1 X33.832 Y32.739 E0.00715
G1 X33.521 Y33.081 E0.01305
G1 X33.34 Y33.266 E0.00731
G1 F2520.9 X33.162 Y33.442 E0.00703
G1 X32.969 Y33.626 E0.00749
G1 X32.727 Y33.841 E0.00909
G1 F2527.1 X32.392 Y34.124 E0.01229
G1 F2514.7 X32.189 Y34.284 E0.00728
G1 F2520.9 X31.983 Y34.44 E0.00726
G1 F2514.7 X31.779 Y34.588 E0.0071
G1 F2508.6 X31.524 Y34.764 E0.00875
G1 X31.138 Y35.013 E0.01297
G1 X30.914 Y35.147 E0.00737
G1 X30.697 Y35.271 E0.00705
G1 X30.242 Y35.508 E0.01448
G1 F2514.7 X30.103 Y35.577 E0.00437
G1 F2520.9 X29.779 Y35.728 E0.01004
G1 F2514.7 X29.336 Y35.913 E0.01352
G1 X28.808 Y36.11 E0.01587
G1 F2508.6 X28.579 Y36.185 E0.0068
G1 F2502.4 X28.339 Y36.259 E0.00711
G1 F2514.7 X27.968 Y36.364 E0.01086
G1 F2520.9 X27.59 Y36.455 E0.01092
G1 F2508.6 X27.089 Y36.558 E0.01444
G1 F2502.4 X26.834 Y36.601 E0.00732
G1 F2508.6 X26.609 Y36.634 E0.00642
G1 F2514.7 X26.608 Y36.632 E0.00006
G1 X26.325 Y36.67 E0.00804
G1 X26.071 Y36.697 E0.00719
G1 X25.561 Y36.732 E0.01439
G1 F2502.4 X25.05 Y36.743 E0.01446
G0 F18000 X25.25 Y36.739
G0 X25.453 Y36.328
G1 F2520.9 X25.948 Y36.299 E0.01393
G1 F2533.3 X26.453 Y36.245 E0.0142
G1 F2527.1 X26.577 Y36.228 E0.00351
G1 F2514.7 X26.94 Y36.17 E0.01035
G1 X27.355 Y36.088 E0.01191
G1 X27.791 Y35.987 E0.0126
G1 F2520.9 X27.852 Y35.976 E0.00174
G1 F2527.1 X28.599 Y35.751 E0.02186
G1 F2520.9 X29.114 Y35.563 E0.0154
G1 X29.566 Y35.377 E0.01373
G1 X29.913 Y35.217 E0.01073
G1 X30.426 Y34.953 E0.01621
G1 F2514.7 X30.853 Y34.709 E0.01385
G1 F2508.6 X31.274 Y34.44 E0.0141
G1 F2520.9 X31.68 Y34.16 E0.01385
G1 X32.068 Y33.862 E0.01374
G1 X32.45 Y33.544 E0.01396
G1 F2514.7 X32.691 Y33.327 E0.00913
G1 F2520.9 X32.869 Y33.162 E0.00682
G1 F2527.1 X33.176 Y32.853 E0.0122
G1 F2520.9 X33.656 Y32.321 E0.02013
G1 X34.131 Y31.718 E0.02156
G1 X34.41 Y31.322 E0.01361
G1 F2527.1 X34.679 Y30.902 E0.01398
G1 F2520.9 X34.925 Y30.478 E0.01377
G1 F2527.1 X35.155 Y30.039 E0.01389
G1 X35.45 Y29.392 E0.01992
G1 F2520.9 X35.68 Y28.793 E0.01802
G1 F2514.7 X35.748 Y28.602 E0.00571
G1 X35.875 Y28.202 E0.01182
G1 F2520.9 X36.001 Y27.738 E0.01351
G1 X36.16 Y26.999 E0.02123
G1 X36.234 Y26.511 E0.01386
G1 X36.286 Y26.077 E0.01228
G1 X36.293 Y25.991 E0.00242
G1 X36.331 Y25.276 E0.02011
G1 F2514.7 X36.332 Y24.95 E0.00918
G1 X36.328 Y24.535 E0.01169
G1 F2520.9 X36.299 Y24.04 E0.01393
G1 F2527.1 X36.242 Y23.522 E0.0146
G1 F2520.9 X36.17 Y23.056 E0.01324
G1 F2514.7 X36.092 Y22.643 E0.01183
G1 F2527.1 X35.95 Y22.052 E0.01703
G1 X35.751 Y21.397 E0.01918
G1 X35.564 Y20.882 E0.01535
G1 F2520.9 X35.376 Y20.43 E0.01375
G1 X35.213 Y20.081 E0.01082
G1 F2514.7 X34.954 Y19.571 E0.01611
G1 F2520.9 X34.709 Y19.143 E0.01385
G1 F2514.7 X34.444 Y18.726 E0.01391
G1 X34.159 Y18.319 E0.01399
G1 F2520.9 X33.862 Y17.928 E0.01379
G1 X33.544 Y17.546 E0.01396
G1 X33.162 Y17.13 E0.01586
G1 X32.86 Y16.828 E0.012
G1 X32.317 Y16.337 E0.02056
G1 X31.944 Y16.037 E0.01345
G1 F2508.6 X31.662 Y15.83 E0.00987
G1 F2514.7 X31.323 Y15.588 E0.01173
G1 F2527.1 X30.99 Y15.373 E0.01111
G1 F2520.9 X30.479 Y15.072 E0.01666
G1 F2527.1 X30.055 Y14.849 E0.01342
G1 F2520.9 X29.787 Y14.724 E0.00831
G1 F2514.7 X29.369 Y14.538 E0.01288
G1 F2527.1 X28.665 Y14.27 E0.02111
G1 X28.202 Y14.121 E0.01363
G1 X27.726 Y13.992 E0.01382
G1 F2520.9 X27.454 Y13.932 E0.00782
G1 F2514.7 X27.01 Y13.84 E0.01277
G1 F2520.9 X26.512 Y13.763 E0.01415
G1 X26.075 Y13.713 E0.01235
G1 X25.277 Y13.664 E0.02246
G1 F2514.7 X24.543 Y13.668 E0.02067
G1 F2520.9 X24.046 Y13.701 E0.01399
G1 F2527.1 X23.546 Y13.754 E0.01409
G1 F2520.9 X23.061 Y13.826 E0.01377
G1 X22.641 Y13.908 E0.01202
G1 X22.186 Y14.015 E0.01313
G1 F2508.6 X22.185 Y14.012 E0.00009
G1 F2514.7 X22.145 Y14.021 E0.00115
G1 F2508.6 X21.796 Y14.124 E0.01027
G1 X21.393 Y14.249 E0.01191
G1 F2520.9 X20.883 Y14.432 E0.01522
G1 X20.413 Y14.627 E0.01429
G1 F2514.7 X20.081 Y14.783 E0.01033
G1 X19.563 Y15.047 E0.01637
G1 F2520.9 X19.151 Y15.283 E0.01334
G1 X18.742 Y15.544 E0.01363
G1 X18.32 Y15.836 E0.01441
G1 X17.928 Y16.134 E0.01383
G1 X17.545 Y16.456 E0.01405
G1 F2527.1 X17.18 Y16.785 E0.01377
G1 X16.84 Y17.124 E0.01345
G1 F2520.9 X16.336 Y17.684 E0.02116
G1 X16.033 Y18.06 E0.01356
G1 X15.588 Y18.672 E0.02125
G1 F2527.1 X15.323 Y19.092 E0.01392
G1 F2520.9 X15.073 Y19.516 E0.01383
G1 F2527.1 X14.841 Y19.957 E0.01396
G1 F2520.9 X14.721 Y20.213 E0.00794
G1 F2514.7 X14.546 Y20.599 E0.01193
G1 F2508.6 X14.345 Y21.125 E0.01589
G1 F2514.7 X14.249 Y21.395 E0.00807
G1 F2520.9 X14.121 Y21.794 E0.01177
G1 X13.995 Y22.258 E0.01351
G1 X13.836 Y23.001 E0.02134
G1 X13.763 Y23.485 E0.01375
G1 X13.713 Y23.921 E0.01233
G1 X13.664 Y24.719 E0.02246
G1 F2514.7 X13.668 Y25.461 E0.02089
G1 F2520.9 X13.701 Y25.95 E0.01377
G1 F2533.3 X13.751 Y26.444 E0.01388
G1 F2527.1 X13.826 Y26.936 E0.01395
G1 F2514.7 X13.907 Y27.352 E0.01193
G1 F2508.6 X14.014 Y27.813 E0.01336
G1 X14.012 Y27.814 E0.00006
G1 F2520.9 X14.02 Y27.848 E0.00098
G1 F2527.1 X14.249 Y28.607 E0.02221
G1 F2520.9 X14.432 Y29.117 E0.01522
G1 X14.62 Y29.567 E0.0137
G1 F2527.1 X14.812 Y29.981 E0.01279
G1 X15.039 Y30.422 E0.0139
G1 X15.28 Y30.841 E0.01354
G1 F2520.9 X15.54 Y31.25 E0.01361
G1 X15.832 Y31.672 E0.01441
G1 X16.134 Y32.068 E0.01399
G1 F2527.1 X16.452 Y32.45 E0.01393
G1 X16.834 Y32.866 E0.01583
G1 F2514.7 X17.139 Y33.172 E0.01217
G1 X17.683 Y33.663 E0.02063
G1 F2520.9 X18.056 Y33.963 E0.01345
G1 F2508.6 X18.335 Y34.167 E0.00976
G1 F2514.7 X18.669 Y34.405 E0.01155
G1 X18.904 Y34.558 E0.0079
G1 X19.099 Y34.679 E0.00646
G1 F2527.1 X19.727 Y35.037 E0.02025
G1 F2520.9 X20.205 Y35.274 E0.01499
G1 F2514.7 X20.635 Y35.464 E0.01324
G1 F2508.6 X21.122 Y35.65 E0.01472
G1 X21.395 Y35.748 E0.00819
G1 F2520.9 X21.794 Y35.875 E0.01176
G1 X22.258 Y36 E0.0135
G1 F2514.7 X22.995 Y36.158 E0.02122
G1 X23.484 Y36.233 E0.01393
G1 F2520.9 X23.919 Y36.286 E0.01231
G1 X24.72 Y36.332 E0.02254
G1 F2514.7 X25.453 Y36.328 E0.02064
G0 F18000 X25.253 Y36.329
G1 F1800 E-3.5
G0 F18000 X25.254 Y36.619
G0 X25.209 Y36.519
G0 X25.199 Y35.454
G0 X25.203 Y35.251
G1 F1800 E3.52079
G1 F2520.9 X25.647 Y35.233 E0.01248
G1 F2514.7 X26.088 Y35.194 E0.01247
G1 F2508.6 X26.581 Y35.128 E0.01404
G1 F2520.9 X26.994 Y35.056 E0.01178
G1 X27.409 Y34.965 E0.01193
G1 X27.648 Y34.905 E0.00692
G1 F2527.1 X27.868 Y34.844 E0.0064
G1 X28.273 Y34.716 E0.0119
G1 F2520.9 X28.653 Y34.58 E0.01134
G1 F2527.1 X29.125 Y34.388 E0.01428
G1 X29.531 Y34.196 E0.01258
G1 F2520.9 X29.933 Y33.989 E0.0127
G1 X30.298 Y33.775 E0.01188
G1 F2514.7 X30.694 Y33.525 E0.01319
G1 F2520.9 X30.92 Y33.371 E0.00768
G1 X31.242 Y33.131 E0.01128
G1 F2514.7 X31.395 Y33.013 E0.00544
G1 F2520.9 X31.613 Y32.833 E0.00794
G1 F2539.6 X31.918 Y32.564 E0.01134
G1 F2545.9 X32.085 Y32.408 E0.00636
G1 F2533.3 X32.236 Y32.261 E0.00589
G1 F2520.9 X32.547 Y31.942 E0.01251
G1 F2527.1 X32.83 Y31.617 E0.01208
G1 F2533.3 X32.985 Y31.429 E0.00681
G1 F2527.1 X33.121 Y31.257 E0.00614
G1 F2514.7 X33.386 Y30.896 E0.01261
G1 F2520.9 X33.618 Y30.552 E0.01165
G1 F2527.1 X33.871 Y30.141 E0.01352
G1 X33.984 Y29.94 E0.00646
G1 F2533.3 X34.195 Y29.533 E0.01281
G1 X34.372 Y29.158 E0.01159
G1 F2520.9 X34.464 Y28.944 E0.00654
G1 X34.553 Y28.72 E0.00677
G1 F2527.1 X34.706 Y28.298 E0.01258
G1 F2533.3 X34.842 Y27.869 E0.01258
G1 F2527.1 X34.894 Y27.68 E0.00549
G1 X35.006 Y27.238 E0.01278
G1 X35.056 Y26.992 E0.00703
G1 X35.122 Y26.602 E0.01108
G1 X35.133 Y26.551 E0.00146
G1 F2533.3 X35.189 Y26.123 E0.01206
G1 X35.23 Y25.675 E0.01257
G1 F2527.1 X35.241 Y25.471 E0.00572
G1 F2533.3 X35.249 Y25.225 E0.00688
G1 F2539.6 X35.251 Y24.789 E0.01216
G1 F2527.1 X35.232 Y24.33 E0.01287
G1 F2514.7 X35.192 Y23.877 E0.01281
G1 F2520.9 X35.133 Y23.445 E0.01225
G1 F2527.1 X35.056 Y23.002 E0.0126
G1 F2520.9 X34.965 Y22.586 E0.01196
G1 X34.849 Y22.148 E0.01273
G1 F2514.7 X34.718 Y21.727 E0.01242
G1 X34.58 Y21.343 E0.01149
G1 F2520.9 X34.473 Y21.076 E0.00808
G1 X34.393 Y20.887 E0.00576
G1 F2527.1 X34.196 Y20.465 E0.01305
G1 X33.999 Y20.082 E0.01207
G1 F2520.9 X33.774 Y19.695 E0.01257
G1 X33.621 Y19.448 E0.00816
G1 X33.429 Y19.162 E0.00968
G1 F2527.1 X33.133 Y18.756 E0.01408
G1 F2520.9 X33.012 Y18.6 E0.00555
G1 X32.833 Y18.383 E0.0079
G1 F2533.3 X32.564 Y18.078 E0.01137
G1 F2539.6 X32.409 Y17.91 E0.00637
G1 F2527.1 X32.249 Y17.747 E0.0064
G1 F2514.7 X31.942 Y17.452 E0.01199
G1 X31.618 Y17.167 E0.01215
G1 F2527.1 X31.429 Y17.012 E0.00685
G1 F2533.3 X31.258 Y16.877 E0.00609
G1 F2527.1 X30.926 Y16.629 E0.01161
G1 X30.699 Y16.476 E0.00767
G1 X30.141 Y16.125 E0.01847
G1 F2520.9 X29.756 Y15.916 E0.0123
G1 F2533.3 X29.535 Y15.801 E0.00696
G1 F2539.6 X29.158 Y15.624 E0.01161
G1 F2533.3 X28.949 Y15.535 E0.00635
G1 X28.72 Y15.443 E0.0069
G1 F2527.1 X28.097 Y15.223 E0.01851
G1 F2520.9 X27.784 Y15.13 E0.00917
G1 X27.783 Y15.132 E0.00006
G1 X27.678 Y15.102 E0.00307
G1 F2514.7 X27.235 Y14.993 E0.01285
G1 F2527.1 X26.995 Y14.942 E0.00687
G1 X26.581 Y14.868 E0.01178
G1 X26.123 Y14.806 E0.01295
G1 X25.675 Y14.766 E0.0126
G1 F2520.9 X25.473 Y14.757 E0.00568
G1 X25.004 Y14.746 E0.01318
G1 F2527.1 X24.797 Y14.748 E0.0058
G1 X24.336 Y14.765 E0.01293
G1 X23.882 Y14.805 E0.01277
G1 F2533.3 X23.446 Y14.864 E0.0123
G1 F2545.9 X23.002 Y14.941 E0.01253
G1 F2533.3 X22.58 Y15.034 E0.01208
G1 F2527.1 X22.189 Y15.135 E0.01132
G1 F2520.9 X21.724 Y15.279 E0.01367
G1 X21.343 Y15.417 E0.01138
G1 F2527.1 X21.076 Y15.523 E0.00805
G1 F2520.9 X20.889 Y15.605 E0.00574
G1 X20.475 Y15.795 E0.0128
G1 F2527.1 X20.057 Y16.012 E0.0132
G1 F2520.9 X19.696 Y16.222 E0.01173
G1 F2514.7 X19.302 Y16.471 E0.01312
G1 F2520.9 X19.075 Y16.626 E0.00772
G1 X18.598 Y16.985 E0.01677
G1 X18.383 Y17.163 E0.00784
G1 F2533.3 X18.078 Y17.432 E0.01137
G1 F2539.6 X17.912 Y17.589 E0.00637
G1 F2533.3 X17.592 Y17.908 E0.01263
G1 F2520.9 X17.454 Y18.056 E0.00568
G1 X17.161 Y18.384 E0.01235
G1 X16.876 Y18.739 E0.01279
G1 F2527.1 X16.608 Y19.103 E0.01267
G1 X16.379 Y19.442 E0.01146
G1 X16.125 Y19.855 E0.01359
G1 X15.915 Y20.24 E0.01229
G1 F2533.3 X15.8 Y20.468 E0.00714
G1 F2527.1 X15.684 Y20.711 E0.00754
G1 F2514.7 X15.524 Y21.071 E0.01109
G1 F2520.9 X15.442 Y21.281 E0.00633
G1 F2527.1 X15.29 Y21.698 E0.01244
G1 X15.225 Y21.894 E0.00579
G1 X15.138 Y22.18 E0.00838
G1 X15.13 Y22.214 E0.00098
G1 F2520.9 X15.132 Y22.215 E0.00006
G1 F2527.1 X15.04 Y22.555 E0.00987
G1 X14.993 Y22.758 E0.00584
G1 X14.942 Y23.001 E0.00696
G1 X14.868 Y23.415 E0.01178
G1 X14.806 Y23.873 E0.01295
G1 X14.766 Y24.321 E0.0126
G1 X14.757 Y24.527 E0.00578
G1 X14.746 Y24.996 E0.01314
G1 X14.748 Y25.203 E0.0058
G1 F2520.9 X14.765 Y25.664 E0.01296
G1 X14.803 Y26.089 E0.01199
G1 F2533.3 X14.864 Y26.551 E0.01303
G1 F2545.9 X14.941 Y26.994 E0.01251
G1 F2539.6 X14.986 Y27.21 E0.00615
G1 F2533.3 X15.033 Y27.413 E0.00582
G1 F2520.9 X15.132 Y27.782 E0.01073
G1 X15.13 Y27.783 E0.00006
G1 F2533.3 X15.218 Y28.079 E0.00863
G1 X15.281 Y28.273 E0.0057
G1 X15.417 Y28.653 E0.01128
G1 X15.523 Y28.92 E0.00803
G1 F2520.9 X15.602 Y29.105 E0.00565
G1 X15.793 Y29.517 E0.01276
G1 X15.997 Y29.91 E0.01244
G1 F2508.6 X16.222 Y30.298 E0.01266
G1 F2514.7 X16.467 Y30.689 E0.01299
G1 F2520.9 X16.596 Y30.876 E0.00638
G1 X16.864 Y31.241 E0.01272
G1 X16.984 Y31.396 E0.00551
G1 X17.163 Y31.613 E0.0079
G1 F2533.3 X17.432 Y31.918 E0.01137
G1 F2527.1 X17.575 Y32.074 E0.00593
G1 F2520.9 X17.894 Y32.391 E0.01263
G1 F2527.1 X18.076 Y32.563 E0.00702
G1 X18.378 Y32.829 E0.01128
G1 X18.562 Y32.981 E0.00669
G1 X18.751 Y33.129 E0.00673
G1 F2520.9 X19.115 Y33.396 E0.01268
G1 X19.281 Y33.509 E0.00564
G1 X19.659 Y33.753 E0.01264
G1 X19.867 Y33.878 E0.00682
G1 X20.041 Y33.974 E0.00558
G1 X20.465 Y34.196 E0.01344
G1 X20.841 Y34.373 E0.01167
G1 F2514.7 X21.049 Y34.463 E0.00638
G1 F2520.9 X21.276 Y34.553 E0.00686
G1 F2527.1 X21.698 Y34.707 E0.01259
G1 F2520.9 X21.896 Y34.773 E0.00586
G1 F2514.7 X22.342 Y34.901 E0.01307
G1 F2520.9 X22.761 Y35.007 E0.01214
G1 F2527.1 X23.004 Y35.056 E0.00695
G1 X23.445 Y35.134 E0.01255
G1 X23.873 Y35.19 E0.01209
G1 X24.321 Y35.23 E0.0126
G1 F2520.9 X24.529 Y35.241 E0.00585
G1 F2533.3 X24.771 Y35.249 E0.00677
G1 F2539.6 X25.203 Y35.251 E0.01205
G0 F18000 X25.003 Y35.251
G0 X25.222 Y35.657
G1 F2520.9 X24.518 Y35.648 E0.01978
G1 F2514.7 X24.051 Y35.616 E0.01318
G1 X23.534 Y35.557 E0.01465
G1 F2508.6 X23.129 Y35.494 E0.01157
G1 F2514.7 X22.69 Y35.406 E0.01261
G1 F2527.1 X22.245 Y35.295 E0.01285
G1 F2520.9 X21.804 Y35.171 E0.01287
G1 X21.293 Y34.993 E0.0152
G1 X20.89 Y34.839 E0.01212
G1 F2514.7 X20.474 Y34.653 E0.01283
G1 F2520.9 X20.295 Y34.564 E0.00562
G1 X19.85 Y34.334 E0.01407
G1 F2514.7 X19.466 Y34.112 E0.01249
G1 F2520.9 X19.082 Y33.865 E0.01282
G1 F2508.6 X18.679 Y33.586 E0.01384
G1 F2514.7 X18.311 Y33.3 E0.01312
G1 F2520.9 X17.951 Y32.998 E0.0132
G1 X17.633 Y32.703 E0.01218
G1 F2527.1 X17.307 Y32.38 E0.01286
G1 F2520.9 X16.967 Y32.007 E0.01418
G1 X16.698 Y31.69 E0.01168
G1 F2514.7 X16.387 Y31.282 E0.01445
G1 X16.138 Y30.927 E0.01221
G1 F2520.9 X15.89 Y30.537 E0.01298
G1 F2514.7 X15.657 Y30.139 E0.01299
G1 F2520.9 X15.439 Y29.716 E0.01337
G1 X15.23 Y29.271 E0.01381
G1 F2514.7 X15.04 Y28.802 E0.01425
G1 F2527.1 X14.908 Y28.432 E0.01101
G1 F2533.3 X14.756 Y27.955 E0.01399
G1 F2527.1 X14.639 Y27.51 E0.01289
G1 F2533.3 X14.548 Y27.083 E0.0122
G1 X14.498 Y26.831 E0.00718
G1 F2514.7 X14.399 Y26.133 E0.01985
G1 F2520.9 X14.36 Y25.687 E0.01258
G1 X14.34 Y25.214 E0.0133
G1 X14.348 Y24.518 E0.01955
G1 F2527.1 X14.36 Y24.311 E0.00581
G1 X14.38 Y24.051 E0.00731
G1 F2514.7 X14.438 Y23.536 E0.01459
G1 X14.505 Y23.128 E0.01164
G1 X14.59 Y22.697 E0.01237
G1 F2520.9 X14.644 Y22.471 E0.00653
G1 F2533.3 X14.751 Y22.064 E0.01176
G1 F2527.1 X14.837 Y21.774 E0.00848
G1 F2520.9 X15.003 Y21.293 E0.01429
G1 X15.143 Y20.929 E0.01095
G1 X15.315 Y20.541 E0.01192
G1 X15.54 Y20.082 E0.01436
G1 F2527.1 X15.757 Y19.682 E0.01275
G1 F2520.9 X16.017 Y19.253 E0.01409
G1 X16.259 Y18.894 E0.01216
G1 F2527.1 X16.538 Y18.515 E0.01319
G1 X16.845 Y18.13 E0.0138
G1 F2520.9 X17.127 Y17.809 E0.012
G1 F2514.7 X17.473 Y17.45 E0.01404
G1 F2527.1 X17.797 Y17.143 E0.01251
G1 X17.988 Y16.968 E0.00726
G1 F2520.9 X18.306 Y16.698 E0.01172
G1 X18.714 Y16.387 E0.01441
G1 F2514.7 X19.077 Y16.132 E0.01249
G1 X19.458 Y15.891 E0.01269
G1 F2520.9 X19.872 Y15.651 E0.01344
G1 F2527.1 X20.281 Y15.439 E0.01291
G1 F2520.9 X20.697 Y15.244 E0.01291
G1 F2514.7 X21.131 Y15.063 E0.01324
G1 X21.591 Y14.893 E0.01381
G1 F2520.9 X21.778 Y14.839 E0.00547
G1 F2527.1 X22.036 Y14.757 E0.00759
G1 X22.469 Y14.643 E0.01255
G1 F2520.9 X23.165 Y14.498 E0.01997
G1 X23.819 Y14.404 E0.01856
G1 F2527.1 X24.313 Y14.36 E0.0139
G1 X24.786 Y14.34 E0.01327
G1 F2514.7 X25.482 Y14.348 E0.0196
G1 F2520.9 X25.685 Y14.36 E0.00571
G1 F2527.1 X25.945 Y14.38 E0.00731
G1 F2514.7 X26.46 Y14.438 E0.01459
G1 X26.868 Y14.505 E0.01164
G1 X27.299 Y14.59 E0.01237
G1 X27.782 Y14.708 E0.014
G1 F2520.9 X28.196 Y14.829 E0.01212
G1 X28.702 Y15.003 E0.01503
G1 X29.069 Y15.146 E0.01106
G1 F2527.1 X29.459 Y15.315 E0.01191
G1 F2520.9 X29.943 Y15.556 E0.01519
G1 F2527.1 X30.334 Y15.768 E0.01246
G1 F2520.9 X30.747 Y16.023 E0.01363
G1 X31.13 Y16.276 E0.01289
G1 F2527.1 X31.485 Y16.54 E0.0124
G1 X31.869 Y16.848 E0.01379
G1 F2520.9 X32.201 Y17.136 E0.01235
G1 F2514.7 X32.529 Y17.452 E0.01282
G1 F2520.9 X32.695 Y17.625 E0.00673
G1 F2527.1 X33.029 Y17.989 E0.01384
G1 F2520.9 X33.298 Y18.306 E0.01168
G1 F2514.7 X33.609 Y18.715 E0.01447
G1 F2508.6 X33.874 Y19.09 E0.01296
G1 F2514.7 X34.106 Y19.457 E0.01223
G1 F2527.1 X34.334 Y19.851 E0.01276
G1 X34.591 Y20.35 E0.01573
G1 F2520.9 X34.759 Y20.71 E0.01116
G1 F2514.7 X34.935 Y21.13 E0.01282
G1 F2508.6 X35.104 Y21.595 E0.01397
G1 F2514.7 X35.23 Y22.006 E0.0121
G1 F2520.9 X35.36 Y22.487 E0.014
G1 X35.451 Y22.913 E0.01224
G1 F2514.7 X35.501 Y23.166 E0.00726
G1 F2508.6 X35.597 Y23.831 E0.01897
G1 F2514.7 X35.64 Y24.32 E0.01382
G1 F2520.9 X35.657 Y24.791 E0.01324
G1 F2539.6 X35.654 Y25.218 E0.01191
G1 F2533.3 X35.648 Y25.482 E0.00738
G1 F2514.7 X35.616 Y25.948 E0.01315
G1 F2520.9 X35.562 Y26.41 E0.01307
G1 X35.483 Y26.919 E0.01447
G1 F2527.1 X35.409 Y27.292 E0.01066
G1 X35.287 Y27.783 E0.01418
G1 F2520.9 X35.178 Y28.158 E0.01097
G1 F2514.7 X35.017 Y28.636 E0.0142
G1 X34.852 Y29.069 E0.01305
G1 F2520.9 X34.681 Y29.458 E0.01194
G1 F2527.1 X34.441 Y29.943 E0.01516
G1 X34.236 Y30.321 E0.01205
G1 X33.978 Y30.744 E0.01388
G1 F2520.9 X33.737 Y31.104 E0.01217
G1 X33.461 Y31.482 E0.01315
G1 X33.15 Y31.867 E0.0139
G1 F2527.1 X32.842 Y32.222 E0.01317
G1 F2520.9 X32.541 Y32.53 E0.0121
G1 F2527.1 X32.37 Y32.693 E0.00662
G1 X32.008 Y33.028 E0.01382
G1 F2520.9 X31.69 Y33.298 E0.01172
G1 F2514.7 X31.286 Y33.609 E0.01436
G1 X30.93 Y33.857 E0.01222
G1 X30.503 Y34.128 E0.01424
G1 F2520.9 X30.148 Y34.334 E0.01153
G1 F2527.1 X29.721 Y34.554 E0.01346
G1 F2533.3 X29.287 Y34.759 E0.01342
G1 F2527.1 X28.831 Y34.948 E0.01383
G1 F2520.9 X28.403 Y35.102 E0.01278
G1 X27.99 Y35.23 E0.01215
G1 F2514.7 X27.509 Y35.36 E0.01403
G1 F2520.9 X27.083 Y35.451 E0.01224
G1 X26.831 Y35.501 E0.00722
G1 F2508.6 X26.134 Y35.6 E0.01987
G1 F2514.7 X25.672 Y35.64 E0.01306
G1 F2520.9 X25.222 Y35.657 E0.01265
G0 F18000 X25.422 Y35.65
G1 F1800 E-3.5
;MESH:Lower_Dielectric-C.STL
G0 F18000 X25.411 Y35.364
G0 X26.783 Y35.303
G0 X33.19 Y50.212
G0 X104.511 Y200.114
G1 F1800 E3.52079
G0 F18000 X104.161 Y200.719
G1 F2700 X104.114 Y200.705 E0.00129
G1 X104.032 Y200.702 E0.00215
G1 X98.112 Y204.088 E0.17886
G1 X92.266 Y200.716 E0.17699
G1 X92.124 Y200.702 E0.00374
G1 X92.098 Y200.707 E0.00069
G1 X92.062 Y200.72 E0.001
G1 X86.225 Y204.088 E0.17673
G1 X80.522 Y200.794 E0.17272
G1 X80.522 Y194.056 E0.17671
G1 X80.518 Y194.03 E0.00069
G1 X80.503 Y193.987 E0.00119
G1 X80.453 Y193.908 E0.00245
G1 X80.426 Y193.881 E0.001
G1 X74.447 Y190.427 E0.18109
G1 X74.312 Y190.406 E0.00358
G1 X74.28 Y190.408 E0.00084
G1 X74.229 Y190.424 E0.0014
G1 X68.392 Y193.796 E0.17679
G1 X62.69 Y190.502 E0.1727
G1 X62.689 Y183.748 E0.17713
G1 X62.676 Y183.702 E0.00125
G1 X62.643 Y183.641 E0.00182
G1 X62.602 Y183.588 E0.00176
G1 X56.621 Y180.136 E0.18111
G1 X56.484 Y180.114 E0.00364
G1 X56.434 Y180.12 E0.00132
G1 X56.401 Y180.132 E0.00092
G1 X50.565 Y183.5 E0.17671
G1 X44.858 Y180.206 E0.17281
G1 X44.858 Y173.469 E0.17668
G1 X44.844 Y173.41 E0.00159
G1 X44.807 Y173.34 E0.00208
G1 X44.753 Y173.283 E0.00206
G1 X38.914 Y169.914 E0.17679
G1 X38.914 Y163.176 E0.17671
G1 X38.904 Y163.124 E0.00139
G1 X38.855 Y163.032 E0.00273
G1 X38.813 Y162.99 E0.00156
G1 X32.97 Y159.618 E0.17692
G1 X32.97 Y152.885 E0.17658
G1 X32.959 Y152.825 E0.0016
G1 X32.923 Y152.755 E0.00206
G1 X32.869 Y152.694 E0.00214
G1 X27.03 Y149.322 E0.17683
G1 X27.03 Y142.593 E0.17647
G1 X27.019 Y142.533 E0.0016
G1 X26.973 Y142.453 E0.00242
G1 X26.921 Y142.399 E0.00197
G1 X21.086 Y139.026 E0.17675
G1 X21.084 Y132.27 E0.17718
G1 X21.029 Y132.157 E0.0033
G1 X21.008 Y132.13 E0.0009
G1 X20.978 Y132.104 E0.00104
G1 X15.142 Y128.734 E0.17674
G1 X15.142 Y122.146 E0.17277
G1 X20.978 Y118.776 E0.17674
G1 X21.008 Y118.75 E0.00104
G1 X21.057 Y118.679 E0.00226
G1 X21.072 Y118.65 E0.00086
G1 X21.085 Y111.688 E0.18258
G1 X21.029 Y111.569 E0.00345
G1 X21.008 Y111.542 E0.0009
G1 X20.978 Y111.516 E0.00104
G1 X15.142 Y108.142 E0.17679
G1 X15.142 Y101.558 E0.17267
G1 X20.964 Y98.197 E0.1763
G1 X20.99 Y98.179 E0.00083
G1 X21.008 Y98.162 E0.00065
G1 X21.057 Y98.091 E0.00226
G1 X21.072 Y98.062 E0.00086
G1 X21.084 Y98.016 E0.00125
G1 X21.086 Y91.128 E0.18064
G1 X21.08 Y91.077 E0.00135
G1 X21.029 Y90.981 E0.00285
G1 X21.008 Y90.954 E0.0009
G1 X20.978 Y90.928 E0.00104
G1 X15.142 Y87.554 E0.17679
G1 X15.142 Y80.97 E0.17267
G1 X20.964 Y77.605 E0.17635
G1 X20.99 Y77.587 E0.00083
G1 X21.008 Y77.57 E0.00065
G1 X21.057 Y77.499 E0.00226
G1 X21.072 Y77.47 E0.00086
G1 X21.086 Y70.674 E0.17823
G1 X26.908 Y67.313 E0.1763
G1 X26.95 Y67.28 E0.0014
G1 X27.001 Y67.207 E0.00234
G1 X27.018 Y67.171 E0.00104
G1 X27.03 Y60.382 E0.17805
G1 X32.869 Y57.006 E0.17688
G1 X32.901 Y56.975 E0.00117
G1 X32.947 Y56.899 E0.00233
G1 X32.97 Y50.086 E0.17868
G1 X38.809 Y46.717 E0.17679
G1 X38.863 Y46.66 E0.00206
G1 X38.891 Y46.607 E0.00157
G1 X38.908 Y46.566 E0.00116
G1 X38.914 Y46.531 E0.00093
G1 X38.914 Y39.79 E0.17679
G1 X44.619 Y36.496 E0.17277
G1 X50.444 Y39.861 E0.17642
G1 X50.469 Y39.873 E0.00073
G1 X50.508 Y39.884 E0.00106
G1 X50.606 Y39.886 E0.00257
G1 X50.677 Y39.865 E0.00194
G1 X56.632 Y36.427 E0.18033
G1 X56.675 Y36.391 E0.00147
G1 X56.729 Y36.301 E0.00275
G1 X56.745 Y36.248 E0.00145
G1 X56.746 Y29.498 E0.17702
G1 X62.449 Y26.2 E0.17277
G1 X68.297 Y29.577 E0.1771
G1 X68.336 Y29.588 E0.00106
G1 X68.416 Y29.59 E0.0021
G1 X68.483 Y29.579 E0.00178
G1 X74.458 Y26.132 E0.1809
G1 X74.507 Y26.09 E0.00169
G1 X74.549 Y26.027 E0.00199
G1 X74.568 Y25.987 E0.00116
G1 X74.578 Y25.94 E0.00126
G1 X74.578 Y19.202 E0.17671
G1 X80.281 Y15.908 E0.17272
G1 X86.118 Y19.276 E0.17673
G1 X86.143 Y19.286 E0.00071
G1 X86.18 Y19.294 E0.00099
G1 X86.275 Y19.293 E0.00249
G1 X92.168 Y15.908 E0.17823
G1 X98.014 Y19.28 E0.17699
G1 X98.164 Y19.293 E0.00395
G1 X98.217 Y19.277 E0.00145
G1 X104.056 Y15.908 E0.17679
G1 X109.895 Y19.277 E0.17679
G1 X109.942 Y19.291 E0.00129
G1 X110.052 Y19.293 E0.00289
G1 X110.105 Y19.277 E0.00145
G1 X115.943 Y15.908 E0.17677
G1 X121.779 Y19.277 E0.17672
G1 X121.826 Y19.291 E0.00129
G1 X121.908 Y19.294 E0.00215
G1 X127.828 Y15.908 E0.17886
G1 X133.674 Y19.28 E0.17699
G1 X133.796 Y19.294 E0.00322
G1 X133.846 Y19.288 E0.00132
G1 X133.879 Y19.276 E0.00092
G1 X139.715 Y15.908 E0.17671
G1 X145.422 Y19.202 E0.17281
G1 X145.423 Y25.952 E0.17702
G1 X145.436 Y25.998 E0.00125
G1 X145.473 Y26.068 E0.00208
G1 X145.514 Y26.115 E0.00164
G1 X151.499 Y29.572 E0.18126
G1 X151.628 Y29.59 E0.00342
G1 X151.66 Y29.588 E0.00084
G1 X151.711 Y29.572 E0.0014
G1 X157.547 Y26.2 E0.17676
G1 X163.25 Y29.498 E0.17277
G1 X163.251 Y36.248 E0.17702
G1 X163.264 Y36.294 E0.00125
G1 X163.297 Y36.355 E0.00182
G1 X163.338 Y36.408 E0.00176
G1 X169.323 Y39.864 E0.18125
G1 X169.46 Y39.886 E0.00364
G1 X169.492 Y39.884 E0.00084
G1 X169.543 Y39.868 E0.0014
G1 X175.38 Y36.496 E0.17679
G1 X181.082 Y39.79 E0.1727
G1 X181.083 Y46.544 E0.17713
G1 X181.096 Y46.59 E0.00125
G1 X181.133 Y46.66 E0.00208
G1 X181.187 Y46.717 E0.00206
G1 X187.026 Y50.086 E0.17679
G1 X187.028 Y56.842 E0.17718
G1 X187.075 Y56.948 E0.00304
G1 X187.085 Y56.964 E0.00049
G1 X187.127 Y57.006 E0.00156
G1 X192.97 Y60.382 E0.17698
G1 X192.97 Y67.104 E0.17629
G1 X192.981 Y67.171 E0.00178
G1 X193.017 Y67.239 E0.00202
G1 X193.075 Y67.305 E0.0023
G1 X198.914 Y70.674 E0.17679
G1 X198.916 Y77.43 E0.17718
G1 X198.963 Y77.536 E0.00304
G1 X198.993 Y77.575 E0.00129
G1 X199.02 Y77.597 E0.00091
G1 X204.858 Y80.97 E0.17682
G1 X204.858 Y87.554 E0.17267
G1 X199.01 Y90.934 E0.17714
G1 X198.976 Y90.968 E0.00126
G1 X198.929 Y91.052 E0.00252
G1 X198.915 Y98.016 E0.18264
G1 X198.963 Y98.128 E0.0032
G1 X198.993 Y98.167 E0.00129
G1 X199.02 Y98.189 E0.00091
G1 X204.858 Y101.558 E0.17677
G1 X204.858 Y108.142 E0.17267
G1 X199.035 Y111.505 E0.17635
G1 X199.01 Y111.522 E0.00079
G1 X198.976 Y111.556 E0.00126
G1 X198.934 Y111.629 E0.00221
G1 X198.916 Y111.688 E0.00162
G1 X198.914 Y118.576 E0.18064
G1 X198.919 Y118.624 E0.00127
G1 X198.963 Y118.716 E0.00267
G1 X198.993 Y118.755 E0.00129
G1 X199.02 Y118.777 E0.00091
G1 X204.858 Y122.146 E0.17677
G1 X204.858 Y128.734 E0.17277
G1 X199.01 Y132.11 E0.17709
G1 X198.976 Y132.144 E0.00126
G1 X198.929 Y132.228 E0.00252
G1 X198.914 Y139.026 E0.17828
G1 X193.075 Y142.399 E0.17685
G1 X193.044 Y142.426 E0.00108
G1 X192.987 Y142.521 E0.00291
G1 X192.97 Y149.322 E0.17836
G1 X187.127 Y152.694 E0.17692
G1 X187.095 Y152.725 E0.00117
G1 X187.043 Y152.813 E0.00268
G1 X187.026 Y159.618 E0.17847
G1 X181.183 Y162.99 E0.17692
G1 X181.151 Y163.021 E0.00117
G1 X181.105 Y163.097 E0.00233
G1 X181.082 Y169.914 E0.17878
G1 X175.243 Y173.283 E0.17679
G1 X175.189 Y173.34 E0.00206
G1 X175.155 Y173.403 E0.00188
G1 X175.139 Y173.456 E0.00145
G1 X175.138 Y180.206 E0.17702
G1 X169.435 Y183.5 E0.17272
G1 X163.587 Y180.127 E0.17705
G1 X163.548 Y180.116 E0.00106
G1 X163.45 Y180.114 E0.00257
G1 X163.379 Y180.135 E0.00194
G1 X157.415 Y183.575 E0.18056
G1 X157.382 Y183.604 E0.00115
G1 X157.335 Y183.673 E0.00219
G1 X157.316 Y183.713 E0.00116
G1 X157.306 Y183.76 E0.00126
G1 X157.306 Y190.502 E0.17681
G1 X151.604 Y193.796 E0.1727
G1 X145.78 Y190.431 E0.1764
G1 X145.753 Y190.418 E0.00079
G1 X145.712 Y190.407 E0.00111
G1 X145.636 Y190.406 E0.00199
G1 X145.564 Y190.419 E0.00192
G1 X139.594 Y193.864 E0.18076
G1 X139.529 Y193.928 E0.00239
G1 X139.501 Y193.981 E0.00157
G1 X139.484 Y194.022 E0.00116
G1 X139.478 Y194.057 E0.00093
G1 X139.478 Y200.794 E0.17668
G1 X133.771 Y204.088 E0.17281
G1 X127.935 Y200.72 E0.17671
G1 X127.912 Y200.711 E0.00065
G1 X127.869 Y200.702 E0.00115
G1 X127.777 Y200.703 E0.00241
G1 X121.885 Y204.088 E0.17821
G1 X116.042 Y200.716 E0.17692
G1 X115.9 Y200.702 E0.00374
G1 X115.839 Y200.719 E0.00166
G1 X110 Y204.088 E0.17679
G1 X104.161 Y200.719 E0.17679
G0 F18000 X104.334 Y200.818
G0 X104.684 Y200.214
G0 X33.659 Y159.223
G0 X33.34 Y159.346
;TYPE:SKIN
G1 F3600 X33.39 Y159.434 E0.00303
G1 X34.083 Y159.833 E0.02394
G1 X33.34 Y158.546 E0.04448
G1 X33.34 Y157.746 E0.02395
G1 X34.775 Y160.232 E0.08592
G1 X35.468 Y160.632 E0.02395
G1 X33.34 Y156.947 E0.12738
G1 X33.34 Y156.147 E0.02395
G1 X36.16 Y161.031 E0.16882
G1 X36.852 Y161.43 E0.02391
G1 X33.34 Y155.347 E0.21026
G1 X33.34 Y154.546 E0.02398
G1 X37.545 Y161.83 E0.25176
G1 X38.237 Y162.229 E0.02391
G1 X33.34 Y153.746 E0.2932
G1 X33.34 Y152.946 E0.02395
G1 X38.93 Y162.628 E0.33466
G1 X39.011 Y162.676 E0.00282
G1 X39.098 Y162.747 E0.00336
G1 X39.152 Y162.812 E0.00253
G1 X39.184 Y162.859 E0.0017
G1 X39.254 Y163.001 E0.00474
G1 X39.282 Y163.116 E0.00354
G1 X39.282 Y163.238 E0.00365
G0 F18000 X39.617 Y163.238
G0 X39.603 Y169.518
G0 X39.283 Y169.641
G1 F3600 X39.335 Y169.73 E0.00309
G1 X40.028 Y170.13 E0.02395
G1 X39.283 Y168.84 E0.04459
G1 X39.283 Y168.04 E0.02395
G1 X40.721 Y170.53 E0.08607
G1 X41.413 Y170.93 E0.02393
G1 X39.283 Y167.24 E0.12754
G1 X39.283 Y166.439 E0.02398
G1 X42.106 Y171.33 E0.16904
G1 X42.798 Y171.729 E0.02391
G1 X39.282 Y165.639 E0.2105
G1 X39.282 Y164.839 E0.02395
G1 X43.491 Y172.129 E0.25198
G1 X44.184 Y172.529 E0.02395
G1 X39.282 Y164.038 E0.29349
G1 X39.282 Y163.238 E0.02395
G1 X44.877 Y172.929 E0.33497
G1 X44.977 Y172.987 E0.00346
G1 X45.082 Y173.088 E0.00436
G1 X45.133 Y173.166 E0.00279
G1 X45.187 Y173.269 E0.00348
G1 X45.216 Y173.364 E0.00297
G1 X45.227 Y173.439 E0.00227
G1 X45.227 Y173.535 E0.00287
G0 F18000 X45.56 Y173.535
G0 X45.546 Y179.813
G0 X45.228 Y179.937
G1 F3600 X45.276 Y180.021 E0.0029
G1 X45.969 Y180.42 E0.02394
G1 X45.228 Y179.137 E0.04435
G1 X45.228 Y178.337 E0.02395
G1 X46.662 Y180.82 E0.08583
G1 X47.354 Y181.22 E0.02393
G1 X45.227 Y177.536 E0.12734
G1 X45.227 Y176.736 E0.02395
G1 X48.047 Y181.62 E0.16882
G1 X48.739 Y182.019 E0.02391
G1 X45.227 Y175.935 E0.21028
G1 X45.227 Y175.135 E0.02395
G1 X49.432 Y182.419 E0.25176
G1 X50.125 Y182.819 E0.02395
G1 X45.227 Y174.335 E0.29325
G1 X45.227 Y173.535 E0.02395
G1 X50.691 Y183 E0.32715
G1 X51.038 Y182.8 E0.01199
G1 X15.985 Y122.086 E2.09857
G1 X16.331 Y121.886 E0.01196
G1 X51.384 Y182.6 E2.09857
G1 X51.73 Y182.4 E0.01196
G1 X16.677 Y121.686 E2.09857
G1 X17.024 Y121.486 E0.01199
G1 X52.077 Y182.2 E2.09857
G1 X52.423 Y182 E0.01196
G1 X17.37 Y121.286 E2.09857
G1 X17.717 Y121.086 E0.01199
G1 X52.77 Y181.8 E2.09857
G1 X53.116 Y181.6 E0.01196
G1 X18.063 Y120.886 E2.09857
G1 X18.409 Y120.686 E0.01196
G1 X53.462 Y181.4 E2.09857
G1 X53.809 Y181.2 E0.01199
G1 X18.756 Y120.486 E2.09857
G1 X19.102 Y120.286 E0.01196
G1 X54.155 Y181 E2.09857
G1 X54.502 Y180.8 E0.01199
G1 X19.449 Y120.086 E2.09857
G1 X19.795 Y119.886 E0.01196
G1 X54.848 Y180.6 E2.09857
G1 X55.195 Y180.4 E0.01199
G1 X20.142 Y119.686 E2.09857
G1 X20.488 Y119.486 E0.01196
G1 X55.541 Y180.2 E2.09857
G1 X55.887 Y180 E0.01196
G1 X20.834 Y119.286 E2.09857
G1 X21.181 Y119.086 E0.01199
G1 X56.235 Y179.802 E2.09864
G1 X56.278 Y179.782 E0.00142
G1 X56.339 Y179.762 E0.00192
G1 X56.416 Y179.747 E0.00235
G1 X56.487 Y179.744 E0.00213
G1 X56.673 Y179.76 E0.00559
G1 X21.435 Y118.726 E2.10964
G1 X21.446 Y118.697 E0.00093
G1 X21.447 Y117.947 E0.02245
G1 X57.347 Y180.128 E2.14928
G1 X58.04 Y180.528 E0.02395
G1 X21.448 Y117.149 E2.19069
G1 X21.449 Y116.351 E0.02389
G1 X58.733 Y180.928 E2.23211
G1 X59.426 Y181.329 E0.02397
G1 X21.45 Y115.552 E2.27357
G1 X21.451 Y114.755 E0.02386
G1 X60.119 Y181.729 E2.31496
G1 X60.812 Y182.129 E0.02395
G1 X21.452 Y113.956 E2.3564
G1 X21.453 Y113.158 E0.02389
G1 X61.505 Y182.529 E2.39781
G1 X62.197 Y182.929 E0.02393
G1 X21.454 Y112.36 E2.43921
G1 X21.453 Y111.649 E0.02128
G1 X21.438 Y111.571 E0.00238
G1 X21.399 Y111.466 E0.00335
G1 X21.313 Y111.327 E0.00489
G1 X21.23 Y111.244 E0.00351
G1 X21.187 Y111.211 E0.00162
G0 F18000 X21.353 Y110.925
G0 X15.903 Y107.777
G0 X15.739 Y108.06
G1 F3600 X15.512 Y107.667 E0.01359
G1 X15.512 Y107.929 E0.00784
G1 X16.432 Y108.461 E0.03181
G1 X15.511 Y106.867 E0.05511
G1 X15.511 Y106.067 E0.02395
G1 X17.125 Y108.862 E0.09661
G1 X17.819 Y109.263 E0.02399
G1 X15.511 Y105.266 E0.13816
G1 X15.511 Y104.466 E0.02395
G1 X18.512 Y109.664 E0.17967
G1 X19.206 Y110.065 E0.02399
G1 X15.511 Y103.666 E0.22119
G1 X15.512 Y102.867 E0.02392
G1 X19.899 Y110.465 E0.26263
G1 X20.592 Y110.866 E0.02397
G1 X15.511 Y102.067 E0.30415
G1 X15.512 Y101.771 E0.00886
G1 X15.73 Y101.646 E0.00752
G1 X62.965 Y183.459 E2.82787
G0 F18000 X63.249 Y183.295
G0 X63.295 Y183.443
G0 X63.391 Y190.022
G0 X63.06 Y190.022
G1 F3600 X63.29 Y190.422 E0.01381
G1 X63.983 Y190.822 E0.02395
G1 X63.059 Y189.222 E0.05531
G1 X63.06 Y188.423 E0.02392
G1 X64.676 Y191.222 E0.09675
G1 X65.369 Y191.622 E0.02395
G1 X63.06 Y187.623 E0.13823
G1 X63.06 Y186.823 E0.02395
G1 X66.062 Y192.022 E0.17971
G1 X66.755 Y192.422 E0.02395
G1 X63.06 Y186.022 E0.22122
G1 X63.06 Y185.222 E0.02395
G1 X67.448 Y192.823 E0.26272
G1 X68.14 Y193.223 E0.02393
G1 X63.059 Y184.422 E0.3042
G1 X63.06 Y183.773 E0.01943
G1 X63.056 Y183.693 E0.0024
G1 X63.035 Y183.607 E0.00265
G1 X63.015 Y183.554 E0.0017
G1 X62.965 Y183.459 E0.00321
G1 X68.613 Y193.241 E0.33812
G1 X68.959 Y193.041 E0.01196
G1 X16.077 Y101.446 E3.16597
G1 X16.423 Y101.246 E0.01196
G1 X69.306 Y192.841 E3.16599
G1 X69.652 Y192.641 E0.01196
G1 X16.77 Y101.046 E3.16597
G1 X17.116 Y100.846 E0.01196
G1 X69.998 Y192.441 E3.16597
G1 X70.345 Y192.241 E0.01199
G1 X17.462 Y100.646 E3.16599
G1 X17.809 Y100.446 E0.01199
G1 X70.691 Y192.041 E3.16597
G1 X71.038 Y191.841 E0.01199
G1 X18.155 Y100.246 E3.16599
G1 X18.502 Y100.046 E0.01199
G1 X71.384 Y191.64 E3.16594
G1 X71.73 Y191.44 E0.01196
G1 X18.848 Y99.846 E3.16594
G1 X19.194 Y99.646 E0.01196
G1 X72.076 Y191.24 E3.16594
G1 X72.423 Y191.04 E0.01199
G1 X19.541 Y99.446 E3.16594
G1 X19.887 Y99.246 E0.01196
G1 X72.769 Y190.84 E3.16594
G1 X73.116 Y190.64 E0.01199
G1 X20.234 Y99.046 E3.16594
G1 X20.58 Y98.846 E0.01196
G1 X73.462 Y190.44 E3.16594
G1 X73.809 Y190.24 E0.01199
G1 X20.927 Y98.646 E3.16594
G1 X21.157 Y98.513 E0.00795
G1 X21.227 Y98.463 E0.00258
G1 X21.262 Y98.427 E0.0015
G1 X74.164 Y190.056 E3.16715
G1 X74.243 Y190.039 E0.00242
G1 X74.323 Y190.035 E0.0024
G1 X74.576 Y190.079 E0.00769
G1 X74.634 Y190.106 E0.00192
G1 X74.665 Y190.124 E0.00107
G1 X21.457 Y97.965 E3.18547
G1 X21.457 Y97.164 E0.02398
G1 X75.359 Y190.525 E3.22702
G1 X76.053 Y190.927 E0.02401
G1 X21.457 Y96.364 E3.26857
G1 X21.457 Y95.564 E0.02395
G1 X76.746 Y191.328 E3.31007
G1 X77.44 Y191.73 E0.02401
G1 X21.456 Y94.764 E3.35163
G1 X21.456 Y93.964 E0.02395
G1 X78.134 Y192.132 E3.39318
G1 X78.827 Y192.533 E0.02397
G1 X21.456 Y93.163 E3.43471
G1 X21.456 Y92.363 E0.02395
G1 X79.521 Y192.935 E3.47626
G1 X80.215 Y193.336 E0.02399
G1 X21.456 Y91.563 E3.51778
G1 X21.456 Y91.115 E0.01341
G1 X21.438 Y90.981 E0.00405
G1 X21.399 Y90.877 E0.00332
G1 X21.314 Y90.74 E0.00483
G1 X21.23 Y90.656 E0.00356
G1 X21.187 Y90.623 E0.00162
G0 F18000 X21.354 Y90.336
G0 X16.088 Y87.295
G0 X15.923 Y87.579
G1 F3600 X15.512 Y86.867 E0.02461
G0 F18000 X15.512 Y87.342
G1 F3600 X16.616 Y87.979 E0.03815
G1 X15.512 Y86.067 E0.06609
G1 X15.512 Y85.267 E0.02395
G1 X17.309 Y88.38 E0.1076
G1 X18.002 Y88.781 E0.02397
G1 X15.512 Y84.468 E0.14908
G1 X15.512 Y83.667 E0.02398
G1 X18.696 Y89.182 E0.19062
G1 X19.389 Y89.583 E0.02397
G1 X15.512 Y82.867 E0.23213
G1 X15.512 Y82.067 E0.02395
G1 X20.083 Y89.984 E0.27365
G1 X20.776 Y90.384 E0.02395
G1 X15.512 Y81.267 E0.31513
G1 X15.512 Y81.184 E0.00248
G1 X15.822 Y81.004 E0.01073
G1 X86.535 Y203.482 E4.23345
G1 X86.881 Y203.282 E0.01196
G1 X16.168 Y80.804 E4.23345
G1 X16.514 Y80.604 E0.01196
G1 X87.227 Y203.082 E4.23345
G1 X87.574 Y202.882 E0.01199
G1 X16.861 Y80.404 E4.23345
G1 X17.207 Y80.204 E0.01196
G1 X87.92 Y202.682 E4.23345
G1 X88.267 Y202.482 E0.01199
G1 X17.553 Y80.003 E4.23349
G1 X17.899 Y79.803 E0.01196
G1 X88.613 Y202.282 E4.23349
G1 X88.959 Y202.082 E0.01196
G1 X18.246 Y79.603 E4.23348
G1 X18.592 Y79.403 E0.01196
G1 X89.306 Y201.882 E4.23349
G1 X89.652 Y201.682 E0.01196
G1 X18.939 Y79.203 E4.23348
G1 X19.285 Y79.002 E0.01198
G1 X89.999 Y201.482 E4.23352
G1 X90.345 Y201.282 E0.01196
G1 X19.631 Y78.802 E4.23352
G1 X19.977 Y78.602 E0.01196
G1 X90.691 Y201.082 E4.23352
G1 X91.038 Y200.882 E0.01199
G1 X20.324 Y78.402 E4.23352
G1 X20.67 Y78.202 E0.01196
G1 X91.384 Y200.682 E4.23352
G1 X91.731 Y200.482 E0.01199
G1 X21.017 Y78.002 E4.23352
G1 X21.157 Y77.921 E0.00484
G1 X21.227 Y77.871 E0.00258
G1 X21.313 Y77.783 E0.00368
G1 X21.334 Y77.751 E0.00115
G1 X92.106 Y200.332 E4.237
G1 X92.348 Y200.353 E0.00727
G1 X92.442 Y200.391 E0.00304
G1 X92.681 Y200.528 E0.00825
G1 X21.441 Y77.138 E4.26498
G1 X21.443 Y76.341 E0.02386
G1 X93.373 Y200.927 E4.30631
G1 X94.066 Y201.328 E0.02397
G1 X21.445 Y75.544 E4.34771
G1 X21.447 Y74.748 E0.02383
G1 X94.759 Y201.727 E4.38903
G1 X95.451 Y202.126 E0.02391
G1 X21.449 Y73.95 E4.43039
G1 X21.451 Y73.153 E0.02386
G1 X96.144 Y202.526 E4.47176
G1 X96.836 Y202.925 E0.02391
G1 X21.452 Y72.357 E4.51308
G1 X21.454 Y71.56 E0.02386
G1 X97.528 Y203.324 E4.55442
G1 X98.112 Y203.661 E0.02018
G1 X98.167 Y203.63 E0.00189
G1 X21.51 Y70.856 E4.58932
G1 X21.856 Y70.656 E0.01196
G1 X98.513 Y203.43 E4.58932
G1 X98.86 Y203.23 E0.01199
G1 X22.203 Y70.456 E4.58932
G1 X22.549 Y70.256 E0.01196
G1 X99.206 Y203.03 E4.58932
G1 X99.553 Y202.831 E0.01197
G1 X22.895 Y70.056 E4.58937
G1 X23.242 Y69.856 E0.01199
G1 X99.899 Y202.631 E4.58935
G1 X100.246 Y202.431 E0.01199
G1 X23.588 Y69.656 E4.58937
G1 X23.935 Y69.456 E0.01199
G1 X100.592 Y202.231 E4.58935
G1 X100.939 Y202.031 E0.01199
G1 X24.281 Y69.256 E4.58937
G1 X24.627 Y69.056 E0.01196
G1 X101.285 Y201.832 E4.58939
G1 X101.632 Y201.632 E0.01199
G1 X24.974 Y68.856 E4.58939
G1 X25.32 Y68.656 E0.01196
G1 X101.978 Y201.432 E4.58939
G1 X102.325 Y201.232 E0.01199
G1 X25.667 Y68.456 E4.58939
G1 X26.013 Y68.256 E0.01196
G1 X102.672 Y201.032 E4.58941
G1 X103.018 Y200.832 E0.01196
G1 X26.36 Y68.056 E4.58939
G1 X26.706 Y67.856 E0.01196
G1 X103.364 Y200.632 E4.58939
G1 X103.711 Y200.432 E0.01199
G1 X27.052 Y67.656 E4.58941
G1 X27.132 Y67.61 E0.00276
G1 X27.22 Y67.536 E0.00344
G1 X27.316 Y67.401 E0.00496
G1 X27.34 Y67.354 E0.00158
G1 X104.119 Y200.34 E4.59665
G1 X104.229 Y200.352 E0.00331
G1 X104.32 Y200.384 E0.00289
G1 X104.75 Y200.632 E0.01486
G1 X27.371 Y66.607 E4.63256
G1 X27.375 Y65.814 E0.02374
G1 X105.442 Y201.031 E4.67376
G1 X106.135 Y201.431 E0.02395
G1 X27.378 Y65.021 E4.71501
G1 X27.382 Y64.227 E0.02377
G1 X106.827 Y201.83 E4.75624
G1 X107.52 Y202.231 E0.02397
G1 X27.386 Y63.434 E4.7975
G1 X27.389 Y62.639 E0.0238
G1 X108.213 Y202.63 E4.83878
G1 X108.905 Y203.029 E0.02391
G1 X27.393 Y61.846 E4.87998
G1 X27.397 Y61.052 E0.02377
G1 X109.598 Y203.429 E4.92125
G1 X110 Y203.661 E0.01389
G1 X110.145 Y203.577 E0.00502
G1 X27.545 Y60.509 E4.94513
G1 X27.891 Y60.309 E0.01196
G1 X110.492 Y203.377 E4.94515
G1 X110.838 Y203.177 E0.01196
G1 X28.238 Y60.109 E4.94513
G1 X28.584 Y59.909 E0.01196
G1 X111.185 Y202.977 E4.94515
G1 X111.531 Y202.777 E0.01196
G1 X28.931 Y59.709 E4.94513
G1 X29.277 Y59.509 E0.01196
G1 X111.877 Y202.577 E4.94513
G1 X112.224 Y202.377 E0.01199
G1 X29.623 Y59.308 E4.94517
G1 X29.969 Y59.108 E0.01196
G1 X112.57 Y202.177 E4.94517
G1 X112.917 Y201.977 E0.01199
G1 X30.316 Y58.908 E4.94517
G1 X30.662 Y58.708 E0.01196
G1 X113.263 Y201.777 E4.94517
G1 X113.61 Y201.577 E0.01199
G1 X31.009 Y58.508 E4.94517
G1 X31.354 Y58.307 E0.01195
G1 X113.956 Y201.377 E4.94521
G1 X114.302 Y201.177 E0.01196
G1 X31.701 Y58.107 E4.9452
G1 X32.047 Y57.907 E0.01196
G1 X114.649 Y200.977 E4.94521
G1 X114.995 Y200.777 E0.01196
G1 X32.394 Y57.707 E4.9452
G1 X32.74 Y57.507 E0.01196
G1 X115.342 Y200.577 E4.94521
G1 X115.658 Y200.395 E0.01092
G1 X115.69 Y200.381 E0.00105
G1 X33.085 Y57.305 E4.94541
G1 X33.104 Y57.293 E0.00067
G1 X33.2 Y57.198 E0.00404
G1 X33.286 Y57.051 E0.0051
G1 X33.324 Y56.955 E0.00309
G1 X33.323 Y56.918 E0.00111
G1 X116.139 Y200.359 E4.95803
G1 X116.191 Y200.377 E0.00165
G1 X116.245 Y200.404 E0.00181
G1 X116.818 Y200.734 E0.01979
G1 X33.326 Y56.122 E4.99851
G1 X33.328 Y55.325 E0.02386
G1 X117.511 Y201.135 E5.03991
G1 X118.204 Y201.535 E0.02395
G1 X33.33 Y54.529 E5.08126
G1 X33.332 Y53.732 E0.02386
G1 X118.897 Y201.935 E5.12263
G1 X119.589 Y202.335 E0.02393
G1 X33.333 Y52.935 E5.164
G1 X33.335 Y52.139 E0.02383
G1 X120.282 Y202.735 E5.20535
G1 X120.975 Y203.135 E0.02395
G1 X33.337 Y51.342 E5.24672
G1 X33.339 Y50.545 E0.02386
G1 X121.668 Y203.535 E5.28809
G1 X121.885 Y203.661 E0.00751
G1 X122.123 Y203.523 E0.00824
G1 X33.58 Y50.162 E5.30091
G1 X33.926 Y49.962 E0.01196
G1 X122.47 Y203.323 E5.30093
G1 X122.816 Y203.123 E0.01196
G1 X34.272 Y49.762 E5.30093
G1 X34.619 Y49.562 E0.01199
G1 X123.162 Y202.923 E5.30091
G1 X123.509 Y202.724 E0.01197
G1 X34.965 Y49.362 E5.30096
G1 X35.312 Y49.162 E0.01199
G1 X123.856 Y202.524 E5.30096
G1 X124.202 Y202.324 E0.01196
G1 X35.659 Y48.962 E5.30094
G1 X36.005 Y48.762 E0.01196
G1 X124.548 Y202.124 E5.30094
G1 X124.895 Y201.925 E0.01197
G1 X36.351 Y48.562 E5.30098
G1 X36.698 Y48.362 E0.01199
G1 X125.242 Y201.725 E5.30098
G1 X125.588 Y201.525 E0.01196
G1 X37.044 Y48.162 E5.30098
G1 X37.391 Y47.963 E0.01197
G1 X125.935 Y201.325 E5.30096
G1 X126.282 Y201.126 E0.01197
G1 X37.738 Y47.763 E5.30098
G1 X38.084 Y47.563 E0.01196
G1 X126.628 Y200.926 E5.30098
G1 X126.974 Y200.726 E0.01196
G1 X38.43 Y47.363 E5.30098
G1 X38.777 Y47.163 E0.01199
G1 X127.321 Y200.526 E5.30098
G1 X127.582 Y200.376 E0.00901
G1 X127.678 Y200.345 E0.00302
G1 X39.109 Y46.939 E5.30247
G1 X39.175 Y46.861 E0.00306
G1 X39.233 Y46.752 E0.0037
G1 X39.258 Y46.688 E0.00206
G1 X39.273 Y46.631 E0.00176
G1 X39.283 Y46.556 E0.00226
G1 X39.283 Y46.439 E0.0035
G1 X128.196 Y200.442 E5.3231
G1 X128.889 Y200.842 E0.02395
G1 X39.282 Y45.639 E5.36459
G1 X39.283 Y44.84 E0.02392
G1 X129.581 Y201.242 E5.40602
G1 X130.274 Y201.642 E0.02395
G1 X39.283 Y44.04 E5.4475
G1 X39.283 Y43.241 E0.02392
G1 X130.967 Y202.042 E5.48895
G1 X131.66 Y202.442 E0.02395
G1 X39.283 Y42.44 E5.53046
G1 X39.284 Y41.641 E0.02392
G1 X132.353 Y202.841 E5.57187
G1 X133.045 Y203.241 E0.02393
G1 X39.283 Y40.841 E5.61335
G1 X39.283 Y40.041 E0.02395
G1 X133.738 Y203.642 E5.65486
G1 X133.771 Y203.661 E0.00114
G1 X134.101 Y203.47 E0.01141
G1 X39.614 Y39.813 E5.65679
G1 X39.96 Y39.613 E0.01196
G1 X134.448 Y203.27 E5.6568
G1 X134.794 Y203.07 E0.01196
G1 X40.307 Y39.413 E5.65679
G1 X40.653 Y39.213 E0.01196
G1 X135.14 Y202.87 E5.65679
G1 X135.487 Y202.67 E0.01199
G1 X40.999 Y39.013 E5.6568
G1 X41.346 Y38.813 E0.01199
G1 X135.833 Y202.47 E5.65679
G1 X136.18 Y202.27 E0.01199
G1 X41.692 Y38.613 E5.6568
G1 X42.039 Y38.413 E0.01199
G1 X136.526 Y202.07 E5.65679
G1 X136.873 Y201.87 E0.01199
G1 X42.385 Y38.213 E5.6568
G1 X42.731 Y38.013 E0.01196
G1 X137.219 Y201.67 E5.6568
G1 X137.565 Y201.47 E0.01196
G1 X43.078 Y37.813 E5.65679
G1 X43.424 Y37.613 E0.01196
G1 X137.912 Y201.27 E5.6568
G1 X138.258 Y201.07 E0.01196
G1 X43.771 Y37.413 E5.65679
G1 X44.117 Y37.213 E0.01196
G1 X138.605 Y200.87 E5.6568
G1 X138.951 Y200.67 E0.01196
G1 X44.464 Y37.013 E5.65679
G1 X44.619 Y36.923 E0.00537
G1 X45.001 Y37.144 E0.01321
G1 X139.108 Y200.143 E5.63404
G1 X139.108 Y199.343 E0.02395
G1 X45.694 Y37.544 E5.59256
G1 X46.387 Y37.945 E0.02397
G1 X139.109 Y198.543 E5.55107
G1 X139.109 Y197.743 E0.02395
G1 X47.08 Y38.345 E5.50959
G1 X47.774 Y38.746 E0.02399
G1 X139.109 Y196.943 E5.46807
G1 X139.108 Y196.143 E0.02395
G1 X48.466 Y39.146 E5.42659
G1 X49.159 Y39.547 E0.02397
G1 X139.109 Y195.344 E5.38512
G1 X139.109 Y194.543 E0.02398
G1 X49.853 Y39.948 E5.34358
G1 X50.265 Y40.185 E0.01423
G1 X50.335 Y40.218 E0.00232
G1 X50.395 Y40.238 E0.00189
G1 X50.474 Y40.254 E0.00241
G1 X50.492 Y40.254 E0.00054
G1 X139.161 Y193.833 E5.30845
G1 X139.215 Y193.731 E0.00345
G1 X139.296 Y193.63 E0.00388
G1 X139.357 Y193.577 E0.00242
G1 X139.444 Y193.523 E0.00307
G1 X50.9 Y40.161 E5.30096
G1 X51.246 Y39.961 E0.01196
G1 X139.79 Y193.323 E5.30096
G1 X140.136 Y193.123 E0.01196
G1 X51.592 Y39.761 E5.30096
G1 X51.939 Y39.561 E0.01199
G1 X140.483 Y192.923 E5.30096
G1 X140.829 Y192.723 E0.01196
G1 X52.285 Y39.361 E5.30096
G1 X52.632 Y39.161 E0.01199
G1 X141.176 Y192.523 E5.30096
G1 X141.522 Y192.323 E0.01196
G1 X52.978 Y38.961 E5.30096
G1 X53.324 Y38.761 E0.01196
G1 X141.868 Y192.123 E5.30096
G1 X142.215 Y191.923 E0.01199
G1 X53.671 Y38.561 E5.30096
G1 X54.017 Y38.361 E0.01196
G1 X142.562 Y191.724 E5.301
G1 X142.908 Y191.524 E0.01196
G1 X54.364 Y38.161 E5.30098
G1 X54.71 Y37.961 E0.01196
G1 X143.255 Y191.324 E5.301
G1 X143.601 Y191.124 E0.01196
G1 X55.057 Y37.761 E5.30098
G1 X55.403 Y37.561 E0.01196
G1 X143.947 Y190.924 E5.30098
G1 X144.294 Y190.724 E0.01199
G1 X55.749 Y37.361 E5.301
G1 X56.096 Y37.161 E0.01199
G1 X144.64 Y190.524 E5.30098
G1 X144.987 Y190.324 E0.01199
G1 X56.442 Y36.961 E5.301
G1 X56.789 Y36.761 E0.01199
G1 X145.333 Y190.124 E5.30098
G1 X145.407 Y190.083 E0.00253
G1 X145.498 Y190.052 E0.00288
G1 X145.56 Y190.039 E0.0019
G1 X145.632 Y190.036 E0.00216
G1 X145.745 Y190.038 E0.00338
G1 X57.068 Y36.445 E5.30893
G1 X57.089 Y36.392 E0.00171
G1 X57.113 Y36.3 E0.00285
G1 X57.112 Y35.722 E0.0173
G1 X146.39 Y190.355 E5.34489
G1 X147.083 Y190.756 E0.02397
G1 X57.113 Y34.922 E5.38638
G1 X57.113 Y34.123 E0.02392
G1 X147.776 Y191.156 E5.42784
G1 X148.47 Y191.557 E0.02399
G1 X57.114 Y33.324 E5.46932
G1 X57.114 Y32.524 E0.02395
G1 X149.163 Y191.958 E5.51082
G1 X149.856 Y192.358 E0.02395
G1 X57.114 Y31.725 E5.55228
G1 X57.115 Y30.926 E0.02392
G1 X150.549 Y192.759 E5.59374
G1 X151.243 Y193.16 E0.02399
G1 X57.115 Y30.126 E5.63527
G1 X57.115 Y29.711 E0.01242
G1 X57.281 Y29.614 E0.00576
G1 X151.77 Y193.273 E5.65687
G1 X152.116 Y193.073 E0.01196
G1 X57.628 Y29.414 E5.65686
G1 X57.974 Y29.214 E0.01196
G1 X152.463 Y192.873 E5.65687
G1 X152.809 Y192.673 E0.01196
G1 X58.32 Y29.014 E5.65687
G1 X58.666 Y28.813 E0.01198
G1 X153.155 Y192.473 E5.6569
G1 X153.502 Y192.273 E0.01199
G1 X59.013 Y28.613 E5.6569
G1 X59.359 Y28.413 E0.01196
G1 X153.848 Y192.073 E5.6569
G1 X154.195 Y191.873 E0.01199
G1 X59.706 Y28.213 E5.6569
G1 X60.051 Y28.012 E0.01195
G1 X154.541 Y191.673 E5.65694
G1 X154.887 Y191.473 E0.01196
G1 X60.398 Y27.812 E5.65692
G1 X60.744 Y27.612 E0.01196
G1 X155.234 Y191.273 E5.65694
G1 X155.58 Y191.073 E0.01196
G1 X61.091 Y27.412 E5.65692
G1 X61.437 Y27.211 E0.01198
G1 X155.927 Y190.873 E5.65696
G1 X156.273 Y190.673 E0.01196
G1 X61.783 Y27.011 E5.65696
G1 X62.129 Y26.811 E0.01196
G1 X156.619 Y190.473 E5.65696
G1 X156.936 Y190.289 E0.01097
G1 X156.936 Y190.222 E0.00201
G1 X62.503 Y26.658 E5.65357
G1 X63.196 Y27.059 E0.02397
G1 X156.936 Y189.422 E5.61206
G1 X156.936 Y188.621 E0.02398
G1 X63.889 Y27.459 E5.57056
G1 X64.583 Y27.86 E0.02399
G1 X156.937 Y187.822 E5.52908
G1 X156.936 Y187.022 E0.02395
G1 X65.275 Y28.26 E5.4876
G1 X65.969 Y28.661 E0.02399
G1 X156.936 Y186.222 E5.44607
G1 X156.937 Y185.423 E0.02392
G1 X66.662 Y29.062 E5.40461
G1 X67.355 Y29.463 E0.02397
G1 X156.937 Y184.622 E5.36308
G1 X156.937 Y183.822 E0.02395
G1 X68.048 Y29.863 E5.3216
G1 X68.093 Y29.889 E0.00156
G1 X68.161 Y29.922 E0.00226
G1 X68.224 Y29.942 E0.00198
G1 X68.302 Y29.958 E0.00238
G1 X68.42 Y29.96 E0.00353
G1 X68.515 Y29.953 E0.00285
G1 X68.557 Y29.943 E0.00129
G1 X157.123 Y183.344 E5.3023
G1 X157.195 Y183.279 E0.0029
G1 X157.24 Y183.249 E0.00162
G1 X157.457 Y183.123 E0.00751
G1 X68.913 Y29.761 E5.30096
G1 X69.259 Y29.561 E0.01196
G1 X157.803 Y182.923 E5.30096
G1 X158.15 Y182.724 E0.01197
G1 X69.606 Y29.361 E5.30098
G1 X69.952 Y29.161 E0.01196
G1 X158.497 Y182.524 E5.301
G1 X158.843 Y182.324 E0.01196
G1 X70.299 Y28.961 E5.30098
G1 X70.645 Y28.761 E0.01196
G1 X159.19 Y182.125 E5.30102
G1 X159.536 Y181.925 E0.01196
G1 X70.991 Y28.561 E5.30102
G1 X71.338 Y28.361 E0.01199
G1 X159.883 Y181.726 E5.30105
G1 X160.23 Y181.526 E0.01199
G1 X71.684 Y28.161 E5.30106
G1 X72.031 Y27.961 E0.01199
G1 X160.576 Y181.326 E5.30105
G1 X160.923 Y181.127 E0.01197
G1 X72.377 Y27.761 E5.30109
G1 X72.723 Y27.561 E0.01196
G1 X161.269 Y180.927 E5.30109
G1 X161.616 Y180.728 E0.01197
G1 X73.07 Y27.361 E5.30111
G1 X73.416 Y27.161 E0.01196
G1 X161.963 Y180.528 E5.30113
G1 X162.309 Y180.328 E0.01196
G1 X73.763 Y26.961 E5.30111
G1 X74.109 Y26.761 E0.01196
G1 X162.656 Y180.129 E5.30116
G1 X163.003 Y179.929 E0.01199
G1 X74.456 Y26.561 E5.30116
G1 X74.645 Y26.451 E0.00655
G1 X74.7 Y26.415 E0.00197
G1 X74.785 Y26.332 E0.00356
G1 X163.363 Y179.753 E5.30299
G1 X163.463 Y179.744 E0.00301
G1 X163.582 Y179.746 E0.00356
G1 X163.66 Y179.761 E0.00238
G1 X163.723 Y179.782 E0.00199
G1 X163.791 Y179.815 E0.00226
G1 X163.895 Y179.874 E0.00358
G1 X74.947 Y25.812 E5.32515
G1 X74.947 Y25.012 E0.02395
G1 X164.588 Y180.274 E5.36663
G1 X165.281 Y180.674 E0.02395
G1 X74.947 Y24.211 E5.40814
G1 X74.947 Y23.412 E0.02392
G1 X165.973 Y181.074 E5.44958
G1 X166.666 Y181.474 E0.02395
G1 X74.947 Y22.612 E5.49106
G1 X74.947 Y21.813 E0.02392
G1 X167.358 Y181.873 E5.53247
G1 X168.051 Y182.273 E0.02395
G1 X74.947 Y21.013 E5.57395
G1 X74.947 Y20.212 E0.02398
G1 X168.744 Y182.674 E5.61548
G1 X169.436 Y183.072 E0.0239
G1 X74.948 Y19.414 E5.65683
G1 X75.295 Y19.214 E0.01199
G1 X169.783 Y182.872 E5.65683
G1 X170.129 Y182.672 E0.01196
G1 X75.641 Y19.014 E5.65683
G1 X75.987 Y18.814 E0.01196
G1 X170.475 Y182.472 E5.65683
G1 X170.822 Y182.272 E0.01199
G1 X76.334 Y18.614 E5.65683
G1 X76.68 Y18.414 E0.01196
G1 X171.168 Y182.072 E5.65683
G1 X171.515 Y181.872 E0.01199
G1 X77.027 Y18.214 E5.65683
G1 X77.373 Y18.014 E0.01196
G1 X171.861 Y181.672 E5.65683
G1 X172.207 Y181.472 E0.01196
G1 X77.719 Y17.814 E5.65683
G1 X78.066 Y17.614 E0.01199
G1 X172.554 Y181.272 E5.65683
G1 X172.9 Y181.072 E0.01196
G1 X78.412 Y17.414 E5.65683
G1 X78.759 Y17.214 E0.01199
G1 X173.247 Y180.872 E5.65683
G1 X173.593 Y180.672 E0.01196
G1 X79.105 Y17.014 E5.65683
G1 X79.451 Y16.814 E0.01196
G1 X173.939 Y180.472 E5.65683
G1 X174.286 Y180.272 E0.01199
G1 X79.798 Y16.614 E5.65683
G1 X80.144 Y16.414 E0.01196
G1 X174.632 Y180.072 E5.65683
G1 X174.768 Y179.993 E0.00471
G1 X174.769 Y179.508 E0.01452
G1 X80.7 Y16.577 E5.63171
G1 X81.393 Y16.977 E0.02395
G1 X174.769 Y178.709 E5.59026
G1 X174.769 Y177.91 E0.02392
G1 X82.086 Y17.377 E5.5488
G1 X82.778 Y17.776 E0.02391
G1 X174.77 Y177.11 E5.50738
G1 X174.77 Y176.31 E0.02395
G1 X83.471 Y18.177 E5.46587
G1 X84.164 Y18.576 E0.02394
G1 X174.77 Y175.511 E5.42444
G1 X174.771 Y174.712 E0.02392
G1 X84.857 Y18.976 E5.383
G1 X85.549 Y19.375 E0.02391
G1 X174.771 Y173.912 E5.34156
G1 X174.771 Y173.404 E0.01521
G1 X174.794 Y173.312 E0.00284
G1 X174.819 Y173.248 E0.00206
G1 X174.834 Y173.221 E0.00092
G1 X86.177 Y19.664 E5.3077
G1 X86.254 Y19.664 E0.0023
G1 X86.362 Y19.654 E0.00325
G1 X86.47 Y19.62 E0.00339
G1 X86.578 Y19.558 E0.00373
G1 X175.124 Y172.924 E5.30109
G1 X175.471 Y172.724 E0.01199
G1 X86.925 Y19.358 E5.30109
G1 X87.271 Y19.158 E0.01196
G1 X175.817 Y172.524 E5.30109
G1 X176.164 Y172.324 E0.01199
G1 X87.618 Y18.959 E5.30106
G1 X87.964 Y18.759 E0.01196
G1 X176.51 Y172.124 E5.30106
G1 X176.856 Y171.924 E0.01196
G1 X88.311 Y18.559 E5.30105
G1 X88.657 Y18.359 E0.01196
G1 X177.203 Y171.724 E5.30106
G1 X177.549 Y171.524 E0.01196
G1 X89.004 Y18.16 E5.30102
G1 X89.351 Y17.96 E0.01199
G1 X177.896 Y171.325 E5.30105
G1 X178.243 Y171.125 E0.01199
G1 X89.697 Y17.76 E5.30106
G1 X90.044 Y17.561 E0.01197
G1 X178.589 Y170.925 E5.30102
G1 X178.935 Y170.725 E0.01196
G1 X90.39 Y17.361 E5.30102
G1 X90.737 Y17.161 E0.01199
G1 X179.282 Y170.525 E5.30102
G1 X179.628 Y170.325 E0.01196
G1 X91.084 Y16.962 E5.30098
G1 X91.43 Y16.762 E0.01196
G1 X179.975 Y170.125 E5.301
G1 X180.321 Y169.925 E0.01196
G1 X91.777 Y16.562 E5.30098
G1 X92.123 Y16.362 E0.01196
G1 X180.667 Y169.725 E5.30098
G1 X180.712 Y169.701 E0.00153
G1 X180.714 Y169.006 E0.0208
G1 X92.771 Y16.684 E5.265
G1 X93.464 Y17.084 E0.02395
G1 X180.716 Y168.209 E5.22363
G1 X180.717 Y167.411 E0.02389
G1 X94.156 Y17.483 E5.18225
G1 X94.849 Y17.883 E0.02395
G1 X180.719 Y166.615 E5.14091
G1 X180.72 Y165.817 E0.02389
G1 X95.541 Y18.283 E5.09951
G1 X96.234 Y18.683 E0.02395
G1 X180.722 Y165.02 E5.05813
G1 X180.724 Y164.224 E0.02383
G1 X96.927 Y19.082 E5.01681
G1 X97.62 Y19.482 E0.02395
G1 X180.726 Y163.426 E4.97542
G1 X180.726 Y163.049 E0.01129
G1 X180.766 Y162.944 E0.00336
G1 X180.839 Y162.822 E0.00426
G1 X98.186 Y19.663 E4.94828
G1 X98.197 Y19.663 E0.00033
G1 X98.367 Y19.617 E0.00527
G1 X98.558 Y19.507 E0.0066
G1 X181.159 Y162.576 E4.94517
G1 X181.505 Y162.376 E0.01196
G1 X98.904 Y19.307 E4.94517
G1 X99.251 Y19.107 E0.01199
G1 X181.851 Y162.176 E4.94516
G1 X182.198 Y161.976 E0.01199
G1 X99.597 Y18.907 E4.94517
G1 X99.944 Y18.707 E0.01199
G1 X182.544 Y161.776 E4.94516
G1 X182.891 Y161.576 E0.01199
G1 X100.291 Y18.508 E4.94513
G1 X100.637 Y18.308 E0.01196
G1 X183.237 Y161.376 E4.94513
G1 X183.583 Y161.176 E0.01196
G1 X100.983 Y18.108 E4.94513
G1 X101.33 Y17.908 E0.01199
G1 X183.93 Y160.977 E4.94516
G1 X184.277 Y160.777 E0.01199
G1 X101.676 Y17.708 E4.94517
G1 X102.023 Y17.508 E0.01199
G1 X184.623 Y160.577 E4.94516
G1 X184.97 Y160.377 E0.01199
G1 X102.37 Y17.309 E4.94513
G1 X102.716 Y17.109 E0.01196
G1 X185.316 Y160.177 E4.94513
G1 X185.662 Y159.977 E0.01196
G1 X103.062 Y16.909 E4.94513
G1 X103.409 Y16.709 E0.01199
G1 X186.009 Y159.777 E4.94513
G1 X186.355 Y159.577 E0.01196
G1 X103.755 Y16.509 E4.94513
G1 X104.057 Y16.335 E0.01043
G1 X104.147 Y16.387 E0.00311
G1 X186.658 Y159.3 E4.93978
G1 X186.661 Y158.507 E0.02374
G1 X104.839 Y16.787 E4.89854
G1 X105.532 Y17.187 E0.02395
G1 X186.665 Y157.714 E4.8573
G1 X186.669 Y156.921 E0.02374
G1 X106.224 Y17.586 E4.81611
G1 X106.917 Y17.985 E0.02394
G1 X186.673 Y156.128 E4.77489
G1 X186.677 Y155.334 E0.02377
G1 X107.609 Y18.384 E4.73367
G1 X108.302 Y18.785 E0.02397
G1 X186.681 Y154.541 E4.6924
G1 X186.685 Y153.748 E0.02374
G1 X108.994 Y19.184 E4.6512
G1 X109.687 Y19.583 E0.02394
G1 X186.688 Y152.954 E4.60995
G1 X186.69 Y152.684 E0.00808
G1 X186.797 Y152.502 E0.00632
G1 X186.856 Y152.444 E0.00248
G1 X110.18 Y19.638 E4.59044
G1 X110.255 Y19.617 E0.00233
G1 X110.537 Y19.455 E0.00974
G1 X187.193 Y152.227 E4.58926
G1 X187.539 Y152.027 E0.01196
G1 X110.883 Y19.255 E4.58926
G1 X111.23 Y19.055 E0.01199
G1 X187.886 Y151.827 E4.58926
G1 X188.232 Y151.627 E0.01196
G1 X111.576 Y18.855 E4.58926
G1 X111.922 Y18.655 E0.01196
G1 X188.578 Y151.427 E4.58926
G1 X188.925 Y151.228 E0.01197
G1 X112.269 Y18.455 E4.58928
G1 X112.615 Y18.255 E0.01196
G1 X189.272 Y151.028 E4.5893
G1 X189.618 Y150.828 E0.01196
G1 X112.962 Y18.055 E4.58928
G1 X113.308 Y17.856 E0.01195
G1 X189.964 Y150.628 E4.58926
G1 X190.311 Y150.428 E0.01199
G1 X113.655 Y17.656 E4.58926
G1 X114.001 Y17.456 E0.01196
G1 X190.657 Y150.228 E4.58926
G1 X191.004 Y150.029 E0.01197
G1 X114.348 Y17.256 E4.58928
G1 X114.694 Y17.056 E0.01196
G1 X191.351 Y149.829 E4.5893
G1 X191.697 Y149.629 E0.01196
G1 X115.041 Y16.856 E4.58928
G1 X115.387 Y16.656 E0.01196
G1 X192.043 Y149.429 E4.58928
G1 X192.39 Y149.229 E0.01199
G1 X115.733 Y16.456 E4.5893
G1 X115.943 Y16.335 E0.00725
G1 X116.217 Y16.493 E0.00947
G1 X192.603 Y148.798 E4.57311
G1 X192.607 Y148.005 E0.02374
G1 X116.91 Y16.893 E4.53187
G1 X117.602 Y17.293 E0.02393
G1 X192.611 Y147.211 E4.49062
G1 X192.614 Y146.417 E0.02377
G1 X118.295 Y17.693 E4.44934
G1 X118.988 Y18.093 E0.02395
G1 X192.618 Y145.624 E4.4081
G1 X192.622 Y144.831 E0.02374
G1 X119.68 Y18.492 E4.3669
G1 X120.373 Y18.893 E0.02397
G1 X192.626 Y144.038 E4.32564
G1 X192.63 Y143.244 E0.02377
G1 X121.066 Y19.292 E4.2844
G1 X121.62 Y19.612 E0.01915
G1 X121.711 Y19.646 E0.00291
G1 X121.733 Y19.648 E0.00066
G1 X192.634 Y142.451 E4.24469
G1 X192.634 Y142.393 E0.00174
G1 X192.733 Y142.22 E0.00597
G1 X192.775 Y142.17 E0.00195
G1 X192.864 Y142.094 E0.0035
G1 X192.883 Y142.083 E0.00066
G1 X122.167 Y19.599 E4.23365
G1 X122.513 Y19.399 E0.01196
G1 X193.229 Y141.883 E4.23365
G1 X193.576 Y141.683 E0.01199
G1 X122.86 Y19.199 E4.23365
G1 X123.206 Y18.999 E0.01196
G1 X193.922 Y141.483 E4.23365
G1 X194.269 Y141.283 E0.01199
G1 X123.553 Y18.8 E4.23362
G1 X123.899 Y18.6 E0.01196
G1 X194.615 Y141.083 E4.23362
G1 X194.961 Y140.883 E0.01196
G1 X124.246 Y18.4 E4.23361
G1 X124.593 Y18.201 E0.01197
G1 X195.308 Y140.683 E4.23358
G1 X195.654 Y140.483 E0.01196
G1 X124.939 Y18.001 E4.23358
G1 X125.286 Y17.801 E0.01199
G1 X196.001 Y140.283 E4.23358
G1 X196.347 Y140.083 E0.01196
G1 X125.633 Y17.602 E4.23354
G1 X125.979 Y17.402 E0.01196
G1 X196.693 Y139.883 E4.23354
G1 X197.04 Y139.683 E0.01199
G1 X126.325 Y17.202 E4.23356
G1 X126.672 Y17.002 E0.01199
G1 X197.386 Y139.483 E4.23354
G1 X197.733 Y139.283 E0.01199
G1 X127.019 Y16.803 E4.23352
G1 X127.365 Y16.603 E0.01196
G1 X198.079 Y139.083 E4.23352
G1 X198.426 Y138.883 E0.01199
G1 X127.712 Y16.403 E4.23352
G1 X127.828 Y16.335 E0.00402
G1 X128.287 Y16.6 E0.01587
G1 X198.546 Y138.292 E4.20628
G1 X198.548 Y137.495 E0.02386
G1 X128.98 Y17 E4.16491
G1 X129.673 Y17.401 E0.02397
G1 X198.549 Y136.697 E4.12347
G1 X198.551 Y135.901 E0.02383
G1 X130.366 Y17.801 E4.08212
G1 X131.059 Y18.2 E0.02394
G1 X198.553 Y135.103 E4.04075
G1 X198.554 Y134.306 E0.02386
G1 X131.751 Y18.6 E3.99937
G1 X132.444 Y19 E0.02395
G1 X198.556 Y133.51 E3.95803
G1 X198.558 Y132.712 E0.02389
G1 X133.137 Y19.401 E3.9166
G1 X133.475 Y19.595 E0.01167
G1 X133.584 Y19.643 E0.00357
G1 X133.749 Y19.66 E0.00497
G1 X198.621 Y132.021 E3.88376
G1 X198.669 Y131.938 E0.00287
G1 X198.732 Y131.862 E0.00295
G1 X198.812 Y131.797 E0.00309
G1 X198.918 Y131.736 E0.00366
G1 X134.147 Y19.55 E3.87771
G1 X134.494 Y19.35 E0.01199
G1 X199.265 Y131.536 E3.87771
G1 X199.611 Y131.336 E0.01196
G1 X134.84 Y19.15 E3.87771
G1 X135.186 Y18.95 E0.01196
G1 X199.957 Y131.136 E3.87771
G1 X200.304 Y130.936 E0.01199
G1 X135.533 Y18.75 E3.87771
G1 X135.879 Y18.55 E0.01196
G1 X200.65 Y130.736 E3.87771
G1 X200.997 Y130.536 E0.01199
G1 X136.226 Y18.35 E3.87771
G1 X136.572 Y18.15 E0.01196
G1 X201.343 Y130.336 E3.87771
G1 X201.689 Y130.136 E0.01196
G1 X136.918 Y17.95 E3.87771
G1 X137.265 Y17.75 E0.01199
G1 X202.036 Y129.936 E3.87771
G1 X202.382 Y129.736 E0.01196
G1 X137.611 Y17.55 E3.87771
G1 X137.958 Y17.35 E0.01199
G1 X202.729 Y129.536 E3.87771
G1 X203.075 Y129.336 E0.01196
G1 X138.304 Y17.15 E3.87771
G1 X138.65 Y16.95 E0.01196
G1 X203.421 Y129.136 E3.87771
G1 X203.768 Y128.936 E0.01199
G1 X138.997 Y16.75 E3.87771
G1 X139.343 Y16.55 E0.01196
G1 X204.114 Y128.736 E3.87771
G1 X204.461 Y128.536 E0.01199
G1 X199.098 Y119.248 E0.32105
G0 F18000 X198.932 Y119.535
G0 X203.782 Y122.334
G0 X203.948 Y122.047
G1 F3600 X204.488 Y122.984 E0.03237
G0 F18000 X204.488 Y122.359
G1 F3600 X203.255 Y121.647 E0.04262
G1 X204.488 Y123.784 E0.07385
G1 X204.488 Y124.583 E0.02392
G1 X202.562 Y121.248 E0.11528
G1 X201.869 Y120.848 E0.02395
G1 X204.488 Y125.383 E0.15676
G1 X204.488 Y126.183 E0.02395
G1 X201.176 Y120.448 E0.19824
G1 X200.484 Y120.048 E0.02393
G1 X204.488 Y126.984 E0.23973
G1 X204.488 Y127.783 E0.02392
G1 X199.791 Y119.648 E0.28119
G1 X198.812 Y119.083 E0.03384
G1 X198.732 Y119.018 E0.00309
G1 X198.669 Y118.944 E0.00291
G1 X198.636 Y118.888 E0.00195
G1 X198.573 Y118.762 E0.00422
G1 X198.544 Y118.589 E0.00525
G1 X198.545 Y118.29 E0.00895
G1 X145.601 Y26.588 E3.16967
G0 F18000 X145.432 Y26.879
G0 X145.032 Y26.577
G0 X144.809 Y26.193
G0 X144.722 Y20.037
G0 X145.052 Y20.037
G1 F3600 X144.514 Y19.105 E0.03221
G0 F18000 X145.052 Y19.415
G1 F3600 X143.821 Y18.705 E0.04254
G1 X145.052 Y20.838 E0.07372
G1 X145.052 Y21.638 E0.02395
G1 X143.128 Y18.305 E0.1152
G1 X142.435 Y17.905 E0.02395
G1 X145.052 Y22.438 E0.15668
G1 X145.052 Y23.237 E0.02392
G1 X141.743 Y17.506 E0.19809
G1 X141.05 Y17.106 E0.02395
G1 X145.052 Y24.037 E0.23958
G1 X145.052 Y24.838 E0.02398
G1 X140.358 Y16.706 E0.28107
G1 X139.715 Y16.335 E0.02222
G1 X139.69 Y16.35 E0.00087
G1 X145.052 Y25.638 E0.32103
G1 X145.052 Y25.931 E0.00877
G1 X145.056 Y26.008 E0.00231
G1 X145.077 Y26.093 E0.00262
G1 X145.095 Y26.144 E0.00162
G1 X145.146 Y26.24 E0.00325
G1 X145.196 Y26.317 E0.00275
G1 X145.278 Y26.401 E0.00351
G1 X146.295 Y26.99 E0.03518
G1 X198.547 Y117.494 E3.12826
G1 X198.548 Y116.696 E0.02389
G1 X146.988 Y27.391 E3.08682
G1 X147.682 Y27.793 E0.02401
G1 X198.55 Y115.899 E3.04538
G1 X198.552 Y115.103 E0.02383
G1 X148.375 Y28.194 E3.00401
G1 X149.069 Y28.595 E0.02399
G1 X198.554 Y114.306 E2.96259
G1 X198.556 Y113.508 E0.02389
G1 X149.763 Y28.996 E2.92115
G1 X150.457 Y29.398 E0.02401
G1 X198.558 Y112.712 E2.87974
G1 X198.559 Y111.915 E0.02386
G1 X151.15 Y29.799 E2.83832
G1 X151.306 Y29.889 E0.00539
G1 X151.364 Y29.917 E0.00193
G1 X151.617 Y29.96 E0.00768
G1 X151.702 Y29.956 E0.00255
G1 X198.684 Y111.331 E2.81272
G1 X198.732 Y111.274 E0.00223
G1 X198.812 Y111.209 E0.00309
G1 X199.01 Y111.095 E0.00684
G1 X152.069 Y29.792 E2.81024
G1 X152.416 Y29.592 E0.01199
G1 X199.356 Y110.895 E2.81023
G1 X199.703 Y110.695 E0.01199
G1 X152.762 Y29.392 E2.81024
G1 X153.108 Y29.192 E0.01196
G1 X200.049 Y110.495 E2.81024
G1 X200.395 Y110.295 E0.01196
G1 X153.455 Y28.992 E2.81023
G1 X153.801 Y28.791 E0.01198
G1 X200.741 Y110.094 E2.81023
G1 X201.088 Y109.894 E0.01199
G1 X154.147 Y28.591 E2.81024
G1 X154.494 Y28.391 E0.01199
G1 X201.434 Y109.694 E2.81023
G1 X201.781 Y109.494 E0.01199
G1 X154.84 Y28.191 E2.81024
G1 X155.186 Y27.991 E0.01196
G1 X202.127 Y109.294 E2.81024
G1 X202.473 Y109.094 E0.01196
G1 X155.533 Y27.791 E2.81023
G1 X155.879 Y27.59 E0.01198
G1 X202.819 Y108.893 E2.81023
G1 X203.166 Y108.693 E0.01199
G1 X156.225 Y27.39 E2.81024
G1 X156.572 Y27.19 E0.01199
G1 X203.512 Y108.493 E2.81023
G1 X203.859 Y108.293 E0.01199
G1 X156.918 Y26.99 E2.81024
G1 X157.264 Y26.79 E0.01196
G1 X204.205 Y108.093 E2.81024
G1 X204.488 Y107.929 E0.00979
G1 X204.488 Y107.783 E0.00437
G1 X199.284 Y98.771 E0.31151
G1 X199.977 Y99.17 E0.02394
G1 X204.488 Y106.983 E0.27006
G1 X204.488 Y106.183 E0.02395
G1 X200.669 Y99.569 E0.22862
G1 X201.362 Y99.968 E0.02394
G1 X204.488 Y105.384 E0.18719
G1 X204.488 Y104.584 E0.02395
G1 X202.054 Y100.368 E0.14572
G1 X202.746 Y100.767 E0.02391
G1 X204.488 Y103.783 E0.10426
G1 X204.488 Y102.983 E0.02395
G1 X203.439 Y101.166 E0.0628
G1 X204.488 Y101.771 E0.03625
G0 F18000 X204.131 Y101.566
G1 F3600 X204.488 Y102.183 E0.02134
G0 F18000 X204.158 Y102.183
G0 X198.677 Y98.798
G0 X198.841 Y98.515
G1 F3600 X198.782 Y98.473 E0.00217
G1 X198.729 Y98.428 E0.00208
G1 X198.668 Y98.355 E0.00285
G1 X198.634 Y98.298 E0.00199
G1 X198.563 Y98.143 E0.0051
G1 X198.544 Y98.001 E0.00429
G1 X198.545 Y97.491 E0.01527
G1 X163.619 Y36.996 E2.09099
G1 X164.312 Y37.397 E0.02397
G1 X198.546 Y96.692 E2.04953
G1 X198.548 Y95.895 E0.02386
G1 X165.005 Y37.797 E2.00816
G1 X165.699 Y38.198 E0.02399
G1 X198.549 Y95.097 E1.9667
G1 X198.55 Y94.3 E0.02386
G1 X166.392 Y38.599 E1.92529
G1 X167.085 Y39 E0.02397
G1 X198.551 Y93.501 E1.88382
G1 X198.553 Y92.704 E0.02386
G1 X167.778 Y39.401 E1.84242
G1 X168.472 Y39.802 E0.02399
G1 X198.554 Y91.906 E1.80097
G1 X198.556 Y91.108 E0.02389
G1 X169.163 Y40.198 E1.7597
G1 X169.188 Y40.211 E0.00084
G1 X169.279 Y40.241 E0.00287
G1 X169.457 Y40.256 E0.00535
G1 X169.528 Y40.253 E0.00213
G1 X169.604 Y40.238 E0.00232
G1 X169.641 Y40.227 E0.00116
G1 X198.76 Y90.662 E1.74329
G1 X198.841 Y90.601 E0.00304
G1 X199.1 Y90.451 E0.00896
G1 X169.992 Y40.036 E1.74261
G1 X170.339 Y39.836 E0.01199
G1 X199.446 Y90.251 E1.74259
G1 X199.793 Y90.051 E0.01199
G1 X170.685 Y39.636 E1.74261
G1 X171.032 Y39.436 E0.01199
G1 X200.139 Y89.851 E1.74259
G1 X200.486 Y89.651 E0.01199
G1 X171.378 Y39.236 E1.74261
G1 X171.724 Y39.035 E0.01198
G1 X200.832 Y89.451 E1.74263
G1 X201.178 Y89.251 E0.01196
G1 X172.07 Y38.835 E1.74263
G1 X172.417 Y38.635 E0.01199
G1 X201.525 Y89.051 E1.74263
G1 X201.871 Y88.851 E0.01196
G1 X172.763 Y38.435 E1.74263
G1 X173.11 Y38.235 E0.01199
G1 X202.218 Y88.651 E1.74263
G1 X202.564 Y88.451 E0.01196
G1 X173.456 Y38.035 E1.74263
G1 X173.802 Y37.834 E0.01198
G1 X202.91 Y88.251 E1.74266
G1 X203.257 Y88.051 E0.01199
G1 X174.148 Y37.634 E1.74267
G1 X174.495 Y37.434 E0.01199
G1 X203.603 Y87.851 E1.74266
G1 X203.95 Y87.651 E0.01199
G1 X174.841 Y37.234 E1.74267
G1 X175.188 Y37.034 E0.01199
G1 X180.721 Y46.617 E0.33124
G1 X180.716 Y46.6 E0.00053
G1 X180.712 Y46.521 E0.00237
G1 X180.712 Y45.803 E0.02149
G1 X175.688 Y37.101 E0.30078
G1 X176.381 Y37.502 E0.02397
G1 X180.712 Y45.003 E0.25928
G1 X180.712 Y44.203 E0.02395
G1 X177.074 Y37.902 E0.2178
G1 X177.767 Y38.302 E0.02395
G1 X180.713 Y43.404 E0.17636
G1 X180.713 Y42.603 E0.02398
G1 X178.461 Y38.703 E0.13481
G1 X179.154 Y39.103 E0.02395
G1 X180.713 Y41.803 E0.09333
G1 X180.712 Y41.003 E0.02395
G1 X179.846 Y39.503 E0.05185
G1 X180.539 Y39.903 E0.02395
G1 X180.713 Y40.204 E0.01041
G0 F18000 X180.383 Y40.204
G0 X180.445 Y46.74
G0 X180.763 Y47.277
G0 X180.932 Y46.984
G1 F3600 X186.668 Y56.918 E0.34338
G1 X186.658 Y56.873 E0.00138
G1 X186.657 Y56.1 E0.02314
G1 X181.635 Y47.401 E0.30067
G1 X182.328 Y47.801 E0.02395
G1 X186.657 Y55.3 E0.25919
G1 X186.657 Y54.5 E0.02395
G1 X183.021 Y48.201 E0.21771
G1 X183.713 Y48.601 E0.02393
G1 X186.657 Y53.699 E0.17622
G1 X186.657 Y52.899 E0.02395
G1 X184.406 Y49.001 E0.13474
G1 X185.099 Y49.401 E0.02395
G1 X186.657 Y52.099 E0.09326
G1 X186.656 Y51.298 E0.02398
G1 X185.791 Y49.8 E0.05178
G1 X186.484 Y50.2 E0.02395
G1 X186.656 Y50.497 E0.01027
G0 F18000 X186.327 Y50.497
G0 X186.389 Y57.034
G0 X186.702 Y57.569
G0 X186.873 Y57.274
G1 F3600 X192.612 Y67.213 E0.34355
G1 X192.6 Y67.143 E0.00213
G1 X192.6 Y66.394 E0.02242
G1 X187.578 Y57.695 E0.30067
G1 X188.271 Y58.096 E0.02397
G1 X192.6 Y65.594 E0.25917
G1 X192.6 Y64.794 E0.02395
G1 X188.964 Y58.496 E0.21769
G1 X189.657 Y58.896 E0.02395
G1 X192.6 Y63.993 E0.17618
G1 X192.601 Y63.194 E0.02392
G1 X190.35 Y59.296 E0.13474
G1 X191.043 Y59.696 E0.02395
G1 X192.601 Y62.394 E0.09326
G1 X192.6 Y61.594 E0.02395
G1 X191.736 Y60.096 E0.05177
G1 X192.429 Y60.497 E0.02397
G1 X192.6 Y60.794 E0.01026
G0 F18000 X192.27 Y60.794
G0 X192.332 Y67.329
G0 X192.649 Y67.866
G0 X192.819 Y67.572
G1 F3600 X198.557 Y77.51 E0.34351
G1 X198.546 Y77.468 E0.0013
G1 X198.546 Y76.692 E0.02323
G1 X193.521 Y67.988 E0.30085
G1 X194.214 Y68.388 E0.02395
G1 X198.546 Y75.892 E0.25937
G1 X198.546 Y75.091 E0.02398
G1 X194.906 Y68.788 E0.21788
G1 X195.599 Y69.188 E0.02395
G1 X198.545 Y74.29 E0.17636
G1 X198.545 Y73.49 E0.02395
G1 X196.292 Y69.587 E0.1349
G1 X196.985 Y69.987 E0.02395
G1 X198.545 Y72.69 E0.09342
G1 X198.545 Y71.89 E0.02395
G1 X197.677 Y70.387 E0.05195
G1 X198.37 Y70.787 E0.02395
G1 X198.545 Y71.09 E0.01047
G0 F18000 X198.214 Y71.09
G0 X198.276 Y77.623
G0 X198.589 Y78.158
G0 X198.76 Y77.863
G1 F3600 X204.296 Y87.451 E0.33141
G1 X204.488 Y87.342 E0.00661
G1 X204.488 Y86.984 E0.01072
G1 X199.465 Y78.284 E0.30072
G1 X200.158 Y78.684 E0.02395
G1 X204.488 Y86.184 E0.25924
G1 X204.488 Y85.384 E0.02395
G1 X200.851 Y79.084 E0.21775
G1 X201.544 Y79.484 E0.02395
G1 X204.488 Y84.584 E0.17627
G1 X204.488 Y83.784 E0.02395
G1 X202.237 Y79.884 E0.13479
G1 X202.93 Y80.284 E0.02395
G1 X204.488 Y82.984 E0.09331
G1 X204.488 Y82.184 E0.02395
G1 X203.622 Y80.684 E0.05185
G1 X204.315 Y81.084 E0.02395
G1 X204.488 Y81.384 E0.01037
G0 F18000 X204.158 Y81.384
G0 X198.524 Y78.05
G0 X162.948 Y36.991
G0 X163.114 Y36.704
G1 F3600 X163.016 Y36.604 E0.00419
G1 X162.973 Y36.535 E0.00243
G1 X162.922 Y36.44 E0.00323
G1 X162.905 Y36.389 E0.00161
G1 X162.884 Y36.304 E0.00262
G1 X162.88 Y36.224 E0.0024
G1 X162.88 Y35.717 E0.01518
G1 X157.675 Y26.702 E0.31161
G1 X158.369 Y27.103 E0.02399
G1 X162.88 Y34.917 E0.27008
G1 X162.88 Y34.117 E0.02395
G1 X159.062 Y27.503 E0.2286
G1 X159.755 Y27.904 E0.02397
G1 X162.88 Y33.317 E0.1871
G1 X162.88 Y32.516 E0.02398
G1 X160.448 Y28.305 E0.14556
G1 X161.142 Y28.706 E0.02399
G1 X162.88 Y31.717 E0.10407
G1 X162.88 Y30.917 E0.02395
G1 X161.835 Y29.107 E0.06256
G1 X162.88 Y29.71 E0.03612
G0 F18000 X162.528 Y29.507
G1 F3600 X162.88 Y30.117 E0.02108
G0 F18000 X162.552 Y30.117
G0 X21.786 Y132.359
G0 X21.454 Y132.359
G1 F3600 X21.454 Y132.239 E0.00359
G1 X21.434 Y132.141 E0.00299
G1 X21.384 Y132.026 E0.00375
G1 X21.313 Y131.918 E0.00387
G1 X21.254 Y131.852 E0.00265
G1 X21.189 Y131.798 E0.00253
G1 X21.1 Y131.747 E0.00307
G1 X15.638 Y122.286 E0.32701
G1 X15.512 Y122.359 E0.00436
G1 X15.511 Y122.866 E0.01518
G1 X20.407 Y131.346 E0.29311
G1 X19.715 Y130.947 E0.02391
G1 X15.511 Y123.666 E0.25167
G1 X15.511 Y124.467 E0.02398
G1 X19.022 Y130.547 E0.21017
G1 X18.329 Y130.147 E0.02395
G1 X15.512 Y125.267 E0.16867
G1 X15.511 Y126.066 E0.02392
G1 X17.636 Y129.747 E0.12723
G1 X16.944 Y129.347 E0.02393
G1 X15.511 Y126.866 E0.08576
G1 X15.511 Y127.666 E0.02395
G1 X16.251 Y128.947 E0.04428
G1 X15.558 Y128.547 E0.02395
G1 X15.511 Y128.467 E0.00278
G0 F18000 X15.828 Y128.339
G0 X21.476 Y131.655
G0 X21.699 Y132.039
G0 X21.772 Y138.634
G0 X21.456 Y138.763
G1 F3600 X21.499 Y138.838 E0.00259
G1 X22.192 Y139.238 E0.02395
G1 X21.456 Y137.963 E0.04407
G1 X21.455 Y137.162 E0.02398
G1 X22.885 Y139.638 E0.08559
G1 X23.578 Y140.039 E0.02397
G1 X21.455 Y136.361 E0.12712
G1 X21.455 Y135.56 E0.02398
G1 X24.271 Y140.439 E0.16863
G1 X24.964 Y140.84 E0.02397
G1 X21.454 Y134.76 E0.21015
G1 X21.454 Y133.959 E0.02398
G1 X25.657 Y141.24 E0.25166
G1 X26.35 Y141.64 E0.02395
G1 X21.454 Y133.159 E0.29314
G1 X21.454 Y132.359 E0.02395
G1 X27.043 Y142.04 E0.33462
G1 X27.111 Y142.08 E0.00236
G1 X27.186 Y142.136 E0.0028
G1 X27.274 Y142.235 E0.00397
G1 X27.353 Y142.371 E0.00471
G1 X27.381 Y142.449 E0.00248
G1 X27.4 Y142.56 E0.00337
G1 X27.4 Y142.658 E0.00293
G0 F18000 X27.73 Y142.658
G0 X27.716 Y148.929
G0 X27.4 Y149.058
G1 F3600 X27.443 Y149.133 E0.00259
G1 X28.136 Y149.533 E0.02395
G1 X27.4 Y148.258 E0.04407
G1 X27.4 Y147.458 E0.02395
G1 X28.829 Y149.933 E0.08555
G1 X29.522 Y150.333 E0.02395
G1 X27.4 Y146.658 E0.12703
G1 X27.4 Y145.858 E0.02395
G1 X30.214 Y150.732 E0.16847
G1 X30.907 Y151.132 E0.02395
G1 X27.4 Y145.058 E0.20995
G1 X27.4 Y144.258 E0.02395
G1 X31.6 Y151.533 E0.25146
G1 X32.292 Y151.932 E0.02391
G1 X27.4 Y143.458 E0.2929
G1 X27.4 Y142.658 E0.02395
G1 X32.985 Y152.332 E0.33438
G1 X33.046 Y152.367 E0.00211
G1 X33.155 Y152.451 E0.00412
G1 X33.239 Y152.563 E0.00419
G1 X33.294 Y152.667 E0.00352
G1 X33.321 Y152.741 E0.00236
G1 X33.34 Y152.852 E0.00337
G1 X33.34 Y152.946 E0.00281
G0 F18000 X33.673 Y152.946
G0 X80.829 Y193.305
G0 X80.661 Y193.594
G1 F3600 X80.738 Y193.671 E0.00326
G1 X80.775 Y193.723 E0.00191
G1 X80.833 Y193.819 E0.00336
G1 X80.862 Y193.888 E0.00224
G1 X80.885 Y193.979 E0.00281
G1 X80.891 Y194.028 E0.00148
G1 X80.891 Y194.508 E0.01437
G1 X86.151 Y203.617 E0.31487
G1 X85.458 Y203.217 E0.02395
G1 X80.891 Y195.308 E0.27339
G1 X80.891 Y196.108 E0.02395
G1 X84.765 Y202.817 E0.2319
G1 X84.072 Y202.417 E0.02395
G1 X80.891 Y196.908 E0.19042
G1 X80.891 Y197.708 E0.02395
G1 X83.379 Y202.017 E0.14894
G1 X82.686 Y201.616 E0.02397
G1 X80.892 Y198.508 E0.10742
G1 X80.892 Y199.308 E0.02395
G1 X81.993 Y201.216 E0.06594
G1 X80.892 Y200.581 E0.03805
G0 F18000 X81.3 Y200.816
G1 F3600 X80.892 Y200.109 E0.02443
G0 F18000 X81.502 Y200.109
G1 F3000 E-3.5
G1 F1200 Z0.65
M82 ;absolute extrusion mode
M83 ; Relative Extruder mode
G1 E-5
G1 Z50
M83 ;relative extrusion mode
T2
M82 ;absolute extrusion mode
M83; Relative Extrusion Mode
M83 ;relative extrusion mode
M104 T0 S0
M106 S51
G1 F1800 E-3.5
;MESH:NONMESH
G0 F24000 X81.502 Y200.109 Z0.65
G1 F1800 E3.499
G1 F18000 Z0.65
;MESH:01_Prime_Conductor.STL
G0 F24000 X28.485 Y35.381
;TYPE:WALL-OUTER
G1 F18000 Z0.5
G1 F60 E0.26084
G1 F1116.3 X28.635 Y35.327 E0.00009
G1 X28.786 Y35.273 E0.00009
G1 X28.937 Y35.219 E0.00009
G1 X29.087 Y35.157 E0.00009
G1 X29.237 Y35.096 E0.00009
G1 X29.387 Y35.034 E0.00009
G1 X29.529 Y34.968 E0.00008
G1 X29.671 Y34.902 E0.00008
G1 X29.814 Y34.836 E0.00008
G1 X30.237 Y34.617 E0.00026
G1 X30.375 Y34.538 E0.00009
G1 X30.514 Y34.458 E0.00009
G1 X30.653 Y34.378 E0.00009
G1 F1111.1 X31.082 Y34.105 E0.00027
G1 X31.163 Y34.049 E0.00005
G1 X31.244 Y33.992 E0.00005
G1 F1106 X31.325 Y33.935 E0.00005
G1 X31.406 Y33.878 E0.00005
G1 X31.487 Y33.821 E0.00005
G1 X31.554 Y33.77 E0.00005
G1 X31.622 Y33.718 E0.00005
G1 X31.69 Y33.666 E0.00005
G1 F1111.1 X31.759 Y33.614 E0.00005
G1 X31.827 Y33.561 E0.00005
G1 F1116.3 X31.954 Y33.456 E0.00009
G1 X32.083 Y33.349 E0.00009
G1 X32.211 Y33.243 E0.00009
G1 X32.245 Y33.212 E0.00002
G1 X32.279 Y33.18 E0.00003
G1 F1111.1 X32.314 Y33.148 E0.00003
G1 X32.348 Y33.116 E0.00003
G1 X32.382 Y33.084 E0.00003
G1 F1106 X32.417 Y33.052 E0.00003
G1 X32.451 Y33.02 E0.00003
G1 F1100.9 X32.486 Y32.988 E0.00003
G1 X32.52 Y32.956 E0.00003
G1 X32.554 Y32.924 E0.00003
G1 X32.581 Y32.899 E0.00002
G1 F1106 X32.61 Y32.872 E0.00002
G1 F1111.1 X32.639 Y32.844 E0.00002
G1 X32.668 Y32.817 E0.00002
G1 F1116.3 X32.697 Y32.789 E0.00002
G1 F1121.5 X32.726 Y32.762 E0.00002
G1 X33.053 Y32.42 E0.00025
G1 F1126.8 X33.158 Y32.302 E0.00008
G1 X33.264 Y32.183 E0.00008
G1 X33.369 Y32.064 E0.00008
G1 F1132.1 X33.469 Y31.939 E0.00008
G1 X33.57 Y31.813 E0.00009
G1 X33.67 Y31.687 E0.00009
G1 X33.766 Y31.557 E0.00009
G1 X33.862 Y31.427 E0.00009
G1 X33.958 Y31.297 E0.00009
G1 F1126.8 X34.002 Y31.232 E0.00004
G1 F1121.5 X34.046 Y31.167 E0.00004
G1 X34.091 Y31.101 E0.00004
G1 X34.123 Y31.053 E0.00003
G1 F1126.8 X34.156 Y31.004 E0.00003
G1 X34.189 Y30.955 E0.00003
G1 F1132.1 X34.222 Y30.906 E0.00003
G1 X34.246 Y30.866 E0.00002
G1 F1126.8 X34.271 Y30.826 E0.00003
G1 F1121.5 X34.295 Y30.786 E0.00002
G1 X34.32 Y30.746 E0.00003
G1 F1116.3 X34.345 Y30.706 E0.00003
G1 X34.386 Y30.636 E0.00004
G1 X34.429 Y30.565 E0.00004
G1 F1121.5 X34.471 Y30.494 E0.00004
G1 F1126.8 X34.474 Y30.49 E0
G1 X34.503 Y30.439 E0.00003
G1 F1121.5 X34.532 Y30.387 E0.00003
G1 X34.561 Y30.336 E0.00003
G1 F1116.3 X34.59 Y30.284 E0.00003
G1 X34.617 Y30.234 E0.00003
G1 F1121.5 X34.644 Y30.184 E0.00003
G1 X34.671 Y30.134 E0.00003
G1 F1126.8 X34.698 Y30.084 E0.00003
G1 F1132.1 X34.741 Y29.997 E0.00005
G1 X34.784 Y29.909 E0.00005
G1 X34.827 Y29.821 E0.00005
G1 F1137.4 X34.871 Y29.733 E0.00005
G1 X34.914 Y29.645 E0.00005
G1 X34.953 Y29.558 E0.00005
G1 X34.992 Y29.471 E0.00005
G1 F1132.1 X35.031 Y29.384 E0.00005
G1 X35.07 Y29.297 E0.00005
G1 X35.108 Y29.211 E0.00005
G1 X35.142 Y29.126 E0.00005
G1 X35.176 Y29.039 E0.00005
G1 X35.21 Y28.953 E0.00005
G1 F1137.4 X35.244 Y28.866 E0.00005
G1 X35.278 Y28.779 E0.00005
G1 X35.331 Y28.626 E0.00009
G1 X35.383 Y28.475 E0.00008
G1 X35.435 Y28.323 E0.00008
G1 F1132.1 X35.458 Y28.245 E0.00004
G1 F1126.8 X35.482 Y28.166 E0.00004
G1 X35.506 Y28.087 E0.00004
G1 X35.527 Y28.011 E0.00004
G1 X35.549 Y27.935 E0.00004
G1 F1132.1 X35.571 Y27.859 E0.00004
G1 X35.573 Y27.852 E0
G1 X35.592 Y27.777 E0.00004
G1 F1126.8 X35.611 Y27.701 E0.00004
G1 X35.631 Y27.626 E0.00004
G1 X35.644 Y27.569 E0.00003
G1 F1132.1 X35.658 Y27.511 E0.00003
G1 X35.671 Y27.454 E0.00003
G1 F1137.4 X35.685 Y27.396 E0.00003
G1 F1142.9 X35.687 Y27.389 E0
G1 X35.7 Y27.325 E0.00003
G1 X35.713 Y27.26 E0.00003
G1 F1137.4 X35.727 Y27.195 E0.00003
G1 X35.74 Y27.131 E0.00003
G1 X35.753 Y27.066 E0.00003
G1 F1132.1 X35.767 Y27.001 E0.00004
G1 X35.78 Y26.937 E0.00003
G1 F1121.5 X35.782 Y26.922 E0.00001
G1 X35.796 Y26.829 E0.00005
G1 X35.81 Y26.735 E0.00005
G1 X35.825 Y26.641 E0.00005
G1 F1126.8 X35.839 Y26.547 E0.00005
G1 X35.854 Y26.453 E0.00005
G1 X35.871 Y26.299 E0.00008
G1 X35.889 Y26.144 E0.00008
G1 X35.907 Y25.989 E0.00008
G1 X35.91 Y25.929 E0.00003
G1 X35.914 Y25.868 E0.00003
G1 X35.918 Y25.807 E0.00003
G1 F1132.1 X35.922 Y25.746 E0.00003
G1 X35.925 Y25.685 E0.00003
G1 F1137.4 X35.929 Y25.624 E0.00003
G1 X35.933 Y25.563 E0.00003
G1 X35.937 Y25.503 E0.00003
G1 X35.938 Y25.494 E0
G1 X35.938 Y25.461 E0.00002
G1 F1132.1 X35.939 Y25.428 E0.00002
G1 F1126.8 X35.94 Y25.395 E0.00002
G1 F1121.5 X35.94 Y25.362 E0.00002
G1 X35.941 Y25.329 E0.00002
G1 F1116.3 X35.942 Y25.296 E0.00002
G1 F1111.1 X35.943 Y25.263 E0.00002
G1 X35.943 Y25.215 E0.00003
G1 X35.943 Y25.167 E0.00003
G1 X35.943 Y25.119 E0.00003
G1 F1116.3 X35.944 Y25.071 E0.00003
G1 X35.944 Y25.023 E0.00003
G1 F1121.5 X35.944 Y24.975 E0.00003
G1 X35.945 Y24.927 E0.00003
G1 X35.945 Y24.879 E0.00003
G1 F1126.8 X35.945 Y24.831 E0.00003
G1 X35.946 Y24.783 E0.00003
G1 X35.946 Y24.778 E0
G1 X35.945 Y24.732 E0.00002
G1 F1121.5 X35.944 Y24.686 E0.00002
G1 F1116.3 X35.943 Y24.64 E0.00002
G1 X35.942 Y24.594 E0.00002
G1 F1111.1 X35.94 Y24.548 E0.00002
G1 X35.939 Y24.508 E0.00002
G1 F1116.3 X35.937 Y24.468 E0.00002
G1 F1121.5 X35.936 Y24.428 E0.00002
G1 X35.934 Y24.388 E0.00002
G1 F1126.8 X35.933 Y24.348 E0.00002
G1 F1132.1 X35.931 Y24.308 E0.00002
G1 X35.93 Y24.3 E0
G1 F1126.8 X35.925 Y24.236 E0.00003
G1 F1121.5 X35.919 Y24.172 E0.00003
G1 F1116.3 X35.885 Y23.822 E0.00019
G1 X35.88 Y23.778 E0.00002
G1 F1111.1 X35.875 Y23.733 E0.00002
G1 F1106 X35.869 Y23.689 E0.00002
G1 X35.864 Y23.644 E0.00002
G1 F1100.9 X35.858 Y23.6 E0.00002
G1 X35.853 Y23.563 E0.00002
G1 X35.848 Y23.524 E0.00002
G1 F1106 X35.842 Y23.486 E0.00002
G1 X35.837 Y23.447 E0.00002
G1 X35.832 Y23.409 E0.00002
G1 F1111.1 X35.826 Y23.37 E0.00002
G1 X35.821 Y23.331 E0.00002
G1 F1116.3 X35.816 Y23.293 E0.00002
G1 X35.81 Y23.254 E0.00002
G1 X35.805 Y23.216 E0.00002
G1 F1121.5 X35.799 Y23.177 E0.00002
G1 X35.794 Y23.138 E0.00002
G1 F1126.8 X35.791 Y23.12 E0.00001
G1 X35.785 Y23.089 E0.00002
G1 X35.778 Y23.058 E0.00002
G1 F1121.5 X35.772 Y23.026 E0.00002
G1 X35.765 Y22.995 E0.00002
G1 X35.759 Y22.964 E0.00002
G1 F1116.3 X35.752 Y22.932 E0.00002
G1 X35.746 Y22.901 E0.00002
G1 F1111.1 X35.739 Y22.87 E0.00002
G1 X35.733 Y22.838 E0.00002
G1 X35.726 Y22.807 E0.00002
G1 F1106 X35.72 Y22.776 E0.00002
G1 X35.713 Y22.744 E0.00002
G1 F1100.9 X35.707 Y22.713 E0.00002
G1 X35.7 Y22.682 E0.00002
G1 X35.694 Y22.65 E0.00002
G1 X35.682 Y22.595 E0.00003
G1 F1106 X35.67 Y22.54 E0.00003
G1 X35.658 Y22.485 E0.00003
G1 F1111.1 X35.646 Y22.43 E0.00003
G1 X35.615 Y22.311 E0.00007
G1 X35.584 Y22.192 E0.00007
G1 X35.575 Y22.158 E0.00002
G1 F1116.3 X35.566 Y22.123 E0.00002
G1 F1121.5 X35.557 Y22.088 E0.00002
G1 X35.548 Y22.053 E0.00002
G1 F1126.8 X35.539 Y22.018 E0.00002
G1 F1132.1 X35.53 Y21.984 E0.00002
G1 F1126.8 X35.526 Y21.977 E0
G1 F1121.5 X35.515 Y21.94 E0.00002
G1 X35.503 Y21.903 E0.00002
G1 X35.491 Y21.866 E0.00002
G1 F1116.3 X35.479 Y21.829 E0.00002
G1 X35.468 Y21.791 E0.00002
G1 F1111.1 X35.456 Y21.754 E0.00002
G1 X35.444 Y21.717 E0.00002
G1 X35.432 Y21.68 E0.00002
G1 F1106 X35.421 Y21.643 E0.00002
G1 X35.409 Y21.605 E0.00002
G1 F1100.9 X35.397 Y21.568 E0.00002
G1 X35.385 Y21.531 E0.00002
G1 X35.374 Y21.494 E0.00002
G1 X35.357 Y21.444 E0.00003
G1 F1106 X35.33 Y21.367 E0.00004
G1 X35.302 Y21.29 E0.00004
G1 X35.274 Y21.213 E0.00004
G1 F1111.1 X35.247 Y21.136 E0.00004
G1 X35.219 Y21.058 E0.00004
G1 X35.158 Y20.909 E0.00009
G1 X35.097 Y20.761 E0.00009
G1 X35.036 Y20.613 E0.00009
G1 X34.969 Y20.471 E0.00008
G1 X34.903 Y20.33 E0.00008
G1 X34.837 Y20.188 E0.00008
G1 X34.619 Y19.763 E0.00026
G1 X34.377 Y19.344 E0.00026
G1 F1116.3 X34.327 Y19.264 E0.00005
G1 X34.277 Y19.183 E0.00005
G1 X34.227 Y19.103 E0.00005
G1 F1121.5 X34.177 Y19.022 E0.00005
G1 X34.126 Y18.942 E0.00005
G1 X34.035 Y18.81 E0.00009
G1 X33.943 Y18.677 E0.00009
G1 X33.85 Y18.544 E0.00009
G1 F1116.3 X33.753 Y18.418 E0.00009
G1 X33.655 Y18.291 E0.00009
G1 X33.557 Y18.165 E0.00009
G1 F1111.1 X33.25 Y17.797 E0.00026
G1 X33.142 Y17.679 E0.00009
G1 X33.034 Y17.561 E0.00009
G1 X32.926 Y17.443 E0.00009
G1 X32.885 Y17.4 E0.00003
G1 F1116.3 X32.844 Y17.356 E0.00003
G1 X32.803 Y17.313 E0.00003
G1 F1121.5 X32.762 Y17.269 E0.00003
G1 X32.648 Y17.161 E0.00008
G1 X32.532 Y17.052 E0.00008
G1 X32.416 Y16.943 E0.00008
G1 X32.344 Y16.878 E0.00005
G1 X32.271 Y16.813 E0.00005
G1 X32.198 Y16.747 E0.00005
G1 F1126.8 X32.125 Y16.682 E0.00005
G1 X32.052 Y16.617 E0.00005
G1 X31.981 Y16.56 E0.00005
G1 X31.909 Y16.503 E0.00005
G1 F1121.5 X31.837 Y16.445 E0.00005
G1 X31.765 Y16.388 E0.00005
G1 X31.693 Y16.33 E0.00005
G1 X31.664 Y16.309 E0.00002
G1 X31.634 Y16.287 E0.00002
G1 X31.604 Y16.265 E0.00002
G1 F1126.8 X31.574 Y16.243 E0.00002
G1 X31.545 Y16.221 E0.00002
G1 F1132.1 X31.515 Y16.199 E0.00002
G1 X31.485 Y16.177 E0.00002
G1 X31.455 Y16.155 E0.00002
G1 F1137.4 X31.426 Y16.133 E0.00002
G1 X31.396 Y16.111 E0.00002
G1 F1142.9 X31.366 Y16.089 E0.00002
G1 X31.336 Y16.067 E0.00002
G1 X31.307 Y16.045 E0.00002
G1 X31.296 Y16.038 E0.00001
G1 F1137.4 X31.26 Y16.014 E0.00002
G1 F1132.1 X31.224 Y15.989 E0.00002
G1 F1126.8 X31.188 Y15.964 E0.00002
G1 X31.151 Y15.939 E0.00002
G1 F1121.5 X31.115 Y15.915 E0.00002
G1 X31.009 Y15.845 E0.00007
G1 X30.905 Y15.777 E0.00007
G1 X30.802 Y15.713 E0.00006
G1 X30.699 Y15.648 E0.00007
G1 X30.65 Y15.618 E0.00003
G1 F1126.8 X30.6 Y15.588 E0.00003
G1 X30.551 Y15.558 E0.00003
G1 F1132.1 X30.501 Y15.528 E0.00003
G1 F1137.4 X30.491 Y15.521 E0.00001
G1 X30.458 Y15.503 E0.00002
G1 F1132.1 X30.425 Y15.485 E0.00002
G1 F1126.8 X30.391 Y15.467 E0.00002
G1 X30.358 Y15.449 E0.00002
G1 F1121.5 X30.325 Y15.431 E0.00002
G1 F1116.3 X30.291 Y15.412 E0.00002
G1 F1111.1 X30.076 Y15.296 E0.00013
G1 X29.977 Y15.245 E0.00006
G1 X29.878 Y15.194 E0.00006
G1 X29.841 Y15.176 E0.00002
G1 X29.803 Y15.158 E0.00002
G1 F1116.3 X29.765 Y15.139 E0.00002
G1 F1121.5 X29.727 Y15.121 E0.00002
G1 X29.689 Y15.102 E0.00002
G1 F1126.8 X29.652 Y15.084 E0.00002
G1 X29.597 Y15.06 E0.00003
G1 X29.541 Y15.035 E0.00003
G1 X29.485 Y15.01 E0.00003
G1 F1121.5 X29.43 Y14.985 E0.00003
G1 X29.374 Y14.961 E0.00003
G1 F1116.3 X29.318 Y14.936 E0.00003
G1 X29.262 Y14.911 E0.00003
G1 X29.207 Y14.886 E0.00003
G1 F1106 X29.146 Y14.862 E0.00004
G1 X29.129 Y14.857 E0.00001
G1 F1116.3 X29.095 Y14.843 E0.00002
G1 F1126.8 X29.016 Y14.813 E0.00004
G1 X28.937 Y14.782 E0.00005
G1 F1132.1 X28.858 Y14.752 E0.00004
G1 X28.778 Y14.721 E0.00005
G1 X28.335 Y14.567 E0.00025
G1 X28.294 Y14.555 E0.00002
G1 F1126.8 X28.253 Y14.543 E0.00002
G1 X28.212 Y14.53 E0.00002
G1 F1121.5 X28.171 Y14.518 E0.00002
G1 F1116.3 X28.13 Y14.505 E0.00002
G1 X28.088 Y14.493 E0.00002
G1 X28.011 Y14.471 E0.00004
G1 X27.935 Y14.45 E0.00004
G1 F1121.5 X27.859 Y14.428 E0.00004
G1 F1126.8 X27.853 Y14.426 E0
G1 X27.777 Y14.407 E0.00004
G1 F1121.5 X27.7 Y14.387 E0.00004
G1 X27.623 Y14.368 E0.00004
G1 X27.579 Y14.357 E0.00002
G1 F1126.8 X27.535 Y14.347 E0.00002
G1 X27.491 Y14.336 E0.00002
G1 F1132.1 X27.447 Y14.326 E0.00002
G1 F1137.4 X27.404 Y14.315 E0.00002
G1 X27.397 Y14.313 E0
G1 F1132.1 X27.34 Y14.302 E0.00003
G1 X27.282 Y14.29 E0.00003
G1 X27.224 Y14.279 E0.00003
G1 F1126.8 X27.166 Y14.267 E0.00003
G1 X27.108 Y14.255 E0.00003
G1 F1121.5 X27.05 Y14.244 E0.00003
G1 X26.992 Y14.232 E0.00003
G1 X26.934 Y14.221 E0.00003
G1 F1116.3 X26.458 Y14.146 E0.00026
G1 F1121.5 X26.302 Y14.128 E0.00008
G1 X26.146 Y14.109 E0.00008
G1 X25.99 Y14.091 E0.00008
G1 F1126.8 X25.927 Y14.087 E0.00003
G1 X25.864 Y14.083 E0.00003
G1 X25.801 Y14.079 E0.00003
G1 F1132.1 X25.738 Y14.075 E0.00003
G1 X25.675 Y14.071 E0.00003
G1 F1137.4 X25.612 Y14.067 E0.00003
G1 X25.549 Y14.063 E0.00003
G1 X25.487 Y14.059 E0.00003
G1 X25.452 Y14.058 E0.00002
G1 F1132.1 X25.414 Y14.057 E0.00002
G1 F1126.8 X25.376 Y14.056 E0.00002
G1 X25.338 Y14.055 E0.00002
G1 F1121.5 X25.3 Y14.054 E0.00002
G1 F1116.3 X25.262 Y14.053 E0.00002
G1 X25.203 Y14.053 E0.00003
G1 X25.144 Y14.053 E0.00003
G1 X25.085 Y14.052 E0.00003
G1 F1121.5 X25.026 Y14.052 E0.00003
G1 X24.967 Y14.052 E0.00003
G1 F1126.8 X24.908 Y14.051 E0.00003
G1 X24.849 Y14.051 E0.00003
G1 X24.79 Y14.05 E0.00003
G1 X24.784 Y14.05 E0
G1 X24.745 Y14.051 E0.00002
G1 F1121.5 X24.706 Y14.052 E0.00002
G1 F1116.3 X24.667 Y14.053 E0.00002
G1 X24.628 Y14.054 E0.00002
G1 F1111.1 X24.589 Y14.055 E0.00002
G1 F1106 X24.55 Y14.056 E0.00002
G1 X24.501 Y14.059 E0.00003
G1 F1111.1 X24.453 Y14.061 E0.00003
G1 X24.405 Y14.064 E0.00003
G1 F1116.3 X24.357 Y14.066 E0.00003
G1 F1121.5 X24.309 Y14.068 E0.00003
G1 X24.302 Y14.069 E0
G1 F1116.3 X24.237 Y14.074 E0.00003
G1 F1111.1 X24.172 Y14.08 E0.00004
G1 X24.118 Y14.084 E0.00003
G1 X24.062 Y14.089 E0.00003
G1 F1116.3 X24.006 Y14.094 E0.00003
G1 X23.95 Y14.099 E0.00003
G1 F1121.5 X23.894 Y14.104 E0.00003
G1 X23.838 Y14.108 E0.00003
G1 X23.829 Y14.11 E0
G1 X23.783 Y14.116 E0.00002
G1 F1116.3 X23.736 Y14.122 E0.00003
G1 F1111.1 X23.69 Y14.128 E0.00002
G1 X23.643 Y14.134 E0.00003
G1 F1106 X23.597 Y14.14 E0.00003
G1 X23.505 Y14.153 E0.00005
G1 X23.412 Y14.166 E0.00005
G1 X23.319 Y14.179 E0.00005
G1 F1111.1 X23.226 Y14.192 E0.00005
G1 X23.133 Y14.205 E0.00005
G1 F1116.3 X22.955 Y14.242 E0.0001
G1 X22.777 Y14.279 E0.0001
G1 X22.599 Y14.316 E0.0001
G1 X22.42 Y14.354 E0.0001
G1 X22.376 Y14.365 E0.00002
G1 F1111.1 X22.332 Y14.377 E0.00002
G1 F1106 X22.287 Y14.389 E0.00003
G1 X22.243 Y14.401 E0.00002
G1 F1100.9 X22.198 Y14.413 E0.00003
G1 X22.169 Y14.421 E0.00002
G1 F1106 X22.139 Y14.429 E0.00002
G1 X22.109 Y14.437 E0.00002
G1 F1111.1 X22.079 Y14.446 E0.00002
G1 F1116.3 X22.049 Y14.454 E0.00002
G1 F1121.5 X22.019 Y14.462 E0.00002
G1 X21.989 Y14.47 E0.00002
G1 F1126.8 X21.96 Y14.479 E0.00002
G1 X21.954 Y14.48 E0
G1 F1121.5 X21.864 Y14.507 E0.00005
G1 X21.773 Y14.535 E0.00005
G1 F1116.3 X21.682 Y14.563 E0.00005
G1 X21.591 Y14.591 E0.00005
G1 X21.501 Y14.619 E0.00005
G1 F1111.1 X21.355 Y14.672 E0.00008
G1 X21.207 Y14.725 E0.00008
G1 X21.059 Y14.779 E0.00008
G1 X20.97 Y14.816 E0.00005
G1 X20.88 Y14.853 E0.00005
G1 X20.791 Y14.89 E0.00005
G1 F1116.3 X20.701 Y14.927 E0.00005
G1 X20.611 Y14.965 E0.00005
G1 X20.469 Y15.03 E0.00008
G1 X20.329 Y15.094 E0.00008
G1 X20.189 Y15.159 E0.00008
G1 F1111.1 X20.047 Y15.232 E0.00009
G1 X19.905 Y15.305 E0.00009
G1 X19.763 Y15.378 E0.00009
G1 F1106 X19.626 Y15.457 E0.00009
G1 X19.488 Y15.536 E0.00009
G1 X19.35 Y15.615 E0.00009
G1 X19.299 Y15.648 E0.00003
G1 X19.248 Y15.68 E0.00003
G1 X19.198 Y15.712 E0.00003
G1 F1111.1 X19.147 Y15.744 E0.00003
G1 X19.096 Y15.776 E0.00003
G1 F1116.3 X19.046 Y15.808 E0.00003
G1 X18.995 Y15.84 E0.00003
G1 X18.944 Y15.872 E0.00003
G1 X18.862 Y15.929 E0.00005
G1 X18.781 Y15.985 E0.00005
G1 F1111.1 X18.7 Y16.041 E0.00005
G1 X18.62 Y16.097 E0.00005
G1 X18.539 Y16.152 E0.00005
G1 X18.414 Y16.248 E0.00008
G1 X18.29 Y16.343 E0.00008
G1 X18.166 Y16.438 E0.00008
G1 F1116.3 X18.041 Y16.543 E0.00009
G1 X17.915 Y16.648 E0.00009
G1 X17.79 Y16.753 E0.00009
G1 X17.721 Y16.817 E0.00005
G1 X17.651 Y16.881 E0.00005
G1 F1111.1 X17.581 Y16.945 E0.00005
G1 X17.511 Y17.01 E0.00005
G1 X17.441 Y17.074 E0.00005
G1 X17.414 Y17.099 E0.00002
G1 F1116.3 X17.385 Y17.126 E0.00002
G1 F1121.5 X17.357 Y17.153 E0.00002
G1 X17.328 Y17.179 E0.00002
G1 F1126.8 X17.3 Y17.206 E0.00002
G1 F1132.1 X17.271 Y17.233 E0.00002
G1 X17.262 Y17.242 E0.00001
G1 X17.229 Y17.276 E0.00003
G1 F1126.8 X17.196 Y17.311 E0.00003
G1 X17.163 Y17.346 E0.00003
G1 F1121.5 X17.13 Y17.38 E0.00003
G1 F1116.3 X17.097 Y17.415 E0.00003
G1 X17.063 Y17.45 E0.00003
G1 X17.005 Y17.513 E0.00005
G1 F1121.5 X16.946 Y17.577 E0.00005
G1 X16.839 Y17.698 E0.00009
G1 X16.731 Y17.819 E0.00009
G1 X16.623 Y17.94 E0.00009
G1 X16.565 Y18.012 E0.00005
G1 X16.507 Y18.084 E0.00005
G1 X16.448 Y18.157 E0.00005
G1 F1126.8 X16.39 Y18.229 E0.00005
G1 X16.331 Y18.302 E0.00005
G1 F1132.1 X16.294 Y18.352 E0.00003
G1 X16.258 Y18.401 E0.00003
G1 X16.222 Y18.45 E0.00003
G1 F1137.4 X16.186 Y18.499 E0.00003
G1 X16.15 Y18.548 E0.00003
G1 F1142.9 X16.113 Y18.597 E0.00003
G1 X16.077 Y18.647 E0.00003
G1 X16.041 Y18.696 E0.00003
G1 X16.038 Y18.7 E0
G1 F1137.4 X16.017 Y18.732 E0.00002
G1 F1132.1 X15.995 Y18.764 E0.00002
G1 F1126.8 X15.973 Y18.797 E0.00002
G1 X15.951 Y18.829 E0.00002
G1 F1121.5 X15.929 Y18.861 E0.00002
G1 F1116.3 X15.907 Y18.894 E0.00002
G1 X15.864 Y18.96 E0.00004
G1 X15.821 Y19.025 E0.00004
G1 F1121.5 X15.778 Y19.09 E0.00004
G1 F1126.8 X15.692 Y19.23 E0.00009
G1 X15.607 Y19.369 E0.00009
G1 X15.522 Y19.508 E0.00009
G1 X15.5 Y19.549 E0.00002
G1 F1121.5 X15.477 Y19.59 E0.00003
G1 F1116.3 X15.454 Y19.631 E0.00003
G1 X15.431 Y19.672 E0.00003
G1 F1111.1 X15.408 Y19.713 E0.00003
G1 X15.371 Y19.781 E0.00004
G1 X15.334 Y19.85 E0.00004
G1 F1116.3 X15.297 Y19.919 E0.00004
G1 X15.294 Y19.924 E0
G1 X15.259 Y19.994 E0.00004
G1 F1111.1 X15.223 Y20.064 E0.00004
G1 X15.187 Y20.134 E0.00004
G1 X15.168 Y20.174 E0.00002
G1 F1116.3 X15.148 Y20.214 E0.00002
G1 X15.128 Y20.255 E0.00002
G1 F1121.5 X15.108 Y20.295 E0.00002
G1 F1126.8 X15.088 Y20.336 E0.00002
G1 X15.062 Y20.393 E0.00003
G1 X15.037 Y20.45 E0.00003
G1 X15.012 Y20.507 E0.00003
G1 F1121.5 X14.987 Y20.563 E0.00003
G1 X14.961 Y20.62 E0.00003
G1 F1116.3 X14.936 Y20.677 E0.00003
G1 X14.911 Y20.733 E0.00003
G1 X14.886 Y20.79 E0.00003
G1 F1106 X14.862 Y20.85 E0.00003
G1 X14.853 Y20.876 E0.00001
G1 F1116.3 X14.843 Y20.902 E0.00001
G1 F1121.5 X14.718 Y21.225 E0.00018
G1 X14.564 Y21.673 E0.00025
G1 X14.541 Y21.751 E0.00004
G1 F1116.3 X14.517 Y21.83 E0.00004
G1 X14.493 Y21.909 E0.00004
G1 X14.472 Y21.985 E0.00004
G1 X14.45 Y22.061 E0.00004
G1 F1121.5 X14.428 Y22.137 E0.00004
G1 F1126.8 X14.426 Y22.143 E0
G1 X14.407 Y22.219 E0.00004
G1 F1121.5 X14.387 Y22.296 E0.00004
G1 X14.367 Y22.373 E0.00004
G1 X14.357 Y22.418 E0.00002
G1 F1126.8 X14.346 Y22.464 E0.00003
G1 X14.335 Y22.51 E0.00003
G1 F1132.1 X14.324 Y22.556 E0.00003
G1 F1137.4 X14.313 Y22.602 E0.00002
G1 X14.31 Y22.612 E0.00001
G1 X14.302 Y22.657 E0.00002
G1 X14.293 Y22.702 E0.00002
G1 F1132.1 X14.284 Y22.747 E0.00002
G1 X14.275 Y22.792 E0.00002
G1 X14.266 Y22.837 E0.00002
G1 F1126.8 X14.257 Y22.882 E0.00002
G1 X14.248 Y22.927 E0.00002
G1 F1121.5 X14.239 Y22.972 E0.00002
G1 X14.23 Y23.017 E0.00002
G1 X14.221 Y23.063 E0.00003
G1 F1116.3 X14.155 Y23.465 E0.00022
G1 F1121.5 X14.144 Y23.541 E0.00004
G1 F1126.8 X14.126 Y23.694 E0.00008
G1 X14.108 Y23.847 E0.00008
G1 X14.089 Y24 E0.00008
G1 X14.086 Y24.061 E0.00003
G1 X14.082 Y24.123 E0.00003
G1 X14.078 Y24.185 E0.00003
G1 F1132.1 X14.075 Y24.247 E0.00003
G1 X14.071 Y24.309 E0.00003
G1 F1137.4 X14.067 Y24.371 E0.00003
G1 X14.063 Y24.433 E0.00003
G1 X14.06 Y24.495 E0.00003
G1 X14.058 Y24.587 E0.00005
G1 X14.057 Y24.677 E0.00005
G1 X14.056 Y24.767 E0.00005
G1 X14.055 Y24.857 E0.00005
G1 F1132.1 X14.054 Y24.947 E0.00005
G1 X14.053 Y25.037 E0.00005
G1 X14.052 Y25.127 E0.00005
G1 X14.051 Y25.217 E0.00005
G1 F1126.8 X14.051 Y25.266 E0.00003
G1 F1121.5 X14.053 Y25.312 E0.00002
G1 F1116.3 X14.054 Y25.358 E0.00002
G1 X14.056 Y25.404 E0.00002
G1 F1111.1 X14.057 Y25.45 E0.00002
G1 X14.061 Y25.53 E0.00004
G1 X14.065 Y25.609 E0.00004
G1 F1116.3 X14.069 Y25.688 E0.00004
G1 X14.074 Y25.757 E0.00004
G1 F1111.1 X14.08 Y25.827 E0.00004
G1 X14.085 Y25.893 E0.00004
G1 X14.091 Y25.96 E0.00004
G1 F1116.3 X14.097 Y26.027 E0.00004
G1 F1121.5 X14.103 Y26.094 E0.00004
G1 X14.109 Y26.16 E0.00004
G1 X14.133 Y26.335 E0.00009
G1 X14.157 Y26.511 E0.00009
G1 X14.181 Y26.687 E0.00009
G1 X14.206 Y26.863 E0.00009
G1 F1116.3 X14.354 Y27.576 E0.00039
G1 X14.373 Y27.65 E0.00004
G1 F1111.1 X14.393 Y27.724 E0.00004
G1 X14.413 Y27.799 E0.00004
G1 X14.429 Y27.858 E0.00003
G1 F1116.3 X14.445 Y27.918 E0.00003
G1 X14.462 Y27.978 E0.00003
G1 F1121.5 X14.478 Y28.037 E0.00003
G1 X14.48 Y28.042 E0
G1 X14.507 Y28.13 E0.00005
G1 X14.534 Y28.219 E0.00005
G1 F1116.3 X14.561 Y28.308 E0.00005
G1 X14.588 Y28.397 E0.00005
G1 X14.615 Y28.486 E0.00005
G1 F1111.1 X14.669 Y28.635 E0.00009
G1 X14.724 Y28.785 E0.00009
G1 X14.779 Y28.936 E0.00009
G1 X14.841 Y29.086 E0.00009
G1 X14.902 Y29.235 E0.00009
G1 X14.964 Y29.384 E0.00009
G1 F1116.3 X15.028 Y29.527 E0.00008
G1 X15.093 Y29.67 E0.00008
G1 X15.158 Y29.813 E0.00008
G1 X15.232 Y29.955 E0.00009
G1 X15.305 Y30.097 E0.00009
G1 X15.379 Y30.239 E0.00009
G1 X15.458 Y30.376 E0.00008
G1 X15.538 Y30.514 E0.00009
G1 X15.617 Y30.652 E0.00009
G1 X15.704 Y30.788 E0.00009
G1 X15.791 Y30.924 E0.00009
G1 X15.877 Y31.06 E0.00009
G1 F1111.1 X16.15 Y31.452 E0.00026
G1 F1116.3 X16.244 Y31.576 E0.00008
G1 X16.339 Y31.7 E0.00008
G1 X16.434 Y31.824 E0.00008
G1 X16.54 Y31.951 E0.00009
G1 X16.646 Y32.078 E0.00009
G1 X16.751 Y32.205 E0.00009
G1 F1111.1 X16.855 Y32.319 E0.00008
G1 X16.959 Y32.434 E0.00008
G1 X17.063 Y32.549 E0.00008
G1 X17.105 Y32.591 E0.00003
G1 X17.147 Y32.633 E0.00003
G1 X17.188 Y32.675 E0.00003
G1 F1116.3 X17.23 Y32.717 E0.00003
G1 X17.271 Y32.759 E0.00003
G1 F1121.5 X17.313 Y32.801 E0.00003
G1 X17.354 Y32.843 E0.00003
G1 X17.396 Y32.885 E0.00003
G1 F1126.8 X17.519 Y32.997 E0.00009
G1 X17.642 Y33.109 E0.00009
G1 X17.765 Y33.22 E0.00009
G1 X17.8 Y33.25 E0.00002
G1 F1121.5 X17.835 Y33.28 E0.00002
G1 F1116.3 X17.87 Y33.31 E0.00002
G1 X17.905 Y33.34 E0.00002
G1 F1111.1 X17.94 Y33.37 E0.00002
G1 F1106 X18.302 Y33.661 E0.00025
G1 F1111.1 X18.335 Y33.686 E0.00002
G1 X18.368 Y33.711 E0.00002
G1 F1116.3 X18.402 Y33.736 E0.00002
G1 F1121.5 X18.435 Y33.762 E0.00002
G1 X18.469 Y33.787 E0.00002
G1 F1126.8 X18.502 Y33.812 E0.00002
G1 X18.894 Y34.094 E0.00026
G1 X19.288 Y34.346 E0.00025
G1 F1132.1 X19.37 Y34.393 E0.00005
G1 X19.452 Y34.44 E0.00005
G1 X19.534 Y34.488 E0.00005
G1 F1137.4 X19.617 Y34.535 E0.00005
G1 X19.699 Y34.583 E0.00005
G1 X19.708 Y34.588 E0.00001
G1 F1132.1 X19.738 Y34.604 E0.00002
G1 F1126.8 X19.769 Y34.62 E0.00002
G1 X19.8 Y34.636 E0.00002
G1 F1121.5 X19.831 Y34.652 E0.00002
G1 F1116.3 X19.862 Y34.669 E0.00002
G1 X19.893 Y34.685 E0.00002
G1 F1111.1 X19.924 Y34.701 E0.00002
G1 X20.007 Y34.743 E0.00005
G1 X20.09 Y34.785 E0.00005
G1 X20.173 Y34.827 E0.00005
G1 F1116.3 X20.256 Y34.869 E0.00005
G1 X20.339 Y34.911 E0.00005
G1 F1121.5 X20.489 Y34.978 E0.00009
G1 X20.64 Y35.045 E0.00009
G1 X20.791 Y35.113 E0.00009
G1 F1126.8 X20.877 Y35.146 E0.00005
G1 X20.964 Y35.18 E0.00005
G1 X21.051 Y35.213 E0.00005
G1 F1132.1 X21.138 Y35.247 E0.00005
G1 X21.224 Y35.28 E0.00005
G1 X21.229 Y35.282 E0
G1 X21.284 Y35.301 E0.00003
G1 F1126.8 X21.34 Y35.32 E0.00003
G1 X21.396 Y35.339 E0.00003
G1 F1121.5 X21.451 Y35.359 E0.00003
G1 X21.521 Y35.382 E0.00004
G1 X21.591 Y35.406 E0.00004
G1 F1126.8 X21.661 Y35.429 E0.00004
G1 X21.785 Y35.467 E0.00007
G1 X21.909 Y35.505 E0.00007
G1 X21.984 Y35.527 E0.00004
G1 X22.06 Y35.549 E0.00004
G1 F1132.1 X22.136 Y35.571 E0.00004
G1 X22.602 Y35.683 E0.00025
G1 X22.693 Y35.702 E0.00005
G1 X22.785 Y35.721 E0.00005
G1 F1126.8 X22.877 Y35.741 E0.00005
G1 X22.969 Y35.76 E0.00005
G1 X23.061 Y35.78 E0.00005
G1 X23.157 Y35.794 E0.00005
G1 X23.254 Y35.809 E0.00005
G1 X23.351 Y35.824 E0.00005
G1 F1132.1 X23.448 Y35.839 E0.00005
G1 X23.545 Y35.854 E0.00005
G1 X23.637 Y35.864 E0.00005
G1 X23.729 Y35.875 E0.00005
G1 F1126.8 X23.822 Y35.885 E0.00005
G1 X23.914 Y35.896 E0.00005
G1 X24.007 Y35.907 E0.00005
G1 X24.067 Y35.91 E0.00003
G1 X24.128 Y35.914 E0.00003
G1 X24.189 Y35.918 E0.00003
G1 F1132.1 X24.25 Y35.921 E0.00003
G1 X24.311 Y35.925 E0.00003
G1 F1137.4 X24.372 Y35.929 E0.00003
G1 X24.433 Y35.933 E0.00003
G1 X24.494 Y35.936 E0.00003
G1 X24.506 Y35.938 E0.00001
G1 X24.538 Y35.938 E0.00002
G1 F1132.1 X24.57 Y35.939 E0.00002
G1 F1126.8 X24.602 Y35.94 E0.00002
G1 F1121.5 X24.634 Y35.94 E0.00002
G1 X24.666 Y35.941 E0.00002
G1 F1116.3 X24.698 Y35.942 E0.00002
G1 F1111.1 X24.73 Y35.942 E0.00002
G1 X24.78 Y35.943 E0.00003
G1 X24.827 Y35.943 E0.00003
G1 X24.874 Y35.943 E0.00003
G1 F1116.3 X24.921 Y35.944 E0.00003
G1 X24.968 Y35.944 E0.00003
G1 F1121.5 X25.015 Y35.944 E0.00003
G1 X25.062 Y35.945 E0.00003
G1 X25.109 Y35.945 E0.00003
G1 F1126.8 X25.156 Y35.945 E0.00002
G1 X25.203 Y35.946 E0.00002
G1 X25.686 Y35.93 E0.00026
G1 X25.755 Y35.925 E0.00004
G1 F1121.5 X25.824 Y35.919 E0.00004
G1 X25.907 Y35.912 E0.00004
G1 X25.991 Y35.905 E0.00004
G1 F1126.8 X26.075 Y35.898 E0.00004
G1 X26.159 Y35.89 E0.00004
G1 X26.168 Y35.889 E0
G1 X26.2 Y35.885 E0.00002
G1 F1121.5 X26.233 Y35.881 E0.00002
G1 F1116.3 X26.266 Y35.876 E0.00002
G1 F1111.1 X26.298 Y35.872 E0.00002
G1 X26.331 Y35.867 E0.00002
G1 F1106 X26.364 Y35.863 E0.00002
G1 F1100.9 X26.396 Y35.858 E0.00002
G1 X26.442 Y35.852 E0.00003
G1 X26.489 Y35.845 E0.00003
G1 X26.537 Y35.838 E0.00003
G1 F1106 X26.584 Y35.831 E0.00003
G1 X26.632 Y35.824 E0.00003
G1 F1111.1 X26.679 Y35.817 E0.00003
G1 X26.727 Y35.81 E0.00003
G1 X26.774 Y35.804 E0.00003
G1 F1116.3 X26.822 Y35.797 E0.00003
G1 X26.869 Y35.79 E0.00003
G1 X27.572 Y35.642 E0.00039
G1 X27.647 Y35.623 E0.00004
G1 F1111.1 X27.722 Y35.603 E0.00004
G1 X27.798 Y35.584 E0.00004
G1 X27.857 Y35.567 E0.00003
G1 F1116.3 X27.916 Y35.551 E0.00003
G1 X27.975 Y35.535 E0.00003
G1 F1121.5 X28.034 Y35.519 E0.00003
G1 X28.042 Y35.516 E0
G1 X28.13 Y35.489 E0.00005
G1 X28.219 Y35.462 E0.00005
G1 F1116.3 X28.308 Y35.435 E0.00005
G1 X28.397 Y35.408 E0.00005
G1 X28.486 Y35.381 E0.00005
G0 F24000 X28.294 Y35.439
G0 X28.512 Y35.473
G1 F1116.3 X28.423 Y35.499 E0.00005
G1 X28.334 Y35.526 E0.00005
G1 X28.245 Y35.553 E0.00005
G1 F1121.5 X28.156 Y35.579 E0.00005
G1 X28.067 Y35.606 E0.00005
G1 X28.06 Y35.608 E0
G1 X28.001 Y35.625 E0.00003
G1 F1116.3 X27.942 Y35.642 E0.00003
G1 X27.882 Y35.66 E0.00003
G1 F1111.1 X27.823 Y35.677 E0.00003
G1 X27.748 Y35.696 E0.00004
G1 X27.671 Y35.715 E0.00004
G1 F1116.3 X27.595 Y35.734 E0.00004
G1 X26.878 Y35.884 E0.00039
G1 X26.831 Y35.891 E0.00003
G1 X26.784 Y35.898 E0.00003
G1 F1111.1 X26.736 Y35.905 E0.00003
G1 X26.689 Y35.913 E0.00003
G1 X26.641 Y35.92 E0.00003
G1 F1106 X26.594 Y35.927 E0.00003
G1 X26.546 Y35.934 E0.00003
G1 F1100.9 X26.499 Y35.942 E0.00003
G1 X26.451 Y35.949 E0.00003
G1 X26.404 Y35.956 E0.00003
G1 X26.376 Y35.959 E0.00002
G1 F1106 X26.343 Y35.963 E0.00002
G1 F1111.1 X26.31 Y35.966 E0.00002
G1 X26.277 Y35.97 E0.00002
G1 F1116.3 X26.244 Y35.973 E0.00002
G1 F1121.5 X26.211 Y35.977 E0.00002
G1 F1126.8 X26.178 Y35.981 E0.00002
G1 X26.166 Y35.982 E0.00001
G1 X26.083 Y35.989 E0.00004
G1 X25.999 Y35.997 E0.00004
G1 F1121.5 X25.915 Y36.005 E0.00005
G1 X25.831 Y36.013 E0.00005
G1 X25.76 Y36.018 E0.00004
G1 F1126.8 X25.689 Y36.023 E0.00004
G1 X25.202 Y36.04 E0.00026
G1 X25.155 Y36.04 E0.00002
G1 X25.108 Y36.04 E0.00002
G1 F1121.5 X25.061 Y36.04 E0.00003
G1 X25.014 Y36.04 E0.00003
G1 X24.967 Y36.04 E0.00003
G1 F1116.3 X24.92 Y36.04 E0.00003
G1 X24.873 Y36.04 E0.00003
G1 F1111.1 X24.826 Y36.04 E0.00003
G1 X24.779 Y36.04 E0.00003
G1 X24.732 Y36.04 E0.00003
G1 X24.7 Y36.039 E0.00002
G1 F1116.3 X24.667 Y36.038 E0.00002
G1 F1121.5 X24.634 Y36.036 E0.00002
G1 X24.601 Y36.035 E0.00002
G1 F1126.8 X24.568 Y36.033 E0.00002
G1 F1132.1 X24.535 Y36.032 E0.00002
G1 F1137.4 X24.502 Y36.03 E0.00002
G1 X24.492 Y36.029 E0.00001
G1 X24.431 Y36.026 E0.00003
G1 X24.369 Y36.022 E0.00003
G1 X24.307 Y36.019 E0.00003
G1 F1132.1 X24.245 Y36.015 E0.00003
G1 X24.183 Y36.012 E0.00003
G1 F1126.8 X24.121 Y36.008 E0.00003
G1 X24.059 Y36.005 E0.00003
G1 X23.998 Y36.001 E0.00003
G1 X23.908 Y35.991 E0.00005
G1 X23.816 Y35.98 E0.00005
G1 X23.723 Y35.969 E0.00005
G1 F1132.1 X23.631 Y35.958 E0.00005
G1 X23.538 Y35.947 E0.00005
G1 X23.377 Y35.922 E0.00009
G1 X23.217 Y35.898 E0.00009
G1 X23.057 Y35.873 E0.00009
G1 X22.9 Y35.84 E0.00008
G1 X22.743 Y35.806 E0.00008
G1 X22.585 Y35.773 E0.00009
G1 F1137.4 X22.431 Y35.736 E0.00008
G1 X22.277 Y35.699 E0.00008
G1 X22.123 Y35.662 E0.00008
G1 X22.042 Y35.639 E0.00004
G1 X21.96 Y35.615 E0.00004
G1 X21.879 Y35.591 E0.00004
G1 F1132.1 X21.797 Y35.567 E0.00005
G1 X21.716 Y35.543 E0.00004
G1 X21.634 Y35.519 E0.00005
G1 F1126.8 X21.563 Y35.496 E0.00004
G1 F1121.5 X21.493 Y35.473 E0.00004
G1 X21.422 Y35.45 E0.00004
G1 X21.364 Y35.428 E0.00003
G1 F1126.8 X21.307 Y35.407 E0.00003
G1 X21.25 Y35.386 E0.00003
G1 F1132.1 X21.192 Y35.365 E0.00003
G1 X21.135 Y35.343 E0.00003
G1 X21.079 Y35.322 E0.00003
G1 X21.023 Y35.301 E0.00003
G1 F1126.8 X20.967 Y35.279 E0.00003
G1 X20.911 Y35.258 E0.00003
G1 F1121.5 X20.855 Y35.237 E0.00003
G1 X20.799 Y35.215 E0.00003
G1 X20.742 Y35.194 E0.00003
G1 F1116.3 X20.298 Y34.996 E0.00026
G1 X20.215 Y34.955 E0.00005
G1 X20.132 Y34.913 E0.00005
G1 F1111.1 X20.049 Y34.871 E0.00005
G1 X19.966 Y34.83 E0.00005
G1 X19.882 Y34.788 E0.00005
G1 X19.851 Y34.771 E0.00002
G1 F1116.3 X19.82 Y34.754 E0.00002
G1 X19.79 Y34.737 E0.00002
G1 F1121.5 X19.759 Y34.72 E0.00002
G1 F1126.8 X19.729 Y34.703 E0.00002
G1 X19.698 Y34.686 E0.00002
G1 F1132.1 X19.667 Y34.669 E0.00002
G1 F1137.4 X19.655 Y34.663 E0.00001
G1 X19.598 Y34.631 E0.00003
G1 X19.541 Y34.598 E0.00003
G1 F1132.1 X19.484 Y34.565 E0.00003
G1 X19.426 Y34.532 E0.00004
G1 X19.369 Y34.499 E0.00003
G1 F1126.8 X19.312 Y34.466 E0.00003
G1 X19.254 Y34.433 E0.00004
G1 X19.119 Y34.347 E0.00009
G1 X18.984 Y34.261 E0.00009
G1 X18.849 Y34.175 E0.00009
G1 X18.447 Y33.887 E0.00026
G1 X18.414 Y33.863 E0.00002
G1 F1121.5 X18.38 Y33.838 E0.00002
G1 X18.346 Y33.813 E0.00002
G1 F1116.3 X18.312 Y33.788 E0.00002
G1 F1111.1 X18.278 Y33.763 E0.00002
G1 X18.244 Y33.738 E0.00002
G1 X18.184 Y33.691 E0.00004
G1 X18.124 Y33.643 E0.00004
G1 F1116.3 X18.063 Y33.595 E0.00004
G1 F1121.5 X17.992 Y33.535 E0.00005
G1 X17.92 Y33.474 E0.00005
G1 X17.849 Y33.413 E0.00005
G1 F1126.8 X17.777 Y33.352 E0.00005
G1 X17.705 Y33.291 E0.00005
G1 X17.598 Y33.195 E0.00008
G1 X17.492 Y33.099 E0.00008
G1 X17.386 Y33.003 E0.00008
G1 F1121.5 X17.331 Y32.951 E0.00004
G1 X17.266 Y32.886 E0.00005
G1 X17.2 Y32.82 E0.00005
G1 F1116.3 X17.134 Y32.755 E0.00005
G1 X17.068 Y32.689 E0.00005
G1 X17.002 Y32.624 E0.00005
G1 F1111.1 X16.681 Y32.268 E0.00026
G1 F1116.3 X16.619 Y32.193 E0.00005
G1 X16.556 Y32.118 E0.00005
G1 X16.494 Y32.042 E0.00005
G1 F1121.5 X16.431 Y31.967 E0.00005
G1 X16.368 Y31.891 E0.00005
G1 X16.315 Y31.822 E0.00005
G1 X16.261 Y31.752 E0.00005
G1 F1116.3 X16.207 Y31.683 E0.00005
G1 X16.153 Y31.613 E0.00005
G1 X16.099 Y31.544 E0.00005
G1 F1111.1 X15.799 Y31.114 E0.00028
G1 X15.546 Y30.717 E0.00025
G1 X15.3 Y30.291 E0.00027
G1 X15.079 Y29.864 E0.00026
G1 X14.88 Y29.428 E0.00026
G1 X14.817 Y29.278 E0.00009
G1 X14.754 Y29.128 E0.00009
G1 X14.691 Y28.977 E0.00009
G1 X14.635 Y28.822 E0.00009
G1 X14.579 Y28.667 E0.00009
G1 X14.523 Y28.512 E0.00009
G1 F1116.3 X14.497 Y28.423 E0.00005
G1 X14.47 Y28.334 E0.00005
G1 X14.443 Y28.245 E0.00005
G1 F1121.5 X14.417 Y28.156 E0.00005
G1 X14.39 Y28.067 E0.00005
G1 X14.388 Y28.061 E0
G1 X14.371 Y28.002 E0.00003
G1 F1116.3 X14.354 Y27.943 E0.00003
G1 X14.337 Y27.883 E0.00003
G1 F1111.1 X14.319 Y27.824 E0.00003
G1 X14.301 Y27.75 E0.00004
G1 X14.282 Y27.675 E0.00004
G1 F1116.3 X14.263 Y27.6 E0.00004
G1 X14.26 Y27.587 E0.00001
G1 X14.25 Y27.542 E0.00002
G1 F1111.1 X14.239 Y27.496 E0.00003
G1 F1106 X14.228 Y27.45 E0.00003
G1 X14.217 Y27.404 E0.00003
G1 F1100.9 X14.206 Y27.359 E0.00003
G1 X14.195 Y27.302 E0.00003
G1 X14.184 Y27.243 E0.00003
G1 X14.172 Y27.184 E0.00003
G1 F1106 X14.161 Y27.125 E0.00003
G1 X14.149 Y27.066 E0.00003
G1 F1111.1 X14.138 Y27.007 E0.00003
G1 X14.126 Y26.948 E0.00003
G1 X14.115 Y26.89 E0.00003
G1 F1116.3 X14.103 Y26.801 E0.00005
G1 X14.091 Y26.71 E0.00005
G1 X14.079 Y26.619 E0.00005
G1 X14.066 Y26.528 E0.00005
G1 F1121.5 X14.054 Y26.437 E0.00005
G1 X14.042 Y26.346 E0.00005
G1 X14.029 Y26.255 E0.00005
G1 X14.017 Y26.164 E0.00005
G1 X14.011 Y26.1 E0.00003
G1 X14.004 Y26.033 E0.00004
G1 F1116.3 X13.998 Y25.967 E0.00004
G1 F1111.1 X13.991 Y25.9 E0.00004
G1 X13.984 Y25.834 E0.00004
G1 X13.979 Y25.762 E0.00004
G1 F1116.3 X13.973 Y25.69 E0.00004
G1 X13.969 Y25.612 E0.00004
G1 F1111.1 X13.965 Y25.533 E0.00004
G1 X13.96 Y25.454 E0.00004
G1 X13.96 Y25.408 E0.00002
G1 F1116.3 X13.959 Y25.361 E0.00003
G1 X13.958 Y25.314 E0.00003
G1 F1121.5 X13.957 Y25.267 E0.00003
G1 F1126.8 X13.956 Y25.22 E0.00002
G1 X13.956 Y25.21 E0.00001
G1 X13.956 Y25.151 E0.00003
G1 X13.956 Y25.092 E0.00003
G1 X13.956 Y25.033 E0.00003
G1 F1121.5 X13.956 Y24.974 E0.00003
G1 X13.956 Y24.915 E0.00003
G1 F1116.3 X13.956 Y24.856 E0.00003
G1 X13.956 Y24.797 E0.00003
G1 X13.956 Y24.738 E0.00003
G1 X13.959 Y24.69 E0.00003
G1 F1121.5 X13.961 Y24.643 E0.00003
G1 X13.963 Y24.596 E0.00003
G1 F1126.8 X13.965 Y24.549 E0.00002
G1 F1132.1 X13.967 Y24.502 E0.00002
G1 F1137.4 X13.967 Y24.492 E0.00001
G1 X13.97 Y24.432 E0.00003
G1 X13.973 Y24.371 E0.00003
G1 X13.977 Y24.31 E0.00003
G1 F1132.1 X13.98 Y24.249 E0.00003
G1 X13.984 Y24.188 E0.00003
G1 F1126.8 X13.987 Y24.127 E0.00003
G1 X13.991 Y24.066 E0.00003
G1 X13.994 Y24.005 E0.00003
G1 X14.013 Y23.846 E0.00009
G1 X14.032 Y23.688 E0.00008
G1 X14.051 Y23.53 E0.00008
G1 F1121.5 X14.061 Y23.452 E0.00004
G1 F1116.3 X14.124 Y23.06 E0.00021
G1 F1121.5 X14.133 Y23.014 E0.00003
G1 X14.143 Y22.967 E0.00003
G1 X14.153 Y22.92 E0.00003
G1 F1126.8 X14.163 Y22.873 E0.00003
G1 X14.173 Y22.826 E0.00003
G1 F1132.1 X14.182 Y22.779 E0.00003
G1 X14.192 Y22.732 E0.00003
G1 X14.202 Y22.685 E0.00003
G1 F1137.4 X14.212 Y22.638 E0.00003
G1 X14.222 Y22.591 E0.00003
G1 X14.224 Y22.583 E0
G1 X14.234 Y22.538 E0.00002
G1 F1132.1 X14.244 Y22.492 E0.00002
G1 F1126.8 X14.254 Y22.446 E0.00003
G1 X14.264 Y22.4 E0.00003
G1 F1121.5 X14.274 Y22.354 E0.00003
G1 X14.295 Y22.275 E0.00004
G1 X14.315 Y22.198 E0.00004
G1 F1126.8 X14.336 Y22.12 E0.00004
G1 X14.383 Y21.959 E0.00009
G1 X14.43 Y21.798 E0.00009
G1 X14.478 Y21.636 E0.00009
G1 F1121.5 X14.494 Y21.584 E0.00003
G1 F1116.3 X14.511 Y21.531 E0.00003
G1 X14.528 Y21.479 E0.00003
G1 F1111.1 X14.545 Y21.426 E0.00003
G1 X14.566 Y21.368 E0.00003
G1 F1116.3 X14.588 Y21.31 E0.00003
G1 X14.609 Y21.252 E0.00003
G1 F1121.5 X14.631 Y21.193 E0.00003
G1 X14.757 Y20.869 E0.00019
G1 F1111.1 X14.769 Y20.827 E0.00002
G1 F1100.9 X14.767 Y20.825 E0
G1 F1106 X14.8 Y20.75 E0.00004
G1 F1111.1 X14.803 Y20.741 E0.00001
G1 F1116.3 X14.827 Y20.687 E0.00003
G1 X14.852 Y20.632 E0.00003
G1 X14.877 Y20.577 E0.00003
G1 F1121.5 X14.901 Y20.523 E0.00003
G1 X14.926 Y20.468 E0.00003
G1 F1126.8 X14.951 Y20.413 E0.00003
G1 X14.975 Y20.359 E0.00003
G1 X15 Y20.304 E0.00003
G1 X15.004 Y20.297 E0
G1 X15.023 Y20.257 E0.00002
G1 F1121.5 X15.042 Y20.216 E0.00002
G1 F1116.3 X15.061 Y20.175 E0.00002
G1 X15.08 Y20.134 E0.00002
G1 F1111.1 X15.099 Y20.093 E0.00002
G1 X15.136 Y20.022 E0.00004
G1 X15.173 Y19.952 E0.00004
G1 F1116.3 X15.209 Y19.882 E0.00004
G1 X15.213 Y19.875 E0
G1 X15.249 Y19.806 E0.00004
G1 F1111.1 X15.286 Y19.737 E0.00004
G1 X15.322 Y19.668 E0.00004
G1 F1106 X15.324 Y19.665 E0
G1 F1111.1 X15.347 Y19.625 E0.00002
G1 F1116.3 X15.371 Y19.584 E0.00003
G1 X15.394 Y19.543 E0.00003
G1 F1121.5 X15.418 Y19.502 E0.00003
G1 F1126.8 X15.441 Y19.462 E0.00002
G1 X15.527 Y19.322 E0.00009
G1 X15.613 Y19.181 E0.00009
G1 X15.699 Y19.041 E0.00009
G1 F1121.5 X15.741 Y18.976 E0.00004
G1 F1116.3 X15.783 Y18.91 E0.00004
G1 X15.826 Y18.844 E0.00004
G1 X15.848 Y18.812 E0.00002
G1 F1121.5 X15.871 Y18.779 E0.00002
G1 F1126.8 X15.894 Y18.746 E0.00002
G1 X15.917 Y18.713 E0.00002
G1 F1132.1 X15.94 Y18.68 E0.00002
G1 F1137.4 X15.963 Y18.648 E0.00002
G1 X16.022 Y18.568 E0.00005
G1 X16.081 Y18.487 E0.00005
G1 F1132.1 X16.14 Y18.406 E0.00005
G1 X16.199 Y18.325 E0.00005
G1 X16.258 Y18.245 E0.00005
G1 F1126.8 X16.315 Y18.174 E0.00005
G1 X16.372 Y18.102 E0.00005
G1 F1121.5 X16.43 Y18.03 E0.00005
G1 X16.487 Y17.958 E0.00005
G1 X16.545 Y17.886 E0.00005
G1 X16.655 Y17.763 E0.00009
G1 X16.766 Y17.639 E0.00009
G1 X16.878 Y17.514 E0.00009
G1 X16.936 Y17.45 E0.00005
G1 F1116.3 X16.994 Y17.385 E0.00005
G1 X17.027 Y17.351 E0.00003
G1 X17.061 Y17.317 E0.00003
G1 F1121.5 X17.095 Y17.283 E0.00003
G1 F1126.8 X17.128 Y17.249 E0.00003
G1 X17.162 Y17.214 E0.00003
G1 F1132.1 X17.196 Y17.18 E0.00003
G1 X17.208 Y17.168 E0.00001
G1 X17.236 Y17.14 E0.00002
G1 F1126.8 X17.265 Y17.112 E0.00002
G1 F1121.5 X17.293 Y17.084 E0.00002
G1 X17.322 Y17.056 E0.00002
G1 F1116.3 X17.35 Y17.028 E0.00002
G1 F1111.1 X17.379 Y17 E0.00002
G1 X17.447 Y16.938 E0.00005
G1 X17.516 Y16.875 E0.00005
G1 X17.586 Y16.811 E0.00005
G1 F1116.3 X17.655 Y16.748 E0.00005
G1 X17.725 Y16.684 E0.00005
G1 X17.732 Y16.677 E0.00001
G1 X17.805 Y16.616 E0.00005
G1 X17.879 Y16.554 E0.00005
G1 F1111.1 X17.952 Y16.492 E0.00005
G1 X18.026 Y16.43 E0.00005
G1 X18.099 Y16.368 E0.00005
G1 F1106 X18.481 Y16.076 E0.00026
G1 F1111.1 X18.563 Y16.02 E0.00005
G1 X18.646 Y15.963 E0.00005
G1 X18.728 Y15.907 E0.00005
G1 F1116.3 X18.811 Y15.85 E0.00005
G1 X18.893 Y15.793 E0.00005
G1 X18.947 Y15.759 E0.00003
G1 X19.002 Y15.723 E0.00004
G1 F1111.1 X19.058 Y15.687 E0.00004
G1 X19.113 Y15.652 E0.00004
G1 X19.169 Y15.616 E0.00004
G1 F1106 X19.224 Y15.58 E0.00004
G1 X19.28 Y15.545 E0.00004
G1 X19.422 Y15.463 E0.00009
G1 X19.562 Y15.382 E0.00009
G1 X19.703 Y15.301 E0.00009
G1 X20.133 Y15.08 E0.00026
G1 F1111.1 X20.221 Y15.04 E0.00005
G1 X20.309 Y15 E0.00005
G1 X20.397 Y14.959 E0.00005
G1 F1116.3 X20.485 Y14.919 E0.00005
G1 X20.573 Y14.878 E0.00005
G1 X20.662 Y14.841 E0.00005
G1 X20.751 Y14.804 E0.00005
G1 F1111.1 X20.841 Y14.766 E0.00005
G1 X20.93 Y14.729 E0.00005
G1 X21.019 Y14.691 E0.00005
G1 X21.17 Y14.637 E0.00009
G1 X21.322 Y14.583 E0.00009
G1 X21.474 Y14.529 E0.00009
G1 F1116.3 X21.565 Y14.501 E0.00005
G1 X21.656 Y14.473 E0.00005
G1 X21.747 Y14.446 E0.00005
G1 F1121.5 X21.838 Y14.418 E0.00005
G1 X21.929 Y14.391 E0.00005
G1 F1126.8 X21.935 Y14.389 E0
G1 X21.964 Y14.381 E0.00002
G1 F1121.5 X21.994 Y14.372 E0.00002
G1 X22.024 Y14.363 E0.00002
G1 F1116.3 X22.053 Y14.354 E0.00002
G1 F1111.1 X22.083 Y14.346 E0.00002
G1 F1106 X22.113 Y14.337 E0.00002
G1 X22.143 Y14.328 E0.00002
G1 F1100.9 X22.172 Y14.319 E0.00002
G1 X22.216 Y14.308 E0.00002
G1 F1106 X22.261 Y14.297 E0.00003
G1 X22.305 Y14.286 E0.00002
G1 F1111.1 X22.35 Y14.274 E0.00003
G1 F1116.3 X22.395 Y14.263 E0.00002
G1 X22.409 Y14.259 E0.00001
G1 F1111.1 X22.445 Y14.251 E0.00002
G1 F1106 X22.481 Y14.242 E0.00002
G1 F1100.9 X22.517 Y14.233 E0.00002
G1 X22.553 Y14.224 E0.00002
G1 F1095.9 X22.589 Y14.216 E0.00002
G1 F1090.9 X22.625 Y14.207 E0.00002
G1 X22.663 Y14.199 E0.00002
G1 X22.699 Y14.192 E0.00002
G1 X22.735 Y14.185 E0.00002
G1 F1095.9 X22.772 Y14.178 E0.00002
G1 X22.808 Y14.171 E0.00002
G1 F1100.9 X22.844 Y14.164 E0.00002
G1 X22.881 Y14.157 E0.00002
G1 X22.917 Y14.15 E0.00002
G1 F1106 X22.953 Y14.143 E0.00002
G1 X22.99 Y14.136 E0.00002
G1 F1111.1 X23.026 Y14.129 E0.00002
G1 X23.062 Y14.122 E0.00002
G1 X23.099 Y14.115 E0.00002
G1 X23.121 Y14.111 E0.00001
G1 X23.213 Y14.098 E0.00005
G1 X23.306 Y14.085 E0.00005
G1 F1106 X23.399 Y14.071 E0.00005
G1 X23.492 Y14.058 E0.00005
G1 X23.585 Y14.044 E0.00005
G1 X23.631 Y14.039 E0.00003
G1 F1111.1 X23.678 Y14.034 E0.00003
G1 X23.725 Y14.029 E0.00003
G1 F1116.3 X23.772 Y14.024 E0.00003
G1 F1121.5 X23.819 Y14.018 E0.00003
G1 X23.83 Y14.017 E0.00001
G1 X23.885 Y14.012 E0.00003
G1 X23.941 Y14.007 E0.00003
G1 F1116.3 X23.997 Y14.001 E0.00003
G1 X24.052 Y13.996 E0.00003
G1 F1111.1 X24.108 Y13.99 E0.00003
G1 X24.164 Y13.985 E0.00003
G1 X24.231 Y13.979 E0.00004
G1 F1116.3 X24.296 Y13.974 E0.00003
G1 F1121.5 X24.305 Y13.975 E0
G1 X24.353 Y13.973 E0.00003
G1 F1116.3 X24.401 Y13.97 E0.00003
G1 F1111.1 X24.449 Y13.967 E0.00003
G1 X24.497 Y13.964 E0.00003
G1 F1106 X24.545 Y13.961 E0.00003
G1 X24.585 Y13.961 E0.00002
G1 F1111.1 X24.625 Y13.96 E0.00002
G1 F1116.3 X24.665 Y13.959 E0.00002
G1 X24.705 Y13.958 E0.00002
G1 F1121.5 X24.745 Y13.957 E0.00002
G1 F1126.8 X24.785 Y13.956 E0.00002
G1 X24.794 Y13.956 E0
G1 X24.853 Y13.956 E0.00003
G1 X24.912 Y13.956 E0.00003
G1 X24.971 Y13.956 E0.00003
G1 F1121.5 X25.03 Y13.956 E0.00003
G1 X25.089 Y13.956 E0.00003
G1 F1116.3 X25.148 Y13.956 E0.00003
G1 X25.207 Y13.956 E0.00003
G1 X25.266 Y13.957 E0.00003
G1 X25.3 Y13.958 E0.00002
G1 F1121.5 X25.338 Y13.96 E0.00002
G1 F1126.8 X25.376 Y13.961 E0.00002
G1 X25.414 Y13.963 E0.00002
G1 F1132.1 X25.452 Y13.965 E0.00002
G1 F1137.4 X25.49 Y13.966 E0.00002
G1 X25.504 Y13.968 E0.00001
G1 X25.565 Y13.971 E0.00003
G1 X25.627 Y13.975 E0.00003
G1 X25.689 Y13.979 E0.00003
G1 F1132.1 X25.751 Y13.983 E0.00003
G1 X25.813 Y13.986 E0.00003
G1 F1126.8 X25.875 Y13.99 E0.00003
G1 X25.937 Y13.994 E0.00003
G1 X25.998 Y13.998 E0.00003
G1 F1121.5 X26.152 Y14.015 E0.00008
G1 X26.307 Y14.033 E0.00008
G1 X26.462 Y14.05 E0.00008
G1 F1116.3 X26.622 Y14.075 E0.00009
G1 X26.781 Y14.099 E0.00009
G1 X26.94 Y14.124 E0.00009
G1 X26.987 Y14.133 E0.00003
G1 X27.034 Y14.143 E0.00003
G1 X27.081 Y14.153 E0.00003
G1 F1121.5 X27.128 Y14.163 E0.00003
G1 X27.175 Y14.173 E0.00003
G1 F1126.8 X27.222 Y14.183 E0.00003
G1 X27.269 Y14.193 E0.00003
G1 X27.316 Y14.203 E0.00003
G1 F1132.1 X27.363 Y14.213 E0.00003
G1 X27.41 Y14.223 E0.00003
G1 F1137.4 X27.425 Y14.226 E0.00001
G1 X27.468 Y14.235 E0.00002
G1 F1132.1 X27.512 Y14.245 E0.00002
G1 F1126.8 X27.556 Y14.255 E0.00002
G1 X27.6 Y14.265 E0.00002
G1 F1121.5 X27.644 Y14.275 E0.00002
G1 X27.72 Y14.295 E0.00004
G1 X27.797 Y14.315 E0.00004
G1 F1126.8 X27.875 Y14.335 E0.00004
G1 X27.884 Y14.338 E0.00001
G1 F1121.5 X27.96 Y14.359 E0.00004
G1 F1116.3 X28.036 Y14.38 E0.00004
G1 X28.112 Y14.401 E0.00004
G1 X28.153 Y14.414 E0.00002
G1 X28.193 Y14.427 E0.00002
G1 F1121.5 X28.233 Y14.439 E0.00002
G1 F1126.8 X28.273 Y14.452 E0.00002
G1 X28.313 Y14.464 E0.00002
G1 F1132.1 X28.353 Y14.477 E0.00002
G1 X28.809 Y14.636 E0.00026
G1 X28.888 Y14.666 E0.00004
G1 X28.968 Y14.696 E0.00005
G1 F1126.8 X29.047 Y14.726 E0.00004
G1 X29.127 Y14.756 E0.00005
G1 F1111.1 X29.169 Y14.769 E0.00002
G1 F1100.9 X29.171 Y14.767 E0
G1 F1106 X29.246 Y14.8 E0.00004
G1 F1116.3 X29.301 Y14.824 E0.00003
G1 X29.357 Y14.849 E0.00003
G1 X29.412 Y14.874 E0.00003
G1 F1121.5 X29.468 Y14.899 E0.00003
G1 X29.524 Y14.924 E0.00003
G1 F1126.8 X29.579 Y14.949 E0.00003
G1 X29.635 Y14.974 E0.00003
G1 X29.69 Y14.999 E0.00003
G1 X29.699 Y15.004 E0.00001
G1 X29.743 Y15.024 E0.00003
G1 F1121.5 X29.787 Y15.045 E0.00003
G1 F1116.3 X29.832 Y15.066 E0.00003
G1 X29.876 Y15.086 E0.00003
G1 F1111.1 X29.92 Y15.107 E0.00003
G1 X30.017 Y15.158 E0.00006
G1 X30.115 Y15.21 E0.00006
G1 X30.333 Y15.327 E0.00013
G1 F1116.3 X30.366 Y15.346 E0.00002
G1 F1121.5 X30.4 Y15.365 E0.00002
G1 F1126.8 X30.434 Y15.384 E0.00002
G1 X30.468 Y15.403 E0.00002
G1 F1132.1 X30.502 Y15.423 E0.00002
G1 F1137.4 X30.536 Y15.442 E0.00002
G1 X30.547 Y15.449 E0.00001
G1 F1132.1 X30.597 Y15.478 E0.00003
G1 F1126.8 X30.647 Y15.507 E0.00003
G1 X30.697 Y15.537 E0.00003
G1 F1121.5 X30.747 Y15.566 E0.00003
G1 X30.849 Y15.631 E0.00006
G1 X30.95 Y15.696 E0.00006
G1 X31.057 Y15.765 E0.00007
G1 X31.165 Y15.834 E0.00007
G1 F1116.3 X31.745 Y16.251 E0.00038
G1 F1121.5 X31.818 Y16.309 E0.00005
G1 X31.891 Y16.368 E0.00005
G1 X31.964 Y16.427 E0.00005
G1 F1126.8 X32.037 Y16.486 E0.00005
G1 X32.11 Y16.545 E0.00005
G1 X32.183 Y16.61 E0.00005
G1 X32.257 Y16.676 E0.00005
G1 F1121.5 X32.331 Y16.742 E0.00005
G1 X32.405 Y16.807 E0.00005
G1 X32.479 Y16.873 E0.00005
G1 X32.592 Y16.98 E0.00008
G1 X32.705 Y17.087 E0.00008
G1 X32.818 Y17.195 E0.00008
G1 X32.863 Y17.24 E0.00003
G1 F1116.3 X32.907 Y17.285 E0.00003
G1 X32.951 Y17.33 E0.00003
G1 F1111.1 X32.996 Y17.375 E0.00003
G1 X33.102 Y17.492 E0.00009
G1 X33.207 Y17.608 E0.00008
G1 X33.312 Y17.725 E0.00008
G1 X33.626 Y18.099 E0.00026
G1 X33.9 Y18.451 E0.00024
G1 F1116.3 X33.95 Y18.525 E0.00005
G1 X34.001 Y18.599 E0.00005
G1 X34.052 Y18.673 E0.00005
G1 F1121.5 X34.103 Y18.747 E0.00005
G1 X34.154 Y18.821 E0.00005
G1 X34.205 Y18.895 E0.00005
G1 X34.24 Y18.95 E0.00003
G1 X34.276 Y19.006 E0.00004
G1 F1116.3 X34.311 Y19.062 E0.00004
G1 X34.347 Y19.117 E0.00004
G1 X34.382 Y19.173 E0.00004
G1 F1111.1 X34.418 Y19.229 E0.00004
G1 X34.453 Y19.284 E0.00004
G1 F1106 X34.698 Y19.707 E0.00026
G1 F1111.1 X34.77 Y19.849 E0.00009
G1 X34.843 Y19.992 E0.00009
G1 X34.916 Y20.134 E0.00009
G1 X34.985 Y20.28 E0.00009
G1 X35.054 Y20.427 E0.00009
G1 X35.123 Y20.573 E0.00009
G1 X35.184 Y20.723 E0.00009
G1 X35.245 Y20.873 E0.00009
G1 X35.306 Y21.023 E0.00009
G1 X35.353 Y21.151 E0.00007
G1 X35.4 Y21.279 E0.00007
G1 X35.447 Y21.407 E0.00007
G1 F1100.9 X35.467 Y21.465 E0.00003
G1 X35.478 Y21.502 E0.00002
G1 X35.489 Y21.539 E0.00002
G1 X35.501 Y21.576 E0.00002
G1 F1106 X35.512 Y21.614 E0.00002
G1 X35.523 Y21.651 E0.00002
G1 F1111.1 X35.535 Y21.688 E0.00002
G1 X35.546 Y21.726 E0.00002
G1 X35.558 Y21.763 E0.00002
G1 F1116.3 X35.569 Y21.8 E0.00002
G1 X35.58 Y21.838 E0.00002
G1 F1121.5 X35.592 Y21.875 E0.00002
G1 X35.603 Y21.912 E0.00002
G1 X35.615 Y21.95 E0.00002
G1 F1126.8 X35.618 Y21.963 E0.00001
G1 F1132.1 X35.627 Y21.997 E0.00002
G1 F1126.8 X35.637 Y22.032 E0.00002
G1 F1121.5 X35.647 Y22.066 E0.00002
G1 X35.657 Y22.101 E0.00002
G1 F1116.3 X35.667 Y22.136 E0.00002
G1 F1111.1 X35.677 Y22.17 E0.00002
G1 X35.707 Y22.288 E0.00007
G1 X35.737 Y22.408 E0.00007
G1 X35.75 Y22.463 E0.00003
G1 F1106 X35.763 Y22.518 E0.00003
G1 X35.777 Y22.574 E0.00003
G1 F1100.9 X35.79 Y22.629 E0.00003
G1 X35.796 Y22.659 E0.00002
G1 X35.802 Y22.69 E0.00002
G1 X35.808 Y22.722 E0.00002
G1 F1106 X35.814 Y22.753 E0.00002
G1 X35.82 Y22.785 E0.00002
G1 F1111.1 X35.826 Y22.816 E0.00002
G1 X35.833 Y22.847 E0.00002
G1 X35.839 Y22.879 E0.00002
G1 F1116.3 X35.845 Y22.91 E0.00002
G1 X35.851 Y22.942 E0.00002
G1 F1121.5 X35.857 Y22.973 E0.00002
G1 X35.863 Y23.004 E0.00002
G1 X35.869 Y23.036 E0.00002
G1 F1126.8 X35.876 Y23.067 E0.00002
G1 X35.882 Y23.099 E0.00002
G1 X35.885 Y23.121 E0.00001
G1 F1121.5 X35.89 Y23.159 E0.00002
G1 X35.896 Y23.198 E0.00002
G1 F1116.3 X35.902 Y23.236 E0.00002
G1 X35.908 Y23.275 E0.00002
G1 X35.914 Y23.313 E0.00002
G1 F1111.1 X35.92 Y23.352 E0.00002
G1 X35.926 Y23.391 E0.00002
G1 F1106 X35.931 Y23.429 E0.00002
G1 X35.937 Y23.468 E0.00002
G1 X35.943 Y23.506 E0.00002
G1 F1100.9 X35.949 Y23.545 E0.00002
G1 X35.955 Y23.584 E0.00002
G1 X35.96 Y23.632 E0.00003
G1 F1106 X35.965 Y23.677 E0.00002
G1 X35.969 Y23.722 E0.00002
G1 F1111.1 X35.974 Y23.767 E0.00002
G1 F1116.3 X35.979 Y23.812 E0.00002
G1 X36.013 Y24.165 E0.00019
G1 F1121.5 X36.018 Y24.23 E0.00003
G1 F1126.8 X36.023 Y24.295 E0.00003
G1 F1132.1 X36.023 Y24.307 E0.00001
G1 X36.025 Y24.347 E0.00002
G1 F1126.8 X36.027 Y24.387 E0.00002
G1 F1121.5 X36.03 Y24.427 E0.00002
G1 X36.032 Y24.467 E0.00002
G1 F1116.3 X36.034 Y24.507 E0.00002
G1 F1111.1 X36.037 Y24.547 E0.00002
G1 X36.037 Y24.593 E0.00002
G1 F1116.3 X36.038 Y24.639 E0.00002
G1 X36.038 Y24.685 E0.00002
G1 F1121.5 X36.039 Y24.731 E0.00002
G1 F1126.8 X36.04 Y24.777 E0.00002
G1 X36.04 Y24.786 E0
G1 X36.04 Y24.834 E0.00003
G1 X36.04 Y24.882 E0.00003
G1 F1121.5 X36.04 Y24.93 E0.00003
G1 X36.04 Y24.978 E0.00003
G1 X36.04 Y25.026 E0.00003
G1 F1116.3 X36.04 Y25.074 E0.00003
G1 X36.04 Y25.122 E0.00003
G1 F1111.1 X36.04 Y25.17 E0.00003
G1 X36.04 Y25.218 E0.00003
G1 X36.04 Y25.266 E0.00003
G1 X36.039 Y25.296 E0.00002
G1 F1116.3 X36.038 Y25.329 E0.00002
G1 F1121.5 X36.036 Y25.362 E0.00002
G1 X36.035 Y25.395 E0.00002
G1 F1126.8 X36.033 Y25.428 E0.00002
G1 F1132.1 X36.032 Y25.461 E0.00002
G1 F1137.4 X36.031 Y25.494 E0.00002
G1 X36.029 Y25.508 E0.00001
G1 X36.026 Y25.568 E0.00003
G1 X36.023 Y25.629 E0.00003
G1 X36.019 Y25.69 E0.00003
G1 F1132.1 X36.016 Y25.751 E0.00003
G1 X36.012 Y25.812 E0.00003
G1 F1126.8 X36.009 Y25.873 E0.00003
G1 X36.005 Y25.934 E0.00003
G1 X36.002 Y25.995 E0.00003
G1 X35.983 Y26.153 E0.00008
G1 X35.965 Y26.31 E0.00008
G1 X35.946 Y26.467 E0.00008
G1 X35.932 Y26.561 E0.00005
G1 X35.918 Y26.655 E0.00005
G1 F1121.5 X35.904 Y26.749 E0.00005
G1 X35.89 Y26.843 E0.00005
G1 X35.876 Y26.937 E0.00005
G1 X35.871 Y26.957 E0.00001
G1 F1132.1 X35.858 Y27.021 E0.00003
G1 X35.844 Y27.086 E0.00004
G1 F1137.4 X35.83 Y27.15 E0.00003
G1 X35.816 Y27.215 E0.00003
G1 X35.802 Y27.279 E0.00003
G1 F1142.9 X35.788 Y27.344 E0.00003
G1 X35.774 Y27.408 E0.00003
G1 X35.773 Y27.416 E0
G1 F1137.4 X35.761 Y27.473 E0.00003
G1 F1132.1 X35.748 Y27.531 E0.00003
G1 X35.735 Y27.588 E0.00003
G1 F1126.8 X35.722 Y27.646 E0.00003
G1 X35.702 Y27.722 E0.00004
G1 X35.682 Y27.797 E0.00004
G1 F1132.1 X35.662 Y27.873 E0.00004
G1 X35.519 Y28.358 E0.00027
G1 X35.506 Y28.4 E0.00002
G1 F1126.8 X35.493 Y28.442 E0.00002
G1 F1121.5 X35.48 Y28.484 E0.00002
G1 X35.466 Y28.526 E0.00002
G1 F1116.3 X35.453 Y28.568 E0.00002
G1 X35.435 Y28.616 E0.00003
G1 F1121.5 X35.418 Y28.662 E0.00003
G1 X35.401 Y28.708 E0.00003
G1 F1126.8 X35.384 Y28.754 E0.00003
G1 F1132.1 X35.367 Y28.8 E0.00003
G1 F1137.4 X35.363 Y28.809 E0.00001
G1 X35.33 Y28.896 E0.00005
G1 X35.296 Y28.984 E0.00005
G1 F1132.1 X35.262 Y29.072 E0.00005
G1 X35.228 Y29.16 E0.00005
G1 X35.194 Y29.247 E0.00005
G1 X35.155 Y29.333 E0.00005
G1 X35.116 Y29.42 E0.00005
G1 X35.077 Y29.506 E0.00005
G1 F1137.4 X35.038 Y29.593 E0.00005
G1 X34.999 Y29.68 E0.00005
G1 X34.995 Y29.689 E0.00001
G1 F1132.1 X34.975 Y29.732 E0.00003
G1 F1126.8 X34.955 Y29.776 E0.00003
G1 F1121.5 X34.935 Y29.819 E0.00003
G1 X34.915 Y29.863 E0.00003
G1 F1116.3 X34.894 Y29.907 E0.00003
G1 X34.866 Y29.962 E0.00003
G1 F1121.5 X34.839 Y30.015 E0.00003
G1 X34.811 Y30.069 E0.00003
G1 F1126.8 X34.784 Y30.122 E0.00003
G1 X34.707 Y30.261 E0.00008
G1 X34.629 Y30.401 E0.00009
G1 X34.551 Y30.541 E0.00009
G1 F1121.5 X34.509 Y30.612 E0.00004
G1 F1116.3 X34.467 Y30.684 E0.00004
G1 X34.425 Y30.755 E0.00004
G1 X34.405 Y30.787 E0.00002
G1 F1121.5 X34.385 Y30.819 E0.00002
G1 F1126.8 X34.365 Y30.851 E0.00002
G1 X34.344 Y30.883 E0.00002
G1 F1132.1 X34.324 Y30.915 E0.00002
G1 F1137.4 X34.304 Y30.947 E0.00002
G1 X34.298 Y30.955 E0.00001
G1 F1132.1 X34.266 Y31.005 E0.00003
G1 F1126.8 X34.233 Y31.055 E0.00003
G1 X34.201 Y31.106 E0.00003
G1 F1121.5 X34.168 Y31.156 E0.00003
G1 X34.124 Y31.219 E0.00004
G1 X34.079 Y31.284 E0.00004
G1 F1126.8 X34.034 Y31.349 E0.00004
G1 F1132.1 X33.937 Y31.479 E0.00009
G1 X33.84 Y31.61 E0.00009
G1 X33.743 Y31.741 E0.00009
G1 X33.646 Y31.864 E0.00008
G1 X33.549 Y31.986 E0.00008
G1 X33.452 Y32.109 E0.00008
G1 F1126.8 X33.341 Y32.234 E0.00009
G1 X33.231 Y32.358 E0.00009
G1 X33.121 Y32.483 E0.00009
G1 F1121.5 X32.789 Y32.829 E0.00026
G1 X32.761 Y32.857 E0.00002
G1 F1116.3 X32.733 Y32.885 E0.00002
G1 F1111.1 X32.704 Y32.913 E0.00002
G1 X32.676 Y32.941 E0.00002
G1 F1106 X32.647 Y32.969 E0.00002
G1 F1100.9 X32.619 Y32.997 E0.00002
G1 X32.585 Y33.028 E0.00003
G1 X32.55 Y33.06 E0.00003
G1 X32.516 Y33.092 E0.00003
G1 F1106 X32.481 Y33.124 E0.00003
G1 X32.446 Y33.156 E0.00003
G1 F1111.1 X32.412 Y33.187 E0.00002
G1 X32.377 Y33.219 E0.00003
G1 X32.343 Y33.251 E0.00003
G1 F1116.3 X32.308 Y33.283 E0.00003
G1 X32.273 Y33.315 E0.00003
G1 X32.149 Y33.418 E0.00009
G1 X32.022 Y33.524 E0.00009
G1 X31.895 Y33.629 E0.00009
G1 F1111.1 X31.768 Y33.726 E0.00009
G1 X31.641 Y33.823 E0.00009
G1 X31.514 Y33.921 E0.00009
G1 X31.389 Y34.008 E0.00008
G1 X31.263 Y34.095 E0.00008
G1 X31.137 Y34.182 E0.00008
G1 X30.716 Y34.45 E0.00027
G1 X30.292 Y34.695 E0.00026
G1 F1116.3 X30.149 Y34.769 E0.00009
G1 X30.006 Y34.843 E0.00009
G1 X29.863 Y34.917 E0.00009
G1 X29.719 Y34.984 E0.00009
G1 X29.575 Y35.051 E0.00009
G1 X29.431 Y35.119 E0.00009
G1 X29.278 Y35.182 E0.00009
G1 X29.124 Y35.245 E0.00009
G1 X28.97 Y35.308 E0.00009
G1 X28.818 Y35.362 E0.00009
G1 X28.666 Y35.417 E0.00009
G1 X28.513 Y35.472 E0.00009
G0 F24000 X28.7 Y35.406
;TIME_ELAPSED:4151.583307
G1 F60 E-0.001
M140 S0
M82 ;absolute extrusion mode
M107
T-1
M104 S0
M140 S0
M83 ;relative extrusion mode
;End of Gcode
;SETTING_3 {"global_quality": "[general]\\nversion = 4\\nname = 26G-RFATOMS\\nde
;SETTING_3 finition = custom\\n\\n[metadata]\\ntype = quality_changes\\nquality_
;SETTING_3 type = fast\\nsetting_version = 23\\n\\n[values]\\nadhesion_extruder_
;SETTING_3 nr = 0\\nadhesion_type = brim\\nalternate_carve_order = False\\nbridg
;SETTING_3 e_settings_enabled = True\\nbridge_wall_min_length = =line_width + su
;SETTING_3 pport_xy_distance + 1.0\\ncarve_multiple_volumes = True\\nlayer_heigh
;SETTING_3 t = 0.2\\nlayer_height_0 = 0.1\\nmaterial_bed_temperature = 20\\nmate
;SETTING_3 rial_bed_temperature_layer_0 = 20\\nminimum_polygon_circumference = 0
;SETTING_3 .1\\nprime_tower_enable = False\\nretraction_combing = all\\nskirt_br
;SETTING_3 im_extruder_nr = 0\\nspeed_slowdown_layers = 1\\nsupport_enable = Fal
;SETTING_3 se\\nsupport_extruder_nr = 0\\nsupport_structure = tree\\nsupport_typ
;SETTING_3 e = buildplate\\ntravel_retract_before_outer_wall = False\\n\\n", "ex
;SETTING_3 truder_quality": ["[general]\\nversion = 4\\nname = 26G-RFATOMS\\ndef
;SETTING_3 inition = custom\\n\\n[metadata]\\ntype = quality_changes\\nquality_t
;SETTING_3 ype = fast\\nintent_category = default\\nposition = 0\\nsetting_versi
;SETTING_3 on = 23\\n\\n[values]\\nbottom_layers = 50\\nbridge_enable_more_layer
;SETTING_3 s = True\\nbridge_skin_density = 105\\nbridge_skin_density_2 = 100\\n
;SETTING_3 bridge_skin_density_3 = 95\\nbridge_skin_material_flow = 66\\nbridge_
;SETTING_3 skin_material_flow_2 = 90\\nbridge_skin_material_flow_3 = 100\\nbridg
;SETTING_3 e_skin_speed = 15\\nbridge_skin_speed_2 = 22\\nbridge_skin_speed_3 = 
;SETTING_3 30\\nbridge_wall_material_flow = 110\\nbridge_wall_speed = 10\\nbrim_
;SETTING_3 gap = 1.5\\nbrim_width = 1\\ncoasting_enable = False\\ncool_fan_enabl
;SETTING_3 ed = False\\ncool_fan_speed = 60\\ncool_fan_speed_max = 100\\nfill_ou
;SETTING_3 tline_gaps = True\\nhole_xy_offset = 0\\nhole_xy_offset_max_diameter 
;SETTING_3 = 4\\ninfill_overlap = 10\\ninfill_pattern = lightning\\ninfill_spars
;SETTING_3 e_density = 30\\ninitial_bottom_layers = 1\\ninset_direction = inside
;SETTING_3 _out\\nironing_enabled = False\\nironing_flow = 25\\nironing_inset = 
;SETTING_3 0\\nironing_line_spacing = 0.2\\nironing_only_highest_layer = False\\
;SETTING_3 nironing_pattern = zigzag\\nline_width = 0.38\\nmaterial_alternate_wa
;SETTING_3 lls = True\\nmaterial_final_print_temperature = 275\\nmaterial_flow =
;SETTING_3  100\\nmaterial_initial_print_temperature = 275\\nmaterial_print_temp
;SETTING_3 erature = 275\\nmaterial_standby_temperature = 0\\nmeshfix_maximum_de
;SETTING_3 viation = 0.001\\nmeshfix_maximum_resolution = 0.001\\nmeshfix_maximu
;SETTING_3 m_travel_resolution = =min(meshfix_maximum_resolution * speed_travel 
;SETTING_3 / speed_print, 2 * line_width)\\nmeshfix_union_all = True\\nmin_even_
;SETTING_3 wall_line_width = =min_wall_line_width\\nmin_feature_size = =wall_lin
;SETTING_3 e_width_0 / 4\\nmin_odd_wall_line_width = =min_wall_line_width\\nmin_
;SETTING_3 wall_line_width = =machine_nozzle_size * .85\\noptimize_wall_printing
;SETTING_3 _order = True\\nraft_airgap = 0.0\\nraft_interface_thickness = =resol
;SETTING_3 veOrValue('layer_height') * 1.5\\nraft_margin = 2\\nraft_surface_laye
;SETTING_3 rs = 3\\nretraction_amount = 3.5\\nretraction_enable = True\\nretract
;SETTING_3 ion_extra_prime_amount = 0.05\\nretraction_hop = 0.15\\nretraction_ho
;SETTING_3 p_enabled = False\\nretraction_speed = 30\\nskin_angles = [30, -60 ]\
;SETTING_3 \nskin_line_width = 0.4\\nskin_material_flow = 90.0\\nskin_monotonic 
;SETTING_3 = False\\nskin_outline_count = 0\\nskirt_brim_minimal_length = 0\\nsk
;SETTING_3 irt_brim_speed = 45\\nsmall_feature_speed_factor = 10\\nsmall_hole_ma
;SETTING_3 x_size = 4\\nsmall_skin_width = 0.32\\nspeed_infill = 40\\nspeed_iron
;SETTING_3 ing = 150\\nspeed_layer_0 = 30\\nspeed_print = 75\\nspeed_print_layer
;SETTING_3 _0 = 40\\nspeed_support = 50\\nspeed_topbottom = 60\\nspeed_travel = 
;SETTING_3 300\\nspeed_travel_layer_0 = 300\\nspeed_wall_0 = 45\\nspeed_wall_0_r
;SETTING_3 oofing = 50\\nspeed_wall_x = 60\\nspeed_z_hop = 20\\nsupport_interfac
;SETTING_3 e_density = 30\\nsupport_interface_enable = True\\nsupport_interface_
;SETTING_3 height = 0.5\\nsupport_interface_wall_count = 1\\nsupport_tree_limit_
;SETTING_3 branch_reach = False\\nswitch_extruder_extra_prime_amount = 0.575\\ns
;SETTING_3 witch_extruder_retraction_amount = 3.5\\nswitch_extruder_retraction_s
;SETTING_3 peeds = 50\\ntop_bottom_pattern = zigzag\\ntop_bottom_thickness = 0.7
;SETTING_3 \\ntravel_avoid_distance = 1\\nwall_0_inset = 0.0\\nwall_0_material_f
;SETTING_3 low = 83\\nwall_0_material_flow_roofing = 100\\nwall_line_count = 1\\
;SETTING_3 nwall_thickness = =wall_line_width_0 if magic_spiralize else 0.8\\nwa
;SETTING_3 ll_transition_filter_deviation = =.25 * machine_nozzle_size\\nwall_tr
;SETTING_3 ansition_length = =line_width\\nwall_x_material_flow = 83\\nwall_x_ma
;SETTING_3 terial_flow_roofing = 100\\nxy_offset = -0.05\\nz_seam_corner = z_sea
;SETTING_3 m_corner_weighted\\nz_seam_position = frontleft\\nz_seam_type = sharp
;SETTING_3 est_corner\\nzig_zaggify_infill = True\\n\\n", "[general]\\nversion =
;SETTING_3  4\\nname = 26G-RFATOMS\\ndefinition = custom\\n\\n[metadata]\\ntype 
;SETTING_3 = quality_changes\\nquality_type = fast\\nintent_category = default\\
;SETTING_3 nposition = 1\\nsetting_version = 23\\n\\n[values]\\nbottom_layers = 
;SETTING_3 1\\nbrim_width = 1\\ncool_fan_speed = 0\\ninfill_sparse_density = 15\
;SETTING_3 \ninitial_bottom_layers = 1\\nironing_enabled = False\\nironing_flow 
;SETTING_3 = 0\\nironing_line_spacing = 0.2\\nironing_pattern = concentric\\nmat
;SETTING_3 erial_final_print_temperature = 275\\nmaterial_initial_print_temperat
;SETTING_3 ure = 275\\nmaterial_print_temperature = 275\\nmaterial_standby_tempe
;SETTING_3 rature = 165\\nretraction_hop = 2\\nretraction_hop_enabled = True\\nr
;SETTING_3 etraction_speed = 120\\nspeed_ironing = 25\\nspeed_print = 100\\nspee
;SETTING_3 d_support = 60\\nspeed_travel = 300.0\\nspeed_wall_0 = 75\\nspeed_wal
;SETTING_3 l_x = 75\\nspeed_z_hop = 300\\nsupport_infill_rate = 25\\nsupport_int
;SETTING_3 erface_enable = True\\nsupport_interface_height = 0.3\\nsupport_inter
;SETTING_3 face_pattern = lines\\nsupport_xy_distance = 2\\nsupport_xy_distance_
;SETTING_3 overhang = 0.1\\nswitch_extruder_retraction_amount = 5\\nswitch_extru
;SETTING_3 der_retraction_speed = 60\\ntop_bottom_thickness = 0.2\\ntop_layers =
;SETTING_3  1\\n\\n", "[general]\\nversion = 4\\nname = 26G-RFATOMS\\ndefinition
;SETTING_3  = custom\\n\\n[metadata]\\ntype = quality_changes\\nquality_type = f
;SETTING_3 ast\\nintent_category = default\\nposition = 2\\nsetting_version = 23
;SETTING_3 \\n\\n[values]\\n_plugin__curaenginegradualflow__0_1_0__gradual_flow_
;SETTING_3 discretisation_step_size = 0.1\\n_plugin__curaenginegradualflow__0_1_
;SETTING_3 0__layer_0_max_flow_acceleration = 0.25\\n_plugin__curaenginegradualf
;SETTING_3 low__0_1_0__max_flow_acceleration = 0.25\\nbottom_layers = 0\\ncoasti
;SETTING_3 ng_enable = False\\ncoasting_volume = 0.2\\nconnect_skin_polygons = T
;SETTING_3 rue\\ncool_fan_full_at_height = 0.1\\ncool_fan_speed = 20\\ncool_min_
;SETTING_3 speed = 9\\nfill_outline_gaps = True\\ngroup_outer_walls = False\\nho
;SETTING_3 le_xy_offset_max_diameter = 5\\ninfill_material_flow = =material_flow
;SETTING_3 \\ninfill_pattern = concentric\\ninfill_sparse_density = 100\\ninset_
;SETTING_3 direction = inside_out\\nlayer_start_x = 0\\nlayer_start_y = 0\\nline
;SETTING_3 _width = 0.4\\nmaterial_alternate_walls = False\\nmaterial_final_prin
;SETTING_3 t_temperature = 0\\nmaterial_flow = 3.0\\nmaterial_flow_layer_0 = 3\\
;SETTING_3 nmaterial_initial_print_temperature = 0\\nmaterial_print_temperature 
;SETTING_3 = 0\\nmaterial_standby_temperature = 0\\nmeshfix_extensive_stitching 
;SETTING_3 = True\\nmeshfix_maximum_extrusion_area_deviation = 50.0\\nmeshfix_ma
;SETTING_3 ximum_resolution = 0.01\\nmeshfix_maximum_travel_resolution = 0.2\\nm
;SETTING_3 eshfix_union_all = True\\nmin_feature_size = 0.2\\nmin_wall_line_widt
;SETTING_3 h = 0.2\\nmultiple_mesh_overlap = 0.01\\noptimize_wall_printing_order
;SETTING_3  = False\\nprime_tower_flow = =material_flow\\nretraction_amount = 0.
;SETTING_3 001\\nretraction_count_max = 250\\nretraction_extra_prime_amount = 0\
;SETTING_3 \nretraction_hop = 2\\nretraction_hop_enabled = True\\nretraction_min
;SETTING_3 _travel = 0.1\\nretraction_speed = 1\\nskin_line_width = 0.4\\nskin_m
;SETTING_3 aterial_flow = 3\\nskirt_brim_material_flow = =material_flow\\nskirt_
;SETTING_3 brim_speed = 10\\nskirt_line_count = 3\\nsmall_feature_speed_factor =
;SETTING_3  1\\nsmall_hole_max_size = 0\\nspeed_infill = 10\\nspeed_layer_0 = 10
;SETTING_3 \\nspeed_print = 10\\nspeed_topbottom = 10\\nspeed_travel = 400\\nspe
;SETTING_3 ed_travel_layer_0 = 400\\nspeed_wall = =speed_print / 2\\nspeed_wall_
;SETTING_3 0 = 10\\nspeed_wall_x = 10\\nspeed_z_hop = 300\\nswitch_extruder_retr
;SETTING_3 action_amount = 0\\nswitch_extruder_retraction_speeds = 1.0\\ntop_bot
;SETTING_3 tom_pattern = concentric\\ntop_bottom_thickness = 0\\ntop_layers = 1\
;SETTING_3 \nwall_0_inset = 0.06\\nwall_0_material_flow = 3.0\\nwall_line_count 
;SETTING_3 = 100\\nwall_transition_filter_deviation = =.25 * machine_nozzle_size
;SETTING_3 \\nwall_x_material_flow = 3\\nwall_x_material_flow_roofing = 3.0\\nxy
;SETTING_3 _offset = 0.01\\nz_seam_corner = z_seam_corner_any\\nz_seam_position 
;SETTING_3 = frontleft\\nz_seam_type = shortest\\nz_seam_x = =(0 if (z_seam_posi
;SETTING_3 tion == 'frontleft' or z_seam_position == 'left' or z_seam_position =
;SETTING_3 = 'backleft') else machine_width / 2 if (z_seam_position == 'front' o
;SETTING_3 r z_seam_position == 'back') else machine_width) - (machine_width / 2
;SETTING_3  if z_seam_relative or machine_center_is_zero else 0)\\nz_seam_y = =(
;SETTING_3 0 if (z_seam_position == 'frontleft' or z_seam_position == 'front' or
;SETTING_3  z_seam_position == 'frontright') else machine_depth / 2 if (z_seam_p
;SETTING_3 osition == 'left' or z_seam_position == 'right') else machine_depth) 
;SETTING_3 - (machine_depth / 2 if z_seam_relative or machine_center_is_zero els
;SETTING_3 e 0)\\n\\n"]}
