;FLAVOR:RepRap
;TIME:558
;Filament used: 0.364915m, 0m, 0.00102822m
;Layer height: 0.1
;MINX:63.892
;MINY:40.686
;MINZ:0.3
;MAXX:134.9
;MAXY:119.9
;MAXZ:3.2
;TARGET_MACHINE.NAME:Unknown
;Generated with Cura_SteamEngine 5.7.2
T0
M190 S20
M104 S230
M104 T1 S0
M109 S230
M109 T1 S0
M82 ;absolute extrusion mode
G1 Z50 F6000
G1 X150 Y150
M82 ;absolute extrusion mode
T0
G1 Z50
G1 X0 Y0
M83
G1 E15
M83 ;relative extrusion mode
M83 ;relative extrusion mode
G1 F1800 E-3.5
;LAYER_COUNT:10
;LAYER:0
M107
G0 F18000 X66.289 Y47.124 Z0.3
;TYPE:SKIRT
G1 F1800 E3.52079
G1 F2700 X66.709 Y46.529 E0.03452
G1 X67.046 Y46.09 E0.02623
G1 X67.504 Y45.544 E0.03378
G1 X67.926 Y45.09 E0.02938
G1 X68.366 Y44.652 E0.02943
G1 X68.857 Y44.205 E0.03147
G1 X69.566 Y43.629 E0.0433
G1 X70.097 Y43.245 E0.03106
G1 X70.87 Y42.744 E0.04366
G1 X71.351 Y42.47 E0.02624
G1 X71.973 Y42.147 E0.03322
G1 X72.538 Y41.887 E0.02948
G1 X73.122 Y41.647 E0.02993
G1 X73.714 Y41.433 E0.02984
G1 X74.312 Y41.248 E0.02967
G1 X74.921 Y41.087 E0.02986
G1 X75.534 Y40.954 E0.02973
G1 X76.158 Y40.845 E0.03002
G1 X76.703 Y40.776 E0.02604
G1 X77.43 Y40.713 E0.03459
G1 X78.347 Y40.686 E0.04348
G1 X78.9 Y40.7 E0.02622
G1 X79.597 Y40.746 E0.03311
G1 X80.208 Y40.814 E0.02914
G1 X80.773 Y40.902 E0.0271
G1 X81.459 Y41.04 E0.03316
G1 X82.073 Y41.192 E0.02998
G1 X82.607 Y41.35 E0.02639
G1 X83.414 Y41.628 E0.04045
G1 X84.339 Y42.02 E0.04762
G1 X85.006 Y42.351 E0.03529
G1 X85.828 Y42.818 E0.04481
G1 X86.593 Y43.322 E0.04342
G1 X87.118 Y43.711 E0.03097
G1 X87.832 Y44.301 E0.0439
G1 X88.286 Y44.723 E0.02938
G1 X88.724 Y45.163 E0.02943
G1 X89.17 Y45.653 E0.0314
G1 X89.748 Y46.364 E0.04343
G1 X90.063 Y46.794 E0.02526
G1 X90.572 Y47.571 E0.04402
G1 X91.099 Y48.509 E0.05099
G1 X91.446 Y49.234 E0.03809
G1 X91.73 Y49.917 E0.03506
G1 X91.95 Y50.53 E0.03087
G1 X92.219 Y51.438 E0.04488
G1 X92.422 Y52.329 E0.04331
G1 X92.531 Y52.953 E0.03002
G1 X92.602 Y53.503 E0.02628
G1 X92.662 Y54.197 E0.03302
G1 X92.687 Y54.826 E0.02984
G1 X92.685 Y55.457 E0.02991
G1 X92.656 Y56.066 E0.0289
G1 X92.56 Y57.021 E0.04549
G1 X92.48 Y57.537 E0.02475
G1 X92.257 Y58.591 E0.05106
G1 X91.999 Y59.491 E0.04437
G1 X91.735 Y60.243 E0.03777
G1 X91.318 Y61.218 E0.05026
G1 X91.038 Y61.782 E0.02984
G1 X90.722 Y62.352 E0.03089
G1 X90.292 Y63.044 E0.03861
G1 X89.912 Y63.588 E0.03145
G1 X89.486 Y64.141 E0.03308
G1 X89.079 Y64.623 E0.0299
G1 X88.653 Y65.083 E0.02972
G1 X88.211 Y65.523 E0.02956
G1 X87.723 Y65.966 E0.03124
G1 X87.101 Y66.476 E0.03812
G1 X86.529 Y66.895 E0.03361
G1 X85.977 Y67.263 E0.03144
G1 X85.454 Y67.577 E0.02891
G1 X84.703 Y67.979 E0.04037
G1 X83.77 Y68.402 E0.04855
G1 X83.161 Y68.637 E0.03094
G1 X82.566 Y68.836 E0.02974
G1 X81.94 Y69.015 E0.03086
G1 X81.138 Y69.201 E0.03902
G1 X80.422 Y69.328 E0.03447
G1 X79.868 Y69.399 E0.02647
G1 X78.86 Y69.475 E0.04791
G1 X78.237 Y69.486 E0.02953
G1 X77.683 Y69.473 E0.02626
G1 X76.984 Y69.427 E0.0332
G1 X76.328 Y69.352 E0.03129
G1 X75.427 Y69.199 E0.04331
G1 X74.878 Y69.076 E0.02667
G1 X74.014 Y68.836 E0.0425
G1 X73.312 Y68.599 E0.03512
G1 X72.74 Y68.374 E0.02913
G1 X72.149 Y68.11 E0.03068
G1 X71.599 Y67.836 E0.02912
G1 X71.036 Y67.526 E0.03046
G1 X70.56 Y67.235 E0.02644
G1 X69.824 Y66.734 E0.0422
G1 X69.218 Y66.269 E0.0362
G1 X68.606 Y65.746 E0.03815
G1 X68.118 Y65.28 E0.03198
G1 X67.695 Y64.838 E0.029
G1 X67.208 Y64.281 E0.03507
G1 X66.712 Y63.649 E0.03808
G1 X66.323 Y63.094 E0.03212
G1 X65.851 Y62.339 E0.0422
G1 X65.488 Y61.68 E0.03566
G1 X65.244 Y61.18 E0.02637
G1 X64.858 Y60.28 E0.04641
G1 X64.635 Y59.661 E0.03118
G1 X64.449 Y59.059 E0.02986
G1 X64.29 Y58.455 E0.0296
G1 X64.157 Y57.841 E0.02978
G1 X64.048 Y57.218 E0.02998
G1 X63.977 Y56.671 E0.02614
G1 X63.917 Y55.974 E0.03316
G1 X63.892 Y55.361 E0.02908
G1 X63.894 Y54.786 E0.02725
G1 X63.949 Y53.78 E0.04775
G1 X64.015 Y53.181 E0.02856
G1 X64.105 Y52.603 E0.02772
G1 X64.243 Y51.912 E0.0334
G1 X64.373 Y51.387 E0.02563
G1 X64.666 Y50.419 E0.04793
G1 X64.843 Y49.93 E0.02465
G1 X65.142 Y49.216 E0.03669
G1 X65.541 Y48.39 E0.04348
G1 X65.857 Y47.82 E0.03089
G1 X66.289 Y47.124 E0.03883
G0 F18000 X66.916 Y47.555
G1 F2700 X67.312 Y46.991 E0.03266
G1 X67.629 Y46.578 E0.02468
G1 X68.062 Y46.06 E0.032
G1 X68.462 Y45.628 E0.0279
G1 X68.881 Y45.211 E0.02802
G1 X69.338 Y44.794 E0.02932
G1 X70.015 Y44.243 E0.04137
G1 X70.513 Y43.881 E0.02918
G1 X71.248 Y43.404 E0.04153
G1 X71.701 Y43.144 E0.02476
G1 X72.292 Y42.837 E0.03156
G1 X72.828 Y42.589 E0.02799
G1 X73.38 Y42.361 E0.02831
G1 X73.94 Y42.159 E0.02822
G1 X74.507 Y41.982 E0.02815
G1 X75.083 Y41.829 E0.02825
G1 X75.664 Y41.702 E0.02819
G1 X76.255 Y41.599 E0.02843
G1 X76.771 Y41.532 E0.02466
G1 X77.453 Y41.473 E0.03244
G1 X78.329 Y41.446 E0.04154
G1 X78.85 Y41.458 E0.0247
G1 X79.513 Y41.502 E0.03149
G1 X80.108 Y41.568 E0.02837
G1 X80.624 Y41.648 E0.02475
G1 X81.277 Y41.778 E0.03156
G1 X81.858 Y41.921 E0.02836
G1 X82.359 Y42.068 E0.02475
G1 X83.249 Y42.38 E0.0447
G1 X84.003 Y42.702 E0.03886
G1 X84.634 Y43.013 E0.03334
G1 X85.412 Y43.454 E0.04239
G1 X86.142 Y43.934 E0.04141
G1 X86.636 Y44.299 E0.02911
G1 X87.316 Y44.859 E0.04175
G1 X87.748 Y45.259 E0.0279
G1 X88.165 Y45.678 E0.02802
G1 X88.582 Y46.135 E0.02932
G1 X89.134 Y46.813 E0.04144
G1 X89.494 Y47.309 E0.02905
G1 X89.979 Y48.059 E0.04233
G1 X90.413 Y48.837 E0.04222
G1 X90.788 Y49.625 E0.04136
G1 X91.015 Y50.176 E0.02824
G1 X91.222 Y50.751 E0.02896
G1 X91.479 Y51.61 E0.0425
G1 X91.674 Y52.459 E0.04129
G1 X91.777 Y53.051 E0.02848
G1 X91.844 Y53.569 E0.02476
G1 X91.902 Y54.228 E0.03135
G1 X91.927 Y54.824 E0.02827
G1 X91.925 Y55.421 E0.0283
G1 X91.896 Y56.03 E0.0289
G1 X91.808 Y56.905 E0.04168
G1 X91.728 Y57.421 E0.02475
G1 X91.525 Y58.385 E0.04669
G1 X91.313 Y59.138 E0.03708
G1 X91.022 Y59.978 E0.04213
G1 X90.636 Y60.882 E0.04659
G1 X90.373 Y61.414 E0.02813
G1 X90.076 Y61.952 E0.02913
G1 X89.61 Y62.697 E0.04165
G1 X89.31 Y63.124 E0.02473
G1 X88.905 Y63.651 E0.0315
G1 X88.521 Y64.107 E0.02825
G1 X88.117 Y64.545 E0.02824
G1 X87.697 Y64.963 E0.02808
G1 X87.241 Y65.378 E0.02922
G1 X86.561 Y65.932 E0.04157
G1 X86.083 Y66.279 E0.028
G1 X85.585 Y66.611 E0.02837
G1 X85.062 Y66.925 E0.02891
G1 X84.373 Y67.294 E0.03704
G1 X83.477 Y67.701 E0.04664
G1 X82.919 Y67.917 E0.02836
G1 X82.356 Y68.106 E0.02815
G1 X81.767 Y68.275 E0.02904
G1 X81.006 Y68.453 E0.03704
G1 X80.324 Y68.574 E0.03283
G1 X79.808 Y68.641 E0.02466
G1 X78.846 Y68.715 E0.04573
G1 X78.253 Y68.726 E0.02811
G1 X77.733 Y68.715 E0.02465
G1 X77.066 Y68.671 E0.03168
G1 X76.454 Y68.602 E0.02919
G1 X75.592 Y68.457 E0.04143
G1 X75.082 Y68.344 E0.02476
G1 X74.152 Y68.083 E0.04578
G1 X73.59 Y67.891 E0.02815
G1 X73.034 Y67.673 E0.02831
G1 X72.487 Y67.43 E0.02837
G1 X71.965 Y67.17 E0.02764
G1 X71.432 Y66.878 E0.0288
G1 X70.988 Y66.607 E0.02465
G1 X70.195 Y66.064 E0.04555
G1 X69.712 Y65.691 E0.02892
G1 X69.042 Y65.115 E0.04188
G1 X68.667 Y64.754 E0.02467
G1 X68.256 Y64.325 E0.02816
G1 X67.806 Y63.811 E0.03238
G1 X67.265 Y63.118 E0.04167
G1 X66.967 Y62.69 E0.02472
G1 X66.46 Y61.876 E0.04545
G1 X66.17 Y61.346 E0.02863
G1 X65.942 Y60.88 E0.02459
G1 X65.564 Y59.996 E0.04557
G1 X65.361 Y59.435 E0.02828
G1 X65.183 Y58.865 E0.0283
G1 X65.032 Y58.293 E0.02804
G1 X64.905 Y57.711 E0.02823
G1 X64.802 Y57.12 E0.02843
G1 X64.735 Y56.605 E0.02461
G1 X64.677 Y55.942 E0.03154
G1 X64.652 Y55.346 E0.02827
G1 X64.652 Y54.826 E0.02465
G1 X64.705 Y53.864 E0.04566
G1 X64.771 Y53.265 E0.02856
G1 X64.851 Y52.751 E0.02465
G1 X64.981 Y52.094 E0.03174
G1 X65.129 Y51.503 E0.02888
G1 X65.454 Y50.44 E0.05268
G1 X65.827 Y49.545 E0.04596
G1 X66.206 Y48.758 E0.0414
G1 X66.503 Y48.22 E0.02913
G1 X66.916 Y47.555 E0.0371
G0 F18000 X66.6 Y47.343
G1 F2700 X67.011 Y46.76 E0.03381
G1 X67.337 Y46.334 E0.02542
G1 X67.783 Y45.802 E0.0329
G1 X68.194 Y45.359 E0.02864
G1 X68.623 Y44.932 E0.02869
G1 X69.097 Y44.5 E0.0304
G1 X69.79 Y43.936 E0.04235
G1 X70.305 Y43.563 E0.03014
G1 X71.059 Y43.074 E0.04259
G1 X71.526 Y42.807 E0.0255
G1 X72.132 Y42.492 E0.03237
G1 X72.683 Y42.238 E0.02876
G1 X73.251 Y42.004 E0.02912
G1 X73.827 Y41.796 E0.02903
G1 X74.409 Y41.615 E0.02889
G1 X75.002 Y41.458 E0.02907
G1 X75.599 Y41.328 E0.02896
G1 X76.206 Y41.222 E0.0292
G1 X76.737 Y41.154 E0.02537
G1 X77.441 Y41.093 E0.03349
G1 X78.338 Y41.066 E0.04253
G1 X78.875 Y41.079 E0.02546
G1 X79.555 Y41.124 E0.0323
G1 X80.166 Y41.192 E0.02914
G1 X80.698 Y41.275 E0.02552
G1 X81.368 Y41.409 E0.03238
G1 X81.965 Y41.556 E0.02914
G1 X82.483 Y41.709 E0.0256
G1 X83.386 Y42.025 E0.04534
G1 X84.171 Y42.361 E0.04047
G1 X84.82 Y42.682 E0.03432
G1 X85.512 Y43.07 E0.0376
G1 X86.367 Y43.627 E0.04836
G1 X86.877 Y44.005 E0.03009
G1 X87.574 Y44.58 E0.04283
G1 X88.017 Y44.991 E0.02864
G1 X88.444 Y45.42 E0.02869
G1 X88.876 Y45.894 E0.0304
G1 X89.441 Y46.589 E0.04245
G1 X89.756 Y47.019 E0.02526
G1 X90.246 Y47.766 E0.04234
G1 X90.756 Y48.673 E0.04932
G1 X91.139 Y49.48 E0.04234
G1 X91.372 Y50.046 E0.02901
G1 X91.586 Y50.64 E0.02992
G1 X91.849 Y51.524 E0.04371
G1 X92.048 Y52.394 E0.0423
G1 X92.154 Y53.002 E0.02925
G1 X92.223 Y53.536 E0.02552
G1 X92.282 Y54.212 E0.03216
G1 X92.307 Y54.825 E0.02908
G1 X92.305 Y55.439 E0.0291
G1 X92.276 Y56.048 E0.0289
G1 X92.184 Y56.963 E0.04359
G1 X92.104 Y57.479 E0.02475
G1 X91.891 Y58.488 E0.04888
G1 X91.64 Y59.365 E0.04323
G1 X91.376 Y60.117 E0.03777
G1 X90.977 Y61.05 E0.04809
G1 X90.706 Y61.598 E0.02898
G1 X90.399 Y62.152 E0.03002
G1 X89.98 Y62.827 E0.03765
G1 X89.611 Y63.356 E0.03057
G1 X89.196 Y63.896 E0.03228
G1 X88.8 Y64.365 E0.02909
G1 X88.385 Y64.814 E0.02898
G1 X87.954 Y65.243 E0.02882
G1 X87.482 Y65.672 E0.03023
G1 X86.784 Y66.24 E0.04265
G1 X86.306 Y66.587 E0.028
G1 X85.781 Y66.937 E0.02991
G1 X85.258 Y67.251 E0.02891
G1 X84.539 Y67.636 E0.03866
G1 X83.614 Y68.055 E0.04813
G1 X83.04 Y68.277 E0.02917
G1 X82.461 Y68.471 E0.02894
G1 X81.854 Y68.645 E0.02993
G1 X81.072 Y68.827 E0.03805
G1 X80.373 Y68.951 E0.03365
G1 X79.838 Y69.02 E0.02557
G1 X78.853 Y69.095 E0.04682
G1 X78.245 Y69.106 E0.02882
G1 X77.708 Y69.094 E0.02546
G1 X77.025 Y69.049 E0.03244
G1 X76.391 Y68.977 E0.03024
G1 X75.51 Y68.828 E0.04235
G1 X74.98 Y68.71 E0.02573
G1 X74.029 Y68.443 E0.04682
G1 X73.451 Y68.245 E0.02896
G1 X72.895 Y68.027 E0.02831
G1 X72.318 Y67.77 E0.02994
G1 X71.782 Y67.503 E0.02838
G1 X71.234 Y67.202 E0.02963
G1 X70.774 Y66.921 E0.02555
G1 X70.048 Y66.427 E0.04162
G1 X69.465 Y65.98 E0.03482
G1 X68.778 Y65.389 E0.04295
G1 X68.393 Y65.017 E0.02537
G1 X67.97 Y64.575 E0.029
G1 X67.507 Y64.046 E0.03332
G1 X66.953 Y63.335 E0.04272
G1 X66.645 Y62.892 E0.02557
G1 X66.127 Y62.058 E0.04653
G1 X65.829 Y61.513 E0.02944
G1 X65.593 Y61.03 E0.02548
G1 X65.211 Y60.138 E0.04599
G1 X64.998 Y59.548 E0.02973
G1 X64.816 Y58.962 E0.02908
G1 X64.661 Y58.374 E0.02882
G1 X64.531 Y57.776 E0.029
G1 X64.425 Y57.169 E0.0292
G1 X64.356 Y56.638 E0.02538
G1 X64.297 Y55.958 E0.03235
G1 X64.272 Y55.362 E0.02827
G1 X64.273 Y54.806 E0.02635
G1 X64.327 Y53.822 E0.04671
G1 X64.393 Y53.223 E0.02856
G1 X64.478 Y52.677 E0.02619
G1 X64.612 Y52.003 E0.03257
G1 X64.766 Y51.392 E0.02986
G1 X65.024 Y50.548 E0.04183
G1 X65.194 Y50.076 E0.02378
G1 X65.484 Y49.381 E0.03569
G1 X65.873 Y48.574 E0.04246
G1 X66.18 Y48.02 E0.03002
G1 X66.6 Y47.343 E0.03776
G1 F1800 E-3.5
G0 F18000 X65.41 Y53.395
G0 X65.303 Y55.368
G0 X65.497 Y57.341
G0 X65.989 Y59.259
G0 X66.619 Y60.737
G0 X86.912 Y100.177
G1 F1800 E3.52079
G1 F2700 X87.55 Y100.1 E0.03046
G1 X132.532 Y100.104 E2.13195
G1 X133.059 Y100.18 E0.02524
G1 X133.557 Y100.368 E0.02523
G1 X133.971 Y100.632 E0.02327
G1 X134.295 Y100.941 E0.02122
G1 X134.597 Y101.375 E0.02506
G1 X134.823 Y101.912 E0.02761
G1 X134.9 Y102.55 E0.03046
G1 X134.896 Y117.532 E0.71008
G1 X134.82 Y118.059 E0.02524
G1 X134.632 Y118.557 E0.02523
G1 X134.368 Y118.971 E0.02327
G1 X134.059 Y119.295 E0.02122
G1 X133.625 Y119.597 E0.02506
G1 X133.088 Y119.823 E0.02761
G1 X132.45 Y119.9 E0.03046
G1 X87.468 Y119.896 E2.13195
G1 X86.941 Y119.82 E0.02524
G1 X86.443 Y119.632 E0.02523
G1 X86.029 Y119.368 E0.02327
G1 X85.705 Y119.059 E0.02122
G1 X85.403 Y118.625 E0.02506
G1 X85.177 Y118.088 E0.02761
G1 X85.1 Y117.45 E0.03046
G1 X85.104 Y102.468 E0.71008
G1 X85.18 Y101.941 E0.02524
G1 X85.368 Y101.443 E0.02523
G1 X85.632 Y101.029 E0.02327
G1 X85.941 Y100.705 E0.02122
G1 X86.375 Y100.403 E0.02506
G1 X86.912 Y100.177 E0.02761
G0 F18000 X87.108 Y100.919
G1 F2700 X87.55 Y100.86 E0.02113
G1 X132.45 Y100.86 E2.12807
G1 X132.815 Y100.9 E0.0174
G1 X133.163 Y101.018 E0.01742
G1 X133.477 Y101.208 E0.01739
G1 X133.742 Y101.461 E0.01736
G1 X133.947 Y101.766 E0.01742
G1 X134.081 Y102.108 E0.01741
G1 X134.14 Y102.55 E0.02113
G1 X134.14 Y117.45 E0.7062
G1 X134.1 Y117.815 E0.0174
G1 X133.982 Y118.163 E0.01742
G1 X133.792 Y118.477 E0.01739
G1 X133.539 Y118.742 E0.01736
G1 X133.234 Y118.947 E0.01742
G1 X132.892 Y119.081 E0.01741
G1 X132.45 Y119.14 E0.02113
G1 X87.55 Y119.14 E2.12807
G1 X87.185 Y119.1 E0.0174
G1 X86.837 Y118.982 E0.01742
G1 X86.523 Y118.792 E0.01739
G1 X86.258 Y118.539 E0.01736
G1 X86.053 Y118.234 E0.01742
G1 X85.919 Y117.892 E0.01741
G1 X85.86 Y117.45 E0.02113
G1 X85.86 Y102.55 E0.7062
G1 X85.9 Y102.185 E0.0174
G1 X86.018 Y101.837 E0.01742
G1 X86.208 Y101.523 E0.01739
G1 X86.461 Y101.258 E0.01736
G1 X86.766 Y101.053 E0.01742
G1 X87.108 Y100.919 E0.01741
G0 F18000 X87.058 Y100.542
G1 F2700 X87.5 Y100.483 E0.02113
G1 X132.491 Y100.482 E2.13238
G1 X132.937 Y100.54 E0.02132
G1 X133.36 Y100.693 E0.02132
G1 X133.739 Y100.933 E0.02126
G1 X134.057 Y101.249 E0.02125
G1 X134.301 Y101.627 E0.02132
G1 X134.458 Y102.058 E0.02174
G1 X134.517 Y102.5 E0.02113
G1 X134.518 Y117.491 E0.71051
G1 X134.46 Y117.937 E0.02132
G1 X134.307 Y118.36 E0.02132
G1 X134.067 Y118.739 E0.02126
G1 X133.751 Y119.057 E0.02125
G1 X133.373 Y119.301 E0.02132
G1 X132.942 Y119.458 E0.02174
G1 X132.5 Y119.517 E0.02113
G1 X87.509 Y119.518 E2.13238
G1 X87.063 Y119.46 E0.02132
G1 X86.64 Y119.307 E0.02132
G1 X86.261 Y119.067 E0.02126
G1 X85.943 Y118.751 E0.02125
G1 X85.699 Y118.373 E0.02132
G1 X85.542 Y117.942 E0.02174
G1 X85.483 Y117.5 E0.02113
G1 X85.482 Y102.509 E0.71051
G1 X85.54 Y102.063 E0.02132
G1 X85.693 Y101.64 E0.02132
G1 X85.933 Y101.261 E0.02126
G1 X86.249 Y100.943 E0.02125
G1 X86.627 Y100.699 E0.02132
G1 X87.058 Y100.542 E0.02174
G1 F1800 E-3.5
;MESH:01_Prime_Insulator.STL
G0 F18000 X79.441 Y68.023
G0 X79.298 Y66.583
G0 X78.584 Y66.081
;TYPE:WALL-INNER
G1 F1800 E3.52079
G1 F2992.1 X78.764 Y66.074 E0.0071
G1 X79.063 Y66.057 E0.01181
G1 F3007.9 X79.489 Y66.019 E0.01678
G1 F2992.1 X79.774 Y65.984 E0.01133
G1 F2984.3 X80.219 Y65.915 E0.01781
G1 X80.71 Y65.814 E0.01982
G1 F2992.1 X80.942 Y65.759 E0.0094
G1 X81.179 Y65.698 E0.00965
G1 F2984.3 X81.417 Y65.631 E0.00978
G1 F3015.9 X81.877 Y65.482 E0.01892
G1 F3031.9 X82.109 Y65.398 E0.0096
G1 F3000 X82.514 Y65.24 E0.0171
G1 F2984.3 X82.779 Y65.126 E0.01141
G1 F2992.1 X83.191 Y64.93 E0.018
G1 F2984.3 X83.402 Y64.824 E0.00934
G1 F3000 X83.772 Y64.62 E0.01662
G1 F3007.9 X84.042 Y64.46 E0.01231
G1 X84.452 Y64.194 E0.01918
G1 F3015.9 X84.794 Y63.955 E0.01633
G1 F2992.1 X84.984 Y63.811 E0.0094
G1 F3007.9 X85.211 Y63.633 E0.01132
G1 F3015.9 X85.432 Y63.451 E0.0112
G1 F2992.1 X85.585 Y63.317 E0.00802
G1 X85.905 Y63.021 E0.01719
G1 F3000 X86.109 Y62.818 E0.01132
G1 X86.427 Y62.484 E0.01814
G1 F2992.1 X86.59 Y62.302 E0.00964
G1 F3000 X86.87 Y61.968 E0.01715
G1 F3007.9 X87.045 Y61.741 E0.01125
G1 F3000 X87.19 Y61.545 E0.00959
G1 F3015.9 X87.46 Y61.16 E0.0184
G1 F3000 X87.686 Y60.801 E0.01669
G1 F2984.3 X87.841 Y60.539 E0.01204
G1 F3007.9 X88.053 Y60.148 E0.01745
G1 X88.27 Y59.702 E0.01946
G1 F3015.9 X88.366 Y59.494 E0.00896
G1 F3040 X88.553 Y59.039 E0.0191
G1 F3031.9 X88.724 Y58.563 E0.01969
G1 F3007.9 X88.862 Y58.114 E0.01843
G1 F2992.1 X88.969 Y57.716 E0.01626
G1 F3000 X89.033 Y57.444 E0.01099
G1 F3007.9 X89.119 Y57.013 E0.01724
G1 X89.162 Y56.758 E0.01015
G1 F3023.9 X89.234 Y56.187 E0.02246
G1 F3007.9 X89.239 Y56.1 E0.00342
G1 X89.268 Y55.768 E0.01308
G1 F3015.9 X89.279 Y55.527 E0.00944
G1 F3000 X89.286 Y55.272 E0.01004
G1 X89.286 Y54.835 E0.01719
G1 F2992.1 X89.278 Y54.608 E0.00896
G1 F3000 X89.263 Y54.324 E0.01119
G1 F3015.9 X89.222 Y53.867 E0.01795
G1 X89.19 Y53.61 E0.01013
G1 F3007.9 X89.154 Y53.371 E0.00948
G1 X89.11 Y53.113 E0.01027
G1 F3000 X89.016 Y52.654 E0.01843
G1 F2984.3 X88.899 Y52.182 E0.01923
G1 F2976.5 X88.86 Y52.043 E0.00572
G1 F3000 X88.766 Y51.735 E0.01267
G1 X88.702 Y51.544 E0.00792
G1 F3007.9 X88.558 Y51.137 E0.01694
G1 F3031.9 X88.331 Y50.597 E0.0228
G1 F3007.9 X88.248 Y50.417 E0.00778
G1 F3015.9 X88.132 Y50.177 E0.01043
G1 F3023.9 X88.021 Y49.959 E0.00955
G1 F3007.9 X87.785 Y49.533 E0.01911
G1 X87.654 Y49.315 E0.00998
G1 F3000 X87.417 Y48.948 E0.01719
G1 F2992.1 X87.273 Y48.737 E0.01008
G1 X87.128 Y48.539 E0.00968
G1 F2984.3 X86.841 Y48.168 E0.01855
G1 F2992.1 X86.684 Y47.976 E0.00978
G1 F2984.3 X86.401 Y47.658 E0.01683
G1 F2968.8 X86.207 Y47.452 E0.01125
G1 F2976.5 X86.019 Y47.262 E0.0106
G1 X85.716 Y46.973 E0.0166
G1 F2984.3 X85.603 Y46.869 E0.00607
G1 F3015.9 X85.349 Y46.651 E0.0131
G1 F3031.9 X85.116 Y46.46 E0.01173
G1 F3007.9 X84.98 Y46.355 E0.00674
G1 F2984.3 X84.744 Y46.18 E0.01162
G1 F2992.1 X84.358 Y45.912 E0.01853
G1 X83.991 Y45.679 E0.01715
G1 F3000 X83.769 Y45.547 E0.01016
G1 F3015.9 X83.341 Y45.313 E0.01909
G1 F3031.9 X82.922 Y45.109 E0.01814
G1 X82.68 Y45 E0.01033
G1 F3015.9 X82.442 Y44.899 E0.01012
G1 F3040 X82.023 Y44.738 E0.01743
G1 X81.851 Y44.678 E0.00707
G1 F3023.9 X81.58 Y44.59 E0.01112
G1 F3015.9 X81.318 Y44.511 E0.01071
G1 F2992.1 X80.901 Y44.4 E0.01702
G1 F3007.9 X80.617 Y44.334 E0.01144
G1 F3015.9 X80.365 Y44.283 E0.01006
G1 F2992.1 X79.966 Y44.213 E0.01598
G1 F2984.3 X79.444 Y44.146 E0.02081
G1 F2992.1 X79.221 Y44.124 E0.00884
G1 F3000 X78.713 Y44.094 E0.02002
G1 F2992.1 X78.526 Y44.088 E0.00738
G1 X78.23 Y44.086 E0.01168
G1 F3000 X77.768 Y44.099 E0.01818
G1 X77.532 Y44.112 E0.0093
G1 F3007.9 X77.267 Y44.133 E0.01043
G1 X76.83 Y44.183 E0.01726
G1 X76.355 Y44.255 E0.01885
G1 F3023.9 X75.863 Y44.356 E0.0196
G1 F3000 X75.617 Y44.412 E0.00992
G1 F2992.1 X75.382 Y44.475 E0.0096
G1 F3000 X74.941 Y44.607 E0.01811
G1 F2992.1 X74.513 Y44.752 E0.01782
G1 F3000 X74.062 Y44.929 E0.01906
G1 F3023.9 X73.795 Y45.046 E0.01138
G1 F3015.9 X73.421 Y45.223 E0.01619
G1 F2984.3 X73.168 Y45.35 E0.01119
G1 F2992.1 X72.745 Y45.583 E0.01905
G1 F3000 X72.529 Y45.714 E0.00994
G1 F2992.1 X72.156 Y45.953 E0.01747
G1 X71.753 Y46.235 E0.0194
G1 X71.407 Y46.502 E0.01724
G1 F3000 X71.166 Y46.702 E0.01232
G1 F3015.9 X70.822 Y47.008 E0.01802
G1 F3023.9 X70.485 Y47.33 E0.01819
G1 F3007.9 X70.339 Y47.482 E0.00827
G1 F2992.1 X70.074 Y47.77 E0.01544
G1 F3007.9 X69.846 Y48.033 E0.01366
G1 F3000 X69.675 Y48.244 E0.01068
G1 F2992.1 X69.388 Y48.624 E0.01878
G1 F3023.9 X69.278 Y48.776 E0.00732
G1 X69.105 Y49.029 E0.01196
G1 F2992.1 X68.912 Y49.332 E0.01417
G1 F2984.3 X68.735 Y49.63 E0.01371
G1 F3000 X68.516 Y50.034 E0.01808
G1 F3023.9 X68.301 Y50.474 E0.01911
G1 F3007.9 X68.126 Y50.877 E0.01724
G1 F3000 X68.016 Y51.152 E0.01165
G1 F3007.9 X67.857 Y51.589 E0.01825
G1 F2984.3 X67.721 Y52.033 E0.01836
G1 X67.652 Y52.275 E0.00995
G1 F2992.1 X67.579 Y52.576 E0.01222
G1 X67.5 Y52.939 E0.01465
G1 F3000 X67.41 Y53.436 E0.01987
G1 X67.342 Y53.981 E0.02161
G1 F2992.1 X67.337 Y54.068 E0.00344
G1 X67.308 Y54.401 E0.01318
G1 X67.291 Y54.846 E0.01756
G1 X67.286 Y55.131 E0.01124
G1 X67.297 Y55.56 E0.01693
G1 F3000 X67.315 Y55.856 E0.01167
G1 F2984.3 X67.354 Y56.282 E0.01692
G1 F2968.8 X67.388 Y56.564 E0.01129
G1 X67.409 Y56.709 E0.00582
G1 F2984.3 X67.466 Y57.053 E0.01379
G1 F3007.9 X67.558 Y57.51 E0.01829
G1 F2992.1 X67.616 Y57.757 E0.01001
G1 F2976.5 X67.716 Y58.125 E0.01512
G1 F3000 X67.812 Y58.437 E0.01284
G1 F3015.9 X67.966 Y58.89 E0.01872
G1 F3007.9 X68.034 Y59.069 E0.00751
G1 F3000 X68.242 Y59.565 E0.02116
G1 F2976.5 X68.327 Y59.75 E0.00807
G1 F3000 X68.56 Y60.218 E0.02057
G1 F3007.9 X68.779 Y60.615 E0.01779
G1 F2984.3 X69.013 Y60.999 E0.01778
G1 F2992.1 X69.177 Y61.249 E0.01179
G1 X69.452 Y61.638 E0.01879
G1 X69.731 Y61.996 E0.0179
G1 F3000 X69.924 Y62.23 E0.01193
G1 F2992.1 X70.223 Y62.563 E0.01765
G1 F2976.5 X70.343 Y62.69 E0.00693
G1 F2984.3 X70.55 Y62.901 E0.01169
G1 F3000 X70.894 Y63.228 E0.01867
G1 X71.071 Y63.385 E0.00931
G1 F2992.1 X71.41 Y63.67 E0.01747
G1 X71.829 Y63.988 E0.02075
G1 F3000 X72.221 Y64.259 E0.01875
G1 X72.614 Y64.508 E0.0183
G1 F3007.9 X72.799 Y64.619 E0.00846
G1 F3015.9 X73.224 Y64.851 E0.01895
G1 F3023.9 X73.634 Y65.05 E0.01779
G1 F3015.9 X74.111 Y65.261 E0.02041
G1 F2992.1 X74.543 Y65.429 E0.01828
G1 X74.979 Y65.574 E0.01812
G1 F3007.9 X75.262 Y65.661 E0.01162
G1 F3000 X75.644 Y65.761 E0.01553
G1 F2992.1 X75.958 Y65.835 E0.01272
G1 X76.359 Y65.913 E0.01611
G1 F3000 X76.628 Y65.96 E0.01074
G1 F3023.9 X76.91 Y65.999 E0.01111
G1 X77.195 Y66.03 E0.01119
G1 F3015.9 X77.611 Y66.064 E0.01633
G1 F3023.9 X77.863 Y66.077 E0.00985
G1 F3015.9 X78.303 Y66.086 E0.01722
G1 F3007.9 X78.584 Y66.081 E0.01103
G0 F18000 X75.968 Y65.715
G0 X74.598 Y65.319
G0 X73.298 Y64.753
G0 X71.886 Y63.882
G0 X70.618 Y62.802
G0 X69.536 Y61.547
G0 X68.657 Y60.146
G0 X67.999 Y58.614
G0 X67.581 Y57.012
G0 X67.423 Y55.59
G0 X67.471 Y53.945
G0 X67.771 Y52.305
G0 X68.315 Y50.744
G0 X68.99 Y49.441
G0 X69.955 Y48.093
G0 X70.912 Y47.089
G0 X72.215 Y46.06
G0 X73.658 Y45.241
G0 X74.54 Y44.906
G0 X76.82 Y44.125
G0 X76.777 Y43.807
G1 F3000 X77.3 Y43.748 E0.0207
G1 X77.538 Y43.729 E0.00939
G1 X78.037 Y43.706 E0.01965
G1 X78.526 Y43.707 E0.01924
G1 X78.982 Y43.728 E0.01796
G1 X79.251 Y43.746 E0.01061
G1 X79.479 Y43.767 E0.00901
G1 X80.015 Y43.836 E0.02126
G1 X80.471 Y43.917 E0.01822
G1 X80.991 Y44.03 E0.02093
G1 X81.467 Y44.158 E0.01939
G1 X81.966 Y44.317 E0.0206
G1 X82.378 Y44.469 E0.01728
G1 X82.636 Y44.569 E0.01089
G1 X82.83 Y44.653 E0.00832
G1 X83.318 Y44.88 E0.02117
G1 X83.51 Y44.975 E0.00843
G1 X83.759 Y45.107 E0.01109
G1 X83.927 Y45.201 E0.00757
G1 X84.184 Y45.351 E0.01171
G1 X84.593 Y45.611 E0.01907
G1 X84.963 Y45.869 E0.01774
G1 X85.209 Y46.051 E0.01204
G1 X85.353 Y46.166 E0.00725
G1 X85.821 Y46.555 E0.02394
G1 X85.972 Y46.69 E0.00797
G1 X86.155 Y46.862 E0.00988
G1 X86.5 Y47.206 E0.01917
G1 X86.677 Y47.395 E0.01019
G1 X86.972 Y47.729 E0.01753
G1 X87.151 Y47.946 E0.01107
G1 X87.43 Y48.308 E0.01798
G1 X87.602 Y48.544 E0.01149
G1 X87.884 Y48.966 E0.01997
G1 X88.111 Y49.339 E0.01718
G1 X88.354 Y49.779 E0.01977
G1 X88.589 Y50.249 E0.02067
G1 X88.677 Y50.444 E0.00842
G1 X88.855 Y50.861 E0.01784
G1 X89.061 Y51.415 E0.02325
G1 X89.217 Y51.911 E0.02045
G1 X89.22 Y51.912 E0.00012
G1 X89.329 Y52.325 E0.0168
G1 X89.386 Y52.568 E0.00982
G1 X89.448 Y52.86 E0.01174
G1 X89.486 Y53.06 E0.00801
G1 X89.543 Y53.397 E0.01345
G1 X89.601 Y53.84 E0.01758
G1 X89.624 Y54.086 E0.00972
G1 X89.658 Y54.585 E0.01968
G1 X89.666 Y54.835 E0.00984
G1 X89.666 Y55.272 E0.01719
G1 X89.658 Y55.575 E0.01192
G1 X89.646 Y55.766 E0.00753
G1 X89.605 Y56.279 E0.02024
G1 X89.576 Y56.523 E0.00967
G1 X89.537 Y56.81 E0.01139
G1 X89.497 Y57.052 E0.00965
G1 X89.399 Y57.546 E0.01981
G1 X89.339 Y57.802 E0.01034
G1 X89.228 Y58.214 E0.01679
G1 X89.14 Y58.506 E0.012
G1 X89.069 Y58.727 E0.00913
G1 X88.981 Y58.973 E0.01028
G1 X88.801 Y59.434 E0.01947
G1 X88.714 Y59.641 E0.00883
G1 X88.615 Y59.859 E0.00942
G1 X88.381 Y60.338 E0.02097
G1 X88.161 Y60.746 E0.01823
G1 X88.013 Y60.997 E0.01146
G1 X87.784 Y61.354 E0.01668
G1 X87.611 Y61.609 E0.01212
G1 X87.348 Y61.969 E0.01754
G1 X87.169 Y62.2 E0.0115
G1 X86.882 Y62.545 E0.01765
G1 X86.707 Y62.741 E0.01034
G1 X86.38 Y63.084 E0.01864
G1 X86.17 Y63.292 E0.01163
G1 X85.794 Y63.641 E0.02018
G1 X85.649 Y63.765 E0.00751
G1 X85.218 Y64.111 E0.02174
G1 X85.022 Y64.258 E0.00964
G1 X84.817 Y64.402 E0.00986
G1 X84.401 Y64.683 E0.01975
G1 X84.245 Y64.782 E0.00727
G1 X83.588 Y65.157 E0.02976
G1 X83.095 Y65.399 E0.0216
G1 X82.936 Y65.472 E0.00688
G1 X82.662 Y65.59 E0.01174
G1 X82.186 Y65.774 E0.02008
G1 X81.737 Y65.93 E0.0187
G1 X81.478 Y66.01 E0.01066
G1 X81.011 Y66.134 E0.01901
G1 X80.796 Y66.184 E0.00868
G1 X80.266 Y66.294 E0.02129
G1 X79.827 Y66.361 E0.01747
G1 X79.533 Y66.396 E0.01165
G1 X79.278 Y66.42 E0.01008
G1 X78.787 Y66.455 E0.01936
G1 X78.308 Y66.466 E0.01885
G1 X78.044 Y66.462 E0.01039
G1 X77.588 Y66.441 E0.01796
G1 X77.161 Y66.407 E0.01685
G1 X76.833 Y66.371 E0.01298
G1 X76.538 Y66.33 E0.01172
G1 X76.32 Y66.292 E0.00871
G1 X75.849 Y66.2 E0.01888
G1 X75.558 Y66.131 E0.01176
G1 X75.131 Y66.018 E0.01738
G1 X74.868 Y65.937 E0.01083
G1 X74.423 Y65.79 E0.01844
G1 X73.944 Y65.603 E0.02023
G1 X73.916 Y65.588 E0.00125
G1 X73.709 Y65.499 E0.00886
G1 X73.459 Y65.386 E0.01079
G1 X73.037 Y65.181 E0.01846
G1 X72.616 Y64.95 E0.01889
G1 X72.418 Y64.833 E0.00905
G1 X72.004 Y64.572 E0.01925
G1 X71.763 Y64.407 E0.01149
G1 X71.608 Y64.296 E0.0075
G1 X71.168 Y63.964 E0.02168
G1 X70.823 Y63.673 E0.01775
G1 X70.602 Y63.477 E0.01162
G1 X70.284 Y63.172 E0.01733
G1 X70.071 Y62.956 E0.01193
G1 X69.923 Y62.798 E0.00852
G1 X69.636 Y62.478 E0.01691
G1 X69.437 Y62.236 E0.01233
G1 X69.113 Y61.82 E0.02074
G1 X68.865 Y61.464 E0.01707
G1 X68.694 Y61.205 E0.01221
G1 X68.454 Y60.812 E0.01811
G1 X68.226 Y60.396 E0.01866
G1 X67.986 Y59.92 E0.02097
G1 X67.873 Y59.673 E0.01069
G1 X67.683 Y59.209 E0.01972
G1 X67.594 Y58.979 E0.0097
G1 X67.515 Y58.749 E0.00957
G1 X67.359 Y58.257 E0.0203
G1 X67.248 Y57.854 E0.01644
G1 X67.183 Y57.572 E0.01138
G1 X67.128 Y57.304 E0.01076
G1 X67.032 Y56.772 E0.02127
G1 X66.975 Y56.328 E0.01761
G1 X66.937 Y55.884 E0.01753
G1 X66.917 Y55.583 E0.01187
G1 X66.906 Y55.136 E0.01759
G1 X66.91 Y54.84 E0.01165
G1 X66.929 Y54.403 E0.01721
G1 X66.965 Y53.946 E0.01803
G1 X67.005 Y53.601 E0.01366
G1 X67.035 Y53.384 E0.00862
G1 X67.08 Y53.116 E0.01069
G1 X67.078 Y53.114 E0.00011
G1 X67.178 Y52.624 E0.01967
G1 X67.292 Y52.149 E0.01922
G1 X67.443 Y51.639 E0.02092
G1 X67.507 Y51.442 E0.00815
G1 X67.661 Y51.022 E0.0176
G1 X67.773 Y50.736 E0.01208
G1 X67.974 Y50.28 E0.0196
G1 X68.177 Y49.867 E0.0181
G1 X68.312 Y49.611 E0.01139
G1 X68.403 Y49.446 E0.00741
G1 X68.559 Y49.183 E0.01203
G1 X68.685 Y48.978 E0.00947
G1 X68.79 Y48.819 E0.0075
G1 X69.078 Y48.406 E0.01981
G1 X69.26 Y48.158 E0.0121
G1 X69.376 Y48.009 E0.00743
G1 X69.557 Y47.789 E0.01121
G1 X69.895 Y47.4 E0.02027
G1 X70.062 Y47.221 E0.00963
G1 X70.435 Y46.852 E0.02064
G1 X70.779 Y46.534 E0.01843
G1 X71.144 Y46.226 E0.01879
G1 X71.353 Y46.062 E0.01045
G1 X71.529 Y45.93 E0.00865
G1 X71.939 Y45.641 E0.01973
G1 X72.381 Y45.358 E0.02065
G1 X72.594 Y45.231 E0.00976
G1 X72.811 Y45.109 E0.00979
G1 X72.989 Y45.014 E0.00794
G1 X73.251 Y44.883 E0.01152
G1 X73.437 Y44.794 E0.00811
G1 X73.908 Y44.582 E0.02032
G1 X74.377 Y44.398 E0.01982
G1 X74.621 Y44.311 E0.01019
G1 X75.075 Y44.168 E0.01872
G1 X75.52 Y44.043 E0.01818
G1 X76.078 Y43.922 E0.02246
G1 X76.309 Y43.878 E0.00925
G1 X76.777 Y43.807 E0.01862
G0 F18000 X76.82 Y44.125
G0 X79.385 Y44.278
G0 X81.352 Y44.586
G0 X81.261 Y44.889
G1 F3000 X81.036 Y44.827 E0.00918
G1 X80.581 Y44.714 E0.01844
G1 X80.316 Y44.657 E0.01066
G1 X79.951 Y44.599 E0.01454
G1 X79.905 Y44.589 E0.00185
G1 X79.598 Y44.547 E0.01219
G1 X79.213 Y44.503 E0.01524
G1 X78.744 Y44.475 E0.01848
G1 X78.267 Y44.466 E0.01877
G1 X77.821 Y44.478 E0.01755
G1 X77.335 Y44.507 E0.01915
G1 X76.894 Y44.557 E0.01746
G1 X76.649 Y44.591 E0.00973
G1 X76.416 Y44.629 E0.00929
G1 X75.977 Y44.719 E0.01763
G1 X75.792 Y44.76 E0.00745
G1 X75.542 Y44.824 E0.01015
G1 X75.089 Y44.959 E0.01859
G1 X74.653 Y45.105 E0.01809
G1 X74.22 Y45.274 E0.01828
G1 X73.981 Y45.375 E0.01021
G1 X73.377 Y45.669 E0.02643
G1 X72.968 Y45.893 E0.01834
G1 X72.781 Y46.004 E0.00855
G1 X72.382 Y46.26 E0.01865
G1 X71.997 Y46.526 E0.01841
G1 X71.64 Y46.802 E0.01775
G1 X71.435 Y46.971 E0.01045
G1 X71.097 Y47.269 E0.01773
G1 X70.766 Y47.583 E0.01795
G1 X70.37 Y48.007 E0.02282
G1 X70.159 Y48.248 E0.0126
G1 X70.004 Y48.441 E0.00974
G1 X69.726 Y48.805 E0.01802
G1 X69.638 Y48.926 E0.00589
G1 X69.596 Y48.977 E0.0026
G1 X69.45 Y49.195 E0.01032
G1 X69.234 Y49.535 E0.01585
G1 X69.086 Y49.781 E0.01129
G1 X68.868 Y50.177 E0.01778
G1 X68.631 Y50.658 E0.02109
G1 X68.564 Y50.813 E0.00664
G1 X68.38 Y51.259 E0.01898
G1 X68.225 Y51.684 E0.0178
G1 X68.092 Y52.119 E0.01789
G1 X68.025 Y52.35 E0.00946
G1 X67.954 Y52.645 E0.01194
G1 X67.879 Y52.985 E0.0137
G1 X67.791 Y53.45 E0.01862
G1 X67.72 Y54.015 E0.0224
G1 X67.718 Y54.068 E0.00209
G1 X67.688 Y54.406 E0.01335
G1 X67.679 Y54.622 E0.0085
G1 X67.666 Y55.094 E0.01857
G1 X67.678 Y55.576 E0.01897
G1 X67.691 Y55.817 E0.00949
G1 X67.709 Y56.011 E0.00766
G1 X67.761 Y56.484 E0.01872
G1 X67.83 Y56.936 E0.01799
G1 X67.925 Y57.41 E0.01902
G1 X67.976 Y57.633 E0.009
G1 X68.16 Y58.289 E0.0268
G1 X68.332 Y58.787 E0.02073
G1 X68.363 Y58.863 E0.00323
G1 X68.376 Y58.907 E0.0018
G1 X68.571 Y59.369 E0.01973
G1 X68.774 Y59.809 E0.01906
G1 X68.868 Y59.992 E0.00809
G1 X69.09 Y60.394 E0.01807
G1 X69.219 Y60.616 E0.0101
G1 X69.457 Y60.986 E0.01731
G1 X69.725 Y61.368 E0.01836
G1 X70.013 Y61.74 E0.01851
G1 X70.192 Y61.959 E0.01113
G1 X70.483 Y62.285 E0.01719
G1 X70.805 Y62.62 E0.01828
G1 X71.091 Y62.892 E0.01553
G1 X71.288 Y63.071 E0.01047
G1 X71.644 Y63.37 E0.01829
G1 X72.012 Y63.651 E0.01821
G1 X72.392 Y63.918 E0.01827
G1 X72.787 Y64.168 E0.01839
G1 X72.995 Y64.296 E0.00961
G1 X73.404 Y64.518 E0.01831
G1 X73.754 Y64.689 E0.01532
G1 X74.219 Y64.895 E0.02001
G1 X74.693 Y65.08 E0.02002
G1 X74.913 Y65.155 E0.00914
G1 X75.337 Y65.289 E0.01749
G1 X75.584 Y65.355 E0.01006
G1 X76.014 Y65.459 E0.0174
G1 X76.266 Y65.511 E0.01012
G1 X76.667 Y65.582 E0.01602
G1 X76.894 Y65.615 E0.00902
G1 X77.166 Y65.647 E0.01077
G1 X77.605 Y65.684 E0.01733
G1 X77.833 Y65.697 E0.00898
G1 X78.295 Y65.706 E0.01818
G1 X78.551 Y65.703 E0.01007
G1 X79.022 Y65.681 E0.01855
G1 X79.421 Y65.644 E0.01576
G1 X79.692 Y65.611 E0.01074
G1 X80.159 Y65.539 E0.01859
G1 X80.611 Y65.447 E0.01815
G1 X80.818 Y65.399 E0.00836
G1 X81.262 Y65.281 E0.01807
G1 X81.723 Y65.137 E0.019
G1 X81.923 Y65.064 E0.00838
G1 X82.341 Y64.9 E0.01766
G1 X82.57 Y64.804 E0.00977
G1 X82.991 Y64.606 E0.0183
G1 X83.42 Y64.384 E0.019
G1 X83.654 Y64.253 E0.01055
G1 X84.191 Y63.915 E0.02496
G1 X84.575 Y63.645 E0.01847
G1 X84.94 Y63.366 E0.01807
G1 X85.117 Y63.22 E0.00903
G1 X85.29 Y63.072 E0.00896
G1 X85.647 Y62.743 E0.0191
G1 X85.824 Y62.568 E0.00979
G1 X86.128 Y62.248 E0.01736
G1 X86.276 Y62.083 E0.00872
G1 X86.581 Y61.724 E0.01853
G1 X86.733 Y61.528 E0.00976
G1 X86.853 Y61.366 E0.00793
G1 X87.143 Y60.953 E0.01985
G1 X87.351 Y60.62 E0.01545
G1 X87.499 Y60.371 E0.01139
G1 X87.704 Y60 E0.01667
G1 X87.826 Y59.755 E0.01077
G1 X88.023 Y59.336 E0.01821
G1 X88.195 Y58.922 E0.01764
G1 X88.353 Y58.477 E0.01858
G1 X88.489 Y58.036 E0.01815
G1 X88.559 Y57.794 E0.00991
G1 X88.664 Y57.357 E0.01768
G1 X88.747 Y56.939 E0.01676
G1 X88.787 Y56.708 E0.00922
G1 X88.857 Y56.153 E0.02201
G1 X88.857 Y56.099 E0.00212
G1 X88.89 Y55.745 E0.01399
G1 X88.905 Y55.316 E0.01689
G1 X88.906 Y54.835 E0.01892
G1 X88.885 Y54.352 E0.01902
G1 X88.845 Y53.9 E0.01785
G1 X88.819 Y53.69 E0.00832
G1 X88.739 Y53.189 E0.01996
G1 X88.651 Y52.761 E0.01719
G1 X88.539 Y52.302 E0.01859
G1 X88.405 Y51.848 E0.01862
G1 X88.223 Y51.333 E0.02149
G1 X88.225 Y51.33 E0.00014
G1 X88.206 Y51.268 E0.00255
G1 X88.159 Y51.167 E0.00438
G1 X88.005 Y50.795 E0.01584
G1 X87.804 Y50.365 E0.01867
G1 X87.709 Y50.177 E0.00829
G1 X87.47 Y49.747 E0.01935
G1 X87.336 Y49.521 E0.01034
G1 X86.966 Y48.96 E0.02644
G1 X86.856 Y48.81 E0.00732
G1 X86.562 Y48.427 E0.01899
G1 X86.407 Y48.236 E0.00968
G1 X86.27 Y48.087 E0.00796
G1 X86.03 Y47.816 E0.01424
G1 X85.77 Y47.552 E0.01458
G1 X85.368 Y47.17 E0.02182
G1 X85.124 Y46.955 E0.01279
G1 X84.93 Y46.795 E0.00989
G1 X84.569 Y46.523 E0.01778
G1 X84.182 Y46.252 E0.01859
G1 X83.811 Y46.013 E0.01736
G1 X83.576 Y45.873 E0.01076
G1 X83.195 Y45.664 E0.01709
G1 X82.779 Y45.457 E0.01828
G1 X82.348 Y45.269 E0.0185
G1 X81.894 Y45.091 E0.01918
G1 X81.493 Y44.958 E0.01662
G1 X81.261 Y44.889 E0.00952
G0 F18000 X81.352 Y44.586
G0 X83.312 Y45.435
G0 X84.693 Y46.291
G0 X85.957 Y47.367
G0 X87.043 Y48.625
G0 X87.921 Y50.027
G0 X88.579 Y51.555
G0 X88.998 Y53.161
G0 X89.169 Y55.051
G0 X89.043 Y56.74
G0 X88.603 Y58.549
G0 X87.94 Y60.11
G0 X87.085 Y61.491
G0 X86.011 Y62.75
G0 X84.751 Y63.84
G0 X83.348 Y64.718
G0 X81.817 Y65.378
G0 X80.523 Y65.715
G0 X78.576 Y66.022
G0 X78.544 Y65.323
;TYPE:WALL-OUTER
G1 F1500 X78.302 Y65.326 E0.00952
G1 X77.854 Y65.318 E0.01763
G1 X77.637 Y65.306 E0.00855
G1 X77.207 Y65.269 E0.01698
G1 X76.949 Y65.239 E0.01022
G1 X76.717 Y65.205 E0.00922
G1 X76.707 Y65.201 E0.00042
G1 X76.296 Y65.129 E0.01641
G1 X76.086 Y65.085 E0.00844
G1 X75.682 Y64.988 E0.01634
G1 X75.451 Y64.926 E0.00941
G1 X75.037 Y64.796 E0.01707
G1 X74.811 Y64.718 E0.00941
G1 X74.373 Y64.547 E0.0185
G1 X73.92 Y64.347 E0.01948
G1 X73.585 Y64.184 E0.01466
G1 X73.177 Y63.962 E0.01827
G1 X72.99 Y63.847 E0.00864
G1 X72.61 Y63.606 E0.0177
G1 X72.256 Y63.36 E0.01696
G1 X71.888 Y63.079 E0.01821
G1 X71.542 Y62.788 E0.01779
G1 X71.353 Y62.617 E0.01003
G1 X71.056 Y62.334 E0.01614
G1 X70.766 Y62.031 E0.0165
G1 X70.485 Y61.717 E0.01658
G1 X70.313 Y61.507 E0.01068
G1 X70.035 Y61.148 E0.01786
G1 X69.777 Y60.78 E0.01768
G1 X69.547 Y60.424 E0.01667
G1 X69.422 Y60.209 E0.00978
G1 X69.218 Y59.843 E0.01648
G1 X69.119 Y59.649 E0.00857
G1 X68.921 Y59.221 E0.01855
G1 X68.726 Y58.755 E0.01987
G1 X68.728 Y58.752 E0.00014
G1 X68.684 Y58.642 E0.00466
G1 X68.525 Y58.182 E0.01915
G1 X68.346 Y57.547 E0.02595
G1 X68.297 Y57.334 E0.0086
G1 X68.206 Y56.879 E0.01825
G1 X68.139 Y56.44 E0.01747
G1 X68.087 Y55.978 E0.01829
G1 X68.07 Y55.783 E0.0077
G1 X68.058 Y55.566 E0.00855
G1 X68.046 Y55.105 E0.01814
G1 X68.066 Y54.44 E0.02617
G1 X68.101 Y54.071 E0.01458
G1 X68.098 Y54.068 E0.00017
G1 X68.165 Y53.52 E0.02172
G1 X68.25 Y53.067 E0.01813
G1 X68.323 Y52.735 E0.01337
G1 X68.389 Y52.457 E0.01124
G1 X68.582 Y51.814 E0.02641
G1 X68.732 Y51.403 E0.01721
G1 X68.91 Y50.971 E0.01838
G1 X68.975 Y50.831 E0.00607
G1 X68.972 Y50.828 E0.00017
G1 X69.201 Y50.36 E0.0205
G1 X69.412 Y49.977 E0.0172
G1 X69.555 Y49.738 E0.01096
G1 X69.765 Y49.407 E0.01542
G1 X69.921 Y49.178 E0.0109
G1 X69.926 Y49.177 E0.0002
G1 X70.012 Y49.056 E0.00584
G1 X70.301 Y48.678 E0.01872
G1 X70.445 Y48.498 E0.00907
G1 X70.648 Y48.266 E0.01213
G1 X71.028 Y47.859 E0.0219
G1 X71.349 Y47.553 E0.01745
G1 X71.675 Y47.265 E0.01711
G1 X71.874 Y47.102 E0.01012
G1 X72.214 Y46.838 E0.01693
G1 X72.568 Y46.592 E0.01696
G1 X72.945 Y46.349 E0.01764
G1 X73.15 Y46.227 E0.00938
G1 X73.545 Y46.01 E0.01773
G1 X74.129 Y45.725 E0.02556
G1 X74.36 Y45.628 E0.00986
G1 X74.773 Y45.465 E0.01747
G1 X75.198 Y45.323 E0.01763
G1 X75.637 Y45.192 E0.01802
G1 X75.877 Y45.13 E0.00975
G1 X76.038 Y45.093 E0.0065
G1 X76.477 Y45.004 E0.01762
G1 X76.701 Y44.967 E0.00893
G1 X76.938 Y44.935 E0.00941
G1 X77.362 Y44.886 E0.01679
G1 X77.589 Y44.87 E0.00895
G1 X77.831 Y44.858 E0.00953
G1 X78.26 Y44.846 E0.01688
G1 X78.723 Y44.854 E0.01822
G1 X79.182 Y44.883 E0.01809
G1 X79.546 Y44.923 E0.01441
G1 X79.843 Y44.964 E0.01179
G1 X80.281 Y45.039 E0.01748
G1 X80.489 Y45.082 E0.00836
G1 X80.936 Y45.194 E0.01813
G1 X81.373 Y45.319 E0.01788
G1 X81.765 Y45.45 E0.01626
G1 X82.198 Y45.618 E0.01827
G1 X82.625 Y45.805 E0.01834
G1 X83.012 Y45.997 E0.01699
G1 X83.402 Y46.212 E0.01752
G1 X83.623 Y46.344 E0.01013
G1 X83.964 Y46.564 E0.01596
G1 X84.341 Y46.827 E0.01808
G1 X84.689 Y47.089 E0.01714
G1 X84.874 Y47.241 E0.00942
G1 X85.104 Y47.442 E0.01202
G1 X85.5 Y47.818 E0.02148
G1 X85.746 Y48.069 E0.01383
G1 X86.091 Y48.456 E0.0204
G1 X86.096 Y48.458 E0.00021
G1 X86.261 Y48.659 E0.01023
G1 X86.548 Y49.033 E0.01855
G1 X86.669 Y49.2 E0.00811
G1 X86.793 Y49.385 E0.00876
G1 X87.019 Y49.733 E0.01632
G1 X87.138 Y49.931 E0.00909
G1 X87.37 Y50.349 E0.01881
G1 X87.46 Y50.527 E0.00785
G1 X87.654 Y50.941 E0.01799
G1 X87.813 Y51.325 E0.01635
G1 X87.843 Y51.383 E0.00257
G1 X87.857 Y51.422 E0.00163
G1 X87.853 Y51.427 E0.00025
G1 X87.906 Y51.57 E0.006
G1 X88.043 Y51.965 E0.01645
G1 X88.173 Y52.406 E0.01809
G1 X88.279 Y52.837 E0.01746
G1 X88.368 Y53.273 E0.01751
G1 X88.441 Y53.736 E0.01844
G1 X88.466 Y53.934 E0.00785
G1 X88.506 Y54.387 E0.01789
G1 X88.526 Y54.835 E0.01764
G1 X88.526 Y55.302 E0.01837
G1 X88.51 Y55.729 E0.01681
G1 X88.475 Y56.097 E0.01454
G1 X88.478 Y56.1 E0.00017
G1 X88.441 Y56.424 E0.01283
G1 X88.412 Y56.644 E0.00873
G1 X88.374 Y56.865 E0.00882
G1 X88.294 Y57.269 E0.0162
G1 X88.191 Y57.697 E0.01732
G1 X88.126 Y57.924 E0.00929
G1 X87.995 Y58.349 E0.0175
G1 X87.836 Y58.793 E0.01855
G1 X87.677 Y59.176 E0.01631
G1 X87.486 Y59.585 E0.01776
G1 X87.371 Y59.816 E0.01015
G1 X87.158 Y60.201 E0.01731
G1 X87.029 Y60.418 E0.00993
G1 X86.824 Y60.745 E0.01518
G1 X86.546 Y61.14 E0.019
G1 X86.291 Y61.478 E0.01666
G1 X85.994 Y61.829 E0.01809
G1 X85.852 Y61.986 E0.00833
G1 X85.528 Y62.326 E0.01848
G1 X85.389 Y62.464 E0.00771
G1 X85.042 Y62.784 E0.01857
G1 X84.709 Y63.064 E0.01712
G1 X84.356 Y63.334 E0.01748
G1 X84.006 Y63.581 E0.01685
G1 X83.445 Y63.934 E0.02607
G1 X83.242 Y64.048 E0.00916
G1 X83.043 Y64.154 E0.00887
G1 X82.829 Y64.262 E0.00943
G1 X82.422 Y64.454 E0.0177
G1 X82.201 Y64.546 E0.00942
G1 X81.793 Y64.707 E0.01725
G1 X81.609 Y64.774 E0.0077
G1 X81.158 Y64.915 E0.01859
G1 X80.733 Y65.029 E0.01731
G1 X80.535 Y65.075 E0.008
G1 X80.099 Y65.164 E0.01751
G1 X79.647 Y65.234 E0.01799
G1 X79.386 Y65.266 E0.01034
G1 X78.985 Y65.302 E0.01584
G1 X78.544 Y65.323 E0.01737
G0 F18000 X78.344 Y65.325
G0 X78.352 Y66.026
G0 X78.289 Y66.146
G0 X78.314 Y66.846
G1 F1500 X78.81 Y66.834 E0.01952
G1 X79.312 Y66.798 E0.0198
G1 X79.577 Y66.774 E0.01047
G1 X79.88 Y66.737 E0.01201
G1 X80.341 Y66.666 E0.01835
G1 X80.882 Y66.554 E0.02173
G1 X81.104 Y66.502 E0.00897
G1 X81.376 Y66.432 E0.01105
G1 X81.644 Y66.357 E0.01095
G1 X81.861 Y66.289 E0.00895
G1 X82.322 Y66.129 E0.0192
G1 X82.81 Y65.94 E0.02059
G1 X83.094 Y65.818 E0.01216
G1 X83.262 Y65.74 E0.00729
G1 X83.774 Y65.488 E0.02245
G1 X84.448 Y65.103 E0.03053
G1 X84.611 Y64.999 E0.00761
G1 X85.034 Y64.714 E0.02006
G1 X85.294 Y64.529 E0.01255
G1 X85.452 Y64.41 E0.00778
G1 X85.669 Y64.239 E0.01087
G1 X85.86 Y64.079 E0.0098
G1 X85.866 Y64.079 E0.00024
G1 X86.05 Y63.921 E0.00954
G1 X86.436 Y63.564 E0.02068
G1 X86.787 Y63.21 E0.01961
G1 X86.987 Y62.998 E0.01147
G1 X87.143 Y62.825 E0.00916
G1 X87.469 Y62.433 E0.02006
G1 X87.611 Y62.25 E0.00911
G1 X87.806 Y61.989 E0.01282
G1 X87.924 Y61.824 E0.00798
G1 X88.102 Y61.562 E0.01246
G1 X88.339 Y61.192 E0.01729
G1 X88.474 Y60.966 E0.01036
G1 X88.719 Y60.512 E0.02029
G1 X88.961 Y60.017 E0.02168
G1 X89.077 Y59.758 E0.01116
G1 X89.154 Y59.576 E0.00777
G1 X89.261 Y59.306 E0.01143
G1 X89.34 Y59.097 E0.00879
G1 X89.417 Y58.877 E0.00917
G1 X89.42 Y58.875 E0.00014
G1 X89.504 Y58.617 E0.01067
G1 X89.595 Y58.314 E0.01245
G1 X89.707 Y57.901 E0.01683
G1 X89.77 Y57.631 E0.01091
G1 X89.877 Y57.094 E0.02154
G1 X89.876 Y57.079 E0.00059
G1 X89.912 Y56.874 E0.00819
G1 X89.947 Y56.619 E0.01013
G1 X89.983 Y56.324 E0.01169
G1 X90.002 Y56.106 E0.00861
G1 X90.038 Y55.587 E0.02047
G1 X90.046 Y55.272 E0.0124
G1 X90.046 Y54.835 E0.01719
G1 X90.038 Y54.562 E0.01074
G1 X90.002 Y54.051 E0.02015
G1 X89.978 Y53.794 E0.01015
G1 X89.918 Y53.334 E0.01825
G1 X89.86 Y52.99 E0.01372
G1 X89.82 Y52.784 E0.00826
G1 X89.756 Y52.482 E0.01214
G1 X89.697 Y52.23 E0.01018
G1 X89.578 Y51.781 E0.01827
G1 X89.573 Y51.779 E0.00021
G1 X89.419 Y51.287 E0.02028
G1 X89.22 Y50.749 E0.02257
G1 X89.024 Y50.29 E0.01963
G1 X88.93 Y50.081 E0.00902
G1 X88.688 Y49.598 E0.02125
G1 X88.438 Y49.145 E0.02035
G1 X88.202 Y48.758 E0.01783
G1 X87.911 Y48.323 E0.02059
G1 X87.731 Y48.076 E0.01202
G1 X87.429 Y47.687 E0.01937
G1 X87.26 Y47.482 E0.01045
G1 X86.953 Y47.133 E0.01828
G1 X86.79 Y46.963 E0.00926
G1 X86.791 Y46.96 E0.00012
G1 X86.415 Y46.585 E0.02089
G1 X86.226 Y46.408 E0.01019
G1 X86.067 Y46.265 E0.00841
G1 X85.831 Y46.066 E0.01214
G1 X85.437 Y45.747 E0.01994
G1 X85.235 Y45.596 E0.00992
G1 X84.797 Y45.291 E0.021
G1 X84.378 Y45.024 E0.01954
G1 X83.939 Y44.772 E0.01991
G1 X83.68 Y44.635 E0.01153
G1 X83.482 Y44.537 E0.00869
G1 X83.237 Y44.421 E0.01066
G1 X82.982 Y44.305 E0.01102
G1 X82.775 Y44.215 E0.00888
G1 X82.51 Y44.112 E0.01118
G1 X82.082 Y43.955 E0.01793
G1 X81.582 Y43.795 E0.02065
G1 X81.082 Y43.661 E0.02036
G1 X80.503 Y43.536 E0.0233
G1 X80.064 Y43.459 E0.01753
G1 X79.514 Y43.389 E0.02181
G1 X79.281 Y43.368 E0.0092
G1 X79 Y43.348 E0.01108
G1 X78.526 Y43.327 E0.01866
G1 X78.02 Y43.326 E0.01991
G1 X77.474 Y43.353 E0.02151
G1 X77.281 Y43.368 E0.00762
G1 X77.006 Y43.397 E0.01088
G1 X76.724 Y43.431 E0.01117
G1 X76.216 Y43.509 E0.02022
G1 X76.008 Y43.548 E0.00832
G1 X75.423 Y43.676 E0.02356
G1 X74.963 Y43.804 E0.01878
G1 X74.493 Y43.953 E0.0194
G1 X74.24 Y44.044 E0.01058
G1 X73.754 Y44.235 E0.02054
G1 X73.275 Y44.45 E0.02065
G1 X73.081 Y44.543 E0.00846
G1 X72.811 Y44.679 E0.01189
G1 X72.626 Y44.778 E0.00825
G1 X72.361 Y44.928 E0.01198
G1 X72.177 Y45.037 E0.00841
G1 X71.721 Y45.329 E0.0213
G1 X71.119 Y45.762 E0.02917
G1 X70.9 Y45.935 E0.01098
G1 X70.534 Y46.243 E0.01882
G1 X70.169 Y46.58 E0.01954
G1 X69.785 Y46.961 E0.02128
G1 X69.617 Y47.14 E0.00966
G1 X69.116 Y47.724 E0.03027
G1 X68.954 Y47.932 E0.01037
G1 X68.767 Y48.188 E0.01247
G1 X68.474 Y48.608 E0.02015
G1 X68.362 Y48.778 E0.00801
G1 X68.101 Y49.207 E0.01975
G1 X67.979 Y49.427 E0.0099
G1 X67.836 Y49.699 E0.01209
G1 X67.632 Y50.113 E0.01816
G1 X67.526 Y50.349 E0.01018
G1 X67.42 Y50.596 E0.01057
G1 X67.304 Y50.892 E0.01251
G1 X67.152 Y51.307 E0.01739
G1 X67.08 Y51.528 E0.00914
G1 X66.99 Y51.824 E0.01217
G1 X66.903 Y52.138 E0.01282
G1 X66.805 Y52.548 E0.01658
G1 X66.699 Y53.074 E0.02111
G1 X66.702 Y53.076 E0.00014
G1 X66.664 Y53.294 E0.00871
G1 X66.597 Y53.805 E0.02027
G1 X66.551 Y54.379 E0.02265
G1 X66.538 Y54.584 E0.00808
G1 X66.53 Y54.834 E0.00984
G1 X66.526 Y55.142 E0.01212
G1 X66.538 Y55.606 E0.01826
G1 X66.558 Y55.912 E0.01206
G1 X66.598 Y56.374 E0.01824
G1 X66.658 Y56.834 E0.01825
G1 X66.711 Y57.149 E0.01257
G1 X66.813 Y57.658 E0.02042
G1 X66.881 Y57.951 E0.01183
G1 X66.999 Y58.387 E0.01777
G1 X67.003 Y58.389 E0.00018
G1 X67.155 Y58.873 E0.01996
G1 X67.258 Y59.163 E0.01211
G1 X67.426 Y59.589 E0.01801
G1 X67.527 Y59.829 E0.01024
G1 X67.646 Y60.09 E0.01128
G1 X67.89 Y60.575 E0.02136
G1 X67.982 Y60.746 E0.00764
G1 X68.13 Y61.008 E0.01184
G1 X68.375 Y61.411 E0.01855
G1 X68.552 Y61.68 E0.01267
G1 X68.813 Y62.053 E0.01791
G1 X69.143 Y62.477 E0.02114
G1 X69.269 Y62.63 E0.0078
G1 X69.271 Y62.636 E0.00025
G1 X69.469 Y62.864 E0.01188
G1 X69.619 Y63.031 E0.00883
G1 X69.799 Y63.222 E0.01032
G1 X70.018 Y63.443 E0.01224
G1 X70.321 Y63.735 E0.01655
G1 X70.575 Y63.961 E0.01337
G1 X70.936 Y64.265 E0.01857
G1 X71.386 Y64.604 E0.02216
G1 X71.548 Y64.72 E0.00784
G1 X71.808 Y64.896 E0.01235
G1 X71.971 Y65.002 E0.00765
G1 X72.222 Y65.159 E0.01165
G1 X72.473 Y65.305 E0.01142
G1 X72.867 Y65.521 E0.01768
G1 X73.323 Y65.741 E0.01992
G1 X73.773 Y65.941 E0.01937
G1 X73.776 Y65.946 E0.00023
G1 X74.285 Y66.145 E0.0215
G1 X74.757 Y66.3 E0.01954
G1 X75.031 Y66.384 E0.01127
G1 X75.459 Y66.499 E0.01743
G1 X75.772 Y66.572 E0.01264
G1 X76.278 Y66.673 E0.0203
G1 X76.28 Y66.67 E0.00014
G1 X76.518 Y66.711 E0.0095
G1 X76.752 Y66.744 E0.0093
G1 X77.268 Y66.798 E0.02041
G1 X77.564 Y66.82 E0.01168
G1 X77.84 Y66.835 E0.01087
G1 X78.038 Y66.842 E0.00779
G1 X78.314 Y66.846 E0.01086
G0 F18000 X78.514 Y66.842
G1 F1800 E-3.5
;MESH:Dielectric - Part.STL
G0 F18000 X78.506 Y66.143
G0 X80.039 Y66.494
G0 X80.274 Y67.923
G0 X87.954 Y101.51
G0 X132.258 Y117.258
G1 F1800 E3.52079
G1 F1500 X87.738 Y117.258 E1.75135
G1 X87.738 Y102.738 E0.57119
G1 X132.258 Y102.738 E1.75135
G1 X132.258 Y117.258 E0.57119
G0 F18000 X132.258 Y117.058
G0 X131.59 Y116.59
G0 X94.998 Y109.998
;TYPE:SKIN
G1 F2973.9 X124.998 Y109.998 E1.80727
G0 F18000 X125.418 Y110.418
G1 F3600 X94.578 Y110.418 E1.53477
G1 X94.578 Y109.578 E0.0418
G1 X125.418 Y109.578 E1.53477
G1 X125.418 Y110.418 E0.0418
G0 F18000 X125.798 Y110.798
G1 F3600 X94.198 Y110.798 E1.57259
G1 X94.198 Y109.198 E0.07962
G1 X125.798 Y109.198 E1.57259
G1 X125.798 Y110.798 E0.07962
G0 F18000 X126.178 Y111.178
G1 F3600 X93.818 Y111.178 E1.61041
G1 X93.818 Y108.818 E0.11745
G1 X126.178 Y108.818 E1.61041
G1 X126.178 Y111.178 E0.11745
G0 F18000 X126.558 Y111.558
G1 F3600 X93.438 Y111.558 E1.64823
G1 X93.438 Y108.438 E0.15527
G1 X126.558 Y108.438 E1.64823
G1 X126.558 Y111.558 E0.15527
G0 F18000 X126.938 Y111.938
G1 F3600 X93.058 Y111.938 E1.68605
G1 X93.058 Y108.058 E0.19309
G1 X126.938 Y108.058 E1.68605
G1 X126.938 Y111.938 E0.19309
G0 F18000 X127.318 Y112.318
G1 F3600 X92.678 Y112.318 E1.72388
G1 X92.678 Y107.678 E0.23091
G1 X127.318 Y107.678 E1.72388
G1 X127.318 Y112.318 E0.23091
G0 F18000 X127.698 Y112.698
G1 F3600 X92.298 Y112.698 E1.7617
G1 X92.298 Y107.298 E0.26873
G1 X127.698 Y107.298 E1.7617
G1 X127.698 Y112.698 E0.26873
G0 F18000 X128.078 Y113.078
G1 F3600 X91.918 Y113.078 E1.79952
G1 X91.918 Y106.918 E0.30656
G1 X128.078 Y106.918 E1.79952
G1 X128.078 Y113.078 E0.30656
G0 F18000 X128.458 Y113.458
G1 F3600 X91.538 Y113.458 E1.83734
G1 X91.538 Y106.538 E0.34438
G1 X128.458 Y106.538 E1.83734
G1 X128.458 Y113.458 E0.34438
G0 F18000 X128.838 Y113.838
G1 F3600 X91.158 Y113.838 E1.87516
G1 X91.158 Y106.158 E0.3822
G1 X128.838 Y106.158 E1.87516
G1 X128.838 Y113.838 E0.3822
G0 F18000 X129.218 Y114.218
G1 F3600 X90.778 Y114.218 E1.91298
G1 X90.778 Y105.778 E0.42002
G1 X129.218 Y105.778 E1.91298
G1 X129.218 Y114.218 E0.42002
G0 F18000 X129.598 Y114.598
G1 F3600 X90.398 Y114.598 E1.95081
G1 X90.398 Y105.398 E0.45784
G1 X129.598 Y105.398 E1.95081
G1 X129.598 Y114.598 E0.45784
G0 F18000 X129.978 Y114.978
G1 F3600 X90.018 Y114.978 E1.98863
G1 X90.018 Y105.018 E0.49566
G1 X129.978 Y105.018 E1.98863
G1 X129.978 Y114.978 E0.49566
G0 F18000 X130.358 Y115.358
G1 F3600 X89.638 Y115.358 E2.02645
G1 X89.638 Y104.638 E0.53349
G1 X130.358 Y104.638 E2.02645
G1 X130.358 Y115.358 E0.53349
G0 F18000 X130.738 Y115.738
G1 F3600 X89.258 Y115.738 E2.06427
G1 X89.258 Y104.258 E0.57131
G1 X130.738 Y104.258 E2.06427
G1 X130.738 Y115.738 E0.57131
G0 F18000 X131.118 Y116.118
G1 F3600 X88.878 Y116.118 E2.10209
G1 X88.878 Y103.878 E0.60913
G1 X131.118 Y103.878 E2.10209
G1 X131.118 Y116.118 E0.60913
G0 F18000 X131.498 Y116.498
G1 F3600 X88.498 Y116.498 E2.13992
G1 X88.498 Y103.498 E0.64695
G1 X131.498 Y103.498 E2.13992
G1 X131.498 Y116.498 E0.64695
G0 F18000 X131.878 Y116.878
G1 F3600 X88.118 Y116.878 E2.17774
G1 X88.118 Y103.118 E0.68477
G1 X131.878 Y103.118 E2.17774
G1 X131.878 Y116.878 E0.68477
G0 F18000 X131.28 Y116.392
G1 F1800 E-3.5
;MESH:NONMESH
G0 F1200 X131.28 Y116.392 Z0.4
G0 F18000 X87.954 Y102.954
G0 X87.954 Y101.51
G0 X79.441 Y68.023
G0 X79.298 Y66.583
G0 X78.609 Y66.021
G0 X78.595 Y65.702
;TIME_ELAPSED:63.747214
;LAYER:1
;TYPE:WALL-INNER
;MESH:01_Prime_Insulator.STL
G1 F1800 E3.52079
G1 F3000 X78.356 Y65.706 E0.00313
G1 X78.047 Y65.702 E0.00405
G1 X77.82 Y65.694 E0.00298
G1 X77.585 Y65.681 E0.00309
G1 X77.127 Y65.643 E0.00603
G1 X76.887 Y65.615 E0.00317
G1 X76.226 Y65.503 E0.00879
G1 X75.778 Y65.402 E0.00602
G1 X75.523 Y65.341 E0.00344
G1 X74.863 Y65.137 E0.00906
G1 X74.433 Y64.982 E0.00599
G1 X74.2 Y64.889 E0.00329
G1 X73.789 Y64.707 E0.00589
G1 X73.578 Y64.605 E0.00307
G1 X73.176 Y64.393 E0.00596
G1 X72.966 Y64.275 E0.00316
G1 X72.37 Y63.906 E0.00919
G1 X71.832 Y63.522 E0.00867
G1 X71.624 Y63.356 E0.00349
G1 X71.272 Y63.058 E0.00605
G1 X70.932 Y62.748 E0.00603
G1 X70.677 Y62.492 E0.00474
G1 X70.306 Y62.091 E0.00716
G1 X70.054 Y61.795 E0.0051
G1 X69.722 Y61.363 E0.00714
G1 X69.506 Y61.057 E0.00491
G1 X69.378 Y60.865 E0.00303
G1 X69.224 Y60.62 E0.00379
G1 X68.976 Y60.195 E0.00645
G1 X68.86 Y59.975 E0.00326
G1 X68.663 Y59.575 E0.00585
G1 X68.56 Y59.353 E0.00321
G1 X68.387 Y58.934 E0.00594
G1 X68.229 Y58.495 E0.00612
G1 X68.157 Y58.27 E0.0031
G1 X68.026 Y57.824 E0.0061
G1 X67.916 Y57.366 E0.00618
G1 X67.829 Y56.917 E0.006
G1 X67.757 Y56.461 E0.00605
G1 X67.715 Y56.089 E0.00491
G1 X67.69 Y55.766 E0.00425
G1 X67.674 Y55.399 E0.00482
G1 X67.666 Y55.073 E0.00428
G1 X67.67 Y54.843 E0.00302
G1 X67.678 Y54.616 E0.00298
G1 X67.691 Y54.381 E0.00309
G1 X67.73 Y53.913 E0.00616
G1 X67.76 Y53.688 E0.00298
G1 X67.831 Y53.238 E0.00597
G1 X67.875 Y52.995 E0.00324
G1 X67.971 Y52.567 E0.00575
G1 X68.079 Y52.153 E0.00561
G1 X68.227 Y51.681 E0.00649
G1 X68.394 Y51.218 E0.00645
G1 X68.562 Y50.818 E0.00569
G1 X68.668 Y50.583 E0.00338
G1 X68.87 Y50.176 E0.00596
G1 X68.981 Y49.963 E0.00315
G1 X69.099 Y49.758 E0.0031
G1 X69.337 Y49.367 E0.006
G1 X69.592 Y48.985 E0.00602
G1 X69.624 Y48.946 E0.00066
G1 X69.729 Y48.795 E0.00241
G1 X70.001 Y48.437 E0.0059
G1 X70.252 Y48.143 E0.00507
G1 X70.282 Y48.104 E0.00065
G1 X70.465 Y47.9 E0.00359
G1 X70.79 Y47.563 E0.00614
G1 X71.152 Y47.219 E0.00655
G1 X71.289 Y47.098 E0.0024
G1 X71.646 Y46.794 E0.00615
G1 X72.006 Y46.52 E0.00593
G1 X72.204 Y46.377 E0.0032
G1 X72.592 Y46.12 E0.0061
G1 X72.991 Y45.879 E0.00611
G1 X73.399 Y45.656 E0.0061
G1 X73.79 Y45.464 E0.00571
G1 X74.225 Y45.273 E0.00623
G1 X74.662 Y45.103 E0.00615
G1 X75.094 Y44.959 E0.00597
G1 X75.371 Y44.872 E0.00381
G1 X75.416 Y44.862 E0.0006
G1 X75.538 Y44.826 E0.00167
G1 X75.996 Y44.712 E0.00619
G1 X76.458 Y44.625 E0.00616
G1 X76.912 Y44.553 E0.00603
G1 X77.281 Y44.512 E0.00487
G1 X77.53 Y44.49 E0.00328
G1 X77.984 Y44.47 E0.00596
G1 X78.517 Y44.465 E0.00699
G1 X78.766 Y44.475 E0.00327
G1 X79.269 Y44.507 E0.00661
G1 X79.665 Y44.553 E0.00523
G1 X80.132 Y44.627 E0.0062
G1 X80.594 Y44.715 E0.00617
G1 X81.06 Y44.83 E0.00629
G1 X81.213 Y44.873 E0.00208
G1 X81.527 Y44.969 E0.00431
G1 X81.939 Y45.111 E0.00571
G1 X82.367 Y45.278 E0.00602
G1 X82.732 Y45.435 E0.00521
G1 X83.172 Y45.651 E0.00643
G1 X83.609 Y45.893 E0.00655
G1 X83.99 Y46.125 E0.00585
G1 X84.199 Y46.261 E0.00327
G1 X84.579 Y46.527 E0.00608
G1 X84.943 Y46.806 E0.00601
G1 X85.147 Y46.977 E0.00349
G1 X85.402 Y47.199 E0.00443
G1 X85.643 Y47.425 E0.00433
G1 X85.975 Y47.756 E0.00615
G1 X86.142 Y47.93 E0.00316
G1 X86.171 Y47.97 E0.00065
G1 X86.376 Y48.201 E0.00405
G1 X86.718 Y48.625 E0.00714
G1 X87.044 Y49.075 E0.00729
G1 X87.206 Y49.313 E0.00378
G1 X87.369 Y49.573 E0.00402
G1 X87.601 Y49.974 E0.00607
G1 X87.718 Y50.201 E0.00335
G1 X87.917 Y50.602 E0.00587
G1 X88.007 Y50.803 E0.00289
G1 X88.159 Y51.163 E0.00512
G1 X88.247 Y51.388 E0.00317
G1 X88.345 Y51.669 E0.0039
G1 X88.352 Y51.704 E0.00047
G1 X88.417 Y51.888 E0.00256
G1 X88.545 Y52.334 E0.00608
G1 X88.609 Y52.578 E0.00331
G1 X88.705 Y53.018 E0.00591
G1 X88.747 Y53.251 E0.0031
G1 X88.818 Y53.708 E0.00606
G1 X88.861 Y54.081 E0.00492
G1 X88.885 Y54.377 E0.00389
G1 X88.904 Y54.841 E0.00609
G1 X88.906 Y55.325 E0.00635
G1 X88.898 Y55.551 E0.00297
G1 X88.869 Y56.013 E0.00607
G1 X88.816 Y56.485 E0.00623
G1 X88.704 Y57.162 E0.009
G1 X88.602 Y57.614 E0.00608
G1 X88.544 Y57.842 E0.00308
G1 X88.496 Y58.012 E0.00232
G1 X88.339 Y58.514 E0.0069
G1 X88.193 Y58.922 E0.00568
G1 X88.019 Y59.345 E0.006
G1 X87.908 Y59.583 E0.00344
G1 X87.708 Y59.991 E0.00596
G1 X87.59 Y60.213 E0.0033
G1 X87.355 Y60.616 E0.00612
G1 X87.111 Y61 E0.00597
G1 X86.852 Y61.367 E0.00589
G1 X86.707 Y61.564 E0.00321
G1 X86.42 Y61.916 E0.00596
G1 X86.247 Y62.116 E0.00347
G1 X86.007 Y62.38 E0.00468
G1 X85.795 Y62.601 E0.00402
G1 X85.622 Y62.767 E0.00314
G1 X85.286 Y63.07 E0.00593
G1 X85.016 Y63.305 E0.00469
G1 X84.564 Y63.652 E0.00747
G1 X84.245 Y63.881 E0.00515
G1 X83.827 Y64.146 E0.00649
G1 X83.66 Y64.246 E0.00255
G1 X83.251 Y64.474 E0.00614
G1 X82.987 Y64.608 E0.00388
G1 X82.766 Y64.716 E0.00323
G1 X82.565 Y64.807 E0.00289
G1 X82.342 Y64.903 E0.00318
G1 X82.128 Y64.988 E0.00302
G1 X81.773 Y65.118 E0.00496
G1 X81.543 Y65.194 E0.00318
G1 X81.259 Y65.28 E0.00389
G1 X80.8 Y65.405 E0.00624
G1 X80.576 Y65.455 E0.00301
G1 X80.348 Y65.501 E0.00305
G1 X79.977 Y65.568 E0.00494
G1 X79.652 Y65.619 E0.00431
G1 X79.29 Y65.657 E0.00477
G1 X78.976 Y65.682 E0.00413
G1 X78.595 Y65.702 E0.005
G0 F18000 X78.615 Y66.021
G0 X80.647 Y65.708
G0 X82.231 Y65.226
G0 X83.801 Y64.466
G0 X85.165 Y63.517
G0 X86.468 Y62.262
G0 X87.338 Y61.127
G0 X88.15 Y59.687
G0 X88.736 Y58.125
G0 X89.076 Y56.51
G0 X89.164 Y54.763
G0 X88.959 Y52.957
G0 X88.484 Y51.289
G0 X87.71 Y49.642
G0 X86.724 Y48.213
G0 X85.576 Y47.007
G0 X84.134 Y45.911
G0 X82.67 Y45.127
G0 X81.105 Y44.577
G0 X80.709 Y44.499
G0 X78.275 Y44.086
G1 F3000 X78.508 Y44.086 E0.00306
G1 F3007.9 X78.762 Y44.096 E0.00332
G1 F3015.9 X79.278 Y44.129 E0.00674
G1 X79.708 Y44.177 E0.00564
G1 F2992.1 X79.9 Y44.203 E0.00255
G1 F2984.3 X80.177 Y44.249 E0.0037
G1 F3007.9 X80.417 Y44.294 E0.00319
G1 F3031.9 X80.677 Y44.347 E0.00344
G1 F3023.9 X80.93 Y44.407 E0.00338
G1 F3007.9 X81.29 Y44.501 E0.00487
G1 F3023.9 X81.628 Y44.602 E0.00459
G1 X82.043 Y44.746 E0.00571
G1 F3015.9 X82.488 Y44.918 E0.00622
G1 X82.717 Y45.015 E0.00324
G1 F3031.9 X82.879 Y45.088 E0.00231
G1 F3040 X83.338 Y45.312 E0.00661
G1 F3015.9 X83.77 Y45.548 E0.00642
G1 F2992.1 X83.991 Y45.679 E0.00338
G1 X84.387 Y45.93 E0.00616
G1 F3000 X84.777 Y46.202 E0.00623
G1 F2992.1 X84.98 Y46.355 E0.00334
G1 F3007.9 X85.154 Y46.491 E0.00289
G1 X85.575 Y46.845 E0.00719
G1 F2984.3 X85.886 Y47.131 E0.00557
G1 F2992.1 X86.208 Y47.451 E0.00597
G1 F3007.9 X86.403 Y47.656 E0.0037
G1 X86.669 Y47.959 E0.00527
G1 F2992.1 X86.863 Y48.196 E0.00403
G1 X86.998 Y48.369 E0.00289
G1 F2976.5 X87.163 Y48.588 E0.00362
G1 F2968.8 X87.342 Y48.838 E0.00407
G1 F2992.1 X87.51 Y49.087 E0.00395
G1 F3007.9 X87.637 Y49.286 E0.00309
G1 X87.796 Y49.549 E0.00402
G1 F3015.9 X87.926 Y49.783 E0.00349
G1 X88.045 Y50.006 E0.0033
G1 F3007.9 X88.245 Y50.408 E0.00587
G1 F3015.9 X88.354 Y50.651 E0.00347
G1 F3007.9 X88.502 Y51.002 E0.00498
G1 X88.591 Y51.23 E0.0032
G1 F3000 X88.697 Y51.527 E0.00414
G1 F3007.9 X88.778 Y51.775 E0.00341
G1 F2992.1 X88.859 Y52.043 E0.00368
G1 F2976.5 X88.97 Y52.454 E0.00563
G1 F3000 X89.072 Y52.917 E0.00622
G1 F2992.1 X89.119 Y53.17 E0.00338
G1 F2976.5 X89.167 Y53.459 E0.00387
G1 F2984.3 X89.191 Y53.624 E0.0022
G1 X89.222 Y53.887 E0.00349
G1 X89.263 Y54.347 E0.00609
G1 X89.277 Y54.608 E0.00345
G1 F2976.5 X89.285 Y54.835 E0.003
G1 F2992.1 X89.286 Y55.304 E0.00617
G1 X89.27 Y55.718 E0.00545
G1 X89.253 Y55.956 E0.00314
G1 F3000 X89.231 Y56.192 E0.00311
G1 F3007.9 X89.196 Y56.5 E0.00405
G1 F2992.1 X89.169 Y56.696 E0.0026
G1 F2976.5 X89.093 Y57.149 E0.00607
G1 F2984.3 X89.046 Y57.376 E0.00306
G1 F2992.1 X88.979 Y57.667 E0.00393
G1 F3015.9 X88.917 Y57.914 E0.00332
G1 F3007.9 X88.861 Y58.117 E0.00275
G1 F2984.3 X88.717 Y58.58 E0.00639
G1 F3007.9 X88.549 Y59.049 E0.00652
G1 F3031.9 X88.367 Y59.49 E0.00619
G1 F3023.9 X88.258 Y59.73 E0.00343
G1 F3015.9 X88.043 Y60.168 E0.00636
G1 F3023.9 X87.934 Y60.372 E0.00301
G1 F3007.9 X87.816 Y60.584 E0.00317
G1 F2984.3 X87.682 Y60.81 E0.00346
G1 F3000 X87.446 Y61.179 E0.00574
G1 F3007.9 X87.298 Y61.395 E0.00342
G1 F3015.9 X87.031 Y61.762 E0.00592
G1 F3007.9 X86.868 Y61.967 E0.00343
G1 F2984.3 X86.559 Y62.339 E0.00637
G1 F3000 X86.299 Y62.623 E0.00505
G1 F3023.9 X86.08 Y62.85 E0.0041
G1 F3015.9 X85.885 Y63.041 E0.00356
G1 F2984.3 X85.554 Y63.343 E0.00591
G1 F3000 X85.269 Y63.585 E0.0049
G1 F3007.9 X84.996 Y63.801 E0.00455
G1 F2992.1 X84.794 Y63.955 E0.00334
G1 F3015.9 X84.488 Y64.17 E0.00488
G1 F3007.9 X84.081 Y64.436 E0.00636
G1 F3000 X83.866 Y64.564 E0.00328
G1 X83.421 Y64.814 E0.00669
G1 F2992.1 X82.952 Y65.047 E0.00689
G1 F3000 X82.725 Y65.151 E0.00327
G1 X82.524 Y65.237 E0.00287
G1 F3007.9 X82.281 Y65.333 E0.00342
G1 F3023.9 X81.917 Y65.467 E0.00505
G1 X81.676 Y65.549 E0.00331
G1 F2992.1 X81.364 Y65.647 E0.0043
G1 F2976.5 X81.155 Y65.705 E0.00287
G1 F2992.1 X80.914 Y65.767 E0.00327
G1 X80.669 Y65.823 E0.0033
G1 F2968.8 X80.191 Y65.918 E0.00646
G1 F2984.3 X79.696 Y65.996 E0.00661
G1 F3000 X79.489 Y66.018 E0.00273
G1 F2992.1 X79.02 Y66.059 E0.00619
G1 F3000 X78.637 Y66.08 E0.00503
G1 F3007.9 X78.381 Y66.085 E0.00335
G1 X78.055 Y66.082 E0.00426
G1 F3000 X77.655 Y66.066 E0.00525
G1 F3007.9 X77.18 Y66.028 E0.00623
G1 F3031.9 X76.873 Y65.993 E0.00401
G1 F3007.9 X76.641 Y65.961 E0.00306
G1 F2976.5 X76.235 Y65.891 E0.00544
G1 F2984.3 X75.813 Y65.801 E0.00569
G1 F3000 X75.457 Y65.715 E0.0048
G1 F3007.9 X75.21 Y65.644 E0.00336
G1 X74.774 Y65.507 E0.00598
G1 F2992.1 X74.543 Y65.428 E0.00321
G1 X74.111 Y65.262 E0.00608
G1 F3015.9 X73.651 Y65.059 E0.00656
G1 X73.434 Y64.956 E0.00313
G1 F3007.9 X73.014 Y64.737 E0.00619
G1 F2992.1 X72.798 Y64.617 E0.00325
G1 F2984.3 X72.395 Y64.371 E0.00622
G1 F3000 X72.197 Y64.245 E0.00308
G1 F3007.9 X71.795 Y63.963 E0.00642
G1 F3015.9 X71.61 Y63.827 E0.00299
G1 F3007.9 X71.4 Y63.664 E0.00348
G1 F3000 X71.043 Y63.361 E0.00614
G1 X70.828 Y63.168 E0.00379
G1 X70.696 Y63.045 E0.00237
G1 F3007.9 X70.424 Y62.776 E0.005
G1 F3000 X70.043 Y62.366 E0.00734
G1 X69.88 Y62.177 E0.00327
G1 X69.71 Y61.971 E0.0035
G1 F2992.1 X69.425 Y61.601 E0.00614
G1 F2984.3 X69.138 Y61.191 E0.0066
G1 X69.013 Y60.999 E0.00302
G1 X68.759 Y60.579 E0.00647
G1 F3000 X68.661 Y60.407 E0.0026
G1 F3007.9 X68.533 Y60.168 E0.00355
G1 F2992.1 X68.326 Y59.751 E0.00612
G1 X68.224 Y59.53 E0.0032
G1 F3015.9 X68.043 Y59.089 E0.00622
G1 F3000 X67.949 Y58.841 E0.00348
G1 F2984.3 X67.873 Y58.626 E0.00301
G1 X67.717 Y58.125 E0.00692
G1 F2976.5 X67.669 Y57.957 E0.00231
G1 X67.615 Y57.75 E0.00283
G1 X67.551 Y57.475 E0.00373
G1 F2984.3 X67.459 Y57.011 E0.00624
G1 F2976.5 X67.409 Y56.709 E0.00405
G1 X67.385 Y56.544 E0.0022
G1 F2992.1 X67.34 Y56.151 E0.0052
G1 X67.313 Y55.815 E0.00443
G1 F2976.5 X67.299 Y55.56 E0.00338
G1 F2984.3 X67.286 Y55.109 E0.00595
G1 F3007.9 X67.29 Y54.853 E0.00335
G1 X67.306 Y54.45 E0.00527
G1 F2992.1 X67.323 Y54.216 E0.00308
G1 F3000 X67.354 Y53.877 E0.00446
G1 F2992.1 X67.407 Y53.469 E0.00541
G1 F2968.8 X67.483 Y53.019 E0.00605
G1 F2976.5 X67.53 Y52.792 E0.00306
G1 F2992.1 X67.603 Y52.474 E0.00429
G1 F3007.9 X67.707 Y52.078 E0.00535
G1 X67.86 Y51.585 E0.00675
G1 F3000 X68.026 Y51.119 E0.00649
G1 F3007.9 X68.213 Y50.672 E0.00634
G1 F3015.9 X68.315 Y50.446 E0.00323
G1 F3007.9 X68.533 Y50.001 E0.00648
G1 X68.645 Y49.789 E0.00314
G1 X68.749 Y49.606 E0.00275
G1 F3000 X68.881 Y49.383 E0.0034
G1 F2992.1 X69.003 Y49.185 E0.00306
G1 X69.136 Y48.984 E0.00317
G1 F3007.9 X69.406 Y48.597 E0.00617
G1 F3015.9 X69.692 Y48.218 E0.00619
G1 X69.988 Y47.866 E0.006
G1 F3007.9 X70.168 Y47.663 E0.00355
G1 F2992.1 X70.339 Y47.482 E0.00327
G1 F3000 X70.5 Y47.318 E0.00301
G1 F3007.9 X70.886 Y46.948 E0.00699
G1 F2992.1 X71.032 Y46.818 E0.00257
G1 F3000 X71.406 Y46.501 E0.00643
G1 X71.587 Y46.361 E0.003
G1 X71.962 Y46.085 E0.00611
G1 X72.176 Y45.939 E0.0034
G1 F2992.1 X72.378 Y45.807 E0.00317
G1 F3000 X72.771 Y45.568 E0.00603
G1 F2992.1 X73.196 Y45.334 E0.00638
G1 X73.623 Y45.124 E0.00626
G1 F3000 X74.081 Y44.921 E0.00657
G1 X74.533 Y44.746 E0.00636
G1 F2976.5 X74.75 Y44.67 E0.00304
G1 X75.243 Y44.514 E0.00683
G1 X75.617 Y44.413 E0.00512
G1 F2992.1 X75.878 Y44.352 E0.00352
G1 F3023.9 X76.142 Y44.297 E0.00351
G1 F3000 X76.378 Y44.253 E0.00315
G1 X76.827 Y44.183 E0.00596
G1 F3015.9 X77.094 Y44.151 E0.00351
G1 F3007.9 X77.339 Y44.126 E0.00322
G1 F2992.1 X77.567 Y44.108 E0.00301
G1 X77.948 Y44.091 E0.00501
G1 F3000 X78.275 Y44.086 E0.00429
G0 F18000 X75.93 Y44.465
G0 X74.568 Y44.862
G0 X73.265 Y45.436
G0 X71.853 Y46.315
G0 X70.595 Y47.393
G0 X69.518 Y48.65
G0 X68.638 Y50.063
G0 X67.912 Y51.818
G0 X67.503 Y53.663
G0 X67.415 Y55.408
G0 X67.575 Y56.976
G0 X67.99 Y58.59
G0 X68.637 Y60.107
G0 X69.514 Y61.517
G0 X70.595 Y62.779
G0 X71.86 Y63.864
G0 X73.064 Y64.629
G0 X74.349 Y65.227
G0 X75.451 Y65.574
G0 X78.293 Y66.146
G0 X78.295 Y66.466
G1 F3000 X78.787 Y66.455 E0.00645
G1 X79.278 Y66.42 E0.00645
G1 X79.533 Y66.396 E0.00336
G1 X79.787 Y66.366 E0.00335
G1 X80.266 Y66.293 E0.00635
G1 X80.755 Y66.193 E0.00654
G1 X80.989 Y66.14 E0.00315
G1 X81.49 Y66.006 E0.0068
G1 X81.737 Y65.93 E0.00339
G1 X82.186 Y65.774 E0.00623
G1 X82.671 Y65.587 E0.00682
G1 X82.882 Y65.496 E0.00301
G1 X83.119 Y65.388 E0.00342
G1 X83.573 Y65.165 E0.00663
G1 X84.054 Y64.893 E0.00725
G1 X84.284 Y64.758 E0.0035
G1 X84.816 Y64.403 E0.00839
G1 X85.033 Y64.249 E0.00349
G1 X85.23 Y64.101 E0.00323
G1 X85.413 Y63.957 E0.00305
G1 X85.601 Y63.799 E0.00322
G1 X85.649 Y63.765 E0.00077
G1 X85.812 Y63.624 E0.00283
G1 X86.15 Y63.312 E0.00603
G1 X86.51 Y62.95 E0.00669
G1 X86.683 Y62.767 E0.0033
G1 X86.852 Y62.581 E0.0033
G1 X87.167 Y62.202 E0.00646
G1 X87.333 Y61.989 E0.00354
G1 X87.473 Y61.802 E0.00306
G1 X87.611 Y61.61 E0.0031
G1 X87.889 Y61.193 E0.00657
G1 X88.008 Y61.005 E0.00292
G1 X88.143 Y60.78 E0.00344
G1 X88.383 Y60.334 E0.00664
G1 X88.603 Y59.886 E0.00654
G1 X88.714 Y59.638 E0.00356
G1 X88.894 Y59.206 E0.00614
G1 X88.981 Y58.973 E0.00326
G1 X89.062 Y58.739 E0.00325
G1 X89.069 Y58.727 E0.00018
G1 X89.229 Y58.214 E0.00705
G1 X89.346 Y57.766 E0.00607
G1 X89.419 Y57.452 E0.00423
G1 X89.468 Y57.213 E0.0032
G1 X89.548 Y56.741 E0.00628
G1 X89.609 Y56.228 E0.00677
G1 X89.65 Y55.732 E0.00653
G1 X89.666 Y55.304 E0.00562
G1 X89.666 Y54.835 E0.00615
G1 X89.658 Y54.585 E0.00328
G1 X89.624 Y54.086 E0.00656
G1 X89.601 Y53.841 E0.00323
G1 X89.543 Y53.397 E0.00587
G1 X89.493 Y53.101 E0.00394
G1 X89.444 Y52.841 E0.00347
G1 X89.398 Y52.618 E0.00299
G1 X89.329 Y52.325 E0.00395
G1 X89.22 Y51.912 E0.0056
G1 X89.217 Y51.91 E0.00005
G1 X89.055 Y51.399 E0.00703
G1 X88.946 Y51.098 E0.0042
G1 X88.862 Y50.877 E0.0031
G1 X88.7 Y50.497 E0.00542
G1 X88.589 Y50.248 E0.00357
G1 X88.379 Y49.826 E0.00618
G1 X88.121 Y49.353 E0.00707
G1 X87.884 Y48.966 E0.00595
G1 X87.748 Y48.758 E0.00326
G1 X87.609 Y48.555 E0.00323
G1 X87.466 Y48.355 E0.00322
G1 X87.158 Y47.955 E0.00662
G1 X86.957 Y47.712 E0.00414
G1 X86.841 Y47.577 E0.00233
G1 X86.677 Y47.395 E0.00321
G1 X86.514 Y47.225 E0.00309
G1 X86.499 Y47.206 E0.00032
G1 X86.334 Y47.037 E0.0031
G1 X86.146 Y46.854 E0.00344
G1 X85.972 Y46.69 E0.00314
G1 X85.821 Y46.555 E0.00266
G1 X85.601 Y46.369 E0.00378
G1 X85.209 Y46.051 E0.00662
G1 X84.996 Y45.892 E0.00349
G1 X84.591 Y45.61 E0.00647
G1 X84.184 Y45.351 E0.00633
G1 X83.956 Y45.217 E0.00347
G1 X83.759 Y45.107 E0.00296
G1 X83.538 Y44.99 E0.00328
G1 X83.088 Y44.769 E0.00657
G1 X82.865 Y44.667 E0.00322
G1 X82.411 Y44.479 E0.00644
G1 X81.937 Y44.304 E0.00663
G1 X81.712 Y44.232 E0.0031
G1 X81.387 Y44.135 E0.00445
G1 X81.014 Y44.037 E0.00506
G1 X80.664 Y43.958 E0.0047
G1 X80.169 Y43.862 E0.00661
G1 X79.945 Y43.824 E0.00298
G1 X79.431 Y43.763 E0.00679
G1 X79.186 Y43.741 E0.00323
G1 X78.508 Y43.706 E0.0089
G1 X78.037 Y43.706 E0.00618
G1 X77.538 Y43.729 E0.00655
G1 X77.3 Y43.748 E0.00313
G1 X76.774 Y43.808 E0.00694
G1 X76.603 Y43.832 E0.00226
G1 X76.309 Y43.879 E0.0039
G1 X76.063 Y43.926 E0.00328
G1 X75.52 Y44.043 E0.00728
G1 X75.075 Y44.167 E0.00606
G1 X74.621 Y44.31 E0.00624
G1 X74.405 Y44.389 E0.00302
G1 X73.927 Y44.574 E0.00672
G1 X73.461 Y44.782 E0.00669
G1 X73.251 Y44.882 E0.00305
G1 X73.018 Y44.999 E0.00342
G1 X72.812 Y45.11 E0.00307
G1 X72.579 Y45.241 E0.00351
G1 X72.381 Y45.358 E0.00302
G1 X72.175 Y45.487 E0.00319
G1 X72.162 Y45.498 E0.00022
G1 X71.959 Y45.627 E0.00315
G1 X71.742 Y45.778 E0.00347
G1 X71.353 Y46.061 E0.00631
G1 X71.163 Y46.211 E0.00317
G1 X70.775 Y46.537 E0.00665
G1 X70.435 Y46.852 E0.00608
G1 X70.062 Y47.221 E0.00688
G1 X69.898 Y47.395 E0.00314
G1 X69.702 Y47.619 E0.0039
G1 X69.395 Y47.984 E0.00625
G1 X69.259 Y48.158 E0.0029
G1 X69.097 Y48.379 E0.00359
G1 X68.82 Y48.774 E0.00633
G1 X68.68 Y48.985 E0.00332
G1 X68.558 Y49.182 E0.00304
G1 X68.417 Y49.422 E0.00365
G1 X68.185 Y49.852 E0.00641
G1 X67.97 Y50.29 E0.0064
G1 X67.772 Y50.737 E0.00641
G1 X67.67 Y50.988 E0.00355
G1 X67.508 Y51.439 E0.00628
G1 X67.436 Y51.664 E0.0031
G1 X67.347 Y51.958 E0.00403
G1 X67.234 Y52.386 E0.0058
G1 X67.157 Y52.716 E0.00444
G1 X67.108 Y52.949 E0.00312
G1 X67.028 Y53.424 E0.00632
G1 X66.967 Y53.94 E0.00681
G1 X66.944 Y54.187 E0.00325
G1 X66.926 Y54.436 E0.00327
G1 X66.911 Y54.848 E0.00541
G1 X66.906 Y55.114 E0.00349
G1 X66.918 Y55.583 E0.00615
G1 X66.934 Y55.843 E0.00342
G1 X66.976 Y56.328 E0.00638
G1 X67.008 Y56.594 E0.00351
G1 X67.033 Y56.771 E0.00234
G1 X67.085 Y57.081 E0.00412
G1 X67.18 Y57.561 E0.00642
G1 X67.246 Y57.847 E0.00385
G1 X67.359 Y58.257 E0.00558
G1 X67.514 Y58.749 E0.00676
G1 X67.594 Y58.978 E0.00318
G1 X67.777 Y59.442 E0.00654
G1 X67.872 Y59.673 E0.00328
G1 X67.986 Y59.92 E0.00357
G1 X68.199 Y60.346 E0.00625
G1 X68.433 Y60.776 E0.00642
G1 X68.694 Y61.205 E0.00658
G1 X68.825 Y61.406 E0.00315
G1 X69.113 Y61.82 E0.00661
G1 X69.417 Y62.212 E0.0065
G1 X69.576 Y62.406 E0.00329
G1 X69.761 Y62.621 E0.00372
G1 X70.071 Y62.956 E0.00599
G1 X70.242 Y63.131 E0.00321
G1 X70.574 Y63.452 E0.00606
G1 X70.979 Y63.806 E0.00705
G1 X71.168 Y63.965 E0.00324
G1 X71.563 Y64.264 E0.0065
G1 X71.763 Y64.406 E0.00322
G1 X71.991 Y64.562 E0.00362
G1 X72.388 Y64.815 E0.00617
G1 X72.614 Y64.949 E0.00345
G1 X73.032 Y65.178 E0.00625
G1 X73.496 Y65.404 E0.00677
G1 X73.944 Y65.603 E0.00643
G1 X74.423 Y65.79 E0.00674
G1 X74.869 Y65.937 E0.00616
G1 X75.339 Y66.077 E0.00643
G1 X75.733 Y66.173 E0.00532
G1 X76.165 Y66.265 E0.00579
G1 X76.4 Y66.309 E0.00314
G1 X76.595 Y66.339 E0.00259
G1 X77.145 Y66.405 E0.00726
G1 X77.638 Y66.446 E0.00649
G1 X77.883 Y66.458 E0.00322
G1 X78.295 Y66.466 E0.0054
G0 F18000 X78.293 Y66.146
G0 X75.242 Y65.531
G0 X73.692 Y64.947
G0 X72.243 Y64.131
G0 X71.113 Y63.264
G0 X69.86 Y61.961
G0 X68.987 Y60.729
G0 X68.149 Y59.03
G0 X67.667 Y57.438
G0 X67.433 Y55.796
G0 X67.434 Y54.371
G0 X67.62 Y52.96
G0 X67.988 Y51.585
G0 X68.638 Y50.063
G0 X69.518 Y48.65
G0 X70.595 Y47.393
G0 X71.853 Y46.315
G0 X73.265 Y45.436
G0 X74.438 Y44.919
G0 X77.319 Y44.069
G0 X77.281 Y43.368
;TYPE:WALL-OUTER
G1 F1500 X77.509 Y43.351 E0.003
G1 X78.02 Y43.326 E0.00671
G1 X78.508 Y43.326 E0.0064
G1 X78.96 Y43.346 E0.00593
G1 X79.21 Y43.362 E0.00328
G1 X79.476 Y43.385 E0.0035
G1 X79.99 Y43.447 E0.00679
G1 X80.233 Y43.487 E0.00323
G1 X80.487 Y43.534 E0.00339
G1 X81.11 Y43.669 E0.00836
G1 X81.516 Y43.776 E0.00551
G1 X81.822 Y43.868 E0.00419
G1 X82.083 Y43.952 E0.0036
G1 X82.086 Y43.956 E0.00007
G1 X82.545 Y44.124 E0.00641
G1 X82.771 Y44.214 E0.00319
G1 X83.015 Y44.317 E0.00347
G1 X83.248 Y44.425 E0.00337
G1 X83.705 Y44.648 E0.00667
G1 X83.939 Y44.772 E0.00347
G1 X84.142 Y44.886 E0.00305
G1 X84.378 Y45.024 E0.00358
G1 X84.795 Y45.29 E0.00649
G1 X85.215 Y45.582 E0.00671
G1 X85.437 Y45.747 E0.00363
G1 X85.842 Y46.075 E0.00683
G1 X86.067 Y46.265 E0.00386
G1 X86.226 Y46.408 E0.0028
G1 X86.406 Y46.577 E0.00324
G1 X86.6 Y46.766 E0.00355
G1 X86.791 Y46.96 E0.00357
G1 X86.79 Y46.963 E0.00004
G1 X86.953 Y47.133 E0.00309
G1 X87.124 Y47.324 E0.00336
G1 X87.292 Y47.52 E0.00339
G1 X87.452 Y47.715 E0.00331
G1 X87.768 Y48.124 E0.00678
G1 X87.919 Y48.334 E0.00339
G1 X88.202 Y48.758 E0.00668
G1 X88.447 Y49.157 E0.00614
G1 X88.713 Y49.645 E0.00729
G1 X88.936 Y50.093 E0.00656
G1 X89.047 Y50.342 E0.00357
G1 X89.212 Y50.729 E0.00552
G1 X89.413 Y51.271 E0.00758
G1 X89.573 Y51.778 E0.00697
G1 X89.578 Y51.781 E0.00008
G1 X89.697 Y52.23 E0.00609
G1 X89.768 Y52.532 E0.00407
G1 X89.867 Y53.031 E0.00667
G1 X89.918 Y53.334 E0.00403
G1 X89.978 Y53.795 E0.0061
G1 X90.002 Y54.051 E0.00337
G1 X90.038 Y54.562 E0.00672
G1 X90.046 Y54.835 E0.00358
G1 X90.046 Y55.304 E0.00615
G1 X90.03 Y55.761 E0.006
G1 X89.987 Y56.264 E0.00662
G1 X89.923 Y56.804 E0.00713
G1 X89.841 Y57.289 E0.00645
G1 X89.791 Y57.528 E0.0032
G1 X89.716 Y57.854 E0.00439
G1 X89.596 Y58.311 E0.0062
G1 X89.504 Y58.617 E0.00419
G1 X89.42 Y58.875 E0.00356
G1 X89.417 Y58.877 E0.00005
G1 X89.34 Y59.097 E0.00306
G1 X89.249 Y59.34 E0.0034
G1 X89.154 Y59.576 E0.00334
G1 X89.055 Y59.811 E0.00334
G1 X88.949 Y60.044 E0.00336
G1 X88.736 Y60.476 E0.00632
G1 X88.484 Y60.946 E0.00699
G1 X88.334 Y61.199 E0.00386
G1 X88.21 Y61.397 E0.00306
G1 X87.924 Y61.825 E0.00675
G1 X87.781 Y62.024 E0.00321
G1 X87.637 Y62.217 E0.00316
G1 X87.466 Y62.436 E0.00364
G1 X87.132 Y62.839 E0.00686
G1 X86.963 Y63.024 E0.00329
G1 X86.787 Y63.21 E0.00336
G1 X86.416 Y63.584 E0.00691
G1 X86.053 Y63.919 E0.00648
G1 X85.866 Y64.079 E0.00323
G1 X85.86 Y64.079 E0.00008
G1 X85.657 Y64.248 E0.00346
G1 X85.464 Y64.4 E0.00322
G1 X85.262 Y64.553 E0.00332
G1 X85.033 Y64.715 E0.00368
G1 X84.611 Y64.999 E0.00667
G1 X84.426 Y65.117 E0.00288
G1 X83.739 Y65.507 E0.01036
G1 X83.286 Y65.729 E0.00662
G1 X83.04 Y65.842 E0.00355
G1 X82.819 Y65.937 E0.00315
G1 X82.321 Y66.129 E0.007
G1 X81.861 Y66.289 E0.00639
G1 X81.604 Y66.369 E0.00353
G1 X81.352 Y66.439 E0.00343
G1 X81.075 Y66.51 E0.00375
G1 X80.841 Y66.563 E0.00315
G1 X80.308 Y66.672 E0.00713
G1 X79.842 Y66.742 E0.00618
G1 X79.577 Y66.774 E0.0035
G1 X79.078 Y66.816 E0.00657
G1 X78.81 Y66.834 E0.00352
G1 X78.301 Y66.846 E0.00668
G1 X77.876 Y66.838 E0.00557
G1 X77.62 Y66.826 E0.00336
G1 X77.109 Y66.783 E0.00672
G1 X76.549 Y66.716 E0.0074
G1 X76.336 Y66.684 E0.00282
G1 X76.094 Y66.639 E0.00323
G1 X75.653 Y66.544 E0.00592
G1 X75.276 Y66.452 E0.00509
G1 X75.001 Y66.375 E0.00374
G1 X74.757 Y66.3 E0.00335
G1 X74.285 Y66.145 E0.00651
G1 X73.776 Y65.946 E0.00717
G1 X73.773 Y65.941 E0.00008
G1 X73.34 Y65.75 E0.00621
G1 X72.856 Y65.515 E0.00706
G1 X72.403 Y65.267 E0.00677
G1 X72.192 Y65.141 E0.00322
G1 X71.784 Y64.881 E0.00634
G1 X71.548 Y64.72 E0.00375
G1 X71.352 Y64.58 E0.00316
G1 X70.936 Y64.265 E0.00684
G1 X70.735 Y64.097 E0.00344
G1 X70.321 Y63.735 E0.00721
G1 X70.173 Y63.595 E0.00267
G1 X69.976 Y63.402 E0.00362
G1 X69.799 Y63.222 E0.00331
G1 X69.479 Y62.876 E0.00618
G1 X69.271 Y62.635 E0.00417
G1 X69.123 Y62.453 E0.00308
G1 X68.801 Y62.039 E0.00688
G1 X68.512 Y61.622 E0.00665
G1 X68.375 Y61.411 E0.0033
G1 X68.108 Y60.973 E0.00673
G1 X67.997 Y60.774 E0.00299
G1 X67.857 Y60.513 E0.00388
G1 X67.646 Y60.09 E0.0062
G1 X67.526 Y59.829 E0.00377
G1 X67.426 Y59.588 E0.00342
G1 X67.229 Y59.088 E0.00705
G1 X67.161 Y58.89 E0.00275
G1 X67.003 Y58.389 E0.00689
G1 X66.999 Y58.387 E0.00006
G1 X66.879 Y57.944 E0.00602
G1 X66.81 Y57.647 E0.004
G1 X66.708 Y57.133 E0.00687
G1 X66.658 Y56.834 E0.00398
G1 X66.598 Y56.374 E0.00608
G1 X66.555 Y55.871 E0.00662
G1 X66.538 Y55.606 E0.00348
G1 X66.526 Y55.12 E0.00637
G1 X66.531 Y54.842 E0.00365
G1 X66.546 Y54.407 E0.00571
G1 X66.589 Y53.904 E0.00662
G1 X66.653 Y53.36 E0.00718
G1 X66.735 Y52.879 E0.0064
G1 X66.785 Y52.64 E0.0032
G1 X66.864 Y52.298 E0.0046
G1 X66.983 Y51.848 E0.0061
G1 X67.156 Y51.293 E0.00762
G1 X67.16 Y51.29 E0.00007
G1 X67.325 Y50.825 E0.00647
G1 X67.421 Y50.593 E0.00329
G1 X67.632 Y50.113 E0.00688
G1 X67.844 Y49.684 E0.00627
G1 X67.979 Y49.427 E0.00381
G1 X68.101 Y49.207 E0.0033
G1 X68.368 Y48.767 E0.00675
G1 X68.504 Y48.563 E0.00321
G1 X68.817 Y48.116 E0.00716
G1 X68.953 Y47.932 E0.003
G1 X69.096 Y47.75 E0.00304
G1 X69.279 Y47.53 E0.00375
G1 X69.617 Y47.14 E0.00677
G1 X69.785 Y46.961 E0.00322
G1 X70.169 Y46.58 E0.00709
G1 X70.519 Y46.257 E0.00625
G1 X70.919 Y45.92 E0.00686
G1 X71.119 Y45.762 E0.00334
G1 X71.543 Y45.453 E0.00688
G1 X71.742 Y45.315 E0.00318
G1 X72.177 Y45.037 E0.00677
G1 X72.387 Y44.913 E0.0032
G1 X72.626 Y44.778 E0.0036
G1 X72.84 Y44.664 E0.00318
G1 X73.081 Y44.542 E0.00354
G1 X73.263 Y44.456 E0.00264
G1 X73.773 Y44.227 E0.00733
G1 X74.226 Y44.051 E0.00637
G1 X74.493 Y43.953 E0.00373
G1 X74.963 Y43.804 E0.00647
G1 X75.423 Y43.676 E0.00626
G1 X76.008 Y43.548 E0.00785
G1 X76.261 Y43.501 E0.00337
G1 X76.721 Y43.432 E0.0061
G1 X77.007 Y43.397 E0.00378
G1 X77.281 Y43.368 E0.00361
G0 F18000 X77.083 Y43.389
G0 X77.15 Y44.086
G0 X74.568 Y44.862
G0 X73.265 Y45.436
G0 X71.853 Y46.315
G0 X70.595 Y47.393
G0 X69.518 Y48.65
G0 X68.381 Y50.448
G0 X69.009 Y50.751
G1 F1500 X68.914 Y50.961 E0.00302
G1 X68.744 Y51.366 E0.00576
G1 X68.594 Y51.783 E0.00581
G1 X68.442 Y52.267 E0.00665
G1 X68.339 Y52.661 E0.00534
G1 X68.246 Y53.078 E0.0056
G1 X68.205 Y53.306 E0.00304
G1 X68.136 Y53.746 E0.00584
G1 X68.107 Y53.963 E0.00287
G1 X68.07 Y54.412 E0.00591
G1 X68.05 Y54.857 E0.00584
G1 X68.046 Y55.08 E0.00292
G1 X68.054 Y55.389 E0.00405
G1 X68.07 Y55.749 E0.00473
G1 X68.094 Y56.059 E0.00408
G1 X68.135 Y56.418 E0.00474
G1 X68.204 Y56.858 E0.00584
G1 X68.289 Y57.293 E0.00581
G1 X68.395 Y57.734 E0.00595
G1 X68.521 Y58.162 E0.00585
G1 X68.591 Y58.379 E0.00299
G1 X68.741 Y58.793 E0.00577
G1 X68.912 Y59.209 E0.0059
G1 X69.007 Y59.413 E0.00295
G1 X69.201 Y59.808 E0.00577
G1 X69.312 Y60.019 E0.00313
G1 X69.552 Y60.428 E0.00622
G1 X69.699 Y60.662 E0.00362
G1 X69.822 Y60.846 E0.0029
G1 X70.03 Y61.14 E0.00472
G1 X70.168 Y61.323 E0.00301
G1 X70.354 Y61.561 E0.00396
G1 X70.595 Y61.844 E0.00487
G1 X70.956 Y62.234 E0.00697
G1 X71.201 Y62.479 E0.00454
G1 X71.528 Y62.777 E0.0058
G1 X71.869 Y63.066 E0.00586
G1 X72.049 Y63.209 E0.00301
G1 X72.23 Y63.341 E0.00294
G1 X72.59 Y63.596 E0.00578
G1 X73.164 Y63.951 E0.00885
G1 X73.362 Y64.062 E0.00298
G1 X73.755 Y64.269 E0.00582
G1 X73.953 Y64.364 E0.00288
G1 X74.354 Y64.542 E0.00575
G1 X74.573 Y64.629 E0.00309
G1 X74.991 Y64.779 E0.00582
G1 X75.423 Y64.914 E0.00593
G1 X75.625 Y64.974 E0.00276
G1 X75.867 Y65.033 E0.00327
G1 X76.282 Y65.126 E0.00558
G1 X76.596 Y65.182 E0.00418
G1 X76.949 Y65.24 E0.00469
G1 X77.17 Y65.265 E0.00292
G1 X77.616 Y65.302 E0.00587
G1 X78.061 Y65.322 E0.00584
G1 X78.3 Y65.326 E0.00313
G1 X78.588 Y65.322 E0.00378
G1 X78.955 Y65.302 E0.00482
G1 X79.26 Y65.278 E0.00401
G1 X79.604 Y65.241 E0.00454
G1 X79.918 Y65.192 E0.00417
G1 X80.282 Y65.127 E0.00485
G1 X80.499 Y65.083 E0.0029
G1 X80.718 Y65.034 E0.00294
G1 X80.94 Y64.976 E0.00301
G1 X81.153 Y64.915 E0.00291
G1 X81.432 Y64.83 E0.00382
G1 X81.653 Y64.757 E0.00305
G1 X81.998 Y64.631 E0.00482
G1 X82.202 Y64.549 E0.00288
G1 X82.61 Y64.37 E0.00584
G1 X82.904 Y64.225 E0.0043
G1 X83.081 Y64.134 E0.00261
G1 X83.474 Y63.914 E0.00591
G1 X83.666 Y63.8 E0.00293
G1 X84.039 Y63.561 E0.00581
G1 X84.343 Y63.343 E0.00491
G1 X84.527 Y63.204 E0.00302
G1 X84.765 Y63.018 E0.00396
G1 X85.044 Y62.778 E0.00483
G1 X85.368 Y62.485 E0.00573
G1 X85.529 Y62.329 E0.00294
G1 X85.733 Y62.116 E0.00387
G1 X85.967 Y61.86 E0.00455
G1 X86.132 Y61.668 E0.00332
G1 X86.412 Y61.324 E0.00582
G1 X86.545 Y61.143 E0.00295
G1 X86.8 Y60.782 E0.0058
G1 X87.025 Y60.426 E0.00552
G1 X87.261 Y60.023 E0.00612
G1 X87.372 Y59.813 E0.00311
G1 X87.567 Y59.416 E0.0058
G1 X87.668 Y59.198 E0.00315
G1 X87.832 Y58.801 E0.00563
G1 X87.982 Y58.385 E0.0058
G1 X88.118 Y57.949 E0.00599
G1 X88.179 Y57.737 E0.00289
G1 X88.234 Y57.522 E0.00291
G1 X88.345 Y57.012 E0.00684
G1 X88.44 Y56.426 E0.00778
G1 X88.489 Y55.981 E0.00587
G1 X88.511 Y55.678 E0.00398
G1 X88.526 Y55.311 E0.00482
G1 X88.524 Y54.848 E0.00607
G1 X88.506 Y54.415 E0.00568
G1 X88.482 Y54.112 E0.00399
G1 X88.441 Y53.75 E0.00478
G1 X88.372 Y53.31 E0.00584
G1 X88.331 Y53.086 E0.00299
G1 X88.238 Y52.659 E0.00573
G1 X88.177 Y52.432 E0.00308
G1 X88.055 Y52.007 E0.0058
G1 X87.982 Y51.797 E0.00292
G1 X87.985 Y51.794 E0.00006
G1 X87.888 Y51.513 E0.0039
G1 X87.805 Y51.302 E0.00297
G1 X87.57 Y50.755 E0.00781
G1 X87.378 Y50.371 E0.00563
G1 X87.269 Y50.16 E0.00311
G1 X87.158 Y49.963 E0.00297
G1 X86.999 Y49.698 E0.00405
G1 X86.885 Y49.517 E0.0028
G1 X86.73 Y49.289 E0.00362
G1 X86.41 Y48.848 E0.00714
G1 X86.217 Y48.605 E0.00407
G1 X86.083 Y48.443 E0.00276
G1 X85.87 Y48.202 E0.00422
G1 X85.699 Y48.018 E0.00329
G1 X85.375 Y47.693 E0.00602
G1 X85.15 Y47.484 E0.00403
G1 X84.897 Y47.264 E0.0044
G1 X84.699 Y47.098 E0.00339
G1 X84.348 Y46.829 E0.0058
G1 X83.981 Y46.572 E0.00588
G1 X83.784 Y46.444 E0.00308
G1 X83.411 Y46.217 E0.00573
G1 X83.012 Y45.997 E0.00597
G1 X82.546 Y45.769 E0.0068
G1 X82.543 Y45.771 E0.00005
G1 X82.433 Y45.72 E0.00159
G1 X82.219 Y45.628 E0.00305
G1 X81.801 Y45.466 E0.00588
G1 X81.403 Y45.328 E0.00552
G1 X81.088 Y45.234 E0.00431
G1 X81.085 Y45.236 E0.00005
G1 X80.948 Y45.194 E0.00188
G1 X80.514 Y45.087 E0.00586
G1 X80.063 Y45.001 E0.00602
G1 X79.63 Y44.932 E0.00575
G1 X79.238 Y44.887 E0.00517
G1 X78.741 Y44.854 E0.00653
G1 X78.511 Y44.845 E0.00302
G1 X77.989 Y44.85 E0.00685
G1 X77.547 Y44.87 E0.0058
G1 X77.315 Y44.89 E0.00305
G1 X76.954 Y44.931 E0.00476
G1 X76.518 Y45 E0.00579
G1 X76.07 Y45.085 E0.00598
G1 X75.631 Y45.195 E0.00593
G1 X75.493 Y45.236 E0.00189
G1 X75.49 Y45.233 E0.00006
G1 X75.208 Y45.321 E0.00387
G1 X74.783 Y45.463 E0.00588
G1 X74.363 Y45.627 E0.00591
G1 X73.944 Y45.812 E0.00601
G1 X73.567 Y45.997 E0.00551
G1 X73.173 Y46.213 E0.00589
G1 X72.789 Y46.445 E0.00588
G1 X72.414 Y46.693 E0.0059
G1 X72.231 Y46.826 E0.00297
G1 X71.876 Y47.096 E0.00585
G1 X71.402 Y47.505 E0.00821
G1 X71.052 Y47.838 E0.00633
G1 X70.739 Y48.164 E0.00593
G1 X70.448 Y48.494 E0.00577
G1 X70.302 Y48.67 E0.003
G1 X70.032 Y49.025 E0.00585
G1 X69.918 Y49.188 E0.00261
G1 X69.913 Y49.19 E0.00007
G1 X69.653 Y49.578 E0.00612
G1 X69.425 Y49.954 E0.00577
G1 X69.311 Y50.153 E0.00301
G1 X69.207 Y50.352 E0.00294
G1 X69.009 Y50.751 E0.00584
G0 F18000 X69.097 Y50.572
G1 F1800 E-3.5
;MESH:Dielectric - Part.STL
G0 F18000 X68.468 Y50.269
G0 X67.833 Y54.399
G0 X67.858 Y56.081
G0 X68.111 Y57.578
G0 X68.522 Y58.885
G0 X69.33 Y60.522
G0 X70.169 Y61.708
G0 X71.148 Y62.725
G0 X75.307 Y66.234
G0 X75.296 Y67.727
G0 X87.954 Y101.51
G0 X87.738 Y102.738
G1 F1800 E3.52079
G1 F1500 X87.738 Y117.258 E0.1904
G1 X132.258 Y117.258 E0.58378
G1 X132.258 Y102.738 E0.1904
G1 X87.738 Y102.738 E0.58378
G0 F18000 X87.738 Y102.938
G0 X88.118 Y103.118
;TYPE:SKIN
G1 F8400 X88.118 Y116.878 E0.22826
G1 X131.878 Y116.878 E0.72591
G1 X131.878 Y103.118 E0.22826
G1 X88.118 Y103.118 E0.72591
G0 F18000 X88.498 Y103.498
G1 F8400 X88.498 Y116.498 E0.21565
G1 X131.498 Y116.498 E0.71331
G1 X131.498 Y103.498 E0.21565
G1 X88.498 Y103.498 E0.71331
G0 F18000 X88.878 Y103.878
G1 F8400 X88.878 Y116.118 E0.20304
G1 X131.118 Y116.118 E0.7007
G1 X131.118 Y103.878 E0.20304
G1 X88.878 Y103.878 E0.7007
G0 F18000 X89.258 Y104.258
G1 F8400 X89.258 Y115.738 E0.19044
G1 X130.738 Y115.738 E0.68809
G1 X130.738 Y104.258 E0.19044
G1 X89.258 Y104.258 E0.68809
G0 F18000 X89.638 Y104.638
G1 F8400 X89.638 Y115.358 E0.17783
G1 X130.358 Y115.358 E0.67548
G1 X130.358 Y104.638 E0.17783
G1 X89.638 Y104.638 E0.67548
G0 F18000 X90.018 Y105.018
G1 F8400 X90.018 Y114.978 E0.16522
G1 X129.978 Y114.978 E0.66288
G1 X129.978 Y105.018 E0.16522
G1 X90.018 Y105.018 E0.66288
G0 F18000 X90.398 Y105.398
G1 F8400 X90.398 Y114.598 E0.15261
G1 X129.598 Y114.598 E0.65027
G1 X129.598 Y105.398 E0.15261
G1 X90.398 Y105.398 E0.65027
G0 F18000 X90.778 Y105.778
G1 F8400 X90.778 Y114.218 E0.14001
G1 X129.218 Y114.218 E0.63766
G1 X129.218 Y105.778 E0.14001
G1 X90.778 Y105.778 E0.63766
G0 F18000 X91.158 Y106.158
G1 F8400 X91.158 Y113.838 E0.1274
G1 X128.838 Y113.838 E0.62505
G1 X128.838 Y106.158 E0.1274
G1 X91.158 Y106.158 E0.62505
G0 F18000 X91.538 Y106.538
G1 F8400 X91.538 Y113.458 E0.11479
G1 X128.458 Y113.458 E0.61245
G1 X128.458 Y106.538 E0.11479
G1 X91.538 Y106.538 E0.61245
G0 F18000 X91.918 Y106.918
G1 F8400 X91.918 Y113.078 E0.10219
G1 X128.078 Y113.078 E0.59984
G1 X128.078 Y106.918 E0.10219
G1 X91.918 Y106.918 E0.59984
G0 F18000 X127.698 Y112.698
G1 F8400 X127.698 Y107.298 E0.08958
G1 X92.298 Y107.298 E0.58723
G1 X92.298 Y112.698 E0.08958
G1 X127.698 Y112.698 E0.58723
G0 F18000 X127.318 Y112.318
G1 F8400 X127.318 Y107.678 E0.07697
G1 X92.678 Y107.678 E0.57463
G1 X92.678 Y112.318 E0.07697
G1 X127.318 Y112.318 E0.57463
G0 F18000 X93.058 Y108.058
G1 F8400 X93.058 Y111.938 E0.06436
G1 X126.938 Y111.938 E0.56202
G1 X126.938 Y108.058 E0.06436
G1 X93.058 Y108.058 E0.56202
G0 F18000 X93.438 Y108.438
G1 F8400 X93.438 Y111.558 E0.05176
G1 X126.558 Y111.558 E0.54941
G1 X126.558 Y108.438 E0.05176
G1 X93.438 Y108.438 E0.54941
G0 F18000 X93.818 Y108.818
G1 F8400 X93.818 Y111.178 E0.03915
G1 X126.178 Y111.178 E0.5368
G1 X126.178 Y108.818 E0.03915
G1 X93.818 Y108.818 E0.5368
G0 F18000 X94.198 Y109.198
G1 F8400 X94.198 Y110.798 E0.02654
G1 X125.798 Y110.798 E0.5242
G1 X125.798 Y109.198 E0.02654
G1 X94.198 Y109.198 E0.5242
G0 F18000 X94.578 Y109.578
G1 F8400 X94.578 Y110.418 E0.01393
G1 X125.418 Y110.418 E0.51159
G1 X125.418 Y109.578 E0.01393
G1 X94.578 Y109.578 E0.51159
G0 F18000 X94.998 Y109.998
G1 F6939.1 X124.998 Y109.998 E0.60242
G1 F1800 E-3.5
;MESH:NONMESH
G0 F1200 X124.998 Y109.998 Z0.5
G0 F18000 X87.954 Y102.954
G0 X87.954 Y101.51
G0 X80.274 Y67.923
G0 X80.039 Y66.494
G0 X74.493 Y64.854
G0 X73.048 Y64.162
G0 X71.554 Y63.114
G0 X70.411 Y61.996
G0 X69.495 Y60.784
G0 X68.696 Y59.305
G0 X68.188 Y57.876
G0 X67.9 Y56.456
G0 X67.813 Y54.857
G0 X67.969 Y53.27
G0 X68.366 Y51.716
G0 X69.101 Y50.046
G0 X70.115 Y48.529
G0 X71.381 Y47.206
G0 X74.547 Y44.805
G0 X74.66 Y45.1
;TIME_ELAPSED:95.224031
;LAYER:2
;TYPE:WALL-INNER
;MESH:01_Prime_Insulator.STL
G1 F1800 E3.52079
G1 F3000 X74.221 Y45.274 E0.00619
G1 X73.79 Y45.464 E0.00618
G1 X73.399 Y45.656 E0.00571
G1 X72.991 Y45.879 E0.0061
G1 X72.592 Y46.12 E0.00611
G1 X72.204 Y46.377 E0.0061
G1 X72.006 Y46.52 E0.0032
G1 X71.641 Y46.802 E0.00605
G1 X71.292 Y47.096 E0.00598
G1 X71.152 Y47.219 E0.00244
G1 X70.79 Y47.563 E0.00655
G1 X70.463 Y47.907 E0.00622
G1 X70.33 Y48.052 E0.00258
G1 X70.176 Y48.229 E0.00308
G1 X70.001 Y48.437 E0.00356
G1 X69.729 Y48.795 E0.0059
G1 X69.624 Y48.946 E0.00241
G1 X69.592 Y48.985 E0.00066
G1 X69.337 Y49.367 E0.00602
G1 X69.209 Y49.575 E0.0032
G1 X68.981 Y49.963 E0.0059
G1 X68.87 Y50.176 E0.00315
G1 X68.657 Y50.604 E0.00627
G1 X68.568 Y50.799 E0.00281
G1 X68.393 Y51.221 E0.00599
G1 X68.227 Y51.681 E0.00641
G1 X68.079 Y52.153 E0.00649
G1 X67.972 Y52.561 E0.00553
G1 X67.875 Y52.995 E0.00583
G1 X67.794 Y53.458 E0.00616
G1 X67.758 Y53.698 E0.00318
G1 X67.73 Y53.914 E0.00286
G1 X67.691 Y54.381 E0.00614
G1 X67.678 Y54.616 E0.00309
G1 X67.67 Y54.843 E0.00298
G1 X67.666 Y55.073 E0.00302
G1 X67.678 Y55.54 E0.00613
G1 X67.69 Y55.772 E0.00305
G1 X67.715 Y56.107 E0.00441
G1 X67.758 Y56.465 E0.00473
G1 X67.824 Y56.909 E0.00589
G1 X67.921 Y57.387 E0.0064
G1 X67.968 Y57.591 E0.00275
G1 X68.089 Y58.05 E0.00622
G1 X68.229 Y58.495 E0.00612
G1 X68.387 Y58.934 E0.00612
G1 X68.56 Y59.353 E0.00594
G1 X68.663 Y59.575 E0.00321
G1 X68.86 Y59.975 E0.00585
G1 X68.976 Y60.195 E0.00326
G1 X69.219 Y60.615 E0.00636
G1 X69.333 Y60.792 E0.00276
G1 X69.582 Y61.166 E0.00589
G1 X69.719 Y61.359 E0.0031
G1 X69.86 Y61.546 E0.00307
G1 X70.145 Y61.9 E0.00596
G1 X70.284 Y62.065 E0.00283
G1 X70.449 Y62.25 E0.00325
G1 X70.61 Y62.421 E0.00308
G1 X70.93 Y62.745 E0.00597
G1 X71.272 Y63.058 E0.00608
G1 X71.624 Y63.356 E0.00605
G1 X71.832 Y63.522 E0.00349
G1 X72.37 Y63.906 E0.00867
G1 X72.966 Y64.275 E0.00919
G1 X73.176 Y64.393 E0.00316
G1 X73.578 Y64.605 E0.00596
G1 X73.789 Y64.707 E0.00307
G1 X74.2 Y64.889 E0.00589
G1 X74.433 Y64.982 E0.00329
G1 X74.863 Y65.137 E0.00599
G1 X75.31 Y65.277 E0.00614
G1 X75.531 Y65.343 E0.00302
G1 X75.978 Y65.451 E0.00603
G1 X76.208 Y65.498 E0.00308
G1 X76.888 Y65.615 E0.00905
G1 X77.127 Y65.643 E0.00316
G1 X77.585 Y65.681 E0.00603
G1 X77.82 Y65.694 E0.00309
G1 X78.047 Y65.702 E0.00298
G1 X78.277 Y65.706 E0.00302
G1 X78.519 Y65.702 E0.00317
G1 X78.976 Y65.682 E0.006
G1 X79.311 Y65.657 E0.00441
G1 X79.649 Y65.619 E0.00446
G1 X79.904 Y65.58 E0.00338
G1 X80.347 Y65.502 E0.0059
G1 X80.8 Y65.405 E0.00607
G1 X81.259 Y65.28 E0.00624
G1 X81.692 Y65.144 E0.00595
G1 X82.029 Y65.025 E0.00469
G1 X82.445 Y64.858 E0.00588
G1 X82.975 Y64.618 E0.00763
G1 X83.396 Y64.396 E0.00624
G1 X83.801 Y64.161 E0.00614
G1 X84.033 Y64.017 E0.00358
G1 X84.367 Y63.795 E0.00526
G1 X84.753 Y63.509 E0.0063
G1 X84.937 Y63.366 E0.00306
G1 X85.283 Y63.077 E0.00591
G1 X85.62 Y62.769 E0.00599
G1 X85.795 Y62.601 E0.00318
G1 X85.965 Y62.428 E0.00318
G1 X86.121 Y62.252 E0.00308
G1 X86.278 Y62.081 E0.00304
G1 X86.716 Y61.553 E0.009
G1 X86.852 Y61.367 E0.00302
G1 X87.111 Y61 E0.00589
G1 X87.355 Y60.616 E0.00597
G1 X87.59 Y60.213 E0.00612
G1 X87.708 Y59.991 E0.0033
G1 X87.908 Y59.583 E0.00596
G1 X88.019 Y59.345 E0.00344
G1 X88.193 Y58.922 E0.006
G1 X88.339 Y58.514 E0.00568
G1 X88.496 Y58.012 E0.0069
G1 X88.544 Y57.842 E0.00232
G1 X88.603 Y57.611 E0.00313
G1 X88.656 Y57.387 E0.00302
G1 X88.748 Y56.939 E0.006
G1 X88.817 Y56.481 E0.00607
G1 X88.867 Y56.023 E0.00604
G1 X88.892 Y55.677 E0.00455
G1 X88.908 Y55.313 E0.00478
G1 X88.906 Y54.864 E0.00589
G1 X88.898 Y54.623 E0.00316
G1 X88.885 Y54.392 E0.00303
G1 X88.86 Y54.054 E0.00444
G1 X88.822 Y53.724 E0.00436
G1 X88.784 Y53.468 E0.00339
G1 X88.704 Y53.009 E0.00611
G1 X88.609 Y52.583 E0.00572
G1 X88.502 Y52.177 E0.00551
G1 X88.418 Y51.897 E0.00383
G1 X88.346 Y51.675 E0.00306
G1 X88.193 Y51.247 E0.00596
G1 X88.005 Y50.794 E0.00643
G1 X87.958 Y50.696 E0.00143
G1 X87.945 Y50.659 E0.00051
G1 X87.812 Y50.388 E0.00396
G1 X87.601 Y49.974 E0.00609
G1 X87.372 Y49.584 E0.00593
G1 X87.25 Y49.384 E0.00307
G1 X87.047 Y49.08 E0.00479
G1 X86.718 Y48.625 E0.00736
G1 X86.431 Y48.269 E0.006
G1 X86.278 Y48.088 E0.00311
G1 X86.12 Y47.91 E0.00312
G1 X85.974 Y47.755 E0.00279
G1 X85.805 Y47.582 E0.00317
G1 X85.461 Y47.249 E0.00628
G1 X84.952 Y46.815 E0.00877
G1 X84.581 Y46.528 E0.00615
G1 X84.199 Y46.261 E0.00611
G1 X83.99 Y46.125 E0.00327
G1 X83.609 Y45.893 E0.00585
G1 X83.172 Y45.651 E0.00655
G1 X82.732 Y45.435 E0.00643
G1 X82.367 Y45.278 E0.00521
G1 X82.136 Y45.186 E0.00326
G1 X81.92 Y45.105 E0.00302
G1 X81.527 Y44.969 E0.00545
G1 X81.04 Y44.824 E0.00666
G1 X80.579 Y44.711 E0.00622
G1 X80.144 Y44.627 E0.00581
G1 X79.679 Y44.555 E0.00617
G1 X79.254 Y44.506 E0.00561
G1 X78.766 Y44.474 E0.00641
G1 X78.519 Y44.465 E0.00324
G1 X78.068 Y44.466 E0.00591
G1 X77.83 Y44.474 E0.00312
G1 X77.371 Y44.503 E0.00603
G1 X76.912 Y44.553 E0.00605
G1 X76.676 Y44.588 E0.00313
G1 X76.229 Y44.666 E0.00595
G1 X75.996 Y44.712 E0.00311
G1 X75.538 Y44.826 E0.00619
G1 X75.099 Y44.954 E0.006
G1 X74.66 Y45.1 E0.00607
G0 F18000 X74.543 Y44.808
G0 X72.444 Y45.911
G0 X71.119 Y46.904
G0 X69.958 Y48.09
G0 X68.989 Y49.44
G0 X68.328 Y50.712
G0 X67.843 Y52.047
G0 X67.503 Y53.663
G0 X67.409 Y55.091
G0 X67.504 Y56.51
G0 X67.844 Y58.129
G0 X68.431 Y59.69
G0 X69.173 Y61.022
G0 X70.114 Y62.264
G0 X71.297 Y63.421
G0 X72.449 Y64.264
G0 X73.909 Y65.045
G0 X75.474 Y65.595
G0 X76.403 Y65.769
G0 X78.543 Y66.082
G1 F2984.3 X78.776 Y66.073 E0.00307
G1 F2976.5 X79.014 Y66.059 E0.00315
G1 F3000 X79.375 Y66.031 E0.00475
G1 F3007.9 X79.737 Y65.99 E0.00476
G1 F2976.5 X80.191 Y65.918 E0.00608
G1 F2968.8 X80.669 Y65.823 E0.00646
G1 F2992.1 X80.914 Y65.767 E0.0033
G1 X81.155 Y65.705 E0.00327
G1 F2976.5 X81.364 Y65.647 E0.00287
G1 F2992.1 X81.838 Y65.494 E0.00655
G1 F3015.9 X82.178 Y65.372 E0.00471
G1 F3007.9 X82.604 Y65.203 E0.00599
G1 F2992.1 X82.929 Y65.057 E0.00468
G1 F3015.9 X83.18 Y64.937 E0.00363
G1 F3007.9 X83.387 Y64.832 E0.00304
G1 F2992.1 X83.605 Y64.713 E0.00327
G1 F3000 X84.021 Y64.473 E0.0063
G1 X84.256 Y64.324 E0.00365
G1 F3023.9 X84.601 Y64.093 E0.0054
G1 F3007.9 X84.793 Y63.954 E0.0031
G1 F2992.1 X85.175 Y63.662 E0.00632
G1 X85.558 Y63.341 E0.00657
G1 X85.91 Y63.016 E0.0063
G1 F3015.9 X86.075 Y62.855 E0.00301
G1 F3031.9 X86.261 Y62.665 E0.00345
G1 F3007.9 X86.559 Y62.338 E0.00579
G1 F2984.3 X86.868 Y61.967 E0.00636
G1 F3007.9 X87.031 Y61.762 E0.00343
G1 F3015.9 X87.298 Y61.395 E0.00592
G1 F3007.9 X87.446 Y61.179 E0.00342
G1 F3000 X87.682 Y60.81 E0.00574
G1 F2984.3 X87.816 Y60.584 E0.00346
G1 F3007.9 X87.934 Y60.372 E0.00317
G1 F3023.9 X88.043 Y60.168 E0.00301
G1 F3015.9 X88.258 Y59.73 E0.00636
G1 F3023.9 X88.367 Y59.49 E0.00343
G1 F3031.9 X88.549 Y59.049 E0.00619
G1 F3007.9 X88.717 Y58.58 E0.00652
G1 F2984.3 X88.861 Y58.117 E0.00639
G1 F3007.9 X88.917 Y57.914 E0.00275
G1 F3015.9 X89.032 Y57.446 E0.00629
G1 F3007.9 X89.119 Y57.014 E0.00576
G1 F3000 X89.16 Y56.758 E0.0034
G1 F2992.1 X89.196 Y56.5 E0.00342
G1 X89.222 Y56.281 E0.0029
G1 X89.256 Y55.933 E0.0046
G1 F3000 X89.271 Y55.697 E0.0031
G1 F3007.9 X89.285 Y55.304 E0.00514
G1 X89.286 Y54.829 E0.00621
G1 F2984.3 X89.277 Y54.592 E0.00313
G1 X89.246 Y54.12 E0.00624
G1 F2992.1 X89.223 Y53.886 E0.00309
G1 X89.194 Y53.645 E0.00319
G1 X89.158 Y53.4 E0.00326
G1 F2984.3 X89.119 Y53.17 E0.00308
G1 F2992.1 X89.071 Y52.913 E0.00344
G1 F2984.3 X88.973 Y52.473 E0.00594
G1 F2976.5 X88.913 Y52.236 E0.00323
G1 X88.86 Y52.043 E0.00265
G1 X88.698 Y51.531 E0.0071
G1 F2992.1 X88.522 Y51.048 E0.00676
G1 F3015.9 X88.35 Y50.64 E0.00578
G1 F3023.9 X88.275 Y50.473 E0.00238
G1 F3000 X88.044 Y50.006 E0.00683
G1 F3015.9 X87.932 Y49.793 E0.00314
G1 F3007.9 X87.794 Y49.55 E0.00365
G1 F2976.5 X87.689 Y49.373 E0.00272
G1 F2992.1 X87.555 Y49.157 E0.00334
G1 X87.433 Y48.972 E0.00291
G1 F2976.5 X87.299 Y48.777 E0.00313
G1 F2961 X87.163 Y48.588 E0.00309
G1 F2984.3 X86.996 Y48.365 E0.00367
G1 F3000 X86.71 Y48.009 E0.00599
G1 F2992.1 X86.404 Y47.659 E0.00611
G1 F3000 X86.208 Y47.451 E0.00375
G1 X86.055 Y47.295 E0.00287
G1 F3007.9 X85.718 Y46.971 E0.00611
G1 X85.529 Y46.805 E0.00329
G1 F3015.9 X85.186 Y46.517 E0.00584
G1 X84.777 Y46.202 E0.00673
G1 F3000 X84.401 Y45.939 E0.00602
G1 F2992.1 X83.991 Y45.679 E0.00638
G1 X83.77 Y45.548 E0.00338
G1 F3015.9 X83.338 Y45.312 E0.00642
G1 F3040 X82.879 Y45.088 E0.00661
G1 F3031.9 X82.717 Y45.015 E0.00231
G1 F3007.9 X82.497 Y44.922 E0.00312
G1 X82.256 Y44.826 E0.00339
G1 F3015.9 X82.032 Y44.742 E0.00312
G1 F3000 X81.796 Y44.659 E0.00328
G1 F2984.3 X81.372 Y44.526 E0.00586
G1 F3015.9 X81.118 Y44.455 E0.00344
G1 F3023.9 X80.901 Y44.399 E0.00292
G1 X80.651 Y44.341 E0.00334
G1 X80.427 Y44.295 E0.00297
G1 F3000 X80.158 Y44.245 E0.00359
G1 X79.702 Y44.176 E0.00605
G1 F3015.9 X79.278 Y44.129 E0.00556
G1 X79.013 Y44.109 E0.00347
G1 F3000 X78.508 Y44.086 E0.00663
G1 X78.033 Y44.087 E0.00623
G1 F2992.1 X77.567 Y44.109 E0.00613
G1 X77.339 Y44.125 E0.003
G1 F3007.9 X76.837 Y44.181 E0.00661
G1 F2992.1 X76.378 Y44.253 E0.00611
G1 X76.142 Y44.297 E0.00316
G1 F3023.9 X75.878 Y44.352 E0.00351
G1 F2992.1 X75.617 Y44.413 E0.00352
G1 F2976.5 X75.253 Y44.511 E0.00498
G1 F2992.1 X74.749 Y44.668 E0.00694
G1 F3007.9 X74.493 Y44.759 E0.00355
G1 F3015.9 X74.081 Y44.921 E0.00577
G1 F3000 X73.623 Y45.124 E0.00657
G1 F2992.1 X73.196 Y45.334 E0.00626
G1 X72.771 Y45.568 E0.00638
G1 F3000 X72.378 Y45.807 E0.00603
G1 F2992.1 X72.176 Y45.939 E0.00317
G1 F3000 X71.962 Y46.085 E0.0034
G1 F3015.9 X71.764 Y46.229 E0.00319
G1 F3000 X71.379 Y46.525 E0.00637
G1 F2984.3 X71.032 Y46.818 E0.00599
G1 F2992.1 X70.886 Y46.948 E0.00257
G1 F3007.9 X70.496 Y47.322 E0.00707
G1 F2992.1 X70.34 Y47.482 E0.00294
G1 F2976.5 X70.169 Y47.664 E0.0033
G1 F3000 X69.868 Y48.006 E0.00597
G1 F3015.9 X69.692 Y48.218 E0.00359
G1 X69.406 Y48.597 E0.00619
G1 F3007.9 X69.136 Y48.984 E0.00617
G1 F2992.1 X69.003 Y49.185 E0.00317
G1 F2984.3 X68.879 Y49.386 E0.00311
G1 F2992.1 X68.76 Y49.587 E0.00307
G1 F3007.9 X68.634 Y49.811 E0.00336
G1 X68.517 Y50.034 E0.00329
G1 X68.302 Y50.471 E0.00637
G1 F3023.9 X68.208 Y50.681 E0.00299
G1 F3015.9 X68.026 Y51.119 E0.00619
G1 F3000 X67.872 Y51.548 E0.00598
G1 F3007.9 X67.707 Y52.078 E0.00726
G1 F3000 X67.659 Y52.253 E0.00238
G1 F2984.3 X67.596 Y52.501 E0.00337
G1 F2976.5 X67.55 Y52.699 E0.00269
G1 F2984.3 X67.496 Y52.957 E0.00347
G1 X67.459 Y53.155 E0.00266
G1 F2968.8 X67.413 Y53.429 E0.00368
G1 F2992.1 X67.352 Y53.886 E0.00606
G1 F3007.9 X67.311 Y54.376 E0.00643
G1 F2992.1 X67.298 Y54.613 E0.00312
G1 X67.29 Y54.847 E0.00308
G1 F3000 X67.286 Y55.11 E0.00345
G1 X67.299 Y55.577 E0.00613
G1 F2992.1 X67.33 Y56.044 E0.00615
G1 F2984.3 X67.353 Y56.282 E0.00315
G1 X67.384 Y56.537 E0.00339
G1 F3000 X67.458 Y57.013 E0.00632
G1 F2992.1 X67.55 Y57.474 E0.00618
G1 F2976.5 X67.658 Y57.915 E0.006
G1 F2984.3 X67.732 Y58.179 E0.00361
G1 F2992.1 X67.873 Y58.626 E0.00616
G1 F2984.3 X67.949 Y58.841 E0.00301
G1 F3000 X68.043 Y59.089 E0.00348
G1 F3015.9 X68.224 Y59.53 E0.00622
G1 F2992.1 X68.326 Y59.751 E0.0032
G1 X68.533 Y60.168 E0.00612
G1 F3007.9 X68.659 Y60.403 E0.00349
G1 F3000 X68.763 Y60.586 E0.00276
G1 F3007.9 X68.917 Y60.845 E0.00394
G1 F3000 X69.139 Y61.19 E0.00538
G1 F2976.5 X69.281 Y61.399 E0.00334
G1 X69.423 Y61.599 E0.00324
G1 F2968.8 X69.711 Y61.97 E0.00622
G1 X69.88 Y62.177 E0.00354
G1 F2976.5 X70.032 Y62.354 E0.00308
G1 F2992.1 X70.187 Y62.526 E0.00304
G1 X70.509 Y62.86 E0.0061
G1 F3000 X70.696 Y63.045 E0.00345
G1 X70.828 Y63.168 E0.00237
G1 X71.043 Y63.361 E0.00379
G1 X71.4 Y63.664 E0.00614
G1 F3007.9 X71.61 Y63.827 E0.00348
G1 F3015.9 X71.795 Y63.963 E0.00299
G1 F3007.9 X72.197 Y64.245 E0.00642
G1 F3000 X72.395 Y64.371 E0.00308
G1 F2984.3 X72.798 Y64.617 E0.00622
G1 F2992.1 X73.014 Y64.737 E0.00325
G1 F3007.9 X73.434 Y64.956 E0.00619
G1 F3015.9 X73.651 Y65.059 E0.00313
G1 X74.111 Y65.262 E0.00656
G1 F2992.1 X74.543 Y65.428 E0.00608
G1 X74.774 Y65.507 E0.00321
G1 F3007.9 X75.231 Y65.65 E0.00626
G1 X75.433 Y65.708 E0.00275
G1 F2992.1 X75.644 Y65.762 E0.00286
G1 X75.919 Y65.826 E0.00371
G1 F3015.9 X76.161 Y65.876 E0.00322
G1 F2992.1 X76.359 Y65.913 E0.00265
G1 F2976.5 X76.614 Y65.956 E0.00342
G1 F3000 X76.851 Y65.992 E0.00314
G1 F3015.9 X77.115 Y66.022 E0.00347
G1 F3007.9 X77.58 Y66.061 E0.0061
G1 F2992.1 X77.817 Y66.074 E0.00312
G1 F3000 X78.051 Y66.082 E0.00307
G1 F3007.9 X78.305 Y66.086 E0.00332
G1 F3000 X78.543 Y66.082 E0.00312
G0 F18000 X75.936 Y65.709
G0 X74.349 Y65.227
G0 X72.847 Y64.508
G0 X71.48 Y63.571
G0 X70.427 Y62.606
G0 X69.576 Y61.567
G0 X68.277 Y59.782
G0 X67.986 Y59.92
G1 F3000 X67.872 Y59.673 E0.00357
G1 X67.777 Y59.442 E0.00328
G1 X67.594 Y58.978 E0.00654
G1 X67.514 Y58.749 E0.00318
G1 X67.359 Y58.257 E0.00676
G1 X67.247 Y57.847 E0.00557
G1 X67.179 Y57.56 E0.00387
G1 X67.086 Y57.083 E0.00637
G1 X67.033 Y56.771 E0.00415
G1 X66.975 Y56.328 E0.00586
G1 X66.952 Y56.078 E0.00329
G1 X66.917 Y55.571 E0.00666
G1 X66.906 Y55.115 E0.00598
G1 X66.911 Y54.835 E0.00367
G1 X66.92 Y54.573 E0.00344
G1 X66.933 Y54.353 E0.00289
G1 X66.973 Y53.876 E0.00628
G1 X67.005 Y53.603 E0.0036
G1 X67.036 Y53.377 E0.00299
G1 X67.08 Y53.116 E0.00347
G1 X67.078 Y53.114 E0.00004
G1 X67.177 Y52.618 E0.00663
G1 X67.291 Y52.158 E0.00621
G1 X67.361 Y51.909 E0.00339
G1 X67.505 Y51.454 E0.00626
G1 X67.67 Y50.99 E0.00646
G1 X67.772 Y50.737 E0.00358
G1 X67.945 Y50.349 E0.00557
G1 X67.957 Y50.316 E0.00046
G1 X68.177 Y49.866 E0.00657
G1 X68.301 Y49.633 E0.00346
G1 X68.428 Y49.403 E0.00345
G1 X68.553 Y49.191 E0.00323
G1 X68.68 Y48.985 E0.00317
G1 X68.82 Y48.774 E0.00332
G1 X69.097 Y48.379 E0.00633
G1 X69.259 Y48.158 E0.00359
G1 X69.395 Y47.984 E0.0029
G1 X69.57 Y47.775 E0.00357
G1 X69.883 Y47.413 E0.00628
G1 X70.062 Y47.221 E0.00344
G1 X70.435 Y46.852 E0.00688
G1 X70.775 Y46.537 E0.00608
G1 X71.135 Y46.234 E0.00617
G1 X71.357 Y46.058 E0.00371
G1 X71.742 Y45.778 E0.00624
G1 X71.959 Y45.627 E0.00347
G1 X72.162 Y45.498 E0.00315
G1 X72.175 Y45.487 E0.00022
G1 X72.381 Y45.358 E0.00319
G1 X72.579 Y45.241 E0.00302
G1 X72.812 Y45.11 E0.00351
G1 X73.018 Y44.999 E0.00307
G1 X73.251 Y44.882 E0.00342
G1 X73.461 Y44.782 E0.00305
G1 X73.927 Y44.574 E0.00669
G1 X74.357 Y44.407 E0.00605
G1 X74.621 Y44.31 E0.00369
G1 X75.149 Y44.146 E0.00725
G1 X75.52 Y44.043 E0.00505
G1 X76.063 Y43.926 E0.00728
G1 X76.309 Y43.878 E0.00329
G1 X76.784 Y43.806 E0.0063
G1 X77.3 Y43.748 E0.00681
G1 X77.538 Y43.73 E0.00313
G1 X78.016 Y43.707 E0.00628
G1 X78.508 Y43.706 E0.00645
G1 X79.03 Y43.73 E0.00685
G1 X79.27 Y43.748 E0.00316
G1 X79.766 Y43.801 E0.00654
G1 X80.216 Y43.87 E0.00597
G1 X80.495 Y43.921 E0.00372
G1 X80.991 Y44.03 E0.00666
G1 X81.47 Y44.158 E0.0065
G1 X81.94 Y44.305 E0.00646
G1 X82.411 Y44.479 E0.00658
G1 X82.638 Y44.57 E0.00321
G1 X82.865 Y44.667 E0.00324
G1 X83.088 Y44.769 E0.00322
G1 X83.538 Y44.99 E0.00657
G1 X83.759 Y45.107 E0.00328
G1 X83.956 Y45.217 E0.00296
G1 X84.184 Y45.351 E0.00347
G1 X84.619 Y45.628 E0.00676
G1 X84.996 Y45.892 E0.00604
G1 X85.209 Y46.051 E0.00349
G1 X85.601 Y46.369 E0.00662
G1 X85.821 Y46.555 E0.00378
G1 X86.154 Y46.862 E0.00594
G1 X86.321 Y47.024 E0.00305
G1 X86.479 Y47.185 E0.00296
G1 X86.656 Y47.373 E0.00339
G1 X86.841 Y47.577 E0.00361
G1 X86.999 Y47.762 E0.00319
G1 X87.159 Y47.957 E0.00331
G1 X87.466 Y48.355 E0.00659
G1 X87.609 Y48.555 E0.00322
G1 X87.748 Y48.759 E0.00324
G1 X87.873 Y48.95 E0.00299
G1 X88.121 Y49.353 E0.0062
G1 X88.378 Y49.825 E0.00705
G1 X88.588 Y50.248 E0.00619
G1 X88.636 Y50.352 E0.0015
G1 X88.872 Y50.9 E0.00782
G1 X89.056 Y51.402 E0.00701
G1 X89.217 Y51.911 E0.007
G1 X89.22 Y51.912 E0.00004
G1 X89.329 Y52.325 E0.0056
G1 X89.398 Y52.619 E0.00396
G1 X89.493 Y53.101 E0.00644
G1 X89.543 Y53.397 E0.00394
G1 X89.601 Y53.84 E0.00586
G1 X89.624 Y54.086 E0.00324
G1 X89.658 Y54.569 E0.00635
G1 X89.666 Y54.818 E0.00327
G1 X89.666 Y55.217 E0.00523
G1 X89.662 Y55.465 E0.00325
G1 X89.635 Y55.956 E0.00645
G1 X89.601 Y56.317 E0.00475
G1 X89.537 Y56.81 E0.00652
G1 X89.496 Y57.053 E0.00323
G1 X89.404 Y57.522 E0.00627
G1 X89.346 Y57.768 E0.00331
G1 X89.229 Y58.214 E0.00605
G1 X89.069 Y58.727 E0.00705
G1 X89.062 Y58.739 E0.00018
G1 X88.981 Y58.973 E0.00325
G1 X88.894 Y59.206 E0.00326
G1 X88.714 Y59.638 E0.00614
G1 X88.603 Y59.886 E0.00356
G1 X88.383 Y60.334 E0.00654
G1 X88.143 Y60.78 E0.00664
G1 X88.008 Y61.005 E0.00344
G1 X87.889 Y61.193 E0.00292
G1 X87.611 Y61.61 E0.00657
G1 X87.473 Y61.802 E0.0031
G1 X87.333 Y61.989 E0.00306
G1 X87.167 Y62.202 E0.00354
G1 X86.852 Y62.581 E0.00646
G1 X86.683 Y62.767 E0.0033
G1 X86.536 Y62.923 E0.00281
G1 X86.154 Y63.308 E0.00711
G1 X85.815 Y63.622 E0.00606
G1 X85.649 Y63.765 E0.00287
G1 X85.601 Y63.799 E0.00077
G1 X85.419 Y63.953 E0.00313
G1 X85.229 Y64.102 E0.00317
G1 X85.022 Y64.258 E0.0034
G1 X84.606 Y64.547 E0.00664
G1 X84.224 Y64.795 E0.00597
G1 X83.573 Y65.165 E0.00982
G1 X83.098 Y65.398 E0.00694
G1 X82.874 Y65.5 E0.00323
G1 X82.628 Y65.604 E0.0035
G1 X82.186 Y65.774 E0.00621
G1 X81.738 Y65.93 E0.00622
G1 X81.499 Y66.005 E0.00328
G1 X80.989 Y66.14 E0.00692
G1 X80.755 Y66.193 E0.00315
G1 X80.266 Y66.293 E0.00654
G1 X80.04 Y66.33 E0.003
G1 X79.79 Y66.366 E0.00331
G1 X79.533 Y66.396 E0.00339
G1 X79.277 Y66.42 E0.00337
G1 X78.799 Y66.454 E0.00628
G1 X78.31 Y66.466 E0.00641
G1 X77.777 Y66.452 E0.00699
G1 X77.557 Y66.439 E0.00289
G1 X77.08 Y66.399 E0.00628
G1 X76.805 Y66.367 E0.00363
G1 X76.562 Y66.333 E0.00322
G1 X76.32 Y66.292 E0.00322
G1 X76.318 Y66.294 E0.00004
G1 X75.842 Y66.197 E0.00637
G1 X75.557 Y66.133 E0.00383
G1 X75.334 Y66.073 E0.00303
G1 X74.869 Y65.937 E0.00635
G1 X74.423 Y65.79 E0.00616
G1 X73.944 Y65.603 E0.00674
G1 X73.496 Y65.404 E0.00643
G1 X73.032 Y65.178 E0.00677
G1 X72.614 Y64.949 E0.00625
G1 X72.388 Y64.815 E0.00345
G1 X71.991 Y64.562 E0.00617
G1 X71.763 Y64.406 E0.00362
G1 X71.563 Y64.264 E0.00322
G1 X71.168 Y63.965 E0.0065
G1 X70.979 Y63.806 E0.00324
G1 X70.574 Y63.452 E0.00705
G1 X70.243 Y63.131 E0.00605
G1 X70.082 Y62.967 E0.00301
G1 X69.91 Y62.785 E0.00328
G1 X69.75 Y62.609 E0.00312
G1 X69.575 Y62.407 E0.0035
G1 X69.564 Y62.39 E0.00027
G1 X69.417 Y62.212 E0.00303
G1 X69.122 Y61.832 E0.00631
G1 X68.825 Y61.406 E0.00681
G1 X68.694 Y61.205 E0.00315
G1 X68.438 Y60.783 E0.00647
G1 X68.199 Y60.346 E0.00653
G1 X67.986 Y59.92 E0.00625
G0 F18000 X68.277 Y59.782
G0 X70.114 Y62.264
G0 X71.297 Y63.421
G0 X72.449 Y64.264
G0 X73.909 Y65.045
G0 X75.474 Y65.595
G0 X75.938 Y65.682
G0 X78.545 Y66.142
G0 X78.566 Y66.842
;TYPE:WALL-OUTER
G1 F1500 X78.822 Y66.833 E0.00336
G1 X79.311 Y66.798 E0.00643
G1 X79.577 Y66.774 E0.0035
G1 X79.843 Y66.742 E0.00351
G1 X80.308 Y66.672 E0.00617
G1 X80.841 Y66.563 E0.00713
G1 X81.075 Y66.51 E0.00315
G1 X81.352 Y66.439 E0.00375
G1 X81.613 Y66.367 E0.00355
G1 X81.861 Y66.289 E0.00341
G1 X82.321 Y66.129 E0.00639
G1 X82.776 Y65.954 E0.00639
G1 X83.032 Y65.846 E0.00364
G1 X83.267 Y65.738 E0.00339
G1 X83.739 Y65.507 E0.00689
G1 X84.147 Y65.278 E0.00614
G1 X84.426 Y65.117 E0.00422
G1 X84.82 Y64.861 E0.00616
G1 X85.25 Y64.562 E0.00687
G1 X85.463 Y64.401 E0.0035
G1 X85.663 Y64.244 E0.00333
G1 X85.86 Y64.079 E0.00337
G1 X85.866 Y64.079 E0.00008
G1 X86.071 Y63.902 E0.00355
G1 X86.42 Y63.58 E0.00623
G1 X86.616 Y63.385 E0.00363
G1 X86.813 Y63.183 E0.0037
G1 X86.963 Y63.024 E0.00287
G1 X87.144 Y62.824 E0.00354
G1 X87.466 Y62.436 E0.00661
G1 X87.637 Y62.217 E0.00364
G1 X87.781 Y62.024 E0.00316
G1 X87.924 Y61.825 E0.00321
G1 X88.21 Y61.397 E0.00675
G1 X88.334 Y61.199 E0.00306
G1 X88.484 Y60.946 E0.00386
G1 X88.736 Y60.476 E0.00699
G1 X88.949 Y60.044 E0.00632
G1 X89.055 Y59.811 E0.00336
G1 X89.154 Y59.576 E0.00334
G1 X89.249 Y59.34 E0.00334
G1 X89.34 Y59.097 E0.0034
G1 X89.417 Y58.877 E0.00306
G1 X89.42 Y58.875 E0.00005
G1 X89.504 Y58.617 E0.00356
G1 X89.596 Y58.311 E0.00419
G1 X89.715 Y57.858 E0.00614
G1 X89.77 Y57.63 E0.00308
G1 X89.877 Y57.095 E0.00715
G1 X89.874 Y57.092 E0.00006
G1 X89.913 Y56.863 E0.00305
G1 X89.979 Y56.354 E0.00673
G1 X90.014 Y55.993 E0.00476
G1 X90.042 Y55.471 E0.00685
G1 X90.046 Y55.217 E0.00333
G1 X90.046 Y54.806 E0.00539
G1 X90.037 Y54.546 E0.00341
G1 X90.002 Y54.051 E0.00651
G1 X89.978 Y53.794 E0.00338
G1 X89.918 Y53.334 E0.00608
G1 X89.867 Y53.031 E0.00403
G1 X89.768 Y52.533 E0.00666
G1 X89.697 Y52.23 E0.00408
G1 X89.578 Y51.781 E0.00609
G1 X89.573 Y51.779 E0.00007
G1 X89.414 Y51.274 E0.00694
G1 X89.222 Y50.752 E0.00729
G1 X88.983 Y50.198 E0.00791
G1 X88.929 Y50.08 E0.0017
G1 X88.712 Y49.644 E0.00639
G1 X88.447 Y49.157 E0.00727
G1 X88.191 Y48.742 E0.00639
G1 X88.063 Y48.546 E0.00307
G1 X87.919 Y48.334 E0.00336
G1 X87.768 Y48.124 E0.00339
G1 X87.453 Y47.715 E0.00677
G1 X87.287 Y47.514 E0.00342
G1 X87.124 Y47.324 E0.00328
G1 X86.931 Y47.111 E0.00377
G1 X86.79 Y46.963 E0.00268
G1 X86.791 Y46.96 E0.00004
G1 X86.587 Y46.753 E0.00381
G1 X86.414 Y46.585 E0.00316
G1 X86.204 Y46.389 E0.00377
G1 X86.02 Y46.225 E0.00323
G1 X85.843 Y46.076 E0.00303
G1 X85.437 Y45.747 E0.00685
G1 X85.215 Y45.582 E0.00363
G1 X84.837 Y45.317 E0.00605
G1 X84.378 Y45.024 E0.00714
G1 X84.142 Y44.886 E0.00358
G1 X83.939 Y44.772 E0.00305
G1 X83.705 Y44.648 E0.00347
G1 X83.248 Y44.425 E0.00667
G1 X83.015 Y44.317 E0.00337
G1 X82.545 Y44.123 E0.00667
G1 X82.087 Y43.956 E0.00639
G1 X82.084 Y43.952 E0.00007
G1 X81.568 Y43.791 E0.00709
G1 X81.082 Y43.661 E0.0066
G1 X80.563 Y43.547 E0.00697
G1 X80.274 Y43.495 E0.00385
G1 X79.808 Y43.423 E0.00618
G1 X79.3 Y43.369 E0.0067
G1 X79.048 Y43.35 E0.00331
G1 X78.508 Y43.326 E0.00709
G1 X77.999 Y43.327 E0.00667
G1 X77.509 Y43.351 E0.00643
G1 X77.26 Y43.37 E0.00327
G1 X76.731 Y43.43 E0.00698
G1 X76.261 Y43.501 E0.00623
G1 X76.008 Y43.548 E0.00337
G1 X75.423 Y43.676 E0.00785
G1 X74.963 Y43.804 E0.00626
G1 X74.505 Y43.948 E0.0063
G1 X74.259 Y44.037 E0.00343
G1 X73.773 Y44.227 E0.00684
G1 X73.263 Y44.456 E0.00733
G1 X73.081 Y44.542 E0.00264
G1 X72.84 Y44.664 E0.00354
G1 X72.626 Y44.778 E0.00318
G1 X72.387 Y44.913 E0.0036
G1 X72.177 Y45.037 E0.0032
G1 X71.742 Y45.315 E0.00677
G1 X71.543 Y45.453 E0.00318
G1 X71.119 Y45.762 E0.00688
G1 X70.891 Y45.943 E0.00382
G1 X70.519 Y46.257 E0.00638
G1 X70.169 Y46.58 E0.00625
G1 X69.785 Y46.961 E0.00709
G1 X69.617 Y47.14 E0.00322
G1 X69.279 Y47.53 E0.00677
G1 X69.096 Y47.75 E0.00375
G1 X68.953 Y47.932 E0.00304
G1 X68.817 Y48.116 E0.003
G1 X68.504 Y48.563 E0.00716
G1 X68.368 Y48.767 E0.00321
G1 X68.227 Y48.996 E0.00353
G1 X68.096 Y49.219 E0.00339
G1 X67.979 Y49.427 E0.00313
G1 X67.837 Y49.698 E0.00401
G1 X67.611 Y50.16 E0.00674
G1 X67.421 Y50.593 E0.0062
G1 X67.313 Y50.861 E0.00379
G1 X67.152 Y51.305 E0.00619
G1 X66.996 Y51.804 E0.00686
G1 X66.923 Y52.063 E0.00353
G1 X66.806 Y52.537 E0.0064
G1 X66.699 Y53.074 E0.00718
G1 X66.702 Y53.076 E0.00005
G1 X66.66 Y53.324 E0.0033
G1 X66.597 Y53.805 E0.00636
G1 X66.574 Y54.065 E0.00342
G1 X66.538 Y54.589 E0.00689
G1 X66.53 Y54.835 E0.00323
G1 X66.526 Y55.121 E0.00375
G1 X66.537 Y55.583 E0.00606
G1 X66.555 Y55.866 E0.00372
G1 X66.598 Y56.374 E0.00669
G1 X66.654 Y56.809 E0.00575
G1 X66.712 Y57.154 E0.00459
G1 X66.809 Y57.646 E0.00658
G1 X66.879 Y57.944 E0.00401
G1 X66.999 Y58.387 E0.00602
G1 X67.003 Y58.389 E0.00006
G1 X67.161 Y58.89 E0.00689
G1 X67.229 Y59.088 E0.00275
G1 X67.426 Y59.588 E0.00705
G1 X67.526 Y59.829 E0.00342
G1 X67.646 Y60.09 E0.00377
G1 X67.857 Y60.513 E0.0062
G1 X67.995 Y60.769 E0.00381
G1 X68.113 Y60.98 E0.00317
G1 X68.375 Y61.411 E0.00661
G1 X68.512 Y61.622 E0.0033
G1 X68.801 Y62.039 E0.00665
G1 X69.123 Y62.453 E0.00688
G1 X69.269 Y62.63 E0.00301
G1 X69.271 Y62.636 E0.00008
G1 X69.468 Y62.864 E0.00395
G1 X69.632 Y63.044 E0.00319
G1 X69.81 Y63.233 E0.0034
G1 X70.173 Y63.595 E0.00672
G1 X70.321 Y63.735 E0.00267
G1 X70.735 Y64.097 E0.00721
G1 X70.936 Y64.265 E0.00344
G1 X71.352 Y64.58 E0.00684
G1 X71.548 Y64.72 E0.00316
G1 X71.784 Y64.881 E0.00375
G1 X72.192 Y65.141 E0.00634
G1 X72.403 Y65.267 E0.00322
G1 X72.856 Y65.515 E0.00677
G1 X73.34 Y65.75 E0.00706
G1 X73.773 Y65.941 E0.00621
G1 X73.776 Y65.946 E0.00008
G1 X74.285 Y66.145 E0.00717
G1 X74.758 Y66.301 E0.00653
G1 X75.021 Y66.381 E0.0036
G1 X75.471 Y66.502 E0.00611
G1 X75.991 Y66.617 E0.00698
G1 X76.278 Y66.673 E0.00383
G1 X76.28 Y66.67 E0.00005
G1 X76.509 Y66.709 E0.00305
G1 X77.009 Y66.775 E0.00661
G1 X77.269 Y66.798 E0.00342
G1 X77.793 Y66.834 E0.00689
G1 X78.316 Y66.846 E0.00686
G1 X78.566 Y66.842 E0.00328
G0 F18000 X78.766 Y66.835
G0 X78.745 Y66.136
G0 X78.535 Y66.024
G0 X78.512 Y65.322
G1 F1500 X78.284 Y65.326 E0.00299
G1 X78.061 Y65.322 E0.00292
G1 X77.616 Y65.302 E0.00584
G1 X77.17 Y65.265 E0.00587
G1 X76.949 Y65.24 E0.00292
G1 X76.285 Y65.126 E0.00883
G1 X76.067 Y65.081 E0.00292
G1 X75.625 Y64.974 E0.00596
G1 X75.423 Y64.914 E0.00276
G1 X74.991 Y64.779 E0.00593
G1 X74.573 Y64.629 E0.00582
G1 X74.354 Y64.542 E0.00309
G1 X73.953 Y64.364 E0.00575
G1 X73.755 Y64.269 E0.00288
G1 X73.362 Y64.062 E0.00582
G1 X73.164 Y63.951 E0.00298
G1 X72.59 Y63.596 E0.00885
G1 X72.23 Y63.341 E0.00578
G1 X72.049 Y63.209 E0.00294
G1 X71.869 Y63.066 E0.00301
G1 X71.528 Y62.777 E0.00586
G1 X71.2 Y62.478 E0.00582
G1 X70.886 Y62.159 E0.00587
G1 X70.733 Y61.998 E0.00291
G1 X70.574 Y61.819 E0.00314
G1 X70.44 Y61.66 E0.00273
G1 X70.164 Y61.318 E0.00576
G1 X70.029 Y61.139 E0.00294
G1 X69.898 Y60.954 E0.00297
G1 X69.708 Y60.672 E0.00446
G1 X69.547 Y60.424 E0.00388
G1 X69.312 Y60.019 E0.00614
G1 X69.201 Y59.808 E0.00313
G1 X69.007 Y59.413 E0.00577
G1 X68.912 Y59.209 E0.00295
G1 X68.741 Y58.793 E0.0059
G1 X68.591 Y58.379 E0.00577
G1 X68.456 Y57.95 E0.0059
G1 X68.338 Y57.504 E0.00605
G1 X68.291 Y57.3 E0.00275
G1 X68.2 Y56.853 E0.00598
G1 X68.135 Y56.419 E0.00575
G1 X68.094 Y56.079 E0.00449
G1 X68.07 Y55.751 E0.00431
G1 X68.058 Y55.53 E0.0029
G1 X68.046 Y55.08 E0.0059
G1 X68.05 Y54.857 E0.00292
G1 X68.07 Y54.412 E0.00584
G1 X68.107 Y53.963 E0.00591
G1 X68.138 Y53.732 E0.00306
G1 X68.142 Y53.721 E0.00015
G1 X68.168 Y53.523 E0.00262
G1 X68.246 Y53.078 E0.00592
G1 X68.34 Y52.655 E0.00568
G1 X68.442 Y52.267 E0.00526
G1 X68.593 Y51.787 E0.0066
G1 X68.744 Y51.367 E0.00585
G1 X68.912 Y50.962 E0.00575
G1 X68.976 Y50.829 E0.00194
G1 X68.973 Y50.825 E0.00007
G1 X69.207 Y50.352 E0.00692
G1 X69.311 Y50.153 E0.00294
G1 X69.42 Y49.962 E0.00288
G1 X69.653 Y49.578 E0.00589
G1 X69.913 Y49.19 E0.00612
G1 X69.918 Y49.188 E0.00007
G1 X70.032 Y49.025 E0.00261
G1 X70.302 Y48.67 E0.00585
G1 X70.448 Y48.494 E0.003
G1 X70.612 Y48.307 E0.00326
G1 X70.738 Y48.169 E0.00245
G1 X71.052 Y47.838 E0.00598
G1 X71.402 Y47.505 E0.00633
G1 X71.537 Y47.386 E0.00236
G1 X71.875 Y47.102 E0.00579
G1 X72.231 Y46.826 E0.00591
G1 X72.414 Y46.693 E0.00297
G1 X72.789 Y46.445 E0.0059
G1 X73.173 Y46.213 E0.00588
G1 X73.567 Y45.997 E0.00589
G1 X73.944 Y45.812 E0.00551
G1 X74.361 Y45.627 E0.00598
G1 X74.782 Y45.46 E0.00594
G1 X75.209 Y45.318 E0.0059
G1 X75.49 Y45.233 E0.00385
G1 X75.493 Y45.236 E0.00006
G1 X75.631 Y45.195 E0.00189
G1 X76.07 Y45.085 E0.00593
G1 X76.295 Y45.04 E0.00301
G1 X76.732 Y44.964 E0.00582
G1 X76.954 Y44.931 E0.00294
G1 X77.395 Y44.882 E0.00582
G1 X77.844 Y44.854 E0.0059
G1 X78.068 Y44.846 E0.00294
G1 X78.512 Y44.845 E0.00582
G1 X78.741 Y44.854 E0.00301
G1 X79.239 Y44.887 E0.00654
G1 X79.621 Y44.931 E0.00504
G1 X80.072 Y45.001 E0.00598
G1 X80.514 Y45.087 E0.0059
G1 X80.946 Y45.193 E0.00583
G1 X81.403 Y45.328 E0.00625
G1 X81.787 Y45.461 E0.00533
G1 X81.995 Y45.539 E0.00291
G1 X82.219 Y45.628 E0.00316
G1 X82.433 Y45.72 E0.00305
G1 X82.543 Y45.771 E0.00159
G1 X82.546 Y45.769 E0.00005
G1 X83.012 Y45.997 E0.0068
G1 X83.411 Y46.217 E0.00597
G1 X83.784 Y46.444 E0.00573
G1 X83.981 Y46.572 E0.00308
G1 X84.349 Y46.829 E0.00589
G1 X84.707 Y47.106 E0.00594
G1 X85.075 Y47.417 E0.00632
G1 X85.204 Y47.531 E0.00226
G1 X85.533 Y47.847 E0.00598
G1 X85.698 Y48.016 E0.0031
G1 X85.835 Y48.162 E0.00263
G1 X86.136 Y48.508 E0.00601
G1 X86.41 Y48.848 E0.00573
G1 X86.731 Y49.29 E0.00716
G1 X86.926 Y49.584 E0.00463
G1 X87.044 Y49.776 E0.00296
G1 X87.27 Y50.161 E0.00585
G1 X87.471 Y50.556 E0.00581
G1 X87.603 Y50.826 E0.00394
G1 X87.6 Y50.829 E0.00006
G1 X87.66 Y50.954 E0.00182
G1 X87.835 Y51.375 E0.00598
G1 X87.985 Y51.793 E0.00582
G1 X88.054 Y52.005 E0.00292
G1 X88.136 Y52.277 E0.00373
G1 X88.238 Y52.666 E0.00527
G1 X88.331 Y53.086 E0.00564
G1 X88.372 Y53.308 E0.00296
G1 X88.445 Y53.766 E0.00608
G1 X88.482 Y54.093 E0.00432
G1 X88.506 Y54.413 E0.00421
G1 X88.518 Y54.637 E0.00294
G1 X88.526 Y54.864 E0.00298
G1 X88.527 Y55.307 E0.00581
G1 X88.512 Y55.657 E0.00459
G1 X88.489 Y55.981 E0.00426
G1 X88.441 Y56.425 E0.00586
G1 X88.375 Y56.863 E0.00581
G1 X88.286 Y57.3 E0.00585
G1 X88.235 Y57.518 E0.00294
G1 X88.179 Y57.737 E0.00296
G1 X88.118 Y57.949 E0.00289
G1 X87.982 Y58.385 E0.00599
G1 X87.832 Y58.801 E0.0058
G1 X87.668 Y59.198 E0.00563
G1 X87.567 Y59.416 E0.00315
G1 X87.372 Y59.813 E0.0058
G1 X87.261 Y60.023 E0.00311
G1 X87.025 Y60.426 E0.00612
G1 X86.8 Y60.782 E0.00552
G1 X86.545 Y61.143 E0.0058
G1 X86.411 Y61.325 E0.00296
G1 X85.997 Y61.825 E0.00851
G1 X85.693 Y62.162 E0.00595
G1 X85.529 Y62.329 E0.00307
G1 X85.364 Y62.489 E0.00301
G1 X85.039 Y62.786 E0.00577
G1 X84.704 Y63.066 E0.00573
G1 X84.526 Y63.205 E0.00296
G1 X84.157 Y63.479 E0.00603
G1 X83.833 Y63.694 E0.0051
G1 X83.596 Y63.841 E0.00366
G1 X83.218 Y64.06 E0.00573
G1 X82.816 Y64.273 E0.00597
G1 X82.303 Y64.505 E0.00738
G1 X81.888 Y64.671 E0.00586
G1 X81.578 Y64.782 E0.00432
G1 X81.153 Y64.915 E0.00584
G1 X80.94 Y64.976 E0.00291
G1 X80.718 Y65.034 E0.00301
G1 X80.281 Y65.128 E0.00586
G1 X79.846 Y65.204 E0.00579
G1 X79.606 Y65.241 E0.00318
G1 X79.283 Y65.278 E0.00426
G1 X78.955 Y65.302 E0.00431
G1 X78.512 Y65.322 E0.00581
G0 F18000 X78.312 Y65.325
G1 F1800 E-3.5
;MESH:Dielectric - Part.STL
G0 F18000 X78.317 Y66.026
G0 X80.039 Y66.494
G0 X80.274 Y67.923
G0 X87.954 Y101.51
G0 X132.258 Y117.258
G1 F1800 E3.52079
G1 F1500 X87.738 Y117.258 E0.58378
G1 X87.738 Y102.738 E0.1904
G1 X132.258 Y102.738 E0.58378
G1 X132.258 Y117.258 E0.1904
G0 F18000 X132.258 Y117.058
G0 X131.59 Y116.59
G0 X94.998 Y109.998
;TYPE:SKIN
G1 F6939.1 X124.998 Y109.998 E0.60242
G0 F18000 X125.418 Y110.418
G1 F8400 X94.578 Y110.418 E0.51159
G1 X94.578 Y109.578 E0.01393
G1 X125.418 Y109.578 E0.51159
G1 X125.418 Y110.418 E0.01393
G0 F18000 X125.798 Y110.798
G1 F8400 X94.198 Y110.798 E0.5242
G1 X94.198 Y109.198 E0.02654
G1 X125.798 Y109.198 E0.5242
G1 X125.798 Y110.798 E0.02654
G0 F18000 X126.178 Y111.178
G1 F8400 X93.818 Y111.178 E0.5368
G1 X93.818 Y108.818 E0.03915
G1 X126.178 Y108.818 E0.5368
G1 X126.178 Y111.178 E0.03915
G0 F18000 X126.558 Y111.558
G1 F8400 X93.438 Y111.558 E0.54941
G1 X93.438 Y108.438 E0.05176
G1 X126.558 Y108.438 E0.54941
G1 X126.558 Y111.558 E0.05176
G0 F18000 X126.938 Y111.938
G1 F8400 X93.058 Y111.938 E0.56202
G1 X93.058 Y108.058 E0.06436
G1 X126.938 Y108.058 E0.56202
G1 X126.938 Y111.938 E0.06436
G0 F18000 X127.318 Y112.318
G1 F8400 X92.678 Y112.318 E0.57463
G1 X92.678 Y107.678 E0.07697
G1 X127.318 Y107.678 E0.57463
G1 X127.318 Y112.318 E0.07697
G0 F18000 X127.698 Y112.698
G1 F8400 X92.298 Y112.698 E0.58723
G1 X92.298 Y107.298 E0.08958
G1 X127.698 Y107.298 E0.58723
G1 X127.698 Y112.698 E0.08958
G0 F18000 X128.078 Y113.078
G1 F8400 X91.918 Y113.078 E0.59984
G1 X91.918 Y106.918 E0.10219
G1 X128.078 Y106.918 E0.59984
G1 X128.078 Y113.078 E0.10219
G0 F18000 X128.458 Y113.458
G1 F8400 X91.538 Y113.458 E0.61245
G1 X91.538 Y106.538 E0.11479
G1 X128.458 Y106.538 E0.61245
G1 X128.458 Y113.458 E0.11479
G0 F18000 X128.838 Y113.838
G1 F8400 X91.158 Y113.838 E0.62505
G1 X91.158 Y106.158 E0.1274
G1 X128.838 Y106.158 E0.62505
G1 X128.838 Y113.838 E0.1274
G0 F18000 X129.218 Y114.218
G1 F8400 X90.778 Y114.218 E0.63766
G1 X90.778 Y105.778 E0.14001
G1 X129.218 Y105.778 E0.63766
G1 X129.218 Y114.218 E0.14001
G0 F18000 X129.598 Y114.598
G1 F8400 X90.398 Y114.598 E0.65027
G1 X90.398 Y105.398 E0.15261
G1 X129.598 Y105.398 E0.65027
G1 X129.598 Y114.598 E0.15261
G0 F18000 X129.978 Y114.978
G1 F8400 X90.018 Y114.978 E0.66288
G1 X90.018 Y105.018 E0.16522
G1 X129.978 Y105.018 E0.66288
G1 X129.978 Y114.978 E0.16522
G0 F18000 X130.358 Y115.358
G1 F8400 X89.638 Y115.358 E0.67548
G1 X89.638 Y104.638 E0.17783
G1 X130.358 Y104.638 E0.67548
G1 X130.358 Y115.358 E0.17783
G0 F18000 X130.738 Y115.738
G1 F8400 X89.258 Y115.738 E0.68809
G1 X89.258 Y104.258 E0.19044
G1 X130.738 Y104.258 E0.68809
G1 X130.738 Y115.738 E0.19044
G0 F18000 X131.118 Y116.118
G1 F8400 X88.878 Y116.118 E0.7007
G1 X88.878 Y103.878 E0.20304
G1 X131.118 Y103.878 E0.7007
G1 X131.118 Y116.118 E0.20304
G0 F18000 X131.498 Y116.498
G1 F8400 X88.498 Y116.498 E0.71331
G1 X88.498 Y103.498 E0.21565
G1 X131.498 Y103.498 E0.71331
G1 X131.498 Y116.498 E0.21565
G0 F18000 X131.878 Y116.878
G1 F8400 X88.118 Y116.878 E0.72591
G1 X88.118 Y103.118 E0.22826
G1 X131.878 Y103.118 E0.72591
G1 X131.878 Y116.878 E0.22826
G0 F18000 X131.28 Y116.392
G1 F1800 E-3.5
;MESH:NONMESH
G0 F1200 X131.28 Y116.392 Z0.6
G0 F18000 X87.954 Y102.954
G0 X87.954 Y101.51
G0 X79.441 Y68.023
G0 X79.298 Y66.583
G0 X78.528 Y66.023
G0 X78.519 Y65.702
;TIME_ELAPSED:125.983453
;LAYER:3
;TYPE:WALL-INNER
;MESH:01_Prime_Insulator.STL
G1 F1800 E3.52079
G1 F3000 X78.277 Y65.706 E0.00317
G1 X78.047 Y65.702 E0.00302
G1 X77.82 Y65.694 E0.00298
G1 X77.585 Y65.681 E0.00309
G1 X77.127 Y65.643 E0.00603
G1 X76.887 Y65.615 E0.00317
G1 X76.208 Y65.498 E0.00903
G1 X75.978 Y65.451 E0.00308
G1 X75.516 Y65.338 E0.00624
G1 X75.31 Y65.277 E0.00282
G1 X74.863 Y65.137 E0.00614
G1 X74.433 Y64.982 E0.00599
G1 X74.2 Y64.889 E0.00329
G1 X73.789 Y64.707 E0.00589
G1 X73.578 Y64.605 E0.00307
G1 X73.176 Y64.393 E0.00596
G1 X72.966 Y64.275 E0.00316
G1 X72.37 Y63.906 E0.00919
G1 X71.832 Y63.522 E0.00867
G1 X71.624 Y63.356 E0.00349
G1 X71.272 Y63.058 E0.00605
G1 X70.93 Y62.745 E0.00608
G1 X70.61 Y62.421 E0.00597
G1 X70.449 Y62.25 E0.00308
G1 X70.284 Y62.065 E0.00325
G1 X70.145 Y61.9 E0.00283
G1 X69.861 Y61.546 E0.00595
G1 X69.592 Y61.18 E0.00596
G1 X69.45 Y60.977 E0.00325
G1 X69.221 Y60.615 E0.00562
G1 X68.976 Y60.195 E0.00638
G1 X68.86 Y59.975 E0.00326
G1 X68.663 Y59.575 E0.00585
G1 X68.56 Y59.353 E0.00321
G1 X68.387 Y58.934 E0.00594
G1 X68.229 Y58.495 E0.00612
G1 X68.089 Y58.05 E0.00612
G1 X67.968 Y57.591 E0.00622
G1 X67.917 Y57.37 E0.00297
G1 X67.824 Y56.909 E0.00617
G1 X67.759 Y56.473 E0.00578
G1 X67.727 Y56.231 E0.0032
G1 X67.69 Y55.772 E0.00604
G1 X67.678 Y55.54 E0.00305
G1 X67.666 Y55.073 E0.00613
G1 X67.67 Y54.843 E0.00302
G1 X67.678 Y54.616 E0.00298
G1 X67.691 Y54.381 E0.00309
G1 X67.73 Y53.914 E0.00614
G1 X67.758 Y53.698 E0.00286
G1 X67.799 Y53.424 E0.00363
G1 X67.875 Y52.995 E0.00571
G1 X67.971 Y52.565 E0.00578
G1 X68.079 Y52.153 E0.00559
G1 X68.235 Y51.659 E0.00679
G1 X68.393 Y51.221 E0.00611
G1 X68.566 Y50.805 E0.00591
G1 X68.668 Y50.583 E0.0032
G1 X68.87 Y50.176 E0.00596
G1 X68.981 Y49.963 E0.00315
G1 X69.209 Y49.575 E0.0059
G1 X69.337 Y49.367 E0.0032
G1 X69.592 Y48.985 E0.00602
G1 X69.624 Y48.946 E0.00066
G1 X69.729 Y48.795 E0.00241
G1 X70.001 Y48.437 E0.0059
G1 X70.176 Y48.229 E0.00356
G1 X70.33 Y48.052 E0.00308
G1 X70.463 Y47.907 E0.00258
G1 X70.79 Y47.563 E0.00622
G1 X71.152 Y47.219 E0.00655
G1 X71.292 Y47.096 E0.00244
G1 X71.641 Y46.802 E0.00598
G1 X72.006 Y46.52 E0.00605
G1 X72.204 Y46.377 E0.0032
G1 X72.592 Y46.12 E0.0061
G1 X72.991 Y45.879 E0.00611
G1 X73.399 Y45.656 E0.0061
G1 X73.79 Y45.464 E0.00571
G1 X74.221 Y45.274 E0.00618
G1 X74.66 Y45.1 E0.00619
G1 X75.099 Y44.954 E0.00607
G1 X75.538 Y44.826 E0.006
G1 X75.996 Y44.712 E0.00619
G1 X76.229 Y44.666 E0.00311
G1 X76.676 Y44.588 E0.00595
G1 X76.912 Y44.553 E0.00313
G1 X77.371 Y44.503 E0.00605
G1 X77.83 Y44.474 E0.00603
G1 X78.068 Y44.466 E0.00312
G1 X78.529 Y44.466 E0.00605
G1 X78.766 Y44.475 E0.00311
G1 X79.254 Y44.507 E0.00641
G1 X79.679 Y44.556 E0.00561
G1 X80.144 Y44.628 E0.00617
G1 X80.579 Y44.711 E0.00581
G1 X81.053 Y44.829 E0.00641
G1 X81.514 Y44.964 E0.0063
G1 X81.92 Y45.105 E0.00564
G1 X82.136 Y45.186 E0.00302
G1 X82.367 Y45.278 E0.00326
G1 X82.732 Y45.435 E0.00521
G1 X83.172 Y45.651 E0.00643
G1 X83.609 Y45.893 E0.00655
G1 X83.99 Y46.125 E0.00585
G1 X84.199 Y46.261 E0.00327
G1 X84.581 Y46.528 E0.00611
G1 X84.952 Y46.815 E0.00615
G1 X85.461 Y47.249 E0.00877
G1 X85.805 Y47.582 E0.00628
G1 X85.974 Y47.755 E0.00317
G1 X86.12 Y47.91 E0.00279
G1 X86.278 Y48.088 E0.00312
G1 X86.431 Y48.269 E0.00311
G1 X86.718 Y48.625 E0.006
G1 X87.047 Y49.08 E0.00736
G1 X87.25 Y49.384 E0.00479
G1 X87.372 Y49.584 E0.00307
G1 X87.601 Y49.974 E0.00593
G1 X87.812 Y50.388 E0.00609
G1 X87.945 Y50.659 E0.00396
G1 X87.958 Y50.696 E0.00051
G1 X88.005 Y50.794 E0.00143
G1 X88.193 Y51.247 E0.00643
G1 X88.346 Y51.675 E0.00596
G1 X88.418 Y51.897 E0.00306
G1 X88.502 Y52.177 E0.00383
G1 X88.609 Y52.583 E0.00551
G1 X88.704 Y53.009 E0.00572
G1 X88.784 Y53.468 E0.00611
G1 X88.822 Y53.719 E0.00333
G1 X88.848 Y53.937 E0.00288
G1 X88.885 Y54.377 E0.00579
G1 X88.898 Y54.623 E0.00323
G1 X88.906 Y54.864 E0.00316
G1 X88.907 Y55.326 E0.00606
G1 X88.886 Y55.781 E0.00597
G1 X88.868 Y56.023 E0.00318
G1 X88.816 Y56.481 E0.00604
G1 X88.748 Y56.938 E0.00606
G1 X88.656 Y57.387 E0.00601
G1 X88.55 Y57.823 E0.00588
G1 X88.481 Y58.062 E0.00326
G1 X88.345 Y58.5 E0.00601
G1 X88.193 Y58.922 E0.00588
G1 X88.019 Y59.345 E0.006
G1 X87.908 Y59.583 E0.00344
G1 X87.708 Y59.991 E0.00596
G1 X87.59 Y60.213 E0.0033
G1 X87.355 Y60.616 E0.00612
G1 X87.111 Y61 E0.00597
G1 X86.852 Y61.367 E0.00589
G1 X86.716 Y61.553 E0.00302
G1 X86.278 Y62.081 E0.009
G1 X86.121 Y62.252 E0.00304
G1 X85.965 Y62.428 E0.00308
G1 X85.795 Y62.601 E0.00318
G1 X85.62 Y62.769 E0.00318
G1 X85.283 Y63.077 E0.00599
G1 X84.937 Y63.366 E0.00591
G1 X84.753 Y63.509 E0.00306
G1 X84.367 Y63.795 E0.0063
G1 X84.033 Y64.017 E0.00526
G1 X83.801 Y64.161 E0.00358
G1 X83.396 Y64.396 E0.00614
G1 X82.991 Y64.611 E0.00601
G1 X82.565 Y64.807 E0.00615
G1 X82.367 Y64.893 E0.00283
G1 X81.92 Y65.067 E0.00629
G1 X81.692 Y65.144 E0.00316
G1 X81.259 Y65.28 E0.00595
G1 X80.8 Y65.405 E0.00624
G1 X80.347 Y65.502 E0.00607
G1 X79.9 Y65.581 E0.00595
G1 X79.674 Y65.614 E0.00299
G1 X79.431 Y65.645 E0.00321
G1 X78.976 Y65.682 E0.00599
G1 X78.519 Y65.702 E0.006
G0 F18000 X78.528 Y66.023
G0 X80.647 Y65.708
G0 X82.449 Y65.14
G0 X83.934 Y64.387
G0 X85.282 Y63.421
G0 X86.467 Y62.263
G0 X87.338 Y61.127
G0 X88.15 Y59.687
G0 X88.736 Y58.125
G0 X89.076 Y56.51
G0 X89.166 Y54.85
G0 X89.005 Y53.202
G0 X88.589 Y51.582
G0 X87.941 Y50.064
G0 X87.062 Y48.651
G0 X85.986 Y47.395
G0 X84.721 Y46.311
G0 X83.309 Y45.434
G0 X82.004 Y44.861
G0 X80.712 Y44.5
G0 X78.508 Y44.087
G1 F3007.9 X78.635 Y44.09 E0.00166
G1 F3000 X79.008 Y44.109 E0.0049
G1 F3007.9 X79.241 Y44.126 E0.00306
G1 X79.586 Y44.163 E0.00454
G1 F2992.1 X80.007 Y44.221 E0.00559
G1 X80.18 Y44.249 E0.0023
G1 F3023.9 X80.651 Y44.341 E0.00624
G1 F3015.9 X80.908 Y44.401 E0.00344
G1 F2992.1 X81.118 Y44.454 E0.00285
G1 F3000 X81.463 Y44.553 E0.00471
G1 X81.824 Y44.669 E0.00497
G1 X82.032 Y44.742 E0.00289
G1 F3007.9 X82.256 Y44.826 E0.00313
G1 X82.497 Y44.922 E0.00339
G1 X82.717 Y45.015 E0.00312
G1 F3031.9 X82.879 Y45.088 E0.00231
G1 F3040 X83.338 Y45.312 E0.00661
G1 F3015.9 X83.77 Y45.548 E0.00642
G1 F2992.1 X83.991 Y45.679 E0.00338
G1 X84.387 Y45.93 E0.00616
G1 F3000 X84.777 Y46.202 E0.00623
G1 F3015.9 X85.186 Y46.517 E0.00673
G1 X85.529 Y46.805 E0.00584
G1 F3007.9 X85.718 Y46.971 E0.00329
G1 X86.055 Y47.295 E0.00611
G1 F3000 X86.208 Y47.451 E0.00287
G1 X86.404 Y47.659 E0.00375
G1 F2992.1 X86.71 Y48.009 E0.00611
G1 F3000 X86.996 Y48.365 E0.00599
G1 F2984.3 X87.163 Y48.588 E0.00367
G1 F2961 X87.299 Y48.777 E0.00309
G1 F2976.5 X87.433 Y48.972 E0.00313
G1 F2992.1 X87.555 Y49.157 E0.00291
G1 X87.689 Y49.373 E0.00334
G1 F2976.5 X87.794 Y49.55 E0.00272
G1 F3007.9 X87.932 Y49.793 E0.00365
G1 F3015.9 X88.044 Y50.006 E0.00314
G1 F3000 X88.275 Y50.473 E0.00683
G1 F3023.9 X88.35 Y50.64 E0.00238
G1 F3015.9 X88.522 Y51.048 E0.00578
G1 F2992.1 X88.698 Y51.531 E0.00676
G1 F2976.5 X88.86 Y52.043 E0.0071
G1 X88.913 Y52.236 E0.00265
G1 X88.973 Y52.473 E0.00323
G1 F2984.3 X89.071 Y52.913 E0.00594
G1 F2992.1 X89.119 Y53.17 E0.00344
G1 F2984.3 X89.158 Y53.4 E0.00308
G1 F2992.1 X89.194 Y53.645 E0.00326
G1 F3000 X89.222 Y53.869 E0.00296
G1 X89.263 Y54.347 E0.00629
G1 F2984.3 X89.277 Y54.592 E0.00323
G1 X89.286 Y54.835 E0.00321
G1 F3007.9 X89.285 Y55.304 E0.00613
G1 F3023.9 X89.277 Y55.555 E0.00327
G1 F3015.9 X89.264 Y55.795 E0.00314
G1 F3007.9 X89.247 Y56.03 E0.00308
G1 F3015.9 X89.209 Y56.387 E0.00468
G1 F3007.9 X89.152 Y56.808 E0.00556
G1 F3015.9 X89.127 Y56.964 E0.00206
G1 X89.032 Y57.446 E0.00641
G1 F3000 X88.919 Y57.915 E0.00633
G1 F2992.1 X88.818 Y58.258 E0.0047
G1 F3000 X88.704 Y58.621 E0.00499
G1 F3023.9 X88.549 Y59.049 E0.00592
G1 F3031.9 X88.367 Y59.49 E0.00619
G1 F3023.9 X88.258 Y59.73 E0.00343
G1 F3015.9 X88.043 Y60.168 E0.00636
G1 F3023.9 X87.934 Y60.372 E0.00301
G1 F3007.9 X87.816 Y60.584 E0.00317
G1 F2984.3 X87.682 Y60.81 E0.00346
G1 F3000 X87.446 Y61.179 E0.00574
G1 F3007.9 X87.298 Y61.395 E0.00342
G1 F3015.9 X87.031 Y61.762 E0.00592
G1 F3007.9 X86.868 Y61.967 E0.00343
G1 F2984.3 X86.559 Y62.338 E0.00636
G1 F3007.9 X86.261 Y62.665 E0.00579
G1 F3031.9 X86.075 Y62.855 E0.00345
G1 F3015.9 X85.91 Y63.016 E0.00301
G1 F2992.1 X85.558 Y63.341 E0.0063
G1 X85.175 Y63.662 E0.00657
G1 X84.793 Y63.954 E0.00632
G1 F3007.9 X84.601 Y64.093 E0.0031
G1 F3023.9 X84.256 Y64.324 E0.0054
G1 F3000 X84.021 Y64.473 E0.00365
G1 X83.605 Y64.713 E0.0063
G1 F2992.1 X83.387 Y64.832 E0.00327
G1 F3007.9 X83.189 Y64.933 E0.00291
G1 F3023.9 X82.734 Y65.147 E0.00654
G1 F3000 X82.524 Y65.237 E0.003
G1 F3015.9 X82.062 Y65.417 E0.00647
G1 F2992.1 X81.614 Y65.568 E0.00622
G1 F2961 X81.364 Y65.647 E0.00348
G1 F2976.5 X81.155 Y65.705 E0.00287
G1 F2992.1 X80.914 Y65.767 E0.00327
G1 X80.669 Y65.823 E0.0033
G1 F2968.8 X80.191 Y65.918 E0.00646
G1 F2961 X79.981 Y65.953 E0.00283
G1 F2976.5 X79.737 Y65.989 E0.00326
G1 F3000 X79.506 Y66.018 E0.00305
G1 F3007.9 X79.021 Y66.059 E0.00637
G1 F2984.3 X78.776 Y66.073 E0.00323
G1 X78.543 Y66.082 E0.00307
G1 F3000 X78.305 Y66.086 E0.00312
G1 F3007.9 X78.051 Y66.082 E0.00332
G1 F3000 X77.817 Y66.074 E0.00307
G1 F2992.1 X77.58 Y66.061 E0.00312
G1 F3015.9 X77.115 Y66.021 E0.00609
G1 F3040 X76.873 Y65.993 E0.00315
G1 F3007.9 X76.606 Y65.955 E0.00353
G1 F2968.8 X76.385 Y65.918 E0.00297
G1 F2984.3 X75.919 Y65.827 E0.00626
G1 F3015.9 X75.458 Y65.714 E0.00619
G1 X75.229 Y65.649 E0.00311
G1 F3007.9 X74.774 Y65.507 E0.00623
G1 F2992.1 X74.543 Y65.428 E0.00321
G1 X74.111 Y65.262 E0.00608
G1 F3015.9 X73.651 Y65.059 E0.00656
G1 X73.434 Y64.956 E0.00313
G1 F3007.9 X73.014 Y64.737 E0.00619
G1 F2992.1 X72.798 Y64.617 E0.00325
G1 F2984.3 X72.395 Y64.371 E0.00622
G1 F3000 X72.197 Y64.245 E0.00308
G1 F3007.9 X71.795 Y63.963 E0.00642
G1 F3015.9 X71.61 Y63.827 E0.00299
G1 F3007.9 X71.4 Y63.664 E0.00348
G1 F3000 X71.043 Y63.361 E0.00614
G1 X70.828 Y63.168 E0.00379
G1 X70.696 Y63.045 E0.00237
G1 X70.509 Y62.86 E0.00345
G1 F2992.1 X70.187 Y62.526 E0.0061
G1 X70.032 Y62.354 E0.00304
G1 F2976.5 X69.88 Y62.177 E0.00308
G1 F2984.3 X69.581 Y61.805 E0.00629
G1 F2968.8 X69.415 Y61.587 E0.00363
G1 X69.137 Y61.192 E0.0064
G1 F2992.1 X69.014 Y60.999 E0.00301
G1 X68.766 Y60.592 E0.00627
G1 F3007.9 X68.659 Y60.403 E0.00284
G1 X68.533 Y60.168 E0.00349
G1 F2992.1 X68.326 Y59.751 E0.00612
G1 X68.224 Y59.53 E0.0032
G1 F3015.9 X68.043 Y59.089 E0.00622
G1 F3000 X67.949 Y58.841 E0.00348
G1 F2984.3 X67.873 Y58.626 E0.00301
G1 F2992.1 X67.732 Y58.179 E0.00616
G1 F2984.3 X67.658 Y57.915 E0.00361
G1 F2976.5 X67.55 Y57.474 E0.006
G1 F2992.1 X67.458 Y57.013 E0.00618
G1 F3000 X67.409 Y56.709 E0.00404
G1 F2992.1 X67.355 Y56.308 E0.00532
G1 F3000 X67.313 Y55.817 E0.00646
G1 X67.299 Y55.577 E0.00315
G1 X67.286 Y55.11 E0.00613
G1 F3007.9 X67.291 Y54.847 E0.00344
G1 X67.311 Y54.376 E0.00617
G1 F3015.9 X67.351 Y53.911 E0.00609
G1 F3023.9 X67.383 Y53.65 E0.00342
G1 F3000 X67.414 Y53.429 E0.00293
G1 F2992.1 X67.496 Y52.957 E0.0063
G1 X67.596 Y52.501 E0.00614
G1 F3000 X67.707 Y52.078 E0.00573
G1 F3007.9 X67.871 Y51.55 E0.00723
G1 F3000 X68.026 Y51.119 E0.00601
G1 F3015.9 X68.208 Y50.681 E0.00619
G1 F3023.9 X68.318 Y50.438 E0.00347
G1 F3007.9 X68.533 Y50.001 E0.00637
G1 X68.645 Y49.789 E0.00314
G1 F3000 X68.879 Y49.386 E0.00611
G1 F2984.3 X69.003 Y49.185 E0.00311
G1 F2992.1 X69.136 Y48.984 E0.00317
G1 F3007.9 X69.406 Y48.597 E0.00617
G1 F3015.9 X69.692 Y48.218 E0.00619
G1 X69.868 Y48.006 E0.00359
G1 F3000 X70.169 Y47.664 E0.00597
G1 F2976.5 X70.34 Y47.482 E0.0033
G1 F2992.1 X70.496 Y47.322 E0.00294
G1 F3007.9 X70.886 Y46.948 E0.00707
G1 F2992.1 X71.032 Y46.818 E0.00257
G1 F2984.3 X71.379 Y46.525 E0.00599
G1 F3000 X71.764 Y46.229 E0.00637
G1 F3015.9 X71.962 Y46.085 E0.00319
G1 F3000 X72.176 Y45.939 E0.0034
G1 F2992.1 X72.378 Y45.807 E0.00317
G1 F3000 X72.771 Y45.568 E0.00603
G1 F2992.1 X73.196 Y45.334 E0.00638
G1 X73.623 Y45.124 E0.00626
G1 F3000 X74.081 Y44.921 E0.00657
G1 F3015.9 X74.493 Y44.759 E0.00577
G1 F3007.9 X74.749 Y44.668 E0.00355
G1 F2992.1 X75.253 Y44.511 E0.00694
G1 F2976.5 X75.617 Y44.413 E0.00498
G1 F2992.1 X75.878 Y44.352 E0.00352
G1 F3023.9 X76.142 Y44.297 E0.00351
G1 F2992.1 X76.378 Y44.253 E0.00316
G1 X76.837 Y44.181 E0.00611
G1 F3007.9 X77.339 Y44.125 E0.00661
G1 F2992.1 X77.567 Y44.109 E0.003
G1 X78.054 Y44.086 E0.00641
G1 F3007.9 X78.508 Y44.087 E0.00594
G0 F18000 X81.105 Y44.577
G0 X82.67 Y45.127
G0 X84.134 Y45.911
G0 X85.459 Y46.904
G0 X86.626 Y48.096
G0 X87.464 Y49.239
G0 X88.25 Y50.709
G0 X88.797 Y52.267
G0 X89.105 Y53.905
G0 X89.158 Y55.559
G0 X89.004 Y56.976
G0 X88.591 Y58.587
G0 X87.943 Y60.106
G0 X87.065 Y61.517
G0 X85.985 Y62.778
G0 X84.726 Y63.858
G0 X83.312 Y64.737
G0 X81.783 Y65.389
G0 X81.003 Y65.598
G0 X78.289 Y66.146
G0 X78.31 Y66.466
G1 F3000 X78.799 Y66.454 E0.00641
G1 X79.278 Y66.42 E0.0063
G1 X79.549 Y66.394 E0.00357
G1 X79.791 Y66.366 E0.00319
G1 X80.04 Y66.33 E0.0033
G1 X80.266 Y66.293 E0.003
G1 X80.755 Y66.193 E0.00654
G1 X80.989 Y66.14 E0.00315
G1 X81.499 Y66.005 E0.00692
G1 X81.738 Y65.93 E0.00328
G1 X82.196 Y65.77 E0.00636
G1 X82.634 Y65.603 E0.00615
G1 X82.892 Y65.492 E0.00368
G1 X83.096 Y65.399 E0.00294
G1 X83.573 Y65.165 E0.00697
G1 X84.224 Y64.795 E0.00982
G1 X84.606 Y64.547 E0.00597
G1 X85.022 Y64.258 E0.00664
G1 X85.229 Y64.102 E0.0034
G1 X85.419 Y63.953 E0.00317
G1 X85.601 Y63.799 E0.00313
G1 X85.649 Y63.765 E0.00077
G1 X85.815 Y63.622 E0.00287
G1 X86.154 Y63.308 E0.00606
G1 X86.536 Y62.923 E0.00711
G1 X86.683 Y62.767 E0.00281
G1 X86.852 Y62.581 E0.0033
G1 X87.167 Y62.202 E0.00646
G1 X87.333 Y61.989 E0.00354
G1 X87.473 Y61.802 E0.00306
G1 X87.611 Y61.61 E0.0031
G1 X87.889 Y61.193 E0.00657
G1 X88.008 Y61.005 E0.00292
G1 X88.143 Y60.78 E0.00344
G1 X88.383 Y60.334 E0.00664
G1 X88.603 Y59.886 E0.00654
G1 X88.714 Y59.638 E0.00356
G1 X88.894 Y59.206 E0.00614
G1 X88.982 Y58.972 E0.00328
G1 X89.072 Y58.713 E0.0036
G1 X89.183 Y58.364 E0.0048
G1 X89.298 Y57.968 E0.00541
G1 X89.396 Y57.556 E0.00555
G1 X89.449 Y57.304 E0.00338
G1 X89.528 Y56.865 E0.00585
G1 X89.586 Y56.427 E0.00579
G1 X89.624 Y56.059 E0.00485
G1 X89.643 Y55.813 E0.00324
G1 X89.662 Y55.435 E0.00496
G1 X89.666 Y55.193 E0.00317
G1 X89.666 Y54.835 E0.00469
G1 X89.658 Y54.569 E0.00349
G1 X89.624 Y54.086 E0.00635
G1 X89.599 Y53.823 E0.00346
G1 X89.543 Y53.397 E0.00563
G1 X89.493 Y53.101 E0.00394
G1 X89.398 Y52.619 E0.00644
G1 X89.329 Y52.325 E0.00396
G1 X89.22 Y51.912 E0.0056
G1 X89.217 Y51.911 E0.00004
G1 X89.056 Y51.402 E0.007
G1 X88.872 Y50.9 E0.00701
G1 X88.636 Y50.352 E0.00782
G1 X88.588 Y50.248 E0.0015
G1 X88.378 Y49.825 E0.00619
G1 X88.121 Y49.353 E0.00705
G1 X87.873 Y48.95 E0.0062
G1 X87.748 Y48.759 E0.00299
G1 X87.609 Y48.555 E0.00324
G1 X87.466 Y48.355 E0.00322
G1 X87.159 Y47.957 E0.00659
G1 X86.999 Y47.762 E0.00331
G1 X86.841 Y47.577 E0.00319
G1 X86.656 Y47.373 E0.00361
G1 X86.479 Y47.185 E0.00339
G1 X86.321 Y47.024 E0.00296
G1 X86.154 Y46.862 E0.00305
G1 X85.821 Y46.555 E0.00594
G1 X85.601 Y46.369 E0.00378
G1 X85.209 Y46.051 E0.00662
G1 X84.996 Y45.892 E0.00349
G1 X84.591 Y45.61 E0.00647
G1 X84.184 Y45.351 E0.00633
G1 X83.956 Y45.217 E0.00347
G1 X83.759 Y45.107 E0.00296
G1 X83.538 Y44.99 E0.00328
G1 X83.088 Y44.769 E0.00657
G1 X82.865 Y44.667 E0.00322
G1 X82.638 Y44.57 E0.00324
G1 X82.411 Y44.479 E0.00321
G1 X82.159 Y44.384 E0.00353
G1 X81.94 Y44.307 E0.00304
G1 X81.569 Y44.189 E0.0051
G1 X81.212 Y44.086 E0.00487
G1 X80.99 Y44.03 E0.003
G1 X80.498 Y43.922 E0.00661
G1 X80.058 Y43.844 E0.00586
G1 X79.627 Y43.786 E0.0057
G1 X79.27 Y43.748 E0.00471
G1 X79.026 Y43.73 E0.00321
G1 X78.639 Y43.71 E0.00508
G1 X78.037 Y43.706 E0.00789
G1 X77.538 Y43.73 E0.00655
G1 X77.3 Y43.748 E0.00313
G1 X76.784 Y43.806 E0.00681
G1 X76.309 Y43.878 E0.0063
G1 X76.063 Y43.926 E0.00329
G1 X75.52 Y44.043 E0.00728
G1 X75.149 Y44.146 E0.00505
G1 X74.621 Y44.31 E0.00725
G1 X74.357 Y44.407 E0.00369
G1 X73.927 Y44.574 E0.00605
G1 X73.461 Y44.782 E0.00669
G1 X73.251 Y44.882 E0.00305
G1 X73.018 Y44.999 E0.00342
G1 X72.812 Y45.11 E0.00307
G1 X72.579 Y45.241 E0.00351
G1 X72.381 Y45.358 E0.00302
G1 X72.175 Y45.487 E0.00319
G1 X72.162 Y45.498 E0.00022
G1 X71.959 Y45.627 E0.00315
G1 X71.742 Y45.778 E0.00347
G1 X71.357 Y46.058 E0.00624
G1 X71.135 Y46.234 E0.00371
G1 X70.775 Y46.537 E0.00617
G1 X70.435 Y46.852 E0.00608
G1 X70.062 Y47.221 E0.00688
G1 X69.883 Y47.413 E0.00344
G1 X69.57 Y47.775 E0.00628
G1 X69.395 Y47.984 E0.00357
G1 X69.259 Y48.158 E0.0029
G1 X69.097 Y48.379 E0.00359
G1 X68.82 Y48.774 E0.00633
G1 X68.68 Y48.985 E0.00332
G1 X68.553 Y49.191 E0.00317
G1 X68.428 Y49.403 E0.00323
G1 X68.193 Y49.833 E0.00643
G1 X67.973 Y50.283 E0.00657
G1 X67.772 Y50.737 E0.00651
G1 X67.67 Y50.99 E0.00358
G1 X67.505 Y51.453 E0.00645
G1 X67.393 Y51.803 E0.00482
G1 X67.292 Y52.158 E0.00484
G1 X67.226 Y52.414 E0.00347
G1 X67.178 Y52.623 E0.00281
G1 X67.081 Y53.113 E0.00655
G1 X67.048 Y53.309 E0.00261
G1 X67.008 Y53.601 E0.00386
G1 X66.976 Y53.871 E0.00357
G1 X66.953 Y54.102 E0.00304
G1 X66.932 Y54.358 E0.00337
G1 X66.914 Y54.733 E0.00492
G1 X66.906 Y55.115 E0.00501
G1 X66.917 Y55.571 E0.00598
G1 X66.952 Y56.078 E0.00666
G1 X66.978 Y56.354 E0.00364
G1 X67.033 Y56.771 E0.00552
G1 X67.086 Y57.083 E0.00415
G1 X67.179 Y57.56 E0.00637
G1 X67.247 Y57.847 E0.00387
G1 X67.359 Y58.257 E0.00557
G1 X67.514 Y58.749 E0.00676
G1 X67.594 Y58.978 E0.00318
G1 X67.777 Y59.442 E0.00654
G1 X67.872 Y59.673 E0.00328
G1 X67.986 Y59.92 E0.00357
G1 X68.199 Y60.346 E0.00625
G1 X68.441 Y60.789 E0.00662
G1 X68.694 Y61.205 E0.00638
G1 X68.843 Y61.433 E0.00357
G1 X69.112 Y61.821 E0.00619
G1 X69.417 Y62.212 E0.0065
G1 X69.564 Y62.39 E0.00303
G1 X69.575 Y62.407 E0.00027
G1 X69.75 Y62.609 E0.0035
G1 X69.91 Y62.785 E0.00312
G1 X70.082 Y62.967 E0.00328
G1 X70.243 Y63.131 E0.00301
G1 X70.574 Y63.452 E0.00605
G1 X70.979 Y63.806 E0.00705
G1 X71.168 Y63.965 E0.00324
G1 X71.563 Y64.264 E0.0065
G1 X71.763 Y64.406 E0.00322
G1 X71.991 Y64.562 E0.00362
G1 X72.388 Y64.815 E0.00617
G1 X72.614 Y64.949 E0.00345
G1 X73.032 Y65.178 E0.00625
G1 X73.496 Y65.404 E0.00677
G1 X73.944 Y65.603 E0.00643
G1 X74.423 Y65.79 E0.00674
G1 X74.869 Y65.937 E0.00616
G1 X75.131 Y66.016 E0.00359
G1 X75.593 Y66.14 E0.00627
G1 X75.843 Y66.199 E0.00337
G1 X76.322 Y66.295 E0.00641
G1 X76.517 Y66.328 E0.00259
G1 X77.075 Y66.396 E0.00737
G1 X77.306 Y66.42 E0.00305
G1 X77.777 Y66.452 E0.00619
G1 X78.31 Y66.466 E0.00699
G0 F18000 X78.289 Y66.146
G0 X75.242 Y65.531
G0 X73.692 Y64.947
G0 X72.243 Y64.131
G0 X71.113 Y63.264
G0 X69.953 Y62.077
G0 X68.989 Y60.732
G0 X68.329 Y59.465
G0 X67.781 Y57.9
G0 X67.474 Y56.268
G0 X67.421 Y54.613
G0 X67.62 Y52.96
G0 X67.988 Y51.585
G0 X68.638 Y50.063
G0 X69.518 Y48.65
G0 X70.598 Y47.39
G0 X71.853 Y46.315
G0 X73.265 Y45.436
G0 X74.503 Y44.908
G0 X76.847 Y44.121
G0 X76.731 Y43.43
;TYPE:WALL-OUTER
G1 F1500 X77.26 Y43.37 E0.00698
G1 X77.509 Y43.351 E0.00327
G1 X78.02 Y43.326 E0.00671
G1 X78.643 Y43.33 E0.00817
G1 X79.056 Y43.35 E0.00542
G1 X79.3 Y43.369 E0.00321
G1 X79.668 Y43.408 E0.00485
G1 X80.109 Y43.468 E0.00584
G1 X80.305 Y43.5 E0.0026
G1 X80.566 Y43.548 E0.00348
G1 X81.073 Y43.659 E0.00681
G1 X81.306 Y43.718 E0.00315
G1 X81.675 Y43.824 E0.00503
G1 X82.056 Y43.945 E0.00524
G1 X82.287 Y44.026 E0.00321
G1 X82.545 Y44.123 E0.00361
G1 X83.015 Y44.317 E0.00667
G1 X83.248 Y44.425 E0.00337
G1 X83.705 Y44.648 E0.00667
G1 X83.939 Y44.772 E0.00347
G1 X84.142 Y44.886 E0.00305
G1 X84.378 Y45.024 E0.00358
G1 X84.795 Y45.29 E0.00649
G1 X85.215 Y45.582 E0.00671
G1 X85.437 Y45.747 E0.00363
G1 X85.843 Y46.076 E0.00685
G1 X86.02 Y46.225 E0.00303
G1 X86.204 Y46.389 E0.00323
G1 X86.414 Y46.585 E0.00377
G1 X86.587 Y46.753 E0.00316
G1 X86.791 Y46.96 E0.00381
G1 X86.79 Y46.963 E0.00004
G1 X86.931 Y47.111 E0.00268
G1 X87.124 Y47.324 E0.00377
G1 X87.287 Y47.514 E0.00328
G1 X87.453 Y47.715 E0.00342
G1 X87.768 Y48.124 E0.00677
G1 X87.919 Y48.334 E0.00339
G1 X88.063 Y48.546 E0.00336
G1 X88.191 Y48.742 E0.00307
G1 X88.447 Y49.157 E0.00639
G1 X88.712 Y49.644 E0.00727
G1 X88.929 Y50.08 E0.00639
G1 X88.983 Y50.198 E0.0017
G1 X89.222 Y50.752 E0.00791
G1 X89.414 Y51.274 E0.00729
G1 X89.573 Y51.779 E0.00694
G1 X89.578 Y51.781 E0.00007
G1 X89.697 Y52.23 E0.00609
G1 X89.768 Y52.533 E0.00408
G1 X89.867 Y53.031 E0.00666
G1 X89.918 Y53.334 E0.00403
G1 X89.976 Y53.777 E0.00586
G1 X90.002 Y54.051 E0.00361
G1 X90.037 Y54.546 E0.00651
G1 X90.046 Y54.835 E0.00379
G1 X90.046 Y55.193 E0.00469
G1 X90.042 Y55.441 E0.00325
G1 X90.023 Y55.832 E0.00513
G1 X90.003 Y56.089 E0.00338
G1 X89.964 Y56.468 E0.005
G1 X89.904 Y56.923 E0.00602
G1 X89.822 Y57.375 E0.00602
G1 X89.771 Y57.619 E0.00327
G1 X89.664 Y58.075 E0.00614
G1 X89.548 Y58.471 E0.00541
G1 X89.434 Y58.829 E0.00493
G1 X89.34 Y59.1 E0.00376
G1 X89.249 Y59.34 E0.00337
G1 X89.154 Y59.576 E0.00334
G1 X89.055 Y59.811 E0.00334
G1 X88.949 Y60.044 E0.00336
G1 X88.736 Y60.476 E0.00632
G1 X88.484 Y60.946 E0.00699
G1 X88.334 Y61.199 E0.00386
G1 X88.21 Y61.397 E0.00306
G1 X87.924 Y61.825 E0.00675
G1 X87.781 Y62.024 E0.00321
G1 X87.637 Y62.217 E0.00316
G1 X87.466 Y62.436 E0.00364
G1 X87.144 Y62.824 E0.00661
G1 X86.963 Y63.024 E0.00354
G1 X86.813 Y63.183 E0.00287
G1 X86.616 Y63.385 E0.0037
G1 X86.42 Y63.58 E0.00363
G1 X86.071 Y63.902 E0.00623
G1 X85.866 Y64.079 E0.00355
G1 X85.86 Y64.079 E0.00008
G1 X85.663 Y64.244 E0.00337
G1 X85.463 Y64.401 E0.00333
G1 X85.25 Y64.562 E0.0035
G1 X84.82 Y64.861 E0.00687
G1 X84.426 Y65.117 E0.00616
G1 X84.147 Y65.278 E0.00422
G1 X83.739 Y65.507 E0.00614
G1 X83.263 Y65.74 E0.00695
G1 X83.05 Y65.838 E0.00307
G1 X82.782 Y65.953 E0.00382
G1 X82.332 Y66.125 E0.00632
G1 X81.861 Y66.289 E0.00654
G1 X81.613 Y66.367 E0.00341
G1 X81.352 Y66.439 E0.00355
G1 X81.075 Y66.51 E0.00375
G1 X80.841 Y66.563 E0.00315
G1 X80.308 Y66.672 E0.00713
G1 X79.845 Y66.742 E0.00614
G1 X79.593 Y66.772 E0.00333
G1 X79.312 Y66.798 E0.0037
G1 X78.822 Y66.833 E0.00644
G1 X78.566 Y66.842 E0.00336
G1 X78.316 Y66.846 E0.00328
G1 X77.793 Y66.834 E0.00686
G1 X77.276 Y66.799 E0.00679
G1 X76.903 Y66.759 E0.00492
G1 X76.469 Y66.705 E0.00573
G1 X76.259 Y66.67 E0.00279
G1 X75.767 Y66.571 E0.00658
G1 X75.505 Y66.51 E0.00353
G1 X75.033 Y66.384 E0.00641
G1 X74.758 Y66.301 E0.00377
G1 X74.285 Y66.145 E0.00653
G1 X73.776 Y65.946 E0.00717
G1 X73.773 Y65.941 E0.00008
G1 X73.34 Y65.75 E0.00621
G1 X72.856 Y65.515 E0.00706
G1 X72.403 Y65.267 E0.00677
G1 X72.192 Y65.141 E0.00322
G1 X71.784 Y64.881 E0.00634
G1 X71.548 Y64.72 E0.00375
G1 X71.352 Y64.58 E0.00316
G1 X70.936 Y64.265 E0.00684
G1 X70.735 Y64.097 E0.00344
G1 X70.321 Y63.735 E0.00721
G1 X70.173 Y63.595 E0.00267
G1 X69.81 Y63.233 E0.00672
G1 X69.632 Y63.044 E0.0034
G1 X69.468 Y62.864 E0.00319
G1 X69.271 Y62.636 E0.00395
G1 X69.269 Y62.63 E0.00008
G1 X69.123 Y62.453 E0.00301
G1 X68.801 Y62.039 E0.00688
G1 X68.53 Y61.649 E0.00623
G1 X68.375 Y61.411 E0.00372
G1 X68.116 Y60.986 E0.00653
G1 X67.857 Y60.513 E0.00707
G1 X67.646 Y60.09 E0.0062
G1 X67.526 Y59.829 E0.00377
G1 X67.426 Y59.588 E0.00342
G1 X67.229 Y59.088 E0.00705
G1 X67.161 Y58.89 E0.00275
G1 X67.003 Y58.389 E0.00689
G1 X66.999 Y58.387 E0.00006
G1 X66.879 Y57.944 E0.00602
G1 X66.809 Y57.646 E0.00401
G1 X66.712 Y57.154 E0.00658
G1 X66.654 Y56.809 E0.00459
G1 X66.601 Y56.4 E0.00541
G1 X66.555 Y55.873 E0.00694
G1 X66.537 Y55.583 E0.00381
G1 X66.526 Y55.121 E0.00606
G1 X66.534 Y54.725 E0.00519
G1 X66.554 Y54.316 E0.00537
G1 X66.573 Y54.072 E0.00321
G1 X66.612 Y53.703 E0.00487
G1 X66.671 Y53.259 E0.00587
G1 X66.707 Y53.047 E0.00282
G1 X66.805 Y52.548 E0.00667
G1 X66.856 Y52.327 E0.00297
G1 X66.924 Y52.061 E0.0036
G1 X67.028 Y51.697 E0.00496
G1 X67.143 Y51.337 E0.00496
G1 X67.313 Y50.861 E0.00663
G1 X67.421 Y50.593 E0.00379
G1 X67.632 Y50.114 E0.00686
G1 X67.844 Y49.684 E0.00629
G1 X67.979 Y49.427 E0.00381
G1 X68.096 Y49.219 E0.00313
G1 X68.227 Y48.996 E0.00339
G1 X68.368 Y48.767 E0.00353
G1 X68.504 Y48.563 E0.00321
G1 X68.817 Y48.116 E0.00716
G1 X68.953 Y47.932 E0.003
G1 X69.096 Y47.75 E0.00304
G1 X69.279 Y47.53 E0.00375
G1 X69.617 Y47.14 E0.00677
G1 X69.785 Y46.961 E0.00322
G1 X70.169 Y46.58 E0.00709
G1 X70.519 Y46.257 E0.00625
G1 X70.891 Y45.943 E0.00638
G1 X71.119 Y45.762 E0.00382
G1 X71.543 Y45.453 E0.00688
G1 X71.742 Y45.315 E0.00318
G1 X72.177 Y45.037 E0.00677
G1 X72.387 Y44.913 E0.0032
G1 X72.626 Y44.778 E0.0036
G1 X72.84 Y44.664 E0.00318
G1 X73.081 Y44.542 E0.00354
G1 X73.263 Y44.456 E0.00264
G1 X73.773 Y44.227 E0.00733
G1 X74.259 Y44.037 E0.00684
G1 X74.505 Y43.948 E0.00343
G1 X74.963 Y43.804 E0.0063
G1 X75.423 Y43.676 E0.00626
G1 X76.008 Y43.548 E0.00785
G1 X76.261 Y43.501 E0.00337
G1 X76.731 Y43.43 E0.00623
G0 F18000 X76.534 Y43.459
G0 X76.611 Y44.153
G0 X79.709 Y44.3
G0 X81.105 Y44.577
G0 X82.67 Y45.127
G0 X84.134 Y45.911
G0 X85.459 Y46.904
G0 X86.626 Y48.096
G0 X87.464 Y49.239
G0 X88.25 Y50.709
G0 X88.797 Y52.267
G0 X89.105 Y53.905
G0 X89.158 Y55.559
G0 X89.004 Y56.976
G0 X88.591 Y58.587
G0 X87.943 Y60.106
G0 X87.065 Y61.517
G0 X86.093 Y62.652
G0 X84.55 Y64.057
G0 X84.157 Y63.479
G1 F1500 X84.526 Y63.205 E0.00603
G1 X84.704 Y63.066 E0.00296
G1 X85.039 Y62.786 E0.00573
G1 X85.364 Y62.489 E0.00577
G1 X85.529 Y62.329 E0.00301
G1 X85.693 Y62.162 E0.00307
G1 X85.997 Y61.825 E0.00595
G1 X86.411 Y61.325 E0.00851
G1 X86.545 Y61.143 E0.00296
G1 X86.8 Y60.782 E0.0058
G1 X87.025 Y60.426 E0.00552
G1 X87.261 Y60.023 E0.00612
G1 X87.372 Y59.813 E0.00311
G1 X87.567 Y59.416 E0.0058
G1 X87.668 Y59.198 E0.00315
G1 X87.832 Y58.801 E0.00563
G1 X87.985 Y58.378 E0.0059
G1 X88.093 Y58.032 E0.00475
G1 X88.179 Y57.737 E0.00403
G1 X88.286 Y57.3 E0.0059
G1 X88.377 Y56.853 E0.00598
G1 X88.44 Y56.425 E0.00567
G1 X88.49 Y55.981 E0.00586
G1 X88.506 Y55.758 E0.00293
G1 X88.527 Y55.312 E0.00585
G1 X88.526 Y54.864 E0.00587
G1 X88.518 Y54.637 E0.00298
G1 X88.506 Y54.413 E0.00294
G1 X88.47 Y53.968 E0.00585
G1 X88.445 Y53.765 E0.00268
G1 X88.372 Y53.308 E0.00607
G1 X88.331 Y53.086 E0.00296
G1 X88.238 Y52.666 E0.00564
G1 X88.136 Y52.277 E0.00527
G1 X88.054 Y52.005 E0.00373
G1 X87.985 Y51.793 E0.00292
G1 X87.835 Y51.375 E0.00582
G1 X87.66 Y50.954 E0.00598
G1 X87.6 Y50.829 E0.00182
G1 X87.603 Y50.826 E0.00006
G1 X87.471 Y50.556 E0.00394
G1 X87.27 Y50.161 E0.00581
G1 X87.044 Y49.776 E0.00585
G1 X86.926 Y49.584 E0.00296
G1 X86.731 Y49.29 E0.00463
G1 X86.41 Y48.848 E0.00716
G1 X86.136 Y48.508 E0.00573
G1 X85.835 Y48.162 E0.00601
G1 X85.698 Y48.016 E0.00263
G1 X85.533 Y47.847 E0.0031
G1 X85.204 Y47.531 E0.00598
G1 X85.075 Y47.417 E0.00226
G1 X84.707 Y47.106 E0.00632
G1 X84.349 Y46.829 E0.00594
G1 X83.981 Y46.572 E0.00589
G1 X83.784 Y46.444 E0.00308
G1 X83.411 Y46.217 E0.00573
G1 X83.012 Y45.997 E0.00597
G1 X82.546 Y45.769 E0.0068
G1 X82.543 Y45.771 E0.00005
G1 X82.433 Y45.72 E0.00159
G1 X82.219 Y45.628 E0.00305
G1 X81.995 Y45.539 E0.00316
G1 X81.787 Y45.461 E0.00291
G1 X81.403 Y45.328 E0.00533
G1 X80.946 Y45.193 E0.00625
G1 X80.514 Y45.087 E0.00583
G1 X80.072 Y45.001 E0.0059
G1 X79.621 Y44.932 E0.00598
G1 X79.239 Y44.887 E0.00504
G1 X78.741 Y44.854 E0.00654
G1 X78.515 Y44.846 E0.00297
G1 X78.068 Y44.846 E0.00586
G1 X77.844 Y44.854 E0.00294
G1 X77.395 Y44.882 E0.0059
G1 X76.954 Y44.931 E0.00582
G1 X76.732 Y44.964 E0.00294
G1 X76.295 Y45.04 E0.00582
G1 X76.07 Y45.085 E0.00301
G1 X75.631 Y45.195 E0.00593
G1 X75.493 Y45.236 E0.00189
G1 X75.49 Y45.233 E0.00006
G1 X75.209 Y45.318 E0.00385
G1 X74.782 Y45.46 E0.0059
G1 X74.361 Y45.627 E0.00594
G1 X73.944 Y45.812 E0.00598
G1 X73.567 Y45.997 E0.00551
G1 X73.173 Y46.213 E0.00589
G1 X72.789 Y46.445 E0.00588
G1 X72.414 Y46.693 E0.0059
G1 X72.231 Y46.826 E0.00297
G1 X71.875 Y47.102 E0.00591
G1 X71.537 Y47.386 E0.00579
G1 X71.402 Y47.505 E0.00236
G1 X71.052 Y47.838 E0.00633
G1 X70.738 Y48.169 E0.00598
G1 X70.612 Y48.307 E0.00245
G1 X70.448 Y48.494 E0.00326
G1 X70.302 Y48.67 E0.003
G1 X70.032 Y49.025 E0.00585
G1 X69.918 Y49.188 E0.00261
G1 X69.913 Y49.19 E0.00007
G1 X69.653 Y49.578 E0.00612
G1 X69.42 Y49.962 E0.00589
G1 X69.311 Y50.153 E0.00288
G1 X69.207 Y50.352 E0.00294
G1 X69.009 Y50.751 E0.00584
G1 X68.911 Y50.964 E0.00307
G1 X68.744 Y51.367 E0.00572
G1 X68.593 Y51.787 E0.00585
G1 X68.442 Y52.267 E0.0066
G1 X68.339 Y52.658 E0.0053
G1 X68.246 Y53.078 E0.00564
G1 X68.173 Y53.49 E0.00549
G1 X68.142 Y53.721 E0.00306
G1 X68.138 Y53.732 E0.00015
G1 X68.107 Y53.963 E0.00306
G1 X68.07 Y54.412 E0.00591
G1 X68.05 Y54.857 E0.00584
G1 X68.046 Y55.08 E0.00292
G1 X68.058 Y55.53 E0.0059
G1 X68.07 Y55.751 E0.0029
G1 X68.106 Y56.2 E0.00591
G1 X68.135 Y56.422 E0.00294
G1 X68.2 Y56.853 E0.00572
G1 X68.289 Y57.294 E0.0059
G1 X68.338 Y57.504 E0.00283
G1 X68.456 Y57.95 E0.00605
G1 X68.591 Y58.379 E0.0059
G1 X68.741 Y58.793 E0.00577
G1 X68.912 Y59.209 E0.0059
G1 X69.007 Y59.413 E0.00295
G1 X69.201 Y59.808 E0.00577
G1 X69.312 Y60.017 E0.0031
G1 X69.548 Y60.421 E0.00614
G1 X69.771 Y60.774 E0.00548
G1 X69.903 Y60.962 E0.00301
G1 X70.167 Y61.321 E0.00584
G1 X70.44 Y61.66 E0.00571
G1 X70.574 Y61.819 E0.00273
G1 X70.733 Y61.998 E0.00314
G1 X70.886 Y62.159 E0.00291
G1 X71.2 Y62.478 E0.00587
G1 X71.528 Y62.777 E0.00582
G1 X71.869 Y63.066 E0.00586
G1 X72.049 Y63.209 E0.00301
G1 X72.23 Y63.341 E0.00294
G1 X72.59 Y63.596 E0.00578
G1 X73.164 Y63.951 E0.00885
G1 X73.362 Y64.062 E0.00298
G1 X73.755 Y64.269 E0.00582
G1 X73.953 Y64.364 E0.00288
G1 X74.354 Y64.542 E0.00575
G1 X74.573 Y64.629 E0.00309
G1 X74.991 Y64.779 E0.00582
G1 X75.423 Y64.914 E0.00593
G1 X75.625 Y64.974 E0.00276
G1 X76.067 Y65.081 E0.00596
G1 X76.285 Y65.126 E0.00292
G1 X76.517 Y65.168 E0.00309
G1 X76.949 Y65.24 E0.00574
G1 X77.17 Y65.265 E0.00292
G1 X77.616 Y65.302 E0.00587
G1 X78.061 Y65.322 E0.00584
G1 X78.284 Y65.326 E0.00292
G1 X78.512 Y65.322 E0.00299
G1 X78.955 Y65.302 E0.00581
G1 X79.4 Y65.266 E0.00585
G1 X79.844 Y65.205 E0.00588
G1 X80.281 Y65.128 E0.00582
G1 X80.718 Y65.034 E0.00586
G1 X80.94 Y64.976 E0.00301
G1 X81.153 Y64.915 E0.00291
G1 X81.578 Y64.782 E0.00584
G1 X81.782 Y64.712 E0.00283
G1 X82.209 Y64.547 E0.006
G1 X82.413 Y64.459 E0.00291
G1 X82.824 Y64.269 E0.00594
G1 X83.218 Y64.06 E0.00585
G1 X83.596 Y63.841 E0.00573
G1 X83.833 Y63.694 E0.00366
G1 X84.157 Y63.479 E0.0051
G0 F18000 X83.991 Y63.589
G1 F1800 E-3.5
;MESH:Dielectric - Part.STL
G0 F18000 X84.386 Y64.169
G0 X85.711 Y63.924
G0 X86.42 Y65.217
G0 X87.954 Y101.51
G0 X132.258 Y117.258
G1 F1800 E3.52079
G1 F1500 X132.258 Y102.738 E0.1904
G1 X87.738 Y102.738 E0.58378
G1 X87.738 Y117.258 E0.1904
G1 X132.258 Y117.258 E0.58378
G0 F18000 X132.258 Y117.058
G0 X131.59 Y116.59
G0 X124.998 Y109.998
;TYPE:SKIN
G1 F6939.1 X94.998 Y109.998 E0.60242
G0 F18000 X94.578 Y109.578
G1 F8400 X94.578 Y110.418 E0.01393
G1 X125.418 Y110.418 E0.51159
G1 X125.418 Y109.578 E0.01393
G1 X94.578 Y109.578 E0.51159
G0 F18000 X125.798 Y110.798
G1 F8400 X125.798 Y109.198 E0.02654
G1 X94.198 Y109.198 E0.5242
G1 X94.198 Y110.798 E0.02654
G1 X125.798 Y110.798 E0.5242
G0 F18000 X93.818 Y108.818
G1 F8400 X93.818 Y111.178 E0.03915
G1 X126.178 Y111.178 E0.5368
G1 X126.178 Y108.818 E0.03915
G1 X93.818 Y108.818 E0.5368
G0 F18000 X93.438 Y108.438
G1 F8400 X93.438 Y111.558 E0.05176
G1 X126.558 Y111.558 E0.54941
G1 X126.558 Y108.438 E0.05176
G1 X93.438 Y108.438 E0.54941
G0 F18000 X93.058 Y108.058
G1 F8400 X93.058 Y111.938 E0.06436
G1 X126.938 Y111.938 E0.56202
G1 X126.938 Y108.058 E0.06436
G1 X93.058 Y108.058 E0.56202
G0 F18000 X92.678 Y107.678
G1 F8400 X92.678 Y112.318 E0.07697
G1 X127.318 Y112.318 E0.57463
G1 X127.318 Y107.678 E0.07697
G1 X92.678 Y107.678 E0.57463
G0 F18000 X92.298 Y107.298
G1 F8400 X92.298 Y112.698 E0.08958
G1 X127.698 Y112.698 E0.58723
G1 X127.698 Y107.298 E0.08958
G1 X92.298 Y107.298 E0.58723
G0 F18000 X91.918 Y106.918
G1 F8400 X91.918 Y113.078 E0.10219
G1 X128.078 Y113.078 E0.59984
G1 X128.078 Y106.918 E0.10219
G1 X91.918 Y106.918 E0.59984
G0 F18000 X91.538 Y106.538
G1 F8400 X91.538 Y113.458 E0.11479
G1 X128.458 Y113.458 E0.61245
G1 X128.458 Y106.538 E0.11479
G1 X91.538 Y106.538 E0.61245
G0 F18000 X128.838 Y113.838
G1 F8400 X128.838 Y106.158 E0.1274
G1 X91.158 Y106.158 E0.62505
G1 X91.158 Y113.838 E0.1274
G1 X128.838 Y113.838 E0.62505
G0 F18000 X90.778 Y105.778
G1 F8400 X90.778 Y114.218 E0.14001
G1 X129.218 Y114.218 E0.63766
G1 X129.218 Y105.778 E0.14001
G1 X90.778 Y105.778 E0.63766
G0 F18000 X90.398 Y105.398
G1 F8400 X90.398 Y114.598 E0.15261
G1 X129.598 Y114.598 E0.65027
G1 X129.598 Y105.398 E0.15261
G1 X90.398 Y105.398 E0.65027
G0 F18000 X90.018 Y105.018
G1 F8400 X90.018 Y114.978 E0.16522
G1 X129.978 Y114.978 E0.66288
G1 X129.978 Y105.018 E0.16522
G1 X90.018 Y105.018 E0.66288
G0 F18000 X89.638 Y104.638
G1 F8400 X89.638 Y115.358 E0.17783
G1 X130.358 Y115.358 E0.67548
G1 X130.358 Y104.638 E0.17783
G1 X89.638 Y104.638 E0.67548
G0 F18000 X89.258 Y104.258
G1 F8400 X89.258 Y115.738 E0.19044
G1 X130.738 Y115.738 E0.68809
G1 X130.738 Y104.258 E0.19044
G1 X89.258 Y104.258 E0.68809
G0 F18000 X88.878 Y103.878
G1 F8400 X88.878 Y116.118 E0.20304
G1 X131.118 Y116.118 E0.7007
G1 X131.118 Y103.878 E0.20304
G1 X88.878 Y103.878 E0.7007
G0 F18000 X88.498 Y103.498
G1 F8400 X88.498 Y116.498 E0.21565
G1 X131.498 Y116.498 E0.71331
G1 X131.498 Y103.498 E0.21565
G1 X88.498 Y103.498 E0.71331
G0 F18000 X88.118 Y103.118
G1 F8400 X88.118 Y116.878 E0.22826
G1 X131.878 Y116.878 E0.72591
G1 X131.878 Y103.118 E0.22826
G1 X88.118 Y103.118 E0.72591
G0 F18000 X88.72 Y103.608
G1 F1800 E-3.5
;MESH:NONMESH
G0 F1200 X88.72 Y103.608 Z0.7
G0 F18000 X87.954 Y102.954
G0 X87.954 Y101.51
G0 X81.923 Y67.557
G0 X81.539 Y66.168
G0 X81.788 Y65.451
G0 X81.692 Y65.144
;TIME_ELAPSED:157.651402
;LAYER:4
;TYPE:WALL-INNER
;MESH:01_Prime_Insulator.STL
G1 F1800 E3.52079
G1 F3000 X81.92 Y65.067 E0.00316
G1 X82.367 Y64.893 E0.00629
G1 X82.565 Y64.807 E0.00283
G1 X82.991 Y64.611 E0.00615
G1 X83.396 Y64.396 E0.00601
G1 X83.801 Y64.161 E0.00614
G1 X84.033 Y64.017 E0.00358
G1 X84.367 Y63.795 E0.00526
G1 X84.753 Y63.509 E0.0063
G1 X84.937 Y63.366 E0.00306
G1 X85.283 Y63.077 E0.00591
G1 X85.62 Y62.769 E0.00599
G1 X85.795 Y62.601 E0.00318
G1 X85.965 Y62.428 E0.00318
G1 X86.121 Y62.252 E0.00308
G1 X86.278 Y62.081 E0.00304
G1 X86.716 Y61.553 E0.009
G1 X87.111 Y61 E0.00891
G1 X87.355 Y60.616 E0.00597
G1 X87.483 Y60.399 E0.0033
G1 X87.704 Y60 E0.00598
G1 X87.908 Y59.59 E0.006
G1 X88.009 Y59.367 E0.00321
G1 X88.189 Y58.934 E0.00615
G1 X88.341 Y58.509 E0.00592
G1 X88.481 Y58.062 E0.00614
G1 X88.55 Y57.823 E0.00326
G1 X88.655 Y57.387 E0.00588
G1 X88.743 Y56.96 E0.00572
G1 X88.816 Y56.481 E0.00635
G1 X88.869 Y56.013 E0.00618
G1 X88.894 Y55.632 E0.00501
G1 X88.907 Y55.314 E0.00417
G1 X88.906 Y54.864 E0.0059
G1 X88.898 Y54.623 E0.00316
G1 X88.885 Y54.377 E0.00323
G1 X88.848 Y53.937 E0.00579
G1 X88.822 Y53.719 E0.00288
G1 X88.784 Y53.468 E0.00333
G1 X88.704 Y53.009 E0.00611
G1 X88.609 Y52.583 E0.00572
G1 X88.502 Y52.177 E0.00551
G1 X88.418 Y51.897 E0.00383
G1 X88.346 Y51.675 E0.00306
G1 X88.193 Y51.247 E0.00596
G1 X88.005 Y50.794 E0.00643
G1 X87.958 Y50.696 E0.00143
G1 X87.945 Y50.659 E0.00051
G1 X87.812 Y50.388 E0.00396
G1 X87.601 Y49.974 E0.00609
G1 X87.372 Y49.584 E0.00593
G1 X87.25 Y49.384 E0.00307
G1 X87.047 Y49.08 E0.00479
G1 X86.718 Y48.625 E0.00736
G1 X86.431 Y48.269 E0.006
G1 X86.278 Y48.088 E0.00311
G1 X86.12 Y47.91 E0.00312
G1 X85.974 Y47.755 E0.00279
G1 X85.805 Y47.582 E0.00317
G1 X85.461 Y47.249 E0.00628
G1 X84.952 Y46.815 E0.00877
G1 X84.581 Y46.528 E0.00615
G1 X84.2 Y46.26 E0.00611
G1 X83.989 Y46.125 E0.00328
G1 X83.609 Y45.893 E0.00584
G1 X83.19 Y45.66 E0.00629
G1 X82.732 Y45.435 E0.00669
G1 X82.367 Y45.277 E0.00522
G1 X82.136 Y45.186 E0.00326
G1 X81.527 Y44.968 E0.00848
G1 X81.066 Y44.833 E0.0063
G1 X80.604 Y44.718 E0.00624
G1 X80.163 Y44.631 E0.00589
G1 X79.679 Y44.556 E0.00642
G1 X79.283 Y44.509 E0.00523
G1 X78.824 Y44.478 E0.00603
G1 X78.529 Y44.466 E0.00387
G1 X78.068 Y44.466 E0.00605
G1 X77.83 Y44.474 E0.00312
G1 X77.371 Y44.503 E0.00603
G1 X76.912 Y44.553 E0.00605
G1 X76.676 Y44.588 E0.00313
G1 X76.229 Y44.666 E0.00595
G1 X75.996 Y44.712 E0.00311
G1 X75.538 Y44.826 E0.00619
G1 X75.099 Y44.954 E0.006
G1 X74.66 Y45.1 E0.00607
G1 X74.221 Y45.274 E0.00619
G1 X73.787 Y45.464 E0.00621
G1 X73.453 Y45.63 E0.00489
G1 X73.167 Y45.777 E0.00422
G1 X72.98 Y45.885 E0.00283
G1 X72.592 Y46.12 E0.00595
G1 X72.204 Y46.377 E0.0061
G1 X72.006 Y46.52 E0.0032
G1 X71.641 Y46.802 E0.00605
G1 X71.292 Y47.096 E0.00598
G1 X71.152 Y47.219 E0.00244
G1 X70.79 Y47.563 E0.00655
G1 X70.463 Y47.907 E0.00622
G1 X70.33 Y48.052 E0.00258
G1 X70.176 Y48.229 E0.00308
G1 X70.001 Y48.437 E0.00356
G1 X69.729 Y48.795 E0.0059
G1 X69.624 Y48.946 E0.00241
G1 X69.592 Y48.985 E0.00066
G1 X69.337 Y49.367 E0.00602
G1 X69.209 Y49.575 E0.0032
G1 X68.981 Y49.964 E0.00591
G1 X68.87 Y50.176 E0.00314
G1 X68.669 Y50.583 E0.00595
G1 X68.566 Y50.805 E0.00321
G1 X68.393 Y51.221 E0.00591
G1 X68.235 Y51.659 E0.00611
G1 X68.08 Y52.153 E0.00679
G1 X67.971 Y52.567 E0.00561
G1 X67.875 Y52.995 E0.00575
G1 X67.794 Y53.458 E0.00616
G1 X67.758 Y53.698 E0.00318
G1 X67.73 Y53.914 E0.00286
G1 X67.696 Y54.316 E0.00529
G1 X67.682 Y54.54 E0.00294
G1 X67.672 Y54.775 E0.00308
G1 X67.666 Y55.073 E0.00391
G1 X67.678 Y55.54 E0.00613
G1 X67.69 Y55.772 E0.00305
G1 X67.727 Y56.231 E0.00604
G1 X67.759 Y56.473 E0.0032
G1 X67.824 Y56.909 E0.00578
G1 X67.917 Y57.37 E0.00617
G1 X67.968 Y57.591 E0.00297
G1 X68.089 Y58.05 E0.00622
G1 X68.229 Y58.495 E0.00612
G1 X68.387 Y58.934 E0.00612
G1 X68.56 Y59.353 E0.00594
G1 X68.826 Y59.911 E0.00811
G1 X68.972 Y60.188 E0.00411
G1 X69.221 Y60.615 E0.00648
G1 X69.45 Y60.977 E0.00562
G1 X69.592 Y61.18 E0.00325
G1 X69.861 Y61.546 E0.00596
G1 X70.145 Y61.9 E0.00595
G1 X70.284 Y62.065 E0.00283
G1 X70.449 Y62.25 E0.00325
G1 X70.61 Y62.421 E0.00308
G1 X70.93 Y62.745 E0.00597
G1 X71.272 Y63.058 E0.00608
G1 X71.624 Y63.356 E0.00605
G1 X71.832 Y63.522 E0.00349
G1 X72.37 Y63.906 E0.00867
G1 X72.966 Y64.275 E0.00919
G1 X73.176 Y64.393 E0.00316
G1 X73.578 Y64.605 E0.00596
G1 X73.789 Y64.707 E0.00307
G1 X74.16 Y64.872 E0.00532
G1 X74.433 Y64.982 E0.00386
G1 X74.801 Y65.116 E0.00514
G1 X75.31 Y65.277 E0.007
G1 X75.516 Y65.338 E0.00282
G1 X75.978 Y65.451 E0.00624
G1 X76.208 Y65.499 E0.00308
G1 X76.888 Y65.615 E0.00905
G1 X77.127 Y65.643 E0.00316
G1 X77.52 Y65.676 E0.00517
G1 X77.744 Y65.69 E0.00294
G1 X77.979 Y65.7 E0.00308
G1 X78.277 Y65.706 E0.00391
G1 X78.52 Y65.702 E0.00319
G1 X78.976 Y65.682 E0.00599
G1 X79.431 Y65.645 E0.00599
G1 X79.674 Y65.614 E0.00321
G1 X79.9 Y65.581 E0.00299
G1 X80.347 Y65.502 E0.00595
G1 X80.8 Y65.405 E0.00607
G1 X81.259 Y65.28 E0.00624
G1 X81.692 Y65.144 E0.00595
G0 F18000 X81.788 Y65.451
G0 X78.543 Y66.082
G1 F2984.3 X78.776 Y66.073 E0.00307
G1 X79.021 Y66.059 E0.00323
G1 F3007.9 X79.506 Y66.018 E0.00637
G1 F3000 X79.737 Y65.989 E0.00305
G1 F2976.5 X79.981 Y65.953 E0.00326
G1 F2961 X80.191 Y65.918 E0.00283
G1 F2968.8 X80.669 Y65.823 E0.00646
G1 F2992.1 X80.914 Y65.767 E0.0033
G1 X81.155 Y65.705 E0.00327
G1 F2976.5 X81.364 Y65.647 E0.00287
G1 F2961 X81.614 Y65.568 E0.00348
G1 F2992.1 X82.062 Y65.417 E0.00622
G1 F3015.9 X82.524 Y65.237 E0.00647
G1 F3000 X82.734 Y65.147 E0.003
G1 F3023.9 X83.189 Y64.933 E0.00654
G1 F3007.9 X83.387 Y64.832 E0.00291
G1 F2992.1 X83.605 Y64.713 E0.00327
G1 F3000 X84.021 Y64.473 E0.0063
G1 X84.256 Y64.324 E0.00365
G1 F3023.9 X84.601 Y64.093 E0.0054
G1 F3007.9 X84.793 Y63.954 E0.0031
G1 F2992.1 X85.175 Y63.662 E0.00632
G1 X85.558 Y63.341 E0.00657
G1 X85.91 Y63.016 E0.0063
G1 F3015.9 X86.075 Y62.855 E0.00301
G1 F3031.9 X86.261 Y62.665 E0.00345
G1 F3007.9 X86.559 Y62.338 E0.00579
G1 F2984.3 X86.868 Y61.967 E0.00636
G1 F3007.9 X87.031 Y61.762 E0.00343
G1 F3015.9 X87.165 Y61.58 E0.00295
G1 F3007.9 X87.446 Y61.179 E0.0064
G1 F3000 X87.682 Y60.81 E0.00574
G1 F2992.1 X87.825 Y60.568 E0.0037
G1 F3007.9 X88.054 Y60.145 E0.00629
G1 F3023.9 X88.26 Y59.726 E0.00607
G1 F3015.9 X88.418 Y59.368 E0.0051
G1 X88.549 Y59.049 E0.0045
G1 X88.706 Y58.615 E0.00602
G1 F2992.1 X88.776 Y58.395 E0.00304
G1 F2984.3 X88.888 Y58.022 E0.00513
G1 X89.031 Y57.446 E0.00782
G1 X89.061 Y57.309 E0.00185
G1 F2992.1 X89.119 Y57.014 E0.00395
G1 F3015.9 X89.196 Y56.5 E0.00678
G1 X89.247 Y56.03 E0.00617
G1 F3000 X89.274 Y55.652 E0.00497
G1 F3015.9 X89.285 Y55.304 E0.00454
G1 X89.286 Y54.835 E0.00612
G1 F2984.3 X89.277 Y54.592 E0.00321
G1 X89.263 Y54.347 E0.00323
G1 F3000 X89.222 Y53.869 E0.00629
G1 X89.194 Y53.645 E0.00296
G1 F2992.1 X89.158 Y53.4 E0.00326
G1 F2984.3 X89.119 Y53.17 E0.00308
G1 F2992.1 X89.071 Y52.913 E0.00344
G1 F2984.3 X88.973 Y52.473 E0.00594
G1 F2976.5 X88.913 Y52.236 E0.00323
G1 X88.86 Y52.043 E0.00265
G1 X88.698 Y51.531 E0.0071
G1 F2992.1 X88.522 Y51.048 E0.00676
G1 F3015.9 X88.35 Y50.64 E0.00578
G1 F3023.9 X88.275 Y50.473 E0.00238
G1 F3000 X88.044 Y50.006 E0.00683
G1 F3015.9 X87.932 Y49.793 E0.00314
G1 F3007.9 X87.794 Y49.55 E0.00365
G1 F2976.5 X87.689 Y49.373 E0.00272
G1 F2992.1 X87.555 Y49.157 E0.00334
G1 X87.433 Y48.972 E0.00291
G1 F2976.5 X87.299 Y48.777 E0.00313
G1 F2961 X87.163 Y48.588 E0.00309
G1 F2984.3 X86.996 Y48.365 E0.00367
G1 F3000 X86.71 Y48.009 E0.00599
G1 F2992.1 X86.404 Y47.659 E0.00611
G1 F3000 X86.208 Y47.451 E0.00375
G1 X86.055 Y47.295 E0.00287
G1 F3007.9 X85.718 Y46.971 E0.00611
G1 X85.529 Y46.805 E0.00329
G1 X85.164 Y46.501 E0.00621
G1 F3000 X84.984 Y46.358 E0.00301
G1 F3007.9 X84.776 Y46.203 E0.00339
G1 F3015.9 X84.596 Y46.075 E0.00288
G1 X84.386 Y45.931 E0.00332
G1 F3023.9 X84.174 Y45.793 E0.00329
G1 F3007.9 X83.77 Y45.548 E0.00618
G1 F3015.9 X83.368 Y45.327 E0.00598
G1 F3048.1 X82.886 Y45.091 E0.00693
G1 F3056.3 X82.722 Y45.018 E0.00231
G1 F3031.9 X82.436 Y44.898 E0.00402
G1 F3000 X82.132 Y44.779 E0.00428
G1 F3007.9 X81.631 Y44.604 E0.00694
G1 F3015.9 X81.222 Y44.483 E0.00556
G1 X81.118 Y44.455 E0.0014
G1 F3031.9 X80.651 Y44.342 E0.00623
G1 F3015.9 X80.18 Y44.249 E0.00626
G1 F3007.9 X79.702 Y44.177 E0.00632
G1 F3015.9 X79.326 Y44.133 E0.00494
G1 X78.762 Y44.096 E0.00737
G1 X78.611 Y44.089 E0.00197
G1 X78.369 Y44.086 E0.00316
G1 F3007.9 X78.033 Y44.087 E0.00439
G1 F2992.1 X77.567 Y44.109 E0.00613
G1 X77.339 Y44.125 E0.003
G1 F3007.9 X76.837 Y44.181 E0.00661
G1 F2992.1 X76.378 Y44.253 E0.00611
G1 X76.142 Y44.297 E0.00316
G1 F3023.9 X75.878 Y44.352 E0.00351
G1 F2992.1 X75.617 Y44.413 E0.00352
G1 F2976.5 X75.253 Y44.511 E0.00498
G1 F2992.1 X74.749 Y44.668 E0.00694
G1 F3007.9 X74.493 Y44.759 E0.00355
G1 F3015.9 X74.081 Y44.921 E0.00577
G1 F3007.9 X73.597 Y45.135 E0.00692
G1 X73.209 Y45.328 E0.00567
G1 X72.979 Y45.449 E0.0034
G1 X72.771 Y45.568 E0.00313
G1 F3000 X72.378 Y45.807 E0.00603
G1 F2992.1 X72.176 Y45.939 E0.00317
G1 F3000 X71.962 Y46.085 E0.0034
G1 F3015.9 X71.764 Y46.229 E0.00319
G1 F3000 X71.379 Y46.525 E0.00637
G1 F2984.3 X71.032 Y46.818 E0.00599
G1 F2992.1 X70.886 Y46.948 E0.00257
G1 F3007.9 X70.496 Y47.322 E0.00707
G1 F2992.1 X70.34 Y47.482 E0.00294
G1 F2976.5 X70.169 Y47.664 E0.0033
G1 F3000 X69.868 Y48.006 E0.00597
G1 F3015.9 X69.692 Y48.218 E0.00359
G1 X69.406 Y48.597 E0.00619
G1 F3007.9 X69.136 Y48.984 E0.00617
G1 F2992.1 X69.003 Y49.185 E0.00317
G1 F2984.3 X68.879 Y49.386 E0.00311
G1 F2992.1 X68.76 Y49.587 E0.00307
G1 F3015.9 X68.635 Y49.81 E0.00333
G1 X68.53 Y50.007 E0.00291
G1 X68.319 Y50.439 E0.00627
G1 F3023.9 X68.213 Y50.667 E0.00327
G1 F3007.9 X68.026 Y51.119 E0.0064
G1 X67.866 Y51.568 E0.00623
G1 X67.714 Y52.052 E0.00663
G1 F3000 X67.597 Y52.501 E0.00608
G1 F2992.1 X67.495 Y52.957 E0.00614
G1 F2984.3 X67.416 Y53.411 E0.00607
G1 F3007.9 X67.351 Y53.911 E0.00659
G1 X67.312 Y54.35 E0.00576
G1 F2984.3 X67.302 Y54.52 E0.00224
G1 F2992.1 X67.287 Y55.005 E0.00638
G1 X67.291 Y55.328 E0.00425
G1 X67.299 Y55.577 E0.00328
G1 F3000 X67.313 Y55.817 E0.00315
G1 X67.355 Y56.308 E0.00646
G1 F2992.1 X67.409 Y56.709 E0.00532
G1 F3000 X67.458 Y57.013 E0.00404
G1 F2992.1 X67.55 Y57.474 E0.00618
G1 F2976.5 X67.658 Y57.915 E0.006
G1 F2984.3 X67.732 Y58.179 E0.00361
G1 F2992.1 X67.873 Y58.626 E0.00616
G1 F2984.3 X67.949 Y58.841 E0.00301
G1 F3000 X68.043 Y59.089 E0.00348
G1 F3023.9 X68.23 Y59.542 E0.00638
G1 F3000 X68.335 Y59.768 E0.00327
G1 X68.531 Y60.164 E0.00579
G1 F3007.9 X68.653 Y60.393 E0.00339
G1 F3000 X68.766 Y60.592 E0.003
G1 F2992.1 X69.014 Y60.999 E0.00627
G1 X69.137 Y61.192 E0.00301
G1 F2968.8 X69.415 Y61.587 E0.0064
G1 X69.581 Y61.805 E0.00363
G1 F2984.3 X69.88 Y62.177 E0.00629
G1 F2976.5 X70.032 Y62.354 E0.00308
G1 F2992.1 X70.187 Y62.526 E0.00304
G1 X70.506 Y62.857 E0.00604
G1 F3007.9 X70.697 Y63.045 E0.00351
G1 X70.828 Y63.168 E0.00235
G1 F2992.1 X71.227 Y63.518 E0.00698
G1 X71.4 Y63.664 E0.00298
G1 F3007.9 X71.61 Y63.827 E0.00348
G1 F3015.9 X71.795 Y63.963 E0.00299
G1 F3007.9 X72.197 Y64.245 E0.00642
G1 F3000 X72.395 Y64.371 E0.00308
G1 F2984.3 X72.798 Y64.617 E0.00622
G1 X73.137 Y64.803 E0.0051
G1 F3000 X73.434 Y64.956 E0.00438
G1 F3007.9 X73.65 Y65.06 E0.00314
G1 X74.061 Y65.241 E0.00587
G1 F3023.9 X74.323 Y65.345 E0.00367
G1 F3015.9 X74.673 Y65.473 E0.00486
G1 F2976.5 X75.261 Y65.661 E0.00816
G1 X75.443 Y65.712 E0.0025
G1 F2992.1 X75.906 Y65.824 E0.00626
G1 X76.161 Y65.877 E0.00342
G1 F2984.3 X76.337 Y65.909 E0.00236
G1 X76.763 Y65.979 E0.00569
G1 F3015.9 X76.873 Y65.994 E0.00145
G1 X77.254 Y66.035 E0.005
G1 F2992.1 X77.554 Y66.06 E0.00396
G1 X77.724 Y66.07 E0.00224
G1 X78.209 Y66.085 E0.00638
G1 X78.543 Y66.082 E0.00439
G0 F18000 X75.936 Y65.709
G0 X74.349 Y65.227
G0 X72.847 Y64.508
G0 X71.48 Y63.571
G0 X70.427 Y62.606
G0 X69.377 Y61.326
G0 X68.601 Y60.035
G0 X67.912 Y58.358
G0 X67.575 Y56.976
G0 X67.409 Y55.091
G0 X67.574 Y53.202
G0 X67.988 Y51.585
G0 X68.638 Y50.063
G0 X69.518 Y48.65
G0 X70.598 Y47.39
G0 X71.853 Y46.315
G0 X73.34 Y45.398
G0 X74.703 Y44.839
G0 X77.319 Y44.069
G0 X77.3 Y43.748
G1 F3000 X77.538 Y43.73 E0.00313
G1 X78.037 Y43.706 E0.00655
G1 X78.616 Y43.71 E0.00759
G1 X79.117 Y43.737 E0.00658
G1 X79.355 Y43.756 E0.00313
G1 X79.852 Y43.812 E0.00656
G1 X80.241 Y43.875 E0.00517
G1 X80.586 Y43.942 E0.00461
G1 X81.086 Y44.057 E0.00673
G1 X81.298 Y44.111 E0.00287
G1 X81.707 Y44.232 E0.00559
G1 X81.943 Y44.308 E0.00325
G1 X82.24 Y44.415 E0.00414
G1 X82.242 Y44.413 E0.00004
G1 X82.576 Y44.547 E0.00472
G1 X82.943 Y44.702 E0.00522
G1 X83.318 Y44.88 E0.00544
G1 X83.507 Y44.974 E0.00277
G1 X83.759 Y45.107 E0.00374
G1 X83.956 Y45.217 E0.00296
G1 X84.185 Y45.352 E0.00349
G1 X84.399 Y45.487 E0.00332
G1 X84.808 Y45.761 E0.00646
G1 X85.216 Y46.056 E0.0066
G1 X85.601 Y46.369 E0.00651
G1 X85.821 Y46.555 E0.00378
G1 X86.154 Y46.862 E0.00594
G1 X86.321 Y47.024 E0.00305
G1 X86.479 Y47.185 E0.00296
G1 X86.656 Y47.373 E0.00339
G1 X86.841 Y47.577 E0.00361
G1 X86.999 Y47.762 E0.00319
G1 X87.159 Y47.957 E0.00331
G1 X87.466 Y48.355 E0.00659
G1 X87.609 Y48.555 E0.00322
G1 X87.748 Y48.759 E0.00324
G1 X87.873 Y48.95 E0.00299
G1 X88.121 Y49.353 E0.0062
G1 X88.378 Y49.825 E0.00705
G1 X88.588 Y50.248 E0.00619
G1 X88.636 Y50.352 E0.0015
G1 X88.872 Y50.9 E0.00782
G1 X89.056 Y51.402 E0.00701
G1 X89.217 Y51.911 E0.007
G1 X89.22 Y51.912 E0.00004
G1 X89.329 Y52.325 E0.0056
G1 X89.398 Y52.619 E0.00396
G1 X89.493 Y53.101 E0.00644
G1 X89.543 Y53.397 E0.00394
G1 X89.599 Y53.823 E0.00563
G1 X89.624 Y54.086 E0.00346
G1 X89.658 Y54.569 E0.00635
G1 X89.666 Y54.835 E0.00349
G1 X89.666 Y55.169 E0.00438
G1 X89.662 Y55.416 E0.00324
G1 X89.654 Y55.663 E0.00324
G1 X89.645 Y55.818 E0.00204
G1 X89.625 Y56.065 E0.00325
G1 X89.59 Y56.405 E0.00448
G1 X89.551 Y56.7 E0.0039
G1 X89.494 Y57.072 E0.00493
G1 X89.434 Y57.383 E0.00415
G1 X89.381 Y57.62 E0.00318
G1 X89.261 Y58.098 E0.00646
G1 X89.14 Y58.504 E0.00556
G1 X89.066 Y58.733 E0.00316
G1 X88.902 Y59.182 E0.00627
G1 X88.769 Y59.512 E0.00467
G1 X88.605 Y59.879 E0.00527
G1 X88.381 Y60.338 E0.0067
G1 X88.143 Y60.78 E0.00658
G1 X88.008 Y61.005 E0.00344
G1 X87.762 Y61.387 E0.00596
G1 X87.475 Y61.798 E0.00657
G1 X87.333 Y61.989 E0.00312
G1 X87.167 Y62.202 E0.00354
G1 X86.852 Y62.581 E0.00646
G1 X86.683 Y62.767 E0.0033
G1 X86.536 Y62.923 E0.00281
G1 X86.154 Y63.308 E0.00711
G1 X85.815 Y63.622 E0.00606
G1 X85.649 Y63.765 E0.00287
G1 X85.601 Y63.799 E0.00077
G1 X85.419 Y63.953 E0.00313
G1 X85.229 Y64.102 E0.00317
G1 X85.022 Y64.258 E0.0034
G1 X84.606 Y64.547 E0.00664
G1 X84.224 Y64.795 E0.00597
G1 X83.573 Y65.165 E0.00982
G1 X83.096 Y65.399 E0.00697
G1 X82.892 Y65.492 E0.00294
G1 X82.634 Y65.603 E0.00368
G1 X82.196 Y65.77 E0.00615
G1 X81.738 Y65.93 E0.00636
G1 X81.499 Y66.005 E0.00328
G1 X80.989 Y66.14 E0.00692
G1 X80.755 Y66.193 E0.00315
G1 X80.266 Y66.293 E0.00654
G1 X80.04 Y66.33 E0.003
G1 X79.791 Y66.366 E0.0033
G1 X79.549 Y66.394 E0.00319
G1 X79.278 Y66.42 E0.00357
G1 X78.799 Y66.454 E0.0063
G1 X78.554 Y66.462 E0.00321
G1 X78.213 Y66.466 E0.00447
G1 X77.712 Y66.45 E0.00657
G1 X77.466 Y66.435 E0.00323
G1 X77.219 Y66.413 E0.00325
G1 X76.719 Y66.356 E0.0066
G1 X76.279 Y66.286 E0.00584
G1 X76.057 Y66.244 E0.00296
G1 X75.749 Y66.177 E0.00413
G1 X75.165 Y66.031 E0.00789
G1 X74.556 Y65.835 E0.00839
G1 X74.068 Y65.653 E0.00683
G1 X73.498 Y65.408 E0.00814
G1 X73.255 Y65.29 E0.00354
G1 X72.965 Y65.142 E0.00427
G1 X72.614 Y64.949 E0.00525
G1 X72.388 Y64.815 E0.00345
G1 X71.991 Y64.562 E0.00617
G1 X71.69 Y64.355 E0.00479
G1 X71.574 Y64.271 E0.00188
G1 X71.168 Y63.965 E0.00667
G1 X70.983 Y63.809 E0.00317
G1 X70.577 Y63.454 E0.00707
G1 X70.242 Y63.131 E0.0061
G1 X69.91 Y62.785 E0.00629
G1 X69.75 Y62.609 E0.00312
G1 X69.575 Y62.407 E0.0035
G1 X69.564 Y62.39 E0.00027
G1 X69.417 Y62.212 E0.00303
G1 X69.112 Y61.821 E0.0065
G1 X68.843 Y61.433 E0.00619
G1 X68.694 Y61.205 E0.00357
G1 X68.441 Y60.789 E0.00638
G1 X68.321 Y60.576 E0.00321
G1 X68.197 Y60.342 E0.00347
G1 X67.995 Y59.938 E0.00592
G1 X67.872 Y59.673 E0.00383
G1 X67.777 Y59.442 E0.00328
G1 X67.594 Y58.978 E0.00654
G1 X67.514 Y58.749 E0.00318
G1 X67.359 Y58.257 E0.00676
G1 X67.247 Y57.847 E0.00557
G1 X67.179 Y57.56 E0.00387
G1 X67.086 Y57.083 E0.00637
G1 X67.033 Y56.771 E0.00415
G1 X66.978 Y56.354 E0.00552
G1 X66.952 Y56.078 E0.00364
G1 X66.917 Y55.571 E0.00666
G1 X66.91 Y55.339 E0.00304
G1 X66.907 Y55.009 E0.00433
G1 X66.922 Y54.508 E0.00657
G1 X66.937 Y54.262 E0.00323
G1 X66.959 Y54.018 E0.00321
G1 X67.016 Y53.528 E0.00647
G1 X67.086 Y53.075 E0.00601
G1 X67.122 Y52.883 E0.00256
G1 X67.195 Y52.548 E0.0045
G1 X67.315 Y52.074 E0.00641
G1 X67.436 Y51.665 E0.00559
G1 X67.505 Y51.451 E0.00295
G1 X67.67 Y50.99 E0.00642
G1 X67.866 Y50.517 E0.00671
G1 X68.191 Y49.837 E0.00988
G1 X68.427 Y49.405 E0.00645
G1 X68.553 Y49.191 E0.00326
G1 X68.68 Y48.985 E0.00317
G1 X68.82 Y48.774 E0.00332
G1 X69.097 Y48.379 E0.00633
G1 X69.259 Y48.158 E0.00359
G1 X69.395 Y47.984 E0.0029
G1 X69.57 Y47.775 E0.00357
G1 X69.883 Y47.413 E0.00628
G1 X70.062 Y47.221 E0.00344
G1 X70.435 Y46.852 E0.00688
G1 X70.775 Y46.537 E0.00608
G1 X71.135 Y46.234 E0.00617
G1 X71.357 Y46.058 E0.00371
G1 X71.742 Y45.778 E0.00624
G1 X71.959 Y45.627 E0.00347
G1 X72.162 Y45.498 E0.00315
G1 X72.175 Y45.487 E0.00022
G1 X72.381 Y45.358 E0.00319
G1 X72.579 Y45.241 E0.00302
G1 X72.795 Y45.119 E0.00325
G1 X73.031 Y44.993 E0.00351
G1 X73.251 Y44.882 E0.00323
G1 X73.436 Y44.794 E0.00269
G1 X73.927 Y44.574 E0.00706
G1 X74.357 Y44.407 E0.00605
G1 X74.621 Y44.31 E0.00369
G1 X75.149 Y44.146 E0.00725
G1 X75.52 Y44.043 E0.00505
G1 X76.063 Y43.926 E0.00728
G1 X76.309 Y43.878 E0.00329
G1 X76.784 Y43.806 E0.0063
G1 X77.3 Y43.748 E0.00681
G0 F18000 X77.319 Y44.069
G0 X74.564 Y44.864
G0 X73.059 Y45.546
G0 X71.478 Y46.602
G0 X70.266 Y47.74
G0 X69.374 Y48.851
G0 X68.533 Y50.273
G0 X67.912 Y51.818
G0 X67.503 Y53.663
G0 X67.409 Y55.091
G0 X67.575 Y56.976
G0 X67.99 Y58.59
G0 X68.601 Y60.035
G0 X69.516 Y61.52
G0 X70.595 Y62.779
G0 X71.86 Y63.864
G0 X73.064 Y64.629
G0 X74.349 Y65.227
G0 X75.777 Y65.661
G0 X78.545 Y66.142
G0 X78.566 Y66.842
;TYPE:WALL-OUTER
G1 F1500 X78.822 Y66.833 E0.00336
G1 X79.312 Y66.798 E0.00644
G1 X79.593 Y66.772 E0.0037
G1 X79.845 Y66.742 E0.00333
G1 X80.308 Y66.672 E0.00614
G1 X80.841 Y66.563 E0.00713
G1 X81.075 Y66.51 E0.00315
G1 X81.352 Y66.439 E0.00375
G1 X81.613 Y66.367 E0.00355
G1 X81.861 Y66.289 E0.00341
G1 X82.332 Y66.125 E0.00654
G1 X82.782 Y65.953 E0.00632
G1 X83.05 Y65.838 E0.00382
G1 X83.263 Y65.74 E0.00307
G1 X83.739 Y65.507 E0.00695
G1 X84.147 Y65.278 E0.00614
G1 X84.426 Y65.117 E0.00422
G1 X84.82 Y64.861 E0.00616
G1 X85.25 Y64.562 E0.00687
G1 X85.463 Y64.401 E0.0035
G1 X85.663 Y64.244 E0.00333
G1 X85.86 Y64.079 E0.00337
G1 X85.866 Y64.079 E0.00008
G1 X86.071 Y63.902 E0.00355
G1 X86.42 Y63.58 E0.00623
G1 X86.616 Y63.385 E0.00363
G1 X86.813 Y63.183 E0.0037
G1 X86.963 Y63.024 E0.00287
G1 X87.144 Y62.824 E0.00354
G1 X87.466 Y62.436 E0.00661
G1 X87.637 Y62.217 E0.00364
G1 X87.77 Y62.04 E0.0029
G1 X88.08 Y61.595 E0.00711
G1 X88.334 Y61.199 E0.00617
G1 X88.481 Y60.953 E0.00376
G1 X88.719 Y60.512 E0.00657
G1 X88.952 Y60.034 E0.00697
G1 X89.121 Y59.656 E0.00543
G1 X89.258 Y59.316 E0.00481
G1 X89.427 Y58.852 E0.00648
G1 X89.504 Y58.614 E0.00328
G1 X89.636 Y58.176 E0.006
G1 X89.633 Y58.174 E0.00005
G1 X89.751 Y57.712 E0.00625
G1 X89.807 Y57.457 E0.00342
G1 X89.87 Y57.13 E0.00437
G1 X89.928 Y56.75 E0.00504
G1 X89.968 Y56.446 E0.00402
G1 X90.003 Y56.1 E0.00456
G1 X90.024 Y55.842 E0.00339
G1 X90.034 Y55.675 E0.00219
G1 X90.046 Y55.169 E0.00664
G1 X90.046 Y54.835 E0.00438
G1 X90.037 Y54.546 E0.00379
G1 X90.002 Y54.051 E0.00651
G1 X89.976 Y53.777 E0.00361
G1 X89.918 Y53.334 E0.00586
G1 X89.867 Y53.031 E0.00403
G1 X89.768 Y52.533 E0.00666
G1 X89.697 Y52.23 E0.00408
G1 X89.578 Y51.781 E0.00609
G1 X89.573 Y51.779 E0.00007
G1 X89.414 Y51.274 E0.00694
G1 X89.222 Y50.752 E0.00729
G1 X88.983 Y50.198 E0.00791
G1 X88.929 Y50.08 E0.0017
G1 X88.712 Y49.644 E0.00639
G1 X88.447 Y49.157 E0.00727
G1 X88.191 Y48.742 E0.00639
G1 X88.063 Y48.546 E0.00307
G1 X87.919 Y48.334 E0.00336
G1 X87.768 Y48.124 E0.00339
G1 X87.453 Y47.715 E0.00677
G1 X87.287 Y47.514 E0.00342
G1 X87.124 Y47.324 E0.00328
G1 X86.931 Y47.111 E0.00377
G1 X86.79 Y46.963 E0.00268
G1 X86.791 Y46.96 E0.00004
G1 X86.587 Y46.753 E0.00381
G1 X86.414 Y46.585 E0.00316
G1 X86.204 Y46.389 E0.00377
G1 X86.02 Y46.225 E0.00323
G1 X85.843 Y46.076 E0.00303
G1 X85.448 Y45.755 E0.00667
G1 X85.021 Y45.446 E0.00691
G1 X84.671 Y45.211 E0.00553
G1 X84.379 Y45.025 E0.00454
G1 X84.142 Y44.886 E0.0036
G1 X83.939 Y44.772 E0.00305
G1 X83.708 Y44.649 E0.00343
G1 X83.482 Y44.537 E0.00331
G1 X83.091 Y44.352 E0.00567
G1 X82.717 Y44.194 E0.00532
G1 X82.352 Y44.048 E0.00515
G1 X82.349 Y44.051 E0.00006
G1 X82.066 Y43.948 E0.00395
G1 X81.816 Y43.868 E0.00344
G1 X81.376 Y43.737 E0.00602
G1 X81.374 Y43.739 E0.00004
G1 X81.175 Y43.687 E0.0027
G1 X80.66 Y43.569 E0.00693
G1 X80.303 Y43.501 E0.00477
G1 X79.896 Y43.435 E0.00541
G1 X79.385 Y43.377 E0.00674
G1 X79.141 Y43.358 E0.00321
G1 X78.622 Y43.33 E0.00682
G1 X78.02 Y43.326 E0.00789
G1 X77.509 Y43.351 E0.00671
G1 X77.26 Y43.37 E0.00327
G1 X76.731 Y43.43 E0.00698
G1 X76.261 Y43.501 E0.00623
G1 X76.008 Y43.548 E0.00337
G1 X75.423 Y43.676 E0.00785
G1 X74.963 Y43.804 E0.00626
G1 X74.505 Y43.948 E0.0063
G1 X74.259 Y44.037 E0.00343
G1 X73.773 Y44.227 E0.00684
G1 X73.256 Y44.459 E0.00743
G1 X73.081 Y44.542 E0.00254
G1 X72.852 Y44.657 E0.00336
G1 X72.609 Y44.787 E0.00361
G1 X72.387 Y44.913 E0.00335
G1 X72.177 Y45.037 E0.0032
G1 X71.742 Y45.315 E0.00677
G1 X71.543 Y45.453 E0.00318
G1 X71.119 Y45.762 E0.00688
G1 X70.891 Y45.943 E0.00382
G1 X70.519 Y46.257 E0.00638
G1 X70.169 Y46.58 E0.00625
G1 X69.785 Y46.961 E0.00709
G1 X69.617 Y47.14 E0.00322
G1 X69.279 Y47.53 E0.00677
G1 X69.096 Y47.75 E0.00375
G1 X68.953 Y47.932 E0.00304
G1 X68.817 Y48.116 E0.003
G1 X68.504 Y48.563 E0.00716
G1 X68.368 Y48.767 E0.00321
G1 X68.101 Y49.207 E0.00675
G1 X67.851 Y49.667 E0.00687
G1 X67.728 Y49.915 E0.00363
G1 X67.518 Y50.365 E0.00651
G1 X67.32 Y50.841 E0.00676
G1 X67.152 Y51.306 E0.00648
G1 X67.072 Y51.555 E0.00343
G1 X66.94 Y51.996 E0.00604
G1 X66.943 Y51.998 E0.00005
G1 X66.888 Y52.204 E0.0028
G1 X66.824 Y52.465 E0.00352
G1 X66.769 Y52.711 E0.00331
G1 X66.71 Y53.016 E0.00407
G1 X66.638 Y53.484 E0.00621
G1 X66.583 Y53.968 E0.00639
G1 X66.558 Y54.227 E0.00341
G1 X66.542 Y54.496 E0.00353
G1 X66.527 Y55.013 E0.00678
G1 X66.53 Y55.351 E0.00443
G1 X66.537 Y55.583 E0.00304
G1 X66.555 Y55.873 E0.00381
G1 X66.601 Y56.4 E0.00694
G1 X66.654 Y56.809 E0.00541
G1 X66.712 Y57.154 E0.00459
G1 X66.809 Y57.646 E0.00658
G1 X66.879 Y57.944 E0.00401
G1 X66.999 Y58.387 E0.00602
G1 X67.003 Y58.389 E0.00006
G1 X67.161 Y58.89 E0.00689
G1 X67.229 Y59.088 E0.00275
G1 X67.426 Y59.588 E0.00705
G1 X67.526 Y59.829 E0.00342
G1 X67.655 Y60.108 E0.00403
G1 X67.861 Y60.52 E0.00604
G1 X67.989 Y60.76 E0.00357
G1 X68.116 Y60.986 E0.0034
G1 X68.375 Y61.411 E0.00653
G1 X68.53 Y61.649 E0.00372
G1 X68.801 Y62.039 E0.00623
G1 X69.123 Y62.453 E0.00688
G1 X69.269 Y62.63 E0.00301
G1 X69.271 Y62.636 E0.00008
G1 X69.468 Y62.864 E0.00395
G1 X69.632 Y63.044 E0.00319
G1 X69.81 Y63.233 E0.0034
G1 X69.978 Y63.404 E0.00314
G1 X70.313 Y63.728 E0.00611
G1 X70.739 Y64.101 E0.00742
G1 X70.936 Y64.265 E0.00336
G1 X71.333 Y64.567 E0.00654
G1 X71.473 Y64.667 E0.00226
G1 X71.784 Y64.881 E0.00495
G1 X72.192 Y65.141 E0.00634
G1 X72.43 Y65.281 E0.00362
G1 X72.793 Y65.481 E0.00543
G1 X73.316 Y65.743 E0.00767
G1 X73.934 Y66.009 E0.00882
G1 X74.439 Y66.197 E0.00707
G1 X75.049 Y66.393 E0.0084
G1 X75.403 Y66.484 E0.00479
G1 X75.915 Y66.603 E0.00689
G1 X76.22 Y66.662 E0.00407
G1 X76.675 Y66.733 E0.00604
G1 X77.183 Y66.791 E0.0067
G1 X77.431 Y66.814 E0.00327
G1 X77.7 Y66.83 E0.00353
G1 X78.217 Y66.846 E0.00678
G1 X78.566 Y66.842 E0.00458
G0 F18000 X78.766 Y66.835
G0 X78.745 Y66.136
G0 X78.535 Y66.024
G0 X78.512 Y65.322
G1 F1500 X78.284 Y65.326 E0.00299
G1 X77.993 Y65.32 E0.00382
G1 X77.616 Y65.302 E0.00495
G1 X77.17 Y65.265 E0.00587
G1 X76.949 Y65.24 E0.00292
G1 X76.285 Y65.127 E0.00883
G1 X76.067 Y65.081 E0.00292
G1 X75.625 Y64.974 E0.00596
G1 X75.423 Y64.914 E0.00276
G1 X74.991 Y64.779 E0.00593
G1 X74.573 Y64.629 E0.00582
G1 X74.354 Y64.542 E0.00309
G1 X73.953 Y64.364 E0.00575
G1 X73.755 Y64.269 E0.00288
G1 X73.362 Y64.062 E0.00582
G1 X73.164 Y63.951 E0.00298
G1 X72.59 Y63.596 E0.00885
G1 X72.049 Y63.209 E0.00872
G1 X71.869 Y63.066 E0.00301
G1 X71.528 Y62.777 E0.00586
G1 X71.2 Y62.478 E0.00582
G1 X70.886 Y62.159 E0.00587
G1 X70.733 Y61.998 E0.00291
G1 X70.574 Y61.819 E0.00314
G1 X70.44 Y61.66 E0.00273
G1 X70.167 Y61.321 E0.00571
G1 X69.903 Y60.962 E0.00584
G1 X69.771 Y60.774 E0.00301
G1 X69.548 Y60.421 E0.00548
G1 X69.308 Y60.01 E0.00624
G1 X69.168 Y59.747 E0.00391
G1 X68.912 Y59.209 E0.00781
G1 X68.741 Y58.793 E0.0059
G1 X68.591 Y58.379 E0.00577
G1 X68.456 Y57.95 E0.0059
G1 X68.338 Y57.504 E0.00605
G1 X68.289 Y57.294 E0.00283
G1 X68.2 Y56.853 E0.0059
G1 X68.135 Y56.422 E0.00572
G1 X68.106 Y56.2 E0.00294
G1 X68.07 Y55.751 E0.00591
G1 X68.058 Y55.53 E0.0029
G1 X68.046 Y55.08 E0.0059
G1 X68.052 Y54.789 E0.00382
G1 X68.07 Y54.412 E0.00495
G1 X68.107 Y53.963 E0.00591
G1 X68.138 Y53.732 E0.00306
G1 X68.142 Y53.721 E0.00015
G1 X68.168 Y53.523 E0.00262
G1 X68.246 Y53.078 E0.00592
G1 X68.339 Y52.661 E0.0056
G1 X68.442 Y52.267 E0.00534
G1 X68.593 Y51.787 E0.0066
G1 X68.744 Y51.367 E0.00585
G1 X68.911 Y50.964 E0.00572
G1 X69.009 Y50.751 E0.00307
G1 X69.207 Y50.352 E0.00584
G1 X69.311 Y50.153 E0.00294
G1 X69.42 Y49.962 E0.00288
G1 X69.653 Y49.578 E0.00589
G1 X69.913 Y49.19 E0.00612
G1 X69.918 Y49.188 E0.00007
G1 X70.032 Y49.025 E0.00261
G1 X70.302 Y48.67 E0.00585
G1 X70.448 Y48.494 E0.003
G1 X70.612 Y48.307 E0.00326
G1 X70.738 Y48.169 E0.00245
G1 X71.052 Y47.838 E0.00598
G1 X71.402 Y47.505 E0.00633
G1 X71.537 Y47.386 E0.00236
G1 X71.875 Y47.102 E0.00579
G1 X72.231 Y46.826 E0.00591
G1 X72.414 Y46.693 E0.00297
G1 X72.789 Y46.445 E0.0059
G1 X73.169 Y46.215 E0.00582
G1 X73.364 Y46.103 E0.00295
G1 X73.939 Y45.812 E0.00845
G1 X74.361 Y45.627 E0.00604
G1 X74.782 Y45.46 E0.00594
G1 X75.209 Y45.318 E0.0059
G1 X75.49 Y45.233 E0.00385
G1 X75.493 Y45.236 E0.00006
G1 X75.631 Y45.195 E0.00189
G1 X76.07 Y45.085 E0.00593
G1 X76.295 Y45.04 E0.00301
G1 X76.732 Y44.964 E0.00582
G1 X76.954 Y44.931 E0.00294
G1 X77.395 Y44.882 E0.00582
G1 X77.844 Y44.854 E0.0059
G1 X78.068 Y44.846 E0.00294
G1 X78.515 Y44.846 E0.00586
G1 X78.798 Y44.857 E0.00371
G1 X79.239 Y44.887 E0.0058
G1 X79.621 Y44.932 E0.00504
G1 X80.091 Y45.004 E0.00623
G1 X80.514 Y45.087 E0.00565
G1 X80.958 Y45.197 E0.006
G1 X81.403 Y45.328 E0.00608
G1 X81.787 Y45.461 E0.00533
G1 X81.995 Y45.539 E0.00291
G1 X82.219 Y45.628 E0.00316
G1 X82.427 Y45.716 E0.00296
G1 X82.543 Y45.771 E0.00168
G1 X82.546 Y45.769 E0.00005
G1 X83.012 Y45.997 E0.0068
G1 X83.411 Y46.217 E0.00597
G1 X83.783 Y46.444 E0.00571
G1 X83.982 Y46.572 E0.0031
G1 X84.349 Y46.829 E0.00588
G1 X84.707 Y47.106 E0.00594
G1 X85.075 Y47.417 E0.00632
G1 X85.204 Y47.531 E0.00226
G1 X85.533 Y47.847 E0.00598
G1 X85.698 Y48.016 E0.0031
G1 X85.835 Y48.162 E0.00263
G1 X86.136 Y48.508 E0.00601
G1 X86.41 Y48.848 E0.00573
G1 X86.731 Y49.29 E0.00716
G1 X86.926 Y49.584 E0.00463
G1 X87.044 Y49.776 E0.00296
G1 X87.27 Y50.161 E0.00585
G1 X87.471 Y50.556 E0.00581
G1 X87.603 Y50.826 E0.00394
G1 X87.6 Y50.829 E0.00006
G1 X87.66 Y50.954 E0.00182
G1 X87.835 Y51.375 E0.00598
G1 X87.985 Y51.793 E0.00582
G1 X88.054 Y52.005 E0.00292
G1 X88.136 Y52.277 E0.00373
G1 X88.238 Y52.666 E0.00527
G1 X88.331 Y53.086 E0.00564
G1 X88.372 Y53.308 E0.00296
G1 X88.445 Y53.765 E0.00607
G1 X88.47 Y53.968 E0.00268
G1 X88.506 Y54.413 E0.00585
G1 X88.518 Y54.637 E0.00294
G1 X88.526 Y54.864 E0.00298
G1 X88.527 Y55.308 E0.00582
G1 X88.514 Y55.612 E0.00399
G1 X88.489 Y55.981 E0.00485
G1 X88.44 Y56.425 E0.00586
G1 X88.371 Y56.884 E0.00609
G1 X88.271 Y57.363 E0.00642
G1 X88.216 Y57.593 E0.0031
G1 X88.118 Y57.949 E0.00484
G1 X87.983 Y58.381 E0.00593
G1 X87.832 Y58.801 E0.00585
G1 X87.662 Y59.211 E0.00582
G1 X87.567 Y59.421 E0.00302
G1 X87.371 Y59.816 E0.00578
G1 X87.156 Y60.205 E0.00583
G1 X87.025 Y60.426 E0.00337
G1 X86.8 Y60.782 E0.00552
G1 X86.542 Y61.146 E0.00585
G1 X86.411 Y61.325 E0.00291
G1 X85.997 Y61.825 E0.00851
G1 X85.693 Y62.162 E0.00595
G1 X85.529 Y62.329 E0.00307
G1 X85.364 Y62.489 E0.00301
G1 X85.039 Y62.786 E0.00577
G1 X84.704 Y63.066 E0.00573
G1 X84.526 Y63.205 E0.00296
G1 X84.157 Y63.479 E0.00603
G1 X83.833 Y63.694 E0.0051
G1 X83.596 Y63.841 E0.00366
G1 X83.218 Y64.06 E0.00573
G1 X82.824 Y64.269 E0.00585
G1 X82.413 Y64.459 E0.00594
G1 X82.209 Y64.547 E0.00291
G1 X81.782 Y64.712 E0.006
G1 X81.578 Y64.782 E0.00283
G1 X81.153 Y64.915 E0.00584
G1 X80.94 Y64.976 E0.00291
G1 X80.718 Y65.034 E0.00301
G1 X80.281 Y65.128 E0.00586
G1 X79.844 Y65.205 E0.00582
G1 X79.4 Y65.266 E0.00588
G1 X78.955 Y65.302 E0.00585
G1 X78.512 Y65.322 E0.00581
G0 F18000 X78.312 Y65.325
G1 F1800 E-3.5
;MESH:Dielectric - Part.STL
G0 F18000 X78.317 Y66.026
G0 X80.039 Y66.494
G0 X80.274 Y67.923
G0 X87.954 Y101.51
G0 X132.258 Y117.258
G1 F1800 E3.52079
G1 F1500 X87.738 Y117.258 E0.58378
G1 X87.738 Y102.738 E0.1904
G1 X132.258 Y102.738 E0.58378
G1 X132.258 Y117.258 E0.1904
G0 F18000 X132.258 Y117.058
G0 X131.59 Y116.59
G0 X94.998 Y109.998
;TYPE:SKIN
G1 F6939.1 X124.998 Y109.998 E0.60242
G0 F18000 X125.418 Y110.418
G1 F8400 X94.578 Y110.418 E0.51159
G1 X94.578 Y109.578 E0.01393
G1 X125.418 Y109.578 E0.51159
G1 X125.418 Y110.418 E0.01393
G0 F18000 X125.798 Y110.798
G1 F8400 X94.198 Y110.798 E0.5242
G1 X94.198 Y109.198 E0.02654
G1 X125.798 Y109.198 E0.5242
G1 X125.798 Y110.798 E0.02654
G0 F18000 X126.178 Y111.178
G1 F8400 X93.818 Y111.178 E0.5368
G1 X93.818 Y108.818 E0.03915
G1 X126.178 Y108.818 E0.5368
G1 X126.178 Y111.178 E0.03915
G0 F18000 X126.558 Y111.558
G1 F8400 X93.438 Y111.558 E0.54941
G1 X93.438 Y108.438 E0.05176
G1 X126.558 Y108.438 E0.54941
G1 X126.558 Y111.558 E0.05176
G0 F18000 X126.938 Y111.938
G1 F8400 X93.058 Y111.938 E0.56202
G1 X93.058 Y108.058 E0.06436
G1 X126.938 Y108.058 E0.56202
G1 X126.938 Y111.938 E0.06436
G0 F18000 X127.318 Y112.318
G1 F8400 X92.678 Y112.318 E0.57463
G1 X92.678 Y107.678 E0.07697
G1 X127.318 Y107.678 E0.57463
G1 X127.318 Y112.318 E0.07697
G0 F18000 X127.698 Y112.698
G1 F8400 X92.298 Y112.698 E0.58723
G1 X92.298 Y107.298 E0.08958
G1 X127.698 Y107.298 E0.58723
G1 X127.698 Y112.698 E0.08958
G0 F18000 X128.078 Y113.078
G1 F8400 X91.918 Y113.078 E0.59984
G1 X91.918 Y106.918 E0.10219
G1 X128.078 Y106.918 E0.59984
G1 X128.078 Y113.078 E0.10219
G0 F18000 X128.458 Y113.458
G1 F8400 X91.538 Y113.458 E0.61245
G1 X91.538 Y106.538 E0.11479
G1 X128.458 Y106.538 E0.61245
G1 X128.458 Y113.458 E0.11479
G0 F18000 X128.838 Y113.838
G1 F8400 X91.158 Y113.838 E0.62505
G1 X91.158 Y106.158 E0.1274
G1 X128.838 Y106.158 E0.62505
G1 X128.838 Y113.838 E0.1274
G0 F18000 X129.218 Y114.218
G1 F8400 X90.778 Y114.218 E0.63766
G1 X90.778 Y105.778 E0.14001
G1 X129.218 Y105.778 E0.63766
G1 X129.218 Y114.218 E0.14001
G0 F18000 X129.598 Y114.598
G1 F8400 X90.398 Y114.598 E0.65027
G1 X90.398 Y105.398 E0.15261
G1 X129.598 Y105.398 E0.65027
G1 X129.598 Y114.598 E0.15261
G0 F18000 X129.978 Y114.978
G1 F8400 X90.018 Y114.978 E0.66288
G1 X90.018 Y105.018 E0.16522
G1 X129.978 Y105.018 E0.66288
G1 X129.978 Y114.978 E0.16522
G0 F18000 X130.358 Y115.358
G1 F8400 X89.638 Y115.358 E0.67548
G1 X89.638 Y104.638 E0.17783
G1 X130.358 Y104.638 E0.67548
G1 X130.358 Y115.358 E0.17783
G0 F18000 X130.738 Y115.738
G1 F8400 X89.258 Y115.738 E0.68809
G1 X89.258 Y104.258 E0.19044
G1 X130.738 Y104.258 E0.68809
G1 X130.738 Y115.738 E0.19044
G0 F18000 X131.118 Y116.118
G1 F8400 X88.878 Y116.118 E0.7007
G1 X88.878 Y103.878 E0.20304
G1 X131.118 Y103.878 E0.7007
G1 X131.118 Y116.118 E0.20304
G0 F18000 X131.498 Y116.498
G1 F8400 X88.498 Y116.498 E0.71331
G1 X88.498 Y103.498 E0.21565
G1 X131.498 Y103.498 E0.71331
G1 X131.498 Y116.498 E0.21565
G0 F18000 X131.878 Y116.878
G1 F8400 X88.118 Y116.878 E0.72591
G1 X88.118 Y103.118 E0.22826
G1 X131.878 Y103.118 E0.72591
G1 X131.878 Y116.878 E0.22826
G0 F18000 X131.28 Y116.392
G1 F1800 E-3.5
;MESH:NONMESH
G0 F1200 X131.28 Y116.392 Z0.8
G0 F18000 X87.954 Y102.954
G0 X87.954 Y101.51
G0 X79.441 Y68.023
G0 X79.298 Y66.583
G0 X78.53 Y66.024
G0 X78.52 Y65.702
;TIME_ELAPSED:188.515799
;LAYER:5
;TYPE:WALL-INNER
;MESH:01_Prime_Insulator.STL
G1 F1800 E3.52079
G1 F3000 X78.277 Y65.706 E0.00319
G1 X78.007 Y65.701 E0.00354
G1 X77.771 Y65.692 E0.0031
G1 X77.541 Y65.678 E0.00302
G1 X77.127 Y65.643 E0.00545
G1 X76.887 Y65.615 E0.00317
G1 X76.208 Y65.499 E0.00903
G1 X75.945 Y65.443 E0.00353
G1 X75.546 Y65.347 E0.00538
G1 X75.268 Y65.264 E0.0038
G1 X74.863 Y65.137 E0.00557
G1 X74.434 Y64.982 E0.00598
G1 X74.2 Y64.889 E0.0033
G1 X73.789 Y64.707 E0.00589
G1 X73.578 Y64.605 E0.00307
G1 X73.176 Y64.393 E0.00596
G1 X72.939 Y64.258 E0.00358
G1 X72.526 Y64.005 E0.00635
G1 X72.37 Y63.906 E0.00242
G1 X71.82 Y63.513 E0.00886
G1 X71.627 Y63.359 E0.00324
G1 X71.272 Y63.058 E0.0061
G1 X70.93 Y62.745 E0.00608
G1 X70.61 Y62.421 E0.00597
G1 X70.449 Y62.25 E0.00308
G1 X70.284 Y62.065 E0.00325
G1 X70.145 Y61.9 E0.00283
G1 X69.861 Y61.546 E0.00595
G1 X69.592 Y61.18 E0.00596
G1 X69.45 Y60.977 E0.00325
G1 X69.221 Y60.615 E0.00562
G1 X68.976 Y60.195 E0.00638
G1 X68.86 Y59.975 E0.00326
G1 X68.663 Y59.575 E0.00585
G1 X68.56 Y59.353 E0.00321
G1 X68.384 Y58.923 E0.00609
G1 X68.229 Y58.495 E0.00597
G1 X68.089 Y58.05 E0.00612
G1 X67.968 Y57.591 E0.00622
G1 X67.917 Y57.37 E0.00297
G1 X67.824 Y56.909 E0.00617
G1 X67.759 Y56.473 E0.00578
G1 X67.727 Y56.231 E0.0032
G1 X67.69 Y55.772 E0.00604
G1 X67.678 Y55.54 E0.00305
G1 X67.666 Y55.04 E0.00656
G1 X67.68 Y54.564 E0.00624
G1 X67.694 Y54.337 E0.00298
G1 X67.73 Y53.914 E0.00557
G1 X67.758 Y53.698 E0.00286
G1 X67.794 Y53.458 E0.00318
G1 X67.88 Y52.971 E0.00648
G1 X67.971 Y52.567 E0.00543
G1 X68.079 Y52.153 E0.00561
G1 X68.235 Y51.659 E0.00679
G1 X68.393 Y51.221 E0.00611
G1 X68.566 Y50.804 E0.00592
G1 X68.683 Y50.554 E0.00362
G1 X68.895 Y50.128 E0.00624
G1 X68.981 Y49.963 E0.00244
G1 X69.21 Y49.572 E0.00594
G1 X69.338 Y49.367 E0.00317
G1 X69.623 Y48.946 E0.00667
G1 X69.729 Y48.795 E0.00242
G1 X70.01 Y48.427 E0.00607
G1 X70.176 Y48.229 E0.00339
G1 X70.33 Y48.052 E0.00308
G1 X70.463 Y47.907 E0.00258
G1 X70.79 Y47.563 E0.00622
G1 X71.152 Y47.219 E0.00655
G1 X71.292 Y47.096 E0.00244
G1 X71.641 Y46.802 E0.00598
G1 X72.006 Y46.52 E0.00605
G1 X72.204 Y46.377 E0.0032
G1 X72.592 Y46.12 E0.0061
G1 X72.991 Y45.879 E0.00611
G1 X73.399 Y45.656 E0.0061
G1 X73.79 Y45.464 E0.00571
G1 X74.221 Y45.274 E0.00618
G1 X74.66 Y45.1 E0.00619
G1 X75.099 Y44.954 E0.00607
G1 X75.538 Y44.826 E0.006
G1 X75.996 Y44.712 E0.00619
G1 X76.229 Y44.666 E0.00311
G1 X76.676 Y44.588 E0.00595
G1 X76.912 Y44.553 E0.00313
G1 X77.371 Y44.503 E0.00605
G1 X77.83 Y44.474 E0.00603
G1 X78.068 Y44.466 E0.00312
G1 X78.577 Y44.467 E0.00667
G1 X79.034 Y44.491 E0.006
G1 X79.283 Y44.509 E0.00327
G1 X79.679 Y44.556 E0.00523
G1 X80.144 Y44.627 E0.00617
G1 X80.592 Y44.714 E0.00598
G1 X81.094 Y44.839 E0.00678
G1 X81.512 Y44.963 E0.00572
G1 X81.92 Y45.105 E0.00566
G1 X82.136 Y45.186 E0.00302
G1 X82.732 Y45.436 E0.00847
G1 X83.196 Y45.664 E0.00678
G1 X83.609 Y45.893 E0.00619
G1 X83.99 Y46.124 E0.00584
G1 X84.2 Y46.26 E0.00328
G1 X84.581 Y46.528 E0.00611
G1 X84.952 Y46.815 E0.00615
G1 X85.461 Y47.249 E0.00877
G1 X85.805 Y47.582 E0.00628
G1 X85.974 Y47.755 E0.00317
G1 X86.12 Y47.91 E0.00279
G1 X86.278 Y48.088 E0.00312
G1 X86.431 Y48.269 E0.00311
G1 X86.718 Y48.625 E0.006
G1 X87.046 Y49.079 E0.00734
G1 X87.25 Y49.384 E0.00481
G1 X87.372 Y49.584 E0.00307
G1 X87.603 Y49.978 E0.00599
G1 X87.945 Y50.659 E0.00999
G1 X87.958 Y50.696 E0.00051
G1 X88.005 Y50.794 E0.00143
G1 X88.193 Y51.247 E0.00643
G1 X88.346 Y51.675 E0.00596
G1 X88.418 Y51.897 E0.00306
G1 X88.502 Y52.177 E0.00383
G1 X88.609 Y52.583 E0.00551
G1 X88.704 Y53.009 E0.00572
G1 X88.784 Y53.468 E0.00611
G1 X88.822 Y53.719 E0.00333
G1 X88.848 Y53.937 E0.00288
G1 X88.885 Y54.377 E0.00579
G1 X88.898 Y54.623 E0.00323
G1 X88.906 Y54.864 E0.00316
G1 X88.906 Y55.325 E0.00605
G1 X88.898 Y55.551 E0.00297
G1 X88.882 Y55.834 E0.00372
G1 X88.863 Y56.062 E0.003
G1 X88.818 Y56.472 E0.00541
G1 X88.748 Y56.938 E0.00618
G1 X88.645 Y57.432 E0.00662
G1 X88.55 Y57.823 E0.00528
G1 X88.47 Y58.098 E0.00376
G1 X88.341 Y58.509 E0.00565
G1 X88.19 Y58.931 E0.00588
G1 X88.006 Y59.371 E0.00625
G1 X87.908 Y59.583 E0.00306
G1 X87.709 Y59.991 E0.00595
G1 X87.598 Y60.201 E0.00311
G1 X87.34 Y60.64 E0.00668
G1 X87.111 Y61 E0.00559
G1 X86.717 Y61.553 E0.0089
G1 X86.424 Y61.909 E0.00605
G1 X86.278 Y62.08 E0.00295
G1 X85.965 Y62.428 E0.00614
G1 X85.795 Y62.601 E0.00318
G1 X85.62 Y62.769 E0.00318
G1 X85.283 Y63.077 E0.00599
G1 X84.937 Y63.366 E0.00591
G1 X84.753 Y63.509 E0.00306
G1 X84.367 Y63.795 E0.0063
G1 X84.033 Y64.017 E0.00526
G1 X83.801 Y64.161 E0.00358
G1 X83.396 Y64.396 E0.00614
G1 X82.991 Y64.611 E0.00601
G1 X82.565 Y64.807 E0.00615
G1 X82.367 Y64.893 E0.00283
G1 X81.92 Y65.067 E0.00629
G1 X81.692 Y65.144 E0.00316
G1 X81.259 Y65.28 E0.00595
G1 X80.8 Y65.405 E0.00624
G1 X80.347 Y65.502 E0.00607
G1 X79.9 Y65.581 E0.00595
G1 X79.674 Y65.614 E0.00299
G1 X79.431 Y65.645 E0.00321
G1 X78.976 Y65.682 E0.00599
G1 X78.52 Y65.702 E0.00599
G0 F18000 X78.53 Y66.024
G0 X80.435 Y65.74
G0 X82.734 Y65.147
G1 F3000 X82.524 Y65.237 E0.003
G1 F3015.9 X82.062 Y65.417 E0.00647
G1 F2992.1 X81.614 Y65.568 E0.00622
G1 F2961 X81.364 Y65.647 E0.00348
G1 F2976.5 X81.155 Y65.705 E0.00287
G1 F2992.1 X80.914 Y65.767 E0.00327
G1 X80.669 Y65.823 E0.0033
G1 F2968.8 X80.191 Y65.918 E0.00646
G1 F2961 X79.981 Y65.953 E0.00283
G1 F2976.5 X79.737 Y65.989 E0.00326
G1 F3000 X79.506 Y66.018 E0.00305
G1 F3007.9 X79.021 Y66.059 E0.00637
G1 F2984.3 X78.776 Y66.073 E0.00323
G1 X78.543 Y66.082 E0.00307
G1 F3000 X78.271 Y66.086 E0.00357
G1 X78.051 Y66.083 E0.00289
G1 X77.58 Y66.061 E0.00618
G1 F3007.9 X77.115 Y66.022 E0.0061
G1 F3023.9 X76.851 Y65.991 E0.00346
G1 F3000 X76.322 Y65.907 E0.00702
G1 F2976.5 X76.131 Y65.871 E0.00257
G1 F3000 X75.919 Y65.826 E0.00284
G1 F3015.9 X75.425 Y65.706 E0.00663
G1 F3007.9 X75.207 Y65.643 E0.00297
G1 X74.748 Y65.498 E0.0063
G1 F3023.9 X74.323 Y65.344 E0.00588
G1 F3031.9 X74.105 Y65.259 E0.00304
G1 F3023.9 X73.651 Y65.059 E0.00645
G1 F3015.9 X73.402 Y64.94 E0.0036
G1 F3000 X73.155 Y64.813 E0.00364
G1 F2992.1 X72.798 Y64.616 E0.00536
G1 X72.324 Y64.327 E0.0073
G1 F3000 X72.197 Y64.245 E0.00198
G1 X71.929 Y64.06 E0.00427
G1 F3015.9 X71.611 Y63.826 E0.00515
G1 F3040 X71.408 Y63.668 E0.00333
G1 F3015.9 X71.042 Y63.361 E0.00623
G1 F3007.9 X70.696 Y63.045 E0.00613
G1 F3000 X70.509 Y62.86 E0.00345
G1 F2992.1 X70.187 Y62.526 E0.0061
G1 X70.032 Y62.354 E0.00304
G1 F2976.5 X69.88 Y62.177 E0.00308
G1 F2984.3 X69.581 Y61.805 E0.00629
G1 F2968.8 X69.415 Y61.587 E0.00363
G1 X69.137 Y61.192 E0.0064
G1 F2992.1 X69.014 Y60.999 E0.00301
G1 X68.766 Y60.592 E0.00627
G1 F3007.9 X68.659 Y60.403 E0.00284
G1 X68.533 Y60.168 E0.00349
G1 F2992.1 X68.326 Y59.751 E0.00612
G1 X68.224 Y59.53 E0.0032
G1 F3000 X68.042 Y59.09 E0.00624
G1 X67.873 Y58.626 E0.00648
G1 F2992.1 X67.732 Y58.179 E0.00616
G1 F2984.3 X67.658 Y57.915 E0.00361
G1 F2976.5 X67.55 Y57.474 E0.006
G1 F2992.1 X67.458 Y57.013 E0.00618
G1 F3000 X67.409 Y56.709 E0.00404
G1 F2992.1 X67.355 Y56.308 E0.00532
G1 F3000 X67.313 Y55.817 E0.00646
G1 X67.299 Y55.577 E0.00315
G1 X67.286 Y55.067 E0.00669
G1 X67.299 Y54.613 E0.00596
G1 X67.311 Y54.376 E0.00311
G1 F3007.9 X67.352 Y53.887 E0.00642
G1 F3000 X67.414 Y53.429 E0.00606
G1 F2976.5 X67.464 Y53.126 E0.00406
G1 X67.5 Y52.931 E0.00262
G1 F2984.3 X67.599 Y52.488 E0.00598
G1 F2992.1 X67.717 Y52.04 E0.00609
G1 F3007.9 X67.866 Y51.568 E0.00647
G1 F2992.1 X67.952 Y51.317 E0.00349
G1 F2984.3 X68.037 Y51.09 E0.0032
G1 F3007.9 X68.222 Y50.646 E0.00629
G1 F3015.9 X68.319 Y50.438 E0.00299
G1 F3007.9 X68.533 Y50.001 E0.00636
G1 X68.634 Y49.81 E0.00283
G1 X68.789 Y49.537 E0.00411
G1 F2984.3 X69.048 Y49.115 E0.00653
G1 X69.27 Y48.785 E0.00524
G1 F3007.9 X69.406 Y48.597 E0.00303
G1 F3015.9 X69.692 Y48.218 E0.00619
G1 X69.868 Y48.006 E0.00359
G1 F3000 X70.169 Y47.664 E0.00597
G1 F2976.5 X70.34 Y47.482 E0.0033
G1 F2992.1 X70.496 Y47.322 E0.00294
G1 F3007.9 X70.886 Y46.948 E0.00707
G1 F2992.1 X71.032 Y46.818 E0.00257
G1 F2984.3 X71.379 Y46.525 E0.00599
G1 F3000 X71.764 Y46.229 E0.00637
G1 F3015.9 X71.962 Y46.085 E0.00319
G1 F3000 X72.176 Y45.939 E0.0034
G1 F2992.1 X72.378 Y45.807 E0.00317
G1 F3000 X72.771 Y45.568 E0.00603
G1 F2992.1 X73.196 Y45.334 E0.00638
G1 X73.623 Y45.124 E0.00626
G1 F3000 X74.081 Y44.921 E0.00657
G1 F3015.9 X74.493 Y44.759 E0.00577
G1 F3007.9 X74.749 Y44.668 E0.00355
G1 F2992.1 X75.253 Y44.511 E0.00694
G1 F2976.5 X75.617 Y44.413 E0.00498
G1 F2992.1 X75.878 Y44.352 E0.00352
G1 F3023.9 X76.142 Y44.297 E0.00351
G1 F2992.1 X76.378 Y44.253 E0.00316
G1 X76.837 Y44.181 E0.00611
G1 F3007.9 X77.339 Y44.125 E0.00661
G1 F2992.1 X77.567 Y44.109 E0.003
G1 X78.054 Y44.086 E0.00641
G1 F3007.9 X78.508 Y44.087 E0.00594
G1 X78.763 Y44.095 E0.00334
G1 F3000 X79.059 Y44.112 E0.00389
G1 F3015.9 X79.298 Y44.131 E0.00313
G1 F3040 X79.702 Y44.178 E0.00526
G1 F3023.9 X80.18 Y44.249 E0.00629
G1 F3015.9 X80.674 Y44.345 E0.00656
G1 X80.96 Y44.414 E0.00384
G1 F2992.1 X81.375 Y44.526 E0.00565
G1 F3007.9 X81.608 Y44.597 E0.00319
G1 X82.032 Y44.742 E0.00586
G1 F2992.1 X82.256 Y44.826 E0.00315
G1 F3015.9 X82.496 Y44.923 E0.00338
G1 F3031.9 X82.898 Y45.097 E0.00568
G1 F3015.9 X83.205 Y45.245 E0.00445
G1 F3023.9 X83.361 Y45.324 E0.00227
G1 F3040 X83.77 Y45.549 E0.00604
G1 F3007.9 X83.996 Y45.683 E0.00344
G1 F3000 X84.241 Y45.835 E0.00378
G1 F3031.9 X84.416 Y45.951 E0.00272
G1 F3023.9 X84.777 Y46.202 E0.00572
G1 F3015.9 X85.186 Y46.517 E0.00673
G1 X85.529 Y46.805 E0.00584
G1 F3007.9 X85.718 Y46.971 E0.00329
G1 X86.055 Y47.295 E0.00611
G1 F3000 X86.208 Y47.451 E0.00287
G1 X86.404 Y47.659 E0.00375
G1 F2992.1 X86.71 Y48.009 E0.00611
G1 F3000 X86.996 Y48.365 E0.00599
G1 X87.157 Y48.582 E0.00354
G1 F2976.5 X87.436 Y48.977 E0.00639
G1 F2984.3 X87.555 Y49.157 E0.00284
G1 F2992.1 X87.689 Y49.373 E0.00334
G1 F2976.5 X87.794 Y49.55 E0.00272
G1 F3000 X87.918 Y49.769 E0.0033
G1 X88.044 Y50.004 E0.0035
G1 F2984.3 X88.248 Y50.415 E0.00605
G1 F3015.9 X88.35 Y50.64 E0.00322
G1 X88.522 Y51.048 E0.00578
G1 F2992.1 X88.698 Y51.531 E0.00676
G1 F2976.5 X88.86 Y52.043 E0.0071
G1 X88.913 Y52.236 E0.00265
G1 X88.973 Y52.473 E0.00323
G1 F2984.3 X89.071 Y52.913 E0.00594
G1 F2992.1 X89.119 Y53.17 E0.00344
G1 F2984.3 X89.158 Y53.4 E0.00308
G1 F2992.1 X89.194 Y53.645 E0.00326
G1 F3000 X89.222 Y53.869 E0.00296
G1 X89.263 Y54.347 E0.00629
G1 F2984.3 X89.277 Y54.592 E0.00323
G1 X89.286 Y54.829 E0.00313
G1 F3000 X89.286 Y55.304 E0.00623
G1 F3007.9 X89.265 Y55.795 E0.00643
G1 X89.245 Y56.064 E0.00353
G1 X89.193 Y56.522 E0.00603
G1 X89.125 Y56.986 E0.00613
G1 F3000 X89.014 Y57.519 E0.00714
G1 F3015.9 X88.917 Y57.914 E0.00531
G1 F3007.9 X88.834 Y58.211 E0.00403
G1 F2992.1 X88.711 Y58.598 E0.00534
G1 F3015.9 X88.544 Y59.065 E0.00647
G1 F3023.9 X88.364 Y59.496 E0.00608
G1 F3007.9 X88.259 Y59.729 E0.00334
G1 X88.057 Y60.142 E0.00601
G1 X87.935 Y60.372 E0.0034
G1 F3000 X87.682 Y60.809 E0.00662
G1 F3007.9 X87.446 Y61.179 E0.00574
G1 F3015.9 X87.289 Y61.405 E0.00359
G1 F3023.9 X87.016 Y61.783 E0.00607
G1 F3007.9 X86.723 Y62.144 E0.00608
G1 F2992.1 X86.582 Y62.31 E0.00286
G1 F3015.9 X86.261 Y62.665 E0.00624
G1 F3031.9 X86.075 Y62.855 E0.00345
G1 F3015.9 X85.91 Y63.016 E0.00301
G1 F2992.1 X85.558 Y63.341 E0.0063
G1 X85.175 Y63.662 E0.00657
G1 X84.793 Y63.954 E0.00632
G1 F3007.9 X84.601 Y64.093 E0.0031
G1 F3023.9 X84.256 Y64.324 E0.0054
G1 F3000 X84.021 Y64.473 E0.00365
G1 X83.605 Y64.713 E0.0063
G1 F2992.1 X83.387 Y64.832 E0.00327
G1 F3007.9 X83.189 Y64.933 E0.00291
G1 F3023.9 X82.734 Y65.147 E0.00654
G0 F18000 X80.849 Y65.642
G0 X78.545 Y66.142
G0 X78.554 Y66.462
G1 F3000 X78.799 Y66.454 E0.00321
G1 X79.278 Y66.42 E0.0063
G1 X79.549 Y66.394 E0.00357
G1 X79.791 Y66.366 E0.00319
G1 X80.04 Y66.33 E0.0033
G1 X80.266 Y66.293 E0.003
G1 X80.755 Y66.193 E0.00654
G1 X80.989 Y66.14 E0.00315
G1 X81.499 Y66.005 E0.00692
G1 X81.738 Y65.93 E0.00328
G1 X82.196 Y65.77 E0.00636
G1 X82.634 Y65.603 E0.00615
G1 X82.892 Y65.492 E0.00368
G1 X83.096 Y65.399 E0.00294
G1 X83.573 Y65.165 E0.00697
G1 X84.224 Y64.795 E0.00982
G1 X84.606 Y64.547 E0.00597
G1 X85.022 Y64.258 E0.00664
G1 X85.229 Y64.102 E0.0034
G1 X85.419 Y63.953 E0.00317
G1 X85.601 Y63.799 E0.00313
G1 X85.649 Y63.765 E0.00077
G1 X85.815 Y63.622 E0.00287
G1 X86.154 Y63.308 E0.00606
G1 X86.536 Y62.923 E0.00711
G1 X86.832 Y62.603 E0.00572
G1 X87.017 Y62.385 E0.00375
G1 X87.165 Y62.203 E0.00308
G1 X87.336 Y61.985 E0.00363
G1 X87.599 Y61.622 E0.00588
G1 X87.761 Y61.389 E0.00372
G1 X88.009 Y61.002 E0.00603
G1 X88.251 Y60.585 E0.00632
G1 X88.357 Y60.39 E0.00291
G1 X88.604 Y59.887 E0.00735
G1 X88.68 Y59.722 E0.00238
G1 X88.869 Y59.273 E0.00639
G1 X88.981 Y58.975 E0.00417
G1 X89.072 Y58.714 E0.00362
G1 X89.215 Y58.261 E0.00623
G1 X89.254 Y58.126 E0.00184
G1 X89.385 Y57.598 E0.00713
G1 X89.489 Y57.109 E0.00656
G1 X89.521 Y56.923 E0.00247
G1 X89.594 Y56.375 E0.00725
G1 X89.62 Y56.133 E0.00319
G1 X89.654 Y55.639 E0.00649
G1 X89.666 Y55.304 E0.0044
G1 X89.666 Y54.818 E0.00637
G1 X89.658 Y54.569 E0.00327
G1 X89.624 Y54.086 E0.00635
G1 X89.599 Y53.823 E0.00346
G1 X89.543 Y53.397 E0.00563
G1 X89.493 Y53.101 E0.00394
G1 X89.398 Y52.619 E0.00644
G1 X89.329 Y52.325 E0.00396
G1 X89.22 Y51.912 E0.0056
G1 X89.217 Y51.911 E0.00004
G1 X89.056 Y51.402 E0.007
G1 X88.872 Y50.9 E0.00701
G1 X88.589 Y50.248 E0.00932
G1 X88.378 Y49.82 E0.00626
G1 X88.121 Y49.353 E0.00699
G1 X87.873 Y48.95 E0.0062
G1 X87.748 Y48.759 E0.00299
G1 X87.461 Y48.354 E0.00651
G1 X87.159 Y47.957 E0.00654
G1 X86.999 Y47.762 E0.00331
G1 X86.841 Y47.577 E0.00319
G1 X86.656 Y47.373 E0.00361
G1 X86.479 Y47.185 E0.00339
G1 X86.321 Y47.024 E0.00296
G1 X86.154 Y46.862 E0.00305
G1 X85.821 Y46.555 E0.00594
G1 X85.601 Y46.369 E0.00378
G1 X85.209 Y46.051 E0.00662
G1 X84.996 Y45.892 E0.00349
G1 X84.814 Y45.764 E0.00292
G1 X84.444 Y45.516 E0.00584
G1 X84.186 Y45.353 E0.004
G1 X83.81 Y45.137 E0.00569
G1 X83.369 Y44.903 E0.00655
G1 X83.096 Y44.772 E0.00397
G1 X82.482 Y44.506 E0.00877
G1 X82.158 Y44.383 E0.00454
G1 X81.766 Y44.25 E0.00543
G1 X81.473 Y44.158 E0.00403
G1 X81.047 Y44.044 E0.00578
G1 X80.563 Y43.934 E0.00651
G1 X80.106 Y43.851 E0.00609
G1 X79.581 Y43.782 E0.00694
G1 X79.333 Y43.755 E0.00327
G1 X79.082 Y43.733 E0.0033
G1 X78.84 Y43.718 E0.00318
G1 X78.513 Y43.709 E0.00429
G1 X78.037 Y43.706 E0.00624
G1 X77.538 Y43.73 E0.00655
G1 X77.3 Y43.748 E0.00313
G1 X76.784 Y43.806 E0.00681
G1 X76.309 Y43.878 E0.0063
G1 X76.063 Y43.926 E0.00329
G1 X75.52 Y44.043 E0.00728
G1 X75.149 Y44.146 E0.00505
G1 X74.621 Y44.31 E0.00725
G1 X74.357 Y44.407 E0.00369
G1 X73.927 Y44.574 E0.00605
G1 X73.461 Y44.782 E0.00669
G1 X73.251 Y44.882 E0.00305
G1 X73.018 Y44.999 E0.00342
G1 X72.812 Y45.11 E0.00307
G1 X72.579 Y45.241 E0.00351
G1 X72.381 Y45.358 E0.00302
G1 X72.175 Y45.487 E0.00319
G1 X72.162 Y45.498 E0.00022
G1 X71.959 Y45.627 E0.00315
G1 X71.742 Y45.778 E0.00347
G1 X71.357 Y46.058 E0.00624
G1 X71.135 Y46.234 E0.00371
G1 X70.775 Y46.537 E0.00617
G1 X70.435 Y46.852 E0.00608
G1 X70.062 Y47.221 E0.00688
G1 X69.883 Y47.413 E0.00344
G1 X69.57 Y47.775 E0.00628
G1 X69.395 Y47.983 E0.00356
G1 X69.255 Y48.163 E0.00299
G1 X68.855 Y48.716 E0.00895
G1 X68.723 Y48.917 E0.00315
G1 X68.459 Y49.349 E0.00664
G1 X68.219 Y49.782 E0.00649
G1 X68.111 Y49.998 E0.00317
G1 X67.893 Y50.453 E0.00662
G1 X67.792 Y50.687 E0.00334
G1 X67.59 Y51.197 E0.00719
G1 X67.509 Y51.436 E0.00331
G1 X67.352 Y51.936 E0.00687
G1 X67.291 Y52.16 E0.00304
G1 X67.23 Y52.4 E0.00325
G1 X67.128 Y52.856 E0.00613
G1 X67.088 Y53.059 E0.00271
G1 X67.056 Y53.247 E0.0025
G1 X66.982 Y53.793 E0.00723
G1 X66.956 Y54.038 E0.00323
G1 X66.933 Y54.353 E0.00414
G1 X66.92 Y54.602 E0.00327
G1 X66.906 Y55.071 E0.00615
G1 X66.917 Y55.571 E0.00656
G1 X66.952 Y56.078 E0.00666
G1 X66.978 Y56.354 E0.00364
G1 X67.033 Y56.771 E0.00552
G1 X67.086 Y57.083 E0.00415
G1 X67.179 Y57.56 E0.00637
G1 X67.247 Y57.847 E0.00387
G1 X67.359 Y58.257 E0.00557
G1 X67.514 Y58.749 E0.00676
G1 X67.595 Y58.979 E0.0032
G1 X67.691 Y59.233 E0.00356
G1 X67.872 Y59.673 E0.00624
G1 X67.986 Y59.92 E0.00357
G1 X68.199 Y60.346 E0.00625
G1 X68.441 Y60.789 E0.00662
G1 X68.694 Y61.205 E0.00638
G1 X68.843 Y61.433 E0.00357
G1 X69.112 Y61.821 E0.00619
G1 X69.417 Y62.212 E0.0065
G1 X69.564 Y62.39 E0.00303
G1 X69.575 Y62.407 E0.00027
G1 X69.75 Y62.609 E0.0035
G1 X69.91 Y62.785 E0.00312
G1 X70.082 Y62.967 E0.00328
G1 X70.243 Y63.131 E0.00301
G1 X70.574 Y63.452 E0.00605
G1 X70.794 Y63.648 E0.00386
G1 X70.978 Y63.806 E0.00318
G1 X71.177 Y63.967 E0.00336
G1 X71.571 Y64.269 E0.00651
G1 X71.714 Y64.373 E0.00232
G1 X72.125 Y64.651 E0.00651
G1 X72.551 Y64.912 E0.00655
G1 X72.985 Y65.153 E0.00651
G1 X73.238 Y65.281 E0.00372
G1 X73.654 Y65.477 E0.00603
G1 X73.941 Y65.601 E0.0041
G1 X74.422 Y65.785 E0.00675
G1 X74.799 Y65.915 E0.00523
G1 X75.105 Y66.009 E0.0042
G1 X75.368 Y66.081 E0.00358
G1 X75.824 Y66.193 E0.00616
G1 X76.26 Y66.283 E0.00584
G1 X76.8 Y66.364 E0.00716
G1 X77.242 Y66.416 E0.00584
G1 X77.8 Y66.454 E0.00733
G1 X77.987 Y66.462 E0.00245
G1 X78.275 Y66.466 E0.00378
G1 X78.554 Y66.462 E0.00366
G0 F18000 X78.545 Y66.142
G0 X82.516 Y65.308
G0 X82.782 Y65.953
;TYPE:WALL-OUTER
G1 F1500 X82.332 Y66.125 E0.00632
G1 X81.861 Y66.289 E0.00654
G1 X81.613 Y66.367 E0.00341
G1 X81.352 Y66.439 E0.00355
G1 X81.075 Y66.51 E0.00375
G1 X80.841 Y66.563 E0.00315
G1 X80.308 Y66.672 E0.00713
G1 X79.845 Y66.742 E0.00614
G1 X79.593 Y66.772 E0.00333
G1 X79.312 Y66.798 E0.0037
G1 X78.822 Y66.833 E0.00644
G1 X78.566 Y66.842 E0.00336
G1 X78.279 Y66.846 E0.00376
G1 X77.981 Y66.842 E0.00391
G1 X77.716 Y66.83 E0.00348
G1 X77.212 Y66.795 E0.00662
G1 X77.033 Y66.776 E0.00236
G1 X76.748 Y66.74 E0.00377
G1 X76.198 Y66.658 E0.00729
G1 X75.938 Y66.606 E0.00348
G1 X75.691 Y66.552 E0.00332
G1 X75.233 Y66.44 E0.00618
G1 X74.939 Y66.357 E0.00401
G1 X74.676 Y66.275 E0.00361
G1 X74.298 Y66.145 E0.00524
G1 X73.775 Y65.945 E0.00734
G1 X73.772 Y65.941 E0.00007
G1 X73.504 Y65.826 E0.00382
G1 X73.33 Y65.746 E0.00251
G1 X72.801 Y65.487 E0.00772
G1 X72.421 Y65.275 E0.00571
G1 X71.927 Y64.975 E0.00758
G1 X71.499 Y64.686 E0.00677
G1 X71.286 Y64.532 E0.00345
G1 X70.945 Y64.268 E0.00565
G1 X70.736 Y64.099 E0.00352
G1 X70.546 Y63.936 E0.00328
G1 X70.321 Y63.735 E0.00396
G1 X70.173 Y63.595 E0.00267
G1 X69.81 Y63.233 E0.00672
G1 X69.632 Y63.044 E0.0034
G1 X69.468 Y62.864 E0.00319
G1 X69.271 Y62.636 E0.00395
G1 X69.269 Y62.63 E0.00008
G1 X69.123 Y62.453 E0.00301
G1 X68.801 Y62.039 E0.00688
G1 X68.53 Y61.649 E0.00623
G1 X68.375 Y61.411 E0.00372
G1 X68.116 Y60.986 E0.00653
G1 X67.857 Y60.513 E0.00707
G1 X67.646 Y60.09 E0.0062
G1 X67.526 Y59.829 E0.00377
G1 X67.339 Y59.377 E0.00641
G1 X67.239 Y59.113 E0.0037
G1 X67.161 Y58.89 E0.0031
G1 X67.003 Y58.389 E0.00689
G1 X66.999 Y58.387 E0.00006
G1 X66.879 Y57.944 E0.00602
G1 X66.809 Y57.646 E0.00401
G1 X66.712 Y57.154 E0.00658
G1 X66.654 Y56.809 E0.00459
G1 X66.601 Y56.4 E0.00541
G1 X66.555 Y55.873 E0.00694
G1 X66.537 Y55.583 E0.00381
G1 X66.526 Y55.075 E0.00666
G1 X66.54 Y54.573 E0.00659
G1 X66.577 Y54.008 E0.00742
G1 X66.604 Y53.752 E0.00338
G1 X66.679 Y53.196 E0.00736
G1 X66.714 Y52.993 E0.0027
G1 X66.756 Y52.78 E0.00285
G1 X66.821 Y52.485 E0.00396
G1 X66.942 Y51.992 E0.00666
G1 X67.012 Y51.746 E0.00335
G1 X67.235 Y51.057 E0.0095
G1 X67.45 Y50.517 E0.00762
G1 X67.454 Y50.514 E0.00007
G1 X67.544 Y50.304 E0.003
G1 X67.769 Y49.832 E0.00686
G1 X67.854 Y49.661 E0.0025
G1 X67.968 Y49.447 E0.00318
G1 X68.129 Y49.161 E0.0043
G1 X68.399 Y48.72 E0.00678
G1 X68.545 Y48.496 E0.00351
G1 X68.956 Y47.927 E0.0092
G1 X69.097 Y47.747 E0.003
G1 X69.279 Y47.53 E0.00371
G1 X69.617 Y47.14 E0.00677
G1 X69.785 Y46.961 E0.00322
G1 X70.169 Y46.58 E0.00709
G1 X70.519 Y46.257 E0.00625
G1 X70.891 Y45.943 E0.00638
G1 X71.119 Y45.762 E0.00382
G1 X71.543 Y45.453 E0.00688
G1 X71.742 Y45.315 E0.00318
G1 X72.177 Y45.037 E0.00677
G1 X72.387 Y44.913 E0.0032
G1 X72.626 Y44.778 E0.0036
G1 X72.84 Y44.664 E0.00318
G1 X73.081 Y44.542 E0.00354
G1 X73.263 Y44.456 E0.00264
G1 X73.773 Y44.227 E0.00733
G1 X74.259 Y44.037 E0.00684
G1 X74.505 Y43.948 E0.00343
G1 X74.963 Y43.804 E0.0063
G1 X75.423 Y43.676 E0.00626
G1 X76.008 Y43.548 E0.00785
G1 X76.261 Y43.501 E0.00337
G1 X76.731 Y43.43 E0.00623
G1 X77.26 Y43.37 E0.00698
G1 X77.509 Y43.351 E0.00327
G1 X78.02 Y43.326 E0.00671
G1 X78.519 Y43.329 E0.00654
G1 X78.852 Y43.338 E0.00437
G1 X79.106 Y43.354 E0.00334
G1 X79.369 Y43.377 E0.00346
G1 X79.622 Y43.404 E0.00334
G1 X80.174 Y43.476 E0.0073
G1 X80.633 Y43.56 E0.00612
G1 X81.134 Y43.674 E0.00674
G1 X81.587 Y43.795 E0.00615
G1 X81.837 Y43.875 E0.00344
G1 X82.284 Y44.025 E0.00618
G1 X82.618 Y44.152 E0.00469
G1 X83.251 Y44.425 E0.00904
G1 X83.546 Y44.566 E0.00429
G1 X83.99 Y44.802 E0.00659
G1 X84.376 Y45.024 E0.00584
G1 X84.648 Y45.195 E0.00421
G1 X85.026 Y45.449 E0.00597
G1 X85.215 Y45.582 E0.00303
G1 X85.437 Y45.747 E0.00363
G1 X85.843 Y46.076 E0.00685
G1 X86.02 Y46.225 E0.00303
G1 X86.204 Y46.389 E0.00323
G1 X86.414 Y46.585 E0.00377
G1 X86.587 Y46.753 E0.00316
G1 X86.791 Y46.96 E0.00381
G1 X86.79 Y46.963 E0.00004
G1 X86.931 Y47.111 E0.00268
G1 X87.124 Y47.324 E0.00377
G1 X87.287 Y47.514 E0.00328
G1 X87.453 Y47.715 E0.00342
G1 X87.765 Y48.126 E0.00677
G1 X87.919 Y48.339 E0.00345
G1 X88.06 Y48.542 E0.00324
G1 X88.191 Y48.742 E0.00314
G1 X88.447 Y49.157 E0.00639
G1 X88.71 Y49.636 E0.00717
G1 X88.93 Y50.081 E0.00651
G1 X89.222 Y50.752 E0.0096
G1 X89.414 Y51.274 E0.00729
G1 X89.573 Y51.779 E0.00694
G1 X89.578 Y51.781 E0.00007
G1 X89.697 Y52.23 E0.00609
G1 X89.768 Y52.533 E0.00408
G1 X89.867 Y53.031 E0.00666
G1 X89.918 Y53.334 E0.00403
G1 X89.976 Y53.777 E0.00586
G1 X90.002 Y54.051 E0.00361
G1 X90.037 Y54.546 E0.00651
G1 X90.046 Y54.806 E0.00341
G1 X90.046 Y55.304 E0.00653
G1 X90.034 Y55.653 E0.00458
G1 X89.999 Y56.162 E0.00669
G1 X89.972 Y56.417 E0.00336
G1 X89.896 Y56.987 E0.00754
G1 X89.863 Y57.174 E0.00249
G1 X89.757 Y57.678 E0.00675
G1 X89.623 Y58.218 E0.0073
G1 X89.58 Y58.367 E0.00203
G1 X89.434 Y58.83 E0.00637
G1 X89.34 Y59.101 E0.00376
G1 X89.224 Y59.409 E0.00432
G1 X89.03 Y59.87 E0.00656
G1 X88.95 Y60.045 E0.00252
G1 X88.697 Y60.56 E0.00752
G1 X88.585 Y60.767 E0.00309
G1 X88.336 Y61.195 E0.00649
G1 X88.077 Y61.6 E0.0063
G1 X87.911 Y61.84 E0.00383
G1 X87.62 Y62.241 E0.0065
G1 X87.31 Y62.627 E0.00649
G1 X87.159 Y62.804 E0.00305
G1 X86.964 Y63.023 E0.00385
G1 X86.813 Y63.183 E0.00288
G1 X86.616 Y63.385 E0.0037
G1 X86.42 Y63.58 E0.00363
G1 X86.071 Y63.902 E0.00623
G1 X85.866 Y64.079 E0.00355
G1 X85.86 Y64.079 E0.00008
G1 X85.663 Y64.244 E0.00337
G1 X85.463 Y64.401 E0.00333
G1 X85.25 Y64.562 E0.0035
G1 X84.82 Y64.861 E0.00687
G1 X84.426 Y65.117 E0.00616
G1 X84.147 Y65.278 E0.00422
G1 X83.739 Y65.507 E0.00614
G1 X83.263 Y65.74 E0.00695
G1 X83.05 Y65.838 E0.00307
G1 X82.782 Y65.953 E0.00382
G0 F18000 X82.965 Y65.875
G0 X82.688 Y65.234
G0 X85.096 Y63.574
G0 X86.152 Y62.606
G0 X87.201 Y61.325
G0 X87.943 Y60.106
G0 X88.667 Y58.354
G0 X89.004 Y56.976
G0 X89.166 Y55.32
G0 X89.092 Y53.976
G0 X88.808 Y52.085
G0 X88.136 Y52.277
G1 F1500 X88.054 Y52.005 E0.00373
G1 X87.985 Y51.793 E0.00292
G1 X87.835 Y51.375 E0.00582
G1 X87.66 Y50.954 E0.00598
G1 X87.6 Y50.829 E0.00182
G1 X87.603 Y50.826 E0.00006
G1 X87.471 Y50.556 E0.00394
G1 X87.269 Y50.161 E0.00582
G1 X87.044 Y49.776 E0.00585
G1 X86.926 Y49.584 E0.00296
G1 X86.73 Y49.29 E0.00463
G1 X86.41 Y48.848 E0.00716
G1 X86.136 Y48.508 E0.00573
G1 X85.835 Y48.162 E0.00601
G1 X85.698 Y48.016 E0.00263
G1 X85.533 Y47.847 E0.0031
G1 X85.204 Y47.531 E0.00598
G1 X85.075 Y47.417 E0.00226
G1 X84.707 Y47.106 E0.00632
G1 X84.349 Y46.829 E0.00594
G1 X83.982 Y46.572 E0.00588
G1 X83.828 Y46.472 E0.00241
G1 X83.411 Y46.217 E0.00641
G1 X83.012 Y45.997 E0.00597
G1 X82.546 Y45.769 E0.0068
G1 X82.543 Y45.771 E0.00005
G1 X82.433 Y45.72 E0.00159
G1 X81.995 Y45.539 E0.00621
G1 X81.787 Y45.461 E0.00291
G1 X81.403 Y45.328 E0.00533
G1 X80.946 Y45.193 E0.00625
G1 X80.514 Y45.087 E0.00583
G1 X80.072 Y45.001 E0.0059
G1 X79.621 Y44.932 E0.00598
G1 X79.239 Y44.887 E0.00504
G1 X78.777 Y44.856 E0.00607
G1 X78.563 Y44.847 E0.00281
G1 X78.068 Y44.846 E0.00649
G1 X77.844 Y44.854 E0.00294
G1 X77.395 Y44.882 E0.0059
G1 X76.954 Y44.931 E0.00582
G1 X76.732 Y44.964 E0.00294
G1 X76.295 Y45.04 E0.00582
G1 X76.07 Y45.085 E0.00301
G1 X75.631 Y45.195 E0.00593
G1 X75.493 Y45.236 E0.00189
G1 X75.49 Y45.233 E0.00006
G1 X75.209 Y45.318 E0.00385
G1 X74.782 Y45.46 E0.0059
G1 X74.361 Y45.627 E0.00594
G1 X73.944 Y45.812 E0.00598
G1 X73.567 Y45.997 E0.00551
G1 X73.173 Y46.213 E0.00589
G1 X72.789 Y46.445 E0.00588
G1 X72.414 Y46.693 E0.0059
G1 X72.231 Y46.826 E0.00297
G1 X71.875 Y47.102 E0.00591
G1 X71.537 Y47.386 E0.00579
G1 X71.402 Y47.505 E0.00236
G1 X71.052 Y47.838 E0.00633
G1 X70.738 Y48.169 E0.00598
G1 X70.612 Y48.307 E0.00245
G1 X70.448 Y48.494 E0.00326
G1 X70.302 Y48.67 E0.003
G1 X70.032 Y49.025 E0.00585
G1 X69.918 Y49.188 E0.00261
G1 X69.913 Y49.19 E0.00007
G1 X69.654 Y49.578 E0.00612
G1 X69.441 Y49.926 E0.00535
G1 X69.311 Y50.153 E0.00343
G1 X69.232 Y50.304 E0.00223
G1 X69.023 Y50.723 E0.00614
G1 X68.911 Y50.964 E0.00348
G1 X68.744 Y51.367 E0.00572
G1 X68.593 Y51.787 E0.00585
G1 X68.442 Y52.267 E0.0066
G1 X68.339 Y52.661 E0.00534
G1 X68.251 Y53.054 E0.00528
G1 X68.168 Y53.523 E0.00625
G1 X68.142 Y53.721 E0.00262
G1 X68.138 Y53.732 E0.00015
G1 X68.107 Y53.963 E0.00306
G1 X68.073 Y54.369 E0.00534
G1 X68.06 Y54.585 E0.00284
G1 X68.046 Y55.047 E0.00606
G1 X68.058 Y55.53 E0.00634
G1 X68.07 Y55.751 E0.0029
G1 X68.106 Y56.2 E0.00591
G1 X68.135 Y56.422 E0.00294
G1 X68.2 Y56.853 E0.00572
G1 X68.289 Y57.294 E0.0059
G1 X68.338 Y57.504 E0.00283
G1 X68.456 Y57.95 E0.00605
G1 X68.591 Y58.379 E0.0059
G1 X68.741 Y58.793 E0.00577
G1 X68.912 Y59.209 E0.0059
G1 X69.007 Y59.413 E0.00295
G1 X69.201 Y59.808 E0.00577
G1 X69.312 Y60.017 E0.0031
G1 X69.548 Y60.421 E0.00614
G1 X69.771 Y60.774 E0.00548
G1 X69.903 Y60.962 E0.00301
G1 X70.167 Y61.321 E0.00584
G1 X70.44 Y61.66 E0.00571
G1 X70.574 Y61.819 E0.00273
G1 X70.733 Y61.998 E0.00314
G1 X70.886 Y62.159 E0.00291
G1 X71.2 Y62.478 E0.00587
G1 X71.528 Y62.777 E0.00582
G1 X71.873 Y63.069 E0.00593
G1 X72.05 Y63.209 E0.00296
G1 X72.59 Y63.596 E0.00871
G1 X73.138 Y63.934 E0.00844
G1 X73.362 Y64.062 E0.00338
G1 X73.755 Y64.269 E0.00582
G1 X73.953 Y64.364 E0.00288
G1 X74.354 Y64.542 E0.00575
G1 X74.574 Y64.629 E0.0031
G1 X74.991 Y64.779 E0.00581
G1 X75.625 Y64.974 E0.0087
G1 X76.034 Y65.074 E0.00552
G1 X76.285 Y65.127 E0.00336
G1 X76.949 Y65.24 E0.00883
G1 X77.17 Y65.265 E0.00292
G1 X77.573 Y65.299 E0.0053
G1 X77.792 Y65.312 E0.00288
G1 X78.239 Y65.326 E0.00586
G1 X78.512 Y65.322 E0.00358
G1 X78.955 Y65.302 E0.00581
G1 X79.4 Y65.266 E0.00585
G1 X79.844 Y65.205 E0.00588
G1 X80.281 Y65.128 E0.00582
G1 X80.718 Y65.034 E0.00586
G1 X80.94 Y64.976 E0.00301
G1 X81.153 Y64.915 E0.00291
G1 X81.578 Y64.782 E0.00584
G1 X81.782 Y64.712 E0.00283
G1 X82.209 Y64.547 E0.006
G1 X82.413 Y64.459 E0.00291
G1 X82.824 Y64.269 E0.00594
G1 X83.218 Y64.06 E0.00585
G1 X83.596 Y63.841 E0.00573
G1 X83.833 Y63.694 E0.00366
G1 X84.157 Y63.479 E0.0051
G1 X84.526 Y63.205 E0.00603
G1 X84.704 Y63.066 E0.00296
G1 X85.039 Y62.786 E0.00573
G1 X85.364 Y62.489 E0.00577
G1 X85.529 Y62.329 E0.00301
G1 X85.693 Y62.162 E0.00307
G1 X85.981 Y61.842 E0.00565
G1 X86.134 Y61.663 E0.00309
G1 X86.411 Y61.325 E0.00573
G1 X86.546 Y61.14 E0.003
G1 X86.8 Y60.782 E0.00576
G1 X87.019 Y60.436 E0.00537
G1 X87.25 Y60.043 E0.00598
G1 X87.373 Y59.813 E0.00342
G1 X87.567 Y59.416 E0.00579
G1 X87.661 Y59.212 E0.00295
G1 X87.832 Y58.801 E0.00584
G1 X87.983 Y58.381 E0.00585
G1 X88.107 Y57.984 E0.00545
G1 X88.179 Y57.737 E0.00337
G1 X88.275 Y57.344 E0.0053
G1 X88.37 Y56.892 E0.00606
G1 X88.44 Y56.425 E0.00619
G1 X88.485 Y56.02 E0.00534
G1 X88.503 Y55.805 E0.00283
G1 X88.516 Y55.585 E0.00289
G1 X88.526 Y55.311 E0.0036
G1 X88.526 Y54.864 E0.00586
G1 X88.518 Y54.637 E0.00298
G1 X88.506 Y54.413 E0.00294
G1 X88.47 Y53.968 E0.00585
G1 X88.445 Y53.765 E0.00268
G1 X88.372 Y53.308 E0.00607
G1 X88.331 Y53.086 E0.00296
G1 X88.238 Y52.666 E0.00564
G1 X88.136 Y52.277 E0.00527
G0 F18000 X88.186 Y52.47
G1 F1800 E-3.5
;MESH:Dielectric - Part.STL
G0 F18000 X88.866 Y52.296
G0 X88.707 Y56.226
G0 X87.853 Y61.545
G0 X88.888 Y62.596
G0 X87.954 Y101.51
G0 X87.738 Y102.738
G1 F1800 E3.52079
G1 F1500 X87.738 Y117.258 E0.1904
G1 X132.258 Y117.258 E0.58378
G1 X132.258 Y102.738 E0.1904
G1 X87.738 Y102.738 E0.58378
G0 F18000 X87.738 Y102.938
G0 X88.118 Y103.118
;TYPE:SKIN
G1 F8400 X88.118 Y116.878 E0.22826
G1 X131.878 Y116.878 E0.72591
G1 X131.878 Y103.118 E0.22826
G1 X88.118 Y103.118 E0.72591
G0 F18000 X88.41 Y103.41
G0 X131.498 Y116.498
G1 F8400 X131.498 Y103.498 E0.21565
G1 X88.498 Y103.498 E0.71331
G1 X88.498 Y116.498 E0.21565
G1 X131.498 Y116.498 E0.71331
G0 F18000 X131.118 Y116.118
G1 F8400 X131.118 Y103.878 E0.20304
G1 X88.878 Y103.878 E0.7007
G1 X88.878 Y116.118 E0.20304
G1 X131.118 Y116.118 E0.7007
G0 F18000 X89.258 Y104.258
G1 F8400 X89.258 Y115.738 E0.19044
G1 X130.738 Y115.738 E0.68809
G1 X130.738 Y104.258 E0.19044
G1 X89.258 Y104.258 E0.68809
G0 F18000 X89.638 Y104.638
G1 F8400 X89.638 Y115.358 E0.17783
G1 X130.358 Y115.358 E0.67548
G1 X130.358 Y104.638 E0.17783
G1 X89.638 Y104.638 E0.67548
G0 F18000 X90.018 Y105.018
G1 F8400 X90.018 Y114.978 E0.16522
G1 X129.978 Y114.978 E0.66288
G1 X129.978 Y105.018 E0.16522
G1 X90.018 Y105.018 E0.66288
G0 F18000 X90.398 Y105.398
G1 F8400 X90.398 Y114.598 E0.15261
G1 X129.598 Y114.598 E0.65027
G1 X129.598 Y105.398 E0.15261
G1 X90.398 Y105.398 E0.65027
G0 F18000 X90.778 Y105.778
G1 F8400 X90.778 Y114.218 E0.14001
G1 X129.218 Y114.218 E0.63766
G1 X129.218 Y105.778 E0.14001
G1 X90.778 Y105.778 E0.63766
G0 F18000 X91.158 Y106.158
G1 F8400 X91.158 Y113.838 E0.1274
G1 X128.838 Y113.838 E0.62505
G1 X128.838 Y106.158 E0.1274
G1 X91.158 Y106.158 E0.62505
G0 F18000 X91.538 Y106.538
G1 F8400 X91.538 Y113.458 E0.11479
G1 X128.458 Y113.458 E0.61245
G1 X128.458 Y106.538 E0.11479
G1 X91.538 Y106.538 E0.61245
G0 F18000 X91.918 Y106.918
G1 F8400 X91.918 Y113.078 E0.10219
G1 X128.078 Y113.078 E0.59984
G1 X128.078 Y106.918 E0.10219
G1 X91.918 Y106.918 E0.59984
G0 F18000 X92.298 Y107.298
G1 F8400 X92.298 Y112.698 E0.08958
G1 X127.698 Y112.698 E0.58723
G1 X127.698 Y107.298 E0.08958
G1 X92.298 Y107.298 E0.58723
G0 F18000 X92.678 Y107.678
G1 F8400 X92.678 Y112.318 E0.07697
G1 X127.318 Y112.318 E0.57463
G1 X127.318 Y107.678 E0.07697
G1 X92.678 Y107.678 E0.57463
G0 F18000 X93.058 Y108.058
G1 F8400 X93.058 Y111.938 E0.06436
G1 X126.938 Y111.938 E0.56202
G1 X126.938 Y108.058 E0.06436
G1 X93.058 Y108.058 E0.56202
G0 F18000 X93.438 Y108.438
G1 F8400 X93.438 Y111.558 E0.05176
G1 X126.558 Y111.558 E0.54941
G1 X126.558 Y108.438 E0.05176
G1 X93.438 Y108.438 E0.54941
G0 F18000 X93.818 Y108.818
G1 F8400 X93.818 Y111.178 E0.03915
G1 X126.178 Y111.178 E0.5368
G1 X126.178 Y108.818 E0.03915
G1 X93.818 Y108.818 E0.5368
G0 F18000 X94.198 Y109.198
G1 F8400 X94.198 Y110.798 E0.02654
G1 X125.798 Y110.798 E0.5242
G1 X125.798 Y109.198 E0.02654
G1 X94.198 Y109.198 E0.5242
G0 F18000 X94.578 Y109.578
G1 F8400 X94.578 Y110.418 E0.01393
G1 X125.418 Y110.418 E0.51159
G1 X125.418 Y109.578 E0.01393
G1 X94.578 Y109.578 E0.51159
G0 F18000 X94.998 Y109.998
G1 F6939.1 X124.998 Y109.998 E0.60242
G1 F1800 E-3.5
;MESH:NONMESH
G0 F1200 X124.998 Y109.998 Z0.9
G0 F18000 X87.954 Y102.954
G0 X87.954 Y101.51
G0 X81.125 Y67.761
G0 X80.791 Y66.352
G0 X81.356 Y65.587
G0 X81.259 Y65.28
;TIME_ELAPSED:219.172306
;LAYER:6
;TYPE:WALL-INNER
;MESH:01_Prime_Insulator.STL
G1 F1800 E3.52079
G1 F3000 X81.674 Y65.149 E0.00571
G1 X81.904 Y65.072 E0.00318
G1 X82.35 Y64.899 E0.00627
G1 X82.54 Y64.818 E0.00271
G1 X83.012 Y64.6 E0.00682
G1 X83.395 Y64.396 E0.00569
G1 X83.787 Y64.17 E0.00593
G1 X84.033 Y64.017 E0.0038
G1 X84.367 Y63.795 E0.00526
G1 X84.732 Y63.525 E0.00595
G1 X84.938 Y63.366 E0.00341
G1 X85.302 Y63.061 E0.00623
G1 X85.634 Y62.757 E0.0059
G1 X85.964 Y62.427 E0.00612
G1 X86.252 Y62.109 E0.00563
G1 X86.424 Y61.909 E0.00346
G1 X86.72 Y61.551 E0.00609
G1 X86.725 Y61.54 E0.00016
G1 X86.845 Y61.372 E0.00271
G1 X86.854 Y61.364 E0.00016
G1 X87.101 Y61.014 E0.00562
G1 X87.346 Y60.629 E0.00598
G1 X87.599 Y60.201 E0.00652
G1 X87.708 Y59.991 E0.0031
G1 X87.904 Y59.592 E0.00583
G1 X88.016 Y59.352 E0.00347
G1 X88.19 Y58.931 E0.00597
G1 X88.341 Y58.509 E0.00588
G1 X88.475 Y58.084 E0.00584
G1 X88.539 Y57.859 E0.00307
G1 X88.649 Y57.418 E0.00596
G1 X88.748 Y56.939 E0.00641
G1 X88.813 Y56.504 E0.00577
G1 X88.869 Y56.013 E0.00648
G1 X88.884 Y55.81 E0.00267
G1 X88.898 Y55.551 E0.0034
G1 X88.905 Y55.348 E0.00266
G1 X88.906 Y54.864 E0.00635
G1 X88.898 Y54.623 E0.00316
G1 X88.886 Y54.392 E0.00303
G1 X88.848 Y53.926 E0.00613
G1 X88.822 Y53.718 E0.00275
G1 X88.784 Y53.469 E0.0033
G1 X88.705 Y53.017 E0.00602
G1 X88.608 Y52.576 E0.00592
G1 X88.502 Y52.177 E0.00541
G1 X88.418 Y51.897 E0.00383
G1 X88.346 Y51.675 E0.00306
G1 X88.193 Y51.247 E0.00596
G1 X88.006 Y50.797 E0.00639
G1 X87.958 Y50.696 E0.00147
G1 X87.937 Y50.64 E0.00078
G1 X87.613 Y49.997 E0.00944
G1 X87.484 Y49.773 E0.00339
G1 X87.249 Y49.384 E0.00596
G1 X87.048 Y49.079 E0.00479
G1 X86.706 Y48.607 E0.00764
G1 X86.421 Y48.256 E0.00593
G1 X86.12 Y47.91 E0.00601
G1 X85.805 Y47.582 E0.00596
G1 X85.468 Y47.257 E0.00614
G1 X85.319 Y47.125 E0.00261
G1 X84.962 Y46.824 E0.00612
G1 X84.581 Y46.528 E0.00633
G1 X84.213 Y46.27 E0.00589
G1 X83.99 Y46.124 E0.0035
G1 X83.609 Y45.892 E0.00585
G1 X83.212 Y45.673 E0.00595
G1 X82.718 Y45.428 E0.00723
G1 X82.13 Y45.182 E0.00836
G1 X82.124 Y45.182 E0.00008
G1 X81.92 Y45.105 E0.00286
G1 X81.501 Y44.96 E0.00581
G1 X81.054 Y44.829 E0.00611
G1 X80.59 Y44.714 E0.00627
G1 X80.144 Y44.627 E0.00596
G1 X79.711 Y44.56 E0.00575
G1 X79.254 Y44.506 E0.00603
G1 X78.779 Y44.475 E0.00624
G1 X78.553 Y44.466 E0.00297
G1 X78.068 Y44.466 E0.00636
G1 X77.831 Y44.474 E0.00311
G1 X77.361 Y44.503 E0.00617
G1 X76.912 Y44.553 E0.00592
G1 X76.676 Y44.587 E0.00313
G1 X76.229 Y44.666 E0.00595
G1 X75.996 Y44.712 E0.00311
G1 X75.538 Y44.826 E0.00619
G1 X75.098 Y44.954 E0.00601
G1 X74.66 Y45.1 E0.00605
G1 X74.22 Y45.274 E0.0062
G1 X73.79 Y45.464 E0.00616
G1 X73.399 Y45.656 E0.00571
G1 X72.99 Y45.88 E0.00611
G1 X72.578 Y46.128 E0.00631
G1 X72.204 Y46.377 E0.00589
G1 X72.008 Y46.518 E0.00317
G1 X71.643 Y46.8 E0.00605
G1 X71.304 Y47.086 E0.00582
G1 X71.151 Y47.219 E0.00266
G1 X70.798 Y47.557 E0.00641
G1 X70.478 Y47.89 E0.00606
G1 X70.169 Y48.236 E0.00608
G1 X70.001 Y48.437 E0.00344
G1 X69.729 Y48.795 E0.0059
G1 X69.623 Y48.946 E0.00242
G1 X69.59 Y48.988 E0.0007
G1 X69.337 Y49.367 E0.00598
G1 X69.1 Y49.756 E0.00597
G1 X68.981 Y49.963 E0.00313
G1 X68.884 Y50.148 E0.00274
G1 X68.673 Y50.574 E0.00623
G1 X68.578 Y50.777 E0.00294
G1 X68.393 Y51.221 E0.00631
G1 X68.227 Y51.681 E0.00641
G1 X68.079 Y52.153 E0.00649
G1 X67.98 Y52.529 E0.0051
G1 X67.877 Y52.985 E0.00613
G1 X67.794 Y53.458 E0.0063
G1 X67.758 Y53.698 E0.00318
G1 X67.73 Y53.914 E0.00286
G1 X67.692 Y54.361 E0.00588
G1 X67.67 Y54.827 E0.00612
G1 X67.666 Y55.056 E0.003
G1 X67.678 Y55.54 E0.00635
G1 X67.69 Y55.772 E0.00305
G1 X67.727 Y56.231 E0.00604
G1 X67.758 Y56.471 E0.00317
G1 X67.824 Y56.909 E0.00581
G1 X67.917 Y57.37 E0.00617
G1 X67.968 Y57.591 E0.00297
G1 X68.089 Y58.05 E0.00622
G1 X68.229 Y58.494 E0.0061
G1 X68.39 Y58.941 E0.00623
G1 X68.56 Y59.354 E0.00586
G1 X68.661 Y59.569 E0.00311
G1 X68.857 Y59.969 E0.00584
G1 X68.962 Y60.169 E0.00296
G1 X69.221 Y60.615 E0.00676
G1 X69.439 Y60.96 E0.00535
G1 X69.59 Y61.179 E0.00349
G1 X69.86 Y61.546 E0.00597
G1 X70.144 Y61.899 E0.00594
G1 X70.285 Y62.065 E0.00286
G1 X70.438 Y62.238 E0.00303
G1 X70.591 Y62.4 E0.00292
G1 X70.943 Y62.758 E0.00658
G1 X71.265 Y63.051 E0.00571
G1 X71.611 Y63.346 E0.00596
G1 X71.814 Y63.508 E0.00341
G1 X72.397 Y63.924 E0.00939
G1 X72.955 Y64.268 E0.0086
G1 X73.176 Y64.393 E0.00333
G1 X73.572 Y64.601 E0.00587
G1 X73.789 Y64.707 E0.00317
G1 X74.222 Y64.899 E0.00621
G1 X74.407 Y64.972 E0.00261
G1 X74.863 Y65.137 E0.00636
G1 X75.292 Y65.272 E0.0059
G1 X75.516 Y65.338 E0.00306
G1 X75.968 Y65.448 E0.0061
G1 X76.185 Y65.495 E0.00291
G1 X76.873 Y65.613 E0.00915
G1 X77.127 Y65.643 E0.00335
G1 X77.565 Y65.68 E0.00576
G1 X77.792 Y65.693 E0.00298
G1 X78.26 Y65.706 E0.00614
G1 X78.52 Y65.702 E0.00341
G1 X78.976 Y65.682 E0.00599
G1 X79.431 Y65.645 E0.00599
G1 X79.674 Y65.614 E0.00321
G1 X79.9 Y65.581 E0.00299
G1 X80.347 Y65.502 E0.00595
G1 X80.8 Y65.405 E0.00607
G1 X81.035 Y65.344 E0.00318
G1 X81.259 Y65.28 E0.00305
G0 F18000 X81.356 Y65.587
G0 X78.543 Y66.082
G1 F2992.1 X78.776 Y66.073 E0.00307
G1 F2984.3 X79.248 Y66.041 E0.00624
G1 F3000 X79.506 Y66.018 E0.0034
G1 F2992.1 X79.768 Y65.985 E0.00347
G1 F2961 X80.191 Y65.918 E0.00569
G1 F2968.8 X80.665 Y65.824 E0.0064
G1 F3000 X80.914 Y65.766 E0.00335
G1 X81.155 Y65.705 E0.00326
G1 F2976.5 X81.364 Y65.647 E0.00287
G1 F2984.3 X81.826 Y65.499 E0.00639
G1 F3007.9 X82.062 Y65.417 E0.00327
G1 X82.272 Y65.338 E0.00293
G1 F3015.9 X82.524 Y65.237 E0.00354
G1 F3007.9 X82.938 Y65.054 E0.00592
G1 X83.148 Y64.954 E0.00304
G1 F3015.9 X83.605 Y64.713 E0.00674
G1 F2992.1 X83.786 Y64.61 E0.00274
G1 X84.001 Y64.482 E0.00329
G1 F3007.9 X84.257 Y64.324 E0.00393
G1 F3015.9 X84.594 Y64.099 E0.00529
G1 F3007.9 X84.995 Y63.802 E0.00653
G1 F3000 X85.175 Y63.662 E0.00299
G1 F2992.1 X85.418 Y63.46 E0.00415
G1 F3000 X85.557 Y63.34 E0.00241
G1 F3015.9 X85.91 Y63.016 E0.00625
G1 F3007.9 X86.059 Y62.873 E0.0027
G1 X86.257 Y62.669 E0.00372
G1 X86.581 Y62.31 E0.00632
G1 F3000 X86.846 Y61.993 E0.00542
G1 F3023.9 X87.02 Y61.779 E0.00359
G1 X87.151 Y61.595 E0.00294
G1 F2992.1 X87.29 Y61.407 E0.00307
G1 F3000 X87.421 Y61.218 E0.00302
G1 F3007.9 X87.681 Y60.808 E0.00635
G1 F2992.1 X87.815 Y60.584 E0.00343
G1 F3000 X87.935 Y60.372 E0.00319
G1 F3007.9 X88.057 Y60.142 E0.0034
G1 F3000 X88.26 Y59.729 E0.00603
G1 F3015.9 X88.365 Y59.497 E0.00332
G1 F3031.9 X88.549 Y59.049 E0.00628
G1 F3015.9 X88.712 Y58.599 E0.00624
G1 F2984.3 X88.851 Y58.156 E0.00612
G1 X88.919 Y57.915 E0.0033
G1 F3000 X89.019 Y57.505 E0.00553
G1 F3007.9 X89.119 Y57.014 E0.00655
G1 X89.192 Y56.537 E0.00631
G1 X89.247 Y56.03 E0.00667
G1 X89.265 Y55.795 E0.00308
G1 F3000 X89.286 Y55.339 E0.00599
G1 X89.286 Y54.835 E0.00661
G1 F2992.1 X89.277 Y54.592 E0.0032
G1 X89.245 Y54.117 E0.00626
G1 F3007.9 X89.225 Y53.889 E0.00299
G1 F3000 X89.158 Y53.4 E0.00647
G1 F2984.3 X89.119 Y53.17 E0.00308
G1 F3000 X89.07 Y52.913 E0.00343
G1 F2992.1 X89.025 Y52.697 E0.0029
G1 F2968.8 X88.961 Y52.421 E0.00375
G1 X88.86 Y52.043 E0.00518
G1 F2976.5 X88.698 Y51.531 E0.0071
G1 F2992.1 X88.52 Y51.044 E0.00682
G1 F3015.9 X88.352 Y50.645 E0.00565
G1 F3023.9 X88.26 Y50.439 E0.00294
G1 F3015.9 X88.146 Y50.208 E0.00336
G1 X87.919 Y49.769 E0.00645
G1 F3000 X87.689 Y49.373 E0.006
G1 F2992.1 X87.45 Y48.998 E0.00585
G1 F3000 X87.342 Y48.838 E0.00253
G1 F3007.9 X87.004 Y48.373 E0.00752
G1 F3000 X86.71 Y48.009 E0.00614
G1 F2992.1 X86.566 Y47.841 E0.00291
G1 F3000 X86.381 Y47.635 E0.00363
G1 X86.229 Y47.473 E0.00291
G1 F2992.1 X85.888 Y47.133 E0.00633
G1 X85.696 Y46.952 E0.00347
G1 F2984.3 X85.388 Y46.685 E0.00537
G1 X85.165 Y46.501 E0.00381
G1 F3007.9 X84.812 Y46.229 E0.00583
G1 F3015.9 X84.431 Y45.96 E0.00608
G1 F3007.9 X84.025 Y45.7 E0.00631
G1 F3015.9 X83.785 Y45.558 E0.00364
G1 F3023.9 X83.338 Y45.312 E0.00664
G1 F3040 X82.874 Y45.085 E0.00668
G1 F3048.1 X82.266 Y44.829 E0.00851
G1 F3015.9 X81.857 Y44.68 E0.00568
G1 F3007.9 X81.608 Y44.597 E0.00343
G1 F3015.9 X81.407 Y44.537 E0.00274
G1 F3040 X81.118 Y44.456 E0.00388
G1 F3056.3 X80.67 Y44.345 E0.00594
G1 F3015.9 X80.18 Y44.248 E0.00652
G1 F3000 X79.702 Y44.177 E0.00634
G1 F3023.9 X79.278 Y44.129 E0.00555
G1 F3015.9 X78.763 Y44.095 E0.00673
G1 F3007.9 X78.508 Y44.087 E0.00334
G1 X78.05 Y44.086 E0.00599
G1 X77.792 Y44.097 E0.00338
G1 F3015.9 X77.331 Y44.126 E0.00603
G1 F3007.9 X76.798 Y44.186 E0.00701
G1 F3000 X76.595 Y44.216 E0.00269
G1 F3015.9 X76.142 Y44.298 E0.006
G1 F3031.9 X75.878 Y44.352 E0.0035
G1 F2992.1 X75.617 Y44.413 E0.00352
G1 F2976.5 X75.253 Y44.511 E0.00498
G1 F3000 X74.748 Y44.669 E0.00694
G1 F3015.9 X74.493 Y44.759 E0.00353
G1 F3023.9 X74.066 Y44.928 E0.00597
G1 F3000 X73.89 Y45.004 E0.00251
G1 X73.587 Y45.141 E0.00436
G1 F3015.9 X73.197 Y45.335 E0.00568
G1 F3000 X72.771 Y45.567 E0.00636
G1 F2984.3 X72.59 Y45.676 E0.00279
G1 F2992.1 X72.207 Y45.92 E0.00597
G1 F3007.9 X71.962 Y46.085 E0.00386
G1 F3031.9 X71.765 Y46.23 E0.00317
G1 F3015.9 X71.411 Y46.499 E0.0058
G1 F2984.3 X71.032 Y46.818 E0.00653
G1 F2992.1 X70.872 Y46.961 E0.00282
G1 F2976.5 X70.707 Y47.115 E0.00298
G1 F2968.8 X70.495 Y47.321 E0.00392
G1 F2992.1 X70.17 Y47.664 E0.00621
G1 F3000 X70.017 Y47.834 E0.003
G1 F3007.9 X69.692 Y48.219 E0.00659
G1 F3000 X69.56 Y48.389 E0.00282
G1 X69.27 Y48.786 E0.00645
G1 X69.164 Y48.942 E0.00247
G1 F3007.9 X69.005 Y49.186 E0.00381
G1 F3015.9 X68.76 Y49.587 E0.00613
G1 F3000 X68.634 Y49.809 E0.00335
G1 F2992.1 X68.547 Y49.972 E0.00243
G1 X68.317 Y50.438 E0.00683
G1 F3007.9 X68.222 Y50.646 E0.00299
G1 X68.031 Y51.106 E0.00651
G1 F3000 X67.865 Y51.568 E0.00644
G1 F2984.3 X67.736 Y51.974 E0.00562
G1 F2976.5 X67.658 Y52.253 E0.00383
G1 X67.598 Y52.488 E0.00321
G1 F2984.3 X67.496 Y52.957 E0.00633
G1 X67.454 Y53.185 E0.00306
G1 F2976.5 X67.414 Y53.429 E0.00327
G1 F2992.1 X67.382 Y53.65 E0.00294
G1 F3015.9 X67.351 Y53.911 E0.00343
G1 F3007.9 X67.312 Y54.35 E0.00576
G1 F2992.1 X67.29 Y54.847 E0.00654
G1 F3000 X67.286 Y55.097 E0.00328
G1 X67.299 Y55.577 E0.0063
G1 F2992.1 X67.331 Y56.047 E0.00619
G1 X67.355 Y56.308 E0.00345
G1 X67.417 Y56.76 E0.006
G1 F3000 X67.453 Y56.984 E0.00297
G1 F2992.1 X67.55 Y57.474 E0.00657
G1 F2976.5 X67.658 Y57.915 E0.006
G1 F2984.3 X67.732 Y58.179 E0.00361
G1 X67.87 Y58.62 E0.00609
G1 F2992.1 X68.042 Y59.09 E0.00658
G1 F3015.9 X68.223 Y59.525 E0.00615
G1 X68.327 Y59.75 E0.00323
G1 F2992.1 X68.532 Y60.169 E0.00613
G1 X68.649 Y60.389 E0.00328
G1 X68.766 Y60.593 E0.00309
G1 F2984.3 X68.909 Y60.832 E0.00367
G1 X69.009 Y60.992 E0.00249
G1 F3000 X69.156 Y61.217 E0.00352
G1 X69.397 Y61.559 E0.00549
G1 X69.582 Y61.804 E0.00403
G1 X69.689 Y61.94 E0.00227
G1 F2976.5 X69.926 Y62.23 E0.00495
G1 X70.165 Y62.503 E0.0048
G1 X70.481 Y62.832 E0.00603
G1 F2992.1 X70.696 Y63.045 E0.00398
G1 F3000 X71.041 Y63.362 E0.00614
G1 X71.407 Y63.668 E0.00626
G1 F3023.9 X71.61 Y63.827 E0.00335
G1 F3015.9 X71.795 Y63.963 E0.00299
G1 F3000 X72.151 Y64.215 E0.00572
G1 F2992.1 X72.553 Y64.468 E0.00624
G1 F3000 X72.799 Y64.615 E0.00376
G1 F3007.9 X73.014 Y64.737 E0.00323
G1 F3000 X73.434 Y64.957 E0.00622
G1 X73.65 Y65.06 E0.00314
G1 F3007.9 X74.083 Y65.251 E0.00619
G1 F3000 X74.305 Y65.34 E0.00314
G1 F2976.5 X74.515 Y65.417 E0.00296
G1 F2992.1 X74.774 Y65.507 E0.0036
G1 X75.197 Y65.641 E0.00583
G1 F2984.3 X75.424 Y65.707 E0.00312
G1 F3000 X75.919 Y65.827 E0.00668
G1 X76.161 Y65.877 E0.00324
G1 F2992.1 X76.384 Y65.917 E0.00298
G1 F3000 X76.827 Y65.989 E0.00589
G1 F2992.1 X77.299 Y66.04 E0.00624
G1 F2976.5 X77.58 Y66.062 E0.00373
G1 X77.817 Y66.075 E0.00314
G1 F2984.3 X78.305 Y66.086 E0.00643
G1 F3000 X78.543 Y66.082 E0.00312
G0 F18000 X75.936 Y65.709
G0 X74.349 Y65.227
G0 X72.847 Y64.508
G0 X71.48 Y63.571
G0 X70.427 Y62.606
G0 X69.377 Y61.326
G0 X68.637 Y60.107
G0 X67.99 Y58.59
G0 X67.575 Y56.976
G0 X67.409 Y55.091
G0 X67.574 Y53.202
G0 X67.988 Y51.585
G0 X68.638 Y50.063
G0 X69.518 Y48.65
G0 X70.598 Y47.39
G0 X71.853 Y46.315
G0 X73.265 Y45.436
G0 X74.793 Y44.784
G0 X77.79 Y44.038
G0 X77.77 Y43.719
G1 F3000 X78.033 Y43.706 E0.00345
G1 X78.513 Y43.709 E0.00629
G1 X78.775 Y43.716 E0.00344
G1 X79.065 Y43.733 E0.00381
G1 X79.307 Y43.752 E0.00318
G1 X79.745 Y43.801 E0.00578
G1 X80.236 Y43.872 E0.00651
G1 X80.499 Y43.923 E0.00351
G1 X80.732 Y43.973 E0.00312
G1 X81.018 Y44.04 E0.00385
G1 X81.506 Y44.172 E0.00663
G1 X81.745 Y44.243 E0.00327
G1 X81.975 Y44.319 E0.00318
G1 X82.159 Y44.384 E0.00256
G1 X82.393 Y44.472 E0.00328
G1 X82.902 Y44.685 E0.00724
G1 X83.349 Y44.893 E0.00646
G1 X83.512 Y44.976 E0.0024
G1 X83.786 Y45.124 E0.00408
G1 X84.215 Y45.371 E0.00649
G1 X84.593 Y45.614 E0.00589
G1 X84.841 Y45.785 E0.00395
G1 X85.033 Y45.922 E0.00309
G1 X85.399 Y46.202 E0.00604
G1 X85.63 Y46.391 E0.00391
G1 X85.777 Y46.516 E0.00253
G1 X85.95 Y46.67 E0.00304
G1 X86.15 Y46.857 E0.00359
G1 X86.53 Y47.237 E0.00705
G1 X86.661 Y47.379 E0.00253
G1 X86.998 Y47.761 E0.00668
G1 X87.16 Y47.96 E0.00336
G1 X87.324 Y48.168 E0.00347
G1 X87.606 Y48.551 E0.00624
G1 X87.764 Y48.786 E0.00371
G1 X88.01 Y49.17 E0.00598
G1 X88.14 Y49.39 E0.00335
G1 X88.276 Y49.632 E0.00364
G1 X88.394 Y49.855 E0.00331
G1 X88.6 Y50.272 E0.0061
G1 X88.802 Y50.732 E0.00659
G1 X88.871 Y50.9 E0.00238
G1 X89.056 Y51.402 E0.00702
G1 X89.217 Y51.911 E0.007
G1 X89.22 Y51.912 E0.00004
G1 X89.33 Y52.326 E0.00562
G1 X89.396 Y52.61 E0.00382
G1 X89.493 Y53.098 E0.00652
G1 X89.533 Y53.337 E0.00318
G1 X89.598 Y53.821 E0.0064
G1 X89.623 Y54.083 E0.00345
G1 X89.657 Y54.567 E0.00636
G1 X89.666 Y54.835 E0.00352
G1 X89.666 Y55.362 E0.00691
G1 X89.641 Y55.873 E0.00671
G1 X89.624 Y56.065 E0.00253
G1 X89.567 Y56.601 E0.00707
G1 X89.501 Y57.022 E0.00559
G1 X89.391 Y57.581 E0.00747
G1 X89.334 Y57.827 E0.00331
G1 X89.287 Y58.01 E0.00248
G1 X89.218 Y58.259 E0.00339
G1 X89.072 Y58.719 E0.00633
G1 X88.97 Y59.004 E0.00397
G1 X88.902 Y59.182 E0.0025
G1 X88.689 Y59.704 E0.00739
G1 X88.591 Y59.919 E0.0031
G1 X88.369 Y60.366 E0.00654
G1 X88.146 Y60.771 E0.00606
G1 X88.005 Y61.005 E0.00358
G1 X87.74 Y61.422 E0.00648
G1 X87.604 Y61.622 E0.00317
G1 X87.465 Y61.808 E0.00304
G1 X87.432 Y61.857 E0.00077
G1 X87.432 Y61.861 E0.00005
G1 X87.332 Y61.992 E0.00216
G1 X87.007 Y62.396 E0.0068
G1 X86.821 Y62.613 E0.00375
G1 X86.656 Y62.797 E0.00324
G1 X86.349 Y63.12 E0.00584
G1 X85.979 Y63.472 E0.0067
G1 X85.641 Y63.771 E0.00592
G1 X85.638 Y63.77 E0.00004
G1 X85.419 Y63.953 E0.00374
G1 X85.228 Y64.102 E0.00318
G1 X84.843 Y64.386 E0.00627
G1 X84.409 Y64.679 E0.00687
G1 X83.982 Y64.936 E0.00654
G1 X83.79 Y65.044 E0.00289
G1 X83.362 Y65.268 E0.00633
G1 X83.105 Y65.396 E0.00376
G1 X82.885 Y65.493 E0.00315
G1 X82.415 Y65.69 E0.00668
G1 X81.952 Y65.857 E0.00645
G1 X81.71 Y65.938 E0.00335
G1 X81.479 Y66.01 E0.00317
G1 X81.253 Y66.072 E0.00307
G1 X80.755 Y66.194 E0.00672
G1 X80.266 Y66.293 E0.00654
G1 X79.825 Y66.362 E0.00585
G1 X79.549 Y66.394 E0.00364
G1 X79.282 Y66.42 E0.00352
G1 X78.802 Y66.453 E0.00631
G1 X78.554 Y66.462 E0.00325
G1 X78.309 Y66.466 E0.00321
G1 X77.805 Y66.456 E0.00661
G1 X77.557 Y66.442 E0.00326
G1 X77.27 Y66.42 E0.00377
G1 X76.768 Y66.364 E0.00662
G1 X76.32 Y66.293 E0.00595
G1 X76.092 Y66.251 E0.00304
G1 X75.838 Y66.198 E0.0034
G1 X75.321 Y66.072 E0.00698
G1 X75.094 Y66.008 E0.00309
G1 X74.81 Y65.918 E0.00391
G1 X74.393 Y65.778 E0.00577
G1 X74.169 Y65.694 E0.00314
G1 X73.913 Y65.59 E0.00362
G1 X73.89 Y65.577 E0.00035
G1 X73.671 Y65.485 E0.00311
G1 X73.494 Y65.406 E0.00254
G1 X73.266 Y65.297 E0.00331
G1 X72.837 Y65.072 E0.00635
G1 X72.611 Y64.944 E0.00341
G1 X72.359 Y64.796 E0.00383
G1 X71.947 Y64.535 E0.0064
G1 X71.736 Y64.389 E0.00336
G1 X71.332 Y64.091 E0.00658
G1 X70.946 Y63.781 E0.00649
G1 X70.793 Y63.65 E0.00264
G1 X70.575 Y63.453 E0.00385
G1 X70.405 Y63.292 E0.00307
G1 X70.214 Y63.104 E0.00351
G1 X69.887 Y62.763 E0.0062
G1 X69.639 Y62.48 E0.00493
G1 X69.394 Y62.181 E0.00507
G1 X69.094 Y61.79 E0.00646
G1 X68.845 Y61.431 E0.00573
G1 X68.691 Y61.201 E0.00363
G1 X68.44 Y60.79 E0.00631
G1 X68.196 Y60.348 E0.00662
G1 X67.985 Y59.916 E0.0063
G1 X67.861 Y59.642 E0.00394
G1 X67.692 Y59.236 E0.00577
G1 X67.592 Y58.974 E0.00368
G1 X67.509 Y58.74 E0.00326
G1 X67.359 Y58.257 E0.00663
G1 X67.247 Y57.847 E0.00557
G1 X67.179 Y57.56 E0.00387
G1 X67.087 Y57.084 E0.00636
G1 X67.042 Y56.824 E0.00346
G1 X66.979 Y56.356 E0.00619
G1 X66.952 Y56.081 E0.00362
G1 X66.917 Y55.567 E0.00676
G1 X66.906 Y55.101 E0.00611
G1 X66.91 Y54.841 E0.00341
G1 X66.935 Y54.295 E0.00717
G1 X66.976 Y53.87 E0.0056
G1 X67.009 Y53.571 E0.00394
G1 X67.077 Y53.127 E0.00589
G1 X67.185 Y52.589 E0.0072
G1 X67.228 Y52.4 E0.00254
G1 X67.29 Y52.159 E0.00326
G1 X67.37 Y51.869 E0.00394
G1 X67.442 Y51.636 E0.0032
G1 X67.606 Y51.164 E0.00655
G1 X67.673 Y50.986 E0.00249
G1 X67.873 Y50.5 E0.00689
G1 X67.971 Y50.282 E0.00313
G1 X68.207 Y49.802 E0.00701
G1 X68.32 Y49.594 E0.0031
G1 X68.431 Y49.399 E0.00294
G1 X68.558 Y49.189 E0.00322
G1 X68.844 Y48.738 E0.007
G1 X68.987 Y48.53 E0.00331
G1 X69.253 Y48.165 E0.00592
G1 X69.397 Y47.983 E0.00304
G1 X69.727 Y47.589 E0.00674
G1 X70.066 Y47.217 E0.0066
G1 X70.224 Y47.055 E0.00297
G1 X70.44 Y46.842 E0.00398
G1 X70.793 Y46.521 E0.00626
G1 X71.183 Y46.193 E0.00668
G1 X71.739 Y45.78 E0.00908
G1 X71.995 Y45.606 E0.00406
G1 X72.385 Y45.356 E0.00607
G1 X72.59 Y45.232 E0.00314
G1 X73.062 Y44.976 E0.00704
G1 X73.459 Y44.782 E0.00579
G1 X73.735 Y44.657 E0.00397
G1 X74.129 Y44.493 E0.0056
G1 X74.36 Y44.405 E0.00324
G1 X74.62 Y44.311 E0.00363
G1 X75.149 Y44.146 E0.00727
G1 X75.52 Y44.043 E0.00505
G1 X75.797 Y43.983 E0.00372
G1 X76.316 Y43.877 E0.00695
G1 X76.531 Y43.841 E0.00286
G1 X76.748 Y43.81 E0.00287
G1 X77.292 Y43.749 E0.00718
G1 X77.77 Y43.719 E0.00628
G0 F18000 X77.79 Y44.038
G0 X74.793 Y44.784
G0 X73.265 Y45.436
G0 X71.853 Y46.315
G0 X70.598 Y47.39
G0 X69.518 Y48.65
G0 X68.638 Y50.063
G0 X67.912 Y51.818
G0 X67.503 Y53.663
G0 X67.409 Y55.091
G0 X67.575 Y56.976
G0 X67.99 Y58.59
G0 X68.637 Y60.107
G0 X69.516 Y61.52
G0 X70.595 Y62.779
G0 X71.86 Y63.864
G0 X73.064 Y64.629
G0 X74.349 Y65.227
G0 X75.777 Y65.661
G0 X78.545 Y66.142
G0 X78.566 Y66.842
;TYPE:WALL-OUTER
G1 F1500 X78.828 Y66.832 E0.00344
G1 X79.316 Y66.798 E0.00641
G1 X79.593 Y66.772 E0.00365
G1 X79.856 Y66.742 E0.00347
G1 X80.308 Y66.672 E0.006
G1 X80.845 Y66.563 E0.00719
G1 X81.352 Y66.439 E0.00684
G1 X81.594 Y66.372 E0.00329
G1 X81.827 Y66.299 E0.0032
G1 X82.078 Y66.215 E0.00347
G1 X82.559 Y66.042 E0.0067
G1 X83.038 Y65.841 E0.00681
G1 X83.273 Y65.737 E0.00337
G1 X83.536 Y65.606 E0.00385
G1 X83.975 Y65.376 E0.0065
G1 X84.178 Y65.262 E0.00305
G1 X84.618 Y64.996 E0.00674
G1 X85.017 Y64.73 E0.00629
G1 X85.461 Y64.402 E0.00724
G1 X85.663 Y64.244 E0.00336
G1 X85.858 Y64.08 E0.00334
G1 X85.864 Y64.081 E0.00008
G1 X86.239 Y63.748 E0.00658
G1 X86.622 Y63.384 E0.00693
G1 X86.932 Y63.059 E0.00589
G1 X87.109 Y62.861 E0.00348
G1 X87.3 Y62.638 E0.00385
G1 X87.594 Y62.275 E0.00613
G1 X87.758 Y62.06 E0.00355
G1 X87.757 Y62.053 E0.00009
G1 X87.917 Y61.837 E0.00352
G1 X88.045 Y61.651 E0.00296
G1 X88.329 Y61.203 E0.00696
G1 X88.477 Y60.957 E0.00376
G1 X88.601 Y60.735 E0.00333
G1 X88.736 Y60.482 E0.00376
G1 X88.95 Y60.046 E0.00637
G1 X89.052 Y59.82 E0.00325
G1 X89.227 Y59.397 E0.006
G1 X89.327 Y59.134 E0.00369
G1 X89.424 Y58.865 E0.00375
G1 X89.496 Y58.647 E0.00301
G1 X89.584 Y58.363 E0.0039
G1 X89.703 Y57.918 E0.00604
G1 X89.762 Y57.667 E0.00338
G1 X89.877 Y57.081 E0.00783
G1 X89.945 Y56.642 E0.00583
G1 X89.998 Y56.151 E0.00648
G1 X90.023 Y55.874 E0.00365
G1 X90.046 Y55.304 E0.00748
G1 X90.046 Y54.835 E0.00615
G1 X90.036 Y54.541 E0.00386
G1 X90.001 Y54.048 E0.00648
G1 X89.975 Y53.773 E0.00362
G1 X89.908 Y53.274 E0.0066
G1 X89.866 Y53.026 E0.0033
G1 X89.77 Y52.537 E0.00653
G1 X89.702 Y52.246 E0.00392
G1 X89.578 Y51.781 E0.00631
G1 X89.573 Y51.779 E0.00007
G1 X89.414 Y51.274 E0.00694
G1 X89.223 Y50.756 E0.00724
G1 X89.151 Y50.582 E0.00247
G1 X88.941 Y50.104 E0.00685
G1 X88.73 Y49.679 E0.00622
G1 X88.608 Y49.446 E0.00345
G1 X88.468 Y49.198 E0.00373
G1 X88.331 Y48.966 E0.00353
G1 X88.079 Y48.573 E0.00612
G1 X87.912 Y48.327 E0.0039
G1 X87.594 Y47.896 E0.00702
G1 X87.298 Y47.526 E0.00621
G1 X87.123 Y47.325 E0.00349
G1 X86.799 Y46.969 E0.00631
G1 X86.412 Y46.582 E0.00718
G1 X86.263 Y46.44 E0.0027
G1 X86.025 Y46.228 E0.00418
G1 X85.872 Y46.097 E0.00264
G1 X85.633 Y45.903 E0.00404
G1 X85.271 Y45.625 E0.00599
G1 X84.854 Y45.33 E0.0067
G1 X84.421 Y45.051 E0.00675
G1 X83.968 Y44.79 E0.00686
G1 X83.687 Y44.639 E0.00418
G1 X83.513 Y44.55 E0.00256
G1 X83.05 Y44.335 E0.00669
G1 X82.531 Y44.118 E0.00738
G1 X82.287 Y44.026 E0.00342
G1 X82.094 Y43.958 E0.00268
G1 X81.855 Y43.879 E0.0033
G1 X81.605 Y43.805 E0.00342
G1 X81.106 Y43.67 E0.00678
G1 X80.814 Y43.602 E0.00393
G1 X80.319 Y43.5 E0.00663
G1 X79.789 Y43.424 E0.00702
G1 X79.337 Y43.373 E0.00596
G1 X79.089 Y43.354 E0.00326
G1 X78.787 Y43.337 E0.00397
G1 X78.317 Y43.327 E0.00616
G1 X78.016 Y43.326 E0.00395
G1 X77.252 Y43.371 E0.01004
G1 X76.698 Y43.434 E0.00731
G1 X76.488 Y43.462 E0.00278
G1 X76.242 Y43.505 E0.00327
G1 X75.715 Y43.611 E0.00705
G1 X75.423 Y43.676 E0.00392
G1 X75.197 Y43.737 E0.00307
G1 X74.963 Y43.805 E0.0032
G1 X74.492 Y43.953 E0.00647
G1 X74.271 Y44.032 E0.00308
G1 X73.983 Y44.142 E0.00404
G1 X73.58 Y44.31 E0.00573
G1 X73.258 Y44.457 E0.00464
G1 X72.881 Y44.642 E0.00551
G1 X72.402 Y44.902 E0.00715
G1 X72.179 Y45.036 E0.00341
G1 X71.782 Y45.292 E0.00619
G1 X71.515 Y45.474 E0.00424
G1 X71.154 Y45.739 E0.00587
G1 X70.955 Y45.889 E0.00327
G1 X70.526 Y46.252 E0.00737
G1 X70.175 Y46.57 E0.00621
G1 X69.954 Y46.789 E0.00408
G1 X69.788 Y46.959 E0.00312
G1 X69.471 Y47.302 E0.00612
G1 X69.1 Y47.746 E0.00759
G1 X68.947 Y47.941 E0.00325
G1 X68.675 Y48.314 E0.00605
G1 X68.531 Y48.522 E0.00332
G1 X68.233 Y48.991 E0.00729
G1 X68.101 Y49.21 E0.00335
G1 X67.968 Y49.445 E0.00354
G1 X67.844 Y49.678 E0.00346
G1 X67.644 Y50.081 E0.0059
G1 X67.523 Y50.352 E0.00389
G1 X67.349 Y50.771 E0.00595
G1 X67.249 Y51.035 E0.0037
G1 X67.158 Y51.287 E0.00351
G1 X67.079 Y51.524 E0.00328
G1 X66.975 Y51.869 E0.00472
G1 X66.856 Y52.325 E0.00618
G1 X66.813 Y52.513 E0.00253
G1 X66.701 Y53.069 E0.00744
G1 X66.631 Y53.529 E0.0061
G1 X66.578 Y54.028 E0.00658
G1 X66.553 Y54.294 E0.0035
G1 X66.53 Y54.835 E0.0071
G1 X66.526 Y55.106 E0.00355
G1 X66.537 Y55.579 E0.0062
G1 X66.574 Y56.115 E0.00705
G1 X66.602 Y56.404 E0.00381
G1 X66.667 Y56.889 E0.00642
G1 X66.714 Y57.156 E0.00355
G1 X66.809 Y57.646 E0.00654
G1 X66.879 Y57.944 E0.00401
G1 X66.999 Y58.387 E0.00602
G1 X67.003 Y58.389 E0.00006
G1 X67.149 Y58.86 E0.00647
G1 X67.237 Y59.108 E0.00345
G1 X67.341 Y59.382 E0.00384
G1 X67.518 Y59.806 E0.00602
G1 X67.643 Y60.082 E0.00397
G1 X67.861 Y60.526 E0.00649
G1 X67.993 Y60.771 E0.00365
G1 X68.115 Y60.987 E0.00325
G1 X68.263 Y61.232 E0.00375
G1 X68.374 Y61.409 E0.00274
G1 X68.532 Y61.646 E0.00374
G1 X68.792 Y62.02 E0.00597
G1 X69.1 Y62.421 E0.00663
G1 X69.353 Y62.73 E0.00524
G1 X69.597 Y63.009 E0.00486
G1 X69.81 Y63.234 E0.00406
G1 X70.173 Y63.595 E0.00671
G1 X70.318 Y63.733 E0.00262
G1 X70.545 Y63.938 E0.00401
G1 X70.705 Y64.075 E0.00276
G1 X71.104 Y64.395 E0.00671
G1 X71.518 Y64.7 E0.00674
G1 X71.743 Y64.855 E0.00358
G1 X72.165 Y65.123 E0.00656
G1 X72.422 Y65.274 E0.00391
G1 X72.659 Y65.408 E0.00357
G1 X73.066 Y65.622 E0.00603
G1 X73.281 Y65.728 E0.00314
G1 X73.525 Y65.836 E0.0035
G1 X73.739 Y65.926 E0.00304
G1 X73.741 Y65.931 E0.00007
G1 X74.257 Y66.133 E0.00727
G1 X74.68 Y66.275 E0.00585
G1 X74.963 Y66.365 E0.00389
G1 X75.277 Y66.452 E0.00427
G1 X75.756 Y66.569 E0.00647
G1 X75.969 Y66.615 E0.00286
G1 X76.246 Y66.665 E0.00369
G1 X76.724 Y66.741 E0.00635
G1 X77.24 Y66.799 E0.00681
G1 X77.533 Y66.821 E0.00385
G1 X77.793 Y66.835 E0.00341
G1 X78.314 Y66.846 E0.00683
G1 X78.566 Y66.842 E0.0033
G0 F18000 X78.766 Y66.835
G0 X78.745 Y66.136
G0 X78.535 Y66.024
G0 X78.512 Y65.322
G1 F1500 X78.267 Y65.326 E0.00321
G1 X78.038 Y65.322 E0.003
G1 X77.597 Y65.301 E0.00579
G1 X77.17 Y65.265 E0.00562
G1 X76.935 Y65.238 E0.0031
G1 X76.263 Y65.123 E0.00894
G1 X76.058 Y65.079 E0.00275
G1 X75.625 Y64.974 E0.00584
G1 X75.406 Y64.909 E0.003
G1 X74.991 Y64.779 E0.0057
G1 X74.547 Y64.619 E0.00619
G1 X74.344 Y64.538 E0.00287
G1 X73.934 Y64.355 E0.00589
G1 X73.749 Y64.265 E0.0027
G1 X73.362 Y64.062 E0.00573
G1 X73.154 Y63.944 E0.00314
G1 X72.599 Y63.602 E0.00855
G1 X72.05 Y63.21 E0.00885
G1 X71.857 Y63.056 E0.00324
G1 X71.521 Y62.771 E0.00578
G1 X71.2 Y62.478 E0.0057
G1 X70.867 Y62.139 E0.00623
G1 X70.722 Y61.986 E0.00276
G1 X70.44 Y61.66 E0.00565
G1 X70.166 Y61.321 E0.00572
G1 X69.902 Y60.961 E0.00585
G1 X69.761 Y60.758 E0.00324
G1 X69.548 Y60.421 E0.00523
G1 X69.313 Y60.021 E0.00608
G1 X69.199 Y59.803 E0.00323
G1 X69.005 Y59.408 E0.00577
G1 X68.909 Y59.201 E0.00299
G1 X68.741 Y58.793 E0.00579
G1 X68.591 Y58.378 E0.00579
G1 X68.456 Y57.95 E0.00588
G1 X68.338 Y57.504 E0.00605
G1 X68.289 Y57.294 E0.00283
G1 X68.2 Y56.853 E0.0059
G1 X68.135 Y56.421 E0.00573
G1 X68.106 Y56.2 E0.00292
G1 X68.07 Y55.751 E0.00591
G1 X68.058 Y55.53 E0.0029
G1 X68.046 Y55.063 E0.00613
G1 X68.05 Y54.841 E0.00291
G1 X68.071 Y54.393 E0.00588
G1 X68.107 Y53.963 E0.00566
G1 X68.138 Y53.732 E0.00306
G1 X68.142 Y53.721 E0.00015
G1 X68.168 Y53.523 E0.00262
G1 X68.248 Y53.068 E0.00606
G1 X68.348 Y52.623 E0.00598
G1 X68.442 Y52.267 E0.00483
G1 X68.596 Y51.779 E0.00671
G1 X68.744 Y51.367 E0.00574
G1 X68.923 Y50.937 E0.00611
G1 X69.013 Y50.743 E0.0028
G1 X69.221 Y50.324 E0.00613
G1 X69.315 Y50.146 E0.00264
G1 X69.426 Y49.951 E0.00294
G1 X69.653 Y49.578 E0.00573
G1 X69.913 Y49.19 E0.00612
G1 X69.918 Y49.188 E0.00007
G1 X70.032 Y49.025 E0.00261
G1 X70.308 Y48.663 E0.00597
G1 X70.448 Y48.494 E0.00288
G1 X70.753 Y48.152 E0.00601
G1 X71.06 Y47.832 E0.00581
G1 X71.402 Y47.505 E0.0062
G1 X71.548 Y47.377 E0.00255
G1 X71.875 Y47.101 E0.00561
G1 X72.232 Y46.826 E0.00591
G1 X72.414 Y46.693 E0.00296
G1 X72.789 Y46.445 E0.0059
G1 X73.172 Y46.213 E0.00587
G1 X73.567 Y45.997 E0.0059
G1 X73.944 Y45.812 E0.00551
G1 X74.361 Y45.627 E0.00598
G1 X74.782 Y45.46 E0.00594
G1 X75.208 Y45.318 E0.00589
G1 X75.49 Y45.233 E0.00386
G1 X75.493 Y45.236 E0.00006
G1 X75.631 Y45.195 E0.00189
G1 X76.07 Y45.085 E0.00593
G1 X76.295 Y45.04 E0.00301
G1 X76.732 Y44.963 E0.00582
G1 X76.954 Y44.931 E0.00294
G1 X77.395 Y44.882 E0.00582
G1 X77.846 Y44.854 E0.00593
G1 X78.068 Y44.846 E0.00291
G1 X78.539 Y44.846 E0.00618
G1 X78.753 Y44.854 E0.00281
G1 X79.239 Y44.887 E0.00639
G1 X79.653 Y44.936 E0.00547
G1 X80.072 Y45.001 E0.00556
G1 X80.52 Y45.088 E0.00598
G1 X80.946 Y45.193 E0.00575
G1 X81.403 Y45.328 E0.00625
G1 X81.816 Y45.472 E0.00574
G1 X82.021 Y45.549 E0.00287
G1 X82.433 Y45.719 E0.00584
G1 X82.543 Y45.771 E0.0016
G1 X82.546 Y45.769 E0.00005
G1 X83.028 Y46.006 E0.00704
G1 X83.411 Y46.217 E0.00573
G1 X83.784 Y46.444 E0.00573
G1 X83.995 Y46.581 E0.0033
G1 X84.357 Y46.835 E0.0058
G1 X84.716 Y47.114 E0.00596
G1 X85.069 Y47.411 E0.00605
G1 X85.219 Y47.545 E0.00264
G1 X85.533 Y47.847 E0.00571
G1 X85.85 Y48.179 E0.00602
G1 X86.136 Y48.508 E0.00572
G1 X86.418 Y48.859 E0.0059
G1 X86.731 Y49.29 E0.00698
G1 X86.926 Y49.584 E0.00463
G1 X87.156 Y49.965 E0.00584
G1 X87.274 Y50.169 E0.00309
G1 X87.471 Y50.556 E0.00569
G1 X87.603 Y50.826 E0.00394
G1 X87.6 Y50.829 E0.00006
G1 X87.66 Y50.954 E0.00182
G1 X87.835 Y51.375 E0.00598
G1 X87.985 Y51.793 E0.00582
G1 X88.054 Y52.005 E0.00292
G1 X88.136 Y52.277 E0.00373
G1 X88.18 Y52.437 E0.00218
G1 X88.236 Y52.661 E0.00303
G1 X88.331 Y53.085 E0.0057
G1 X88.372 Y53.308 E0.00297
G1 X88.445 Y53.764 E0.00606
G1 X88.47 Y53.968 E0.0027
G1 X88.506 Y54.413 E0.00585
G1 X88.518 Y54.637 E0.00294
G1 X88.526 Y54.864 E0.00298
G1 X88.526 Y55.334 E0.00616
G1 X88.505 Y55.781 E0.00587
G1 X88.489 Y55.987 E0.00271
G1 X88.437 Y56.447 E0.00607
G1 X88.375 Y56.863 E0.00552
G1 X88.279 Y57.33 E0.00625
G1 X88.175 Y57.753 E0.00571
G1 X88.112 Y57.97 E0.00296
G1 X87.983 Y58.381 E0.00565
G1 X87.822 Y58.826 E0.00621
G1 X87.651 Y59.234 E0.0058
G1 X87.563 Y59.424 E0.00275
G1 X87.358 Y59.84 E0.00608
G1 X87.26 Y60.025 E0.00275
G1 X87.025 Y60.426 E0.00609
G1 X86.791 Y60.795 E0.00573
G1 X86.416 Y61.32 E0.00846
G1 X86.134 Y61.663 E0.00582
G1 X85.972 Y61.853 E0.00327
G1 X85.718 Y62.134 E0.00497
G1 X85.514 Y62.343 E0.00383
G1 X85.377 Y62.477 E0.00251
G1 X85.039 Y62.786 E0.00601
G1 X84.705 Y63.066 E0.00572
G1 X84.506 Y63.22 E0.0033
G1 X84.157 Y63.479 E0.0057
G1 X83.833 Y63.694 E0.0051
G1 X83.596 Y63.841 E0.00366
G1 X83.217 Y64.06 E0.00574
G1 X82.824 Y64.269 E0.00584
G1 X82.413 Y64.459 E0.00594
G1 X82.213 Y64.545 E0.00285
G1 X81.782 Y64.712 E0.00606
G1 X81.56 Y64.787 E0.00307
G1 X81.153 Y64.915 E0.00559
G1 X80.94 Y64.976 E0.00291
G1 X80.718 Y65.034 E0.00301
G1 X80.281 Y65.128 E0.00586
G1 X79.844 Y65.205 E0.00582
G1 X79.4 Y65.266 E0.00588
G1 X78.955 Y65.302 E0.00585
G1 X78.512 Y65.322 E0.00581
G0 F18000 X78.312 Y65.325
G1 F1800 E-3.5
;MESH:Dielectric - Part.STL
G0 F18000 X78.317 Y66.026
G0 X80.027 Y66.501
G0 X80.231 Y67.929
G0 X87.954 Y101.51
G0 X132.258 Y117.258
G1 F1800 E3.52079
G1 F1500 X87.738 Y117.258 E0.58378
G1 X87.738 Y102.738 E0.1904
G1 X132.258 Y102.738 E0.58378
G1 X132.258 Y117.258 E0.1904
G0 F18000 X132.258 Y117.058
G0 X131.59 Y116.59
G0 X94.998 Y109.998
;TYPE:SKIN
G1 F6939.1 X124.998 Y109.998 E0.60242
G0 F18000 X125.418 Y110.418
G1 F8400 X94.578 Y110.418 E0.51159
G1 X94.578 Y109.578 E0.01393
G1 X125.418 Y109.578 E0.51159
G1 X125.418 Y110.418 E0.01393
G0 F18000 X125.798 Y110.798
G1 F8400 X94.198 Y110.798 E0.5242
G1 X94.198 Y109.198 E0.02654
G1 X125.798 Y109.198 E0.5242
G1 X125.798 Y110.798 E0.02654
G0 F18000 X126.178 Y111.178
G1 F8400 X93.818 Y111.178 E0.5368
G1 X93.818 Y108.818 E0.03915
G1 X126.178 Y108.818 E0.5368
G1 X126.178 Y111.178 E0.03915
G0 F18000 X126.558 Y111.558
G1 F8400 X93.438 Y111.558 E0.54941
G1 X93.438 Y108.438 E0.05176
G1 X126.558 Y108.438 E0.54941
G1 X126.558 Y111.558 E0.05176
G0 F18000 X126.938 Y111.938
G1 F8400 X93.058 Y111.938 E0.56202
G1 X93.058 Y108.058 E0.06436
G1 X126.938 Y108.058 E0.56202
G1 X126.938 Y111.938 E0.06436
G0 F18000 X127.318 Y112.318
G1 F8400 X92.678 Y112.318 E0.57463
G1 X92.678 Y107.678 E0.07697
G1 X127.318 Y107.678 E0.57463
G1 X127.318 Y112.318 E0.07697
G0 F18000 X127.698 Y112.698
G1 F8400 X92.298 Y112.698 E0.58723
G1 X92.298 Y107.298 E0.08958
G1 X127.698 Y107.298 E0.58723
G1 X127.698 Y112.698 E0.08958
G0 F18000 X128.078 Y113.078
G1 F8400 X91.918 Y113.078 E0.59984
G1 X91.918 Y106.918 E0.10219
G1 X128.078 Y106.918 E0.59984
G1 X128.078 Y113.078 E0.10219
G0 F18000 X128.458 Y113.458
G1 F8400 X91.538 Y113.458 E0.61245
G1 X91.538 Y106.538 E0.11479
G1 X128.458 Y106.538 E0.61245
G1 X128.458 Y113.458 E0.11479
G0 F18000 X128.838 Y113.838
G1 F8400 X91.158 Y113.838 E0.62505
G1 X91.158 Y106.158 E0.1274
G1 X128.838 Y106.158 E0.62505
G1 X128.838 Y113.838 E0.1274
G0 F18000 X129.218 Y114.218
G1 F8400 X90.778 Y114.218 E0.63766
G1 X90.778 Y105.778 E0.14001
G1 X129.218 Y105.778 E0.63766
G1 X129.218 Y114.218 E0.14001
G0 F18000 X129.598 Y114.598
G1 F8400 X90.398 Y114.598 E0.65027
G1 X90.398 Y105.398 E0.15261
G1 X129.598 Y105.398 E0.65027
G1 X129.598 Y114.598 E0.15261
G0 F18000 X129.978 Y114.978
G1 F8400 X90.018 Y114.978 E0.66288
G1 X90.018 Y105.018 E0.16522
G1 X129.978 Y105.018 E0.66288
G1 X129.978 Y114.978 E0.16522
G0 F18000 X130.358 Y115.358
G1 F8400 X89.638 Y115.358 E0.67548
G1 X89.638 Y104.638 E0.17783
G1 X130.358 Y104.638 E0.67548
G1 X130.358 Y115.358 E0.17783
G0 F18000 X130.738 Y115.738
G1 F8400 X89.258 Y115.738 E0.68809
G1 X89.258 Y104.258 E0.19044
G1 X130.738 Y104.258 E0.68809
G1 X130.738 Y115.738 E0.19044
G0 F18000 X131.118 Y116.118
G1 F8400 X88.878 Y116.118 E0.7007
G1 X88.878 Y103.878 E0.20304
G1 X131.118 Y103.878 E0.7007
G1 X131.118 Y116.118 E0.20304
G0 F18000 X131.498 Y116.498
G1 F8400 X88.498 Y116.498 E0.71331
G1 X88.498 Y103.498 E0.21565
G1 X131.498 Y103.498 E0.71331
G1 X131.498 Y116.498 E0.21565
G0 F18000 X131.878 Y116.878
G1 F8400 X88.118 Y116.878 E0.72591
G1 X88.118 Y103.118 E0.22826
G1 X131.878 Y103.118 E0.72591
G1 X131.878 Y116.878 E0.22826
G0 F18000 X131.28 Y116.392
G1 F1800 E-3.5
;MESH:NONMESH
G0 F1200 X131.28 Y116.392 Z1
G0 F18000 X87.954 Y102.954
G0 X87.954 Y101.51
G0 X86.823 Y64.88
G0 X86.089 Y63.593
G0 X86.706 Y62.165
;TIME_ELAPSED:250.057865
;LAYER:7
;TYPE:WALL-INNER
;MESH:01_Prime_Insulator.STL
G1 F1800 E3.52079
G1 F2984.3 X86.997 Y61.807 E0.00608
G1 F2992.1 X87.153 Y61.598 E0.00343
G1 F2984.3 X87.286 Y61.413 E0.003
G1 F3000 X87.421 Y61.217 E0.00312
G1 F3007.9 X87.558 Y61.006 E0.00329
G1 X87.667 Y60.831 E0.0027
G1 X87.924 Y60.392 E0.00665
G1 X88.038 Y60.18 E0.00315
G1 F3015.9 X88.248 Y59.75 E0.00624
G1 X88.351 Y59.529 E0.00318
G1 F3007.9 X88.532 Y59.095 E0.00615
G1 F2984.3 X88.62 Y58.859 E0.00332
G1 F2992.1 X88.698 Y58.637 E0.00309
G1 X88.845 Y58.175 E0.00637
G1 F2976.5 X88.904 Y57.966 E0.00287
G1 F2992.1 X89.025 Y57.474 E0.00666
G1 F3007.9 X89.119 Y57.014 E0.00614
G1 F2992.1 X89.165 Y56.731 E0.00377
G1 F2984.3 X89.191 Y56.536 E0.00259
G1 F3000 X89.246 Y56.052 E0.00639
G1 X89.278 Y55.576 E0.00626
G1 X89.286 Y55.342 E0.00307
G1 X89.286 Y54.864 E0.00627
G1 F2992.1 X89.278 Y54.616 E0.00326
G1 X89.265 Y54.38 E0.00311
G1 X89.245 Y54.126 E0.00335
G1 F3000 X89.198 Y53.673 E0.00597
G1 F3007.9 X89.162 Y53.428 E0.00324
G1 F2992.1 X89.122 Y53.184 E0.00325
G1 F2984.3 X89.08 Y52.952 E0.00311
G1 X88.98 Y52.501 E0.00609
G1 X88.918 Y52.253 E0.00337
G1 F2976.5 X88.873 Y52.093 E0.0022
G1 X88.704 Y51.545 E0.00758
G1 F3000 X88.532 Y51.074 E0.00658
G1 F3007.9 X88.362 Y50.666 E0.00578
G1 F3015.9 X88.285 Y50.494 E0.00246
G1 F3007.9 X88.047 Y50.013 E0.00702
G1 X87.944 Y49.817 E0.0029
G1 X87.816 Y49.59 E0.00341
G1 F2992.1 X87.572 Y49.185 E0.00622
G1 F3000 X87.362 Y48.869 E0.00498
G1 X87.026 Y48.403 E0.00753
G1 X86.726 Y48.03 E0.00628
G1 F2992.1 X86.566 Y47.841 E0.00326
G1 X86.411 Y47.666 E0.00307
G1 F3000 X86.077 Y47.317 E0.00633
G1 F3007.9 X85.705 Y46.96 E0.00674
G1 F3000 X85.549 Y46.823 E0.00272
G1 X85.196 Y46.527 E0.00604
G1 F3007.9 X84.989 Y46.363 E0.00345
G1 F3015.9 X84.803 Y46.221 E0.00305
G1 F3023.9 X84.416 Y45.95 E0.00615
G1 F3000 X84.204 Y45.811 E0.00332
G1 F2976.5 X84.004 Y45.687 E0.00311
G1 F2992.1 X83.806 Y45.569 E0.00303
G1 F3023.9 X83.378 Y45.333 E0.00636
G1 F3007.9 X83.162 Y45.224 E0.00316
G1 X82.874 Y45.085 E0.00418
G1 F3023.9 X82.755 Y45.032 E0.00169
G1 F3000 X82.321 Y44.85 E0.00617
G1 X82.052 Y44.749 E0.00377
G1 F3015.9 X81.608 Y44.597 E0.00612
G1 F3023.9 X81.16 Y44.466 E0.00607
G1 X80.694 Y44.35 E0.00625
G1 X80.215 Y44.256 E0.00635
G1 F2992.1 X79.924 Y44.207 E0.00388
G1 F2976.5 X79.736 Y44.181 E0.00251
G1 F3007.9 X79.278 Y44.128 E0.00603
G1 F3000 X79.022 Y44.11 E0.00337
G1 X78.543 Y44.086 E0.00629
G1 F3007.9 X78.068 Y44.086 E0.00621
G1 F2992.1 X77.577 Y44.109 E0.00646
G1 F3000 X77.348 Y44.125 E0.00301
G1 X77.106 Y44.149 E0.00319
G1 X76.871 Y44.177 E0.0031
G1 F3007.9 X76.621 Y44.212 E0.0033
G1 F2992.1 X76.386 Y44.252 E0.00313
G1 F3000 X75.909 Y44.344 E0.00637
G1 F2984.3 X75.617 Y44.413 E0.00396
G1 F2976.5 X75.27 Y44.506 E0.00475
G1 F3000 X74.761 Y44.665 E0.00699
G1 F3015.9 X74.539 Y44.742 E0.00306
G1 X74.093 Y44.917 E0.00625
G1 F3000 X73.643 Y45.115 E0.00645
G1 F2992.1 X73.435 Y45.214 E0.00303
G1 F3000 X73.197 Y45.335 E0.0035
G1 F3015.9 X72.791 Y45.557 E0.00604
G1 F3007.9 X72.395 Y45.796 E0.00605
G1 X71.996 Y46.061 E0.00626
G1 X71.794 Y46.206 E0.00325
G1 X71.412 Y46.501 E0.00631
G1 F2984.3 X71.2 Y46.673 E0.0036
G1 X70.901 Y46.935 E0.00524
G1 F3015.9 X70.529 Y47.289 E0.0067
G1 F2992.1 X70.348 Y47.474 E0.0034
G1 F2968.8 X70.024 Y47.824 E0.00632
G1 F2984.3 X69.874 Y47.998 E0.00303
G1 F3031.9 X69.721 Y48.186 E0.00314
G1 F3040 X69.567 Y48.382 E0.00323
G1 F3015.9 X69.428 Y48.566 E0.00301
G1 F3031.9 X69.284 Y48.769 E0.00323
G1 F3023.9 X69.022 Y49.157 E0.00609
G1 F3000 X68.768 Y49.574 E0.0064
G1 X68.652 Y49.775 E0.00304
G1 F2992.1 X68.539 Y49.988 E0.00317
G1 F3000 X68.329 Y50.415 E0.00624
G1 F3015.9 X68.225 Y50.641 E0.00325
G1 X68.049 Y51.063 E0.00596
G1 F2992.1 X67.954 Y51.313 E0.00352
G1 F2984.3 X67.878 Y51.531 E0.00304
G1 X67.798 Y51.774 E0.00337
G1 F2968.8 X67.73 Y51.994 E0.00305
G1 F2976.5 X67.672 Y52.202 E0.00285
G1 F2992.1 X67.607 Y52.46 E0.0035
G1 X67.504 Y52.913 E0.00611
G1 F2976.5 X67.457 Y53.164 E0.00337
G1 F2961 X67.412 Y53.429 E0.00357
G1 F2992.1 X67.356 Y53.866 E0.00579
G1 F3007.9 X67.331 Y54.116 E0.00329
G1 F2984.3 X67.298 Y54.596 E0.00634
G1 F2992.1 X67.29 Y54.834 E0.00313
G1 F3000 X67.286 Y55.072 E0.00312
G1 X67.298 Y55.55 E0.00627
G1 F3007.9 X67.312 Y55.787 E0.0031
G1 F3015.9 X67.35 Y56.261 E0.0062
G1 F3007.9 X67.382 Y56.52 E0.00341
G1 F3015.9 X67.45 Y56.964 E0.00586
G1 F3007.9 X67.497 Y57.214 E0.00333
G1 F2984.3 X67.598 Y57.678 E0.00626
G1 X67.658 Y57.915 E0.00322
G1 F2992.1 X67.724 Y58.15 E0.00321
G1 F3007.9 X67.868 Y58.61 E0.0063
G1 X68.027 Y59.052 E0.00614
G1 F3000 X68.21 Y59.498 E0.00632
G1 X68.321 Y59.738 E0.00347
G1 F3007.9 X68.52 Y60.141 E0.00588
G1 F3015.9 X68.645 Y60.375 E0.00346
G1 F3007.9 X68.759 Y60.58 E0.00307
G1 F2992.1 X68.909 Y60.832 E0.00386
G1 F3000 X69.13 Y61.179 E0.00539
G1 F3007.9 X69.27 Y61.383 E0.00324
G1 F3000 X69.555 Y61.771 E0.00631
G1 F2992.1 X69.848 Y62.138 E0.00617
G1 F2984.3 X69.994 Y62.31 E0.00297
G1 X70.166 Y62.504 E0.00342
G1 X70.334 Y62.682 E0.00323
G1 F2992.1 X70.673 Y63.024 E0.00633
G1 F2984.3 X70.819 Y63.161 E0.00264
G1 F2992.1 X71.016 Y63.337 E0.00347
G1 F3007.9 X71.382 Y63.649 E0.00629
G1 X71.574 Y63.8 E0.00319
G1 F3015.9 X71.77 Y63.944 E0.00317
G1 F3023.9 X72.152 Y64.214 E0.00609
G1 F3007.9 X72.372 Y64.357 E0.00343
G1 F2984.3 X72.767 Y64.599 E0.00611
G1 X72.985 Y64.722 E0.0033
G1 F3000 X73.402 Y64.94 E0.00617
G1 F3015.9 X73.626 Y65.048 E0.00324
G1 F3007.9 X74.099 Y65.258 E0.00677
G1 F3000 X74.294 Y65.335 E0.00275
G1 F2984.3 X74.532 Y65.424 E0.00335
G1 F2976.5 X74.756 Y65.502 E0.00313
G1 X75.197 Y65.641 E0.00611
G1 F2984.3 X75.4 Y65.7 E0.00279
G1 F3007.9 X75.89 Y65.819 E0.00659
G1 X76.133 Y65.871 E0.00325
G1 F2984.3 X76.652 Y65.963 E0.00695
G1 X77.085 Y66.02 E0.00576
G1 F3000 X77.554 Y66.059 E0.00617
G1 X77.8 Y66.074 E0.00323
G1 F2992.1 X78.034 Y66.082 E0.00308
G1 X78.276 Y66.086 E0.00318
G1 F3000 X78.514 Y66.082 E0.00312
G1 F2984.3 X78.748 Y66.074 E0.00309
G1 F2976.5 X78.992 Y66.06 E0.00323
G1 F3007.9 X79.496 Y66.019 E0.00661
G1 F3015.9 X79.725 Y65.99 E0.00301
G1 F2968.8 X80.196 Y65.917 E0.00632
G1 F2961 X80.411 Y65.877 E0.00291
G1 F3015.9 X80.895 Y65.771 E0.00646
G1 X81.134 Y65.711 E0.00321
G1 F2984.3 X81.317 Y65.66 E0.0025
G1 F2992.1 X81.805 Y65.506 E0.00673
G1 F3000 X81.988 Y65.445 E0.00253
G1 F3015.9 X82.476 Y65.257 E0.00682
G1 X82.709 Y65.157 E0.00331
G1 X83.136 Y64.96 E0.00613
G1 X83.574 Y64.731 E0.00645
G1 F2976.5 X83.784 Y64.613 E0.00318
G1 F2953.4 X83.978 Y64.499 E0.003
G1 F2984.3 X84.233 Y64.339 E0.00397
G1 F3015.9 X84.576 Y64.111 E0.00537
G1 F3007.9 X84.782 Y63.962 E0.00333
G1 F3000 X84.974 Y63.818 E0.00315
G1 X85.163 Y63.67 E0.00315
G1 F2992.1 X85.38 Y63.492 E0.00369
G1 F3000 X85.539 Y63.357 E0.00274
G1 F2992.1 X85.714 Y63.2 E0.00309
G1 X85.883 Y63.043 E0.00303
G1 F3007.9 X86.059 Y62.873 E0.0032
G1 F3015.9 X86.246 Y62.679 E0.00351
G1 F3007.9 X86.537 Y62.36 E0.00565
G1 F2976.5 X86.706 Y62.165 E0.00341
G0 F18000 X84.726 Y63.858
G0 X83.312 Y64.737
G0 X81.783 Y65.389
G0 X80.669 Y65.688
G0 X78.528 Y66.023
G0 X78.508 Y65.702
G1 F3000 X78.28 Y65.706 E0.00299
G1 X78.047 Y65.702 E0.00306
G1 X77.82 Y65.694 E0.00298
G1 X77.585 Y65.681 E0.00309
G1 X77.126 Y65.643 E0.00604
G1 X76.888 Y65.615 E0.00314
G1 X76.226 Y65.503 E0.0088
G1 X75.978 Y65.451 E0.00332
G1 X75.546 Y65.347 E0.00583
G1 X75.31 Y65.277 E0.00323
G1 X74.863 Y65.137 E0.00614
G1 X74.434 Y64.982 E0.00598
G1 X74.2 Y64.889 E0.0033
G1 X73.789 Y64.707 E0.00589
G1 X73.597 Y64.615 E0.00279
G1 X73.172 Y64.391 E0.0063
G1 X72.966 Y64.275 E0.0031
G1 X72.574 Y64.035 E0.00603
G1 X72.37 Y63.906 E0.00316
G1 X71.832 Y63.522 E0.00867
G1 X71.627 Y63.359 E0.00343
G1 X71.271 Y63.058 E0.00611
G1 X70.951 Y62.766 E0.00568
G1 X70.609 Y62.42 E0.00638
G1 X70.45 Y62.251 E0.00304
G1 X70.284 Y62.065 E0.00327
G1 X70.144 Y61.899 E0.00285
G1 X69.86 Y61.545 E0.00595
G1 X69.581 Y61.165 E0.00618
G1 X69.45 Y60.977 E0.003
G1 X69.221 Y60.615 E0.00562
G1 X69.089 Y60.392 E0.0034
G1 X68.863 Y59.983 E0.00613
G1 X68.664 Y59.576 E0.00594
G1 X68.561 Y59.354 E0.00321
G1 X68.384 Y58.923 E0.00611
G1 X68.229 Y58.495 E0.00597
G1 X68.09 Y58.05 E0.00611
G1 X68.027 Y57.821 E0.00311
G1 X67.968 Y57.591 E0.00311
G1 X67.917 Y57.371 E0.00296
G1 X67.824 Y56.909 E0.00618
G1 X67.758 Y56.471 E0.00581
G1 X67.727 Y56.231 E0.00317
G1 X67.69 Y55.767 E0.0061
G1 X67.678 Y55.54 E0.00298
G1 X67.666 Y55.076 E0.00609
G1 X67.67 Y54.846 E0.00302
G1 X67.678 Y54.616 E0.00302
G1 X67.691 Y54.381 E0.00309
G1 X67.73 Y53.914 E0.00614
G1 X67.758 Y53.698 E0.00286
G1 X67.794 Y53.458 E0.00318
G1 X67.875 Y52.995 E0.00616
G1 X67.971 Y52.567 E0.00575
G1 X68.08 Y52.153 E0.00561
G1 X68.235 Y51.659 E0.00679
G1 X68.398 Y51.208 E0.00629
G1 X68.568 Y50.8 E0.0058
G1 X68.668 Y50.583 E0.00313
G1 X68.876 Y50.164 E0.00613
G1 X68.981 Y49.964 E0.00296
G1 X69.21 Y49.572 E0.00595
G1 X69.338 Y49.367 E0.00317
G1 X69.592 Y48.985 E0.00602
G1 X69.624 Y48.946 E0.00066
G1 X69.729 Y48.795 E0.00241
G1 X70.009 Y48.426 E0.00607
G1 X70.176 Y48.229 E0.00339
G1 X70.463 Y47.907 E0.00566
G1 X70.79 Y47.563 E0.00622
G1 X71.151 Y47.219 E0.00654
G1 X71.292 Y47.095 E0.00246
G1 X71.643 Y46.8 E0.00601
G1 X72.017 Y46.513 E0.00618
G1 X72.205 Y46.376 E0.00305
G1 X72.572 Y46.132 E0.00578
G1 X72.979 Y45.885 E0.00624
G1 X73.378 Y45.667 E0.00596
G1 X73.796 Y45.462 E0.0061
G1 X74.221 Y45.274 E0.00609
G1 X74.64 Y45.107 E0.00591
G1 X75.098 Y44.954 E0.00633
G1 X75.373 Y44.871 E0.00377
G1 X75.416 Y44.862 E0.00058
G1 X75.537 Y44.826 E0.00166
G1 X75.996 Y44.712 E0.0062
G1 X76.229 Y44.666 E0.00311
G1 X76.677 Y44.588 E0.00596
G1 X76.912 Y44.553 E0.00312
G1 X77.371 Y44.503 E0.00605
G1 X77.841 Y44.474 E0.00617
G1 X78.068 Y44.466 E0.00298
G1 X78.53 Y44.465 E0.00606
G1 X78.766 Y44.475 E0.0031
G1 X79.254 Y44.506 E0.00641
G1 X79.679 Y44.556 E0.00561
G1 X80.144 Y44.627 E0.00617
G1 X80.604 Y44.718 E0.00615
G1 X81.054 Y44.828 E0.00607
G1 X81.527 Y44.968 E0.00647
G1 X81.92 Y45.104 E0.00545
G1 X82.179 Y45.203 E0.00364
G1 X82.595 Y45.375 E0.0059
G1 X82.732 Y45.436 E0.00197
G1 X83.183 Y45.656 E0.00658
G1 X83.609 Y45.892 E0.00639
G1 X83.997 Y46.13 E0.00597
G1 X84.199 Y46.26 E0.00315
G1 X84.576 Y46.523 E0.00603
G1 X84.58 Y46.529 E0.00009
G1 X84.942 Y46.807 E0.00599
G1 X85.453 Y47.242 E0.0088
G1 X85.805 Y47.582 E0.00642
G1 X86.126 Y47.917 E0.00608
G1 X86.277 Y48.088 E0.00299
G1 X86.431 Y48.269 E0.00312
G1 X86.718 Y48.625 E0.006
G1 X87.046 Y49.079 E0.00734
G1 X87.249 Y49.384 E0.0048
G1 X87.372 Y49.584 E0.00308
G1 X87.608 Y49.988 E0.00614
G1 X87.812 Y50.388 E0.00589
G1 X87.942 Y50.652 E0.00386
G1 X87.958 Y50.696 E0.00061
G1 X88.012 Y50.812 E0.00168
G1 X88.193 Y51.246 E0.00617
G1 X88.34 Y51.659 E0.00575
G1 X88.418 Y51.897 E0.00328
G1 X88.547 Y52.336 E0.006
G1 X88.609 Y52.583 E0.00334
G1 X88.706 Y53.019 E0.00586
G1 X88.747 Y53.246 E0.00302
G1 X88.822 Y53.718 E0.00627
G1 X88.848 Y53.937 E0.00289
G1 X88.886 Y54.4 E0.00609
G1 X88.898 Y54.629 E0.00301
G1 X88.906 Y54.864 E0.00308
G1 X88.906 Y55.328 E0.00608
G1 X88.898 Y55.556 E0.00299
G1 X88.87 Y56.003 E0.00587
G1 X88.816 Y56.48 E0.00629
G1 X88.748 Y56.939 E0.00608
G1 X88.658 Y57.378 E0.00588
G1 X88.55 Y57.823 E0.006
G1 X88.481 Y58.062 E0.00326
G1 X88.345 Y58.5 E0.00601
G1 X88.182 Y58.949 E0.00626
G1 X88.007 Y59.371 E0.00599
G1 X87.908 Y59.584 E0.00308
G1 X87.705 Y60 E0.00607
G1 X87.483 Y60.399 E0.00599
G1 X87.347 Y60.629 E0.0035
G1 X87.111 Y61 E0.00577
G1 X86.715 Y61.554 E0.00893
G1 X86.287 Y62.071 E0.0088
G1 X85.976 Y62.415 E0.00608
G1 X85.794 Y62.601 E0.00341
G1 X85.633 Y62.756 E0.00293
G1 X85.628 Y62.764 E0.00012
G1 X85.282 Y63.077 E0.00612
G1 X84.953 Y63.355 E0.00565
G1 X84.748 Y63.513 E0.00339
G1 X84.367 Y63.796 E0.00622
G1 X84.033 Y64.017 E0.00525
G1 X83.786 Y64.169 E0.0038
G1 X83.405 Y64.392 E0.00579
G1 X82.979 Y64.617 E0.00632
G1 X82.35 Y64.901 E0.00905
G1 X81.904 Y65.072 E0.00626
G1 X81.691 Y65.144 E0.00295
G1 X81.271 Y65.277 E0.00578
G1 X81.038 Y65.343 E0.00318
G1 X80.808 Y65.404 E0.00312
G1 X80.346 Y65.502 E0.00619
G1 X79.85 Y65.588 E0.0066
G1 X79.431 Y65.645 E0.00554
G1 X78.972 Y65.681 E0.00604
G1 X78.508 Y65.702 E0.00609
G0 F18000 X78.31 Y66.466
G1 F3000 X78.798 Y66.453 E0.0064
G1 X79.279 Y66.42 E0.00632
G1 X79.549 Y66.393 E0.00356
G1 X79.792 Y66.364 E0.00321
G1 X80.269 Y66.293 E0.00632
G1 X80.522 Y66.243 E0.00338
G1 X80.752 Y66.192 E0.00309
G1 X81.254 Y66.072 E0.00677
G1 X81.449 Y66.017 E0.00266
G1 X81.695 Y65.94 E0.00338
G1 X82.163 Y65.785 E0.00646
G1 X82.67 Y65.585 E0.00715
G1 X82.888 Y65.492 E0.00311
G1 X83.09 Y65.401 E0.00291
G1 X83.314 Y65.293 E0.00326
G1 X83.788 Y65.047 E0.007
G1 X83.978 Y64.942 E0.00285
G1 X84.206 Y64.806 E0.00348
G1 X84.603 Y64.551 E0.00619
G1 X84.838 Y64.389 E0.00374
G1 X85.01 Y64.266 E0.00277
G1 X85.229 Y64.101 E0.0036
G1 X85.629 Y63.78 E0.00673
G1 X85.977 Y63.476 E0.00606
G1 X86.35 Y63.119 E0.00677
G1 X86.676 Y62.774 E0.00622
G1 X86.868 Y62.559 E0.00378
G1 X87.02 Y62.383 E0.00305
G1 X87.3 Y62.036 E0.00585
G1 X87.474 Y61.802 E0.00382
G1 X87.605 Y61.619 E0.00295
G1 X87.763 Y61.387 E0.00368
G1 X87.881 Y61.206 E0.00283
G1 X88.148 Y60.765 E0.00676
G1 X88.267 Y60.555 E0.00317
G1 X88.381 Y60.341 E0.00318
G1 X88.601 Y59.889 E0.00659
G1 X88.7 Y59.676 E0.00308
G1 X88.799 Y59.446 E0.00328
G1 X88.981 Y58.981 E0.00655
G1 X89.131 Y58.538 E0.00613
G1 X89.213 Y58.278 E0.00357
G1 X89.28 Y58.035 E0.00331
G1 X89.278 Y58.034 E0.00003
G1 X89.346 Y57.766 E0.00363
G1 X89.45 Y57.31 E0.00613
G1 X89.544 Y56.776 E0.00711
G1 X89.624 Y56.081 E0.00917
G1 X89.644 Y55.819 E0.00345
G1 X89.659 Y55.566 E0.00332
G1 X89.666 Y55.304 E0.00344
G1 X89.666 Y54.847 E0.00599
G1 X89.657 Y54.569 E0.00365
G1 X89.623 Y54.086 E0.00635
G1 X89.566 Y53.555 E0.007
G1 X89.493 Y53.103 E0.006
G1 X89.443 Y52.831 E0.00363
G1 X89.343 Y52.38 E0.00606
G1 X89.289 Y52.163 E0.00293
G1 X89.226 Y51.944 E0.00299
G1 X89.061 Y51.414 E0.00728
G1 X88.874 Y50.909 E0.00706
G1 X88.706 Y50.506 E0.00573
G1 X88.595 Y50.266 E0.00347
G1 X88.381 Y49.832 E0.00635
G1 X88.142 Y49.395 E0.00653
G1 X87.892 Y48.98 E0.00635
G1 X87.611 Y48.56 E0.00663
G1 X87.47 Y48.362 E0.00319
G1 X87.322 Y48.165 E0.00323
G1 X86.988 Y47.751 E0.00698
G1 X86.841 Y47.576 E0.003
G1 X86.679 Y47.396 E0.00318
G1 X86.321 Y47.024 E0.00677
G1 X86.162 Y46.87 E0.0029
G1 X85.949 Y46.671 E0.00382
G1 X85.611 Y46.375 E0.00589
G1 X85.217 Y46.059 E0.00662
G1 X84.997 Y45.895 E0.0036
G1 X84.597 Y45.616 E0.00639
G1 X84.376 Y45.47 E0.00347
G1 X84.196 Y45.358 E0.00278
G1 X83.956 Y45.218 E0.00364
G1 X83.529 Y44.987 E0.00637
G1 X83.325 Y44.881 E0.00301
G1 X83.105 Y44.776 E0.0032
G1 X82.875 Y44.671 E0.00332
G1 X82.642 Y44.57 E0.00333
G1 X82.388 Y44.469 E0.00358
G1 X82.192 Y44.396 E0.00274
G1 X81.717 Y44.234 E0.00658
G1 X81.43 Y44.147 E0.00393
G1 X80.996 Y44.033 E0.00588
G1 X80.725 Y43.969 E0.00365
G1 X79.97 Y43.827 E0.01007
G1 X79.285 Y43.748 E0.00904
G1 X79.04 Y43.73 E0.00322
G1 X78.508 Y43.706 E0.00698
G1 X78.016 Y43.708 E0.00645
G1 X77.55 Y43.729 E0.00612
G1 X77.058 Y43.772 E0.00648
G1 X76.534 Y43.841 E0.00693
G1 X76.313 Y43.878 E0.00294
G1 X75.796 Y43.982 E0.00692
G1 X75.521 Y44.043 E0.00369
G1 X75.134 Y44.152 E0.00527
G1 X74.634 Y44.306 E0.00686
G1 X74.133 Y44.492 E0.00701
G1 X73.897 Y44.588 E0.00334
G1 X73.463 Y44.78 E0.00622
G1 X73.261 Y44.876 E0.00293
G1 X73.017 Y45.002 E0.0036
G1 X72.578 Y45.243 E0.00657
G1 X72.176 Y45.486 E0.00616
G1 X71.742 Y45.776 E0.00684
G1 X71.536 Y45.925 E0.00333
G1 X71.37 Y46.051 E0.00273
G1 X70.951 Y46.383 E0.00701
G1 X70.775 Y46.537 E0.00307
G1 X70.427 Y46.859 E0.00622
G1 X70.07 Y47.213 E0.00659
G1 X69.889 Y47.406 E0.00347
G1 X69.724 Y47.588 E0.00322
G1 X69.578 Y47.76 E0.00296
G1 X69.264 Y48.155 E0.00662
G1 X69.118 Y48.349 E0.00318
G1 X68.83 Y48.761 E0.00659
G1 X68.705 Y48.949 E0.00296
G1 X68.431 Y49.398 E0.0069
G1 X68.3 Y49.63 E0.00349
G1 X68.197 Y49.821 E0.00285
G1 X67.974 Y50.281 E0.0067
G1 X67.882 Y50.483 E0.00291
G1 X67.681 Y50.963 E0.00682
G1 X67.594 Y51.19 E0.00319
G1 X67.433 Y51.662 E0.00654
G1 X67.363 Y51.892 E0.00315
G1 X67.296 Y52.133 E0.00328
G1 X67.298 Y52.134 E0.00003
G1 X67.227 Y52.414 E0.00379
G1 X67.122 Y52.886 E0.00634
G1 X67.081 Y53.1 E0.00286
G1 X67.032 Y53.395 E0.00392
G1 X66.952 Y54.087 E0.00913
G1 X66.918 Y54.584 E0.00653
G1 X66.91 Y54.841 E0.00337
G1 X66.906 Y55.104 E0.00345
G1 X66.918 Y55.573 E0.00615
G1 X66.952 Y56.075 E0.0066
G1 X67.01 Y56.61 E0.00706
G1 X67.085 Y57.079 E0.00623
G1 X67.125 Y57.294 E0.00287
G1 X67.233 Y57.79 E0.00666
G1 X67.287 Y58.005 E0.00291
G1 X67.371 Y58.291 E0.00391
G1 X67.521 Y58.767 E0.00654
G1 X67.591 Y58.967 E0.00278
G1 X67.693 Y59.24 E0.00382
G1 X67.859 Y59.642 E0.0057
G1 X67.987 Y59.918 E0.00399
G1 X68.204 Y60.355 E0.0064
G1 X68.439 Y60.784 E0.00641
G1 X68.587 Y61.033 E0.0038
G1 X68.821 Y61.399 E0.0057
G1 X68.961 Y61.604 E0.00326
G1 X69.106 Y61.805 E0.00325
G1 X69.283 Y62.04 E0.00386
G1 X69.572 Y62.401 E0.00606
G1 X69.74 Y62.599 E0.0034
G1 X69.888 Y62.763 E0.0029
G1 X70.062 Y62.948 E0.00333
G1 X70.234 Y63.123 E0.00322
G1 X70.567 Y63.447 E0.00609
G1 X70.97 Y63.8 E0.00703
G1 X71.173 Y63.967 E0.00345
G1 X71.386 Y64.131 E0.00353
G1 X71.755 Y64.398 E0.00597
G1 X71.987 Y64.558 E0.0037
G1 X72.193 Y64.693 E0.00323
G1 X72.38 Y64.811 E0.0029
G1 X72.612 Y64.949 E0.00354
G1 X73.026 Y65.176 E0.00619
G1 X73.47 Y65.393 E0.00648
G1 X73.92 Y65.592 E0.00645
G1 X73.932 Y65.6 E0.00019
G1 X74.411 Y65.786 E0.00674
G1 X74.831 Y65.925 E0.0058
G1 X75.103 Y66.011 E0.00374
G1 X75.318 Y66.071 E0.00293
G1 X75.82 Y66.193 E0.00677
G1 X76.066 Y66.245 E0.0033
G1 X76.604 Y66.341 E0.00717
G1 X77.079 Y66.401 E0.00628
G1 X77.525 Y66.437 E0.00587
G1 X77.788 Y66.454 E0.00346
G1 X78.31 Y66.466 E0.00685
G0 F18000 X78.307 Y66.145
G0 X75.474 Y65.595
G0 X73.909 Y65.045
G0 X72.449 Y64.264
G0 X71.113 Y63.264
G0 X69.953 Y62.077
G0 X68.989 Y60.732
G0 X68.329 Y59.465
G0 X67.781 Y57.9
G0 X67.474 Y56.268
G0 X67.421 Y54.613
G0 X67.62 Y52.96
G0 X67.988 Y51.585
G0 X68.638 Y50.063
G0 X69.518 Y48.65
G0 X70.598 Y47.39
G0 X71.853 Y46.315
G0 X73.265 Y45.436
G0 X74.64 Y44.849
G0 X77.32 Y44.069
G0 X77.232 Y43.373
;TYPE:WALL-OUTER
G1 F1500 X77.522 Y43.35 E0.00381
G1 X77.998 Y43.328 E0.00625
G1 X78.508 Y43.326 E0.00669
G1 X79.08 Y43.352 E0.00751
G1 X79.314 Y43.369 E0.00308
G1 X79.576 Y43.397 E0.00346
G1 X80.039 Y43.453 E0.00612
G1 X80.847 Y43.606 E0.01078
G1 X81.084 Y43.663 E0.0032
G1 X81.528 Y43.78 E0.00602
G1 X81.826 Y43.87 E0.00408
G1 X82.278 Y44.024 E0.00626
G1 X82.521 Y44.113 E0.00339
G1 X82.787 Y44.219 E0.00375
G1 X83.025 Y44.322 E0.0034
G1 X83.489 Y44.538 E0.00671
G1 X83.725 Y44.659 E0.00348
G1 X84.142 Y44.887 E0.00623
G1 X84.388 Y45.03 E0.00373
G1 X84.578 Y45.148 E0.00293
G1 X84.809 Y45.3 E0.00363
G1 X85.037 Y45.456 E0.00362
G1 X85.219 Y45.586 E0.00293
G1 X85.445 Y45.755 E0.0037
G1 X85.849 Y46.079 E0.00679
G1 X86.024 Y46.229 E0.00302
G1 X86.203 Y46.388 E0.00314
G1 X86.422 Y46.593 E0.00393
G1 X86.587 Y46.753 E0.00301
G1 X86.931 Y47.111 E0.00651
G1 X87.124 Y47.323 E0.00376
G1 X87.279 Y47.506 E0.00314
G1 X87.618 Y47.927 E0.00709
G1 X87.774 Y48.134 E0.0034
G1 X87.92 Y48.339 E0.0033
G1 X88.203 Y48.762 E0.00667
G1 X88.468 Y49.2 E0.00671
G1 X88.723 Y49.664 E0.00694
G1 X88.937 Y50.099 E0.00636
G1 X89.033 Y50.307 E0.003
G1 X89.226 Y50.765 E0.00652
G1 X89.424 Y51.301 E0.00749
G1 X89.589 Y51.832 E0.00729
G1 X89.663 Y52.09 E0.00352
G1 X89.661 Y52.092 E0.00004
G1 X89.711 Y52.284 E0.0026
G1 X89.822 Y52.785 E0.00673
G1 X89.867 Y53.035 E0.00333
G1 X89.946 Y53.53 E0.00657
G1 X90.004 Y54.072 E0.00715
G1 X90.036 Y54.545 E0.00622
G1 X90.046 Y54.806 E0.00342
G1 X90.046 Y55.304 E0.00653
G1 X90.039 Y55.578 E0.00359
G1 X90.003 Y56.11 E0.00699
G1 X89.975 Y56.372 E0.00346
G1 X89.919 Y56.84 E0.00618
G1 X89.823 Y57.38 E0.00719
G1 X89.716 Y57.854 E0.00637
G1 X89.652 Y58.102 E0.00336
G1 X89.655 Y58.104 E0.00005
G1 X89.577 Y58.386 E0.00384
G1 X89.493 Y58.652 E0.00366
G1 X89.341 Y59.103 E0.00624
G1 X89.243 Y59.363 E0.00364
G1 X89.046 Y59.835 E0.00671
G1 X88.723 Y60.508 E0.00979
G1 X88.602 Y60.735 E0.00337
G1 X88.478 Y60.954 E0.0033
G1 X88.204 Y61.406 E0.00693
G1 X88.081 Y61.595 E0.00296
G1 X87.92 Y61.832 E0.00376
G1 X87.783 Y62.024 E0.00309
G1 X87.596 Y62.274 E0.00409
G1 X87.29 Y62.654 E0.0064
G1 X86.957 Y63.03 E0.00659
G1 X86.613 Y63.394 E0.00657
G1 X86.227 Y63.763 E0.007
G1 X85.878 Y64.067 E0.00607
G1 X85.681 Y64.228 E0.00334
G1 X85.463 Y64.4 E0.00364
G1 X85.238 Y64.57 E0.0037
G1 X85.059 Y64.698 E0.00289
G1 X84.817 Y64.865 E0.00386
G1 X84.369 Y65.153 E0.00698
G1 X84.17 Y65.27 E0.00303
G1 X83.942 Y65.396 E0.00342
G1 X83.488 Y65.631 E0.0067
G1 X83.255 Y65.743 E0.00339
G1 X83.044 Y65.839 E0.00304
G1 X82.817 Y65.935 E0.00323
G1 X82.244 Y66.161 E0.00808
G1 X81.804 Y66.305 E0.00607
G1 X81.581 Y66.373 E0.00306
G1 X81.579 Y66.377 E0.00006
G1 X81.353 Y66.439 E0.00307
G1 X80.839 Y66.562 E0.00693
G1 X80.603 Y66.614 E0.00317
G1 X80.309 Y66.672 E0.00393
G1 X79.845 Y66.74 E0.00615
G1 X79.593 Y66.771 E0.00333
G1 X79.315 Y66.798 E0.00366
G1 X78.821 Y66.832 E0.00649
G1 X78.316 Y66.846 E0.00662
G1 X77.793 Y66.834 E0.00686
G1 X77.533 Y66.819 E0.00341
G1 X76.998 Y66.775 E0.00704
G1 X76.537 Y66.716 E0.00609
G1 X75.985 Y66.617 E0.00735
G1 X75.728 Y66.56 E0.00345
G1 X75.28 Y66.453 E0.00604
G1 X75 Y66.377 E0.0038
G1 X74.716 Y66.288 E0.0039
G1 X74.273 Y66.141 E0.00612
G1 X73.764 Y65.942 E0.00717
G1 X73.761 Y65.938 E0.00007
G1 X73.314 Y65.739 E0.00642
G1 X72.856 Y65.515 E0.00669
G1 X72.655 Y65.408 E0.00299
G1 X72.426 Y65.28 E0.00344
G1 X72.184 Y65.137 E0.00369
G1 X71.991 Y65.015 E0.00299
G1 X71.776 Y64.874 E0.00337
G1 X71.539 Y64.712 E0.00376
G1 X71.16 Y64.437 E0.00614
G1 X70.921 Y64.252 E0.00396
G1 X70.728 Y64.094 E0.00327
G1 X70.316 Y63.733 E0.00718
G1 X69.968 Y63.394 E0.00637
G1 X69.79 Y63.213 E0.00333
G1 X69.458 Y62.854 E0.00641
G1 X69.282 Y62.647 E0.00356
G1 X68.985 Y62.276 E0.00623
G1 X68.802 Y62.033 E0.00399
G1 X68.652 Y61.825 E0.00336
G1 X68.507 Y61.613 E0.00337
G1 X68.368 Y61.398 E0.00336
G1 X68.111 Y60.977 E0.00647
G1 X67.87 Y60.537 E0.00658
G1 X67.646 Y60.086 E0.0066
G1 X67.524 Y59.824 E0.00379
G1 X67.342 Y59.385 E0.00623
G1 X67.235 Y59.1 E0.00399
G1 X67.162 Y58.891 E0.0029
G1 X66.976 Y58.3 E0.00812
G1 X66.913 Y58.078 E0.00303
G1 X66.915 Y58.076 E0.00004
G1 X66.865 Y57.885 E0.00259
G1 X66.753 Y57.374 E0.00686
G1 X66.711 Y57.146 E0.00304
G1 X66.634 Y56.667 E0.00636
G1 X66.602 Y56.395 E0.00359
G1 X66.574 Y56.111 E0.00374
G1 X66.538 Y55.596 E0.00677
G1 X66.526 Y55.11 E0.00637
G1 X66.53 Y54.835 E0.00361
G1 X66.538 Y54.589 E0.00323
G1 X66.553 Y54.329 E0.00341
G1 X66.573 Y54.058 E0.00356
G1 X66.655 Y53.349 E0.00936
G1 X66.707 Y53.036 E0.00416
G1 X66.749 Y52.814 E0.00296
G1 X66.809 Y52.534 E0.00375
G1 X66.857 Y52.327 E0.00279
G1 X66.924 Y52.066 E0.00353
G1 X66.921 Y52.064 E0.00005
G1 X66.997 Y51.79 E0.00373
G1 X67.07 Y51.55 E0.00329
G1 X67.239 Y51.053 E0.00688
G1 X67.327 Y50.826 E0.00319
G1 X67.524 Y50.352 E0.00673
G1 X67.629 Y50.123 E0.0033
G1 X67.842 Y49.684 E0.0064
G1 X67.978 Y49.425 E0.00384
G1 X68.101 Y49.209 E0.00326
G1 X68.371 Y48.767 E0.00679
G1 X68.512 Y48.552 E0.00337
G1 X68.814 Y48.12 E0.00691
G1 X68.96 Y47.927 E0.00317
G1 X69.282 Y47.522 E0.00678
G1 X69.451 Y47.322 E0.00343
G1 X69.793 Y46.953 E0.0066
G1 X70.162 Y46.587 E0.00682
G1 X70.352 Y46.409 E0.00341
G1 X70.703 Y46.095 E0.00618
G1 X71.133 Y45.753 E0.0072
G1 X71.308 Y45.621 E0.00287
G1 X71.521 Y45.467 E0.00345
G1 X71.978 Y45.161 E0.00721
G1 X72.383 Y44.917 E0.0062
G1 X72.836 Y44.668 E0.00678
G1 X73.087 Y44.538 E0.00371
G1 X73.561 Y44.32 E0.00684
G1 X73.992 Y44.139 E0.00613
G1 X74.225 Y44.05 E0.00327
G1 X74.523 Y43.942 E0.00416
G1 X74.997 Y43.798 E0.0065
G1 X74.999 Y43.793 E0.00007
G1 X75.237 Y43.725 E0.00325
G1 X75.426 Y43.675 E0.00256
G1 X75.713 Y43.611 E0.00386
G1 X76.239 Y43.505 E0.00704
G1 X76.473 Y43.466 E0.00311
G1 X77.01 Y43.395 E0.0071
G1 X77.232 Y43.373 E0.00293
G0 F18000 X77.033 Y43.392
G0 X77.09 Y44.092
G0 X79.709 Y44.3
G0 X81.105 Y44.577
G0 X82.67 Y45.127
G0 X84.134 Y45.911
G0 X85.459 Y46.904
G0 X86.626 Y48.096
G0 X87.464 Y49.239
G0 X88.25 Y50.709
G0 X88.797 Y52.267
G0 X89.105 Y53.905
G0 X89.158 Y55.559
G0 X89.004 Y56.976
G0 X88.591 Y58.587
G0 X88.407 Y59.017
G0 X87.615 Y60.804
G0 X87.025 Y60.426
G1 F1500 X87.156 Y60.205 E0.00337
G1 X87.371 Y59.818 E0.00581
G1 X87.567 Y59.416 E0.00586
G1 X87.661 Y59.212 E0.00295
G1 X87.832 Y58.803 E0.00581
G1 X87.985 Y58.378 E0.00592
G1 X88.118 Y57.949 E0.00589
G1 X88.174 Y57.755 E0.00265
G1 X88.234 Y57.522 E0.00315
G1 X88.285 Y57.3 E0.00299
G1 X88.375 Y56.863 E0.00585
G1 X88.44 Y56.424 E0.00582
G1 X88.489 Y55.981 E0.00584
G1 X88.506 Y55.758 E0.00293
G1 X88.518 Y55.536 E0.00292
G1 X88.526 Y55.314 E0.00291
G1 X88.526 Y54.864 E0.0059
G1 X88.506 Y54.42 E0.00583
G1 X88.47 Y53.968 E0.00595
G1 X88.445 Y53.764 E0.0027
G1 X88.372 Y53.308 E0.00606
G1 X88.332 Y53.087 E0.00295
G1 X88.238 Y52.666 E0.00566
G1 X88.14 Y52.293 E0.00506
G1 X88.054 Y52.005 E0.00394
G1 X87.985 Y51.793 E0.00292
G1 X87.835 Y51.375 E0.00582
G1 X87.661 Y50.958 E0.00592
G1 X87.6 Y50.829 E0.00187
G1 X87.603 Y50.826 E0.00006
G1 X87.471 Y50.556 E0.00394
G1 X87.27 Y50.161 E0.00581
G1 X87.044 Y49.776 E0.00585
G1 X86.926 Y49.584 E0.00296
G1 X86.73 Y49.29 E0.00463
G1 X86.41 Y48.848 E0.00716
G1 X86.136 Y48.508 E0.00573
G1 X85.989 Y48.336 E0.00297
G1 X85.841 Y48.169 E0.00293
G1 X85.533 Y47.847 E0.00584
G1 X85.204 Y47.531 E0.00598
G1 X85.049 Y47.395 E0.0027
G1 X84.707 Y47.106 E0.00587
G1 X84.347 Y46.827 E0.00597
G1 X83.981 Y46.572 E0.00585
G1 X83.791 Y46.448 E0.00298
G1 X83.411 Y46.217 E0.00583
G1 X83.012 Y45.997 E0.00597
G1 X82.546 Y45.769 E0.0068
G1 X82.543 Y45.771 E0.00005
G1 X82.433 Y45.719 E0.0016
G1 X82.037 Y45.556 E0.00562
G1 X81.787 Y45.461 E0.00351
G1 X81.403 Y45.328 E0.00533
G1 X80.946 Y45.193 E0.00625
G1 X80.514 Y45.087 E0.00583
G1 X80.072 Y45.001 E0.0059
G1 X79.621 Y44.932 E0.00598
G1 X79.239 Y44.887 E0.00504
G1 X78.741 Y44.854 E0.00654
G1 X78.516 Y44.845 E0.00295
G1 X78.068 Y44.846 E0.00587
G1 X77.855 Y44.854 E0.00279
G1 X77.395 Y44.882 E0.00604
G1 X76.954 Y44.931 E0.00582
G1 X76.733 Y44.964 E0.00293
G1 X76.295 Y45.04 E0.00583
G1 X76.07 Y45.085 E0.00301
G1 X75.629 Y45.195 E0.00596
G1 X75.493 Y45.236 E0.00186
G1 X75.49 Y45.233 E0.00006
G1 X75.208 Y45.318 E0.00386
G1 X74.776 Y45.462 E0.00597
G1 X74.361 Y45.627 E0.00586
G1 X73.931 Y45.818 E0.00617
G1 X73.567 Y45.998 E0.00532
G1 X73.169 Y46.215 E0.00594
G1 X72.789 Y46.445 E0.00582
G1 X72.415 Y46.693 E0.00588
G1 X72.24 Y46.821 E0.00284
G1 X71.875 Y47.101 E0.00603
G1 X71.538 Y47.385 E0.00578
G1 X71.402 Y47.505 E0.00238
G1 X71.052 Y47.838 E0.00633
G1 X70.738 Y48.169 E0.00598
G1 X70.462 Y48.479 E0.00544
G1 X70.301 Y48.67 E0.00328
G1 X70.032 Y49.025 E0.00584
G1 X69.918 Y49.188 E0.00261
G1 X69.913 Y49.19 E0.00007
G1 X69.654 Y49.578 E0.00612
G1 X69.42 Y49.962 E0.0059
G1 X69.311 Y50.153 E0.00288
G1 X69.213 Y50.34 E0.00277
G1 X69.009 Y50.751 E0.00602
G1 X68.913 Y50.96 E0.00302
G1 X68.749 Y51.354 E0.0056
G1 X68.593 Y51.787 E0.00604
G1 X68.442 Y52.267 E0.0066
G1 X68.339 Y52.661 E0.00534
G1 X68.246 Y53.078 E0.0056
G1 X68.168 Y53.523 E0.00592
G1 X68.142 Y53.721 E0.00262
G1 X68.138 Y53.732 E0.00015
G1 X68.107 Y53.963 E0.00306
G1 X68.07 Y54.412 E0.00591
G1 X68.05 Y54.858 E0.00585
G1 X68.046 Y55.081 E0.00292
G1 X68.058 Y55.529 E0.00588
G1 X68.07 Y55.746 E0.00285
G1 X68.106 Y56.2 E0.00597
G1 X68.135 Y56.421 E0.00292
G1 X68.2 Y56.853 E0.00573
G1 X68.289 Y57.295 E0.00591
G1 X68.338 Y57.504 E0.00281
G1 X68.456 Y57.95 E0.00605
G1 X68.591 Y58.379 E0.0059
G1 X68.741 Y58.793 E0.00577
G1 X68.912 Y59.209 E0.0059
G1 X69.008 Y59.414 E0.00297
G1 X69.201 Y59.808 E0.00575
G1 X69.312 Y60.015 E0.00308
G1 X69.548 Y60.421 E0.00616
G1 X69.771 Y60.774 E0.00548
G1 X69.892 Y60.947 E0.00277
G1 X70.165 Y61.319 E0.00605
G1 X70.44 Y61.66 E0.00574
G1 X70.574 Y61.819 E0.00273
G1 X70.734 Y61.999 E0.00316
G1 X70.884 Y62.158 E0.00287
G1 X71.2 Y62.478 E0.0059
G1 X71.527 Y62.777 E0.00581
G1 X71.874 Y63.071 E0.00596
G1 X72.045 Y63.206 E0.00286
G1 X72.59 Y63.596 E0.00879
G1 X73.164 Y63.951 E0.00885
G1 X73.358 Y64.06 E0.00292
G1 X73.755 Y64.269 E0.00588
G1 X73.953 Y64.364 E0.00288
G1 X74.354 Y64.542 E0.00575
G1 X74.574 Y64.629 E0.0031
G1 X74.991 Y64.779 E0.00581
G1 X75.423 Y64.914 E0.00593
G1 X75.619 Y64.972 E0.00268
G1 X76.067 Y65.081 E0.00605
G1 X76.285 Y65.127 E0.00292
G1 X76.949 Y65.24 E0.00883
G1 X77.168 Y65.265 E0.00289
G1 X77.616 Y65.302 E0.00589
G1 X78.061 Y65.322 E0.00584
G1 X78.285 Y65.326 E0.00294
G1 X78.501 Y65.322 E0.00283
G1 X78.952 Y65.302 E0.00592
G1 X79.4 Y65.266 E0.00589
G1 X79.795 Y65.212 E0.00523
G1 X80.281 Y65.128 E0.00647
G1 X80.718 Y65.034 E0.00586
G1 X80.941 Y64.976 E0.00302
G1 X81.153 Y64.915 E0.00289
G1 X81.577 Y64.782 E0.00583
G1 X81.782 Y64.712 E0.00284
G1 X82.213 Y64.546 E0.00606
G1 X82.82 Y64.271 E0.00874
G1 X83.218 Y64.06 E0.00591
G1 X83.596 Y63.841 E0.00573
G1 X83.833 Y63.694 E0.00366
G1 X84.157 Y63.479 E0.0051
G1 X84.522 Y63.208 E0.00596
G1 X84.698 Y63.07 E0.00293
G1 X85.038 Y62.786 E0.00581
G1 X85.371 Y62.483 E0.0059
G1 X85.529 Y62.329 E0.00289
G1 X85.704 Y62.149 E0.00329
G1 X85.976 Y61.848 E0.00532
G1 X86.415 Y61.321 E0.00899
G1 X86.8 Y60.782 E0.00869
G1 X87.025 Y60.426 E0.00552
G0 F18000 X86.919 Y60.595
G1 F1800 E-3.5
;MESH:Dielectric - Part.STL
G0 F18000 X87.508 Y60.972
G0 X87.124 Y62.511
G0 X88.05 Y63.659
G0 X87.954 Y101.51
G0 X87.738 Y102.738
G1 F1800 E3.52079
G1 F1500 X87.738 Y117.258 E0.1904
G1 X132.258 Y117.258 E0.58378
G1 X132.258 Y102.738 E0.1904
G1 X87.738 Y102.738 E0.58378
G0 F18000 X87.738 Y102.938
G0 X88.118 Y103.118
;TYPE:SKIN
G1 F8400 X88.118 Y116.878 E0.22826
G1 X131.878 Y116.878 E0.72591
G1 X131.878 Y103.118 E0.22826
G1 X88.118 Y103.118 E0.72591
G0 F18000 X88.498 Y103.498
G1 F8400 X88.498 Y116.498 E0.21565
G1 X131.498 Y116.498 E0.71331
G1 X131.498 Y103.498 E0.21565
G1 X88.498 Y103.498 E0.71331
G0 F18000 X88.878 Y103.878
G1 F8400 X88.878 Y116.118 E0.20304
G1 X131.118 Y116.118 E0.7007
G1 X131.118 Y103.878 E0.20304
G1 X88.878 Y103.878 E0.7007
G0 F18000 X89.258 Y104.258
G1 F8400 X89.258 Y115.738 E0.19044
G1 X130.738 Y115.738 E0.68809
G1 X130.738 Y104.258 E0.19044
G1 X89.258 Y104.258 E0.68809
G0 F18000 X89.638 Y104.638
G1 F8400 X89.638 Y115.358 E0.17783
G1 X130.358 Y115.358 E0.67548
G1 X130.358 Y104.638 E0.17783
G1 X89.638 Y104.638 E0.67548
G0 F18000 X90.018 Y105.018
G1 F8400 X90.018 Y114.978 E0.16522
G1 X129.978 Y114.978 E0.66288
G1 X129.978 Y105.018 E0.16522
G1 X90.018 Y105.018 E0.66288
G0 F18000 X90.398 Y105.398
G1 F8400 X90.398 Y114.598 E0.15261
G1 X129.598 Y114.598 E0.65027
G1 X129.598 Y105.398 E0.15261
G1 X90.398 Y105.398 E0.65027
G0 F18000 X90.778 Y105.778
G1 F8400 X90.778 Y114.218 E0.14001
G1 X129.218 Y114.218 E0.63766
G1 X129.218 Y105.778 E0.14001
G1 X90.778 Y105.778 E0.63766
G0 F18000 X91.158 Y106.158
G1 F8400 X91.158 Y113.838 E0.1274
G1 X128.838 Y113.838 E0.62505
G1 X128.838 Y106.158 E0.1274
G1 X91.158 Y106.158 E0.62505
G0 F18000 X91.538 Y106.538
G1 F8400 X91.538 Y113.458 E0.11479
G1 X128.458 Y113.458 E0.61245
G1 X128.458 Y106.538 E0.11479
G1 X91.538 Y106.538 E0.61245
G0 F18000 X91.918 Y106.918
G1 F8400 X91.918 Y113.078 E0.10219
G1 X128.078 Y113.078 E0.59984
G1 X128.078 Y106.918 E0.10219
G1 X91.918 Y106.918 E0.59984
G0 F18000 X92.298 Y107.298
G1 F8400 X92.298 Y112.698 E0.08958
G1 X127.698 Y112.698 E0.58723
G1 X127.698 Y107.298 E0.08958
G1 X92.298 Y107.298 E0.58723
G0 F18000 X127.318 Y112.318
G1 F8400 X127.318 Y107.678 E0.07697
G1 X92.678 Y107.678 E0.57463
G1 X92.678 Y112.318 E0.07697
G1 X127.318 Y112.318 E0.57463
G0 F18000 X93.058 Y108.058
G1 F8400 X93.058 Y111.938 E0.06436
G1 X126.938 Y111.938 E0.56202
G1 X126.938 Y108.058 E0.06436
G1 X93.058 Y108.058 E0.56202
G0 F18000 X126.558 Y111.558
G1 F8400 X126.558 Y108.438 E0.05176
G1 X93.438 Y108.438 E0.54941
G1 X93.438 Y111.558 E0.05176
G1 X126.558 Y111.558 E0.54941
G0 F18000 X93.818 Y108.818
G1 F8400 X93.818 Y111.178 E0.03915
G1 X126.178 Y111.178 E0.5368
G1 X126.178 Y108.818 E0.03915
G1 X93.818 Y108.818 E0.5368
G0 F18000 X94.198 Y109.198
G1 F8400 X94.198 Y110.798 E0.02654
G1 X125.798 Y110.798 E0.5242
G1 X125.798 Y109.198 E0.02654
G1 X94.198 Y109.198 E0.5242
G0 F18000 X94.578 Y109.578
G1 F8400 X94.578 Y110.418 E0.01393
G1 X125.418 Y110.418 E0.51159
G1 X125.418 Y109.578 E0.01393
G1 X94.578 Y109.578 E0.51159
G0 F18000 X94.998 Y109.998
G1 F6939.1 X124.998 Y109.998 E0.60242
G1 F1800 E-3.5
;MESH:NONMESH
G0 F1200 X124.998 Y109.998 Z1.1
G0 F18000 X87.954 Y102.954
G0 X87.954 Y101.51
G0 X75.767 Y67.83
G0 X76.018 Y66.402
G0 X71.378 Y62.964
G0 X70.261 Y61.821
G0 X69.331 Y60.524
G0 X68.522 Y58.885
G0 X68.058 Y57.353
G0 X67.82 Y55.541
G0 X67.872 Y53.95
G0 X68.065 Y52.853
G0 X68.997 Y49.196
;TIME_ELAPSED:281.343353
;LAYER:8
G1 F1200 Z1.9
M82 ;absolute extrusion mode
M83 ; Relative Extruder mode
G1 E-5
G1 Z50
M83 ;relative extrusion mode
T1
M82 ;absolute extrusion mode
M83; Relative Extrusion Mode

M83 ;relative extrusion mode
M104 T0 S0
M106 S51
;MESH:01_Prime_Conductor.STL
G0 F24000 X68.997 Y49.196 Z1.9
;TYPE:WALL-OUTER
G1 F18000 Z1.5
G1 F1508.55 X68.909 Y49.342 Z1.443177 E0.00004
G1 X68.821 Y49.488 Z1.386353 E0.00004
G1 X68.732 Y49.635 Z1.329072 E0.00005
G1 X68.691 Y49.71 Z1.300581 E0.00002
G1 X68.651 Y49.785 Z1.272247 E0.00002
G1 X68.61 Y49.86 Z1.243756 E0.00002
G1 F1515.75 X68.57 Y49.935 Z1.215422 E0.00002
G1 X68.53 Y50.009 Z1.187383 E0.00002
G1 X68.41343 Y50.243804 Z1.1 E0.000076
G1 F1005.7
G1 X68.32 Y50.432 E0.00012
G1 X68.253 Y50.587 E0.00004
G1 X68.185 Y50.743 E0.00004
G1 X68.117 Y50.899 E0.00004
G1 F1005.7 X68.069 Y51.014 E0.00003
G1 X68.046 Y51.074 E0.00002
G1 X68.023 Y51.135 E0.00002
G1 F1010.5 X68 Y51.196 E0.00002
G1 F1015.4 X67.977 Y51.257 E0.00002
G1 X67.954 Y51.317 E0.00002
G1 X67.903 Y51.466 E0.00004
G1 F1010.5 X67.718 Y52.039 E0.00016
G1 X67.678 Y52.193 E0.00004
G1 X67.637 Y52.348 E0.00004
G1 X67.596 Y52.503 E0.00004
G1 F1005.7 X67.495 Y52.968 E0.00012
G1 F1010.5 X67.467 Y53.134 E0.00004
G1 X67.439 Y53.3 E0.00004
G1 X67.411 Y53.467 E0.00004
G1 X67.382 Y53.633 E0.00004
G1 F1015.4 X67.365 Y53.806 E0.00005
G1 X67.347 Y53.979 E0.00005
G1 X67.329 Y54.152 E0.00005
G1 X67.324 Y54.208 E0.00001
G1 X67.319 Y54.294 E0.00002
G1 X67.314 Y54.381 E0.00002
G1 F1010.5 X67.309 Y54.468 E0.00002
G1 X67.304 Y54.555 E0.00002
G1 X67.298 Y54.641 E0.00002
G1 X67.296 Y54.801 E0.00004
G1 X67.294 Y54.962 E0.00004
G1 X67.291 Y55.123 E0.00004
G1 X67.291 Y55.162 E0.00001
G1 F1005.7 X67.292 Y55.201 E0.00001
G1 F1000.9 X67.292 Y55.24 E0.00001
G1 X67.293 Y55.279 E0.00001
G1 F996.2 X67.293 Y55.318 E0.00001
G1 F991.5 X67.294 Y55.357 E0.00001
G1 X67.296 Y55.403 E0.00001
G1 X67.298 Y55.45 E0.00001
G1 X67.3 Y55.497 E0.00001
G1 F996.2 X67.302 Y55.544 E0.00001
G1 X67.304 Y55.591 E0.00001
G1 F1000.9 X67.306 Y55.638 E0.00001
G1 X67.308 Y55.685 E0.00001
G1 X67.31 Y55.732 E0.00001
G1 F1005.7 X67.312 Y55.779 E0.00001
G1 X67.314 Y55.826 E0.00001
G1 X67.315 Y55.836 E0
G1 X67.323 Y55.93 E0.00002
G1 X67.332 Y56.025 E0.00002
G1 F1000.9 X67.341 Y56.119 E0.00002
G1 X67.35 Y56.214 E0.00003
G1 X67.359 Y56.309 E0.00003
G1 X67.364 Y56.354 E0.00001
G1 F1005.7 X67.369 Y56.4 E0.00001
G1 X67.374 Y56.446 E0.00001
G1 F1010.5 X67.379 Y56.492 E0.00001
G1 F1015.4 X67.384 Y56.538 E0.00001
G1 X67.41 Y56.699 E0.00004
G1 X67.436 Y56.858 E0.00004
G1 X67.461 Y57.017 E0.00004
G1 F1010.5 X67.462 Y57.018 E0
G1 F1015.4 X67.494 Y57.176 E0.00004
G1 X67.526 Y57.335 E0.00004
G1 X67.558 Y57.493 E0.00004
G1 X67.571 Y57.551 E0.00002
G1 X67.585 Y57.609 E0.00002
G1 X67.599 Y57.668 E0.00002
G1 F1010.5 X67.613 Y57.726 E0.00002
G1 X67.627 Y57.784 E0.00002
G1 F1005.7 X67.64 Y57.843 E0.00002
G1 X67.654 Y57.901 E0.00002
G1 X67.668 Y57.959 E0.00002
G1 X67.712 Y58.107 E0.00004
G1 X67.756 Y58.257 E0.00004
G1 X67.8 Y58.407 E0.00004
G1 X68.056 Y59.127 E0.0002
G1 F1010.5 X68.081 Y59.188 E0.00002
G1 F1015.4 X68.106 Y59.25 E0.00002
G1 X68.111 Y59.261 E0
G1 X68.151 Y59.352 E0.00003
G1 F1010.5 X68.191 Y59.444 E0.00003
G1 X68.231 Y59.536 E0.00003
G1 X68.259 Y59.597 E0.00002
G1 F1015.4 X68.287 Y59.657 E0.00002
G1 X68.315 Y59.717 E0.00002
G1 F1020.3 X68.343 Y59.777 E0.00002
G1 X68.347 Y59.785 E0
G1 F1015.4 X68.375 Y59.842 E0.00002
G1 X68.403 Y59.9 E0.00002
G1 F1010.5 X68.431 Y59.957 E0.00002
G1 X68.459 Y60.015 E0.00002
G1 X68.487 Y60.072 E0.00002
G1 F1005.7 X68.515 Y60.13 E0.00002
G1 X68.543 Y60.187 E0.00002
G1 X68.619 Y60.326 E0.00004
G1 X68.696 Y60.466 E0.00004
G1 X68.773 Y60.607 E0.00004
G1 X69.021 Y61.013 E0.00012
G1 F1010.5 X69.075 Y61.093 E0.00003
G1 X69.129 Y61.174 E0.00003
G1 X69.183 Y61.254 E0.00003
G1 F1015.4 X69.237 Y61.335 E0.00003
G1 X69.291 Y61.415 E0.00003
G1 X69.347 Y61.492 E0.00002
G1 X69.404 Y61.569 E0.00002
G1 F1010.5 X69.461 Y61.646 E0.00002
G1 X69.518 Y61.724 E0.00003
G1 X69.575 Y61.801 E0.00002
G1 F1005.7 X69.691 Y61.941 E0.00005
G1 X69.806 Y62.08 E0.00005
G1 X69.921 Y62.219 E0.00005
G1 X70.036 Y62.357 E0.00005
G1 X70.09 Y62.417 E0.00002
G1 X70.144 Y62.477 E0.00002
G1 F1010.5 X70.198 Y62.537 E0.00002
G1 X70.526 Y62.877 E0.00012
G1 X70.872 Y63.207 E0.00012
G1 F1015.4 X70.995 Y63.314 E0.00004
G1 X71.118 Y63.422 E0.00004
G1 X71.242 Y63.53 E0.00004
G1 X71.302 Y63.579 E0.00002
G1 F1010.5 X71.362 Y63.628 E0.00002
G1 X71.422 Y63.676 E0.00002
G1 X71.485 Y63.725 E0.00002
G1 X71.548 Y63.774 E0.00002
G1 F1015.4 X71.611 Y63.823 E0.00002
G1 X71.616 Y63.828 E0
G1 F1010.5 X71.679 Y63.875 E0.00002
G1 F1005.7 X71.742 Y63.923 E0.00002
G1 X71.805 Y63.97 E0.00002
G1 X71.843 Y63.997 E0.00001
G1 F1010.5 X71.881 Y64.024 E0.00001
G1 X71.919 Y64.051 E0.00001
G1 F1015.4 X71.957 Y64.079 E0.00001
G1 F1020.3 X71.996 Y64.106 E0.00001
G1 X72.006 Y64.113 E0
G1 X72.045 Y64.139 E0.00001
G1 F1015.4 X72.084 Y64.165 E0.00001
G1 F1010.5 X72.123 Y64.192 E0.00001
G1 X72.162 Y64.218 E0.00001
G1 F1005.7 X72.201 Y64.245 E0.00001
G1 X72.267 Y64.288 E0.00002
G1 X72.334 Y64.332 E0.00002
G1 F1010.5 X72.401 Y64.375 E0.00002
G1 F1015.4 X72.558 Y64.468 E0.00005
G1 X72.716 Y64.561 E0.00005
G1 X72.874 Y64.654 E0.00005
G1 X73.031 Y64.747 E0.00005
G1 X73.064 Y64.763 E0.00001
G1 X73.099 Y64.781 E0.00001
G1 F1010.5 X73.134 Y64.799 E0.00001
G1 X73.168 Y64.817 E0.00001
G1 X73.203 Y64.835 E0.00001
G1 F1005.7 X73.238 Y64.853 E0.00001
G1 X73.272 Y64.871 E0.00001
G1 F1000.9 X73.307 Y64.889 E0.00001
G1 X73.342 Y64.907 E0.00001
G1 X73.376 Y64.925 E0.00001
G1 F996.2 X73.411 Y64.943 E0.00001
G1 X73.446 Y64.961 E0.00001
G1 X73.488 Y64.981 E0.00001
G1 F1000.9 X73.53 Y65.001 E0.00001
G1 X73.573 Y65.022 E0.00001
G1 F1005.7 X73.615 Y65.042 E0.00001
G1 F1010.5 X73.658 Y65.063 E0.00001
G1 F1015.4 X73.826 Y65.134 E0.00005
G1 X73.994 Y65.205 E0.00005
G1 X74.163 Y65.277 E0.00005
G1 X74.331 Y65.348 E0.00005
G1 X74.419 Y65.38 E0.00002
G1 X74.508 Y65.412 E0.00002
G1 F1010.5 X74.598 Y65.445 E0.00002
G1 X74.687 Y65.477 E0.00002
G1 X74.776 Y65.509 E0.00002
G1 F1005.7 X74.785 Y65.512 E0
G1 F1010.5 X74.87 Y65.538 E0.00002
G1 X74.956 Y65.565 E0.00002
G1 X75.042 Y65.592 E0.00002
G1 F1015.4 X75.128 Y65.619 E0.00002
G1 X75.214 Y65.646 E0.00002
G1 F1020.3 X75.295 Y65.667 E0.00002
G1 X75.376 Y65.688 E0.00002
G1 X75.458 Y65.709 E0.00002
G1 F1025.2 X75.539 Y65.73 E0.00002
G1 X75.62 Y65.752 E0.00002
G1 X75.702 Y65.773 E0.00002
G1 X75.737 Y65.781 E0.00001
G1 F1020.3 X75.77 Y65.789 E0.00001
G1 X75.803 Y65.797 E0.00001
G1 F1015.4 X75.836 Y65.805 E0.00001
G1 F1010.5 X75.869 Y65.813 E0.00001
G1 X75.902 Y65.821 E0.00001
G1 F1005.7 X75.935 Y65.829 E0.00001
G1 X76.013 Y65.845 E0.00002
G1 X76.088 Y65.86 E0.00002
G1 F1010.5 X76.164 Y65.876 E0.00002
G1 F1015.4 X76.17 Y65.877 E0
G1 X76.247 Y65.891 E0.00002
G1 F1010.5 X76.325 Y65.906 E0.00002
G1 X76.403 Y65.92 E0.00002
G1 X76.47 Y65.932 E0.00002
G1 F1015.4 X76.536 Y65.943 E0.00002
G1 F1020.3 X76.602 Y65.955 E0.00002
G1 F1025.2 X76.616 Y65.957 E0
G1 X76.647 Y65.961 E0.00001
G1 X76.679 Y65.965 E0.00001
G1 F1020.3 X76.711 Y65.97 E0.00001
G1 F1015.4 X76.742 Y65.974 E0.00001
G1 X76.774 Y65.979 E0.00001
G1 F1010.5 X76.806 Y65.983 E0.00001
G1 X76.837 Y65.987 E0.00001
G1 F1005.7 X76.869 Y65.992 E0.00001
G1 F1000.9 X76.901 Y65.996 E0.00001
G1 X76.932 Y66.001 E0.00001
G1 X77.047 Y66.013 E0.00003
G1 X77.163 Y66.026 E0.00003
G1 F1005.7 X77.25 Y66.032 E0.00002
G1 X77.338 Y66.039 E0.00002
G1 X77.426 Y66.046 E0.00002
G1 F1010.5 X77.514 Y66.053 E0.00002
G1 X77.602 Y66.06 E0.00002
G1 X77.68 Y66.064 E0.00002
G1 F1005.7 X77.757 Y66.068 E0.00002
G1 X77.834 Y66.072 E0.00002
G1 X77.882 Y66.074 E0.00001
G1 F1010.5 X77.929 Y66.075 E0.00001
G1 X77.976 Y66.076 E0.00001
G1 F1015.4 X78.023 Y66.077 E0.00001
G1 F1020.3 X78.07 Y66.078 E0.00001
G1 X78.082 Y66.079 E0
G1 X78.172 Y66.079 E0.00002
G1 X78.262 Y66.078 E0.00002
G1 X78.352 Y66.077 E0.00002
G1 X78.442 Y66.076 E0.00002
G1 F1015.4 X78.532 Y66.075 E0.00002
G1 X78.622 Y66.074 E0.00002
G1 X78.712 Y66.073 E0.00002
G1 X78.802 Y66.072 E0.00002
G1 F1010.5 X78.876 Y66.068 E0.00002
G1 F1005.7 X78.954 Y66.063 E0.00002
G1 X79.032 Y66.059 E0.00002
G1 X79.095 Y66.054 E0.00002
G1 F1010.5 X79.158 Y66.049 E0.00002
G1 F1015.4 X79.221 Y66.045 E0.00002
G1 X79.399 Y66.025 E0.00005
G1 X79.576 Y66.006 E0.00005
G1 X79.753 Y65.986 E0.00005
G1 F1010.5 X79.815 Y65.977 E0.00002
G1 F1005.7 X79.877 Y65.968 E0.00002
G1 F1000.9 X79.94 Y65.959 E0.00002
G1 X80.033 Y65.944 E0.00002
G1 X80.127 Y65.928 E0.00003
G1 F1005.7 X80.221 Y65.912 E0.00002
G1 X80.229 Y65.91 E0
G1 F1000.9 X80.305 Y65.896 E0.00002
G1 F996.2 X80.382 Y65.882 E0.00002
G1 X80.458 Y65.867 E0.00002
G1 X80.505 Y65.857 E0.00001
G1 F1000.9 X80.552 Y65.847 E0.00001
G1 X80.599 Y65.837 E0.00001
G1 F1005.7 X80.646 Y65.827 E0.00001
G1 F1010.5 X80.693 Y65.817 E0.00001
G1 X81.158 Y65.703 E0.00012
G1 X81.316 Y65.655 E0.00004
G1 X81.475 Y65.606 E0.00004
G1 X81.634 Y65.558 E0.00004
G1 X81.793 Y65.509 E0.00004
G1 X81.848 Y65.49 E0.00002
G1 X81.904 Y65.471 E0.00002
G1 F1015.4 X81.96 Y65.451 E0.00002
G1 F1020.3 X82.016 Y65.432 E0.00002
G1 X82.071 Y65.412 E0.00002
G1 X82.104 Y65.4 E0.00001
G1 F1015.4 X82.138 Y65.387 E0.00001
G1 X82.172 Y65.374 E0.00001
G1 F1010.5 X82.205 Y65.361 E0.00001
G1 F1005.7 X82.239 Y65.349 E0.00001
G1 X82.273 Y65.336 E0.00001
G1 F1000.9 X82.306 Y65.323 E0.00001
G1 X82.359 Y65.301 E0.00002
G1 F1005.7 X82.413 Y65.279 E0.00002
G1 X82.466 Y65.257 E0.00002
G1 F1010.5 X82.52 Y65.235 E0.00002
G1 F1015.4 X82.686 Y65.16 E0.00005
G1 X82.851 Y65.086 E0.00005
G1 X83.016 Y65.011 E0.00005
G1 X83.181 Y64.937 E0.00005
G1 X83.213 Y64.92 E0.00001
G1 F1010.5 X83.244 Y64.904 E0.00001
G1 X83.275 Y64.888 E0.00001
G1 F1005.7 X83.306 Y64.872 E0.00001
G1 F1000.9 X83.337 Y64.856 E0.00001
G1 X83.368 Y64.84 E0.00001
G1 F996.2 X83.399 Y64.824 E0.00001
G1 X83.466 Y64.788 E0.00002
G1 X83.535 Y64.751 E0.00002
G1 F1000.9 X83.603 Y64.714 E0.00002
G1 F1005.7 X83.741 Y64.634 E0.00004
G1 X83.879 Y64.554 E0.00004
G1 X84.017 Y64.474 E0.00004
G1 X84.424 Y64.212 E0.00013
G1 X84.57 Y64.107 E0.00005
G1 X84.716 Y64.002 E0.00005
G1 X84.862 Y63.897 E0.00005
G1 X85.008 Y63.792 E0.00005
G1 X85.058 Y63.753 E0.00002
G1 F1010.5 X85.11 Y63.712 E0.00002
G1 F1015.4 X85.162 Y63.671 E0.00002
G1 X85.234 Y63.609 E0.00002
G1 X85.305 Y63.548 E0.00002
G1 X85.377 Y63.487 E0.00002
G1 X85.448 Y63.426 E0.00002
G1 F1010.5 X85.52 Y63.365 E0.00002
G1 X85.591 Y63.304 E0.00002
G1 X85.663 Y63.242 E0.00002
G1 X85.734 Y63.181 E0.00002
G1 X85.776 Y63.14 E0.00002
G1 X85.82 Y63.097 E0.00002
G1 X85.864 Y63.055 E0.00002
G1 F1015.4 X85.908 Y63.012 E0.00002
G1 X85.951 Y62.97 E0.00002
G1 F1020.3 X85.995 Y62.927 E0.00002
G1 X86.039 Y62.885 E0.00002
G1 X86.083 Y62.842 E0.00002
G1 X86.09 Y62.835 E0
G1 X86.122 Y62.802 E0.00001
G1 F1015.4 X86.155 Y62.769 E0.00001
G1 F1010.5 X86.188 Y62.735 E0.00001
G1 X86.221 Y62.702 E0.00001
G1 F1005.7 X86.254 Y62.668 E0.00001
G1 X86.307 Y62.612 E0.00002
G1 X86.361 Y62.554 E0.00002
G1 F1010.5 X86.415 Y62.496 E0.00002
G1 X86.421 Y62.489 E0
G1 X86.459 Y62.446 E0.00001
G1 F1005.7 X86.498 Y62.403 E0.00002
G1 X86.537 Y62.36 E0.00002
G1 F1000.9 X86.576 Y62.317 E0.00002
G1 X86.601 Y62.288 E0.00001
G1 F1005.7 X86.626 Y62.258 E0.00001
G1 F1010.5 X86.651 Y62.228 E0.00001
G1 X86.677 Y62.199 E0.00001
G1 F1015.4 X86.702 Y62.169 E0.00001
G1 F1020.3 X86.727 Y62.139 E0.00001
G1 F1015.4 X86.735 Y62.129 E0
G1 F1010.5 X86.809 Y62.038 E0.00003
G1 X86.883 Y61.946 E0.00003
G1 X86.919 Y61.9 E0.00002
G1 F1015.4 X86.955 Y61.853 E0.00002
G1 X86.991 Y61.807 E0.00002
G1 F1020.3 X87.028 Y61.76 E0.00002
G1 X87.121 Y61.631 E0.00004
G1 X87.216 Y61.501 E0.00004
G1 X87.311 Y61.371 E0.00004
G1 F1015.4 X87.4 Y61.237 E0.00004
G1 X87.489 Y61.104 E0.00004
G1 X87.578 Y60.971 E0.00004
G1 F1010.5 X87.828 Y60.56 E0.00013
G1 F1015.4 X87.905 Y60.419 E0.00004
G1 X87.982 Y60.278 E0.00004
G1 X88.06 Y60.136 E0.00004
G1 X88.081 Y60.094 E0.00001
G1 F1010.5 X88.102 Y60.051 E0.00001
G1 F1005.7 X88.124 Y60.008 E0.00001
G1 X88.145 Y59.965 E0.00001
G1 F1000.9 X88.166 Y59.922 E0.00001
G1 X88.242 Y59.761 E0.00005
G1 X88.319 Y59.598 E0.00005
G1 F1005.7 X88.342 Y59.544 E0.00002
G1 X88.365 Y59.49 E0.00002
G1 F1010.5 X88.389 Y59.436 E0.00002
G1 X88.412 Y59.382 E0.00002
G1 F1015.4 X88.436 Y59.328 E0.00002
G1 X88.459 Y59.273 E0.00002
G1 X88.514 Y59.133 E0.00004
G1 X88.568 Y58.993 E0.00004
G1 X88.622 Y58.853 E0.00004
G1 F1010.5 X88.681 Y58.675 E0.00005
G1 X88.739 Y58.497 E0.00005
G1 X88.797 Y58.319 E0.00005
G1 X88.856 Y58.141 E0.00005
G1 F1005.7 X88.979 Y57.673 E0.00013
G1 F1010.5 X89.013 Y57.514 E0.00004
G1 X89.048 Y57.355 E0.00004
G1 X89.083 Y57.195 E0.00004
G1 X89.097 Y57.11 E0.00002
G1 X89.112 Y57.024 E0.00002
G1 X89.127 Y56.938 E0.00002
G1 F1005.7 X89.141 Y56.852 E0.00002
G1 X89.156 Y56.766 E0.00002
G1 X89.171 Y56.68 E0.00002
G1 X89.178 Y56.632 E0.00001
G1 F1010.5 X89.185 Y56.584 E0.00001
G1 F1015.4 X89.193 Y56.535 E0.00001
G1 F1020.3 X89.212 Y56.345 E0.00005
G1 X89.231 Y56.155 E0.00005
G1 X89.25 Y55.965 E0.00005
G1 X89.254 Y55.904 E0.00002
G1 X89.258 Y55.843 E0.00002
G1 F1015.4 X89.262 Y55.782 E0.00002
G1 X89.266 Y55.721 E0.00002
G1 X89.27 Y55.66 E0.00002
G1 F1010.5 X89.274 Y55.599 E0.00002
G1 X89.277 Y55.538 E0.00002
G1 X89.28 Y55.375 E0.00004
G1 X89.283 Y55.214 E0.00004
G1 X89.285 Y55.053 E0.00004
G1 X89.285 Y54.958 E0.00002
G1 X89.283 Y54.864 E0.00002
G1 F1005.7 X89.282 Y54.77 E0.00002
G1 X89.28 Y54.676 E0.00002
G1 X89.279 Y54.582 E0.00002
G1 X89.274 Y54.519 E0.00002
G1 X89.269 Y54.457 E0.00002
G1 F1010.5 X89.265 Y54.395 E0.00002
G1 X89.26 Y54.333 E0.00002
G1 X89.255 Y54.271 E0.00002
G1 F1015.4 X89.251 Y54.209 E0.00002
G1 X89.246 Y54.148 E0.00002
G1 F1020.3 X89.246 Y54.141 E0
G1 X89.243 Y54.106 E0.00001
G1 X89.239 Y54.07 E0.00001
G1 F1015.4 X89.236 Y54.034 E0.00001
G1 F1010.5 X89.232 Y53.998 E0.00001
G1 X89.229 Y53.962 E0.00001
G1 F1005.7 X89.225 Y53.926 E0.00001
G1 F1000.9 X89.222 Y53.89 E0.00001
G1 X89.218 Y53.855 E0.00001
G1 X89.213 Y53.81 E0.00001
G1 F1005.7 X89.207 Y53.764 E0.00001
G1 X89.202 Y53.719 E0.00001
G1 F1010.5 X89.196 Y53.673 E0.00001
G1 F1015.4 X89.19 Y53.628 E0.00001
G1 X89.164 Y53.465 E0.00004
G1 X89.138 Y53.301 E0.00004
G1 X89.111 Y53.137 E0.00004
G1 F1010.5 X89.103 Y53.092 E0.00001
G1 F1005.7 X89.094 Y53.047 E0.00001
G1 F1000.9 X89.086 Y53.002 E0.00001
G1 X89.077 Y52.957 E0.00001
G1 F996.2 X89.069 Y52.911 E0.00001
G1 X89.062 Y52.88 E0.00001
G1 X89.055 Y52.85 E0.00001
G1 X89.048 Y52.82 E0.00001
G1 F1000.9 X89.042 Y52.789 E0.00001
G1 X89.035 Y52.759 E0.00001
G1 F1005.7 X89.028 Y52.729 E0.00001
G1 X89.022 Y52.699 E0.00001
G1 X89.015 Y52.668 E0.00001
G1 F1010.5 X89.008 Y52.638 E0.00001
G1 X89.001 Y52.608 E0.00001
G1 F1015.4 X88.995 Y52.577 E0.00001
G1 X88.988 Y52.547 E0.00001
G1 X88.981 Y52.517 E0.00001
G1 F1020.3 X88.975 Y52.487 E0.00001
G1 X88.968 Y52.456 E0.00001
G1 X88.963 Y52.436 E0.00001
G1 X88.953 Y52.394 E0.00001
G1 F1015.4 X88.942 Y52.351 E0.00001
G1 F1010.5 X88.931 Y52.309 E0.00001
G1 X88.92 Y52.266 E0.00001
G1 F1005.7 X88.909 Y52.223 E0.00001
G1 X88.873 Y52.097 E0.00003
G1 X88.837 Y51.973 E0.00003
G1 F1010.5 X88.812 Y51.893 E0.00002
G1 X88.786 Y51.813 E0.00002
G1 X88.761 Y51.733 E0.00002
G1 F1015.4 X88.735 Y51.653 E0.00002
G1 X88.709 Y51.573 E0.00002
G1 X88.684 Y51.493 E0.00002
G1 X88.662 Y51.433 E0.00002
G1 X88.64 Y51.374 E0.00002
G1 F1010.5 X88.619 Y51.315 E0.00002
G1 X88.597 Y51.255 E0.00002
G1 X88.576 Y51.196 E0.00002
G1 F1005.7 X88.554 Y51.137 E0.00002
G1 X88.533 Y51.078 E0.00002
G1 F1000.9 X88.346 Y50.631 E0.00013
G1 F1005.7 X88.318 Y50.572 E0.00002
G1 X88.29 Y50.512 E0.00002
G1 F1010.5 X88.262 Y50.452 E0.00002
G1 X88.234 Y50.393 E0.00002
G1 X88.205 Y50.333 E0.00002
G1 F1015.4 X88.177 Y50.273 E0.00002
G1 X88.149 Y50.213 E0.00002
G1 X88.143 Y50.203 E0
G1 X88.121 Y50.16 E0.00001
G1 F1010.5 X88.099 Y50.116 E0.00001
G1 F1005.7 X88.077 Y50.072 E0.00001
G1 X88.055 Y50.028 E0.00001
G1 F1000.9 X88.033 Y49.984 E0.00001
G1 X87.994 Y49.912 E0.00002
G1 X87.956 Y49.842 E0.00002
G1 F1005.7 X87.918 Y49.771 E0.00002
G1 X87.857 Y49.664 E0.00003
G1 X87.797 Y49.558 E0.00003
G1 X87.737 Y49.456 E0.00003
G1 X87.676 Y49.354 E0.00003
G1 X87.59 Y49.221 E0.00004
G1 X87.504 Y49.087 E0.00004
G1 X87.417 Y48.953 E0.00004
G1 F1000.9 X87.351 Y48.856 E0.00003
G1 X87.284 Y48.759 E0.00003
G1 X87.264 Y48.731 E0.00001
G1 F1005.7 X87.244 Y48.703 E0.00001
G1 X87.223 Y48.674 E0.00001
G1 F1010.5 X87.203 Y48.646 E0.00001
G1 F1015.4 X87.182 Y48.618 E0.00001
G1 X87.162 Y48.589 E0.00001
G1 F1020.3 X87.141 Y48.561 E0.00001
G1 X87.136 Y48.554 E0
G1 X87.101 Y48.508 E0.00001
G1 X87.065 Y48.461 E0.00002
G1 X87.029 Y48.414 E0.00002
G1 F1015.4 X86.993 Y48.367 E0.00002
G1 X86.958 Y48.32 E0.00002
G1 F1010.5 X86.922 Y48.273 E0.00002
G1 X86.886 Y48.226 E0.00002
G1 X86.85 Y48.179 E0.00002
G1 F1005.7 X86.786 Y48.102 E0.00003
G1 X86.724 Y48.028 E0.00003
G1 F1000.9 X86.661 Y47.954 E0.00003
G1 X86.599 Y47.88 E0.00003
G1 X86.536 Y47.805 E0.00003
G1 F996.2 X86.215 Y47.459 E0.00012
G1 X86.1 Y47.346 E0.00004
G1 X85.985 Y47.232 E0.00004
G1 X85.869 Y47.118 E0.00004
G1 X85.838 Y47.088 E0.00001
G1 F1000.9 X85.806 Y47.058 E0.00001
G1 X85.774 Y47.027 E0.00001
G1 F1005.7 X85.742 Y46.997 E0.00001
G1 F1010.5 X85.71 Y46.967 E0.00001
G1 F1015.4 X85.701 Y46.958 E0
G1 X85.666 Y46.927 E0.00001
G1 F1010.5 X85.631 Y46.896 E0.00001
G1 X85.596 Y46.865 E0.00001
G1 F1005.7 X85.561 Y46.833 E0.00001
G1 F1000.9 X85.526 Y46.802 E0.00001
G1 X85.491 Y46.771 E0.00001
G1 X85.413 Y46.706 E0.00003
G1 F1005.7 X85.337 Y46.642 E0.00003
G1 X85.243 Y46.566 E0.00003
G1 X85.149 Y46.489 E0.00003
G1 X85.104 Y46.454 E0.00001
G1 F1010.5 X85.058 Y46.418 E0.00002
G1 X85.012 Y46.382 E0.00002
G1 F1015.4 X84.966 Y46.346 E0.00002
G1 X84.575 Y46.06 E0.00013
G1 X84.442 Y45.972 E0.00004
G1 X84.309 Y45.884 E0.00004
G1 X84.175 Y45.795 E0.00004
G1 F1010.5 X84.085 Y45.74 E0.00003
G1 X83.995 Y45.684 E0.00003
G1 X83.881 Y45.617 E0.00003
G1 X83.767 Y45.549 E0.00003
G1 X83.697 Y45.51 E0.00002
G1 F1005.7 X83.626 Y45.47 E0.00002
G1 X83.555 Y45.43 E0.00002
G1 X83.503 Y45.402 E0.00002
G1 F1010.5 X83.452 Y45.374 E0.00002
G1 X83.401 Y45.347 E0.00002
G1 F1015.4 X83.35 Y45.319 E0.00002
G1 X82.94 Y45.117 E0.00012
G1 F1020.3 X82.784 Y45.049 E0.00004
G1 X82.627 Y44.98 E0.00004
G1 X82.47 Y44.911 E0.00004
G1 X82.416 Y44.889 E0.00002
G1 F1010.5 X82.362 Y44.867 E0.00002
G1 F1005.7 X81.911 Y44.699 E0.00013
G1 X81.341 Y44.518 E0.00016
G1 F1010.5 X81.222 Y44.486 E0.00003
G1 X81.102 Y44.453 E0.00003
G1 X80.672 Y44.347 E0.00012
G1 X80.608 Y44.334 E0.00002
G1 X80.543 Y44.321 E0.00002
G1 F1005.7 X80.479 Y44.308 E0.00002
G1 X80.414 Y44.295 E0.00002
G1 F1000.9 X80.349 Y44.282 E0.00002
G1 X80.285 Y44.269 E0.00002
G1 X80.176 Y44.249 E0.00003
G1 X79.819 Y44.193 E0.0001
G1 F1005.7 X79.76 Y44.185 E0.00002
G1 F1010.5 X79.7 Y44.177 E0.00002
G1 X79.689 Y44.176 E0
G1 X79.645 Y44.171 E0.00001
G1 X79.6 Y44.166 E0.00001
G1 F1005.7 X79.555 Y44.161 E0.00001
G1 X79.511 Y44.156 E0.00001
G1 F1000.9 X79.466 Y44.151 E0.00001
G1 X79.421 Y44.146 E0.00001
G1 F996.2 X79.376 Y44.141 E0.00001
G1 X79.332 Y44.136 E0.00001
G1 X79.254 Y44.129 E0.00002
G1 F1000.9 X79.173 Y44.122 E0.00002
G1 F1005.7 X79.166 Y44.122 E0
G1 X79.09 Y44.117 E0.00002
G1 X79.013 Y44.112 E0.00002
G1 F1000.9 X78.936 Y44.106 E0.00002
G1 X78.859 Y44.101 E0.00002
G1 X78.8 Y44.098 E0.00002
G1 F1010.5 X78.742 Y44.095 E0.00002
G1 X78.582 Y44.093 E0.00004
G1 X78.422 Y44.09 E0.00004
G1 X78.262 Y44.088 E0.00004
G1 X78.203 Y44.087 E0.00002
G1 F1015.4 X78.145 Y44.088 E0.00002
G1 X78.087 Y44.088 E0.00002
G1 F1020.3 X78.029 Y44.089 E0.00001
G1 X78.017 Y44.089 E0
G1 X77.97 Y44.09 E0.00001
G1 F1015.4 X77.923 Y44.092 E0.00001
G1 F1010.5 X77.876 Y44.094 E0.00001
G1 X77.829 Y44.096 E0.00001
G1 F1005.7 X77.782 Y44.097 E0.00001
G1 X77.722 Y44.101 E0.00002
G1 F1010.5 X77.663 Y44.105 E0.00002
G1 X77.604 Y44.108 E0.00002
G1 F1015.4 X77.545 Y44.112 E0.00002
G1 X77.538 Y44.112 E0
G1 F1010.5 X77.46 Y44.118 E0.00002
G1 F1005.7 X77.381 Y44.124 E0.00002
G1 X77.303 Y44.13 E0.00002
G1 X77.257 Y44.134 E0.00001
G1 F1010.5 X77.21 Y44.139 E0.00001
G1 X77.163 Y44.144 E0.00001
G1 F1015.4 X77.116 Y44.149 E0.00001
G1 F1020.3 X77.069 Y44.153 E0.00001
G1 X77.055 Y44.155 E0
G1 X76.965 Y44.167 E0.00002
G1 F1015.4 X76.875 Y44.179 E0.00002
G1 F1010.5 X76.547 Y44.226 E0.00009
G1 X76.11 Y44.304 E0.00012
G1 X76.054 Y44.316 E0.00001
G1 F1005.7 X75.997 Y44.329 E0.00002
G1 X75.94 Y44.341 E0.00002
G1 F1000.9 X75.883 Y44.354 E0.00002
G1 X75.825 Y44.367 E0.00002
G1 F1005.7 X75.767 Y44.381 E0.00002
G1 X75.708 Y44.394 E0.00002
G1 F1010.5 X75.65 Y44.408 E0.00002
G1 X75.641 Y44.41 E0
G1 X75.549 Y44.434 E0.00002
G1 X75.456 Y44.459 E0.00003
G1 F1005.7 X75.364 Y44.484 E0.00002
G1 X75.271 Y44.509 E0.00003
G1 X75.178 Y44.534 E0.00003
G1 F1000.9 X75.125 Y44.55 E0.00001
G1 F996.2 X75.072 Y44.566 E0.00001
G1 X75.019 Y44.582 E0.00001
G1 F991.5 X74.966 Y44.598 E0.00001
G1 X74.936 Y44.608 E0.00001
G1 F996.2 X74.907 Y44.618 E0.00001
G1 X74.877 Y44.628 E0.00001
G1 F1000.9 X74.848 Y44.638 E0.00001
G1 F1005.7 X74.819 Y44.647 E0.00001
G1 F1010.5 X74.789 Y44.657 E0.00001
G1 X74.76 Y44.667 E0.00001
G1 F1015.4 X74.73 Y44.677 E0.00001
G1 X74.284 Y44.841 E0.00012
G1 X74.245 Y44.856 E0.00001
G1 F1010.5 X74.206 Y44.872 E0.00001
G1 X74.167 Y44.888 E0.00001
G1 F1005.7 X74.128 Y44.904 E0.00001
G1 F1000.9 X74.089 Y44.919 E0.00001
G1 X74.05 Y44.935 E0.00001
G1 X73.995 Y44.959 E0.00002
G1 F1005.7 X73.941 Y44.983 E0.00002
G1 X73.887 Y45.006 E0.00002
G1 F1010.5 X73.832 Y45.03 E0.00002
G1 X73.761 Y45.062 E0.00002
G1 F1005.7 X73.69 Y45.094 E0.00002
G1 X73.619 Y45.127 E0.00002
G1 X73.576 Y45.147 E0.00001
G1 F1010.5 X73.533 Y45.168 E0.00001
G1 X73.49 Y45.189 E0.00001
G1 F1015.4 X73.447 Y45.21 E0.00001
G1 F1020.3 X73.403 Y45.231 E0.00001
G1 X73.391 Y45.237 E0
G1 X73.339 Y45.264 E0.00002
G1 X73.287 Y45.291 E0.00002
G1 X73.234 Y45.318 E0.00002
G1 F1015.4 X73.182 Y45.345 E0.00002
G1 X73.13 Y45.373 E0.00002
G1 F1010.5 X73.077 Y45.4 E0.00002
G1 X73.025 Y45.427 E0.00002
G1 X72.973 Y45.454 E0.00002
G1 F1005.7 X72.558 Y45.695 E0.00013
G1 F1010.5 X72.422 Y45.782 E0.00004
G1 X72.286 Y45.87 E0.00004
G1 X72.15 Y45.958 E0.00004
G1 X72.072 Y46.013 E0.00002
G1 X71.994 Y46.069 E0.00003
G1 F1005.7 X71.916 Y46.124 E0.00002
G1 X71.837 Y46.18 E0.00003
G1 X71.759 Y46.236 E0.00003
G1 X71.711 Y46.271 E0.00002
G1 F1010.5 X71.662 Y46.307 E0.00002
G1 X71.613 Y46.343 E0.00002
G1 F1015.4 X71.564 Y46.379 E0.00002
G1 X71.533 Y46.403 E0.00001
G1 F1010.5 X71.502 Y46.428 E0.00001
G1 F1005.7 X71.47 Y46.453 E0.00001
G1 X71.439 Y46.478 E0.00001
G1 F1000.9 X71.408 Y46.503 E0.00001
G1 F996.2 X71.376 Y46.527 E0.00001
G1 X71.333 Y46.564 E0.00001
G1 F1000.9 X71.288 Y46.602 E0.00002
G1 X71.243 Y46.64 E0.00002
G1 F1005.7 X71.198 Y46.678 E0.00002
G1 X71.075 Y46.786 E0.00004
G1 X70.952 Y46.894 E0.00004
G1 X70.828 Y47.002 E0.00004
G1 F1000.9 X70.781 Y47.047 E0.00002
G1 X70.734 Y47.093 E0.00002
G1 F996.2 X70.687 Y47.139 E0.00002
G1 X70.639 Y47.185 E0.00002
G1 X70.592 Y47.231 E0.00002
G1 F991.5 X70.545 Y47.277 E0.00002
G1 X70.498 Y47.323 E0.00002
G1 X70.467 Y47.354 E0.00001
G1 F996.2 X70.439 Y47.383 E0.00001
G1 F1000.9 X70.411 Y47.411 E0.00001
G1 X70.383 Y47.44 E0.00001
G1 F1005.7 X70.355 Y47.468 E0.00001
G1 F1010.5 X70.327 Y47.497 E0.00001
G1 X69.995 Y47.859 E0.00013
G1 X69.96 Y47.9 E0.00001
G1 F1005.7 X69.925 Y47.941 E0.00001
G1 X69.89 Y47.982 E0.00001
G1 F1000.9 X69.855 Y48.024 E0.00001
G1 X69.802 Y48.09 E0.00002
G1 X69.748 Y48.156 E0.00002
G1 F1005.7 X69.694 Y48.222 E0.00002
G1 X69.264 Y48.794 E0.00019
G1 X68.997 Y49.196 E0.00013
G0 F24000 X69.107 Y49.03
G0 X69.264 Y48.794
G1 F1005.7 X69.694 Y48.222 E0.00019
G1 X69.747 Y48.156 E0.00002
G1 F1000.9 X69.801 Y48.09 E0.00002
G1 X69.855 Y48.024 E0.00002
G1 X69.89 Y47.983 E0.00001
G1 F1005.7 X69.925 Y47.942 E0.00001
G1 X69.96 Y47.901 E0.00001
G1 F1010.5 X69.995 Y47.859 E0.00001
G1 X70.329 Y47.495 E0.00013
G1 X70.357 Y47.467 E0.00001
G1 F1005.7 X70.385 Y47.438 E0.00001
G1 F1000.9 X70.413 Y47.41 E0.00001
G1 X70.441 Y47.381 E0.00001
G1 F996.2 X70.469 Y47.353 E0.00001
G1 F991.5 X70.497 Y47.324 E0.00001
G1 X70.542 Y47.281 E0.00002
G1 X70.589 Y47.235 E0.00002
G1 F996.2 X70.636 Y47.189 E0.00002
G1 X70.684 Y47.143 E0.00002
G1 X70.731 Y47.097 E0.00002
G1 F1000.9 X70.778 Y47.051 E0.00002
G1 X70.825 Y47.005 E0.00002
G1 F1005.7 X70.95 Y46.896 E0.00004
G1 X71.072 Y46.789 E0.00004
G1 X71.194 Y46.682 E0.00004
G1 X71.239 Y46.644 E0.00002
G1 F1000.9 X71.285 Y46.605 E0.00002
G1 X71.331 Y46.566 E0.00002
G1 F996.2 X71.377 Y46.527 E0.00002
G1 X71.409 Y46.502 E0.00001
G1 F1000.9 X71.44 Y46.477 E0.00001
G1 F1005.7 X71.472 Y46.452 E0.00001
G1 X71.503 Y46.427 E0.00001
G1 F1010.5 X71.534 Y46.402 E0.00001
G1 F1015.4 X71.566 Y46.378 E0.00001
G1 X71.613 Y46.343 E0.00002
G1 F1010.5 X71.662 Y46.307 E0.00002
G1 X71.711 Y46.271 E0.00002
G1 F1005.7 X71.76 Y46.235 E0.00002
G1 X71.837 Y46.18 E0.00002
G1 X71.914 Y46.125 E0.00002
G1 X71.991 Y46.07 E0.00002
G1 F1010.5 X72.069 Y46.015 E0.00002
G1 X72.146 Y45.96 E0.00002
G1 X72.551 Y45.7 E0.00013
G1 X72.689 Y45.62 E0.00004
G1 X72.827 Y45.54 E0.00004
G1 X72.966 Y45.459 E0.00004
G1 X73.02 Y45.431 E0.00002
G1 X73.073 Y45.403 E0.00002
G1 X73.126 Y45.375 E0.00002
G1 F1015.4 X73.179 Y45.348 E0.00002
G1 X73.233 Y45.32 E0.00002
G1 F1020.3 X73.286 Y45.292 E0.00002
G1 X73.339 Y45.264 E0.00002
G1 X73.392 Y45.237 E0.00002
G1 X73.401 Y45.232 E0
G1 X73.444 Y45.212 E0.00001
G1 F1015.4 X73.487 Y45.191 E0.00001
G1 F1010.5 X73.53 Y45.17 E0.00001
G1 X73.573 Y45.149 E0.00001
G1 F1005.7 X73.617 Y45.128 E0.00001
G1 X73.69 Y45.095 E0.00002
G1 X73.761 Y45.063 E0.00002
G1 F1010.5 X73.832 Y45.03 E0.00002
G1 X73.886 Y45.007 E0.00002
G1 F1005.7 X73.94 Y44.983 E0.00002
G1 X73.994 Y44.96 E0.00002
G1 F1000.9 X74.049 Y44.936 E0.00002
G1 X74.088 Y44.921 E0.00001
G1 X74.127 Y44.905 E0.00001
G1 F1005.7 X74.166 Y44.889 E0.00001
G1 F1010.5 X74.205 Y44.873 E0.00001
G1 X74.244 Y44.858 E0.00001
G1 F1015.4 X74.283 Y44.842 E0.00001
G1 X74.73 Y44.677 E0.00012
G1 X74.759 Y44.668 E0.00001
G1 F1010.5 X74.788 Y44.658 E0.00001
G1 X74.818 Y44.648 E0.00001
G1 F1005.7 X74.847 Y44.638 E0.00001
G1 F1000.9 X74.876 Y44.629 E0.00001
G1 F996.2 X74.906 Y44.619 E0.00001
G1 X74.935 Y44.609 E0.00001
G1 F991.5 X74.965 Y44.599 E0.00001
G1 X75.017 Y44.584 E0.00001
G1 F996.2 X75.07 Y44.568 E0.00001
G1 X75.123 Y44.552 E0.00001
G1 F1000.9 X75.176 Y44.536 E0.00001
G1 X75.353 Y44.49 E0.00005
G1 X75.529 Y44.445 E0.00005
G1 X75.705 Y44.4 E0.00005
G1 X75.882 Y44.355 E0.00005
G1 X75.939 Y44.342 E0.00002
G1 F1005.7 X75.996 Y44.329 E0.00002
G1 X76.053 Y44.317 E0.00002
G1 F1010.5 X76.11 Y44.304 E0.00002
G1 X76.547 Y44.226 E0.00012
G1 X76.875 Y44.179 E0.00009
G1 F1015.4 X76.965 Y44.167 E0.00002
G1 F1020.3 X77.055 Y44.155 E0.00002
G1 X77.067 Y44.154 E0
G1 X77.113 Y44.15 E0.00001
G1 F1015.4 X77.16 Y44.145 E0.00001
G1 F1010.5 X77.207 Y44.14 E0.00001
G1 X77.254 Y44.135 E0.00001
G1 F1005.7 X77.301 Y44.131 E0.00001
G1 X77.381 Y44.124 E0.00002
G1 X77.46 Y44.118 E0.00002
G1 F1010.5 X77.538 Y44.112 E0.00002
G1 F1015.4 X77.545 Y44.112 E0
G1 X77.604 Y44.109 E0.00002
G1 F1010.5 X77.663 Y44.105 E0.00002
G1 X77.722 Y44.102 E0.00002
G1 F1005.7 X77.781 Y44.098 E0.00002
G1 X77.828 Y44.097 E0.00001
G1 F1010.5 X77.875 Y44.095 E0.00001
G1 X77.922 Y44.093 E0.00001
G1 F1015.4 X77.969 Y44.091 E0.00001
G1 F1020.3 X78.016 Y44.09 E0.00001
G1 X78.03 Y44.089 E0
G1 X78.088 Y44.089 E0.00001
G1 F1015.4 X78.146 Y44.088 E0.00002
G1 X78.204 Y44.088 E0.00002
G1 F1010.5 X78.262 Y44.087 E0.00002
G1 X78.421 Y44.089 E0.00004
G1 X78.581 Y44.092 E0.00004
G1 X78.741 Y44.094 E0.00004
G1 X78.8 Y44.097 E0.00002
G1 F1000.9 X78.858 Y44.1 E0.00002
G1 X78.934 Y44.105 E0.00002
G1 X79.011 Y44.11 E0.00002
G1 F1005.7 X79.088 Y44.116 E0.00002
G1 X79.165 Y44.121 E0.00002
G1 X79.173 Y44.122 E0
G1 F1000.9 X79.254 Y44.129 E0.00002
G1 F996.2 X79.335 Y44.136 E0.00002
G1 X79.379 Y44.141 E0.00001
G1 X79.424 Y44.146 E0.00001
G1 F1000.9 X79.469 Y44.151 E0.00001
G1 X79.513 Y44.156 E0.00001
G1 F1005.7 X79.558 Y44.161 E0.00001
G1 X79.603 Y44.166 E0.00001
G1 F1010.5 X79.648 Y44.171 E0.00001
G1 X79.692 Y44.176 E0.00001
G1 X79.848 Y44.199 E0.00004
G1 X80.007 Y44.223 E0.00004
G1 X80.167 Y44.247 E0.00004
G1 F1005.7 X80.226 Y44.258 E0.00002
G1 F1000.9 X80.285 Y44.269 E0.00002
G1 X80.349 Y44.282 E0.00002
G1 X80.414 Y44.295 E0.00002
G1 F1005.7 X80.478 Y44.308 E0.00002
G1 X80.543 Y44.321 E0.00002
G1 F1010.5 X80.608 Y44.334 E0.00002
G1 X80.672 Y44.347 E0.00002
G1 X81.102 Y44.453 E0.00012
G1 X81.221 Y44.485 E0.00003
G1 X81.341 Y44.518 E0.00003
G1 F1005.7 X81.911 Y44.699 E0.00016
G1 X82.362 Y44.867 E0.00013
G1 F1010.5 X82.415 Y44.888 E0.00001
G1 F1020.3 X82.469 Y44.91 E0.00002
G1 X82.625 Y44.978 E0.00004
G1 X82.782 Y45.047 E0.00004
G1 X82.939 Y45.116 E0.00004
G1 F1015.4 X83.349 Y45.318 E0.00012
G1 X83.4 Y45.345 E0.00001
G1 F1010.5 X83.451 Y45.373 E0.00002
G1 X83.502 Y45.4 E0.00002
G1 F1005.7 X83.553 Y45.428 E0.00002
G1 X83.701 Y45.514 E0.00004
G1 X83.848 Y45.599 E0.00004
G1 X83.995 Y45.684 E0.00004
G1 F1010.5 X84.085 Y45.739 E0.00003
G1 X84.175 Y45.795 E0.00003
G1 X84.567 Y46.055 E0.00012
G1 F1015.4 X84.7 Y46.152 E0.00004
G1 X84.833 Y46.249 E0.00004
G1 X84.966 Y46.346 E0.00004
G1 X85.011 Y46.381 E0.00001
G1 F1010.5 X85.057 Y46.417 E0.00002
G1 X85.103 Y46.453 E0.00002
G1 F1005.7 X85.149 Y46.489 E0.00002
G1 X85.243 Y46.565 E0.00003
G1 X85.337 Y46.642 E0.00003
G1 X85.413 Y46.705 E0.00003
G1 F1000.9 X85.489 Y46.769 E0.00003
G1 X85.524 Y46.8 E0.00001
G1 X85.559 Y46.831 E0.00001
G1 F1005.7 X85.594 Y46.862 E0.00001
G1 F1010.5 X85.629 Y46.894 E0.00001
G1 X85.664 Y46.925 E0.00001
G1 F1015.4 X85.699 Y46.956 E0.00001
G1 X85.71 Y46.967 E0
G1 F1010.5 X85.741 Y46.997 E0.00001
G1 F1005.7 X85.773 Y47.027 E0.00001
G1 F1000.9 X85.805 Y47.058 E0.00001
G1 X85.837 Y47.088 E0.00001
G1 F996.2 X85.869 Y47.118 E0.00001
G1 X85.982 Y47.229 E0.00004
G1 X86.095 Y47.341 E0.00004
G1 X86.209 Y47.453 E0.00004
G1 X86.535 Y47.804 E0.00013
G1 F1000.9 X86.597 Y47.878 E0.00003
G1 X86.659 Y47.952 E0.00003
G1 X86.722 Y48.026 E0.00003
G1 F1005.7 X86.784 Y48.1 E0.00003
G1 X86.847 Y48.175 E0.00003
G1 F1010.5 X86.883 Y48.222 E0.00002
G1 X86.919 Y48.269 E0.00002
G1 X86.955 Y48.316 E0.00002
G1 F1015.4 X86.991 Y48.363 E0.00002
G1 X87.026 Y48.41 E0.00002
G1 F1020.3 X87.062 Y48.457 E0.00002
G1 X87.098 Y48.504 E0.00002
G1 X87.134 Y48.551 E0.00002
G1 X87.142 Y48.562 E0
G1 X87.162 Y48.59 E0.00001
G1 F1015.4 X87.182 Y48.618 E0.00001
G1 X87.203 Y48.647 E0.00001
G1 F1010.5 X87.223 Y48.675 E0.00001
G1 F1005.7 X87.244 Y48.703 E0.00001
G1 X87.264 Y48.732 E0.00001
G1 F1000.9 X87.285 Y48.76 E0.00001
G1 X87.35 Y48.856 E0.00003
G1 X87.417 Y48.953 E0.00003
G1 F1005.7 X87.503 Y49.086 E0.00004
G1 X87.589 Y49.22 E0.00004
G1 X87.676 Y49.354 E0.00004
G1 X87.736 Y49.456 E0.00003
G1 X87.797 Y49.558 E0.00003
G1 X87.857 Y49.664 E0.00003
G1 X87.917 Y49.77 E0.00003
G1 X87.955 Y49.84 E0.00002
G1 F1000.9 X87.993 Y49.91 E0.00002
G1 X88.031 Y49.981 E0.00002
G1 X88.054 Y50.025 E0.00001
G1 F1005.7 X88.076 Y50.069 E0.00001
G1 X88.098 Y50.113 E0.00001
G1 F1010.5 X88.12 Y50.157 E0.00001
G1 F1015.4 X88.142 Y50.201 E0.00001
G1 X88.148 Y50.212 E0
G1 X88.175 Y50.27 E0.00002
G1 X88.203 Y50.329 E0.00002
G1 F1010.5 X88.231 Y50.388 E0.00002
G1 X88.259 Y50.447 E0.00002
G1 X88.287 Y50.505 E0.00002
G1 F1005.7 X88.314 Y50.564 E0.00002
G1 X88.342 Y50.623 E0.00002
G1 F1000.9 X88.528 Y51.064 E0.00013
G1 F1005.7 X88.55 Y51.125 E0.00002
G1 X88.572 Y51.186 E0.00002
G1 F1010.5 X88.594 Y51.247 E0.00002
G1 X88.616 Y51.308 E0.00002
G1 X88.638 Y51.369 E0.00002
G1 F1015.4 X88.66 Y51.43 E0.00002
G1 X88.683 Y51.492 E0.00002
G1 X88.708 Y51.572 E0.00002
G1 X88.734 Y51.652 E0.00002
G1 X88.759 Y51.732 E0.00002
G1 F1010.5 X88.785 Y51.812 E0.00002
G1 X88.811 Y51.892 E0.00002
G1 X88.836 Y51.972 E0.00002
G1 F1005.7 X88.872 Y52.097 E0.00003
G1 X88.908 Y52.221 E0.00003
G1 X88.918 Y52.263 E0.00001
G1 F1010.5 X88.929 Y52.306 E0.00001
G1 X88.94 Y52.348 E0.00001
G1 F1015.4 X88.951 Y52.391 E0.00001
G1 F1020.3 X88.962 Y52.434 E0.00001
G1 X88.966 Y52.45 E0
G1 X88.972 Y52.48 E0.00001
G1 X88.979 Y52.51 E0.00001
G1 F1015.4 X88.986 Y52.54 E0.00001
G1 X88.992 Y52.571 E0.00001
G1 X88.999 Y52.601 E0.00001
G1 F1010.5 X89.006 Y52.631 E0.00001
G1 X89.012 Y52.661 E0.00001
G1 F1005.7 X89.019 Y52.692 E0.00001
G1 X89.026 Y52.722 E0.00001
G1 X89.033 Y52.752 E0.00001
G1 F1000.9 X89.039 Y52.783 E0.00001
G1 X89.046 Y52.813 E0.00001
G1 F996.2 X89.053 Y52.843 E0.00001
G1 X89.059 Y52.873 E0.00001
G1 X89.066 Y52.904 E0.00001
G1 X89.076 Y52.955 E0.00001
G1 F1000.9 X89.085 Y53 E0.00001
G1 X89.093 Y53.045 E0.00001
G1 F1005.7 X89.102 Y53.09 E0.00001
G1 F1010.5 X89.11 Y53.136 E0.00001
G1 F1015.4 X89.137 Y53.301 E0.00004
G1 X89.163 Y53.465 E0.00004
G1 X89.19 Y53.629 E0.00004
G1 X89.195 Y53.674 E0.00001
G1 F1010.5 X89.201 Y53.72 E0.00001
G1 F1005.7 X89.206 Y53.765 E0.00001
G1 X89.212 Y53.811 E0.00001
G1 F1000.9 X89.218 Y53.856 E0.00001
G1 X89.221 Y53.89 E0.00001
G1 X89.225 Y53.926 E0.00001
G1 F1005.7 X89.228 Y53.962 E0.00001
G1 F1010.5 X89.232 Y53.998 E0.00001
G1 X89.235 Y54.034 E0.00001
G1 F1015.4 X89.239 Y54.07 E0.00001
G1 F1020.3 X89.242 Y54.106 E0.00001
G1 X89.246 Y54.141 E0.00001
G1 X89.246 Y54.15 E0
G1 F1015.4 X89.25 Y54.21 E0.00002
G1 X89.255 Y54.271 E0.00002
G1 F1010.5 X89.259 Y54.332 E0.00002
G1 X89.264 Y54.393 E0.00002
G1 X89.268 Y54.454 E0.00002
G1 F1005.7 X89.273 Y54.515 E0.00002
G1 X89.278 Y54.575 E0.00002
G1 X89.279 Y54.67 E0.00002
G1 X89.281 Y54.766 E0.00003
G1 X89.282 Y54.862 E0.00003
G1 F1010.5 X89.284 Y54.958 E0.00003
G1 X89.286 Y55.054 E0.00003
G1 X89.286 Y55.052 E0
G1 X89.284 Y55.211 E0.00004
G1 X89.281 Y55.37 E0.00004
G1 X89.278 Y55.529 E0.00004
G1 X89.275 Y55.589 E0.00002
G1 X89.271 Y55.651 E0.00002
G1 F1015.4 X89.267 Y55.713 E0.00002
G1 X89.263 Y55.775 E0.00002
G1 X89.259 Y55.837 E0.00002
G1 F1020.3 X89.256 Y55.899 E0.00002
G1 X89.252 Y55.961 E0.00002
G1 X89.232 Y56.154 E0.00005
G1 X89.213 Y56.344 E0.00005
G1 X89.194 Y56.534 E0.00005
G1 F1015.4 X89.186 Y56.583 E0.00001
G1 F1010.5 X89.179 Y56.631 E0.00001
G1 F1005.7 X89.171 Y56.68 E0.00001
G1 X89.157 Y56.765 E0.00002
G1 X89.142 Y56.851 E0.00002
G1 X89.127 Y56.937 E0.00002
G1 F1010.5 X89.113 Y57.023 E0.00002
G1 X89.098 Y57.109 E0.00002
G1 X89.083 Y57.195 E0.00002
G1 X89.05 Y57.351 E0.00004
G1 X89.016 Y57.507 E0.00004
G1 X88.982 Y57.664 E0.00004
G1 F1005.7 X88.858 Y58.133 E0.00013
G1 F1010.5 X88.8 Y58.312 E0.00005
G1 X88.741 Y58.492 E0.00005
G1 X88.682 Y58.672 E0.00005
G1 X88.623 Y58.852 E0.00005
G1 F1015.4 X88.569 Y58.991 E0.00004
G1 X88.515 Y59.131 E0.00004
G1 X88.461 Y59.271 E0.00004
G1 X88.437 Y59.326 E0.00002
G1 X88.414 Y59.38 E0.00002
G1 F1010.5 X88.39 Y59.434 E0.00002
G1 X88.367 Y59.488 E0.00002
G1 F1005.7 X88.343 Y59.542 E0.00002
G1 X88.32 Y59.597 E0.00002
G1 X88.29 Y59.663 E0.00002
G1 F1010.5 X88.26 Y59.728 E0.00002
G1 F1015.4 X88.194 Y59.863 E0.00004
G1 X88.127 Y59.999 E0.00004
G1 X88.061 Y60.135 E0.00004
G1 X87.985 Y60.274 E0.00004
G1 X87.909 Y60.413 E0.00004
G1 X87.833 Y60.552 E0.00004
G1 F1010.5 X87.583 Y60.964 E0.00013
G1 X87.514 Y61.069 E0.00003
G1 X87.445 Y61.175 E0.00003
G1 X87.403 Y61.237 E0.00002
G1 X87.36 Y61.3 E0.00002
G1 F1015.4 X87.317 Y61.363 E0.00002
G1 F1020.3 X87.221 Y61.495 E0.00004
G1 X87.124 Y61.628 E0.00004
G1 X87.027 Y61.761 E0.00004
G1 X86.991 Y61.807 E0.00002
G1 F1015.4 X86.955 Y61.854 E0.00002
G1 X86.919 Y61.9 E0.00002
G1 F1010.5 X86.882 Y61.947 E0.00002
G1 X86.809 Y62.037 E0.00003
G1 X86.735 Y62.129 E0.00003
G1 F1015.4 X86.729 Y62.137 E0
G1 F1020.3 X86.704 Y62.166 E0.00001
G1 F1015.4 X86.679 Y62.196 E0.00001
G1 F1010.5 X86.654 Y62.226 E0.00001
G1 X86.628 Y62.255 E0.00001
G1 F1005.7 X86.603 Y62.285 E0.00001
G1 F1000.9 X86.578 Y62.315 E0.00001
G1 X86.538 Y62.36 E0.00002
G1 F1005.7 X86.499 Y62.403 E0.00002
G1 X86.46 Y62.446 E0.00002
G1 F1010.5 X86.421 Y62.489 E0.00002
G1 X86.415 Y62.496 E0
G1 X86.361 Y62.553 E0.00002
G1 F1005.7 X86.307 Y62.611 E0.00002
G1 X86.253 Y62.669 E0.00002
G1 X86.221 Y62.702 E0.00001
G1 F1010.5 X86.188 Y62.735 E0.00001
G1 X86.155 Y62.769 E0.00001
G1 F1015.4 X86.122 Y62.802 E0.00001
G1 F1020.3 X86.089 Y62.836 E0.00001
G1 X86.084 Y62.841 E0
G1 X86.041 Y62.883 E0.00002
G1 X85.997 Y62.926 E0.00002
G1 X85.953 Y62.968 E0.00002
G1 F1015.4 X85.909 Y63.011 E0.00002
G1 X85.866 Y63.053 E0.00002
G1 F1010.5 X85.822 Y63.096 E0.00002
G1 X85.778 Y63.138 E0.00002
G1 X85.734 Y63.181 E0.00002
G1 X85.662 Y63.243 E0.00002
G1 X85.591 Y63.304 E0.00002
G1 X85.519 Y63.365 E0.00002
G1 X85.448 Y63.426 E0.00002
G1 F1015.4 X85.376 Y63.487 E0.00002
G1 X85.305 Y63.548 E0.00002
G1 X85.233 Y63.61 E0.00002
G1 X85.162 Y63.671 E0.00002
G1 X85.112 Y63.71 E0.00002
G1 F1010.5 X85.06 Y63.751 E0.00002
G1 F1005.7 X85.008 Y63.792 E0.00002
G1 X84.913 Y63.863 E0.00003
G1 X84.819 Y63.934 E0.00003
G1 X84.424 Y64.212 E0.00013
G1 X84.026 Y64.469 E0.00012
G1 X83.885 Y64.55 E0.00004
G1 X83.744 Y64.632 E0.00004
G1 X83.603 Y64.714 E0.00004
G1 F1000.9 X83.535 Y64.75 E0.00002
G1 F996.2 X83.466 Y64.787 E0.00002
G1 X83.398 Y64.824 E0.00002
G1 X83.367 Y64.84 E0.00001
G1 F1000.9 X83.336 Y64.856 E0.00001
G1 X83.305 Y64.872 E0.00001
G1 F1005.7 X83.274 Y64.888 E0.00001
G1 F1010.5 X83.243 Y64.904 E0.00001
G1 X83.212 Y64.92 E0.00001
G1 F1015.4 X83.181 Y64.936 E0.00001
G1 X83.017 Y65.01 E0.00005
G1 X82.852 Y65.084 E0.00005
G1 X82.687 Y65.159 E0.00005
G1 X82.522 Y65.233 E0.00005
G1 F1010.5 X82.468 Y65.256 E0.00002
G1 F1005.7 X82.414 Y65.278 E0.00002
G1 X82.361 Y65.3 E0.00002
G1 F1000.9 X82.307 Y65.322 E0.00002
G1 X82.273 Y65.335 E0.00001
G1 F1005.7 X82.239 Y65.348 E0.00001
G1 X82.205 Y65.361 E0.00001
G1 F1010.5 X82.172 Y65.374 E0.00001
G1 F1015.4 X82.138 Y65.386 E0.00001
G1 X82.104 Y65.399 E0.00001
G1 F1020.3 X82.071 Y65.412 E0.00001
G1 X82.016 Y65.431 E0.00002
G1 X81.96 Y65.45 E0.00002
G1 F1015.4 X81.904 Y65.47 E0.00002
G1 F1010.5 X81.848 Y65.489 E0.00002
G1 X81.793 Y65.509 E0.00002
G1 X81.637 Y65.556 E0.00004
G1 X81.48 Y65.604 E0.00004
G1 X81.323 Y65.652 E0.00004
G1 X81.166 Y65.7 E0.00004
G1 X80.693 Y65.817 E0.00013
G1 X80.646 Y65.827 E0.00001
G1 F1005.7 X80.599 Y65.837 E0.00001
G1 F1000.9 X80.552 Y65.847 E0.00001
G1 X80.505 Y65.857 E0.00001
G1 F996.2 X80.458 Y65.867 E0.00001
G1 X80.382 Y65.881 E0.00002
G1 X80.305 Y65.895 E0.00002
G1 F1000.9 X80.229 Y65.91 E0.00002
G1 F1005.7 X80.222 Y65.911 E0
G1 X80.129 Y65.926 E0.00002
G1 F1000.9 X80.035 Y65.942 E0.00003
G1 X79.941 Y65.958 E0.00003
G1 X79.878 Y65.968 E0.00002
G1 F1005.7 X79.816 Y65.977 E0.00002
G1 F1010.5 X79.753 Y65.986 E0.00002
G1 F1015.4 X79.576 Y66.005 E0.00005
G1 X79.399 Y66.024 E0.00005
G1 X79.222 Y66.044 E0.00005
G1 X79.16 Y66.048 E0.00002
G1 F1010.5 X79.097 Y66.053 E0.00002
G1 F1005.7 X79.034 Y66.057 E0.00002
G1 X78.955 Y66.062 E0.00002
G1 X78.877 Y66.067 E0.00002
G1 F1010.5 X78.799 Y66.071 E0.00002
G1 F1015.4 X78.707 Y66.072 E0.00002
G1 X78.616 Y66.073 E0.00002
G1 X78.525 Y66.074 E0.00002
G1 X78.434 Y66.075 E0.00002
G1 F1020.3 X78.343 Y66.076 E0.00002
G1 X78.252 Y66.077 E0.00002
G1 X78.161 Y66.078 E0.00002
G1 X78.07 Y66.079 E0.00002
G1 X78.024 Y66.078 E0.00001
G1 F1015.4 X77.977 Y66.077 E0.00001
G1 F1010.5 X77.93 Y66.076 E0.00001
G1 X77.883 Y66.075 E0.00001
G1 F1005.7 X77.836 Y66.074 E0.00001
G1 X77.758 Y66.07 E0.00002
G1 X77.681 Y66.066 E0.00002
G1 F1010.5 X77.604 Y66.062 E0.00002
G1 X77.517 Y66.055 E0.00002
G1 X77.43 Y66.048 E0.00002
G1 F1005.7 X77.343 Y66.041 E0.00002
G1 X77.256 Y66.034 E0.00002
G1 X77.17 Y66.027 E0.00002
G1 F1000.9 X77.051 Y66.014 E0.00003
G1 X76.931 Y66.001 E0.00003
G1 X76.9 Y65.997 E0.00001
G1 X76.868 Y65.993 E0.00001
G1 F1005.7 X76.836 Y65.988 E0.00001
G1 F1010.5 X76.805 Y65.984 E0.00001
G1 X76.773 Y65.979 E0.00001
G1 F1015.4 X76.741 Y65.975 E0.00001
G1 X76.71 Y65.971 E0.00001
G1 F1020.3 X76.678 Y65.966 E0.00001
G1 F1025.2 X76.646 Y65.962 E0.00001
G1 X76.615 Y65.957 E0.00001
G1 X76.602 Y65.955 E0
G1 F1020.3 X76.536 Y65.944 E0.00002
G1 F1015.4 X76.47 Y65.933 E0.00002
G1 F1010.5 X76.404 Y65.921 E0.00002
G1 X76.327 Y65.907 E0.00002
G1 X76.249 Y65.892 E0.00002
G1 F1015.4 X76.171 Y65.878 E0.00002
G1 X76.164 Y65.876 E0
G1 F1010.5 X76.089 Y65.861 E0.00002
G1 F1005.7 X76.014 Y65.846 E0.00002
G1 X75.938 Y65.83 E0.00002
G1 X75.905 Y65.823 E0.00001
G1 F1010.5 X75.872 Y65.815 E0.00001
G1 X75.839 Y65.807 E0.00001
G1 F1015.4 X75.806 Y65.799 E0.00001
G1 F1020.3 X75.773 Y65.791 E0.00001
G1 X75.74 Y65.783 E0.00001
G1 F1025.2 X75.707 Y65.775 E0.00001
G1 X75.61 Y65.75 E0.00003
G1 X75.515 Y65.725 E0.00003
G1 F1020.3 X75.42 Y65.7 E0.00003
G1 X75.325 Y65.676 E0.00003
G1 X75.23 Y65.651 E0.00003
G1 F1015.4 X75.139 Y65.622 E0.00002
G1 X75.048 Y65.594 E0.00002
G1 F1010.5 X74.957 Y65.566 E0.00002
G1 X74.866 Y65.538 E0.00002
G1 X74.775 Y65.509 E0.00002
G1 X74.686 Y65.477 E0.00002
G1 X74.597 Y65.445 E0.00002
G1 X74.507 Y65.412 E0.00002
G1 F1015.4 X74.418 Y65.38 E0.00002
G1 X74.329 Y65.348 E0.00002
G1 X74.162 Y65.277 E0.00005
G1 X73.994 Y65.206 E0.00005
G1 X73.825 Y65.134 E0.00005
G1 X73.657 Y65.063 E0.00005
G1 F1010.5 X73.616 Y65.043 E0.00001
G1 F1005.7 X73.574 Y65.023 E0.00001
G1 F1000.9 X73.531 Y65.002 E0.00001
G1 X73.489 Y64.982 E0.00001
G1 F996.2 X73.446 Y64.961 E0.00001
G1 X73.412 Y64.944 E0.00001
G1 X73.377 Y64.926 E0.00001
G1 F1000.9 X73.342 Y64.908 E0.00001
G1 X73.308 Y64.89 E0.00001
G1 X73.273 Y64.872 E0.00001
G1 F1005.7 X73.238 Y64.854 E0.00001
G1 X73.204 Y64.836 E0.00001
G1 F1010.5 X73.169 Y64.818 E0.00001
G1 X73.134 Y64.8 E0.00001
G1 X73.1 Y64.782 E0.00001
G1 F1015.4 X73.065 Y64.764 E0.00001
G1 X73.03 Y64.746 E0.00001
G1 X72.873 Y64.653 E0.00005
G1 X72.715 Y64.56 E0.00005
G1 X72.557 Y64.467 E0.00005
G1 X72.4 Y64.374 E0.00005
G1 F1010.5 X72.335 Y64.332 E0.00002
G1 F1005.7 X72.268 Y64.288 E0.00002
G1 X72.201 Y64.245 E0.00002
G1 X72.162 Y64.219 E0.00001
G1 F1010.5 X72.123 Y64.193 E0.00001
G1 X72.084 Y64.166 E0.00001
G1 F1015.4 X72.045 Y64.14 E0.00001
G1 F1020.3 X72.006 Y64.113 E0.00001
G1 X71.997 Y64.107 E0
G1 X71.959 Y64.08 E0.00001
G1 F1015.4 X71.921 Y64.053 E0.00001
G1 F1010.5 X71.883 Y64.026 E0.00001
G1 X71.845 Y63.998 E0.00001
G1 F1005.7 X71.806 Y63.971 E0.00001
G1 X71.742 Y63.923 E0.00002
G1 X71.679 Y63.875 E0.00002
G1 F1010.5 X71.616 Y63.828 E0.00002
G1 F1015.4 X71.611 Y63.823 E0
G1 X71.548 Y63.774 E0.00002
G1 F1010.5 X71.485 Y63.725 E0.00002
G1 X71.422 Y63.676 E0.00002
G1 X71.363 Y63.628 E0.00002
G1 X71.303 Y63.579 E0.00002
G1 F1015.4 X71.243 Y63.531 E0.00002
G1 X71.122 Y63.426 E0.00004
G1 X71.001 Y63.32 E0.00004
G1 X70.879 Y63.214 E0.00004
G1 F1010.5 X70.532 Y62.883 E0.00013
G1 X70.198 Y62.537 E0.00013
G1 X70.144 Y62.477 E0.00002
G1 F1005.7 X70.09 Y62.417 E0.00002
G1 X70.036 Y62.357 E0.00002
G1 X69.998 Y62.312 E0.00002
G1 F1010.5 X69.96 Y62.267 E0.00002
G1 X69.922 Y62.222 E0.00002
G1 F1015.4 X69.883 Y62.177 E0.00002
G1 X69.879 Y62.172 E0
G1 X69.819 Y62.099 E0.00002
G1 X69.759 Y62.026 E0.00002
G1 F1010.5 X69.699 Y61.952 E0.00002
G1 X69.639 Y61.879 E0.00002
G1 X69.579 Y61.805 E0.00002
G1 X69.521 Y61.726 E0.00003
G1 X69.464 Y61.649 E0.00002
G1 X69.407 Y61.572 E0.00002
G1 F1015.4 X69.35 Y61.494 E0.00003
G1 X69.293 Y61.417 E0.00002
G1 X69.203 Y61.284 E0.00004
G1 X69.114 Y61.152 E0.00004
G1 X69.026 Y61.02 E0.00004
G1 F1010.5 X68.942 Y60.883 E0.00004
G1 X68.858 Y60.746 E0.00004
G1 X68.774 Y60.608 E0.00004
G1 F1005.7 X68.698 Y60.47 E0.00004
G1 X68.623 Y60.332 E0.00004
G1 X68.548 Y60.194 E0.00004
G1 X68.519 Y60.135 E0.00002
G1 X68.49 Y60.077 E0.00002
G1 F1010.5 X68.462 Y60.018 E0.00002
G1 X68.433 Y59.96 E0.00002
G1 X68.404 Y59.901 E0.00002
G1 F1015.4 X68.376 Y59.843 E0.00002
G1 X68.347 Y59.785 E0.00002
G1 F1020.3 X68.343 Y59.777 E0
G1 X68.316 Y59.717 E0.00002
G1 F1015.4 X68.288 Y59.657 E0.00002
G1 X68.26 Y59.597 E0.00002
G1 F1010.5 X68.232 Y59.537 E0.00002
G1 X68.192 Y59.446 E0.00003
G1 X68.152 Y59.354 E0.00003
G1 F1015.4 X68.112 Y59.262 E0.00003
G1 X68.106 Y59.25 E0
G1 X68.081 Y59.189 E0.00002
G1 F1010.5 X68.056 Y59.127 E0.00002
G1 F1005.7 X67.802 Y58.415 E0.0002
G1 X67.758 Y58.265 E0.00004
G1 X67.714 Y58.114 E0.00004
G1 X67.67 Y57.963 E0.00004
G1 X67.657 Y57.905 E0.00002
G1 X67.643 Y57.847 E0.00002
G1 X67.629 Y57.788 E0.00002
G1 F1010.5 X67.615 Y57.73 E0.00002
G1 X67.601 Y57.672 E0.00002
G1 F1015.4 X67.587 Y57.613 E0.00002
G1 X67.573 Y57.555 E0.00002
G1 X67.559 Y57.496 E0.00002
G1 X67.527 Y57.338 E0.00004
G1 X67.495 Y57.182 E0.00004
G1 X67.464 Y57.026 E0.00004
G1 X67.437 Y56.864 E0.00004
G1 X67.411 Y56.702 E0.00004
G1 X67.385 Y56.54 E0.00004
G1 X67.38 Y56.495 E0.00001
G1 F1010.5 X67.375 Y56.449 E0.00001
G1 F1005.7 X67.37 Y56.403 E0.00001
G1 X67.365 Y56.357 E0.00001
G1 F1000.9 X67.36 Y56.311 E0.00001
G1 X67.351 Y56.215 E0.00003
G1 X67.342 Y56.12 E0.00003
G1 X67.333 Y56.026 E0.00002
G1 F1005.7 X67.324 Y55.931 E0.00002
G1 X67.315 Y55.836 E0.00002
G1 X67.314 Y55.823 E0
G1 X67.312 Y55.776 E0.00001
G1 X67.31 Y55.729 E0.00001
G1 F1000.9 X67.308 Y55.682 E0.00001
G1 X67.306 Y55.635 E0.00001
G1 X67.304 Y55.588 E0.00001
G1 F996.2 X67.302 Y55.541 E0.00001
G1 X67.3 Y55.494 E0.00001
G1 F991.5 X67.298 Y55.447 E0.00001
G1 X67.296 Y55.4 E0.00001
G1 X67.294 Y55.353 E0.00001
G1 X67.294 Y55.317 E0.00001
G1 F996.2 X67.293 Y55.278 E0.00001
G1 F1000.9 X67.293 Y55.239 E0.00001
G1 X67.292 Y55.2 E0.00001
G1 F1005.7 X67.292 Y55.161 E0.00001
G1 F1010.5 X67.291 Y55.122 E0.00001
G1 X67.293 Y54.962 E0.00004
G1 X67.295 Y54.801 E0.00004
G1 X67.298 Y54.64 E0.00004
G1 X67.303 Y54.554 E0.00002
G1 X67.308 Y54.467 E0.00002
G1 X67.313 Y54.38 E0.00002
G1 F1015.4 X67.318 Y54.293 E0.00002
G1 X67.324 Y54.207 E0.00002
G1 X67.329 Y54.152 E0.00001
G1 X67.346 Y53.979 E0.00005
G1 X67.364 Y53.806 E0.00005
G1 X67.382 Y53.633 E0.00005
G1 F1010.5 X67.494 Y52.977 E0.00017
G1 X67.527 Y52.82 E0.00004
G1 X67.561 Y52.663 E0.00004
G1 X67.594 Y52.505 E0.00004
G1 X67.635 Y52.35 E0.00004
G1 X67.676 Y52.195 E0.00004
G1 X67.717 Y52.04 E0.00004
G1 X67.903 Y51.466 E0.00016
G1 F1015.4 X67.954 Y51.316 E0.00004
G1 X67.977 Y51.256 E0.00002
G1 X68 Y51.195 E0.00002
G1 F1010.5 X68.023 Y51.134 E0.00002
G1 F1005.7 X68.046 Y51.073 E0.00002
G1 X68.069 Y51.013 E0.00002
G1 X68.113 Y50.907 E0.00003
G1 X68.31 Y50.452 E0.00013
G1 F1010.5 X68.383 Y50.305 E0.00004
G1 X68.456 Y50.157 E0.00004
G1 X68.529 Y50.009 E0.00004
G1 X68.57 Y49.934 E0.00002
G1 X68.61 Y49.859 E0.00002
G1 F1005.7 X68.651 Y49.784 E0.00002
G1 X68.691 Y49.709 E0.00002
G1 X68.731 Y49.635 E0.00002
G1 X68.818 Y49.492 E0.00004
G1 X68.905 Y49.347 E0.00004
G1 X68.992 Y49.203 E0.00004
G1 X69.264 Y48.794 E0.00013
G0 F24000 X69.154 Y48.96
G1 F60 E-0.001
G1 F18000 Z1.9
;MESH:Conductor - Part.STL
G0 F24000 X102.704 Y104.997 Z1.9
;TYPE:WALL-INNER
G1 F18000 Z1.5
G1 F60 E0.001
G1 F1459.95 X102.291 Y104.996 Z1.362333 E0.00011
G1 X102.498 Y105.306 Z1.23808 E0.0001
G1 X102.704 Y104.997 Z1.1 E0.0001
G1 F973.3
G0 F24000 X102.293 Y114.999
G1 F973.3 X102.708 Y115 E0.00011
G1 X102.499 Y114.69 E0.0001
G1 X102.293 Y114.999 E0.0001
G0 F24000 X108.678 Y116.65
G0 X110.074 Y116.778
G0 X111.197 Y116.673
G0 X117.293 Y114.999
G1 F973.3 X117.708 Y115 E0.00011
G1 X117.499 Y114.69 E0.0001
G1 X117.293 Y114.999 E0.0001
G0 F24000 X117.704 Y104.997
G1 F973.3 X117.291 Y104.996 E0.00011
G1 X117.498 Y105.306 E0.0001
G1 X117.704 Y104.997 E0.0001
G0 F24000 X118.323 Y104.688
G1 F528 X116.681 Y104.688 E0.00082
G1 X116.84 Y104.891 E0.00013
G1 X117.124 Y105.294 E0.00025
G1 X117.348 Y105.649 E0.00021
G1 X117.501 Y105.925 E0.00016
G1 X117.8 Y105.401 E0.0003
G1 X118.054 Y105.032 E0.00022
G1 X118.323 Y104.688 E0.00022
G0 F24000 X118.042 Y107.52
G0 X117.496 Y114.069
G1 F528 X117.185 Y114.614 E0.00031
G1 X116.844 Y115.099 E0.0003
G1 X116.675 Y115.307 E0.00013
G1 X118.311 Y115.308 E0.00082
G1 X118.149 Y115.094 E0.00013
G1 X117.711 Y114.452 E0.00039
G1 X117.496 Y114.069 E0.00022
G0 F24000 X112.191 Y116.415
G0 X110.752 Y116.734
G0 X109.702 Y116.773
G0 X108.522 Y116.591
G0 X103.311 Y115.308
G1 F528 X103.149 Y115.094 E0.00013
G1 X102.711 Y114.452 E0.00039
G1 X102.496 Y114.069 E0.00022
G1 X102.185 Y114.614 E0.00031
G1 X101.844 Y115.099 E0.0003
G1 X101.675 Y115.307 E0.00013
G1 X103.311 Y115.308 E0.00082
G0 F24000 X103.06 Y112.747
G0 X102.501 Y105.925
G1 F528 X102.8 Y105.401 E0.0003
G1 X103.054 Y105.032 E0.00022
G1 X103.323 Y104.688 E0.00022
G1 X101.681 Y104.688 E0.00082
G1 X101.84 Y104.891 E0.00013
G1 X102.124 Y105.294 E0.00025
G1 X102.348 Y105.649 E0.00021
G1 X102.501 Y105.925 E0.00016
G0 F24000 X102.498 Y106.833
G1 F528 X102.721 Y106.357 E0.00026
G1 X103.134 Y105.62 E0.00042
G1 X103.459 Y105.157 E0.00028
G1 X103.863 Y104.653 E0.00032
G1 X104.208 Y104.288 E0.00025
G1 X100.792 Y104.289 E0.0017
G1 X100.96 Y104.457 E0.00012
G1 X101.43 Y105.011 E0.00036
G1 X101.797 Y105.524 E0.00031
G1 X101.998 Y105.844 E0.00019
G1 X102.228 Y106.259 E0.00024
G1 X102.498 Y106.833 E0.00032
G0 F24000 X102.497 Y113.152
G1 F528 X102.271 Y113.648 E0.00027
G1 X101.852 Y114.391 E0.00043
G1 X101.533 Y114.848 E0.00028
G1 X101.129 Y115.348 E0.00032
G1 X100.789 Y115.708 E0.00025
G1 X104.204 Y115.707 E0.0017
G1 X104.018 Y115.519 E0.00013
G1 X103.663 Y115.109 E0.00027
G1 X103.477 Y114.865 E0.00015
G1 X103.049 Y114.238 E0.00038
G1 X102.77 Y113.737 E0.00029
G1 X102.497 Y113.152 E0.00032
G0 F24000 X106.375 Y115.729
G0 X107.424 Y116.271
G0 X108.678 Y116.65
G0 X110.074 Y116.778
G0 X110.984 Y116.693
G0 X115.789 Y115.708
G1 F528 X119.204 Y115.707 E0.0017
G1 X119.018 Y115.519 E0.00013
G1 X118.663 Y115.109 E0.00027
G1 X118.477 Y114.865 E0.00015
G1 X118.049 Y114.238 E0.00038
G1 X117.77 Y113.737 E0.00029
G1 X117.497 Y113.152 E0.00032
G1 X117.271 Y113.648 E0.00027
G1 X116.852 Y114.391 E0.00043
G1 X116.533 Y114.848 E0.00028
G1 X116.129 Y115.348 E0.00032
G1 X115.789 Y115.708 E0.00025
G0 F24000 X117.042 Y111.4
G0 X117.498 Y106.833
G1 F528 X117.721 Y106.357 E0.00026
G1 X118.134 Y105.62 E0.00042
G1 X118.459 Y105.157 E0.00028
G1 X118.863 Y104.653 E0.00032
G1 X119.208 Y104.288 E0.00025
G1 X115.792 Y104.289 E0.0017
G1 X115.96 Y104.457 E0.00012
G1 X116.43 Y105.011 E0.00036
G1 X116.797 Y105.524 E0.00031
G1 X116.998 Y105.844 E0.00019
G1 X117.228 Y106.259 E0.00024
G1 X117.498 Y106.833 E0.00032
G0 F24000 X117.498 Y108.102
G1 F528 X117.659 Y107.537 E0.00029
G1 X117.828 Y107.081 E0.00024
G1 X118.08 Y106.532 E0.0003
G1 X118.469 Y105.839 E0.0004
G1 X118.771 Y105.408 E0.00026
G1 X119.263 Y104.805 E0.00039
G1 X119.736 Y104.324 E0.00034
G1 X120.122 Y103.987 E0.00026
G1 X120.249 Y103.889 E0.00008
G1 X114.739 Y103.888 E0.00275
G1 X114.99 Y104.088 E0.00016
G1 X115.191 Y104.263 E0.00013
G1 X115.663 Y104.724 E0.00033
G1 X115.841 Y104.926 E0.00013
G1 X116.186 Y105.351 E0.00027
G1 X116.493 Y105.789 E0.00027
G1 X116.648 Y106.038 E0.00015
G1 X116.912 Y106.521 E0.00027
G1 X117.132 Y106.998 E0.00026
G1 X117.306 Y107.445 E0.00024
G1 X117.456 Y107.926 E0.00025
G1 X117.498 Y108.102 E0.00009
G0 F24000 X117.5 Y111.905
G1 F528 X117.344 Y112.447 E0.00028
G1 X117.167 Y112.912 E0.00025
G1 X116.929 Y113.438 E0.00029
G1 X116.574 Y114.081 E0.00037
G1 X116.289 Y114.506 E0.00026
G1 X115.817 Y115.096 E0.00038
G1 X115.346 Y115.591 E0.00034
G1 X114.874 Y116.009 E0.00031
G1 X114.747 Y116.107 E0.00008
G1 X120.262 Y116.108 E0.00275
G1 X119.795 Y115.729 E0.0003
G1 X119.319 Y115.256 E0.00033
G1 X118.979 Y114.864 E0.00026
G1 X118.804 Y114.636 E0.00014
G1 X118.509 Y114.213 E0.00026
G1 X118.346 Y113.953 E0.00015
G1 X118.09 Y113.484 E0.00027
G1 X117.861 Y112.99 E0.00027
G1 X117.678 Y112.515 E0.00025
G1 X117.536 Y112.053 E0.00024
G1 X117.5 Y111.905 E0.00008
G0 F24000 X114.475 Y115.089
G0 X113.503 Y115.802
G0 X112.191 Y116.415
G0 X110.752 Y116.734
G0 X109.702 Y116.773
G0 X105.262 Y116.108
G1 F528 X104.795 Y115.729 E0.0003
G1 X104.319 Y115.256 E0.00033
G1 X103.979 Y114.864 E0.00026
G1 X103.804 Y114.636 E0.00014
G1 X103.509 Y114.213 E0.00026
G1 X103.346 Y113.953 E0.00015
G1 X103.09 Y113.484 E0.00027
G1 X102.861 Y112.99 E0.00027
G1 X102.678 Y112.515 E0.00025
G1 X102.536 Y112.053 E0.00024
G1 X102.5 Y111.905 E0.00008
G1 X102.344 Y112.447 E0.00028
G1 X102.167 Y112.912 E0.00025
G1 X101.929 Y113.438 E0.00029
G1 X101.574 Y114.081 E0.00037
G1 X101.289 Y114.506 E0.00026
G1 X100.817 Y115.096 E0.00038
G1 X100.346 Y115.591 E0.00034
G1 X99.874 Y116.009 E0.00031
G1 X99.747 Y116.107 E0.00008
G1 X105.262 Y116.108 E0.00275
G0 F24000 X103.61 Y113.272
G0 X103.07 Y111.875
G0 X103.012 Y111.568
G0 X102.498 Y108.102
G1 F528 X102.659 Y107.537 E0.00029
G1 X102.828 Y107.081 E0.00024
G1 X103.08 Y106.532 E0.0003
G1 X103.469 Y105.839 E0.0004
G1 X103.771 Y105.408 E0.00026
G1 X104.263 Y104.805 E0.00039
G1 X104.723 Y104.335 E0.00033
G1 X104.93 Y104.15 E0.00014
G1 X105.252 Y103.888 E0.00021
G1 X99.739 Y103.888 E0.00275
G1 X99.99 Y104.088 E0.00016
G1 X100.191 Y104.263 E0.00013
G1 X100.663 Y104.724 E0.00033
G1 X100.841 Y104.926 E0.00013
G1 X101.186 Y105.351 E0.00027
G1 X101.493 Y105.789 E0.00027
G1 X101.648 Y106.038 E0.00015
G1 X101.912 Y106.521 E0.00027
G1 X102.132 Y106.998 E0.00026
G1 X102.306 Y107.445 E0.00024
G1 X102.456 Y107.926 E0.00025
G1 X102.498 Y108.102 E0.00009
G0 F24000 X99.513 Y104.944
G0 X98.625 Y104.271
G0 X97.576 Y103.729
G0 X96.322 Y103.35
G0 X94.979 Y103.221
G0 X94.313 Y103.281
G0 X90.252 Y103.888
G1 F528 X88.888 Y103.888 E0.00068
G1 X88.889 Y105.263 E0.00069
G1 X89.175 Y104.903 E0.00023
G1 X89.723 Y104.335 E0.00039
G1 X89.93 Y104.15 E0.00014
G1 X90.252 Y103.888 E0.00021
G0 F24000 X88.574 Y107.841
G0 X88.278 Y109.119
G0 X88.222 Y110.074
G0 X88.281 Y110.711
G0 X88.889 Y114.746
G1 F528 X88.888 Y116.108 E0.00068
G1 X90.262 Y116.108 E0.00069
G1 X89.795 Y115.729 E0.0003
G1 X89.391 Y115.332 E0.00028
G1 X89.035 Y114.931 E0.00027
G1 X88.889 Y114.746 E0.00012
G0 F24000 X92.84 Y116.426
G0 X94.119 Y116.722
G0 X95.074 Y116.778
G0 X125.074 Y116.778
G0 X125.711 Y116.719
G0 X129.747 Y116.107
G1 F528 X131.108 Y116.108 E0.00068
G1 X131.108 Y114.737 E0.00068
G1 X130.734 Y115.192 E0.00029
G1 X130.346 Y115.591 E0.00028
G1 X129.874 Y116.009 E0.00031
G1 X129.747 Y116.107 E0.00008
G0 F24000 X131.426 Y112.159
G0 X131.722 Y110.881
G0 X131.778 Y109.926
G0 X131.719 Y109.289
G0 X131.108 Y105.251
G1 F528 X131.108 Y103.888 E0.00068
G1 X129.739 Y103.888 E0.00068
G1 X129.99 Y104.088 E0.00016
G1 X130.191 Y104.263 E0.00013
G1 X130.596 Y104.654 E0.00028
G1 X130.803 Y104.88 E0.00015
G1 X131.108 Y105.251 E0.00024
G0 F24000 X130.776 Y104.264
G1 F600 X130.754 Y104.302 E0.00002
G1 X130.711 Y104.302 E0.00002
G1 X130.688 Y104.264 E0.00002
G1 X130.71 Y104.226 E0.00002
G1 X130.753 Y104.226 E0.00002
G0 F24000 X128.376 Y103.488
G1 F528 X128.945 Y103.813 E0.00033
G1 X129.338 Y104.08 E0.00024
G1 X129.732 Y104.393 E0.00025
G1 X129.913 Y104.55 E0.00012
G1 X130.317 Y104.942 E0.00028
G1 X130.505 Y105.148 E0.00014
G1 X130.859 Y105.58 E0.00028
G1 X131.143 Y105.984 E0.00025
G1 X131.299 Y106.233 E0.00015
G1 X131.508 Y106.611 E0.00022
G1 X131.508 Y103.488 E0.00156
G1 X128.376 Y103.488 E0.00156
G0 F24000 X124.979 Y103.221
G0 X121.622 Y103.487
G1 F528 X113.376 Y103.488 E0.00411
G1 X113.945 Y103.813 E0.00033
G1 X114.338 Y104.08 E0.00024
G1 X114.732 Y104.393 E0.00025
G1 X114.913 Y104.55 E0.00012
G1 X115.365 Y104.991 E0.00032
G1 X115.532 Y105.18 E0.00013
G1 X115.858 Y105.581 E0.00026
G1 X116.143 Y105.984 E0.00025
G1 X116.299 Y106.233 E0.00015
G1 X116.549 Y106.688 E0.00026
G1 X116.768 Y107.163 E0.00026
G1 X116.932 Y107.588 E0.00023
G1 X117.079 Y108.064 E0.00025
G1 X117.227 Y108.731 E0.00034
G1 X117.239 Y108.823 E0.00005
G1 F526.7 X117.252 Y108.915 E0.00005
G1 X117.265 Y109.007 E0.00005
G1 F525.4 X117.286 Y109.143 E0.00007
G1 F522.8 X117.297 Y109.225 E0.00004
G1 X117.297 Y109.235 E0.00001
G1 F524.1 X117.297 Y109.245 E0.00001
G1 X117.297 Y109.255 E0.00001
G1 F525.4 X117.298 Y109.265 E0.00001
G1 F526.7 X117.298 Y109.275 E0.00001
G1 F528 X117.298 Y109.285 E0
G1 X117.298 Y109.295 E0
G1 F529.3 X117.299 Y109.305 E0.00001
G1 F530.7 X117.299 Y109.315 E0
G1 F532 X117.299 Y109.325 E0
G1 X117.299 Y109.335 E0
G1 F533.3 X117.3 Y109.345 E0
G1 F534.7 X117.3 Y109.355 E0
G1 F536 X117.3 Y109.365 E0
G1 X117.301 Y109.375 E0
G1 F537.4 X117.301 Y109.385 E0
G1 F538.8 X117.301 Y109.395 E0
G1 F540.2 X117.301 Y109.405 E0
G1 X117.302 Y109.415 E0
G1 F541.5 X117.302 Y109.425 E0
G1 F542.9 X117.302 Y109.435 E0
G1 F544.3 X117.302 Y109.445 E0
G1 F545.7 X117.303 Y109.455 E0
G1 X117.303 Y109.465 E0
G1 F547.2 X117.303 Y109.475 E0
G1 F548.6 X117.303 Y109.485 E0
G1 F550 X117.304 Y109.495 E0
G1 X117.304 Y109.505 E0
G1 F551.4 X117.304 Y109.515 E0
G1 F552.9 X117.305 Y109.525 E0
G1 F554.3 X117.305 Y109.535 E0
G1 X117.305 Y109.545 E0
G1 F555.8 X117.305 Y109.555 E0
G1 F557.3 X117.306 Y109.565 E0
G1 F558.7 X117.306 Y109.575 E0
G1 X117.306 Y109.585 E0
G1 F560.2 X117.306 Y109.595 E0
G1 F561.7 X117.307 Y109.605 E0
G1 F563.2 X117.307 Y109.615 E0
G1 X117.307 Y109.625 E0
G1 F564.7 X117.307 Y109.635 E0
G1 F566.2 X117.309 Y109.681 E0.00002
G1 F569.3 X117.31 Y109.725 E0.00002
G1 F572.4 X117.311 Y109.754 E0.00001
G1 F573.9 X117.312 Y109.783 E0.00001
G1 F575.5 X117.314 Y109.812 E0.00001
G1 F578.6 X117.315 Y109.841 E0.00001
G1 F580.2 X117.316 Y109.87 E0.00001
G1 F581.8 X117.318 Y109.944 E0.00003
G1 F583.4 X117.316 Y110.044 E0.00005
G1 F581.8 X117.316 Y110.13 E0.00004
G1 F580.2 X117.316 Y110.161 E0.00001
G1 F578.6 X117.316 Y110.192 E0.00001
G1 F575.5 X117.316 Y110.223 E0.00001
G1 F573.9 X117.316 Y110.254 E0.00001
G1 F572.4 X117.317 Y110.285 E0.00001
G1 F569.3 X117.316 Y110.321 E0.00002
G1 F566.2 X117.315 Y110.358 E0.00002
G1 F563.2 X117.315 Y110.368 E0
G1 F561.7 X117.315 Y110.378 E0
G1 X117.314 Y110.388 E0
G1 F560.2 X117.314 Y110.398 E0
G1 F558.7 X117.313 Y110.408 E0
G1 F557.3 X117.313 Y110.418 E0
G1 X117.312 Y110.428 E0
G1 F555.8 X117.312 Y110.438 E0
G1 F554.3 X117.311 Y110.448 E0
G1 F552.9 X117.311 Y110.458 E0
G1 X117.31 Y110.468 E0
G1 F551.4 X117.31 Y110.478 E0
G1 F550 X117.309 Y110.488 E0
G1 F548.6 X117.309 Y110.498 E0
G1 X117.308 Y110.508 E0
G1 F547.2 X117.308 Y110.518 E0
G1 F545.7 X117.307 Y110.528 E0
G1 F544.3 X117.307 Y110.538 E0
G1 X117.306 Y110.548 E0
G1 F542.9 X117.306 Y110.558 E0
G1 F541.5 X117.305 Y110.568 E0
G1 F540.2 X117.305 Y110.578 E0
G1 X117.304 Y110.588 E0
G1 F538.8 X117.304 Y110.598 E0
G1 F537.4 X117.303 Y110.608 E0
G1 F536 X117.303 Y110.618 E0
G1 X117.302 Y110.628 E0
G1 F534.7 X117.302 Y110.638 E0
G1 F533.3 X117.301 Y110.648 E0
G1 F532 X117.301 Y110.658 E0
G1 X117.3 Y110.668 E0
G1 F530.7 X117.3 Y110.678 E0
G1 F529.3 X117.299 Y110.688 E0.00001
G1 F528 X117.299 Y110.698 E0
G1 X117.298 Y110.708 E0.00001
G1 F526.7 X117.298 Y110.718 E0.00001
G1 F525.4 X117.297 Y110.728 E0.00001
G1 F524.1 X117.297 Y110.738 E0.00001
G1 X117.296 Y110.748 E0.00001
G1 F522.8 X117.296 Y110.758 E0.00001
G1 X117.292 Y110.796 E0.00002
G1 F524.1 X117.284 Y110.868 E0.00004
G1 F526.7 X117.272 Y110.989 E0.00006
G1 F528 X117.249 Y111.121 E0.00007
G1 X117.226 Y111.254 E0.00007
G1 X117.192 Y111.45 E0.0001
G1 X117.077 Y111.952 E0.00026
G1 X116.964 Y112.323 E0.00019
G1 X116.795 Y112.766 E0.00024
G1 X116.553 Y113.295 E0.00029
G1 X116.188 Y113.945 E0.00037
G1 X115.91 Y114.345 E0.00024
G1 X115.446 Y114.913 E0.00037
G1 X115.001 Y115.367 E0.00032
G1 X114.626 Y115.695 E0.00025
G1 X114.416 Y115.859 E0.00013
G1 X113.976 Y116.166 E0.00027
G1 X113.767 Y116.299 E0.00012
G1 X113.389 Y116.508 E0.00022
G1 X121.621 Y116.508 E0.00411
G1 X121.115 Y116.226 E0.00029
G1 X120.717 Y115.957 E0.00024
G1 X120.075 Y115.443 E0.00041
G1 X119.62 Y114.992 E0.00032
G1 X119.296 Y114.62 E0.00025
G1 X119.132 Y114.406 E0.00013
G1 X118.83 Y113.972 E0.00026
G1 X118.696 Y113.76 E0.00013
G1 X118.453 Y113.315 E0.00025
G1 X118.226 Y112.827 E0.00027
G1 X118.039 Y112.333 E0.00026
G1 X117.9 Y111.864 E0.00024
G1 X117.77 Y111.259 E0.00031
G1 X117.751 Y111.126 E0.00007
G1 X117.731 Y110.993 E0.00007
G1 F526.7 X117.71 Y110.855 E0.00007
G1 F524.1 X117.703 Y110.796 E0.00003
G1 F522.8 X117.699 Y110.77 E0.00001
G1 X117.699 Y110.76 E0.00001
G1 F524.1 X117.699 Y110.75 E0.00001
G1 X117.699 Y110.74 E0.00001
G1 F525.4 X117.699 Y110.73 E0.00001
G1 F526.7 X117.698 Y110.72 E0.00001
G1 F528 X117.698 Y110.71 E0
G1 X117.698 Y110.7 E0
G1 F529.3 X117.698 Y110.69 E0
G1 F530.7 X117.697 Y110.68 E0
G1 F532 X117.697 Y110.67 E0
G1 X117.697 Y110.66 E0
G1 F533.3 X117.697 Y110.65 E0
G1 F534.7 X117.696 Y110.64 E0
G1 F536 X117.696 Y110.63 E0
G1 X117.696 Y110.62 E0
G1 F537.4 X117.696 Y110.61 E0
G1 F538.8 X117.695 Y110.6 E0
G1 F540.2 X117.695 Y110.59 E0
G1 X117.695 Y110.58 E0
G1 F541.5 X117.695 Y110.57 E0
G1 F542.9 X117.694 Y110.56 E0
G1 F544.3 X117.694 Y110.55 E0
G1 X117.694 Y110.54 E0
G1 F545.7 X117.694 Y110.53 E0
G1 F547.2 X117.693 Y110.52 E0
G1 F548.6 X117.693 Y110.51 E0
G1 X117.693 Y110.5 E0
G1 F550 X117.693 Y110.49 E0
G1 F551.4 X117.692 Y110.48 E0
G1 F552.9 X117.692 Y110.47 E0
G1 X117.692 Y110.46 E0
G1 F554.3 X117.692 Y110.45 E0
G1 F555.8 X117.691 Y110.44 E0
G1 F557.3 X117.691 Y110.43 E0
G1 X117.691 Y110.42 E0
G1 F558.7 X117.691 Y110.41 E0
G1 F560.2 X117.69 Y110.4 E0
G1 F561.7 X117.69 Y110.39 E0
G1 X117.69 Y110.38 E0
G1 F563.2 X117.69 Y110.37 E0
G1 F564.7 X117.689 Y110.334 E0.00002
G1 F567.7 X117.688 Y110.305 E0.00001
G1 F570.8 X117.687 Y110.276 E0.00001
G1 F572.4 X117.685 Y110.244 E0.00001
G1 F573.9 X117.684 Y110.213 E0.00001
G1 F575.5 X117.682 Y110.182 E0.00001
G1 F578.6 X117.681 Y110.151 E0.00001
G1 F580.2 X117.679 Y110.12 E0.00001
G1 F581.8 X117.679 Y110.048 E0.00003
G1 F583.4 X117.68 Y109.948 E0.00005
G1 F581.8 X117.68 Y109.862 E0.00004
G1 F580.2 X117.68 Y109.833 E0.00001
G1 F578.6 X117.68 Y109.804 E0.00001
G1 F575.5 X117.68 Y109.775 E0.00001
G1 F573.9 X117.68 Y109.746 E0.00001
G1 F572.4 X117.68 Y109.717 E0.00001
G1 F569.3 X117.679 Y109.679 E0.00002
G1 F566.2 X117.68 Y109.642 E0.00002
G1 F564.7 X117.68 Y109.633 E0
G1 F563.2 X117.681 Y109.623 E0
G1 X117.681 Y109.613 E0
G1 F561.7 X117.682 Y109.603 E0
G1 F560.2 X117.682 Y109.593 E0
G1 F558.7 X117.683 Y109.583 E0
G1 X117.683 Y109.573 E0
G1 F557.3 X117.684 Y109.563 E0
G1 F555.8 X117.684 Y109.553 E0
G1 F554.3 X117.685 Y109.543 E0
G1 X117.685 Y109.533 E0
G1 F552.9 X117.686 Y109.523 E0
G1 F551.4 X117.686 Y109.513 E0
G1 F550 X117.687 Y109.503 E0
G1 X117.687 Y109.493 E0
G1 F548.6 X117.688 Y109.483 E0
G1 F547.2 X117.688 Y109.473 E0
G1 F545.7 X117.689 Y109.463 E0
G1 X117.689 Y109.453 E0
G1 F544.3 X117.69 Y109.443 E0
G1 F542.9 X117.69 Y109.433 E0
G1 F541.5 X117.691 Y109.423 E0
G1 F540.2 X117.691 Y109.413 E0
G1 X117.692 Y109.403 E0
G1 F538.8 X117.692 Y109.393 E0
G1 F537.4 X117.693 Y109.383 E0
G1 F536 X117.693 Y109.373 E0
G1 X117.694 Y109.363 E0
G1 F534.7 X117.694 Y109.353 E0
G1 F533.3 X117.695 Y109.343 E0
G1 F532 X117.695 Y109.333 E0
G1 X117.696 Y109.323 E0
G1 F530.7 X117.696 Y109.313 E0
G1 F529.3 X117.697 Y109.303 E0.00001
G1 F528 X117.697 Y109.293 E0
G1 X117.698 Y109.283 E0.00001
G1 F526.7 X117.698 Y109.273 E0.00001
G1 F525.4 X117.699 Y109.263 E0.00001
G1 F524.1 X117.699 Y109.253 E0.00001
G1 X117.7 Y109.243 E0.00001
G1 F522.8 X117.7 Y109.233 E0.00001
G1 X117.712 Y109.131 E0.00005
G1 F525.4 X117.725 Y109.012 E0.00006
G1 F526.7 X117.74 Y108.921 E0.00005
G1 X117.755 Y108.829 E0.00005
G1 F528 X117.77 Y108.737 E0.00005
G1 X117.806 Y108.535 E0.0001
G1 X117.902 Y108.127 E0.00021
G1 X118.038 Y107.664 E0.00024
G1 X118.2 Y107.227 E0.00023
G1 X118.44 Y106.707 E0.00029
G1 X118.803 Y106.059 E0.00037
G1 X119.083 Y105.658 E0.00024
G1 X119.55 Y105.083 E0.00037
G1 X120 Y104.624 E0.00032
G1 X120.37 Y104.301 E0.00025
G1 X120.586 Y104.134 E0.00014
G1 X121.029 Y103.828 E0.00027
G1 X121.233 Y103.702 E0.00012
G1 X121.622 Y103.487 E0.00022
G0 F24000 X124.979 Y103.221
G0 X126.322 Y103.35
G0 X127.576 Y103.729
G0 X128.625 Y104.271
G0 X129.513 Y104.944
G0 X130.392 Y105.892
G0 X131.033 Y106.91
G0 X131.543 Y108.228
G0 X131.734 Y109.247
G0 X131.766 Y110.098
G0 X131.508 Y113.378
G1 F528 X131.182 Y113.953 E0.00033
G1 X130.959 Y114.281 E0.0002
G1 X130.447 Y114.913 E0.00041
G1 X130.001 Y115.367 E0.00032
G1 X129.626 Y115.695 E0.00025
G1 X129.416 Y115.859 E0.00013
G1 X128.976 Y116.166 E0.00027
G1 X128.767 Y116.299 E0.00012
G1 X128.389 Y116.508 E0.00022
G1 X131.508 Y116.508 E0.00156
G1 X131.508 Y113.378 E0.00156
G0 F24000 X130.753 Y115.694
G1 F600 X130.71 Y115.694 E0.00002
G1 X130.688 Y115.732 E0.00002
G1 X130.711 Y115.77 E0.00002
G1 X130.754 Y115.77 E0.00002
G1 X130.776 Y115.732 E0.00002
G0 F24000 X125.752 Y116.734
G0 X124.702 Y116.773
G0 X109.702 Y116.773
G0 X106.621 Y116.508
G1 F528 X106.115 Y116.226 E0.00029
G1 X105.717 Y115.957 E0.00024
G1 X105.075 Y115.443 E0.00041
G1 X104.62 Y114.992 E0.00032
G1 X104.296 Y114.62 E0.00025
G1 X104.132 Y114.406 E0.00013
G1 X103.83 Y113.972 E0.00026
G1 X103.696 Y113.76 E0.00013
G1 X103.453 Y113.315 E0.00025
G1 X103.226 Y112.827 E0.00027
G1 X103.039 Y112.333 E0.00026
G1 X102.9 Y111.864 E0.00024
G1 X102.77 Y111.259 E0.00031
G1 X102.751 Y111.126 E0.00007
G1 X102.731 Y110.993 E0.00007
G1 F526.7 X102.71 Y110.855 E0.00007
G1 F524.1 X102.703 Y110.796 E0.00003
G1 F522.8 X102.699 Y110.77 E0.00001
G1 X102.699 Y110.76 E0.00001
G1 F524.1 X102.699 Y110.75 E0.00001
G1 X102.699 Y110.74 E0.00001
G1 F525.4 X102.699 Y110.73 E0.00001
G1 F526.7 X102.698 Y110.72 E0.00001
G1 F528 X102.698 Y110.71 E0
G1 X102.698 Y110.7 E0
G1 F529.3 X102.698 Y110.69 E0
G1 F530.7 X102.697 Y110.68 E0
G1 F532 X102.697 Y110.67 E0
G1 X102.697 Y110.66 E0
G1 F533.3 X102.697 Y110.65 E0
G1 F534.7 X102.696 Y110.64 E0
G1 F536 X102.696 Y110.63 E0
G1 X102.696 Y110.62 E0
G1 F537.4 X102.696 Y110.61 E0
G1 F538.8 X102.695 Y110.6 E0
G1 F540.2 X102.695 Y110.59 E0
G1 X102.695 Y110.58 E0
G1 F541.5 X102.695 Y110.57 E0
G1 F542.9 X102.694 Y110.56 E0
G1 F544.3 X102.694 Y110.55 E0
G1 X102.694 Y110.54 E0
G1 F545.7 X102.694 Y110.53 E0
G1 F547.2 X102.693 Y110.52 E0
G1 F548.6 X102.693 Y110.51 E0
G1 X102.693 Y110.5 E0
G1 F550 X102.693 Y110.49 E0
G1 F551.4 X102.692 Y110.48 E0
G1 F552.9 X102.692 Y110.47 E0
G1 X102.692 Y110.46 E0
G1 F554.3 X102.692 Y110.45 E0
G1 F555.8 X102.691 Y110.44 E0
G1 F557.3 X102.691 Y110.43 E0
G1 X102.691 Y110.42 E0
G1 F558.7 X102.691 Y110.41 E0
G1 F560.2 X102.69 Y110.4 E0
G1 F561.7 X102.69 Y110.39 E0
G1 X102.69 Y110.38 E0
G1 F563.2 X102.69 Y110.37 E0
G1 F564.7 X102.689 Y110.334 E0.00002
G1 F567.7 X102.688 Y110.305 E0.00001
G1 F570.8 X102.687 Y110.276 E0.00001
G1 F572.4 X102.685 Y110.244 E0.00001
G1 F573.9 X102.684 Y110.213 E0.00001
G1 F575.5 X102.682 Y110.182 E0.00001
G1 F578.6 X102.681 Y110.151 E0.00001
G1 F580.2 X102.679 Y110.12 E0.00001
G1 F581.8 X102.679 Y110.048 E0.00003
G1 F583.4 X102.68 Y109.948 E0.00005
G1 F581.8 X102.68 Y109.862 E0.00004
G1 F580.2 X102.68 Y109.833 E0.00001
G1 F578.6 X102.68 Y109.804 E0.00001
G1 F575.5 X102.68 Y109.775 E0.00001
G1 F573.9 X102.68 Y109.746 E0.00001
G1 F572.4 X102.68 Y109.717 E0.00001
G1 F569.3 X102.679 Y109.679 E0.00002
G1 F566.2 X102.68 Y109.642 E0.00002
G1 F564.7 X102.68 Y109.633 E0
G1 F563.2 X102.681 Y109.623 E0
G1 X102.681 Y109.613 E0
G1 F561.7 X102.682 Y109.603 E0
G1 F560.2 X102.682 Y109.593 E0
G1 F558.7 X102.683 Y109.583 E0
G1 X102.683 Y109.573 E0
G1 F557.3 X102.684 Y109.563 E0
G1 F555.8 X102.684 Y109.553 E0
G1 F554.3 X102.685 Y109.543 E0
G1 X102.685 Y109.533 E0
G1 F552.9 X102.686 Y109.523 E0
G1 F551.4 X102.686 Y109.513 E0
G1 F550 X102.687 Y109.503 E0
G1 X102.687 Y109.493 E0
G1 F548.6 X102.688 Y109.483 E0
G1 F547.2 X102.688 Y109.473 E0
G1 F545.7 X102.689 Y109.463 E0
G1 X102.689 Y109.453 E0
G1 F544.3 X102.69 Y109.443 E0
G1 F542.9 X102.69 Y109.433 E0
G1 F541.5 X102.691 Y109.423 E0
G1 F540.2 X102.691 Y109.413 E0
G1 X102.692 Y109.403 E0
G1 F538.8 X102.692 Y109.393 E0
G1 F537.4 X102.693 Y109.383 E0
G1 F536 X102.693 Y109.373 E0
G1 X102.694 Y109.363 E0
G1 F534.7 X102.694 Y109.353 E0
G1 F533.3 X102.695 Y109.343 E0
G1 F532 X102.695 Y109.333 E0
G1 X102.696 Y109.323 E0
G1 F530.7 X102.696 Y109.313 E0
G1 F529.3 X102.697 Y109.303 E0.00001
G1 F528 X102.697 Y109.293 E0
G1 X102.698 Y109.283 E0.00001
G1 F526.7 X102.698 Y109.273 E0.00001
G1 F525.4 X102.699 Y109.263 E0.00001
G1 F524.1 X102.699 Y109.253 E0.00001
G1 X102.7 Y109.243 E0.00001
G1 F522.8 X102.7 Y109.233 E0.00001
G1 X102.712 Y109.131 E0.00005
G1 F525.4 X102.725 Y109.012 E0.00006
G1 F526.7 X102.74 Y108.921 E0.00005
G1 X102.755 Y108.829 E0.00005
G1 F528 X102.77 Y108.737 E0.00005
G1 X102.806 Y108.535 E0.0001
G1 X102.902 Y108.127 E0.00021
G1 X103.038 Y107.664 E0.00024
G1 X103.2 Y107.227 E0.00023
G1 X103.44 Y106.707 E0.00029
G1 X103.803 Y106.059 E0.00037
G1 X104.083 Y105.658 E0.00024
G1 X104.487 Y105.154 E0.00032
G1 X104.99 Y104.632 E0.00036
G1 X105.184 Y104.459 E0.00013
G1 X105.58 Y104.137 E0.00025
G1 X106.045 Y103.814 E0.00028
G1 X106.622 Y103.487 E0.00033
G1 X98.376 Y103.488 E0.00411
G1 X98.945 Y103.813 E0.00033
G1 X99.338 Y104.08 E0.00024
G1 X99.732 Y104.393 E0.00025
G1 X99.913 Y104.55 E0.00012
G1 X100.365 Y104.991 E0.00032
G1 X100.532 Y105.18 E0.00013
G1 X100.858 Y105.581 E0.00026
G1 X101.143 Y105.984 E0.00025
G1 X101.299 Y106.233 E0.00015
G1 X101.549 Y106.688 E0.00026
G1 X101.768 Y107.163 E0.00026
G1 X101.932 Y107.588 E0.00023
G1 X102.079 Y108.064 E0.00025
G1 X102.227 Y108.731 E0.00034
G1 X102.239 Y108.823 E0.00005
G1 F526.7 X102.252 Y108.915 E0.00005
G1 X102.265 Y109.007 E0.00005
G1 F525.4 X102.286 Y109.143 E0.00007
G1 F522.8 X102.297 Y109.225 E0.00004
G1 X102.297 Y109.235 E0.00001
G1 F524.1 X102.297 Y109.245 E0.00001
G1 X102.297 Y109.255 E0.00001
G1 F525.4 X102.298 Y109.265 E0.00001
G1 F526.7 X102.298 Y109.275 E0.00001
G1 F528 X102.298 Y109.285 E0
G1 X102.298 Y109.295 E0
G1 F529.3 X102.299 Y109.305 E0.00001
G1 F530.7 X102.299 Y109.315 E0
G1 F532 X102.299 Y109.325 E0
G1 X102.299 Y109.335 E0
G1 F533.3 X102.3 Y109.345 E0
G1 F534.7 X102.3 Y109.355 E0
G1 F536 X102.3 Y109.365 E0
G1 X102.301 Y109.375 E0
G1 F537.4 X102.301 Y109.385 E0
G1 F538.8 X102.301 Y109.395 E0
G1 F540.2 X102.301 Y109.405 E0
G1 X102.302 Y109.415 E0
G1 F541.5 X102.302 Y109.425 E0
G1 F542.9 X102.302 Y109.435 E0
G1 F544.3 X102.302 Y109.445 E0
G1 F545.7 X102.303 Y109.455 E0
G1 X102.303 Y109.465 E0
G1 F547.2 X102.303 Y109.475 E0
G1 F548.6 X102.303 Y109.485 E0
G1 F550 X102.304 Y109.495 E0
G1 X102.304 Y109.505 E0
G1 F551.4 X102.304 Y109.515 E0
G1 F552.9 X102.305 Y109.525 E0
G1 F554.3 X102.305 Y109.535 E0
G1 X102.305 Y109.545 E0
G1 F555.8 X102.305 Y109.555 E0
G1 F557.3 X102.306 Y109.565 E0
G1 F558.7 X102.306 Y109.575 E0
G1 X102.306 Y109.585 E0
G1 F560.2 X102.306 Y109.595 E0
G1 F561.7 X102.307 Y109.605 E0
G1 F563.2 X102.307 Y109.615 E0
G1 X102.307 Y109.625 E0
G1 F564.7 X102.307 Y109.635 E0
G1 F566.2 X102.309 Y109.681 E0.00002
G1 F569.3 X102.31 Y109.725 E0.00002
G1 F572.4 X102.311 Y109.754 E0.00001
G1 F573.9 X102.312 Y109.783 E0.00001
G1 F575.5 X102.314 Y109.812 E0.00001
G1 F578.6 X102.315 Y109.841 E0.00001
G1 F580.2 X102.316 Y109.87 E0.00001
G1 F581.8 X102.318 Y109.944 E0.00003
G1 F583.4 X102.316 Y110.044 E0.00005
G1 F581.8 X102.316 Y110.13 E0.00004
G1 F580.2 X102.316 Y110.161 E0.00001
G1 F578.6 X102.316 Y110.192 E0.00001
G1 F575.5 X102.316 Y110.223 E0.00001
G1 F573.9 X102.316 Y110.254 E0.00001
G1 F572.4 X102.317 Y110.285 E0.00001
G1 F569.3 X102.316 Y110.321 E0.00002
G1 F566.2 X102.315 Y110.358 E0.00002
G1 F563.2 X102.315 Y110.368 E0
G1 F561.7 X102.315 Y110.378 E0
G1 X102.314 Y110.388 E0
G1 F560.2 X102.314 Y110.398 E0
G1 F558.7 X102.313 Y110.408 E0
G1 F557.3 X102.313 Y110.418 E0
G1 X102.312 Y110.428 E0
G1 F555.8 X102.312 Y110.438 E0
G1 F554.3 X102.311 Y110.448 E0
G1 F552.9 X102.311 Y110.458 E0
G1 X102.31 Y110.468 E0
G1 F551.4 X102.31 Y110.478 E0
G1 F550 X102.309 Y110.488 E0
G1 F548.6 X102.309 Y110.498 E0
G1 X102.308 Y110.508 E0
G1 F547.2 X102.308 Y110.518 E0
G1 F545.7 X102.307 Y110.528 E0
G1 F544.3 X102.307 Y110.538 E0
G1 X102.306 Y110.548 E0
G1 F542.9 X102.306 Y110.558 E0
G1 F541.5 X102.305 Y110.568 E0
G1 F540.2 X102.305 Y110.578 E0
G1 X102.304 Y110.588 E0
G1 F538.8 X102.304 Y110.598 E0
G1 F537.4 X102.303 Y110.608 E0
G1 F536 X102.303 Y110.618 E0
G1 X102.302 Y110.628 E0
G1 F534.7 X102.302 Y110.638 E0
G1 F533.3 X102.301 Y110.648 E0
G1 F532 X102.301 Y110.658 E0
G1 X102.3 Y110.668 E0
G1 F530.7 X102.3 Y110.678 E0
G1 F529.3 X102.299 Y110.688 E0.00001
G1 F528 X102.299 Y110.698 E0
G1 X102.298 Y110.708 E0.00001
G1 F526.7 X102.298 Y110.718 E0.00001
G1 F525.4 X102.297 Y110.728 E0.00001
G1 F524.1 X102.297 Y110.738 E0.00001
G1 X102.296 Y110.748 E0.00001
G1 F522.8 X102.296 Y110.758 E0.00001
G1 X102.292 Y110.796 E0.00002
G1 F524.1 X102.284 Y110.868 E0.00004
G1 F526.7 X102.272 Y110.989 E0.00006
G1 F528 X102.249 Y111.121 E0.00007
G1 X102.226 Y111.254 E0.00007
G1 X102.192 Y111.45 E0.0001
G1 X102.077 Y111.952 E0.00026
G1 X101.964 Y112.323 E0.00019
G1 X101.795 Y112.766 E0.00024
G1 X101.553 Y113.295 E0.00029
G1 X101.188 Y113.945 E0.00037
G1 X100.91 Y114.345 E0.00024
G1 X100.446 Y114.913 E0.00037
G1 X100.001 Y115.367 E0.00032
G1 X99.626 Y115.695 E0.00025
G1 X99.416 Y115.859 E0.00013
G1 X98.976 Y116.166 E0.00027
G1 X98.767 Y116.299 E0.00012
G1 X98.389 Y116.508 E0.00022
G1 X106.621 Y116.508 E0.00411
G0 F24000 X94.702 Y116.773
G0 X91.621 Y116.508
G1 F528 X91.115 Y116.226 E0.00029
G1 X90.717 Y115.957 E0.00024
G1 X90.075 Y115.443 E0.00041
G1 X89.619 Y114.992 E0.00032
G1 X89.335 Y114.668 E0.00021
G1 X89.132 Y114.406 E0.00017
G1 X88.852 Y114.006 E0.00024
G1 X88.696 Y113.76 E0.00015
G1 X88.488 Y113.382 E0.00022
G1 X88.488 Y116.508 E0.00156
G1 X91.621 Y116.508 E0.00156
G0 F24000 X89.308 Y115.732
G1 F600 X89.286 Y115.77 E0.00002
G1 X89.243 Y115.77 E0.00002
G1 X89.22 Y115.732 E0.00002
G1 X89.242 Y115.694 E0.00002
G1 X89.285 Y115.694 E0.00002
G0 F24000 X88.266 Y110.753
G0 X88.234 Y109.902
G0 X88.488 Y106.618
G1 F528 X88.817 Y106.039 E0.00033
G1 X89.041 Y105.715 E0.0002
G1 X89.487 Y105.154 E0.00036
G1 X89.99 Y104.632 E0.00036
G1 X90.184 Y104.459 E0.00013
G1 X90.58 Y104.137 E0.00025
G1 X91.045 Y103.814 E0.00028
G1 X91.622 Y103.487 E0.00033
G1 X88.488 Y103.488 E0.00156
G1 X88.488 Y106.618 E0.00156
G0 F24000 X88.307 Y107.471
G0 X88.425 Y107.771
G1 F528 X88.587 Y107.339 E0.00023
G1 X88.816 Y106.85 E0.00027
G1 X89.146 Y106.266 E0.00033
G1 X89.37 Y105.942 E0.0002
G1 X89.799 Y105.404 E0.00034
G1 X90.258 Y104.929 E0.00033
G1 X90.438 Y104.768 E0.00012
G1 X90.81 Y104.465 E0.00024
G1 X91.251 Y104.157 E0.00027
G1 X91.852 Y103.816 E0.00034
G1 X92.32 Y103.596 E0.00026
G1 X92.771 Y103.426 E0.00024
G1 X93.207 Y103.293 E0.00023
G1 F530.7 X93.216 Y103.293 E0
G1 F534.7 X93.226 Y103.292 E0
G1 F537.4 X93.236 Y103.291 E0
G1 F541.5 X93.246 Y103.29 E0
G1 F545.7 X93.256 Y103.29 E0
G1 F550 X93.266 Y103.289 E0
G1 F554.3 X93.276 Y103.288 E0
G1 F557.3 X93.286 Y103.287 E0
G1 F561.7 X93.296 Y103.287 E0
G1 F566.2 X93.306 Y103.286 E0
G1 F570.8 X93.316 Y103.285 E0
G1 F575.5 X93.326 Y103.284 E0
G1 F578.6 X93.336 Y103.284 E0
G1 F583.4 X93.346 Y103.283 E0
G1 F588.3 X93.356 Y103.282 E0
G1 F593.3 X93.366 Y103.281 E0
G1 F596.6 X93.376 Y103.281 E0
G1 F601.7 X93.386 Y103.28 E0
G1 F606.9 X93.396 Y103.279 E0
G1 F612.2 X93.406 Y103.278 E0
G1 F617.5 X93.416 Y103.278 E0
G1 F621.2 X93.426 Y103.277 E0
G1 F626.7 X93.436 Y103.276 E0
G1 F632.3 X93.446 Y103.275 E0
G1 F638.1 X93.456 Y103.275 E0
G1 F643.9 X93.466 Y103.274 E0
G1 F647.9 X93.476 Y103.273 E0
G1 F653.9 X93.486 Y103.272 E0
G1 F660 X93.495 Y103.272 E0
G1 F666.2 X93.505 Y103.271 E0
G1 F670.5 X93.515 Y103.27 E0
G1 F676.9 X93.525 Y103.269 E0
G1 F683.5 X93.535 Y103.268 E0
G1 F690.2 X93.545 Y103.268 E0
G1 F697 X93.555 Y103.267 E0
G1 F701.7 X93.565 Y103.266 E0
G1 F708.7 X93.575 Y103.265 E0
G1 F715.9 X93.585 Y103.265 E0
G1 F723.3 X93.595 Y103.264 E0
G1 F730.8 X93.605 Y103.263 E0
G1 F735.9 X93.615 Y103.262 E0
G1 F743.7 X93.625 Y103.262 E0
G1 F751.6 X93.635 Y103.261 E0
G1 F759.7 X93.645 Y103.26 E0
G1 F765.2 X93.655 Y103.259 E0
G1 F773.6 X93.665 Y103.259 E0
G1 F782.2 X93.675 Y103.258 E0
G1 F791 X93.685 Y103.257 E0
G1 F800 X93.695 Y103.256 E0
G1 F806.1 X93.705 Y103.256 E0
G1 F815.4 X93.715 Y103.255 E0
G1 F825 X93.725 Y103.254 E0
G1 F834.8 X93.735 Y103.253 E0
G1 F844.8 X93.745 Y103.253 E0
G1 F851.6 X93.755 Y103.252 E0
G1 F862 X93.765 Y103.251 E0
G1 F872.7 X93.807 Y103.245 E0.00001
G1 F883.7 X93.816 Y103.244 E0
G1 F887.4 X93.826 Y103.243 E0
G1 X93.836 Y103.242 E0
G1 F891.1 X93.846 Y103.241 E0
G1 F894.9 X93.856 Y103.24 E0
G1 F898.7 X93.866 Y103.239 E0
G1 X93.876 Y103.238 E0
G1 F902.6 X93.886 Y103.237 E0
G1 F906.4 X93.896 Y103.236 E0
G1 F910.3 X93.906 Y103.234 E0
G1 X93.916 Y103.233 E0
G1 F914.3 X93.926 Y103.232 E0
G1 F918.3 X93.936 Y103.231 E0
G1 F922.3 X93.946 Y103.23 E0
G1 X93.956 Y103.229 E0
G1 F926.3 X93.966 Y103.228 E0
G1 F930.4 X93.976 Y103.227 E0
G1 F934.5 X93.986 Y103.226 E0
G1 X93.996 Y103.225 E0
G1 F938.7 X94.006 Y103.223 E0
G1 F942.9 X94.015 Y103.222 E0
G1 F947.1 X94.025 Y103.221 E0
G1 X94.035 Y103.22 E0
G1 F951.4 X94.045 Y103.219 E0
G1 F955.7 X94.055 Y103.218 E0
G1 F960 X94.065 Y103.217 E0
G1 X94.075 Y103.216 E0
G1 F964.4 X94.085 Y103.215 E0
G1 F968.8 X94.095 Y103.214 E0
G1 F973.3 X94.105 Y103.212 E0
G1 X94.115 Y103.211 E0
G1 F977.8 X94.125 Y103.21 E0
G1 F982.3 X94.135 Y103.209 E0
G1 F986.9 X94.145 Y103.208 E0
G1 X94.155 Y103.207 E0
G1 F991.5 X94.165 Y103.206 E0
G1 F996.2 X94.175 Y103.205 E0
G1 F1000.9 X94.185 Y103.204 E0
G1 X94.195 Y103.202 E0
G1 F1005.7 X94.205 Y103.201 E0
G1 F1015.4 X94.245 Y103.198 E0.00001
G1 F1025.2 X94.26 Y103.197 E0
G1 X94.276 Y103.196 E0
G1 F1030.2 X94.292 Y103.195 E0
G1 F1035.3 X94.308 Y103.194 E0
G1 X94.324 Y103.193 E0
G1 F1040.4 X94.34 Y103.192 E0
G1 F1045.5 X94.356 Y103.191 E0
G1 X94.372 Y103.19 E0
G1 F1050.7 X94.388 Y103.189 E0
G1 F1056 X94.404 Y103.188 E0
G1 X94.42 Y103.187 E0
G1 F1061.3 X94.436 Y103.186 E0
G1 F1066.7 X94.452 Y103.185 E0
G1 X94.468 Y103.184 E0
G1 F1072.1 X94.484 Y103.183 E0
G1 F1077.6 X94.5 Y103.182 E0
G1 X94.516 Y103.181 E0
G1 F1083.1 X94.531 Y103.18 E0
G1 F1088.7 X94.552 Y103.179 E0.00001
G1 F1094.3 X94.576 Y103.179 E0.00001
G1 X94.6 Y103.178 E0.00001
G1 F1100 X94.624 Y103.177 E0.00001
G1 X94.648 Y103.177 E0.00001
G1 F1105.8 X94.672 Y103.176 E0.00001
G1 X94.696 Y103.175 E0.00001
G1 F1111.6 X94.72 Y103.175 E0.00001
G1 X94.744 Y103.174 E0.00001
G1 X94.768 Y103.173 E0.00001
G1 F1117.5 X94.792 Y103.173 E0.00001
G1 X94.816 Y103.172 E0.00001
G1 F1123.4 X94.84 Y103.171 E0.00001
G1 X94.864 Y103.17 E0.00001
G1 F1129.4 X94.888 Y103.17 E0.00001
G1 X94.912 Y103.169 E0.00001
G1 F1135.5 X94.936 Y103.168 E0.00001
G1 X94.96 Y103.168 E0.00001
G1 X94.991 Y103.167 E0.00001
G1 X95.056 Y103.167 E0.00002
G1 X95.121 Y103.168 E0.00002
G1 F1129.4 X95.186 Y103.169 E0.00002
G1 F1123.4 X95.251 Y103.17 E0.00002
G1 X95.316 Y103.171 E0.00002
G1 F1117.5 X95.324 Y103.171 E0
G1 X95.334 Y103.172 E0
G1 F1111.6 X95.344 Y103.172 E0
G1 X95.354 Y103.173 E0
G1 X95.364 Y103.174 E0
G1 F1105.8 X95.374 Y103.174 E0
G1 X95.384 Y103.175 E0
G1 F1100 X95.394 Y103.176 E0
G1 X95.404 Y103.176 E0
G1 F1094.3 X95.414 Y103.177 E0
G1 X95.424 Y103.178 E0
G1 F1088.7 X95.434 Y103.178 E0
G1 X95.444 Y103.179 E0
G1 X95.454 Y103.18 E0
G1 F1083.1 X95.464 Y103.18 E0
G1 X95.474 Y103.181 E0
G1 F1077.6 X95.484 Y103.181 E0
G1 X95.494 Y103.182 E0
G1 F1072.1 X95.504 Y103.183 E0
G1 X95.514 Y103.183 E0
G1 X95.524 Y103.184 E0
G1 F1066.7 X95.534 Y103.185 E0
G1 X95.544 Y103.185 E0
G1 F1061.3 X95.554 Y103.186 E0
G1 X95.564 Y103.187 E0
G1 F1056 X95.574 Y103.187 E0
G1 X95.584 Y103.188 E0
G1 F1050.7 X95.594 Y103.189 E0
G1 X95.604 Y103.189 E0
G1 X95.614 Y103.19 E0
G1 F1045.5 X95.624 Y103.191 E0
G1 X95.634 Y103.191 E0
G1 F1040.4 X95.644 Y103.192 E0
G1 X95.654 Y103.192 E0
G1 F1035.3 X95.664 Y103.193 E0
G1 X95.674 Y103.194 E0
G1 X95.684 Y103.194 E0
G1 F1030.2 X95.694 Y103.195 E0
G1 X95.704 Y103.196 E0
G1 F1025.2 X95.714 Y103.196 E0
G1 X95.724 Y103.197 E0
G1 F1020.3 X95.734 Y103.198 E0
G1 X95.744 Y103.198 E0
G1 X95.754 Y103.199 E0
G1 F1015.4 X95.764 Y103.2 E0
G1 X95.774 Y103.2 E0
G1 F1010.5 X95.784 Y103.201 E0
G1 X95.794 Y103.201 E0
G1 F1005.7 X95.804 Y103.202 E0
G1 X95.814 Y103.203 E0
G1 F1000.9 X95.824 Y103.203 E0
G1 X95.834 Y103.204 E0
G1 X95.844 Y103.205 E0
G1 F996.2 X95.854 Y103.205 E0
G1 X95.864 Y103.206 E0
G1 F986.9 X95.912 Y103.21 E0.00001
G1 F977.8 X95.921 Y103.211 E0
G1 F973.3 X95.931 Y103.212 E0
G1 F968.8 X95.941 Y103.213 E0
G1 X95.951 Y103.215 E0
G1 F964.4 X95.961 Y103.216 E0
G1 F960 X95.971 Y103.217 E0
G1 F955.7 X95.981 Y103.218 E0
G1 F951.4 X95.991 Y103.22 E0
G1 F947.1 X96.001 Y103.221 E0
G1 F942.9 X96.011 Y103.222 E0
G1 X96.021 Y103.223 E0
G1 F938.7 X96.031 Y103.225 E0
G1 F934.5 X96.041 Y103.226 E0
G1 F930.4 X96.05 Y103.227 E0
G1 F926.3 X96.06 Y103.228 E0
G1 F922.3 X96.07 Y103.23 E0
G1 F918.3 X96.08 Y103.231 E0
G1 X96.09 Y103.232 E0
G1 F914.3 X96.1 Y103.233 E0
G1 F910.3 X96.11 Y103.235 E0
G1 F906.4 X96.12 Y103.236 E0
G1 F902.6 X96.13 Y103.237 E0
G1 F898.7 X96.14 Y103.238 E0
G1 F894.9 X96.15 Y103.24 E0
G1 X96.16 Y103.241 E0
G1 F891.1 X96.17 Y103.242 E0
G1 F887.4 X96.18 Y103.243 E0
G1 F883.7 X96.189 Y103.245 E0
G1 F880 X96.199 Y103.246 E0
G1 F876.3 X96.209 Y103.247 E0
G1 F872.7 X96.219 Y103.248 E0
G1 X96.229 Y103.25 E0
G1 F869.1 X96.239 Y103.251 E0
G1 F865.6 X96.249 Y103.252 E0
G1 F862 X96.259 Y103.253 E0
G1 F858.5 X96.269 Y103.255 E0
G1 F855.1 X96.279 Y103.256 E0
G1 F851.6 X96.289 Y103.257 E0
G1 X96.299 Y103.258 E0
G1 F848.2 X96.309 Y103.26 E0
G1 F844.8 X96.319 Y103.261 E0
G1 F834.8 X96.334 Y103.262 E0
G1 F818.6 X96.345 Y103.262 E0
G1 F806.1 X96.356 Y103.261 E0
G1 F794 X96.365 Y103.261 E0
G1 F785.1 X96.375 Y103.262 E0
G1 F776.5 X96.385 Y103.263 E0
G1 F768 X96.395 Y103.263 E0
G1 F757 X96.405 Y103.264 E0
G1 F748.9 X96.415 Y103.265 E0
G1 F741.1 X96.425 Y103.265 E0
G1 F733.3 X96.435 Y103.266 E0
G1 F725.8 X96.445 Y103.267 E0
G1 F718.4 X96.455 Y103.267 E0
G1 F711.1 X96.465 Y103.268 E0
G1 F701.7 X96.475 Y103.269 E0
G1 F694.7 X96.485 Y103.27 E0
G1 F687.9 X96.495 Y103.27 E0
G1 F681.3 X96.505 Y103.271 E0
G1 F674.8 X96.515 Y103.272 E0
G1 F668.4 X96.525 Y103.272 E0
G1 F662.1 X96.535 Y103.273 E0
G1 F653.9 X96.545 Y103.274 E0
G1 F647.9 X96.555 Y103.274 E0
G1 F641.9 X96.565 Y103.275 E0
G1 F636.1 X96.575 Y103.276 E0
G1 F630.4 X96.585 Y103.276 E0
G1 F624.9 X96.595 Y103.277 E0
G1 F619.4 X96.605 Y103.278 E0
G1 F612.2 X96.615 Y103.279 E0
G1 F606.9 X96.625 Y103.279 E0
G1 F601.7 X96.635 Y103.28 E0
G1 F596.6 X96.645 Y103.281 E0
G1 F591.6 X96.655 Y103.281 E0
G1 F586.7 X96.665 Y103.282 E0
G1 F581.8 X96.675 Y103.283 E0
G1 F575.5 X96.685 Y103.283 E0
G1 F570.8 X96.695 Y103.284 E0
G1 F566.2 X96.705 Y103.285 E0
G1 F561.7 X96.715 Y103.286 E0
G1 F557.3 X96.725 Y103.286 E0
G1 F552.9 X96.735 Y103.287 E0
G1 F548.6 X96.745 Y103.288 E0
G1 F542.9 X96.755 Y103.288 E0
G1 F538.8 X96.765 Y103.289 E0
G1 F534.7 X96.775 Y103.29 E0
G1 F530.7 X96.785 Y103.29 E0
G1 F528 X97.195 Y103.413 E0.00021
G1 X97.644 Y103.583 E0.00024
G1 X98.149 Y103.818 E0.00028
G1 X98.723 Y104.145 E0.00033
G1 X99.089 Y104.393 E0.00022
G1 X99.605 Y104.81 E0.00033
G1 X100.067 Y105.259 E0.00032
G1 X100.224 Y105.434 E0.00012
G1 X100.504 Y105.774 E0.00022
G1 X100.833 Y106.242 E0.00029
G1 X100.949 Y106.428 E0.00011
G1 X101.17 Y106.825 E0.00023
G1 X101.403 Y107.328 E0.00028
G1 X101.571 Y107.768 E0.00023
G1 X101.694 Y108.173 E0.00021
G1 X101.831 Y108.789 E0.00031
G1 X101.896 Y109.25 E0.00023
G1 X101.937 Y109.94 E0.00034
G1 X101.93 Y110.325 E0.00019
G1 X101.877 Y110.923 E0.0003
G1 X101.802 Y111.363 E0.00022
G1 X101.709 Y111.78 E0.00021
G1 X101.583 Y112.199 E0.00022
G1 X101.423 Y112.62 E0.00022
G1 X101.195 Y113.118 E0.00027
G1 X100.878 Y113.685 E0.00032
G1 X100.599 Y114.094 E0.00025
G1 X100.195 Y114.594 E0.00032
G1 X99.737 Y115.067 E0.00033
G1 X99.405 Y115.359 E0.00022
G1 X99.186 Y115.531 E0.00014
G1 X98.604 Y115.93 E0.00035
G1 X98.142 Y116.186 E0.00026
G1 X97.637 Y116.416 E0.00028
G1 X97.221 Y116.576 E0.00022
G1 X96.793 Y116.702 E0.00022
G1 F530.7 X96.784 Y116.702 E0
G1 F533.3 X96.774 Y116.703 E0
G1 F537.4 X96.764 Y116.704 E0
G1 F540.2 X96.754 Y116.705 E0
G1 F544.3 X96.744 Y116.706 E0
G1 F547.2 X96.734 Y116.707 E0
G1 F551.4 X96.724 Y116.708 E0
G1 F554.3 X96.714 Y116.709 E0
G1 F558.7 X96.704 Y116.71 E0
G1 F561.7 X96.694 Y116.711 E0
G1 F566.2 X96.684 Y116.712 E0
G1 F569.3 X96.674 Y116.713 E0
G1 F573.9 X96.664 Y116.714 E0
G1 F577 X96.654 Y116.715 E0
G1 F581.8 X96.644 Y116.716 E0
G1 F586.7 X96.634 Y116.717 E0
G1 F589.9 X96.624 Y116.718 E0
G1 F594.9 X96.614 Y116.719 E0
G1 F598.3 X96.605 Y116.72 E0
G1 F603.4 X96.595 Y116.721 E0
G1 F606.9 X96.585 Y116.722 E0
G1 F612.2 X96.575 Y116.722 E0
G1 F615.7 X96.565 Y116.723 E0
G1 F621.2 X96.555 Y116.724 E0
G1 F624.9 X96.545 Y116.725 E0
G1 F630.4 X96.535 Y116.726 E0
G1 F634.2 X96.525 Y116.727 E0
G1 F640 X96.515 Y116.728 E0
G1 F643.9 X96.505 Y116.729 E0
G1 F649.8 X96.495 Y116.73 E0
G1 F653.9 X96.485 Y116.731 E0
G1 F660 X96.475 Y116.732 E0
G1 F664.2 X96.465 Y116.733 E0
G1 F670.5 X96.455 Y116.734 E0
G1 F674.8 X96.445 Y116.735 E0
G1 F681.3 X96.435 Y116.736 E0
G1 F685.7 X96.425 Y116.737 E0
G1 F692.5 X96.416 Y116.738 E0
G1 F697 X96.406 Y116.739 E0
G1 F704 X96.396 Y116.74 E0
G1 F708.7 X96.386 Y116.741 E0
G1 F715.9 X96.376 Y116.742 E0
G1 F723.3 X96.366 Y116.742 E0
G1 F728.3 X96.356 Y116.743 E0
G1 F735.9 X96.346 Y116.744 E0
G1 F741.1 X96.336 Y116.745 E0
G1 F748.9 X96.326 Y116.746 E0
G1 F754.3 X96.316 Y116.747 E0
G1 F762.5 X96.306 Y116.748 E0
G1 F768 X96.296 Y116.749 E0
G1 F776.5 X96.286 Y116.75 E0
G1 F782.2 X96.276 Y116.751 E0
G1 F791 X96.266 Y116.752 E0
G1 F797 X96.256 Y116.753 E0
G1 F806.1 X96.246 Y116.754 E0
G1 F812.3 X96.236 Y116.755 E0
G1 F828.2 X96.215 Y116.755 E0.00001
G1 F848.2 X96.201 Y116.754 E0
G1 F876.3 X96.183 Y116.754 E0.00001
G1 F894.9 X96.174 Y116.755 E0
G1 F898.7 X96.164 Y116.756 E0
G1 X96.154 Y116.757 E0
G1 F902.6 X96.144 Y116.758 E0
G1 F906.4 X96.134 Y116.759 E0
G1 X96.124 Y116.76 E0
G1 F910.3 X96.114 Y116.761 E0
G1 F914.3 X96.104 Y116.762 E0
G1 X96.094 Y116.763 E0
G1 F918.3 X96.084 Y116.764 E0
G1 F922.3 X96.074 Y116.765 E0
G1 X96.064 Y116.766 E0
G1 F926.3 X96.054 Y116.767 E0
G1 F930.4 X96.044 Y116.768 E0
G1 X96.034 Y116.769 E0
G1 F934.5 X96.024 Y116.77 E0
G1 F938.7 X96.014 Y116.771 E0
G1 X96.004 Y116.772 E0
G1 F942.9 X95.994 Y116.773 E0
G1 F947.1 X95.984 Y116.774 E0
G1 X95.975 Y116.775 E0
G1 F951.4 X95.965 Y116.776 E0
G1 F955.7 X95.955 Y116.777 E0
G1 X95.945 Y116.778 E0
G1 F960 X95.935 Y116.779 E0
G1 F964.4 X95.925 Y116.78 E0
G1 X95.915 Y116.781 E0
G1 F968.8 X95.905 Y116.782 E0
G1 F973.3 X95.895 Y116.783 E0
G1 X95.885 Y116.784 E0
G1 F977.8 X95.875 Y116.785 E0
G1 F982.3 X95.865 Y116.787 E0
G1 X95.855 Y116.788 E0
G1 F986.9 X95.845 Y116.789 E0
G1 F991.5 X95.835 Y116.79 E0
G1 X95.825 Y116.791 E0
G1 F996.2 X95.815 Y116.792 E0
G1 F1000.9 X95.805 Y116.793 E0
G1 X95.795 Y116.794 E0
G1 F1005.7 X95.785 Y116.795 E0
G1 F1015.4 X95.739 Y116.799 E0.00001
G1 F1030.2 X95.73 Y116.799 E0
G1 X95.72 Y116.799 E0
G1 X95.71 Y116.8 E0
G1 F1035.3 X95.7 Y116.8 E0
G1 X95.69 Y116.801 E0
G1 X95.68 Y116.801 E0
G1 F1040.4 X95.67 Y116.802 E0
G1 X95.66 Y116.802 E0
G1 X95.65 Y116.803 E0
G1 X95.64 Y116.803 E0
G1 F1045.5 X95.63 Y116.804 E0
G1 X95.62 Y116.804 E0
G1 X95.61 Y116.805 E0
G1 F1050.7 X95.6 Y116.805 E0
G1 X95.59 Y116.805 E0
G1 X95.58 Y116.806 E0
G1 F1056 X95.57 Y116.806 E0
G1 X95.56 Y116.807 E0
G1 X95.55 Y116.807 E0
G1 F1061.3 X95.54 Y116.808 E0
G1 X95.53 Y116.808 E0
G1 X95.52 Y116.809 E0
G1 F1066.7 X95.51 Y116.809 E0
G1 X95.5 Y116.81 E0
G1 X95.49 Y116.81 E0
G1 X95.48 Y116.811 E0
G1 F1072.1 X95.47 Y116.811 E0
G1 X95.46 Y116.811 E0
G1 X95.45 Y116.812 E0
G1 F1077.6 X95.44 Y116.812 E0
G1 X95.43 Y116.813 E0
G1 X95.42 Y116.813 E0
G1 F1083.1 X95.41 Y116.814 E0
G1 X95.4 Y116.814 E0
G1 X95.39 Y116.815 E0
G1 F1088.7 X95.38 Y116.815 E0
G1 X95.37 Y116.816 E0
G1 X95.36 Y116.816 E0
G1 F1094.3 X95.35 Y116.817 E0
G1 X95.34 Y116.817 E0
G1 X95.33 Y116.817 E0
G1 X95.32 Y116.818 E0
G1 F1100 X95.31 Y116.818 E0
G1 X95.3 Y116.819 E0
G1 X95.29 Y116.819 E0
G1 F1105.8 X95.28 Y116.82 E0
G1 X95.27 Y116.82 E0
G1 X95.26 Y116.821 E0
G1 F1111.6 X95.25 Y116.821 E0
G1 X95.24 Y116.822 E0
G1 X95.23 Y116.822 E0
G1 F1117.5 X95.22 Y116.823 E0
G1 X95.21 Y116.823 E0
G1 X95.2 Y116.823 E0
G1 F1123.4 X95.19 Y116.824 E0
G1 X95.18 Y116.824 E0
G1 X95.17 Y116.825 E0
G1 X95.16 Y116.825 E0
G1 F1129.4 X95.15 Y116.826 E0
G1 X95.14 Y116.826 E0
G1 X95.13 Y116.827 E0
G1 F1135.5 X95.12 Y116.827 E0
G1 X95.11 Y116.828 E0
G1 X95.1 Y116.828 E0
G1 X94.906 Y116.828 E0.00005
G1 X94.721 Y116.826 E0.00004
G1 F1123.4 X94.686 Y116.825 E0.00001
G1 F1117.5 X94.677 Y116.825 E0
G1 X94.667 Y116.824 E0
G1 F1111.6 X94.657 Y116.824 E0
G1 X94.647 Y116.823 E0
G1 X94.637 Y116.822 E0
G1 F1105.8 X94.627 Y116.822 E0
G1 X94.617 Y116.821 E0
G1 F1100 X94.607 Y116.821 E0
G1 X94.597 Y116.82 E0
G1 X94.587 Y116.819 E0
G1 F1094.3 X94.577 Y116.819 E0
G1 X94.567 Y116.818 E0
G1 F1088.7 X94.557 Y116.817 E0
G1 X94.547 Y116.817 E0
G1 X94.537 Y116.816 E0
G1 F1083.1 X94.527 Y116.816 E0
G1 X94.517 Y116.815 E0
G1 F1077.6 X94.507 Y116.814 E0
G1 X94.497 Y116.814 E0
G1 F1072.1 X94.487 Y116.813 E0
G1 X94.477 Y116.812 E0
G1 X94.467 Y116.812 E0
G1 F1066.7 X94.457 Y116.811 E0
G1 X94.447 Y116.811 E0
G1 F1061.3 X94.437 Y116.81 E0
G1 X94.427 Y116.809 E0
G1 X94.417 Y116.809 E0
G1 F1056 X94.407 Y116.808 E0
G1 X94.397 Y116.807 E0
G1 F1050.7 X94.387 Y116.807 E0
G1 X94.377 Y116.806 E0
G1 X94.367 Y116.806 E0
G1 F1045.5 X94.357 Y116.805 E0
G1 X94.347 Y116.804 E0
G1 F1040.4 X94.337 Y116.804 E0
G1 X94.327 Y116.803 E0
G1 X94.317 Y116.802 E0
G1 F1035.3 X94.307 Y116.802 E0
G1 X94.297 Y116.801 E0
G1 F1030.2 X94.287 Y116.801 E0
G1 X94.277 Y116.8 E0
G1 F1025.2 X94.267 Y116.799 E0
G1 X94.257 Y116.799 E0
G1 X94.247 Y116.798 E0
G1 F1020.3 X94.237 Y116.797 E0
G1 X94.227 Y116.797 E0
G1 F1015.4 X94.217 Y116.796 E0
G1 X94.207 Y116.796 E0
G1 X94.197 Y116.795 E0
G1 F1010.5 X94.187 Y116.794 E0
G1 X94.177 Y116.794 E0
G1 F1005.7 X94.167 Y116.793 E0
G1 X94.157 Y116.792 E0
G1 X94.147 Y116.792 E0
G1 F1000.9 X94.137 Y116.791 E0
G1 X94.127 Y116.791 E0
G1 F986.9 X94.084 Y116.786 E0.00001
G1 F977.8 X94.075 Y116.785 E0
G1 F973.3 X94.065 Y116.784 E0
G1 F968.8 X94.055 Y116.783 E0
G1 X94.045 Y116.782 E0
G1 F964.4 X94.035 Y116.78 E0
G1 F960 X94.025 Y116.779 E0
G1 F955.7 X94.015 Y116.778 E0
G1 F951.4 X94.005 Y116.777 E0
G1 F947.1 X93.995 Y116.775 E0
G1 X93.985 Y116.774 E0
G1 F942.9 X93.975 Y116.773 E0
G1 F938.7 X93.965 Y116.772 E0
G1 F934.5 X93.955 Y116.77 E0
G1 F930.4 X93.946 Y116.769 E0
G1 F926.3 X93.936 Y116.768 E0
G1 X93.926 Y116.767 E0
G1 F922.3 X93.916 Y116.766 E0
G1 F918.3 X93.906 Y116.764 E0
G1 F914.3 X93.896 Y116.763 E0
G1 F910.3 X93.886 Y116.762 E0
G1 F906.4 X93.876 Y116.761 E0
G1 X93.866 Y116.759 E0
G1 F902.6 X93.856 Y116.758 E0
G1 F898.7 X93.846 Y116.757 E0
G1 F894.9 X93.836 Y116.756 E0
G1 F891.1 X93.826 Y116.754 E0
G1 X93.816 Y116.753 E0
G1 F887.4 X93.807 Y116.752 E0
G1 F883.7 X93.797 Y116.751 E0
G1 F880 X93.787 Y116.75 E0
G1 F876.3 X93.777 Y116.748 E0
G1 F872.7 X93.767 Y116.747 E0
G1 X93.757 Y116.746 E0
G1 F869.1 X93.747 Y116.745 E0
G1 F865.6 X93.737 Y116.743 E0
G1 F862 X93.727 Y116.742 E0
G1 F858.5 X93.717 Y116.741 E0
G1 F855.1 X93.707 Y116.74 E0
G1 X93.697 Y116.738 E0
G1 F851.6 X93.687 Y116.737 E0
G1 F848.2 X93.677 Y116.736 E0
G1 F838.1 X93.661 Y116.735 E0.00001
G1 F821.8 X93.649 Y116.735 E0
G1 F806.1 X93.637 Y116.735 E0
G1 F794 X93.629 Y116.735 E0
G1 F785.1 X93.619 Y116.734 E0
G1 F773.6 X93.609 Y116.733 E0
G1 F765.2 X93.599 Y116.733 E0
G1 F757 X93.589 Y116.732 E0
G1 F748.9 X93.579 Y116.731 E0
G1 F741.1 X93.569 Y116.731 E0
G1 F730.8 X93.559 Y116.73 E0
G1 F723.3 X93.549 Y116.729 E0
G1 F715.9 X93.539 Y116.728 E0
G1 F708.7 X93.529 Y116.728 E0
G1 F701.7 X93.519 Y116.727 E0
G1 F692.5 X93.509 Y116.726 E0
G1 F685.7 X93.499 Y116.726 E0
G1 F679.1 X93.489 Y116.725 E0
G1 F672.6 X93.479 Y116.724 E0
G1 F664.2 X93.469 Y116.724 E0
G1 F657.9 X93.459 Y116.723 E0
G1 F651.9 X93.449 Y116.722 E0
G1 F645.9 X93.439 Y116.721 E0
G1 F640 X93.429 Y116.721 E0
G1 F632.3 X93.419 Y116.72 E0
G1 F626.7 X93.409 Y116.719 E0
G1 F621.2 X93.399 Y116.719 E0
G1 F615.7 X93.389 Y116.718 E0
G1 F610.4 X93.379 Y116.717 E0
G1 F603.4 X93.369 Y116.717 E0
G1 F598.3 X93.359 Y116.716 E0
G1 F593.3 X93.349 Y116.715 E0
G1 F588.3 X93.339 Y116.714 E0
G1 F581.8 X93.329 Y116.714 E0
G1 F577 X93.319 Y116.713 E0
G1 F572.4 X93.309 Y116.712 E0
G1 F567.7 X93.299 Y116.712 E0
G1 F563.2 X93.289 Y116.711 E0
G1 F557.3 X93.279 Y116.71 E0
G1 F552.9 X93.269 Y116.71 E0
G1 F548.6 X93.259 Y116.709 E0
G1 F544.3 X93.249 Y116.708 E0
G1 F540.2 X93.239 Y116.707 E0
G1 F534.7 X93.229 Y116.707 E0
G1 F530.7 X93.219 Y116.706 E0
G1 F528 X92.803 Y116.583 E0.00022
G1 X92.399 Y116.436 E0.00021
G1 X91.846 Y116.176 E0.0003
G1 X91.263 Y115.847 E0.00033
G1 X90.943 Y115.627 E0.00019
G1 X90.355 Y115.157 E0.00038
G1 X89.92 Y114.728 E0.0003
G1 X89.636 Y114.404 E0.00021
G1 X89.46 Y114.177 E0.00014
G1 X89.167 Y113.756 E0.00026
G1 X89.046 Y113.567 E0.00011
G1 X88.816 Y113.146 E0.00024
G1 X88.579 Y112.633 E0.00028
G1 X88.434 Y112.253 E0.0002
G1 X88.293 Y111.789 E0.00024
G1 F530.7 X88.293 Y111.78 E0
G1 F533.3 X88.292 Y111.77 E0
G1 F537.4 X88.291 Y111.76 E0
G1 F540.2 X88.29 Y111.75 E0
G1 F544.3 X88.289 Y111.74 E0
G1 F548.6 X88.288 Y111.73 E0
G1 F551.4 X88.288 Y111.72 E0
G1 F555.8 X88.287 Y111.71 E0
G1 F558.7 X88.286 Y111.7 E0
G1 F563.2 X88.285 Y111.69 E0
G1 F566.2 X88.284 Y111.68 E0
G1 F570.8 X88.283 Y111.67 E0
G1 F573.9 X88.282 Y111.66 E0
G1 F578.6 X88.282 Y111.65 E0
G1 F583.4 X88.281 Y111.64 E0
G1 F586.7 X88.28 Y111.63 E0
G1 F591.6 X88.279 Y111.62 E0
G1 F594.9 X88.278 Y111.61 E0
G1 F600 X88.277 Y111.6 E0
G1 F603.4 X88.277 Y111.59 E0
G1 F608.6 X88.276 Y111.58 E0
G1 F612.2 X88.275 Y111.57 E0
G1 F617.5 X88.274 Y111.56 E0
G1 F623 X88.273 Y111.55 E0
G1 F626.7 X88.272 Y111.54 E0
G1 F632.3 X88.271 Y111.53 E0
G1 F636.1 X88.271 Y111.52 E0
G1 F641.9 X88.27 Y111.51 E0
G1 F645.9 X88.269 Y111.501 E0
G1 F651.9 X88.268 Y111.491 E0
G1 F655.9 X88.267 Y111.481 E0
G1 F662.1 X88.266 Y111.471 E0
G1 F666.2 X88.266 Y111.461 E0
G1 F672.6 X88.265 Y111.451 E0
G1 F679.1 X88.264 Y111.441 E0
G1 F683.5 X88.263 Y111.431 E0
G1 F690.2 X88.262 Y111.421 E0
G1 F694.7 X88.261 Y111.411 E0
G1 F701.7 X88.26 Y111.401 E0
G1 F706.4 X88.26 Y111.391 E0
G1 F713.5 X88.259 Y111.381 E0
G1 F718.4 X88.258 Y111.371 E0
G1 F725.8 X88.257 Y111.361 E0
G1 F733.3 X88.256 Y111.351 E0
G1 F738.5 X88.255 Y111.341 E0
G1 F746.3 X88.254 Y111.331 E0
G1 F751.6 X88.254 Y111.321 E0
G1 F759.7 X88.253 Y111.311 E0
G1 F765.2 X88.252 Y111.301 E0
G1 F773.6 X88.251 Y111.291 E0
G1 F779.3 X88.25 Y111.281 E0
G1 F788.1 X88.249 Y111.271 E0
G1 F797 X88.249 Y111.261 E0
G1 F803 X88.248 Y111.251 E0
G1 F812.3 X88.247 Y111.241 E0
G1 F818.6 X88.246 Y111.231 E0
G1 F831.5 X88.245 Y111.213 E0.00001
G1 F851.6 X88.246 Y111.201 E0
G1 F869.1 X88.245 Y111.189 E0
G1 F883.7 X88.244 Y111.18 E0
G1 F887.4 X88.243 Y111.17 E0
G1 X88.242 Y111.16 E0
G1 F891.1 X88.241 Y111.15 E0
G1 F894.9 X88.24 Y111.14 E0
G1 F898.7 X88.239 Y111.13 E0
G1 X88.238 Y111.12 E0
G1 F902.6 X88.237 Y111.11 E0
G1 F906.4 X88.236 Y111.1 E0
G1 F910.3 X88.234 Y111.09 E0
G1 X88.233 Y111.08 E0
G1 F914.3 X88.232 Y111.07 E0
G1 F918.3 X88.231 Y111.06 E0
G1 F922.3 X88.23 Y111.05 E0
G1 X88.229 Y111.04 E0
G1 F926.3 X88.228 Y111.03 E0
G1 F930.4 X88.227 Y111.02 E0
G1 F934.5 X88.226 Y111.01 E0
G1 X88.225 Y111 E0
G1 F938.7 X88.223 Y110.99 E0
G1 F942.9 X88.222 Y110.981 E0
G1 F947.1 X88.221 Y110.971 E0
G1 X88.22 Y110.961 E0
G1 F951.4 X88.219 Y110.951 E0
G1 F955.7 X88.218 Y110.941 E0
G1 F960 X88.217 Y110.931 E0
G1 X88.216 Y110.921 E0
G1 F964.4 X88.215 Y110.911 E0
G1 F968.8 X88.214 Y110.901 E0
G1 F973.3 X88.212 Y110.891 E0
G1 X88.211 Y110.881 E0
G1 F977.8 X88.21 Y110.871 E0
G1 F982.3 X88.209 Y110.861 E0
G1 F986.9 X88.208 Y110.851 E0
G1 X88.207 Y110.841 E0
G1 F991.5 X88.206 Y110.831 E0
G1 F996.2 X88.205 Y110.821 E0
G1 F1000.9 X88.204 Y110.811 E0
G1 X88.202 Y110.801 E0
G1 F1005.7 X88.201 Y110.791 E0
G1 F1015.4 X88.197 Y110.739 E0.00001
G1 F1030.2 X88.197 Y110.73 E0
G1 X88.197 Y110.72 E0
G1 X88.196 Y110.71 E0
G1 F1035.3 X88.196 Y110.7 E0
G1 X88.195 Y110.69 E0
G1 X88.195 Y110.68 E0
G1 F1040.4 X88.194 Y110.67 E0
G1 X88.194 Y110.66 E0
G1 X88.193 Y110.65 E0
G1 X88.193 Y110.64 E0
G1 F1045.5 X88.192 Y110.63 E0
G1 X88.192 Y110.62 E0
G1 X88.191 Y110.61 E0
G1 F1050.7 X88.191 Y110.6 E0
G1 X88.191 Y110.59 E0
G1 X88.19 Y110.58 E0
G1 F1056 X88.19 Y110.57 E0
G1 X88.189 Y110.56 E0
G1 X88.189 Y110.55 E0
G1 F1061.3 X88.188 Y110.54 E0
G1 X88.188 Y110.53 E0
G1 X88.187 Y110.52 E0
G1 F1066.7 X88.187 Y110.51 E0
G1 X88.186 Y110.5 E0
G1 X88.186 Y110.49 E0
G1 X88.185 Y110.48 E0
G1 F1072.1 X88.185 Y110.47 E0
G1 X88.185 Y110.46 E0
G1 X88.184 Y110.45 E0
G1 F1077.6 X88.184 Y110.44 E0
G1 X88.183 Y110.43 E0
G1 X88.183 Y110.42 E0
G1 F1083.1 X88.182 Y110.41 E0
G1 X88.182 Y110.4 E0
G1 X88.181 Y110.39 E0
G1 F1088.7 X88.181 Y110.38 E0
G1 X88.18 Y110.37 E0
G1 X88.18 Y110.36 E0
G1 F1094.3 X88.179 Y110.35 E0
G1 X88.179 Y110.34 E0
G1 X88.179 Y110.33 E0
G1 X88.178 Y110.32 E0
G1 F1100 X88.178 Y110.31 E0
G1 X88.177 Y110.3 E0
G1 X88.177 Y110.29 E0
G1 F1105.8 X88.176 Y110.28 E0
G1 X88.176 Y110.27 E0
G1 X88.175 Y110.26 E0
G1 F1111.6 X88.175 Y110.25 E0
G1 X88.174 Y110.24 E0
G1 X88.174 Y110.23 E0
G1 F1117.5 X88.173 Y110.22 E0
G1 X88.173 Y110.21 E0
G1 X88.173 Y110.2 E0
G1 F1123.4 X88.172 Y110.19 E0
G1 X88.172 Y110.18 E0
G1 X88.171 Y110.17 E0
G1 X88.171 Y110.16 E0
G1 F1129.4 X88.17 Y110.15 E0
G1 X88.17 Y110.14 E0
G1 X88.169 Y110.13 E0
G1 F1135.5 X88.169 Y110.12 E0
G1 X88.168 Y110.11 E0
G1 X88.168 Y110.1 E0
G1 X88.167 Y110.054 E0.00001
G1 X88.167 Y109.992 E0.00001
G1 X88.168 Y109.93 E0.00001
G1 F1129.4 X88.169 Y109.868 E0.00001
G1 X88.169 Y109.806 E0.00001
G1 F1123.4 X88.17 Y109.744 E0.00001
G1 X88.171 Y109.682 E0.00001
G1 F1117.5 X88.171 Y109.676 E0
G1 X88.172 Y109.666 E0
G1 F1111.6 X88.172 Y109.656 E0
G1 X88.173 Y109.646 E0
G1 X88.174 Y109.636 E0
G1 F1105.8 X88.174 Y109.626 E0
G1 X88.175 Y109.616 E0
G1 F1100 X88.176 Y109.606 E0
G1 X88.176 Y109.596 E0
G1 F1094.3 X88.177 Y109.586 E0
G1 X88.178 Y109.576 E0
G1 F1088.7 X88.178 Y109.566 E0
G1 X88.179 Y109.556 E0
G1 X88.18 Y109.546 E0
G1 F1083.1 X88.18 Y109.536 E0
G1 X88.181 Y109.526 E0
G1 F1077.6 X88.182 Y109.516 E0
G1 X88.182 Y109.506 E0
G1 F1072.1 X88.183 Y109.496 E0
G1 X88.183 Y109.486 E0
G1 X88.184 Y109.476 E0
G1 F1066.7 X88.185 Y109.466 E0
G1 X88.185 Y109.456 E0
G1 F1061.3 X88.186 Y109.446 E0
G1 X88.187 Y109.436 E0
G1 F1056 X88.187 Y109.426 E0
G1 X88.188 Y109.416 E0
G1 F1050.7 X88.189 Y109.406 E0
G1 X88.189 Y109.396 E0
G1 X88.19 Y109.386 E0
G1 F1045.5 X88.191 Y109.376 E0
G1 X88.191 Y109.366 E0
G1 F1040.4 X88.192 Y109.356 E0
G1 X88.193 Y109.346 E0
G1 F1035.3 X88.193 Y109.336 E0
G1 X88.194 Y109.326 E0
G1 X88.195 Y109.316 E0
G1 F1030.2 X88.195 Y109.306 E0
G1 X88.196 Y109.296 E0
G1 F1025.2 X88.196 Y109.286 E0
G1 X88.197 Y109.276 E0
G1 F1020.3 X88.198 Y109.266 E0
G1 X88.198 Y109.256 E0
G1 X88.199 Y109.246 E0
G1 F1015.4 X88.2 Y109.236 E0
G1 X88.2 Y109.226 E0
G1 F1010.5 X88.201 Y109.216 E0
G1 X88.202 Y109.206 E0
G1 F1005.7 X88.202 Y109.196 E0
G1 X88.203 Y109.186 E0
G1 F1000.9 X88.204 Y109.176 E0
G1 X88.204 Y109.166 E0
G1 X88.205 Y109.156 E0
G1 F996.2 X88.206 Y109.146 E0
G1 X88.206 Y109.136 E0
G1 F986.9 X88.21 Y109.093 E0.00001
G1 F977.8 X88.211 Y109.084 E0
G1 F973.3 X88.212 Y109.074 E0
G1 F968.8 X88.213 Y109.064 E0
G1 X88.214 Y109.054 E0
G1 F964.4 X88.216 Y109.044 E0
G1 F960 X88.217 Y109.034 E0
G1 F955.7 X88.218 Y109.024 E0
G1 F951.4 X88.219 Y109.014 E0
G1 F947.1 X88.221 Y109.004 E0
G1 F942.9 X88.222 Y108.994 E0
G1 X88.223 Y108.984 E0
G1 F938.7 X88.224 Y108.974 E0
G1 F934.5 X88.226 Y108.964 E0
G1 F930.4 X88.227 Y108.955 E0
G1 F926.3 X88.228 Y108.945 E0
G1 F922.3 X88.229 Y108.935 E0
G1 F918.3 X88.231 Y108.925 E0
G1 X88.232 Y108.915 E0
G1 F914.3 X88.233 Y108.905 E0
G1 F910.3 X88.234 Y108.895 E0
G1 F906.4 X88.236 Y108.885 E0
G1 F902.6 X88.237 Y108.875 E0
G1 F898.7 X88.238 Y108.865 E0
G1 F894.9 X88.239 Y108.855 E0
G1 X88.241 Y108.845 E0
G1 F891.1 X88.242 Y108.835 E0
G1 F887.4 X88.243 Y108.825 E0
G1 F883.7 X88.244 Y108.816 E0
G1 F880 X88.246 Y108.806 E0
G1 F876.3 X88.247 Y108.796 E0
G1 F872.7 X88.248 Y108.786 E0
G1 X88.249 Y108.776 E0
G1 F869.1 X88.251 Y108.766 E0
G1 F865.6 X88.252 Y108.756 E0
G1 F862 X88.253 Y108.746 E0
G1 F858.5 X88.254 Y108.736 E0
G1 F855.1 X88.256 Y108.726 E0
G1 F851.6 X88.257 Y108.716 E0
G1 X88.258 Y108.706 E0
G1 F848.2 X88.259 Y108.696 E0
G1 F844.8 X88.261 Y108.686 E0
G1 F838.1 X88.266 Y108.643 E0.00001
G1 F828.2 X88.266 Y108.634 E0
G1 F815.4 X88.267 Y108.624 E0
G1 F806.1 X88.267 Y108.614 E0
G1 F794 X88.268 Y108.604 E0
G1 F785.1 X88.269 Y108.594 E0
G1 F773.6 X88.269 Y108.584 E0
G1 F765.2 X88.27 Y108.574 E0
G1 F754.3 X88.27 Y108.564 E0
G1 F746.3 X88.271 Y108.554 E0
G1 F735.9 X88.272 Y108.544 E0
G1 F728.3 X88.272 Y108.534 E0
G1 F720.8 X88.273 Y108.524 E0
G1 F711.1 X88.273 Y108.514 E0
G1 F704 X88.274 Y108.504 E0
G1 F694.7 X88.275 Y108.494 E0
G1 F687.9 X88.275 Y108.484 E0
G1 F679.1 X88.276 Y108.474 E0
G1 F672.6 X88.276 Y108.464 E0
G1 F664.2 X88.277 Y108.454 E0
G1 F657.9 X88.278 Y108.444 E0
G1 F649.8 X88.278 Y108.434 E0
G1 F643.9 X88.279 Y108.424 E0
G1 F636.1 X88.28 Y108.414 E0
G1 F630.4 X88.28 Y108.404 E0
G1 F623 X88.281 Y108.394 E0
G1 F617.5 X88.281 Y108.384 E0
G1 F610.4 X88.282 Y108.374 E0
G1 F605.2 X88.283 Y108.364 E0
G1 F598.3 X88.283 Y108.354 E0
G1 F593.3 X88.284 Y108.344 E0
G1 F586.7 X88.284 Y108.334 E0
G1 F581.8 X88.285 Y108.324 E0
G1 F577 X88.286 Y108.314 E0
G1 F570.8 X88.286 Y108.304 E0
G1 F566.2 X88.287 Y108.294 E0
G1 F560.2 X88.287 Y108.284 E0
G1 F555.8 X88.288 Y108.274 E0
G1 F550 X88.289 Y108.264 E0
G1 F545.7 X88.289 Y108.254 E0
G1 F540.2 X88.29 Y108.244 E0
G1 F536 X88.291 Y108.234 E0
G1 F530.7 X88.291 Y108.224 E0
G1 F528 X88.425 Y107.771 E0.00024
G0 F24000 X88.307 Y107.471
G0 X88.36 Y103.36
G0 X88.088 Y103.088
G1 F528 X88.088 Y108.195 E0.00255
G1 F530.7 X88.087 Y108.204 E0
G1 F536 X88.085 Y108.214 E0.00001
G1 F540.2 X88.083 Y108.224 E0
G1 F545.7 X88.082 Y108.234 E0
G1 F550 X88.08 Y108.244 E0
G1 F555.8 X88.078 Y108.254 E0
G1 F560.2 X88.077 Y108.264 E0
G1 F566.2 X88.075 Y108.273 E0
G1 F570.8 X88.073 Y108.283 E0
G1 F577 X88.072 Y108.293 E0
G1 F581.8 X88.07 Y108.303 E0
G1 F586.7 X88.068 Y108.313 E0
G1 F593.3 X88.066 Y108.323 E0
G1 F598.3 X88.065 Y108.333 E0
G1 F605.2 X88.063 Y108.342 E0
G1 F610.4 X88.061 Y108.352 E0
G1 F617.5 X88.06 Y108.362 E0
G1 F623 X88.058 Y108.372 E0
G1 F630.4 X88.056 Y108.382 E0
G1 F636.1 X88.055 Y108.392 E0
G1 F643.9 X88.053 Y108.402 E0
G1 F649.8 X88.051 Y108.411 E0
G1 F657.9 X88.05 Y108.421 E0
G1 F664.2 X88.048 Y108.431 E0
G1 F672.6 X88.046 Y108.441 E0
G1 F679.1 X88.044 Y108.451 E0
G1 F687.9 X88.043 Y108.461 E0
G1 F694.7 X88.041 Y108.471 E0
G1 F704 X88.039 Y108.48 E0
G1 F711.1 X88.038 Y108.49 E0
G1 F720.8 X88.036 Y108.5 E0
G1 F728.3 X88.034 Y108.51 E0
G1 F735.9 X88.033 Y108.52 E0
G1 F746.3 X88.031 Y108.53 E0
G1 F754.3 X88.029 Y108.54 E0
G1 F765.2 X88.028 Y108.549 E0
G1 F773.6 X88.026 Y108.559 E0
G1 F785.1 X88.024 Y108.569 E0
G1 F794 X88.022 Y108.579 E0
G1 F806.1 X88.021 Y108.589 E0
G1 F815.4 X88.019 Y108.599 E0
G1 F828.2 X88.017 Y108.609 E0
G1 F838.1 X88.013 Y108.658 E0.00002
G1 F844.8 X88.013 Y108.668 E0
G1 F848.2 X88.013 Y108.678 E0
G1 F851.6 X88.012 Y108.688 E0
G1 X88.012 Y108.698 E0
G1 F855.1 X88.011 Y108.708 E0
G1 F858.5 X88.011 Y108.718 E0
G1 F862 X88.011 Y108.728 E0
G1 F865.6 X88.01 Y108.738 E0
G1 F869.1 X88.01 Y108.748 E0
G1 F872.7 X88.009 Y108.758 E0
G1 X88.009 Y108.768 E0
G1 F876.3 X88.009 Y108.778 E0
G1 F880 X88.008 Y108.788 E0
G1 F883.7 X88.008 Y108.798 E0
G1 F887.4 X88.007 Y108.808 E0
G1 F891.1 X88.007 Y108.818 E0
G1 F894.9 X88.007 Y108.828 E0
G1 X88.006 Y108.838 E0
G1 F898.7 X88.006 Y108.848 E0
G1 F902.6 X88.005 Y108.858 E0
G1 F906.4 X88.005 Y108.868 E0
G1 F910.3 X88.005 Y108.878 E0
G1 F914.3 X88.004 Y108.888 E0
G1 F918.3 X88.004 Y108.898 E0
G1 X88.003 Y108.908 E0
G1 F922.3 X88.003 Y108.918 E0
G1 F926.3 X88.003 Y108.928 E0
G1 F930.4 X88.002 Y108.938 E0
G1 F934.5 X88.002 Y108.948 E0
G1 F938.7 X88.001 Y108.958 E0
G1 F942.9 X88.001 Y108.968 E0
G1 X88 Y108.978 E0
G1 F947.1 X88 Y108.988 E0
G1 F951.4 X88 Y108.998 E0
G1 F955.7 X87.999 Y109.008 E0
G1 F960 X87.999 Y109.018 E0
G1 F964.4 X87.998 Y109.028 E0
G1 F968.8 X87.998 Y109.038 E0
G1 X87.998 Y109.048 E0
G1 F973.3 X87.997 Y109.058 E0
G1 F977.8 X87.997 Y109.068 E0
G1 F986.9 X87.994 Y109.123 E0.00001
G1 F996.2 X87.994 Y109.133 E0
G1 X87.994 Y109.143 E0
G1 F1000.9 X87.994 Y109.153 E0
G1 X87.994 Y109.163 E0
G1 X87.993 Y109.173 E0
G1 F1005.7 X87.993 Y109.183 E0
G1 X87.993 Y109.193 E0
G1 F1010.5 X87.993 Y109.203 E0
G1 X87.993 Y109.213 E0
G1 F1015.4 X87.992 Y109.223 E0
G1 X87.992 Y109.233 E0
G1 F1020.3 X87.992 Y109.243 E0
G1 X87.992 Y109.253 E0
G1 X87.991 Y109.263 E0
G1 F1025.2 X87.991 Y109.273 E0
G1 X87.991 Y109.283 E0
G1 F1030.2 X87.991 Y109.293 E0
G1 X87.991 Y109.303 E0
G1 F1035.3 X87.99 Y109.313 E0
G1 X87.99 Y109.323 E0
G1 X87.99 Y109.333 E0
G1 F1040.4 X87.99 Y109.343 E0
G1 X87.99 Y109.353 E0
G1 F1045.5 X87.989 Y109.363 E0
G1 X87.989 Y109.373 E0
G1 F1050.7 X87.989 Y109.383 E0
G1 X87.989 Y109.393 E0
G1 X87.988 Y109.403 E0
G1 F1056 X87.988 Y109.413 E0
G1 X87.988 Y109.423 E0
G1 F1061.3 X87.988 Y109.433 E0
G1 X87.988 Y109.443 E0
G1 F1066.7 X87.987 Y109.453 E0
G1 X87.987 Y109.463 E0
G1 F1072.1 X87.987 Y109.473 E0
G1 X87.987 Y109.483 E0
G1 X87.986 Y109.493 E0
G1 F1077.6 X87.986 Y109.503 E0
G1 X87.986 Y109.513 E0
G1 F1083.1 X87.986 Y109.523 E0
G1 X87.986 Y109.533 E0
G1 F1088.7 X87.985 Y109.543 E0
G1 X87.985 Y109.553 E0
G1 X87.985 Y109.563 E0
G1 F1094.3 X87.985 Y109.573 E0
G1 X87.985 Y109.583 E0
G1 F1100 X87.984 Y109.593 E0
G1 X87.984 Y109.603 E0
G1 F1105.8 X87.984 Y109.613 E0
G1 X87.984 Y109.623 E0
G1 F1111.6 X87.983 Y109.633 E0
G1 X87.983 Y109.643 E0
G1 X87.983 Y109.653 E0
G1 F1117.5 X87.983 Y109.663 E0
G1 X87.983 Y109.673 E0
G1 F1123.4 X87.982 Y109.74 E0.00002
G1 X87.982 Y109.803 E0.00001
G1 F1129.4 X87.982 Y109.866 E0.00001
G1 X87.982 Y109.929 E0.00001
G1 F1135.5 X87.982 Y109.992 E0.00001
G1 X87.981 Y110.055 E0.00001
G1 X87.982 Y110.096 E0.00001
G1 X87.982 Y110.106 E0
G1 X87.982 Y110.116 E0
G1 X87.982 Y110.126 E0
G1 F1129.4 X87.982 Y110.136 E0
G1 X87.982 Y110.146 E0
G1 X87.982 Y110.156 E0
G1 F1123.4 X87.983 Y110.166 E0
G1 X87.983 Y110.176 E0
G1 X87.983 Y110.186 E0
G1 X87.983 Y110.196 E0
G1 F1117.5 X87.983 Y110.206 E0
G1 X87.983 Y110.216 E0
G1 X87.984 Y110.226 E0
G1 F1111.6 X87.984 Y110.236 E0
G1 X87.984 Y110.246 E0
G1 X87.984 Y110.256 E0
G1 F1105.8 X87.984 Y110.266 E0
G1 X87.984 Y110.276 E0
G1 X87.984 Y110.286 E0
G1 F1100 X87.985 Y110.296 E0
G1 X87.985 Y110.306 E0
G1 X87.985 Y110.316 E0
G1 F1094.3 X87.985 Y110.326 E0
G1 X87.985 Y110.336 E0
G1 X87.985 Y110.346 E0
G1 X87.986 Y110.356 E0
G1 F1088.7 X87.986 Y110.366 E0
G1 X87.986 Y110.376 E0
G1 X87.986 Y110.386 E0
G1 F1083.1 X87.986 Y110.396 E0
G1 X87.986 Y110.406 E0
G1 X87.986 Y110.416 E0
G1 F1077.6 X87.987 Y110.426 E0
G1 X87.987 Y110.436 E0
G1 X87.987 Y110.446 E0
G1 F1072.1 X87.987 Y110.456 E0
G1 X87.987 Y110.466 E0
G1 X87.987 Y110.476 E0
G1 F1066.7 X87.988 Y110.486 E0
G1 X87.988 Y110.496 E0
G1 X87.988 Y110.506 E0
G1 X87.988 Y110.516 E0
G1 F1061.3 X87.988 Y110.526 E0
G1 X87.988 Y110.536 E0
G1 X87.988 Y110.546 E0
G1 F1056 X87.989 Y110.556 E0
G1 X87.989 Y110.566 E0
G1 X87.989 Y110.576 E0
G1 F1050.7 X87.989 Y110.586 E0
G1 X87.989 Y110.596 E0
G1 X87.989 Y110.606 E0
G1 F1045.5 X87.99 Y110.616 E0
G1 X87.99 Y110.626 E0
G1 X87.99 Y110.636 E0
G1 F1040.4 X87.99 Y110.646 E0
G1 X87.99 Y110.656 E0
G1 X87.99 Y110.666 E0
G1 X87.99 Y110.676 E0
G1 F1035.3 X87.991 Y110.686 E0
G1 X87.991 Y110.696 E0
G1 X87.991 Y110.706 E0
G1 F1030.2 X87.991 Y110.716 E0
G1 X87.991 Y110.726 E0
G1 X87.991 Y110.736 E0
G1 F1020.3 X87.992 Y110.772 E0.00001
G1 F1010.5 X87.993 Y110.799 E0.00001
G1 F1005.7 X87.993 Y110.808 E0
G1 F1000.9 X87.993 Y110.818 E0
G1 X87.994 Y110.828 E0
G1 F996.2 X87.994 Y110.838 E0
G1 F991.5 X87.994 Y110.848 E0
G1 F986.9 X87.995 Y110.858 E0
G1 X87.995 Y110.868 E0
G1 F982.3 X87.995 Y110.878 E0
G1 F977.8 X87.996 Y110.888 E0
G1 F973.3 X87.996 Y110.898 E0
G1 X87.997 Y110.908 E0
G1 F968.8 X87.997 Y110.918 E0
G1 F964.4 X87.997 Y110.928 E0
G1 F960 X87.998 Y110.938 E0
G1 X87.998 Y110.948 E0
G1 F955.7 X87.998 Y110.958 E0
G1 F951.4 X87.999 Y110.968 E0
G1 F947.1 X87.999 Y110.978 E0
G1 X87.999 Y110.988 E0
G1 F942.9 X88 Y110.998 E0
G1 F938.7 X88 Y111.008 E0
G1 F934.5 X88.001 Y111.018 E0
G1 X88.001 Y111.028 E0
G1 F930.4 X88.001 Y111.038 E0
G1 F926.3 X88.002 Y111.048 E0
G1 F922.3 X88.002 Y111.058 E0
G1 X88.002 Y111.068 E0
G1 F918.3 X88.003 Y111.078 E0
G1 F914.3 X88.003 Y111.088 E0
G1 F910.3 X88.004 Y111.098 E0
G1 X88.004 Y111.108 E0
G1 F906.4 X88.004 Y111.118 E0
G1 F902.6 X88.005 Y111.128 E0
G1 F898.7 X88.005 Y111.138 E0
G1 X88.005 Y111.148 E0
G1 F894.9 X88.006 Y111.158 E0
G1 F891.1 X88.006 Y111.168 E0
G1 F887.4 X88.006 Y111.178 E0
G1 X88.007 Y111.188 E0
G1 F883.7 X88.007 Y111.198 E0
G1 F869.1 X88.009 Y111.222 E0.00001
G1 F851.6 X88.012 Y111.236 E0
G1 F831.5 X88.015 Y111.25 E0
G1 F818.6 X88.016 Y111.259 E0
G1 F812.3 X88.017 Y111.269 E0
G1 F803 X88.018 Y111.279 E0
G1 F797 X88.02 Y111.289 E0
G1 F788.1 X88.021 Y111.299 E0
G1 F779.3 X88.022 Y111.309 E0
G1 F773.6 X88.024 Y111.319 E0
G1 F765.2 X88.025 Y111.329 E0
G1 F759.7 X88.026 Y111.339 E0
G1 F751.6 X88.027 Y111.349 E0
G1 F746.3 X88.029 Y111.359 E0
G1 F738.5 X88.03 Y111.368 E0
G1 F733.3 X88.031 Y111.378 E0
G1 F725.8 X88.033 Y111.388 E0
G1 F718.4 X88.034 Y111.398 E0
G1 F713.5 X88.035 Y111.408 E0
G1 F706.4 X88.036 Y111.418 E0
G1 F701.7 X88.038 Y111.428 E0
G1 F694.7 X88.039 Y111.438 E0
G1 F690.2 X88.04 Y111.448 E0
G1 F683.5 X88.042 Y111.458 E0
G1 F679.1 X88.043 Y111.468 E0
G1 F672.6 X88.044 Y111.477 E0
G1 F666.2 X88.045 Y111.487 E0
G1 F662.1 X88.047 Y111.497 E0
G1 F655.9 X88.048 Y111.507 E0
G1 F651.9 X88.049 Y111.517 E0
G1 F645.9 X88.051 Y111.527 E0
G1 F641.9 X88.052 Y111.537 E0
G1 F636.1 X88.053 Y111.547 E0
G1 F632.3 X88.054 Y111.557 E0
G1 F626.7 X88.056 Y111.567 E0
G1 F623 X88.057 Y111.577 E0
G1 F617.5 X88.058 Y111.586 E0
G1 F612.2 X88.06 Y111.596 E0
G1 F608.6 X88.061 Y111.606 E0
G1 F603.4 X88.062 Y111.616 E0
G1 F600 X88.064 Y111.626 E0
G1 F594.9 X88.065 Y111.636 E0
G1 F591.6 X88.066 Y111.646 E0
G1 F586.7 X88.067 Y111.656 E0
G1 F583.4 X88.069 Y111.666 E0
G1 F578.6 X88.07 Y111.676 E0
G1 F573.9 X88.071 Y111.686 E0
G1 F570.8 X88.073 Y111.696 E0
G1 F566.2 X88.074 Y111.705 E0
G1 F563.2 X88.075 Y111.715 E0
G1 F558.7 X88.076 Y111.725 E0
G1 F555.8 X88.078 Y111.735 E0
G1 F551.4 X88.079 Y111.745 E0
G1 F548.6 X88.08 Y111.755 E0
G1 F544.3 X88.082 Y111.765 E0
G1 F540.2 X88.083 Y111.775 E0
G1 F537.4 X88.084 Y111.785 E0
G1 F533.3 X88.085 Y111.795 E0
G1 F530.7 X88.087 Y111.805 E0.00001
G1 F528 X88.088 Y116.908 E0.00255
G1 X93.188 Y116.908 E0.00254
G1 F530.7 X93.197 Y116.909 E0
G1 F534.7 X93.207 Y116.911 E0.00001
G1 F540.2 X93.217 Y116.912 E0
G1 F544.3 X93.227 Y116.914 E0
G1 F548.6 X93.237 Y116.915 E0
G1 F552.9 X93.247 Y116.917 E0
G1 F557.3 X93.257 Y116.918 E0
G1 F563.2 X93.267 Y116.92 E0
G1 F567.7 X93.276 Y116.922 E0
G1 F572.4 X93.286 Y116.923 E0
G1 F577 X93.296 Y116.925 E0
G1 F581.8 X93.306 Y116.926 E0
G1 F588.3 X93.316 Y116.928 E0
G1 F593.3 X93.326 Y116.929 E0
G1 F598.3 X93.336 Y116.931 E0
G1 F603.4 X93.346 Y116.933 E0
G1 F610.4 X93.356 Y116.934 E0
G1 F615.7 X93.365 Y116.936 E0
G1 F621.2 X93.375 Y116.937 E0
G1 F626.7 X93.385 Y116.939 E0
G1 F632.3 X93.395 Y116.94 E0
G1 F640 X93.405 Y116.942 E0
G1 F645.9 X93.415 Y116.944 E0
G1 F651.9 X93.425 Y116.945 E0
G1 F657.9 X93.435 Y116.947 E0
G1 F664.2 X93.444 Y116.948 E0
G1 F672.6 X93.454 Y116.95 E0
G1 F679.1 X93.464 Y116.951 E0
G1 F685.7 X93.474 Y116.953 E0
G1 F692.5 X93.484 Y116.954 E0
G1 F701.7 X93.494 Y116.956 E0
G1 F708.7 X93.504 Y116.958 E0
G1 F715.9 X93.514 Y116.959 E0
G1 F723.3 X93.524 Y116.961 E0
G1 F730.8 X93.533 Y116.962 E0
G1 F741.1 X93.543 Y116.964 E0
G1 F748.9 X93.553 Y116.965 E0
G1 F757 X93.563 Y116.967 E0
G1 F765.2 X93.573 Y116.969 E0
G1 F773.6 X93.583 Y116.97 E0
G1 F785.1 X93.593 Y116.972 E0
G1 F794 X93.603 Y116.973 E0
G1 F803 X93.621 Y116.977 E0.00001
G1 F815.4 X93.632 Y116.979 E0
G1 F828.2 X93.643 Y116.981 E0
G1 F841.4 X93.653 Y116.983 E0
G1 F848.2 X93.663 Y116.983 E0
G1 F851.6 X93.673 Y116.983 E0
G1 F855.1 X93.683 Y116.984 E0
G1 X93.693 Y116.984 E0
G1 F858.5 X93.703 Y116.985 E0
G1 F862 X93.713 Y116.985 E0
G1 F865.6 X93.723 Y116.985 E0
G1 F869.1 X93.733 Y116.986 E0
G1 F872.7 X93.743 Y116.986 E0
G1 X93.753 Y116.987 E0
G1 F876.3 X93.763 Y116.987 E0
G1 F880 X93.773 Y116.987 E0
G1 F883.7 X93.783 Y116.988 E0
G1 F887.4 X93.793 Y116.988 E0
G1 F891.1 X93.803 Y116.989 E0
G1 X93.813 Y116.989 E0
G1 F894.9 X93.823 Y116.989 E0
G1 F898.7 X93.833 Y116.99 E0
G1 F902.6 X93.843 Y116.99 E0
G1 F906.4 X93.853 Y116.991 E0
G1 X93.863 Y116.991 E0
G1 F910.3 X93.873 Y116.992 E0
G1 F914.3 X93.883 Y116.992 E0
G1 F918.3 X93.893 Y116.992 E0
G1 F922.3 X93.903 Y116.993 E0
G1 F926.3 X93.913 Y116.993 E0
G1 X93.923 Y116.994 E0
G1 F930.4 X93.933 Y116.994 E0
G1 F934.5 X93.943 Y116.994 E0
G1 F938.7 X93.953 Y116.995 E0
G1 F942.9 X93.963 Y116.995 E0
G1 F947.1 X93.973 Y116.996 E0
G1 X93.983 Y116.996 E0
G1 F951.4 X93.993 Y116.996 E0
G1 F955.7 X94.003 Y116.997 E0
G1 F960 X94.013 Y116.997 E0
G1 F964.4 X94.023 Y116.998 E0
G1 F968.8 X94.033 Y116.998 E0
G1 X94.043 Y116.999 E0
G1 F973.3 X94.053 Y116.999 E0
G1 F977.8 X94.063 Y116.999 E0
G1 F986.9 X94.116 Y117.001 E0.00001
G1 F1000.9 X94.126 Y117.001 E0
G1 X94.136 Y117.001 E0
G1 F1005.7 X94.146 Y117.001 E0
G1 X94.156 Y117.001 E0
G1 X94.166 Y117.002 E0
G1 F1010.5 X94.176 Y117.002 E0
G1 X94.186 Y117.002 E0
G1 F1015.4 X94.196 Y117.002 E0
G1 X94.206 Y117.003 E0
G1 X94.216 Y117.003 E0
G1 F1020.3 X94.226 Y117.003 E0
G1 X94.236 Y117.003 E0
G1 F1025.2 X94.246 Y117.004 E0
G1 X94.256 Y117.004 E0
G1 X94.266 Y117.004 E0
G1 F1030.2 X94.276 Y117.004 E0
G1 X94.286 Y117.004 E0
G1 F1035.3 X94.296 Y117.005 E0
G1 X94.306 Y117.005 E0
G1 F1040.4 X94.316 Y117.005 E0
G1 X94.326 Y117.005 E0
G1 X94.336 Y117.006 E0
G1 F1045.5 X94.346 Y117.006 E0
G1 X94.356 Y117.006 E0
G1 F1050.7 X94.366 Y117.006 E0
G1 X94.376 Y117.007 E0
G1 X94.386 Y117.007 E0
G1 F1056 X94.396 Y117.007 E0
G1 X94.406 Y117.007 E0
G1 F1061.3 X94.416 Y117.007 E0
G1 X94.426 Y117.008 E0
G1 X94.436 Y117.008 E0
G1 F1066.7 X94.446 Y117.008 E0
G1 X94.456 Y117.008 E0
G1 F1072.1 X94.466 Y117.009 E0
G1 X94.476 Y117.009 E0
G1 X94.486 Y117.009 E0
G1 F1077.6 X94.496 Y117.009 E0
G1 X94.506 Y117.01 E0
G1 F1083.1 X94.516 Y117.01 E0
G1 X94.526 Y117.01 E0
G1 F1088.7 X94.536 Y117.01 E0
G1 X94.546 Y117.01 E0
G1 X94.556 Y117.011 E0
G1 F1094.3 X94.566 Y117.011 E0
G1 X94.576 Y117.011 E0
G1 F1100 X94.586 Y117.011 E0
G1 X94.596 Y117.012 E0
G1 X94.606 Y117.012 E0
G1 F1105.8 X94.616 Y117.012 E0
G1 X94.626 Y117.012 E0
G1 F1111.6 X94.636 Y117.013 E0
G1 X94.646 Y117.013 E0
G1 X94.656 Y117.013 E0
G1 F1117.5 X94.666 Y117.013 E0
G1 X94.676 Y117.013 E0
G1 F1123.4 X94.721 Y117.014 E0.00001
G1 F1135.5 X94.909 Y117.014 E0.00004
G1 X95.097 Y117.014 E0.00004
G1 X95.106 Y117.014 E0
G1 X95.116 Y117.014 E0
G1 X95.126 Y117.014 E0
G1 F1129.4 X95.136 Y117.014 E0
G1 X95.146 Y117.014 E0
G1 X95.156 Y117.014 E0
G1 F1123.4 X95.166 Y117.013 E0
G1 X95.176 Y117.013 E0
G1 X95.186 Y117.013 E0
G1 X95.196 Y117.013 E0
G1 F1117.5 X95.206 Y117.013 E0
G1 X95.216 Y117.013 E0
G1 X95.226 Y117.012 E0
G1 F1111.6 X95.236 Y117.012 E0
G1 X95.246 Y117.012 E0
G1 X95.256 Y117.012 E0
G1 F1105.8 X95.266 Y117.012 E0
G1 X95.276 Y117.012 E0
G1 X95.286 Y117.012 E0
G1 F1100 X95.296 Y117.011 E0
G1 X95.306 Y117.011 E0
G1 X95.316 Y117.011 E0
G1 F1094.3 X95.326 Y117.011 E0
G1 X95.336 Y117.011 E0
G1 X95.346 Y117.011 E0
G1 X95.356 Y117.01 E0
G1 F1088.7 X95.366 Y117.01 E0
G1 X95.376 Y117.01 E0
G1 X95.386 Y117.01 E0
G1 F1083.1 X95.396 Y117.01 E0
G1 X95.406 Y117.01 E0
G1 X95.416 Y117.01 E0
G1 F1077.6 X95.426 Y117.009 E0
G1 X95.436 Y117.009 E0
G1 X95.446 Y117.009 E0
G1 F1072.1 X95.456 Y117.009 E0
G1 X95.466 Y117.009 E0
G1 X95.476 Y117.009 E0
G1 F1066.7 X95.486 Y117.008 E0
G1 X95.496 Y117.008 E0
G1 X95.506 Y117.008 E0
G1 X95.516 Y117.008 E0
G1 F1061.3 X95.526 Y117.008 E0
G1 X95.536 Y117.008 E0
G1 X95.546 Y117.008 E0
G1 F1056 X95.556 Y117.007 E0
G1 X95.566 Y117.007 E0
G1 X95.576 Y117.007 E0
G1 F1050.7 X95.586 Y117.007 E0
G1 X95.596 Y117.007 E0
G1 X95.606 Y117.007 E0
G1 F1045.5 X95.616 Y117.006 E0
G1 X95.626 Y117.006 E0
G1 X95.636 Y117.006 E0
G1 F1040.4 X95.646 Y117.006 E0
G1 X95.656 Y117.006 E0
G1 X95.666 Y117.006 E0
G1 X95.676 Y117.006 E0
G1 F1035.3 X95.686 Y117.005 E0
G1 X95.696 Y117.005 E0
G1 X95.706 Y117.005 E0
G1 F1030.2 X95.716 Y117.005 E0
G1 X95.726 Y117.005 E0
G1 X95.736 Y117.005 E0
G1 F1015.4 X95.792 Y117.003 E0.00001
G1 F1005.7 X95.802 Y117.003 E0
G1 F1000.9 X95.812 Y117.003 E0
G1 X95.822 Y117.003 E0
G1 F996.2 X95.832 Y117.002 E0
G1 F991.5 X95.842 Y117.002 E0
G1 X95.852 Y117.002 E0
G1 F986.9 X95.862 Y117.001 E0
G1 F982.3 X95.872 Y117.001 E0
G1 X95.882 Y117.001 E0
G1 F977.8 X95.892 Y117 E0
G1 F973.3 X95.902 Y117 E0
G1 X95.912 Y117 E0
G1 F968.8 X95.922 Y116.999 E0
G1 F964.4 X95.932 Y116.999 E0
G1 X95.942 Y116.999 E0
G1 F960 X95.952 Y116.998 E0
G1 F955.7 X95.962 Y116.998 E0
G1 X95.972 Y116.998 E0
G1 F951.4 X95.982 Y116.997 E0
G1 F947.1 X95.992 Y116.997 E0
G1 X96.002 Y116.997 E0
G1 F942.9 X96.012 Y116.996 E0
G1 F938.7 X96.022 Y116.996 E0
G1 X96.032 Y116.996 E0
G1 F934.5 X96.042 Y116.996 E0
G1 F930.4 X96.052 Y116.995 E0
G1 X96.062 Y116.995 E0
G1 F926.3 X96.072 Y116.995 E0
G1 F922.3 X96.082 Y116.994 E0
G1 X96.092 Y116.994 E0
G1 F918.3 X96.102 Y116.994 E0
G1 F914.3 X96.112 Y116.993 E0
G1 X96.122 Y116.993 E0
G1 F910.3 X96.132 Y116.993 E0
G1 F906.4 X96.142 Y116.992 E0
G1 X96.152 Y116.992 E0
G1 F902.6 X96.162 Y116.992 E0
G1 F898.7 X96.172 Y116.991 E0
G1 X96.182 Y116.991 E0
G1 F894.9 X96.192 Y116.991 E0
G1 F883.7 X96.211 Y116.989 E0.00001
G1 F869.1 X96.223 Y116.987 E0
G1 F851.6 X96.232 Y116.985 E0
G1 F838.1 X96.243 Y116.982 E0
G1 F825 X96.254 Y116.979 E0
G1 F812.3 X96.263 Y116.978 E0
G1 F806.1 X96.273 Y116.977 E0
G1 F797 X96.283 Y116.976 E0
G1 F791 X96.293 Y116.974 E0
G1 F782.2 X96.303 Y116.973 E0
G1 F776.5 X96.313 Y116.972 E0
G1 F768 X96.323 Y116.971 E0
G1 F762.5 X96.333 Y116.969 E0
G1 F754.3 X96.343 Y116.968 E0
G1 F748.9 X96.353 Y116.967 E0
G1 F741.1 X96.363 Y116.966 E0
G1 F735.9 X96.372 Y116.964 E0
G1 F728.3 X96.382 Y116.963 E0
G1 F723.3 X96.392 Y116.962 E0
G1 F715.9 X96.402 Y116.96 E0
G1 F708.7 X96.412 Y116.959 E0
G1 F704 X96.422 Y116.958 E0
G1 F697 X96.432 Y116.957 E0
G1 F692.5 X96.442 Y116.955 E0
G1 F685.7 X96.452 Y116.954 E0
G1 F681.3 X96.462 Y116.953 E0
G1 F674.8 X96.472 Y116.952 E0
G1 F670.5 X96.481 Y116.95 E0
G1 F664.2 X96.491 Y116.949 E0
G1 F660 X96.501 Y116.948 E0
G1 F653.9 X96.511 Y116.946 E0
G1 F649.8 X96.521 Y116.945 E0
G1 F643.9 X96.531 Y116.944 E0
G1 F640 X96.541 Y116.943 E0
G1 F634.2 X96.551 Y116.941 E0
G1 F630.4 X96.561 Y116.94 E0
G1 F624.9 X96.571 Y116.939 E0
G1 F621.2 X96.581 Y116.938 E0
G1 F615.7 X96.591 Y116.936 E0
G1 F612.2 X96.6 Y116.935 E0
G1 F606.9 X96.61 Y116.934 E0
G1 F603.4 X96.62 Y116.933 E0
G1 F598.3 X96.63 Y116.931 E0
G1 F594.9 X96.64 Y116.93 E0
G1 F589.9 X96.65 Y116.929 E0
G1 F586.7 X96.66 Y116.927 E0
G1 F581.8 X96.67 Y116.926 E0
G1 F577 X96.68 Y116.925 E0
G1 F573.9 X96.69 Y116.924 E0
G1 F569.3 X96.7 Y116.922 E0
G1 F566.2 X96.709 Y116.921 E0
G1 F561.7 X96.719 Y116.92 E0
G1 F558.7 X96.729 Y116.919 E0
G1 F554.3 X96.739 Y116.917 E0
G1 F551.4 X96.749 Y116.916 E0
G1 F547.2 X96.759 Y116.915 E0
G1 F544.3 X96.769 Y116.913 E0
G1 F540.2 X96.779 Y116.912 E0
G1 F537.4 X96.789 Y116.911 E0
G1 F533.3 X96.799 Y116.91 E0
G1 F530.7 X96.809 Y116.908 E0.00001
G1 F528 X108.188 Y116.908 E0.00568
G1 F530.7 X108.197 Y116.909 E0
G1 F534.7 X108.207 Y116.911 E0.00001
G1 F540.2 X108.217 Y116.912 E0
G1 F544.3 X108.227 Y116.914 E0
G1 F548.6 X108.237 Y116.915 E0
G1 F552.9 X108.247 Y116.917 E0
G1 F557.3 X108.257 Y116.918 E0
G1 F563.2 X108.267 Y116.92 E0
G1 F567.7 X108.276 Y116.922 E0
G1 F572.4 X108.286 Y116.923 E0
G1 F577 X108.296 Y116.925 E0
G1 F581.8 X108.306 Y116.926 E0
G1 F588.3 X108.316 Y116.928 E0
G1 F593.3 X108.326 Y116.929 E0
G1 F598.3 X108.336 Y116.931 E0
G1 F603.4 X108.346 Y116.933 E0
G1 F610.4 X108.356 Y116.934 E0
G1 F615.7 X108.365 Y116.936 E0
G1 F621.2 X108.375 Y116.937 E0
G1 F626.7 X108.385 Y116.939 E0
G1 F632.3 X108.395 Y116.94 E0
G1 F640 X108.405 Y116.942 E0
G1 F645.9 X108.415 Y116.944 E0
G1 F651.9 X108.425 Y116.945 E0
G1 F657.9 X108.435 Y116.947 E0
G1 F664.2 X108.444 Y116.948 E0
G1 F672.6 X108.454 Y116.95 E0
G1 F679.1 X108.464 Y116.951 E0
G1 F685.7 X108.474 Y116.953 E0
G1 F692.5 X108.484 Y116.954 E0
G1 F701.7 X108.494 Y116.956 E0
G1 F708.7 X108.504 Y116.958 E0
G1 F715.9 X108.514 Y116.959 E0
G1 F723.3 X108.524 Y116.961 E0
G1 F730.8 X108.533 Y116.962 E0
G1 F741.1 X108.543 Y116.964 E0
G1 F748.9 X108.553 Y116.965 E0
G1 F757 X108.563 Y116.967 E0
G1 F765.2 X108.573 Y116.969 E0
G1 F773.6 X108.583 Y116.97 E0
G1 F785.1 X108.593 Y116.972 E0
G1 F794 X108.603 Y116.973 E0
G1 F803 X108.621 Y116.977 E0.00001
G1 F815.4 X108.632 Y116.979 E0
G1 F828.2 X108.643 Y116.981 E0
G1 F841.4 X108.653 Y116.983 E0
G1 F848.2 X108.663 Y116.983 E0
G1 F851.6 X108.673 Y116.983 E0
G1 F855.1 X108.683 Y116.984 E0
G1 X108.693 Y116.984 E0
G1 F858.5 X108.703 Y116.985 E0
G1 F862 X108.713 Y116.985 E0
G1 F865.6 X108.723 Y116.985 E0
G1 F869.1 X108.733 Y116.986 E0
G1 F872.7 X108.743 Y116.986 E0
G1 X108.753 Y116.987 E0
G1 F876.3 X108.763 Y116.987 E0
G1 F880 X108.773 Y116.987 E0
G1 F883.7 X108.783 Y116.988 E0
G1 F887.4 X108.793 Y116.988 E0
G1 F891.1 X108.803 Y116.989 E0
G1 X108.813 Y116.989 E0
G1 F894.9 X108.823 Y116.989 E0
G1 F898.7 X108.833 Y116.99 E0
G1 F902.6 X108.843 Y116.99 E0
G1 F906.4 X108.853 Y116.991 E0
G1 X108.863 Y116.991 E0
G1 F910.3 X108.873 Y116.992 E0
G1 F914.3 X108.883 Y116.992 E0
G1 F918.3 X108.893 Y116.992 E0
G1 F922.3 X108.903 Y116.993 E0
G1 F926.3 X108.913 Y116.993 E0
G1 X108.923 Y116.994 E0
G1 F930.4 X108.933 Y116.994 E0
G1 F934.5 X108.943 Y116.994 E0
G1 F938.7 X108.953 Y116.995 E0
G1 F942.9 X108.963 Y116.995 E0
G1 F947.1 X108.973 Y116.996 E0
G1 X108.983 Y116.996 E0
G1 F951.4 X108.993 Y116.996 E0
G1 F955.7 X109.003 Y116.997 E0
G1 F960 X109.013 Y116.997 E0
G1 F964.4 X109.023 Y116.998 E0
G1 F968.8 X109.033 Y116.998 E0
G1 X109.043 Y116.999 E0
G1 F973.3 X109.053 Y116.999 E0
G1 F977.8 X109.063 Y116.999 E0
G1 F986.9 X109.116 Y117.001 E0.00001
G1 F1000.9 X109.126 Y117.001 E0
G1 X109.136 Y117.001 E0
G1 F1005.7 X109.146 Y117.001 E0
G1 X109.156 Y117.001 E0
G1 X109.166 Y117.002 E0
G1 F1010.5 X109.176 Y117.002 E0
G1 X109.186 Y117.002 E0
G1 F1015.4 X109.196 Y117.002 E0
G1 X109.206 Y117.003 E0
G1 X109.216 Y117.003 E0
G1 F1020.3 X109.226 Y117.003 E0
G1 X109.236 Y117.003 E0
G1 F1025.2 X109.246 Y117.004 E0
G1 X109.256 Y117.004 E0
G1 X109.266 Y117.004 E0
G1 F1030.2 X109.276 Y117.004 E0
G1 X109.286 Y117.004 E0
G1 F1035.3 X109.296 Y117.005 E0
G1 X109.306 Y117.005 E0
G1 F1040.4 X109.316 Y117.005 E0
G1 X109.326 Y117.005 E0
G1 X109.336 Y117.006 E0
G1 F1045.5 X109.346 Y117.006 E0
G1 X109.356 Y117.006 E0
G1 F1050.7 X109.366 Y117.006 E0
G1 X109.376 Y117.007 E0
G1 X109.386 Y117.007 E0
G1 F1056 X109.396 Y117.007 E0
G1 X109.406 Y117.007 E0
G1 F1061.3 X109.416 Y117.007 E0
G1 X109.426 Y117.008 E0
G1 X109.436 Y117.008 E0
G1 F1066.7 X109.446 Y117.008 E0
G1 X109.456 Y117.008 E0
G1 F1072.1 X109.466 Y117.009 E0
G1 X109.476 Y117.009 E0
G1 X109.486 Y117.009 E0
G1 F1077.6 X109.496 Y117.009 E0
G1 X109.506 Y117.01 E0
G1 F1083.1 X109.516 Y117.01 E0
G1 X109.526 Y117.01 E0
G1 F1088.7 X109.536 Y117.01 E0
G1 X109.546 Y117.01 E0
G1 X109.556 Y117.011 E0
G1 F1094.3 X109.566 Y117.011 E0
G1 X109.576 Y117.011 E0
G1 F1100 X109.586 Y117.011 E0
G1 X109.596 Y117.012 E0
G1 X109.606 Y117.012 E0
G1 F1105.8 X109.616 Y117.012 E0
G1 X109.626 Y117.012 E0
G1 F1111.6 X109.636 Y117.013 E0
G1 X109.646 Y117.013 E0
G1 X109.656 Y117.013 E0
G1 F1117.5 X109.666 Y117.013 E0
G1 X109.676 Y117.013 E0
G1 F1123.4 X109.721 Y117.014 E0.00001
G1 F1135.5 X109.909 Y117.014 E0.00004
G1 X110.097 Y117.014 E0.00004
G1 X110.106 Y117.014 E0
G1 X110.116 Y117.014 E0
G1 X110.126 Y117.014 E0
G1 F1129.4 X110.136 Y117.014 E0
G1 X110.146 Y117.014 E0
G1 X110.156 Y117.014 E0
G1 F1123.4 X110.166 Y117.013 E0
G1 X110.176 Y117.013 E0
G1 X110.186 Y117.013 E0
G1 X110.196 Y117.013 E0
G1 F1117.5 X110.206 Y117.013 E0
G1 X110.216 Y117.013 E0
G1 X110.226 Y117.012 E0
G1 F1111.6 X110.236 Y117.012 E0
G1 X110.246 Y117.012 E0
G1 X110.256 Y117.012 E0
G1 F1105.8 X110.266 Y117.012 E0
G1 X110.276 Y117.012 E0
G1 X110.286 Y117.012 E0
G1 F1100 X110.296 Y117.011 E0
G1 X110.306 Y117.011 E0
G1 X110.316 Y117.011 E0
G1 F1094.3 X110.326 Y117.011 E0
G1 X110.336 Y117.011 E0
G1 X110.346 Y117.011 E0
G1 X110.356 Y117.01 E0
G1 F1088.7 X110.366 Y117.01 E0
G1 X110.376 Y117.01 E0
G1 X110.386 Y117.01 E0
G1 F1083.1 X110.396 Y117.01 E0
G1 X110.406 Y117.01 E0
G1 X110.416 Y117.01 E0
G1 F1077.6 X110.426 Y117.009 E0
G1 X110.436 Y117.009 E0
G1 X110.446 Y117.009 E0
G1 F1072.1 X110.456 Y117.009 E0
G1 X110.466 Y117.009 E0
G1 X110.476 Y117.009 E0
G1 F1066.7 X110.486 Y117.008 E0
G1 X110.496 Y117.008 E0
G1 X110.506 Y117.008 E0
G1 X110.516 Y117.008 E0
G1 F1061.3 X110.526 Y117.008 E0
G1 X110.536 Y117.008 E0
G1 X110.546 Y117.008 E0
G1 F1056 X110.556 Y117.007 E0
G1 X110.566 Y117.007 E0
G1 X110.576 Y117.007 E0
G1 F1050.7 X110.586 Y117.007 E0
G1 X110.596 Y117.007 E0
G1 X110.606 Y117.007 E0
G1 F1045.5 X110.616 Y117.006 E0
G1 X110.626 Y117.006 E0
G1 X110.636 Y117.006 E0
G1 F1040.4 X110.646 Y117.006 E0
G1 X110.656 Y117.006 E0
G1 X110.666 Y117.006 E0
G1 X110.676 Y117.006 E0
G1 F1035.3 X110.686 Y117.005 E0
G1 X110.696 Y117.005 E0
G1 X110.706 Y117.005 E0
G1 F1030.2 X110.716 Y117.005 E0
G1 X110.726 Y117.005 E0
G1 X110.736 Y117.005 E0
G1 F1015.4 X110.792 Y117.003 E0.00001
G1 F1005.7 X110.802 Y117.003 E0
G1 F1000.9 X110.812 Y117.003 E0
G1 X110.822 Y117.003 E0
G1 F996.2 X110.832 Y117.002 E0
G1 F991.5 X110.842 Y117.002 E0
G1 X110.852 Y117.002 E0
G1 F986.9 X110.862 Y117.001 E0
G1 F982.3 X110.872 Y117.001 E0
G1 X110.882 Y117.001 E0
G1 F977.8 X110.892 Y117 E0
G1 F973.3 X110.902 Y117 E0
G1 X110.912 Y117 E0
G1 F968.8 X110.922 Y116.999 E0
G1 F964.4 X110.932 Y116.999 E0
G1 X110.942 Y116.999 E0
G1 F960 X110.952 Y116.998 E0
G1 F955.7 X110.962 Y116.998 E0
G1 X110.972 Y116.998 E0
G1 F951.4 X110.982 Y116.997 E0
G1 F947.1 X110.992 Y116.997 E0
G1 X111.002 Y116.997 E0
G1 F942.9 X111.012 Y116.996 E0
G1 F938.7 X111.022 Y116.996 E0
G1 X111.032 Y116.996 E0
G1 F934.5 X111.042 Y116.996 E0
G1 F930.4 X111.052 Y116.995 E0
G1 X111.062 Y116.995 E0
G1 F926.3 X111.072 Y116.995 E0
G1 F922.3 X111.082 Y116.994 E0
G1 X111.092 Y116.994 E0
G1 F918.3 X111.102 Y116.994 E0
G1 F914.3 X111.112 Y116.993 E0
G1 X111.122 Y116.993 E0
G1 F910.3 X111.132 Y116.993 E0
G1 F906.4 X111.142 Y116.992 E0
G1 X111.152 Y116.992 E0
G1 F902.6 X111.162 Y116.992 E0
G1 F898.7 X111.172 Y116.991 E0
G1 X111.182 Y116.991 E0
G1 F894.9 X111.192 Y116.991 E0
G1 F883.7 X111.211 Y116.989 E0.00001
G1 F869.1 X111.223 Y116.987 E0
G1 F851.6 X111.232 Y116.985 E0
G1 F838.1 X111.243 Y116.982 E0
G1 F825 X111.254 Y116.979 E0
G1 F812.3 X111.263 Y116.978 E0
G1 F806.1 X111.273 Y116.977 E0
G1 F797 X111.283 Y116.976 E0
G1 F791 X111.293 Y116.974 E0
G1 F782.2 X111.303 Y116.973 E0
G1 F776.5 X111.313 Y116.972 E0
G1 F768 X111.323 Y116.971 E0
G1 F762.5 X111.333 Y116.969 E0
G1 F754.3 X111.343 Y116.968 E0
G1 F748.9 X111.353 Y116.967 E0
G1 F741.1 X111.363 Y116.966 E0
G1 F735.9 X111.372 Y116.964 E0
G1 F728.3 X111.382 Y116.963 E0
G1 F723.3 X111.392 Y116.962 E0
G1 F715.9 X111.402 Y116.96 E0
G1 F708.7 X111.412 Y116.959 E0
G1 F704 X111.422 Y116.958 E0
G1 F697 X111.432 Y116.957 E0
G1 F692.5 X111.442 Y116.955 E0
G1 F685.7 X111.452 Y116.954 E0
G1 F681.3 X111.462 Y116.953 E0
G1 F674.8 X111.472 Y116.952 E0
G1 F670.5 X111.481 Y116.95 E0
G1 F664.2 X111.491 Y116.949 E0
G1 F660 X111.501 Y116.948 E0
G1 F653.9 X111.511 Y116.946 E0
G1 F649.8 X111.521 Y116.945 E0
G1 F643.9 X111.531 Y116.944 E0
G1 F640 X111.541 Y116.943 E0
G1 F634.2 X111.551 Y116.941 E0
G1 F630.4 X111.561 Y116.94 E0
G1 F624.9 X111.571 Y116.939 E0
G1 F621.2 X111.581 Y116.938 E0
G1 F615.7 X111.591 Y116.936 E0
G1 F612.2 X111.6 Y116.935 E0
G1 F606.9 X111.61 Y116.934 E0
G1 F603.4 X111.62 Y116.933 E0
G1 F598.3 X111.63 Y116.931 E0
G1 F594.9 X111.64 Y116.93 E0
G1 F589.9 X111.65 Y116.929 E0
G1 F586.7 X111.66 Y116.927 E0
G1 F581.8 X111.67 Y116.926 E0
G1 F577 X111.68 Y116.925 E0
G1 F573.9 X111.69 Y116.924 E0
G1 F569.3 X111.7 Y116.922 E0
G1 F566.2 X111.709 Y116.921 E0
G1 F561.7 X111.719 Y116.92 E0
G1 F558.7 X111.729 Y116.919 E0
G1 F554.3 X111.739 Y116.917 E0
G1 F551.4 X111.749 Y116.916 E0
G1 F547.2 X111.759 Y116.915 E0
G1 F544.3 X111.769 Y116.913 E0
G1 F540.2 X111.779 Y116.912 E0
G1 F537.4 X111.789 Y116.911 E0
G1 F533.3 X111.799 Y116.91 E0
G1 F530.7 X111.809 Y116.908 E0.00001
G1 F528 X123.268 Y116.908 E0.00572
G1 F530.7 X123.277 Y116.909 E0
G1 F536 X123.287 Y116.911 E0.00001
G1 F540.2 X123.297 Y116.913 E0
G1 F544.3 X123.307 Y116.914 E0
G1 F550 X123.317 Y116.916 E0
G1 F554.3 X123.327 Y116.918 E0
G1 F560.2 X123.337 Y116.92 E0
G1 F564.7 X123.346 Y116.921 E0
G1 F570.8 X123.356 Y116.923 E0
G1 F575.5 X123.366 Y116.925 E0
G1 F580.2 X123.376 Y116.926 E0
G1 F586.7 X123.386 Y116.928 E0
G1 F591.6 X123.396 Y116.93 E0
G1 F598.3 X123.406 Y116.932 E0
G1 F603.4 X123.415 Y116.933 E0
G1 F610.4 X123.425 Y116.935 E0
G1 F615.7 X123.435 Y116.937 E0
G1 F621.2 X123.445 Y116.938 E0
G1 F628.6 X123.455 Y116.94 E0
G1 F634.2 X123.465 Y116.942 E0
G1 F641.9 X123.475 Y116.944 E0
G1 F647.9 X123.484 Y116.945 E0
G1 F655.9 X123.494 Y116.947 E0
G1 F662.1 X123.504 Y116.949 E0
G1 F668.4 X123.514 Y116.95 E0
G1 F676.9 X123.524 Y116.952 E0
G1 F683.5 X123.534 Y116.954 E0
G1 F692.5 X123.544 Y116.956 E0
G1 F699.3 X123.553 Y116.957 E0
G1 F708.7 X123.563 Y116.959 E0
G1 F715.9 X123.573 Y116.961 E0
G1 F723.3 X123.583 Y116.962 E0
G1 F733.3 X123.593 Y116.964 E0
G1 F741.1 X123.603 Y116.966 E0
G1 F751.6 X123.613 Y116.968 E0
G1 F759.7 X123.622 Y116.969 E0
G1 F770.8 X123.632 Y116.971 E0
G1 F779.3 X123.642 Y116.973 E0
G1 F788.1 X123.652 Y116.974 E0
G1 F800 X123.662 Y116.976 E0
G1 F809.2 X123.672 Y116.978 E0
G1 F821.8 X123.682 Y116.98 E0
G1 F834.8 X123.696 Y116.982 E0
G1 F851.6 X123.71 Y116.984 E0
G1 F862 X123.72 Y116.984 E0
G1 F865.6 X123.73 Y116.984 E0
G1 F869.1 X123.74 Y116.985 E0
G1 X123.75 Y116.985 E0
G1 F872.7 X123.76 Y116.986 E0
G1 F876.3 X123.77 Y116.986 E0
G1 F880 X123.78 Y116.987 E0
G1 F883.7 X123.79 Y116.987 E0
G1 F887.4 X123.8 Y116.988 E0
G1 X123.81 Y116.988 E0
G1 F891.1 X123.82 Y116.988 E0
G1 F894.9 X123.83 Y116.989 E0
G1 F898.7 X123.84 Y116.989 E0
G1 F902.6 X123.85 Y116.99 E0
G1 F906.4 X123.86 Y116.99 E0
G1 X123.87 Y116.991 E0
G1 F910.3 X123.88 Y116.991 E0
G1 F914.3 X123.89 Y116.992 E0
G1 F918.3 X123.9 Y116.992 E0
G1 F922.3 X123.91 Y116.993 E0
G1 X123.92 Y116.993 E0
G1 F926.3 X123.93 Y116.993 E0
G1 F930.4 X123.94 Y116.994 E0
G1 F934.5 X123.95 Y116.994 E0
G1 F938.7 X123.96 Y116.995 E0
G1 F942.9 X123.97 Y116.995 E0
G1 X123.98 Y116.996 E0
G1 F947.1 X123.99 Y116.996 E0
G1 F951.4 X124 Y116.997 E0
G1 F955.7 X124.01 Y116.997 E0
G1 F960 X124.02 Y116.998 E0
G1 F964.4 X124.03 Y116.998 E0
G1 X124.04 Y116.998 E0
G1 F968.8 X124.05 Y116.999 E0
G1 F973.3 X124.06 Y116.999 E0
G1 F982.3 X124.09 Y117 E0.00001
G1 F991.5 X124.117 Y117.001 E0.00001
G1 F1000.9 X124.126 Y117.001 E0
G1 X124.136 Y117.001 E0
G1 F1005.7 X124.146 Y117.001 E0
G1 X124.156 Y117.001 E0
G1 X124.166 Y117.002 E0
G1 F1010.5 X124.176 Y117.002 E0
G1 X124.186 Y117.002 E0
G1 F1015.4 X124.196 Y117.002 E0
G1 X124.206 Y117.003 E0
G1 X124.216 Y117.003 E0
G1 F1020.3 X124.226 Y117.003 E0
G1 X124.236 Y117.003 E0
G1 F1025.2 X124.246 Y117.004 E0
G1 X124.256 Y117.004 E0
G1 X124.266 Y117.004 E0
G1 F1030.2 X124.276 Y117.004 E0
G1 X124.286 Y117.004 E0
G1 F1035.3 X124.296 Y117.005 E0
G1 X124.306 Y117.005 E0
G1 F1040.4 X124.316 Y117.005 E0
G1 X124.326 Y117.005 E0
G1 X124.336 Y117.006 E0
G1 F1045.5 X124.346 Y117.006 E0
G1 X124.356 Y117.006 E0
G1 F1050.7 X124.366 Y117.006 E0
G1 X124.376 Y117.007 E0
G1 X124.386 Y117.007 E0
G1 F1056 X124.396 Y117.007 E0
G1 X124.406 Y117.007 E0
G1 F1061.3 X124.416 Y117.007 E0
G1 X124.426 Y117.008 E0
G1 X124.436 Y117.008 E0
G1 F1066.7 X124.446 Y117.008 E0
G1 X124.456 Y117.008 E0
G1 F1072.1 X124.466 Y117.009 E0
G1 X124.476 Y117.009 E0
G1 X124.486 Y117.009 E0
G1 F1077.6 X124.496 Y117.009 E0
G1 X124.506 Y117.01 E0
G1 F1083.1 X124.516 Y117.01 E0
G1 X124.526 Y117.01 E0
G1 F1088.7 X124.536 Y117.01 E0
G1 X124.546 Y117.01 E0
G1 X124.556 Y117.011 E0
G1 F1094.3 X124.566 Y117.011 E0
G1 X124.576 Y117.011 E0
G1 F1100 X124.586 Y117.011 E0
G1 X124.596 Y117.012 E0
G1 X124.606 Y117.012 E0
G1 F1105.8 X124.616 Y117.012 E0
G1 X124.626 Y117.012 E0
G1 F1111.6 X124.636 Y117.013 E0
G1 X124.646 Y117.013 E0
G1 X124.656 Y117.013 E0
G1 F1117.5 X124.666 Y117.013 E0
G1 X124.676 Y117.013 E0
G1 F1123.4 X124.721 Y117.014 E0.00001
G1 F1135.5 X124.909 Y117.014 E0.00004
G1 X125.097 Y117.014 E0.00004
G1 X125.106 Y117.014 E0
G1 X125.116 Y117.014 E0
G1 X125.126 Y117.014 E0
G1 F1129.4 X125.136 Y117.014 E0
G1 X125.146 Y117.014 E0
G1 X125.156 Y117.014 E0
G1 F1123.4 X125.166 Y117.013 E0
G1 X125.176 Y117.013 E0
G1 X125.186 Y117.013 E0
G1 X125.196 Y117.013 E0
G1 F1117.5 X125.206 Y117.013 E0
G1 X125.216 Y117.013 E0
G1 X125.226 Y117.012 E0
G1 F1111.6 X125.236 Y117.012 E0
G1 X125.246 Y117.012 E0
G1 X125.256 Y117.012 E0
G1 F1105.8 X125.266 Y117.012 E0
G1 X125.276 Y117.012 E0
G1 X125.286 Y117.012 E0
G1 F1100 X125.296 Y117.011 E0
G1 X125.306 Y117.011 E0
G1 X125.316 Y117.011 E0
G1 F1094.3 X125.326 Y117.011 E0
G1 X125.336 Y117.011 E0
G1 X125.346 Y117.011 E0
G1 X125.356 Y117.01 E0
G1 F1088.7 X125.366 Y117.01 E0
G1 X125.376 Y117.01 E0
G1 X125.386 Y117.01 E0
G1 F1083.1 X125.396 Y117.01 E0
G1 X125.406 Y117.01 E0
G1 X125.416 Y117.01 E0
G1 F1077.6 X125.426 Y117.009 E0
G1 X125.436 Y117.009 E0
G1 X125.446 Y117.009 E0
G1 F1072.1 X125.456 Y117.009 E0
G1 X125.466 Y117.009 E0
G1 X125.476 Y117.009 E0
G1 F1066.7 X125.486 Y117.008 E0
G1 X125.496 Y117.008 E0
G1 X125.506 Y117.008 E0
G1 X125.516 Y117.008 E0
G1 F1061.3 X125.526 Y117.008 E0
G1 X125.536 Y117.008 E0
G1 X125.546 Y117.008 E0
G1 F1056 X125.556 Y117.007 E0
G1 X125.566 Y117.007 E0
G1 X125.576 Y117.007 E0
G1 F1050.7 X125.586 Y117.007 E0
G1 X125.596 Y117.007 E0
G1 X125.606 Y117.007 E0
G1 F1045.5 X125.616 Y117.006 E0
G1 X125.626 Y117.006 E0
G1 X125.636 Y117.006 E0
G1 F1040.4 X125.646 Y117.006 E0
G1 X125.656 Y117.006 E0
G1 X125.666 Y117.006 E0
G1 X125.676 Y117.006 E0
G1 F1035.3 X125.686 Y117.005 E0
G1 X125.696 Y117.005 E0
G1 X125.706 Y117.005 E0
G1 F1030.2 X125.716 Y117.005 E0
G1 X125.726 Y117.005 E0
G1 X125.736 Y117.005 E0
G1 F1015.4 X125.792 Y117.003 E0.00001
G1 F1005.7 X125.802 Y117.003 E0
G1 F1000.9 X125.812 Y117.003 E0
G1 X125.822 Y117.003 E0
G1 F996.2 X125.832 Y117.002 E0
G1 F991.5 X125.842 Y117.002 E0
G1 X125.852 Y117.002 E0
G1 F986.9 X125.862 Y117.001 E0
G1 F982.3 X125.872 Y117.001 E0
G1 X125.882 Y117.001 E0
G1 F977.8 X125.892 Y117 E0
G1 F973.3 X125.902 Y117 E0
G1 X125.912 Y117 E0
G1 F968.8 X125.922 Y116.999 E0
G1 F964.4 X125.932 Y116.999 E0
G1 X125.942 Y116.999 E0
G1 F960 X125.952 Y116.998 E0
G1 F955.7 X125.962 Y116.998 E0
G1 X125.972 Y116.998 E0
G1 F951.4 X125.982 Y116.997 E0
G1 F947.1 X125.992 Y116.997 E0
G1 X126.002 Y116.997 E0
G1 F942.9 X126.012 Y116.996 E0
G1 F938.7 X126.022 Y116.996 E0
G1 X126.032 Y116.996 E0
G1 F934.5 X126.042 Y116.996 E0
G1 F930.4 X126.052 Y116.995 E0
G1 X126.062 Y116.995 E0
G1 F926.3 X126.072 Y116.995 E0
G1 F922.3 X126.082 Y116.994 E0
G1 X126.092 Y116.994 E0
G1 F918.3 X126.102 Y116.994 E0
G1 F914.3 X126.112 Y116.993 E0
G1 X126.122 Y116.993 E0
G1 F910.3 X126.132 Y116.993 E0
G1 F906.4 X126.142 Y116.992 E0
G1 X126.152 Y116.992 E0
G1 F902.6 X126.162 Y116.992 E0
G1 F898.7 X126.172 Y116.991 E0
G1 X126.182 Y116.991 E0
G1 F894.9 X126.192 Y116.991 E0
G1 F883.7 X126.211 Y116.989 E0.00001
G1 F869.1 X126.223 Y116.987 E0
G1 F851.6 X126.232 Y116.985 E0
G1 F838.1 X126.243 Y116.982 E0
G1 F825 X126.254 Y116.979 E0
G1 F812.3 X126.263 Y116.978 E0
G1 F806.1 X126.273 Y116.977 E0
G1 F797 X126.283 Y116.976 E0
G1 F791 X126.293 Y116.974 E0
G1 F782.2 X126.303 Y116.973 E0
G1 F776.5 X126.313 Y116.972 E0
G1 F768 X126.323 Y116.971 E0
G1 F762.5 X126.333 Y116.969 E0
G1 F754.3 X126.343 Y116.968 E0
G1 F748.9 X126.353 Y116.967 E0
G1 F741.1 X126.363 Y116.966 E0
G1 F735.9 X126.372 Y116.964 E0
G1 F728.3 X126.382 Y116.963 E0
G1 F723.3 X126.392 Y116.962 E0
G1 F715.9 X126.402 Y116.96 E0
G1 F708.7 X126.412 Y116.959 E0
G1 F704 X126.422 Y116.958 E0
G1 F697 X126.432 Y116.957 E0
G1 F692.5 X126.442 Y116.955 E0
G1 F685.7 X126.452 Y116.954 E0
G1 F681.3 X126.462 Y116.953 E0
G1 F674.8 X126.472 Y116.952 E0
G1 F670.5 X126.481 Y116.95 E0
G1 F664.2 X126.491 Y116.949 E0
G1 F660 X126.501 Y116.948 E0
G1 F653.9 X126.511 Y116.946 E0
G1 F649.8 X126.521 Y116.945 E0
G1 F643.9 X126.531 Y116.944 E0
G1 F640 X126.541 Y116.943 E0
G1 F634.2 X126.551 Y116.941 E0
G1 F630.4 X126.561 Y116.94 E0
G1 F624.9 X126.571 Y116.939 E0
G1 F621.2 X126.581 Y116.938 E0
G1 F615.7 X126.591 Y116.936 E0
G1 F612.2 X126.6 Y116.935 E0
G1 F606.9 X126.61 Y116.934 E0
G1 F603.4 X126.62 Y116.933 E0
G1 F598.3 X126.63 Y116.931 E0
G1 F594.9 X126.64 Y116.93 E0
G1 F589.9 X126.65 Y116.929 E0
G1 F586.7 X126.66 Y116.927 E0
G1 F581.8 X126.67 Y116.926 E0
G1 F577 X126.68 Y116.925 E0
G1 F573.9 X126.69 Y116.924 E0
G1 F569.3 X126.7 Y116.922 E0
G1 F566.2 X126.709 Y116.921 E0
G1 F561.7 X126.719 Y116.92 E0
G1 F558.7 X126.729 Y116.919 E0
G1 F554.3 X126.739 Y116.917 E0
G1 F551.4 X126.749 Y116.916 E0
G1 F547.2 X126.759 Y116.915 E0
G1 F544.3 X126.769 Y116.913 E0
G1 F540.2 X126.779 Y116.912 E0
G1 F537.4 X126.789 Y116.911 E0
G1 F533.3 X126.799 Y116.91 E0
G1 F530.7 X126.809 Y116.908 E0.00001
G1 F528 X131.908 Y116.908 E0.00254
G1 X131.908 Y111.797 E0.00255
G1 F530.7 X131.909 Y111.788 E0
G1 F534.7 X131.911 Y111.778 E0.00001
G1 F540.2 X131.912 Y111.768 E0
G1 F544.3 X131.914 Y111.758 E0
G1 F548.6 X131.916 Y111.748 E0
G1 F554.3 X131.917 Y111.738 E0
G1 F558.7 X131.919 Y111.728 E0
G1 F563.2 X131.921 Y111.719 E0
G1 F569.3 X131.922 Y111.709 E0
G1 F573.9 X131.924 Y111.699 E0
G1 F578.6 X131.925 Y111.689 E0
G1 F585 X131.927 Y111.679 E0
G1 F589.9 X131.929 Y111.669 E0
G1 F594.9 X131.93 Y111.659 E0
G1 F600 X131.932 Y111.65 E0
G1 F606.9 X131.934 Y111.64 E0
G1 F612.2 X131.935 Y111.63 E0
G1 F617.5 X131.937 Y111.62 E0
G1 F624.9 X131.939 Y111.61 E0
G1 F630.4 X131.94 Y111.6 E0
G1 F636.1 X131.942 Y111.59 E0
G1 F643.9 X131.943 Y111.581 E0
G1 F649.8 X131.945 Y111.571 E0
G1 F655.9 X131.947 Y111.561 E0
G1 F664.2 X131.948 Y111.551 E0
G1 F670.5 X131.95 Y111.541 E0
G1 F676.9 X131.952 Y111.531 E0
G1 F685.7 X131.953 Y111.521 E0
G1 F692.5 X131.955 Y111.512 E0
G1 F699.3 X131.956 Y111.502 E0
G1 F706.4 X131.958 Y111.492 E0
G1 F715.9 X131.96 Y111.482 E0
G1 F723.3 X131.961 Y111.472 E0
G1 F730.8 X131.963 Y111.462 E0
G1 F741.1 X131.965 Y111.452 E0
G1 F748.9 X131.966 Y111.443 E0
G1 F757 X131.968 Y111.433 E0
G1 F768 X131.97 Y111.423 E0
G1 F776.5 X131.971 Y111.413 E0
G1 F785.1 X131.973 Y111.403 E0
G1 F797 X131.974 Y111.393 E0
G1 F806.1 X131.976 Y111.383 E0
G1 F818.6 X131.98 Y111.359 E0.00001
G1 F838.1 X131.983 Y111.344 E0
G1 F848.2 X131.983 Y111.334 E0
G1 F851.6 X131.983 Y111.324 E0
G1 F855.1 X131.984 Y111.314 E0
G1 X131.984 Y111.304 E0
G1 F858.5 X131.985 Y111.294 E0
G1 F862 X131.985 Y111.284 E0
G1 F865.6 X131.985 Y111.274 E0
G1 F869.1 X131.986 Y111.264 E0
G1 F872.7 X131.986 Y111.254 E0
G1 X131.987 Y111.244 E0
G1 F876.3 X131.987 Y111.234 E0
G1 F880 X131.987 Y111.224 E0
G1 F883.7 X131.988 Y111.214 E0
G1 F887.4 X131.988 Y111.204 E0
G1 F891.1 X131.989 Y111.194 E0
G1 X131.989 Y111.184 E0
G1 F894.9 X131.989 Y111.174 E0
G1 F898.7 X131.99 Y111.164 E0
G1 F902.6 X131.99 Y111.154 E0
G1 F906.4 X131.991 Y111.144 E0
G1 X131.991 Y111.134 E0
G1 F910.3 X131.991 Y111.124 E0
G1 F914.3 X131.992 Y111.114 E0
G1 F918.3 X131.992 Y111.104 E0
G1 F922.3 X131.993 Y111.094 E0
G1 F926.3 X131.993 Y111.084 E0
G1 X131.993 Y111.074 E0
G1 F930.4 X131.994 Y111.064 E0
G1 F934.5 X131.994 Y111.054 E0
G1 F938.7 X131.995 Y111.044 E0
G1 F942.9 X131.995 Y111.034 E0
G1 F947.1 X131.995 Y111.024 E0
G1 X131.996 Y111.014 E0
G1 F951.4 X131.996 Y111.004 E0
G1 F955.7 X131.997 Y110.994 E0
G1 F960 X131.997 Y110.984 E0
G1 F964.4 X131.998 Y110.974 E0
G1 F968.8 X131.998 Y110.964 E0
G1 X131.998 Y110.954 E0
G1 F973.3 X131.999 Y110.944 E0
G1 F977.8 X131.999 Y110.934 E0
G1 F986.9 X132.002 Y110.877 E0.00002
G1 F996.2 X132.002 Y110.867 E0
G1 X132.002 Y110.857 E0
G1 F1000.9 X132.002 Y110.847 E0
G1 X132.002 Y110.837 E0
G1 X132.003 Y110.827 E0
G1 F1005.7 X132.003 Y110.817 E0
G1 X132.003 Y110.807 E0
G1 F1010.5 X132.003 Y110.797 E0
G1 X132.003 Y110.787 E0
G1 F1015.4 X132.004 Y110.777 E0
G1 X132.004 Y110.767 E0
G1 F1020.3 X132.004 Y110.757 E0
G1 X132.004 Y110.747 E0
G1 X132.005 Y110.737 E0
G1 F1025.2 X132.005 Y110.727 E0
G1 X132.005 Y110.717 E0
G1 F1030.2 X132.005 Y110.707 E0
G1 X132.005 Y110.697 E0
G1 F1035.3 X132.006 Y110.687 E0
G1 X132.006 Y110.677 E0
G1 X132.006 Y110.667 E0
G1 F1040.4 X132.006 Y110.657 E0
G1 X132.006 Y110.647 E0
G1 F1045.5 X132.007 Y110.637 E0
G1 X132.007 Y110.627 E0
G1 F1050.7 X132.007 Y110.617 E0
G1 X132.007 Y110.607 E0
G1 X132.008 Y110.597 E0
G1 F1056 X132.008 Y110.587 E0
G1 X132.008 Y110.577 E0
G1 F1061.3 X132.008 Y110.567 E0
G1 X132.008 Y110.557 E0
G1 F1066.7 X132.009 Y110.547 E0
G1 X132.009 Y110.537 E0
G1 F1072.1 X132.009 Y110.527 E0
G1 X132.009 Y110.517 E0
G1 X132.01 Y110.507 E0
G1 F1077.6 X132.01 Y110.497 E0
G1 X132.01 Y110.487 E0
G1 F1083.1 X132.01 Y110.477 E0
G1 X132.01 Y110.467 E0
G1 F1088.7 X132.011 Y110.457 E0
G1 X132.011 Y110.447 E0
G1 X132.011 Y110.437 E0
G1 F1094.3 X132.011 Y110.427 E0
G1 X132.011 Y110.417 E0
G1 F1100 X132.012 Y110.407 E0
G1 X132.012 Y110.397 E0
G1 F1105.8 X132.012 Y110.387 E0
G1 X132.012 Y110.377 E0
G1 F1111.6 X132.013 Y110.367 E0
G1 X132.013 Y110.357 E0
G1 X132.013 Y110.347 E0
G1 F1117.5 X132.013 Y110.337 E0
G1 X132.013 Y110.327 E0
G1 F1123.4 X132.014 Y110.259 E0.00002
G1 X132.014 Y110.195 E0.00002
G1 F1129.4 X132.014 Y110.131 E0.00001
G1 X132.014 Y110.067 E0.00001
G1 F1135.5 X132.014 Y110.003 E0.00001
G1 X132.015 Y109.939 E0.00001
G1 X132.015 Y109.896 E0.00001
G1 F1129.4 X132.015 Y109.886 E0
G1 X132.015 Y109.876 E0
G1 X132.015 Y109.866 E0
G1 F1123.4 X132.015 Y109.856 E0
G1 X132.015 Y109.846 E0
G1 X132.015 Y109.836 E0
G1 F1117.5 X132.014 Y109.826 E0
G1 X132.014 Y109.816 E0
G1 X132.014 Y109.806 E0
G1 X132.014 Y109.796 E0
G1 F1111.6 X132.014 Y109.786 E0
G1 X132.014 Y109.776 E0
G1 X132.013 Y109.766 E0
G1 F1105.8 X132.013 Y109.756 E0
G1 X132.013 Y109.746 E0
G1 X132.013 Y109.736 E0
G1 F1100 X132.013 Y109.726 E0
G1 X132.013 Y109.716 E0
G1 X132.013 Y109.706 E0
G1 F1094.3 X132.012 Y109.696 E0
G1 X132.012 Y109.686 E0
G1 X132.012 Y109.676 E0
G1 F1088.7 X132.012 Y109.666 E0
G1 X132.012 Y109.656 E0
G1 X132.012 Y109.646 E0
G1 X132.011 Y109.636 E0
G1 F1083.1 X132.011 Y109.626 E0
G1 X132.011 Y109.616 E0
G1 X132.011 Y109.606 E0
G1 F1077.6 X132.011 Y109.596 E0
G1 X132.011 Y109.586 E0
G1 X132.011 Y109.576 E0
G1 F1072.1 X132.01 Y109.566 E0
G1 X132.01 Y109.556 E0
G1 X132.01 Y109.546 E0
G1 F1066.7 X132.01 Y109.536 E0
G1 X132.01 Y109.526 E0
G1 X132.01 Y109.516 E0
G1 F1061.3 X132.009 Y109.506 E0
G1 X132.009 Y109.496 E0
G1 X132.009 Y109.486 E0
G1 X132.009 Y109.476 E0
G1 F1056 X132.009 Y109.466 E0
G1 X132.009 Y109.456 E0
G1 X132.009 Y109.446 E0
G1 F1050.7 X132.008 Y109.436 E0
G1 X132.008 Y109.426 E0
G1 X132.008 Y109.416 E0
G1 F1045.5 X132.008 Y109.406 E0
G1 X132.008 Y109.396 E0
G1 X132.008 Y109.386 E0
G1 F1040.4 X132.007 Y109.376 E0
G1 X132.007 Y109.366 E0
G1 X132.007 Y109.356 E0
G1 F1035.3 X132.007 Y109.346 E0
G1 X132.007 Y109.336 E0
G1 X132.007 Y109.326 E0
G1 X132.007 Y109.316 E0
G1 F1030.2 X132.006 Y109.306 E0
G1 X132.006 Y109.296 E0
G1 X132.006 Y109.286 E0
G1 F1025.2 X132.006 Y109.276 E0
G1 X132.006 Y109.266 E0
G1 X132.006 Y109.256 E0
G1 F1015.4 X132.004 Y109.2 E0.00001
G1 F1010.5 X132.004 Y109.19 E0
G1 F1005.7 X132.004 Y109.18 E0
G1 X132.003 Y109.17 E0
G1 F1000.9 X132.003 Y109.16 E0
G1 F996.2 X132.003 Y109.15 E0
G1 F991.5 X132.002 Y109.14 E0
G1 X132.002 Y109.13 E0
G1 F986.9 X132.002 Y109.12 E0
G1 F982.3 X132.001 Y109.11 E0
G1 X132.001 Y109.1 E0
G1 F977.8 X132.001 Y109.09 E0
G1 F973.3 X132 Y109.08 E0
G1 F968.8 X132 Y109.07 E0
G1 X131.999 Y109.06 E0
G1 F964.4 X131.999 Y109.05 E0
G1 F960 X131.999 Y109.04 E0
G1 F955.7 X131.998 Y109.03 E0
G1 X131.998 Y109.02 E0
G1 F951.4 X131.998 Y109.01 E0
G1 F947.1 X131.997 Y109 E0
G1 F942.9 X131.997 Y108.99 E0
G1 X131.997 Y108.98 E0
G1 F938.7 X131.996 Y108.97 E0
G1 F934.5 X131.996 Y108.96 E0
G1 X131.995 Y108.95 E0
G1 F930.4 X131.995 Y108.94 E0
G1 F926.3 X131.995 Y108.93 E0
G1 F922.3 X131.994 Y108.92 E0
G1 X131.994 Y108.91 E0
G1 F918.3 X131.994 Y108.9 E0
G1 F914.3 X131.993 Y108.89 E0
G1 F910.3 X131.993 Y108.88 E0
G1 X131.993 Y108.87 E0
G1 F906.4 X131.992 Y108.86 E0
G1 F902.6 X131.992 Y108.85 E0
G1 X131.992 Y108.84 E0
G1 F898.7 X131.991 Y108.83 E0
G1 F894.9 X131.991 Y108.82 E0
G1 F891.1 X131.99 Y108.81 E0
G1 X131.99 Y108.8 E0
G1 F887.4 X131.99 Y108.79 E0
G1 F876.3 X131.987 Y108.773 E0.00001
G1 F858.5 X131.985 Y108.761 E0
G1 F844.8 X131.983 Y108.749 E0
G1 F828.2 X131.981 Y108.737 E0
G1 F815.4 X131.979 Y108.727 E0
G1 F809.2 X131.978 Y108.717 E0
G1 F800 X131.977 Y108.707 E0
G1 F791 X131.975 Y108.697 E0
G1 F785.1 X131.974 Y108.687 E0
G1 F776.5 X131.973 Y108.677 E0
G1 F770.8 X131.971 Y108.667 E0
G1 F762.5 X131.97 Y108.657 E0
G1 F757 X131.969 Y108.647 E0
G1 F748.9 X131.968 Y108.637 E0
G1 F741.1 X131.966 Y108.627 E0
G1 F735.9 X131.965 Y108.618 E0
G1 F728.3 X131.964 Y108.608 E0
G1 F723.3 X131.962 Y108.598 E0
G1 F715.9 X131.961 Y108.588 E0
G1 F708.7 X131.96 Y108.578 E0
G1 F704 X131.959 Y108.568 E0
G1 F697 X131.957 Y108.558 E0
G1 F692.5 X131.956 Y108.548 E0
G1 F685.7 X131.955 Y108.538 E0
G1 F681.3 X131.953 Y108.528 E0
G1 F674.8 X131.952 Y108.518 E0
G1 F668.4 X131.951 Y108.509 E0
G1 F664.2 X131.95 Y108.499 E0
G1 F657.9 X131.948 Y108.489 E0
G1 F653.9 X131.947 Y108.479 E0
G1 F647.9 X131.946 Y108.469 E0
G1 F641.9 X131.944 Y108.459 E0
G1 F638.1 X131.943 Y108.449 E0
G1 F632.3 X131.942 Y108.439 E0
G1 F628.6 X131.94 Y108.429 E0
G1 F623 X131.939 Y108.419 E0
G1 F619.4 X131.938 Y108.409 E0
G1 F614 X131.937 Y108.4 E0
G1 F608.6 X131.935 Y108.39 E0
G1 F605.2 X131.934 Y108.38 E0
G1 F600 X131.933 Y108.37 E0
G1 F596.6 X131.931 Y108.36 E0
G1 F591.6 X131.93 Y108.35 E0
G1 F588.3 X131.929 Y108.34 E0
G1 F583.4 X131.928 Y108.33 E0
G1 F578.6 X131.926 Y108.32 E0
G1 F575.5 X131.925 Y108.31 E0
G1 F570.8 X131.924 Y108.3 E0
G1 F567.7 X131.922 Y108.291 E0
G1 F563.2 X131.921 Y108.281 E0
G1 F558.7 X131.92 Y108.271 E0
G1 F555.8 X131.919 Y108.261 E0
G1 F551.4 X131.917 Y108.251 E0
G1 F548.6 X131.916 Y108.241 E0
G1 F544.3 X131.915 Y108.231 E0
G1 F541.5 X131.913 Y108.221 E0
G1 F537.4 X131.912 Y108.211 E0
G1 F533.3 X131.911 Y108.201 E0
G1 F530.7 X131.91 Y108.191 E0
G1 F528 X131.908 Y103.088 E0.00255
G1 X126.81 Y103.088 E0.00254
G1 F530.7 X126.801 Y103.087 E0
G1 F534.7 X126.791 Y103.085 E0.00001
G1 F538.8 X126.781 Y103.084 E0
G1 F542.9 X126.771 Y103.082 E0
G1 F548.6 X126.761 Y103.081 E0
G1 F552.9 X126.751 Y103.079 E0
G1 F557.3 X126.741 Y103.077 E0
G1 F561.7 X126.731 Y103.076 E0
G1 F566.2 X126.722 Y103.074 E0
G1 F570.8 X126.712 Y103.073 E0
G1 F575.5 X126.702 Y103.071 E0
G1 F581.8 X126.692 Y103.07 E0
G1 F586.7 X126.682 Y103.068 E0
G1 F591.6 X126.672 Y103.066 E0
G1 F596.6 X126.662 Y103.065 E0
G1 F601.7 X126.652 Y103.063 E0
G1 F606.9 X126.642 Y103.062 E0
G1 F612.2 X126.633 Y103.06 E0
G1 F619.4 X126.623 Y103.059 E0
G1 F624.9 X126.613 Y103.057 E0
G1 F630.4 X126.603 Y103.055 E0
G1 F636.1 X126.593 Y103.054 E0
G1 F641.9 X126.583 Y103.052 E0
G1 F647.9 X126.573 Y103.051 E0
G1 F653.9 X126.563 Y103.049 E0
G1 F662.1 X126.554 Y103.048 E0
G1 F668.4 X126.544 Y103.046 E0
G1 F674.8 X126.534 Y103.044 E0
G1 F681.3 X126.524 Y103.043 E0
G1 F687.9 X126.514 Y103.041 E0
G1 F694.7 X126.504 Y103.04 E0
G1 F701.7 X126.494 Y103.038 E0
G1 F711.1 X126.484 Y103.037 E0
G1 F718.4 X126.474 Y103.035 E0
G1 F725.8 X126.465 Y103.033 E0
G1 F733.3 X126.455 Y103.032 E0
G1 F741.1 X126.445 Y103.03 E0
G1 F748.9 X126.435 Y103.029 E0
G1 F757 X126.425 Y103.027 E0
G1 F768 X126.415 Y103.026 E0
G1 F776.5 X126.405 Y103.024 E0
G1 F785.1 X126.395 Y103.022 E0
G1 F794 X126.385 Y103.021 E0
G1 F806.1 X126.37 Y103.018 E0
G1 F818.6 X126.356 Y103.016 E0
G1 F834.8 X126.343 Y103.013 E0
G1 F844.8 X126.333 Y103.013 E0
G1 F848.2 X126.323 Y103.013 E0
G1 F851.6 X126.313 Y103.012 E0
G1 X126.303 Y103.012 E0
G1 F855.1 X126.293 Y103.011 E0
G1 F858.5 X126.283 Y103.011 E0
G1 F862 X126.273 Y103.011 E0
G1 F865.6 X126.263 Y103.01 E0
G1 F869.1 X126.253 Y103.01 E0
G1 F872.7 X126.243 Y103.009 E0
G1 X126.233 Y103.009 E0
G1 F876.3 X126.223 Y103.009 E0
G1 F880 X126.213 Y103.008 E0
G1 F883.7 X126.203 Y103.008 E0
G1 F887.4 X126.193 Y103.007 E0
G1 F891.1 X126.183 Y103.007 E0
G1 F894.9 X126.173 Y103.007 E0
G1 X126.163 Y103.006 E0
G1 F898.7 X126.153 Y103.006 E0
G1 F902.6 X126.143 Y103.005 E0
G1 F906.4 X126.133 Y103.005 E0
G1 F910.3 X126.123 Y103.004 E0
G1 F914.3 X126.113 Y103.004 E0
G1 F918.3 X126.103 Y103.004 E0
G1 X126.093 Y103.003 E0
G1 F922.3 X126.083 Y103.003 E0
G1 F926.3 X126.073 Y103.002 E0
G1 F930.4 X126.063 Y103.002 E0
G1 F934.5 X126.053 Y103.002 E0
G1 F938.7 X126.043 Y103.001 E0
G1 F942.9 X126.033 Y103.001 E0
G1 X126.023 Y103 E0
G1 F947.1 X126.013 Y103 E0
G1 F951.4 X126.003 Y103 E0
G1 F955.7 X125.993 Y102.999 E0
G1 F960 X125.983 Y102.999 E0
G1 F964.4 X125.973 Y102.998 E0
G1 F968.8 X125.963 Y102.998 E0
G1 X125.953 Y102.997 E0
G1 F973.3 X125.943 Y102.997 E0
G1 F977.8 X125.933 Y102.997 E0
G1 F986.9 X125.881 Y102.994 E0.00001
G1 F996.2 X125.871 Y102.994 E0
G1 X125.861 Y102.994 E0
G1 F1000.9 X125.851 Y102.994 E0
G1 X125.841 Y102.994 E0
G1 X125.831 Y102.993 E0
G1 F1005.7 X125.821 Y102.993 E0
G1 X125.811 Y102.993 E0
G1 F1010.5 X125.801 Y102.993 E0
G1 X125.791 Y102.993 E0
G1 F1015.4 X125.781 Y102.992 E0
G1 X125.771 Y102.992 E0
G1 F1020.3 X125.761 Y102.992 E0
G1 X125.751 Y102.992 E0
G1 X125.741 Y102.991 E0
G1 F1025.2 X125.731 Y102.991 E0
G1 X125.721 Y102.991 E0
G1 F1030.2 X125.711 Y102.991 E0
G1 X125.701 Y102.991 E0
G1 F1035.3 X125.691 Y102.99 E0
G1 X125.681 Y102.99 E0
G1 X125.671 Y102.99 E0
G1 F1040.4 X125.661 Y102.99 E0
G1 X125.651 Y102.99 E0
G1 F1045.5 X125.641 Y102.989 E0
G1 X125.631 Y102.989 E0
G1 F1050.7 X125.621 Y102.989 E0
G1 X125.611 Y102.989 E0
G1 X125.601 Y102.988 E0
G1 F1056 X125.591 Y102.988 E0
G1 X125.581 Y102.988 E0
G1 F1061.3 X125.571 Y102.988 E0
G1 X125.561 Y102.988 E0
G1 F1066.7 X125.551 Y102.987 E0
G1 X125.541 Y102.987 E0
G1 F1072.1 X125.531 Y102.987 E0
G1 X125.521 Y102.987 E0
G1 X125.511 Y102.987 E0
G1 F1077.6 X125.501 Y102.986 E0
G1 X125.491 Y102.986 E0
G1 F1083.1 X125.481 Y102.986 E0
G1 X125.471 Y102.986 E0
G1 F1088.7 X125.461 Y102.985 E0
G1 X125.451 Y102.985 E0
G1 X125.441 Y102.985 E0
G1 F1094.3 X125.431 Y102.985 E0
G1 X125.421 Y102.985 E0
G1 F1100 X125.411 Y102.984 E0
G1 X125.401 Y102.984 E0
G1 F1105.8 X125.391 Y102.984 E0
G1 X125.381 Y102.984 E0
G1 F1111.6 X125.371 Y102.984 E0
G1 X125.361 Y102.983 E0
G1 X125.351 Y102.983 E0
G1 F1117.5 X125.341 Y102.983 E0
G1 X125.331 Y102.983 E0
G1 F1123.4 X125.257 Y102.982 E0.00002
G1 X125.191 Y102.982 E0.00002
G1 F1129.4 X125.125 Y102.982 E0.00002
G1 F1135.5 X125.059 Y102.982 E0.00002
G1 X124.993 Y102.982 E0.00002
G1 X124.961 Y102.981 E0.00001
G1 X124.937 Y102.981 E0.00001
G1 X124.913 Y102.981 E0.00001
G1 F1129.4 X124.889 Y102.981 E0.00001
G1 X124.865 Y102.981 E0.00001
G1 F1123.4 X124.841 Y102.982 E0.00001
G1 X124.817 Y102.982 E0.00001
G1 F1117.5 X124.793 Y102.982 E0.00001
G1 X124.769 Y102.982 E0.00001
G1 F1111.6 X124.745 Y102.983 E0.00001
G1 X124.721 Y102.983 E0.00001
G1 X124.697 Y102.983 E0.00001
G1 F1105.8 X124.673 Y102.983 E0.00001
G1 X124.649 Y102.984 E0.00001
G1 F1100 X124.625 Y102.984 E0.00001
G1 X124.601 Y102.984 E0.00001
G1 F1094.3 X124.577 Y102.984 E0.00001
G1 X124.553 Y102.984 E0.00001
G1 F1088.7 X124.522 Y102.985 E0.00001
G1 F1083.1 X124.506 Y102.985 E0
G1 F1077.6 X124.49 Y102.985 E0
G1 X124.474 Y102.986 E0
G1 F1072.1 X124.458 Y102.986 E0
G1 F1066.7 X124.442 Y102.986 E0
G1 X124.426 Y102.987 E0
G1 F1061.3 X124.41 Y102.987 E0
G1 F1056 X124.394 Y102.987 E0
G1 X124.378 Y102.988 E0
G1 F1050.7 X124.362 Y102.988 E0
G1 F1045.5 X124.346 Y102.988 E0
G1 X124.33 Y102.989 E0
G1 F1040.4 X124.314 Y102.989 E0
G1 F1035.3 X124.298 Y102.989 E0
G1 X124.282 Y102.99 E0
G1 F1030.2 X124.266 Y102.99 E0
G1 F1025.2 X124.25 Y102.99 E0
G1 X124.234 Y102.991 E0
G1 F1015.4 X124.198 Y102.993 E0.00001
G1 F1005.7 X124.188 Y102.993 E0
G1 F1000.9 X124.178 Y102.993 E0
G1 X124.168 Y102.994 E0
G1 F996.2 X124.158 Y102.994 E0
G1 F991.5 X124.148 Y102.994 E0
G1 F986.9 X124.138 Y102.995 E0
G1 X124.128 Y102.995 E0
G1 F982.3 X124.118 Y102.995 E0
G1 F977.8 X124.108 Y102.996 E0
G1 F973.3 X124.098 Y102.996 E0
G1 X124.088 Y102.997 E0
G1 F968.8 X124.078 Y102.997 E0
G1 F964.4 X124.068 Y102.997 E0
G1 F960 X124.058 Y102.998 E0
G1 X124.048 Y102.998 E0
G1 F955.7 X124.038 Y102.998 E0
G1 F951.4 X124.028 Y102.999 E0
G1 F947.1 X124.018 Y102.999 E0
G1 X124.008 Y102.999 E0
G1 F942.9 X123.998 Y103 E0
G1 F938.7 X123.988 Y103 E0
G1 F934.5 X123.978 Y103.001 E0
G1 X123.968 Y103.001 E0
G1 F930.4 X123.958 Y103.001 E0
G1 F926.3 X123.948 Y103.002 E0
G1 F922.3 X123.938 Y103.002 E0
G1 X123.928 Y103.002 E0
G1 F918.3 X123.918 Y103.003 E0
G1 F914.3 X123.908 Y103.003 E0
G1 F910.3 X123.898 Y103.004 E0
G1 X123.888 Y103.004 E0
G1 F906.4 X123.878 Y103.004 E0
G1 F902.6 X123.868 Y103.005 E0
G1 F898.7 X123.858 Y103.005 E0
G1 X123.848 Y103.005 E0
G1 F894.9 X123.838 Y103.006 E0
G1 F891.1 X123.828 Y103.006 E0
G1 F887.4 X123.818 Y103.006 E0
G1 X123.808 Y103.007 E0
G1 F883.7 X123.798 Y103.007 E0
G1 F876.3 X123.749 Y103.009 E0.00001
G1 F865.6 X123.74 Y103.01 E0
G1 F855.1 X123.73 Y103.012 E0
G1 F844.8 X123.72 Y103.013 E0
G1 F834.8 X123.71 Y103.015 E0
G1 F821.8 X123.7 Y103.016 E0
G1 F812.3 X123.69 Y103.018 E0
G1 F803 X123.68 Y103.02 E0
G1 F794 X123.67 Y103.021 E0
G1 F785.1 X123.661 Y103.023 E0
G1 F776.5 X123.651 Y103.024 E0
G1 F768 X123.641 Y103.026 E0
G1 F757 X123.631 Y103.028 E0
G1 F748.9 X123.621 Y103.029 E0
G1 F741.1 X123.611 Y103.031 E0
G1 F733.3 X123.601 Y103.032 E0
G1 F725.8 X123.591 Y103.034 E0
G1 F718.4 X123.582 Y103.036 E0
G1 F711.1 X123.572 Y103.037 E0
G1 F701.7 X123.562 Y103.039 E0
G1 F694.7 X123.552 Y103.04 E0
G1 F687.9 X123.542 Y103.042 E0
G1 F681.3 X123.532 Y103.044 E0
G1 F674.8 X123.522 Y103.045 E0
G1 F668.4 X123.512 Y103.047 E0
G1 F662.1 X123.502 Y103.048 E0
G1 F653.9 X123.493 Y103.05 E0
G1 F647.9 X123.483 Y103.052 E0
G1 F641.9 X123.473 Y103.053 E0
G1 F636.1 X123.463 Y103.055 E0
G1 F630.4 X123.453 Y103.056 E0
G1 F624.9 X123.443 Y103.058 E0
G1 F619.4 X123.433 Y103.06 E0
G1 F612.2 X123.423 Y103.061 E0
G1 F606.9 X123.414 Y103.063 E0
G1 F601.7 X123.404 Y103.064 E0
G1 F596.6 X123.394 Y103.066 E0
G1 F591.6 X123.384 Y103.068 E0
G1 F586.7 X123.374 Y103.069 E0
G1 F581.8 X123.364 Y103.071 E0
G1 F575.5 X123.354 Y103.072 E0
G1 F570.8 X123.344 Y103.074 E0
G1 F566.2 X123.335 Y103.076 E0
G1 F561.7 X123.325 Y103.077 E0
G1 F557.3 X123.315 Y103.079 E0
G1 F552.9 X123.305 Y103.08 E0
G1 F548.6 X123.295 Y103.082 E0
G1 F542.9 X123.285 Y103.084 E0
G1 F538.8 X123.275 Y103.085 E0
G1 F534.7 X123.265 Y103.087 E0.00001
G1 F530.7 X123.255 Y103.088 E0
G1 F528 X111.81 Y103.088 E0.00571
G1 F530.7 X111.801 Y103.087 E0
G1 F534.7 X111.791 Y103.085 E0.00001
G1 F538.8 X111.781 Y103.084 E0
G1 F542.9 X111.771 Y103.082 E0
G1 F548.6 X111.761 Y103.081 E0
G1 F552.9 X111.751 Y103.079 E0
G1 F557.3 X111.741 Y103.077 E0
G1 F561.7 X111.731 Y103.076 E0
G1 F566.2 X111.722 Y103.074 E0
G1 F570.8 X111.712 Y103.073 E0
G1 F575.5 X111.702 Y103.071 E0
G1 F581.8 X111.692 Y103.07 E0
G1 F586.7 X111.682 Y103.068 E0
G1 F591.6 X111.672 Y103.066 E0
G1 F596.6 X111.662 Y103.065 E0
G1 F601.7 X111.652 Y103.063 E0
G1 F606.9 X111.642 Y103.062 E0
G1 F612.2 X111.633 Y103.06 E0
G1 F619.4 X111.623 Y103.059 E0
G1 F624.9 X111.613 Y103.057 E0
G1 F630.4 X111.603 Y103.055 E0
G1 F636.1 X111.593 Y103.054 E0
G1 F641.9 X111.583 Y103.052 E0
G1 F647.9 X111.573 Y103.051 E0
G1 F653.9 X111.563 Y103.049 E0
G1 F662.1 X111.554 Y103.048 E0
G1 F668.4 X111.544 Y103.046 E0
G1 F674.8 X111.534 Y103.044 E0
G1 F681.3 X111.524 Y103.043 E0
G1 F687.9 X111.514 Y103.041 E0
G1 F694.7 X111.504 Y103.04 E0
G1 F701.7 X111.494 Y103.038 E0
G1 F711.1 X111.484 Y103.037 E0
G1 F718.4 X111.474 Y103.035 E0
G1 F725.8 X111.465 Y103.033 E0
G1 F733.3 X111.455 Y103.032 E0
G1 F741.1 X111.445 Y103.03 E0
G1 F748.9 X111.435 Y103.029 E0
G1 F757 X111.425 Y103.027 E0
G1 F768 X111.415 Y103.026 E0
G1 F776.5 X111.405 Y103.024 E0
G1 F785.1 X111.395 Y103.022 E0
G1 F794 X111.385 Y103.021 E0
G1 F806.1 X111.37 Y103.018 E0
G1 F818.6 X111.356 Y103.016 E0
G1 F834.8 X111.343 Y103.013 E0
G1 F844.8 X111.333 Y103.013 E0
G1 F848.2 X111.323 Y103.013 E0
G1 F851.6 X111.313 Y103.012 E0
G1 X111.303 Y103.012 E0
G1 F855.1 X111.293 Y103.011 E0
G1 F858.5 X111.283 Y103.011 E0
G1 F862 X111.273 Y103.011 E0
G1 F865.6 X111.263 Y103.01 E0
G1 F869.1 X111.253 Y103.01 E0
G1 F872.7 X111.243 Y103.009 E0
G1 X111.233 Y103.009 E0
G1 F876.3 X111.223 Y103.009 E0
G1 F880 X111.213 Y103.008 E0
G1 F883.7 X111.203 Y103.008 E0
G1 F887.4 X111.193 Y103.007 E0
G1 F891.1 X111.183 Y103.007 E0
G1 F894.9 X111.173 Y103.007 E0
G1 X111.163 Y103.006 E0
G1 F898.7 X111.153 Y103.006 E0
G1 F902.6 X111.143 Y103.005 E0
G1 F906.4 X111.133 Y103.005 E0
G1 F910.3 X111.123 Y103.004 E0
G1 F914.3 X111.113 Y103.004 E0
G1 F918.3 X111.103 Y103.004 E0
G1 X111.093 Y103.003 E0
G1 F922.3 X111.083 Y103.003 E0
G1 F926.3 X111.073 Y103.002 E0
G1 F930.4 X111.063 Y103.002 E0
G1 F934.5 X111.053 Y103.002 E0
G1 F938.7 X111.043 Y103.001 E0
G1 F942.9 X111.033 Y103.001 E0
G1 X111.023 Y103 E0
G1 F947.1 X111.013 Y103 E0
G1 F951.4 X111.003 Y103 E0
G1 F955.7 X110.993 Y102.999 E0
G1 F960 X110.983 Y102.999 E0
G1 F964.4 X110.973 Y102.998 E0
G1 F968.8 X110.963 Y102.998 E0
G1 X110.953 Y102.997 E0
G1 F973.3 X110.943 Y102.997 E0
G1 F977.8 X110.933 Y102.997 E0
G1 F986.9 X110.881 Y102.994 E0.00001
G1 F996.2 X110.871 Y102.994 E0
G1 X110.861 Y102.994 E0
G1 F1000.9 X110.851 Y102.994 E0
G1 X110.841 Y102.994 E0
G1 X110.831 Y102.993 E0
G1 F1005.7 X110.821 Y102.993 E0
G1 X110.811 Y102.993 E0
G1 F1010.5 X110.801 Y102.993 E0
G1 X110.791 Y102.993 E0
G1 F1015.4 X110.781 Y102.992 E0
G1 X110.771 Y102.992 E0
G1 F1020.3 X110.761 Y102.992 E0
G1 X110.751 Y102.992 E0
G1 X110.741 Y102.991 E0
G1 F1025.2 X110.731 Y102.991 E0
G1 X110.721 Y102.991 E0
G1 F1030.2 X110.711 Y102.991 E0
G1 X110.701 Y102.991 E0
G1 F1035.3 X110.691 Y102.99 E0
G1 X110.681 Y102.99 E0
G1 X110.671 Y102.99 E0
G1 F1040.4 X110.661 Y102.99 E0
G1 X110.651 Y102.99 E0
G1 F1045.5 X110.641 Y102.989 E0
G1 X110.631 Y102.989 E0
G1 F1050.7 X110.621 Y102.989 E0
G1 X110.611 Y102.989 E0
G1 X110.601 Y102.988 E0
G1 F1056 X110.591 Y102.988 E0
G1 X110.581 Y102.988 E0
G1 F1061.3 X110.571 Y102.988 E0
G1 X110.561 Y102.988 E0
G1 F1066.7 X110.551 Y102.987 E0
G1 X110.541 Y102.987 E0
G1 F1072.1 X110.531 Y102.987 E0
G1 X110.521 Y102.987 E0
G1 X110.511 Y102.987 E0
G1 F1077.6 X110.501 Y102.986 E0
G1 X110.491 Y102.986 E0
G1 F1083.1 X110.481 Y102.986 E0
G1 X110.471 Y102.986 E0
G1 F1088.7 X110.461 Y102.985 E0
G1 X110.451 Y102.985 E0
G1 X110.441 Y102.985 E0
G1 F1094.3 X110.431 Y102.985 E0
G1 X110.421 Y102.985 E0
G1 F1100 X110.411 Y102.984 E0
G1 X110.401 Y102.984 E0
G1 F1105.8 X110.391 Y102.984 E0
G1 X110.381 Y102.984 E0
G1 F1111.6 X110.371 Y102.984 E0
G1 X110.361 Y102.983 E0
G1 X110.351 Y102.983 E0
G1 F1117.5 X110.341 Y102.983 E0
G1 X110.331 Y102.983 E0
G1 F1123.4 X110.257 Y102.982 E0.00002
G1 X110.191 Y102.982 E0.00002
G1 F1129.4 X110.125 Y102.982 E0.00002
G1 F1135.5 X110.059 Y102.982 E0.00002
G1 X109.993 Y102.982 E0.00002
G1 X109.961 Y102.981 E0.00001
G1 X109.937 Y102.981 E0.00001
G1 X109.913 Y102.981 E0.00001
G1 F1129.4 X109.889 Y102.981 E0.00001
G1 X109.865 Y102.981 E0.00001
G1 F1123.4 X109.841 Y102.982 E0.00001
G1 X109.817 Y102.982 E0.00001
G1 F1117.5 X109.793 Y102.982 E0.00001
G1 X109.769 Y102.982 E0.00001
G1 F1111.6 X109.745 Y102.983 E0.00001
G1 X109.721 Y102.983 E0.00001
G1 X109.697 Y102.983 E0.00001
G1 F1105.8 X109.673 Y102.983 E0.00001
G1 X109.649 Y102.984 E0.00001
G1 F1100 X109.625 Y102.984 E0.00001
G1 X109.601 Y102.984 E0.00001
G1 F1094.3 X109.577 Y102.984 E0.00001
G1 X109.553 Y102.984 E0.00001
G1 F1088.7 X109.522 Y102.985 E0.00001
G1 F1083.1 X109.506 Y102.985 E0
G1 F1077.6 X109.49 Y102.985 E0
G1 X109.474 Y102.986 E0
G1 F1072.1 X109.458 Y102.986 E0
G1 F1066.7 X109.442 Y102.986 E0
G1 X109.426 Y102.987 E0
G1 F1061.3 X109.41 Y102.987 E0
G1 F1056 X109.394 Y102.987 E0
G1 X109.378 Y102.988 E0
G1 F1050.7 X109.362 Y102.988 E0
G1 F1045.5 X109.346 Y102.988 E0
G1 X109.33 Y102.989 E0
G1 F1040.4 X109.314 Y102.989 E0
G1 F1035.3 X109.298 Y102.989 E0
G1 X109.282 Y102.99 E0
G1 F1030.2 X109.266 Y102.99 E0
G1 F1025.2 X109.25 Y102.99 E0
G1 X109.234 Y102.991 E0
G1 F1015.4 X109.198 Y102.993 E0.00001
G1 F1005.7 X109.188 Y102.993 E0
G1 F1000.9 X109.178 Y102.993 E0
G1 X109.168 Y102.994 E0
G1 F996.2 X109.158 Y102.994 E0
G1 F991.5 X109.148 Y102.994 E0
G1 F986.9 X109.138 Y102.995 E0
G1 X109.128 Y102.995 E0
G1 F982.3 X109.118 Y102.995 E0
G1 F977.8 X109.108 Y102.996 E0
G1 F973.3 X109.098 Y102.996 E0
G1 X109.088 Y102.997 E0
G1 F968.8 X109.078 Y102.997 E0
G1 F964.4 X109.068 Y102.997 E0
G1 F960 X109.058 Y102.998 E0
G1 X109.048 Y102.998 E0
G1 F955.7 X109.038 Y102.998 E0
G1 F951.4 X109.028 Y102.999 E0
G1 F947.1 X109.018 Y102.999 E0
G1 X109.008 Y102.999 E0
G1 F942.9 X108.998 Y103 E0
G1 F938.7 X108.988 Y103 E0
G1 F934.5 X108.978 Y103.001 E0
G1 X108.968 Y103.001 E0
G1 F930.4 X108.958 Y103.001 E0
G1 F926.3 X108.948 Y103.002 E0
G1 F922.3 X108.938 Y103.002 E0
G1 X108.928 Y103.002 E0
G1 F918.3 X108.918 Y103.003 E0
G1 F914.3 X108.908 Y103.003 E0
G1 F910.3 X108.898 Y103.004 E0
G1 X108.888 Y103.004 E0
G1 F906.4 X108.878 Y103.004 E0
G1 F902.6 X108.868 Y103.005 E0
G1 F898.7 X108.858 Y103.005 E0
G1 X108.848 Y103.005 E0
G1 F894.9 X108.838 Y103.006 E0
G1 F891.1 X108.828 Y103.006 E0
G1 F887.4 X108.818 Y103.006 E0
G1 X108.808 Y103.007 E0
G1 F883.7 X108.798 Y103.007 E0
G1 F872.7 X108.746 Y103.01 E0.00002
G1 F862 X108.737 Y103.011 E0
G1 F851.6 X108.727 Y103.012 E0
G1 F844.8 X108.717 Y103.014 E0
G1 F834.8 X108.707 Y103.015 E0
G1 F825 X108.697 Y103.016 E0
G1 F815.4 X108.687 Y103.018 E0
G1 F806.1 X108.677 Y103.019 E0
G1 F800 X108.667 Y103.021 E0
G1 F791 X108.657 Y103.022 E0
G1 F782.2 X108.647 Y103.023 E0
G1 F773.6 X108.637 Y103.025 E0
G1 F765.2 X108.628 Y103.026 E0
G1 F759.7 X108.618 Y103.027 E0
G1 F751.6 X108.608 Y103.029 E0
G1 F743.7 X108.598 Y103.03 E0
G1 F735.9 X108.588 Y103.032 E0
G1 F730.8 X108.578 Y103.033 E0
G1 F723.3 X108.568 Y103.034 E0
G1 F715.9 X108.558 Y103.036 E0
G1 F708.7 X108.548 Y103.037 E0
G1 F701.7 X108.538 Y103.038 E0
G1 F697 X108.528 Y103.04 E0
G1 F690.2 X108.519 Y103.041 E0
G1 F683.5 X108.509 Y103.043 E0
G1 F676.9 X108.499 Y103.044 E0
G1 F670.5 X108.489 Y103.045 E0
G1 F666.2 X108.479 Y103.047 E0
G1 F660 X108.469 Y103.048 E0
G1 F653.9 X108.459 Y103.049 E0
G1 F647.9 X108.449 Y103.051 E0
G1 F643.9 X108.439 Y103.052 E0
G1 F638.1 X108.429 Y103.054 E0
G1 F632.3 X108.419 Y103.055 E0
G1 F626.7 X108.41 Y103.056 E0
G1 F621.2 X108.4 Y103.058 E0
G1 F617.5 X108.39 Y103.059 E0
G1 F612.2 X108.38 Y103.06 E0
G1 F606.9 X108.37 Y103.062 E0
G1 F601.7 X108.36 Y103.063 E0
G1 F596.6 X108.35 Y103.065 E0
G1 F593.3 X108.34 Y103.066 E0
G1 F588.3 X108.33 Y103.067 E0
G1 F583.4 X108.32 Y103.069 E0
G1 F578.6 X108.31 Y103.07 E0
G1 F575.5 X108.3 Y103.072 E0
G1 F570.8 X108.291 Y103.073 E0
G1 F566.2 X108.281 Y103.074 E0
G1 F561.7 X108.271 Y103.076 E0
G1 F557.3 X108.261 Y103.077 E0
G1 F554.3 X108.251 Y103.078 E0
G1 F550 X108.241 Y103.08 E0
G1 F545.7 X108.231 Y103.081 E0
G1 F541.5 X108.221 Y103.083 E0
G1 F537.4 X108.211 Y103.084 E0
G1 F534.7 X108.201 Y103.085 E0
G1 F530.7 X108.191 Y103.087 E0.00001
G1 F528 X96.81 Y103.088 E0.00568
G1 F530.7 X96.801 Y103.087 E0
G1 F534.7 X96.791 Y103.085 E0.00001
G1 F538.8 X96.781 Y103.084 E0
G1 F542.9 X96.771 Y103.082 E0
G1 F548.6 X96.761 Y103.081 E0
G1 F552.9 X96.751 Y103.079 E0
G1 F557.3 X96.741 Y103.077 E0
G1 F561.7 X96.731 Y103.076 E0
G1 F566.2 X96.722 Y103.074 E0
G1 F570.8 X96.712 Y103.073 E0
G1 F575.5 X96.702 Y103.071 E0
G1 F581.8 X96.692 Y103.07 E0
G1 F586.7 X96.682 Y103.068 E0
G1 F591.6 X96.672 Y103.066 E0
G1 F596.6 X96.662 Y103.065 E0
G1 F601.7 X96.652 Y103.063 E0
G1 F606.9 X96.642 Y103.062 E0
G1 F612.2 X96.633 Y103.06 E0
G1 F619.4 X96.623 Y103.059 E0
G1 F624.9 X96.613 Y103.057 E0
G1 F630.4 X96.603 Y103.055 E0
G1 F636.1 X96.593 Y103.054 E0
G1 F641.9 X96.583 Y103.052 E0
G1 F647.9 X96.573 Y103.051 E0
G1 F653.9 X96.563 Y103.049 E0
G1 F662.1 X96.554 Y103.048 E0
G1 F668.4 X96.544 Y103.046 E0
G1 F674.8 X96.534 Y103.044 E0
G1 F681.3 X96.524 Y103.043 E0
G1 F687.9 X96.514 Y103.041 E0
G1 F694.7 X96.504 Y103.04 E0
G1 F701.7 X96.494 Y103.038 E0
G1 F711.1 X96.484 Y103.037 E0
G1 F718.4 X96.474 Y103.035 E0
G1 F725.8 X96.465 Y103.033 E0
G1 F733.3 X96.455 Y103.032 E0
G1 F741.1 X96.445 Y103.03 E0
G1 F748.9 X96.435 Y103.029 E0
G1 F757 X96.425 Y103.027 E0
G1 F768 X96.415 Y103.026 E0
G1 F776.5 X96.405 Y103.024 E0
G1 F785.1 X96.395 Y103.022 E0
G1 F794 X96.385 Y103.021 E0
G1 F806.1 X96.37 Y103.018 E0
G1 F818.6 X96.356 Y103.016 E0
G1 F834.8 X96.343 Y103.013 E0
G1 F844.8 X96.333 Y103.013 E0
G1 F848.2 X96.323 Y103.013 E0
G1 F851.6 X96.313 Y103.012 E0
G1 X96.303 Y103.012 E0
G1 F855.1 X96.293 Y103.011 E0
G1 F858.5 X96.283 Y103.011 E0
G1 F862 X96.273 Y103.011 E0
G1 F865.6 X96.263 Y103.01 E0
G1 F869.1 X96.253 Y103.01 E0
G1 F872.7 X96.243 Y103.009 E0
G1 X96.233 Y103.009 E0
G1 F876.3 X96.223 Y103.009 E0
G1 F880 X96.213 Y103.008 E0
G1 F883.7 X96.203 Y103.008 E0
G1 F887.4 X96.193 Y103.007 E0
G1 F891.1 X96.183 Y103.007 E0
G1 F894.9 X96.173 Y103.007 E0
G1 X96.163 Y103.006 E0
G1 F898.7 X96.153 Y103.006 E0
G1 F902.6 X96.143 Y103.005 E0
G1 F906.4 X96.133 Y103.005 E0
G1 F910.3 X96.123 Y103.004 E0
G1 F914.3 X96.113 Y103.004 E0
G1 F918.3 X96.103 Y103.004 E0
G1 X96.093 Y103.003 E0
G1 F922.3 X96.083 Y103.003 E0
G1 F926.3 X96.073 Y103.002 E0
G1 F930.4 X96.063 Y103.002 E0
G1 F934.5 X96.053 Y103.002 E0
G1 F938.7 X96.043 Y103.001 E0
G1 F942.9 X96.033 Y103.001 E0
G1 X96.023 Y103 E0
G1 F947.1 X96.013 Y103 E0
G1 F951.4 X96.003 Y103 E0
G1 F955.7 X95.993 Y102.999 E0
G1 F960 X95.983 Y102.999 E0
G1 F964.4 X95.973 Y102.998 E0
G1 F968.8 X95.963 Y102.998 E0
G1 X95.953 Y102.997 E0
G1 F973.3 X95.943 Y102.997 E0
G1 F977.8 X95.933 Y102.997 E0
G1 F986.9 X95.881 Y102.994 E0.00001
G1 F996.2 X95.871 Y102.994 E0
G1 X95.861 Y102.994 E0
G1 F1000.9 X95.851 Y102.994 E0
G1 X95.841 Y102.994 E0
G1 X95.831 Y102.993 E0
G1 F1005.7 X95.821 Y102.993 E0
G1 X95.811 Y102.993 E0
G1 F1010.5 X95.801 Y102.993 E0
G1 X95.791 Y102.993 E0
G1 F1015.4 X95.781 Y102.992 E0
G1 X95.771 Y102.992 E0
G1 F1020.3 X95.761 Y102.992 E0
G1 X95.751 Y102.992 E0
G1 X95.741 Y102.991 E0
G1 F1025.2 X95.731 Y102.991 E0
G1 X95.721 Y102.991 E0
G1 F1030.2 X95.711 Y102.991 E0
G1 X95.701 Y102.991 E0
G1 F1035.3 X95.691 Y102.99 E0
G1 X95.681 Y102.99 E0
G1 X95.671 Y102.99 E0
G1 F1040.4 X95.661 Y102.99 E0
G1 X95.651 Y102.99 E0
G1 F1045.5 X95.641 Y102.989 E0
G1 X95.631 Y102.989 E0
G1 F1050.7 X95.621 Y102.989 E0
G1 X95.611 Y102.989 E0
G1 X95.601 Y102.988 E0
G1 F1056 X95.591 Y102.988 E0
G1 X95.581 Y102.988 E0
G1 F1061.3 X95.571 Y102.988 E0
G1 X95.561 Y102.988 E0
G1 F1066.7 X95.551 Y102.987 E0
G1 X95.541 Y102.987 E0
G1 F1072.1 X95.531 Y102.987 E0
G1 X95.521 Y102.987 E0
G1 X95.511 Y102.987 E0
G1 F1077.6 X95.501 Y102.986 E0
G1 X95.491 Y102.986 E0
G1 F1083.1 X95.481 Y102.986 E0
G1 X95.471 Y102.986 E0
G1 F1088.7 X95.461 Y102.985 E0
G1 X95.451 Y102.985 E0
G1 X95.441 Y102.985 E0
G1 F1094.3 X95.431 Y102.985 E0
G1 X95.421 Y102.985 E0
G1 F1100 X95.411 Y102.984 E0
G1 X95.401 Y102.984 E0
G1 F1105.8 X95.391 Y102.984 E0
G1 X95.381 Y102.984 E0
G1 F1111.6 X95.371 Y102.984 E0
G1 X95.361 Y102.983 E0
G1 X95.351 Y102.983 E0
G1 F1117.5 X95.341 Y102.983 E0
G1 X95.331 Y102.983 E0
G1 F1123.4 X95.257 Y102.982 E0.00002
G1 X95.191 Y102.982 E0.00002
G1 F1129.4 X95.125 Y102.982 E0.00002
G1 F1135.5 X95.059 Y102.982 E0.00002
G1 X94.993 Y102.982 E0.00002
G1 X94.961 Y102.981 E0.00001
G1 X94.937 Y102.981 E0.00001
G1 X94.913 Y102.981 E0.00001
G1 F1129.4 X94.889 Y102.981 E0.00001
G1 X94.865 Y102.981 E0.00001
G1 F1123.4 X94.841 Y102.982 E0.00001
G1 X94.817 Y102.982 E0.00001
G1 F1117.5 X94.793 Y102.982 E0.00001
G1 X94.769 Y102.982 E0.00001
G1 F1111.6 X94.745 Y102.983 E0.00001
G1 X94.721 Y102.983 E0.00001
G1 X94.697 Y102.983 E0.00001
G1 F1105.8 X94.673 Y102.983 E0.00001
G1 X94.649 Y102.984 E0.00001
G1 F1100 X94.625 Y102.984 E0.00001
G1 X94.601 Y102.984 E0.00001
G1 F1094.3 X94.577 Y102.984 E0.00001
G1 X94.553 Y102.984 E0.00001
G1 F1088.7 X94.522 Y102.985 E0.00001
G1 F1083.1 X94.506 Y102.985 E0
G1 F1077.6 X94.49 Y102.985 E0
G1 X94.474 Y102.986 E0
G1 F1072.1 X94.458 Y102.986 E0
G1 F1066.7 X94.442 Y102.986 E0
G1 X94.426 Y102.987 E0
G1 F1061.3 X94.41 Y102.987 E0
G1 F1056 X94.394 Y102.987 E0
G1 X94.378 Y102.988 E0
G1 F1050.7 X94.362 Y102.988 E0
G1 F1045.5 X94.346 Y102.988 E0
G1 X94.33 Y102.989 E0
G1 F1040.4 X94.314 Y102.989 E0
G1 F1035.3 X94.298 Y102.989 E0
G1 X94.282 Y102.99 E0
G1 F1030.2 X94.266 Y102.99 E0
G1 F1025.2 X94.25 Y102.99 E0
G1 X94.234 Y102.991 E0
G1 F1015.4 X94.198 Y102.993 E0.00001
G1 F1005.7 X94.188 Y102.993 E0
G1 F1000.9 X94.178 Y102.993 E0
G1 X94.168 Y102.994 E0
G1 F996.2 X94.158 Y102.994 E0
G1 F991.5 X94.148 Y102.994 E0
G1 F986.9 X94.138 Y102.995 E0
G1 X94.128 Y102.995 E0
G1 F982.3 X94.118 Y102.995 E0
G1 F977.8 X94.108 Y102.996 E0
G1 F973.3 X94.098 Y102.996 E0
G1 X94.088 Y102.997 E0
G1 F968.8 X94.078 Y102.997 E0
G1 F964.4 X94.068 Y102.997 E0
G1 F960 X94.058 Y102.998 E0
G1 X94.048 Y102.998 E0
G1 F955.7 X94.038 Y102.998 E0
G1 F951.4 X94.028 Y102.999 E0
G1 F947.1 X94.018 Y102.999 E0
G1 X94.008 Y102.999 E0
G1 F942.9 X93.998 Y103 E0
G1 F938.7 X93.988 Y103 E0
G1 F934.5 X93.978 Y103.001 E0
G1 X93.968 Y103.001 E0
G1 F930.4 X93.958 Y103.001 E0
G1 F926.3 X93.948 Y103.002 E0
G1 F922.3 X93.938 Y103.002 E0
G1 X93.928 Y103.002 E0
G1 F918.3 X93.918 Y103.003 E0
G1 F914.3 X93.908 Y103.003 E0
G1 F910.3 X93.898 Y103.004 E0
G1 X93.888 Y103.004 E0
G1 F906.4 X93.878 Y103.004 E0
G1 F902.6 X93.868 Y103.005 E0
G1 F898.7 X93.858 Y103.005 E0
G1 X93.848 Y103.005 E0
G1 F894.9 X93.838 Y103.006 E0
G1 F891.1 X93.828 Y103.006 E0
G1 F887.4 X93.818 Y103.006 E0
G1 X93.808 Y103.007 E0
G1 F883.7 X93.798 Y103.007 E0
G1 F872.7 X93.746 Y103.01 E0.00002
G1 F862 X93.737 Y103.011 E0
G1 F851.6 X93.727 Y103.012 E0
G1 F844.8 X93.717 Y103.014 E0
G1 F834.8 X93.707 Y103.015 E0
G1 F825 X93.697 Y103.016 E0
G1 F815.4 X93.687 Y103.018 E0
G1 F806.1 X93.677 Y103.019 E0
G1 F800 X93.667 Y103.021 E0
G1 F791 X93.657 Y103.022 E0
G1 F782.2 X93.647 Y103.023 E0
G1 F773.6 X93.637 Y103.025 E0
G1 F765.2 X93.628 Y103.026 E0
G1 F759.7 X93.618 Y103.027 E0
G1 F751.6 X93.608 Y103.029 E0
G1 F743.7 X93.598 Y103.03 E0
G1 F735.9 X93.588 Y103.032 E0
G1 F730.8 X93.578 Y103.033 E0
G1 F723.3 X93.568 Y103.034 E0
G1 F715.9 X93.558 Y103.036 E0
G1 F708.7 X93.548 Y103.037 E0
G1 F701.7 X93.538 Y103.038 E0
G1 F697 X93.528 Y103.04 E0
G1 F690.2 X93.519 Y103.041 E0
G1 F683.5 X93.509 Y103.043 E0
G1 F676.9 X93.499 Y103.044 E0
G1 F670.5 X93.489 Y103.045 E0
G1 F666.2 X93.479 Y103.047 E0
G1 F660 X93.469 Y103.048 E0
G1 F653.9 X93.459 Y103.049 E0
G1 F647.9 X93.449 Y103.051 E0
G1 F643.9 X93.439 Y103.052 E0
G1 F638.1 X93.429 Y103.054 E0
G1 F632.3 X93.419 Y103.055 E0
G1 F626.7 X93.41 Y103.056 E0
G1 F621.2 X93.4 Y103.058 E0
G1 F617.5 X93.39 Y103.059 E0
G1 F612.2 X93.38 Y103.06 E0
G1 F606.9 X93.37 Y103.062 E0
G1 F601.7 X93.36 Y103.063 E0
G1 F596.6 X93.35 Y103.065 E0
G1 F593.3 X93.34 Y103.066 E0
G1 F588.3 X93.33 Y103.067 E0
G1 F583.4 X93.32 Y103.069 E0
G1 F578.6 X93.31 Y103.07 E0
G1 F575.5 X93.3 Y103.072 E0
G1 F570.8 X93.291 Y103.073 E0
G1 F566.2 X93.281 Y103.074 E0
G1 F561.7 X93.271 Y103.076 E0
G1 F557.3 X93.261 Y103.077 E0
G1 F554.3 X93.251 Y103.078 E0
G1 F550 X93.241 Y103.08 E0
G1 F545.7 X93.231 Y103.081 E0
G1 F541.5 X93.221 Y103.083 E0
G1 F537.4 X93.211 Y103.084 E0
G1 F534.7 X93.201 Y103.085 E0
G1 F530.7 X93.191 Y103.087 E0.00001
G1 F528 X88.088 Y103.088 E0.00255
G0 F24000 X88.36 Y103.36
G0 X95.299 Y103.227
G0 X96.755 Y103.451
G0 X98.057 Y103.952
G0 X98.934 Y104.504
G0 X103.135 Y107.705
G0 X103.418 Y107.79
G1 F528 X103.573 Y107.373 E0.00022
G1 X103.8 Y106.881 E0.00027
G1 X104.116 Y106.314 E0.00032
G1 X104.395 Y105.908 E0.00025
G1 X104.799 Y105.404 E0.00032
G1 X105.258 Y104.929 E0.00033
G1 X105.438 Y104.768 E0.00012
G1 X105.775 Y104.492 E0.00022
G1 X106.251 Y104.157 E0.00029
G1 X106.852 Y103.816 E0.00034
G1 X107.32 Y103.596 E0.00026
G1 X107.771 Y103.426 E0.00024
G1 X108.207 Y103.293 E0.00023
G1 F530.7 X108.216 Y103.293 E0
G1 F534.7 X108.226 Y103.292 E0
G1 F537.4 X108.236 Y103.291 E0
G1 F541.5 X108.246 Y103.29 E0
G1 F545.7 X108.256 Y103.29 E0
G1 F550 X108.266 Y103.289 E0
G1 F554.3 X108.276 Y103.288 E0
G1 F557.3 X108.286 Y103.287 E0
G1 F561.7 X108.296 Y103.287 E0
G1 F566.2 X108.306 Y103.286 E0
G1 F570.8 X108.316 Y103.285 E0
G1 F575.5 X108.326 Y103.284 E0
G1 F578.6 X108.336 Y103.284 E0
G1 F583.4 X108.346 Y103.283 E0
G1 F588.3 X108.356 Y103.282 E0
G1 F593.3 X108.366 Y103.281 E0
G1 F596.6 X108.376 Y103.281 E0
G1 F601.7 X108.386 Y103.28 E0
G1 F606.9 X108.396 Y103.279 E0
G1 F612.2 X108.406 Y103.278 E0
G1 F617.5 X108.416 Y103.278 E0
G1 F621.2 X108.426 Y103.277 E0
G1 F626.7 X108.436 Y103.276 E0
G1 F632.3 X108.446 Y103.275 E0
G1 F638.1 X108.456 Y103.275 E0
G1 F643.9 X108.466 Y103.274 E0
G1 F647.9 X108.476 Y103.273 E0
G1 F653.9 X108.486 Y103.272 E0
G1 F660 X108.495 Y103.272 E0
G1 F666.2 X108.505 Y103.271 E0
G1 F670.5 X108.515 Y103.27 E0
G1 F676.9 X108.525 Y103.269 E0
G1 F683.5 X108.535 Y103.268 E0
G1 F690.2 X108.545 Y103.268 E0
G1 F697 X108.555 Y103.267 E0
G1 F701.7 X108.565 Y103.266 E0
G1 F708.7 X108.575 Y103.265 E0
G1 F715.9 X108.585 Y103.265 E0
G1 F723.3 X108.595 Y103.264 E0
G1 F730.8 X108.605 Y103.263 E0
G1 F735.9 X108.615 Y103.262 E0
G1 F743.7 X108.625 Y103.262 E0
G1 F751.6 X108.635 Y103.261 E0
G1 F759.7 X108.645 Y103.26 E0
G1 F765.2 X108.655 Y103.259 E0
G1 F773.6 X108.665 Y103.259 E0
G1 F782.2 X108.675 Y103.258 E0
G1 F791 X108.685 Y103.257 E0
G1 F800 X108.695 Y103.256 E0
G1 F806.1 X108.705 Y103.256 E0
G1 F815.4 X108.715 Y103.255 E0
G1 F825 X108.725 Y103.254 E0
G1 F834.8 X108.735 Y103.253 E0
G1 F844.8 X108.745 Y103.253 E0
G1 F851.6 X108.755 Y103.252 E0
G1 F862 X108.765 Y103.251 E0
G1 F872.7 X108.807 Y103.245 E0.00001
G1 F883.7 X108.816 Y103.244 E0
G1 F887.4 X108.826 Y103.243 E0
G1 X108.836 Y103.242 E0
G1 F891.1 X108.846 Y103.241 E0
G1 F894.9 X108.856 Y103.24 E0
G1 F898.7 X108.866 Y103.239 E0
G1 X108.876 Y103.238 E0
G1 F902.6 X108.886 Y103.237 E0
G1 F906.4 X108.896 Y103.236 E0
G1 F910.3 X108.906 Y103.234 E0
G1 X108.916 Y103.233 E0
G1 F914.3 X108.926 Y103.232 E0
G1 F918.3 X108.936 Y103.231 E0
G1 F922.3 X108.946 Y103.23 E0
G1 X108.956 Y103.229 E0
G1 F926.3 X108.966 Y103.228 E0
G1 F930.4 X108.976 Y103.227 E0
G1 F934.5 X108.986 Y103.226 E0
G1 X108.996 Y103.225 E0
G1 F938.7 X109.006 Y103.223 E0
G1 F942.9 X109.015 Y103.222 E0
G1 F947.1 X109.025 Y103.221 E0
G1 X109.035 Y103.22 E0
G1 F951.4 X109.045 Y103.219 E0
G1 F955.7 X109.055 Y103.218 E0
G1 F960 X109.065 Y103.217 E0
G1 X109.075 Y103.216 E0
G1 F964.4 X109.085 Y103.215 E0
G1 F968.8 X109.095 Y103.214 E0
G1 F973.3 X109.105 Y103.212 E0
G1 X109.115 Y103.211 E0
G1 F977.8 X109.125 Y103.21 E0
G1 F982.3 X109.135 Y103.209 E0
G1 F986.9 X109.145 Y103.208 E0
G1 X109.155 Y103.207 E0
G1 F991.5 X109.165 Y103.206 E0
G1 F996.2 X109.175 Y103.205 E0
G1 F1000.9 X109.185 Y103.204 E0
G1 X109.195 Y103.202 E0
G1 F1005.7 X109.205 Y103.201 E0
G1 F1015.4 X109.245 Y103.198 E0.00001
G1 F1025.2 X109.26 Y103.197 E0
G1 X109.276 Y103.196 E0
G1 F1030.2 X109.292 Y103.195 E0
G1 F1035.3 X109.308 Y103.194 E0
G1 X109.324 Y103.193 E0
G1 F1040.4 X109.34 Y103.192 E0
G1 F1045.5 X109.356 Y103.191 E0
G1 X109.372 Y103.19 E0
G1 F1050.7 X109.388 Y103.189 E0
G1 F1056 X109.404 Y103.188 E0
G1 X109.42 Y103.187 E0
G1 F1061.3 X109.436 Y103.186 E0
G1 F1066.7 X109.452 Y103.185 E0
G1 X109.468 Y103.184 E0
G1 F1072.1 X109.484 Y103.183 E0
G1 F1077.6 X109.5 Y103.182 E0
G1 X109.516 Y103.181 E0
G1 F1083.1 X109.531 Y103.18 E0
G1 F1088.7 X109.552 Y103.179 E0.00001
G1 F1094.3 X109.576 Y103.179 E0.00001
G1 X109.6 Y103.178 E0.00001
G1 F1100 X109.624 Y103.177 E0.00001
G1 X109.648 Y103.177 E0.00001
G1 F1105.8 X109.672 Y103.176 E0.00001
G1 X109.696 Y103.175 E0.00001
G1 F1111.6 X109.72 Y103.175 E0.00001
G1 X109.744 Y103.174 E0.00001
G1 X109.768 Y103.173 E0.00001
G1 F1117.5 X109.792 Y103.173 E0.00001
G1 X109.816 Y103.172 E0.00001
G1 F1123.4 X109.84 Y103.171 E0.00001
G1 X109.864 Y103.17 E0.00001
G1 F1129.4 X109.888 Y103.17 E0.00001
G1 X109.912 Y103.169 E0.00001
G1 F1135.5 X109.936 Y103.168 E0.00001
G1 X109.96 Y103.168 E0.00001
G1 X109.991 Y103.167 E0.00001
G1 X110.056 Y103.167 E0.00002
G1 X110.121 Y103.168 E0.00002
G1 F1129.4 X110.186 Y103.169 E0.00002
G1 F1123.4 X110.251 Y103.17 E0.00002
G1 X110.316 Y103.171 E0.00002
G1 F1117.5 X110.324 Y103.171 E0
G1 X110.334 Y103.172 E0
G1 F1111.6 X110.344 Y103.172 E0
G1 X110.354 Y103.173 E0
G1 X110.364 Y103.174 E0
G1 F1105.8 X110.374 Y103.174 E0
G1 X110.384 Y103.175 E0
G1 F1100 X110.394 Y103.176 E0
G1 X110.404 Y103.176 E0
G1 F1094.3 X110.414 Y103.177 E0
G1 X110.424 Y103.178 E0
G1 F1088.7 X110.434 Y103.178 E0
G1 X110.444 Y103.179 E0
G1 X110.454 Y103.18 E0
G1 F1083.1 X110.464 Y103.18 E0
G1 X110.474 Y103.181 E0
G1 F1077.6 X110.484 Y103.181 E0
G1 X110.494 Y103.182 E0
G1 F1072.1 X110.504 Y103.183 E0
G1 X110.514 Y103.183 E0
G1 X110.524 Y103.184 E0
G1 F1066.7 X110.534 Y103.185 E0
G1 X110.544 Y103.185 E0
G1 F1061.3 X110.554 Y103.186 E0
G1 X110.564 Y103.187 E0
G1 F1056 X110.574 Y103.187 E0
G1 X110.584 Y103.188 E0
G1 F1050.7 X110.594 Y103.189 E0
G1 X110.604 Y103.189 E0
G1 X110.614 Y103.19 E0
G1 F1045.5 X110.624 Y103.191 E0
G1 X110.634 Y103.191 E0
G1 F1040.4 X110.644 Y103.192 E0
G1 X110.654 Y103.192 E0
G1 F1035.3 X110.664 Y103.193 E0
G1 X110.674 Y103.194 E0
G1 X110.684 Y103.194 E0
G1 F1030.2 X110.694 Y103.195 E0
G1 X110.704 Y103.196 E0
G1 F1025.2 X110.714 Y103.196 E0
G1 X110.724 Y103.197 E0
G1 F1020.3 X110.734 Y103.198 E0
G1 X110.744 Y103.198 E0
G1 X110.754 Y103.199 E0
G1 F1015.4 X110.764 Y103.2 E0
G1 X110.774 Y103.2 E0
G1 F1010.5 X110.784 Y103.201 E0
G1 X110.794 Y103.201 E0
G1 F1005.7 X110.804 Y103.202 E0
G1 X110.814 Y103.203 E0
G1 F1000.9 X110.824 Y103.203 E0
G1 X110.834 Y103.204 E0
G1 X110.844 Y103.205 E0
G1 F996.2 X110.854 Y103.205 E0
G1 X110.864 Y103.206 E0
G1 F986.9 X110.912 Y103.21 E0.00001
G1 F977.8 X110.921 Y103.211 E0
G1 F973.3 X110.931 Y103.212 E0
G1 F968.8 X110.941 Y103.213 E0
G1 X110.951 Y103.215 E0
G1 F964.4 X110.961 Y103.216 E0
G1 F960 X110.971 Y103.217 E0
G1 F955.7 X110.981 Y103.218 E0
G1 F951.4 X110.991 Y103.22 E0
G1 F947.1 X111.001 Y103.221 E0
G1 F942.9 X111.011 Y103.222 E0
G1 X111.021 Y103.223 E0
G1 F938.7 X111.031 Y103.225 E0
G1 F934.5 X111.041 Y103.226 E0
G1 F930.4 X111.05 Y103.227 E0
G1 F926.3 X111.06 Y103.228 E0
G1 F922.3 X111.07 Y103.23 E0
G1 F918.3 X111.08 Y103.231 E0
G1 X111.09 Y103.232 E0
G1 F914.3 X111.1 Y103.233 E0
G1 F910.3 X111.11 Y103.235 E0
G1 F906.4 X111.12 Y103.236 E0
G1 F902.6 X111.13 Y103.237 E0
G1 F898.7 X111.14 Y103.238 E0
G1 F894.9 X111.15 Y103.24 E0
G1 X111.16 Y103.241 E0
G1 F891.1 X111.17 Y103.242 E0
G1 F887.4 X111.18 Y103.243 E0
G1 F883.7 X111.189 Y103.245 E0
G1 F880 X111.199 Y103.246 E0
G1 F876.3 X111.209 Y103.247 E0
G1 F872.7 X111.219 Y103.248 E0
G1 X111.229 Y103.25 E0
G1 F869.1 X111.239 Y103.251 E0
G1 F865.6 X111.249 Y103.252 E0
G1 F862 X111.259 Y103.253 E0
G1 F858.5 X111.269 Y103.255 E0
G1 F855.1 X111.279 Y103.256 E0
G1 F851.6 X111.289 Y103.257 E0
G1 X111.299 Y103.258 E0
G1 F848.2 X111.309 Y103.26 E0
G1 F844.8 X111.319 Y103.261 E0
G1 F834.8 X111.334 Y103.262 E0
G1 F818.6 X111.345 Y103.262 E0
G1 F806.1 X111.356 Y103.261 E0
G1 F794 X111.365 Y103.261 E0
G1 F785.1 X111.375 Y103.262 E0
G1 F776.5 X111.385 Y103.263 E0
G1 F768 X111.395 Y103.263 E0
G1 F757 X111.405 Y103.264 E0
G1 F748.9 X111.415 Y103.265 E0
G1 F741.1 X111.425 Y103.265 E0
G1 F733.3 X111.435 Y103.266 E0
G1 F725.8 X111.445 Y103.267 E0
G1 F718.4 X111.455 Y103.267 E0
G1 F711.1 X111.465 Y103.268 E0
G1 F701.7 X111.475 Y103.269 E0
G1 F694.7 X111.485 Y103.27 E0
G1 F687.9 X111.495 Y103.27 E0
G1 F681.3 X111.505 Y103.271 E0
G1 F674.8 X111.515 Y103.272 E0
G1 F668.4 X111.525 Y103.272 E0
G1 F662.1 X111.535 Y103.273 E0
G1 F653.9 X111.545 Y103.274 E0
G1 F647.9 X111.555 Y103.274 E0
G1 F641.9 X111.565 Y103.275 E0
G1 F636.1 X111.575 Y103.276 E0
G1 F630.4 X111.585 Y103.276 E0
G1 F624.9 X111.595 Y103.277 E0
G1 F619.4 X111.605 Y103.278 E0
G1 F612.2 X111.615 Y103.279 E0
G1 F606.9 X111.625 Y103.279 E0
G1 F601.7 X111.635 Y103.28 E0
G1 F596.6 X111.645 Y103.281 E0
G1 F591.6 X111.655 Y103.281 E0
G1 F586.7 X111.665 Y103.282 E0
G1 F581.8 X111.675 Y103.283 E0
G1 F575.5 X111.685 Y103.283 E0
G1 F570.8 X111.695 Y103.284 E0
G1 F566.2 X111.705 Y103.285 E0
G1 F561.7 X111.715 Y103.286 E0
G1 F557.3 X111.725 Y103.286 E0
G1 F552.9 X111.735 Y103.287 E0
G1 F548.6 X111.745 Y103.288 E0
G1 F542.9 X111.755 Y103.288 E0
G1 F538.8 X111.765 Y103.289 E0
G1 F534.7 X111.775 Y103.29 E0
G1 F530.7 X111.785 Y103.29 E0
G1 F528 X112.195 Y103.413 E0.00021
G1 X112.644 Y103.583 E0.00024
G1 X113.149 Y103.818 E0.00028
G1 X113.723 Y104.145 E0.00033
G1 X114.089 Y104.393 E0.00022
G1 X114.605 Y104.81 E0.00033
G1 X115.067 Y105.259 E0.00032
G1 X115.224 Y105.434 E0.00012
G1 X115.504 Y105.774 E0.00022
G1 X115.833 Y106.242 E0.00029
G1 X115.949 Y106.428 E0.00011
G1 X116.17 Y106.825 E0.00023
G1 X116.403 Y107.328 E0.00028
G1 X116.571 Y107.768 E0.00023
G1 X116.694 Y108.173 E0.00021
G1 X116.831 Y108.789 E0.00031
G1 X116.896 Y109.25 E0.00023
G1 X116.937 Y109.94 E0.00034
G1 X116.93 Y110.325 E0.00019
G1 X116.877 Y110.923 E0.0003
G1 X116.802 Y111.363 E0.00022
G1 X116.709 Y111.78 E0.00021
G1 X116.583 Y112.199 E0.00022
G1 X116.423 Y112.62 E0.00022
G1 X116.195 Y113.118 E0.00027
G1 X115.878 Y113.685 E0.00032
G1 X115.599 Y114.094 E0.00025
G1 X115.195 Y114.594 E0.00032
G1 X114.737 Y115.067 E0.00033
G1 X114.405 Y115.359 E0.00022
G1 X114.186 Y115.531 E0.00014
G1 X113.604 Y115.93 E0.00035
G1 X113.142 Y116.186 E0.00026
G1 X112.637 Y116.416 E0.00028
G1 X112.221 Y116.576 E0.00022
G1 X111.793 Y116.702 E0.00022
G1 F530.7 X111.784 Y116.702 E0
G1 F533.3 X111.774 Y116.703 E0
G1 F537.4 X111.764 Y116.704 E0
G1 F540.2 X111.754 Y116.705 E0
G1 F544.3 X111.744 Y116.706 E0
G1 F547.2 X111.734 Y116.707 E0
G1 F551.4 X111.724 Y116.708 E0
G1 F554.3 X111.714 Y116.709 E0
G1 F558.7 X111.704 Y116.71 E0
G1 F561.7 X111.694 Y116.711 E0
G1 F566.2 X111.684 Y116.712 E0
G1 F569.3 X111.674 Y116.713 E0
G1 F573.9 X111.664 Y116.714 E0
G1 F577 X111.654 Y116.715 E0
G1 F581.8 X111.644 Y116.716 E0
G1 F586.7 X111.634 Y116.717 E0
G1 F589.9 X111.624 Y116.718 E0
G1 F594.9 X111.614 Y116.719 E0
G1 F598.3 X111.605 Y116.72 E0
G1 F603.4 X111.595 Y116.721 E0
G1 F606.9 X111.585 Y116.722 E0
G1 F612.2 X111.575 Y116.722 E0
G1 F615.7 X111.565 Y116.723 E0
G1 F621.2 X111.555 Y116.724 E0
G1 F624.9 X111.545 Y116.725 E0
G1 F630.4 X111.535 Y116.726 E0
G1 F634.2 X111.525 Y116.727 E0
G1 F640 X111.515 Y116.728 E0
G1 F643.9 X111.505 Y116.729 E0
G1 F649.8 X111.495 Y116.73 E0
G1 F653.9 X111.485 Y116.731 E0
G1 F660 X111.475 Y116.732 E0
G1 F664.2 X111.465 Y116.733 E0
G1 F670.5 X111.455 Y116.734 E0
G1 F674.8 X111.445 Y116.735 E0
G1 F681.3 X111.435 Y116.736 E0
G1 F685.7 X111.425 Y116.737 E0
G1 F692.5 X111.416 Y116.738 E0
G1 F697 X111.406 Y116.739 E0
G1 F704 X111.396 Y116.74 E0
G1 F708.7 X111.386 Y116.741 E0
G1 F715.9 X111.376 Y116.742 E0
G1 F723.3 X111.366 Y116.742 E0
G1 F728.3 X111.356 Y116.743 E0
G1 F735.9 X111.346 Y116.744 E0
G1 F741.1 X111.336 Y116.745 E0
G1 F748.9 X111.326 Y116.746 E0
G1 F754.3 X111.316 Y116.747 E0
G1 F762.5 X111.306 Y116.748 E0
G1 F768 X111.296 Y116.749 E0
G1 F776.5 X111.286 Y116.75 E0
G1 F782.2 X111.276 Y116.751 E0
G1 F791 X111.266 Y116.752 E0
G1 F797 X111.256 Y116.753 E0
G1 F806.1 X111.246 Y116.754 E0
G1 F812.3 X111.236 Y116.755 E0
G1 F828.2 X111.215 Y116.755 E0.00001
G1 F848.2 X111.201 Y116.754 E0
G1 F876.3 X111.183 Y116.754 E0.00001
G1 F894.9 X111.174 Y116.755 E0
G1 F898.7 X111.164 Y116.756 E0
G1 X111.154 Y116.757 E0
G1 F902.6 X111.144 Y116.758 E0
G1 F906.4 X111.134 Y116.759 E0
G1 X111.124 Y116.76 E0
G1 F910.3 X111.114 Y116.761 E0
G1 F914.3 X111.104 Y116.762 E0
G1 X111.094 Y116.763 E0
G1 F918.3 X111.084 Y116.764 E0
G1 F922.3 X111.074 Y116.765 E0
G1 X111.064 Y116.766 E0
G1 F926.3 X111.054 Y116.767 E0
G1 F930.4 X111.044 Y116.768 E0
G1 X111.034 Y116.769 E0
G1 F934.5 X111.024 Y116.77 E0
G1 F938.7 X111.014 Y116.771 E0
G1 X111.004 Y116.772 E0
G1 F942.9 X110.994 Y116.773 E0
G1 F947.1 X110.984 Y116.774 E0
G1 X110.975 Y116.775 E0
G1 F951.4 X110.965 Y116.776 E0
G1 F955.7 X110.955 Y116.777 E0
G1 X110.945 Y116.778 E0
G1 F960 X110.935 Y116.779 E0
G1 F964.4 X110.925 Y116.78 E0
G1 X110.915 Y116.781 E0
G1 F968.8 X110.905 Y116.782 E0
G1 F973.3 X110.895 Y116.783 E0
G1 X110.885 Y116.784 E0
G1 F977.8 X110.875 Y116.785 E0
G1 F982.3 X110.865 Y116.787 E0
G1 X110.855 Y116.788 E0
G1 F986.9 X110.845 Y116.789 E0
G1 F991.5 X110.835 Y116.79 E0
G1 X110.825 Y116.791 E0
G1 F996.2 X110.815 Y116.792 E0
G1 F1000.9 X110.805 Y116.793 E0
G1 X110.795 Y116.794 E0
G1 F1005.7 X110.785 Y116.795 E0
G1 F1015.4 X110.739 Y116.799 E0.00001
G1 F1030.2 X110.73 Y116.799 E0
G1 X110.72 Y116.799 E0
G1 X110.71 Y116.8 E0
G1 F1035.3 X110.7 Y116.8 E0
G1 X110.69 Y116.801 E0
G1 X110.68 Y116.801 E0
G1 F1040.4 X110.67 Y116.802 E0
G1 X110.66 Y116.802 E0
G1 X110.65 Y116.803 E0
G1 X110.64 Y116.803 E0
G1 F1045.5 X110.63 Y116.804 E0
G1 X110.62 Y116.804 E0
G1 X110.61 Y116.805 E0
G1 F1050.7 X110.6 Y116.805 E0
G1 X110.59 Y116.805 E0
G1 X110.58 Y116.806 E0
G1 F1056 X110.57 Y116.806 E0
G1 X110.56 Y116.807 E0
G1 X110.55 Y116.807 E0
G1 F1061.3 X110.54 Y116.808 E0
G1 X110.53 Y116.808 E0
G1 X110.52 Y116.809 E0
G1 F1066.7 X110.51 Y116.809 E0
G1 X110.5 Y116.81 E0
G1 X110.49 Y116.81 E0
G1 X110.48 Y116.811 E0
G1 F1072.1 X110.47 Y116.811 E0
G1 X110.46 Y116.811 E0
G1 X110.45 Y116.812 E0
G1 F1077.6 X110.44 Y116.812 E0
G1 X110.43 Y116.813 E0
G1 X110.42 Y116.813 E0
G1 F1083.1 X110.41 Y116.814 E0
G1 X110.4 Y116.814 E0
G1 X110.39 Y116.815 E0
G1 F1088.7 X110.38 Y116.815 E0
G1 X110.37 Y116.816 E0
G1 X110.36 Y116.816 E0
G1 F1094.3 X110.35 Y116.817 E0
G1 X110.34 Y116.817 E0
G1 X110.33 Y116.817 E0
G1 X110.32 Y116.818 E0
G1 F1100 X110.31 Y116.818 E0
G1 X110.3 Y116.819 E0
G1 X110.29 Y116.819 E0
G1 F1105.8 X110.28 Y116.82 E0
G1 X110.27 Y116.82 E0
G1 X110.26 Y116.821 E0
G1 F1111.6 X110.25 Y116.821 E0
G1 X110.24 Y116.822 E0
G1 X110.23 Y116.822 E0
G1 F1117.5 X110.22 Y116.823 E0
G1 X110.21 Y116.823 E0
G1 X110.2 Y116.823 E0
G1 F1123.4 X110.19 Y116.824 E0
G1 X110.18 Y116.824 E0
G1 X110.17 Y116.825 E0
G1 X110.16 Y116.825 E0
G1 F1129.4 X110.15 Y116.826 E0
G1 X110.14 Y116.826 E0
G1 X110.13 Y116.827 E0
G1 F1135.5 X110.12 Y116.827 E0
G1 X110.11 Y116.828 E0
G1 X110.1 Y116.828 E0
G1 X109.906 Y116.828 E0.00005
G1 X109.721 Y116.826 E0.00004
G1 F1123.4 X109.686 Y116.825 E0.00001
G1 F1117.5 X109.677 Y116.825 E0
G1 X109.667 Y116.824 E0
G1 F1111.6 X109.657 Y116.824 E0
G1 X109.647 Y116.823 E0
G1 X109.637 Y116.822 E0
G1 F1105.8 X109.627 Y116.822 E0
G1 X109.617 Y116.821 E0
G1 F1100 X109.607 Y116.821 E0
G1 X109.597 Y116.82 E0
G1 X109.587 Y116.819 E0
G1 F1094.3 X109.577 Y116.819 E0
G1 X109.567 Y116.818 E0
G1 F1088.7 X109.557 Y116.817 E0
G1 X109.547 Y116.817 E0
G1 X109.537 Y116.816 E0
G1 F1083.1 X109.527 Y116.816 E0
G1 X109.517 Y116.815 E0
G1 F1077.6 X109.507 Y116.814 E0
G1 X109.497 Y116.814 E0
G1 F1072.1 X109.487 Y116.813 E0
G1 X109.477 Y116.812 E0
G1 X109.467 Y116.812 E0
G1 F1066.7 X109.457 Y116.811 E0
G1 X109.447 Y116.811 E0
G1 F1061.3 X109.437 Y116.81 E0
G1 X109.427 Y116.809 E0
G1 X109.417 Y116.809 E0
G1 F1056 X109.407 Y116.808 E0
G1 X109.397 Y116.807 E0
G1 F1050.7 X109.387 Y116.807 E0
G1 X109.377 Y116.806 E0
G1 X109.367 Y116.806 E0
G1 F1045.5 X109.357 Y116.805 E0
G1 X109.347 Y116.804 E0
G1 F1040.4 X109.337 Y116.804 E0
G1 X109.327 Y116.803 E0
G1 X109.317 Y116.802 E0
G1 F1035.3 X109.307 Y116.802 E0
G1 X109.297 Y116.801 E0
G1 F1030.2 X109.287 Y116.801 E0
G1 X109.277 Y116.8 E0
G1 F1025.2 X109.267 Y116.799 E0
G1 X109.257 Y116.799 E0
G1 X109.247 Y116.798 E0
G1 F1020.3 X109.237 Y116.797 E0
G1 X109.227 Y116.797 E0
G1 F1015.4 X109.217 Y116.796 E0
G1 X109.207 Y116.796 E0
G1 X109.197 Y116.795 E0
G1 F1010.5 X109.187 Y116.794 E0
G1 X109.177 Y116.794 E0
G1 F1005.7 X109.167 Y116.793 E0
G1 X109.157 Y116.792 E0
G1 X109.147 Y116.792 E0
G1 F1000.9 X109.137 Y116.791 E0
G1 X109.127 Y116.791 E0
G1 F986.9 X109.084 Y116.786 E0.00001
G1 F977.8 X109.075 Y116.785 E0
G1 F973.3 X109.065 Y116.784 E0
G1 F968.8 X109.055 Y116.783 E0
G1 X109.045 Y116.782 E0
G1 F964.4 X109.035 Y116.78 E0
G1 F960 X109.025 Y116.779 E0
G1 F955.7 X109.015 Y116.778 E0
G1 F951.4 X109.005 Y116.777 E0
G1 F947.1 X108.995 Y116.775 E0
G1 X108.985 Y116.774 E0
G1 F942.9 X108.975 Y116.773 E0
G1 F938.7 X108.965 Y116.772 E0
G1 F934.5 X108.955 Y116.77 E0
G1 F930.4 X108.946 Y116.769 E0
G1 F926.3 X108.936 Y116.768 E0
G1 X108.926 Y116.767 E0
G1 F922.3 X108.916 Y116.766 E0
G1 F918.3 X108.906 Y116.764 E0
G1 F914.3 X108.896 Y116.763 E0
G1 F910.3 X108.886 Y116.762 E0
G1 F906.4 X108.876 Y116.761 E0
G1 X108.866 Y116.759 E0
G1 F902.6 X108.856 Y116.758 E0
G1 F898.7 X108.846 Y116.757 E0
G1 F894.9 X108.836 Y116.756 E0
G1 F891.1 X108.826 Y116.754 E0
G1 X108.816 Y116.753 E0
G1 F887.4 X108.807 Y116.752 E0
G1 F883.7 X108.797 Y116.751 E0
G1 F880 X108.787 Y116.75 E0
G1 F876.3 X108.777 Y116.748 E0
G1 F872.7 X108.767 Y116.747 E0
G1 X108.757 Y116.746 E0
G1 F869.1 X108.747 Y116.745 E0
G1 F865.6 X108.737 Y116.743 E0
G1 F862 X108.727 Y116.742 E0
G1 F858.5 X108.717 Y116.741 E0
G1 F855.1 X108.707 Y116.74 E0
G1 X108.697 Y116.738 E0
G1 F851.6 X108.687 Y116.737 E0
G1 F848.2 X108.677 Y116.736 E0
G1 F838.1 X108.661 Y116.735 E0.00001
G1 F821.8 X108.649 Y116.735 E0
G1 F806.1 X108.637 Y116.735 E0
G1 F794 X108.629 Y116.735 E0
G1 F785.1 X108.619 Y116.734 E0
G1 F773.6 X108.609 Y116.733 E0
G1 F765.2 X108.599 Y116.733 E0
G1 F757 X108.589 Y116.732 E0
G1 F748.9 X108.579 Y116.731 E0
G1 F741.1 X108.569 Y116.731 E0
G1 F730.8 X108.559 Y116.73 E0
G1 F723.3 X108.549 Y116.729 E0
G1 F715.9 X108.539 Y116.728 E0
G1 F708.7 X108.529 Y116.728 E0
G1 F701.7 X108.519 Y116.727 E0
G1 F692.5 X108.509 Y116.726 E0
G1 F685.7 X108.499 Y116.726 E0
G1 F679.1 X108.489 Y116.725 E0
G1 F672.6 X108.479 Y116.724 E0
G1 F664.2 X108.469 Y116.724 E0
G1 F657.9 X108.459 Y116.723 E0
G1 F651.9 X108.449 Y116.722 E0
G1 F645.9 X108.439 Y116.721 E0
G1 F640 X108.429 Y116.721 E0
G1 F632.3 X108.419 Y116.72 E0
G1 F626.7 X108.409 Y116.719 E0
G1 F621.2 X108.399 Y116.719 E0
G1 F615.7 X108.389 Y116.718 E0
G1 F610.4 X108.379 Y116.717 E0
G1 F603.4 X108.369 Y116.717 E0
G1 F598.3 X108.359 Y116.716 E0
G1 F593.3 X108.349 Y116.715 E0
G1 F588.3 X108.339 Y116.714 E0
G1 F581.8 X108.329 Y116.714 E0
G1 F577 X108.319 Y116.713 E0
G1 F572.4 X108.309 Y116.712 E0
G1 F567.7 X108.299 Y116.712 E0
G1 F563.2 X108.289 Y116.711 E0
G1 F557.3 X108.279 Y116.71 E0
G1 F552.9 X108.269 Y116.71 E0
G1 F548.6 X108.259 Y116.709 E0
G1 F544.3 X108.249 Y116.708 E0
G1 F540.2 X108.239 Y116.707 E0
G1 F534.7 X108.229 Y116.707 E0
G1 F530.7 X108.219 Y116.706 E0
G1 F528 X107.803 Y116.583 E0.00022
G1 X107.399 Y116.436 E0.00021
G1 X106.846 Y116.176 E0.0003
G1 X106.263 Y115.847 E0.00033
G1 X105.943 Y115.627 E0.00019
G1 X105.355 Y115.157 E0.00038
G1 X104.92 Y114.728 E0.0003
G1 X104.613 Y114.375 E0.00023
G1 X104.46 Y114.177 E0.00012
G1 X104.064 Y113.597 E0.00035
G1 X103.83 Y113.174 E0.00024
G1 X103.578 Y112.633 E0.0003
G1 X103.431 Y112.244 E0.00021
G1 X103.291 Y111.779 E0.00024
G1 X103.173 Y111.241 E0.00027
G1 X103.1 Y110.745 E0.00025
G1 X103.06 Y110.052 E0.00035
G1 X103.066 Y109.675 E0.00019
G1 X103.12 Y109.078 E0.0003
G1 X103.195 Y108.626 E0.00023
G1 X103.309 Y108.155 E0.00024
G1 X103.418 Y107.79 E0.00019
G0 F24000 X103.135 Y107.705
G0 X104.944 Y105.487
G0 X105.892 Y104.608
G0 X106.91 Y103.967
G0 X108.228 Y103.457
G0 X109.542 Y103.241
G0 X110.881 Y103.278
G0 X112.16 Y103.574
G0 X113.057 Y103.952
G0 X114.139 Y104.633
G0 X115.273 Y105.19
G0 X117.827 Y109.029
G0 X118.12 Y109.078
G1 F528 X118.195 Y108.626 E0.00023
G1 X118.309 Y108.155 E0.00024
G1 X118.418 Y107.79 E0.00019
G1 X118.573 Y107.373 E0.00022
G1 X118.8 Y106.881 E0.00027
G1 X119.116 Y106.314 E0.00032
G1 X119.395 Y105.908 E0.00025
G1 X119.799 Y105.404 E0.00032
G1 X120.229 Y104.958 E0.00031
G1 X120.617 Y104.616 E0.00026
G1 X120.785 Y104.484 E0.00011
G1 X121.241 Y104.167 E0.00028
G1 X121.428 Y104.051 E0.00011
G1 X121.848 Y103.818 E0.00024
G1 X122.216 Y103.642 E0.0002
G1 X122.805 Y103.415 E0.00031
G1 X123.273 Y103.276 E0.00024
G1 F530.7 X123.282 Y103.276 E0
G1 F534.7 X123.292 Y103.275 E0
G1 F538.8 X123.302 Y103.275 E0
G1 F542.9 X123.312 Y103.274 E0
G1 F548.6 X123.322 Y103.274 E0
G1 F552.9 X123.332 Y103.273 E0
G1 F557.3 X123.342 Y103.273 E0
G1 F561.7 X123.352 Y103.272 E0
G1 F566.2 X123.362 Y103.272 E0
G1 F570.8 X123.372 Y103.271 E0
G1 F575.5 X123.382 Y103.271 E0
G1 F581.8 X123.392 Y103.27 E0
G1 F586.7 X123.402 Y103.27 E0
G1 F591.6 X123.412 Y103.269 E0
G1 F596.6 X123.422 Y103.269 E0
G1 F601.7 X123.432 Y103.268 E0
G1 F606.9 X123.442 Y103.268 E0
G1 F612.2 X123.452 Y103.267 E0
G1 F619.4 X123.462 Y103.267 E0
G1 F624.9 X123.472 Y103.266 E0
G1 F630.4 X123.482 Y103.266 E0
G1 F636.1 X123.492 Y103.265 E0
G1 F641.9 X123.502 Y103.265 E0
G1 F647.9 X123.512 Y103.264 E0
G1 F653.9 X123.522 Y103.264 E0
G1 F662.1 X123.532 Y103.263 E0
G1 F668.4 X123.542 Y103.263 E0
G1 F674.8 X123.552 Y103.262 E0
G1 F681.3 X123.562 Y103.261 E0
G1 F687.9 X123.572 Y103.261 E0
G1 F694.7 X123.582 Y103.26 E0
G1 F701.7 X123.592 Y103.26 E0
G1 F711.1 X123.602 Y103.259 E0
G1 F718.4 X123.612 Y103.259 E0
G1 F725.8 X123.622 Y103.258 E0
G1 F733.3 X123.632 Y103.258 E0
G1 F741.1 X123.642 Y103.257 E0
G1 F748.9 X123.652 Y103.257 E0
G1 F757 X123.662 Y103.256 E0
G1 F768 X123.672 Y103.256 E0
G1 F776.5 X123.682 Y103.255 E0
G1 F785.1 X123.692 Y103.255 E0
G1 F794 X123.702 Y103.254 E0
G1 F803 X123.712 Y103.254 E0
G1 F812.3 X123.722 Y103.253 E0
G1 F821.8 X123.732 Y103.253 E0
G1 F834.8 X123.742 Y103.252 E0
G1 F844.8 X123.752 Y103.252 E0
G1 F855.1 X123.762 Y103.251 E0
G1 F865.6 X123.772 Y103.251 E0
G1 F876.3 X123.807 Y103.245 E0.00001
G1 F883.7 X123.816 Y103.244 E0
G1 F887.4 X123.826 Y103.243 E0
G1 X123.836 Y103.242 E0
G1 F891.1 X123.846 Y103.241 E0
G1 F894.9 X123.856 Y103.24 E0
G1 F898.7 X123.866 Y103.239 E0
G1 X123.876 Y103.238 E0
G1 F902.6 X123.886 Y103.237 E0
G1 F906.4 X123.896 Y103.236 E0
G1 F910.3 X123.906 Y103.234 E0
G1 X123.916 Y103.233 E0
G1 F914.3 X123.926 Y103.232 E0
G1 F918.3 X123.936 Y103.231 E0
G1 F922.3 X123.946 Y103.23 E0
G1 X123.956 Y103.229 E0
G1 F926.3 X123.966 Y103.228 E0
G1 F930.4 X123.976 Y103.227 E0
G1 F934.5 X123.986 Y103.226 E0
G1 X123.996 Y103.225 E0
G1 F938.7 X124.006 Y103.223 E0
G1 F942.9 X124.015 Y103.222 E0
G1 F947.1 X124.025 Y103.221 E0
G1 X124.035 Y103.22 E0
G1 F951.4 X124.045 Y103.219 E0
G1 F955.7 X124.055 Y103.218 E0
G1 F960 X124.065 Y103.217 E0
G1 X124.075 Y103.216 E0
G1 F964.4 X124.085 Y103.215 E0
G1 F968.8 X124.095 Y103.214 E0
G1 F973.3 X124.105 Y103.212 E0
G1 X124.115 Y103.211 E0
G1 F977.8 X124.125 Y103.21 E0
G1 F982.3 X124.135 Y103.209 E0
G1 F986.9 X124.145 Y103.208 E0
G1 X124.155 Y103.207 E0
G1 F991.5 X124.165 Y103.206 E0
G1 F996.2 X124.175 Y103.205 E0
G1 F1000.9 X124.185 Y103.204 E0
G1 X124.195 Y103.202 E0
G1 F1005.7 X124.205 Y103.201 E0
G1 F1015.4 X124.245 Y103.198 E0.00001
G1 F1025.2 X124.26 Y103.197 E0
G1 X124.276 Y103.196 E0
G1 F1030.2 X124.292 Y103.195 E0
G1 F1035.3 X124.308 Y103.194 E0
G1 X124.324 Y103.193 E0
G1 F1040.4 X124.34 Y103.192 E0
G1 F1045.5 X124.356 Y103.191 E0
G1 X124.372 Y103.19 E0
G1 F1050.7 X124.388 Y103.189 E0
G1 F1056 X124.404 Y103.188 E0
G1 X124.42 Y103.187 E0
G1 F1061.3 X124.436 Y103.186 E0
G1 F1066.7 X124.452 Y103.185 E0
G1 X124.468 Y103.184 E0
G1 F1072.1 X124.484 Y103.183 E0
G1 F1077.6 X124.5 Y103.182 E0
G1 X124.516 Y103.181 E0
G1 F1083.1 X124.531 Y103.18 E0
G1 F1088.7 X124.552 Y103.179 E0.00001
G1 F1094.3 X124.576 Y103.179 E0.00001
G1 X124.6 Y103.178 E0.00001
G1 F1100 X124.624 Y103.177 E0.00001
G1 X124.648 Y103.177 E0.00001
G1 F1105.8 X124.672 Y103.176 E0.00001
G1 X124.696 Y103.175 E0.00001
G1 F1111.6 X124.72 Y103.175 E0.00001
G1 X124.744 Y103.174 E0.00001
G1 X124.768 Y103.173 E0.00001
G1 F1117.5 X124.792 Y103.173 E0.00001
G1 X124.816 Y103.172 E0.00001
G1 F1123.4 X124.84 Y103.171 E0.00001
G1 X124.864 Y103.17 E0.00001
G1 F1129.4 X124.888 Y103.17 E0.00001
G1 X124.912 Y103.169 E0.00001
G1 F1135.5 X124.936 Y103.168 E0.00001
G1 X124.96 Y103.168 E0.00001
G1 X124.991 Y103.167 E0.00001
G1 X125.056 Y103.167 E0.00002
G1 X125.121 Y103.168 E0.00002
G1 F1129.4 X125.186 Y103.169 E0.00002
G1 F1123.4 X125.251 Y103.17 E0.00002
G1 X125.316 Y103.171 E0.00002
G1 F1117.5 X125.324 Y103.171 E0
G1 X125.334 Y103.172 E0
G1 F1111.6 X125.344 Y103.172 E0
G1 X125.354 Y103.173 E0
G1 X125.364 Y103.174 E0
G1 F1105.8 X125.374 Y103.174 E0
G1 X125.384 Y103.175 E0
G1 F1100 X125.394 Y103.176 E0
G1 X125.404 Y103.176 E0
G1 F1094.3 X125.414 Y103.177 E0
G1 X125.424 Y103.178 E0
G1 F1088.7 X125.434 Y103.178 E0
G1 X125.444 Y103.179 E0
G1 X125.454 Y103.18 E0
G1 F1083.1 X125.464 Y103.18 E0
G1 X125.474 Y103.181 E0
G1 F1077.6 X125.484 Y103.181 E0
G1 X125.494 Y103.182 E0
G1 F1072.1 X125.504 Y103.183 E0
G1 X125.514 Y103.183 E0
G1 X125.524 Y103.184 E0
G1 F1066.7 X125.534 Y103.185 E0
G1 X125.544 Y103.185 E0
G1 F1061.3 X125.554 Y103.186 E0
G1 X125.564 Y103.187 E0
G1 F1056 X125.574 Y103.187 E0
G1 X125.584 Y103.188 E0
G1 F1050.7 X125.594 Y103.189 E0
G1 X125.604 Y103.189 E0
G1 X125.614 Y103.19 E0
G1 F1045.5 X125.624 Y103.191 E0
G1 X125.634 Y103.191 E0
G1 F1040.4 X125.644 Y103.192 E0
G1 X125.654 Y103.192 E0
G1 F1035.3 X125.664 Y103.193 E0
G1 X125.674 Y103.194 E0
G1 X125.684 Y103.194 E0
G1 F1030.2 X125.694 Y103.195 E0
G1 X125.704 Y103.196 E0
G1 F1025.2 X125.714 Y103.196 E0
G1 X125.724 Y103.197 E0
G1 F1020.3 X125.734 Y103.198 E0
G1 X125.744 Y103.198 E0
G1 X125.754 Y103.199 E0
G1 F1015.4 X125.764 Y103.2 E0
G1 X125.774 Y103.2 E0
G1 F1010.5 X125.784 Y103.201 E0
G1 X125.794 Y103.201 E0
G1 F1005.7 X125.804 Y103.202 E0
G1 X125.814 Y103.203 E0
G1 F1000.9 X125.824 Y103.203 E0
G1 X125.834 Y103.204 E0
G1 X125.844 Y103.205 E0
G1 F996.2 X125.854 Y103.205 E0
G1 X125.864 Y103.206 E0
G1 F986.9 X125.912 Y103.21 E0.00001
G1 F977.8 X125.921 Y103.211 E0
G1 F973.3 X125.931 Y103.212 E0
G1 F968.8 X125.941 Y103.213 E0
G1 X125.951 Y103.215 E0
G1 F964.4 X125.961 Y103.216 E0
G1 F960 X125.971 Y103.217 E0
G1 F955.7 X125.981 Y103.218 E0
G1 F951.4 X125.991 Y103.22 E0
G1 F947.1 X126.001 Y103.221 E0
G1 F942.9 X126.011 Y103.222 E0
G1 X126.021 Y103.223 E0
G1 F938.7 X126.031 Y103.225 E0
G1 F934.5 X126.041 Y103.226 E0
G1 F930.4 X126.05 Y103.227 E0
G1 F926.3 X126.06 Y103.228 E0
G1 F922.3 X126.07 Y103.23 E0
G1 F918.3 X126.08 Y103.231 E0
G1 X126.09 Y103.232 E0
G1 F914.3 X126.1 Y103.233 E0
G1 F910.3 X126.11 Y103.235 E0
G1 F906.4 X126.12 Y103.236 E0
G1 F902.6 X126.13 Y103.237 E0
G1 F898.7 X126.14 Y103.238 E0
G1 F894.9 X126.15 Y103.24 E0
G1 X126.16 Y103.241 E0
G1 F891.1 X126.17 Y103.242 E0
G1 F887.4 X126.18 Y103.243 E0
G1 F883.7 X126.189 Y103.245 E0
G1 F880 X126.199 Y103.246 E0
G1 F876.3 X126.209 Y103.247 E0
G1 F872.7 X126.219 Y103.248 E0
G1 X126.229 Y103.25 E0
G1 F869.1 X126.239 Y103.251 E0
G1 F865.6 X126.249 Y103.252 E0
G1 F862 X126.259 Y103.253 E0
G1 F858.5 X126.269 Y103.255 E0
G1 F855.1 X126.279 Y103.256 E0
G1 F851.6 X126.289 Y103.257 E0
G1 X126.299 Y103.258 E0
G1 F848.2 X126.309 Y103.26 E0
G1 F844.8 X126.319 Y103.261 E0
G1 F834.8 X126.334 Y103.262 E0
G1 F818.6 X126.345 Y103.262 E0
G1 F806.1 X126.356 Y103.261 E0
G1 F794 X126.365 Y103.261 E0
G1 F785.1 X126.375 Y103.262 E0
G1 F776.5 X126.385 Y103.263 E0
G1 F768 X126.395 Y103.263 E0
G1 F757 X126.405 Y103.264 E0
G1 F748.9 X126.415 Y103.265 E0
G1 F741.1 X126.425 Y103.265 E0
G1 F733.3 X126.435 Y103.266 E0
G1 F725.8 X126.445 Y103.267 E0
G1 F718.4 X126.455 Y103.267 E0
G1 F711.1 X126.465 Y103.268 E0
G1 F701.7 X126.475 Y103.269 E0
G1 F694.7 X126.485 Y103.27 E0
G1 F687.9 X126.495 Y103.27 E0
G1 F681.3 X126.505 Y103.271 E0
G1 F674.8 X126.515 Y103.272 E0
G1 F668.4 X126.525 Y103.272 E0
G1 F662.1 X126.535 Y103.273 E0
G1 F653.9 X126.545 Y103.274 E0
G1 F647.9 X126.555 Y103.274 E0
G1 F641.9 X126.565 Y103.275 E0
G1 F636.1 X126.575 Y103.276 E0
G1 F630.4 X126.585 Y103.276 E0
G1 F624.9 X126.595 Y103.277 E0
G1 F619.4 X126.605 Y103.278 E0
G1 F612.2 X126.615 Y103.279 E0
G1 F606.9 X126.625 Y103.279 E0
G1 F601.7 X126.635 Y103.28 E0
G1 F596.6 X126.645 Y103.281 E0
G1 F591.6 X126.655 Y103.281 E0
G1 F586.7 X126.665 Y103.282 E0
G1 F581.8 X126.675 Y103.283 E0
G1 F575.5 X126.685 Y103.283 E0
G1 F570.8 X126.695 Y103.284 E0
G1 F566.2 X126.705 Y103.285 E0
G1 F561.7 X126.715 Y103.286 E0
G1 F557.3 X126.725 Y103.286 E0
G1 F552.9 X126.735 Y103.287 E0
G1 F548.6 X126.745 Y103.288 E0
G1 F542.9 X126.755 Y103.288 E0
G1 F538.8 X126.765 Y103.289 E0
G1 F534.7 X126.775 Y103.29 E0
G1 F530.7 X126.785 Y103.29 E0
G1 F528 X127.195 Y103.413 E0.00021
G1 X127.644 Y103.583 E0.00024
G1 X128.149 Y103.818 E0.00028
G1 X128.723 Y104.145 E0.00033
G1 X129.089 Y104.393 E0.00022
G1 X129.605 Y104.81 E0.00033
G1 X130.039 Y105.229 E0.0003
G1 X130.224 Y105.434 E0.00014
G1 X130.532 Y105.81 E0.00024
G1 X130.816 Y106.214 E0.00025
G1 X130.949 Y106.428 E0.00013
G1 X131.185 Y106.856 E0.00024
G1 X131.417 Y107.362 E0.00028
G1 X131.57 Y107.768 E0.00022
G1 X131.703 Y108.205 E0.00023
G1 F530.7 X131.703 Y108.214 E0
G1 F533.3 X131.704 Y108.224 E0
G1 F537.4 X131.705 Y108.234 E0
G1 F541.5 X131.706 Y108.244 E0
G1 F544.3 X131.707 Y108.254 E0
G1 F548.6 X131.708 Y108.264 E0
G1 F551.4 X131.709 Y108.274 E0
G1 F555.8 X131.709 Y108.284 E0
G1 F558.7 X131.71 Y108.294 E0
G1 F563.2 X131.711 Y108.304 E0
G1 F567.7 X131.712 Y108.314 E0
G1 F570.8 X131.713 Y108.324 E0
G1 F575.5 X131.714 Y108.334 E0
G1 F578.6 X131.715 Y108.344 E0
G1 F583.4 X131.715 Y108.354 E0
G1 F588.3 X131.716 Y108.364 E0
G1 F591.6 X131.717 Y108.374 E0
G1 F596.6 X131.718 Y108.384 E0
G1 F600 X131.719 Y108.394 E0
G1 F605.2 X131.72 Y108.404 E0
G1 F608.6 X131.721 Y108.414 E0
G1 F614 X131.721 Y108.424 E0
G1 F619.4 X131.722 Y108.434 E0
G1 F623 X131.723 Y108.444 E0
G1 F628.6 X131.724 Y108.454 E0
G1 F632.3 X131.725 Y108.464 E0
G1 F638.1 X131.726 Y108.474 E0
G1 F641.9 X131.727 Y108.483 E0
G1 F647.9 X131.727 Y108.493 E0
G1 F653.9 X131.728 Y108.503 E0
G1 F657.9 X131.729 Y108.513 E0
G1 F664.2 X131.73 Y108.523 E0
G1 F668.4 X131.731 Y108.533 E0
G1 F674.8 X131.732 Y108.543 E0
G1 F681.3 X131.733 Y108.553 E0
G1 F685.7 X131.733 Y108.563 E0
G1 F692.5 X131.734 Y108.573 E0
G1 F697 X131.735 Y108.583 E0
G1 F704 X131.736 Y108.593 E0
G1 F708.7 X131.737 Y108.603 E0
G1 F715.9 X131.738 Y108.613 E0
G1 F723.3 X131.739 Y108.623 E0
G1 F728.3 X131.739 Y108.633 E0
G1 F735.9 X131.74 Y108.643 E0
G1 F741.1 X131.741 Y108.653 E0
G1 F748.9 X131.742 Y108.663 E0
G1 F757 X131.743 Y108.673 E0
G1 F762.5 X131.744 Y108.683 E0
G1 F770.8 X131.745 Y108.693 E0
G1 F776.5 X131.746 Y108.703 E0
G1 F785.1 X131.746 Y108.713 E0
G1 F791 X131.747 Y108.723 E0
G1 F800 X131.748 Y108.733 E0
G1 F809.2 X131.749 Y108.743 E0
G1 F815.4 X131.75 Y108.753 E0
G1 F828.2 X131.751 Y108.771 E0.00001
G1 F844.8 X131.751 Y108.781 E0
G1 F858.5 X131.751 Y108.791 E0
G1 F876.3 X131.751 Y108.801 E0
G1 F887.4 X131.752 Y108.81 E0
G1 F891.1 X131.753 Y108.82 E0
G1 X131.754 Y108.83 E0
G1 F894.9 X131.755 Y108.84 E0
G1 F898.7 X131.756 Y108.85 E0
G1 F902.6 X131.757 Y108.86 E0
G1 X131.758 Y108.87 E0
G1 F906.4 X131.759 Y108.88 E0
G1 F910.3 X131.76 Y108.89 E0
G1 X131.761 Y108.9 E0
G1 F914.3 X131.762 Y108.91 E0
G1 F918.3 X131.763 Y108.92 E0
G1 F922.3 X131.765 Y108.93 E0
G1 X131.766 Y108.94 E0
G1 F926.3 X131.767 Y108.95 E0
G1 F930.4 X131.768 Y108.96 E0
G1 F934.5 X131.769 Y108.97 E0
G1 X131.77 Y108.98 E0
G1 F938.7 X131.771 Y108.99 E0
G1 F942.9 X131.772 Y109 E0
G1 X131.773 Y109.009 E0
G1 F947.1 X131.774 Y109.019 E0
G1 F951.4 X131.775 Y109.029 E0
G1 F955.7 X131.776 Y109.039 E0
G1 X131.778 Y109.049 E0
G1 F960 X131.779 Y109.059 E0
G1 F964.4 X131.78 Y109.069 E0
G1 F968.8 X131.781 Y109.079 E0
G1 X131.782 Y109.089 E0
G1 F973.3 X131.783 Y109.099 E0
G1 F977.8 X131.784 Y109.109 E0
G1 F982.3 X131.785 Y109.119 E0
G1 X131.786 Y109.129 E0
G1 F986.9 X131.787 Y109.139 E0
G1 F991.5 X131.788 Y109.149 E0
G1 X131.789 Y109.159 E0
G1 F996.2 X131.791 Y109.169 E0
G1 F1000.9 X131.792 Y109.179 E0
G1 F1005.7 X131.793 Y109.189 E0
G1 X131.794 Y109.199 E0
G1 F1010.5 X131.795 Y109.209 E0
G1 F1015.4 X131.798 Y109.256 E0.00001
G1 F1025.2 X131.798 Y109.265 E0
G1 X131.798 Y109.275 E0
G1 X131.799 Y109.285 E0
G1 F1030.2 X131.799 Y109.295 E0
G1 X131.8 Y109.305 E0
G1 X131.8 Y109.315 E0
G1 F1035.3 X131.801 Y109.325 E0
G1 X131.801 Y109.335 E0
G1 X131.802 Y109.345 E0
G1 X131.802 Y109.355 E0
G1 F1040.4 X131.803 Y109.365 E0
G1 X131.803 Y109.375 E0
G1 X131.804 Y109.385 E0
G1 F1045.5 X131.804 Y109.395 E0
G1 X131.804 Y109.405 E0
G1 X131.805 Y109.415 E0
G1 F1050.7 X131.805 Y109.425 E0
G1 X131.806 Y109.435 E0
G1 X131.806 Y109.445 E0
G1 F1056 X131.807 Y109.455 E0
G1 X131.807 Y109.465 E0
G1 X131.808 Y109.475 E0
G1 F1061.3 X131.808 Y109.485 E0
G1 X131.809 Y109.495 E0
G1 X131.809 Y109.505 E0
G1 X131.81 Y109.515 E0
G1 F1066.7 X131.81 Y109.525 E0
G1 X131.811 Y109.535 E0
G1 X131.811 Y109.545 E0
G1 F1072.1 X131.811 Y109.555 E0
G1 X131.812 Y109.565 E0
G1 X131.812 Y109.575 E0
G1 F1077.6 X131.813 Y109.585 E0
G1 X131.813 Y109.595 E0
G1 X131.814 Y109.605 E0
G1 F1083.1 X131.814 Y109.615 E0
G1 X131.815 Y109.625 E0
G1 X131.815 Y109.635 E0
G1 F1088.7 X131.816 Y109.645 E0
G1 X131.816 Y109.655 E0
G1 X131.817 Y109.665 E0
G1 X131.817 Y109.675 E0
G1 F1094.3 X131.817 Y109.685 E0
G1 X131.818 Y109.695 E0
G1 X131.818 Y109.705 E0
G1 F1100 X131.819 Y109.715 E0
G1 X131.819 Y109.725 E0
G1 X131.82 Y109.735 E0
G1 F1105.8 X131.82 Y109.745 E0
G1 X131.821 Y109.755 E0
G1 X131.821 Y109.765 E0
G1 F1111.6 X131.822 Y109.775 E0
G1 X131.822 Y109.785 E0
G1 X131.823 Y109.795 E0
G1 F1117.5 X131.823 Y109.805 E0
G1 X131.824 Y109.815 E0
G1 X131.824 Y109.825 E0
G1 X131.824 Y109.835 E0
G1 F1123.4 X131.825 Y109.845 E0
G1 X131.825 Y109.855 E0
G1 X131.826 Y109.865 E0
G1 F1129.4 X131.826 Y109.875 E0
G1 X131.827 Y109.885 E0
G1 X131.827 Y109.895 E0
G1 F1135.5 X131.829 Y109.938 E0.00001
G1 X131.829 Y110.001 E0.00001
G1 X131.828 Y110.064 E0.00001
G1 F1129.4 X131.827 Y110.127 E0.00001
G1 X131.827 Y110.19 E0.00001
G1 F1123.4 X131.826 Y110.253 E0.00001
G1 X131.825 Y110.316 E0.00001
G1 F1117.5 X131.825 Y110.324 E0
G1 X131.824 Y110.334 E0
G1 F1111.6 X131.824 Y110.344 E0
G1 X131.823 Y110.354 E0
G1 X131.822 Y110.364 E0
G1 F1105.8 X131.822 Y110.374 E0
G1 X131.821 Y110.384 E0
G1 F1100 X131.82 Y110.394 E0
G1 X131.82 Y110.404 E0
G1 F1094.3 X131.819 Y110.414 E0
G1 X131.818 Y110.424 E0
G1 F1088.7 X131.818 Y110.434 E0
G1 X131.817 Y110.444 E0
G1 X131.816 Y110.454 E0
G1 F1083.1 X131.816 Y110.464 E0
G1 X131.815 Y110.474 E0
G1 F1077.6 X131.814 Y110.484 E0
G1 X131.814 Y110.494 E0
G1 F1072.1 X131.813 Y110.504 E0
G1 X131.813 Y110.514 E0
G1 X131.812 Y110.524 E0
G1 F1066.7 X131.811 Y110.534 E0
G1 X131.811 Y110.544 E0
G1 F1061.3 X131.81 Y110.554 E0
G1 X131.809 Y110.564 E0
G1 F1056 X131.809 Y110.574 E0
G1 X131.808 Y110.584 E0
G1 F1050.7 X131.807 Y110.594 E0
G1 X131.807 Y110.604 E0
G1 X131.806 Y110.614 E0
G1 F1045.5 X131.805 Y110.624 E0
G1 X131.805 Y110.634 E0
G1 F1040.4 X131.804 Y110.644 E0
G1 X131.803 Y110.654 E0
G1 F1035.3 X131.803 Y110.664 E0
G1 X131.802 Y110.674 E0
G1 X131.801 Y110.684 E0
G1 F1030.2 X131.801 Y110.694 E0
G1 X131.8 Y110.704 E0
G1 F1025.2 X131.8 Y110.714 E0
G1 X131.799 Y110.724 E0
G1 F1020.3 X131.798 Y110.734 E0
G1 X131.798 Y110.744 E0
G1 X131.797 Y110.754 E0
G1 F1015.4 X131.796 Y110.764 E0
G1 X131.796 Y110.774 E0
G1 F1010.5 X131.795 Y110.784 E0
G1 X131.794 Y110.794 E0
G1 F1005.7 X131.794 Y110.804 E0
G1 X131.793 Y110.814 E0
G1 F1000.9 X131.792 Y110.824 E0
G1 X131.792 Y110.834 E0
G1 X131.791 Y110.844 E0
G1 F996.2 X131.79 Y110.854 E0
G1 X131.79 Y110.864 E0
G1 F986.9 X131.786 Y110.908 E0.00001
G1 F977.8 X131.785 Y110.917 E0
G1 F973.3 X131.784 Y110.927 E0
G1 F968.8 X131.783 Y110.937 E0
G1 X131.782 Y110.947 E0
G1 F964.4 X131.78 Y110.957 E0
G1 F960 X131.779 Y110.967 E0
G1 F955.7 X131.778 Y110.977 E0
G1 F951.4 X131.777 Y110.987 E0
G1 F947.1 X131.776 Y110.997 E0
G1 X131.774 Y111.007 E0
G1 F942.9 X131.773 Y111.017 E0
G1 F938.7 X131.772 Y111.027 E0
G1 F934.5 X131.771 Y111.037 E0
G1 F930.4 X131.769 Y111.046 E0
G1 F926.3 X131.768 Y111.056 E0
G1 X131.767 Y111.066 E0
G1 F922.3 X131.766 Y111.076 E0
G1 F918.3 X131.765 Y111.086 E0
G1 F914.3 X131.763 Y111.096 E0
G1 F910.3 X131.762 Y111.106 E0
G1 F906.4 X131.761 Y111.116 E0
G1 X131.76 Y111.126 E0
G1 F902.6 X131.758 Y111.136 E0
G1 F898.7 X131.757 Y111.146 E0
G1 F894.9 X131.756 Y111.156 E0
G1 F891.1 X131.755 Y111.166 E0
G1 X131.754 Y111.176 E0
G1 F887.4 X131.752 Y111.185 E0
G1 F883.7 X131.751 Y111.195 E0
G1 F880 X131.75 Y111.205 E0
G1 F876.3 X131.749 Y111.215 E0
G1 F872.7 X131.747 Y111.225 E0
G1 X131.746 Y111.235 E0
G1 F869.1 X131.745 Y111.245 E0
G1 F865.6 X131.744 Y111.255 E0
G1 F862 X131.743 Y111.265 E0
G1 F858.5 X131.741 Y111.275 E0
G1 F855.1 X131.74 Y111.285 E0
G1 X131.739 Y111.295 E0
G1 F851.6 X131.738 Y111.305 E0
G1 F848.2 X131.736 Y111.315 E0
G1 F838.1 X131.735 Y111.336 E0.00001
G1 F818.6 X131.734 Y111.349 E0
G1 F806.1 X131.734 Y111.357 E0
G1 F797 X131.733 Y111.367 E0
G1 F785.1 X131.733 Y111.377 E0
G1 F776.5 X131.732 Y111.387 E0
G1 F768 X131.732 Y111.397 E0
G1 F757 X131.731 Y111.407 E0
G1 F748.9 X131.731 Y111.417 E0
G1 F741.1 X131.73 Y111.427 E0
G1 F730.8 X131.73 Y111.437 E0
G1 F723.3 X131.729 Y111.447 E0
G1 F715.9 X131.729 Y111.457 E0
G1 F706.4 X131.728 Y111.467 E0
G1 F699.3 X131.728 Y111.477 E0
G1 F692.5 X131.727 Y111.487 E0
G1 F685.7 X131.726 Y111.497 E0
G1 F676.9 X131.726 Y111.507 E0
G1 F670.5 X131.725 Y111.517 E0
G1 F664.2 X131.725 Y111.527 E0
G1 F655.9 X131.724 Y111.537 E0
G1 F649.8 X131.724 Y111.547 E0
G1 F643.9 X131.723 Y111.557 E0
G1 F636.1 X131.723 Y111.567 E0
G1 F630.4 X131.722 Y111.577 E0
G1 F624.9 X131.722 Y111.587 E0
G1 F617.5 X131.721 Y111.597 E0
G1 F612.2 X131.721 Y111.607 E0
G1 F606.9 X131.72 Y111.617 E0
G1 F600 X131.719 Y111.627 E0
G1 F594.9 X131.719 Y111.637 E0
G1 F589.9 X131.718 Y111.647 E0
G1 F585 X131.718 Y111.657 E0
G1 F578.6 X131.717 Y111.667 E0
G1 F573.9 X131.717 Y111.677 E0
G1 F569.3 X131.716 Y111.687 E0
G1 F563.2 X131.716 Y111.697 E0
G1 F558.7 X131.715 Y111.707 E0
G1 F554.3 X131.715 Y111.717 E0
G1 F548.6 X131.714 Y111.727 E0
G1 F544.3 X131.714 Y111.737 E0
G1 F540.2 X131.713 Y111.747 E0
G1 F534.7 X131.713 Y111.757 E0
G1 F530.7 X131.712 Y111.767 E0
G1 F528 X131.574 Y112.227 E0.00024
G1 X131.41 Y112.651 E0.00023
G1 X131.202 Y113.104 E0.00025
G1 X130.852 Y113.727 E0.00036
G1 X130.6 Y114.094 E0.00022
G1 X130.195 Y114.594 E0.00032
G1 X129.737 Y115.067 E0.00033
G1 X129.405 Y115.359 E0.00022
G1 X129.186 Y115.531 E0.00014
G1 X128.604 Y115.93 E0.00035
G1 X128.142 Y116.186 E0.00026
G1 X127.637 Y116.416 E0.00028
G1 X127.221 Y116.576 E0.00022
G1 X126.793 Y116.702 E0.00022
G1 F530.7 X126.784 Y116.702 E0
G1 F533.3 X126.774 Y116.703 E0
G1 F537.4 X126.764 Y116.704 E0
G1 F540.2 X126.754 Y116.705 E0
G1 F544.3 X126.744 Y116.706 E0
G1 F547.2 X126.734 Y116.707 E0
G1 F551.4 X126.724 Y116.708 E0
G1 F554.3 X126.714 Y116.709 E0
G1 F558.7 X126.704 Y116.71 E0
G1 F561.7 X126.694 Y116.711 E0
G1 F566.2 X126.684 Y116.712 E0
G1 F569.3 X126.674 Y116.713 E0
G1 F573.9 X126.664 Y116.714 E0
G1 F577 X126.654 Y116.715 E0
G1 F581.8 X126.644 Y116.716 E0
G1 F586.7 X126.634 Y116.717 E0
G1 F589.9 X126.624 Y116.718 E0
G1 F594.9 X126.614 Y116.719 E0
G1 F598.3 X126.605 Y116.72 E0
G1 F603.4 X126.595 Y116.721 E0
G1 F606.9 X126.585 Y116.722 E0
G1 F612.2 X126.575 Y116.722 E0
G1 F615.7 X126.565 Y116.723 E0
G1 F621.2 X126.555 Y116.724 E0
G1 F624.9 X126.545 Y116.725 E0
G1 F630.4 X126.535 Y116.726 E0
G1 F634.2 X126.525 Y116.727 E0
G1 F640 X126.515 Y116.728 E0
G1 F643.9 X126.505 Y116.729 E0
G1 F649.8 X126.495 Y116.73 E0
G1 F653.9 X126.485 Y116.731 E0
G1 F660 X126.475 Y116.732 E0
G1 F664.2 X126.465 Y116.733 E0
G1 F670.5 X126.455 Y116.734 E0
G1 F674.8 X126.445 Y116.735 E0
G1 F681.3 X126.435 Y116.736 E0
G1 F685.7 X126.425 Y116.737 E0
G1 F692.5 X126.416 Y116.738 E0
G1 F697 X126.406 Y116.739 E0
G1 F704 X126.396 Y116.74 E0
G1 F708.7 X126.386 Y116.741 E0
G1 F715.9 X126.376 Y116.742 E0
G1 F723.3 X126.366 Y116.742 E0
G1 F728.3 X126.356 Y116.743 E0
G1 F735.9 X126.346 Y116.744 E0
G1 F741.1 X126.336 Y116.745 E0
G1 F748.9 X126.326 Y116.746 E0
G1 F754.3 X126.316 Y116.747 E0
G1 F762.5 X126.306 Y116.748 E0
G1 F768 X126.296 Y116.749 E0
G1 F776.5 X126.286 Y116.75 E0
G1 F782.2 X126.276 Y116.751 E0
G1 F791 X126.266 Y116.752 E0
G1 F797 X126.256 Y116.753 E0
G1 F806.1 X126.246 Y116.754 E0
G1 F812.3 X126.236 Y116.755 E0
G1 F828.2 X126.215 Y116.755 E0.00001
G1 F848.2 X126.201 Y116.754 E0
G1 F876.3 X126.183 Y116.754 E0.00001
G1 F894.9 X126.174 Y116.755 E0
G1 F898.7 X126.164 Y116.756 E0
G1 X126.154 Y116.757 E0
G1 F902.6 X126.144 Y116.758 E0
G1 F906.4 X126.134 Y116.759 E0
G1 X126.124 Y116.76 E0
G1 F910.3 X126.114 Y116.761 E0
G1 F914.3 X126.104 Y116.762 E0
G1 X126.094 Y116.763 E0
G1 F918.3 X126.084 Y116.764 E0
G1 F922.3 X126.074 Y116.765 E0
G1 X126.064 Y116.766 E0
G1 F926.3 X126.054 Y116.767 E0
G1 F930.4 X126.044 Y116.768 E0
G1 X126.034 Y116.769 E0
G1 F934.5 X126.024 Y116.77 E0
G1 F938.7 X126.014 Y116.771 E0
G1 X126.004 Y116.772 E0
G1 F942.9 X125.994 Y116.773 E0
G1 F947.1 X125.984 Y116.774 E0
G1 X125.975 Y116.775 E0
G1 F951.4 X125.965 Y116.776 E0
G1 F955.7 X125.955 Y116.777 E0
G1 X125.945 Y116.778 E0
G1 F960 X125.935 Y116.779 E0
G1 F964.4 X125.925 Y116.78 E0
G1 X125.915 Y116.781 E0
G1 F968.8 X125.905 Y116.782 E0
G1 F973.3 X125.895 Y116.783 E0
G1 X125.885 Y116.784 E0
G1 F977.8 X125.875 Y116.785 E0
G1 F982.3 X125.865 Y116.787 E0
G1 X125.855 Y116.788 E0
G1 F986.9 X125.845 Y116.789 E0
G1 F991.5 X125.835 Y116.79 E0
G1 X125.825 Y116.791 E0
G1 F996.2 X125.815 Y116.792 E0
G1 F1000.9 X125.805 Y116.793 E0
G1 X125.795 Y116.794 E0
G1 F1005.7 X125.785 Y116.795 E0
G1 F1015.4 X125.739 Y116.799 E0.00001
G1 F1030.2 X125.73 Y116.799 E0
G1 X125.72 Y116.799 E0
G1 X125.71 Y116.8 E0
G1 F1035.3 X125.7 Y116.8 E0
G1 X125.69 Y116.801 E0
G1 X125.68 Y116.801 E0
G1 F1040.4 X125.67 Y116.802 E0
G1 X125.66 Y116.802 E0
G1 X125.65 Y116.803 E0
G1 X125.64 Y116.803 E0
G1 F1045.5 X125.63 Y116.804 E0
G1 X125.62 Y116.804 E0
G1 X125.61 Y116.805 E0
G1 F1050.7 X125.6 Y116.805 E0
G1 X125.59 Y116.805 E0
G1 X125.58 Y116.806 E0
G1 F1056 X125.57 Y116.806 E0
G1 X125.56 Y116.807 E0
G1 X125.55 Y116.807 E0
G1 F1061.3 X125.54 Y116.808 E0
G1 X125.53 Y116.808 E0
G1 X125.52 Y116.809 E0
G1 F1066.7 X125.51 Y116.809 E0
G1 X125.5 Y116.81 E0
G1 X125.49 Y116.81 E0
G1 X125.48 Y116.811 E0
G1 F1072.1 X125.47 Y116.811 E0
G1 X125.46 Y116.811 E0
G1 X125.45 Y116.812 E0
G1 F1077.6 X125.44 Y116.812 E0
G1 X125.43 Y116.813 E0
G1 X125.42 Y116.813 E0
G1 F1083.1 X125.41 Y116.814 E0
G1 X125.4 Y116.814 E0
G1 X125.39 Y116.815 E0
G1 F1088.7 X125.38 Y116.815 E0
G1 X125.37 Y116.816 E0
G1 X125.36 Y116.816 E0
G1 F1094.3 X125.35 Y116.817 E0
G1 X125.34 Y116.817 E0
G1 X125.33 Y116.817 E0
G1 X125.32 Y116.818 E0
G1 F1100 X125.31 Y116.818 E0
G1 X125.3 Y116.819 E0
G1 X125.29 Y116.819 E0
G1 F1105.8 X125.28 Y116.82 E0
G1 X125.27 Y116.82 E0
G1 X125.26 Y116.821 E0
G1 F1111.6 X125.25 Y116.821 E0
G1 X125.24 Y116.822 E0
G1 X125.23 Y116.822 E0
G1 F1117.5 X125.22 Y116.823 E0
G1 X125.21 Y116.823 E0
G1 X125.2 Y116.823 E0
G1 F1123.4 X125.19 Y116.824 E0
G1 X125.18 Y116.824 E0
G1 X125.17 Y116.825 E0
G1 X125.16 Y116.825 E0
G1 F1129.4 X125.15 Y116.826 E0
G1 X125.14 Y116.826 E0
G1 X125.13 Y116.827 E0
G1 F1135.5 X125.12 Y116.827 E0
G1 X125.11 Y116.828 E0
G1 X125.1 Y116.828 E0
G1 X124.906 Y116.828 E0.00005
G1 X124.721 Y116.826 E0.00004
G1 F1123.4 X124.686 Y116.825 E0.00001
G1 F1117.5 X124.677 Y116.825 E0
G1 X124.667 Y116.824 E0
G1 F1111.6 X124.657 Y116.824 E0
G1 X124.647 Y116.823 E0
G1 X124.637 Y116.822 E0
G1 F1105.8 X124.627 Y116.822 E0
G1 X124.617 Y116.821 E0
G1 F1100 X124.607 Y116.821 E0
G1 X124.597 Y116.82 E0
G1 X124.587 Y116.819 E0
G1 F1094.3 X124.577 Y116.819 E0
G1 X124.567 Y116.818 E0
G1 F1088.7 X124.557 Y116.817 E0
G1 X124.547 Y116.817 E0
G1 X124.537 Y116.816 E0
G1 F1083.1 X124.527 Y116.816 E0
G1 X124.517 Y116.815 E0
G1 F1077.6 X124.507 Y116.814 E0
G1 X124.497 Y116.814 E0
G1 F1072.1 X124.487 Y116.813 E0
G1 X124.477 Y116.812 E0
G1 X124.467 Y116.812 E0
G1 F1066.7 X124.457 Y116.811 E0
G1 X124.447 Y116.811 E0
G1 F1061.3 X124.437 Y116.81 E0
G1 X124.427 Y116.809 E0
G1 X124.417 Y116.809 E0
G1 F1056 X124.407 Y116.808 E0
G1 X124.397 Y116.807 E0
G1 F1050.7 X124.387 Y116.807 E0
G1 X124.377 Y116.806 E0
G1 X124.367 Y116.806 E0
G1 F1045.5 X124.357 Y116.805 E0
G1 X124.347 Y116.804 E0
G1 F1040.4 X124.337 Y116.804 E0
G1 X124.327 Y116.803 E0
G1 X124.317 Y116.802 E0
G1 F1035.3 X124.307 Y116.802 E0
G1 X124.297 Y116.801 E0
G1 F1030.2 X124.287 Y116.801 E0
G1 X124.277 Y116.8 E0
G1 F1025.2 X124.267 Y116.799 E0
G1 X124.257 Y116.799 E0
G1 X124.247 Y116.798 E0
G1 F1020.3 X124.237 Y116.797 E0
G1 X124.227 Y116.797 E0
G1 F1015.4 X124.217 Y116.796 E0
G1 X124.207 Y116.796 E0
G1 X124.197 Y116.795 E0
G1 F1010.5 X124.187 Y116.794 E0
G1 X124.177 Y116.794 E0
G1 F1005.7 X124.167 Y116.793 E0
G1 X124.157 Y116.792 E0
G1 X124.147 Y116.792 E0
G1 F1000.9 X124.137 Y116.791 E0
G1 X124.127 Y116.791 E0
G1 F991.5 X124.103 Y116.788 E0.00001
G1 F982.3 X124.081 Y116.785 E0.00001
G1 F973.3 X124.072 Y116.784 E0
G1 F968.8 X124.062 Y116.783 E0
G1 F964.4 X124.052 Y116.782 E0
G1 X124.042 Y116.78 E0
G1 F960 X124.032 Y116.779 E0
G1 F955.7 X124.022 Y116.778 E0
G1 F951.4 X124.012 Y116.777 E0
G1 F947.1 X124.002 Y116.775 E0
G1 F942.9 X123.992 Y116.774 E0
G1 X123.982 Y116.773 E0
G1 F938.7 X123.972 Y116.772 E0
G1 F934.5 X123.963 Y116.77 E0
G1 F930.4 X123.953 Y116.769 E0
G1 F926.3 X123.943 Y116.768 E0
G1 F922.3 X123.933 Y116.766 E0
G1 X123.923 Y116.765 E0
G1 F918.3 X123.913 Y116.764 E0
G1 F914.3 X123.903 Y116.763 E0
G1 F910.3 X123.893 Y116.761 E0
G1 F906.4 X123.883 Y116.76 E0
G1 X123.873 Y116.759 E0
G1 F902.6 X123.863 Y116.758 E0
G1 F898.7 X123.853 Y116.756 E0
G1 F894.9 X123.844 Y116.755 E0
G1 F891.1 X123.834 Y116.754 E0
G1 F887.4 X123.824 Y116.752 E0
G1 X123.814 Y116.751 E0
G1 F883.7 X123.804 Y116.75 E0
G1 F880 X123.794 Y116.749 E0
G1 F876.3 X123.784 Y116.747 E0
G1 F872.7 X123.774 Y116.746 E0
G1 F869.1 X123.764 Y116.745 E0
G1 X123.754 Y116.744 E0
G1 F865.6 X123.744 Y116.742 E0
G1 F862 X123.734 Y116.741 E0
G1 F851.6 X123.718 Y116.74 E0
G1 F834.8 X123.706 Y116.74 E0
G1 F821.8 X123.697 Y116.74 E0
G1 F809.2 X123.687 Y116.74 E0
G1 F800 X123.677 Y116.739 E0
G1 F788.1 X123.667 Y116.739 E0
G1 F779.3 X123.657 Y116.738 E0
G1 F768 X123.647 Y116.738 E0
G1 F759.7 X123.637 Y116.738 E0
G1 F748.9 X123.627 Y116.737 E0
G1 F741.1 X123.617 Y116.737 E0
G1 F730.8 X123.607 Y116.736 E0
G1 F723.3 X123.597 Y116.736 E0
G1 F713.5 X123.587 Y116.736 E0
G1 F706.4 X123.577 Y116.735 E0
G1 F697 X123.567 Y116.735 E0
G1 F690.2 X123.557 Y116.734 E0
G1 F681.3 X123.547 Y116.734 E0
G1 F674.8 X123.537 Y116.734 E0
G1 F666.2 X123.527 Y116.733 E0
G1 F660 X123.517 Y116.733 E0
G1 F651.9 X123.507 Y116.732 E0
G1 F643.9 X123.497 Y116.732 E0
G1 F638.1 X123.487 Y116.732 E0
G1 F630.4 X123.477 Y116.731 E0
G1 F624.9 X123.467 Y116.731 E0
G1 F617.5 X123.457 Y116.73 E0
G1 F612.2 X123.447 Y116.73 E0
G1 F605.2 X123.437 Y116.73 E0
G1 F600 X123.427 Y116.729 E0
G1 F593.3 X123.417 Y116.729 E0
G1 F588.3 X123.407 Y116.728 E0
G1 F581.8 X123.397 Y116.728 E0
G1 F577 X123.387 Y116.728 E0
G1 F570.8 X123.377 Y116.727 E0
G1 F566.2 X123.367 Y116.727 E0
G1 F560.2 X123.357 Y116.726 E0
G1 F555.8 X123.347 Y116.726 E0
G1 F550 X123.337 Y116.725 E0
G1 F545.7 X123.327 Y116.725 E0
G1 F540.2 X123.317 Y116.725 E0
G1 F536 X123.307 Y116.724 E0
G1 F530.7 X123.297 Y116.724 E0
G1 F528 X122.768 Y116.571 E0.00027
G1 X122.399 Y116.436 E0.0002
G1 X121.846 Y116.176 E0.0003
G1 X121.263 Y115.847 E0.00033
G1 X120.943 Y115.627 E0.00019
G1 X120.355 Y115.157 E0.00038
G1 X119.92 Y114.728 E0.0003
G1 X119.613 Y114.375 E0.00023
G1 X119.46 Y114.177 E0.00012
G1 X119.064 Y113.597 E0.00035
G1 X118.83 Y113.174 E0.00024
G1 X118.578 Y112.633 E0.0003
G1 X118.431 Y112.244 E0.00021
G1 X118.291 Y111.779 E0.00024
G1 X118.173 Y111.241 E0.00027
G1 X118.1 Y110.745 E0.00025
G1 X118.06 Y110.052 E0.00035
G1 X118.066 Y109.675 E0.00019
G1 X118.12 Y109.078 E0.0003
G0 F24000 X118.396 Y109.123
;TYPE:WALL-OUTER
G1 F528 X118.468 Y108.69 E0.00022
G1 X118.569 Y108.264 E0.00022
G1 X118.687 Y107.868 E0.00021
G1 X118.846 Y107.445 E0.00023
G1 X119.06 Y106.987 E0.00025
G1 X119.36 Y106.451 E0.00031
G1 X119.6 Y106.101 E0.00021
G1 X120.018 Y105.579 E0.00033
G1 X120.448 Y105.135 E0.00031
G1 X120.79 Y104.836 E0.00023
G1 X120.973 Y104.693 E0.00012
G1 X121.39 Y104.404 E0.00025
G1 X121.564 Y104.296 E0.0001
G1 X121.969 Y104.071 E0.00023
G1 X122.337 Y103.895 E0.0002
G1 X122.905 Y103.677 E0.0003
G1 X123.332 Y103.55 E0.00022
G1 X123.837 Y103.443 E0.00026
G1 X124.24 Y103.383 E0.0002
G1 X124.559 Y103.356 E0.00016
G1 X124.989 Y103.34 E0.00021
G1 X125.3 Y103.345 E0.00016
G1 X125.881 Y103.396 E0.00029
G1 X126.308 Y103.468 E0.00022
G1 X126.746 Y103.569 E0.00022
G1 X127.114 Y103.681 E0.00019
G1 X127.526 Y103.837 E0.00022
G1 X128.01 Y104.061 E0.00027
G1 X128.567 Y104.378 E0.00032
G1 X128.895 Y104.598 E0.0002
G1 X129.292 Y104.911 E0.00025
G1 X129.439 Y105.038 E0.0001
G1 X129.859 Y105.446 E0.00029
G1 X130.007 Y105.612 E0.00011
G1 X130.302 Y105.971 E0.00023
G1 X130.596 Y106.39 E0.00026
G1 X130.704 Y106.564 E0.0001
G1 X130.931 Y106.973 E0.00023
G1 X131.156 Y107.462 E0.00027
G1 X131.302 Y107.85 E0.00021
G1 X131.429 Y108.266 E0.00022
G1 X131.549 Y108.806 E0.00028
G1 X131.613 Y109.241 E0.00022
G1 X131.656 Y109.936 E0.00035
G1 X131.651 Y110.3 E0.00018
G1 X131.6 Y110.877 E0.00029
G1 X131.533 Y111.288 E0.00021
G1 X131.431 Y111.738 E0.00023
G1 X131.312 Y112.127 E0.0002
G1 X131.156 Y112.534 E0.00022
G1 X130.936 Y113.009 E0.00026
G1 X130.621 Y113.569 E0.00032
G1 X130.382 Y113.918 E0.00021
G1 X129.977 Y114.418 E0.00032
G1 X129.552 Y114.857 E0.0003
G1 X129.206 Y115.16 E0.00023
G1 X129.025 Y115.302 E0.00011
G1 X128.609 Y115.594 E0.00025
G1 X128.436 Y115.704 E0.0001
G1 X128.048 Y115.92 E0.00022
G1 X127.554 Y116.148 E0.00027
G1 X127.164 Y116.299 E0.00021
G1 X126.731 Y116.429 E0.00023
G1 X126.156 Y116.557 E0.00029
G1 X125.728 Y116.616 E0.00022
G1 X125.08 Y116.656 E0.00032
G1 X124.724 Y116.653 E0.00018
G1 X124.14 Y116.604 E0.00029
G1 X123.752 Y116.536 E0.0002
G1 X123.326 Y116.444 E0.00022
G1 X122.865 Y116.309 E0.00024
G1 X122.496 Y116.173 E0.0002
G1 X121.983 Y115.932 E0.00028
G1 X121.447 Y115.632 E0.00031
G1 X121.084 Y115.383 E0.00022
G1 X120.551 Y114.957 E0.00034
G1 X120.131 Y114.543 E0.00029
G1 X119.834 Y114.204 E0.00022
G1 X119.689 Y114.016 E0.00012
G1 X119.402 Y113.605 E0.00025
G1 X119.291 Y113.431 E0.0001
G1 X119.069 Y113.028 E0.00023
G1 X118.84 Y112.534 E0.00027
G1 X118.689 Y112.134 E0.00021
G1 X118.572 Y111.75 E0.0002
G1 X118.443 Y111.159 E0.0003
G1 X118.38 Y110.728 E0.00022
G1 X118.34 Y110.08 E0.00032
G1 X118.345 Y109.7 E0.00019
G1 X118.396 Y109.123 E0.00029
G0 F24000 X118.428 Y108.926
G0 X117.86 Y108.832
G0 X117.194 Y109.231
G0 X116.616 Y109.268
G1 F528 X116.657 Y109.936 E0.00033
G1 X116.651 Y110.3 E0.00018
G1 X116.6 Y110.877 E0.00029
G1 X116.529 Y111.302 E0.00021
G1 X116.427 Y111.754 E0.00023
G1 X116.312 Y112.127 E0.00019
G1 X116.155 Y112.534 E0.00022
G1 X115.936 Y113.009 E0.00026
G1 X115.635 Y113.547 E0.00031
G1 X115.397 Y113.897 E0.00021
G1 X114.977 Y114.418 E0.00033
G1 X114.552 Y114.857 E0.0003
G1 X114.206 Y115.16 E0.00023
G1 X114.025 Y115.302 E0.00011
G1 X113.609 Y115.594 E0.00025
G1 X113.436 Y115.704 E0.0001
G1 X113.048 Y115.92 E0.00022
G1 X112.554 Y116.148 E0.00027
G1 X112.164 Y116.299 E0.00021
G1 X111.731 Y116.429 E0.00023
G1 X111.156 Y116.557 E0.00029
G1 X110.728 Y116.616 E0.00022
G1 X110.08 Y116.656 E0.00032
G1 X109.724 Y116.653 E0.00018
G1 X109.14 Y116.604 E0.00029
G1 X108.707 Y116.533 E0.00022
G1 X108.255 Y116.427 E0.00023
G1 X107.865 Y116.309 E0.0002
G1 X107.496 Y116.173 E0.0002
G1 X106.983 Y115.932 E0.00028
G1 X106.447 Y115.632 E0.00031
G1 X106.084 Y115.383 E0.00022
G1 X105.551 Y114.957 E0.00034
G1 X105.131 Y114.543 E0.00029
G1 X104.834 Y114.204 E0.00022
G1 X104.689 Y114.016 E0.00012
G1 X104.402 Y113.605 E0.00025
G1 X104.291 Y113.431 E0.0001
G1 X104.069 Y113.028 E0.00023
G1 X103.84 Y112.534 E0.00027
G1 X103.689 Y112.134 E0.00021
G1 X103.572 Y111.75 E0.0002
G1 X103.443 Y111.159 E0.0003
G1 X103.38 Y110.728 E0.00022
G1 X103.34 Y110.08 E0.00032
G1 X103.345 Y109.7 E0.00019
G1 X103.396 Y109.123 E0.00029
G1 X103.468 Y108.69 E0.00022
G1 X103.569 Y108.264 E0.00022
G1 X103.687 Y107.868 E0.00021
G1 X103.846 Y107.445 E0.00023
G1 X104.06 Y106.987 E0.00025
G1 X104.36 Y106.451 E0.00031
G1 X104.6 Y106.101 E0.00021
G1 X105.018 Y105.579 E0.00033
G1 X105.445 Y105.138 E0.00031
G1 X105.616 Y104.984 E0.00011
G1 X105.952 Y104.708 E0.00022
G1 X106.395 Y104.397 E0.00027
G1 X106.971 Y104.07 E0.00033
G1 X107.439 Y103.85 E0.00026
G1 X107.853 Y103.694 E0.00022
G1 X108.267 Y103.567 E0.00022
G1 X108.837 Y103.443 E0.00029
G1 X109.24 Y103.383 E0.0002
G1 X109.559 Y103.356 E0.00016
G1 X109.989 Y103.34 E0.00021
G1 X110.3 Y103.345 E0.00016
G1 X110.881 Y103.396 E0.00029
G1 X111.308 Y103.468 E0.00022
G1 X111.746 Y103.569 E0.00022
G1 X112.114 Y103.681 E0.00019
G1 X112.526 Y103.837 E0.00022
G1 X113.01 Y104.061 E0.00027
G1 X113.567 Y104.378 E0.00032
G1 X113.895 Y104.598 E0.0002
G1 X114.292 Y104.911 E0.00025
G1 X114.439 Y105.038 E0.0001
G1 X114.859 Y105.446 E0.00029
G1 X115.008 Y105.612 E0.00011
G1 X115.287 Y105.952 E0.00022
G1 X115.592 Y106.383 E0.00026
G1 X115.704 Y106.564 E0.00011
G1 X115.931 Y106.973 E0.00023
G1 X116.156 Y107.462 E0.00027
G1 X116.303 Y107.85 E0.00021
G1 X116.423 Y108.242 E0.0002
G1 X116.549 Y108.806 E0.00029
G1 X116.616 Y109.268 E0.00023
G0 F24000 X116.628 Y109.467
G0 X117.207 Y109.43
G0 X115.802 Y106.497
G0 X115.093 Y105.528
G0 X114.139 Y104.633
G0 X113.057 Y103.952
G0 X111.755 Y103.451
G0 X110.299 Y103.227
G0 X108.803 Y103.327
G0 X107.403 Y103.738
G0 X106.32 Y104.308
G0 X105.359 Y105.062
G0 X104.508 Y106.027
G0 X102.238 Y109.945
G0 X101.657 Y109.936
G1 F528 X101.651 Y110.3 E0.00018
G1 X101.6 Y110.877 E0.00029
G1 X101.529 Y111.302 E0.00021
G1 X101.427 Y111.754 E0.00023
G1 X101.312 Y112.127 E0.00019
G1 X101.155 Y112.534 E0.00022
G1 X100.936 Y113.009 E0.00026
G1 X100.635 Y113.547 E0.00031
G1 X100.397 Y113.897 E0.00021
G1 X99.977 Y114.418 E0.00033
G1 X99.552 Y114.857 E0.0003
G1 X99.206 Y115.16 E0.00023
G1 X99.025 Y115.302 E0.00011
G1 X98.609 Y115.594 E0.00025
G1 X98.436 Y115.704 E0.0001
G1 X98.048 Y115.92 E0.00022
G1 X97.554 Y116.148 E0.00027
G1 X97.164 Y116.299 E0.00021
G1 X96.731 Y116.429 E0.00023
G1 X96.156 Y116.557 E0.00029
G1 X95.728 Y116.616 E0.00022
G1 X95.08 Y116.656 E0.00032
G1 X94.724 Y116.653 E0.00018
G1 X94.14 Y116.604 E0.00029
G1 X93.707 Y116.533 E0.00022
G1 X93.255 Y116.427 E0.00023
G1 X92.865 Y116.309 E0.0002
G1 X92.496 Y116.173 E0.0002
G1 X91.983 Y115.932 E0.00028
G1 X91.447 Y115.632 E0.00031
G1 X91.084 Y115.383 E0.00022
G1 X90.551 Y114.957 E0.00034
G1 X90.147 Y114.561 E0.00028
G1 X89.834 Y114.204 E0.00024
G1 X89.689 Y114.016 E0.00012
G1 X89.402 Y113.605 E0.00025
G1 X89.291 Y113.431 E0.0001
G1 X89.069 Y113.028 E0.00023
G1 X88.84 Y112.534 E0.00027
G1 X88.696 Y112.154 E0.0002
G1 X88.573 Y111.754 E0.00021
G1 X88.443 Y111.159 E0.0003
G1 X88.38 Y110.728 E0.00022
G1 X88.34 Y110.08 E0.00032
G1 X88.345 Y109.7 E0.00019
G1 X88.396 Y109.124 E0.00029
G1 X88.468 Y108.69 E0.00022
G1 X88.569 Y108.264 E0.00022
G1 X88.687 Y107.868 E0.00021
G1 X88.841 Y107.457 E0.00022
G1 X89.06 Y106.987 E0.00026
G1 X89.36 Y106.451 E0.00031
G1 X89.614 Y106.083 E0.00022
G1 X90.018 Y105.579 E0.00032
G1 X90.445 Y105.138 E0.00031
G1 X90.616 Y104.984 E0.00011
G1 X90.952 Y104.708 E0.00022
G1 X91.395 Y104.397 E0.00027
G1 X91.971 Y104.07 E0.00033
G1 X92.439 Y103.85 E0.00026
G1 X92.853 Y103.694 E0.00022
G1 X93.267 Y103.567 E0.00022
G1 X93.837 Y103.443 E0.00029
G1 X94.24 Y103.383 E0.0002
G1 X94.559 Y103.356 E0.00016
G1 X94.989 Y103.34 E0.00021
G1 X95.3 Y103.345 E0.00016
G1 X95.881 Y103.396 E0.00029
G1 X96.308 Y103.468 E0.00022
G1 X96.746 Y103.569 E0.00022
G1 X97.114 Y103.681 E0.00019
G1 X97.526 Y103.837 E0.00022
G1 X98.01 Y104.061 E0.00027
G1 X98.567 Y104.378 E0.00032
G1 X98.895 Y104.598 E0.0002
G1 X99.292 Y104.911 E0.00025
G1 X99.439 Y105.038 E0.0001
G1 X99.859 Y105.446 E0.00029
G1 X100.008 Y105.612 E0.00011
G1 X100.287 Y105.952 E0.00022
G1 X100.592 Y106.383 E0.00026
G1 X100.704 Y106.564 E0.00011
G1 X100.931 Y106.973 E0.00023
G1 X101.156 Y107.462 E0.00027
G1 X101.303 Y107.85 E0.00021
G1 X101.423 Y108.242 E0.0002
G1 X101.549 Y108.806 E0.00029
G1 X101.616 Y109.268 E0.00023
G1 X101.657 Y109.936 E0.00033
G0 F24000 X101.654 Y110.136
G0 X102.235 Y110.145
G0 X101.262 Y107.403
G0 X100.692 Y106.32
G0 X99.938 Y105.359
G0 X98.973 Y104.508
G0 X98.057 Y103.952
G0 X96.755 Y103.451
G0 X95.445 Y103.249
G0 X88.36 Y103.36
G0 X87.808 Y102.808
G1 F528 X87.808 Y117.188 E0.00717
G1 X132.188 Y117.188 E0.02214
G1 X132.188 Y102.808 E0.00717
G1 X87.808 Y102.808 E0.02214
G0 F24000 X87.808 Y103.008
G0 X88.36 Y103.36
G0 X89.308 Y104.264
;TYPE:WALL-INNER
G1 F600 X89.286 Y104.302 E0.00002
G1 X89.243 Y104.302 E0.00002
G1 X89.22 Y104.264 E0.00002
G1 X89.242 Y104.226 E0.00002
G1 X89.285 Y104.226 E0.00002
G1 F60 E-0.001
G1 F18000 Z3.1
G0 F24000 X89.285 Y104.226 Z3.1
G0 X94.833 Y109.805
G1 F18000 Z1.5
G1 F60 E0.001
G1 F792 X94.764 Y109.895 Z1.462198 E0.00006
G1 X94.744 Y109.992 Z1.429184 E0.00005
G1 X94.745 Y110.04 Z1.413181 E0.00002
G1 X94.76 Y110.093 Z1.39482 E0.00003
G1 X94.802 Y110.159 Z1.368744 E0.00004
G1 X94.882 Y110.226 Z1.33396 E0.00005
G1 X94.939 Y110.247 Z1.313712 E0.00003
G1 X95.02 Y110.255 Z1.28658 E0.00004
G1 X95.092 Y110.237 Z1.261842 E0.00004
G1 X95.186 Y110.171 Z1.223556 E0.00006
G1 X95.226 Y110.118 Z1.201423 E0.00003
G1 X95.249 Y110.058 Z1.180004 E0.00003
G1 X95.255 Y109.97 Z1.150602 E0.00004
G1 X95.238 Y109.906 Z1.128529 E0.00003
G1 X95.191668 Y109.834038 Z1.1 E0.00004
G1 F528
G1 X95.191 Y109.833 E0.00004
G1 X95.118 Y109.771 E0.00005
G1 X95.068 Y109.752 E0.00003
G1 X94.948 Y109.746 E0.00006
G1 X94.915 Y109.754 E0.00002
G1 X94.856 Y109.79 E0.00003
G1 X94.86 Y109.795 E0
G1 X94.833 Y109.805 E0.00001
G0 F24000 X95.001 Y109.989
G1 F2070.6 X94.984 Y109.999 E0
G1 X95.002 Y110.009 E0
G1 X95.008 Y109.999 E0
G0 F24000 X94.39 Y110.248
G1 F528 X94.485 Y110.403 E0.00009
G1 X94.553 Y110.479 E0.00005
G1 X94.685 Y110.577 E0.00008
G1 X94.811 Y110.628 E0.00007
G1 X94.976 Y110.656 E0.00008
G1 X95.076 Y110.652 E0.00005
G1 X95.207 Y110.621 E0.00007
G1 X95.341 Y110.556 E0.00007
G1 X95.486 Y110.437 E0.00009
G1 X95.583 Y110.299 E0.00008
G1 X95.637 Y110.158 E0.00008
G1 X95.656 Y110.022 E0.00007
G1 X95.653 Y109.917 E0.00005
G1 X95.612 Y109.76 E0.00008
G1 X95.556 Y109.657 E0.00006
G1 X95.482 Y109.558 E0.00006
G1 X95.429 Y109.504 E0.00004
G1 X95.313 Y109.421 E0.00007
G1 X95.168 Y109.363 E0.00008
G1 X95.022 Y109.344 E0.00007
G1 X94.891 Y109.35 E0.00007
G1 X94.78 Y109.378 E0.00006
G1 X94.558 Y109.514 E0.00013
G1 X94.51 Y109.562 E0.00003
G1 X94.428 Y109.674 E0.00007
G1 X94.366 Y109.815 E0.00008
G1 X94.344 Y109.976 E0.00008
G1 X94.345 Y110.061 E0.00004
G1 X94.359 Y110.152 E0.00005
G1 X94.39 Y110.248 E0.00005
G0 F24000 X94.02 Y110.4
G1 F528 X94.106 Y110.56 E0.00009
G1 X94.228 Y110.719 E0.0001
G1 X94.289 Y110.78 E0.00004
G1 X94.484 Y110.923 E0.00012
G1 X94.646 Y110.994 E0.00009
G1 X94.826 Y111.042 E0.00009
G1 X94.961 Y111.057 E0.00007
G1 X95.131 Y111.049 E0.00008
G1 X95.326 Y111.003 E0.0001
G1 X95.47 Y110.943 E0.00008
G1 X95.643 Y110.833 E0.0001
G1 X95.786 Y110.703 E0.0001
G1 X95.924 Y110.514 E0.00012
G1 X96.014 Y110.296 E0.00012
G1 X96.043 Y110.173 E0.00006
G1 X96.056 Y110.038 E0.00007
G1 X96.049 Y109.856 E0.00009
G1 X96.025 Y109.744 E0.00006
G1 X95.977 Y109.597 E0.00008
G1 X95.893 Y109.441 E0.00009
G1 X95.827 Y109.346 E0.00006
G1 X95.693 Y109.203 E0.0001
G1 X95.591 Y109.125 E0.00006
G1 X95.46 Y109.047 E0.00008
G1 X95.3 Y108.985 E0.00009
G1 X95.192 Y108.96 E0.00006
G1 X95.038 Y108.944 E0.00008
G1 X94.83 Y108.954 E0.0001
G1 X94.677 Y108.99 E0.00008
G1 X94.585 Y109.025 E0.00005
G1 X94.346 Y109.169 E0.00014
G1 X94.208 Y109.298 E0.00009
G1 X94.079 Y109.478 E0.00011
G1 X93.984 Y109.694 E0.00012
G1 X93.96 Y109.806 E0.00006
G1 X93.944 Y109.961 E0.00008
G1 X93.956 Y110.177 E0.00011
G1 X94.02 Y110.4 E0.00012
G0 F24000 X93.579 Y110.332
G1 F528 X93.657 Y110.569 E0.00012
G1 X93.769 Y110.776 E0.00012
G1 X93.932 Y110.989 E0.00013
G1 X94.024 Y111.081 E0.00006
G1 X94.234 Y111.238 E0.00013
G1 X94.366 Y111.312 E0.00008
G1 X94.568 Y111.391 E0.00011
G1 X94.763 Y111.437 E0.0001
G1 X94.945 Y111.457 E0.00009
G1 X95.197 Y111.444 E0.00013
G1 X95.446 Y111.385 E0.00013
G1 X95.656 Y111.297 E0.00011
G1 X95.887 Y111.15 E0.00014
G1 X96.086 Y110.968 E0.00013
G1 X96.211 Y110.806 E0.0001
G1 X96.31 Y110.637 E0.0001
G1 X96.395 Y110.418 E0.00012
G1 X96.438 Y110.236 E0.00009
G1 X96.457 Y110.051 E0.00009
G1 X96.442 Y109.78 E0.00014
G1 X96.414 Y109.649 E0.00007
G1 X96.357 Y109.467 E0.0001
G1 X96.301 Y109.347 E0.00007
G1 X96.145 Y109.103 E0.00014
G1 X95.958 Y108.902 E0.00014
G1 X95.822 Y108.798 E0.00009
G1 X95.628 Y108.684 E0.00011
G1 X95.422 Y108.603 E0.00011
G1 X95.253 Y108.565 E0.00009
G1 X95.051 Y108.543 E0.0001
G1 X94.886 Y108.546 E0.00008
G1 X94.766 Y108.559 E0.00006
G1 X94.557 Y108.608 E0.00011
G1 X94.352 Y108.693 E0.00011
G1 X94.103 Y108.851 E0.00015
G1 X93.906 Y109.034 E0.00013
G1 X93.728 Y109.285 E0.00015
G1 X93.676 Y109.387 E0.00006
G1 X93.603 Y109.573 E0.0001
G1 X93.564 Y109.745 E0.00009
G1 X93.543 Y109.945 E0.0001
G1 X93.546 Y110.11 E0.00008
G1 X93.579 Y110.332 E0.00011
G0 F24000 X93.273 Y110.688
G1 F528 X93.342 Y110.836 E0.00008
G1 X93.431 Y110.991 E0.00009
G1 X93.531 Y111.133 E0.00009
G1 X93.636 Y111.258 E0.00008
G1 X93.759 Y111.383 E0.00009
G1 X94.013 Y111.571 E0.00016
G1 X94.198 Y111.675 E0.00011
G1 X94.447 Y111.772 E0.00013
G1 X94.699 Y111.833 E0.00013
G1 X94.942 Y111.858 E0.00012
G1 X95.243 Y111.842 E0.00015
G1 X95.566 Y111.767 E0.00017
G1 X95.676 Y111.728 E0.00006
G1 X95.843 Y111.652 E0.00009
G1 X95.99 Y111.566 E0.00008
G1 X96.131 Y111.468 E0.00009
G1 X96.387 Y111.234 E0.00017
G1 X96.538 Y111.038 E0.00012
G1 X96.674 Y110.804 E0.00014
G1 X96.777 Y110.539 E0.00014
G1 X96.834 Y110.298 E0.00012
G1 X96.856 Y110.086 E0.00011
G1 X96.853 Y109.859 E0.00011
G1 X96.839 Y109.728 E0.00007
G1 X96.769 Y109.433 E0.00015
G1 X96.729 Y109.321 E0.00006
G1 X96.655 Y109.16 E0.00009
G1 X96.566 Y109.009 E0.00009
G1 X96.463 Y108.86 E0.00009
G1 X96.367 Y108.746 E0.00007
G1 X96.219 Y108.598 E0.0001
G1 X96.053 Y108.471 E0.0001
G1 X95.898 Y108.372 E0.00009
G1 X95.795 Y108.32 E0.00006
G1 X95.544 Y108.222 E0.00013
G1 X95.315 Y108.169 E0.00012
G1 X95.085 Y108.144 E0.00012
G1 X94.862 Y108.147 E0.00011
G1 X94.696 Y108.165 E0.00008
G1 X94.502 Y108.208 E0.0001
G1 X94.373 Y108.249 E0.00007
G1 X94.165 Y108.339 E0.00011
G1 X93.86 Y108.533 E0.00018
G1 X93.746 Y108.629 E0.00007
G1 X93.605 Y108.77 E0.0001
G1 X93.401 Y109.052 E0.00017
G1 X93.314 Y109.218 E0.00009
G1 X93.221 Y109.452 E0.00013
G1 X93.169 Y109.683 E0.00012
G1 X93.144 Y109.915 E0.00012
G1 X93.147 Y110.134 E0.00011
G1 X93.164 Y110.295 E0.00008
G1 X93.19 Y110.427 E0.00007
G1 X93.273 Y110.688 E0.00014
G0 F24000 X92.987 Y111.023
G1 F528 X93.094 Y111.206 E0.00011
G1 X93.214 Y111.377 E0.0001
G1 X93.34 Y111.528 E0.0001
G1 X93.506 Y111.693 E0.00012
G1 X93.725 Y111.859 E0.00014
G1 X93.859 Y111.948 E0.00008
G1 X94.03 Y112.039 E0.0001
G1 X94.325 Y112.154 E0.00016
G1 X94.636 Y112.229 E0.00016
G1 X94.885 Y112.256 E0.00012
G1 X95.159 Y112.252 E0.00014
G1 X95.296 Y112.239 E0.00007
G1 X95.686 Y112.149 E0.0002
G1 X95.82 Y112.101 E0.00007
G1 X96.029 Y112.006 E0.00011
G1 X96.206 Y111.903 E0.0001
G1 X96.374 Y111.785 E0.0001
G1 X96.528 Y111.656 E0.0001
G1 X96.682 Y111.505 E0.00011
G1 X96.864 Y111.27 E0.00015
G1 X96.96 Y111.12 E0.00009
G1 X97.038 Y110.97 E0.00008
G1 X97.158 Y110.661 E0.00017
G1 X97.229 Y110.361 E0.00015
G1 X97.255 Y110.115 E0.00012
G1 X97.252 Y109.834 E0.00014
G1 X97.239 Y109.697 E0.00007
G1 X97.191 Y109.459 E0.00012
G1 X97.15 Y109.313 E0.00008
G1 X97.074 Y109.109 E0.00011
G1 X97.009 Y108.973 E0.00008
G1 X96.903 Y108.793 E0.0001
G1 X96.781 Y108.617 E0.00011
G1 X96.662 Y108.476 E0.00009
G1 X96.498 Y108.31 E0.00012
G1 X96.284 Y108.144 E0.00014
G1 X96.123 Y108.04 E0.0001
G1 X95.963 Y107.957 E0.00009
G1 X95.666 Y107.841 E0.00016
G1 X95.376 Y107.773 E0.00015
G1 X95.115 Y107.745 E0.00013
G1 X94.837 Y107.748 E0.00014
G1 X94.624 Y107.771 E0.00011
G1 X94.316 Y107.845 E0.00016
G1 X94.175 Y107.896 E0.00007
G1 X93.978 Y107.985 E0.00011
G1 X93.787 Y108.097 E0.00011
G1 X93.617 Y108.215 E0.0001
G1 X93.476 Y108.334 E0.00009
G1 X93.31 Y108.498 E0.00012
G1 X93.143 Y108.717 E0.00014
G1 X93.025 Y108.903 E0.00011
G1 X92.951 Y109.048 E0.00008
G1 X92.84 Y109.33 E0.00015
G1 X92.773 Y109.622 E0.00015
G1 X92.745 Y109.885 E0.00013
G1 X92.748 Y110.159 E0.00014
G1 X92.764 Y110.323 E0.00008
G1 X92.801 Y110.523 E0.0001
G1 X92.899 Y110.831 E0.00016
G1 X92.987 Y111.023 E0.00011
G0 F24000 X92.526 Y110.975
G1 F528 X92.633 Y111.209 E0.00013
G1 X92.756 Y111.421 E0.00012
G1 X92.896 Y111.621 E0.00012
G1 X93.044 Y111.797 E0.00011
G1 X93.217 Y111.973 E0.00012
G1 X93.493 Y112.185 E0.00017
G1 X93.648 Y112.288 E0.00009
G1 X93.863 Y112.402 E0.00012
G1 X94.204 Y112.535 E0.00018
G1 X94.573 Y112.624 E0.00019
G1 X94.855 Y112.655 E0.00014
G1 X95.183 Y112.652 E0.00016
G1 X95.348 Y112.635 E0.00008
G1 X95.629 Y112.579 E0.00014
G1 X95.805 Y112.531 E0.00009
G1 X95.965 Y112.474 E0.00008
G1 X96.215 Y112.361 E0.00014
G1 X96.422 Y112.24 E0.00012
G1 X96.618 Y112.103 E0.00012
G1 X96.798 Y111.952 E0.00012
G1 X96.975 Y111.777 E0.00012
G1 X97.19 Y111.502 E0.00017
G1 X97.328 Y111.283 E0.00013
G1 X97.402 Y111.137 E0.00008
G1 X97.539 Y110.783 E0.00019
G1 X97.625 Y110.424 E0.00018
G1 X97.654 Y110.145 E0.00014
G1 X97.652 Y109.809 E0.00017
G1 X97.636 Y109.646 E0.00008
G1 X97.58 Y109.364 E0.00014
G1 X97.532 Y109.193 E0.00009
G1 X97.439 Y108.945 E0.00013
G1 X97.363 Y108.786 E0.00009
G1 X97.24 Y108.577 E0.00012
G1 X97.099 Y108.373 E0.00012
G1 X96.958 Y108.205 E0.00011
G1 X96.771 Y108.018 E0.00013
G1 X96.515 Y107.817 E0.00016
G1 X96.283 Y107.67 E0.00014
G1 X95.953 Y107.519 E0.00018
G1 X95.642 Y107.419 E0.00016
G1 X95.437 Y107.377 E0.0001
G1 X95.145 Y107.346 E0.00015
G1 X94.813 Y107.348 E0.00017
G1 X94.553 Y107.377 E0.00013
G1 X94.196 Y107.463 E0.00018
G1 X94.031 Y107.523 E0.00009
G1 X93.791 Y107.631 E0.00013
G1 X93.572 Y107.76 E0.00013
G1 X93.373 Y107.897 E0.00012
G1 X93.205 Y108.038 E0.00011
G1 X93.018 Y108.225 E0.00013
G1 X92.816 Y108.485 E0.00016
G1 X92.719 Y108.634 E0.00009
G1 X92.588 Y108.879 E0.00014
G1 X92.458 Y109.209 E0.00018
G1 X92.377 Y109.561 E0.00018
G1 X92.346 Y109.855 E0.00015
G1 X92.348 Y110.183 E0.00016
G1 X92.367 Y110.372 E0.00009
G1 X92.412 Y110.618 E0.00012
G1 X92.526 Y110.975 E0.00019
G0 F24000 X92.152 Y111.119
G1 F528 X92.279 Y111.396 E0.00015
G1 X92.419 Y111.637 E0.00014
G1 X92.578 Y111.864 E0.00014
G1 X92.748 Y112.067 E0.00013
G1 X92.945 Y112.266 E0.00014
G1 X93.261 Y112.511 E0.0002
G1 X93.517 Y112.675 E0.00015
G1 X93.695 Y112.765 E0.0001
G1 X94.082 Y112.916 E0.00021
G1 X94.274 Y112.969 E0.0001
G1 X94.51 Y113.02 E0.00012
G1 X94.825 Y113.054 E0.00016
G1 X95.208 Y113.051 E0.00019
G1 X95.494 Y113.017 E0.00014
G1 X95.723 Y112.968 E0.00012
G1 X95.925 Y112.913 E0.0001
G1 X96.11 Y112.847 E0.0001
G1 X96.401 Y112.715 E0.00016
G1 X96.638 Y112.577 E0.00014
G1 X96.862 Y112.42 E0.00014
G1 X97.067 Y112.248 E0.00013
G1 X97.268 Y112.05 E0.00014
G1 X97.516 Y111.735 E0.0002
G1 X97.679 Y111.475 E0.00015
G1 X97.766 Y111.304 E0.0001
G1 X97.921 Y110.905 E0.00021
G1 X98.02 Y110.487 E0.00021
G1 X98.058 Y110.066 E0.00021
G1 X98.051 Y109.785 E0.00014
G1 X98.016 Y109.491 E0.00015
G1 X97.969 Y109.269 E0.00011
G1 X97.914 Y109.073 E0.0001
G1 X97.848 Y108.885 E0.0001
G1 X97.718 Y108.599 E0.00016
G1 X97.577 Y108.361 E0.00014
G1 X97.417 Y108.13 E0.00014
G1 X97.253 Y107.935 E0.00013
G1 X97.044 Y107.726 E0.00015
G1 X96.746 Y107.49 E0.00019
G1 X96.475 Y107.319 E0.00016
G1 X96.298 Y107.23 E0.0001
G1 X95.91 Y107.078 E0.00021
G1 X95.736 Y107.03 E0.00009
G1 X95.498 Y106.981 E0.00012
G1 X95.065 Y106.942 E0.00022
G1 X94.788 Y106.949 E0.00014
G1 X94.481 Y106.984 E0.00015
G1 X94.075 Y107.081 E0.00021
G1 X93.772 Y107.197 E0.00016
G1 X93.604 Y107.277 E0.00009
G1 X93.357 Y107.422 E0.00014
G1 X93.13 Y107.579 E0.00014
G1 X92.935 Y107.743 E0.00013
G1 X92.676 Y108.009 E0.00019
G1 X92.489 Y108.254 E0.00015
G1 X92.377 Y108.424 E0.0001
G1 X92.226 Y108.709 E0.00016
G1 X92.077 Y109.088 E0.0002
G1 X92.031 Y109.257 E0.00009
G1 X91.981 Y109.499 E0.00012
G1 X91.942 Y109.931 E0.00022
G1 X91.949 Y110.208 E0.00014
G1 X91.986 Y110.526 E0.00016
G1 X92.024 Y110.713 E0.0001
G1 X92.152 Y111.119 E0.00021
G0 F24000 X91.828 Y111.38
G1 F528 X91.925 Y111.582 E0.00011
G1 X92.081 Y111.852 E0.00016
G1 X92.26 Y112.108 E0.00016
G1 X92.452 Y112.337 E0.00015
G1 X92.672 Y112.559 E0.00016
G1 X93.029 Y112.837 E0.00023
G1 X93.224 Y112.967 E0.00012
G1 X93.527 Y113.129 E0.00017
G1 X93.961 Y113.298 E0.00023
G1 X94.178 Y113.358 E0.00011
G1 X94.447 Y113.415 E0.00014
G1 X94.796 Y113.453 E0.00018
G1 X95.233 Y113.451 E0.00022
G1 X95.569 Y113.41 E0.00017
G1 X95.817 Y113.357 E0.00013
G1 X96.045 Y113.295 E0.00012
G1 X96.255 Y113.22 E0.00011
G1 X96.587 Y113.07 E0.00018
G1 X96.854 Y112.914 E0.00015
G1 X97.106 Y112.738 E0.00015
G1 X97.337 Y112.544 E0.00015
G1 X97.562 Y112.322 E0.00016
G1 X97.842 Y111.967 E0.00023
G1 X98.031 Y111.666 E0.00018
G1 X98.13 Y111.471 E0.00011
G1 X98.302 Y111.026 E0.00024
G1 X98.357 Y110.826 E0.0001
G1 X98.416 Y110.55 E0.00014
G1 X98.458 Y110.069 E0.00024
G1 X98.45 Y109.76 E0.00015
G1 X98.429 Y109.542 E0.00011
G1 X98.357 Y109.174 E0.00019
G1 X98.296 Y108.953 E0.00011
G1 X98.221 Y108.74 E0.00011
G1 X98.072 Y108.413 E0.00018
G1 X97.914 Y108.145 E0.00016
G1 X97.735 Y107.887 E0.00016
G1 X97.548 Y107.664 E0.00015
G1 X97.236 Y107.362 E0.00022
G1 X96.977 Y107.163 E0.00016
G1 X96.667 Y106.968 E0.00018
G1 X96.466 Y106.867 E0.00011
G1 X96.032 Y106.697 E0.00023
G1 X95.83 Y106.64 E0.0001
G1 X95.559 Y106.586 E0.00014
G1 X95.204 Y106.548 E0.00018
G1 X95.069 Y106.542 E0.00007
G1 X94.763 Y106.549 E0.00015
G1 X94.41 Y106.59 E0.00018
G1 X94.179 Y106.639 E0.00012
G1 X93.955 Y106.7 E0.00012
G1 X93.742 Y106.777 E0.00011
G1 X93.417 Y106.923 E0.00018
G1 X93.141 Y107.085 E0.00016
G1 X92.887 Y107.261 E0.00015
G1 X92.664 Y107.448 E0.00015
G1 X92.433 Y107.679 E0.00016
G1 X92.162 Y108.023 E0.00022
G1 X92.036 Y108.215 E0.00011
G1 X91.863 Y108.54 E0.00018
G1 X91.695 Y108.967 E0.00023
G1 X91.641 Y109.164 E0.0001
G1 X91.585 Y109.438 E0.00014
G1 X91.542 Y109.928 E0.00025
G1 X91.549 Y110.233 E0.00015
G1 X91.592 Y110.596 E0.00018
G1 X91.635 Y110.808 E0.00011
G1 X91.698 Y111.031 E0.00012
G1 X91.828 Y111.38 E0.00019
G0 F24000 X91.405 Y111.406
G1 F528 X91.57 Y111.769 E0.0002
G1 X91.743 Y112.067 E0.00017
G1 X91.942 Y112.351 E0.00017
G1 X92.156 Y112.606 E0.00017
G1 X92.399 Y112.852 E0.00017
G1 X92.797 Y113.164 E0.00025
G1 X93.134 Y113.378 E0.0002
G1 X93.359 Y113.492 E0.00013
G1 X93.839 Y113.679 E0.00026
G1 X94.083 Y113.746 E0.00013
G1 X94.384 Y113.811 E0.00015
G1 X94.766 Y113.852 E0.00019
G1 X94.924 Y113.859 E0.00008
G1 X95.257 Y113.85 E0.00017
G1 X95.504 Y113.826 E0.00012
G1 X95.911 Y113.745 E0.00021
G1 X96.165 Y113.677 E0.00013
G1 X96.4 Y113.593 E0.00012
G1 X96.774 Y113.424 E0.0002
G1 X97.071 Y113.251 E0.00017
G1 X97.35 Y113.055 E0.00017
G1 X97.606 Y112.84 E0.00017
G1 X97.855 Y112.594 E0.00017
G1 X98.168 Y112.199 E0.00025
G1 X98.382 Y111.858 E0.0002
G1 X98.494 Y111.637 E0.00012
G1 X98.683 Y111.148 E0.00026
G1 X98.746 Y110.921 E0.00012
G1 X98.811 Y110.613 E0.00016
G1 X98.851 Y110.234 E0.00019
G1 X98.858 Y110.072 E0.00008
G1 X98.85 Y109.735 E0.00017
G1 X98.826 Y109.49 E0.00012
G1 X98.746 Y109.08 E0.00021
G1 X98.677 Y108.833 E0.00013
G1 X98.594 Y108.595 E0.00013
G1 X98.426 Y108.226 E0.0002
G1 X98.251 Y107.929 E0.00017
G1 X98.053 Y107.643 E0.00017
G1 X97.843 Y107.394 E0.00016
G1 X97.59 Y107.141 E0.00018
G1 X97.49 Y107.053 E0.00007
G1 X97.208 Y106.836 E0.00018
G1 X96.859 Y106.616 E0.00021
G1 X96.633 Y106.504 E0.00013
G1 X96.391 Y106.401 E0.00013
G1 X96.154 Y106.316 E0.00013
G1 X95.924 Y106.251 E0.00012
G1 X95.62 Y106.19 E0.00015
G1 X95.234 Y106.149 E0.00019
G1 X95.072 Y106.142 E0.00008
G1 X94.739 Y106.15 E0.00017
G1 X94.338 Y106.196 E0.0002
G1 X94.085 Y106.25 E0.00013
G1 X93.834 Y106.318 E0.00013
G1 X93.448 Y106.466 E0.00021
G1 X93.23 Y106.569 E0.00012
G1 X92.926 Y106.747 E0.00018
G1 X92.643 Y106.943 E0.00017
G1 X92.394 Y107.153 E0.00016
G1 X92.141 Y107.406 E0.00018
G1 X92.056 Y107.503 E0.00006
G1 X91.835 Y107.792 E0.00018
G1 X91.695 Y108.006 E0.00013
G1 X91.5 Y108.371 E0.00021
G1 X91.4 Y108.608 E0.00013
G1 X91.314 Y108.846 E0.00013
G1 X91.252 Y109.071 E0.00012
G1 X91.19 Y109.377 E0.00016
G1 X91.149 Y109.766 E0.0002
G1 X91.142 Y109.924 E0.00008
G1 X91.15 Y110.257 E0.00017
G1 X91.198 Y110.666 E0.00021
G1 X91.246 Y110.903 E0.00012
G1 X91.317 Y111.152 E0.00013
G1 X91.405 Y111.406 E0.00013
G0 F24000 X91.032 Y111.549
G1 F528 X91.216 Y111.955 E0.00022
G1 X91.406 Y112.282 E0.00019
G1 X91.625 Y112.595 E0.00019
G1 X91.86 Y112.876 E0.00018
G1 X92.127 Y113.145 E0.00019
G1 X92.244 Y113.246 E0.00008
G1 X92.565 Y113.49 E0.0002
G1 X92.801 Y113.647 E0.00014
G1 X93.192 Y113.856 E0.00022
G1 X93.457 Y113.966 E0.00014
G1 X93.718 Y114.061 E0.00014
G1 X93.987 Y114.135 E0.00014
G1 X94.321 Y114.207 E0.00017
G1 X94.736 Y114.251 E0.00021
G1 X94.921 Y114.259 E0.00009
G1 X95.282 Y114.249 E0.00018
G1 X95.557 Y114.223 E0.00014
G1 X96.006 Y114.134 E0.00023
G1 X96.284 Y114.059 E0.00014
G1 X96.545 Y113.966 E0.00014
G1 X96.96 Y113.779 E0.00023
G1 X97.287 Y113.588 E0.00019
G1 X97.594 Y113.372 E0.00019
G1 X97.876 Y113.136 E0.00018
G1 X98.149 Y112.866 E0.00019
G1 X98.494 Y112.431 E0.00028
G1 X98.733 Y112.049 E0.00022
G1 X98.858 Y111.804 E0.00014
G1 X99.065 Y111.27 E0.00029
G1 X99.135 Y111.016 E0.00013
G1 X99.207 Y110.676 E0.00017
G1 X99.25 Y110.264 E0.00021
G1 X99.259 Y110.076 E0.00009
G1 X99.249 Y109.711 E0.00018
G1 X99.223 Y109.438 E0.00014
G1 X99.135 Y108.985 E0.00023
G1 X99.059 Y108.713 E0.00014
G1 X98.967 Y108.449 E0.00014
G1 X98.78 Y108.039 E0.00022
G1 X98.588 Y107.713 E0.00019
G1 X98.371 Y107.4 E0.00019
G1 X98.138 Y107.123 E0.00018
G1 X97.863 Y106.848 E0.00019
G1 X97.743 Y106.743 E0.00008
G1 X97.439 Y106.509 E0.00019
G1 X97.051 Y106.265 E0.00023
G1 X96.801 Y106.14 E0.00014
G1 X96.537 Y106.029 E0.00014
G1 X96.276 Y105.935 E0.00014
G1 X96.018 Y105.862 E0.00013
G1 X95.681 Y105.794 E0.00017
G1 X95.263 Y105.75 E0.00021
G1 X95.076 Y105.741 E0.00009
G1 X94.714 Y105.75 E0.00018
G1 X94.267 Y105.802 E0.00022
G1 X93.99 Y105.862 E0.00014
G1 X93.714 Y105.936 E0.00014
G1 X93.285 Y106.1 E0.00023
G1 X93.043 Y106.215 E0.00013
G1 X92.71 Y106.41 E0.00019
G1 X92.4 Y106.625 E0.00019
G1 X92.123 Y106.858 E0.00018
G1 X91.848 Y107.133 E0.00019
G1 X91.746 Y107.25 E0.00008
G1 X91.508 Y107.561 E0.0002
G1 X91.354 Y107.797 E0.00014
G1 X91.138 Y108.201 E0.00023
G1 X91.028 Y108.461 E0.00014
G1 X90.932 Y108.725 E0.00014
G1 X90.863 Y108.978 E0.00013
G1 X90.794 Y109.315 E0.00017
G1 X90.75 Y109.736 E0.00021
G1 X90.741 Y109.921 E0.00009
G1 X90.75 Y110.282 E0.00018
G1 X90.778 Y110.568 E0.00014
G1 X90.857 Y110.998 E0.00022
G1 X90.936 Y111.273 E0.00014
G1 X91.032 Y111.549 E0.00015
G0 F24000 X90.658 Y111.693
G1 F528 X90.862 Y112.141 E0.00025
G1 X91.068 Y112.497 E0.00021
G1 X91.307 Y112.839 E0.00021
G1 X91.564 Y113.145 E0.0002
G1 X91.854 Y113.439 E0.00021
G1 X91.993 Y113.557 E0.00009
G1 X92.333 Y113.816 E0.00021
G1 X92.751 Y114.081 E0.00025
G1 X93.024 Y114.219 E0.00015
G1 X93.311 Y114.339 E0.00016
G1 X93.596 Y114.442 E0.00015
G1 X93.891 Y114.524 E0.00015
G1 X94.258 Y114.602 E0.00019
G1 X94.707 Y114.65 E0.00023
G1 X94.917 Y114.659 E0.0001
G1 X95.306 Y114.649 E0.00019
G1 X95.609 Y114.619 E0.00015
G1 X96.1 Y114.523 E0.00025
G1 X96.404 Y114.441 E0.00016
G1 X96.689 Y114.339 E0.00015
G1 X97.146 Y114.133 E0.00025
G1 X97.503 Y113.925 E0.00021
G1 X97.838 Y113.69 E0.0002
G1 X98.146 Y113.432 E0.0002
G1 X98.442 Y113.139 E0.00021
G1 X98.82 Y112.663 E0.0003
G1 X99.085 Y112.241 E0.00025
G1 X99.222 Y111.971 E0.00015
G1 X99.339 Y111.686 E0.00015
G1 X99.446 Y111.391 E0.00016
G1 X99.524 Y111.111 E0.00015
G1 X99.603 Y110.738 E0.00019
G1 X99.65 Y110.293 E0.00022
G1 X99.659 Y110.079 E0.00011
G1 X99.649 Y109.686 E0.0002
G1 X99.62 Y109.386 E0.00015
G1 X99.524 Y108.89 E0.00025
G1 X99.441 Y108.593 E0.00015
G1 X99.339 Y108.304 E0.00015
G1 X99.134 Y107.852 E0.00025
G1 X98.925 Y107.497 E0.00021
G1 X98.689 Y107.157 E0.00021
G1 X98.434 Y106.853 E0.0002
G1 X98.137 Y106.556 E0.00021
G1 X97.997 Y106.434 E0.00009
G1 X97.67 Y106.182 E0.00021
G1 X97.243 Y105.914 E0.00025
G1 X96.969 Y105.777 E0.00015
G1 X96.683 Y105.656 E0.00015
G1 X96.398 Y105.554 E0.00015
G1 X96.112 Y105.473 E0.00015
G1 X95.743 Y105.398 E0.00019
G1 X95.293 Y105.35 E0.00023
G1 X95.079 Y105.341 E0.00011
G1 X94.69 Y105.351 E0.00019
G1 X94.379 Y105.381 E0.00016
G1 X94.195 Y105.409 E0.00009
G1 X93.896 Y105.473 E0.00015
G1 X93.594 Y105.555 E0.00016
G1 X93.309 Y105.657 E0.00015
G1 X92.856 Y105.861 E0.00025
G1 X92.495 Y106.072 E0.00021
G1 X92.157 Y106.307 E0.00021
G1 X91.853 Y106.562 E0.0002
G1 X91.556 Y106.859 E0.00021
G1 X91.436 Y106.997 E0.00009
G1 X91.182 Y107.33 E0.00021
G1 X91.013 Y107.588 E0.00015
G1 X90.775 Y108.032 E0.00025
G1 X90.656 Y108.315 E0.00015
G1 X90.55 Y108.603 E0.00015
G1 X90.474 Y108.885 E0.00015
G1 X90.398 Y109.254 E0.00019
G1 X90.35 Y109.707 E0.00023
G1 X90.341 Y109.917 E0.0001
G1 X90.351 Y110.306 E0.00019
G1 X90.381 Y110.617 E0.00016
G1 X90.468 Y111.094 E0.00024
G1 X90.554 Y111.393 E0.00016
G1 X90.658 Y111.693 E0.00016
G0 F24000 X90.368 Y112.034
G1 F528 X90.508 Y112.328 E0.00016
G1 X90.731 Y112.713 E0.00022
G1 X90.989 Y113.082 E0.00022
G1 X91.268 Y113.415 E0.00022
G1 X91.581 Y113.732 E0.00022
G1 X91.742 Y113.869 E0.00011
G1 X92.101 Y114.142 E0.00023
G1 X92.378 Y114.326 E0.00017
G1 X92.56 Y114.432 E0.00011
G1 X92.856 Y114.582 E0.00017
G1 X93.166 Y114.712 E0.00017
G1 X93.475 Y114.823 E0.00016
G1 X93.796 Y114.912 E0.00017
G1 X94.195 Y114.998 E0.0002
G1 X94.677 Y115.049 E0.00024
G1 X94.914 Y115.059 E0.00012
G1 X95.331 Y115.048 E0.00021
G1 X95.661 Y115.016 E0.00017
G1 X95.867 Y114.982 E0.0001
G1 X96.194 Y114.912 E0.00017
G1 X96.524 Y114.823 E0.00017
G1 X96.834 Y114.712 E0.00016
G1 X97.332 Y114.488 E0.00027
G1 X97.719 Y114.262 E0.00022
G1 X98.082 Y114.007 E0.00022
G1 X98.415 Y113.728 E0.00022
G1 X98.735 Y113.411 E0.00022
G1 X98.87 Y113.253 E0.0001
G1 X99.146 Y112.895 E0.00023
G1 X99.329 Y112.616 E0.00017
G1 X99.436 Y112.432 E0.00011
G1 X99.586 Y112.137 E0.00017
G1 X99.712 Y111.831 E0.00017
G1 X99.827 Y111.513 E0.00017
G1 X99.912 Y111.205 E0.00016
G1 X99.998 Y110.801 E0.00021
G1 X100.049 Y110.323 E0.00024
G1 X100.059 Y110.082 E0.00012
G1 X100.048 Y109.661 E0.00021
G1 X100.016 Y109.334 E0.00016
G1 X99.982 Y109.123 E0.00011
G1 X99.912 Y108.795 E0.00017
G1 X99.823 Y108.473 E0.00017
G1 X99.712 Y108.159 E0.00017
G1 X99.488 Y107.665 E0.00027
G1 X99.262 Y107.281 E0.00022
G1 X99.007 Y106.913 E0.00022
G1 X98.729 Y106.582 E0.00022
G1 X98.41 Y106.263 E0.00023
G1 X98.251 Y106.125 E0.00011
G1 X97.901 Y105.855 E0.00022
G1 X97.435 Y105.563 E0.00027
G1 X97.136 Y105.414 E0.00017
G1 X96.829 Y105.283 E0.00017
G1 X96.52 Y105.172 E0.00016
G1 X96.206 Y105.084 E0.00016
G1 X95.804 Y105.002 E0.0002
G1 X95.323 Y104.951 E0.00024
G1 X95.082 Y104.941 E0.00012
G1 X94.665 Y104.952 E0.00021
G1 X94.33 Y104.984 E0.00017
G1 X94.124 Y105.015 E0.0001
G1 X93.802 Y105.084 E0.00016
G1 X93.473 Y105.173 E0.00017
G1 X93.165 Y105.284 E0.00016
G1 X92.96 Y105.369 E0.00011
G1 X92.669 Y105.507 E0.00016
G1 X92.28 Y105.735 E0.00022
G1 X91.913 Y105.989 E0.00022
G1 X91.582 Y106.267 E0.00022
G1 X91.263 Y106.586 E0.00023
G1 X91.126 Y106.744 E0.0001
G1 X90.855 Y107.099 E0.00022
G1 X90.672 Y107.378 E0.00017
G1 X90.412 Y107.863 E0.00027
G1 X90.283 Y108.168 E0.00017
G1 X90.169 Y108.482 E0.00017
G1 X90.084 Y108.792 E0.00016
G1 X90.002 Y109.193 E0.0002
G1 X89.951 Y109.677 E0.00024
G1 X89.941 Y109.914 E0.00012
G1 X89.952 Y110.331 E0.00021
G1 X89.984 Y110.666 E0.00017
G1 X90.016 Y110.875 E0.00011
G1 X90.08 Y111.189 E0.00016
G1 X90.173 Y111.514 E0.00017
G1 X90.285 Y111.836 E0.00017
G1 X90.368 Y112.034 E0.00011
G0 F24000 X90.023 Y111.937
;TYPE:WALL-OUTER
G1 F528 X90.26 Y112.458 E0.00029
G1 X90.495 Y112.863 E0.00023
G1 X90.767 Y113.253 E0.00024
G1 X91.061 Y113.604 E0.00023
G1 X91.391 Y113.937 E0.00023
G1 X91.566 Y114.086 E0.00011
G1 X91.938 Y114.371 E0.00023
G1 X92.23 Y114.564 E0.00017
G1 X92.426 Y114.678 E0.00011
G1 X92.739 Y114.837 E0.00018
G1 X93.065 Y114.973 E0.00018
G1 X93.39 Y115.09 E0.00017
G1 X93.729 Y115.185 E0.00018
G1 X94.151 Y115.275 E0.00022
G1 X94.656 Y115.328 E0.00025
G1 X94.911 Y115.339 E0.00013
G1 X95.348 Y115.328 E0.00022
G1 X95.698 Y115.294 E0.00018
G1 X95.92 Y115.257 E0.00011
G1 X96.26 Y115.184 E0.00017
G1 X96.608 Y115.09 E0.00018
G1 X96.936 Y114.973 E0.00017
G1 X97.463 Y114.736 E0.00029
G1 X97.871 Y114.498 E0.00024
G1 X98.252 Y114.23 E0.00023
G1 X98.604 Y113.935 E0.00023
G1 X98.941 Y113.602 E0.00024
G1 X99.087 Y113.43 E0.00011
G1 X99.375 Y113.058 E0.00023
G1 X99.567 Y112.763 E0.00018
G1 X99.682 Y112.566 E0.00011
G1 X99.84 Y112.254 E0.00017
G1 X99.973 Y111.932 E0.00017
G1 X100.094 Y111.598 E0.00018
G1 X100.184 Y111.272 E0.00017
G1 X100.275 Y110.845 E0.00022
G1 X100.328 Y110.344 E0.00025
G1 X100.339 Y110.085 E0.00013
G1 X100.328 Y109.644 E0.00022
G1 X100.294 Y109.298 E0.00017
G1 X100.257 Y109.071 E0.00011
G1 X100.184 Y108.728 E0.00017
G1 X100.09 Y108.389 E0.00018
G1 X99.973 Y108.057 E0.00018
G1 X99.736 Y107.534 E0.00029
G1 X99.498 Y107.129 E0.00023
G1 X99.229 Y106.743 E0.00023
G1 X98.935 Y106.393 E0.00023
G1 X98.601 Y106.058 E0.00024
G1 X98.428 Y105.908 E0.00011
G1 X98.063 Y105.626 E0.00023
G1 X97.57 Y105.317 E0.00029
G1 X97.253 Y105.159 E0.00018
G1 X96.931 Y105.023 E0.00017
G1 X96.606 Y104.905 E0.00017
G1 X96.272 Y104.812 E0.00017
G1 X95.847 Y104.725 E0.00022
G1 X95.344 Y104.672 E0.00025
G1 X95.085 Y104.661 E0.00013
G1 X94.648 Y104.672 E0.00022
G1 X94.296 Y104.706 E0.00018
G1 X94.074 Y104.739 E0.00011
G1 X93.736 Y104.812 E0.00017
G1 X93.389 Y104.906 E0.00018
G1 X93.064 Y105.023 E0.00017
G1 X92.846 Y105.113 E0.00012
G1 X92.538 Y105.26 E0.00017
G1 X92.129 Y105.498 E0.00024
G1 X91.743 Y105.767 E0.00023
G1 X91.393 Y106.061 E0.00023
G1 X91.058 Y106.395 E0.00024
G1 X90.909 Y106.567 E0.00011
G1 X90.626 Y106.937 E0.00023
G1 X90.433 Y107.232 E0.00018
G1 X90.318 Y107.433 E0.00012
G1 X90.159 Y107.744 E0.00017
G1 X90.022 Y108.066 E0.00017
G1 X89.902 Y108.397 E0.00018
G1 X89.812 Y108.727 E0.00017
G1 X89.725 Y109.15 E0.00022
G1 X89.672 Y109.656 E0.00025
G1 X89.661 Y109.911 E0.00013
G1 X89.672 Y110.348 E0.00022
G1 X89.706 Y110.7 E0.00018
G1 X89.74 Y110.924 E0.00011
G1 X89.808 Y111.255 E0.00017
G1 X89.906 Y111.599 E0.00018
G1 X90.023 Y111.937 E0.00018
G0 F24000 X90.105 Y112.119
G0 X90.913 Y111.787
G1 F60 E-0.001
G1 F18000 Z3.1
G0 F24000 X90.914 Y111.789 Z3.1
G0 X109.741 Y109.999
;TYPE:WALL-INNER
G1 F18000 Z1.5
G1 F60 E0.001
G1 F792 X109.76 Y110.093 Z1.468033 E0.00005
G1 X109.802 Y110.159 Z1.441956 E0.00004
G1 X109.882 Y110.226 Z1.407173 E0.00005
G1 X109.939 Y110.247 Z1.386924 E0.00003
G1 X110.02 Y110.255 Z1.359793 E0.00004
G1 X110.092 Y110.237 Z1.335054 E0.00004
G1 X110.186 Y110.171 Z1.296769 E0.00006
G1 X110.226 Y110.118 Z1.274635 E0.00003
G1 X110.249 Y110.058 Z1.253216 E0.00003
G1 X110.255 Y109.974 Z1.225145 E0.00004
G1 X110.238 Y109.908 Z1.202427 E0.00003
G1 X110.191 Y109.833 Z1.172924 E0.00004
G1 X110.118 Y109.771 Z1.140998 E0.00005
G1 X110.068 Y109.752 Z1.123169 E0.00003
G1 X109.998608 Y109.748018 Z1.1 E0.000047
G1 F528
G1 X109.946 Y109.745 E0.00006
G1 X109.897 Y109.766 E0.00003
G1 X109.82 Y109.817 E0.00005
G1 X109.754 Y109.916 E0.00006
G1 X109.741 Y109.999 E0.00004
G0 F24000 X110.003 Y109.987
G1 F2030.8 X109.991 Y109.987 E0
G1 X109.984 Y109.998 E0
G1 X109.991 Y110.009 E0
G1 X110.003 Y110.009 E0
G1 X110.01 Y109.998 E0
G0 F24000 X109.905 Y109.346
G1 F528 X109.818 Y109.364 E0.00004
G1 X109.651 Y109.444 E0.00009
G1 X109.51 Y109.562 E0.00009
G1 X109.425 Y109.678 E0.00007
G1 X109.376 Y109.784 E0.00006
G1 X109.342 Y109.971 E0.00009
G1 X109.358 Y110.146 E0.00009
G1 X109.39 Y110.248 E0.00005
G1 X109.485 Y110.403 E0.00009
G1 X109.553 Y110.479 E0.00005
G1 X109.685 Y110.577 E0.00008
G1 X109.811 Y110.628 E0.00007
G1 X109.976 Y110.656 E0.00008
G1 X110.076 Y110.652 E0.00005
G1 X110.207 Y110.621 E0.00007
G1 X110.341 Y110.556 E0.00007
G1 X110.486 Y110.437 E0.00009
G1 X110.583 Y110.299 E0.00008
G1 X110.637 Y110.158 E0.00008
G1 X110.656 Y110.022 E0.00007
G1 X110.652 Y109.916 E0.00005
G1 X110.612 Y109.76 E0.00008
G1 X110.509 Y109.59 E0.0001
G1 X110.429 Y109.504 E0.00006
G1 X110.313 Y109.421 E0.00007
G1 X110.168 Y109.363 E0.00008
G1 X110.064 Y109.348 E0.00005
G1 X109.905 Y109.346 E0.00008
G0 F24000 X109.822 Y108.954
G1 F528 X109.692 Y108.984 E0.00007
G1 X109.505 Y109.066 E0.0001
G1 X109.351 Y109.165 E0.00009
G1 X109.208 Y109.298 E0.0001
G1 X109.071 Y109.492 E0.00012
G1 X108.99 Y109.678 E0.0001
G1 X108.96 Y109.807 E0.00007
G1 X108.941 Y110.022 E0.00011
G1 X108.966 Y110.232 E0.00011
G1 X109.02 Y110.4 E0.00009
G1 X109.107 Y110.561 E0.00009
G1 X109.228 Y110.719 E0.0001
G1 X109.289 Y110.78 E0.00004
G1 X109.484 Y110.923 E0.00012
G1 X109.646 Y110.994 E0.00009
G1 X109.826 Y111.042 E0.00009
G1 X109.961 Y111.057 E0.00007
G1 X110.131 Y111.049 E0.00008
G1 X110.326 Y111.003 E0.0001
G1 X110.47 Y110.943 E0.00008
G1 X110.643 Y110.833 E0.0001
G1 X110.786 Y110.703 E0.0001
G1 X110.924 Y110.514 E0.00012
G1 X111.014 Y110.296 E0.00012
G1 X111.043 Y110.173 E0.00006
G1 X111.056 Y110.038 E0.00007
G1 X111.049 Y109.861 E0.00009
G1 X111.001 Y109.662 E0.0001
G1 X110.947 Y109.534 E0.00007
G1 X110.827 Y109.346 E0.00011
G1 X110.693 Y109.203 E0.0001
G1 X110.591 Y109.125 E0.00006
G1 X110.46 Y109.047 E0.00008
G1 X110.3 Y108.985 E0.00009
G1 X110.192 Y108.96 E0.00006
G1 X110.038 Y108.944 E0.00008
G1 X109.822 Y108.954 E0.00011
G0 F24000 X109.571 Y108.603
G1 F528 X109.389 Y108.679 E0.0001
G1 X109.221 Y108.769 E0.0001
G1 X109.108 Y108.847 E0.00007
G1 X108.906 Y109.035 E0.00014
G1 X108.742 Y109.261 E0.00014
G1 X108.64 Y109.467 E0.00011
G1 X108.608 Y109.559 E0.00005
G1 X108.565 Y109.741 E0.00009
G1 X108.543 Y109.915 E0.00009
G1 X108.545 Y110.103 E0.00009
G1 X108.57 Y110.288 E0.00009
G1 X108.606 Y110.427 E0.00007
G1 X108.657 Y110.569 E0.00008
G1 X108.769 Y110.776 E0.00012
G1 X108.932 Y110.989 E0.00013
G1 X109.024 Y111.081 E0.00006
G1 X109.234 Y111.238 E0.00013
G1 X109.366 Y111.312 E0.00008
G1 X109.568 Y111.391 E0.00011
G1 X109.763 Y111.437 E0.0001
G1 X109.945 Y111.457 E0.00009
G1 X110.197 Y111.444 E0.00013
G1 X110.446 Y111.385 E0.00013
G1 X110.656 Y111.297 E0.00011
G1 X110.887 Y111.15 E0.00014
G1 X111.086 Y110.968 E0.00013
G1 X111.211 Y110.806 E0.0001
G1 X111.31 Y110.637 E0.0001
G1 X111.395 Y110.418 E0.00012
G1 X111.438 Y110.236 E0.00009
G1 X111.457 Y110.051 E0.00009
G1 X111.443 Y109.794 E0.00013
G1 X111.414 Y109.655 E0.00007
G1 X111.357 Y109.467 E0.0001
G1 X111.23 Y109.224 E0.00014
G1 X111.072 Y109.017 E0.00013
G1 X110.958 Y108.902 E0.00008
G1 X110.822 Y108.798 E0.00009
G1 X110.628 Y108.684 E0.00011
G1 X110.422 Y108.603 E0.00011
G1 X110.253 Y108.565 E0.00009
G1 X110.051 Y108.543 E0.0001
G1 X109.836 Y108.549 E0.00011
G1 X109.751 Y108.56 E0.00004
G1 X109.571 Y108.603 E0.00009
G0 F24000 X109.349 Y108.257
G1 F528 X109.137 Y108.355 E0.00012
G1 X109.005 Y108.431 E0.00008
G1 X108.864 Y108.53 E0.00009
G1 X108.743 Y108.632 E0.00008
G1 X108.604 Y108.771 E0.0001
G1 X108.401 Y109.052 E0.00017
G1 X108.309 Y109.225 E0.0001
G1 X108.226 Y109.44 E0.00011
G1 X108.171 Y109.675 E0.00012
G1 X108.144 Y109.889 E0.00011
G1 X108.147 Y110.14 E0.00013
G1 X108.189 Y110.423 E0.00014
G1 X108.273 Y110.688 E0.00014
G1 X108.342 Y110.836 E0.00008
G1 X108.431 Y110.991 E0.00009
G1 X108.531 Y111.133 E0.00009
G1 X108.636 Y111.258 E0.00008
G1 X108.759 Y111.383 E0.00009
G1 X109.013 Y111.571 E0.00016
G1 X109.198 Y111.675 E0.00011
G1 X109.447 Y111.772 E0.00013
G1 X109.699 Y111.833 E0.00013
G1 X109.942 Y111.858 E0.00012
G1 X110.243 Y111.842 E0.00015
G1 X110.566 Y111.767 E0.00017
G1 X110.676 Y111.728 E0.00006
G1 X110.843 Y111.652 E0.00009
G1 X110.99 Y111.566 E0.00008
G1 X111.131 Y111.468 E0.00009
G1 X111.387 Y111.234 E0.00017
G1 X111.538 Y111.038 E0.00012
G1 X111.674 Y110.804 E0.00014
G1 X111.777 Y110.539 E0.00014
G1 X111.834 Y110.298 E0.00012
G1 X111.856 Y110.086 E0.00011
G1 X111.853 Y109.859 E0.00011
G1 X111.842 Y109.749 E0.00006
G1 X111.803 Y109.56 E0.0001
G1 X111.729 Y109.321 E0.00012
G1 X111.655 Y109.16 E0.00009
G1 X111.567 Y109.008 E0.00009
G1 X111.463 Y108.86 E0.00009
G1 X111.367 Y108.746 E0.00007
G1 X111.219 Y108.598 E0.0001
G1 X111.053 Y108.471 E0.0001
G1 X110.898 Y108.372 E0.00009
G1 X110.795 Y108.32 E0.00006
G1 X110.544 Y108.222 E0.00013
G1 X110.315 Y108.169 E0.00012
G1 X110.085 Y108.144 E0.00012
G1 X109.844 Y108.147 E0.00012
G1 X109.636 Y108.175 E0.0001
G1 X109.451 Y108.221 E0.0001
G1 X109.349 Y108.257 E0.00005
G0 F24000 X109.199 Y107.886
G1 F528 X108.953 Y107.999 E0.00014
G1 X108.79 Y108.094 E0.00009
G1 X108.62 Y108.212 E0.0001
G1 X108.473 Y108.336 E0.0001
G1 X108.302 Y108.506 E0.00012
G1 X108.143 Y108.716 E0.00013
G1 X108.021 Y108.91 E0.00011
G1 X107.947 Y109.055 E0.00008
G1 X107.844 Y109.321 E0.00014
G1 X107.776 Y109.609 E0.00015
G1 X107.747 Y109.838 E0.00012
G1 X107.741 Y110.049 E0.00011
G1 X107.748 Y110.176 E0.00006
G1 X107.78 Y110.421 E0.00012
G1 X107.843 Y110.668 E0.00013
G1 X107.899 Y110.831 E0.00009
G1 X107.987 Y111.023 E0.00011
G1 X108.094 Y111.206 E0.00011
G1 X108.214 Y111.377 E0.0001
G1 X108.34 Y111.528 E0.0001
G1 X108.506 Y111.693 E0.00012
G1 X108.725 Y111.859 E0.00014
G1 X108.859 Y111.948 E0.00008
G1 X109.03 Y112.039 E0.0001
G1 X109.325 Y112.154 E0.00016
G1 X109.636 Y112.229 E0.00016
G1 X109.885 Y112.256 E0.00012
G1 X110.159 Y112.252 E0.00014
G1 X110.296 Y112.239 E0.00007
G1 X110.686 Y112.149 E0.0002
G1 X110.82 Y112.101 E0.00007
G1 X111.029 Y112.006 E0.00011
G1 X111.206 Y111.903 E0.0001
G1 X111.374 Y111.785 E0.0001
G1 X111.528 Y111.656 E0.0001
G1 X111.682 Y111.505 E0.00011
G1 X111.864 Y111.27 E0.00015
G1 X111.96 Y111.12 E0.00009
G1 X112.038 Y110.97 E0.00008
G1 X112.158 Y110.661 E0.00017
G1 X112.229 Y110.361 E0.00015
G1 X112.255 Y110.115 E0.00012
G1 X112.252 Y109.834 E0.00014
G1 X112.234 Y109.669 E0.00008
G1 X112.147 Y109.305 E0.00019
G1 X112.074 Y109.109 E0.0001
G1 X112.009 Y108.974 E0.00007
G1 X111.904 Y108.792 E0.0001
G1 X111.781 Y108.617 E0.00011
G1 X111.662 Y108.476 E0.00009
G1 X111.498 Y108.31 E0.00012
G1 X111.284 Y108.144 E0.00014
G1 X111.123 Y108.04 E0.0001
G1 X110.963 Y107.957 E0.00009
G1 X110.666 Y107.841 E0.00016
G1 X110.376 Y107.773 E0.00015
G1 X110.115 Y107.745 E0.00013
G1 X109.821 Y107.748 E0.00015
G1 X109.611 Y107.773 E0.00011
G1 X109.33 Y107.84 E0.00014
G1 X109.199 Y107.886 E0.00007
G0 F24000 X109.209 Y107.458
G1 F528 X109.049 Y107.515 E0.00008
G1 X108.769 Y107.644 E0.00015
G1 X108.575 Y107.756 E0.00011
G1 X108.376 Y107.895 E0.00012
G1 X108.202 Y108.041 E0.00011
G1 X108.002 Y108.242 E0.00014
G1 X107.816 Y108.485 E0.00015
G1 X107.719 Y108.633 E0.00009
G1 X107.584 Y108.884 E0.00014
G1 X107.462 Y109.201 E0.00017
G1 X107.419 Y109.356 E0.00008
G1 X107.381 Y109.543 E0.0001
G1 X107.348 Y109.799 E0.00013
G1 X107.341 Y110.058 E0.00013
G1 X107.35 Y110.213 E0.00008
G1 X107.385 Y110.487 E0.00014
G1 X107.461 Y110.789 E0.00016
G1 X107.526 Y110.975 E0.0001
G1 X107.633 Y111.209 E0.00013
G1 X107.756 Y111.421 E0.00012
G1 X107.896 Y111.621 E0.00012
G1 X108.044 Y111.797 E0.00011
G1 X108.217 Y111.973 E0.00012
G1 X108.493 Y112.185 E0.00017
G1 X108.648 Y112.288 E0.00009
G1 X108.863 Y112.402 E0.00012
G1 X109.204 Y112.535 E0.00018
G1 X109.573 Y112.624 E0.00019
G1 X109.855 Y112.655 E0.00014
G1 X110.183 Y112.652 E0.00016
G1 X110.348 Y112.635 E0.00008
G1 X110.629 Y112.579 E0.00014
G1 X110.805 Y112.531 E0.00009
G1 X110.965 Y112.474 E0.00008
G1 X111.215 Y112.361 E0.00014
G1 X111.422 Y112.24 E0.00012
G1 X111.618 Y112.103 E0.00012
G1 X111.798 Y111.952 E0.00012
G1 X111.975 Y111.777 E0.00012
G1 X112.19 Y111.502 E0.00017
G1 X112.328 Y111.283 E0.00013
G1 X112.402 Y111.137 E0.00008
G1 X112.539 Y110.783 E0.00019
G1 X112.625 Y110.424 E0.00018
G1 X112.654 Y110.145 E0.00014
G1 X112.652 Y109.809 E0.00017
G1 X112.629 Y109.604 E0.0001
G1 X112.58 Y109.371 E0.00012
G1 X112.529 Y109.186 E0.0001
G1 X112.439 Y108.945 E0.00013
G1 X112.363 Y108.787 E0.00009
G1 X112.241 Y108.576 E0.00012
G1 X112.099 Y108.373 E0.00012
G1 X111.958 Y108.205 E0.00011
G1 X111.771 Y108.018 E0.00013
G1 X111.515 Y107.817 E0.00016
G1 X111.283 Y107.67 E0.00014
G1 X110.953 Y107.519 E0.00018
G1 X110.642 Y107.419 E0.00016
G1 X110.437 Y107.377 E0.0001
G1 X110.145 Y107.346 E0.00015
G1 X109.798 Y107.348 E0.00017
G1 X109.54 Y107.379 E0.00013
G1 X109.209 Y107.458 E0.00017
G0 F24000 X109.264 Y107.028
G1 F528 X109.089 Y107.077 E0.00009
G1 X108.898 Y107.144 E0.0001
G1 X108.585 Y107.288 E0.00017
G1 X108.36 Y107.419 E0.00013
G1 X108.133 Y107.577 E0.00014
G1 X107.932 Y107.746 E0.00013
G1 X107.719 Y107.958 E0.00015
G1 X107.489 Y108.254 E0.00019
G1 X107.378 Y108.424 E0.0001
G1 X107.222 Y108.713 E0.00016
G1 X107.147 Y108.89 E0.0001
G1 X107.08 Y109.082 E0.0001
G1 X107.03 Y109.263 E0.00009
G1 X106.986 Y109.477 E0.00011
G1 X106.95 Y109.76 E0.00014
G1 X106.941 Y110.066 E0.00015
G1 X106.951 Y110.25 E0.00009
G1 X106.99 Y110.553 E0.00015
G1 X107.023 Y110.71 E0.00008
G1 X107.152 Y111.119 E0.00021
G1 X107.279 Y111.396 E0.00015
G1 X107.419 Y111.637 E0.00014
G1 X107.578 Y111.864 E0.00014
G1 X107.748 Y112.067 E0.00013
G1 X107.945 Y112.266 E0.00014
G1 X108.261 Y112.511 E0.0002
G1 X108.517 Y112.675 E0.00015
G1 X108.695 Y112.765 E0.0001
G1 X109.082 Y112.916 E0.00021
G1 X109.274 Y112.969 E0.0001
G1 X109.51 Y113.02 E0.00012
G1 X109.825 Y113.054 E0.00016
G1 X110.208 Y113.051 E0.00019
G1 X110.494 Y113.017 E0.00014
G1 X110.723 Y112.968 E0.00012
G1 X110.925 Y112.913 E0.0001
G1 X111.11 Y112.847 E0.0001
G1 X111.401 Y112.715 E0.00016
G1 X111.638 Y112.577 E0.00014
G1 X111.862 Y112.42 E0.00014
G1 X112.067 Y112.248 E0.00013
G1 X112.268 Y112.05 E0.00014
G1 X112.516 Y111.735 E0.0002
G1 X112.679 Y111.475 E0.00015
G1 X112.766 Y111.304 E0.0001
G1 X112.921 Y110.905 E0.00021
G1 X113.02 Y110.487 E0.00021
G1 X113.058 Y110.066 E0.00021
G1 X113.051 Y109.785 E0.00014
G1 X113.032 Y109.594 E0.0001
G1 X112.969 Y109.276 E0.00016
G1 X112.911 Y109.067 E0.00011
G1 X112.848 Y108.885 E0.0001
G1 X112.717 Y108.6 E0.00016
G1 X112.578 Y108.36 E0.00014
G1 X112.417 Y108.13 E0.00014
G1 X112.253 Y107.935 E0.00013
G1 X112.044 Y107.726 E0.00015
G1 X111.746 Y107.49 E0.00019
G1 X111.475 Y107.319 E0.00016
G1 X111.298 Y107.23 E0.0001
G1 X110.91 Y107.078 E0.00021
G1 X110.736 Y107.03 E0.00009
G1 X110.498 Y106.981 E0.00012
G1 X110.065 Y106.942 E0.00022
G1 X109.776 Y106.949 E0.00014
G1 X109.613 Y106.963 E0.00008
G1 X109.264 Y107.028 E0.00018
G0 F24000 X108.968 Y106.695
G1 F528 X108.748 Y106.773 E0.00012
G1 X108.401 Y106.933 E0.00019
G1 X108.144 Y107.081 E0.00015
G1 X107.889 Y107.259 E0.00016
G1 X107.661 Y107.451 E0.00015
G1 X107.373 Y107.746 E0.00021
G1 X107.162 Y108.023 E0.00017
G1 X107.037 Y108.215 E0.00011
G1 X106.86 Y108.543 E0.00019
G1 X106.774 Y108.746 E0.00011
G1 X106.698 Y108.963 E0.00011
G1 X106.641 Y109.169 E0.00011
G1 X106.592 Y109.411 E0.00012
G1 X106.552 Y109.722 E0.00016
G1 X106.541 Y110.075 E0.00018
G1 X106.553 Y110.286 E0.00011
G1 X106.596 Y110.619 E0.00017
G1 X106.634 Y110.806 E0.0001
G1 X106.698 Y111.031 E0.00012
G1 X106.828 Y111.38 E0.00019
G1 X106.925 Y111.582 E0.00011
G1 X107.081 Y111.852 E0.00016
G1 X107.26 Y112.108 E0.00016
G1 X107.452 Y112.337 E0.00015
G1 X107.672 Y112.559 E0.00016
G1 X108.029 Y112.837 E0.00023
G1 X108.224 Y112.967 E0.00012
G1 X108.527 Y113.129 E0.00017
G1 X108.961 Y113.298 E0.00023
G1 X109.178 Y113.358 E0.00011
G1 X109.447 Y113.415 E0.00014
G1 X109.796 Y113.453 E0.00018
G1 X110.233 Y113.451 E0.00022
G1 X110.569 Y113.41 E0.00017
G1 X110.817 Y113.357 E0.00013
G1 X111.045 Y113.295 E0.00012
G1 X111.255 Y113.22 E0.00011
G1 X111.587 Y113.07 E0.00018
G1 X111.854 Y112.914 E0.00015
G1 X112.106 Y112.738 E0.00015
G1 X112.337 Y112.544 E0.00015
G1 X112.562 Y112.322 E0.00016
G1 X112.842 Y111.967 E0.00023
G1 X113.031 Y111.666 E0.00018
G1 X113.13 Y111.471 E0.00011
G1 X113.302 Y111.026 E0.00024
G1 X113.357 Y110.826 E0.0001
G1 X113.416 Y110.55 E0.00014
G1 X113.458 Y110.069 E0.00024
G1 X113.451 Y109.76 E0.00015
G1 X113.429 Y109.542 E0.00011
G1 X113.358 Y109.181 E0.00018
G1 X113.294 Y108.947 E0.00012
G1 X113.221 Y108.74 E0.00011
G1 X113.072 Y108.413 E0.00018
G1 X112.914 Y108.144 E0.00016
G1 X112.735 Y107.887 E0.00016
G1 X112.548 Y107.664 E0.00015
G1 X112.236 Y107.362 E0.00022
G1 X111.977 Y107.163 E0.00016
G1 X111.667 Y106.968 E0.00018
G1 X111.466 Y106.867 E0.00011
G1 X111.032 Y106.697 E0.00023
G1 X110.83 Y106.64 E0.0001
G1 X110.559 Y106.586 E0.00014
G1 X110.204 Y106.548 E0.00018
G1 X110.069 Y106.542 E0.00007
G1 X109.753 Y106.55 E0.00016
G1 X109.4 Y106.591 E0.00018
G1 X109.17 Y106.639 E0.00012
G1 X108.968 Y106.695 E0.0001
G0 F24000 X108.847 Y106.313
G1 F528 X108.597 Y106.402 E0.00013
G1 X108.217 Y106.577 E0.00021
G1 X107.929 Y106.744 E0.00017
G1 X107.645 Y106.942 E0.00017
G1 X107.39 Y107.156 E0.00017
G1 X107.064 Y107.492 E0.00023
G1 X106.835 Y107.792 E0.00019
G1 X106.696 Y108.006 E0.00013
G1 X106.498 Y108.372 E0.00021
G1 X106.4 Y108.602 E0.00012
G1 X106.316 Y108.844 E0.00013
G1 X106.252 Y109.076 E0.00012
G1 X106.197 Y109.345 E0.00014
G1 X106.153 Y109.683 E0.00017
G1 X106.141 Y110.084 E0.0002
G1 X106.154 Y110.323 E0.00012
G1 X106.201 Y110.686 E0.00018
G1 X106.246 Y110.901 E0.00011
G1 X106.317 Y111.152 E0.00013
G1 X106.405 Y111.406 E0.00013
G1 X106.57 Y111.769 E0.0002
G1 X106.744 Y112.067 E0.00017
G1 X106.942 Y112.351 E0.00017
G1 X107.156 Y112.606 E0.00017
G1 X107.399 Y112.852 E0.00017
G1 X107.797 Y113.164 E0.00025
G1 X108.134 Y113.378 E0.0002
G1 X108.359 Y113.492 E0.00013
G1 X108.839 Y113.679 E0.00026
G1 X109.083 Y113.746 E0.00013
G1 X109.384 Y113.811 E0.00015
G1 X109.766 Y113.852 E0.00019
G1 X109.924 Y113.859 E0.00008
G1 X110.257 Y113.85 E0.00017
G1 X110.504 Y113.826 E0.00012
G1 X110.911 Y113.745 E0.00021
G1 X111.165 Y113.677 E0.00013
G1 X111.4 Y113.593 E0.00012
G1 X111.774 Y113.424 E0.0002
G1 X112.071 Y113.251 E0.00017
G1 X112.35 Y113.055 E0.00017
G1 X112.606 Y112.84 E0.00017
G1 X112.855 Y112.594 E0.00017
G1 X113.168 Y112.199 E0.00025
G1 X113.382 Y111.858 E0.0002
G1 X113.494 Y111.637 E0.00012
G1 X113.683 Y111.148 E0.00026
G1 X113.746 Y110.921 E0.00012
G1 X113.811 Y110.613 E0.00016
G1 X113.851 Y110.234 E0.00019
G1 X113.858 Y110.072 E0.00008
G1 X113.85 Y109.735 E0.00017
G1 X113.803 Y109.348 E0.00019
G1 X113.746 Y109.087 E0.00013
G1 X113.676 Y108.828 E0.00013
G1 X113.594 Y108.595 E0.00012
G1 X113.426 Y108.226 E0.0002
G1 X113.251 Y107.928 E0.00017
G1 X113.053 Y107.643 E0.00017
G1 X112.843 Y107.394 E0.00016
G1 X112.59 Y107.141 E0.00018
G1 X112.49 Y107.053 E0.00007
G1 X112.208 Y106.836 E0.00018
G1 X111.859 Y106.616 E0.00021
G1 X111.633 Y106.504 E0.00013
G1 X111.391 Y106.401 E0.00013
G1 X111.154 Y106.316 E0.00013
G1 X110.924 Y106.251 E0.00012
G1 X110.62 Y106.19 E0.00015
G1 X110.234 Y106.149 E0.00019
G1 X110.072 Y106.142 E0.00008
G1 X109.73 Y106.15 E0.00017
G1 X109.329 Y106.197 E0.0002
G1 X109.075 Y106.25 E0.00013
G1 X108.847 Y106.313 E0.00012
G0 F24000 X108.727 Y105.932
G1 F528 X108.447 Y106.031 E0.00015
G1 X108.033 Y106.221 E0.00023
G1 X107.714 Y106.406 E0.00018
G1 X107.402 Y106.624 E0.00019
G1 X107.12 Y106.861 E0.00018
G1 X106.845 Y107.136 E0.00019
G1 X106.755 Y107.238 E0.00007
G1 X106.509 Y107.561 E0.0002
G1 X106.354 Y107.797 E0.00014
G1 X106.136 Y108.202 E0.00023
G1 X106.027 Y108.457 E0.00014
G1 X105.934 Y108.725 E0.00014
G1 X105.863 Y108.983 E0.00013
G1 X105.802 Y109.279 E0.00015
G1 X105.755 Y109.644 E0.00018
G1 X105.741 Y110.093 E0.00022
G1 X105.755 Y110.359 E0.00013
G1 X105.806 Y110.752 E0.0002
G1 X105.857 Y110.997 E0.00012
G1 X105.936 Y111.273 E0.00014
G1 X106.032 Y111.549 E0.00015
G1 X106.216 Y111.955 E0.00022
G1 X106.406 Y112.282 E0.00019
G1 X106.625 Y112.595 E0.00019
G1 X106.86 Y112.876 E0.00018
G1 X107.127 Y113.145 E0.00019
G1 X107.244 Y113.246 E0.00008
G1 X107.565 Y113.49 E0.0002
G1 X107.801 Y113.647 E0.00014
G1 X108.192 Y113.856 E0.00022
G1 X108.457 Y113.966 E0.00014
G1 X108.718 Y114.061 E0.00014
G1 X108.987 Y114.135 E0.00014
G1 X109.321 Y114.207 E0.00017
G1 X109.736 Y114.251 E0.00021
G1 X109.921 Y114.259 E0.00009
G1 X110.282 Y114.249 E0.00018
G1 X110.557 Y114.223 E0.00014
G1 X111.006 Y114.134 E0.00023
G1 X111.284 Y114.059 E0.00014
G1 X111.545 Y113.966 E0.00014
G1 X111.96 Y113.779 E0.00023
G1 X112.287 Y113.588 E0.00019
G1 X112.594 Y113.372 E0.00019
G1 X112.876 Y113.136 E0.00018
G1 X113.149 Y112.866 E0.00019
G1 X113.494 Y112.431 E0.00028
G1 X113.733 Y112.049 E0.00022
G1 X113.858 Y111.804 E0.00014
G1 X114.065 Y111.27 E0.00029
G1 X114.135 Y111.016 E0.00013
G1 X114.207 Y110.676 E0.00017
G1 X114.25 Y110.264 E0.00021
G1 X114.259 Y110.076 E0.00009
G1 X114.249 Y109.711 E0.00018
G1 X114.223 Y109.438 E0.00014
G1 X114.135 Y108.992 E0.00023
G1 X114.058 Y108.709 E0.00015
G1 X113.967 Y108.449 E0.00014
G1 X113.78 Y108.039 E0.00022
G1 X113.588 Y107.712 E0.00019
G1 X113.371 Y107.4 E0.00019
G1 X113.138 Y107.123 E0.00018
G1 X112.863 Y106.848 E0.00019
G1 X112.743 Y106.743 E0.00008
G1 X112.439 Y106.509 E0.00019
G1 X112.051 Y106.265 E0.00023
G1 X111.801 Y106.14 E0.00014
G1 X111.537 Y106.029 E0.00014
G1 X111.276 Y105.935 E0.00014
G1 X111.018 Y105.862 E0.00013
G1 X110.681 Y105.794 E0.00017
G1 X110.263 Y105.75 E0.00021
G1 X110.076 Y105.741 E0.00009
G1 X109.708 Y105.751 E0.00018
G1 X109.473 Y105.771 E0.00012
G1 X109.259 Y105.803 E0.00011
G1 X108.98 Y105.862 E0.00014
G1 X108.727 Y105.932 E0.00013
G0 F24000 X108.606 Y105.55
G1 F528 X108.297 Y105.66 E0.00016
G1 X107.849 Y105.866 E0.00025
G1 X107.499 Y106.068 E0.0002
G1 X107.158 Y106.307 E0.00021
G1 X106.849 Y106.566 E0.0002
G1 X106.553 Y106.862 E0.00021
G1 X106.446 Y106.984 E0.00008
G1 X106.182 Y107.33 E0.00022
G1 X106.013 Y107.587 E0.00015
G1 X105.774 Y108.031 E0.00025
G1 X105.654 Y108.313 E0.00015
G1 X105.552 Y108.606 E0.00015
G1 X105.473 Y108.89 E0.00015
G1 X105.407 Y109.213 E0.00016
G1 X105.356 Y109.605 E0.0002
G1 X105.344 Y109.794 E0.00009
G1 X105.341 Y110.102 E0.00015
G1 X105.357 Y110.396 E0.00015
G1 X105.411 Y110.818 E0.00021
G1 X105.468 Y111.093 E0.00014
G1 X105.554 Y111.393 E0.00016
G1 X105.658 Y111.693 E0.00016
G1 X105.862 Y112.141 E0.00025
G1 X106.068 Y112.497 E0.00021
G1 X106.307 Y112.839 E0.00021
G1 X106.564 Y113.145 E0.0002
G1 X106.854 Y113.439 E0.00021
G1 X106.993 Y113.557 E0.00009
G1 X107.333 Y113.816 E0.00021
G1 X107.751 Y114.081 E0.00025
G1 X108.024 Y114.219 E0.00015
G1 X108.311 Y114.339 E0.00016
G1 X108.596 Y114.442 E0.00015
G1 X108.891 Y114.524 E0.00015
G1 X109.258 Y114.602 E0.00019
G1 X109.707 Y114.65 E0.00023
G1 X109.917 Y114.659 E0.0001
G1 X110.306 Y114.649 E0.00019
G1 X110.609 Y114.619 E0.00015
G1 X111.1 Y114.523 E0.00025
G1 X111.404 Y114.441 E0.00016
G1 X111.689 Y114.339 E0.00015
G1 X112.146 Y114.133 E0.00025
G1 X112.503 Y113.925 E0.00021
G1 X112.838 Y113.69 E0.0002
G1 X113.146 Y113.432 E0.0002
G1 X113.442 Y113.139 E0.00021
G1 X113.82 Y112.663 E0.0003
G1 X114.085 Y112.241 E0.00025
G1 X114.222 Y111.971 E0.00015
G1 X114.339 Y111.686 E0.00015
G1 X114.446 Y111.391 E0.00016
G1 X114.524 Y111.111 E0.00015
G1 X114.603 Y110.738 E0.00019
G1 X114.65 Y110.293 E0.00022
G1 X114.659 Y110.079 E0.00011
G1 X114.649 Y109.686 E0.0002
G1 X114.619 Y109.386 E0.00015
G1 X114.589 Y109.199 E0.00009
G1 X114.524 Y108.897 E0.00015
G1 X114.44 Y108.59 E0.00016
G1 X114.339 Y108.304 E0.00015
G1 X114.134 Y107.852 E0.00025
G1 X113.925 Y107.496 E0.00021
G1 X113.689 Y107.157 E0.00021
G1 X113.434 Y106.853 E0.0002
G1 X113.137 Y106.556 E0.00021
G1 X112.997 Y106.434 E0.00009
G1 X112.67 Y106.182 E0.00021
G1 X112.243 Y105.914 E0.00025
G1 X111.969 Y105.777 E0.00015
G1 X111.683 Y105.656 E0.00015
G1 X111.398 Y105.554 E0.00015
G1 X111.112 Y105.473 E0.00015
G1 X110.743 Y105.398 E0.00019
G1 X110.293 Y105.35 E0.00023
G1 X110.079 Y105.341 E0.00011
G1 X109.685 Y105.351 E0.0002
G1 X109.426 Y105.374 E0.00013
G1 X109.188 Y105.409 E0.00012
G1 X108.885 Y105.473 E0.00015
G1 X108.606 Y105.55 E0.00014
G0 F24000 X108.791 Y105.084
G1 F528 X108.485 Y105.169 E0.00016
G1 X108.146 Y105.289 E0.00018
G1 X107.665 Y105.51 E0.00026
G1 X107.283 Y105.731 E0.00022
G1 X106.914 Y105.989 E0.00022
G1 X106.578 Y106.271 E0.00022
G1 X106.262 Y106.588 E0.00022
G1 X106.136 Y106.73 E0.00009
G1 X105.855 Y107.099 E0.00023
G1 X105.672 Y107.378 E0.00017
G1 X105.412 Y107.86 E0.00027
G1 X105.28 Y108.169 E0.00017
G1 X105.17 Y108.487 E0.00017
G1 X105.084 Y108.796 E0.00016
G1 X105.013 Y109.147 E0.00018
G1 X104.958 Y109.567 E0.00021
G1 X104.944 Y109.779 E0.00011
G1 X104.941 Y110.11 E0.00017
G1 X104.958 Y110.433 E0.00016
G1 X105.017 Y110.884 E0.00023
G1 X105.08 Y111.188 E0.00015
G1 X105.173 Y111.514 E0.00017
G1 X105.285 Y111.836 E0.00017
G1 X105.368 Y112.034 E0.00011
G1 X105.508 Y112.328 E0.00016
G1 X105.731 Y112.713 E0.00022
G1 X105.989 Y113.082 E0.00022
G1 X106.268 Y113.415 E0.00022
G1 X106.581 Y113.732 E0.00022
G1 X106.742 Y113.869 E0.00011
G1 X107.101 Y114.142 E0.00023
G1 X107.378 Y114.326 E0.00017
G1 X107.56 Y114.432 E0.00011
G1 X107.856 Y114.582 E0.00017
G1 X108.166 Y114.712 E0.00017
G1 X108.475 Y114.823 E0.00016
G1 X108.796 Y114.912 E0.00017
G1 X109.195 Y114.998 E0.0002
G1 X109.677 Y115.049 E0.00024
G1 X109.914 Y115.059 E0.00012
G1 X110.331 Y115.048 E0.00021
G1 X110.661 Y115.016 E0.00017
G1 X110.867 Y114.982 E0.0001
G1 X111.194 Y114.912 E0.00017
G1 X111.524 Y114.823 E0.00017
G1 X111.834 Y114.712 E0.00016
G1 X112.332 Y114.488 E0.00027
G1 X112.719 Y114.262 E0.00022
G1 X113.082 Y114.007 E0.00022
G1 X113.415 Y113.728 E0.00022
G1 X113.735 Y113.411 E0.00022
G1 X113.87 Y113.253 E0.0001
G1 X114.146 Y112.895 E0.00023
G1 X114.329 Y112.616 E0.00017
G1 X114.436 Y112.432 E0.00011
G1 X114.586 Y112.137 E0.00017
G1 X114.712 Y111.831 E0.00017
G1 X114.827 Y111.513 E0.00017
G1 X114.912 Y111.205 E0.00016
G1 X114.998 Y110.801 E0.00021
G1 X115.049 Y110.323 E0.00024
G1 X115.059 Y110.082 E0.00012
G1 X115.048 Y109.661 E0.00021
G1 X115.016 Y109.334 E0.00016
G1 X114.982 Y109.124 E0.00011
G1 X114.912 Y108.803 E0.00016
G1 X114.822 Y108.471 E0.00017
G1 X114.712 Y108.159 E0.00017
G1 X114.488 Y107.665 E0.00027
G1 X114.262 Y107.28 E0.00022
G1 X114.007 Y106.913 E0.00022
G1 X113.729 Y106.582 E0.00022
G1 X113.41 Y106.263 E0.00023
G1 X113.251 Y106.125 E0.00011
G1 X112.901 Y105.855 E0.00022
G1 X112.435 Y105.563 E0.00027
G1 X112.136 Y105.414 E0.00017
G1 X111.829 Y105.283 E0.00017
G1 X111.52 Y105.172 E0.00016
G1 X111.206 Y105.084 E0.00016
G1 X110.804 Y105.002 E0.0002
G1 X110.323 Y104.951 E0.00024
G1 X110.082 Y104.941 E0.00012
G1 X109.662 Y104.952 E0.00021
G1 X109.379 Y104.977 E0.00014
G1 X109.118 Y105.015 E0.00013
G1 X108.791 Y105.084 E0.00017
G0 F24000 X108.724 Y104.812
;TYPE:WALL-OUTER
G1 F528 X108.401 Y104.902 E0.00017
G1 X108.041 Y105.029 E0.00019
G1 X107.536 Y105.261 E0.00028
G1 X107.133 Y105.495 E0.00023
G1 X106.743 Y105.767 E0.00024
G1 X106.389 Y106.065 E0.00023
G1 X106.058 Y106.396 E0.00023
G1 X105.92 Y106.552 E0.0001
G1 X105.626 Y106.937 E0.00024
G1 X105.433 Y107.232 E0.00018
G1 X105.317 Y107.434 E0.00012
G1 X105.158 Y107.741 E0.00017
G1 X105.019 Y108.068 E0.00018
G1 X104.902 Y108.404 E0.00018
G1 X104.812 Y108.731 E0.00017
G1 X104.736 Y109.101 E0.00019
G1 X104.679 Y109.539 E0.00022
G1 X104.664 Y109.769 E0.00011
G1 X104.661 Y110.116 E0.00017
G1 X104.679 Y110.458 E0.00017
G1 X104.74 Y110.931 E0.00024
G1 X104.807 Y111.255 E0.00017
G1 X104.906 Y111.599 E0.00018
G1 X105.023 Y111.937 E0.00018
G1 X105.26 Y112.458 E0.00029
G1 X105.495 Y112.863 E0.00023
G1 X105.767 Y113.253 E0.00024
G1 X106.061 Y113.604 E0.00023
G1 X106.391 Y113.937 E0.00023
G1 X106.566 Y114.086 E0.00011
G1 X106.938 Y114.371 E0.00023
G1 X107.23 Y114.564 E0.00017
G1 X107.426 Y114.678 E0.00011
G1 X107.739 Y114.837 E0.00018
G1 X108.065 Y114.973 E0.00018
G1 X108.39 Y115.09 E0.00017
G1 X108.729 Y115.185 E0.00018
G1 X109.151 Y115.275 E0.00022
G1 X109.656 Y115.328 E0.00025
G1 X109.911 Y115.339 E0.00013
G1 X110.348 Y115.328 E0.00022
G1 X110.698 Y115.294 E0.00018
G1 X110.92 Y115.257 E0.00011
G1 X111.26 Y115.184 E0.00017
G1 X111.608 Y115.09 E0.00018
G1 X111.936 Y114.973 E0.00017
G1 X112.463 Y114.736 E0.00029
G1 X112.871 Y114.498 E0.00024
G1 X113.252 Y114.23 E0.00023
G1 X113.604 Y113.935 E0.00023
G1 X113.941 Y113.602 E0.00024
G1 X114.087 Y113.43 E0.00011
G1 X114.375 Y113.058 E0.00023
G1 X114.567 Y112.763 E0.00018
G1 X114.682 Y112.566 E0.00011
G1 X114.84 Y112.254 E0.00017
G1 X114.973 Y111.932 E0.00017
G1 X115.094 Y111.598 E0.00018
G1 X115.184 Y111.272 E0.00017
G1 X115.275 Y110.845 E0.00022
G1 X115.328 Y110.344 E0.00025
G1 X115.339 Y110.085 E0.00013
G1 X115.328 Y109.644 E0.00022
G1 X115.294 Y109.298 E0.00017
G1 X115.257 Y109.072 E0.00011
G1 X115.185 Y108.736 E0.00017
G1 X115.09 Y108.388 E0.00018
G1 X114.973 Y108.057 E0.00018
G1 X114.736 Y107.534 E0.00029
G1 X114.498 Y107.129 E0.00023
G1 X114.229 Y106.743 E0.00023
G1 X113.935 Y106.393 E0.00023
G1 X113.601 Y106.058 E0.00024
G1 X113.428 Y105.908 E0.00011
G1 X113.063 Y105.626 E0.00023
G1 X112.57 Y105.317 E0.00029
G1 X112.253 Y105.159 E0.00018
G1 X111.931 Y105.023 E0.00017
G1 X111.606 Y104.905 E0.00017
G1 X111.272 Y104.812 E0.00017
G1 X110.847 Y104.725 E0.00022
G1 X110.344 Y104.672 E0.00025
G1 X110.085 Y104.661 E0.00013
G1 X109.647 Y104.672 E0.00022
G1 X109.346 Y104.698 E0.00015
G1 X109.069 Y104.74 E0.00014
G1 X108.724 Y104.812 E0.00018
G0 F24000 X108.532 Y104.865
G0 X108.768 Y105.716
G1 F60 E-0.001
G1 F18000 Z3.1
G0 F24000 X108.766 Y105.717 Z3.1
G0 X124.758 Y109.907
;TYPE:WALL-INNER
G1 F18000 Z1.5
G1 F60 E0.001
G1 F792 X124.746 Y110.044 Z1.454158 E0.00007
G1 X124.758 Y110.089 Z1.438634 E0.00002
G1 X124.82 Y110.18 Z1.40193 E0.00005
G1 X124.889 Y110.23 Z1.373526 E0.00004
G1 X124.921 Y110.242 Z1.362134 E0.00002
G1 X125.025 Y110.255 Z1.327197 E0.00005
G1 X125.117 Y110.224 Z1.294837 E0.00005
G1 X125.187 Y110.169 Z1.265163 E0.00004
G1 X125.224 Y110.121 Z1.244961 E0.00003
G1 X125.245 Y110.07 Z1.226576 E0.00003
G1 X125.253 Y109.998 Z1.202428 E0.00004
G1 X125.238 Y109.908 Z1.172014 E0.00005
G1 X125.2 Y109.846 Z1.147775 E0.00004
G1 X125.118 Y109.771 Z1.110733 E0.00006
G1 X125.087901 Y109.759562 Z1.1 E0.000042
G1 F528
G1 X125.068 Y109.752 E0.00003
G1 X125.023 Y109.753 E0.00002
G1 X125.022 Y109.746 E0
G1 X124.946 Y109.745 E0.00004
G1 X124.863 Y109.784 E0.00005
G1 X124.82 Y109.817 E0.00003
G1 X124.758 Y109.907 E0.00005
G0 F24000 X125.002 Y109.991
G1 F2112 X124.985 Y110.001 E0
G1 X125.003 Y110.011 E0
G1 X125.009 Y110.001 E0
G0 F24000 X124.905 Y109.346
G1 F528 X124.818 Y109.364 E0.00004
G1 X124.651 Y109.444 E0.00009
G1 X124.51 Y109.562 E0.00009
G1 X124.425 Y109.678 E0.00007
G1 X124.384 Y109.764 E0.00005
G1 X124.362 Y109.84 E0.00004
G1 X124.344 Y109.989 E0.00007
G1 X124.347 Y110.093 E0.00005
G1 X124.391 Y110.253 E0.00008
G1 X124.48 Y110.397 E0.00008
G1 X124.554 Y110.48 E0.00006
G1 X124.69 Y110.579 E0.00008
G1 X124.84 Y110.635 E0.00008
G1 X124.998 Y110.655 E0.00008
G1 X125.078 Y110.651 E0.00004
G1 X125.198 Y110.626 E0.00006
G1 X125.302 Y110.579 E0.00006
G1 X125.401 Y110.513 E0.00006
G1 X125.488 Y110.434 E0.00006
G1 X125.58 Y110.305 E0.00008
G1 X125.617 Y110.221 E0.00005
G1 X125.642 Y110.131 E0.00005
G1 X125.652 Y109.958 E0.00009
G1 X125.612 Y109.76 E0.0001
G1 X125.528 Y109.618 E0.00008
G1 X125.429 Y109.504 E0.00008
G1 X125.313 Y109.421 E0.00007
G1 X125.168 Y109.363 E0.00008
G1 X125.064 Y109.348 E0.00005
G1 X124.905 Y109.346 E0.00008
G0 F24000 X124.692 Y108.984
G1 F528 X124.505 Y109.066 E0.0001
G1 X124.351 Y109.165 E0.00009
G1 X124.208 Y109.298 E0.0001
G1 X124.071 Y109.492 E0.00012
G1 X124.006 Y109.633 E0.00008
G1 X123.967 Y109.776 E0.00007
G1 X123.944 Y109.971 E0.0001
G1 X123.95 Y110.144 E0.00009
G1 X123.971 Y110.248 E0.00005
G1 X124.021 Y110.407 E0.00008
G1 X124.104 Y110.558 E0.00009
G1 X124.163 Y110.641 E0.00005
G1 X124.289 Y110.781 E0.00009
G1 X124.489 Y110.926 E0.00012
G1 X124.611 Y110.982 E0.00007
G1 X124.737 Y111.022 E0.00007
G1 X124.979 Y111.056 E0.00012
G1 X125.174 Y111.041 E0.0001
G1 X125.311 Y111.01 E0.00007
G1 X125.487 Y110.934 E0.0001
G1 X125.645 Y110.83 E0.00009
G1 X125.788 Y110.699 E0.0001
G1 X125.928 Y110.504 E0.00012
G1 X125.983 Y110.385 E0.00007
G1 X126.037 Y110.197 E0.0001
G1 X126.054 Y109.974 E0.00011
G1 X126.035 Y109.793 E0.00009
G1 X126.001 Y109.662 E0.00007
G1 X125.947 Y109.534 E0.00007
G1 X125.871 Y109.41 E0.00007
G1 X125.777 Y109.287 E0.00008
G1 X125.693 Y109.203 E0.00006
G1 X125.591 Y109.125 E0.00006
G1 X125.46 Y109.047 E0.00008
G1 X125.3 Y108.985 E0.00009
G1 X125.106 Y108.95 E0.0001
G1 X124.889 Y108.946 E0.00011
G1 X124.692 Y108.984 E0.0001
G0 F24000 X124.571 Y108.603
G1 F528 X124.321 Y108.711 E0.00014
G1 X124.108 Y108.847 E0.00013
G1 X123.906 Y109.035 E0.00014
G1 X123.742 Y109.261 E0.00014
G1 X123.64 Y109.467 E0.00011
G1 X123.572 Y109.713 E0.00013
G1 X123.543 Y109.953 E0.00012
G1 X123.553 Y110.191 E0.00012
G1 X123.583 Y110.343 E0.00008
G1 X123.651 Y110.561 E0.00011
G1 X123.766 Y110.773 E0.00012
G1 X123.935 Y110.992 E0.00014
G1 X124.024 Y111.082 E0.00006
G1 X124.294 Y111.276 E0.00017
G1 X124.467 Y111.355 E0.00009
G1 X124.643 Y111.411 E0.00009
G1 X124.96 Y111.457 E0.00016
G1 X125.208 Y111.441 E0.00012
G1 X125.431 Y111.392 E0.00011
G1 X125.671 Y111.289 E0.00013
G1 X125.888 Y111.148 E0.00013
G1 X126.089 Y110.965 E0.00014
G1 X126.278 Y110.699 E0.00016
G1 X126.357 Y110.529 E0.00009
G1 X126.432 Y110.262 E0.00014
G1 X126.453 Y110.076 E0.00009
G1 X126.45 Y109.893 E0.00009
G1 X126.429 Y109.725 E0.00008
G1 X126.357 Y109.467 E0.00013
G1 X126.301 Y109.347 E0.00007
G1 X126.199 Y109.181 E0.0001
G1 X126.072 Y109.017 E0.0001
G1 X125.958 Y108.902 E0.00008
G1 X125.822 Y108.798 E0.00009
G1 X125.628 Y108.684 E0.00011
G1 X125.422 Y108.603 E0.00011
G1 X125.253 Y108.565 E0.00009
G1 X125.051 Y108.543 E0.0001
G1 X124.836 Y108.549 E0.00011
G1 X124.751 Y108.56 E0.00004
G1 X124.571 Y108.603 E0.00009
G0 F24000 X124.349 Y108.257
G1 F528 X124.137 Y108.355 E0.00012
G1 X124.005 Y108.431 E0.00008
G1 X123.864 Y108.53 E0.00009
G1 X123.743 Y108.632 E0.00008
G1 X123.604 Y108.771 E0.0001
G1 X123.401 Y109.052 E0.00017
G1 X123.267 Y109.323 E0.00015
G1 X123.198 Y109.546 E0.00012
G1 X123.176 Y109.649 E0.00005
G1 X123.142 Y109.94 E0.00015
G1 X123.148 Y110.152 E0.00011
G1 X123.165 Y110.303 E0.00008
G1 X123.209 Y110.496 E0.0001
G1 X123.281 Y110.715 E0.00012
G1 X123.429 Y110.988 E0.00015
G1 X123.528 Y111.129 E0.00009
G1 X123.639 Y111.261 E0.00009
G1 X123.759 Y111.384 E0.00009
G1 X124.085 Y111.618 E0.0002
G1 X124.323 Y111.728 E0.00013
G1 X124.548 Y111.8 E0.00012
G1 X124.656 Y111.822 E0.00005
G1 X124.941 Y111.857 E0.00014
G1 X125.128 Y111.853 E0.00009
G1 X125.315 Y111.829 E0.00009
G1 X125.507 Y111.786 E0.0001
G1 X125.656 Y111.736 E0.00008
G1 X125.856 Y111.645 E0.00011
G1 X125.985 Y111.569 E0.00007
G1 X126.132 Y111.466 E0.00009
G1 X126.261 Y111.357 E0.00008
G1 X126.39 Y111.23 E0.00009
G1 X126.619 Y110.91 E0.0002
G1 X126.73 Y110.674 E0.00013
G1 X126.804 Y110.436 E0.00012
G1 X126.827 Y110.328 E0.00006
G1 X126.85 Y110.136 E0.0001
G1 X126.854 Y109.957 E0.00009
G1 X126.824 Y109.658 E0.00015
G1 X126.765 Y109.424 E0.00012
G1 X126.729 Y109.321 E0.00005
G1 X126.655 Y109.16 E0.00009
G1 X126.463 Y108.86 E0.00018
G1 X126.367 Y108.746 E0.00007
G1 X126.219 Y108.598 E0.0001
G1 X126.053 Y108.471 E0.0001
G1 X125.898 Y108.372 E0.00009
G1 X125.795 Y108.32 E0.00006
G1 X125.544 Y108.222 E0.00013
G1 X125.315 Y108.169 E0.00012
G1 X125.085 Y108.144 E0.00012
G1 X124.844 Y108.147 E0.00012
G1 X124.636 Y108.175 E0.0001
G1 X124.451 Y108.221 E0.0001
G1 X124.349 Y108.257 E0.00005
G0 F24000 X124.199 Y107.886
G1 F528 X123.953 Y107.999 E0.00014
G1 X123.79 Y108.094 E0.00009
G1 X123.62 Y108.212 E0.0001
G1 X123.473 Y108.336 E0.0001
G1 X123.302 Y108.506 E0.00012
G1 X123.143 Y108.716 E0.00013
G1 X123.021 Y108.91 E0.00011
G1 X122.894 Y109.179 E0.00015
G1 X122.808 Y109.453 E0.00014
G1 X122.781 Y109.585 E0.00007
G1 X122.742 Y109.937 E0.00018
G1 X122.758 Y110.286 E0.00017
G1 X122.805 Y110.533 E0.00013
G1 X122.917 Y110.881 E0.00018
G1 X123.091 Y111.203 E0.00018
G1 X123.211 Y111.373 E0.0001
G1 X123.343 Y111.531 E0.0001
G1 X123.495 Y111.685 E0.00011
G1 X123.721 Y111.856 E0.00014
G1 X123.883 Y111.963 E0.0001
G1 X124.179 Y112.102 E0.00016
G1 X124.454 Y112.189 E0.00014
G1 X124.592 Y112.217 E0.00007
G1 X124.937 Y112.258 E0.00017
G1 X125.154 Y112.252 E0.00011
G1 X125.386 Y112.223 E0.00012
G1 X125.671 Y112.155 E0.00015
G1 X125.806 Y112.108 E0.00007
G1 X126.041 Y112 E0.00013
G1 X126.201 Y111.906 E0.00009
G1 X126.376 Y111.783 E0.00011
G1 X126.531 Y111.653 E0.0001
G1 X126.69 Y111.495 E0.00011
G1 X126.853 Y111.282 E0.00013
G1 X126.994 Y111.057 E0.00013
G1 X127.103 Y110.818 E0.00013
G1 X127.193 Y110.532 E0.00015
G1 X127.222 Y110.394 E0.00007
G1 X127.248 Y110.173 E0.00011
G1 X127.254 Y109.948 E0.00011
G1 X127.218 Y109.59 E0.00018
G1 X127.147 Y109.305 E0.00015
G1 X127.074 Y109.109 E0.0001
G1 X127.009 Y108.974 E0.00007
G1 X126.903 Y108.793 E0.0001
G1 X126.781 Y108.617 E0.00011
G1 X126.662 Y108.476 E0.00009
G1 X126.498 Y108.31 E0.00012
G1 X126.284 Y108.144 E0.00014
G1 X126.123 Y108.04 E0.0001
G1 X125.963 Y107.957 E0.00009
G1 X125.666 Y107.841 E0.00016
G1 X125.376 Y107.773 E0.00015
G1 X125.115 Y107.745 E0.00013
G1 X124.821 Y107.748 E0.00015
G1 X124.611 Y107.773 E0.00011
G1 X124.33 Y107.84 E0.00014
G1 X124.199 Y107.886 E0.00007
G0 F24000 X124.209 Y107.458
G1 F528 X124.049 Y107.515 E0.00008
G1 X123.769 Y107.644 E0.00015
G1 X123.575 Y107.756 E0.00011
G1 X123.376 Y107.895 E0.00012
G1 X123.202 Y108.041 E0.00011
G1 X123.002 Y108.242 E0.00014
G1 X122.816 Y108.485 E0.00015
G1 X122.719 Y108.633 E0.00009
G1 X122.584 Y108.884 E0.00014
G1 X122.52 Y109.034 E0.00008
G1 X122.419 Y109.359 E0.00017
G1 X122.386 Y109.522 E0.00008
G1 X122.345 Y109.866 E0.00017
G1 X122.349 Y110.198 E0.00017
G1 X122.378 Y110.446 E0.00012
G1 X122.416 Y110.628 E0.00009
G1 X122.535 Y111.006 E0.0002
G1 X122.628 Y111.2 E0.00011
G1 X122.753 Y111.418 E0.00013
G1 X122.893 Y111.617 E0.00012
G1 X123.047 Y111.801 E0.00012
G1 X123.24 Y111.994 E0.00014
G1 X123.489 Y112.183 E0.00016
G1 X123.716 Y112.328 E0.00013
G1 X124.034 Y112.475 E0.00017
G1 X124.36 Y112.578 E0.00017
G1 X124.527 Y112.613 E0.00009
G1 X124.934 Y112.658 E0.0002
G1 X125.179 Y112.651 E0.00012
G1 X125.456 Y112.617 E0.00014
G1 X125.791 Y112.537 E0.00017
G1 X125.956 Y112.479 E0.00009
G1 X126.226 Y112.355 E0.00015
G1 X126.416 Y112.244 E0.00011
G1 X126.62 Y112.101 E0.00012
G1 X126.801 Y111.948 E0.00012
G1 X127.001 Y111.748 E0.00014
G1 X127.18 Y111.514 E0.00015
G1 X127.33 Y111.279 E0.00014
G1 X127.476 Y110.963 E0.00017
G1 X127.581 Y110.628 E0.00018
G1 X127.617 Y110.459 E0.00009
G1 X127.647 Y110.21 E0.00013
G1 X127.654 Y109.939 E0.00014
G1 X127.646 Y109.783 E0.00008
G1 X127.613 Y109.522 E0.00013
G1 X127.529 Y109.186 E0.00017
G1 X127.439 Y108.945 E0.00013
G1 X127.363 Y108.787 E0.00009
G1 X127.24 Y108.577 E0.00012
G1 X127.099 Y108.373 E0.00012
G1 X126.958 Y108.205 E0.00011
G1 X126.771 Y108.018 E0.00013
G1 X126.515 Y107.817 E0.00016
G1 X126.283 Y107.67 E0.00014
G1 X125.953 Y107.519 E0.00018
G1 X125.642 Y107.419 E0.00016
G1 X125.437 Y107.377 E0.0001
G1 X125.062 Y107.343 E0.00019
G1 X124.798 Y107.348 E0.00013
G1 X124.54 Y107.379 E0.00013
G1 X124.209 Y107.458 E0.00017
G0 F24000 X124.264 Y107.028
G1 F528 X124.089 Y107.077 E0.00009
G1 X123.898 Y107.144 E0.0001
G1 X123.585 Y107.288 E0.00017
G1 X123.36 Y107.419 E0.00013
G1 X123.133 Y107.577 E0.00014
G1 X122.932 Y107.746 E0.00013
G1 X122.719 Y107.958 E0.00015
G1 X122.489 Y108.254 E0.00019
G1 X122.378 Y108.424 E0.0001
G1 X122.222 Y108.713 E0.00016
G1 X122.147 Y108.89 E0.0001
G1 X122.08 Y109.083 E0.0001
G1 X122.03 Y109.265 E0.00009
G1 X121.99 Y109.458 E0.0001
G1 X121.946 Y109.835 E0.00019
G1 X121.949 Y110.22 E0.00019
G1 X121.984 Y110.517 E0.00015
G1 X122.028 Y110.723 E0.00011
G1 X122.084 Y110.924 E0.0001
G1 X122.161 Y111.149 E0.00012
G1 X122.275 Y111.388 E0.00013
G1 X122.416 Y111.633 E0.00014
G1 X122.576 Y111.861 E0.00014
G1 X122.752 Y112.07 E0.00014
G1 X122.949 Y112.271 E0.00014
G1 X123.257 Y112.509 E0.00019
G1 X123.525 Y112.68 E0.00016
G1 X123.89 Y112.849 E0.0002
G1 X124.086 Y112.917 E0.0001
G1 X124.265 Y112.967 E0.00009
G1 X124.462 Y113.008 E0.0001
G1 X124.843 Y113.054 E0.00019
G1 X125.204 Y113.051 E0.00018
G1 X125.526 Y113.011 E0.00016
G1 X125.732 Y112.968 E0.0001
G1 X125.911 Y112.918 E0.00009
G1 X126.106 Y112.85 E0.0001
G1 X126.41 Y112.71 E0.00017
G1 X126.632 Y112.581 E0.00013
G1 X126.863 Y112.419 E0.00014
G1 X127.07 Y112.244 E0.00014
G1 X127.311 Y112.001 E0.00017
G1 X127.507 Y111.745 E0.00016
G1 X127.681 Y111.471 E0.00016
G1 X127.85 Y111.108 E0.0002
G1 X127.97 Y110.724 E0.0002
G1 X128.012 Y110.525 E0.0001
G1 X128.052 Y110.145 E0.00019
G1 X128.055 Y109.93 E0.00011
G1 X128.044 Y109.747 E0.00009
G1 X128.007 Y109.454 E0.00015
G1 X127.911 Y109.067 E0.0002
G1 X127.848 Y108.885 E0.0001
G1 X127.717 Y108.6 E0.00016
G1 X127.577 Y108.361 E0.00014
G1 X127.417 Y108.13 E0.00014
G1 X127.253 Y107.935 E0.00013
G1 X127.044 Y107.726 E0.00015
G1 X126.746 Y107.49 E0.00019
G1 X126.475 Y107.319 E0.00016
G1 X126.298 Y107.23 E0.0001
G1 X125.91 Y107.078 E0.00021
G1 X125.736 Y107.03 E0.00009
G1 X125.498 Y106.981 E0.00012
G1 X125.065 Y106.942 E0.00022
G1 X124.776 Y106.949 E0.00014
G1 X124.613 Y106.963 E0.00008
G1 X124.264 Y107.028 E0.00018
G0 F24000 X123.968 Y106.695
G1 F528 X123.748 Y106.773 E0.00012
G1 X123.401 Y106.933 E0.00019
G1 X123.144 Y107.081 E0.00015
G1 X122.889 Y107.259 E0.00016
G1 X122.661 Y107.451 E0.00015
G1 X122.373 Y107.746 E0.00021
G1 X122.162 Y108.023 E0.00017
G1 X122.037 Y108.215 E0.00011
G1 X121.86 Y108.543 E0.00019
G1 X121.774 Y108.746 E0.00011
G1 X121.698 Y108.964 E0.00012
G1 X121.641 Y109.172 E0.00011
G1 X121.595 Y109.394 E0.00011
G1 X121.547 Y109.803 E0.00021
G1 X121.55 Y110.243 E0.00022
G1 X121.59 Y110.588 E0.00017
G1 X121.639 Y110.818 E0.00012
G1 X121.702 Y111.043 E0.00012
G1 X121.788 Y111.292 E0.00013
G1 X121.921 Y111.576 E0.00016
G1 X122.078 Y111.848 E0.00016
G1 X122.258 Y112.105 E0.00016
G1 X122.456 Y112.34 E0.00015
G1 X122.676 Y112.564 E0.00016
G1 X123.026 Y112.836 E0.00022
G1 X123.333 Y113.031 E0.00018
G1 X123.533 Y113.131 E0.00011
G1 X123.746 Y113.222 E0.00012
G1 X123.967 Y113.299 E0.00012
G1 X124.171 Y113.356 E0.00011
G1 X124.397 Y113.403 E0.00012
G1 X124.81 Y113.453 E0.00021
G1 X125.229 Y113.45 E0.00021
G1 X125.597 Y113.405 E0.00018
G1 X125.827 Y113.357 E0.00012
G1 X126.031 Y113.3 E0.00011
G1 X126.255 Y113.222 E0.00012
G1 X126.595 Y113.066 E0.00019
G1 X126.848 Y112.918 E0.00015
G1 X127.107 Y112.736 E0.00016
G1 X127.34 Y112.54 E0.00015
G1 X127.567 Y112.316 E0.00016
G1 X127.834 Y111.976 E0.00022
G1 X128.032 Y111.663 E0.00018
G1 X128.223 Y111.252 E0.00023
G1 X128.299 Y111.03 E0.00012
G1 X128.358 Y110.82 E0.00011
G1 X128.407 Y110.591 E0.00012
G1 X128.452 Y110.16 E0.00022
G1 X128.455 Y109.921 E0.00012
G1 X128.443 Y109.71 E0.00011
G1 X128.402 Y109.386 E0.00016
G1 X128.294 Y108.947 E0.00023
G1 X128.221 Y108.74 E0.00011
G1 X128.072 Y108.413 E0.00018
G1 X127.914 Y108.145 E0.00016
G1 X127.735 Y107.887 E0.00016
G1 X127.548 Y107.664 E0.00015
G1 X127.236 Y107.362 E0.00022
G1 X126.977 Y107.163 E0.00016
G1 X126.667 Y106.968 E0.00018
G1 X126.466 Y106.867 E0.00011
G1 X126.032 Y106.697 E0.00023
G1 X125.83 Y106.64 E0.0001
G1 X125.559 Y106.586 E0.00014
G1 X125.204 Y106.548 E0.00018
G1 X125.069 Y106.542 E0.00007
G1 X124.753 Y106.55 E0.00016
G1 X124.4 Y106.591 E0.00018
G1 X124.17 Y106.639 E0.00012
G1 X123.968 Y106.695 E0.0001
G0 F24000 X123.847 Y106.313
G1 F528 X123.597 Y106.402 E0.00013
G1 X123.217 Y106.577 E0.00021
G1 X122.929 Y106.744 E0.00017
G1 X122.645 Y106.942 E0.00017
G1 X122.39 Y107.156 E0.00017
G1 X122.064 Y107.492 E0.00023
G1 X121.835 Y107.792 E0.00019
G1 X121.696 Y108.006 E0.00013
G1 X121.498 Y108.372 E0.00021
G1 X121.4 Y108.602 E0.00012
G1 X121.316 Y108.845 E0.00013
G1 X121.252 Y109.078 E0.00012
G1 X121.2 Y109.331 E0.00013
G1 X121.148 Y109.771 E0.00022
G1 X121.141 Y109.924 E0.00008
G1 X121.15 Y110.266 E0.00017
G1 X121.197 Y110.659 E0.0002
G1 X121.25 Y110.912 E0.00013
G1 X121.32 Y111.163 E0.00013
G1 X121.456 Y111.536 E0.0002
G1 X121.567 Y111.763 E0.00013
G1 X121.74 Y112.064 E0.00017
G1 X121.941 Y112.349 E0.00017
G1 X122.16 Y112.61 E0.00017
G1 X122.483 Y112.926 E0.00023
G1 X122.794 Y113.162 E0.00019
G1 X123.142 Y113.382 E0.00021
G1 X123.364 Y113.494 E0.00012
G1 X123.602 Y113.595 E0.00013
G1 X123.847 Y113.681 E0.00013
G1 X124.077 Y113.745 E0.00012
G1 X124.332 Y113.798 E0.00013
G1 X124.777 Y113.852 E0.00022
G1 X124.924 Y113.859 E0.00007
G1 X125.254 Y113.85 E0.00016
G1 X125.667 Y113.799 E0.00021
G1 X125.921 Y113.746 E0.00013
G1 X126.151 Y113.682 E0.00012
G1 X126.405 Y113.593 E0.00013
G1 X126.78 Y113.421 E0.00021
G1 X127.064 Y113.255 E0.00016
G1 X127.351 Y113.054 E0.00017
G1 X127.61 Y112.836 E0.00017
G1 X127.86 Y112.589 E0.00018
G1 X128.161 Y112.207 E0.00024
G1 X128.384 Y111.855 E0.00021
G1 X128.491 Y111.639 E0.00012
G1 X128.596 Y111.397 E0.00013
G1 X128.681 Y111.149 E0.00013
G1 X128.747 Y110.916 E0.00012
G1 X128.802 Y110.656 E0.00013
G1 X128.852 Y110.175 E0.00024
G1 X128.855 Y109.912 E0.00013
G1 X128.842 Y109.673 E0.00012
G1 X128.796 Y109.318 E0.00018
G1 X128.746 Y109.087 E0.00012
G1 X128.676 Y108.828 E0.00013
G1 X128.594 Y108.595 E0.00012
G1 X128.426 Y108.226 E0.0002
G1 X128.251 Y107.929 E0.00017
G1 X128.053 Y107.643 E0.00017
G1 X127.843 Y107.394 E0.00016
G1 X127.59 Y107.141 E0.00018
G1 X127.49 Y107.053 E0.00007
G1 X127.208 Y106.836 E0.00018
G1 X126.859 Y106.616 E0.00021
G1 X126.633 Y106.504 E0.00013
G1 X126.391 Y106.401 E0.00013
G1 X126.154 Y106.316 E0.00013
G1 X125.924 Y106.251 E0.00012
G1 X125.62 Y106.19 E0.00015
G1 X125.234 Y106.149 E0.00019
G1 X125.072 Y106.142 E0.00008
G1 X124.73 Y106.15 E0.00017
G1 X124.329 Y106.197 E0.0002
G1 X124.075 Y106.25 E0.00013
G1 X123.847 Y106.313 E0.00012
G0 F24000 X123.727 Y105.932
G1 F528 X123.447 Y106.031 E0.00015
G1 X123.033 Y106.221 E0.00023
G1 X122.714 Y106.406 E0.00018
G1 X122.402 Y106.624 E0.00019
G1 X122.12 Y106.861 E0.00018
G1 X121.845 Y107.136 E0.00019
G1 X121.755 Y107.238 E0.00007
G1 X121.509 Y107.561 E0.0002
G1 X121.354 Y107.797 E0.00014
G1 X121.136 Y108.202 E0.00023
G1 X121.027 Y108.457 E0.00014
G1 X120.934 Y108.726 E0.00014
G1 X120.863 Y108.984 E0.00013
G1 X120.804 Y109.267 E0.00014
G1 X120.749 Y109.74 E0.00024
G1 X120.741 Y109.92 E0.00009
G1 X120.751 Y110.288 E0.00018
G1 X120.771 Y110.522 E0.00012
G1 X120.803 Y110.73 E0.0001
G1 X120.861 Y111.007 E0.00014
G1 X120.938 Y111.282 E0.00014
G1 X121.04 Y111.578 E0.00016
G1 X121.214 Y111.951 E0.00021
G1 X121.402 Y112.279 E0.00019
G1 X121.623 Y112.593 E0.00019
G1 X121.864 Y112.88 E0.00019
G1 X122.129 Y113.148 E0.00019
G1 X122.231 Y113.236 E0.00007
G1 X122.563 Y113.489 E0.00021
G1 X122.951 Y113.734 E0.00023
G1 X123.195 Y113.857 E0.00014
G1 X123.457 Y113.969 E0.00014
G1 X123.727 Y114.063 E0.00014
G1 X123.983 Y114.134 E0.00013
G1 X124.267 Y114.193 E0.00014
G1 X124.744 Y114.251 E0.00024
G1 X124.92 Y114.259 E0.00009
G1 X125.279 Y114.249 E0.00018
G1 X125.737 Y114.193 E0.00023
G1 X126.016 Y114.135 E0.00014
G1 X126.271 Y114.064 E0.00013
G1 X126.555 Y113.964 E0.00015
G1 X126.965 Y113.776 E0.00023
G1 X127.28 Y113.592 E0.00018
G1 X127.594 Y113.372 E0.00019
G1 X127.879 Y113.132 E0.00019
G1 X128.152 Y112.863 E0.00019
G1 X128.242 Y112.759 E0.00007
G1 X128.487 Y112.438 E0.0002
G1 X128.735 Y112.047 E0.00023
G1 X128.853 Y111.808 E0.00013
G1 X128.969 Y111.541 E0.00015
G1 X129.063 Y111.269 E0.00014
G1 X129.135 Y111.012 E0.00013
G1 X129.197 Y110.722 E0.00015
G1 X129.241 Y110.358 E0.00018
G1 X129.255 Y109.903 E0.00023
G1 X129.24 Y109.637 E0.00013
G1 X129.191 Y109.25 E0.00019
G1 X129.135 Y108.992 E0.00013
G1 X129.058 Y108.709 E0.00015
G1 X128.967 Y108.449 E0.00014
G1 X128.78 Y108.039 E0.00022
G1 X128.588 Y107.713 E0.00019
G1 X128.371 Y107.4 E0.00019
G1 X128.138 Y107.123 E0.00018
G1 X127.863 Y106.848 E0.00019
G1 X127.743 Y106.743 E0.00008
G1 X127.439 Y106.509 E0.00019
G1 X127.051 Y106.265 E0.00023
G1 X126.801 Y106.14 E0.00014
G1 X126.537 Y106.029 E0.00014
G1 X126.276 Y105.935 E0.00014
G1 X126.018 Y105.862 E0.00013
G1 X125.681 Y105.794 E0.00017
G1 X125.263 Y105.75 E0.00021
G1 X125.076 Y105.741 E0.00009
G1 X124.708 Y105.751 E0.00018
G1 X124.473 Y105.771 E0.00012
G1 X124.259 Y105.803 E0.00011
G1 X123.98 Y105.862 E0.00014
G1 X123.727 Y105.932 E0.00013
G0 F24000 X123.606 Y105.55
G1 F528 X123.297 Y105.66 E0.00016
G1 X122.849 Y105.866 E0.00025
G1 X122.499 Y106.068 E0.0002
G1 X122.158 Y106.307 E0.00021
G1 X121.849 Y106.566 E0.0002
G1 X121.553 Y106.862 E0.00021
G1 X121.446 Y106.984 E0.00008
G1 X121.182 Y107.33 E0.00022
G1 X121.013 Y107.587 E0.00015
G1 X120.774 Y108.031 E0.00025
G1 X120.654 Y108.313 E0.00015
G1 X120.552 Y108.606 E0.00015
G1 X120.473 Y108.891 E0.00015
G1 X120.409 Y109.204 E0.00016
G1 X120.35 Y109.708 E0.00025
G1 X120.341 Y109.917 E0.0001
G1 X120.351 Y110.311 E0.0002
G1 X120.374 Y110.569 E0.00013
G1 X120.409 Y110.802 E0.00012
G1 X120.472 Y111.102 E0.00015
G1 X120.556 Y111.401 E0.00015
G1 X120.667 Y111.722 E0.00017
G1 X120.727 Y111.866 E0.00008
G1 X120.86 Y112.138 E0.00015
G1 X121.065 Y112.494 E0.0002
G1 X121.306 Y112.837 E0.00021
G1 X121.568 Y113.149 E0.0002
G1 X121.856 Y113.441 E0.0002
G1 X121.979 Y113.547 E0.00008
G1 X122.331 Y113.815 E0.00022
G1 X122.596 Y113.99 E0.00016
G1 X122.759 Y114.085 E0.00009
G1 X123.027 Y114.22 E0.00015
G1 X123.313 Y114.342 E0.00016
G1 X123.608 Y114.445 E0.00016
G1 X123.888 Y114.523 E0.00015
G1 X124.203 Y114.588 E0.00016
G1 X124.711 Y114.65 E0.00026
G1 X124.917 Y114.659 E0.0001
G1 X125.305 Y114.649 E0.00019
G1 X125.808 Y114.587 E0.00025
G1 X126.111 Y114.523 E0.00015
G1 X126.391 Y114.445 E0.00015
G1 X126.705 Y114.335 E0.00017
G1 X127.15 Y114.131 E0.00024
G1 X127.496 Y113.929 E0.0002
G1 X127.838 Y113.689 E0.00021
G1 X128.149 Y113.428 E0.0002
G1 X128.444 Y113.136 E0.00021
G1 X128.552 Y113.012 E0.00008
G1 X128.814 Y112.67 E0.00021
G1 X129.086 Y112.239 E0.00025
G1 X129.216 Y111.977 E0.00015
G1 X129.342 Y111.686 E0.00016
G1 X129.445 Y111.389 E0.00016
G1 X129.524 Y111.108 E0.00015
G1 X129.592 Y110.787 E0.00016
G1 X129.639 Y110.395 E0.0002
G1 X129.652 Y110.205 E0.0001
G1 X129.655 Y109.895 E0.00015
G1 X129.639 Y109.6 E0.00015
G1 X129.585 Y109.182 E0.00021
G1 X129.524 Y108.897 E0.00015
G1 X129.44 Y108.59 E0.00016
G1 X129.339 Y108.304 E0.00015
G1 X129.134 Y107.852 E0.00025
G1 X128.925 Y107.497 E0.00021
G1 X128.689 Y107.157 E0.00021
G1 X128.434 Y106.853 E0.0002
G1 X128.137 Y106.556 E0.00021
G1 X127.997 Y106.434 E0.00009
G1 X127.67 Y106.182 E0.00021
G1 X127.243 Y105.914 E0.00025
G1 X126.969 Y105.777 E0.00015
G1 X126.683 Y105.656 E0.00015
G1 X126.398 Y105.554 E0.00015
G1 X126.112 Y105.473 E0.00015
G1 X125.743 Y105.398 E0.00019
G1 X125.293 Y105.35 E0.00023
G1 X125.079 Y105.341 E0.00011
G1 X124.685 Y105.351 E0.0002
G1 X124.426 Y105.374 E0.00013
G1 X124.188 Y105.409 E0.00012
G1 X123.885 Y105.473 E0.00015
G1 X123.606 Y105.55 E0.00014
G0 F24000 X123.791 Y105.084
G1 F528 X123.485 Y105.169 E0.00016
G1 X123.146 Y105.289 E0.00018
G1 X122.665 Y105.51 E0.00026
G1 X122.283 Y105.731 E0.00022
G1 X121.914 Y105.989 E0.00022
G1 X121.578 Y106.271 E0.00022
G1 X121.262 Y106.588 E0.00022
G1 X121.136 Y106.73 E0.00009
G1 X120.855 Y107.099 E0.00023
G1 X120.672 Y107.378 E0.00017
G1 X120.412 Y107.86 E0.00027
G1 X120.28 Y108.169 E0.00017
G1 X120.17 Y108.487 E0.00017
G1 X120.084 Y108.797 E0.00016
G1 X120.014 Y109.14 E0.00017
G1 X119.951 Y109.676 E0.00027
G1 X119.941 Y109.914 E0.00012
G1 X119.952 Y110.334 E0.00021
G1 X119.977 Y110.617 E0.00014
G1 X120.015 Y110.873 E0.00013
G1 X120.084 Y111.197 E0.00017
G1 X120.174 Y111.521 E0.00017
G1 X120.293 Y111.865 E0.00018
G1 X120.363 Y112.032 E0.00009
G1 X120.507 Y112.326 E0.00016
G1 X120.727 Y112.709 E0.00022
G1 X120.989 Y113.081 E0.00023
G1 X121.272 Y113.419 E0.00022
G1 X121.583 Y113.733 E0.00022
G1 X121.727 Y113.858 E0.0001
G1 X122.1 Y114.142 E0.00023
G1 X122.385 Y114.33 E0.00017
G1 X122.568 Y114.436 E0.00011
G1 X122.858 Y114.583 E0.00016
G1 X123.169 Y114.715 E0.00017
G1 X123.488 Y114.827 E0.00017
G1 X123.794 Y114.912 E0.00016
G1 X124.138 Y114.983 E0.00018
G1 X124.678 Y115.049 E0.00027
G1 X124.914 Y115.059 E0.00012
G1 X125.33 Y115.048 E0.00021
G1 X125.613 Y115.02 E0.00014
G1 X125.878 Y114.981 E0.00013
G1 X126.205 Y114.912 E0.00017
G1 X126.511 Y114.827 E0.00016
G1 X126.855 Y114.707 E0.00018
G1 X127.334 Y114.487 E0.00026
G1 X127.712 Y114.266 E0.00022
G1 X128.082 Y114.007 E0.00023
G1 X128.419 Y113.724 E0.00022
G1 X128.737 Y113.409 E0.00022
G1 X128.862 Y113.264 E0.0001
G1 X129.141 Y112.901 E0.00023
G1 X129.437 Y112.431 E0.00028
G1 X129.579 Y112.146 E0.00016
G1 X129.716 Y111.831 E0.00017
G1 X129.827 Y111.508 E0.00017
G1 X129.913 Y111.204 E0.00016
G1 X129.987 Y110.853 E0.00018
G1 X130.038 Y110.432 E0.00021
G1 X130.052 Y110.221 E0.00011
G1 X130.055 Y109.886 E0.00017
G1 X130.038 Y109.563 E0.00016
G1 X129.98 Y109.114 E0.00023
G1 X129.912 Y108.803 E0.00016
G1 X129.822 Y108.471 E0.00017
G1 X129.712 Y108.159 E0.00017
G1 X129.488 Y107.665 E0.00027
G1 X129.262 Y107.281 E0.00022
G1 X129.007 Y106.913 E0.00022
G1 X128.729 Y106.582 E0.00022
G1 X128.41 Y106.263 E0.00023
G1 X128.251 Y106.125 E0.00011
G1 X127.901 Y105.855 E0.00022
G1 X127.435 Y105.563 E0.00027
G1 X127.136 Y105.414 E0.00017
G1 X126.829 Y105.283 E0.00017
G1 X126.52 Y105.172 E0.00016
G1 X126.206 Y105.084 E0.00016
G1 X125.804 Y105.002 E0.0002
G1 X125.323 Y104.951 E0.00024
G1 X125.082 Y104.941 E0.00012
G1 X124.662 Y104.952 E0.00021
G1 X124.379 Y104.977 E0.00014
G1 X124.118 Y105.015 E0.00013
G1 X123.791 Y105.084 E0.00017
G0 F24000 X123.724 Y104.812
;TYPE:WALL-OUTER
G1 F528 X123.401 Y104.902 E0.00017
G1 X123.041 Y105.029 E0.00019
G1 X122.536 Y105.261 E0.00028
G1 X122.133 Y105.495 E0.00023
G1 X121.743 Y105.767 E0.00024
G1 X121.389 Y106.065 E0.00023
G1 X121.058 Y106.396 E0.00023
G1 X120.92 Y106.552 E0.0001
G1 X120.626 Y106.937 E0.00024
G1 X120.433 Y107.232 E0.00018
G1 X120.317 Y107.434 E0.00012
G1 X120.158 Y107.741 E0.00017
G1 X120.019 Y108.068 E0.00018
G1 X119.902 Y108.404 E0.00018
G1 X119.812 Y108.731 E0.00017
G1 X119.737 Y109.095 E0.00019
G1 X119.672 Y109.654 E0.00028
G1 X119.661 Y109.911 E0.00013
G1 X119.672 Y110.349 E0.00022
G1 X119.698 Y110.65 E0.00015
G1 X119.74 Y110.923 E0.00014
G1 X119.812 Y111.264 E0.00017
G1 X119.906 Y111.604 E0.00018
G1 X120.031 Y111.965 E0.00019
G1 X120.108 Y112.147 E0.0001
G1 X120.259 Y112.457 E0.00017
G1 X120.491 Y112.859 E0.00023
G1 X120.766 Y113.252 E0.00024
G1 X121.065 Y113.608 E0.00023
G1 X121.391 Y113.938 E0.00023
G1 X121.55 Y114.075 E0.0001
G1 X121.938 Y114.37 E0.00024
G1 X122.237 Y114.568 E0.00018
G1 X122.434 Y114.682 E0.00011
G1 X122.74 Y114.837 E0.00017
G1 X123.068 Y114.977 E0.00018
G1 X123.404 Y115.094 E0.00018
G1 X123.728 Y115.184 E0.00017
G1 X124.092 Y115.259 E0.00019
G1 X124.655 Y115.328 E0.00028
G1 X124.911 Y115.339 E0.00013
G1 X125.347 Y115.328 E0.00022
G1 X125.648 Y115.298 E0.00015
G1 X125.927 Y115.256 E0.00014
G1 X126.272 Y115.184 E0.00018
G1 X126.595 Y115.094 E0.00017
G1 X126.96 Y114.966 E0.00019
G1 X127.464 Y114.735 E0.00028
G1 X127.863 Y114.502 E0.00023
G1 X128.253 Y114.229 E0.00024
G1 X128.608 Y113.931 E0.00023
G1 X128.942 Y113.601 E0.00023
G1 X129.079 Y113.441 E0.00011
G1 X129.37 Y113.063 E0.00024
G1 X129.683 Y112.566 E0.00029
G1 X129.833 Y112.264 E0.00017
G1 X129.977 Y111.932 E0.00018
G1 X130.094 Y111.592 E0.00018
G1 X130.185 Y111.271 E0.00017
G1 X130.263 Y110.899 E0.00019
G1 X130.317 Y110.458 E0.00022
G1 X130.332 Y110.231 E0.00011
G1 X130.335 Y109.88 E0.00018
G1 X130.317 Y109.538 E0.00017
G1 X130.256 Y109.067 E0.00024
G1 X130.185 Y108.736 E0.00017
G1 X130.09 Y108.388 E0.00018
G1 X129.973 Y108.057 E0.00018
G1 X129.736 Y107.534 E0.00029
G1 X129.498 Y107.129 E0.00023
G1 X129.229 Y106.743 E0.00023
G1 X128.935 Y106.393 E0.00023
G1 X128.601 Y106.058 E0.00024
G1 X128.428 Y105.908 E0.00011
G1 X128.063 Y105.626 E0.00023
G1 X127.57 Y105.317 E0.00029
G1 X127.253 Y105.159 E0.00018
G1 X126.931 Y105.023 E0.00017
G1 X126.606 Y104.905 E0.00017
G1 X126.272 Y104.812 E0.00017
G1 X125.847 Y104.725 E0.00022
G1 X125.344 Y104.672 E0.00025
G1 X125.085 Y104.661 E0.00013
G1 X124.647 Y104.672 E0.00022
G1 X124.346 Y104.698 E0.00015
G1 X124.069 Y104.74 E0.00014
G1 X123.724 Y104.812 E0.00018
G0 F24000 X123.532 Y104.865
G0 X123.768 Y105.716
G1 F60 E-0.001
G1 F18000 Z3.1
;MESH:NONMESH
G0 F24000 X123.766 Y105.717 Z3.1
G0 X90.271 Y105.275
;TIME_ELAPSED:472.904249
;LAYER:9
;MESH:Conductor - Part.STL
G0 X90.271 Y105.275 Z3.2
;TYPE:WALL-OUTER
G1 F18000 Z1.6
G1 F60 E0.001
G1 F699.3 X90.265 Y105.282 Z1.596927 E0.00001
G1 F702.45 X90.258 Y105.29 Z1.593383 E0.00001
G1 F705.6 X90.252 Y105.297 Z1.59031 E0.00001
G1 F708.75 X90.245 Y105.305 Z1.586767 E0.00001
G1 F713.55 X90.239 Y105.313 Z1.583434 E0.00001
G1 F716.7 X90.232 Y105.32 Z1.580134 E0.00001
G1 F720 X90.226 Y105.328 Z1.5768 E0.00001
G1 F723.3 X90.219 Y105.335 Z1.573501 E0.00001
G1 F726.6 X90.213 Y105.343 Z1.570167 E0.00001
G1 F731.7 X90.206 Y105.351 Z1.566624 E0.00001
G1 F735 X90.2 Y105.358 Z1.563551 E0
G1 F738.45 X90.193 Y105.366 Z1.560007 E0.00001
G1 F741.9 X90.186 Y105.374 Z1.556464 E0.00001
G1 F747.15 X90.172 Y105.392 Z1.548863 E0.00001
G1 F752.55 X90.141 Y105.427 Z1.533278 E0.00002
G1 F756.15 X90.11 Y105.461 Z1.517941 E0.00002
G1 F757.95 X90.079 Y105.495 Z1.502604 E0.00002
G1 X90.048 Y105.529 Z1.487267 E0.00002
G1 F759.75 X90.017 Y105.563 Z1.47193 E0.00002
G1 F761.55 X89.986 Y105.597 Z1.456593 E0.00002
G1 X89.97 Y105.615 Z1.448565 E0.00001
G1 X89.954 Y105.636 Z1.439765 E0.00001
G1 X89.937 Y105.657 Z1.430759 E0.00001
G1 F759.75 X89.92 Y105.678 Z1.421753 E0.00001
G1 F757.95 X89.903 Y105.699 Z1.412747 E0.00001
G1 X89.886 Y105.72 Z1.40374 E0.00001
G1 F756.15 X89.869 Y105.741 Z1.394734 E0.00001
G1 F754.35 X89.852 Y105.762 Z1.385728 E0.00001
G1 X89.835 Y105.783 Z1.376722 E0.00001
G1 F752.55 X89.818 Y105.804 Z1.367716 E0.00001
G1 F750.75 X89.801 Y105.825 Z1.35871 E0.00001
G1 X89.784 Y105.846 Z1.349703 E0.00001
G1 X89.763 Y105.873 Z1.338302 E0.00002
G1 F752.55 X89.741 Y105.901 Z1.326432 E0.00002
G1 X89.719 Y105.93 Z1.314298 E0.00002
G1 F754.35 X89.697 Y105.958 Z1.302429 E0.00002
G1 F756.15 X89.674 Y105.986 Z1.29035 E0.00002
G1 X89.652 Y106.015 Z1.278217 E0.00002
G1 F757.95 X89.63 Y106.043 Z1.266347 E0.00002
G1 X89.615 Y106.063 Z1.258014 E0.00001
G1 X89.587 Y106.104 Z1.241464 E0.00003
G1 F756.15 X89.559 Y106.145 Z1.224915 E0.00003
G1 F754.35 X89.531 Y106.186 Z1.208365 E0.00003
G1 F752.55 X89.516741 Y106.206651 Z1.2 E0.00003
G1 F466.2
G1 X89.502 Y106.228 E0.00003
G1 X89.455 Y106.297 E0.00004
G1 X89.408 Y106.367 E0.00004
G1 F502.9 X89.361 Y106.437 E0.00004
G1 X89.314 Y106.507 E0.00004
G1 X89.14 Y106.812 E0.00018
G1 F504.1 X89.077 Y106.929 E0.00007
G1 X89.057 Y106.971 E0.00002
G1 F502.9 X89.037 Y107.013 E0.00002
G1 F501.7 X89.016 Y107.056 E0.00003
G1 F500.5 X88.996 Y107.098 E0.00002
G1 X88.97 Y107.154 E0.00003
G1 X88.944 Y107.21 E0.00003
G1 F501.7 X88.918 Y107.267 E0.00003
G1 X88.892 Y107.323 E0.00003
G1 F502.9 X88.866 Y107.379 E0.00003
G1 X88.84 Y107.436 E0.00003
G1 X88.725 Y107.734 E0.00017
G1 X88.702 Y107.806 E0.00004
G1 X88.679 Y107.878 E0.00004
G1 F501.7 X88.655 Y107.95 E0.00004
G1 X88.632 Y108.023 E0.00004
G1 X88.618 Y108.068 E0.00002
G1 F502.9 X88.604 Y108.113 E0.00002
G1 X88.59 Y108.158 E0.00002
G1 F504.1 X88.576 Y108.203 E0.00002
G1 F505.3 X88.562 Y108.248 E0.00002
G1 X88.555 Y108.274 E0.00001
G1 X88.543 Y108.325 E0.00003
G1 F504.1 X88.53 Y108.376 E0.00003
G1 F502.9 X88.518 Y108.428 E0.00003
G1 X88.488 Y108.559 E0.00007
G1 X88.458 Y108.69 E0.00007
G1 X88.434 Y108.834 E0.00008
G1 X88.41 Y108.978 E0.00008
G1 X88.386 Y109.122 E0.00008
G1 F501.7 X88.378 Y109.187 E0.00003
G1 F500.5 X88.344 Y109.578 E0.00021
G1 F501.7 X88.34 Y109.639 E0.00003
G1 F502.9 X88.335 Y109.7 E0.00003
G1 X88.331 Y109.866 E0.00009
G1 F504.1 X88.331 Y109.995 E0.00007
G1 X88.333 Y110.148 E0.00008
G1 X88.335 Y110.301 E0.00008
G1 X88.351 Y110.485 E0.0001
G1 X88.367 Y110.669 E0.0001
G1 X88.384 Y110.853 E0.0001
G1 X88.406 Y111.001 E0.00008
G1 X88.429 Y111.149 E0.00008
G1 X88.469 Y111.334 E0.0001
G1 X88.509 Y111.52 E0.0001
G1 X88.55 Y111.706 E0.0001
G1 F502.9 X88.565 Y111.764 E0.00003
G1 F501.7 X88.609 Y111.903 E0.00008
G1 X88.653 Y112.042 E0.00008
G1 X88.697 Y112.182 E0.00008
G1 X88.85 Y112.583 E0.00023
G1 X88.887 Y112.663 E0.00005
G1 X88.925 Y112.744 E0.00005
G1 F500.5 X88.962 Y112.825 E0.00005
G1 X89 Y112.906 E0.00005
G1 X89.037 Y112.986 E0.00005
G1 X89.057 Y113.026 E0.00002
G1 F502.9 X89.077 Y113.068 E0.00002
G1 F504.1 X89.09 Y113.093 E0.00001
G1 X89.122 Y113.149 E0.00003
G1 F502.9 X89.154 Y113.205 E0.00003
G1 X89.186 Y113.262 E0.00003
G1 F501.7 X89.218 Y113.318 E0.00003
G1 X89.266 Y113.399 E0.00005
G1 X89.314 Y113.482 E0.00005
G1 F502.9 X89.362 Y113.565 E0.00005
G1 X89.387 Y113.605 E0.00002
G1 X89.437 Y113.678 E0.00005
G1 X89.488 Y113.751 E0.00005
G1 F501.7 X89.539 Y113.824 E0.00005
G1 X89.59 Y113.897 E0.00005
G1 X89.64 Y113.97 E0.00005
G1 X89.669 Y114.01 E0.00003
G1 F504.1 X89.697 Y114.048 E0.00002
G1 X89.714 Y114.07 E0.00001
G1 X89.765 Y114.133 E0.00004
G1 F502.9 X89.816 Y114.196 E0.00004
G1 X89.856 Y114.244 E0.00003
G1 F504.1 X89.896 Y114.293 E0.00003
G1 X89.936 Y114.341 E0.00003
G1 F505.3 X89.977 Y114.39 E0.00003
G1 X89.994 Y114.408 E0.00001
G1 F504.1 X90.035 Y114.452 E0.00003
G1 F501.7 X90.076 Y114.496 E0.00003
G1 X90.136 Y114.558 E0.00005
G1 X90.196 Y114.621 E0.00005
G1 X90.257 Y114.684 E0.00005
G1 F502.9 X90.317 Y114.746 E0.00005
G1 X90.377 Y114.809 E0.00005
G1 F504.1 X90.42 Y114.848 E0.00003
G1 X90.464 Y114.888 E0.00003
G1 F505.3 X90.508 Y114.928 E0.00003
G1 F506.5 X90.551 Y114.967 E0.00003
G1 X90.595 Y115.007 E0.00003
G1 X90.611 Y115.021 E0.00001
G1 X90.635 Y115.04 E0.00002
G1 F505.3 X90.659 Y115.06 E0.00002
G1 X90.683 Y115.079 E0.00002
G1 F504.1 X90.707 Y115.099 E0.00002
G1 F502.9 X90.731 Y115.118 E0.00002
G1 X90.755 Y115.138 E0.00002
G1 F501.7 X90.779 Y115.157 E0.00002
G1 F500.5 X90.803 Y115.177 E0.00002
G1 X90.828 Y115.197 E0.00002
G1 X90.899 Y115.253 E0.00005
G1 X90.97 Y115.309 E0.00005
G1 F501.7 X91.042 Y115.366 E0.00005
G1 F502.9 X91.204 Y115.476 E0.0001
G1 X91.367 Y115.587 E0.0001
G1 X91.53 Y115.697 E0.0001
G1 X91.612 Y115.743 E0.00005
G1 F501.7 X91.695 Y115.79 E0.00005
G1 X91.778 Y115.837 E0.00005
G1 X91.821 Y115.86 E0.00003
G1 F502.9 X91.863 Y115.883 E0.00003
G1 F504.1 X91.905 Y115.906 E0.00003
G1 X91.928 Y115.919 E0.00001
G1 X91.963 Y115.935 E0.00002
G1 F502.9 X91.998 Y115.952 E0.00002
G1 X92.033 Y115.969 E0.00002
G1 F501.7 X92.068 Y115.986 E0.00002
G1 F500.5 X92.103 Y116.002 E0.00002
G1 X92.138 Y116.019 E0.00002
G1 F499.3 X92.174 Y116.036 E0.00002
G1 X92.217 Y116.056 E0.00003
G1 X92.26 Y116.076 E0.00003
G1 F500.5 X92.303 Y116.095 E0.00002
G1 F501.7 X92.345 Y116.115 E0.00002
G1 X92.388 Y116.134 E0.00002
G1 F502.9 X92.431 Y116.154 E0.00002
G1 F504.1 X92.455 Y116.164 E0.00001
G1 X92.508 Y116.185 E0.00003
G1 F502.9 X92.562 Y116.207 E0.00003
G1 F501.7 X92.724 Y116.267 E0.00009
G1 X92.787 Y116.288 E0.00003
G1 F500.5 X92.85 Y116.309 E0.00003
G1 X92.914 Y116.33 E0.00004
G1 F499.3 X92.977 Y116.351 E0.00004
G1 X93.007 Y116.36 E0.00002
G1 X93.038 Y116.369 E0.00002
G1 F500.5 X93.069 Y116.378 E0.00002
G1 F501.7 X93.099 Y116.387 E0.00002
G1 X93.13 Y116.397 E0.00002
G1 F502.9 X93.161 Y116.406 E0.00002
G1 F504.1 X93.191 Y116.415 E0.00002
G1 X93.222 Y116.424 E0.00002
G1 F505.3 X93.253 Y116.434 E0.00002
G1 X93.28 Y116.441 E0.00001
G1 X93.333 Y116.453 E0.00003
G1 X93.386 Y116.466 E0.00003
G1 F504.1 X93.44 Y116.479 E0.00003
G1 F502.9 X93.493 Y116.492 E0.00003
G1 X93.547 Y116.505 E0.00003
G1 F501.7 X93.827 Y116.563 E0.00015
G1 X93.983 Y116.588 E0.00008
G1 X94.139 Y116.614 E0.00008
G1 X94.324 Y116.629 E0.0001
G1 X94.509 Y116.645 E0.0001
G1 X94.694 Y116.661 E0.0001
G1 F502.9 X94.743 Y116.662 E0.00003
G1 X94.792 Y116.663 E0.00003
G1 F504.1 X94.841 Y116.664 E0.00003
G1 F505.3 X94.89 Y116.665 E0.00003
G1 X94.939 Y116.666 E0.00003
G1 F506.5 X94.988 Y116.667 E0.00003
G1 X95.01 Y116.668 E0.00001
G1 X95.061 Y116.668 E0.00003
G1 F505.3 X95.112 Y116.667 E0.00003
G1 F504.1 X95.163 Y116.667 E0.00003
G1 F502.9 X95.301 Y116.661 E0.00007
G1 X95.486 Y116.645 E0.0001
G1 X95.671 Y116.629 E0.0001
G1 X95.857 Y116.613 E0.0001
G1 X95.955 Y116.598 E0.00005
G1 X96.054 Y116.582 E0.00005
G1 F504.1 X96.153 Y116.566 E0.00005
G1 X96.241 Y116.547 E0.00005
G1 X96.33 Y116.528 E0.00005
G1 F502.9 X96.419 Y116.509 E0.00005
G1 X96.508 Y116.49 E0.00005
G1 X96.597 Y116.471 E0.00005
G1 X96.653 Y116.459 E0.00003
G1 F505.3 X96.71 Y116.446 E0.00003
G1 X96.741 Y116.437 E0.00002
G1 X96.774 Y116.427 E0.00002
G1 X96.807 Y116.417 E0.00002
G1 F504.1 X96.841 Y116.406 E0.00002
G1 F502.9 X96.874 Y116.396 E0.00002
G1 X96.907 Y116.386 E0.00002
G1 F501.7 X96.941 Y116.375 E0.00002
G1 F500.5 X96.974 Y116.365 E0.00002
G1 X97.008 Y116.354 E0.00002
G1 X97.063 Y116.336 E0.00003
G1 X97.115 Y116.319 E0.00003
G1 F501.7 X97.167 Y116.302 E0.00003
G1 F502.9 X97.219 Y116.285 E0.00003
G1 X97.272 Y116.268 E0.00003
G1 X97.565 Y116.154 E0.00016
G1 X97.597 Y116.139 E0.00002
G1 X97.63 Y116.124 E0.00002
G1 F501.7 X97.663 Y116.109 E0.00002
G1 F500.5 X97.695 Y116.094 E0.00002
G1 X97.728 Y116.079 E0.00002
G1 F499.3 X97.761 Y116.064 E0.00002
G1 F498.1 X97.794 Y116.049 E0.00002
G1 X97.826 Y116.034 E0.00002
G1 X97.866 Y116.015 E0.00002
G1 X97.907 Y115.996 E0.00002
G1 F499.3 X97.948 Y115.977 E0.00002
G1 F500.5 X97.989 Y115.958 E0.00002
G1 X98.03 Y115.939 E0.00002
G1 F501.7 X98.07 Y115.92 E0.00002
G1 X98.242 Y115.82 E0.0001
G1 X98.416 Y115.719 E0.00011
G1 X98.59 Y115.618 E0.00011
G1 F500.5 X98.667 Y115.565 E0.00005
G1 F499.3 X98.745 Y115.512 E0.00005
G1 X98.822 Y115.459 E0.00005
G1 X98.867 Y115.427 E0.00003
G1 X98.912 Y115.394 E0.00003
G1 F500.5 X98.957 Y115.361 E0.00003
G1 F501.7 X99.003 Y115.328 E0.00003
G1 X99.048 Y115.295 E0.00003
G1 F502.9 X99.158 Y115.207 E0.00007
G1 X99.267 Y115.12 E0.00007
G1 X99.375 Y115.034 E0.00007
G1 F504.1 X99.413 Y115 E0.00003
G1 X99.481 Y114.935 E0.00005
G1 X99.55 Y114.869 E0.00005
G1 F502.9 X99.618 Y114.803 E0.00005
G1 X99.687 Y114.737 E0.00005
G1 X99.748 Y114.676 E0.00005
G1 F504.1 X99.809 Y114.616 E0.00004
G1 X99.822 Y114.603 E0.00001
G1 X99.884 Y114.536 E0.00005
G1 F502.9 X99.947 Y114.469 E0.00005
G1 X100.01 Y114.401 E0.00005
G1 F501.7 X100.386 Y113.929 E0.00032
G1 X100.413 Y113.89 E0.00002
G1 F499.3 X100.44 Y113.851 E0.00003
G1 F498.1 X100.62 Y113.584 E0.00017
G1 F499.3 X100.65 Y113.536 E0.00003
G1 F501.7 X100.681 Y113.488 E0.00003
G1 F502.9 X100.76 Y113.348 E0.00008
G1 X100.84 Y113.208 E0.00008
G1 X100.92 Y113.068 E0.00008
G1 X101.155 Y112.564 E0.00029
G1 F504.1 X101.209 Y112.429 E0.00008
G1 X101.263 Y112.294 E0.00008
G1 X101.32 Y112.109 E0.0001
G1 X101.378 Y111.924 E0.0001
G1 X101.436 Y111.738 E0.0001
G1 F502.9 X101.558 Y111.198 E0.00029
G1 X101.614 Y110.853 E0.00018
G1 X101.659 Y110.334 E0.00027
G1 X101.67 Y110.006 E0.00017
G1 X101.66 Y109.695 E0.00016
G1 X101.656 Y109.636 E0.00003
G1 F500.5 X101.651 Y109.577 E0.00003
G1 X101.639 Y109.432 E0.00008
G1 X101.627 Y109.287 E0.00008
G1 F501.7 X101.622 Y109.238 E0.00003
G1 F502.9 X101.617 Y109.188 E0.00003
G1 F504.1 X101.611 Y109.139 E0.00003
G1 X101.608 Y109.115 E0.00001
G1 X101.594 Y109.019 E0.00005
G1 F502.9 X101.579 Y108.923 E0.00005
G1 X101.564 Y108.827 E0.00005
G1 F501.7 X101.546 Y108.744 E0.00004
G1 F500.5 X101.528 Y108.662 E0.00004
G1 X101.51 Y108.58 E0.00004
G1 X101.503 Y108.548 E0.00002
G1 X101.496 Y108.516 E0.00002
G1 F501.7 X101.489 Y108.484 E0.00002
G1 F502.9 X101.482 Y108.452 E0.00002
G1 X101.474 Y108.419 E0.00002
G1 F504.1 X101.467 Y108.387 E0.00002
G1 F505.3 X101.46 Y108.355 E0.00002
G1 X101.453 Y108.323 E0.00002
G1 F506.5 X101.445 Y108.29 E0.00002
G1 X101.438 Y108.259 E0.00002
G1 X101.427 Y108.224 E0.00002
G1 F504.1 X101.416 Y108.189 E0.00002
G1 F501.7 X101.405 Y108.153 E0.00002
G1 X101.378 Y108.068 E0.00005
G1 X101.35 Y107.982 E0.00005
G1 X101.322 Y107.897 E0.00005
G1 F502.9 X101.295 Y107.811 E0.00005
G1 X101.267 Y107.725 E0.00005
G1 X101.164 Y107.457 E0.00015
G1 X101.1 Y107.319 E0.00008
G1 X101.035 Y107.18 E0.00008
G1 X100.971 Y107.041 E0.00008
G1 X100.906 Y106.903 E0.00008
G1 F500.5 X100.858 Y106.816 E0.00005
G1 X100.757 Y106.642 E0.00011
G1 X100.656 Y106.468 E0.00011
G1 X100.565 Y106.334 E0.00009
G1 X100.474 Y106.199 E0.00009
G1 X100.438 Y106.149 E0.00003
G1 X100.402 Y106.098 E0.00003
G1 F501.7 X100.366 Y106.048 E0.00003
G1 F502.9 X100.33 Y105.997 E0.00003
G1 X100.294 Y105.946 E0.00003
G1 F504.1 X100.184 Y105.813 E0.00009
G1 X100.073 Y105.679 E0.00009
G1 X99.962 Y105.545 E0.00009
G1 X99.922 Y105.503 E0.00003
G1 X99.881 Y105.46 E0.00003
G1 F502.9 X99.841 Y105.417 E0.00003
G1 F501.7 X99.8 Y105.374 E0.00003
G1 X99.759 Y105.331 E0.00003
G1 X99.736 Y105.307 E0.00002
G1 F502.9 X99.712 Y105.283 E0.00002
G1 F504.1 X99.688 Y105.259 E0.00002
G1 X99.664 Y105.235 E0.00002
G1 F505.3 X99.64 Y105.211 E0.00002
G1 F506.5 X99.616 Y105.187 E0.00002
G1 X99.602 Y105.174 E0.00001
G1 X99.539 Y105.116 E0.00004
G1 F505.3 X99.476 Y105.058 E0.00004
G1 X99.413 Y104.999 E0.00004
G1 F504.1 X98.949 Y104.626 E0.00031
G1 X98.88 Y104.576 E0.00004
G1 F502.9 X98.801 Y104.523 E0.00005
G1 F501.7 X98.721 Y104.469 E0.00005
G1 X98.642 Y104.416 E0.00005
G1 X98.591 Y104.382 E0.00003
G1 F502.9 X98.539 Y104.348 E0.00003
G1 F504.1 X98.488 Y104.314 E0.00003
G1 X98.466 Y104.301 E0.00001
G1 X98.429 Y104.279 E0.00002
G1 F501.7 X98.392 Y104.257 E0.00002
G1 X98.265 Y104.186 E0.00008
G1 X98.138 Y104.115 E0.00008
G1 F502.9 X98.068 Y104.077 E0.00004
G1 X98.023 Y104.056 E0.00003
G1 F501.7 X97.977 Y104.034 E0.00003
G1 X97.931 Y104.012 E0.00003
G1 F500.5 X97.885 Y103.99 E0.00003
G1 X97.85 Y103.974 E0.00002
G1 X97.815 Y103.958 E0.00002
G1 F501.7 X97.779 Y103.941 E0.00002
G1 X97.744 Y103.925 E0.00002
G1 F502.9 X97.709 Y103.908 E0.00002
G1 F504.1 X97.673 Y103.892 E0.00002
G1 X97.638 Y103.876 E0.00002
G1 F505.3 X97.603 Y103.859 E0.00002
G1 X97.567 Y103.843 E0.00002
G1 X97.275 Y103.729 E0.00016
G1 X97.23 Y103.714 E0.00002
G1 F502.9 X97.184 Y103.699 E0.00003
G1 F501.7 X97.103 Y103.674 E0.00004
G1 F500.5 X97.022 Y103.648 E0.00004
G1 X96.941 Y103.622 E0.00004
G1 X96.9 Y103.609 E0.00002
G1 F501.7 X96.86 Y103.597 E0.00002
G1 X96.82 Y103.585 E0.00002
G1 F502.9 X96.78 Y103.573 E0.00002
G1 F504.1 X96.739 Y103.561 E0.00002
G1 X96.59 Y103.525 E0.00008
G1 X96.44 Y103.489 E0.00008
G1 X96.291 Y103.453 E0.00008
G1 F501.7 X96.237 Y103.444 E0.00003
G1 X96.178 Y103.435 E0.00003
G1 X96.119 Y103.425 E0.00003
G1 F502.9 X96.06 Y103.416 E0.00003
G1 X96.001 Y103.406 E0.00003
G1 F504.1 X95.942 Y103.397 E0.00003
G1 X95.883 Y103.387 E0.00003
G1 X95.688 Y103.37 E0.0001
G1 X95.493 Y103.353 E0.0001
G1 X95.297 Y103.335 E0.0001
G1 F502.9 X95.087 Y103.331 E0.00011
G1 F504.1 X95.005 Y103.331 E0.00004
G1 F505.3 X94.85 Y103.333 E0.00008
G1 X94.695 Y103.336 E0.00008
G1 X94.654 Y103.339 E0.00002
G1 F502.9 X94.613 Y103.342 E0.00002
G1 X94.468 Y103.354 E0.00008
G1 X94.322 Y103.366 E0.00008
G1 X94.175 Y103.378 E0.00008
G1 F504.1 X94.115 Y103.386 E0.00003
G1 X94.06 Y103.394 E0.00003
G1 F502.9 X94.005 Y103.403 E0.00003
G1 X93.95 Y103.411 E0.00003
G1 F501.7 X93.895 Y103.42 E0.00003
G1 X93.843 Y103.429 E0.00003
G1 F502.9 X93.287 Y103.553 E0.0003
G1 X93.201 Y103.58 E0.00005
G1 X93.114 Y103.607 E0.00005
G1 X93.027 Y103.634 E0.00005
G1 F501.7 X92.94 Y103.661 E0.00005
G1 X92.853 Y103.688 E0.00005
G1 X92.766 Y103.715 E0.00005
G1 X92.703 Y103.739 E0.00004
G1 X92.641 Y103.762 E0.00003
G1 F502.9 X92.579 Y103.785 E0.00003
G1 F504.1 X92.517 Y103.809 E0.00003
G1 X92.456 Y103.832 E0.00003
G1 X92.432 Y103.842 E0.00001
G1 X92.395 Y103.858 E0.00002
G1 F501.7 X92.358 Y103.874 E0.00002
G1 F500.5 X92.23 Y103.934 E0.00007
G1 X92.101 Y103.994 E0.00007
G1 X92.067 Y104.01 E0.00002
G1 F501.7 X92.033 Y104.026 E0.00002
G1 F502.9 X91.999 Y104.043 E0.00002
G1 F504.1 X91.965 Y104.059 E0.00002
G1 F505.3 X91.93 Y104.076 E0.00002
G1 X91.903 Y104.091 E0.00002
G1 X91.857 Y104.117 E0.00003
G1 F504.1 X91.811 Y104.143 E0.00003
G1 X91.765 Y104.169 E0.00003
G1 F502.9 X91.719 Y104.195 E0.00003
G1 X91.59 Y104.27 E0.00008
G1 X91.459 Y104.346 E0.00008
G1 F504.1 X91.406 Y104.378 E0.00003
G1 F505.3 X91.381 Y104.395 E0.00002
G1 X91.356 Y104.413 E0.00002
G1 F504.1 X91.33 Y104.431 E0.00002
G1 X91.305 Y104.448 E0.00002
G1 F502.9 X91.279 Y104.466 E0.00002
G1 F501.7 X91.254 Y104.484 E0.00002
G1 X91.228 Y104.502 E0.00002
G1 F500.5 X91.203 Y104.519 E0.00002
G1 X91.177 Y104.537 E0.00002
G1 F499.3 X91.152 Y104.555 E0.00002
G1 X91.127 Y104.573 E0.00002
G1 X91.093 Y104.597 E0.00002
G1 F500.5 X91.064 Y104.618 E0.00002
G1 F501.7 X91.034 Y104.639 E0.00002
G1 X91.005 Y104.66 E0.00002
G1 F502.9 X90.976 Y104.681 E0.00002
G1 F504.1 X90.946 Y104.702 E0.00002
G1 X90.589 Y104.997 E0.00024
G1 X90.564 Y105.02 E0.00002
G1 F502.9 X90.538 Y105.044 E0.00002
G1 F501.7 X90.512 Y105.068 E0.00002
G1 X90.487 Y105.092 E0.00002
G1 F500.5 X90.461 Y105.116 E0.00002
G1 F499.3 X90.435 Y105.14 E0.00002
G1 F496.9 X90.392 Y105.178 E0.00003
G1 F495.8 X90.385 Y105.184 E0
G1 F493.5 X90.377 Y105.19 E0.00001
G1 F491.2 X90.369 Y105.196 E0.00001
G1 F488.9 X90.361 Y105.203 E0.00001
G1 F486.6 X90.353 Y105.209 E0.00001
G1 F484.4 X90.346 Y105.215 E0.00001
G1 F482.2 X90.338 Y105.221 E0.00001
G1 F480 X90.33 Y105.228 E0.00001
G1 F477.8 X90.322 Y105.234 E0.00001
G1 F475.7 X90.314 Y105.24 E0.00001
G1 F473.5 X90.307 Y105.246 E0.00001
G1 F471.4 X90.299 Y105.253 E0.00001
G1 F469.3 X90.291 Y105.259 E0.00001
G1 F467.3 X90.283 Y105.265 E0.00001
G1 F465.2 X90.275 Y105.271 E0.00001
G0 F24000 X90.392 Y105.178
G0 X90.425 Y105.148
G1 F60 E-0.001
G1 F18000 Z3.2
G0 F24000 X88.676 Y103.676 Z3.2
G1 F18000 Z1.6
G1 F60 E0.001
G1 F1348.05 X88.722 Y103.722 Z1.578315 E0.00002
G1 X88.769 Y103.769 Z1.556159 E0.00002
G1 X88.815 Y103.815 Z1.534475 E0.00002
G1 X88.862 Y103.862 Z1.512319 E0.00002
G1 X88.909 Y103.909 Z1.490163 E0.00002
G1 X88.955 Y103.955 Z1.468478 E0.00002
G1 X89.002 Y104.002 Z1.446322 E0.00002
G1 X89.049 Y104.049 Z1.424166 E0.00002
G1 X89.095 Y104.095 Z1.402482 E0.00002
G1 F1342.35 X89.142 Y104.142 Z1.380325 E0.00002
G1 X89.189 Y104.189 Z1.358169 E0.00002
G1 X89.235 Y104.235 Z1.336485 E0.00002
G1 X89.282 Y104.282 Z1.314329 E0.00002
G1 X89.329 Y104.329 Z1.292173 E0.00002
G1 X89.375 Y104.375 Z1.270488 E0.00002
G1 X89.422 Y104.422 Z1.248332 E0.00002
G1 X89.469 Y104.469 Z1.226176 E0.00002
G1 X89.515 Y104.515 Z1.204492 E0.00002
G1 F1336.65 X89.524528 Y104.524528 Z1.2 E0.00002
G1 F898.7
G1 X89.562 Y104.562 E0.00002
G1 X89.609 Y104.609 E0.00002
G1 X89.655 Y104.655 E0.00002
G1 X89.702 Y104.702 E0.00002
G1 X89.749 Y104.749 E0.00002
G1 X89.795 Y104.795 E0.00002
G1 X89.842 Y104.842 E0.00002
G1 X89.889 Y104.889 E0.00002
G1 X89.935 Y104.935 E0.00002
G1 F876.3 X89.946 Y104.943 E0
G1 F848.2 X89.954 Y104.948 E0
G1 F821.8 X89.963 Y104.954 E0
G1 F797 X89.971 Y104.959 E0
G1 F776.5 X89.979 Y104.965 E0
G1 F754.3 X89.988 Y104.97 E0
G1 F733.3 X89.996 Y104.976 E0
G1 F713.5 X90.004 Y104.981 E0
G1 F697 X90.013 Y104.987 E0
G1 F679.1 X90.021 Y104.992 E0
G1 F662.1 X90.029 Y104.998 E0
G1 F645.9 X90.038 Y105.003 E0
G1 F632.3 X90.046 Y105.009 E0
G1 F617.5 X90.054 Y105.014 E0
G1 F603.4 X90.063 Y105.02 E0
G1 F589.9 X90.071 Y105.025 E0
G1 F578.6 X90.079 Y105.031 E0
G1 F566.2 X90.088 Y105.036 E0
G1 F554.3 X90.096 Y105.042 E0
G1 F542.9 X90.104 Y105.047 E0
G1 F533.3 X90.113 Y105.053 E0.00001
G1 F522.8 X90.121 Y105.058 E0
G1 F512.6 X90.129 Y105.064 E0.00001
G1 F502.9 X90.138 Y105.069 E0.00001
G1 F494.6 X90.146 Y105.075 E0.00001
G1 F485.5 X90.154 Y105.08 E0.00001
G1 F476.7 X90.163 Y105.086 E0.00001
G1 F468.3 X90.171 Y105.091 E0.00001
G1 F466.2 X90.181 Y105.089 E0.00001
G1 F468.3 X90.19 Y105.084 E0.00001
G1 F471.4 X90.199 Y105.079 E0.00001
G1 F473.5 X90.208 Y105.074 E0.00001
G1 F475.7 X90.216 Y105.069 E0.00001
G1 F478.9 X90.225 Y105.064 E0.00001
G1 F481.1 X90.234 Y105.059 E0.00001
G1 F484.4 X90.243 Y105.054 E0.00001
G1 F486.6 X90.251 Y105.049 E0.00001
G1 F488.9 X90.26 Y105.044 E0.00001
G1 F492.3 X90.269 Y105.039 E0.00001
G1 F494.6 X90.278 Y105.034 E0.00001
G1 F496.9 X90.312 Y105.005 E0.00002
G1 F499.3 X90.338 Y104.982 E0.00002
G1 F500.5 X90.364 Y104.959 E0.00002
G1 F501.7 X90.39 Y104.935 E0.00002
G1 X90.416 Y104.912 E0.00002
G1 F502.9 X90.442 Y104.889 E0.00002
G1 F504.1 X90.468 Y104.865 E0.00002
G1 X90.841 Y104.558 E0.00025
G1 X90.87 Y104.536 E0.00002
G1 F502.9 X90.9 Y104.514 E0.00002
G1 F501.7 X90.93 Y104.492 E0.00002
G1 X90.959 Y104.47 E0.00002
G1 F500.5 X90.989 Y104.448 E0.00002
G1 F499.3 X91.019 Y104.426 E0.00002
G1 X91.045 Y104.408 E0.00002
G1 X91.071 Y104.391 E0.00002
G1 F500.5 X91.097 Y104.374 E0.00002
G1 X91.122 Y104.356 E0.00002
G1 F501.7 X91.148 Y104.339 E0.00002
G1 X91.174 Y104.322 E0.00002
G1 F502.9 X91.199 Y104.304 E0.00002
G1 F504.1 X91.225 Y104.287 E0.00002
G1 X91.251 Y104.27 E0.00002
G1 F505.3 X91.277 Y104.253 E0.00002
G1 X91.302 Y104.235 E0.00002
G1 X91.338 Y104.21 E0.00002
G1 F504.1 X91.412 Y104.167 E0.00004
G1 X91.486 Y104.123 E0.00004
G1 F502.9 X91.56 Y104.079 E0.00005
G1 X91.634 Y104.035 E0.00005
G1 X91.679 Y104.011 E0.00003
G1 F504.1 X91.726 Y103.986 E0.00003
G1 X91.773 Y103.961 E0.00003
G1 F505.3 X91.819 Y103.936 E0.00003
G1 X91.85 Y103.919 E0.00002
G1 X91.884 Y103.902 E0.00002
G1 F504.1 X91.919 Y103.884 E0.00002
G1 F502.9 X91.953 Y103.866 E0.00002
G1 F501.7 X91.988 Y103.848 E0.00002
G1 F500.5 X92.022 Y103.83 E0.00002
G1 X92.152 Y103.77 E0.00008
G1 X92.283 Y103.71 E0.00008
G1 F501.7 X92.322 Y103.694 E0.00002
G1 F504.1 X92.362 Y103.678 E0.00002
G1 X92.393 Y103.665 E0.00002
G1 X92.477 Y103.633 E0.00005
G1 F502.9 X92.562 Y103.6 E0.00005
G1 X92.647 Y103.567 E0.00005
G1 F501.7 X92.705 Y103.546 E0.00003
G1 X92.873 Y103.494 E0.00009
G1 X93.042 Y103.441 E0.00009
G1 X93.211 Y103.388 E0.00009
G1 F502.9 X93.361 Y103.355 E0.00008
G1 X93.511 Y103.321 E0.00008
G1 X93.661 Y103.287 E0.00008
G1 X93.811 Y103.253 E0.00008
G1 F501.7 X93.863 Y103.242 E0.00003
G1 X93.919 Y103.234 E0.00003
G1 F502.9 X93.976 Y103.226 E0.00003
G1 X94.032 Y103.218 E0.00003
G1 F504.1 X94.089 Y103.209 E0.00003
G1 X94.174 Y103.202 E0.00004
G1 X94.26 Y103.194 E0.00005
G1 X94.345 Y103.186 E0.00004
G1 F502.9 X94.431 Y103.178 E0.00005
G1 X94.517 Y103.17 E0.00005
G1 X94.602 Y103.162 E0.00004
G1 X94.643 Y103.161 E0.00002
G1 F505.3 X94.686 Y103.159 E0.00002
G1 X94.839 Y103.155 E0.00008
G1 X94.992 Y103.151 E0.00008
G1 F504.1 X95.086 Y103.151 E0.00005
G1 F502.9 X95.306 Y103.156 E0.00012
G1 X95.482 Y103.171 E0.00009
G1 X95.658 Y103.186 E0.00009
G1 X95.834 Y103.201 E0.00009
G1 F504.1 X95.877 Y103.207 E0.00002
G1 F505.3 X95.91 Y103.211 E0.00002
G1 F504.1 X95.969 Y103.22 E0.00003
G1 X96.028 Y103.229 E0.00003
G1 F502.9 X96.087 Y103.238 E0.00003
G1 X96.147 Y103.247 E0.00003
G1 F501.7 X96.206 Y103.256 E0.00003
G1 X96.265 Y103.266 E0.00003
G1 X96.324 Y103.278 E0.00003
G1 F504.1 X96.478 Y103.315 E0.00008
G1 X96.633 Y103.352 E0.00008
G1 X96.788 Y103.39 E0.00008
G1 X96.828 Y103.401 E0.00002
G1 F502.9 X96.868 Y103.412 E0.00002
G1 F501.7 X96.909 Y103.423 E0.00002
G1 X96.949 Y103.434 E0.00002
G1 F500.5 X96.99 Y103.446 E0.00002
G1 X97.072 Y103.472 E0.00005
G1 X97.155 Y103.499 E0.00005
G1 F501.7 X97.238 Y103.526 E0.00005
G1 F502.9 X97.285 Y103.544 E0.00003
G1 F505.3 X97.332 Y103.561 E0.00003
G1 X97.636 Y103.68 E0.00017
G1 X97.671 Y103.695 E0.00002
G1 X97.707 Y103.711 E0.00002
G1 F504.1 X97.743 Y103.727 E0.00002
G1 X97.778 Y103.743 E0.00002
G1 F502.9 X97.814 Y103.758 E0.00002
G1 F501.7 X97.85 Y103.774 E0.00002
G1 X97.885 Y103.79 E0.00002
G1 F500.5 X97.921 Y103.806 E0.00002
G1 X97.957 Y103.821 E0.00002
G1 X98.006 Y103.846 E0.00003
G1 F501.7 X98.053 Y103.869 E0.00003
G1 X98.099 Y103.892 E0.00003
G1 F502.9 X98.146 Y103.916 E0.00003
G1 F504.1 X98.158 Y103.921 E0.00001
G1 F502.9 X98.223 Y103.955 E0.00004
G1 F501.7 X98.351 Y104.027 E0.00008
G1 X98.48 Y104.1 E0.00008
G1 X98.519 Y104.123 E0.00002
G1 F504.1 X98.558 Y104.147 E0.00002
G1 X98.586 Y104.164 E0.00002
G1 X98.637 Y104.197 E0.00003
G1 F502.9 X98.688 Y104.23 E0.00003
G1 F501.7 X98.739 Y104.264 E0.00003
G1 X98.82 Y104.319 E0.00005
G1 X98.9 Y104.373 E0.00005
G1 F502.9 X98.981 Y104.428 E0.00005
G1 F504.1 X99.059 Y104.485 E0.00005
G1 X99.089 Y104.508 E0.00002
G1 X99.119 Y104.531 E0.00002
G1 F502.9 X99.149 Y104.554 E0.00002
G1 X99.179 Y104.577 E0.00002
G1 F501.7 X99.209 Y104.6 E0.00002
G1 F500.5 X99.24 Y104.623 E0.00002
G1 X99.27 Y104.646 E0.00002
G1 F499.3 X99.3 Y104.67 E0.00002
G1 X99.33 Y104.693 E0.00002
G1 X99.357 Y104.716 E0.00002
G1 F500.5 X99.386 Y104.741 E0.00002
G1 F501.7 X99.415 Y104.765 E0.00002
G1 X99.444 Y104.79 E0.00002
G1 F502.9 X99.473 Y104.815 E0.00002
G1 F504.1 X99.502 Y104.839 E0.00002
G1 F505.3 X99.555 Y104.889 E0.00004
G1 X99.611 Y104.941 E0.00004
G1 F506.5 X99.667 Y104.993 E0.00004
G1 X99.723 Y105.045 E0.00004
G1 X99.742 Y105.063 E0.00001
G1 X99.766 Y105.086 E0.00002
G1 F505.3 X99.79 Y105.11 E0.00002
G1 F504.1 X99.814 Y105.134 E0.00002
G1 X99.838 Y105.157 E0.00002
G1 F502.9 X99.863 Y105.181 E0.00002
G1 F501.7 X99.887 Y105.205 E0.00002
G1 X99.927 Y105.247 E0.00003
G1 X99.968 Y105.291 E0.00003
G1 F502.9 X100.009 Y105.334 E0.00003
G1 F504.1 X100.05 Y105.378 E0.00003
G1 X100.092 Y105.422 E0.00003
G1 X100.156 Y105.495 E0.00005
G1 X100.207 Y105.556 E0.00004
G1 X100.258 Y105.617 E0.00004
G1 F502.9 X100.31 Y105.678 E0.00004
G1 X100.361 Y105.739 E0.00004
G1 X100.422 Y105.818 E0.00005
G1 F504.1 X100.439 Y105.842 E0.00002
G1 F502.9 X100.475 Y105.892 E0.00003
G1 X100.512 Y105.942 E0.00003
G1 F501.7 X100.549 Y105.992 E0.00003
G1 F500.5 X100.585 Y106.042 E0.00003
G1 X100.622 Y106.092 E0.00003
G1 F499.3 X100.625 Y106.097 E0
G1 F500.5 X100.66 Y106.149 E0.00003
G1 F501.7 X100.695 Y106.201 E0.00003
G1 X100.731 Y106.253 E0.00003
G1 F502.9 X100.766 Y106.305 E0.00003
G1 F501.7 X100.809 Y106.373 E0.00004
G1 X100.894 Y106.521 E0.00009
G1 X100.979 Y106.669 E0.00009
G1 X101.065 Y106.818 E0.00009
G1 F502.9 X101.075 Y106.837 E0.00001
G1 F504.1 X101.156 Y107.012 E0.0001
G1 X101.237 Y107.187 E0.0001
G1 X101.318 Y107.363 E0.0001
G1 F502.9 X101.436 Y107.668 E0.00017
G1 X101.464 Y107.754 E0.00005
G1 X101.492 Y107.84 E0.00005
G1 F501.7 X101.52 Y107.927 E0.00005
G1 X101.549 Y108.013 E0.00005
G1 X101.577 Y108.099 E0.00005
G1 X101.587 Y108.135 E0.00002
G1 F504.1 X101.597 Y108.173 E0.00002
G1 F506.5 X101.608 Y108.211 E0.00002
G1 X101.618 Y108.251 E0.00002
G1 X101.625 Y108.283 E0.00002
G1 F505.3 X101.633 Y108.315 E0.00002
G1 X101.641 Y108.347 E0.00002
G1 F504.1 X101.649 Y108.379 E0.00002
G1 F502.9 X101.657 Y108.411 E0.00002
G1 X101.665 Y108.443 E0.00002
G1 F501.7 X101.673 Y108.475 E0.00002
G1 F500.5 X101.681 Y108.507 E0.00002
G1 X101.689 Y108.539 E0.00002
G1 X101.705 Y108.622 E0.00004
G1 X101.722 Y108.705 E0.00004
G1 F501.7 X101.739 Y108.789 E0.00005
G1 F502.9 X101.751 Y108.865 E0.00004
G1 X101.762 Y108.94 E0.00004
G1 F504.1 X101.773 Y109.015 E0.00004
G1 X101.785 Y109.09 E0.00004
G1 X101.789 Y109.12 E0.00002
G1 X101.795 Y109.169 E0.00003
G1 F502.9 X101.801 Y109.219 E0.00003
G1 F501.7 X101.807 Y109.268 E0.00003
G1 F500.5 X101.82 Y109.415 E0.00008
G1 X101.833 Y109.563 E0.00008
G1 X101.836 Y109.625 E0.00003
G1 F502.9 X101.839 Y109.687 E0.00003
G1 F504.1 X101.844 Y109.834 E0.00008
G1 X101.849 Y109.982 E0.00008
G1 X101.849 Y110.054 E0.00004
G1 X101.845 Y110.169 E0.00006
G1 X101.841 Y110.284 E0.00006
G1 X101.837 Y110.348 E0.00003
G1 F502.9 X101.792 Y110.881 E0.00028
G1 F501.7 X101.784 Y110.946 E0.00003
G1 X101.768 Y111.039 E0.00005
G1 X101.752 Y111.133 E0.00005
G1 F502.9 X101.736 Y111.227 E0.00005
G1 F504.1 X101.716 Y111.321 E0.00005
G1 X101.615 Y111.756 E0.00023
G1 F502.9 X101.601 Y111.815 E0.00003
G1 F501.7 X101.47 Y112.241 E0.00023
G1 F502.9 X101.441 Y112.327 E0.00005
G1 F504.1 X101.38 Y112.482 E0.00009
G1 X101.318 Y112.638 E0.00009
G1 F502.9 X101.3 Y112.68 E0.00002
G1 X101.281 Y112.722 E0.00002
G1 F501.7 X101.262 Y112.764 E0.00002
G1 F500.5 X101.243 Y112.806 E0.00002
G1 X101.225 Y112.848 E0.00002
G1 F499.3 X101.206 Y112.89 E0.00002
G1 X101.187 Y112.932 E0.00002
G1 X101.166 Y112.975 E0.00003
G1 F500.5 X101.145 Y113.017 E0.00002
G1 X101.124 Y113.059 E0.00002
G1 F501.7 X101.103 Y113.101 E0.00002
G1 F502.9 X101.082 Y113.144 E0.00003
G1 X101.055 Y113.198 E0.00003
G1 F501.7 X100.834 Y113.583 E0.00023
G1 X100.805 Y113.632 E0.00003
G1 F499.3 X100.775 Y113.681 E0.00003
G1 F498.1 X100.59 Y113.953 E0.00017
G1 F499.3 X100.562 Y113.993 E0.00003
G1 F501.7 X100.533 Y114.033 E0.00003
G1 X100.513 Y114.06 E0.00002
G1 X100.474 Y114.111 E0.00003
G1 F500.5 X100.435 Y114.163 E0.00003
G1 F499.3 X100.434 Y114.164 E0
G1 F500.5 X100.381 Y114.23 E0.00004
G1 X100.328 Y114.296 E0.00004
G1 X100.274 Y114.362 E0.00004
G1 F501.7 X100.221 Y114.428 E0.00004
G1 X100.167 Y114.495 E0.00005
G1 F502.9 X100.113 Y114.552 E0.00004
G1 X100.059 Y114.61 E0.00004
G1 F504.1 X100.005 Y114.667 E0.00004
G1 X99.951 Y114.725 E0.00004
G1 X99.935 Y114.742 E0.00001
G1 X99.876 Y114.803 E0.00004
G1 F502.9 X99.816 Y114.864 E0.00004
G1 F501.7 X99.815 Y114.865 E0
G1 F502.9 X99.746 Y114.931 E0.00005
G1 X99.676 Y114.997 E0.00005
G1 F504.1 X99.606 Y115.063 E0.00005
G1 X99.536 Y115.129 E0.00005
G1 X99.488 Y115.173 E0.00003
G1 F502.9 X99.412 Y115.235 E0.00005
G1 F501.7 X99.336 Y115.297 E0.00005
G1 X99.26 Y115.359 E0.00005
G1 F500.5 X99.259 Y115.36 E0
G1 F501.7 X99.218 Y115.391 E0.00003
G1 F504.1 X99.177 Y115.423 E0.00003
G1 F502.9 X99.156 Y115.439 E0.00001
G1 F501.7 X99.111 Y115.472 E0.00003
G1 X99.066 Y115.505 E0.00003
G1 F500.5 X99.021 Y115.539 E0.00003
G1 F499.3 X98.976 Y115.572 E0.00003
G1 X98.931 Y115.605 E0.00003
G1 X98.851 Y115.66 E0.00005
G1 X98.772 Y115.713 E0.00005
G1 F500.5 X98.693 Y115.766 E0.00005
G1 F501.7 X98.556 Y115.846 E0.00008
G1 X98.419 Y115.925 E0.00008
G1 X98.282 Y116.004 E0.00008
G1 X98.146 Y116.084 E0.00008
G1 X98.107 Y116.102 E0.00002
G1 F500.5 X98.067 Y116.122 E0.00002
G1 X98.026 Y116.142 E0.00002
G1 F499.3 X97.986 Y116.162 E0.00002
G1 F498.1 X97.945 Y116.182 E0.00002
G1 X97.905 Y116.201 E0.00002
G1 X97.873 Y116.215 E0.00002
G1 X97.839 Y116.23 E0.00002
G1 F499.3 X97.805 Y116.245 E0.00002
G1 F500.5 X97.771 Y116.26 E0.00002
G1 X97.737 Y116.275 E0.00002
G1 F501.7 X97.703 Y116.289 E0.00002
G1 F502.9 X97.669 Y116.304 E0.00002
G1 X97.635 Y116.319 E0.00002
G1 X97.33 Y116.437 E0.00017
G1 X97.278 Y116.454 E0.00003
G1 X97.226 Y116.472 E0.00003
G1 F501.7 X97.174 Y116.49 E0.00003
G1 F500.5 X97.122 Y116.508 E0.00003
G1 X97.07 Y116.526 E0.00003
G1 X97.034 Y116.536 E0.00002
G1 X96.999 Y116.546 E0.00002
G1 F501.7 X96.965 Y116.556 E0.00002
G1 F502.9 X96.93 Y116.566 E0.00002
G1 X96.895 Y116.576 E0.00002
G1 F504.1 X96.861 Y116.586 E0.00002
G1 F505.3 X96.826 Y116.596 E0.00002
G1 X96.791 Y116.606 E0.00002
G1 X96.751 Y116.617 E0.00002
G1 X96.694 Y116.632 E0.00003
G1 F502.9 X96.636 Y116.648 E0.00003
G1 X96.545 Y116.667 E0.00005
G1 X96.454 Y116.686 E0.00005
G1 X96.363 Y116.705 E0.00005
G1 F504.1 X96.272 Y116.724 E0.00005
G1 X96.181 Y116.743 E0.00005
G1 X96.104 Y116.755 E0.00004
G1 X96.027 Y116.768 E0.00004
G1 F502.9 X95.95 Y116.78 E0.00004
G1 X95.873 Y116.793 E0.00004
G1 X95.686 Y116.808 E0.0001
G1 X95.499 Y116.824 E0.0001
G1 X95.311 Y116.84 E0.0001
G1 X95.169 Y116.846 E0.00007
G1 F504.1 X95.117 Y116.846 E0.00003
G1 F505.3 X95.065 Y116.846 E0.00003
G1 F506.5 X95.013 Y116.846 E0.00003
G1 X94.988 Y116.846 E0.00001
G1 X94.897 Y116.845 E0.00005
G1 F505.3 X94.806 Y116.844 E0.00005
G1 X94.715 Y116.842 E0.00005
G1 F502.9 X94.687 Y116.842 E0.00001
G1 F501.7 X94.503 Y116.827 E0.0001
G1 X94.319 Y116.811 E0.0001
G1 X94.135 Y116.795 E0.0001
G1 X93.967 Y116.769 E0.00009
G1 X93.798 Y116.742 E0.00009
G1 X93.51 Y116.683 E0.00015
G1 F502.9 X93.456 Y116.669 E0.00003
G1 X93.402 Y116.655 E0.00003
G1 F504.1 X93.348 Y116.641 E0.00003
G1 F505.3 X93.294 Y116.627 E0.00003
G1 X93.239 Y116.613 E0.00003
G1 X93.208 Y116.604 E0.00002
G1 X93.178 Y116.596 E0.00002
G1 F504.1 X93.147 Y116.587 E0.00002
G1 X93.116 Y116.579 E0.00002
G1 F502.9 X93.085 Y116.57 E0.00002
G1 F501.7 X93.055 Y116.562 E0.00002
G1 X93.024 Y116.553 E0.00002
G1 F500.5 X92.993 Y116.545 E0.00002
G1 F499.3 X92.962 Y116.536 E0.00002
G1 X92.931 Y116.528 E0.00002
G1 X92.875 Y116.509 E0.00003
G1 X92.823 Y116.491 E0.00003
G1 F500.5 X92.771 Y116.474 E0.00003
G1 F501.7 X92.719 Y116.456 E0.00003
G1 X92.667 Y116.438 E0.00003
G1 X92.5 Y116.376 E0.00009
G1 F502.9 X92.444 Y116.353 E0.00003
G1 F504.1 X92.388 Y116.33 E0.00003
G1 X92.359 Y116.318 E0.00002
G1 F502.9 X92.316 Y116.3 E0.00002
G1 F501.7 X92.273 Y116.281 E0.00002
G1 X92.23 Y116.262 E0.00002
G1 F500.5 X92.187 Y116.243 E0.00002
G1 F499.3 X92.144 Y116.224 E0.00002
G1 X92.101 Y116.205 E0.00002
G1 X92.065 Y116.187 E0.00002
G1 F500.5 X92.029 Y116.169 E0.00002
G1 X91.993 Y116.151 E0.00002
G1 F501.7 X91.957 Y116.134 E0.00002
G1 F502.9 X91.921 Y116.116 E0.00002
G1 X91.885 Y116.098 E0.00002
G1 F504.1 X91.849 Y116.08 E0.00002
G1 X91.821 Y116.065 E0.00002
G1 X91.778 Y116.043 E0.00003
G1 F502.9 X91.735 Y116.02 E0.00003
G1 F501.7 X91.691 Y115.997 E0.00003
G1 X91.608 Y115.949 E0.00005
G1 X91.525 Y115.901 E0.00005
G1 F502.9 X91.442 Y115.852 E0.00005
G1 X91.287 Y115.749 E0.0001
G1 X91.131 Y115.645 E0.0001
G1 X90.976 Y115.541 E0.0001
G1 F501.7 X90.931 Y115.508 E0.00003
G1 X90.86 Y115.453 E0.00005
G1 F500.5 X90.788 Y115.397 E0.00005
G1 X90.716 Y115.341 E0.00005
G1 X90.691 Y115.32 E0.00002
G1 X90.667 Y115.299 E0.00002
G1 F501.7 X90.642 Y115.279 E0.00002
G1 F502.9 X90.618 Y115.258 E0.00002
G1 X90.593 Y115.237 E0.00002
G1 F504.1 X90.569 Y115.217 E0.00002
G1 F505.3 X90.544 Y115.196 E0.00002
G1 X90.52 Y115.176 E0.00002
G1 F506.5 X90.495 Y115.155 E0.00002
G1 X90.476 Y115.138 E0.00001
G1 X90.445 Y115.111 E0.00002
G1 F505.3 X90.413 Y115.083 E0.00002
G1 X90.382 Y115.055 E0.00002
G1 F504.1 X90.35 Y115.027 E0.00002
G1 F502.9 X90.319 Y115 E0.00002
G1 X90.287 Y114.972 E0.00002
G1 X90.249 Y114.933 E0.00003
G1 X90.188 Y114.87 E0.00005
G1 X90.127 Y114.807 E0.00005
G1 F501.7 X90.066 Y114.744 E0.00005
G1 X90.004 Y114.681 E0.00005
G1 X89.943 Y114.618 E0.00005
G1 X89.902 Y114.573 E0.00003
G1 F504.1 X89.862 Y114.528 E0.00003
G1 F505.3 X89.842 Y114.504 E0.00002
G1 X89.802 Y114.457 E0.00003
G1 F504.1 X89.761 Y114.409 E0.00003
G1 X89.72 Y114.361 E0.00003
G1 F502.9 X89.679 Y114.313 E0.00003
G1 F501.7 X89.674 Y114.308 E0
G1 F502.9 X89.624 Y114.245 E0.00004
G1 F504.1 X89.574 Y114.181 E0.00004
G1 X89.553 Y114.153 E0.00002
G1 X89.525 Y114.116 E0.00002
G1 F501.7 X89.496 Y114.078 E0.00003
G1 X89.445 Y114.004 E0.00005
G1 X89.394 Y113.93 E0.00005
G1 X89.343 Y113.856 E0.00005
G1 F502.9 X89.292 Y113.782 E0.00005
G1 X89.241 Y113.708 E0.00005
G1 X89.207 Y113.655 E0.00003
G1 X89.158 Y113.573 E0.00005
G1 F501.7 X89.109 Y113.49 E0.00005
G1 X89.06 Y113.407 E0.00005
G1 X89.029 Y113.35 E0.00003
G1 F502.9 X88.997 Y113.293 E0.00003
G1 X88.966 Y113.236 E0.00003
G1 F504.1 X88.934 Y113.179 E0.00003
G1 X88.917 Y113.148 E0.00002
G1 F502.9 X88.896 Y113.107 E0.00002
G1 F500.5 X88.874 Y113.066 E0.00002
G1 X88.837 Y112.985 E0.00005
G1 X88.799 Y112.903 E0.00005
G1 X88.761 Y112.821 E0.00005
G1 F501.7 X88.724 Y112.739 E0.00005
G1 X88.686 Y112.658 E0.00005
G1 F502.9 X88.654 Y112.575 E0.00005
G1 X88.622 Y112.492 E0.00005
G1 F504.1 X88.59 Y112.409 E0.00005
G1 X88.557 Y112.326 E0.00005
G1 F502.9 X88.526 Y112.241 E0.00005
G1 F501.7 X88.482 Y112.1 E0.00008
G1 X88.438 Y111.959 E0.00008
G1 X88.393 Y111.817 E0.00008
G1 X88.384 Y111.78 E0.00002
G1 F504.1 X88.375 Y111.743 E0.00002
G1 X88.361 Y111.68 E0.00003
G1 X88.347 Y111.616 E0.00003
G1 X88.333 Y111.553 E0.00003
G1 F502.9 X88.319 Y111.489 E0.00003
G1 X88.305 Y111.426 E0.00003
G1 F501.7 X88.291 Y111.362 E0.00003
G1 X88.277 Y111.299 E0.00003
G1 X88.262 Y111.235 E0.00003
G1 X88.256 Y111.196 E0.00002
G1 F504.1 X88.232 Y111.034 E0.00009
G1 X88.207 Y110.872 E0.00009
G1 X88.191 Y110.685 E0.0001
G1 X88.174 Y110.498 E0.0001
G1 X88.158 Y110.31 E0.0001
G1 X88.154 Y110.158 E0.00008
G1 X88.151 Y110.007 E0.00008
G1 X88.151 Y109.866 E0.00007
G1 F502.9 X88.157 Y109.689 E0.00009
G1 X88.16 Y109.628 E0.00003
G1 F501.7 X88.163 Y109.567 E0.00003
G1 F500.5 X88.198 Y109.172 E0.00021
G1 F501.7 X88.208 Y109.094 E0.00004
G1 X88.276 Y108.682 E0.00022
G1 X88.341 Y108.39 E0.00016
G1 F502.9 X88.355 Y108.337 E0.00003
G1 F504.1 X88.369 Y108.284 E0.00003
G1 F505.3 X88.384 Y108.231 E0.00003
G1 X88.393 Y108.197 E0.00002
G1 X88.406 Y108.152 E0.00002
G1 F504.1 X88.419 Y108.107 E0.00002
G1 F502.9 X88.432 Y108.062 E0.00002
G1 X88.445 Y108.017 E0.00002
G1 F501.7 X88.458 Y107.972 E0.00002
G1 X88.482 Y107.899 E0.00004
G1 X88.506 Y107.825 E0.00004
G1 F502.9 X88.531 Y107.751 E0.00004
G1 X88.555 Y107.677 E0.00004
G1 X88.677 Y107.363 E0.00018
G1 F504.1 X88.757 Y107.192 E0.0001
G1 X88.837 Y107.021 E0.0001
G1 X88.917 Y106.85 E0.0001
G1 X88.983 Y106.727 E0.00007
G1 F502.9 X89.054 Y106.599 E0.00008
G1 X89.125 Y106.471 E0.00008
G1 X89.165 Y106.408 E0.00004
G1 X89.211 Y106.338 E0.00004
G1 X89.257 Y106.268 E0.00004
G1 F501.7 X89.304 Y106.198 E0.00004
G1 X89.35 Y106.128 E0.00004
G1 X89.375 Y106.094 E0.00002
G1 F502.9 X89.399 Y106.061 E0.00002
G1 X89.423 Y106.028 E0.00002
G1 F504.1 X89.447 Y105.995 E0.00002
G1 F505.3 X89.471 Y105.961 E0.00002
G1 X89.49 Y105.935 E0.00002
G1 X89.511 Y105.907 E0.00002
G1 F504.1 X89.533 Y105.878 E0.00002
G1 X89.554 Y105.849 E0.00002
G1 F502.9 X89.576 Y105.82 E0.00002
G1 F501.7 X89.598 Y105.791 E0.00002
G1 X89.619 Y105.763 E0.00002
G1 F500.5 X89.641 Y105.734 E0.00002
G1 X89.658 Y105.714 E0.00001
G1 X89.675 Y105.693 E0.00001
G1 F501.7 X89.693 Y105.673 E0.00001
G1 F502.9 X89.71 Y105.652 E0.00001
G1 X89.728 Y105.632 E0.00001
G1 F504.1 X89.745 Y105.611 E0.00001
G1 F505.3 X89.763 Y105.591 E0.00001
G1 X89.78 Y105.57 E0.00001
G1 F506.5 X89.797 Y105.549 E0.00001
G1 F507.7 X89.815 Y105.529 E0.00001
G1 X89.832 Y105.508 E0.00001
G1 X89.856 Y105.481 E0.00002
G1 X89.886 Y105.447 E0.00002
G1 F506.5 X89.916 Y105.412 E0.00002
G1 F505.3 X89.946 Y105.378 E0.00002
G1 X89.976 Y105.343 E0.00002
G1 F504.1 X90.007 Y105.308 E0.00002
G1 F501.7 X90.03 Y105.279 E0.00002
G1 F498.1 X90.043 Y105.261 E0.00001
G1 F494.6 X90.047 Y105.253 E0
G1 F491.2 X90.052 Y105.244 E0.00001
G1 F487.8 X90.057 Y105.235 E0.00001
G1 F484.4 X90.062 Y105.227 E0.00001
G1 F481.1 X90.067 Y105.218 E0.00001
G1 F478.9 X90.072 Y105.209 E0.00001
G1 F475.7 X90.077 Y105.201 E0.00001
G1 F472.5 X90.082 Y105.192 E0.00001
G1 F469.3 X90.087 Y105.183 E0.00001
G1 F466.2 X90.092 Y105.174 E0.00001
G1 F468.3 X90.088 Y105.165 E0.00001
G1 F476.7 X90.083 Y105.157 E0.00001
G1 F485.5 X90.077 Y105.148 E0.00001
G1 F494.6 X90.072 Y105.14 E0.00001
G1 F502.9 X90.066 Y105.132 E0.00001
G1 F512.6 X90.061 Y105.123 E0.00001
G1 F522.8 X90.055 Y105.115 E0.00001
G1 F533.3 X90.05 Y105.107 E0
G1 F542.9 X90.044 Y105.098 E0.00001
G1 F554.3 X90.039 Y105.09 E0
G1 F566.2 X90.033 Y105.082 E0
G1 F578.6 X90.028 Y105.073 E0
G1 F589.9 X90.022 Y105.065 E0
G1 F603.4 X90.017 Y105.057 E0
G1 F617.5 X90.011 Y105.048 E0
G1 F632.3 X90.006 Y105.04 E0
G1 F645.9 X90 Y105.032 E0
G1 F662.1 X89.995 Y105.023 E0
G1 F679.1 X89.989 Y105.015 E0
G1 F697 X89.984 Y105.007 E0
G1 F713.5 X89.978 Y104.998 E0
G1 F733.3 X89.973 Y104.99 E0
G1 F754.3 X89.967 Y104.982 E0
G1 F776.5 X89.962 Y104.973 E0
G1 F797 X89.956 Y104.965 E0
G1 F821.8 X89.951 Y104.957 E0
G1 F848.2 X89.945 Y104.948 E0
G1 F876.3 X89.94 Y104.94 E0
G1 F891.1 X89.892 Y104.892 E0.00002
G1 X89.845 Y104.845 E0.00002
G1 X89.799 Y104.799 E0.00002
G1 X89.752 Y104.752 E0.00002
G1 X89.705 Y104.705 E0.00002
G1 X89.659 Y104.659 E0.00002
G1 X89.612 Y104.612 E0.00002
G1 X89.565 Y104.565 E0.00002
G1 X89.519 Y104.519 E0.00002
G1 F894.9 X89.472 Y104.472 E0.00002
G1 X89.425 Y104.425 E0.00002
G1 X89.379 Y104.379 E0.00002
G1 X89.332 Y104.332 E0.00002
G1 X89.285 Y104.285 E0.00002
G1 X89.239 Y104.239 E0.00002
G1 X89.192 Y104.192 E0.00002
G1 X89.145 Y104.145 E0.00002
G1 X89.099 Y104.099 E0.00002
G1 F898.7 X89.052 Y104.052 E0.00002
G1 X89.005 Y104.005 E0.00002
G1 X88.959 Y103.959 E0.00002
G1 X88.912 Y103.912 E0.00002
G1 X88.865 Y103.865 E0.00002
G1 X88.819 Y103.819 E0.00002
G1 X88.772 Y103.772 E0.00002
G1 X88.725 Y103.725 E0.00002
G1 X88.679 Y103.679 E0.00002
G0 F24000 X88.817 Y103.817
G1 F60 E-0.001
G1 F18000 Z3.2
G0 F24000 X94.998 Y106.95 Z3.2
G1 F18000 Z1.6
G1 F60 E0.001
G1 F1353.9 X94.998 Y105.75 Z1.2 E0.000674
G1 F902.6
G1 X94.998 Y105.184 E0.00052
G1 F891.1 X94.997 Y105.175 E0
G1 F862 X94.995 Y105.165 E0
G1 F838.1 X94.993 Y105.155 E0
G1 F815.4 X94.991 Y105.145 E0
G1 F791 X94.989 Y105.135 E0
G1 F770.8 X94.988 Y105.125 E0
G1 F751.6 X94.986 Y105.116 E0
G1 F730.8 X94.984 Y105.106 E0
G1 F713.5 X94.982 Y105.096 E0
G1 F697 X94.98 Y105.086 E0
G1 F679.1 X94.979 Y105.076 E0
G1 F664.2 X94.977 Y105.066 E0
G1 F649.8 X94.975 Y105.057 E0
G1 F634.2 X94.973 Y105.047 E0
G1 F621.2 X94.971 Y105.037 E0
G1 F608.6 X94.969 Y105.027 E0
G1 F594.9 X94.968 Y105.017 E0
G1 F583.4 X94.966 Y105.007 E0
G1 F572.4 X94.964 Y104.998 E0
G1 F560.2 X94.962 Y104.988 E0
G1 F550 X94.96 Y104.978 E0
G1 F540.2 X94.959 Y104.968 E0
G1 F529.3 X94.957 Y104.958 E0.00001
G1 F520.2 X94.955 Y104.948 E0.00001
G1 F511.4 X94.953 Y104.939 E0
G1 F501.7 X94.951 Y104.929 E0.00001
G1 F493.5 X94.949 Y104.919 E0.00001
G1 F485.5 X94.948 Y104.909 E0.00001
G1 F476.7 X94.946 Y104.899 E0.00001
G1 F469.3 X94.944 Y104.889 E0.00001
G1 F466.2 X94.934 Y104.885 E0.00001
G1 F468.3 X94.924 Y104.883 E0.00001
G1 F470.4 X94.914 Y104.881 E0.00001
G1 F472.5 X94.904 Y104.879 E0.00001
G1 F474.6 X94.894 Y104.877 E0.00001
G1 F476.7 X94.885 Y104.875 E0.00001
G1 F478.9 X94.875 Y104.873 E0.00001
G1 F481.1 X94.865 Y104.872 E0.00001
G1 F483.3 X94.855 Y104.87 E0.00001
G1 F485.5 X94.845 Y104.868 E0.00001
G1 F487.8 X94.835 Y104.866 E0.00001
G1 F490 X94.826 Y104.864 E0
G1 F492.3 X94.816 Y104.862 E0.00001
G1 F494.6 X94.806 Y104.86 E0.00001
G1 F496.9 X94.796 Y104.858 E0.00001
G1 F499.3 X94.786 Y104.857 E0.00001
G1 F501.7 X94.776 Y104.855 E0.00001
G1 F504.1 X94.577 Y104.871 E0.0001
G1 X94.378 Y104.888 E0.0001
G1 F502.9 X94.318 Y104.895 E0.00003
G1 F501.7 X94.247 Y104.905 E0.00004
G1 X94.176 Y104.915 E0.00004
G1 F502.9 X94.104 Y104.925 E0.00004
G1 F504.1 X94.05 Y104.934 E0.00003
G1 F506.5 X94.017 Y104.941 E0.00002
G1 X93.984 Y104.949 E0.00002
G1 F505.3 X93.95 Y104.957 E0.00002
G1 X93.916 Y104.965 E0.00002
G1 F504.1 X93.882 Y104.973 E0.00002
G1 F502.9 X93.848 Y104.981 E0.00002
G1 X93.814 Y104.989 E0.00002
G1 F501.7 X93.78 Y104.997 E0.00002
G1 X93.724 Y105.011 E0.00003
G1 F502.9 X93.668 Y105.025 E0.00003
G1 F504.1 X93.612 Y105.04 E0.00003
G1 X93.453 Y105.093 E0.00009
G1 X93.294 Y105.146 E0.00009
G1 X93.134 Y105.199 E0.00009
G1 F502.9 X92.676 Y105.403 E0.00026
G1 X92.627 Y105.428 E0.00003
G1 X92.587 Y105.45 E0.00002
G1 X92.547 Y105.472 E0.00002
G1 F504.1 X92.507 Y105.495 E0.00002
G1 X92.466 Y105.517 E0.00002
G1 F505.3 X92.426 Y105.539 E0.00002
G1 F506.5 X92.386 Y105.562 E0.00002
G1 X92.346 Y105.584 E0.00002
G1 X92.324 Y105.596 E0.00001
G1 F504.1 X92.257 Y105.638 E0.00004
G1 X92.216 Y105.665 E0.00003
G1 F505.3 X92.174 Y105.693 E0.00003
G1 X92.133 Y105.72 E0.00003
G1 F506.5 X92.091 Y105.748 E0.00003
G1 F507.7 X92.049 Y105.776 E0.00003
G1 X91.978 Y105.831 E0.00005
G1 X91.907 Y105.886 E0.00005
G1 F506.5 X91.836 Y105.941 E0.00005
G1 X91.765 Y105.996 E0.00005
G1 X91.694 Y106.051 E0.00005
G1 F505.3 X91.362 Y106.352 E0.00023
G1 X91.052 Y106.69 E0.00024
G1 F506.5 X90.997 Y106.76 E0.00005
G1 X90.941 Y106.831 E0.00005
G1 F507.7 X90.886 Y106.902 E0.00005
G1 X90.83 Y106.973 E0.00005
G1 X90.784 Y107.041 E0.00004
G1 X90.737 Y107.111 E0.00004
G1 F506.5 X90.69 Y107.181 E0.00004
G1 X90.643 Y107.251 E0.00004
G1 F505.3 X90.602 Y107.322 E0.00004
G1 X90.561 Y107.393 E0.00004
G1 F504.1 X90.52 Y107.464 E0.00004
G1 X90.479 Y107.535 E0.00004
G1 X90.437 Y107.606 E0.00004
G1 X90.414 Y107.652 E0.00003
G1 F505.3 X90.334 Y107.834 E0.0001
G1 X90.254 Y108.016 E0.0001
G1 X90.174 Y108.199 E0.0001
G1 X89.997 Y108.767 E0.00031
G1 F504.1 X89.978 Y108.852 E0.00005
G1 F502.9 X89.965 Y108.924 E0.00004
G1 F501.7 X89.951 Y108.997 E0.00004
G1 X89.937 Y109.069 E0.00004
G1 X89.932 Y109.103 E0.00002
G1 F502.9 X89.926 Y109.138 E0.00002
G1 X89.92 Y109.172 E0.00002
G1 F504.1 X89.914 Y109.207 E0.00002
G1 F505.3 X89.909 Y109.241 E0.00002
G1 X89.903 Y109.276 E0.00002
G1 F506.5 X89.897 Y109.31 E0.00002
G1 F507.7 X89.892 Y109.34 E0.00002
G1 X89.889 Y109.377 E0.00002
G1 F506.5 X89.885 Y109.415 E0.00002
G1 F505.3 X89.882 Y109.453 E0.00002
G1 F504.1 X89.878 Y109.491 E0.00002
G1 F502.9 X89.874 Y109.529 E0.00002
G1 X89.868 Y109.609 E0.00004
G1 X89.862 Y109.69 E0.00004
G1 F504.1 X89.856 Y109.771 E0.00004
G1 X89.852 Y109.861 E0.00005
G1 X89.852 Y109.968 E0.00006
G1 X89.851 Y110.075 E0.00006
G1 X89.852 Y110.124 E0.00003
G1 F502.9 X89.854 Y110.173 E0.00003
G1 F501.7 X89.856 Y110.222 E0.00003
G1 X89.858 Y110.259 E0.00002
G1 F502.9 X89.86 Y110.296 E0.00002
G1 F504.1 X89.862 Y110.333 E0.00002
G1 X89.864 Y110.37 E0.00002
G1 F505.3 X89.866 Y110.407 E0.00002
G1 F506.5 X89.868 Y110.444 E0.00002
G1 X89.87 Y110.473 E0.00002
G1 F505.3 X89.875 Y110.511 E0.00002
G1 F504.1 X89.88 Y110.55 E0.00002
G1 F501.7 X89.885 Y110.589 E0.00002
G1 F500.5 X89.89 Y110.627 E0.00002
G1 X89.897 Y110.68 E0.00003
G1 X89.904 Y110.733 E0.00003
G1 F501.7 X89.912 Y110.787 E0.00003
G1 F502.9 X89.919 Y110.84 E0.00003
G1 X89.927 Y110.893 E0.00003
G1 F504.1 X89.941 Y110.971 E0.00004
G1 X89.955 Y111.033 E0.00003
G1 F502.9 X89.97 Y111.095 E0.00003
G1 X89.984 Y111.157 E0.00003
G1 F501.7 X89.999 Y111.219 E0.00003
G1 X90.019 Y111.299 E0.00004
G1 F502.9 X90.039 Y111.379 E0.00004
G1 X90.086 Y111.538 E0.00009
G1 X90.116 Y111.638 E0.00005
G1 X90.196 Y111.866 E0.00013
G1 F504.1 X90.231 Y111.944 E0.00004
G1 X90.266 Y112.022 E0.00004
G1 X90.302 Y112.101 E0.00005
G1 F505.3 X90.337 Y112.179 E0.00004
G1 X90.372 Y112.257 E0.00004
G1 X90.383 Y112.279 E0.00001
G1 X90.4 Y112.312 E0.00002
G1 F502.9 X90.417 Y112.346 E0.00002
G1 F500.5 X90.435 Y112.379 E0.00002
G1 X90.457 Y112.419 E0.00002
G1 X90.479 Y112.459 E0.00002
G1 F501.7 X90.502 Y112.499 E0.00002
G1 X90.524 Y112.539 E0.00002
G1 F502.9 X90.547 Y112.579 E0.00002
G1 F504.1 X90.569 Y112.619 E0.00002
G1 X90.591 Y112.659 E0.00002
G1 X90.605 Y112.683 E0.00001
G1 F501.7 X90.639 Y112.736 E0.00003
G1 X90.664 Y112.774 E0.00002
G1 X90.69 Y112.812 E0.00002
G1 F502.9 X90.715 Y112.85 E0.00002
G1 X90.741 Y112.888 E0.00002
G1 F504.1 X90.767 Y112.926 E0.00002
G1 X90.792 Y112.964 E0.00002
G1 F505.3 X90.818 Y113.003 E0.00002
G1 X90.844 Y113.041 E0.00002
G1 F506.5 X90.939 Y113.159 E0.00008
G1 X91.037 Y113.281 E0.00008
G1 X91.135 Y113.403 E0.00008
G1 X91.16 Y113.43 E0.00002
G1 F504.1 X91.184 Y113.457 E0.00002
G1 X91.211 Y113.486 E0.00002
G1 F505.3 X91.238 Y113.515 E0.00002
G1 F506.5 X91.266 Y113.544 E0.00002
G1 X91.293 Y113.573 E0.00002
G1 F507.7 X91.321 Y113.602 E0.00002
G1 F508.9 X91.348 Y113.631 E0.00002
G1 X91.368 Y113.652 E0.00002
G1 F507.7 X91.394 Y113.676 E0.00002
G1 F506.5 X91.42 Y113.7 E0.00002
G1 F505.3 X91.447 Y113.725 E0.00002
G1 X91.473 Y113.749 E0.00002
G1 F504.1 X91.5 Y113.774 E0.00002
G1 F502.9 X91.526 Y113.798 E0.00002
G1 X91.565 Y113.833 E0.00003
G1 F504.1 X91.605 Y113.868 E0.00003
G1 X91.644 Y113.903 E0.00003
G1 F505.3 X91.684 Y113.938 E0.00003
G1 X91.948 Y114.147 E0.00018
G1 X92.072 Y114.23 E0.00008
G1 X92.196 Y114.314 E0.00008
G1 X92.321 Y114.398 E0.00008
G1 X92.456 Y114.472 E0.00008
G1 X92.592 Y114.546 E0.00008
G1 X92.728 Y114.62 E0.00008
G1 X92.797 Y114.652 E0.00004
G1 X92.867 Y114.684 E0.00004
G1 F504.1 X92.937 Y114.716 E0.00004
G1 X93.007 Y114.748 E0.00004
G1 X93.088 Y114.778 E0.00005
G1 X93.169 Y114.809 E0.00005
G1 F505.3 X93.251 Y114.84 E0.00005
G1 X93.332 Y114.871 E0.00005
G1 F506.5 X93.505 Y114.924 E0.00009
G1 X93.679 Y114.977 E0.00009
G1 X93.714 Y114.985 E0.00002
G1 F505.3 X93.75 Y114.993 E0.00002
G1 F504.1 X93.786 Y115.002 E0.00002
G1 F502.9 X93.822 Y115.01 E0.00002
G1 F501.7 X93.858 Y115.019 E0.00002
G1 X93.983 Y115.045 E0.00007
G1 X94.109 Y115.071 E0.00007
G1 F502.9 X94.178 Y115.081 E0.00004
G1 X94.247 Y115.091 E0.00004
G1 F504.1 X94.317 Y115.102 E0.00004
G1 X94.677 Y115.137 E0.00019
G1 X94.769 Y115.141 E0.00005
G1 F502.9 X94.861 Y115.145 E0.00005
G1 X94.904 Y115.145 E0.00002
G1 F504.1 X94.948 Y115.146 E0.00002
G1 F505.3 X94.992 Y115.147 E0.00002
G1 F506.5 X95.036 Y115.148 E0.00002
G1 X95.063 Y115.148 E0.00001
G1 X95.114 Y115.147 E0.00003
G1 F505.3 X95.165 Y115.145 E0.00003
G1 F504.1 X95.216 Y115.144 E0.00003
G1 X95.345 Y115.135 E0.00007
G1 X95.4 Y115.13 E0.00003
G1 X95.456 Y115.125 E0.00003
G1 F502.9 X95.512 Y115.12 E0.00003
G1 X95.568 Y115.115 E0.00003
G1 F501.7 X95.624 Y115.11 E0.00003
G1 X95.68 Y115.105 E0.00003
G1 X95.783 Y115.087 E0.00005
G1 X95.885 Y115.07 E0.00005
G1 F502.9 X95.94 Y115.06 E0.00003
G1 F504.1 X95.995 Y115.049 E0.00003
G1 X96.05 Y115.039 E0.00003
G1 F505.3 X96.105 Y115.028 E0.00003
G1 X96.259 Y114.987 E0.00008
G1 X96.414 Y114.946 E0.00008
G1 X96.569 Y114.904 E0.00008
G1 F504.1 X96.628 Y114.882 E0.00003
G1 X96.688 Y114.86 E0.00003
G1 F502.9 X96.748 Y114.838 E0.00003
G1 F501.7 X96.808 Y114.816 E0.00003
G1 X96.868 Y114.794 E0.00003
G1 X96.936 Y114.767 E0.00004
G1 F502.9 X97.005 Y114.74 E0.00004
G1 X97.071 Y114.712 E0.00004
G1 F504.1 X97.143 Y114.679 E0.00004
G1 X97.216 Y114.645 E0.00004
G1 F505.3 X97.288 Y114.611 E0.00004
G1 F506.5 X97.418 Y114.54 E0.00008
G1 X97.549 Y114.469 E0.00008
G1 X97.68 Y114.397 E0.00008
G1 F505.3 X97.739 Y114.359 E0.00004
G1 F504.1 X98.057 Y114.141 E0.0002
G1 F505.3 X98.164 Y114.056 E0.00007
G1 X98.271 Y113.971 E0.00007
G1 X98.378 Y113.885 E0.00007
G1 X98.606 Y113.672 E0.00016
G1 X98.638 Y113.64 E0.00002
G1 F504.1 X98.67 Y113.607 E0.00002
G1 X98.702 Y113.574 E0.00002
G1 F502.9 X98.734 Y113.541 E0.00002
G1 F501.7 X98.766 Y113.508 E0.00002
G1 X98.798 Y113.475 E0.00002
G1 X98.829 Y113.44 E0.00002
G1 F504.1 X98.862 Y113.403 E0.00003
G1 F505.3 X98.882 Y113.382 E0.00002
G1 X98.912 Y113.345 E0.00002
G1 F504.1 X98.942 Y113.308 E0.00002
G1 X98.972 Y113.27 E0.00003
G1 F502.9 X99.002 Y113.233 E0.00002
G1 F501.7 X99.033 Y113.196 E0.00003
G1 X99.063 Y113.158 E0.00003
G1 X99.088 Y113.126 E0.00002
G1 F502.9 X99.113 Y113.094 E0.00002
G1 F505.3 X99.138 Y113.062 E0.00002
G1 F506.5 X99.228 Y112.928 E0.00008
G1 X99.318 Y112.793 E0.00008
G1 X99.408 Y112.658 E0.00008
G1 X99.427 Y112.624 E0.00002
G1 X99.445 Y112.591 E0.00002
G1 F505.3 X99.464 Y112.558 E0.00002
G1 F504.1 X99.482 Y112.525 E0.00002
G1 X99.501 Y112.492 E0.00002
G1 F502.9 X99.519 Y112.458 E0.00002
G1 F501.7 X99.538 Y112.425 E0.00002
G1 X99.556 Y112.392 E0.00002
G1 X99.582 Y112.343 E0.00003
G1 F504.1 X99.609 Y112.29 E0.00003
G1 X99.798 Y111.865 E0.00024
G1 F505.3 X99.856 Y111.689 E0.0001
G1 X99.915 Y111.512 E0.0001
G1 X99.973 Y111.335 E0.0001
G1 X99.985 Y111.286 E0.00003
G1 F504.1 X99.997 Y111.237 E0.00003
G1 F502.9 X100.008 Y111.188 E0.00003
G1 F501.7 X100.02 Y111.139 E0.00003
G1 X100.033 Y111.079 E0.00003
G1 F502.9 X100.047 Y111.018 E0.00003
G1 X100.063 Y110.928 E0.00005
G1 X100.071 Y110.87 E0.00003
G1 X100.08 Y110.812 E0.00003
G1 F504.1 X100.089 Y110.753 E0.00003
G1 X100.098 Y110.695 E0.00003
G1 F505.3 X100.107 Y110.637 E0.00003
G1 X100.116 Y110.578 E0.00003
G1 X100.121 Y110.543 E0.00002
G1 X100.123 Y110.509 E0.00002
G1 F502.9 X100.126 Y110.475 E0.00002
G1 X100.136 Y110.301 E0.00009
G1 X100.146 Y110.127 E0.00009
G1 F504.1 X100.146 Y109.952 E0.00009
G1 X100.145 Y109.777 E0.00009
G1 X100.134 Y109.639 E0.00007
G1 X100.122 Y109.5 E0.00007
G1 X100.11 Y109.362 E0.00007
G1 X100.076 Y109.174 E0.0001
G1 X100.042 Y108.985 E0.0001
G1 X100.008 Y108.796 E0.0001
G1 X99.968 Y108.658 E0.00008
G1 X99.928 Y108.52 E0.00008
G1 X99.888 Y108.382 E0.00008
G1 X99.841 Y108.254 E0.00007
G1 X99.793 Y108.126 E0.00007
G1 X99.746 Y107.997 E0.00007
G1 X99.586 Y107.658 E0.0002
G1 X99.51 Y107.525 E0.00008
G1 X99.433 Y107.391 E0.00008
G1 X99.356 Y107.257 E0.00008
G1 F505.3 X99.324 Y107.205 E0.00003
G1 F507.7 X99.309 Y107.178 E0.00002
G1 X99.251 Y107.097 E0.00005
G1 X99.193 Y107.016 E0.00005
G1 F506.5 X99.135 Y106.934 E0.00005
G1 X99.077 Y106.853 E0.00005
G1 F505.3 X99.024 Y106.791 E0.00004
G1 F504.1 X98.97 Y106.727 E0.00004
G1 X98.915 Y106.663 E0.00004
G1 F502.9 X98.808 Y106.539 E0.00009
G1 X98.787 Y106.516 E0.00002
G1 F504.1 X98.765 Y106.492 E0.00002
G1 F505.3 X98.744 Y106.468 E0.00002
G1 X98.722 Y106.445 E0.00002
G1 F506.5 X98.701 Y106.421 E0.00002
G1 F507.7 X98.679 Y106.397 E0.00002
G1 F508.9 X98.658 Y106.374 E0.00002
G1 X98.631 Y106.348 E0.00002
G1 F507.7 X98.605 Y106.324 E0.00002
G1 F506.5 X98.579 Y106.299 E0.00002
G1 F505.3 X98.552 Y106.275 E0.00002
G1 X98.526 Y106.25 E0.00002
G1 F504.1 X98.5 Y106.226 E0.00002
G1 F502.9 X98.473 Y106.201 E0.00002
G1 X98.435 Y106.168 E0.00003
G1 F504.1 X98.397 Y106.134 E0.00003
G1 X98.359 Y106.1 E0.00003
G1 F505.3 X98.321 Y106.066 E0.00003
G1 X98.304 Y106.054 E0.00001
G1 F504.1 X98.255 Y106.014 E0.00003
G1 F502.9 X98.205 Y105.974 E0.00003
G1 F501.7 X98.155 Y105.934 E0.00003
G1 X98.132 Y105.916 E0.00002
G1 F502.9 X98.11 Y105.899 E0.00001
G1 F504.1 X98.088 Y105.882 E0.00001
G1 F505.3 X98.066 Y105.865 E0.00001
G1 X98.044 Y105.848 E0.00001
G1 F506.5 X98.022 Y105.831 E0.00001
G1 F507.7 X97.999 Y105.814 E0.00001
G1 F508.9 X97.977 Y105.797 E0.00001
G1 X97.955 Y105.781 E0.00001
G1 X97.921 Y105.759 E0.00002
G1 F507.7 X97.887 Y105.736 E0.00002
G1 F506.5 X97.853 Y105.713 E0.00002
G1 X97.819 Y105.691 E0.00002
G1 F505.3 X97.784 Y105.668 E0.00002
G1 X97.737 Y105.636 E0.00003
G1 F506.5 X97.719 Y105.626 E0.00001
G1 F505.3 X97.662 Y105.593 E0.00003
G1 F504.1 X97.604 Y105.56 E0.00003
G1 X97.546 Y105.526 E0.00004
G1 F502.9 X97.488 Y105.493 E0.00003
G1 F501.7 X97.477 Y105.487 E0.00001
G1 F500.5 X97.404 Y105.447 E0.00004
G1 X97.371 Y105.43 E0.00002
G1 F501.7 X97.337 Y105.413 E0.00002
G1 F502.9 X97.303 Y105.396 E0.00002
G1 X97.269 Y105.379 E0.00002
G1 F504.1 X97.235 Y105.362 E0.00002
G1 F505.3 X97.201 Y105.345 E0.00002
G1 F506.5 X97.021 Y105.268 E0.0001
G1 X96.842 Y105.191 E0.0001
G1 X96.817 Y105.183 E0.00001
G1 X96.791 Y105.174 E0.00001
G1 F505.3 X96.766 Y105.166 E0.00001
G1 F504.1 X96.74 Y105.157 E0.00001
G1 X96.715 Y105.148 E0.00001
G1 F502.9 X96.689 Y105.14 E0.00001
G1 F501.7 X96.664 Y105.131 E0.00001
G1 X96.638 Y105.122 E0.00001
G1 F500.5 X96.612 Y105.114 E0.00001
G1 F499.3 X96.587 Y105.105 E0.00001
G1 X96.561 Y105.096 E0.00001
G1 X96.521 Y105.084 E0.00002
G1 F500.5 X96.484 Y105.072 E0.00002
G1 F501.7 X96.447 Y105.061 E0.00002
G1 F502.9 X96.41 Y105.049 E0.00002
G1 F504.1 X96.373 Y105.038 E0.00002
G1 X96.351 Y105.032 E0.00001
G1 X96.281 Y105.015 E0.00004
G1 F502.9 X96.21 Y104.997 E0.00004
G1 X96.139 Y104.979 E0.00004
G1 X96.083 Y104.965 E0.00003
G1 F505.3 X96.027 Y104.951 E0.00003
G1 F506.5 X95.882 Y104.929 E0.00008
G1 X95.737 Y104.906 E0.00008
G1 X95.592 Y104.883 E0.00008
G1 X95.425 Y104.869 E0.00009
G1 X95.258 Y104.855 E0.00009
G1 F504.1 X95.226 Y104.855 E0.00002
G1 F501.7 X95.194 Y104.855 E0.00002
G1 F499.3 X95.176 Y104.856 E0.00001
G1 F495.8 X95.157 Y104.858 E0.00001
G1 F492.3 X95.147 Y104.86 E0.00001
G1 F490 X95.136 Y104.863 E0.00001
G1 F486.6 X95.126 Y104.866 E0.00001
G1 F483.3 X95.115 Y104.869 E0.00001
G1 F481.1 X95.105 Y104.872 E0.00001
G1 F477.8 X95.094 Y104.875 E0.00001
G1 F475.7 X95.083 Y104.877 E0.00001
G1 F472.5 X95.073 Y104.88 E0.00001
G1 F469.3 X95.062 Y104.883 E0.00001
G1 F467.3 X95.052 Y104.886 E0.00001
G1 F469.3 X95.052 Y104.895 E0.00001
G1 F476.7 X95.05 Y104.905 E0.00001
G1 F485.5 X95.048 Y104.915 E0.00001
G1 F493.5 X95.046 Y104.925 E0.00001
G1 F501.7 X95.044 Y104.935 E0.00001
G1 F511.4 X95.043 Y104.945 E0.00001
G1 F520.2 X95.041 Y104.954 E0
G1 F529.3 X95.039 Y104.964 E0.00001
G1 F540.2 X95.037 Y104.974 E0
G1 F550 X95.035 Y104.984 E0
G1 F560.2 X95.034 Y104.994 E0
G1 F572.4 X95.032 Y105.004 E0
G1 F583.4 X95.03 Y105.013 E0
G1 F594.9 X95.028 Y105.023 E0
G1 F608.6 X95.026 Y105.033 E0
G1 F621.2 X95.024 Y105.043 E0
G1 F634.2 X95.023 Y105.053 E0
G1 F649.8 X95.021 Y105.063 E0
G1 F664.2 X95.019 Y105.072 E0
G1 F679.1 X95.017 Y105.082 E0
G1 F697 X95.015 Y105.092 E0
G1 F713.5 X95.014 Y105.102 E0
G1 F730.8 X95.012 Y105.112 E0
G1 F751.6 X95.01 Y105.122 E0
G1 F770.8 X95.008 Y105.131 E0
G1 F791 X95.006 Y105.141 E0
G1 F815.4 X95.004 Y105.151 E0
G1 F838.1 X95.003 Y105.161 E0
G1 F862 X95.001 Y105.171 E0
G1 F891.1 X94.999 Y105.181 E0
G1 F902.6 X94.998 Y106.95 E0.00052
G0 F24000 X94.998 Y106.75
G1 F60 E-0.001
G1 F18000 Z3.2
G0 F24000 X91.068 Y106.4 Z3.2
G1 F18000 Z1.6
G1 F60 E0.001
G1 F750.75 X91.091 Y106.376 Z1.588919 E0.00002
G1 F752.55 X91.115 Y106.352 Z1.577606 E0.00002
G1 F754.35 X91.139 Y106.328 Z1.566292 E0.00002
G1 X91.163 Y106.303 Z1.55474 E0.00002
G1 F756.15 X91.187 Y106.279 Z1.543427 E0.00002
G1 F757.95 X91.211 Y106.255 Z1.532113 E0.00002
G1 X91.241 Y106.225 Z1.517971 E0.00002
G1 X91.269 Y106.197 Z1.504771 E0.00002
G1 F756.15 X91.298 Y106.169 Z1.491334 E0.00002
G1 F754.35 X91.326 Y106.141 Z1.478135 E0.00002
G1 X91.355 Y106.113 Z1.464698 E0.00002
G1 F752.55 X91.383 Y106.085 Z1.451499 E0.00002
G1 F750.75 X91.412 Y106.057 Z1.438061 E0.00002
G1 X91.441 Y106.033 Z1.425514 E0.00002
G1 F752.55 X91.47 Y106.009 Z1.412966 E0.00002
G1 F754.35 X91.499 Y105.984 Z1.400203 E0.00002
G1 F756.15 X91.528 Y105.96 Z1.387656 E0.00002
G1 F757.95 X91.558 Y105.935 Z1.374638 E0.00002
G1 X91.582 Y105.915 Z1.364225 E0.00002
G1 X91.63 Y105.876 Z1.343609 E0.00003
G1 F756.15 X91.678 Y105.837 Z1.322994 E0.00003
G1 X91.726 Y105.798 Z1.302378 E0.00003
G1 F754.35 X91.774 Y105.758 Z1.281551 E0.00003
G1 X91.81 Y105.732 Z1.266749 E0.00002
G1 F756.15 X91.847 Y105.706 Z1.251675 E0.00002
G1 F757.95 X91.883 Y105.679 Z1.236675 E0.00002
G1 F759.75 X91.92 Y105.653 Z1.221601 E0.00002
G1 F761.55 X91.951 Y105.631 Z1.20893 E0.00002
G1 X91.973122 Y105.615892 Z1.2 E0.000025
G1 F500.5
G1 X91.992 Y105.603 E0.00003
G1 F506.5 X92.033 Y105.575 E0.00003
G1 F505.3 X92.075 Y105.547 E0.00003
G1 X92.116 Y105.519 E0.00003
G1 F504.1 X92.158 Y105.49 E0.00003
G1 F502.9 X92.161 Y105.487 E0
G1 F504.1 X92.232 Y105.445 E0.00004
G1 F506.5 X92.26 Y105.429 E0.00002
G1 X92.299 Y105.407 E0.00002
G1 X92.339 Y105.384 E0.00002
G1 F505.3 X92.379 Y105.361 E0.00002
G1 F504.1 X92.419 Y105.338 E0.00002
G1 X92.459 Y105.316 E0.00002
G1 F502.9 X92.499 Y105.293 E0.00002
G1 X92.539 Y105.27 E0.00002
G1 X92.602 Y105.24 E0.00004
G1 X92.651 Y105.217 E0.00003
G1 X92.701 Y105.194 E0.00003
G1 F501.7 X92.751 Y105.17 E0.00003
G1 F500.5 X92.801 Y105.147 E0.00003
G1 X92.851 Y105.123 E0.00003
G1 X92.913 Y105.097 E0.00004
G1 F501.7 X92.973 Y105.072 E0.00003
G1 F502.9 X93.033 Y105.047 E0.00003
G1 X93.076 Y105.029 E0.00002
G1 X93.12 Y105.014 E0.00002
G1 X93.164 Y104.998 E0.00002
G1 F501.7 X93.208 Y104.982 E0.00002
G1 F500.5 X93.253 Y104.967 E0.00002
G1 X93.297 Y104.951 E0.00002
G1 F499.3 X93.341 Y104.935 E0.00002
G1 X93.386 Y104.92 E0.00003
G1 X93.425 Y104.908 E0.00002
G1 F500.5 X93.462 Y104.897 E0.00002
G1 F501.7 X93.498 Y104.887 E0.00002
G1 F502.9 X93.535 Y104.876 E0.00002
G1 F504.1 X93.568 Y104.867 E0.00002
G1 X93.624 Y104.852 E0.00003
G1 F502.9 X93.68 Y104.837 E0.00003
G1 F501.7 X93.736 Y104.822 E0.00003
G1 X93.77 Y104.815 E0.00002
G1 F502.9 X93.804 Y104.807 E0.00002
G1 X93.838 Y104.8 E0.00002
G1 F504.1 X93.872 Y104.792 E0.00002
G1 F505.3 X93.906 Y104.784 E0.00002
G1 X93.94 Y104.777 E0.00002
G1 F506.5 X93.975 Y104.769 E0.00002
G1 X94.02 Y104.759 E0.00002
G1 F504.1 X94.078 Y104.748 E0.00003
G1 F502.9 X94.149 Y104.738 E0.00004
G1 F501.7 X94.22 Y104.728 E0.00004
G1 X94.292 Y104.718 E0.00004
G1 X94.353 Y104.712 E0.00003
G1 X94.414 Y104.706 E0.00003
G1 F502.9 X94.475 Y104.701 E0.00003
G1 X94.535 Y104.695 E0.00003
G1 X94.596 Y104.69 E0.00003
G1 F504.1 X94.657 Y104.684 E0.00003
G1 X94.718 Y104.679 E0.00003
G1 X94.777 Y104.674 E0.00003
G1 F502.9 X94.787 Y104.674 E0.00001
G1 F500.5 X94.797 Y104.675 E0.00001
G1 F499.3 X94.807 Y104.675 E0.00001
G1 F496.9 X94.817 Y104.676 E0.00001
G1 F495.8 X94.827 Y104.677 E0.00001
G1 F493.5 X94.837 Y104.677 E0.00001
G1 F491.2 X94.847 Y104.678 E0.00001
G1 F490 X94.857 Y104.679 E0.00001
G1 F487.8 X94.867 Y104.679 E0.00001
G1 F486.6 X94.877 Y104.68 E0.00001
G1 F484.4 X94.887 Y104.68 E0.00001
G1 F483.3 X94.897 Y104.681 E0.00001
G1 F481.1 X94.907 Y104.682 E0.00001
G1 F480 X94.917 Y104.682 E0.00001
G1 F477.8 X94.927 Y104.683 E0.00001
G1 F476.7 X94.937 Y104.684 E0.00001
G1 F474.6 X94.947 Y104.684 E0.00001
G1 F472.5 X94.957 Y104.685 E0.00001
G1 F471.4 X94.967 Y104.686 E0.00001
G1 F469.3 X94.977 Y104.686 E0.00001
G1 F468.3 X94.987 Y104.687 E0.00001
G1 F466.2 X94.997 Y104.687 E0.00001
G1 X95.008 Y104.687 E0.00001
G1 F468.3 X95.019 Y104.686 E0.00001
G1 F470.4 X95.03 Y104.685 E0.00001
G1 F472.5 X95.041 Y104.684 E0.00001
G1 F474.6 X95.052 Y104.683 E0.00001
G1 F476.7 X95.063 Y104.682 E0.00001
G1 F478.9 X95.074 Y104.681 E0.00001
G1 F481.1 X95.085 Y104.68 E0.00001
G1 F483.3 X95.096 Y104.679 E0.00001
G1 F485.5 X95.107 Y104.677 E0.00001
G1 F487.8 X95.118 Y104.676 E0.00001
G1 F490 X95.129 Y104.675 E0.00001
G1 F492.3 X95.139 Y104.674 E0.00001
G1 F495.8 X95.164 Y104.674 E0.00001
G1 F499.3 X95.192 Y104.675 E0.00001
G1 F501.7 X95.231 Y104.677 E0.00002
G1 F504.1 X95.27 Y104.679 E0.00002
G1 F506.5 X95.427 Y104.692 E0.00008
G1 X95.584 Y104.705 E0.00008
G1 X95.744 Y104.729 E0.00008
G1 X95.904 Y104.753 E0.00008
G1 X96.064 Y104.777 E0.00008
G1 F505.3 X96.122 Y104.79 E0.00003
G1 F502.9 X96.18 Y104.802 E0.00003
G1 X96.251 Y104.821 E0.00004
G1 X96.323 Y104.84 E0.00004
G1 F504.1 X96.395 Y104.859 E0.00004
G1 X96.424 Y104.867 E0.00002
G1 X96.461 Y104.877 E0.00002
G1 F502.9 X96.499 Y104.888 E0.00002
G1 F501.7 X96.536 Y104.899 E0.00002
G1 F500.5 X96.574 Y104.909 E0.00002
G1 F499.3 X96.611 Y104.92 E0.00002
G1 X96.636 Y104.929 E0.00001
G1 X96.662 Y104.938 E0.00001
G1 F500.5 X96.689 Y104.948 E0.00002
G1 F501.7 X96.715 Y104.957 E0.00001
G1 X96.741 Y104.967 E0.00001
G1 F502.9 X96.768 Y104.976 E0.00001
G1 F504.1 X96.794 Y104.986 E0.00001
G1 X96.82 Y104.995 E0.00001
G1 F505.3 X96.847 Y105.005 E0.00002
G1 F506.5 X96.873 Y105.014 E0.00001
G1 X96.9 Y105.024 E0.00001
G1 X96.936 Y105.037 E0.00002
G1 F505.3 X96.996 Y105.06 E0.00003
G1 F502.9 X97.057 Y105.084 E0.00003
G1 F501.7 X97.064 Y105.087 E0
G1 F502.9 X97.101 Y105.104 E0.00002
G1 F504.1 X97.138 Y105.121 E0.00002
G1 X97.175 Y105.138 E0.00002
G1 F505.3 X97.212 Y105.155 E0.00002
G1 F506.5 X97.25 Y105.172 E0.00002
G1 X97.278 Y105.186 E0.00002
G1 F505.3 X97.312 Y105.202 E0.00002
G1 F504.1 X97.346 Y105.218 E0.00002
G1 F502.9 X97.381 Y105.234 E0.00002
G1 X97.415 Y105.25 E0.00002
G1 F501.7 X97.449 Y105.266 E0.00002
G1 F500.5 X97.484 Y105.283 E0.00002
G1 X97.565 Y105.329 E0.00005
G1 F502.9 X97.613 Y105.357 E0.00003
G1 X97.661 Y105.386 E0.00003
G1 F504.1 X97.709 Y105.414 E0.00003
G1 F505.3 X97.758 Y105.443 E0.00003
G1 X97.806 Y105.471 E0.00003
G1 F506.5 X97.83 Y105.486 E0.00001
G1 F505.3 X97.88 Y105.517 E0.00003
G1 X97.914 Y105.54 E0.00002
G1 F506.5 X97.948 Y105.564 E0.00002
G1 X97.983 Y105.588 E0.00002
G1 F507.7 X98.017 Y105.612 E0.00002
G1 F508.9 X98.052 Y105.636 E0.00002
G1 X98.084 Y105.659 E0.00002
G1 X98.106 Y105.675 E0.00001
G1 F507.7 X98.129 Y105.691 E0.00001
G1 F506.5 X98.151 Y105.708 E0.00001
G1 F505.3 X98.174 Y105.724 E0.00001
G1 X98.197 Y105.741 E0.00001
G1 F504.1 X98.219 Y105.757 E0.00001
G1 F502.9 X98.242 Y105.773 E0.00001
G1 F501.7 X98.265 Y105.79 E0.00002
G1 X98.313 Y105.83 E0.00003
G1 F502.9 X98.365 Y105.873 E0.00004
G1 F504.1 X98.417 Y105.916 E0.00004
G1 F505.3 X98.437 Y105.933 E0.00001
G1 X98.475 Y105.966 E0.00003
G1 F504.1 X98.514 Y105.999 E0.00003
G1 X98.553 Y106.032 E0.00003
G1 F502.9 X98.592 Y106.065 E0.00003
G1 F501.7 X98.595 Y106.067 E0
G1 F502.9 X98.621 Y106.093 E0.00002
G1 F504.1 X98.647 Y106.119 E0.00002
G1 F505.3 X98.673 Y106.145 E0.00002
G1 X98.699 Y106.171 E0.00002
G1 F506.5 X98.726 Y106.197 E0.00002
G1 F507.7 X98.752 Y106.223 E0.00002
G1 F508.9 X98.785 Y106.255 E0.00002
G1 X98.807 Y106.278 E0.00002
G1 F507.7 X98.829 Y106.301 E0.00002
G1 F506.5 X98.851 Y106.324 E0.00002
G1 F505.3 X98.873 Y106.347 E0.00002
G1 X98.896 Y106.37 E0.00002
G1 F504.1 X98.918 Y106.393 E0.00002
G1 F502.9 X98.94 Y106.416 E0.00002
G1 X99.046 Y106.541 E0.00009
G1 F504.1 X99.101 Y106.607 E0.00004
G1 X99.157 Y106.674 E0.00005
G1 F505.3 X99.213 Y106.741 E0.00005
G1 F506.5 X99.26 Y106.808 E0.00004
G1 X99.308 Y106.876 E0.00004
G1 X99.356 Y106.944 E0.00004
G1 F507.7 X99.404 Y107.012 E0.00004
G1 X99.452 Y107.079 E0.00004
G1 X99.474 Y107.111 E0.00002
G1 F505.3 X99.508 Y107.163 E0.00003
G1 F504.1 X99.587 Y107.302 E0.00008
G1 X99.667 Y107.442 E0.00008
G1 X99.747 Y107.581 E0.00008
G1 X99.772 Y107.634 E0.00003
G1 X99.798 Y107.687 E0.00003
G1 F502.9 X99.824 Y107.74 E0.00003
G1 F501.7 X99.849 Y107.793 E0.00003
G1 X99.875 Y107.846 E0.00003
G1 F502.9 X99.898 Y107.898 E0.00003
G1 F504.1 X99.948 Y108.031 E0.00007
G1 X99.998 Y108.165 E0.00007
G1 X100.048 Y108.299 E0.00007
G1 X100.089 Y108.437 E0.00008
G1 X100.13 Y108.575 E0.00008
G1 X100.171 Y108.713 E0.00008
G1 F505.3 X100.208 Y108.905 E0.0001
G1 X100.244 Y109.097 E0.0001
G1 X100.28 Y109.288 E0.0001
G1 X100.294 Y109.449 E0.00008
G1 X100.309 Y109.61 E0.00008
G1 X100.324 Y109.771 E0.00008
G1 F504.1 X100.325 Y109.952 E0.00009
G1 X100.326 Y110.133 E0.00009
G1 F502.9 X100.316 Y110.308 E0.00009
G1 X100.306 Y110.485 E0.00009
G1 X100.302 Y110.523 E0.00002
G1 F505.3 X100.298 Y110.561 E0.00002
G1 X100.292 Y110.603 E0.00002
G1 X100.284 Y110.661 E0.00003
G1 X100.276 Y110.719 E0.00003
G1 F504.1 X100.268 Y110.778 E0.00003
G1 X100.259 Y110.836 E0.00003
G1 F502.9 X100.251 Y110.894 E0.00003
G1 X100.243 Y110.953 E0.00003
G1 X100.222 Y111.054 E0.00005
G1 X100.209 Y111.116 E0.00003
G1 F501.7 X100.196 Y111.179 E0.00003
G1 X100.186 Y111.218 E0.00002
G1 F502.9 X100.176 Y111.258 E0.00002
G1 X100.166 Y111.298 E0.00002
G1 F504.1 X100.155 Y111.338 E0.00002
G1 F505.3 X100.145 Y111.377 E0.00002
G1 X100.134 Y111.414 E0.00002
G1 X100.125 Y111.447 E0.00002
G1 F504.1 X100.115 Y111.481 E0.00002
G1 F502.9 X100.106 Y111.515 E0.00002
G1 X100.096 Y111.548 E0.00002
G1 F501.7 X100.087 Y111.582 E0.00002
G1 F500.5 X100.077 Y111.616 E0.00002
G1 X100.064 Y111.652 E0.00002
G1 X100.051 Y111.687 E0.00002
G1 F501.7 X100.039 Y111.722 E0.00002
G1 F502.9 X100.026 Y111.757 E0.00002
G1 X100.014 Y111.792 E0.00002
G1 F504.1 X100.001 Y111.827 E0.00002
G1 F505.3 X99.989 Y111.861 E0.00002
G1 X99.976 Y111.896 E0.00002
G1 X99.964 Y111.932 E0.00002
G1 F504.1 X99.949 Y111.973 E0.00002
G1 F501.7 X99.933 Y112.014 E0.00002
G1 F500.5 X99.917 Y112.055 E0.00002
G1 X99.897 Y112.096 E0.00002
G1 X99.878 Y112.137 E0.00002
G1 F501.7 X99.859 Y112.178 E0.00002
G1 X99.84 Y112.219 E0.00002
G1 F502.9 X99.821 Y112.26 E0.00002
G1 F504.1 X99.802 Y112.3 E0.00002
G1 X99.783 Y112.341 E0.00002
G1 X99.769 Y112.37 E0.00002
G1 X99.743 Y112.423 E0.00003
G1 F501.7 X99.716 Y112.477 E0.00003
G1 X99.697 Y112.51 E0.00002
G1 X99.678 Y112.544 E0.00002
G1 F502.9 X99.658 Y112.578 E0.00002
G1 F504.1 X99.639 Y112.612 E0.00002
G1 X99.62 Y112.646 E0.00002
G1 F505.3 X99.6 Y112.679 E0.00002
G1 F506.5 X99.581 Y112.713 E0.00002
G1 X99.562 Y112.747 E0.00002
G1 X99.542 Y112.778 E0.00002
G1 X99.521 Y112.813 E0.00002
G1 F504.1 X99.5 Y112.848 E0.00002
G1 F502.9 X99.479 Y112.883 E0.00002
G1 X99.442 Y112.935 E0.00003
G1 X99.406 Y112.987 E0.00003
G1 F504.1 X99.37 Y113.038 E0.00003
G1 F505.3 X99.334 Y113.09 E0.00003
G1 X99.298 Y113.141 E0.00003
G1 X99.018 Y113.494 E0.00023
G1 X98.921 Y113.597 E0.00007
G1 X98.823 Y113.7 E0.00007
G1 X98.725 Y113.803 E0.00007
G1 X98.716 Y113.812 E0.00001
G1 F506.5 X98.684 Y113.844 E0.00002
G1 F505.3 X98.651 Y113.876 E0.00002
G1 F504.1 X98.618 Y113.908 E0.00002
G1 F502.9 X98.585 Y113.94 E0.00002
G1 F501.7 X98.582 Y113.944 E0
G1 F502.9 X98.548 Y113.972 E0.00002
G1 F505.3 X98.514 Y114.001 E0.00002
G1 F506.5 X98.445 Y114.057 E0.00005
G1 X98.375 Y114.114 E0.00005
G1 F505.3 X98.305 Y114.17 E0.00005
G1 X98.235 Y114.227 E0.00005
G1 X98.165 Y114.283 E0.00005
G1 F504.1 X97.839 Y114.507 E0.00021
G1 F505.3 X97.772 Y114.547 E0.00004
G1 F506.5 X97.737 Y114.568 E0.00002
G1 X97.697 Y114.59 E0.00002
G1 X97.657 Y114.613 E0.00002
G1 F505.3 X97.617 Y114.635 E0.00002
G1 F504.1 X97.577 Y114.658 E0.00002
G1 X97.537 Y114.68 E0.00002
G1 F502.9 X97.497 Y114.703 E0.00002
G1 X97.457 Y114.726 E0.00002
G1 X97.302 Y114.8 E0.00009
G1 X97.146 Y114.874 E0.00009
G1 X97.07 Y114.906 E0.00004
G1 X97.002 Y114.934 E0.00004
G1 F501.7 X96.934 Y114.962 E0.00004
G1 X96.873 Y114.984 E0.00003
G1 X96.812 Y115.006 E0.00003
G1 F502.9 X96.751 Y115.028 E0.00003
G1 F504.1 X96.69 Y115.05 E0.00003
G1 X96.629 Y115.072 E0.00003
G1 F505.3 X96.467 Y115.115 E0.00009
G1 X96.304 Y115.158 E0.00009
G1 X96.14 Y115.201 E0.00009
G1 X96.085 Y115.213 E0.00003
G1 F504.1 X96.03 Y115.224 E0.00003
G1 X95.975 Y115.236 E0.00003
G1 F502.9 X95.92 Y115.247 E0.00003
G1 X95.735 Y115.278 E0.0001
G1 F501.7 X95.703 Y115.283 E0.00002
G1 X95.646 Y115.288 E0.00003
G1 X95.588 Y115.293 E0.00003
G1 F502.9 X95.53 Y115.298 E0.00003
G1 X95.472 Y115.303 E0.00003
G1 F504.1 X95.414 Y115.308 E0.00003
G1 X95.357 Y115.313 E0.00003
G1 X95.227 Y115.321 E0.00007
G1 X95.174 Y115.322 E0.00003
G1 F505.3 X95.121 Y115.324 E0.00003
G1 F506.5 X95.068 Y115.325 E0.00003
G1 X95.034 Y115.326 E0.00002
G1 X94.99 Y115.326 E0.00002
G1 F505.3 X94.946 Y115.326 E0.00002
G1 F504.1 X94.902 Y115.326 E0.00002
G1 F502.9 X94.858 Y115.326 E0.00002
G1 X94.763 Y115.321 E0.00005
G1 F504.1 X94.669 Y115.316 E0.00005
G1 X94.641 Y115.314 E0.00001
G1 X94.578 Y115.31 E0.00003
G1 F501.7 X94.515 Y115.305 E0.00003
G1 X94.476 Y115.301 E0.00002
G1 F502.9 X94.436 Y115.296 E0.00002
G1 X94.396 Y115.291 E0.00002
G1 F504.1 X94.356 Y115.286 E0.00002
G1 F505.3 X94.316 Y115.282 E0.00002
G1 X94.292 Y115.278 E0.00001
G1 F504.1 X94.208 Y115.266 E0.00004
G1 F502.9 X94.123 Y115.254 E0.00004
G1 X94.038 Y115.242 E0.00004
G1 F501.7 X93.929 Y115.22 E0.00006
G1 X93.82 Y115.197 E0.00006
G1 X93.784 Y115.188 E0.00002
G1 F502.9 X93.747 Y115.178 E0.00002
G1 F504.1 X93.71 Y115.168 E0.00002
G1 F505.3 X93.673 Y115.159 E0.00002
G1 F506.5 X93.637 Y115.149 E0.00002
G1 X93.599 Y115.139 E0.00002
G1 X93.557 Y115.127 E0.00002
G1 F505.3 X93.515 Y115.115 E0.00002
G1 F504.1 X93.473 Y115.103 E0.00002
G1 X93.431 Y115.091 E0.00002
G1 F502.9 X93.388 Y115.079 E0.00002
G1 X93.331 Y115.058 E0.00003
G1 F505.3 X93.275 Y115.038 E0.00003
G1 X93.254 Y115.03 E0.00001
G1 X93.175 Y115.001 E0.00004
G1 X93.095 Y114.971 E0.00004
G1 F504.1 X93.016 Y114.941 E0.00004
G1 X92.936 Y114.911 E0.00004
G1 X92.866 Y114.879 E0.00004
G1 X92.795 Y114.846 E0.00004
G1 F505.3 X92.724 Y114.813 E0.00004
G1 X92.654 Y114.781 E0.00004
G1 X92.259 Y114.567 E0.00023
G1 X91.867 Y114.306 E0.00025
G1 X91.567 Y114.071 E0.0002
G1 X91.527 Y114.037 E0.00003
G1 F504.1 X91.487 Y114.002 E0.00003
G1 X91.447 Y113.968 E0.00003
G1 F502.9 X91.407 Y113.933 E0.00003
G1 F501.7 X91.405 Y113.932 E0
G1 F502.9 X91.379 Y113.907 E0.00002
G1 F504.1 X91.353 Y113.881 E0.00002
G1 F505.3 X91.326 Y113.855 E0.00002
G1 X91.3 Y113.829 E0.00002
G1 F506.5 X91.273 Y113.803 E0.00002
G1 F507.7 X91.247 Y113.777 E0.00002
G1 F508.9 X91.222 Y113.752 E0.00002
G1 X91.194 Y113.724 E0.00002
G1 F507.7 X91.166 Y113.695 E0.00002
G1 F506.5 X91.138 Y113.667 E0.00002
G1 X91.11 Y113.638 E0.00002
G1 F505.3 X91.082 Y113.61 E0.00002
G1 F504.1 X91.054 Y113.581 E0.00002
G1 X91.029 Y113.551 E0.00002
G1 F506.5 X91.003 Y113.52 E0.00002
G1 X90.901 Y113.393 E0.00008
G1 X90.798 Y113.265 E0.00009
G1 X90.695 Y113.137 E0.00009
G1 F505.3 X90.67 Y113.1 E0.00002
G1 X90.645 Y113.063 E0.00002
G1 F504.1 X90.619 Y113.026 E0.00002
G1 X90.594 Y112.989 E0.00002
G1 F502.9 X90.568 Y112.952 E0.00002
G1 X90.543 Y112.914 E0.00002
G1 F501.7 X90.518 Y112.877 E0.00002
G1 X90.492 Y112.84 E0.00002
G1 X90.452 Y112.776 E0.00004
G1 F504.1 X90.435 Y112.745 E0.00002
G1 X90.413 Y112.706 E0.00002
G1 X90.39 Y112.666 E0.00002
G1 F502.9 X90.367 Y112.626 E0.00002
G1 F501.7 X90.344 Y112.586 E0.00002
G1 X90.321 Y112.546 E0.00002
G1 F500.5 X90.298 Y112.506 E0.00002
G1 X90.276 Y112.466 E0.00002
G1 X90.264 Y112.44 E0.00002
G1 F501.7 X90.251 Y112.413 E0.00002
G1 F504.1 X90.238 Y112.386 E0.00002
G1 F505.3 X90.225 Y112.359 E0.00002
G1 X90.21 Y112.329 E0.00002
G1 X90.186 Y112.277 E0.00003
G1 X90.162 Y112.224 E0.00003
G1 F504.1 X90.137 Y112.171 E0.00003
G1 X90.113 Y112.119 E0.00003
G1 X90.089 Y112.066 E0.00003
G1 F502.9 X90.064 Y112.013 E0.00003
G1 X90.04 Y111.961 E0.00003
G1 X89.994 Y111.829 E0.00007
G1 X89.948 Y111.696 E0.00007
G1 X89.912 Y111.586 E0.00006
G1 X89.866 Y111.423 E0.00009
G1 X89.845 Y111.343 E0.00004
G1 F501.7 X89.824 Y111.263 E0.00004
G1 F500.5 X89.823 Y111.261 E0
G1 F501.7 X89.809 Y111.199 E0.00003
G1 F502.9 X89.795 Y111.136 E0.00003
G1 X89.781 Y111.074 E0.00003
G1 F504.1 X89.767 Y111.011 E0.00003
G1 X89.749 Y110.918 E0.00005
G1 F502.9 X89.741 Y110.865 E0.00003
G1 X89.733 Y110.812 E0.00003
G1 F501.7 X89.725 Y110.758 E0.00003
G1 F500.5 X89.717 Y110.705 E0.00003
G1 X89.709 Y110.652 E0.00003
G1 X89.707 Y110.621 E0.00002
G1 F501.7 X89.704 Y110.589 E0.00002
G1 F502.9 X89.701 Y110.557 E0.00002
G1 F504.1 X89.698 Y110.525 E0.00002
G1 F505.3 X89.695 Y110.493 E0.00002
G1 F506.5 X89.691 Y110.453 E0.00002
G1 X89.689 Y110.417 E0.00002
G1 F505.3 X89.686 Y110.38 E0.00002
G1 F504.1 X89.683 Y110.343 E0.00002
G1 X89.681 Y110.306 E0.00002
G1 F502.9 X89.678 Y110.269 E0.00002
G1 F501.7 X89.675 Y110.232 E0.00002
G1 X89.674 Y110.181 E0.00003
G1 F502.9 X89.673 Y110.13 E0.00003
G1 F504.1 X89.672 Y110.079 E0.00003
G1 X89.671 Y109.969 E0.00006
G1 X89.672 Y109.86 E0.00006
G1 X89.677 Y109.759 E0.00005
G1 X89.682 Y109.677 E0.00004
G1 F502.9 X89.688 Y109.594 E0.00004
G1 X89.693 Y109.511 E0.00004
G1 X89.698 Y109.473 E0.00002
G1 F504.1 X89.703 Y109.435 E0.00002
G1 F505.3 X89.708 Y109.398 E0.00002
G1 F506.5 X89.713 Y109.36 E0.00002
G1 F507.7 X89.717 Y109.322 E0.00002
G1 X89.723 Y109.281 E0.00002
G1 F506.5 X89.728 Y109.247 E0.00002
G1 F505.3 X89.733 Y109.212 E0.00002
G1 X89.738 Y109.178 E0.00002
G1 F504.1 X89.743 Y109.143 E0.00002
G1 F502.9 X89.748 Y109.109 E0.00002
G1 X89.754 Y109.074 E0.00002
G1 F501.7 X89.759 Y109.04 E0.00002
G1 X89.773 Y108.968 E0.00004
G1 X89.787 Y108.894 E0.00004
G1 F502.9 X89.801 Y108.82 E0.00004
G1 F504.1 X89.815 Y108.769 E0.00003
G1 F505.3 X89.828 Y108.718 E0.00003
G1 X89.84 Y108.675 E0.00002
G1 X89.852 Y108.632 E0.00002
G1 F504.1 X89.864 Y108.589 E0.00002
G1 X89.877 Y108.545 E0.00002
G1 F502.9 X89.889 Y108.502 E0.00002
G1 X89.901 Y108.459 E0.00002
G1 F501.7 X89.914 Y108.416 E0.00002
G1 X89.926 Y108.372 E0.00002
G1 X89.94 Y108.332 E0.00002
G1 F502.9 X89.954 Y108.293 E0.00002
G1 X89.967 Y108.254 E0.00002
G1 F504.1 X89.981 Y108.215 E0.00002
G1 F505.3 X89.994 Y108.177 E0.00002
G1 X90.01 Y108.133 E0.00002
G1 X90.02 Y108.105 E0.00002
G1 F504.1 X90.031 Y108.077 E0.00002
G1 F502.9 X90.042 Y108.049 E0.00002
G1 F501.7 X90.053 Y108.021 E0.00002
G1 X90.064 Y107.993 E0.00002
G1 F500.5 X90.074 Y107.965 E0.00002
G1 F499.3 X90.085 Y107.937 E0.00002
G1 X90.102 Y107.901 E0.00002
G1 X90.118 Y107.866 E0.00002
G1 F500.5 X90.134 Y107.83 E0.00002
G1 X90.151 Y107.795 E0.00002
G1 F501.7 X90.167 Y107.759 E0.00002
G1 X90.183 Y107.724 E0.00002
G1 F502.9 X90.2 Y107.688 E0.00002
G1 X90.216 Y107.653 E0.00002
G1 F504.1 X90.232 Y107.618 E0.00002
G1 X90.249 Y107.582 E0.00002
G1 F505.3 X90.33 Y107.44 E0.00009
G1 X90.41 Y107.301 E0.00008
G1 X90.49 Y107.162 E0.00008
G1 X90.518 Y107.116 E0.00003
G1 X90.551 Y107.068 E0.00003
G1 X90.585 Y107.02 E0.00003
G1 F506.5 X90.619 Y106.972 E0.00003
G1 F507.7 X90.653 Y106.923 E0.00003
G1 X90.686 Y106.875 E0.00003
G1 X90.705 Y106.847 E0.00002
G1 F506.5 X90.733 Y106.809 E0.00002
G1 F504.1 X90.761 Y106.77 E0.00003
G1 F502.9 X90.789 Y106.731 E0.00003
G1 X90.817 Y106.697 E0.00002
G1 F504.1 X90.844 Y106.664 E0.00002
G1 F505.3 X90.872 Y106.631 E0.00002
G1 F506.5 X90.899 Y106.598 E0.00002
G1 F505.3 X90.907 Y106.586 E0.00001
G1 X90.92 Y106.574 E0.00001
G1 X90.944 Y106.545 E0.00002
G1 F504.1 X90.969 Y106.516 E0.00002
G1 F502.9 X90.994 Y106.487 E0.00002
G1 X91.018 Y106.458 E0.00002
G1 F501.7 X91.043 Y106.429 E0.00002
G1 F500.5 X91.068 Y106.4 E0.00002
G0 F24000 X90.939 Y106.552
G1 F60 E-0.001
G1 F18000 Z3.2
G0 F24000 X103.676 Y103.676 Z3.2
G1 F18000 Z1.6
G1 F60 E0.001
G1 F1348.05 X103.722 Y103.722 Z1.578315 E0.00002
G1 X103.769 Y103.769 Z1.556159 E0.00002
G1 X103.815 Y103.815 Z1.534475 E0.00002
G1 X103.862 Y103.862 Z1.512319 E0.00002
G1 X103.909 Y103.909 Z1.490163 E0.00002
G1 X103.955 Y103.955 Z1.468478 E0.00002
G1 X104.002 Y104.002 Z1.446322 E0.00002
G1 X104.049 Y104.049 Z1.424166 E0.00002
G1 X104.095 Y104.095 Z1.402482 E0.00002
G1 F1342.35 X104.142 Y104.142 Z1.380325 E0.00002
G1 X104.189 Y104.189 Z1.358169 E0.00002
G1 X104.235 Y104.235 Z1.336485 E0.00002
G1 X104.282 Y104.282 Z1.314329 E0.00002
G1 X104.329 Y104.329 Z1.292173 E0.00002
G1 X104.375 Y104.375 Z1.270488 E0.00002
G1 X104.422 Y104.422 Z1.248332 E0.00002
G1 X104.469 Y104.469 Z1.226176 E0.00002
G1 X104.515 Y104.515 Z1.204492 E0.00002
G1 F1336.65 X104.524528 Y104.524528 Z1.2 E0.00002
G1 F898.7
G1 X104.562 Y104.562 E0.00002
G1 X104.609 Y104.609 E0.00002
G1 X104.655 Y104.655 E0.00002
G1 X104.702 Y104.702 E0.00002
G1 X104.749 Y104.749 E0.00002
G1 X104.795 Y104.795 E0.00002
G1 X104.842 Y104.842 E0.00002
G1 X104.889 Y104.889 E0.00002
G1 X104.935 Y104.935 E0.00002
G1 F876.3 X104.946 Y104.943 E0
G1 F848.2 X104.954 Y104.948 E0
G1 F821.8 X104.963 Y104.954 E0
G1 F797 X104.971 Y104.959 E0
G1 F776.5 X104.979 Y104.965 E0
G1 F754.3 X104.988 Y104.97 E0
G1 F733.3 X104.996 Y104.976 E0
G1 F713.5 X105.004 Y104.981 E0
G1 F697 X105.013 Y104.987 E0
G1 F679.1 X105.021 Y104.992 E0
G1 F662.1 X105.029 Y104.998 E0
G1 F645.9 X105.038 Y105.003 E0
G1 F632.3 X105.046 Y105.009 E0
G1 F617.5 X105.054 Y105.014 E0
G1 F603.4 X105.063 Y105.02 E0
G1 F589.9 X105.071 Y105.025 E0
G1 F578.6 X105.079 Y105.031 E0
G1 F566.2 X105.088 Y105.036 E0
G1 F554.3 X105.096 Y105.042 E0
G1 F542.9 X105.104 Y105.047 E0
G1 F533.3 X105.113 Y105.053 E0.00001
G1 F522.8 X105.121 Y105.058 E0
G1 F512.6 X105.129 Y105.064 E0.00001
G1 F502.9 X105.138 Y105.069 E0.00001
G1 F494.6 X105.146 Y105.075 E0.00001
G1 F485.5 X105.154 Y105.08 E0.00001
G1 F476.7 X105.163 Y105.086 E0.00001
G1 F468.3 X105.171 Y105.091 E0.00001
G1 F466.2 X105.181 Y105.089 E0.00001
G1 F468.3 X105.19 Y105.084 E0.00001
G1 F471.4 X105.199 Y105.079 E0.00001
G1 F473.5 X105.208 Y105.074 E0.00001
G1 F475.7 X105.216 Y105.069 E0.00001
G1 F478.9 X105.225 Y105.064 E0.00001
G1 F481.1 X105.234 Y105.059 E0.00001
G1 F484.4 X105.243 Y105.054 E0.00001
G1 F486.6 X105.251 Y105.049 E0.00001
G1 F488.9 X105.26 Y105.044 E0.00001
G1 F492.3 X105.269 Y105.039 E0.00001
G1 F494.6 X105.278 Y105.034 E0.00001
G1 F496.9 X105.312 Y105.005 E0.00002
G1 F499.3 X105.338 Y104.982 E0.00002
G1 F500.5 X105.364 Y104.959 E0.00002
G1 F501.7 X105.39 Y104.935 E0.00002
G1 X105.416 Y104.912 E0.00002
G1 F502.9 X105.442 Y104.889 E0.00002
G1 F504.1 X105.468 Y104.865 E0.00002
G1 X105.841 Y104.558 E0.00025
G1 X105.87 Y104.536 E0.00002
G1 F502.9 X105.9 Y104.514 E0.00002
G1 F501.7 X105.93 Y104.492 E0.00002
G1 X105.959 Y104.47 E0.00002
G1 F500.5 X105.989 Y104.448 E0.00002
G1 F499.3 X106.019 Y104.426 E0.00002
G1 X106.045 Y104.408 E0.00002
G1 X106.071 Y104.391 E0.00002
G1 F500.5 X106.097 Y104.374 E0.00002
G1 X106.122 Y104.356 E0.00002
G1 F501.7 X106.148 Y104.339 E0.00002
G1 X106.174 Y104.322 E0.00002
G1 F502.9 X106.199 Y104.304 E0.00002
G1 F504.1 X106.225 Y104.287 E0.00002
G1 X106.251 Y104.27 E0.00002
G1 F505.3 X106.277 Y104.253 E0.00002
G1 X106.302 Y104.235 E0.00002
G1 X106.338 Y104.21 E0.00002
G1 F504.1 X106.412 Y104.167 E0.00004
G1 X106.486 Y104.123 E0.00004
G1 F502.9 X106.56 Y104.079 E0.00005
G1 X106.634 Y104.035 E0.00005
G1 X106.679 Y104.011 E0.00003
G1 F504.1 X106.726 Y103.986 E0.00003
G1 X106.773 Y103.961 E0.00003
G1 F505.3 X106.819 Y103.936 E0.00003
G1 X106.85 Y103.919 E0.00002
G1 X106.884 Y103.902 E0.00002
G1 F504.1 X106.919 Y103.884 E0.00002
G1 F502.9 X106.953 Y103.866 E0.00002
G1 F501.7 X106.988 Y103.848 E0.00002
G1 F500.5 X107.022 Y103.83 E0.00002
G1 X107.152 Y103.77 E0.00008
G1 X107.283 Y103.71 E0.00008
G1 F501.7 X107.322 Y103.694 E0.00002
G1 F504.1 X107.362 Y103.678 E0.00002
G1 X107.393 Y103.665 E0.00002
G1 X107.477 Y103.633 E0.00005
G1 F502.9 X107.562 Y103.6 E0.00005
G1 X107.647 Y103.567 E0.00005
G1 F501.7 X107.705 Y103.546 E0.00003
G1 X107.873 Y103.494 E0.00009
G1 X108.042 Y103.441 E0.00009
G1 X108.211 Y103.388 E0.00009
G1 F502.9 X108.361 Y103.355 E0.00008
G1 X108.511 Y103.321 E0.00008
G1 X108.661 Y103.287 E0.00008
G1 X108.811 Y103.253 E0.00008
G1 F501.7 X108.863 Y103.242 E0.00003
G1 X108.919 Y103.234 E0.00003
G1 F502.9 X108.976 Y103.226 E0.00003
G1 X109.032 Y103.218 E0.00003
G1 F504.1 X109.089 Y103.209 E0.00003
G1 X109.174 Y103.202 E0.00004
G1 X109.26 Y103.194 E0.00005
G1 X109.345 Y103.186 E0.00004
G1 F502.9 X109.431 Y103.178 E0.00005
G1 X109.517 Y103.17 E0.00005
G1 X109.602 Y103.162 E0.00004
G1 X109.643 Y103.161 E0.00002
G1 F505.3 X109.686 Y103.159 E0.00002
G1 X109.839 Y103.155 E0.00008
G1 X109.992 Y103.151 E0.00008
G1 F504.1 X110.086 Y103.151 E0.00005
G1 F502.9 X110.306 Y103.156 E0.00012
G1 X110.482 Y103.171 E0.00009
G1 X110.658 Y103.186 E0.00009
G1 X110.834 Y103.201 E0.00009
G1 F504.1 X110.877 Y103.207 E0.00002
G1 F505.3 X110.91 Y103.211 E0.00002
G1 F504.1 X110.969 Y103.22 E0.00003
G1 X111.028 Y103.229 E0.00003
G1 F502.9 X111.087 Y103.238 E0.00003
G1 X111.147 Y103.247 E0.00003
G1 F501.7 X111.206 Y103.256 E0.00003
G1 X111.265 Y103.266 E0.00003
G1 X111.324 Y103.278 E0.00003
G1 F504.1 X111.478 Y103.315 E0.00008
G1 X111.633 Y103.352 E0.00008
G1 X111.788 Y103.39 E0.00008
G1 X111.828 Y103.401 E0.00002
G1 F502.9 X111.868 Y103.412 E0.00002
G1 F501.7 X111.909 Y103.423 E0.00002
G1 X111.949 Y103.434 E0.00002
G1 F500.5 X111.99 Y103.446 E0.00002
G1 X112.072 Y103.472 E0.00005
G1 X112.155 Y103.499 E0.00005
G1 F501.7 X112.238 Y103.526 E0.00005
G1 F502.9 X112.285 Y103.544 E0.00003
G1 F505.3 X112.332 Y103.561 E0.00003
G1 X112.636 Y103.68 E0.00017
G1 X112.671 Y103.695 E0.00002
G1 X112.707 Y103.711 E0.00002
G1 F504.1 X112.743 Y103.727 E0.00002
G1 X112.778 Y103.743 E0.00002
G1 F502.9 X112.814 Y103.758 E0.00002
G1 F501.7 X112.85 Y103.774 E0.00002
G1 X112.885 Y103.79 E0.00002
G1 F500.5 X112.921 Y103.806 E0.00002
G1 X112.957 Y103.821 E0.00002
G1 X113.006 Y103.846 E0.00003
G1 F501.7 X113.053 Y103.869 E0.00003
G1 X113.099 Y103.892 E0.00003
G1 F502.9 X113.146 Y103.916 E0.00003
G1 F504.1 X113.158 Y103.921 E0.00001
G1 F502.9 X113.223 Y103.955 E0.00004
G1 F501.7 X113.351 Y104.027 E0.00008
G1 X113.48 Y104.1 E0.00008
G1 X113.519 Y104.123 E0.00002
G1 F504.1 X113.558 Y104.147 E0.00002
G1 X113.586 Y104.164 E0.00002
G1 X113.637 Y104.197 E0.00003
G1 F502.9 X113.688 Y104.23 E0.00003
G1 F501.7 X113.739 Y104.264 E0.00003
G1 X113.82 Y104.319 E0.00005
G1 X113.9 Y104.373 E0.00005
G1 F502.9 X113.981 Y104.428 E0.00005
G1 F504.1 X114.059 Y104.485 E0.00005
G1 X114.089 Y104.508 E0.00002
G1 X114.119 Y104.531 E0.00002
G1 F502.9 X114.149 Y104.554 E0.00002
G1 X114.179 Y104.577 E0.00002
G1 F501.7 X114.209 Y104.6 E0.00002
G1 F500.5 X114.24 Y104.623 E0.00002
G1 X114.27 Y104.646 E0.00002
G1 F499.3 X114.3 Y104.67 E0.00002
G1 X114.33 Y104.693 E0.00002
G1 X114.357 Y104.716 E0.00002
G1 F500.5 X114.386 Y104.741 E0.00002
G1 F501.7 X114.415 Y104.765 E0.00002
G1 X114.444 Y104.79 E0.00002
G1 F502.9 X114.473 Y104.815 E0.00002
G1 F504.1 X114.502 Y104.839 E0.00002
G1 F505.3 X114.555 Y104.889 E0.00004
G1 X114.611 Y104.941 E0.00004
G1 F506.5 X114.667 Y104.993 E0.00004
G1 X114.723 Y105.045 E0.00004
G1 X114.742 Y105.063 E0.00001
G1 X114.766 Y105.086 E0.00002
G1 F505.3 X114.79 Y105.11 E0.00002
G1 F504.1 X114.814 Y105.134 E0.00002
G1 X114.838 Y105.157 E0.00002
G1 F502.9 X114.863 Y105.181 E0.00002
G1 F501.7 X114.887 Y105.205 E0.00002
G1 X114.927 Y105.247 E0.00003
G1 X114.968 Y105.291 E0.00003
G1 F502.9 X115.009 Y105.334 E0.00003
G1 F504.1 X115.05 Y105.378 E0.00003
G1 X115.092 Y105.422 E0.00003
G1 X115.156 Y105.495 E0.00005
G1 X115.207 Y105.556 E0.00004
G1 X115.258 Y105.617 E0.00004
G1 F502.9 X115.31 Y105.678 E0.00004
G1 X115.361 Y105.739 E0.00004
G1 X115.422 Y105.818 E0.00005
G1 F504.1 X115.439 Y105.842 E0.00002
G1 F502.9 X115.475 Y105.892 E0.00003
G1 X115.512 Y105.942 E0.00003
G1 F501.7 X115.549 Y105.992 E0.00003
G1 F500.5 X115.585 Y106.042 E0.00003
G1 X115.622 Y106.092 E0.00003
G1 F499.3 X115.625 Y106.097 E0
G1 F500.5 X115.66 Y106.149 E0.00003
G1 F501.7 X115.695 Y106.201 E0.00003
G1 X115.731 Y106.253 E0.00003
G1 F502.9 X115.766 Y106.305 E0.00003
G1 F501.7 X115.809 Y106.373 E0.00004
G1 X115.894 Y106.521 E0.00009
G1 X115.979 Y106.669 E0.00009
G1 X116.065 Y106.818 E0.00009
G1 F502.9 X116.075 Y106.837 E0.00001
G1 F504.1 X116.156 Y107.012 E0.0001
G1 X116.237 Y107.187 E0.0001
G1 X116.318 Y107.363 E0.0001
G1 F502.9 X116.436 Y107.668 E0.00017
G1 X116.464 Y107.754 E0.00005
G1 X116.492 Y107.84 E0.00005
G1 F501.7 X116.52 Y107.927 E0.00005
G1 X116.549 Y108.013 E0.00005
G1 X116.577 Y108.099 E0.00005
G1 X116.587 Y108.135 E0.00002
G1 F504.1 X116.597 Y108.173 E0.00002
G1 F506.5 X116.608 Y108.211 E0.00002
G1 X116.618 Y108.251 E0.00002
G1 X116.625 Y108.283 E0.00002
G1 F505.3 X116.633 Y108.315 E0.00002
G1 X116.641 Y108.347 E0.00002
G1 F504.1 X116.649 Y108.379 E0.00002
G1 F502.9 X116.657 Y108.411 E0.00002
G1 X116.665 Y108.443 E0.00002
G1 F501.7 X116.673 Y108.475 E0.00002
G1 F500.5 X116.681 Y108.507 E0.00002
G1 X116.689 Y108.539 E0.00002
G1 X116.705 Y108.622 E0.00004
G1 X116.722 Y108.705 E0.00004
G1 F501.7 X116.739 Y108.789 E0.00005
G1 F502.9 X116.751 Y108.865 E0.00004
G1 X116.762 Y108.94 E0.00004
G1 F504.1 X116.773 Y109.015 E0.00004
G1 X116.785 Y109.09 E0.00004
G1 X116.789 Y109.12 E0.00002
G1 X116.795 Y109.169 E0.00003
G1 F502.9 X116.801 Y109.219 E0.00003
G1 F501.7 X116.807 Y109.268 E0.00003
G1 F500.5 X116.82 Y109.415 E0.00008
G1 X116.833 Y109.563 E0.00008
G1 X116.836 Y109.625 E0.00003
G1 F502.9 X116.839 Y109.687 E0.00003
G1 F504.1 X116.844 Y109.834 E0.00008
G1 X116.849 Y109.982 E0.00008
G1 X116.849 Y110.054 E0.00004
G1 X116.845 Y110.169 E0.00006
G1 X116.841 Y110.284 E0.00006
G1 X116.837 Y110.348 E0.00003
G1 F502.9 X116.792 Y110.881 E0.00028
G1 F501.7 X116.784 Y110.946 E0.00003
G1 X116.768 Y111.039 E0.00005
G1 X116.752 Y111.133 E0.00005
G1 F502.9 X116.736 Y111.227 E0.00005
G1 F504.1 X116.716 Y111.321 E0.00005
G1 X116.615 Y111.756 E0.00023
G1 F502.9 X116.601 Y111.815 E0.00003
G1 F501.7 X116.47 Y112.241 E0.00023
G1 F502.9 X116.441 Y112.327 E0.00005
G1 F504.1 X116.38 Y112.482 E0.00009
G1 X116.318 Y112.638 E0.00009
G1 F502.9 X116.3 Y112.68 E0.00002
G1 X116.281 Y112.722 E0.00002
G1 F501.7 X116.262 Y112.764 E0.00002
G1 F500.5 X116.243 Y112.806 E0.00002
G1 X116.225 Y112.848 E0.00002
G1 F499.3 X116.206 Y112.89 E0.00002
G1 X116.187 Y112.932 E0.00002
G1 X116.166 Y112.975 E0.00003
G1 F500.5 X116.145 Y113.017 E0.00002
G1 X116.124 Y113.059 E0.00002
G1 F501.7 X116.103 Y113.101 E0.00002
G1 F502.9 X116.082 Y113.144 E0.00003
G1 X116.055 Y113.198 E0.00003
G1 F501.7 X115.834 Y113.583 E0.00023
G1 X115.805 Y113.632 E0.00003
G1 F499.3 X115.775 Y113.681 E0.00003
G1 F498.1 X115.59 Y113.953 E0.00017
G1 F499.3 X115.562 Y113.993 E0.00003
G1 F501.7 X115.533 Y114.033 E0.00003
G1 X115.513 Y114.06 E0.00002
G1 X115.474 Y114.111 E0.00003
G1 F500.5 X115.435 Y114.163 E0.00003
G1 F499.3 X115.434 Y114.164 E0
G1 F500.5 X115.381 Y114.23 E0.00004
G1 X115.328 Y114.296 E0.00004
G1 X115.274 Y114.362 E0.00004
G1 F501.7 X115.221 Y114.428 E0.00004
G1 X115.167 Y114.495 E0.00005
G1 F502.9 X115.113 Y114.552 E0.00004
G1 X115.059 Y114.61 E0.00004
G1 F504.1 X115.005 Y114.667 E0.00004
G1 X114.951 Y114.725 E0.00004
G1 X114.935 Y114.742 E0.00001
G1 X114.876 Y114.803 E0.00004
G1 F502.9 X114.816 Y114.864 E0.00004
G1 F501.7 X114.815 Y114.865 E0
G1 F502.9 X114.746 Y114.931 E0.00005
G1 X114.676 Y114.997 E0.00005
G1 F504.1 X114.606 Y115.063 E0.00005
G1 X114.536 Y115.129 E0.00005
G1 X114.488 Y115.173 E0.00003
G1 F502.9 X114.412 Y115.235 E0.00005
G1 F501.7 X114.336 Y115.297 E0.00005
G1 X114.26 Y115.359 E0.00005
G1 F500.5 X114.259 Y115.36 E0
G1 F501.7 X114.218 Y115.391 E0.00003
G1 F504.1 X114.177 Y115.423 E0.00003
G1 F502.9 X114.156 Y115.439 E0.00001
G1 F501.7 X114.111 Y115.472 E0.00003
G1 X114.066 Y115.505 E0.00003
G1 F500.5 X114.021 Y115.539 E0.00003
G1 F499.3 X113.976 Y115.572 E0.00003
G1 X113.931 Y115.605 E0.00003
G1 X113.851 Y115.66 E0.00005
G1 X113.772 Y115.713 E0.00005
G1 F500.5 X113.693 Y115.766 E0.00005
G1 F501.7 X113.556 Y115.846 E0.00008
G1 X113.419 Y115.925 E0.00008
G1 X113.282 Y116.004 E0.00008
G1 X113.146 Y116.084 E0.00008
G1 X113.107 Y116.102 E0.00002
G1 F500.5 X113.067 Y116.122 E0.00002
G1 X113.026 Y116.142 E0.00002
G1 F499.3 X112.986 Y116.162 E0.00002
G1 F498.1 X112.945 Y116.182 E0.00002
G1 X112.905 Y116.201 E0.00002
G1 X112.873 Y116.215 E0.00002
G1 X112.839 Y116.23 E0.00002
G1 F499.3 X112.805 Y116.245 E0.00002
G1 F500.5 X112.771 Y116.26 E0.00002
G1 X112.737 Y116.275 E0.00002
G1 F501.7 X112.703 Y116.289 E0.00002
G1 F502.9 X112.669 Y116.304 E0.00002
G1 X112.635 Y116.319 E0.00002
G1 X112.33 Y116.437 E0.00017
G1 X112.278 Y116.454 E0.00003
G1 X112.226 Y116.472 E0.00003
G1 F501.7 X112.174 Y116.49 E0.00003
G1 F500.5 X112.122 Y116.508 E0.00003
G1 X112.07 Y116.526 E0.00003
G1 X112.034 Y116.536 E0.00002
G1 X111.999 Y116.546 E0.00002
G1 F501.7 X111.965 Y116.556 E0.00002
G1 F502.9 X111.93 Y116.566 E0.00002
G1 X111.895 Y116.576 E0.00002
G1 F504.1 X111.861 Y116.586 E0.00002
G1 F505.3 X111.826 Y116.596 E0.00002
G1 X111.791 Y116.606 E0.00002
G1 X111.751 Y116.617 E0.00002
G1 X111.694 Y116.632 E0.00003
G1 F502.9 X111.636 Y116.648 E0.00003
G1 X111.545 Y116.667 E0.00005
G1 X111.454 Y116.686 E0.00005
G1 X111.363 Y116.705 E0.00005
G1 F504.1 X111.272 Y116.724 E0.00005
G1 X111.181 Y116.743 E0.00005
G1 X111.104 Y116.755 E0.00004
G1 X111.027 Y116.768 E0.00004
G1 F502.9 X110.95 Y116.78 E0.00004
G1 X110.873 Y116.793 E0.00004
G1 X110.686 Y116.808 E0.0001
G1 X110.499 Y116.824 E0.0001
G1 X110.311 Y116.84 E0.0001
G1 X110.169 Y116.846 E0.00007
G1 F504.1 X110.117 Y116.846 E0.00003
G1 F505.3 X110.065 Y116.846 E0.00003
G1 F506.5 X110.013 Y116.846 E0.00003
G1 X109.988 Y116.846 E0.00001
G1 X109.897 Y116.845 E0.00005
G1 F505.3 X109.806 Y116.844 E0.00005
G1 X109.715 Y116.842 E0.00005
G1 F502.9 X109.687 Y116.842 E0.00001
G1 F501.7 X109.503 Y116.827 E0.0001
G1 X109.319 Y116.811 E0.0001
G1 X109.135 Y116.795 E0.0001
G1 X108.967 Y116.769 E0.00009
G1 X108.798 Y116.742 E0.00009
G1 X108.51 Y116.683 E0.00015
G1 F502.9 X108.456 Y116.669 E0.00003
G1 X108.402 Y116.655 E0.00003
G1 F504.1 X108.348 Y116.641 E0.00003
G1 F505.3 X108.294 Y116.627 E0.00003
G1 X108.239 Y116.613 E0.00003
G1 X108.208 Y116.604 E0.00002
G1 X108.178 Y116.596 E0.00002
G1 F504.1 X108.147 Y116.587 E0.00002
G1 X108.116 Y116.579 E0.00002
G1 F502.9 X108.085 Y116.57 E0.00002
G1 F501.7 X108.055 Y116.562 E0.00002
G1 X108.024 Y116.553 E0.00002
G1 F500.5 X107.993 Y116.545 E0.00002
G1 F499.3 X107.962 Y116.536 E0.00002
G1 X107.931 Y116.528 E0.00002
G1 X107.875 Y116.509 E0.00003
G1 X107.823 Y116.491 E0.00003
G1 F500.5 X107.771 Y116.474 E0.00003
G1 F501.7 X107.719 Y116.456 E0.00003
G1 X107.667 Y116.438 E0.00003
G1 X107.5 Y116.376 E0.00009
G1 F502.9 X107.444 Y116.353 E0.00003
G1 F504.1 X107.388 Y116.33 E0.00003
G1 X107.359 Y116.318 E0.00002
G1 F502.9 X107.316 Y116.3 E0.00002
G1 F501.7 X107.273 Y116.281 E0.00002
G1 X107.23 Y116.262 E0.00002
G1 F500.5 X107.187 Y116.243 E0.00002
G1 F499.3 X107.144 Y116.224 E0.00002
G1 X107.101 Y116.205 E0.00002
G1 X107.065 Y116.187 E0.00002
G1 F500.5 X107.029 Y116.169 E0.00002
G1 X106.993 Y116.151 E0.00002
G1 F501.7 X106.957 Y116.134 E0.00002
G1 F502.9 X106.921 Y116.116 E0.00002
G1 X106.885 Y116.098 E0.00002
G1 F504.1 X106.849 Y116.08 E0.00002
G1 X106.821 Y116.065 E0.00002
G1 X106.778 Y116.043 E0.00003
G1 F502.9 X106.735 Y116.02 E0.00003
G1 F501.7 X106.691 Y115.997 E0.00003
G1 X106.608 Y115.949 E0.00005
G1 X106.525 Y115.901 E0.00005
G1 F502.9 X106.442 Y115.852 E0.00005
G1 X106.287 Y115.749 E0.0001
G1 X106.131 Y115.645 E0.0001
G1 X105.976 Y115.541 E0.0001
G1 F501.7 X105.931 Y115.508 E0.00003
G1 X105.86 Y115.453 E0.00005
G1 F500.5 X105.788 Y115.397 E0.00005
G1 X105.716 Y115.341 E0.00005
G1 X105.691 Y115.32 E0.00002
G1 X105.667 Y115.299 E0.00002
G1 F501.7 X105.642 Y115.279 E0.00002
G1 F502.9 X105.618 Y115.258 E0.00002
G1 X105.593 Y115.237 E0.00002
G1 F504.1 X105.569 Y115.217 E0.00002
G1 F505.3 X105.544 Y115.196 E0.00002
G1 X105.52 Y115.176 E0.00002
G1 F506.5 X105.495 Y115.155 E0.00002
G1 X105.476 Y115.138 E0.00001
G1 X105.445 Y115.111 E0.00002
G1 F505.3 X105.413 Y115.083 E0.00002
G1 X105.382 Y115.055 E0.00002
G1 F504.1 X105.35 Y115.027 E0.00002
G1 F502.9 X105.319 Y115 E0.00002
G1 X105.287 Y114.972 E0.00002
G1 X105.249 Y114.933 E0.00003
G1 X105.188 Y114.87 E0.00005
G1 X105.127 Y114.807 E0.00005
G1 F501.7 X105.066 Y114.744 E0.00005
G1 X105.004 Y114.681 E0.00005
G1 X104.943 Y114.618 E0.00005
G1 X104.902 Y114.573 E0.00003
G1 F504.1 X104.862 Y114.528 E0.00003
G1 F505.3 X104.842 Y114.504 E0.00002
G1 X104.802 Y114.457 E0.00003
G1 F504.1 X104.761 Y114.409 E0.00003
G1 X104.72 Y114.361 E0.00003
G1 F502.9 X104.679 Y114.313 E0.00003
G1 F501.7 X104.674 Y114.308 E0
G1 F502.9 X104.624 Y114.245 E0.00004
G1 F504.1 X104.574 Y114.181 E0.00004
G1 X104.553 Y114.153 E0.00002
G1 X104.525 Y114.116 E0.00002
G1 F501.7 X104.496 Y114.078 E0.00003
G1 X104.445 Y114.004 E0.00005
G1 X104.394 Y113.93 E0.00005
G1 X104.343 Y113.856 E0.00005
G1 F502.9 X104.292 Y113.782 E0.00005
G1 X104.241 Y113.708 E0.00005
G1 X104.207 Y113.655 E0.00003
G1 X104.158 Y113.573 E0.00005
G1 F501.7 X104.109 Y113.49 E0.00005
G1 X104.06 Y113.407 E0.00005
G1 X104.029 Y113.35 E0.00003
G1 F502.9 X103.997 Y113.293 E0.00003
G1 X103.966 Y113.236 E0.00003
G1 F504.1 X103.934 Y113.179 E0.00003
G1 X103.917 Y113.148 E0.00002
G1 F502.9 X103.896 Y113.107 E0.00002
G1 F500.5 X103.874 Y113.066 E0.00002
G1 X103.837 Y112.985 E0.00005
G1 X103.799 Y112.903 E0.00005
G1 X103.761 Y112.821 E0.00005
G1 F501.7 X103.724 Y112.739 E0.00005
G1 X103.686 Y112.658 E0.00005
G1 F502.9 X103.654 Y112.575 E0.00005
G1 X103.622 Y112.492 E0.00005
G1 F504.1 X103.59 Y112.409 E0.00005
G1 X103.557 Y112.326 E0.00005
G1 F502.9 X103.526 Y112.241 E0.00005
G1 F501.7 X103.482 Y112.1 E0.00008
G1 X103.438 Y111.959 E0.00008
G1 X103.393 Y111.817 E0.00008
G1 X103.384 Y111.78 E0.00002
G1 F504.1 X103.375 Y111.743 E0.00002
G1 X103.361 Y111.68 E0.00003
G1 X103.347 Y111.616 E0.00003
G1 X103.333 Y111.553 E0.00003
G1 F502.9 X103.319 Y111.489 E0.00003
G1 X103.305 Y111.426 E0.00003
G1 F501.7 X103.291 Y111.362 E0.00003
G1 X103.277 Y111.299 E0.00003
G1 X103.262 Y111.235 E0.00003
G1 X103.256 Y111.196 E0.00002
G1 F504.1 X103.232 Y111.034 E0.00009
G1 X103.207 Y110.872 E0.00009
G1 X103.191 Y110.685 E0.0001
G1 X103.174 Y110.498 E0.0001
G1 X103.158 Y110.31 E0.0001
G1 X103.154 Y110.158 E0.00008
G1 X103.151 Y110.007 E0.00008
G1 X103.151 Y109.866 E0.00007
G1 F502.9 X103.157 Y109.689 E0.00009
G1 X103.16 Y109.628 E0.00003
G1 F501.7 X103.163 Y109.567 E0.00003
G1 F500.5 X103.198 Y109.172 E0.00021
G1 F501.7 X103.208 Y109.094 E0.00004
G1 X103.276 Y108.682 E0.00022
G1 X103.341 Y108.39 E0.00016
G1 F502.9 X103.355 Y108.337 E0.00003
G1 F504.1 X103.369 Y108.284 E0.00003
G1 F505.3 X103.384 Y108.231 E0.00003
G1 X103.393 Y108.197 E0.00002
G1 X103.406 Y108.152 E0.00002
G1 F504.1 X103.419 Y108.107 E0.00002
G1 F502.9 X103.432 Y108.062 E0.00002
G1 X103.445 Y108.017 E0.00002
G1 F501.7 X103.458 Y107.972 E0.00002
G1 X103.482 Y107.899 E0.00004
G1 X103.506 Y107.825 E0.00004
G1 F502.9 X103.531 Y107.751 E0.00004
G1 X103.555 Y107.677 E0.00004
G1 X103.677 Y107.363 E0.00018
G1 F504.1 X103.757 Y107.192 E0.0001
G1 X103.837 Y107.021 E0.0001
G1 X103.917 Y106.85 E0.0001
G1 X103.983 Y106.727 E0.00007
G1 F502.9 X104.054 Y106.599 E0.00008
G1 X104.125 Y106.471 E0.00008
G1 X104.165 Y106.408 E0.00004
G1 X104.211 Y106.338 E0.00004
G1 X104.257 Y106.268 E0.00004
G1 F501.7 X104.304 Y106.198 E0.00004
G1 X104.35 Y106.128 E0.00004
G1 X104.375 Y106.094 E0.00002
G1 F502.9 X104.399 Y106.061 E0.00002
G1 X104.423 Y106.028 E0.00002
G1 F504.1 X104.447 Y105.995 E0.00002
G1 F505.3 X104.471 Y105.961 E0.00002
G1 X104.49 Y105.935 E0.00002
G1 X104.511 Y105.907 E0.00002
G1 F504.1 X104.533 Y105.878 E0.00002
G1 X104.554 Y105.849 E0.00002
G1 F502.9 X104.576 Y105.82 E0.00002
G1 F501.7 X104.598 Y105.791 E0.00002
G1 X104.619 Y105.763 E0.00002
G1 F500.5 X104.641 Y105.734 E0.00002
G1 X104.658 Y105.714 E0.00001
G1 X104.675 Y105.693 E0.00001
G1 F501.7 X104.693 Y105.673 E0.00001
G1 F502.9 X104.71 Y105.652 E0.00001
G1 X104.728 Y105.632 E0.00001
G1 F504.1 X104.745 Y105.611 E0.00001
G1 F505.3 X104.763 Y105.591 E0.00001
G1 X104.78 Y105.57 E0.00001
G1 F506.5 X104.797 Y105.549 E0.00001
G1 F507.7 X104.815 Y105.529 E0.00001
G1 X104.832 Y105.508 E0.00001
G1 X104.856 Y105.481 E0.00002
G1 X104.886 Y105.447 E0.00002
G1 F506.5 X104.916 Y105.412 E0.00002
G1 F505.3 X104.946 Y105.378 E0.00002
G1 X104.976 Y105.343 E0.00002
G1 F504.1 X105.007 Y105.308 E0.00002
G1 F501.7 X105.03 Y105.279 E0.00002
G1 F498.1 X105.043 Y105.261 E0.00001
G1 F494.6 X105.047 Y105.253 E0
G1 F491.2 X105.052 Y105.244 E0.00001
G1 F487.8 X105.057 Y105.235 E0.00001
G1 F484.4 X105.062 Y105.227 E0.00001
G1 F481.1 X105.067 Y105.218 E0.00001
G1 F478.9 X105.072 Y105.209 E0.00001
G1 F475.7 X105.077 Y105.201 E0.00001
G1 F472.5 X105.082 Y105.192 E0.00001
G1 F469.3 X105.087 Y105.183 E0.00001
G1 F466.2 X105.092 Y105.174 E0.00001
G1 F468.3 X105.088 Y105.165 E0.00001
G1 F476.7 X105.083 Y105.157 E0.00001
G1 F485.5 X105.077 Y105.148 E0.00001
G1 F494.6 X105.072 Y105.14 E0.00001
G1 F502.9 X105.066 Y105.132 E0.00001
G1 F512.6 X105.061 Y105.123 E0.00001
G1 F522.8 X105.055 Y105.115 E0.00001
G1 F533.3 X105.05 Y105.107 E0
G1 F542.9 X105.044 Y105.098 E0.00001
G1 F554.3 X105.039 Y105.09 E0
G1 F566.2 X105.033 Y105.082 E0
G1 F578.6 X105.028 Y105.073 E0
G1 F589.9 X105.022 Y105.065 E0
G1 F603.4 X105.017 Y105.057 E0
G1 F617.5 X105.011 Y105.048 E0
G1 F632.3 X105.006 Y105.04 E0
G1 F645.9 X105 Y105.032 E0
G1 F662.1 X104.995 Y105.023 E0
G1 F679.1 X104.989 Y105.015 E0
G1 F697 X104.984 Y105.007 E0
G1 F713.5 X104.978 Y104.998 E0
G1 F733.3 X104.973 Y104.99 E0
G1 F754.3 X104.967 Y104.982 E0
G1 F776.5 X104.962 Y104.973 E0
G1 F797 X104.956 Y104.965 E0
G1 F821.8 X104.951 Y104.957 E0
G1 F848.2 X104.945 Y104.948 E0
G1 F876.3 X104.94 Y104.94 E0
G1 F891.1 X104.892 Y104.892 E0.00002
G1 X104.845 Y104.845 E0.00002
G1 X104.799 Y104.799 E0.00002
G1 X104.752 Y104.752 E0.00002
G1 X104.705 Y104.705 E0.00002
G1 X104.659 Y104.659 E0.00002
G1 X104.612 Y104.612 E0.00002
G1 X104.565 Y104.565 E0.00002
G1 X104.519 Y104.519 E0.00002
G1 F894.9 X104.472 Y104.472 E0.00002
G1 X104.425 Y104.425 E0.00002
G1 X104.379 Y104.379 E0.00002
G1 X104.332 Y104.332 E0.00002
G1 X104.285 Y104.285 E0.00002
G1 X104.239 Y104.239 E0.00002
G1 X104.192 Y104.192 E0.00002
G1 X104.145 Y104.145 E0.00002
G1 X104.099 Y104.099 E0.00002
G1 F898.7 X104.052 Y104.052 E0.00002
G1 X104.005 Y104.005 E0.00002
G1 X103.959 Y103.959 E0.00002
G1 X103.912 Y103.912 E0.00002
G1 X103.865 Y103.865 E0.00002
G1 X103.819 Y103.819 E0.00002
G1 X103.772 Y103.772 E0.00002
G1 X103.725 Y103.725 E0.00002
G1 X103.679 Y103.679 E0.00002
G0 F24000 X103.817 Y103.817
G1 F60 E-0.001
G1 F18000 Z3.2
G0 F24000 X103.458 Y108.69 Z3.2
G1 F18000 Z1.6
G1 F60 E0.001
G1 F754.35 X103.434 Y108.834 Z1.551338 E0.00008
G1 X103.41 Y108.978 Z1.502676 E0.00008
G1 X103.386 Y109.122 Z1.454014 E0.00008
G1 F752.55 X103.378 Y109.187 Z1.432184 E0.00003
G1 F750.75 X103.344 Y109.578 Z1.301358 E0.00021
G1 F752.55 X103.34 Y109.639 Z1.280981 E0.00003
G1 F754.35 X103.335 Y109.7 Z1.26058 E0.00003
G1 X103.331 Y109.866 Z1.20523 E0.00009
G1 F756.15 X103.331 Y109.881691 Z1.2 E0.000088
G1 F502.9
G1 X103.331 Y109.995 E0.00007
G1 X103.333 Y110.148 E0.00008
G1 X103.335 Y110.301 E0.00008
G1 X103.351 Y110.485 E0.0001
G1 X103.367 Y110.669 E0.0001
G1 X103.384 Y110.853 E0.0001
G1 X103.406 Y111.001 E0.00008
G1 X103.429 Y111.149 E0.00008
G1 X103.469 Y111.334 E0.0001
G1 X103.509 Y111.52 E0.0001
G1 X103.55 Y111.706 E0.0001
G1 F502.9 X103.565 Y111.764 E0.00003
G1 F501.7 X103.609 Y111.903 E0.00008
G1 X103.653 Y112.042 E0.00008
G1 X103.697 Y112.182 E0.00008
G1 X103.85 Y112.583 E0.00023
G1 X103.887 Y112.663 E0.00005
G1 X103.925 Y112.744 E0.00005
G1 F500.5 X103.962 Y112.825 E0.00005
G1 X104 Y112.906 E0.00005
G1 X104.037 Y112.986 E0.00005
G1 X104.057 Y113.026 E0.00002
G1 F502.9 X104.077 Y113.068 E0.00002
G1 F504.1 X104.09 Y113.093 E0.00001
G1 X104.122 Y113.149 E0.00003
G1 F502.9 X104.154 Y113.205 E0.00003
G1 X104.186 Y113.262 E0.00003
G1 F501.7 X104.218 Y113.318 E0.00003
G1 X104.266 Y113.399 E0.00005
G1 X104.314 Y113.482 E0.00005
G1 F502.9 X104.362 Y113.565 E0.00005
G1 X104.387 Y113.605 E0.00002
G1 X104.437 Y113.678 E0.00005
G1 X104.488 Y113.751 E0.00005
G1 F501.7 X104.539 Y113.824 E0.00005
G1 X104.59 Y113.897 E0.00005
G1 X104.64 Y113.97 E0.00005
G1 X104.669 Y114.01 E0.00003
G1 F504.1 X104.697 Y114.048 E0.00002
G1 X104.714 Y114.07 E0.00001
G1 X104.765 Y114.133 E0.00004
G1 F502.9 X104.816 Y114.196 E0.00004
G1 X104.856 Y114.244 E0.00003
G1 F504.1 X104.896 Y114.293 E0.00003
G1 X104.936 Y114.341 E0.00003
G1 F505.3 X104.977 Y114.39 E0.00003
G1 X104.994 Y114.408 E0.00001
G1 F504.1 X105.035 Y114.452 E0.00003
G1 F501.7 X105.076 Y114.496 E0.00003
G1 X105.136 Y114.558 E0.00005
G1 X105.196 Y114.621 E0.00005
G1 X105.257 Y114.684 E0.00005
G1 F502.9 X105.317 Y114.746 E0.00005
G1 X105.377 Y114.809 E0.00005
G1 F504.1 X105.42 Y114.848 E0.00003
G1 X105.464 Y114.888 E0.00003
G1 F505.3 X105.508 Y114.928 E0.00003
G1 F506.5 X105.551 Y114.967 E0.00003
G1 X105.595 Y115.007 E0.00003
G1 X105.611 Y115.021 E0.00001
G1 X105.635 Y115.04 E0.00002
G1 F505.3 X105.659 Y115.06 E0.00002
G1 X105.683 Y115.079 E0.00002
G1 F504.1 X105.707 Y115.099 E0.00002
G1 F502.9 X105.731 Y115.118 E0.00002
G1 X105.755 Y115.138 E0.00002
G1 F501.7 X105.779 Y115.157 E0.00002
G1 F500.5 X105.803 Y115.177 E0.00002
G1 X105.828 Y115.197 E0.00002
G1 X105.899 Y115.253 E0.00005
G1 X105.97 Y115.309 E0.00005
G1 F501.7 X106.042 Y115.366 E0.00005
G1 F502.9 X106.204 Y115.476 E0.0001
G1 X106.367 Y115.587 E0.0001
G1 X106.53 Y115.697 E0.0001
G1 X106.612 Y115.743 E0.00005
G1 F501.7 X106.695 Y115.79 E0.00005
G1 X106.778 Y115.837 E0.00005
G1 X106.821 Y115.86 E0.00003
G1 F502.9 X106.863 Y115.883 E0.00003
G1 F504.1 X106.905 Y115.906 E0.00003
G1 X106.928 Y115.919 E0.00001
G1 X106.963 Y115.935 E0.00002
G1 F502.9 X106.998 Y115.952 E0.00002
G1 X107.033 Y115.969 E0.00002
G1 F501.7 X107.068 Y115.986 E0.00002
G1 F500.5 X107.103 Y116.002 E0.00002
G1 X107.138 Y116.019 E0.00002
G1 F499.3 X107.174 Y116.036 E0.00002
G1 X107.217 Y116.056 E0.00003
G1 X107.26 Y116.076 E0.00003
G1 F500.5 X107.303 Y116.095 E0.00002
G1 F501.7 X107.345 Y116.115 E0.00002
G1 X107.388 Y116.134 E0.00002
G1 F502.9 X107.431 Y116.154 E0.00002
G1 F504.1 X107.455 Y116.164 E0.00001
G1 X107.508 Y116.185 E0.00003
G1 F502.9 X107.562 Y116.207 E0.00003
G1 F501.7 X107.724 Y116.267 E0.00009
G1 X107.787 Y116.288 E0.00003
G1 F500.5 X107.85 Y116.309 E0.00003
G1 X107.914 Y116.33 E0.00004
G1 F499.3 X107.977 Y116.351 E0.00004
G1 X108.007 Y116.36 E0.00002
G1 X108.038 Y116.369 E0.00002
G1 F500.5 X108.069 Y116.378 E0.00002
G1 F501.7 X108.099 Y116.387 E0.00002
G1 X108.13 Y116.397 E0.00002
G1 F502.9 X108.161 Y116.406 E0.00002
G1 F504.1 X108.191 Y116.415 E0.00002
G1 X108.222 Y116.424 E0.00002
G1 F505.3 X108.253 Y116.434 E0.00002
G1 X108.28 Y116.441 E0.00001
G1 X108.333 Y116.453 E0.00003
G1 X108.386 Y116.466 E0.00003
G1 F504.1 X108.44 Y116.479 E0.00003
G1 F502.9 X108.493 Y116.492 E0.00003
G1 X108.547 Y116.505 E0.00003
G1 F501.7 X108.827 Y116.563 E0.00015
G1 X108.983 Y116.588 E0.00008
G1 X109.139 Y116.614 E0.00008
G1 X109.324 Y116.629 E0.0001
G1 X109.509 Y116.645 E0.0001
G1 X109.694 Y116.661 E0.0001
G1 F502.9 X109.743 Y116.662 E0.00003
G1 X109.792 Y116.663 E0.00003
G1 F504.1 X109.841 Y116.664 E0.00003
G1 F505.3 X109.89 Y116.665 E0.00003
G1 X109.939 Y116.666 E0.00003
G1 F506.5 X109.988 Y116.667 E0.00003
G1 X110.01 Y116.668 E0.00001
G1 X110.061 Y116.668 E0.00003
G1 F505.3 X110.112 Y116.667 E0.00003
G1 F504.1 X110.163 Y116.667 E0.00003
G1 F502.9 X110.301 Y116.661 E0.00007
G1 X110.486 Y116.645 E0.0001
G1 X110.671 Y116.629 E0.0001
G1 X110.857 Y116.613 E0.0001
G1 X110.955 Y116.598 E0.00005
G1 X111.054 Y116.582 E0.00005
G1 F504.1 X111.153 Y116.566 E0.00005
G1 X111.241 Y116.547 E0.00005
G1 X111.33 Y116.528 E0.00005
G1 F502.9 X111.419 Y116.509 E0.00005
G1 X111.508 Y116.49 E0.00005
G1 X111.597 Y116.471 E0.00005
G1 X111.653 Y116.459 E0.00003
G1 F505.3 X111.71 Y116.446 E0.00003
G1 X111.741 Y116.437 E0.00002
G1 X111.774 Y116.427 E0.00002
G1 X111.807 Y116.417 E0.00002
G1 F504.1 X111.841 Y116.406 E0.00002
G1 F502.9 X111.874 Y116.396 E0.00002
G1 X111.907 Y116.386 E0.00002
G1 F501.7 X111.941 Y116.375 E0.00002
G1 F500.5 X111.974 Y116.365 E0.00002
G1 X112.008 Y116.354 E0.00002
G1 X112.063 Y116.336 E0.00003
G1 X112.115 Y116.319 E0.00003
G1 F501.7 X112.167 Y116.302 E0.00003
G1 F502.9 X112.219 Y116.285 E0.00003
G1 X112.272 Y116.268 E0.00003
G1 X112.565 Y116.154 E0.00016
G1 X112.597 Y116.139 E0.00002
G1 X112.63 Y116.124 E0.00002
G1 F501.7 X112.663 Y116.109 E0.00002
G1 F500.5 X112.695 Y116.094 E0.00002
G1 X112.728 Y116.079 E0.00002
G1 F499.3 X112.761 Y116.064 E0.00002
G1 F498.1 X112.794 Y116.049 E0.00002
G1 X112.826 Y116.034 E0.00002
G1 X112.866 Y116.015 E0.00002
G1 X112.907 Y115.996 E0.00002
G1 F499.3 X112.948 Y115.977 E0.00002
G1 F500.5 X112.989 Y115.958 E0.00002
G1 X113.03 Y115.939 E0.00002
G1 F501.7 X113.07 Y115.92 E0.00002
G1 X113.242 Y115.82 E0.0001
G1 X113.416 Y115.719 E0.00011
G1 X113.59 Y115.618 E0.00011
G1 F500.5 X113.667 Y115.565 E0.00005
G1 F499.3 X113.745 Y115.512 E0.00005
G1 X113.822 Y115.459 E0.00005
G1 X113.867 Y115.427 E0.00003
G1 X113.912 Y115.394 E0.00003
G1 F500.5 X113.957 Y115.361 E0.00003
G1 F501.7 X114.003 Y115.328 E0.00003
G1 X114.048 Y115.295 E0.00003
G1 F502.9 X114.158 Y115.207 E0.00007
G1 X114.267 Y115.12 E0.00007
G1 X114.375 Y115.034 E0.00007
G1 F504.1 X114.413 Y115 E0.00003
G1 X114.481 Y114.935 E0.00005
G1 X114.55 Y114.869 E0.00005
G1 F502.9 X114.618 Y114.803 E0.00005
G1 X114.687 Y114.737 E0.00005
G1 X114.748 Y114.676 E0.00005
G1 F504.1 X114.809 Y114.616 E0.00004
G1 X114.822 Y114.603 E0.00001
G1 X114.884 Y114.536 E0.00005
G1 F502.9 X114.947 Y114.469 E0.00005
G1 X115.01 Y114.401 E0.00005
G1 F501.7 X115.386 Y113.929 E0.00032
G1 X115.413 Y113.89 E0.00002
G1 F499.3 X115.44 Y113.851 E0.00003
G1 F498.1 X115.62 Y113.584 E0.00017
G1 F499.3 X115.65 Y113.536 E0.00003
G1 F501.7 X115.681 Y113.488 E0.00003
G1 F502.9 X115.76 Y113.348 E0.00008
G1 X115.84 Y113.208 E0.00008
G1 X115.92 Y113.068 E0.00008
G1 X116.155 Y112.564 E0.00029
G1 F504.1 X116.209 Y112.429 E0.00008
G1 X116.263 Y112.294 E0.00008
G1 X116.32 Y112.109 E0.0001
G1 X116.378 Y111.924 E0.0001
G1 X116.436 Y111.738 E0.0001
G1 F502.9 X116.558 Y111.198 E0.00029
G1 X116.614 Y110.853 E0.00018
G1 X116.659 Y110.334 E0.00027
G1 X116.67 Y110.006 E0.00017
G1 X116.66 Y109.695 E0.00016
G1 X116.656 Y109.636 E0.00003
G1 F500.5 X116.651 Y109.577 E0.00003
G1 X116.639 Y109.432 E0.00008
G1 X116.627 Y109.287 E0.00008
G1 F501.7 X116.622 Y109.238 E0.00003
G1 F502.9 X116.617 Y109.188 E0.00003
G1 F504.1 X116.611 Y109.139 E0.00003
G1 X116.608 Y109.115 E0.00001
G1 X116.594 Y109.019 E0.00005
G1 F502.9 X116.579 Y108.923 E0.00005
G1 X116.564 Y108.827 E0.00005
G1 F501.7 X116.546 Y108.744 E0.00004
G1 F500.5 X116.528 Y108.662 E0.00004
G1 X116.51 Y108.58 E0.00004
G1 X116.503 Y108.548 E0.00002
G1 X116.496 Y108.516 E0.00002
G1 F501.7 X116.489 Y108.484 E0.00002
G1 F502.9 X116.482 Y108.452 E0.00002
G1 X116.474 Y108.419 E0.00002
G1 F504.1 X116.467 Y108.387 E0.00002
G1 F505.3 X116.46 Y108.355 E0.00002
G1 X116.453 Y108.323 E0.00002
G1 F506.5 X116.445 Y108.29 E0.00002
G1 X116.438 Y108.259 E0.00002
G1 X116.427 Y108.224 E0.00002
G1 F504.1 X116.416 Y108.189 E0.00002
G1 F501.7 X116.405 Y108.153 E0.00002
G1 X116.378 Y108.068 E0.00005
G1 X116.35 Y107.982 E0.00005
G1 X116.322 Y107.897 E0.00005
G1 F502.9 X116.295 Y107.811 E0.00005
G1 X116.267 Y107.725 E0.00005
G1 X116.164 Y107.457 E0.00015
G1 X116.1 Y107.319 E0.00008
G1 X116.035 Y107.18 E0.00008
G1 X115.971 Y107.041 E0.00008
G1 X115.906 Y106.903 E0.00008
G1 F500.5 X115.858 Y106.816 E0.00005
G1 X115.757 Y106.642 E0.00011
G1 X115.656 Y106.468 E0.00011
G1 X115.565 Y106.334 E0.00009
G1 X115.474 Y106.199 E0.00009
G1 X115.438 Y106.149 E0.00003
G1 X115.402 Y106.098 E0.00003
G1 F501.7 X115.366 Y106.048 E0.00003
G1 F502.9 X115.33 Y105.997 E0.00003
G1 X115.294 Y105.946 E0.00003
G1 F504.1 X115.184 Y105.813 E0.00009
G1 X115.073 Y105.679 E0.00009
G1 X114.962 Y105.545 E0.00009
G1 X114.922 Y105.503 E0.00003
G1 X114.881 Y105.46 E0.00003
G1 F502.9 X114.841 Y105.417 E0.00003
G1 F501.7 X114.8 Y105.374 E0.00003
G1 X114.759 Y105.331 E0.00003
G1 X114.736 Y105.307 E0.00002
G1 F502.9 X114.712 Y105.283 E0.00002
G1 F504.1 X114.688 Y105.259 E0.00002
G1 X114.664 Y105.235 E0.00002
G1 F505.3 X114.64 Y105.211 E0.00002
G1 F506.5 X114.616 Y105.187 E0.00002
G1 X114.602 Y105.174 E0.00001
G1 X114.539 Y105.116 E0.00004
G1 F505.3 X114.476 Y105.058 E0.00004
G1 X114.413 Y104.999 E0.00004
G1 F504.1 X113.949 Y104.626 E0.00031
G1 X113.88 Y104.576 E0.00004
G1 F502.9 X113.801 Y104.523 E0.00005
G1 F501.7 X113.721 Y104.469 E0.00005
G1 X113.642 Y104.416 E0.00005
G1 X113.591 Y104.382 E0.00003
G1 F502.9 X113.539 Y104.348 E0.00003
G1 F504.1 X113.488 Y104.314 E0.00003
G1 X113.466 Y104.301 E0.00001
G1 X113.429 Y104.279 E0.00002
G1 F501.7 X113.392 Y104.257 E0.00002
G1 X113.265 Y104.186 E0.00008
G1 X113.138 Y104.115 E0.00008
G1 F502.9 X113.068 Y104.077 E0.00004
G1 X113.023 Y104.056 E0.00003
G1 F501.7 X112.977 Y104.034 E0.00003
G1 X112.931 Y104.012 E0.00003
G1 F500.5 X112.885 Y103.99 E0.00003
G1 X112.85 Y103.974 E0.00002
G1 X112.815 Y103.958 E0.00002
G1 F501.7 X112.779 Y103.941 E0.00002
G1 X112.744 Y103.925 E0.00002
G1 F502.9 X112.709 Y103.908 E0.00002
G1 F504.1 X112.673 Y103.892 E0.00002
G1 X112.638 Y103.876 E0.00002
G1 F505.3 X112.603 Y103.859 E0.00002
G1 X112.567 Y103.843 E0.00002
G1 X112.275 Y103.729 E0.00016
G1 X112.23 Y103.714 E0.00002
G1 F502.9 X112.184 Y103.699 E0.00003
G1 F501.7 X112.103 Y103.674 E0.00004
G1 F500.5 X112.022 Y103.648 E0.00004
G1 X111.941 Y103.622 E0.00004
G1 X111.9 Y103.609 E0.00002
G1 F501.7 X111.86 Y103.597 E0.00002
G1 X111.82 Y103.585 E0.00002
G1 F502.9 X111.78 Y103.573 E0.00002
G1 F504.1 X111.739 Y103.561 E0.00002
G1 X111.59 Y103.525 E0.00008
G1 X111.44 Y103.489 E0.00008
G1 X111.291 Y103.453 E0.00008
G1 F501.7 X111.237 Y103.444 E0.00003
G1 X111.178 Y103.435 E0.00003
G1 X111.119 Y103.425 E0.00003
G1 F502.9 X111.06 Y103.416 E0.00003
G1 X111.001 Y103.406 E0.00003
G1 F504.1 X110.942 Y103.397 E0.00003
G1 X110.883 Y103.387 E0.00003
G1 X110.688 Y103.37 E0.0001
G1 X110.493 Y103.353 E0.0001
G1 X110.297 Y103.335 E0.0001
G1 F502.9 X110.087 Y103.331 E0.00011
G1 F504.1 X110.005 Y103.331 E0.00004
G1 F505.3 X109.85 Y103.333 E0.00008
G1 X109.695 Y103.336 E0.00008
G1 X109.654 Y103.339 E0.00002
G1 F502.9 X109.613 Y103.342 E0.00002
G1 X109.468 Y103.354 E0.00008
G1 X109.322 Y103.366 E0.00008
G1 X109.175 Y103.378 E0.00008
G1 F504.1 X109.115 Y103.386 E0.00003
G1 X109.06 Y103.394 E0.00003
G1 F502.9 X109.005 Y103.403 E0.00003
G1 X108.95 Y103.411 E0.00003
G1 F501.7 X108.895 Y103.42 E0.00003
G1 X108.843 Y103.429 E0.00003
G1 F502.9 X108.287 Y103.553 E0.0003
G1 X108.201 Y103.58 E0.00005
G1 X108.114 Y103.607 E0.00005
G1 X108.027 Y103.634 E0.00005
G1 F501.7 X107.94 Y103.661 E0.00005
G1 X107.853 Y103.688 E0.00005
G1 X107.766 Y103.715 E0.00005
G1 X107.703 Y103.739 E0.00004
G1 X107.641 Y103.762 E0.00003
G1 F502.9 X107.579 Y103.785 E0.00003
G1 F504.1 X107.517 Y103.809 E0.00003
G1 X107.456 Y103.832 E0.00003
G1 X107.432 Y103.842 E0.00001
G1 X107.395 Y103.858 E0.00002
G1 F501.7 X107.358 Y103.874 E0.00002
G1 F500.5 X107.23 Y103.934 E0.00007
G1 X107.101 Y103.994 E0.00007
G1 X107.067 Y104.01 E0.00002
G1 F501.7 X107.033 Y104.026 E0.00002
G1 F502.9 X106.999 Y104.043 E0.00002
G1 F504.1 X106.965 Y104.059 E0.00002
G1 F505.3 X106.93 Y104.076 E0.00002
G1 X106.903 Y104.091 E0.00002
G1 X106.857 Y104.117 E0.00003
G1 F504.1 X106.811 Y104.143 E0.00003
G1 X106.765 Y104.169 E0.00003
G1 F502.9 X106.719 Y104.195 E0.00003
G1 X106.59 Y104.27 E0.00008
G1 X106.459 Y104.346 E0.00008
G1 F504.1 X106.406 Y104.378 E0.00003
G1 F505.3 X106.381 Y104.395 E0.00002
G1 X106.356 Y104.413 E0.00002
G1 F504.1 X106.33 Y104.431 E0.00002
G1 X106.305 Y104.448 E0.00002
G1 F502.9 X106.279 Y104.466 E0.00002
G1 F501.7 X106.254 Y104.484 E0.00002
G1 X106.228 Y104.502 E0.00002
G1 F500.5 X106.203 Y104.519 E0.00002
G1 X106.177 Y104.537 E0.00002
G1 F499.3 X106.152 Y104.555 E0.00002
G1 X106.127 Y104.573 E0.00002
G1 X106.093 Y104.597 E0.00002
G1 F500.5 X106.064 Y104.618 E0.00002
G1 F501.7 X106.034 Y104.639 E0.00002
G1 X106.005 Y104.66 E0.00002
G1 F502.9 X105.976 Y104.681 E0.00002
G1 F504.1 X105.946 Y104.702 E0.00002
G1 X105.589 Y104.997 E0.00024
G1 X105.564 Y105.02 E0.00002
G1 F502.9 X105.538 Y105.044 E0.00002
G1 F501.7 X105.512 Y105.068 E0.00002
G1 X105.487 Y105.092 E0.00002
G1 F500.5 X105.461 Y105.116 E0.00002
G1 F499.3 X105.435 Y105.14 E0.00002
G1 F496.9 X105.392 Y105.178 E0.00003
G1 F495.8 X105.385 Y105.184 E0
G1 F493.5 X105.377 Y105.19 E0.00001
G1 F491.2 X105.369 Y105.196 E0.00001
G1 F488.9 X105.361 Y105.203 E0.00001
G1 F486.6 X105.353 Y105.209 E0.00001
G1 F484.4 X105.346 Y105.215 E0.00001
G1 F482.2 X105.338 Y105.221 E0.00001
G1 F480 X105.33 Y105.228 E0.00001
G1 F477.8 X105.322 Y105.234 E0.00001
G1 F475.7 X105.314 Y105.24 E0.00001
G1 F473.5 X105.307 Y105.246 E0.00001
G1 F471.4 X105.299 Y105.253 E0.00001
G1 F469.3 X105.291 Y105.259 E0.00001
G1 F467.3 X105.283 Y105.265 E0.00001
G1 F465.2 X105.275 Y105.271 E0.00001
G1 F466.2 X105.265 Y105.282 E0.00001
G1 F468.3 X105.258 Y105.29 E0.00001
G1 F470.4 X105.252 Y105.297 E0.00001
G1 F472.5 X105.245 Y105.305 E0.00001
G1 F475.7 X105.239 Y105.313 E0.00001
G1 F477.8 X105.232 Y105.32 E0.00001
G1 F480 X105.226 Y105.328 E0.00001
G1 F482.2 X105.219 Y105.335 E0.00001
G1 F484.4 X105.213 Y105.343 E0.00001
G1 F487.8 X105.206 Y105.351 E0.00001
G1 F490 X105.2 Y105.358 E0
G1 F492.3 X105.193 Y105.366 E0.00001
G1 F494.6 X105.186 Y105.374 E0.00001
G1 F498.1 X105.172 Y105.392 E0.00001
G1 F501.7 X105.141 Y105.427 E0.00002
G1 F504.1 X105.11 Y105.461 E0.00002
G1 F505.3 X105.079 Y105.495 E0.00002
G1 X105.048 Y105.529 E0.00002
G1 F506.5 X105.017 Y105.563 E0.00002
G1 F507.7 X104.986 Y105.597 E0.00002
G1 X104.97 Y105.615 E0.00001
G1 X104.954 Y105.636 E0.00001
G1 X104.937 Y105.657 E0.00001
G1 F506.5 X104.92 Y105.678 E0.00001
G1 F505.3 X104.903 Y105.699 E0.00001
G1 X104.886 Y105.72 E0.00001
G1 F504.1 X104.869 Y105.741 E0.00001
G1 F502.9 X104.852 Y105.762 E0.00001
G1 X104.835 Y105.783 E0.00001
G1 F501.7 X104.818 Y105.804 E0.00001
G1 F500.5 X104.801 Y105.825 E0.00001
G1 X104.784 Y105.846 E0.00001
G1 X104.763 Y105.873 E0.00002
G1 F501.7 X104.741 Y105.901 E0.00002
G1 X104.719 Y105.93 E0.00002
G1 F502.9 X104.697 Y105.958 E0.00002
G1 F504.1 X104.674 Y105.986 E0.00002
G1 X104.652 Y106.015 E0.00002
G1 F505.3 X104.63 Y106.043 E0.00002
G1 X104.615 Y106.063 E0.00001
G1 X104.587 Y106.104 E0.00003
G1 F504.1 X104.559 Y106.145 E0.00003
G1 F502.9 X104.531 Y106.186 E0.00003
G1 F501.7 X104.502 Y106.228 E0.00003
G1 X104.455 Y106.297 E0.00004
G1 X104.408 Y106.367 E0.00004
G1 F502.9 X104.361 Y106.437 E0.00004
G1 X104.314 Y106.507 E0.00004
G1 X104.14 Y106.812 E0.00018
G1 F504.1 X104.077 Y106.929 E0.00007
G1 X104.057 Y106.971 E0.00002
G1 F502.9 X104.037 Y107.013 E0.00002
G1 F501.7 X104.016 Y107.056 E0.00003
G1 F500.5 X103.996 Y107.098 E0.00002
G1 X103.97 Y107.154 E0.00003
G1 X103.944 Y107.21 E0.00003
G1 F501.7 X103.918 Y107.267 E0.00003
G1 X103.892 Y107.323 E0.00003
G1 F502.9 X103.866 Y107.379 E0.00003
G1 X103.84 Y107.436 E0.00003
G1 X103.725 Y107.734 E0.00017
G1 X103.702 Y107.806 E0.00004
G1 X103.679 Y107.878 E0.00004
G1 F501.7 X103.655 Y107.95 E0.00004
G1 X103.632 Y108.023 E0.00004
G1 X103.618 Y108.068 E0.00002
G1 F502.9 X103.604 Y108.113 E0.00002
G1 X103.59 Y108.158 E0.00002
G1 F504.1 X103.576 Y108.203 E0.00002
G1 F505.3 X103.562 Y108.248 E0.00002
G1 X103.555 Y108.274 E0.00001
G1 X103.543 Y108.325 E0.00003
G1 F504.1 X103.53 Y108.376 E0.00003
G1 F502.9 X103.518 Y108.428 E0.00003
G1 X103.488 Y108.559 E0.00007
G1 X103.458 Y108.69 E0.00007
G0 F24000 X103.502 Y108.496
G1 F60 E-0.001
G1 F18000 Z3.2
G0 F24000 X109.998 Y106.95 Z3.2
G1 F18000 Z1.6
G1 F60 E0.001
G1 F1353.9 X109.998 Y105.75 Z1.2 E0.000674
G1 F902.6
G1 X109.998 Y105.184 E0.00052
G1 F891.1 X109.997 Y105.175 E0
G1 F862 X109.995 Y105.165 E0
G1 F838.1 X109.993 Y105.155 E0
G1 F815.4 X109.991 Y105.145 E0
G1 F791 X109.989 Y105.135 E0
G1 F770.8 X109.988 Y105.125 E0
G1 F751.6 X109.986 Y105.116 E0
G1 F730.8 X109.984 Y105.106 E0
G1 F713.5 X109.982 Y105.096 E0
G1 F697 X109.98 Y105.086 E0
G1 F679.1 X109.979 Y105.076 E0
G1 F664.2 X109.977 Y105.066 E0
G1 F649.8 X109.975 Y105.057 E0
G1 F634.2 X109.973 Y105.047 E0
G1 F621.2 X109.971 Y105.037 E0
G1 F608.6 X109.969 Y105.027 E0
G1 F594.9 X109.968 Y105.017 E0
G1 F583.4 X109.966 Y105.007 E0
G1 F572.4 X109.964 Y104.998 E0
G1 F560.2 X109.962 Y104.988 E0
G1 F550 X109.96 Y104.978 E0
G1 F540.2 X109.959 Y104.968 E0
G1 F529.3 X109.957 Y104.958 E0.00001
G1 F520.2 X109.955 Y104.948 E0.00001
G1 F511.4 X109.953 Y104.939 E0
G1 F501.7 X109.951 Y104.929 E0.00001
G1 F493.5 X109.949 Y104.919 E0.00001
G1 F485.5 X109.948 Y104.909 E0.00001
G1 F476.7 X109.946 Y104.899 E0.00001
G1 F469.3 X109.944 Y104.889 E0.00001
G1 F466.2 X109.934 Y104.885 E0.00001
G1 F468.3 X109.924 Y104.883 E0.00001
G1 F470.4 X109.914 Y104.881 E0.00001
G1 F472.5 X109.904 Y104.879 E0.00001
G1 F474.6 X109.894 Y104.877 E0.00001
G1 F476.7 X109.885 Y104.875 E0.00001
G1 F478.9 X109.875 Y104.873 E0.00001
G1 F481.1 X109.865 Y104.872 E0.00001
G1 F483.3 X109.855 Y104.87 E0.00001
G1 F485.5 X109.845 Y104.868 E0.00001
G1 F487.8 X109.835 Y104.866 E0.00001
G1 F490 X109.826 Y104.864 E0
G1 F492.3 X109.816 Y104.862 E0.00001
G1 F494.6 X109.806 Y104.86 E0.00001
G1 F496.9 X109.796 Y104.858 E0.00001
G1 F499.3 X109.786 Y104.857 E0.00001
G1 F501.7 X109.776 Y104.855 E0.00001
G1 F504.1 X109.577 Y104.871 E0.0001
G1 X109.378 Y104.888 E0.0001
G1 F502.9 X109.318 Y104.895 E0.00003
G1 F501.7 X109.247 Y104.905 E0.00004
G1 X109.176 Y104.915 E0.00004
G1 F502.9 X109.104 Y104.925 E0.00004
G1 F504.1 X109.05 Y104.934 E0.00003
G1 F506.5 X109.017 Y104.941 E0.00002
G1 X108.984 Y104.949 E0.00002
G1 F505.3 X108.95 Y104.957 E0.00002
G1 X108.916 Y104.965 E0.00002
G1 F504.1 X108.882 Y104.973 E0.00002
G1 F502.9 X108.848 Y104.981 E0.00002
G1 X108.814 Y104.989 E0.00002
G1 F501.7 X108.78 Y104.997 E0.00002
G1 X108.724 Y105.011 E0.00003
G1 F502.9 X108.668 Y105.025 E0.00003
G1 F504.1 X108.612 Y105.04 E0.00003
G1 X108.453 Y105.093 E0.00009
G1 X108.294 Y105.146 E0.00009
G1 X108.134 Y105.199 E0.00009
G1 F502.9 X107.676 Y105.403 E0.00026
G1 X107.627 Y105.428 E0.00003
G1 X107.587 Y105.45 E0.00002
G1 X107.547 Y105.472 E0.00002
G1 F504.1 X107.507 Y105.495 E0.00002
G1 X107.466 Y105.517 E0.00002
G1 F505.3 X107.426 Y105.539 E0.00002
G1 F506.5 X107.386 Y105.562 E0.00002
G1 X107.346 Y105.584 E0.00002
G1 X107.324 Y105.596 E0.00001
G1 F504.1 X107.257 Y105.638 E0.00004
G1 X107.216 Y105.665 E0.00003
G1 F505.3 X107.174 Y105.693 E0.00003
G1 X107.133 Y105.72 E0.00003
G1 F506.5 X107.091 Y105.748 E0.00003
G1 F507.7 X107.049 Y105.776 E0.00003
G1 X106.978 Y105.831 E0.00005
G1 X106.907 Y105.886 E0.00005
G1 F506.5 X106.836 Y105.941 E0.00005
G1 X106.765 Y105.996 E0.00005
G1 X106.694 Y106.051 E0.00005
G1 F505.3 X106.362 Y106.352 E0.00023
G1 X106.052 Y106.69 E0.00024
G1 F506.5 X105.997 Y106.76 E0.00005
G1 X105.941 Y106.831 E0.00005
G1 F507.7 X105.886 Y106.902 E0.00005
G1 X105.83 Y106.973 E0.00005
G1 X105.784 Y107.041 E0.00004
G1 X105.737 Y107.111 E0.00004
G1 F506.5 X105.69 Y107.181 E0.00004
G1 X105.643 Y107.251 E0.00004
G1 F505.3 X105.602 Y107.322 E0.00004
G1 X105.561 Y107.393 E0.00004
G1 F504.1 X105.52 Y107.464 E0.00004
G1 X105.479 Y107.535 E0.00004
G1 X105.437 Y107.606 E0.00004
G1 X105.414 Y107.652 E0.00003
G1 F505.3 X105.334 Y107.834 E0.0001
G1 X105.254 Y108.016 E0.0001
G1 X105.174 Y108.199 E0.0001
G1 X104.997 Y108.767 E0.00031
G1 F504.1 X104.978 Y108.852 E0.00005
G1 F502.9 X104.965 Y108.924 E0.00004
G1 F501.7 X104.951 Y108.997 E0.00004
G1 X104.937 Y109.069 E0.00004
G1 X104.932 Y109.103 E0.00002
G1 F502.9 X104.926 Y109.138 E0.00002
G1 X104.92 Y109.172 E0.00002
G1 F504.1 X104.914 Y109.207 E0.00002
G1 F505.3 X104.909 Y109.241 E0.00002
G1 X104.903 Y109.276 E0.00002
G1 F506.5 X104.897 Y109.31 E0.00002
G1 F507.7 X104.892 Y109.34 E0.00002
G1 X104.889 Y109.377 E0.00002
G1 F506.5 X104.885 Y109.415 E0.00002
G1 F505.3 X104.882 Y109.453 E0.00002
G1 F504.1 X104.878 Y109.491 E0.00002
G1 F502.9 X104.874 Y109.529 E0.00002
G1 X104.868 Y109.609 E0.00004
G1 X104.862 Y109.69 E0.00004
G1 F504.1 X104.856 Y109.771 E0.00004
G1 X104.852 Y109.861 E0.00005
G1 X104.852 Y109.968 E0.00006
G1 X104.851 Y110.075 E0.00006
G1 X104.867 Y110.443 E0.00019
G1 X104.934 Y110.937 E0.00026
G1 X104.968 Y111.084 E0.00008
G1 X105.003 Y111.231 E0.00008
G1 X105.038 Y111.378 E0.00008
G1 F502.9 X105.086 Y111.538 E0.00009
G1 X105.116 Y111.638 E0.00005
G1 X105.196 Y111.866 E0.00013
G1 F504.1 X105.231 Y111.944 E0.00004
G1 X105.266 Y112.022 E0.00004
G1 X105.302 Y112.101 E0.00005
G1 F505.3 X105.337 Y112.179 E0.00004
G1 X105.372 Y112.257 E0.00004
G1 X105.383 Y112.279 E0.00001
G1 X105.4 Y112.312 E0.00002
G1 F502.9 X105.417 Y112.346 E0.00002
G1 F500.5 X105.435 Y112.379 E0.00002
G1 X105.457 Y112.419 E0.00002
G1 X105.479 Y112.459 E0.00002
G1 F501.7 X105.502 Y112.499 E0.00002
G1 X105.524 Y112.539 E0.00002
G1 F502.9 X105.547 Y112.579 E0.00002
G1 F504.1 X105.569 Y112.619 E0.00002
G1 X105.591 Y112.659 E0.00002
G1 X105.605 Y112.683 E0.00001
G1 F501.7 X105.639 Y112.736 E0.00003
G1 X105.664 Y112.774 E0.00002
G1 X105.69 Y112.812 E0.00002
G1 F502.9 X105.715 Y112.85 E0.00002
G1 X105.741 Y112.888 E0.00002
G1 F504.1 X105.767 Y112.926 E0.00002
G1 X105.792 Y112.964 E0.00002
G1 F505.3 X105.818 Y113.003 E0.00002
G1 X105.844 Y113.041 E0.00002
G1 F506.5 X105.939 Y113.159 E0.00008
G1 X106.037 Y113.281 E0.00008
G1 X106.135 Y113.403 E0.00008
G1 X106.16 Y113.43 E0.00002
G1 F504.1 X106.184 Y113.457 E0.00002
G1 X106.211 Y113.486 E0.00002
G1 F505.3 X106.238 Y113.515 E0.00002
G1 F506.5 X106.266 Y113.544 E0.00002
G1 X106.293 Y113.573 E0.00002
G1 F507.7 X106.321 Y113.602 E0.00002
G1 F508.9 X106.348 Y113.631 E0.00002
G1 X106.368 Y113.652 E0.00002
G1 F507.7 X106.394 Y113.676 E0.00002
G1 F506.5 X106.42 Y113.7 E0.00002
G1 F505.3 X106.447 Y113.725 E0.00002
G1 X106.473 Y113.749 E0.00002
G1 F504.1 X106.5 Y113.774 E0.00002
G1 F502.9 X106.526 Y113.798 E0.00002
G1 X106.565 Y113.833 E0.00003
G1 F504.1 X106.605 Y113.868 E0.00003
G1 X106.644 Y113.903 E0.00003
G1 F505.3 X106.684 Y113.938 E0.00003
G1 X106.948 Y114.147 E0.00018
G1 X107.072 Y114.23 E0.00008
G1 X107.196 Y114.314 E0.00008
G1 X107.321 Y114.398 E0.00008
G1 X107.456 Y114.472 E0.00008
G1 X107.592 Y114.546 E0.00008
G1 X107.728 Y114.62 E0.00008
G1 X107.797 Y114.652 E0.00004
G1 X107.867 Y114.684 E0.00004
G1 F504.1 X107.937 Y114.716 E0.00004
G1 X108.007 Y114.748 E0.00004
G1 X108.088 Y114.778 E0.00005
G1 X108.169 Y114.809 E0.00005
G1 F505.3 X108.251 Y114.84 E0.00005
G1 X108.332 Y114.871 E0.00005
G1 F506.5 X108.505 Y114.924 E0.00009
G1 X108.679 Y114.977 E0.00009
G1 X108.714 Y114.985 E0.00002
G1 F505.3 X108.75 Y114.993 E0.00002
G1 F504.1 X108.786 Y115.002 E0.00002
G1 F502.9 X108.822 Y115.01 E0.00002
G1 F501.7 X108.858 Y115.019 E0.00002
G1 X108.983 Y115.045 E0.00007
G1 X109.109 Y115.071 E0.00007
G1 F502.9 X109.178 Y115.081 E0.00004
G1 X109.247 Y115.091 E0.00004
G1 F504.1 X109.317 Y115.102 E0.00004
G1 X109.677 Y115.137 E0.00019
G1 X109.769 Y115.141 E0.00005
G1 F502.9 X109.861 Y115.145 E0.00005
G1 X109.904 Y115.145 E0.00002
G1 F504.1 X109.948 Y115.146 E0.00002
G1 F505.3 X109.992 Y115.147 E0.00002
G1 F506.5 X110.036 Y115.148 E0.00002
G1 X110.063 Y115.148 E0.00001
G1 X110.114 Y115.147 E0.00003
G1 F505.3 X110.165 Y115.145 E0.00003
G1 F504.1 X110.216 Y115.144 E0.00003
G1 X110.345 Y115.135 E0.00007
G1 X110.4 Y115.13 E0.00003
G1 X110.456 Y115.125 E0.00003
G1 F502.9 X110.512 Y115.12 E0.00003
G1 X110.568 Y115.115 E0.00003
G1 F501.7 X110.624 Y115.11 E0.00003
G1 X110.68 Y115.105 E0.00003
G1 X110.783 Y115.087 E0.00005
G1 X110.885 Y115.07 E0.00005
G1 F502.9 X110.94 Y115.06 E0.00003
G1 F504.1 X110.995 Y115.049 E0.00003
G1 X111.05 Y115.039 E0.00003
G1 F505.3 X111.105 Y115.028 E0.00003
G1 X111.259 Y114.987 E0.00008
G1 X111.414 Y114.946 E0.00008
G1 X111.569 Y114.904 E0.00008
G1 F504.1 X111.628 Y114.882 E0.00003
G1 X111.688 Y114.86 E0.00003
G1 F502.9 X111.748 Y114.838 E0.00003
G1 F501.7 X111.808 Y114.816 E0.00003
G1 X111.868 Y114.794 E0.00003
G1 X111.936 Y114.767 E0.00004
G1 F502.9 X112.005 Y114.74 E0.00004
G1 X112.071 Y114.712 E0.00004
G1 F504.1 X112.143 Y114.679 E0.00004
G1 X112.216 Y114.645 E0.00004
G1 F505.3 X112.288 Y114.611 E0.00004
G1 F506.5 X112.418 Y114.54 E0.00008
G1 X112.549 Y114.469 E0.00008
G1 X112.68 Y114.397 E0.00008
G1 F505.3 X112.739 Y114.359 E0.00004
G1 F504.1 X113.057 Y114.141 E0.0002
G1 F505.3 X113.164 Y114.056 E0.00007
G1 X113.271 Y113.971 E0.00007
G1 X113.378 Y113.885 E0.00007
G1 X113.606 Y113.672 E0.00016
G1 X113.638 Y113.64 E0.00002
G1 F504.1 X113.67 Y113.607 E0.00002
G1 X113.702 Y113.574 E0.00002
G1 F502.9 X113.734 Y113.541 E0.00002
G1 F501.7 X113.766 Y113.508 E0.00002
G1 X113.798 Y113.475 E0.00002
G1 X113.829 Y113.44 E0.00002
G1 F504.1 X113.862 Y113.403 E0.00003
G1 F505.3 X113.882 Y113.382 E0.00002
G1 X113.912 Y113.345 E0.00002
G1 F504.1 X113.942 Y113.308 E0.00002
G1 X113.972 Y113.27 E0.00003
G1 F502.9 X114.002 Y113.233 E0.00002
G1 F501.7 X114.033 Y113.196 E0.00003
G1 X114.063 Y113.158 E0.00003
G1 X114.088 Y113.126 E0.00002
G1 F502.9 X114.113 Y113.094 E0.00002
G1 F505.3 X114.138 Y113.062 E0.00002
G1 F506.5 X114.228 Y112.928 E0.00008
G1 X114.318 Y112.793 E0.00008
G1 X114.408 Y112.658 E0.00008
G1 X114.427 Y112.624 E0.00002
G1 X114.445 Y112.591 E0.00002
G1 F505.3 X114.464 Y112.558 E0.00002
G1 F504.1 X114.482 Y112.525 E0.00002
G1 X114.501 Y112.492 E0.00002
G1 F502.9 X114.519 Y112.458 E0.00002
G1 F501.7 X114.538 Y112.425 E0.00002
G1 X114.556 Y112.392 E0.00002
G1 X114.582 Y112.343 E0.00003
G1 F504.1 X114.609 Y112.29 E0.00003
G1 X114.798 Y111.865 E0.00024
G1 F505.3 X114.856 Y111.689 E0.0001
G1 X114.915 Y111.512 E0.0001
G1 X114.973 Y111.335 E0.0001
G1 X114.985 Y111.286 E0.00003
G1 F504.1 X114.997 Y111.237 E0.00003
G1 F502.9 X115.008 Y111.188 E0.00003
G1 F501.7 X115.02 Y111.139 E0.00003
G1 X115.033 Y111.079 E0.00003
G1 F502.9 X115.047 Y111.018 E0.00003
G1 X115.063 Y110.928 E0.00005
G1 X115.071 Y110.87 E0.00003
G1 X115.08 Y110.812 E0.00003
G1 F504.1 X115.089 Y110.753 E0.00003
G1 X115.098 Y110.695 E0.00003
G1 F505.3 X115.107 Y110.637 E0.00003
G1 X115.116 Y110.578 E0.00003
G1 X115.121 Y110.543 E0.00002
G1 X115.123 Y110.509 E0.00002
G1 F502.9 X115.126 Y110.475 E0.00002
G1 X115.136 Y110.301 E0.00009
G1 X115.146 Y110.127 E0.00009
G1 F504.1 X115.146 Y109.952 E0.00009
G1 X115.145 Y109.777 E0.00009
G1 X115.134 Y109.639 E0.00007
G1 X115.122 Y109.5 E0.00007
G1 X115.11 Y109.362 E0.00007
G1 X115.076 Y109.174 E0.0001
G1 X115.042 Y108.985 E0.0001
G1 X115.008 Y108.796 E0.0001
G1 X114.968 Y108.658 E0.00008
G1 X114.928 Y108.52 E0.00008
G1 X114.888 Y108.382 E0.00008
G1 X114.841 Y108.254 E0.00007
G1 X114.793 Y108.126 E0.00007
G1 X114.746 Y107.997 E0.00007
G1 X114.586 Y107.658 E0.0002
G1 X114.51 Y107.525 E0.00008
G1 X114.433 Y107.391 E0.00008
G1 X114.356 Y107.257 E0.00008
G1 F505.3 X114.324 Y107.205 E0.00003
G1 F507.7 X114.309 Y107.178 E0.00002
G1 X114.251 Y107.097 E0.00005
G1 X114.193 Y107.016 E0.00005
G1 F506.5 X114.135 Y106.934 E0.00005
G1 X114.077 Y106.853 E0.00005
G1 F505.3 X114.024 Y106.791 E0.00004
G1 F504.1 X113.97 Y106.727 E0.00004
G1 X113.915 Y106.663 E0.00004
G1 F502.9 X113.808 Y106.539 E0.00009
G1 X113.787 Y106.516 E0.00002
G1 F504.1 X113.765 Y106.492 E0.00002
G1 F505.3 X113.744 Y106.468 E0.00002
G1 X113.722 Y106.445 E0.00002
G1 F506.5 X113.701 Y106.421 E0.00002
G1 F507.7 X113.679 Y106.397 E0.00002
G1 F508.9 X113.658 Y106.374 E0.00002
G1 X113.631 Y106.348 E0.00002
G1 F507.7 X113.605 Y106.324 E0.00002
G1 F506.5 X113.579 Y106.299 E0.00002
G1 F505.3 X113.552 Y106.275 E0.00002
G1 X113.526 Y106.25 E0.00002
G1 F504.1 X113.5 Y106.226 E0.00002
G1 F502.9 X113.473 Y106.201 E0.00002
G1 X113.435 Y106.168 E0.00003
G1 F504.1 X113.397 Y106.134 E0.00003
G1 X113.359 Y106.1 E0.00003
G1 F505.3 X113.321 Y106.066 E0.00003
G1 X113.304 Y106.054 E0.00001
G1 F504.1 X113.255 Y106.014 E0.00003
G1 F502.9 X113.205 Y105.974 E0.00003
G1 F501.7 X113.155 Y105.934 E0.00003
G1 X113.132 Y105.916 E0.00002
G1 F502.9 X113.11 Y105.899 E0.00001
G1 F504.1 X113.088 Y105.882 E0.00001
G1 F505.3 X113.066 Y105.865 E0.00001
G1 X113.044 Y105.848 E0.00001
G1 F506.5 X113.022 Y105.831 E0.00001
G1 F507.7 X112.999 Y105.814 E0.00001
G1 F508.9 X112.977 Y105.797 E0.00001
G1 X112.955 Y105.781 E0.00001
G1 X112.921 Y105.759 E0.00002
G1 F507.7 X112.887 Y105.736 E0.00002
G1 F506.5 X112.853 Y105.713 E0.00002
G1 X112.819 Y105.691 E0.00002
G1 F505.3 X112.784 Y105.668 E0.00002
G1 X112.737 Y105.636 E0.00003
G1 F506.5 X112.719 Y105.626 E0.00001
G1 F505.3 X112.662 Y105.593 E0.00003
G1 F504.1 X112.604 Y105.56 E0.00003
G1 X112.546 Y105.526 E0.00004
G1 F502.9 X112.488 Y105.493 E0.00003
G1 F501.7 X112.477 Y105.487 E0.00001
G1 F500.5 X112.404 Y105.447 E0.00004
G1 X112.371 Y105.43 E0.00002
G1 F501.7 X112.337 Y105.413 E0.00002
G1 F502.9 X112.303 Y105.396 E0.00002
G1 X112.269 Y105.379 E0.00002
G1 F504.1 X112.235 Y105.362 E0.00002
G1 F505.3 X112.201 Y105.345 E0.00002
G1 F506.5 X112.021 Y105.268 E0.0001
G1 X111.842 Y105.191 E0.0001
G1 X111.817 Y105.183 E0.00001
G1 X111.791 Y105.174 E0.00001
G1 F505.3 X111.766 Y105.166 E0.00001
G1 F504.1 X111.74 Y105.157 E0.00001
G1 X111.715 Y105.148 E0.00001
G1 F502.9 X111.689 Y105.14 E0.00001
G1 F501.7 X111.664 Y105.131 E0.00001
G1 X111.638 Y105.122 E0.00001
G1 F500.5 X111.612 Y105.114 E0.00001
G1 F499.3 X111.587 Y105.105 E0.00001
G1 X111.561 Y105.096 E0.00001
G1 X111.521 Y105.084 E0.00002
G1 F500.5 X111.484 Y105.072 E0.00002
G1 F501.7 X111.447 Y105.061 E0.00002
G1 F502.9 X111.41 Y105.049 E0.00002
G1 F504.1 X111.373 Y105.038 E0.00002
G1 X111.351 Y105.032 E0.00001
G1 X111.281 Y105.015 E0.00004
G1 F502.9 X111.21 Y104.997 E0.00004
G1 X111.139 Y104.979 E0.00004
G1 X111.083 Y104.965 E0.00003
G1 F505.3 X111.027 Y104.951 E0.00003
G1 F506.5 X110.882 Y104.929 E0.00008
G1 X110.737 Y104.906 E0.00008
G1 X110.592 Y104.883 E0.00008
G1 X110.425 Y104.869 E0.00009
G1 X110.258 Y104.855 E0.00009
G1 F504.1 X110.226 Y104.855 E0.00002
G1 F501.7 X110.194 Y104.855 E0.00002
G1 F499.3 X110.176 Y104.856 E0.00001
G1 F495.8 X110.157 Y104.858 E0.00001
G1 F492.3 X110.147 Y104.86 E0.00001
G1 F490 X110.136 Y104.863 E0.00001
G1 F486.6 X110.126 Y104.866 E0.00001
G1 F483.3 X110.115 Y104.869 E0.00001
G1 F481.1 X110.105 Y104.872 E0.00001
G1 F477.8 X110.094 Y104.875 E0.00001
G1 F475.7 X110.083 Y104.877 E0.00001
G1 F472.5 X110.073 Y104.88 E0.00001
G1 F469.3 X110.062 Y104.883 E0.00001
G1 F467.3 X110.052 Y104.886 E0.00001
G1 F469.3 X110.052 Y104.895 E0.00001
G1 F476.7 X110.05 Y104.905 E0.00001
G1 F485.5 X110.048 Y104.915 E0.00001
G1 F493.5 X110.046 Y104.925 E0.00001
G1 F501.7 X110.044 Y104.935 E0.00001
G1 F511.4 X110.043 Y104.945 E0.00001
G1 F520.2 X110.041 Y104.954 E0
G1 F529.3 X110.039 Y104.964 E0.00001
G1 F540.2 X110.037 Y104.974 E0
G1 F550 X110.035 Y104.984 E0
G1 F560.2 X110.034 Y104.994 E0
G1 F572.4 X110.032 Y105.004 E0
G1 F583.4 X110.03 Y105.013 E0
G1 F594.9 X110.028 Y105.023 E0
G1 F608.6 X110.026 Y105.033 E0
G1 F621.2 X110.024 Y105.043 E0
G1 F634.2 X110.023 Y105.053 E0
G1 F649.8 X110.021 Y105.063 E0
G1 F664.2 X110.019 Y105.072 E0
G1 F679.1 X110.017 Y105.082 E0
G1 F697 X110.015 Y105.092 E0
G1 F713.5 X110.014 Y105.102 E0
G1 F730.8 X110.012 Y105.112 E0
G1 F751.6 X110.01 Y105.122 E0
G1 F770.8 X110.008 Y105.131 E0
G1 F791 X110.006 Y105.141 E0
G1 F815.4 X110.004 Y105.151 E0
G1 F838.1 X110.003 Y105.161 E0
G1 F862 X110.001 Y105.171 E0
G1 F891.1 X109.999 Y105.181 E0
G1 F902.6 X109.998 Y106.95 E0.00052
G0 F24000 X109.998 Y106.75
G1 F60 E-0.001
G1 F18000 Z3.2
G0 F24000 X104.802 Y108.819 Z3.2
G1 F18000 Z1.6
G1 F60 E0.001
G1 F756.15 X104.815 Y108.769 Z1.582779 E0.00003
G1 F757.95 X104.828 Y108.718 Z1.565236 E0.00003
G1 X104.84 Y108.675 Z1.550355 E0.00002
G1 X104.852 Y108.632 Z1.535474 E0.00002
G1 F756.15 X104.864 Y108.589 Z1.520593 E0.00002
G1 X104.877 Y108.545 Z1.505299 E0.00002
G1 F754.35 X104.889 Y108.502 Z1.490418 E0.00002
G1 X104.901 Y108.459 Z1.475537 E0.00002
G1 F752.55 X104.914 Y108.416 Z1.460563 E0.00002
G1 X104.926 Y108.372 Z1.445361 E0.00002
G1 X104.94 Y108.332 Z1.431234 E0.00002
G1 F754.35 X104.954 Y108.293 Z1.417422 E0.00002
G1 X104.967 Y108.254 Z1.403719 E0.00002
G1 F756.15 X104.981 Y108.215 Z1.389907 E0.00002
G1 F757.95 X104.994 Y108.177 Z1.376519 E0.00002
G1 X105.01 Y108.133 Z1.360913 E0.00002
G1 X105.02 Y108.105 Z1.351002 E0.00002
G1 F756.15 X105.031 Y108.077 Z1.340975 E0.00002
G1 F754.35 X105.042 Y108.049 Z1.330947 E0.00002
G1 F752.55 X105.053 Y108.021 Z1.320919 E0.00002
G1 X105.064 Y107.993 Z1.310891 E0.00002
G1 F750.75 X105.074 Y107.965 Z1.300981 E0.00002
G1 F748.95 X105.085 Y107.937 Z1.290953 E0.00002
G1 X105.102 Y107.901 Z1.277682 E0.00002
G1 X105.118 Y107.866 Z1.264854 E0.00002
G1 F750.75 X105.134 Y107.83 Z1.251722 E0.00002
G1 X105.151 Y107.795 Z1.238752 E0.00002
G1 F752.55 X105.167 Y107.759 Z1.225621 E0.00002
G1 X105.183 Y107.724 Z1.212793 E0.00002
G1 F754.35 X105.199388 Y107.689297 Z1.2 E0.00002
G1 F504.1
G1 X105.2 Y107.688 E0.00002
G1 X105.216 Y107.653 E0.00002
G1 F504.1 X105.232 Y107.618 E0.00002
G1 X105.249 Y107.582 E0.00002
G1 F505.3 X105.33 Y107.44 E0.00009
G1 X105.41 Y107.301 E0.00008
G1 X105.49 Y107.162 E0.00008
G1 X105.518 Y107.116 E0.00003
G1 X105.551 Y107.068 E0.00003
G1 X105.585 Y107.02 E0.00003
G1 F506.5 X105.619 Y106.972 E0.00003
G1 F507.7 X105.653 Y106.923 E0.00003
G1 X105.686 Y106.875 E0.00003
G1 X105.705 Y106.847 E0.00002
G1 F506.5 X105.733 Y106.809 E0.00002
G1 F504.1 X105.761 Y106.77 E0.00003
G1 F502.9 X105.789 Y106.731 E0.00003
G1 X105.817 Y106.697 E0.00002
G1 F504.1 X105.844 Y106.664 E0.00002
G1 F505.3 X105.872 Y106.631 E0.00002
G1 F506.5 X105.899 Y106.598 E0.00002
G1 F505.3 X105.907 Y106.586 E0.00001
G1 X105.92 Y106.574 E0.00001
G1 X105.944 Y106.545 E0.00002
G1 F504.1 X105.969 Y106.516 E0.00002
G1 F502.9 X105.994 Y106.487 E0.00002
G1 X106.018 Y106.458 E0.00002
G1 F501.7 X106.043 Y106.429 E0.00002
G1 F500.5 X106.068 Y106.4 E0.00002
G1 X106.091 Y106.376 E0.00002
G1 F501.7 X106.115 Y106.352 E0.00002
G1 F502.9 X106.139 Y106.328 E0.00002
G1 X106.163 Y106.303 E0.00002
G1 F504.1 X106.187 Y106.279 E0.00002
G1 F505.3 X106.211 Y106.255 E0.00002
G1 X106.241 Y106.225 E0.00002
G1 X106.269 Y106.197 E0.00002
G1 F504.1 X106.298 Y106.169 E0.00002
G1 F502.9 X106.326 Y106.141 E0.00002
G1 X106.355 Y106.113 E0.00002
G1 F501.7 X106.383 Y106.085 E0.00002
G1 F500.5 X106.412 Y106.057 E0.00002
G1 X106.441 Y106.033 E0.00002
G1 F501.7 X106.47 Y106.009 E0.00002
G1 F502.9 X106.499 Y105.984 E0.00002
G1 F504.1 X106.528 Y105.96 E0.00002
G1 F505.3 X106.558 Y105.935 E0.00002
G1 X106.582 Y105.915 E0.00002
G1 X106.63 Y105.876 E0.00003
G1 F504.1 X106.678 Y105.837 E0.00003
G1 X106.726 Y105.798 E0.00003
G1 F502.9 X106.774 Y105.758 E0.00003
G1 X106.81 Y105.732 E0.00002
G1 F504.1 X106.847 Y105.706 E0.00002
G1 F505.3 X106.883 Y105.679 E0.00002
G1 F506.5 X106.92 Y105.653 E0.00002
G1 F507.7 X106.951 Y105.631 E0.00002
G1 X106.992 Y105.603 E0.00003
G1 F506.5 X107.033 Y105.575 E0.00003
G1 F505.3 X107.075 Y105.547 E0.00003
G1 X107.116 Y105.519 E0.00003
G1 F504.1 X107.158 Y105.49 E0.00003
G1 F502.9 X107.161 Y105.487 E0
G1 F504.1 X107.232 Y105.445 E0.00004
G1 F506.5 X107.26 Y105.429 E0.00002
G1 X107.299 Y105.407 E0.00002
G1 X107.339 Y105.384 E0.00002
G1 F505.3 X107.379 Y105.361 E0.00002
G1 F504.1 X107.419 Y105.338 E0.00002
G1 X107.459 Y105.316 E0.00002
G1 F502.9 X107.499 Y105.293 E0.00002
G1 X107.539 Y105.27 E0.00002
G1 X107.602 Y105.24 E0.00004
G1 X107.651 Y105.217 E0.00003
G1 X107.701 Y105.194 E0.00003
G1 F501.7 X107.751 Y105.17 E0.00003
G1 F500.5 X107.801 Y105.147 E0.00003
G1 X107.851 Y105.123 E0.00003
G1 X107.913 Y105.097 E0.00004
G1 F501.7 X107.973 Y105.072 E0.00003
G1 F502.9 X108.033 Y105.047 E0.00003
G1 X108.076 Y105.029 E0.00002
G1 X108.12 Y105.014 E0.00002
G1 X108.164 Y104.998 E0.00002
G1 F501.7 X108.208 Y104.982 E0.00002
G1 F500.5 X108.253 Y104.967 E0.00002
G1 X108.297 Y104.951 E0.00002
G1 F499.3 X108.341 Y104.935 E0.00002
G1 X108.386 Y104.92 E0.00003
G1 X108.425 Y104.908 E0.00002
G1 F500.5 X108.462 Y104.897 E0.00002
G1 F501.7 X108.498 Y104.887 E0.00002
G1 F502.9 X108.535 Y104.876 E0.00002
G1 F504.1 X108.568 Y104.867 E0.00002
G1 X108.624 Y104.852 E0.00003
G1 F502.9 X108.68 Y104.837 E0.00003
G1 F501.7 X108.736 Y104.822 E0.00003
G1 X108.77 Y104.815 E0.00002
G1 F502.9 X108.804 Y104.807 E0.00002
G1 X108.838 Y104.8 E0.00002
G1 F504.1 X108.872 Y104.792 E0.00002
G1 F505.3 X108.906 Y104.784 E0.00002
G1 X108.94 Y104.777 E0.00002
G1 F506.5 X108.975 Y104.769 E0.00002
G1 X109.02 Y104.759 E0.00002
G1 F504.1 X109.078 Y104.748 E0.00003
G1 F502.9 X109.149 Y104.738 E0.00004
G1 F501.7 X109.22 Y104.728 E0.00004
G1 X109.292 Y104.718 E0.00004
G1 X109.353 Y104.712 E0.00003
G1 X109.414 Y104.706 E0.00003
G1 F502.9 X109.475 Y104.701 E0.00003
G1 X109.535 Y104.695 E0.00003
G1 X109.596 Y104.69 E0.00003
G1 F504.1 X109.657 Y104.684 E0.00003
G1 X109.718 Y104.679 E0.00003
G1 X109.777 Y104.674 E0.00003
G1 F502.9 X109.787 Y104.674 E0.00001
G1 F500.5 X109.797 Y104.675 E0.00001
G1 F499.3 X109.807 Y104.675 E0.00001
G1 F496.9 X109.817 Y104.676 E0.00001
G1 F495.8 X109.827 Y104.677 E0.00001
G1 F493.5 X109.837 Y104.677 E0.00001
G1 F491.2 X109.847 Y104.678 E0.00001
G1 F490 X109.857 Y104.679 E0.00001
G1 F487.8 X109.867 Y104.679 E0.00001
G1 F486.6 X109.877 Y104.68 E0.00001
G1 F484.4 X109.887 Y104.68 E0.00001
G1 F483.3 X109.897 Y104.681 E0.00001
G1 F481.1 X109.907 Y104.682 E0.00001
G1 F480 X109.917 Y104.682 E0.00001
G1 F477.8 X109.927 Y104.683 E0.00001
G1 F476.7 X109.937 Y104.684 E0.00001
G1 F474.6 X109.947 Y104.684 E0.00001
G1 F472.5 X109.957 Y104.685 E0.00001
G1 F471.4 X109.967 Y104.686 E0.00001
G1 F469.3 X109.977 Y104.686 E0.00001
G1 F468.3 X109.987 Y104.687 E0.00001
G1 F466.2 X109.997 Y104.687 E0.00001
G1 X110.008 Y104.687 E0.00001
G1 F468.3 X110.019 Y104.686 E0.00001
G1 F470.4 X110.03 Y104.685 E0.00001
G1 F472.5 X110.041 Y104.684 E0.00001
G1 F474.6 X110.052 Y104.683 E0.00001
G1 F476.7 X110.063 Y104.682 E0.00001
G1 F478.9 X110.074 Y104.681 E0.00001
G1 F481.1 X110.085 Y104.68 E0.00001
G1 F483.3 X110.096 Y104.679 E0.00001
G1 F485.5 X110.107 Y104.677 E0.00001
G1 F487.8 X110.118 Y104.676 E0.00001
G1 F490 X110.129 Y104.675 E0.00001
G1 F492.3 X110.139 Y104.674 E0.00001
G1 F495.8 X110.164 Y104.674 E0.00001
G1 F499.3 X110.192 Y104.675 E0.00001
G1 F501.7 X110.231 Y104.677 E0.00002
G1 F504.1 X110.27 Y104.679 E0.00002
G1 F506.5 X110.427 Y104.692 E0.00008
G1 X110.584 Y104.705 E0.00008
G1 X110.744 Y104.729 E0.00008
G1 X110.904 Y104.753 E0.00008
G1 X111.064 Y104.777 E0.00008
G1 F505.3 X111.122 Y104.79 E0.00003
G1 F502.9 X111.18 Y104.802 E0.00003
G1 X111.251 Y104.821 E0.00004
G1 X111.323 Y104.84 E0.00004
G1 F504.1 X111.395 Y104.859 E0.00004
G1 X111.424 Y104.867 E0.00002
G1 X111.461 Y104.877 E0.00002
G1 F502.9 X111.499 Y104.888 E0.00002
G1 F501.7 X111.536 Y104.899 E0.00002
G1 F500.5 X111.574 Y104.909 E0.00002
G1 F499.3 X111.611 Y104.92 E0.00002
G1 X111.636 Y104.929 E0.00001
G1 X111.662 Y104.938 E0.00001
G1 F500.5 X111.689 Y104.948 E0.00002
G1 F501.7 X111.715 Y104.957 E0.00001
G1 X111.741 Y104.967 E0.00001
G1 F502.9 X111.768 Y104.976 E0.00001
G1 F504.1 X111.794 Y104.986 E0.00001
G1 X111.82 Y104.995 E0.00001
G1 F505.3 X111.847 Y105.005 E0.00002
G1 F506.5 X111.873 Y105.014 E0.00001
G1 X111.9 Y105.024 E0.00001
G1 X111.936 Y105.037 E0.00002
G1 F505.3 X111.996 Y105.06 E0.00003
G1 F502.9 X112.057 Y105.084 E0.00003
G1 F501.7 X112.064 Y105.087 E0
G1 F502.9 X112.101 Y105.104 E0.00002
G1 F504.1 X112.138 Y105.121 E0.00002
G1 X112.175 Y105.138 E0.00002
G1 F505.3 X112.212 Y105.155 E0.00002
G1 F506.5 X112.25 Y105.172 E0.00002
G1 X112.278 Y105.186 E0.00002
G1 F505.3 X112.312 Y105.202 E0.00002
G1 F504.1 X112.346 Y105.218 E0.00002
G1 F502.9 X112.381 Y105.234 E0.00002
G1 X112.415 Y105.25 E0.00002
G1 F501.7 X112.449 Y105.266 E0.00002
G1 F500.5 X112.484 Y105.283 E0.00002
G1 X112.565 Y105.329 E0.00005
G1 F502.9 X112.613 Y105.357 E0.00003
G1 X112.661 Y105.386 E0.00003
G1 F504.1 X112.709 Y105.414 E0.00003
G1 F505.3 X112.758 Y105.443 E0.00003
G1 X112.806 Y105.471 E0.00003
G1 F506.5 X112.83 Y105.486 E0.00001
G1 F505.3 X112.88 Y105.517 E0.00003
G1 X112.914 Y105.54 E0.00002
G1 F506.5 X112.948 Y105.564 E0.00002
G1 X112.983 Y105.588 E0.00002
G1 F507.7 X113.017 Y105.612 E0.00002
G1 F508.9 X113.052 Y105.636 E0.00002
G1 X113.084 Y105.659 E0.00002
G1 X113.106 Y105.675 E0.00001
G1 F507.7 X113.129 Y105.691 E0.00001
G1 F506.5 X113.151 Y105.708 E0.00001
G1 F505.3 X113.174 Y105.724 E0.00001
G1 X113.197 Y105.741 E0.00001
G1 F504.1 X113.219 Y105.757 E0.00001
G1 F502.9 X113.242 Y105.773 E0.00001
G1 F501.7 X113.265 Y105.79 E0.00002
G1 X113.313 Y105.83 E0.00003
G1 F502.9 X113.365 Y105.873 E0.00004
G1 F504.1 X113.417 Y105.916 E0.00004
G1 F505.3 X113.437 Y105.933 E0.00001
G1 X113.475 Y105.966 E0.00003
G1 F504.1 X113.514 Y105.999 E0.00003
G1 X113.553 Y106.032 E0.00003
G1 F502.9 X113.592 Y106.065 E0.00003
G1 F501.7 X113.595 Y106.067 E0
G1 F502.9 X113.621 Y106.093 E0.00002
G1 F504.1 X113.647 Y106.119 E0.00002
G1 F505.3 X113.673 Y106.145 E0.00002
G1 X113.699 Y106.171 E0.00002
G1 F506.5 X113.726 Y106.197 E0.00002
G1 F507.7 X113.752 Y106.223 E0.00002
G1 F508.9 X113.785 Y106.255 E0.00002
G1 X113.807 Y106.278 E0.00002
G1 F507.7 X113.829 Y106.301 E0.00002
G1 F506.5 X113.851 Y106.324 E0.00002
G1 F505.3 X113.873 Y106.347 E0.00002
G1 X113.896 Y106.37 E0.00002
G1 F504.1 X113.918 Y106.393 E0.00002
G1 F502.9 X113.94 Y106.416 E0.00002
G1 X114.046 Y106.541 E0.00009
G1 F504.1 X114.101 Y106.607 E0.00004
G1 X114.157 Y106.674 E0.00005
G1 F505.3 X114.213 Y106.741 E0.00005
G1 F506.5 X114.26 Y106.808 E0.00004
G1 X114.308 Y106.876 E0.00004
G1 X114.356 Y106.944 E0.00004
G1 F507.7 X114.404 Y107.012 E0.00004
G1 X114.452 Y107.079 E0.00004
G1 X114.474 Y107.111 E0.00002
G1 F505.3 X114.508 Y107.163 E0.00003
G1 F504.1 X114.587 Y107.302 E0.00008
G1 X114.667 Y107.442 E0.00008
G1 X114.747 Y107.581 E0.00008
G1 X114.772 Y107.634 E0.00003
G1 X114.798 Y107.687 E0.00003
G1 F502.9 X114.824 Y107.74 E0.00003
G1 F501.7 X114.849 Y107.793 E0.00003
G1 X114.875 Y107.846 E0.00003
G1 F502.9 X114.898 Y107.898 E0.00003
G1 F504.1 X114.948 Y108.031 E0.00007
G1 X114.998 Y108.165 E0.00007
G1 X115.048 Y108.299 E0.00007
G1 X115.089 Y108.437 E0.00008
G1 X115.13 Y108.575 E0.00008
G1 X115.171 Y108.713 E0.00008
G1 F505.3 X115.208 Y108.905 E0.0001
G1 X115.244 Y109.097 E0.0001
G1 X115.28 Y109.288 E0.0001
G1 X115.294 Y109.449 E0.00008
G1 X115.309 Y109.61 E0.00008
G1 X115.324 Y109.771 E0.00008
G1 F504.1 X115.325 Y109.952 E0.00009
G1 X115.326 Y110.133 E0.00009
G1 F502.9 X115.316 Y110.308 E0.00009
G1 X115.306 Y110.485 E0.00009
G1 X115.302 Y110.523 E0.00002
G1 F505.3 X115.298 Y110.561 E0.00002
G1 X115.292 Y110.603 E0.00002
G1 X115.284 Y110.661 E0.00003
G1 X115.276 Y110.719 E0.00003
G1 F504.1 X115.268 Y110.778 E0.00003
G1 X115.259 Y110.836 E0.00003
G1 F502.9 X115.251 Y110.894 E0.00003
G1 X115.243 Y110.953 E0.00003
G1 X115.222 Y111.054 E0.00005
G1 X115.209 Y111.116 E0.00003
G1 F501.7 X115.196 Y111.179 E0.00003
G1 X115.186 Y111.218 E0.00002
G1 F502.9 X115.176 Y111.258 E0.00002
G1 X115.166 Y111.298 E0.00002
G1 F504.1 X115.155 Y111.338 E0.00002
G1 F505.3 X115.145 Y111.377 E0.00002
G1 X115.134 Y111.414 E0.00002
G1 X115.125 Y111.447 E0.00002
G1 F504.1 X115.115 Y111.481 E0.00002
G1 F502.9 X115.106 Y111.515 E0.00002
G1 X115.096 Y111.548 E0.00002
G1 F501.7 X115.087 Y111.582 E0.00002
G1 F500.5 X115.077 Y111.616 E0.00002
G1 X115.064 Y111.652 E0.00002
G1 X115.051 Y111.687 E0.00002
G1 F501.7 X115.039 Y111.722 E0.00002
G1 F502.9 X115.026 Y111.757 E0.00002
G1 X115.014 Y111.792 E0.00002
G1 F504.1 X115.001 Y111.827 E0.00002
G1 F505.3 X114.989 Y111.861 E0.00002
G1 X114.976 Y111.896 E0.00002
G1 X114.964 Y111.932 E0.00002
G1 F504.1 X114.949 Y111.973 E0.00002
G1 F501.7 X114.933 Y112.014 E0.00002
G1 F500.5 X114.917 Y112.055 E0.00002
G1 X114.897 Y112.096 E0.00002
G1 X114.878 Y112.137 E0.00002
G1 F501.7 X114.859 Y112.178 E0.00002
G1 X114.84 Y112.219 E0.00002
G1 F502.9 X114.821 Y112.26 E0.00002
G1 F504.1 X114.802 Y112.3 E0.00002
G1 X114.783 Y112.341 E0.00002
G1 X114.769 Y112.37 E0.00002
G1 X114.743 Y112.423 E0.00003
G1 F501.7 X114.716 Y112.477 E0.00003
G1 X114.697 Y112.51 E0.00002
G1 X114.678 Y112.544 E0.00002
G1 F502.9 X114.658 Y112.578 E0.00002
G1 F504.1 X114.639 Y112.612 E0.00002
G1 X114.62 Y112.646 E0.00002
G1 F505.3 X114.6 Y112.679 E0.00002
G1 F506.5 X114.581 Y112.713 E0.00002
G1 X114.562 Y112.747 E0.00002
G1 X114.542 Y112.778 E0.00002
G1 X114.521 Y112.813 E0.00002
G1 F504.1 X114.5 Y112.848 E0.00002
G1 F502.9 X114.479 Y112.883 E0.00002
G1 X114.442 Y112.935 E0.00003
G1 X114.406 Y112.987 E0.00003
G1 F504.1 X114.37 Y113.038 E0.00003
G1 F505.3 X114.334 Y113.09 E0.00003
G1 X114.298 Y113.141 E0.00003
G1 X114.018 Y113.494 E0.00023
G1 X113.921 Y113.597 E0.00007
G1 X113.823 Y113.7 E0.00007
G1 X113.725 Y113.803 E0.00007
G1 X113.716 Y113.812 E0.00001
G1 F506.5 X113.684 Y113.844 E0.00002
G1 F505.3 X113.651 Y113.876 E0.00002
G1 F504.1 X113.618 Y113.908 E0.00002
G1 F502.9 X113.585 Y113.94 E0.00002
G1 F501.7 X113.582 Y113.944 E0
G1 F502.9 X113.548 Y113.972 E0.00002
G1 F505.3 X113.514 Y114.001 E0.00002
G1 F506.5 X113.445 Y114.057 E0.00005
G1 X113.375 Y114.114 E0.00005
G1 F505.3 X113.305 Y114.17 E0.00005
G1 X113.235 Y114.227 E0.00005
G1 X113.165 Y114.283 E0.00005
G1 F504.1 X112.839 Y114.507 E0.00021
G1 F505.3 X112.772 Y114.547 E0.00004
G1 F506.5 X112.737 Y114.568 E0.00002
G1 X112.697 Y114.59 E0.00002
G1 X112.657 Y114.613 E0.00002
G1 F505.3 X112.617 Y114.635 E0.00002
G1 F504.1 X112.577 Y114.658 E0.00002
G1 X112.537 Y114.68 E0.00002
G1 F502.9 X112.497 Y114.703 E0.00002
G1 X112.457 Y114.726 E0.00002
G1 X112.302 Y114.8 E0.00009
G1 X112.146 Y114.874 E0.00009
G1 X112.07 Y114.906 E0.00004
G1 X112.002 Y114.934 E0.00004
G1 F501.7 X111.934 Y114.962 E0.00004
G1 X111.873 Y114.984 E0.00003
G1 X111.812 Y115.006 E0.00003
G1 F502.9 X111.751 Y115.028 E0.00003
G1 F504.1 X111.69 Y115.05 E0.00003
G1 X111.629 Y115.072 E0.00003
G1 F505.3 X111.467 Y115.115 E0.00009
G1 X111.304 Y115.158 E0.00009
G1 X111.14 Y115.201 E0.00009
G1 X111.085 Y115.213 E0.00003
G1 F504.1 X111.03 Y115.224 E0.00003
G1 X110.975 Y115.236 E0.00003
G1 F502.9 X110.92 Y115.247 E0.00003
G1 X110.735 Y115.278 E0.0001
G1 F501.7 X110.703 Y115.283 E0.00002
G1 X110.646 Y115.288 E0.00003
G1 X110.588 Y115.293 E0.00003
G1 F502.9 X110.53 Y115.298 E0.00003
G1 X110.472 Y115.303 E0.00003
G1 F504.1 X110.414 Y115.308 E0.00003
G1 X110.357 Y115.313 E0.00003
G1 X110.227 Y115.321 E0.00007
G1 X110.174 Y115.322 E0.00003
G1 F505.3 X110.121 Y115.324 E0.00003
G1 F506.5 X110.068 Y115.325 E0.00003
G1 X110.034 Y115.326 E0.00002
G1 X109.99 Y115.326 E0.00002
G1 F505.3 X109.946 Y115.326 E0.00002
G1 F504.1 X109.902 Y115.326 E0.00002
G1 F502.9 X109.858 Y115.326 E0.00002
G1 X109.763 Y115.321 E0.00005
G1 F504.1 X109.669 Y115.316 E0.00005
G1 X109.641 Y115.314 E0.00001
G1 X109.578 Y115.31 E0.00003
G1 F501.7 X109.515 Y115.305 E0.00003
G1 X109.476 Y115.301 E0.00002
G1 F502.9 X109.436 Y115.296 E0.00002
G1 X109.396 Y115.291 E0.00002
G1 F504.1 X109.356 Y115.286 E0.00002
G1 F505.3 X109.316 Y115.282 E0.00002
G1 X109.292 Y115.278 E0.00001
G1 F504.1 X109.208 Y115.266 E0.00004
G1 F502.9 X109.123 Y115.254 E0.00004
G1 X109.038 Y115.242 E0.00004
G1 F501.7 X108.929 Y115.22 E0.00006
G1 X108.82 Y115.197 E0.00006
G1 X108.784 Y115.188 E0.00002
G1 F502.9 X108.747 Y115.178 E0.00002
G1 F504.1 X108.71 Y115.168 E0.00002
G1 F505.3 X108.673 Y115.159 E0.00002
G1 F506.5 X108.637 Y115.149 E0.00002
G1 X108.599 Y115.139 E0.00002
G1 X108.557 Y115.127 E0.00002
G1 F505.3 X108.515 Y115.115 E0.00002
G1 F504.1 X108.473 Y115.103 E0.00002
G1 X108.431 Y115.091 E0.00002
G1 F502.9 X108.388 Y115.079 E0.00002
G1 X108.331 Y115.058 E0.00003
G1 F505.3 X108.275 Y115.038 E0.00003
G1 X108.254 Y115.03 E0.00001
G1 X108.175 Y115.001 E0.00004
G1 X108.095 Y114.971 E0.00004
G1 F504.1 X108.016 Y114.941 E0.00004
G1 X107.936 Y114.911 E0.00004
G1 X107.866 Y114.879 E0.00004
G1 X107.795 Y114.846 E0.00004
G1 F505.3 X107.724 Y114.813 E0.00004
G1 X107.654 Y114.781 E0.00004
G1 X107.259 Y114.567 E0.00023
G1 X106.867 Y114.306 E0.00025
G1 X106.567 Y114.071 E0.0002
G1 X106.527 Y114.037 E0.00003
G1 F504.1 X106.487 Y114.002 E0.00003
G1 X106.447 Y113.968 E0.00003
G1 F502.9 X106.407 Y113.933 E0.00003
G1 F501.7 X106.405 Y113.932 E0
G1 F502.9 X106.379 Y113.907 E0.00002
G1 F504.1 X106.353 Y113.881 E0.00002
G1 F505.3 X106.326 Y113.855 E0.00002
G1 X106.3 Y113.829 E0.00002
G1 F506.5 X106.273 Y113.803 E0.00002
G1 F507.7 X106.247 Y113.777 E0.00002
G1 F508.9 X106.222 Y113.752 E0.00002
G1 X106.194 Y113.724 E0.00002
G1 F507.7 X106.166 Y113.695 E0.00002
G1 F506.5 X106.138 Y113.667 E0.00002
G1 X106.11 Y113.638 E0.00002
G1 F505.3 X106.082 Y113.61 E0.00002
G1 F504.1 X106.054 Y113.581 E0.00002
G1 X106.029 Y113.551 E0.00002
G1 F506.5 X106.003 Y113.52 E0.00002
G1 X105.901 Y113.393 E0.00008
G1 X105.798 Y113.265 E0.00009
G1 X105.695 Y113.137 E0.00009
G1 F505.3 X105.67 Y113.1 E0.00002
G1 X105.645 Y113.063 E0.00002
G1 F504.1 X105.619 Y113.026 E0.00002
G1 X105.594 Y112.989 E0.00002
G1 F502.9 X105.568 Y112.952 E0.00002
G1 X105.543 Y112.914 E0.00002
G1 F501.7 X105.518 Y112.877 E0.00002
G1 X105.492 Y112.84 E0.00002
G1 X105.452 Y112.776 E0.00004
G1 F504.1 X105.435 Y112.745 E0.00002
G1 X105.413 Y112.706 E0.00002
G1 X105.39 Y112.666 E0.00002
G1 F502.9 X105.367 Y112.626 E0.00002
G1 F501.7 X105.344 Y112.586 E0.00002
G1 X105.321 Y112.546 E0.00002
G1 F500.5 X105.298 Y112.506 E0.00002
G1 X105.276 Y112.466 E0.00002
G1 X105.264 Y112.44 E0.00002
G1 F501.7 X105.251 Y112.413 E0.00002
G1 F504.1 X105.238 Y112.386 E0.00002
G1 F505.3 X105.225 Y112.359 E0.00002
G1 X105.21 Y112.329 E0.00002
G1 X105.186 Y112.277 E0.00003
G1 X105.162 Y112.224 E0.00003
G1 F504.1 X105.137 Y112.171 E0.00003
G1 X105.113 Y112.119 E0.00003
G1 X105.089 Y112.066 E0.00003
G1 F502.9 X105.064 Y112.013 E0.00003
G1 X105.04 Y111.961 E0.00003
G1 X104.994 Y111.829 E0.00007
G1 X104.948 Y111.696 E0.00007
G1 X104.912 Y111.586 E0.00006
G1 X104.866 Y111.423 E0.00009
G1 F504.1 X104.833 Y111.286 E0.00007
G1 X104.8 Y111.148 E0.00007
G1 X104.766 Y111.01 E0.00007
G1 F505.3 X104.742 Y110.839 E0.00009
G1 X104.718 Y110.668 E0.00009
G1 X104.694 Y110.496 E0.00009
G1 X104.687 Y110.357 E0.00007
G1 X104.679 Y110.217 E0.00007
G1 X104.671 Y110.078 E0.00007
G1 F504.1 X104.671 Y109.969 E0.00006
G1 X104.672 Y109.86 E0.00006
G1 X104.677 Y109.759 E0.00005
G1 X104.682 Y109.677 E0.00004
G1 F502.9 X104.688 Y109.594 E0.00004
G1 X104.693 Y109.511 E0.00004
G1 X104.698 Y109.473 E0.00002
G1 F504.1 X104.703 Y109.435 E0.00002
G1 F505.3 X104.708 Y109.398 E0.00002
G1 F506.5 X104.713 Y109.36 E0.00002
G1 F507.7 X104.717 Y109.322 E0.00002
G1 X104.723 Y109.281 E0.00002
G1 F506.5 X104.728 Y109.247 E0.00002
G1 F505.3 X104.733 Y109.212 E0.00002
G1 X104.738 Y109.178 E0.00002
G1 F504.1 X104.743 Y109.143 E0.00002
G1 F502.9 X104.748 Y109.109 E0.00002
G1 X104.754 Y109.074 E0.00002
G1 F501.7 X104.759 Y109.04 E0.00002
G1 X104.773 Y108.968 E0.00004
G1 X104.787 Y108.894 E0.00004
G1 F502.9 X104.801 Y108.82 E0.00004
G0 F24000 X104.764 Y109.015
G1 F60 E-0.001
G1 F18000 Z3.2
G0 F24000 X118.676 Y103.676 Z3.2
G1 F18000 Z1.6
G1 F60 E0.001
G1 F1348.05 X118.722 Y103.722 Z1.578315 E0.00002
G1 X118.769 Y103.769 Z1.556159 E0.00002
G1 X118.815 Y103.815 Z1.534475 E0.00002
G1 X118.862 Y103.862 Z1.512319 E0.00002
G1 X118.909 Y103.909 Z1.490163 E0.00002
G1 X118.955 Y103.955 Z1.468478 E0.00002
G1 X119.002 Y104.002 Z1.446322 E0.00002
G1 X119.049 Y104.049 Z1.424166 E0.00002
G1 X119.095 Y104.095 Z1.402482 E0.00002
G1 F1342.35 X119.142 Y104.142 Z1.380325 E0.00002
G1 X119.189 Y104.189 Z1.358169 E0.00002
G1 X119.235 Y104.235 Z1.336485 E0.00002
G1 X119.282 Y104.282 Z1.314329 E0.00002
G1 X119.329 Y104.329 Z1.292173 E0.00002
G1 X119.375 Y104.375 Z1.270488 E0.00002
G1 X119.422 Y104.422 Z1.248332 E0.00002
G1 X119.469 Y104.469 Z1.226176 E0.00002
G1 X119.515 Y104.515 Z1.204492 E0.00002
G1 F1336.65 X119.524528 Y104.524528 Z1.2 E0.00002
G1 F898.7
G1 X119.562 Y104.562 E0.00002
G1 X119.609 Y104.609 E0.00002
G1 X119.655 Y104.655 E0.00002
G1 X119.702 Y104.702 E0.00002
G1 X119.749 Y104.749 E0.00002
G1 X119.795 Y104.795 E0.00002
G1 X119.842 Y104.842 E0.00002
G1 X119.889 Y104.889 E0.00002
G1 X119.935 Y104.935 E0.00002
G1 F876.3 X119.946 Y104.943 E0
G1 F848.2 X119.954 Y104.948 E0
G1 F821.8 X119.963 Y104.954 E0
G1 F797 X119.971 Y104.959 E0
G1 F776.5 X119.979 Y104.965 E0
G1 F754.3 X119.988 Y104.97 E0
G1 F733.3 X119.996 Y104.976 E0
G1 F713.5 X120.004 Y104.981 E0
G1 F697 X120.013 Y104.987 E0
G1 F679.1 X120.021 Y104.992 E0
G1 F662.1 X120.029 Y104.998 E0
G1 F645.9 X120.038 Y105.003 E0
G1 F632.3 X120.046 Y105.009 E0
G1 F617.5 X120.054 Y105.014 E0
G1 F603.4 X120.063 Y105.02 E0
G1 F589.9 X120.071 Y105.025 E0
G1 F578.6 X120.079 Y105.031 E0
G1 F566.2 X120.088 Y105.036 E0
G1 F554.3 X120.096 Y105.042 E0
G1 F542.9 X120.104 Y105.047 E0
G1 F533.3 X120.113 Y105.053 E0.00001
G1 F522.8 X120.121 Y105.058 E0
G1 F512.6 X120.129 Y105.064 E0.00001
G1 F502.9 X120.138 Y105.069 E0.00001
G1 F494.6 X120.146 Y105.075 E0.00001
G1 F485.5 X120.154 Y105.08 E0.00001
G1 F476.7 X120.163 Y105.086 E0.00001
G1 F468.3 X120.171 Y105.091 E0.00001
G1 F466.2 X120.181 Y105.089 E0.00001
G1 F468.3 X120.19 Y105.084 E0.00001
G1 F471.4 X120.199 Y105.079 E0.00001
G1 F473.5 X120.208 Y105.074 E0.00001
G1 F475.7 X120.216 Y105.069 E0.00001
G1 F478.9 X120.225 Y105.064 E0.00001
G1 F481.1 X120.234 Y105.059 E0.00001
G1 F484.4 X120.243 Y105.054 E0.00001
G1 F486.6 X120.251 Y105.049 E0.00001
G1 F488.9 X120.26 Y105.044 E0.00001
G1 F492.3 X120.269 Y105.039 E0.00001
G1 F494.6 X120.278 Y105.034 E0.00001
G1 F496.9 X120.312 Y105.005 E0.00002
G1 F499.3 X120.338 Y104.982 E0.00002
G1 F500.5 X120.364 Y104.959 E0.00002
G1 F501.7 X120.39 Y104.935 E0.00002
G1 X120.416 Y104.912 E0.00002
G1 F502.9 X120.442 Y104.889 E0.00002
G1 F504.1 X120.468 Y104.865 E0.00002
G1 X120.841 Y104.558 E0.00025
G1 X120.87 Y104.536 E0.00002
G1 F502.9 X120.9 Y104.514 E0.00002
G1 F501.7 X120.93 Y104.492 E0.00002
G1 X120.959 Y104.47 E0.00002
G1 F500.5 X120.989 Y104.448 E0.00002
G1 F499.3 X121.019 Y104.426 E0.00002
G1 X121.045 Y104.408 E0.00002
G1 X121.071 Y104.391 E0.00002
G1 F500.5 X121.097 Y104.374 E0.00002
G1 X121.122 Y104.356 E0.00002
G1 F501.7 X121.148 Y104.339 E0.00002
G1 X121.174 Y104.322 E0.00002
G1 F502.9 X121.199 Y104.304 E0.00002
G1 F504.1 X121.225 Y104.287 E0.00002
G1 X121.251 Y104.27 E0.00002
G1 F505.3 X121.277 Y104.253 E0.00002
G1 X121.302 Y104.235 E0.00002
G1 X121.338 Y104.21 E0.00002
G1 F504.1 X121.412 Y104.167 E0.00004
G1 X121.486 Y104.123 E0.00004
G1 F502.9 X121.56 Y104.079 E0.00005
G1 X121.634 Y104.035 E0.00005
G1 X121.679 Y104.011 E0.00003
G1 F504.1 X121.726 Y103.986 E0.00003
G1 X121.773 Y103.961 E0.00003
G1 F505.3 X121.819 Y103.936 E0.00003
G1 X121.851 Y103.919 E0.00002
G1 X121.884 Y103.902 E0.00002
G1 F504.1 X121.918 Y103.884 E0.00002
G1 F502.9 X121.952 Y103.867 E0.00002
G1 F501.7 X121.986 Y103.849 E0.00002
G1 F500.5 X122.02 Y103.832 E0.00002
G1 F499.3 X122.286 Y103.709 E0.00015
G1 F500.5 X122.326 Y103.693 E0.00002
G1 F502.9 X122.367 Y103.676 E0.00002
G1 F504.1 X122.395 Y103.665 E0.00002
G1 X122.472 Y103.635 E0.00004
G1 X122.549 Y103.605 E0.00004
G1 F502.9 X122.626 Y103.575 E0.00004
G1 X122.703 Y103.545 E0.00004
G1 X122.746 Y103.531 E0.00002
G1 F505.3 X122.789 Y103.517 E0.00002
G1 F506.5 X122.822 Y103.506 E0.00002
G1 X122.85 Y103.498 E0.00002
G1 X122.879 Y103.489 E0.00002
G1 F505.3 X122.907 Y103.48 E0.00002
G1 X122.936 Y103.471 E0.00002
G1 F504.1 X122.965 Y103.462 E0.00002
G1 F502.9 X122.993 Y103.453 E0.00002
G1 X123.022 Y103.444 E0.00002
G1 F501.7 X123.051 Y103.435 E0.00002
G1 X123.079 Y103.426 E0.00002
G1 F500.5 X123.108 Y103.418 E0.00002
G1 X123.137 Y103.409 E0.00002
G1 X123.182 Y103.396 E0.00002
G1 F501.7 X123.224 Y103.385 E0.00002
G1 X123.265 Y103.374 E0.00002
G1 F502.9 X123.307 Y103.363 E0.00002
G1 F504.1 X123.349 Y103.351 E0.00002
G1 X123.425 Y103.333 E0.00004
G1 X123.618 Y103.293 E0.0001
G1 X123.811 Y103.253 E0.0001
G1 F501.7 X123.863 Y103.242 E0.00003
G1 X123.919 Y103.234 E0.00003
G1 F502.9 X123.976 Y103.226 E0.00003
G1 X124.032 Y103.218 E0.00003
G1 F504.1 X124.089 Y103.209 E0.00003
G1 X124.174 Y103.202 E0.00004
G1 X124.26 Y103.194 E0.00005
G1 X124.345 Y103.186 E0.00004
G1 F502.9 X124.431 Y103.178 E0.00005
G1 X124.517 Y103.17 E0.00005
G1 X124.602 Y103.162 E0.00004
G1 X124.643 Y103.161 E0.00002
G1 F505.3 X124.686 Y103.159 E0.00002
G1 X124.839 Y103.155 E0.00008
G1 X124.992 Y103.151 E0.00008
G1 F504.1 X125.086 Y103.151 E0.00005
G1 F502.9 X125.306 Y103.156 E0.00012
G1 X125.482 Y103.171 E0.00009
G1 X125.658 Y103.186 E0.00009
G1 X125.834 Y103.201 E0.00009
G1 F504.1 X125.877 Y103.207 E0.00002
G1 F505.3 X125.91 Y103.211 E0.00002
G1 F504.1 X125.969 Y103.22 E0.00003
G1 X126.028 Y103.229 E0.00003
G1 F502.9 X126.087 Y103.238 E0.00003
G1 X126.147 Y103.247 E0.00003
G1 F501.7 X126.206 Y103.256 E0.00003
G1 X126.265 Y103.266 E0.00003
G1 X126.324 Y103.278 E0.00003
G1 F504.1 X126.478 Y103.315 E0.00008
G1 X126.633 Y103.352 E0.00008
G1 X126.788 Y103.39 E0.00008
G1 X126.828 Y103.401 E0.00002
G1 F502.9 X126.868 Y103.412 E0.00002
G1 F501.7 X126.909 Y103.423 E0.00002
G1 X126.949 Y103.434 E0.00002
G1 F500.5 X126.99 Y103.446 E0.00002
G1 X127.072 Y103.472 E0.00005
G1 X127.155 Y103.499 E0.00005
G1 F501.7 X127.238 Y103.526 E0.00005
G1 F502.9 X127.285 Y103.544 E0.00003
G1 F505.3 X127.332 Y103.561 E0.00003
G1 X127.636 Y103.68 E0.00017
G1 X127.671 Y103.695 E0.00002
G1 X127.707 Y103.711 E0.00002
G1 F504.1 X127.743 Y103.727 E0.00002
G1 X127.778 Y103.743 E0.00002
G1 F502.9 X127.814 Y103.758 E0.00002
G1 F501.7 X127.85 Y103.774 E0.00002
G1 X127.885 Y103.79 E0.00002
G1 F500.5 X127.921 Y103.806 E0.00002
G1 X127.957 Y103.821 E0.00002
G1 X128.006 Y103.846 E0.00003
G1 F501.7 X128.053 Y103.869 E0.00003
G1 X128.099 Y103.892 E0.00003
G1 F502.9 X128.146 Y103.916 E0.00003
G1 F504.1 X128.158 Y103.921 E0.00001
G1 F502.9 X128.223 Y103.955 E0.00004
G1 F501.7 X128.351 Y104.027 E0.00008
G1 X128.48 Y104.1 E0.00008
G1 X128.519 Y104.123 E0.00002
G1 F504.1 X128.558 Y104.147 E0.00002
G1 X128.586 Y104.164 E0.00002
G1 X128.637 Y104.197 E0.00003
G1 F502.9 X128.688 Y104.23 E0.00003
G1 F501.7 X128.739 Y104.264 E0.00003
G1 X128.82 Y104.319 E0.00005
G1 X128.9 Y104.373 E0.00005
G1 F502.9 X128.981 Y104.428 E0.00005
G1 F504.1 X129.059 Y104.485 E0.00005
G1 X129.089 Y104.508 E0.00002
G1 X129.119 Y104.531 E0.00002
G1 F502.9 X129.149 Y104.554 E0.00002
G1 X129.179 Y104.577 E0.00002
G1 F501.7 X129.209 Y104.6 E0.00002
G1 F500.5 X129.24 Y104.623 E0.00002
G1 X129.27 Y104.646 E0.00002
G1 F499.3 X129.3 Y104.67 E0.00002
G1 X129.33 Y104.693 E0.00002
G1 X129.357 Y104.716 E0.00002
G1 F500.5 X129.386 Y104.741 E0.00002
G1 F501.7 X129.415 Y104.765 E0.00002
G1 X129.444 Y104.79 E0.00002
G1 F502.9 X129.473 Y104.815 E0.00002
G1 F504.1 X129.502 Y104.839 E0.00002
G1 F505.3 X129.555 Y104.889 E0.00004
G1 X129.611 Y104.941 E0.00004
G1 F506.5 X129.667 Y104.993 E0.00004
G1 X129.723 Y105.045 E0.00004
G1 X129.742 Y105.063 E0.00001
G1 X129.766 Y105.086 E0.00002
G1 F505.3 X129.79 Y105.11 E0.00002
G1 F504.1 X129.814 Y105.134 E0.00002
G1 X129.838 Y105.157 E0.00002
G1 F502.9 X129.863 Y105.181 E0.00002
G1 F501.7 X129.887 Y105.205 E0.00002
G1 X129.927 Y105.247 E0.00003
G1 X129.968 Y105.291 E0.00003
G1 F502.9 X130.009 Y105.334 E0.00003
G1 F504.1 X130.05 Y105.378 E0.00003
G1 X130.092 Y105.422 E0.00003
G1 X130.156 Y105.495 E0.00005
G1 X130.207 Y105.556 E0.00004
G1 X130.258 Y105.617 E0.00004
G1 F502.9 X130.31 Y105.678 E0.00004
G1 X130.361 Y105.739 E0.00004
G1 X130.422 Y105.818 E0.00005
G1 F504.1 X130.439 Y105.842 E0.00002
G1 F502.9 X130.475 Y105.892 E0.00003
G1 X130.512 Y105.942 E0.00003
G1 F501.7 X130.549 Y105.992 E0.00003
G1 F500.5 X130.585 Y106.042 E0.00003
G1 X130.622 Y106.092 E0.00003
G1 F499.3 X130.625 Y106.097 E0
G1 F500.5 X130.66 Y106.149 E0.00003
G1 F501.7 X130.695 Y106.201 E0.00003
G1 X130.731 Y106.253 E0.00003
G1 F502.9 X130.766 Y106.305 E0.00003
G1 F501.7 X130.809 Y106.373 E0.00004
G1 X130.894 Y106.521 E0.00009
G1 X130.979 Y106.669 E0.00009
G1 X131.065 Y106.818 E0.00009
G1 F502.9 X131.075 Y106.837 E0.00001
G1 F504.1 X131.156 Y107.012 E0.0001
G1 X131.237 Y107.187 E0.0001
G1 X131.318 Y107.363 E0.0001
G1 F502.9 X131.436 Y107.668 E0.00017
G1 X131.464 Y107.754 E0.00005
G1 X131.492 Y107.84 E0.00005
G1 F501.7 X131.52 Y107.927 E0.00005
G1 X131.549 Y108.013 E0.00005
G1 X131.577 Y108.099 E0.00005
G1 X131.587 Y108.135 E0.00002
G1 F504.1 X131.597 Y108.173 E0.00002
G1 F506.5 X131.608 Y108.211 E0.00002
G1 X131.618 Y108.251 E0.00002
G1 X131.625 Y108.283 E0.00002
G1 F505.3 X131.633 Y108.315 E0.00002
G1 X131.641 Y108.347 E0.00002
G1 F504.1 X131.649 Y108.379 E0.00002
G1 F502.9 X131.657 Y108.411 E0.00002
G1 X131.665 Y108.443 E0.00002
G1 F501.7 X131.673 Y108.475 E0.00002
G1 F500.5 X131.681 Y108.507 E0.00002
G1 X131.689 Y108.539 E0.00002
G1 X131.705 Y108.622 E0.00004
G1 X131.722 Y108.705 E0.00004
G1 F501.7 X131.739 Y108.789 E0.00005
G1 F502.9 X131.751 Y108.865 E0.00004
G1 X131.762 Y108.94 E0.00004
G1 F504.1 X131.773 Y109.015 E0.00004
G1 X131.785 Y109.09 E0.00004
G1 X131.789 Y109.12 E0.00002
G1 X131.795 Y109.169 E0.00003
G1 F502.9 X131.801 Y109.219 E0.00003
G1 F501.7 X131.807 Y109.268 E0.00003
G1 F500.5 X131.82 Y109.415 E0.00008
G1 X131.833 Y109.563 E0.00008
G1 X131.836 Y109.625 E0.00003
G1 F502.9 X131.839 Y109.687 E0.00003
G1 F504.1 X131.844 Y109.834 E0.00008
G1 X131.849 Y109.982 E0.00008
G1 X131.849 Y110.054 E0.00004
G1 X131.845 Y110.169 E0.00006
G1 X131.841 Y110.284 E0.00006
G1 X131.837 Y110.348 E0.00003
G1 F502.9 X131.792 Y110.881 E0.00028
G1 F501.7 X131.784 Y110.946 E0.00003
G1 X131.768 Y111.039 E0.00005
G1 X131.752 Y111.133 E0.00005
G1 F502.9 X131.736 Y111.227 E0.00005
G1 F504.1 X131.716 Y111.321 E0.00005
G1 X131.615 Y111.756 E0.00023
G1 F502.9 X131.601 Y111.815 E0.00003
G1 F501.7 X131.47 Y112.241 E0.00023
G1 F502.9 X131.441 Y112.327 E0.00005
G1 F504.1 X131.38 Y112.482 E0.00009
G1 X131.318 Y112.638 E0.00009
G1 F502.9 X131.3 Y112.68 E0.00002
G1 X131.281 Y112.722 E0.00002
G1 F501.7 X131.262 Y112.764 E0.00002
G1 F500.5 X131.243 Y112.806 E0.00002
G1 X131.225 Y112.848 E0.00002
G1 F499.3 X131.206 Y112.89 E0.00002
G1 X131.187 Y112.932 E0.00002
G1 X131.166 Y112.975 E0.00003
G1 F500.5 X131.145 Y113.017 E0.00002
G1 X131.124 Y113.059 E0.00002
G1 F501.7 X131.103 Y113.101 E0.00002
G1 F502.9 X131.082 Y113.144 E0.00003
G1 X131.055 Y113.198 E0.00003
G1 F501.7 X130.834 Y113.583 E0.00023
G1 X130.805 Y113.632 E0.00003
G1 F499.3 X130.775 Y113.681 E0.00003
G1 F498.1 X130.59 Y113.953 E0.00017
G1 F499.3 X130.562 Y113.993 E0.00003
G1 F501.7 X130.533 Y114.033 E0.00003
G1 X130.513 Y114.06 E0.00002
G1 X130.474 Y114.111 E0.00003
G1 F500.5 X130.435 Y114.163 E0.00003
G1 F499.3 X130.434 Y114.164 E0
G1 F500.5 X130.381 Y114.23 E0.00004
G1 X130.328 Y114.296 E0.00004
G1 X130.274 Y114.362 E0.00004
G1 F501.7 X130.221 Y114.428 E0.00004
G1 X130.167 Y114.495 E0.00005
G1 F502.9 X130.113 Y114.552 E0.00004
G1 X130.059 Y114.61 E0.00004
G1 F504.1 X130.005 Y114.667 E0.00004
G1 X129.951 Y114.725 E0.00004
G1 X129.935 Y114.742 E0.00001
G1 X129.876 Y114.803 E0.00004
G1 F502.9 X129.816 Y114.864 E0.00004
G1 F501.7 X129.815 Y114.865 E0
G1 F502.9 X129.746 Y114.931 E0.00005
G1 X129.676 Y114.997 E0.00005
G1 F504.1 X129.606 Y115.063 E0.00005
G1 X129.536 Y115.129 E0.00005
G1 X129.488 Y115.173 E0.00003
G1 F502.9 X129.412 Y115.235 E0.00005
G1 F501.7 X129.336 Y115.297 E0.00005
G1 X129.26 Y115.359 E0.00005
G1 F500.5 X129.259 Y115.36 E0
G1 F501.7 X129.218 Y115.391 E0.00003
G1 F504.1 X129.177 Y115.423 E0.00003
G1 F502.9 X129.156 Y115.439 E0.00001
G1 F501.7 X129.111 Y115.472 E0.00003
G1 X129.066 Y115.505 E0.00003
G1 F500.5 X129.021 Y115.539 E0.00003
G1 F499.3 X128.976 Y115.572 E0.00003
G1 X128.931 Y115.605 E0.00003
G1 X128.851 Y115.66 E0.00005
G1 X128.772 Y115.713 E0.00005
G1 F500.5 X128.693 Y115.766 E0.00005
G1 F501.7 X128.556 Y115.846 E0.00008
G1 X128.419 Y115.925 E0.00008
G1 X128.282 Y116.004 E0.00008
G1 X128.146 Y116.084 E0.00008
G1 X128.107 Y116.102 E0.00002
G1 F500.5 X128.067 Y116.122 E0.00002
G1 X128.026 Y116.142 E0.00002
G1 F499.3 X127.986 Y116.162 E0.00002
G1 F498.1 X127.945 Y116.182 E0.00002
G1 X127.905 Y116.201 E0.00002
G1 X127.873 Y116.215 E0.00002
G1 X127.839 Y116.23 E0.00002
G1 F499.3 X127.805 Y116.245 E0.00002
G1 F500.5 X127.771 Y116.26 E0.00002
G1 X127.737 Y116.275 E0.00002
G1 F501.7 X127.703 Y116.289 E0.00002
G1 F502.9 X127.669 Y116.304 E0.00002
G1 X127.635 Y116.319 E0.00002
G1 X127.33 Y116.437 E0.00017
G1 X127.278 Y116.454 E0.00003
G1 X127.226 Y116.472 E0.00003
G1 F501.7 X127.174 Y116.49 E0.00003
G1 F500.5 X127.122 Y116.508 E0.00003
G1 X127.07 Y116.526 E0.00003
G1 X127.034 Y116.536 E0.00002
G1 X126.999 Y116.546 E0.00002
G1 F501.7 X126.965 Y116.556 E0.00002
G1 F502.9 X126.93 Y116.566 E0.00002
G1 X126.895 Y116.576 E0.00002
G1 F504.1 X126.861 Y116.586 E0.00002
G1 F505.3 X126.826 Y116.596 E0.00002
G1 X126.791 Y116.606 E0.00002
G1 X126.751 Y116.617 E0.00002
G1 X126.694 Y116.632 E0.00003
G1 F502.9 X126.636 Y116.648 E0.00003
G1 X126.545 Y116.667 E0.00005
G1 X126.454 Y116.686 E0.00005
G1 X126.363 Y116.705 E0.00005
G1 F504.1 X126.272 Y116.724 E0.00005
G1 X126.181 Y116.743 E0.00005
G1 X126.104 Y116.755 E0.00004
G1 X126.027 Y116.768 E0.00004
G1 F502.9 X125.95 Y116.78 E0.00004
G1 X125.873 Y116.793 E0.00004
G1 X125.686 Y116.808 E0.0001
G1 X125.499 Y116.824 E0.0001
G1 X125.311 Y116.84 E0.0001
G1 X125.169 Y116.846 E0.00007
G1 F504.1 X125.117 Y116.846 E0.00003
G1 F505.3 X125.065 Y116.846 E0.00003
G1 F506.5 X125.013 Y116.846 E0.00003
G1 X124.988 Y116.846 E0.00001
G1 X124.897 Y116.845 E0.00005
G1 F505.3 X124.806 Y116.844 E0.00005
G1 X124.715 Y116.842 E0.00005
G1 F502.9 X124.687 Y116.842 E0.00001
G1 F501.7 X124.503 Y116.827 E0.0001
G1 X124.319 Y116.811 E0.0001
G1 X124.135 Y116.795 E0.0001
G1 X123.967 Y116.769 E0.00009
G1 X123.798 Y116.742 E0.00009
G1 X123.51 Y116.683 E0.00015
G1 F502.9 X123.456 Y116.669 E0.00003
G1 X123.402 Y116.655 E0.00003
G1 F504.1 X123.348 Y116.641 E0.00003
G1 F505.3 X123.294 Y116.627 E0.00003
G1 X123.239 Y116.613 E0.00003
G1 X123.208 Y116.604 E0.00002
G1 X123.178 Y116.596 E0.00002
G1 F504.1 X123.147 Y116.587 E0.00002
G1 X123.116 Y116.579 E0.00002
G1 F502.9 X123.085 Y116.57 E0.00002
G1 F501.7 X123.055 Y116.562 E0.00002
G1 X123.024 Y116.553 E0.00002
G1 F500.5 X122.993 Y116.545 E0.00002
G1 F499.3 X122.962 Y116.536 E0.00002
G1 X122.931 Y116.528 E0.00002
G1 X122.875 Y116.509 E0.00003
G1 X122.823 Y116.491 E0.00003
G1 F500.5 X122.771 Y116.474 E0.00003
G1 F501.7 X122.719 Y116.456 E0.00003
G1 X122.667 Y116.438 E0.00003
G1 X122.5 Y116.376 E0.00009
G1 F502.9 X122.444 Y116.353 E0.00003
G1 F504.1 X122.388 Y116.33 E0.00003
G1 X122.359 Y116.318 E0.00002
G1 F502.9 X122.316 Y116.3 E0.00002
G1 F501.7 X122.273 Y116.281 E0.00002
G1 X122.23 Y116.262 E0.00002
G1 F500.5 X122.187 Y116.243 E0.00002
G1 F499.3 X122.144 Y116.224 E0.00002
G1 X122.101 Y116.205 E0.00002
G1 X122.065 Y116.187 E0.00002
G1 F500.5 X122.029 Y116.169 E0.00002
G1 X121.993 Y116.151 E0.00002
G1 F501.7 X121.957 Y116.134 E0.00002
G1 F502.9 X121.921 Y116.116 E0.00002
G1 X121.885 Y116.098 E0.00002
G1 F504.1 X121.849 Y116.08 E0.00002
G1 X121.821 Y116.065 E0.00002
G1 X121.778 Y116.043 E0.00003
G1 F502.9 X121.735 Y116.02 E0.00003
G1 F501.7 X121.691 Y115.997 E0.00003
G1 X121.608 Y115.949 E0.00005
G1 X121.525 Y115.901 E0.00005
G1 F502.9 X121.442 Y115.852 E0.00005
G1 X121.287 Y115.749 E0.0001
G1 X121.131 Y115.645 E0.0001
G1 X120.976 Y115.541 E0.0001
G1 F501.7 X120.931 Y115.508 E0.00003
G1 X120.86 Y115.453 E0.00005
G1 F500.5 X120.788 Y115.397 E0.00005
G1 X120.716 Y115.341 E0.00005
G1 X120.691 Y115.32 E0.00002
G1 X120.667 Y115.299 E0.00002
G1 F501.7 X120.642 Y115.279 E0.00002
G1 F502.9 X120.618 Y115.258 E0.00002
G1 X120.593 Y115.237 E0.00002
G1 F504.1 X120.569 Y115.217 E0.00002
G1 F505.3 X120.544 Y115.196 E0.00002
G1 X120.52 Y115.176 E0.00002
G1 F506.5 X120.495 Y115.155 E0.00002
G1 X120.476 Y115.138 E0.00001
G1 X120.445 Y115.111 E0.00002
G1 F505.3 X120.413 Y115.083 E0.00002
G1 X120.382 Y115.055 E0.00002
G1 F504.1 X120.35 Y115.027 E0.00002
G1 F502.9 X120.319 Y115 E0.00002
G1 X120.287 Y114.972 E0.00002
G1 X120.249 Y114.933 E0.00003
G1 X120.188 Y114.87 E0.00005
G1 X120.127 Y114.807 E0.00005
G1 F501.7 X120.066 Y114.744 E0.00005
G1 X120.004 Y114.681 E0.00005
G1 X119.943 Y114.618 E0.00005
G1 X119.902 Y114.573 E0.00003
G1 F504.1 X119.862 Y114.528 E0.00003
G1 F505.3 X119.842 Y114.504 E0.00002
G1 X119.802 Y114.457 E0.00003
G1 F504.1 X119.761 Y114.409 E0.00003
G1 X119.72 Y114.361 E0.00003
G1 F502.9 X119.679 Y114.313 E0.00003
G1 F501.7 X119.674 Y114.308 E0
G1 F502.9 X119.624 Y114.245 E0.00004
G1 F504.1 X119.574 Y114.181 E0.00004
G1 X119.553 Y114.153 E0.00002
G1 X119.525 Y114.116 E0.00002
G1 F501.7 X119.496 Y114.078 E0.00003
G1 X119.445 Y114.004 E0.00005
G1 X119.394 Y113.93 E0.00005
G1 X119.343 Y113.856 E0.00005
G1 F502.9 X119.292 Y113.782 E0.00005
G1 X119.241 Y113.708 E0.00005
G1 X119.207 Y113.655 E0.00003
G1 X119.158 Y113.573 E0.00005
G1 F501.7 X119.109 Y113.49 E0.00005
G1 X119.06 Y113.407 E0.00005
G1 X119.029 Y113.35 E0.00003
G1 F502.9 X118.997 Y113.293 E0.00003
G1 X118.966 Y113.236 E0.00003
G1 F504.1 X118.934 Y113.179 E0.00003
G1 X118.917 Y113.148 E0.00002
G1 F502.9 X118.896 Y113.107 E0.00002
G1 F500.5 X118.874 Y113.066 E0.00002
G1 X118.837 Y112.985 E0.00005
G1 X118.799 Y112.903 E0.00005
G1 X118.761 Y112.821 E0.00005
G1 F501.7 X118.724 Y112.739 E0.00005
G1 X118.686 Y112.658 E0.00005
G1 F502.9 X118.654 Y112.575 E0.00005
G1 X118.622 Y112.492 E0.00005
G1 F504.1 X118.59 Y112.409 E0.00005
G1 X118.557 Y112.326 E0.00005
G1 F502.9 X118.526 Y112.241 E0.00005
G1 F501.7 X118.482 Y112.1 E0.00008
G1 X118.438 Y111.959 E0.00008
G1 X118.393 Y111.817 E0.00008
G1 X118.384 Y111.78 E0.00002
G1 F504.1 X118.375 Y111.743 E0.00002
G1 X118.361 Y111.68 E0.00003
G1 X118.347 Y111.616 E0.00003
G1 X118.333 Y111.553 E0.00003
G1 F502.9 X118.319 Y111.489 E0.00003
G1 X118.305 Y111.426 E0.00003
G1 F501.7 X118.291 Y111.362 E0.00003
G1 X118.277 Y111.299 E0.00003
G1 X118.262 Y111.235 E0.00003
G1 X118.256 Y111.196 E0.00002
G1 F504.1 X118.232 Y111.034 E0.00009
G1 X118.207 Y110.872 E0.00009
G1 X118.191 Y110.685 E0.0001
G1 X118.174 Y110.498 E0.0001
G1 X118.158 Y110.31 E0.0001
G1 X118.154 Y110.158 E0.00008
G1 X118.151 Y110.007 E0.00008
G1 X118.151 Y109.866 E0.00007
G1 F502.9 X118.157 Y109.689 E0.00009
G1 X118.16 Y109.628 E0.00003
G1 F501.7 X118.163 Y109.567 E0.00003
G1 F500.5 X118.198 Y109.172 E0.00021
G1 F501.7 X118.208 Y109.094 E0.00004
G1 X118.276 Y108.682 E0.00022
G1 X118.341 Y108.39 E0.00016
G1 F502.9 X118.355 Y108.337 E0.00003
G1 F504.1 X118.369 Y108.284 E0.00003
G1 F505.3 X118.384 Y108.231 E0.00003
G1 X118.393 Y108.197 E0.00002
G1 X118.406 Y108.152 E0.00002
G1 F504.1 X118.419 Y108.107 E0.00002
G1 F502.9 X118.432 Y108.062 E0.00002
G1 X118.445 Y108.017 E0.00002
G1 F501.7 X118.458 Y107.972 E0.00002
G1 X118.482 Y107.899 E0.00004
G1 X118.506 Y107.825 E0.00004
G1 F502.9 X118.531 Y107.751 E0.00004
G1 X118.555 Y107.677 E0.00004
G1 X118.677 Y107.363 E0.00018
G1 F504.1 X118.757 Y107.192 E0.0001
G1 X118.837 Y107.021 E0.0001
G1 X118.917 Y106.85 E0.0001
G1 X118.983 Y106.727 E0.00007
G1 F502.9 X119.054 Y106.599 E0.00008
G1 X119.125 Y106.471 E0.00008
G1 X119.165 Y106.408 E0.00004
G1 X119.211 Y106.338 E0.00004
G1 X119.257 Y106.268 E0.00004
G1 F501.7 X119.304 Y106.198 E0.00004
G1 X119.35 Y106.128 E0.00004
G1 X119.375 Y106.094 E0.00002
G1 F502.9 X119.399 Y106.061 E0.00002
G1 X119.423 Y106.028 E0.00002
G1 F504.1 X119.447 Y105.995 E0.00002
G1 F505.3 X119.471 Y105.961 E0.00002
G1 X119.49 Y105.935 E0.00002
G1 X119.511 Y105.907 E0.00002
G1 F504.1 X119.533 Y105.878 E0.00002
G1 X119.554 Y105.849 E0.00002
G1 F502.9 X119.576 Y105.82 E0.00002
G1 F501.7 X119.598 Y105.791 E0.00002
G1 X119.619 Y105.763 E0.00002
G1 F500.5 X119.641 Y105.734 E0.00002
G1 X119.658 Y105.714 E0.00001
G1 X119.675 Y105.693 E0.00001
G1 F501.7 X119.693 Y105.673 E0.00001
G1 F502.9 X119.71 Y105.652 E0.00001
G1 X119.728 Y105.632 E0.00001
G1 F504.1 X119.745 Y105.611 E0.00001
G1 F505.3 X119.763 Y105.591 E0.00001
G1 X119.78 Y105.57 E0.00001
G1 F506.5 X119.797 Y105.549 E0.00001
G1 F507.7 X119.815 Y105.529 E0.00001
G1 X119.832 Y105.508 E0.00001
G1 X119.856 Y105.481 E0.00002
G1 X119.886 Y105.447 E0.00002
G1 F506.5 X119.916 Y105.412 E0.00002
G1 F505.3 X119.946 Y105.378 E0.00002
G1 X119.976 Y105.343 E0.00002
G1 F504.1 X120.007 Y105.308 E0.00002
G1 F501.7 X120.03 Y105.279 E0.00002
G1 F498.1 X120.043 Y105.261 E0.00001
G1 F494.6 X120.047 Y105.253 E0
G1 F491.2 X120.052 Y105.244 E0.00001
G1 F487.8 X120.057 Y105.235 E0.00001
G1 F484.4 X120.062 Y105.227 E0.00001
G1 F481.1 X120.067 Y105.218 E0.00001
G1 F478.9 X120.072 Y105.209 E0.00001
G1 F475.7 X120.077 Y105.201 E0.00001
G1 F472.5 X120.082 Y105.192 E0.00001
G1 F469.3 X120.087 Y105.183 E0.00001
G1 F466.2 X120.092 Y105.174 E0.00001
G1 F468.3 X120.088 Y105.165 E0.00001
G1 F476.7 X120.083 Y105.157 E0.00001
G1 F485.5 X120.077 Y105.148 E0.00001
G1 F494.6 X120.072 Y105.14 E0.00001
G1 F502.9 X120.066 Y105.132 E0.00001
G1 F512.6 X120.061 Y105.123 E0.00001
G1 F522.8 X120.055 Y105.115 E0.00001
G1 F533.3 X120.05 Y105.107 E0
G1 F542.9 X120.044 Y105.098 E0.00001
G1 F554.3 X120.039 Y105.09 E0
G1 F566.2 X120.033 Y105.082 E0
G1 F578.6 X120.028 Y105.073 E0
G1 F589.9 X120.022 Y105.065 E0
G1 F603.4 X120.017 Y105.057 E0
G1 F617.5 X120.011 Y105.048 E0
G1 F632.3 X120.006 Y105.04 E0
G1 F645.9 X120 Y105.032 E0
G1 F662.1 X119.995 Y105.023 E0
G1 F679.1 X119.989 Y105.015 E0
G1 F697 X119.984 Y105.007 E0
G1 F713.5 X119.978 Y104.998 E0
G1 F733.3 X119.973 Y104.99 E0
G1 F754.3 X119.967 Y104.982 E0
G1 F776.5 X119.962 Y104.973 E0
G1 F797 X119.956 Y104.965 E0
G1 F821.8 X119.951 Y104.957 E0
G1 F848.2 X119.945 Y104.948 E0
G1 F876.3 X119.94 Y104.94 E0
G1 F891.1 X119.892 Y104.892 E0.00002
G1 X119.845 Y104.845 E0.00002
G1 X119.799 Y104.799 E0.00002
G1 X119.752 Y104.752 E0.00002
G1 X119.705 Y104.705 E0.00002
G1 X119.659 Y104.659 E0.00002
G1 X119.612 Y104.612 E0.00002
G1 X119.565 Y104.565 E0.00002
G1 X119.519 Y104.519 E0.00002
G1 F894.9 X119.472 Y104.472 E0.00002
G1 X119.425 Y104.425 E0.00002
G1 X119.379 Y104.379 E0.00002
G1 X119.332 Y104.332 E0.00002
G1 X119.285 Y104.285 E0.00002
G1 X119.239 Y104.239 E0.00002
G1 X119.192 Y104.192 E0.00002
G1 X119.145 Y104.145 E0.00002
G1 X119.099 Y104.099 E0.00002
G1 F898.7 X119.052 Y104.052 E0.00002
G1 X119.005 Y104.005 E0.00002
G1 X118.959 Y103.959 E0.00002
G1 X118.912 Y103.912 E0.00002
G1 X118.865 Y103.865 E0.00002
G1 X118.819 Y103.819 E0.00002
G1 X118.772 Y103.772 E0.00002
G1 X118.725 Y103.725 E0.00002
G1 X118.679 Y103.679 E0.00002
G0 F24000 X118.817 Y103.817
G1 F60 E-0.001
G1 F18000 Z3.2
G0 F24000 X118.335 Y109.699 Z3.2
G1 F18000 Z1.6
G1 F60 E0.001
G1 F754.35 X118.331 Y109.866 Z1.544317 E0.00009
G1 F756.15 X118.331 Y109.995 Z1.501317 E0.00007
G1 X118.333 Y110.148 Z1.450313 E0.00008
G1 X118.335 Y110.301 Z1.399309 E0.00008
G1 X118.351 Y110.485 Z1.337744 E0.0001
G1 X118.367 Y110.669 Z1.276179 E0.0001
G1 X118.384 Y110.853 Z1.214585 E0.0001
G1 X118.390433 Y110.896278 Z1.2 E0.000094
G1 F502.9
G1 X118.406 Y111.001 E0.00008
G1 X118.429 Y111.149 E0.00008
G1 X118.469 Y111.334 E0.0001
G1 X118.509 Y111.52 E0.0001
G1 X118.55 Y111.706 E0.0001
G1 F502.9 X118.565 Y111.764 E0.00003
G1 F501.7 X118.609 Y111.903 E0.00008
G1 X118.653 Y112.042 E0.00008
G1 X118.697 Y112.182 E0.00008
G1 X118.85 Y112.583 E0.00023
G1 X118.887 Y112.663 E0.00005
G1 X118.925 Y112.744 E0.00005
G1 F500.5 X118.962 Y112.825 E0.00005
G1 X119 Y112.906 E0.00005
G1 X119.037 Y112.986 E0.00005
G1 X119.057 Y113.026 E0.00002
G1 F502.9 X119.077 Y113.068 E0.00002
G1 F504.1 X119.09 Y113.093 E0.00001
G1 X119.122 Y113.149 E0.00003
G1 F502.9 X119.154 Y113.205 E0.00003
G1 X119.186 Y113.262 E0.00003
G1 F501.7 X119.218 Y113.318 E0.00003
G1 X119.266 Y113.399 E0.00005
G1 X119.314 Y113.482 E0.00005
G1 F502.9 X119.362 Y113.565 E0.00005
G1 X119.387 Y113.605 E0.00002
G1 X119.437 Y113.678 E0.00005
G1 X119.488 Y113.751 E0.00005
G1 F501.7 X119.539 Y113.824 E0.00005
G1 X119.59 Y113.897 E0.00005
G1 X119.64 Y113.97 E0.00005
G1 X119.669 Y114.01 E0.00003
G1 F504.1 X119.697 Y114.048 E0.00002
G1 X119.714 Y114.07 E0.00001
G1 X119.765 Y114.133 E0.00004
G1 F502.9 X119.816 Y114.196 E0.00004
G1 X119.856 Y114.244 E0.00003
G1 F504.1 X119.896 Y114.293 E0.00003
G1 X119.936 Y114.341 E0.00003
G1 F505.3 X119.977 Y114.39 E0.00003
G1 X119.994 Y114.408 E0.00001
G1 F504.1 X120.035 Y114.452 E0.00003
G1 F501.7 X120.076 Y114.496 E0.00003
G1 X120.136 Y114.558 E0.00005
G1 X120.196 Y114.621 E0.00005
G1 X120.257 Y114.684 E0.00005
G1 F502.9 X120.317 Y114.746 E0.00005
G1 X120.377 Y114.809 E0.00005
G1 F504.1 X120.42 Y114.848 E0.00003
G1 X120.464 Y114.888 E0.00003
G1 F505.3 X120.508 Y114.928 E0.00003
G1 F506.5 X120.551 Y114.967 E0.00003
G1 X120.595 Y115.007 E0.00003
G1 X120.611 Y115.021 E0.00001
G1 X120.635 Y115.04 E0.00002
G1 F505.3 X120.659 Y115.06 E0.00002
G1 X120.683 Y115.079 E0.00002
G1 F504.1 X120.707 Y115.099 E0.00002
G1 F502.9 X120.731 Y115.118 E0.00002
G1 X120.755 Y115.138 E0.00002
G1 F501.7 X120.779 Y115.157 E0.00002
G1 F500.5 X120.803 Y115.177 E0.00002
G1 X120.828 Y115.197 E0.00002
G1 X120.899 Y115.253 E0.00005
G1 X120.97 Y115.309 E0.00005
G1 F501.7 X121.042 Y115.366 E0.00005
G1 F502.9 X121.204 Y115.476 E0.0001
G1 X121.367 Y115.587 E0.0001
G1 X121.53 Y115.697 E0.0001
G1 X121.612 Y115.743 E0.00005
G1 F501.7 X121.695 Y115.79 E0.00005
G1 X121.778 Y115.837 E0.00005
G1 X121.821 Y115.86 E0.00003
G1 F502.9 X121.863 Y115.883 E0.00003
G1 F504.1 X121.905 Y115.906 E0.00003
G1 X121.928 Y115.919 E0.00001
G1 X121.963 Y115.935 E0.00002
G1 F502.9 X121.998 Y115.952 E0.00002
G1 X122.033 Y115.969 E0.00002
G1 F501.7 X122.068 Y115.986 E0.00002
G1 F500.5 X122.103 Y116.002 E0.00002
G1 X122.138 Y116.019 E0.00002
G1 F499.3 X122.174 Y116.036 E0.00002
G1 X122.217 Y116.056 E0.00003
G1 X122.26 Y116.076 E0.00003
G1 F500.5 X122.303 Y116.095 E0.00002
G1 F501.7 X122.345 Y116.115 E0.00002
G1 X122.388 Y116.134 E0.00002
G1 F502.9 X122.431 Y116.154 E0.00002
G1 F504.1 X122.455 Y116.164 E0.00001
G1 X122.508 Y116.185 E0.00003
G1 F502.9 X122.562 Y116.207 E0.00003
G1 F501.7 X122.724 Y116.267 E0.00009
G1 X122.787 Y116.288 E0.00003
G1 F500.5 X122.85 Y116.309 E0.00003
G1 X122.914 Y116.33 E0.00004
G1 F499.3 X122.977 Y116.351 E0.00004
G1 X123.007 Y116.36 E0.00002
G1 X123.038 Y116.369 E0.00002
G1 F500.5 X123.069 Y116.378 E0.00002
G1 F501.7 X123.099 Y116.387 E0.00002
G1 X123.13 Y116.397 E0.00002
G1 F502.9 X123.161 Y116.406 E0.00002
G1 F504.1 X123.191 Y116.415 E0.00002
G1 X123.222 Y116.424 E0.00002
G1 F505.3 X123.253 Y116.434 E0.00002
G1 X123.28 Y116.441 E0.00001
G1 X123.333 Y116.453 E0.00003
G1 X123.386 Y116.466 E0.00003
G1 F504.1 X123.44 Y116.479 E0.00003
G1 F502.9 X123.493 Y116.492 E0.00003
G1 X123.547 Y116.505 E0.00003
G1 F501.7 X123.827 Y116.563 E0.00015
G1 X123.983 Y116.588 E0.00008
G1 X124.139 Y116.614 E0.00008
G1 X124.324 Y116.629 E0.0001
G1 X124.509 Y116.645 E0.0001
G1 X124.694 Y116.661 E0.0001
G1 F502.9 X124.743 Y116.662 E0.00003
G1 X124.792 Y116.663 E0.00003
G1 F504.1 X124.841 Y116.664 E0.00003
G1 F505.3 X124.89 Y116.665 E0.00003
G1 X124.939 Y116.666 E0.00003
G1 F506.5 X124.988 Y116.667 E0.00003
G1 X125.01 Y116.668 E0.00001
G1 X125.061 Y116.668 E0.00003
G1 F505.3 X125.112 Y116.667 E0.00003
G1 F504.1 X125.163 Y116.667 E0.00003
G1 F502.9 X125.301 Y116.661 E0.00007
G1 X125.486 Y116.645 E0.0001
G1 X125.671 Y116.629 E0.0001
G1 X125.857 Y116.613 E0.0001
G1 X125.955 Y116.598 E0.00005
G1 X126.054 Y116.582 E0.00005
G1 F504.1 X126.153 Y116.566 E0.00005
G1 X126.241 Y116.547 E0.00005
G1 X126.33 Y116.528 E0.00005
G1 F502.9 X126.419 Y116.509 E0.00005
G1 X126.508 Y116.49 E0.00005
G1 X126.597 Y116.471 E0.00005
G1 X126.653 Y116.459 E0.00003
G1 F505.3 X126.71 Y116.446 E0.00003
G1 X126.741 Y116.437 E0.00002
G1 X126.774 Y116.427 E0.00002
G1 X126.807 Y116.417 E0.00002
G1 F504.1 X126.841 Y116.406 E0.00002
G1 F502.9 X126.874 Y116.396 E0.00002
G1 X126.907 Y116.386 E0.00002
G1 F501.7 X126.941 Y116.375 E0.00002
G1 F500.5 X126.974 Y116.365 E0.00002
G1 X127.008 Y116.354 E0.00002
G1 X127.063 Y116.336 E0.00003
G1 X127.115 Y116.319 E0.00003
G1 F501.7 X127.167 Y116.302 E0.00003
G1 F502.9 X127.219 Y116.285 E0.00003
G1 X127.272 Y116.268 E0.00003
G1 X127.565 Y116.154 E0.00016
G1 X127.597 Y116.139 E0.00002
G1 X127.63 Y116.124 E0.00002
G1 F501.7 X127.663 Y116.109 E0.00002
G1 F500.5 X127.695 Y116.094 E0.00002
G1 X127.728 Y116.079 E0.00002
G1 F499.3 X127.761 Y116.064 E0.00002
G1 F498.1 X127.794 Y116.049 E0.00002
G1 X127.826 Y116.034 E0.00002
G1 X127.866 Y116.015 E0.00002
G1 X127.907 Y115.996 E0.00002
G1 F499.3 X127.948 Y115.977 E0.00002
G1 F500.5 X127.989 Y115.958 E0.00002
G1 X128.03 Y115.939 E0.00002
G1 F501.7 X128.07 Y115.92 E0.00002
G1 X128.242 Y115.82 E0.0001
G1 X128.416 Y115.719 E0.00011
G1 X128.59 Y115.618 E0.00011
G1 F500.5 X128.667 Y115.565 E0.00005
G1 F499.3 X128.745 Y115.512 E0.00005
G1 X128.822 Y115.459 E0.00005
G1 X128.867 Y115.427 E0.00003
G1 X128.912 Y115.394 E0.00003
G1 F500.5 X128.957 Y115.361 E0.00003
G1 F501.7 X129.003 Y115.328 E0.00003
G1 X129.048 Y115.295 E0.00003
G1 F502.9 X129.158 Y115.207 E0.00007
G1 X129.267 Y115.12 E0.00007
G1 X129.375 Y115.034 E0.00007
G1 F504.1 X129.413 Y115 E0.00003
G1 X129.481 Y114.935 E0.00005
G1 X129.55 Y114.869 E0.00005
G1 F502.9 X129.618 Y114.803 E0.00005
G1 X129.687 Y114.737 E0.00005
G1 X129.748 Y114.676 E0.00005
G1 F504.1 X129.809 Y114.616 E0.00004
G1 X129.822 Y114.603 E0.00001
G1 X129.884 Y114.536 E0.00005
G1 F502.9 X129.947 Y114.469 E0.00005
G1 X130.01 Y114.401 E0.00005
G1 F501.7 X130.386 Y113.929 E0.00032
G1 X130.413 Y113.89 E0.00002
G1 F499.3 X130.44 Y113.851 E0.00003
G1 F498.1 X130.62 Y113.584 E0.00017
G1 F499.3 X130.65 Y113.536 E0.00003
G1 F501.7 X130.681 Y113.488 E0.00003
G1 F502.9 X130.76 Y113.348 E0.00008
G1 X130.84 Y113.208 E0.00008
G1 X130.92 Y113.068 E0.00008
G1 X131.155 Y112.564 E0.00029
G1 F504.1 X131.209 Y112.429 E0.00008
G1 X131.263 Y112.294 E0.00008
G1 X131.32 Y112.109 E0.0001
G1 X131.378 Y111.924 E0.0001
G1 X131.436 Y111.738 E0.0001
G1 F502.9 X131.558 Y111.198 E0.00029
G1 X131.614 Y110.853 E0.00018
G1 X131.659 Y110.334 E0.00027
G1 X131.67 Y110.006 E0.00017
G1 X131.66 Y109.695 E0.00016
G1 X131.656 Y109.636 E0.00003
G1 F500.5 X131.651 Y109.577 E0.00003
G1 X131.639 Y109.432 E0.00008
G1 X131.627 Y109.287 E0.00008
G1 F501.7 X131.622 Y109.238 E0.00003
G1 F502.9 X131.617 Y109.188 E0.00003
G1 F504.1 X131.611 Y109.139 E0.00003
G1 X131.608 Y109.115 E0.00001
G1 X131.594 Y109.019 E0.00005
G1 F502.9 X131.579 Y108.923 E0.00005
G1 X131.564 Y108.827 E0.00005
G1 F501.7 X131.546 Y108.744 E0.00004
G1 F500.5 X131.528 Y108.662 E0.00004
G1 X131.51 Y108.58 E0.00004
G1 X131.503 Y108.548 E0.00002
G1 X131.496 Y108.516 E0.00002
G1 F501.7 X131.489 Y108.484 E0.00002
G1 F502.9 X131.482 Y108.452 E0.00002
G1 X131.474 Y108.419 E0.00002
G1 F504.1 X131.467 Y108.387 E0.00002
G1 F505.3 X131.46 Y108.355 E0.00002
G1 X131.453 Y108.323 E0.00002
G1 F506.5 X131.445 Y108.29 E0.00002
G1 X131.438 Y108.259 E0.00002
G1 X131.427 Y108.224 E0.00002
G1 F504.1 X131.416 Y108.189 E0.00002
G1 F501.7 X131.405 Y108.153 E0.00002
G1 X131.378 Y108.068 E0.00005
G1 X131.35 Y107.982 E0.00005
G1 X131.322 Y107.897 E0.00005
G1 F502.9 X131.295 Y107.811 E0.00005
G1 X131.267 Y107.725 E0.00005
G1 X131.164 Y107.457 E0.00015
G1 X131.1 Y107.319 E0.00008
G1 X131.035 Y107.18 E0.00008
G1 X130.971 Y107.041 E0.00008
G1 X130.906 Y106.903 E0.00008
G1 F500.5 X130.858 Y106.816 E0.00005
G1 X130.757 Y106.642 E0.00011
G1 X130.656 Y106.468 E0.00011
G1 X130.565 Y106.334 E0.00009
G1 X130.474 Y106.199 E0.00009
G1 X130.438 Y106.149 E0.00003
G1 X130.402 Y106.098 E0.00003
G1 F501.7 X130.366 Y106.048 E0.00003
G1 F502.9 X130.33 Y105.997 E0.00003
G1 X130.294 Y105.946 E0.00003
G1 F504.1 X130.184 Y105.813 E0.00009
G1 X130.073 Y105.679 E0.00009
G1 X129.962 Y105.545 E0.00009
G1 X129.922 Y105.503 E0.00003
G1 X129.881 Y105.46 E0.00003
G1 F502.9 X129.841 Y105.417 E0.00003
G1 F501.7 X129.8 Y105.374 E0.00003
G1 X129.759 Y105.331 E0.00003
G1 X129.736 Y105.307 E0.00002
G1 F502.9 X129.712 Y105.283 E0.00002
G1 F504.1 X129.688 Y105.259 E0.00002
G1 X129.664 Y105.235 E0.00002
G1 F505.3 X129.64 Y105.211 E0.00002
G1 F506.5 X129.616 Y105.187 E0.00002
G1 X129.602 Y105.174 E0.00001
G1 X129.539 Y105.116 E0.00004
G1 F505.3 X129.476 Y105.058 E0.00004
G1 X129.413 Y104.999 E0.00004
G1 F504.1 X128.949 Y104.626 E0.00031
G1 X128.88 Y104.576 E0.00004
G1 F502.9 X128.801 Y104.523 E0.00005
G1 F501.7 X128.721 Y104.469 E0.00005
G1 X128.642 Y104.416 E0.00005
G1 X128.591 Y104.382 E0.00003
G1 F502.9 X128.539 Y104.348 E0.00003
G1 F504.1 X128.488 Y104.314 E0.00003
G1 X128.466 Y104.301 E0.00001
G1 X128.429 Y104.279 E0.00002
G1 F501.7 X128.392 Y104.257 E0.00002
G1 X128.265 Y104.186 E0.00008
G1 X128.138 Y104.115 E0.00008
G1 F502.9 X128.068 Y104.077 E0.00004
G1 X128.023 Y104.056 E0.00003
G1 F501.7 X127.977 Y104.034 E0.00003
G1 X127.931 Y104.012 E0.00003
G1 F500.5 X127.885 Y103.99 E0.00003
G1 X127.85 Y103.974 E0.00002
G1 X127.815 Y103.958 E0.00002
G1 F501.7 X127.779 Y103.941 E0.00002
G1 X127.744 Y103.925 E0.00002
G1 F502.9 X127.709 Y103.908 E0.00002
G1 F504.1 X127.673 Y103.892 E0.00002
G1 X127.638 Y103.876 E0.00002
G1 F505.3 X127.603 Y103.859 E0.00002
G1 X127.567 Y103.843 E0.00002
G1 X127.275 Y103.729 E0.00016
G1 X127.23 Y103.714 E0.00002
G1 F502.9 X127.184 Y103.699 E0.00003
G1 F501.7 X127.103 Y103.674 E0.00004
G1 F500.5 X127.022 Y103.648 E0.00004
G1 X126.941 Y103.622 E0.00004
G1 X126.9 Y103.609 E0.00002
G1 F501.7 X126.86 Y103.597 E0.00002
G1 X126.82 Y103.585 E0.00002
G1 F502.9 X126.78 Y103.573 E0.00002
G1 F504.1 X126.739 Y103.561 E0.00002
G1 X126.59 Y103.525 E0.00008
G1 X126.44 Y103.489 E0.00008
G1 X126.291 Y103.453 E0.00008
G1 F501.7 X126.237 Y103.444 E0.00003
G1 X126.178 Y103.435 E0.00003
G1 X126.119 Y103.425 E0.00003
G1 F502.9 X126.06 Y103.416 E0.00003
G1 X126.001 Y103.406 E0.00003
G1 F504.1 X125.942 Y103.397 E0.00003
G1 X125.883 Y103.387 E0.00003
G1 X125.688 Y103.37 E0.0001
G1 X125.493 Y103.353 E0.0001
G1 X125.297 Y103.335 E0.0001
G1 F502.9 X125.087 Y103.331 E0.00011
G1 F504.1 X125.005 Y103.331 E0.00004
G1 F505.3 X124.85 Y103.333 E0.00008
G1 X124.695 Y103.336 E0.00008
G1 X124.654 Y103.339 E0.00002
G1 F502.9 X124.613 Y103.342 E0.00002
G1 X124.468 Y103.354 E0.00008
G1 X124.322 Y103.366 E0.00008
G1 X124.175 Y103.378 E0.00008
G1 F504.1 X124.115 Y103.386 E0.00003
G1 X124.06 Y103.394 E0.00003
G1 F502.9 X124.005 Y103.403 E0.00003
G1 X123.95 Y103.411 E0.00003
G1 F501.7 X123.895 Y103.42 E0.00003
G1 X123.843 Y103.429 E0.00003
G1 F502.9 X123.829 Y103.433 E0.00001
G1 X123.737 Y103.452 E0.00005
G1 X123.645 Y103.471 E0.00005
G1 F504.1 X123.553 Y103.49 E0.00005
G1 X123.461 Y103.509 E0.00005
G1 X123.396 Y103.524 E0.00003
G1 X123.356 Y103.535 E0.00002
G1 F502.9 X123.316 Y103.547 E0.00002
G1 F501.7 X123.275 Y103.558 E0.00002
G1 X123.235 Y103.57 E0.00002
G1 F500.5 X123.194 Y103.581 E0.00002
G1 X123.165 Y103.59 E0.00002
G1 X123.136 Y103.598 E0.00002
G1 F501.7 X123.107 Y103.607 E0.00002
G1 X123.078 Y103.615 E0.00002
G1 F502.9 X123.049 Y103.624 E0.00002
G1 X123.021 Y103.632 E0.00002
G1 F504.1 X122.992 Y103.641 E0.00002
G1 F505.3 X122.963 Y103.649 E0.00002
G1 X122.934 Y103.657 E0.00002
G1 F506.5 X122.905 Y103.666 E0.00002
G1 X122.876 Y103.674 E0.00002
G1 X122.846 Y103.684 E0.00002
G1 F505.3 X122.807 Y103.698 E0.00002
G1 F502.9 X122.768 Y103.713 E0.00002
G1 X122.691 Y103.742 E0.00004
G1 X122.614 Y103.772 E0.00004
G1 F504.1 X122.536 Y103.802 E0.00004
G1 X122.459 Y103.832 E0.00004
G1 X122.436 Y103.84 E0.00001
G1 F502.9 X122.398 Y103.858 E0.00002
G1 F500.5 X122.359 Y103.876 E0.00002
G1 F499.3 X122.101 Y103.995 E0.00015
G1 F500.5 X122.067 Y104.011 E0.00002
G1 F501.7 X122.033 Y104.027 E0.00002
G1 F502.9 X121.999 Y104.043 E0.00002
G1 F504.1 X121.965 Y104.06 E0.00002
G1 F505.3 X121.93 Y104.076 E0.00002
G1 X121.903 Y104.091 E0.00002
G1 X121.857 Y104.117 E0.00003
G1 F504.1 X121.811 Y104.143 E0.00003
G1 X121.765 Y104.169 E0.00003
G1 F502.9 X121.719 Y104.195 E0.00003
G1 X121.59 Y104.27 E0.00008
G1 X121.459 Y104.346 E0.00008
G1 F504.1 X121.406 Y104.378 E0.00003
G1 F505.3 X121.381 Y104.395 E0.00002
G1 X121.356 Y104.413 E0.00002
G1 F504.1 X121.33 Y104.431 E0.00002
G1 X121.305 Y104.448 E0.00002
G1 F502.9 X121.279 Y104.466 E0.00002
G1 F501.7 X121.254 Y104.484 E0.00002
G1 X121.228 Y104.502 E0.00002
G1 F500.5 X121.203 Y104.519 E0.00002
G1 X121.177 Y104.537 E0.00002
G1 F499.3 X121.152 Y104.555 E0.00002
G1 X121.127 Y104.573 E0.00002
G1 X121.093 Y104.597 E0.00002
G1 F500.5 X121.064 Y104.618 E0.00002
G1 F501.7 X121.034 Y104.639 E0.00002
G1 X121.005 Y104.66 E0.00002
G1 F502.9 X120.976 Y104.681 E0.00002
G1 F504.1 X120.946 Y104.702 E0.00002
G1 X120.589 Y104.997 E0.00024
G1 X120.564 Y105.02 E0.00002
G1 F502.9 X120.538 Y105.044 E0.00002
G1 F501.7 X120.512 Y105.068 E0.00002
G1 X120.487 Y105.092 E0.00002
G1 F500.5 X120.461 Y105.116 E0.00002
G1 F499.3 X120.435 Y105.14 E0.00002
G1 F496.9 X120.392 Y105.178 E0.00003
G1 F495.8 X120.385 Y105.184 E0
G1 F493.5 X120.377 Y105.19 E0.00001
G1 F491.2 X120.369 Y105.196 E0.00001
G1 F488.9 X120.361 Y105.203 E0.00001
G1 F486.6 X120.353 Y105.209 E0.00001
G1 F484.4 X120.346 Y105.215 E0.00001
G1 F482.2 X120.338 Y105.221 E0.00001
G1 F480 X120.33 Y105.228 E0.00001
G1 F477.8 X120.322 Y105.234 E0.00001
G1 F475.7 X120.314 Y105.24 E0.00001
G1 F473.5 X120.307 Y105.246 E0.00001
G1 F471.4 X120.299 Y105.253 E0.00001
G1 F469.3 X120.291 Y105.259 E0.00001
G1 F467.3 X120.283 Y105.265 E0.00001
G1 F465.2 X120.275 Y105.271 E0.00001
G1 F466.2 X120.265 Y105.282 E0.00001
G1 F468.3 X120.258 Y105.29 E0.00001
G1 F470.4 X120.252 Y105.297 E0.00001
G1 F472.5 X120.245 Y105.305 E0.00001
G1 F475.7 X120.239 Y105.313 E0.00001
G1 F477.8 X120.232 Y105.32 E0.00001
G1 F480 X120.226 Y105.328 E0.00001
G1 F482.2 X120.219 Y105.335 E0.00001
G1 F484.4 X120.213 Y105.343 E0.00001
G1 F487.8 X120.206 Y105.351 E0.00001
G1 F490 X120.2 Y105.358 E0
G1 F492.3 X120.193 Y105.366 E0.00001
G1 F494.6 X120.186 Y105.374 E0.00001
G1 F498.1 X120.172 Y105.392 E0.00001
G1 F501.7 X120.141 Y105.427 E0.00002
G1 F504.1 X120.11 Y105.461 E0.00002
G1 F505.3 X120.079 Y105.495 E0.00002
G1 X120.048 Y105.529 E0.00002
G1 F506.5 X120.017 Y105.563 E0.00002
G1 F507.7 X119.986 Y105.597 E0.00002
G1 X119.97 Y105.615 E0.00001
G1 X119.954 Y105.636 E0.00001
G1 X119.937 Y105.657 E0.00001
G1 F506.5 X119.92 Y105.678 E0.00001
G1 F505.3 X119.903 Y105.699 E0.00001
G1 X119.886 Y105.72 E0.00001
G1 F504.1 X119.869 Y105.741 E0.00001
G1 F502.9 X119.852 Y105.762 E0.00001
G1 X119.835 Y105.783 E0.00001
G1 F501.7 X119.818 Y105.804 E0.00001
G1 F500.5 X119.801 Y105.825 E0.00001
G1 X119.784 Y105.846 E0.00001
G1 X119.763 Y105.873 E0.00002
G1 F501.7 X119.741 Y105.901 E0.00002
G1 X119.719 Y105.93 E0.00002
G1 F502.9 X119.697 Y105.958 E0.00002
G1 F504.1 X119.674 Y105.986 E0.00002
G1 X119.652 Y106.015 E0.00002
G1 F505.3 X119.63 Y106.043 E0.00002
G1 X119.615 Y106.063 E0.00001
G1 X119.587 Y106.104 E0.00003
G1 F504.1 X119.559 Y106.145 E0.00003
G1 F502.9 X119.531 Y106.186 E0.00003
G1 F501.7 X119.502 Y106.228 E0.00003
G1 X119.455 Y106.297 E0.00004
G1 X119.408 Y106.367 E0.00004
G1 F502.9 X119.361 Y106.437 E0.00004
G1 X119.314 Y106.507 E0.00004
G1 X119.14 Y106.812 E0.00018
G1 F504.1 X119.077 Y106.929 E0.00007
G1 X119.057 Y106.971 E0.00002
G1 F502.9 X119.037 Y107.013 E0.00002
G1 F501.7 X119.016 Y107.056 E0.00003
G1 F500.5 X118.996 Y107.098 E0.00002
G1 X118.97 Y107.154 E0.00003
G1 X118.944 Y107.21 E0.00003
G1 F501.7 X118.918 Y107.267 E0.00003
G1 X118.892 Y107.323 E0.00003
G1 F502.9 X118.866 Y107.379 E0.00003
G1 X118.84 Y107.436 E0.00003
G1 X118.725 Y107.734 E0.00017
G1 X118.702 Y107.806 E0.00004
G1 X118.679 Y107.878 E0.00004
G1 F501.7 X118.655 Y107.95 E0.00004
G1 X118.632 Y108.023 E0.00004
G1 X118.618 Y108.068 E0.00002
G1 F502.9 X118.604 Y108.113 E0.00002
G1 X118.59 Y108.158 E0.00002
G1 F504.1 X118.576 Y108.203 E0.00002
G1 F505.3 X118.562 Y108.248 E0.00002
G1 X118.555 Y108.274 E0.00001
G1 X118.543 Y108.325 E0.00003
G1 F504.1 X118.53 Y108.376 E0.00003
G1 F502.9 X118.518 Y108.428 E0.00003
G1 X118.488 Y108.559 E0.00007
G1 X118.458 Y108.69 E0.00007
G1 X118.434 Y108.834 E0.00008
G1 X118.41 Y108.978 E0.00008
G1 X118.386 Y109.122 E0.00008
G1 F501.7 X118.378 Y109.187 E0.00003
G1 F500.5 X118.344 Y109.578 E0.00021
G1 F501.7 X118.34 Y109.639 E0.00003
G1 F502.9 X118.335 Y109.7 E0.00003
G0 F24000 X118.344 Y109.578
G0 X118.35 Y109.5
G1 F60 E-0.001
G1 F18000 Z3.2
G0 F24000 X124.998 Y106.95 Z3.2
G1 F18000 Z1.6
G1 F60 E0.001
G1 F1353.9 X124.998 Y105.75 Z1.2 E0.000674
G1 F902.6
G1 X124.998 Y105.184 E0.00052
G1 F891.1 X124.997 Y105.175 E0
G1 F862 X124.995 Y105.165 E0
G1 F838.1 X124.993 Y105.155 E0
G1 F815.4 X124.991 Y105.145 E0
G1 F791 X124.989 Y105.135 E0
G1 F770.8 X124.988 Y105.125 E0
G1 F751.6 X124.986 Y105.116 E0
G1 F730.8 X124.984 Y105.106 E0
G1 F713.5 X124.982 Y105.096 E0
G1 F697 X124.98 Y105.086 E0
G1 F679.1 X124.979 Y105.076 E0
G1 F664.2 X124.977 Y105.066 E0
G1 F649.8 X124.975 Y105.057 E0
G1 F634.2 X124.973 Y105.047 E0
G1 F621.2 X124.971 Y105.037 E0
G1 F608.6 X124.969 Y105.027 E0
G1 F594.9 X124.968 Y105.017 E0
G1 F583.4 X124.966 Y105.007 E0
G1 F572.4 X124.964 Y104.998 E0
G1 F560.2 X124.962 Y104.988 E0
G1 F550 X124.96 Y104.978 E0
G1 F540.2 X124.959 Y104.968 E0
G1 F529.3 X124.957 Y104.958 E0.00001
G1 F520.2 X124.955 Y104.948 E0.00001
G1 F511.4 X124.953 Y104.939 E0
G1 F501.7 X124.951 Y104.929 E0.00001
G1 F493.5 X124.949 Y104.919 E0.00001
G1 F485.5 X124.948 Y104.909 E0.00001
G1 F476.7 X124.946 Y104.899 E0.00001
G1 F469.3 X124.944 Y104.889 E0.00001
G1 F466.2 X124.934 Y104.885 E0.00001
G1 F468.3 X124.924 Y104.883 E0.00001
G1 F470.4 X124.914 Y104.881 E0.00001
G1 F472.5 X124.904 Y104.879 E0.00001
G1 F474.6 X124.894 Y104.877 E0.00001
G1 F476.7 X124.885 Y104.875 E0.00001
G1 F478.9 X124.875 Y104.873 E0.00001
G1 F481.1 X124.865 Y104.872 E0.00001
G1 F483.3 X124.855 Y104.87 E0.00001
G1 F485.5 X124.845 Y104.868 E0.00001
G1 F487.8 X124.835 Y104.866 E0.00001
G1 F490 X124.826 Y104.864 E0
G1 F492.3 X124.816 Y104.862 E0.00001
G1 F494.6 X124.806 Y104.86 E0.00001
G1 F496.9 X124.796 Y104.858 E0.00001
G1 F499.3 X124.786 Y104.857 E0.00001
G1 F501.7 X124.776 Y104.855 E0.00001
G1 F504.1 X124.577 Y104.871 E0.0001
G1 X124.378 Y104.888 E0.0001
G1 F502.9 X124.318 Y104.895 E0.00003
G1 F501.7 X124.247 Y104.905 E0.00004
G1 X124.176 Y104.915 E0.00004
G1 F502.9 X124.104 Y104.925 E0.00004
G1 F504.1 X124.05 Y104.934 E0.00003
G1 F506.5 X124.017 Y104.941 E0.00002
G1 X123.984 Y104.949 E0.00002
G1 F505.3 X123.95 Y104.957 E0.00002
G1 X123.916 Y104.965 E0.00002
G1 F504.1 X123.882 Y104.973 E0.00002
G1 F502.9 X123.848 Y104.981 E0.00002
G1 X123.814 Y104.989 E0.00002
G1 F501.7 X123.78 Y104.997 E0.00002
G1 X123.724 Y105.011 E0.00003
G1 F502.9 X123.668 Y105.025 E0.00003
G1 F504.1 X123.612 Y105.04 E0.00003
G1 X123.453 Y105.093 E0.00009
G1 X123.294 Y105.146 E0.00009
G1 X123.134 Y105.199 E0.00009
G1 F502.9 X122.676 Y105.403 E0.00026
G1 X122.627 Y105.428 E0.00003
G1 X122.587 Y105.45 E0.00002
G1 X122.547 Y105.472 E0.00002
G1 F504.1 X122.507 Y105.495 E0.00002
G1 X122.466 Y105.517 E0.00002
G1 F505.3 X122.426 Y105.539 E0.00002
G1 F506.5 X122.386 Y105.562 E0.00002
G1 X122.346 Y105.584 E0.00002
G1 X122.324 Y105.596 E0.00001
G1 F504.1 X122.257 Y105.638 E0.00004
G1 X122.216 Y105.665 E0.00003
G1 F505.3 X122.174 Y105.693 E0.00003
G1 X122.133 Y105.72 E0.00003
G1 F506.5 X122.091 Y105.748 E0.00003
G1 F507.7 X122.049 Y105.776 E0.00003
G1 X121.978 Y105.831 E0.00005
G1 X121.907 Y105.886 E0.00005
G1 F506.5 X121.836 Y105.941 E0.00005
G1 X121.765 Y105.996 E0.00005
G1 X121.694 Y106.051 E0.00005
G1 F505.3 X121.362 Y106.352 E0.00023
G1 X121.052 Y106.69 E0.00024
G1 F506.5 X120.997 Y106.76 E0.00005
G1 X120.941 Y106.831 E0.00005
G1 F507.7 X120.886 Y106.902 E0.00005
G1 X120.83 Y106.973 E0.00005
G1 X120.784 Y107.041 E0.00004
G1 X120.737 Y107.111 E0.00004
G1 F506.5 X120.69 Y107.181 E0.00004
G1 X120.643 Y107.251 E0.00004
G1 F505.3 X120.602 Y107.322 E0.00004
G1 X120.561 Y107.393 E0.00004
G1 F504.1 X120.52 Y107.464 E0.00004
G1 X120.479 Y107.535 E0.00004
G1 X120.437 Y107.606 E0.00004
G1 X120.414 Y107.652 E0.00003
G1 F505.3 X120.334 Y107.834 E0.0001
G1 X120.254 Y108.016 E0.0001
G1 X120.174 Y108.199 E0.0001
G1 X119.997 Y108.767 E0.00031
G1 F504.1 X119.978 Y108.852 E0.00005
G1 F502.9 X119.965 Y108.924 E0.00004
G1 F501.7 X119.951 Y108.997 E0.00004
G1 X119.937 Y109.069 E0.00004
G1 X119.932 Y109.103 E0.00002
G1 F502.9 X119.926 Y109.138 E0.00002
G1 X119.92 Y109.172 E0.00002
G1 F504.1 X119.914 Y109.207 E0.00002
G1 F505.3 X119.909 Y109.241 E0.00002
G1 X119.903 Y109.276 E0.00002
G1 F506.5 X119.897 Y109.31 E0.00002
G1 F507.7 X119.892 Y109.34 E0.00002
G1 X119.889 Y109.377 E0.00002
G1 F506.5 X119.885 Y109.415 E0.00002
G1 F505.3 X119.882 Y109.453 E0.00002
G1 F504.1 X119.878 Y109.491 E0.00002
G1 F502.9 X119.874 Y109.529 E0.00002
G1 X119.868 Y109.609 E0.00004
G1 X119.862 Y109.69 E0.00004
G1 F504.1 X119.856 Y109.771 E0.00004
G1 X119.852 Y109.861 E0.00005
G1 X119.852 Y109.968 E0.00006
G1 X119.851 Y110.075 E0.00006
G1 X119.852 Y110.124 E0.00003
G1 F502.9 X119.854 Y110.173 E0.00003
G1 F501.7 X119.856 Y110.222 E0.00003
G1 X119.858 Y110.259 E0.00002
G1 F502.9 X119.86 Y110.296 E0.00002
G1 F504.1 X119.862 Y110.333 E0.00002
G1 X119.864 Y110.37 E0.00002
G1 F505.3 X119.866 Y110.407 E0.00002
G1 F506.5 X119.868 Y110.444 E0.00002
G1 X119.87 Y110.473 E0.00002
G1 F505.3 X119.875 Y110.511 E0.00002
G1 F504.1 X119.88 Y110.55 E0.00002
G1 F501.7 X119.885 Y110.589 E0.00002
G1 F500.5 X119.89 Y110.627 E0.00002
G1 X119.897 Y110.68 E0.00003
G1 X119.904 Y110.733 E0.00003
G1 F501.7 X119.912 Y110.787 E0.00003
G1 F502.9 X119.919 Y110.84 E0.00003
G1 X119.927 Y110.893 E0.00003
G1 F504.1 X119.941 Y110.971 E0.00004
G1 X119.955 Y111.033 E0.00003
G1 F502.9 X119.97 Y111.095 E0.00003
G1 X119.984 Y111.157 E0.00003
G1 F501.7 X119.999 Y111.219 E0.00003
G1 X120.019 Y111.299 E0.00004
G1 F502.9 X120.039 Y111.379 E0.00004
G1 X120.086 Y111.538 E0.00009
G1 X120.116 Y111.638 E0.00005
G1 X120.196 Y111.866 E0.00013
G1 F504.1 X120.231 Y111.944 E0.00004
G1 X120.266 Y112.022 E0.00004
G1 X120.302 Y112.101 E0.00005
G1 F505.3 X120.337 Y112.179 E0.00004
G1 X120.372 Y112.257 E0.00004
G1 X120.383 Y112.279 E0.00001
G1 X120.4 Y112.312 E0.00002
G1 F502.9 X120.417 Y112.346 E0.00002
G1 F500.5 X120.435 Y112.379 E0.00002
G1 X120.457 Y112.419 E0.00002
G1 X120.479 Y112.459 E0.00002
G1 F501.7 X120.502 Y112.499 E0.00002
G1 X120.524 Y112.539 E0.00002
G1 F502.9 X120.547 Y112.579 E0.00002
G1 F504.1 X120.569 Y112.619 E0.00002
G1 X120.591 Y112.659 E0.00002
G1 X120.605 Y112.683 E0.00001
G1 F501.7 X120.639 Y112.736 E0.00003
G1 X120.664 Y112.774 E0.00002
G1 X120.69 Y112.812 E0.00002
G1 F502.9 X120.715 Y112.85 E0.00002
G1 X120.741 Y112.888 E0.00002
G1 F504.1 X120.767 Y112.926 E0.00002
G1 X120.792 Y112.964 E0.00002
G1 F505.3 X120.818 Y113.003 E0.00002
G1 X120.844 Y113.041 E0.00002
G1 F506.5 X120.939 Y113.159 E0.00008
G1 X121.037 Y113.281 E0.00008
G1 X121.135 Y113.403 E0.00008
G1 X121.16 Y113.43 E0.00002
G1 F504.1 X121.184 Y113.457 E0.00002
G1 X121.211 Y113.486 E0.00002
G1 F505.3 X121.238 Y113.515 E0.00002
G1 F506.5 X121.266 Y113.544 E0.00002
G1 X121.293 Y113.573 E0.00002
G1 F507.7 X121.321 Y113.602 E0.00002
G1 F508.9 X121.348 Y113.631 E0.00002
G1 X121.368 Y113.652 E0.00002
G1 F507.7 X121.394 Y113.676 E0.00002
G1 F506.5 X121.42 Y113.7 E0.00002
G1 F505.3 X121.447 Y113.725 E0.00002
G1 X121.473 Y113.749 E0.00002
G1 F504.1 X121.5 Y113.774 E0.00002
G1 F502.9 X121.526 Y113.798 E0.00002
G1 X121.565 Y113.833 E0.00003
G1 F504.1 X121.605 Y113.868 E0.00003
G1 X121.644 Y113.903 E0.00003
G1 F505.3 X121.684 Y113.938 E0.00003
G1 X121.948 Y114.147 E0.00018
G1 X122.072 Y114.23 E0.00008
G1 X122.196 Y114.314 E0.00008
G1 X122.321 Y114.398 E0.00008
G1 X122.456 Y114.472 E0.00008
G1 X122.592 Y114.546 E0.00008
G1 X122.728 Y114.62 E0.00008
G1 X122.797 Y114.652 E0.00004
G1 X122.867 Y114.684 E0.00004
G1 F504.1 X122.937 Y114.716 E0.00004
G1 X123.007 Y114.748 E0.00004
G1 X123.088 Y114.778 E0.00005
G1 X123.169 Y114.809 E0.00005
G1 F505.3 X123.251 Y114.84 E0.00005
G1 X123.332 Y114.871 E0.00005
G1 F506.5 X123.505 Y114.924 E0.00009
G1 X123.679 Y114.977 E0.00009
G1 X123.714 Y114.985 E0.00002
G1 F505.3 X123.75 Y114.993 E0.00002
G1 F504.1 X123.786 Y115.002 E0.00002
G1 F502.9 X123.822 Y115.01 E0.00002
G1 F501.7 X123.858 Y115.019 E0.00002
G1 X123.983 Y115.045 E0.00007
G1 X124.109 Y115.071 E0.00007
G1 F502.9 X124.178 Y115.081 E0.00004
G1 X124.247 Y115.091 E0.00004
G1 F504.1 X124.317 Y115.102 E0.00004
G1 X124.677 Y115.137 E0.00019
G1 X124.769 Y115.141 E0.00005
G1 F502.9 X124.861 Y115.145 E0.00005
G1 X124.904 Y115.145 E0.00002
G1 F504.1 X124.948 Y115.146 E0.00002
G1 F505.3 X124.992 Y115.147 E0.00002
G1 F506.5 X125.036 Y115.148 E0.00002
G1 X125.063 Y115.148 E0.00001
G1 X125.114 Y115.147 E0.00003
G1 F505.3 X125.165 Y115.145 E0.00003
G1 F504.1 X125.216 Y115.144 E0.00003
G1 X125.345 Y115.135 E0.00007
G1 X125.4 Y115.13 E0.00003
G1 X125.456 Y115.125 E0.00003
G1 F502.9 X125.512 Y115.12 E0.00003
G1 X125.568 Y115.115 E0.00003
G1 F501.7 X125.624 Y115.11 E0.00003
G1 X125.68 Y115.105 E0.00003
G1 X125.783 Y115.087 E0.00005
G1 X125.885 Y115.07 E0.00005
G1 F502.9 X125.94 Y115.06 E0.00003
G1 F504.1 X125.995 Y115.049 E0.00003
G1 X126.05 Y115.039 E0.00003
G1 F505.3 X126.105 Y115.028 E0.00003
G1 X126.259 Y114.987 E0.00008
G1 X126.414 Y114.946 E0.00008
G1 X126.569 Y114.904 E0.00008
G1 F504.1 X126.628 Y114.882 E0.00003
G1 X126.688 Y114.86 E0.00003
G1 F502.9 X126.748 Y114.838 E0.00003
G1 F501.7 X126.808 Y114.816 E0.00003
G1 X126.868 Y114.794 E0.00003
G1 X126.936 Y114.767 E0.00004
G1 F502.9 X127.005 Y114.74 E0.00004
G1 X127.071 Y114.712 E0.00004
G1 F504.1 X127.143 Y114.679 E0.00004
G1 X127.216 Y114.645 E0.00004
G1 F505.3 X127.288 Y114.611 E0.00004
G1 F506.5 X127.418 Y114.54 E0.00008
G1 X127.549 Y114.469 E0.00008
G1 X127.68 Y114.397 E0.00008
G1 F505.3 X127.739 Y114.359 E0.00004
G1 F504.1 X128.057 Y114.141 E0.0002
G1 F505.3 X128.164 Y114.056 E0.00007
G1 X128.271 Y113.971 E0.00007
G1 X128.378 Y113.885 E0.00007
G1 X128.606 Y113.672 E0.00016
G1 X128.638 Y113.64 E0.00002
G1 F504.1 X128.67 Y113.607 E0.00002
G1 X128.702 Y113.574 E0.00002
G1 F502.9 X128.734 Y113.541 E0.00002
G1 F501.7 X128.766 Y113.508 E0.00002
G1 X128.798 Y113.475 E0.00002
G1 X128.829 Y113.44 E0.00002
G1 F504.1 X128.862 Y113.403 E0.00003
G1 F505.3 X128.882 Y113.382 E0.00002
G1 X128.912 Y113.345 E0.00002
G1 F504.1 X128.942 Y113.308 E0.00002
G1 X128.972 Y113.27 E0.00003
G1 F502.9 X129.002 Y113.233 E0.00002
G1 F501.7 X129.033 Y113.196 E0.00003
G1 X129.063 Y113.158 E0.00003
G1 X129.088 Y113.126 E0.00002
G1 F502.9 X129.113 Y113.094 E0.00002
G1 F505.3 X129.138 Y113.062 E0.00002
G1 F506.5 X129.228 Y112.928 E0.00008
G1 X129.318 Y112.793 E0.00008
G1 X129.408 Y112.658 E0.00008
G1 X129.427 Y112.624 E0.00002
G1 X129.445 Y112.591 E0.00002
G1 F505.3 X129.464 Y112.558 E0.00002
G1 F504.1 X129.482 Y112.525 E0.00002
G1 X129.501 Y112.492 E0.00002
G1 F502.9 X129.519 Y112.458 E0.00002
G1 F501.7 X129.538 Y112.425 E0.00002
G1 X129.556 Y112.392 E0.00002
G1 X129.582 Y112.343 E0.00003
G1 F504.1 X129.609 Y112.29 E0.00003
G1 X129.798 Y111.865 E0.00024
G1 F505.3 X129.856 Y111.689 E0.0001
G1 X129.915 Y111.512 E0.0001
G1 X129.973 Y111.335 E0.0001
G1 X129.985 Y111.286 E0.00003
G1 F504.1 X129.997 Y111.237 E0.00003
G1 F502.9 X130.008 Y111.188 E0.00003
G1 F501.7 X130.02 Y111.139 E0.00003
G1 X130.033 Y111.079 E0.00003
G1 F502.9 X130.047 Y111.018 E0.00003
G1 X130.063 Y110.928 E0.00005
G1 X130.071 Y110.87 E0.00003
G1 X130.08 Y110.812 E0.00003
G1 F504.1 X130.089 Y110.753 E0.00003
G1 X130.098 Y110.695 E0.00003
G1 F505.3 X130.107 Y110.637 E0.00003
G1 X130.116 Y110.578 E0.00003
G1 X130.121 Y110.543 E0.00002
G1 X130.123 Y110.509 E0.00002
G1 F502.9 X130.126 Y110.475 E0.00002
G1 X130.136 Y110.301 E0.00009
G1 X130.146 Y110.127 E0.00009
G1 F504.1 X130.146 Y109.963 E0.00009
G1 X130.145 Y109.799 E0.00009
G1 X130.139 Y109.718 E0.00004
G1 F502.9 X130.133 Y109.635 E0.00004
G1 X130.127 Y109.552 E0.00004
G1 X130.123 Y109.512 E0.00002
G1 F504.1 X130.119 Y109.471 E0.00002
G1 X130.115 Y109.43 E0.00002
G1 F505.3 X130.111 Y109.389 E0.00002
G1 F506.5 X130.107 Y109.348 E0.00002
G1 X130.102 Y109.316 E0.00002
G1 X130.097 Y109.281 E0.00002
G1 F505.3 X130.091 Y109.245 E0.00002
G1 F504.1 X130.085 Y109.21 E0.00002
G1 X130.079 Y109.174 E0.00002
G1 F502.9 X130.073 Y109.139 E0.00002
G1 F501.7 X130.068 Y109.103 E0.00002
G1 X130.056 Y109.042 E0.00003
G1 X130.044 Y108.981 E0.00003
G1 F502.9 X130.032 Y108.92 E0.00003
G1 F504.1 X130.021 Y108.859 E0.00003
G1 X130.009 Y108.798 E0.00003
G1 X129.968 Y108.658 E0.00008
G1 X129.928 Y108.52 E0.00008
G1 X129.888 Y108.382 E0.00008
G1 X129.841 Y108.254 E0.00007
G1 X129.793 Y108.126 E0.00007
G1 X129.746 Y107.997 E0.00007
G1 X129.586 Y107.658 E0.0002
G1 X129.51 Y107.525 E0.00008
G1 X129.433 Y107.391 E0.00008
G1 X129.356 Y107.257 E0.00008
G1 F505.3 X129.324 Y107.205 E0.00003
G1 F507.7 X129.309 Y107.178 E0.00002
G1 X129.251 Y107.097 E0.00005
G1 X129.193 Y107.016 E0.00005
G1 F506.5 X129.135 Y106.934 E0.00005
G1 X129.077 Y106.853 E0.00005
G1 F505.3 X129.024 Y106.791 E0.00004
G1 F504.1 X128.97 Y106.727 E0.00004
G1 X128.915 Y106.663 E0.00004
G1 F502.9 X128.808 Y106.539 E0.00009
G1 X128.787 Y106.516 E0.00002
G1 F504.1 X128.765 Y106.492 E0.00002
G1 F505.3 X128.744 Y106.468 E0.00002
G1 X128.722 Y106.445 E0.00002
G1 F506.5 X128.701 Y106.421 E0.00002
G1 F507.7 X128.679 Y106.397 E0.00002
G1 F508.9 X128.658 Y106.374 E0.00002
G1 X128.631 Y106.348 E0.00002
G1 F507.7 X128.605 Y106.324 E0.00002
G1 F506.5 X128.579 Y106.299 E0.00002
G1 F505.3 X128.552 Y106.275 E0.00002
G1 X128.526 Y106.25 E0.00002
G1 F504.1 X128.5 Y106.226 E0.00002
G1 F502.9 X128.473 Y106.201 E0.00002
G1 X128.435 Y106.168 E0.00003
G1 F504.1 X128.397 Y106.134 E0.00003
G1 X128.359 Y106.1 E0.00003
G1 F505.3 X128.321 Y106.066 E0.00003
G1 X128.304 Y106.054 E0.00001
G1 F504.1 X128.255 Y106.014 E0.00003
G1 F502.9 X128.205 Y105.974 E0.00003
G1 F501.7 X128.155 Y105.934 E0.00003
G1 X128.132 Y105.916 E0.00002
G1 F502.9 X128.11 Y105.899 E0.00001
G1 F504.1 X128.088 Y105.882 E0.00001
G1 F505.3 X128.066 Y105.865 E0.00001
G1 X128.044 Y105.848 E0.00001
G1 F506.5 X128.022 Y105.831 E0.00001
G1 F507.7 X127.999 Y105.814 E0.00001
G1 F508.9 X127.977 Y105.797 E0.00001
G1 X127.955 Y105.781 E0.00001
G1 X127.921 Y105.759 E0.00002
G1 F507.7 X127.887 Y105.736 E0.00002
G1 F506.5 X127.853 Y105.713 E0.00002
G1 X127.819 Y105.691 E0.00002
G1 F505.3 X127.784 Y105.668 E0.00002
G1 X127.737 Y105.636 E0.00003
G1 F506.5 X127.719 Y105.626 E0.00001
G1 F505.3 X127.662 Y105.593 E0.00003
G1 F504.1 X127.604 Y105.56 E0.00003
G1 X127.546 Y105.526 E0.00004
G1 F502.9 X127.488 Y105.493 E0.00003
G1 F501.7 X127.477 Y105.487 E0.00001
G1 F500.5 X127.404 Y105.447 E0.00004
G1 X127.371 Y105.43 E0.00002
G1 F501.7 X127.337 Y105.413 E0.00002
G1 F502.9 X127.303 Y105.396 E0.00002
G1 X127.269 Y105.379 E0.00002
G1 F504.1 X127.235 Y105.362 E0.00002
G1 F505.3 X127.201 Y105.345 E0.00002
G1 F506.5 X127.021 Y105.268 E0.0001
G1 X126.842 Y105.191 E0.0001
G1 X126.817 Y105.183 E0.00001
G1 X126.791 Y105.174 E0.00001
G1 F505.3 X126.766 Y105.166 E0.00001
G1 F504.1 X126.74 Y105.157 E0.00001
G1 X126.715 Y105.148 E0.00001
G1 F502.9 X126.689 Y105.14 E0.00001
G1 F501.7 X126.664 Y105.131 E0.00001
G1 X126.638 Y105.122 E0.00001
G1 F500.5 X126.612 Y105.114 E0.00001
G1 F499.3 X126.587 Y105.105 E0.00001
G1 X126.561 Y105.096 E0.00001
G1 X126.521 Y105.084 E0.00002
G1 F500.5 X126.484 Y105.072 E0.00002
G1 F501.7 X126.447 Y105.061 E0.00002
G1 F502.9 X126.41 Y105.049 E0.00002
G1 F504.1 X126.373 Y105.038 E0.00002
G1 X126.351 Y105.032 E0.00001
G1 X126.281 Y105.015 E0.00004
G1 F502.9 X126.21 Y104.997 E0.00004
G1 X126.139 Y104.979 E0.00004
G1 X126.083 Y104.965 E0.00003
G1 F505.3 X126.027 Y104.951 E0.00003
G1 F506.5 X125.882 Y104.929 E0.00008
G1 X125.737 Y104.906 E0.00008
G1 X125.592 Y104.883 E0.00008
G1 X125.425 Y104.869 E0.00009
G1 X125.258 Y104.855 E0.00009
G1 F504.1 X125.226 Y104.855 E0.00002
G1 F501.7 X125.194 Y104.855 E0.00002
G1 F499.3 X125.176 Y104.856 E0.00001
G1 F495.8 X125.157 Y104.858 E0.00001
G1 F492.3 X125.147 Y104.86 E0.00001
G1 F490 X125.136 Y104.863 E0.00001
G1 F486.6 X125.126 Y104.866 E0.00001
G1 F483.3 X125.115 Y104.869 E0.00001
G1 F481.1 X125.105 Y104.872 E0.00001
G1 F477.8 X125.094 Y104.875 E0.00001
G1 F475.7 X125.083 Y104.877 E0.00001
G1 F472.5 X125.073 Y104.88 E0.00001
G1 F469.3 X125.062 Y104.883 E0.00001
G1 F467.3 X125.052 Y104.886 E0.00001
G1 F469.3 X125.052 Y104.895 E0.00001
G1 F476.7 X125.05 Y104.905 E0.00001
G1 F485.5 X125.048 Y104.915 E0.00001
G1 F493.5 X125.046 Y104.925 E0.00001
G1 F501.7 X125.044 Y104.935 E0.00001
G1 F511.4 X125.043 Y104.945 E0.00001
G1 F520.2 X125.041 Y104.954 E0
G1 F529.3 X125.039 Y104.964 E0.00001
G1 F540.2 X125.037 Y104.974 E0
G1 F550 X125.035 Y104.984 E0
G1 F560.2 X125.034 Y104.994 E0
G1 F572.4 X125.032 Y105.004 E0
G1 F583.4 X125.03 Y105.013 E0
G1 F594.9 X125.028 Y105.023 E0
G1 F608.6 X125.026 Y105.033 E0
G1 F621.2 X125.024 Y105.043 E0
G1 F634.2 X125.023 Y105.053 E0
G1 F649.8 X125.021 Y105.063 E0
G1 F664.2 X125.019 Y105.072 E0
G1 F679.1 X125.017 Y105.082 E0
G1 F697 X125.015 Y105.092 E0
G1 F713.5 X125.014 Y105.102 E0
G1 F730.8 X125.012 Y105.112 E0
G1 F751.6 X125.01 Y105.122 E0
G1 F770.8 X125.008 Y105.131 E0
G1 F791 X125.006 Y105.141 E0
G1 F815.4 X125.004 Y105.151 E0
G1 F838.1 X125.003 Y105.161 E0
G1 F862 X125.001 Y105.171 E0
G1 F891.1 X124.999 Y105.181 E0
G1 F902.6 X124.998 Y106.95 E0.00052
G0 F24000 X124.998 Y106.75
G1 F60 E-0.001
G1 F18000 Z3.2
G0 F24000 X119.694 Y109.51 Z3.2
G1 F18000 Z1.6
G1 F60 E0.001
G1 F754.35 X119.698 Y109.473 Z1.587595 E0.00002
G1 F756.15 X119.703 Y109.435 Z1.574819 E0.00002
G1 F757.95 X119.708 Y109.398 Z1.562374 E0.00002
G1 F759.75 X119.713 Y109.36 Z1.549598 E0.00002
G1 F761.55 X119.717 Y109.322 Z1.536861 E0.00002
G1 X119.723 Y109.281 Z1.523049 E0.00002
G1 F759.75 X119.728 Y109.247 Z1.511594 E0.00002
G1 F757.95 X119.733 Y109.212 Z1.499808 E0.00002
G1 X119.738 Y109.178 Z1.488353 E0.00002
G1 F756.15 X119.743 Y109.143 Z1.476568 E0.00002
G1 F754.35 X119.748 Y109.109 Z1.465113 E0.00002
G1 X119.754 Y109.074 Z1.453276 E0.00002
G1 F752.55 X119.759 Y109.04 Z1.441821 E0.00002
G1 X119.773 Y108.968 Z1.417371 E0.00004
G1 X119.787 Y108.894 Z1.392267 E0.00004
G1 F754.35 X119.801 Y108.82 Z1.367163 E0.00004
G1 F756.15 X119.815 Y108.769 Z1.349534 E0.00003
G1 F757.95 X119.828 Y108.718 Z1.33199 E0.00003
G1 X119.84 Y108.675 Z1.317109 E0.00002
G1 X119.852 Y108.632 Z1.302228 E0.00002
G1 F756.15 X119.864 Y108.589 Z1.287347 E0.00002
G1 X119.877 Y108.545 Z1.272054 E0.00002
G1 F754.35 X119.889 Y108.502 Z1.257173 E0.00002
G1 X119.901 Y108.459 Z1.242292 E0.00002
G1 F752.55 X119.914 Y108.416 Z1.227318 E0.00002
G1 X119.926 Y108.372 Z1.212116 E0.00002
G1 X119.938007 Y108.337694 Z1.2 E0.00002
G1 F502.9
G1 X119.94 Y108.332 E0.00002
G1 F502.9 X119.954 Y108.293 E0.00002
G1 X119.967 Y108.254 E0.00002
G1 F504.1 X119.981 Y108.215 E0.00002
G1 F505.3 X119.994 Y108.177 E0.00002
G1 X120.01 Y108.133 E0.00002
G1 X120.02 Y108.105 E0.00002
G1 F504.1 X120.031 Y108.077 E0.00002
G1 F502.9 X120.042 Y108.049 E0.00002
G1 F501.7 X120.053 Y108.021 E0.00002
G1 X120.064 Y107.993 E0.00002
G1 F500.5 X120.074 Y107.965 E0.00002
G1 F499.3 X120.085 Y107.937 E0.00002
G1 X120.102 Y107.901 E0.00002
G1 X120.118 Y107.866 E0.00002
G1 F500.5 X120.134 Y107.83 E0.00002
G1 X120.151 Y107.795 E0.00002
G1 F501.7 X120.167 Y107.759 E0.00002
G1 X120.183 Y107.724 E0.00002
G1 F502.9 X120.2 Y107.688 E0.00002
G1 X120.216 Y107.653 E0.00002
G1 F504.1 X120.232 Y107.618 E0.00002
G1 X120.249 Y107.582 E0.00002
G1 F505.3 X120.33 Y107.44 E0.00009
G1 X120.41 Y107.301 E0.00008
G1 X120.49 Y107.162 E0.00008
G1 X120.518 Y107.116 E0.00003
G1 X120.551 Y107.068 E0.00003
G1 X120.585 Y107.02 E0.00003
G1 F506.5 X120.619 Y106.972 E0.00003
G1 F507.7 X120.653 Y106.923 E0.00003
G1 X120.686 Y106.875 E0.00003
G1 X120.705 Y106.847 E0.00002
G1 F506.5 X120.733 Y106.809 E0.00002
G1 F504.1 X120.761 Y106.77 E0.00003
G1 F502.9 X120.789 Y106.731 E0.00003
G1 X120.817 Y106.697 E0.00002
G1 F504.1 X120.844 Y106.664 E0.00002
G1 F505.3 X120.872 Y106.631 E0.00002
G1 F506.5 X120.899 Y106.598 E0.00002
G1 F505.3 X120.907 Y106.586 E0.00001
G1 X120.92 Y106.574 E0.00001
G1 X120.944 Y106.545 E0.00002
G1 F504.1 X120.969 Y106.516 E0.00002
G1 F502.9 X120.994 Y106.487 E0.00002
G1 X121.018 Y106.458 E0.00002
G1 F501.7 X121.043 Y106.429 E0.00002
G1 F500.5 X121.068 Y106.4 E0.00002
G1 X121.091 Y106.376 E0.00002
G1 F501.7 X121.115 Y106.352 E0.00002
G1 F502.9 X121.139 Y106.328 E0.00002
G1 X121.163 Y106.303 E0.00002
G1 F504.1 X121.187 Y106.279 E0.00002
G1 F505.3 X121.211 Y106.255 E0.00002
G1 X121.241 Y106.225 E0.00002
G1 X121.269 Y106.197 E0.00002
G1 F504.1 X121.298 Y106.169 E0.00002
G1 F502.9 X121.326 Y106.141 E0.00002
G1 X121.355 Y106.113 E0.00002
G1 F501.7 X121.383 Y106.085 E0.00002
G1 F500.5 X121.412 Y106.057 E0.00002
G1 X121.441 Y106.033 E0.00002
G1 F501.7 X121.47 Y106.009 E0.00002
G1 F502.9 X121.499 Y105.984 E0.00002
G1 F504.1 X121.528 Y105.96 E0.00002
G1 F505.3 X121.558 Y105.935 E0.00002
G1 X121.582 Y105.915 E0.00002
G1 X121.63 Y105.876 E0.00003
G1 F504.1 X121.678 Y105.837 E0.00003
G1 X121.726 Y105.798 E0.00003
G1 F502.9 X121.774 Y105.758 E0.00003
G1 X121.81 Y105.732 E0.00002
G1 F504.1 X121.847 Y105.706 E0.00002
G1 F505.3 X121.883 Y105.679 E0.00002
G1 F506.5 X121.92 Y105.653 E0.00002
G1 F507.7 X121.951 Y105.631 E0.00002
G1 X121.992 Y105.603 E0.00003
G1 F506.5 X122.033 Y105.575 E0.00003
G1 F505.3 X122.075 Y105.547 E0.00003
G1 X122.116 Y105.519 E0.00003
G1 F504.1 X122.158 Y105.49 E0.00003
G1 F502.9 X122.161 Y105.487 E0
G1 F504.1 X122.232 Y105.445 E0.00004
G1 F506.5 X122.26 Y105.429 E0.00002
G1 X122.299 Y105.407 E0.00002
G1 X122.339 Y105.384 E0.00002
G1 F505.3 X122.379 Y105.361 E0.00002
G1 F504.1 X122.419 Y105.338 E0.00002
G1 X122.459 Y105.316 E0.00002
G1 F502.9 X122.499 Y105.293 E0.00002
G1 X122.539 Y105.27 E0.00002
G1 X122.602 Y105.24 E0.00004
G1 X122.651 Y105.217 E0.00003
G1 X122.701 Y105.194 E0.00003
G1 F501.7 X122.751 Y105.17 E0.00003
G1 F500.5 X122.801 Y105.147 E0.00003
G1 X122.851 Y105.123 E0.00003
G1 X122.913 Y105.097 E0.00004
G1 F501.7 X122.973 Y105.072 E0.00003
G1 F502.9 X123.033 Y105.047 E0.00003
G1 X123.076 Y105.029 E0.00002
G1 X123.12 Y105.014 E0.00002
G1 X123.164 Y104.998 E0.00002
G1 F501.7 X123.208 Y104.982 E0.00002
G1 F500.5 X123.253 Y104.967 E0.00002
G1 X123.297 Y104.951 E0.00002
G1 F499.3 X123.341 Y104.935 E0.00002
G1 X123.386 Y104.92 E0.00003
G1 X123.425 Y104.908 E0.00002
G1 F500.5 X123.462 Y104.897 E0.00002
G1 F501.7 X123.498 Y104.887 E0.00002
G1 F502.9 X123.535 Y104.876 E0.00002
G1 F504.1 X123.568 Y104.867 E0.00002
G1 X123.624 Y104.852 E0.00003
G1 F502.9 X123.68 Y104.837 E0.00003
G1 F501.7 X123.736 Y104.822 E0.00003
G1 X123.77 Y104.815 E0.00002
G1 F502.9 X123.804 Y104.807 E0.00002
G1 X123.838 Y104.8 E0.00002
G1 F504.1 X123.872 Y104.792 E0.00002
G1 F505.3 X123.906 Y104.784 E0.00002
G1 X123.94 Y104.777 E0.00002
G1 F506.5 X123.975 Y104.769 E0.00002
G1 X124.02 Y104.759 E0.00002
G1 F504.1 X124.078 Y104.748 E0.00003
G1 F502.9 X124.149 Y104.738 E0.00004
G1 F501.7 X124.22 Y104.728 E0.00004
G1 X124.292 Y104.718 E0.00004
G1 X124.353 Y104.712 E0.00003
G1 X124.414 Y104.706 E0.00003
G1 F502.9 X124.475 Y104.701 E0.00003
G1 X124.535 Y104.695 E0.00003
G1 X124.596 Y104.69 E0.00003
G1 F504.1 X124.657 Y104.684 E0.00003
G1 X124.718 Y104.679 E0.00003
G1 X124.777 Y104.674 E0.00003
G1 F502.9 X124.787 Y104.674 E0.00001
G1 F500.5 X124.797 Y104.675 E0.00001
G1 F499.3 X124.807 Y104.675 E0.00001
G1 F496.9 X124.817 Y104.676 E0.00001
G1 F495.8 X124.827 Y104.677 E0.00001
G1 F493.5 X124.837 Y104.677 E0.00001
G1 F491.2 X124.847 Y104.678 E0.00001
G1 F490 X124.857 Y104.679 E0.00001
G1 F487.8 X124.867 Y104.679 E0.00001
G1 F486.6 X124.877 Y104.68 E0.00001
G1 F484.4 X124.887 Y104.68 E0.00001
G1 F483.3 X124.897 Y104.681 E0.00001
G1 F481.1 X124.907 Y104.682 E0.00001
G1 F480 X124.917 Y104.682 E0.00001
G1 F477.8 X124.927 Y104.683 E0.00001
G1 F476.7 X124.937 Y104.684 E0.00001
G1 F474.6 X124.947 Y104.684 E0.00001
G1 F472.5 X124.957 Y104.685 E0.00001
G1 F471.4 X124.967 Y104.686 E0.00001
G1 F469.3 X124.977 Y104.686 E0.00001
G1 F468.3 X124.987 Y104.687 E0.00001
G1 F466.2 X124.997 Y104.687 E0.00001
G1 X125.008 Y104.687 E0.00001
G1 F468.3 X125.019 Y104.686 E0.00001
G1 F470.4 X125.03 Y104.685 E0.00001
G1 F472.5 X125.041 Y104.684 E0.00001
G1 F474.6 X125.052 Y104.683 E0.00001
G1 F476.7 X125.063 Y104.682 E0.00001
G1 F478.9 X125.074 Y104.681 E0.00001
G1 F481.1 X125.085 Y104.68 E0.00001
G1 F483.3 X125.096 Y104.679 E0.00001
G1 F485.5 X125.107 Y104.677 E0.00001
G1 F487.8 X125.118 Y104.676 E0.00001
G1 F490 X125.129 Y104.675 E0.00001
G1 F492.3 X125.139 Y104.674 E0.00001
G1 F495.8 X125.164 Y104.674 E0.00001
G1 F499.3 X125.192 Y104.675 E0.00001
G1 F501.7 X125.231 Y104.677 E0.00002
G1 F504.1 X125.27 Y104.679 E0.00002
G1 F506.5 X125.427 Y104.692 E0.00008
G1 X125.584 Y104.705 E0.00008
G1 X125.744 Y104.729 E0.00008
G1 X125.904 Y104.753 E0.00008
G1 X126.064 Y104.777 E0.00008
G1 F505.3 X126.122 Y104.79 E0.00003
G1 F502.9 X126.18 Y104.802 E0.00003
G1 X126.251 Y104.821 E0.00004
G1 X126.323 Y104.84 E0.00004
G1 F504.1 X126.395 Y104.859 E0.00004
G1 X126.424 Y104.867 E0.00002
G1 X126.461 Y104.877 E0.00002
G1 F502.9 X126.499 Y104.888 E0.00002
G1 F501.7 X126.536 Y104.899 E0.00002
G1 F500.5 X126.574 Y104.909 E0.00002
G1 F499.3 X126.611 Y104.92 E0.00002
G1 X126.636 Y104.929 E0.00001
G1 X126.662 Y104.938 E0.00001
G1 F500.5 X126.689 Y104.948 E0.00002
G1 F501.7 X126.715 Y104.957 E0.00001
G1 X126.741 Y104.967 E0.00001
G1 F502.9 X126.768 Y104.976 E0.00001
G1 F504.1 X126.794 Y104.986 E0.00001
G1 X126.82 Y104.995 E0.00001
G1 F505.3 X126.847 Y105.005 E0.00002
G1 F506.5 X126.873 Y105.014 E0.00001
G1 X126.9 Y105.024 E0.00001
G1 X126.936 Y105.037 E0.00002
G1 F505.3 X126.996 Y105.06 E0.00003
G1 F502.9 X127.057 Y105.084 E0.00003
G1 F501.7 X127.064 Y105.087 E0
G1 F502.9 X127.101 Y105.104 E0.00002
G1 F504.1 X127.138 Y105.121 E0.00002
G1 X127.175 Y105.138 E0.00002
G1 F505.3 X127.212 Y105.155 E0.00002
G1 F506.5 X127.25 Y105.172 E0.00002
G1 X127.278 Y105.186 E0.00002
G1 F505.3 X127.312 Y105.202 E0.00002
G1 F504.1 X127.346 Y105.218 E0.00002
G1 F502.9 X127.381 Y105.234 E0.00002
G1 X127.415 Y105.25 E0.00002
G1 F501.7 X127.449 Y105.266 E0.00002
G1 F500.5 X127.484 Y105.283 E0.00002
G1 X127.565 Y105.329 E0.00005
G1 F502.9 X127.613 Y105.357 E0.00003
G1 X127.661 Y105.386 E0.00003
G1 F504.1 X127.709 Y105.414 E0.00003
G1 F505.3 X127.758 Y105.443 E0.00003
G1 X127.806 Y105.471 E0.00003
G1 F506.5 X127.83 Y105.486 E0.00001
G1 F505.3 X127.88 Y105.517 E0.00003
G1 X127.914 Y105.54 E0.00002
G1 F506.5 X127.948 Y105.564 E0.00002
G1 X127.983 Y105.588 E0.00002
G1 F507.7 X128.017 Y105.612 E0.00002
G1 F508.9 X128.052 Y105.636 E0.00002
G1 X128.084 Y105.659 E0.00002
G1 X128.106 Y105.675 E0.00001
G1 F507.7 X128.129 Y105.691 E0.00001
G1 F506.5 X128.151 Y105.708 E0.00001
G1 F505.3 X128.174 Y105.724 E0.00001
G1 X128.197 Y105.741 E0.00001
G1 F504.1 X128.219 Y105.757 E0.00001
G1 F502.9 X128.242 Y105.773 E0.00001
G1 F501.7 X128.265 Y105.79 E0.00002
G1 X128.313 Y105.83 E0.00003
G1 F502.9 X128.365 Y105.873 E0.00004
G1 F504.1 X128.417 Y105.916 E0.00004
G1 F505.3 X128.437 Y105.933 E0.00001
G1 X128.475 Y105.966 E0.00003
G1 F504.1 X128.514 Y105.999 E0.00003
G1 X128.553 Y106.032 E0.00003
G1 F502.9 X128.592 Y106.065 E0.00003
G1 F501.7 X128.595 Y106.067 E0
G1 F502.9 X128.621 Y106.093 E0.00002
G1 F504.1 X128.647 Y106.119 E0.00002
G1 F505.3 X128.673 Y106.145 E0.00002
G1 X128.699 Y106.171 E0.00002
G1 F506.5 X128.726 Y106.197 E0.00002
G1 F507.7 X128.752 Y106.223 E0.00002
G1 F508.9 X128.785 Y106.255 E0.00002
G1 X128.807 Y106.278 E0.00002
G1 F507.7 X128.829 Y106.301 E0.00002
G1 F506.5 X128.851 Y106.324 E0.00002
G1 F505.3 X128.873 Y106.347 E0.00002
G1 X128.896 Y106.37 E0.00002
G1 F504.1 X128.918 Y106.393 E0.00002
G1 F502.9 X128.94 Y106.416 E0.00002
G1 X129.046 Y106.541 E0.00009
G1 F504.1 X129.101 Y106.607 E0.00004
G1 X129.157 Y106.674 E0.00005
G1 F505.3 X129.213 Y106.741 E0.00005
G1 F506.5 X129.26 Y106.808 E0.00004
G1 X129.308 Y106.876 E0.00004
G1 X129.356 Y106.944 E0.00004
G1 F507.7 X129.404 Y107.012 E0.00004
G1 X129.452 Y107.079 E0.00004
G1 X129.474 Y107.111 E0.00002
G1 F505.3 X129.508 Y107.163 E0.00003
G1 F504.1 X129.587 Y107.302 E0.00008
G1 X129.667 Y107.442 E0.00008
G1 X129.747 Y107.581 E0.00008
G1 X129.772 Y107.634 E0.00003
G1 X129.798 Y107.687 E0.00003
G1 F502.9 X129.824 Y107.74 E0.00003
G1 F501.7 X129.849 Y107.793 E0.00003
G1 X129.875 Y107.846 E0.00003
G1 F502.9 X129.898 Y107.898 E0.00003
G1 F504.1 X129.948 Y108.031 E0.00007
G1 X129.998 Y108.165 E0.00007
G1 X130.048 Y108.299 E0.00007
G1 X130.093 Y108.453 E0.00008
G1 X130.138 Y108.607 E0.00008
G1 X130.184 Y108.762 E0.00008
G1 X130.196 Y108.822 E0.00003
G1 X130.208 Y108.883 E0.00003
G1 F502.9 X130.22 Y108.944 E0.00003
G1 F501.7 X130.232 Y109.005 E0.00003
G1 X130.244 Y109.066 E0.00003
G1 X130.25 Y109.104 E0.00002
G1 F502.9 X130.255 Y109.141 E0.00002
G1 F504.1 X130.26 Y109.178 E0.00002
G1 X130.266 Y109.214 E0.00002
G1 F505.3 X130.271 Y109.251 E0.00002
G1 F506.5 X130.276 Y109.288 E0.00002
G1 X130.283 Y109.33 E0.00002
G1 X130.287 Y109.37 E0.00002
G1 F505.3 X130.292 Y109.411 E0.00002
G1 F504.1 X130.297 Y109.452 E0.00002
G1 X130.302 Y109.493 E0.00002
G1 F502.9 X130.307 Y109.534 E0.00002
G1 X130.315 Y109.651 E0.00006
G1 X130.323 Y109.768 E0.00006
G1 X130.326 Y110.132 E0.00019
G1 X130.316 Y110.308 E0.00009
G1 X130.306 Y110.485 E0.00009
G1 X130.302 Y110.523 E0.00002
G1 F505.3 X130.298 Y110.561 E0.00002
G1 X130.292 Y110.603 E0.00002
G1 X130.284 Y110.661 E0.00003
G1 X130.276 Y110.719 E0.00003
G1 F504.1 X130.268 Y110.778 E0.00003
G1 X130.259 Y110.836 E0.00003
G1 F502.9 X130.251 Y110.894 E0.00003
G1 X130.243 Y110.953 E0.00003
G1 X130.222 Y111.054 E0.00005
G1 X130.209 Y111.116 E0.00003
G1 F501.7 X130.196 Y111.179 E0.00003
G1 X130.186 Y111.218 E0.00002
G1 F502.9 X130.176 Y111.258 E0.00002
G1 X130.166 Y111.298 E0.00002
G1 F504.1 X130.155 Y111.338 E0.00002
G1 F505.3 X130.145 Y111.377 E0.00002
G1 X130.134 Y111.414 E0.00002
G1 X130.125 Y111.447 E0.00002
G1 F504.1 X130.115 Y111.481 E0.00002
G1 F502.9 X130.106 Y111.515 E0.00002
G1 X130.096 Y111.548 E0.00002
G1 F501.7 X130.087 Y111.582 E0.00002
G1 F500.5 X130.077 Y111.616 E0.00002
G1 X130.064 Y111.652 E0.00002
G1 X130.051 Y111.687 E0.00002
G1 F501.7 X130.039 Y111.722 E0.00002
G1 F502.9 X130.026 Y111.757 E0.00002
G1 X130.014 Y111.792 E0.00002
G1 F504.1 X130.001 Y111.827 E0.00002
G1 F505.3 X129.989 Y111.861 E0.00002
G1 X129.976 Y111.896 E0.00002
G1 X129.964 Y111.932 E0.00002
G1 F504.1 X129.949 Y111.973 E0.00002
G1 F501.7 X129.933 Y112.014 E0.00002
G1 F500.5 X129.917 Y112.055 E0.00002
G1 X129.897 Y112.096 E0.00002
G1 X129.878 Y112.137 E0.00002
G1 F501.7 X129.859 Y112.178 E0.00002
G1 X129.84 Y112.219 E0.00002
G1 F502.9 X129.821 Y112.26 E0.00002
G1 F504.1 X129.802 Y112.3 E0.00002
G1 X129.783 Y112.341 E0.00002
G1 X129.769 Y112.37 E0.00002
G1 X129.743 Y112.423 E0.00003
G1 F501.7 X129.716 Y112.477 E0.00003
G1 X129.697 Y112.51 E0.00002
G1 X129.678 Y112.544 E0.00002
G1 F502.9 X129.658 Y112.578 E0.00002
G1 F504.1 X129.639 Y112.612 E0.00002
G1 X129.62 Y112.646 E0.00002
G1 F505.3 X129.6 Y112.679 E0.00002
G1 F506.5 X129.581 Y112.713 E0.00002
G1 X129.562 Y112.747 E0.00002
G1 X129.542 Y112.778 E0.00002
G1 X129.521 Y112.813 E0.00002
G1 F504.1 X129.5 Y112.848 E0.00002
G1 F502.9 X129.479 Y112.883 E0.00002
G1 X129.442 Y112.935 E0.00003
G1 X129.406 Y112.987 E0.00003
G1 F504.1 X129.37 Y113.038 E0.00003
G1 F505.3 X129.334 Y113.09 E0.00003
G1 X129.298 Y113.141 E0.00003
G1 X129.018 Y113.494 E0.00023
G1 X128.921 Y113.597 E0.00007
G1 X128.823 Y113.7 E0.00007
G1 X128.725 Y113.803 E0.00007
G1 X128.716 Y113.812 E0.00001
G1 F506.5 X128.684 Y113.844 E0.00002
G1 F505.3 X128.651 Y113.876 E0.00002
G1 F504.1 X128.618 Y113.908 E0.00002
G1 F502.9 X128.585 Y113.94 E0.00002
G1 F501.7 X128.582 Y113.944 E0
G1 F502.9 X128.548 Y113.972 E0.00002
G1 F505.3 X128.514 Y114.001 E0.00002
G1 F506.5 X128.445 Y114.057 E0.00005
G1 X128.375 Y114.114 E0.00005
G1 F505.3 X128.305 Y114.17 E0.00005
G1 X128.235 Y114.227 E0.00005
G1 X128.165 Y114.283 E0.00005
G1 F504.1 X127.839 Y114.507 E0.00021
G1 F505.3 X127.772 Y114.547 E0.00004
G1 F506.5 X127.737 Y114.568 E0.00002
G1 X127.697 Y114.59 E0.00002
G1 X127.657 Y114.613 E0.00002
G1 F505.3 X127.617 Y114.635 E0.00002
G1 F504.1 X127.577 Y114.658 E0.00002
G1 X127.537 Y114.68 E0.00002
G1 F502.9 X127.497 Y114.703 E0.00002
G1 X127.457 Y114.726 E0.00002
G1 X127.302 Y114.8 E0.00009
G1 X127.146 Y114.874 E0.00009
G1 X127.07 Y114.906 E0.00004
G1 X127.002 Y114.934 E0.00004
G1 F501.7 X126.934 Y114.962 E0.00004
G1 X126.873 Y114.984 E0.00003
G1 X126.812 Y115.006 E0.00003
G1 F502.9 X126.751 Y115.028 E0.00003
G1 F504.1 X126.69 Y115.05 E0.00003
G1 X126.629 Y115.072 E0.00003
G1 F505.3 X126.467 Y115.115 E0.00009
G1 X126.304 Y115.158 E0.00009
G1 X126.14 Y115.201 E0.00009
G1 X126.085 Y115.213 E0.00003
G1 F504.1 X126.03 Y115.224 E0.00003
G1 X125.975 Y115.236 E0.00003
G1 F502.9 X125.92 Y115.247 E0.00003
G1 X125.735 Y115.278 E0.0001
G1 F501.7 X125.703 Y115.283 E0.00002
G1 X125.646 Y115.288 E0.00003
G1 X125.588 Y115.293 E0.00003
G1 F502.9 X125.53 Y115.298 E0.00003
G1 X125.472 Y115.303 E0.00003
G1 F504.1 X125.414 Y115.308 E0.00003
G1 X125.357 Y115.313 E0.00003
G1 X125.227 Y115.321 E0.00007
G1 X125.174 Y115.322 E0.00003
G1 F505.3 X125.121 Y115.324 E0.00003
G1 F506.5 X125.068 Y115.325 E0.00003
G1 X125.034 Y115.326 E0.00002
G1 X124.99 Y115.326 E0.00002
G1 F505.3 X124.946 Y115.326 E0.00002
G1 F504.1 X124.902 Y115.326 E0.00002
G1 F502.9 X124.858 Y115.326 E0.00002
G1 X124.763 Y115.321 E0.00005
G1 F504.1 X124.669 Y115.316 E0.00005
G1 X124.641 Y115.314 E0.00001
G1 X124.578 Y115.31 E0.00003
G1 F501.7 X124.515 Y115.305 E0.00003
G1 X124.476 Y115.301 E0.00002
G1 F502.9 X124.436 Y115.296 E0.00002
G1 X124.396 Y115.291 E0.00002
G1 F504.1 X124.356 Y115.286 E0.00002
G1 F505.3 X124.316 Y115.282 E0.00002
G1 X124.292 Y115.278 E0.00001
G1 F504.1 X124.208 Y115.266 E0.00004
G1 F502.9 X124.123 Y115.254 E0.00004
G1 X124.038 Y115.242 E0.00004
G1 F501.7 X123.929 Y115.22 E0.00006
G1 X123.82 Y115.197 E0.00006
G1 X123.784 Y115.188 E0.00002
G1 F502.9 X123.747 Y115.178 E0.00002
G1 F504.1 X123.71 Y115.168 E0.00002
G1 F505.3 X123.673 Y115.159 E0.00002
G1 F506.5 X123.637 Y115.149 E0.00002
G1 X123.599 Y115.139 E0.00002
G1 X123.557 Y115.127 E0.00002
G1 F505.3 X123.515 Y115.115 E0.00002
G1 F504.1 X123.473 Y115.103 E0.00002
G1 X123.431 Y115.091 E0.00002
G1 F502.9 X123.388 Y115.079 E0.00002
G1 X123.331 Y115.058 E0.00003
G1 F505.3 X123.275 Y115.038 E0.00003
G1 X123.254 Y115.03 E0.00001
G1 X123.175 Y115.001 E0.00004
G1 X123.095 Y114.971 E0.00004
G1 F504.1 X123.016 Y114.941 E0.00004
G1 X122.936 Y114.911 E0.00004
G1 X122.866 Y114.879 E0.00004
G1 X122.795 Y114.846 E0.00004
G1 F505.3 X122.724 Y114.813 E0.00004
G1 X122.654 Y114.781 E0.00004
G1 X122.259 Y114.567 E0.00023
G1 X121.867 Y114.306 E0.00025
G1 X121.567 Y114.071 E0.0002
G1 X121.527 Y114.037 E0.00003
G1 F504.1 X121.487 Y114.002 E0.00003
G1 X121.447 Y113.968 E0.00003
G1 F502.9 X121.407 Y113.933 E0.00003
G1 F501.7 X121.405 Y113.932 E0
G1 F502.9 X121.379 Y113.907 E0.00002
G1 F504.1 X121.353 Y113.881 E0.00002
G1 F505.3 X121.326 Y113.855 E0.00002
G1 X121.3 Y113.829 E0.00002
G1 F506.5 X121.273 Y113.803 E0.00002
G1 F507.7 X121.247 Y113.777 E0.00002
G1 F508.9 X121.222 Y113.752 E0.00002
G1 X121.194 Y113.724 E0.00002
G1 F507.7 X121.166 Y113.695 E0.00002
G1 F506.5 X121.138 Y113.667 E0.00002
G1 X121.11 Y113.638 E0.00002
G1 F505.3 X121.082 Y113.61 E0.00002
G1 F504.1 X121.054 Y113.581 E0.00002
G1 X121.029 Y113.551 E0.00002
G1 F506.5 X121.003 Y113.52 E0.00002
G1 X120.901 Y113.393 E0.00008
G1 X120.798 Y113.265 E0.00009
G1 X120.695 Y113.137 E0.00009
G1 F505.3 X120.67 Y113.1 E0.00002
G1 X120.645 Y113.063 E0.00002
G1 F504.1 X120.619 Y113.026 E0.00002
G1 X120.594 Y112.989 E0.00002
G1 F502.9 X120.568 Y112.952 E0.00002
G1 X120.543 Y112.914 E0.00002
G1 F501.7 X120.518 Y112.877 E0.00002
G1 X120.492 Y112.84 E0.00002
G1 X120.452 Y112.776 E0.00004
G1 F504.1 X120.435 Y112.745 E0.00002
G1 X120.413 Y112.706 E0.00002
G1 X120.39 Y112.666 E0.00002
G1 F502.9 X120.367 Y112.626 E0.00002
G1 F501.7 X120.344 Y112.586 E0.00002
G1 X120.321 Y112.546 E0.00002
G1 F500.5 X120.298 Y112.506 E0.00002
G1 X120.276 Y112.466 E0.00002
G1 X120.264 Y112.44 E0.00002
G1 F501.7 X120.251 Y112.413 E0.00002
G1 F504.1 X120.238 Y112.386 E0.00002
G1 F505.3 X120.225 Y112.359 E0.00002
G1 X120.21 Y112.329 E0.00002
G1 X120.186 Y112.277 E0.00003
G1 X120.162 Y112.224 E0.00003
G1 F504.1 X120.137 Y112.171 E0.00003
G1 X120.113 Y112.119 E0.00003
G1 X120.089 Y112.066 E0.00003
G1 F502.9 X120.064 Y112.013 E0.00003
G1 X120.04 Y111.961 E0.00003
G1 X119.994 Y111.829 E0.00007
G1 X119.948 Y111.696 E0.00007
G1 X119.912 Y111.586 E0.00006
G1 X119.866 Y111.423 E0.00009
G1 X119.845 Y111.343 E0.00004
G1 F501.7 X119.824 Y111.263 E0.00004
G1 F500.5 X119.823 Y111.261 E0
G1 F501.7 X119.809 Y111.199 E0.00003
G1 F502.9 X119.795 Y111.136 E0.00003
G1 X119.781 Y111.074 E0.00003
G1 F504.1 X119.767 Y111.011 E0.00003
G1 X119.749 Y110.918 E0.00005
G1 F502.9 X119.741 Y110.865 E0.00003
G1 X119.733 Y110.812 E0.00003
G1 F501.7 X119.725 Y110.758 E0.00003
G1 F500.5 X119.717 Y110.705 E0.00003
G1 X119.709 Y110.652 E0.00003
G1 X119.707 Y110.621 E0.00002
G1 F501.7 X119.704 Y110.589 E0.00002
G1 F502.9 X119.701 Y110.557 E0.00002
G1 F504.1 X119.698 Y110.525 E0.00002
G1 F505.3 X119.695 Y110.493 E0.00002
G1 F506.5 X119.691 Y110.453 E0.00002
G1 X119.689 Y110.417 E0.00002
G1 F505.3 X119.686 Y110.38 E0.00002
G1 F504.1 X119.683 Y110.343 E0.00002
G1 X119.681 Y110.306 E0.00002
G1 F502.9 X119.678 Y110.269 E0.00002
G1 F501.7 X119.675 Y110.232 E0.00002
G1 X119.674 Y110.181 E0.00003
G1 F502.9 X119.673 Y110.13 E0.00003
G1 F504.1 X119.672 Y110.079 E0.00003
G1 X119.671 Y109.969 E0.00006
G1 X119.672 Y109.86 E0.00006
G1 X119.677 Y109.759 E0.00005
G1 X119.682 Y109.677 E0.00004
G1 F502.9 X119.688 Y109.594 E0.00004
G1 X119.693 Y109.511 E0.00004
G0 F24000 X119.681 Y109.709
;TIME_ELAPSED:558.536863
G1 F60 E-0.001
M140 S0
M82 ;absolute extrusion mode
M107
T-1
M104 S0
M140 S0
M83 ;relative extrusion mode
;End of Gcode
;SETTING_3 {"global_quality": "[general]\\nversion = 4\\nname = 26G-RFATOMS\\nde
;SETTING_3 finition = custom\\n\\n[metadata]\\ntype = quality_changes\\nquality_
;SETTING_3 type = fast\\nsetting_version = 23\\n\\n[values]\\nadhesion_extruder_
;SETTING_3 nr = 0\\nadhesion_type = brim\\nalternate_carve_order = False\\nbridg
;SETTING_3 e_settings_enabled = True\\nbridge_wall_min_length = =line_width + su
;SETTING_3 pport_xy_distance + 1.0\\ncarve_multiple_volumes = True\\nlayer_heigh
;SETTING_3 t = 0.1\\nlayer_height_0 = 0.3\\nmaterial_bed_temperature = 20\\nmate
;SETTING_3 rial_bed_temperature_layer_0 = 20\\nminimum_polygon_circumference = 0
;SETTING_3 .1\\nprime_tower_enable = False\\nretraction_combing = all\\nskirt_br
;SETTING_3 im_extruder_nr = 0\\nspeed_slowdown_layers = 1\\nsupport_enable = Fal
;SETTING_3 se\\nsupport_extruder_nr = 0\\nsupport_structure = normal\\nsupport_t
;SETTING_3 ype = everywhere\\ntravel_retract_before_outer_wall = False\\n\\n", "
;SETTING_3 extruder_quality": ["[general]\\nversion = 4\\nname = 26G-RFATOMS\\nd
;SETTING_3 efinition = custom\\n\\n[metadata]\\ntype = quality_changes\\nquality
;SETTING_3 _type = fast\\nintent_category = default\\nposition = 0\\nsetting_ver
;SETTING_3 sion = 23\\n\\n[values]\\nbottom_layers = 50\\nbridge_enable_more_lay
;SETTING_3 ers = False\\nbridge_skin_material_flow = 100\\nbridge_wall_material_
;SETTING_3 flow = 100\\nbrim_gap = 1.5\\nbrim_width = 1\\ncoasting_enable = Fals
;SETTING_3 e\\ncool_fan_enabled = False\\ncool_fan_speed = 60\\ncool_fan_speed_m
;SETTING_3 ax = 100\\nfill_outline_gaps = True\\nhole_xy_offset = 0\\nhole_xy_of
;SETTING_3 fset_max_diameter = 4\\ninfill_overlap = 10\\ninfill_pattern = lightn
;SETTING_3 ing\\ninfill_sparse_density = 30\\ninset_direction = inside_out\\niro
;SETTING_3 ning_enabled = False\\nironing_flow = 25\\nironing_inset = 0\\nironin
;SETTING_3 g_line_spacing = 0.2\\nironing_only_highest_layer = False\\nironing_p
;SETTING_3 attern = zigzag\\nline_width = 0.38\\nmaterial_alternate_walls = True
;SETTING_3 \\nmaterial_final_print_temperature = 230\\nmaterial_flow = 100\\nmat
;SETTING_3 erial_initial_print_temperature = 230\\nmaterial_print_temperature = 
;SETTING_3 230\\nmaterial_standby_temperature = 0\\nmeshfix_maximum_deviation = 
;SETTING_3 0.001\\nmeshfix_maximum_resolution = 0.001\\nmeshfix_maximum_travel_r
;SETTING_3 esolution = =min(meshfix_maximum_resolution * speed_travel / speed_pr
;SETTING_3 int, 2 * line_width)\\nmeshfix_union_all = True\\nmin_even_wall_line_
;SETTING_3 width = =min_wall_line_width\\nmin_feature_size = =wall_line_width_0 
;SETTING_3 / 4\\nmin_odd_wall_line_width = =min_wall_line_width\\nmin_wall_line_
;SETTING_3 width = =machine_nozzle_size * .85\\noptimize_wall_printing_order = T
;SETTING_3 rue\\nraft_airgap = 0.0\\nraft_interface_thickness = =resolveOrValue(
;SETTING_3 'layer_height') * 1.5\\nraft_margin = 2\\nraft_surface_layers = 3\\nr
;SETTING_3 etraction_amount = 3.5\\nretraction_enable = True\\nretraction_extra_
;SETTING_3 prime_amount = 0.05\\nretraction_hop = 0.15\\nretraction_hop_enabled 
;SETTING_3 = False\\nretraction_speed = 30\\nskin_material_flow = 105\\nskin_mon
;SETTING_3 otonic = True\\nskin_outline_count = 0\\nskirt_brim_minimal_length = 
;SETTING_3 0\\nskirt_brim_speed = 45\\nsmall_feature_speed_factor = 10\\nsmall_h
;SETTING_3 ole_max_size = 4\\nsmall_skin_width = 0.32\\nspeed_infill = 112\\nspe
;SETTING_3 ed_ironing = 150\\nspeed_layer_0 = 30\\nspeed_print = 112\\nspeed_pri
;SETTING_3 nt_layer_0 = 60\\nspeed_support = 100\\nspeed_topbottom = 140\\nspeed
;SETTING_3 _travel = 300\\nspeed_travel_layer_0 = 300\\nspeed_wall_0 = 25\\nspee
;SETTING_3 d_wall_0_roofing = 20\\nspeed_wall_x = 50\\nspeed_z_hop = 20\\nsuppor
;SETTING_3 t_interface_enable = True\\nsupport_tree_limit_branch_reach = False\\
;SETTING_3 nswitch_extruder_extra_prime_amount = 0.575\\nswitch_extruder_retract
;SETTING_3 ion_amount = 3.5\\nswitch_extruder_retraction_speeds = 50\\ntop_botto
;SETTING_3 m_pattern = concentric\\ntop_bottom_thickness = 0.7\\ntravel_avoid_di
;SETTING_3 stance = 1\\nwall_0_inset = 0.0\\nwall_0_material_flow = 83\\nwall_0_
;SETTING_3 material_flow_roofing = 105\\nwall_line_count = 1\\nwall_thickness = 
;SETTING_3 =wall_line_width_0 if magic_spiralize else 0.8\\nwall_transition_filt
;SETTING_3 er_deviation = =.25 * machine_nozzle_size\\nwall_transition_length = 
;SETTING_3 =line_width\\nwall_x_material_flow = 83\\nwall_x_material_flow_roofin
;SETTING_3 g = 105\\nxy_offset = -0.05\\nz_seam_corner = z_seam_corner_weighted\
;SETTING_3 \nz_seam_position = frontleft\\nz_seam_type = sharpest_corner\\nzig_z
;SETTING_3 aggify_infill = True\\n\\n", "[general]\\nversion = 4\\nname = 26G-RF
;SETTING_3 ATOMS\\ndefinition = custom\\n\\n[metadata]\\ntype = quality_changes\
;SETTING_3 \nquality_type = fast\\nintent_category = default\\nposition = 1\\nse
;SETTING_3 tting_version = 23\\n\\n[values]\\nbottom_layers = 1\\nbrim_width = 1
;SETTING_3 \\ncool_fan_speed = 0\\ninfill_sparse_density = 15\\ninitial_bottom_l
;SETTING_3 ayers = 1\\nironing_enabled = False\\nironing_flow = 0\\nironing_line
;SETTING_3 _spacing = 0.2\\nironing_pattern = concentric\\nmaterial_final_print_
;SETTING_3 temperature = 275\\nmaterial_initial_print_temperature = 275\\nmateri
;SETTING_3 al_print_temperature = 275\\nmaterial_standby_temperature = 165\\nret
;SETTING_3 raction_hop = 2\\nretraction_hop_enabled = True\\nretraction_speed = 
;SETTING_3 120\\nspeed_ironing = 25\\nspeed_print = 100\\nspeed_support = 60\\ns
;SETTING_3 peed_travel = 300.0\\nspeed_wall_0 = 75\\nspeed_wall_x = 75\\nspeed_z
;SETTING_3 _hop = 300\\nsupport_infill_rate = 25\\nsupport_interface_enable = Tr
;SETTING_3 ue\\nsupport_interface_height = 0.3\\nsupport_interface_pattern = lin
;SETTING_3 es\\nsupport_xy_distance = 2\\nsupport_xy_distance_overhang = 0.1\\ns
;SETTING_3 witch_extruder_retraction_amount = 5\\nswitch_extruder_retraction_spe
;SETTING_3 ed = 60\\ntop_bottom_thickness = 0.2\\ntop_layers = 1\\n\\n", "[gener
;SETTING_3 al]\\nversion = 4\\nname = 26G-RFATOMS\\ndefinition = custom\\n\\n[me
;SETTING_3 tadata]\\ntype = quality_changes\\nquality_type = fast\\nintent_categ
;SETTING_3 ory = default\\nposition = 2\\nsetting_version = 23\\n\\n[values]\\n_
;SETTING_3 plugin__curaenginegradualflow__0_1_0__gradual_flow_discretisation_ste
;SETTING_3 p_size = 0.1\\n_plugin__curaenginegradualflow__0_1_0__layer_0_max_flo
;SETTING_3 w_acceleration = 0.25\\n_plugin__curaenginegradualflow__0_1_0__max_fl
;SETTING_3 ow_acceleration = 0.25\\nbottom_layers = 0\\ncoasting_enable = False\
;SETTING_3 \ncoasting_volume = 0.2\\nconnect_skin_polygons = True\\ncool_fan_ful
;SETTING_3 l_at_height = 0.1\\ncool_fan_speed = 20\\ncool_min_speed = 9\\nfill_o
;SETTING_3 utline_gaps = True\\ngroup_outer_walls = False\\nhole_xy_offset_max_d
;SETTING_3 iameter = 5\\ninfill_material_flow = =material_flow\\ninfill_pattern 
;SETTING_3 = concentric\\ninfill_sparse_density = 100\\ninset_direction = inside
;SETTING_3 _out\\nlayer_start_x = 0\\nlayer_start_y = 0\\nline_width = 0.4\\nmat
;SETTING_3 erial_alternate_walls = False\\nmaterial_final_print_temperature = 0\
;SETTING_3 \nmaterial_flow = 3.0\\nmaterial_flow_layer_0 = 3\\nmaterial_initial_
;SETTING_3 print_temperature = 0\\nmaterial_print_temperature = 0\\nmaterial_sta
;SETTING_3 ndby_temperature = 0\\nmeshfix_maximum_extrusion_area_deviation = 50.
;SETTING_3 0\\nmeshfix_maximum_resolution = 0.01\\nmeshfix_maximum_travel_resolu
;SETTING_3 tion = 0.2\\nmeshfix_union_all = True\\nmin_wall_line_width = 0.1\\nm
;SETTING_3 ultiple_mesh_overlap = 0.01\\noptimize_wall_printing_order = False\\n
;SETTING_3 prime_tower_flow = =material_flow\\nretraction_amount = 0.001\\nretra
;SETTING_3 ction_count_max = 250\\nretraction_extra_prime_amount = 0\\nretractio
;SETTING_3 n_hop = 2\\nretraction_hop_enabled = True\\nretraction_min_travel = 0
;SETTING_3 .1\\nretraction_speed = 1\\nskin_line_width = 0.4\\nskin_material_flo
;SETTING_3 w = 3\\nskirt_brim_material_flow = =material_flow\\nskirt_brim_speed 
;SETTING_3 = 10\\nskirt_line_count = 3\\nsmall_feature_speed_factor = 1\\nsmall_
;SETTING_3 hole_max_size = 0\\nspeed_infill = 8.8\\nspeed_layer_0 = 8.8\\nspeed_
;SETTING_3 print = 8.8\\nspeed_topbottom = 8\\nspeed_travel = 400\\nspeed_travel
;SETTING_3 _layer_0 = 400\\nspeed_wall = =speed_print / 2\\nspeed_wall_0 = 8.8\\
;SETTING_3 nspeed_wall_x = 8.8\\nspeed_z_hop = 300\\nswitch_extruder_retraction_
;SETTING_3 amount = 0\\nswitch_extruder_retraction_speeds = 1.0\\ntop_bottom_pat
;SETTING_3 tern = concentric\\ntop_bottom_thickness = 0\\ntop_layers = 1\\nwall_
;SETTING_3 0_inset = 0.12\\nwall_0_material_flow = 3.0\\nwall_line_count = 100\\
;SETTING_3 nwall_transition_filter_deviation = =.25 * machine_nozzle_size\\nwall
;SETTING_3 _x_material_flow = 3\\nwall_x_material_flow_roofing = 3.0\\nxy_offset
;SETTING_3  = 0.01\\nz_seam_corner = z_seam_corner_any\\nz_seam_position = front
;SETTING_3 left\\nz_seam_type = shortest\\nz_seam_x = =(0 if (z_seam_position ==
;SETTING_3  'frontleft' or z_seam_position == 'left' or z_seam_position == 'back
;SETTING_3 left') else machine_width / 2 if (z_seam_position == 'front' or z_sea
;SETTING_3 m_position == 'back') else machine_width) - (machine_width / 2 if z_s
;SETTING_3 eam_relative or machine_center_is_zero else 0)\\nz_seam_y = =(0 if (z
;SETTING_3 _seam_position == 'frontleft' or z_seam_position == 'front' or z_seam
;SETTING_3 _position == 'frontright') else machine_depth / 2 if (z_seam_position
;SETTING_3  == 'left' or z_seam_position == 'right') else machine_depth) - (mach
;SETTING_3 ine_depth / 2 if z_seam_relative or machine_center_is_zero else 0)\\n
;SETTING_3 \\n"]}
