;FLAVOR:RepRap
;TIME:358
;Filament used: 0.226633m, 0m, 0.000207891m
;Layer height: 0.1
;MINX:63.977
;MINY:72.192
;MINZ:0.3
;MAXX:129.724
;MAXY:120.19
;MAXZ:2.9
;TARGET_MACHINE.NAME:Unknown
;Generated with Cura_SteamEngine 5.7.2
T0
M190 S20
M104 S230
M104 T1 S0
M109 S230
M109 T1 S0
M82 ;absolute extrusion mode
G1 Z50 F6000
G1 X150 Y150
M82 ;absolute extrusion mode
T0
G1 Z50
G1 X0 Y0
M83
G1 E15
M83 ;relative extrusion mode
M83 ;relative extrusion mode
G1 F1800 E-3.5
;LAYER_COUNT:7
;LAYER:0
M107
G0 F18000 X68.942 Y75.713 Z0.3
;TYPE:SKIRT
G1 F1800 E3.52079
G1 F2700 X69.579 Y75.192 E0.039
G1 X70.1 Y74.808 E0.03068
G1 X70.845 Y74.319 E0.04224
G1 X71.506 Y73.937 E0.03618
G1 X72.053 Y73.657 E0.02912
G1 X72.558 Y73.421 E0.02642
G1 X73.209 Y73.153 E0.03337
G1 X73.796 Y72.941 E0.02958
G1 X74.327 Y72.773 E0.0264
G1 X74.943 Y72.608 E0.03022
G1 X75.821 Y72.422 E0.04254
G1 X76.757 Y72.284 E0.04484
G1 X77.807 Y72.203 E0.04991
G1 X78.431 Y72.192 E0.02958
G1 X78.99 Y72.205 E0.0265
G1 X79.905 Y72.274 E0.04349
G1 X80.565 Y72.36 E0.03155
G1 X81.236 Y72.479 E0.0323
G1 X81.779 Y72.599 E0.02636
G1 X82.461 Y72.784 E0.03349
G1 X83.052 Y72.973 E0.02941
G1 X83.572 Y73.161 E0.02621
G1 X84.429 Y73.526 E0.04415
G1 X85.078 Y73.848 E0.03434
G1 X85.643 Y74.161 E0.03061
G1 X86.344 Y74.597 E0.03913
G1 X86.934 Y75.011 E0.03416
G1 X87.379 Y75.353 E0.0266
G1 X88.044 Y75.92 E0.04142
G1 X88.612 Y76.465 E0.03731
G1 X89.163 Y77.052 E0.03816
G1 X89.766 Y77.78 E0.0448
G1 X90.203 Y78.376 E0.03503
G1 X90.504 Y78.826 E0.02566
G1 X90.972 Y79.613 E0.0434
G1 X91.287 Y80.214 E0.03216
G1 X91.71 Y81.154 E0.04886
G1 X92.03 Y82.012 E0.0434
G1 X92.22 Y82.621 E0.03024
G1 X92.383 Y83.248 E0.0307
G1 X92.55 Y84.043 E0.0385
G1 X92.685 Y84.971 E0.04445
G1 X92.766 Y86.021 E0.04991
G1 X92.777 Y86.643 E0.02948
G1 X92.764 Y87.204 E0.0266
G1 X92.695 Y88.117 E0.0434
G1 X92.593 Y88.923 E0.03851
G1 X92.423 Y89.771 E0.04099
G1 X92.273 Y90.368 E0.02917
G1 X92.099 Y90.961 E0.02929
G1 X91.811 Y91.777 E0.04101
G1 X91.537 Y92.437 E0.03387
G1 X91.311 Y92.921 E0.02532
G1 X90.874 Y93.744 E0.04416
G1 X90.386 Y94.539 E0.04421
G1 X89.957 Y95.15 E0.03538
G1 X89.616 Y95.592 E0.02646
G1 X89.035 Y96.276 E0.04254
G1 X88.571 Y96.762 E0.03185
G1 X88.08 Y97.232 E0.03221
G1 X87.59 Y97.659 E0.0308
G1 X87.098 Y98.05 E0.02979
G1 X86.592 Y98.418 E0.02965
G1 X86.127 Y98.727 E0.02646
G1 X85.254 Y99.244 E0.04809
G1 X84.691 Y99.534 E0.03002
G1 X83.922 Y99.881 E0.03999
G1 X83.313 Y100.119 E0.03099
G1 X82.348 Y100.435 E0.04813
G1 X81.721 Y100.598 E0.0307
G1 X80.796 Y100.786 E0.04474
G1 X79.997 Y100.9 E0.03825
G1 X78.948 Y100.981 E0.04987
G1 X78.324 Y100.992 E0.02958
G1 X77.772 Y100.979 E0.02617
G1 X77.079 Y100.933 E0.03292
G1 X76.505 Y100.871 E0.02736
G1 X75.913 Y100.78 E0.02839
G1 X74.837 Y100.557 E0.05208
G1 X74.069 Y100.334 E0.0379
G1 X73.192 Y100.026 E0.04405
G1 X72.526 Y99.749 E0.03419
G1 X71.964 Y99.484 E0.02945
G1 X71.403 Y99.19 E0.03002
G1 X70.835 Y98.858 E0.03118
G1 X70.071 Y98.354 E0.04338
G1 X69.549 Y97.967 E0.0308
G1 X68.838 Y97.379 E0.04373
G1 X68.362 Y96.938 E0.03075
G1 X67.801 Y96.363 E0.03807
G1 X67.355 Y95.856 E0.032
G1 X66.789 Y95.138 E0.04333
G1 X66.372 Y94.542 E0.03448
G1 X66.038 Y94.015 E0.02957
G1 X65.723 Y93.464 E0.03008
G1 X65.442 Y92.917 E0.02915
G1 X65.209 Y92.421 E0.02597
G1 X64.828 Y91.466 E0.04873
G1 X64.627 Y90.867 E0.02995
G1 X64.454 Y90.261 E0.02987
G1 X64.309 Y89.663 E0.02916
G1 X64.202 Y89.131 E0.02572
G1 X64.056 Y88.102 E0.04926
G1 X64.009 Y87.543 E0.02659
G1 X63.977 Y86.542 E0.04747
G1 X63.991 Y85.974 E0.02693
G1 X64.03 Y85.362 E0.02907
G1 X64.098 Y84.719 E0.03065
G1 X64.189 Y84.125 E0.02848
G1 X64.41 Y83.086 E0.05035
G1 X64.631 Y82.305 E0.03847
G1 X64.937 Y81.423 E0.04425
G1 X65.349 Y80.459 E0.04969
G1 X65.63 Y79.894 E0.02991
G1 X65.89 Y79.421 E0.02558
G1 X66.438 Y78.539 E0.04921
G1 X66.799 Y78.029 E0.02961
G1 X67.168 Y77.553 E0.02855
G1 X67.592 Y77.05 E0.03118
G1 X68.014 Y76.596 E0.02938
G1 X68.453 Y76.159 E0.02936
G1 X68.942 Y75.713 E0.03137
G0 F18000 X69.424 Y76.301
G1 F2700 X70.03 Y75.804 E0.03715
G1 X70.599 Y75.388 E0.03341
G1 X71.331 Y74.913 E0.04136
G1 X71.853 Y74.613 E0.02854
G1 X72.375 Y74.345 E0.02781
G1 X72.848 Y74.123 E0.02476
G1 X73.467 Y73.867 E0.03175
G1 X74.026 Y73.665 E0.02817
G1 X74.524 Y73.507 E0.02476
G1 X75.102 Y73.352 E0.02836
G1 X76.065 Y73.15 E0.04664
G1 X76.947 Y73.028 E0.0422
G1 X77.821 Y72.963 E0.04154
G1 X78.415 Y72.952 E0.02816
G1 X78.934 Y72.963 E0.0246
G1 X79.808 Y73.028 E0.04154
G1 X80.433 Y73.108 E0.02986
G1 X81.072 Y73.221 E0.03076
G1 X81.581 Y73.333 E0.0247
G1 X82.231 Y73.508 E0.0319
G1 X82.793 Y73.687 E0.02795
G1 X83.373 Y73.9 E0.02928
G1 X84.093 Y74.208 E0.03712
G1 X84.71 Y74.512 E0.0326
G1 X85.243 Y74.807 E0.02887
G1 X85.908 Y75.219 E0.03708
G1 X86.472 Y75.614 E0.03263
G1 X86.885 Y75.931 E0.02468
G1 X87.55 Y76.498 E0.04142
G1 X88.058 Y76.985 E0.03335
G1 X88.667 Y77.639 E0.04235
G1 X89.222 Y78.319 E0.0416
G1 X89.571 Y78.798 E0.02809
G1 X89.909 Y79.308 E0.029
G1 X90.354 Y80.064 E0.04158
G1 X90.595 Y80.528 E0.02478
G1 X90.998 Y81.422 E0.04648
G1 X91.304 Y82.24 E0.04139
G1 X91.484 Y82.814 E0.02851
G1 X91.639 Y83.404 E0.02891
G1 X91.8 Y84.168 E0.03701
G1 X91.941 Y85.161 E0.04754
G1 X92.006 Y86.035 E0.04154
G1 X92.017 Y86.627 E0.02806
G1 X92.006 Y87.148 E0.0247
G1 X91.941 Y88.022 E0.04154
G1 X91.846 Y88.78 E0.03621
G1 X91.685 Y89.587 E0.039
G1 X91.543 Y90.154 E0.0277
G1 X91.369 Y90.747 E0.02929
G1 X91.109 Y91.485 E0.03709
G1 X90.847 Y92.117 E0.03243
G1 X90.585 Y92.674 E0.02917
G1 X90.163 Y93.456 E0.04212
G1 X89.696 Y94.205 E0.04183
G1 X89.355 Y94.687 E0.02798
G1 X89.038 Y95.1 E0.02468
G1 X88.405 Y95.839 E0.04612
G1 X88.045 Y96.213 E0.0246
G1 X87.567 Y96.671 E0.03138
G1 X87.116 Y97.065 E0.02838
G1 X86.65 Y97.436 E0.02823
G1 X86.17 Y97.786 E0.02816
G1 X85.737 Y98.075 E0.02467
G1 X84.906 Y98.568 E0.0458
G1 X84.36 Y98.85 E0.02913
G1 X83.646 Y99.173 E0.03714
G1 X83.073 Y99.397 E0.02916
G1 X82.155 Y99.699 E0.0458
G1 X81.565 Y99.854 E0.02891
G1 X80.799 Y100.015 E0.0371
G1 X79.807 Y100.156 E0.04749
G1 X78.934 Y100.221 E0.04149
G1 X78.341 Y100.232 E0.02811
G1 X77.822 Y100.221 E0.0246
G1 X77.161 Y100.177 E0.0314
G1 X76.62 Y100.119 E0.02579
G1 X76.048 Y100.032 E0.02742
G1 X75.021 Y99.82 E0.0497
G1 X74.222 Y99.584 E0.03949
G1 X73.484 Y99.324 E0.03709
G1 X72.85 Y99.061 E0.03253
G1 X72.316 Y98.81 E0.02797
G1 X71.783 Y98.532 E0.02849
G1 X71.251 Y98.222 E0.02918
G1 X70.523 Y97.743 E0.0413
G1 X70.031 Y97.379 E0.02901
G1 X69.354 Y96.821 E0.04158
G1 X68.906 Y96.406 E0.02894
G1 X68.295 Y95.778 E0.04153
G1 X67.951 Y95.385 E0.02475
G1 X67.411 Y94.702 E0.04127
G1 X67.014 Y94.136 E0.03277
G1 X66.698 Y93.637 E0.02799
G1 X66.399 Y93.116 E0.02847
G1 X66.13 Y92.595 E0.02779
G1 X65.869 Y92.031 E0.02945
G1 X65.548 Y91.223 E0.04121
G1 X65.357 Y90.657 E0.02831
G1 X65.192 Y90.083 E0.02831
G1 X65.054 Y89.513 E0.0278
G1 X64.951 Y89.003 E0.02466
G1 X64.814 Y88.037 E0.04624
G1 X64.769 Y87.518 E0.02469
G1 X64.737 Y86.559 E0.04548
G1 X64.749 Y86.022 E0.02546
G1 X64.786 Y85.442 E0.02755
G1 X64.85 Y84.833 E0.02902
G1 X64.954 Y84.169 E0.03185
G1 X65.142 Y83.292 E0.04251
G1 X65.354 Y82.54 E0.03703
G1 X65.644 Y81.703 E0.04198
G1 X66.03 Y80.797 E0.04668
G1 X66.296 Y80.26 E0.0284
G1 X66.547 Y79.803 E0.02471
G1 X67.058 Y78.979 E0.04595
G1 X67.401 Y78.495 E0.02812
G1 X67.76 Y78.031 E0.02781
G1 X68.15 Y77.566 E0.02876
G1 X68.55 Y77.134 E0.0279
G1 X68.969 Y76.717 E0.02802
G1 X69.424 Y76.301 E0.02922
G0 F18000 X69.183 Y76.007
G1 F2700 X69.804 Y75.498 E0.03806
G1 X70.309 Y75.126 E0.02973
G1 X71.054 Y74.637 E0.04224
G1 X71.679 Y74.275 E0.03423
G1 X72.214 Y74.001 E0.02849
G1 X72.703 Y73.772 E0.02559
G1 X73.338 Y73.51 E0.03256
G1 X73.911 Y73.303 E0.02888
G1 X74.426 Y73.14 E0.0256
G1 X75.022 Y72.98 E0.02925
G1 X75.886 Y72.796 E0.04187
G1 X76.798 Y72.662 E0.04369
G1 X77.814 Y72.583 E0.0483
G1 X78.423 Y72.572 E0.02887
G1 X78.962 Y72.584 E0.02555
G1 X79.856 Y72.651 E0.04249
G1 X80.499 Y72.734 E0.03073
G1 X81.154 Y72.85 E0.03153
G1 X81.68 Y72.966 E0.02553
G1 X82.346 Y73.146 E0.0327
G1 X82.923 Y73.33 E0.0287
G1 X83.423 Y73.511 E0.0252
G1 X84.261 Y73.867 E0.04315
G1 X84.894 Y74.18 E0.03347
G1 X85.443 Y74.484 E0.02974
G1 X86.126 Y74.908 E0.0381
G1 X86.703 Y75.313 E0.03341
G1 X87.132 Y75.642 E0.02562
G1 X87.797 Y76.209 E0.04142
G1 X88.335 Y76.725 E0.03533
G1 X88.961 Y77.398 E0.04356
G1 X89.529 Y78.095 E0.04261
G1 X89.887 Y78.587 E0.02884
G1 X90.236 Y79.114 E0.02996
G1 X90.691 Y79.889 E0.04259
G1 X90.941 Y80.371 E0.02573
G1 X91.354 Y81.288 E0.04767
G1 X91.667 Y82.126 E0.0424
G1 X91.852 Y82.717 E0.02935
G1 X92.011 Y83.326 E0.02983
G1 X92.175 Y84.104 E0.03768
G1 X92.307 Y85.012 E0.04349
G1 X92.386 Y86.028 E0.0483
G1 X92.397 Y86.635 E0.02877
G1 X92.385 Y87.176 E0.02565
G1 X92.318 Y88.069 E0.04244
G1 X92.219 Y88.852 E0.03741
G1 X92.054 Y89.679 E0.03997
G1 X91.908 Y90.261 E0.02844
G1 X91.734 Y90.854 E0.02929
G1 X91.46 Y91.631 E0.03905
G1 X91.192 Y92.277 E0.03315
G1 X90.972 Y92.75 E0.02472
G1 X90.486 Y93.656 E0.04873
G1 X90.069 Y94.329 E0.03752
G1 X89.656 Y94.918 E0.03409
G1 X89.327 Y95.346 E0.02559
G1 X88.679 Y96.103 E0.04723
G1 X88.308 Y96.487 E0.02531
G1 X87.817 Y96.957 E0.03221
G1 X87.353 Y97.362 E0.02919
G1 X86.874 Y97.743 E0.02901
G1 X86.381 Y98.102 E0.0289
G1 X85.932 Y98.401 E0.02557
G1 X85.08 Y98.906 E0.04694
G1 X84.517 Y99.196 E0.03002
G1 X83.784 Y99.527 E0.03812
G1 X83.193 Y99.758 E0.03007
G1 X82.252 Y100.067 E0.04694
G1 X81.643 Y100.226 E0.02983
G1 X80.742 Y100.41 E0.04358
G1 X79.835 Y100.535 E0.04339
G1 X78.941 Y100.601 E0.04249
G1 X78.333 Y100.612 E0.02882
G1 X77.797 Y100.6 E0.02541
G1 X77.12 Y100.555 E0.03216
G1 X76.563 Y100.495 E0.02655
G1 X75.971 Y100.404 E0.02839
G1 X74.936 Y100.19 E0.05009
G1 X74.195 Y99.975 E0.03657
G1 X73.338 Y99.675 E0.04303
G1 X72.688 Y99.405 E0.03336
G1 X72.14 Y99.147 E0.02871
G1 X71.593 Y98.861 E0.02926
G1 X71.043 Y98.54 E0.03018
G1 X70.381 Y98.107 E0.03749
G1 X69.79 Y97.673 E0.03475
G1 X69.096 Y97.1 E0.04266
G1 X68.634 Y96.672 E0.02985
G1 X68.009 Y96.028 E0.04253
G1 X67.653 Y95.621 E0.02563
G1 X67.1 Y94.92 E0.04232
G1 X66.693 Y94.339 E0.03362
G1 X66.368 Y93.826 E0.02878
G1 X66.061 Y93.29 E0.02928
G1 X65.786 Y92.756 E0.02847
G1 X65.559 Y92.272 E0.02534
G1 X65.188 Y91.345 E0.04732
G1 X64.992 Y90.762 E0.02915
G1 X64.823 Y90.172 E0.02909
G1 X64.682 Y89.588 E0.02847
G1 X64.575 Y89.056 E0.02572
G1 X64.435 Y88.07 E0.0472
G1 X64.389 Y87.531 E0.02564
G1 X64.357 Y86.551 E0.04647
G1 X64.37 Y85.998 E0.02622
G1 X64.408 Y85.402 E0.02831
G1 X64.474 Y84.776 E0.02983
G1 X64.582 Y84.091 E0.03287
G1 X64.776 Y83.189 E0.04373
G1 X64.992 Y82.423 E0.03772
G1 X65.29 Y81.564 E0.04309
G1 X65.689 Y80.628 E0.04822
G1 X65.963 Y80.077 E0.02917
G1 X66.223 Y79.604 E0.02558
G1 X66.748 Y78.759 E0.04715
G1 X67.1 Y78.262 E0.02887
G1 X67.459 Y77.798 E0.02781
G1 X67.871 Y77.308 E0.03034
G1 X68.282 Y76.865 E0.02864
G1 X68.711 Y76.438 E0.02869
G1 X69.183 Y76.007 E0.03029
G1 F1800 E-3.5
G0 F18000 X75.018 Y74.044
G0 X76.964 Y73.68
G0 X78.943 Y73.615
G0 X80.918 Y73.853
G0 X82.558 Y74.294
G0 X84.376 Y75.071
G0 X86.058 Y76.117
G0 X87.561 Y77.407
G0 X88.851 Y78.911
G0 X89.899 Y80.595
G0 X90.677 Y82.417
G0 X91.17 Y84.338
G0 X91.344 Y86.114
G0 X91.117 Y100.411
G1 F1800 E3.52079
G1 F2700 X91.551 Y100.109 E0.02506
G1 X92.088 Y99.883 E0.02761
G1 X92.726 Y99.806 E0.03046
G1 X127.356 Y99.81 E1.64131
G1 X127.883 Y99.886 E0.02524
G1 X128.381 Y100.074 E0.02523
G1 X128.795 Y100.338 E0.02327
G1 X129.119 Y100.647 E0.02122
G1 X129.421 Y101.081 E0.02506
G1 X129.647 Y101.618 E0.02761
G1 X129.724 Y102.256 E0.03046
G1 X129.72 Y117.826 E0.73795
G1 X129.644 Y118.353 E0.02524
G1 X129.456 Y118.851 E0.02523
G1 X129.192 Y119.265 E0.02327
G1 X128.883 Y119.589 E0.02122
G1 X128.449 Y119.891 E0.02506
G1 X127.994 Y120.083 E0.02341
G1 X127.374 Y120.188 E0.0298
G1 X92.644 Y120.19 E1.64605
G1 X92.117 Y120.114 E0.02524
G1 X91.619 Y119.926 E0.02523
G1 X91.205 Y119.662 E0.02327
G1 X90.881 Y119.353 E0.02122
G1 X90.579 Y118.919 E0.02506
G1 X90.353 Y118.382 E0.02761
G1 X90.276 Y117.744 E0.03046
G1 X90.28 Y102.174 E0.73795
G1 X90.356 Y101.647 E0.02524
G1 X90.544 Y101.149 E0.02523
G1 X90.808 Y100.735 E0.02327
G1 X91.117 Y100.411 E0.02122
G0 F18000 X91.637 Y100.964
G1 F2700 X91.942 Y100.759 E0.01742
G1 X92.284 Y100.625 E0.01741
G1 X92.726 Y100.566 E0.02113
G1 X127.274 Y100.566 E1.63743
G1 X127.639 Y100.606 E0.0174
G1 X127.987 Y100.724 E0.01742
G1 X128.301 Y100.914 E0.01739
G1 X128.566 Y101.167 E0.01736
G1 X128.771 Y101.472 E0.01742
G1 X128.905 Y101.814 E0.01741
G1 X128.964 Y102.256 E0.02113
G1 X128.964 Y117.744 E0.73406
G1 X128.924 Y118.109 E0.0174
G1 X128.806 Y118.457 E0.01742
G1 X128.616 Y118.771 E0.01739
G1 X128.363 Y119.036 E0.01736
G1 X128.058 Y119.241 E0.01742
G1 X127.716 Y119.375 E0.01741
G1 X127.274 Y119.434 E0.02113
G1 X92.726 Y119.434 E1.63743
G1 X92.361 Y119.394 E0.0174
G1 X92.013 Y119.276 E0.01742
G1 X91.699 Y119.086 E0.01739
G1 X91.434 Y118.833 E0.01736
G1 X91.229 Y118.528 E0.01742
G1 X91.095 Y118.186 E0.01741
G1 X91.036 Y117.744 E0.02113
G1 X91.036 Y102.256 E0.73406
G1 X91.076 Y101.891 E0.0174
G1 X91.194 Y101.543 E0.01742
G1 X91.384 Y101.229 E0.01739
G1 X91.637 Y100.964 E0.01736
G0 F18000 X91.425 Y100.649
G1 F2700 X91.803 Y100.405 E0.02132
G1 X92.234 Y100.248 E0.02174
G1 X92.676 Y100.189 E0.02113
G1 X127.315 Y100.188 E1.64174
G1 X127.761 Y100.246 E0.02132
G1 X128.184 Y100.399 E0.02132
G1 X128.563 Y100.639 E0.02126
G1 X128.881 Y100.955 E0.02125
G1 X129.125 Y101.333 E0.02132
G1 X129.282 Y101.764 E0.02174
G1 X129.341 Y102.206 E0.02113
G1 X129.342 Y117.785 E0.73838
G1 X129.284 Y118.231 E0.02132
G1 X129.131 Y118.654 E0.02132
G1 X128.891 Y119.033 E0.02126
G1 X128.575 Y119.351 E0.02125
G1 X128.197 Y119.595 E0.02132
G1 X127.766 Y119.752 E0.02174
G1 X127.324 Y119.811 E0.02113
G1 X92.685 Y119.812 E1.64174
G1 X92.239 Y119.754 E0.02132
G1 X91.816 Y119.601 E0.02132
G1 X91.437 Y119.361 E0.02126
G1 X91.119 Y119.045 E0.02125
G1 X90.875 Y118.667 E0.02132
G1 X90.718 Y118.236 E0.02174
G1 X90.659 Y117.794 E0.02113
G1 X90.658 Y102.215 E0.73838
G1 X90.716 Y101.769 E0.02132
G1 X90.869 Y101.346 E0.02132
G1 X91.109 Y100.967 E0.02126
G1 X91.425 Y100.649 E0.02125
G1 F1800 E-3.5
;MESH:01_Prime_Insulator.STL
G0 F18000 X82.819 Y98.798
G0 X82.071 Y97.53
G0 X78.669 Y97.529
G0 X78.644 Y96.826
;TYPE:WALL-OUTER
G1 F1800 E3.52079
G1 F1500 X79.087 Y96.806 E0.01744
G1 X79.538 Y96.766 E0.01781
G1 X79.976 Y96.704 E0.0174
G1 X80.417 Y96.628 E0.0176
G1 X80.798 Y96.542 E0.01537
G1 X81.071 Y96.473 E0.01108
G1 X81.285 Y96.411 E0.00876
G1 X81.715 Y96.272 E0.01778
G1 X81.923 Y96.2 E0.00866
G1 X82.351 Y96.029 E0.01813
G1 X82.717 Y95.865 E0.01578
G1 X82.955 Y95.752 E0.01036
G1 X83.301 Y95.568 E0.01542
G1 X83.728 Y95.321 E0.01941
G1 X84.082 Y95.097 E0.01648
G1 X84.287 Y94.951 E0.0099
G1 X84.609 Y94.713 E0.01575
G1 X84.791 Y94.572 E0.00906
G1 X85.127 Y94.29 E0.01726
G1 X85.262 Y94.171 E0.00708
G1 X85.605 Y93.845 E0.01862
G1 X85.958 Y93.476 E0.02009
G1 X86.199 Y93.202 E0.01435
G1 X86.526 Y92.79 E0.02069
G1 X86.782 Y92.436 E0.01719
G1 X86.889 Y92.28 E0.00744
G1 X87.128 Y91.907 E0.01743
G1 X87.248 Y91.704 E0.00928
G1 X87.463 Y91.316 E0.01745
G1 X87.555 Y91.127 E0.00827
G1 X87.745 Y90.721 E0.01763
G1 X87.834 Y90.517 E0.00876
G1 X87.994 Y90.105 E0.01739
G1 X88.072 Y89.883 E0.00926
G1 X88.206 Y89.457 E0.01757
G1 X88.324 Y89.031 E0.01739
G1 X88.418 Y88.593 E0.01762
G1 X88.496 Y88.149 E0.01773
G1 X88.529 Y87.928 E0.00879
G1 X88.577 Y87.49 E0.01733
G1 X88.594 Y87.262 E0.00899
G1 X88.615 Y86.816 E0.01756
G1 X88.615 Y86.324 E0.01935
G1 X88.606 Y86.097 E0.00894
G1 X88.594 Y85.929 E0.00663
G1 X88.55 Y85.427 E0.01982
G1 X88.529 Y85.247 E0.00713
G1 X88.464 Y84.818 E0.01707
G1 X88.411 Y84.547 E0.01086
G1 X88.326 Y84.162 E0.01551
G1 X88.264 Y83.926 E0.0096
G1 X88.195 Y83.683 E0.00994
G1 X88.053 Y83.249 E0.01796
G1 X87.992 Y83.073 E0.00733
G1 X87.835 Y82.666 E0.01716
G1 X87.634 Y82.21 E0.0196
G1 X87.563 Y82.064 E0.00639
G1 X87.357 Y81.668 E0.01756
G1 X87.12 Y81.262 E0.01849
G1 X86.991 Y81.049 E0.0098
G1 X86.736 Y80.679 E0.01768
G1 X86.497 Y80.355 E0.01584
G1 X86.347 Y80.16 E0.00968
G1 X86.055 Y79.816 E0.01775
G1 X85.768 Y79.503 E0.01671
G1 X85.598 Y79.329 E0.00957
G1 X85.282 Y79.03 E0.01711
G1 X85.096 Y78.862 E0.00986
G1 X84.777 Y78.6 E0.01624
G1 X84.569 Y78.437 E0.0104
G1 X84.217 Y78.178 E0.01719
G1 X84.063 Y78.074 E0.00731
G1 X83.69 Y77.839 E0.01734
G1 X83.458 Y77.7 E0.01064
G1 X83.102 Y77.506 E0.01595
G1 X82.862 Y77.386 E0.01056
G1 X82.505 Y77.219 E0.0155
G1 X82.303 Y77.133 E0.00864
G1 X81.89 Y76.971 E0.01745
G1 X81.663 Y76.892 E0.00946
G1 X81.185 Y76.739 E0.01974
G1 X81.17 Y76.737 E0.0006
G1 X81.167 Y76.739 E0.00014
G1 X81.027 Y76.7 E0.00572
G1 X80.598 Y76.595 E0.01737
G1 X80.373 Y76.546 E0.00906
G1 X79.933 Y76.468 E0.01758
G1 X79.497 Y76.411 E0.0173
G1 X79.05 Y76.37 E0.01766
G1 X78.6 Y76.353 E0.01771
G1 X78.365 Y76.349 E0.00925
G1 X78.108 Y76.354 E0.01011
G1 X77.663 Y76.374 E0.01752
G1 X77.258 Y76.41 E0.01599
G1 X76.996 Y76.443 E0.01039
G1 X76.776 Y76.476 E0.00875
G1 X76.334 Y76.557 E0.01768
G1 X76.114 Y76.601 E0.00883
G1 X75.682 Y76.707 E0.0175
G1 X75.264 Y76.834 E0.01719
G1 X74.829 Y76.984 E0.0181
G1 X74.434 Y77.139 E0.01669
G1 X74.021 Y77.324 E0.0178
G1 X73.85 Y77.404 E0.00743
G1 X73.363 Y77.659 E0.02163
G1 X73.023 Y77.86 E0.01554
G1 X72.678 Y78.08 E0.0161
G1 X72.461 Y78.233 E0.01044
G1 X71.979 Y78.593 E0.02367
G1 X71.734 Y78.798 E0.01257
G1 X71.466 Y79.033 E0.01402
G1 X71.304 Y79.184 E0.00871
G1 X70.827 Y79.667 E0.0267
G1 X70.527 Y80.016 E0.0181
G1 X70.362 Y80.214 E0.01014
G1 X70.225 Y80.392 E0.00884
G1 X69.861 Y80.902 E0.02465
G1 X69.615 Y81.286 E0.01794
G1 X69.483 Y81.512 E0.0103
G1 X69.294 Y81.863 E0.01568
G1 X69.171 Y82.1 E0.0105
G1 X69.003 Y82.464 E0.01577
G1 X68.917 Y82.659 E0.00838
G1 X68.754 Y83.079 E0.01772
G1 X68.608 Y83.51 E0.0179
G1 X68.53 Y83.776 E0.0109
G1 X68.434 Y84.141 E0.01485
G1 X68.379 Y84.371 E0.0093
G1 X68.334 Y84.593 E0.00891
G1 X68.253 Y85.033 E0.0176
G1 X68.195 Y85.488 E0.01804
G1 X68.174 Y85.698 E0.0083
G1 X68.146 Y86.139 E0.01738
G1 X68.138 Y86.365 E0.0089
G1 X68.134 Y86.604 E0.0094
G1 X68.138 Y86.864 E0.01023
G1 X68.176 Y87.499 E0.02502
G1 X68.197 Y87.708 E0.00826
G1 X68.263 Y88.211 E0.01996
G1 X68.267 Y88.218 E0.00032
G1 X68.3 Y88.416 E0.0079
G1 X68.385 Y88.846 E0.01724
G1 X68.493 Y89.274 E0.01736
G1 X68.617 Y89.702 E0.01753
G1 X68.768 Y90.142 E0.0183
G1 X68.935 Y90.566 E0.01793
G1 X69.212 Y91.165 E0.02596
G1 X69.395 Y91.517 E0.01561
G1 X69.644 Y91.941 E0.01934
G1 X69.748 Y92.11 E0.00781
G1 X69.86 Y92.28 E0.00801
G1 X69.987 Y92.465 E0.00883
G1 X70.279 Y92.858 E0.01926
G1 X70.389 Y93 E0.00707
G1 X70.679 Y93.349 E0.01785
G1 X70.787 Y93.466 E0.00626
G1 X70.785 Y93.469 E0.00014
G1 X70.966 Y93.66 E0.01035
G1 X71.164 Y93.861 E0.0111
G1 X71.452 Y94.138 E0.01572
G1 X71.803 Y94.444 E0.01832
G1 X72.141 Y94.717 E0.01709
G1 X72.515 Y94.988 E0.01817
G1 X72.687 Y95.104 E0.00816
G1 X73.069 Y95.349 E0.01785
G1 X73.294 Y95.483 E0.0103
G1 X73.659 Y95.68 E0.01632
G1 X73.847 Y95.773 E0.00825
G1 X74.247 Y95.961 E0.01739
G1 X74.449 Y96.047 E0.00864
G1 X74.865 Y96.213 E0.01762
G1 X75.272 Y96.349 E0.01688
G1 X75.512 Y96.422 E0.00987
G1 X75.725 Y96.48 E0.00868
G1 X76.16 Y96.589 E0.01764
G1 X76.382 Y96.635 E0.00892
G1 X76.814 Y96.711 E0.01726
G1 X77.04 Y96.744 E0.00898
G1 X77.258 Y96.769 E0.00863
G1 X77.702 Y96.81 E0.01754
G1 X78.148 Y96.83 E0.01756
G1 X78.644 Y96.826 E0.01951
G0 F18000 X78.444 Y96.827
G0 X78.452 Y97.532
G0 X78.423 Y97.651
G0 X78.431 Y98.35
G1 F1500 X78.145 Y98.346 E0.01125
G1 X77.633 Y98.327 E0.02016
G1 X77.364 Y98.307 E0.01061
G1 X76.907 Y98.256 E0.01809
G1 X76.393 Y98.181 E0.02043
G1 X76.116 Y98.131 E0.01107
G1 X75.612 Y98.022 E0.02028
G1 X75.126 Y97.893 E0.01978
G1 X74.826 Y97.799 E0.01237
G1 X74.394 Y97.655 E0.01791
G1 X74.079 Y97.538 E0.01322
G1 X73.885 Y97.459 E0.00824
G1 X73.651 Y97.358 E0.01003
G1 X73.184 Y97.142 E0.02024
G1 X72.703 Y96.889 E0.02138
G1 X72.278 Y96.645 E0.01928
G1 X71.876 Y96.39 E0.01873
G1 X71.686 Y96.263 E0.00899
G1 X71.424 Y96.073 E0.01273
G1 X71.023 Y95.768 E0.01982
G1 X70.625 Y95.435 E0.02041
G1 X70.438 Y95.268 E0.00986
G1 X70.071 Y94.914 E0.02006
G1 X70.066 Y94.912 E0.00021
G1 X69.703 Y94.534 E0.02062
G1 X69.555 Y94.371 E0.00866
G1 X69.357 Y94.137 E0.01206
G1 X69.188 Y93.928 E0.01057
G1 X68.897 Y93.552 E0.0187
G1 X68.744 Y93.341 E0.01025
G1 X68.636 Y93.183 E0.00753
G1 X68.451 Y92.901 E0.01327
G1 X68.195 Y92.478 E0.01945
G1 X68.082 Y92.279 E0.009
G1 X67.95 Y92.028 E0.01116
G1 X67.723 Y91.572 E0.02004
G1 X67.606 Y91.311 E0.01125
G1 X67.442 Y90.92 E0.01668
G1 X67.323 Y90.612 E0.01299
G1 X67.152 Y90.102 E0.02116
G1 X67.086 Y89.889 E0.00877
G1 X67.005 Y89.596 E0.01196
G1 X67.008 Y89.594 E0.00014
G1 X66.902 Y89.17 E0.01719
G1 X66.794 Y88.645 E0.02109
G1 X66.718 Y88.128 E0.02056
G1 X66.686 Y87.878 E0.00991
G1 X66.646 Y87.417 E0.0182
G1 X66.626 Y87.11 E0.0121
G1 X66.614 Y86.633 E0.01877
G1 X66.618 Y86.346 E0.01129
G1 X66.644 Y85.809 E0.02115
G1 X66.678 Y85.384 E0.01677
G1 X66.708 Y85.122 E0.01037
G1 X66.784 Y84.596 E0.02091
G1 X66.888 Y84.076 E0.02086
G1 X66.958 Y83.773 E0.01223
G1 X67.071 Y83.353 E0.01711
G1 X67.152 Y83.086 E0.01098
G1 X67.237 Y82.821 E0.01095
G1 X67.409 Y82.343 E0.01998
G1 X67.506 Y82.104 E0.01015
G1 X67.71 Y81.637 E0.02005
G1 X67.92 Y81.211 E0.01868
G1 X68.051 Y80.956 E0.01128
G1 X68.301 Y80.528 E0.0195
G1 X68.452 Y80.282 E0.01135
G1 X68.581 Y80.085 E0.00926
G1 X68.891 Y79.641 E0.0213
G1 X69.043 Y79.432 E0.01017
G1 X69.365 Y79.036 E0.02008
G1 X69.704 Y78.645 E0.02036
G1 X70.013 Y78.326 E0.01747
G1 X70.226 Y78.114 E0.01182
G1 X70.428 Y77.925 E0.01088
G1 X70.612 Y77.76 E0.00972
G1 X71.001 Y77.433 E0.01999
G1 X71.168 Y77.3 E0.0084
G1 X71.41 Y77.114 E0.01201
G1 X71.799 Y76.84 E0.01872
G1 X72.209 Y76.577 E0.01916
G1 X72.489 Y76.409 E0.01285
G1 X72.715 Y76.281 E0.01022
G1 X72.902 Y76.18 E0.00836
G1 X73.347 Y75.963 E0.01948
G1 X73.681 Y75.807 E0.0145
G1 X74.065 Y75.649 E0.01633
G1 X74.34 Y75.544 E0.01158
G1 X74.769 Y75.399 E0.01781
G1 X75.069 Y75.304 E0.01238
G1 X75.521 Y75.183 E0.01841
G1 X75.753 Y75.127 E0.00939
G1 X76.334 Y75.007 E0.02334
G1 X76.767 Y74.94 E0.01724
G1 X77.071 Y74.904 E0.01204
G1 X77.348 Y74.878 E0.01094
G1 X77.854 Y74.842 E0.01996
G1 X78.331 Y74.83 E0.01877
G1 X78.618 Y74.834 E0.01129
G1 X78.876 Y74.842 E0.01015
G1 X79.112 Y74.856 E0.0093
G1 X79.655 Y74.901 E0.02143
G1 X80.145 Y74.963 E0.01943
G1 X80.403 Y75.006 E0.01029
G1 X80.909 Y75.108 E0.02031
G1 X81.195 Y75.175 E0.01156
G1 X81.656 Y75.296 E0.01875
G1 X81.9 Y75.37 E0.01003
G1 X82.364 Y75.529 E0.01929
G1 X82.666 Y75.642 E0.01268
G1 X83.076 Y75.81 E0.01743
G1 X83.336 Y75.928 E0.01123
G1 X83.802 Y76.158 E0.02044
G1 X83.997 Y76.259 E0.00864
G1 X84.683 Y76.664 E0.03134
G1 X84.885 Y76.797 E0.00951
G1 X85.317 Y77.099 E0.02074
G1 X85.474 Y77.216 E0.0077
G1 X85.731 Y77.416 E0.01281
G1 X85.928 Y77.577 E0.01001
G1 X86.271 Y77.878 E0.01795
G1 X86.666 Y78.252 E0.0214
G1 X86.878 Y78.467 E0.01188
G1 X87.211 Y78.828 E0.01932
G1 X87.507 Y79.182 E0.01815
G1 X87.695 Y79.42 E0.01193
G1 X87.854 Y79.631 E0.01039
G1 X88.153 Y80.056 E0.02044
G1 X88.295 Y80.27 E0.0101
G1 X88.557 Y80.708 E0.02008
G1 X88.667 Y80.902 E0.00877
G1 X88.803 Y81.152 E0.0112
G1 X88.92 Y81.384 E0.01022
G1 X89.011 Y81.574 E0.00829
G1 X89.136 Y81.849 E0.01188
G1 X89.301 Y82.24 E0.01669
G1 X89.404 Y82.511 E0.0114
G1 X89.571 Y82.99 E0.01996
G1 X89.669 Y83.315 E0.01335
G1 X89.674 Y83.317 E0.00021
G1 X89.719 Y83.481 E0.00669
G1 X89.843 Y83.982 E0.0203
G1 X89.895 Y84.226 E0.00981
G1 X89.953 Y84.525 E0.01198
G1 X89.999 Y84.796 E0.01081
G1 X90.032 Y85.039 E0.00965
G1 X90.03 Y85.042 E0.00014
G1 X90.067 Y85.31 E0.01064
G1 X90.09 Y85.564 E0.01003
G1 X90.126 Y86.066 E0.0198
G1 X90.134 Y86.346 E0.01102
G1 X90.134 Y86.808 E0.01817
G1 X90.126 Y87.087 E0.01098
G1 X90.111 Y87.346 E0.01021
G1 X90.067 Y87.857 E0.02018
G1 X90 Y88.375 E0.02055
G1 X89.957 Y88.625 E0.00998
G1 X89.86 Y89.122 E0.01992
G1 X89.812 Y89.324 E0.00817
G1 X89.733 Y89.631 E0.01247
G1 X89.671 Y89.854 E0.00911
G1 X89.592 Y90.121 E0.01095
G1 X89.522 Y90.339 E0.00901
G1 X89.437 Y90.582 E0.01013
G1 X89.245 Y91.079 E0.02096
G1 X89.14 Y91.32 E0.01034
G1 X88.925 Y91.792 E0.0204
G1 X88.677 Y92.26 E0.02084
G1 X88.44 Y92.67 E0.01863
G1 X88.303 Y92.896 E0.0104
G1 X88.164 Y93.107 E0.00994
G1 X87.861 Y93.538 E0.02073
G1 X87.713 Y93.741 E0.00988
G1 X87.411 Y94.118 E0.019
G1 X87.079 Y94.501 E0.01994
G1 X86.704 Y94.893 E0.02134
G1 X86.518 Y95.077 E0.01029
G1 X86.329 Y95.255 E0.01021
G1 X86.139 Y95.425 E0.01003
G1 X85.948 Y95.589 E0.0099
G1 X85.943 Y95.59 E0.0002
G1 X85.769 Y95.734 E0.00888
G1 X85.342 Y96.066 E0.02128
G1 X84.923 Y96.361 E0.02016
G1 X84.517 Y96.62 E0.01894
G1 X84.262 Y96.772 E0.01168
G1 X84.06 Y96.886 E0.00912
G1 X83.809 Y97.02 E0.01119
G1 X83.592 Y97.131 E0.00959
G1 X83.119 Y97.351 E0.02052
G1 X82.88 Y97.453 E0.01022
G1 X82.406 Y97.637 E0.02
G1 X81.919 Y97.804 E0.02025
G1 X81.679 Y97.878 E0.00988
G1 X81.187 Y98.011 E0.02005
G1 X80.656 Y98.128 E0.02139
G1 X80.415 Y98.172 E0.00964
G1 X79.961 Y98.24 E0.01806
G1 X79.735 Y98.269 E0.00896
G1 X79.409 Y98.305 E0.0129
G1 X79.218 Y98.321 E0.00754
G1 X78.947 Y98.336 E0.01068
G1 X78.431 Y98.35 E0.02031
G0 F18000 X78.631 Y98.345
G0 X78.611 Y97.65
G0 X81.471 Y97.024
G0 X83.015 Y96.432
G0 X84.268 Y95.739
G0 X85.548 Y94.774
G0 X86.711 Y93.586
G0 X87.704 Y92.193
G0 X88.432 Y90.75
G0 X88.946 Y89.177
G0 X89.215 Y87.54
G0 X89.23 Y85.827
G0 X88.944 Y84.004
G0 X88.407 Y82.377
G0 X87.048 Y79.726
G0 X87.463 Y79.402
;TYPE:SKIN
G1 F3600 X85.561 Y77.5 E0.13386
G1 X85.494 Y77.433
G0 F18000 X85.161 Y77.857
G0 X83.703 Y76.899
G0 X83.958 Y76.435
G1 F3600 X88.528 Y81.005 E0.32163
G1 X88.595 Y81.072
G0 F18000 X88.106 Y81.33
G0 X88.553 Y82.258
G0 X89.037 Y82.051
G1 F3600 X82.915 Y75.928 E0.4309
G1 X82.848 Y75.861
G0 F18000 X82.052 Y75.603
G1 F3600 X85.058 Y78.609 E0.21156
G1 X85.125 Y78.676
G0 F18000 X85.476 Y78.273
G0 X83.618 Y76.993
G0 X83.366 Y77.455
G1 F3600 X81.286 Y75.375 E0.14639
G0 F18000 X80.592 Y75.218
G1 F3600 X82.335 Y76.961 E0.12267
G1 X82.402 Y77.028
G0 F18000 X81.494 Y76.657
G1 F3600 X79.948 Y75.111 E0.10881
G0 F18000 X79.345 Y75.046
G1 F3600 X80.757 Y76.457 E0.09934
G0 F18000 X80.083 Y76.322
G1 F3600 X78.772 Y75.011 E0.09227
G0 F18000 X78.228 Y75.004
G1 F3600 X79.461 Y76.237 E0.08678
G0 F18000 X78.879 Y76.192
G1 F3600 X77.711 Y75.024 E0.0822
G0 F18000 X77.213 Y75.063
G1 F3600 X78.328 Y76.179 E0.07851
G0 F18000 X77.809 Y76.196
G1 F3600 X76.731 Y75.119 E0.07583
G0 F18000 X76.27 Y75.195
G1 F3600 X77.309 Y76.234 E0.07312
G0 F18000 X76.831 Y76.294
G1 F3600 X75.825 Y75.288 E0.0708
G0 F18000 X75.395 Y75.395
G1 F3600 X76.377 Y76.377 E0.06911
G0 F18000 X75.933 Y76.47
G1 F3600 X74.976 Y75.513 E0.06735
G0 F18000 X74.571 Y75.646
G1 F3600 X75.506 Y76.581 E0.0658
G0 F18000 X75.098 Y76.71
G1 F3600 X74.178 Y75.79 E0.06475
G0 F18000 X73.796 Y75.946
G1 F3600 X74.701 Y76.85 E0.06366
G0 F18000 X74.316 Y77.003
G1 F3600 X73.427 Y76.114 E0.06257
G0 F18000 X73.065 Y76.29
G1 F3600 X73.947 Y77.172 E0.06207
G0 F18000 X73.586 Y77.348
G1 F3600 X72.717 Y76.479 E0.06116
G0 F18000 X72.377 Y76.676
G1 F3600 X73.236 Y77.535 E0.06046
G0 F18000 X72.898 Y77.735
G1 F3600 X72.046 Y76.883 E0.05996
G0 F18000 X71.727 Y77.101
G1 F3600 X72.571 Y77.945 E0.0594
G0 F18000 X72.258 Y78.169
G1 F3600 X71.415 Y77.326 E0.05933
G0 F18000 X71.114 Y77.563
G1 F3600 X71.95 Y78.399 E0.05884
G0 F18000 X71.655 Y78.641
G1 F3600 X70.822 Y77.808 E0.05863
G0 F18000 X70.535 Y78.059
G1 F3600 X71.368 Y78.891 E0.05859
G0 F18000 X71.092 Y79.153
G1 F3600 X70.26 Y78.321 E0.05856
G0 F18000 X69.993 Y78.591
G1 F3600 X70.826 Y79.424 E0.05863
G0 F18000 X70.569 Y79.705
G1 F3600 X69.734 Y78.87 E0.05877
G0 F18000 X69.485 Y79.158
G1 F3600 X70.322 Y79.995 E0.05891
G0 F18000 X70.085 Y80.296
G1 F3600 X69.245 Y79.455 E0.05915
G0 F18000 X69.014 Y79.762
G1 F3600 X69.861 Y80.609 E0.05961
G0 F18000 X69.642 Y80.928
G1 F3600 X68.793 Y80.078 E0.05979
G0 F18000 X68.579 Y80.402
G1 F3600 X69.434 Y81.257 E0.06017
G0 F18000 X69.242 Y81.602
G1 F3600 X68.377 Y80.737 E0.06088
G0 F18000 X68.18 Y81.078
G1 F3600 X69.055 Y81.953 E0.06158
G0 F18000 X68.883 Y82.318
G1 F3600 X68 Y81.435 E0.06214
G0 F18000 X67.826 Y81.798
G1 F3600 X68.721 Y82.693 E0.06299
G0 F18000 X68.572 Y83.082
G1 F3600 X67.662 Y82.171 E0.06408
G0 F18000 X67.512 Y82.56
G1 F3600 X68.437 Y83.485 E0.0651
G0 F18000 X68.319 Y83.904
G1 F3600 X67.373 Y82.958 E0.06658
G0 F18000 X67.245 Y83.367
G1 F3600 X68.212 Y84.335 E0.06809
G0 F18000 X68.125 Y84.785
G1 F3600 X67.131 Y83.79 E0.06999
G0 F18000 X67.031 Y84.228
G1 F3600 X68.053 Y85.25 E0.07193
G0 F18000 X68.001 Y85.735
G1 F3600 X66.944 Y84.678 E0.07439
G0 F18000 X66.876 Y85.148
G1 F3600 X67.971 Y86.243 E0.07707
G0 F18000 X67.966 Y86.775
G1 F3600 X66.829 Y85.638 E0.08002
G0 F18000 X66.798 Y86.145
G1 F3600 X67.995 Y87.341 E0.08421
G0 F18000 X68.055 Y87.939
G1 F3600 X66.786 Y86.669 E0.08935
G0 F18000 X66.805 Y87.226
G1 F3600 X68.159 Y88.581 E0.09533
G0 F18000 X68.317 Y89.276
G1 F3600 X66.851 Y87.81 E0.10318
G0 F18000 X66.935 Y88.431
G1 F3600 X68.556 Y90.052 E0.11408
G1 X68.623 Y90.119
G0 F18000 X68.927 Y90.961
G1 F3600 X67.061 Y89.094 E0.13136
G0 F18000 X67.242 Y89.813
G1 F3600 X69.56 Y92.13 E0.1631
G1 X69.627 Y92.197
G0 F18000 X69.161 Y92.485
G0 X68.171 Y90.359
G0 X67.716 Y88.763
G0 X67.525 Y87.348
G0 X67.539 Y85.649
G0 X67.757 Y84.234
G0 X68.153 Y82.873
G0 X68.928 Y81.201
G0 X69.861 Y79.823
G0 X71.031 Y78.568
G0 X72.489 Y77.443
G0 X73.738 Y76.751
G0 X75.283 Y76.162
G0 X76.908 Y75.812
G0 X78.615 Y75.715
G0 X80.032 Y75.838
G0 X81.874 Y76.29
G0 X83.401 Y76.942
G0 X84.954 Y77.927
G0 X85.682 Y78.575
G0 X86.778 Y79.585
G0 X86.37 Y79.921
G1 F3600 X89.363 Y82.915 E0.21068
G1 X89.43 Y82.982
G0 F18000 X89.593 Y83.681
G1 F3600 X87.517 Y81.606 E0.14607
G1 X87.45 Y81.539
G0 F18000 X87.932 Y81.266
G0 X88.496 Y82.436
G0 X88.007 Y82.632
G1 F3600 X89.75 Y84.376 E0.12271
G0 F18000 X89.858 Y85.021
G1 F3600 X88.305 Y83.468 E0.1093
G1 X88.238 Y83.401
G0 F18000 X88.512 Y84.213
G1 F3600 X89.923 Y85.624 E0.0993
G0 F18000 X89.959 Y86.197
G1 F3600 X88.646 Y84.885 E0.09237
G0 F18000 X88.727 Y85.503
G1 F3600 X89.963 Y86.739 E0.08699
G0 F18000 X89.945 Y87.258
G1 F3600 X88.777 Y86.09 E0.0822
G0 F18000 X88.786 Y86.636
G1 F3600 X89.904 Y87.755 E0.07872
G0 F18000 X89.846 Y88.234
G1 F3600 X88.77 Y87.158 E0.07573
G0 F18000 X88.731 Y87.656
G1 F3600 X89.77 Y88.695 E0.07312
G0 F18000 X89.68 Y89.142
G1 F3600 X88.67 Y88.133 E0.07105
G0 F18000 X88.591 Y88.591
G1 F3600 X89.573 Y89.573 E0.06911
G0 F18000 X89.453 Y89.99
G1 F3600 X88.497 Y89.035 E0.06725
G0 F18000 X88.383 Y89.457
G1 F3600 X89.321 Y90.396 E0.06605
G0 F18000 X89.175 Y90.788
G1 F3600 X88.255 Y89.868 E0.06475
G0 F18000 X88.115 Y90.264
G1 F3600 X89.02 Y91.169 E0.06369
G0 F18000 X88.852 Y91.539
G1 F3600 X87.962 Y90.649 E0.06264
G0 F18000 X87.793 Y91.017
G1 F3600 X88.675 Y91.899 E0.06207
G0 F18000 X88.487 Y92.249
G1 F3600 X87.621 Y91.383 E0.06095
G0 F18000 X87.43 Y91.729
G1 F3600 X88.289 Y92.588 E0.06046
G0 F18000 X88.083 Y92.919
G1 F3600 X87.229 Y92.065 E0.0601
G0 F18000 X87.018 Y92.392
G1 F3600 X87.864 Y93.238 E0.05954
G0 F18000 X87.64 Y93.552
G1 F3600 X86.796 Y92.707 E0.05944
G0 F18000 X86.565 Y93.014
G1 F3600 X87.405 Y93.854 E0.05912
G0 F18000 X87.161 Y94.147
G1 F3600 X86.328 Y93.314 E0.05863
G0 F18000 X86.075 Y93.599
G1 F3600 X86.909 Y94.433 E0.0587
G0 F18000 X86.646 Y94.707
G1 F3600 X85.813 Y93.874 E0.05863
G0 F18000 X85.544 Y94.142
G1 F3600 X86.377 Y94.975 E0.05863
G0 F18000 X86.097 Y95.233
G1 F3600 X85.263 Y94.399 E0.0587
G0 F18000 X84.971 Y94.644
G1 F3600 X85.808 Y95.481 E0.05891
G0 F18000 X85.509 Y95.72
G1 F3600 X84.671 Y94.882 E0.05898
G0 F18000 X84.359 Y95.107
G1 F3600 X85.206 Y95.954 E0.05961
G0 F18000 X84.89 Y96.175
G1 F3600 X84.04 Y95.326 E0.05979
G0 F18000 X83.708 Y95.531
G1 F3600 X84.564 Y96.387 E0.06024
G0 F18000 X84.231 Y96.591
G1 F3600 X83.367 Y95.727 E0.06081
G0 F18000 X83.015 Y95.913
G1 F3600 X83.886 Y96.784 E0.0613
G0 F18000 X83.534 Y96.969
G1 F3600 X82.649 Y96.084 E0.06229
G0 F18000 X82.273 Y96.245
G1 F3600 X83.167 Y97.14 E0.06295
G0 F18000 X82.793 Y97.303
G1 F3600 X81.885 Y96.395 E0.0639
G0 F18000 X81.481 Y96.529
G1 F3600 X82.406 Y97.453 E0.06507
G0 F18000 X82.008 Y97.593
G1 F3600 X81.066 Y96.651 E0.0663
G0 F18000 X80.632 Y96.754
G1 F3600 X81.6 Y97.722 E0.06813
G0 F18000 X81.177 Y97.837
G1 F3600 X80.183 Y96.843 E0.06996
G0 F18000 X79.716 Y96.913
G1 F3600 X80.738 Y97.935 E0.07193
G0 F18000 X80.285 Y98.019
G1 F3600 X79.231 Y96.965 E0.07418
G0 F18000 X78.722 Y96.994
G1 F3600 X79.813 Y98.085 E0.07678
G0 F18000 X79.331 Y98.14
G1 F3600 X78.192 Y97.001 E0.08016
G0 F18000 X77.628 Y96.975
G1 F3600 X78.821 Y98.168 E0.08396
G0 F18000 X78.293 Y98.177
G1 F3600 X77.031 Y96.915 E0.08882
G0 F18000 X76.388 Y96.809
G1 F3600 X77.739 Y98.16 E0.09508
G0 F18000 X77.153 Y98.112
G1 F3600 X75.687 Y96.646 E0.10318
G1 X75.62 Y96.579
G0 F18000 X74.913 Y96.409
G1 F3600 X76.532 Y98.028 E0.11394
G0 F18000 X75.87 Y97.904
G1 F3600 X74.003 Y96.036 E0.13143
G1 X73.936 Y95.969
G0 F18000 X73.699 Y96.478
G0 X72.545 Y95.845
G0 X72.825 Y95.396
G1 F3600 X75.151 Y97.721 E0.16367
G1 X75.218 Y97.788
G0 F18000 X74.348 Y97.456
G1 F3600 X67.509 Y90.617 E0.48132
G1 X67.442 Y90.55
G0 F18000 X67.944 Y90.319
G0 X68.378 Y91.317
G0 X67.901 Y91.546
G1 F3600 X73.415 Y97.061 E0.38811
G1 X73.482 Y97.128
G0 F18000 X73.713 Y96.622
G0 X72.502 Y95.964
G0 X72.225 Y96.408
G1 F3600 X68.553 Y92.736 E0.25843
G1 X68.486 Y92.669
G1 F1800 E-3.5
;MESH:Upper-Dielectric-Part.STL
G0 F18000 X68.954 Y92.382
G0 X72.403 Y95.202
G0 X73.789 Y96.013
G0 X75.449 Y96.654
G0 X76.713 Y96.92
G0 X82.071 Y97.53
G0 X82.819 Y98.798
G0 X91.686 Y102.66
G0 X127.082 Y117.554
;TYPE:WALL-OUTER
G1 F1800 E3.52079
G1 F1500 X125.722 Y117.554 E0.0535
G1 X125.111 Y117.546 E0.02404
G1 X92.914 Y117.553 E1.26658
G1 X92.914 Y102.446 E0.59429
G1 X125.101 Y102.446 E1.26619
G1 X125.71 Y102.45 E0.02396
G1 X127.082 Y102.447 E0.05397
G1 X127.082 Y117.554 E0.59429
G0 F18000 X127.082 Y117.354
G0 X126.414 Y116.884
G0 X116.101 Y111.014
G0 X115.033 Y110.557
G0 X114.517 Y111.769
G0 X117.401 Y116.779
G0 X117.777 Y116.904
G0 X118.069 Y116.344
G1 F600 X118.122 Y116.326 E0.0022
G1 X118.216 Y116.219 E0.0056
G1 X118.244 Y116.139 E0.00333
G1 X118.251 Y116.038 E0.00398
G1 X118.229 Y115.981 E0.0024
G1 X115.671 Y111.548 E0.20134
G1 X115.653 Y111.527 E0.00109
G1 X115.631 Y111.509 E0.00112
G1 X115.523 Y111.455 E0.00475
G1 X115.48 Y111.446 E0.00173
G1 X115.422 Y111.45 E0.00229
G1 X115.369 Y111.471 E0.00224
G1 X115.318 Y111.514 E0.00262
G1 X115.289 Y111.559 E0.00211
G1 X115.257 Y111.646 E0.00365
G1 X115.246 Y111.709 E0.00252
G1 X115.251 Y111.757 E0.0019
G1 X115.261 Y111.787 E0.00124
G1 X117.815 Y116.223 E0.20136
G1 X117.894 Y116.299 E0.00431
G1 X117.951 Y116.326 E0.00248
G1 X118.003 Y116.344 E0.00216
G1 X118.037 Y116.346 E0.00134
G1 X118.069 Y116.344 E0.00126
G0 F18000 X118.037 Y116.346
G0 X118.003 Y116.344
G0 X117.951 Y116.326
G0 X117.894 Y116.299
G0 X117.883 Y116.288
G0 X117.6 Y116.934
G0 X117.439 Y116.808
G0 X113.438 Y110.113
G0 X112.73 Y110.105
G1 F600 X112.738 Y110.048 E0.00226
G1 X112.739 Y109.948 E0.00393
G1 X112.73 Y109.891 E0.00227
G1 X112.705 Y109.84 E0.00223
G1 X112.675 Y109.806 E0.00178
G1 X112.649 Y109.786 E0.00129
G1 X112.619 Y109.771 E0.00132
G1 X112.585 Y109.761 E0.00139
G1 X112.55 Y109.758 E0.00138
G1 X111.95 Y109.754 E0.0236
G1 X107.445 Y109.75 E0.17722
G1 X107.411 Y109.752 E0.00134
G1 X107.363 Y109.767 E0.00198
G1 X107.33 Y109.787 E0.00152
G1 X107.303 Y109.812 E0.00145
G1 X107.244 Y109.88 E0.00354
G1 X107.23 Y109.905 E0.00113
G1 X107.216 Y109.952 E0.00193
G1 X107.214 Y109.984 E0.00126
G1 X107.216 Y110.015 E0.00122
G1 X107.229 Y110.061 E0.00188
G1 X107.242 Y110.085 E0.00107
G1 X107.307 Y110.164 E0.00402
G1 X107.334 Y110.19 E0.00147
G1 X107.367 Y110.211 E0.00154
G1 X107.407 Y110.225 E0.00167
G1 X107.449 Y110.23 E0.00166
G1 X108.045 Y110.238 E0.02345
G1 X112.571 Y110.237 E0.17805
G1 X112.603 Y110.231 E0.00128
G1 X112.646 Y110.212 E0.00185
G1 X112.695 Y110.17 E0.00254
G1 X112.707 Y110.154 E0.00079
G1 X112.73 Y110.105 E0.00213
G0 F18000 X112.707 Y110.154
G0 X112.695 Y110.17
G0 X112.646 Y110.212
G0 X112.603 Y110.231
G0 X112.59 Y110.233
G0 X112.59 Y110.94
G0 X113.282 Y110.875
G0 X126.414 Y103.118
G0 X126.802 Y102.619
;TYPE:SKIN
G1 F3600 X126.912 Y102.728 E0.00771
G0 F18000 X126.912 Y103.266
G1 F3600 X126.266 Y102.62 E0.04546
G0 F18000 X125.729 Y102.621
G1 F3600 X126.912 Y103.803 E0.08322
G0 F18000 X126.912 Y104.341
G1 F3600 X125.188 Y102.617 E0.12133
G0 F18000 X124.65 Y102.617
G1 F3600 X126.912 Y104.878 E0.15916
G0 F18000 X126.912 Y105.415
G1 F3600 X124.113 Y102.617 E0.19696
G0 F18000 X123.575 Y102.617
G1 F3600 X126.912 Y105.953 E0.23482
G0 F18000 X126.912 Y106.49
G1 F3600 X123.038 Y102.617 E0.27261
G0 F18000 X122.501 Y102.617
G1 F3600 X126.912 Y107.028 E0.31044
G0 F18000 X126.912 Y107.565
G1 F3600 X121.963 Y102.617 E0.34827
G0 F18000 X121.426 Y102.617
G1 F3600 X126.912 Y108.102 E0.38606
G0 F18000 X126.912 Y108.64
G1 F3600 X120.888 Y102.617 E0.42393
G0 F18000 X120.351 Y102.617
G1 F3600 X126.912 Y109.177 E0.46172
G0 F18000 X126.912 Y109.715
G1 F3600 X119.814 Y102.617 E0.49955
G0 F18000 X119.276 Y102.617
G1 F3600 X126.912 Y110.252 E0.53738
G0 F18000 X126.912 Y110.789
G1 F3600 X118.739 Y102.617 E0.57517
G0 F18000 X118.201 Y102.617
G1 F3600 X126.912 Y111.327 E0.61304
G0 F18000 X126.912 Y111.864
G1 F3600 X117.664 Y102.617 E0.65083
G0 F18000 X117.127 Y102.617
G1 F3600 X126.912 Y112.402 E0.68866
G0 F18000 X126.912 Y112.939
G1 F3600 X116.589 Y102.617 E0.72649
G0 F18000 X116.052 Y102.617
G1 F3600 X126.912 Y113.476 E0.76428
G0 F18000 X126.912 Y114.014
G1 F3600 X115.514 Y102.617 E0.80214
G0 F18000 X114.977 Y102.617
G1 F3600 X126.912 Y114.551 E0.83994
G0 F18000 X126.912 Y115.089
G1 F3600 X114.44 Y102.617 E0.87777
G0 F18000 X113.902 Y102.617
G1 F3600 X126.912 Y115.626 E0.9156
G0 F18000 X126.912 Y116.164
G1 F3600 X113.365 Y102.617 E0.95342
G0 F18000 X112.827 Y102.617
G1 F3600 X126.912 Y116.701 E0.99125
G0 F18000 X126.912 Y117.238
G1 F3600 X112.29 Y102.617 E1.02905
G0 F18000 X111.753 Y102.617
G1 F3600 X126.518 Y117.383 E1.03918
G0 F18000 X125.981 Y117.383
G1 F3600 X111.215 Y102.617 E1.03922
G0 F18000 X110.678 Y102.617
G1 F3600 X125.439 Y117.378 E1.03886
G0 F18000 X124.898 Y117.375
G1 F3600 X110.14 Y102.617 E1.03865
G0 F18000 X109.603 Y102.617
G1 F3600 X124.361 Y117.375 E1.03865
G0 F18000 X123.824 Y117.375
G1 F3600 X109.066 Y102.617 E1.03865
G0 F18000 X108.528 Y102.617
G1 F3600 X123.286 Y117.375 E1.03865
G0 F18000 X122.749 Y117.375
G1 F3600 X107.991 Y102.617 E1.03865
G0 F18000 X107.453 Y102.617
G1 F3600 X122.211 Y117.375 E1.03865
G0 F18000 X121.675 Y117.375
G1 F3600 X115.901 Y111.602 E0.40633
G1 X115.834 Y111.535
G0 F18000 X116.314 Y111.259
G0 X117.093 Y112.609
G0 X116.634 Y112.872
G1 F3600 X121.137 Y117.375 E0.31692
G0 F18000 X120.6 Y117.375
G1 F3600 X117.366 Y114.142 E0.22757
G1 X117.299 Y114.075
G0 F18000 X117.78 Y113.799
G0 X118.559 Y115.15
G0 X118.099 Y115.412
G1 F3600 X120.062 Y117.375 E0.13815
G0 F18000 X119.525 Y117.375
G1 F3600 X118.389 Y116.24 E0.07992
G0 F18000 X118.118 Y116.506
G1 F3600 X118.988 Y117.376 E0.06123
G1 X119.055 Y117.443
G0 F18000 X119.054 Y116.853
G0 X118.985 Y116.024
G0 X116.101 Y111.014
G0 X115.815 Y110.821
G0 X115.603 Y111.304
G1 F3600 X106.916 Y102.617 E0.61138
G0 F18000 X106.379 Y102.617
G1 F3600 X115.179 Y111.417 E0.61934
G0 F18000 X115.128 Y111.904
G1 F3600 X105.841 Y102.617 E0.65361
G1 X105.774 Y102.55
G0 F18000 X105.774 Y103.146
G0 X113.376 Y109.141
G0 X113.437 Y110.195
G0 X112.876 Y110.189
G1 F3600 X115.859 Y113.172 E0.20994
G1 X115.926 Y113.239
G0 F18000 X115.445 Y113.515
G0 X116.131 Y114.703
G0 X116.589 Y114.44
G1 F3600 X112.557 Y110.408 E0.28377
G0 F18000 X112.02 Y110.408
G1 F3600 X117.32 Y115.707 E0.37297
G1 X117.387 Y115.774
G0 F18000 X116.908 Y116.049
G0 X113.365 Y110.017
G0 X113.376 Y109.141
G0 X112.278 Y109.058
G0 X112.272 Y109.585
G1 F3600 X105.304 Y102.617 E0.4904
G0 F18000 X104.766 Y102.617
G1 F3600 X111.732 Y109.582 E0.49023
G0 F18000 X111.194 Y109.582
G1 F3600 X104.229 Y102.617 E0.49019
G0 F18000 X103.692 Y102.617
G1 F3600 X110.657 Y109.582 E0.49019
G0 F18000 X110.118 Y109.581
G1 F3600 X103.154 Y102.617 E0.49012
G0 F18000 X102.617 Y102.617
G1 F3600 X109.58 Y109.58 E0.49005
G0 F18000 X109.043 Y109.58
G1 F3600 X102.079 Y102.617 E0.49008
G0 F18000 X101.542 Y102.617
G1 F3600 X108.505 Y109.58 E0.49005
G0 F18000 X107.967 Y109.579
G1 F3600 X101.005 Y102.617 E0.48998
G0 F18000 X100.467 Y102.617
G1 F3600 X107.43 Y109.58 E0.49005
G0 F18000 X107.101 Y109.788
G1 F3600 X99.93 Y102.617 E0.50469
G1 X99.863 Y102.55
G0 F18000 X99.863 Y103.146
G0 X113.376 Y109.141
G0 X113.359 Y110.868
G0 X111.482 Y110.94
G0 X111.482 Y110.408
G1 F3600 X118.451 Y117.376 E0.49044
G0 F18000 X117.914 Y117.376
G1 F3600 X110.946 Y110.408 E0.4904
G0 F18000 X110.408 Y110.408
G1 F3600 X117.376 Y117.376 E0.4904
G0 F18000 X116.839 Y117.376
G1 F3600 X109.871 Y110.408 E0.4904
G0 F18000 X109.334 Y110.409
G1 F3600 X116.302 Y117.377 E0.4904
G0 F18000 X115.765 Y117.377
G1 F3600 X108.797 Y110.409 E0.4904
G0 F18000 X108.259 Y110.409
G1 F3600 X115.227 Y117.377 E0.4904
G0 F18000 X114.69 Y117.377
G1 F3600 X107.718 Y110.405 E0.49068
G1 X107.651 Y110.338
G0 F18000 X107.644 Y110.935
G0 X114.152 Y116.854
G0 X114.152 Y117.377
G1 F3600 X99.392 Y102.617 E1.03879
G0 F18000 X98.855 Y102.617
G1 F3600 X113.615 Y117.377 E1.03879
G0 F18000 X113.078 Y117.378
G1 F3600 X98.318 Y102.617 E1.03883
G0 F18000 X97.78 Y102.617
G1 F3600 X112.541 Y117.378 E1.03886
G0 F18000 X112.004 Y117.378
G1 F3600 X97.243 Y102.617 E1.03886
G0 F18000 X96.705 Y102.617
G1 F3600 X111.466 Y117.378 E1.03886
G0 F18000 X110.929 Y117.378
G1 F3600 X96.168 Y102.617 E1.03886
G0 F18000 X95.631 Y102.617
G1 F3600 X110.392 Y117.378 E1.03886
G0 F18000 X109.855 Y117.378
G1 F3600 X95.093 Y102.617 E1.0389
G0 F18000 X94.556 Y102.617
G1 F3600 X109.317 Y117.378 E1.03886
G0 F18000 X108.78 Y117.378
G1 F3600 X94.018 Y102.617 E1.0389
G0 F18000 X93.481 Y102.617
G1 F3600 X108.242 Y117.378 E1.03886
G0 F18000 X107.705 Y117.378
G1 F3600 X93.085 Y102.758 E1.02894
G0 F18000 X93.085 Y103.296
G1 F3600 X107.168 Y117.379 E0.99115
G0 F18000 X106.631 Y117.379
G1 F3600 X93.085 Y103.833 E0.95335
G0 F18000 X93.085 Y104.37
G1 F3600 X106.094 Y117.379 E0.91556
G0 F18000 X105.556 Y117.379
G1 F3600 X93.085 Y104.908 E0.8777
G0 F18000 X93.085 Y105.445
G1 F3600 X105.019 Y117.379 E0.8399
G0 F18000 X104.482 Y117.38
G1 F3600 X93.085 Y105.983 E0.80211
G0 F18000 X93.085 Y106.52
G1 F3600 X103.945 Y117.38 E0.76432
G0 F18000 X103.407 Y117.38
G1 F3600 X93.085 Y107.057 E0.72649
G0 F18000 X93.085 Y107.595
G1 F3600 X102.87 Y117.38 E0.68866
G0 F18000 X102.332 Y117.38
G1 F3600 X93.085 Y108.132 E0.65083
G0 F18000 X93.085 Y108.67
G1 F3600 X101.796 Y117.38 E0.61304
G0 F18000 X101.258 Y117.38
G1 F3600 X93.085 Y109.207 E0.57521
G0 F18000 X93.085 Y109.744
G1 F3600 X100.721 Y117.38 E0.53741
G0 F18000 X100.184 Y117.38
G1 F3600 X93.085 Y110.282 E0.49959
G0 F18000 X93.085 Y110.819
G1 F3600 X99.646 Y117.38 E0.46176
G0 F18000 X99.109 Y117.38
G1 F3600 X93.085 Y111.357 E0.42393
G0 F18000 X93.085 Y111.894
G1 F3600 X98.572 Y117.381 E0.38617
G0 F18000 X98.035 Y117.381
G1 F3600 X93.085 Y112.431 E0.34838
G0 F18000 X93.085 Y112.969
G1 F3600 X97.497 Y117.381 E0.31051
G0 F18000 X96.96 Y117.381
G1 F3600 X93.085 Y113.506 E0.27272
G0 F18000 X93.085 Y114.044
G1 F3600 X96.422 Y117.381 E0.23485
G0 F18000 X95.886 Y117.382
G1 F3600 X93.085 Y114.581 E0.19713
G0 F18000 X93.085 Y115.118
G1 F3600 X95.348 Y117.382 E0.1593
G0 F18000 X94.811 Y117.382
G1 F3600 X93.085 Y115.656 E0.12147
G0 F18000 X93.085 Y116.193
G1 F3600 X94.274 Y117.382 E0.08368
G0 F18000 X93.736 Y117.382
G1 F3600 X93.085 Y116.731 E0.04582
G0 F18000 X93.085 Y117.268
G1 F3600 X93.199 Y117.382 E0.00802
G0 F18000 X93.784 Y116.574
G1 F1800 E-3.5
;MESH:NONMESH
G0 F1200 X93.784 Y116.574 Z0.4
G0 F18000 X93.13 Y102.66
G0 X93.13 Y101.216
G0 X89.016 Y94.043
G0 X87.971 Y93.007
G0 X88.834 Y87.277
G0 X88.831 Y85.856
G0 X88.556 Y84.1
G0 X88.039 Y82.534
G0 X87.311 Y81.115
G0 X86.222 Y79.644
G0 X85.076 Y78.534
G0 X83.771 Y77.608
G0 X82.648 Y77.041
G0 X79.074 Y75.554
G0 X79.112 Y74.856
;TIME_ELAPSED:64.129716
;LAYER:1
;TYPE:WALL-OUTER
;MESH:01_Prime_Insulator.STL
G1 F1800 E3.52079
G1 F1500 X78.876 Y74.842 E0.0031
G1 X78.622 Y74.834 E0.00333
G1 X78.348 Y74.83 E0.00359
G1 X78.098 Y74.834 E0.00328
G1 X77.854 Y74.842 E0.0032
G1 X77.348 Y74.878 E0.00665
G1 X77.065 Y74.904 E0.00373
G1 X76.782 Y74.939 E0.00374
G1 X76.316 Y75.011 E0.00618
G1 X75.816 Y75.113 E0.00669
G1 X75.521 Y75.183 E0.00398
G1 X75.069 Y75.304 E0.00614
G1 X74.794 Y75.391 E0.00378
G1 X74.34 Y75.544 E0.00628
G1 X74.065 Y75.648 E0.00386
G1 X73.65 Y75.821 E0.0059
G1 X73.38 Y75.946 E0.0039
G1 X72.915 Y76.173 E0.00679
G1 X72.489 Y76.409 E0.00639
G1 X72.265 Y76.542 E0.00342
G1 X71.818 Y76.827 E0.00695
G1 X71.41 Y77.114 E0.00654
G1 X71.203 Y77.273 E0.00342
G1 X70.974 Y77.455 E0.00384
G1 X70.612 Y77.76 E0.00621
G1 X70.428 Y77.925 E0.00324
G1 X70.222 Y78.118 E0.0037
G1 X70.058 Y78.28 E0.00302
G1 X69.879 Y78.463 E0.00336
G1 X69.68 Y78.673 E0.00379
G1 X69.403 Y78.991 E0.00553
G1 X69.043 Y79.432 E0.00746
G1 X68.873 Y79.667 E0.0038
G1 X68.591 Y80.07 E0.00645
G1 X68.452 Y80.283 E0.00334
G1 X68.318 Y80.498 E0.00332
G1 X68.051 Y80.956 E0.00695
G1 X67.929 Y81.192 E0.00348
G1 X67.71 Y81.636 E0.00649
G1 X67.413 Y82.33 E0.0099
G1 X67.237 Y82.821 E0.00684
G1 X67.152 Y83.086 E0.00365
G1 X67.059 Y83.398 E0.00427
G1 X66.954 Y83.798 E0.00542
G1 X66.888 Y84.076 E0.00375
G1 X66.789 Y84.565 E0.00654
G1 X66.752 Y84.799 E0.00311
G1 X66.685 Y85.314 E0.00681
G1 X66.642 Y85.827 E0.00675
G1 X66.626 Y86.093 E0.00349
G1 X66.618 Y86.343 E0.00328
G1 X66.614 Y86.62 E0.00363
G1 X66.618 Y86.87 E0.00328
G1 X66.628 Y87.139 E0.00353
G1 X66.662 Y87.621 E0.00634
G1 X66.691 Y87.915 E0.00387
G1 X66.761 Y88.436 E0.00689
G1 X66.791 Y88.63 E0.00257
G1 X66.896 Y89.145 E0.00689
G1 X66.96 Y89.415 E0.00364
G1 X67.008 Y89.594 E0.00243
G1 X67.005 Y89.596 E0.00005
G1 X67.086 Y89.889 E0.00399
G1 X67.162 Y90.134 E0.00336
G1 X67.323 Y90.612 E0.00661
G1 X67.442 Y90.92 E0.00433
G1 X67.619 Y91.34 E0.00598
G1 X67.716 Y91.559 E0.00314
G1 X67.954 Y92.036 E0.00699
G1 X68.067 Y92.253 E0.00321
G1 X68.205 Y92.495 E0.00365
G1 X68.463 Y92.919 E0.00651
G1 X68.599 Y93.129 E0.00328
G1 X68.754 Y93.354 E0.00358
G1 X68.898 Y93.553 E0.00322
G1 X69.201 Y93.943 E0.00648
G1 X69.359 Y94.139 E0.0033
G1 X69.714 Y94.545 E0.00707
G1 X70.086 Y94.933 E0.00705
G1 X70.438 Y95.264 E0.00634
G1 X70.62 Y95.429 E0.00322
G1 X71.024 Y95.769 E0.00692
G1 X71.431 Y96.078 E0.0067
G1 X71.63 Y96.225 E0.00324
G1 X71.841 Y96.369 E0.00335
G1 X72.29 Y96.652 E0.00696
G1 X72.688 Y96.881 E0.00602
G1 X72.945 Y97.02 E0.00383
G1 X73.207 Y97.154 E0.00386
G1 X73.645 Y97.356 E0.00632
G1 X73.888 Y97.46 E0.00347
G1 X74.135 Y97.559 E0.00349
G1 X74.364 Y97.644 E0.0032
G1 X74.856 Y97.808 E0.0068
G1 X75.127 Y97.892 E0.00372
G1 X75.592 Y98.013 E0.0063
G1 X76.114 Y98.131 E0.00702
G1 X76.572 Y98.212 E0.0061
G1 X77.112 Y98.28 E0.00714
G1 X77.364 Y98.307 E0.00332
G1 X77.633 Y98.327 E0.00354
G1 X78.145 Y98.346 E0.00672
G1 X78.387 Y98.35 E0.00317
G1 X78.649 Y98.346 E0.00344
G1 X78.897 Y98.338 E0.00325
G1 X79.174 Y98.324 E0.00364
G1 X79.409 Y98.305 E0.00309
G1 X79.671 Y98.277 E0.00346
G1 X79.924 Y98.245 E0.00334
G1 X80.415 Y98.172 E0.00651
G1 X80.656 Y98.128 E0.00321
G1 X81.186 Y98.011 E0.00712
G1 X81.694 Y97.873 E0.0069
G1 X81.92 Y97.804 E0.0031
G1 X82.407 Y97.636 E0.00676
G1 X82.666 Y97.538 E0.00363
G1 X82.88 Y97.453 E0.00302
G1 X83.137 Y97.343 E0.00367
G1 X83.61 Y97.122 E0.00685
G1 X83.809 Y97.02 E0.00293
G1 X84.059 Y96.886 E0.00372
G1 X84.262 Y96.772 E0.00305
G1 X84.509 Y96.625 E0.00377
G1 X84.933 Y96.354 E0.0066
G1 X85.353 Y96.058 E0.00674
G1 X85.739 Y95.758 E0.00641
G1 X85.943 Y95.59 E0.00347
G1 X85.948 Y95.589 E0.00007
G1 X86.137 Y95.427 E0.00326
G1 X86.514 Y95.082 E0.0067
G1 X86.674 Y94.923 E0.00296
G1 X87.027 Y94.559 E0.00665
G1 X87.411 Y94.118 E0.00767
G1 X87.724 Y93.726 E0.00658
G1 X87.872 Y93.523 E0.00329
G1 X88.172 Y93.094 E0.00686
G1 X88.303 Y92.896 E0.00311
G1 X88.431 Y92.686 E0.00322
G1 X88.678 Y92.259 E0.00647
G1 X88.925 Y91.792 E0.00693
G1 X89.142 Y91.315 E0.00687
G1 X89.245 Y91.078 E0.00339
G1 X89.44 Y90.572 E0.00711
G1 X89.522 Y90.339 E0.00324
G1 X89.673 Y89.852 E0.00669
G1 X89.807 Y89.353 E0.00678
G1 X89.858 Y89.135 E0.00294
G1 X89.914 Y88.855 E0.00374
G1 X90.003 Y88.354 E0.00667
G1 X90.067 Y87.854 E0.00661
G1 X90.111 Y87.346 E0.00669
G1 X90.126 Y87.087 E0.0034
G1 X90.134 Y86.808 E0.00366
G1 X90.134 Y86.346 E0.00606
G1 X90.125 Y86.049 E0.0039
G1 X90.09 Y85.564 E0.00638
G1 X90.065 Y85.293 E0.00357
G1 X90.03 Y85.042 E0.00332
G1 X90.032 Y85.039 E0.00005
G1 X89.995 Y84.777 E0.00347
G1 X89.955 Y84.538 E0.00318
G1 X89.904 Y84.274 E0.00353
G1 X89.843 Y83.982 E0.00391
G1 X89.733 Y83.535 E0.00604
G1 X89.674 Y83.317 E0.00296
G1 X89.67 Y83.315 E0.00006
G1 X89.571 Y82.99 E0.00445
G1 X89.422 Y82.561 E0.00596
G1 X89.311 Y82.264 E0.00416
G1 X89.234 Y82.075 E0.00268
G1 X89.031 Y81.616 E0.00658
G1 X88.92 Y81.384 E0.00337
G1 X88.803 Y81.152 E0.00341
G1 X88.681 Y80.923 E0.0034
G1 X88.426 Y80.486 E0.00663
G1 X88.295 Y80.27 E0.00331
G1 X87.989 Y79.818 E0.00716
G1 X87.854 Y79.63 E0.00303
G1 X87.7 Y79.426 E0.00335
G1 X87.542 Y79.225 E0.00335
G1 X87.211 Y78.828 E0.00678
G1 X86.859 Y78.447 E0.0068
G1 X86.664 Y78.251 E0.00363
G1 X86.31 Y77.913 E0.00642
G1 X86.121 Y77.743 E0.00333
G1 X85.918 Y77.569 E0.00351
G1 X85.732 Y77.416 E0.00316
G1 X85.529 Y77.257 E0.00338
G1 X85.299 Y77.086 E0.00376
G1 X84.887 Y76.799 E0.00658
G1 X84.683 Y76.664 E0.00321
G1 X84.237 Y76.398 E0.00681
G1 X84.003 Y76.264 E0.00354
G1 X83.8 Y76.16 E0.00299
G1 X83.33 Y75.927 E0.00688
G1 X82.98 Y75.77 E0.00503
G1 X82.665 Y75.644 E0.00445
G1 X82.371 Y75.531 E0.00413
G1 X81.899 Y75.369 E0.00654
G1 X81.656 Y75.296 E0.00333
G1 X81.195 Y75.175 E0.00625
G1 X80.909 Y75.108 E0.00385
G1 X80.4 Y75.006 E0.00681
G1 X80.123 Y74.964 E0.00367
G1 X79.64 Y74.9 E0.00639
G1 X79.112 Y74.856 E0.00695
G0 F18000 X78.912 Y74.845
G0 X78.874 Y75.543
G0 X76.022 Y75.97
G0 X74.435 Y76.452
G0 X73.142 Y77.054
G0 X71.754 Y77.961
G0 X70.681 Y78.901
G0 X69.603 Y80.16
G0 X68.728 Y81.567
G0 X68.152 Y82.877
G0 X67.705 Y84.475
G0 X67.509 Y86.112
G0 X67.563 Y87.782
G0 X68.018 Y90.108
G0 X68.674 Y89.876
G1 F1500 X68.528 Y89.399 E0.00654
G1 X68.426 Y89.021 E0.00513
G1 X68.332 Y88.585 E0.00585
G1 X68.255 Y88.147 E0.00583
G1 X68.194 Y87.709 E0.0058
G1 X68.174 Y87.477 E0.00305
G1 X68.146 Y87.038 E0.00577
G1 X68.138 Y86.816 E0.00291
G1 X68.134 Y86.588 E0.00299
G1 X68.146 Y86.139 E0.00589
G1 X68.174 Y85.698 E0.00579
G1 X68.194 Y85.494 E0.00269
G1 X68.253 Y85.033 E0.00609
G1 X68.333 Y84.596 E0.00583
G1 X68.379 Y84.371 E0.00301
G1 X68.432 Y84.15 E0.00298
G1 X68.53 Y83.773 E0.00511
G1 X68.608 Y83.51 E0.0036
G1 X68.681 Y83.295 E0.00298
G1 X68.832 Y82.875 E0.00585
G1 X69.015 Y82.439 E0.0062
G1 X69.189 Y82.068 E0.00537
G1 X69.292 Y81.857 E0.00308
G1 X69.509 Y81.465 E0.00588
G1 X69.774 Y81.03 E0.00668
G1 X69.778 Y81.028 E0.00006
G1 X69.864 Y80.899 E0.00203
G1 X70.126 Y80.524 E0.006
G1 X70.252 Y80.353 E0.00279
G1 X70.554 Y79.977 E0.00632
G1 X70.822 Y79.677 E0.00527
G1 X70.98 Y79.51 E0.00301
G1 X71.304 Y79.184 E0.00603
G1 X71.466 Y79.033 E0.0029
G1 X71.769 Y78.766 E0.0053
G1 X71.961 Y78.605 E0.00329
G1 X72.143 Y78.462 E0.00304
G1 X72.504 Y78.199 E0.00586
G1 X72.686 Y78.075 E0.00289
G1 X73.064 Y77.836 E0.00586
G1 X73.448 Y77.611 E0.00584
G1 X73.856 Y77.399 E0.00603
G1 X74.275 Y77.207 E0.00604
G1 X74.458 Y77.127 E0.00262
G1 X74.726 Y77.021 E0.00378
G1 X75.084 Y76.891 E0.00499
G1 X75.296 Y76.822 E0.00292
G1 X75.568 Y76.74 E0.00373
G1 X75.946 Y76.642 E0.00512
G1 X76.384 Y76.544 E0.00589
G1 X76.759 Y76.481 E0.00499
G1 X76.827 Y76.467 E0.00091
G1 X77.258 Y76.41 E0.0057
G1 X77.712 Y76.37 E0.00598
G1 X78.152 Y76.354 E0.00577
G1 X78.376 Y76.349 E0.00294
G1 X78.6 Y76.353 E0.00294
G1 X79.05 Y76.37 E0.0059
G1 X79.497 Y76.411 E0.00589
G1 X79.933 Y76.468 E0.00577
G1 X80.373 Y76.546 E0.00586
G1 X80.598 Y76.595 E0.00302
G1 X81.027 Y76.7 E0.00579
G1 X81.167 Y76.739 E0.00191
G1 X81.17 Y76.737 E0.00005
G1 X81.185 Y76.739 E0.0002
G1 X81.661 Y76.893 E0.00656
G1 X81.877 Y76.966 E0.00299
G1 X82.3 Y77.129 E0.00594
G1 X82.509 Y77.219 E0.00298
G1 X82.921 Y77.411 E0.00596
G1 X83.304 Y77.613 E0.00568
G1 X83.499 Y77.721 E0.00292
G1 X83.694 Y77.839 E0.00299
G1 X84.069 Y78.076 E0.00582
G1 X84.436 Y78.333 E0.00588
G1 X84.61 Y78.466 E0.00287
G1 X84.962 Y78.749 E0.00592
G1 X85.34 Y79.082 E0.00661
G1 X85.621 Y79.351 E0.0051
G1 X85.776 Y79.511 E0.00292
G1 X86.077 Y79.84 E0.00585
G1 X86.224 Y80.012 E0.00297
G1 X86.505 Y80.357 E0.00583
G1 X86.758 Y80.709 E0.00568
G1 X86.973 Y81.027 E0.00503
G1 X86.977 Y81.029 E0.00006
G1 X87.128 Y81.276 E0.0038
G1 X87.353 Y81.661 E0.00585
G1 X87.56 Y82.063 E0.00593
G1 X87.751 Y82.47 E0.0059
G1 X87.837 Y82.673 E0.00289
G1 X87.943 Y82.939 E0.00375
G1 X88.073 Y83.3 E0.00503
G1 X88.208 Y83.729 E0.0059
G1 X88.326 Y84.163 E0.0059
G1 X88.42 Y84.595 E0.0058
G1 X88.496 Y85.035 E0.00586
G1 X88.533 Y85.272 E0.00315
G1 X88.558 Y85.472 E0.00264
G1 X88.594 Y85.921 E0.00591
G1 X88.606 Y86.141 E0.00289
G1 X88.614 Y86.368 E0.00298
G1 X88.615 Y86.816 E0.00587
G1 X88.594 Y87.262 E0.00585
G1 X88.577 Y87.49 E0.003
G1 X88.528 Y87.928 E0.00578
G1 X88.496 Y88.149 E0.00293
G1 X88.418 Y88.593 E0.00591
G1 X88.324 Y89.031 E0.00587
G1 X88.206 Y89.457 E0.0058
G1 X88.071 Y89.886 E0.0059
G1 X87.917 Y90.308 E0.00589
G1 X87.745 Y90.723 E0.00589
G1 X87.564 Y91.117 E0.00569
G1 X87.346 Y91.531 E0.00614
G1 X87.242 Y91.716 E0.00278
G1 X86.983 Y92.137 E0.00648
G1 X86.918 Y92.236 E0.00155
G1 X86.92 Y92.239 E0.00005
G1 X86.755 Y92.479 E0.00382
G1 X86.633 Y92.65 E0.00275
G1 X86.5 Y92.828 E0.00291
G1 X86.222 Y93.171 E0.00579
G1 X86.068 Y93.353 E0.00313
G1 X85.918 Y93.515 E0.0029
G1 X85.613 Y93.833 E0.00578
G1 X85.334 Y94.103 E0.00509
G1 X84.956 Y94.436 E0.00661
G1 X84.611 Y94.715 E0.00582
G1 X84.431 Y94.851 E0.00296
G1 X84.256 Y94.976 E0.00282
G1 X84.066 Y95.105 E0.00301
G1 X83.688 Y95.345 E0.00587
G1 X83.301 Y95.569 E0.00586
G1 X82.904 Y95.777 E0.00588
G1 X82.5 Y95.963 E0.00583
G1 X82.294 Y96.053 E0.00295
G1 X82.025 Y96.159 E0.00379
G1 X81.665 Y96.29 E0.00502
G1 X81.24 Y96.423 E0.00584
G1 X81.022 Y96.485 E0.00297
G1 X80.59 Y96.59 E0.00583
G1 X80.369 Y96.636 E0.00296
G1 X79.932 Y96.712 E0.00582
G1 X79.706 Y96.745 E0.00299
G1 X79.49 Y96.769 E0.00285
G1 X79.043 Y96.81 E0.00589
G1 X78.819 Y96.822 E0.00294
G1 X78.592 Y96.83 E0.00298
G1 X78.148 Y96.83 E0.00582
G1 X77.702 Y96.81 E0.00585
G1 X77.258 Y96.769 E0.00585
G1 X77.04 Y96.744 E0.00288
G1 X76.814 Y96.712 E0.00299
G1 X76.383 Y96.635 E0.00574
G1 X76.16 Y96.589 E0.00299
G1 X75.914 Y96.529 E0.00332
G1 X75.513 Y96.422 E0.00544
G1 X75.078 Y96.287 E0.00597
G1 X74.629 Y96.122 E0.00627
G1 X74.453 Y96.051 E0.00249
G1 X74.223 Y95.953 E0.00328
G1 X73.847 Y95.777 E0.00544
G1 X73.432 Y95.559 E0.00615
G1 X73.255 Y95.46 E0.00266
G1 X73.053 Y95.34 E0.00308
G1 X72.681 Y95.102 E0.00579
G1 X72.489 Y94.971 E0.00305
G1 X72.139 Y94.714 E0.00569
G1 X71.949 Y94.566 E0.00316
G1 X71.767 Y94.412 E0.00313
G1 X71.461 Y94.146 E0.00532
G1 X71.293 Y93.987 E0.00303
G1 X70.966 Y93.66 E0.00606
G1 X70.783 Y93.466 E0.0035
G1 X70.785 Y93.464 E0.00004
G1 X70.693 Y93.361 E0.00181
G1 X70.669 Y93.338 E0.00044
G1 X70.251 Y92.828 E0.00865
G1 X69.981 Y92.458 E0.00601
G1 X69.62 Y91.902 E0.00869
G1 X69.505 Y91.708 E0.00296
G1 X69.291 Y91.316 E0.00586
G1 X69.187 Y91.117 E0.00294
G1 X68.997 Y90.707 E0.00593
G1 X68.911 Y90.507 E0.00285
G1 X68.805 Y90.241 E0.00375
G1 X68.674 Y89.876 E0.00509
G0 F18000 X68.616 Y89.685
G0 X67.95 Y89.903
G0 X67.539 Y87.537
G0 X67.509 Y86.112
G0 X67.705 Y84.475
G0 X68.107 Y83.037
G0 X69.256 Y80.337
G0 X68.822 Y80.038
;TYPE:SKIN
G1 F8400 X71.839 Y77.022 E0.07077
G1 X71.906 Y76.955
G0 F18000 X72.223 Y77.401
G0 X73.384 Y76.725
G0 X73.145 Y76.252
G1 F8400 X68.037 Y81.36 E0.11983
G1 X67.97 Y81.427
G0 F18000 X67.595 Y82.34
G1 F8400 X74.128 Y75.807 E0.15326
G1 X74.195 Y75.74
G0 F18000 X74.395 Y76.275
G0 X71.947 Y77.817
G0 X70.808 Y78.793
G0 X69.407 Y80.33
G0 X69.843 Y80.629
G1 F8400 X67.309 Y83.164 E0.05946
G1 X67.242 Y83.231
G0 F18000 X67.105 Y83.905
G1 F8400 X69.051 Y81.959 E0.04565
G1 X69.118 Y81.892
G0 F18000 X68.623 Y81.64
G0 X68.145 Y82.724
G0 X68.638 Y82.909
G1 F8400 X66.959 Y84.588 E0.03939
G0 F18000 X66.873 Y85.212
G1 F8400 X68.368 Y83.716 E0.03508
G0 F18000 X68.191 Y84.431
G1 F8400 X66.816 Y85.806 E0.03226
G0 F18000 X66.789 Y86.37
G1 F8400 X68.074 Y85.085 E0.03015
G0 F18000 X68.002 Y85.694
G1 F8400 X66.791 Y86.906 E0.02842
G0 F18000 X66.819 Y87.415
G1 F8400 X67.971 Y86.263 E0.02703
G0 F18000 X67.966 Y86.805
G1 F8400 X66.864 Y87.908 E0.02586
G0 F18000 X66.928 Y88.381
G1 F8400 X67.991 Y87.318 E0.02494
G0 F18000 X68.035 Y87.811
G1 F8400 X67.008 Y88.838 E0.02409
G0 F18000 X67.104 Y89.279
G1 F8400 X68.106 Y88.278 E0.02349
G0 F18000 X68.189 Y88.732
G1 F8400 X67.214 Y89.707 E0.02287
G0 F18000 X67.338 Y90.12
G1 F8400 X68.288 Y89.17 E0.02229
G0 F18000 X68.406 Y89.59
G1 F8400 X67.474 Y90.522 E0.02186
G0 F18000 X67.623 Y90.91
G1 F8400 X68.536 Y89.998 E0.02141
G0 F18000 X68.68 Y90.391
G1 F8400 X67.784 Y91.287 E0.02102
G0 F18000 X67.954 Y91.654
G1 F8400 X68.837 Y90.771 E0.02071
G0 F18000 X69.008 Y91.138
G1 F8400 X68.134 Y92.012 E0.0205
G0 F18000 X68.324 Y92.359
G1 F8400 X69.191 Y91.492 E0.02034
G0 F18000 X69.382 Y91.838
G1 F8400 X68.526 Y92.694 E0.02008
G0 F18000 X68.734 Y93.023
G1 F8400 X69.588 Y92.169 E0.02003
G0 F18000 X69.8 Y92.495
G1 F8400 X68.955 Y93.34 E0.01982
G0 F18000 X69.187 Y93.646
G1 F8400 X70.024 Y92.808 E0.01965
G0 F18000 X70.26 Y93.11
G1 F8400 X69.424 Y93.946 E0.01961
G0 F18000 X69.672 Y94.235
G1 F8400 X70.503 Y93.405 E0.01948
G0 F18000 X70.757 Y93.688
G1 F8400 X69.926 Y94.519 E0.01949
G0 F18000 X70.19 Y94.793
G1 F8400 X71.024 Y93.958 E0.01958
G0 F18000 X71.294 Y94.226
G1 F8400 X70.465 Y95.055 E0.01945
G0 F18000 X70.745 Y95.312
G1 F8400 X71.58 Y94.477 E0.01959
G0 F18000 X71.871 Y94.723
G1 F8400 X71.037 Y95.558 E0.01958
G0 F18000 X71.338 Y95.794
G1 F8400 X72.176 Y94.956 E0.01966
G0 F18000 X72.49 Y95.179
G1 F8400 X71.647 Y96.022 E0.01978
G0 F18000 X71.963 Y96.244
G1 F8400 X72.815 Y95.392 E0.01999
G0 F18000 X73.149 Y95.595
G1 F8400 X72.292 Y96.451 E0.02009
G0 F18000 X72.631 Y96.65
G1 F8400 X73.497 Y95.785 E0.0203
G0 F18000 X73.852 Y95.966
G1 F8400 X72.976 Y96.843 E0.02056
G0 F18000 X73.334 Y97.022
G1 F8400 X74.219 Y96.137 E0.02076
G0 F18000 X74.6 Y96.293
G1 F8400 X73.7 Y97.193 E0.02111
G0 F18000 X74.079 Y97.352
G1 F8400 X74.994 Y96.437 E0.02147
G0 F18000 X75.401 Y96.567
G1 F8400 X74.47 Y97.499 E0.02185
G0 F18000 X74.873 Y97.632
G1 F8400 X75.823 Y96.683 E0.02227
G0 F18000 X76.26 Y96.783
G1 F8400 X75.287 Y97.756 E0.02283
G0 F18000 X75.716 Y97.865
G1 F8400 X76.713 Y96.868 E0.02339
G0 F18000 X77.185 Y96.933
G1 F8400 X76.153 Y97.965 E0.02421
G0 F18000 X76.612 Y98.043
G1 F8400 X77.676 Y96.979 E0.02496
G0 F18000 X78.192 Y97.001
G1 F8400 X77.088 Y98.105 E0.0259
G0 F18000 X77.579 Y98.151
G1 F8400 X78.736 Y96.995 E0.02713
G0 F18000 X79.312 Y96.956
G1 F8400 X78.096 Y98.172 E0.02853
G0 F18000 X78.63 Y98.175
G1 F8400 X79.919 Y96.886 E0.03024
G0 F18000 X80.575 Y96.768
G1 F8400 X79.192 Y98.151 E0.03244
G0 F18000 X79.791 Y98.088
G1 F8400 X81.295 Y96.585 E0.03527
G1 X81.362 Y96.518
G0 F18000 X82.106 Y96.311
G1 F8400 X80.419 Y97.999 E0.03959
G0 F18000 X81.099 Y97.855
G1 F8400 X83.073 Y95.882 E0.0463
G1 X83.14 Y95.815
G0 F18000 X83.393 Y96.314
G0 X84.741 Y95.491
G0 X84.432 Y95.06
G1 F8400 X81.845 Y97.647 E0.06069
G1 X81.778 Y97.714
G0 F18000 X81.613 Y97.168
G0 X78.613 Y97.469
G0 X76.957 Y97.379
G0 X75.339 Y97.039
G0 X73.78 Y96.453
G0 X72.337 Y95.641
G0 X71.027 Y94.615
G0 X69.891 Y93.402
G0 X69.074 Y92.232
G0 X68.326 Y90.755
G0 X67.81 Y89.178
G0 X67.539 Y87.537
G0 X67.509 Y86.112
G0 X67.705 Y84.475
G0 X68.152 Y82.877
G0 X68.838 Y81.36
G0 X69.746 Y79.969
G0 X70.643 Y78.968
G0 X72.125 Y77.619
G0 X72.425 Y78.048
G1 F8400 X74.953 Y75.52 E0.05931
G1 X75.02 Y75.453
G0 F18000 X75.69 Y75.32
G1 F8400 X73.745 Y77.265 E0.04563
G1 X73.678 Y77.332
G0 F18000 X73.422 Y76.84
G0 X74.515 Y76.358
G0 X74.699 Y76.848
G1 F8400 X76.373 Y75.174 E0.03927
G0 F18000 X77 Y75.085
G1 F8400 X75.503 Y76.581 E0.03511
G0 F18000 X76.215 Y76.407
G1 F8400 X77.589 Y75.033 E0.03223
G0 F18000 X78.155 Y75.004
G1 F8400 X76.87 Y76.29 E0.03016
G0 F18000 X77.478 Y76.218
G1 F8400 X78.689 Y75.008 E0.0284
G0 F18000 X79.2 Y75.034
G1 F8400 X78.045 Y76.189 E0.0271
G0 F18000 X78.589 Y76.182
G1 F8400 X79.693 Y75.078 E0.0259
G0 F18000 X80.166 Y75.143
G1 F8400 X79.106 Y76.203 E0.02487
G0 F18000 X79.593 Y76.253
G1 F8400 X80.621 Y75.225 E0.02412
G0 F18000 X81.064 Y75.32
G1 F8400 X80.066 Y76.318 E0.02341
G0 F18000 X80.52 Y76.401
G1 F8400 X81.491 Y75.431 E0.02277
G0 F18000 X81.906 Y75.553
G1 F8400 X80.952 Y76.506 E0.02237
G0 F18000 X81.376 Y76.62
G1 F8400 X82.304 Y75.692 E0.02177
G0 F18000 X82.693 Y75.84
G1 F8400 X81.781 Y76.752 E0.0214
G0 F18000 X82.173 Y76.898
G1 F8400 X83.072 Y75.999 E0.02109
G0 F18000 X83.437 Y76.171
G1 F8400 X82.555 Y77.053 E0.02069
G0 F18000 X82.922 Y77.223
G1 F8400 X83.796 Y76.349 E0.0205
G0 F18000 X84.143 Y76.54
G1 F8400 X83.277 Y77.406 E0.02032
G0 F18000 X83.624 Y77.596
G1 F8400 X84.479 Y76.741 E0.02006
G0 F18000 X84.807 Y76.951
G1 F8400 X83.955 Y77.803 E0.01999
G0 F18000 X84.28 Y78.015
G1 F8400 X85.124 Y77.172 E0.01979
G0 F18000 X85.433 Y77.4
G1 F8400 X84.595 Y78.238 E0.01966
G0 F18000 X84.894 Y78.476
G1 F8400 X85.732 Y77.637 E0.01967
G0 F18000 X86.022 Y77.886
G1 F8400 X85.187 Y78.72 E0.01958
G0 F18000 X85.472 Y78.973
G1 F8400 X86.302 Y78.142 E0.01948
G0 F18000 X86.576 Y78.406
G1 F8400 X85.747 Y79.235 E0.01945
G0 F18000 X86.008 Y79.511
G1 F8400 X86.84 Y78.679 E0.01952
G0 F18000 X87.096 Y78.96
G1 F8400 X86.263 Y79.794 E0.01955
G0 F18000 X86.506 Y80.088
G1 F8400 X87.342 Y79.253 E0.0196
G0 F18000 X87.58 Y79.552
G1 F8400 X86.74 Y80.392 E0.01971
G0 F18000 X86.963 Y80.706
G1 F8400 X87.809 Y79.861 E0.01984
G0 F18000 X88.027 Y80.18
G1 F8400 X87.178 Y81.028 E0.01991
G0 F18000 X87.379 Y81.365
G1 F8400 X88.238 Y80.506 E0.02015
G0 F18000 X88.436 Y80.845
G1 F8400 X87.572 Y81.71 E0.02028
G0 F18000 X87.752 Y82.067
G1 F8400 X88.629 Y81.19 E0.02057
G0 F18000 X88.808 Y81.548
G1 F8400 X87.921 Y82.435 E0.02081
G0 F18000 X88.079 Y82.815
G1 F8400 X88.977 Y81.917 E0.02107
G0 F18000 X89.138 Y82.293
G1 F8400 X88.223 Y83.208 E0.02147
G0 F18000 X88.352 Y83.617
G1 F8400 X89.284 Y82.684 E0.02188
G0 F18000 X89.42 Y83.086
G1 F8400 X88.468 Y84.038 E0.02233
G0 F18000 X88.569 Y84.475
G1 F8400 X89.545 Y83.498 E0.02291
G0 F18000 X89.653 Y83.928
G1 F8400 X88.651 Y84.929 E0.02349
G0 F18000 X88.721 Y85.397
G1 F8400 X89.748 Y84.37 E0.02409
G0 F18000 X89.829 Y84.826
G1 F8400 X88.765 Y85.891 E0.02497
G0 F18000 X88.786 Y86.407
G1 F8400 X89.894 Y85.299 E0.02599
G0 F18000 X89.935 Y85.795
G1 F8400 X88.781 Y86.949 E0.02707
G0 F18000 X88.746 Y87.521
G1 F8400 X89.961 Y86.307 E0.02849
G0 F18000 X89.962 Y86.843
G1 F8400 X88.67 Y88.134 E0.0303
G0 F18000 X88.55 Y88.793
G1 F8400 X89.934 Y87.408 E0.03248
G0 F18000 X89.875 Y88.005
G1 F8400 X88.369 Y89.511 E0.03533
G1 X88.302 Y89.578
G0 F18000 X88.093 Y90.324
G1 F8400 X89.779 Y88.638 E0.03955
G0 F18000 X89.641 Y89.314
G1 F8400 X87.668 Y91.287 E0.04629
G1 X87.601 Y91.354
G0 F18000 X88.099 Y91.607
G0 X87.278 Y92.951
G0 X86.848 Y92.644
G1 F8400 X89.428 Y90.064 E0.06053
G1 X89.495 Y89.997
G0 F18000 X89.131 Y90.899
G1 F8400 X82.686 Y97.344 E0.1512
G1 X82.619 Y97.411
G0 F18000 X82.414 Y96.889
G0 X83.424 Y96.433
G0 X83.663 Y96.904
G1 F8400 X88.682 Y91.885 E0.11774
G1 X88.749 Y91.818
G0 F18000 X88.256 Y91.565
G0 X87.427 Y92.95
G0 X87.85 Y93.254
G1 F8400 X85.02 Y96.084 E0.06639
G1 X84.953 Y96.151
G1 F1800 E-3.5
;MESH:Upper-Dielectric-Part.STL
G0 F18000 X84.646 Y95.704
G0 X86.171 Y95.104
G0 X87.164 Y96.158
G0 X97.37 Y101.216
G0 X97.37 Y102.664
G0 X124.535 Y103.149
G0 X124.259 Y102.453
;TYPE:WALL-OUTER
G1 F1800 E3.52079
G1 F1500 X124.237 Y102.484 E0.0005
G1 X124.197 Y102.528 E0.00078
G1 X124.15 Y102.566 E0.00079
G1 X124.064 Y102.613 E0.00129
G1 X123.953 Y102.641 E0.0015
G1 X123.908 Y102.646 E0.00059
G1 X123.062 Y102.644 E0.01109
G1 X122.974 Y102.627 E0.00118
G1 X122.906 Y102.6 E0.00096
G1 X122.847 Y102.566 E0.00089
G1 X122.78 Y102.51 E0.00115
G1 X122.729 Y102.446 E0.00107
G1 X97.266 Y102.445 E0.33389
G1 X97.245 Y102.476 E0.00049
G1 X97.205 Y102.52 E0.00078
G1 X97.17 Y102.551 E0.00061
G1 X97.122 Y102.583 E0.00076
G1 X97.015 Y102.631 E0.00154
G1 X96.976 Y102.638 E0.00052
G1 X96.913 Y102.642 E0.00083
G1 X96.097 Y102.646 E0.0107
G1 X96.062 Y102.644 E0.00046
G1 X95.994 Y102.632 E0.00091
G1 X95.949 Y102.617 E0.00062
G1 X95.891 Y102.591 E0.00083
G1 X95.855 Y102.571 E0.00054
G1 X95.813 Y102.539 E0.00069
G1 X95.769 Y102.495 E0.00082
G1 X95.733 Y102.446 E0.0008
G1 X92.914 Y102.446 E0.03697
G1 X92.914 Y117.554 E0.19811
G1 X95.731 Y117.554 E0.03694
G1 X95.758 Y117.516 E0.00061
G1 X95.794 Y117.476 E0.00071
G1 X95.832 Y117.444 E0.00065
G1 X95.9 Y117.4 E0.00106
G1 X95.93 Y117.384 E0.00045
G1 X95.966 Y117.373 E0.00049
G1 X96.046 Y117.357 E0.00107
G1 X96.084 Y117.354 E0.0005
G1 X96.912 Y117.354 E0.01086
G1 X96.948 Y117.357 E0.00047
G1 X97.03 Y117.373 E0.0011
G1 X97.125 Y117.416 E0.00137
G1 X97.172 Y117.446 E0.00073
G1 X97.212 Y117.482 E0.00071
G1 X97.246 Y117.524 E0.00071
G1 X97.265 Y117.554 E0.00047
G1 X122.732 Y117.546 E0.33394
G1 X122.765 Y117.501 E0.00073
G1 X122.82 Y117.451 E0.00097
G1 X122.884 Y117.407 E0.00102
G1 X122.94 Y117.38 E0.00082
G1 X123.047 Y117.357 E0.00144
G1 X123.084 Y117.354 E0.00049
G1 X123.938 Y117.355 E0.0112
G1 X123.998 Y117.363 E0.00079
G1 X124.048 Y117.377 E0.00068
G1 X124.129 Y117.418 E0.00119
G1 X124.186 Y117.456 E0.0009
G1 X124.23 Y117.5 E0.00082
G1 X124.268 Y117.554 E0.00087
G1 X127.082 Y117.554 E0.0369
G1 X127.082 Y102.447 E0.1981
G1 X124.259 Y102.453 E0.03702
G0 F18000 X124.237 Y102.484
G0 X124.197 Y102.528
G0 X124.15 Y102.566
G0 X124.113 Y102.586
G0 X124.45 Y103.2
G0 X118.039 Y105.425
G0 X117.367 Y105.623
G1 F600 X117.383 Y105.679 E0.00076
G1 X117.39 Y105.732 E0.0007
G1 X117.388 Y105.79 E0.00076
G1 X117.371 Y105.879 E0.00119
G1 X117.341 Y105.951 E0.00102
G1 X116.917 Y106.691 E0.01118
G1 X116.868 Y106.754 E0.00105
G1 X116.838 Y106.781 E0.00053
G1 X116.784 Y106.821 E0.00088
G1 X116.75 Y106.84 E0.00051
G1 X116.68 Y106.867 E0.00098
G1 X116.593 Y106.885 E0.00116
G1 X116.51 Y106.886 E0.00109
G1 X116.437 Y106.873 E0.00097
G1 X116.38 Y106.857 E0.00078
G1 X116.308 Y106.817 E0.00108
G1 X116.241 Y106.763 E0.00113
G1 X116.198 Y106.713 E0.00086
G1 X116.138 Y106.602 E0.00165
G1 X116.113 Y106.531 E0.00099
G1 X116.11 Y106.511 E0.00027
G1 X116.111 Y106.421 E0.00118
G1 X116.119 Y106.353 E0.0009
G1 X116.131 Y106.305 E0.00065
G1 X116.159 Y106.24 E0.00093
G1 X116.583 Y105.508 E0.01109
G1 X116.604 Y105.478 E0.00048
G1 X116.633 Y105.446 E0.00057
G1 X116.664 Y105.418 E0.00055
G1 X116.708 Y105.386 E0.00071
G1 X116.747 Y105.364 E0.00059
G1 X116.815 Y105.336 E0.00096
G1 X116.855 Y105.324 E0.00055
G1 X116.934 Y105.318 E0.00104
G1 X117.014 Y105.322 E0.00105
G1 X117.065 Y105.331 E0.00068
G1 X117.137 Y105.355 E0.001
G1 X117.202 Y105.393 E0.00099
G1 X117.283 Y105.469 E0.00146
G1 X117.318 Y105.518 E0.00079
G1 X117.367 Y105.623 E0.00152
G0 F18000 X117.383 Y105.679
G0 X117.39 Y105.732
G0 X117.388 Y105.79
G0 X117.383 Y105.82
G0 X118.079 Y105.887
G0 X118.08 Y114.113
G0 X117.39 Y114.227
G1 F600 X117.389 Y114.262 E0.00046
G1 X117.381 Y114.322 E0.00079
G1 X117.373 Y114.357 E0.00047
G1 X117.333 Y114.464 E0.0015
G1 X117.284 Y114.533 E0.00111
G1 X117.195 Y114.609 E0.00153
G1 X117.147 Y114.637 E0.00073
G1 X117.087 Y114.661 E0.00085
G1 X117.049 Y114.672 E0.00052
G1 X116.953 Y114.682 E0.00127
G1 X116.916 Y114.679 E0.00049
G1 X116.812 Y114.659 E0.00139
G1 X116.748 Y114.634 E0.0009
G1 X116.696 Y114.602 E0.0008
G1 X116.655 Y114.568 E0.0007
G1 X116.615 Y114.524 E0.00078
G1 X116.592 Y114.493 E0.00051
G1 X116.162 Y113.757 E0.01118
G1 X116.142 Y113.717 E0.00059
G1 X116.125 Y113.67 E0.00066
G1 X116.113 Y113.61 E0.0008
G1 X116.11 Y113.572 E0.0005
G1 X116.111 Y113.522 E0.00066
G1 X116.122 Y113.446 E0.00101
G1 X116.132 Y113.414 E0.00044
G1 X116.17 Y113.325 E0.00127
G1 X116.184 Y113.302 E0.00035
G1 X116.25 Y113.225 E0.00133
G1 X116.271 Y113.207 E0.00036
G1 X116.348 Y113.157 E0.0012
G1 X116.426 Y113.127 E0.0011
G1 X116.519 Y113.11 E0.00124
G1 X116.597 Y113.111 E0.00102
G1 X116.619 Y113.114 E0.00029
G1 X116.742 Y113.152 E0.00169
G1 X116.761 Y113.161 E0.00028
G1 X116.835 Y113.212 E0.00118
G1 X116.874 Y113.251 E0.00072
G1 X116.929 Y113.328 E0.00124
G1 X117.333 Y114.024 E0.01055
G1 X117.368 Y114.105 E0.00116
G1 X117.387 Y114.198 E0.00124
G1 X117.39 Y114.227 E0.00038
G0 F18000 X117.389 Y114.262
G0 X117.381 Y114.322
G0 X117.373 Y114.357
G0 X117.35 Y114.42
G0 X118.012 Y114.655
G0 X117.614 Y115.097
G0 X117.117 Y115.312
G0 X116.987 Y115.305
G0 X104.585 Y113.467
G0 X103.889 Y113.523
G1 F600 X103.89 Y113.562 E0.00051
G1 X103.881 Y113.632 E0.00093
G1 X103.873 Y113.669 E0.0005
G1 X103.857 Y113.717 E0.00066
G1 X103.841 Y113.752 E0.0005
G1 X103.43 Y114.462 E0.01076
G1 X103.429 Y114.469 E0.00009
G1 X103.395 Y114.515 E0.00075
G1 X103.351 Y114.559 E0.00082
G1 X103.278 Y114.618 E0.00123
G1 X103.213 Y114.651 E0.00096
G1 X103.101 Y114.68 E0.00152
G1 X103.049 Y114.682 E0.00068
G1 X102.929 Y114.67 E0.00158
G1 X102.824 Y114.625 E0.0015
G1 X102.753 Y114.567 E0.0012
G1 X102.717 Y114.531 E0.00067
G1 X102.677 Y114.478 E0.00087
G1 X102.658 Y114.44 E0.00056
G1 X102.626 Y114.356 E0.00118
G1 X102.615 Y114.315 E0.00056
G1 X102.611 Y114.287 E0.00037
G1 X102.61 Y114.212 E0.00098
G1 X102.617 Y114.158 E0.00071
G1 X102.64 Y114.082 E0.00104
G1 X102.655 Y114.049 E0.00048
G1 X103.091 Y113.293 E0.01144
G1 X103.138 Y113.236 E0.00097
G1 X103.161 Y113.217 E0.00039
G1 X103.247 Y113.159 E0.00136
G1 X103.317 Y113.131 E0.00099
G1 X103.354 Y113.121 E0.0005
G1 X103.418 Y113.11 E0.00085
G1 X103.533 Y113.116 E0.00151
G1 X103.631 Y113.147 E0.00135
G1 X103.653 Y113.158 E0.00032
G1 X103.751 Y113.225 E0.00156
G1 X103.801 Y113.285 E0.00102
G1 X103.832 Y113.328 E0.0007
G1 X103.854 Y113.374 E0.00067
G1 X103.878 Y113.45 E0.00105
G1 X103.889 Y113.523 E0.00097
G0 F18000 X103.89 Y113.562
G0 X103.881 Y113.632
G0 X103.873 Y113.669
G0 X103.857 Y113.717
G0 X104.508 Y113.97
G0 X111.084 Y110.843
G0 X111.401 Y110.418
G0 X111.484 Y109.998
G0 X111.397 Y109.572
G0 X111.218 Y109.308
G0 X110.682 Y108.897
G0 X110.519 Y109.575
G1 F600 X110.553 Y109.588 E0.00048
G1 X110.637 Y109.628 E0.00122
G1 X110.668 Y109.65 E0.0005
G1 X110.724 Y109.702 E0.001
G1 X110.771 Y109.761 E0.00099
G1 X110.806 Y109.827 E0.00098
G1 X110.836 Y109.928 E0.00138
G1 X110.837 Y110.028 E0.00131
G1 X110.826 Y110.126 E0.00129
G1 X110.81 Y110.171 E0.00063
G1 X110.787 Y110.203 E0.00052
G1 X110.747 Y110.269 E0.00101
G1 X110.681 Y110.339 E0.00126
G1 X110.664 Y110.351 E0.00027
G1 X110.593 Y110.389 E0.00106
G1 X110.589 Y110.397 E0.00012
G1 X110.565 Y110.413 E0.00038
G1 X110.509 Y110.432 E0.00078
G1 X110.416 Y110.438 E0.00122
G1 X109.596 Y110.438 E0.01075
G1 X109.558 Y110.435 E0.0005
G1 X109.463 Y110.415 E0.00127
G1 X109.429 Y110.405 E0.00046
G1 X109.379 Y110.38 E0.00073
G1 X109.302 Y110.324 E0.00125
G1 X109.26 Y110.282 E0.00078
G1 X109.223 Y110.227 E0.00087
G1 X105.481 Y110.238 E0.04907
G1 X105.448 Y110.231 E0.00044
G1 X105.406 Y110.214 E0.00059
G1 X105.385 Y110.2 E0.00033
G1 X105.363 Y110.18 E0.00039
G1 X105.288 Y110.081 E0.00163
G1 X105.269 Y110.037 E0.00063
G1 X105.264 Y110.016 E0.00028
G1 X105.262 Y109.968 E0.00063
G1 X105.265 Y109.945 E0.0003
G1 X105.284 Y109.894 E0.00071
G1 X105.299 Y109.87 E0.00037
G1 X105.328 Y109.839 E0.00056
G1 X105.39 Y109.792 E0.00102
G1 X105.428 Y109.771 E0.00057
G1 X105.482 Y109.758 E0.00073
G1 X109.238 Y109.746 E0.04925
G1 X109.265 Y109.709 E0.0006
G1 X109.301 Y109.673 E0.00067
G1 X109.341 Y109.642 E0.00066
G1 X109.41 Y109.604 E0.00103
G1 X109.412 Y109.599 E0.00007
G1 X109.462 Y109.575 E0.00073
G1 X109.487 Y109.568 E0.00034
G1 X109.589 Y109.558 E0.00134
G1 X110.441 Y109.562 E0.01117
G1 X110.487 Y109.567 E0.00061
G1 X110.519 Y109.575 E0.00043
G0 F18000 X110.553 Y109.588
G0 X110.637 Y109.628
G0 X110.668 Y109.65
G0 X110.692 Y109.672
G0 X111.144 Y109.141
G0 X104.476 Y105.956
G0 X103.84 Y106.25
G1 F600 X103.872 Y106.326 E0.00108
G1 X103.885 Y106.376 E0.00068
G1 X103.89 Y106.415 E0.00052
G1 X103.889 Y106.453 E0.0005
G1 X103.881 Y106.525 E0.00095
G1 X103.869 Y106.575 E0.00067
G1 X103.837 Y106.655 E0.00113
G1 X103.813 Y106.699 E0.00066
G1 X103.774 Y106.748 E0.00082
G1 X103.686 Y106.82 E0.00149
G1 X103.648 Y106.841 E0.00057
G1 X103.541 Y106.877 E0.00148
G1 X103.509 Y106.884 E0.00043
G1 X103.42 Y106.885 E0.00117
G1 X103.333 Y106.873 E0.00115
G1 X103.281 Y106.856 E0.00072
G1 X103.192 Y106.806 E0.00134
G1 X103.169 Y106.787 E0.00039
G1 X103.097 Y106.712 E0.00136
G1 X102.663 Y105.968 E0.01129
G1 X102.625 Y105.883 E0.00122
G1 X102.611 Y105.783 E0.00132
G1 X102.61 Y105.732 E0.00067
G1 X102.616 Y105.682 E0.00066
G1 X102.64 Y105.594 E0.0012
G1 X102.668 Y105.535 E0.00086
G1 X102.73 Y105.451 E0.00137
G1 X102.777 Y105.408 E0.00084
G1 X102.833 Y105.372 E0.00087
G1 X102.866 Y105.355 E0.00049
G1 X102.958 Y105.319 E0.0013
G1 X102.995 Y105.308 E0.00051
G1 X103.028 Y105.306 E0.00043
G1 X103.077 Y105.312 E0.00065
G1 X103.193 Y105.341 E0.00157
G1 X103.23 Y105.356 E0.00052
G1 X103.29 Y105.388 E0.00089
G1 X103.328 Y105.415 E0.00061
G1 X103.372 Y105.455 E0.00078
G1 X103.409 Y105.501 E0.00077
G1 X103.84 Y106.25 E0.01133
G0 F18000 X103.872 Y106.326
G0 X103.885 Y106.376
G0 X103.89 Y106.415
G0 X103.89 Y106.442
G0 X104.586 Y106.497
G0 X104.403 Y105.942
G0 X103.904 Y105.084
G0 X103.462 Y104.753
G0 X93.535 Y103.146
G0 X93.535 Y102.617
;TYPE:SKIN
G1 F8400 X93.085 Y103.066 E0.01055
G0 F18000 X93.085 Y103.604
G1 F8400 X94.072 Y102.617 E0.02315
G0 F18000 X94.609 Y102.617
G1 F8400 X93.085 Y104.141 E0.03575
G0 F18000 X93.085 Y104.679
G1 F8400 X95.147 Y102.617 E0.04837
G0 F18000 X95.667 Y102.634
G1 F8400 X93.085 Y105.216 E0.06057
G0 F18000 X93.085 Y105.753
G1 F8400 X96.028 Y102.81 E0.06904
G0 F18000 X96.561 Y102.815
G1 F8400 X93.085 Y106.291 E0.08155
G0 F18000 X93.085 Y106.828
G1 F8400 X97.158 Y102.755 E0.09555
G0 F18000 X97.833 Y102.617
G1 F8400 X93.085 Y107.366 E0.1114
G0 F18000 X93.085 Y107.903
G1 F8400 X98.371 Y102.617 E0.12401
G0 F18000 X98.908 Y102.617
G1 F8400 X93.085 Y108.44 E0.13661
G0 F18000 X93.085 Y108.978
G1 F8400 X99.445 Y102.617 E0.14922
G0 F18000 X99.983 Y102.617
G1 F8400 X93.085 Y109.515 E0.16182
G0 F18000 X93.085 Y110.053
G1 F8400 X100.52 Y102.617 E0.17443
G0 F18000 X101.058 Y102.617
G1 F8400 X93.085 Y110.59 E0.18704
G0 F18000 X93.085 Y111.127
G1 F8400 X101.595 Y102.617 E0.19964
G0 F18000 X102.132 Y102.617
G1 F8400 X93.085 Y111.665 E0.21225
G0 F18000 X93.085 Y112.202
G1 F8400 X102.67 Y102.617 E0.22486
G0 F18000 X103.207 Y102.617
G1 F8400 X93.085 Y112.74 E0.23747
G0 F18000 X93.085 Y113.277
G1 F8400 X103.745 Y102.617 E0.25008
G0 F18000 X104.282 Y102.617
G1 F8400 X93.085 Y113.814 E0.26268
G0 F18000 X93.085 Y114.352
G1 F8400 X104.819 Y102.617 E0.27529
G1 X104.886 Y102.55
G0 F18000 X104.886 Y103.146
G0 X103.426 Y104.176
G0 X102.059 Y105.195
G0 X102.519 Y105.455
G1 F8400 X93.085 Y114.889 E0.22132
G1 X93.018 Y114.956
G0 F18000 X93.616 Y114.956
G0 X102.439 Y104.794
G0 X102.753 Y105.222
G1 F8400 X105.357 Y102.617 E0.0611
G0 F18000 X105.894 Y102.617
G1 F8400 X103.308 Y105.204 E0.06068
G0 F18000 X103.586 Y105.463
G1 F8400 X106.432 Y102.617 E0.06677
G0 F18000 X106.969 Y102.617
G1 F8400 X103.783 Y105.804 E0.07475
G0 F18000 X103.979 Y106.145
G1 F8400 X107.506 Y102.617 E0.08275
G0 F18000 X108.044 Y102.617
G1 F8400 X104.029 Y106.632 E0.09419
G1 X103.962 Y106.699
G0 F18000 X104.473 Y106.947
G0 X103.965 Y107.407
G0 X103.644 Y107.519
G0 X103.176 Y107.499
G0 X102.787 Y107.313
G0 X102.731 Y107.255
G0 X102.016 Y106.234
G0 X102.497 Y106.015
G1 F8400 X93.085 Y115.427 E0.2208
G0 F18000 X93.085 Y115.964
G1 F8400 X102.692 Y106.357 E0.22538
G0 F18000 X102.89 Y106.696
G1 F8400 X93.085 Y116.501 E0.23002
G0 F18000 X93.085 Y117.039
G1 F8400 X103.147 Y106.977 E0.23605
G0 F18000 X103.636 Y107.026
G1 F8400 X93.278 Y117.383 E0.24298
G0 F18000 X93.815 Y117.383
G1 F8400 X108.581 Y102.617 E0.34641
G0 F18000 X109.119 Y102.617
G1 F8400 X94.353 Y117.383 E0.34641
G0 F18000 X94.89 Y117.383
G1 F8400 X109.656 Y102.617 E0.34641
G0 F18000 X110.193 Y102.617
G1 F8400 X95.428 Y117.383 E0.34639
G1 X95.361 Y117.45
G0 F18000 X96.165 Y117.183
G1 F8400 X110.731 Y102.617 E0.34171
G0 F18000 X111.268 Y102.617
G1 F8400 X96.703 Y117.183 E0.3417
G0 F18000 X97.173 Y117.25
G1 F8400 X111.806 Y102.617 E0.34329
G0 F18000 X112.343 Y102.617
G1 F8400 X105.33 Y109.631 E0.16453
G0 F18000 X105.12 Y109.841
G1 F8400 X97.578 Y117.383 E0.17693
G0 F18000 X98.115 Y117.383
G1 F8400 X105.222 Y110.276 E0.16673
G0 F18000 X105.627 Y110.408
G1 F8400 X98.653 Y117.383 E0.16362
G1 X98.586 Y117.45
G0 F18000 X98.586 Y116.854
G0 X104.307 Y109.823
G0 X105.223 Y109.124
G0 X105.912 Y109.058
G0 X105.913 Y109.585
G1 F8400 X112.88 Y102.617 E0.16346
G0 F18000 X113.418 Y102.617
G1 F8400 X106.451 Y109.584 E0.16344
G0 F18000 X106.991 Y109.582
G1 F8400 X113.955 Y102.617 E0.16338
G0 F18000 X114.493 Y102.617
G1 F8400 X107.53 Y109.58 E0.16335
G0 F18000 X108.069 Y109.578
G1 F8400 X115.03 Y102.617 E0.1633
G0 F18000 X115.567 Y102.617
G1 F8400 X108.609 Y109.576 E0.16324
G0 F18000 X109.148 Y109.575
G1 F8400 X116.105 Y102.617 E0.16322
G0 F18000 X116.642 Y102.617
G1 F8400 X109.872 Y109.388 E0.15883
G0 F18000 X110.406 Y109.391
G1 F8400 X117.18 Y102.617 E0.15892
G0 F18000 X117.717 Y102.617
G1 F8400 X110.798 Y109.536 E0.16232
G0 F18000 X110.998 Y109.874
G1 F8400 X118.254 Y102.617 E0.17024
G1 X118.321 Y102.55
G0 F18000 X118.321 Y103.146
G0 X105.223 Y109.124
G0 X104.307 Y109.823
G0 X105.089 Y110.876
G0 X106.167 Y110.938
G0 X106.166 Y110.406
G1 F8400 X103.612 Y112.961 E0.05993
G0 F18000 X103.933 Y113.177
G1 F8400 X106.705 Y110.405 E0.06503
G0 F18000 X107.244 Y110.403
G1 F8400 X104.059 Y113.588 E0.07472
G1 X103.992 Y113.655
G0 F18000 X104.573 Y113.733
G0 X104.403 Y113.035
G0 X104.04 Y112.645
G0 X103.675 Y112.491
G0 X103.206 Y112.493
G0 X102.914 Y112.605
G0 X102.633 Y112.862
G0 X101.944 Y113.983
G0 X102.451 Y114.122
G1 F8400 X99.19 Y117.383 E0.0765
G0 F18000 X99.728 Y117.382
G1 F8400 X102.536 Y114.574 E0.06587
G0 F18000 X102.838 Y114.809
G1 F8400 X100.266 Y117.382 E0.06035
G0 F18000 X100.803 Y117.382
G1 F8400 X107.784 Y110.401 E0.16377
G0 F18000 X108.322 Y110.4
G1 F8400 X101.34 Y117.382 E0.1638
G0 F18000 X101.878 Y117.382
G1 F8400 X108.861 Y110.398 E0.16383
G0 F18000 X109.277 Y110.52
G1 F8400 X102.416 Y117.381 E0.16096
G0 F18000 X102.953 Y117.381
G1 F8400 X109.726 Y110.608 E0.15889
G0 F18000 X110.263 Y110.608
G1 F8400 X103.491 Y117.381 E0.15888
G0 F18000 X104.028 Y117.381
G1 F8400 X118.792 Y102.617 E0.34636
G0 F18000 X119.329 Y102.617
G1 F8400 X116.778 Y105.169 E0.05986
G0 F18000 X117.255 Y105.229
G1 F8400 X119.867 Y102.617 E0.06128
G0 F18000 X120.404 Y102.617
G1 F8400 X117.507 Y105.514 E0.06796
G0 F18000 X117.445 Y106.114
G1 F8400 X120.941 Y102.617 E0.08203
G1 X121.008 Y102.55
G0 F18000 X121.008 Y103.146
G0 X116.414 Y104.814
G0 X115.859 Y105.371
G0 X116.312 Y105.635
G1 F8400 X104.566 Y117.38 E0.27555
G0 F18000 X105.104 Y117.38
G1 F8400 X115.942 Y106.542 E0.25426
G0 F18000 X116.13 Y106.891
G1 F8400 X105.641 Y117.38 E0.24607
G0 F18000 X106.178 Y117.38
G1 F8400 X116.504 Y107.055 E0.24223
G1 X116.571 Y106.988
G0 F18000 X116.571 Y107.588
G0 X117.114 Y107.375
G0 X121.479 Y103.146
G0 X121.479 Y102.617
G1 F8400 X106.717 Y117.38 E0.34632
G0 F18000 X107.254 Y117.38
G1 F8400 X122.016 Y102.617 E0.34632
G0 F18000 X122.554 Y102.617
G1 F8400 X107.791 Y117.38 E0.34634
G0 F18000 X108.329 Y117.38
G1 F8400 X122.921 Y102.788 E0.34232
G0 F18000 X123.429 Y102.817
G1 F8400 X108.867 Y117.379 E0.34162
G0 F18000 X109.404 Y117.379
G1 F8400 X123.969 Y102.815 E0.34168
G0 F18000 X124.697 Y102.624
G1 F8400 X109.942 Y117.379 E0.34615
G0 F18000 X110.479 Y117.379
G1 F8400 X125.236 Y102.622 E0.34619
G0 F18000 X125.774 Y102.621
G1 F8400 X111.016 Y117.379 E0.34622
G0 F18000 X111.555 Y117.378
G1 F8400 X126.313 Y102.62 E0.34622
G1 X126.38 Y102.553
G0 F18000 X126.381 Y103.149
G0 X115.664 Y112.928
G0 X115.415 Y113.48
G0 X115.941 Y113.53
G1 F8400 X112.092 Y117.378 E0.09028
G0 F18000 X112.629 Y117.378
G1 F8400 X116.069 Y113.939 E0.08069
G0 F18000 X116.267 Y114.278
G1 F8400 X113.167 Y117.378 E0.07272
G0 F18000 X113.705 Y117.378
G1 F8400 X116.468 Y114.614 E0.06483
G0 F18000 X116.79 Y114.83
G1 F8400 X114.242 Y117.378 E0.05978
G1 X114.175 Y117.445
G0 F18000 X114.175 Y116.854
G0 X115.664 Y112.928
G0 X115.934 Y112.676
G0 X116.448 Y112.417
G0 X116.53 Y112.941
G1 F8400 X126.851 Y102.619 E0.24214
G0 F18000 X126.911 Y103.097
G1 F8400 X116.936 Y113.071 E0.234
G0 F18000 X117.16 Y113.385
G1 F8400 X126.911 Y103.634 E0.22876
G0 F18000 X126.911 Y104.172
G1 F8400 X117.357 Y113.725 E0.22412
G0 F18000 X117.537 Y114.082
G1 F8400 X126.911 Y104.709 E0.2199
G0 F18000 X126.911 Y105.246
G1 F8400 X114.78 Y117.378 E0.2846
G0 F18000 X115.317 Y117.378
G1 F8400 X126.911 Y105.784 E0.27199
G0 F18000 X126.911 Y106.321
G1 F8400 X115.855 Y117.377 E0.25937
G0 F18000 X116.393 Y117.377
G1 F8400 X126.911 Y106.859 E0.24675
G0 F18000 X126.911 Y107.396
G1 F8400 X116.93 Y117.377 E0.23415
G0 F18000 X117.467 Y117.377
G1 F8400 X126.911 Y107.933 E0.22155
G0 F18000 X126.911 Y108.471
G1 F8400 X118.005 Y117.377 E0.20893
G0 F18000 X118.543 Y117.376
G1 F8400 X126.911 Y109.008 E0.19631
G0 F18000 X126.911 Y109.546
G1 F8400 X119.08 Y117.376 E0.1837
G0 F18000 X119.619 Y117.375
G1 F8400 X126.911 Y110.083 E0.17107
G0 F18000 X126.911 Y110.62
G1 F8400 X120.157 Y117.375 E0.15846
G0 F18000 X120.694 Y117.375
G1 F8400 X126.911 Y111.158 E0.14585
G0 F18000 X126.911 Y111.695
G1 F8400 X121.231 Y117.375 E0.13325
G0 F18000 X121.769 Y117.375
G1 F8400 X126.911 Y112.233 E0.12063
G0 F18000 X126.911 Y112.77
G1 F8400 X122.306 Y117.375 E0.10803
G0 F18000 X123.03 Y117.188
G1 F8400 X126.911 Y113.307 E0.09105
G0 F18000 X126.911 Y113.845
G1 F8400 X123.573 Y117.183 E0.07831
G0 F18000 X124.082 Y117.211
G1 F8400 X126.911 Y114.382 E0.06637
G0 F18000 X126.911 Y114.92
G1 F8400 X124.447 Y117.383 E0.05779
G0 F18000 X124.985 Y117.383
G1 F8400 X126.911 Y115.457 E0.04518
G0 F18000 X126.911 Y115.995
G1 F8400 X125.522 Y117.383 E0.03257
G0 F18000 X126.059 Y117.383
G1 F8400 X126.911 Y116.532 E0.01998
G0 F18000 X126.911 Y117.069
G1 F8400 X126.597 Y117.383 E0.00737
G0 F18000 X126.104 Y116.686
G1 F1800 E-3.5
;MESH:NONMESH
G0 F1200 X126.104 Y116.686 Z0.5
G0 F18000 X110.488 Y109.324
G0 X103.185 Y107.075
G0 X93.13 Y102.66
G0 X91.686 Y102.66
G0 X81.464 Y99.209
G0 X80.871 Y97.86
G0 X78.611 Y97.65
G0 X78.649 Y98.346
;TIME_ELAPSED:101.318522
;LAYER:2
;TYPE:WALL-OUTER
;MESH:01_Prime_Insulator.STL
G1 F1800 E3.52079
G1 F1500 X78.3 Y98.35 E0.00458
G1 X77.884 Y98.338 E0.00546
G1 X77.519 Y98.318 E0.00479
G1 X77.105 Y98.28 E0.00545
G1 X76.716 Y98.233 E0.00514
G1 X76.349 Y98.174 E0.00487
G1 X75.865 Y98.078 E0.00647
G1 X75.513 Y97.995 E0.00474
G1 X75.249 Y97.926 E0.00358
G1 X74.813 Y97.798 E0.00596
G1 X74.267 Y97.61 E0.00757
G1 X73.874 Y97.454 E0.00554
G1 X73.637 Y97.351 E0.00339
G1 X73.207 Y97.154 E0.0062
G1 X72.875 Y96.984 E0.00489
G1 X72.644 Y96.857 E0.00346
G1 X72.274 Y96.645 E0.00559
G1 X71.856 Y96.379 E0.0065
G1 X71.63 Y96.225 E0.00359
G1 X71.431 Y96.078 E0.00324
G1 X71.024 Y95.769 E0.0067
G1 X70.62 Y95.429 E0.00692
G1 X70.438 Y95.264 E0.00322
G1 X70.086 Y94.933 E0.00634
G1 X69.714 Y94.545 E0.00705
G1 X69.359 Y94.139 E0.00707
G1 X69.201 Y93.943 E0.0033
G1 X68.898 Y93.553 E0.00648
G1 X68.754 Y93.354 E0.00322
G1 X68.599 Y93.129 E0.00358
G1 X68.463 Y92.919 E0.00328
G1 X68.205 Y92.495 E0.00651
G1 X68.065 Y92.249 E0.00371
G1 X67.96 Y92.052 E0.00293
G1 X67.722 Y91.571 E0.00704
G1 X67.619 Y91.34 E0.00332
G1 X67.442 Y90.92 E0.00598
G1 X67.323 Y90.612 E0.00433
G1 X67.162 Y90.134 E0.00661
G1 X67.086 Y89.889 E0.00336
G1 X67.005 Y89.596 E0.00399
G1 X67.008 Y89.594 E0.00005
G1 X66.897 Y89.147 E0.00604
G1 X66.791 Y88.63 E0.00692
G1 X66.761 Y88.436 E0.00257
G1 X66.691 Y87.915 E0.00689
G1 X66.662 Y87.621 E0.00387
G1 X66.628 Y87.139 E0.00634
G1 X66.618 Y86.871 E0.00352
G1 X66.615 Y86.517 E0.00464
G1 X66.63 Y86 E0.00678
G1 X66.646 Y85.735 E0.00348
G1 X66.685 Y85.313 E0.00556
G1 X66.736 Y84.921 E0.00518
G1 X66.792 Y84.55 E0.00492
G1 X66.911 Y83.973 E0.00773
G1 X67.016 Y83.549 E0.00573
G1 X67.107 Y83.227 E0.00439
G1 X67.276 Y82.7 E0.00726
G1 X67.354 Y82.484 E0.00301
G1 X67.601 Y81.885 E0.0085
G1 X67.711 Y81.633 E0.00361
G1 X67.865 Y81.316 E0.00462
G1 X68.106 Y80.857 E0.0068
G1 X68.32 Y80.496 E0.0055
G1 X68.452 Y80.283 E0.00329
G1 X68.591 Y80.07 E0.00334
G1 X68.873 Y79.667 E0.00645
G1 X69.043 Y79.432 E0.0038
G1 X69.403 Y78.991 E0.00746
G1 X69.68 Y78.673 E0.00553
G1 X69.879 Y78.463 E0.00379
G1 X70.058 Y78.28 E0.00336
G1 X70.222 Y78.118 E0.00302
G1 X70.428 Y77.925 E0.0037
G1 X70.612 Y77.76 E0.00324
G1 X70.974 Y77.455 E0.00621
G1 X71.203 Y77.273 E0.00384
G1 X71.41 Y77.114 E0.00342
G1 X71.818 Y76.827 E0.00654
G1 X72.265 Y76.542 E0.00695
G1 X72.489 Y76.409 E0.00342
G1 X72.915 Y76.173 E0.00639
G1 X73.38 Y75.946 E0.00679
G1 X73.65 Y75.821 E0.0039
G1 X74.065 Y75.648 E0.0059
G1 X74.34 Y75.544 E0.00386
G1 X74.794 Y75.391 E0.00628
G1 X75.069 Y75.304 E0.00378
G1 X75.521 Y75.183 E0.00614
G1 X75.816 Y75.113 E0.00398
G1 X76.316 Y75.011 E0.00669
G1 X76.782 Y74.939 E0.00618
G1 X77.065 Y74.904 E0.00374
G1 X77.348 Y74.878 E0.00373
G1 X77.854 Y74.842 E0.00665
G1 X78.098 Y74.834 E0.0032
G1 X78.452 Y74.831 E0.00464
G1 X78.876 Y74.842 E0.00556
G1 X79.229 Y74.862 E0.00464
G1 X79.647 Y74.901 E0.0055
G1 X80.036 Y74.947 E0.00514
G1 X80.401 Y75.006 E0.00485
G1 X80.999 Y75.128 E0.008
G1 X81.263 Y75.191 E0.00356
G1 X81.724 Y75.317 E0.00627
G1 X81.939 Y75.382 E0.00295
G1 X82.23 Y75.48 E0.00403
G1 X82.734 Y75.671 E0.00707
G1 X83.075 Y75.81 E0.00483
G1 X83.336 Y75.927 E0.00375
G1 X83.886 Y76.2 E0.00805
G1 X84.104 Y76.323 E0.00328
G1 X84.683 Y76.664 E0.00881
G1 X84.887 Y76.799 E0.00321
G1 X85.299 Y77.086 E0.00658
G1 X85.529 Y77.257 E0.00376
G1 X85.732 Y77.416 E0.00338
G1 X85.918 Y77.569 E0.00316
G1 X86.121 Y77.743 E0.00351
G1 X86.31 Y77.913 E0.00333
G1 X86.664 Y78.251 E0.00642
G1 X86.859 Y78.447 E0.00363
G1 X87.211 Y78.828 E0.0068
G1 X87.542 Y79.225 E0.00678
G1 X87.7 Y79.426 E0.00335
G1 X87.854 Y79.63 E0.00335
G1 X87.989 Y79.818 E0.00303
G1 X88.295 Y80.27 E0.00716
G1 X88.426 Y80.486 E0.00331
G1 X88.681 Y80.923 E0.00663
G1 X88.803 Y81.152 E0.0034
G1 X88.92 Y81.384 E0.00341
G1 X89.031 Y81.616 E0.00337
G1 X89.234 Y82.075 E0.00658
G1 X89.311 Y82.264 E0.00268
G1 X89.422 Y82.561 E0.00416
G1 X89.571 Y82.99 E0.00596
G1 X89.67 Y83.315 E0.00445
G1 X89.674 Y83.317 E0.00006
G1 X89.733 Y83.535 E0.00296
G1 X89.843 Y83.982 E0.00604
G1 X89.904 Y84.274 E0.00391
G1 X89.955 Y84.538 E0.00353
G1 X89.995 Y84.777 E0.00318
G1 X90.032 Y85.039 E0.00347
G1 X90.03 Y85.042 E0.00005
G1 X90.065 Y85.293 E0.00332
G1 X90.09 Y85.564 E0.00357
G1 X90.125 Y86.049 E0.00638
G1 X90.134 Y86.343 E0.00386
G1 X90.134 Y86.671 E0.0043
G1 X90.126 Y87.099 E0.00561
G1 X90.066 Y87.867 E0.0101
G1 X90.016 Y88.257 E0.00516
G1 X89.955 Y88.655 E0.00528
G1 X89.86 Y89.119 E0.00621
G1 X89.778 Y89.463 E0.00464
G1 X89.649 Y89.938 E0.00645
G1 X89.508 Y90.384 E0.00613
G1 X89.504 Y90.386 E0.00006
G1 X89.409 Y90.654 E0.00373
G1 X89.411 Y90.657 E0.00005
G1 X89.238 Y91.1 E0.00624
G1 X89.233 Y91.103 E0.00008
G1 X89.145 Y91.31 E0.00295
G1 X88.919 Y91.797 E0.00704
G1 X88.768 Y92.093 E0.00436
G1 X88.645 Y92.316 E0.00334
G1 X88.431 Y92.685 E0.00559
G1 X88.303 Y92.896 E0.00324
G1 X88.172 Y93.094 E0.00311
G1 X87.872 Y93.523 E0.00686
G1 X87.724 Y93.726 E0.00329
G1 X87.411 Y94.118 E0.00658
G1 X87.027 Y94.559 E0.00767
G1 X86.674 Y94.923 E0.00665
G1 X86.514 Y95.082 E0.00296
G1 X86.137 Y95.427 E0.0067
G1 X85.948 Y95.589 E0.00326
G1 X85.943 Y95.59 E0.00007
G1 X85.739 Y95.758 E0.00347
G1 X85.353 Y96.058 E0.00641
G1 X84.933 Y96.354 E0.00674
G1 X84.509 Y96.625 E0.0066
G1 X84.262 Y96.772 E0.00377
G1 X84.059 Y96.886 E0.00305
G1 X83.809 Y97.02 E0.00372
G1 X83.61 Y97.122 E0.00293
G1 X83.137 Y97.343 E0.00685
G1 X82.88 Y97.453 E0.00367
G1 X82.666 Y97.538 E0.00302
G1 X82.407 Y97.636 E0.00363
G1 X81.92 Y97.804 E0.00676
G1 X81.694 Y97.873 E0.0031
G1 X81.186 Y98.011 E0.0069
G1 X80.656 Y98.128 E0.00712
G1 X80.415 Y98.172 E0.00321
G1 X79.924 Y98.245 E0.00651
G1 X79.671 Y98.277 E0.00334
G1 X79.409 Y98.305 E0.00346
G1 X79.174 Y98.324 E0.00309
G1 X78.897 Y98.338 E0.00364
G1 X78.649 Y98.346 E0.00325
G0 F18000 X78.849 Y98.34
G0 X78.827 Y97.642
G0 X78.615 Y97.529
G0 X78.592 Y96.83
G1 F1500 X78.819 Y96.822 E0.00298
G1 X79.043 Y96.81 E0.00294
G1 X79.49 Y96.769 E0.00589
G1 X79.706 Y96.745 E0.00285
G1 X79.932 Y96.712 E0.00299
G1 X80.369 Y96.636 E0.00582
G1 X80.59 Y96.59 E0.00296
G1 X81.022 Y96.485 E0.00583
G1 X81.24 Y96.423 E0.00297
G1 X81.665 Y96.29 E0.00584
G1 X82.025 Y96.159 E0.00502
G1 X82.294 Y96.053 E0.00379
G1 X82.5 Y95.963 E0.00295
G1 X82.904 Y95.777 E0.00583
G1 X83.301 Y95.569 E0.00588
G1 X83.688 Y95.345 E0.00586
G1 X84.066 Y95.105 E0.00587
G1 X84.256 Y94.976 E0.00301
G1 X84.431 Y94.851 E0.00282
G1 X84.611 Y94.715 E0.00296
G1 X84.956 Y94.436 E0.00582
G1 X85.334 Y94.103 E0.00661
G1 X85.613 Y93.833 E0.00509
G1 X85.918 Y93.515 E0.00578
G1 X86.068 Y93.353 E0.0029
G1 X86.222 Y93.171 E0.00313
G1 X86.5 Y92.828 E0.00579
G1 X86.633 Y92.65 E0.00291
G1 X86.755 Y92.479 E0.00275
G1 X86.92 Y92.239 E0.00382
G1 X86.918 Y92.236 E0.00005
G1 X86.983 Y92.137 E0.00155
G1 X87.242 Y91.716 E0.00648
G1 X87.347 Y91.529 E0.00281
G1 X87.564 Y91.117 E0.00611
G1 X87.745 Y90.724 E0.00567
G1 X87.917 Y90.308 E0.0059
G1 X88.071 Y89.886 E0.00589
G1 X88.206 Y89.457 E0.0059
G1 X88.324 Y89.031 E0.0058
G1 X88.418 Y88.593 E0.00587
G1 X88.496 Y88.149 E0.00591
G1 X88.528 Y87.928 E0.00293
G1 X88.578 Y87.49 E0.00578
G1 X88.606 Y87.039 E0.00593
G1 X88.615 Y86.812 E0.00298
G1 X88.614 Y86.368 E0.00582
G1 X88.606 Y86.141 E0.00298
G1 X88.594 Y85.921 E0.00289
G1 X88.558 Y85.472 E0.00591
G1 X88.533 Y85.272 E0.00264
G1 X88.496 Y85.035 E0.00315
G1 X88.42 Y84.595 E0.00586
G1 X88.326 Y84.163 E0.0058
G1 X88.208 Y83.729 E0.0059
G1 X88.073 Y83.3 E0.0059
G1 X87.943 Y82.939 E0.00503
G1 X87.837 Y82.673 E0.00375
G1 X87.751 Y82.47 E0.00289
G1 X87.56 Y82.063 E0.0059
G1 X87.353 Y81.661 E0.00593
G1 X87.128 Y81.276 E0.00585
G1 X86.977 Y81.029 E0.0038
G1 X86.973 Y81.027 E0.00006
G1 X86.758 Y80.709 E0.00503
G1 X86.505 Y80.357 E0.00568
G1 X86.224 Y80.012 E0.00583
G1 X86.077 Y79.84 E0.00297
G1 X85.776 Y79.511 E0.00585
G1 X85.621 Y79.351 E0.00292
G1 X85.34 Y79.082 E0.0051
G1 X84.962 Y78.749 E0.00661
G1 X84.61 Y78.466 E0.00592
G1 X84.436 Y78.333 E0.00287
G1 X84.069 Y78.076 E0.00588
G1 X83.694 Y77.839 E0.00582
G1 X83.499 Y77.721 E0.00299
G1 X83.365 Y77.646 E0.00201
G1 X82.921 Y77.411 E0.00659
G1 X82.509 Y77.219 E0.00596
G1 X82.3 Y77.129 E0.00298
G1 X81.877 Y76.966 E0.00594
G1 X81.658 Y76.892 E0.00303
G1 X81.171 Y76.737 E0.0067
G1 X81.168 Y76.739 E0.00005
G1 X81.027 Y76.7 E0.00192
G1 X80.598 Y76.595 E0.00579
G1 X80.373 Y76.546 E0.00302
G1 X79.934 Y76.468 E0.00585
G1 X79.497 Y76.411 E0.00578
G1 X79.05 Y76.37 E0.00589
G1 X78.599 Y76.354 E0.00592
G1 X78.38 Y76.35 E0.00287
G1 X78.152 Y76.354 E0.00299
G1 X77.712 Y76.37 E0.00577
G1 X77.258 Y76.41 E0.00598
G1 X76.827 Y76.467 E0.0057
G1 X76.759 Y76.481 E0.00091
G1 X76.384 Y76.544 E0.00499
G1 X75.946 Y76.642 E0.00589
G1 X75.568 Y76.74 E0.00512
G1 X75.296 Y76.822 E0.00373
G1 X75.084 Y76.891 E0.00292
G1 X74.726 Y77.021 E0.00499
G1 X74.458 Y77.127 E0.00378
G1 X74.275 Y77.207 E0.00262
G1 X73.856 Y77.399 E0.00604
G1 X73.448 Y77.611 E0.00603
G1 X73.064 Y77.836 E0.00584
G1 X72.686 Y78.075 E0.00586
G1 X72.504 Y78.199 E0.00289
G1 X72.143 Y78.462 E0.00586
G1 X71.961 Y78.605 E0.00304
G1 X71.769 Y78.766 E0.00329
G1 X71.466 Y79.033 E0.0053
G1 X71.304 Y79.184 E0.0029
G1 X70.98 Y79.51 E0.00603
G1 X70.822 Y79.677 E0.00301
G1 X70.554 Y79.977 E0.00527
G1 X70.252 Y80.353 E0.00632
G1 X70.126 Y80.524 E0.00279
G1 X69.864 Y80.899 E0.006
G1 X69.778 Y81.028 E0.00203
G1 X69.774 Y81.03 E0.00006
G1 X69.509 Y81.465 E0.00668
G1 X69.293 Y81.857 E0.00587
G1 X69.229 Y81.985 E0.00188
G1 X69.015 Y82.439 E0.00658
G1 X68.832 Y82.875 E0.0062
G1 X68.681 Y83.295 E0.00585
G1 X68.608 Y83.51 E0.00298
G1 X68.529 Y83.778 E0.00366
G1 X68.432 Y84.152 E0.00507
G1 X68.379 Y84.371 E0.00295
G1 X68.333 Y84.599 E0.00305
G1 X68.253 Y85.033 E0.00579
G1 X68.194 Y85.493 E0.00608
G1 X68.174 Y85.698 E0.0027
G1 X68.146 Y86.139 E0.00579
G1 X68.134 Y86.588 E0.00589
G1 X68.138 Y86.816 E0.00299
G1 X68.146 Y87.038 E0.00291
G1 X68.174 Y87.477 E0.00577
G1 X68.194 Y87.709 E0.00305
G1 X68.255 Y88.147 E0.0058
G1 X68.332 Y88.585 E0.00583
G1 X68.426 Y89.021 E0.00585
G1 X68.528 Y89.399 E0.00513
G1 X68.674 Y89.876 E0.00654
G1 X68.805 Y90.241 E0.00509
G1 X68.911 Y90.507 E0.00375
G1 X68.997 Y90.707 E0.00285
G1 X69.187 Y91.117 E0.00593
G1 X69.291 Y91.316 E0.00294
G1 X69.505 Y91.708 E0.00586
G1 X69.62 Y91.902 E0.00296
G1 X69.981 Y92.458 E0.00869
G1 X70.251 Y92.828 E0.00601
G1 X70.669 Y93.338 E0.00865
G1 X70.693 Y93.361 E0.00044
G1 X70.785 Y93.464 E0.00181
G1 X70.783 Y93.466 E0.00004
G1 X70.966 Y93.66 E0.0035
G1 X71.293 Y93.987 E0.00606
G1 X71.461 Y94.146 E0.00303
G1 X71.767 Y94.412 E0.00532
G1 X71.949 Y94.566 E0.00313
G1 X72.139 Y94.714 E0.00316
G1 X72.32 Y94.85 E0.00297
G1 X72.489 Y94.971 E0.00273
G1 X72.681 Y95.102 E0.00305
G1 X73.053 Y95.34 E0.00579
G1 X73.379 Y95.53 E0.00495
G1 X73.847 Y95.777 E0.00694
G1 X74.223 Y95.953 E0.00544
G1 X74.439 Y96.046 E0.00308
G1 X74.657 Y96.133 E0.00308
G1 X75.078 Y96.287 E0.00588
G1 X75.513 Y96.422 E0.00597
G1 X75.914 Y96.529 E0.00544
G1 X76.16 Y96.589 E0.00332
G1 X76.382 Y96.635 E0.00297
G1 X76.814 Y96.711 E0.00575
G1 X77.04 Y96.744 E0.00299
G1 X77.259 Y96.769 E0.00289
G1 X77.702 Y96.81 E0.00583
G1 X78.148 Y96.83 E0.00585
G1 X78.592 Y96.83 E0.00582
G0 F18000 X78.392 Y96.83
G0 X78.397 Y97.532
G0 X80.733 Y97.214
G0 X82.319 Y96.732
G0 X83.615 Y96.127
G0 X85.001 Y95.223
G0 X86.239 Y94.112
G0 X87.289 Y92.831
G0 X88.137 Y91.399
G0 X88.752 Y89.868
G0 X89.092 Y88.478
G0 X89.254 Y86.826
G0 X89.192 Y85.407
G0 X88.945 Y84.005
G0 X88.428 Y82.427
G0 X87.051 Y79.73
G0 X87.466 Y79.405
;TYPE:SKIN
G1 F8400 X85.564 Y77.503 E0.04462
G1 X85.497 Y77.436
G0 F18000 X85.164 Y77.86
G0 X83.711 Y76.902
G0 X83.963 Y76.44
G1 F8400 X88.535 Y81.012 E0.10726
G1 X88.602 Y81.079
G0 F18000 X88.11 Y81.338
G0 X88.551 Y82.255
G0 X89.035 Y82.048
G1 F8400 X82.915 Y75.929 E0.14356
G1 X82.848 Y75.862
G0 F18000 X82.048 Y75.6
G1 F8400 X85.047 Y78.598 E0.07034
G1 X85.114 Y78.665
G0 F18000 X85.462 Y78.259
G0 X83.617 Y76.991
G0 X83.363 Y77.452
G1 F8400 X81.286 Y75.375 E0.04873
G0 F18000 X80.595 Y75.221
G1 F8400 X82.331 Y76.957 E0.04073
G1 X82.398 Y77.024
G0 F18000 X81.498 Y76.662
G1 F8400 X79.946 Y75.11 E0.03641
G0 F18000 X79.347 Y75.047
G1 F8400 X80.756 Y76.457 E0.03307
G0 F18000 X80.083 Y76.321
G1 F8400 X78.773 Y75.011 E0.03073
G0 F18000 X78.229 Y75.004
G1 F8400 X79.461 Y76.237 E0.02891
G0 F18000 X78.88 Y76.193
G1 F8400 X77.711 Y75.024 E0.02742
G0 F18000 X77.213 Y75.063
G1 F8400 X78.33 Y76.18 E0.0262
G0 F18000 X77.807 Y76.195
G1 F8400 X76.732 Y75.12 E0.02522
G0 F18000 X76.269 Y75.194
G1 F8400 X77.309 Y76.234 E0.0244
G0 F18000 X76.831 Y76.294
G1 F8400 X75.825 Y75.288 E0.0236
G0 F18000 X75.395 Y75.395
G1 F8400 X76.373 Y76.373 E0.02294
G0 F18000 X75.932 Y76.469
G1 F8400 X74.975 Y75.513 E0.02244
G0 F18000 X74.572 Y75.647
G1 F8400 X75.506 Y76.58 E0.0219
G0 F18000 X75.095 Y76.707
G1 F8400 X74.177 Y75.789 E0.02154
G0 F18000 X73.796 Y75.945
G1 F8400 X74.699 Y76.848 E0.02118
G0 F18000 X74.316 Y77.003
G1 F8400 X73.427 Y76.114 E0.02086
G0 F18000 X73.067 Y76.291
G1 F8400 X73.946 Y77.171 E0.02063
G0 F18000 X73.585 Y77.347
G1 F8400 X72.717 Y76.479 E0.02036
G0 F18000 X72.376 Y76.675
G1 F8400 X73.237 Y77.536 E0.0202
G0 F18000 X72.9 Y77.736
G1 F8400 X72.046 Y76.882 E0.02003
G0 F18000 X71.727 Y77.101
G1 F8400 X72.572 Y77.946 E0.01982
G0 F18000 X72.256 Y78.168
G1 F8400 X71.414 Y77.326 E0.01975
G0 F18000 X71.114 Y77.563
G1 F8400 X71.948 Y78.397 E0.01957
G0 F18000 X71.653 Y78.639
G1 F8400 X70.821 Y77.807 E0.01952
G0 F18000 X70.535 Y78.059
G1 F8400 X71.368 Y78.891 E0.01953
G0 F18000 X71.092 Y79.153
G1 F8400 X70.261 Y78.322 E0.01949
G0 F18000 X69.992 Y78.591
G1 F8400 X70.825 Y79.423 E0.01953
G0 F18000 X70.569 Y79.704
G1 F8400 X69.735 Y78.871 E0.01955
G0 F18000 X69.487 Y79.161
G1 F8400 X70.32 Y79.994 E0.01954
G0 F18000 X70.082 Y80.293
G1 F8400 X69.246 Y79.456 E0.01962
G0 F18000 X69.014 Y79.762
G1 F8400 X69.859 Y80.607 E0.01982
G0 F18000 X69.639 Y80.924
G1 F8400 X68.793 Y80.078 E0.01985
G0 F18000 X68.579 Y80.402
G1 F8400 X69.434 Y81.256 E0.02005
G0 F18000 X69.238 Y81.598
G1 F8400 X68.376 Y80.736 E0.02022
G0 F18000 X68.183 Y81.08
G1 F8400 X69.055 Y81.953 E0.02047
G0 F18000 X68.884 Y82.319
G1 F8400 X67.999 Y81.434 E0.02076
G0 F18000 X67.826 Y81.798
G1 F8400 X68.722 Y82.695 E0.02103
G0 F18000 X68.574 Y83.084
G1 F8400 X67.667 Y82.176 E0.02129
G0 F18000 X67.51 Y82.558
G1 F8400 X68.438 Y83.485 E0.02176
G0 F18000 X68.321 Y83.905
G1 F8400 X67.372 Y82.957 E0.02225
G0 F18000 X67.245 Y83.367
G1 F8400 X68.212 Y84.335 E0.0227
G0 F18000 X68.125 Y84.785
G1 F8400 X67.132 Y83.791 E0.02331
G0 F18000 X67.033 Y84.23
G1 F8400 X68.053 Y85.25 E0.02393
G0 F18000 X68 Y85.734
G1 F8400 X66.946 Y84.68 E0.02473
G0 F18000 X66.879 Y85.151
G1 F8400 X67.972 Y86.244 E0.02564
G0 F18000 X67.967 Y86.776
G1 F8400 X66.827 Y85.636 E0.02674
G0 F18000 X66.798 Y86.144
G1 F8400 X67.994 Y87.34 E0.02806
G0 F18000 X68.054 Y87.938
G1 F8400 X66.788 Y86.671 E0.02971
G0 F18000 X66.807 Y87.228
G1 F8400 X68.159 Y88.58 E0.03172
G0 F18000 X68.316 Y89.275
G1 F8400 X66.853 Y87.812 E0.03432
G0 F18000 X66.935 Y88.431
G1 F8400 X68.555 Y90.051 E0.038
G1 X68.622 Y90.118
G0 F18000 X68.925 Y90.958
G1 F8400 X67.061 Y89.094 E0.04373
G0 F18000 X67.243 Y89.814
G1 F8400 X69.572 Y92.143 E0.05464
G1 X69.639 Y92.21
G0 F18000 X69.178 Y92.511
G0 X68.237 Y90.534
G0 X67.755 Y88.947
G0 X67.539 Y87.537
G0 X67.509 Y86.112
G0 X67.705 Y84.475
G0 X68.152 Y82.877
G0 X68.838 Y81.36
G0 X69.746 Y79.969
G0 X70.854 Y78.733
G0 X71.947 Y77.817
G0 X73.142 Y77.054
G0 X74.656 Y76.369
G0 X76.259 Y75.92
G0 X77.666 Y75.735
G0 X79.325 Y75.754
G0 X80.736 Y75.972
G0 X82.102 Y76.37
G0 X83.814 Y77.168
G0 X85.186 Y78.107
G0 X86.782 Y79.589
G0 X86.367 Y79.919
G1 F8400 X89.364 Y82.915 E0.0703
G1 X89.431 Y82.982
G0 F18000 X89.593 Y83.682
G1 F8400 X87.519 Y81.608 E0.04866
G1 X87.452 Y81.541
G0 F18000 X87.931 Y81.264
G0 X88.496 Y82.436
G0 X88.004 Y82.63
G1 F8400 X89.75 Y84.376 E0.04096
G0 F18000 X89.857 Y85.02
G1 F8400 X88.309 Y83.473 E0.0363
G1 X88.242 Y83.406
G0 F18000 X88.511 Y84.211
G1 F8400 X89.924 Y85.625 E0.03316
G0 F18000 X89.959 Y86.197
G1 F8400 X88.642 Y84.88 E0.0309
G0 F18000 X88.733 Y85.508
G1 F8400 X89.962 Y86.738 E0.02884
G0 F18000 X89.941 Y87.254
G1 F8400 X88.774 Y86.087 E0.02738
G0 F18000 X88.786 Y86.637
G1 F8400 X89.902 Y87.753 E0.02618
G0 F18000 X89.847 Y88.235
G1 F8400 X88.77 Y87.158 E0.02527
G0 F18000 X88.732 Y87.657
G1 F8400 X89.772 Y88.697 E0.0244
G0 F18000 X89.68 Y89.142
G1 F8400 X88.67 Y88.133 E0.02368
G0 F18000 X88.591 Y88.591
G1 F8400 X89.571 Y89.571 E0.02299
G0 F18000 X89.453 Y89.99
G1 F8400 X88.497 Y89.035 E0.02242
G0 F18000 X88.383 Y89.457
G1 F8400 X89.321 Y90.396 E0.02202
G0 F18000 X89.175 Y90.787
G1 F8400 X88.257 Y89.869 E0.02154
G0 F18000 X88.114 Y90.264
G1 F8400 X89.021 Y91.17 E0.02127
G0 F18000 X88.851 Y91.538
G1 F8400 X87.961 Y90.648 E0.02088
G0 F18000 X87.796 Y91.021
G1 F8400 X88.675 Y91.899 E0.02061
G0 F18000 X88.487 Y92.249
G1 F8400 X87.617 Y91.379 E0.02041
G0 F18000 X87.43 Y91.729
G1 F8400 X88.29 Y92.589 E0.02018
G0 F18000 X88.082 Y92.919
G1 F8400 X87.229 Y92.065 E0.02002
G0 F18000 X87.021 Y92.395
G1 F8400 X87.862 Y93.236 E0.01973
G0 F18000 X87.639 Y93.55
G1 F8400 X86.799 Y92.711 E0.01969
G0 F18000 X86.568 Y93.016
G1 F8400 X87.403 Y93.852 E0.0196
G0 F18000 X87.159 Y94.146
G1 F8400 X86.326 Y93.312 E0.01955
G0 F18000 X86.074 Y93.598
G1 F8400 X86.91 Y94.433 E0.0196
G0 F18000 X86.645 Y94.706
G1 F8400 X85.811 Y93.872 E0.01957
G0 F18000 X85.542 Y94.141
G1 F8400 X86.377 Y94.975 E0.01958
G0 F18000 X86.096 Y95.232
G1 F8400 X85.261 Y94.397 E0.01959
G0 F18000 X84.972 Y94.645
G1 F8400 X85.807 Y95.481 E0.0196
G0 F18000 X85.508 Y95.719
G1 F8400 X84.673 Y94.883 E0.0196
G0 F18000 X84.362 Y95.11
G1 F8400 X85.204 Y95.952 E0.01975
G0 F18000 X84.89 Y96.175
G1 F8400 X84.039 Y95.324 E0.01996
G0 F18000 X83.708 Y95.531
G1 F8400 X84.564 Y96.386 E0.02007
G0 F18000 X84.231 Y96.591
G1 F8400 X83.368 Y95.728 E0.02025
G0 F18000 X83.015 Y95.913
G1 F8400 X83.886 Y96.784 E0.02043
G0 F18000 X83.534 Y96.969
G1 F8400 X82.648 Y96.083 E0.02079
G0 F18000 X82.273 Y96.246
G1 F8400 X83.167 Y97.14 E0.02097
G0 F18000 X82.792 Y97.302
G1 F8400 X81.884 Y96.394 E0.0213
G0 F18000 X81.481 Y96.528
G1 F8400 X82.405 Y97.452 E0.02168
G0 F18000 X82.007 Y97.592
G1 F8400 X81.066 Y96.651 E0.02208
G0 F18000 X80.634 Y96.756
G1 F8400 X81.599 Y97.721 E0.02264
G0 F18000 X81.177 Y97.836
G1 F8400 X80.182 Y96.842 E0.02333
G0 F18000 X79.719 Y96.916
G1 F8400 X80.738 Y97.935 E0.02391
G0 F18000 X80.285 Y98.019
G1 F8400 X79.23 Y96.964 E0.02475
G0 F18000 X78.724 Y96.996
G1 F8400 X79.814 Y98.086 E0.02557
G0 F18000 X79.33 Y98.139
G1 F8400 X78.192 Y97.001 E0.0267
G0 F18000 X77.628 Y96.975
G1 F8400 X78.82 Y98.167 E0.02796
G0 F18000 X78.294 Y98.178
G1 F8400 X77.031 Y96.915 E0.02963
G0 F18000 X76.389 Y96.81
G1 F8400 X77.736 Y98.158 E0.03161
G0 F18000 X77.153 Y98.112
G1 F8400 X75.689 Y96.647 E0.03436
G1 X75.622 Y96.58
G0 F18000 X74.912 Y96.408
G1 F8400 X76.534 Y98.03 E0.03805
G0 F18000 X75.868 Y97.902
G1 F8400 X74.007 Y96.04 E0.04367
G1 X73.94 Y95.973
G0 F18000 X73.696 Y96.479
G0 X72.546 Y95.844
G0 X72.829 Y95.4
G1 F8400 X75.147 Y97.718 E0.05438
G1 X75.214 Y97.785
G0 F18000 X74.348 Y97.456
G1 F8400 X67.507 Y90.615 E0.16049
G1 X67.44 Y90.548
G0 F18000 X67.944 Y90.319
G0 X68.379 Y91.32
G0 X67.903 Y91.548
G1 F8400 X73.415 Y97.06 E0.12931
G1 X73.482 Y97.127
G0 F18000 X73.709 Y96.619
G0 X72.511 Y95.968
G0 X72.23 Y96.413
G1 F8400 X68.548 Y92.731 E0.08638
G1 X68.481 Y92.664
G1 F1800 E-3.5
;MESH:Upper-Dielectric-Part.STL
G0 F18000 X68.95 Y92.376
G0 X72.368 Y95.177
G0 X73.742 Y95.991
G0 X75.223 Y96.586
G0 X76.625 Y96.913
G0 X82.071 Y97.53
G0 X82.819 Y98.798
G0 X91.686 Y102.66
G0 X127.082 Y117.554
;TYPE:WALL-OUTER
G1 F1800 E3.52079
G1 F1500 X124.266 Y117.554 E0.03693
G1 X124.248 Y117.525 E0.00045
G1 X124.217 Y117.487 E0.00064
G1 X124.169 Y117.443 E0.00085
G1 X124.121 Y117.411 E0.00076
G1 X124.061 Y117.383 E0.00087
G1 X124.009 Y117.368 E0.00071
G1 X123.929 Y117.356 E0.00106
G1 X123.068 Y117.354 E0.01129
G1 X123.031 Y117.357 E0.00049
G1 X122.973 Y117.37 E0.00078
G1 X122.931 Y117.386 E0.00059
G1 X122.882 Y117.41 E0.00072
G1 X122.851 Y117.43 E0.00048
G1 X122.797 Y117.473 E0.00091
G1 X122.773 Y117.497 E0.00045
G1 X122.736 Y117.546 E0.00081
G1 X97.267 Y117.554 E0.33397
G1 X97.253 Y117.532 E0.00034
G1 X97.193 Y117.468 E0.00115
G1 X97.149 Y117.432 E0.00075
G1 X97.108 Y117.407 E0.00063
G1 X97.056 Y117.383 E0.00075
G1 X96.991 Y117.363 E0.00089
G1 X96.923 Y117.354 E0.0009
G1 X96.064 Y117.354 E0.01126
G1 X96.008 Y117.362 E0.00074
G1 X95.938 Y117.384 E0.00096
G1 X95.909 Y117.397 E0.00042
G1 X95.825 Y117.448 E0.00129
G1 X95.784 Y117.482 E0.0007
G1 X95.744 Y117.53 E0.00082
G1 X95.728 Y117.554 E0.00038
G1 X92.914 Y117.554 E0.0369
G1 X92.914 Y102.446 E0.19811
G1 X95.731 Y102.446 E0.03694
G1 X95.756 Y102.481 E0.00056
G1 X95.784 Y102.513 E0.00056
G1 X95.828 Y102.553 E0.00078
G1 X95.863 Y102.579 E0.00057
G1 X95.899 Y102.599 E0.00054
G1 X95.971 Y102.627 E0.00101
G1 X96.01 Y102.637 E0.00053
G1 X96.07 Y102.645 E0.00079
G1 X96.933 Y102.642 E0.01132
G1 X96.976 Y102.638 E0.00057
G1 X97.055 Y102.616 E0.00108
G1 X97.112 Y102.589 E0.00083
G1 X97.176 Y102.545 E0.00102
G1 X97.227 Y102.499 E0.0009
G1 X97.266 Y102.446 E0.00086
G1 X122.731 Y102.446 E0.33392
G1 X122.742 Y102.465 E0.00029
G1 X122.776 Y102.505 E0.00069
G1 X122.818 Y102.544 E0.00075
G1 X122.878 Y102.587 E0.00097
G1 X122.913 Y102.605 E0.00052
G1 X122.97 Y102.627 E0.0008
G1 X123.064 Y102.644 E0.00125
G1 X123.097 Y102.646 E0.00043
G1 X123.929 Y102.642 E0.01091
G1 X123.966 Y102.639 E0.00049
G1 X124.026 Y102.627 E0.0008
G1 X124.061 Y102.616 E0.00048
G1 X124.165 Y102.554 E0.00159
G1 X124.199 Y102.527 E0.00057
G1 X124.243 Y102.483 E0.00082
G1 X124.258 Y102.453 E0.00044
G1 X127.082 Y102.447 E0.03703
G1 X127.082 Y117.554 E0.1981
G0 F18000 X127.082 Y117.354
G0 X126.414 Y116.884
G0 X115.981 Y107.436
G0 X116.343 Y106.838
G1 F600 X116.379 Y106.855 E0.00052
G1 X116.449 Y106.876 E0.00096
G1 X116.5 Y106.885 E0.00068
G1 X116.618 Y106.884 E0.00155
G1 X116.716 Y106.855 E0.00134
G1 X116.779 Y106.821 E0.00094
G1 X116.859 Y106.759 E0.00133
G1 X116.917 Y106.688 E0.0012
G1 X117.341 Y105.956 E0.01109
G1 X117.369 Y105.885 E0.001
G1 X117.387 Y105.796 E0.00119
G1 X117.39 Y105.742 E0.00071
G1 X117.386 Y105.698 E0.00058
G1 X117.378 Y105.658 E0.00053
G1 X117.354 Y105.582 E0.00105
G1 X117.316 Y105.511 E0.00106
G1 X117.262 Y105.445 E0.00112
G1 X117.232 Y105.418 E0.00053
G1 X117.188 Y105.386 E0.00071
G1 X117.147 Y105.363 E0.00062
G1 X117.083 Y105.339 E0.0009
G1 X117.019 Y105.323 E0.00087
G1 X116.964 Y105.315 E0.00073
G1 X116.907 Y105.316 E0.00075
G1 X116.84 Y105.329 E0.00089
G1 X116.777 Y105.35 E0.00087
G1 X116.709 Y105.385 E0.001
G1 X116.665 Y105.417 E0.00071
G1 X116.617 Y105.465 E0.00089
G1 X116.587 Y105.504 E0.00065
G1 X116.163 Y106.236 E0.01109
G1 X116.138 Y106.287 E0.00074
G1 X116.121 Y106.337 E0.00069
G1 X116.102 Y106.449 E0.00149
G1 X116.102 Y106.474 E0.00033
G1 X116.116 Y106.552 E0.00104
G1 X116.132 Y106.602 E0.00069
G1 X116.184 Y106.694 E0.00139
G1 X116.209 Y106.73 E0.00057
G1 X116.299 Y106.81 E0.00158
G1 X116.343 Y106.838 E0.00068
G0 F18000 X116.299 Y106.81
G0 X116.209 Y106.73
G0 X116.194 Y106.708
G0 X115.59 Y107.059
G0 X118.007 Y114.002
G0 X118.015 Y114.445
G0 X117.834 Y114.872
G0 X117.652 Y115.041
G0 X117.159 Y115.361
G0 X117.056 Y114.668
G1 F600 X117.105 Y114.653 E0.00067
G1 X117.165 Y114.625 E0.00087
G1 X117.203 Y114.601 E0.00059
G1 X117.243 Y114.569 E0.00067
G1 X117.305 Y114.504 E0.00118
G1 X117.343 Y114.442 E0.00095
G1 X117.38 Y114.323 E0.00163
G1 X117.389 Y114.264 E0.00078
G1 X117.39 Y114.225 E0.00051
G1 X117.381 Y114.142 E0.00109
G1 X117.343 Y114.047 E0.00134
G1 X116.917 Y113.308 E0.01119
G1 X116.874 Y113.253 E0.00092
G1 X116.802 Y113.188 E0.00127
G1 X116.752 Y113.16 E0.00075
G1 X116.733 Y113.143 E0.00033
G1 X116.701 Y113.125 E0.00048
G1 X116.652 Y113.112 E0.00066
G1 X116.53 Y113.11 E0.0016
G1 X116.458 Y113.119 E0.00095
G1 X116.347 Y113.155 E0.00153
G1 X116.324 Y113.168 E0.00035
G1 X116.276 Y113.207 E0.00081
G1 X116.21 Y113.269 E0.00119
G1 X116.183 Y113.299 E0.00053
G1 X116.154 Y113.355 E0.00083
G1 X116.123 Y113.435 E0.00113
G1 X116.111 Y113.52 E0.00113
G1 X116.11 Y113.588 E0.00089
G1 X116.115 Y113.635 E0.00062
G1 X116.127 Y113.683 E0.00065
G1 X116.162 Y113.761 E0.00112
G1 X116.591 Y114.503 E0.01124
G1 X116.649 Y114.567 E0.00113
G1 X116.684 Y114.594 E0.00058
G1 X116.736 Y114.626 E0.0008
G1 X116.775 Y114.645 E0.00057
G1 X116.847 Y114.669 E0.001
G1 X116.89 Y114.678 E0.00058
G1 X116.934 Y114.682 E0.00058
G1 X116.984 Y114.68 E0.00066
G1 X117.056 Y114.668 E0.00096
G0 F18000 X116.984 Y114.68
G0 X116.934 Y114.682
G0 X116.89 Y114.678
G0 X116.858 Y114.672
G0 X116.668 Y115.346
G0 X102.644 Y115.307
G0 X102.915 Y114.662
G1 F600 X102.986 Y114.679 E0.00096
G1 X103.024 Y114.682 E0.0005
G1 X103.1 Y114.68 E0.001
G1 X103.156 Y114.668 E0.00075
G1 X103.224 Y114.644 E0.00095
G1 X103.26 Y114.626 E0.00053
G1 X103.312 Y114.594 E0.0008
G1 X103.347 Y114.567 E0.00058
G1 X103.375 Y114.539 E0.00052
G1 X103.405 Y114.499 E0.00066
G1 X103.82 Y113.779 E0.0109
G1 X103.831 Y113.769 E0.00019
G1 X103.851 Y113.729 E0.00059
G1 X103.875 Y113.654 E0.00103
G1 X103.89 Y113.565 E0.00118
G1 X103.888 Y113.516 E0.00064
G1 X103.871 Y113.422 E0.00125
G1 X103.848 Y113.363 E0.00083
G1 X103.792 Y113.271 E0.00141
G1 X103.707 Y113.193 E0.00151
G1 X103.617 Y113.145 E0.00134
G1 X103.55 Y113.122 E0.00093
G1 X103.514 Y113.114 E0.00048
G1 X103.432 Y113.109 E0.00108
G1 X103.359 Y113.118 E0.00096
G1 X103.293 Y113.137 E0.0009
G1 X103.226 Y113.17 E0.00098
G1 X103.187 Y113.194 E0.0006
G1 X103.153 Y113.221 E0.00057
G1 X103.103 Y113.275 E0.00097
G1 X103.079 Y113.308 E0.00054
G1 X102.651 Y114.048 E0.01121
G1 X102.636 Y114.081 E0.00048
G1 X102.616 Y114.155 E0.00101
G1 X102.61 Y114.204 E0.00065
G1 X102.61 Y114.26 E0.00073
G1 X102.62 Y114.341 E0.00107
G1 X102.632 Y114.386 E0.00061
G1 X102.652 Y114.434 E0.00068
G1 X102.678 Y114.478 E0.00067
G1 X102.738 Y114.554 E0.00127
G1 X102.785 Y114.597 E0.00084
G1 X102.829 Y114.625 E0.00068
G1 X102.863 Y114.642 E0.0005
G1 X102.915 Y114.662 E0.00073
G0 F18000 X102.863 Y114.642
G0 X102.829 Y114.625
G0 X102.785 Y114.597
G0 X102.746 Y114.561
G0 X102.221 Y115.02
G0 X101.975 Y114.363
G0 X102.062 Y113.798
G0 X102.587 Y112.956
G0 X104.61 Y110.105
G0 X105.318 Y110.105
G1 F600 X105.338 Y110.149 E0.00063
G1 X105.37 Y110.188 E0.00066
G1 X105.396 Y110.208 E0.00043
G1 X105.419 Y110.221 E0.00035
G1 X105.443 Y110.23 E0.00034
G1 X105.475 Y110.237 E0.00043
G1 X109.222 Y110.227 E0.04913
G1 X109.267 Y110.287 E0.00098
G1 X109.294 Y110.314 E0.0005
G1 X109.342 Y110.354 E0.00082
G1 X109.378 Y110.378 E0.00057
G1 X109.467 Y110.421 E0.0013
G1 X109.505 Y110.429 E0.00051
G1 X109.573 Y110.437 E0.0009
G1 X110.449 Y110.436 E0.01149
G1 X110.514 Y110.423 E0.00087
G1 X110.558 Y110.408 E0.00061
G1 X110.664 Y110.356 E0.00155
G1 X110.693 Y110.333 E0.00049
G1 X110.709 Y110.316 E0.00031
G1 X110.72 Y110.298 E0.00028
G1 X110.772 Y110.238 E0.00104
G1 X110.787 Y110.213 E0.00038
G1 X110.829 Y110.095 E0.00164
G1 X110.838 Y110.027 E0.0009
G1 X110.838 Y109.94 E0.00114
G1 X110.832 Y109.91 E0.0004
G1 X110.803 Y109.824 E0.00119
G1 X110.759 Y109.745 E0.00119
G1 X110.692 Y109.666 E0.00136
G1 X110.661 Y109.641 E0.00052
G1 X110.572 Y109.596 E0.00131
G1 X110.504 Y109.572 E0.00095
G1 X110.461 Y109.563 E0.00058
G1 X110.404 Y109.558 E0.00075
G1 X109.535 Y109.564 E0.0114
G1 X109.475 Y109.578 E0.00081
G1 X109.412 Y109.601 E0.00088
G1 X109.364 Y109.626 E0.00071
G1 X109.32 Y109.658 E0.00071
G1 X109.283 Y109.693 E0.00067
G1 X109.244 Y109.742 E0.00082
G1 X105.479 Y109.759 E0.04937
G1 X105.441 Y109.767 E0.00051
G1 X105.418 Y109.776 E0.00032
G1 X105.39 Y109.792 E0.00042
G1 X105.364 Y109.814 E0.00045
G1 X105.33 Y109.861 E0.00076
G1 X105.315 Y109.901 E0.00056
G1 X105.31 Y109.935 E0.00045
G1 X105.311 Y110.071 E0.00178
G1 X105.318 Y110.105 E0.00046
G0 F18000 X105.311 Y110.071
G0 X105.31 Y109.935
G0 X105.314 Y109.906
G0 X104.61 Y109.906
G0 X104.01 Y107.441
G0 X103.662 Y106.832
G1 F600 X103.69 Y106.816 E0.00042
G1 X103.76 Y106.757 E0.0012
G1 X103.785 Y106.731 E0.00047
G1 X103.813 Y106.695 E0.0006
G1 X103.845 Y106.64 E0.00083
G1 X103.87 Y106.579 E0.00086
G1 X103.882 Y106.531 E0.00065
G1 X103.89 Y106.451 E0.00105
G1 X103.89 Y106.415 E0.00047
G1 X103.881 Y106.346 E0.00091
G1 X103.873 Y106.311 E0.00047
G1 X103.854 Y106.272 E0.00057
G1 X103.405 Y105.496 E0.01176
G1 X103.369 Y105.451 E0.00076
G1 X103.321 Y105.407 E0.00085
G1 X103.277 Y105.378 E0.00069
G1 X103.214 Y105.346 E0.00093
G1 X103.158 Y105.328 E0.00077
G1 X103.052 Y105.314 E0.0014
G1 X102.972 Y105.324 E0.00106
G1 X102.882 Y105.349 E0.00122
G1 X102.827 Y105.376 E0.0008
G1 X102.761 Y105.425 E0.00108
G1 X102.709 Y105.477 E0.00096
G1 X102.674 Y105.527 E0.0008
G1 X102.638 Y105.599 E0.00106
G1 X102.62 Y105.652 E0.00073
G1 X102.612 Y105.7 E0.00064
G1 X102.61 Y105.743 E0.00056
G1 X102.614 Y105.815 E0.00095
G1 X102.619 Y105.85 E0.00046
G1 X102.631 Y105.899 E0.00066
G1 X102.651 Y105.947 E0.00068
G1 X103.079 Y106.691 E0.01126
G1 X103.103 Y106.725 E0.00055
G1 X103.163 Y106.784 E0.0011
G1 X103.238 Y106.838 E0.00121
G1 X103.323 Y106.871 E0.0012
G1 X103.418 Y106.891 E0.00127
G1 X103.462 Y106.894 E0.00058
G1 X103.518 Y106.884 E0.00075
G1 X103.662 Y106.832 E0.00201
G0 F18000 X103.518 Y106.884
G0 X103.472 Y106.892
G0 X103.557 Y107.583
G0 X116.89 Y104.676
G0 X126.414 Y103.118
G0 X126.802 Y102.619
;TYPE:SKIN
G1 F8400 X126.912 Y102.728 E0.00257
G0 F18000 X126.912 Y103.266
G1 F8400 X126.266 Y102.62 E0.01515
G0 F18000 X125.729 Y102.621
G1 F8400 X126.912 Y103.803 E0.02774
G0 F18000 X126.912 Y104.341
G1 F8400 X125.193 Y102.622 E0.04033
G0 F18000 X124.657 Y102.624
G1 F8400 X126.912 Y104.878 E0.05289
G0 F18000 X126.912 Y105.415
G1 F8400 X124.219 Y102.723 E0.06317
G0 F18000 X123.772 Y102.813
G1 F8400 X126.912 Y105.953 E0.07366
G0 F18000 X126.912 Y106.49
G1 F8400 X123.237 Y102.816 E0.0862
G1 X123.17 Y102.749
G0 F18000 X122.501 Y102.617
G1 F8400 X126.912 Y107.028 E0.10348
G0 F18000 X126.912 Y107.565
G1 F8400 X121.964 Y102.617 E0.11608
G0 F18000 X121.426 Y102.617
G1 F8400 X126.912 Y108.102 E0.12869
G0 F18000 X126.912 Y108.64
G1 F8400 X120.889 Y102.617 E0.1413
G0 F18000 X120.352 Y102.617
G1 F8400 X126.912 Y109.177 E0.1539
G0 F18000 X126.912 Y109.715
G1 F8400 X119.814 Y102.617 E0.16652
G0 F18000 X119.277 Y102.617
G1 F8400 X126.912 Y110.252 E0.17911
G0 F18000 X126.912 Y110.789
G1 F8400 X118.739 Y102.617 E0.19172
G0 F18000 X118.202 Y102.617
G1 F8400 X126.912 Y111.327 E0.20433
G0 F18000 X126.912 Y111.864
G1 F8400 X117.665 Y102.617 E0.21693
G0 F18000 X117.127 Y102.617
G1 F8400 X126.912 Y112.402 E0.22955
G0 F18000 X126.912 Y112.939
G1 F8400 X116.59 Y102.617 E0.24215
G0 F18000 X116.052 Y102.617
G1 F8400 X126.912 Y113.476 E0.25476
G0 F18000 X126.912 Y114.014
G1 F8400 X115.515 Y102.617 E0.26737
G0 F18000 X114.978 Y102.617
G1 F8400 X126.912 Y114.551 E0.27997
G0 F18000 X126.912 Y115.089
G1 F8400 X117.56 Y105.737 E0.21939
G0 F18000 X117.43 Y106.145
G1 F8400 X126.912 Y115.626 E0.22243
G0 F18000 X126.912 Y116.164
G1 F8400 X117.233 Y106.485 E0.22707
G0 F18000 X117.032 Y106.821
G1 F8400 X126.912 Y116.701 E0.23178
G0 F18000 X126.912 Y117.238
G1 F8400 X116.71 Y107.037 E0.23932
G1 X116.643 Y106.97
G0 F18000 X116.731 Y107.573
G0 X117.326 Y107.204
G0 X118.002 Y106.017
G0 X118.018 Y105.567
G0 X117.843 Y105.143
G0 X117.667 Y104.939
G0 X117.589 Y104.889
G0 X116.984 Y104.618
G0 X116.967 Y105.145
G1 F8400 X114.44 Y102.617 E0.05929
G0 F18000 X113.903 Y102.617
G1 F8400 X116.565 Y105.28 E0.06246
G0 F18000 X116.339 Y105.591
G1 F8400 X113.365 Y102.617 E0.06977
G0 F18000 X112.828 Y102.617
G1 F8400 X116.142 Y105.931 E0.07775
G0 F18000 X115.96 Y106.287
G1 F8400 X112.291 Y102.617 E0.08609
G0 F18000 X111.753 Y102.617
G1 F8400 X126.518 Y117.383 E0.34639
G0 F18000 X125.981 Y117.383
G1 F8400 X111.216 Y102.617 E0.34639
G0 F18000 X110.678 Y102.617
G1 F8400 X125.444 Y117.383 E0.34641
G0 F18000 X124.906 Y117.383
G1 F8400 X110.141 Y102.617 E0.34639
G0 F18000 X109.604 Y102.617
G1 F8400 X124.369 Y117.383 E0.34639
G1 X124.436 Y117.45
G0 F18000 X123.631 Y117.182
G1 F8400 X109.066 Y102.617 E0.34169
G0 F18000 X108.529 Y102.617
G1 F8400 X123.094 Y117.182 E0.34169
G0 F18000 X122.704 Y117.33
G1 F8400 X107.991 Y102.617 E0.34516
G0 F18000 X107.454 Y102.617
G1 F8400 X122.211 Y117.375 E0.34621
G0 F18000 X121.674 Y117.375
G1 F8400 X106.917 Y102.617 E0.34621
G0 F18000 X106.379 Y102.617
G1 F8400 X116.713 Y112.951 E0.24243
G0 F18000 X116.243 Y113.018
G1 F8400 X105.842 Y102.617 E0.244
G0 F18000 X105.304 Y102.617
G1 F8400 X115.99 Y113.303 E0.25069
G0 F18000 X116.033 Y113.884
G1 F8400 X104.767 Y102.617 E0.26431
G1 X104.7 Y102.55
G0 F18000 X104.7 Y103.146
G0 X117.362 Y112.837
G0 X117.635 Y113.152
G0 X117.177 Y113.415
G1 F8400 X121.137 Y117.375 E0.0929
G0 F18000 X120.599 Y117.375
G1 F8400 X117.552 Y114.327 E0.07149
G0 F18000 X117.371 Y114.684
G1 F8400 X120.062 Y117.375 E0.06313
G0 F18000 X119.525 Y117.375
G1 F8400 X116.999 Y114.85 E0.05925
G1 X116.932 Y114.783
G0 F18000 X116.889 Y115.379
G0 X118.988 Y116.854
G0 X118.988 Y117.375
G1 F8400 X104.23 Y102.617 E0.34622
G1 X104.163 Y102.55
G0 F18000 X104.163 Y103.146
G0 X111.276 Y109.361
G0 X111.533 Y109.88
G0 X111.009 Y109.934
G1 F8400 X118.45 Y117.375 E0.17456
G0 F18000 X117.914 Y117.376
G1 F8400 X110.894 Y110.357 E0.16468
G0 F18000 X110.58 Y110.58
G1 F8400 X117.376 Y117.376 E0.15943
G0 F18000 X116.839 Y117.376
G1 F8400 X110.071 Y110.608 E0.15878
G0 F18000 X109.53 Y110.605
G1 F8400 X116.301 Y117.376 E0.15885
G0 F18000 X115.764 Y117.376
G1 F8400 X108.787 Y110.399 E0.16368
G0 F18000 X108.251 Y110.401
G1 F8400 X115.227 Y117.377 E0.16365
G0 F18000 X114.69 Y117.377
G1 F8400 X107.716 Y110.403 E0.16361
G0 F18000 X107.18 Y110.404
G1 F8400 X114.152 Y117.377 E0.16357
G0 F18000 X113.615 Y117.377
G1 F8400 X106.644 Y110.406 E0.16354
G0 F18000 X106.108 Y110.408
G1 F8400 X113.078 Y117.378 E0.16351
G0 F18000 X112.541 Y117.378
G1 F8400 X105.572 Y110.409 E0.16349
G1 X105.505 Y110.342
G0 F18000 X105.506 Y110.941
G0 X110.523 Y111.077
G0 X111.052 Y110.871
G0 X111.412 Y110.383
G0 X111.484 Y109.993
G0 X111.392 Y109.563
G0 X111.096 Y109.18
G0 X110.522 Y108.868
G0 X110.466 Y109.392
G1 F8400 X103.692 Y102.617 E0.15893
G0 F18000 X103.155 Y102.617
G1 F8400 X109.926 Y109.389 E0.15886
G0 F18000 X109.416 Y109.416
G1 F8400 X102.617 Y102.617 E0.1595
G0 F18000 X102.08 Y102.617
G1 F8400 X109.034 Y109.572 E0.16315
G0 F18000 X108.5 Y109.575
G1 F8400 X101.543 Y102.617 E0.16322
G0 F18000 X101.005 Y102.617
G1 F8400 X107.965 Y109.577 E0.16328
G1 X108.032 Y109.644
G0 F18000 X108.006 Y109.048
G0 X103.662 Y104.858
G0 X103.587 Y104.82
G0 X102.944 Y104.622
G0 X102.998 Y105.147
G1 F8400 X100.468 Y102.617 E0.05935
G0 F18000 X99.93 Y102.617
G1 F8400 X102.629 Y105.316 E0.06332
G0 F18000 X102.444 Y105.669
G1 F8400 X99.393 Y102.617 E0.07159
G0 F18000 X98.856 Y102.617
G1 F8400 X102.815 Y106.577 E0.09289
G1 X102.882 Y106.644
G0 F18000 X102.407 Y106.918
G0 X102.938 Y107.404
G0 X103.481 Y107.531
G0 X103.917 Y107.425
G0 X104.234 Y107.199
G0 X104.512 Y106.673
G0 X104.511 Y106.428
G0 X104.415 Y105.844
G0 X103.957 Y106.107
G1 F8400 X107.43 Y109.58 E0.08148
G0 F18000 X106.895 Y109.582
G1 F8400 X104.008 Y106.695 E0.06773
G0 F18000 X103.752 Y106.977
G1 F8400 X106.36 Y109.585 E0.06118
G0 F18000 X105.825 Y109.587
G1 F8400 X103.273 Y107.035 E0.05987
G1 X103.206 Y106.968
G0 F18000 X102.987 Y107.49
G0 X105.329 Y109.06
G0 X105.331 Y109.63
G1 F8400 X98.318 Y102.617 E0.16452
G0 F18000 X97.781 Y102.617
G1 F8400 X105.14 Y109.976 E0.17264
G1 X105.207 Y110.043
G0 F18000 X104.61 Y110.043
G0 X104.682 Y110.871
G0 X112.004 Y116.854
G0 X112.004 Y117.378
G1 F8400 X97.294 Y102.668 E0.34509
G0 F18000 X96.903 Y102.814
G1 F8400 X111.466 Y117.378 E0.34165
G0 F18000 X110.929 Y117.378
G1 F8400 X96.368 Y102.817 E0.3416
G1 X96.301 Y102.75
G0 F18000 X95.631 Y102.617
G1 F8400 X110.392 Y117.378 E0.34629
G0 F18000 X109.855 Y117.378
G1 F8400 X95.093 Y102.617 E0.3463
G0 F18000 X94.556 Y102.617
G1 F8400 X109.317 Y117.378 E0.34629
G0 F18000 X108.781 Y117.379
G1 F8400 X94.018 Y102.617 E0.34632
G0 F18000 X93.481 Y102.617
G1 F8400 X108.243 Y117.379 E0.34631
G1 X108.31 Y117.446
G0 F18000 X108.31 Y116.854
G0 X104.112 Y112.692
G0 X103.67 Y112.516
G0 X103.122 Y112.46
G0 X103.288 Y112.961
G1 F8400 X93.085 Y102.758 E0.23936
G0 F18000 X93.085 Y103.296
G1 F8400 X102.963 Y113.174 E0.23173
G0 F18000 X102.764 Y113.512
G1 F8400 X93.085 Y103.833 E0.22707
G0 F18000 X93.085 Y104.37
G1 F8400 X102.567 Y113.853 E0.22246
G0 F18000 X102.441 Y114.264
G1 F8400 X93.085 Y104.908 E0.21949
G1 X93.018 Y104.841
G0 F18000 X93.616 Y104.841
G0 X104.306 Y112.882
G0 X104.47 Y113.229
G0 X104.557 Y113.819
G0 X104.036 Y113.709
G1 F8400 X107.706 Y117.379 E0.0861
G0 F18000 X107.168 Y117.379
G1 F8400 X103.853 Y114.064 E0.07777
G0 F18000 X103.658 Y114.406
G1 F8400 X106.631 Y117.379 E0.06975
G0 F18000 X106.094 Y117.38
G1 F8400 X103.431 Y114.717 E0.06247
G0 F18000 X103.033 Y114.856
G1 F8400 X105.557 Y117.38 E0.05921
G0 F18000 X105.019 Y117.38
G1 F8400 X93.085 Y105.445 E0.27998
G0 F18000 X93.085 Y105.983
G1 F8400 X104.482 Y117.38 E0.26737
G0 F18000 X103.945 Y117.38
G1 F8400 X93.085 Y106.52 E0.25477
G0 F18000 X93.085 Y107.057
G1 F8400 X103.408 Y117.38 E0.24217
G0 F18000 X102.871 Y117.38
G1 F8400 X93.085 Y107.595 E0.22956
G0 F18000 X93.085 Y108.132
G1 F8400 X102.333 Y117.38 E0.21696
G0 F18000 X101.797 Y117.381
G1 F8400 X93.085 Y108.67 E0.20437
G0 F18000 X93.085 Y109.207
G1 F8400 X101.259 Y117.381 E0.19176
G0 F18000 X100.722 Y117.381
G1 F8400 X93.085 Y109.744 E0.17916
G0 F18000 X93.085 Y110.282
G1 F8400 X100.184 Y117.381 E0.16654
G0 F18000 X99.648 Y117.382
G1 F8400 X93.085 Y110.819 E0.15397
G0 F18000 X93.085 Y111.357
G1 F8400 X99.11 Y117.382 E0.14134
G0 F18000 X98.573 Y117.382
G1 F8400 X93.085 Y111.894 E0.12875
G0 F18000 X93.085 Y112.431
G1 F8400 X98.035 Y117.382 E0.11614
G0 F18000 X97.498 Y117.382
G1 F8400 X93.085 Y112.969 E0.10353
G0 F18000 X93.085 Y113.506
G1 F8400 X96.763 Y117.184 E0.08628
G0 F18000 X96.224 Y117.182
G1 F8400 X93.085 Y114.044 E0.07363
G0 F18000 X93.085 Y114.581
G1 F8400 X95.778 Y117.274 E0.06318
G0 F18000 X95.349 Y117.383
G1 F8400 X93.085 Y115.118 E0.05312
G0 F18000 X93.085 Y115.656
G1 F8400 X94.812 Y117.383 E0.04051
G0 F18000 X94.274 Y117.383
G1 F8400 X93.085 Y116.193 E0.02791
G0 F18000 X93.085 Y116.731
G1 F8400 X93.737 Y117.383 E0.0153
G0 F18000 X93.2 Y117.383
G1 F8400 X93.085 Y117.268 E0.0027
G0 F18000 X93.784 Y116.574
G1 F1800 E-3.5
;MESH:NONMESH
G0 F1200 X93.784 Y116.574 Z0.6
G0 F18000 X93.13 Y102.66
G0 X93.13 Y101.216
G0 X88.677 Y94.506
G0 X87.535 Y93.614
G0 X88.767 Y87.961
G0 X88.854 Y86.364
G0 X88.735 Y84.996
G0 X88.372 Y83.439
G0 X87.776 Y81.957
G0 X86.962 Y80.582
G0 X85.949 Y79.347
G0 X84.756 Y78.279
G0 X83.218 Y77.297
G0 X82.025 Y76.789
G0 X78.39 Y75.533
G0 X78.385 Y74.83
;TIME_ELAPSED:138.475891
;LAYER:3
;TYPE:WALL-OUTER
;MESH:01_Prime_Insulator.STL
G1 F1800 E3.52079
G1 F1500 X78.098 Y74.834 E0.00376
G1 X77.852 Y74.843 E0.00323
G1 X77.344 Y74.879 E0.00668
G1 X77.065 Y74.904 E0.00367
G1 X76.782 Y74.939 E0.00374
G1 X76.316 Y75.011 E0.00618
G1 X75.816 Y75.113 E0.00669
G1 X75.521 Y75.183 E0.00398
G1 X75.069 Y75.304 E0.00614
G1 X74.794 Y75.391 E0.00378
G1 X74.34 Y75.544 E0.00628
G1 X74.065 Y75.648 E0.00386
G1 X73.653 Y75.82 E0.00585
G1 X73.396 Y75.937 E0.0037
G1 X72.985 Y76.14 E0.00601
G1 X72.698 Y76.289 E0.00424
G1 X72.051 Y76.677 E0.00989
G1 X71.825 Y76.824 E0.00354
G1 X71.642 Y76.949 E0.00291
G1 X71.414 Y77.114 E0.00369
G1 X71.015 Y77.421 E0.0066
G1 X70.654 Y77.722 E0.00616
G1 X70.289 Y78.052 E0.00645
G1 X70.058 Y78.28 E0.00426
G1 X69.889 Y78.453 E0.00317
G1 X69.522 Y78.849 E0.00708
G1 X69.229 Y79.196 E0.00596
G1 X69.052 Y79.42 E0.00374
G1 X68.771 Y79.802 E0.00622
G1 X68.622 Y80.021 E0.00347
G1 X68.452 Y80.283 E0.0041
G1 X68.189 Y80.719 E0.00668
G1 X68.096 Y80.881 E0.00245
G1 X67.963 Y81.125 E0.00364
G1 X67.736 Y81.584 E0.00671
G1 X67.615 Y81.851 E0.00384
G1 X67.445 Y82.256 E0.00576
G1 X67.338 Y82.532 E0.00388
G1 X67.174 Y83.016 E0.0067
G1 X67.016 Y83.55 E0.0073
G1 X66.903 Y84.006 E0.00616
G1 X66.802 Y84.505 E0.00668
G1 X66.768 Y84.697 E0.00256
G1 X66.692 Y85.268 E0.00755
G1 X66.665 Y85.524 E0.00338
G1 X66.646 Y85.772 E0.00326
G1 X66.618 Y86.293 E0.00684
G1 X66.614 Y86.584 E0.00382
G1 X66.618 Y86.871 E0.00376
G1 X66.628 Y87.139 E0.00352
G1 X66.662 Y87.621 E0.00634
G1 X66.691 Y87.915 E0.00387
G1 X66.761 Y88.436 E0.00689
G1 X66.791 Y88.63 E0.00257
G1 X66.897 Y89.147 E0.00692
G1 X67.008 Y89.594 E0.00604
G1 X67.005 Y89.596 E0.00005
G1 X67.086 Y89.889 E0.00399
G1 X67.162 Y90.134 E0.00336
G1 X67.323 Y90.612 E0.00661
G1 X67.442 Y90.92 E0.00433
G1 X67.619 Y91.34 E0.00598
G1 X67.722 Y91.571 E0.00332
G1 X67.953 Y92.034 E0.00678
G1 X68.063 Y92.244 E0.00311
G1 X68.334 Y92.707 E0.00703
G1 X68.464 Y92.92 E0.00327
G1 X68.599 Y93.129 E0.00326
G1 X68.754 Y93.354 E0.00358
G1 X68.898 Y93.553 E0.00322
G1 X69.176 Y93.909 E0.00592
G1 X69.376 Y94.158 E0.00419
G1 X69.69 Y94.515 E0.00623
G1 X69.834 Y94.674 E0.00281
G1 X70.067 Y94.913 E0.00438
G1 X70.25 Y95.091 E0.00335
G1 X70.438 Y95.268 E0.00339
G1 X70.986 Y95.739 E0.00948
G1 X71.234 Y95.929 E0.0041
G1 X71.612 Y96.211 E0.00618
G1 X71.859 Y96.38 E0.00392
G1 X72.019 Y96.484 E0.0025
G1 X72.448 Y96.748 E0.00661
G1 X72.895 Y96.993 E0.00668
G1 X73.125 Y97.114 E0.00341
G1 X73.599 Y97.334 E0.00685
G1 X73.811 Y97.426 E0.00303
G1 X73.813 Y97.431 E0.00007
G1 X74.329 Y97.633 E0.00727
G1 X74.751 Y97.779 E0.00586
G1 X75.278 Y97.936 E0.00721
G1 X75.517 Y97.996 E0.00323
G1 X75.857 Y98.074 E0.00457
G1 X76.284 Y98.165 E0.00572
G1 X76.578 Y98.211 E0.0039
G1 X77.042 Y98.274 E0.00614
G1 X77.555 Y98.322 E0.00676
G1 X77.825 Y98.338 E0.00355
G1 X78.071 Y98.346 E0.00323
G1 X78.33 Y98.35 E0.0034
G1 X78.649 Y98.346 E0.00418
G1 X78.909 Y98.337 E0.00341
G1 X79.416 Y98.304 E0.00666
G1 X79.671 Y98.277 E0.00336
G1 X79.924 Y98.245 E0.00334
G1 X80.22 Y98.203 E0.00392
G1 X80.428 Y98.17 E0.00276
G1 X80.949 Y98.067 E0.00696
G1 X81.181 Y98.012 E0.00313
G1 X81.694 Y97.873 E0.00697
G1 X81.92 Y97.804 E0.0031
G1 X82.407 Y97.636 E0.00676
G1 X82.666 Y97.538 E0.00363
G1 X82.88 Y97.453 E0.00302
G1 X83.137 Y97.343 E0.00367
G1 X83.593 Y97.131 E0.00659
G1 X84.036 Y96.901 E0.00655
G1 X84.499 Y96.63 E0.00703
G1 X84.704 Y96.503 E0.00316
G1 X84.933 Y96.354 E0.00358
G1 X85.327 Y96.075 E0.00633
G1 X85.703 Y95.786 E0.00622
G1 X85.964 Y95.572 E0.00443
G1 X86.288 Y95.287 E0.00566
G1 X86.462 Y95.128 E0.00309
G1 X86.709 Y94.885 E0.00454
G1 X87.048 Y94.535 E0.00639
G1 X87.338 Y94.204 E0.00577
G1 X87.515 Y93.988 E0.00366
G1 X87.696 Y93.76 E0.00382
G1 X88.127 Y93.168 E0.0096
G1 X88.301 Y92.899 E0.0042
G1 X88.662 Y92.291 E0.00927
G1 X88.782 Y92.065 E0.00336
G1 X88.94 Y91.75 E0.00462
G1 X89.122 Y91.365 E0.00558
G1 X89.213 Y91.155 E0.003
G1 X89.218 Y91.152 E0.00008
G1 X89.413 Y90.649 E0.00707
G1 X89.559 Y90.233 E0.00578
G1 X89.672 Y89.85 E0.00524
G1 X89.846 Y89.189 E0.00896
G1 X89.9 Y88.925 E0.00353
G1 X89.904 Y88.921 E0.00007
G1 X89.984 Y88.486 E0.0058
G1 X90.06 Y87.916 E0.00754
G1 X90.089 Y87.632 E0.00374
G1 X90.122 Y87.143 E0.00643
G1 X90.13 Y86.897 E0.00323
G1 X90.134 Y86.637 E0.00341
G1 X90.134 Y86.343 E0.00386
G1 X90.124 Y86.044 E0.00392
G1 X90.089 Y85.552 E0.00647
G1 X90.034 Y85.046 E0.00667
G1 X89.995 Y84.777 E0.00356
G1 X89.955 Y84.538 E0.00318
G1 X89.904 Y84.274 E0.00353
G1 X89.843 Y83.982 E0.00391
G1 X89.733 Y83.535 E0.00604
G1 X89.674 Y83.317 E0.00296
G1 X89.67 Y83.315 E0.00006
G1 X89.572 Y82.996 E0.00438
G1 X89.421 Y82.559 E0.00606
G1 X89.311 Y82.264 E0.00413
G1 X89.234 Y82.075 E0.00268
G1 X89.126 Y81.826 E0.00356
G1 X89.035 Y81.627 E0.00287
G1 X88.909 Y81.365 E0.00381
G1 X88.677 Y80.918 E0.0066
G1 X88.452 Y80.529 E0.00589
G1 X88.279 Y80.25 E0.0043
G1 X88.154 Y80.055 E0.00304
G1 X87.859 Y79.637 E0.00671
G1 X87.574 Y79.269 E0.0061
G1 X87.368 Y79.015 E0.00429
G1 X87.071 Y78.676 E0.00591
G1 X86.914 Y78.507 E0.00302
G1 X86.916 Y78.504 E0.00005
G1 X86.538 Y78.124 E0.00703
G1 X86.2 Y77.813 E0.00602
G1 X86.089 Y77.716 E0.00193
G1 X85.725 Y77.411 E0.00623
G1 X85.544 Y77.268 E0.00302
G1 X85.154 Y76.982 E0.00634
G1 X84.885 Y76.797 E0.00428
G1 X84.698 Y76.673 E0.00294
G1 X84.268 Y76.414 E0.00658
G1 X84.073 Y76.303 E0.00294
G1 X83.844 Y76.179 E0.00341
G1 X83.387 Y75.953 E0.00669
G1 X83.124 Y75.831 E0.0038
G1 X82.705 Y75.656 E0.00595
G1 X82.423 Y75.551 E0.00395
G1 X81.956 Y75.391 E0.00647
G1 X81.708 Y75.312 E0.00341
G1 X81.403 Y75.224 E0.00416
G1 X80.918 Y75.11 E0.00653
G1 X80.637 Y75.051 E0.00377
G1 X80.254 Y74.98 E0.00511
G1 X79.702 Y74.908 E0.0073
G1 X79.444 Y74.881 E0.0034
G1 X78.937 Y74.842 E0.00667
G1 X78.385 Y74.83 E0.00724
G0 F18000 X78.185 Y74.832
G0 X78.192 Y75.535
G0 X75.557 Y76.085
G0 X73.992 Y76.636
G0 X72.532 Y77.416
G0 X71.379 Y78.262
G0 X70.354 Y79.243
G0 X69.328 Y80.551
G0 X68.67 Y81.721
G0 X67.962 Y83.252
G0 X68.619 Y83.475
G1 F1500 X68.693 Y83.26 E0.00298
G1 X68.832 Y82.875 E0.00537
G1 X69.019 Y82.432 E0.00631
G1 X69.189 Y82.068 E0.00527
G1 X69.292 Y81.857 E0.00308
G1 X69.52 Y81.446 E0.00616
G1 X69.774 Y81.03 E0.00639
G1 X69.778 Y81.028 E0.00006
G1 X69.881 Y80.873 E0.00244
G1 X70.118 Y80.536 E0.0054
G1 X70.252 Y80.353 E0.00297
G1 X70.554 Y79.977 E0.00632
G1 X70.822 Y79.677 E0.00527
G1 X71.009 Y79.481 E0.00355
G1 X71.299 Y79.188 E0.00541
G1 X71.466 Y79.033 E0.00299
G1 X71.769 Y78.766 E0.0053
G1 X71.954 Y78.61 E0.00317
G1 X72.143 Y78.462 E0.00315
G1 X72.504 Y78.199 E0.00586
G1 X72.686 Y78.075 E0.00289
G1 X73.095 Y77.817 E0.00634
G1 X73.448 Y77.611 E0.00536
G1 X73.856 Y77.399 E0.00603
G1 X74.272 Y77.208 E0.006
G1 X74.458 Y77.127 E0.00266
G1 X74.726 Y77.021 E0.00378
G1 X75.084 Y76.891 E0.00499
G1 X75.296 Y76.822 E0.00292
G1 X75.568 Y76.74 E0.00373
G1 X75.946 Y76.642 E0.00512
G1 X76.384 Y76.544 E0.00589
G1 X76.759 Y76.481 E0.00499
G1 X76.827 Y76.467 E0.00091
G1 X77.258 Y76.41 E0.0057
G1 X77.712 Y76.37 E0.00598
G1 X78.152 Y76.354 E0.00577
G1 X78.413 Y76.349 E0.00342
G1 X79.05 Y76.37 E0.00836
G1 X79.521 Y76.414 E0.0062
G1 X79.934 Y76.468 E0.00546
G1 X80.409 Y76.553 E0.00633
G1 X80.623 Y76.601 E0.00288
G1 X81.103 Y76.72 E0.00648
G1 X81.167 Y76.739 E0.00088
G1 X81.17 Y76.736 E0.00006
G1 X81.658 Y76.891 E0.00671
G1 X81.894 Y76.972 E0.00327
G1 X82.3 Y77.129 E0.00571
G1 X82.53 Y77.229 E0.00329
G1 X82.921 Y77.411 E0.00566
G1 X83.305 Y77.613 E0.00569
G1 X83.523 Y77.735 E0.00328
G1 X83.694 Y77.839 E0.00262
G1 X84.091 Y78.09 E0.00616
G1 X84.436 Y78.333 E0.00553
G1 X84.806 Y78.622 E0.00616
G1 X85.121 Y78.888 E0.00541
G1 X85.245 Y78.997 E0.00216
G1 X85.251 Y78.997 E0.00008
G1 X85.274 Y79.015 E0.00038
G1 X85.776 Y79.511 E0.00925
G1 X86.077 Y79.84 E0.00585
G1 X86.224 Y80.012 E0.00297
G1 X86.507 Y80.36 E0.00588
G1 X86.763 Y80.717 E0.00576
G1 X86.973 Y81.027 E0.00491
G1 X86.977 Y81.029 E0.00006
G1 X87.149 Y81.311 E0.00433
G1 X87.353 Y81.661 E0.00531
G1 X87.56 Y82.063 E0.00593
G1 X87.751 Y82.47 E0.0059
G1 X87.837 Y82.673 E0.00289
G1 X87.943 Y82.939 E0.00375
G1 X88.073 Y83.3 E0.00503
G1 X88.208 Y83.729 E0.0059
G1 X88.326 Y84.163 E0.0059
G1 X88.42 Y84.595 E0.0058
G1 X88.496 Y85.035 E0.00586
G1 X88.533 Y85.272 E0.00315
G1 X88.558 Y85.472 E0.00264
G1 X88.594 Y85.921 E0.00591
G1 X88.606 Y86.142 E0.0029
G1 X88.614 Y86.368 E0.00297
G1 X88.615 Y86.811 E0.00581
G1 X88.591 Y87.307 E0.00651
G1 X88.574 Y87.517 E0.00276
G1 X88.529 Y87.928 E0.00542
G1 X88.496 Y88.149 E0.00293
G1 X88.411 Y88.627 E0.00637
G1 X88.321 Y89.042 E0.00557
G1 X88.206 Y89.458 E0.00566
G1 X88.071 Y89.886 E0.00588
G1 X87.917 Y90.308 E0.00589
G1 X87.812 Y90.566 E0.00365
G1 X87.735 Y90.745 E0.00256
G1 X87.564 Y91.117 E0.00537
G1 X87.347 Y91.529 E0.00611
G1 X87.233 Y91.732 E0.00305
G1 X86.984 Y92.137 E0.00623
G1 X86.918 Y92.237 E0.00157
G1 X86.92 Y92.239 E0.00004
G1 X86.875 Y92.307 E0.00107
G1 X86.633 Y92.65 E0.0055
G1 X86.5 Y92.828 E0.00291
G1 X86.222 Y93.171 E0.00579
G1 X86.068 Y93.353 E0.00313
G1 X85.921 Y93.512 E0.00284
G1 X85.613 Y93.833 E0.00583
G1 X85.334 Y94.103 E0.00509
G1 X84.956 Y94.436 E0.00661
G1 X84.615 Y94.712 E0.00575
G1 X84.431 Y94.851 E0.00302
G1 X84.254 Y94.977 E0.00285
G1 X84.066 Y95.105 E0.00298
G1 X83.688 Y95.345 E0.00587
G1 X83.301 Y95.569 E0.00586
G1 X82.904 Y95.777 E0.00588
G1 X82.5 Y95.963 E0.00583
G1 X82.294 Y96.053 E0.00295
G1 X82.025 Y96.159 E0.00379
G1 X81.665 Y96.29 E0.00502
G1 X81.24 Y96.423 E0.00584
G1 X81.022 Y96.485 E0.00297
G1 X80.591 Y96.591 E0.00582
G1 X80.369 Y96.636 E0.00297
G1 X79.932 Y96.712 E0.00582
G1 X79.706 Y96.745 E0.00299
G1 X79.49 Y96.769 E0.00285
G1 X79.043 Y96.81 E0.00589
G1 X78.819 Y96.822 E0.00294
G1 X78.592 Y96.83 E0.00298
G1 X78.11 Y96.829 E0.00632
G1 X77.681 Y96.808 E0.00563
G1 X77.215 Y96.765 E0.00614
G1 X77.04 Y96.744 E0.00231
G1 X76.744 Y96.7 E0.00392
G1 X76.382 Y96.635 E0.00482
G1 X76.122 Y96.581 E0.00348
G1 X75.672 Y96.466 E0.00609
G1 X75.513 Y96.422 E0.00216
G1 X75.078 Y96.287 E0.00597
G1 X74.657 Y96.133 E0.00588
G1 X74.401 Y96.029 E0.00362
G1 X74.221 Y95.952 E0.00257
G1 X73.847 Y95.777 E0.00541
G1 X73.405 Y95.544 E0.00655
G1 X73.219 Y95.439 E0.0028
G1 X73.035 Y95.329 E0.00281
G1 X72.681 Y95.102 E0.00551
G1 X72.474 Y94.96 E0.00329
G1 X72.317 Y94.848 E0.00253
G1 X71.949 Y94.566 E0.00608
G1 X71.461 Y94.147 E0.00843
G1 X71.268 Y93.962 E0.00351
G1 X70.966 Y93.66 E0.0056
G1 X70.783 Y93.466 E0.0035
G1 X70.785 Y93.464 E0.00004
G1 X70.527 Y93.171 E0.00512
G1 X70.246 Y92.821 E0.00589
G1 X69.981 Y92.458 E0.00589
G1 X69.62 Y91.902 E0.00869
G1 X69.505 Y91.708 E0.00296
G1 X69.291 Y91.316 E0.00586
G1 X69.187 Y91.117 E0.00294
G1 X68.997 Y90.707 E0.00593
G1 X68.911 Y90.507 E0.00285
G1 X68.805 Y90.241 E0.00375
G1 X68.674 Y89.876 E0.00509
G1 X68.528 Y89.399 E0.00654
G1 X68.426 Y89.021 E0.00513
G1 X68.332 Y88.585 E0.00585
G1 X68.255 Y88.147 E0.00583
G1 X68.194 Y87.709 E0.0058
G1 X68.174 Y87.477 E0.00305
G1 X68.146 Y87.038 E0.00577
G1 X68.138 Y86.816 E0.00291
G1 X68.134 Y86.555 E0.00342
G1 X68.147 Y86.116 E0.00576
G1 X68.174 Y85.698 E0.00549
G1 X68.191 Y85.52 E0.00234
G1 X68.253 Y85.033 E0.00644
G1 X68.333 Y84.598 E0.0058
G1 X68.387 Y84.336 E0.00351
G1 X68.529 Y83.778 E0.00755
G1 X68.619 Y83.475 E0.00414
G0 F18000 X68.684 Y83.286
G0 X68.026 Y83.062
G0 X69.243 Y80.355
G0 X68.807 Y80.053
;TYPE:SKIN
G1 F8400 X71.833 Y77.027 E0.07099
G1 X71.9 Y76.96
G0 F18000 X72.209 Y77.411
G0 X73.377 Y76.727
G0 X73.146 Y76.252
G1 F8400 X68.039 Y81.359 E0.11981
G1 X67.972 Y81.426
G0 F18000 X67.597 Y82.338
G1 F8400 X74.128 Y75.807 E0.15322
G1 X74.195 Y75.74
G0 F18000 X74.395 Y76.275
G0 X71.947 Y77.817
G0 X70.808 Y78.793
G0 X69.407 Y80.33
G0 X69.843 Y80.629
G1 F8400 X67.309 Y83.164 E0.05946
G1 X67.242 Y83.231
G0 F18000 X67.104 Y83.906
G1 F8400 X69.051 Y81.959 E0.04568
G1 X69.118 Y81.892
G0 F18000 X68.623 Y81.64
G0 X68.145 Y82.724
G0 X68.638 Y82.909
G1 F8400 X66.962 Y84.585 E0.03932
G0 F18000 X66.873 Y85.211
G1 F8400 X68.369 Y83.715 E0.0351
G0 F18000 X68.193 Y84.429
G1 F8400 X66.818 Y85.804 E0.03226
G0 F18000 X66.788 Y86.371
G1 F8400 X68.072 Y85.087 E0.03012
G0 F18000 X68.002 Y85.694
G1 F8400 X66.791 Y86.906 E0.02842
G0 F18000 X66.819 Y87.415
G1 F8400 X67.971 Y86.263 E0.02703
G0 F18000 X67.966 Y86.805
G1 F8400 X66.864 Y87.908 E0.02586
G0 F18000 X66.928 Y88.381
G1 F8400 X67.992 Y87.317 E0.02496
G0 F18000 X68.035 Y87.811
G1 F8400 X67.009 Y88.837 E0.02407
G0 F18000 X67.106 Y89.278
G1 F8400 X68.106 Y88.278 E0.02346
G0 F18000 X68.189 Y88.732
G1 F8400 X67.214 Y89.707 E0.02287
G0 F18000 X67.338 Y90.12
G1 F8400 X68.288 Y89.17 E0.02229
G0 F18000 X68.406 Y89.59
G1 F8400 X67.474 Y90.522 E0.02186
G0 F18000 X67.624 Y90.909
G1 F8400 X68.536 Y89.998 E0.02138
G0 F18000 X68.679 Y90.392
G1 F8400 X67.784 Y91.287 E0.021
G0 F18000 X67.954 Y91.654
G1 F8400 X68.837 Y90.771 E0.02071
G0 F18000 X69.008 Y91.138
G1 F8400 X68.135 Y92.01 E0.02047
G0 F18000 X68.328 Y92.355
G1 F8400 X69.192 Y91.491 E0.02027
G0 F18000 X69.383 Y91.838
G1 F8400 X68.527 Y92.693 E0.02007
G0 F18000 X68.734 Y93.023
G1 F8400 X69.588 Y92.169 E0.02003
G0 F18000 X69.8 Y92.495
G1 F8400 X68.956 Y93.34 E0.01981
G0 F18000 X69.188 Y93.645
G1 F8400 X70.024 Y92.808 E0.01962
G0 F18000 X70.259 Y93.111
G1 F8400 X69.425 Y93.945 E0.01957
G0 F18000 X69.673 Y94.234
G1 F8400 X70.503 Y93.404 E0.01947
G0 F18000 X70.757 Y93.688
G1 F8400 X69.926 Y94.519 E0.01949
G0 F18000 X70.19 Y94.792
G1 F8400 X71.023 Y93.959 E0.01954
G0 F18000 X71.295 Y94.225
G1 F8400 X70.463 Y95.056 E0.01951
G0 F18000 X70.749 Y95.308
G1 F8400 X71.58 Y94.477 E0.01949
G0 F18000 X71.871 Y94.723
G1 F8400 X71.037 Y95.557 E0.01957
G0 F18000 X71.34 Y95.792
G1 F8400 X72.176 Y94.956 E0.01961
G0 F18000 X72.49 Y95.179
G1 F8400 X71.646 Y96.023 E0.0198
G0 F18000 X71.964 Y96.243
G1 F8400 X72.816 Y95.391 E0.01999
G0 F18000 X73.149 Y95.594
G1 F8400 X72.294 Y96.45 E0.02007
G0 F18000 X72.629 Y96.652
G1 F8400 X73.497 Y95.785 E0.02035
G0 F18000 X73.852 Y95.966
G1 F8400 X72.978 Y96.841 E0.02052
G0 F18000 X73.335 Y97.021
G1 F8400 X74.219 Y96.138 E0.02073
G0 F18000 X74.599 Y96.295
G1 F8400 X73.703 Y97.19 E0.02101
G0 F18000 X74.079 Y97.352
G1 F8400 X74.992 Y96.439 E0.02142
G0 F18000 X75.402 Y96.566
G1 F8400 X74.468 Y97.5 E0.02191
G0 F18000 X74.869 Y97.637
G1 F8400 X75.826 Y96.68 E0.02245
G0 F18000 X76.259 Y96.784
G1 F8400 X75.284 Y97.76 E0.02288
G0 F18000 X75.716 Y97.865
G1 F8400 X76.712 Y96.869 E0.02337
G0 F18000 X77.184 Y96.934
G1 F8400 X76.156 Y97.962 E0.02412
G0 F18000 X76.613 Y98.042
G1 F8400 X77.676 Y96.98 E0.02493
G0 F18000 X78.193 Y96.999
G1 F8400 X77.088 Y98.105 E0.02593
G0 F18000 X77.58 Y98.151
G1 F8400 X78.736 Y96.995 E0.02712
G0 F18000 X79.312 Y96.956
G1 F8400 X78.092 Y98.175 E0.02861
G0 F18000 X78.63 Y98.175
G1 F8400 X79.919 Y96.886 E0.03024
G0 F18000 X80.575 Y96.768
G1 F8400 X79.196 Y98.146 E0.03234
G0 F18000 X79.791 Y98.088
G1 F8400 X81.294 Y96.586 E0.03525
G1 X81.361 Y96.519
G0 F18000 X82.106 Y96.311
G1 F8400 X80.419 Y97.998 E0.03958
G0 F18000 X81.099 Y97.856
G1 F8400 X83.073 Y95.882 E0.04631
G1 X83.14 Y95.815
G0 F18000 X83.393 Y96.314
G0 X84.74 Y95.492
G0 X84.431 Y95.061
G1 F8400 X81.845 Y97.647 E0.06067
G1 X81.778 Y97.714
G0 F18000 X81.613 Y97.168
G0 X78.613 Y97.469
G0 X76.957 Y97.379
G0 X75.339 Y97.039
G0 X73.78 Y96.453
G0 X72.337 Y95.641
G0 X71.027 Y94.615
G0 X69.891 Y93.402
G0 X69.074 Y92.232
G0 X68.326 Y90.755
G0 X67.81 Y89.178
G0 X67.539 Y87.537
G0 X67.509 Y86.112
G0 X67.705 Y84.475
G0 X68.152 Y82.877
G0 X68.838 Y81.36
G0 X69.746 Y79.969
G0 X70.643 Y78.968
G0 X72.13 Y77.616
G0 X72.429 Y78.043
G1 F8400 X74.953 Y75.52 E0.0592
G1 X75.02 Y75.453
G0 F18000 X75.69 Y75.32
G1 F8400 X73.746 Y77.263 E0.04559
G1 X73.679 Y77.33
G0 F18000 X73.423 Y76.84
G0 X74.515 Y76.358
G0 X74.699 Y76.848
G1 F8400 X76.373 Y75.174 E0.03927
G0 F18000 X77 Y75.085
G1 F8400 X75.504 Y76.58 E0.03508
G0 F18000 X76.215 Y76.407
G1 F8400 X77.589 Y75.033 E0.03223
G0 F18000 X78.155 Y75.004
G1 F8400 X76.87 Y76.29 E0.03016
G0 F18000 X77.479 Y76.218
G1 F8400 X78.688 Y75.008 E0.02837
G0 F18000 X79.199 Y75.035
G1 F8400 X78.048 Y76.187 E0.02701
G0 F18000 X78.588 Y76.184
G1 F8400 X79.692 Y75.08 E0.0259
G0 F18000 X80.168 Y75.141
G1 F8400 X79.106 Y76.203 E0.02491
G0 F18000 X79.595 Y76.252
G1 F8400 X80.623 Y75.223 E0.02413
G0 F18000 X81.065 Y75.319
G1 F8400 X80.066 Y76.318 E0.02344
G0 F18000 X80.519 Y76.402
G1 F8400 X81.493 Y75.428 E0.02285
G0 F18000 X81.904 Y75.554
G1 F8400 X80.952 Y76.506 E0.02233
G0 F18000 X81.375 Y76.621
G1 F8400 X82.303 Y75.693 E0.02177
G0 F18000 X82.695 Y75.838
G1 F8400 X81.782 Y76.751 E0.02142
G0 F18000 X82.174 Y76.897
G1 F8400 X83.075 Y75.996 E0.02114
G0 F18000 X83.439 Y76.17
G1 F8400 X82.555 Y77.053 E0.02073
G0 F18000 X82.922 Y77.223
G1 F8400 X83.797 Y76.348 E0.02053
G0 F18000 X84.143 Y76.54
G1 F8400 X83.278 Y77.405 E0.02029
G0 F18000 X83.624 Y77.596
G1 F8400 X84.479 Y76.742 E0.02005
G0 F18000 X84.807 Y76.951
G1 F8400 X83.955 Y77.803 E0.01999
G0 F18000 X84.281 Y78.014
G1 F8400 X85.123 Y77.172 E0.01975
G0 F18000 X85.433 Y77.399
G1 F8400 X84.594 Y78.239 E0.01969
G0 F18000 X84.897 Y78.473
G1 F8400 X85.73 Y77.64 E0.01954
G0 F18000 X86.022 Y77.886
G1 F8400 X85.188 Y78.719 E0.01955
G0 F18000 X85.472 Y78.973
G1 F8400 X86.304 Y78.141 E0.01952
G0 F18000 X86.576 Y78.406
G1 F8400 X85.743 Y79.239 E0.01954
G0 F18000 X86.009 Y79.511
G1 F8400 X86.841 Y78.678 E0.01953
G0 F18000 X87.094 Y78.963
G1 F8400 X86.263 Y79.794 E0.01949
G0 F18000 X86.506 Y80.088
G1 F8400 X87.34 Y79.254 E0.01957
G0 F18000 X87.577 Y79.554
G1 F8400 X86.74 Y80.392 E0.01965
G0 F18000 X86.963 Y80.706
G1 F8400 X87.807 Y79.862 E0.0198
G0 F18000 X88.028 Y80.178
G1 F8400 X87.18 Y81.027 E0.01991
G0 F18000 X87.379 Y81.365
G1 F8400 X88.236 Y80.508 E0.0201
G0 F18000 X88.436 Y80.845
G1 F8400 X87.572 Y81.71 E0.02028
G0 F18000 X87.752 Y82.067
G1 F8400 X88.627 Y81.192 E0.02053
G0 F18000 X88.806 Y81.55
G1 F8400 X87.922 Y82.435 E0.02075
G0 F18000 X88.079 Y82.815
G1 F8400 X88.978 Y81.915 E0.0211
G0 F18000 X89.138 Y82.293
G1 F8400 X88.223 Y83.208 E0.02147
G0 F18000 X88.352 Y83.616
G1 F8400 X89.284 Y82.685 E0.02185
G0 F18000 X89.42 Y83.086
G1 F8400 X88.468 Y84.038 E0.02233
G0 F18000 X88.569 Y84.475
G1 F8400 X89.545 Y83.498 E0.02291
G0 F18000 X89.653 Y83.928
G1 F8400 X88.651 Y84.929 E0.02349
G0 F18000 X88.721 Y85.397
G1 F8400 X89.748 Y84.37 E0.02409
G0 F18000 X89.829 Y84.826
G1 F8400 X88.765 Y85.891 E0.02497
G0 F18000 X88.786 Y86.407
G1 F8400 X89.89 Y85.303 E0.0259
G0 F18000 X89.934 Y85.796
G1 F8400 X88.781 Y86.949 E0.02705
G0 F18000 X88.746 Y87.521
G1 F8400 X89.962 Y86.306 E0.02852
G0 F18000 X89.96 Y86.845
G1 F8400 X88.671 Y88.134 E0.03024
G0 F18000 X88.55 Y88.793
G1 F8400 X89.932 Y87.41 E0.03243
G0 F18000 X89.875 Y88.004
G1 F8400 X88.37 Y89.51 E0.03532
G1 X88.303 Y89.577
G0 F18000 X88.093 Y90.324
G1 F8400 X89.783 Y88.634 E0.03965
G0 F18000 X89.635 Y89.32
G1 F8400 X87.671 Y91.284 E0.04607
G1 X87.604 Y91.351
G0 F18000 X88.101 Y91.604
G0 X87.272 Y92.959
G0 X86.841 Y92.651
G1 F8400 X89.43 Y90.062 E0.06074
G1 X89.497 Y89.995
G0 F18000 X89.134 Y90.896
G1 F8400 X82.686 Y97.344 E0.15127
G1 X82.619 Y97.411
G0 F18000 X82.414 Y96.889
G0 X83.423 Y96.432
G0 X83.666 Y96.9
G1 F8400 X88.68 Y91.886 E0.11763
G1 X88.747 Y91.819
G0 F18000 X88.256 Y91.566
G0 X87.429 Y92.949
G0 X87.858 Y93.246
G1 F8400 X85.029 Y96.075 E0.06637
G1 X84.962 Y96.142
G1 F1800 E-3.5
;MESH:Upper-Dielectric-Part.STL
G0 F18000 X84.656 Y95.697
G0 X86.14 Y95.131
G0 X87.126 Y96.192
G0 X97.368 Y101.216
G0 X97.368 Y102.664
G0 X124.531 Y103.148
G0 X124.257 Y102.453
;TYPE:WALL-OUTER
G1 F1800 E3.52079
G1 F1500 X124.243 Y102.483 E0.00043
G1 X124.179 Y102.547 E0.00119
G1 X124.115 Y102.589 E0.001
G1 X124.06 Y102.613 E0.00079
G1 X123.963 Y102.641 E0.00132
G1 X123.915 Y102.646 E0.00063
G1 X123.058 Y102.641 E0.01124
G1 X122.97 Y102.627 E0.00117
G1 X122.892 Y102.593 E0.00112
G1 X122.823 Y102.548 E0.00108
G1 X122.769 Y102.499 E0.00096
G1 X122.729 Y102.447 E0.00086
G1 X97.267 Y102.446 E0.33388
G1 X97.231 Y102.495 E0.0008
G1 X97.195 Y102.531 E0.00067
G1 X97.156 Y102.561 E0.00065
G1 X97.081 Y102.602 E0.00112
G1 X96.995 Y102.635 E0.00121
G1 X96.941 Y102.642 E0.00071
G1 X96.085 Y102.646 E0.01122
G1 X96.006 Y102.635 E0.00105
G1 X95.905 Y102.601 E0.0014
G1 X95.866 Y102.58 E0.00058
G1 X95.797 Y102.529 E0.00113
G1 X95.756 Y102.483 E0.00081
G1 X95.732 Y102.446 E0.00058
G1 X92.914 Y102.446 E0.03695
G1 X92.914 Y117.554 E0.19811
G1 X95.731 Y117.554 E0.03694
G1 X95.741 Y117.536 E0.00027
G1 X95.786 Y117.482 E0.00092
G1 X95.834 Y117.442 E0.00082
G1 X95.872 Y117.415 E0.00061
G1 X95.908 Y117.395 E0.00054
G1 X95.99 Y117.365 E0.00114
G1 X96.056 Y117.354 E0.00088
G1 X96.92 Y117.354 E0.01133
G1 X96.996 Y117.362 E0.001
G1 X97.061 Y117.383 E0.0009
G1 X97.096 Y117.399 E0.0005
G1 X97.144 Y117.427 E0.00073
G1 X97.183 Y117.457 E0.00065
G1 X97.231 Y117.505 E0.00089
G1 X97.266 Y117.554 E0.00079
G1 X122.734 Y117.546 E0.33396
G1 X122.781 Y117.485 E0.00101
G1 X122.838 Y117.437 E0.00098
G1 X122.874 Y117.413 E0.00057
G1 X122.953 Y117.377 E0.00114
G1 X123.012 Y117.361 E0.0008
G1 X123.056 Y117.355 E0.00058
G1 X123.945 Y117.356 E0.01166
G1 X124.013 Y117.368 E0.00091
G1 X124.061 Y117.383 E0.00066
G1 X124.121 Y117.411 E0.00087
G1 X124.168 Y117.442 E0.00074
G1 X124.229 Y117.501 E0.00111
G1 X124.269 Y117.554 E0.00087
G1 X127.082 Y117.554 E0.03689
G1 X127.082 Y102.447 E0.1981
G1 X124.257 Y102.453 E0.03704
G0 F18000 X124.243 Y102.483
G0 X124.179 Y102.547
G0 X124.116 Y102.588
G0 X124.499 Y103.174
G0 X116.913 Y107.467
G0 X116.44 Y107.525
G0 X115.925 Y107.333
G0 X115.473 Y106.819
G0 X116.139 Y106.609
G1 F600 X116.113 Y106.526 E0.00114
G1 X116.11 Y106.507 E0.00025
G1 X116.11 Y106.403 E0.00136
G1 X116.121 Y106.334 E0.00092
G1 X116.141 Y106.28 E0.00076
G1 X116.583 Y105.512 E0.01162
G1 X116.636 Y105.443 E0.00114
G1 X116.69 Y105.398 E0.00092
G1 X116.754 Y105.362 E0.00096
G1 X116.787 Y105.347 E0.00048
G1 X116.903 Y105.316 E0.00157
G1 X116.96 Y105.315 E0.00075
G1 X117.012 Y105.323 E0.00069
G1 X117.08 Y105.339 E0.00092
G1 X117.135 Y105.358 E0.00076
G1 X117.174 Y105.377 E0.00057
G1 X117.232 Y105.419 E0.00094
G1 X117.276 Y105.459 E0.00078
G1 X117.317 Y105.512 E0.00088
G1 X117.351 Y105.579 E0.00099
G1 X117.355 Y105.581 E0.00006
G1 X117.381 Y105.654 E0.00102
G1 X117.389 Y105.714 E0.00079
G1 X117.389 Y105.762 E0.00063
G1 X117.371 Y105.883 E0.0016
G1 X117.341 Y105.955 E0.00102
G1 X116.906 Y106.705 E0.01137
G1 X116.869 Y106.752 E0.00078
G1 X116.839 Y106.779 E0.00053
G1 X116.767 Y106.83 E0.00116
G1 X116.705 Y106.859 E0.0009
G1 X116.591 Y106.885 E0.00153
G1 X116.511 Y106.886 E0.00105
G1 X116.423 Y106.869 E0.00118
G1 X116.354 Y106.844 E0.00096
G1 X116.293 Y106.805 E0.00095
G1 X116.241 Y106.763 E0.00088
G1 X116.201 Y106.723 E0.00074
G1 X116.174 Y106.683 E0.00063
G1 X116.139 Y106.609 E0.00107
G0 F18000 X116.113 Y106.526
G0 X116.11 Y106.507
G0 X116.11 Y106.413
G0 X115.413 Y106.378
G0 X115.442 Y113.813
G0 X116.114 Y113.634
G1 F600 X116.11 Y113.535 E0.0013
G1 X116.124 Y113.429 E0.0014
G1 X116.149 Y113.358 E0.00099
G1 X116.176 Y113.306 E0.00077
G1 X116.242 Y113.232 E0.0013
G1 X116.318 Y113.172 E0.00127
G1 X116.347 Y113.155 E0.00044
G1 X116.423 Y113.127 E0.00106
G1 X116.458 Y113.119 E0.00047
G1 X116.53 Y113.11 E0.00095
G1 X116.644 Y113.11 E0.00149
G1 X116.69 Y113.121 E0.00062
G1 X116.733 Y113.143 E0.00063
G1 X116.752 Y113.16 E0.00033
G1 X116.805 Y113.19 E0.0008
G1 X116.877 Y113.255 E0.00127
G1 X116.891 Y113.273 E0.0003
G1 X117.329 Y114.02 E0.01135
G1 X117.371 Y114.113 E0.00134
G1 X117.383 Y114.178 E0.00087
G1 X117.386 Y114.212 E0.00045
G1 X117.386 Y114.288 E0.001
G1 X117.374 Y114.355 E0.00089
G1 X117.35 Y114.419 E0.0009
G1 X117.332 Y114.455 E0.00053
G1 X117.296 Y114.511 E0.00087
G1 X117.26 Y114.553 E0.00073
G1 X117.204 Y114.601 E0.00097
G1 X117.155 Y114.631 E0.00075
G1 X117.066 Y114.666 E0.00125
G1 X117.021 Y114.676 E0.0006
G1 X116.912 Y114.678 E0.00143
G1 X116.863 Y114.672 E0.00065
G1 X116.803 Y114.656 E0.00081
G1 X116.751 Y114.634 E0.00074
G1 X116.687 Y114.594 E0.00099
G1 X116.653 Y114.567 E0.00057
G1 X116.617 Y114.531 E0.00067
G1 X116.566 Y114.467 E0.00107
G1 X116.141 Y113.722 E0.01125
G1 X116.12 Y113.676 E0.00066
G1 X116.114 Y113.634 E0.00056
G0 F18000 X116.11 Y113.535
G0 X116.123 Y113.435
G0 X115.465 Y113.206
G0 X102.937 Y115.319
G0 X102.284 Y115.086
G0 X102.77 Y114.583
G1 F600 X102.716 Y114.531 E0.00098
G1 X102.68 Y114.483 E0.00079
G1 X102.659 Y114.447 E0.00055
G1 X102.626 Y114.366 E0.00115
G1 X102.614 Y114.3 E0.00088
G1 X102.61 Y114.236 E0.00084
G1 X102.613 Y114.189 E0.00062
G1 X102.623 Y114.133 E0.00075
G1 X102.636 Y114.085 E0.00065
G1 X102.651 Y114.052 E0.00048
G1 X103.079 Y113.312 E0.01121
G1 X103.138 Y113.236 E0.00126
G1 X103.223 Y113.167 E0.00144
G1 X103.251 Y113.151 E0.00042
G1 X103.285 Y113.139 E0.00047
G1 X103.425 Y113.11 E0.00187
G1 X103.515 Y113.111 E0.00118
G1 X103.549 Y113.119 E0.00046
G1 X103.621 Y113.143 E0.001
G1 X103.648 Y113.155 E0.00039
G1 X103.731 Y113.213 E0.00133
G1 X103.763 Y113.241 E0.00056
G1 X103.811 Y113.298 E0.00098
G1 X103.842 Y113.35 E0.00079
G1 X103.858 Y113.386 E0.00052
G1 X103.87 Y113.424 E0.00052
G1 X103.882 Y113.48 E0.00075
G1 X103.886 Y113.52 E0.00053
G1 X103.886 Y113.592 E0.00094
G1 X103.876 Y113.656 E0.00085
G1 X103.862 Y113.702 E0.00063
G1 X103.837 Y113.756 E0.00078
G1 X103.417 Y114.48 E0.01098
G1 X103.369 Y114.543 E0.00104
G1 X103.332 Y114.578 E0.00067
G1 X103.288 Y114.61 E0.00071
G1 X103.249 Y114.632 E0.00059
G1 X103.181 Y114.66 E0.00096
G1 X103.097 Y114.68 E0.00113
G1 X103.024 Y114.682 E0.00096
G1 X102.986 Y114.679 E0.0005
G1 X102.946 Y114.671 E0.00053
G1 X102.909 Y114.659 E0.00051
G1 X102.822 Y114.619 E0.00126
G1 X102.77 Y114.583 E0.00083
G0 F18000 X102.716 Y114.531
G0 X102.68 Y114.483
G0 X102.659 Y114.447
G0 X102.651 Y114.426
G0 X102.023 Y114.732
G0 X102.528 Y115.193
G0 X102.937 Y115.319
G0 X103.318 Y115.294
G0 X103.776 Y115.048
G0 X111.022 Y110.892
G0 X111.214 Y110.71
G0 X111.535 Y110.097
G0 X110.838 Y110.014
G1 F600 X110.829 Y110.11 E0.00126
G1 X110.821 Y110.145 E0.00047
G1 X110.757 Y110.257 E0.00169
G1 X110.735 Y110.283 E0.00045
G1 X110.67 Y110.347 E0.0012
G1 X110.646 Y110.365 E0.00039
G1 X110.573 Y110.404 E0.00109
G1 X110.519 Y110.423 E0.00075
G1 X110.453 Y110.436 E0.00088
G1 X109.571 Y110.437 E0.01157
G1 X109.514 Y110.43 E0.00075
G1 X109.459 Y110.417 E0.00074
G1 X109.378 Y110.378 E0.00118
G1 X109.342 Y110.354 E0.00057
G1 X109.268 Y110.289 E0.00129
G1 X109.218 Y110.223 E0.00109
G1 X105.495 Y110.238 E0.04882
G1 X105.464 Y110.235 E0.00041
G1 X105.417 Y110.22 E0.00065
G1 X105.389 Y110.203 E0.00043
G1 X105.365 Y110.183 E0.00041
G1 X105.299 Y110.098 E0.00141
G1 X105.283 Y110.073 E0.00039
G1 X105.265 Y110.021 E0.00072
G1 X105.262 Y110.001 E0.00027
G1 X105.263 Y109.962 E0.00051
G1 X105.27 Y109.928 E0.00046
G1 X105.283 Y109.896 E0.00045
G1 X105.303 Y109.865 E0.00048
G1 X105.327 Y109.84 E0.00045
G1 X105.389 Y109.793 E0.00102
G1 X105.418 Y109.776 E0.00044
G1 X105.457 Y109.762 E0.00054
G1 X105.481 Y109.758 E0.00032
G1 X109.243 Y109.742 E0.04933
G1 X109.291 Y109.685 E0.00098
G1 X109.334 Y109.647 E0.00075
G1 X109.377 Y109.619 E0.00067
G1 X109.411 Y109.602 E0.0005
G1 X109.485 Y109.575 E0.00103
G1 X109.547 Y109.56 E0.00084
G1 X110.4 Y109.558 E0.01119
G1 X110.434 Y109.56 E0.00045
G1 X110.502 Y109.572 E0.00091
G1 X110.533 Y109.581 E0.00042
G1 X110.605 Y109.609 E0.00101
G1 X110.659 Y109.641 E0.00082
G1 X110.711 Y109.686 E0.0009
G1 X110.747 Y109.728 E0.00073
G1 X110.791 Y109.8 E0.00111
G1 X110.809 Y109.839 E0.00056
G1 X110.831 Y109.911 E0.00099
G1 X110.838 Y109.98 E0.00091
G1 X110.838 Y110.014 E0.00045
G0 F18000 X110.829 Y110.11
G0 X110.821 Y110.145
G0 X110.788 Y110.204
G0 X111.395 Y110.55
G0 X111.483 Y110.021
G0 X111.377 Y109.525
G0 X111.04 Y109.124
G0 X103.395 Y104.725
G0 X103.071 Y104.669
G0 X102.552 Y104.792
G0 X102.038 Y105.235
G0 X102.65 Y105.567
G1 F600 X102.676 Y105.521 E0.00069
G1 X102.748 Y105.435 E0.00147
G1 X102.786 Y105.401 E0.00067
G1 X102.834 Y105.369 E0.00076
G1 X102.887 Y105.345 E0.00076
G1 X102.964 Y105.324 E0.00105
G1 X103.044 Y105.314 E0.00106
G1 X103.153 Y105.328 E0.00144
G1 X103.205 Y105.343 E0.00071
G1 X103.265 Y105.371 E0.00087
G1 X103.299 Y105.391 E0.00052
G1 X103.335 Y105.421 E0.00061
G1 X103.393 Y105.482 E0.0011
G1 X103.429 Y105.533 E0.00082
G1 X103.83 Y106.229 E0.01053
G1 X103.847 Y106.264 E0.00051
G1 X103.855 Y106.274 E0.00017
G1 X103.873 Y106.312 E0.00055
G1 X103.881 Y106.346 E0.00046
G1 X103.89 Y106.415 E0.00091
G1 X103.89 Y106.451 E0.00047
G1 X103.882 Y106.531 E0.00105
G1 X103.869 Y106.583 E0.0007
G1 X103.845 Y106.643 E0.00085
G1 X103.827 Y106.677 E0.0005
G1 X103.772 Y106.746 E0.00116
G1 X103.669 Y106.83 E0.00174
G1 X103.629 Y106.849 E0.00058
G1 X103.54 Y106.876 E0.00122
G1 X103.46 Y106.886 E0.00106
G1 X103.403 Y106.886 E0.00075
G1 X103.34 Y106.876 E0.00084
G1 X103.31 Y106.868 E0.00041
G1 X103.281 Y106.856 E0.00041
G1 X103.185 Y106.802 E0.00144
G1 X103.157 Y106.779 E0.00048
G1 X103.093 Y106.712 E0.00121
G1 X102.647 Y105.935 E0.01175
G1 X102.629 Y105.894 E0.00059
G1 X102.612 Y105.806 E0.00118
G1 X102.61 Y105.728 E0.00102
G1 X102.613 Y105.69 E0.0005
G1 X102.63 Y105.619 E0.00096
G1 X102.65 Y105.567 E0.00073
G0 F18000 X102.676 Y105.521
G0 X102.748 Y105.435
G0 X102.774 Y105.412
G0 X102.268 Y104.931
G0 X93.535 Y103.146
G0 X93.535 Y102.617
;TYPE:SKIN
G1 F8400 X93.085 Y103.066 E0.01055
G0 F18000 X93.085 Y103.604
G1 F8400 X94.072 Y102.617 E0.02315
G0 F18000 X94.609 Y102.617
G1 F8400 X93.085 Y104.141 E0.03575
G0 F18000 X93.085 Y104.679
G1 F8400 X95.147 Y102.617 E0.04837
G0 F18000 X95.666 Y102.635
G1 F8400 X93.085 Y105.216 E0.06055
G0 F18000 X93.085 Y105.753
G1 F8400 X96.026 Y102.813 E0.06898
G0 F18000 X96.562 Y102.814
G1 F8400 X93.085 Y106.291 E0.08157
G0 F18000 X93.085 Y106.828
G1 F8400 X97.162 Y102.751 E0.09565
G0 F18000 X97.834 Y102.617
G1 F8400 X93.085 Y107.366 E0.11141
G0 F18000 X93.085 Y107.903
G1 F8400 X98.371 Y102.617 E0.12401
G0 F18000 X98.909 Y102.617
G1 F8400 X93.085 Y108.44 E0.13662
G0 F18000 X93.085 Y108.978
G1 F8400 X99.446 Y102.617 E0.14923
G0 F18000 X99.983 Y102.617
G1 F8400 X93.085 Y109.515 E0.16182
G0 F18000 X93.085 Y110.053
G1 F8400 X100.521 Y102.617 E0.17445
G0 F18000 X101.058 Y102.617
G1 F8400 X93.085 Y110.59 E0.18704
G0 F18000 X93.085 Y111.127
G1 F8400 X101.596 Y102.617 E0.19965
G0 F18000 X102.133 Y102.617
G1 F8400 X93.085 Y111.665 E0.21226
G0 F18000 X93.085 Y112.202
G1 F8400 X102.67 Y102.617 E0.22486
G0 F18000 X103.208 Y102.617
G1 F8400 X93.085 Y112.74 E0.23748
G0 F18000 X93.085 Y113.277
G1 F8400 X103.745 Y102.617 E0.25008
G0 F18000 X104.283 Y102.617
G1 F8400 X93.085 Y113.814 E0.26269
G0 F18000 X93.085 Y114.352
G1 F8400 X104.82 Y102.617 E0.2753
G1 X104.887 Y102.55
G0 F18000 X104.887 Y103.146
G0 X102.841 Y104.583
G0 X102.055 Y105.202
G0 X102.52 Y105.454
G1 F8400 X93.085 Y114.889 E0.22134
G0 F18000 X93.085 Y115.427
G1 F8400 X102.496 Y106.016 E0.22078
G0 F18000 X102.692 Y106.357
G1 F8400 X93.085 Y115.964 E0.22538
G0 F18000 X93.085 Y116.501
G1 F8400 X102.889 Y106.697 E0.23
G0 F18000 X103.147 Y106.977
G1 F8400 X93.085 Y117.039 E0.23605
G0 F18000 X93.279 Y117.383
G1 F8400 X103.634 Y107.027 E0.24294
G1 X103.701 Y106.96
G0 F18000 X103.903 Y107.494
G0 X103.313 Y107.522
G0 X102.883 Y107.373
G0 X102.573 Y107.086
G0 X102.053 Y106.182
G0 X101.974 Y105.644
G0 X102.13 Y105.224
G0 X102.46 Y104.781
G0 X102.753 Y105.221
G1 F8400 X105.357 Y102.617 E0.06109
G0 F18000 X105.895 Y102.617
G1 F8400 X103.309 Y105.203 E0.06067
G0 F18000 X103.587 Y105.462
G1 F8400 X106.432 Y102.617 E0.06674
G0 F18000 X106.97 Y102.617
G1 F8400 X103.783 Y105.804 E0.07477
G0 F18000 X103.979 Y106.145
G1 F8400 X107.507 Y102.617 E0.08277
G0 F18000 X108.045 Y102.617
G1 F8400 X104.032 Y106.629 E0.09413
G1 X103.965 Y106.696
G0 F18000 X104.494 Y106.902
G0 X108.582 Y103.146
G0 X108.582 Y102.617
G1 F8400 X93.816 Y117.383 E0.34641
G0 F18000 X94.354 Y117.383
G1 F8400 X109.119 Y102.617 E0.34639
G0 F18000 X109.657 Y102.617
G1 F8400 X94.891 Y117.383 E0.34641
G0 F18000 X95.428 Y117.383
G1 F8400 X110.194 Y102.617 E0.34641
G0 F18000 X110.732 Y102.617
G1 F8400 X96.165 Y117.183 E0.34173
G0 F18000 X96.703 Y117.183
G1 F8400 X111.269 Y102.617 E0.34171
G0 F18000 X111.806 Y102.617
G1 F8400 X97.175 Y117.248 E0.34324
G0 F18000 X97.579 Y117.382
G1 F8400 X105.122 Y109.838 E0.17697
G0 F18000 X105.333 Y109.628
G1 F8400 X112.344 Y102.617 E0.16448
G0 F18000 X112.881 Y102.617
G1 F8400 X105.912 Y109.586 E0.16349
G0 F18000 X106.451 Y109.584
G1 F8400 X113.419 Y102.617 E0.16346
G0 F18000 X113.956 Y102.617
G1 F8400 X106.992 Y109.581 E0.16337
G0 F18000 X107.531 Y109.579
G1 F8400 X114.493 Y102.617 E0.16333
G0 F18000 X115.031 Y102.617
G1 F8400 X108.071 Y109.577 E0.16328
G0 F18000 X108.61 Y109.575
G1 F8400 X115.568 Y102.617 E0.16323
G0 F18000 X116.106 Y102.617
G1 F8400 X109.15 Y109.573 E0.16319
G0 F18000 X109.873 Y109.387
G1 F8400 X116.643 Y102.617 E0.15882
G0 F18000 X117.18 Y102.617
G1 F8400 X110.409 Y109.388 E0.15885
G0 F18000 X110.798 Y109.536
G1 F8400 X117.718 Y102.617 E0.16233
G0 F18000 X118.255 Y102.617
G1 F8400 X110.997 Y109.874 E0.17026
G1 X110.93 Y109.941
G0 F18000 X111.534 Y109.894
G0 X111.403 Y110.414
G0 X111.259 Y110.667
G0 X111.022 Y110.892
G0 X110.51 Y111.078
G0 X105.089 Y110.877
G0 X104.796 Y110.594
G0 X105.222 Y110.276
G1 F8400 X98.116 Y117.382 E0.1667
G0 F18000 X98.653 Y117.382
G1 F8400 X105.627 Y110.408 E0.16361
G1 X105.694 Y110.341
G0 F18000 X105.695 Y110.94
G0 X102.668 Y112.802
G0 X101.931 Y114.036
G0 X102.448 Y114.124
G1 F8400 X99.191 Y117.382 E0.07642
G0 F18000 X99.729 Y117.381
G1 F8400 X102.535 Y114.575 E0.06583
G0 F18000 X102.834 Y114.814
G1 F8400 X100.266 Y117.381 E0.06023
G1 X100.199 Y117.448
G0 F18000 X100.199 Y116.854
G0 X102.668 Y112.802
G0 X102.961 Y112.582
G0 X103.087 Y112.55
G0 X103.735 Y112.449
G0 X103.613 Y112.96
G1 F8400 X106.166 Y110.406 E0.0599
G0 F18000 X106.707 Y110.403
G1 F8400 X103.933 Y113.177 E0.06508
G0 F18000 X104.057 Y113.59
G1 F8400 X107.246 Y110.401 E0.07481
G0 F18000 X107.786 Y110.399
G1 F8400 X100.804 Y117.381 E0.1638
G0 F18000 X101.341 Y117.381
G1 F8400 X108.325 Y110.397 E0.16384
G0 F18000 X108.865 Y110.395
G1 F8400 X101.879 Y117.381 E0.16389
G0 F18000 X102.417 Y117.38
G1 F8400 X109.28 Y110.517 E0.161
G0 F18000 X109.727 Y110.608
G1 F8400 X102.954 Y117.38 E0.15888
G0 F18000 X103.491 Y117.38
G1 F8400 X110.263 Y110.608 E0.15887
G1 X110.33 Y110.541
G0 F18000 X110.33 Y111.14
G0 X104.029 Y116.854
G0 X104.029 Y117.38
G1 F8400 X118.793 Y102.617 E0.34635
G1 X118.86 Y102.55
G0 F18000 X118.86 Y103.146
G0 X116.23 Y104.945
G0 X115.862 Y105.365
G0 X116.317 Y105.63
G1 F8400 X104.567 Y117.38 E0.27565
G0 F18000 X105.104 Y117.38
G1 F8400 X115.942 Y106.542 E0.25426
G0 F18000 X116.13 Y106.892
G1 F8400 X105.642 Y117.38 E0.24605
G0 F18000 X106.179 Y117.38
G1 F8400 X116.501 Y107.057 E0.24216
G1 X116.568 Y106.99
G0 F18000 X116.551 Y107.589
G0 X115.925 Y107.333
G0 X115.559 Y106.888
G0 X115.477 Y106.309
G0 X115.591 Y105.952
G0 X116.166 Y105.046
G0 X116.568 Y104.682
G0 X116.772 Y105.175
G1 F8400 X119.33 Y102.617 E0.06001
G0 F18000 X119.867 Y102.617
G1 F8400 X117.255 Y105.23 E0.06129
G0 F18000 X117.51 Y105.512
G1 F8400 X120.405 Y102.617 E0.06792
G0 F18000 X120.942 Y102.617
G1 F8400 X117.45 Y106.108 E0.08191
G1 X117.383 Y106.175
G0 F18000 X117.862 Y106.453
G0 X121.48 Y103.146
G0 X121.48 Y102.617
G1 F8400 X106.717 Y117.379 E0.34632
G0 F18000 X107.255 Y117.379
G1 F8400 X122.017 Y102.617 E0.34631
G0 F18000 X122.554 Y102.617
G1 F8400 X107.792 Y117.379 E0.34631
G0 F18000 X108.329 Y117.379
G1 F8400 X122.919 Y102.789 E0.34228
G0 F18000 X123.432 Y102.814
G1 F8400 X108.868 Y117.378 E0.34167
G0 F18000 X109.405 Y117.378
G1 F8400 X123.973 Y102.81 E0.34176
G0 F18000 X124.697 Y102.624
G1 F8400 X109.942 Y117.378 E0.34614
G0 F18000 X110.48 Y117.378
G1 F8400 X125.236 Y102.622 E0.34617
G0 F18000 X125.774 Y102.621
G1 F8400 X111.017 Y117.378 E0.34619
G0 F18000 X111.555 Y117.378
G1 F8400 X126.313 Y102.62 E0.34622
G0 F18000 X126.851 Y102.619
G1 F8400 X116.53 Y112.94 E0.24213
G0 F18000 X116.934 Y113.074
G1 F8400 X126.911 Y103.097 E0.23406
G0 F18000 X126.911 Y103.634
G1 F8400 X117.157 Y113.388 E0.22883
G0 F18000 X117.356 Y113.727
G1 F8400 X126.911 Y104.172 E0.22416
G0 F18000 X126.911 Y104.709
G1 F8400 X117.538 Y114.082 E0.21989
G1 X117.471 Y114.149
G0 F18000 X118.066 Y114.007
G0 X117.398 Y112.871
G0 X117.043 Y112.583
G0 X116.512 Y112.469
G0 X116.007 Y112.611
G0 X115.72 Y112.879
G0 X115.414 Y113.46
G0 X115.939 Y113.531
G1 F8400 X112.093 Y117.378 E0.09024
G0 F18000 X112.63 Y117.378
G1 F8400 X116.069 Y113.939 E0.08068
G0 F18000 X116.263 Y114.282
G1 F8400 X113.167 Y117.378 E0.07263
G0 F18000 X113.706 Y117.377
G1 F8400 X116.466 Y114.616 E0.06476
G0 F18000 X116.79 Y114.83
G1 F8400 X114.243 Y117.377 E0.05975
G0 F18000 X114.78 Y117.377
G1 F8400 X126.911 Y105.246 E0.28459
G0 F18000 X126.911 Y105.784
G1 F8400 X115.318 Y117.377 E0.27197
G0 F18000 X115.856 Y117.376
G1 F8400 X126.911 Y106.321 E0.25935
G0 F18000 X126.911 Y106.859
G1 F8400 X116.393 Y117.376 E0.24674
G0 F18000 X116.931 Y117.376
G1 F8400 X126.911 Y107.396 E0.23413
G0 F18000 X126.911 Y107.933
G1 F8400 X117.468 Y117.376 E0.22153
G0 F18000 X118.006 Y117.376
G1 F8400 X126.911 Y108.471 E0.20891
G0 F18000 X126.911 Y109.008
G1 F8400 X118.544 Y117.375 E0.19629
G0 F18000 X119.081 Y117.375
G1 F8400 X126.911 Y109.546 E0.18368
G0 F18000 X126.911 Y110.083
G1 F8400 X119.618 Y117.375 E0.17108
G0 F18000 X120.156 Y117.375
G1 F8400 X126.911 Y110.62 E0.15847
G0 F18000 X126.911 Y111.158
G1 F8400 X120.694 Y117.375 E0.14585
G0 F18000 X121.231 Y117.375
G1 F8400 X126.911 Y111.695 E0.13325
G0 F18000 X126.911 Y112.233
G1 F8400 X121.769 Y117.375 E0.12063
G0 F18000 X122.306 Y117.375
G1 F8400 X126.911 Y112.77 E0.10803
G0 F18000 X126.911 Y113.307
G1 F8400 X123.033 Y117.185 E0.09098
G0 F18000 X123.572 Y117.184
G1 F8400 X126.911 Y113.845 E0.07833
G0 F18000 X126.911 Y114.382
G1 F8400 X124.082 Y117.211 E0.06637
G0 F18000 X124.447 Y117.383
G1 F8400 X126.911 Y114.92 E0.05779
G0 F18000 X126.911 Y115.457
G1 F8400 X124.985 Y117.383 E0.04518
G0 F18000 X125.522 Y117.383
G1 F8400 X126.911 Y115.995 E0.03257
G0 F18000 X126.911 Y116.532
G1 F8400 X126.059 Y117.383 E0.01998
G0 F18000 X126.597 Y117.383
G1 F8400 X126.911 Y117.069 E0.00737
G0 F18000 X126.104 Y116.686
G1 F1800 E-3.5
;MESH:NONMESH
G0 F1200 X126.104 Y116.686 Z0.7
G0 F18000 X110.574 Y109.342
G0 X103.09 Y107.028
G0 X93.13 Y102.66
G0 X91.686 Y102.66
G0 X81.464 Y99.209
G0 X80.884 Y97.857
G0 X78.611 Y97.65
G0 X78.647 Y98.346
;TIME_ELAPSED:175.521191
;LAYER:4
;TYPE:WALL-OUTER
;MESH:01_Prime_Insulator.STL
G1 F1800 E3.52079
G1 F1500 X78.367 Y98.35 E0.00367
G1 X77.882 Y98.339 E0.00636
G1 X77.622 Y98.324 E0.00341
G1 X77.078 Y98.279 E0.00716
G1 X76.525 Y98.204 E0.00732
G1 X76.114 Y98.13 E0.00548
G1 X75.853 Y98.074 E0.0035
G1 X75.59 Y98.013 E0.00354
G1 X75.35 Y97.953 E0.00324
G1 X75.348 Y97.955 E0.00004
G1 X75.09 Y97.884 E0.00351
G1 X74.827 Y97.803 E0.00361
G1 X74.604 Y97.729 E0.00308
G1 X74.342 Y97.636 E0.00365
G1 X73.894 Y97.461 E0.00631
G1 X73.649 Y97.358 E0.00348
G1 X73.397 Y97.243 E0.00363
G1 X73.203 Y97.15 E0.00282
G1 X72.69 Y96.886 E0.00757
G1 X72.287 Y96.649 E0.00613
G1 X72.051 Y96.504 E0.00363
G1 X71.859 Y96.379 E0.003
G1 X71.443 Y96.089 E0.00665
G1 X71.23 Y95.932 E0.00347
G1 X70.808 Y95.591 E0.00711
G1 X70.61 Y95.421 E0.00342
G1 X70.393 Y95.227 E0.00382
G1 X70.249 Y95.091 E0.0026
G1 X69.894 Y94.736 E0.00658
G1 X69.699 Y94.525 E0.00377
G1 X69.386 Y94.171 E0.0062
G1 X69.029 Y93.725 E0.00749
G1 X68.89 Y93.542 E0.00301
G1 X68.604 Y93.136 E0.00651
G1 X68.453 Y92.9 E0.00367
G1 X68.189 Y92.469 E0.00663
G1 X67.96 Y92.045 E0.00632
G1 X67.726 Y91.578 E0.00685
G1 X67.6 Y91.301 E0.00399
G1 X67.435 Y90.895 E0.00575
G1 X67.321 Y90.598 E0.00417
G1 X67.17 Y90.155 E0.00614
G1 X67.083 Y89.878 E0.00381
G1 X66.96 Y89.414 E0.00629
G1 X66.896 Y89.145 E0.00363
G1 X66.794 Y88.645 E0.00669
G1 X66.755 Y88.404 E0.0032
G1 X66.716 Y88.125 E0.00369
G1 X66.718 Y88.122 E0.00005
G1 X66.687 Y87.883 E0.00316
G1 X66.643 Y87.363 E0.00684
G1 X66.627 Y87.111 E0.00331
G1 X66.614 Y86.62 E0.00644
G1 X66.625 Y86.093 E0.00691
G1 X66.642 Y85.811 E0.0037
G1 X66.659 Y85.596 E0.00283
G1 X66.681 Y85.374 E0.00293
G1 X66.75 Y84.801 E0.00757
G1 X66.794 Y84.542 E0.00344
G1 X66.888 Y84.077 E0.00622
G1 X66.957 Y83.778 E0.00402
G1 X67.018 Y83.54 E0.00322
G1 X67.09 Y83.283 E0.0035
G1 X67.244 Y82.798 E0.00667
G1 X67.421 Y82.313 E0.00677
G1 X67.602 Y81.877 E0.00619
G1 X67.732 Y81.592 E0.00411
G1 X67.929 Y81.192 E0.00585
G1 X68.056 Y80.948 E0.00361
G1 X68.327 Y80.482 E0.00707
G1 X68.46 Y80.266 E0.00333
G1 X68.589 Y80.069 E0.00309
G1 X68.88 Y79.652 E0.00667
G1 X69.054 Y79.423 E0.00377
G1 X69.366 Y79.033 E0.00655
G1 X69.687 Y78.665 E0.0064
G1 X69.879 Y78.463 E0.00365
G1 X70.07 Y78.268 E0.00358
G1 X70.223 Y78.118 E0.00281
G1 X70.445 Y77.909 E0.004
G1 X70.624 Y77.748 E0.00316
G1 X71.04 Y77.398 E0.00713
G1 X71.43 Y77.102 E0.00642
G1 X71.818 Y76.827 E0.00624
G1 X72.243 Y76.555 E0.00662
G1 X72.489 Y76.409 E0.00375
G1 X72.689 Y76.298 E0.003
G1 X72.952 Y76.158 E0.00391
G1 X73.407 Y75.932 E0.00666
G1 X73.675 Y75.812 E0.00385
G1 X74.094 Y75.64 E0.00594
G1 X74.364 Y75.538 E0.00378
G1 X74.809 Y75.383 E0.00618
G1 X75.088 Y75.298 E0.00382
G1 X75.583 Y75.169 E0.00671
G1 X75.815 Y75.113 E0.00313
G1 X76.354 Y75.004 E0.00721
G1 X76.58 Y74.968 E0.003
G1 X76.839 Y74.932 E0.00343
G1 X76.842 Y74.934 E0.00005
G1 X77.08 Y74.903 E0.00315
G1 X77.575 Y74.862 E0.00651
G1 X77.857 Y74.843 E0.00371
G1 X78.348 Y74.83 E0.00644
G1 X78.902 Y74.842 E0.00727
G1 X79.402 Y74.877 E0.00657
G1 X79.638 Y74.901 E0.00311
G1 X80.224 Y74.976 E0.00775
G1 X80.637 Y75.05 E0.0055
G1 X80.919 Y75.111 E0.00378
G1 X81.182 Y75.172 E0.00354
G1 X81.438 Y75.236 E0.00346
G1 X81.924 Y75.38 E0.00665
G1 X82.364 Y75.528 E0.00609
G1 X82.653 Y75.637 E0.00405
G1 X83.092 Y75.818 E0.00623
G1 X83.35 Y75.934 E0.00371
G1 X84.048 Y76.287 E0.01026
G1 X84.469 Y76.535 E0.00641
G1 X84.912 Y76.814 E0.00687
G1 X85.302 Y77.089 E0.00626
G1 X85.526 Y77.254 E0.00365
G1 X85.917 Y77.57 E0.00659
G1 X86.132 Y77.751 E0.00369
G1 X86.348 Y77.947 E0.00382
G1 X86.517 Y78.106 E0.00304
G1 X86.89 Y78.479 E0.00692
G1 X87.202 Y78.819 E0.00605
G1 X87.57 Y79.256 E0.00749
G1 X87.862 Y79.638 E0.0063
G1 X88.154 Y80.054 E0.00666
G1 X88.423 Y80.48 E0.00661
G1 X88.553 Y80.702 E0.00337
G1 X88.793 Y81.137 E0.00651
G1 X89.032 Y81.614 E0.007
G1 X89.137 Y81.848 E0.00336
G1 X89.245 Y82.105 E0.00366
G1 X89.249 Y82.107 E0.00006
G1 X89.408 Y82.517 E0.00577
G1 X89.579 Y83.014 E0.00689
G1 X89.662 Y83.288 E0.00375
G1 X89.801 Y83.805 E0.00702
G1 X89.858 Y84.045 E0.00323
G1 X89.954 Y84.537 E0.00657
G1 X90.036 Y85.058 E0.00692
G1 X90.034 Y85.061 E0.00005
G1 X90.067 Y85.309 E0.00328
G1 X90.124 Y86.046 E0.00969
G1 X90.134 Y86.362 E0.00415
G1 X90.134 Y86.808 E0.00585
G1 X90.127 Y87.087 E0.00366
G1 X90.112 Y87.346 E0.0034
G1 X90.091 Y87.62 E0.0036
G1 X90.064 Y87.876 E0.00338
G1 X89.988 Y88.443 E0.0075
G1 X89.959 Y88.634 E0.00253
G1 X89.905 Y88.908 E0.00366
G1 X89.807 Y89.353 E0.00598
G1 X89.68 Y89.834 E0.00652
G1 X89.587 Y90.141 E0.00421
G1 X89.431 Y90.592 E0.00626
G1 X89.345 Y90.826 E0.00327
G1 X89.239 Y91.089 E0.00372
G1 X89.027 Y91.57 E0.00689
G1 X88.94 Y91.753 E0.00266
G1 X88.803 Y92.028 E0.00403
G1 X88.681 Y92.257 E0.0034
G1 X88.425 Y92.697 E0.00668
G1 X88.292 Y92.914 E0.00334
G1 X88.163 Y93.111 E0.00309
G1 X87.864 Y93.54 E0.00686
G1 X87.54 Y93.959 E0.00695
G1 X87.39 Y94.143 E0.00311
G1 X87.026 Y94.559 E0.00725
G1 X86.708 Y94.887 E0.00599
G1 X86.498 Y95.094 E0.00387
G1 X86.316 Y95.264 E0.00327
G1 X85.934 Y95.599 E0.00666
G1 X85.566 Y95.893 E0.00618
G1 X85.344 Y96.061 E0.00365
G1 X85.144 Y96.205 E0.00323
G1 X84.927 Y96.356 E0.00347
G1 X84.686 Y96.514 E0.00378
G1 X84.492 Y96.635 E0.003
G1 X84.265 Y96.77 E0.00346
G1 X84.017 Y96.909 E0.00373
G1 X83.608 Y97.121 E0.00604
G1 X83.344 Y97.249 E0.00385
G1 X82.855 Y97.464 E0.007
G1 X82.449 Y97.623 E0.00572
G1 X81.939 Y97.799 E0.00707
G1 X81.69 Y97.874 E0.00341
G1 X81.156 Y98.014 E0.00724
G1 X80.951 Y98.063 E0.00276
G1 X80.427 Y98.17 E0.00701
G1 X80.189 Y98.209 E0.00316
G1 X79.924 Y98.247 E0.00351
G1 X79.666 Y98.278 E0.00341
G1 X79.184 Y98.321 E0.00635
G1 X78.9 Y98.338 E0.00373
G1 X78.647 Y98.346 E0.00332
G0 F18000 X78.847 Y98.34
G0 X78.828 Y97.642
G0 X78.615 Y97.529
G0 X78.592 Y96.83
G1 F1500 X78.819 Y96.822 E0.00298
G1 X79.043 Y96.81 E0.00294
G1 X79.49 Y96.77 E0.00588
G1 X79.706 Y96.745 E0.00285
G1 X79.927 Y96.713 E0.00293
G1 X80.369 Y96.635 E0.00589
G1 X80.59 Y96.591 E0.00295
G1 X81.022 Y96.485 E0.00583
G1 X81.24 Y96.423 E0.00297
G1 X81.665 Y96.29 E0.00584
G1 X82.025 Y96.159 E0.00502
G1 X82.287 Y96.056 E0.00369
G1 X82.501 Y95.962 E0.00306
G1 X82.904 Y95.777 E0.00581
G1 X83.301 Y95.569 E0.00588
G1 X83.687 Y95.345 E0.00585
G1 X84.066 Y95.105 E0.00588
G1 X84.245 Y94.984 E0.00283
G1 X84.429 Y94.852 E0.00297
G1 X84.599 Y94.725 E0.00278
G1 X84.955 Y94.437 E0.006
G1 X85.334 Y94.103 E0.00662
G1 X85.612 Y93.834 E0.00507
G1 X85.905 Y93.529 E0.00555
G1 X86.068 Y93.354 E0.00314
G1 X86.215 Y93.18 E0.00299
G1 X86.5 Y92.828 E0.00594
G1 X86.629 Y92.655 E0.00283
G1 X86.92 Y92.239 E0.00666
G1 X86.918 Y92.237 E0.00004
G1 X86.984 Y92.137 E0.00157
G1 X87.242 Y91.716 E0.00647
G1 X87.345 Y91.531 E0.00278
G1 X87.564 Y91.119 E0.00612
G1 X87.745 Y90.724 E0.0057
G1 X87.91 Y90.325 E0.00566
G1 X88.071 Y89.886 E0.00613
G1 X88.206 Y89.457 E0.0059
G1 X88.324 Y89.031 E0.0058
G1 X88.418 Y88.592 E0.00589
G1 X88.496 Y88.149 E0.0059
G1 X88.529 Y87.928 E0.00293
G1 X88.577 Y87.489 E0.00579
G1 X88.594 Y87.27 E0.00288
G1 X88.614 Y86.829 E0.00579
G1 X88.614 Y86.368 E0.00605
G1 X88.606 Y86.141 E0.00298
G1 X88.595 Y85.939 E0.00265
G1 X88.558 Y85.472 E0.00614
G1 X88.533 Y85.272 E0.00264
G1 X88.496 Y85.034 E0.00316
G1 X88.42 Y84.595 E0.00584
G1 X88.326 Y84.163 E0.0058
G1 X88.208 Y83.729 E0.0059
G1 X88.073 Y83.3 E0.0059
G1 X87.943 Y82.939 E0.00503
G1 X87.857 Y82.723 E0.00305
G1 X87.751 Y82.47 E0.0036
G1 X87.56 Y82.063 E0.0059
G1 X87.353 Y81.661 E0.00593
G1 X87.129 Y81.277 E0.00583
G1 X86.991 Y81.049 E0.00349
G1 X86.973 Y81.027 E0.00037
G1 X86.768 Y80.724 E0.0048
G1 X86.506 Y80.36 E0.00588
G1 X86.224 Y80.012 E0.00587
G1 X86.078 Y79.841 E0.00295
G1 X85.776 Y79.511 E0.00587
G1 X85.621 Y79.351 E0.00292
G1 X85.34 Y79.082 E0.0051
G1 X84.962 Y78.749 E0.00661
G1 X84.791 Y78.609 E0.0029
G1 X84.436 Y78.333 E0.0059
G1 X84.07 Y78.076 E0.00586
G1 X83.694 Y77.839 E0.00583
G1 X83.499 Y77.721 E0.00299
G1 X83.311 Y77.616 E0.00282
G1 X82.917 Y77.409 E0.00584
G1 X82.509 Y77.219 E0.0059
G1 X82.3 Y77.129 E0.00298
G1 X81.884 Y76.968 E0.00585
G1 X81.682 Y76.9 E0.00279
G1 X81.17 Y76.736 E0.00705
G1 X81.167 Y76.739 E0.00006
G1 X81.04 Y76.703 E0.00173
G1 X80.598 Y76.595 E0.00597
G1 X80.373 Y76.546 E0.00302
G1 X79.933 Y76.468 E0.00586
G1 X79.497 Y76.411 E0.00577
G1 X79.05 Y76.37 E0.00589
G1 X78.607 Y76.353 E0.00581
G1 X78.382 Y76.35 E0.00295
G1 X78.166 Y76.354 E0.00283
G1 X77.712 Y76.37 E0.00596
G1 X77.258 Y76.41 E0.00598
G1 X76.827 Y76.467 E0.0057
G1 X76.759 Y76.481 E0.00091
G1 X76.384 Y76.544 E0.00499
G1 X75.946 Y76.642 E0.00589
G1 X75.568 Y76.74 E0.00512
G1 X75.297 Y76.822 E0.00371
G1 X75.084 Y76.891 E0.00294
G1 X74.727 Y77.021 E0.00498
G1 X74.458 Y77.127 E0.00379
G1 X73.856 Y77.399 E0.00866
G1 X73.447 Y77.611 E0.00604
G1 X73.067 Y77.834 E0.00578
G1 X72.686 Y78.075 E0.00591
G1 X72.512 Y78.194 E0.00276
G1 X72.143 Y78.462 E0.00598
G1 X71.954 Y78.61 E0.00315
G1 X71.769 Y78.766 E0.00317
G1 X71.466 Y79.033 E0.0053
G1 X71.299 Y79.187 E0.00298
G1 X70.98 Y79.51 E0.00595
G1 X70.822 Y79.677 E0.00301
G1 X70.554 Y79.977 E0.00527
G1 X70.252 Y80.352 E0.00631
G1 X70.13 Y80.52 E0.00272
G1 X69.864 Y80.898 E0.00606
G1 X69.778 Y81.028 E0.00204
G1 X69.774 Y81.03 E0.00006
G1 X69.509 Y81.465 E0.00668
G1 X69.398 Y81.662 E0.00297
G1 X69.297 Y81.85 E0.0028
G1 X69.189 Y82.068 E0.00319
G1 X69.002 Y82.468 E0.00579
G1 X68.832 Y82.876 E0.0058
G1 X68.68 Y83.296 E0.00586
G1 X68.608 Y83.51 E0.00296
G1 X68.529 Y83.778 E0.00366
G1 X68.432 Y84.152 E0.00507
G1 X68.379 Y84.371 E0.00295
G1 X68.336 Y84.581 E0.00281
G1 X68.253 Y85.031 E0.006
G1 X68.196 Y85.477 E0.0059
G1 X68.174 Y85.691 E0.00282
G1 X68.146 Y86.139 E0.00589
G1 X68.138 Y86.362 E0.00293
G1 X68.134 Y86.587 E0.00295
G1 X68.146 Y87.023 E0.00572
G1 X68.174 Y87.477 E0.00596
G1 X68.195 Y87.719 E0.00319
G1 X68.255 Y88.143 E0.00562
G1 X68.332 Y88.585 E0.00588
G1 X68.426 Y89.021 E0.00585
G1 X68.528 Y89.399 E0.00513
G1 X68.674 Y89.876 E0.00654
G1 X68.805 Y90.241 E0.00509
G1 X68.911 Y90.507 E0.00375
G1 X68.991 Y90.692 E0.00264
G1 X69.187 Y91.117 E0.00614
G1 X69.285 Y91.304 E0.00277
G1 X69.505 Y91.708 E0.00603
G1 X69.62 Y91.902 E0.00296
G1 X69.982 Y92.459 E0.00871
G1 X70.245 Y92.819 E0.00585
G1 X70.4 Y93.012 E0.00325
G1 X70.669 Y93.338 E0.00554
G1 X70.693 Y93.361 E0.00044
G1 X70.785 Y93.464 E0.00181
G1 X70.783 Y93.466 E0.00004
G1 X70.965 Y93.659 E0.00348
G1 X71.293 Y93.987 E0.00608
G1 X71.461 Y94.146 E0.00303
G1 X71.767 Y94.412 E0.00532
G1 X71.949 Y94.566 E0.00313
G1 X72.136 Y94.712 E0.00311
G1 X72.489 Y94.971 E0.00574
G1 X72.681 Y95.101 E0.00304
G1 X73.053 Y95.34 E0.0058
G1 X73.255 Y95.46 E0.00308
G1 X73.412 Y95.548 E0.00236
G1 X73.848 Y95.777 E0.00646
G1 X74.223 Y95.953 E0.00543
G1 X74.45 Y96.05 E0.00324
G1 X74.657 Y96.133 E0.00292
G1 X75.078 Y96.287 E0.00588
G1 X75.5 Y96.419 E0.0058
G1 X75.743 Y96.485 E0.0033
G1 X76.159 Y96.589 E0.00562
G1 X76.369 Y96.633 E0.00281
G1 X76.773 Y96.704 E0.00538
G1 X77.04 Y96.744 E0.00354
G1 X77.25 Y96.768 E0.00277
G1 X77.702 Y96.81 E0.00595
G1 X78.146 Y96.83 E0.00583
G1 X78.592 Y96.83 E0.00585
G0 F18000 X78.392 Y96.83
G0 X78.397 Y97.532
G0 X80.733 Y97.214
G0 X82.319 Y96.732
G0 X83.615 Y96.127
G0 X85.001 Y95.223
G0 X86.239 Y94.112
G0 X87.289 Y92.831
G0 X88.137 Y91.399
G0 X88.752 Y89.868
G0 X89.092 Y88.478
G0 X89.254 Y86.826
G0 X89.192 Y85.407
G0 X88.945 Y84.005
G0 X88.428 Y82.427
G0 X87.054 Y79.734
G0 X87.471 Y79.41
;TYPE:SKIN
G1 F8400 X85.575 Y77.514 E0.04448
G1 X85.508 Y77.447
G0 F18000 X85.176 Y77.869
G0 X83.706 Y76.898
G0 X83.954 Y76.43
G1 F8400 X88.521 Y80.998 E0.10715
G1 X88.588 Y81.065
G0 F18000 X88.101 Y81.324
G0 X88.555 Y82.262
G0 X89.039 Y82.053
G1 F8400 X82.917 Y75.931 E0.14362
G1 X82.85 Y75.864
G0 F18000 X82.632 Y76.385
G0 X85.186 Y78.107
G0 X86.788 Y79.596
G0 X86.374 Y79.925
G1 F8400 X89.365 Y82.916 E0.07017
G1 X89.432 Y82.983
G0 F18000 X89.59 Y83.678
G1 F8400 X87.518 Y81.606 E0.04861
G1 X87.451 Y81.539
G0 F18000 X87.929 Y81.262
G0 X88.498 Y82.441
G0 X88.008 Y82.634
G1 F8400 X89.748 Y84.374 E0.04082
G0 F18000 X89.858 Y85.022
G1 F8400 X88.309 Y83.473 E0.03634
G1 X88.242 Y83.406
G0 F18000 X88.511 Y84.212
G1 F8400 X89.921 Y85.621 E0.03307
G0 F18000 X89.958 Y86.196
G1 F8400 X88.644 Y84.882 E0.03083
G0 F18000 X88.731 Y85.507
G1 F8400 X89.963 Y86.739 E0.0289
G0 F18000 X89.945 Y87.258
G1 F8400 X88.774 Y86.087 E0.02747
G0 F18000 X88.785 Y86.635
G1 F8400 X89.905 Y87.755 E0.02627
G0 F18000 X89.844 Y88.232
G1 F8400 X88.77 Y87.158 E0.0252
G0 F18000 X88.73 Y87.655
G1 F8400 X89.773 Y88.698 E0.02447
G0 F18000 X89.68 Y89.142
G1 F8400 X88.67 Y88.133 E0.02368
G0 F18000 X88.591 Y88.591
G1 F8400 X89.573 Y89.573 E0.02304
G0 F18000 X89.453 Y89.991
G1 F8400 X88.497 Y89.035 E0.02243
G0 F18000 X88.383 Y89.457
G1 F8400 X89.319 Y90.394 E0.02197
G0 F18000 X89.176 Y90.788
G1 F8400 X88.255 Y89.868 E0.02159
G0 F18000 X88.114 Y90.264
G1 F8400 X89.018 Y91.167 E0.0212
G0 F18000 X88.852 Y91.539
G1 F8400 X87.961 Y90.648 E0.0209
G0 F18000 X87.796 Y91.021
G1 F8400 X88.675 Y91.9 E0.02062
G0 F18000 X88.488 Y92.25
G1 F8400 X87.618 Y91.38 E0.02041
G0 F18000 X87.43 Y91.729
G1 F8400 X88.29 Y92.589 E0.02018
G0 F18000 X88.084 Y92.92
G1 F8400 X87.229 Y92.065 E0.02006
G0 F18000 X87.021 Y92.395
G1 F8400 X87.866 Y93.24 E0.01982
G0 F18000 X87.64 Y93.552
G1 F8400 X86.799 Y92.71 E0.01974
G0 F18000 X86.567 Y93.016
G1 F8400 X87.406 Y93.855 E0.01968
G0 F18000 X87.16 Y94.146
G1 F8400 X86.326 Y93.312 E0.01957
G0 F18000 X86.074 Y93.598
G1 F8400 X86.91 Y94.433 E0.0196
G0 F18000 X86.645 Y94.706
G1 F8400 X85.812 Y93.873 E0.01954
G0 F18000 X85.542 Y94.141
G1 F8400 X86.375 Y94.974 E0.01954
G0 F18000 X86.094 Y95.23
G1 F8400 X85.261 Y94.397 E0.01954
G0 F18000 X84.971 Y94.644
G1 F8400 X85.807 Y95.481 E0.01962
G0 F18000 X85.509 Y95.72
G1 F8400 X84.673 Y94.883 E0.01962
G0 F18000 X84.363 Y95.111
G1 F8400 X85.203 Y95.951 E0.01971
G0 F18000 X84.888 Y96.174
G1 F8400 X84.039 Y95.324 E0.01993
G0 F18000 X83.708 Y95.531
G1 F8400 X84.564 Y96.387 E0.02008
G0 F18000 X84.231 Y96.591
G1 F8400 X83.368 Y95.728 E0.02025
G0 F18000 X83.014 Y95.912
G1 F8400 X83.885 Y96.782 E0.02042
G0 F18000 X83.532 Y96.967
G1 F8400 X82.647 Y96.082 E0.02076
G0 F18000 X82.273 Y96.245
G1 F8400 X83.167 Y97.14 E0.02098
G0 F18000 X82.793 Y97.303
G1 F8400 X81.883 Y96.393 E0.02135
G0 F18000 X81.481 Y96.528
G1 F8400 X82.408 Y97.456 E0.02176
G0 F18000 X82.01 Y97.594
G1 F8400 X81.066 Y96.651 E0.02213
G0 F18000 X80.634 Y96.756
G1 F8400 X81.598 Y97.72 E0.02262
G0 F18000 X81.172 Y97.832
G1 F8400 X80.182 Y96.842 E0.02323
G0 F18000 X79.719 Y96.916
G1 F8400 X80.735 Y97.932 E0.02384
G0 F18000 X80.285 Y98.019
G1 F8400 X79.231 Y96.965 E0.02473
G0 F18000 X78.725 Y96.997
G1 F8400 X79.816 Y98.088 E0.02559
G0 F18000 X79.327 Y98.136
G1 F8400 X78.192 Y97.001 E0.02663
G0 F18000 X77.628 Y96.975
G1 F8400 X78.823 Y98.169 E0.02802
G0 F18000 X78.293 Y98.177
G1 F8400 X77.031 Y96.915 E0.02961
G0 F18000 X76.389 Y96.81
G1 F8400 X77.737 Y98.158 E0.03162
G0 F18000 X77.155 Y98.114
G1 F8400 X75.689 Y96.648 E0.03439
G1 X75.622 Y96.581
G0 F18000 X74.911 Y96.407
G1 F8400 X76.535 Y98.031 E0.0381
G0 F18000 X75.869 Y97.902
G1 F8400 X74.008 Y96.041 E0.04366
G1 X73.941 Y95.974
G0 F18000 X73.697 Y96.48
G0 X72.543 Y95.843
G0 X72.827 Y95.398
G1 F8400 X75.153 Y97.724 E0.05457
G1 X75.22 Y97.791
G0 F18000 X75.377 Y97.238
G0 X78.377 Y97.472
G0 X80.033 Y97.345
G0 X81.65 Y96.968
G0 X83.19 Y96.349
G0 X84.617 Y95.505
G0 X85.9 Y94.451
G0 X87.006 Y93.219
G0 X88.026 Y91.619
G0 X88.602 Y90.308
G0 X89.047 Y88.716
G0 X89.246 Y87.065
G0 X89.192 Y85.407
G0 X88.945 Y84.005
G0 X88.428 Y82.427
G0 X87.68 Y80.952
G0 X86.811 Y79.736
G0 X85.378 Y78.187
G0 X85.044 Y78.595
G1 F8400 X82.053 Y75.605 E0.07016
G1 X81.986 Y75.538
G0 F18000 X81.286 Y75.375
G1 F8400 X83.361 Y77.449 E0.04867
G1 X83.428 Y77.516
G0 F18000 X83.693 Y77.033
G0 X82.521 Y76.468
G0 X82.331 Y76.957
G1 F8400 X80.589 Y75.215 E0.04087
G0 F18000 X79.95 Y75.113
G1 F8400 X81.496 Y76.66 E0.03628
G1 X81.563 Y76.727
G0 F18000 X80.757 Y76.457
G1 F8400 X79.344 Y75.045 E0.03314
G0 F18000 X78.772 Y75.01
G1 F8400 X80.083 Y76.322 E0.03077
G0 F18000 X79.46 Y76.235
G1 F8400 X78.229 Y75.005 E0.02887
G0 F18000 X77.712 Y75.025
G1 F8400 X78.879 Y76.192 E0.02738
G0 F18000 X78.329 Y76.179
G1 F8400 X77.214 Y75.064 E0.02616
G0 F18000 X76.732 Y75.12
G1 F8400 X77.807 Y76.195 E0.02522
G0 F18000 X77.309 Y76.234
G1 F8400 X76.27 Y75.195 E0.02437
G0 F18000 X75.824 Y75.287
G1 F8400 X76.831 Y76.294 E0.02362
G0 F18000 X76.372 Y76.372
G1 F8400 X75.395 Y75.395 E0.02292
G0 F18000 X74.975 Y75.512
G1 F8400 X75.932 Y76.469 E0.02245
G0 F18000 X75.505 Y76.58
G1 F8400 X74.572 Y75.647 E0.02189
G0 F18000 X74.179 Y75.791
G1 F8400 X75.095 Y76.707 E0.02149
G0 F18000 X74.699 Y76.848
G1 F8400 X73.797 Y75.947 E0.02115
G0 F18000 X73.427 Y76.114
G1 F8400 X74.316 Y77.003 E0.02086
G0 F18000 X73.946 Y77.171
G1 F8400 X73.067 Y76.291 E0.02063
G0 F18000 X72.717 Y76.479
G1 F8400 X73.585 Y77.347 E0.02036
G0 F18000 X73.237 Y77.536
G1 F8400 X72.376 Y76.675 E0.0202
G0 F18000 X72.047 Y76.884
G1 F8400 X72.9 Y77.736 E0.02
G0 F18000 X72.571 Y77.945
G1 F8400 X71.727 Y77.102 E0.01979
G0 F18000 X71.416 Y77.328
G1 F8400 X72.256 Y78.167 E0.01969
G0 F18000 X71.947 Y78.396
G1 F8400 X71.112 Y77.561 E0.01959
G0 F18000 X70.821 Y77.807
G1 F8400 X71.653 Y78.639 E0.01952
G0 F18000 X71.368 Y78.891
G1 F8400 X70.535 Y78.059 E0.01953
G0 F18000 X70.261 Y78.322
G1 F8400 X71.093 Y79.154 E0.01952
G0 F18000 X70.827 Y79.425
G1 F8400 X69.993 Y78.591 E0.01957
G0 F18000 X69.735 Y78.871
G1 F8400 X70.569 Y79.704 E0.01955
G0 F18000 X70.321 Y79.994
G1 F8400 X69.485 Y79.158 E0.01961
G0 F18000 X69.246 Y79.456
G1 F8400 X70.084 Y80.295 E0.01967
G0 F18000 X69.86 Y80.608
G1 F8400 X69.012 Y79.76 E0.01989
G0 F18000 X68.792 Y80.077
G1 F8400 X69.639 Y80.924 E0.01987
G0 F18000 X69.434 Y81.257
G1 F8400 X68.577 Y80.4 E0.0201
G0 F18000 X68.376 Y80.736
G1 F8400 X69.238 Y81.599 E0.02023
G0 F18000 X69.055 Y81.952
G1 F8400 X68.181 Y81.078 E0.0205
G0 F18000 X68 Y81.435
G1 F8400 X68.884 Y82.319 E0.02074
G0 F18000 X68.723 Y82.695
G1 F8400 X67.825 Y81.797 E0.02107
G0 F18000 X67.663 Y82.173
G1 F8400 X68.576 Y83.086 E0.02142
G0 F18000 X68.437 Y83.485
G1 F8400 X67.512 Y82.56 E0.0217
G0 F18000 X67.372 Y82.957
G1 F8400 X68.32 Y83.905 E0.02224
G0 F18000 X68.212 Y84.335
G1 F8400 X67.244 Y83.366 E0.02272
G0 F18000 X67.13 Y83.789
G1 F8400 X68.125 Y84.785 E0.02335
G0 F18000 X68.053 Y85.25
G1 F8400 X67.032 Y84.228 E0.02396
G0 F18000 X66.944 Y84.678
G1 F8400 X68 Y85.735 E0.02479
G0 F18000 X67.972 Y86.244
G1 F8400 X66.88 Y85.151 E0.02563
G0 F18000 X66.827 Y85.636
G1 F8400 X67.969 Y86.778 E0.02679
G0 F18000 X67.995 Y87.341
G1 F8400 X66.795 Y86.142 E0.02814
G0 F18000 X66.787 Y86.671
G1 F8400 X68.054 Y87.938 E0.02972
G0 F18000 X68.158 Y88.579
G1 F8400 X66.805 Y87.227 E0.03173
G0 F18000 X66.853 Y87.812
G1 F8400 X68.319 Y89.277 E0.03438
G1 X68.386 Y89.344
G0 F18000 X68.556 Y90.052
G1 F8400 X66.933 Y88.429 E0.03808
G0 F18000 X67.059 Y89.093
G1 F8400 X68.925 Y90.959 E0.04378
G1 X68.992 Y91.026
G0 F18000 X68.486 Y91.267
G0 X69.12 Y92.421
G0 X69.572 Y92.143
G1 F8400 X67.242 Y89.812 E0.05467
G1 X67.175 Y89.745
G0 F18000 X67.512 Y90.62
G1 F8400 X74.344 Y97.453 E0.16029
G1 X74.411 Y97.52
G0 F18000 X74.599 Y96.988
G0 X73.643 Y96.588
G0 X73.415 Y97.06
G1 F8400 X67.9 Y91.546 E0.12937
G1 X67.833 Y91.479
G0 F18000 X68.343 Y91.243
G0 X69.002 Y92.46
G0 X68.553 Y92.736
G1 F8400 X72.231 Y96.414 E0.08628
G1 X72.298 Y96.481
G1 F1800 E-3.5
;MESH:Upper-Dielectric-Part.STL
G0 F18000 X72.588 Y96.017
G0 X79.635 Y98.064
G0 X80.327 Y99.434
G0 X91.686 Y102.66
G0 X127.082 Y117.554
;TYPE:WALL-OUTER
G1 F1800 E3.52079
G1 F1500 X124.269 Y117.554 E0.03689
G1 X124.229 Y117.501 E0.00087
G1 X124.168 Y117.442 E0.00111
G1 X124.121 Y117.411 E0.00074
G1 X124.061 Y117.383 E0.00087
G1 X124.013 Y117.368 E0.00066
G1 X123.945 Y117.356 E0.00091
G1 X123.056 Y117.355 E0.01166
G1 X123.012 Y117.361 E0.00058
G1 X122.953 Y117.377 E0.0008
G1 X122.874 Y117.413 E0.00114
G1 X122.838 Y117.437 E0.00057
G1 X122.781 Y117.485 E0.00098
G1 X122.734 Y117.546 E0.00101
G1 X97.266 Y117.555 E0.33396
G1 X97.244 Y117.522 E0.00052
G1 X97.188 Y117.462 E0.00108
G1 X97.158 Y117.436 E0.00052
G1 X97.118 Y117.408 E0.00064
G1 X97.061 Y117.381 E0.00083
G1 X96.986 Y117.362 E0.00101
G1 X96.923 Y117.354 E0.00083
G1 X96.064 Y117.354 E0.01126
G1 X96.017 Y117.359 E0.00062
G1 X95.941 Y117.381 E0.00104
G1 X95.89 Y117.406 E0.00074
G1 X95.862 Y117.424 E0.00044
G1 X95.793 Y117.477 E0.00114
G1 X95.761 Y117.509 E0.00059
G1 X95.729 Y117.554 E0.00072
G1 X92.914 Y117.554 E0.03691
G1 X92.914 Y102.446 E0.19811
G1 X95.731 Y102.446 E0.03694
G1 X95.757 Y102.486 E0.00063
G1 X95.804 Y102.534 E0.00088
G1 X95.891 Y102.594 E0.00139
G1 X95.938 Y102.615 E0.00068
G1 X96.006 Y102.635 E0.00093
G1 X96.052 Y102.644 E0.00061
G1 X96.936 Y102.645 E0.01159
G1 X96.98 Y102.639 E0.00058
G1 X97.076 Y102.608 E0.00132
G1 X97.122 Y102.584 E0.00068
G1 X97.19 Y102.536 E0.00109
G1 X97.239 Y102.486 E0.00092
G1 X97.265 Y102.446 E0.00063
G1 X122.731 Y102.446 E0.33393
G1 X122.74 Y102.462 E0.00024
G1 X122.769 Y102.499 E0.00062
G1 X122.823 Y102.548 E0.00096
G1 X122.892 Y102.593 E0.00108
G1 X122.97 Y102.627 E0.00112
G1 X123.058 Y102.641 E0.00117
G1 X123.915 Y102.646 E0.01124
G1 X123.963 Y102.641 E0.00063
G1 X124.06 Y102.613 E0.00132
G1 X124.091 Y102.599 E0.00045
G1 X124.17 Y102.551 E0.00121
G1 X124.206 Y102.519 E0.00063
G1 X124.241 Y102.479 E0.0007
G1 X124.259 Y102.453 E0.00041
G1 X127.082 Y102.447 E0.03702
G1 X127.082 Y117.554 E0.1981
G0 F18000 X127.082 Y117.354
G0 X126.414 Y116.884
G0 X116.195 Y107.53
G0 X116.423 Y106.869
G1 F600 X116.511 Y106.886 E0.00118
G1 X116.591 Y106.885 E0.00105
G1 X116.705 Y106.859 E0.00153
G1 X116.767 Y106.83 E0.0009
G1 X116.839 Y106.779 E0.00116
G1 X116.869 Y106.752 E0.00053
G1 X116.906 Y106.705 E0.00078
G1 X117.341 Y105.955 E0.01137
G1 X117.372 Y105.884 E0.00102
G1 X117.381 Y105.844 E0.00054
G1 X117.39 Y105.756 E0.00116
G1 X117.389 Y105.714 E0.00055
G1 X117.381 Y105.654 E0.00079
G1 X117.355 Y105.581 E0.00102
G1 X117.351 Y105.579 E0.00006
G1 X117.317 Y105.512 E0.00099
G1 X117.276 Y105.459 E0.00088
G1 X117.232 Y105.419 E0.00078
G1 X117.174 Y105.377 E0.00094
G1 X117.103 Y105.346 E0.00102
G1 X117.025 Y105.324 E0.00106
G1 X116.976 Y105.318 E0.00065
G1 X116.905 Y105.318 E0.00093
G1 X116.851 Y105.324 E0.00071
G1 X116.813 Y105.335 E0.00052
G1 X116.75 Y105.362 E0.0009
G1 X116.672 Y105.411 E0.00121
G1 X116.628 Y105.451 E0.00078
G1 X116.591 Y105.496 E0.00076
G1 X116.147 Y106.265 E0.01164
G1 X116.125 Y106.324 E0.00083
G1 X116.11 Y106.414 E0.0012
G1 X116.112 Y106.498 E0.0011
G1 X116.126 Y106.564 E0.00088
G1 X116.138 Y106.602 E0.00052
G1 X116.17 Y106.674 E0.00103
G1 X116.204 Y106.726 E0.00081
G1 X116.247 Y106.768 E0.00079
G1 X116.325 Y106.827 E0.00128
G1 X116.354 Y106.844 E0.00044
G1 X116.423 Y106.869 E0.00096
G0 F18000 X116.354 Y106.844
G0 X116.325 Y106.827
G0 X116.251 Y106.772
G0 X115.8 Y107.306
G0 X118.019 Y114.07
G0 X118.015 Y114.446
G0 X117.84 Y114.859
G0 X117.662 Y115.031
G0 X117.196 Y115.355
G0 X117.066 Y114.666
G1 F600 X117.155 Y114.631 E0.00125
G1 X117.204 Y114.601 E0.00075
G1 X117.26 Y114.553 E0.00097
G1 X117.293 Y114.517 E0.00064
G1 X117.329 Y114.465 E0.00083
G1 X117.353 Y114.417 E0.0007
G1 X117.377 Y114.345 E0.001
G1 X117.386 Y114.3 E0.0006
G1 X117.39 Y114.217 E0.00109
G1 X117.381 Y114.149 E0.0009
G1 X117.34 Y114.042 E0.0015
G1 X116.891 Y113.273 E0.01168
G1 X116.877 Y113.255 E0.0003
G1 X116.805 Y113.19 E0.00127
G1 X116.752 Y113.16 E0.0008
G1 X116.733 Y113.143 E0.00033
G1 X116.69 Y113.121 E0.00063
G1 X116.644 Y113.11 E0.00062
G1 X116.53 Y113.11 E0.00149
G1 X116.458 Y113.119 E0.00095
G1 X116.423 Y113.127 E0.00047
G1 X116.332 Y113.163 E0.00128
G1 X116.254 Y113.222 E0.00128
G1 X116.23 Y113.245 E0.00044
G1 X116.191 Y113.293 E0.00081
G1 X116.152 Y113.353 E0.00094
G1 X116.124 Y113.429 E0.00106
G1 X116.11 Y113.535 E0.0014
G1 X116.114 Y113.634 E0.0013
G1 X116.12 Y113.676 E0.00056
G1 X116.141 Y113.722 E0.00066
G1 X116.15 Y113.734 E0.0002
G1 X116.166 Y113.767 E0.00048
G1 X116.593 Y114.502 E0.01115
G1 X116.617 Y114.531 E0.00049
G1 X116.653 Y114.567 E0.00067
G1 X116.682 Y114.591 E0.00049
G1 X116.73 Y114.623 E0.00076
G1 X116.775 Y114.645 E0.00066
G1 X116.835 Y114.665 E0.00083
G1 X116.887 Y114.674 E0.00069
G1 X116.979 Y114.678 E0.00121
G1 X117.021 Y114.676 E0.00055
G1 X117.066 Y114.666 E0.0006
G0 F18000 X117.021 Y114.676
G0 X116.979 Y114.678
G0 X116.887 Y114.674
G0 X116.868 Y114.671
G0 X116.68 Y115.348
G0 X102.816 Y115.357
G0 X102.945 Y114.671
G1 F600 X103.024 Y114.682 E0.00105
G1 X103.097 Y114.68 E0.00096
G1 X103.181 Y114.66 E0.00113
G1 X103.249 Y114.632 E0.00096
G1 X103.282 Y114.615 E0.00049
G1 X103.33 Y114.583 E0.00076
G1 X103.373 Y114.543 E0.00077
G1 X103.405 Y114.5 E0.0007
G1 X103.837 Y113.756 E0.01128
G1 X103.862 Y113.702 E0.00078
G1 X103.876 Y113.656 E0.00063
G1 X103.886 Y113.592 E0.00085
G1 X103.886 Y113.52 E0.00094
G1 X103.882 Y113.48 E0.00053
G1 X103.87 Y113.424 E0.00075
G1 X103.858 Y113.386 E0.00052
G1 X103.827 Y113.322 E0.00093
G1 X103.811 Y113.298 E0.00038
G1 X103.747 Y113.225 E0.00127
G1 X103.646 Y113.156 E0.0016
G1 X103.587 Y113.131 E0.00084
G1 X103.552 Y113.121 E0.00048
G1 X103.468 Y113.105 E0.00112
G1 X103.413 Y113.102 E0.00072
G1 X103.329 Y113.123 E0.00114
G1 X103.251 Y113.153 E0.0011
G1 X103.19 Y113.193 E0.00096
G1 X103.157 Y113.219 E0.00055
G1 X103.098 Y113.28 E0.00111
G1 X103.074 Y113.313 E0.00054
G1 X102.65 Y114.057 E0.01123
G1 X102.624 Y114.116 E0.00085
G1 X102.614 Y114.164 E0.00064
G1 X102.61 Y114.212 E0.00063
G1 X102.614 Y114.308 E0.00126
G1 X102.626 Y114.363 E0.00074
G1 X102.65 Y114.427 E0.0009
G1 X102.674 Y114.473 E0.00068
G1 X102.718 Y114.533 E0.00098
G1 X102.757 Y114.573 E0.00073
G1 X102.805 Y114.609 E0.00079
G1 X102.839 Y114.629 E0.00052
G1 X102.899 Y114.657 E0.00087
G1 X102.945 Y114.671 E0.00063
G0 F18000 X102.899 Y114.657
G0 X102.839 Y114.629
G0 X102.805 Y114.609
G0 X102.768 Y114.581
G0 X102.353 Y115.142
G0 X102.101 Y114.773
G0 X101.964 Y114.211
G0 X102.057 Y113.81
G0 X102.467 Y113.096
G0 X104.708 Y110.477
G0 X105.275 Y110.054
G1 F600 X105.3 Y110.098 E0.00066
G1 X105.35 Y110.166 E0.00111
G1 X105.375 Y110.192 E0.00047
G1 X105.414 Y110.218 E0.00061
G1 X105.443 Y110.23 E0.00041
G1 X105.495 Y110.238 E0.00069
G1 X109.218 Y110.222 E0.04882
G1 X109.268 Y110.289 E0.0011
G1 X109.342 Y110.354 E0.00129
G1 X109.378 Y110.378 E0.00057
G1 X109.459 Y110.417 E0.00118
G1 X109.514 Y110.43 E0.00074
G1 X109.571 Y110.437 E0.00075
G1 X110.453 Y110.436 E0.01157
G1 X110.519 Y110.423 E0.00088
G1 X110.573 Y110.404 E0.00075
G1 X110.646 Y110.365 E0.00109
G1 X110.67 Y110.347 E0.00039
G1 X110.727 Y110.291 E0.00105
G1 X110.78 Y110.219 E0.00117
G1 X110.825 Y110.109 E0.00156
G1 X110.838 Y110.027 E0.00109
G1 X110.838 Y109.951 E0.001
G1 X110.831 Y109.91 E0.00055
G1 X110.801 Y109.817 E0.00128
G1 X110.745 Y109.723 E0.00143
G1 X110.716 Y109.69 E0.00058
G1 X110.667 Y109.651 E0.00082
G1 X110.62 Y109.619 E0.00075
G1 X110.543 Y109.585 E0.0011
G1 X110.503 Y109.573 E0.00055
G1 X110.439 Y109.561 E0.00085
G1 X110.404 Y109.558 E0.00046
G1 X109.547 Y109.56 E0.01124
G1 X109.485 Y109.575 E0.00084
G1 X109.411 Y109.602 E0.00103
G1 X109.374 Y109.621 E0.00055
G1 X109.326 Y109.653 E0.00076
G1 X109.291 Y109.684 E0.00061
G1 X109.251 Y109.728 E0.00078
G1 X109.241 Y109.743 E0.00024
G1 X105.487 Y109.758 E0.04923
G1 X105.455 Y109.763 E0.00042
G1 X105.42 Y109.775 E0.00049
G1 X105.389 Y109.793 E0.00047
G1 X105.337 Y109.831 E0.00084
G1 X105.312 Y109.854 E0.00045
G1 X105.283 Y109.896 E0.00067
G1 X105.264 Y109.953 E0.00079
G1 X105.263 Y110.011 E0.00076
G1 X105.275 Y110.054 E0.00059
G0 F18000 X105.263 Y110.011
G0 X105.264 Y109.953
G0 X105.283 Y109.896
G0 X105.304 Y109.866
G0 X104.881 Y109.301
G0 X103.895 Y107.498
G0 X103.643 Y106.846
G1 F600 X103.714 Y106.8 E0.00111
G1 X103.739 Y106.779 E0.00043
G1 X103.785 Y106.731 E0.00087
G1 X103.827 Y106.673 E0.00094
G1 X103.845 Y106.639 E0.0005
G1 X103.869 Y106.579 E0.00085
G1 X103.881 Y106.528 E0.00069
G1 X103.89 Y106.415 E0.00149
G1 X103.881 Y106.346 E0.00091
G1 X103.859 Y106.279 E0.00092
G1 X103.851 Y106.27 E0.00016
G1 X103.837 Y106.24 E0.00043
G1 X103.429 Y105.532 E0.01072
G1 X103.392 Y105.479 E0.00085
G1 X103.362 Y105.444 E0.0006
G1 X103.303 Y105.395 E0.00101
G1 X103.214 Y105.346 E0.00133
G1 X103.155 Y105.327 E0.00081
G1 X103.071 Y105.315 E0.00111
G1 X103.011 Y105.316 E0.00079
G1 X102.925 Y105.333 E0.00115
G1 X102.885 Y105.345 E0.00055
G1 X102.829 Y105.373 E0.00082
G1 X102.773 Y105.413 E0.0009
G1 X102.738 Y105.445 E0.00062
G1 X102.694 Y105.497 E0.00089
G1 X102.656 Y105.55 E0.00086
G1 X102.623 Y105.632 E0.00116
G1 X102.61 Y105.759 E0.00167
G1 X102.611 Y105.796 E0.00049
G1 X102.625 Y105.89 E0.00125
G1 X102.644 Y105.934 E0.00063
G1 X103.097 Y106.712 E0.01181
G1 X103.161 Y106.779 E0.00121
G1 X103.183 Y106.798 E0.00038
G1 X103.289 Y106.857 E0.00159
G1 X103.38 Y106.884 E0.00124
G1 X103.486 Y106.885 E0.00139
G1 X103.546 Y106.877 E0.00079
G1 X103.643 Y106.846 E0.00134
G0 F18000 X103.546 Y106.877
G0 X103.486 Y106.885
G0 X103.449 Y106.885
G0 X103.415 Y107.587
G0 X116.903 Y104.675
G0 X126.414 Y103.118
G0 X126.802 Y102.619
;TYPE:SKIN
G1 F8400 X126.912 Y102.728 E0.00257
G0 F18000 X126.912 Y103.266
G1 F8400 X126.266 Y102.62 E0.01515
G0 F18000 X125.729 Y102.621
G1 F8400 X126.912 Y103.803 E0.02774
G0 F18000 X126.912 Y104.341
G1 F8400 X125.193 Y102.622 E0.04033
G0 F18000 X124.657 Y102.624
G1 F8400 X126.912 Y104.878 E0.05289
G0 F18000 X126.912 Y105.415
G1 F8400 X124.22 Y102.724 E0.06314
G0 F18000 X123.776 Y102.818
G1 F8400 X126.912 Y105.953 E0.07356
G0 F18000 X126.912 Y106.49
G1 F8400 X123.236 Y102.815 E0.08623
G1 X123.169 Y102.748
G0 F18000 X122.501 Y102.617
G1 F8400 X126.912 Y107.028 E0.10348
G0 F18000 X126.912 Y107.565
G1 F8400 X121.963 Y102.617 E0.11609
G0 F18000 X121.426 Y102.617
G1 F8400 X126.912 Y108.102 E0.12869
G0 F18000 X126.912 Y108.64
G1 F8400 X120.888 Y102.617 E0.14131
G0 F18000 X120.351 Y102.617
G1 F8400 X126.912 Y109.177 E0.15391
G0 F18000 X126.912 Y109.715
G1 F8400 X119.814 Y102.617 E0.16652
G0 F18000 X119.276 Y102.617
G1 F8400 X126.912 Y110.252 E0.17913
G0 F18000 X126.912 Y110.789
G1 F8400 X118.739 Y102.617 E0.19172
G0 F18000 X118.201 Y102.617
G1 F8400 X126.912 Y111.327 E0.20435
G0 F18000 X126.912 Y111.864
G1 F8400 X117.664 Y102.617 E0.21694
G0 F18000 X117.127 Y102.617
G1 F8400 X126.912 Y112.402 E0.22955
G0 F18000 X126.912 Y112.939
G1 F8400 X116.589 Y102.617 E0.24216
G0 F18000 X116.052 Y102.617
G1 F8400 X126.912 Y113.476 E0.25476
G0 F18000 X126.912 Y114.014
G1 F8400 X115.514 Y102.617 E0.26738
G0 F18000 X114.977 Y102.617
G1 F8400 X126.912 Y114.551 E0.27998
G1 X126.979 Y114.618
G0 F18000 X126.384 Y114.618
G0 X117.63 Y104.911
G0 X116.997 Y104.619
G0 X116.97 Y105.147
G1 F8400 X114.44 Y102.617 E0.05935
G0 F18000 X113.902 Y102.617
G1 F8400 X116.564 Y105.279 E0.06245
G0 F18000 X116.34 Y105.592
G1 F8400 X113.365 Y102.617 E0.06979
G0 F18000 X112.827 Y102.617
G1 F8400 X116.143 Y105.932 E0.07778
G0 F18000 X115.96 Y106.287
G1 F8400 X112.29 Y102.617 E0.0861
G1 X112.223 Y102.55
G0 F18000 X112.223 Y103.146
G0 X117.386 Y104.76
G0 X117.798 Y105.082
G0 X118.09 Y105.765
G0 X117.559 Y105.736
G1 F8400 X126.912 Y115.089 E0.21942
G0 F18000 X126.912 Y115.626
G1 F8400 X117.429 Y106.144 E0.22246
G0 F18000 X117.233 Y106.485
G1 F8400 X126.912 Y116.164 E0.22707
G0 F18000 X126.912 Y116.701
G1 F8400 X117.031 Y106.821 E0.23179
G0 F18000 X116.709 Y107.035
G1 F8400 X126.912 Y117.238 E0.23936
G0 F18000 X126.518 Y117.383
G1 F8400 X111.753 Y102.617 E0.34639
G0 F18000 X111.215 Y102.617
G1 F8400 X125.981 Y117.383 E0.34641
G0 F18000 X125.444 Y117.383
G1 F8400 X110.678 Y102.617 E0.34641
G0 F18000 X110.14 Y102.617
G1 F8400 X124.906 Y117.383 E0.34641
G0 F18000 X124.369 Y117.383
G1 F8400 X109.603 Y102.617 E0.34641
G0 F18000 X109.066 Y102.617
G1 F8400 X123.632 Y117.183 E0.34171
G0 F18000 X123.095 Y117.184
G1 F8400 X108.528 Y102.617 E0.34174
G0 F18000 X107.991 Y102.617
G1 F8400 X122.703 Y117.329 E0.34514
G0 F18000 X122.211 Y117.375
G1 F8400 X107.453 Y102.617 E0.34622
G0 F18000 X106.916 Y102.617
G1 F8400 X121.674 Y117.375 E0.34622
G1 X121.741 Y117.442
G0 F18000 X121.741 Y116.848
G0 X117.684 Y113.124
G0 X116.877 Y112.463
G0 X116.712 Y112.95
G1 F8400 X106.379 Y102.617 E0.24241
G0 F18000 X105.841 Y102.617
G1 F8400 X116.243 Y113.018 E0.24402
G0 F18000 X115.987 Y113.3
G1 F8400 X105.304 Y102.617 E0.25062
G0 F18000 X104.766 Y102.617
G1 F8400 X116.04 Y113.89 E0.26447
G1 X116.107 Y113.957
G0 F18000 X115.628 Y114.233
G0 X115.467 Y113.523
G0 X115.561 Y113.112
G0 X115.799 Y112.769
G0 X116.267 Y112.502
G0 X116.743 Y112.481
G0 X117.14 Y112.666
G0 X117.623 Y113.137
G0 X117.165 Y113.403
G1 F8400 X121.137 Y117.375 E0.09318
G0 F18000 X120.599 Y117.375
G1 F8400 X117.552 Y114.328 E0.07148
G0 F18000 X117.37 Y114.683
G1 F8400 X120.062 Y117.375 E0.06315
G0 F18000 X119.525 Y117.375
G1 F8400 X116.998 Y114.848 E0.05928
G1 X116.931 Y114.781
G0 F18000 X116.914 Y115.38
G0 X118.988 Y116.854
G0 X118.988 Y117.375
G1 F8400 X104.229 Y102.617 E0.34623
G0 F18000 X103.692 Y102.617
G1 F8400 X110.467 Y109.392 E0.15894
G0 F18000 X109.924 Y109.387
G1 F8400 X103.154 Y102.617 E0.15882
G0 F18000 X102.617 Y102.617
G1 F8400 X109.417 Y109.417 E0.15953
G0 F18000 X109.034 Y109.572
G1 F8400 X102.079 Y102.617 E0.16316
G0 F18000 X101.542 Y102.617
G1 F8400 X108.499 Y109.574 E0.16321
G0 F18000 X107.964 Y109.576
G1 F8400 X101.005 Y102.617 E0.16326
G1 X100.938 Y102.55
G0 F18000 X100.938 Y103.146
G0 X111.072 Y109.15
G0 X111.243 Y109.359
G0 X111.533 Y109.883
G0 X111.007 Y109.932
G1 F8400 X118.45 Y117.375 E0.17461
G0 F18000 X117.914 Y117.376
G1 F8400 X110.893 Y110.355 E0.16471
G0 F18000 X110.581 Y110.581
G1 F8400 X117.376 Y117.376 E0.15941
G0 F18000 X116.839 Y117.376
G1 F8400 X110.071 Y110.608 E0.15878
G0 F18000 X109.529 Y110.604
G1 F8400 X116.302 Y117.377 E0.15889
G0 F18000 X115.765 Y117.377
G1 F8400 X108.784 Y110.396 E0.16377
G0 F18000 X108.249 Y110.398
G1 F8400 X115.227 Y117.377 E0.16371
G0 F18000 X114.69 Y117.377
G1 F8400 X107.714 Y110.401 E0.16365
G0 F18000 X107.178 Y110.403
G1 F8400 X114.153 Y117.378 E0.16363
G0 F18000 X113.616 Y117.378
G1 F8400 X106.643 Y110.405 E0.16358
G0 F18000 X106.108 Y110.407
G1 F8400 X113.078 Y117.378 E0.16353
G0 F18000 X112.541 Y117.378
G1 F8400 X105.572 Y110.409 E0.16349
G1 X105.505 Y110.342
G0 F18000 X105.507 Y110.941
G0 X105.089 Y110.877
G0 X104.307 Y109.823
G0 X105.223 Y109.124
G0 X107.428 Y109.051
G0 X107.429 Y109.578
G1 F8400 X103.957 Y106.106 E0.08145
G0 F18000 X104.006 Y106.693
G1 F8400 X106.893 Y109.58 E0.06773
G0 F18000 X106.358 Y109.582
G1 F8400 X103.754 Y106.978 E0.06109
G0 F18000 X103.269 Y107.031
G1 F8400 X105.823 Y109.585 E0.05992
G1 X105.89 Y109.652
G0 F18000 X105.888 Y109.058
G0 X104.403 Y105.942
G0 X103.857 Y105.03
G0 X103.483 Y104.782
G0 X102.921 Y104.626
G0 X102.997 Y105.147
G1 F8400 X100.467 Y102.617 E0.05935
G0 F18000 X99.93 Y102.617
G1 F8400 X102.628 Y105.315 E0.06329
G0 F18000 X102.446 Y105.671
G1 F8400 X99.392 Y102.617 E0.07165
G0 F18000 X98.855 Y102.617
G1 F8400 X102.831 Y106.593 E0.09328
G1 X102.898 Y106.66
G0 F18000 X102.417 Y106.937
G0 X102.521 Y107.043
G0 X105.012 Y109.203
G0 X105.331 Y109.63
G1 F8400 X98.318 Y102.617 E0.16452
G0 F18000 X97.78 Y102.617
G1 F8400 X105.094 Y109.931 E0.17158
G1 X105.161 Y109.998
G0 F18000 X104.64 Y110.386
G0 X104.895 Y110.665
G0 X112.004 Y116.854
G0 X112.004 Y117.378
G1 F8400 X97.294 Y102.668 E0.34509
G0 F18000 X96.904 Y102.815
G1 F8400 X111.467 Y117.378 E0.34164
G0 F18000 X110.929 Y117.378
G1 F8400 X96.368 Y102.817 E0.3416
G1 X96.301 Y102.75
G0 F18000 X95.631 Y102.617
G1 F8400 X110.392 Y117.378 E0.34629
G0 F18000 X109.855 Y117.379
G1 F8400 X95.093 Y102.617 E0.34631
G0 F18000 X94.556 Y102.617
G1 F8400 X109.318 Y117.379 E0.34631
G0 F18000 X108.781 Y117.379
G1 F8400 X94.018 Y102.617 E0.34632
G0 F18000 X93.481 Y102.617
G1 F8400 X108.243 Y117.379 E0.34631
G1 X108.31 Y117.446
G0 F18000 X108.31 Y116.854
G0 X104.061 Y112.658
G0 X103.78 Y112.554
G0 X103.206 Y112.438
G0 X103.285 Y112.958
G1 F8400 X93.085 Y102.758 E0.23929
G0 F18000 X93.085 Y103.296
G1 F8400 X102.964 Y113.175 E0.23176
G0 F18000 X102.765 Y113.513
G1 F8400 X93.085 Y103.833 E0.22709
G0 F18000 X93.085 Y104.37
G1 F8400 X102.569 Y113.855 E0.2225
G0 F18000 X102.44 Y114.263
G1 F8400 X93.085 Y104.908 E0.21947
G1 X93.018 Y104.841
G0 F18000 X93.616 Y104.841
G0 X104.186 Y112.758
G0 X104.442 Y113.147
G0 X104.557 Y113.817
G0 X104.036 Y113.709
G1 F8400 X107.707 Y117.38 E0.08612
G0 F18000 X107.169 Y117.38
G1 F8400 X103.854 Y114.065 E0.07777
G0 F18000 X103.658 Y114.406
G1 F8400 X106.632 Y117.38 E0.06977
G0 F18000 X106.094 Y117.38
G1 F8400 X103.433 Y114.718 E0.06244
G0 F18000 X103.03 Y114.853
G1 F8400 X105.558 Y117.38 E0.05929
G0 F18000 X105.02 Y117.38
G1 F8400 X93.085 Y105.445 E0.27999
G0 F18000 X93.085 Y105.983
G1 F8400 X104.483 Y117.38 E0.26738
G0 F18000 X103.945 Y117.38
G1 F8400 X93.085 Y106.52 E0.25477
G0 F18000 X93.085 Y107.057
G1 F8400 X103.409 Y117.381 E0.2422
G0 F18000 X102.871 Y117.381
G1 F8400 X93.085 Y107.595 E0.22958
G0 F18000 X93.085 Y108.132
G1 F8400 X102.334 Y117.381 E0.21698
G0 F18000 X101.797 Y117.381
G1 F8400 X93.085 Y108.67 E0.20437
G0 F18000 X93.085 Y109.207
G1 F8400 X101.26 Y117.382 E0.19178
G0 F18000 X100.722 Y117.382
G1 F8400 X93.085 Y109.744 E0.17917
G0 F18000 X93.085 Y110.282
G1 F8400 X100.185 Y117.382 E0.16656
G0 F18000 X99.648 Y117.382
G1 F8400 X93.085 Y110.819 E0.15397
G0 F18000 X93.085 Y111.357
G1 F8400 X99.111 Y117.383 E0.14137
G0 F18000 X98.574 Y117.383
G1 F8400 X93.085 Y111.894 E0.12877
G0 F18000 X93.085 Y112.431
G1 F8400 X98.036 Y117.383 E0.11616
G0 F18000 X97.499 Y117.383
G1 F8400 X93.085 Y112.969 E0.10355
G0 F18000 X93.085 Y113.506
G1 F8400 X96.763 Y117.184 E0.08628
G0 F18000 X96.225 Y117.183
G1 F8400 X93.085 Y114.044 E0.07365
G0 F18000 X93.085 Y114.581
G1 F8400 X95.778 Y117.274 E0.06318
G0 F18000 X95.349 Y117.383
G1 F8400 X93.085 Y115.118 E0.05312
G0 F18000 X93.085 Y115.656
G1 F8400 X94.812 Y117.383 E0.04051
G0 F18000 X94.274 Y117.383
G1 F8400 X93.085 Y116.193 E0.02791
G0 F18000 X93.085 Y116.731
G1 F8400 X93.737 Y117.383 E0.0153
G0 F18000 X93.2 Y117.383
G1 F8400 X93.085 Y117.268 E0.0027
G0 F18000 X93.784 Y116.574
G1 F1800 E-3.5
;MESH:NONMESH
G0 F1200 X93.784 Y116.574 Z0.8
G0 F18000 X93.13 Y102.66
G0 X93.13 Y101.216
G0 X89.006 Y94.059
G0 X87.967 Y93.013
G0 X88.834 Y87.277
G0 X88.834 Y85.904
G0 X88.656 Y84.547
G0 X88.224 Y83.008
G0 X87.565 Y81.55
G0 X86.689 Y80.21
G0 X85.457 Y78.866
G0 X84.197 Y77.877
G0 X82.76 Y77.089
G0 X79.059 Y75.613
;TIME_ELAPSED:212.740296
;LAYER:5
G1 F1200 Z0.95
M82 ;absolute extrusion mode
M83 ; Relative Extruder mode
G1 E-5
G1 Z50
M83 ;relative extrusion mode
T1
M82 ;absolute extrusion mode
M83; Relative Extrusion Mode

M83 ;relative extrusion mode
M104 T0 S0
M106 S51
;MESH:01_Prime_Conductor.STL
G0 F24000 X79.059 Y75.613 Z0.95
;TYPE:WALL-OUTER
G1 F18000 Z0.8
G1 F1020.3 X78.964 Y75.61 E0.00002
G1 X78.869 Y75.606 E0.00002
G1 F1015.4 X78.774 Y75.603 E0.00002
G1 X78.679 Y75.599 E0.00002
G1 X78.584 Y75.595 E0.00002
G1 F1010.5 X78.425 Y75.595 E0.00004
G1 X78.266 Y75.595 E0.00004
G1 X78.107 Y75.594 E0.00004
G1 X78.049 Y75.596 E0.00002
G1 X77.99 Y75.599 E0.00002
G1 X77.931 Y75.602 E0.00002
G1 F1015.4 X77.872 Y75.605 E0.00002
G1 X77.813 Y75.608 E0.00002
G1 F1020.3 X77.754 Y75.611 E0.00002
G1 X77.695 Y75.614 E0.00002
G1 X77.636 Y75.616 E0.00002
G1 X77.625 Y75.618 E0
G1 X77.587 Y75.62 E0.00001
G1 F1015.4 X77.548 Y75.623 E0.00001
G1 F1010.5 X77.509 Y75.626 E0.00001
G1 X77.47 Y75.629 E0.00001
G1 F1005.7 X77.431 Y75.632 E0.00001
G1 F1000.9 X77.392 Y75.634 E0.00001
G1 X77.331 Y75.641 E0.00002
G1 F1005.7 X77.271 Y75.647 E0.00002
G1 X77.211 Y75.653 E0.00002
G1 F1010.5 X77.152 Y75.66 E0.00002
G1 X76.981 Y75.684 E0.00005
G1 X76.809 Y75.708 E0.00005
G1 X76.636 Y75.733 E0.00005
G1 F1005.7 X76.572 Y75.743 E0.00002
G1 F1000.9 X76.507 Y75.754 E0.00002
G1 F996.2 X76.442 Y75.765 E0.00002
G1 X76.408 Y75.771 E0.00001
G1 F1000.9 X76.374 Y75.778 E0.00001
G1 X76.339 Y75.784 E0.00001
G1 F1005.7 X76.305 Y75.791 E0.00001
G1 F1010.5 X76.27 Y75.798 E0.00001
G1 X76.236 Y75.804 E0.00001
G1 F1015.4 X76.202 Y75.811 E0.00001
G1 X76.046 Y75.845 E0.00004
G1 X75.888 Y75.879 E0.00004
G1 X75.729 Y75.914 E0.00004
G1 F1010.5 X75.574 Y75.956 E0.00004
G1 X75.419 Y75.998 E0.00004
G1 X75.264 Y76.04 E0.00004
G1 F1005.7 X75.112 Y76.088 E0.00004
G1 X74.96 Y76.137 E0.00004
G1 X74.807 Y76.186 E0.00004
G1 X74.717 Y76.219 E0.00003
G1 X74.626 Y76.253 E0.00003
G1 X74.535 Y76.287 E0.00003
G1 F1010.5 X74.444 Y76.321 E0.00003
G1 X74.353 Y76.355 E0.00003
G1 F1015.4 X74.261 Y76.395 E0.00003
G1 X74.169 Y76.434 E0.00003
G1 X74.077 Y76.473 E0.00003
G1 X73.985 Y76.512 E0.00003
G1 F1020.3 X73.893 Y76.551 E0.00003
G1 X73.801 Y76.591 E0.00003
G1 X73.709 Y76.63 E0.00003
G1 X73.699 Y76.635 E0
G1 X73.669 Y76.649 E0.00001
G1 F1015.4 X73.638 Y76.664 E0.00001
G1 X73.607 Y76.678 E0.00001
G1 F1010.5 X73.576 Y76.693 E0.00001
G1 F1005.7 X73.546 Y76.707 E0.00001
G1 X73.515 Y76.722 E0.00001
G1 F1000.9 X73.484 Y76.736 E0.00001
G1 X73.43 Y76.764 E0.00002
G1 F1005.7 X73.378 Y76.791 E0.00002
G1 X73.327 Y76.817 E0.00001
G1 F1010.5 X73.275 Y76.844 E0.00002
G1 X72.85 Y77.082 E0.00013
G1 X72.716 Y77.164 E0.00004
G1 X72.581 Y77.246 E0.00004
G1 X72.446 Y77.329 E0.00004
G1 F1005.7 X72.378 Y77.372 E0.00002
G1 F1000.9 X72.31 Y77.416 E0.00002
G1 X72.242 Y77.46 E0.00002
G1 X72.208 Y77.483 E0.00001
G1 F1005.7 X72.173 Y77.507 E0.00001
G1 X72.139 Y77.531 E0.00001
G1 F1010.5 X72.104 Y77.554 E0.00001
G1 F1015.4 X72.07 Y77.578 E0.00001
G1 F1020.3 X71.929 Y77.683 E0.00005
G1 X71.787 Y77.789 E0.00005
G1 X71.645 Y77.894 E0.00005
G1 X71.599 Y77.93 E0.00002
G1 X71.553 Y77.967 E0.00002
G1 X71.507 Y78.004 E0.00002
G1 F1015.4 X71.461 Y78.041 E0.00002
G1 X71.415 Y78.077 E0.00002
G1 F1010.5 X71.368 Y78.114 E0.00002
G1 X71.322 Y78.151 E0.00002
G1 X71.276 Y78.188 E0.00002
G1 X71.207 Y78.249 E0.00002
G1 X71.137 Y78.312 E0.00002
G1 X71.067 Y78.375 E0.00002
G1 F1015.4 X70.997 Y78.437 E0.00002
G1 X70.927 Y78.5 E0.00002
G1 X70.581 Y78.829 E0.00012
G1 X70.548 Y78.863 E0.00001
G1 F1010.5 X70.515 Y78.898 E0.00001
G1 F1005.7 X70.481 Y78.932 E0.00001
G1 X70.448 Y78.967 E0.00001
G1 F1000.9 X70.414 Y79.002 E0.00001
G1 X70.388 Y79.031 E0.00001
G1 X70.361 Y79.061 E0.00001
G1 F1005.7 X70.334 Y79.09 E0.00001
G1 X70.307 Y79.12 E0.00001
G1 X70.28 Y79.149 E0.00001
G1 F1010.5 X70.253 Y79.179 E0.00001
G1 X70.226 Y79.208 E0.00001
G1 F1015.4 X70.199 Y79.238 E0.00001
G1 X70.172 Y79.267 E0.00001
G1 X70.145 Y79.297 E0.00001
G1 F1020.3 X70.118 Y79.326 E0.00001
G1 X70.091 Y79.356 E0.00001
G1 X70.084 Y79.364 E0
G1 X70.059 Y79.393 E0.00001
G1 F1015.4 X70.034 Y79.423 E0.00001
G1 F1010.5 X70.008 Y79.453 E0.00001
G1 X69.983 Y79.482 E0.00001
G1 F1005.7 X69.958 Y79.512 E0.00001
G1 F1000.9 X69.932 Y79.542 E0.00001
G1 X69.907 Y79.573 E0.00001
G1 F1005.7 X69.883 Y79.603 E0.00001
G1 X69.858 Y79.634 E0.00001
G1 F1010.5 X69.834 Y79.664 E0.00001
G1 F1015.4 X69.809 Y79.695 E0.00001
G1 X69.785 Y79.725 E0.00001
G1 F1020.3 X69.76 Y79.756 E0.00001
G1 X69.706 Y79.826 E0.00002
G1 X69.652 Y79.896 E0.00002
G1 F1015.4 X69.597 Y79.967 E0.00002
G1 X69.543 Y80.037 E0.00002
G1 X69.488 Y80.108 E0.00002
G1 F1010.5 X69.396 Y80.241 E0.00004
G1 X69.304 Y80.374 E0.00004
G1 X69.211 Y80.507 E0.00004
G1 F1005.7 X69.125 Y80.643 E0.00004
G1 X69.04 Y80.778 E0.00004
G1 X68.954 Y80.913 E0.00004
G1 X68.907 Y80.995 E0.00002
G1 X68.86 Y81.077 E0.00002
G1 X68.813 Y81.158 E0.00002
G1 F1010.5 X68.767 Y81.24 E0.00002
G1 X68.72 Y81.322 E0.00002
G1 X68.497 Y81.753 E0.00013
G1 X68.297 Y82.187 E0.00012
G1 F1015.4 X68.265 Y82.265 E0.00002
G1 X68.233 Y82.344 E0.00002
G1 X68.201 Y82.422 E0.00002
G1 F1020.3 X68.169 Y82.501 E0.00002
G1 X68.137 Y82.58 E0.00002
G1 X68.105 Y82.658 E0.00002
G1 F1025.2 X68.102 Y82.666 E0
G1 X68.088 Y82.704 E0.00001
G1 F1020.3 X68.073 Y82.742 E0.00001
G1 F1015.4 X68.058 Y82.781 E0.00001
G1 X68.044 Y82.819 E0.00001
G1 F1010.5 X68.029 Y82.857 E0.00001
G1 X68.004 Y82.93 E0.00002
G1 X67.978 Y83.004 E0.00002
G1 F1015.4 X67.952 Y83.078 E0.00002
G1 F1020.3 X67.904 Y83.234 E0.00004
G1 X67.856 Y83.391 E0.00004
G1 X67.808 Y83.547 E0.00004
G1 X67.786 Y83.63 E0.00002
G1 X67.763 Y83.714 E0.00002
G1 F1015.4 X67.74 Y83.798 E0.00002
G1 X67.717 Y83.882 E0.00002
G1 X67.694 Y83.966 E0.00002
G1 X67.658 Y84.136 E0.00005
G1 X67.621 Y84.306 E0.00005
G1 X67.584 Y84.476 E0.00005
G1 X67.502 Y84.949 E0.00012
G1 X67.482 Y85.107 E0.00004
G1 X67.461 Y85.266 E0.00004
G1 X67.44 Y85.425 E0.00004
G1 X67.427 Y85.606 E0.00005
G1 X67.414 Y85.787 E0.00005
G1 X67.401 Y85.969 E0.00005
G1 X67.388 Y86.15 E0.00005
G1 X67.387 Y86.329 E0.00005
G1 X67.385 Y86.508 E0.00005
G1 X67.383 Y86.687 E0.00005
G1 X67.381 Y86.866 E0.00005
G1 F1010.5 X67.382 Y86.925 E0.00002
G1 F1005.7 X67.384 Y86.983 E0.00002
G1 X67.386 Y87.041 E0.00002
G1 F1000.9 X67.388 Y87.099 E0.00002
G1 X67.395 Y87.218 E0.00003
G1 X67.403 Y87.338 E0.00003
G1 X67.412 Y87.457 E0.00003
G1 X67.422 Y87.577 E0.00003
G1 X67.426 Y87.623 E0.00001
G1 F1005.7 X67.431 Y87.67 E0.00001
G1 X67.435 Y87.717 E0.00001
G1 F1010.5 X67.44 Y87.764 E0.00001
G1 F1015.4 X67.444 Y87.811 E0.00001
G1 X67.446 Y87.826 E0
G1 F1010.5 X67.457 Y87.915 E0.00002
G1 F1005.7 X67.469 Y88.005 E0.00002
G1 F1000.9 X67.517 Y88.333 E0.00009
G1 X67.533 Y88.429 E0.00003
G1 F996.2 X67.549 Y88.526 E0.00003
G1 X67.558 Y88.572 E0.00001
G1 F1000.9 X67.567 Y88.618 E0.00001
G1 X67.576 Y88.664 E0.00001
G1 F1005.7 X67.585 Y88.71 E0.00001
G1 F1010.5 X67.594 Y88.757 E0.00001
G1 X67.614 Y88.852 E0.00003
G1 X67.635 Y88.948 E0.00003
G1 F1005.7 X67.655 Y89.044 E0.00003
G1 X67.676 Y89.14 E0.00003
G1 X67.697 Y89.235 E0.00003
G1 F1000.9 X67.824 Y89.7 E0.00013
G1 F1005.7 X67.842 Y89.756 E0.00002
G1 X67.86 Y89.812 E0.00002
G1 X67.878 Y89.868 E0.00002
G1 F1010.5 X67.897 Y89.924 E0.00002
G1 X67.915 Y89.98 E0.00002
G1 F1015.4 X67.933 Y90.036 E0.00002
G1 X67.952 Y90.092 E0.00002
G1 X67.97 Y90.148 E0.00002
G1 X67.972 Y90.155 E0
G1 X67.988 Y90.201 E0.00001
G1 F1010.5 X68.004 Y90.247 E0.00001
G1 F1005.7 X68.02 Y90.293 E0.00001
G1 X68.036 Y90.339 E0.00001
G1 F1000.9 X68.052 Y90.385 E0.00001
G1 X68.078 Y90.454 E0.00002
G1 X68.104 Y90.524 E0.00002
G1 F1005.7 X68.13 Y90.595 E0.00002
G1 X68.135 Y90.607 E0
G1 F1000.9 X68.157 Y90.661 E0.00002
G1 F996.2 X68.18 Y90.716 E0.00002
G1 X68.202 Y90.77 E0.00002
G1 F991.5 X68.225 Y90.825 E0.00002
G1 X68.241 Y90.861 E0.00001
G1 X68.257 Y90.898 E0.00001
G1 F996.2 X68.273 Y90.934 E0.00001
G1 X68.289 Y90.971 E0.00001
G1 X68.305 Y91.008 E0.00001
G1 F1000.9 X68.321 Y91.044 E0.00001
G1 X68.337 Y91.081 E0.00001
G1 F1005.7 X68.354 Y91.118 E0.00001
G1 X68.37 Y91.154 E0.00001
G1 X68.386 Y91.191 E0.00001
G1 F1010.5 X68.402 Y91.228 E0.00001
G1 X68.418 Y91.264 E0.00001
G1 X68.499 Y91.423 E0.00005
G1 X68.582 Y91.585 E0.00005
G1 X68.664 Y91.747 E0.00005
G1 X68.747 Y91.91 E0.00005
G1 F1005.7 X68.988 Y92.322 E0.00013
G1 X69.039 Y92.402 E0.00002
G1 X69.091 Y92.483 E0.00003
G1 F1000.9 X69.143 Y92.564 E0.00003
G1 X69.194 Y92.645 E0.00003
G1 X69.246 Y92.725 E0.00003
G1 X69.301 Y92.804 E0.00003
G1 X69.357 Y92.883 E0.00003
G1 X69.413 Y92.963 E0.00003
G1 F1005.7 X69.469 Y93.042 E0.00003
G1 X69.524 Y93.122 E0.00003
G1 F1010.5 X69.566 Y93.176 E0.00002
G1 X69.607 Y93.228 E0.00002
G1 F1015.4 X69.647 Y93.28 E0.00002
G1 X69.688 Y93.332 E0.00002
G1 X69.728 Y93.384 E0.00002
G1 F1020.3 X69.769 Y93.436 E0.00002
G1 X69.81 Y93.488 E0.00002
G1 X70.128 Y93.865 E0.00013
G1 X70.16 Y93.9 E0.00001
G1 X70.192 Y93.935 E0.00001
G1 F1015.4 X70.225 Y93.971 E0.00001
G1 X70.257 Y94.006 E0.00001
G1 X70.29 Y94.041 E0.00001
G1 F1010.5 X70.322 Y94.077 E0.00001
G1 X70.355 Y94.112 E0.00001
G1 F1005.7 X70.387 Y94.147 E0.00001
G1 X70.419 Y94.183 E0.00001
G1 X70.452 Y94.218 E0.00001
G1 X70.565 Y94.33 E0.00004
G1 X70.679 Y94.444 E0.00004
G1 X70.793 Y94.558 E0.00004
G1 X70.926 Y94.677 E0.00005
G1 X71.059 Y94.795 E0.00005
G1 X71.192 Y94.913 E0.00005
G1 X71.325 Y95.032 E0.00005
G1 X71.369 Y95.068 E0.00001
G1 F1010.5 X71.415 Y95.105 E0.00002
G1 X71.461 Y95.142 E0.00002
G1 F1015.4 X71.507 Y95.18 E0.00002
G1 X71.874 Y95.461 E0.00012
G1 X72.012 Y95.558 E0.00004
G1 X72.15 Y95.655 E0.00004
G1 X72.288 Y95.753 E0.00004
G1 F1010.5 X72.424 Y95.839 E0.00004
G1 X72.559 Y95.924 E0.00004
G1 X72.694 Y96.009 E0.00004
G1 X72.778 Y96.058 E0.00003
G1 X72.863 Y96.107 E0.00003
G1 X72.948 Y96.156 E0.00003
G1 F1015.4 X73.033 Y96.205 E0.00003
G1 X73.118 Y96.254 E0.00003
G1 X73.808 Y96.595 E0.0002
G1 X73.888 Y96.631 E0.00002
G1 F1010.5 X73.968 Y96.668 E0.00002
G1 X74.023 Y96.691 E0.00002
G1 F1015.4 X74.078 Y96.714 E0.00002
G1 X74.133 Y96.738 E0.00002
G1 F1020.3 X74.188 Y96.761 E0.00002
G1 X74.2 Y96.766 E0
G1 X74.247 Y96.784 E0.00001
G1 F1015.4 X74.294 Y96.803 E0.00001
G1 X74.342 Y96.821 E0.00001
G1 F1010.5 X74.389 Y96.84 E0.00001
G1 F1005.7 X74.875 Y97.02 E0.00014
G1 F1010.5 X74.966 Y97.047 E0.00002
G1 X75.058 Y97.075 E0.00003
G1 X75.15 Y97.102 E0.00002
G1 F1015.4 X75.242 Y97.13 E0.00002
G1 X75.334 Y97.157 E0.00002
G1 F1020.3 X75.426 Y97.182 E0.00002
G1 X75.52 Y97.207 E0.00003
G1 X75.613 Y97.232 E0.00002
G1 F1025.2 X75.707 Y97.258 E0.00003
G1 X75.8 Y97.283 E0.00002
G1 X75.844 Y97.293 E0.00001
G1 F1020.3 X75.89 Y97.303 E0.00001
G1 F1015.4 X75.936 Y97.313 E0.00001
G1 X75.982 Y97.324 E0.00001
G1 F1010.5 X76.027 Y97.334 E0.00001
G1 F1005.7 X76.183 Y97.365 E0.00004
G1 X76.34 Y97.397 E0.00004
G1 X76.497 Y97.428 E0.00004
G1 F1000.9 X76.631 Y97.448 E0.00004
G1 X76.765 Y97.468 E0.00004
G1 X76.899 Y97.488 E0.00004
G1 X76.948 Y97.495 E0.00001
G1 X76.997 Y97.501 E0.00001
G1 F1005.7 X77.046 Y97.507 E0.00001
G1 F1010.5 X77.094 Y97.513 E0.00001
G1 X77.143 Y97.519 E0.00001
G1 F1015.4 X77.192 Y97.525 E0.00001
G1 F1020.3 X77.207 Y97.527 E0
G1 X77.254 Y97.531 E0.00001
G1 F1015.4 X77.302 Y97.536 E0.00001
G1 F1010.5 X77.35 Y97.54 E0.00001
G1 X77.398 Y97.545 E0.00001
G1 F1005.7 X77.446 Y97.55 E0.00001
G1 X77.524 Y97.555 E0.00002
G1 X77.603 Y97.561 E0.00002
G1 F1010.5 X77.682 Y97.567 E0.00002
G1 F1015.4 X77.691 Y97.568 E0
G1 X77.75 Y97.571 E0.00002
G1 F1010.5 X77.809 Y97.574 E0.00002
G1 X77.868 Y97.577 E0.00002
G1 F1005.7 X77.927 Y97.581 E0.00002
G1 F1000.9 X78.284 Y97.589 E0.00009
G1 F1005.7 X78.484 Y97.586 E0.00005
G1 X78.684 Y97.582 E0.00005
G1 X78.884 Y97.578 E0.00005
G1 X79.362 Y97.547 E0.00013
G1 X79.84 Y97.492 E0.00013
G1 F1010.5 X79.998 Y97.468 E0.00004
G1 X80.156 Y97.443 E0.00004
G1 X80.314 Y97.418 E0.00004
G1 F1015.4 X80.407 Y97.4 E0.00002
G1 X80.5 Y97.381 E0.00002
G1 X80.593 Y97.362 E0.00002
G1 F1020.3 X80.686 Y97.343 E0.00002
G1 X80.779 Y97.324 E0.00002
G1 X80.791 Y97.32 E0
G1 X80.829 Y97.311 E0.00001
G1 F1015.4 X80.868 Y97.302 E0.00001
G1 F1010.5 X80.907 Y97.293 E0.00001
G1 X80.946 Y97.284 E0.00001
G1 F1005.7 X80.985 Y97.275 E0.00001
G1 F1000.9 X81.024 Y97.266 E0.00001
G1 X81.097 Y97.247 E0.00002
G1 X81.172 Y97.227 E0.00002
G1 F1005.7 X81.248 Y97.207 E0.00002
G1 F1010.5 X81.399 Y97.163 E0.00004
G1 X81.551 Y97.118 E0.00004
G1 X81.703 Y97.073 E0.00004
G1 X81.74 Y97.061 E0.00001
G1 F1005.7 X81.777 Y97.049 E0.00001
G1 F1000.9 X81.814 Y97.036 E0.00001
G1 X81.851 Y97.024 E0.00001
G1 F996.2 X81.888 Y97.011 E0.00001
G1 F991.5 X81.925 Y96.999 E0.00001
G1 X81.956 Y96.987 E0.00001
G1 X81.987 Y96.976 E0.00001
G1 X82.018 Y96.964 E0.00001
G1 F996.2 X82.049 Y96.953 E0.00001
G1 X82.08 Y96.941 E0.00001
G1 X82.111 Y96.93 E0.00001
G1 X82.142 Y96.918 E0.00001
G1 F1000.9 X82.173 Y96.907 E0.00001
G1 X82.204 Y96.896 E0.00001
G1 X82.235 Y96.884 E0.00001
G1 F1005.7 X82.266 Y96.873 E0.00001
G1 X82.297 Y96.861 E0.00001
G1 X82.328 Y96.85 E0.00001
G1 F1010.5 X82.359 Y96.838 E0.00001
G1 X82.39 Y96.827 E0.00001
G1 X82.421 Y96.815 E0.00001
G1 X82.452 Y96.804 E0.00001
G1 F1015.4 X82.483 Y96.793 E0.00001
G1 X82.514 Y96.781 E0.00001
G1 X82.545 Y96.77 E0.00001
G1 X82.552 Y96.766 E0
G1 F1010.5 X82.612 Y96.742 E0.00002
G1 F1005.7 X83.051 Y96.546 E0.00013
G1 X83.103 Y96.52 E0.00002
G1 X83.156 Y96.494 E0.00002
G1 X83.209 Y96.468 E0.00002
G1 F1000.9 X83.262 Y96.441 E0.00002
G1 X83.315 Y96.415 E0.00002
G1 F996.2 X83.368 Y96.389 E0.00002
G1 X83.421 Y96.362 E0.00002
G1 X83.473 Y96.336 E0.00002
G1 X83.499 Y96.322 E0.00001
G1 F1000.9 X83.525 Y96.308 E0.00001
G1 X83.552 Y96.294 E0.00001
G1 F1005.7 X83.578 Y96.28 E0.00001
G1 F1010.5 X83.605 Y96.266 E0.00001
G1 F1015.4 X83.631 Y96.252 E0.00001
G1 X83.658 Y96.238 E0.00001
G1 F1020.3 X83.684 Y96.224 E0.00001
G1 X83.693 Y96.218 E0
G1 X83.734 Y96.194 E0.00001
G1 X83.776 Y96.17 E0.00001
G1 F1015.4 X83.817 Y96.146 E0.00001
G1 X83.859 Y96.122 E0.00001
G1 X83.9 Y96.098 E0.00001
G1 F1010.5 X83.942 Y96.074 E0.00001
G1 X83.984 Y96.05 E0.00001
G1 F1005.7 X84.025 Y96.026 E0.00001
G1 X84.067 Y96.002 E0.00001
G1 X84.108 Y95.978 E0.00001
G1 X84.242 Y95.893 E0.00004
G1 X84.378 Y95.806 E0.00004
G1 X84.514 Y95.719 E0.00004
G1 F1010.5 X84.592 Y95.663 E0.00003
G1 X84.671 Y95.606 E0.00003
G1 X84.75 Y95.55 E0.00003
G1 F1015.4 X84.829 Y95.493 E0.00003
G1 X84.907 Y95.437 E0.00002
G1 X84.982 Y95.38 E0.00002
G1 X85.057 Y95.322 E0.00002
G1 F1010.5 X85.132 Y95.264 E0.00002
G1 X85.208 Y95.206 E0.00002
G1 X85.283 Y95.148 E0.00002
G1 F1005.7 X85.344 Y95.098 E0.00002
G1 F1000.9 X85.407 Y95.047 E0.00002
G1 X85.47 Y94.995 E0.00002
G1 X85.494 Y94.974 E0.00001
G1 F1005.7 X85.519 Y94.952 E0.00001
G1 F1010.5 X85.544 Y94.931 E0.00001
G1 X85.569 Y94.909 E0.00001
G1 F1015.4 X85.594 Y94.887 E0.00001
G1 F1020.3 X85.619 Y94.866 E0.00001
G1 F1025.2 X85.644 Y94.844 E0.00001
G1 X85.653 Y94.835 E0
G1 F1020.3 X85.722 Y94.772 E0.00002
G1 X85.791 Y94.708 E0.00002
G1 F1015.4 X85.86 Y94.645 E0.00002
G1 X85.93 Y94.581 E0.00002
G1 X85.999 Y94.517 E0.00002
G1 F1010.5 X86.115 Y94.402 E0.00004
G1 X86.231 Y94.287 E0.00004
G1 X86.347 Y94.172 E0.00004
G1 X86.391 Y94.123 E0.00002
G1 X86.435 Y94.074 E0.00002
G1 F1015.4 X86.479 Y94.025 E0.00002
G1 X86.523 Y93.976 E0.00002
G1 X86.567 Y93.927 E0.00002
G1 F1020.3 X86.611 Y93.878 E0.00002
G1 X86.655 Y93.829 E0.00002
G1 X86.663 Y93.821 E0
G1 X86.695 Y93.784 E0.00001
G1 F1015.4 X86.727 Y93.747 E0.00001
G1 F1010.5 X86.759 Y93.71 E0.00001
G1 X86.791 Y93.673 E0.00001
G1 F1005.7 X86.823 Y93.636 E0.00001
G1 X86.871 Y93.577 E0.00002
G1 X86.92 Y93.517 E0.00002
G1 F1010.5 X86.968 Y93.458 E0.00002
G1 X87.255 Y93.083 E0.00012
G1 X87.35 Y92.946 E0.00004
G1 X87.445 Y92.809 E0.00004
G1 X87.54 Y92.672 E0.00004
G1 X87.625 Y92.538 E0.00004
G1 X87.711 Y92.403 E0.00004
G1 X87.797 Y92.268 E0.00004
G1 X88.038 Y91.846 E0.00013
G1 X88.355 Y91.218 E0.00018
G1 F1015.4 X88.374 Y91.174 E0.00001
G1 X88.393 Y91.13 E0.00001
G1 X88.412 Y91.086 E0.00001
G1 F1020.3 X88.431 Y91.042 E0.00001
G1 X88.45 Y90.998 E0.00001
G1 F1025.2 X88.469 Y90.954 E0.00001
G1 X88.488 Y90.91 E0.00001
G1 X88.507 Y90.866 E0.00001
G1 F1030.2 X88.526 Y90.822 E0.00001
G1 X88.545 Y90.778 E0.00001
G1 X88.549 Y90.768 E0
G1 F1025.2 X88.563 Y90.732 E0.00001
G1 F1020.3 X88.577 Y90.696 E0.00001
G1 F1015.4 X88.592 Y90.66 E0.00001
G1 X88.606 Y90.623 E0.00001
G1 F1010.5 X88.62 Y90.587 E0.00001
G1 F1005.7 X88.635 Y90.551 E0.00001
G1 X88.657 Y90.491 E0.00002
G1 X88.679 Y90.43 E0.00002
G1 F1010.5 X88.702 Y90.369 E0.00002
G1 X88.724 Y90.308 E0.00002
G1 X88.747 Y90.247 E0.00002
G1 F1015.4 X88.769 Y90.186 E0.00002
G1 X88.792 Y90.125 E0.00002
G1 X88.942 Y89.635 E0.00013
G1 X88.954 Y89.59 E0.00001
G1 F1010.5 X88.967 Y89.545 E0.00001
G1 F1005.7 X88.98 Y89.5 E0.00001
G1 X88.993 Y89.455 E0.00001
G1 F1000.9 X89.006 Y89.409 E0.00001
G1 X89.021 Y89.351 E0.00002
G1 F1005.7 X89.036 Y89.294 E0.00002
G1 X89.051 Y89.237 E0.00002
G1 F1010.5 X89.066 Y89.179 E0.00002
G1 X89.069 Y89.167 E0
G1 X89.079 Y89.121 E0.00001
G1 F1005.7 X89.09 Y89.074 E0.00001
G1 F1000.9 X89.101 Y89.027 E0.00001
G1 F996.2 X89.111 Y88.98 E0.00001
G1 X89.117 Y88.952 E0.00001
G1 X89.122 Y88.925 E0.00001
G1 X89.128 Y88.897 E0.00001
G1 F1000.9 X89.133 Y88.87 E0.00001
G1 X89.139 Y88.842 E0.00001
G1 F1005.7 X89.144 Y88.815 E0.00001
G1 X89.149 Y88.787 E0.00001
G1 X89.155 Y88.76 E0.00001
G1 F1010.5 X89.16 Y88.732 E0.00001
G1 X89.166 Y88.705 E0.00001
G1 F1015.4 X89.171 Y88.678 E0.00001
G1 X89.177 Y88.65 E0.00001
G1 X89.182 Y88.623 E0.00001
G1 F1020.3 X89.187 Y88.595 E0.00001
G1 X89.193 Y88.568 E0.00001
G1 F1025.2 X89.198 Y88.54 E0.00001
G1 X89.204 Y88.513 E0.00001
G1 X89.209 Y88.485 E0.00001
G1 X89.213 Y88.464 E0.00001
G1 F1020.3 X89.219 Y88.426 E0.00001
G1 F1015.4 X89.225 Y88.388 E0.00001
G1 F1010.5 X89.231 Y88.349 E0.00001
G1 X89.237 Y88.311 E0.00001
G1 F1005.7 X89.244 Y88.272 E0.00001
G1 F1000.9 X89.25 Y88.234 E0.00001
G1 X89.262 Y88.142 E0.00002
G1 X89.275 Y88.049 E0.00002
G1 X89.287 Y87.956 E0.00002
G1 F1005.7 X89.3 Y87.863 E0.00002
G1 X89.313 Y87.769 E0.00002
G1 F1010.5 X89.32 Y87.673 E0.00003
G1 X89.328 Y87.576 E0.00003
G1 X89.335 Y87.479 E0.00003
G1 F1015.4 X89.343 Y87.382 E0.00003
G1 X89.351 Y87.286 E0.00002
G1 F1020.3 X89.357 Y87.122 E0.00004
G1 X89.364 Y86.958 E0.00004
G1 X89.371 Y86.794 E0.00004
G1 X89.363 Y86.086 E0.00018
G1 X89.36 Y86.026 E0.00002
G1 X89.356 Y85.965 E0.00002
G1 X89.352 Y85.904 E0.00002
G1 F1015.4 X89.348 Y85.843 E0.00002
G1 X89.344 Y85.782 E0.00002
G1 F1010.5 X89.34 Y85.721 E0.00002
G1 X89.336 Y85.66 E0.00002
G1 X89.332 Y85.599 E0.00002
G1 X89.316 Y85.457 E0.00004
G1 X89.301 Y85.316 E0.00004
G1 X89.285 Y85.175 E0.00004
G1 F1015.4 X89.278 Y85.123 E0.00001
G1 X89.271 Y85.076 E0.00001
G1 X89.264 Y85.029 E0.00001
G1 F1010.5 X89.256 Y84.981 E0.00001
G1 X89.249 Y84.934 E0.00001
G1 X89.241 Y84.886 E0.00001
G1 F1005.7 X89.234 Y84.839 E0.00001
G1 X89.226 Y84.792 E0.00001
G1 F1000.9 X89.219 Y84.744 E0.00001
G1 X89.211 Y84.697 E0.00001
G1 X89.204 Y84.649 E0.00001
G1 X89.172 Y84.491 E0.00004
G1 X89.14 Y84.334 E0.00004
G1 X89.108 Y84.177 E0.00004
G1 F1005.7 X89.085 Y84.085 E0.00002
G1 X89.061 Y83.993 E0.00002
G1 X89.038 Y83.901 E0.00002
G1 F1010.5 X89.014 Y83.809 E0.00002
G1 X88.99 Y83.717 E0.00002
G1 X88.853 Y83.248 E0.00013
G1 F1015.4 X88.803 Y83.102 E0.00004
G1 X88.752 Y82.956 E0.00004
G1 X88.702 Y82.809 E0.00004
G1 X88.555 Y82.422 E0.00011
G1 F1010.5 X88.526 Y82.352 E0.00002
G1 F1005.7 X88.319 Y81.886 E0.00013
G1 X88.252 Y81.75 E0.00004
G1 X88.185 Y81.614 E0.00004
G1 X88.117 Y81.478 E0.00004
G1 F1000.9 X88.04 Y81.338 E0.00004
G1 X87.962 Y81.198 E0.00004
G1 X87.884 Y81.058 E0.00004
G1 X87.836 Y80.98 E0.00002
G1 X87.788 Y80.902 E0.00002
G1 X87.74 Y80.823 E0.00002
G1 F1005.7 X87.692 Y80.745 E0.00002
G1 X87.644 Y80.666 E0.00002
G1 F1010.5 X87.634 Y80.651 E0
G1 X87.584 Y80.576 E0.00002
G1 X87.533 Y80.5 E0.00002
G1 F1005.7 X87.483 Y80.424 E0.00002
G1 X87.432 Y80.349 E0.00002
G1 X87.381 Y80.273 E0.00002
G1 F1000.9 X87.068 Y79.852 E0.00014
G1 F1005.7 X86.972 Y79.733 E0.00004
G1 X86.875 Y79.613 E0.00004
G1 X86.778 Y79.494 E0.00004
G1 F1010.5 X86.739 Y79.45 E0.00002
G1 X86.699 Y79.405 E0.00002
G1 X86.659 Y79.36 E0.00002
G1 F1015.4 X86.619 Y79.315 E0.00002
G1 X86.58 Y79.27 E0.00002
G1 F1020.3 X86.54 Y79.225 E0.00002
G1 X86.5 Y79.18 E0.00002
G1 X86.46 Y79.135 E0.00002
G1 X86.435 Y79.108 E0.00001
G1 F1015.4 X86.408 Y79.079 E0.00001
G1 F1010.5 X86.382 Y79.051 E0.00001
G1 X86.355 Y79.022 E0.00001
G1 F1005.7 X86.328 Y78.993 E0.00001
G1 F1000.9 X86.302 Y78.965 E0.00001
G1 X86.26 Y78.923 E0.00002
G1 F1005.7 X86.218 Y78.88 E0.00002
G1 X86.176 Y78.837 E0.00002
G1 F1010.5 X86.134 Y78.794 E0.00002
G1 X86.128 Y78.788 E0
G1 X86.088 Y78.749 E0.00001
G1 F1005.7 X86.047 Y78.709 E0.00002
G1 X86.006 Y78.669 E0.00002
G1 F1000.9 X85.965 Y78.629 E0.00002
G1 X85.907 Y78.575 E0.00002
G1 X85.848 Y78.52 E0.00002
G1 F1005.7 X85.788 Y78.465 E0.00002
G1 F1010.5 X85.782 Y78.459 E0
G1 X85.715 Y78.399 E0.00002
G1 F1005.7 X85.647 Y78.338 E0.00002
G1 X85.579 Y78.277 E0.00002
G1 X85.465 Y78.183 E0.00004
G1 X85.351 Y78.089 E0.00004
G1 X85.238 Y77.996 E0.00004
G1 F1010.5 X85.192 Y77.96 E0.00002
G1 F1015.4 X85.146 Y77.923 E0.00002
G1 X85.099 Y77.887 E0.00002
G1 F1020.3 X85.053 Y77.85 E0.00002
G1 X85.045 Y77.844 E0
G1 X84.998 Y77.809 E0.00002
G1 F1015.4 X84.951 Y77.774 E0.00002
G1 X84.904 Y77.738 E0.00002
G1 F1010.5 X84.856 Y77.703 E0.00002
G1 X84.756 Y77.632 E0.00003
G1 X84.656 Y77.562 E0.00003
G1 X84.558 Y77.495 E0.00003
G1 X84.46 Y77.428 E0.00003
G1 X84.413 Y77.397 E0.00001
G1 F1015.4 X84.365 Y77.366 E0.00001
G1 X84.317 Y77.335 E0.00001
G1 F1020.3 X84.269 Y77.304 E0.00001
G1 X84.189 Y77.257 E0.00002
G1 X84.11 Y77.21 E0.00002
G1 X84.031 Y77.163 E0.00002
G1 X83.952 Y77.117 E0.00002
G1 F1015.4 X83.872 Y77.07 E0.00002
G1 X83.793 Y77.023 E0.00002
G1 X83.714 Y76.977 E0.00002
G1 X83.635 Y76.93 E0.00002
G1 F1010.5 X83.583 Y76.903 E0.00002
G1 X83.531 Y76.876 E0.00002
G1 X83.478 Y76.849 E0.00002
G1 F1005.7 X83.426 Y76.822 E0.00002
G1 X83.373 Y76.795 E0.00002
G1 F1000.9 X83.321 Y76.768 E0.00002
G1 X83.269 Y76.741 E0.00002
G1 X83.216 Y76.714 E0.00002
G1 X83.125 Y76.672 E0.00003
G1 X83.037 Y76.631 E0.00003
G1 X82.949 Y76.591 E0.00003
G1 F1005.7 X82.861 Y76.55 E0.00003
G1 X82.772 Y76.51 E0.00003
G1 F1010.5 X82.604 Y76.443 E0.00005
G1 X82.437 Y76.376 E0.00005
G1 X82.27 Y76.309 E0.00005
G1 X82.102 Y76.242 E0.00005
G1 X82.047 Y76.223 E0.00002
G1 X81.991 Y76.204 E0.00002
G1 F1005.7 X81.935 Y76.185 E0.00002
G1 F1000.9 X81.879 Y76.165 E0.00002
G1 X81.824 Y76.146 E0.00002
G1 X81.742 Y76.12 E0.00002
G1 F1005.7 X81.658 Y76.093 E0.00002
G1 X81.542 Y76.058 E0.00003
G1 F1010.5 X81.499 Y76.046 E0.00001
G1 X81.456 Y76.034 E0.00001
G1 F1015.4 X81.412 Y76.022 E0.00001
G1 X81.369 Y76.01 E0.00001
G1 F1020.3 X81.326 Y75.998 E0.00001
G1 X81.282 Y75.986 E0.00001
G1 F1025.2 X81.239 Y75.974 E0.00001
G1 X81.196 Y75.962 E0.00001
G1 X81.189 Y75.96 E0
G1 X81.147 Y75.95 E0.00001
G1 X81.104 Y75.939 E0.00001
G1 F1020.3 X81.062 Y75.928 E0.00001
G1 X81.019 Y75.917 E0.00001
G1 F1015.4 X80.976 Y75.906 E0.00001
G1 X80.934 Y75.895 E0.00001
G1 F1010.5 X80.891 Y75.884 E0.00001
G1 X80.848 Y75.873 E0.00001
G1 X80.797 Y75.862 E0.00001
G1 F1015.4 X80.745 Y75.85 E0.00001
G1 X80.583 Y75.818 E0.00004
G1 X80.42 Y75.786 E0.00004
G1 X80.257 Y75.754 E0.00004
G1 X80.198 Y75.745 E0.00002
G1 X80.14 Y75.736 E0.00002
G1 X80.081 Y75.727 E0.00002
G1 F1020.3 X80.023 Y75.719 E0.00002
G1 X79.965 Y75.71 E0.00002
G1 F1025.2 X79.906 Y75.701 E0.00002
G1 X79.848 Y75.693 E0.00002
G1 X79.79 Y75.684 E0.00002
G1 X79.78 Y75.682 E0
G1 F1020.3 X79.722 Y75.675 E0.00002
G1 F1015.4 X79.663 Y75.668 E0.00002
G1 F1010.5 X79.504 Y75.653 E0.00004
G1 X79.345 Y75.638 E0.00004
G1 X79.185 Y75.622 E0.00004
G1 X79.128 Y75.618 E0.00001
G1 F1020.3 X79.071 Y75.614 E0.00001
G1 X79.059 Y75.613 E0
G0 F24000 X78.859 Y75.606
G1 F60 E-0.001
G1 F18000 Z0.95
G0 F24000 X67.469 Y88.005 Z0.95
G1 F18000 Z0.8
G1 F60 E0.001
G1 F1005.7 X67.458 Y87.916 E0.00002
G1 F1010.5 X67.446 Y87.826 E0.00002
G1 F1015.4 X67.445 Y87.813 E0
G1 X67.441 Y87.767 E0.00001
G1 F1010.5 X67.436 Y87.72 E0.00001
G1 F1005.7 X67.432 Y87.673 E0.00001
G1 X67.427 Y87.626 E0.00001
G1 F1000.9 X67.423 Y87.579 E0.00001
G1 X67.413 Y87.458 E0.00003
G1 X67.403 Y87.338 E0.00003
G1 X67.396 Y87.218 E0.00003
G1 X67.388 Y87.098 E0.00003
G1 X67.386 Y87.04 E0.00002
G1 F1005.7 X67.384 Y86.982 E0.00002
G1 X67.382 Y86.924 E0.00002
G1 F1010.5 X67.38 Y86.866 E0.00002
G1 X67.388 Y86.137 E0.00019
G1 X67.44 Y85.425 E0.00019
G1 F1015.4 X67.461 Y85.264 E0.00004
G1 X67.482 Y85.102 E0.00004
G1 X67.503 Y84.941 E0.00004
G1 X67.585 Y84.468 E0.00012
G1 X67.602 Y84.386 E0.00002
G1 X67.62 Y84.304 E0.00002
G1 X67.638 Y84.222 E0.00002
G1 F1010.5 X67.655 Y84.14 E0.00002
G1 X67.673 Y84.058 E0.00002
G1 X67.691 Y83.975 E0.00002
G1 X67.694 Y83.966 E0
G1 F1015.4 X67.716 Y83.883 E0.00002
G1 X67.739 Y83.799 E0.00002
G1 X67.762 Y83.715 E0.00002
G1 F1020.3 X67.785 Y83.631 E0.00002
G1 X67.808 Y83.547 E0.00002
G1 X67.856 Y83.391 E0.00004
G1 X67.904 Y83.234 E0.00004
G1 X67.952 Y83.078 E0.00004
G1 F1015.4 X67.977 Y83.005 E0.00002
G1 F1010.5 X68.003 Y82.931 E0.00002
G1 X68.029 Y82.857 E0.00002
G1 X68.043 Y82.819 E0.00001
G1 F1015.4 X68.058 Y82.781 E0.00001
G1 X68.073 Y82.742 E0.00001
G1 F1020.3 X68.087 Y82.704 E0.00001
G1 F1025.2 X68.102 Y82.666 E0.00001
G1 X68.105 Y82.657 E0
G1 F1020.3 X68.139 Y82.574 E0.00002
G1 X68.173 Y82.491 E0.00002
G1 X68.207 Y82.407 E0.00002
G1 F1015.4 X68.241 Y82.324 E0.00002
G1 X68.275 Y82.241 E0.00002
G1 X68.309 Y82.157 E0.00002
G1 F1010.5 X68.373 Y82.019 E0.00004
G1 X68.437 Y81.882 E0.00004
G1 X68.5 Y81.745 E0.00004
G1 F1005.7 X68.723 Y81.316 E0.00013
G1 X68.801 Y81.18 E0.00004
G1 X68.879 Y81.044 E0.00004
G1 X68.957 Y80.908 E0.00004
G1 F1000.9 X69.215 Y80.5 E0.00013
G1 F1005.7 X69.271 Y80.42 E0.00003
G1 X69.327 Y80.34 E0.00003
G1 X69.383 Y80.259 E0.00003
G1 F1010.5 X69.439 Y80.179 E0.00003
G1 X69.495 Y80.098 E0.00003
G1 F1015.4 X69.548 Y80.03 E0.00002
G1 X69.6 Y79.963 E0.00002
G1 X69.652 Y79.896 E0.00002
G1 F1020.3 X69.704 Y79.829 E0.00002
G1 X69.756 Y79.762 E0.00002
G1 X69.76 Y79.756 E0
G1 X69.784 Y79.726 E0.00001
G1 F1015.4 X69.808 Y79.696 E0.00001
G1 X69.833 Y79.665 E0.00001
G1 F1010.5 X69.857 Y79.635 E0.00001
G1 F1005.7 X69.882 Y79.604 E0.00001
G1 X69.906 Y79.574 E0.00001
G1 F1000.9 X69.931 Y79.543 E0.00001
G1 X69.956 Y79.514 E0.00001
G1 F1005.7 X69.981 Y79.484 E0.00001
G1 F1010.5 X70.007 Y79.454 E0.00001
G1 X70.032 Y79.425 E0.00001
G1 F1015.4 X70.057 Y79.395 E0.00001
G1 F1020.3 X70.083 Y79.365 E0.00001
G1 X70.092 Y79.355 E0
G1 X70.118 Y79.326 E0.00001
G1 X70.145 Y79.296 E0.00001
G1 F1015.4 X70.172 Y79.267 E0.00001
G1 X70.199 Y79.237 E0.00001
G1 X70.226 Y79.208 E0.00001
G1 F1010.5 X70.253 Y79.178 E0.00001
G1 X70.28 Y79.149 E0.00001
G1 F1005.7 X70.307 Y79.119 E0.00001
G1 X70.334 Y79.09 E0.00001
G1 X70.361 Y79.06 E0.00001
G1 F1000.9 X70.388 Y79.031 E0.00001
G1 X70.415 Y79.001 E0.00001
G1 X70.447 Y78.968 E0.00001
G1 F1005.7 X70.48 Y78.933 E0.00001
G1 X70.514 Y78.899 E0.00001
G1 F1010.5 X70.547 Y78.864 E0.00001
G1 F1015.4 X70.581 Y78.829 E0.00001
G1 X70.926 Y78.501 E0.00012
G1 X70.997 Y78.437 E0.00002
G1 X71.069 Y78.373 E0.00002
G1 F1010.5 X71.14 Y78.309 E0.00002
G1 X71.212 Y78.245 E0.00003
G1 X71.284 Y78.181 E0.00003
G1 X71.335 Y78.14 E0.00002
G1 X71.387 Y78.099 E0.00002
G1 F1015.4 X71.439 Y78.058 E0.00002
G1 X71.49 Y78.017 E0.00002
G1 X71.542 Y77.976 E0.00002
G1 F1020.3 X71.594 Y77.935 E0.00002
G1 X71.645 Y77.894 E0.00002
G1 X71.786 Y77.789 E0.00005
G1 X71.928 Y77.683 E0.00005
G1 X72.07 Y77.578 E0.00005
G1 F1015.4 X72.104 Y77.555 E0.00001
G1 F1010.5 X72.139 Y77.531 E0.00001
G1 F1005.7 X72.173 Y77.507 E0.00001
G1 X72.208 Y77.484 E0.00001
G1 F1000.9 X72.242 Y77.46 E0.00001
G1 X72.31 Y77.417 E0.00002
G1 X72.378 Y77.373 E0.00002
G1 F1005.7 X72.446 Y77.329 E0.00002
G1 X72.858 Y77.077 E0.00013
G1 F1010.5 X72.996 Y77 E0.00004
G1 X73.135 Y76.923 E0.00004
G1 X73.274 Y76.845 E0.00004
G1 X73.325 Y76.819 E0.00001
G1 F1005.7 X73.377 Y76.792 E0.00002
G1 X73.428 Y76.766 E0.00001
G1 F1000.9 X73.48 Y76.739 E0.00002
G1 X73.511 Y76.724 E0.00001
G1 F1005.7 X73.542 Y76.709 E0.00001
G1 X73.573 Y76.695 E0.00001
G1 F1010.5 X73.604 Y76.68 E0.00001
G1 F1015.4 X73.634 Y76.666 E0.00001
G1 X73.665 Y76.651 E0.00001
G1 F1020.3 X73.696 Y76.637 E0.00001
G1 X73.78 Y76.601 E0.00002
G1 X73.862 Y76.566 E0.00002
G1 X73.944 Y76.531 E0.00002
G1 X74.026 Y76.496 E0.00002
G1 F1015.4 X74.108 Y76.461 E0.00002
G1 X74.19 Y76.426 E0.00002
G1 X74.271 Y76.391 E0.00002
G1 X74.353 Y76.356 E0.00002
G1 F1010.5 X74.443 Y76.322 E0.00003
G1 X74.535 Y76.288 E0.00003
G1 F1005.7 X74.627 Y76.254 E0.00003
G1 X74.719 Y76.219 E0.00003
G1 X74.811 Y76.185 E0.00003
G1 X74.965 Y76.136 E0.00004
G1 X75.117 Y76.087 E0.00004
G1 X75.27 Y76.039 E0.00004
G1 F1010.5 X75.426 Y75.996 E0.00004
G1 X75.581 Y75.954 E0.00004
G1 X75.737 Y75.912 E0.00004
G1 F1015.4 X75.892 Y75.879 E0.00004
G1 X76.047 Y75.845 E0.00004
G1 X76.203 Y75.812 E0.00004
G1 X76.238 Y75.805 E0.00001
G1 F1010.5 X76.272 Y75.798 E0.00001
G1 X76.307 Y75.792 E0.00001
G1 F1005.7 X76.341 Y75.785 E0.00001
G1 F1000.9 X76.376 Y75.778 E0.00001
G1 X76.41 Y75.772 E0.00001
G1 F996.2 X76.444 Y75.765 E0.00001
G1 X76.506 Y75.755 E0.00002
G1 F1000.9 X76.571 Y75.744 E0.00002
G1 F1005.7 X76.636 Y75.733 E0.00002
G1 F1010.5 X76.808 Y75.709 E0.00005
G1 X76.98 Y75.685 E0.00005
G1 X77.153 Y75.66 E0.00005
G1 X77.212 Y75.654 E0.00002
G1 F1005.7 X77.272 Y75.648 E0.00002
G1 X77.332 Y75.642 E0.00002
G1 F1000.9 X77.391 Y75.635 E0.00002
G1 X77.428 Y75.633 E0.00001
G1 F1005.7 X77.467 Y75.63 E0.00001
G1 F1010.5 X77.506 Y75.627 E0.00001
G1 X77.545 Y75.624 E0.00001
G1 F1015.4 X77.584 Y75.621 E0.00001
G1 F1020.3 X77.623 Y75.619 E0.00001
G1 X77.635 Y75.617 E0
G1 X77.693 Y75.615 E0.00001
G1 X77.752 Y75.612 E0.00002
G1 X77.811 Y75.609 E0.00002
G1 F1015.4 X77.87 Y75.606 E0.00002
G1 X77.929 Y75.603 E0.00002
G1 F1010.5 X77.988 Y75.6 E0.00002
G1 X78.047 Y75.597 E0.00002
G1 X78.106 Y75.595 E0.00002
G1 X78.266 Y75.594 E0.00004
G1 X78.425 Y75.594 E0.00004
G1 X78.584 Y75.595 E0.00004
G1 F1015.4 X78.679 Y75.598 E0.00002
G1 X78.774 Y75.602 E0.00002
G1 X78.869 Y75.605 E0.00002
G1 F1020.3 X78.964 Y75.609 E0.00002
G1 X79.059 Y75.613 E0.00002
G1 X79.072 Y75.614 E0
G1 X79.129 Y75.618 E0.00001
G1 F1010.5 X79.186 Y75.622 E0.00001
G1 X79.344 Y75.637 E0.00004
G1 X79.503 Y75.652 E0.00004
G1 X79.663 Y75.668 E0.00004
G1 F1015.4 X79.721 Y75.675 E0.00002
G1 F1020.3 X79.78 Y75.682 E0.00002
G1 F1025.2 X79.792 Y75.684 E0
G1 X79.851 Y75.692 E0.00002
G1 X79.91 Y75.701 E0.00002
G1 X79.97 Y75.71 E0.00002
G1 F1020.3 X80.029 Y75.719 E0.00002
G1 X80.088 Y75.728 E0.00002
G1 F1015.4 X80.148 Y75.737 E0.00002
G1 X80.207 Y75.746 E0.00002
G1 X80.266 Y75.755 E0.00002
G1 X80.424 Y75.786 E0.00004
G1 X80.584 Y75.818 E0.00004
G1 X80.744 Y75.849 E0.00004
G1 X80.796 Y75.861 E0.00001
G1 F1010.5 X80.848 Y75.873 E0.00001
G1 X80.89 Y75.883 E0.00001
G1 X80.933 Y75.894 E0.00001
G1 F1015.4 X80.975 Y75.905 E0.00001
G1 X81.018 Y75.916 E0.00001
G1 F1020.3 X81.061 Y75.927 E0.00001
G1 X81.103 Y75.938 E0.00001
G1 F1025.2 X81.146 Y75.949 E0.00001
G1 X81.189 Y75.96 E0.00001
G1 X81.198 Y75.962 E0
G1 X81.241 Y75.974 E0.00001
G1 X81.284 Y75.986 E0.00001
G1 F1020.3 X81.328 Y75.998 E0.00001
G1 X81.371 Y76.01 E0.00001
G1 F1015.4 X81.414 Y76.022 E0.00001
G1 X81.458 Y76.034 E0.00001
G1 F1010.5 X81.501 Y76.046 E0.00001
G1 X81.544 Y76.058 E0.00001
G1 F1005.7 X81.658 Y76.093 E0.00003
G1 X81.741 Y76.119 E0.00002
G1 F1000.9 X81.825 Y76.146 E0.00002
G1 X81.88 Y76.165 E0.00002
G1 X81.936 Y76.184 E0.00002
G1 F1005.7 X81.992 Y76.203 E0.00002
G1 F1010.5 X82.048 Y76.223 E0.00002
G1 X82.103 Y76.242 E0.00002
G1 X82.269 Y76.308 E0.00005
G1 X82.436 Y76.375 E0.00005
G1 X82.603 Y76.442 E0.00005
G1 X82.771 Y76.509 E0.00005
G1 F1005.7 X82.92 Y76.578 E0.00004
G1 X83.07 Y76.647 E0.00004
G1 X83.22 Y76.716 E0.00004
G1 X83.305 Y76.76 E0.00003
G1 X83.39 Y76.804 E0.00003
G1 X83.476 Y76.848 E0.00003
G1 F1010.5 X83.561 Y76.892 E0.00002
G1 X83.646 Y76.936 E0.00002
G1 F1015.4 X83.723 Y76.981 E0.00002
G1 X83.801 Y77.027 E0.00002
G1 X83.878 Y77.073 E0.00002
G1 X83.956 Y77.118 E0.00002
G1 F1020.3 X84.033 Y77.164 E0.00002
G1 X84.111 Y77.21 E0.00002
G1 X84.188 Y77.256 E0.00002
G1 X84.266 Y77.301 E0.00002
G1 X84.315 Y77.334 E0.00002
G1 F1015.4 X84.363 Y77.365 E0.00001
G1 X84.411 Y77.396 E0.00001
G1 F1010.5 X84.459 Y77.427 E0.00001
G1 X84.561 Y77.497 E0.00003
G1 X84.662 Y77.566 E0.00003
G1 X84.758 Y77.634 E0.00003
G1 X84.855 Y77.702 E0.00003
G1 X84.902 Y77.737 E0.00002
G1 F1015.4 X84.949 Y77.772 E0.00002
G1 X84.996 Y77.808 E0.00002
G1 F1020.3 X85.044 Y77.843 E0.00002
G1 X85.054 Y77.851 E0
G1 X85.1 Y77.887 E0.00002
G1 F1015.4 X85.146 Y77.924 E0.00002
G1 X85.193 Y77.96 E0.00002
G1 F1010.5 X85.239 Y77.997 E0.00002
G1 F1005.7 X85.351 Y78.089 E0.00004
G1 X85.465 Y78.183 E0.00004
G1 X85.578 Y78.276 E0.00004
G1 X85.645 Y78.336 E0.00002
G1 X85.713 Y78.397 E0.00002
G1 F1010.5 X85.781 Y78.458 E0.00002
G1 X85.788 Y78.465 E0
G1 F1005.7 X85.847 Y78.52 E0.00002
G1 F1000.9 X85.906 Y78.575 E0.00002
G1 X85.966 Y78.63 E0.00002
G1 X86.006 Y78.669 E0.00001
G1 F1005.7 X86.047 Y78.709 E0.00002
G1 X86.088 Y78.749 E0.00002
G1 F1010.5 X86.129 Y78.789 E0.00001
G1 X86.135 Y78.795 E0
G1 X86.177 Y78.837 E0.00002
G1 F1005.7 X86.219 Y78.88 E0.00002
G1 X86.261 Y78.923 E0.00002
G1 F1000.9 X86.303 Y78.966 E0.00002
G1 X86.328 Y78.993 E0.00001
G1 F1005.7 X86.355 Y79.022 E0.00001
G1 F1010.5 X86.381 Y79.05 E0.00001
G1 X86.408 Y79.079 E0.00001
G1 F1015.4 X86.435 Y79.108 E0.00001
G1 F1020.3 X86.461 Y79.136 E0.00001
G1 X86.501 Y79.181 E0.00002
G1 X86.541 Y79.227 E0.00002
G1 X86.582 Y79.273 E0.00002
G1 F1015.4 X86.622 Y79.318 E0.00002
G1 X86.663 Y79.364 E0.00002
G1 F1010.5 X86.703 Y79.41 E0.00002
G1 X86.743 Y79.455 E0.00002
G1 X86.784 Y79.501 E0.00002
G1 F1005.7 X86.883 Y79.624 E0.00004
G1 X86.983 Y79.748 E0.00004
G1 X87.084 Y79.873 E0.00004
G1 F1000.9 X87.185 Y80.009 E0.00004
G1 X87.285 Y80.145 E0.00004
G1 X87.386 Y80.281 E0.00004
G1 X87.422 Y80.334 E0.00002
G1 X87.457 Y80.386 E0.00002
G1 F1005.7 X87.492 Y80.439 E0.00002
G1 X87.527 Y80.491 E0.00002
G1 X87.562 Y80.543 E0.00002
G1 F1010.5 X87.597 Y80.596 E0.00002
G1 X87.632 Y80.648 E0.00002
G1 X87.643 Y80.665 E0.00001
G1 F1005.7 X87.692 Y80.745 E0.00002
G1 X87.741 Y80.825 E0.00002
G1 F1000.9 X87.79 Y80.905 E0.00002
G1 X87.839 Y80.985 E0.00002
G1 X87.888 Y81.066 E0.00002
G1 X87.966 Y81.206 E0.00004
G1 X88.043 Y81.346 E0.00004
G1 X88.121 Y81.486 E0.00004
G1 F1005.7 X88.161 Y81.567 E0.00002
G1 X88.201 Y81.648 E0.00002
G1 X88.242 Y81.73 E0.00002
G1 F1010.5 X88.282 Y81.811 E0.00002
G1 X88.323 Y81.893 E0.00002
G1 F1015.4 X88.401 Y82.07 E0.00005
G1 X88.478 Y82.246 E0.00005
G1 X88.555 Y82.422 E0.00005
G1 X88.701 Y82.808 E0.00011
G1 X88.752 Y82.957 E0.00004
G1 X88.804 Y83.106 E0.00004
G1 X88.855 Y83.256 E0.00004
G1 F1010.5 X88.99 Y83.717 E0.00013
G1 X89.014 Y83.811 E0.00003
G1 X89.038 Y83.905 E0.00003
G1 F1005.7 X89.062 Y83.999 E0.00003
G1 X89.086 Y84.093 E0.00003
G1 X89.11 Y84.187 E0.00003
G1 F1000.9 X89.141 Y84.343 E0.00004
G1 X89.172 Y84.498 E0.00004
G1 X89.203 Y84.653 E0.00004
G1 X89.211 Y84.701 E0.00001
G1 X89.218 Y84.748 E0.00001
G1 X89.226 Y84.796 E0.00001
G1 F1005.7 X89.233 Y84.843 E0.00001
G1 X89.241 Y84.89 E0.00001
G1 F1010.5 X89.248 Y84.938 E0.00001
G1 X89.256 Y84.985 E0.00001
G1 X89.263 Y85.033 E0.00001
G1 F1015.4 X89.271 Y85.08 E0.00001
G1 X89.278 Y85.127 E0.00001
G1 X89.285 Y85.175 E0.00001
G1 X89.302 Y85.334 E0.00004
G1 X89.319 Y85.494 E0.00004
G1 X89.336 Y85.654 E0.00004
G1 F1020.3 X89.344 Y85.797 E0.00004
G1 X89.353 Y85.941 E0.00004
G1 X89.362 Y86.085 E0.00004
G1 X89.371 Y86.805 E0.00019
G1 X89.365 Y86.965 E0.00004
G1 X89.358 Y87.125 E0.00004
G1 X89.352 Y87.285 E0.00004
G1 F1015.4 X89.344 Y87.382 E0.00003
G1 X89.336 Y87.479 E0.00003
G1 F1010.5 X89.329 Y87.576 E0.00003
G1 X89.321 Y87.673 E0.00003
G1 X89.313 Y87.769 E0.00003
G1 F1005.7 X89.301 Y87.862 E0.00002
G1 X89.288 Y87.955 E0.00002
G1 F1000.9 X89.276 Y88.048 E0.00002
G1 X89.263 Y88.141 E0.00002
G1 X89.25 Y88.235 E0.00002
G1 X89.244 Y88.273 E0.00001
G1 F1005.7 X89.238 Y88.311 E0.00001
G1 F1010.5 X89.232 Y88.35 E0.00001
G1 X89.226 Y88.388 E0.00001
G1 F1015.4 X89.219 Y88.427 E0.00001
G1 F1020.3 X89.213 Y88.465 E0.00001
G1 F1025.2 X89.211 Y88.478 E0
G1 X89.206 Y88.505 E0.00001
G1 X89.201 Y88.532 E0.00001
G1 X89.195 Y88.56 E0.00001
G1 F1020.3 X89.19 Y88.587 E0.00001
G1 X89.184 Y88.615 E0.00001
G1 F1015.4 X89.179 Y88.642 E0.00001
G1 X89.174 Y88.67 E0.00001
G1 X89.168 Y88.697 E0.00001
G1 F1010.5 X89.163 Y88.725 E0.00001
G1 X89.157 Y88.752 E0.00001
G1 F1005.7 X89.152 Y88.779 E0.00001
G1 X89.146 Y88.807 E0.00001
G1 X89.141 Y88.834 E0.00001
G1 F1000.9 X89.136 Y88.862 E0.00001
G1 X89.13 Y88.889 E0.00001
G1 F996.2 X89.125 Y88.917 E0.00001
G1 X89.119 Y88.944 E0.00001
G1 X89.114 Y88.972 E0.00001
G1 X89.102 Y89.025 E0.00001
G1 F1000.9 X89.091 Y89.072 E0.00001
G1 F1005.7 X89.08 Y89.119 E0.00001
G1 F1010.5 X89.07 Y89.166 E0.00001
G1 X89.066 Y89.179 E0
G1 X89.052 Y89.236 E0.00002
G1 F1005.7 X89.037 Y89.293 E0.00002
G1 X89.022 Y89.35 E0.00002
G1 F1000.9 X89.007 Y89.408 E0.00002
G1 X88.995 Y89.453 E0.00001
G1 F1005.7 X88.982 Y89.498 E0.00001
G1 X88.969 Y89.543 E0.00001
G1 F1010.5 X88.956 Y89.588 E0.00001
G1 F1015.4 X88.943 Y89.634 E0.00001
G1 X88.792 Y90.125 E0.00013
G1 X88.77 Y90.185 E0.00002
G1 X88.748 Y90.246 E0.00002
G1 F1010.5 X88.725 Y90.307 E0.00002
G1 X88.703 Y90.368 E0.00002
G1 X88.68 Y90.429 E0.00002
G1 F1005.7 X88.658 Y90.49 E0.00002
G1 X88.635 Y90.551 E0.00002
G1 X88.621 Y90.587 E0.00001
G1 F1010.5 X88.607 Y90.623 E0.00001
G1 F1015.4 X88.592 Y90.659 E0.00001
G1 X88.578 Y90.696 E0.00001
G1 F1020.3 X88.564 Y90.732 E0.00001
G1 F1025.2 X88.549 Y90.768 E0.00001
G1 F1030.2 X88.545 Y90.779 E0
G1 X88.526 Y90.823 E0.00001
G1 X88.507 Y90.867 E0.00001
G1 F1025.2 X88.488 Y90.911 E0.00001
G1 X88.469 Y90.955 E0.00001
G1 X88.45 Y90.999 E0.00001
G1 F1020.3 X88.431 Y91.043 E0.00001
G1 X88.412 Y91.087 E0.00001
G1 F1015.4 X88.393 Y91.131 E0.00001
G1 X88.374 Y91.175 E0.00001
G1 X88.355 Y91.219 E0.00001
G1 F1010.5 X88.033 Y91.856 E0.00019
G1 X87.953 Y91.995 E0.00004
G1 X87.873 Y92.135 E0.00004
G1 X87.793 Y92.275 E0.00004
G1 X87.707 Y92.41 E0.00004
G1 X87.622 Y92.544 E0.00004
G1 X87.536 Y92.679 E0.00004
G1 F1015.4 X87.441 Y92.816 E0.00004
G1 X87.346 Y92.953 E0.00004
G1 X87.251 Y93.09 E0.00004
G1 X87.157 Y93.213 E0.00004
G1 X87.063 Y93.335 E0.00004
G1 X86.969 Y93.457 E0.00004
G1 F1010.5 X86.92 Y93.517 E0.00002
G1 F1005.7 X86.871 Y93.577 E0.00002
G1 X86.823 Y93.636 E0.00002
G1 X86.791 Y93.673 E0.00001
G1 F1010.5 X86.759 Y93.71 E0.00001
G1 X86.727 Y93.747 E0.00001
G1 F1015.4 X86.695 Y93.784 E0.00001
G1 F1020.3 X86.663 Y93.821 E0.00001
G1 X86.657 Y93.827 E0
G1 X86.594 Y93.897 E0.00002
G1 X86.53 Y93.968 E0.00002
G1 F1015.4 X86.467 Y94.039 E0.00002
G1 X86.403 Y94.109 E0.00002
G1 X86.34 Y94.18 E0.00002
G1 F1010.5 X86 Y94.516 E0.00012
G1 F1015.4 X85.931 Y94.579 E0.00002
G1 X85.862 Y94.643 E0.00002
G1 X85.793 Y94.706 E0.00002
G1 F1020.3 X85.723 Y94.77 E0.00002
G1 X85.654 Y94.834 E0.00002
G1 F1025.2 X85.645 Y94.843 E0
G1 X85.621 Y94.864 E0.00001
G1 F1020.3 X85.596 Y94.886 E0.00001
G1 F1015.4 X85.571 Y94.907 E0.00001
G1 F1010.5 X85.546 Y94.929 E0.00001
G1 X85.521 Y94.951 E0.00001
G1 F1005.7 X85.496 Y94.972 E0.00001
G1 F1000.9 X85.471 Y94.994 E0.00001
G1 X85.408 Y95.046 E0.00002
G1 X85.345 Y95.097 E0.00002
G1 F1005.7 X85.282 Y95.149 E0.00002
G1 F1010.5 X85.207 Y95.206 E0.00002
G1 X85.132 Y95.264 E0.00002
G1 X85.057 Y95.322 E0.00002
G1 F1015.4 X84.981 Y95.38 E0.00002
G1 X84.906 Y95.438 E0.00002
G1 X84.827 Y95.494 E0.00003
G1 X84.747 Y95.552 E0.00003
G1 F1010.5 X84.666 Y95.609 E0.00003
G1 X84.586 Y95.667 E0.00003
G1 X84.505 Y95.725 E0.00003
G1 F1005.7 X84.373 Y95.809 E0.00004
G1 X84.241 Y95.893 E0.00004
G1 X84.108 Y95.978 E0.00004
G1 X84.066 Y96.003 E0.00001
G1 X84.024 Y96.027 E0.00001
G1 X83.983 Y96.051 E0.00001
G1 F1010.5 X83.941 Y96.075 E0.00001
G1 X83.9 Y96.099 E0.00001
G1 F1015.4 X83.858 Y96.123 E0.00001
G1 X83.816 Y96.147 E0.00001
G1 X83.775 Y96.171 E0.00001
G1 F1020.3 X83.733 Y96.195 E0.00001
G1 X83.692 Y96.219 E0.00001
G1 X83.681 Y96.225 E0
G1 X83.655 Y96.239 E0.00001
G1 F1015.4 X83.629 Y96.253 E0.00001
G1 X83.602 Y96.267 E0.00001
G1 F1010.5 X83.576 Y96.281 E0.00001
G1 F1005.7 X83.549 Y96.295 E0.00001
G1 F1000.9 X83.523 Y96.309 E0.00001
G1 X83.496 Y96.323 E0.00001
G1 F996.2 X83.47 Y96.337 E0.00001
G1 X83.421 Y96.362 E0.00001
G1 X83.368 Y96.388 E0.00002
G1 X83.315 Y96.414 E0.00002
G1 F1000.9 X83.262 Y96.441 E0.00002
G1 X83.209 Y96.467 E0.00002
G1 F1005.7 X83.156 Y96.493 E0.00002
G1 X83.103 Y96.52 E0.00002
G1 X83.051 Y96.546 E0.00002
G1 X82.612 Y96.742 E0.00013
G1 F1010.5 X82.552 Y96.766 E0.00002
G1 F1015.4 X82.538 Y96.772 E0
G1 X82.508 Y96.783 E0.00001
G1 X82.477 Y96.794 E0.00001
G1 X82.446 Y96.806 E0.00001
G1 F1010.5 X82.415 Y96.817 E0.00001
G1 X82.384 Y96.829 E0.00001
G1 X82.353 Y96.84 E0.00001
G1 X82.322 Y96.852 E0.00001
G1 F1005.7 X82.291 Y96.863 E0.00001
G1 X82.26 Y96.874 E0.00001
G1 X82.229 Y96.886 E0.00001
G1 F1000.9 X82.198 Y96.897 E0.00001
G1 X82.167 Y96.909 E0.00001
G1 X82.136 Y96.92 E0.00001
G1 F996.2 X82.105 Y96.932 E0.00001
G1 X82.074 Y96.943 E0.00001
G1 X82.043 Y96.955 E0.00001
G1 X82.012 Y96.966 E0.00001
G1 F991.5 X81.981 Y96.977 E0.00001
G1 X81.95 Y96.989 E0.00001
G1 X81.919 Y97 E0.00001
G1 X81.889 Y97.01 E0.00001
G1 F996.2 X81.852 Y97.022 E0.00001
G1 F1000.9 X81.815 Y97.035 E0.00001
G1 X81.778 Y97.047 E0.00001
G1 F1005.7 X81.741 Y97.06 E0.00001
G1 F1010.5 X81.704 Y97.072 E0.00001
G1 X81.552 Y97.117 E0.00004
G1 X81.4 Y97.162 E0.00004
G1 X81.248 Y97.207 E0.00004
G1 F1005.7 X81.173 Y97.226 E0.00002
G1 F1000.9 X81.098 Y97.246 E0.00002
G1 X81.022 Y97.266 E0.00002
G1 X80.984 Y97.275 E0.00001
G1 F1005.7 X80.945 Y97.284 E0.00001
G1 F1010.5 X80.906 Y97.293 E0.00001
G1 X80.867 Y97.302 E0.00001
G1 F1015.4 X80.828 Y97.311 E0.00001
G1 F1020.3 X80.789 Y97.32 E0.00001
G1 X80.78 Y97.323 E0
G1 X80.686 Y97.342 E0.00002
G1 X80.592 Y97.361 E0.00002
G1 F1015.4 X80.498 Y97.38 E0.00002
G1 X80.404 Y97.399 E0.00002
G1 X80.31 Y97.418 E0.00002
G1 F1010.5 X80.222 Y97.432 E0.00002
G1 X80.135 Y97.445 E0.00002
G1 X80.048 Y97.459 E0.00002
G1 F1005.7 X79.961 Y97.472 E0.00002
G1 X79.874 Y97.485 E0.00002
G1 X79.787 Y97.499 E0.00002
G1 X79.695 Y97.509 E0.00002
G1 X79.602 Y97.519 E0.00002
G1 X79.508 Y97.53 E0.00002
G1 F1010.5 X79.415 Y97.54 E0.00002
G1 X79.321 Y97.55 E0.00002
G1 F1015.4 X79.308 Y97.552 E0
G1 X79.222 Y97.557 E0.00002
G1 X79.135 Y97.562 E0.00002
G1 F1010.5 X79.048 Y97.567 E0.00002
G1 X78.961 Y97.572 E0.00002
G1 X78.875 Y97.578 E0.00002
G1 X78.697 Y97.58 E0.00005
G1 X78.518 Y97.583 E0.00005
G1 X78.339 Y97.586 E0.00005
G1 X78.16 Y97.588 E0.00005
G1 X78.081 Y97.587 E0.00002
G1 F1005.7 X78.003 Y97.584 E0.00002
G1 X77.925 Y97.581 E0.00002
G1 X77.866 Y97.578 E0.00002
G1 F1010.5 X77.807 Y97.575 E0.00002
G1 X77.748 Y97.572 E0.00002
G1 F1015.4 X77.689 Y97.568 E0.00002
G1 X77.683 Y97.568 E0
G1 F1010.5 X77.605 Y97.563 E0.00002
G1 F1005.7 X77.526 Y97.557 E0.00002
G1 X77.447 Y97.551 E0.00002
G1 X77.399 Y97.546 E0.00001
G1 F1010.5 X77.351 Y97.541 E0.00001
G1 X77.303 Y97.537 E0.00001
G1 F1015.4 X77.255 Y97.532 E0.00001
G1 F1020.3 X77.207 Y97.527 E0.00001
G1 X77.194 Y97.526 E0
G1 F1015.4 X77.146 Y97.52 E0.00001
G1 F1010.5 X77.097 Y97.514 E0.00001
G1 X77.048 Y97.508 E0.00001
G1 F1005.7 X77 Y97.502 E0.00001
G1 F1000.9 X76.951 Y97.496 E0.00001
G1 X76.902 Y97.49 E0.00001
G1 X76.767 Y97.47 E0.00004
G1 X76.633 Y97.45 E0.00004
G1 X76.499 Y97.43 E0.00004
G1 F1005.7 X76.341 Y97.398 E0.00004
G1 X76.184 Y97.366 E0.00004
G1 X76.027 Y97.335 E0.00004
G1 F1010.5 X75.981 Y97.324 E0.00001
G1 F1015.4 X75.935 Y97.314 E0.00001
G1 X75.889 Y97.304 E0.00001
G1 F1020.3 X75.843 Y97.293 E0.00001
G1 F1025.2 X75.798 Y97.283 E0.00001
G1 X75.706 Y97.258 E0.00002
G1 X75.612 Y97.233 E0.00002
G1 F1020.3 X75.519 Y97.208 E0.00002
G1 X75.425 Y97.182 E0.00003
G1 X75.332 Y97.157 E0.00002
G1 F1015.4 X75.252 Y97.133 E0.00002
G1 X75.171 Y97.108 E0.00002
G1 X75.089 Y97.084 E0.00002
G1 F1010.5 X75.008 Y97.059 E0.00002
G1 X74.927 Y97.035 E0.00002
G1 X74.845 Y97.01 E0.00002
G1 F1005.7 X74.389 Y96.84 E0.00013
G1 F1010.5 X74.342 Y96.822 E0.00001
G1 F1015.4 X74.295 Y96.803 E0.00001
G1 X74.247 Y96.785 E0.00001
G1 F1020.3 X74.2 Y96.766 E0.00001
G1 X74.188 Y96.761 E0
G1 X74.133 Y96.738 E0.00002
G1 F1015.4 X74.078 Y96.715 E0.00002
G1 X74.023 Y96.691 E0.00002
G1 F1010.5 X73.968 Y96.668 E0.00002
G1 X73.888 Y96.632 E0.00002
G1 F1015.4 X73.808 Y96.595 E0.00002
G1 X73.12 Y96.255 E0.0002
G1 X73.036 Y96.206 E0.00003
G1 X72.951 Y96.157 E0.00003
G1 F1010.5 X72.866 Y96.108 E0.00003
G1 X72.781 Y96.059 E0.00003
G1 X72.696 Y96.01 E0.00003
G1 F1005.7 X72.28 Y95.748 E0.00013
G1 F1010.5 X72.2 Y95.691 E0.00003
G1 X72.119 Y95.634 E0.00003
G1 X72.038 Y95.577 E0.00003
G1 F1015.4 X71.957 Y95.52 E0.00003
G1 X71.876 Y95.463 E0.00003
G1 X71.507 Y95.18 E0.00012
G1 F1020.3 X71.385 Y95.078 E0.00004
G1 X71.262 Y94.975 E0.00004
G1 X71.14 Y94.872 E0.00004
G1 X71.096 Y94.832 E0.00002
G1 X71.052 Y94.792 E0.00002
G1 X71.007 Y94.752 E0.00002
G1 F1015.4 X70.963 Y94.712 E0.00002
G1 X70.918 Y94.671 E0.00002
G1 F1010.5 X70.874 Y94.631 E0.00002
G1 X70.829 Y94.591 E0.00002
G1 X70.785 Y94.551 E0.00002
G1 F1005.7 X70.674 Y94.44 E0.00004
G1 X70.563 Y94.329 E0.00004
G1 X70.452 Y94.218 E0.00004
G1 X70.419 Y94.182 E0.00001
G1 X70.387 Y94.147 E0.00001
G1 X70.354 Y94.111 E0.00001
G1 F1010.5 X70.322 Y94.076 E0.00001
G1 X70.289 Y94.041 E0.00001
G1 F1015.4 X70.257 Y94.005 E0.00001
G1 X70.224 Y93.97 E0.00001
G1 X70.192 Y93.935 E0.00001
G1 F1020.3 X70.16 Y93.899 E0.00001
G1 X70.127 Y93.864 E0.00001
G1 X69.812 Y93.491 E0.00013
G1 X69.754 Y93.416 E0.00002
G1 X69.696 Y93.341 E0.00002
G1 F1015.4 X69.638 Y93.266 E0.00002
G1 X69.579 Y93.191 E0.00002
G1 X69.521 Y93.116 E0.00002
G1 F1010.5 X69.486 Y93.066 E0.00002
G1 X69.452 Y93.017 E0.00002
G1 X69.417 Y92.968 E0.00002
G1 F1005.7 X69.383 Y92.919 E0.00002
G1 X69.348 Y92.87 E0.00002
G1 F1000.9 X69.314 Y92.821 E0.00002
G1 X69.279 Y92.772 E0.00002
G1 X69.245 Y92.723 E0.00002
G1 X69.195 Y92.645 E0.00002
G1 X69.143 Y92.564 E0.00003
G1 X69.091 Y92.483 E0.00003
G1 F1005.7 X69.04 Y92.402 E0.00003
G1 X68.988 Y92.322 E0.00002
G1 X68.741 Y91.899 E0.00013
G1 F1010.5 X68.66 Y91.74 E0.00005
G1 X68.579 Y91.58 E0.00005
G1 X68.498 Y91.421 E0.00005
G1 X68.417 Y91.261 E0.00005
G1 X68.401 Y91.225 E0.00001
G1 X68.385 Y91.188 E0.00001
G1 F1005.7 X68.369 Y91.152 E0.00001
G1 X68.353 Y91.115 E0.00001
G1 X68.337 Y91.078 E0.00001
G1 F1000.9 X68.321 Y91.042 E0.00001
G1 X68.305 Y91.005 E0.00001
G1 F996.2 X68.288 Y90.968 E0.00001
G1 X68.272 Y90.932 E0.00001
G1 X68.256 Y90.895 E0.00001
G1 F991.5 X68.24 Y90.858 E0.00001
G1 X68.224 Y90.822 E0.00001
G1 X68.203 Y90.771 E0.00001
G1 F996.2 X68.18 Y90.716 E0.00002
G1 X68.158 Y90.662 E0.00002
G1 F1000.9 X68.135 Y90.607 E0.00002
G1 F1005.7 X68.131 Y90.596 E0
G1 X68.105 Y90.526 E0.00002
G1 F1000.9 X68.079 Y90.456 E0.00002
G1 X68.053 Y90.385 E0.00002
G1 X68.036 Y90.338 E0.00001
G1 F1005.7 X68.02 Y90.292 E0.00001
G1 X68.004 Y90.246 E0.00001
G1 F1010.5 X67.988 Y90.2 E0.00001
G1 F1015.4 X67.972 Y90.154 E0.00001
G1 X67.97 Y90.148 E0
G1 X67.952 Y90.092 E0.00002
G1 X67.934 Y90.036 E0.00002
G1 X67.916 Y89.98 E0.00002
G1 F1010.5 X67.897 Y89.924 E0.00002
G1 X67.879 Y89.868 E0.00002
G1 F1005.7 X67.861 Y89.812 E0.00002
G1 X67.842 Y89.756 E0.00002
G1 X67.824 Y89.7 E0.00002
G1 X67.781 Y89.54 E0.00004
G1 X67.737 Y89.38 E0.00004
G1 X67.694 Y89.22 E0.00004
G1 F1010.5 X67.661 Y89.066 E0.00004
G1 X67.628 Y88.912 E0.00004
G1 X67.595 Y88.758 E0.00004
G1 X67.585 Y88.711 E0.00001
G1 F1005.7 X67.576 Y88.665 E0.00001
G1 F1000.9 X67.567 Y88.619 E0.00001
G1 X67.558 Y88.573 E0.00001
G1 F996.2 X67.549 Y88.526 E0.00001
G1 X67.533 Y88.43 E0.00003
G1 F1000.9 X67.517 Y88.333 E0.00003
G1 X67.469 Y88.005 E0.00009
G0 F24000 X67.446 Y87.826
G0 X67.445 Y87.813
G0 X67.445 Y87.807
G1 F60 E-0.001
G1 F18000 Z2.8
;MESH:Upper-Ink-Part.STL
G0 F24000 X95.348 Y108.363 Z2.8
G1 F18000 Z0.8
G1 F60 E0.001
G1 F926.3 X95.361 Y108.366 E0
G1 F910.3 X95.374 Y108.37 E0
G1 F898.7 X95.388 Y108.373 E0
G1 F883.7 X95.401 Y108.377 E0
G1 F869.1 X95.409 Y108.378 E0
G1 F855.1 X95.419 Y108.379 E0
G1 F841.4 X95.429 Y108.38 E0
G1 F828.2 X95.439 Y108.381 E0
G1 F815.4 X95.449 Y108.382 E0
G1 F803 X95.459 Y108.383 E0
G1 F791 X95.469 Y108.384 E0
G1 F779.3 X95.479 Y108.385 E0
G1 F768 X95.489 Y108.386 E0
G1 F757 X95.499 Y108.388 E0
G1 F746.3 X95.509 Y108.389 E0
G1 F735.9 X95.519 Y108.39 E0
G1 F725.8 X95.529 Y108.391 E0
G1 F715.9 X95.539 Y108.392 E0
G1 F706.4 X95.549 Y108.393 E0
G1 F697 X95.559 Y108.394 E0
G1 F685.7 X95.576 Y108.403 E0.00001
G1 X95.58 Y108.391 E0
G1 F697 X95.584 Y108.379 E0
G1 F711.1 X95.589 Y108.367 E0
G1 F720.8 X95.592 Y108.358 E0
G1 F730.8 X95.596 Y108.349 E0
G1 F741.1 X95.6 Y108.34 E0
G1 F751.6 X95.604 Y108.33 E0
G1 F762.5 X95.607 Y108.321 E0
G1 F770.8 X95.611 Y108.312 E0
G1 F782.2 X95.615 Y108.302 E0
G1 F794 X95.619 Y108.293 E0
G1 F806.1 X95.622 Y108.284 E0
G1 F815.4 X95.626 Y108.275 E0
G1 F828.2 X95.63 Y108.265 E0
G1 F841.4 X95.634 Y108.256 E0
G1 F855.1 X95.637 Y108.247 E0
G1 F869.1 X95.641 Y108.237 E0
G1 F880 X95.644 Y108.226 E0
G1 F891.1 X95.647 Y108.215 E0
G1 F902.6 X95.65 Y108.204 E0
G1 F910.3 X95.653 Y108.194 E0
G1 F922.3 X95.656 Y108.183 E0
G1 F934.5 X95.659 Y108.172 E0
G1 F947.1 X95.661 Y108.16 E0
G1 F955.7 X95.663 Y108.147 E0
G1 F964.4 X95.666 Y108.134 E0
G1 F977.8 X95.668 Y108.121 E0
G1 F986.9 X95.67 Y108.108 E0
G1 F996.2 X95.673 Y108.096 E0
G1 F1005.7 X95.673 Y107.9 E0.00005
G1 X95.673 Y107.704 E0.00005
G1 X95.673 Y107.508 E0.00005
G1 X95.673 Y107.312 E0.00005
G1 X95.673 Y107.116 E0.00005
G1 X95.673 Y106.92 E0.00005
G1 X95.673 Y106.724 E0.00005
G1 X95.673 Y106.528 E0.00005
G1 X95.673 Y106.332 E0.00005
G1 X95.673 Y106.136 E0.00005
G1 X95.673 Y105.94 E0.00005
G1 X95.673 Y105.744 E0.00005
G1 X95.673 Y105.548 E0.00005
G1 X95.673 Y105.352 E0.00005
G1 X95.673 Y105.156 E0.00005
G1 X95.673 Y104.96 E0.00005
G1 X95.673 Y104.764 E0.00005
G1 X95.673 Y104.568 E0.00005
G1 X95.673 Y104.372 E0.00005
G1 X95.673 Y104.176 E0.00005
G1 X95.673 Y103.98 E0.00005
G1 X95.673 Y103.784 E0.00005
G1 X95.673 Y103.588 E0.00005
G1 X95.673 Y103.392 E0.00005
G1 X95.673 Y103.196 E0.00005
G1 X95.673 Y103 E0.00005
G1 X95.673 Y102.804 E0.00005
G1 X95.673 Y102.608 E0.00005
G1 X95.673 Y102.412 E0.00005
G1 X95.674 Y102.602 E0.00005
G1 X95.674 Y102.798 E0.00005
G1 X95.674 Y102.994 E0.00005
G1 X95.674 Y103.19 E0.00005
G1 X95.674 Y103.386 E0.00005
G1 X95.674 Y103.582 E0.00005
G1 X95.674 Y103.778 E0.00005
G1 X95.674 Y103.974 E0.00005
G1 X95.674 Y104.17 E0.00005
G1 X95.674 Y104.366 E0.00005
G1 X95.674 Y104.562 E0.00005
G1 X95.674 Y104.758 E0.00005
G1 X95.674 Y104.954 E0.00005
G1 X95.674 Y105.15 E0.00005
G1 X95.674 Y105.346 E0.00005
G1 X95.674 Y105.542 E0.00005
G1 X95.674 Y105.738 E0.00005
G1 X95.674 Y105.934 E0.00005
G1 X95.674 Y106.13 E0.00005
G1 X95.674 Y106.326 E0.00005
G1 X95.674 Y106.522 E0.00005
G1 X95.674 Y106.718 E0.00005
G1 X95.674 Y106.914 E0.00005
G1 X95.674 Y107.11 E0.00005
G1 X95.674 Y107.306 E0.00005
G1 X95.674 Y107.502 E0.00005
G1 X95.674 Y107.698 E0.00005
G1 X95.674 Y107.894 E0.00005
G1 X95.674 Y108.09 E0.00005
G1 F1000.9 X95.673 Y108.096 E0
G1 F996.2 X95.671 Y108.108 E0
G1 F986.9 X95.669 Y108.121 E0
G1 F977.8 X95.666 Y108.134 E0
G1 F964.4 X95.664 Y108.147 E0
G1 F955.7 X95.662 Y108.16 E0
G1 F947.1 X95.659 Y108.172 E0
G1 F934.5 X95.657 Y108.182 E0
G1 F922.3 X95.654 Y108.193 E0
G1 F910.3 X95.651 Y108.204 E0
G1 F902.6 X95.648 Y108.214 E0
G1 F891.1 X95.645 Y108.225 E0
G1 F880 X95.642 Y108.236 E0
G1 F869.1 X95.639 Y108.245 E0
G1 F855.1 X95.635 Y108.254 E0
G1 F841.4 X95.631 Y108.263 E0
G1 F828.2 X95.627 Y108.273 E0
G1 F815.4 X95.624 Y108.282 E0
G1 F806.1 X95.62 Y108.291 E0
G1 F794 X95.616 Y108.301 E0
G1 F782.2 X95.612 Y108.31 E0
G1 F770.8 X95.609 Y108.319 E0
G1 F762.5 X95.605 Y108.328 E0
G1 F751.6 X95.601 Y108.338 E0
G1 F741.1 X95.597 Y108.347 E0
G1 F730.8 X95.594 Y108.356 E0
G1 F720.8 X95.59 Y108.366 E0
G1 F711.1 X95.583 Y108.374 E0
G1 F697 X95.577 Y108.382 E0
G1 F685.7 X95.57 Y108.39 E0
G1 X95.562 Y108.395 E0
G1 F697 X95.553 Y108.394 E0
G1 F706.4 X95.543 Y108.393 E0
G1 F715.9 X95.533 Y108.392 E0
G1 F725.8 X95.523 Y108.391 E0
G1 F735.9 X95.513 Y108.39 E0
G1 F746.3 X95.503 Y108.389 E0
G1 F757 X95.493 Y108.388 E0
G1 F768 X95.483 Y108.387 E0
G1 F779.3 X95.473 Y108.386 E0
G1 F791 X95.463 Y108.384 E0
G1 F803 X95.453 Y108.383 E0
G1 F815.4 X95.443 Y108.382 E0
G1 F828.2 X95.433 Y108.381 E0
G1 F841.4 X95.423 Y108.38 E0
G1 F855.1 X95.413 Y108.379 E0
G1 F869.1 X95.403 Y108.378 E0
G1 F883.7 X95.387 Y108.374 E0
G1 F898.7 X95.374 Y108.37 E0
G1 F910.3 X95.36 Y108.367 E0
G1 F926.3 X95.347 Y108.363 E0
G1 F938.7 X95.336 Y108.359 E0
G1 F947.1 X95.324 Y108.355 E0
G1 F955.7 X95.311 Y108.35 E0
G1 F964.4 X95.299 Y108.346 E0
G1 F973.3 X95.287 Y108.342 E0
G1 F982.3 X95.274 Y108.337 E0
G1 F991.5 X95.217 Y108.305 E0.00002
G1 X95.16 Y108.272 E0.00002
G1 X95.103 Y108.239 E0.00002
G1 X95.046 Y108.206 E0.00002
G1 X94.989 Y108.173 E0.00002
G1 X94.931 Y108.14 E0.00002
G1 X94.874 Y108.107 E0.00002
G1 X94.817 Y108.074 E0.00002
G1 X94.76 Y108.041 E0.00002
G1 X94.703 Y108.008 E0.00002
G1 X94.646 Y107.975 E0.00002
G1 X94.588 Y107.942 E0.00002
G1 X94.531 Y107.909 E0.00002
G1 X94.474 Y107.876 E0.00002
G1 F996.2 X94.417 Y107.843 E0.00002
G1 X94.36 Y107.81 E0.00002
G1 X94.302 Y107.777 E0.00002
G1 X94.245 Y107.744 E0.00002
G1 X94.188 Y107.711 E0.00002
G1 X94.131 Y107.678 E0.00002
G1 X94.074 Y107.645 E0.00002
G1 X94.017 Y107.612 E0.00002
G1 X93.959 Y107.579 E0.00002
G1 X93.902 Y107.546 E0.00002
G1 X93.845 Y107.513 E0.00002
G1 X93.788 Y107.48 E0.00002
G1 X93.731 Y107.447 E0.00002
G1 X93.673 Y107.415 E0.00002
G1 F1000.9 X93.616 Y107.382 E0.00002
G1 X93.559 Y107.349 E0.00002
G1 X93.502 Y107.316 E0.00002
G1 X93.445 Y107.283 E0.00002
G1 X93.388 Y107.25 E0.00002
G1 X93.33 Y107.217 E0.00002
G1 X93.273 Y107.184 E0.00002
G1 X93.216 Y107.151 E0.00002
G1 X93.159 Y107.118 E0.00002
G1 X93.102 Y107.085 E0.00002
G1 X93.044 Y107.052 E0.00002
G1 X92.987 Y107.019 E0.00002
G1 X92.93 Y106.986 E0.00002
G1 X92.873 Y106.953 E0.00002
G1 X92.932 Y106.986 E0.00002
G1 X92.989 Y107.019 E0.00002
G1 X93.046 Y107.052 E0.00002
G1 X93.103 Y107.085 E0.00002
G1 X93.16 Y107.118 E0.00002
G1 X93.218 Y107.151 E0.00002
G1 X93.275 Y107.184 E0.00002
G1 X93.332 Y107.217 E0.00002
G1 X93.389 Y107.25 E0.00002
G1 X93.446 Y107.283 E0.00002
G1 X93.503 Y107.316 E0.00002
G1 X93.561 Y107.349 E0.00002
G1 X93.618 Y107.382 E0.00002
G1 X93.675 Y107.415 E0.00002
G1 F996.2 X93.732 Y107.448 E0.00002
G1 X93.789 Y107.481 E0.00002
G1 X93.847 Y107.514 E0.00002
G1 X93.904 Y107.547 E0.00002
G1 X93.961 Y107.58 E0.00002
G1 X94.018 Y107.613 E0.00002
G1 X94.075 Y107.646 E0.00002
G1 X94.132 Y107.679 E0.00002
G1 X94.19 Y107.712 E0.00002
G1 X94.247 Y107.745 E0.00002
G1 X94.304 Y107.778 E0.00002
G1 X94.361 Y107.811 E0.00002
G1 X94.418 Y107.844 E0.00002
G1 X94.476 Y107.876 E0.00002
G1 F991.5 X94.533 Y107.909 E0.00002
G1 X94.59 Y107.942 E0.00002
G1 X94.647 Y107.975 E0.00002
G1 X94.704 Y108.008 E0.00002
G1 X94.761 Y108.041 E0.00002
G1 X94.819 Y108.074 E0.00002
G1 X94.876 Y108.107 E0.00002
G1 X94.933 Y108.14 E0.00002
G1 X94.99 Y108.173 E0.00002
G1 X95.047 Y108.206 E0.00002
G1 X95.105 Y108.239 E0.00002
G1 X95.162 Y108.272 E0.00002
G1 X95.219 Y108.305 E0.00002
G1 X95.276 Y108.338 E0.00002
G1 F982.3 X95.286 Y108.341 E0
G1 F973.3 X95.298 Y108.345 E0
G1 F964.4 X95.311 Y108.35 E0
G1 F955.7 X95.323 Y108.354 E0
G1 F947.1 X95.335 Y108.358 E0
G1 F938.7 X95.348 Y108.363 E0
G0 F24000 X95.4 Y108.377
G0 X95.545 Y108.393
G1 F60 E-0.001
G1 F18000 Z2.8
G0 F24000 X96.061 Y109.746 Z2.8
G1 F18000 Z0.8
G1 F60 E0.001
G1 F1005.7 X92.874 Y107.907 E0.00096
G1 X96.061 Y109.746 E0.00096
G0 F24000 X95.888 Y109.647
G0 X96.498 Y109.504
G1 F991.5 X96.498 Y109.438 E0.00002
G1 X96.498 Y109.372 E0.00002
G1 X96.498 Y109.306 E0.00002
G1 X96.498 Y109.24 E0.00002
G1 X96.498 Y109.174 E0.00002
G1 X96.498 Y109.108 E0.00002
G1 X96.498 Y109.042 E0.00002
G1 X96.498 Y108.976 E0.00002
G1 X96.498 Y108.91 E0.00002
G1 X96.498 Y108.844 E0.00002
G1 X96.498 Y108.778 E0.00002
G1 X96.498 Y108.712 E0.00002
G1 X96.498 Y108.646 E0.00002
G1 X96.498 Y108.58 E0.00002
G1 X96.498 Y108.514 E0.00002
G1 X96.498 Y108.448 E0.00002
G1 X96.498 Y108.382 E0.00002
G1 X96.498 Y108.316 E0.00002
G1 X96.498 Y108.25 E0.00002
G1 X96.498 Y108.184 E0.00002
G1 X96.498 Y108.118 E0.00002
G1 X96.498 Y108.052 E0.00002
G1 X96.498 Y107.986 E0.00002
G1 X96.498 Y107.92 E0.00002
G1 X96.498 Y107.854 E0.00002
G1 X96.498 Y107.788 E0.00002
G1 X96.498 Y107.722 E0.00002
G1 X96.498 Y107.656 E0.00002
G1 X96.498 Y107.59 E0.00002
G1 X96.498 Y107.524 E0.00002
G1 X96.498 Y107.458 E0.00002
G1 X96.498 Y107.392 E0.00002
G1 X96.498 Y107.326 E0.00002
G1 X96.498 Y107.26 E0.00002
G1 X96.498 Y107.194 E0.00002
G1 F996.2 X96.498 Y107.128 E0.00002
G1 X96.498 Y107.062 E0.00002
G1 X96.498 Y106.996 E0.00002
G1 X96.498 Y106.93 E0.00002
G1 X96.498 Y106.864 E0.00002
G1 X96.498 Y106.798 E0.00002
G1 X96.498 Y106.732 E0.00002
G1 X96.498 Y106.666 E0.00002
G1 X96.498 Y106.6 E0.00002
G1 X96.498 Y106.534 E0.00002
G1 X96.498 Y106.468 E0.00002
G1 X96.498 Y106.402 E0.00002
G1 X96.498 Y106.336 E0.00002
G1 X96.498 Y106.27 E0.00002
G1 X96.498 Y106.204 E0.00002
G1 X96.498 Y106.138 E0.00002
G1 X96.498 Y106.072 E0.00002
G1 X96.498 Y106.006 E0.00002
G1 X96.498 Y105.94 E0.00002
G1 X96.498 Y105.874 E0.00002
G1 X96.498 Y105.808 E0.00002
G1 X96.498 Y105.742 E0.00002
G1 X96.498 Y105.676 E0.00002
G1 X96.498 Y105.61 E0.00002
G1 X96.498 Y105.544 E0.00002
G1 X96.498 Y105.478 E0.00002
G1 X96.498 Y105.412 E0.00002
G1 X96.498 Y105.346 E0.00002
G1 X96.498 Y105.28 E0.00002
G1 X96.498 Y105.214 E0.00002
G1 X96.498 Y105.148 E0.00002
G1 X96.498 Y105.082 E0.00002
G1 X96.498 Y105.016 E0.00002
G1 X96.498 Y104.95 E0.00002
G1 X96.498 Y104.884 E0.00002
G1 F1000.9 X96.498 Y104.818 E0.00002
G1 X96.498 Y104.752 E0.00002
G1 X96.498 Y104.686 E0.00002
G1 X96.498 Y104.62 E0.00002
G1 X96.498 Y104.554 E0.00002
G1 X96.498 Y104.488 E0.00002
G1 X96.498 Y104.422 E0.00002
G1 X96.498 Y104.356 E0.00002
G1 X96.498 Y104.29 E0.00002
G1 X96.498 Y104.224 E0.00002
G1 X96.498 Y104.158 E0.00002
G1 X96.498 Y104.092 E0.00002
G1 X96.498 Y104.026 E0.00002
G1 X96.498 Y103.96 E0.00002
G1 X96.498 Y103.894 E0.00002
G1 X96.498 Y103.828 E0.00002
G1 X96.498 Y103.762 E0.00002
G1 X96.498 Y103.696 E0.00002
G1 X96.498 Y103.63 E0.00002
G1 X96.498 Y103.564 E0.00002
G1 X96.498 Y103.498 E0.00002
G1 X96.498 Y103.432 E0.00002
G1 X96.498 Y103.366 E0.00002
G1 X96.498 Y103.3 E0.00002
G1 X96.498 Y103.234 E0.00002
G1 X96.498 Y103.168 E0.00002
G1 X96.498 Y103.102 E0.00002
G1 X96.498 Y103.036 E0.00002
G1 X96.498 Y102.97 E0.00002
G1 X96.498 Y102.904 E0.00002
G1 X96.498 Y102.838 E0.00002
G1 X96.498 Y102.772 E0.00002
G1 X96.498 Y102.706 E0.00002
G1 X96.498 Y102.64 E0.00002
G1 X96.498 Y102.574 E0.00002
G1 X96.498 Y102.53 E0.00001
G1 X96.498 Y102.58 E0.00001
G1 X96.498 Y102.63 E0.00001
G1 X96.498 Y102.68 E0.00001
G1 X96.498 Y102.73 E0.00001
G1 X96.498 Y102.78 E0.00001
G1 X96.498 Y102.83 E0.00001
G1 X96.498 Y102.88 E0.00001
G1 X96.498 Y102.93 E0.00001
G1 X96.498 Y102.98 E0.00001
G1 X96.498 Y103.03 E0.00001
G1 X96.498 Y103.08 E0.00001
G1 X96.498 Y103.13 E0.00001
G1 X96.498 Y103.18 E0.00001
G1 X96.498 Y103.23 E0.00001
G1 X96.498 Y103.28 E0.00001
G1 X96.498 Y103.33 E0.00001
G1 X96.498 Y103.38 E0.00001
G1 X96.498 Y103.43 E0.00001
G1 X96.498 Y103.48 E0.00001
G1 X96.498 Y103.53 E0.00001
G1 X96.498 Y103.58 E0.00001
G1 X96.498 Y103.63 E0.00001
G1 X96.498 Y103.68 E0.00001
G1 X96.498 Y103.73 E0.00001
G1 X96.498 Y103.78 E0.00001
G1 X96.498 Y103.83 E0.00001
G1 X96.498 Y103.88 E0.00001
G1 X96.498 Y103.93 E0.00001
G1 X96.498 Y103.98 E0.00001
G1 X96.498 Y104.03 E0.00001
G1 X96.498 Y104.08 E0.00001
G1 X96.498 Y104.13 E0.00001
G1 X96.498 Y104.18 E0.00001
G1 X96.498 Y104.23 E0.00001
G1 X96.498 Y104.28 E0.00001
G1 F996.2 X96.498 Y104.33 E0.00001
G1 X96.498 Y104.38 E0.00001
G1 X96.498 Y104.43 E0.00001
G1 X96.498 Y104.48 E0.00001
G1 X96.498 Y104.53 E0.00001
G1 X96.498 Y104.58 E0.00001
G1 X96.498 Y104.63 E0.00001
G1 X96.498 Y104.68 E0.00001
G1 X96.498 Y104.73 E0.00001
G1 X96.498 Y104.78 E0.00001
G1 X96.498 Y104.83 E0.00001
G1 X96.498 Y104.88 E0.00001
G1 X96.498 Y104.93 E0.00001
G1 X96.498 Y104.98 E0.00001
G1 X96.498 Y105.03 E0.00001
G1 X96.498 Y105.08 E0.00001
G1 X96.498 Y105.13 E0.00001
G1 X96.498 Y105.18 E0.00001
G1 X96.498 Y105.23 E0.00001
G1 X96.498 Y105.28 E0.00001
G1 X96.498 Y105.33 E0.00001
G1 X96.498 Y105.38 E0.00001
G1 X96.498 Y105.43 E0.00001
G1 X96.498 Y105.48 E0.00001
G1 X96.498 Y105.53 E0.00001
G1 X96.498 Y105.58 E0.00001
G1 X96.498 Y105.63 E0.00001
G1 X96.498 Y105.68 E0.00001
G1 X96.498 Y105.73 E0.00001
G1 X96.498 Y105.78 E0.00001
G1 X96.498 Y105.83 E0.00001
G1 X96.498 Y105.88 E0.00001
G1 X96.498 Y105.93 E0.00001
G1 X96.498 Y105.98 E0.00001
G1 X96.498 Y106.03 E0.00001
G1 F991.5 X96.498 Y106.08 E0.00001
G1 X96.498 Y106.13 E0.00001
G1 X96.498 Y106.18 E0.00001
G1 X96.498 Y106.23 E0.00001
G1 X96.498 Y106.28 E0.00001
G1 X96.498 Y106.33 E0.00001
G1 X96.498 Y106.38 E0.00001
G1 X96.498 Y106.43 E0.00001
G1 X96.498 Y106.48 E0.00001
G1 X96.498 Y106.53 E0.00001
G1 X96.498 Y106.58 E0.00001
G1 X96.498 Y106.63 E0.00001
G1 X96.498 Y106.68 E0.00001
G1 X96.498 Y106.73 E0.00001
G1 X96.498 Y106.78 E0.00001
G1 X96.498 Y106.83 E0.00001
G1 X96.498 Y106.88 E0.00001
G1 X96.498 Y106.93 E0.00001
G1 X96.498 Y106.98 E0.00001
G1 X96.498 Y107.03 E0.00001
G1 X96.498 Y107.08 E0.00001
G1 X96.498 Y107.13 E0.00001
G1 X96.498 Y107.18 E0.00001
G1 X96.498 Y107.23 E0.00001
G1 X96.498 Y107.28 E0.00001
G1 X96.498 Y107.33 E0.00001
G1 X96.498 Y107.38 E0.00001
G1 X96.498 Y107.43 E0.00001
G1 X96.498 Y107.48 E0.00001
G1 X96.498 Y107.53 E0.00001
G1 X96.498 Y107.58 E0.00001
G1 X96.498 Y107.63 E0.00001
G1 X96.498 Y107.68 E0.00001
G1 X96.498 Y107.73 E0.00001
G1 X96.498 Y107.78 E0.00001
G1 F986.9 X96.498 Y107.83 E0.00001
G1 X96.498 Y107.88 E0.00001
G1 X96.498 Y107.93 E0.00001
G1 X96.498 Y107.98 E0.00001
G1 X96.498 Y108.03 E0.00001
G1 X96.498 Y108.08 E0.00001
G1 X96.498 Y108.13 E0.00001
G1 X96.498 Y108.18 E0.00001
G1 X96.498 Y108.23 E0.00001
G1 X96.498 Y108.28 E0.00001
G1 X96.498 Y108.33 E0.00001
G1 X96.498 Y108.38 E0.00001
G1 X96.498 Y108.43 E0.00001
G1 X96.498 Y108.48 E0.00001
G1 X96.498 Y108.53 E0.00001
G1 X96.498 Y108.58 E0.00001
G1 X96.498 Y108.63 E0.00001
G1 X96.498 Y108.68 E0.00001
G1 X96.498 Y108.73 E0.00001
G1 X96.498 Y108.78 E0.00001
G1 X96.498 Y108.83 E0.00001
G1 X96.498 Y108.88 E0.00001
G1 X96.498 Y108.93 E0.00001
G1 X96.498 Y108.98 E0.00001
G1 X96.498 Y109.03 E0.00001
G1 X96.498 Y109.08 E0.00001
G1 X96.498 Y109.13 E0.00001
G1 X96.498 Y109.18 E0.00001
G1 X96.498 Y109.23 E0.00001
G1 X96.498 Y109.28 E0.00001
G1 X96.498 Y109.33 E0.00001
G1 X96.498 Y109.38 E0.00001
G1 X96.498 Y109.43 E0.00001
G1 X96.498 Y109.48 E0.00001
G1 X96.498 Y109.53 E0.00001
G1 X96.498 Y109.504 E0.00001
G0 F24000 X96.498 Y109.522
G0 X96.498 Y109.34
G0 X96.51 Y109.978
;TYPE:WALL-INNER
G1 F960 X96.484 Y109.978 E0.00001
G1 X96.47 Y110.001 E0.00001
G1 X96.484 Y110.024 E0.00001
G1 X96.51 Y110.024 E0.00001
G1 X96.524 Y110.001 E0.00001
G0 F24000 X96.301 Y109.921
;TYPE:WALL-OUTER
G1 F583.4 X96.293 Y109.911 E0.00001
G1 F596.6 X96.285 Y109.901 E0.00001
G1 F610.4 X96.277 Y109.891 E0.00001
G1 F624.9 X96.271 Y109.884 E0
G1 F636.1 X96.264 Y109.877 E0
G1 F649.8 X96.257 Y109.869 E0
G1 F655.9 X96.247 Y109.852 E0.00001
G1 X96.268 Y109.851 E0.00001
G1 F649.8 X96.278 Y109.853 E0
G1 F636.1 X96.289 Y109.855 E0
G1 F624.9 X96.299 Y109.857 E0
G1 F610.4 X96.311 Y109.86 E0.00001
G1 F596.6 X96.324 Y109.863 E0.00001
G1 F583.4 X96.336 Y109.866 E0.00001
G1 F569.3 X96.349 Y109.87 E0.00001
G1 F554.3 X96.363 Y109.874 E0.00001
G1 F545.7 X96.374 Y109.872 E0.00001
G1 F541.5 X96.386 Y109.869 E0.00001
G1 F537.4 X96.398 Y109.867 E0.00001
G1 F534.7 X96.41 Y109.864 E0.00001
G1 F530.7 X96.421 Y109.861 E0.00001
G1 F532 X96.427 Y109.852 E0.00001
G1 F538.8 X96.433 Y109.843 E0.00001
G1 F547.2 X96.439 Y109.834 E0.00001
G1 F554.3 X96.445 Y109.825 E0.00001
G1 F561.7 X96.451 Y109.815 E0.00001
G1 F570.8 X96.457 Y109.806 E0
G1 F578.6 X96.463 Y109.797 E0
G1 F588.3 X96.464 Y109.789 E0
G1 F600 X96.467 Y109.778 E0.00001
G1 F614 X96.469 Y109.767 E0
G1 F626.7 X96.472 Y109.757 E0
G1 F640 X96.474 Y109.748 E0
G1 F651.9 X96.476 Y109.738 E0
G1 F664.2 X96.479 Y109.728 E0
G1 F676.9 X96.481 Y109.718 E0
G1 F690.2 X96.483 Y109.708 E0
G1 F704 X96.485 Y109.697 E0
G1 F715.9 X96.487 Y109.686 E0
G1 F730.8 X96.489 Y109.675 E0
G1 F743.7 X96.491 Y109.664 E0
G1 F757 X96.493 Y109.653 E0
G1 F773.6 X96.495 Y109.643 E0
G1 X96.496 Y109.654 E0
G1 F757 X96.498 Y109.664 E0
G1 F743.7 X96.499 Y109.674 E0
G1 F730.8 X96.501 Y109.684 E0
G1 F715.9 X96.503 Y109.694 E0
G1 F704 X96.504 Y109.704 E0
G1 F690.2 X96.508 Y109.715 E0
G1 F676.9 X96.511 Y109.724 E0
G1 F664.2 X96.514 Y109.734 E0
G1 F651.9 X96.517 Y109.743 E0
G1 F640 X96.52 Y109.753 E0
G1 F626.7 X96.525 Y109.765 E0.00001
G1 F614 X96.53 Y109.776 E0.00001
G1 F600 X96.534 Y109.787 E0.00001
G1 F588.3 X96.539 Y109.799 E0.00001
G1 F578.6 X96.544 Y109.808 E0
G1 F570.8 X96.55 Y109.817 E0
G1 F561.7 X96.555 Y109.827 E0.00001
G1 F554.3 X96.561 Y109.836 E0.00001
G1 F547.2 X96.567 Y109.845 E0.00001
G1 F538.8 X96.572 Y109.855 E0.00001
G1 F532 X96.578 Y109.864 E0.00001
G1 F530.7 X96.587 Y109.863 E0
G1 F536 X96.598 Y109.864 E0.00001
G1 F541.5 X96.609 Y109.865 E0.00001
G1 F547.2 X96.62 Y109.867 E0.00001
G1 F552.9 X96.631 Y109.868 E0.00001
G1 F558.7 X96.642 Y109.869 E0.00001
G1 F564.7 X96.653 Y109.871 E0.00001
G1 F575.5 X96.667 Y109.866 E0.00001
G1 F589.9 X96.68 Y109.864 E0.00001
G1 F603.4 X96.693 Y109.861 E0.00001
G1 F617.5 X96.704 Y109.858 E0
G1 F632.3 X96.717 Y109.855 E0.00001
G1 F640 X96.742 Y109.857 E0.00001
G1 X96.731 Y109.878 E0.00001
G1 F632.3 X96.723 Y109.887 E0.00001
G1 F617.5 X96.714 Y109.896 E0.00001
G1 F603.4 X96.706 Y109.906 E0.00001
G1 F589.9 X96.697 Y109.916 E0.00001
G1 F575.5 X96.686 Y109.928 E0.00001
G1 F564.7 X96.682 Y109.938 E0.00001
G1 F558.7 X96.678 Y109.948 E0.00001
G1 F552.9 X96.674 Y109.958 E0.00001
G1 F547.2 X96.67 Y109.968 E0.00001
G1 F541.5 X96.666 Y109.978 E0.00001
G1 F536 X96.662 Y109.988 E0.00001
G1 F530.7 X96.658 Y109.999 E0.00001
G1 F532 X96.662 Y110.01 E0.00001
G1 F540.2 X96.668 Y110.019 E0.00001
G1 F547.2 X96.674 Y110.028 E0.00001
G1 F554.3 X96.68 Y110.038 E0.00001
G1 F563.2 X96.686 Y110.047 E0.00001
G1 F570.8 X96.692 Y110.056 E0
G1 F580.2 X96.698 Y110.065 E0
G1 F588.3 X96.704 Y110.075 E0.00001
G1 F598.3 X96.71 Y110.084 E0
G1 F606.9 X96.716 Y110.093 E0
G1 F615.7 X96.722 Y110.102 E0
G1 F626.7 X96.728 Y110.112 E0
G1 F640 X96.737 Y110.118 E0
G1 F655.9 X96.746 Y110.126 E0
G1 F670.5 X96.756 Y110.135 E0.00001
G1 F685.7 X96.765 Y110.144 E0
G1 F701.7 X96.775 Y110.152 E0
G1 F718.4 X96.785 Y110.16 E0
G1 F738.5 X96.795 Y110.169 E0
G1 F741.1 X96.786 Y110.166 E0
G1 F725.8 X96.776 Y110.163 E0
G1 F713.5 X96.767 Y110.16 E0
G1 F699.3 X96.757 Y110.156 E0
G1 F685.7 X96.746 Y110.153 E0
G1 F670.5 X96.735 Y110.149 E0
G1 F655.9 X96.723 Y110.146 E0
G1 F640 X96.706 Y110.142 E0.00001
G1 F626.7 X96.695 Y110.142 E0
G1 F615.7 X96.684 Y110.142 E0
G1 F606.9 X96.673 Y110.141 E0
G1 F598.3 X96.662 Y110.141 E0
G1 F588.3 X96.651 Y110.141 E0
G1 F580.2 X96.64 Y110.14 E0.00001
G1 F570.8 X96.629 Y110.14 E0.00001
G1 F563.2 X96.618 Y110.14 E0.00001
G1 F554.3 X96.607 Y110.139 E0.00001
G1 F547.2 X96.596 Y110.139 E0.00001
G1 F540.2 X96.585 Y110.139 E0.00001
G1 F532 X96.574 Y110.138 E0.00001
G1 F528 X96.558 Y110.151 E0.00001
G1 F532 X96.539 Y110.168 E0.00001
G1 F542.9 X96.536 Y110.179 E0.00001
G1 F557.3 X96.532 Y110.19 E0.00001
G1 F563.2 X96.497 Y110.229 E0.00002
G1 X96.462 Y110.192 E0.00002
G1 F557.3 X96.457 Y110.18 E0.00001
G1 F542.9 X96.451 Y110.167 E0.00001
G1 F532 X96.433 Y110.149 E0.00001
G1 F528 X96.414 Y110.137 E0.00001
G1 F532 X96.403 Y110.137 E0.00001
G1 F538.8 X96.392 Y110.136 E0.00001
G1 F545.7 X96.381 Y110.136 E0.00001
G1 F552.9 X96.37 Y110.135 E0.00001
G1 F560.2 X96.359 Y110.135 E0.00001
G1 F566.2 X96.348 Y110.134 E0.00001
G1 F573.9 X96.337 Y110.134 E0.00001
G1 F581.8 X96.326 Y110.133 E0.00001
G1 F589.9 X96.315 Y110.133 E0
G1 F598.3 X96.304 Y110.132 E0
G1 F608.6 X96.297 Y110.134 E0
G1 F621.2 X96.285 Y110.136 E0.00001
G1 F636.1 X96.273 Y110.139 E0.00001
G1 F647.9 X96.265 Y110.141 E0
G1 F657.9 X96.255 Y110.144 E0
G1 F670.5 X96.244 Y110.147 E0
G1 F683.5 X96.233 Y110.15 E0
G1 X96.241 Y110.143 E0
G1 F670.5 X96.249 Y110.136 E0
G1 F657.9 X96.258 Y110.129 E0
G1 F647.9 X96.264 Y110.124 E0
G1 F636.1 X96.272 Y110.116 E0
G1 F621.2 X96.281 Y110.107 E0.00001
G1 F608.6 X96.289 Y110.099 E0
G1 F598.3 X96.294 Y110.09 E0
G1 F589.9 X96.299 Y110.08 E0
G1 F581.8 X96.304 Y110.07 E0.00001
G1 F573.9 X96.309 Y110.06 E0.00001
G1 F566.2 X96.314 Y110.051 E0
G1 F560.2 X96.319 Y110.041 E0.00001
G1 F552.9 X96.324 Y110.031 E0.00001
G1 F545.7 X96.329 Y110.021 E0.00001
G1 F538.8 X96.334 Y110.012 E0.00001
G1 F532 X96.339 Y110.002 E0.00001
G1 F530.7 X96.335 Y109.993 E0
G1 F534.7 X96.332 Y109.981 E0.00001
G1 F537.4 X96.329 Y109.97 E0.00001
G1 F541.5 X96.326 Y109.958 E0.00001
G1 F545.7 X96.323 Y109.946 E0.00001
G1 F552.9 X96.315 Y109.937 E0.00001
G1 F561.7 X96.308 Y109.929 E0
G1 F572.4 X96.301 Y109.921 E0
G0 F24000 X96.322 Y109.945
G0 X96.338 Y110.004
G0 X96.289 Y110.099
G1 F60 E-0.001
G1 F18000 Z2.8
G0 F24000 X102.968 Y106.263 Z2.8
G1 F18000 Z0.8
G1 F60 E0.001
G1 F1005.7 X102.911 Y106.296 E0.00002
G1 X102.854 Y106.329 E0.00002
G1 X102.797 Y106.362 E0.00002
G1 X102.74 Y106.395 E0.00002
G1 X102.683 Y106.428 E0.00002
G1 X102.626 Y106.461 E0.00002
G1 X102.568 Y106.494 E0.00002
G1 X102.511 Y106.527 E0.00002
G1 X102.454 Y106.56 E0.00002
G1 X102.397 Y106.593 E0.00002
G1 X102.34 Y106.626 E0.00002
G1 X102.283 Y106.659 E0.00002
G1 X102.225 Y106.692 E0.00002
G1 X102.168 Y106.725 E0.00002
G1 X102.111 Y106.758 E0.00002
G1 X102.054 Y106.791 E0.00002
G1 X101.997 Y106.824 E0.00002
G1 X101.94 Y106.857 E0.00002
G1 X101.883 Y106.89 E0.00002
G1 X101.825 Y106.923 E0.00002
G1 X101.768 Y106.956 E0.00002
G1 X101.711 Y106.989 E0.00002
G1 X101.654 Y107.022 E0.00002
G1 X101.597 Y107.055 E0.00002
G1 X101.54 Y107.088 E0.00002
G1 X101.482 Y107.121 E0.00002
G1 X101.425 Y107.154 E0.00002
G1 X101.368 Y107.187 E0.00002
G1 X101.311 Y107.22 E0.00002
G1 X101.254 Y107.253 E0.00002
G1 X101.197 Y107.286 E0.00002
G1 X101.14 Y107.319 E0.00002
G1 X101.082 Y107.352 E0.00002
G1 X101.025 Y107.385 E0.00002
G1 X100.968 Y107.418 E0.00002
G1 F1000.9 X100.911 Y107.451 E0.00002
G1 X100.854 Y107.484 E0.00002
G1 X100.797 Y107.517 E0.00002
G1 X100.739 Y107.55 E0.00002
G1 X100.682 Y107.583 E0.00002
G1 X100.625 Y107.616 E0.00002
G1 X100.568 Y107.649 E0.00002
G1 X100.511 Y107.682 E0.00002
G1 X100.454 Y107.715 E0.00002
G1 X100.397 Y107.748 E0.00002
G1 X100.339 Y107.781 E0.00002
G1 X100.282 Y107.814 E0.00002
G1 X100.225 Y107.847 E0.00002
G1 X100.168 Y107.88 E0.00002
G1 X100.111 Y107.913 E0.00002
G1 X100.054 Y107.946 E0.00002
G1 X99.996 Y107.979 E0.00002
G1 X99.939 Y108.012 E0.00002
G1 X99.882 Y108.045 E0.00002
G1 X99.825 Y108.078 E0.00002
G1 X99.768 Y108.111 E0.00002
G1 X99.711 Y108.144 E0.00002
G1 X99.654 Y108.177 E0.00002
G1 X99.596 Y108.21 E0.00002
G1 X99.539 Y108.243 E0.00002
G1 X99.482 Y108.276 E0.00002
G1 X99.425 Y108.309 E0.00002
G1 X99.368 Y108.342 E0.00002
G1 X99.311 Y108.375 E0.00002
G1 X99.253 Y108.408 E0.00002
G1 X99.196 Y108.441 E0.00002
G1 X99.139 Y108.474 E0.00002
G1 X99.082 Y108.507 E0.00002
G1 X99.025 Y108.54 E0.00002
G1 X98.968 Y108.573 E0.00002
G1 F996.2 X98.911 Y108.606 E0.00002
G1 X98.853 Y108.639 E0.00002
G1 X98.796 Y108.672 E0.00002
G1 X98.739 Y108.705 E0.00002
G1 X98.682 Y108.738 E0.00002
G1 X98.625 Y108.771 E0.00002
G1 X98.568 Y108.804 E0.00002
G1 X98.51 Y108.837 E0.00002
G1 X98.453 Y108.87 E0.00002
G1 X98.396 Y108.903 E0.00002
G1 X98.339 Y108.936 E0.00002
G1 X98.282 Y108.969 E0.00002
G1 X98.225 Y109.002 E0.00002
G1 X98.168 Y109.035 E0.00002
G1 X98.11 Y109.068 E0.00002
G1 X98.053 Y109.101 E0.00002
G1 X97.996 Y109.134 E0.00002
G1 X97.939 Y109.167 E0.00002
G1 X97.882 Y109.2 E0.00002
G1 X97.825 Y109.233 E0.00002
G1 X97.767 Y109.266 E0.00002
G1 X97.71 Y109.299 E0.00002
G1 X97.653 Y109.332 E0.00002
G1 X97.596 Y109.365 E0.00002
G1 X97.539 Y109.398 E0.00002
G1 X97.482 Y109.431 E0.00002
G1 X97.425 Y109.464 E0.00002
G1 X97.367 Y109.497 E0.00002
G1 X97.31 Y109.53 E0.00002
G1 X97.253 Y109.563 E0.00002
G1 X97.196 Y109.596 E0.00002
G1 X97.139 Y109.629 E0.00002
G1 X97.082 Y109.662 E0.00002
G1 X97.024 Y109.695 E0.00002
G1 X96.967 Y109.728 E0.00002
G1 F991.5 X96.946 Y109.74 E0.00001
G1 F986.9 X96.925 Y109.752 E0.00001
G1 F982.3 X96.953 Y109.736 E0.00001
G1 X96.982 Y109.719 E0.00001
G1 X97.01 Y109.703 E0.00001
G1 X97.039 Y109.686 E0.00001
G1 X97.067 Y109.67 E0.00001
G1 X97.096 Y109.653 E0.00001
G1 X97.125 Y109.637 E0.00001
G1 X97.153 Y109.62 E0.00001
G1 X97.182 Y109.604 E0.00001
G1 X97.21 Y109.587 E0.00001
G1 X97.239 Y109.571 E0.00001
G1 X97.267 Y109.554 E0.00001
G1 X97.296 Y109.538 E0.00001
G1 X97.325 Y109.521 E0.00001
G1 X97.353 Y109.505 E0.00001
G1 X97.382 Y109.488 E0.00001
G1 X97.41 Y109.472 E0.00001
G1 X97.439 Y109.455 E0.00001
G1 X97.467 Y109.439 E0.00001
G1 X97.496 Y109.422 E0.00001
G1 X97.525 Y109.406 E0.00001
G1 X97.553 Y109.389 E0.00001
G1 X97.582 Y109.373 E0.00001
G1 X97.61 Y109.356 E0.00001
G1 X97.639 Y109.34 E0.00001
G1 X97.668 Y109.323 E0.00001
G1 X97.696 Y109.307 E0.00001
G1 X97.725 Y109.29 E0.00001
G1 X97.753 Y109.274 E0.00001
G1 X97.782 Y109.257 E0.00001
G1 X97.81 Y109.241 E0.00001
G1 X97.839 Y109.224 E0.00001
G1 X97.868 Y109.208 E0.00001
G1 X97.896 Y109.191 E0.00001
G1 X97.925 Y109.175 E0.00001
G1 F986.9 X97.953 Y109.158 E0.00001
G1 X97.982 Y109.142 E0.00001
G1 X98.01 Y109.125 E0.00001
G1 X98.039 Y109.109 E0.00001
G1 X98.068 Y109.092 E0.00001
G1 X98.096 Y109.076 E0.00001
G1 X98.125 Y109.059 E0.00001
G1 X98.153 Y109.043 E0.00001
G1 X98.182 Y109.026 E0.00001
G1 X98.211 Y109.01 E0.00001
G1 X98.239 Y108.993 E0.00001
G1 X98.268 Y108.977 E0.00001
G1 X98.296 Y108.96 E0.00001
G1 X98.325 Y108.944 E0.00001
G1 X98.353 Y108.927 E0.00001
G1 X98.382 Y108.911 E0.00001
G1 X98.411 Y108.894 E0.00001
G1 X98.439 Y108.878 E0.00001
G1 X98.468 Y108.861 E0.00001
G1 X98.496 Y108.845 E0.00001
G1 X98.525 Y108.828 E0.00001
G1 X98.553 Y108.812 E0.00001
G1 X98.582 Y108.795 E0.00001
G1 X98.611 Y108.779 E0.00001
G1 X98.639 Y108.762 E0.00001
G1 X98.668 Y108.746 E0.00001
G1 X98.696 Y108.729 E0.00001
G1 X98.725 Y108.713 E0.00001
G1 X98.754 Y108.696 E0.00001
G1 X98.782 Y108.68 E0.00001
G1 X98.811 Y108.663 E0.00001
G1 X98.839 Y108.647 E0.00001
G1 X98.868 Y108.63 E0.00001
G1 X98.896 Y108.614 E0.00001
G1 X98.925 Y108.597 E0.00001
G1 F991.5 X98.954 Y108.581 E0.00001
G1 X98.982 Y108.564 E0.00001
G1 X99.011 Y108.548 E0.00001
G1 X99.039 Y108.531 E0.00001
G1 X99.068 Y108.515 E0.00001
G1 X99.096 Y108.498 E0.00001
G1 X99.125 Y108.482 E0.00001
G1 X99.154 Y108.465 E0.00001
G1 X99.182 Y108.449 E0.00001
G1 X99.211 Y108.432 E0.00001
G1 X99.239 Y108.416 E0.00001
G1 X99.268 Y108.399 E0.00001
G1 X99.296 Y108.383 E0.00001
G1 X99.325 Y108.366 E0.00001
G1 X99.354 Y108.35 E0.00001
G1 X99.382 Y108.333 E0.00001
G1 X99.411 Y108.317 E0.00001
G1 X99.439 Y108.3 E0.00001
G1 X99.468 Y108.284 E0.00001
G1 X99.497 Y108.267 E0.00001
G1 X99.525 Y108.251 E0.00001
G1 X99.554 Y108.234 E0.00001
G1 X99.582 Y108.218 E0.00001
G1 X99.611 Y108.201 E0.00001
G1 X99.639 Y108.185 E0.00001
G1 X99.668 Y108.168 E0.00001
G1 X99.697 Y108.152 E0.00001
G1 X99.725 Y108.135 E0.00001
G1 X99.754 Y108.119 E0.00001
G1 X99.782 Y108.102 E0.00001
G1 X99.811 Y108.086 E0.00001
G1 X99.839 Y108.069 E0.00001
G1 X99.868 Y108.053 E0.00001
G1 X99.897 Y108.036 E0.00001
G1 X99.925 Y108.02 E0.00001
G1 F996.2 X99.954 Y108.003 E0.00001
G1 X99.982 Y107.987 E0.00001
G1 X100.011 Y107.97 E0.00001
G1 X100.04 Y107.954 E0.00001
G1 X100.068 Y107.937 E0.00001
G1 X100.097 Y107.921 E0.00001
G1 X100.125 Y107.904 E0.00001
G1 X100.154 Y107.888 E0.00001
G1 X100.182 Y107.871 E0.00001
G1 X100.211 Y107.855 E0.00001
G1 X100.24 Y107.838 E0.00001
G1 X100.268 Y107.822 E0.00001
G1 X100.297 Y107.805 E0.00001
G1 X100.325 Y107.789 E0.00001
G1 X100.354 Y107.772 E0.00001
G1 X100.382 Y107.756 E0.00001
G1 X100.411 Y107.739 E0.00001
G1 X100.44 Y107.723 E0.00001
G1 X100.468 Y107.706 E0.00001
G1 X100.497 Y107.69 E0.00001
G1 X100.525 Y107.673 E0.00001
G1 X100.554 Y107.657 E0.00001
G1 X100.583 Y107.64 E0.00001
G1 X100.611 Y107.624 E0.00001
G1 X100.64 Y107.607 E0.00001
G1 X100.668 Y107.591 E0.00001
G1 X100.697 Y107.574 E0.00001
G1 X100.725 Y107.558 E0.00001
G1 X100.754 Y107.541 E0.00001
G1 X100.783 Y107.525 E0.00001
G1 X100.811 Y107.508 E0.00001
G1 X100.84 Y107.492 E0.00001
G1 X100.868 Y107.475 E0.00001
G1 X100.897 Y107.459 E0.00001
G1 X100.925 Y107.442 E0.00001
G1 F1000.9 X100.954 Y107.426 E0.00001
G1 X100.983 Y107.409 E0.00001
G1 X101.011 Y107.393 E0.00001
G1 X101.04 Y107.376 E0.00001
G1 X101.068 Y107.36 E0.00001
G1 X101.097 Y107.343 E0.00001
G1 X101.126 Y107.327 E0.00001
G1 X101.154 Y107.31 E0.00001
G1 X101.183 Y107.294 E0.00001
G1 X101.211 Y107.277 E0.00001
G1 X101.24 Y107.261 E0.00001
G1 X101.268 Y107.244 E0.00001
G1 X101.297 Y107.228 E0.00001
G1 X101.326 Y107.211 E0.00001
G1 X101.354 Y107.195 E0.00001
G1 X101.383 Y107.178 E0.00001
G1 X101.411 Y107.162 E0.00001
G1 X101.44 Y107.145 E0.00001
G1 X101.468 Y107.129 E0.00001
G1 X101.497 Y107.112 E0.00001
G1 X101.526 Y107.096 E0.00001
G1 X101.554 Y107.079 E0.00001
G1 X101.583 Y107.063 E0.00001
G1 X101.611 Y107.046 E0.00001
G1 X101.64 Y107.03 E0.00001
G1 X101.668 Y107.013 E0.00001
G1 X101.697 Y106.997 E0.00001
G1 X101.726 Y106.98 E0.00001
G1 X101.754 Y106.964 E0.00001
G1 X101.783 Y106.947 E0.00001
G1 X101.811 Y106.931 E0.00001
G1 X101.84 Y106.914 E0.00001
G1 X101.869 Y106.898 E0.00001
G1 X101.897 Y106.881 E0.00001
G1 X101.926 Y106.865 E0.00001
G1 F1005.7 X101.954 Y106.848 E0.00001
G1 X101.983 Y106.832 E0.00001
G1 X102.011 Y106.815 E0.00001
G1 X102.04 Y106.799 E0.00001
G1 X102.069 Y106.782 E0.00001
G1 X102.097 Y106.766 E0.00001
G1 X102.126 Y106.749 E0.00001
G1 X102.154 Y106.733 E0.00001
G1 X102.183 Y106.716 E0.00001
G1 X102.211 Y106.7 E0.00001
G1 X102.24 Y106.683 E0.00001
G1 X102.269 Y106.667 E0.00001
G1 X102.297 Y106.65 E0.00001
G1 X102.326 Y106.634 E0.00001
G1 X102.354 Y106.617 E0.00001
G1 X102.383 Y106.601 E0.00001
G1 X102.412 Y106.584 E0.00001
G1 X102.44 Y106.568 E0.00001
G1 X102.469 Y106.551 E0.00001
G1 X102.497 Y106.535 E0.00001
G1 X102.526 Y106.518 E0.00001
G1 X102.554 Y106.502 E0.00001
G1 X102.583 Y106.485 E0.00001
G1 X102.612 Y106.469 E0.00001
G1 X102.64 Y106.452 E0.00001
G1 X102.669 Y106.436 E0.00001
G1 X102.697 Y106.419 E0.00001
G1 X102.726 Y106.403 E0.00001
G1 X102.754 Y106.386 E0.00001
G1 X102.783 Y106.37 E0.00001
G1 X102.812 Y106.353 E0.00001
G1 X102.84 Y106.337 E0.00001
G1 X102.869 Y106.32 E0.00001
G1 X102.897 Y106.304 E0.00001
G1 X102.926 Y106.287 E0.00001
G0 F24000 X102.795 Y106.363
G1 F60 E-0.001
G1 F18000 Z2.8
G0 F24000 X92.875 Y112.09 Z2.8
G1 F18000 Z0.8
G1 F60 E0.001
G1 F1005.7 X93.042 Y111.994 E0.00005
G1 X93.209 Y111.897 E0.00005
G1 X93.376 Y111.801 E0.00005
G1 X93.543 Y111.704 E0.00005
G1 X93.71 Y111.608 E0.00005
G1 X93.877 Y111.511 E0.00005
G1 X94.045 Y111.415 E0.00005
G1 X94.212 Y111.318 E0.00005
G1 X94.379 Y111.222 E0.00005
G1 X94.546 Y111.125 E0.00005
G1 X94.713 Y111.029 E0.00005
G1 X94.88 Y110.932 E0.00005
G1 X95.048 Y110.836 E0.00005
G1 X95.215 Y110.739 E0.00005
G1 X95.382 Y110.643 E0.00005
G1 X95.549 Y110.546 E0.00005
G1 X95.716 Y110.45 E0.00005
G1 X95.883 Y110.353 E0.00005
G1 X96.05 Y110.257 E0.00005
G1 F1010.5 X96.047 Y110.259 E0
G1 X95.962 Y110.308 E0.00003
G1 X95.876 Y110.357 E0.00003
G1 X95.79 Y110.407 E0.00003
G1 X95.705 Y110.456 E0.00003
G1 X95.619 Y110.506 E0.00003
G1 X95.533 Y110.555 E0.00003
G1 X95.447 Y110.605 E0.00003
G1 X95.362 Y110.654 E0.00003
G1 X95.276 Y110.704 E0.00003
G1 X95.19 Y110.753 E0.00003
G1 X95.104 Y110.803 E0.00003
G1 X95.019 Y110.852 E0.00003
G1 X94.933 Y110.902 E0.00003
G1 X94.847 Y110.951 E0.00003
G1 X94.762 Y111.001 E0.00003
G1 X94.676 Y111.05 E0.00003
G1 X94.59 Y111.1 E0.00003
G1 X94.504 Y111.149 E0.00003
G1 F1005.7 X94.419 Y111.199 E0.00003
G1 X94.333 Y111.248 E0.00003
G1 X94.247 Y111.298 E0.00003
G1 X94.161 Y111.347 E0.00003
G1 X94.076 Y111.397 E0.00003
G1 X93.99 Y111.446 E0.00003
G1 X93.904 Y111.496 E0.00003
G1 X93.819 Y111.545 E0.00003
G1 X93.733 Y111.595 E0.00003
G1 X93.647 Y111.644 E0.00003
G1 X93.561 Y111.694 E0.00003
G1 X93.476 Y111.743 E0.00003
G1 X93.39 Y111.793 E0.00003
G1 X93.304 Y111.842 E0.00003
G1 X93.218 Y111.892 E0.00003
G1 X93.133 Y111.941 E0.00003
G1 X93.047 Y111.991 E0.00003
G1 X92.961 Y112.04 E0.00003
G1 X92.875 Y112.09 E0.00003
G0 F24000 X93.048 Y111.991
G1 F60 E-0.001
G1 F18000 Z2.8
G0 F24000 X96.499 Y110.492 Z2.8
G1 F18000 Z0.8
G1 F60 E0.001
G1 F996.2 X96.5 Y110.524 E0.00001
G1 F1005.7 X96.5 Y110.722 E0.00005
G1 X96.5 Y110.92 E0.00005
G1 X96.5 Y111.118 E0.00005
G1 X96.5 Y111.316 E0.00005
G1 X96.5 Y111.514 E0.00005
G1 X96.5 Y111.712 E0.00005
G1 X96.5 Y111.91 E0.00005
G1 X96.5 Y112.108 E0.00005
G1 X96.5 Y112.306 E0.00005
G1 X96.5 Y112.504 E0.00005
G1 X96.5 Y112.702 E0.00005
G1 X96.5 Y112.9 E0.00005
G1 X96.5 Y113.098 E0.00005
G1 X96.5 Y113.296 E0.00005
G1 X96.5 Y113.494 E0.00005
G1 X96.5 Y113.692 E0.00005
G1 X96.5 Y113.89 E0.00005
G1 X96.499 Y114.088 E0.00005
G1 X96.499 Y114.286 E0.00005
G1 X96.499 Y114.484 E0.00005
G1 X96.499 Y114.682 E0.00005
G1 X96.499 Y114.88 E0.00005
G1 X96.499 Y115.078 E0.00005
G1 X96.499 Y115.276 E0.00005
G1 X96.499 Y115.474 E0.00005
G1 X96.499 Y115.672 E0.00005
G1 X96.499 Y115.87 E0.00005
G1 X96.499 Y116.068 E0.00005
G1 X96.499 Y116.266 E0.00005
G1 X96.499 Y116.464 E0.00005
G1 X96.499 Y116.662 E0.00005
G1 X96.499 Y116.86 E0.00005
G1 X96.499 Y117.058 E0.00005
G1 X96.499 Y117.256 E0.00005
G1 X96.499 Y117.454 E0.00005
G1 X96.498 Y117.268 E0.00005
G1 X96.498 Y117.07 E0.00005
G1 X96.498 Y116.872 E0.00005
G1 X96.498 Y116.674 E0.00005
G1 X96.498 Y116.476 E0.00005
G1 X96.498 Y116.278 E0.00005
G1 X96.498 Y116.08 E0.00005
G1 X96.498 Y115.882 E0.00005
G1 X96.498 Y115.684 E0.00005
G1 X96.498 Y115.486 E0.00005
G1 X96.498 Y115.288 E0.00005
G1 X96.498 Y115.09 E0.00005
G1 X96.498 Y114.892 E0.00005
G1 X96.498 Y114.694 E0.00005
G1 X96.498 Y114.496 E0.00005
G1 X96.498 Y114.298 E0.00005
G1 X96.498 Y114.1 E0.00005
G1 X96.499 Y113.902 E0.00005
G1 X96.499 Y113.704 E0.00005
G1 X96.499 Y113.506 E0.00005
G1 X96.499 Y113.308 E0.00005
G1 X96.499 Y113.11 E0.00005
G1 X96.499 Y112.912 E0.00005
G1 X96.499 Y112.714 E0.00005
G1 X96.499 Y112.516 E0.00005
G1 X96.499 Y112.318 E0.00005
G1 X96.499 Y112.12 E0.00005
G1 X96.499 Y111.922 E0.00005
G1 X96.499 Y111.724 E0.00005
G1 X96.499 Y111.526 E0.00005
G1 X96.499 Y111.328 E0.00005
G1 X96.499 Y111.13 E0.00005
G1 X96.499 Y110.932 E0.00005
G1 X96.499 Y110.734 E0.00005
G1 X96.499 Y110.536 E0.00005
G1 F1000.9 X96.5 Y110.524 E0
G1 F996.2 X96.499 Y110.492 E0.00001
G0 F24000 X96.5 Y110.524
G0 X96.5 Y110.692
G1 F60 E-0.001
G1 F18000 Z2.8
G0 F24000 X102.968 Y113.733 Z2.8
G1 F18000 Z0.8
G1 F60 E0.001
G1 F1005.7 X96.931 Y110.246 E0.00183
G1 F1010.5 X96.953 Y110.258 E0.00001
G1 X97.124 Y110.357 E0.00005
G1 X97.295 Y110.456 E0.00005
G1 X97.467 Y110.555 E0.00005
G1 X97.638 Y110.654 E0.00005
G1 X97.81 Y110.753 E0.00005
G1 X97.981 Y110.852 E0.00005
G1 X98.153 Y110.951 E0.00005
G1 X98.324 Y111.05 E0.00005
G1 X98.495 Y111.149 E0.00005
G1 X98.667 Y111.248 E0.00005
G1 X98.838 Y111.347 E0.00005
G1 X99.01 Y111.446 E0.00005
G1 X99.181 Y111.545 E0.00005
G1 X99.353 Y111.644 E0.00005
G1 X99.524 Y111.743 E0.00005
G1 X99.695 Y111.842 E0.00005
G1 X99.867 Y111.941 E0.00005
G1 X100.038 Y112.04 E0.00005
G1 X100.21 Y112.139 E0.00005
G1 X100.381 Y112.238 E0.00005
G1 X100.553 Y112.337 E0.00005
G1 X100.724 Y112.436 E0.00005
G1 X100.896 Y112.535 E0.00005
G1 X101.067 Y112.635 E0.00005
G1 X101.238 Y112.734 E0.00005
G1 X101.41 Y112.833 E0.00005
G1 X101.581 Y112.932 E0.00005
G1 X101.753 Y113.031 E0.00005
G1 X101.924 Y113.13 E0.00005
G1 X102.096 Y113.229 E0.00005
G1 X102.267 Y113.328 E0.00005
G1 X102.438 Y113.427 E0.00005
G1 X102.61 Y113.526 E0.00005
G1 X102.781 Y113.625 E0.00005
G1 X102.953 Y113.724 E0.00005
G1 F1005.7 X102.968 Y113.733 E0
G0 F24000 X102.795 Y113.633
G1 F60 E-0.001
G1 F18000 Z2.8
G0 F24000 X94.414 Y109.749 Z2.8
G1 F18000 Z0.8
G1 F60 E0.001
G1 F1005.7 X94.243 Y109.65 E0.00005
G1 X94.072 Y109.551 E0.00005
G1 X93.9 Y109.452 E0.00005
G1 X93.729 Y109.353 E0.00005
G1 X93.558 Y109.254 E0.00005
G1 X93.386 Y109.155 E0.00005
G1 X93.215 Y109.056 E0.00005
G1 X93.043 Y108.957 E0.00005
G1 X92.872 Y108.858 E0.00005
G1 X93.045 Y108.958 E0.00005
G1 X93.216 Y109.057 E0.00005
G1 X93.388 Y109.156 E0.00005
G1 X93.559 Y109.255 E0.00005
G1 X93.73 Y109.354 E0.00005
G1 X93.902 Y109.453 E0.00005
G1 X94.073 Y109.552 E0.00005
G1 X94.245 Y109.651 E0.00005
G1 X94.416 Y109.75 E0.00005
G1 F996.2 X94.434 Y109.763 E0.00001
G1 F986.9 X94.454 Y109.778 E0.00001
G1 F977.8 X94.475 Y109.793 E0.00001
G1 F968.8 X94.487 Y109.803 E0
G1 F951.4 X94.5 Y109.813 E0
G1 F938.7 X94.506 Y109.82 E0
G1 F926.3 X94.513 Y109.827 E0
G1 F914.3 X94.52 Y109.835 E0
G1 F902.6 X94.527 Y109.842 E0
G1 F891.1 X94.533 Y109.85 E0
G1 F880 X94.54 Y109.857 E0
G1 F872.7 X94.547 Y109.864 E0
G1 F862 X94.554 Y109.872 E0
G1 F851.6 X94.56 Y109.879 E0
G1 F841.4 X94.567 Y109.887 E0
G1 F831.5 X94.574 Y109.894 E0
G1 F821.8 X94.581 Y109.902 E0
G1 F809.2 X94.586 Y109.91 E0
G1 F797 X94.592 Y109.918 E0
G1 F785.1 X94.598 Y109.926 E0
G1 F773.6 X94.604 Y109.934 E0
G1 F762.5 X94.61 Y109.942 E0
G1 F751.6 X94.616 Y109.95 E0
G1 F738.5 X94.623 Y109.961 E0
G1 F725.8 X94.628 Y109.971 E0
G1 F713.5 X94.633 Y109.98 E0
G1 F701.7 X94.639 Y109.99 E0
G1 F690.2 X94.644 Y109.999 E0
G1 X94.638 Y110.008 E0
G1 F699.3 X94.632 Y110.017 E0
G1 F708.7 X94.626 Y110.026 E0
G1 F720.8 X94.619 Y110.035 E0
G1 F730.8 X94.613 Y110.044 E0
G1 F741.1 X94.607 Y110.053 E0
G1 F754.3 X94.601 Y110.062 E0
G1 F765.2 X94.594 Y110.071 E0
G1 F776.5 X94.588 Y110.08 E0
G1 F791 X94.582 Y110.089 E0
G1 F803 X94.576 Y110.098 E0
G1 F815.4 X94.569 Y110.107 E0
G1 F831.5 X94.563 Y110.116 E0
G1 F844.8 X94.557 Y110.125 E0
G1 F858.5 X94.551 Y110.134 E0
G1 F872.7 X94.545 Y110.138 E0
G1 F887.4 X94.536 Y110.147 E0
G1 F898.7 X94.527 Y110.156 E0
G1 F914.3 X94.518 Y110.166 E0
G1 F926.3 X94.509 Y110.173 E0
G1 F934.5 X94.5 Y110.181 E0
G1 F942.9 X94.491 Y110.189 E0
G1 F951.4 X94.482 Y110.196 E0
G1 F964.4 X94.473 Y110.204 E0
G1 F973.3 X94.464 Y110.212 E0
G1 F982.3 X94.454 Y110.22 E0
G1 F991.5 X94.371 Y110.268 E0.00003
G1 X94.288 Y110.316 E0.00003
G1 X94.205 Y110.364 E0.00003
G1 X94.122 Y110.413 E0.00003
G1 X94.039 Y110.461 E0.00003
G1 X93.956 Y110.509 E0.00003
G1 X93.873 Y110.557 E0.00003
G1 X93.79 Y110.606 E0.00003
G1 X93.707 Y110.654 E0.00003
G1 X93.624 Y110.702 E0.00003
G1 F996.2 X93.541 Y110.75 E0.00003
G1 X93.458 Y110.799 E0.00003
G1 X93.375 Y110.847 E0.00003
G1 X93.292 Y110.895 E0.00003
G1 X93.209 Y110.943 E0.00003
G1 X93.126 Y110.992 E0.00003
G1 X93.043 Y111.04 E0.00003
G1 X92.96 Y111.088 E0.00003
G1 X92.877 Y111.136 E0.00003
G1 X92.958 Y111.09 E0.00002
G1 X93.041 Y111.042 E0.00003
G1 X93.124 Y110.994 E0.00003
G1 X93.207 Y110.945 E0.00003
G1 X93.29 Y110.897 E0.00003
G1 X93.373 Y110.849 E0.00003
G1 X93.456 Y110.801 E0.00003
G1 X93.539 Y110.752 E0.00003
G1 X93.622 Y110.704 E0.00003
G1 F991.5 X93.705 Y110.656 E0.00003
G1 X93.788 Y110.608 E0.00003
G1 X93.871 Y110.559 E0.00003
G1 X93.954 Y110.511 E0.00003
G1 X94.037 Y110.463 E0.00003
G1 X94.12 Y110.415 E0.00003
G1 X94.203 Y110.366 E0.00003
G1 X94.286 Y110.318 E0.00003
G1 X94.369 Y110.27 E0.00003
G1 X94.452 Y110.222 E0.00003
G1 F982.3 X94.463 Y110.213 E0
G1 F973.3 X94.472 Y110.205 E0
G1 F964.4 X94.481 Y110.197 E0
G1 F951.4 X94.49 Y110.19 E0
G1 F942.9 X94.499 Y110.182 E0
G1 F934.5 X94.508 Y110.174 E0
G1 F926.3 X94.518 Y110.166 E0
G1 F914.3 X94.527 Y110.157 E0
G1 F898.7 X94.536 Y110.148 E0
G1 F887.4 X94.545 Y110.139 E0
G1 F872.7 X94.554 Y110.129 E0
G1 F858.5 X94.56 Y110.121 E0
G1 F844.8 X94.567 Y110.112 E0
G1 F831.5 X94.574 Y110.103 E0
G1 F815.4 X94.58 Y110.095 E0
G1 F803 X94.587 Y110.086 E0
G1 F791 X94.594 Y110.077 E0
G1 F776.5 X94.6 Y110.068 E0
G1 F765.2 X94.607 Y110.06 E0
G1 F754.3 X94.614 Y110.051 E0
G1 F741.1 X94.621 Y110.042 E0
G1 F730.8 X94.627 Y110.034 E0
G1 F720.8 X94.634 Y110.025 E0
G1 F708.7 X94.641 Y110.016 E0
G1 F699.3 X94.647 Y110.007 E0
G1 F690.2 X94.654 Y109.999 E0
G1 F683.5 X94.651 Y109.995 E0
G1 F690.2 X94.645 Y109.987 E0
G1 F701.7 X94.638 Y109.978 E0
G1 F713.5 X94.631 Y109.969 E0
G1 F725.8 X94.625 Y109.96 E0
G1 F738.5 X94.618 Y109.952 E0
G1 F751.6 X94.613 Y109.944 E0
G1 F762.5 X94.607 Y109.936 E0
G1 F773.6 X94.601 Y109.928 E0
G1 F785.1 X94.595 Y109.92 E0
G1 F797 X94.589 Y109.912 E0
G1 F809.2 X94.583 Y109.904 E0
G1 F821.8 X94.575 Y109.895 E0
G1 F831.5 X94.568 Y109.888 E0
G1 F841.4 X94.561 Y109.88 E0
G1 F851.6 X94.554 Y109.873 E0
G1 F862 X94.548 Y109.865 E0
G1 F872.7 X94.541 Y109.858 E0
G1 F880 X94.534 Y109.851 E0
G1 F891.1 X94.527 Y109.843 E0
G1 F902.6 X94.521 Y109.836 E0
G1 F914.3 X94.514 Y109.828 E0
G1 F926.3 X94.507 Y109.821 E0
G1 F938.7 X94.5 Y109.813 E0
G1 F951.4 X94.488 Y109.803 E0
G1 F968.8 X94.475 Y109.793 E0
G1 F977.8 X94.455 Y109.779 E0.00001
G1 F986.9 X94.435 Y109.764 E0.00001
G1 F996.2 X94.414 Y109.749 E0.00001
G0 F24000 X94.241 Y109.649
G1 F60 E-0.001
G1 F18000 Z2.8
G0 F24000 X95.404 Y111.62 Z2.8
G1 F18000 Z0.8
G1 F60 E0.001
G1 F876.3 X95.413 Y111.62 E0
G1 F862 X95.423 Y111.619 E0
G1 F848.2 X95.433 Y111.618 E0
G1 F834.8 X95.443 Y111.617 E0
G1 F821.8 X95.453 Y111.616 E0
G1 F809.2 X95.463 Y111.615 E0
G1 F797 X95.473 Y111.614 E0
G1 F785.1 X95.483 Y111.613 E0
G1 F773.6 X95.493 Y111.613 E0
G1 F762.5 X95.503 Y111.612 E0
G1 F751.6 X95.513 Y111.611 E0
G1 F741.1 X95.523 Y111.61 E0
G1 F730.8 X95.533 Y111.609 E0
G1 F720.8 X95.543 Y111.608 E0
G1 F711.1 X95.553 Y111.607 E0
G1 F701.7 X95.563 Y111.606 E0
G1 F692.5 X95.573 Y111.606 E0
G1 F694.7 X95.579 Y111.614 E0
G1 F706.4 X95.584 Y111.624 E0
G1 F718.4 X95.589 Y111.634 E0
G1 F728.3 X95.593 Y111.644 E0
G1 F738.5 X95.597 Y111.654 E0
G1 F748.9 X95.601 Y111.664 E0
G1 F759.7 X95.605 Y111.674 E0
G1 F770.8 X95.609 Y111.685 E0
G1 F782.2 X95.614 Y111.695 E0
G1 F794 X95.618 Y111.705 E0
G1 F806.1 X95.622 Y111.715 E0
G1 F818.6 X95.626 Y111.725 E0
G1 F831.5 X95.63 Y111.736 E0
G1 F844.8 X95.635 Y111.746 E0
G1 F858.5 X95.639 Y111.756 E0
G1 F872.7 X95.639 Y111.76 E0
G1 F883.7 X95.642 Y111.77 E0
G1 F891.1 X95.644 Y111.779 E0
G1 F902.6 X95.647 Y111.789 E0
G1 F914.3 X95.65 Y111.798 E0
G1 F922.3 X95.652 Y111.808 E0
G1 F934.5 X95.655 Y111.818 E0
G1 F942.9 X95.657 Y111.832 E0
G1 F951.4 X95.659 Y111.844 E0
G1 F955.7 X95.66 Y111.856 E0
G1 F964.4 X95.662 Y111.868 E0
G1 F973.3 X95.664 Y111.88 E0
G1 F977.8 X95.665 Y111.892 E0
G1 F986.9 X95.667 Y111.904 E0
G1 F991.5 X95.669 Y111.916 E0
G1 F1000.9 X95.67 Y111.928 E0
G1 F1010.5 X95.672 Y111.939 E0
G1 X95.672 Y112.131 E0.00005
G1 X95.672 Y112.326 E0.00005
G1 X95.672 Y112.521 E0.00005
G1 X95.672 Y112.716 E0.00005
G1 X95.672 Y112.911 E0.00005
G1 X95.672 Y113.106 E0.00005
G1 X95.672 Y113.301 E0.00005
G1 X95.672 Y113.496 E0.00005
G1 X95.672 Y113.691 E0.00005
G1 X95.672 Y113.886 E0.00005
G1 X95.672 Y114.081 E0.00005
G1 X95.672 Y114.276 E0.00005
G1 X95.672 Y114.471 E0.00005
G1 X95.672 Y114.666 E0.00005
G1 X95.673 Y114.861 E0.00005
G1 X95.673 Y115.056 E0.00005
G1 X95.673 Y115.251 E0.00005
G1 X95.673 Y115.446 E0.00005
G1 X95.673 Y115.641 E0.00005
G1 X95.673 Y115.836 E0.00005
G1 X95.673 Y116.031 E0.00005
G1 X95.673 Y116.226 E0.00005
G1 X95.673 Y116.421 E0.00005
G1 X95.673 Y116.616 E0.00005
G1 X95.673 Y116.811 E0.00005
G1 X95.673 Y117.006 E0.00005
G1 X95.673 Y117.201 E0.00005
G1 X95.673 Y117.396 E0.00005
G1 X95.673 Y117.591 E0.00005
G1 X95.674 Y117.401 E0.00005
G1 X95.674 Y117.206 E0.00005
G1 X95.674 Y117.011 E0.00005
G1 X95.674 Y116.816 E0.00005
G1 X95.674 Y116.621 E0.00005
G1 X95.674 Y116.426 E0.00005
G1 X95.674 Y116.231 E0.00005
G1 X95.674 Y116.036 E0.00005
G1 X95.674 Y115.841 E0.00005
G1 X95.674 Y115.646 E0.00005
G1 X95.674 Y115.451 E0.00005
G1 X95.674 Y115.256 E0.00005
G1 X95.674 Y115.061 E0.00005
G1 X95.674 Y114.866 E0.00005
G1 X95.673 Y114.671 E0.00005
G1 X95.673 Y114.476 E0.00005
G1 X95.673 Y114.281 E0.00005
G1 X95.673 Y114.086 E0.00005
G1 X95.673 Y113.891 E0.00005
G1 X95.673 Y113.696 E0.00005
G1 X95.673 Y113.501 E0.00005
G1 X95.673 Y113.306 E0.00005
G1 X95.673 Y113.111 E0.00005
G1 X95.673 Y112.916 E0.00005
G1 X95.673 Y112.721 E0.00005
G1 X95.673 Y112.526 E0.00005
G1 X95.673 Y112.331 E0.00005
G1 X95.673 Y112.136 E0.00005
G1 X95.673 Y111.941 E0.00005
G1 X95.671 Y111.925 E0
G1 F1000.9 X95.669 Y111.913 E0
G1 F991.5 X95.668 Y111.901 E0
G1 F986.9 X95.666 Y111.889 E0
G1 F977.8 X95.664 Y111.877 E0
G1 F973.3 X95.663 Y111.865 E0
G1 F964.4 X95.661 Y111.853 E0
G1 F955.7 X95.659 Y111.841 E0
G1 F951.4 X95.658 Y111.829 E0
G1 F942.9 X95.656 Y111.818 E0
G1 F934.5 X95.654 Y111.812 E0
G1 F922.3 X95.651 Y111.802 E0
G1 F914.3 X95.649 Y111.793 E0
G1 F902.6 X95.646 Y111.783 E0
G1 F891.1 X95.643 Y111.774 E0
G1 F883.7 X95.641 Y111.764 E0
G1 F872.7 X95.638 Y111.754 E0
G1 F858.5 X95.633 Y111.741 E0
G1 F844.8 X95.629 Y111.731 E0
G1 F831.5 X95.625 Y111.721 E0
G1 F818.6 X95.621 Y111.711 E0
G1 F806.1 X95.617 Y111.7 E0
G1 F794 X95.612 Y111.69 E0
G1 F782.2 X95.608 Y111.68 E0
G1 F770.8 X95.604 Y111.67 E0
G1 F759.7 X95.6 Y111.66 E0
G1 F748.9 X95.596 Y111.649 E0
G1 F738.5 X95.591 Y111.639 E0
G1 F728.3 X95.587 Y111.629 E0
G1 F718.4 X95.584 Y111.625 E0
G1 F706.4 X95.579 Y111.615 E0
G1 F694.7 X95.574 Y111.605 E0
G1 F692.5 X95.565 Y111.605 E0
G1 F701.7 X95.555 Y111.606 E0
G1 F711.1 X95.545 Y111.607 E0
G1 F720.8 X95.535 Y111.608 E0
G1 F730.8 X95.525 Y111.609 E0
G1 F741.1 X95.515 Y111.61 E0
G1 F751.6 X95.505 Y111.611 E0
G1 F762.5 X95.495 Y111.612 E0
G1 F773.6 X95.485 Y111.612 E0
G1 F785.1 X95.475 Y111.613 E0
G1 F797 X95.465 Y111.614 E0
G1 F809.2 X95.455 Y111.615 E0
G1 F821.8 X95.445 Y111.616 E0
G1 F834.8 X95.435 Y111.617 E0
G1 F848.2 X95.425 Y111.618 E0
G1 F862 X95.415 Y111.619 E0
G1 F876.3 X95.405 Y111.619 E0
G1 F880 X95.404 Y111.62 E0
G1 F887.4 X95.393 Y111.623 E0
G1 F898.7 X95.381 Y111.626 E0
G1 F910.3 X95.37 Y111.629 E0
G1 F922.3 X95.358 Y111.632 E0
G1 F934.5 X95.347 Y111.635 E0
G1 F942.9 X95.336 Y111.639 E0
G1 F951.4 X95.324 Y111.644 E0
G1 F960 X95.312 Y111.649 E0
G1 F964.4 X95.3 Y111.654 E0
G1 F973.3 X95.288 Y111.659 E0
G1 F982.3 X95.276 Y111.664 E0
G1 F986.9 X95.264 Y111.669 E0
G1 F996.2 X95.252 Y111.674 E0
G1 F1005.7 X95.24 Y111.679 E0
G1 X92.874 Y113.045 E0.00072
G1 X95.243 Y111.678 E0.00072
G1 X95.255 Y111.674 E0
G1 F996.2 X95.267 Y111.669 E0
G1 F986.9 X95.279 Y111.664 E0
G1 F982.3 X95.291 Y111.659 E0
G1 F973.3 X95.303 Y111.654 E0
G1 F964.4 X95.315 Y111.649 E0
G1 F960 X95.327 Y111.644 E0
G1 F951.4 X95.339 Y111.639 E0
G1 F942.9 X95.351 Y111.634 E0
G1 F934.5 X95.359 Y111.632 E0
G1 F922.3 X95.371 Y111.629 E0
G1 F910.3 X95.382 Y111.626 E0
G1 F898.7 X95.394 Y111.623 E0
G1 F887.4 X95.405 Y111.62 E0
G0 F24000 X95.574 Y111.605
G0 X95.587 Y111.63
G1 F60 E-0.001
G1 F18000 Z2.8
G0 F24000 X97.335 Y111.852 Z2.8
G1 F18000 Z0.8
G1 F60 E0.001
G1 F960 X97.337 Y111.841 E0
G1 F951.4 X97.34 Y111.829 E0
G1 F938.7 X97.342 Y111.817 E0
G1 F930.4 X97.345 Y111.806 E0
G1 F918.3 X97.347 Y111.794 E0
G1 F910.3 X97.35 Y111.782 E0
G1 F898.7 X97.353 Y111.773 E0
G1 F883.7 X97.357 Y111.764 E0
G1 F869.1 X97.361 Y111.755 E0
G1 F855.1 X97.365 Y111.746 E0
G1 F841.4 X97.368 Y111.736 E0
G1 F828.2 X97.372 Y111.727 E0
G1 F815.4 X97.376 Y111.718 E0
G1 F803 X97.38 Y111.709 E0
G1 F791 X97.384 Y111.699 E0
G1 F779.3 X97.387 Y111.69 E0
G1 F770.8 X97.391 Y111.681 E0
G1 F759.7 X97.395 Y111.672 E0
G1 F748.9 X97.399 Y111.662 E0
G1 F738.5 X97.403 Y111.653 E0
G1 F728.3 X97.406 Y111.644 E0
G1 F718.4 X97.41 Y111.635 E0
G1 F708.7 X97.414 Y111.626 E0
G1 F699.3 X97.418 Y111.616 E0
G1 F690.2 X97.422 Y111.607 E0
G1 F692.5 X97.437 Y111.602 E0.00001
G1 F706.4 X97.45 Y111.603 E0
G1 F720.8 X97.463 Y111.604 E0
G1 F735.9 X97.474 Y111.604 E0
G1 F748.9 X97.486 Y111.605 E0
G1 F762.5 X97.498 Y111.606 E0
G1 F773.6 X97.509 Y111.608 E0
G1 F785.1 X97.52 Y111.61 E0
G1 F797 X97.531 Y111.611 E0
G1 F809.2 X97.542 Y111.613 E0
G1 F821.8 X97.553 Y111.614 E0
G1 F834.8 X97.564 Y111.616 E0
G1 F848.2 X97.575 Y111.617 E0
G1 F862 X97.587 Y111.62 E0
G1 F876.3 X97.598 Y111.623 E0
G1 F887.4 X97.608 Y111.625 E0
G1 F898.7 X97.619 Y111.628 E0
G1 F914.3 X97.63 Y111.631 E0
G1 F922.3 X97.64 Y111.634 E0
G1 F930.4 X97.65 Y111.637 E0
G1 F938.7 X97.661 Y111.64 E0
G1 F947.1 X97.671 Y111.644 E0
G1 F955.7 X97.682 Y111.647 E0
G1 F964.4 X97.692 Y111.65 E0
G1 F973.3 X97.702 Y111.654 E0
G1 F982.3 X97.713 Y111.657 E0
G1 F991.5 X97.723 Y111.66 E0
G1 X97.894 Y111.759 E0.00005
G1 X98.067 Y111.859 E0.00005
G1 X98.24 Y111.959 E0.00005
G1 X98.413 Y112.059 E0.00005
G1 X98.587 Y112.159 E0.00005
G1 X98.76 Y112.259 E0.00005
G1 X98.933 Y112.359 E0.00005
G1 X99.106 Y112.459 E0.00005
G1 X99.279 Y112.559 E0.00005
G1 X99.453 Y112.659 E0.00005
G1 X99.626 Y112.759 E0.00005
G1 X99.799 Y112.859 E0.00005
G1 X99.972 Y112.959 E0.00005
G1 X100.146 Y113.059 E0.00005
G1 X100.319 Y113.159 E0.00005
G1 X100.492 Y113.259 E0.00005
G1 X100.665 Y113.359 E0.00005
G1 X100.838 Y113.459 E0.00005
G1 X101.012 Y113.559 E0.00005
G1 X101.185 Y113.659 E0.00005
G1 X101.358 Y113.759 E0.00005
G1 X101.531 Y113.859 E0.00005
G1 X101.704 Y113.959 E0.00005
G1 X101.878 Y114.059 E0.00005
G1 X102.051 Y114.159 E0.00005
G1 X102.224 Y114.259 E0.00005
G1 X102.397 Y114.359 E0.00005
G1 X102.571 Y114.459 E0.00005
G1 X102.744 Y114.559 E0.00005
G1 X102.917 Y114.659 E0.00005
G1 X103.09 Y114.759 E0.00005
G1 X103.263 Y114.859 E0.00005
G1 X103.437 Y114.959 E0.00005
G1 X103.61 Y115.059 E0.00005
G1 X103.783 Y115.159 E0.00005
G1 X103.956 Y115.259 E0.00005
G1 X104.129 Y115.359 E0.00005
G1 X104.303 Y115.459 E0.00005
G1 X104.476 Y115.559 E0.00005
G1 X104.649 Y115.659 E0.00005
G1 X104.822 Y115.759 E0.00005
G1 X104.996 Y115.859 E0.00005
G1 X105.169 Y115.959 E0.00005
G1 X105.342 Y116.059 E0.00005
G1 X105.515 Y116.159 E0.00005
G1 X105.688 Y116.259 E0.00005
G1 X105.862 Y116.359 E0.00005
G1 X106.035 Y116.459 E0.00005
G1 X106.208 Y116.559 E0.00005
G1 X106.381 Y116.659 E0.00005
G1 X106.554 Y116.759 E0.00005
G1 X106.728 Y116.859 E0.00005
G1 X106.901 Y116.959 E0.00005
G1 X107.074 Y117.059 E0.00005
G1 X107.247 Y117.159 E0.00005
G1 X107.421 Y117.259 E0.00005
G1 X107.594 Y117.359 E0.00005
G1 X107.767 Y117.459 E0.00005
G1 X107.94 Y117.559 E0.00005
G1 F982.3 X107.938 Y117.56 E0
G1 F973.3 X107.957 Y117.573 E0.00001
G1 F964.4 X107.976 Y117.586 E0.00001
G1 X107.957 Y117.573 E0.00001
G1 F973.3 X107.938 Y117.56 E0.00001
G1 F982.3 X107.919 Y117.547 E0.00001
G1 F991.5 X107.746 Y117.448 E0.00005
G1 X107.573 Y117.348 E0.00005
G1 X107.4 Y117.248 E0.00005
G1 X107.227 Y117.148 E0.00005
G1 X107.053 Y117.048 E0.00005
G1 X106.88 Y116.948 E0.00005
G1 X106.707 Y116.848 E0.00005
G1 X106.534 Y116.748 E0.00005
G1 X106.361 Y116.648 E0.00005
G1 X106.187 Y116.548 E0.00005
G1 X106.014 Y116.448 E0.00005
G1 X105.841 Y116.348 E0.00005
G1 X105.668 Y116.248 E0.00005
G1 X105.494 Y116.148 E0.00005
G1 X105.321 Y116.048 E0.00005
G1 X105.148 Y115.948 E0.00005
G1 X104.975 Y115.848 E0.00005
G1 X104.802 Y115.748 E0.00005
G1 X104.628 Y115.648 E0.00005
G1 X104.455 Y115.548 E0.00005
G1 X104.282 Y115.448 E0.00005
G1 X104.109 Y115.348 E0.00005
G1 X103.936 Y115.248 E0.00005
G1 X103.762 Y115.148 E0.00005
G1 X103.589 Y115.048 E0.00005
G1 X103.416 Y114.948 E0.00005
G1 X103.243 Y114.848 E0.00005
G1 X103.069 Y114.748 E0.00005
G1 X102.896 Y114.648 E0.00005
G1 X102.723 Y114.548 E0.00005
G1 X102.55 Y114.448 E0.00005
G1 X102.377 Y114.348 E0.00005
G1 X102.203 Y114.248 E0.00005
G1 X102.03 Y114.148 E0.00005
G1 X101.857 Y114.048 E0.00005
G1 X101.684 Y113.948 E0.00005
G1 X101.511 Y113.848 E0.00005
G1 X101.337 Y113.748 E0.00005
G1 X101.164 Y113.648 E0.00005
G1 X100.991 Y113.548 E0.00005
G1 X100.818 Y113.448 E0.00005
G1 X100.644 Y113.348 E0.00005
G1 X100.471 Y113.248 E0.00005
G1 X100.298 Y113.148 E0.00005
G1 X100.125 Y113.048 E0.00005
G1 X99.952 Y112.948 E0.00005
G1 X99.778 Y112.848 E0.00005
G1 X99.605 Y112.748 E0.00005
G1 X99.432 Y112.648 E0.00005
G1 X99.259 Y112.548 E0.00005
G1 X99.086 Y112.448 E0.00005
G1 X98.912 Y112.348 E0.00005
G1 X98.739 Y112.248 E0.00005
G1 X98.566 Y112.148 E0.00005
G1 X98.393 Y112.048 E0.00005
G1 X98.219 Y111.948 E0.00005
G1 X98.046 Y111.848 E0.00005
G1 X97.873 Y111.748 E0.00005
G1 X97.7 Y111.648 E0.00005
G1 X97.711 Y111.657 E0
G1 F982.3 X97.701 Y111.654 E0
G1 F973.3 X97.69 Y111.651 E0
G1 F964.4 X97.68 Y111.647 E0
G1 F955.7 X97.669 Y111.644 E0
G1 F947.1 X97.659 Y111.641 E0
G1 F938.7 X97.649 Y111.637 E0
G1 F930.4 X97.638 Y111.634 E0
G1 F922.3 X97.628 Y111.631 E0
G1 F914.3 X97.62 Y111.629 E0
G1 F898.7 X97.609 Y111.626 E0
G1 F887.4 X97.599 Y111.624 E0
G1 F876.3 X97.588 Y111.621 E0
G1 F862 X97.577 Y111.618 E0
G1 F848.2 X97.567 Y111.617 E0
G1 F834.8 X97.556 Y111.615 E0
G1 F821.8 X97.545 Y111.614 E0
G1 F809.2 X97.534 Y111.612 E0
G1 F797 X97.523 Y111.611 E0
G1 F785.1 X97.512 Y111.609 E0
G1 F773.6 X97.501 Y111.608 E0
G1 F762.5 X97.487 Y111.607 E0
G1 F748.9 X97.475 Y111.606 E0
G1 F735.9 X97.463 Y111.605 E0
G1 F720.8 X97.449 Y111.604 E0.00001
G1 F706.4 X97.436 Y111.603 E0
G1 F692.5 X97.423 Y111.602 E0
G1 F690.2 X97.421 Y111.611 E0
G1 F699.3 X97.417 Y111.62 E0
G1 F708.7 X97.413 Y111.629 E0
G1 F718.4 X97.409 Y111.638 E0
G1 F728.3 X97.406 Y111.648 E0
G1 F738.5 X97.402 Y111.657 E0
G1 F748.9 X97.398 Y111.666 E0
G1 F759.7 X97.394 Y111.675 E0
G1 F770.8 X97.39 Y111.685 E0
G1 F779.3 X97.387 Y111.694 E0
G1 F791 X97.383 Y111.703 E0
G1 F803 X97.379 Y111.712 E0
G1 F815.4 X97.375 Y111.722 E0
G1 F828.2 X97.371 Y111.731 E0
G1 F841.4 X97.368 Y111.74 E0
G1 F855.1 X97.364 Y111.749 E0
G1 F869.1 X97.36 Y111.758 E0
G1 F883.7 X97.356 Y111.768 E0
G1 F898.7 X97.352 Y111.777 E0
G1 F910.3 X97.348 Y111.793 E0
G1 F918.3 X97.345 Y111.805 E0
G1 F930.4 X97.343 Y111.817 E0
G1 F938.7 X97.34 Y111.828 E0
G1 F951.4 X97.338 Y111.84 E0
G1 F960 X97.335 Y111.852 E0
G1 F973.3 X97.333 Y111.874 E0.00001
G1 F982.3 X97.331 Y111.896 E0.00001
G1 F991.5 X97.329 Y111.918 E0.00001
G1 F1000.9 X97.326 Y111.94 E0.00001
G1 F1005.7 X97.322 Y117.596 E0.00148
G1 X97.326 Y111.94 E0.00148
G1 F1000.9 X97.328 Y111.918 E0.00001
G1 F991.5 X97.33 Y111.896 E0.00001
G1 F982.3 X97.332 Y111.874 E0.00001
G1 F973.3 X97.335 Y111.852 E0.00001
G0 F24000 X97.35 Y111.782
G0 X97.398 Y111.664
G1 F60 E-0.001
G1 F18000 Z2.8
G0 F24000 X110.376 Y117.575 Z2.8
G1 F18000 Z0.8
G1 F60 E0.001
G1 F942.9 X110.319 Y117.58 E0.00002
G1 F951.4 X110.29 Y117.581 E0.00001
G1 X110.258 Y117.579 E0.00001
G1 F942.9 X110.226 Y117.577 E0.00001
G1 F926.3 X110.197 Y117.573 E0.00001
G1 F914.3 X110.187 Y117.571 E0
G1 F906.4 X110.176 Y117.568 E0
G1 F894.9 X110.166 Y117.566 E0
G1 F887.4 X110.155 Y117.563 E0
G1 F876.3 X110.144 Y117.561 E0
G1 F869.1 X110.134 Y117.558 E0
G1 F862 X110.123 Y117.556 E0
G1 F851.6 X110.112 Y117.553 E0
G1 F844.8 X110.102 Y117.551 E0
G1 F831.5 X110.094 Y117.548 E0
G1 F818.6 X110.082 Y117.544 E0
G1 F806.1 X110.071 Y117.54 E0
G1 F794 X110.059 Y117.536 E0
G1 F782.2 X110.049 Y117.532 E0
G1 F770.8 X110.039 Y117.528 E0
G1 F759.7 X110.029 Y117.524 E0
G1 F746.3 X110.019 Y117.52 E0
G1 F735.9 X110.009 Y117.515 E0
G1 F725.8 X109.998 Y117.511 E0
G1 X109.996 Y117.5 E0
G1 F738.5 X109.996 Y117.49 E0
G1 F751.6 X109.996 Y117.48 E0
G1 F765.2 X109.996 Y117.47 E0
G1 F779.3 X109.996 Y117.46 E0
G1 F797 X109.996 Y117.45 E0
G1 F812.3 X109.996 Y117.44 E0
G1 F828.2 X109.996 Y117.43 E0
G1 F844.8 X109.996 Y117.42 E0
G1 F862 X109.997 Y117.41 E0
G1 F876.3 X109.997 Y117.4 E0
G1 F891.1 X109.997 Y117.388 E0
G1 F906.4 X109.997 Y117.376 E0
G1 F922.3 X109.998 Y117.364 E0
G1 F938.7 X109.998 Y117.352 E0
G1 F951.4 X109.998 Y117.34 E0
G1 F964.4 X109.999 Y117.328 E0
G1 F977.8 X109.999 Y117.316 E0
G1 F991.5 X109.999 Y117.304 E0
G1 F1000.9 X110 Y117.103 E0.00005
G1 X110 Y116.904 E0.00005
G1 X110 Y116.705 E0.00005
G1 X110 Y116.506 E0.00005
G1 X110 Y116.307 E0.00005
G1 X110 Y116.108 E0.00005
G1 X110 Y115.909 E0.00005
G1 X110 Y115.71 E0.00005
G1 X110 Y115.511 E0.00005
G1 X110 Y115.312 E0.00005
G1 X110 Y115.113 E0.00005
G1 X110 Y114.914 E0.00005
G1 X110 Y114.715 E0.00005
G1 X110 Y114.516 E0.00005
G1 X110 Y114.317 E0.00005
G1 X110 Y114.118 E0.00005
G1 X110 Y113.919 E0.00005
G1 X109.999 Y113.72 E0.00005
G1 X109.999 Y113.521 E0.00005
G1 X109.999 Y113.322 E0.00005
G1 X109.999 Y113.123 E0.00005
G1 X109.999 Y112.924 E0.00005
G1 X109.999 Y112.725 E0.00005
G1 X109.999 Y112.526 E0.00005
G1 X109.999 Y112.327 E0.00005
G1 X109.999 Y112.128 E0.00005
G1 X109.999 Y111.929 E0.00005
G1 X109.999 Y111.73 E0.00005
G1 X109.999 Y111.531 E0.00005
G1 X109.999 Y111.332 E0.00005
G1 X109.999 Y111.133 E0.00005
G1 X109.999 Y110.934 E0.00005
G1 X109.999 Y110.735 E0.00005
G1 X109.999 Y110.536 E0.00005
G1 X109.999 Y110.337 E0.00005
G1 X109.998 Y110.521 E0.00005
G1 X109.998 Y110.72 E0.00005
G1 X109.998 Y110.919 E0.00005
G1 X109.998 Y111.118 E0.00005
G1 X109.998 Y111.317 E0.00005
G1 X109.998 Y111.516 E0.00005
G1 X109.998 Y111.715 E0.00005
G1 X109.998 Y111.914 E0.00005
G1 X109.998 Y112.113 E0.00005
G1 X109.998 Y112.312 E0.00005
G1 X109.998 Y112.511 E0.00005
G1 X109.998 Y112.71 E0.00005
G1 X109.998 Y112.909 E0.00005
G1 X109.998 Y113.108 E0.00005
G1 X109.998 Y113.307 E0.00005
G1 X109.998 Y113.506 E0.00005
G1 X109.998 Y113.705 E0.00005
G1 X109.999 Y113.904 E0.00005
G1 X109.999 Y114.103 E0.00005
G1 X109.999 Y114.302 E0.00005
G1 X109.999 Y114.501 E0.00005
G1 X109.999 Y114.7 E0.00005
G1 X109.999 Y114.899 E0.00005
G1 X109.999 Y115.098 E0.00005
G1 X109.999 Y115.297 E0.00005
G1 X109.999 Y115.496 E0.00005
G1 X109.999 Y115.695 E0.00005
G1 X109.999 Y115.894 E0.00005
G1 X109.999 Y116.093 E0.00005
G1 X109.999 Y116.292 E0.00005
G1 X109.999 Y116.491 E0.00005
G1 X109.999 Y116.69 E0.00005
G1 X109.999 Y116.889 E0.00005
G1 X109.999 Y117.088 E0.00005
G1 X109.999 Y117.287 E0.00005
G1 F991.5 X110 Y117.314 E0.00001
G1 F977.8 X110 Y117.326 E0
G1 F964.4 X109.999 Y117.338 E0
G1 F951.4 X109.999 Y117.35 E0
G1 F938.7 X109.999 Y117.362 E0
G1 F922.3 X109.998 Y117.376 E0
G1 F906.4 X109.998 Y117.388 E0
G1 F891.1 X109.997 Y117.4 E0
G1 F876.3 X109.997 Y117.41 E0
G1 F862 X109.997 Y117.42 E0
G1 F844.8 X109.997 Y117.43 E0
G1 F828.2 X109.997 Y117.44 E0
G1 F812.3 X109.997 Y117.45 E0
G1 F797 X109.997 Y117.46 E0
G1 F779.3 X109.997 Y117.47 E0
G1 F765.2 X109.997 Y117.48 E0
G1 F751.6 X109.997 Y117.49 E0
G1 F738.5 X109.997 Y117.5 E0
G1 F725.8 X109.996 Y117.51 E0
G1 F723.3 X109.989 Y117.513 E0
G1 F735.9 X109.98 Y117.517 E0
G1 F746.3 X109.97 Y117.522 E0
G1 F757 X109.96 Y117.526 E0
G1 F768 X109.95 Y117.531 E0
G1 F779.3 X109.94 Y117.535 E0
G1 F791 X109.932 Y117.537 E0
G1 F797 X109.922 Y117.54 E0
G1 F806.1 X109.913 Y117.543 E0
G1 F812.3 X109.903 Y117.545 E0
G1 F821.8 X109.893 Y117.548 E0
G1 F831.5 X109.884 Y117.551 E0
G1 F838.1 X109.874 Y117.553 E0
G1 F848.2 X109.864 Y117.556 E0
G1 F855.1 X109.855 Y117.559 E0
G1 F865.6 X109.845 Y117.562 E0
G1 F872.7 X109.835 Y117.564 E0
G1 F883.7 X109.826 Y117.567 E0
G1 F894.9 X109.816 Y117.57 E0
G1 F902.6 X109.807 Y117.572 E0
G1 F914.3 X109.797 Y117.575 E0
G1 F922.3 X109.787 Y117.578 E0
G1 F934.5 X109.755 Y117.581 E0.00001
G1 F942.9 X109.682 Y117.583 E0.00002
G1 F947.1 X109.65 Y117.582 E0.00001
G1 F951.4 X109.639 Y117.576 E0
G1 F964.4 X109.628 Y117.57 E0
G1 F977.8 X109.616 Y117.563 E0
G1 F991.5 X109.605 Y117.557 E0
G1 F1005.7 X109.593 Y117.55 E0
G1 X109.548 Y117.526 E0.00001
G1 F991.5 X109.511 Y117.511 E0.00001
G1 F982.3 X109.468 Y117.486 E0.00001
G1 X109.425 Y117.461 E0.00001
G1 X109.382 Y117.436 E0.00001
G1 X109.338 Y117.411 E0.00001
G1 X109.295 Y117.386 E0.00001
G1 X109.252 Y117.361 E0.00001
G1 X109.208 Y117.336 E0.00001
G1 X109.165 Y117.311 E0.00001
G1 X109.122 Y117.286 E0.00001
G1 X109.078 Y117.261 E0.00001
G1 X109.035 Y117.236 E0.00001
G1 X108.992 Y117.211 E0.00001
G1 X108.949 Y117.186 E0.00001
G1 X108.905 Y117.161 E0.00001
G1 X108.862 Y117.136 E0.00001
G1 X108.819 Y117.111 E0.00001
G1 X108.775 Y117.086 E0.00001
G1 X108.732 Y117.061 E0.00001
G1 X108.689 Y117.036 E0.00001
G1 X108.645 Y117.011 E0.00001
G1 X108.602 Y116.986 E0.00001
G1 X108.559 Y116.961 E0.00001
G1 X108.516 Y116.936 E0.00001
G1 X108.472 Y116.911 E0.00001
G1 X108.429 Y116.886 E0.00001
G1 X108.386 Y116.861 E0.00001
G1 X108.342 Y116.836 E0.00001
G1 X108.299 Y116.811 E0.00001
G1 X108.256 Y116.786 E0.00001
G1 X108.212 Y116.761 E0.00001
G1 X108.169 Y116.736 E0.00001
G1 X108.126 Y116.711 E0.00001
G1 X108.083 Y116.686 E0.00001
G1 X108.039 Y116.661 E0.00001
G1 X107.996 Y116.636 E0.00001
G1 F986.9 X107.953 Y116.611 E0.00001
G1 X107.909 Y116.586 E0.00001
G1 X107.866 Y116.561 E0.00001
G1 X107.823 Y116.536 E0.00001
G1 X107.779 Y116.511 E0.00001
G1 X107.736 Y116.486 E0.00001
G1 X107.693 Y116.461 E0.00001
G1 X107.65 Y116.436 E0.00001
G1 X107.606 Y116.411 E0.00001
G1 X107.563 Y116.386 E0.00001
G1 X107.52 Y116.361 E0.00001
G1 X107.476 Y116.336 E0.00001
G1 X107.433 Y116.311 E0.00001
G1 X107.39 Y116.286 E0.00001
G1 X107.346 Y116.261 E0.00001
G1 X107.303 Y116.236 E0.00001
G1 X107.26 Y116.211 E0.00001
G1 X107.216 Y116.186 E0.00001
G1 X107.173 Y116.161 E0.00001
G1 X107.13 Y116.136 E0.00001
G1 X107.087 Y116.111 E0.00001
G1 X107.043 Y116.086 E0.00001
G1 X107 Y116.061 E0.00001
G1 X106.957 Y116.036 E0.00001
G1 X106.913 Y116.011 E0.00001
G1 X106.87 Y115.986 E0.00001
G1 X106.827 Y115.961 E0.00001
G1 X106.783 Y115.936 E0.00001
G1 X106.74 Y115.911 E0.00001
G1 X106.697 Y115.886 E0.00001
G1 X106.654 Y115.861 E0.00001
G1 X106.61 Y115.836 E0.00001
G1 X106.567 Y115.811 E0.00001
G1 X106.524 Y115.786 E0.00001
G1 X106.48 Y115.761 E0.00001
G1 F991.5 X106.437 Y115.736 E0.00001
G1 X106.394 Y115.711 E0.00001
G1 X106.35 Y115.686 E0.00001
G1 X106.307 Y115.661 E0.00001
G1 X106.264 Y115.636 E0.00001
G1 X106.221 Y115.611 E0.00001
G1 X106.177 Y115.586 E0.00001
G1 X106.134 Y115.561 E0.00001
G1 X106.091 Y115.536 E0.00001
G1 X106.047 Y115.511 E0.00001
G1 X106.004 Y115.486 E0.00001
G1 X105.961 Y115.461 E0.00001
G1 X105.917 Y115.436 E0.00001
G1 X105.874 Y115.411 E0.00001
G1 X105.831 Y115.386 E0.00001
G1 X105.788 Y115.361 E0.00001
G1 X105.744 Y115.336 E0.00001
G1 X105.701 Y115.311 E0.00001
G1 X105.658 Y115.286 E0.00001
G1 X105.614 Y115.261 E0.00001
G1 X105.571 Y115.236 E0.00001
G1 X105.528 Y115.211 E0.00001
G1 X105.484 Y115.186 E0.00001
G1 X105.441 Y115.161 E0.00001
G1 X105.398 Y115.136 E0.00001
G1 X105.355 Y115.111 E0.00001
G1 X105.311 Y115.086 E0.00001
G1 X105.268 Y115.061 E0.00001
G1 X105.225 Y115.036 E0.00001
G1 X105.181 Y115.011 E0.00001
G1 X105.138 Y114.986 E0.00001
G1 X105.095 Y114.961 E0.00001
G1 X105.051 Y114.936 E0.00001
G1 X105.008 Y114.911 E0.00001
G1 F996.2 X104.965 Y114.886 E0.00001
G1 X104.921 Y114.861 E0.00001
G1 X104.878 Y114.836 E0.00001
G1 X104.835 Y114.811 E0.00001
G1 X104.792 Y114.786 E0.00001
G1 X104.748 Y114.761 E0.00001
G1 X104.705 Y114.736 E0.00001
G1 X104.662 Y114.711 E0.00001
G1 X104.618 Y114.686 E0.00001
G1 X104.575 Y114.661 E0.00001
G1 X104.532 Y114.636 E0.00001
G1 X104.488 Y114.611 E0.00001
G1 X104.445 Y114.586 E0.00001
G1 X104.402 Y114.561 E0.00001
G1 X104.359 Y114.536 E0.00001
G1 X104.315 Y114.511 E0.00001
G1 X104.272 Y114.486 E0.00001
G1 X104.229 Y114.461 E0.00001
G1 X104.185 Y114.436 E0.00001
G1 X104.142 Y114.411 E0.00001
G1 X104.099 Y114.386 E0.00001
G1 X104.055 Y114.361 E0.00001
G1 X104.012 Y114.336 E0.00001
G1 X103.969 Y114.311 E0.00001
G1 X103.926 Y114.286 E0.00001
G1 X103.882 Y114.261 E0.00001
G1 X103.839 Y114.236 E0.00001
G1 X103.796 Y114.211 E0.00001
G1 X103.752 Y114.186 E0.00001
G1 X103.709 Y114.161 E0.00001
G1 X103.666 Y114.136 E0.00001
G1 X103.622 Y114.111 E0.00001
G1 X103.579 Y114.086 E0.00001
G1 X103.536 Y114.061 E0.00001
G1 X103.493 Y114.036 E0.00001
G1 X103.574 Y114.083 E0.00002
G1 X103.617 Y114.108 E0.00001
G1 X103.66 Y114.133 E0.00001
G1 X103.704 Y114.158 E0.00001
G1 X103.747 Y114.183 E0.00001
G1 X103.79 Y114.208 E0.00001
G1 X103.834 Y114.233 E0.00001
G1 X103.877 Y114.258 E0.00001
G1 X103.92 Y114.283 E0.00001
G1 X103.964 Y114.308 E0.00001
G1 X104.007 Y114.333 E0.00001
G1 X104.05 Y114.358 E0.00001
G1 X104.093 Y114.383 E0.00001
G1 X104.137 Y114.408 E0.00001
G1 X104.18 Y114.433 E0.00001
G1 X104.223 Y114.458 E0.00001
G1 X104.267 Y114.483 E0.00001
G1 X104.31 Y114.508 E0.00001
G1 X104.353 Y114.533 E0.00001
G1 X104.397 Y114.558 E0.00001
G1 X104.44 Y114.583 E0.00001
G1 X104.483 Y114.608 E0.00001
G1 X104.526 Y114.633 E0.00001
G1 X104.57 Y114.658 E0.00001
G1 X104.613 Y114.683 E0.00001
G1 X104.656 Y114.708 E0.00001
G1 X104.7 Y114.733 E0.00001
G1 X104.743 Y114.758 E0.00001
G1 X104.786 Y114.783 E0.00001
G1 X104.83 Y114.808 E0.00001
G1 X104.873 Y114.833 E0.00001
G1 X104.916 Y114.858 E0.00001
G1 X104.959 Y114.883 E0.00001
G1 X105.003 Y114.908 E0.00001
G1 X105.046 Y114.933 E0.00001
G1 F991.5 X105.089 Y114.958 E0.00001
G1 X105.133 Y114.983 E0.00001
G1 X105.176 Y115.008 E0.00001
G1 X105.219 Y115.033 E0.00001
G1 X105.263 Y115.058 E0.00001
G1 X105.306 Y115.083 E0.00001
G1 X105.349 Y115.108 E0.00001
G1 X105.392 Y115.133 E0.00001
G1 X105.436 Y115.158 E0.00001
G1 X105.479 Y115.183 E0.00001
G1 X105.522 Y115.208 E0.00001
G1 X105.566 Y115.233 E0.00001
G1 X105.609 Y115.258 E0.00001
G1 X105.652 Y115.283 E0.00001
G1 X105.696 Y115.308 E0.00001
G1 X105.739 Y115.333 E0.00001
G1 X105.782 Y115.358 E0.00001
G1 X105.826 Y115.383 E0.00001
G1 X105.869 Y115.408 E0.00001
G1 X105.912 Y115.433 E0.00001
G1 X105.955 Y115.458 E0.00001
G1 X105.999 Y115.483 E0.00001
G1 X106.042 Y115.508 E0.00001
G1 X106.085 Y115.533 E0.00001
G1 X106.129 Y115.558 E0.00001
G1 X106.172 Y115.583 E0.00001
G1 X106.215 Y115.608 E0.00001
G1 X106.259 Y115.633 E0.00001
G1 X106.302 Y115.658 E0.00001
G1 X106.345 Y115.683 E0.00001
G1 X106.388 Y115.708 E0.00001
G1 X106.432 Y115.733 E0.00001
G1 X106.475 Y115.758 E0.00001
G1 X106.518 Y115.783 E0.00001
G1 F986.9 X106.562 Y115.808 E0.00001
G1 X106.605 Y115.833 E0.00001
G1 X106.648 Y115.858 E0.00001
G1 X106.692 Y115.883 E0.00001
G1 X106.735 Y115.908 E0.00001
G1 X106.778 Y115.933 E0.00001
G1 X106.821 Y115.958 E0.00001
G1 X106.865 Y115.983 E0.00001
G1 X106.908 Y116.008 E0.00001
G1 X106.951 Y116.033 E0.00001
G1 X106.995 Y116.058 E0.00001
G1 X107.038 Y116.083 E0.00001
G1 X107.081 Y116.108 E0.00001
G1 X107.125 Y116.133 E0.00001
G1 X107.168 Y116.158 E0.00001
G1 X107.211 Y116.183 E0.00001
G1 X107.254 Y116.208 E0.00001
G1 X107.298 Y116.233 E0.00001
G1 X107.341 Y116.258 E0.00001
G1 X107.384 Y116.283 E0.00001
G1 X107.428 Y116.308 E0.00001
G1 X107.471 Y116.333 E0.00001
G1 X107.514 Y116.358 E0.00001
G1 X107.558 Y116.383 E0.00001
G1 X107.601 Y116.408 E0.00001
G1 X107.644 Y116.433 E0.00001
G1 X107.687 Y116.458 E0.00001
G1 X107.731 Y116.483 E0.00001
G1 X107.774 Y116.508 E0.00001
G1 X107.817 Y116.533 E0.00001
G1 X107.861 Y116.558 E0.00001
G1 X107.904 Y116.583 E0.00001
G1 X107.947 Y116.608 E0.00001
G1 X107.991 Y116.633 E0.00001
G1 X108.034 Y116.658 E0.00001
G1 F982.3 X108.077 Y116.683 E0.00001
G1 X108.121 Y116.708 E0.00001
G1 X108.164 Y116.733 E0.00001
G1 X108.207 Y116.758 E0.00001
G1 X108.25 Y116.783 E0.00001
G1 X108.294 Y116.808 E0.00001
G1 X108.337 Y116.833 E0.00001
G1 X108.38 Y116.858 E0.00001
G1 X108.424 Y116.883 E0.00001
G1 X108.467 Y116.908 E0.00001
G1 X108.51 Y116.933 E0.00001
G1 X108.554 Y116.958 E0.00001
G1 X108.597 Y116.983 E0.00001
G1 X108.64 Y117.008 E0.00001
G1 X108.683 Y117.033 E0.00001
G1 X108.727 Y117.058 E0.00001
G1 X108.77 Y117.083 E0.00001
G1 X108.813 Y117.108 E0.00001
G1 X108.857 Y117.133 E0.00001
G1 X108.9 Y117.158 E0.00001
G1 X108.943 Y117.183 E0.00001
G1 X108.987 Y117.208 E0.00001
G1 X109.03 Y117.233 E0.00001
G1 X109.073 Y117.258 E0.00001
G1 X109.116 Y117.283 E0.00001
G1 X109.16 Y117.308 E0.00001
G1 X109.203 Y117.333 E0.00001
G1 X109.246 Y117.358 E0.00001
G1 X109.29 Y117.383 E0.00001
G1 X109.333 Y117.408 E0.00001
G1 X109.376 Y117.433 E0.00001
G1 X109.42 Y117.458 E0.00001
G1 X109.463 Y117.483 E0.00001
G1 X109.506 Y117.508 E0.00001
G1 X109.549 Y117.533 E0.00001
G1 F991.5 X109.548 Y117.526 E0
G1 F1005.7 X109.593 Y117.55 E0.00001
G1 X109.604 Y117.556 E0
G1 F991.5 X109.615 Y117.562 E0
G1 F977.8 X109.627 Y117.569 E0
G1 F964.4 X109.638 Y117.575 E0
G1 F951.4 X109.65 Y117.582 E0
G1 F942.9 X109.755 Y117.581 E0.00003
G1 F934.5 X109.781 Y117.58 E0.00001
G1 F922.3 X109.79 Y117.578 E0
G1 F914.3 X109.8 Y117.575 E0
G1 F902.6 X109.809 Y117.572 E0
G1 F894.9 X109.819 Y117.57 E0
G1 F883.7 X109.829 Y117.567 E0
G1 F872.7 X109.838 Y117.564 E0
G1 F865.6 X109.848 Y117.562 E0
G1 F855.1 X109.858 Y117.559 E0
G1 F848.2 X109.867 Y117.556 E0
G1 F838.1 X109.877 Y117.553 E0
G1 F831.5 X109.887 Y117.551 E0
G1 F821.8 X109.896 Y117.548 E0
G1 F812.3 X109.906 Y117.545 E0
G1 F806.1 X109.915 Y117.543 E0
G1 F797 X109.925 Y117.54 E0
G1 F791 X109.935 Y117.537 E0
G1 F779.3 X109.95 Y117.531 E0.00001
G1 F768 X109.96 Y117.526 E0
G1 F757 X109.97 Y117.522 E0
G1 F746.3 X109.98 Y117.517 E0
G1 F735.9 X109.99 Y117.513 E0
G1 F723.3 X109.996 Y117.51 E0
G1 F725.8 X110.006 Y117.514 E0
G1 F735.9 X110.016 Y117.518 E0
G1 F746.3 X110.026 Y117.522 E0
G1 F759.7 X110.036 Y117.526 E0
G1 F770.8 X110.046 Y117.531 E0
G1 F782.2 X110.057 Y117.535 E0
G1 F794 X110.07 Y117.539 E0
G1 F806.1 X110.082 Y117.543 E0
G1 F818.6 X110.093 Y117.547 E0
G1 F831.5 X110.105 Y117.551 E0
G1 F844.8 X110.115 Y117.553 E0
G1 F851.6 X110.126 Y117.556 E0
G1 F862 X110.136 Y117.558 E0
G1 F869.1 X110.147 Y117.561 E0
G1 F876.3 X110.158 Y117.563 E0
G1 F887.4 X110.168 Y117.566 E0
G1 F894.9 X110.179 Y117.568 E0
G1 F906.4 X110.19 Y117.571 E0
G1 F914.3 X110.2 Y117.573 E0
G1 F926.3 X110.226 Y117.577 E0.00001
G1 F942.9 X110.258 Y117.579 E0.00001
G1 F951.4 X110.29 Y117.581 E0.00001
G1 X110.319 Y117.58 E0.00001
G1 F942.9 X110.376 Y117.575 E0.00002
G1 X110.385 Y117.57 E0
G1 F955.7 X110.395 Y117.564 E0
G1 F968.8 X110.404 Y117.559 E0
G1 F977.8 X110.414 Y117.553 E0
G1 F991.5 X110.423 Y117.548 E0
G1 F1005.7 X110.433 Y117.542 E0
G1 F1010.5 X110.607 Y117.442 E0.00005
G1 X110.779 Y117.343 E0.00005
G1 X110.952 Y117.243 E0.00005
G1 X111.124 Y117.144 E0.00005
G1 X111.296 Y117.044 E0.00005
G1 X111.469 Y116.945 E0.00005
G1 X111.641 Y116.845 E0.00005
G1 X111.813 Y116.746 E0.00005
G1 X111.986 Y116.646 E0.00005
G1 X112.158 Y116.547 E0.00005
G1 X112.33 Y116.447 E0.00005
G1 X112.503 Y116.348 E0.00005
G1 X112.675 Y116.248 E0.00005
G1 X112.847 Y116.149 E0.00005
G1 X113.02 Y116.049 E0.00005
G1 X113.192 Y115.95 E0.00005
G1 X113.364 Y115.85 E0.00005
G1 X113.537 Y115.751 E0.00005
G1 X113.709 Y115.652 E0.00005
G1 X113.881 Y115.552 E0.00005
G1 X114.054 Y115.453 E0.00005
G1 X114.226 Y115.353 E0.00005
G1 X114.398 Y115.254 E0.00005
G1 X114.571 Y115.154 E0.00005
G1 X114.743 Y115.055 E0.00005
G1 X114.916 Y114.955 E0.00005
G1 X115.088 Y114.856 E0.00005
G1 X115.26 Y114.756 E0.00005
G1 X115.433 Y114.657 E0.00005
G1 X115.605 Y114.557 E0.00005
G1 X115.777 Y114.458 E0.00005
G1 X115.95 Y114.358 E0.00005
G1 X116.122 Y114.259 E0.00005
G1 X116.294 Y114.159 E0.00005
G1 X116.467 Y114.06 E0.00005
G1 X116.296 Y114.158 E0.00005
G1 X116.124 Y114.257 E0.00005
G1 X115.951 Y114.357 E0.00005
G1 X115.779 Y114.456 E0.00005
G1 X115.607 Y114.556 E0.00005
G1 X115.434 Y114.655 E0.00005
G1 X115.262 Y114.755 E0.00005
G1 X115.09 Y114.854 E0.00005
G1 X114.917 Y114.954 E0.00005
G1 X114.745 Y115.053 E0.00005
G1 X114.573 Y115.153 E0.00005
G1 X114.4 Y115.252 E0.00005
G1 X114.228 Y115.352 E0.00005
G1 X114.056 Y115.451 E0.00005
G1 X113.883 Y115.551 E0.00005
G1 X113.711 Y115.65 E0.00005
G1 X113.539 Y115.75 E0.00005
G1 X113.366 Y115.849 E0.00005
G1 X113.194 Y115.948 E0.00005
G1 X113.022 Y116.048 E0.00005
G1 X112.849 Y116.147 E0.00005
G1 X112.677 Y116.247 E0.00005
G1 X112.505 Y116.346 E0.00005
G1 X112.332 Y116.446 E0.00005
G1 X112.16 Y116.545 E0.00005
G1 X111.987 Y116.645 E0.00005
G1 X111.815 Y116.744 E0.00005
G1 X111.643 Y116.844 E0.00005
G1 X111.47 Y116.943 E0.00005
G1 X111.298 Y117.043 E0.00005
G1 X111.126 Y117.142 E0.00005
G1 X110.953 Y117.242 E0.00005
G1 X110.781 Y117.341 E0.00005
G1 X110.609 Y117.441 E0.00005
G1 X110.436 Y117.54 E0.00005
G1 X110.435 Y117.541 E0
G1 F1005.7 X110.426 Y117.546 E0
G1 F991.5 X110.416 Y117.552 E0
G1 F977.8 X110.407 Y117.557 E0
G1 F968.8 X110.397 Y117.563 E0
G1 F955.7 X110.388 Y117.568 E0
G1 F942.9 X110.378 Y117.574 E0
G0 F24000 X110.319 Y117.58
G0 X110.29 Y117.581
G0 X110.226 Y117.577
G0 X110.197 Y117.573
G0 X110.177 Y117.569
G1 F60 E-0.001
G1 F18000 Z2.8
G0 F24000 X111.254 Y103.884 Z2.8
G1 F18000 Z0.8
G1 F60 E0.001
G1 F1000.9 X111.339 Y103.933 E0.00003
G1 X111.425 Y103.983 E0.00003
G1 X111.511 Y104.032 E0.00003
G1 X111.596 Y104.082 E0.00003
G1 X111.682 Y104.131 E0.00003
G1 X111.768 Y104.181 E0.00003
G1 X111.854 Y104.23 E0.00003
G1 X111.939 Y104.28 E0.00003
G1 X112.025 Y104.329 E0.00003
G1 X112.111 Y104.379 E0.00003
G1 X112.197 Y104.428 E0.00003
G1 X112.282 Y104.478 E0.00003
G1 X112.368 Y104.527 E0.00003
G1 X112.454 Y104.577 E0.00003
G1 X112.54 Y104.626 E0.00003
G1 X112.625 Y104.676 E0.00003
G1 X112.711 Y104.725 E0.00003
G1 X112.797 Y104.775 E0.00003
G1 X112.882 Y104.824 E0.00003
G1 X112.968 Y104.874 E0.00003
G1 X113.054 Y104.923 E0.00003
G1 X113.14 Y104.973 E0.00003
G1 X113.225 Y105.022 E0.00003
G1 X113.311 Y105.072 E0.00003
G1 X113.397 Y105.121 E0.00003
G1 X113.483 Y105.171 E0.00003
G1 X113.568 Y105.22 E0.00003
G1 X113.654 Y105.27 E0.00003
G1 X113.74 Y105.319 E0.00003
G1 X113.826 Y105.369 E0.00003
G1 X113.911 Y105.418 E0.00003
G1 X113.997 Y105.468 E0.00003
G1 X114.083 Y105.517 E0.00003
G1 X114.168 Y105.567 E0.00003
G1 X114.254 Y105.616 E0.00003
G1 X114.34 Y105.666 E0.00003
G1 X114.426 Y105.715 E0.00003
G1 X114.511 Y105.765 E0.00003
G1 X114.597 Y105.814 E0.00003
G1 X114.683 Y105.864 E0.00003
G1 X114.769 Y105.913 E0.00003
G1 X114.854 Y105.963 E0.00003
G1 X114.94 Y106.012 E0.00003
G1 X115.026 Y106.062 E0.00003
G1 X115.112 Y106.111 E0.00003
G1 X115.197 Y106.161 E0.00003
G1 X115.283 Y106.21 E0.00003
G1 X115.369 Y106.26 E0.00003
G1 X115.454 Y106.309 E0.00003
G1 X115.54 Y106.359 E0.00003
G1 X115.626 Y106.408 E0.00003
G1 X115.712 Y106.458 E0.00003
G1 X115.797 Y106.507 E0.00003
G1 X115.883 Y106.557 E0.00003
G1 X115.969 Y106.606 E0.00003
G1 X116.055 Y106.656 E0.00003
G1 X116.14 Y106.705 E0.00003
G1 X116.226 Y106.755 E0.00003
G1 X116.312 Y106.804 E0.00003
G1 F1005.7 X116.398 Y106.854 E0.00003
G1 X116.483 Y106.903 E0.00003
G1 X116.569 Y106.953 E0.00003
G1 X116.655 Y107.002 E0.00003
G1 X116.74 Y107.052 E0.00003
G1 X116.826 Y107.101 E0.00003
G1 X116.912 Y107.151 E0.00003
G1 X116.998 Y107.2 E0.00003
G1 X117.083 Y107.25 E0.00003
G1 X117.169 Y107.299 E0.00003
G1 X117.255 Y107.349 E0.00003
G1 X117.341 Y107.398 E0.00003
G1 X117.426 Y107.448 E0.00003
G1 X117.512 Y107.497 E0.00003
G1 X117.598 Y107.547 E0.00003
G1 X117.684 Y107.596 E0.00003
G1 X117.769 Y107.646 E0.00003
G1 X117.855 Y107.695 E0.00003
G1 X117.941 Y107.745 E0.00003
G1 X118.026 Y107.794 E0.00003
G1 X118.112 Y107.844 E0.00003
G1 X118.198 Y107.893 E0.00003
G1 X118.284 Y107.943 E0.00003
G1 X118.369 Y107.992 E0.00003
G1 X118.455 Y108.042 E0.00003
G1 X118.541 Y108.091 E0.00003
G1 X118.627 Y108.141 E0.00003
G1 X118.712 Y108.19 E0.00003
G1 X118.798 Y108.24 E0.00003
G1 X118.884 Y108.289 E0.00003
G1 X118.97 Y108.339 E0.00003
G1 X119.055 Y108.388 E0.00003
G1 X119.141 Y108.438 E0.00003
G1 X119.227 Y108.487 E0.00003
G1 X119.312 Y108.537 E0.00003
G1 X119.398 Y108.586 E0.00003
G1 X119.484 Y108.636 E0.00003
G1 X119.57 Y108.685 E0.00003
G1 X119.655 Y108.735 E0.00003
G1 X119.741 Y108.784 E0.00003
G1 X119.827 Y108.834 E0.00003
G1 X119.913 Y108.883 E0.00003
G1 X119.998 Y108.933 E0.00003
G1 X120.084 Y108.982 E0.00003
G1 X120.17 Y109.032 E0.00003
G1 X120.256 Y109.081 E0.00003
G1 X120.341 Y109.131 E0.00003
G1 X120.427 Y109.18 E0.00003
G1 X120.513 Y109.23 E0.00003
G1 X120.598 Y109.279 E0.00003
G1 X120.684 Y109.329 E0.00003
G1 X120.77 Y109.378 E0.00003
G1 X120.856 Y109.428 E0.00003
G1 X120.941 Y109.477 E0.00003
G1 X121.027 Y109.527 E0.00003
G1 X121.113 Y109.576 E0.00003
G1 X121.199 Y109.626 E0.00003
G1 X121.284 Y109.675 E0.00003
G1 X121.37 Y109.725 E0.00003
G1 F1000.9 X121.436 Y109.765 E0.00002
G1 F991.5 X121.459 Y109.781 E0.00001
G1 F977.8 X121.482 Y109.798 E0.00001
G1 F964.4 X121.488 Y109.805 E0
G1 F951.4 X121.495 Y109.812 E0
G1 F938.7 X121.502 Y109.82 E0
G1 F926.3 X121.509 Y109.827 E0
G1 F914.3 X121.515 Y109.834 E0
G1 F902.6 X121.522 Y109.842 E0
G1 F891.1 X121.529 Y109.849 E0
G1 F880 X121.536 Y109.857 E0
G1 F872.7 X121.542 Y109.864 E0
G1 F862 X121.549 Y109.871 E0
G1 F851.6 X121.556 Y109.879 E0
G1 F841.4 X121.563 Y109.886 E0
G1 F831.5 X121.57 Y109.894 E0
G1 F821.8 X121.576 Y109.901 E0
G1 F812.3 X121.583 Y109.908 E0
G1 F803 X121.59 Y109.916 E0
G1 F791 X121.597 Y109.926 E0
G1 F776.5 X121.603 Y109.935 E0
G1 F762.5 X121.609 Y109.944 E0
G1 F746.3 X121.615 Y109.953 E0
G1 F733.3 X121.621 Y109.962 E0
G1 F720.8 X121.627 Y109.971 E0
G1 F708.7 X121.632 Y109.982 E0
G1 F697 X121.636 Y109.991 E0
G1 F685.7 X121.64 Y110.001 E0
G1 X121.636 Y110.011 E0
G1 F697 X121.631 Y110.021 E0
G1 F708.7 X121.626 Y110.031 E0
G1 F723.3 X121.621 Y110.041 E0
G1 F735.9 X121.616 Y110.05 E0
G1 F748.9 X121.611 Y110.06 E0
G1 F754.3 X121.612 Y110.058 E0
G1 F762.5 X121.605 Y110.069 E0
G1 F779.3 X121.597 Y110.08 E0
G1 F791 X121.591 Y110.087 E0
G1 F800 X121.584 Y110.094 E0
G1 F812.3 X121.577 Y110.102 E0
G1 F821.8 X121.57 Y110.109 E0
G1 F831.5 X121.563 Y110.116 E0
G1 F841.4 X121.557 Y110.124 E0
G1 F851.6 X121.55 Y110.131 E0
G1 F865.6 X121.543 Y110.138 E0
G1 F876.3 X121.536 Y110.146 E0
G1 F887.4 X121.529 Y110.153 E0
G1 F898.7 X121.523 Y110.16 E0
G1 F910.3 X121.516 Y110.168 E0
G1 F926.3 X121.509 Y110.175 E0
G1 F938.7 X121.502 Y110.183 E0
G1 F951.4 X121.478 Y110.203 E0.00001
G1 F968.8 X121.457 Y110.221 E0.00001
G1 F986.9 X121.432 Y110.239 E0.00001
G1 F1000.9 X121.346 Y110.288 E0.00003
G1 X121.259 Y110.338 E0.00003
G1 X121.173 Y110.388 E0.00003
G1 X121.086 Y110.438 E0.00003
G1 X120.999 Y110.488 E0.00003
G1 X120.913 Y110.538 E0.00003
G1 X120.826 Y110.588 E0.00003
G1 X120.74 Y110.638 E0.00003
G1 X120.653 Y110.688 E0.00003
G1 X120.566 Y110.738 E0.00003
G1 X120.48 Y110.788 E0.00003
G1 X120.393 Y110.838 E0.00003
G1 X120.307 Y110.888 E0.00003
G1 X120.22 Y110.938 E0.00003
G1 X120.133 Y110.988 E0.00003
G1 X120.047 Y111.038 E0.00003
G1 X119.96 Y111.088 E0.00003
G1 X119.874 Y111.138 E0.00003
G1 X119.787 Y111.188 E0.00003
G1 X119.7 Y111.238 E0.00003
G1 X119.614 Y111.288 E0.00003
G1 X119.527 Y111.338 E0.00003
G1 X119.441 Y111.388 E0.00003
G1 X119.354 Y111.438 E0.00003
G1 X119.267 Y111.488 E0.00003
G1 X119.181 Y111.538 E0.00003
G1 X119.094 Y111.588 E0.00003
G1 X119.007 Y111.638 E0.00003
G1 X118.921 Y111.688 E0.00003
G1 X118.834 Y111.738 E0.00003
G1 X118.748 Y111.788 E0.00003
G1 X118.661 Y111.838 E0.00003
G1 X118.574 Y111.888 E0.00003
G1 X118.488 Y111.938 E0.00003
G1 X118.401 Y111.988 E0.00003
G1 X118.315 Y112.038 E0.00003
G1 X118.228 Y112.088 E0.00003
G1 X118.141 Y112.138 E0.00003
G1 X118.055 Y112.188 E0.00003
G1 X117.968 Y112.238 E0.00003
G1 X117.882 Y112.288 E0.00003
G1 X117.795 Y112.338 E0.00003
G1 X117.708 Y112.388 E0.00003
G1 X117.622 Y112.438 E0.00003
G1 X117.535 Y112.488 E0.00003
G1 X117.449 Y112.538 E0.00003
G1 X117.362 Y112.588 E0.00003
G1 X117.275 Y112.638 E0.00003
G1 X117.189 Y112.688 E0.00003
G1 X117.102 Y112.738 E0.00003
G1 X117.016 Y112.788 E0.00003
G1 X116.929 Y112.838 E0.00003
G1 X116.842 Y112.888 E0.00003
G1 X116.756 Y112.938 E0.00003
G1 X116.669 Y112.988 E0.00003
G1 X116.582 Y113.038 E0.00003
G1 X116.496 Y113.088 E0.00003
G1 X116.409 Y113.138 E0.00003
G1 X116.323 Y113.188 E0.00003
G1 F1005.7 X116.236 Y113.238 E0.00003
G1 X116.149 Y113.288 E0.00003
G1 X116.063 Y113.338 E0.00003
G1 X115.976 Y113.388 E0.00003
G1 X115.89 Y113.438 E0.00003
G1 X115.803 Y113.488 E0.00003
G1 X115.716 Y113.538 E0.00003
G1 X115.63 Y113.588 E0.00003
G1 X115.543 Y113.638 E0.00003
G1 X115.457 Y113.688 E0.00003
G1 X115.37 Y113.738 E0.00003
G1 X115.283 Y113.788 E0.00003
G1 X115.197 Y113.838 E0.00003
G1 X115.11 Y113.888 E0.00003
G1 X115.024 Y113.938 E0.00003
G1 X114.937 Y113.988 E0.00003
G1 X114.85 Y114.038 E0.00003
G1 X114.764 Y114.088 E0.00003
G1 X114.677 Y114.138 E0.00003
G1 X114.59 Y114.187 E0.00003
G1 X114.504 Y114.237 E0.00003
G1 X114.417 Y114.287 E0.00003
G1 X114.331 Y114.337 E0.00003
G1 X114.244 Y114.387 E0.00003
G1 X114.157 Y114.437 E0.00003
G1 X114.071 Y114.487 E0.00003
G1 X113.984 Y114.537 E0.00003
G1 X113.898 Y114.587 E0.00003
G1 X113.811 Y114.637 E0.00003
G1 X113.724 Y114.687 E0.00003
G1 X113.638 Y114.737 E0.00003
G1 X113.551 Y114.787 E0.00003
G1 X113.465 Y114.837 E0.00003
G1 X113.378 Y114.887 E0.00003
G1 X113.291 Y114.937 E0.00003
G1 X113.205 Y114.987 E0.00003
G1 X113.118 Y115.037 E0.00003
G1 X113.032 Y115.087 E0.00003
G1 X112.945 Y115.137 E0.00003
G1 X112.858 Y115.187 E0.00003
G1 X112.772 Y115.237 E0.00003
G1 X112.685 Y115.287 E0.00003
G1 X112.599 Y115.337 E0.00003
G1 X112.512 Y115.387 E0.00003
G1 X112.425 Y115.437 E0.00003
G1 X112.339 Y115.487 E0.00003
G1 X112.252 Y115.537 E0.00003
G1 X112.165 Y115.587 E0.00003
G1 X112.079 Y115.637 E0.00003
G1 X111.992 Y115.687 E0.00003
G1 X111.906 Y115.737 E0.00003
G1 X111.819 Y115.787 E0.00003
G1 X111.732 Y115.837 E0.00003
G1 X111.646 Y115.887 E0.00003
G1 X111.559 Y115.937 E0.00003
G1 X111.473 Y115.987 E0.00003
G1 X111.386 Y116.037 E0.00003
G1 X111.299 Y116.087 E0.00003
G1 X111.213 Y116.137 E0.00003
G1 X111.244 Y116.117 E0.00001
G1 F996.2 X111.235 Y116.12 E0
G1 F986.9 X111.225 Y116.124 E0
G1 F977.8 X111.216 Y116.127 E0
G1 F968.8 X111.206 Y116.13 E0
G1 F960 X111.197 Y116.134 E0
G1 F951.4 X111.187 Y116.137 E0
G1 F942.9 X111.178 Y116.14 E0
G1 F934.5 X111.169 Y116.144 E0
G1 F926.3 X111.159 Y116.147 E0
G1 F918.3 X111.15 Y116.15 E0
G1 F910.3 X111.14 Y116.154 E0
G1 F902.6 X111.131 Y116.157 E0
G1 F894.9 X111.121 Y116.16 E0
G1 F887.4 X111.112 Y116.164 E0
G1 F880 X111.102 Y116.167 E0
G1 F872.7 X111.091 Y116.169 E0
G1 F858.5 X111.08 Y116.171 E0
G1 F844.8 X111.069 Y116.173 E0
G1 F831.5 X111.058 Y116.175 E0
G1 F821.8 X111.047 Y116.176 E0
G1 F809.2 X111.036 Y116.178 E0
G1 F797 X111.025 Y116.18 E0
G1 F785.1 X111.015 Y116.182 E0
G1 F773.6 X111.005 Y116.182 E0
G1 F762.5 X110.995 Y116.182 E0
G1 F751.6 X110.985 Y116.183 E0
G1 F738.5 X110.975 Y116.183 E0
G1 F728.3 X110.965 Y116.184 E0
G1 F718.4 X110.955 Y116.184 E0
G1 F706.4 X110.945 Y116.185 E0
G1 F697 X110.935 Y116.185 E0
G1 F687.9 X110.925 Y116.185 E0
G1 X110.92 Y116.177 E0
G1 F697 X110.916 Y116.168 E0
G1 F706.4 X110.912 Y116.159 E0
G1 F715.9 X110.908 Y116.15 E0
G1 F728.3 X110.903 Y116.141 E0
G1 F738.5 X110.899 Y116.132 E0
G1 F748.9 X110.895 Y116.123 E0
G1 F759.7 X110.891 Y116.114 E0
G1 F773.6 X110.886 Y116.105 E0
G1 F785.1 X110.882 Y116.096 E0
G1 F797 X110.878 Y116.087 E0
G1 F812.3 X110.874 Y116.078 E0
G1 F825 X110.869 Y116.069 E0
G1 F838.1 X110.865 Y116.06 E0
G1 F851.6 X110.861 Y116.051 E0
G1 F865.6 X110.856 Y116.035 E0.00001
G1 F876.3 X110.853 Y116.024 E0
G1 F887.4 X110.85 Y116.014 E0
G1 F894.9 X110.847 Y116.003 E0
G1 F906.4 X110.844 Y115.992 E0
G1 F918.3 X110.841 Y115.982 E0
G1 F930.4 X110.839 Y115.973 E0
G1 F938.7 X110.837 Y115.961 E0
G1 F947.1 X110.835 Y115.949 E0
G1 F955.7 X110.833 Y115.938 E0
G1 F964.4 X110.83 Y115.926 E0
G1 F973.3 X110.828 Y115.914 E0
G1 F982.3 X110.826 Y115.902 E0
G1 F991.5 X110.825 Y115.8 E0.00003
G1 X110.825 Y115.7 E0.00003
G1 X110.825 Y115.6 E0.00003
G1 X110.825 Y115.5 E0.00003
G1 X110.825 Y115.4 E0.00003
G1 X110.825 Y115.3 E0.00003
G1 X110.825 Y115.2 E0.00003
G1 X110.825 Y115.1 E0.00003
G1 X110.825 Y115 E0.00003
G1 X110.825 Y114.9 E0.00003
G1 X110.825 Y114.8 E0.00003
G1 X110.825 Y114.7 E0.00003
G1 X110.825 Y114.6 E0.00003
G1 X110.825 Y114.5 E0.00003
G1 X110.825 Y114.4 E0.00003
G1 X110.825 Y114.3 E0.00003
G1 X110.825 Y114.2 E0.00003
G1 X110.825 Y114.1 E0.00003
G1 X110.825 Y114 E0.00003
G1 X110.825 Y113.9 E0.00003
G1 X110.825 Y113.8 E0.00003
G1 X110.825 Y113.7 E0.00003
G1 X110.825 Y113.6 E0.00003
G1 X110.825 Y113.5 E0.00003
G1 X110.825 Y113.4 E0.00003
G1 X110.825 Y113.3 E0.00003
G1 X110.825 Y113.2 E0.00003
G1 X110.825 Y113.1 E0.00003
G1 X110.825 Y113 E0.00003
G1 X110.825 Y112.9 E0.00003
G1 X110.825 Y112.8 E0.00003
G1 X110.825 Y112.7 E0.00003
G1 X110.825 Y112.6 E0.00003
G1 X110.825 Y112.5 E0.00003
G1 X110.825 Y112.4 E0.00003
G1 X110.825 Y112.3 E0.00003
G1 X110.825 Y112.2 E0.00003
G1 X110.825 Y112.1 E0.00003
G1 X110.825 Y112 E0.00003
G1 X110.825 Y111.9 E0.00003
G1 X110.825 Y111.8 E0.00003
G1 X110.825 Y111.7 E0.00003
G1 X110.825 Y111.6 E0.00003
G1 X110.825 Y111.5 E0.00003
G1 X110.825 Y111.4 E0.00003
G1 X110.825 Y111.3 E0.00003
G1 X110.825 Y111.2 E0.00003
G1 X110.825 Y111.1 E0.00003
G1 X110.825 Y111 E0.00003
G1 X110.825 Y110.9 E0.00003
G1 X110.825 Y110.8 E0.00003
G1 X110.825 Y110.7 E0.00003
G1 X110.825 Y110.6 E0.00003
G1 X110.825 Y110.5 E0.00003
G1 X110.825 Y110.4 E0.00003
G1 X110.825 Y110.3 E0.00003
G1 X110.825 Y110.2 E0.00003
G1 X110.825 Y110.1 E0.00003
G1 X110.825 Y110 E0.00003
G1 F996.2 X110.825 Y109.9 E0.00003
G1 X110.825 Y109.8 E0.00003
G1 X110.825 Y109.7 E0.00003
G1 X110.825 Y109.6 E0.00003
G1 X110.825 Y109.5 E0.00003
G1 X110.825 Y109.4 E0.00003
G1 X110.825 Y109.3 E0.00003
G1 X110.825 Y109.2 E0.00003
G1 X110.825 Y109.1 E0.00003
G1 X110.825 Y109 E0.00003
G1 X110.825 Y108.9 E0.00003
G1 X110.825 Y108.8 E0.00003
G1 X110.825 Y108.7 E0.00003
G1 X110.825 Y108.6 E0.00003
G1 X110.825 Y108.5 E0.00003
G1 X110.825 Y108.4 E0.00003
G1 X110.825 Y108.3 E0.00003
G1 X110.825 Y108.2 E0.00003
G1 X110.825 Y108.1 E0.00003
G1 X110.825 Y108 E0.00003
G1 X110.825 Y107.9 E0.00003
G1 X110.825 Y107.8 E0.00003
G1 X110.825 Y107.7 E0.00003
G1 X110.825 Y107.6 E0.00003
G1 X110.825 Y107.5 E0.00003
G1 X110.825 Y107.4 E0.00003
G1 X110.825 Y107.3 E0.00003
G1 X110.825 Y107.2 E0.00003
G1 X110.825 Y107.1 E0.00003
G1 X110.825 Y107 E0.00003
G1 X110.825 Y106.9 E0.00003
G1 X110.825 Y106.8 E0.00003
G1 X110.825 Y106.7 E0.00003
G1 X110.825 Y106.6 E0.00003
G1 X110.825 Y106.5 E0.00003
G1 X110.825 Y106.4 E0.00003
G1 X110.825 Y106.3 E0.00003
G1 X110.825 Y106.2 E0.00003
G1 X110.825 Y106.1 E0.00003
G1 X110.825 Y106 E0.00003
G1 X110.825 Y105.9 E0.00003
G1 X110.825 Y105.8 E0.00003
G1 X110.825 Y105.7 E0.00003
G1 X110.825 Y105.6 E0.00003
G1 X110.825 Y105.5 E0.00003
G1 X110.825 Y105.4 E0.00003
G1 X110.825 Y105.3 E0.00003
G1 X110.825 Y105.2 E0.00003
G1 X110.825 Y105.1 E0.00003
G1 X110.825 Y105 E0.00003
G1 X110.825 Y104.9 E0.00003
G1 X110.825 Y104.8 E0.00003
G1 X110.825 Y104.7 E0.00003
G1 X110.825 Y104.6 E0.00003
G1 X110.825 Y104.5 E0.00003
G1 X110.825 Y104.4 E0.00003
G1 X110.825 Y104.3 E0.00003
G1 X110.825 Y104.2 E0.00003
G1 X110.824 Y104.1 E0.00003
G1 F991.5 X110.826 Y104.11 E0
G1 F982.3 X110.828 Y104.08 E0.00001
G1 F968.8 X110.832 Y104.051 E0.00001
G1 F951.4 X110.834 Y104.042 E0
G1 F942.9 X110.837 Y104.032 E0
G1 F930.4 X110.839 Y104.022 E0
G1 F922.3 X110.842 Y104.013 E0
G1 F914.3 X110.844 Y104.003 E0
G1 F902.6 X110.847 Y103.993 E0
G1 F894.9 X110.849 Y103.984 E0
G1 F883.7 X110.852 Y103.974 E0
G1 F876.3 X110.854 Y103.964 E0
G1 F869.1 X110.857 Y103.954 E0
G1 F855.1 X110.862 Y103.94 E0
G1 F838.1 X110.866 Y103.928 E0
G1 F821.8 X110.871 Y103.915 E0
G1 F806.1 X110.875 Y103.906 E0
G1 F794 X110.88 Y103.896 E0
G1 F779.3 X110.885 Y103.886 E0
G1 F768 X110.89 Y103.876 E0
G1 F754.3 X110.894 Y103.866 E0
G1 F743.7 X110.899 Y103.856 E0
G1 F730.8 X110.904 Y103.846 E0
G1 F720.8 X110.909 Y103.836 E0
G1 F708.7 X110.913 Y103.826 E0
G1 F699.3 X110.918 Y103.816 E0
G1 F685.7 X110.925 Y103.813 E0
G1 F683.5 X110.936 Y103.811 E0
G1 F697 X110.947 Y103.808 E0
G1 F708.7 X110.956 Y103.809 E0
G1 F718.4 X110.966 Y103.81 E0
G1 F728.3 X110.976 Y103.811 E0
G1 F738.5 X110.986 Y103.813 E0
G1 F748.9 X110.996 Y103.814 E0
G1 F759.7 X111.006 Y103.815 E0
G1 F770.8 X111.016 Y103.816 E0
G1 F782.2 X111.026 Y103.818 E0
G1 F794 X111.036 Y103.819 E0
G1 F806.1 X111.046 Y103.82 E0
G1 F818.6 X111.056 Y103.821 E0
G1 F831.5 X111.066 Y103.823 E0
G1 F844.8 X111.076 Y103.824 E0
G1 F858.5 X111.086 Y103.825 E0
G1 F872.7 X111.096 Y103.827 E0
G1 F883.7 X111.109 Y103.83 E0
G1 F898.7 X111.122 Y103.834 E0
G1 F910.3 X111.136 Y103.837 E0
G1 F926.3 X111.149 Y103.841 E0
G1 F938.7 X111.16 Y103.845 E0
G1 F947.1 X111.172 Y103.849 E0
G1 F955.7 X111.185 Y103.854 E0
G1 F964.4 X111.197 Y103.858 E0
G1 F973.3 X111.209 Y103.862 E0
G1 F982.3 X111.222 Y103.867 E0
G1 F991.5 X111.254 Y103.884 E0.00001
G0 F24000 X111.427 Y103.984
G0 X110.926 Y103.803
G1 F676.9 X110.918 Y103.798 E0
G1 F685.7 X110.917 Y103.819 E0.00001
G1 F699.3 X110.913 Y103.828 E0
G1 F708.7 X110.908 Y103.838 E0
G1 F720.8 X110.903 Y103.848 E0
G1 F730.8 X110.898 Y103.858 E0
G1 F743.7 X110.894 Y103.868 E0
G1 F754.3 X110.889 Y103.878 E0
G1 F768 X110.884 Y103.888 E0
G1 F779.3 X110.879 Y103.898 E0
G1 F794 X110.875 Y103.908 E0
G1 F806.1 X110.87 Y103.918 E0
G1 F821.8 X110.867 Y103.927 E0
G1 F838.1 X110.863 Y103.939 E0
G1 F855.1 X110.858 Y103.952 E0
G1 F869.1 X110.856 Y103.961 E0
G1 F876.3 X110.853 Y103.971 E0
G1 F883.7 X110.851 Y103.981 E0
G1 F894.9 X110.848 Y103.99 E0
G1 F902.6 X110.846 Y104 E0
G1 F914.3 X110.843 Y104.01 E0
G1 F922.3 X110.841 Y104.019 E0
G1 F930.4 X110.838 Y104.029 E0
G1 F942.9 X110.836 Y104.039 E0
G1 F951.4 X110.833 Y104.049 E0
G1 F968.8 X110.828 Y104.081 E0.00001
G1 F982.3 X110.826 Y104.111 E0.00001
G1 F991.5 X110.824 Y104.141 E0.00001
G1 F996.2 X110.824 Y104.24 E0.00003
G1 X110.824 Y104.34 E0.00003
G1 X110.824 Y104.44 E0.00003
G1 X110.824 Y104.54 E0.00003
G1 X110.824 Y104.64 E0.00003
G1 X110.824 Y104.74 E0.00003
G1 X110.824 Y104.84 E0.00003
G1 X110.824 Y104.94 E0.00003
G1 X110.824 Y105.04 E0.00003
G1 X110.824 Y105.14 E0.00003
G1 X110.824 Y105.24 E0.00003
G1 X110.824 Y105.34 E0.00003
G1 X110.824 Y105.44 E0.00003
G1 X110.824 Y105.54 E0.00003
G1 X110.824 Y105.64 E0.00003
G1 X110.824 Y105.74 E0.00003
G1 X110.824 Y105.84 E0.00003
G1 X110.824 Y105.94 E0.00003
G1 X110.824 Y106.04 E0.00003
G1 X110.824 Y106.14 E0.00003
G1 X110.824 Y106.24 E0.00003
G1 X110.824 Y106.34 E0.00003
G1 X110.824 Y106.44 E0.00003
G1 X110.824 Y106.54 E0.00003
G1 X110.824 Y106.64 E0.00003
G1 X110.824 Y106.74 E0.00003
G1 X110.824 Y106.84 E0.00003
G1 X110.824 Y106.94 E0.00003
G1 X110.824 Y107.04 E0.00003
G1 X110.824 Y107.14 E0.00003
G1 X110.824 Y107.24 E0.00003
G1 X110.824 Y107.34 E0.00003
G1 X110.824 Y107.44 E0.00003
G1 X110.824 Y107.54 E0.00003
G1 X110.824 Y107.64 E0.00003
G1 X110.824 Y107.74 E0.00003
G1 X110.824 Y107.84 E0.00003
G1 X110.824 Y107.94 E0.00003
G1 X110.824 Y108.04 E0.00003
G1 X110.824 Y108.14 E0.00003
G1 X110.824 Y108.24 E0.00003
G1 X110.824 Y108.34 E0.00003
G1 X110.824 Y108.44 E0.00003
G1 X110.824 Y108.54 E0.00003
G1 X110.824 Y108.64 E0.00003
G1 X110.824 Y108.74 E0.00003
G1 X110.824 Y108.84 E0.00003
G1 X110.824 Y108.94 E0.00003
G1 X110.824 Y109.04 E0.00003
G1 X110.824 Y109.14 E0.00003
G1 X110.824 Y109.24 E0.00003
G1 X110.824 Y109.34 E0.00003
G1 X110.824 Y109.44 E0.00003
G1 X110.824 Y109.54 E0.00003
G1 X110.824 Y109.64 E0.00003
G1 X110.824 Y109.74 E0.00003
G1 X110.824 Y109.84 E0.00003
G1 X110.824 Y109.94 E0.00003
G1 X110.824 Y110.04 E0.00003
G1 F991.5 X110.824 Y110.14 E0.00003
G1 X110.824 Y110.24 E0.00003
G1 X110.824 Y110.34 E0.00003
G1 X110.824 Y110.44 E0.00003
G1 X110.824 Y110.54 E0.00003
G1 X110.824 Y110.64 E0.00003
G1 X110.824 Y110.74 E0.00003
G1 X110.824 Y110.84 E0.00003
G1 X110.824 Y110.94 E0.00003
G1 X110.824 Y111.04 E0.00003
G1 X110.824 Y111.14 E0.00003
G1 X110.824 Y111.24 E0.00003
G1 X110.824 Y111.34 E0.00003
G1 X110.824 Y111.44 E0.00003
G1 X110.824 Y111.54 E0.00003
G1 X110.824 Y111.64 E0.00003
G1 X110.824 Y111.74 E0.00003
G1 X110.824 Y111.84 E0.00003
G1 X110.824 Y111.94 E0.00003
G1 X110.824 Y112.04 E0.00003
G1 X110.824 Y112.14 E0.00003
G1 X110.824 Y112.24 E0.00003
G1 X110.824 Y112.34 E0.00003
G1 X110.824 Y112.44 E0.00003
G1 X110.824 Y112.54 E0.00003
G1 X110.824 Y112.64 E0.00003
G1 X110.824 Y112.74 E0.00003
G1 X110.824 Y112.84 E0.00003
G1 X110.824 Y112.94 E0.00003
G1 X110.824 Y113.04 E0.00003
G1 X110.824 Y113.14 E0.00003
G1 X110.824 Y113.24 E0.00003
G1 X110.824 Y113.34 E0.00003
G1 X110.824 Y113.44 E0.00003
G1 X110.824 Y113.54 E0.00003
G1 X110.824 Y113.64 E0.00003
G1 X110.824 Y113.74 E0.00003
G1 X110.824 Y113.84 E0.00003
G1 X110.824 Y113.94 E0.00003
G1 X110.824 Y114.04 E0.00003
G1 X110.824 Y114.14 E0.00003
G1 X110.824 Y114.24 E0.00003
G1 X110.824 Y114.34 E0.00003
G1 X110.824 Y114.44 E0.00003
G1 X110.824 Y114.54 E0.00003
G1 X110.824 Y114.64 E0.00003
G1 X110.824 Y114.74 E0.00003
G1 X110.824 Y114.84 E0.00003
G1 X110.824 Y114.94 E0.00003
G1 X110.824 Y115.04 E0.00003
G1 X110.824 Y115.14 E0.00003
G1 X110.824 Y115.24 E0.00003
G1 X110.824 Y115.34 E0.00003
G1 X110.824 Y115.44 E0.00003
G1 X110.824 Y115.54 E0.00003
G1 X110.824 Y115.64 E0.00003
G1 X110.824 Y115.74 E0.00003
G1 X110.824 Y115.84 E0.00003
G1 X110.825 Y115.94 E0.00003
G1 F982.3 X110.827 Y115.911 E0.00001
G1 F973.3 X110.829 Y115.923 E0
G1 F964.4 X110.831 Y115.935 E0
G1 F955.7 X110.833 Y115.946 E0
G1 F947.1 X110.836 Y115.958 E0
G1 F938.7 X110.838 Y115.97 E0
G1 F930.4 X110.84 Y115.982 E0
G1 F918.3 X110.843 Y115.994 E0
G1 F906.4 X110.846 Y116.005 E0
G1 F894.9 X110.849 Y116.015 E0
G1 F887.4 X110.852 Y116.026 E0
G1 F876.3 X110.855 Y116.037 E0
G1 F865.6 X110.858 Y116.047 E0
G1 F851.6 X110.861 Y116.054 E0
G1 F838.1 X110.865 Y116.063 E0
G1 F825 X110.869 Y116.072 E0
G1 F812.3 X110.873 Y116.081 E0
G1 F797 X110.876 Y116.091 E0
G1 F785.1 X110.88 Y116.1 E0
G1 F773.6 X110.884 Y116.109 E0
G1 F759.7 X110.888 Y116.118 E0
G1 F748.9 X110.891 Y116.128 E0
G1 F738.5 X110.895 Y116.137 E0
G1 F728.3 X110.899 Y116.146 E0
G1 F715.9 X110.903 Y116.155 E0
G1 F706.4 X110.906 Y116.165 E0
G1 F697 X110.91 Y116.174 E0
G1 F687.9 X110.914 Y116.183 E0
G1 F681.3 X110.924 Y116.194 E0.00001
G1 F687.9 X110.933 Y116.193 E0
G1 F697 X110.943 Y116.192 E0
G1 F706.4 X110.953 Y116.191 E0
G1 F718.4 X110.963 Y116.189 E0
G1 F728.3 X110.973 Y116.188 E0
G1 F738.5 X110.983 Y116.187 E0
G1 F751.6 X110.993 Y116.185 E0
G1 F762.5 X111.003 Y116.184 E0
G1 F773.6 X111.013 Y116.183 E0
G1 F785.1 X111.025 Y116.181 E0
G1 F797 X111.036 Y116.179 E0
G1 F809.2 X111.047 Y116.177 E0
G1 F821.8 X111.058 Y116.175 E0
G1 F831.5 X111.069 Y116.174 E0
G1 F844.8 X111.08 Y116.172 E0
G1 F858.5 X111.091 Y116.17 E0
G1 F872.7 X111.101 Y116.168 E0
G1 F880 X111.11 Y116.165 E0
G1 F887.4 X111.119 Y116.162 E0
G1 F894.9 X111.129 Y116.158 E0
G1 F902.6 X111.138 Y116.155 E0
G1 F910.3 X111.148 Y116.152 E0
G1 F918.3 X111.157 Y116.148 E0
G1 F926.3 X111.167 Y116.145 E0
G1 F934.5 X111.176 Y116.142 E0
G1 F942.9 X111.185 Y116.138 E0
G1 F951.4 X111.195 Y116.135 E0
G1 F960 X111.204 Y116.132 E0
G1 F968.8 X111.214 Y116.128 E0
G1 F977.8 X111.223 Y116.125 E0
G1 F986.9 X111.233 Y116.122 E0
G1 F996.2 X111.242 Y116.118 E0
G1 F1005.7 X111.252 Y116.115 E0
G1 X111.339 Y116.065 E0.00003
G1 X111.426 Y116.015 E0.00003
G1 X111.512 Y115.965 E0.00003
G1 X111.599 Y115.915 E0.00003
G1 X111.686 Y115.865 E0.00003
G1 X111.772 Y115.815 E0.00003
G1 X111.859 Y115.765 E0.00003
G1 X111.945 Y115.715 E0.00003
G1 X112.032 Y115.665 E0.00003
G1 X112.119 Y115.615 E0.00003
G1 X112.205 Y115.565 E0.00003
G1 X112.292 Y115.515 E0.00003
G1 X112.378 Y115.465 E0.00003
G1 X112.465 Y115.415 E0.00003
G1 X112.552 Y115.365 E0.00003
G1 X112.638 Y115.315 E0.00003
G1 X112.725 Y115.265 E0.00003
G1 X112.811 Y115.215 E0.00003
G1 X112.898 Y115.165 E0.00003
G1 X112.985 Y115.115 E0.00003
G1 X113.071 Y115.065 E0.00003
G1 X113.158 Y115.015 E0.00003
G1 X113.244 Y114.965 E0.00003
G1 X113.331 Y114.915 E0.00003
G1 X113.418 Y114.865 E0.00003
G1 X113.504 Y114.815 E0.00003
G1 X113.591 Y114.765 E0.00003
G1 X113.678 Y114.715 E0.00003
G1 X113.764 Y114.665 E0.00003
G1 X113.851 Y114.615 E0.00003
G1 X113.937 Y114.565 E0.00003
G1 X114.024 Y114.515 E0.00003
G1 X114.111 Y114.465 E0.00003
G1 X114.197 Y114.415 E0.00003
G1 X114.284 Y114.365 E0.00003
G1 X114.37 Y114.315 E0.00003
G1 X114.457 Y114.265 E0.00003
G1 X114.544 Y114.215 E0.00003
G1 X114.63 Y114.165 E0.00003
G1 X114.717 Y114.115 E0.00003
G1 X114.803 Y114.065 E0.00003
G1 X114.89 Y114.015 E0.00003
G1 X114.977 Y113.965 E0.00003
G1 X115.063 Y113.915 E0.00003
G1 X115.15 Y113.865 E0.00003
G1 X115.236 Y113.815 E0.00003
G1 X115.323 Y113.765 E0.00003
G1 X115.41 Y113.715 E0.00003
G1 X115.496 Y113.665 E0.00003
G1 X115.583 Y113.615 E0.00003
G1 X115.669 Y113.565 E0.00003
G1 X115.756 Y113.515 E0.00003
G1 X115.843 Y113.465 E0.00003
G1 X115.929 Y113.415 E0.00003
G1 X116.016 Y113.365 E0.00003
G1 X116.103 Y113.315 E0.00003
G1 X116.189 Y113.265 E0.00003
G1 X116.276 Y113.215 E0.00003
G1 X116.362 Y113.165 E0.00003
G1 F1000.9 X116.449 Y113.115 E0.00003
G1 X116.536 Y113.065 E0.00003
G1 X116.622 Y113.015 E0.00003
G1 X116.709 Y112.965 E0.00003
G1 X116.795 Y112.915 E0.00003
G1 X116.882 Y112.865 E0.00003
G1 X116.969 Y112.815 E0.00003
G1 X117.055 Y112.765 E0.00003
G1 X117.142 Y112.715 E0.00003
G1 X117.228 Y112.665 E0.00003
G1 X117.315 Y112.615 E0.00003
G1 X117.402 Y112.565 E0.00003
G1 X117.488 Y112.515 E0.00003
G1 X117.575 Y112.465 E0.00003
G1 X117.661 Y112.415 E0.00003
G1 X117.748 Y112.365 E0.00003
G1 X117.835 Y112.315 E0.00003
G1 X117.921 Y112.265 E0.00003
G1 X118.008 Y112.215 E0.00003
G1 X118.095 Y112.166 E0.00003
G1 X118.181 Y112.116 E0.00003
G1 X118.268 Y112.066 E0.00003
G1 X118.354 Y112.016 E0.00003
G1 X118.441 Y111.966 E0.00003
G1 X118.528 Y111.916 E0.00003
G1 X118.614 Y111.866 E0.00003
G1 X118.701 Y111.816 E0.00003
G1 X118.787 Y111.766 E0.00003
G1 X118.874 Y111.716 E0.00003
G1 X118.961 Y111.666 E0.00003
G1 X119.047 Y111.616 E0.00003
G1 X119.134 Y111.566 E0.00003
G1 X119.22 Y111.516 E0.00003
G1 X119.307 Y111.466 E0.00003
G1 X119.394 Y111.416 E0.00003
G1 X119.48 Y111.366 E0.00003
G1 X119.567 Y111.316 E0.00003
G1 X119.653 Y111.266 E0.00003
G1 X119.74 Y111.216 E0.00003
G1 X119.827 Y111.166 E0.00003
G1 X119.913 Y111.116 E0.00003
G1 X120 Y111.066 E0.00003
G1 X120.086 Y111.016 E0.00003
G1 X120.173 Y110.966 E0.00003
G1 X120.26 Y110.916 E0.00003
G1 X120.346 Y110.866 E0.00003
G1 X120.433 Y110.816 E0.00003
G1 X120.52 Y110.766 E0.00003
G1 X120.606 Y110.716 E0.00003
G1 X120.693 Y110.666 E0.00003
G1 X120.779 Y110.616 E0.00003
G1 X120.866 Y110.566 E0.00003
G1 X120.953 Y110.516 E0.00003
G1 X121.039 Y110.466 E0.00003
G1 X121.126 Y110.416 E0.00003
G1 X121.212 Y110.366 E0.00003
G1 X121.299 Y110.316 E0.00003
G1 X121.386 Y110.266 E0.00003
G1 X121.472 Y110.216 E0.00003
G1 F986.9 X121.457 Y110.221 E0
G1 F968.8 X121.478 Y110.204 E0.00001
G1 F951.4 X121.499 Y110.186 E0.00001
G1 F938.7 X121.505 Y110.179 E0
G1 F926.3 X121.512 Y110.172 E0
G1 F910.3 X121.519 Y110.164 E0
G1 F898.7 X121.526 Y110.157 E0
G1 F887.4 X121.533 Y110.15 E0
G1 F876.3 X121.539 Y110.142 E0
G1 F865.6 X121.546 Y110.135 E0
G1 F851.6 X121.553 Y110.128 E0
G1 F841.4 X121.56 Y110.12 E0
G1 F831.5 X121.567 Y110.113 E0
G1 F821.8 X121.573 Y110.106 E0
G1 F812.3 X121.58 Y110.098 E0
G1 F800 X121.587 Y110.091 E0
G1 F791 X121.594 Y110.083 E0
G1 F779.3 X121.604 Y110.069 E0.00001
G1 F762.5 X121.612 Y110.058 E0
G1 F748.9 X121.618 Y110.05 E0
G1 F735.9 X121.624 Y110.041 E0
G1 F723.3 X121.631 Y110.032 E0
G1 F708.7 X121.637 Y110.023 E0
G1 F697 X121.644 Y110.014 E0
G1 F685.7 X121.65 Y110.005 E0
G1 F679.1 X121.659 Y110.002 E0
G1 X121.65 Y109.997 E0
G1 F685.7 X121.643 Y109.989 E0
G1 F697 X121.636 Y109.981 E0
G1 F708.7 X121.629 Y109.973 E0
G1 F720.8 X121.623 Y109.964 E0
G1 F733.3 X121.617 Y109.955 E0
G1 F746.3 X121.611 Y109.946 E0
G1 F762.5 X121.605 Y109.937 E0
G1 F776.5 X121.599 Y109.928 E0
G1 F791 X121.593 Y109.919 E0
G1 F803 X121.585 Y109.91 E0
G1 F812.3 X121.578 Y109.903 E0
G1 F821.8 X121.571 Y109.895 E0
G1 F831.5 X121.564 Y109.888 E0
G1 F841.4 X121.558 Y109.881 E0
G1 F851.6 X121.551 Y109.873 E0
G1 F862 X121.544 Y109.866 E0
G1 F872.7 X121.537 Y109.858 E0
G1 F880 X121.531 Y109.851 E0
G1 F891.1 X121.524 Y109.844 E0
G1 F902.6 X121.517 Y109.836 E0
G1 F914.3 X121.51 Y109.829 E0
G1 F926.3 X121.503 Y109.821 E0
G1 F938.7 X121.497 Y109.814 E0
G1 F951.4 X121.49 Y109.807 E0
G1 F964.4 X121.483 Y109.799 E0
G1 F977.8 X121.459 Y109.781 E0.00001
G1 F991.5 X121.436 Y109.766 E0.00001
G1 F1000.9 X121.413 Y109.75 E0.00001
G1 F1005.7 X121.328 Y109.701 E0.00003
G1 X121.242 Y109.651 E0.00003
G1 X121.156 Y109.602 E0.00003
G1 X121.071 Y109.552 E0.00003
G1 X120.985 Y109.503 E0.00003
G1 X120.899 Y109.453 E0.00003
G1 X120.813 Y109.404 E0.00003
G1 X120.728 Y109.354 E0.00003
G1 X120.642 Y109.305 E0.00003
G1 X120.556 Y109.255 E0.00003
G1 X120.47 Y109.206 E0.00003
G1 X120.385 Y109.156 E0.00003
G1 X120.299 Y109.107 E0.00003
G1 X120.213 Y109.057 E0.00003
G1 X120.127 Y109.008 E0.00003
G1 X120.042 Y108.958 E0.00003
G1 X119.956 Y108.909 E0.00003
G1 X119.87 Y108.859 E0.00003
G1 X119.785 Y108.81 E0.00003
G1 X119.699 Y108.76 E0.00003
G1 X119.613 Y108.711 E0.00003
G1 X119.527 Y108.661 E0.00003
G1 X119.442 Y108.612 E0.00003
G1 X119.356 Y108.562 E0.00003
G1 X119.27 Y108.513 E0.00003
G1 X119.184 Y108.463 E0.00003
G1 X119.099 Y108.414 E0.00003
G1 X119.013 Y108.364 E0.00003
G1 X118.927 Y108.315 E0.00003
G1 X118.841 Y108.265 E0.00003
G1 X118.756 Y108.216 E0.00003
G1 X118.67 Y108.166 E0.00003
G1 X118.584 Y108.117 E0.00003
G1 X118.499 Y108.067 E0.00003
G1 X118.413 Y108.018 E0.00003
G1 X118.327 Y107.968 E0.00003
G1 X118.241 Y107.919 E0.00003
G1 X118.156 Y107.869 E0.00003
G1 X118.07 Y107.82 E0.00003
G1 X117.984 Y107.77 E0.00003
G1 X117.898 Y107.721 E0.00003
G1 X117.813 Y107.671 E0.00003
G1 X117.727 Y107.622 E0.00003
G1 X117.641 Y107.572 E0.00003
G1 X117.555 Y107.523 E0.00003
G1 X117.47 Y107.473 E0.00003
G1 X117.384 Y107.424 E0.00003
G1 X117.298 Y107.374 E0.00003
G1 X117.213 Y107.325 E0.00003
G1 X117.127 Y107.275 E0.00003
G1 X117.041 Y107.226 E0.00003
G1 X116.955 Y107.176 E0.00003
G1 X116.87 Y107.127 E0.00003
G1 X116.784 Y107.077 E0.00003
G1 X116.698 Y107.028 E0.00003
G1 X116.612 Y106.978 E0.00003
G1 X116.527 Y106.929 E0.00003
G1 X116.441 Y106.879 E0.00003
G1 X116.355 Y106.83 E0.00003
G1 F1000.9 X116.269 Y106.78 E0.00003
G1 X116.184 Y106.731 E0.00003
G1 X116.098 Y106.681 E0.00003
G1 X116.012 Y106.632 E0.00003
G1 X115.927 Y106.582 E0.00003
G1 X115.841 Y106.533 E0.00003
G1 X115.755 Y106.483 E0.00003
G1 X115.669 Y106.434 E0.00003
G1 X115.584 Y106.384 E0.00003
G1 X115.498 Y106.335 E0.00003
G1 X115.412 Y106.285 E0.00003
G1 X115.326 Y106.236 E0.00003
G1 X115.241 Y106.186 E0.00003
G1 X115.155 Y106.137 E0.00003
G1 X115.069 Y106.087 E0.00003
G1 X114.983 Y106.038 E0.00003
G1 X114.898 Y105.988 E0.00003
G1 X114.812 Y105.939 E0.00003
G1 X114.726 Y105.889 E0.00003
G1 X114.641 Y105.84 E0.00003
G1 X114.555 Y105.79 E0.00003
G1 X114.469 Y105.741 E0.00003
G1 X114.383 Y105.691 E0.00003
G1 X114.298 Y105.642 E0.00003
G1 X114.212 Y105.592 E0.00003
G1 X114.126 Y105.543 E0.00003
G1 X114.04 Y105.493 E0.00003
G1 X113.955 Y105.444 E0.00003
G1 X113.869 Y105.394 E0.00003
G1 X113.783 Y105.345 E0.00003
G1 X113.697 Y105.295 E0.00003
G1 X113.612 Y105.246 E0.00003
G1 X113.526 Y105.196 E0.00003
G1 X113.44 Y105.147 E0.00003
G1 X113.355 Y105.097 E0.00003
G1 X113.269 Y105.048 E0.00003
G1 X113.183 Y104.998 E0.00003
G1 X113.097 Y104.949 E0.00003
G1 X113.012 Y104.899 E0.00003
G1 X112.926 Y104.85 E0.00003
G1 X112.84 Y104.8 E0.00003
G1 X112.754 Y104.751 E0.00003
G1 X112.669 Y104.701 E0.00003
G1 X112.583 Y104.652 E0.00003
G1 X112.497 Y104.602 E0.00003
G1 X112.411 Y104.553 E0.00003
G1 X112.326 Y104.503 E0.00003
G1 X112.24 Y104.454 E0.00003
G1 X112.154 Y104.404 E0.00003
G1 X112.069 Y104.355 E0.00003
G1 X111.983 Y104.305 E0.00003
G1 X111.897 Y104.256 E0.00003
G1 X111.811 Y104.206 E0.00003
G1 X111.726 Y104.157 E0.00003
G1 X111.64 Y104.107 E0.00003
G1 X111.554 Y104.058 E0.00003
G1 X111.468 Y104.008 E0.00003
G1 X111.383 Y103.959 E0.00003
G1 X111.297 Y103.909 E0.00003
G1 F991.5 X111.222 Y103.867 E0.00002
G1 F982.3 X111.21 Y103.863 E0
G1 F973.3 X111.198 Y103.859 E0
G1 F964.4 X111.185 Y103.854 E0
G1 F955.7 X111.173 Y103.85 E0
G1 F947.1 X111.161 Y103.846 E0
G1 F938.7 X111.148 Y103.841 E0
G1 F926.3 X111.135 Y103.838 E0
G1 F910.3 X111.122 Y103.834 E0
G1 F898.7 X111.108 Y103.831 E0
G1 F883.7 X111.095 Y103.827 E0
G1 F872.7 X111.087 Y103.826 E0
G1 F858.5 X111.077 Y103.825 E0
G1 F844.8 X111.067 Y103.824 E0
G1 F831.5 X111.057 Y103.822 E0
G1 F818.6 X111.047 Y103.821 E0
G1 F806.1 X111.037 Y103.82 E0
G1 F794 X111.027 Y103.819 E0
G1 F782.2 X111.017 Y103.817 E0
G1 F770.8 X111.007 Y103.816 E0
G1 F759.7 X110.997 Y103.815 E0
G1 F748.9 X110.987 Y103.814 E0
G1 F738.5 X110.977 Y103.812 E0
G1 F728.3 X110.967 Y103.811 E0
G1 F718.4 X110.957 Y103.81 E0
G1 F708.7 X110.947 Y103.808 E0
G1 F697 X110.937 Y103.806 E0
G1 F683.5 X110.926 Y103.803 E0
G0 F24000 X110.918 Y103.798
G0 X110.917 Y103.819
G0 X110.871 Y103.915
G0 X110.858 Y103.952
G0 X110.852 Y103.976
G1 F60 E-0.001
G1 F18000 Z2.8
G0 F24000 X109.55 Y102.461 Z2.8
G1 F18000 Z0.8
G1 F60 E0.001
G1 F996.2 X109.563 Y102.454 E0
G1 F986.9 X109.576 Y102.447 E0
G1 F973.3 X109.589 Y102.44 E0
G1 F960 X109.602 Y102.432 E0
G1 F951.4 X109.615 Y102.425 E0
G1 F947.1 X109.66 Y102.417 E0.00001
G1 F951.4 X109.698 Y102.415 E0.00001
G1 F955.7 X109.714 Y102.416 E0
G1 F947.1 X109.73 Y102.418 E0
G1 F938.7 X109.746 Y102.419 E0
G1 F930.4 X109.762 Y102.421 E0
G1 F922.3 X109.778 Y102.422 E0
G1 F914.3 X109.794 Y102.424 E0
G1 F906.4 X109.804 Y102.426 E0
G1 F898.7 X109.816 Y102.429 E0
G1 F891.1 X109.828 Y102.431 E0
G1 F880 X109.839 Y102.434 E0
G1 F872.7 X109.851 Y102.436 E0
G1 F865.6 X109.863 Y102.439 E0
G1 F855.1 X109.872 Y102.442 E0
G1 F841.4 X109.881 Y102.445 E0
G1 F831.5 X109.891 Y102.448 E0
G1 F821.8 X109.9 Y102.452 E0
G1 F809.2 X109.91 Y102.455 E0
G1 F800 X109.919 Y102.458 E0
G1 F791 X109.929 Y102.462 E0
G1 F779.3 X109.938 Y102.465 E0
G1 F770.8 X109.947 Y102.468 E0
G1 F762.5 X109.957 Y102.471 E0
G1 F751.6 X109.966 Y102.475 E0
G1 F743.7 X109.976 Y102.478 E0
G1 F735.9 X109.985 Y102.481 E0
G1 F725.8 X109.995 Y102.485 E0
G1 F728.3 X109.998 Y102.497 E0
G1 F743.7 X109.998 Y102.508 E0
G1 F757 X109.998 Y102.519 E0
G1 F773.6 X109.998 Y102.53 E0
G1 F791 X109.998 Y102.541 E0
G1 F806.1 X109.998 Y102.552 E0
G1 F825 X109.997 Y102.563 E0
G1 F838.1 X109.997 Y102.571 E0
G1 F851.6 X109.997 Y102.582 E0
G1 F865.6 X109.997 Y102.593 E0
G1 F883.7 X109.997 Y102.604 E0
G1 F898.7 X109.997 Y102.615 E0
G1 F918.3 X109.996 Y102.629 E0
G1 F934.5 X109.996 Y102.642 E0
G1 F951.4 X109.996 Y102.655 E0
G1 F964.4 X109.996 Y102.669 E0
G1 F973.3 X109.997 Y102.683 E0
G1 F986.9 X109.997 Y102.697 E0
G1 F1000.9 X109.997 Y102.711 E0
G1 F1005.7 X109.998 Y109.674 E0.00182
G1 X109.998 Y102.712 E0.00182
G1 F1000.9 X109.998 Y102.698 E0
G1 F986.9 X109.998 Y102.684 E0
G1 F973.3 X109.997 Y102.67 E0
G1 F964.4 X109.997 Y102.656 E0
G1 F951.4 X109.997 Y102.642 E0
G1 F934.5 X109.996 Y102.628 E0
G1 F918.3 X109.996 Y102.615 E0
G1 F898.7 X109.996 Y102.605 E0
G1 F883.7 X109.996 Y102.594 E0
G1 F865.6 X109.996 Y102.583 E0
G1 F851.6 X109.996 Y102.572 E0
G1 F838.1 X109.997 Y102.563 E0
G1 F825 X109.997 Y102.552 E0
G1 F806.1 X109.997 Y102.541 E0
G1 F791 X109.997 Y102.53 E0
G1 F773.6 X109.997 Y102.519 E0
G1 F757 X109.997 Y102.508 E0
G1 F743.7 X109.997 Y102.497 E0
G1 F728.3 X109.998 Y102.486 E0
G1 X110.009 Y102.481 E0
G1 F738.5 X110.02 Y102.476 E0
G1 F751.6 X110.031 Y102.471 E0
G1 F765.2 X110.042 Y102.467 E0
G1 F779.3 X110.053 Y102.462 E0
G1 F794 X110.064 Y102.458 E0
G1 F806.1 X110.075 Y102.454 E0
G1 F815.4 X110.086 Y102.451 E0
G1 F821.8 X110.096 Y102.448 E0
G1 F831.5 X110.107 Y102.445 E0
G1 F841.4 X110.117 Y102.442 E0
G1 F851.6 X110.128 Y102.439 E0
G1 F858.5 X110.138 Y102.436 E0
G1 F869.1 X110.149 Y102.433 E0
G1 F880 X110.16 Y102.43 E0
G1 F891.1 X110.17 Y102.427 E0
G1 F898.7 X110.181 Y102.424 E0
G1 F910.3 X110.191 Y102.421 E0
G1 F922.3 X110.218 Y102.418 E0.00001
G1 F934.5 X110.264 Y102.416 E0.00001
G1 F942.9 X110.31 Y102.414 E0.00001
G1 F938.7 X110.337 Y102.415 E0.00001
G1 F930.4 X110.364 Y102.417 E0.00001
G1 X110.37 Y102.42 E0
G1 F942.9 X110.388 Y102.428 E0.00001
G1 F960 X110.407 Y102.437 E0.00001
G1 F977.8 X110.448 Y102.457 E0.00001
G1 F991.5 X110.491 Y102.482 E0.00001
G1 X110.534 Y102.507 E0.00001
G1 X110.577 Y102.532 E0.00001
G1 X110.621 Y102.557 E0.00001
G1 X110.664 Y102.582 E0.00001
G1 X110.707 Y102.607 E0.00001
G1 X110.75 Y102.632 E0.00001
G1 X110.794 Y102.657 E0.00001
G1 X110.837 Y102.682 E0.00001
G1 X110.88 Y102.707 E0.00001
G1 X110.924 Y102.732 E0.00001
G1 X110.967 Y102.757 E0.00001
G1 X111.01 Y102.782 E0.00001
G1 X111.053 Y102.807 E0.00001
G1 X111.097 Y102.832 E0.00001
G1 X111.14 Y102.857 E0.00001
G1 X111.183 Y102.882 E0.00001
G1 X111.227 Y102.907 E0.00001
G1 X111.27 Y102.932 E0.00001
G1 X111.313 Y102.957 E0.00001
G1 X111.356 Y102.982 E0.00001
G1 X111.4 Y103.007 E0.00001
G1 X111.443 Y103.032 E0.00001
G1 X111.486 Y103.057 E0.00001
G1 X111.529 Y103.082 E0.00001
G1 X111.573 Y103.108 E0.00001
G1 X111.616 Y103.133 E0.00001
G1 X111.659 Y103.158 E0.00001
G1 X111.703 Y103.183 E0.00001
G1 X111.746 Y103.208 E0.00001
G1 X111.789 Y103.233 E0.00001
G1 X111.832 Y103.258 E0.00001
G1 X111.876 Y103.283 E0.00001
G1 X111.919 Y103.308 E0.00001
G1 X111.962 Y103.333 E0.00001
G1 F996.2 X112.006 Y103.358 E0.00001
G1 X112.049 Y103.383 E0.00001
G1 X112.092 Y103.408 E0.00001
G1 X112.135 Y103.433 E0.00001
G1 X112.179 Y103.458 E0.00001
G1 X112.222 Y103.483 E0.00001
G1 X112.265 Y103.508 E0.00001
G1 X112.308 Y103.533 E0.00001
G1 X112.352 Y103.558 E0.00001
G1 X112.395 Y103.583 E0.00001
G1 X112.438 Y103.608 E0.00001
G1 X112.482 Y103.633 E0.00001
G1 X112.525 Y103.658 E0.00001
G1 X112.568 Y103.683 E0.00001
G1 X112.611 Y103.708 E0.00001
G1 X112.655 Y103.734 E0.00001
G1 X112.698 Y103.759 E0.00001
G1 X112.741 Y103.784 E0.00001
G1 X112.785 Y103.809 E0.00001
G1 X112.828 Y103.834 E0.00001
G1 X112.871 Y103.859 E0.00001
G1 X112.914 Y103.884 E0.00001
G1 X112.958 Y103.909 E0.00001
G1 X113.001 Y103.934 E0.00001
G1 X113.044 Y103.959 E0.00001
G1 X113.087 Y103.984 E0.00001
G1 X113.131 Y104.009 E0.00001
G1 X113.174 Y104.034 E0.00001
G1 X113.217 Y104.059 E0.00001
G1 X113.261 Y104.084 E0.00001
G1 X113.304 Y104.109 E0.00001
G1 X113.347 Y104.134 E0.00001
G1 X113.39 Y104.159 E0.00001
G1 X113.434 Y104.184 E0.00001
G1 X113.477 Y104.209 E0.00001
G1 F1000.9 X113.52 Y104.234 E0.00001
G1 X113.564 Y104.259 E0.00001
G1 X113.607 Y104.284 E0.00001
G1 X113.65 Y104.309 E0.00001
G1 X113.693 Y104.334 E0.00001
G1 X113.737 Y104.36 E0.00001
G1 X113.78 Y104.385 E0.00001
G1 X113.823 Y104.41 E0.00001
G1 X113.866 Y104.435 E0.00001
G1 X113.91 Y104.46 E0.00001
G1 X113.953 Y104.485 E0.00001
G1 X113.996 Y104.51 E0.00001
G1 X114.04 Y104.535 E0.00001
G1 X114.083 Y104.56 E0.00001
G1 X114.126 Y104.585 E0.00001
G1 X114.169 Y104.61 E0.00001
G1 X114.213 Y104.635 E0.00001
G1 X114.256 Y104.66 E0.00001
G1 X114.299 Y104.685 E0.00001
G1 X114.343 Y104.71 E0.00001
G1 X114.386 Y104.735 E0.00001
G1 X114.429 Y104.76 E0.00001
G1 X114.472 Y104.785 E0.00001
G1 X114.516 Y104.81 E0.00001
G1 X114.559 Y104.835 E0.00001
G1 X114.602 Y104.86 E0.00001
G1 X114.645 Y104.885 E0.00001
G1 X114.689 Y104.91 E0.00001
G1 X114.732 Y104.935 E0.00001
G1 X114.775 Y104.96 E0.00001
G1 X114.819 Y104.985 E0.00001
G1 X114.862 Y105.011 E0.00001
G1 X114.905 Y105.036 E0.00001
G1 X114.948 Y105.061 E0.00001
G1 X114.992 Y105.086 E0.00001
G1 F1005.7 X115.035 Y105.111 E0.00001
G1 X115.078 Y105.136 E0.00001
G1 X115.122 Y105.161 E0.00001
G1 X115.165 Y105.186 E0.00001
G1 X115.208 Y105.211 E0.00001
G1 X115.251 Y105.236 E0.00001
G1 X115.295 Y105.261 E0.00001
G1 X115.338 Y105.286 E0.00001
G1 X115.381 Y105.311 E0.00001
G1 X115.424 Y105.336 E0.00001
G1 X115.468 Y105.361 E0.00001
G1 X115.511 Y105.386 E0.00001
G1 X115.554 Y105.411 E0.00001
G1 X115.598 Y105.436 E0.00001
G1 X115.641 Y105.461 E0.00001
G1 X115.684 Y105.486 E0.00001
G1 X115.727 Y105.511 E0.00001
G1 X115.771 Y105.536 E0.00001
G1 X115.814 Y105.561 E0.00001
G1 X115.857 Y105.586 E0.00001
G1 X115.901 Y105.611 E0.00001
G1 X115.944 Y105.637 E0.00001
G1 X115.987 Y105.662 E0.00001
G1 X116.03 Y105.687 E0.00001
G1 X116.074 Y105.712 E0.00001
G1 X116.117 Y105.737 E0.00001
G1 X116.16 Y105.762 E0.00001
G1 X116.204 Y105.787 E0.00001
G1 X116.247 Y105.812 E0.00001
G1 X116.29 Y105.837 E0.00001
G1 X116.333 Y105.862 E0.00001
G1 X116.377 Y105.887 E0.00001
G1 X116.42 Y105.912 E0.00001
G1 X116.463 Y105.937 E0.00001
G1 X116.506 Y105.962 E0.00001
G1 X116.425 Y105.915 E0.00002
G1 X116.382 Y105.89 E0.00001
G1 X116.339 Y105.865 E0.00001
G1 X116.295 Y105.84 E0.00001
G1 X116.252 Y105.815 E0.00001
G1 X116.209 Y105.79 E0.00001
G1 X116.166 Y105.765 E0.00001
G1 X116.122 Y105.74 E0.00001
G1 X116.079 Y105.715 E0.00001
G1 X116.036 Y105.69 E0.00001
G1 X115.992 Y105.665 E0.00001
G1 X115.949 Y105.64 E0.00001
G1 X115.906 Y105.615 E0.00001
G1 X115.863 Y105.59 E0.00001
G1 X115.819 Y105.565 E0.00001
G1 X115.776 Y105.54 E0.00001
G1 X115.733 Y105.515 E0.00001
G1 X115.689 Y105.49 E0.00001
G1 X115.646 Y105.465 E0.00001
G1 X115.603 Y105.44 E0.00001
G1 X115.56 Y105.415 E0.00001
G1 X115.516 Y105.39 E0.00001
G1 X115.473 Y105.365 E0.00001
G1 X115.43 Y105.34 E0.00001
G1 X115.387 Y105.315 E0.00001
G1 X115.343 Y105.289 E0.00001
G1 X115.3 Y105.264 E0.00001
G1 X115.257 Y105.239 E0.00001
G1 X115.213 Y105.214 E0.00001
G1 X115.17 Y105.189 E0.00001
G1 X115.127 Y105.164 E0.00001
G1 X115.084 Y105.139 E0.00001
G1 X115.04 Y105.114 E0.00001
G1 X114.997 Y105.089 E0.00001
G1 X114.954 Y105.064 E0.00001
G1 F1000.9 X114.91 Y105.039 E0.00001
G1 X114.867 Y105.014 E0.00001
G1 X114.824 Y104.989 E0.00001
G1 X114.781 Y104.964 E0.00001
G1 X114.737 Y104.939 E0.00001
G1 X114.694 Y104.914 E0.00001
G1 X114.651 Y104.889 E0.00001
G1 X114.608 Y104.864 E0.00001
G1 X114.564 Y104.839 E0.00001
G1 X114.521 Y104.814 E0.00001
G1 X114.478 Y104.789 E0.00001
G1 X114.434 Y104.764 E0.00001
G1 X114.391 Y104.739 E0.00001
G1 X114.348 Y104.714 E0.00001
G1 X114.305 Y104.689 E0.00001
G1 X114.261 Y104.663 E0.00001
G1 X114.218 Y104.638 E0.00001
G1 X114.175 Y104.613 E0.00001
G1 X114.131 Y104.588 E0.00001
G1 X114.088 Y104.563 E0.00001
G1 X114.045 Y104.538 E0.00001
G1 X114.002 Y104.513 E0.00001
G1 X113.958 Y104.488 E0.00001
G1 X113.915 Y104.463 E0.00001
G1 X113.872 Y104.438 E0.00001
G1 X113.829 Y104.413 E0.00001
G1 X113.785 Y104.388 E0.00001
G1 X113.742 Y104.363 E0.00001
G1 X113.699 Y104.338 E0.00001
G1 X113.655 Y104.313 E0.00001
G1 X113.612 Y104.288 E0.00001
G1 X113.569 Y104.263 E0.00001
G1 X113.526 Y104.238 E0.00001
G1 X113.482 Y104.213 E0.00001
G1 X113.439 Y104.188 E0.00001
G1 F996.2 X113.396 Y104.163 E0.00001
G1 X113.352 Y104.138 E0.00001
G1 X113.309 Y104.113 E0.00001
G1 X113.266 Y104.088 E0.00001
G1 X113.223 Y104.063 E0.00001
G1 X113.179 Y104.037 E0.00001
G1 X113.136 Y104.012 E0.00001
G1 X113.093 Y103.987 E0.00001
G1 X113.05 Y103.962 E0.00001
G1 X113.006 Y103.937 E0.00001
G1 X112.963 Y103.912 E0.00001
G1 X112.92 Y103.887 E0.00001
G1 X112.876 Y103.862 E0.00001
G1 X112.833 Y103.837 E0.00001
G1 X112.79 Y103.812 E0.00001
G1 X112.747 Y103.787 E0.00001
G1 X112.703 Y103.762 E0.00001
G1 X112.66 Y103.737 E0.00001
G1 X112.617 Y103.712 E0.00001
G1 X112.573 Y103.687 E0.00001
G1 X112.53 Y103.662 E0.00001
G1 X112.487 Y103.637 E0.00001
G1 X112.444 Y103.612 E0.00001
G1 X112.4 Y103.587 E0.00001
G1 X112.357 Y103.562 E0.00001
G1 X112.314 Y103.537 E0.00001
G1 X112.271 Y103.512 E0.00001
G1 X112.227 Y103.487 E0.00001
G1 X112.184 Y103.462 E0.00001
G1 X112.141 Y103.437 E0.00001
G1 X112.097 Y103.412 E0.00001
G1 X112.054 Y103.386 E0.00001
G1 X112.011 Y103.361 E0.00001
G1 X111.968 Y103.336 E0.00001
G1 X111.924 Y103.311 E0.00001
G1 F991.5 X111.881 Y103.286 E0.00001
G1 X111.838 Y103.261 E0.00001
G1 X111.794 Y103.236 E0.00001
G1 X111.751 Y103.211 E0.00001
G1 X111.708 Y103.186 E0.00001
G1 X111.665 Y103.161 E0.00001
G1 X111.621 Y103.136 E0.00001
G1 X111.578 Y103.111 E0.00001
G1 X111.535 Y103.086 E0.00001
G1 X111.492 Y103.061 E0.00001
G1 X111.448 Y103.036 E0.00001
G1 X111.405 Y103.011 E0.00001
G1 X111.362 Y102.986 E0.00001
G1 X111.318 Y102.961 E0.00001
G1 X111.275 Y102.936 E0.00001
G1 X111.232 Y102.911 E0.00001
G1 X111.189 Y102.886 E0.00001
G1 X111.145 Y102.861 E0.00001
G1 X111.102 Y102.836 E0.00001
G1 X111.059 Y102.811 E0.00001
G1 X111.015 Y102.786 E0.00001
G1 X110.972 Y102.76 E0.00001
G1 X110.929 Y102.735 E0.00001
G1 X110.886 Y102.71 E0.00001
G1 X110.842 Y102.685 E0.00001
G1 X110.799 Y102.66 E0.00001
G1 X110.756 Y102.635 E0.00001
G1 X110.712 Y102.61 E0.00001
G1 X110.669 Y102.585 E0.00001
G1 X110.626 Y102.56 E0.00001
G1 X110.583 Y102.535 E0.00001
G1 X110.539 Y102.51 E0.00001
G1 X110.496 Y102.485 E0.00001
G1 X110.453 Y102.46 E0.00001
G1 X110.41 Y102.435 E0.00001
G1 F986.9 X110.448 Y102.457 E0.00001
G1 F977.8 X110.407 Y102.437 E0.00001
G1 F960 X110.389 Y102.429 E0.00001
G1 F942.9 X110.37 Y102.42 E0.00001
G1 F930.4 X110.363 Y102.417 E0
G1 X110.336 Y102.416 E0.00001
G1 F938.7 X110.309 Y102.414 E0.00001
G1 F942.9 X110.264 Y102.416 E0.00001
G1 F934.5 X110.218 Y102.418 E0.00001
G1 F922.3 X110.188 Y102.422 E0.00001
G1 F910.3 X110.178 Y102.425 E0
G1 F898.7 X110.167 Y102.428 E0
G1 F891.1 X110.157 Y102.431 E0
G1 F880 X110.146 Y102.434 E0
G1 F869.1 X110.136 Y102.437 E0
G1 F858.5 X110.125 Y102.44 E0
G1 F851.6 X110.115 Y102.443 E0
G1 F841.4 X110.104 Y102.446 E0
G1 F831.5 X110.093 Y102.449 E0
G1 F821.8 X110.083 Y102.452 E0
G1 F815.4 X110.072 Y102.455 E0
G1 F806.1 X110.062 Y102.458 E0
G1 F794 X110.054 Y102.461 E0
G1 F779.3 X110.043 Y102.466 E0
G1 F765.2 X110.032 Y102.47 E0
G1 F751.6 X110.02 Y102.476 E0
G1 F738.5 X110.009 Y102.481 E0
G1 F728.3 X109.998 Y102.486 E0
G1 F725.8 X109.989 Y102.483 E0
G1 F735.9 X109.98 Y102.48 E0
G1 F743.7 X109.97 Y102.477 E0
G1 F751.6 X109.961 Y102.473 E0
G1 F762.5 X109.951 Y102.47 E0
G1 F770.8 X109.942 Y102.467 E0
G1 F779.3 X109.932 Y102.463 E0
G1 F791 X109.923 Y102.46 E0
G1 F800 X109.914 Y102.457 E0
G1 F809.2 X109.904 Y102.454 E0
G1 F821.8 X109.895 Y102.45 E0
G1 F831.5 X109.885 Y102.447 E0
G1 F841.4 X109.876 Y102.444 E0
G1 F855.1 X109.866 Y102.44 E0
G1 F865.6 X109.852 Y102.437 E0
G1 F872.7 X109.84 Y102.434 E0
G1 F880 X109.828 Y102.432 E0
G1 F891.1 X109.817 Y102.429 E0
G1 F898.7 X109.805 Y102.427 E0
G1 F906.4 X109.793 Y102.424 E0
G1 F914.3 X109.777 Y102.423 E0
G1 F922.3 X109.761 Y102.421 E0
G1 F930.4 X109.745 Y102.42 E0
G1 F938.7 X109.729 Y102.418 E0
G1 F947.1 X109.713 Y102.417 E0
G1 F955.7 X109.697 Y102.415 E0
G1 F951.4 X109.66 Y102.417 E0.00001
G1 F947.1 X109.616 Y102.424 E0.00001
G1 F951.4 X109.603 Y102.431 E0
G1 F960 X109.59 Y102.438 E0
G1 F973.3 X109.577 Y102.445 E0
G1 F986.9 X109.564 Y102.453 E0
G1 F996.2 X109.551 Y102.46 E0
G1 F1005.7 X109.378 Y102.56 E0.00005
G1 X109.206 Y102.66 E0.00005
G1 X109.034 Y102.759 E0.00005
G1 X108.861 Y102.859 E0.00005
G1 X108.689 Y102.959 E0.00005
G1 X108.517 Y103.058 E0.00005
G1 X108.344 Y103.158 E0.00005
G1 X108.172 Y103.257 E0.00005
G1 X108 Y103.357 E0.00005
G1 X107.828 Y103.457 E0.00005
G1 X107.655 Y103.556 E0.00005
G1 X107.483 Y103.656 E0.00005
G1 X107.311 Y103.755 E0.00005
G1 X107.138 Y103.855 E0.00005
G1 X106.966 Y103.955 E0.00005
G1 X106.794 Y104.054 E0.00005
G1 X106.621 Y104.154 E0.00005
G1 X106.449 Y104.253 E0.00005
G1 X106.277 Y104.353 E0.00005
G1 X106.105 Y104.453 E0.00005
G1 X105.932 Y104.552 E0.00005
G1 X105.76 Y104.652 E0.00005
G1 X105.588 Y104.751 E0.00005
G1 X105.415 Y104.851 E0.00005
G1 X105.243 Y104.951 E0.00005
G1 X105.071 Y105.05 E0.00005
G1 X104.898 Y105.15 E0.00005
G1 X104.726 Y105.249 E0.00005
G1 X104.554 Y105.349 E0.00005
G1 X104.382 Y105.449 E0.00005
G1 X104.209 Y105.548 E0.00005
G1 X104.037 Y105.648 E0.00005
G1 X103.865 Y105.747 E0.00005
G1 X103.692 Y105.847 E0.00005
G1 X103.52 Y105.947 E0.00005
G1 X103.702 Y105.842 E0.00006
G1 X103.874 Y105.742 E0.00005
G1 X104.046 Y105.643 E0.00005
G1 X104.219 Y105.543 E0.00005
G1 X104.391 Y105.443 E0.00005
G1 X104.563 Y105.344 E0.00005
G1 X104.736 Y105.244 E0.00005
G1 X104.908 Y105.145 E0.00005
G1 X105.08 Y105.045 E0.00005
G1 X105.252 Y104.945 E0.00005
G1 X105.425 Y104.846 E0.00005
G1 X105.597 Y104.746 E0.00005
G1 X105.769 Y104.647 E0.00005
G1 X105.942 Y104.547 E0.00005
G1 X106.114 Y104.447 E0.00005
G1 X106.286 Y104.348 E0.00005
G1 X106.459 Y104.248 E0.00005
G1 X106.631 Y104.149 E0.00005
G1 X106.803 Y104.049 E0.00005
G1 X106.975 Y103.949 E0.00005
G1 X107.148 Y103.85 E0.00005
G1 X107.32 Y103.75 E0.00005
G1 X107.492 Y103.651 E0.00005
G1 X107.665 Y103.551 E0.00005
G1 X107.837 Y103.451 E0.00005
G1 X108.009 Y103.352 E0.00005
G1 X108.182 Y103.252 E0.00005
G1 X108.354 Y103.153 E0.00005
G1 X108.526 Y103.053 E0.00005
G1 X108.698 Y102.953 E0.00005
G1 X108.871 Y102.854 E0.00005
G1 X109.043 Y102.754 E0.00005
G1 X109.215 Y102.655 E0.00005
G1 X109.388 Y102.555 E0.00005
G1 X109.56 Y102.455 E0.00005
G0 F24000 X109.616 Y102.424
G0 X109.66 Y102.417
G0 X109.698 Y102.415
G0 X109.739 Y102.418
G1 F60 E-0.001
G1 F18000 Z2.8
G0 F24000 X122.4 Y108.377 Z2.8
G1 F18000 Z0.8
G1 F60 E0.001
G1 F872.7 X122.409 Y108.378 E0
G1 F858.5 X122.419 Y108.38 E0
G1 F844.8 X122.429 Y108.381 E0
G1 F834.8 X122.439 Y108.383 E0
G1 F821.8 X122.449 Y108.384 E0
G1 F809.2 X122.459 Y108.386 E0
G1 F800 X122.469 Y108.387 E0
G1 F788.1 X122.479 Y108.389 E0
G1 F779.3 X122.489 Y108.39 E0
G1 F768 X122.499 Y108.392 E0
G1 F757 X122.509 Y108.393 E0
G1 F746.3 X122.522 Y108.394 E0
G1 F733.3 X122.533 Y108.395 E0
G1 F720.8 X122.544 Y108.395 E0
G1 F706.4 X122.559 Y108.398 E0.00001
G1 F690.2 X122.573 Y108.401 E0.00001
G1 F681.3 X122.579 Y108.397 E0
G1 F687.9 X122.582 Y108.388 E0
G1 F697 X122.586 Y108.379 E0
G1 F706.4 X122.59 Y108.37 E0
G1 F718.4 X122.594 Y108.361 E0
G1 F728.3 X122.598 Y108.352 E0
G1 F741.1 X122.602 Y108.342 E0
G1 F751.6 X122.606 Y108.333 E0
G1 F762.5 X122.61 Y108.324 E0
G1 F776.5 X122.614 Y108.315 E0
G1 F788.1 X122.618 Y108.306 E0
G1 F803 X122.622 Y108.297 E0
G1 F815.4 X122.626 Y108.287 E0
G1 F828.2 X122.63 Y108.278 E0
G1 F844.8 X122.635 Y108.263 E0
G1 F858.5 X122.639 Y108.25 E0
G1 F872.7 X122.644 Y108.236 E0
G1 F887.4 X122.646 Y108.226 E0
G1 F898.7 X122.649 Y108.215 E0
G1 F910.3 X122.652 Y108.204 E0
G1 F918.3 X122.655 Y108.194 E0
G1 F930.4 X122.657 Y108.183 E0
G1 F942.9 X122.66 Y108.172 E0
G1 F955.7 X122.664 Y108.153 E0.00001
G1 F968.8 X122.667 Y108.136 E0
G1 F982.3 X122.67 Y108.116 E0.00001
G1 F996.2 X122.673 Y108.096 E0.00001
G1 F1005.7 X122.673 Y107.9 E0.00005
G1 X122.673 Y107.704 E0.00005
G1 X122.673 Y107.508 E0.00005
G1 X122.673 Y107.312 E0.00005
G1 X122.673 Y107.116 E0.00005
G1 X122.673 Y106.92 E0.00005
G1 X122.673 Y106.724 E0.00005
G1 X122.673 Y106.528 E0.00005
G1 X122.673 Y106.332 E0.00005
G1 X122.673 Y106.136 E0.00005
G1 X122.673 Y105.94 E0.00005
G1 X122.673 Y105.744 E0.00005
G1 X122.673 Y105.548 E0.00005
G1 X122.673 Y105.352 E0.00005
G1 X122.673 Y105.156 E0.00005
G1 X122.673 Y104.96 E0.00005
G1 X122.673 Y104.764 E0.00005
G1 X122.673 Y104.568 E0.00005
G1 X122.673 Y104.372 E0.00005
G1 X122.673 Y104.176 E0.00005
G1 X122.673 Y103.98 E0.00005
G1 X122.673 Y103.784 E0.00005
G1 X122.673 Y103.588 E0.00005
G1 X122.673 Y103.392 E0.00005
G1 X122.673 Y103.196 E0.00005
G1 X122.673 Y103 E0.00005
G1 X122.673 Y102.804 E0.00005
G1 X122.673 Y102.608 E0.00005
G1 X122.673 Y102.412 E0.00005
G1 X122.674 Y102.602 E0.00005
G1 X122.674 Y102.798 E0.00005
G1 X122.674 Y102.994 E0.00005
G1 X122.674 Y103.19 E0.00005
G1 X122.674 Y103.386 E0.00005
G1 X122.674 Y103.582 E0.00005
G1 X122.674 Y103.778 E0.00005
G1 X122.674 Y103.974 E0.00005
G1 X122.674 Y104.17 E0.00005
G1 X122.674 Y104.366 E0.00005
G1 X122.674 Y104.562 E0.00005
G1 X122.674 Y104.758 E0.00005
G1 X122.674 Y104.954 E0.00005
G1 X122.674 Y105.15 E0.00005
G1 X122.674 Y105.346 E0.00005
G1 X122.674 Y105.542 E0.00005
G1 X122.674 Y105.738 E0.00005
G1 X122.674 Y105.934 E0.00005
G1 X122.674 Y106.13 E0.00005
G1 X122.674 Y106.326 E0.00005
G1 X122.674 Y106.522 E0.00005
G1 X122.674 Y106.718 E0.00005
G1 X122.674 Y106.914 E0.00005
G1 X122.674 Y107.11 E0.00005
G1 X122.674 Y107.306 E0.00005
G1 X122.674 Y107.502 E0.00005
G1 X122.674 Y107.698 E0.00005
G1 X122.674 Y107.894 E0.00005
G1 X122.674 Y108.09 E0.00005
G1 F1000.9 X122.673 Y108.096 E0
G1 F996.2 X122.67 Y108.116 E0.00001
G1 F982.3 X122.667 Y108.136 E0.00001
G1 F968.8 X122.664 Y108.153 E0
G1 F955.7 X122.661 Y108.17 E0
G1 F942.9 X122.659 Y108.18 E0
G1 F930.4 X122.656 Y108.191 E0
G1 F918.3 X122.653 Y108.202 E0
G1 F910.3 X122.65 Y108.212 E0
G1 F898.7 X122.648 Y108.223 E0
G1 F887.4 X122.645 Y108.234 E0
G1 F872.7 X122.64 Y108.249 E0
G1 F858.5 X122.636 Y108.262 E0
G1 F844.8 X122.631 Y108.276 E0
G1 F828.2 X122.627 Y108.284 E0
G1 F815.4 X122.622 Y108.293 E0
G1 F803 X122.618 Y108.302 E0
G1 F788.1 X122.613 Y108.311 E0
G1 F776.5 X122.609 Y108.32 E0
G1 F762.5 X122.604 Y108.329 E0
G1 F751.6 X122.6 Y108.338 E0
G1 F741.1 X122.595 Y108.347 E0
G1 F728.3 X122.591 Y108.356 E0
G1 F718.4 X122.586 Y108.365 E0
G1 F706.4 X122.582 Y108.374 E0
G1 F697 X122.577 Y108.383 E0
G1 F687.9 X122.573 Y108.392 E0
G1 F690.2 X122.558 Y108.394 E0.00001
G1 F706.4 X122.544 Y108.396 E0.00001
G1 F720.8 X122.534 Y108.396 E0
G1 F733.3 X122.523 Y108.395 E0
G1 F746.3 X122.512 Y108.395 E0
G1 F757 X122.502 Y108.393 E0
G1 F768 X122.492 Y108.391 E0
G1 F779.3 X122.482 Y108.39 E0
G1 F788.1 X122.472 Y108.388 E0
G1 F800 X122.462 Y108.387 E0
G1 F809.2 X122.452 Y108.385 E0
G1 F821.8 X122.442 Y108.384 E0
G1 F834.8 X122.432 Y108.382 E0
G1 F844.8 X122.422 Y108.381 E0
G1 F858.5 X122.412 Y108.379 E0
G1 F872.7 X122.402 Y108.378 E0
G1 F883.7 X122.387 Y108.374 E0
G1 F898.7 X122.374 Y108.37 E0
G1 F910.3 X122.36 Y108.367 E0
G1 F926.3 X122.347 Y108.363 E0
G1 F938.7 X122.334 Y108.358 E0
G1 F947.1 X122.32 Y108.353 E0
G1 F960 X122.306 Y108.348 E0
G1 F973.3 X122.292 Y108.343 E0
G1 F982.3 X122.277 Y108.338 E0
G1 F991.5 X122.217 Y108.304 E0.00002
G1 X122.159 Y108.271 E0.00002
G1 X122.101 Y108.237 E0.00002
G1 X122.043 Y108.204 E0.00002
G1 X121.985 Y108.17 E0.00002
G1 X121.927 Y108.137 E0.00002
G1 X121.869 Y108.103 E0.00002
G1 X121.811 Y108.07 E0.00002
G1 X121.753 Y108.036 E0.00002
G1 X121.695 Y108.003 E0.00002
G1 X121.637 Y107.969 E0.00002
G1 X121.579 Y107.936 E0.00002
G1 X121.521 Y107.902 E0.00002
G1 X121.463 Y107.869 E0.00002
G1 X121.405 Y107.835 E0.00002
G1 X121.347 Y107.802 E0.00002
G1 X121.289 Y107.768 E0.00002
G1 X121.231 Y107.735 E0.00002
G1 X121.173 Y107.701 E0.00002
G1 X121.115 Y107.668 E0.00002
G1 X121.057 Y107.634 E0.00002
G1 X120.999 Y107.601 E0.00002
G1 X120.941 Y107.567 E0.00002
G1 X120.883 Y107.534 E0.00002
G1 X120.825 Y107.5 E0.00002
G1 X120.767 Y107.467 E0.00002
G1 X120.709 Y107.433 E0.00002
G1 X120.651 Y107.4 E0.00002
G1 X120.593 Y107.366 E0.00002
G1 X120.535 Y107.333 E0.00002
G1 X120.477 Y107.299 E0.00002
G1 X120.419 Y107.266 E0.00002
G1 X120.361 Y107.232 E0.00002
G1 X120.303 Y107.199 E0.00002
G1 X120.245 Y107.165 E0.00002
G1 X120.187 Y107.132 E0.00002
G1 X120.129 Y107.098 E0.00002
G1 X120.071 Y107.065 E0.00002
G1 X120.012 Y107.031 E0.00002
G1 X119.954 Y106.998 E0.00002
G1 X119.896 Y106.964 E0.00002
G1 X119.838 Y106.931 E0.00002
G1 X119.78 Y106.897 E0.00002
G1 X119.722 Y106.864 E0.00002
G1 X119.664 Y106.83 E0.00002
G1 X119.606 Y106.797 E0.00002
G1 X119.548 Y106.763 E0.00002
G1 X119.49 Y106.73 E0.00002
G1 X119.432 Y106.696 E0.00002
G1 X119.374 Y106.663 E0.00002
G1 X119.316 Y106.629 E0.00002
G1 X119.258 Y106.596 E0.00002
G1 X119.2 Y106.562 E0.00002
G1 X119.142 Y106.529 E0.00002
G1 X119.084 Y106.495 E0.00002
G1 X119.026 Y106.462 E0.00002
G1 X118.968 Y106.428 E0.00002
G1 X118.91 Y106.395 E0.00002
G1 X118.852 Y106.361 E0.00002
G1 F996.2 X118.794 Y106.328 E0.00002
G1 X118.736 Y106.294 E0.00002
G1 X118.678 Y106.261 E0.00002
G1 X118.62 Y106.227 E0.00002
G1 X118.562 Y106.194 E0.00002
G1 X118.504 Y106.16 E0.00002
G1 X118.446 Y106.127 E0.00002
G1 X118.388 Y106.093 E0.00002
G1 X118.33 Y106.06 E0.00002
G1 X118.272 Y106.026 E0.00002
G1 X118.214 Y105.993 E0.00002
G1 X118.156 Y105.959 E0.00002
G1 X118.098 Y105.926 E0.00002
G1 X118.04 Y105.892 E0.00002
G1 X117.982 Y105.859 E0.00002
G1 X117.924 Y105.825 E0.00002
G1 X117.866 Y105.792 E0.00002
G1 X117.807 Y105.758 E0.00002
G1 X117.749 Y105.725 E0.00002
G1 X117.691 Y105.691 E0.00002
G1 X117.633 Y105.658 E0.00002
G1 X117.575 Y105.624 E0.00002
G1 X117.517 Y105.591 E0.00002
G1 X117.459 Y105.557 E0.00002
G1 X117.401 Y105.524 E0.00002
G1 X117.343 Y105.49 E0.00002
G1 X117.285 Y105.457 E0.00002
G1 X117.227 Y105.423 E0.00002
G1 X117.169 Y105.39 E0.00002
G1 X117.111 Y105.357 E0.00002
G1 X117.053 Y105.323 E0.00002
G1 X116.995 Y105.29 E0.00002
G1 X116.937 Y105.256 E0.00002
G1 X116.879 Y105.223 E0.00002
G1 X116.821 Y105.189 E0.00002
G1 X116.763 Y105.156 E0.00002
G1 X116.705 Y105.122 E0.00002
G1 X116.647 Y105.089 E0.00002
G1 X116.589 Y105.055 E0.00002
G1 X116.531 Y105.022 E0.00002
G1 X116.473 Y104.988 E0.00002
G1 X116.415 Y104.955 E0.00002
G1 X116.357 Y104.921 E0.00002
G1 X116.299 Y104.888 E0.00002
G1 X116.241 Y104.854 E0.00002
G1 X116.183 Y104.821 E0.00002
G1 X116.125 Y104.787 E0.00002
G1 X116.067 Y104.754 E0.00002
G1 X116.009 Y104.72 E0.00002
G1 X115.951 Y104.687 E0.00002
G1 X115.893 Y104.653 E0.00002
G1 X115.835 Y104.62 E0.00002
G1 X115.777 Y104.586 E0.00002
G1 X115.719 Y104.553 E0.00002
G1 X115.661 Y104.519 E0.00002
G1 X115.603 Y104.486 E0.00002
G1 X115.544 Y104.452 E0.00002
G1 X115.486 Y104.419 E0.00002
G1 X115.428 Y104.385 E0.00002
G1 F1000.9 X115.37 Y104.352 E0.00002
G1 X115.312 Y104.318 E0.00002
G1 X115.254 Y104.285 E0.00002
G1 X115.196 Y104.251 E0.00002
G1 X115.138 Y104.218 E0.00002
G1 X115.08 Y104.184 E0.00002
G1 X115.022 Y104.151 E0.00002
G1 X114.964 Y104.117 E0.00002
G1 X114.906 Y104.084 E0.00002
G1 X114.848 Y104.05 E0.00002
G1 X114.79 Y104.017 E0.00002
G1 X114.732 Y103.983 E0.00002
G1 X114.674 Y103.95 E0.00002
G1 X114.616 Y103.916 E0.00002
G1 X114.558 Y103.883 E0.00002
G1 X114.5 Y103.849 E0.00002
G1 X114.442 Y103.816 E0.00002
G1 X114.384 Y103.782 E0.00002
G1 X114.326 Y103.749 E0.00002
G1 X114.268 Y103.715 E0.00002
G1 X114.21 Y103.682 E0.00002
G1 X114.152 Y103.648 E0.00002
G1 X114.094 Y103.615 E0.00002
G1 X114.036 Y103.581 E0.00002
G1 X113.978 Y103.548 E0.00002
G1 X113.92 Y103.514 E0.00002
G1 X113.862 Y103.481 E0.00002
G1 X113.804 Y103.447 E0.00002
G1 X113.746 Y103.414 E0.00002
G1 X113.688 Y103.38 E0.00002
G1 X113.63 Y103.347 E0.00002
G1 X113.572 Y103.313 E0.00002
G1 X113.514 Y103.28 E0.00002
G1 X113.456 Y103.246 E0.00002
G1 X113.398 Y103.213 E0.00002
G1 X113.339 Y103.179 E0.00002
G1 X113.281 Y103.146 E0.00002
G1 X113.223 Y103.112 E0.00002
G1 X113.165 Y103.079 E0.00002
G1 X113.107 Y103.045 E0.00002
G1 X113.049 Y103.012 E0.00002
G1 X112.991 Y102.978 E0.00002
G1 X112.933 Y102.945 E0.00002
G1 X112.875 Y102.911 E0.00002
G1 X112.817 Y102.878 E0.00002
G1 X112.759 Y102.844 E0.00002
G1 X112.701 Y102.811 E0.00002
G1 X112.643 Y102.777 E0.00002
G1 X112.585 Y102.744 E0.00002
G1 X112.527 Y102.71 E0.00002
G1 X112.469 Y102.677 E0.00002
G1 X112.411 Y102.643 E0.00002
G1 X112.353 Y102.61 E0.00002
G1 X112.295 Y102.576 E0.00002
G1 X112.237 Y102.543 E0.00002
G1 X112.179 Y102.509 E0.00002
G1 X112.121 Y102.476 E0.00002
G1 X112.063 Y102.443 E0.00002
G1 X112.005 Y102.409 E0.00002
G1 F996.2 X112.058 Y102.437 E0.00002
G1 F986.9 X112.038 Y102.423 E0.00001
G1 F977.8 X112.017 Y102.408 E0.00001
G1 X112.037 Y102.422 E0.00001
G1 F986.9 X112.057 Y102.436 E0.00001
G1 F996.2 X112.078 Y102.451 E0.00001
G1 F1000.9 X112.136 Y102.484 E0.00002
G1 X112.194 Y102.517 E0.00002
G1 X112.252 Y102.551 E0.00002
G1 X112.31 Y102.584 E0.00002
G1 X112.368 Y102.618 E0.00002
G1 X112.426 Y102.651 E0.00002
G1 X112.484 Y102.685 E0.00002
G1 X112.542 Y102.718 E0.00002
G1 X112.6 Y102.752 E0.00002
G1 X112.658 Y102.785 E0.00002
G1 X112.716 Y102.819 E0.00002
G1 X112.774 Y102.852 E0.00002
G1 X112.832 Y102.886 E0.00002
G1 X112.89 Y102.919 E0.00002
G1 X112.948 Y102.953 E0.00002
G1 X113.006 Y102.986 E0.00002
G1 X113.064 Y103.02 E0.00002
G1 X113.122 Y103.053 E0.00002
G1 X113.18 Y103.087 E0.00002
G1 X113.238 Y103.12 E0.00002
G1 X113.296 Y103.154 E0.00002
G1 X113.354 Y103.187 E0.00002
G1 X113.412 Y103.221 E0.00002
G1 X113.47 Y103.254 E0.00002
G1 X113.528 Y103.288 E0.00002
G1 X113.586 Y103.321 E0.00002
G1 X113.644 Y103.355 E0.00002
G1 X113.702 Y103.388 E0.00002
G1 X113.76 Y103.422 E0.00002
G1 X113.818 Y103.455 E0.00002
G1 X113.876 Y103.489 E0.00002
G1 X113.934 Y103.522 E0.00002
G1 X113.992 Y103.556 E0.00002
G1 X114.05 Y103.589 E0.00002
G1 X114.108 Y103.623 E0.00002
G1 X114.166 Y103.656 E0.00002
G1 X114.224 Y103.69 E0.00002
G1 X114.282 Y103.723 E0.00002
G1 X114.341 Y103.757 E0.00002
G1 X114.399 Y103.79 E0.00002
G1 X114.457 Y103.824 E0.00002
G1 X114.515 Y103.857 E0.00002
G1 X114.573 Y103.891 E0.00002
G1 X114.631 Y103.924 E0.00002
G1 X114.689 Y103.958 E0.00002
G1 X114.747 Y103.991 E0.00002
G1 X114.805 Y104.025 E0.00002
G1 X114.863 Y104.058 E0.00002
G1 X114.921 Y104.092 E0.00002
G1 X114.979 Y104.125 E0.00002
G1 X115.037 Y104.159 E0.00002
G1 X115.095 Y104.192 E0.00002
G1 X115.153 Y104.226 E0.00002
G1 X115.211 Y104.259 E0.00002
G1 X115.269 Y104.293 E0.00002
G1 X115.327 Y104.326 E0.00002
G1 X115.385 Y104.36 E0.00002
G1 X115.443 Y104.393 E0.00002
G1 X115.501 Y104.427 E0.00002
G1 F996.2 X115.559 Y104.46 E0.00002
G1 X115.617 Y104.494 E0.00002
G1 X115.675 Y104.527 E0.00002
G1 X115.733 Y104.561 E0.00002
G1 X115.791 Y104.594 E0.00002
G1 X115.849 Y104.628 E0.00002
G1 X115.907 Y104.661 E0.00002
G1 X115.965 Y104.695 E0.00002
G1 X116.023 Y104.728 E0.00002
G1 X116.081 Y104.762 E0.00002
G1 X116.139 Y104.795 E0.00002
G1 X116.197 Y104.829 E0.00002
G1 X116.255 Y104.862 E0.00002
G1 X116.313 Y104.896 E0.00002
G1 X116.371 Y104.929 E0.00002
G1 X116.429 Y104.963 E0.00002
G1 X116.487 Y104.996 E0.00002
G1 X116.546 Y105.03 E0.00002
G1 X116.604 Y105.063 E0.00002
G1 X116.662 Y105.097 E0.00002
G1 X116.72 Y105.13 E0.00002
G1 X116.778 Y105.164 E0.00002
G1 X116.836 Y105.197 E0.00002
G1 X116.894 Y105.231 E0.00002
G1 X116.952 Y105.264 E0.00002
G1 X117.01 Y105.298 E0.00002
G1 X117.068 Y105.331 E0.00002
G1 X117.126 Y105.365 E0.00002
G1 X117.184 Y105.398 E0.00002
G1 X117.242 Y105.431 E0.00002
G1 X117.3 Y105.465 E0.00002
G1 X117.358 Y105.498 E0.00002
G1 X117.416 Y105.532 E0.00002
G1 X117.474 Y105.565 E0.00002
G1 X117.532 Y105.599 E0.00002
G1 X117.59 Y105.632 E0.00002
G1 X117.648 Y105.666 E0.00002
G1 X117.706 Y105.699 E0.00002
G1 X117.764 Y105.733 E0.00002
G1 X117.822 Y105.766 E0.00002
G1 X117.88 Y105.8 E0.00002
G1 X117.938 Y105.833 E0.00002
G1 X117.996 Y105.867 E0.00002
G1 X118.054 Y105.9 E0.00002
G1 X118.112 Y105.934 E0.00002
G1 X118.17 Y105.967 E0.00002
G1 X118.228 Y106.001 E0.00002
G1 X118.286 Y106.034 E0.00002
G1 X118.344 Y106.068 E0.00002
G1 X118.402 Y106.101 E0.00002
G1 X118.46 Y106.135 E0.00002
G1 X118.518 Y106.168 E0.00002
G1 X118.576 Y106.202 E0.00002
G1 X118.634 Y106.235 E0.00002
G1 X118.692 Y106.269 E0.00002
G1 X118.75 Y106.302 E0.00002
G1 X118.809 Y106.336 E0.00002
G1 X118.867 Y106.369 E0.00002
G1 X118.925 Y106.403 E0.00002
G1 F991.5 X118.983 Y106.436 E0.00002
G1 X119.041 Y106.47 E0.00002
G1 X119.099 Y106.503 E0.00002
G1 X119.157 Y106.537 E0.00002
G1 X119.215 Y106.57 E0.00002
G1 X119.273 Y106.604 E0.00002
G1 X119.331 Y106.637 E0.00002
G1 X119.389 Y106.671 E0.00002
G1 X119.447 Y106.704 E0.00002
G1 X119.505 Y106.738 E0.00002
G1 X119.563 Y106.771 E0.00002
G1 X119.621 Y106.805 E0.00002
G1 X119.679 Y106.838 E0.00002
G1 X119.737 Y106.872 E0.00002
G1 X119.795 Y106.905 E0.00002
G1 X119.853 Y106.939 E0.00002
G1 X119.911 Y106.972 E0.00002
G1 X119.969 Y107.006 E0.00002
G1 X120.027 Y107.039 E0.00002
G1 X120.085 Y107.073 E0.00002
G1 X120.143 Y107.106 E0.00002
G1 X120.201 Y107.14 E0.00002
G1 X120.259 Y107.173 E0.00002
G1 X120.317 Y107.207 E0.00002
G1 X120.375 Y107.24 E0.00002
G1 X120.433 Y107.274 E0.00002
G1 X120.491 Y107.307 E0.00002
G1 X120.549 Y107.341 E0.00002
G1 X120.607 Y107.374 E0.00002
G1 X120.665 Y107.408 E0.00002
G1 X120.723 Y107.441 E0.00002
G1 X120.781 Y107.475 E0.00002
G1 X120.839 Y107.508 E0.00002
G1 X120.897 Y107.542 E0.00002
G1 X120.955 Y107.575 E0.00002
G1 X121.014 Y107.609 E0.00002
G1 X121.072 Y107.642 E0.00002
G1 X121.13 Y107.676 E0.00002
G1 X121.188 Y107.709 E0.00002
G1 X121.246 Y107.743 E0.00002
G1 X121.304 Y107.776 E0.00002
G1 X121.362 Y107.81 E0.00002
G1 X121.42 Y107.843 E0.00002
G1 X121.478 Y107.877 E0.00002
G1 X121.536 Y107.91 E0.00002
G1 X121.594 Y107.944 E0.00002
G1 X121.652 Y107.977 E0.00002
G1 X121.71 Y108.011 E0.00002
G1 X121.768 Y108.044 E0.00002
G1 X121.826 Y108.078 E0.00002
G1 X121.884 Y108.111 E0.00002
G1 X121.942 Y108.145 E0.00002
G1 X122 Y108.178 E0.00002
G1 X122.058 Y108.212 E0.00002
G1 X122.116 Y108.245 E0.00002
G1 X122.174 Y108.279 E0.00002
G1 X122.232 Y108.312 E0.00002
G1 X122.29 Y108.345 E0.00002
G1 X122.348 Y108.379 E0.00002
G1 F982.3 X122.289 Y108.342 E0.00002
G1 F973.3 X122.303 Y108.347 E0
G1 F960 X122.317 Y108.352 E0
G1 F947.1 X122.331 Y108.357 E0
G1 F938.7 X122.346 Y108.362 E0
G1 F926.3 X122.361 Y108.366 E0
G1 F910.3 X122.374 Y108.37 E0
G1 F898.7 X122.388 Y108.373 E0
G1 F883.7 X122.401 Y108.377 E0
G0 F24000 X122.511 Y108.394
G0 X122.545 Y108.396
G0 X122.572 Y108.401
G0 X122.579 Y108.397
G0 X122.586 Y108.38
G1 F60 E-0.001
G1 F18000 Z2.8
G0 F24000 X109.174 Y115.86 Z2.8
G1 F18000 Z0.8
G1 F60 E0.001
G1 F1005.7 X109.173 Y115.896 E0.00001
G1 F996.2 X109.171 Y115.908 E0
G1 F986.9 X109.169 Y115.921 E0
G1 F977.8 X109.166 Y115.934 E0
G1 F964.4 X109.164 Y115.947 E0
G1 F955.7 X109.162 Y115.96 E0
G1 F947.1 X109.159 Y115.972 E0
G1 F934.5 X109.157 Y115.982 E0
G1 F922.3 X109.154 Y115.993 E0
G1 F910.3 X109.151 Y116.004 E0
G1 F902.6 X109.148 Y116.014 E0
G1 F891.1 X109.145 Y116.025 E0
G1 F880 X109.142 Y116.036 E0
G1 F865.6 X109.138 Y116.045 E0
G1 F851.6 X109.134 Y116.054 E0
G1 F838.1 X109.13 Y116.063 E0
G1 F825 X109.126 Y116.072 E0
G1 F812.3 X109.122 Y116.081 E0
G1 F797 X109.117 Y116.09 E0
G1 F785.1 X109.113 Y116.099 E0
G1 F773.6 X109.109 Y116.108 E0
G1 F762.5 X109.105 Y116.117 E0
G1 F751.6 X109.101 Y116.126 E0
G1 F741.1 X109.096 Y116.136 E0
G1 F728.3 X109.092 Y116.145 E0
G1 F718.4 X109.088 Y116.154 E0
G1 F708.7 X109.084 Y116.163 E0
G1 F699.3 X109.08 Y116.172 E0
G1 F690.2 X109.076 Y116.181 E0
G1 F692.5 X109.06 Y116.186 E0.00001
G1 F706.4 X109.047 Y116.187 E0
G1 F720.8 X109.034 Y116.188 E0
G1 F735.9 X109.021 Y116.187 E0
G1 F748.9 X109.008 Y116.186 E0
G1 F765.2 X108.995 Y116.185 E0
G1 F776.5 X108.986 Y116.184 E0
G1 F788.1 X108.975 Y116.182 E0
G1 F800 X108.964 Y116.18 E0
G1 F812.3 X108.953 Y116.179 E0
G1 F825 X108.942 Y116.177 E0
G1 F838.1 X108.931 Y116.175 E0
G1 F851.6 X108.92 Y116.174 E0
G1 F865.6 X108.909 Y116.171 E0
G1 F876.3 X108.898 Y116.169 E0
G1 F887.4 X108.887 Y116.166 E0
G1 F898.7 X108.876 Y116.164 E0
G1 F910.3 X108.866 Y116.161 E0
G1 F922.3 X108.856 Y116.158 E0
G1 F930.4 X108.846 Y116.155 E0
G1 F938.7 X108.835 Y116.151 E0
G1 F947.1 X108.825 Y116.148 E0
G1 F955.7 X108.814 Y116.144 E0
G1 F964.4 X108.804 Y116.141 E0
G1 F973.3 X108.794 Y116.137 E0
G1 F982.3 X108.783 Y116.134 E0
G1 F991.5 X108.773 Y116.131 E0
G1 F996.2 X98.586 Y110.248 E0.00311
G1 X98.577 Y110.241 E0
G1 F986.9 X98.567 Y110.234 E0
G1 F977.8 X98.558 Y110.227 E0
G1 F973.3 X98.548 Y110.22 E0
G1 F964.4 X98.539 Y110.213 E0
G1 F955.7 X98.529 Y110.206 E0
G1 F951.4 X98.519 Y110.198 E0
G1 F942.9 X98.51 Y110.191 E0
G1 F934.5 X98.5 Y110.184 E0
G1 F926.3 X98.49 Y110.174 E0
G1 F914.3 X98.481 Y110.165 E0
G1 F902.6 X98.472 Y110.156 E0
G1 F891.1 X98.462 Y110.147 E0
G1 F880 X98.453 Y110.138 E0
G1 F865.6 X98.449 Y110.131 E0
G1 F851.6 X98.443 Y110.123 E0
G1 F838.1 X98.437 Y110.115 E0
G1 F825 X98.431 Y110.107 E0
G1 F812.3 X98.426 Y110.099 E0
G1 F800 X98.42 Y110.09 E0
G1 F788.1 X98.414 Y110.082 E0
G1 F776.5 X98.408 Y110.074 E0
G1 F765.2 X98.403 Y110.066 E0
G1 F754.3 X98.397 Y110.058 E0
G1 F743.7 X98.391 Y110.049 E0
G1 F733.3 X98.385 Y110.041 E0
G1 F723.3 X98.38 Y110.033 E0
G1 F713.5 X98.374 Y110.025 E0
G1 F704 X98.368 Y110.017 E0
G1 F694.7 X98.362 Y110.008 E0
G1 F685.7 X98.357 Y110 E0
G1 X98.359 Y109.988 E0
G1 F699.3 X98.364 Y109.978 E0
G1 F713.5 X98.368 Y109.968 E0
G1 F725.8 X98.375 Y109.958 E0
G1 F738.5 X98.382 Y109.948 E0
G1 F751.6 X98.389 Y109.938 E0
G1 F765.2 X98.396 Y109.928 E0
G1 F779.3 X98.403 Y109.918 E0
G1 F791 X98.409 Y109.911 E0
G1 F800 X98.416 Y109.903 E0
G1 F812.3 X98.424 Y109.895 E0
G1 F821.8 X98.431 Y109.887 E0
G1 F831.5 X98.439 Y109.879 E0
G1 F841.4 X98.446 Y109.871 E0
G1 F851.6 X98.453 Y109.862 E0
G1 F865.6 X98.461 Y109.854 E0
G1 F876.3 X98.468 Y109.846 E0
G1 F887.4 X98.476 Y109.838 E0
G1 F898.7 X98.483 Y109.83 E0
G1 F910.3 X98.49 Y109.822 E0
G1 F926.3 X98.498 Y109.813 E0
G1 F938.7 X98.505 Y109.805 E0
G1 F951.4 X98.515 Y109.799 E0
G1 F964.4 X98.529 Y109.788 E0
G1 F977.8 X98.543 Y109.777 E0
G1 F991.5 X98.568 Y109.758 E0.00001
G1 F1000.9 X98.654 Y109.709 E0.00003
G1 X98.741 Y109.659 E0.00003
G1 X98.827 Y109.609 E0.00003
G1 X98.914 Y109.559 E0.00003
G1 X99.001 Y109.509 E0.00003
G1 X99.087 Y109.459 E0.00003
G1 X99.174 Y109.409 E0.00003
G1 X99.26 Y109.359 E0.00003
G1 X99.347 Y109.309 E0.00003
G1 X99.434 Y109.259 E0.00003
G1 X99.52 Y109.209 E0.00003
G1 X99.607 Y109.159 E0.00003
G1 X99.693 Y109.109 E0.00003
G1 X99.78 Y109.059 E0.00003
G1 X99.867 Y109.009 E0.00003
G1 X99.953 Y108.959 E0.00003
G1 X100.04 Y108.909 E0.00003
G1 X100.126 Y108.859 E0.00003
G1 X100.213 Y108.809 E0.00003
G1 X100.3 Y108.759 E0.00003
G1 X100.386 Y108.709 E0.00003
G1 X100.473 Y108.659 E0.00003
G1 X100.559 Y108.609 E0.00003
G1 X100.646 Y108.559 E0.00003
G1 X100.733 Y108.509 E0.00003
G1 X100.819 Y108.459 E0.00003
G1 X100.906 Y108.409 E0.00003
G1 X100.993 Y108.359 E0.00003
G1 X101.079 Y108.309 E0.00003
G1 X101.166 Y108.259 E0.00003
G1 X101.252 Y108.209 E0.00003
G1 X101.339 Y108.159 E0.00003
G1 X101.426 Y108.109 E0.00003
G1 X101.512 Y108.059 E0.00003
G1 X101.599 Y108.009 E0.00003
G1 X101.685 Y107.959 E0.00003
G1 X101.772 Y107.909 E0.00003
G1 X101.859 Y107.859 E0.00003
G1 X101.945 Y107.809 E0.00003
G1 X102.032 Y107.759 E0.00003
G1 X102.118 Y107.709 E0.00003
G1 X102.205 Y107.659 E0.00003
G1 X102.292 Y107.609 E0.00003
G1 X102.378 Y107.559 E0.00003
G1 X102.465 Y107.509 E0.00003
G1 X102.551 Y107.459 E0.00003
G1 X102.638 Y107.409 E0.00003
G1 X102.725 Y107.359 E0.00003
G1 X102.811 Y107.309 E0.00003
G1 X102.898 Y107.259 E0.00003
G1 X102.984 Y107.209 E0.00003
G1 X103.071 Y107.159 E0.00003
G1 X103.158 Y107.109 E0.00003
G1 X103.244 Y107.059 E0.00003
G1 X103.331 Y107.009 E0.00003
G1 X103.418 Y106.959 E0.00003
G1 X103.504 Y106.909 E0.00003
G1 X103.591 Y106.859 E0.00003
G1 X103.677 Y106.809 E0.00003
G1 F1005.7 X103.764 Y106.759 E0.00003
G1 X103.851 Y106.709 E0.00003
G1 X103.937 Y106.659 E0.00003
G1 X104.024 Y106.609 E0.00003
G1 X104.11 Y106.559 E0.00003
G1 X104.197 Y106.509 E0.00003
G1 X104.284 Y106.459 E0.00003
G1 X104.37 Y106.409 E0.00003
G1 X104.457 Y106.359 E0.00003
G1 X104.543 Y106.309 E0.00003
G1 X104.63 Y106.259 E0.00003
G1 X104.717 Y106.209 E0.00003
G1 X104.803 Y106.159 E0.00003
G1 X104.89 Y106.109 E0.00003
G1 X104.976 Y106.059 E0.00003
G1 X105.063 Y106.009 E0.00003
G1 X105.15 Y105.959 E0.00003
G1 X105.236 Y105.909 E0.00003
G1 X105.323 Y105.859 E0.00003
G1 X105.41 Y105.809 E0.00003
G1 X105.496 Y105.759 E0.00003
G1 X105.583 Y105.709 E0.00003
G1 X105.669 Y105.659 E0.00003
G1 X105.756 Y105.609 E0.00003
G1 X105.843 Y105.559 E0.00003
G1 X105.929 Y105.509 E0.00003
G1 X106.016 Y105.459 E0.00003
G1 X106.102 Y105.409 E0.00003
G1 X106.189 Y105.359 E0.00003
G1 X106.276 Y105.309 E0.00003
G1 X106.362 Y105.259 E0.00003
G1 X106.449 Y105.209 E0.00003
G1 X106.535 Y105.159 E0.00003
G1 X106.622 Y105.109 E0.00003
G1 X106.709 Y105.059 E0.00003
G1 X106.795 Y105.009 E0.00003
G1 X106.882 Y104.959 E0.00003
G1 X106.968 Y104.909 E0.00003
G1 X107.055 Y104.859 E0.00003
G1 X107.142 Y104.809 E0.00003
G1 X107.228 Y104.759 E0.00003
G1 X107.315 Y104.709 E0.00003
G1 X107.401 Y104.659 E0.00003
G1 X107.488 Y104.609 E0.00003
G1 X107.575 Y104.559 E0.00003
G1 X107.661 Y104.509 E0.00003
G1 X107.748 Y104.459 E0.00003
G1 X107.835 Y104.409 E0.00003
G1 X107.921 Y104.359 E0.00003
G1 X108.008 Y104.309 E0.00003
G1 X108.094 Y104.259 E0.00003
G1 X108.181 Y104.209 E0.00003
G1 X108.268 Y104.159 E0.00003
G1 X108.354 Y104.109 E0.00003
G1 X108.441 Y104.059 E0.00003
G1 X108.527 Y104.009 E0.00003
G1 X108.614 Y103.959 E0.00003
G1 X108.701 Y103.909 E0.00003
G1 X108.787 Y103.859 E0.00003
G1 X108.756 Y103.879 E0.00001
G1 F996.2 X108.765 Y103.876 E0
G1 F986.9 X108.775 Y103.873 E0
G1 F977.8 X108.784 Y103.869 E0
G1 F968.8 X108.794 Y103.866 E0
G1 F960 X108.803 Y103.863 E0
G1 F951.4 X108.813 Y103.859 E0
G1 F942.9 X108.822 Y103.856 E0
G1 F934.5 X108.832 Y103.853 E0
G1 F926.3 X108.841 Y103.85 E0
G1 F918.3 X108.85 Y103.846 E0
G1 F910.3 X108.86 Y103.843 E0
G1 F902.6 X108.869 Y103.84 E0
G1 F894.9 X108.879 Y103.836 E0
G1 F887.4 X108.888 Y103.833 E0
G1 F880 X108.898 Y103.83 E0
G1 F872.7 X108.911 Y103.827 E0
G1 F858.5 X108.921 Y103.825 E0
G1 F844.8 X108.931 Y103.824 E0
G1 F831.5 X108.941 Y103.822 E0
G1 F821.8 X108.951 Y103.821 E0
G1 F809.2 X108.961 Y103.819 E0
G1 F797 X108.971 Y103.818 E0
G1 F785.1 X108.981 Y103.816 E0
G1 F773.6 X108.995 Y103.815 E0
G1 F759.7 X109.006 Y103.814 E0
G1 F746.3 X109.017 Y103.814 E0
G1 F733.3 X109.028 Y103.813 E0
G1 F723.3 X109.039 Y103.813 E0
G1 F711.1 X109.05 Y103.812 E0
G1 F699.3 X109.061 Y103.812 E0
G1 F687.9 X109.072 Y103.811 E0
G1 X109.076 Y103.82 E0
G1 F697 X109.08 Y103.829 E0
G1 F706.4 X109.084 Y103.838 E0
G1 F715.9 X109.089 Y103.847 E0
G1 F728.3 X109.093 Y103.856 E0
G1 F738.5 X109.097 Y103.865 E0
G1 F748.9 X109.101 Y103.874 E0
G1 F759.7 X109.106 Y103.883 E0
G1 F773.6 X109.11 Y103.892 E0
G1 F785.1 X109.114 Y103.901 E0
G1 F797 X109.118 Y103.91 E0
G1 F812.3 X109.123 Y103.919 E0
G1 F825 X109.127 Y103.928 E0
G1 F838.1 X109.131 Y103.937 E0
G1 F851.6 X109.135 Y103.946 E0
G1 F865.6 X109.14 Y103.961 E0
G1 F876.3 X109.143 Y103.972 E0
G1 F887.4 X109.146 Y103.982 E0
G1 F894.9 X109.149 Y103.993 E0
G1 F906.4 X109.152 Y104.004 E0
G1 F918.3 X109.155 Y104.014 E0
G1 F926.3 X109.156 Y104.022 E0
G1 F934.5 X109.158 Y104.033 E0
G1 F938.7 X109.159 Y104.044 E0
G1 F947.1 X109.161 Y104.055 E0
G1 F951.4 X109.162 Y104.066 E0
G1 F960 X109.164 Y104.077 E0
G1 F968.8 X109.165 Y104.088 E0
G1 F973.3 X109.167 Y104.099 E0
G1 F982.3 X109.168 Y104.11 E0
G1 F986.9 X109.17 Y104.121 E0
G1 F996.2 X109.172 Y104.132 E0
G1 F1000.9 X109.172 Y104.231 E0.00003
G1 X109.172 Y104.33 E0.00003
G1 X109.172 Y104.429 E0.00003
G1 X109.172 Y104.528 E0.00003
G1 X109.172 Y104.627 E0.00003
G1 X109.172 Y104.726 E0.00003
G1 X109.172 Y104.825 E0.00003
G1 X109.172 Y104.924 E0.00003
G1 X109.172 Y105.023 E0.00003
G1 X109.172 Y105.122 E0.00003
G1 X109.172 Y105.221 E0.00003
G1 X109.172 Y105.32 E0.00003
G1 X109.172 Y105.419 E0.00003
G1 X109.172 Y105.518 E0.00003
G1 X109.172 Y105.617 E0.00003
G1 X109.172 Y105.716 E0.00003
G1 X109.172 Y105.815 E0.00003
G1 X109.172 Y105.914 E0.00003
G1 X109.172 Y106.013 E0.00003
G1 X109.172 Y106.112 E0.00003
G1 X109.172 Y106.211 E0.00003
G1 X109.172 Y106.31 E0.00003
G1 X109.172 Y106.409 E0.00003
G1 X109.172 Y106.508 E0.00003
G1 X109.172 Y106.607 E0.00003
G1 X109.172 Y106.706 E0.00003
G1 X109.172 Y106.805 E0.00003
G1 X109.172 Y106.904 E0.00003
G1 X109.172 Y107.003 E0.00003
G1 X109.172 Y107.102 E0.00003
G1 X109.172 Y107.201 E0.00003
G1 X109.172 Y107.3 E0.00003
G1 X109.172 Y107.399 E0.00003
G1 X109.172 Y107.498 E0.00003
G1 X109.172 Y107.597 E0.00003
G1 X109.172 Y107.696 E0.00003
G1 X109.172 Y107.795 E0.00003
G1 X109.172 Y107.894 E0.00003
G1 X109.172 Y107.993 E0.00003
G1 X109.172 Y108.092 E0.00003
G1 X109.172 Y108.191 E0.00003
G1 X109.172 Y108.29 E0.00003
G1 X109.172 Y108.389 E0.00003
G1 X109.172 Y108.488 E0.00003
G1 X109.172 Y108.587 E0.00003
G1 X109.172 Y108.686 E0.00003
G1 X109.172 Y108.785 E0.00003
G1 X109.172 Y108.884 E0.00003
G1 X109.172 Y108.983 E0.00003
G1 X109.172 Y109.082 E0.00003
G1 X109.172 Y109.181 E0.00003
G1 X109.172 Y109.28 E0.00003
G1 X109.172 Y109.379 E0.00003
G1 X109.172 Y109.478 E0.00003
G1 X109.172 Y109.577 E0.00003
G1 X109.172 Y109.676 E0.00003
G1 X109.172 Y109.775 E0.00003
G1 X109.172 Y109.874 E0.00003
G1 X109.172 Y109.973 E0.00003
G1 F1005.7 X109.173 Y110.072 E0.00003
G1 X109.173 Y110.171 E0.00003
G1 X109.173 Y110.27 E0.00003
G1 X109.173 Y110.369 E0.00003
G1 X109.173 Y110.468 E0.00003
G1 X109.173 Y110.567 E0.00003
G1 X109.173 Y110.666 E0.00003
G1 X109.173 Y110.765 E0.00003
G1 X109.173 Y110.864 E0.00003
G1 X109.173 Y110.963 E0.00003
G1 X109.173 Y111.062 E0.00003
G1 X109.173 Y111.161 E0.00003
G1 X109.173 Y111.26 E0.00003
G1 X109.173 Y111.359 E0.00003
G1 X109.173 Y111.458 E0.00003
G1 X109.173 Y111.557 E0.00003
G1 X109.173 Y111.656 E0.00003
G1 X109.173 Y111.755 E0.00003
G1 X109.173 Y111.854 E0.00003
G1 X109.173 Y111.953 E0.00003
G1 X109.173 Y112.052 E0.00003
G1 X109.173 Y112.151 E0.00003
G1 X109.173 Y112.25 E0.00003
G1 X109.173 Y112.349 E0.00003
G1 X109.173 Y112.448 E0.00003
G1 X109.173 Y112.547 E0.00003
G1 X109.173 Y112.646 E0.00003
G1 X109.173 Y112.745 E0.00003
G1 X109.173 Y112.844 E0.00003
G1 X109.173 Y112.943 E0.00003
G1 X109.173 Y113.042 E0.00003
G1 X109.173 Y113.141 E0.00003
G1 X109.173 Y113.24 E0.00003
G1 X109.173 Y113.339 E0.00003
G1 X109.173 Y113.438 E0.00003
G1 X109.173 Y113.537 E0.00003
G1 X109.173 Y113.636 E0.00003
G1 X109.173 Y113.735 E0.00003
G1 X109.173 Y113.834 E0.00003
G1 X109.173 Y113.933 E0.00003
G1 X109.173 Y114.032 E0.00003
G1 X109.173 Y114.131 E0.00003
G1 X109.173 Y114.23 E0.00003
G1 X109.173 Y114.329 E0.00003
G1 X109.173 Y114.428 E0.00003
G1 X109.173 Y114.527 E0.00003
G1 X109.173 Y114.626 E0.00003
G1 X109.173 Y114.725 E0.00003
G1 X109.173 Y114.824 E0.00003
G1 X109.173 Y114.923 E0.00003
G1 X109.173 Y115.022 E0.00003
G1 X109.173 Y115.121 E0.00003
G1 X109.173 Y115.22 E0.00003
G1 X109.173 Y115.319 E0.00003
G1 X109.173 Y115.418 E0.00003
G1 X109.173 Y115.517 E0.00003
G1 X109.173 Y115.616 E0.00003
G1 X109.173 Y115.715 E0.00003
G1 X109.173 Y115.814 E0.00003
G0 F24000 X109.173 Y115.896
G0 X109.159 Y115.972
G0 X109.142 Y116.036
G0 X109.134 Y116.055
G1 F60 E-0.001
G1 F18000 Z2.8
G0 F24000 X98.347 Y109.993 Z2.8
G1 F18000 Z0.8
G1 F60 E0.001
G1 F679.1 X98.341 Y109.996 E0
G1 F683.5 X98.347 Y110.003 E0
G1 F692.5 X98.353 Y110.011 E0
G1 F701.7 X98.359 Y110.019 E0
G1 F711.1 X98.365 Y110.027 E0
G1 F720.8 X98.372 Y110.035 E0
G1 F730.8 X98.378 Y110.043 E0
G1 F738.5 X98.384 Y110.051 E0
G1 F748.9 X98.39 Y110.058 E0
G1 F759.7 X98.396 Y110.066 E0
G1 F770.8 X98.403 Y110.074 E0
G1 F782.2 X98.409 Y110.082 E0
G1 F794 X98.415 Y110.09 E0
G1 F803 X98.421 Y110.098 E0
G1 F815.4 X98.427 Y110.106 E0
G1 F828.2 X98.434 Y110.113 E0
G1 F841.4 X98.44 Y110.121 E0
G1 F855.1 X98.446 Y110.129 E0
G1 F869.1 X98.452 Y110.137 E0
G1 F880 X98.463 Y110.148 E0
G1 F891.1 X98.472 Y110.157 E0
G1 F902.6 X98.481 Y110.166 E0
G1 F914.3 X98.491 Y110.175 E0
G1 F926.3 X98.5 Y110.184 E0
G1 F934.5 X98.508 Y110.19 E0
G1 F942.9 X98.518 Y110.197 E0
G1 F951.4 X98.527 Y110.204 E0
G1 F955.7 X98.537 Y110.211 E0
G1 F964.4 X98.546 Y110.218 E0
G1 F973.3 X98.556 Y110.225 E0
G1 F977.8 X98.566 Y110.233 E0
G1 F986.9 X98.575 Y110.24 E0
G1 F996.2 X98.585 Y110.247 E0
G1 X108.775 Y116.131 E0.00311
G1 F991.5 X108.785 Y116.134 E0
G1 F982.3 X108.795 Y116.137 E0
G1 F973.3 X108.806 Y116.141 E0
G1 F964.4 X108.816 Y116.144 E0
G1 F955.7 X108.827 Y116.148 E0
G1 F947.1 X108.837 Y116.151 E0
G1 F938.7 X108.847 Y116.155 E0
G1 F930.4 X108.858 Y116.158 E0
G1 F922.3 X108.868 Y116.161 E0
G1 F910.3 X108.876 Y116.163 E0
G1 F898.7 X108.887 Y116.165 E0
G1 F887.4 X108.898 Y116.168 E0
G1 F876.3 X108.909 Y116.17 E0
G1 F865.6 X108.919 Y116.173 E0
G1 F851.6 X108.929 Y116.174 E0
G1 F838.1 X108.94 Y116.176 E0
G1 F825 X108.951 Y116.178 E0
G1 F812.3 X108.962 Y116.179 E0
G1 F800 X108.973 Y116.181 E0
G1 F788.1 X108.984 Y116.183 E0
G1 F776.5 X108.995 Y116.184 E0
G1 F765.2 X109.009 Y116.186 E0
G1 F748.9 X109.022 Y116.187 E0
G1 F735.9 X109.035 Y116.188 E0
G1 F720.8 X109.047 Y116.19 E0
G1 F706.4 X109.06 Y116.192 E0
G1 F692.5 X109.073 Y116.194 E0.00001
G1 F683.5 X109.08 Y116.19 E0
G1 F690.2 X109.083 Y116.181 E0
G1 F699.3 X109.087 Y116.172 E0
G1 F708.7 X109.091 Y116.163 E0
G1 F718.4 X109.094 Y116.153 E0
G1 F728.3 X109.098 Y116.144 E0
G1 F741.1 X109.102 Y116.135 E0
G1 F751.6 X109.106 Y116.126 E0
G1 F762.5 X109.109 Y116.116 E0
G1 F773.6 X109.113 Y116.107 E0
G1 F785.1 X109.117 Y116.098 E0
G1 F797 X109.121 Y116.088 E0
G1 F812.3 X109.124 Y116.079 E0
G1 F825 X109.128 Y116.07 E0
G1 F838.1 X109.132 Y116.061 E0
G1 F851.6 X109.136 Y116.051 E0
G1 F865.6 X109.139 Y116.042 E0
G1 F880 X109.144 Y116.026 E0.00001
G1 F891.1 X109.147 Y116.015 E0
G1 F902.6 X109.15 Y116.004 E0
G1 F910.3 X109.153 Y115.994 E0
G1 F922.3 X109.156 Y115.983 E0
G1 F934.5 X109.159 Y115.972 E0
G1 F947.1 X109.161 Y115.96 E0
G1 F955.7 X109.163 Y115.947 E0
G1 F964.4 X109.166 Y115.934 E0
G1 F977.8 X109.168 Y115.921 E0
G1 F986.9 X109.17 Y115.908 E0
G1 F996.2 X109.173 Y115.896 E0
G1 F1005.7 X109.174 Y115.86 E0.00001
G1 X109.174 Y115.761 E0.00003
G1 X109.174 Y115.662 E0.00003
G1 X109.174 Y115.563 E0.00003
G1 X109.174 Y115.464 E0.00003
G1 X109.174 Y115.365 E0.00003
G1 X109.174 Y115.266 E0.00003
G1 X109.174 Y115.167 E0.00003
G1 X109.174 Y115.068 E0.00003
G1 X109.174 Y114.969 E0.00003
G1 X109.174 Y114.87 E0.00003
G1 X109.174 Y114.771 E0.00003
G1 X109.174 Y114.672 E0.00003
G1 X109.174 Y114.573 E0.00003
G1 X109.174 Y114.474 E0.00003
G1 X109.174 Y114.375 E0.00003
G1 X109.174 Y114.276 E0.00003
G1 X109.174 Y114.177 E0.00003
G1 X109.174 Y114.078 E0.00003
G1 X109.174 Y113.979 E0.00003
G1 X109.174 Y113.88 E0.00003
G1 X109.174 Y113.781 E0.00003
G1 X109.174 Y113.682 E0.00003
G1 X109.174 Y113.583 E0.00003
G1 X109.174 Y113.484 E0.00003
G1 X109.174 Y113.385 E0.00003
G1 X109.174 Y113.286 E0.00003
G1 X109.174 Y113.187 E0.00003
G1 X109.174 Y113.088 E0.00003
G1 X109.174 Y112.989 E0.00003
G1 X109.174 Y112.89 E0.00003
G1 X109.174 Y112.791 E0.00003
G1 X109.174 Y112.692 E0.00003
G1 X109.174 Y112.593 E0.00003
G1 X109.174 Y112.494 E0.00003
G1 X109.174 Y112.395 E0.00003
G1 X109.174 Y112.296 E0.00003
G1 X109.174 Y112.197 E0.00003
G1 X109.174 Y112.098 E0.00003
G1 X109.174 Y111.999 E0.00003
G1 X109.174 Y111.9 E0.00003
G1 X109.174 Y111.801 E0.00003
G1 X109.174 Y111.702 E0.00003
G1 X109.174 Y111.603 E0.00003
G1 X109.174 Y111.504 E0.00003
G1 X109.174 Y111.405 E0.00003
G1 X109.174 Y111.306 E0.00003
G1 X109.174 Y111.207 E0.00003
G1 X109.174 Y111.108 E0.00003
G1 X109.174 Y111.009 E0.00003
G1 X109.174 Y110.91 E0.00003
G1 X109.174 Y110.811 E0.00003
G1 X109.174 Y110.712 E0.00003
G1 X109.174 Y110.613 E0.00003
G1 X109.174 Y110.514 E0.00003
G1 X109.174 Y110.415 E0.00003
G1 X109.174 Y110.316 E0.00003
G1 X109.174 Y110.217 E0.00003
G1 X109.174 Y110.118 E0.00003
G1 X109.174 Y110.019 E0.00003
G1 F1000.9 X109.173 Y109.92 E0.00003
G1 X109.173 Y109.821 E0.00003
G1 X109.173 Y109.722 E0.00003
G1 X109.173 Y109.623 E0.00003
G1 X109.173 Y109.524 E0.00003
G1 X109.173 Y109.425 E0.00003
G1 X109.173 Y109.326 E0.00003
G1 X109.173 Y109.227 E0.00003
G1 X109.173 Y109.128 E0.00003
G1 X109.173 Y109.029 E0.00003
G1 X109.173 Y108.93 E0.00003
G1 X109.173 Y108.831 E0.00003
G1 X109.173 Y108.732 E0.00003
G1 X109.173 Y108.633 E0.00003
G1 X109.173 Y108.534 E0.00003
G1 X109.173 Y108.435 E0.00003
G1 X109.173 Y108.336 E0.00003
G1 X109.173 Y108.237 E0.00003
G1 X109.173 Y108.138 E0.00003
G1 X109.173 Y108.039 E0.00003
G1 X109.173 Y107.94 E0.00003
G1 X109.173 Y107.841 E0.00003
G1 X109.173 Y107.742 E0.00003
G1 X109.173 Y107.643 E0.00003
G1 X109.173 Y107.544 E0.00003
G1 X109.173 Y107.445 E0.00003
G1 X109.173 Y107.346 E0.00003
G1 X109.173 Y107.247 E0.00003
G1 X109.173 Y107.148 E0.00003
G1 X109.173 Y107.049 E0.00003
G1 X109.173 Y106.95 E0.00003
G1 X109.173 Y106.851 E0.00003
G1 X109.173 Y106.752 E0.00003
G1 X109.173 Y106.653 E0.00003
G1 X109.173 Y106.554 E0.00003
G1 X109.173 Y106.455 E0.00003
G1 X109.173 Y106.356 E0.00003
G1 X109.173 Y106.257 E0.00003
G1 X109.173 Y106.158 E0.00003
G1 X109.173 Y106.059 E0.00003
G1 X109.173 Y105.96 E0.00003
G1 X109.173 Y105.861 E0.00003
G1 X109.173 Y105.762 E0.00003
G1 X109.173 Y105.663 E0.00003
G1 X109.173 Y105.564 E0.00003
G1 X109.173 Y105.465 E0.00003
G1 X109.173 Y105.366 E0.00003
G1 X109.173 Y105.267 E0.00003
G1 X109.173 Y105.168 E0.00003
G1 X109.173 Y105.069 E0.00003
G1 X109.173 Y104.97 E0.00003
G1 X109.173 Y104.871 E0.00003
G1 X109.173 Y104.772 E0.00003
G1 X109.173 Y104.673 E0.00003
G1 X109.173 Y104.574 E0.00003
G1 X109.173 Y104.475 E0.00003
G1 X109.173 Y104.376 E0.00003
G1 X109.173 Y104.277 E0.00003
G1 X109.173 Y104.178 E0.00003
G1 F996.2 X109.171 Y104.122 E0.00001
G1 F986.9 X109.169 Y104.111 E0
G1 F982.3 X109.168 Y104.1 E0
G1 F973.3 X109.166 Y104.089 E0
G1 F968.8 X109.165 Y104.078 E0
G1 F960 X109.163 Y104.067 E0
G1 F951.4 X109.162 Y104.056 E0
G1 F947.1 X109.16 Y104.045 E0
G1 F938.7 X109.159 Y104.034 E0
G1 F934.5 X109.157 Y104.023 E0
G1 F926.3 X109.155 Y104.012 E0
G1 F918.3 X109.153 Y104.002 E0
G1 F906.4 X109.15 Y103.991 E0
G1 F894.9 X109.147 Y103.981 E0
G1 F887.4 X109.144 Y103.97 E0
G1 F876.3 X109.141 Y103.959 E0
G1 F865.6 X109.138 Y103.949 E0
G1 F851.6 X109.135 Y103.942 E0
G1 F838.1 X109.131 Y103.933 E0
G1 F825 X109.127 Y103.924 E0
G1 F812.3 X109.123 Y103.915 E0
G1 F797 X109.12 Y103.905 E0
G1 F785.1 X109.116 Y103.896 E0
G1 F773.6 X109.112 Y103.887 E0
G1 F759.7 X109.108 Y103.878 E0
G1 F748.9 X109.104 Y103.868 E0
G1 F738.5 X109.101 Y103.859 E0
G1 F728.3 X109.097 Y103.85 E0
G1 F715.9 X109.093 Y103.841 E0
G1 F706.4 X109.089 Y103.831 E0
G1 F697 X109.086 Y103.822 E0
G1 F687.9 X109.082 Y103.813 E0
G1 F681.3 X109.072 Y103.803 E0.00001
G1 F687.9 X109.062 Y103.804 E0
G1 F699.3 X109.051 Y103.805 E0
G1 F711.1 X109.04 Y103.807 E0
G1 F723.3 X109.029 Y103.808 E0
G1 F733.3 X109.018 Y103.81 E0
G1 F746.3 X109.007 Y103.811 E0
G1 F759.7 X108.996 Y103.813 E0
G1 F773.6 X108.985 Y103.814 E0
G1 F785.1 X108.975 Y103.816 E0
G1 F797 X108.965 Y103.818 E0
G1 F809.2 X108.955 Y103.819 E0
G1 F821.8 X108.945 Y103.821 E0
G1 F831.5 X108.935 Y103.822 E0
G1 F844.8 X108.925 Y103.824 E0
G1 F858.5 X108.915 Y103.825 E0
G1 F872.7 X108.905 Y103.827 E0
G1 F880 X108.893 Y103.831 E0
G1 F887.4 X108.884 Y103.834 E0
G1 F894.9 X108.874 Y103.837 E0
G1 F902.6 X108.865 Y103.841 E0
G1 F910.3 X108.855 Y103.844 E0
G1 F918.3 X108.846 Y103.847 E0
G1 F926.3 X108.836 Y103.851 E0
G1 F934.5 X108.827 Y103.854 E0
G1 F942.9 X108.817 Y103.857 E0
G1 F951.4 X108.808 Y103.86 E0
G1 F960 X108.799 Y103.864 E0
G1 F968.8 X108.789 Y103.867 E0
G1 F977.8 X108.78 Y103.87 E0
G1 F986.9 X108.77 Y103.874 E0
G1 F996.2 X108.761 Y103.877 E0
G1 F1005.7 X108.751 Y103.88 E0
G1 X108.661 Y103.931 E0.00003
G1 X108.574 Y103.981 E0.00003
G1 X108.488 Y104.031 E0.00003
G1 X108.401 Y104.081 E0.00003
G1 X108.314 Y104.131 E0.00003
G1 X108.228 Y104.181 E0.00003
G1 X108.141 Y104.231 E0.00003
G1 X108.055 Y104.281 E0.00003
G1 X107.968 Y104.331 E0.00003
G1 X107.881 Y104.381 E0.00003
G1 X107.795 Y104.431 E0.00003
G1 X107.708 Y104.481 E0.00003
G1 X107.622 Y104.531 E0.00003
G1 X107.535 Y104.581 E0.00003
G1 X107.448 Y104.631 E0.00003
G1 X107.362 Y104.681 E0.00003
G1 X107.275 Y104.731 E0.00003
G1 X107.189 Y104.781 E0.00003
G1 X107.102 Y104.831 E0.00003
G1 X107.015 Y104.881 E0.00003
G1 X106.929 Y104.931 E0.00003
G1 X106.842 Y104.981 E0.00003
G1 X106.756 Y105.031 E0.00003
G1 X106.669 Y105.081 E0.00003
G1 X106.582 Y105.131 E0.00003
G1 X106.496 Y105.181 E0.00003
G1 X106.409 Y105.231 E0.00003
G1 X106.322 Y105.281 E0.00003
G1 X106.236 Y105.331 E0.00003
G1 X106.149 Y105.381 E0.00003
G1 X106.063 Y105.431 E0.00003
G1 X105.976 Y105.481 E0.00003
G1 X105.889 Y105.531 E0.00003
G1 X105.803 Y105.581 E0.00003
G1 X105.716 Y105.631 E0.00003
G1 X105.63 Y105.681 E0.00003
G1 X105.543 Y105.731 E0.00003
G1 X105.456 Y105.781 E0.00003
G1 X105.37 Y105.831 E0.00003
G1 X105.283 Y105.881 E0.00003
G1 X105.197 Y105.931 E0.00003
G1 X105.11 Y105.981 E0.00003
G1 X105.023 Y106.031 E0.00003
G1 X104.937 Y106.081 E0.00003
G1 X104.85 Y106.131 E0.00003
G1 X104.764 Y106.181 E0.00003
G1 X104.677 Y106.231 E0.00003
G1 X104.59 Y106.281 E0.00003
G1 X104.504 Y106.331 E0.00003
G1 X104.417 Y106.381 E0.00003
G1 X104.331 Y106.431 E0.00003
G1 X104.244 Y106.481 E0.00003
G1 X104.157 Y106.531 E0.00003
G1 X104.071 Y106.581 E0.00003
G1 X103.984 Y106.631 E0.00003
G1 X103.897 Y106.681 E0.00003
G1 X103.811 Y106.731 E0.00003
G1 X103.724 Y106.781 E0.00003
G1 X103.638 Y106.831 E0.00003
G1 F1000.9 X103.551 Y106.881 E0.00003
G1 X103.464 Y106.931 E0.00003
G1 X103.378 Y106.981 E0.00003
G1 X103.291 Y107.031 E0.00003
G1 X103.205 Y107.081 E0.00003
G1 X103.118 Y107.131 E0.00003
G1 X103.031 Y107.181 E0.00003
G1 X102.945 Y107.231 E0.00003
G1 X102.858 Y107.281 E0.00003
G1 X102.772 Y107.331 E0.00003
G1 X102.685 Y107.381 E0.00003
G1 X102.598 Y107.431 E0.00003
G1 X102.512 Y107.481 E0.00003
G1 X102.425 Y107.531 E0.00003
G1 X102.339 Y107.581 E0.00003
G1 X102.252 Y107.631 E0.00003
G1 X102.165 Y107.681 E0.00003
G1 X102.079 Y107.731 E0.00003
G1 X101.992 Y107.781 E0.00003
G1 X101.905 Y107.831 E0.00003
G1 X101.819 Y107.881 E0.00003
G1 X101.732 Y107.931 E0.00003
G1 X101.646 Y107.981 E0.00003
G1 X101.559 Y108.031 E0.00003
G1 X101.472 Y108.081 E0.00003
G1 X101.386 Y108.131 E0.00003
G1 X101.299 Y108.181 E0.00003
G1 X101.213 Y108.231 E0.00003
G1 X101.126 Y108.281 E0.00003
G1 X101.039 Y108.331 E0.00003
G1 X100.953 Y108.381 E0.00003
G1 X100.866 Y108.431 E0.00003
G1 X100.78 Y108.481 E0.00003
G1 X100.693 Y108.531 E0.00003
G1 X100.606 Y108.581 E0.00003
G1 X100.52 Y108.631 E0.00003
G1 X100.433 Y108.681 E0.00003
G1 X100.347 Y108.731 E0.00003
G1 X100.26 Y108.781 E0.00003
G1 X100.173 Y108.831 E0.00003
G1 X100.087 Y108.881 E0.00003
G1 X100 Y108.931 E0.00003
G1 X99.914 Y108.981 E0.00003
G1 X99.827 Y109.031 E0.00003
G1 X99.74 Y109.081 E0.00003
G1 X99.654 Y109.131 E0.00003
G1 X99.567 Y109.181 E0.00003
G1 X99.48 Y109.231 E0.00003
G1 X99.394 Y109.281 E0.00003
G1 X99.307 Y109.331 E0.00003
G1 X99.221 Y109.381 E0.00003
G1 X99.134 Y109.431 E0.00003
G1 X99.047 Y109.481 E0.00003
G1 X98.961 Y109.531 E0.00003
G1 X98.874 Y109.581 E0.00003
G1 X98.788 Y109.631 E0.00003
G1 X98.701 Y109.681 E0.00003
G1 X98.614 Y109.731 E0.00003
G1 X98.528 Y109.781 E0.00003
G1 F991.5 X98.544 Y109.776 E0
G1 F977.8 X98.53 Y109.787 E0
G1 F964.4 X98.516 Y109.798 E0
G1 F951.4 X98.502 Y109.809 E0
G1 F938.7 X98.494 Y109.818 E0
G1 F926.3 X98.487 Y109.826 E0
G1 F910.3 X98.479 Y109.834 E0
G1 F898.7 X98.472 Y109.842 E0
G1 F887.4 X98.464 Y109.85 E0
G1 F876.3 X98.457 Y109.858 E0
G1 F865.6 X98.45 Y109.867 E0
G1 F851.6 X98.442 Y109.875 E0
G1 F841.4 X98.435 Y109.883 E0
G1 F831.5 X98.427 Y109.891 E0
G1 F821.8 X98.42 Y109.899 E0
G1 F812.3 X98.413 Y109.907 E0
G1 F800 X98.405 Y109.916 E0
G1 F791 X98.398 Y109.924 E0
G1 F779.3 X98.396 Y109.928 E0
G1 F765.2 X98.389 Y109.938 E0
G1 F751.6 X98.382 Y109.948 E0
G1 F738.5 X98.375 Y109.958 E0
G1 F725.8 X98.368 Y109.968 E0
G1 F713.5 X98.362 Y109.975 E0
G1 F699.3 X98.355 Y109.983 E0
G1 F685.7 X98.348 Y109.992 E0
G0 F24000 X98.341 Y109.996
G0 X98.454 Y110.139
G0 X98.461 Y110.146
G1 F60 E-0.001
G1 F18000 Z2.8
G0 F24000 X97.354 Y108.229 Z2.8
G1 F18000 Z0.8
G1 F60 E0.001
G1 F894.9 X97.352 Y108.218 E0
G1 F906.4 X97.349 Y108.206 E0
G1 F914.3 X97.346 Y108.195 E0
G1 F926.3 X97.343 Y108.183 E0
G1 F938.7 X97.34 Y108.171 E0
G1 F951.4 X97.337 Y108.157 E0
G1 F960 X97.335 Y108.143 E0
G1 F968.8 X97.332 Y108.129 E0
G1 F982.3 X97.33 Y108.115 E0
G1 F991.5 X97.328 Y108.101 E0
G1 F1000.9 X97.327 Y107.904 E0.00005
G1 X97.327 Y107.708 E0.00005
G1 X97.327 Y107.512 E0.00005
G1 X97.327 Y107.316 E0.00005
G1 X97.327 Y107.12 E0.00005
G1 X97.326 Y106.924 E0.00005
G1 X97.326 Y106.728 E0.00005
G1 X97.326 Y106.532 E0.00005
G1 X97.326 Y106.336 E0.00005
G1 X97.326 Y106.14 E0.00005
G1 X97.326 Y105.944 E0.00005
G1 X97.325 Y105.748 E0.00005
G1 X97.325 Y105.552 E0.00005
G1 X97.325 Y105.356 E0.00005
G1 X97.325 Y105.16 E0.00005
G1 X97.325 Y104.964 E0.00005
G1 X97.325 Y104.768 E0.00005
G1 X97.324 Y104.572 E0.00005
G1 X97.324 Y104.376 E0.00005
G1 X97.324 Y104.18 E0.00005
G1 X97.324 Y103.984 E0.00005
G1 X97.324 Y103.788 E0.00005
G1 X97.324 Y103.592 E0.00005
G1 X97.323 Y103.396 E0.00005
G1 X97.323 Y103.2 E0.00005
G1 X97.323 Y103.004 E0.00005
G1 X97.323 Y102.808 E0.00005
G1 X97.323 Y102.612 E0.00005
G1 X97.323 Y102.416 E0.00005
G1 X97.322 Y102.602 E0.00005
G1 X97.322 Y102.798 E0.00005
G1 X97.322 Y102.994 E0.00005
G1 X97.322 Y103.19 E0.00005
G1 X97.322 Y103.386 E0.00005
G1 X97.323 Y103.582 E0.00005
G1 X97.323 Y103.778 E0.00005
G1 X97.323 Y103.974 E0.00005
G1 X97.323 Y104.17 E0.00005
G1 X97.323 Y104.366 E0.00005
G1 X97.323 Y104.562 E0.00005
G1 X97.324 Y104.758 E0.00005
G1 X97.324 Y104.954 E0.00005
G1 X97.324 Y105.15 E0.00005
G1 X97.324 Y105.346 E0.00005
G1 X97.324 Y105.542 E0.00005
G1 X97.324 Y105.738 E0.00005
G1 X97.325 Y105.934 E0.00005
G1 X97.325 Y106.13 E0.00005
G1 X97.325 Y106.326 E0.00005
G1 X97.325 Y106.522 E0.00005
G1 X97.325 Y106.718 E0.00005
G1 X97.325 Y106.914 E0.00005
G1 X97.326 Y107.11 E0.00005
G1 X97.326 Y107.306 E0.00005
G1 X97.326 Y107.502 E0.00005
G1 X97.326 Y107.698 E0.00005
G1 X97.326 Y107.894 E0.00005
G1 X97.326 Y108.09 E0.00005
G1 F991.5 X97.329 Y108.113 E0.00001
G1 F982.3 X97.331 Y108.127 E0
G1 F968.8 X97.334 Y108.141 E0
G1 F960 X97.336 Y108.155 E0
G1 F951.4 X97.338 Y108.169 E0
G1 F938.7 X97.341 Y108.181 E0
G1 F926.3 X97.344 Y108.193 E0
G1 F914.3 X97.347 Y108.204 E0
G1 F906.4 X97.35 Y108.216 E0
G1 F894.9 X97.353 Y108.228 E0
G1 F883.7 X97.357 Y108.238 E0
G1 F869.1 X97.361 Y108.247 E0
G1 F855.1 X97.365 Y108.256 E0
G1 F841.4 X97.369 Y108.265 E0
G1 F828.2 X97.373 Y108.275 E0
G1 F815.4 X97.377 Y108.284 E0
G1 F803 X97.381 Y108.293 E0
G1 F791 X97.385 Y108.302 E0
G1 F779.3 X97.389 Y108.311 E0
G1 F768 X97.393 Y108.321 E0
G1 F757 X97.396 Y108.33 E0
G1 F746.3 X97.4 Y108.339 E0
G1 F735.9 X97.404 Y108.348 E0
G1 F725.8 X97.408 Y108.357 E0
G1 F715.9 X97.412 Y108.367 E0
G1 F706.4 X97.416 Y108.376 E0
G1 F701.7 X97.418 Y108.38 E0
G1 F692.5 X97.421 Y108.401 E0.00001
G1 F683.5 X97.427 Y108.397 E0
G1 F690.2 X97.437 Y108.396 E0
G1 F701.7 X97.447 Y108.394 E0
G1 F715.9 X97.457 Y108.393 E0
G1 F725.8 X97.467 Y108.391 E0
G1 F735.9 X97.477 Y108.39 E0
G1 F746.3 X97.487 Y108.389 E0
G1 F757 X97.497 Y108.387 E0
G1 F768 X97.507 Y108.386 E0
G1 F779.3 X97.517 Y108.385 E0
G1 F791 X97.527 Y108.384 E0
G1 F803 X97.537 Y108.382 E0
G1 F815.4 X97.547 Y108.381 E0
G1 F828.2 X97.557 Y108.38 E0
G1 F841.4 X97.567 Y108.379 E0
G1 F855.1 X97.577 Y108.377 E0
G1 F869.1 X97.587 Y108.376 E0
G1 F883.7 X97.597 Y108.375 E0
G1 F894.9 X97.613 Y108.371 E0
G1 F910.3 X97.626 Y108.367 E0
G1 F922.3 X97.64 Y108.364 E0
G1 F938.7 X97.653 Y108.36 E0
G1 F947.1 X97.664 Y108.356 E0
G1 F955.7 X97.676 Y108.351 E0
G1 F964.4 X97.688 Y108.346 E0
G1 F968.8 X97.7 Y108.341 E0
G1 F977.8 X97.712 Y108.336 E0
G1 F986.9 X97.724 Y108.331 E0
G1 F991.5 X97.736 Y108.326 E0
G1 F1000.9 X97.748 Y108.321 E0
G1 F1010.5 X97.76 Y108.316 E0
G1 X97.929 Y108.218 E0.00005
G1 X98.101 Y108.118 E0.00005
G1 X98.273 Y108.019 E0.00005
G1 X98.446 Y107.919 E0.00005
G1 X98.618 Y107.82 E0.00005
G1 X98.79 Y107.72 E0.00005
G1 X98.963 Y107.621 E0.00005
G1 X99.135 Y107.521 E0.00005
G1 X99.307 Y107.422 E0.00005
G1 X99.48 Y107.322 E0.00005
G1 X99.652 Y107.223 E0.00005
G1 X99.824 Y107.123 E0.00005
G1 X99.997 Y107.024 E0.00005
G1 X100.169 Y106.924 E0.00005
G1 X100.341 Y106.824 E0.00005
G1 X100.514 Y106.725 E0.00005
G1 X100.686 Y106.625 E0.00005
G1 X100.858 Y106.526 E0.00005
G1 X101.03 Y106.426 E0.00005
G1 X101.203 Y106.327 E0.00005
G1 X101.375 Y106.227 E0.00005
G1 X101.547 Y106.128 E0.00005
G1 X101.72 Y106.028 E0.00005
G1 X101.892 Y105.929 E0.00005
G1 X102.064 Y105.829 E0.00005
G1 X102.237 Y105.73 E0.00005
G1 X102.409 Y105.63 E0.00005
G1 X102.581 Y105.531 E0.00005
G1 X102.754 Y105.431 E0.00005
G1 X102.926 Y105.331 E0.00005
G1 X103.098 Y105.232 E0.00005
G1 X103.271 Y105.132 E0.00005
G1 X103.443 Y105.033 E0.00005
G1 X103.615 Y104.933 E0.00005
G1 X103.788 Y104.834 E0.00005
G1 X103.96 Y104.734 E0.00005
G1 X104.132 Y104.635 E0.00005
G1 X104.304 Y104.535 E0.00005
G1 X104.477 Y104.436 E0.00005
G1 X104.649 Y104.336 E0.00005
G1 X104.821 Y104.237 E0.00005
G1 X104.994 Y104.137 E0.00005
G1 X105.166 Y104.038 E0.00005
G1 X105.338 Y103.938 E0.00005
G1 X105.511 Y103.838 E0.00005
G1 X105.683 Y103.739 E0.00005
G1 X105.855 Y103.639 E0.00005
G1 X106.028 Y103.54 E0.00005
G1 X106.2 Y103.44 E0.00005
G1 X106.372 Y103.341 E0.00005
G1 X106.545 Y103.241 E0.00005
G1 X106.717 Y103.142 E0.00005
G1 X106.889 Y103.042 E0.00005
G1 X107.062 Y102.943 E0.00005
G1 X107.234 Y102.843 E0.00005
G1 X107.406 Y102.744 E0.00005
G1 X107.578 Y102.644 E0.00005
G1 X107.751 Y102.545 E0.00005
G1 X107.923 Y102.445 E0.00005
G1 F1000.9 X107.944 Y102.431 E0.00001
G1 F991.5 X107.968 Y102.415 E0.00001
G1 X107.945 Y102.43 E0.00001
G1 F1000.9 X107.921 Y102.446 E0.00001
G1 F1010.5 X107.749 Y102.545 E0.00005
G1 X107.577 Y102.645 E0.00005
G1 X107.405 Y102.744 E0.00005
G1 X107.232 Y102.844 E0.00005
G1 X107.06 Y102.943 E0.00005
G1 X106.888 Y103.043 E0.00005
G1 X106.715 Y103.142 E0.00005
G1 X106.543 Y103.242 E0.00005
G1 X106.371 Y103.341 E0.00005
G1 X106.198 Y103.441 E0.00005
G1 X106.026 Y103.54 E0.00005
G1 X105.854 Y103.64 E0.00005
G1 X105.681 Y103.739 E0.00005
G1 X105.509 Y103.839 E0.00005
G1 X105.337 Y103.939 E0.00005
G1 X105.164 Y104.038 E0.00005
G1 X104.992 Y104.138 E0.00005
G1 X104.82 Y104.237 E0.00005
G1 X104.648 Y104.337 E0.00005
G1 X104.475 Y104.436 E0.00005
G1 X104.303 Y104.536 E0.00005
G1 X104.131 Y104.635 E0.00005
G1 X103.958 Y104.735 E0.00005
G1 X103.786 Y104.834 E0.00005
G1 X103.614 Y104.934 E0.00005
G1 X103.441 Y105.033 E0.00005
G1 X103.269 Y105.133 E0.00005
G1 X103.097 Y105.232 E0.00005
G1 X102.924 Y105.332 E0.00005
G1 X102.752 Y105.432 E0.00005
G1 X102.58 Y105.531 E0.00005
G1 X102.407 Y105.631 E0.00005
G1 X102.235 Y105.73 E0.00005
G1 X102.063 Y105.83 E0.00005
G1 X101.89 Y105.929 E0.00005
G1 X101.718 Y106.029 E0.00005
G1 X101.546 Y106.128 E0.00005
G1 X101.374 Y106.228 E0.00005
G1 X101.201 Y106.327 E0.00005
G1 X101.029 Y106.427 E0.00005
G1 X100.857 Y106.526 E0.00005
G1 X100.684 Y106.626 E0.00005
G1 X100.512 Y106.725 E0.00005
G1 X100.34 Y106.825 E0.00005
G1 X100.167 Y106.925 E0.00005
G1 X99.995 Y107.024 E0.00005
G1 X99.823 Y107.124 E0.00005
G1 X99.65 Y107.223 E0.00005
G1 X99.478 Y107.323 E0.00005
G1 X99.306 Y107.422 E0.00005
G1 X99.133 Y107.522 E0.00005
G1 X98.961 Y107.621 E0.00005
G1 X98.789 Y107.721 E0.00005
G1 X98.616 Y107.82 E0.00005
G1 X98.444 Y107.92 E0.00005
G1 X98.272 Y108.019 E0.00005
G1 X98.1 Y108.119 E0.00005
G1 X97.927 Y108.218 E0.00005
G1 X97.755 Y108.318 E0.00005
G1 X97.745 Y108.321 E0
G1 F1000.9 X97.733 Y108.326 E0
G1 F991.5 X97.721 Y108.331 E0
G1 F986.9 X97.709 Y108.336 E0
G1 F977.8 X97.697 Y108.341 E0
G1 F968.8 X97.685 Y108.346 E0
G1 F964.4 X97.673 Y108.351 E0
G1 F955.7 X97.661 Y108.356 E0
G1 F947.1 X97.649 Y108.361 E0
G1 F938.7 X97.639 Y108.363 E0
G1 F922.3 X97.626 Y108.367 E0
G1 F910.3 X97.612 Y108.37 E0
G1 F894.9 X97.599 Y108.374 E0
G1 F883.7 X97.591 Y108.375 E0
G1 F869.1 X97.581 Y108.376 E0
G1 F855.1 X97.571 Y108.377 E0
G1 F841.4 X97.561 Y108.379 E0
G1 F828.2 X97.551 Y108.38 E0
G1 F815.4 X97.541 Y108.381 E0
G1 F803 X97.531 Y108.382 E0
G1 F791 X97.521 Y108.384 E0
G1 F779.3 X97.511 Y108.385 E0
G1 F768 X97.501 Y108.386 E0
G1 F757 X97.491 Y108.387 E0
G1 F746.3 X97.481 Y108.389 E0
G1 F735.9 X97.471 Y108.39 E0
G1 F725.8 X97.461 Y108.391 E0
G1 F715.9 X97.448 Y108.392 E0
G1 F701.7 X97.438 Y108.391 E0
G1 F690.2 X97.428 Y108.39 E0
G1 F692.5 X97.418 Y108.38 E0.00001
G1 F706.4 X97.415 Y108.371 E0
G1 F715.9 X97.411 Y108.362 E0
G1 F725.8 X97.407 Y108.353 E0
G1 F735.9 X97.403 Y108.344 E0
G1 F746.3 X97.399 Y108.334 E0
G1 F757 X97.395 Y108.325 E0
G1 F768 X97.391 Y108.316 E0
G1 F779.3 X97.387 Y108.307 E0
G1 F791 X97.383 Y108.298 E0
G1 F803 X97.379 Y108.288 E0
G1 F815.4 X97.376 Y108.279 E0
G1 F828.2 X97.372 Y108.27 E0
G1 F841.4 X97.368 Y108.261 E0
G1 F855.1 X97.364 Y108.252 E0
G1 F869.1 X97.36 Y108.242 E0
G1 F883.7 X97.356 Y108.233 E0
G0 F24000 X97.339 Y108.17
G0 X97.327 Y108.1
G0 X97.327 Y108.032
G1 F60 E-0.001
G1 F18000 Z2.8
G0 F24000 X117.03 Y113.733 Z2.8
G1 F18000 Z0.8
G1 F60 E0.001
G1 F1005.7 X117.087 Y113.7 E0.00002
G1 X117.144 Y113.667 E0.00002
G1 X117.201 Y113.634 E0.00002
G1 X117.258 Y113.601 E0.00002
G1 X117.315 Y113.568 E0.00002
G1 X117.372 Y113.535 E0.00002
G1 X117.43 Y113.502 E0.00002
G1 X117.487 Y113.469 E0.00002
G1 X117.544 Y113.436 E0.00002
G1 X117.601 Y113.403 E0.00002
G1 X117.658 Y113.37 E0.00002
G1 X117.715 Y113.337 E0.00002
G1 X117.773 Y113.304 E0.00002
G1 X117.83 Y113.271 E0.00002
G1 X117.887 Y113.238 E0.00002
G1 X117.944 Y113.205 E0.00002
G1 X118.001 Y113.172 E0.00002
G1 X118.058 Y113.139 E0.00002
G1 X118.115 Y113.106 E0.00002
G1 X118.173 Y113.073 E0.00002
G1 X118.23 Y113.04 E0.00002
G1 X118.287 Y113.007 E0.00002
G1 X118.344 Y112.974 E0.00002
G1 X118.401 Y112.941 E0.00002
G1 X118.458 Y112.908 E0.00002
G1 X118.516 Y112.875 E0.00002
G1 X118.573 Y112.842 E0.00002
G1 X118.63 Y112.809 E0.00002
G1 X118.687 Y112.776 E0.00002
G1 X118.744 Y112.743 E0.00002
G1 X118.801 Y112.71 E0.00002
G1 X118.858 Y112.677 E0.00002
G1 X118.916 Y112.644 E0.00002
G1 X118.973 Y112.611 E0.00002
G1 X119.03 Y112.578 E0.00002
G1 F1000.9 X119.087 Y112.545 E0.00002
G1 X119.144 Y112.512 E0.00002
G1 X119.201 Y112.479 E0.00002
G1 X119.259 Y112.446 E0.00002
G1 X119.316 Y112.413 E0.00002
G1 X119.373 Y112.38 E0.00002
G1 X119.43 Y112.347 E0.00002
G1 X119.487 Y112.314 E0.00002
G1 X119.544 Y112.281 E0.00002
G1 X119.601 Y112.248 E0.00002
G1 X119.659 Y112.215 E0.00002
G1 X119.716 Y112.182 E0.00002
G1 X119.773 Y112.149 E0.00002
G1 X119.83 Y112.116 E0.00002
G1 X119.887 Y112.083 E0.00002
G1 X119.944 Y112.05 E0.00002
G1 X120.002 Y112.017 E0.00002
G1 X120.059 Y111.984 E0.00002
G1 X120.116 Y111.951 E0.00002
G1 X120.173 Y111.918 E0.00002
G1 X120.23 Y111.885 E0.00002
G1 X120.287 Y111.852 E0.00002
G1 X120.344 Y111.819 E0.00002
G1 X120.402 Y111.786 E0.00002
G1 X120.459 Y111.753 E0.00002
G1 X120.516 Y111.72 E0.00002
G1 X120.573 Y111.687 E0.00002
G1 X120.63 Y111.654 E0.00002
G1 X120.687 Y111.621 E0.00002
G1 X120.745 Y111.588 E0.00002
G1 X120.802 Y111.555 E0.00002
G1 X120.859 Y111.522 E0.00002
G1 X120.916 Y111.489 E0.00002
G1 X120.973 Y111.456 E0.00002
G1 X121.03 Y111.423 E0.00002
G1 F996.2 X121.087 Y111.39 E0.00002
G1 X121.145 Y111.357 E0.00002
G1 X121.202 Y111.324 E0.00002
G1 X121.259 Y111.291 E0.00002
G1 X121.316 Y111.258 E0.00002
G1 X121.373 Y111.225 E0.00002
G1 X121.43 Y111.192 E0.00002
G1 X121.488 Y111.159 E0.00002
G1 X121.545 Y111.126 E0.00002
G1 X121.602 Y111.093 E0.00002
G1 X121.659 Y111.06 E0.00002
G1 X121.716 Y111.027 E0.00002
G1 X121.773 Y110.994 E0.00002
G1 X121.83 Y110.961 E0.00002
G1 X121.888 Y110.928 E0.00002
G1 X121.945 Y110.895 E0.00002
G1 X122.002 Y110.862 E0.00002
G1 X122.059 Y110.829 E0.00002
G1 X122.116 Y110.796 E0.00002
G1 X122.173 Y110.763 E0.00002
G1 X122.231 Y110.73 E0.00002
G1 X122.288 Y110.697 E0.00002
G1 X122.345 Y110.664 E0.00002
G1 X122.402 Y110.631 E0.00002
G1 X122.459 Y110.598 E0.00002
G1 X122.516 Y110.565 E0.00002
G1 X122.573 Y110.532 E0.00002
G1 X122.631 Y110.499 E0.00002
G1 X122.688 Y110.466 E0.00002
G1 X122.745 Y110.433 E0.00002
G1 X122.802 Y110.4 E0.00002
G1 X122.859 Y110.367 E0.00002
G1 X122.916 Y110.334 E0.00002
G1 X122.974 Y110.301 E0.00002
G1 X123.031 Y110.268 E0.00002
G1 X123.05 Y110.256 E0.00001
G1 F1000.9 X122.965 Y110.305 E0.00003
G1 X122.879 Y110.355 E0.00003
G1 X122.793 Y110.404 E0.00003
G1 X122.708 Y110.454 E0.00003
G1 X122.622 Y110.503 E0.00003
G1 X122.536 Y110.553 E0.00003
G1 X122.45 Y110.602 E0.00003
G1 X122.365 Y110.652 E0.00003
G1 X122.279 Y110.701 E0.00003
G1 X122.193 Y110.751 E0.00003
G1 X122.107 Y110.8 E0.00003
G1 X122.022 Y110.85 E0.00003
G1 X121.936 Y110.899 E0.00003
G1 X121.85 Y110.949 E0.00003
G1 X121.765 Y110.998 E0.00003
G1 X121.679 Y111.048 E0.00003
G1 X121.593 Y111.097 E0.00003
G1 X121.507 Y111.147 E0.00003
G1 X121.422 Y111.196 E0.00003
G1 X121.336 Y111.246 E0.00003
G1 X121.25 Y111.295 E0.00003
G1 X121.164 Y111.345 E0.00003
G1 X121.079 Y111.394 E0.00003
G1 X120.993 Y111.444 E0.00003
G1 X120.907 Y111.493 E0.00003
G1 X120.822 Y111.543 E0.00003
G1 X120.736 Y111.592 E0.00003
G1 X120.65 Y111.642 E0.00003
G1 X120.564 Y111.691 E0.00003
G1 X120.479 Y111.741 E0.00003
G1 X120.393 Y111.79 E0.00003
G1 X120.307 Y111.84 E0.00003
G1 X120.221 Y111.889 E0.00003
G1 X120.136 Y111.939 E0.00003
G1 X120.05 Y111.988 E0.00003
G1 F1005.7 X119.964 Y112.038 E0.00003
G1 X119.879 Y112.088 E0.00003
G1 X119.793 Y112.137 E0.00003
G1 X119.707 Y112.187 E0.00003
G1 X119.621 Y112.236 E0.00003
G1 X119.536 Y112.286 E0.00003
G1 X119.45 Y112.335 E0.00003
G1 X119.364 Y112.385 E0.00003
G1 X119.278 Y112.434 E0.00003
G1 X119.193 Y112.484 E0.00003
G1 X119.107 Y112.533 E0.00003
G1 X119.021 Y112.583 E0.00003
G1 X118.936 Y112.632 E0.00003
G1 X118.85 Y112.682 E0.00003
G1 X118.764 Y112.731 E0.00003
G1 X118.678 Y112.781 E0.00003
G1 X118.593 Y112.83 E0.00003
G1 X118.507 Y112.88 E0.00003
G1 X118.421 Y112.929 E0.00003
G1 X118.335 Y112.979 E0.00003
G1 X118.25 Y113.028 E0.00003
G1 X118.164 Y113.078 E0.00003
G1 X118.078 Y113.127 E0.00003
G1 X117.993 Y113.177 E0.00003
G1 X117.907 Y113.226 E0.00003
G1 X117.821 Y113.276 E0.00003
G1 X117.735 Y113.325 E0.00003
G1 X117.65 Y113.375 E0.00003
G1 X117.564 Y113.424 E0.00003
G1 X117.478 Y113.474 E0.00003
G1 X117.392 Y113.523 E0.00003
G1 X117.307 Y113.573 E0.00003
G1 X117.221 Y113.622 E0.00003
G1 X117.135 Y113.672 E0.00003
G1 X117.05 Y113.721 E0.00003
G1 X117.03 Y113.733 E0.00001
G0 F24000 X117.203 Y113.633
G1 F60 E-0.001
G1 F18000 Z2.8
G0 F24000 X123.067 Y109.747 Z2.8
G1 F18000 Z0.8
G1 F60 E0.001
G1 F1005.7 X122.895 Y109.648 E0.00005
G1 X122.723 Y109.549 E0.00005
G1 X122.55 Y109.449 E0.00005
G1 X122.378 Y109.35 E0.00005
G1 X122.206 Y109.25 E0.00005
G1 X122.033 Y109.151 E0.00005
G1 X121.861 Y109.051 E0.00005
G1 X121.689 Y108.952 E0.00005
G1 X121.516 Y108.852 E0.00005
G1 X121.344 Y108.753 E0.00005
G1 X121.172 Y108.653 E0.00005
G1 X120.999 Y108.554 E0.00005
G1 X120.827 Y108.454 E0.00005
G1 X120.654 Y108.355 E0.00005
G1 X120.482 Y108.255 E0.00005
G1 X120.31 Y108.156 E0.00005
G1 X120.137 Y108.056 E0.00005
G1 X119.965 Y107.957 E0.00005
G1 X119.793 Y107.858 E0.00005
G1 X119.62 Y107.758 E0.00005
G1 X119.448 Y107.659 E0.00005
G1 X119.276 Y107.559 E0.00005
G1 X119.103 Y107.46 E0.00005
G1 X118.931 Y107.36 E0.00005
G1 X118.758 Y107.261 E0.00005
G1 X118.586 Y107.161 E0.00005
G1 X118.414 Y107.062 E0.00005
G1 X118.241 Y106.962 E0.00005
G1 X118.069 Y106.863 E0.00005
G1 X117.897 Y106.763 E0.00005
G1 X117.724 Y106.664 E0.00005
G1 X117.552 Y106.564 E0.00005
G1 X117.38 Y106.465 E0.00005
G1 X117.207 Y106.365 E0.00005
G1 X117.035 Y106.266 E0.00005
G1 X117.03 Y106.263 E0
G1 X117.116 Y106.312 E0.00003
G1 X117.203 Y106.362 E0.00003
G1 X117.289 Y106.412 E0.00003
G1 X117.376 Y106.462 E0.00003
G1 X117.463 Y106.512 E0.00003
G1 X117.549 Y106.562 E0.00003
G1 X117.636 Y106.612 E0.00003
G1 X117.722 Y106.662 E0.00003
G1 X117.809 Y106.712 E0.00003
G1 X117.896 Y106.762 E0.00003
G1 X117.982 Y106.812 E0.00003
G1 X118.069 Y106.862 E0.00003
G1 X118.155 Y106.912 E0.00003
G1 X118.242 Y106.962 E0.00003
G1 X118.329 Y107.012 E0.00003
G1 X118.415 Y107.062 E0.00003
G1 X118.502 Y107.112 E0.00003
G1 X118.588 Y107.162 E0.00003
G1 X118.675 Y107.212 E0.00003
G1 X118.762 Y107.262 E0.00003
G1 X118.848 Y107.312 E0.00003
G1 X118.935 Y107.362 E0.00003
G1 X119.021 Y107.412 E0.00003
G1 X119.108 Y107.462 E0.00003
G1 X119.195 Y107.512 E0.00003
G1 X119.281 Y107.562 E0.00003
G1 X119.368 Y107.612 E0.00003
G1 X119.455 Y107.662 E0.00003
G1 X119.541 Y107.712 E0.00003
G1 X119.628 Y107.762 E0.00003
G1 X119.714 Y107.812 E0.00003
G1 X119.801 Y107.862 E0.00003
G1 X119.888 Y107.912 E0.00003
G1 X119.974 Y107.962 E0.00003
G1 X120.061 Y108.012 E0.00003
G1 F1000.9 X120.147 Y108.062 E0.00003
G1 X120.234 Y108.112 E0.00003
G1 X120.321 Y108.162 E0.00003
G1 X120.407 Y108.212 E0.00003
G1 X120.494 Y108.262 E0.00003
G1 X120.58 Y108.312 E0.00003
G1 X120.667 Y108.362 E0.00003
G1 X120.754 Y108.412 E0.00003
G1 X120.84 Y108.462 E0.00003
G1 X120.927 Y108.512 E0.00003
G1 X121.013 Y108.562 E0.00003
G1 X121.1 Y108.612 E0.00003
G1 X121.187 Y108.662 E0.00003
G1 X121.273 Y108.712 E0.00003
G1 X121.36 Y108.762 E0.00003
G1 X121.447 Y108.812 E0.00003
G1 X121.533 Y108.862 E0.00003
G1 X121.62 Y108.912 E0.00003
G1 X121.706 Y108.962 E0.00003
G1 X121.793 Y109.012 E0.00003
G1 X121.88 Y109.062 E0.00003
G1 X121.966 Y109.112 E0.00003
G1 X122.053 Y109.162 E0.00003
G1 X122.139 Y109.212 E0.00003
G1 X122.226 Y109.262 E0.00003
G1 X122.313 Y109.312 E0.00003
G1 X122.399 Y109.362 E0.00003
G1 X122.486 Y109.412 E0.00003
G1 X122.572 Y109.462 E0.00003
G1 X122.659 Y109.512 E0.00003
G1 X122.746 Y109.562 E0.00003
G1 X122.832 Y109.612 E0.00003
G1 X122.919 Y109.662 E0.00003
G1 X123.005 Y109.712 E0.00003
G1 X123.092 Y109.761 E0.00003
G1 X123.067 Y109.747 E0.00001
G0 F24000 X123.077 Y109.753
G0 X122.915 Y109.66
G0 X123.498 Y109.508
G1 F991.5 X123.498 Y109.442 E0.00002
G1 X123.498 Y109.376 E0.00002
G1 X123.498 Y109.31 E0.00002
G1 X123.498 Y109.244 E0.00002
G1 X123.498 Y109.178 E0.00002
G1 X123.498 Y109.112 E0.00002
G1 X123.498 Y109.046 E0.00002
G1 X123.498 Y108.98 E0.00002
G1 X123.498 Y108.914 E0.00002
G1 X123.498 Y108.848 E0.00002
G1 X123.498 Y108.782 E0.00002
G1 X123.498 Y108.716 E0.00002
G1 X123.498 Y108.65 E0.00002
G1 X123.498 Y108.584 E0.00002
G1 X123.498 Y108.518 E0.00002
G1 X123.498 Y108.452 E0.00002
G1 X123.498 Y108.386 E0.00002
G1 X123.498 Y108.32 E0.00002
G1 X123.498 Y108.254 E0.00002
G1 X123.498 Y108.188 E0.00002
G1 X123.498 Y108.122 E0.00002
G1 X123.498 Y108.056 E0.00002
G1 X123.498 Y107.99 E0.00002
G1 X123.498 Y107.924 E0.00002
G1 X123.498 Y107.858 E0.00002
G1 X123.498 Y107.792 E0.00002
G1 X123.498 Y107.726 E0.00002
G1 X123.498 Y107.66 E0.00002
G1 X123.498 Y107.594 E0.00002
G1 X123.498 Y107.528 E0.00002
G1 X123.498 Y107.462 E0.00002
G1 X123.498 Y107.396 E0.00002
G1 X123.498 Y107.33 E0.00002
G1 X123.498 Y107.264 E0.00002
G1 X123.498 Y107.198 E0.00002
G1 F996.2 X123.498 Y107.132 E0.00002
G1 X123.498 Y107.066 E0.00002
G1 X123.498 Y107 E0.00002
G1 X123.498 Y106.934 E0.00002
G1 X123.498 Y106.868 E0.00002
G1 X123.498 Y106.802 E0.00002
G1 X123.498 Y106.736 E0.00002
G1 X123.498 Y106.67 E0.00002
G1 X123.498 Y106.604 E0.00002
G1 X123.498 Y106.538 E0.00002
G1 X123.498 Y106.472 E0.00002
G1 X123.498 Y106.406 E0.00002
G1 X123.498 Y106.34 E0.00002
G1 X123.498 Y106.274 E0.00002
G1 X123.498 Y106.208 E0.00002
G1 X123.498 Y106.142 E0.00002
G1 X123.498 Y106.076 E0.00002
G1 X123.498 Y106.01 E0.00002
G1 X123.498 Y105.944 E0.00002
G1 X123.498 Y105.878 E0.00002
G1 X123.498 Y105.812 E0.00002
G1 X123.498 Y105.746 E0.00002
G1 X123.498 Y105.68 E0.00002
G1 X123.498 Y105.614 E0.00002
G1 X123.498 Y105.548 E0.00002
G1 X123.498 Y105.482 E0.00002
G1 X123.498 Y105.416 E0.00002
G1 X123.498 Y105.35 E0.00002
G1 X123.498 Y105.284 E0.00002
G1 X123.498 Y105.218 E0.00002
G1 X123.498 Y105.152 E0.00002
G1 X123.498 Y105.086 E0.00002
G1 X123.498 Y105.02 E0.00002
G1 X123.498 Y104.954 E0.00002
G1 X123.498 Y104.888 E0.00002
G1 F1000.9 X123.498 Y104.822 E0.00002
G1 X123.498 Y104.756 E0.00002
G1 X123.498 Y104.69 E0.00002
G1 X123.498 Y104.624 E0.00002
G1 X123.498 Y104.558 E0.00002
G1 X123.498 Y104.492 E0.00002
G1 X123.498 Y104.426 E0.00002
G1 X123.498 Y104.36 E0.00002
G1 X123.498 Y104.294 E0.00002
G1 X123.498 Y104.228 E0.00002
G1 X123.498 Y104.162 E0.00002
G1 X123.498 Y104.096 E0.00002
G1 X123.498 Y104.03 E0.00002
G1 X123.498 Y103.964 E0.00002
G1 X123.498 Y103.898 E0.00002
G1 X123.498 Y103.832 E0.00002
G1 X123.498 Y103.766 E0.00002
G1 X123.498 Y103.7 E0.00002
G1 X123.498 Y103.634 E0.00002
G1 X123.498 Y103.568 E0.00002
G1 X123.498 Y103.502 E0.00002
G1 X123.498 Y103.436 E0.00002
G1 X123.498 Y103.37 E0.00002
G1 X123.498 Y103.304 E0.00002
G1 X123.498 Y103.238 E0.00002
G1 X123.498 Y103.172 E0.00002
G1 X123.498 Y103.106 E0.00002
G1 X123.498 Y103.04 E0.00002
G1 X123.498 Y102.974 E0.00002
G1 X123.498 Y102.908 E0.00002
G1 X123.498 Y102.842 E0.00002
G1 X123.498 Y102.776 E0.00002
G1 X123.498 Y102.71 E0.00002
G1 X123.498 Y102.644 E0.00002
G1 X123.498 Y102.578 E0.00002
G1 X123.498 Y102.53 E0.00001
G1 X123.498 Y102.58 E0.00001
G1 X123.498 Y102.63 E0.00001
G1 X123.498 Y102.68 E0.00001
G1 X123.498 Y102.73 E0.00001
G1 X123.498 Y102.78 E0.00001
G1 X123.498 Y102.83 E0.00001
G1 X123.498 Y102.88 E0.00001
G1 X123.498 Y102.93 E0.00001
G1 X123.498 Y102.98 E0.00001
G1 X123.498 Y103.03 E0.00001
G1 X123.498 Y103.08 E0.00001
G1 X123.498 Y103.13 E0.00001
G1 X123.498 Y103.18 E0.00001
G1 X123.498 Y103.23 E0.00001
G1 X123.498 Y103.28 E0.00001
G1 X123.498 Y103.33 E0.00001
G1 X123.498 Y103.38 E0.00001
G1 X123.498 Y103.43 E0.00001
G1 X123.498 Y103.48 E0.00001
G1 X123.498 Y103.53 E0.00001
G1 X123.498 Y103.58 E0.00001
G1 X123.498 Y103.63 E0.00001
G1 X123.498 Y103.68 E0.00001
G1 X123.498 Y103.73 E0.00001
G1 X123.498 Y103.78 E0.00001
G1 X123.498 Y103.83 E0.00001
G1 X123.498 Y103.88 E0.00001
G1 X123.498 Y103.93 E0.00001
G1 X123.498 Y103.98 E0.00001
G1 X123.498 Y104.03 E0.00001
G1 X123.498 Y104.08 E0.00001
G1 X123.498 Y104.13 E0.00001
G1 X123.498 Y104.18 E0.00001
G1 X123.498 Y104.23 E0.00001
G1 X123.498 Y104.28 E0.00001
G1 F996.2 X123.498 Y104.33 E0.00001
G1 X123.498 Y104.38 E0.00001
G1 X123.498 Y104.43 E0.00001
G1 X123.498 Y104.48 E0.00001
G1 X123.498 Y104.53 E0.00001
G1 X123.498 Y104.58 E0.00001
G1 X123.498 Y104.63 E0.00001
G1 X123.498 Y104.68 E0.00001
G1 X123.498 Y104.73 E0.00001
G1 X123.498 Y104.78 E0.00001
G1 X123.498 Y104.83 E0.00001
G1 X123.498 Y104.88 E0.00001
G1 X123.498 Y104.93 E0.00001
G1 X123.498 Y104.98 E0.00001
G1 X123.498 Y105.03 E0.00001
G1 X123.498 Y105.08 E0.00001
G1 X123.498 Y105.13 E0.00001
G1 X123.498 Y105.18 E0.00001
G1 X123.498 Y105.23 E0.00001
G1 X123.498 Y105.28 E0.00001
G1 X123.498 Y105.33 E0.00001
G1 X123.498 Y105.38 E0.00001
G1 X123.498 Y105.43 E0.00001
G1 X123.498 Y105.48 E0.00001
G1 X123.498 Y105.53 E0.00001
G1 X123.498 Y105.58 E0.00001
G1 X123.498 Y105.63 E0.00001
G1 X123.498 Y105.68 E0.00001
G1 X123.498 Y105.73 E0.00001
G1 X123.498 Y105.78 E0.00001
G1 X123.498 Y105.83 E0.00001
G1 X123.498 Y105.88 E0.00001
G1 X123.498 Y105.93 E0.00001
G1 X123.498 Y105.98 E0.00001
G1 X123.498 Y106.03 E0.00001
G1 F991.5 X123.498 Y106.08 E0.00001
G1 X123.498 Y106.13 E0.00001
G1 X123.498 Y106.18 E0.00001
G1 X123.498 Y106.23 E0.00001
G1 X123.498 Y106.28 E0.00001
G1 X123.498 Y106.33 E0.00001
G1 X123.498 Y106.38 E0.00001
G1 X123.498 Y106.43 E0.00001
G1 X123.498 Y106.48 E0.00001
G1 X123.498 Y106.53 E0.00001
G1 X123.498 Y106.58 E0.00001
G1 X123.498 Y106.63 E0.00001
G1 X123.498 Y106.68 E0.00001
G1 X123.498 Y106.73 E0.00001
G1 X123.498 Y106.78 E0.00001
G1 X123.498 Y106.83 E0.00001
G1 X123.498 Y106.88 E0.00001
G1 X123.498 Y106.93 E0.00001
G1 X123.498 Y106.98 E0.00001
G1 X123.498 Y107.03 E0.00001
G1 X123.498 Y107.08 E0.00001
G1 X123.498 Y107.13 E0.00001
G1 X123.498 Y107.18 E0.00001
G1 X123.498 Y107.23 E0.00001
G1 X123.498 Y107.28 E0.00001
G1 X123.498 Y107.33 E0.00001
G1 X123.498 Y107.38 E0.00001
G1 X123.498 Y107.43 E0.00001
G1 X123.498 Y107.48 E0.00001
G1 X123.498 Y107.53 E0.00001
G1 X123.498 Y107.58 E0.00001
G1 X123.498 Y107.63 E0.00001
G1 X123.498 Y107.68 E0.00001
G1 X123.498 Y107.73 E0.00001
G1 X123.498 Y107.78 E0.00001
G1 F986.9 X123.498 Y107.83 E0.00001
G1 X123.498 Y107.88 E0.00001
G1 X123.498 Y107.93 E0.00001
G1 X123.498 Y107.98 E0.00001
G1 X123.498 Y108.03 E0.00001
G1 X123.498 Y108.08 E0.00001
G1 X123.498 Y108.13 E0.00001
G1 X123.498 Y108.18 E0.00001
G1 X123.498 Y108.23 E0.00001
G1 X123.498 Y108.28 E0.00001
G1 X123.498 Y108.33 E0.00001
G1 X123.498 Y108.38 E0.00001
G1 X123.498 Y108.43 E0.00001
G1 X123.498 Y108.48 E0.00001
G1 X123.498 Y108.53 E0.00001
G1 X123.498 Y108.58 E0.00001
G1 X123.498 Y108.63 E0.00001
G1 X123.498 Y108.68 E0.00001
G1 X123.498 Y108.73 E0.00001
G1 X123.498 Y108.78 E0.00001
G1 X123.498 Y108.83 E0.00001
G1 X123.498 Y108.88 E0.00001
G1 X123.498 Y108.93 E0.00001
G1 X123.498 Y108.98 E0.00001
G1 X123.498 Y109.03 E0.00001
G1 X123.498 Y109.08 E0.00001
G1 X123.498 Y109.13 E0.00001
G1 X123.498 Y109.18 E0.00001
G1 X123.498 Y109.23 E0.00001
G1 X123.498 Y109.28 E0.00001
G1 X123.498 Y109.33 E0.00001
G1 X123.498 Y109.38 E0.00001
G1 X123.498 Y109.43 E0.00001
G1 X123.498 Y109.48 E0.00001
G1 X123.498 Y109.53 E0.00001
G1 X123.498 Y109.508 E0.00001
G0 F24000 X123.498 Y109.524
G0 X123.498 Y109.34
G0 X123.509 Y109.976
;TYPE:WALL-INNER
G1 F977.8 X123.483 Y109.976 E0.00001
G1 X123.469 Y109.999 E0.00001
G1 X123.483 Y110.022 E0.00001
G1 X123.509 Y110.022 E0.00001
G1 X123.523 Y109.999 E0.00001
G0 F24000 X123.717 Y109.856
;TYPE:WALL-OUTER
G1 F640 X123.742 Y109.857 E0.00001
G1 X123.73 Y109.878 E0.00001
G1 F632.3 X123.722 Y109.886 E0
G1 F617.5 X123.714 Y109.895 E0.00001
G1 F603.4 X123.706 Y109.904 E0.00001
G1 F589.9 X123.698 Y109.913 E0.00001
G1 F578.6 X123.692 Y109.92 E0
G1 F569.3 X123.686 Y109.928 E0
G1 F558.7 X123.68 Y109.936 E0
G1 F548.6 X123.674 Y109.944 E0
G1 F540.2 X123.668 Y109.952 E0
G1 F533.3 X123.661 Y109.978 E0.00001
G1 F530.7 X123.655 Y110.003 E0.00001
G1 F532 X123.66 Y110.012 E0.00001
G1 F538.8 X123.666 Y110.022 E0.00001
G1 F545.7 X123.671 Y110.031 E0
G1 F552.9 X123.677 Y110.041 E0.00001
G1 F560.2 X123.682 Y110.05 E0
G1 F567.7 X123.688 Y110.06 E0.00001
G1 F577 X123.694 Y110.069 E0
G1 F585 X123.699 Y110.079 E0.00001
G1 F593.3 X123.705 Y110.088 E0
G1 F601.7 X123.71 Y110.098 E0
G1 F610.4 X123.716 Y110.107 E0
G1 F619.4 X123.722 Y110.117 E0
G1 F630.4 X123.728 Y110.12 E0
G1 F645.9 X123.738 Y110.128 E0.00001
G1 F660 X123.745 Y110.136 E0
G1 F672.6 X123.753 Y110.145 E0
G1 F685.7 X123.762 Y110.151 E0
G1 X123.753 Y110.145 E0
G1 F672.6 X123.741 Y110.144 E0
G1 F660 X123.729 Y110.142 E0
G1 F645.9 X123.717 Y110.139 E0.00001
G1 F630.4 X123.705 Y110.136 E0.00001
G1 F619.4 X123.694 Y110.136 E0
G1 F610.4 X123.683 Y110.136 E0
G1 F601.7 X123.672 Y110.136 E0
G1 F593.3 X123.661 Y110.136 E0
G1 F585 X123.65 Y110.136 E0
G1 F577 X123.639 Y110.135 E0.00001
G1 F567.7 X123.628 Y110.135 E0.00001
G1 F560.2 X123.617 Y110.135 E0.00001
G1 F552.9 X123.606 Y110.135 E0.00001
G1 F545.7 X123.595 Y110.135 E0.00001
G1 F538.8 X123.584 Y110.135 E0.00001
G1 F532 X123.573 Y110.134 E0.00001
G1 F530.7 X123.572 Y110.142 E0
G1 F536 X123.565 Y110.151 E0.00001
G1 F541.5 X123.559 Y110.16 E0.00001
G1 F547.2 X123.552 Y110.169 E0.00001
G1 F552.9 X123.546 Y110.178 E0.00001
G1 F558.7 X123.539 Y110.187 E0.00001
G1 F567.7 X123.536 Y110.197 E0
G1 F578.6 X123.532 Y110.207 E0
G1 F591.6 X123.528 Y110.217 E0
G1 F603.4 X123.524 Y110.228 E0.00001
G1 F608.6 X123.5 Y110.262 E0.00002
G1 X123.477 Y110.23 E0.00002
G1 F603.4 X123.473 Y110.219 E0.00001
G1 F591.6 X123.469 Y110.208 E0.00001
G1 F578.6 X123.465 Y110.197 E0.00001
G1 F567.7 X123.461 Y110.186 E0.00001
G1 F558.7 X123.454 Y110.179 E0
G1 F552.9 X123.447 Y110.171 E0.00001
G1 F547.2 X123.44 Y110.162 E0.00001
G1 F541.5 X123.433 Y110.154 E0.00001
G1 F536 X123.426 Y110.146 E0.00001
G1 F530.7 X123.419 Y110.137 E0.00001
G1 F532 X123.408 Y110.136 E0.00001
G1 F538.8 X123.398 Y110.136 E0
G1 F545.7 X123.388 Y110.136 E0
G1 F554.3 X123.378 Y110.136 E0
G1 F561.7 X123.368 Y110.136 E0
G1 F569.3 X123.358 Y110.136 E0
G1 F577 X123.348 Y110.136 E0
G1 F585 X123.338 Y110.136 E0
G1 F594.9 X123.328 Y110.136 E0
G1 F603.4 X123.318 Y110.136 E0
G1 F614 X123.304 Y110.139 E0.00001
G1 F624.9 X123.293 Y110.141 E0
G1 F638.1 X123.282 Y110.143 E0
G1 F649.8 X123.271 Y110.145 E0
G1 F664.2 X123.257 Y110.149 E0.00001
G1 F679.1 X123.248 Y110.151 E0
G1 F692.5 X123.238 Y110.154 E0
G1 F704 X123.229 Y110.157 E0
G1 F718.4 X123.219 Y110.16 E0
G1 F733.3 X123.209 Y110.163 E0
G1 X123.214 Y110.158 E0
G1 F718.4 X123.222 Y110.151 E0
G1 F704 X123.23 Y110.145 E0
G1 F692.5 X123.237 Y110.138 E0
G1 F679.1 X123.245 Y110.132 E0
G1 F664.2 X123.258 Y110.12 E0.00001
G1 F649.8 X123.265 Y110.113 E0
G1 F638.1 X123.272 Y110.106 E0
G1 F624.9 X123.279 Y110.099 E0
G1 F614 X123.286 Y110.092 E0
G1 F603.4 X123.291 Y110.083 E0
G1 F594.9 X123.296 Y110.074 E0
G1 F585 X123.301 Y110.065 E0
G1 F577 X123.306 Y110.056 E0
G1 F569.3 X123.311 Y110.048 E0
G1 F561.7 X123.316 Y110.039 E0
G1 F554.3 X123.321 Y110.03 E0
G1 F545.7 X123.326 Y110.021 E0
G1 F538.8 X123.331 Y110.013 E0
G1 F532 X123.336 Y110.004 E0.00001
G1 X123.333 Y109.991 E0.00001
G1 F538.8 X123.328 Y109.981 E0.00001
G1 F545.7 X123.323 Y109.971 E0.00001
G1 F552.9 X123.318 Y109.962 E0
G1 F561.7 X123.313 Y109.952 E0.00001
G1 F569.3 X123.308 Y109.942 E0.00001
G1 F577 X123.303 Y109.933 E0
G1 F585 X123.298 Y109.923 E0.00001
G1 F594.9 X123.292 Y109.918 E0
G1 F605.2 X123.285 Y109.91 E0
G1 F617.5 X123.278 Y109.901 E0
G1 F630.4 X123.271 Y109.893 E0
G1 F641.9 X123.263 Y109.884 E0
G1 F657.9 X123.253 Y109.874 E0.00001
G1 F674.8 X123.243 Y109.863 E0.00001
G1 F683.5 X123.234 Y109.844 E0.00001
G1 X123.258 Y109.843 E0.00001
G1 F674.8 X123.271 Y109.848 E0.00001
G1 F657.9 X123.285 Y109.853 E0.00001
G1 F641.9 X123.294 Y109.855 E0
G1 F630.4 X123.304 Y109.858 E0
G1 F617.5 X123.313 Y109.861 E0
G1 F605.2 X123.323 Y109.864 E0
G1 F594.9 X123.333 Y109.867 E0
G1 F585 X123.344 Y109.867 E0
G1 F577 X123.355 Y109.866 E0.00001
G1 F569.3 X123.366 Y109.866 E0.00001
G1 F561.7 X123.377 Y109.865 E0.00001
G1 F552.9 X123.388 Y109.865 E0.00001
G1 F545.7 X123.399 Y109.864 E0.00001
G1 F538.8 X123.41 Y109.864 E0.00001
G1 F532 X123.421 Y109.863 E0.00001
G1 X123.423 Y109.854 E0
G1 F538.8 X123.429 Y109.845 E0.00001
G1 F545.7 X123.435 Y109.836 E0.00001
G1 F552.9 X123.442 Y109.827 E0.00001
G1 F560.2 X123.448 Y109.818 E0.00001
G1 F567.7 X123.454 Y109.809 E0.00001
G1 F578.6 X123.458 Y109.796 E0.00001
G1 F594.9 X123.462 Y109.782 E0.00001
G1 F608.6 X123.465 Y109.773 E0
G1 F619.4 X123.468 Y109.764 E0
G1 F630.4 X123.471 Y109.754 E0
G1 F641.9 X123.474 Y109.745 E0
G1 F653.9 X123.477 Y109.735 E0
G1 F668.4 X123.481 Y109.723 E0
G1 F681.3 X123.484 Y109.712 E0
G1 F697 X123.488 Y109.7 E0
G1 F711.1 X123.491 Y109.689 E0
G1 F728.3 X123.495 Y109.677 E0
G1 F743.7 X123.498 Y109.666 E0
G1 F762.5 X123.498 Y109.654 E0
G1 F779.3 X123.497 Y109.64 E0
G1 X123.497 Y109.655 E0.00001
G1 F762.5 X123.498 Y109.669 E0
G1 F743.7 X123.5 Y109.679 E0
G1 F728.3 X123.503 Y109.691 E0
G1 F711.1 X123.506 Y109.702 E0
G1 F697 X123.509 Y109.714 E0
G1 F681.3 X123.512 Y109.726 E0
G1 F668.4 X123.515 Y109.737 E0
G1 F653.9 X123.518 Y109.746 E0
G1 F638.1 X123.521 Y109.757 E0
G1 F624.9 X123.525 Y109.769 E0.00001
G1 F610.4 X123.528 Y109.78 E0
G1 F598.3 X123.532 Y109.788 E0
G1 F586.7 X123.536 Y109.798 E0
G1 F577 X123.541 Y109.808 E0.00001
G1 F567.7 X123.546 Y109.817 E0
G1 F560.2 X123.552 Y109.826 E0.00001
G1 F552.9 X123.558 Y109.835 E0.00001
G1 F545.7 X123.564 Y109.845 E0.00001
G1 F538.8 X123.57 Y109.854 E0.00001
G1 F532 X123.576 Y109.863 E0.00001
G1 F530.7 X123.598 Y109.869 E0.00001
G1 F533.3 X123.622 Y109.877 E0.00001
G1 F541.5 X123.633 Y109.875 E0.00001
G1 F552.9 X123.645 Y109.872 E0.00001
G1 F564.7 X123.657 Y109.869 E0.00001
G1 F577 X123.668 Y109.866 E0.00001
G1 F589.9 X123.676 Y109.865 E0
G1 F600 X123.686 Y109.863 E0
G1 F610.4 X123.696 Y109.861 E0
G1 F623 X123.706 Y109.859 E0
G1 F634.2 X123.716 Y109.857 E0
G0 F24000 X123.667 Y109.866
G0 X123.622 Y109.877
G0 X123.575 Y109.862
G0 X123.547 Y109.817
G0 X123.949 Y109.738
G1 F1005.7 X124.116 Y109.642 E0.00005
G1 X124.283 Y109.546 E0.00005
G1 X124.45 Y109.449 E0.00005
G1 X124.617 Y109.353 E0.00005
G1 X124.784 Y109.256 E0.00005
G1 X124.952 Y109.16 E0.00005
G1 X125.119 Y109.063 E0.00005
G1 X125.286 Y108.967 E0.00005
G1 X125.453 Y108.87 E0.00005
G1 X125.62 Y108.774 E0.00005
G1 X125.788 Y108.677 E0.00005
G1 X125.955 Y108.581 E0.00005
G1 X126.122 Y108.484 E0.00005
G1 X126.289 Y108.388 E0.00005
G1 X126.456 Y108.291 E0.00005
G1 X126.623 Y108.195 E0.00005
G1 X126.791 Y108.098 E0.00005
G1 X126.958 Y108.002 E0.00005
G1 X127.125 Y107.906 E0.00005
G1 X127.122 Y107.907 E0
G1 X126.954 Y108.004 E0.00005
G1 X126.786 Y108.101 E0.00005
G1 X126.618 Y108.198 E0.00005
G1 X126.45 Y108.295 E0.00005
G1 X126.282 Y108.392 E0.00005
G1 X126.114 Y108.489 E0.00005
G1 X125.946 Y108.586 E0.00005
G1 X125.778 Y108.683 E0.00005
G1 X125.61 Y108.78 E0.00005
G1 X125.442 Y108.877 E0.00005
G1 X125.274 Y108.974 E0.00005
G1 X125.106 Y109.071 E0.00005
G1 X124.938 Y109.168 E0.00005
G1 X124.77 Y109.265 E0.00005
G1 X124.602 Y109.362 E0.00005
G1 X124.434 Y109.459 E0.00005
G1 X124.266 Y109.556 E0.00005
G1 X124.098 Y109.653 E0.00005
G1 X123.93 Y109.75 E0.00005
G1 F1000.9 X123.949 Y109.738 E0.00001
G0 F24000 X123.935 Y109.747
G0 X124.093 Y109.656
G1 F60 E-0.001
G1 F18000 Z2.8
G0 F24000 X127.121 Y112.09 Z2.8
G1 F18000 Z0.8
G1 F60 E0.001
G1 F1000.9 X126.954 Y111.994 E0.00005
G1 X126.787 Y111.897 E0.00005
G1 X126.62 Y111.801 E0.00005
G1 X126.453 Y111.704 E0.00005
G1 X126.286 Y111.608 E0.00005
G1 X126.119 Y111.511 E0.00005
G1 X125.952 Y111.415 E0.00005
G1 X125.785 Y111.318 E0.00005
G1 X125.617 Y111.222 E0.00005
G1 X125.45 Y111.125 E0.00005
G1 X125.283 Y111.029 E0.00005
G1 X125.116 Y110.932 E0.00005
G1 X124.949 Y110.836 E0.00005
G1 X124.782 Y110.739 E0.00005
G1 X124.615 Y110.643 E0.00005
G1 X124.448 Y110.546 E0.00005
G1 X124.281 Y110.45 E0.00005
G1 X124.113 Y110.353 E0.00005
G1 X123.946 Y110.257 E0.00005
G1 X124.105 Y110.348 E0.00005
G1 X124.272 Y110.445 E0.00005
G1 X124.439 Y110.541 E0.00005
G1 X124.606 Y110.638 E0.00005
G1 X124.773 Y110.734 E0.00005
G1 X124.94 Y110.831 E0.00005
G1 X125.107 Y110.927 E0.00005
G1 X125.274 Y111.024 E0.00005
G1 X125.442 Y111.12 E0.00005
G1 X125.609 Y111.217 E0.00005
G1 X125.776 Y111.313 E0.00005
G1 X125.943 Y111.41 E0.00005
G1 X126.11 Y111.506 E0.00005
G1 X126.277 Y111.603 E0.00005
G1 X126.444 Y111.699 E0.00005
G1 X126.611 Y111.796 E0.00005
G1 X126.778 Y111.892 E0.00005
G1 X126.946 Y111.989 E0.00005
G1 X127.113 Y112.085 E0.00005
G1 X127.121 Y112.09 E0
G0 F24000 X126.948 Y111.99
G1 F60 E-0.001
G1 F18000 Z2.8
G0 F24000 X123.498 Y117.466 Z2.8
G1 F18000 Z0.8
G1 F60 E0.001
G1 F1005.7 X123.498 Y117.4 E0.00002
G1 X123.498 Y117.334 E0.00002
G1 X123.498 Y117.268 E0.00002
G1 X123.498 Y117.202 E0.00002
G1 X123.498 Y117.136 E0.00002
G1 X123.498 Y117.07 E0.00002
G1 X123.498 Y117.004 E0.00002
G1 X123.498 Y116.938 E0.00002
G1 X123.498 Y116.872 E0.00002
G1 X123.498 Y116.806 E0.00002
G1 X123.498 Y116.74 E0.00002
G1 X123.498 Y116.674 E0.00002
G1 X123.498 Y116.608 E0.00002
G1 X123.498 Y116.542 E0.00002
G1 X123.498 Y116.476 E0.00002
G1 X123.498 Y116.41 E0.00002
G1 X123.498 Y116.344 E0.00002
G1 X123.498 Y116.278 E0.00002
G1 X123.498 Y116.212 E0.00002
G1 X123.498 Y116.146 E0.00002
G1 X123.498 Y116.08 E0.00002
G1 X123.498 Y116.014 E0.00002
G1 X123.498 Y115.948 E0.00002
G1 X123.498 Y115.882 E0.00002
G1 X123.498 Y115.816 E0.00002
G1 X123.498 Y115.75 E0.00002
G1 X123.498 Y115.684 E0.00002
G1 X123.498 Y115.618 E0.00002
G1 X123.498 Y115.552 E0.00002
G1 X123.498 Y115.486 E0.00002
G1 X123.498 Y115.42 E0.00002
G1 X123.498 Y115.354 E0.00002
G1 X123.498 Y115.288 E0.00002
G1 X123.498 Y115.222 E0.00002
G1 X123.498 Y115.156 E0.00002
G1 F1000.9 X123.498 Y115.09 E0.00002
G1 X123.498 Y115.024 E0.00002
G1 X123.498 Y114.958 E0.00002
G1 X123.498 Y114.892 E0.00002
G1 X123.498 Y114.826 E0.00002
G1 X123.498 Y114.76 E0.00002
G1 X123.498 Y114.694 E0.00002
G1 X123.498 Y114.628 E0.00002
G1 X123.498 Y114.562 E0.00002
G1 X123.498 Y114.496 E0.00002
G1 X123.498 Y114.43 E0.00002
G1 X123.498 Y114.364 E0.00002
G1 X123.498 Y114.298 E0.00002
G1 X123.498 Y114.232 E0.00002
G1 X123.498 Y114.166 E0.00002
G1 X123.498 Y114.1 E0.00002
G1 X123.498 Y114.034 E0.00002
G1 X123.497 Y113.968 E0.00002
G1 X123.497 Y113.902 E0.00002
G1 X123.497 Y113.836 E0.00002
G1 X123.497 Y113.77 E0.00002
G1 X123.497 Y113.704 E0.00002
G1 X123.497 Y113.638 E0.00002
G1 X123.497 Y113.572 E0.00002
G1 X123.497 Y113.506 E0.00002
G1 X123.497 Y113.44 E0.00002
G1 X123.497 Y113.374 E0.00002
G1 X123.497 Y113.308 E0.00002
G1 X123.497 Y113.242 E0.00002
G1 X123.497 Y113.176 E0.00002
G1 X123.497 Y113.11 E0.00002
G1 X123.497 Y113.044 E0.00002
G1 X123.497 Y112.978 E0.00002
G1 X123.497 Y112.912 E0.00002
G1 X123.497 Y112.846 E0.00002
G1 F996.2 X123.497 Y112.78 E0.00002
G1 X123.497 Y112.714 E0.00002
G1 X123.497 Y112.648 E0.00002
G1 X123.497 Y112.582 E0.00002
G1 X123.497 Y112.516 E0.00002
G1 X123.497 Y112.45 E0.00002
G1 X123.497 Y112.384 E0.00002
G1 X123.497 Y112.318 E0.00002
G1 X123.497 Y112.252 E0.00002
G1 X123.497 Y112.186 E0.00002
G1 X123.497 Y112.12 E0.00002
G1 X123.497 Y112.054 E0.00002
G1 X123.497 Y111.988 E0.00002
G1 X123.497 Y111.922 E0.00002
G1 X123.497 Y111.856 E0.00002
G1 X123.497 Y111.79 E0.00002
G1 X123.497 Y111.724 E0.00002
G1 X123.497 Y111.658 E0.00002
G1 X123.497 Y111.592 E0.00002
G1 X123.497 Y111.526 E0.00002
G1 X123.497 Y111.46 E0.00002
G1 X123.497 Y111.394 E0.00002
G1 X123.497 Y111.328 E0.00002
G1 X123.497 Y111.262 E0.00002
G1 X123.497 Y111.196 E0.00002
G1 X123.497 Y111.13 E0.00002
G1 X123.497 Y111.064 E0.00002
G1 X123.497 Y110.998 E0.00002
G1 X123.497 Y110.932 E0.00002
G1 X123.497 Y110.866 E0.00002
G1 X123.497 Y110.8 E0.00002
G1 X123.497 Y110.734 E0.00002
G1 X123.497 Y110.668 E0.00002
G1 X123.497 Y110.602 E0.00002
G1 X123.497 Y110.536 E0.00002
G1 X123.496 Y110.512 E0.00001
G1 F1000.9 X123.496 Y110.611 E0.00003
G1 X123.496 Y110.71 E0.00003
G1 X123.496 Y110.809 E0.00003
G1 X123.496 Y110.908 E0.00003
G1 X123.496 Y111.007 E0.00003
G1 X123.496 Y111.106 E0.00003
G1 X123.496 Y111.205 E0.00003
G1 X123.496 Y111.304 E0.00003
G1 X123.496 Y111.403 E0.00003
G1 X123.496 Y111.502 E0.00003
G1 X123.496 Y111.601 E0.00003
G1 X123.496 Y111.7 E0.00003
G1 X123.496 Y111.799 E0.00003
G1 X123.496 Y111.898 E0.00003
G1 X123.496 Y111.997 E0.00003
G1 X123.496 Y112.096 E0.00003
G1 X123.496 Y112.195 E0.00003
G1 X123.496 Y112.294 E0.00003
G1 X123.496 Y112.393 E0.00003
G1 X123.496 Y112.492 E0.00003
G1 X123.496 Y112.591 E0.00003
G1 X123.496 Y112.69 E0.00003
G1 X123.496 Y112.789 E0.00003
G1 X123.496 Y112.888 E0.00003
G1 X123.496 Y112.987 E0.00003
G1 X123.496 Y113.086 E0.00003
G1 X123.496 Y113.185 E0.00003
G1 X123.496 Y113.284 E0.00003
G1 X123.496 Y113.383 E0.00003
G1 X123.496 Y113.482 E0.00003
G1 X123.496 Y113.581 E0.00003
G1 X123.496 Y113.68 E0.00003
G1 X123.496 Y113.779 E0.00003
G1 X123.496 Y113.878 E0.00003
G1 X123.496 Y113.977 E0.00003
G1 F1005.7 X123.497 Y114.076 E0.00003
G1 X123.497 Y114.175 E0.00003
G1 X123.497 Y114.274 E0.00003
G1 X123.497 Y114.373 E0.00003
G1 X123.497 Y114.472 E0.00003
G1 X123.497 Y114.571 E0.00003
G1 X123.497 Y114.67 E0.00003
G1 X123.497 Y114.769 E0.00003
G1 X123.497 Y114.868 E0.00003
G1 X123.497 Y114.967 E0.00003
G1 X123.497 Y115.066 E0.00003
G1 X123.497 Y115.165 E0.00003
G1 X123.497 Y115.264 E0.00003
G1 X123.497 Y115.363 E0.00003
G1 X123.497 Y115.462 E0.00003
G1 X123.497 Y115.561 E0.00003
G1 X123.497 Y115.66 E0.00003
G1 X123.497 Y115.759 E0.00003
G1 X123.497 Y115.858 E0.00003
G1 X123.497 Y115.957 E0.00003
G1 X123.497 Y116.056 E0.00003
G1 X123.497 Y116.155 E0.00003
G1 X123.497 Y116.254 E0.00003
G1 X123.497 Y116.353 E0.00003
G1 X123.497 Y116.452 E0.00003
G1 X123.497 Y116.551 E0.00003
G1 X123.497 Y116.65 E0.00003
G1 X123.497 Y116.749 E0.00003
G1 X123.497 Y116.848 E0.00003
G1 X123.497 Y116.947 E0.00003
G1 X123.497 Y117.046 E0.00003
G1 X123.497 Y117.145 E0.00003
G1 X123.497 Y117.244 E0.00003
G1 X123.497 Y117.343 E0.00003
G1 X123.497 Y117.442 E0.00003
G1 X123.498 Y117.466 E0.00001
G0 F24000 X123.498 Y117.266
G1 F60 E-0.001
G1 F18000 Z2.8
G0 F24000 X124.648 Y108.36 Z2.8
G1 F18000 Z0.8
G1 F60 E0.001
G1 F938.7 X124.636 Y108.363 E0
G1 F926.3 X124.624 Y108.366 E0
G1 F910.3 X124.611 Y108.37 E0
G1 F898.7 X124.599 Y108.373 E0
G1 F887.4 X124.591 Y108.374 E0
G1 F872.7 X124.581 Y108.376 E0
G1 F862 X124.571 Y108.377 E0
G1 F848.2 X124.561 Y108.379 E0
G1 F838.1 X124.551 Y108.38 E0
G1 F825 X124.541 Y108.382 E0
G1 F812.3 X124.531 Y108.383 E0
G1 F803 X124.521 Y108.385 E0
G1 F791 X124.511 Y108.386 E0
G1 F782.2 X124.501 Y108.388 E0
G1 F770.8 X124.491 Y108.39 E0
G1 F759.7 X124.48 Y108.39 E0
G1 F743.7 X124.469 Y108.391 E0
G1 F730.8 X124.458 Y108.391 E0
G1 F718.4 X124.446 Y108.392 E0
G1 F704 X124.435 Y108.392 E0
G1 F692.5 X124.424 Y108.392 E0
G1 X124.419 Y108.384 E0
G1 F704 X124.414 Y108.374 E0
G1 F713.5 X124.409 Y108.364 E0
G1 F725.8 X124.405 Y108.354 E0
G1 F738.5 X124.4 Y108.344 E0
G1 F751.6 X124.395 Y108.334 E0
G1 F765.2 X124.39 Y108.324 E0
G1 F776.5 X124.386 Y108.314 E0
G1 F791 X124.381 Y108.304 E0
G1 F806.1 X124.376 Y108.295 E0
G1 F818.6 X124.373 Y108.285 E0
G1 F831.5 X124.369 Y108.275 E0
G1 F844.8 X124.365 Y108.265 E0
G1 F858.5 X124.361 Y108.254 E0
G1 F869.1 X124.358 Y108.244 E0
G1 F876.3 X124.356 Y108.234 E0
G1 F887.4 X124.353 Y108.224 E0
G1 F894.9 X124.351 Y108.215 E0
G1 F906.4 X124.348 Y108.205 E0
G1 F914.3 X124.346 Y108.195 E0
G1 F922.3 X124.343 Y108.185 E0
G1 F934.5 X124.341 Y108.176 E0
G1 F942.9 X124.339 Y108.166 E0
G1 F955.7 X124.336 Y108.156 E0
G1 F964.4 X124.334 Y108.146 E0
G1 F977.8 X124.329 Y108.112 E0.00001
G1 F991.5 X124.329 Y108.046 E0.00002
G1 X124.329 Y107.98 E0.00002
G1 X124.329 Y107.914 E0.00002
G1 X124.329 Y107.848 E0.00002
G1 X124.329 Y107.782 E0.00002
G1 X124.329 Y107.716 E0.00002
G1 X124.329 Y107.65 E0.00002
G1 X124.329 Y107.584 E0.00002
G1 X124.329 Y107.518 E0.00002
G1 X124.329 Y107.452 E0.00002
G1 X124.329 Y107.386 E0.00002
G1 X124.329 Y107.32 E0.00002
G1 X124.328 Y107.254 E0.00002
G1 X124.328 Y107.188 E0.00002
G1 X124.328 Y107.122 E0.00002
G1 X124.328 Y107.056 E0.00002
G1 X124.328 Y106.99 E0.00002
G1 X124.328 Y106.924 E0.00002
G1 X124.328 Y106.858 E0.00002
G1 X124.328 Y106.792 E0.00002
G1 X124.328 Y106.726 E0.00002
G1 X124.328 Y106.66 E0.00002
G1 X124.328 Y106.594 E0.00002
G1 X124.328 Y106.528 E0.00002
G1 X124.327 Y106.462 E0.00002
G1 X124.327 Y106.396 E0.00002
G1 X124.327 Y106.33 E0.00002
G1 X124.327 Y106.264 E0.00002
G1 X124.327 Y106.198 E0.00002
G1 F996.2 X124.327 Y106.132 E0.00002
G1 X124.327 Y106.066 E0.00002
G1 X124.327 Y106 E0.00002
G1 X124.327 Y105.934 E0.00002
G1 X124.327 Y105.868 E0.00002
G1 X124.327 Y105.802 E0.00002
G1 X124.327 Y105.736 E0.00002
G1 X124.327 Y105.67 E0.00002
G1 X124.326 Y105.604 E0.00002
G1 X124.326 Y105.538 E0.00002
G1 X124.326 Y105.472 E0.00002
G1 X124.326 Y105.406 E0.00002
G1 X124.326 Y105.34 E0.00002
G1 X124.326 Y105.274 E0.00002
G1 X124.326 Y105.208 E0.00002
G1 X124.326 Y105.142 E0.00002
G1 X124.326 Y105.076 E0.00002
G1 X124.326 Y105.01 E0.00002
G1 X124.326 Y104.944 E0.00002
G1 X124.326 Y104.878 E0.00002
G1 X124.325 Y104.812 E0.00002
G1 X124.325 Y104.746 E0.00002
G1 X124.325 Y104.68 E0.00002
G1 X124.325 Y104.614 E0.00002
G1 X124.325 Y104.548 E0.00002
G1 X124.325 Y104.482 E0.00002
G1 X124.325 Y104.416 E0.00002
G1 X124.325 Y104.35 E0.00002
G1 F1000.9 X124.325 Y104.284 E0.00002
G1 X124.325 Y104.218 E0.00002
G1 X124.325 Y104.152 E0.00002
G1 X124.325 Y104.086 E0.00002
G1 X124.324 Y104.02 E0.00002
G1 X124.324 Y103.954 E0.00002
G1 X124.324 Y103.888 E0.00002
G1 X124.324 Y103.822 E0.00002
G1 X124.324 Y103.756 E0.00002
G1 X124.324 Y103.69 E0.00002
G1 X124.324 Y103.624 E0.00002
G1 X124.324 Y103.558 E0.00002
G1 X124.324 Y103.492 E0.00002
G1 X124.324 Y103.426 E0.00002
G1 X124.324 Y103.36 E0.00002
G1 X124.324 Y103.294 E0.00002
G1 X124.324 Y103.228 E0.00002
G1 X124.323 Y103.162 E0.00002
G1 X124.323 Y103.096 E0.00002
G1 X124.323 Y103.03 E0.00002
G1 X124.323 Y102.964 E0.00002
G1 X124.323 Y102.898 E0.00002
G1 X124.323 Y102.832 E0.00002
G1 X124.323 Y102.766 E0.00002
G1 X124.323 Y102.7 E0.00002
G1 X124.323 Y102.634 E0.00002
G1 X124.323 Y102.568 E0.00002
G1 X124.323 Y102.502 E0.00002
G1 X124.323 Y102.436 E0.00002
G1 X124.322 Y102.472 E0.00001
G1 X124.322 Y102.538 E0.00002
G1 X124.322 Y102.604 E0.00002
G1 X124.322 Y102.67 E0.00002
G1 X124.322 Y102.736 E0.00002
G1 X124.322 Y102.802 E0.00002
G1 X124.322 Y102.868 E0.00002
G1 X124.322 Y102.934 E0.00002
G1 X124.322 Y103 E0.00002
G1 X124.322 Y103.066 E0.00002
G1 X124.322 Y103.132 E0.00002
G1 X124.322 Y103.198 E0.00002
G1 X124.323 Y103.264 E0.00002
G1 X124.323 Y103.33 E0.00002
G1 X124.323 Y103.396 E0.00002
G1 X124.323 Y103.462 E0.00002
G1 X124.323 Y103.528 E0.00002
G1 X124.323 Y103.594 E0.00002
G1 X124.323 Y103.66 E0.00002
G1 X124.323 Y103.726 E0.00002
G1 X124.323 Y103.792 E0.00002
G1 X124.323 Y103.858 E0.00002
G1 X124.323 Y103.924 E0.00002
G1 X124.323 Y103.99 E0.00002
G1 X124.324 Y104.056 E0.00002
G1 X124.324 Y104.122 E0.00002
G1 X124.324 Y104.188 E0.00002
G1 X124.324 Y104.254 E0.00002
G1 X124.324 Y104.32 E0.00002
G1 F996.2 X124.324 Y104.386 E0.00002
G1 X124.324 Y104.452 E0.00002
G1 X124.324 Y104.518 E0.00002
G1 X124.324 Y104.584 E0.00002
G1 X124.324 Y104.65 E0.00002
G1 X124.324 Y104.716 E0.00002
G1 X124.324 Y104.782 E0.00002
G1 X124.324 Y104.848 E0.00002
G1 X124.325 Y104.914 E0.00002
G1 X124.325 Y104.98 E0.00002
G1 X124.325 Y105.046 E0.00002
G1 X124.325 Y105.112 E0.00002
G1 X124.325 Y105.178 E0.00002
G1 X124.325 Y105.244 E0.00002
G1 X124.325 Y105.31 E0.00002
G1 X124.325 Y105.376 E0.00002
G1 X124.325 Y105.442 E0.00002
G1 X124.325 Y105.508 E0.00002
G1 X124.325 Y105.574 E0.00002
G1 X124.325 Y105.64 E0.00002
G1 X124.326 Y105.706 E0.00002
G1 X124.326 Y105.772 E0.00002
G1 X124.326 Y105.838 E0.00002
G1 X124.326 Y105.904 E0.00002
G1 X124.326 Y105.97 E0.00002
G1 X124.326 Y106.036 E0.00002
G1 X124.326 Y106.102 E0.00002
G1 X124.326 Y106.168 E0.00002
G1 F991.5 X124.326 Y106.234 E0.00002
G1 X124.326 Y106.3 E0.00002
G1 X124.326 Y106.366 E0.00002
G1 X124.326 Y106.432 E0.00002
G1 X124.327 Y106.498 E0.00002
G1 X124.327 Y106.564 E0.00002
G1 X124.327 Y106.63 E0.00002
G1 X124.327 Y106.696 E0.00002
G1 X124.327 Y106.762 E0.00002
G1 X124.327 Y106.828 E0.00002
G1 X124.327 Y106.894 E0.00002
G1 X124.327 Y106.96 E0.00002
G1 X124.327 Y107.026 E0.00002
G1 X124.327 Y107.092 E0.00002
G1 X124.327 Y107.158 E0.00002
G1 X124.327 Y107.224 E0.00002
G1 X124.327 Y107.29 E0.00002
G1 X124.328 Y107.356 E0.00002
G1 X124.328 Y107.422 E0.00002
G1 X124.328 Y107.488 E0.00002
G1 X124.328 Y107.554 E0.00002
G1 X124.328 Y107.62 E0.00002
G1 X124.328 Y107.686 E0.00002
G1 X124.328 Y107.752 E0.00002
G1 X124.328 Y107.818 E0.00002
G1 X124.328 Y107.884 E0.00002
G1 X124.328 Y107.95 E0.00002
G1 X124.328 Y108.016 E0.00002
G1 X124.328 Y108.082 E0.00002
G1 F977.8 X124.333 Y108.145 E0.00002
G1 F964.4 X124.335 Y108.154 E0
G1 F955.7 X124.337 Y108.164 E0
G1 F942.9 X124.34 Y108.174 E0
G1 F934.5 X124.342 Y108.183 E0
G1 F922.3 X124.345 Y108.193 E0
G1 F914.3 X124.347 Y108.203 E0
G1 F906.4 X124.35 Y108.213 E0
G1 F894.9 X124.352 Y108.222 E0
G1 F887.4 X124.354 Y108.232 E0
G1 F876.3 X124.357 Y108.242 E0
G1 F869.1 X124.359 Y108.252 E0
G1 F858.5 X124.363 Y108.263 E0
G1 F844.8 X124.367 Y108.273 E0
G1 F831.5 X124.371 Y108.283 E0
G1 F818.6 X124.375 Y108.294 E0
G1 F806.1 X124.38 Y108.304 E0
G1 F791 X124.385 Y108.314 E0
G1 F776.5 X124.39 Y108.324 E0
G1 F765.2 X124.394 Y108.334 E0
G1 F751.6 X124.399 Y108.344 E0
G1 F738.5 X124.404 Y108.354 E0
G1 F725.8 X124.409 Y108.364 E0
G1 F713.5 X124.413 Y108.374 E0
G1 F704 X124.418 Y108.384 E0
G1 F692.5 X124.423 Y108.393 E0
G1 X124.434 Y108.393 E0
G1 F704 X124.445 Y108.393 E0
G1 F718.4 X124.456 Y108.393 E0
G1 F730.8 X124.468 Y108.392 E0
G1 F743.7 X124.479 Y108.391 E0
G1 F759.7 X124.49 Y108.391 E0
G1 F770.8 X124.5 Y108.389 E0
G1 F782.2 X124.51 Y108.387 E0
G1 F791 X124.52 Y108.386 E0
G1 F803 X124.53 Y108.384 E0
G1 F812.3 X124.54 Y108.383 E0
G1 F825 X124.55 Y108.381 E0
G1 F838.1 X124.56 Y108.38 E0
G1 F848.2 X124.57 Y108.378 E0
G1 F862 X124.58 Y108.377 E0
G1 F872.7 X124.59 Y108.375 E0
G1 F887.4 X124.6 Y108.373 E0
G1 F898.7 X124.612 Y108.37 E0
G1 F910.3 X124.624 Y108.367 E0
G1 F926.3 X124.637 Y108.363 E0
G1 F938.7 X124.649 Y108.36 E0
G1 F947.1 X124.66 Y108.356 E0
G1 F955.7 X124.672 Y108.351 E0
G1 F964.4 X124.684 Y108.346 E0
G1 F968.8 X124.696 Y108.341 E0
G1 F977.8 X124.708 Y108.336 E0
G1 F986.9 X124.72 Y108.331 E0
G1 F991.5 X124.732 Y108.326 E0
G1 F1000.9 X124.744 Y108.321 E0
G1 F1010.5 X124.756 Y108.316 E0
G1 X124.837 Y108.269 E0.00002
G1 X124.922 Y108.22 E0.00003
G1 X125.007 Y108.171 E0.00003
G1 X125.092 Y108.122 E0.00003
G1 X125.177 Y108.073 E0.00003
G1 X125.262 Y108.024 E0.00003
G1 X125.347 Y107.975 E0.00003
G1 X125.432 Y107.926 E0.00003
G1 X125.517 Y107.877 E0.00003
G1 X125.602 Y107.829 E0.00003
G1 X125.687 Y107.78 E0.00003
G1 X125.772 Y107.731 E0.00003
G1 X125.857 Y107.682 E0.00003
G1 X125.942 Y107.633 E0.00003
G1 F1005.7 X126.027 Y107.584 E0.00003
G1 X126.112 Y107.535 E0.00003
G1 X126.197 Y107.486 E0.00003
G1 X126.281 Y107.437 E0.00003
G1 X126.366 Y107.389 E0.00003
G1 X126.451 Y107.34 E0.00003
G1 X126.536 Y107.291 E0.00003
G1 X126.621 Y107.242 E0.00003
G1 X126.706 Y107.193 E0.00003
G1 X126.791 Y107.144 E0.00003
G1 X126.876 Y107.095 E0.00003
G1 X126.961 Y107.046 E0.00003
G1 X127.046 Y106.997 E0.00003
G1 X127.131 Y106.949 E0.00003
G1 X127.037 Y107.002 E0.00003
G1 X126.952 Y107.051 E0.00003
G1 X126.867 Y107.1 E0.00003
G1 X126.782 Y107.149 E0.00003
G1 X126.697 Y107.198 E0.00003
G1 X126.612 Y107.247 E0.00003
G1 X126.527 Y107.296 E0.00003
G1 X126.442 Y107.345 E0.00003
G1 X126.357 Y107.394 E0.00003
G1 X126.272 Y107.442 E0.00003
G1 X126.187 Y107.491 E0.00003
G1 X126.102 Y107.54 E0.00003
G1 X126.017 Y107.589 E0.00003
G1 X125.932 Y107.638 E0.00003
G1 F1010.5 X125.847 Y107.687 E0.00003
G1 X125.762 Y107.736 E0.00003
G1 X125.677 Y107.785 E0.00003
G1 X125.593 Y107.834 E0.00003
G1 X125.508 Y107.882 E0.00003
G1 X125.423 Y107.931 E0.00003
G1 X125.338 Y107.98 E0.00003
G1 X125.253 Y108.029 E0.00003
G1 X125.168 Y108.078 E0.00003
G1 X125.083 Y108.127 E0.00003
G1 X124.998 Y108.176 E0.00003
G1 X124.913 Y108.225 E0.00003
G1 X124.828 Y108.274 E0.00003
G1 X124.743 Y108.322 E0.00003
G1 X124.753 Y108.317 E0
G1 X124.741 Y108.321 E0
G1 F1000.9 X124.729 Y108.326 E0
G1 F991.5 X124.717 Y108.331 E0
G1 F986.9 X124.705 Y108.336 E0
G1 F977.8 X124.693 Y108.341 E0
G1 F968.8 X124.681 Y108.346 E0
G1 F964.4 X124.669 Y108.351 E0
G1 F955.7 X124.657 Y108.356 E0
G1 F947.1 X124.645 Y108.361 E0
G0 F24000 X124.6 Y108.373
G0 X124.491 Y108.39
G0 X124.457 Y108.392
G0 X124.451 Y108.392
G1 F60 E-0.001
G1 F18000 Z2.8
G0 F24000 X125.495 Y110.178 Z2.8
G1 F18000 Z0.8
G1 F60 E0.001
G1 F938.7 X125.481 Y110.165 E0.00001
G1 F918.3 X125.467 Y110.151 E0.00001
G1 F902.6 X125.461 Y110.144 E0
G1 F887.4 X125.455 Y110.136 E0
G1 F872.7 X125.449 Y110.128 E0
G1 F862 X125.442 Y110.12 E0
G1 F848.2 X125.436 Y110.113 E0
G1 F838.1 X125.43 Y110.105 E0
G1 F825 X125.424 Y110.097 E0
G1 F812.3 X125.417 Y110.089 E0
G1 F803 X125.411 Y110.081 E0
G1 F791 X125.405 Y110.074 E0
G1 F782.2 X125.399 Y110.066 E0
G1 F770.8 X125.392 Y110.058 E0
G1 F759.7 X125.386 Y110.05 E0
G1 F748.9 X125.379 Y110.039 E0
G1 F733.3 X125.373 Y110.029 E0
G1 F718.4 X125.366 Y110.019 E0
G1 F706.4 X125.36 Y110.009 E0
G1 F692.5 X125.353 Y109.999 E0
G1 F683.5 X125.355 Y109.995 E0
G1 F685.7 X125.361 Y109.988 E0
G1 F694.7 X125.367 Y109.98 E0
G1 F704 X125.373 Y109.972 E0
G1 F713.5 X125.379 Y109.964 E0
G1 F723.3 X125.385 Y109.956 E0
G1 F733.3 X125.391 Y109.948 E0
G1 F743.7 X125.397 Y109.94 E0
G1 F754.3 X125.403 Y109.932 E0
G1 F765.2 X125.409 Y109.924 E0
G1 F776.5 X125.415 Y109.916 E0
G1 F788.1 X125.421 Y109.908 E0
G1 F800 X125.427 Y109.9 E0
G1 F812.3 X125.433 Y109.892 E0
G1 F825 X125.439 Y109.884 E0
G1 F838.1 X125.445 Y109.876 E0
G1 F851.6 X125.451 Y109.868 E0
G1 F865.6 X125.458 Y109.86 E0
G1 F880 X125.464 Y109.852 E0
G1 F894.9 X125.47 Y109.844 E0
G1 F910.3 X125.476 Y109.836 E0
G1 F922.3 X125.489 Y109.824 E0.00001
G1 F930.4 X125.5 Y109.814 E0
G1 F942.9 X125.511 Y109.804 E0
G1 F955.7 X125.523 Y109.794 E0
G1 F964.4 X125.534 Y109.784 E0
G1 F977.8 X125.55 Y109.772 E0.00001
G1 F991.5 X125.568 Y109.758 E0.00001
G1 F1000.9 X125.654 Y109.708 E0.00003
G1 X125.741 Y109.658 E0.00003
G1 X125.827 Y109.608 E0.00003
G1 X125.914 Y109.558 E0.00003
G1 X126 Y109.508 E0.00003
G1 X126.087 Y109.458 E0.00003
G1 X126.174 Y109.408 E0.00003
G1 X126.26 Y109.358 E0.00003
G1 X126.347 Y109.308 E0.00003
G1 F1005.7 X126.433 Y109.258 E0.00003
G1 X126.52 Y109.208 E0.00003
G1 X126.606 Y109.157 E0.00003
G1 X126.693 Y109.107 E0.00003
G1 X126.78 Y109.057 E0.00003
G1 X126.866 Y109.007 E0.00003
G1 X126.953 Y108.957 E0.00003
G1 X127.039 Y108.907 E0.00003
G1 X127.126 Y108.857 E0.00003
G1 X127.036 Y108.909 E0.00003
G1 X126.949 Y108.959 E0.00003
G1 X126.863 Y109.009 E0.00003
G1 X126.776 Y109.059 E0.00003
G1 X126.69 Y109.109 E0.00003
G1 X126.603 Y109.159 E0.00003
G1 X126.516 Y109.209 E0.00003
G1 X126.43 Y109.259 E0.00003
G1 X126.343 Y109.309 E0.00003
G1 F1000.9 X126.257 Y109.359 E0.00003
G1 X126.17 Y109.409 E0.00003
G1 X126.084 Y109.46 E0.00003
G1 X125.997 Y109.51 E0.00003
G1 X125.91 Y109.56 E0.00003
G1 X125.824 Y109.61 E0.00003
G1 X125.737 Y109.66 E0.00003
G1 X125.651 Y109.71 E0.00003
G1 X125.564 Y109.76 E0.00003
G1 F991.5 X125.551 Y109.771 E0
G1 F977.8 X125.533 Y109.785 E0.00001
G1 F964.4 X125.522 Y109.794 E0
G1 F955.7 X125.511 Y109.804 E0
G1 F942.9 X125.5 Y109.814 E0
G1 F930.4 X125.488 Y109.824 E0
G1 F922.3 X125.477 Y109.834 E0
G1 F910.3 X125.472 Y109.84 E0
G1 F894.9 X125.466 Y109.848 E0
G1 F880 X125.46 Y109.856 E0
G1 F865.6 X125.453 Y109.863 E0
G1 F851.6 X125.447 Y109.871 E0
G1 F838.1 X125.441 Y109.879 E0
G1 F825 X125.434 Y109.887 E0
G1 F812.3 X125.428 Y109.894 E0
G1 F800 X125.422 Y109.902 E0
G1 F788.1 X125.415 Y109.91 E0
G1 F776.5 X125.409 Y109.918 E0
G1 F765.2 X125.403 Y109.925 E0
G1 F754.3 X125.396 Y109.933 E0
G1 F743.7 X125.39 Y109.941 E0
G1 F733.3 X125.384 Y109.949 E0
G1 F723.3 X125.377 Y109.956 E0
G1 F713.5 X125.371 Y109.964 E0
G1 F704 X125.365 Y109.972 E0
G1 F694.7 X125.358 Y109.98 E0
G1 F685.7 X125.352 Y109.987 E0
G1 F681.3 X125.342 Y109.995 E0
G1 F683.5 X125.354 Y110 E0.00001
G1 F692.5 X125.36 Y110.01 E0
G1 F706.4 X125.366 Y110.02 E0
G1 F718.4 X125.373 Y110.03 E0
G1 F733.3 X125.379 Y110.04 E0
G1 F748.9 X125.386 Y110.05 E0
G1 F759.7 X125.391 Y110.056 E0
G1 F770.8 X125.397 Y110.064 E0
G1 F782.2 X125.403 Y110.072 E0
G1 F791 X125.41 Y110.08 E0
G1 F803 X125.416 Y110.087 E0
G1 F812.3 X125.422 Y110.095 E0
G1 F825 X125.428 Y110.103 E0
G1 F838.1 X125.435 Y110.111 E0
G1 F848.2 X125.441 Y110.119 E0
G1 F862 X125.447 Y110.126 E0
G1 F872.7 X125.453 Y110.134 E0
G1 F887.4 X125.46 Y110.142 E0
G1 F902.6 X125.466 Y110.15 E0
G1 F918.3 X125.481 Y110.164 E0.00001
G1 F938.7 X125.495 Y110.178 E0.00001
G1 F951.4 X125.506 Y110.187 E0
G1 F960 X125.518 Y110.196 E0
G1 F968.8 X125.53 Y110.205 E0
G1 F977.8 X125.542 Y110.214 E0
G1 F986.9 X125.554 Y110.223 E0
G1 F996.2 X125.566 Y110.232 E0
G1 F1005.7 X125.578 Y110.241 E0
G1 X127.122 Y111.137 E0.00047
G1 X125.579 Y110.242 E0.00047
G1 X125.568 Y110.233 E0
G1 F996.2 X125.556 Y110.224 E0
G1 F986.9 X125.544 Y110.215 E0
G1 F977.8 X125.532 Y110.206 E0
G1 F968.8 X125.52 Y110.197 E0
G1 F960 X125.508 Y110.188 E0
G1 F951.4 X125.496 Y110.179 E0
G0 F24000 X125.467 Y110.151
G0 X125.385 Y110.049
G0 X125.369 Y110.024
G1 F60 E-0.001
G1 F18000 Z2.8
G0 F24000 X124.324 Y111.936 Z2.8
G1 F18000 Z0.8
G1 F60 E0.001
G1 F991.5 X124.326 Y111.906 E0.00001
G1 F982.3 X124.328 Y111.876 E0.00001
G1 F968.8 X124.332 Y111.847 E0.00001
G1 F951.4 X124.334 Y111.838 E0
G1 F938.7 X124.337 Y111.828 E0
G1 F930.4 X124.34 Y111.819 E0
G1 F918.3 X124.342 Y111.809 E0
G1 F906.4 X124.345 Y111.8 E0
G1 F898.7 X124.348 Y111.79 E0
G1 F887.4 X124.35 Y111.78 E0
G1 F876.3 X124.353 Y111.771 E0
G1 F869.1 X124.356 Y111.761 E0
G1 F858.5 X124.358 Y111.752 E0
G1 F848.2 X124.361 Y111.742 E0
G1 F841.4 X124.364 Y111.732 E0
G1 F828.2 X124.369 Y111.719 E0
G1 F815.4 X124.373 Y111.709 E0
G1 F803 X124.377 Y111.699 E0
G1 F791 X124.381 Y111.689 E0
G1 F779.3 X124.385 Y111.679 E0
G1 F768 X124.389 Y111.669 E0
G1 F757 X124.394 Y111.659 E0
G1 F746.3 X124.398 Y111.652 E0
G1 F733.3 X124.403 Y111.642 E0
G1 F720.8 X124.408 Y111.633 E0
G1 F711.1 X124.414 Y111.623 E0
G1 F699.3 X124.419 Y111.613 E0
G1 F687.9 X124.424 Y111.604 E0
G1 F685.7 X124.433 Y111.606 E0
G1 F694.7 X124.443 Y111.607 E0
G1 F704 X124.453 Y111.608 E0
G1 F713.5 X124.463 Y111.61 E0
G1 F723.3 X124.473 Y111.611 E0
G1 F733.3 X124.483 Y111.612 E0
G1 F743.7 X124.493 Y111.613 E0
G1 F754.3 X124.503 Y111.615 E0
G1 F765.2 X124.513 Y111.616 E0
G1 F776.5 X124.523 Y111.617 E0
G1 F785.1 X124.532 Y111.618 E0
G1 F797 X124.542 Y111.62 E0
G1 F809.2 X124.552 Y111.621 E0
G1 F821.8 X124.562 Y111.622 E0
G1 F834.8 X124.572 Y111.623 E0
G1 F848.2 X124.582 Y111.625 E0
G1 F862 X124.592 Y111.626 E0
G1 F876.3 X124.602 Y111.627 E0
G1 F891.1 X124.612 Y111.628 E0
G1 F906.4 X124.622 Y111.63 E0
G1 F918.3 X124.64 Y111.635 E0.00001
G1 F926.3 X124.652 Y111.639 E0
G1 F934.5 X124.665 Y111.644 E0
G1 F947.1 X124.677 Y111.648 E0
G1 F955.7 X124.689 Y111.652 E0
G1 F964.4 X124.702 Y111.657 E0
G1 F977.8 X124.722 Y111.664 E0.00001
G1 F986.9 X124.742 Y111.672 E0.00001
G1 F996.2 X124.798 Y111.704 E0.00002
G1 X124.854 Y111.736 E0.00002
G1 X124.91 Y111.769 E0.00002
G1 X124.967 Y111.801 E0.00002
G1 X125.023 Y111.834 E0.00002
G1 X125.079 Y111.866 E0.00002
G1 X125.136 Y111.899 E0.00002
G1 X125.192 Y111.931 E0.00002
G1 X125.248 Y111.964 E0.00002
G1 X125.304 Y111.996 E0.00002
G1 X125.361 Y112.029 E0.00002
G1 X125.417 Y112.061 E0.00002
G1 X125.473 Y112.094 E0.00002
G1 X125.53 Y112.126 E0.00002
G1 F1000.9 X125.586 Y112.159 E0.00002
G1 X125.642 Y112.191 E0.00002
G1 X125.699 Y112.224 E0.00002
G1 X125.755 Y112.256 E0.00002
G1 X125.811 Y112.289 E0.00002
G1 X125.867 Y112.321 E0.00002
G1 X125.924 Y112.354 E0.00002
G1 X125.98 Y112.386 E0.00002
G1 X126.036 Y112.418 E0.00002
G1 X126.093 Y112.451 E0.00002
G1 X126.149 Y112.483 E0.00002
G1 X126.205 Y112.516 E0.00002
G1 X126.261 Y112.548 E0.00002
G1 X126.318 Y112.581 E0.00002
G1 F1005.7 X126.374 Y112.613 E0.00002
G1 X126.43 Y112.646 E0.00002
G1 X126.487 Y112.678 E0.00002
G1 X126.543 Y112.711 E0.00002
G1 X126.599 Y112.743 E0.00002
G1 X126.656 Y112.776 E0.00002
G1 X126.712 Y112.808 E0.00002
G1 X126.768 Y112.841 E0.00002
G1 X126.824 Y112.873 E0.00002
G1 X126.881 Y112.906 E0.00002
G1 X126.937 Y112.938 E0.00002
G1 X126.993 Y112.971 E0.00002
G1 X127.05 Y113.003 E0.00002
G1 X127.106 Y113.036 E0.00002
G1 X127.066 Y113.013 E0.00001
G1 X127.01 Y112.981 E0.00002
G1 X126.954 Y112.948 E0.00002
G1 X126.897 Y112.916 E0.00002
G1 X126.841 Y112.883 E0.00002
G1 X126.785 Y112.851 E0.00002
G1 X126.728 Y112.818 E0.00002
G1 X126.672 Y112.786 E0.00002
G1 X126.616 Y112.753 E0.00002
G1 X126.56 Y112.721 E0.00002
G1 X126.503 Y112.688 E0.00002
G1 X126.447 Y112.656 E0.00002
G1 X126.391 Y112.623 E0.00002
G1 X126.334 Y112.591 E0.00002
G1 F1000.9 X126.278 Y112.558 E0.00002
G1 X126.222 Y112.526 E0.00002
G1 X126.165 Y112.493 E0.00002
G1 X126.109 Y112.461 E0.00002
G1 X126.053 Y112.428 E0.00002
G1 X125.997 Y112.396 E0.00002
G1 X125.94 Y112.363 E0.00002
G1 X125.884 Y112.331 E0.00002
G1 X125.828 Y112.299 E0.00002
G1 X125.771 Y112.266 E0.00002
G1 X125.715 Y112.234 E0.00002
G1 X125.659 Y112.201 E0.00002
G1 X125.603 Y112.169 E0.00002
G1 X125.546 Y112.136 E0.00002
G1 F996.2 X125.49 Y112.104 E0.00002
G1 X125.434 Y112.071 E0.00002
G1 X125.377 Y112.039 E0.00002
G1 X125.321 Y112.006 E0.00002
G1 X125.265 Y111.974 E0.00002
G1 X125.208 Y111.941 E0.00002
G1 X125.152 Y111.909 E0.00002
G1 X125.096 Y111.876 E0.00002
G1 X125.04 Y111.844 E0.00002
G1 X124.983 Y111.811 E0.00002
G1 X124.927 Y111.779 E0.00002
G1 X124.871 Y111.746 E0.00002
G1 X124.814 Y111.714 E0.00002
G1 X124.758 Y111.681 E0.00002
G1 F991.5 X124.742 Y111.672 E0
G1 F986.9 X124.722 Y111.665 E0.00001
G1 F977.8 X124.702 Y111.657 E0.00001
G1 F964.4 X124.69 Y111.653 E0
G1 F955.7 X124.678 Y111.649 E0
G1 F947.1 X124.665 Y111.644 E0
G1 F934.5 X124.653 Y111.64 E0
G1 F926.3 X124.641 Y111.636 E0
G1 F918.3 X124.628 Y111.631 E0
G1 F906.4 X124.619 Y111.63 E0
G1 F891.1 X124.609 Y111.628 E0
G1 F876.3 X124.599 Y111.627 E0
G1 F862 X124.589 Y111.625 E0
G1 F848.2 X124.579 Y111.623 E0
G1 F834.8 X124.569 Y111.622 E0
G1 F821.8 X124.56 Y111.62 E0
G1 F809.2 X124.55 Y111.618 E0
G1 F797 X124.54 Y111.617 E0
G1 F785.1 X124.53 Y111.615 E0
G1 F776.5 X124.52 Y111.613 E0
G1 F765.2 X124.51 Y111.612 E0
G1 F754.3 X124.5 Y111.61 E0
G1 F743.7 X124.491 Y111.609 E0
G1 F733.3 X124.481 Y111.607 E0
G1 F723.3 X124.471 Y111.605 E0
G1 F713.5 X124.461 Y111.604 E0
G1 F704 X124.451 Y111.602 E0
G1 F694.7 X124.441 Y111.6 E0
G1 F685.7 X124.431 Y111.599 E0
G1 F681.3 X124.417 Y111.601 E0.00001
G1 F687.9 X124.413 Y111.611 E0
G1 F699.3 X124.409 Y111.621 E0
G1 F711.1 X124.405 Y111.631 E0
G1 F720.8 X124.401 Y111.641 E0
G1 F733.3 X124.397 Y111.651 E0
G1 F746.3 X124.393 Y111.661 E0
G1 F757 X124.389 Y111.671 E0
G1 F768 X124.385 Y111.681 E0
G1 F779.3 X124.381 Y111.691 E0
G1 F791 X124.377 Y111.701 E0
G1 F803 X124.373 Y111.711 E0
G1 F815.4 X124.369 Y111.721 E0
G1 F828.2 X124.364 Y111.731 E0
G1 F841.4 X124.363 Y111.738 E0
G1 F848.2 X124.36 Y111.748 E0
G1 F858.5 X124.357 Y111.757 E0
G1 F869.1 X124.355 Y111.767 E0
G1 F876.3 X124.352 Y111.776 E0
G1 F887.4 X124.349 Y111.786 E0
G1 F898.7 X124.347 Y111.796 E0
G1 F906.4 X124.344 Y111.805 E0
G1 F918.3 X124.341 Y111.815 E0
G1 F930.4 X124.339 Y111.824 E0
G1 F938.7 X124.336 Y111.834 E0
G1 F951.4 X124.333 Y111.844 E0
G1 F968.8 X124.328 Y111.877 E0.00001
G1 F982.3 X124.326 Y111.907 E0.00001
G1 F991.5 X124.324 Y111.937 E0.00001
G1 F1000.9 X124.324 Y112.035 E0.00003
G1 X124.324 Y112.134 E0.00003
G1 X124.324 Y112.233 E0.00003
G1 X124.324 Y112.332 E0.00003
G1 X124.324 Y112.431 E0.00003
G1 X124.324 Y112.53 E0.00003
G1 X124.324 Y112.629 E0.00003
G1 X124.324 Y112.728 E0.00003
G1 X124.324 Y112.827 E0.00003
G1 X124.324 Y112.926 E0.00003
G1 X124.324 Y113.025 E0.00003
G1 X124.324 Y113.124 E0.00003
G1 X124.324 Y113.223 E0.00003
G1 X124.324 Y113.322 E0.00003
G1 X124.324 Y113.421 E0.00003
G1 X124.324 Y113.52 E0.00003
G1 X124.324 Y113.619 E0.00003
G1 X124.324 Y113.718 E0.00003
G1 X124.324 Y113.817 E0.00003
G1 X124.324 Y113.916 E0.00003
G1 X124.324 Y114.015 E0.00003
G1 X124.324 Y114.114 E0.00003
G1 X124.324 Y114.213 E0.00003
G1 X124.324 Y114.312 E0.00003
G1 X124.324 Y114.411 E0.00003
G1 X124.324 Y114.51 E0.00003
G1 X124.324 Y114.609 E0.00003
G1 X124.324 Y114.708 E0.00003
G1 X124.323 Y114.807 E0.00003
G1 F1005.7 X124.323 Y114.906 E0.00003
G1 X124.323 Y115.005 E0.00003
G1 X124.323 Y115.104 E0.00003
G1 X124.323 Y115.203 E0.00003
G1 X124.323 Y115.302 E0.00003
G1 X124.323 Y115.401 E0.00003
G1 X124.323 Y115.5 E0.00003
G1 X124.323 Y115.599 E0.00003
G1 X124.323 Y115.698 E0.00003
G1 X124.323 Y115.797 E0.00003
G1 X124.323 Y115.896 E0.00003
G1 X124.323 Y115.995 E0.00003
G1 X124.323 Y116.094 E0.00003
G1 X124.323 Y116.193 E0.00003
G1 X124.323 Y116.292 E0.00003
G1 X124.323 Y116.391 E0.00003
G1 X124.323 Y116.49 E0.00003
G1 X124.323 Y116.589 E0.00003
G1 X124.323 Y116.688 E0.00003
G1 X124.323 Y116.787 E0.00003
G1 X124.323 Y116.886 E0.00003
G1 X124.323 Y116.985 E0.00003
G1 X124.323 Y117.084 E0.00003
G1 X124.323 Y117.183 E0.00003
G1 X124.323 Y117.282 E0.00003
G1 X124.323 Y117.381 E0.00003
G1 X124.323 Y117.48 E0.00003
G1 X124.323 Y117.579 E0.00003
G1 X124.322 Y117.495 E0.00002
G1 X124.322 Y117.396 E0.00003
G1 X124.322 Y117.297 E0.00003
G1 X124.322 Y117.198 E0.00003
G1 X124.322 Y117.099 E0.00003
G1 X124.322 Y117 E0.00003
G1 X124.322 Y116.901 E0.00003
G1 X124.322 Y116.802 E0.00003
G1 X124.322 Y116.703 E0.00003
G1 X124.322 Y116.604 E0.00003
G1 X124.322 Y116.505 E0.00003
G1 X124.322 Y116.406 E0.00003
G1 X124.322 Y116.307 E0.00003
G1 X124.322 Y116.208 E0.00003
G1 X124.322 Y116.109 E0.00003
G1 X124.322 Y116.01 E0.00003
G1 X124.322 Y115.911 E0.00003
G1 X124.322 Y115.812 E0.00003
G1 X124.322 Y115.713 E0.00003
G1 X124.322 Y115.614 E0.00003
G1 X124.322 Y115.515 E0.00003
G1 X124.322 Y115.416 E0.00003
G1 X124.322 Y115.317 E0.00003
G1 X124.322 Y115.218 E0.00003
G1 X124.322 Y115.119 E0.00003
G1 X124.322 Y115.02 E0.00003
G1 X124.322 Y114.921 E0.00003
G1 X124.322 Y114.822 E0.00003
G1 F1000.9 X124.323 Y114.723 E0.00003
G1 X124.323 Y114.624 E0.00003
G1 X124.323 Y114.525 E0.00003
G1 X124.323 Y114.426 E0.00003
G1 X124.323 Y114.327 E0.00003
G1 X124.323 Y114.228 E0.00003
G1 X124.323 Y114.129 E0.00003
G1 X124.323 Y114.03 E0.00003
G1 X124.323 Y113.931 E0.00003
G1 X124.323 Y113.832 E0.00003
G1 X124.323 Y113.733 E0.00003
G1 X124.323 Y113.634 E0.00003
G1 X124.323 Y113.535 E0.00003
G1 X124.323 Y113.436 E0.00003
G1 X124.323 Y113.337 E0.00003
G1 X124.323 Y113.238 E0.00003
G1 X124.323 Y113.139 E0.00003
G1 X124.323 Y113.04 E0.00003
G1 X124.323 Y112.941 E0.00003
G1 X124.323 Y112.842 E0.00003
G1 X124.323 Y112.743 E0.00003
G1 X124.323 Y112.644 E0.00003
G1 X124.323 Y112.545 E0.00003
G1 X124.323 Y112.446 E0.00003
G1 X124.323 Y112.347 E0.00003
G1 X124.323 Y112.248 E0.00003
G1 X124.323 Y112.149 E0.00003
G1 X124.323 Y112.05 E0.00003
G1 X124.323 Y111.951 E0.00003
G0 F24000 X124.328 Y111.877
G0 X124.332 Y111.847
G0 X124.361 Y111.741
G1 F60 E-0.001
G1 F18000 Z2.8
G0 F24000 X122.569 Y111.607 Z2.8
G1 F18000 Z0.8
G1 F60 E0.001
G1 F687.9 X122.574 Y111.615 E0
G1 F699.3 X122.58 Y111.623 E0
G1 F713.5 X122.586 Y111.631 E0
G1 F725.8 X122.591 Y111.642 E0
G1 F735.9 X122.595 Y111.652 E0
G1 F746.3 X122.599 Y111.662 E0
G1 F757 X122.603 Y111.672 E0
G1 F768 X122.607 Y111.683 E0
G1 F779.3 X122.612 Y111.693 E0
G1 F791 X122.616 Y111.703 E0
G1 F803 X122.62 Y111.713 E0
G1 F815.4 X122.624 Y111.723 E0
G1 F828.2 X122.628 Y111.734 E0
G1 F841.4 X122.633 Y111.744 E0
G1 F855.1 X122.637 Y111.754 E0
G1 F869.1 X122.641 Y111.764 E0
G1 F883.7 X122.642 Y111.771 E0
G1 F894.9 X122.645 Y111.782 E0
G1 F906.4 X122.648 Y111.793 E0
G1 F914.3 X122.651 Y111.803 E0
G1 F926.3 X122.654 Y111.814 E0
G1 F938.7 X122.657 Y111.825 E0
G1 F947.1 X122.658 Y111.836 E0
G1 F955.7 X122.66 Y111.848 E0
G1 F964.4 X122.661 Y111.86 E0
G1 F968.8 X122.663 Y111.872 E0
G1 F977.8 X122.665 Y111.884 E0
G1 F986.9 X122.666 Y111.896 E0
G1 F991.5 X122.668 Y111.908 E0
G1 F1000.9 X122.669 Y111.92 E0
G1 F1010.5 X122.671 Y111.932 E0
G1 X122.672 Y112.131 E0.00005
G1 X122.672 Y112.326 E0.00005
G1 X122.672 Y112.521 E0.00005
G1 X122.672 Y112.716 E0.00005
G1 X122.672 Y112.911 E0.00005
G1 X122.672 Y113.106 E0.00005
G1 X122.672 Y113.301 E0.00005
G1 X122.672 Y113.496 E0.00005
G1 X122.672 Y113.691 E0.00005
G1 X122.672 Y113.886 E0.00005
G1 X122.672 Y114.081 E0.00005
G1 X122.672 Y114.276 E0.00005
G1 X122.672 Y114.471 E0.00005
G1 X122.672 Y114.666 E0.00005
G1 X122.673 Y114.861 E0.00005
G1 X122.673 Y115.056 E0.00005
G1 X122.673 Y115.251 E0.00005
G1 X122.673 Y115.446 E0.00005
G1 X122.673 Y115.641 E0.00005
G1 X122.673 Y115.836 E0.00005
G1 X122.673 Y116.031 E0.00005
G1 X122.673 Y116.226 E0.00005
G1 X122.673 Y116.421 E0.00005
G1 X122.673 Y116.616 E0.00005
G1 X122.673 Y116.811 E0.00005
G1 X122.673 Y117.006 E0.00005
G1 X122.673 Y117.201 E0.00005
G1 X122.673 Y117.396 E0.00005
G1 X122.673 Y117.591 E0.00005
G1 X122.674 Y117.399 E0.00005
G1 X122.674 Y117.204 E0.00005
G1 X122.674 Y117.009 E0.00005
G1 X122.674 Y116.814 E0.00005
G1 X122.674 Y116.619 E0.00005
G1 X122.674 Y116.424 E0.00005
G1 X122.674 Y116.229 E0.00005
G1 X122.674 Y116.034 E0.00005
G1 X122.674 Y115.839 E0.00005
G1 X122.674 Y115.644 E0.00005
G1 X122.674 Y115.449 E0.00005
G1 X122.674 Y115.254 E0.00005
G1 X122.674 Y115.059 E0.00005
G1 X122.674 Y114.864 E0.00005
G1 X122.673 Y114.669 E0.00005
G1 X122.673 Y114.474 E0.00005
G1 X122.673 Y114.279 E0.00005
G1 X122.673 Y114.084 E0.00005
G1 X122.673 Y113.889 E0.00005
G1 X122.673 Y113.694 E0.00005
G1 X122.673 Y113.499 E0.00005
G1 X122.673 Y113.304 E0.00005
G1 X122.673 Y113.109 E0.00005
G1 X122.673 Y112.914 E0.00005
G1 X122.673 Y112.719 E0.00005
G1 X122.673 Y112.524 E0.00005
G1 X122.673 Y112.329 E0.00005
G1 X122.673 Y112.134 E0.00005
G1 X122.673 Y111.939 E0.00005
G1 X122.671 Y111.925 E0
G1 F1000.9 X122.669 Y111.913 E0
G1 F991.5 X122.668 Y111.901 E0
G1 F986.9 X122.666 Y111.889 E0
G1 F977.8 X122.664 Y111.877 E0
G1 F968.8 X122.663 Y111.865 E0
G1 F964.4 X122.661 Y111.853 E0
G1 F955.7 X122.66 Y111.841 E0
G1 F947.1 X122.658 Y111.829 E0
G1 F938.7 X122.655 Y111.815 E0
G1 F926.3 X122.652 Y111.804 E0
G1 F914.3 X122.649 Y111.793 E0
G1 F906.4 X122.646 Y111.783 E0
G1 F894.9 X122.643 Y111.772 E0
G1 F883.7 X122.64 Y111.761 E0
G1 F869.1 X122.636 Y111.751 E0
G1 F855.1 X122.632 Y111.741 E0
G1 F841.4 X122.628 Y111.731 E0
G1 F828.2 X122.624 Y111.721 E0
G1 F815.4 X122.62 Y111.71 E0
G1 F803 X122.615 Y111.7 E0
G1 F791 X122.611 Y111.69 E0
G1 F779.3 X122.607 Y111.68 E0
G1 F768 X122.603 Y111.67 E0
G1 F757 X122.599 Y111.659 E0
G1 F746.3 X122.594 Y111.649 E0
G1 F735.9 X122.59 Y111.639 E0
G1 F725.8 X122.586 Y111.629 E0
G1 F713.5 X122.584 Y111.623 E0
G1 F699.3 X122.58 Y111.614 E0
G1 F687.9 X122.577 Y111.604 E0
G1 F681.3 X122.576 Y111.595 E0
G1 F690.2 X122.561 Y111.603 E0.00001
G1 F701.7 X122.551 Y111.604 E0
G1 F711.1 X122.54 Y111.605 E0
G1 F720.8 X122.529 Y111.607 E0
G1 F730.8 X122.518 Y111.608 E0
G1 F741.1 X122.507 Y111.61 E0
G1 F751.6 X122.496 Y111.611 E0
G1 F762.5 X122.485 Y111.612 E0
G1 F773.6 X122.474 Y111.614 E0
G1 F785.1 X122.463 Y111.615 E0
G1 F797 X122.452 Y111.617 E0
G1 F809.2 X122.441 Y111.618 E0
G1 F821.8 X122.43 Y111.619 E0
G1 F834.8 X122.419 Y111.621 E0
G1 F848.2 X122.408 Y111.622 E0
G1 F862 X122.397 Y111.624 E0
G1 F876.3 X122.386 Y111.625 E0
G1 F891.1 X122.376 Y111.627 E0
G1 F898.7 X122.383 Y111.626 E0
G1 F906.4 X122.369 Y111.63 E0
G1 F918.3 X122.355 Y111.634 E0
G1 F934.5 X122.341 Y111.639 E0
G1 F947.1 X122.327 Y111.643 E0
G1 F955.7 X122.314 Y111.649 E0
G1 F964.4 X122.299 Y111.655 E0
G1 F973.3 X122.284 Y111.662 E0
G1 F982.3 X122.27 Y111.668 E0
G1 F991.5 X122.255 Y111.675 E0
G1 F1000.9 X122.24 Y111.681 E0
G1 F1005.7 X122.066 Y111.782 E0.00005
G1 X121.893 Y111.882 E0.00005
G1 X121.72 Y111.982 E0.00005
G1 X121.547 Y112.082 E0.00005
G1 X121.374 Y112.182 E0.00005
G1 X121.2 Y112.282 E0.00005
G1 X121.027 Y112.382 E0.00005
G1 X120.854 Y112.482 E0.00005
G1 X120.681 Y112.582 E0.00005
G1 X120.508 Y112.682 E0.00005
G1 X120.335 Y112.782 E0.00005
G1 X120.161 Y112.882 E0.00005
G1 X119.988 Y112.982 E0.00005
G1 X119.815 Y113.082 E0.00005
G1 X119.642 Y113.182 E0.00005
G1 X119.469 Y113.282 E0.00005
G1 X119.295 Y113.382 E0.00005
G1 X119.122 Y113.482 E0.00005
G1 X118.949 Y113.582 E0.00005
G1 X118.776 Y113.682 E0.00005
G1 X118.603 Y113.782 E0.00005
G1 X118.43 Y113.882 E0.00005
G1 X118.256 Y113.982 E0.00005
G1 X118.083 Y114.082 E0.00005
G1 X117.91 Y114.182 E0.00005
G1 X117.737 Y114.282 E0.00005
G1 X117.564 Y114.382 E0.00005
G1 X117.391 Y114.482 E0.00005
G1 X117.217 Y114.582 E0.00005
G1 X117.044 Y114.683 E0.00005
G1 X116.871 Y114.783 E0.00005
G1 X116.698 Y114.883 E0.00005
G1 X116.525 Y114.983 E0.00005
G1 X116.351 Y115.083 E0.00005
G1 X116.178 Y115.183 E0.00005
G1 X116.005 Y115.283 E0.00005
G1 X115.832 Y115.383 E0.00005
G1 X115.659 Y115.483 E0.00005
G1 X115.486 Y115.583 E0.00005
G1 X115.312 Y115.683 E0.00005
G1 X115.139 Y115.783 E0.00005
G1 X114.966 Y115.883 E0.00005
G1 X114.793 Y115.983 E0.00005
G1 X114.62 Y116.083 E0.00005
G1 X114.446 Y116.183 E0.00005
G1 X114.273 Y116.283 E0.00005
G1 X114.1 Y116.383 E0.00005
G1 X113.927 Y116.483 E0.00005
G1 X113.754 Y116.583 E0.00005
G1 X113.581 Y116.683 E0.00005
G1 X113.407 Y116.783 E0.00005
G1 X113.234 Y116.883 E0.00005
G1 X113.061 Y116.983 E0.00005
G1 X112.888 Y117.083 E0.00005
G1 X112.715 Y117.183 E0.00005
G1 X112.542 Y117.283 E0.00005
G1 X112.368 Y117.383 E0.00005
G1 X112.195 Y117.483 E0.00005
G1 X112.022 Y117.584 E0.00005
G1 X112.217 Y117.471 E0.00006
G1 X112.39 Y117.371 E0.00005
G1 X112.563 Y117.271 E0.00005
G1 X112.736 Y117.171 E0.00005
G1 X112.909 Y117.071 E0.00005
G1 X113.083 Y116.971 E0.00005
G1 X113.256 Y116.871 E0.00005
G1 X113.429 Y116.771 E0.00005
G1 X113.602 Y116.671 E0.00005
G1 X113.775 Y116.571 E0.00005
G1 X113.948 Y116.471 E0.00005
G1 X114.122 Y116.371 E0.00005
G1 X114.295 Y116.271 E0.00005
G1 X114.468 Y116.171 E0.00005
G1 X114.641 Y116.071 E0.00005
G1 X114.814 Y115.971 E0.00005
G1 X114.988 Y115.871 E0.00005
G1 X115.161 Y115.771 E0.00005
G1 X115.334 Y115.671 E0.00005
G1 X115.507 Y115.571 E0.00005
G1 X115.68 Y115.471 E0.00005
G1 X115.853 Y115.371 E0.00005
G1 X116.027 Y115.271 E0.00005
G1 X116.2 Y115.171 E0.00005
G1 X116.373 Y115.071 E0.00005
G1 X116.546 Y114.971 E0.00005
G1 X116.719 Y114.871 E0.00005
G1 X116.892 Y114.771 E0.00005
G1 X117.066 Y114.671 E0.00005
G1 X117.239 Y114.57 E0.00005
G1 X117.412 Y114.47 E0.00005
G1 X117.585 Y114.37 E0.00005
G1 X117.758 Y114.27 E0.00005
G1 X117.932 Y114.17 E0.00005
G1 X118.105 Y114.07 E0.00005
G1 X118.278 Y113.97 E0.00005
G1 X118.451 Y113.87 E0.00005
G1 X118.624 Y113.77 E0.00005
G1 X118.797 Y113.67 E0.00005
G1 X118.971 Y113.57 E0.00005
G1 X119.144 Y113.47 E0.00005
G1 X119.317 Y113.37 E0.00005
G1 X119.49 Y113.27 E0.00005
G1 X119.663 Y113.17 E0.00005
G1 X119.837 Y113.07 E0.00005
G1 X120.01 Y112.97 E0.00005
G1 X120.183 Y112.87 E0.00005
G1 X120.356 Y112.77 E0.00005
G1 X120.529 Y112.67 E0.00005
G1 X120.702 Y112.57 E0.00005
G1 X120.876 Y112.47 E0.00005
G1 X121.049 Y112.37 E0.00005
G1 X121.222 Y112.27 E0.00005
G1 X121.395 Y112.17 E0.00005
G1 X121.568 Y112.07 E0.00005
G1 X121.741 Y111.97 E0.00005
G1 X121.915 Y111.87 E0.00005
G1 X122.088 Y111.77 E0.00005
G1 X122.261 Y111.669 E0.00005
G1 F1000.9 X122.253 Y111.676 E0
G1 F991.5 X122.268 Y111.67 E0
G1 F982.3 X122.283 Y111.663 E0
G1 F973.3 X122.297 Y111.657 E0
G1 F964.4 X122.312 Y111.65 E0
G1 F955.7 X122.327 Y111.644 E0
G1 F947.1 X122.342 Y111.639 E0
G1 F934.5 X122.356 Y111.635 E0
G1 F918.3 X122.37 Y111.63 E0
G1 F906.4 X122.384 Y111.626 E0
G1 F891.1 X122.393 Y111.625 E0
G1 F876.3 X122.404 Y111.624 E0
G1 F862 X122.415 Y111.622 E0
G1 F848.2 X122.426 Y111.621 E0
G1 F834.8 X122.437 Y111.619 E0
G1 F821.8 X122.448 Y111.618 E0
G1 F809.2 X122.459 Y111.617 E0
G1 F797 X122.47 Y111.615 E0
G1 F785.1 X122.481 Y111.614 E0
G1 F773.6 X122.492 Y111.612 E0
G1 F762.5 X122.503 Y111.611 E0
G1 F751.6 X122.514 Y111.61 E0
G1 F741.1 X122.525 Y111.608 E0
G1 F730.8 X122.536 Y111.607 E0
G1 F720.8 X122.547 Y111.605 E0
G1 F711.1 X122.558 Y111.604 E0
G1 F701.7 X122.568 Y111.602 E0
G1 F690.2 X122.569 Y111.607 E0
G0 F24000 X122.587 Y111.632
G0 X122.64 Y111.761
G0 X122.647 Y111.79
G1 F60 E-0.001
G1 F18000 Z2.8
;MESH:NONMESH
G0 F24000 X96.498 Y103.514 Z2.8
;TIME_ELAPSED:321.837393
G1 F60 E-0.001
M140 S0
M82 ;absolute extrusion mode
M107
T-1
M104 S0
M140 S0
M83 ;relative extrusion mode
;End of Gcode
;SETTING_3 {"global_quality": "[general]\\nversion = 4\\nname = 26G-RFATOMS\\nde
;SETTING_3 finition = custom\\n\\n[metadata]\\ntype = quality_changes\\nquality_
;SETTING_3 type = fast\\nsetting_version = 23\\n\\n[values]\\nadhesion_extruder_
;SETTING_3 nr = 0\\nadhesion_type = brim\\nalternate_carve_order = False\\nbridg
;SETTING_3 e_settings_enabled = True\\nbridge_wall_min_length = =line_width + su
;SETTING_3 pport_xy_distance + 1.0\\ncarve_multiple_volumes = True\\nlayer_heigh
;SETTING_3 t = 0.1\\nlayer_height_0 = 0.3\\nmaterial_bed_temperature = 20\\nmate
;SETTING_3 rial_bed_temperature_layer_0 = 20\\nminimum_polygon_circumference = 0
;SETTING_3 .1\\nprime_tower_enable = False\\nretraction_combing = all\\nskirt_br
;SETTING_3 im_extruder_nr = 0\\nspeed_slowdown_layers = 1\\nsupport_enable = Fal
;SETTING_3 se\\nsupport_extruder_nr = 0\\nsupport_structure = normal\\nsupport_t
;SETTING_3 ype = everywhere\\ntravel_retract_before_outer_wall = False\\n\\n", "
;SETTING_3 extruder_quality": ["[general]\\nversion = 4\\nname = 26G-RFATOMS\\nd
;SETTING_3 efinition = custom\\n\\n[metadata]\\ntype = quality_changes\\nquality
;SETTING_3 _type = fast\\nintent_category = default\\nposition = 0\\nsetting_ver
;SETTING_3 sion = 23\\n\\n[values]\\nbottom_layers = 0\\nbridge_enable_more_laye
;SETTING_3 rs = False\\nbridge_skin_material_flow = 100\\nbridge_wall_material_f
;SETTING_3 low = 100\\nbrim_gap = 1.5\\nbrim_width = 1\\ncoasting_enable = False
;SETTING_3 \\ncool_fan_enabled = False\\ncool_fan_speed = 60\\ncool_fan_speed_ma
;SETTING_3 x = 100\\nfill_outline_gaps = True\\nhole_xy_offset = 0\\nhole_xy_off
;SETTING_3 set_max_diameter = 4\\ninfill_overlap = 10\\ninfill_pattern = lightni
;SETTING_3 ng\\ninfill_sparse_density = 30\\ninset_direction = inside_out\\niron
;SETTING_3 ing_enabled = False\\nironing_flow = 25\\nironing_inset = 0\\nironing
;SETTING_3 _line_spacing = 0.2\\nironing_only_highest_layer = False\\nironing_pa
;SETTING_3 ttern = zigzag\\nline_width = 0.38\\nmaterial_alternate_walls = True\
;SETTING_3 \nmaterial_final_print_temperature = 230\\nmaterial_flow = 100\\nmate
;SETTING_3 rial_initial_print_temperature = 230\\nmaterial_print_temperature = 2
;SETTING_3 30\\nmaterial_standby_temperature = 0\\nmeshfix_maximum_deviation = 0
;SETTING_3 .001\\nmeshfix_maximum_resolution = 0.001\\nmeshfix_maximum_travel_re
;SETTING_3 solution = =min(meshfix_maximum_resolution * speed_travel / speed_pri
;SETTING_3 nt, 2 * line_width)\\nmeshfix_union_all = True\\nmin_even_wall_line_w
;SETTING_3 idth = =min_wall_line_width\\nmin_feature_size = =wall_line_width_0 /
;SETTING_3  4\\nmin_odd_wall_line_width = =min_wall_line_width\\nmin_wall_line_w
;SETTING_3 idth = =machine_nozzle_size * .85\\noptimize_wall_printing_order = Tr
;SETTING_3 ue\\nraft_airgap = 0.0\\nraft_interface_thickness = =resolveOrValue('
;SETTING_3 layer_height') * 1.5\\nraft_margin = 2\\nraft_surface_layers = 3\\nre
;SETTING_3 traction_amount = 3.5\\nretraction_enable = True\\nretraction_extra_p
;SETTING_3 rime_amount = 0.05\\nretraction_hop = 0.15\\nretraction_hop_enabled =
;SETTING_3  False\\nretraction_speed = 30\\nskin_material_flow = 105\\nskin_mono
;SETTING_3 tonic = True\\nskin_outline_count = 0\\nskirt_brim_minimal_length = 0
;SETTING_3 \\nskirt_brim_speed = 45\\nsmall_feature_speed_factor = 10\\nsmall_ho
;SETTING_3 le_max_size = 4\\nsmall_skin_width = 0.32\\nspeed_infill = 112\\nspee
;SETTING_3 d_ironing = 150\\nspeed_layer_0 = 30\\nspeed_print = 112\\nspeed_prin
;SETTING_3 t_layer_0 = 60\\nspeed_support = 100\\nspeed_topbottom = 140\\nspeed_
;SETTING_3 travel = 300\\nspeed_travel_layer_0 = 300\\nspeed_wall_0 = 25\\nspeed
;SETTING_3 _wall_0_roofing = 20\\nspeed_wall_x = 50\\nspeed_z_hop = 20\\nsupport
;SETTING_3 _interface_enable = True\\nsupport_tree_limit_branch_reach = False\\n
;SETTING_3 switch_extruder_extra_prime_amount = 0.575\\nswitch_extruder_retracti
;SETTING_3 on_amount = 3.5\\nswitch_extruder_retraction_speeds = 50\\ntop_bottom
;SETTING_3 _thickness = 0.7\\ntravel_avoid_distance = 1\\nwall_0_inset = 0.0\\nw
;SETTING_3 all_0_material_flow = 83\\nwall_0_material_flow_roofing = 105\\nwall_
;SETTING_3 line_count = 1\\nwall_thickness = =wall_line_width_0 if magic_spirali
;SETTING_3 ze else 0.8\\nwall_transition_filter_deviation = =.25 * machine_nozzl
;SETTING_3 e_size\\nwall_transition_length = =line_width\\nwall_x_material_flow 
;SETTING_3 = 83\\nwall_x_material_flow_roofing = 105\\nxy_offset = -0.05\\nz_sea
;SETTING_3 m_corner = z_seam_corner_weighted\\nz_seam_position = frontleft\\nz_s
;SETTING_3 eam_type = sharpest_corner\\nzig_zaggify_infill = True\\n\\n", "[gene
;SETTING_3 ral]\\nversion = 4\\nname = 26G-RFATOMS\\ndefinition = custom\\n\\n[m
;SETTING_3 etadata]\\ntype = quality_changes\\nquality_type = fast\\nintent_cate
;SETTING_3 gory = default\\nposition = 1\\nsetting_version = 23\\n\\n[values]\\n
;SETTING_3 bottom_layers = 1\\nbrim_width = 1\\ncool_fan_speed = 0\\ninfill_spar
;SETTING_3 se_density = 15\\ninitial_bottom_layers = 1\\nironing_enabled = False
;SETTING_3 \\nironing_flow = 0\\nironing_line_spacing = 0.2\\nironing_pattern = 
;SETTING_3 concentric\\nmaterial_final_print_temperature = 275\\nmaterial_initia
;SETTING_3 l_print_temperature = 275\\nmaterial_print_temperature = 275\\nmateri
;SETTING_3 al_standby_temperature = 165\\nretraction_hop = 2\\nretraction_hop_en
;SETTING_3 abled = True\\nretraction_speed = 120\\nspeed_ironing = 25\\nspeed_pr
;SETTING_3 int = 100\\nspeed_support = 60\\nspeed_travel = 300.0\\nspeed_wall_0 
;SETTING_3 = 75\\nspeed_wall_x = 75\\nspeed_z_hop = 300\\nsupport_infill_rate = 
;SETTING_3 25\\nsupport_interface_enable = True\\nsupport_interface_height = 0.3
;SETTING_3 \\nsupport_interface_pattern = lines\\nsupport_xy_distance = 2\\nsupp
;SETTING_3 ort_xy_distance_overhang = 0.1\\nswitch_extruder_retraction_amount = 
;SETTING_3 5\\nswitch_extruder_retraction_speed = 60\\ntop_bottom_thickness = 0.
;SETTING_3 2\\ntop_layers = 1\\n\\n", "[general]\\nversion = 4\\nname = 26G-RFAT
;SETTING_3 OMS\\ndefinition = custom\\n\\n[metadata]\\ntype = quality_changes\\n
;SETTING_3 quality_type = fast\\nintent_category = default\\nposition = 2\\nsett
;SETTING_3 ing_version = 23\\n\\n[values]\\n_plugin__curaenginegradualflow__0_1_
;SETTING_3 0__gradual_flow_discretisation_step_size = 0.1\\n_plugin__curaengineg
;SETTING_3 radualflow__0_1_0__layer_0_max_flow_acceleration = 0.25\\n_plugin__cu
;SETTING_3 raenginegradualflow__0_1_0__max_flow_acceleration = 0.25\\nbottom_lay
;SETTING_3 ers = 0\\ncoasting_enable = False\\ncoasting_volume = 0.2\\nconnect_s
;SETTING_3 kin_polygons = True\\ncool_fan_full_at_height = 0.1\\ncool_fan_speed 
;SETTING_3 = 20\\ncool_min_speed = 9\\nfill_outline_gaps = True\\ngroup_outer_wa
;SETTING_3 lls = False\\nhole_xy_offset_max_diameter = 5\\ninfill_material_flow 
;SETTING_3 = =material_flow\\ninfill_pattern = concentric\\ninfill_sparse_densit
;SETTING_3 y = 100\\ninset_direction = inside_out\\nlayer_start_x = 0\\nlayer_st
;SETTING_3 art_y = 0\\nline_width = 0.4\\nmaterial_alternate_walls = True\\nmate
;SETTING_3 rial_final_print_temperature = 0\\nmaterial_flow = 3.0\\nmaterial_flo
;SETTING_3 w_layer_0 = 3\\nmaterial_initial_print_temperature = 0\\nmaterial_pri
;SETTING_3 nt_temperature = 0\\nmaterial_standby_temperature = 0\\nmeshfix_maxim
;SETTING_3 um_extrusion_area_deviation = 50.0\\nmeshfix_maximum_resolution = 0.0
;SETTING_3 1\\nmeshfix_maximum_travel_resolution = 0.2\\nmeshfix_union_all = Tru
;SETTING_3 e\\nmin_wall_line_width = 0.1\\nmultiple_mesh_overlap = 0.01\\noptimi
;SETTING_3 ze_wall_printing_order = True\\nprime_tower_flow = =material_flow\\nr
;SETTING_3 etraction_amount = 0.001\\nretraction_count_max = 250\\nretraction_ex
;SETTING_3 tra_prime_amount = 0\\nretraction_hop = 2\\nretraction_hop_enabled = 
;SETTING_3 True\\nretraction_min_travel = =line_width * 2\\nretraction_speed = 1
;SETTING_3 \\nskin_line_width = 0.4\\nskin_material_flow = 3\\nskirt_brim_materi
;SETTING_3 al_flow = =material_flow\\nskirt_brim_speed = 10\\nskirt_line_count =
;SETTING_3  3\\nsmall_feature_speed_factor = 1\\nsmall_hole_max_size = 0\\nspeed
;SETTING_3 _infill = 8.8\\nspeed_layer_0 = 8.8\\nspeed_print = 8.8\\nspeed_topbo
;SETTING_3 ttom = 8\\nspeed_travel = 400\\nspeed_travel_layer_0 = 400\\nspeed_wa
;SETTING_3 ll = =speed_print / 2\\nspeed_wall_0 = 8.8\\nspeed_wall_x = 8.8\\nspe
;SETTING_3 ed_z_hop = 300\\nswitch_extruder_retraction_amount = 0\\nswitch_extru
;SETTING_3 der_retraction_speeds = 1.0\\ntop_bottom_pattern = concentric\\ntop_b
;SETTING_3 ottom_thickness = 0.1\\ntop_layers = 1\\nwall_0_inset = 0.15\\nwall_0
;SETTING_3 _material_flow = 3.0\\nwall_line_count = 100\\nwall_transition_filter
;SETTING_3 _deviation = =.25 * machine_nozzle_size\\nwall_x_material_flow = 3\\n
;SETTING_3 wall_x_material_flow_roofing = 3.0\\nxy_offset = 0.01\\nz_seam_corner
;SETTING_3  = z_seam_corner_any\\nz_seam_position = frontleft\\nz_seam_type = sh
;SETTING_3 arpest_corner\\nz_seam_x = =(0 if (z_seam_position == 'frontleft' or 
;SETTING_3 z_seam_position == 'left' or z_seam_position == 'backleft') else mach
;SETTING_3 ine_width / 2 if (z_seam_position == 'front' or z_seam_position == 'b
;SETTING_3 ack') else machine_width) - (machine_width / 2 if z_seam_relative or 
;SETTING_3 machine_center_is_zero else 0)\\nz_seam_y = =(0 if (z_seam_position =
;SETTING_3 = 'frontleft' or z_seam_position == 'front' or z_seam_position == 'fr
;SETTING_3 ontright') else machine_depth / 2 if (z_seam_position == 'left' or z_
;SETTING_3 seam_position == 'right') else machine_depth) - (machine_depth / 2 if
;SETTING_3  z_seam_relative or machine_center_is_zero else 0)\\n\\n"]}
