;FLAVOR:RepRap
;TIME:310
;Filament used: 0.226141m, 0m, 0.000195072m
;Layer height: 0.1
;MINX:63.977
;MINY:72.192
;MINZ:0.3
;MAXX:129.724
;MAXY:120.19
;MAXZ:2.8
;TARGET_MACHINE.NAME:Unknown
;Generated with Cura_SteamEngine 5.7.2
T0
M190 S20
M104 S230
M104 T1 S0
M109 S230
M109 T1 S0
M82 ;absolute extrusion mode
G1 Z50 F6000
G1 X150 Y150
M82 ;absolute extrusion mode
T0
G1 Z50
G1 X0 Y0
M83
G1 E15
M83 ;relative extrusion mode
M83 ;relative extrusion mode
G1 F1800 E-3.5
;LAYER_COUNT:6
;LAYER:0
M107
G0 F18000 X68.942 Y75.713 Z0.3
;TYPE:SKIRT
G1 F1800 E3.52079
G1 F2700 X69.579 Y75.192 E0.039
G1 X70.1 Y74.808 E0.03068
G1 X70.845 Y74.319 E0.04224
G1 X71.506 Y73.937 E0.03618
G1 X72.053 Y73.657 E0.02912
G1 X72.558 Y73.421 E0.02642
G1 X73.209 Y73.153 E0.03337
G1 X73.796 Y72.941 E0.02958
G1 X74.327 Y72.773 E0.0264
G1 X74.943 Y72.608 E0.03022
G1 X75.821 Y72.422 E0.04254
G1 X76.757 Y72.284 E0.04484
G1 X77.807 Y72.203 E0.04991
G1 X78.431 Y72.192 E0.02958
G1 X78.99 Y72.205 E0.0265
G1 X79.905 Y72.274 E0.04349
G1 X80.565 Y72.36 E0.03155
G1 X81.236 Y72.479 E0.0323
G1 X81.779 Y72.599 E0.02636
G1 X82.461 Y72.784 E0.03349
G1 X83.052 Y72.973 E0.02941
G1 X83.572 Y73.161 E0.02621
G1 X84.429 Y73.526 E0.04415
G1 X85.078 Y73.848 E0.03434
G1 X85.643 Y74.161 E0.03061
G1 X86.344 Y74.597 E0.03913
G1 X86.934 Y75.011 E0.03416
G1 X87.379 Y75.353 E0.0266
G1 X88.044 Y75.92 E0.04142
G1 X88.612 Y76.465 E0.03731
G1 X89.163 Y77.052 E0.03816
G1 X89.766 Y77.78 E0.0448
G1 X90.203 Y78.376 E0.03503
G1 X90.504 Y78.826 E0.02566
G1 X90.972 Y79.613 E0.0434
G1 X91.287 Y80.214 E0.03216
G1 X91.71 Y81.154 E0.04886
G1 X92.03 Y82.012 E0.0434
G1 X92.22 Y82.621 E0.03024
G1 X92.383 Y83.248 E0.0307
G1 X92.55 Y84.043 E0.0385
G1 X92.685 Y84.971 E0.04445
G1 X92.766 Y86.021 E0.04991
G1 X92.777 Y86.643 E0.02948
G1 X92.764 Y87.204 E0.0266
G1 X92.695 Y88.117 E0.0434
G1 X92.593 Y88.923 E0.03851
G1 X92.423 Y89.771 E0.04099
G1 X92.273 Y90.368 E0.02917
G1 X92.099 Y90.961 E0.02929
G1 X91.811 Y91.777 E0.04101
G1 X91.537 Y92.437 E0.03387
G1 X91.311 Y92.921 E0.02532
G1 X90.874 Y93.744 E0.04416
G1 X90.386 Y94.539 E0.04421
G1 X89.957 Y95.15 E0.03538
G1 X89.616 Y95.592 E0.02646
G1 X89.035 Y96.276 E0.04254
G1 X88.571 Y96.762 E0.03185
G1 X88.08 Y97.232 E0.03221
G1 X87.59 Y97.659 E0.0308
G1 X87.098 Y98.05 E0.02979
G1 X86.592 Y98.418 E0.02965
G1 X86.127 Y98.727 E0.02646
G1 X85.254 Y99.244 E0.04809
G1 X84.691 Y99.534 E0.03002
G1 X83.922 Y99.881 E0.03999
G1 X83.313 Y100.119 E0.03099
G1 X82.348 Y100.435 E0.04813
G1 X81.721 Y100.598 E0.0307
G1 X80.796 Y100.786 E0.04474
G1 X79.997 Y100.9 E0.03825
G1 X78.948 Y100.981 E0.04987
G1 X78.324 Y100.992 E0.02958
G1 X77.772 Y100.979 E0.02617
G1 X77.079 Y100.933 E0.03292
G1 X76.505 Y100.871 E0.02736
G1 X75.913 Y100.78 E0.02839
G1 X74.837 Y100.557 E0.05208
G1 X74.069 Y100.334 E0.0379
G1 X73.192 Y100.026 E0.04405
G1 X72.526 Y99.749 E0.03419
G1 X71.964 Y99.484 E0.02945
G1 X71.403 Y99.19 E0.03002
G1 X70.835 Y98.858 E0.03118
G1 X70.071 Y98.354 E0.04338
G1 X69.549 Y97.967 E0.0308
G1 X68.838 Y97.379 E0.04373
G1 X68.362 Y96.938 E0.03075
G1 X67.801 Y96.363 E0.03807
G1 X67.355 Y95.856 E0.032
G1 X66.789 Y95.138 E0.04333
G1 X66.372 Y94.542 E0.03448
G1 X66.038 Y94.015 E0.02957
G1 X65.723 Y93.464 E0.03008
G1 X65.442 Y92.917 E0.02915
G1 X65.209 Y92.421 E0.02597
G1 X64.828 Y91.466 E0.04873
G1 X64.627 Y90.867 E0.02995
G1 X64.454 Y90.261 E0.02987
G1 X64.309 Y89.663 E0.02916
G1 X64.202 Y89.131 E0.02572
G1 X64.056 Y88.102 E0.04926
G1 X64.009 Y87.543 E0.02659
G1 X63.977 Y86.542 E0.04747
G1 X63.991 Y85.974 E0.02693
G1 X64.03 Y85.362 E0.02907
G1 X64.098 Y84.719 E0.03065
G1 X64.189 Y84.125 E0.02848
G1 X64.41 Y83.086 E0.05035
G1 X64.631 Y82.305 E0.03847
G1 X64.937 Y81.423 E0.04425
G1 X65.349 Y80.459 E0.04969
G1 X65.63 Y79.894 E0.02991
G1 X65.89 Y79.421 E0.02558
G1 X66.438 Y78.539 E0.04921
G1 X66.799 Y78.029 E0.02961
G1 X67.168 Y77.553 E0.02855
G1 X67.592 Y77.05 E0.03118
G1 X68.014 Y76.596 E0.02938
G1 X68.453 Y76.159 E0.02936
G1 X68.942 Y75.713 E0.03137
G0 F18000 X69.424 Y76.301
G1 F2700 X70.03 Y75.804 E0.03715
G1 X70.599 Y75.388 E0.03341
G1 X71.331 Y74.913 E0.04136
G1 X71.853 Y74.613 E0.02854
G1 X72.375 Y74.345 E0.02781
G1 X72.848 Y74.123 E0.02476
G1 X73.467 Y73.867 E0.03175
G1 X74.026 Y73.665 E0.02817
G1 X74.524 Y73.507 E0.02476
G1 X75.102 Y73.352 E0.02836
G1 X76.065 Y73.15 E0.04664
G1 X76.947 Y73.028 E0.0422
G1 X77.821 Y72.963 E0.04154
G1 X78.415 Y72.952 E0.02816
G1 X78.934 Y72.963 E0.0246
G1 X79.808 Y73.028 E0.04154
G1 X80.433 Y73.108 E0.02986
G1 X81.072 Y73.221 E0.03076
G1 X81.581 Y73.333 E0.0247
G1 X82.231 Y73.508 E0.0319
G1 X82.793 Y73.687 E0.02795
G1 X83.373 Y73.9 E0.02928
G1 X84.093 Y74.208 E0.03712
G1 X84.71 Y74.512 E0.0326
G1 X85.243 Y74.807 E0.02887
G1 X85.908 Y75.219 E0.03708
G1 X86.472 Y75.614 E0.03263
G1 X86.885 Y75.931 E0.02468
G1 X87.55 Y76.498 E0.04142
G1 X88.058 Y76.985 E0.03335
G1 X88.667 Y77.639 E0.04235
G1 X89.222 Y78.319 E0.0416
G1 X89.571 Y78.798 E0.02809
G1 X89.909 Y79.308 E0.029
G1 X90.354 Y80.064 E0.04158
G1 X90.595 Y80.528 E0.02478
G1 X90.998 Y81.422 E0.04648
G1 X91.304 Y82.24 E0.04139
G1 X91.484 Y82.814 E0.02851
G1 X91.639 Y83.404 E0.02891
G1 X91.8 Y84.168 E0.03701
G1 X91.941 Y85.161 E0.04754
G1 X92.006 Y86.035 E0.04154
G1 X92.017 Y86.627 E0.02806
G1 X92.006 Y87.148 E0.0247
G1 X91.941 Y88.022 E0.04154
G1 X91.846 Y88.78 E0.03621
G1 X91.685 Y89.587 E0.039
G1 X91.543 Y90.154 E0.0277
G1 X91.369 Y90.747 E0.02929
G1 X91.109 Y91.485 E0.03709
G1 X90.847 Y92.117 E0.03243
G1 X90.585 Y92.674 E0.02917
G1 X90.163 Y93.456 E0.04212
G1 X89.696 Y94.205 E0.04183
G1 X89.355 Y94.687 E0.02798
G1 X89.038 Y95.1 E0.02468
G1 X88.405 Y95.839 E0.04612
G1 X88.045 Y96.213 E0.0246
G1 X87.567 Y96.671 E0.03138
G1 X87.116 Y97.065 E0.02838
G1 X86.65 Y97.436 E0.02823
G1 X86.17 Y97.786 E0.02816
G1 X85.737 Y98.075 E0.02467
G1 X84.906 Y98.568 E0.0458
G1 X84.36 Y98.85 E0.02913
G1 X83.646 Y99.173 E0.03714
G1 X83.073 Y99.397 E0.02916
G1 X82.155 Y99.699 E0.0458
G1 X81.565 Y99.854 E0.02891
G1 X80.799 Y100.015 E0.0371
G1 X79.807 Y100.156 E0.04749
G1 X78.934 Y100.221 E0.04149
G1 X78.341 Y100.232 E0.02811
G1 X77.822 Y100.221 E0.0246
G1 X77.161 Y100.177 E0.0314
G1 X76.62 Y100.119 E0.02579
G1 X76.048 Y100.032 E0.02742
G1 X75.021 Y99.82 E0.0497
G1 X74.222 Y99.584 E0.03949
G1 X73.484 Y99.324 E0.03709
G1 X72.85 Y99.061 E0.03253
G1 X72.316 Y98.81 E0.02797
G1 X71.783 Y98.532 E0.02849
G1 X71.251 Y98.222 E0.02918
G1 X70.523 Y97.743 E0.0413
G1 X70.031 Y97.379 E0.02901
G1 X69.354 Y96.821 E0.04158
G1 X68.906 Y96.406 E0.02894
G1 X68.295 Y95.778 E0.04153
G1 X67.951 Y95.385 E0.02475
G1 X67.411 Y94.702 E0.04127
G1 X67.014 Y94.136 E0.03277
G1 X66.698 Y93.637 E0.02799
G1 X66.399 Y93.116 E0.02847
G1 X66.13 Y92.595 E0.02779
G1 X65.869 Y92.031 E0.02945
G1 X65.548 Y91.223 E0.04121
G1 X65.357 Y90.657 E0.02831
G1 X65.192 Y90.083 E0.02831
G1 X65.054 Y89.513 E0.0278
G1 X64.951 Y89.003 E0.02466
G1 X64.814 Y88.037 E0.04624
G1 X64.769 Y87.518 E0.02469
G1 X64.737 Y86.559 E0.04548
G1 X64.749 Y86.022 E0.02546
G1 X64.786 Y85.442 E0.02755
G1 X64.85 Y84.833 E0.02902
G1 X64.954 Y84.169 E0.03185
G1 X65.142 Y83.292 E0.04251
G1 X65.354 Y82.54 E0.03703
G1 X65.644 Y81.703 E0.04198
G1 X66.03 Y80.797 E0.04668
G1 X66.296 Y80.26 E0.0284
G1 X66.547 Y79.803 E0.02471
G1 X67.058 Y78.979 E0.04595
G1 X67.401 Y78.495 E0.02812
G1 X67.76 Y78.031 E0.02781
G1 X68.15 Y77.566 E0.02876
G1 X68.55 Y77.134 E0.0279
G1 X68.969 Y76.717 E0.02802
G1 X69.424 Y76.301 E0.02922
G0 F18000 X69.183 Y76.007
G1 F2700 X69.804 Y75.498 E0.03806
G1 X70.309 Y75.126 E0.02973
G1 X71.054 Y74.637 E0.04224
G1 X71.679 Y74.275 E0.03423
G1 X72.214 Y74.001 E0.02849
G1 X72.703 Y73.772 E0.02559
G1 X73.338 Y73.51 E0.03256
G1 X73.911 Y73.303 E0.02888
G1 X74.426 Y73.14 E0.0256
G1 X75.022 Y72.98 E0.02925
G1 X75.886 Y72.796 E0.04187
G1 X76.798 Y72.662 E0.04369
G1 X77.814 Y72.583 E0.0483
G1 X78.423 Y72.572 E0.02887
G1 X78.962 Y72.584 E0.02555
G1 X79.856 Y72.651 E0.04249
G1 X80.499 Y72.734 E0.03073
G1 X81.154 Y72.85 E0.03153
G1 X81.68 Y72.966 E0.02553
G1 X82.346 Y73.146 E0.0327
G1 X82.923 Y73.33 E0.0287
G1 X83.423 Y73.511 E0.0252
G1 X84.261 Y73.867 E0.04315
G1 X84.894 Y74.18 E0.03347
G1 X85.443 Y74.484 E0.02974
G1 X86.126 Y74.908 E0.0381
G1 X86.703 Y75.313 E0.03341
G1 X87.132 Y75.642 E0.02562
G1 X87.797 Y76.209 E0.04142
G1 X88.335 Y76.725 E0.03533
G1 X88.961 Y77.398 E0.04356
G1 X89.529 Y78.095 E0.04261
G1 X89.887 Y78.587 E0.02884
G1 X90.236 Y79.114 E0.02996
G1 X90.691 Y79.889 E0.04259
G1 X90.941 Y80.371 E0.02573
G1 X91.354 Y81.288 E0.04767
G1 X91.667 Y82.126 E0.0424
G1 X91.852 Y82.717 E0.02935
G1 X92.011 Y83.326 E0.02983
G1 X92.175 Y84.104 E0.03768
G1 X92.307 Y85.012 E0.04349
G1 X92.386 Y86.028 E0.0483
G1 X92.397 Y86.635 E0.02877
G1 X92.385 Y87.176 E0.02565
G1 X92.318 Y88.069 E0.04244
G1 X92.219 Y88.852 E0.03741
G1 X92.054 Y89.679 E0.03997
G1 X91.908 Y90.261 E0.02844
G1 X91.734 Y90.854 E0.02929
G1 X91.46 Y91.631 E0.03905
G1 X91.192 Y92.277 E0.03315
G1 X90.972 Y92.75 E0.02472
G1 X90.486 Y93.656 E0.04873
G1 X90.069 Y94.329 E0.03752
G1 X89.656 Y94.918 E0.03409
G1 X89.327 Y95.346 E0.02559
G1 X88.679 Y96.103 E0.04723
G1 X88.308 Y96.487 E0.02531
G1 X87.817 Y96.957 E0.03221
G1 X87.353 Y97.362 E0.02919
G1 X86.874 Y97.743 E0.02901
G1 X86.381 Y98.102 E0.0289
G1 X85.932 Y98.401 E0.02557
G1 X85.08 Y98.906 E0.04694
G1 X84.517 Y99.196 E0.03002
G1 X83.784 Y99.527 E0.03812
G1 X83.193 Y99.758 E0.03007
G1 X82.252 Y100.067 E0.04694
G1 X81.643 Y100.226 E0.02983
G1 X80.742 Y100.41 E0.04358
G1 X79.835 Y100.535 E0.04339
G1 X78.941 Y100.601 E0.04249
G1 X78.333 Y100.612 E0.02882
G1 X77.797 Y100.6 E0.02541
G1 X77.12 Y100.555 E0.03216
G1 X76.563 Y100.495 E0.02655
G1 X75.971 Y100.404 E0.02839
G1 X74.936 Y100.19 E0.05009
G1 X74.195 Y99.975 E0.03657
G1 X73.338 Y99.675 E0.04303
G1 X72.688 Y99.405 E0.03336
G1 X72.14 Y99.147 E0.02871
G1 X71.593 Y98.861 E0.02926
G1 X71.043 Y98.54 E0.03018
G1 X70.381 Y98.107 E0.03749
G1 X69.79 Y97.673 E0.03475
G1 X69.096 Y97.1 E0.04266
G1 X68.634 Y96.672 E0.02985
G1 X68.009 Y96.028 E0.04253
G1 X67.653 Y95.621 E0.02563
G1 X67.1 Y94.92 E0.04232
G1 X66.693 Y94.339 E0.03362
G1 X66.368 Y93.826 E0.02878
G1 X66.061 Y93.29 E0.02928
G1 X65.786 Y92.756 E0.02847
G1 X65.559 Y92.272 E0.02534
G1 X65.188 Y91.345 E0.04732
G1 X64.992 Y90.762 E0.02915
G1 X64.823 Y90.172 E0.02909
G1 X64.682 Y89.588 E0.02847
G1 X64.575 Y89.056 E0.02572
G1 X64.435 Y88.07 E0.0472
G1 X64.389 Y87.531 E0.02564
G1 X64.357 Y86.551 E0.04647
G1 X64.37 Y85.998 E0.02622
G1 X64.408 Y85.402 E0.02831
G1 X64.474 Y84.776 E0.02983
G1 X64.582 Y84.091 E0.03287
G1 X64.776 Y83.189 E0.04373
G1 X64.992 Y82.423 E0.03772
G1 X65.29 Y81.564 E0.04309
G1 X65.689 Y80.628 E0.04822
G1 X65.963 Y80.077 E0.02917
G1 X66.223 Y79.604 E0.02558
G1 X66.748 Y78.759 E0.04715
G1 X67.1 Y78.262 E0.02887
G1 X67.459 Y77.798 E0.02781
G1 X67.871 Y77.308 E0.03034
G1 X68.282 Y76.865 E0.02864
G1 X68.711 Y76.438 E0.02869
G1 X69.183 Y76.007 E0.03029
G1 F1800 E-3.5
G0 F18000 X75.018 Y74.044
G0 X76.964 Y73.68
G0 X78.943 Y73.615
G0 X80.918 Y73.853
G0 X82.558 Y74.294
G0 X84.376 Y75.071
G0 X86.058 Y76.117
G0 X87.561 Y77.407
G0 X88.851 Y78.911
G0 X89.899 Y80.595
G0 X90.677 Y82.417
G0 X91.17 Y84.338
G0 X91.344 Y86.114
G0 X91.117 Y100.411
G1 F1800 E3.52079
G1 F2700 X91.551 Y100.109 E0.02506
G1 X92.088 Y99.883 E0.02761
G1 X92.726 Y99.806 E0.03046
G1 X127.356 Y99.81 E1.64131
G1 X127.883 Y99.886 E0.02524
G1 X128.381 Y100.074 E0.02523
G1 X128.795 Y100.338 E0.02327
G1 X129.119 Y100.647 E0.02122
G1 X129.421 Y101.081 E0.02506
G1 X129.647 Y101.618 E0.02761
G1 X129.724 Y102.256 E0.03046
G1 X129.72 Y117.826 E0.73795
G1 X129.644 Y118.353 E0.02524
G1 X129.456 Y118.851 E0.02523
G1 X129.192 Y119.265 E0.02327
G1 X128.883 Y119.589 E0.02122
G1 X128.449 Y119.891 E0.02506
G1 X127.994 Y120.083 E0.02341
G1 X127.374 Y120.188 E0.0298
G1 X92.644 Y120.19 E1.64605
G1 X92.117 Y120.114 E0.02524
G1 X91.619 Y119.926 E0.02523
G1 X91.205 Y119.662 E0.02327
G1 X90.881 Y119.353 E0.02122
G1 X90.579 Y118.919 E0.02506
G1 X90.353 Y118.382 E0.02761
G1 X90.276 Y117.744 E0.03046
G1 X90.28 Y102.174 E0.73795
G1 X90.356 Y101.647 E0.02524
G1 X90.544 Y101.149 E0.02523
G1 X90.808 Y100.735 E0.02327
G1 X91.117 Y100.411 E0.02122
G0 F18000 X91.637 Y100.964
G1 F2700 X91.942 Y100.759 E0.01742
G1 X92.284 Y100.625 E0.01741
G1 X92.726 Y100.566 E0.02113
G1 X127.274 Y100.566 E1.63743
G1 X127.639 Y100.606 E0.0174
G1 X127.987 Y100.724 E0.01742
G1 X128.301 Y100.914 E0.01739
G1 X128.566 Y101.167 E0.01736
G1 X128.771 Y101.472 E0.01742
G1 X128.905 Y101.814 E0.01741
G1 X128.964 Y102.256 E0.02113
G1 X128.964 Y117.744 E0.73406
G1 X128.924 Y118.109 E0.0174
G1 X128.806 Y118.457 E0.01742
G1 X128.616 Y118.771 E0.01739
G1 X128.363 Y119.036 E0.01736
G1 X128.058 Y119.241 E0.01742
G1 X127.716 Y119.375 E0.01741
G1 X127.274 Y119.434 E0.02113
G1 X92.726 Y119.434 E1.63743
G1 X92.361 Y119.394 E0.0174
G1 X92.013 Y119.276 E0.01742
G1 X91.699 Y119.086 E0.01739
G1 X91.434 Y118.833 E0.01736
G1 X91.229 Y118.528 E0.01742
G1 X91.095 Y118.186 E0.01741
G1 X91.036 Y117.744 E0.02113
G1 X91.036 Y102.256 E0.73406
G1 X91.076 Y101.891 E0.0174
G1 X91.194 Y101.543 E0.01742
G1 X91.384 Y101.229 E0.01739
G1 X91.637 Y100.964 E0.01736
G0 F18000 X91.425 Y100.649
G1 F2700 X91.803 Y100.405 E0.02132
G1 X92.234 Y100.248 E0.02174
G1 X92.676 Y100.189 E0.02113
G1 X127.315 Y100.188 E1.64174
G1 X127.761 Y100.246 E0.02132
G1 X128.184 Y100.399 E0.02132
G1 X128.563 Y100.639 E0.02126
G1 X128.881 Y100.955 E0.02125
G1 X129.125 Y101.333 E0.02132
G1 X129.282 Y101.764 E0.02174
G1 X129.341 Y102.206 E0.02113
G1 X129.342 Y117.785 E0.73838
G1 X129.284 Y118.231 E0.02132
G1 X129.131 Y118.654 E0.02132
G1 X128.891 Y119.033 E0.02126
G1 X128.575 Y119.351 E0.02125
G1 X128.197 Y119.595 E0.02132
G1 X127.766 Y119.752 E0.02174
G1 X127.324 Y119.811 E0.02113
G1 X92.685 Y119.812 E1.64174
G1 X92.239 Y119.754 E0.02132
G1 X91.816 Y119.601 E0.02132
G1 X91.437 Y119.361 E0.02126
G1 X91.119 Y119.045 E0.02125
G1 X90.875 Y118.667 E0.02132
G1 X90.718 Y118.236 E0.02174
G1 X90.659 Y117.794 E0.02113
G1 X90.658 Y102.215 E0.73838
G1 X90.716 Y101.769 E0.02132
G1 X90.869 Y101.346 E0.02132
G1 X91.109 Y100.967 E0.02126
G1 X91.425 Y100.649 E0.02125
G1 F1800 E-3.5
;MESH:01_Prime_Insulator.STL
G0 F18000 X82.819 Y98.798
G0 X82.071 Y97.53
G0 X78.669 Y97.529
G0 X78.644 Y96.826
;TYPE:WALL-OUTER
G1 F1800 E3.52079
G1 F1500 X79.087 Y96.806 E0.01744
G1 X79.538 Y96.766 E0.01781
G1 X79.976 Y96.704 E0.0174
G1 X80.417 Y96.628 E0.0176
G1 X80.798 Y96.542 E0.01537
G1 X81.071 Y96.473 E0.01108
G1 X81.285 Y96.411 E0.00876
G1 X81.711 Y96.273 E0.01762
G1 X81.923 Y96.2 E0.00882
G1 X82.351 Y96.029 E0.01813
G1 X82.717 Y95.865 E0.01578
G1 X82.955 Y95.752 E0.01036
G1 X83.301 Y95.568 E0.01542
G1 X83.728 Y95.321 E0.01941
G1 X84.082 Y95.097 E0.01648
G1 X84.287 Y94.951 E0.0099
G1 X84.609 Y94.713 E0.01575
G1 X84.791 Y94.572 E0.00906
G1 X85.127 Y94.29 E0.01726
G1 X85.262 Y94.171 E0.00708
G1 X85.605 Y93.845 E0.01862
G1 X85.958 Y93.476 E0.02009
G1 X86.199 Y93.202 E0.01435
G1 X86.526 Y92.79 E0.02069
G1 X86.782 Y92.436 E0.01719
G1 X86.889 Y92.28 E0.00744
G1 X87.128 Y91.907 E0.01743
G1 X87.248 Y91.704 E0.00928
G1 X87.463 Y91.316 E0.01745
G1 X87.555 Y91.127 E0.00827
G1 X87.745 Y90.721 E0.01763
G1 X87.834 Y90.517 E0.00876
G1 X87.994 Y90.105 E0.01739
G1 X88.072 Y89.883 E0.00926
G1 X88.206 Y89.457 E0.01757
G1 X88.324 Y89.031 E0.01739
G1 X88.418 Y88.593 E0.01762
G1 X88.496 Y88.149 E0.01773
G1 X88.529 Y87.928 E0.00879
G1 X88.577 Y87.49 E0.01733
G1 X88.594 Y87.262 E0.00899
G1 X88.615 Y86.816 E0.01756
G1 X88.615 Y86.324 E0.01935
G1 X88.606 Y86.097 E0.00894
G1 X88.594 Y85.929 E0.00663
G1 X88.55 Y85.427 E0.01982
G1 X88.529 Y85.247 E0.00713
G1 X88.464 Y84.818 E0.01707
G1 X88.411 Y84.547 E0.01086
G1 X88.326 Y84.162 E0.01551
G1 X88.264 Y83.926 E0.0096
G1 X88.195 Y83.683 E0.00994
G1 X88.053 Y83.249 E0.01796
G1 X87.992 Y83.073 E0.00733
G1 X87.835 Y82.666 E0.01716
G1 X87.634 Y82.21 E0.0196
G1 X87.563 Y82.064 E0.00639
G1 X87.357 Y81.668 E0.01756
G1 X87.12 Y81.262 E0.01849
G1 X86.991 Y81.049 E0.0098
G1 X86.736 Y80.679 E0.01768
G1 X86.497 Y80.355 E0.01584
G1 X86.347 Y80.16 E0.00968
G1 X86.055 Y79.816 E0.01775
G1 X85.768 Y79.503 E0.01671
G1 X85.598 Y79.329 E0.00957
G1 X85.282 Y79.03 E0.01711
G1 X85.096 Y78.862 E0.00986
G1 X84.777 Y78.6 E0.01624
G1 X84.569 Y78.437 E0.0104
G1 X84.217 Y78.178 E0.01719
G1 X84.063 Y78.074 E0.00731
G1 X83.69 Y77.839 E0.01734
G1 X83.458 Y77.7 E0.01064
G1 X83.102 Y77.506 E0.01595
G1 X82.862 Y77.386 E0.01056
G1 X82.505 Y77.219 E0.0155
G1 X82.303 Y77.133 E0.00864
G1 X81.89 Y76.971 E0.01745
G1 X81.663 Y76.892 E0.00946
G1 X81.185 Y76.739 E0.01974
G1 X81.17 Y76.737 E0.0006
G1 X81.167 Y76.739 E0.00014
G1 X81.027 Y76.7 E0.00572
G1 X80.598 Y76.595 E0.01737
G1 X80.373 Y76.546 E0.00906
G1 X79.933 Y76.468 E0.01758
G1 X79.497 Y76.411 E0.0173
G1 X79.05 Y76.37 E0.01766
G1 X78.6 Y76.353 E0.01771
G1 X78.365 Y76.349 E0.00925
G1 X78.108 Y76.354 E0.01011
G1 X77.663 Y76.374 E0.01752
G1 X77.258 Y76.41 E0.01599
G1 X76.996 Y76.443 E0.01039
G1 X76.776 Y76.476 E0.00875
G1 X76.334 Y76.557 E0.01768
G1 X76.114 Y76.601 E0.00883
G1 X75.682 Y76.707 E0.0175
G1 X75.264 Y76.834 E0.01719
G1 X74.829 Y76.984 E0.0181
G1 X74.434 Y77.139 E0.01669
G1 X74.021 Y77.324 E0.0178
G1 X73.85 Y77.404 E0.00743
G1 X73.363 Y77.659 E0.02163
G1 X73.023 Y77.86 E0.01554
G1 X72.678 Y78.08 E0.0161
G1 X72.461 Y78.233 E0.01044
G1 X71.979 Y78.593 E0.02367
G1 X71.734 Y78.798 E0.01257
G1 X71.466 Y79.033 E0.01402
G1 X71.304 Y79.184 E0.00871
G1 X70.827 Y79.667 E0.0267
G1 X70.527 Y80.016 E0.0181
G1 X70.362 Y80.214 E0.01014
G1 X70.225 Y80.392 E0.00884
G1 X69.861 Y80.902 E0.02465
G1 X69.615 Y81.286 E0.01794
G1 X69.483 Y81.512 E0.0103
G1 X69.294 Y81.863 E0.01568
G1 X69.171 Y82.1 E0.0105
G1 X69.003 Y82.464 E0.01577
G1 X68.917 Y82.659 E0.00838
G1 X68.754 Y83.079 E0.01772
G1 X68.608 Y83.51 E0.0179
G1 X68.53 Y83.776 E0.0109
G1 X68.434 Y84.141 E0.01485
G1 X68.379 Y84.371 E0.0093
G1 X68.334 Y84.593 E0.00891
G1 X68.253 Y85.033 E0.0176
G1 X68.195 Y85.488 E0.01804
G1 X68.174 Y85.698 E0.0083
G1 X68.146 Y86.139 E0.01738
G1 X68.138 Y86.365 E0.0089
G1 X68.134 Y86.604 E0.0094
G1 X68.138 Y86.864 E0.01023
G1 X68.176 Y87.499 E0.02502
G1 X68.197 Y87.708 E0.00826
G1 X68.263 Y88.211 E0.01996
G1 X68.267 Y88.218 E0.00032
G1 X68.3 Y88.416 E0.0079
G1 X68.385 Y88.846 E0.01724
G1 X68.493 Y89.274 E0.01736
G1 X68.617 Y89.702 E0.01753
G1 X68.768 Y90.142 E0.0183
G1 X68.935 Y90.566 E0.01793
G1 X69.212 Y91.165 E0.02596
G1 X69.395 Y91.517 E0.01561
G1 X69.644 Y91.941 E0.01934
G1 X69.748 Y92.11 E0.00781
G1 X69.86 Y92.28 E0.00801
G1 X69.987 Y92.465 E0.00883
G1 X70.279 Y92.858 E0.01926
G1 X70.389 Y93 E0.00707
G1 X70.679 Y93.349 E0.01785
G1 X70.787 Y93.466 E0.00626
G1 X70.785 Y93.469 E0.00014
G1 X70.966 Y93.66 E0.01035
G1 X71.164 Y93.861 E0.0111
G1 X71.452 Y94.138 E0.01572
G1 X71.803 Y94.444 E0.01832
G1 X72.141 Y94.717 E0.01709
G1 X72.515 Y94.988 E0.01817
G1 X72.687 Y95.104 E0.00816
G1 X73.069 Y95.349 E0.01785
G1 X73.294 Y95.483 E0.0103
G1 X73.659 Y95.68 E0.01632
G1 X73.847 Y95.773 E0.00825
G1 X74.247 Y95.961 E0.01739
G1 X74.449 Y96.047 E0.00864
G1 X74.865 Y96.213 E0.01762
G1 X75.272 Y96.349 E0.01688
G1 X75.512 Y96.422 E0.00987
G1 X75.725 Y96.48 E0.00868
G1 X76.16 Y96.589 E0.01764
G1 X76.382 Y96.635 E0.00892
G1 X76.814 Y96.711 E0.01726
G1 X77.04 Y96.744 E0.00898
G1 X77.258 Y96.769 E0.00863
G1 X77.702 Y96.81 E0.01754
G1 X78.148 Y96.83 E0.01756
G1 X78.644 Y96.826 E0.01951
G0 F18000 X78.444 Y96.827
G0 X78.452 Y97.532
G0 X78.423 Y97.651
G0 X78.431 Y98.35
G1 F1500 X78.145 Y98.346 E0.01125
G1 X77.633 Y98.327 E0.02016
G1 X77.364 Y98.307 E0.01061
G1 X76.907 Y98.256 E0.01809
G1 X76.393 Y98.181 E0.02043
G1 X76.116 Y98.131 E0.01107
G1 X75.612 Y98.022 E0.02028
G1 X75.126 Y97.893 E0.01978
G1 X74.826 Y97.799 E0.01237
G1 X74.394 Y97.655 E0.01791
G1 X74.079 Y97.538 E0.01322
G1 X73.885 Y97.459 E0.00824
G1 X73.651 Y97.358 E0.01003
G1 X73.184 Y97.142 E0.02024
G1 X72.703 Y96.889 E0.02138
G1 X72.278 Y96.645 E0.01928
G1 X71.876 Y96.39 E0.01873
G1 X71.686 Y96.263 E0.00899
G1 X71.424 Y96.073 E0.01273
G1 X71.023 Y95.768 E0.01982
G1 X70.625 Y95.435 E0.02041
G1 X70.438 Y95.268 E0.00986
G1 X70.071 Y94.914 E0.02006
G1 X70.066 Y94.912 E0.00021
G1 X69.703 Y94.534 E0.02062
G1 X69.555 Y94.371 E0.00866
G1 X69.357 Y94.137 E0.01206
G1 X69.188 Y93.928 E0.01057
G1 X68.897 Y93.552 E0.0187
G1 X68.744 Y93.341 E0.01025
G1 X68.636 Y93.183 E0.00753
G1 X68.451 Y92.901 E0.01327
G1 X68.195 Y92.478 E0.01945
G1 X68.082 Y92.279 E0.009
G1 X67.95 Y92.028 E0.01116
G1 X67.723 Y91.572 E0.02004
G1 X67.606 Y91.311 E0.01125
G1 X67.442 Y90.92 E0.01668
G1 X67.323 Y90.612 E0.01299
G1 X67.152 Y90.102 E0.02116
G1 X67.086 Y89.889 E0.00877
G1 X67.005 Y89.596 E0.01196
G1 X67.008 Y89.594 E0.00014
G1 X66.902 Y89.17 E0.01719
G1 X66.794 Y88.645 E0.02109
G1 X66.718 Y88.128 E0.02056
G1 X66.686 Y87.878 E0.00991
G1 X66.646 Y87.417 E0.0182
G1 X66.626 Y87.11 E0.0121
G1 X66.614 Y86.633 E0.01877
G1 X66.618 Y86.346 E0.01129
G1 X66.644 Y85.809 E0.02115
G1 X66.678 Y85.384 E0.01677
G1 X66.708 Y85.122 E0.01037
G1 X66.784 Y84.596 E0.02091
G1 X66.888 Y84.076 E0.02086
G1 X66.958 Y83.773 E0.01223
G1 X67.071 Y83.353 E0.01711
G1 X67.152 Y83.086 E0.01098
G1 X67.237 Y82.821 E0.01095
G1 X67.409 Y82.343 E0.01998
G1 X67.506 Y82.104 E0.01015
G1 X67.71 Y81.637 E0.02005
G1 X67.92 Y81.211 E0.01868
G1 X68.051 Y80.956 E0.01128
G1 X68.301 Y80.528 E0.0195
G1 X68.452 Y80.282 E0.01135
G1 X68.581 Y80.085 E0.00926
G1 X68.891 Y79.641 E0.0213
G1 X69.043 Y79.432 E0.01017
G1 X69.365 Y79.036 E0.02008
G1 X69.704 Y78.645 E0.02036
G1 X70.013 Y78.326 E0.01747
G1 X70.226 Y78.114 E0.01182
G1 X70.428 Y77.925 E0.01088
G1 X70.612 Y77.76 E0.00972
G1 X71.001 Y77.433 E0.01999
G1 X71.168 Y77.3 E0.0084
G1 X71.41 Y77.114 E0.01201
G1 X71.799 Y76.84 E0.01872
G1 X72.209 Y76.577 E0.01916
G1 X72.489 Y76.409 E0.01285
G1 X72.715 Y76.281 E0.01022
G1 X72.902 Y76.18 E0.00836
G1 X73.347 Y75.963 E0.01948
G1 X73.681 Y75.807 E0.0145
G1 X74.065 Y75.649 E0.01633
G1 X74.34 Y75.544 E0.01158
G1 X74.769 Y75.399 E0.01781
G1 X75.069 Y75.304 E0.01238
G1 X75.521 Y75.183 E0.01841
G1 X75.753 Y75.127 E0.00939
G1 X76.334 Y75.007 E0.02334
G1 X76.767 Y74.94 E0.01724
G1 X77.071 Y74.904 E0.01204
G1 X77.348 Y74.878 E0.01094
G1 X77.854 Y74.842 E0.01996
G1 X78.331 Y74.83 E0.01877
G1 X78.618 Y74.834 E0.01129
G1 X78.876 Y74.842 E0.01015
G1 X79.112 Y74.856 E0.0093
G1 X79.655 Y74.901 E0.02143
G1 X80.145 Y74.963 E0.01943
G1 X80.403 Y75.006 E0.01029
G1 X80.909 Y75.108 E0.02031
G1 X81.195 Y75.175 E0.01156
G1 X81.656 Y75.296 E0.01875
G1 X81.9 Y75.37 E0.01003
G1 X82.364 Y75.529 E0.01929
G1 X82.666 Y75.642 E0.01268
G1 X83.076 Y75.81 E0.01743
G1 X83.336 Y75.928 E0.01123
G1 X83.802 Y76.158 E0.02044
G1 X83.997 Y76.259 E0.00864
G1 X84.683 Y76.664 E0.03134
G1 X84.885 Y76.797 E0.00951
G1 X85.317 Y77.099 E0.02074
G1 X85.474 Y77.216 E0.0077
G1 X85.731 Y77.416 E0.01281
G1 X85.928 Y77.577 E0.01001
G1 X86.271 Y77.878 E0.01795
G1 X86.666 Y78.252 E0.0214
G1 X86.878 Y78.467 E0.01188
G1 X87.211 Y78.828 E0.01932
G1 X87.507 Y79.182 E0.01815
G1 X87.695 Y79.42 E0.01193
G1 X87.854 Y79.631 E0.01039
G1 X88.153 Y80.056 E0.02044
G1 X88.295 Y80.27 E0.0101
G1 X88.557 Y80.708 E0.02008
G1 X88.667 Y80.902 E0.00877
G1 X88.803 Y81.152 E0.0112
G1 X88.92 Y81.384 E0.01022
G1 X89.011 Y81.574 E0.00829
G1 X89.136 Y81.849 E0.01188
G1 X89.301 Y82.24 E0.01669
G1 X89.404 Y82.511 E0.0114
G1 X89.571 Y82.99 E0.01996
G1 X89.669 Y83.315 E0.01335
G1 X89.674 Y83.317 E0.00021
G1 X89.719 Y83.481 E0.00669
G1 X89.843 Y83.982 E0.0203
G1 X89.895 Y84.226 E0.00981
G1 X89.953 Y84.525 E0.01198
G1 X89.999 Y84.796 E0.01081
G1 X90.032 Y85.039 E0.00965
G1 X90.03 Y85.042 E0.00014
G1 X90.067 Y85.31 E0.01064
G1 X90.09 Y85.564 E0.01003
G1 X90.126 Y86.066 E0.0198
G1 X90.134 Y86.346 E0.01102
G1 X90.134 Y86.808 E0.01817
G1 X90.126 Y87.087 E0.01098
G1 X90.111 Y87.346 E0.01021
G1 X90.067 Y87.857 E0.02018
G1 X90 Y88.375 E0.02055
G1 X89.957 Y88.625 E0.00998
G1 X89.86 Y89.122 E0.01992
G1 X89.812 Y89.324 E0.00817
G1 X89.733 Y89.631 E0.01247
G1 X89.671 Y89.854 E0.00911
G1 X89.592 Y90.121 E0.01095
G1 X89.522 Y90.339 E0.00901
G1 X89.437 Y90.582 E0.01013
G1 X89.245 Y91.079 E0.02096
G1 X89.14 Y91.32 E0.01034
G1 X88.925 Y91.792 E0.0204
G1 X88.677 Y92.26 E0.02084
G1 X88.44 Y92.67 E0.01863
G1 X88.303 Y92.896 E0.0104
G1 X88.164 Y93.107 E0.00994
G1 X87.861 Y93.538 E0.02073
G1 X87.713 Y93.741 E0.00988
G1 X87.411 Y94.118 E0.019
G1 X87.079 Y94.501 E0.01994
G1 X86.704 Y94.893 E0.02134
G1 X86.518 Y95.077 E0.01029
G1 X86.329 Y95.255 E0.01021
G1 X86.139 Y95.425 E0.01003
G1 X85.948 Y95.589 E0.0099
G1 X85.943 Y95.59 E0.0002
G1 X85.769 Y95.734 E0.00888
G1 X85.342 Y96.066 E0.02128
G1 X84.923 Y96.361 E0.02016
G1 X84.517 Y96.62 E0.01894
G1 X84.262 Y96.772 E0.01168
G1 X84.06 Y96.886 E0.00912
G1 X83.809 Y97.02 E0.01119
G1 X83.592 Y97.131 E0.00959
G1 X83.119 Y97.351 E0.02052
G1 X82.88 Y97.453 E0.01022
G1 X82.406 Y97.637 E0.02
G1 X81.919 Y97.804 E0.02025
G1 X81.679 Y97.878 E0.00988
G1 X81.187 Y98.011 E0.02005
G1 X80.656 Y98.128 E0.02139
G1 X80.415 Y98.172 E0.00964
G1 X79.961 Y98.24 E0.01806
G1 X79.735 Y98.269 E0.00896
G1 X79.409 Y98.305 E0.0129
G1 X79.218 Y98.321 E0.00754
G1 X78.947 Y98.336 E0.01068
G1 X78.431 Y98.35 E0.02031
G0 F18000 X78.631 Y98.345
G0 X78.611 Y97.65
G0 X81.471 Y97.024
G0 X83.015 Y96.432
G0 X84.268 Y95.739
G0 X85.548 Y94.774
G0 X86.711 Y93.586
G0 X87.704 Y92.193
G0 X88.432 Y90.75
G0 X88.946 Y89.177
G0 X89.215 Y87.54
G0 X89.23 Y85.827
G0 X88.944 Y84.004
G0 X88.407 Y82.377
G0 X87.048 Y79.726
G0 X87.463 Y79.402
;TYPE:SKIN
G1 F3600 X85.561 Y77.5 E0.13386
G1 X85.494 Y77.433
G0 F18000 X85.161 Y77.857
G0 X83.703 Y76.899
G0 X83.958 Y76.435
G1 F3600 X88.528 Y81.005 E0.32163
G1 X88.595 Y81.072
G0 F18000 X88.106 Y81.33
G0 X88.553 Y82.258
G0 X89.037 Y82.051
G1 F3600 X82.915 Y75.928 E0.4309
G1 X82.848 Y75.861
G0 F18000 X82.052 Y75.603
G1 F3600 X85.058 Y78.609 E0.21156
G1 X85.125 Y78.676
G0 F18000 X85.476 Y78.273
G0 X83.618 Y76.993
G0 X83.366 Y77.455
G1 F3600 X81.286 Y75.375 E0.14639
G0 F18000 X80.592 Y75.218
G1 F3600 X82.335 Y76.961 E0.12267
G1 X82.402 Y77.028
G0 F18000 X81.494 Y76.657
G1 F3600 X79.948 Y75.111 E0.10881
G0 F18000 X79.345 Y75.046
G1 F3600 X80.757 Y76.457 E0.09934
G0 F18000 X80.083 Y76.322
G1 F3600 X78.772 Y75.011 E0.09227
G0 F18000 X78.228 Y75.004
G1 F3600 X79.461 Y76.237 E0.08678
G0 F18000 X78.879 Y76.192
G1 F3600 X77.711 Y75.024 E0.0822
G0 F18000 X77.213 Y75.063
G1 F3600 X78.328 Y76.179 E0.07851
G0 F18000 X77.809 Y76.196
G1 F3600 X76.731 Y75.119 E0.07583
G0 F18000 X76.27 Y75.195
G1 F3600 X77.309 Y76.234 E0.07312
G0 F18000 X76.831 Y76.294
G1 F3600 X75.825 Y75.288 E0.0708
G0 F18000 X75.395 Y75.395
G1 F3600 X76.377 Y76.377 E0.06911
G0 F18000 X75.933 Y76.47
G1 F3600 X74.976 Y75.513 E0.06735
G0 F18000 X74.571 Y75.646
G1 F3600 X75.506 Y76.581 E0.0658
G0 F18000 X75.098 Y76.71
G1 F3600 X74.178 Y75.79 E0.06475
G0 F18000 X73.796 Y75.946
G1 F3600 X74.701 Y76.85 E0.06366
G0 F18000 X74.316 Y77.003
G1 F3600 X73.427 Y76.114 E0.06257
G0 F18000 X73.065 Y76.29
G1 F3600 X73.947 Y77.172 E0.06207
G0 F18000 X73.586 Y77.348
G1 F3600 X72.717 Y76.479 E0.06116
G0 F18000 X72.377 Y76.676
G1 F3600 X73.236 Y77.535 E0.06046
G0 F18000 X72.898 Y77.735
G1 F3600 X72.046 Y76.883 E0.05996
G0 F18000 X71.727 Y77.101
G1 F3600 X72.571 Y77.945 E0.0594
G0 F18000 X72.258 Y78.169
G1 F3600 X71.415 Y77.326 E0.05933
G0 F18000 X71.114 Y77.563
G1 F3600 X71.95 Y78.399 E0.05884
G0 F18000 X71.655 Y78.641
G1 F3600 X70.822 Y77.808 E0.05863
G0 F18000 X70.535 Y78.059
G1 F3600 X71.368 Y78.891 E0.05859
G0 F18000 X71.092 Y79.153
G1 F3600 X70.26 Y78.321 E0.05856
G0 F18000 X69.993 Y78.591
G1 F3600 X70.826 Y79.424 E0.05863
G0 F18000 X70.569 Y79.705
G1 F3600 X69.734 Y78.87 E0.05877
G0 F18000 X69.485 Y79.158
G1 F3600 X70.322 Y79.995 E0.05891
G0 F18000 X70.085 Y80.296
G1 F3600 X69.245 Y79.455 E0.05915
G0 F18000 X69.014 Y79.762
G1 F3600 X69.861 Y80.609 E0.05961
G0 F18000 X69.642 Y80.928
G1 F3600 X68.793 Y80.078 E0.05979
G0 F18000 X68.579 Y80.402
G1 F3600 X69.434 Y81.257 E0.06017
G0 F18000 X69.242 Y81.602
G1 F3600 X68.377 Y80.737 E0.06088
G0 F18000 X68.18 Y81.078
G1 F3600 X69.055 Y81.953 E0.06158
G0 F18000 X68.883 Y82.318
G1 F3600 X68 Y81.435 E0.06214
G0 F18000 X67.826 Y81.798
G1 F3600 X68.721 Y82.693 E0.06299
G0 F18000 X68.572 Y83.082
G1 F3600 X67.662 Y82.171 E0.06408
G0 F18000 X67.512 Y82.56
G1 F3600 X68.437 Y83.485 E0.0651
G0 F18000 X68.319 Y83.904
G1 F3600 X67.373 Y82.958 E0.06658
G0 F18000 X67.245 Y83.367
G1 F3600 X68.212 Y84.335 E0.06809
G0 F18000 X68.125 Y84.785
G1 F3600 X67.131 Y83.79 E0.06999
G0 F18000 X67.031 Y84.228
G1 F3600 X68.053 Y85.25 E0.07193
G0 F18000 X68.001 Y85.735
G1 F3600 X66.944 Y84.678 E0.07439
G0 F18000 X66.876 Y85.148
G1 F3600 X67.971 Y86.243 E0.07707
G0 F18000 X67.966 Y86.775
G1 F3600 X66.829 Y85.638 E0.08002
G0 F18000 X66.798 Y86.145
G1 F3600 X67.995 Y87.341 E0.08421
G0 F18000 X68.055 Y87.939
G1 F3600 X66.786 Y86.669 E0.08935
G0 F18000 X66.805 Y87.226
G1 F3600 X68.159 Y88.581 E0.09533
G0 F18000 X68.317 Y89.276
G1 F3600 X66.851 Y87.81 E0.10318
G0 F18000 X66.935 Y88.431
G1 F3600 X68.556 Y90.052 E0.11408
G1 X68.623 Y90.119
G0 F18000 X68.927 Y90.961
G1 F3600 X67.061 Y89.094 E0.13136
G0 F18000 X67.242 Y89.813
G1 F3600 X69.56 Y92.13 E0.1631
G1 X69.627 Y92.197
G0 F18000 X69.161 Y92.485
G0 X68.171 Y90.359
G0 X67.716 Y88.763
G0 X67.525 Y87.348
G0 X67.539 Y85.649
G0 X67.757 Y84.234
G0 X68.153 Y82.873
G0 X68.928 Y81.201
G0 X69.861 Y79.823
G0 X71.031 Y78.568
G0 X72.489 Y77.443
G0 X73.738 Y76.751
G0 X75.283 Y76.162
G0 X76.908 Y75.812
G0 X78.615 Y75.715
G0 X80.032 Y75.838
G0 X81.874 Y76.29
G0 X83.401 Y76.942
G0 X84.954 Y77.927
G0 X85.682 Y78.575
G0 X86.778 Y79.585
G0 X86.37 Y79.921
G1 F3600 X89.363 Y82.915 E0.21068
G1 X89.43 Y82.982
G0 F18000 X89.593 Y83.681
G1 F3600 X87.517 Y81.606 E0.14607
G1 X87.45 Y81.539
G0 F18000 X87.932 Y81.266
G0 X88.496 Y82.436
G0 X88.007 Y82.632
G1 F3600 X89.75 Y84.376 E0.12271
G0 F18000 X89.858 Y85.021
G1 F3600 X88.305 Y83.468 E0.1093
G1 X88.238 Y83.401
G0 F18000 X88.512 Y84.213
G1 F3600 X89.923 Y85.624 E0.0993
G0 F18000 X89.959 Y86.197
G1 F3600 X88.646 Y84.885 E0.09237
G0 F18000 X88.727 Y85.503
G1 F3600 X89.963 Y86.739 E0.08699
G0 F18000 X89.945 Y87.258
G1 F3600 X88.777 Y86.09 E0.0822
G0 F18000 X88.786 Y86.636
G1 F3600 X89.904 Y87.755 E0.07872
G0 F18000 X89.846 Y88.234
G1 F3600 X88.77 Y87.158 E0.07573
G0 F18000 X88.731 Y87.656
G1 F3600 X89.77 Y88.695 E0.07312
G0 F18000 X89.68 Y89.142
G1 F3600 X88.67 Y88.133 E0.07105
G0 F18000 X88.591 Y88.591
G1 F3600 X89.573 Y89.573 E0.06911
G0 F18000 X89.453 Y89.99
G1 F3600 X88.497 Y89.035 E0.06725
G0 F18000 X88.383 Y89.457
G1 F3600 X89.321 Y90.396 E0.06605
G0 F18000 X89.175 Y90.788
G1 F3600 X88.255 Y89.868 E0.06475
G0 F18000 X88.115 Y90.264
G1 F3600 X89.02 Y91.169 E0.06369
G0 F18000 X88.852 Y91.539
G1 F3600 X87.962 Y90.649 E0.06264
G0 F18000 X87.793 Y91.017
G1 F3600 X88.675 Y91.899 E0.06207
G0 F18000 X88.487 Y92.249
G1 F3600 X87.621 Y91.383 E0.06095
G0 F18000 X87.43 Y91.729
G1 F3600 X88.289 Y92.588 E0.06046
G0 F18000 X88.083 Y92.919
G1 F3600 X87.229 Y92.065 E0.0601
G0 F18000 X87.018 Y92.392
G1 F3600 X87.864 Y93.238 E0.05954
G0 F18000 X87.64 Y93.552
G1 F3600 X86.796 Y92.707 E0.05944
G0 F18000 X86.565 Y93.014
G1 F3600 X87.405 Y93.854 E0.05912
G0 F18000 X87.161 Y94.147
G1 F3600 X86.328 Y93.314 E0.05863
G0 F18000 X86.075 Y93.599
G1 F3600 X86.909 Y94.433 E0.0587
G0 F18000 X86.646 Y94.707
G1 F3600 X85.813 Y93.874 E0.05863
G0 F18000 X85.544 Y94.142
G1 F3600 X86.377 Y94.975 E0.05863
G0 F18000 X86.097 Y95.233
G1 F3600 X85.263 Y94.399 E0.0587
G0 F18000 X84.971 Y94.644
G1 F3600 X85.808 Y95.481 E0.05891
G0 F18000 X85.509 Y95.72
G1 F3600 X84.671 Y94.882 E0.05898
G0 F18000 X84.359 Y95.107
G1 F3600 X85.206 Y95.954 E0.05961
G0 F18000 X84.89 Y96.175
G1 F3600 X84.04 Y95.326 E0.05979
G0 F18000 X83.708 Y95.531
G1 F3600 X84.564 Y96.387 E0.06024
G0 F18000 X84.231 Y96.591
G1 F3600 X83.368 Y95.728 E0.06074
G0 F18000 X83.015 Y95.913
G1 F3600 X83.886 Y96.784 E0.0613
G0 F18000 X83.534 Y96.969
G1 F3600 X82.648 Y96.083 E0.06236
G0 F18000 X82.272 Y96.244
G1 F3600 X83.167 Y97.14 E0.06302
G0 F18000 X82.793 Y97.303
G1 F3600 X81.885 Y96.395 E0.0639
G0 F18000 X81.481 Y96.529
G1 F3600 X82.406 Y97.453 E0.06507
G0 F18000 X82.008 Y97.593
G1 F3600 X81.066 Y96.651 E0.0663
G0 F18000 X80.632 Y96.754
G1 F3600 X81.6 Y97.722 E0.06813
G0 F18000 X81.177 Y97.837
G1 F3600 X80.183 Y96.843 E0.06996
G0 F18000 X79.716 Y96.913
G1 F3600 X80.738 Y97.935 E0.07193
G0 F18000 X80.285 Y98.019
G1 F3600 X79.231 Y96.965 E0.07418
G0 F18000 X78.722 Y96.994
G1 F3600 X79.813 Y98.085 E0.07678
G0 F18000 X79.331 Y98.14
G1 F3600 X78.192 Y97.001 E0.08016
G0 F18000 X77.628 Y96.975
G1 F3600 X78.821 Y98.168 E0.08396
G0 F18000 X78.293 Y98.177
G1 F3600 X77.031 Y96.915 E0.08882
G0 F18000 X76.388 Y96.809
G1 F3600 X77.739 Y98.16 E0.09508
G0 F18000 X77.153 Y98.112
G1 F3600 X75.687 Y96.646 E0.10318
G1 X75.62 Y96.579
G0 F18000 X74.913 Y96.409
G1 F3600 X76.532 Y98.028 E0.11394
G0 F18000 X75.87 Y97.904
G1 F3600 X74.003 Y96.036 E0.13143
G1 X73.936 Y95.969
G0 F18000 X73.699 Y96.478
G0 X72.545 Y95.845
G0 X72.825 Y95.396
G1 F3600 X75.151 Y97.721 E0.16367
G1 X75.218 Y97.788
G0 F18000 X74.348 Y97.456
G1 F3600 X67.509 Y90.617 E0.48132
G1 X67.442 Y90.55
G0 F18000 X67.944 Y90.319
G0 X68.378 Y91.317
G0 X67.901 Y91.546
G1 F3600 X73.415 Y97.061 E0.38811
G1 X73.482 Y97.128
G0 F18000 X73.713 Y96.622
G0 X72.502 Y95.964
G0 X72.225 Y96.408
G1 F3600 X68.553 Y92.736 E0.25843
G1 X68.486 Y92.669
G1 F1800 E-3.5
;MESH:Upper-Dielectric-Part.STL
G0 F18000 X68.954 Y92.382
G0 X72.403 Y95.202
G0 X73.789 Y96.013
G0 X75.449 Y96.654
G0 X76.713 Y96.92
G0 X82.071 Y97.53
G0 X82.819 Y98.798
G0 X91.686 Y102.66
G0 X127.082 Y117.554
;TYPE:WALL-OUTER
G1 F1800 E3.52079
G1 F1500 X125.764 Y117.554 E0.05185
G1 X125.062 Y117.55 E0.02762
G1 X92.914 Y117.553 E1.26465
G1 X92.914 Y102.446 E0.59429
G1 X127.082 Y102.446 E1.34412
G1 X127.082 Y117.554 E0.59432
G0 F18000 X127.082 Y117.354
G0 X126.414 Y116.884
G0 X115.368 Y109.279
G0 X115.296 Y108.543
G1 F600 X115.347 Y108.564 E0.00217
G1 X115.377 Y108.57 E0.0012
G1 X115.415 Y108.57 E0.00149
G1 X115.499 Y108.562 E0.00332
G1 X115.541 Y108.553 E0.00169
G1 X115.568 Y108.541 E0.00116
G1 X115.592 Y108.526 E0.00111
G1 X115.63 Y108.49 E0.00206
G1 X116.003 Y107.875 E0.0283
G1 X118.253 Y103.975 E0.17712
G1 X118.278 Y103.88 E0.00386
G1 X118.278 Y103.816 E0.00252
G1 X118.236 Y103.696 E0.005
G1 X118.088 Y103.626 E0.00644
G1 X117.971 Y103.636 E0.00462
G1 X117.841 Y103.725 E0.0062
G1 X117.481 Y104.321 E0.02739
G1 X115.231 Y108.221 E0.17712
G1 X115.215 Y108.255 E0.00148
G1 X115.206 Y108.316 E0.00243
G1 X115.206 Y108.38 E0.00252
G1 X115.222 Y108.459 E0.00317
G1 X115.238 Y108.487 E0.00127
G1 X115.296 Y108.543 E0.00317
G0 F18000 X115.238 Y108.487
G0 X115.222 Y108.459
G0 X115.206 Y108.38
G0 X115.206 Y108.374
G0 X114.515 Y108.442
G0 X113.49 Y110.093
G0 X112.785 Y110.093
G1 F600 X112.791 Y110.048 E0.00179
G1 X112.791 Y109.948 E0.00393
G1 X112.774 Y109.869 E0.00318
G1 X112.758 Y109.841 E0.00127
G1 X112.7 Y109.785 E0.00317
G1 X112.636 Y109.761 E0.00269
G1 X112.601 Y109.758 E0.00138
G1 X107.397 Y109.754 E0.20472
G1 X107.363 Y109.756 E0.00134
G1 X107.32 Y109.769 E0.00177
G1 X107.288 Y109.787 E0.00144
G1 X107.261 Y109.809 E0.00137
G1 X107.209 Y109.862 E0.00292
G1 X107.186 Y109.897 E0.00165
G1 X107.175 Y109.923 E0.00111
G1 X107.166 Y109.964 E0.00165
G1 X107.17 Y110.027 E0.00248
G1 X107.201 Y110.095 E0.00294
G1 X107.246 Y110.157 E0.00301
G1 X107.273 Y110.186 E0.00156
G1 X107.306 Y110.21 E0.00161
G1 X107.363 Y110.231 E0.00239
G1 X107.398 Y110.235 E0.00139
G1 X112.633 Y110.236 E0.20594
G1 X112.67 Y110.225 E0.00152
G1 X112.701 Y110.21 E0.00135
G1 X112.727 Y110.19 E0.00129
G1 X112.752 Y110.164 E0.00142
G1 X112.776 Y110.122 E0.0019
G1 X112.785 Y110.093 E0.00119
G0 F18000 X112.776 Y110.122
G0 X112.752 Y110.164
G0 X112.727 Y110.19
G0 X112.701 Y110.21
G0 X112.67 Y110.225
G0 X112.652 Y110.23
G0 X112.652 Y110.94
G0 X102.519 Y116.894
G0 X102.501 Y116.928
G0 X102.239 Y116.948
G0 X101.909 Y116.37
G1 F600 X102.025 Y116.36 E0.00458
G1 X102.155 Y116.271 E0.0062
G1 X102.515 Y115.675 E0.02739
G1 X104.767 Y111.773 E0.17723
G1 X104.781 Y111.74 E0.00141
G1 X104.79 Y111.68 E0.00239
G1 X104.787 Y111.581 E0.0039
G1 X104.773 Y111.535 E0.00189
G1 X104.727 Y111.474 E0.00301
G1 X104.674 Y111.441 E0.00246
G1 X104.634 Y111.429 E0.00164
G1 X104.586 Y111.426 E0.00189
G1 X104.489 Y111.439 E0.00385
G1 X104.455 Y111.448 E0.00138
G1 X104.428 Y111.459 E0.00115
G1 X104.383 Y111.491 E0.00217
G1 X104.366 Y111.51 E0.001
G1 X103.993 Y112.125 E0.0283
G1 X101.743 Y116.02 E0.17695
G1 X101.718 Y116.116 E0.0039
G1 X101.718 Y116.18 E0.00252
G1 X101.76 Y116.3 E0.005
G1 X101.909 Y116.37 E0.00648
G0 F18000 X101.76 Y116.3
G0 X101.749 Y116.267
G0 X101.036 Y116.337
G0 X101.058 Y115.939
G0 X104.023 Y110.847
G0 X105.329 Y110.724
G0 X105.453 Y111.862
G0 X113.418 Y110.868
G0 X126.414 Y103.118
G0 X126.801 Y102.617
;TYPE:SKIN
G1 F3600 X126.911 Y102.728 E0.00778
G0 F18000 X126.911 Y103.265
G1 F3600 X126.263 Y102.617 E0.04561
G0 F18000 X125.726 Y102.617
G1 F3600 X126.911 Y103.803 E0.08343
G0 F18000 X126.911 Y104.34
G1 F3600 X125.188 Y102.617 E0.12126
G0 F18000 X124.651 Y102.617
G1 F3600 X126.911 Y104.877 E0.15906
G0 F18000 X126.911 Y105.415
G1 F3600 X124.114 Y102.617 E0.19689
G0 F18000 X123.576 Y102.617
G1 F3600 X126.911 Y105.952 E0.23471
G0 F18000 X126.911 Y106.49
G1 F3600 X123.039 Y102.617 E0.27254
G0 F18000 X122.501 Y102.617
G1 F3600 X126.911 Y107.027 E0.31037
G0 F18000 X126.911 Y107.564
G1 F3600 X121.964 Y102.617 E0.34816
G0 F18000 X121.426 Y102.617
G1 F3600 X126.911 Y108.102 E0.38603
G0 F18000 X126.911 Y108.639
G1 F3600 X120.889 Y102.617 E0.42382
G0 F18000 X120.352 Y102.617
G1 F3600 X126.911 Y109.177 E0.46165
G0 F18000 X126.911 Y109.714
G1 F3600 X119.814 Y102.617 E0.49948
G0 F18000 X119.277 Y102.617
G1 F3600 X126.911 Y110.251 E0.53727
G0 F18000 X126.911 Y110.789
G1 F3600 X118.739 Y102.617 E0.57514
G0 F18000 X118.202 Y102.617
G1 F3600 X126.911 Y111.326 E0.61293
G0 F18000 X126.911 Y111.864
G1 F3600 X117.665 Y102.617 E0.65076
G1 X117.598 Y102.55
G0 F18000 X117.464 Y103.096
G0 X114.547 Y108.138
G0 X114.671 Y109.276
G0 X115.977 Y109.153
G0 X118.942 Y104.061
G0 X118.985 Y103.872
G0 X118.436 Y103.926
G1 F3600 X126.911 Y112.401 E0.59646
G0 F18000 X126.911 Y112.938
G1 F3600 X118.266 Y104.294 E0.60839
G0 F18000 X118.07 Y104.635
G1 F3600 X126.911 Y113.476 E0.62222
G0 F18000 X126.911 Y114.013
G1 F3600 X117.873 Y104.976 E0.63605
G0 F18000 X117.677 Y105.316
G1 F3600 X126.911 Y114.551 E0.64991
G0 F18000 X126.911 Y115.088
G1 F3600 X117.48 Y105.657 E0.66374
G0 F18000 X117.284 Y105.998
G1 F3600 X126.911 Y115.625 E0.67754
G0 F18000 X126.911 Y116.163
G1 F3600 X117.087 Y106.339 E0.6914
G0 F18000 X116.89 Y106.68
G1 F3600 X126.911 Y116.7 E0.70523
G0 F18000 X126.911 Y117.238
G1 F3600 X116.694 Y107.021 E0.71906
G0 F18000 X116.497 Y107.361
G1 F3600 X126.519 Y117.383 E0.70534
G0 F18000 X125.982 Y117.383
G1 F3600 X116.3 Y107.702 E0.68137
G0 F18000 X116.102 Y108.041
G1 F3600 X125.442 Y117.381 E0.65734
G0 F18000 X124.903 Y117.379
G1 F3600 X115.9 Y108.376 E0.63362
G0 F18000 X115.667 Y108.681
G1 F3600 X124.365 Y117.379 E0.61216
G1 X124.432 Y117.446
G0 F18000 X124.432 Y116.85
G0 X114.671 Y109.276
G0 X114.547 Y108.138
G0 X116.931 Y104.003
G0 X117.512 Y103.046
G0 X117.764 Y103.052
G0 X117.974 Y103.465
G1 F3600 X117.127 Y102.617 E0.05965
G0 F18000 X116.59 Y102.617
G1 F3600 X117.662 Y103.689 E0.07545
G0 F18000 X117.46 Y104.025
G1 F3600 X116.052 Y102.617 E0.09909
G0 F18000 X115.515 Y102.617
G1 F3600 X117.26 Y104.363 E0.12285
G0 F18000 X117.064 Y104.703
G1 F3600 X114.978 Y102.617 E0.14681
G0 F18000 X114.44 Y102.617
G1 F3600 X116.867 Y105.044 E0.17081
G0 F18000 X116.67 Y105.385
G1 F3600 X113.903 Y102.617 E0.19477
G0 F18000 X113.365 Y102.617
G1 F3600 X116.474 Y105.726 E0.21881
G0 F18000 X116.277 Y106.067
G1 F3600 X112.828 Y102.617 E0.24277
G0 F18000 X112.291 Y102.617
G1 F3600 X116.081 Y106.408 E0.26677
G0 F18000 X115.883 Y106.748
G1 F3600 X111.753 Y102.617 E0.2907
G0 F18000 X111.216 Y102.617
G1 F3600 X115.687 Y107.088 E0.31466
G0 F18000 X115.49 Y107.429
G1 F3600 X110.678 Y102.617 E0.33866
G0 F18000 X110.141 Y102.617
G1 F3600 X115.294 Y107.77 E0.36266
G0 F18000 X115.097 Y108.111
G1 F3600 X109.604 Y102.617 E0.38663
G0 F18000 X109.066 Y102.617
G1 F3600 X123.828 Y117.379 E1.03893
G0 F18000 X123.29 Y117.379
G1 F3600 X108.529 Y102.617 E1.0389
G0 F18000 X107.991 Y102.617
G1 F3600 X122.753 Y117.379 E1.03893
G0 F18000 X122.216 Y117.379
G1 F3600 X107.454 Y102.617 E1.03893
G0 F18000 X106.917 Y102.617
G1 F3600 X121.678 Y117.379 E1.0389
G0 F18000 X121.141 Y117.379
G1 F3600 X106.379 Y102.617 E1.03893
G0 F18000 X105.842 Y102.617
G1 F3600 X120.603 Y117.379 E1.0389
G1 X120.67 Y117.446
G0 F18000 X120.669 Y116.85
G0 X113.418 Y109.135
G0 X112.275 Y109.059
G0 X112.273 Y109.586
G1 F3600 X105.304 Y102.617 E0.49047
G0 F18000 X104.767 Y102.617
G1 F3600 X111.736 Y109.586 E0.49047
G0 F18000 X111.197 Y109.585
G1 F3600 X104.23 Y102.617 E0.49037
G0 F18000 X103.692 Y102.617
G1 F3600 X110.66 Y109.585 E0.4904
G0 F18000 X110.122 Y109.585
G1 F3600 X103.155 Y102.617 E0.49037
G0 F18000 X102.617 Y102.617
G1 F3600 X109.585 Y109.585 E0.4904
G0 F18000 X109.046 Y109.584
G1 F3600 X102.08 Y102.617 E0.4903
G0 F18000 X101.543 Y102.617
G1 F3600 X108.509 Y109.584 E0.4903
G0 F18000 X107.971 Y109.583
G1 F3600 X101.005 Y102.617 E0.49026
G0 F18000 X100.468 Y102.617
G1 F3600 X107.434 Y109.583 E0.49026
G0 F18000 X107.073 Y109.76
G1 F3600 X99.93 Y102.617 E0.50272
G1 X99.863 Y102.55
G0 F18000 X99.863 Y103.146
G0 X113.418 Y109.135
G0 X113.49 Y110.225
G0 X112.912 Y110.225
G1 F3600 X120.066 Y117.379 E0.50349
G0 F18000 X119.529 Y117.379
G1 F3600 X112.558 Y110.408 E0.49061
G0 F18000 X112.021 Y110.408
G1 F3600 X118.991 Y117.379 E0.49058
G0 F18000 X118.455 Y117.38
G1 F3600 X111.483 Y110.408 E0.49068
G0 F18000 X110.945 Y110.408
G1 F3600 X117.917 Y117.38 E0.49068
G0 F18000 X117.38 Y117.38
G1 F3600 X110.408 Y110.408 E0.49068
G0 F18000 X109.87 Y110.407
G1 F3600 X116.842 Y117.38 E0.49072
G0 F18000 X116.305 Y117.38
G1 F3600 X109.332 Y110.407 E0.49075
G0 F18000 X108.795 Y110.407
G1 F3600 X115.768 Y117.38 E0.49075
G0 F18000 X115.23 Y117.38
G1 F3600 X108.257 Y110.406 E0.49079
G0 F18000 X107.719 Y110.406
G1 F3600 X114.693 Y117.38 E0.49082
G0 F18000 X114.155 Y117.38
G1 F3600 X99.393 Y102.617 E1.03897
G0 F18000 X98.856 Y102.617
G1 F3600 X113.618 Y117.38 E1.03897
G0 F18000 X113.081 Y117.38
G1 F3600 X98.318 Y102.617 E1.03901
G0 F18000 X97.781 Y102.617
G1 F3600 X112.543 Y117.38 E1.03897
G0 F18000 X112.006 Y117.38
G1 F3600 X97.243 Y102.617 E1.03901
G0 F18000 X96.706 Y102.617
G1 F3600 X111.469 Y117.38 E1.03901
G0 F18000 X110.932 Y117.38
G1 F3600 X96.169 Y102.617 E1.03901
G1 X96.102 Y102.55
G0 F18000 X96.102 Y103.146
G0 X105.329 Y110.724
G0 X105.441 Y111.748
G0 X105.357 Y112.15
G0 X104.899 Y111.885
G1 F3600 X110.394 Y117.38 E0.38673
G0 F18000 X109.857 Y117.38
G1 F3600 X104.702 Y112.226 E0.36277
G0 F18000 X104.505 Y112.566
G1 F3600 X109.319 Y117.38 E0.3388
G0 F18000 X108.782 Y117.38
G1 F3600 X104.309 Y112.907 E0.31481
G0 F18000 X104.112 Y113.248
G1 F3600 X108.245 Y117.38 E0.29084
G0 F18000 X107.707 Y117.38
G1 F3600 X103.916 Y113.589 E0.26681
G0 F18000 X103.719 Y113.93
G1 F3600 X107.17 Y117.38 E0.24284
G0 F18000 X106.632 Y117.38
G1 F3600 X103.523 Y114.271 E0.21881
G0 F18000 X103.326 Y114.611
G1 F3600 X106.095 Y117.38 E0.19488
G0 F18000 X105.558 Y117.381
G1 F3600 X103.129 Y114.952 E0.17095
G0 F18000 X102.933 Y115.293
G1 F3600 X105.021 Y117.381 E0.14695
G0 F18000 X104.484 Y117.381
G1 F3600 X102.736 Y115.634 E0.12299
G0 F18000 X102.536 Y115.971
G1 F3600 X103.946 Y117.381 E0.09923
G0 F18000 X103.409 Y117.381
G1 F3600 X102.334 Y116.306 E0.07566
G0 F18000 X102.021 Y116.531
G1 F3600 X102.871 Y117.381 E0.05982
G1 X102.938 Y117.448
G0 F18000 X102.938 Y116.853
G0 X105.453 Y111.862
G0 X105.329 Y110.724
G0 X104.276 Y110.756
G0 X104.331 Y111.318
G1 F3600 X95.631 Y102.617 E0.61233
G0 F18000 X95.094 Y102.617
G1 F3600 X104.097 Y111.621 E0.63366
G0 F18000 X103.895 Y111.956
G1 F3600 X94.556 Y102.617 E0.65727
G0 F18000 X94.019 Y102.617
G1 F3600 X103.697 Y112.296 E0.68116
G0 F18000 X103.5 Y112.636
G1 F3600 X93.482 Y102.617 E0.70509
G0 F18000 X93.085 Y102.758
G1 F3600 X103.303 Y112.977 E0.71917
G0 F18000 X103.107 Y113.317
G1 F3600 X93.085 Y103.296 E0.7053
G0 F18000 X93.085 Y103.833
G1 F3600 X102.91 Y113.658 E0.69147
G0 F18000 X102.714 Y113.999
G1 F3600 X93.085 Y104.37 E0.67768
G0 F18000 X93.085 Y104.908
G1 F3600 X102.516 Y114.339 E0.66374
G0 F18000 X102.32 Y114.68
G1 F3600 X93.085 Y105.445 E0.64995
G0 F18000 X93.085 Y105.983
G1 F3600 X102.123 Y115.021 E0.63609
G0 F18000 X101.927 Y115.362
G1 F3600 X93.085 Y106.52 E0.62229
G0 F18000 X93.085 Y107.057
G1 F3600 X101.729 Y115.702 E0.60839
G0 F18000 X101.56 Y116.069
G1 F3600 X93.085 Y107.595 E0.59643
G0 F18000 X93.085 Y108.132
G1 F3600 X102.334 Y117.381 E0.65094
G0 F18000 X101.797 Y117.381
G1 F3600 X93.085 Y108.67 E0.61311
G0 F18000 X93.085 Y109.207
G1 F3600 X101.259 Y117.381 E0.57528
G0 F18000 X100.722 Y117.381
G1 F3600 X93.085 Y109.744 E0.53748
G0 F18000 X93.085 Y110.282
G1 F3600 X100.184 Y117.381 E0.49962
G0 F18000 X99.647 Y117.381
G1 F3600 X93.085 Y110.819 E0.46183
G0 F18000 X93.085 Y111.357
G1 F3600 X99.11 Y117.382 E0.42403
G0 F18000 X98.573 Y117.382
G1 F3600 X93.085 Y111.894 E0.38624
G0 F18000 X93.085 Y112.431
G1 F3600 X98.035 Y117.382 E0.34841
G0 F18000 X97.498 Y117.382
G1 F3600 X93.085 Y112.969 E0.31058
G0 F18000 X93.085 Y113.506
G1 F3600 X96.961 Y117.382 E0.27279
G0 F18000 X96.423 Y117.382
G1 F3600 X93.085 Y114.044 E0.23493
G0 F18000 X93.085 Y114.581
G1 F3600 X95.886 Y117.382 E0.19713
G0 F18000 X95.348 Y117.382
G1 F3600 X93.085 Y115.118 E0.1593
G0 F18000 X93.085 Y115.656
G1 F3600 X94.811 Y117.382 E0.12147
G0 F18000 X94.274 Y117.382
G1 F3600 X93.085 Y116.193 E0.08368
G0 F18000 X93.085 Y116.731
G1 F3600 X93.736 Y117.382 E0.04582
G0 F18000 X93.199 Y117.382
G1 F3600 X93.085 Y117.268 E0.00802
G0 F18000 X93.784 Y116.574
G1 F1800 E-3.5
;MESH:NONMESH
G0 F1200 X93.784 Y116.574 Z0.4
G0 F18000 X93.13 Y102.66
G0 X93.13 Y101.216
G0 X89.016 Y94.043
G0 X87.971 Y93.007
G0 X88.834 Y87.277
G0 X88.831 Y85.856
G0 X88.556 Y84.1
G0 X88.039 Y82.534
G0 X87.311 Y81.115
G0 X86.222 Y79.644
G0 X85.076 Y78.534
G0 X83.771 Y77.608
G0 X82.648 Y77.041
G0 X79.074 Y75.554
G0 X79.112 Y74.856
;TIME_ELAPSED:66.076411
;LAYER:1
;TYPE:WALL-OUTER
;MESH:01_Prime_Insulator.STL
G1 F1800 E3.52079
G1 F1500 X78.876 Y74.842 E0.0031
G1 X78.622 Y74.834 E0.00333
G1 X78.348 Y74.83 E0.00359
G1 X78.098 Y74.834 E0.00328
G1 X77.854 Y74.842 E0.0032
G1 X77.348 Y74.878 E0.00665
G1 X77.065 Y74.904 E0.00373
G1 X76.782 Y74.939 E0.00374
G1 X76.316 Y75.011 E0.00618
G1 X75.816 Y75.113 E0.00669
G1 X75.521 Y75.183 E0.00398
G1 X75.069 Y75.304 E0.00614
G1 X74.794 Y75.391 E0.00378
G1 X74.34 Y75.544 E0.00628
G1 X74.065 Y75.648 E0.00386
G1 X73.65 Y75.821 E0.0059
G1 X73.38 Y75.946 E0.0039
G1 X72.915 Y76.173 E0.00679
G1 X72.489 Y76.409 E0.00639
G1 X72.265 Y76.542 E0.00342
G1 X71.818 Y76.827 E0.00695
G1 X71.41 Y77.114 E0.00654
G1 X71.203 Y77.273 E0.00342
G1 X70.974 Y77.455 E0.00384
G1 X70.612 Y77.76 E0.00621
G1 X70.428 Y77.925 E0.00324
G1 X70.222 Y78.118 E0.0037
G1 X70.058 Y78.28 E0.00302
G1 X69.879 Y78.463 E0.00336
G1 X69.68 Y78.673 E0.00379
G1 X69.403 Y78.991 E0.00553
G1 X69.043 Y79.432 E0.00746
G1 X68.873 Y79.667 E0.0038
G1 X68.591 Y80.07 E0.00645
G1 X68.452 Y80.283 E0.00334
G1 X68.318 Y80.498 E0.00332
G1 X68.051 Y80.956 E0.00695
G1 X67.929 Y81.192 E0.00348
G1 X67.71 Y81.636 E0.00649
G1 X67.413 Y82.33 E0.0099
G1 X67.237 Y82.821 E0.00684
G1 X67.152 Y83.086 E0.00365
G1 X67.059 Y83.398 E0.00427
G1 X66.954 Y83.798 E0.00542
G1 X66.888 Y84.076 E0.00375
G1 X66.789 Y84.565 E0.00654
G1 X66.752 Y84.799 E0.00311
G1 X66.685 Y85.314 E0.00681
G1 X66.642 Y85.827 E0.00675
G1 X66.626 Y86.093 E0.00349
G1 X66.618 Y86.343 E0.00328
G1 X66.614 Y86.62 E0.00363
G1 X66.618 Y86.87 E0.00328
G1 X66.628 Y87.139 E0.00353
G1 X66.662 Y87.621 E0.00634
G1 X66.691 Y87.915 E0.00387
G1 X66.761 Y88.436 E0.00689
G1 X66.791 Y88.63 E0.00257
G1 X66.896 Y89.145 E0.00689
G1 X66.96 Y89.415 E0.00364
G1 X67.008 Y89.594 E0.00243
G1 X67.005 Y89.596 E0.00005
G1 X67.086 Y89.889 E0.00399
G1 X67.162 Y90.134 E0.00336
G1 X67.323 Y90.612 E0.00661
G1 X67.442 Y90.92 E0.00433
G1 X67.619 Y91.34 E0.00598
G1 X67.716 Y91.559 E0.00314
G1 X67.954 Y92.036 E0.00699
G1 X68.067 Y92.253 E0.00321
G1 X68.205 Y92.495 E0.00365
G1 X68.463 Y92.919 E0.00651
G1 X68.599 Y93.129 E0.00328
G1 X68.754 Y93.354 E0.00358
G1 X68.898 Y93.553 E0.00322
G1 X69.201 Y93.943 E0.00648
G1 X69.359 Y94.139 E0.0033
G1 X69.714 Y94.545 E0.00707
G1 X70.086 Y94.933 E0.00705
G1 X70.438 Y95.264 E0.00634
G1 X70.62 Y95.429 E0.00322
G1 X71.024 Y95.769 E0.00692
G1 X71.431 Y96.078 E0.0067
G1 X71.63 Y96.225 E0.00324
G1 X71.841 Y96.369 E0.00335
G1 X72.29 Y96.652 E0.00696
G1 X72.688 Y96.881 E0.00602
G1 X72.945 Y97.02 E0.00383
G1 X73.207 Y97.154 E0.00386
G1 X73.645 Y97.356 E0.00632
G1 X73.888 Y97.46 E0.00347
G1 X74.135 Y97.559 E0.00349
G1 X74.364 Y97.644 E0.0032
G1 X74.856 Y97.808 E0.0068
G1 X75.127 Y97.892 E0.00372
G1 X75.592 Y98.013 E0.0063
G1 X76.114 Y98.131 E0.00702
G1 X76.572 Y98.212 E0.0061
G1 X77.112 Y98.28 E0.00714
G1 X77.364 Y98.307 E0.00332
G1 X77.633 Y98.327 E0.00354
G1 X78.145 Y98.346 E0.00672
G1 X78.387 Y98.35 E0.00317
G1 X78.649 Y98.346 E0.00344
G1 X78.897 Y98.338 E0.00325
G1 X79.174 Y98.324 E0.00364
G1 X79.409 Y98.305 E0.00309
G1 X79.671 Y98.277 E0.00346
G1 X79.924 Y98.245 E0.00334
G1 X80.415 Y98.172 E0.00651
G1 X80.656 Y98.128 E0.00321
G1 X81.186 Y98.011 E0.00712
G1 X81.694 Y97.873 E0.0069
G1 X81.92 Y97.804 E0.0031
G1 X82.407 Y97.636 E0.00676
G1 X82.666 Y97.538 E0.00363
G1 X82.88 Y97.453 E0.00302
G1 X83.137 Y97.343 E0.00367
G1 X83.61 Y97.122 E0.00685
G1 X83.809 Y97.02 E0.00293
G1 X84.059 Y96.886 E0.00372
G1 X84.262 Y96.772 E0.00305
G1 X84.509 Y96.625 E0.00377
G1 X84.933 Y96.354 E0.0066
G1 X85.353 Y96.058 E0.00674
G1 X85.739 Y95.758 E0.00641
G1 X85.943 Y95.59 E0.00347
G1 X85.948 Y95.589 E0.00007
G1 X86.137 Y95.427 E0.00326
G1 X86.514 Y95.082 E0.0067
G1 X86.674 Y94.923 E0.00296
G1 X87.027 Y94.559 E0.00665
G1 X87.411 Y94.118 E0.00767
G1 X87.724 Y93.726 E0.00658
G1 X87.872 Y93.523 E0.00329
G1 X88.172 Y93.094 E0.00686
G1 X88.303 Y92.896 E0.00311
G1 X88.431 Y92.686 E0.00322
G1 X88.678 Y92.259 E0.00647
G1 X88.925 Y91.792 E0.00693
G1 X89.142 Y91.315 E0.00687
G1 X89.245 Y91.078 E0.00339
G1 X89.44 Y90.572 E0.00711
G1 X89.522 Y90.339 E0.00324
G1 X89.673 Y89.852 E0.00669
G1 X89.807 Y89.353 E0.00678
G1 X89.858 Y89.135 E0.00294
G1 X89.914 Y88.855 E0.00374
G1 X90.003 Y88.354 E0.00667
G1 X90.067 Y87.854 E0.00661
G1 X90.111 Y87.346 E0.00669
G1 X90.126 Y87.087 E0.0034
G1 X90.134 Y86.808 E0.00366
G1 X90.134 Y86.346 E0.00606
G1 X90.125 Y86.049 E0.0039
G1 X90.09 Y85.564 E0.00638
G1 X90.065 Y85.293 E0.00357
G1 X90.03 Y85.042 E0.00332
G1 X90.032 Y85.039 E0.00005
G1 X89.995 Y84.777 E0.00347
G1 X89.955 Y84.538 E0.00318
G1 X89.904 Y84.274 E0.00353
G1 X89.843 Y83.982 E0.00391
G1 X89.733 Y83.535 E0.00604
G1 X89.674 Y83.317 E0.00296
G1 X89.67 Y83.315 E0.00006
G1 X89.571 Y82.99 E0.00445
G1 X89.422 Y82.561 E0.00596
G1 X89.311 Y82.264 E0.00416
G1 X89.234 Y82.075 E0.00268
G1 X89.031 Y81.616 E0.00658
G1 X88.92 Y81.384 E0.00337
G1 X88.803 Y81.152 E0.00341
G1 X88.681 Y80.923 E0.0034
G1 X88.426 Y80.486 E0.00663
G1 X88.295 Y80.27 E0.00331
G1 X87.989 Y79.818 E0.00716
G1 X87.854 Y79.63 E0.00303
G1 X87.7 Y79.426 E0.00335
G1 X87.542 Y79.225 E0.00335
G1 X87.211 Y78.828 E0.00678
G1 X86.859 Y78.447 E0.0068
G1 X86.664 Y78.251 E0.00363
G1 X86.31 Y77.913 E0.00642
G1 X86.121 Y77.743 E0.00333
G1 X85.918 Y77.569 E0.00351
G1 X85.732 Y77.416 E0.00316
G1 X85.529 Y77.257 E0.00338
G1 X85.299 Y77.086 E0.00376
G1 X84.887 Y76.799 E0.00658
G1 X84.683 Y76.664 E0.00321
G1 X84.237 Y76.398 E0.00681
G1 X84.003 Y76.264 E0.00354
G1 X83.8 Y76.16 E0.00299
G1 X83.33 Y75.927 E0.00688
G1 X82.98 Y75.77 E0.00503
G1 X82.665 Y75.644 E0.00445
G1 X82.371 Y75.531 E0.00413
G1 X81.899 Y75.369 E0.00654
G1 X81.656 Y75.296 E0.00333
G1 X81.195 Y75.175 E0.00625
G1 X80.909 Y75.108 E0.00385
G1 X80.4 Y75.006 E0.00681
G1 X80.123 Y74.964 E0.00367
G1 X79.64 Y74.9 E0.00639
G1 X79.112 Y74.856 E0.00695
G0 F18000 X78.912 Y74.845
G0 X78.874 Y75.543
G0 X81.874 Y76.29
G0 X83.113 Y76.819
G0 X84.463 Y77.502
G0 X84.069 Y78.076
G1 F1500 X84.436 Y78.333 E0.00588
G1 X84.61 Y78.466 E0.00287
G1 X84.962 Y78.749 E0.00592
G1 X85.34 Y79.082 E0.00661
G1 X85.621 Y79.351 E0.0051
G1 X85.776 Y79.511 E0.00292
G1 X86.077 Y79.84 E0.00585
G1 X86.224 Y80.012 E0.00297
G1 X86.505 Y80.357 E0.00583
G1 X86.758 Y80.709 E0.00568
G1 X86.973 Y81.027 E0.00503
G1 X86.977 Y81.029 E0.00006
G1 X87.128 Y81.276 E0.0038
G1 X87.353 Y81.661 E0.00585
G1 X87.56 Y82.063 E0.00593
G1 X87.751 Y82.47 E0.0059
G1 X87.837 Y82.673 E0.00289
G1 X87.943 Y82.939 E0.00375
G1 X88.073 Y83.3 E0.00503
G1 X88.208 Y83.729 E0.0059
G1 X88.326 Y84.163 E0.0059
G1 X88.42 Y84.595 E0.0058
G1 X88.496 Y85.035 E0.00586
G1 X88.533 Y85.272 E0.00315
G1 X88.558 Y85.472 E0.00264
G1 X88.594 Y85.921 E0.00591
G1 X88.606 Y86.141 E0.00289
G1 X88.614 Y86.368 E0.00298
G1 X88.615 Y86.816 E0.00587
G1 X88.594 Y87.262 E0.00585
G1 X88.577 Y87.49 E0.003
G1 X88.528 Y87.928 E0.00578
G1 X88.496 Y88.149 E0.00293
G1 X88.418 Y88.593 E0.00591
G1 X88.324 Y89.031 E0.00587
G1 X88.206 Y89.457 E0.0058
G1 X88.071 Y89.886 E0.0059
G1 X87.917 Y90.308 E0.00589
G1 X87.745 Y90.723 E0.00589
G1 X87.564 Y91.117 E0.00569
G1 X87.346 Y91.531 E0.00614
G1 X87.242 Y91.716 E0.00278
G1 X86.983 Y92.137 E0.00648
G1 X86.918 Y92.236 E0.00155
G1 X86.92 Y92.239 E0.00005
G1 X86.755 Y92.479 E0.00382
G1 X86.633 Y92.65 E0.00275
G1 X86.5 Y92.828 E0.00291
G1 X86.222 Y93.171 E0.00579
G1 X86.068 Y93.353 E0.00313
G1 X85.918 Y93.515 E0.0029
G1 X85.613 Y93.833 E0.00578
G1 X85.334 Y94.103 E0.00509
G1 X84.956 Y94.436 E0.00661
G1 X84.611 Y94.715 E0.00582
G1 X84.431 Y94.851 E0.00296
G1 X84.256 Y94.976 E0.00282
G1 X84.066 Y95.105 E0.00301
G1 X83.688 Y95.345 E0.00587
G1 X83.301 Y95.569 E0.00586
G1 X82.904 Y95.777 E0.00588
G1 X82.5 Y95.963 E0.00583
G1 X82.294 Y96.053 E0.00295
G1 X82.025 Y96.159 E0.00379
G1 X81.665 Y96.29 E0.00502
G1 X81.24 Y96.423 E0.00584
G1 X81.022 Y96.485 E0.00297
G1 X80.59 Y96.59 E0.00583
G1 X80.369 Y96.636 E0.00296
G1 X79.932 Y96.712 E0.00582
G1 X79.706 Y96.745 E0.00299
G1 X79.49 Y96.769 E0.00285
G1 X79.043 Y96.81 E0.00589
G1 X78.819 Y96.822 E0.00294
G1 X78.592 Y96.83 E0.00298
G1 X78.148 Y96.83 E0.00582
G1 X77.702 Y96.81 E0.00585
G1 X77.258 Y96.769 E0.00585
G1 X77.04 Y96.744 E0.00288
G1 X76.814 Y96.712 E0.00299
G1 X76.383 Y96.635 E0.00574
G1 X76.16 Y96.589 E0.00299
G1 X75.914 Y96.529 E0.00332
G1 X75.513 Y96.422 E0.00544
G1 X75.078 Y96.287 E0.00597
G1 X74.629 Y96.122 E0.00627
G1 X74.453 Y96.051 E0.00249
G1 X74.223 Y95.953 E0.00328
G1 X73.847 Y95.777 E0.00544
G1 X73.432 Y95.559 E0.00615
G1 X73.255 Y95.46 E0.00266
G1 X73.053 Y95.34 E0.00308
G1 X72.681 Y95.102 E0.00579
G1 X72.489 Y94.971 E0.00305
G1 X72.139 Y94.714 E0.00569
G1 X71.949 Y94.566 E0.00316
G1 X71.767 Y94.412 E0.00313
G1 X71.461 Y94.146 E0.00532
G1 X71.293 Y93.987 E0.00303
G1 X70.966 Y93.66 E0.00606
G1 X70.783 Y93.466 E0.0035
G1 X70.785 Y93.464 E0.00004
G1 X70.693 Y93.361 E0.00181
G1 X70.669 Y93.338 E0.00044
G1 X70.251 Y92.828 E0.00865
G1 X69.981 Y92.458 E0.00601
G1 X69.62 Y91.902 E0.00869
G1 X69.505 Y91.708 E0.00296
G1 X69.291 Y91.316 E0.00586
G1 X69.187 Y91.117 E0.00294
G1 X68.997 Y90.707 E0.00593
G1 X68.911 Y90.507 E0.00285
G1 X68.805 Y90.241 E0.00375
G1 X68.674 Y89.876 E0.00509
G1 X68.528 Y89.399 E0.00654
G1 X68.426 Y89.021 E0.00513
G1 X68.332 Y88.585 E0.00585
G1 X68.255 Y88.147 E0.00583
G1 X68.194 Y87.709 E0.0058
G1 X68.174 Y87.477 E0.00305
G1 X68.146 Y87.038 E0.00577
G1 X68.138 Y86.816 E0.00291
G1 X68.134 Y86.588 E0.00299
G1 X68.146 Y86.139 E0.00589
G1 X68.174 Y85.698 E0.00579
G1 X68.194 Y85.494 E0.00269
G1 X68.253 Y85.033 E0.00609
G1 X68.333 Y84.596 E0.00583
G1 X68.379 Y84.371 E0.00301
G1 X68.432 Y84.15 E0.00298
G1 X68.529 Y83.778 E0.00504
G1 X68.608 Y83.51 E0.00366
G1 X68.681 Y83.295 E0.00298
G1 X68.832 Y82.875 E0.00585
G1 X69.015 Y82.439 E0.0062
G1 X69.189 Y82.068 E0.00537
G1 X69.292 Y81.857 E0.00308
G1 X69.509 Y81.465 E0.00588
G1 X69.774 Y81.03 E0.00668
G1 X69.778 Y81.028 E0.00006
G1 X69.864 Y80.899 E0.00203
G1 X70.126 Y80.524 E0.006
G1 X70.252 Y80.353 E0.00279
G1 X70.554 Y79.977 E0.00632
G1 X70.822 Y79.677 E0.00527
G1 X70.98 Y79.51 E0.00301
G1 X71.304 Y79.184 E0.00603
G1 X71.466 Y79.033 E0.0029
G1 X71.769 Y78.766 E0.0053
G1 X71.961 Y78.605 E0.00329
G1 X72.143 Y78.462 E0.00304
G1 X72.504 Y78.199 E0.00586
G1 X72.686 Y78.075 E0.00289
G1 X73.064 Y77.836 E0.00586
G1 X73.448 Y77.611 E0.00584
G1 X73.856 Y77.399 E0.00603
G1 X74.275 Y77.207 E0.00604
G1 X74.458 Y77.127 E0.00262
G1 X74.726 Y77.021 E0.00378
G1 X75.084 Y76.891 E0.00499
G1 X75.296 Y76.822 E0.00292
G1 X75.568 Y76.74 E0.00373
G1 X75.946 Y76.642 E0.00512
G1 X76.384 Y76.544 E0.00589
G1 X76.759 Y76.481 E0.00499
G1 X76.827 Y76.467 E0.00091
G1 X77.258 Y76.41 E0.0057
G1 X77.712 Y76.37 E0.00598
G1 X78.152 Y76.354 E0.00577
G1 X78.376 Y76.349 E0.00294
G1 X78.6 Y76.353 E0.00294
G1 X79.05 Y76.37 E0.0059
G1 X79.497 Y76.411 E0.00589
G1 X79.933 Y76.468 E0.00577
G1 X80.373 Y76.546 E0.00586
G1 X80.598 Y76.595 E0.00302
G1 X81.027 Y76.7 E0.00579
G1 X81.167 Y76.739 E0.00191
G1 X81.17 Y76.737 E0.00005
G1 X81.185 Y76.739 E0.0002
G1 X81.661 Y76.893 E0.00656
G1 X81.877 Y76.966 E0.00299
G1 X82.3 Y77.129 E0.00594
G1 X82.509 Y77.219 E0.00298
G1 X82.921 Y77.411 E0.00596
G1 X83.304 Y77.613 E0.00568
G1 X83.499 Y77.721 E0.00292
G1 X83.694 Y77.839 E0.00299
G1 X84.069 Y78.076 E0.00582
G0 F18000 X84.232 Y78.19
G0 X84.627 Y77.614
G0 X82.536 Y76.538
G0 X81.188 Y76.083
G0 X79.565 Y75.777
G0 X78.135 Y75.715
G0 X76.72 Y75.839
G0 X75.11 Y76.214
G0 X74.234 Y76.565
G0 X72.139 Y77.459
G0 X71.839 Y77.022
;TYPE:SKIN
G1 F8400 X68.822 Y80.038 E0.07077
G1 X68.755 Y80.105
G0 F18000 X69.203 Y80.414
G0 X68.51 Y81.596
G0 X68.037 Y81.36
G1 F8400 X73.145 Y76.252 E0.11983
G1 X73.212 Y76.185
G0 F18000 X74.128 Y75.807
G1 F8400 X67.595 Y82.34 E0.15326
G1 X67.528 Y82.407
G0 F18000 X67.309 Y83.164
G1 F8400 X69.843 Y80.629 E0.05946
G1 X69.91 Y80.562
G0 F18000 X69.469 Y80.243
G0 X68.583 Y81.72
G0 X69.051 Y81.959
G1 F8400 X67.105 Y83.905 E0.04565
G0 F18000 X66.959 Y84.588
G1 F8400 X68.637 Y82.91 E0.03937
G1 X68.704 Y82.843
G0 F18000 X68.368 Y83.716
G1 F8400 X66.873 Y85.212 E0.03508
G0 F18000 X66.816 Y85.806
G1 F8400 X68.191 Y84.431 E0.03226
G0 F18000 X68.074 Y85.085
G1 F8400 X66.789 Y86.37 E0.03015
G0 F18000 X66.791 Y86.906
G1 F8400 X68.002 Y85.694 E0.02842
G0 F18000 X67.971 Y86.263
G1 F8400 X66.819 Y87.415 E0.02703
G0 F18000 X66.864 Y87.908
G1 F8400 X67.966 Y86.805 E0.02586
G0 F18000 X67.991 Y87.318
G1 F8400 X66.928 Y88.381 E0.02494
G0 F18000 X67.008 Y88.838
G1 F8400 X68.035 Y87.811 E0.02409
G0 F18000 X68.106 Y88.278
G1 F8400 X67.104 Y89.279 E0.02349
G0 F18000 X67.214 Y89.707
G1 F8400 X68.189 Y88.732 E0.02287
G0 F18000 X68.288 Y89.17
G1 F8400 X67.338 Y90.12 E0.02229
G0 F18000 X67.474 Y90.522
G1 F8400 X68.406 Y89.59 E0.02186
G0 F18000 X68.536 Y89.998
G1 F8400 X67.623 Y90.91 E0.02141
G0 F18000 X67.784 Y91.287
G1 F8400 X68.68 Y90.391 E0.02102
G0 F18000 X68.837 Y90.771
G1 F8400 X67.954 Y91.654 E0.02071
G0 F18000 X68.134 Y92.012
G1 F8400 X69.008 Y91.138 E0.0205
G0 F18000 X69.191 Y91.492
G1 F8400 X68.324 Y92.359 E0.02034
G0 F18000 X68.526 Y92.694
G1 F8400 X69.382 Y91.838 E0.02008
G0 F18000 X69.588 Y92.169
G1 F8400 X68.734 Y93.023 E0.02003
G0 F18000 X68.955 Y93.34
G1 F8400 X69.8 Y92.495 E0.01982
G0 F18000 X70.024 Y92.808
G1 F8400 X69.187 Y93.646 E0.01965
G0 F18000 X69.424 Y93.946
G1 F8400 X70.26 Y93.11 E0.01961
G0 F18000 X70.503 Y93.405
G1 F8400 X69.672 Y94.235 E0.01948
G0 F18000 X69.926 Y94.519
G1 F8400 X70.757 Y93.688 E0.01949
G0 F18000 X71.024 Y93.958
G1 F8400 X70.19 Y94.793 E0.01958
G0 F18000 X70.465 Y95.055
G1 F8400 X71.294 Y94.226 E0.01945
G0 F18000 X71.58 Y94.477
G1 F8400 X70.745 Y95.312 E0.01959
G0 F18000 X71.037 Y95.558
G1 F8400 X71.871 Y94.723 E0.01958
G0 F18000 X72.176 Y94.956
G1 F8400 X71.338 Y95.794 E0.01966
G0 F18000 X71.647 Y96.022
G1 F8400 X72.49 Y95.179 E0.01978
G0 F18000 X72.815 Y95.392
G1 F8400 X71.963 Y96.244 E0.01999
G0 F18000 X72.292 Y96.451
G1 F8400 X73.149 Y95.595 E0.02009
G0 F18000 X73.497 Y95.785
G1 F8400 X72.631 Y96.65 E0.0203
G0 F18000 X72.976 Y96.843
G1 F8400 X73.852 Y95.966 E0.02056
G0 F18000 X74.219 Y96.137
G1 F8400 X73.334 Y97.022 E0.02076
G0 F18000 X73.7 Y97.193
G1 F8400 X74.6 Y96.293 E0.02111
G0 F18000 X74.994 Y96.437
G1 F8400 X74.079 Y97.352 E0.02147
G0 F18000 X74.47 Y97.499
G1 F8400 X75.401 Y96.567 E0.02185
G0 F18000 X75.823 Y96.683
G1 F8400 X74.873 Y97.632 E0.02227
G0 F18000 X75.287 Y97.756
G1 F8400 X76.26 Y96.783 E0.02283
G0 F18000 X76.713 Y96.868
G1 F8400 X75.716 Y97.865 E0.02339
G0 F18000 X76.153 Y97.965
G1 F8400 X77.185 Y96.933 E0.02421
G0 F18000 X77.676 Y96.979
G1 F8400 X76.612 Y98.043 E0.02496
G0 F18000 X77.088 Y98.105
G1 F8400 X78.192 Y97.001 E0.0259
G0 F18000 X78.736 Y96.995
G1 F8400 X77.579 Y98.151 E0.02713
G0 F18000 X78.096 Y98.172
G1 F8400 X79.312 Y96.956 E0.02853
G0 F18000 X79.919 Y96.886
G1 F8400 X78.63 Y98.175 E0.03024
G0 F18000 X79.192 Y98.151
G1 F8400 X80.575 Y96.768 E0.03244
G0 F18000 X81.295 Y96.585
G1 F8400 X79.791 Y98.088 E0.03527
G0 F18000 X80.419 Y97.999
G1 F8400 X82.106 Y96.311 E0.03959
G1 X82.173 Y96.244
G0 F18000 X83.073 Y95.882
G1 F8400 X81.099 Y97.855 E0.0463
G1 X81.032 Y97.922
G0 F18000 X81.845 Y97.647
G1 F8400 X84.432 Y95.06 E0.06069
G1 X84.499 Y94.993
G0 F18000 X84.817 Y95.436
G0 X86.239 Y94.112
G0 X87.289 Y92.831
G0 X88.137 Y91.399
G0 X88.752 Y89.868
G0 X89.092 Y88.478
G0 X89.254 Y86.826
G0 X89.192 Y85.407
G0 X88.945 Y84.005
G0 X88.428 Y82.427
G0 X87.68 Y80.952
G0 X86.714 Y79.601
G0 X85.551 Y78.412
G0 X84.418 Y77.543
G0 X82.763 Y76.635
G0 X81.188 Y76.083
G0 X79.565 Y75.777
G0 X78.135 Y75.715
G0 X76.72 Y75.839
G0 X75.11 Y76.214
G0 X73.859 Y76.716
G0 X72.125 Y77.619
G0 X72.425 Y78.048
G1 F8400 X74.953 Y75.52 E0.05931
G1 X75.02 Y75.453
G0 F18000 X75.69 Y75.32
G1 F8400 X73.745 Y77.265 E0.04563
G1 X73.678 Y77.332
G0 F18000 X73.422 Y76.84
G0 X74.515 Y76.358
G0 X74.699 Y76.848
G1 F8400 X76.373 Y75.174 E0.03927
G0 F18000 X77 Y75.085
G1 F8400 X75.503 Y76.581 E0.03511
G0 F18000 X76.215 Y76.407
G1 F8400 X77.589 Y75.033 E0.03223
G0 F18000 X78.155 Y75.004
G1 F8400 X76.87 Y76.29 E0.03016
G0 F18000 X77.478 Y76.218
G1 F8400 X78.689 Y75.008 E0.0284
G0 F18000 X79.2 Y75.034
G1 F8400 X78.045 Y76.189 E0.0271
G0 F18000 X78.589 Y76.182
G1 F8400 X79.693 Y75.078 E0.0259
G0 F18000 X80.166 Y75.143
G1 F8400 X79.106 Y76.203 E0.02487
G0 F18000 X79.593 Y76.253
G1 F8400 X80.621 Y75.225 E0.02412
G0 F18000 X81.064 Y75.32
G1 F8400 X80.066 Y76.318 E0.02341
G0 F18000 X80.52 Y76.401
G1 F8400 X81.491 Y75.431 E0.02277
G0 F18000 X81.906 Y75.553
G1 F8400 X80.952 Y76.506 E0.02237
G0 F18000 X81.376 Y76.62
G1 F8400 X82.304 Y75.692 E0.02177
G0 F18000 X82.693 Y75.84
G1 F8400 X81.781 Y76.752 E0.0214
G0 F18000 X82.173 Y76.898
G1 F8400 X83.072 Y75.999 E0.02109
G0 F18000 X83.437 Y76.171
G1 F8400 X82.555 Y77.053 E0.02069
G0 F18000 X82.922 Y77.223
G1 F8400 X83.796 Y76.349 E0.0205
G0 F18000 X84.143 Y76.54
G1 F8400 X83.277 Y77.406 E0.02032
G0 F18000 X83.624 Y77.596
G1 F8400 X84.479 Y76.741 E0.02006
G0 F18000 X84.807 Y76.951
G1 F8400 X83.955 Y77.803 E0.01999
G0 F18000 X84.28 Y78.015
G1 F8400 X85.124 Y77.172 E0.01979
G0 F18000 X85.433 Y77.4
G1 F8400 X84.595 Y78.238 E0.01966
G0 F18000 X84.894 Y78.476
G1 F8400 X85.732 Y77.637 E0.01967
G0 F18000 X86.022 Y77.886
G1 F8400 X85.187 Y78.72 E0.01958
G0 F18000 X85.472 Y78.973
G1 F8400 X86.302 Y78.142 E0.01948
G0 F18000 X86.576 Y78.406
G1 F8400 X85.747 Y79.235 E0.01945
G0 F18000 X86.008 Y79.511
G1 F8400 X86.84 Y78.679 E0.01952
G0 F18000 X87.096 Y78.96
G1 F8400 X86.263 Y79.794 E0.01955
G0 F18000 X86.506 Y80.088
G1 F8400 X87.342 Y79.253 E0.0196
G0 F18000 X87.58 Y79.552
G1 F8400 X86.74 Y80.392 E0.01971
G0 F18000 X86.963 Y80.706
G1 F8400 X87.809 Y79.861 E0.01984
G0 F18000 X88.027 Y80.18
G1 F8400 X87.178 Y81.028 E0.01991
G0 F18000 X87.379 Y81.365
G1 F8400 X88.238 Y80.506 E0.02015
G0 F18000 X88.436 Y80.845
G1 F8400 X87.572 Y81.71 E0.02028
G0 F18000 X87.752 Y82.067
G1 F8400 X88.629 Y81.19 E0.02057
G0 F18000 X88.808 Y81.548
G1 F8400 X87.921 Y82.435 E0.02081
G0 F18000 X88.079 Y82.815
G1 F8400 X88.977 Y81.917 E0.02107
G0 F18000 X89.138 Y82.293
G1 F8400 X88.223 Y83.208 E0.02147
G0 F18000 X88.352 Y83.617
G1 F8400 X89.284 Y82.684 E0.02188
G0 F18000 X89.42 Y83.086
G1 F8400 X88.468 Y84.038 E0.02233
G0 F18000 X88.569 Y84.475
G1 F8400 X89.545 Y83.498 E0.02291
G0 F18000 X89.653 Y83.928
G1 F8400 X88.651 Y84.929 E0.02349
G0 F18000 X88.721 Y85.397
G1 F8400 X89.748 Y84.37 E0.02409
G0 F18000 X89.829 Y84.826
G1 F8400 X88.765 Y85.891 E0.02497
G0 F18000 X88.786 Y86.407
G1 F8400 X89.894 Y85.299 E0.02599
G0 F18000 X89.935 Y85.795
G1 F8400 X88.781 Y86.949 E0.02707
G0 F18000 X88.746 Y87.521
G1 F8400 X89.961 Y86.307 E0.02849
G0 F18000 X89.962 Y86.843
G1 F8400 X88.67 Y88.134 E0.0303
G0 F18000 X88.55 Y88.793
G1 F8400 X89.934 Y87.408 E0.03248
G0 F18000 X89.875 Y88.005
G1 F8400 X88.369 Y89.511 E0.03533
G1 X88.302 Y89.578
G0 F18000 X88.093 Y90.324
G1 F8400 X89.779 Y88.638 E0.03955
G0 F18000 X89.641 Y89.314
G1 F8400 X87.668 Y91.287 E0.04629
G1 X87.601 Y91.354
G0 F18000 X88.099 Y91.607
G0 X87.278 Y92.951
G0 X86.848 Y92.644
G1 F8400 X89.428 Y90.064 E0.06053
G1 X89.495 Y89.997
G0 F18000 X89.131 Y90.899
G1 F8400 X82.686 Y97.344 E0.1512
G1 X82.619 Y97.411
G0 F18000 X82.414 Y96.889
G0 X83.424 Y96.433
G0 X83.663 Y96.904
G1 F8400 X88.682 Y91.885 E0.11774
G1 X88.749 Y91.818
G0 F18000 X88.256 Y91.565
G0 X87.427 Y92.95
G0 X87.85 Y93.254
G1 F8400 X85.02 Y96.084 E0.06639
G1 X84.953 Y96.151
G1 F1800 E-3.5
;MESH:Upper-Dielectric-Part.STL
G0 F18000 X84.646 Y95.704
G0 X86.171 Y95.104
G0 X87.164 Y96.158
G0 X97.505 Y101.216
G0 X97.505 Y102.663
G0 X116.09 Y104.864
G0 X116.564 Y105.374
;TYPE:WALL-OUTER
G1 F1800 E3.52079
G1 F600 X116.617 Y105.327 E0.00093
G1 X116.687 Y105.281 E0.0011
G1 X116.781 Y105.243 E0.00133
G1 X116.861 Y105.223 E0.00108
G1 X116.945 Y105.214 E0.00111
G1 X116.981 Y105.214 E0.00047
G1 X117.127 Y104.964 E0.0038
G1 X117.15 Y104.933 E0.00051
G1 X117.259 Y104.872 E0.00164
G1 X117.364 Y104.862 E0.00138
G1 X117.441 Y104.877 E0.00103
G1 X117.511 Y104.931 E0.00116
G1 X117.546 Y104.996 E0.00097
G1 X117.562 Y105.048 E0.00071
G1 X117.57 Y105.102 E0.00072
G1 X117.565 Y105.151 E0.00065
G1 X117.545 Y105.2 E0.00069
G1 X117.395 Y105.455 E0.00388
G1 X117.409 Y105.475 E0.00032
G1 X117.449 Y105.551 E0.00113
G1 X117.466 Y105.598 E0.00066
G1 X117.486 Y105.7 E0.00136
G1 X117.484 Y105.814 E0.0015
G1 X117.467 Y105.9 E0.00115
G1 X117.425 Y106.007 E0.00151
G1 X117.012 Y106.723 E0.01084
G1 X117.004 Y106.742 E0.00027
G1 X116.986 Y106.77 E0.00044
G1 X116.898 Y106.862 E0.00167
G1 X116.822 Y106.912 E0.00119
G1 X116.757 Y106.943 E0.00094
G1 X116.718 Y106.968 E0.00061
G1 X116.682 Y106.979 E0.00049
G1 X116.514 Y106.986 E0.0022
G1 X116.403 Y106.967 E0.00148
G1 X116.322 Y106.938 E0.00113
G1 X116.239 Y106.892 E0.00124
G1 X116.177 Y106.843 E0.00104
G1 X116.095 Y106.757 E0.00156
G1 X116.072 Y106.712 E0.00066
G1 X116.067 Y106.689 E0.00031
G1 X116.055 Y106.667 E0.00033
G1 X116.034 Y106.613 E0.00076
G1 X116.014 Y106.53 E0.00112
G1 X116.01 Y106.488 E0.00055
G1 X116.01 Y106.408 E0.00105
G1 X116.029 Y106.3 E0.00144
G1 X116.043 Y106.256 E0.00061
G1 X116.075 Y106.188 E0.00099
G1 X116.495 Y105.464 E0.01098
G1 X116.538 Y105.404 E0.00097
G1 X116.564 Y105.374 E0.00052
G0 F18000 X116.617 Y105.327
G0 X116.687 Y105.281
G0 X116.728 Y105.265
G0 X116.42 Y104.638
G0 X115.98 Y105.08
G0 X115.412 Y106.126
G0 X115.381 Y106.616
G0 X118.188 Y114.163
G0 X117.486 Y114.216
G1 F600 X117.482 Y114.312 E0.00126
G1 X117.475 Y114.358 E0.00061
G1 X117.455 Y114.426 E0.00093
G1 X117.441 Y114.461 E0.00049
G1 X117.391 Y114.554 E0.00138
G1 X117.375 Y114.575 E0.00035
G1 X117.366 Y114.593 E0.00026
G1 X117.308 Y114.652 E0.00108
G1 X117.205 Y114.717 E0.0016
G1 X117.119 Y114.755 E0.00123
G1 X117.057 Y114.772 E0.00084
G1 X116.973 Y114.781 E0.00111
G1 X116.916 Y114.782 E0.00075
G1 X116.874 Y114.778 E0.00055
G1 X116.802 Y114.762 E0.00097
G1 X116.719 Y114.731 E0.00116
G1 X116.647 Y114.691 E0.00108
G1 X116.577 Y114.635 E0.00118
G1 X116.535 Y114.588 E0.00083
G1 X116.516 Y114.561 E0.00043
G1 X116.076 Y113.813 E0.01138
G1 X116.037 Y113.727 E0.00124
G1 X116.019 Y113.656 E0.00096
G1 X116.013 Y113.603 E0.0007
G1 X116.005 Y113.581 E0.00031
G1 X116.002 Y113.555 E0.00034
G1 X116.003 Y113.518 E0.00049
G1 X116.03 Y113.398 E0.00161
G1 X116.064 Y113.314 E0.00119
G1 X116.105 Y113.24 E0.00111
G1 X116.153 Y113.181 E0.001
G1 X116.231 Y113.107 E0.00141
G1 X116.299 Y113.069 E0.00102
G1 X116.388 Y113.032 E0.00126
G1 X116.501 Y113.01 E0.00151
G1 X116.569 Y113.011 E0.00089
G1 X116.677 Y113.026 E0.00143
G1 X116.756 Y113.051 E0.00109
G1 X116.83 Y113.089 E0.00109
G1 X116.87 Y113.116 E0.00063
G1 X116.935 Y113.174 E0.00114
G1 X117.003 Y113.252 E0.00136
G1 X117.426 Y113.99 E0.01115
G1 X117.466 Y114.085 E0.00135
G1 X117.484 Y114.175 E0.0012
G1 X117.486 Y114.216 E0.00054
G0 F18000 X117.482 Y114.312
G0 X117.475 Y114.358
G0 X117.459 Y114.412
G0 X118.13 Y114.611
G0 X118.074 Y113.872
G0 X117.49 Y112.836
G0 X117.201 Y112.583
G0 X110.608 Y108.781
G0 X110.481 Y109.452
G1 F600 X110.524 Y109.465 E0.00059
G1 X110.661 Y109.525 E0.00196
G1 X110.7 Y109.547 E0.00059
G1 X110.733 Y109.572 E0.00054
G1 X110.797 Y109.631 E0.00114
G1 X110.861 Y109.719 E0.00143
G1 X110.878 Y109.75 E0.00046
G1 X110.923 Y109.862 E0.00158
G1 X110.934 Y109.925 E0.00084
G1 X110.938 Y110.011 E0.00113
G1 X110.928 Y110.109 E0.00129
G1 X110.921 Y110.137 E0.00038
G1 X110.893 Y110.215 E0.00109
G1 X110.862 Y110.28 E0.00094
G1 X110.821 Y110.339 E0.00094
G1 X110.735 Y110.421 E0.00156
G1 X110.688 Y110.455 E0.00076
G1 X110.585 Y110.505 E0.0015
G1 X110.537 Y110.521 E0.00066
G1 X110.502 Y110.529 E0.00047
G1 X110.415 Y110.538 E0.00115
G1 X109.529 Y110.533 E0.01162
G1 X109.473 Y110.525 E0.00074
G1 X109.422 Y110.51 E0.0007
G1 X109.333 Y110.469 E0.00128
G1 X109.293 Y110.446 E0.00061
G1 X109.245 Y110.405 E0.00083
G1 X109.228 Y110.395 E0.00026
G1 X109.199 Y110.368 E0.00052
G1 X109.124 Y110.258 E0.00175
G1 X109.086 Y110.165 E0.00132
G1 X109.063 Y110.083 E0.00112
G1 X109.058 Y109.99 E0.00122
G1 X109.069 Y109.896 E0.00124
G1 X109.092 Y109.809 E0.00118
G1 X109.109 Y109.767 E0.00059
G1 X109.163 Y109.677 E0.00138
G1 X109.189 Y109.645 E0.00054
G1 X109.256 Y109.58 E0.00122
G1 X109.323 Y109.533 E0.00107
G1 X109.41 Y109.492 E0.00126
G1 X109.442 Y109.48 E0.00045
G1 X109.503 Y109.464 E0.00083
G1 X110.422 Y109.462 E0.01205
G1 X110.432 Y109.45 E0.0002
G1 X110.481 Y109.452 E0.00064
G0 F18000 X110.524 Y109.465
G0 X110.661 Y109.525
G0 X110.665 Y109.527
G0 X111.039 Y108.938
G0 X110.505 Y108.823
G0 X109.444 Y108.825
G0 X109.192 Y108.915
G0 X95.405 Y116.77
G0 X95.77 Y117.363
G1 F1500 X95.856 Y117.309 E0.00133
G1 X95.89 Y117.294 E0.00049
G1 X95.997 Y117.263 E0.00146
G1 X96.053 Y117.255 E0.00074
G1 X96.944 Y117.254 E0.01168
G1 X96.991 Y117.259 E0.00062
G1 X97.065 Y117.28 E0.00101
G1 X97.138 Y117.311 E0.00104
G1 X97.162 Y117.317 E0.00032
G1 X97.231 Y117.361 E0.00107
G1 X97.299 Y117.429 E0.00126
G1 X97.357 Y117.508 E0.00129
G1 X97.383 Y117.554 E0.00069
G1 X100.858 Y117.554 E0.04557
G1 X102.602 Y114.539 E0.04567
G1 X102.576 Y114.5 E0.00061
G1 X102.556 Y114.46 E0.00059
G1 X102.519 Y114.352 E0.0015
G1 X102.51 Y114.292 E0.0008
G1 X102.512 Y114.182 E0.00144
G1 X102.526 Y114.104 E0.00104
G1 X102.575 Y113.984 E0.0017
G1 X103.003 Y113.244 E0.01121
G1 X103.067 Y113.163 E0.00135
G1 X103.129 Y113.111 E0.00106
G1 X103.202 Y113.068 E0.00111
G1 X103.267 Y113.042 E0.00092
G1 X103.331 Y113.022 E0.00088
G1 X103.37 Y113.014 E0.00052
G1 X103.444 Y113.01 E0.00097
G1 X103.534 Y113.017 E0.00118
G1 X103.637 Y113.039 E0.00138
G1 X103.673 Y113.056 E0.00052
G1 X103.752 Y113.103 E0.00121
G1 X103.847 Y113.181 E0.00161
G1 X103.871 Y113.207 E0.00046
G1 X103.941 Y113.325 E0.0018
G1 X103.965 Y113.393 E0.00095
G1 X103.996 Y113.521 E0.00173
G1 X103.998 Y113.566 E0.00059
G1 X103.992 Y113.6 E0.00045
G1 X103.983 Y113.627 E0.00037
G1 X103.97 Y113.694 E0.00089
G1 X103.925 Y113.808 E0.00161
G1 X103.513 Y114.521 E0.0108
G1 X103.492 Y114.553 E0.0005
G1 X103.443 Y114.611 E0.001
G1 X103.399 Y114.655 E0.00082
G1 X103.364 Y114.682 E0.00058
G1 X103.291 Y114.726 E0.00112
G1 X103.21 Y114.758 E0.00114
G1 X103.109 Y114.778 E0.00135
G1 X103.019 Y114.781 E0.00118
G1 X101.414 Y117.553 E0.042
G1 X122.618 Y117.545 E0.27804
G1 X122.645 Y117.5 E0.00069
G1 X122.734 Y117.392 E0.00184
G1 X122.766 Y117.364 E0.00056
G1 X122.803 Y117.339 E0.00059
G1 X122.905 Y117.288 E0.0015
G1 X123.04 Y117.257 E0.00182
G1 X123.076 Y117.254 E0.00047
G1 X123.944 Y117.254 E0.01138
G1 X123.991 Y117.259 E0.00062
G1 X124.03 Y117.269 E0.00053
G1 X124.041 Y117.268 E0.00014
G1 X124.094 Y117.286 E0.00073
G1 X124.201 Y117.341 E0.00158
G1 X124.243 Y117.373 E0.00069
G1 X124.307 Y117.437 E0.00119
G1 X124.357 Y117.503 E0.00109
G1 X124.383 Y117.554 E0.00075
G1 X127.082 Y117.554 E0.03539
G1 X127.082 Y102.447 E0.1981
G1 X124.38 Y102.449 E0.03543
G1 X124.34 Y102.517 E0.00103
G1 X124.291 Y102.575 E0.001
G1 X124.236 Y102.625 E0.00097
G1 X124.143 Y102.688 E0.00147
G1 X124.055 Y102.722 E0.00124
G1 X124.02 Y102.732 E0.00048
G1 X123.948 Y102.744 E0.00096
G1 X123.08 Y102.745 E0.01138
G1 X122.99 Y102.736 E0.00119
G1 X122.912 Y102.71 E0.00108
G1 X122.831 Y102.672 E0.00117
G1 X122.8 Y102.654 E0.00047
G1 X122.756 Y102.622 E0.00071
G1 X122.725 Y102.594 E0.00055
G1 X122.651 Y102.507 E0.0015
G1 X122.616 Y102.446 E0.00092
G1 X97.381 Y102.446 E0.3309
G1 X97.359 Y102.49 E0.00065
G1 X97.316 Y102.55 E0.00097
G1 X97.254 Y102.612 E0.00115
G1 X97.172 Y102.674 E0.00135
G1 X97.127 Y102.699 E0.00068
G1 X96.991 Y102.738 E0.00186
G1 X96.94 Y102.745 E0.00068
G1 X96.1 Y102.746 E0.01101
G1 X96.004 Y102.737 E0.00126
G1 X95.929 Y102.719 E0.00101
G1 X95.824 Y102.669 E0.00152
G1 X95.729 Y102.599 E0.00155
G1 X95.693 Y102.563 E0.00067
G1 X95.665 Y102.527 E0.0006
G1 X95.617 Y102.446 E0.00123
G1 X92.914 Y102.446 E0.03544
G1 X92.914 Y117.554 E0.19811
G1 X95.614 Y117.554 E0.0354
G1 X95.64 Y117.506 E0.00072
G1 X95.665 Y117.469 E0.00059
G1 X95.729 Y117.397 E0.00126
G1 X95.77 Y117.363 E0.0007
G0 F18000 X95.856 Y117.309
G0 X95.89 Y117.294
G0 X95.948 Y117.277
G0 X95.715 Y116.617
G0 X102.168 Y104.971
G0 X102.678 Y104.634
G0 X102.94 Y104.603
G0 X103.531 Y104.617
G0 X103.253 Y105.253
G1 F600 X103.329 Y105.292 E0.00112
G1 X103.384 Y105.331 E0.00088
G1 X103.436 Y105.38 E0.00094
G1 X103.505 Y105.469 E0.00148
G1 X103.929 Y106.205 E0.01114
G1 X103.975 Y106.326 E0.0017
G1 X103.991 Y106.422 E0.00128
G1 X103.986 Y106.514 E0.00121
G1 X103.964 Y106.614 E0.00134
G1 X103.947 Y106.656 E0.00059
G1 X103.892 Y106.754 E0.00147
G1 X103.843 Y106.815 E0.00103
G1 X103.797 Y106.86 E0.00084
G1 X103.732 Y106.908 E0.00106
G1 X103.662 Y106.944 E0.00103
G1 X103.589 Y106.969 E0.00101
G1 X103.486 Y106.986 E0.00137
G1 X103.389 Y106.986 E0.00127
G1 X103.293 Y106.967 E0.00128
G1 X103.209 Y106.934 E0.00118
G1 X103.133 Y106.889 E0.00116
G1 X103.094 Y106.856 E0.00067
G1 X103.009 Y106.759 E0.00169
G1 X102.563 Y105.992 E0.01163
G1 X102.53 Y105.904 E0.00123
G1 X102.504 Y105.785 E0.0016
G1 X102.502 Y105.749 E0.00047
G1 X102.508 Y105.703 E0.00061
G1 X102.515 Y105.683 E0.00028
G1 X102.519 Y105.653 E0.0004
G1 X102.539 Y105.573 E0.00108
G1 X102.571 Y105.497 E0.00108
G1 X102.598 Y105.453 E0.00068
G1 X102.653 Y105.389 E0.00111
G1 X102.701 Y105.341 E0.00089
G1 X102.735 Y105.314 E0.00057
G1 X102.767 Y105.294 E0.00049
G1 X102.877 Y105.243 E0.00159
G1 X102.924 Y105.228 E0.00065
G1 X103.004 Y105.218 E0.00106
G1 X103.098 Y105.219 E0.00123
G1 X103.186 Y105.231 E0.00116
G1 X103.253 Y105.253 E0.00092
G0 F18000 X103.329 Y105.292
G0 X103.384 Y105.331
G0 X103.419 Y105.364
G0 X103.884 Y104.84
G0 X103.483 Y104.662
G0 X93.535 Y103.146
G0 X93.535 Y102.617
;TYPE:SKIN
G1 F8400 X93.085 Y103.066 E0.01055
G0 F18000 X93.085 Y103.604
G1 F8400 X94.072 Y102.617 E0.02315
G0 F18000 X94.609 Y102.617
G1 F8400 X93.085 Y104.141 E0.03575
G0 F18000 X93.085 Y104.679
G1 F8400 X95.147 Y102.617 E0.04837
G0 F18000 X95.595 Y102.706
G1 F8400 X93.085 Y105.216 E0.05888
G0 F18000 X93.085 Y105.753
G1 F8400 X95.942 Y102.896 E0.06702
G0 F18000 X96.459 Y102.917
G1 F8400 X93.085 Y106.291 E0.07915
G0 F18000 X93.085 Y106.828
G1 F8400 X97.005 Y102.908 E0.09196
G1 X97.072 Y102.841
G0 F18000 X97.834 Y102.617
G1 F8400 X93.085 Y107.366 E0.11141
G0 F18000 X93.085 Y107.903
G1 F8400 X98.371 Y102.617 E0.12401
G0 F18000 X98.909 Y102.617
G1 F8400 X93.085 Y108.44 E0.13662
G0 F18000 X93.085 Y108.978
G1 F8400 X99.446 Y102.617 E0.14923
G0 F18000 X99.983 Y102.617
G1 F8400 X93.085 Y109.515 E0.16182
G0 F18000 X93.085 Y110.053
G1 F8400 X100.521 Y102.617 E0.17445
G0 F18000 X101.058 Y102.617
G1 F8400 X93.085 Y110.59 E0.18704
G0 F18000 X93.085 Y111.127
G1 F8400 X101.596 Y102.617 E0.19965
G0 F18000 X102.133 Y102.617
G1 F8400 X93.085 Y111.665 E0.21226
G0 F18000 X93.085 Y112.202
G1 F8400 X102.67 Y102.617 E0.22486
G0 F18000 X103.208 Y102.617
G1 F8400 X93.085 Y112.74 E0.23748
G0 F18000 X93.085 Y113.277
G1 F8400 X103.745 Y102.617 E0.25008
G0 F18000 X104.283 Y102.617
G1 F8400 X93.085 Y113.814 E0.26269
G0 F18000 X93.085 Y114.352
G1 F8400 X104.82 Y102.617 E0.2753
G1 X104.887 Y102.55
G0 F18000 X104.887 Y103.146
G0 X102.168 Y104.971
G0 X101.843 Y105.485
G0 X102.349 Y105.625
G1 F8400 X93.085 Y114.889 E0.21733
G0 F18000 X93.085 Y115.427
G1 F8400 X102.422 Y106.09 E0.21904
G0 F18000 X102.619 Y106.43
G1 F8400 X93.085 Y115.964 E0.22366
G0 F18000 X93.085 Y116.501
G1 F8400 X102.816 Y106.77 E0.22829
G0 F18000 X103.072 Y107.052
G1 F8400 X93.085 Y117.039 E0.23429
G0 F18000 X93.279 Y117.383
G1 F8400 X103.505 Y107.156 E0.23991
G1 X103.572 Y107.089
G0 F18000 X103.651 Y107.673
G0 X102.928 Y107.511
G0 X102.514 Y107.178
G0 X101.922 Y106.109
G0 X101.885 Y105.557
G0 X102.035 Y105.149
G0 X102.387 Y104.806
G0 X102.801 Y104.543
G0 X102.917 Y105.057
G1 F8400 X105.357 Y102.617 E0.05724
G0 F18000 X105.895 Y102.617
G1 F8400 X103.383 Y105.129 E0.05893
G0 F18000 X103.659 Y105.39
G1 F8400 X106.432 Y102.617 E0.06505
G0 F18000 X106.97 Y102.617
G1 F8400 X103.856 Y105.731 E0.07305
G0 F18000 X104.051 Y106.072
G1 F8400 X107.507 Y102.617 E0.08106
G0 F18000 X108.045 Y102.617
G1 F8400 X104.157 Y106.504 E0.0912
G1 X104.09 Y106.571
G0 F18000 X104.659 Y106.716
G0 X108.582 Y103.146
G0 X108.582 Y102.617
G1 F8400 X93.816 Y117.383 E0.34641
G0 F18000 X94.354 Y117.383
G1 F8400 X109.119 Y102.617 E0.34639
G0 F18000 X109.657 Y102.617
G1 F8400 X94.891 Y117.383 E0.34641
G0 F18000 X95.428 Y117.383
G1 F8400 X110.194 Y102.617 E0.34641
G0 F18000 X110.732 Y102.617
G1 F8400 X96.265 Y117.083 E0.33938
G0 F18000 X96.802 Y117.083
G1 F8400 X111.269 Y102.617 E0.33938
G0 F18000 X111.806 Y102.617
G1 F8400 X97.248 Y117.175 E0.34153
G0 F18000 X97.577 Y117.383
G1 F8400 X112.344 Y102.617 E0.34642
G0 F18000 X112.881 Y102.617
G1 F8400 X98.115 Y117.383 E0.34641
G0 F18000 X98.652 Y117.383
G1 F8400 X102.826 Y113.209 E0.09792
G0 F18000 X103.115 Y112.92
G1 F8400 X113.419 Y102.617 E0.24172
G0 F18000 X113.956 Y102.617
G1 F8400 X103.695 Y112.878 E0.24072
G0 F18000 X104.009 Y113.101
G1 F8400 X114.493 Y102.617 E0.24595
G0 F18000 X115.031 Y102.617
G1 F8400 X104.164 Y113.484 E0.25494
G1 X104.097 Y113.551
G0 F18000 X103.774 Y114.411
G1 F8400 X115.568 Y102.617 E0.27668
G1 X115.635 Y102.55
G0 F18000 X115.635 Y103.146
G0 X102.574 Y112.759
G0 X102.039 Y113.695
G0 X101.811 Y114.248
G0 X102.339 Y114.234
G1 F8400 X99.189 Y117.383 E0.07389
G0 F18000 X99.727 Y117.383
G1 F8400 X102.172 Y114.938 E0.05736
G1 X102.239 Y114.871
G0 F18000 X101.763 Y114.595
G0 X100.98 Y115.95
G0 X101.434 Y116.213
G1 F8400 X100.264 Y117.383 E0.02745
G1 X100.197 Y117.45
G0 F18000 X100.197 Y116.854
G0 X102.574 Y112.759
G0 X103.037 Y112.445
G0 X103.631 Y112.38
G0 X104.104 Y112.566
G0 X104.452 Y112.927
G0 X104.619 Y113.383
G0 X104.581 Y113.896
G0 X103.977 Y114.937
G0 X103.415 Y115.49
G0 X102.959 Y115.226
G1 F8400 X103.268 Y114.917 E0.00725
G0 F18000 X103.447 Y115.415
G0 X102.677 Y116.768
G0 X102.219 Y116.503
G1 F8400 X108.917 Y109.805 E0.15713
G0 F18000 X108.957 Y110.302
G1 F8400 X101.889 Y117.371 E0.16582
G0 F18000 X102.415 Y117.382
G1 F8400 X109.206 Y110.592 E0.1593
G0 F18000 X109.628 Y110.707
G1 F8400 X102.953 Y117.382 E0.15659
G0 F18000 X103.49 Y117.382
G1 F8400 X110.164 Y110.708 E0.15657
G1 X110.231 Y110.641
G0 F18000 X110.229 Y111.239
G0 X109.237 Y111.127
G0 X108.719 Y110.789
G0 X108.476 Y110.361
G0 X108.443 Y109.749
G0 X108.687 Y109.249
G0 X109.286 Y108.802
G0 X109.41 Y109.312
G1 F8400 X116.106 Y102.617 E0.15707
G0 F18000 X116.643 Y102.617
G1 F8400 X109.969 Y109.291 E0.15657
G0 F18000 X110.513 Y109.284
G1 F8400 X117.18 Y102.617 E0.15641
G0 F18000 X117.718 Y102.617
G1 F8400 X110.868 Y109.466 E0.16069
G0 F18000 X111.081 Y109.791
G1 F8400 X118.255 Y102.617 E0.1683
G0 F18000 X118.793 Y102.617
G1 F8400 X104.028 Y117.381 E0.34637
G0 F18000 X104.566 Y117.381
G1 F8400 X116.042 Y105.905 E0.26922
G0 F18000 X115.861 Y106.623
G1 F8400 X105.103 Y117.381 E0.25238
G0 F18000 X105.64 Y117.381
G1 F8400 X116.057 Y106.964 E0.24438
G0 F18000 X116.418 Y107.141
G1 F8400 X106.178 Y117.38 E0.24022
G1 X106.111 Y117.447
G0 F18000 X106.111 Y116.854
G0 X115.495 Y105.919
G0 X116.087 Y104.95
G0 X116.715 Y104.359
G0 X117.18 Y104.178
G0 X117.245 Y104.702
G1 F8400 X119.33 Y102.617 E0.04891
G0 F18000 X119.867 Y102.617
G1 F8400 X117.649 Y104.835 E0.05203
G0 F18000 X117.632 Y105.389
G1 F8400 X120.405 Y102.617 E0.06504
G0 F18000 X120.942 Y102.617
G1 F8400 X117.636 Y105.922 E0.07755
G1 X117.569 Y105.989
G0 F18000 X118.104 Y106.201
G0 X121.48 Y103.146
G0 X121.48 Y102.617
G1 F8400 X106.716 Y117.38 E0.34635
G0 F18000 X107.253 Y117.38
G1 F8400 X122.017 Y102.617 E0.34635
G0 F18000 X122.534 Y102.637
G1 F8400 X107.791 Y117.38 E0.34587
G0 F18000 X108.329 Y117.38
G1 F8400 X122.843 Y102.866 E0.34049
G0 F18000 X123.331 Y102.915
G1 F8400 X108.866 Y117.38 E0.33934
G0 F18000 X109.404 Y117.38
G1 F8400 X123.867 Y102.917 E0.3393
G1 X123.934 Y102.85
G0 F18000 X124.7 Y102.62
G1 F8400 X109.941 Y117.38 E0.34625
G0 F18000 X110.479 Y117.379
G1 F8400 X125.238 Y102.62 E0.34624
G0 F18000 X125.776 Y102.62
G1 F8400 X111.016 Y117.379 E0.34625
G0 F18000 X111.554 Y117.379
G1 F8400 X126.314 Y102.619 E0.34626
G0 F18000 X126.851 Y102.619
G1 F8400 X116.625 Y112.845 E0.2399
G0 F18000 X117.002 Y113.006
G1 F8400 X126.911 Y103.097 E0.23246
G0 F18000 X126.911 Y103.634
G1 F8400 X117.234 Y113.311 E0.22702
G0 F18000 X117.43 Y113.653
G1 F8400 X126.911 Y104.172 E0.22242
G0 F18000 X126.911 Y104.709
G1 F8400 X117.625 Y113.995 E0.21785
G0 F18000 X117.56 Y114.597
G1 F8400 X126.911 Y105.246 E0.21937
G1 X126.978 Y105.179
G0 F18000 X126.384 Y105.179
G0 X115.669 Y112.764
G0 X115.462 Y113.14
G0 X115.322 Y113.708
G0 X115.842 Y113.629
G1 F8400 X112.091 Y117.379 E0.08799
G0 F18000 X112.629 Y117.378
G1 F8400 X115.995 Y114.013 E0.07895
G0 F18000 X116.194 Y114.351
G1 F8400 X113.167 Y117.378 E0.07101
G0 F18000 X113.704 Y117.378
G1 F8400 X116.395 Y114.687 E0.06313
G0 F18000 X116.71 Y114.91
G1 F8400 X114.242 Y117.378 E0.0579
G0 F18000 X114.78 Y117.378
G1 F8400 X117.298 Y114.859 E0.05908
G1 X117.365 Y114.792
G0 F18000 X117.677 Y115.247
G0 X115.317 Y116.854
G0 X115.317 Y117.378
G1 F8400 X126.911 Y105.784 E0.27199
G0 F18000 X126.911 Y106.321
G1 F8400 X115.854 Y117.378 E0.25939
G0 F18000 X116.393 Y117.377
G1 F8400 X126.911 Y106.859 E0.24675
G0 F18000 X126.911 Y107.396
G1 F8400 X116.93 Y117.377 E0.23415
G0 F18000 X117.467 Y117.377
G1 F8400 X126.911 Y107.933 E0.22155
G0 F18000 X126.911 Y108.471
G1 F8400 X118.005 Y117.377 E0.20893
G0 F18000 X118.543 Y117.376
G1 F8400 X126.911 Y109.008 E0.19631
G0 F18000 X126.911 Y109.546
G1 F8400 X119.08 Y117.376 E0.1837
G0 F18000 X119.618 Y117.376
G1 F8400 X126.911 Y110.083 E0.17109
G0 F18000 X126.911 Y110.62
G1 F8400 X120.155 Y117.376 E0.15849
G0 F18000 X120.693 Y117.375
G1 F8400 X126.911 Y111.158 E0.14586
G0 F18000 X126.911 Y111.695
G1 F8400 X121.231 Y117.375 E0.13325
G0 F18000 X121.768 Y117.375
G1 F8400 X126.911 Y112.233 E0.12064
G0 F18000 X126.911 Y112.77
G1 F8400 X122.305 Y117.375 E0.10804
G1 X122.238 Y117.442
G0 F18000 X123.135 Y117.083
G1 F8400 X126.911 Y113.307 E0.08858
G0 F18000 X126.911 Y113.845
G1 F8400 X123.672 Y117.083 E0.07597
G0 F18000 X124.162 Y117.131
G1 F8400 X126.911 Y114.382 E0.06449
G0 F18000 X126.911 Y114.92
G1 F8400 X124.472 Y117.359 E0.05722
G0 F18000 X124.985 Y117.383
G1 F8400 X126.911 Y115.457 E0.04518
G0 F18000 X126.911 Y115.995
G1 F8400 X125.522 Y117.383 E0.03257
G0 F18000 X126.059 Y117.383
G1 F8400 X126.911 Y116.532 E0.01998
G0 F18000 X126.911 Y117.069
G1 F8400 X126.597 Y117.383 E0.00737
G0 F18000 X126.104 Y116.686
G1 F1800 E-3.5
;MESH:NONMESH
G0 F1200 X126.104 Y116.686 Z0.5
G0 F18000 X110.635 Y109.254
G0 X103.104 Y107.149
G0 X93.13 Y102.66
G0 X91.686 Y102.66
G0 X81.464 Y99.209
G0 X80.871 Y97.86
G0 X78.611 Y97.65
G0 X78.649 Y98.346
;TIME_ELAPSED:102.439806
;LAYER:2
;TYPE:WALL-OUTER
;MESH:01_Prime_Insulator.STL
G1 F1800 E3.52079
G1 F1500 X78.3 Y98.35 E0.00458
G1 X77.884 Y98.338 E0.00546
G1 X77.519 Y98.318 E0.00479
G1 X77.105 Y98.28 E0.00545
G1 X76.716 Y98.233 E0.00514
G1 X76.349 Y98.174 E0.00487
G1 X75.865 Y98.078 E0.00647
G1 X75.513 Y97.995 E0.00474
G1 X75.249 Y97.926 E0.00358
G1 X74.813 Y97.798 E0.00596
G1 X74.267 Y97.61 E0.00757
G1 X73.874 Y97.454 E0.00554
G1 X73.637 Y97.351 E0.00339
G1 X73.207 Y97.154 E0.0062
G1 X72.875 Y96.984 E0.00489
G1 X72.644 Y96.857 E0.00346
G1 X72.274 Y96.645 E0.00559
G1 X71.856 Y96.379 E0.0065
G1 X71.63 Y96.225 E0.00359
G1 X71.431 Y96.078 E0.00324
G1 X71.024 Y95.769 E0.0067
G1 X70.62 Y95.429 E0.00692
G1 X70.438 Y95.264 E0.00322
G1 X70.086 Y94.933 E0.00634
G1 X69.714 Y94.545 E0.00705
G1 X69.359 Y94.139 E0.00707
G1 X69.201 Y93.943 E0.0033
G1 X68.898 Y93.553 E0.00648
G1 X68.754 Y93.354 E0.00322
G1 X68.599 Y93.129 E0.00358
G1 X68.463 Y92.919 E0.00328
G1 X68.205 Y92.495 E0.00651
G1 X68.065 Y92.249 E0.00371
G1 X67.96 Y92.052 E0.00293
G1 X67.722 Y91.571 E0.00704
G1 X67.619 Y91.34 E0.00332
G1 X67.442 Y90.92 E0.00598
G1 X67.323 Y90.612 E0.00433
G1 X67.162 Y90.134 E0.00661
G1 X67.086 Y89.889 E0.00336
G1 X67.005 Y89.596 E0.00399
G1 X67.008 Y89.594 E0.00005
G1 X66.897 Y89.147 E0.00604
G1 X66.791 Y88.63 E0.00692
G1 X66.761 Y88.436 E0.00257
G1 X66.691 Y87.915 E0.00689
G1 X66.662 Y87.621 E0.00387
G1 X66.628 Y87.139 E0.00634
G1 X66.618 Y86.871 E0.00352
G1 X66.615 Y86.517 E0.00464
G1 X66.63 Y86 E0.00678
G1 X66.646 Y85.735 E0.00348
G1 X66.685 Y85.313 E0.00556
G1 X66.736 Y84.921 E0.00518
G1 X66.792 Y84.55 E0.00492
G1 X66.911 Y83.973 E0.00773
G1 X67.016 Y83.549 E0.00573
G1 X67.107 Y83.227 E0.00439
G1 X67.276 Y82.7 E0.00726
G1 X67.354 Y82.484 E0.00301
G1 X67.601 Y81.885 E0.0085
G1 X67.711 Y81.633 E0.00361
G1 X67.865 Y81.316 E0.00462
G1 X68.106 Y80.857 E0.0068
G1 X68.32 Y80.496 E0.0055
G1 X68.452 Y80.283 E0.00329
G1 X68.591 Y80.07 E0.00334
G1 X68.873 Y79.667 E0.00645
G1 X69.043 Y79.432 E0.0038
G1 X69.403 Y78.991 E0.00746
G1 X69.68 Y78.673 E0.00553
G1 X69.879 Y78.463 E0.00379
G1 X70.058 Y78.28 E0.00336
G1 X70.222 Y78.118 E0.00302
G1 X70.428 Y77.925 E0.0037
G1 X70.612 Y77.76 E0.00324
G1 X70.974 Y77.455 E0.00621
G1 X71.203 Y77.273 E0.00384
G1 X71.41 Y77.114 E0.00342
G1 X71.818 Y76.827 E0.00654
G1 X72.265 Y76.542 E0.00695
G1 X72.489 Y76.409 E0.00342
G1 X72.915 Y76.173 E0.00639
G1 X73.38 Y75.946 E0.00679
G1 X73.65 Y75.821 E0.0039
G1 X74.065 Y75.648 E0.0059
G1 X74.34 Y75.544 E0.00386
G1 X74.794 Y75.391 E0.00628
G1 X75.069 Y75.304 E0.00378
G1 X75.521 Y75.183 E0.00614
G1 X75.816 Y75.113 E0.00398
G1 X76.316 Y75.011 E0.00669
G1 X76.782 Y74.939 E0.00618
G1 X77.065 Y74.904 E0.00374
G1 X77.348 Y74.878 E0.00373
G1 X77.854 Y74.842 E0.00665
G1 X78.098 Y74.834 E0.0032
G1 X78.452 Y74.831 E0.00464
G1 X78.876 Y74.842 E0.00556
G1 X79.229 Y74.862 E0.00464
G1 X79.647 Y74.901 E0.0055
G1 X80.036 Y74.947 E0.00514
G1 X80.401 Y75.006 E0.00485
G1 X80.999 Y75.128 E0.008
G1 X81.263 Y75.191 E0.00356
G1 X81.724 Y75.317 E0.00627
G1 X81.939 Y75.382 E0.00295
G1 X82.23 Y75.48 E0.00403
G1 X82.734 Y75.671 E0.00707
G1 X83.075 Y75.81 E0.00483
G1 X83.336 Y75.927 E0.00375
G1 X83.886 Y76.2 E0.00805
G1 X84.104 Y76.323 E0.00328
G1 X84.683 Y76.664 E0.00881
G1 X84.887 Y76.799 E0.00321
G1 X85.299 Y77.086 E0.00658
G1 X85.529 Y77.257 E0.00376
G1 X85.732 Y77.416 E0.00338
G1 X85.918 Y77.569 E0.00316
G1 X86.121 Y77.743 E0.00351
G1 X86.31 Y77.913 E0.00333
G1 X86.664 Y78.251 E0.00642
G1 X86.859 Y78.447 E0.00363
G1 X87.211 Y78.828 E0.0068
G1 X87.542 Y79.225 E0.00678
G1 X87.7 Y79.426 E0.00335
G1 X87.854 Y79.63 E0.00335
G1 X87.989 Y79.818 E0.00303
G1 X88.295 Y80.27 E0.00716
G1 X88.426 Y80.486 E0.00331
G1 X88.681 Y80.923 E0.00663
G1 X88.803 Y81.152 E0.0034
G1 X88.92 Y81.384 E0.00341
G1 X89.031 Y81.616 E0.00337
G1 X89.234 Y82.075 E0.00658
G1 X89.311 Y82.264 E0.00268
G1 X89.422 Y82.561 E0.00416
G1 X89.571 Y82.99 E0.00596
G1 X89.67 Y83.315 E0.00445
G1 X89.674 Y83.317 E0.00006
G1 X89.733 Y83.535 E0.00296
G1 X89.843 Y83.982 E0.00604
G1 X89.904 Y84.274 E0.00391
G1 X89.955 Y84.538 E0.00353
G1 X89.995 Y84.777 E0.00318
G1 X90.032 Y85.039 E0.00347
G1 X90.03 Y85.042 E0.00005
G1 X90.065 Y85.293 E0.00332
G1 X90.09 Y85.564 E0.00357
G1 X90.125 Y86.049 E0.00638
G1 X90.134 Y86.343 E0.00386
G1 X90.134 Y86.671 E0.0043
G1 X90.126 Y87.099 E0.00561
G1 X90.066 Y87.867 E0.0101
G1 X90.016 Y88.257 E0.00516
G1 X89.955 Y88.655 E0.00528
G1 X89.86 Y89.119 E0.00621
G1 X89.778 Y89.463 E0.00464
G1 X89.649 Y89.938 E0.00645
G1 X89.508 Y90.384 E0.00613
G1 X89.504 Y90.386 E0.00006
G1 X89.409 Y90.654 E0.00373
G1 X89.411 Y90.657 E0.00005
G1 X89.238 Y91.1 E0.00624
G1 X89.233 Y91.103 E0.00008
G1 X89.145 Y91.31 E0.00295
G1 X88.919 Y91.797 E0.00704
G1 X88.768 Y92.093 E0.00436
G1 X88.645 Y92.316 E0.00334
G1 X88.431 Y92.685 E0.00559
G1 X88.303 Y92.896 E0.00324
G1 X88.172 Y93.094 E0.00311
G1 X87.872 Y93.523 E0.00686
G1 X87.724 Y93.726 E0.00329
G1 X87.411 Y94.118 E0.00658
G1 X87.027 Y94.559 E0.00767
G1 X86.674 Y94.923 E0.00665
G1 X86.514 Y95.082 E0.00296
G1 X86.137 Y95.427 E0.0067
G1 X85.948 Y95.589 E0.00326
G1 X85.943 Y95.59 E0.00007
G1 X85.739 Y95.758 E0.00347
G1 X85.353 Y96.058 E0.00641
G1 X84.933 Y96.354 E0.00674
G1 X84.509 Y96.625 E0.0066
G1 X84.262 Y96.772 E0.00377
G1 X84.059 Y96.886 E0.00305
G1 X83.809 Y97.02 E0.00372
G1 X83.61 Y97.122 E0.00293
G1 X83.137 Y97.343 E0.00685
G1 X82.88 Y97.453 E0.00367
G1 X82.666 Y97.538 E0.00302
G1 X82.407 Y97.636 E0.00363
G1 X81.92 Y97.804 E0.00676
G1 X81.694 Y97.873 E0.0031
G1 X81.186 Y98.011 E0.0069
G1 X80.656 Y98.128 E0.00712
G1 X80.415 Y98.172 E0.00321
G1 X79.924 Y98.245 E0.00651
G1 X79.671 Y98.277 E0.00334
G1 X79.409 Y98.305 E0.00346
G1 X79.174 Y98.324 E0.00309
G1 X78.897 Y98.338 E0.00364
G1 X78.649 Y98.346 E0.00325
G0 F18000 X78.849 Y98.34
G0 X78.827 Y97.642
G0 X78.615 Y97.529
G0 X78.592 Y96.83
G1 F1500 X78.819 Y96.822 E0.00298
G1 X79.043 Y96.81 E0.00294
G1 X79.49 Y96.769 E0.00589
G1 X79.706 Y96.745 E0.00285
G1 X79.932 Y96.712 E0.00299
G1 X80.369 Y96.636 E0.00582
G1 X80.59 Y96.59 E0.00296
G1 X81.022 Y96.485 E0.00583
G1 X81.24 Y96.423 E0.00297
G1 X81.665 Y96.29 E0.00584
G1 X82.025 Y96.159 E0.00502
G1 X82.294 Y96.053 E0.00379
G1 X82.5 Y95.963 E0.00295
G1 X82.904 Y95.777 E0.00583
G1 X83.301 Y95.569 E0.00588
G1 X83.688 Y95.345 E0.00586
G1 X84.066 Y95.105 E0.00587
G1 X84.256 Y94.976 E0.00301
G1 X84.431 Y94.851 E0.00282
G1 X84.611 Y94.715 E0.00296
G1 X84.956 Y94.436 E0.00582
G1 X85.334 Y94.103 E0.00661
G1 X85.613 Y93.833 E0.00509
G1 X85.918 Y93.515 E0.00578
G1 X86.068 Y93.353 E0.0029
G1 X86.222 Y93.171 E0.00313
G1 X86.5 Y92.828 E0.00579
G1 X86.633 Y92.65 E0.00291
G1 X86.755 Y92.479 E0.00275
G1 X86.92 Y92.239 E0.00382
G1 X86.918 Y92.236 E0.00005
G1 X86.983 Y92.137 E0.00155
G1 X87.242 Y91.716 E0.00648
G1 X87.347 Y91.529 E0.00281
G1 X87.564 Y91.117 E0.00611
G1 X87.745 Y90.724 E0.00567
G1 X87.917 Y90.308 E0.0059
G1 X88.071 Y89.886 E0.00589
G1 X88.206 Y89.457 E0.0059
G1 X88.324 Y89.031 E0.0058
G1 X88.418 Y88.593 E0.00587
G1 X88.496 Y88.149 E0.00591
G1 X88.528 Y87.928 E0.00293
G1 X88.578 Y87.49 E0.00578
G1 X88.606 Y87.039 E0.00593
G1 X88.615 Y86.812 E0.00298
G1 X88.614 Y86.368 E0.00582
G1 X88.606 Y86.141 E0.00298
G1 X88.594 Y85.921 E0.00289
G1 X88.558 Y85.472 E0.00591
G1 X88.533 Y85.272 E0.00264
G1 X88.496 Y85.035 E0.00315
G1 X88.42 Y84.595 E0.00586
G1 X88.326 Y84.163 E0.0058
G1 X88.208 Y83.729 E0.0059
G1 X88.073 Y83.3 E0.0059
G1 X87.943 Y82.939 E0.00503
G1 X87.837 Y82.673 E0.00375
G1 X87.751 Y82.47 E0.00289
G1 X87.56 Y82.063 E0.0059
G1 X87.353 Y81.661 E0.00593
G1 X87.128 Y81.276 E0.00585
G1 X86.977 Y81.029 E0.0038
G1 X86.973 Y81.027 E0.00006
G1 X86.758 Y80.709 E0.00503
G1 X86.505 Y80.357 E0.00568
G1 X86.224 Y80.012 E0.00583
G1 X86.077 Y79.84 E0.00297
G1 X85.776 Y79.511 E0.00585
G1 X85.621 Y79.351 E0.00292
G1 X85.34 Y79.082 E0.0051
G1 X84.962 Y78.749 E0.00661
G1 X84.61 Y78.466 E0.00592
G1 X84.436 Y78.333 E0.00287
G1 X84.069 Y78.076 E0.00588
G1 X83.694 Y77.839 E0.00582
G1 X83.499 Y77.721 E0.00299
G1 X83.365 Y77.646 E0.00201
G1 X82.921 Y77.411 E0.00659
G1 X82.509 Y77.219 E0.00596
G1 X82.3 Y77.129 E0.00298
G1 X81.877 Y76.966 E0.00594
G1 X81.658 Y76.892 E0.00303
G1 X81.171 Y76.737 E0.0067
G1 X81.168 Y76.739 E0.00005
G1 X81.027 Y76.7 E0.00192
G1 X80.598 Y76.595 E0.00579
G1 X80.373 Y76.546 E0.00302
G1 X79.934 Y76.468 E0.00585
G1 X79.497 Y76.411 E0.00578
G1 X79.05 Y76.37 E0.00589
G1 X78.599 Y76.354 E0.00592
G1 X78.38 Y76.35 E0.00287
G1 X78.152 Y76.354 E0.00299
G1 X77.712 Y76.37 E0.00577
G1 X77.258 Y76.41 E0.00598
G1 X76.827 Y76.467 E0.0057
G1 X76.759 Y76.481 E0.00091
G1 X76.384 Y76.544 E0.00499
G1 X75.946 Y76.642 E0.00589
G1 X75.568 Y76.74 E0.00512
G1 X75.296 Y76.822 E0.00373
G1 X75.084 Y76.891 E0.00292
G1 X74.726 Y77.021 E0.00499
G1 X74.458 Y77.127 E0.00378
G1 X74.275 Y77.207 E0.00262
G1 X73.856 Y77.399 E0.00604
G1 X73.448 Y77.611 E0.00603
G1 X73.064 Y77.836 E0.00584
G1 X72.686 Y78.075 E0.00586
G1 X72.504 Y78.199 E0.00289
G1 X72.143 Y78.462 E0.00586
G1 X71.961 Y78.605 E0.00304
G1 X71.769 Y78.766 E0.00329
G1 X71.466 Y79.033 E0.0053
G1 X71.304 Y79.184 E0.0029
G1 X70.98 Y79.51 E0.00603
G1 X70.822 Y79.677 E0.00301
G1 X70.554 Y79.977 E0.00527
G1 X70.252 Y80.353 E0.00632
G1 X70.126 Y80.524 E0.00279
G1 X69.864 Y80.899 E0.006
G1 X69.778 Y81.028 E0.00203
G1 X69.774 Y81.03 E0.00006
G1 X69.509 Y81.465 E0.00668
G1 X69.293 Y81.857 E0.00587
G1 X69.229 Y81.985 E0.00188
G1 X69.015 Y82.439 E0.00658
G1 X68.832 Y82.875 E0.0062
G1 X68.681 Y83.295 E0.00585
G1 X68.608 Y83.51 E0.00298
G1 X68.529 Y83.778 E0.00366
G1 X68.432 Y84.152 E0.00507
G1 X68.379 Y84.371 E0.00295
G1 X68.333 Y84.599 E0.00305
G1 X68.253 Y85.033 E0.00579
G1 X68.194 Y85.493 E0.00608
G1 X68.174 Y85.698 E0.0027
G1 X68.146 Y86.139 E0.00579
G1 X68.134 Y86.588 E0.00589
G1 X68.138 Y86.816 E0.00299
G1 X68.146 Y87.038 E0.00291
G1 X68.174 Y87.477 E0.00577
G1 X68.194 Y87.709 E0.00305
G1 X68.255 Y88.147 E0.0058
G1 X68.332 Y88.585 E0.00583
G1 X68.426 Y89.021 E0.00585
G1 X68.528 Y89.399 E0.00513
G1 X68.674 Y89.876 E0.00654
G1 X68.805 Y90.241 E0.00509
G1 X68.911 Y90.507 E0.00375
G1 X68.997 Y90.707 E0.00285
G1 X69.187 Y91.117 E0.00593
G1 X69.291 Y91.316 E0.00294
G1 X69.505 Y91.708 E0.00586
G1 X69.62 Y91.902 E0.00296
G1 X69.981 Y92.458 E0.00869
G1 X70.251 Y92.828 E0.00601
G1 X70.669 Y93.338 E0.00865
G1 X70.693 Y93.361 E0.00044
G1 X70.785 Y93.464 E0.00181
G1 X70.783 Y93.466 E0.00004
G1 X70.966 Y93.66 E0.0035
G1 X71.293 Y93.987 E0.00606
G1 X71.461 Y94.146 E0.00303
G1 X71.767 Y94.412 E0.00532
G1 X71.949 Y94.566 E0.00313
G1 X72.139 Y94.714 E0.00316
G1 X72.489 Y94.971 E0.00569
G1 X72.681 Y95.102 E0.00305
G1 X73.053 Y95.34 E0.00579
G1 X73.379 Y95.53 E0.00495
G1 X73.847 Y95.777 E0.00694
G1 X74.223 Y95.953 E0.00544
G1 X74.439 Y96.046 E0.00308
G1 X74.657 Y96.133 E0.00308
G1 X75.078 Y96.287 E0.00588
G1 X75.513 Y96.422 E0.00597
G1 X75.914 Y96.529 E0.00544
G1 X76.16 Y96.589 E0.00332
G1 X76.382 Y96.635 E0.00297
G1 X76.814 Y96.711 E0.00575
G1 X77.04 Y96.744 E0.00299
G1 X77.259 Y96.769 E0.00289
G1 X77.702 Y96.81 E0.00583
G1 X78.148 Y96.83 E0.00585
G1 X78.592 Y96.83 E0.00582
G0 F18000 X78.392 Y96.83
G0 X78.397 Y97.532
G0 X80.733 Y97.214
G0 X82.319 Y96.732
G0 X83.615 Y96.127
G0 X85.001 Y95.223
G0 X86.239 Y94.112
G0 X87.289 Y92.831
G0 X88.137 Y91.399
G0 X88.752 Y89.868
G0 X89.092 Y88.478
G0 X89.254 Y86.826
G0 X89.192 Y85.407
G0 X88.945 Y84.005
G0 X88.428 Y82.427
G0 X87.051 Y79.73
G0 X87.466 Y79.405
;TYPE:SKIN
G1 F8400 X85.564 Y77.503 E0.04462
G1 X85.497 Y77.436
G0 F18000 X85.164 Y77.86
G0 X83.711 Y76.902
G0 X83.963 Y76.44
G1 F8400 X88.535 Y81.012 E0.10726
G1 X88.602 Y81.079
G0 F18000 X88.11 Y81.338
G0 X88.551 Y82.255
G0 X89.035 Y82.048
G1 F8400 X82.915 Y75.929 E0.14356
G1 X82.848 Y75.862
G0 F18000 X82.048 Y75.6
G1 F8400 X85.047 Y78.598 E0.07034
G1 X85.114 Y78.665
G0 F18000 X85.462 Y78.259
G0 X83.617 Y76.991
G0 X83.363 Y77.452
G1 F8400 X81.286 Y75.375 E0.04873
G0 F18000 X80.595 Y75.221
G1 F8400 X82.331 Y76.957 E0.04073
G1 X82.398 Y77.024
G0 F18000 X81.498 Y76.662
G1 F8400 X79.946 Y75.11 E0.03641
G0 F18000 X79.347 Y75.047
G1 F8400 X80.756 Y76.457 E0.03307
G0 F18000 X80.083 Y76.321
G1 F8400 X78.773 Y75.011 E0.03073
G0 F18000 X78.229 Y75.004
G1 F8400 X79.461 Y76.237 E0.02891
G0 F18000 X78.88 Y76.193
G1 F8400 X77.711 Y75.024 E0.02742
G0 F18000 X77.213 Y75.063
G1 F8400 X78.33 Y76.18 E0.0262
G0 F18000 X77.807 Y76.195
G1 F8400 X76.732 Y75.12 E0.02522
G0 F18000 X76.269 Y75.194
G1 F8400 X77.309 Y76.234 E0.0244
G0 F18000 X76.831 Y76.294
G1 F8400 X75.825 Y75.288 E0.0236
G0 F18000 X75.395 Y75.395
G1 F8400 X76.373 Y76.373 E0.02294
G0 F18000 X75.932 Y76.469
G1 F8400 X74.975 Y75.513 E0.02244
G0 F18000 X74.572 Y75.647
G1 F8400 X75.506 Y76.58 E0.0219
G0 F18000 X75.095 Y76.707
G1 F8400 X74.177 Y75.789 E0.02154
G0 F18000 X73.796 Y75.945
G1 F8400 X74.699 Y76.848 E0.02118
G0 F18000 X74.316 Y77.003
G1 F8400 X73.427 Y76.114 E0.02086
G0 F18000 X73.067 Y76.291
G1 F8400 X73.946 Y77.171 E0.02063
G0 F18000 X73.585 Y77.347
G1 F8400 X72.717 Y76.479 E0.02036
G0 F18000 X72.376 Y76.675
G1 F8400 X73.237 Y77.536 E0.0202
G0 F18000 X72.9 Y77.736
G1 F8400 X72.046 Y76.882 E0.02003
G0 F18000 X71.727 Y77.101
G1 F8400 X72.572 Y77.946 E0.01982
G0 F18000 X72.256 Y78.168
G1 F8400 X71.414 Y77.326 E0.01975
G0 F18000 X71.114 Y77.563
G1 F8400 X71.948 Y78.397 E0.01957
G0 F18000 X71.653 Y78.639
G1 F8400 X70.821 Y77.807 E0.01952
G0 F18000 X70.535 Y78.059
G1 F8400 X71.368 Y78.891 E0.01953
G0 F18000 X71.092 Y79.153
G1 F8400 X70.261 Y78.322 E0.01949
G0 F18000 X69.992 Y78.591
G1 F8400 X70.825 Y79.423 E0.01953
G0 F18000 X70.569 Y79.704
G1 F8400 X69.735 Y78.871 E0.01955
G0 F18000 X69.487 Y79.161
G1 F8400 X70.32 Y79.994 E0.01954
G0 F18000 X70.082 Y80.293
G1 F8400 X69.246 Y79.456 E0.01962
G0 F18000 X69.014 Y79.762
G1 F8400 X69.859 Y80.607 E0.01982
G0 F18000 X69.639 Y80.924
G1 F8400 X68.793 Y80.078 E0.01985
G0 F18000 X68.579 Y80.402
G1 F8400 X69.434 Y81.256 E0.02005
G0 F18000 X69.238 Y81.598
G1 F8400 X68.376 Y80.736 E0.02022
G0 F18000 X68.183 Y81.08
G1 F8400 X69.055 Y81.953 E0.02047
G0 F18000 X68.884 Y82.319
G1 F8400 X67.999 Y81.434 E0.02076
G0 F18000 X67.826 Y81.798
G1 F8400 X68.722 Y82.695 E0.02103
G0 F18000 X68.574 Y83.084
G1 F8400 X67.667 Y82.176 E0.02129
G0 F18000 X67.51 Y82.558
G1 F8400 X68.438 Y83.485 E0.02176
G0 F18000 X68.321 Y83.905
G1 F8400 X67.372 Y82.957 E0.02225
G0 F18000 X67.245 Y83.367
G1 F8400 X68.212 Y84.335 E0.0227
G0 F18000 X68.125 Y84.785
G1 F8400 X67.132 Y83.791 E0.02331
G0 F18000 X67.033 Y84.23
G1 F8400 X68.053 Y85.25 E0.02393
G0 F18000 X68 Y85.734
G1 F8400 X66.946 Y84.68 E0.02473
G0 F18000 X66.879 Y85.151
G1 F8400 X67.972 Y86.244 E0.02564
G0 F18000 X67.967 Y86.776
G1 F8400 X66.827 Y85.636 E0.02674
G0 F18000 X66.798 Y86.144
G1 F8400 X67.994 Y87.34 E0.02806
G0 F18000 X68.054 Y87.938
G1 F8400 X66.788 Y86.671 E0.02971
G0 F18000 X66.807 Y87.228
G1 F8400 X68.159 Y88.58 E0.03172
G0 F18000 X68.316 Y89.275
G1 F8400 X66.853 Y87.812 E0.03432
G0 F18000 X66.935 Y88.431
G1 F8400 X68.555 Y90.051 E0.038
G1 X68.622 Y90.118
G0 F18000 X68.925 Y90.958
G1 F8400 X67.061 Y89.094 E0.04373
G0 F18000 X67.243 Y89.814
G1 F8400 X69.572 Y92.143 E0.05464
G1 X69.639 Y92.21
G0 F18000 X69.178 Y92.511
G0 X68.237 Y90.534
G0 X67.755 Y88.947
G0 X67.539 Y87.537
G0 X67.509 Y86.112
G0 X67.705 Y84.475
G0 X68.152 Y82.877
G0 X68.838 Y81.36
G0 X69.746 Y79.969
G0 X70.854 Y78.733
G0 X71.947 Y77.817
G0 X73.142 Y77.054
G0 X74.656 Y76.369
G0 X76.259 Y75.92
G0 X77.666 Y75.735
G0 X79.325 Y75.754
G0 X80.736 Y75.972
G0 X82.102 Y76.37
G0 X83.814 Y77.168
G0 X85.186 Y78.107
G0 X86.782 Y79.589
G0 X86.367 Y79.919
G1 F8400 X89.364 Y82.915 E0.0703
G1 X89.431 Y82.982
G0 F18000 X89.593 Y83.682
G1 F8400 X87.519 Y81.608 E0.04866
G1 X87.452 Y81.541
G0 F18000 X87.931 Y81.264
G0 X88.496 Y82.436
G0 X88.004 Y82.63
G1 F8400 X89.75 Y84.376 E0.04096
G0 F18000 X89.857 Y85.02
G1 F8400 X88.309 Y83.473 E0.0363
G1 X88.242 Y83.406
G0 F18000 X88.511 Y84.211
G1 F8400 X89.924 Y85.625 E0.03316
G0 F18000 X89.959 Y86.197
G1 F8400 X88.642 Y84.88 E0.0309
G0 F18000 X88.733 Y85.508
G1 F8400 X89.962 Y86.738 E0.02884
G0 F18000 X89.941 Y87.254
G1 F8400 X88.774 Y86.087 E0.02738
G0 F18000 X88.786 Y86.637
G1 F8400 X89.902 Y87.753 E0.02618
G0 F18000 X89.847 Y88.235
G1 F8400 X88.77 Y87.158 E0.02527
G0 F18000 X88.732 Y87.657
G1 F8400 X89.772 Y88.697 E0.0244
G0 F18000 X89.68 Y89.142
G1 F8400 X88.67 Y88.133 E0.02368
G0 F18000 X88.591 Y88.591
G1 F8400 X89.571 Y89.571 E0.02299
G0 F18000 X89.453 Y89.99
G1 F8400 X88.497 Y89.035 E0.02242
G0 F18000 X88.383 Y89.457
G1 F8400 X89.321 Y90.396 E0.02202
G0 F18000 X89.175 Y90.787
G1 F8400 X88.257 Y89.869 E0.02154
G0 F18000 X88.114 Y90.264
G1 F8400 X89.021 Y91.17 E0.02127
G0 F18000 X88.851 Y91.538
G1 F8400 X87.961 Y90.648 E0.02088
G0 F18000 X87.796 Y91.021
G1 F8400 X88.675 Y91.899 E0.02061
G0 F18000 X88.487 Y92.249
G1 F8400 X87.617 Y91.379 E0.02041
G0 F18000 X87.43 Y91.729
G1 F8400 X88.29 Y92.589 E0.02018
G0 F18000 X88.082 Y92.919
G1 F8400 X87.229 Y92.065 E0.02002
G0 F18000 X87.021 Y92.395
G1 F8400 X87.862 Y93.236 E0.01973
G0 F18000 X87.639 Y93.55
G1 F8400 X86.799 Y92.711 E0.01969
G0 F18000 X86.568 Y93.017
G1 F8400 X87.403 Y93.852 E0.01959
G0 F18000 X87.159 Y94.146
G1 F8400 X86.326 Y93.312 E0.01955
G0 F18000 X86.074 Y93.598
G1 F8400 X86.91 Y94.433 E0.0196
G0 F18000 X86.645 Y94.706
G1 F8400 X85.811 Y93.872 E0.01957
G0 F18000 X85.542 Y94.141
G1 F8400 X86.377 Y94.975 E0.01958
G0 F18000 X86.096 Y95.232
G1 F8400 X85.261 Y94.397 E0.01959
G0 F18000 X84.972 Y94.645
G1 F8400 X85.807 Y95.481 E0.0196
G0 F18000 X85.508 Y95.719
G1 F8400 X84.673 Y94.883 E0.0196
G0 F18000 X84.362 Y95.11
G1 F8400 X85.204 Y95.952 E0.01975
G0 F18000 X84.89 Y96.175
G1 F8400 X84.039 Y95.324 E0.01996
G0 F18000 X83.708 Y95.531
G1 F8400 X84.564 Y96.386 E0.02007
G0 F18000 X84.231 Y96.591
G1 F8400 X83.368 Y95.728 E0.02025
G0 F18000 X83.015 Y95.913
G1 F8400 X83.886 Y96.784 E0.02043
G0 F18000 X83.534 Y96.969
G1 F8400 X82.648 Y96.083 E0.02079
G0 F18000 X82.273 Y96.246
G1 F8400 X83.167 Y97.14 E0.02097
G0 F18000 X82.792 Y97.302
G1 F8400 X81.884 Y96.394 E0.0213
G0 F18000 X81.481 Y96.528
G1 F8400 X82.405 Y97.452 E0.02168
G0 F18000 X82.007 Y97.592
G1 F8400 X81.066 Y96.651 E0.02208
G0 F18000 X80.634 Y96.756
G1 F8400 X81.599 Y97.721 E0.02264
G0 F18000 X81.177 Y97.836
G1 F8400 X80.182 Y96.842 E0.02333
G0 F18000 X79.719 Y96.916
G1 F8400 X80.738 Y97.935 E0.02391
G0 F18000 X80.285 Y98.019
G1 F8400 X79.23 Y96.964 E0.02475
G0 F18000 X78.724 Y96.996
G1 F8400 X79.814 Y98.086 E0.02557
G0 F18000 X79.33 Y98.139
G1 F8400 X78.192 Y97.001 E0.0267
G0 F18000 X77.628 Y96.975
G1 F8400 X78.82 Y98.167 E0.02796
G0 F18000 X78.294 Y98.178
G1 F8400 X77.031 Y96.915 E0.02963
G0 F18000 X76.389 Y96.81
G1 F8400 X77.736 Y98.158 E0.03161
G0 F18000 X77.153 Y98.112
G1 F8400 X75.689 Y96.647 E0.03436
G1 X75.622 Y96.58
G0 F18000 X74.912 Y96.408
G1 F8400 X76.534 Y98.03 E0.03805
G0 F18000 X75.868 Y97.902
G1 F8400 X74.007 Y96.04 E0.04367
G1 X73.94 Y95.973
G0 F18000 X73.696 Y96.479
G0 X72.546 Y95.844
G0 X72.829 Y95.4
G1 F8400 X75.147 Y97.718 E0.05438
G1 X75.214 Y97.785
G0 F18000 X74.348 Y97.456
G1 F8400 X67.507 Y90.615 E0.16049
G1 X67.44 Y90.548
G0 F18000 X67.944 Y90.319
G0 X68.379 Y91.32
G0 X67.903 Y91.548
G1 F8400 X73.415 Y97.06 E0.12931
G1 X73.482 Y97.127
G0 F18000 X73.709 Y96.619
G0 X72.511 Y95.968
G0 X72.23 Y96.413
G1 F8400 X68.548 Y92.731 E0.08638
G1 X68.481 Y92.664
G1 F1800 E-3.5
;MESH:Upper-Dielectric-Part.STL
G0 F18000 X68.95 Y92.376
G0 X72.368 Y95.177
G0 X73.742 Y95.991
G0 X75.223 Y96.586
G0 X76.625 Y96.913
G0 X82.071 Y97.53
G0 X82.819 Y98.798
G0 X91.686 Y102.66
G0 X127.082 Y117.554
;TYPE:WALL-OUTER
G1 F1800 E3.52079
G1 F1500 X124.383 Y117.554 E0.03539
G1 X124.361 Y117.511 E0.00063
G1 X124.325 Y117.459 E0.00083
G1 X124.267 Y117.397 E0.00111
G1 X124.196 Y117.341 E0.00119
G1 X124.169 Y117.324 E0.00042
G1 X124.104 Y117.295 E0.00093
G1 X124.094 Y117.286 E0.00018
G1 X124.021 Y117.263 E0.001
G1 X123.95 Y117.255 E0.00094
G1 X123.069 Y117.254 E0.01155
G1 X122.998 Y117.26 E0.00093
G1 X122.91 Y117.285 E0.0012
G1 X122.868 Y117.303 E0.0006
G1 X122.792 Y117.347 E0.00115
G1 X122.76 Y117.371 E0.00052
G1 X122.69 Y117.439 E0.00128
G1 X122.646 Y117.499 E0.00098
G1 X122.62 Y117.546 E0.0007
G1 X97.385 Y117.554 E0.3309
G1 X97.368 Y117.521 E0.00049
G1 X97.327 Y117.465 E0.00091
G1 X97.273 Y117.404 E0.00107
G1 X97.242 Y117.376 E0.00055
G1 X97.174 Y117.328 E0.00109
G1 X97.13 Y117.305 E0.00065
G1 X97.01 Y117.264 E0.00166
G1 X96.96 Y117.256 E0.00066
G1 X96.096 Y117.254 E0.01133
G1 X96.026 Y117.258 E0.00092
G1 X95.989 Y117.264 E0.00049
G1 X95.917 Y117.284 E0.00098
G1 X95.841 Y117.316 E0.00108
G1 X95.785 Y117.351 E0.00087
G1 X95.725 Y117.401 E0.00102
G1 X95.659 Y117.476 E0.00131
G1 X95.632 Y117.519 E0.00067
G1 X95.615 Y117.554 E0.00051
G1 X92.914 Y117.554 E0.03542
G1 X92.914 Y102.446 E0.19811
G1 X95.618 Y102.446 E0.03546
G1 X95.672 Y102.533 E0.00134
G1 X95.708 Y102.577 E0.00075
G1 X95.785 Y102.646 E0.00136
G1 X95.82 Y102.669 E0.00055
G1 X95.927 Y102.716 E0.00153
G1 X95.987 Y102.732 E0.00081
G1 X96.076 Y102.745 E0.00118
G1 X96.957 Y102.742 E0.01155
G1 X96.99 Y102.739 E0.00043
G1 X97.08 Y102.716 E0.00122
G1 X97.157 Y102.678 E0.00113
G1 X97.21 Y102.647 E0.00081
G1 X97.247 Y102.619 E0.00061
G1 X97.279 Y102.587 E0.00059
G1 X97.339 Y102.515 E0.00123
G1 X97.381 Y102.446 E0.00106
G1 X122.616 Y102.446 E0.3309
G1 X122.67 Y102.532 E0.00133
G1 X122.703 Y102.573 E0.00069
G1 X122.751 Y102.617 E0.00085
G1 X122.798 Y102.652 E0.00077
G1 X122.834 Y102.674 E0.00055
G1 X122.914 Y102.71 E0.00115
G1 X122.99 Y102.736 E0.00105
G1 X123.066 Y102.742 E0.001
G1 X123.907 Y102.746 E0.01103
G1 X123.94 Y102.744 E0.00043
G1 X123.988 Y102.736 E0.00064
G1 X124.081 Y102.712 E0.00126
G1 X124.175 Y102.67 E0.00135
G1 X124.202 Y102.652 E0.00043
G1 X124.26 Y102.605 E0.00098
G1 X124.327 Y102.535 E0.00127
G1 X124.36 Y102.49 E0.00073
G1 X124.381 Y102.45 E0.00059
G1 X127.082 Y102.447 E0.03542
G1 X127.082 Y117.554 E0.1981
G0 F18000 X127.082 Y117.354
G0 X126.414 Y116.884
G0 X115.998 Y107.557
G0 X116.332 Y106.943
G1 F600 X116.461 Y106.981 E0.00176
G1 X116.544 Y106.986 E0.00109
G1 X116.655 Y106.978 E0.00146
G1 X116.72 Y106.958 E0.00089
G1 X116.805 Y106.923 E0.00121
G1 X116.836 Y106.905 E0.00047
G1 X116.896 Y106.859 E0.00099
G1 X116.968 Y106.793 E0.00128
G1 X117.425 Y106.012 E0.01187
G1 X117.467 Y105.906 E0.0015
G1 X117.484 Y105.829 E0.00103
G1 X117.486 Y105.716 E0.00148
G1 X117.48 Y105.668 E0.00063
G1 X117.445 Y105.544 E0.00169
G1 X117.421 Y105.492 E0.00075
G1 X117.401 Y105.458 E0.00052
G1 X117.33 Y105.37 E0.00148
G1 X117.29 Y105.333 E0.00071
G1 X117.23 Y105.293 E0.00095
G1 X117.13 Y105.246 E0.00145
G1 X117.088 Y105.233 E0.00058
G1 X117.004 Y105.217 E0.00112
G1 X116.968 Y105.214 E0.00047
G1 X116.895 Y105.218 E0.00096
G1 X116.825 Y105.227 E0.00093
G1 X116.781 Y105.239 E0.0006
G1 X116.721 Y105.263 E0.00085
G1 X116.689 Y105.28 E0.00048
G1 X116.615 Y105.328 E0.00116
G1 X116.571 Y105.364 E0.00075
G1 X116.535 Y105.404 E0.00071
G1 X116.491 Y105.468 E0.00102
G1 X116.063 Y106.209 E0.01122
G1 X116.047 Y106.243 E0.00049
G1 X116.031 Y106.291 E0.00066
G1 X116.01 Y106.404 E0.00151
G1 X116.01 Y106.475 E0.00093
G1 X116.028 Y106.589 E0.00151
G1 X116.059 Y106.68 E0.00126
G1 X116.095 Y106.744 E0.00096
G1 X116.148 Y106.813 E0.00114
G1 X116.178 Y106.842 E0.00055
G1 X116.234 Y106.886 E0.00093
G1 X116.332 Y106.943 E0.00149
G0 F18000 X116.234 Y106.886
G0 X116.178 Y106.842
G0 X116.167 Y106.831
G0 X115.728 Y107.376
G0 X118.118 Y114.061
G0 X118.101 Y114.518
G0 X117.843 Y114.998
G0 X117.311 Y115.429
G0 X117.119 Y114.756
G1 F600 X117.153 Y114.742 E0.00048
G1 X117.23 Y114.703 E0.00113
G1 X117.313 Y114.642 E0.00135
G1 X117.349 Y114.607 E0.00066
G1 X117.428 Y114.491 E0.00184
G1 X117.45 Y114.445 E0.00067
G1 X117.47 Y114.381 E0.00088
G1 X117.488 Y114.284 E0.00129
G1 X117.49 Y114.239 E0.00059
G1 X117.484 Y114.16 E0.00104
G1 X117.462 Y114.074 E0.00116
G1 X117.428 Y113.991 E0.00118
G1 X117.017 Y113.28 E0.01077
G1 X116.937 Y113.177 E0.00171
G1 X116.882 Y113.124 E0.001
G1 X116.767 Y113.054 E0.00177
G1 X116.69 Y113.026 E0.00107
G1 X116.603 Y113.011 E0.00116
G1 X116.494 Y113.01 E0.00143
G1 X116.352 Y113.044 E0.00191
G1 X116.309 Y113.062 E0.00061
G1 X116.21 Y113.127 E0.00155
G1 X116.149 Y113.185 E0.0011
G1 X116.096 Y113.25 E0.0011
G1 X116.064 Y113.314 E0.00094
G1 X116.034 Y113.391 E0.00108
G1 X116.011 Y113.48 E0.00121
G1 X116.01 Y113.579 E0.0013
G1 X116.019 Y113.656 E0.00102
G1 X116.03 Y113.7 E0.00059
G1 X116.075 Y113.812 E0.00158
G1 X116.487 Y114.524 E0.01079
G1 X116.556 Y114.612 E0.00147
G1 X116.616 Y114.67 E0.00109
G1 X116.658 Y114.698 E0.00066
G1 X116.673 Y114.703 E0.00021
G1 X116.758 Y114.75 E0.00127
G1 X116.81 Y114.768 E0.00072
G1 X116.879 Y114.78 E0.00092
G1 X116.948 Y114.782 E0.00091
G1 X117.057 Y114.772 E0.00144
G1 X117.119 Y114.756 E0.00084
G0 F18000 X117.057 Y114.772
G0 X116.948 Y114.782
G0 X116.921 Y114.782
G0 X116.886 Y115.481
G0 X102.789 Y115.453
G0 X102.909 Y114.763
G1 F600 X102.998 Y114.779 E0.00119
G1 X103.033 Y114.782 E0.00046
G1 X103.102 Y114.778 E0.00091
G1 X103.171 Y114.769 E0.00091
G1 X103.215 Y114.757 E0.0006
G1 X103.275 Y114.733 E0.00085
G1 X103.308 Y114.716 E0.00049
G1 X103.388 Y114.664 E0.00125
G1 X103.431 Y114.625 E0.00076
G1 X103.485 Y114.559 E0.00112
G1 X103.937 Y113.779 E0.01182
G1 X103.956 Y113.732 E0.00066
G1 X103.98 Y113.64 E0.00125
G1 X103.99 Y113.566 E0.00098
G1 X103.989 Y113.525 E0.00054
G1 X103.978 Y113.438 E0.00115
G1 X103.948 Y113.337 E0.00138
G1 X103.932 Y113.302 E0.0005
G1 X103.879 Y113.222 E0.00126
G1 X103.855 Y113.193 E0.00049
G1 X103.775 Y113.115 E0.00147
G1 X103.668 Y113.053 E0.00162
G1 X103.637 Y113.039 E0.00045
G1 X103.519 Y113.014 E0.00158
G1 X103.479 Y113.01 E0.00053
G1 X103.353 Y113.017 E0.00165
G1 X103.267 Y113.042 E0.00117
G1 X103.142 Y113.104 E0.00183
G1 X103.078 Y113.156 E0.00108
G1 X103.016 Y113.227 E0.00124
G1 X102.995 Y113.256 E0.00047
G1 X102.575 Y113.98 E0.01098
G1 X102.528 Y114.093 E0.0016
G1 X102.513 Y114.174 E0.00108
G1 X102.51 Y114.284 E0.00144
G1 X102.513 Y114.318 E0.00045
G1 X102.529 Y114.393 E0.00101
G1 X102.571 Y114.495 E0.00145
G1 X102.589 Y114.527 E0.00048
G1 X102.629 Y114.583 E0.0009
G1 X102.681 Y114.639 E0.001
G1 X102.708 Y114.661 E0.00046
G1 X102.803 Y114.723 E0.00149
G1 X102.867 Y114.751 E0.00092
G1 X102.909 Y114.763 E0.00057
G0 F18000 X102.867 Y114.751
G0 X102.803 Y114.723
G0 X102.731 Y114.676
G0 X102.339 Y115.256
G0 X102.979 Y115.425
G0 X103.58 Y115.303
G0 X103.828 Y115.087
G0 X108.395 Y110.284
G0 X109.067 Y110.099
G1 F600 X109.093 Y110.199 E0.00135
G1 X109.151 Y110.304 E0.00157
G1 X109.21 Y110.376 E0.00122
G1 X109.306 Y110.454 E0.00162
G1 X109.34 Y110.475 E0.00052
G1 X109.427 Y110.51 E0.00123
G1 X109.489 Y110.528 E0.00085
G1 X109.526 Y110.534 E0.00049
G1 X109.582 Y110.538 E0.00074
G1 X110.451 Y110.537 E0.0114
G1 X110.507 Y110.529 E0.00074
G1 X110.545 Y110.519 E0.00052
G1 X110.647 Y110.478 E0.00144
G1 X110.715 Y110.44 E0.00102
G1 X110.812 Y110.345 E0.00178
G1 X110.871 Y110.264 E0.00131
G1 X110.903 Y110.193 E0.00102
G1 X110.932 Y110.078 E0.00156
G1 X110.938 Y110.012 E0.00087
G1 X110.946 Y109.974 E0.00051
G1 X110.945 Y109.929 E0.00059
G1 X110.935 Y109.89 E0.00053
G1 X110.889 Y109.767 E0.00172
G1 X110.804 Y109.64 E0.002
G1 X110.74 Y109.579 E0.00116
G1 X110.676 Y109.531 E0.00105
G1 X110.622 Y109.506 E0.00078
G1 X110.519 Y109.473 E0.00142
G1 X110.455 Y109.461 E0.00085
G1 X110.42 Y109.458 E0.00046
G1 X109.565 Y109.459 E0.01121
G1 X109.481 Y109.471 E0.00111
G1 X109.447 Y109.479 E0.00046
G1 X109.363 Y109.509 E0.00117
G1 X109.259 Y109.576 E0.00162
G1 X109.194 Y109.636 E0.00116
G1 X109.17 Y109.664 E0.00048
G1 X109.137 Y109.718 E0.00083
G1 X109.106 Y109.779 E0.0009
G1 X109.07 Y109.885 E0.00147
G1 X109.058 Y109.961 E0.00101
G1 X109.062 Y110.063 E0.00134
G1 X109.067 Y110.099 E0.00048
G0 F18000 X109.062 Y110.063
G0 X109.058 Y109.961
G0 X109.067 Y109.9
G0 X108.374 Y109.822
G0 X103.81 Y107.635
G0 X103.585 Y106.973
G1 F600 X103.645 Y106.953 E0.00083
G1 X103.676 Y106.939 E0.00045
G1 X103.733 Y106.905 E0.00087
G1 X103.796 Y106.861 E0.00101
G1 X103.878 Y106.774 E0.00157
G1 X103.919 Y106.714 E0.00095
G1 X103.956 Y106.636 E0.00113
G1 X103.976 Y106.561 E0.00102
G1 X103.99 Y106.446 E0.00152
G1 X103.99 Y106.415 E0.00041
G1 X103.975 Y106.328 E0.00116
G1 X103.959 Y106.269 E0.0008
G1 X103.921 Y106.184 E0.00122
G1 X103.501 Y105.46 E0.01098
G1 X103.478 Y105.429 E0.00051
G1 X103.415 Y105.357 E0.00125
G1 X103.367 Y105.319 E0.0008
G1 X103.283 Y105.271 E0.00127
G1 X103.23 Y105.246 E0.00077
G1 X103.182 Y105.232 E0.00066
G1 X103.076 Y105.218 E0.0014
G1 X102.971 Y105.22 E0.00138
G1 X102.904 Y105.233 E0.00089
G1 X102.855 Y105.25 E0.00068
G1 X102.767 Y105.295 E0.0013
G1 X102.697 Y105.345 E0.00113
G1 X102.661 Y105.378 E0.00064
G1 X102.633 Y105.409 E0.00055
G1 X102.593 Y105.465 E0.0009
G1 X102.55 Y105.547 E0.00121
G1 X102.535 Y105.585 E0.00054
G1 X102.519 Y105.649 E0.00087
G1 X102.51 Y105.748 E0.0013
G1 X102.512 Y105.831 E0.00109
G1 X102.522 Y105.886 E0.00073
G1 X102.563 Y105.996 E0.00154
G1 X103.013 Y106.767 E0.01171
G1 X103.074 Y106.836 E0.00121
G1 X103.14 Y106.891 E0.00113
G1 X103.24 Y106.949 E0.00152
G1 X103.319 Y106.974 E0.00109
G1 X103.359 Y106.982 E0.00053
G1 X103.482 Y106.986 E0.00161
G1 X103.538 Y106.982 E0.00074
G1 X103.585 Y106.973 E0.00063
G0 F18000 X103.538 Y106.982
G0 X103.482 Y106.986
G0 X103.386 Y106.983
G0 X103.348 Y107.684
G0 X116.8 Y104.585
G0 X126.414 Y103.118
G0 X126.802 Y102.619
;TYPE:SKIN
G1 F8400 X126.912 Y102.728 E0.00257
G0 F18000 X126.912 Y103.266
G1 F8400 X126.265 Y102.619 E0.01518
G0 F18000 X125.728 Y102.62
G1 F8400 X126.912 Y103.803 E0.02776
G0 F18000 X126.912 Y104.341
G1 F8400 X125.191 Y102.62 E0.04037
G0 F18000 X124.654 Y102.62
G1 F8400 X126.912 Y104.878 E0.05297
G0 F18000 X126.912 Y105.415
G1 F8400 X124.292 Y102.796 E0.06145
G0 F18000 X123.875 Y102.917
G1 F8400 X126.912 Y105.953 E0.07124
G0 F18000 X126.912 Y106.49
G1 F8400 X123.336 Y102.914 E0.08389
G1 X123.269 Y102.847
G0 F18000 X122.501 Y102.617
G1 F8400 X126.912 Y107.028 E0.10348
G0 F18000 X126.912 Y107.565
G1 F8400 X121.964 Y102.617 E0.11608
G0 F18000 X121.426 Y102.617
G1 F8400 X126.912 Y108.102 E0.12869
G0 F18000 X126.912 Y108.64
G1 F8400 X120.889 Y102.617 E0.1413
G0 F18000 X120.352 Y102.617
G1 F8400 X126.912 Y109.177 E0.1539
G0 F18000 X126.912 Y109.715
G1 F8400 X119.814 Y102.617 E0.16652
G0 F18000 X119.277 Y102.617
G1 F8400 X126.912 Y110.252 E0.17911
G0 F18000 X126.912 Y110.789
G1 F8400 X118.739 Y102.617 E0.19172
G0 F18000 X118.202 Y102.617
G1 F8400 X126.912 Y111.327 E0.20433
G0 F18000 X126.912 Y111.864
G1 F8400 X117.665 Y102.617 E0.21693
G0 F18000 X117.127 Y102.617
G1 F8400 X126.912 Y112.402 E0.22955
G0 F18000 X126.912 Y112.939
G1 F8400 X116.59 Y102.617 E0.24215
G0 F18000 X116.052 Y102.617
G1 F8400 X126.912 Y113.476 E0.25476
G0 F18000 X126.912 Y114.014
G1 F8400 X115.515 Y102.617 E0.26737
G0 F18000 X114.978 Y102.617
G1 F8400 X126.912 Y114.551 E0.27997
G0 F18000 X126.912 Y115.089
G1 F8400 X117.654 Y105.831 E0.21719
G0 F18000 X117.503 Y106.218
G1 F8400 X126.912 Y115.626 E0.22072
G0 F18000 X126.912 Y116.164
G1 F8400 X117.305 Y106.557 E0.22538
G0 F18000 X117.104 Y106.893
G1 F8400 X126.912 Y116.701 E0.23009
G0 F18000 X126.912 Y117.238
G1 F8400 X116.789 Y107.115 E0.23748
G1 X116.722 Y107.048
G0 F18000 X116.908 Y107.635
G0 X117.439 Y107.227
G0 X118.089 Y106.072
G0 X118.123 Y105.596
G0 X117.972 Y105.163
G0 X117.545 Y104.735
G0 X116.848 Y104.521
G0 X116.871 Y105.048
G1 F8400 X114.44 Y102.617 E0.05703
G0 F18000 X113.903 Y102.617
G1 F8400 X116.493 Y105.208 E0.06077
G0 F18000 X116.265 Y105.517
G1 F8400 X113.365 Y102.617 E0.06803
G0 F18000 X112.828 Y102.617
G1 F8400 X116.067 Y105.857 E0.076
G0 F18000 X115.88 Y106.207
G1 F8400 X112.291 Y102.617 E0.08421
G0 F18000 X111.753 Y102.617
G1 F8400 X115.921 Y106.785 E0.09778
G0 F18000 X116.199 Y107.063
G1 F8400 X126.519 Y117.383 E0.2421
G0 F18000 X125.982 Y117.383
G1 F8400 X111.216 Y102.617 E0.34641
G0 F18000 X110.678 Y102.617
G1 F8400 X125.444 Y117.383 E0.34641
G0 F18000 X124.907 Y117.383
G1 F8400 X110.141 Y102.617 E0.34641
G0 F18000 X109.604 Y102.617
G1 F8400 X124.096 Y117.11 E0.33999
G0 F18000 X123.533 Y117.084
G1 F8400 X109.066 Y102.617 E0.33939
G0 F18000 X108.529 Y102.617
G1 F8400 X123 Y117.088 E0.33948
G0 F18000 X122.631 Y117.257
G1 F8400 X107.991 Y102.617 E0.34345
G0 F18000 X107.454 Y102.617
G1 F8400 X122.211 Y117.375 E0.34621
G0 F18000 X121.674 Y117.375
G1 F8400 X106.917 Y102.617 E0.34621
G1 X106.85 Y102.55
G0 F18000 X106.85 Y103.146
G0 X117.393 Y112.719
G0 X117.91 Y113.428
G0 X117.453 Y113.691
G1 F8400 X121.137 Y117.375 E0.08643
G0 F18000 X120.599 Y117.375
G1 F8400 X117.638 Y114.413 E0.06948
G0 F18000 X117.441 Y114.754
G1 F8400 X120.062 Y117.375 E0.06149
G0 F18000 X119.525 Y117.375
G1 F8400 X117.09 Y114.94 E0.05712
G1 X117.023 Y114.873
G0 F18000 X117.083 Y115.476
G0 X117.678 Y115.172
G0 X118.024 Y114.738
G0 X118.132 Y114.271
G0 X117.99 Y113.688
G0 X117.393 Y112.719
G0 X117.29 Y112.648
G0 X116.677 Y112.319
G0 X116.602 Y112.84
G1 F8400 X106.379 Y102.617 E0.23983
G0 F18000 X105.842 Y102.617
G1 F8400 X116.172 Y112.948 E0.24235
G0 F18000 X115.916 Y113.229
G1 F8400 X105.304 Y102.617 E0.24895
G0 F18000 X104.767 Y102.617
G1 F8400 X115.856 Y113.706 E0.26014
G1 X115.923 Y113.773
G0 F18000 X115.379 Y113.953
G0 X116.103 Y115.069
G0 X118.988 Y116.854
G0 X118.988 Y117.375
G1 F8400 X104.23 Y102.617 E0.34622
G0 F18000 X103.692 Y102.617
G1 F8400 X110.362 Y109.287 E0.15648
G0 F18000 X109.824 Y109.287
G1 F8400 X103.155 Y102.617 E0.15646
G0 F18000 X102.617 Y102.617
G1 F8400 X109.336 Y109.336 E0.15763
G0 F18000 X109.029 Y109.566
G1 F8400 X102.08 Y102.617 E0.16302
G0 F18000 X101.543 Y102.617
G1 F8400 X108.889 Y109.964 E0.17235
G1 X108.956 Y110.031
G0 F18000 X108.361 Y110.065
G0 X108.619 Y110.661
G0 X109.028 Y111.036
G0 X109.565 Y111.179
G0 X110.664 Y111.152
G0 X111.145 Y110.92
G0 X111.374 Y110.648
G0 X111.637 Y110.068
G0 X111.108 Y110.033
G1 F8400 X118.45 Y117.375 E0.17224
G0 F18000 X117.914 Y117.376
G1 F8400 X110.964 Y110.427 E0.16303
G0 F18000 X110.659 Y110.659
G1 F8400 X117.376 Y117.376 E0.15758
G0 F18000 X116.839 Y117.376
G1 F8400 X110.171 Y110.709 E0.15642
G0 F18000 X109.634 Y110.709
G1 F8400 X116.301 Y117.376 E0.15641
G0 F18000 X115.765 Y117.377
G1 F8400 X101.005 Y102.617 E0.34626
G0 F18000 X100.468 Y102.617
G1 F8400 X102.908 Y105.058 E0.05725
G0 F18000 X102.555 Y105.242
G1 F8400 X99.93 Y102.617 E0.06158
G0 F18000 X99.393 Y102.617
G1 F8400 X102.359 Y105.583 E0.06958
G0 F18000 X102.548 Y106.31
G1 F8400 X98.856 Y102.617 E0.08662
G1 X98.789 Y102.55
G0 F18000 X98.789 Y103.146
G0 X103.549 Y104.684
G0 X103.895 Y104.933
G0 X104.67 Y106.222
G0 X104.142 Y106.292
G1 F8400 X115.227 Y117.377 E0.26005
G0 F18000 X114.69 Y117.377
G1 F8400 X104.083 Y106.77 E0.24884
G0 F18000 X103.824 Y107.048
G1 F8400 X114.153 Y117.378 E0.24233
G0 F18000 X113.616 Y117.378
G1 F8400 X103.392 Y107.154 E0.23985
G1 X103.325 Y107.087
G0 F18000 X103.16 Y107.652
G0 X102.723 Y107.359
G0 X98.318 Y103.146
G0 X98.318 Y102.617
G1 F8400 X113.078 Y117.378 E0.34628
G0 F18000 X112.541 Y117.378
G1 F8400 X97.781 Y102.617 E0.34628
G0 F18000 X97.367 Y102.741
G1 F8400 X112.004 Y117.378 E0.34338
G0 F18000 X111.467 Y117.378
G1 F8400 X96.998 Y102.909 E0.33944
G0 F18000 X96.467 Y102.916
G1 F8400 X110.929 Y117.378 E0.33927
G0 F18000 X110.392 Y117.378
G1 F8400 X95.901 Y102.887 E0.33995
G1 X95.834 Y102.82
G0 F18000 X95.093 Y102.617
G1 F8400 X109.855 Y117.379 E0.34631
G0 F18000 X109.318 Y117.379
G1 F8400 X94.556 Y102.617 E0.34631
G0 F18000 X94.018 Y102.617
G1 F8400 X108.781 Y117.379 E0.34632
G0 F18000 X108.243 Y117.379
G1 F8400 X104.078 Y113.214 E0.09771
G0 F18000 X104.122 Y113.795
G1 F8400 X107.707 Y117.38 E0.0841
G0 F18000 X107.169 Y117.38
G1 F8400 X103.928 Y114.138 E0.07604
G0 F18000 X103.731 Y114.479
G1 F8400 X106.632 Y117.38 E0.06806
G0 F18000 X106.094 Y117.38
G1 F8400 X103.503 Y114.788 E0.0608
G0 F18000 X103.124 Y114.947
G1 F8400 X105.558 Y117.38 E0.05709
G1 X105.625 Y117.447
G0 F18000 X105.625 Y116.854
G0 X104.513 Y113.029
G0 X104.046 Y112.466
G0 X103.79 Y112.926
G1 F8400 X93.481 Y102.617 E0.24185
G0 F18000 X93.085 Y102.758
G1 F8400 X103.209 Y112.883 E0.23752
G0 F18000 X102.895 Y113.105
G1 F8400 X93.085 Y103.296 E0.23013
G0 F18000 X93.085 Y103.833
G1 F8400 X102.69 Y113.438 E0.22533
G0 F18000 X102.494 Y113.779
G1 F8400 X93.085 Y104.37 E0.22073
G0 F18000 X93.085 Y104.908
G1 F8400 X102.342 Y114.165 E0.21717
G1 X102.409 Y114.232
G0 F18000 X101.811 Y114.256
G0 X102.035 Y114.849
G0 X102.393 Y115.196
G0 X105.02 Y116.854
G0 X105.02 Y117.38
G1 F8400 X93.085 Y105.445 E0.27999
G0 F18000 X93.085 Y105.983
G1 F8400 X104.483 Y117.38 E0.26738
G0 F18000 X103.945 Y117.38
G1 F8400 X93.085 Y106.52 E0.25477
G0 F18000 X93.085 Y107.057
G1 F8400 X103.409 Y117.381 E0.2422
G0 F18000 X102.871 Y117.381
G1 F8400 X93.085 Y107.595 E0.22958
G0 F18000 X93.085 Y108.132
G1 F8400 X102.334 Y117.381 E0.21698
G0 F18000 X101.797 Y117.381
G1 F8400 X93.085 Y108.67 E0.20437
G0 F18000 X93.085 Y109.207
G1 F8400 X101.26 Y117.382 E0.19178
G0 F18000 X100.722 Y117.382
G1 F8400 X93.085 Y109.744 E0.17917
G0 F18000 X93.085 Y110.282
G1 F8400 X100.185 Y117.382 E0.16656
G0 F18000 X99.648 Y117.382
G1 F8400 X93.085 Y110.819 E0.15397
G0 F18000 X93.085 Y111.357
G1 F8400 X99.111 Y117.383 E0.14137
G0 F18000 X98.574 Y117.383
G1 F8400 X93.085 Y111.894 E0.12877
G0 F18000 X93.085 Y112.431
G1 F8400 X98.036 Y117.383 E0.11616
G0 F18000 X97.499 Y117.383
G1 F8400 X93.085 Y112.969 E0.10355
G0 F18000 X93.085 Y113.506
G1 F8400 X96.661 Y117.083 E0.0839
G0 F18000 X96.124 Y117.083
G1 F8400 X93.085 Y114.044 E0.07129
G0 F18000 X93.085 Y114.581
G1 F8400 X95.704 Y117.2 E0.06144
G0 F18000 X95.349 Y117.383
G1 F8400 X93.085 Y115.118 E0.05312
G0 F18000 X93.085 Y115.656
G1 F8400 X94.812 Y117.383 E0.04051
G0 F18000 X94.274 Y117.383
G1 F8400 X93.085 Y116.193 E0.02791
G0 F18000 X93.085 Y116.731
G1 F8400 X93.737 Y117.383 E0.0153
G0 F18000 X93.2 Y117.383
G1 F8400 X93.085 Y117.268 E0.0027
G0 F18000 X93.784 Y116.574
G1 F1800 E-3.5
;MESH:NONMESH
G0 F1200 X93.784 Y116.574 Z0.6
G0 F18000 X93.13 Y102.66
G0 X93.13 Y101.216
G0 X88.677 Y94.506
G0 X87.535 Y93.614
G0 X88.767 Y87.961
G0 X88.854 Y86.364
G0 X88.735 Y84.996
G0 X88.372 Y83.439
G0 X87.776 Y81.957
G0 X86.962 Y80.582
G0 X85.949 Y79.347
G0 X84.756 Y78.279
G0 X83.218 Y77.297
G0 X82.025 Y76.789
G0 X78.39 Y75.533
G0 X78.385 Y74.83
;TIME_ELAPSED:138.658062
;LAYER:3
;TYPE:WALL-OUTER
;MESH:01_Prime_Insulator.STL
G1 F1800 E3.52079
G1 F1500 X78.098 Y74.834 E0.00376
G1 X77.852 Y74.843 E0.00323
G1 X77.344 Y74.879 E0.00668
G1 X77.065 Y74.904 E0.00367
G1 X76.782 Y74.939 E0.00374
G1 X76.316 Y75.011 E0.00618
G1 X75.816 Y75.113 E0.00669
G1 X75.521 Y75.183 E0.00398
G1 X75.069 Y75.304 E0.00614
G1 X74.794 Y75.391 E0.00378
G1 X74.34 Y75.544 E0.00628
G1 X74.065 Y75.648 E0.00386
G1 X73.653 Y75.82 E0.00585
G1 X73.396 Y75.937 E0.0037
G1 X72.985 Y76.14 E0.00601
G1 X72.698 Y76.289 E0.00424
G1 X72.051 Y76.677 E0.00989
G1 X71.825 Y76.824 E0.00354
G1 X71.642 Y76.949 E0.00291
G1 X71.414 Y77.114 E0.00369
G1 X71.015 Y77.421 E0.0066
G1 X70.654 Y77.722 E0.00616
G1 X70.289 Y78.052 E0.00645
G1 X70.058 Y78.28 E0.00426
G1 X69.889 Y78.453 E0.00317
G1 X69.522 Y78.849 E0.00708
G1 X69.229 Y79.196 E0.00596
G1 X69.052 Y79.42 E0.00374
G1 X68.771 Y79.802 E0.00622
G1 X68.622 Y80.021 E0.00347
G1 X68.452 Y80.283 E0.0041
G1 X68.189 Y80.719 E0.00668
G1 X68.096 Y80.881 E0.00245
G1 X67.963 Y81.125 E0.00364
G1 X67.736 Y81.584 E0.00671
G1 X67.615 Y81.851 E0.00384
G1 X67.445 Y82.256 E0.00576
G1 X67.338 Y82.532 E0.00388
G1 X67.174 Y83.016 E0.0067
G1 X67.016 Y83.55 E0.0073
G1 X66.903 Y84.006 E0.00616
G1 X66.802 Y84.505 E0.00668
G1 X66.768 Y84.697 E0.00256
G1 X66.692 Y85.268 E0.00755
G1 X66.665 Y85.524 E0.00338
G1 X66.646 Y85.772 E0.00326
G1 X66.618 Y86.293 E0.00684
G1 X66.614 Y86.584 E0.00382
G1 X66.618 Y86.871 E0.00376
G1 X66.628 Y87.139 E0.00352
G1 X66.662 Y87.621 E0.00634
G1 X66.691 Y87.915 E0.00387
G1 X66.761 Y88.436 E0.00689
G1 X66.791 Y88.63 E0.00257
G1 X66.897 Y89.147 E0.00692
G1 X67.008 Y89.594 E0.00604
G1 X67.005 Y89.596 E0.00005
G1 X67.086 Y89.889 E0.00399
G1 X67.162 Y90.134 E0.00336
G1 X67.323 Y90.612 E0.00661
G1 X67.442 Y90.92 E0.00433
G1 X67.619 Y91.34 E0.00598
G1 X67.722 Y91.571 E0.00332
G1 X67.953 Y92.034 E0.00678
G1 X68.063 Y92.244 E0.00311
G1 X68.334 Y92.707 E0.00703
G1 X68.464 Y92.92 E0.00327
G1 X68.599 Y93.129 E0.00326
G1 X68.754 Y93.354 E0.00358
G1 X68.898 Y93.553 E0.00322
G1 X69.176 Y93.909 E0.00592
G1 X69.376 Y94.158 E0.00419
G1 X69.69 Y94.515 E0.00623
G1 X69.834 Y94.674 E0.00281
G1 X70.067 Y94.913 E0.00438
G1 X70.25 Y95.091 E0.00335
G1 X70.438 Y95.268 E0.00339
G1 X70.986 Y95.739 E0.00948
G1 X71.234 Y95.929 E0.0041
G1 X71.612 Y96.211 E0.00618
G1 X71.859 Y96.38 E0.00392
G1 X72.019 Y96.484 E0.0025
G1 X72.448 Y96.748 E0.00661
G1 X72.895 Y96.993 E0.00668
G1 X73.125 Y97.114 E0.00341
G1 X73.599 Y97.334 E0.00685
G1 X73.811 Y97.426 E0.00303
G1 X73.813 Y97.431 E0.00007
G1 X74.329 Y97.633 E0.00727
G1 X74.751 Y97.779 E0.00586
G1 X75.278 Y97.936 E0.00721
G1 X75.517 Y97.996 E0.00323
G1 X75.857 Y98.074 E0.00457
G1 X76.284 Y98.165 E0.00572
G1 X76.578 Y98.211 E0.0039
G1 X77.042 Y98.274 E0.00614
G1 X77.555 Y98.322 E0.00676
G1 X77.825 Y98.338 E0.00355
G1 X78.071 Y98.346 E0.00323
G1 X78.33 Y98.35 E0.0034
G1 X78.649 Y98.346 E0.00418
G1 X78.909 Y98.337 E0.00341
G1 X79.416 Y98.304 E0.00666
G1 X79.671 Y98.277 E0.00336
G1 X79.924 Y98.245 E0.00334
G1 X80.22 Y98.203 E0.00392
G1 X80.428 Y98.17 E0.00276
G1 X80.949 Y98.067 E0.00696
G1 X81.181 Y98.012 E0.00313
G1 X81.694 Y97.873 E0.00697
G1 X81.92 Y97.804 E0.0031
G1 X82.407 Y97.636 E0.00676
G1 X82.666 Y97.538 E0.00363
G1 X82.88 Y97.453 E0.00302
G1 X83.137 Y97.343 E0.00367
G1 X83.593 Y97.131 E0.00659
G1 X84.036 Y96.901 E0.00655
G1 X84.499 Y96.63 E0.00703
G1 X84.704 Y96.503 E0.00316
G1 X84.933 Y96.354 E0.00358
G1 X85.327 Y96.075 E0.00633
G1 X85.703 Y95.786 E0.00622
G1 X85.964 Y95.572 E0.00443
G1 X86.288 Y95.287 E0.00566
G1 X86.462 Y95.128 E0.00309
G1 X86.709 Y94.885 E0.00454
G1 X87.048 Y94.535 E0.00639
G1 X87.338 Y94.204 E0.00577
G1 X87.515 Y93.988 E0.00366
G1 X87.696 Y93.76 E0.00382
G1 X88.127 Y93.168 E0.0096
G1 X88.301 Y92.899 E0.0042
G1 X88.662 Y92.291 E0.00927
G1 X88.782 Y92.065 E0.00336
G1 X88.94 Y91.75 E0.00462
G1 X89.122 Y91.365 E0.00558
G1 X89.213 Y91.155 E0.003
G1 X89.218 Y91.152 E0.00008
G1 X89.413 Y90.649 E0.00707
G1 X89.559 Y90.233 E0.00578
G1 X89.672 Y89.85 E0.00524
G1 X89.846 Y89.189 E0.00896
G1 X89.9 Y88.925 E0.00353
G1 X89.904 Y88.921 E0.00007
G1 X89.984 Y88.486 E0.0058
G1 X90.06 Y87.916 E0.00754
G1 X90.089 Y87.632 E0.00374
G1 X90.122 Y87.143 E0.00643
G1 X90.13 Y86.897 E0.00323
G1 X90.134 Y86.637 E0.00341
G1 X90.134 Y86.343 E0.00386
G1 X90.124 Y86.044 E0.00392
G1 X90.089 Y85.552 E0.00647
G1 X90.034 Y85.046 E0.00667
G1 X89.995 Y84.777 E0.00356
G1 X89.955 Y84.538 E0.00318
G1 X89.904 Y84.274 E0.00353
G1 X89.843 Y83.982 E0.00391
G1 X89.733 Y83.535 E0.00604
G1 X89.674 Y83.317 E0.00296
G1 X89.67 Y83.315 E0.00006
G1 X89.572 Y82.996 E0.00438
G1 X89.421 Y82.559 E0.00606
G1 X89.311 Y82.264 E0.00413
G1 X89.234 Y82.075 E0.00268
G1 X89.126 Y81.826 E0.00356
G1 X89.035 Y81.627 E0.00287
G1 X88.909 Y81.365 E0.00381
G1 X88.677 Y80.918 E0.0066
G1 X88.452 Y80.529 E0.00589
G1 X88.279 Y80.25 E0.0043
G1 X88.154 Y80.055 E0.00304
G1 X87.859 Y79.637 E0.00671
G1 X87.574 Y79.269 E0.0061
G1 X87.368 Y79.015 E0.00429
G1 X87.071 Y78.676 E0.00591
G1 X86.914 Y78.507 E0.00302
G1 X86.916 Y78.504 E0.00005
G1 X86.538 Y78.124 E0.00703
G1 X86.2 Y77.813 E0.00602
G1 X86.089 Y77.716 E0.00193
G1 X85.725 Y77.411 E0.00623
G1 X85.544 Y77.268 E0.00302
G1 X85.154 Y76.982 E0.00634
G1 X84.885 Y76.797 E0.00428
G1 X84.698 Y76.673 E0.00294
G1 X84.268 Y76.414 E0.00658
G1 X84.073 Y76.303 E0.00294
G1 X83.844 Y76.179 E0.00341
G1 X83.387 Y75.953 E0.00669
G1 X83.124 Y75.831 E0.0038
G1 X82.705 Y75.656 E0.00595
G1 X82.423 Y75.551 E0.00395
G1 X81.956 Y75.391 E0.00647
G1 X81.708 Y75.312 E0.00341
G1 X81.403 Y75.224 E0.00416
G1 X80.918 Y75.11 E0.00653
G1 X80.637 Y75.051 E0.00377
G1 X80.254 Y74.98 E0.00511
G1 X79.702 Y74.908 E0.0073
G1 X79.444 Y74.881 E0.0034
G1 X78.937 Y74.842 E0.00667
G1 X78.385 Y74.83 E0.00724
G0 F18000 X78.185 Y74.832
G0 X78.192 Y75.535
G0 X81.188 Y76.083
G0 X82.763 Y76.635
G0 X84.418 Y77.543
G0 X85.728 Y78.571
G0 X86.714 Y79.601
G0 X87.68 Y80.952
G0 X88.428 Y82.427
G0 X88.945 Y84.005
G0 X89.167 Y85.267
G0 X89.289 Y87.36
G0 X88.591 Y87.307
G1 F1500 X88.574 Y87.517 E0.00276
G1 X88.529 Y87.928 E0.00542
G1 X88.496 Y88.149 E0.00293
G1 X88.411 Y88.627 E0.00637
G1 X88.321 Y89.042 E0.00557
G1 X88.206 Y89.458 E0.00566
G1 X88.071 Y89.886 E0.00588
G1 X87.917 Y90.308 E0.00589
G1 X87.812 Y90.566 E0.00365
G1 X87.735 Y90.745 E0.00256
G1 X87.564 Y91.117 E0.00537
G1 X87.347 Y91.529 E0.00611
G1 X87.233 Y91.732 E0.00305
G1 X86.984 Y92.137 E0.00623
G1 X86.918 Y92.237 E0.00157
G1 X86.92 Y92.239 E0.00004
G1 X86.875 Y92.307 E0.00107
G1 X86.633 Y92.65 E0.0055
G1 X86.5 Y92.828 E0.00291
G1 X86.222 Y93.171 E0.00579
G1 X86.068 Y93.353 E0.00313
G1 X85.924 Y93.509 E0.00278
G1 X85.613 Y93.833 E0.00589
G1 X85.334 Y94.103 E0.00509
G1 X84.956 Y94.436 E0.00661
G1 X84.615 Y94.712 E0.00575
G1 X84.431 Y94.851 E0.00302
G1 X84.254 Y94.977 E0.00285
G1 X84.066 Y95.105 E0.00298
G1 X83.688 Y95.345 E0.00587
G1 X83.301 Y95.569 E0.00586
G1 X82.904 Y95.777 E0.00588
G1 X82.5 Y95.963 E0.00583
G1 X82.294 Y96.053 E0.00295
G1 X82.025 Y96.159 E0.00379
G1 X81.665 Y96.29 E0.00502
G1 X81.24 Y96.423 E0.00584
G1 X81.022 Y96.485 E0.00297
G1 X80.591 Y96.591 E0.00582
G1 X80.369 Y96.636 E0.00297
G1 X79.932 Y96.712 E0.00582
G1 X79.706 Y96.745 E0.00299
G1 X79.49 Y96.769 E0.00285
G1 X79.043 Y96.81 E0.00589
G1 X78.819 Y96.822 E0.00294
G1 X78.592 Y96.83 E0.00298
G1 X78.11 Y96.829 E0.00632
G1 X77.681 Y96.808 E0.00563
G1 X77.215 Y96.765 E0.00614
G1 X77.04 Y96.744 E0.00231
G1 X76.744 Y96.7 E0.00392
G1 X76.382 Y96.635 E0.00482
G1 X76.122 Y96.581 E0.00348
G1 X75.672 Y96.466 E0.00609
G1 X75.513 Y96.422 E0.00216
G1 X75.078 Y96.287 E0.00597
G1 X74.657 Y96.133 E0.00588
G1 X74.401 Y96.029 E0.00362
G1 X74.221 Y95.952 E0.00257
G1 X73.847 Y95.777 E0.00541
G1 X73.405 Y95.544 E0.00655
G1 X73.219 Y95.439 E0.0028
G1 X73.035 Y95.329 E0.00281
G1 X72.681 Y95.102 E0.00551
G1 X72.474 Y94.96 E0.00329
G1 X72.317 Y94.848 E0.00253
G1 X71.949 Y94.566 E0.00608
G1 X71.461 Y94.147 E0.00843
G1 X71.268 Y93.962 E0.00351
G1 X70.966 Y93.66 E0.0056
G1 X70.783 Y93.466 E0.0035
G1 X70.785 Y93.464 E0.00004
G1 X70.527 Y93.171 E0.00512
G1 X70.246 Y92.821 E0.00589
G1 X69.981 Y92.458 E0.00589
G1 X69.62 Y91.902 E0.00869
G1 X69.505 Y91.708 E0.00296
G1 X69.291 Y91.316 E0.00586
G1 X69.187 Y91.117 E0.00294
G1 X68.997 Y90.707 E0.00593
G1 X68.911 Y90.507 E0.00285
G1 X68.805 Y90.241 E0.00375
G1 X68.674 Y89.876 E0.00509
G1 X68.528 Y89.399 E0.00654
G1 X68.426 Y89.021 E0.00513
G1 X68.332 Y88.585 E0.00585
G1 X68.255 Y88.147 E0.00583
G1 X68.194 Y87.709 E0.0058
G1 X68.174 Y87.477 E0.00305
G1 X68.146 Y87.038 E0.00577
G1 X68.138 Y86.816 E0.00291
G1 X68.134 Y86.555 E0.00342
G1 X68.147 Y86.116 E0.00576
G1 X68.174 Y85.698 E0.00549
G1 X68.191 Y85.52 E0.00234
G1 X68.253 Y85.033 E0.00644
G1 X68.333 Y84.598 E0.0058
G1 X68.387 Y84.336 E0.00351
G1 X68.529 Y83.778 E0.00755
G1 X68.619 Y83.475 E0.00414
G1 X68.693 Y83.26 E0.00298
G1 X68.832 Y82.875 E0.00537
G1 X69.019 Y82.432 E0.00631
G1 X69.189 Y82.068 E0.00527
G1 X69.292 Y81.857 E0.00308
G1 X69.52 Y81.446 E0.00616
G1 X69.774 Y81.03 E0.00639
G1 X69.778 Y81.028 E0.00006
G1 X69.881 Y80.873 E0.00244
G1 X70.118 Y80.536 E0.0054
G1 X70.252 Y80.353 E0.00297
G1 X70.554 Y79.977 E0.00632
G1 X70.822 Y79.677 E0.00527
G1 X71.009 Y79.481 E0.00355
G1 X71.299 Y79.188 E0.00541
G1 X71.466 Y79.033 E0.00299
G1 X71.769 Y78.766 E0.0053
G1 X71.954 Y78.61 E0.00317
G1 X72.143 Y78.462 E0.00315
G1 X72.504 Y78.199 E0.00586
G1 X72.686 Y78.075 E0.00289
G1 X73.095 Y77.817 E0.00634
G1 X73.448 Y77.611 E0.00536
G1 X73.856 Y77.399 E0.00603
G1 X74.272 Y77.208 E0.006
G1 X74.458 Y77.127 E0.00266
G1 X74.726 Y77.021 E0.00378
G1 X75.084 Y76.891 E0.00499
G1 X75.296 Y76.822 E0.00292
G1 X75.568 Y76.74 E0.00373
G1 X75.946 Y76.642 E0.00512
G1 X76.384 Y76.544 E0.00589
G1 X76.759 Y76.481 E0.00499
G1 X76.827 Y76.467 E0.00091
G1 X77.258 Y76.41 E0.0057
G1 X77.712 Y76.37 E0.00598
G1 X78.152 Y76.354 E0.00577
G1 X78.413 Y76.349 E0.00342
G1 X79.05 Y76.37 E0.00836
G1 X79.521 Y76.414 E0.0062
G1 X79.934 Y76.468 E0.00546
G1 X80.409 Y76.553 E0.00633
G1 X80.623 Y76.601 E0.00288
G1 X81.103 Y76.72 E0.00648
G1 X81.167 Y76.739 E0.00088
G1 X81.17 Y76.736 E0.00006
G1 X81.658 Y76.891 E0.00671
G1 X81.894 Y76.972 E0.00327
G1 X82.3 Y77.129 E0.00571
G1 X82.53 Y77.229 E0.00329
G1 X82.921 Y77.411 E0.00566
G1 X83.305 Y77.613 E0.00569
G1 X83.523 Y77.735 E0.00328
G1 X83.694 Y77.839 E0.00262
G1 X84.091 Y78.09 E0.00616
G1 X84.436 Y78.333 E0.00553
G1 X84.806 Y78.622 E0.00616
G1 X85.121 Y78.888 E0.00541
G1 X85.245 Y78.997 E0.00216
G1 X85.251 Y78.997 E0.00008
G1 X85.274 Y79.015 E0.00038
G1 X85.776 Y79.511 E0.00925
G1 X86.077 Y79.84 E0.00585
G1 X86.224 Y80.012 E0.00297
G1 X86.507 Y80.36 E0.00588
G1 X86.763 Y80.717 E0.00576
G1 X86.973 Y81.027 E0.00491
G1 X86.977 Y81.029 E0.00006
G1 X87.149 Y81.311 E0.00433
G1 X87.353 Y81.661 E0.00531
G1 X87.56 Y82.063 E0.00593
G1 X87.751 Y82.47 E0.0059
G1 X87.837 Y82.673 E0.00289
G1 X87.943 Y82.939 E0.00375
G1 X88.073 Y83.3 E0.00503
G1 X88.208 Y83.729 E0.0059
G1 X88.326 Y84.163 E0.0059
G1 X88.42 Y84.595 E0.0058
G1 X88.496 Y85.035 E0.00586
G1 X88.533 Y85.272 E0.00315
G1 X88.558 Y85.472 E0.00264
G1 X88.594 Y85.921 E0.00591
G1 X88.606 Y86.142 E0.0029
G1 X88.614 Y86.368 E0.00297
G1 X88.615 Y86.811 E0.00581
G1 X88.591 Y87.307 E0.00651
G0 F18000 X88.575 Y87.506
G0 X89.272 Y87.574
G0 X89.192 Y85.407
G0 X88.945 Y84.005
G0 X88.428 Y82.427
G0 X87.68 Y80.952
G0 X86.714 Y79.601
G0 X85.551 Y78.412
G0 X84.418 Y77.543
G0 X82.763 Y76.635
G0 X81.188 Y76.083
G0 X79.565 Y75.777
G0 X78.135 Y75.715
G0 X76.72 Y75.839
G0 X75.11 Y76.214
G0 X74.234 Y76.565
G0 X72.132 Y77.464
G0 X71.833 Y77.027
;TYPE:SKIN
G1 F8400 X68.807 Y80.053 E0.07099
G1 X68.74 Y80.12
G0 F18000 X69.202 Y80.413
G0 X68.51 Y81.598
G0 X68.039 Y81.359
G1 F8400 X73.146 Y76.252 E0.11981
G1 X73.213 Y76.185
G0 F18000 X74.128 Y75.807
G1 F8400 X67.597 Y82.338 E0.15322
G1 X67.53 Y82.405
G0 F18000 X68.06 Y82.605
G0 X69.746 Y79.969
G0 X70.643 Y78.968
G0 X72.13 Y77.616
G0 X72.429 Y78.043
G1 F8400 X74.953 Y75.52 E0.0592
G1 X75.02 Y75.453
G0 F18000 X75.69 Y75.32
G1 F8400 X73.746 Y77.263 E0.04559
G1 X73.679 Y77.33
G0 F18000 X73.423 Y76.84
G0 X74.515 Y76.358
G0 X74.699 Y76.848
G1 F8400 X76.373 Y75.174 E0.03927
G0 F18000 X77 Y75.085
G1 F8400 X75.504 Y76.58 E0.03508
G0 F18000 X76.215 Y76.407
G1 F8400 X77.589 Y75.033 E0.03223
G0 F18000 X78.155 Y75.004
G1 F8400 X76.87 Y76.29 E0.03016
G0 F18000 X77.479 Y76.218
G1 F8400 X78.688 Y75.008 E0.02837
G0 F18000 X79.199 Y75.035
G1 F8400 X78.048 Y76.187 E0.02701
G0 F18000 X78.588 Y76.184
G1 F8400 X79.692 Y75.08 E0.0259
G0 F18000 X80.168 Y75.141
G1 F8400 X79.106 Y76.203 E0.02491
G0 F18000 X79.595 Y76.252
G1 F8400 X80.623 Y75.223 E0.02413
G0 F18000 X81.065 Y75.319
G1 F8400 X80.066 Y76.318 E0.02344
G0 F18000 X80.519 Y76.402
G1 F8400 X81.493 Y75.428 E0.02285
G0 F18000 X81.904 Y75.554
G1 F8400 X80.952 Y76.506 E0.02233
G0 F18000 X81.375 Y76.621
G1 F8400 X82.303 Y75.693 E0.02177
G0 F18000 X82.695 Y75.838
G1 F8400 X81.782 Y76.751 E0.02142
G0 F18000 X82.174 Y76.897
G1 F8400 X83.075 Y75.996 E0.02114
G0 F18000 X83.439 Y76.17
G1 F8400 X82.555 Y77.053 E0.02073
G0 F18000 X82.922 Y77.223
G1 F8400 X83.797 Y76.348 E0.02053
G0 F18000 X84.143 Y76.54
G1 F8400 X83.278 Y77.405 E0.02029
G0 F18000 X83.624 Y77.596
G1 F8400 X84.479 Y76.742 E0.02005
G0 F18000 X84.807 Y76.951
G1 F8400 X83.955 Y77.803 E0.01999
G0 F18000 X84.281 Y78.014
G1 F8400 X85.123 Y77.172 E0.01975
G0 F18000 X85.433 Y77.399
G1 F8400 X84.594 Y78.239 E0.01969
G0 F18000 X84.897 Y78.473
G1 F8400 X85.73 Y77.64 E0.01954
G0 F18000 X86.022 Y77.886
G1 F8400 X85.188 Y78.719 E0.01955
G0 F18000 X85.472 Y78.973
G1 F8400 X86.304 Y78.141 E0.01952
G0 F18000 X86.576 Y78.406
G1 F8400 X85.743 Y79.239 E0.01954
G0 F18000 X86.009 Y79.511
G1 F8400 X86.841 Y78.678 E0.01953
G0 F18000 X87.094 Y78.963
G1 F8400 X86.263 Y79.794 E0.01949
G0 F18000 X86.506 Y80.088
G1 F8400 X87.34 Y79.254 E0.01957
G0 F18000 X87.577 Y79.554
G1 F8400 X86.74 Y80.392 E0.01965
G0 F18000 X86.963 Y80.706
G1 F8400 X87.807 Y79.862 E0.0198
G0 F18000 X88.028 Y80.178
G1 F8400 X87.18 Y81.027 E0.01991
G0 F18000 X87.379 Y81.365
G1 F8400 X88.236 Y80.508 E0.0201
G0 F18000 X88.436 Y80.845
G1 F8400 X87.572 Y81.71 E0.02028
G0 F18000 X87.752 Y82.067
G1 F8400 X88.627 Y81.192 E0.02053
G0 F18000 X88.806 Y81.55
G1 F8400 X87.922 Y82.435 E0.02075
G0 F18000 X88.079 Y82.815
G1 F8400 X88.978 Y81.915 E0.0211
G0 F18000 X89.138 Y82.293
G1 F8400 X88.223 Y83.208 E0.02147
G0 F18000 X88.352 Y83.616
G1 F8400 X89.284 Y82.685 E0.02185
G0 F18000 X89.42 Y83.086
G1 F8400 X88.468 Y84.038 E0.02233
G0 F18000 X88.569 Y84.475
G1 F8400 X89.545 Y83.498 E0.02291
G0 F18000 X89.653 Y83.928
G1 F8400 X88.651 Y84.929 E0.02349
G0 F18000 X88.721 Y85.397
G1 F8400 X89.748 Y84.37 E0.02409
G0 F18000 X89.829 Y84.826
G1 F8400 X88.765 Y85.891 E0.02497
G0 F18000 X88.786 Y86.407
G1 F8400 X89.89 Y85.303 E0.0259
G0 F18000 X89.934 Y85.796
G1 F8400 X88.781 Y86.949 E0.02705
G0 F18000 X88.746 Y87.521
G1 F8400 X89.962 Y86.306 E0.02852
G0 F18000 X89.96 Y86.845
G1 F8400 X88.671 Y88.134 E0.03024
G0 F18000 X88.55 Y88.793
G1 F8400 X89.932 Y87.41 E0.03243
G0 F18000 X89.875 Y88.004
G1 F8400 X88.37 Y89.51 E0.03532
G1 X88.303 Y89.577
G0 F18000 X88.093 Y90.324
G1 F8400 X89.783 Y88.634 E0.03965
G0 F18000 X89.635 Y89.32
G1 F8400 X87.671 Y91.284 E0.04607
G1 X87.604 Y91.351
G0 F18000 X88.101 Y91.604
G0 X87.272 Y92.959
G0 X86.841 Y92.651
G1 F8400 X89.43 Y90.062 E0.06074
G1 X89.497 Y89.995
G0 F18000 X88.953 Y89.828
G0 X89.254 Y86.826
G0 X89.192 Y85.407
G0 X88.945 Y84.005
G0 X88.428 Y82.427
G0 X87.68 Y80.952
G0 X86.714 Y79.601
G0 X85.551 Y78.412
G0 X84.418 Y77.543
G0 X82.763 Y76.635
G0 X81.188 Y76.083
G0 X79.565 Y75.777
G0 X78.135 Y75.715
G0 X76.72 Y75.839
G0 X75.11 Y76.214
G0 X73.565 Y76.834
G0 X72.328 Y77.549
G0 X71.031 Y78.568
G0 X70.708 Y78.913
G0 X69.407 Y80.33
G0 X69.843 Y80.629
G1 F8400 X67.309 Y83.164 E0.05946
G1 X67.242 Y83.231
G0 F18000 X67.104 Y83.906
G1 F8400 X69.051 Y81.959 E0.04568
G1 X69.118 Y81.892
G0 F18000 X68.623 Y81.64
G0 X68.145 Y82.724
G0 X68.638 Y82.909
G1 F8400 X66.962 Y84.585 E0.03932
G0 F18000 X66.873 Y85.211
G1 F8400 X68.369 Y83.715 E0.0351
G0 F18000 X68.193 Y84.429
G1 F8400 X66.818 Y85.804 E0.03226
G0 F18000 X66.788 Y86.371
G1 F8400 X68.072 Y85.087 E0.03012
G0 F18000 X68.002 Y85.694
G1 F8400 X66.791 Y86.906 E0.02842
G0 F18000 X66.819 Y87.415
G1 F8400 X67.971 Y86.263 E0.02703
G0 F18000 X67.966 Y86.805
G1 F8400 X66.864 Y87.908 E0.02586
G0 F18000 X66.928 Y88.381
G1 F8400 X67.992 Y87.317 E0.02496
G0 F18000 X68.035 Y87.811
G1 F8400 X67.009 Y88.837 E0.02407
G0 F18000 X67.106 Y89.278
G1 F8400 X68.106 Y88.278 E0.02346
G0 F18000 X68.189 Y88.732
G1 F8400 X67.214 Y89.707 E0.02287
G0 F18000 X67.338 Y90.12
G1 F8400 X68.288 Y89.17 E0.02229
G0 F18000 X68.406 Y89.59
G1 F8400 X67.474 Y90.522 E0.02186
G0 F18000 X67.624 Y90.909
G1 F8400 X68.536 Y89.998 E0.02138
G0 F18000 X68.679 Y90.392
G1 F8400 X67.784 Y91.287 E0.021
G0 F18000 X67.954 Y91.654
G1 F8400 X68.837 Y90.771 E0.02071
G0 F18000 X69.008 Y91.138
G1 F8400 X68.135 Y92.01 E0.02047
G0 F18000 X68.328 Y92.355
G1 F8400 X69.192 Y91.491 E0.02027
G0 F18000 X69.383 Y91.838
G1 F8400 X68.527 Y92.693 E0.02007
G0 F18000 X68.734 Y93.023
G1 F8400 X69.588 Y92.169 E0.02003
G0 F18000 X69.8 Y92.495
G1 F8400 X68.956 Y93.34 E0.01981
G0 F18000 X69.188 Y93.645
G1 F8400 X70.024 Y92.808 E0.01962
G0 F18000 X70.259 Y93.111
G1 F8400 X69.425 Y93.945 E0.01957
G0 F18000 X69.673 Y94.234
G1 F8400 X70.503 Y93.404 E0.01947
G0 F18000 X70.757 Y93.688
G1 F8400 X69.926 Y94.519 E0.01949
G0 F18000 X70.19 Y94.792
G1 F8400 X71.023 Y93.959 E0.01954
G0 F18000 X71.295 Y94.225
G1 F8400 X70.463 Y95.056 E0.01951
G0 F18000 X70.749 Y95.308
G1 F8400 X71.58 Y94.477 E0.01949
G0 F18000 X71.871 Y94.723
G1 F8400 X71.037 Y95.557 E0.01957
G0 F18000 X71.34 Y95.792
G1 F8400 X72.176 Y94.956 E0.01961
G0 F18000 X72.49 Y95.179
G1 F8400 X71.646 Y96.023 E0.0198
G0 F18000 X71.964 Y96.243
G1 F8400 X72.816 Y95.391 E0.01999
G0 F18000 X73.149 Y95.594
G1 F8400 X72.294 Y96.45 E0.02007
G0 F18000 X72.629 Y96.652
G1 F8400 X73.497 Y95.785 E0.02035
G0 F18000 X73.852 Y95.966
G1 F8400 X72.978 Y96.841 E0.02052
G0 F18000 X73.335 Y97.021
G1 F8400 X74.219 Y96.138 E0.02073
G0 F18000 X74.599 Y96.295
G1 F8400 X73.703 Y97.19 E0.02101
G0 F18000 X74.079 Y97.352
G1 F8400 X74.992 Y96.439 E0.02142
G0 F18000 X75.402 Y96.566
G1 F8400 X74.468 Y97.5 E0.02191
G0 F18000 X74.869 Y97.637
G1 F8400 X75.826 Y96.68 E0.02245
G0 F18000 X76.259 Y96.784
G1 F8400 X75.284 Y97.76 E0.02288
G0 F18000 X75.716 Y97.865
G1 F8400 X76.712 Y96.869 E0.02337
G0 F18000 X77.184 Y96.934
G1 F8400 X76.156 Y97.962 E0.02412
G0 F18000 X76.613 Y98.042
G1 F8400 X77.676 Y96.98 E0.02493
G0 F18000 X78.193 Y96.999
G1 F8400 X77.088 Y98.105 E0.02593
G0 F18000 X77.58 Y98.151
G1 F8400 X78.736 Y96.995 E0.02712
G0 F18000 X79.312 Y96.956
G1 F8400 X78.092 Y98.175 E0.02861
G0 F18000 X78.63 Y98.175
G1 F8400 X79.919 Y96.886 E0.03024
G0 F18000 X80.575 Y96.768
G1 F8400 X79.196 Y98.146 E0.03234
G0 F18000 X79.791 Y98.088
G1 F8400 X81.294 Y96.586 E0.03525
G1 X81.361 Y96.519
G0 F18000 X82.106 Y96.311
G1 F8400 X80.419 Y97.998 E0.03958
G0 F18000 X81.099 Y97.856
G1 F8400 X83.073 Y95.882 E0.04631
G1 X83.14 Y95.815
G0 F18000 X83.393 Y96.314
G0 X84.74 Y95.492
G0 X84.431 Y95.061
G1 F8400 X81.845 Y97.647 E0.06067
G1 X81.778 Y97.714
G0 F18000 X82.686 Y97.344
G1 F8400 X89.134 Y90.896 E0.15127
G1 X89.201 Y90.829
G0 F18000 X88.675 Y90.627
G0 X88.215 Y91.646
G0 X88.68 Y91.886
G1 F8400 X83.666 Y96.9 E0.11763
G1 X83.599 Y96.967
G0 F18000 X83.343 Y96.474
G0 X84.713 Y95.658
G0 X85.029 Y96.075
G1 F8400 X87.858 Y93.246 E0.06637
G1 X87.925 Y93.179
G1 F1800 E-3.5
;MESH:Upper-Dielectric-Part.STL
G0 F18000 X87.482 Y92.872
G0 X88.114 Y92.789
G0 X89.325 Y93.584
G0 X97.507 Y101.216
G0 X97.507 Y102.662
G0 X124.701 Y103.143
G0 X124.378 Y102.449
;TYPE:WALL-OUTER
G1 F1800 E3.52079
G1 F1500 X124.349 Y102.502 E0.00079
G1 X124.327 Y102.534 E0.00051
G1 X124.267 Y102.602 E0.00119
G1 X124.224 Y102.639 E0.00074
G1 X124.143 Y102.688 E0.00124
G1 X124.11 Y102.702 E0.00047
G1 X123.996 Y102.736 E0.00156
G1 X123.916 Y102.746 E0.00106
G1 X123.073 Y102.745 E0.01105
G1 X122.994 Y102.736 E0.00104
G1 X122.893 Y102.707 E0.00138
G1 X122.846 Y102.685 E0.00068
G1 X122.788 Y102.648 E0.0009
G1 X122.724 Y102.596 E0.00108
G1 X122.695 Y102.567 E0.00054
G1 X122.647 Y102.504 E0.00104
G1 X122.615 Y102.446 E0.00087
G1 X97.381 Y102.446 E0.33089
G1 X97.338 Y102.517 E0.00109
G1 X97.277 Y102.588 E0.00123
G1 X97.254 Y102.61 E0.00042
G1 X97.198 Y102.654 E0.00093
G1 X97.158 Y102.678 E0.00061
G1 X97.06 Y102.721 E0.0014
G1 X96.965 Y102.741 E0.00127
G1 X96.908 Y102.746 E0.00075
G1 X96.073 Y102.745 E0.01095
G1 X95.973 Y102.731 E0.00132
G1 X95.893 Y102.707 E0.0011
G1 X95.856 Y102.691 E0.00053
G1 X95.784 Y102.645 E0.00112
G1 X95.706 Y102.575 E0.00137
G1 X95.663 Y102.523 E0.00088
G1 X95.617 Y102.446 E0.00118
G1 X92.914 Y102.446 E0.03544
G1 X92.914 Y117.554 E0.19811
G1 X95.613 Y117.554 E0.03539
G1 X95.653 Y117.485 E0.00105
G1 X95.698 Y117.428 E0.00095
G1 X95.778 Y117.357 E0.0014
G1 X95.852 Y117.309 E0.00116
G1 X95.886 Y117.294 E0.00049
G1 X95.962 Y117.27 E0.00105
G1 X96 Y117.263 E0.00051
G1 X96.096 Y117.254 E0.00126
G1 X96.929 Y117.254 E0.01092
G1 X97.052 Y117.267 E0.00162
G1 X97.095 Y117.284 E0.00061
G1 X97.109 Y117.294 E0.00023
G1 X97.141 Y117.308 E0.00046
G1 X97.182 Y117.332 E0.00062
G1 X97.25 Y117.38 E0.00109
G1 X97.285 Y117.412 E0.00062
G1 X97.324 Y117.46 E0.00081
G1 X97.382 Y117.554 E0.00145
G1 X122.62 Y117.546 E0.33094
G1 X122.661 Y117.474 E0.00109
G1 X122.701 Y117.426 E0.00082
G1 X122.727 Y117.4 E0.00048
G1 X122.771 Y117.364 E0.00075
G1 X122.854 Y117.313 E0.00128
G1 X122.887 Y117.297 E0.00048
G1 X122.947 Y117.276 E0.00083
G1 X123.021 Y117.257 E0.001
G1 X123.056 Y117.254 E0.00046
G1 X123.932 Y117.254 E0.01149
G1 X123.975 Y117.258 E0.00057
G1 X124.063 Y117.278 E0.00118
G1 X124.094 Y117.288 E0.00043
G1 X124.159 Y117.316 E0.00093
G1 X124.222 Y117.357 E0.00099
G1 X124.251 Y117.381 E0.00049
G1 X124.299 Y117.429 E0.00089
G1 X124.324 Y117.46 E0.00052
G1 X124.368 Y117.528 E0.00106
G1 X124.381 Y117.554 E0.00038
G1 X127.082 Y117.554 E0.03542
G1 X127.082 Y102.447 E0.1981
G1 X124.378 Y102.449 E0.03546
G0 F18000 X124.349 Y102.502
G0 X124.327 Y102.534
G0 X124.267 Y102.602
G0 X124.26 Y102.608
G0 X124.701 Y103.143
G0 X118.172 Y105.954
G0 X117.496 Y105.827
G1 F600 X117.49 Y105.854 E0.00036
G1 X117.425 Y106.012 E0.00224
G1 X116.997 Y106.748 E0.01116
G1 X116.976 Y106.778 E0.00048
G1 X116.948 Y106.81 E0.00056
G1 X116.868 Y106.889 E0.00147
G1 X116.836 Y106.911 E0.00051
G1 X116.74 Y106.953 E0.00137
G1 X116.65 Y106.978 E0.00122
G1 X116.618 Y106.982 E0.00042
G1 X116.516 Y106.986 E0.00134
G1 X116.426 Y106.98 E0.00118
G1 X116.379 Y106.965 E0.00065
G1 X116.337 Y106.946 E0.0006
G1 X116.24 Y106.892 E0.00146
G1 X116.177 Y106.841 E0.00106
G1 X116.147 Y106.811 E0.00056
G1 X116.099 Y106.748 E0.00104
G1 X116.063 Y106.684 E0.00096
G1 X116.027 Y106.599 E0.00121
G1 X116.01 Y106.486 E0.0015
G1 X116.01 Y106.408 E0.00102
G1 X116.025 Y106.322 E0.00114
G1 X116.046 Y106.252 E0.00096
G1 X116.063 Y106.213 E0.00056
G1 X116.491 Y105.468 E0.01127
G1 X116.535 Y105.404 E0.00102
G1 X116.575 Y105.362 E0.00076
G1 X116.622 Y105.325 E0.00078
G1 X116.682 Y105.285 E0.00095
G1 X116.714 Y105.268 E0.00048
G1 X116.762 Y105.248 E0.00068
G1 X116.871 Y105.22 E0.00148
G1 X116.968 Y105.214 E0.00127
G1 X117.004 Y105.217 E0.00047
G1 X117.088 Y105.233 E0.00112
G1 X117.13 Y105.246 E0.00058
G1 X117.202 Y105.278 E0.00103
G1 X117.235 Y105.297 E0.0005
G1 X117.315 Y105.357 E0.00131
G1 X117.355 Y105.397 E0.00074
G1 X117.38 Y105.429 E0.00053
G1 X117.426 Y105.502 E0.00113
G1 X117.45 Y105.551 E0.00072
G1 X117.466 Y105.594 E0.0006
G1 X117.49 Y105.717 E0.00164
G1 X117.49 Y105.741 E0.00031
G1 X117.497 Y105.769 E0.00038
G1 X117.496 Y105.827 E0.00076
G0 F18000 X117.49 Y105.854
G0 X117.425 Y106.012
G0 X118.03 Y106.363
G0 X117.141 Y112.462
G0 X116.817 Y113.077
G1 F600 X116.887 Y113.126 E0.00112
G1 X116.949 Y113.189 E0.00116
G1 X117.003 Y113.256 E0.00113
G1 X117.42 Y113.983 E0.01099
G1 X117.463 Y114.077 E0.00136
G1 X117.481 Y114.149 E0.00097
G1 X117.489 Y114.217 E0.0009
G1 X117.489 Y114.263 E0.0006
G1 X117.474 Y114.365 E0.00135
G1 X117.441 Y114.461 E0.00133
G1 X117.397 Y114.545 E0.00124
G1 X117.363 Y114.591 E0.00075
G1 X117.287 Y114.663 E0.00137
G1 X117.26 Y114.683 E0.00044
G1 X117.188 Y114.727 E0.00111
G1 X117.149 Y114.745 E0.00056
G1 X117.049 Y114.776 E0.00137
G1 X116.912 Y114.782 E0.0018
G1 X116.879 Y114.78 E0.00043
G1 X116.81 Y114.768 E0.00092
G1 X116.758 Y114.75 E0.00072
G1 X116.64 Y114.687 E0.00175
G1 X116.597 Y114.655 E0.0007
G1 X116.526 Y114.579 E0.00136
G1 X116.503 Y114.548 E0.00051
G1 X116.075 Y113.808 E0.01121
G1 X116.027 Y113.695 E0.00161
G1 X116.014 Y113.638 E0.00077
G1 X116.01 Y113.5 E0.00181
G1 X116.028 Y113.401 E0.00132
G1 X116.082 Y113.273 E0.00182
G1 X116.094 Y113.253 E0.00031
G1 X116.154 Y113.18 E0.00124
G1 X116.218 Y113.122 E0.00113
G1 X116.288 Y113.075 E0.00111
G1 X116.376 Y113.036 E0.00126
G1 X116.465 Y113.014 E0.0012
G1 X116.524 Y113.01 E0.00078
G1 X116.608 Y113.011 E0.0011
G1 X116.688 Y113.03 E0.00108
G1 X116.755 Y113.051 E0.00092
G1 X116.817 Y113.077 E0.00088
G0 F18000 X116.887 Y113.126
G0 X116.949 Y113.189
G0 X116.965 Y113.21
G0 X117.519 Y112.782
G0 X117.014 Y112.463
G0 X116.596 Y112.388
G0 X104.655 Y113.832
G0 X103.979 Y113.646
G1 F600 X103.951 Y113.742 E0.00131
G1 X103.933 Y113.783 E0.00059
G1 X103.486 Y114.557 E0.01172
G1 X103.477 Y114.581 E0.00034
G1 X103.406 Y114.655 E0.00134
G1 X103.282 Y114.728 E0.00189
G1 X103.234 Y114.748 E0.00068
G1 X103.125 Y114.776 E0.00148
G1 X103.033 Y114.782 E0.00121
G1 X102.923 Y114.768 E0.00145
G1 X102.87 Y114.752 E0.00073
G1 X102.76 Y114.697 E0.00161
G1 X102.696 Y114.653 E0.00102
G1 X102.658 Y114.619 E0.00067
G1 X102.615 Y114.567 E0.00088
G1 X102.587 Y114.525 E0.00066
G1 X102.547 Y114.44 E0.00123
G1 X102.533 Y114.395 E0.00062
G1 X102.513 Y114.287 E0.00144
G1 X102.51 Y114.216 E0.00093
G1 X102.512 Y114.182 E0.00045
G1 X102.528 Y114.097 E0.00113
G1 X102.562 Y114.007 E0.00126
G1 X102.575 Y113.98 E0.00039
G1 X102.999 Y113.248 E0.01109
G1 X103.021 Y113.218 E0.00049
G1 X103.072 Y113.162 E0.00099
G1 X103.182 Y113.076 E0.00183
G1 X103.197 Y113.068 E0.00022
G1 X103.342 Y113.017 E0.00202
G1 X103.448 Y113.01 E0.00139
G1 X103.536 Y113.016 E0.00116
G1 X103.63 Y113.04 E0.00127
G1 X103.657 Y113.051 E0.00038
G1 X103.751 Y113.102 E0.0014
G1 X103.835 Y113.173 E0.00144
G1 X103.876 Y113.215 E0.00077
G1 X103.933 Y113.307 E0.00142
G1 X103.963 Y113.385 E0.0011
G1 X103.979 Y113.442 E0.00078
G1 X103.99 Y113.541 E0.00131
G1 X103.986 Y113.61 E0.00091
G1 X103.979 Y113.646 E0.00048
G0 F18000 X103.951 Y113.742
G0 X103.933 Y113.783
G0 X103.906 Y113.83
G0 X104.514 Y114.18
G0 X108.451 Y109.537
G0 X109.109 Y109.771
G1 F600 X109.175 Y109.663 E0.00166
G1 X109.245 Y109.589 E0.00134
G1 X109.327 Y109.53 E0.00132
G1 X109.392 Y109.499 E0.00094
G1 X109.423 Y109.488 E0.00043
G1 X109.503 Y109.468 E0.00108
G1 X109.585 Y109.458 E0.00108
G1 X110.447 Y109.463 E0.0113
G1 X110.531 Y109.475 E0.00111
G1 X110.581 Y109.489 E0.00068
G1 X110.665 Y109.528 E0.00121
G1 X110.729 Y109.571 E0.00101
G1 X110.795 Y109.633 E0.00119
G1 X110.848 Y109.698 E0.0011
G1 X110.893 Y109.779 E0.00122
G1 X110.925 Y109.869 E0.00125
G1 X110.938 Y109.978 E0.00144
G1 X110.933 Y110.072 E0.00123
G1 X110.906 Y110.189 E0.00157
G1 X110.861 Y110.279 E0.00132
G1 X110.816 Y110.345 E0.00105
G1 X110.745 Y110.415 E0.00131
G1 X110.724 Y110.431 E0.00035
G1 X110.637 Y110.483 E0.00133
G1 X110.522 Y110.522 E0.00159
G1 X110.448 Y110.536 E0.00099
G1 X110.415 Y110.538 E0.00043
G1 X109.551 Y110.535 E0.01133
G1 X109.456 Y110.518 E0.00127
G1 X109.422 Y110.508 E0.00046
G1 X109.319 Y110.462 E0.00148
G1 X109.26 Y110.422 E0.00093
G1 X109.202 Y110.366 E0.00106
G1 X109.149 Y110.302 E0.00109
G1 X109.106 Y110.223 E0.00118
G1 X109.072 Y110.131 E0.00129
G1 X109.054 Y110.019 E0.00149
G1 X109.072 Y109.876 E0.00189
G1 X109.082 Y109.84 E0.00049
G1 X109.109 Y109.771 E0.00097
G0 F18000 X109.175 Y109.663
G0 X109.225 Y109.611
G0 X108.737 Y109.112
G0 X102.978 Y107.535
G0 X102.608 Y107.28
G0 X101.861 Y106.106
G0 X102.532 Y105.915
G1 F600 X102.517 Y105.859 E0.00076
G1 X102.511 Y105.82 E0.00052
G1 X102.5 Y105.782 E0.00052
G1 X102.498 Y105.745 E0.00049
G1 X102.503 Y105.701 E0.00058
G1 X102.527 Y105.605 E0.0013
G1 X102.539 Y105.571 E0.00047
G1 X102.575 Y105.496 E0.00109
G1 X102.603 Y105.448 E0.00073
G1 X102.629 Y105.414 E0.00056
G1 X102.685 Y105.354 E0.00108
G1 X102.715 Y105.328 E0.00052
G1 X102.755 Y105.3 E0.00064
G1 X102.789 Y105.281 E0.00051
G1 X102.859 Y105.251 E0.001
G1 X102.919 Y105.231 E0.00083
G1 X103.003 Y105.216 E0.00112
G1 X103.045 Y105.214 E0.00055
G1 X103.13 Y105.221 E0.00112
G1 X103.19 Y105.233 E0.0008
G1 X103.283 Y105.266 E0.00129
G1 X103.332 Y105.293 E0.00073
G1 X103.4 Y105.345 E0.00112
G1 X103.469 Y105.415 E0.00129
G1 X103.493 Y105.448 E0.00054
G1 X103.933 Y106.208 E0.01152
G1 X103.95 Y106.246 E0.00055
G1 X103.98 Y106.348 E0.00139
G1 X103.99 Y106.415 E0.00089
G1 X103.986 Y106.521 E0.00139
G1 X103.977 Y106.565 E0.00059
G1 X103.958 Y106.627 E0.00085
G1 X103.907 Y106.735 E0.00157
G1 X103.886 Y106.767 E0.0005
G1 X103.83 Y106.832 E0.00113
G1 X103.736 Y106.903 E0.00154
G1 X103.663 Y106.943 E0.00109
G1 X103.601 Y106.965 E0.00086
G1 X103.474 Y106.986 E0.00169
G1 X103.395 Y106.985 E0.00104
G1 X103.342 Y106.979 E0.0007
G1 X103.258 Y106.955 E0.00115
G1 X103.212 Y106.935 E0.00066
G1 X103.119 Y106.876 E0.00144
G1 X103.053 Y106.818 E0.00115
G1 X103.013 Y106.771 E0.00081
G1 X102.555 Y105.975 E0.01204
G1 X102.532 Y105.915 E0.00084
G0 F18000 X102.517 Y105.859
G0 X102.511 Y105.82
G0 X102.5 Y105.782
G0 X102.498 Y105.745
G0 X102.5 Y105.719
G0 X101.813 Y105.683
G0 X93.535 Y103.146
G0 X93.535 Y102.617
;TYPE:SKIN
G1 F8400 X93.085 Y103.066 E0.01055
G0 F18000 X93.085 Y103.604
G1 F8400 X94.072 Y102.617 E0.02315
G0 F18000 X94.609 Y102.617
G1 F8400 X93.085 Y104.141 E0.03575
G0 F18000 X93.085 Y104.679
G1 F8400 X95.147 Y102.617 E0.04837
G0 F18000 X95.594 Y102.707
G1 F8400 X93.085 Y105.216 E0.05886
G0 F18000 X93.085 Y105.753
G1 F8400 X95.938 Y102.9 E0.06693
G0 F18000 X96.461 Y102.915
G1 F8400 X93.085 Y106.291 E0.0792
G0 F18000 X93.085 Y106.828
G1 F8400 X97.004 Y102.909 E0.09194
G1 X97.071 Y102.842
G0 F18000 X97.834 Y102.617
G1 F8400 X93.085 Y107.366 E0.11141
G0 F18000 X93.085 Y107.903
G1 F8400 X98.371 Y102.617 E0.12401
G0 F18000 X98.909 Y102.617
G1 F8400 X93.085 Y108.44 E0.13662
G0 F18000 X93.085 Y108.978
G1 F8400 X99.446 Y102.617 E0.14923
G0 F18000 X99.983 Y102.617
G1 F8400 X93.085 Y109.515 E0.16182
G0 F18000 X93.085 Y110.053
G1 F8400 X100.521 Y102.617 E0.17445
G0 F18000 X101.058 Y102.617
G1 F8400 X93.085 Y110.59 E0.18704
G0 F18000 X93.085 Y111.127
G1 F8400 X101.596 Y102.617 E0.19965
G0 F18000 X102.133 Y102.617
G1 F8400 X93.085 Y111.665 E0.21226
G0 F18000 X93.085 Y112.202
G1 F8400 X102.67 Y102.617 E0.22486
G0 F18000 X103.208 Y102.617
G1 F8400 X93.085 Y112.74 E0.23748
G0 F18000 X93.085 Y113.277
G1 F8400 X103.745 Y102.617 E0.25008
G0 F18000 X104.283 Y102.617
G1 F8400 X93.085 Y113.814 E0.26269
G0 F18000 X93.085 Y114.352
G1 F8400 X104.82 Y102.617 E0.2753
G0 F18000 X105.357 Y102.617
G1 F8400 X102.919 Y105.055 E0.05719
G0 F18000 X103.384 Y105.128
G1 F8400 X105.895 Y102.617 E0.05891
G0 F18000 X106.432 Y102.617
G1 F8400 X103.658 Y105.391 E0.06508
G0 F18000 X103.856 Y105.731
G1 F8400 X106.97 Y102.617 E0.07305
G0 F18000 X107.507 Y102.617
G1 F8400 X104.052 Y106.072 E0.08105
G0 F18000 X104.158 Y106.504
G1 F8400 X108.045 Y102.617 E0.09119
G1 X108.112 Y102.55
G0 F18000 X108.112 Y103.146
G0 X102.459 Y104.735
G0 X102.184 Y104.972
G0 X101.838 Y105.503
G0 X102.345 Y105.63
G1 F8400 X93.085 Y114.889 E0.21722
G0 F18000 X93.085 Y115.427
G1 F8400 X102.421 Y106.091 E0.21902
G0 F18000 X102.618 Y106.431
G1 F8400 X93.085 Y115.964 E0.22364
G0 F18000 X93.085 Y116.501
G1 F8400 X102.815 Y106.772 E0.22825
G0 F18000 X103.074 Y107.05
G1 F8400 X93.085 Y117.039 E0.23434
G0 F18000 X93.279 Y117.383
G1 F8400 X103.506 Y107.155 E0.23993
G1 X103.573 Y107.088
G0 F18000 X103.667 Y107.668
G0 X104.151 Y107.377
G0 X108.582 Y103.146
G0 X108.582 Y102.617
G1 F8400 X93.816 Y117.383 E0.34641
G0 F18000 X94.354 Y117.383
G1 F8400 X109.119 Y102.617 E0.34639
G0 F18000 X109.657 Y102.617
G1 F8400 X94.891 Y117.383 E0.34641
G0 F18000 X95.428 Y117.383
G1 F8400 X110.194 Y102.617 E0.34641
G0 F18000 X110.732 Y102.617
G1 F8400 X96.265 Y117.083 E0.33938
G0 F18000 X96.802 Y117.083
G1 F8400 X111.269 Y102.617 E0.33938
G0 F18000 X111.806 Y102.617
G1 F8400 X97.248 Y117.175 E0.34153
G0 F18000 X97.578 Y117.383
G1 F8400 X112.344 Y102.617 E0.34641
G0 F18000 X112.881 Y102.617
G1 F8400 X98.115 Y117.383 E0.34641
G1 X98.048 Y117.45
G0 F18000 X98.048 Y116.854
G0 X102.896 Y112.443
G0 X103.118 Y112.917
G1 F8400 X113.419 Y102.617 E0.24165
G0 F18000 X113.956 Y102.617
G1 F8400 X103.692 Y112.88 E0.24078
G0 F18000 X104.006 Y113.104
G1 F8400 X114.493 Y102.617 E0.24602
G0 F18000 X115.031 Y102.617
G1 F8400 X104.158 Y113.49 E0.25508
G1 X104.091 Y113.557
G0 F18000 X103.768 Y114.417
G1 F8400 X115.568 Y102.617 E0.27682
G1 X115.635 Y102.55
G0 F18000 X115.635 Y103.146
G0 X102.642 Y112.683
G0 X102.367 Y112.952
G0 X102.82 Y113.215
G1 F8400 X98.653 Y117.383 E0.09777
G0 F18000 X99.19 Y117.383
G1 F8400 X102.34 Y114.233 E0.0739
G0 F18000 X102.464 Y114.646
G1 F8400 X99.728 Y117.383 E0.0642
G0 F18000 X100.266 Y117.382
G1 F8400 X102.76 Y114.888 E0.05851
G0 F18000 X103.272 Y114.913
G1 F8400 X100.803 Y117.382 E0.05792
G0 F18000 X101.34 Y117.382
G1 F8400 X108.913 Y109.809 E0.17766
G0 F18000 X108.956 Y110.304
G1 F8400 X101.878 Y117.382 E0.16605
G0 F18000 X102.415 Y117.382
G1 F8400 X109.206 Y110.591 E0.15931
G0 F18000 X109.628 Y110.706
G1 F8400 X102.953 Y117.381 E0.15659
G0 F18000 X103.491 Y117.381
G1 F8400 X110.164 Y110.707 E0.15656
G1 X110.231 Y110.64
G0 F18000 X110.229 Y111.239
G0 X109.247 Y111.131
G0 X108.751 Y110.822
G0 X108.467 Y110.332
G0 X108.427 Y109.862
G0 X108.533 Y109.488
G0 X108.789 Y109.163
G0 X109.261 Y108.808
G0 X109.407 Y109.315
G1 F8400 X116.106 Y102.617 E0.15714
G0 F18000 X116.643 Y102.617
G1 F8400 X109.971 Y109.288 E0.15651
G0 F18000 X110.5 Y109.297
G1 F8400 X117.18 Y102.617 E0.15671
G0 F18000 X117.718 Y102.617
G1 F8400 X110.867 Y109.467 E0.16071
G0 F18000 X111.079 Y109.793
G1 F8400 X118.255 Y102.617 E0.16835
G0 F18000 X118.793 Y102.617
G1 F8400 X104.028 Y117.381 E0.34637
G1 X103.961 Y117.448
G0 F18000 X103.961 Y116.854
G0 X111.31 Y110.755
G0 X116.215 Y104.832
G0 X116.878 Y104.52
G0 X116.9 Y105.046
G1 F8400 X119.33 Y102.617 E0.057
G0 F18000 X119.867 Y102.617
G1 F8400 X117.329 Y105.155 E0.05954
G0 F18000 X117.585 Y105.437
G1 F8400 X120.405 Y102.617 E0.06616
G0 F18000 X120.942 Y102.617
G1 F8400 X117.653 Y105.906 E0.07716
G1 X117.586 Y105.973
G0 F18000 X118.114 Y106.175
G0 X118.105 Y105.509
G0 X117.866 Y105.01
G0 X117.545 Y104.735
G0 X117.021 Y104.575
G0 X116.59 Y104.63
G0 X116.172 Y104.899
G0 X115.588 Y105.641
G0 X116.043 Y105.903
G1 F8400 X104.566 Y117.381 E0.26926
G0 F18000 X105.104 Y117.38
G1 F8400 X115.859 Y106.625 E0.25231
G0 F18000 X116.058 Y106.963
G1 F8400 X105.641 Y117.38 E0.24438
G0 F18000 X106.178 Y117.38
G1 F8400 X116.41 Y107.149 E0.24003
G1 X116.477 Y107.082
G0 F18000 X116.425 Y107.682
G0 X117.138 Y107.476
G0 X121.48 Y103.146
G0 X121.48 Y102.617
G1 F8400 X106.716 Y117.38 E0.34635
G0 F18000 X107.253 Y117.38
G1 F8400 X122.017 Y102.617 E0.34635
G0 F18000 X122.529 Y102.642
G1 F8400 X107.791 Y117.38 E0.34575
G0 F18000 X108.329 Y117.38
G1 F8400 X122.841 Y102.868 E0.34045
G0 F18000 X123.331 Y102.915
G1 F8400 X108.866 Y117.38 E0.33934
G0 F18000 X109.404 Y117.38
G1 F8400 X123.867 Y102.917 E0.3393
G1 X123.934 Y102.85
G0 F18000 X124.7 Y102.62
G1 F8400 X109.941 Y117.38 E0.34625
G0 F18000 X110.479 Y117.379
G1 F8400 X125.238 Y102.62 E0.34624
G0 F18000 X125.776 Y102.62
G1 F8400 X111.016 Y117.379 E0.34625
G0 F18000 X111.554 Y117.379
G1 F8400 X126.314 Y102.619 E0.34626
G0 F18000 X126.851 Y102.619
G1 F8400 X116.628 Y112.842 E0.23983
G0 F18000 X117.006 Y113.002
G1 F8400 X126.911 Y103.097 E0.23237
G0 F18000 X126.911 Y103.634
G1 F8400 X117.233 Y113.312 E0.22704
G0 F18000 X117.429 Y113.653
G1 F8400 X126.911 Y104.172 E0.22243
G0 F18000 X126.911 Y104.709
G1 F8400 X117.618 Y114.002 E0.21801
G1 X117.551 Y114.069
G0 F18000 X118.144 Y113.91
G0 X117.395 Y112.721
G0 X117.014 Y112.463
G0 X116.497 Y112.371
G0 X115.973 Y112.519
G0 X115.574 Y112.884
G0 X115.461 Y113.198
G0 X115.32 Y113.697
G0 X115.841 Y113.629
G1 F8400 X112.091 Y117.379 E0.08797
G0 F18000 X112.629 Y117.378
G1 F8400 X115.995 Y114.013 E0.07895
G0 F18000 X116.192 Y114.353
G1 F8400 X113.167 Y117.378 E0.07097
G0 F18000 X113.704 Y117.378
G1 F8400 X116.394 Y114.688 E0.06311
G0 F18000 X116.709 Y114.911
G1 F8400 X114.242 Y117.378 E0.05788
G0 F18000 X114.779 Y117.378
G1 F8400 X117.295 Y114.862 E0.05902
G0 F18000 X117.564 Y114.593
G1 F8400 X126.911 Y105.246 E0.21928
G0 F18000 X126.911 Y105.784
G1 F8400 X115.317 Y117.378 E0.27199
G0 F18000 X115.854 Y117.378
G1 F8400 X126.911 Y106.321 E0.25939
G0 F18000 X126.911 Y106.859
G1 F8400 X116.392 Y117.378 E0.24677
G0 F18000 X116.929 Y117.378
G1 F8400 X126.911 Y107.396 E0.23417
G0 F18000 X126.911 Y107.933
G1 F8400 X117.467 Y117.378 E0.22156
G0 F18000 X118.005 Y117.377
G1 F8400 X126.911 Y108.471 E0.20893
G0 F18000 X126.911 Y109.008
G1 F8400 X118.542 Y117.377 E0.19633
G0 F18000 X119.08 Y117.377
G1 F8400 X126.911 Y109.546 E0.18371
G0 F18000 X126.911 Y110.083
G1 F8400 X119.617 Y117.377 E0.17111
G0 F18000 X120.155 Y117.376
G1 F8400 X126.911 Y110.62 E0.15849
G0 F18000 X126.911 Y111.158
G1 F8400 X120.693 Y117.376 E0.14587
G0 F18000 X121.23 Y117.376
G1 F8400 X126.911 Y111.695 E0.13327
G0 F18000 X126.911 Y112.233
G1 F8400 X121.767 Y117.376 E0.12066
G0 F18000 X122.305 Y117.376
G1 F8400 X126.911 Y112.77 E0.10806
G0 F18000 X126.911 Y113.307
G1 F8400 X123.135 Y117.083 E0.08858
G0 F18000 X123.672 Y117.083
G1 F8400 X126.911 Y113.845 E0.07597
G0 F18000 X126.911 Y114.382
G1 F8400 X124.161 Y117.132 E0.06451
G0 F18000 X124.472 Y117.359
G1 F8400 X126.911 Y114.92 E0.05722
G0 F18000 X126.911 Y115.457
G1 F8400 X124.985 Y117.383 E0.04518
G0 F18000 X125.522 Y117.383
G1 F8400 X126.911 Y115.995 E0.03257
G0 F18000 X126.911 Y116.532
G1 F8400 X126.059 Y117.383 E0.01998
G0 F18000 X126.597 Y117.383
G1 F8400 X126.911 Y117.069 E0.00737
G0 F18000 X126.104 Y116.686
G1 F1800 E-3.5
;MESH:NONMESH
G0 F1200 X126.104 Y116.686 Z0.7
G0 F18000 X110.604 Y109.246
G0 X103.14 Y107.167
G0 X93.13 Y102.66
G0 X91.686 Y102.66
G0 X81.464 Y99.209
G0 X80.884 Y97.857
G0 X78.611 Y97.65
G0 X78.647 Y98.346
;TIME_ELAPSED:175.058168
;LAYER:4
;TYPE:WALL-OUTER
;MESH:01_Prime_Insulator.STL
G1 F1800 E3.52079
G1 F1500 X78.367 Y98.35 E0.00367
G1 X77.882 Y98.339 E0.00636
G1 X77.622 Y98.324 E0.00341
G1 X77.078 Y98.279 E0.00716
G1 X76.525 Y98.204 E0.00732
G1 X76.114 Y98.13 E0.00548
G1 X75.853 Y98.074 E0.0035
G1 X75.59 Y98.013 E0.00354
G1 X75.35 Y97.953 E0.00324
G1 X75.348 Y97.955 E0.00004
G1 X75.09 Y97.884 E0.00351
G1 X74.827 Y97.803 E0.00361
G1 X74.604 Y97.729 E0.00308
G1 X74.342 Y97.636 E0.00365
G1 X73.894 Y97.461 E0.00631
G1 X73.649 Y97.358 E0.00348
G1 X73.397 Y97.243 E0.00363
G1 X73.203 Y97.15 E0.00282
G1 X72.69 Y96.886 E0.00757
G1 X72.287 Y96.649 E0.00613
G1 X72.051 Y96.504 E0.00363
G1 X71.859 Y96.379 E0.003
G1 X71.443 Y96.089 E0.00665
G1 X71.23 Y95.932 E0.00347
G1 X70.808 Y95.591 E0.00711
G1 X70.61 Y95.421 E0.00342
G1 X70.393 Y95.227 E0.00382
G1 X70.249 Y95.091 E0.0026
G1 X69.894 Y94.736 E0.00658
G1 X69.699 Y94.525 E0.00377
G1 X69.386 Y94.171 E0.0062
G1 X69.029 Y93.725 E0.00749
G1 X68.89 Y93.542 E0.00301
G1 X68.604 Y93.136 E0.00651
G1 X68.453 Y92.9 E0.00367
G1 X68.189 Y92.469 E0.00663
G1 X67.96 Y92.045 E0.00632
G1 X67.726 Y91.578 E0.00685
G1 X67.6 Y91.301 E0.00399
G1 X67.435 Y90.895 E0.00575
G1 X67.321 Y90.598 E0.00417
G1 X67.17 Y90.155 E0.00614
G1 X67.083 Y89.878 E0.00381
G1 X66.96 Y89.414 E0.00629
G1 X66.896 Y89.145 E0.00363
G1 X66.794 Y88.645 E0.00669
G1 X66.755 Y88.404 E0.0032
G1 X66.716 Y88.125 E0.00369
G1 X66.718 Y88.122 E0.00005
G1 X66.687 Y87.883 E0.00316
G1 X66.643 Y87.363 E0.00684
G1 X66.627 Y87.111 E0.00331
G1 X66.614 Y86.62 E0.00644
G1 X66.625 Y86.093 E0.00691
G1 X66.642 Y85.811 E0.0037
G1 X66.659 Y85.596 E0.00283
G1 X66.681 Y85.374 E0.00293
G1 X66.75 Y84.801 E0.00757
G1 X66.794 Y84.542 E0.00344
G1 X66.888 Y84.077 E0.00622
G1 X66.957 Y83.778 E0.00402
G1 X67.018 Y83.54 E0.00322
G1 X67.09 Y83.283 E0.0035
G1 X67.244 Y82.798 E0.00667
G1 X67.421 Y82.313 E0.00677
G1 X67.602 Y81.877 E0.00619
G1 X67.732 Y81.592 E0.00411
G1 X67.929 Y81.192 E0.00585
G1 X68.056 Y80.948 E0.00361
G1 X68.327 Y80.482 E0.00707
G1 X68.46 Y80.266 E0.00333
G1 X68.589 Y80.069 E0.00309
G1 X68.88 Y79.652 E0.00667
G1 X69.054 Y79.423 E0.00377
G1 X69.366 Y79.033 E0.00655
G1 X69.687 Y78.665 E0.0064
G1 X69.879 Y78.463 E0.00365
G1 X70.07 Y78.268 E0.00358
G1 X70.223 Y78.118 E0.00281
G1 X70.445 Y77.909 E0.004
G1 X70.624 Y77.748 E0.00316
G1 X71.04 Y77.398 E0.00713
G1 X71.43 Y77.102 E0.00642
G1 X71.818 Y76.827 E0.00624
G1 X72.243 Y76.555 E0.00662
G1 X72.489 Y76.409 E0.00375
G1 X72.689 Y76.298 E0.003
G1 X72.952 Y76.158 E0.00391
G1 X73.407 Y75.932 E0.00666
G1 X73.675 Y75.812 E0.00385
G1 X74.094 Y75.64 E0.00594
G1 X74.364 Y75.538 E0.00378
G1 X74.809 Y75.383 E0.00618
G1 X75.088 Y75.298 E0.00382
G1 X75.583 Y75.169 E0.00671
G1 X75.815 Y75.113 E0.00313
G1 X76.354 Y75.004 E0.00721
G1 X76.58 Y74.968 E0.003
G1 X76.839 Y74.932 E0.00343
G1 X76.842 Y74.934 E0.00005
G1 X77.08 Y74.903 E0.00315
G1 X77.575 Y74.862 E0.00651
G1 X77.857 Y74.843 E0.00371
G1 X78.348 Y74.83 E0.00644
G1 X78.902 Y74.842 E0.00727
G1 X79.402 Y74.877 E0.00657
G1 X79.638 Y74.901 E0.00311
G1 X80.224 Y74.976 E0.00775
G1 X80.637 Y75.05 E0.0055
G1 X80.919 Y75.111 E0.00378
G1 X81.182 Y75.172 E0.00354
G1 X81.438 Y75.236 E0.00346
G1 X81.924 Y75.38 E0.00665
G1 X82.364 Y75.528 E0.00609
G1 X82.653 Y75.637 E0.00405
G1 X83.092 Y75.818 E0.00623
G1 X83.35 Y75.934 E0.00371
G1 X84.048 Y76.287 E0.01026
G1 X84.469 Y76.535 E0.00641
G1 X84.912 Y76.814 E0.00687
G1 X85.302 Y77.089 E0.00626
G1 X85.526 Y77.254 E0.00365
G1 X85.917 Y77.57 E0.00659
G1 X86.132 Y77.751 E0.00369
G1 X86.348 Y77.947 E0.00382
G1 X86.517 Y78.106 E0.00304
G1 X86.89 Y78.479 E0.00692
G1 X87.202 Y78.819 E0.00605
G1 X87.57 Y79.256 E0.00749
G1 X87.862 Y79.638 E0.0063
G1 X88.154 Y80.054 E0.00666
G1 X88.423 Y80.48 E0.00661
G1 X88.553 Y80.702 E0.00337
G1 X88.793 Y81.137 E0.00651
G1 X89.032 Y81.614 E0.007
G1 X89.137 Y81.848 E0.00336
G1 X89.245 Y82.105 E0.00366
G1 X89.249 Y82.107 E0.00006
G1 X89.408 Y82.517 E0.00577
G1 X89.579 Y83.014 E0.00689
G1 X89.662 Y83.288 E0.00375
G1 X89.801 Y83.805 E0.00702
G1 X89.858 Y84.045 E0.00323
G1 X89.954 Y84.537 E0.00657
G1 X90.036 Y85.058 E0.00692
G1 X90.034 Y85.061 E0.00005
G1 X90.067 Y85.309 E0.00328
G1 X90.124 Y86.046 E0.00969
G1 X90.134 Y86.362 E0.00415
G1 X90.134 Y86.808 E0.00585
G1 X90.127 Y87.087 E0.00366
G1 X90.112 Y87.346 E0.0034
G1 X90.091 Y87.62 E0.0036
G1 X90.064 Y87.876 E0.00338
G1 X89.988 Y88.443 E0.0075
G1 X89.959 Y88.634 E0.00253
G1 X89.905 Y88.908 E0.00366
G1 X89.807 Y89.353 E0.00598
G1 X89.68 Y89.834 E0.00652
G1 X89.587 Y90.141 E0.00421
G1 X89.431 Y90.592 E0.00626
G1 X89.345 Y90.826 E0.00327
G1 X89.239 Y91.089 E0.00372
G1 X89.027 Y91.57 E0.00689
G1 X88.94 Y91.753 E0.00266
G1 X88.803 Y92.028 E0.00403
G1 X88.681 Y92.257 E0.0034
G1 X88.425 Y92.697 E0.00668
G1 X88.292 Y92.914 E0.00334
G1 X88.163 Y93.111 E0.00309
G1 X87.864 Y93.54 E0.00686
G1 X87.54 Y93.959 E0.00695
G1 X87.39 Y94.143 E0.00311
G1 X87.026 Y94.559 E0.00725
G1 X86.708 Y94.887 E0.00599
G1 X86.498 Y95.094 E0.00387
G1 X86.316 Y95.264 E0.00327
G1 X85.934 Y95.599 E0.00666
G1 X85.566 Y95.893 E0.00618
G1 X85.344 Y96.061 E0.00365
G1 X85.144 Y96.205 E0.00323
G1 X84.927 Y96.356 E0.00347
G1 X84.686 Y96.514 E0.00378
G1 X84.492 Y96.635 E0.003
G1 X84.265 Y96.77 E0.00346
G1 X84.017 Y96.909 E0.00373
G1 X83.608 Y97.121 E0.00604
G1 X83.344 Y97.249 E0.00385
G1 X82.855 Y97.464 E0.007
G1 X82.449 Y97.623 E0.00572
G1 X81.939 Y97.799 E0.00707
G1 X81.69 Y97.874 E0.00341
G1 X81.156 Y98.014 E0.00724
G1 X80.951 Y98.063 E0.00276
G1 X80.427 Y98.17 E0.00701
G1 X80.189 Y98.209 E0.00316
G1 X79.924 Y98.247 E0.00351
G1 X79.666 Y98.278 E0.00341
G1 X79.184 Y98.321 E0.00635
G1 X78.9 Y98.338 E0.00373
G1 X78.647 Y98.346 E0.00332
G0 F18000 X78.847 Y98.34
G0 X78.828 Y97.642
G0 X78.615 Y97.529
G0 X78.592 Y96.83
G1 F1500 X78.819 Y96.822 E0.00298
G1 X79.043 Y96.81 E0.00294
G1 X79.49 Y96.77 E0.00588
G1 X79.706 Y96.745 E0.00285
G1 X79.927 Y96.713 E0.00293
G1 X80.369 Y96.635 E0.00589
G1 X80.59 Y96.591 E0.00295
G1 X81.022 Y96.485 E0.00583
G1 X81.24 Y96.423 E0.00297
G1 X81.665 Y96.29 E0.00584
G1 X82.025 Y96.159 E0.00502
G1 X82.287 Y96.056 E0.00369
G1 X82.501 Y95.962 E0.00306
G1 X82.904 Y95.777 E0.00581
G1 X83.301 Y95.569 E0.00588
G1 X83.687 Y95.345 E0.00585
G1 X84.066 Y95.105 E0.00588
G1 X84.245 Y94.984 E0.00283
G1 X84.429 Y94.852 E0.00297
G1 X84.599 Y94.725 E0.00278
G1 X84.955 Y94.437 E0.006
G1 X85.334 Y94.103 E0.00662
G1 X85.612 Y93.834 E0.00507
G1 X85.905 Y93.529 E0.00555
G1 X86.068 Y93.354 E0.00314
G1 X86.215 Y93.18 E0.00299
G1 X86.5 Y92.828 E0.00594
G1 X86.629 Y92.655 E0.00283
G1 X86.92 Y92.239 E0.00666
G1 X86.918 Y92.237 E0.00004
G1 X86.984 Y92.137 E0.00157
G1 X87.242 Y91.716 E0.00647
G1 X87.345 Y91.531 E0.00278
G1 X87.564 Y91.119 E0.00612
G1 X87.745 Y90.724 E0.0057
G1 X87.91 Y90.325 E0.00566
G1 X88.071 Y89.886 E0.00613
G1 X88.206 Y89.457 E0.0059
G1 X88.324 Y89.031 E0.0058
G1 X88.418 Y88.592 E0.00589
G1 X88.496 Y88.149 E0.0059
G1 X88.529 Y87.928 E0.00293
G1 X88.577 Y87.489 E0.00579
G1 X88.594 Y87.27 E0.00288
G1 X88.614 Y86.829 E0.00579
G1 X88.614 Y86.368 E0.00605
G1 X88.606 Y86.141 E0.00298
G1 X88.595 Y85.939 E0.00265
G1 X88.558 Y85.472 E0.00614
G1 X88.533 Y85.272 E0.00264
G1 X88.496 Y85.034 E0.00316
G1 X88.42 Y84.595 E0.00584
G1 X88.326 Y84.163 E0.0058
G1 X88.208 Y83.729 E0.0059
G1 X88.073 Y83.3 E0.0059
G1 X87.943 Y82.939 E0.00503
G1 X87.857 Y82.723 E0.00305
G1 X87.751 Y82.47 E0.0036
G1 X87.56 Y82.063 E0.0059
G1 X87.353 Y81.661 E0.00593
G1 X87.129 Y81.277 E0.00583
G1 X86.991 Y81.049 E0.00349
G1 X86.973 Y81.027 E0.00037
G1 X86.768 Y80.724 E0.0048
G1 X86.506 Y80.36 E0.00588
G1 X86.224 Y80.012 E0.00587
G1 X86.078 Y79.841 E0.00295
G1 X85.776 Y79.511 E0.00587
G1 X85.621 Y79.351 E0.00292
G1 X85.34 Y79.082 E0.0051
G1 X84.962 Y78.749 E0.00661
G1 X84.791 Y78.609 E0.0029
G1 X84.436 Y78.333 E0.0059
G1 X84.07 Y78.076 E0.00586
G1 X83.694 Y77.839 E0.00583
G1 X83.499 Y77.721 E0.00299
G1 X83.311 Y77.616 E0.00282
G1 X82.917 Y77.409 E0.00584
G1 X82.509 Y77.219 E0.0059
G1 X82.3 Y77.129 E0.00298
G1 X81.884 Y76.968 E0.00585
G1 X81.682 Y76.9 E0.00279
G1 X81.17 Y76.736 E0.00705
G1 X81.167 Y76.739 E0.00006
G1 X81.04 Y76.703 E0.00173
G1 X80.598 Y76.595 E0.00597
G1 X80.373 Y76.546 E0.00302
G1 X79.933 Y76.468 E0.00586
G1 X79.497 Y76.411 E0.00577
G1 X79.05 Y76.37 E0.00589
G1 X78.607 Y76.353 E0.00581
G1 X78.382 Y76.35 E0.00295
G1 X78.166 Y76.354 E0.00283
G1 X77.712 Y76.37 E0.00596
G1 X77.258 Y76.41 E0.00598
G1 X76.827 Y76.467 E0.0057
G1 X76.759 Y76.481 E0.00091
G1 X76.384 Y76.544 E0.00499
G1 X75.946 Y76.642 E0.00589
G1 X75.568 Y76.74 E0.00512
G1 X75.297 Y76.822 E0.00371
G1 X75.084 Y76.891 E0.00294
G1 X74.727 Y77.021 E0.00498
G1 X74.458 Y77.127 E0.00379
G1 X73.856 Y77.399 E0.00866
G1 X73.447 Y77.611 E0.00604
G1 X73.067 Y77.834 E0.00578
G1 X72.686 Y78.075 E0.00591
G1 X72.512 Y78.194 E0.00276
G1 X72.143 Y78.462 E0.00598
G1 X71.954 Y78.61 E0.00315
G1 X71.769 Y78.766 E0.00317
G1 X71.466 Y79.033 E0.0053
G1 X71.299 Y79.187 E0.00298
G1 X70.98 Y79.51 E0.00595
G1 X70.822 Y79.677 E0.00301
G1 X70.554 Y79.977 E0.00527
G1 X70.252 Y80.352 E0.00631
G1 X70.13 Y80.52 E0.00272
G1 X69.864 Y80.898 E0.00606
G1 X69.778 Y81.028 E0.00204
G1 X69.774 Y81.03 E0.00006
G1 X69.509 Y81.465 E0.00668
G1 X69.398 Y81.662 E0.00297
G1 X69.297 Y81.85 E0.0028
G1 X69.189 Y82.068 E0.00319
G1 X69.002 Y82.468 E0.00579
G1 X68.832 Y82.876 E0.0058
G1 X68.68 Y83.296 E0.00586
G1 X68.608 Y83.51 E0.00296
G1 X68.529 Y83.778 E0.00366
G1 X68.432 Y84.152 E0.00507
G1 X68.379 Y84.371 E0.00295
G1 X68.336 Y84.581 E0.00281
G1 X68.253 Y85.031 E0.006
G1 X68.196 Y85.477 E0.0059
G1 X68.174 Y85.691 E0.00282
G1 X68.146 Y86.139 E0.00589
G1 X68.138 Y86.362 E0.00293
G1 X68.134 Y86.587 E0.00295
G1 X68.146 Y87.023 E0.00572
G1 X68.174 Y87.477 E0.00596
G1 X68.195 Y87.719 E0.00319
G1 X68.255 Y88.143 E0.00562
G1 X68.332 Y88.585 E0.00588
G1 X68.426 Y89.021 E0.00585
G1 X68.528 Y89.399 E0.00513
G1 X68.674 Y89.876 E0.00654
G1 X68.805 Y90.241 E0.00509
G1 X68.911 Y90.507 E0.00375
G1 X68.991 Y90.692 E0.00264
G1 X69.187 Y91.117 E0.00614
G1 X69.285 Y91.304 E0.00277
G1 X69.505 Y91.708 E0.00603
G1 X69.62 Y91.902 E0.00296
G1 X69.982 Y92.459 E0.00871
G1 X70.245 Y92.819 E0.00585
G1 X70.4 Y93.012 E0.00325
G1 X70.669 Y93.338 E0.00554
G1 X70.693 Y93.361 E0.00044
G1 X70.785 Y93.464 E0.00181
G1 X70.783 Y93.466 E0.00004
G1 X70.965 Y93.659 E0.00348
G1 X71.293 Y93.987 E0.00608
G1 X71.461 Y94.146 E0.00303
G1 X71.767 Y94.412 E0.00532
G1 X71.949 Y94.566 E0.00313
G1 X72.136 Y94.712 E0.00311
G1 X72.489 Y94.971 E0.00574
G1 X72.681 Y95.101 E0.00304
G1 X73.053 Y95.34 E0.0058
G1 X73.255 Y95.46 E0.00308
G1 X73.412 Y95.548 E0.00236
G1 X73.848 Y95.777 E0.00646
G1 X74.223 Y95.953 E0.00543
G1 X74.45 Y96.05 E0.00324
G1 X74.657 Y96.133 E0.00292
G1 X75.078 Y96.287 E0.00588
G1 X75.5 Y96.419 E0.0058
G1 X75.743 Y96.485 E0.0033
G1 X76.159 Y96.589 E0.00562
G1 X76.369 Y96.633 E0.00281
G1 X76.773 Y96.704 E0.00538
G1 X77.04 Y96.744 E0.00354
G1 X77.25 Y96.768 E0.00277
G1 X77.702 Y96.81 E0.00595
G1 X78.146 Y96.83 E0.00583
G1 X78.592 Y96.83 E0.00585
G0 F18000 X78.392 Y96.83
G0 X78.397 Y97.532
G0 X80.733 Y97.214
G0 X82.319 Y96.732
G0 X83.615 Y96.127
G0 X85.001 Y95.223
G0 X86.239 Y94.112
G0 X87.289 Y92.831
G0 X88.137 Y91.399
G0 X88.752 Y89.868
G0 X89.092 Y88.478
G0 X89.254 Y86.826
G0 X89.192 Y85.407
G0 X88.945 Y84.005
G0 X88.428 Y82.427
G0 X87.054 Y79.734
G0 X87.471 Y79.41
;TYPE:SKIN
G1 F8400 X85.575 Y77.514 E0.04448
G1 X85.508 Y77.447
G0 F18000 X85.176 Y77.869
G0 X83.706 Y76.898
G0 X83.954 Y76.43
G1 F8400 X88.521 Y80.998 E0.10715
G1 X88.588 Y81.065
G0 F18000 X88.101 Y81.324
G0 X88.555 Y82.262
G0 X89.039 Y82.053
G1 F8400 X82.917 Y75.931 E0.14362
G1 X82.85 Y75.864
G0 F18000 X82.632 Y76.385
G0 X85.186 Y78.107
G0 X86.788 Y79.596
G0 X86.374 Y79.925
G1 F8400 X89.365 Y82.916 E0.07017
G1 X89.432 Y82.983
G0 F18000 X89.59 Y83.678
G1 F8400 X87.518 Y81.606 E0.04861
G1 X87.451 Y81.539
G0 F18000 X87.929 Y81.262
G0 X88.498 Y82.441
G0 X88.008 Y82.634
G1 F8400 X89.748 Y84.374 E0.04082
G0 F18000 X89.858 Y85.022
G1 F8400 X88.309 Y83.473 E0.03634
G1 X88.242 Y83.406
G0 F18000 X88.511 Y84.212
G1 F8400 X89.921 Y85.621 E0.03307
G0 F18000 X89.958 Y86.196
G1 F8400 X88.644 Y84.882 E0.03083
G0 F18000 X88.731 Y85.507
G1 F8400 X89.963 Y86.739 E0.0289
G0 F18000 X89.945 Y87.258
G1 F8400 X88.774 Y86.087 E0.02747
G0 F18000 X88.785 Y86.635
G1 F8400 X89.905 Y87.755 E0.02627
G0 F18000 X89.844 Y88.232
G1 F8400 X88.77 Y87.158 E0.0252
G0 F18000 X88.73 Y87.655
G1 F8400 X89.773 Y88.698 E0.02447
G0 F18000 X89.68 Y89.142
G1 F8400 X88.67 Y88.133 E0.02368
G0 F18000 X88.591 Y88.591
G1 F8400 X89.573 Y89.573 E0.02304
G0 F18000 X89.453 Y89.991
G1 F8400 X88.497 Y89.035 E0.02243
G0 F18000 X88.383 Y89.457
G1 F8400 X89.319 Y90.394 E0.02197
G0 F18000 X89.176 Y90.788
G1 F8400 X88.255 Y89.868 E0.02159
G0 F18000 X88.114 Y90.264
G1 F8400 X89.018 Y91.167 E0.0212
G0 F18000 X88.852 Y91.539
G1 F8400 X87.961 Y90.648 E0.0209
G0 F18000 X87.796 Y91.021
G1 F8400 X88.675 Y91.9 E0.02062
G0 F18000 X88.488 Y92.25
G1 F8400 X87.618 Y91.38 E0.02041
G0 F18000 X87.43 Y91.729
G1 F8400 X88.29 Y92.589 E0.02018
G0 F18000 X88.084 Y92.92
G1 F8400 X87.229 Y92.065 E0.02006
G0 F18000 X87.021 Y92.395
G1 F8400 X87.866 Y93.24 E0.01982
G0 F18000 X87.64 Y93.552
G1 F8400 X86.799 Y92.71 E0.01974
G0 F18000 X86.567 Y93.016
G1 F8400 X87.406 Y93.855 E0.01968
G0 F18000 X87.16 Y94.146
G1 F8400 X86.326 Y93.312 E0.01957
G0 F18000 X86.074 Y93.598
G1 F8400 X86.91 Y94.433 E0.0196
G0 F18000 X86.645 Y94.706
G1 F8400 X85.812 Y93.873 E0.01954
G0 F18000 X85.542 Y94.141
G1 F8400 X86.375 Y94.974 E0.01954
G0 F18000 X86.094 Y95.23
G1 F8400 X85.261 Y94.397 E0.01954
G0 F18000 X84.971 Y94.644
G1 F8400 X85.807 Y95.481 E0.01962
G0 F18000 X85.509 Y95.72
G1 F8400 X84.673 Y94.883 E0.01962
G0 F18000 X84.363 Y95.111
G1 F8400 X85.203 Y95.951 E0.01971
G0 F18000 X84.888 Y96.174
G1 F8400 X84.039 Y95.324 E0.01993
G0 F18000 X83.708 Y95.531
G1 F8400 X84.564 Y96.387 E0.02008
G0 F18000 X84.231 Y96.591
G1 F8400 X83.368 Y95.728 E0.02025
G0 F18000 X83.014 Y95.912
G1 F8400 X83.885 Y96.782 E0.02042
G0 F18000 X83.532 Y96.967
G1 F8400 X82.647 Y96.082 E0.02076
G0 F18000 X82.273 Y96.245
G1 F8400 X83.167 Y97.14 E0.02098
G0 F18000 X82.793 Y97.303
G1 F8400 X81.883 Y96.393 E0.02135
G0 F18000 X81.481 Y96.528
G1 F8400 X82.408 Y97.456 E0.02176
G0 F18000 X82.01 Y97.594
G1 F8400 X81.066 Y96.651 E0.02213
G0 F18000 X80.634 Y96.756
G1 F8400 X81.598 Y97.72 E0.02262
G0 F18000 X81.172 Y97.832
G1 F8400 X80.182 Y96.842 E0.02323
G0 F18000 X79.719 Y96.916
G1 F8400 X80.735 Y97.932 E0.02384
G0 F18000 X80.285 Y98.019
G1 F8400 X79.231 Y96.965 E0.02473
G0 F18000 X78.725 Y96.997
G1 F8400 X79.816 Y98.088 E0.02559
G0 F18000 X79.327 Y98.136
G1 F8400 X78.192 Y97.001 E0.02663
G0 F18000 X77.628 Y96.975
G1 F8400 X78.823 Y98.169 E0.02802
G0 F18000 X78.293 Y98.177
G1 F8400 X77.031 Y96.915 E0.02961
G0 F18000 X76.389 Y96.81
G1 F8400 X77.737 Y98.158 E0.03162
G0 F18000 X77.155 Y98.114
G1 F8400 X75.689 Y96.648 E0.03439
G1 X75.622 Y96.581
G0 F18000 X74.911 Y96.407
G1 F8400 X76.535 Y98.031 E0.0381
G0 F18000 X75.869 Y97.902
G1 F8400 X74.008 Y96.041 E0.04366
G1 X73.941 Y95.974
G0 F18000 X73.697 Y96.48
G0 X72.543 Y95.843
G0 X72.827 Y95.398
G1 F8400 X75.153 Y97.724 E0.05457
G1 X75.22 Y97.791
G0 F18000 X75.377 Y97.238
G0 X78.377 Y97.472
G0 X80.033 Y97.345
G0 X81.65 Y96.968
G0 X83.19 Y96.349
G0 X84.617 Y95.505
G0 X85.9 Y94.451
G0 X87.006 Y93.219
G0 X88.026 Y91.619
G0 X88.602 Y90.308
G0 X89.047 Y88.716
G0 X89.246 Y87.065
G0 X89.192 Y85.407
G0 X88.945 Y84.005
G0 X88.428 Y82.427
G0 X87.68 Y80.952
G0 X86.811 Y79.736
G0 X85.378 Y78.187
G0 X85.044 Y78.595
G1 F8400 X82.053 Y75.605 E0.07016
G1 X81.986 Y75.538
G0 F18000 X81.286 Y75.375
G1 F8400 X83.361 Y77.449 E0.04867
G1 X83.428 Y77.516
G0 F18000 X83.693 Y77.033
G0 X82.521 Y76.468
G0 X82.331 Y76.957
G1 F8400 X80.589 Y75.215 E0.04087
G0 F18000 X79.95 Y75.113
G1 F8400 X81.496 Y76.66 E0.03628
G1 X81.563 Y76.727
G0 F18000 X80.757 Y76.457
G1 F8400 X79.344 Y75.045 E0.03314
G0 F18000 X78.772 Y75.01
G1 F8400 X80.083 Y76.322 E0.03077
G0 F18000 X79.46 Y76.235
G1 F8400 X78.229 Y75.005 E0.02887
G0 F18000 X77.712 Y75.025
G1 F8400 X78.879 Y76.192 E0.02738
G0 F18000 X78.329 Y76.179
G1 F8400 X77.214 Y75.064 E0.02616
G0 F18000 X76.732 Y75.12
G1 F8400 X77.807 Y76.195 E0.02522
G0 F18000 X77.309 Y76.234
G1 F8400 X76.27 Y75.195 E0.02437
G0 F18000 X75.824 Y75.287
G1 F8400 X76.831 Y76.294 E0.02362
G0 F18000 X76.372 Y76.372
G1 F8400 X75.395 Y75.395 E0.02292
G0 F18000 X74.975 Y75.512
G1 F8400 X75.932 Y76.469 E0.02245
G0 F18000 X75.505 Y76.58
G1 F8400 X74.572 Y75.647 E0.02189
G0 F18000 X74.179 Y75.791
G1 F8400 X75.095 Y76.707 E0.02149
G0 F18000 X74.699 Y76.848
G1 F8400 X73.797 Y75.947 E0.02115
G0 F18000 X73.427 Y76.114
G1 F8400 X74.316 Y77.003 E0.02086
G0 F18000 X73.946 Y77.171
G1 F8400 X73.067 Y76.291 E0.02063
G0 F18000 X72.717 Y76.479
G1 F8400 X73.585 Y77.347 E0.02036
G0 F18000 X73.237 Y77.536
G1 F8400 X72.376 Y76.675 E0.0202
G0 F18000 X72.047 Y76.884
G1 F8400 X72.9 Y77.736 E0.02
G0 F18000 X72.571 Y77.945
G1 F8400 X71.727 Y77.102 E0.01979
G0 F18000 X71.416 Y77.328
G1 F8400 X72.256 Y78.167 E0.01969
G0 F18000 X71.947 Y78.396
G1 F8400 X71.112 Y77.561 E0.01959
G0 F18000 X70.821 Y77.807
G1 F8400 X71.653 Y78.639 E0.01952
G0 F18000 X71.368 Y78.891
G1 F8400 X70.535 Y78.059 E0.01953
G0 F18000 X70.261 Y78.322
G1 F8400 X71.093 Y79.154 E0.01952
G0 F18000 X70.827 Y79.425
G1 F8400 X69.993 Y78.591 E0.01957
G0 F18000 X69.735 Y78.871
G1 F8400 X70.569 Y79.704 E0.01955
G0 F18000 X70.321 Y79.994
G1 F8400 X69.485 Y79.158 E0.01961
G0 F18000 X69.246 Y79.456
G1 F8400 X70.084 Y80.295 E0.01967
G0 F18000 X69.86 Y80.608
G1 F8400 X69.012 Y79.76 E0.01989
G0 F18000 X68.792 Y80.077
G1 F8400 X69.641 Y80.926 E0.01992
G0 F18000 X69.434 Y81.257
G1 F8400 X68.577 Y80.4 E0.0201
G0 F18000 X68.376 Y80.736
G1 F8400 X69.238 Y81.599 E0.02023
G0 F18000 X69.055 Y81.952
G1 F8400 X68.181 Y81.078 E0.0205
G0 F18000 X68 Y81.435
G1 F8400 X68.884 Y82.319 E0.02074
G0 F18000 X68.723 Y82.695
G1 F8400 X67.825 Y81.797 E0.02107
G0 F18000 X67.663 Y82.173
G1 F8400 X68.576 Y83.086 E0.02142
G0 F18000 X68.437 Y83.485
G1 F8400 X67.512 Y82.56 E0.0217
G0 F18000 X67.372 Y82.957
G1 F8400 X68.32 Y83.905 E0.02224
G0 F18000 X68.212 Y84.335
G1 F8400 X67.244 Y83.366 E0.02272
G0 F18000 X67.13 Y83.789
G1 F8400 X68.125 Y84.785 E0.02335
G0 F18000 X68.053 Y85.25
G1 F8400 X67.032 Y84.228 E0.02396
G0 F18000 X66.944 Y84.678
G1 F8400 X68 Y85.735 E0.02479
G0 F18000 X67.972 Y86.244
G1 F8400 X66.88 Y85.151 E0.02563
G0 F18000 X66.827 Y85.636
G1 F8400 X67.969 Y86.778 E0.02679
G0 F18000 X67.995 Y87.341
G1 F8400 X66.795 Y86.142 E0.02814
G0 F18000 X66.787 Y86.671
G1 F8400 X68.054 Y87.938 E0.02972
G0 F18000 X68.158 Y88.579
G1 F8400 X66.805 Y87.227 E0.03173
G0 F18000 X66.853 Y87.812
G1 F8400 X68.319 Y89.277 E0.03438
G1 X68.386 Y89.344
G0 F18000 X68.556 Y90.052
G1 F8400 X66.933 Y88.429 E0.03808
G0 F18000 X67.059 Y89.093
G1 F8400 X68.925 Y90.959 E0.04378
G1 X68.992 Y91.026
G0 F18000 X68.486 Y91.267
G0 X69.12 Y92.421
G0 X69.572 Y92.143
G1 F8400 X67.242 Y89.812 E0.05467
G1 X67.175 Y89.745
G0 F18000 X67.512 Y90.62
G1 F8400 X74.344 Y97.453 E0.16029
G1 X74.411 Y97.52
G0 F18000 X74.599 Y96.988
G0 X73.643 Y96.588
G0 X73.415 Y97.06
G1 F8400 X67.9 Y91.546 E0.12937
G1 X67.833 Y91.479
G0 F18000 X68.343 Y91.243
G0 X69.002 Y92.46
G0 X68.553 Y92.736
G1 F8400 X72.231 Y96.414 E0.08628
G1 X72.298 Y96.481
G1 F1800 E-3.5
;MESH:Upper-Dielectric-Part.STL
G0 F18000 X72.588 Y96.017
G0 X79.635 Y98.064
G0 X80.327 Y99.434
G0 X91.686 Y102.66
G0 X127.082 Y117.554
;TYPE:WALL-OUTER
G1 F1800 E3.52079
G1 F1500 X124.381 Y117.554 E0.03542
G1 X124.316 Y117.454 E0.00156
G1 X124.256 Y117.387 E0.00118
G1 X124.222 Y117.357 E0.00059
G1 X124.159 Y117.316 E0.00099
G1 X124.085 Y117.286 E0.00105
G1 X124.015 Y117.267 E0.00095
G1 X123.923 Y117.255 E0.00122
G1 X123.088 Y117.254 E0.01095
G1 X123.081 Y117.246 E0.00014
G1 X123.033 Y117.249 E0.00063
G1 X122.88 Y117.3 E0.00211
G1 X122.8 Y117.343 E0.00119
G1 X122.737 Y117.391 E0.00104
G1 X122.678 Y117.452 E0.00111
G1 X122.653 Y117.488 E0.00057
G1 X122.621 Y117.546 E0.00087
G1 X97.382 Y117.554 E0.33095
G1 X97.326 Y117.463 E0.0014
G1 X97.299 Y117.429 E0.00057
G1 X97.275 Y117.405 E0.00045
G1 X97.188 Y117.337 E0.00145
G1 X97.147 Y117.313 E0.00062
G1 X97.091 Y117.289 E0.0008
G1 X97.006 Y117.264 E0.00116
G1 X96.921 Y117.255 E0.00112
G1 X96.075 Y117.255 E0.01109
G1 X95.977 Y117.267 E0.00129
G1 X95.895 Y117.291 E0.00112
G1 X95.835 Y117.319 E0.00087
G1 X95.766 Y117.364 E0.00108
G1 X95.732 Y117.394 E0.00059
G1 X95.676 Y117.458 E0.00112
G1 X95.618 Y117.554 E0.00147
G1 X92.914 Y117.554 E0.03546
G1 X92.914 Y102.446 E0.19811
G1 X95.617 Y102.446 E0.03544
G1 X95.647 Y102.5 E0.00081
G1 X95.69 Y102.557 E0.00094
G1 X95.714 Y102.583 E0.00046
G1 X95.782 Y102.643 E0.00119
G1 X95.812 Y102.665 E0.00049
G1 X95.856 Y102.691 E0.00067
G1 X95.893 Y102.707 E0.00053
G1 X95.973 Y102.731 E0.0011
G1 X96.073 Y102.745 E0.00132
G1 X96.929 Y102.745 E0.01122
G1 X96.979 Y102.739 E0.00066
G1 X97.092 Y102.706 E0.00154
G1 X97.177 Y102.669 E0.00122
G1 X97.213 Y102.646 E0.00056
G1 X97.274 Y102.595 E0.00104
G1 X97.339 Y102.523 E0.00127
G1 X97.381 Y102.446 E0.00115
G1 X122.616 Y102.446 E0.3309
G1 X122.627 Y102.468 E0.00032
G1 X122.686 Y102.552 E0.00135
G1 X122.722 Y102.592 E0.00071
G1 X122.787 Y102.648 E0.00113
G1 X122.846 Y102.685 E0.00091
G1 X122.893 Y102.707 E0.00068
G1 X122.994 Y102.736 E0.00138
G1 X123.073 Y102.745 E0.00104
G1 X123.916 Y102.746 E0.01105
G1 X123.996 Y102.736 E0.00106
G1 X124.11 Y102.702 E0.00156
G1 X124.143 Y102.688 E0.00047
G1 X124.23 Y102.631 E0.00136
G1 X124.301 Y102.568 E0.00124
G1 X124.337 Y102.523 E0.00076
G1 X124.378 Y102.449 E0.00111
G1 X127.082 Y102.447 E0.03546
G1 X127.082 Y117.554 E0.1981
G0 F18000 X127.082 Y117.354
G0 X126.414 Y116.884
G0 X117.422 Y115.389
G0 X117.165 Y114.737
G1 F600 X117.21 Y114.715 E0.00066
G1 X117.27 Y114.675 E0.00095
G1 X117.344 Y114.609 E0.0013
G1 X117.38 Y114.565 E0.00075
G1 X117.416 Y114.513 E0.00083
G1 X117.437 Y114.475 E0.00057
G1 X117.461 Y114.415 E0.00085
G1 X117.471 Y114.378 E0.0005
G1 X117.489 Y114.266 E0.00149
G1 X117.489 Y114.217 E0.00064
G1 X117.48 Y114.141 E0.001
G1 X117.461 Y114.072 E0.00094
G1 X117.42 Y113.983 E0.00128
G1 X117.003 Y113.256 E0.01099
G1 X116.949 Y113.189 E0.00113
G1 X116.887 Y113.126 E0.00116
G1 X116.819 Y113.079 E0.00108
G1 X116.766 Y113.054 E0.00077
G1 X116.668 Y113.023 E0.00135
G1 X116.578 Y113.002 E0.00121
G1 X116.521 Y113.005 E0.00075
G1 X116.405 Y113.029 E0.00155
G1 X116.349 Y113.045 E0.00076
G1 X116.319 Y113.057 E0.00042
G1 X116.232 Y113.112 E0.00135
G1 X116.154 Y113.18 E0.00136
G1 X116.094 Y113.253 E0.00124
G1 X116.082 Y113.273 E0.00031
G1 X116.028 Y113.397 E0.00177
G1 X116.015 Y113.47 E0.00097
G1 X116.01 Y113.581 E0.00146
G1 X116.018 Y113.674 E0.00122
G1 X116.025 Y113.711 E0.00049
G1 X116.044 Y113.752 E0.00059
G1 X116.057 Y113.768 E0.00027
G1 X116.076 Y113.811 E0.00062
G1 X116.507 Y114.552 E0.01124
G1 X116.529 Y114.582 E0.00049
G1 X116.597 Y114.655 E0.00131
G1 X116.64 Y114.687 E0.0007
G1 X116.758 Y114.75 E0.00175
G1 X116.81 Y114.768 E0.00072
G1 X116.879 Y114.78 E0.00092
G1 X116.969 Y114.781 E0.00118
G1 X117.053 Y114.772 E0.00111
G1 X117.165 Y114.737 E0.00154
G0 F18000 X117.053 Y114.772
G0 X116.97 Y114.78
G0 X117.042 Y115.48
G0 X117.671 Y115.179
G0 X118.006 Y114.773
G0 X118.132 Y114.222
G0 X116.236 Y107.646
G0 X116.427 Y106.98
G1 F600 X116.516 Y106.986 E0.00117
G1 X116.617 Y106.985 E0.00132
G1 X116.745 Y106.951 E0.00174
G1 X116.8 Y106.925 E0.0008
G1 X116.816 Y106.921 E0.00022
G1 X116.838 Y106.91 E0.00032
G1 X116.868 Y106.889 E0.00048
G1 X116.936 Y106.822 E0.00125
G1 X116.976 Y106.778 E0.00078
G1 X116.997 Y106.748 E0.00048
G1 X117.425 Y106.012 E0.01116
G1 X117.473 Y105.893 E0.00168
G1 X117.49 Y105.752 E0.00186
G1 X117.487 Y105.7 E0.00068
G1 X117.475 Y105.636 E0.00085
G1 X117.455 Y105.563 E0.00099
G1 X117.442 Y105.529 E0.00048
G1 X117.419 Y105.486 E0.00064
G1 X117.379 Y105.426 E0.00095
G1 X117.355 Y105.397 E0.00049
G1 X117.315 Y105.357 E0.00074
G1 X117.235 Y105.297 E0.00131
G1 X117.202 Y105.278 E0.0005
G1 X117.13 Y105.246 E0.00103
G1 X117.088 Y105.233 E0.00058
G1 X117.004 Y105.217 E0.00112
G1 X116.968 Y105.214 E0.00047
G1 X116.871 Y105.22 E0.00127
G1 X116.762 Y105.248 E0.00148
G1 X116.714 Y105.268 E0.00068
G1 X116.682 Y105.285 E0.00048
G1 X116.622 Y105.325 E0.00095
G1 X116.575 Y105.362 E0.00078
G1 X116.535 Y105.404 E0.00076
G1 X116.491 Y105.468 E0.00102
G1 X116.059 Y106.221 E0.01138
G1 X116.043 Y106.255 E0.00049
G1 X116.024 Y106.318 E0.00086
G1 X116.01 Y106.408 E0.00119
G1 X116.01 Y106.504 E0.00126
G1 X116.03 Y106.601 E0.0013
G1 X116.08 Y106.727 E0.00178
G1 X116.113 Y106.775 E0.00076
G1 X116.129 Y106.788 E0.00027
G1 X116.165 Y106.83 E0.00073
G1 X116.24 Y106.892 E0.00128
G1 X116.265 Y106.909 E0.0004
G1 X116.379 Y106.965 E0.00167
G1 X116.427 Y106.98 E0.00066
G0 F18000 X116.379 Y106.965
G0 X116.265 Y106.909
G0 X116.246 Y106.896
G0 X115.918 Y107.513
G0 X111.535 Y110.492
G0 X110.906 Y110.189
G1 F600 X110.933 Y110.071 E0.00159
G1 X110.938 Y109.97 E0.00133
G1 X110.93 Y109.882 E0.00116
G1 X110.916 Y109.826 E0.00076
G1 X110.876 Y109.745 E0.00118
G1 X110.821 Y109.658 E0.00135
G1 X110.807 Y109.641 E0.00029
G1 X110.752 Y109.591 E0.00097
G1 X110.666 Y109.528 E0.0014
G1 X110.589 Y109.494 E0.0011
G1 X110.525 Y109.474 E0.00088
G1 X110.423 Y109.459 E0.00135
G1 X109.55 Y109.46 E0.01145
G1 X109.452 Y109.48 E0.00131
G1 X109.363 Y109.513 E0.00124
G1 X109.257 Y109.579 E0.00164
G1 X109.185 Y109.652 E0.00134
G1 X109.113 Y109.764 E0.00175
G1 X109.071 Y109.87 E0.0015
G1 X109.061 Y109.956 E0.00114
G1 X109.056 Y109.971 E0.00021
G1 X109.054 Y110.019 E0.00063
G1 X109.073 Y110.135 E0.00154
G1 X109.102 Y110.211 E0.00107
G1 X109.152 Y110.306 E0.00141
G1 X109.208 Y110.374 E0.00116
G1 X109.26 Y110.422 E0.00093
G1 X109.319 Y110.462 E0.00093
G1 X109.422 Y110.508 E0.00148
G1 X109.456 Y110.518 E0.00046
G1 X109.551 Y110.535 E0.00127
G1 X110.415 Y110.538 E0.01133
G1 X110.448 Y110.536 E0.00043
G1 X110.522 Y110.522 E0.00099
G1 X110.637 Y110.483 E0.00159
G1 X110.738 Y110.421 E0.00155
G1 X110.817 Y110.344 E0.00145
G1 X110.861 Y110.279 E0.00103
G1 X110.906 Y110.189 E0.00132
G0 F18000 X110.861 Y110.279
G0 X110.817 Y110.344
G0 X110.802 Y110.358
G0 X111.297 Y110.853
G0 X103.41 Y115.37
G0 X102.789 Y115.453
G0 X102.909 Y114.763
G1 F600 X102.998 Y114.779 E0.00119
G1 X103.033 Y114.782 E0.00046
G1 X103.125 Y114.776 E0.00121
G1 X103.229 Y114.75 E0.00141
G1 X103.281 Y114.73 E0.00073
G1 X103.318 Y114.711 E0.00055
G1 X103.414 Y114.647 E0.00151
G1 X103.474 Y114.582 E0.00116
G1 X103.937 Y113.779 E0.01215
G1 X103.956 Y113.732 E0.00066
G1 X103.986 Y113.61 E0.00165
G1 X103.99 Y113.541 E0.00091
G1 X103.979 Y113.442 E0.00131
G1 X103.952 Y113.348 E0.00128
G1 X103.919 Y113.283 E0.00096
G1 X103.847 Y113.187 E0.00157
G1 X103.777 Y113.119 E0.00128
G1 X103.742 Y113.094 E0.00056
G1 X103.661 Y113.051 E0.0012
G1 X103.63 Y113.038 E0.00044
G1 X103.526 Y113.015 E0.0014
G1 X103.418 Y113.01 E0.00142
G1 X103.307 Y113.03 E0.00148
G1 X103.222 Y113.061 E0.00119
G1 X103.158 Y113.09 E0.00092
G1 X103.084 Y113.146 E0.00122
G1 X103.01 Y113.23 E0.00147
G1 X102.562 Y114.007 E0.01176
G1 X102.53 Y114.09 E0.00117
G1 X102.513 Y114.178 E0.00118
G1 X102.51 Y114.22 E0.00055
G1 X102.511 Y114.283 E0.00083
G1 X102.519 Y114.351 E0.0009
G1 X102.533 Y114.403 E0.00071
G1 X102.583 Y114.515 E0.00161
G1 X102.611 Y114.559 E0.00068
G1 X102.65 Y114.609 E0.00083
G1 X102.691 Y114.648 E0.00074
G1 X102.76 Y114.699 E0.00113
G1 X102.803 Y114.724 E0.00065
G1 X102.871 Y114.752 E0.00096
G1 X102.909 Y114.763 E0.00052
G0 F18000 X102.871 Y114.752
G0 X102.803 Y114.724
G0 X102.76 Y114.699
G0 X102.732 Y114.678
G0 X102.319 Y115.24
G0 X102.007 Y114.802
G0 X101.869 Y114.296
G0 X101.968 Y113.832
G0 X103.859 Y107.619
G0 X103.645 Y106.95
G1 F600 X103.702 Y106.926 E0.00081
G1 X103.729 Y106.911 E0.00041
G1 X103.82 Y106.841 E0.00151
G1 X103.892 Y106.754 E0.00148
G1 X103.931 Y106.692 E0.00096
G1 X103.968 Y106.602 E0.00128
G1 X103.984 Y106.506 E0.00128
G1 X103.99 Y106.415 E0.0012
G1 X103.981 Y106.342 E0.00096
G1 X103.968 Y106.295 E0.00064
G1 X103.94 Y106.227 E0.00096
G1 X103.513 Y105.481 E0.01127
G1 X103.483 Y105.434 E0.00073
G1 X103.459 Y105.405 E0.00049
G1 X103.399 Y105.345 E0.00111
G1 X103.331 Y105.291 E0.00114
G1 X103.287 Y105.267 E0.00066
G1 X103.227 Y105.243 E0.00085
G1 X103.192 Y105.233 E0.00048
G1 X103.128 Y105.221 E0.00085
G1 X103.092 Y105.218 E0.00047
G1 X102.971 Y105.22 E0.00159
G1 X102.906 Y105.233 E0.00087
G1 X102.863 Y105.248 E0.0006
G1 X102.767 Y105.295 E0.0014
G1 X102.685 Y105.353 E0.00132
G1 X102.639 Y105.399 E0.00085
G1 X102.603 Y105.451 E0.00083
G1 X102.558 Y105.53 E0.00119
G1 X102.54 Y105.573 E0.00061
G1 X102.516 Y105.662 E0.00121
G1 X102.51 Y105.712 E0.00066
G1 X102.51 Y105.756 E0.00058
G1 X102.518 Y105.866 E0.00145
G1 X102.547 Y105.957 E0.00125
G1 X102.563 Y105.991 E0.00049
G1 X102.987 Y106.728 E0.01115
G1 X102.988 Y106.735 E0.00009
G1 X103.001 Y106.755 E0.00031
G1 X103.08 Y106.846 E0.00158
G1 X103.144 Y106.894 E0.00105
G1 X103.224 Y106.941 E0.00122
G1 X103.322 Y106.974 E0.00136
G1 X103.364 Y106.982 E0.00056
G1 X103.457 Y106.986 E0.00122
G1 X103.567 Y106.974 E0.00145
G1 X103.645 Y106.95 E0.00107
G0 F18000 X103.567 Y106.974
G0 X103.457 Y106.986
G0 X103.45 Y106.986
G0 X103.388 Y107.685
G0 X116.789 Y104.585
G0 X126.414 Y103.118
G0 X126.802 Y102.619
;TYPE:SKIN
G1 F8400 X126.912 Y102.728 E0.00257
G0 F18000 X126.912 Y103.266
G1 F8400 X126.265 Y102.619 E0.01518
G0 F18000 X125.727 Y102.619
G1 F8400 X126.912 Y103.803 E0.02779
G0 F18000 X126.912 Y104.341
G1 F8400 X125.19 Y102.62 E0.04039
G0 F18000 X124.653 Y102.62
G1 F8400 X126.912 Y104.878 E0.05298
G0 F18000 X126.912 Y105.415
G1 F8400 X124.292 Y102.796 E0.06145
G0 F18000 X123.876 Y102.917
G1 F8400 X126.912 Y105.953 E0.07122
G0 F18000 X126.912 Y106.49
G1 F8400 X123.337 Y102.916 E0.08386
G1 X123.27 Y102.849
G0 F18000 X122.501 Y102.617
G1 F8400 X126.912 Y107.028 E0.10348
G0 F18000 X126.912 Y107.565
G1 F8400 X121.964 Y102.617 E0.11608
G0 F18000 X121.426 Y102.617
G1 F8400 X126.912 Y108.102 E0.12869
G0 F18000 X126.912 Y108.64
G1 F8400 X120.889 Y102.617 E0.1413
G0 F18000 X120.352 Y102.617
G1 F8400 X126.912 Y109.177 E0.1539
G0 F18000 X126.912 Y109.715
G1 F8400 X119.814 Y102.617 E0.16652
G0 F18000 X119.277 Y102.617
G1 F8400 X126.912 Y110.252 E0.17911
G0 F18000 X126.912 Y110.789
G1 F8400 X118.739 Y102.617 E0.19172
G0 F18000 X118.202 Y102.617
G1 F8400 X126.912 Y111.327 E0.20433
G0 F18000 X126.912 Y111.864
G1 F8400 X117.665 Y102.617 E0.21693
G0 F18000 X117.127 Y102.617
G1 F8400 X126.912 Y112.402 E0.22955
G0 F18000 X126.912 Y112.939
G1 F8400 X116.59 Y102.617 E0.24215
G0 F18000 X116.052 Y102.617
G1 F8400 X126.912 Y113.476 E0.25476
G0 F18000 X126.912 Y114.014
G1 F8400 X115.515 Y102.617 E0.26737
G0 F18000 X114.978 Y102.617
G1 F8400 X126.912 Y114.551 E0.27997
G0 F18000 X126.912 Y115.089
G1 F8400 X117.654 Y105.831 E0.21719
G0 F18000 X117.503 Y106.217
G1 F8400 X126.912 Y115.626 E0.22073
G0 F18000 X126.912 Y116.164
G1 F8400 X117.305 Y106.557 E0.22538
G0 F18000 X117.103 Y106.892
G1 F8400 X126.912 Y116.701 E0.23012
G0 F18000 X126.912 Y117.238
G1 F8400 X116.791 Y107.117 E0.23744
G1 X116.724 Y107.05
G0 F18000 X116.877 Y107.643
G0 X117.426 Y107.241
G0 X118.088 Y106.075
G0 X118.105 Y105.506
G0 X117.871 Y105.016
G0 X117.545 Y104.735
G0 X116.849 Y104.521
G0 X116.871 Y105.048
G1 F8400 X114.44 Y102.617 E0.05703
G0 F18000 X113.903 Y102.617
G1 F8400 X116.494 Y105.208 E0.06078
G0 F18000 X116.265 Y105.517
G1 F8400 X113.365 Y102.617 E0.06803
G0 F18000 X112.828 Y102.617
G1 F8400 X116.069 Y105.859 E0.07604
G0 F18000 X115.879 Y106.206
G1 F8400 X112.291 Y102.617 E0.08419
G0 F18000 X111.753 Y102.617
G1 F8400 X115.92 Y106.784 E0.09776
G0 F18000 X116.207 Y107.071
G1 F8400 X126.519 Y117.383 E0.24192
G0 F18000 X125.982 Y117.383
G1 F8400 X111.216 Y102.617 E0.34641
G0 F18000 X110.678 Y102.617
G1 F8400 X125.444 Y117.383 E0.34641
G0 F18000 X124.907 Y117.383
G1 F8400 X110.141 Y102.617 E0.34641
G0 F18000 X109.604 Y102.617
G1 F8400 X124.099 Y117.112 E0.34005
G0 F18000 X123.532 Y117.083
G1 F8400 X109.066 Y102.617 E0.33937
G0 F18000 X108.529 Y102.617
G1 F8400 X122.994 Y117.083 E0.33936
G0 F18000 X122.631 Y117.257
G1 F8400 X107.991 Y102.617 E0.34345
G0 F18000 X107.454 Y102.617
G1 F8400 X122.212 Y117.375 E0.34622
G0 F18000 X121.675 Y117.375
G1 F8400 X106.917 Y102.617 E0.34622
G0 F18000 X106.379 Y102.617
G1 F8400 X116.595 Y112.833 E0.23966
G0 F18000 X116.172 Y112.948
G1 F8400 X105.842 Y102.617 E0.24235
G0 F18000 X105.304 Y102.617
G1 F8400 X115.915 Y113.228 E0.24893
G0 F18000 X115.851 Y113.701
G1 F8400 X104.767 Y102.617 E0.26003
G1 X104.7 Y102.55
G0 F18000 X104.7 Y103.146
G0 X117.395 Y112.721
G0 X117.906 Y113.422
G0 X117.447 Y113.685
G1 F8400 X121.137 Y117.375 E0.08657
G0 F18000 X120.6 Y117.375
G1 F8400 X117.638 Y114.413 E0.06949
G0 F18000 X117.439 Y114.752
G1 F8400 X120.063 Y117.376 E0.06156
G0 F18000 X119.526 Y117.376
G1 F8400 X117.089 Y114.94 E0.05716
G1 X117.022 Y114.873
G0 F18000 X117.084 Y115.475
G0 X118.988 Y116.854
G0 X118.988 Y117.376
G1 F8400 X104.23 Y102.617 E0.34623
G0 F18000 X103.692 Y102.617
G1 F8400 X110.363 Y109.288 E0.1565
G0 F18000 X109.824 Y109.287
G1 F8400 X103.155 Y102.617 E0.15646
G0 F18000 X102.617 Y102.617
G1 F8400 X109.34 Y109.34 E0.15772
G0 F18000 X109.034 Y109.572
G1 F8400 X102.08 Y102.617 E0.16315
G0 F18000 X101.543 Y102.617
G1 F8400 X108.885 Y109.96 E0.17225
G1 X108.952 Y110.027
G0 F18000 X108.362 Y110.064
G0 X108.623 Y110.667
G0 X109.024 Y111.033
G0 X109.489 Y111.177
G0 X110.653 Y111.157
G0 X111.139 Y110.926
G0 X111.364 Y110.663
G0 X111.638 Y110.065
G0 X111.107 Y110.032
G1 F8400 X118.451 Y117.376 E0.17229
G0 F18000 X117.914 Y117.377
G1 F8400 X110.966 Y110.428 E0.16301
G0 F18000 X110.658 Y110.658
G1 F8400 X117.377 Y117.377 E0.15763
G0 F18000 X116.839 Y117.377
G1 F8400 X110.171 Y110.708 E0.15644
G0 F18000 X109.632 Y110.707
G1 F8400 X116.302 Y117.377 E0.15648
G0 F18000 X115.765 Y117.377
G1 F8400 X101.005 Y102.617 E0.34626
G0 F18000 X100.468 Y102.617
G1 F8400 X102.909 Y105.058 E0.05727
G0 F18000 X102.557 Y105.244
G1 F8400 X99.93 Y102.617 E0.06163
G0 F18000 X99.393 Y102.617
G1 F8400 X102.36 Y105.584 E0.0696
G0 F18000 X102.552 Y106.314
G1 F8400 X98.856 Y102.617 E0.08672
G1 X98.789 Y102.55
G0 F18000 X98.789 Y103.146
G0 X103.605 Y104.709
G0 X103.961 Y105.043
G0 X104.645 Y106.119
G0 X104.143 Y106.292
G1 F8400 X115.228 Y117.378 E0.26006
G0 F18000 X114.691 Y117.378
G1 F8400 X104.083 Y106.77 E0.24886
G0 F18000 X103.827 Y107.051
G1 F8400 X114.153 Y117.378 E0.24226
G0 F18000 X113.616 Y117.378
G1 F8400 X103.392 Y107.154 E0.23985
G1 X103.325 Y107.087
G0 F18000 X103.273 Y107.675
G0 X102.772 Y107.39
G0 X98.318 Y103.146
G0 X98.318 Y102.617
G1 F8400 X113.079 Y117.378 E0.34629
G0 F18000 X112.542 Y117.378
G1 F8400 X97.781 Y102.617 E0.34629
G0 F18000 X97.367 Y102.741
G1 F8400 X112.004 Y117.378 E0.34338
G0 F18000 X111.467 Y117.378
G1 F8400 X96.997 Y102.909 E0.33945
G0 F18000 X96.468 Y102.917
G1 F8400 X110.93 Y117.379 E0.33927
G0 F18000 X110.393 Y117.379
G1 F8400 X95.902 Y102.888 E0.33995
G1 X95.835 Y102.821
G0 F18000 X95.093 Y102.617
G1 F8400 X109.855 Y117.379 E0.34631
G0 F18000 X109.318 Y117.379
G1 F8400 X94.556 Y102.617 E0.34631
G0 F18000 X94.018 Y102.617
G1 F8400 X108.781 Y117.38 E0.34634
G0 F18000 X108.244 Y117.38
G1 F8400 X104.071 Y113.206 E0.09791
G0 F18000 X103.792 Y112.928
G1 F8400 X93.481 Y102.617 E0.24189
G0 F18000 X93.085 Y102.758
G1 F8400 X103.21 Y112.883 E0.23753
G0 F18000 X102.894 Y113.105
G1 F8400 X93.085 Y103.296 E0.23012
G0 F18000 X93.085 Y103.833
G1 F8400 X102.691 Y113.439 E0.22535
G0 F18000 X102.494 Y113.779
G1 F8400 X93.085 Y104.37 E0.22073
G0 F18000 X93.085 Y104.908
G1 F8400 X102.344 Y114.167 E0.21721
G1 X102.411 Y114.234
G0 F18000 X101.811 Y114.212
G0 X102.007 Y114.802
G0 X102.244 Y115.11
G0 X102.705 Y115.378
G0 X103.211 Y115.415
G0 X103.603 Y115.29
G0 X103.94 Y114.992
G0 X104.628 Y113.93
G0 X104.115 Y113.788
G1 F8400 X107.707 Y117.38 E0.08427
G0 F18000 X107.169 Y117.38
G1 F8400 X103.928 Y114.138 E0.07604
G0 F18000 X103.73 Y114.478
G1 F8400 X106.632 Y117.38 E0.06808
G0 F18000 X106.095 Y117.38
G1 F8400 X103.506 Y114.791 E0.06074
G0 F18000 X103.124 Y114.947
G1 F8400 X105.558 Y117.38 E0.05709
G0 F18000 X105.02 Y117.38
G1 F8400 X93.085 Y105.445 E0.27999
G0 F18000 X93.085 Y105.983
G1 F8400 X104.483 Y117.38 E0.26738
G0 F18000 X103.946 Y117.381
G1 F8400 X93.085 Y106.52 E0.2548
G0 F18000 X93.085 Y107.057
G1 F8400 X103.409 Y117.381 E0.2422
G0 F18000 X102.871 Y117.381
G1 F8400 X93.085 Y107.595 E0.22958
G0 F18000 X93.085 Y108.132
G1 F8400 X102.334 Y117.381 E0.21698
G0 F18000 X101.797 Y117.382
G1 F8400 X93.085 Y108.67 E0.20438
G0 F18000 X93.085 Y109.207
G1 F8400 X101.26 Y117.382 E0.19178
G0 F18000 X100.722 Y117.382
G1 F8400 X93.085 Y109.744 E0.17917
G0 F18000 X93.085 Y110.282
G1 F8400 X100.185 Y117.382 E0.16656
G0 F18000 X99.648 Y117.383
G1 F8400 X93.085 Y110.819 E0.15398
G0 F18000 X93.085 Y111.357
G1 F8400 X99.111 Y117.383 E0.14137
G0 F18000 X98.574 Y117.383
G1 F8400 X93.085 Y111.894 E0.12877
G0 F18000 X93.085 Y112.431
G1 F8400 X98.036 Y117.383 E0.11616
G0 F18000 X97.496 Y117.38
G1 F8400 X93.085 Y112.969 E0.10348
G0 F18000 X93.085 Y113.506
G1 F8400 X96.664 Y117.085 E0.08396
G0 F18000 X96.125 Y117.083
G1 F8400 X93.085 Y114.044 E0.07131
G0 F18000 X93.085 Y114.581
G1 F8400 X95.704 Y117.2 E0.06144
G0 F18000 X95.349 Y117.383
G1 F8400 X93.085 Y115.118 E0.05312
G0 F18000 X93.085 Y115.656
G1 F8400 X94.812 Y117.383 E0.04051
G0 F18000 X94.274 Y117.383
G1 F8400 X93.085 Y116.193 E0.02791
G0 F18000 X93.085 Y116.731
G1 F8400 X93.737 Y117.383 E0.0153
G0 F18000 X93.2 Y117.383
G1 F8400 X93.085 Y117.268 E0.0027
G0 F18000 X93.784 Y116.574
G1 F1800 E-3.5
;MESH:NONMESH
G0 F1200 X93.784 Y116.574 Z0.8
G0 F18000 X93.13 Y102.66
G0 X93.13 Y101.216
G0 X89.006 Y94.059
G0 X87.967 Y93.013
G0 X88.834 Y87.277
G0 X88.834 Y85.904
G0 X88.656 Y84.547
G0 X88.224 Y83.008
G0 X87.565 Y81.55
G0 X86.689 Y80.21
G0 X85.457 Y78.866
G0 X84.197 Y77.877
G0 X82.76 Y77.089
G0 X79.059 Y75.613
;TIME_ELAPSED:211.096021
;LAYER:5
G1 F1200 Z0.95
M82 ;absolute extrusion mode
M83 ; Relative Extruder mode
G1 E-5
G1 Z50
M83 ;relative extrusion mode
T1
M82 ;absolute extrusion mode
M83; Relative Extrusion Mode

M83 ;relative extrusion mode
M104 T0 S0
M106 S51
;MESH:01_Prime_Conductor.STL
G0 F24000 X79.059 Y75.613 Z0.95
;TYPE:WALL-OUTER
G1 F18000 Z0.8
G1 F1020.3 X78.964 Y75.61 E0.00002
G1 X78.869 Y75.606 E0.00002
G1 F1015.4 X78.774 Y75.603 E0.00002
G1 X78.679 Y75.599 E0.00002
G1 X78.584 Y75.595 E0.00002
G1 F1010.5 X78.425 Y75.595 E0.00004
G1 X78.266 Y75.595 E0.00004
G1 X78.107 Y75.594 E0.00004
G1 X78.049 Y75.596 E0.00002
G1 X77.99 Y75.599 E0.00002
G1 X77.931 Y75.602 E0.00002
G1 F1015.4 X77.872 Y75.605 E0.00002
G1 X77.813 Y75.608 E0.00002
G1 F1020.3 X77.754 Y75.611 E0.00002
G1 X77.695 Y75.614 E0.00002
G1 X77.636 Y75.616 E0.00002
G1 X77.625 Y75.618 E0
G1 X77.587 Y75.62 E0.00001
G1 F1015.4 X77.548 Y75.623 E0.00001
G1 F1010.5 X77.509 Y75.626 E0.00001
G1 X77.47 Y75.629 E0.00001
G1 F1005.7 X77.431 Y75.632 E0.00001
G1 F1000.9 X77.392 Y75.634 E0.00001
G1 X77.331 Y75.641 E0.00002
G1 F1005.7 X77.271 Y75.647 E0.00002
G1 X77.211 Y75.653 E0.00002
G1 F1010.5 X77.152 Y75.66 E0.00002
G1 X76.981 Y75.684 E0.00005
G1 X76.809 Y75.708 E0.00005
G1 X76.636 Y75.733 E0.00005
G1 F1005.7 X76.572 Y75.743 E0.00002
G1 F1000.9 X76.507 Y75.754 E0.00002
G1 F996.2 X76.442 Y75.765 E0.00002
G1 X76.408 Y75.771 E0.00001
G1 F1000.9 X76.374 Y75.778 E0.00001
G1 X76.339 Y75.784 E0.00001
G1 F1005.7 X76.305 Y75.791 E0.00001
G1 F1010.5 X76.27 Y75.798 E0.00001
G1 X76.236 Y75.804 E0.00001
G1 F1015.4 X76.202 Y75.811 E0.00001
G1 X76.046 Y75.845 E0.00004
G1 X75.888 Y75.879 E0.00004
G1 X75.729 Y75.914 E0.00004
G1 F1010.5 X75.574 Y75.956 E0.00004
G1 X75.419 Y75.998 E0.00004
G1 X75.264 Y76.04 E0.00004
G1 F1005.7 X75.112 Y76.088 E0.00004
G1 X74.96 Y76.137 E0.00004
G1 X74.807 Y76.186 E0.00004
G1 X74.717 Y76.219 E0.00003
G1 X74.626 Y76.253 E0.00003
G1 X74.535 Y76.287 E0.00003
G1 F1010.5 X74.444 Y76.321 E0.00003
G1 X74.353 Y76.355 E0.00003
G1 F1015.4 X74.261 Y76.395 E0.00003
G1 X74.169 Y76.434 E0.00003
G1 X74.077 Y76.473 E0.00003
G1 X73.985 Y76.512 E0.00003
G1 F1020.3 X73.893 Y76.551 E0.00003
G1 X73.801 Y76.591 E0.00003
G1 X73.709 Y76.63 E0.00003
G1 X73.699 Y76.635 E0
G1 X73.669 Y76.649 E0.00001
G1 F1015.4 X73.638 Y76.664 E0.00001
G1 X73.607 Y76.678 E0.00001
G1 F1010.5 X73.576 Y76.693 E0.00001
G1 F1005.7 X73.546 Y76.707 E0.00001
G1 X73.515 Y76.722 E0.00001
G1 F1000.9 X73.484 Y76.736 E0.00001
G1 X73.43 Y76.764 E0.00002
G1 F1005.7 X73.378 Y76.791 E0.00002
G1 X73.327 Y76.817 E0.00001
G1 F1010.5 X73.275 Y76.844 E0.00002
G1 X72.85 Y77.082 E0.00013
G1 X72.716 Y77.164 E0.00004
G1 X72.581 Y77.246 E0.00004
G1 X72.446 Y77.329 E0.00004
G1 F1005.7 X72.378 Y77.372 E0.00002
G1 F1000.9 X72.31 Y77.416 E0.00002
G1 X72.242 Y77.46 E0.00002
G1 X72.208 Y77.483 E0.00001
G1 F1005.7 X72.173 Y77.507 E0.00001
G1 X72.139 Y77.531 E0.00001
G1 F1010.5 X72.104 Y77.554 E0.00001
G1 F1015.4 X72.07 Y77.578 E0.00001
G1 F1020.3 X71.929 Y77.683 E0.00005
G1 X71.787 Y77.789 E0.00005
G1 X71.645 Y77.894 E0.00005
G1 X71.599 Y77.93 E0.00002
G1 X71.553 Y77.967 E0.00002
G1 X71.507 Y78.004 E0.00002
G1 F1015.4 X71.461 Y78.041 E0.00002
G1 X71.415 Y78.077 E0.00002
G1 F1010.5 X71.368 Y78.114 E0.00002
G1 X71.322 Y78.151 E0.00002
G1 X71.276 Y78.188 E0.00002
G1 X71.207 Y78.249 E0.00002
G1 X71.137 Y78.312 E0.00002
G1 X71.067 Y78.375 E0.00002
G1 F1015.4 X70.997 Y78.437 E0.00002
G1 X70.927 Y78.5 E0.00002
G1 X70.581 Y78.829 E0.00012
G1 X70.548 Y78.863 E0.00001
G1 F1010.5 X70.515 Y78.898 E0.00001
G1 F1005.7 X70.481 Y78.932 E0.00001
G1 X70.448 Y78.967 E0.00001
G1 F1000.9 X70.414 Y79.002 E0.00001
G1 X70.388 Y79.031 E0.00001
G1 X70.361 Y79.061 E0.00001
G1 F1005.7 X70.334 Y79.09 E0.00001
G1 X70.307 Y79.12 E0.00001
G1 X70.28 Y79.149 E0.00001
G1 F1010.5 X70.253 Y79.179 E0.00001
G1 X70.226 Y79.208 E0.00001
G1 F1015.4 X70.199 Y79.238 E0.00001
G1 X70.172 Y79.267 E0.00001
G1 X70.145 Y79.297 E0.00001
G1 F1020.3 X70.118 Y79.326 E0.00001
G1 X70.091 Y79.356 E0.00001
G1 X70.084 Y79.364 E0
G1 X70.059 Y79.393 E0.00001
G1 F1015.4 X70.034 Y79.423 E0.00001
G1 F1010.5 X70.008 Y79.453 E0.00001
G1 X69.983 Y79.482 E0.00001
G1 F1005.7 X69.958 Y79.512 E0.00001
G1 F1000.9 X69.932 Y79.542 E0.00001
G1 X69.907 Y79.573 E0.00001
G1 F1005.7 X69.883 Y79.603 E0.00001
G1 X69.858 Y79.634 E0.00001
G1 F1010.5 X69.834 Y79.664 E0.00001
G1 F1015.4 X69.809 Y79.695 E0.00001
G1 X69.785 Y79.725 E0.00001
G1 F1020.3 X69.76 Y79.756 E0.00001
G1 X69.706 Y79.826 E0.00002
G1 X69.652 Y79.896 E0.00002
G1 F1015.4 X69.597 Y79.967 E0.00002
G1 X69.543 Y80.037 E0.00002
G1 X69.488 Y80.108 E0.00002
G1 F1010.5 X69.396 Y80.241 E0.00004
G1 X69.304 Y80.374 E0.00004
G1 X69.211 Y80.507 E0.00004
G1 F1005.7 X69.125 Y80.643 E0.00004
G1 X69.04 Y80.778 E0.00004
G1 X68.954 Y80.913 E0.00004
G1 X68.907 Y80.995 E0.00002
G1 X68.86 Y81.077 E0.00002
G1 X68.813 Y81.158 E0.00002
G1 F1010.5 X68.767 Y81.24 E0.00002
G1 X68.72 Y81.322 E0.00002
G1 X68.497 Y81.753 E0.00013
G1 X68.297 Y82.187 E0.00012
G1 F1015.4 X68.265 Y82.265 E0.00002
G1 X68.233 Y82.344 E0.00002
G1 X68.201 Y82.422 E0.00002
G1 F1020.3 X68.169 Y82.501 E0.00002
G1 X68.137 Y82.58 E0.00002
G1 X68.105 Y82.658 E0.00002
G1 F1025.2 X68.102 Y82.666 E0
G1 X68.088 Y82.704 E0.00001
G1 F1020.3 X68.073 Y82.742 E0.00001
G1 F1015.4 X68.058 Y82.781 E0.00001
G1 X68.044 Y82.819 E0.00001
G1 F1010.5 X68.029 Y82.857 E0.00001
G1 X68.004 Y82.93 E0.00002
G1 X67.978 Y83.004 E0.00002
G1 F1015.4 X67.952 Y83.078 E0.00002
G1 F1020.3 X67.904 Y83.234 E0.00004
G1 X67.856 Y83.391 E0.00004
G1 X67.808 Y83.547 E0.00004
G1 X67.786 Y83.63 E0.00002
G1 X67.763 Y83.714 E0.00002
G1 F1015.4 X67.74 Y83.798 E0.00002
G1 X67.717 Y83.882 E0.00002
G1 X67.694 Y83.966 E0.00002
G1 X67.658 Y84.136 E0.00005
G1 X67.621 Y84.306 E0.00005
G1 X67.584 Y84.476 E0.00005
G1 X67.502 Y84.949 E0.00012
G1 X67.482 Y85.107 E0.00004
G1 X67.461 Y85.266 E0.00004
G1 X67.44 Y85.425 E0.00004
G1 X67.427 Y85.606 E0.00005
G1 X67.414 Y85.787 E0.00005
G1 X67.401 Y85.969 E0.00005
G1 X67.388 Y86.15 E0.00005
G1 X67.387 Y86.329 E0.00005
G1 X67.385 Y86.508 E0.00005
G1 X67.383 Y86.687 E0.00005
G1 X67.381 Y86.866 E0.00005
G1 F1010.5 X67.382 Y86.925 E0.00002
G1 F1005.7 X67.384 Y86.983 E0.00002
G1 X67.386 Y87.041 E0.00002
G1 F1000.9 X67.388 Y87.099 E0.00002
G1 X67.395 Y87.218 E0.00003
G1 X67.403 Y87.338 E0.00003
G1 X67.412 Y87.457 E0.00003
G1 X67.422 Y87.577 E0.00003
G1 X67.426 Y87.623 E0.00001
G1 F1005.7 X67.431 Y87.67 E0.00001
G1 X67.435 Y87.717 E0.00001
G1 F1010.5 X67.44 Y87.764 E0.00001
G1 F1015.4 X67.444 Y87.811 E0.00001
G1 X67.446 Y87.826 E0
G1 F1010.5 X67.457 Y87.915 E0.00002
G1 F1005.7 X67.469 Y88.005 E0.00002
G1 F1000.9 X67.517 Y88.333 E0.00009
G1 X67.533 Y88.429 E0.00003
G1 F996.2 X67.549 Y88.526 E0.00003
G1 X67.558 Y88.572 E0.00001
G1 F1000.9 X67.567 Y88.618 E0.00001
G1 X67.576 Y88.664 E0.00001
G1 F1005.7 X67.585 Y88.71 E0.00001
G1 F1010.5 X67.594 Y88.757 E0.00001
G1 X67.614 Y88.852 E0.00003
G1 X67.635 Y88.948 E0.00003
G1 F1005.7 X67.655 Y89.044 E0.00003
G1 X67.676 Y89.14 E0.00003
G1 X67.697 Y89.235 E0.00003
G1 F1000.9 X67.824 Y89.7 E0.00013
G1 F1005.7 X67.842 Y89.756 E0.00002
G1 X67.86 Y89.812 E0.00002
G1 X67.878 Y89.868 E0.00002
G1 F1010.5 X67.897 Y89.924 E0.00002
G1 X67.915 Y89.98 E0.00002
G1 F1015.4 X67.933 Y90.036 E0.00002
G1 X67.952 Y90.092 E0.00002
G1 X67.97 Y90.148 E0.00002
G1 X67.972 Y90.155 E0
G1 X67.988 Y90.201 E0.00001
G1 F1010.5 X68.004 Y90.247 E0.00001
G1 F1005.7 X68.02 Y90.293 E0.00001
G1 X68.036 Y90.339 E0.00001
G1 F1000.9 X68.052 Y90.385 E0.00001
G1 X68.078 Y90.454 E0.00002
G1 X68.104 Y90.524 E0.00002
G1 F1005.7 X68.13 Y90.595 E0.00002
G1 X68.135 Y90.607 E0
G1 F1000.9 X68.157 Y90.661 E0.00002
G1 F996.2 X68.18 Y90.716 E0.00002
G1 X68.202 Y90.77 E0.00002
G1 F991.5 X68.225 Y90.825 E0.00002
G1 X68.241 Y90.861 E0.00001
G1 X68.257 Y90.898 E0.00001
G1 F996.2 X68.273 Y90.934 E0.00001
G1 X68.289 Y90.971 E0.00001
G1 X68.305 Y91.008 E0.00001
G1 F1000.9 X68.321 Y91.044 E0.00001
G1 X68.337 Y91.081 E0.00001
G1 F1005.7 X68.354 Y91.118 E0.00001
G1 X68.37 Y91.154 E0.00001
G1 X68.386 Y91.191 E0.00001
G1 F1010.5 X68.402 Y91.228 E0.00001
G1 X68.418 Y91.264 E0.00001
G1 X68.499 Y91.423 E0.00005
G1 X68.582 Y91.585 E0.00005
G1 X68.664 Y91.747 E0.00005
G1 X68.747 Y91.91 E0.00005
G1 F1005.7 X68.988 Y92.322 E0.00013
G1 X69.039 Y92.402 E0.00002
G1 X69.091 Y92.483 E0.00003
G1 F1000.9 X69.143 Y92.564 E0.00003
G1 X69.194 Y92.645 E0.00003
G1 X69.246 Y92.725 E0.00003
G1 X69.301 Y92.804 E0.00003
G1 X69.357 Y92.883 E0.00003
G1 X69.413 Y92.963 E0.00003
G1 F1005.7 X69.469 Y93.042 E0.00003
G1 X69.524 Y93.122 E0.00003
G1 F1010.5 X69.566 Y93.176 E0.00002
G1 X69.607 Y93.228 E0.00002
G1 F1015.4 X69.647 Y93.28 E0.00002
G1 X69.688 Y93.332 E0.00002
G1 X69.728 Y93.384 E0.00002
G1 F1020.3 X69.769 Y93.436 E0.00002
G1 X69.81 Y93.488 E0.00002
G1 X70.128 Y93.865 E0.00013
G1 X70.16 Y93.9 E0.00001
G1 X70.192 Y93.935 E0.00001
G1 F1015.4 X70.225 Y93.971 E0.00001
G1 X70.257 Y94.006 E0.00001
G1 X70.29 Y94.041 E0.00001
G1 F1010.5 X70.322 Y94.077 E0.00001
G1 X70.355 Y94.112 E0.00001
G1 F1005.7 X70.387 Y94.147 E0.00001
G1 X70.419 Y94.183 E0.00001
G1 X70.452 Y94.218 E0.00001
G1 X70.565 Y94.33 E0.00004
G1 X70.679 Y94.444 E0.00004
G1 X70.793 Y94.558 E0.00004
G1 X70.926 Y94.677 E0.00005
G1 X71.059 Y94.795 E0.00005
G1 X71.192 Y94.913 E0.00005
G1 X71.325 Y95.032 E0.00005
G1 X71.369 Y95.068 E0.00001
G1 F1010.5 X71.415 Y95.105 E0.00002
G1 X71.461 Y95.142 E0.00002
G1 F1015.4 X71.507 Y95.18 E0.00002
G1 X71.874 Y95.461 E0.00012
G1 X72.012 Y95.558 E0.00004
G1 X72.15 Y95.655 E0.00004
G1 X72.288 Y95.753 E0.00004
G1 F1010.5 X72.424 Y95.839 E0.00004
G1 X72.559 Y95.924 E0.00004
G1 X72.694 Y96.009 E0.00004
G1 X72.778 Y96.058 E0.00003
G1 X72.863 Y96.107 E0.00003
G1 X72.948 Y96.156 E0.00003
G1 F1015.4 X73.033 Y96.205 E0.00003
G1 X73.118 Y96.254 E0.00003
G1 X73.808 Y96.595 E0.0002
G1 X73.888 Y96.631 E0.00002
G1 F1010.5 X73.968 Y96.668 E0.00002
G1 X74.023 Y96.691 E0.00002
G1 F1015.4 X74.078 Y96.714 E0.00002
G1 X74.133 Y96.738 E0.00002
G1 F1020.3 X74.188 Y96.761 E0.00002
G1 X74.2 Y96.766 E0
G1 X74.247 Y96.784 E0.00001
G1 F1015.4 X74.294 Y96.803 E0.00001
G1 X74.342 Y96.821 E0.00001
G1 F1010.5 X74.389 Y96.84 E0.00001
G1 F1005.7 X74.875 Y97.02 E0.00014
G1 F1010.5 X74.966 Y97.047 E0.00002
G1 X75.058 Y97.075 E0.00003
G1 X75.15 Y97.102 E0.00002
G1 F1015.4 X75.242 Y97.13 E0.00002
G1 X75.334 Y97.157 E0.00002
G1 F1020.3 X75.426 Y97.182 E0.00002
G1 X75.52 Y97.207 E0.00003
G1 X75.613 Y97.232 E0.00002
G1 F1025.2 X75.707 Y97.258 E0.00003
G1 X75.8 Y97.283 E0.00002
G1 X75.844 Y97.293 E0.00001
G1 F1020.3 X75.89 Y97.303 E0.00001
G1 F1015.4 X75.936 Y97.313 E0.00001
G1 X75.982 Y97.324 E0.00001
G1 F1010.5 X76.027 Y97.334 E0.00001
G1 F1005.7 X76.183 Y97.365 E0.00004
G1 X76.34 Y97.397 E0.00004
G1 X76.497 Y97.428 E0.00004
G1 F1000.9 X76.631 Y97.448 E0.00004
G1 X76.765 Y97.468 E0.00004
G1 X76.899 Y97.488 E0.00004
G1 X76.948 Y97.495 E0.00001
G1 X76.997 Y97.501 E0.00001
G1 F1005.7 X77.046 Y97.507 E0.00001
G1 F1010.5 X77.094 Y97.513 E0.00001
G1 X77.143 Y97.519 E0.00001
G1 F1015.4 X77.192 Y97.525 E0.00001
G1 F1020.3 X77.207 Y97.527 E0
G1 X77.254 Y97.531 E0.00001
G1 F1015.4 X77.302 Y97.536 E0.00001
G1 F1010.5 X77.35 Y97.54 E0.00001
G1 X77.398 Y97.545 E0.00001
G1 F1005.7 X77.446 Y97.55 E0.00001
G1 X77.524 Y97.555 E0.00002
G1 X77.603 Y97.561 E0.00002
G1 F1010.5 X77.682 Y97.567 E0.00002
G1 F1015.4 X77.691 Y97.568 E0
G1 X77.75 Y97.571 E0.00002
G1 F1010.5 X77.809 Y97.574 E0.00002
G1 X77.868 Y97.577 E0.00002
G1 F1005.7 X77.927 Y97.581 E0.00002
G1 F1000.9 X78.284 Y97.589 E0.00009
G1 F1005.7 X78.484 Y97.586 E0.00005
G1 X78.684 Y97.582 E0.00005
G1 X78.884 Y97.578 E0.00005
G1 X79.362 Y97.547 E0.00013
G1 X79.84 Y97.492 E0.00013
G1 F1010.5 X79.998 Y97.468 E0.00004
G1 X80.156 Y97.443 E0.00004
G1 X80.314 Y97.418 E0.00004
G1 F1015.4 X80.407 Y97.4 E0.00002
G1 X80.5 Y97.381 E0.00002
G1 X80.593 Y97.362 E0.00002
G1 F1020.3 X80.686 Y97.343 E0.00002
G1 X80.779 Y97.324 E0.00002
G1 X80.791 Y97.32 E0
G1 X80.829 Y97.311 E0.00001
G1 F1015.4 X80.868 Y97.302 E0.00001
G1 F1010.5 X80.907 Y97.293 E0.00001
G1 X80.946 Y97.284 E0.00001
G1 F1005.7 X80.985 Y97.275 E0.00001
G1 F1000.9 X81.024 Y97.266 E0.00001
G1 X81.097 Y97.247 E0.00002
G1 X81.172 Y97.227 E0.00002
G1 F1005.7 X81.248 Y97.207 E0.00002
G1 F1010.5 X81.399 Y97.163 E0.00004
G1 X81.551 Y97.118 E0.00004
G1 X81.703 Y97.073 E0.00004
G1 X81.74 Y97.061 E0.00001
G1 F1005.7 X81.777 Y97.049 E0.00001
G1 F1000.9 X81.814 Y97.036 E0.00001
G1 X81.851 Y97.024 E0.00001
G1 F996.2 X81.888 Y97.011 E0.00001
G1 F991.5 X81.925 Y96.999 E0.00001
G1 X81.956 Y96.987 E0.00001
G1 X81.987 Y96.976 E0.00001
G1 X82.018 Y96.964 E0.00001
G1 F996.2 X82.049 Y96.953 E0.00001
G1 X82.08 Y96.941 E0.00001
G1 X82.111 Y96.93 E0.00001
G1 X82.142 Y96.918 E0.00001
G1 F1000.9 X82.173 Y96.907 E0.00001
G1 X82.204 Y96.896 E0.00001
G1 X82.235 Y96.884 E0.00001
G1 F1005.7 X82.266 Y96.873 E0.00001
G1 X82.297 Y96.861 E0.00001
G1 X82.328 Y96.85 E0.00001
G1 F1010.5 X82.359 Y96.838 E0.00001
G1 X82.39 Y96.827 E0.00001
G1 X82.421 Y96.815 E0.00001
G1 X82.452 Y96.804 E0.00001
G1 F1015.4 X82.483 Y96.793 E0.00001
G1 X82.514 Y96.781 E0.00001
G1 X82.545 Y96.77 E0.00001
G1 X82.552 Y96.766 E0
G1 F1010.5 X82.612 Y96.742 E0.00002
G1 F1005.7 X83.051 Y96.546 E0.00013
G1 X83.103 Y96.52 E0.00002
G1 X83.156 Y96.494 E0.00002
G1 X83.209 Y96.468 E0.00002
G1 F1000.9 X83.262 Y96.441 E0.00002
G1 X83.315 Y96.415 E0.00002
G1 F996.2 X83.368 Y96.389 E0.00002
G1 X83.421 Y96.362 E0.00002
G1 X83.473 Y96.336 E0.00002
G1 X83.499 Y96.322 E0.00001
G1 F1000.9 X83.525 Y96.308 E0.00001
G1 X83.552 Y96.294 E0.00001
G1 F1005.7 X83.578 Y96.28 E0.00001
G1 F1010.5 X83.605 Y96.266 E0.00001
G1 F1015.4 X83.631 Y96.252 E0.00001
G1 X83.658 Y96.238 E0.00001
G1 F1020.3 X83.684 Y96.224 E0.00001
G1 X83.693 Y96.218 E0
G1 X83.734 Y96.194 E0.00001
G1 X83.776 Y96.17 E0.00001
G1 F1015.4 X83.817 Y96.146 E0.00001
G1 X83.859 Y96.122 E0.00001
G1 X83.9 Y96.098 E0.00001
G1 F1010.5 X83.942 Y96.074 E0.00001
G1 X83.984 Y96.05 E0.00001
G1 F1005.7 X84.025 Y96.026 E0.00001
G1 X84.067 Y96.002 E0.00001
G1 X84.108 Y95.978 E0.00001
G1 X84.242 Y95.893 E0.00004
G1 X84.378 Y95.806 E0.00004
G1 X84.514 Y95.719 E0.00004
G1 F1010.5 X84.592 Y95.663 E0.00003
G1 X84.671 Y95.606 E0.00003
G1 X84.75 Y95.55 E0.00003
G1 F1015.4 X84.829 Y95.493 E0.00003
G1 X84.907 Y95.437 E0.00002
G1 X84.982 Y95.38 E0.00002
G1 X85.057 Y95.322 E0.00002
G1 F1010.5 X85.132 Y95.264 E0.00002
G1 X85.208 Y95.206 E0.00002
G1 X85.283 Y95.148 E0.00002
G1 F1005.7 X85.344 Y95.098 E0.00002
G1 F1000.9 X85.407 Y95.047 E0.00002
G1 X85.47 Y94.995 E0.00002
G1 X85.494 Y94.974 E0.00001
G1 F1005.7 X85.519 Y94.952 E0.00001
G1 F1010.5 X85.544 Y94.931 E0.00001
G1 X85.569 Y94.909 E0.00001
G1 F1015.4 X85.594 Y94.887 E0.00001
G1 F1020.3 X85.619 Y94.866 E0.00001
G1 F1025.2 X85.644 Y94.844 E0.00001
G1 X85.653 Y94.835 E0
G1 F1020.3 X85.722 Y94.772 E0.00002
G1 X85.791 Y94.708 E0.00002
G1 F1015.4 X85.86 Y94.645 E0.00002
G1 X85.93 Y94.581 E0.00002
G1 X85.999 Y94.517 E0.00002
G1 F1010.5 X86.115 Y94.402 E0.00004
G1 X86.231 Y94.287 E0.00004
G1 X86.347 Y94.172 E0.00004
G1 X86.391 Y94.123 E0.00002
G1 X86.435 Y94.074 E0.00002
G1 F1015.4 X86.479 Y94.025 E0.00002
G1 X86.523 Y93.976 E0.00002
G1 X86.567 Y93.927 E0.00002
G1 F1020.3 X86.611 Y93.878 E0.00002
G1 X86.655 Y93.829 E0.00002
G1 X86.663 Y93.821 E0
G1 X86.695 Y93.784 E0.00001
G1 F1015.4 X86.727 Y93.747 E0.00001
G1 F1010.5 X86.759 Y93.71 E0.00001
G1 X86.791 Y93.673 E0.00001
G1 F1005.7 X86.823 Y93.636 E0.00001
G1 X86.871 Y93.577 E0.00002
G1 X86.92 Y93.517 E0.00002
G1 F1010.5 X86.968 Y93.458 E0.00002
G1 X87.255 Y93.083 E0.00012
G1 X87.35 Y92.946 E0.00004
G1 X87.445 Y92.809 E0.00004
G1 X87.54 Y92.672 E0.00004
G1 X87.625 Y92.538 E0.00004
G1 X87.711 Y92.403 E0.00004
G1 X87.797 Y92.268 E0.00004
G1 X88.038 Y91.846 E0.00013
G1 X88.355 Y91.218 E0.00018
G1 F1015.4 X88.374 Y91.174 E0.00001
G1 X88.393 Y91.13 E0.00001
G1 X88.412 Y91.086 E0.00001
G1 F1020.3 X88.431 Y91.042 E0.00001
G1 X88.45 Y90.998 E0.00001
G1 F1025.2 X88.469 Y90.954 E0.00001
G1 X88.488 Y90.91 E0.00001
G1 X88.507 Y90.866 E0.00001
G1 F1030.2 X88.526 Y90.822 E0.00001
G1 X88.545 Y90.778 E0.00001
G1 X88.549 Y90.768 E0
G1 F1025.2 X88.563 Y90.732 E0.00001
G1 F1020.3 X88.577 Y90.696 E0.00001
G1 F1015.4 X88.592 Y90.66 E0.00001
G1 X88.606 Y90.623 E0.00001
G1 F1010.5 X88.62 Y90.587 E0.00001
G1 F1005.7 X88.635 Y90.551 E0.00001
G1 X88.657 Y90.491 E0.00002
G1 X88.679 Y90.43 E0.00002
G1 F1010.5 X88.702 Y90.369 E0.00002
G1 X88.724 Y90.308 E0.00002
G1 X88.747 Y90.247 E0.00002
G1 F1015.4 X88.769 Y90.186 E0.00002
G1 X88.792 Y90.125 E0.00002
G1 X88.942 Y89.635 E0.00013
G1 X88.954 Y89.59 E0.00001
G1 F1010.5 X88.967 Y89.545 E0.00001
G1 F1005.7 X88.98 Y89.5 E0.00001
G1 X88.993 Y89.455 E0.00001
G1 F1000.9 X89.006 Y89.409 E0.00001
G1 X89.021 Y89.351 E0.00002
G1 F1005.7 X89.036 Y89.294 E0.00002
G1 X89.051 Y89.237 E0.00002
G1 F1010.5 X89.066 Y89.179 E0.00002
G1 X89.069 Y89.167 E0
G1 X89.079 Y89.121 E0.00001
G1 F1005.7 X89.09 Y89.074 E0.00001
G1 F1000.9 X89.101 Y89.027 E0.00001
G1 F996.2 X89.111 Y88.98 E0.00001
G1 X89.117 Y88.952 E0.00001
G1 X89.122 Y88.925 E0.00001
G1 X89.128 Y88.897 E0.00001
G1 F1000.9 X89.133 Y88.87 E0.00001
G1 X89.139 Y88.842 E0.00001
G1 F1005.7 X89.144 Y88.815 E0.00001
G1 X89.149 Y88.787 E0.00001
G1 X89.155 Y88.76 E0.00001
G1 F1010.5 X89.16 Y88.732 E0.00001
G1 X89.166 Y88.705 E0.00001
G1 F1015.4 X89.171 Y88.678 E0.00001
G1 X89.177 Y88.65 E0.00001
G1 X89.182 Y88.623 E0.00001
G1 F1020.3 X89.187 Y88.595 E0.00001
G1 X89.193 Y88.568 E0.00001
G1 F1025.2 X89.198 Y88.54 E0.00001
G1 X89.204 Y88.513 E0.00001
G1 X89.209 Y88.485 E0.00001
G1 X89.213 Y88.464 E0.00001
G1 F1020.3 X89.219 Y88.426 E0.00001
G1 F1015.4 X89.225 Y88.388 E0.00001
G1 F1010.5 X89.231 Y88.349 E0.00001
G1 X89.237 Y88.311 E0.00001
G1 F1005.7 X89.244 Y88.272 E0.00001
G1 F1000.9 X89.25 Y88.234 E0.00001
G1 X89.262 Y88.142 E0.00002
G1 X89.275 Y88.049 E0.00002
G1 X89.287 Y87.956 E0.00002
G1 F1005.7 X89.3 Y87.863 E0.00002
G1 X89.313 Y87.769 E0.00002
G1 F1010.5 X89.32 Y87.673 E0.00003
G1 X89.328 Y87.576 E0.00003
G1 X89.335 Y87.479 E0.00003
G1 F1015.4 X89.343 Y87.382 E0.00003
G1 X89.351 Y87.286 E0.00002
G1 F1020.3 X89.357 Y87.122 E0.00004
G1 X89.364 Y86.958 E0.00004
G1 X89.371 Y86.794 E0.00004
G1 X89.363 Y86.086 E0.00018
G1 X89.36 Y86.026 E0.00002
G1 X89.356 Y85.965 E0.00002
G1 X89.352 Y85.904 E0.00002
G1 F1015.4 X89.348 Y85.843 E0.00002
G1 X89.344 Y85.782 E0.00002
G1 F1010.5 X89.34 Y85.721 E0.00002
G1 X89.336 Y85.66 E0.00002
G1 X89.332 Y85.599 E0.00002
G1 X89.316 Y85.457 E0.00004
G1 X89.301 Y85.316 E0.00004
G1 X89.285 Y85.175 E0.00004
G1 F1015.4 X89.278 Y85.123 E0.00001
G1 X89.271 Y85.076 E0.00001
G1 X89.264 Y85.029 E0.00001
G1 F1010.5 X89.256 Y84.981 E0.00001
G1 X89.249 Y84.934 E0.00001
G1 X89.241 Y84.886 E0.00001
G1 F1005.7 X89.234 Y84.839 E0.00001
G1 X89.226 Y84.792 E0.00001
G1 F1000.9 X89.219 Y84.744 E0.00001
G1 X89.211 Y84.697 E0.00001
G1 X89.204 Y84.649 E0.00001
G1 X89.172 Y84.491 E0.00004
G1 X89.14 Y84.334 E0.00004
G1 X89.108 Y84.177 E0.00004
G1 F1005.7 X89.085 Y84.085 E0.00002
G1 X89.061 Y83.993 E0.00002
G1 X89.038 Y83.901 E0.00002
G1 F1010.5 X89.014 Y83.809 E0.00002
G1 X88.99 Y83.717 E0.00002
G1 X88.853 Y83.248 E0.00013
G1 F1015.4 X88.803 Y83.102 E0.00004
G1 X88.752 Y82.956 E0.00004
G1 X88.702 Y82.809 E0.00004
G1 X88.555 Y82.422 E0.00011
G1 F1010.5 X88.526 Y82.352 E0.00002
G1 F1005.7 X88.319 Y81.886 E0.00013
G1 X88.252 Y81.75 E0.00004
G1 X88.185 Y81.614 E0.00004
G1 X88.117 Y81.478 E0.00004
G1 F1000.9 X88.04 Y81.338 E0.00004
G1 X87.962 Y81.198 E0.00004
G1 X87.884 Y81.058 E0.00004
G1 X87.836 Y80.98 E0.00002
G1 X87.788 Y80.902 E0.00002
G1 X87.74 Y80.823 E0.00002
G1 F1005.7 X87.692 Y80.745 E0.00002
G1 X87.644 Y80.666 E0.00002
G1 F1010.5 X87.634 Y80.651 E0
G1 X87.584 Y80.576 E0.00002
G1 X87.533 Y80.5 E0.00002
G1 F1005.7 X87.483 Y80.424 E0.00002
G1 X87.432 Y80.349 E0.00002
G1 X87.381 Y80.273 E0.00002
G1 F1000.9 X87.068 Y79.852 E0.00014
G1 F1005.7 X86.972 Y79.733 E0.00004
G1 X86.875 Y79.613 E0.00004
G1 X86.778 Y79.494 E0.00004
G1 F1010.5 X86.739 Y79.45 E0.00002
G1 X86.699 Y79.405 E0.00002
G1 X86.659 Y79.36 E0.00002
G1 F1015.4 X86.619 Y79.315 E0.00002
G1 X86.58 Y79.27 E0.00002
G1 F1020.3 X86.54 Y79.225 E0.00002
G1 X86.5 Y79.18 E0.00002
G1 X86.46 Y79.135 E0.00002
G1 X86.435 Y79.108 E0.00001
G1 F1015.4 X86.408 Y79.079 E0.00001
G1 F1010.5 X86.382 Y79.051 E0.00001
G1 X86.355 Y79.022 E0.00001
G1 F1005.7 X86.328 Y78.993 E0.00001
G1 F1000.9 X86.302 Y78.965 E0.00001
G1 X86.26 Y78.923 E0.00002
G1 F1005.7 X86.218 Y78.88 E0.00002
G1 X86.176 Y78.837 E0.00002
G1 F1010.5 X86.134 Y78.794 E0.00002
G1 X86.128 Y78.788 E0
G1 X86.088 Y78.749 E0.00001
G1 F1005.7 X86.047 Y78.709 E0.00002
G1 X86.006 Y78.669 E0.00002
G1 F1000.9 X85.965 Y78.629 E0.00002
G1 X85.907 Y78.575 E0.00002
G1 X85.848 Y78.52 E0.00002
G1 F1005.7 X85.788 Y78.465 E0.00002
G1 F1010.5 X85.782 Y78.459 E0
G1 X85.715 Y78.399 E0.00002
G1 F1005.7 X85.647 Y78.338 E0.00002
G1 X85.579 Y78.277 E0.00002
G1 X85.465 Y78.183 E0.00004
G1 X85.351 Y78.089 E0.00004
G1 X85.238 Y77.996 E0.00004
G1 F1010.5 X85.192 Y77.96 E0.00002
G1 F1015.4 X85.146 Y77.923 E0.00002
G1 X85.099 Y77.887 E0.00002
G1 F1020.3 X85.053 Y77.85 E0.00002
G1 X85.045 Y77.844 E0
G1 X84.998 Y77.809 E0.00002
G1 F1015.4 X84.951 Y77.774 E0.00002
G1 X84.904 Y77.738 E0.00002
G1 F1010.5 X84.856 Y77.703 E0.00002
G1 X84.756 Y77.632 E0.00003
G1 X84.656 Y77.562 E0.00003
G1 X84.558 Y77.495 E0.00003
G1 X84.46 Y77.428 E0.00003
G1 X84.413 Y77.397 E0.00001
G1 F1015.4 X84.365 Y77.366 E0.00001
G1 X84.317 Y77.335 E0.00001
G1 F1020.3 X84.269 Y77.304 E0.00001
G1 X84.189 Y77.257 E0.00002
G1 X84.11 Y77.21 E0.00002
G1 X84.031 Y77.163 E0.00002
G1 X83.952 Y77.117 E0.00002
G1 F1015.4 X83.872 Y77.07 E0.00002
G1 X83.793 Y77.023 E0.00002
G1 X83.714 Y76.977 E0.00002
G1 X83.635 Y76.93 E0.00002
G1 F1010.5 X83.583 Y76.903 E0.00002
G1 X83.531 Y76.876 E0.00002
G1 X83.478 Y76.849 E0.00002
G1 F1005.7 X83.426 Y76.822 E0.00002
G1 X83.373 Y76.795 E0.00002
G1 F1000.9 X83.321 Y76.768 E0.00002
G1 X83.269 Y76.741 E0.00002
G1 X83.216 Y76.714 E0.00002
G1 X83.125 Y76.672 E0.00003
G1 X83.037 Y76.631 E0.00003
G1 X82.949 Y76.591 E0.00003
G1 F1005.7 X82.861 Y76.55 E0.00003
G1 X82.772 Y76.51 E0.00003
G1 F1010.5 X82.604 Y76.443 E0.00005
G1 X82.437 Y76.376 E0.00005
G1 X82.27 Y76.309 E0.00005
G1 X82.102 Y76.242 E0.00005
G1 X82.047 Y76.223 E0.00002
G1 X81.991 Y76.204 E0.00002
G1 F1005.7 X81.935 Y76.185 E0.00002
G1 F1000.9 X81.879 Y76.165 E0.00002
G1 X81.824 Y76.146 E0.00002
G1 X81.742 Y76.12 E0.00002
G1 F1005.7 X81.658 Y76.093 E0.00002
G1 X81.542 Y76.058 E0.00003
G1 F1010.5 X81.499 Y76.046 E0.00001
G1 X81.456 Y76.034 E0.00001
G1 F1015.4 X81.412 Y76.022 E0.00001
G1 X81.369 Y76.01 E0.00001
G1 F1020.3 X81.326 Y75.998 E0.00001
G1 X81.282 Y75.986 E0.00001
G1 F1025.2 X81.239 Y75.974 E0.00001
G1 X81.196 Y75.962 E0.00001
G1 X81.189 Y75.96 E0
G1 X81.147 Y75.95 E0.00001
G1 X81.104 Y75.939 E0.00001
G1 F1020.3 X81.062 Y75.928 E0.00001
G1 X81.019 Y75.917 E0.00001
G1 F1015.4 X80.976 Y75.906 E0.00001
G1 X80.934 Y75.895 E0.00001
G1 F1010.5 X80.891 Y75.884 E0.00001
G1 X80.848 Y75.873 E0.00001
G1 X80.797 Y75.862 E0.00001
G1 F1015.4 X80.745 Y75.85 E0.00001
G1 X80.583 Y75.818 E0.00004
G1 X80.42 Y75.786 E0.00004
G1 X80.257 Y75.754 E0.00004
G1 X80.198 Y75.745 E0.00002
G1 X80.14 Y75.736 E0.00002
G1 X80.081 Y75.727 E0.00002
G1 F1020.3 X80.023 Y75.719 E0.00002
G1 X79.965 Y75.71 E0.00002
G1 F1025.2 X79.906 Y75.701 E0.00002
G1 X79.848 Y75.693 E0.00002
G1 X79.79 Y75.684 E0.00002
G1 X79.78 Y75.682 E0
G1 F1020.3 X79.722 Y75.675 E0.00002
G1 F1015.4 X79.663 Y75.668 E0.00002
G1 F1010.5 X79.504 Y75.653 E0.00004
G1 X79.345 Y75.638 E0.00004
G1 X79.185 Y75.622 E0.00004
G1 X79.128 Y75.618 E0.00001
G1 F1020.3 X79.071 Y75.614 E0.00001
G1 X79.059 Y75.613 E0
G0 F24000 X78.859 Y75.606
G1 F60 E-0.001
G1 F18000 Z0.95
G0 F24000 X67.445 Y87.813 Z0.95
G1 F18000 Z0.8
G1 F60 E0.001
G1 F1015.4 X67.441 Y87.767 E0.00001
G1 F1010.5 X67.436 Y87.72 E0.00001
G1 F1005.7 X67.432 Y87.673 E0.00001
G1 X67.427 Y87.626 E0.00001
G1 F1000.9 X67.423 Y87.579 E0.00001
G1 X67.413 Y87.458 E0.00003
G1 X67.403 Y87.338 E0.00003
G1 X67.396 Y87.218 E0.00003
G1 X67.388 Y87.098 E0.00003
G1 X67.386 Y87.04 E0.00002
G1 F1005.7 X67.384 Y86.982 E0.00002
G1 X67.382 Y86.924 E0.00002
G1 F1010.5 X67.38 Y86.866 E0.00002
G1 X67.388 Y86.137 E0.00019
G1 X67.44 Y85.425 E0.00019
G1 F1015.4 X67.461 Y85.264 E0.00004
G1 X67.482 Y85.102 E0.00004
G1 X67.503 Y84.941 E0.00004
G1 X67.585 Y84.468 E0.00012
G1 X67.602 Y84.386 E0.00002
G1 X67.62 Y84.304 E0.00002
G1 X67.638 Y84.222 E0.00002
G1 F1010.5 X67.655 Y84.14 E0.00002
G1 X67.673 Y84.058 E0.00002
G1 X67.691 Y83.975 E0.00002
G1 X67.694 Y83.966 E0
G1 F1015.4 X67.716 Y83.883 E0.00002
G1 X67.739 Y83.799 E0.00002
G1 X67.762 Y83.715 E0.00002
G1 F1020.3 X67.785 Y83.631 E0.00002
G1 X67.808 Y83.547 E0.00002
G1 X67.856 Y83.391 E0.00004
G1 X67.904 Y83.234 E0.00004
G1 X67.952 Y83.078 E0.00004
G1 F1015.4 X67.977 Y83.005 E0.00002
G1 F1010.5 X68.003 Y82.931 E0.00002
G1 X68.029 Y82.857 E0.00002
G1 X68.043 Y82.819 E0.00001
G1 F1015.4 X68.058 Y82.781 E0.00001
G1 X68.073 Y82.742 E0.00001
G1 F1020.3 X68.087 Y82.704 E0.00001
G1 F1025.2 X68.102 Y82.666 E0.00001
G1 X68.105 Y82.657 E0
G1 F1020.3 X68.139 Y82.574 E0.00002
G1 X68.173 Y82.491 E0.00002
G1 X68.207 Y82.407 E0.00002
G1 F1015.4 X68.241 Y82.324 E0.00002
G1 X68.275 Y82.241 E0.00002
G1 X68.309 Y82.157 E0.00002
G1 F1010.5 X68.373 Y82.019 E0.00004
G1 X68.437 Y81.882 E0.00004
G1 X68.5 Y81.745 E0.00004
G1 F1005.7 X68.723 Y81.316 E0.00013
G1 X68.801 Y81.18 E0.00004
G1 X68.879 Y81.044 E0.00004
G1 X68.957 Y80.908 E0.00004
G1 F1000.9 X69.215 Y80.5 E0.00013
G1 F1005.7 X69.271 Y80.42 E0.00003
G1 X69.327 Y80.34 E0.00003
G1 X69.383 Y80.259 E0.00003
G1 F1010.5 X69.439 Y80.179 E0.00003
G1 X69.495 Y80.098 E0.00003
G1 F1015.4 X69.548 Y80.03 E0.00002
G1 X69.6 Y79.963 E0.00002
G1 X69.652 Y79.896 E0.00002
G1 F1020.3 X69.704 Y79.829 E0.00002
G1 X69.756 Y79.762 E0.00002
G1 X69.76 Y79.756 E0
G1 X69.784 Y79.726 E0.00001
G1 F1015.4 X69.808 Y79.696 E0.00001
G1 X69.833 Y79.665 E0.00001
G1 F1010.5 X69.857 Y79.635 E0.00001
G1 F1005.7 X69.882 Y79.604 E0.00001
G1 X69.906 Y79.574 E0.00001
G1 F1000.9 X69.931 Y79.543 E0.00001
G1 X69.956 Y79.514 E0.00001
G1 F1005.7 X69.981 Y79.484 E0.00001
G1 F1010.5 X70.007 Y79.454 E0.00001
G1 X70.032 Y79.425 E0.00001
G1 F1015.4 X70.057 Y79.395 E0.00001
G1 F1020.3 X70.083 Y79.365 E0.00001
G1 X70.092 Y79.355 E0
G1 X70.118 Y79.326 E0.00001
G1 X70.145 Y79.296 E0.00001
G1 F1015.4 X70.172 Y79.267 E0.00001
G1 X70.199 Y79.237 E0.00001
G1 X70.226 Y79.208 E0.00001
G1 F1010.5 X70.253 Y79.178 E0.00001
G1 X70.28 Y79.149 E0.00001
G1 F1005.7 X70.307 Y79.119 E0.00001
G1 X70.334 Y79.09 E0.00001
G1 X70.361 Y79.06 E0.00001
G1 F1000.9 X70.388 Y79.031 E0.00001
G1 X70.415 Y79.001 E0.00001
G1 X70.447 Y78.968 E0.00001
G1 F1005.7 X70.48 Y78.933 E0.00001
G1 X70.514 Y78.899 E0.00001
G1 F1010.5 X70.547 Y78.864 E0.00001
G1 F1015.4 X70.581 Y78.829 E0.00001
G1 X70.926 Y78.501 E0.00012
G1 X70.997 Y78.437 E0.00002
G1 X71.069 Y78.373 E0.00002
G1 F1010.5 X71.14 Y78.309 E0.00002
G1 X71.212 Y78.245 E0.00003
G1 X71.284 Y78.181 E0.00003
G1 X71.335 Y78.14 E0.00002
G1 X71.387 Y78.099 E0.00002
G1 F1015.4 X71.439 Y78.058 E0.00002
G1 X71.49 Y78.017 E0.00002
G1 X71.542 Y77.976 E0.00002
G1 F1020.3 X71.594 Y77.935 E0.00002
G1 X71.645 Y77.894 E0.00002
G1 X71.786 Y77.789 E0.00005
G1 X71.928 Y77.683 E0.00005
G1 X72.07 Y77.578 E0.00005
G1 F1015.4 X72.104 Y77.555 E0.00001
G1 F1010.5 X72.139 Y77.531 E0.00001
G1 F1005.7 X72.173 Y77.507 E0.00001
G1 X72.208 Y77.484 E0.00001
G1 F1000.9 X72.242 Y77.46 E0.00001
G1 X72.31 Y77.417 E0.00002
G1 X72.378 Y77.373 E0.00002
G1 F1005.7 X72.446 Y77.329 E0.00002
G1 X72.858 Y77.077 E0.00013
G1 F1010.5 X72.996 Y77 E0.00004
G1 X73.135 Y76.923 E0.00004
G1 X73.274 Y76.845 E0.00004
G1 X73.325 Y76.819 E0.00001
G1 F1005.7 X73.377 Y76.792 E0.00002
G1 X73.428 Y76.766 E0.00001
G1 F1000.9 X73.48 Y76.739 E0.00002
G1 X73.511 Y76.724 E0.00001
G1 F1005.7 X73.542 Y76.709 E0.00001
G1 X73.573 Y76.695 E0.00001
G1 F1010.5 X73.604 Y76.68 E0.00001
G1 F1015.4 X73.634 Y76.666 E0.00001
G1 X73.665 Y76.651 E0.00001
G1 F1020.3 X73.696 Y76.637 E0.00001
G1 X73.78 Y76.601 E0.00002
G1 X73.862 Y76.566 E0.00002
G1 X73.944 Y76.531 E0.00002
G1 X74.026 Y76.496 E0.00002
G1 F1015.4 X74.108 Y76.461 E0.00002
G1 X74.19 Y76.426 E0.00002
G1 X74.271 Y76.391 E0.00002
G1 X74.353 Y76.356 E0.00002
G1 F1010.5 X74.443 Y76.322 E0.00003
G1 X74.535 Y76.288 E0.00003
G1 F1005.7 X74.627 Y76.254 E0.00003
G1 X74.719 Y76.219 E0.00003
G1 X74.811 Y76.185 E0.00003
G1 X74.965 Y76.136 E0.00004
G1 X75.117 Y76.087 E0.00004
G1 X75.27 Y76.039 E0.00004
G1 F1010.5 X75.426 Y75.996 E0.00004
G1 X75.581 Y75.954 E0.00004
G1 X75.737 Y75.912 E0.00004
G1 F1015.4 X75.892 Y75.879 E0.00004
G1 X76.047 Y75.845 E0.00004
G1 X76.203 Y75.812 E0.00004
G1 X76.238 Y75.805 E0.00001
G1 F1010.5 X76.272 Y75.798 E0.00001
G1 X76.307 Y75.792 E0.00001
G1 F1005.7 X76.341 Y75.785 E0.00001
G1 F1000.9 X76.376 Y75.778 E0.00001
G1 X76.41 Y75.772 E0.00001
G1 F996.2 X76.444 Y75.765 E0.00001
G1 X76.506 Y75.755 E0.00002
G1 F1000.9 X76.571 Y75.744 E0.00002
G1 F1005.7 X76.636 Y75.733 E0.00002
G1 F1010.5 X76.808 Y75.709 E0.00005
G1 X76.98 Y75.685 E0.00005
G1 X77.153 Y75.66 E0.00005
G1 X77.212 Y75.654 E0.00002
G1 F1005.7 X77.272 Y75.648 E0.00002
G1 X77.332 Y75.642 E0.00002
G1 F1000.9 X77.391 Y75.635 E0.00002
G1 X77.428 Y75.633 E0.00001
G1 F1005.7 X77.467 Y75.63 E0.00001
G1 F1010.5 X77.506 Y75.627 E0.00001
G1 X77.545 Y75.624 E0.00001
G1 F1015.4 X77.584 Y75.621 E0.00001
G1 F1020.3 X77.623 Y75.619 E0.00001
G1 X77.635 Y75.617 E0
G1 X77.693 Y75.615 E0.00001
G1 X77.752 Y75.612 E0.00002
G1 X77.811 Y75.609 E0.00002
G1 F1015.4 X77.87 Y75.606 E0.00002
G1 X77.929 Y75.603 E0.00002
G1 F1010.5 X77.988 Y75.6 E0.00002
G1 X78.047 Y75.597 E0.00002
G1 X78.106 Y75.595 E0.00002
G1 X78.266 Y75.594 E0.00004
G1 X78.425 Y75.594 E0.00004
G1 X78.584 Y75.595 E0.00004
G1 F1015.4 X78.679 Y75.598 E0.00002
G1 X78.774 Y75.602 E0.00002
G1 X78.869 Y75.605 E0.00002
G1 F1020.3 X78.964 Y75.609 E0.00002
G1 X79.059 Y75.613 E0.00002
G1 X79.072 Y75.614 E0
G1 X79.129 Y75.618 E0.00001
G1 F1010.5 X79.186 Y75.622 E0.00001
G1 X79.344 Y75.637 E0.00004
G1 X79.503 Y75.652 E0.00004
G1 X79.663 Y75.668 E0.00004
G1 F1015.4 X79.721 Y75.675 E0.00002
G1 F1020.3 X79.78 Y75.682 E0.00002
G1 F1025.2 X79.792 Y75.684 E0
G1 X79.851 Y75.692 E0.00002
G1 X79.91 Y75.701 E0.00002
G1 X79.97 Y75.71 E0.00002
G1 F1020.3 X80.029 Y75.719 E0.00002
G1 X80.088 Y75.728 E0.00002
G1 F1015.4 X80.148 Y75.737 E0.00002
G1 X80.207 Y75.746 E0.00002
G1 X80.266 Y75.755 E0.00002
G1 X80.424 Y75.786 E0.00004
G1 X80.584 Y75.818 E0.00004
G1 X80.744 Y75.849 E0.00004
G1 X80.796 Y75.861 E0.00001
G1 F1010.5 X80.848 Y75.873 E0.00001
G1 X80.89 Y75.883 E0.00001
G1 X80.933 Y75.894 E0.00001
G1 F1015.4 X80.975 Y75.905 E0.00001
G1 X81.018 Y75.916 E0.00001
G1 F1020.3 X81.061 Y75.927 E0.00001
G1 X81.103 Y75.938 E0.00001
G1 F1025.2 X81.146 Y75.949 E0.00001
G1 X81.189 Y75.96 E0.00001
G1 X81.198 Y75.962 E0
G1 X81.241 Y75.974 E0.00001
G1 X81.284 Y75.986 E0.00001
G1 F1020.3 X81.328 Y75.998 E0.00001
G1 X81.371 Y76.01 E0.00001
G1 F1015.4 X81.414 Y76.022 E0.00001
G1 X81.458 Y76.034 E0.00001
G1 F1010.5 X81.501 Y76.046 E0.00001
G1 X81.544 Y76.058 E0.00001
G1 F1005.7 X81.658 Y76.093 E0.00003
G1 X81.741 Y76.119 E0.00002
G1 F1000.9 X81.825 Y76.146 E0.00002
G1 X81.88 Y76.165 E0.00002
G1 X81.936 Y76.184 E0.00002
G1 F1005.7 X81.992 Y76.203 E0.00002
G1 F1010.5 X82.048 Y76.223 E0.00002
G1 X82.103 Y76.242 E0.00002
G1 X82.269 Y76.308 E0.00005
G1 X82.436 Y76.375 E0.00005
G1 X82.603 Y76.442 E0.00005
G1 X82.771 Y76.509 E0.00005
G1 F1005.7 X82.92 Y76.578 E0.00004
G1 X83.07 Y76.647 E0.00004
G1 X83.22 Y76.716 E0.00004
G1 X83.305 Y76.76 E0.00003
G1 X83.39 Y76.804 E0.00003
G1 X83.476 Y76.848 E0.00003
G1 F1010.5 X83.561 Y76.892 E0.00002
G1 X83.646 Y76.936 E0.00002
G1 F1015.4 X83.723 Y76.981 E0.00002
G1 X83.801 Y77.027 E0.00002
G1 X83.878 Y77.073 E0.00002
G1 X83.956 Y77.118 E0.00002
G1 F1020.3 X84.033 Y77.164 E0.00002
G1 X84.111 Y77.21 E0.00002
G1 X84.188 Y77.256 E0.00002
G1 X84.266 Y77.301 E0.00002
G1 X84.315 Y77.334 E0.00002
G1 F1015.4 X84.363 Y77.365 E0.00001
G1 X84.411 Y77.396 E0.00001
G1 F1010.5 X84.459 Y77.427 E0.00001
G1 X84.561 Y77.497 E0.00003
G1 X84.662 Y77.566 E0.00003
G1 X84.758 Y77.634 E0.00003
G1 X84.855 Y77.702 E0.00003
G1 X84.902 Y77.737 E0.00002
G1 F1015.4 X84.949 Y77.772 E0.00002
G1 X84.996 Y77.808 E0.00002
G1 F1020.3 X85.044 Y77.843 E0.00002
G1 X85.054 Y77.851 E0
G1 X85.1 Y77.887 E0.00002
G1 F1015.4 X85.146 Y77.924 E0.00002
G1 X85.193 Y77.96 E0.00002
G1 F1010.5 X85.239 Y77.997 E0.00002
G1 F1005.7 X85.351 Y78.089 E0.00004
G1 X85.465 Y78.183 E0.00004
G1 X85.578 Y78.276 E0.00004
G1 X85.645 Y78.336 E0.00002
G1 X85.713 Y78.397 E0.00002
G1 F1010.5 X85.781 Y78.458 E0.00002
G1 X85.788 Y78.465 E0
G1 F1005.7 X85.847 Y78.52 E0.00002
G1 F1000.9 X85.906 Y78.575 E0.00002
G1 X85.966 Y78.63 E0.00002
G1 X86.006 Y78.669 E0.00001
G1 F1005.7 X86.047 Y78.709 E0.00002
G1 X86.088 Y78.749 E0.00002
G1 F1010.5 X86.129 Y78.789 E0.00001
G1 X86.135 Y78.795 E0
G1 X86.177 Y78.837 E0.00002
G1 F1005.7 X86.219 Y78.88 E0.00002
G1 X86.261 Y78.923 E0.00002
G1 F1000.9 X86.303 Y78.966 E0.00002
G1 X86.328 Y78.993 E0.00001
G1 F1005.7 X86.355 Y79.022 E0.00001
G1 F1010.5 X86.381 Y79.05 E0.00001
G1 X86.408 Y79.079 E0.00001
G1 F1015.4 X86.435 Y79.108 E0.00001
G1 F1020.3 X86.461 Y79.136 E0.00001
G1 X86.501 Y79.181 E0.00002
G1 X86.541 Y79.227 E0.00002
G1 X86.582 Y79.273 E0.00002
G1 F1015.4 X86.622 Y79.318 E0.00002
G1 X86.663 Y79.364 E0.00002
G1 F1010.5 X86.703 Y79.41 E0.00002
G1 X86.743 Y79.455 E0.00002
G1 X86.784 Y79.501 E0.00002
G1 F1005.7 X86.883 Y79.624 E0.00004
G1 X86.983 Y79.748 E0.00004
G1 X87.084 Y79.873 E0.00004
G1 F1000.9 X87.185 Y80.009 E0.00004
G1 X87.285 Y80.145 E0.00004
G1 X87.386 Y80.281 E0.00004
G1 X87.422 Y80.334 E0.00002
G1 X87.457 Y80.386 E0.00002
G1 F1005.7 X87.492 Y80.439 E0.00002
G1 X87.527 Y80.491 E0.00002
G1 X87.562 Y80.543 E0.00002
G1 F1010.5 X87.597 Y80.596 E0.00002
G1 X87.632 Y80.648 E0.00002
G1 X87.643 Y80.665 E0.00001
G1 F1005.7 X87.692 Y80.745 E0.00002
G1 X87.741 Y80.825 E0.00002
G1 F1000.9 X87.79 Y80.905 E0.00002
G1 X87.839 Y80.985 E0.00002
G1 X87.888 Y81.066 E0.00002
G1 X87.966 Y81.206 E0.00004
G1 X88.043 Y81.346 E0.00004
G1 X88.121 Y81.486 E0.00004
G1 F1005.7 X88.161 Y81.567 E0.00002
G1 X88.201 Y81.648 E0.00002
G1 X88.242 Y81.73 E0.00002
G1 F1010.5 X88.282 Y81.811 E0.00002
G1 X88.323 Y81.893 E0.00002
G1 F1015.4 X88.401 Y82.07 E0.00005
G1 X88.478 Y82.246 E0.00005
G1 X88.555 Y82.422 E0.00005
G1 X88.701 Y82.808 E0.00011
G1 X88.752 Y82.957 E0.00004
G1 X88.804 Y83.106 E0.00004
G1 X88.855 Y83.256 E0.00004
G1 F1010.5 X88.99 Y83.717 E0.00013
G1 X89.014 Y83.811 E0.00003
G1 X89.038 Y83.905 E0.00003
G1 F1005.7 X89.062 Y83.999 E0.00003
G1 X89.086 Y84.093 E0.00003
G1 X89.11 Y84.187 E0.00003
G1 F1000.9 X89.141 Y84.343 E0.00004
G1 X89.172 Y84.498 E0.00004
G1 X89.203 Y84.653 E0.00004
G1 X89.211 Y84.701 E0.00001
G1 X89.218 Y84.748 E0.00001
G1 X89.226 Y84.796 E0.00001
G1 F1005.7 X89.233 Y84.843 E0.00001
G1 X89.241 Y84.89 E0.00001
G1 F1010.5 X89.248 Y84.938 E0.00001
G1 X89.256 Y84.985 E0.00001
G1 X89.263 Y85.033 E0.00001
G1 F1015.4 X89.271 Y85.08 E0.00001
G1 X89.278 Y85.127 E0.00001
G1 X89.285 Y85.175 E0.00001
G1 X89.302 Y85.334 E0.00004
G1 X89.319 Y85.494 E0.00004
G1 X89.336 Y85.654 E0.00004
G1 F1020.3 X89.344 Y85.797 E0.00004
G1 X89.353 Y85.941 E0.00004
G1 X89.362 Y86.085 E0.00004
G1 X89.371 Y86.805 E0.00019
G1 X89.365 Y86.965 E0.00004
G1 X89.358 Y87.125 E0.00004
G1 X89.352 Y87.285 E0.00004
G1 F1015.4 X89.344 Y87.382 E0.00003
G1 X89.336 Y87.479 E0.00003
G1 F1010.5 X89.329 Y87.576 E0.00003
G1 X89.321 Y87.673 E0.00003
G1 X89.313 Y87.769 E0.00003
G1 F1005.7 X89.301 Y87.862 E0.00002
G1 X89.288 Y87.955 E0.00002
G1 F1000.9 X89.276 Y88.048 E0.00002
G1 X89.263 Y88.141 E0.00002
G1 X89.25 Y88.235 E0.00002
G1 X89.244 Y88.273 E0.00001
G1 F1005.7 X89.238 Y88.311 E0.00001
G1 F1010.5 X89.232 Y88.35 E0.00001
G1 X89.226 Y88.388 E0.00001
G1 F1015.4 X89.219 Y88.427 E0.00001
G1 F1020.3 X89.213 Y88.465 E0.00001
G1 F1025.2 X89.211 Y88.478 E0
G1 X89.206 Y88.505 E0.00001
G1 X89.201 Y88.532 E0.00001
G1 X89.195 Y88.56 E0.00001
G1 F1020.3 X89.19 Y88.587 E0.00001
G1 X89.184 Y88.615 E0.00001
G1 F1015.4 X89.179 Y88.642 E0.00001
G1 X89.174 Y88.67 E0.00001
G1 X89.168 Y88.697 E0.00001
G1 F1010.5 X89.163 Y88.725 E0.00001
G1 X89.157 Y88.752 E0.00001
G1 F1005.7 X89.152 Y88.779 E0.00001
G1 X89.146 Y88.807 E0.00001
G1 X89.141 Y88.834 E0.00001
G1 F1000.9 X89.136 Y88.862 E0.00001
G1 X89.13 Y88.889 E0.00001
G1 F996.2 X89.125 Y88.917 E0.00001
G1 X89.119 Y88.944 E0.00001
G1 X89.114 Y88.972 E0.00001
G1 X89.102 Y89.025 E0.00001
G1 F1000.9 X89.091 Y89.072 E0.00001
G1 F1005.7 X89.08 Y89.119 E0.00001
G1 F1010.5 X89.07 Y89.166 E0.00001
G1 X89.066 Y89.179 E0
G1 X89.052 Y89.236 E0.00002
G1 F1005.7 X89.037 Y89.293 E0.00002
G1 X89.022 Y89.35 E0.00002
G1 F1000.9 X89.007 Y89.408 E0.00002
G1 X88.995 Y89.453 E0.00001
G1 F1005.7 X88.982 Y89.498 E0.00001
G1 X88.969 Y89.543 E0.00001
G1 F1010.5 X88.956 Y89.588 E0.00001
G1 F1015.4 X88.943 Y89.634 E0.00001
G1 X88.792 Y90.125 E0.00013
G1 X88.77 Y90.185 E0.00002
G1 X88.748 Y90.246 E0.00002
G1 F1010.5 X88.725 Y90.307 E0.00002
G1 X88.703 Y90.368 E0.00002
G1 X88.68 Y90.429 E0.00002
G1 F1005.7 X88.658 Y90.49 E0.00002
G1 X88.635 Y90.551 E0.00002
G1 X88.621 Y90.587 E0.00001
G1 F1010.5 X88.607 Y90.623 E0.00001
G1 F1015.4 X88.592 Y90.659 E0.00001
G1 X88.578 Y90.696 E0.00001
G1 F1020.3 X88.564 Y90.732 E0.00001
G1 F1025.2 X88.549 Y90.768 E0.00001
G1 F1030.2 X88.545 Y90.779 E0
G1 X88.526 Y90.823 E0.00001
G1 X88.507 Y90.867 E0.00001
G1 F1025.2 X88.488 Y90.911 E0.00001
G1 X88.469 Y90.955 E0.00001
G1 X88.45 Y90.999 E0.00001
G1 F1020.3 X88.431 Y91.043 E0.00001
G1 X88.412 Y91.087 E0.00001
G1 F1015.4 X88.393 Y91.131 E0.00001
G1 X88.374 Y91.175 E0.00001
G1 X88.355 Y91.219 E0.00001
G1 F1010.5 X88.033 Y91.856 E0.00019
G1 X87.953 Y91.995 E0.00004
G1 X87.873 Y92.135 E0.00004
G1 X87.793 Y92.275 E0.00004
G1 X87.707 Y92.41 E0.00004
G1 X87.622 Y92.544 E0.00004
G1 X87.536 Y92.679 E0.00004
G1 F1015.4 X87.441 Y92.816 E0.00004
G1 X87.346 Y92.953 E0.00004
G1 X87.251 Y93.09 E0.00004
G1 X87.157 Y93.213 E0.00004
G1 X87.063 Y93.335 E0.00004
G1 X86.969 Y93.457 E0.00004
G1 F1010.5 X86.92 Y93.517 E0.00002
G1 F1005.7 X86.871 Y93.577 E0.00002
G1 X86.823 Y93.636 E0.00002
G1 X86.791 Y93.673 E0.00001
G1 F1010.5 X86.759 Y93.71 E0.00001
G1 X86.727 Y93.747 E0.00001
G1 F1015.4 X86.695 Y93.784 E0.00001
G1 F1020.3 X86.663 Y93.821 E0.00001
G1 X86.657 Y93.827 E0
G1 X86.594 Y93.897 E0.00002
G1 X86.53 Y93.968 E0.00002
G1 F1015.4 X86.467 Y94.039 E0.00002
G1 X86.403 Y94.109 E0.00002
G1 X86.34 Y94.18 E0.00002
G1 F1010.5 X86 Y94.516 E0.00012
G1 F1015.4 X85.931 Y94.579 E0.00002
G1 X85.862 Y94.643 E0.00002
G1 X85.793 Y94.706 E0.00002
G1 F1020.3 X85.723 Y94.77 E0.00002
G1 X85.654 Y94.834 E0.00002
G1 F1025.2 X85.645 Y94.843 E0
G1 X85.621 Y94.864 E0.00001
G1 F1020.3 X85.596 Y94.886 E0.00001
G1 F1015.4 X85.571 Y94.907 E0.00001
G1 F1010.5 X85.546 Y94.929 E0.00001
G1 X85.521 Y94.951 E0.00001
G1 F1005.7 X85.496 Y94.972 E0.00001
G1 F1000.9 X85.471 Y94.994 E0.00001
G1 X85.408 Y95.046 E0.00002
G1 X85.345 Y95.097 E0.00002
G1 F1005.7 X85.282 Y95.149 E0.00002
G1 F1010.5 X85.207 Y95.206 E0.00002
G1 X85.132 Y95.264 E0.00002
G1 X85.057 Y95.322 E0.00002
G1 F1015.4 X84.981 Y95.38 E0.00002
G1 X84.906 Y95.438 E0.00002
G1 X84.827 Y95.494 E0.00003
G1 X84.747 Y95.552 E0.00003
G1 F1010.5 X84.666 Y95.609 E0.00003
G1 X84.586 Y95.667 E0.00003
G1 X84.505 Y95.725 E0.00003
G1 F1005.7 X84.373 Y95.809 E0.00004
G1 X84.241 Y95.893 E0.00004
G1 X84.108 Y95.978 E0.00004
G1 X84.066 Y96.003 E0.00001
G1 X84.024 Y96.027 E0.00001
G1 X83.983 Y96.051 E0.00001
G1 F1010.5 X83.941 Y96.075 E0.00001
G1 X83.9 Y96.099 E0.00001
G1 F1015.4 X83.858 Y96.123 E0.00001
G1 X83.816 Y96.147 E0.00001
G1 X83.775 Y96.171 E0.00001
G1 F1020.3 X83.733 Y96.195 E0.00001
G1 X83.692 Y96.219 E0.00001
G1 X83.681 Y96.225 E0
G1 X83.655 Y96.239 E0.00001
G1 F1015.4 X83.629 Y96.253 E0.00001
G1 X83.602 Y96.267 E0.00001
G1 F1010.5 X83.576 Y96.281 E0.00001
G1 F1005.7 X83.549 Y96.295 E0.00001
G1 F1000.9 X83.523 Y96.309 E0.00001
G1 X83.496 Y96.323 E0.00001
G1 F996.2 X83.47 Y96.337 E0.00001
G1 X83.421 Y96.362 E0.00001
G1 X83.368 Y96.388 E0.00002
G1 X83.315 Y96.414 E0.00002
G1 F1000.9 X83.262 Y96.441 E0.00002
G1 X83.209 Y96.467 E0.00002
G1 F1005.7 X83.156 Y96.493 E0.00002
G1 X83.103 Y96.52 E0.00002
G1 X83.051 Y96.546 E0.00002
G1 X82.612 Y96.742 E0.00013
G1 F1010.5 X82.552 Y96.766 E0.00002
G1 F1015.4 X82.538 Y96.772 E0
G1 X82.508 Y96.783 E0.00001
G1 X82.477 Y96.794 E0.00001
G1 X82.446 Y96.806 E0.00001
G1 F1010.5 X82.415 Y96.817 E0.00001
G1 X82.384 Y96.829 E0.00001
G1 X82.353 Y96.84 E0.00001
G1 X82.322 Y96.852 E0.00001
G1 F1005.7 X82.291 Y96.863 E0.00001
G1 X82.26 Y96.874 E0.00001
G1 X82.229 Y96.886 E0.00001
G1 F1000.9 X82.198 Y96.897 E0.00001
G1 X82.167 Y96.909 E0.00001
G1 X82.136 Y96.92 E0.00001
G1 F996.2 X82.105 Y96.932 E0.00001
G1 X82.074 Y96.943 E0.00001
G1 X82.043 Y96.955 E0.00001
G1 X82.012 Y96.966 E0.00001
G1 F991.5 X81.981 Y96.977 E0.00001
G1 X81.95 Y96.989 E0.00001
G1 X81.919 Y97 E0.00001
G1 X81.889 Y97.01 E0.00001
G1 F996.2 X81.852 Y97.022 E0.00001
G1 F1000.9 X81.815 Y97.035 E0.00001
G1 X81.778 Y97.047 E0.00001
G1 F1005.7 X81.741 Y97.06 E0.00001
G1 F1010.5 X81.704 Y97.072 E0.00001
G1 X81.552 Y97.117 E0.00004
G1 X81.4 Y97.162 E0.00004
G1 X81.248 Y97.207 E0.00004
G1 F1005.7 X81.173 Y97.226 E0.00002
G1 F1000.9 X81.098 Y97.246 E0.00002
G1 X81.022 Y97.266 E0.00002
G1 X80.984 Y97.275 E0.00001
G1 F1005.7 X80.945 Y97.284 E0.00001
G1 F1010.5 X80.906 Y97.293 E0.00001
G1 X80.867 Y97.302 E0.00001
G1 F1015.4 X80.828 Y97.311 E0.00001
G1 F1020.3 X80.789 Y97.32 E0.00001
G1 X80.78 Y97.323 E0
G1 X80.686 Y97.342 E0.00002
G1 X80.592 Y97.361 E0.00002
G1 F1015.4 X80.498 Y97.38 E0.00002
G1 X80.404 Y97.399 E0.00002
G1 X80.31 Y97.418 E0.00002
G1 F1010.5 X80.222 Y97.432 E0.00002
G1 X80.135 Y97.445 E0.00002
G1 X80.048 Y97.459 E0.00002
G1 F1005.7 X79.961 Y97.472 E0.00002
G1 X79.874 Y97.485 E0.00002
G1 X79.787 Y97.499 E0.00002
G1 X79.695 Y97.509 E0.00002
G1 X79.602 Y97.519 E0.00002
G1 X79.508 Y97.53 E0.00002
G1 F1010.5 X79.415 Y97.54 E0.00002
G1 X79.321 Y97.55 E0.00002
G1 F1015.4 X79.308 Y97.552 E0
G1 X79.222 Y97.557 E0.00002
G1 X79.135 Y97.562 E0.00002
G1 F1010.5 X79.048 Y97.567 E0.00002
G1 X78.961 Y97.572 E0.00002
G1 X78.875 Y97.578 E0.00002
G1 X78.697 Y97.58 E0.00005
G1 X78.518 Y97.583 E0.00005
G1 X78.339 Y97.586 E0.00005
G1 X78.16 Y97.588 E0.00005
G1 X78.081 Y97.587 E0.00002
G1 F1005.7 X78.003 Y97.584 E0.00002
G1 X77.925 Y97.581 E0.00002
G1 X77.866 Y97.578 E0.00002
G1 F1010.5 X77.807 Y97.575 E0.00002
G1 X77.748 Y97.572 E0.00002
G1 F1015.4 X77.689 Y97.568 E0.00002
G1 X77.683 Y97.568 E0
G1 F1010.5 X77.605 Y97.563 E0.00002
G1 F1005.7 X77.526 Y97.557 E0.00002
G1 X77.447 Y97.551 E0.00002
G1 X77.399 Y97.546 E0.00001
G1 F1010.5 X77.351 Y97.541 E0.00001
G1 X77.303 Y97.537 E0.00001
G1 F1015.4 X77.255 Y97.532 E0.00001
G1 F1020.3 X77.207 Y97.527 E0.00001
G1 X77.194 Y97.526 E0
G1 F1015.4 X77.146 Y97.52 E0.00001
G1 F1010.5 X77.097 Y97.514 E0.00001
G1 X77.048 Y97.508 E0.00001
G1 F1005.7 X77 Y97.502 E0.00001
G1 F1000.9 X76.951 Y97.496 E0.00001
G1 X76.902 Y97.49 E0.00001
G1 X76.767 Y97.47 E0.00004
G1 X76.633 Y97.45 E0.00004
G1 X76.499 Y97.43 E0.00004
G1 F1005.7 X76.341 Y97.398 E0.00004
G1 X76.184 Y97.366 E0.00004
G1 X76.027 Y97.335 E0.00004
G1 F1010.5 X75.981 Y97.324 E0.00001
G1 F1015.4 X75.935 Y97.314 E0.00001
G1 X75.889 Y97.304 E0.00001
G1 F1020.3 X75.843 Y97.293 E0.00001
G1 F1025.2 X75.798 Y97.283 E0.00001
G1 X75.706 Y97.258 E0.00002
G1 X75.612 Y97.233 E0.00002
G1 F1020.3 X75.519 Y97.208 E0.00002
G1 X75.425 Y97.182 E0.00003
G1 X75.332 Y97.157 E0.00002
G1 F1015.4 X75.252 Y97.133 E0.00002
G1 X75.171 Y97.108 E0.00002
G1 X75.089 Y97.084 E0.00002
G1 F1010.5 X75.008 Y97.059 E0.00002
G1 X74.927 Y97.035 E0.00002
G1 X74.845 Y97.01 E0.00002
G1 F1005.7 X74.389 Y96.84 E0.00013
G1 F1010.5 X74.342 Y96.822 E0.00001
G1 F1015.4 X74.295 Y96.803 E0.00001
G1 X74.247 Y96.785 E0.00001
G1 F1020.3 X74.2 Y96.766 E0.00001
G1 X74.188 Y96.761 E0
G1 X74.133 Y96.738 E0.00002
G1 F1015.4 X74.078 Y96.715 E0.00002
G1 X74.023 Y96.691 E0.00002
G1 F1010.5 X73.968 Y96.668 E0.00002
G1 X73.888 Y96.632 E0.00002
G1 F1015.4 X73.808 Y96.595 E0.00002
G1 X73.12 Y96.255 E0.0002
G1 X73.036 Y96.206 E0.00003
G1 X72.951 Y96.157 E0.00003
G1 F1010.5 X72.866 Y96.108 E0.00003
G1 X72.781 Y96.059 E0.00003
G1 X72.696 Y96.01 E0.00003
G1 F1005.7 X72.28 Y95.748 E0.00013
G1 F1010.5 X72.2 Y95.691 E0.00003
G1 X72.119 Y95.634 E0.00003
G1 X72.038 Y95.577 E0.00003
G1 F1015.4 X71.957 Y95.52 E0.00003
G1 X71.876 Y95.463 E0.00003
G1 X71.507 Y95.18 E0.00012
G1 F1020.3 X71.385 Y95.078 E0.00004
G1 X71.262 Y94.975 E0.00004
G1 X71.14 Y94.872 E0.00004
G1 X71.096 Y94.832 E0.00002
G1 X71.052 Y94.792 E0.00002
G1 X71.007 Y94.752 E0.00002
G1 F1015.4 X70.963 Y94.712 E0.00002
G1 X70.918 Y94.671 E0.00002
G1 F1010.5 X70.874 Y94.631 E0.00002
G1 X70.829 Y94.591 E0.00002
G1 X70.785 Y94.551 E0.00002
G1 F1005.7 X70.674 Y94.44 E0.00004
G1 X70.563 Y94.329 E0.00004
G1 X70.452 Y94.218 E0.00004
G1 X70.419 Y94.182 E0.00001
G1 X70.387 Y94.147 E0.00001
G1 X70.354 Y94.111 E0.00001
G1 F1010.5 X70.322 Y94.076 E0.00001
G1 X70.289 Y94.041 E0.00001
G1 F1015.4 X70.257 Y94.005 E0.00001
G1 X70.224 Y93.97 E0.00001
G1 X70.192 Y93.935 E0.00001
G1 F1020.3 X70.16 Y93.899 E0.00001
G1 X70.127 Y93.864 E0.00001
G1 X69.812 Y93.491 E0.00013
G1 X69.754 Y93.416 E0.00002
G1 X69.696 Y93.341 E0.00002
G1 F1015.4 X69.638 Y93.266 E0.00002
G1 X69.579 Y93.191 E0.00002
G1 X69.521 Y93.116 E0.00002
G1 F1010.5 X69.486 Y93.066 E0.00002
G1 X69.452 Y93.017 E0.00002
G1 X69.417 Y92.968 E0.00002
G1 F1005.7 X69.383 Y92.919 E0.00002
G1 X69.348 Y92.87 E0.00002
G1 F1000.9 X69.314 Y92.821 E0.00002
G1 X69.279 Y92.772 E0.00002
G1 X69.245 Y92.723 E0.00002
G1 X69.195 Y92.645 E0.00002
G1 X69.143 Y92.564 E0.00003
G1 X69.091 Y92.483 E0.00003
G1 F1005.7 X69.04 Y92.402 E0.00003
G1 X68.988 Y92.322 E0.00002
G1 X68.741 Y91.899 E0.00013
G1 F1010.5 X68.66 Y91.74 E0.00005
G1 X68.579 Y91.58 E0.00005
G1 X68.498 Y91.421 E0.00005
G1 X68.417 Y91.261 E0.00005
G1 X68.401 Y91.225 E0.00001
G1 X68.385 Y91.188 E0.00001
G1 F1005.7 X68.369 Y91.152 E0.00001
G1 X68.353 Y91.115 E0.00001
G1 X68.337 Y91.078 E0.00001
G1 F1000.9 X68.321 Y91.042 E0.00001
G1 X68.305 Y91.005 E0.00001
G1 F996.2 X68.288 Y90.968 E0.00001
G1 X68.272 Y90.932 E0.00001
G1 X68.256 Y90.895 E0.00001
G1 F991.5 X68.24 Y90.858 E0.00001
G1 X68.224 Y90.822 E0.00001
G1 X68.203 Y90.771 E0.00001
G1 F996.2 X68.18 Y90.716 E0.00002
G1 X68.158 Y90.662 E0.00002
G1 F1000.9 X68.135 Y90.607 E0.00002
G1 F1005.7 X68.131 Y90.596 E0
G1 X68.105 Y90.526 E0.00002
G1 F1000.9 X68.079 Y90.456 E0.00002
G1 X68.053 Y90.385 E0.00002
G1 X68.036 Y90.338 E0.00001
G1 F1005.7 X68.02 Y90.292 E0.00001
G1 X68.004 Y90.246 E0.00001
G1 F1010.5 X67.988 Y90.2 E0.00001
G1 F1015.4 X67.972 Y90.154 E0.00001
G1 X67.97 Y90.148 E0
G1 X67.952 Y90.092 E0.00002
G1 X67.934 Y90.036 E0.00002
G1 X67.916 Y89.98 E0.00002
G1 F1010.5 X67.897 Y89.924 E0.00002
G1 X67.879 Y89.868 E0.00002
G1 F1005.7 X67.861 Y89.812 E0.00002
G1 X67.842 Y89.756 E0.00002
G1 X67.824 Y89.7 E0.00002
G1 X67.781 Y89.54 E0.00004
G1 X67.737 Y89.38 E0.00004
G1 X67.694 Y89.22 E0.00004
G1 F1010.5 X67.661 Y89.066 E0.00004
G1 X67.628 Y88.912 E0.00004
G1 X67.595 Y88.758 E0.00004
G1 X67.585 Y88.711 E0.00001
G1 F1005.7 X67.576 Y88.665 E0.00001
G1 F1000.9 X67.567 Y88.619 E0.00001
G1 X67.558 Y88.573 E0.00001
G1 F996.2 X67.549 Y88.526 E0.00001
G1 X67.533 Y88.43 E0.00003
G1 F1000.9 X67.517 Y88.333 E0.00003
G1 X67.469 Y88.005 E0.00009
G1 F1005.7 X67.458 Y87.916 E0.00002
G1 F1010.5 X67.446 Y87.826 E0.00002
G1 F1015.4 X67.445 Y87.813 E0
G0 F24000 X67.426 Y87.614
G1 F60 E-0.001
G1 F18000 Z2.8
;MESH:Upper-Ink-Part.STL
G0 F24000 X95.152 Y108.051 Z2.8
G1 F18000 Z0.8
G1 F60 E0.001
G1 F938.7 X95.166 Y108.055 E0
G1 F926.3 X95.18 Y108.059 E0
G1 F910.3 X95.194 Y108.064 E0
G1 F898.7 X95.208 Y108.068 E0
G1 F887.4 X95.217 Y108.069 E0
G1 F872.7 X95.228 Y108.071 E0
G1 F858.5 X95.239 Y108.073 E0
G1 F844.8 X95.25 Y108.074 E0
G1 F834.8 X95.261 Y108.076 E0
G1 F821.8 X95.272 Y108.078 E0
G1 F809.2 X95.282 Y108.079 E0
G1 F800 X95.293 Y108.081 E0
G1 F788.1 X95.304 Y108.083 E0
G1 F776.5 X95.315 Y108.085 E0
G1 F765.2 X95.326 Y108.086 E0
G1 F757 X95.337 Y108.088 E0
G1 F746.3 X95.348 Y108.09 E0
G1 F735.9 X95.358 Y108.091 E0
G1 F725.8 X95.363 Y108.092 E0
G1 F713.5 X95.373 Y108.093 E0
G1 F701.7 X95.383 Y108.094 E0
G1 F690.2 X95.393 Y108.096 E0
G1 F683.5 X95.4 Y108.092 E0
G1 F690.2 X95.403 Y108.083 E0
G1 F699.3 X95.407 Y108.074 E0
G1 F708.7 X95.411 Y108.065 E0
G1 F718.4 X95.415 Y108.056 E0
G1 F728.3 X95.418 Y108.046 E0
G1 F738.5 X95.422 Y108.037 E0
G1 F748.9 X95.426 Y108.028 E0
G1 F759.7 X95.43 Y108.019 E0
G1 F770.8 X95.433 Y108.009 E0
G1 F782.2 X95.437 Y108 E0
G1 F794 X95.441 Y107.991 E0
G1 F806.1 X95.445 Y107.982 E0
G1 F818.6 X95.448 Y107.972 E0
G1 F831.5 X95.452 Y107.963 E0
G1 F844.8 X95.456 Y107.954 E0
G1 F858.5 X95.46 Y107.945 E0
G1 F872.7 X95.464 Y107.935 E0
G1 F887.4 X95.466 Y107.925 E0
G1 F898.7 X95.469 Y107.914 E0
G1 F910.3 X95.472 Y107.903 E0
G1 F918.3 X95.475 Y107.893 E0
G1 F930.4 X95.478 Y107.882 E0
G1 F942.9 X95.481 Y107.871 E0
G1 F955.7 X95.483 Y107.859 E0
G1 F964.4 X95.486 Y107.846 E0
G1 F977.8 X95.488 Y107.833 E0
G1 F986.9 X95.491 Y107.82 E0
G1 F1000.9 X95.493 Y107.807 E0
G1 F1010.5 X95.496 Y107.795 E0
G1 F1015.4 X95.496 Y107.596 E0.00005
G1 X95.496 Y107.396 E0.00005
G1 X95.496 Y107.196 E0.00005
G1 X95.496 Y106.996 E0.00005
G1 X95.496 Y106.796 E0.00005
G1 X95.496 Y106.596 E0.00005
G1 X95.496 Y106.396 E0.00005
G1 X95.496 Y106.196 E0.00005
G1 X95.496 Y105.996 E0.00005
G1 X95.496 Y105.796 E0.00005
G1 X95.496 Y105.596 E0.00005
G1 X95.496 Y105.396 E0.00005
G1 X95.496 Y105.196 E0.00005
G1 X95.497 Y104.996 E0.00005
G1 X95.497 Y104.796 E0.00005
G1 X95.497 Y104.596 E0.00005
G1 X95.497 Y104.396 E0.00005
G1 X95.497 Y104.196 E0.00005
G1 X95.497 Y103.996 E0.00005
G1 X95.497 Y103.796 E0.00005
G1 X95.497 Y103.596 E0.00005
G1 X95.497 Y103.396 E0.00005
G1 X95.497 Y103.196 E0.00005
G1 X95.497 Y102.996 E0.00005
G1 X95.497 Y102.796 E0.00005
G1 X95.497 Y102.596 E0.00005
G1 X95.498 Y102.396 E0.00005
G1 X95.498 Y102.606 E0.00005
G1 X95.498 Y102.806 E0.00005
G1 X95.498 Y103.006 E0.00005
G1 X95.498 Y103.206 E0.00005
G1 X95.498 Y103.406 E0.00005
G1 X95.498 Y103.606 E0.00005
G1 X95.498 Y103.806 E0.00005
G1 X95.498 Y104.006 E0.00005
G1 X95.498 Y104.206 E0.00005
G1 X95.498 Y104.406 E0.00005
G1 X95.498 Y104.606 E0.00005
G1 X95.498 Y104.806 E0.00005
G1 X95.498 Y105.006 E0.00005
G1 X95.497 Y105.206 E0.00005
G1 X95.497 Y105.406 E0.00005
G1 X95.497 Y105.606 E0.00005
G1 X95.497 Y105.806 E0.00005
G1 X95.497 Y106.006 E0.00005
G1 X95.497 Y106.206 E0.00005
G1 X95.497 Y106.406 E0.00005
G1 X95.497 Y106.606 E0.00005
G1 X95.497 Y106.806 E0.00005
G1 X95.497 Y107.006 E0.00005
G1 X95.497 Y107.206 E0.00005
G1 X95.497 Y107.406 E0.00005
G1 X95.497 Y107.606 E0.00005
G1 X95.496 Y107.806 E0.00005
G1 X95.496 Y107.796 E0
G1 F1010.5 X95.494 Y107.808 E0
G1 F1000.9 X95.491 Y107.821 E0
G1 F986.9 X95.489 Y107.834 E0
G1 F977.8 X95.486 Y107.847 E0
G1 F964.4 X95.484 Y107.86 E0
G1 F955.7 X95.481 Y107.872 E0
G1 F942.9 X95.479 Y107.881 E0
G1 F930.4 X95.476 Y107.892 E0
G1 F918.3 X95.473 Y107.903 E0
G1 F910.3 X95.47 Y107.913 E0
G1 F898.7 X95.467 Y107.924 E0
G1 F887.4 X95.464 Y107.935 E0
G1 F872.7 X95.46 Y107.944 E0
G1 F858.5 X95.455 Y107.954 E0
G1 F844.8 X95.451 Y107.964 E0
G1 F828.2 X95.446 Y107.974 E0
G1 F815.4 X95.441 Y107.984 E0
G1 F803 X95.437 Y107.994 E0
G1 F788.1 X95.432 Y108.004 E0
G1 F776.5 X95.428 Y108.014 E0
G1 F765.2 X95.423 Y108.024 E0
G1 F754.3 X95.418 Y108.034 E0
G1 F741.1 X95.414 Y108.044 E0
G1 F730.8 X95.409 Y108.054 E0
G1 F720.8 X95.404 Y108.064 E0
G1 F708.7 X95.4 Y108.074 E0
G1 F699.3 X95.395 Y108.084 E0
G1 F690.2 X95.391 Y108.094 E0
G1 X95.383 Y108.088 E0
G1 F701.7 X95.373 Y108.089 E0
G1 F713.5 X95.363 Y108.09 E0
G1 F725.8 X95.353 Y108.091 E0
G1 F735.9 X95.343 Y108.09 E0
G1 F746.3 X95.332 Y108.088 E0
G1 F757 X95.321 Y108.086 E0
G1 F765.2 X95.31 Y108.085 E0
G1 F776.5 X95.299 Y108.083 E0
G1 F788.1 X95.288 Y108.081 E0
G1 F800 X95.278 Y108.08 E0
G1 F809.2 X95.267 Y108.078 E0
G1 F821.8 X95.256 Y108.076 E0
G1 F834.8 X95.245 Y108.074 E0
G1 F844.8 X95.234 Y108.073 E0
G1 F858.5 X95.223 Y108.071 E0
G1 F872.7 X95.212 Y108.069 E0
G1 F887.4 X95.202 Y108.068 E0
G1 F898.7 X95.193 Y108.064 E0
G1 F910.3 X95.179 Y108.06 E0
G1 F926.3 X95.165 Y108.055 E0
G1 F938.7 X95.151 Y108.051 E0
G1 F951.4 X95.138 Y108.046 E0
G1 F960 X95.123 Y108.04 E0
G1 F973.3 X95.108 Y108.034 E0
G1 F982.3 X95.093 Y108.029 E0
G1 F991.5 X95.062 Y108.012 E0.00001
G1 F1000.9 X94.978 Y107.964 E0.00003
G1 X94.894 Y107.916 E0.00003
G1 X94.81 Y107.867 E0.00003
G1 X94.726 Y107.819 E0.00003
G1 X94.642 Y107.77 E0.00003
G1 X94.558 Y107.722 E0.00003
G1 X94.474 Y107.673 E0.00003
G1 X94.39 Y107.625 E0.00003
G1 X94.306 Y107.577 E0.00003
G1 X94.222 Y107.528 E0.00003
G1 X94.138 Y107.48 E0.00003
G1 X94.054 Y107.431 E0.00003
G1 X93.97 Y107.383 E0.00003
G1 F1005.7 X93.886 Y107.334 E0.00003
G1 X93.802 Y107.286 E0.00003
G1 X93.718 Y107.237 E0.00003
G1 X93.634 Y107.189 E0.00003
G1 X93.55 Y107.141 E0.00003
G1 X93.465 Y107.092 E0.00003
G1 X93.381 Y107.044 E0.00003
G1 X93.297 Y106.995 E0.00003
G1 X93.213 Y106.947 E0.00003
G1 X93.129 Y106.898 E0.00003
G1 X93.045 Y106.85 E0.00003
G1 X92.961 Y106.801 E0.00003
G1 X92.877 Y106.753 E0.00003
G1 X92.958 Y106.799 E0.00002
G1 X93.042 Y106.847 E0.00003
G1 X93.126 Y106.896 E0.00003
G1 X93.21 Y106.944 E0.00003
G1 X93.294 Y106.993 E0.00003
G1 X93.378 Y107.041 E0.00003
G1 X93.462 Y107.09 E0.00003
G1 X93.546 Y107.138 E0.00003
G1 X93.63 Y107.186 E0.00003
G1 X93.714 Y107.235 E0.00003
G1 X93.798 Y107.283 E0.00003
G1 X93.882 Y107.332 E0.00003
G1 X93.966 Y107.38 E0.00003
G1 F1000.9 X94.05 Y107.429 E0.00003
G1 X94.134 Y107.477 E0.00003
G1 X94.218 Y107.526 E0.00003
G1 X94.302 Y107.574 E0.00003
G1 X94.386 Y107.622 E0.00003
G1 X94.471 Y107.671 E0.00003
G1 X94.555 Y107.719 E0.00003
G1 X94.639 Y107.768 E0.00003
G1 X94.723 Y107.816 E0.00003
G1 X94.807 Y107.865 E0.00003
G1 X94.891 Y107.913 E0.00003
G1 X94.975 Y107.962 E0.00003
G1 X95.059 Y108.01 E0.00003
G1 F991.5 X95.094 Y108.029 E0.00001
G1 F982.3 X95.108 Y108.034 E0
G1 F973.3 X95.123 Y108.04 E0
G1 F960 X95.138 Y108.046 E0
G1 F951.4 X95.153 Y108.051 E0
G0 F24000 X95.207 Y108.068
G0 X95.347 Y108.09
G1 F60 E-0.001
G1 F18000 Z2.8
G0 F24000 X96.055 Y109.743 Z2.8
G1 F18000 Z0.8
G1 F60 E0.001
G1 F1005.7 X95.888 Y109.647 E0.00005
G1 X95.721 Y109.551 E0.00005
G1 X95.554 Y109.454 E0.00005
G1 X95.387 Y109.358 E0.00005
G1 X95.22 Y109.261 E0.00005
G1 X95.053 Y109.165 E0.00005
G1 X94.885 Y109.068 E0.00005
G1 X94.718 Y108.972 E0.00005
G1 X94.551 Y108.875 E0.00005
G1 X94.384 Y108.779 E0.00005
G1 X94.217 Y108.682 E0.00005
G1 X94.05 Y108.586 E0.00005
G1 X93.883 Y108.489 E0.00005
G1 X93.715 Y108.393 E0.00005
G1 X93.548 Y108.296 E0.00005
G1 X93.381 Y108.2 E0.00005
G1 X93.214 Y108.103 E0.00005
G1 X93.047 Y108.007 E0.00005
G1 X92.88 Y107.91 E0.00005
G1 X92.874 Y107.907 E0
G1 X93.042 Y108.003 E0.00005
G1 X93.21 Y108.1 E0.00005
G1 X93.378 Y108.197 E0.00005
G1 X93.546 Y108.294 E0.00005
G1 X93.714 Y108.391 E0.00005
G1 X93.882 Y108.488 E0.00005
G1 X94.05 Y108.585 E0.00005
G1 X94.218 Y108.682 E0.00005
G1 X94.386 Y108.779 E0.00005
G1 X94.554 Y108.876 E0.00005
G1 X94.722 Y108.973 E0.00005
G1 X94.89 Y109.07 E0.00005
G1 X95.058 Y109.167 E0.00005
G1 X95.226 Y109.264 E0.00005
G1 X95.394 Y109.361 E0.00005
G1 X95.562 Y109.458 E0.00005
G1 X95.73 Y109.555 E0.00005
G1 X95.898 Y109.652 E0.00005
G1 X96.066 Y109.749 E0.00005
G1 F1000.9 X96.055 Y109.743 E0
G0 F24000 X96.066 Y109.749
G0 X95.905 Y109.656
G0 X96.498 Y109.5
G1 F991.5 X96.498 Y109.434 E0.00002
G1 X96.498 Y109.368 E0.00002
G1 X96.498 Y109.302 E0.00002
G1 X96.498 Y109.236 E0.00002
G1 X96.498 Y109.17 E0.00002
G1 X96.498 Y109.104 E0.00002
G1 X96.498 Y109.038 E0.00002
G1 X96.498 Y108.972 E0.00002
G1 X96.498 Y108.906 E0.00002
G1 X96.498 Y108.84 E0.00002
G1 X96.498 Y108.774 E0.00002
G1 X96.498 Y108.708 E0.00002
G1 X96.498 Y108.642 E0.00002
G1 X96.498 Y108.576 E0.00002
G1 X96.498 Y108.51 E0.00002
G1 X96.498 Y108.444 E0.00002
G1 X96.498 Y108.378 E0.00002
G1 X96.498 Y108.312 E0.00002
G1 X96.498 Y108.246 E0.00002
G1 X96.498 Y108.18 E0.00002
G1 X96.498 Y108.114 E0.00002
G1 X96.498 Y108.048 E0.00002
G1 X96.498 Y107.982 E0.00002
G1 X96.498 Y107.916 E0.00002
G1 X96.498 Y107.85 E0.00002
G1 X96.498 Y107.784 E0.00002
G1 X96.498 Y107.718 E0.00002
G1 X96.498 Y107.652 E0.00002
G1 X96.498 Y107.586 E0.00002
G1 X96.498 Y107.52 E0.00002
G1 X96.498 Y107.454 E0.00002
G1 X96.498 Y107.388 E0.00002
G1 X96.498 Y107.322 E0.00002
G1 X96.498 Y107.256 E0.00002
G1 X96.498 Y107.19 E0.00002
G1 F996.2 X96.498 Y107.124 E0.00002
G1 X96.498 Y107.058 E0.00002
G1 X96.498 Y106.992 E0.00002
G1 X96.498 Y106.926 E0.00002
G1 X96.498 Y106.86 E0.00002
G1 X96.498 Y106.794 E0.00002
G1 X96.498 Y106.728 E0.00002
G1 X96.498 Y106.662 E0.00002
G1 X96.498 Y106.596 E0.00002
G1 X96.498 Y106.53 E0.00002
G1 X96.498 Y106.464 E0.00002
G1 X96.498 Y106.398 E0.00002
G1 X96.498 Y106.332 E0.00002
G1 X96.498 Y106.266 E0.00002
G1 X96.498 Y106.2 E0.00002
G1 X96.498 Y106.134 E0.00002
G1 X96.498 Y106.068 E0.00002
G1 X96.498 Y106.002 E0.00002
G1 X96.498 Y105.936 E0.00002
G1 X96.498 Y105.87 E0.00002
G1 X96.498 Y105.804 E0.00002
G1 X96.498 Y105.738 E0.00002
G1 X96.498 Y105.672 E0.00002
G1 X96.498 Y105.606 E0.00002
G1 X96.498 Y105.54 E0.00002
G1 X96.498 Y105.474 E0.00002
G1 X96.498 Y105.408 E0.00002
G1 X96.498 Y105.342 E0.00002
G1 X96.498 Y105.276 E0.00002
G1 X96.498 Y105.21 E0.00002
G1 X96.498 Y105.144 E0.00002
G1 X96.498 Y105.078 E0.00002
G1 X96.498 Y105.012 E0.00002
G1 X96.498 Y104.946 E0.00002
G1 X96.498 Y104.88 E0.00002
G1 F1000.9 X96.498 Y104.814 E0.00002
G1 X96.498 Y104.748 E0.00002
G1 X96.498 Y104.682 E0.00002
G1 X96.498 Y104.616 E0.00002
G1 X96.498 Y104.55 E0.00002
G1 X96.498 Y104.484 E0.00002
G1 X96.498 Y104.418 E0.00002
G1 X96.498 Y104.352 E0.00002
G1 X96.498 Y104.286 E0.00002
G1 X96.498 Y104.22 E0.00002
G1 X96.498 Y104.154 E0.00002
G1 X96.498 Y104.088 E0.00002
G1 X96.498 Y104.022 E0.00002
G1 X96.498 Y103.956 E0.00002
G1 X96.498 Y103.89 E0.00002
G1 X96.498 Y103.824 E0.00002
G1 X96.498 Y103.758 E0.00002
G1 X96.498 Y103.692 E0.00002
G1 X96.498 Y103.626 E0.00002
G1 X96.498 Y103.56 E0.00002
G1 X96.498 Y103.494 E0.00002
G1 X96.498 Y103.428 E0.00002
G1 X96.498 Y103.362 E0.00002
G1 X96.498 Y103.296 E0.00002
G1 X96.498 Y103.23 E0.00002
G1 X96.498 Y103.164 E0.00002
G1 X96.498 Y103.098 E0.00002
G1 X96.498 Y103.032 E0.00002
G1 X96.498 Y102.966 E0.00002
G1 X96.498 Y102.9 E0.00002
G1 X96.498 Y102.834 E0.00002
G1 X96.498 Y102.768 E0.00002
G1 X96.498 Y102.702 E0.00002
G1 X96.498 Y102.636 E0.00002
G1 X96.498 Y102.57 E0.00002
G1 X96.498 Y102.53 E0.00001
G1 X96.498 Y102.58 E0.00001
G1 X96.498 Y102.63 E0.00001
G1 X96.498 Y102.68 E0.00001
G1 X96.498 Y102.73 E0.00001
G1 X96.498 Y102.78 E0.00001
G1 X96.498 Y102.83 E0.00001
G1 X96.498 Y102.88 E0.00001
G1 X96.498 Y102.93 E0.00001
G1 X96.498 Y102.98 E0.00001
G1 X96.498 Y103.03 E0.00001
G1 X96.498 Y103.08 E0.00001
G1 X96.498 Y103.13 E0.00001
G1 X96.498 Y103.18 E0.00001
G1 X96.498 Y103.23 E0.00001
G1 X96.498 Y103.28 E0.00001
G1 X96.498 Y103.33 E0.00001
G1 X96.498 Y103.38 E0.00001
G1 X96.498 Y103.43 E0.00001
G1 X96.498 Y103.48 E0.00001
G1 X96.498 Y103.53 E0.00001
G1 X96.498 Y103.58 E0.00001
G1 X96.498 Y103.63 E0.00001
G1 X96.498 Y103.68 E0.00001
G1 X96.498 Y103.73 E0.00001
G1 X96.498 Y103.78 E0.00001
G1 X96.498 Y103.83 E0.00001
G1 X96.498 Y103.88 E0.00001
G1 X96.498 Y103.93 E0.00001
G1 X96.498 Y103.98 E0.00001
G1 X96.498 Y104.03 E0.00001
G1 X96.498 Y104.08 E0.00001
G1 X96.498 Y104.13 E0.00001
G1 X96.498 Y104.18 E0.00001
G1 X96.498 Y104.23 E0.00001
G1 X96.498 Y104.28 E0.00001
G1 F996.2 X96.498 Y104.33 E0.00001
G1 X96.498 Y104.38 E0.00001
G1 X96.498 Y104.43 E0.00001
G1 X96.498 Y104.48 E0.00001
G1 X96.498 Y104.53 E0.00001
G1 X96.498 Y104.58 E0.00001
G1 X96.498 Y104.63 E0.00001
G1 X96.498 Y104.68 E0.00001
G1 X96.498 Y104.73 E0.00001
G1 X96.498 Y104.78 E0.00001
G1 X96.498 Y104.83 E0.00001
G1 X96.498 Y104.88 E0.00001
G1 X96.498 Y104.93 E0.00001
G1 X96.498 Y104.98 E0.00001
G1 X96.498 Y105.03 E0.00001
G1 X96.498 Y105.08 E0.00001
G1 X96.498 Y105.13 E0.00001
G1 X96.498 Y105.18 E0.00001
G1 X96.498 Y105.23 E0.00001
G1 X96.498 Y105.28 E0.00001
G1 X96.498 Y105.33 E0.00001
G1 X96.498 Y105.38 E0.00001
G1 X96.498 Y105.43 E0.00001
G1 X96.498 Y105.48 E0.00001
G1 X96.498 Y105.53 E0.00001
G1 X96.498 Y105.58 E0.00001
G1 X96.498 Y105.63 E0.00001
G1 X96.498 Y105.68 E0.00001
G1 X96.498 Y105.73 E0.00001
G1 X96.498 Y105.78 E0.00001
G1 X96.498 Y105.83 E0.00001
G1 X96.498 Y105.88 E0.00001
G1 X96.498 Y105.93 E0.00001
G1 X96.498 Y105.98 E0.00001
G1 X96.498 Y106.03 E0.00001
G1 F991.5 X96.498 Y106.08 E0.00001
G1 X96.498 Y106.13 E0.00001
G1 X96.498 Y106.18 E0.00001
G1 X96.498 Y106.23 E0.00001
G1 X96.498 Y106.28 E0.00001
G1 X96.498 Y106.33 E0.00001
G1 X96.498 Y106.38 E0.00001
G1 X96.498 Y106.43 E0.00001
G1 X96.498 Y106.48 E0.00001
G1 X96.498 Y106.53 E0.00001
G1 X96.498 Y106.58 E0.00001
G1 X96.498 Y106.63 E0.00001
G1 X96.498 Y106.68 E0.00001
G1 X96.498 Y106.73 E0.00001
G1 X96.498 Y106.78 E0.00001
G1 X96.498 Y106.83 E0.00001
G1 X96.498 Y106.88 E0.00001
G1 X96.498 Y106.93 E0.00001
G1 X96.498 Y106.98 E0.00001
G1 X96.498 Y107.03 E0.00001
G1 X96.498 Y107.08 E0.00001
G1 X96.498 Y107.13 E0.00001
G1 X96.498 Y107.18 E0.00001
G1 X96.498 Y107.23 E0.00001
G1 X96.498 Y107.28 E0.00001
G1 X96.498 Y107.33 E0.00001
G1 X96.498 Y107.38 E0.00001
G1 X96.498 Y107.43 E0.00001
G1 X96.498 Y107.48 E0.00001
G1 X96.498 Y107.53 E0.00001
G1 X96.498 Y107.58 E0.00001
G1 X96.498 Y107.63 E0.00001
G1 X96.498 Y107.68 E0.00001
G1 X96.498 Y107.73 E0.00001
G1 X96.498 Y107.78 E0.00001
G1 F986.9 X96.498 Y107.83 E0.00001
G1 X96.498 Y107.88 E0.00001
G1 X96.498 Y107.93 E0.00001
G1 X96.498 Y107.98 E0.00001
G1 X96.498 Y108.03 E0.00001
G1 X96.498 Y108.08 E0.00001
G1 X96.498 Y108.13 E0.00001
G1 X96.498 Y108.18 E0.00001
G1 X96.498 Y108.23 E0.00001
G1 X96.498 Y108.28 E0.00001
G1 X96.498 Y108.33 E0.00001
G1 X96.498 Y108.38 E0.00001
G1 X96.498 Y108.43 E0.00001
G1 X96.498 Y108.48 E0.00001
G1 X96.498 Y108.53 E0.00001
G1 X96.498 Y108.58 E0.00001
G1 X96.498 Y108.63 E0.00001
G1 X96.498 Y108.68 E0.00001
G1 X96.498 Y108.73 E0.00001
G1 X96.498 Y108.78 E0.00001
G1 X96.498 Y108.83 E0.00001
G1 X96.498 Y108.88 E0.00001
G1 X96.498 Y108.93 E0.00001
G1 X96.498 Y108.98 E0.00001
G1 X96.498 Y109.03 E0.00001
G1 X96.498 Y109.08 E0.00001
G1 X96.498 Y109.13 E0.00001
G1 X96.498 Y109.18 E0.00001
G1 X96.498 Y109.23 E0.00001
G1 X96.498 Y109.28 E0.00001
G1 X96.498 Y109.33 E0.00001
G1 X96.498 Y109.38 E0.00001
G1 X96.498 Y109.43 E0.00001
G1 X96.498 Y109.48 E0.00001
G1 X96.498 Y109.53 E0.00001
G1 X96.498 Y109.5 E0.00001
G0 F24000 X96.498 Y109.518
G0 X96.498 Y109.336
G0 X96.511 Y109.977
;TYPE:WALL-INNER
G1 F960 X96.485 Y109.977 E0.00001
G1 X96.471 Y110 E0.00001
G1 X96.485 Y110.023 E0.00001
G1 X96.511 Y110.023 E0.00001
G1 X96.525 Y110 E0.00001
G0 F24000 X96.342 Y109.873
;TYPE:WALL-OUTER
G1 F563.2 X96.356 Y109.875 E0.00001
G1 F550 X96.37 Y109.877 E0.00001
G1 F541.5 X96.383 Y109.874 E0.00001
G1 F537.4 X96.397 Y109.87 E0.00001
G1 F534.7 X96.412 Y109.866 E0.00001
G1 F530.7 X96.426 Y109.862 E0.00001
G1 F532 X96.43 Y109.854 E0
G1 F538.8 X96.435 Y109.846 E0
G1 F544.3 X96.441 Y109.837 E0.00001
G1 F551.4 X96.446 Y109.829 E0
G1 F558.7 X96.451 Y109.82 E0
G1 F564.7 X96.457 Y109.812 E0
G1 F572.4 X96.462 Y109.803 E0
G1 F581.8 X96.466 Y109.792 E0.00001
G1 F594.9 X96.469 Y109.781 E0.00001
G1 F606.9 X96.472 Y109.771 E0
G1 F619.4 X96.475 Y109.76 E0
G1 F634.2 X96.478 Y109.75 E0
G1 F647.9 X96.479 Y109.74 E0
G1 F660 X96.481 Y109.729 E0
G1 F672.6 X96.483 Y109.718 E0
G1 F685.7 X96.485 Y109.708 E0
G1 F692.5 X96.496 Y109.69 E0.00001
G1 X96.506 Y109.706 E0.00001
G1 F685.7 X96.509 Y109.716 E0
G1 F672.6 X96.513 Y109.726 E0
G1 F660 X96.516 Y109.737 E0
G1 F647.9 X96.52 Y109.747 E0
G1 F634.2 X96.523 Y109.756 E0
G1 F623 X96.527 Y109.765 E0
G1 F612.2 X96.531 Y109.775 E0
G1 F601.7 X96.534 Y109.784 E0
G1 F591.6 X96.538 Y109.793 E0
G1 F581.8 X96.542 Y109.803 E0
G1 F572.4 X96.547 Y109.811 E0
G1 F564.7 X96.553 Y109.819 E0
G1 F558.7 X96.558 Y109.827 E0
G1 F551.4 X96.564 Y109.835 E0
G1 F544.3 X96.57 Y109.844 E0.00001
G1 F538.8 X96.575 Y109.852 E0
G1 F532 X96.581 Y109.86 E0
G1 F530.7 X96.597 Y109.866 E0.00001
G1 F536 X96.611 Y109.87 E0.00001
G1 F541.5 X96.626 Y109.874 E0.00001
G1 F550 X96.636 Y109.873 E0
G1 F561.7 X96.646 Y109.871 E0
G1 F573.9 X96.656 Y109.868 E0
G1 F586.7 X96.666 Y109.866 E0
G1 F600 X96.676 Y109.864 E0
G1 F614 X96.689 Y109.859 E0.00001
G1 F628.6 X96.701 Y109.855 E0.00001
G1 F643.9 X96.714 Y109.851 E0.00001
G1 F660 X96.724 Y109.849 E0
G1 F672.6 X96.735 Y109.846 E0
G1 F685.7 X96.746 Y109.844 E0
G1 F701.7 X96.757 Y109.841 E0
G1 F715.9 X96.768 Y109.839 E0
G1 F723.3 X96.774 Y109.844 E0
G1 F715.9 X96.767 Y109.851 E0
G1 F701.7 X96.759 Y109.859 E0
G1 F685.7 X96.751 Y109.867 E0
G1 F672.6 X96.744 Y109.874 E0
G1 F660 X96.736 Y109.882 E0
G1 F645.9 X96.73 Y109.889 E0
G1 F634.2 X96.723 Y109.897 E0
G1 F623 X96.717 Y109.904 E0
G1 F612.2 X96.71 Y109.912 E0
G1 F600 X96.703 Y109.921 E0.00001
G1 F586.7 X96.696 Y109.931 E0.00001
G1 F573.9 X96.689 Y109.941 E0.00001
G1 F561.7 X96.682 Y109.951 E0.00001
G1 F550 X96.675 Y109.96 E0.00001
G1 F541.5 X96.671 Y109.974 E0.00001
G1 F536 X96.667 Y109.988 E0.00001
G1 F530.7 X96.662 Y110.003 E0.00001
G1 F532 X96.666 Y110.013 E0.00001
G1 F538.8 X96.671 Y110.023 E0.00001
G1 F544.3 X96.675 Y110.033 E0.00001
G1 F551.4 X96.68 Y110.043 E0.00001
G1 F558.7 X96.684 Y110.053 E0.00001
G1 F566.2 X96.689 Y110.063 E0.00001
G1 F572.4 X96.693 Y110.073 E0
G1 F580.2 X96.698 Y110.083 E0.00001
G1 F589.9 X96.704 Y110.088 E0
G1 F600 X96.711 Y110.095 E0
G1 F612.2 X96.718 Y110.102 E0
G1 F624.9 X96.726 Y110.109 E0
G1 F636.1 X96.734 Y110.117 E0
G1 F647.9 X96.742 Y110.124 E0
G1 F662.1 X96.75 Y110.132 E0
G1 F674.8 X96.758 Y110.139 E0
G1 F681.3 X96.763 Y110.15 E0
G1 X96.751 Y110.149 E0
G1 F674.8 X96.741 Y110.147 E0
G1 F662.1 X96.73 Y110.144 E0
G1 F647.9 X96.72 Y110.142 E0
G1 F636.1 X96.709 Y110.139 E0
G1 F624.9 X96.699 Y110.136 E0
G1 F612.2 X96.689 Y110.134 E0
G1 F600 X96.678 Y110.132 E0
G1 F589.9 X96.667 Y110.13 E0
G1 F580.2 X96.656 Y110.13 E0
G1 F572.4 X96.645 Y110.131 E0.00001
G1 F566.2 X96.634 Y110.132 E0.00001
G1 F558.7 X96.623 Y110.133 E0.00001
G1 F551.4 X96.612 Y110.133 E0.00001
G1 F544.3 X96.601 Y110.134 E0.00001
G1 F538.8 X96.59 Y110.135 E0.00001
G1 F532 X96.579 Y110.136 E0.00001
G1 F528 X96.578 Y110.138 E0
G1 F530.7 X96.571 Y110.146 E0.00001
G1 F534.7 X96.563 Y110.154 E0.00001
G1 F538.8 X96.556 Y110.162 E0.00001
G1 F544.3 X96.548 Y110.17 E0.00001
G1 F548.6 X96.541 Y110.178 E0.00001
G1 F557.3 X96.534 Y110.193 E0.00001
G1 F570.8 X96.53 Y110.203 E0
G1 F580.2 X96.526 Y110.213 E0
G1 F591.6 X96.523 Y110.222 E0
G1 F603.4 X96.52 Y110.232 E0
G1 F615.7 X96.517 Y110.242 E0
G1 F621.2 X96.498 Y110.267 E0.00001
G1 X96.48 Y110.243 E0.00001
G1 F615.7 X96.476 Y110.233 E0
G1 F603.4 X96.472 Y110.223 E0
G1 F591.6 X96.468 Y110.213 E0
G1 F580.2 X96.464 Y110.202 E0.00001
G1 F570.8 X96.461 Y110.192 E0
G1 F557.3 X96.457 Y110.18 E0.00001
G1 F548.6 X96.45 Y110.172 E0.00001
G1 F544.3 X96.442 Y110.164 E0.00001
G1 F538.8 X96.435 Y110.156 E0.00001
G1 F534.7 X96.427 Y110.148 E0.00001
G1 F530.7 X96.42 Y110.14 E0.00001
G1 F532 X96.408 Y110.138 E0.00001
G1 F540.2 X96.398 Y110.138 E0
G1 F547.2 X96.388 Y110.139 E0
G1 F555.8 X96.378 Y110.139 E0
G1 F563.2 X96.368 Y110.139 E0
G1 F572.4 X96.358 Y110.14 E0
G1 F581.8 X96.348 Y110.14 E0
G1 F589.9 X96.338 Y110.14 E0
G1 F600 X96.328 Y110.141 E0
G1 F608.6 X96.318 Y110.141 E0
G1 F619.4 X96.308 Y110.141 E0
G1 F630.4 X96.294 Y110.144 E0.00001
G1 F641.9 X96.283 Y110.146 E0
G1 F653.9 X96.272 Y110.148 E0
G1 F666.2 X96.263 Y110.15 E0
G1 F679.1 X96.253 Y110.152 E0
G1 F692.5 X96.243 Y110.154 E0
G1 F706.4 X96.23 Y110.157 E0
G1 F725.8 X96.217 Y110.16 E0
G1 F741.1 X96.209 Y110.165 E0
G1 F751.6 X96.2 Y110.17 E0
G1 F765.2 X96.192 Y110.175 E0
G1 F776.5 X96.183 Y110.18 E0
G1 F791 X96.174 Y110.185 E0
G1 F806.1 X96.166 Y110.19 E0
G1 F818.6 X96.157 Y110.195 E0
G1 F834.8 X96.148 Y110.2 E0
G1 F848.2 X96.14 Y110.205 E0
G1 F865.6 X96.131 Y110.21 E0
G1 F880 X96.122 Y110.215 E0
G1 F898.7 X96.114 Y110.22 E0
G1 F918.3 X96.105 Y110.225 E0
G1 F934.5 X96.097 Y110.23 E0
G1 F955.7 X96.088 Y110.235 E0
G1 F973.3 X96.079 Y110.24 E0
G1 F986.9 X96.034 Y110.266 E0.00001
G1 X95.991 Y110.291 E0.00001
G1 X95.948 Y110.316 E0.00001
G1 X95.904 Y110.341 E0.00001
G1 X95.861 Y110.366 E0.00001
G1 X95.818 Y110.391 E0.00001
G1 X95.774 Y110.416 E0.00001
G1 X95.731 Y110.441 E0.00001
G1 X95.688 Y110.466 E0.00001
G1 X95.644 Y110.491 E0.00001
G1 X95.601 Y110.516 E0.00001
G1 X95.558 Y110.541 E0.00001
G1 X95.514 Y110.566 E0.00001
G1 X95.471 Y110.591 E0.00001
G1 X95.428 Y110.616 E0.00001
G1 X95.384 Y110.641 E0.00001
G1 X95.341 Y110.666 E0.00001
G1 X95.298 Y110.691 E0.00001
G1 X95.254 Y110.716 E0.00001
G1 F991.5 X95.211 Y110.741 E0.00001
G1 X95.168 Y110.766 E0.00001
G1 X95.124 Y110.791 E0.00001
G1 X95.081 Y110.816 E0.00001
G1 X95.038 Y110.841 E0.00001
G1 X94.995 Y110.866 E0.00001
G1 X94.951 Y110.891 E0.00001
G1 X94.908 Y110.916 E0.00001
G1 X94.865 Y110.941 E0.00001
G1 X94.821 Y110.966 E0.00001
G1 X94.778 Y110.991 E0.00001
G1 X94.735 Y111.016 E0.00001
G1 X94.691 Y111.041 E0.00001
G1 X94.648 Y111.066 E0.00001
G1 X94.605 Y111.091 E0.00001
G1 X94.561 Y111.116 E0.00001
G1 X94.518 Y111.141 E0.00001
G1 X94.475 Y111.166 E0.00001
G1 F996.2 X94.431 Y111.191 E0.00001
G1 X94.388 Y111.216 E0.00001
G1 X94.345 Y111.241 E0.00001
G1 X94.301 Y111.266 E0.00001
G1 X94.258 Y111.291 E0.00001
G1 X94.215 Y111.316 E0.00001
G1 X94.171 Y111.341 E0.00001
G1 X94.128 Y111.366 E0.00001
G1 X94.085 Y111.391 E0.00001
G1 X94.042 Y111.416 E0.00001
G1 X93.998 Y111.441 E0.00001
G1 X93.955 Y111.466 E0.00001
G1 X93.912 Y111.49 E0.00001
G1 X93.868 Y111.515 E0.00001
G1 X93.825 Y111.54 E0.00001
G1 X93.782 Y111.565 E0.00001
G1 X93.738 Y111.59 E0.00001
G1 X93.695 Y111.615 E0.00001
G1 X93.652 Y111.64 E0.00001
G1 F1000.9 X93.608 Y111.665 E0.00001
G1 X93.565 Y111.69 E0.00001
G1 X93.522 Y111.715 E0.00001
G1 X93.478 Y111.74 E0.00001
G1 X93.435 Y111.765 E0.00001
G1 X93.392 Y111.79 E0.00001
G1 X93.348 Y111.815 E0.00001
G1 X93.305 Y111.84 E0.00001
G1 X93.262 Y111.865 E0.00001
G1 X93.218 Y111.89 E0.00001
G1 X93.175 Y111.915 E0.00001
G1 X93.132 Y111.94 E0.00001
G1 X93.088 Y111.965 E0.00001
G1 X93.045 Y111.99 E0.00001
G1 X93.002 Y112.015 E0.00001
G1 X92.959 Y112.04 E0.00001
G1 X92.915 Y112.065 E0.00001
G1 X92.872 Y112.09 E0.00001
G1 X92.917 Y112.065 E0.00001
G1 X92.96 Y112.04 E0.00001
G1 X93.003 Y112.015 E0.00001
G1 X93.047 Y111.99 E0.00001
G1 X93.09 Y111.965 E0.00001
G1 X93.133 Y111.94 E0.00001
G1 X93.177 Y111.915 E0.00001
G1 X93.22 Y111.89 E0.00001
G1 X93.263 Y111.865 E0.00001
G1 X93.307 Y111.84 E0.00001
G1 X93.35 Y111.815 E0.00001
G1 X93.393 Y111.79 E0.00001
G1 X93.437 Y111.765 E0.00001
G1 X93.48 Y111.74 E0.00001
G1 X93.523 Y111.715 E0.00001
G1 X93.567 Y111.69 E0.00001
G1 X93.61 Y111.665 E0.00001
G1 X93.653 Y111.64 E0.00001
G1 F996.2 X93.697 Y111.615 E0.00001
G1 X93.74 Y111.59 E0.00001
G1 X93.783 Y111.565 E0.00001
G1 X93.827 Y111.54 E0.00001
G1 X93.87 Y111.515 E0.00001
G1 X93.913 Y111.49 E0.00001
G1 X93.956 Y111.465 E0.00001
G1 X94 Y111.44 E0.00001
G1 X94.043 Y111.415 E0.00001
G1 X94.086 Y111.39 E0.00001
G1 X94.13 Y111.365 E0.00001
G1 X94.173 Y111.34 E0.00001
G1 X94.216 Y111.315 E0.00001
G1 X94.26 Y111.29 E0.00001
G1 X94.303 Y111.265 E0.00001
G1 X94.346 Y111.24 E0.00001
G1 X94.39 Y111.215 E0.00001
G1 X94.433 Y111.19 E0.00001
G1 X94.476 Y111.165 E0.00001
G1 F991.5 X94.52 Y111.14 E0.00001
G1 X94.563 Y111.115 E0.00001
G1 X94.606 Y111.09 E0.00001
G1 X94.65 Y111.065 E0.00001
G1 X94.693 Y111.04 E0.00001
G1 X94.736 Y111.015 E0.00001
G1 X94.78 Y110.99 E0.00001
G1 X94.823 Y110.965 E0.00001
G1 X94.866 Y110.94 E0.00001
G1 X94.909 Y110.915 E0.00001
G1 X94.953 Y110.89 E0.00001
G1 X94.996 Y110.865 E0.00001
G1 X95.039 Y110.841 E0.00001
G1 X95.083 Y110.816 E0.00001
G1 X95.126 Y110.791 E0.00001
G1 X95.169 Y110.766 E0.00001
G1 X95.213 Y110.741 E0.00001
G1 X95.256 Y110.716 E0.00001
G1 F986.9 X95.299 Y110.691 E0.00001
G1 X95.343 Y110.666 E0.00001
G1 X95.386 Y110.641 E0.00001
G1 X95.429 Y110.616 E0.00001
G1 X95.473 Y110.591 E0.00001
G1 X95.516 Y110.566 E0.00001
G1 X95.559 Y110.541 E0.00001
G1 X95.603 Y110.516 E0.00001
G1 X95.646 Y110.491 E0.00001
G1 X95.689 Y110.466 E0.00001
G1 X95.733 Y110.441 E0.00001
G1 X95.776 Y110.416 E0.00001
G1 X95.819 Y110.391 E0.00001
G1 X95.863 Y110.366 E0.00001
G1 X95.906 Y110.341 E0.00001
G1 X95.949 Y110.316 E0.00001
G1 X95.992 Y110.291 E0.00001
G1 X96.036 Y110.266 E0.00001
G1 X96.079 Y110.241 E0.00001
G1 F973.3 X96.085 Y110.237 E0
G1 F955.7 X96.094 Y110.232 E0
G1 F934.5 X96.102 Y110.227 E0
G1 F918.3 X96.111 Y110.222 E0
G1 F898.7 X96.12 Y110.217 E0
G1 F880 X96.128 Y110.212 E0
G1 F865.6 X96.137 Y110.207 E0
G1 F848.2 X96.146 Y110.202 E0
G1 F834.8 X96.154 Y110.197 E0
G1 F818.6 X96.163 Y110.192 E0
G1 F806.1 X96.172 Y110.187 E0
G1 F791 X96.18 Y110.182 E0
G1 F776.5 X96.189 Y110.177 E0
G1 F765.2 X96.197 Y110.172 E0
G1 F751.6 X96.206 Y110.167 E0
G1 F741.1 X96.215 Y110.162 E0
G1 F725.8 X96.226 Y110.151 E0.00001
G1 F706.4 X96.236 Y110.142 E0.00001
G1 F692.5 X96.243 Y110.135 E0
G1 F679.1 X96.25 Y110.128 E0
G1 F666.2 X96.257 Y110.12 E0
G1 F653.9 X96.264 Y110.113 E0
G1 F641.9 X96.271 Y110.106 E0
G1 F630.4 X96.279 Y110.099 E0
G1 F619.4 X96.284 Y110.091 E0
G1 F608.6 X96.289 Y110.082 E0
G1 F600 X96.294 Y110.074 E0
G1 F589.9 X96.299 Y110.065 E0
G1 F581.8 X96.304 Y110.057 E0
G1 F572.4 X96.31 Y110.048 E0
G1 F563.2 X96.315 Y110.04 E0
G1 F555.8 X96.32 Y110.031 E0
G1 F547.2 X96.325 Y110.023 E0
G1 F540.2 X96.33 Y110.014 E0.00001
G1 F532 X96.335 Y110.006 E0
G1 F530.7 X96.334 Y109.985 E0.00001
G1 F536 X96.33 Y109.968 E0.00001
G1 F541.5 X96.325 Y109.951 E0.00001
G1 F550 X96.317 Y109.942 E0.00001
G1 F563.2 X96.309 Y109.933 E0.00001
G1 F575.5 X96.301 Y109.924 E0.00001
G1 F588.3 X96.294 Y109.915 E0.00001
G1 F601.7 X96.286 Y109.906 E0.00001
G1 F614 X96.278 Y109.897 E0.00001
G1 F628.6 X96.27 Y109.888 E0.00001
G1 F634.2 X96.259 Y109.863 E0.00001
G1 X96.287 Y109.861 E0.00001
G1 F628.6 X96.297 Y109.863 E0
G1 F614 X96.308 Y109.866 E0
G1 F601.7 X96.319 Y109.868 E0
G1 F588.3 X96.33 Y109.871 E0.00001
G1 F575.5 X96.342 Y109.873 E0.00001
G0 F24000 X96.33 Y109.871
G0 X96.287 Y109.861
G0 X96.259 Y109.863
G0 X96.27 Y109.888
G0 X96.301 Y109.924
G0 X96.309 Y109.933
G0 X96.325 Y109.951
G0 X96.326 Y109.955
G0 X96.946 Y109.736
G1 F1000.9 X97.031 Y109.687 E0.00003
G1 X97.117 Y109.638 E0.00003
G1 X97.203 Y109.588 E0.00003
G1 X97.289 Y109.539 E0.00003
G1 X97.374 Y109.489 E0.00003
G1 X97.46 Y109.44 E0.00003
G1 X97.546 Y109.39 E0.00003
G1 X97.632 Y109.341 E0.00003
G1 X97.717 Y109.291 E0.00003
G1 X97.803 Y109.242 E0.00003
G1 X97.889 Y109.192 E0.00003
G1 X97.975 Y109.143 E0.00003
G1 X98.06 Y109.093 E0.00003
G1 X98.146 Y109.044 E0.00003
G1 X98.232 Y108.994 E0.00003
G1 X98.318 Y108.945 E0.00003
G1 X98.403 Y108.895 E0.00003
G1 X98.489 Y108.846 E0.00003
G1 X98.575 Y108.797 E0.00003
G1 X98.661 Y108.747 E0.00003
G1 X98.746 Y108.698 E0.00003
G1 X98.832 Y108.648 E0.00003
G1 X98.918 Y108.599 E0.00003
G1 X99.004 Y108.549 E0.00003
G1 X99.089 Y108.5 E0.00003
G1 X99.175 Y108.45 E0.00003
G1 X99.261 Y108.401 E0.00003
G1 X99.347 Y108.351 E0.00003
G1 X99.432 Y108.302 E0.00003
G1 X99.518 Y108.252 E0.00003
G1 X99.604 Y108.203 E0.00003
G1 X99.69 Y108.153 E0.00003
G1 X99.775 Y108.104 E0.00003
G1 X99.861 Y108.054 E0.00003
G1 X99.947 Y108.005 E0.00003
G1 F1005.7 X100.033 Y107.956 E0.00003
G1 X100.118 Y107.906 E0.00003
G1 X100.204 Y107.857 E0.00003
G1 X100.29 Y107.807 E0.00003
G1 X100.376 Y107.758 E0.00003
G1 X100.461 Y107.708 E0.00003
G1 X100.547 Y107.659 E0.00003
G1 X100.633 Y107.609 E0.00003
G1 X100.719 Y107.56 E0.00003
G1 X100.804 Y107.51 E0.00003
G1 X100.89 Y107.461 E0.00003
G1 X100.976 Y107.411 E0.00003
G1 X101.062 Y107.362 E0.00003
G1 X101.147 Y107.312 E0.00003
G1 X101.233 Y107.263 E0.00003
G1 X101.319 Y107.213 E0.00003
G1 X101.405 Y107.164 E0.00003
G1 X101.49 Y107.115 E0.00003
G1 X101.576 Y107.065 E0.00003
G1 X101.662 Y107.016 E0.00003
G1 X101.748 Y106.966 E0.00003
G1 X101.833 Y106.917 E0.00003
G1 X101.919 Y106.867 E0.00003
G1 X102.005 Y106.818 E0.00003
G1 X102.091 Y106.768 E0.00003
G1 X102.176 Y106.719 E0.00003
G1 X102.262 Y106.669 E0.00003
G1 X102.348 Y106.62 E0.00003
G1 X102.434 Y106.57 E0.00003
G1 X102.519 Y106.521 E0.00003
G1 X102.605 Y106.471 E0.00003
G1 X102.691 Y106.422 E0.00003
G1 X102.777 Y106.372 E0.00003
G1 X102.862 Y106.323 E0.00003
G1 X102.948 Y106.273 E0.00003
G1 X102.966 Y106.263 E0.00001
G1 X102.908 Y106.296 E0.00002
G1 X102.85 Y106.329 E0.00002
G1 X102.792 Y106.363 E0.00002
G1 X102.734 Y106.396 E0.00002
G1 X102.676 Y106.43 E0.00002
G1 X102.618 Y106.463 E0.00002
G1 X102.56 Y106.497 E0.00002
G1 X102.502 Y106.53 E0.00002
G1 X102.444 Y106.564 E0.00002
G1 X102.386 Y106.597 E0.00002
G1 X102.328 Y106.631 E0.00002
G1 X102.27 Y106.664 E0.00002
G1 X102.212 Y106.698 E0.00002
G1 X102.154 Y106.731 E0.00002
G1 X102.096 Y106.765 E0.00002
G1 X102.038 Y106.798 E0.00002
G1 X101.98 Y106.832 E0.00002
G1 X101.922 Y106.865 E0.00002
G1 X101.864 Y106.899 E0.00002
G1 X101.806 Y106.932 E0.00002
G1 X101.748 Y106.966 E0.00002
G1 X101.69 Y106.999 E0.00002
G1 X101.632 Y107.033 E0.00002
G1 X101.574 Y107.066 E0.00002
G1 X101.516 Y107.1 E0.00002
G1 X101.458 Y107.133 E0.00002
G1 X101.4 Y107.167 E0.00002
G1 X101.342 Y107.2 E0.00002
G1 X101.284 Y107.234 E0.00002
G1 X101.226 Y107.267 E0.00002
G1 X101.168 Y107.301 E0.00002
G1 X101.11 Y107.334 E0.00002
G1 X101.052 Y107.368 E0.00002
G1 X100.994 Y107.401 E0.00002
G1 X100.935 Y107.435 E0.00002
G1 F1000.9 X100.877 Y107.468 E0.00002
G1 X100.819 Y107.502 E0.00002
G1 X100.761 Y107.535 E0.00002
G1 X100.703 Y107.569 E0.00002
G1 X100.645 Y107.602 E0.00002
G1 X100.587 Y107.636 E0.00002
G1 X100.529 Y107.669 E0.00002
G1 X100.471 Y107.703 E0.00002
G1 X100.413 Y107.736 E0.00002
G1 X100.355 Y107.77 E0.00002
G1 X100.297 Y107.803 E0.00002
G1 X100.239 Y107.837 E0.00002
G1 X100.181 Y107.87 E0.00002
G1 X100.123 Y107.904 E0.00002
G1 X100.065 Y107.937 E0.00002
G1 X100.007 Y107.971 E0.00002
G1 X99.949 Y108.004 E0.00002
G1 X99.891 Y108.038 E0.00002
G1 X99.833 Y108.071 E0.00002
G1 X99.775 Y108.105 E0.00002
G1 X99.717 Y108.138 E0.00002
G1 X99.659 Y108.172 E0.00002
G1 X99.601 Y108.205 E0.00002
G1 X99.543 Y108.239 E0.00002
G1 X99.485 Y108.272 E0.00002
G1 X99.427 Y108.306 E0.00002
G1 X99.369 Y108.339 E0.00002
G1 X99.311 Y108.373 E0.00002
G1 X99.253 Y108.406 E0.00002
G1 X99.195 Y108.44 E0.00002
G1 X99.137 Y108.473 E0.00002
G1 X99.079 Y108.507 E0.00002
G1 X99.021 Y108.54 E0.00002
G1 X98.963 Y108.574 E0.00002
G1 X98.904 Y108.607 E0.00002
G1 F996.2 X98.846 Y108.641 E0.00002
G1 X98.788 Y108.674 E0.00002
G1 X98.73 Y108.708 E0.00002
G1 X98.672 Y108.741 E0.00002
G1 X98.614 Y108.775 E0.00002
G1 X98.556 Y108.808 E0.00002
G1 X98.498 Y108.842 E0.00002
G1 X98.44 Y108.875 E0.00002
G1 X98.382 Y108.909 E0.00002
G1 X98.324 Y108.942 E0.00002
G1 X98.266 Y108.976 E0.00002
G1 X98.208 Y109.009 E0.00002
G1 X98.15 Y109.043 E0.00002
G1 X98.092 Y109.076 E0.00002
G1 X98.034 Y109.11 E0.00002
G1 X97.976 Y109.143 E0.00002
G1 X97.918 Y109.177 E0.00002
G1 X97.86 Y109.21 E0.00002
G1 X97.802 Y109.244 E0.00002
G1 X97.744 Y109.277 E0.00002
G1 X97.686 Y109.311 E0.00002
G1 X97.628 Y109.344 E0.00002
G1 X97.57 Y109.378 E0.00002
G1 X97.512 Y109.411 E0.00002
G1 X97.454 Y109.445 E0.00002
G1 X97.396 Y109.478 E0.00002
G1 X97.338 Y109.512 E0.00002
G1 X97.28 Y109.545 E0.00002
G1 X97.222 Y109.579 E0.00002
G1 X97.164 Y109.612 E0.00002
G1 X97.106 Y109.646 E0.00002
G1 X97.048 Y109.679 E0.00002
G1 X96.99 Y109.713 E0.00002
G1 X96.931 Y109.746 E0.00002
G1 X96.873 Y109.779 E0.00002
G1 X96.946 Y109.736 E0.00002
G0 F24000 X96.918 Y109.754
G0 X97.062 Y109.671
G0 X96.945 Y110.257
G1 F1000.9 X96.934 Y110.251 E0
G1 F1005.7 X97.106 Y110.35 E0.00005
G1 X97.278 Y110.449 E0.00005
G1 X97.451 Y110.549 E0.00005
G1 X97.623 Y110.648 E0.00005
G1 X97.795 Y110.748 E0.00005
G1 X97.968 Y110.847 E0.00005
G1 X98.14 Y110.947 E0.00005
G1 X98.312 Y111.046 E0.00005
G1 X98.485 Y111.146 E0.00005
G1 X98.657 Y111.245 E0.00005
G1 X98.829 Y111.345 E0.00005
G1 X99.002 Y111.444 E0.00005
G1 X99.174 Y111.543 E0.00005
G1 X99.346 Y111.643 E0.00005
G1 X99.519 Y111.742 E0.00005
G1 X99.691 Y111.842 E0.00005
G1 X99.863 Y111.941 E0.00005
G1 X100.036 Y112.041 E0.00005
G1 X100.208 Y112.14 E0.00005
G1 X100.381 Y112.24 E0.00005
G1 X100.553 Y112.339 E0.00005
G1 X100.725 Y112.439 E0.00005
G1 X100.898 Y112.538 E0.00005
G1 X101.07 Y112.637 E0.00005
G1 X101.242 Y112.737 E0.00005
G1 X101.415 Y112.836 E0.00005
G1 X101.587 Y112.936 E0.00005
G1 X101.759 Y113.035 E0.00005
G1 X101.932 Y113.135 E0.00005
G1 X102.104 Y113.234 E0.00005
G1 X102.276 Y113.334 E0.00005
G1 X102.449 Y113.433 E0.00005
G1 X102.621 Y113.533 E0.00005
G1 X102.793 Y113.632 E0.00005
G1 X102.966 Y113.732 E0.00005
G1 X102.796 Y113.634 E0.00005
G1 X102.624 Y113.535 E0.00005
G1 X102.451 Y113.435 E0.00005
G1 X102.279 Y113.336 E0.00005
G1 X102.107 Y113.236 E0.00005
G1 X101.934 Y113.137 E0.00005
G1 X101.762 Y113.037 E0.00005
G1 X101.59 Y112.938 E0.00005
G1 X101.417 Y112.838 E0.00005
G1 X101.245 Y112.739 E0.00005
G1 X101.073 Y112.639 E0.00005
G1 X100.9 Y112.54 E0.00005
G1 X100.728 Y112.44 E0.00005
G1 X100.555 Y112.341 E0.00005
G1 X100.383 Y112.241 E0.00005
G1 X100.211 Y112.142 E0.00005
G1 X100.038 Y112.042 E0.00005
G1 X99.866 Y111.943 E0.00005
G1 X99.694 Y111.844 E0.00005
G1 X99.521 Y111.744 E0.00005
G1 X99.349 Y111.645 E0.00005
G1 X99.177 Y111.545 E0.00005
G1 X99.004 Y111.446 E0.00005
G1 X98.832 Y111.346 E0.00005
G1 X98.66 Y111.247 E0.00005
G1 X98.487 Y111.147 E0.00005
G1 X98.315 Y111.048 E0.00005
G1 X98.142 Y110.948 E0.00005
G1 X97.97 Y110.849 E0.00005
G1 X97.798 Y110.749 E0.00005
G1 X97.625 Y110.65 E0.00005
G1 X97.453 Y110.55 E0.00005
G1 X97.281 Y110.451 E0.00005
G1 X97.108 Y110.351 E0.00005
G1 X96.936 Y110.252 E0.00005
G0 F24000 X97.118 Y110.356
G1 F60 E-0.001
G1 F18000 Z2.8
G0 F24000 X96.498 Y117.466 Z2.8
G1 F18000 Z0.8
G1 F60 E0.001
G1 F1005.7 X96.498 Y117.416 E0.00001
G1 X96.498 Y117.366 E0.00001
G1 X96.498 Y117.316 E0.00001
G1 X96.498 Y117.266 E0.00001
G1 X96.498 Y117.216 E0.00001
G1 X96.498 Y117.166 E0.00001
G1 X96.498 Y117.116 E0.00001
G1 X96.498 Y117.066 E0.00001
G1 X96.498 Y117.016 E0.00001
G1 X96.498 Y116.966 E0.00001
G1 X96.498 Y116.916 E0.00001
G1 X96.498 Y116.866 E0.00001
G1 X96.498 Y116.816 E0.00001
G1 X96.498 Y116.766 E0.00001
G1 X96.498 Y116.716 E0.00001
G1 X96.498 Y116.666 E0.00001
G1 X96.498 Y116.616 E0.00001
G1 X96.498 Y116.566 E0.00001
G1 X96.498 Y116.516 E0.00001
G1 X96.498 Y116.466 E0.00001
G1 X96.498 Y116.416 E0.00001
G1 X96.498 Y116.366 E0.00001
G1 X96.498 Y116.316 E0.00001
G1 X96.498 Y116.266 E0.00001
G1 X96.498 Y116.216 E0.00001
G1 X96.498 Y116.166 E0.00001
G1 X96.498 Y116.116 E0.00001
G1 X96.498 Y116.066 E0.00001
G1 X96.498 Y116.016 E0.00001
G1 X96.498 Y115.966 E0.00001
G1 X96.498 Y115.916 E0.00001
G1 X96.498 Y115.866 E0.00001
G1 X96.498 Y115.816 E0.00001
G1 X96.498 Y115.766 E0.00001
G1 X96.498 Y115.716 E0.00001
G1 F1000.9 X96.498 Y115.666 E0.00001
G1 X96.498 Y115.616 E0.00001
G1 X96.498 Y115.566 E0.00001
G1 X96.498 Y115.516 E0.00001
G1 X96.498 Y115.466 E0.00001
G1 X96.498 Y115.416 E0.00001
G1 X96.498 Y115.366 E0.00001
G1 X96.498 Y115.316 E0.00001
G1 X96.498 Y115.266 E0.00001
G1 X96.498 Y115.216 E0.00001
G1 X96.498 Y115.166 E0.00001
G1 X96.498 Y115.116 E0.00001
G1 X96.498 Y115.066 E0.00001
G1 X96.498 Y115.016 E0.00001
G1 X96.498 Y114.966 E0.00001
G1 X96.498 Y114.916 E0.00001
G1 X96.498 Y114.866 E0.00001
G1 X96.498 Y114.816 E0.00001
G1 X96.498 Y114.766 E0.00001
G1 X96.498 Y114.716 E0.00001
G1 X96.498 Y114.666 E0.00001
G1 X96.498 Y114.616 E0.00001
G1 X96.498 Y114.566 E0.00001
G1 X96.498 Y114.516 E0.00001
G1 X96.498 Y114.466 E0.00001
G1 X96.498 Y114.416 E0.00001
G1 X96.498 Y114.366 E0.00001
G1 X96.498 Y114.316 E0.00001
G1 X96.498 Y114.266 E0.00001
G1 X96.498 Y114.216 E0.00001
G1 X96.498 Y114.166 E0.00001
G1 X96.498 Y114.116 E0.00001
G1 X96.498 Y114.066 E0.00001
G1 X96.498 Y114.016 E0.00001
G1 X96.498 Y113.966 E0.00001
G1 F996.2 X96.498 Y113.916 E0.00001
G1 X96.498 Y113.866 E0.00001
G1 X96.498 Y113.816 E0.00001
G1 X96.498 Y113.766 E0.00001
G1 X96.498 Y113.716 E0.00001
G1 X96.498 Y113.666 E0.00001
G1 X96.498 Y113.616 E0.00001
G1 X96.498 Y113.566 E0.00001
G1 X96.498 Y113.516 E0.00001
G1 X96.498 Y113.466 E0.00001
G1 X96.498 Y113.416 E0.00001
G1 X96.498 Y113.366 E0.00001
G1 X96.498 Y113.316 E0.00001
G1 X96.498 Y113.266 E0.00001
G1 X96.498 Y113.216 E0.00001
G1 X96.498 Y113.166 E0.00001
G1 X96.498 Y113.116 E0.00001
G1 X96.498 Y113.066 E0.00001
G1 X96.498 Y113.016 E0.00001
G1 X96.498 Y112.966 E0.00001
G1 X96.498 Y112.916 E0.00001
G1 X96.498 Y112.866 E0.00001
G1 X96.498 Y112.816 E0.00001
G1 X96.498 Y112.766 E0.00001
G1 X96.498 Y112.716 E0.00001
G1 X96.498 Y112.666 E0.00001
G1 X96.498 Y112.616 E0.00001
G1 X96.498 Y112.566 E0.00001
G1 X96.498 Y112.516 E0.00001
G1 X96.498 Y112.466 E0.00001
G1 X96.498 Y112.416 E0.00001
G1 X96.498 Y112.366 E0.00001
G1 X96.498 Y112.316 E0.00001
G1 X96.498 Y112.266 E0.00001
G1 X96.498 Y112.216 E0.00001
G1 F991.5 X96.498 Y112.166 E0.00001
G1 X96.498 Y112.116 E0.00001
G1 X96.498 Y112.066 E0.00001
G1 X96.498 Y112.016 E0.00001
G1 X96.498 Y111.966 E0.00001
G1 X96.498 Y111.916 E0.00001
G1 X96.498 Y111.866 E0.00001
G1 X96.498 Y111.816 E0.00001
G1 X96.498 Y111.766 E0.00001
G1 X96.498 Y111.716 E0.00001
G1 X96.498 Y111.666 E0.00001
G1 X96.498 Y111.616 E0.00001
G1 X96.498 Y111.566 E0.00001
G1 X96.498 Y111.516 E0.00001
G1 X96.498 Y111.466 E0.00001
G1 X96.498 Y111.416 E0.00001
G1 X96.498 Y111.366 E0.00001
G1 X96.498 Y111.316 E0.00001
G1 X96.498 Y111.266 E0.00001
G1 X96.498 Y111.216 E0.00001
G1 X96.498 Y111.166 E0.00001
G1 X96.498 Y111.116 E0.00001
G1 X96.498 Y111.066 E0.00001
G1 X96.498 Y111.016 E0.00001
G1 X96.498 Y110.966 E0.00001
G1 X96.498 Y110.916 E0.00001
G1 X96.498 Y110.866 E0.00001
G1 X96.498 Y110.816 E0.00001
G1 X96.498 Y110.766 E0.00001
G1 X96.498 Y110.716 E0.00001
G1 X96.498 Y110.666 E0.00001
G1 X96.498 Y110.616 E0.00001
G1 X96.498 Y110.566 E0.00001
G1 X96.498 Y110.516 E0.00001
G1 X96.498 Y110.466 E0.00001
G1 F986.9 X96.498 Y110.496 E0.00001
G1 F991.5 X96.498 Y110.546 E0.00001
G1 X96.498 Y110.596 E0.00001
G1 X96.498 Y110.646 E0.00001
G1 X96.498 Y110.696 E0.00001
G1 X96.498 Y110.746 E0.00001
G1 X96.498 Y110.796 E0.00001
G1 X96.498 Y110.846 E0.00001
G1 X96.498 Y110.896 E0.00001
G1 X96.498 Y110.946 E0.00001
G1 X96.498 Y110.996 E0.00001
G1 X96.498 Y111.046 E0.00001
G1 X96.498 Y111.096 E0.00001
G1 X96.498 Y111.146 E0.00001
G1 X96.498 Y111.196 E0.00001
G1 X96.498 Y111.246 E0.00001
G1 X96.498 Y111.296 E0.00001
G1 X96.498 Y111.346 E0.00001
G1 X96.498 Y111.396 E0.00001
G1 X96.498 Y111.446 E0.00001
G1 X96.498 Y111.496 E0.00001
G1 X96.498 Y111.546 E0.00001
G1 X96.498 Y111.596 E0.00001
G1 X96.498 Y111.646 E0.00001
G1 X96.498 Y111.696 E0.00001
G1 X96.498 Y111.746 E0.00001
G1 X96.498 Y111.796 E0.00001
G1 X96.498 Y111.846 E0.00001
G1 X96.498 Y111.896 E0.00001
G1 X96.498 Y111.946 E0.00001
G1 X96.498 Y111.996 E0.00001
G1 X96.498 Y112.046 E0.00001
G1 X96.498 Y112.096 E0.00001
G1 X96.498 Y112.146 E0.00001
G1 X96.498 Y112.196 E0.00001
G1 X96.498 Y112.246 E0.00001
G1 F996.2 X96.498 Y112.296 E0.00001
G1 X96.498 Y112.346 E0.00001
G1 X96.498 Y112.396 E0.00001
G1 X96.498 Y112.446 E0.00001
G1 X96.498 Y112.496 E0.00001
G1 X96.498 Y112.546 E0.00001
G1 X96.498 Y112.596 E0.00001
G1 X96.498 Y112.646 E0.00001
G1 X96.498 Y112.696 E0.00001
G1 X96.498 Y112.746 E0.00001
G1 X96.498 Y112.796 E0.00001
G1 X96.498 Y112.846 E0.00001
G1 X96.498 Y112.896 E0.00001
G1 X96.498 Y112.946 E0.00001
G1 X96.498 Y112.996 E0.00001
G1 X96.498 Y113.046 E0.00001
G1 X96.498 Y113.096 E0.00001
G1 X96.498 Y113.146 E0.00001
G1 X96.498 Y113.196 E0.00001
G1 X96.498 Y113.246 E0.00001
G1 X96.498 Y113.296 E0.00001
G1 X96.498 Y113.346 E0.00001
G1 X96.498 Y113.396 E0.00001
G1 X96.498 Y113.446 E0.00001
G1 X96.498 Y113.496 E0.00001
G1 X96.498 Y113.546 E0.00001
G1 X96.498 Y113.596 E0.00001
G1 X96.498 Y113.646 E0.00001
G1 X96.498 Y113.696 E0.00001
G1 X96.498 Y113.746 E0.00001
G1 X96.498 Y113.796 E0.00001
G1 X96.498 Y113.846 E0.00001
G1 X96.498 Y113.896 E0.00001
G1 X96.498 Y113.946 E0.00001
G1 X96.498 Y113.996 E0.00001
G1 F1000.9 X96.498 Y114.046 E0.00001
G1 X96.498 Y114.096 E0.00001
G1 X96.498 Y114.146 E0.00001
G1 X96.498 Y114.196 E0.00001
G1 X96.498 Y114.246 E0.00001
G1 X96.498 Y114.296 E0.00001
G1 X96.498 Y114.346 E0.00001
G1 X96.498 Y114.396 E0.00001
G1 X96.498 Y114.446 E0.00001
G1 X96.498 Y114.496 E0.00001
G1 X96.498 Y114.546 E0.00001
G1 X96.498 Y114.596 E0.00001
G1 X96.498 Y114.646 E0.00001
G1 X96.498 Y114.696 E0.00001
G1 X96.498 Y114.746 E0.00001
G1 X96.498 Y114.796 E0.00001
G1 X96.498 Y114.846 E0.00001
G1 X96.498 Y114.896 E0.00001
G1 X96.498 Y114.946 E0.00001
G1 X96.498 Y114.996 E0.00001
G1 X96.498 Y115.046 E0.00001
G1 X96.498 Y115.096 E0.00001
G1 X96.498 Y115.146 E0.00001
G1 X96.498 Y115.196 E0.00001
G1 X96.498 Y115.246 E0.00001
G1 X96.498 Y115.296 E0.00001
G1 X96.498 Y115.346 E0.00001
G1 X96.498 Y115.396 E0.00001
G1 X96.498 Y115.446 E0.00001
G1 X96.498 Y115.496 E0.00001
G1 X96.498 Y115.546 E0.00001
G1 X96.498 Y115.596 E0.00001
G1 X96.498 Y115.646 E0.00001
G1 X96.498 Y115.696 E0.00001
G1 X96.498 Y115.746 E0.00001
G1 F1005.7 X96.498 Y115.796 E0.00001
G1 X96.498 Y115.846 E0.00001
G1 X96.498 Y115.896 E0.00001
G1 X96.498 Y115.946 E0.00001
G1 X96.498 Y115.996 E0.00001
G1 X96.498 Y116.046 E0.00001
G1 X96.498 Y116.096 E0.00001
G1 X96.498 Y116.146 E0.00001
G1 X96.498 Y116.196 E0.00001
G1 X96.498 Y116.246 E0.00001
G1 X96.498 Y116.296 E0.00001
G1 X96.498 Y116.346 E0.00001
G1 X96.498 Y116.396 E0.00001
G1 X96.498 Y116.446 E0.00001
G1 X96.498 Y116.496 E0.00001
G1 X96.498 Y116.546 E0.00001
G1 X96.498 Y116.596 E0.00001
G1 X96.498 Y116.646 E0.00001
G1 X96.498 Y116.696 E0.00001
G1 X96.498 Y116.746 E0.00001
G1 X96.498 Y116.796 E0.00001
G1 X96.498 Y116.846 E0.00001
G1 X96.498 Y116.896 E0.00001
G1 X96.498 Y116.946 E0.00001
G1 X96.498 Y116.996 E0.00001
G1 X96.498 Y117.046 E0.00001
G1 X96.498 Y117.096 E0.00001
G1 X96.498 Y117.146 E0.00001
G1 X96.498 Y117.196 E0.00001
G1 X96.498 Y117.246 E0.00001
G1 X96.498 Y117.296 E0.00001
G1 X96.498 Y117.346 E0.00001
G1 X96.498 Y117.396 E0.00001
G1 X96.498 Y117.446 E0.00001
G1 X96.498 Y117.496 E0.00001
G0 F24000 X96.498 Y117.266
G1 F60 E-0.001
G1 F18000 Z2.8
G0 F24000 X92.874 Y109.062 Z2.8
G1 F18000 Z0.8
G1 F60 E0.001
G1 F1005.7 X94.061 Y109.746 E0.00036
G1 X94.073 Y109.755 E0
G1 F996.2 X94.086 Y109.765 E0
G1 F986.9 X94.099 Y109.774 E0
G1 F977.8 X94.112 Y109.784 E0
G1 F968.8 X94.125 Y109.793 E0
G1 F960 X94.138 Y109.803 E0
G1 F951.4 X94.149 Y109.813 E0
G1 F934.5 X94.162 Y109.824 E0
G1 F918.3 X94.174 Y109.835 E0
G1 F906.4 X94.18 Y109.842 E0
G1 F891.1 X94.186 Y109.85 E0
G1 F880 X94.193 Y109.858 E0
G1 F865.6 X94.199 Y109.865 E0
G1 F855.1 X94.205 Y109.873 E0
G1 F841.4 X94.212 Y109.881 E0
G1 F828.2 X94.218 Y109.889 E0
G1 F818.6 X94.225 Y109.896 E0
G1 F806.1 X94.231 Y109.904 E0
G1 F797 X94.237 Y109.912 E0
G1 F785.1 X94.244 Y109.919 E0
G1 F776.5 X94.25 Y109.927 E0
G1 F765.2 X94.257 Y109.935 E0
G1 F754.3 X94.267 Y109.949 E0.00001
G1 F738.5 X94.273 Y109.958 E0
G1 F725.8 X94.279 Y109.967 E0
G1 F711.1 X94.285 Y109.977 E0
G1 F699.3 X94.289 Y109.988 E0
G1 F687.9 X94.293 Y109.999 E0
G1 X94.288 Y110.007 E0
G1 F697 X94.282 Y110.015 E0
G1 F706.4 X94.276 Y110.023 E0
G1 F715.9 X94.27 Y110.031 E0
G1 F725.8 X94.265 Y110.039 E0
G1 F735.9 X94.259 Y110.048 E0
G1 F746.3 X94.253 Y110.056 E0
G1 F757 X94.247 Y110.064 E0
G1 F768 X94.242 Y110.072 E0
G1 F779.3 X94.236 Y110.08 E0
G1 F791 X94.23 Y110.089 E0
G1 F803 X94.224 Y110.097 E0
G1 F815.4 X94.219 Y110.105 E0
G1 F828.2 X94.213 Y110.113 E0
G1 F841.4 X94.207 Y110.121 E0
G1 F855.1 X94.201 Y110.13 E0
G1 F869.1 X94.194 Y110.137 E0
G1 F880 X94.186 Y110.145 E0
G1 F891.1 X94.178 Y110.153 E0
G1 F898.7 X94.17 Y110.161 E0
G1 F910.3 X94.162 Y110.169 E0
G1 F922.3 X94.154 Y110.177 E0
G1 F934.5 X94.145 Y110.185 E0
G1 F942.9 X94.135 Y110.193 E0
G1 F951.4 X94.125 Y110.202 E0
G1 F964.4 X94.115 Y110.21 E0
G1 F973.3 X94.105 Y110.219 E0
G1 F982.3 X94.095 Y110.227 E0
G1 F991.5 X94.063 Y110.247 E0.00001
G1 F1000.9 X94.007 Y110.279 E0.00002
G1 X93.951 Y110.312 E0.00002
G1 X93.895 Y110.344 E0.00002
G1 X93.838 Y110.377 E0.00002
G1 X93.782 Y110.409 E0.00002
G1 X93.726 Y110.442 E0.00002
G1 X93.67 Y110.474 E0.00002
G1 F1005.7 X93.613 Y110.507 E0.00002
G1 X93.557 Y110.54 E0.00002
G1 X93.501 Y110.572 E0.00002
G1 X93.445 Y110.605 E0.00002
G1 X93.388 Y110.637 E0.00002
G1 X93.332 Y110.67 E0.00002
G1 X93.276 Y110.702 E0.00002
G1 F1010.5 X93.22 Y110.735 E0.00002
G1 X93.163 Y110.768 E0.00002
G1 X93.107 Y110.8 E0.00002
G1 X93.051 Y110.833 E0.00002
G1 X92.995 Y110.865 E0.00002
G1 X92.938 Y110.898 E0.00002
G1 X92.882 Y110.93 E0.00002
G1 X92.929 Y110.904 E0.00001
G1 X92.985 Y110.871 E0.00002
G1 X93.041 Y110.839 E0.00002
G1 X93.098 Y110.806 E0.00002
G1 X93.154 Y110.774 E0.00002
G1 X93.21 Y110.741 E0.00002
G1 X93.266 Y110.709 E0.00002
G1 F1005.7 X93.323 Y110.676 E0.00002
G1 X93.379 Y110.643 E0.00002
G1 X93.435 Y110.611 E0.00002
G1 X93.491 Y110.578 E0.00002
G1 X93.548 Y110.546 E0.00002
G1 X93.604 Y110.513 E0.00002
G1 X93.66 Y110.481 E0.00002
G1 F1000.9 X93.716 Y110.448 E0.00002
G1 X93.773 Y110.415 E0.00002
G1 X93.829 Y110.383 E0.00002
G1 X93.885 Y110.35 E0.00002
G1 X93.941 Y110.318 E0.00002
G1 X93.998 Y110.285 E0.00002
G1 X94.054 Y110.253 E0.00002
G1 F991.5 X94.093 Y110.229 E0.00001
G1 F982.3 X94.102 Y110.221 E0
G1 F973.3 X94.112 Y110.213 E0
G1 F964.4 X94.122 Y110.204 E0
G1 F951.4 X94.132 Y110.196 E0
G1 F942.9 X94.142 Y110.187 E0
G1 F934.5 X94.152 Y110.179 E0
G1 F922.3 X94.161 Y110.17 E0
G1 F910.3 X94.169 Y110.162 E0
G1 F898.7 X94.177 Y110.154 E0
G1 F891.1 X94.185 Y110.146 E0
G1 F880 X94.193 Y110.138 E0
G1 F869.1 X94.201 Y110.13 E0
G1 F855.1 X94.207 Y110.123 E0
G1 F841.4 X94.213 Y110.115 E0
G1 F828.2 X94.219 Y110.107 E0
G1 F815.4 X94.225 Y110.099 E0
G1 F803 X94.231 Y110.091 E0
G1 F791 X94.237 Y110.083 E0
G1 F779.3 X94.244 Y110.075 E0
G1 F768 X94.25 Y110.067 E0
G1 F757 X94.256 Y110.06 E0
G1 F746.3 X94.262 Y110.052 E0
G1 F735.9 X94.268 Y110.044 E0
G1 F725.8 X94.274 Y110.036 E0
G1 F715.9 X94.28 Y110.028 E0
G1 F706.4 X94.287 Y110.02 E0
G1 F697 X94.293 Y110.012 E0
G1 F687.9 X94.299 Y110.004 E0
G1 F681.3 X94.3 Y109.995 E0
G1 F687.9 X94.293 Y109.987 E0
G1 F699.3 X94.286 Y109.978 E0
G1 F711.1 X94.28 Y109.969 E0
G1 F725.8 X94.274 Y109.96 E0
G1 F738.5 X94.268 Y109.951 E0
G1 F754.3 X94.262 Y109.941 E0
G1 F765.2 X94.255 Y109.933 E0
G1 F776.5 X94.249 Y109.925 E0
G1 F785.1 X94.242 Y109.917 E0
G1 F797 X94.236 Y109.91 E0
G1 F806.1 X94.23 Y109.902 E0
G1 F818.6 X94.223 Y109.894 E0
G1 F828.2 X94.217 Y109.886 E0
G1 F841.4 X94.21 Y109.879 E0
G1 F855.1 X94.204 Y109.871 E0
G1 F865.6 X94.198 Y109.863 E0
G1 F880 X94.191 Y109.856 E0
G1 F891.1 X94.185 Y109.848 E0
G1 F906.4 X94.178 Y109.84 E0
G1 F918.3 X94.162 Y109.824 E0.00001
G1 F934.5 X94.149 Y109.813 E0
G1 F951.4 X94.137 Y109.802 E0
G1 F960 X94.125 Y109.793 E0
G1 F968.8 X94.112 Y109.783 E0
G1 F977.8 X94.099 Y109.774 E0
G1 F986.9 X94.086 Y109.764 E0
G1 F996.2 X94.073 Y109.755 E0
G1 F1005.7 X94.06 Y109.745 E0
G1 X92.874 Y109.062 E0.00036
G0 F24000 X93.047 Y109.161
G1 F60 E-0.001
G1 F18000 Z2.8
G0 F24000 X95.059 Y111.986 Z2.8
G1 F18000 Z0.8
G1 F60 E0.001
G1 F1000.9 X95.082 Y111.974 E0.00001
G1 F991.5 X95.105 Y111.962 E0.00001
G1 F982.3 X95.132 Y111.951 E0.00001
G1 F968.8 X95.142 Y111.949 E0
G1 F960 X95.153 Y111.946 E0
G1 F947.1 X95.163 Y111.943 E0
G1 F934.5 X95.174 Y111.94 E0
G1 F926.3 X95.185 Y111.937 E0
G1 F914.3 X95.195 Y111.934 E0
G1 F902.6 X95.206 Y111.931 E0
G1 F894.9 X95.216 Y111.928 E0
G1 F883.7 X95.227 Y111.925 E0
G1 F872.7 X95.238 Y111.922 E0
G1 F865.6 X95.248 Y111.919 E0
G1 F855.1 X95.253 Y111.919 E0
G1 F841.4 X95.263 Y111.917 E0
G1 F828.2 X95.273 Y111.916 E0
G1 F818.6 X95.283 Y111.914 E0
G1 F806.1 X95.293 Y111.912 E0
G1 F794 X95.303 Y111.911 E0
G1 F782.2 X95.314 Y111.91 E0
G1 F770.8 X95.324 Y111.91 E0
G1 F757 X95.334 Y111.91 E0
G1 F746.3 X95.344 Y111.909 E0
G1 F733.3 X95.354 Y111.909 E0
G1 F720.8 X95.364 Y111.909 E0
G1 F711.1 X95.374 Y111.908 E0
G1 F699.3 X95.384 Y111.908 E0
G1 F690.2 X95.394 Y111.908 E0
G1 X95.401 Y111.915 E0
G1 F699.3 X95.406 Y111.924 E0
G1 F711.1 X95.411 Y111.933 E0
G1 F723.3 X95.415 Y111.942 E0
G1 F733.3 X95.42 Y111.951 E0
G1 F746.3 X95.425 Y111.959 E0
G1 F757 X95.429 Y111.968 E0
G1 F770.8 X95.434 Y111.977 E0
G1 F785.1 X95.439 Y111.986 E0
G1 F797 X95.444 Y111.995 E0
G1 F809.2 X95.448 Y112.006 E0
G1 F821.8 X95.452 Y112.015 E0
G1 F831.5 X95.455 Y112.025 E0
G1 F844.8 X95.459 Y112.034 E0
G1 F858.5 X95.462 Y112.044 E0
G1 F869.1 X95.465 Y112.055 E0
G1 F880 X95.468 Y112.066 E0
G1 F887.4 X95.471 Y112.077 E0
G1 F898.7 X95.474 Y112.087 E0
G1 F910.3 X95.477 Y112.098 E0
G1 F918.3 X95.479 Y112.109 E0
G1 F930.4 X95.482 Y112.119 E0
G1 F942.9 X95.485 Y112.13 E0
G1 F951.4 X95.488 Y112.141 E0
G1 F964.4 X95.491 Y112.151 E0
G1 F977.8 X95.494 Y112.177 E0.00001
G1 F991.5 X95.496 Y112.207 E0.00001
G1 F1000.9 X95.498 Y112.237 E0.00001
G1 F1005.7 X95.498 Y117.596 E0.0014
G1 X95.498 Y112.236 E0.0014
G1 F1000.9 X95.496 Y112.206 E0.00001
G1 F991.5 X95.494 Y112.176 E0.00001
G1 F977.8 X95.49 Y112.148 E0.00001
G1 F964.4 X95.488 Y112.138 E0
G1 F951.4 X95.485 Y112.127 E0
G1 F942.9 X95.482 Y112.116 E0
G1 F930.4 X95.479 Y112.106 E0
G1 F918.3 X95.476 Y112.095 E0
G1 F910.3 X95.474 Y112.084 E0
G1 F898.7 X95.471 Y112.074 E0
G1 F887.4 X95.468 Y112.063 E0
G1 F880 X95.465 Y112.052 E0
G1 F869.1 X95.462 Y112.042 E0
G1 F858.5 X95.46 Y112.036 E0
G1 F844.8 X95.456 Y112.027 E0
G1 F831.5 X95.453 Y112.017 E0
G1 F821.8 X95.449 Y112.008 E0
G1 F809.2 X95.446 Y111.998 E0
G1 F797 X95.442 Y111.988 E0
G1 F785.1 X95.438 Y111.979 E0
G1 F770.8 X95.434 Y111.97 E0
G1 F757 X95.43 Y111.961 E0
G1 F746.3 X95.426 Y111.952 E0
G1 F733.3 X95.422 Y111.943 E0
G1 F723.3 X95.418 Y111.934 E0
G1 F711.1 X95.414 Y111.924 E0
G1 F699.3 X95.41 Y111.915 E0
G1 F690.2 X95.406 Y111.906 E0
G1 F683.5 X95.397 Y111.899 E0
G1 F690.2 X95.388 Y111.9 E0
G1 F699.3 X95.378 Y111.901 E0
G1 F711.1 X95.368 Y111.902 E0
G1 F720.8 X95.358 Y111.903 E0
G1 F733.3 X95.348 Y111.904 E0
G1 F746.3 X95.338 Y111.906 E0
G1 F757 X95.328 Y111.907 E0
G1 F770.8 X95.318 Y111.908 E0
G1 F782.2 X95.308 Y111.909 E0
G1 F794 X95.295 Y111.911 E0
G1 F806.1 X95.285 Y111.913 E0
G1 F818.6 X95.275 Y111.914 E0
G1 F828.2 X95.265 Y111.916 E0
G1 F841.4 X95.255 Y111.918 E0
G1 F855.1 X95.245 Y111.919 E0
G1 F865.6 X95.234 Y111.922 E0
G1 F872.7 X95.223 Y111.925 E0
G1 F883.7 X95.213 Y111.928 E0
G1 F894.9 X95.202 Y111.931 E0
G1 F902.6 X95.191 Y111.934 E0
G1 F914.3 X95.181 Y111.937 E0
G1 F926.3 X95.17 Y111.94 E0
G1 F934.5 X95.16 Y111.943 E0
G1 F947.1 X95.149 Y111.946 E0
G1 F960 X95.138 Y111.949 E0
G1 F968.8 X95.128 Y111.952 E0
G1 F982.3 X95.105 Y111.962 E0.00001
G1 F991.5 X95.082 Y111.974 E0.00001
G1 F1000.9 X95.059 Y111.986 E0.00001
G1 F1005.7 X94.975 Y112.034 E0.00003
G1 X94.891 Y112.082 E0.00003
G1 X94.807 Y112.131 E0.00003
G1 X94.723 Y112.179 E0.00003
G1 X94.639 Y112.228 E0.00003
G1 X94.555 Y112.276 E0.00003
G1 X94.471 Y112.325 E0.00003
G1 X94.387 Y112.373 E0.00003
G1 X94.303 Y112.422 E0.00003
G1 X94.219 Y112.47 E0.00003
G1 X94.135 Y112.519 E0.00003
G1 X94.051 Y112.567 E0.00003
G1 X93.967 Y112.616 E0.00003
G1 F1000.9 X93.883 Y112.664 E0.00003
G1 X93.799 Y112.713 E0.00003
G1 X93.715 Y112.761 E0.00003
G1 X93.631 Y112.81 E0.00003
G1 X93.547 Y112.858 E0.00003
G1 X93.463 Y112.907 E0.00003
G1 X93.379 Y112.955 E0.00003
G1 X93.295 Y113.004 E0.00003
G1 X93.211 Y113.052 E0.00003
G1 X93.127 Y113.101 E0.00003
G1 X93.043 Y113.149 E0.00003
G1 X92.959 Y113.198 E0.00003
G1 X92.875 Y113.246 E0.00003
G1 X92.959 Y113.198 E0.00003
G1 X93.043 Y113.15 E0.00003
G1 X93.127 Y113.101 E0.00003
G1 X93.211 Y113.053 E0.00003
G1 X93.295 Y113.004 E0.00003
G1 X93.379 Y112.956 E0.00003
G1 X93.463 Y112.907 E0.00003
G1 X93.547 Y112.859 E0.00003
G1 X93.631 Y112.81 E0.00003
G1 X93.715 Y112.762 E0.00003
G1 X93.799 Y112.713 E0.00003
G1 X93.883 Y112.665 E0.00003
G1 X93.967 Y112.616 E0.00003
G1 F1005.7 X94.051 Y112.568 E0.00003
G1 X94.135 Y112.519 E0.00003
G1 X94.219 Y112.471 E0.00003
G1 X94.303 Y112.422 E0.00003
G1 X94.387 Y112.374 E0.00003
G1 X94.471 Y112.325 E0.00003
G1 X94.555 Y112.277 E0.00003
G1 X94.639 Y112.228 E0.00003
G1 X94.723 Y112.18 E0.00003
G1 X94.807 Y112.131 E0.00003
G1 X94.891 Y112.083 E0.00003
G1 X94.975 Y112.034 E0.00003
G1 X95.059 Y111.986 E0.00003
G0 F24000 X95.105 Y111.962
G0 X95.132 Y111.951
G0 X95.244 Y111.92
G0 X95.246 Y111.92
G1 F60 E-0.001
G1 F18000 Z2.8
G0 F24000 X107.565 Y117.542 Z2.8
G1 F18000 Z0.8
G1 F60 E0.001
G1 F1005.7 X107.393 Y117.443 E0.00005
G1 X107.221 Y117.344 E0.00005
G1 X107.048 Y117.244 E0.00005
G1 X106.876 Y117.145 E0.00005
G1 X106.704 Y117.045 E0.00005
G1 X106.531 Y116.946 E0.00005
G1 X106.359 Y116.846 E0.00005
G1 X106.187 Y116.747 E0.00005
G1 X106.014 Y116.647 E0.00005
G1 X105.842 Y116.548 E0.00005
G1 X105.669 Y116.448 E0.00005
G1 X105.497 Y116.349 E0.00005
G1 X105.325 Y116.25 E0.00005
G1 X105.152 Y116.15 E0.00005
G1 X104.98 Y116.051 E0.00005
G1 X104.808 Y115.951 E0.00005
G1 X104.635 Y115.852 E0.00005
G1 X104.463 Y115.752 E0.00005
G1 X104.29 Y115.653 E0.00005
G1 X104.118 Y115.553 E0.00005
G1 X103.946 Y115.454 E0.00005
G1 X103.773 Y115.354 E0.00005
G1 X103.601 Y115.255 E0.00005
G1 X103.429 Y115.156 E0.00005
G1 X103.256 Y115.056 E0.00005
G1 X103.084 Y114.957 E0.00005
G1 X102.912 Y114.857 E0.00005
G1 X102.739 Y114.758 E0.00005
G1 X102.567 Y114.658 E0.00005
G1 X102.394 Y114.559 E0.00005
G1 X102.222 Y114.459 E0.00005
G1 X102.05 Y114.36 E0.00005
G1 X101.877 Y114.26 E0.00005
G1 X101.705 Y114.161 E0.00005
G1 X101.533 Y114.062 E0.00005
G1 X101.36 Y113.962 E0.00005
G1 X101.188 Y113.863 E0.00005
G1 X101.015 Y113.763 E0.00005
G1 X100.843 Y113.664 E0.00005
G1 X100.671 Y113.564 E0.00005
G1 X100.498 Y113.465 E0.00005
G1 X100.326 Y113.365 E0.00005
G1 X100.154 Y113.266 E0.00005
G1 X99.981 Y113.166 E0.00005
G1 X99.809 Y113.067 E0.00005
G1 X99.637 Y112.968 E0.00005
G1 X99.464 Y112.868 E0.00005
G1 X99.292 Y112.769 E0.00005
G1 X99.119 Y112.669 E0.00005
G1 X98.947 Y112.57 E0.00005
G1 X98.775 Y112.47 E0.00005
G1 X98.602 Y112.371 E0.00005
G1 X98.43 Y112.271 E0.00005
G1 X98.258 Y112.172 E0.00005
G1 X98.085 Y112.072 E0.00005
G1 X97.913 Y111.973 E0.00005
G1 F996.2 X97.902 Y111.967 E0
G1 F982.3 X97.883 Y111.96 E0.00001
G1 F968.8 X97.863 Y111.953 E0.00001
G1 F955.7 X97.844 Y111.946 E0.00001
G1 F942.9 X97.83 Y111.942 E0
G1 F930.4 X97.816 Y111.938 E0
G1 F914.3 X97.802 Y111.933 E0
G1 F902.6 X97.788 Y111.929 E0
G1 F887.4 X97.78 Y111.928 E0
G1 F872.7 X97.77 Y111.927 E0
G1 F858.5 X97.76 Y111.925 E0
G1 F844.8 X97.75 Y111.924 E0
G1 F831.5 X97.74 Y111.922 E0
G1 F818.6 X97.73 Y111.921 E0
G1 F806.1 X97.72 Y111.919 E0
G1 F794 X97.71 Y111.918 E0
G1 F782.2 X97.7 Y111.917 E0
G1 F768 X97.691 Y111.915 E0
G1 F757 X97.681 Y111.914 E0
G1 F746.3 X97.671 Y111.912 E0
G1 F735.9 X97.661 Y111.911 E0
G1 F725.8 X97.651 Y111.909 E0
G1 F715.9 X97.641 Y111.908 E0
G1 F706.4 X97.631 Y111.907 E0
G1 F697 X97.621 Y111.905 E0
G1 F687.9 X97.611 Y111.904 E0
G1 F681.3 X97.597 Y111.906 E0.00001
G1 F687.9 X97.594 Y111.917 E0
G1 F701.7 X97.59 Y111.928 E0
G1 F715.9 X97.586 Y111.937 E0
G1 F725.8 X97.582 Y111.946 E0
G1 F738.5 X97.577 Y111.955 E0
G1 F748.9 X97.573 Y111.964 E0
G1 F762.5 X97.568 Y111.973 E0
G1 F776.5 X97.564 Y111.982 E0
G1 F788.1 X97.559 Y111.991 E0
G1 F800 X97.555 Y112.002 E0
G1 F809.2 X97.552 Y112.012 E0
G1 F821.8 X97.549 Y112.021 E0
G1 F831.5 X97.546 Y112.031 E0
G1 F841.4 X97.542 Y112.04 E0
G1 F851.6 X97.539 Y112.05 E0
G1 F862 X97.536 Y112.059 E0
G1 F876.3 X97.533 Y112.069 E0
G1 F887.4 X97.53 Y112.078 E0
G1 F898.7 X97.526 Y112.088 E0
G1 F910.3 X97.523 Y112.097 E0
G1 F922.3 X97.52 Y112.107 E0
G1 F938.7 X97.517 Y112.116 E0
G1 F951.4 X97.513 Y112.126 E0
G1 F964.4 X97.51 Y112.143 E0
G1 F977.8 X97.507 Y112.161 E0
G1 F991.5 X97.505 Y112.186 E0.00001
G1 F1000.9 X97.503 Y112.211 E0.00001
G1 F1010.5 X97.5 Y112.236 E0.00001
G1 F1015.4 X97.5 Y112.335 E0.00003
G1 X97.5 Y112.434 E0.00003
G1 X97.5 Y112.533 E0.00003
G1 X97.5 Y112.632 E0.00003
G1 X97.5 Y112.731 E0.00003
G1 X97.5 Y112.83 E0.00003
G1 X97.5 Y112.929 E0.00003
G1 X97.5 Y113.028 E0.00003
G1 X97.5 Y113.127 E0.00003
G1 X97.5 Y113.226 E0.00003
G1 X97.5 Y113.325 E0.00003
G1 X97.5 Y113.424 E0.00003
G1 X97.5 Y113.523 E0.00003
G1 X97.5 Y113.622 E0.00003
G1 X97.5 Y113.721 E0.00003
G1 X97.5 Y113.82 E0.00003
G1 X97.5 Y113.919 E0.00003
G1 X97.5 Y114.018 E0.00003
G1 X97.5 Y114.117 E0.00003
G1 X97.5 Y114.216 E0.00003
G1 X97.5 Y114.315 E0.00003
G1 X97.5 Y114.414 E0.00003
G1 X97.5 Y114.513 E0.00003
G1 X97.5 Y114.612 E0.00003
G1 X97.5 Y114.711 E0.00003
G1 X97.5 Y114.81 E0.00003
G1 X97.5 Y114.909 E0.00003
G1 F1010.5 X97.499 Y115.008 E0.00003
G1 X97.499 Y115.107 E0.00003
G1 X97.499 Y115.206 E0.00003
G1 X97.499 Y115.305 E0.00003
G1 X97.499 Y115.404 E0.00003
G1 X97.499 Y115.503 E0.00003
G1 X97.499 Y115.602 E0.00003
G1 X97.499 Y115.701 E0.00003
G1 X97.499 Y115.8 E0.00003
G1 X97.499 Y115.899 E0.00003
G1 X97.499 Y115.998 E0.00003
G1 X97.499 Y116.097 E0.00003
G1 X97.499 Y116.196 E0.00003
G1 X97.499 Y116.295 E0.00003
G1 X97.499 Y116.394 E0.00003
G1 X97.499 Y116.493 E0.00003
G1 X97.499 Y116.592 E0.00003
G1 X97.499 Y116.691 E0.00003
G1 X97.499 Y116.79 E0.00003
G1 X97.499 Y116.889 E0.00003
G1 X97.499 Y116.988 E0.00003
G1 X97.499 Y117.087 E0.00003
G1 X97.499 Y117.186 E0.00003
G1 X97.499 Y117.285 E0.00003
G1 X97.499 Y117.384 E0.00003
G1 X97.499 Y117.483 E0.00003
G1 X97.499 Y117.582 E0.00003
G1 X97.498 Y117.497 E0.00002
G1 X97.498 Y117.398 E0.00003
G1 X97.498 Y117.299 E0.00003
G1 X97.498 Y117.2 E0.00003
G1 X97.498 Y117.101 E0.00003
G1 X97.498 Y117.002 E0.00003
G1 X97.498 Y116.903 E0.00003
G1 X97.498 Y116.804 E0.00003
G1 X97.498 Y116.705 E0.00003
G1 X97.498 Y116.606 E0.00003
G1 X97.498 Y116.507 E0.00003
G1 X97.498 Y116.408 E0.00003
G1 X97.498 Y116.309 E0.00003
G1 X97.498 Y116.21 E0.00003
G1 X97.498 Y116.111 E0.00003
G1 X97.498 Y116.012 E0.00003
G1 X97.498 Y115.913 E0.00003
G1 X97.498 Y115.814 E0.00003
G1 X97.498 Y115.715 E0.00003
G1 X97.498 Y115.616 E0.00003
G1 X97.498 Y115.517 E0.00003
G1 X97.498 Y115.418 E0.00003
G1 X97.498 Y115.319 E0.00003
G1 X97.498 Y115.22 E0.00003
G1 X97.498 Y115.121 E0.00003
G1 X97.498 Y115.022 E0.00003
G1 X97.498 Y114.923 E0.00003
G1 F1015.4 X97.499 Y114.824 E0.00003
G1 X97.499 Y114.725 E0.00003
G1 X97.499 Y114.626 E0.00003
G1 X97.499 Y114.527 E0.00003
G1 X97.499 Y114.428 E0.00003
G1 X97.499 Y114.329 E0.00003
G1 X97.499 Y114.23 E0.00003
G1 X97.499 Y114.131 E0.00003
G1 X97.499 Y114.032 E0.00003
G1 X97.499 Y113.933 E0.00003
G1 X97.499 Y113.834 E0.00003
G1 X97.499 Y113.735 E0.00003
G1 X97.499 Y113.636 E0.00003
G1 X97.499 Y113.537 E0.00003
G1 X97.499 Y113.438 E0.00003
G1 X97.499 Y113.339 E0.00003
G1 X97.499 Y113.24 E0.00003
G1 X97.499 Y113.141 E0.00003
G1 X97.499 Y113.042 E0.00003
G1 X97.499 Y112.943 E0.00003
G1 X97.499 Y112.844 E0.00003
G1 X97.499 Y112.745 E0.00003
G1 X97.499 Y112.646 E0.00003
G1 X97.499 Y112.547 E0.00003
G1 X97.499 Y112.448 E0.00003
G1 X97.499 Y112.349 E0.00003
G1 X97.499 Y112.25 E0.00003
G1 F1010.5 X97.502 Y112.211 E0.00001
G1 F1000.9 X97.504 Y112.186 E0.00001
G1 F991.5 X97.507 Y112.161 E0.00001
G1 F977.8 X97.51 Y112.144 E0
G1 F964.4 X97.513 Y112.126 E0
G1 F951.4 X97.516 Y112.117 E0
G1 F938.7 X97.519 Y112.107 E0
G1 F922.3 X97.522 Y112.098 E0
G1 F910.3 X97.525 Y112.088 E0
G1 F898.7 X97.529 Y112.079 E0
G1 F887.4 X97.532 Y112.069 E0
G1 F876.3 X97.535 Y112.06 E0
G1 F862 X97.538 Y112.05 E0
G1 F851.6 X97.541 Y112.041 E0
G1 F841.4 X97.545 Y112.031 E0
G1 F831.5 X97.548 Y112.022 E0
G1 F821.8 X97.551 Y112.012 E0
G1 F809.2 X97.554 Y112.003 E0
G1 F800 X97.558 Y111.993 E0
G1 F788.1 X97.562 Y111.984 E0
G1 F776.5 X97.566 Y111.975 E0
G1 F762.5 X97.571 Y111.966 E0
G1 F748.9 X97.575 Y111.957 E0
G1 F738.5 X97.58 Y111.948 E0
G1 F725.8 X97.584 Y111.939 E0
G1 F715.9 X97.589 Y111.93 E0
G1 F701.7 X97.596 Y111.919 E0
G1 F687.9 X97.603 Y111.91 E0
G1 X97.612 Y111.911 E0
G1 F697 X97.622 Y111.912 E0
G1 F706.4 X97.632 Y111.913 E0
G1 F715.9 X97.642 Y111.914 E0
G1 F725.8 X97.652 Y111.915 E0
G1 F735.9 X97.662 Y111.916 E0
G1 F746.3 X97.672 Y111.917 E0
G1 F757 X97.682 Y111.918 E0
G1 F768 X97.692 Y111.919 E0
G1 F782.2 X97.702 Y111.92 E0
G1 F794 X97.712 Y111.921 E0
G1 F806.1 X97.722 Y111.922 E0
G1 F818.6 X97.732 Y111.923 E0
G1 F831.5 X97.742 Y111.924 E0
G1 F844.8 X97.752 Y111.925 E0
G1 F858.5 X97.762 Y111.926 E0
G1 F872.7 X97.772 Y111.927 E0
G1 F887.4 X97.782 Y111.928 E0
G1 F902.6 X97.803 Y111.933 E0.00001
G1 F914.3 X97.817 Y111.937 E0
G1 F930.4 X97.831 Y111.942 E0
G1 F942.9 X97.845 Y111.946 E0
G1 F955.7 X97.863 Y111.953 E0.00001
G1 F968.8 X97.883 Y111.96 E0.00001
G1 F982.3 X97.902 Y111.967 E0.00001
G1 F996.2 X97.934 Y111.985 E0.00001
G1 F1005.7 X98.106 Y112.084 E0.00005
G1 X98.278 Y112.183 E0.00005
G1 X98.451 Y112.283 E0.00005
G1 X98.623 Y112.382 E0.00005
G1 X98.795 Y112.482 E0.00005
G1 X98.968 Y112.581 E0.00005
G1 X99.14 Y112.681 E0.00005
G1 X99.312 Y112.78 E0.00005
G1 X99.485 Y112.88 E0.00005
G1 X99.657 Y112.979 E0.00005
G1 X99.83 Y113.079 E0.00005
G1 X100.002 Y113.178 E0.00005
G1 X100.174 Y113.277 E0.00005
G1 X100.347 Y113.377 E0.00005
G1 X100.519 Y113.476 E0.00005
G1 X100.691 Y113.576 E0.00005
G1 X100.864 Y113.675 E0.00005
G1 X101.036 Y113.775 E0.00005
G1 X101.209 Y113.874 E0.00005
G1 X101.381 Y113.974 E0.00005
G1 X101.553 Y114.073 E0.00005
G1 X101.726 Y114.173 E0.00005
G1 X101.898 Y114.272 E0.00005
G1 X102.07 Y114.371 E0.00005
G1 X102.243 Y114.471 E0.00005
G1 X102.415 Y114.57 E0.00005
G1 X102.587 Y114.67 E0.00005
G1 X102.76 Y114.769 E0.00005
G1 X102.932 Y114.869 E0.00005
G1 X103.105 Y114.968 E0.00005
G1 X103.277 Y115.068 E0.00005
G1 X103.449 Y115.167 E0.00005
G1 X103.622 Y115.267 E0.00005
G1 X103.794 Y115.366 E0.00005
G1 X103.966 Y115.465 E0.00005
G1 X104.139 Y115.565 E0.00005
G1 X104.311 Y115.664 E0.00005
G1 X104.484 Y115.764 E0.00005
G1 X104.656 Y115.863 E0.00005
G1 X104.828 Y115.963 E0.00005
G1 X105.001 Y116.062 E0.00005
G1 X105.173 Y116.162 E0.00005
G1 X105.345 Y116.261 E0.00005
G1 X105.518 Y116.361 E0.00005
G1 X105.69 Y116.46 E0.00005
G1 X105.862 Y116.559 E0.00005
G1 X106.035 Y116.659 E0.00005
G1 X106.207 Y116.758 E0.00005
G1 X106.38 Y116.858 E0.00005
G1 X106.552 Y116.957 E0.00005
G1 X106.724 Y117.057 E0.00005
G1 X106.897 Y117.156 E0.00005
G1 X107.069 Y117.256 E0.00005
G1 X107.241 Y117.355 E0.00005
G1 X107.414 Y117.455 E0.00005
G1 X107.586 Y117.554 E0.00005
G1 F1000.9 X107.581 Y117.553 E0
G1 F991.5 X107.597 Y117.565 E0.00001
G1 F982.3 X107.613 Y117.576 E0.00001
G1 F973.3 X107.63 Y117.588 E0.00001
G1 X107.614 Y117.577 E0.00001
G1 F982.3 X107.598 Y117.565 E0.00001
G1 F991.5 X107.582 Y117.554 E0.00001
G1 F1000.9 X107.565 Y117.542 E0.00001
G0 F24000 X107.392 Y117.443
G1 F60 E-0.001
G1 F18000 Z2.8
G0 F24000 X110.379 Y117.573 Z2.8
G1 F18000 Z0.8
G1 F60 E0.001
G1 F960 X110.351 Y117.575 E0.00001
G1 F968.8 X110.323 Y117.577 E0.00001
G1 X110.291 Y117.577 E0.00001
G1 F960 X110.231 Y117.573 E0.00002
G1 F947.1 X110.221 Y117.572 E0
G1 F938.7 X110.21 Y117.57 E0
G1 F930.4 X110.199 Y117.568 E0
G1 F922.3 X110.188 Y117.567 E0
G1 F914.3 X110.177 Y117.565 E0
G1 F906.4 X110.166 Y117.563 E0
G1 F898.7 X110.155 Y117.562 E0
G1 F891.1 X110.144 Y117.56 E0
G1 F880 X110.126 Y117.555 E0.00001
G1 F862 X110.109 Y117.551 E0.00001
G1 F848.2 X110.099 Y117.548 E0
G1 F834.8 X110.089 Y117.544 E0
G1 F821.8 X110.079 Y117.54 E0
G1 F809.2 X110.068 Y117.536 E0
G1 F797 X110.058 Y117.532 E0
G1 F785.1 X110.048 Y117.528 E0
G1 F773.6 X110.038 Y117.524 E0
G1 F762.5 X110.027 Y117.52 E0
G1 F751.6 X110.017 Y117.517 E0
G1 F741.1 X110.007 Y117.513 E0
G1 F730.8 X109.997 Y117.509 E0
G1 F733.3 X109.998 Y117.498 E0
G1 F748.9 X109.998 Y117.487 E0
G1 F765.2 X109.998 Y117.476 E0
G1 F782.2 X109.998 Y117.465 E0
G1 F800 X109.998 Y117.454 E0
G1 F821.8 X109.999 Y117.437 E0.00001
G1 F841.4 X109.999 Y117.426 E0
G1 F855.1 X109.999 Y117.415 E0
G1 F872.7 X109.999 Y117.404 E0
G1 F898.7 X109.998 Y117.384 E0.00001
G1 F922.3 X109.998 Y117.373 E0
G1 F934.5 X109.998 Y117.362 E0
G1 F942.9 X109.998 Y117.351 E0
G1 F955.7 X109.999 Y117.34 E0
G1 F968.8 X109.999 Y117.329 E0
G1 F977.8 X109.999 Y117.318 E0
G1 F991.5 X110 Y117.307 E0
G1 F1000.9 X110 Y117.11 E0.00005
G1 X110 Y116.91 E0.00005
G1 X110 Y116.71 E0.00005
G1 X110 Y116.51 E0.00005
G1 X110 Y116.31 E0.00005
G1 X110 Y116.11 E0.00005
G1 X110 Y115.91 E0.00005
G1 X110 Y115.71 E0.00005
G1 X110 Y115.51 E0.00005
G1 X110 Y115.31 E0.00005
G1 X110 Y115.11 E0.00005
G1 X110 Y114.91 E0.00005
G1 X110 Y114.71 E0.00005
G1 X110 Y114.51 E0.00005
G1 X110 Y114.31 E0.00005
G1 X110 Y114.11 E0.00005
G1 X110 Y113.91 E0.00005
G1 X109.999 Y113.71 E0.00005
G1 X109.999 Y113.51 E0.00005
G1 X109.999 Y113.31 E0.00005
G1 X109.999 Y113.11 E0.00005
G1 X109.999 Y112.91 E0.00005
G1 X109.999 Y112.71 E0.00005
G1 X109.999 Y112.51 E0.00005
G1 X109.999 Y112.31 E0.00005
G1 X109.999 Y112.11 E0.00005
G1 X109.999 Y111.91 E0.00005
G1 X109.999 Y111.71 E0.00005
G1 X109.999 Y111.51 E0.00005
G1 X109.999 Y111.31 E0.00005
G1 X109.999 Y111.11 E0.00005
G1 X109.999 Y110.91 E0.00005
G1 X109.999 Y110.71 E0.00005
G1 X109.999 Y110.51 E0.00005
G1 X109.998 Y110.31 E0.00005
G1 X109.998 Y110.524 E0.00006
G1 X109.998 Y110.724 E0.00005
G1 X109.998 Y110.924 E0.00005
G1 X109.998 Y111.124 E0.00005
G1 X109.998 Y111.324 E0.00005
G1 X109.998 Y111.524 E0.00005
G1 X109.998 Y111.724 E0.00005
G1 X109.998 Y111.924 E0.00005
G1 X109.998 Y112.124 E0.00005
G1 X109.998 Y112.324 E0.00005
G1 X109.998 Y112.524 E0.00005
G1 X109.998 Y112.724 E0.00005
G1 X109.998 Y112.924 E0.00005
G1 X109.998 Y113.124 E0.00005
G1 X109.998 Y113.324 E0.00005
G1 X109.998 Y113.524 E0.00005
G1 X109.998 Y113.724 E0.00005
G1 X109.999 Y113.924 E0.00005
G1 X109.999 Y114.124 E0.00005
G1 X109.999 Y114.324 E0.00005
G1 X109.999 Y114.524 E0.00005
G1 X109.999 Y114.724 E0.00005
G1 X109.999 Y114.924 E0.00005
G1 X109.999 Y115.124 E0.00005
G1 X109.999 Y115.324 E0.00005
G1 X109.999 Y115.524 E0.00005
G1 X109.999 Y115.724 E0.00005
G1 X109.999 Y115.924 E0.00005
G1 X109.999 Y116.124 E0.00005
G1 X109.999 Y116.324 E0.00005
G1 X109.999 Y116.524 E0.00005
G1 X109.999 Y116.724 E0.00005
G1 X109.999 Y116.924 E0.00005
G1 X109.999 Y117.124 E0.00005
G1 X110 Y117.324 E0.00005
G1 F991.5 X110 Y117.321 E0
G1 F977.8 X110 Y117.332 E0
G1 F968.8 X110 Y117.343 E0
G1 F955.7 X109.999 Y117.354 E0
G1 F942.9 X109.999 Y117.365 E0
G1 F934.5 X109.999 Y117.376 E0
G1 F922.3 X109.998 Y117.387 E0
G1 F898.7 X109.998 Y117.403 E0
G1 F872.7 X109.998 Y117.414 E0
G1 F855.1 X109.998 Y117.425 E0
G1 F841.4 X109.998 Y117.436 E0
G1 F821.8 X109.999 Y117.453 E0.00001
G1 F800 X109.999 Y117.464 E0
G1 F782.2 X109.999 Y117.475 E0
G1 F765.2 X109.999 Y117.486 E0
G1 F748.9 X109.999 Y117.497 E0
G1 F733.3 X109.999 Y117.508 E0
G1 F730.8 X109.988 Y117.513 E0
G1 F741.1 X109.978 Y117.517 E0
G1 F751.6 X109.968 Y117.521 E0
G1 F762.5 X109.958 Y117.526 E0
G1 F773.6 X109.948 Y117.53 E0
G1 F785.1 X109.938 Y117.534 E0
G1 F797 X109.928 Y117.539 E0
G1 F809.2 X109.918 Y117.543 E0
G1 F825 X109.901 Y117.548 E0.00001
G1 F844.8 X109.884 Y117.554 E0.00001
G1 F858.5 X109.875 Y117.556 E0
G1 F865.6 X109.865 Y117.558 E0
G1 F872.7 X109.855 Y117.56 E0
G1 F880 X109.845 Y117.563 E0
G1 F891.1 X109.836 Y117.565 E0
G1 F898.7 X109.826 Y117.567 E0
G1 F906.4 X109.816 Y117.57 E0
G1 F914.3 X109.806 Y117.572 E0
G1 F926.3 X109.774 Y117.577 E0.00001
G1 F938.7 X109.745 Y117.579 E0.00001
G1 F947.1 X109.716 Y117.582 E0.00001
G1 X109.678 Y117.581 E0.00001
G1 F938.7 X109.632 Y117.578 E0.00001
G1 X109.618 Y117.571 E0
G1 F951.4 X109.604 Y117.564 E0
G1 F964.4 X109.59 Y117.557 E0
G1 F977.8 X109.576 Y117.55 E0
G1 F986.9 X109.553 Y117.537 E0.00001
G1 F991.5 X109.519 Y117.517 E0.00001
G1 X109.484 Y117.497 E0.00001
G1 X109.45 Y117.477 E0.00001
G1 X109.415 Y117.457 E0.00001
G1 X109.38 Y117.437 E0.00001
G1 X109.346 Y117.417 E0.00001
G1 X109.311 Y117.397 E0.00001
G1 X109.276 Y117.377 E0.00001
G1 X109.242 Y117.357 E0.00001
G1 X109.207 Y117.337 E0.00001
G1 X109.172 Y117.317 E0.00001
G1 X109.138 Y117.297 E0.00001
G1 X109.103 Y117.277 E0.00001
G1 X109.069 Y117.257 E0.00001
G1 X109.034 Y117.237 E0.00001
G1 X108.999 Y117.217 E0.00001
G1 X108.965 Y117.197 E0.00001
G1 X108.93 Y117.177 E0.00001
G1 X108.895 Y117.157 E0.00001
G1 X108.861 Y117.137 E0.00001
G1 X108.826 Y117.117 E0.00001
G1 X108.791 Y117.097 E0.00001
G1 X108.757 Y117.077 E0.00001
G1 X108.722 Y117.057 E0.00001
G1 X108.688 Y117.037 E0.00001
G1 X108.653 Y117.017 E0.00001
G1 X108.618 Y116.997 E0.00001
G1 X108.584 Y116.977 E0.00001
G1 X108.549 Y116.957 E0.00001
G1 X108.514 Y116.937 E0.00001
G1 X108.48 Y116.917 E0.00001
G1 X108.445 Y116.897 E0.00001
G1 X108.41 Y116.877 E0.00001
G1 X108.376 Y116.857 E0.00001
G1 X108.341 Y116.837 E0.00001
G1 F996.2 X108.306 Y116.817 E0.00001
G1 X108.272 Y116.797 E0.00001
G1 X108.237 Y116.777 E0.00001
G1 X108.203 Y116.757 E0.00001
G1 X108.168 Y116.737 E0.00001
G1 X108.133 Y116.717 E0.00001
G1 X108.099 Y116.697 E0.00001
G1 X108.064 Y116.677 E0.00001
G1 X108.029 Y116.657 E0.00001
G1 X107.995 Y116.637 E0.00001
G1 X107.96 Y116.617 E0.00001
G1 X107.925 Y116.597 E0.00001
G1 X107.891 Y116.577 E0.00001
G1 X107.856 Y116.557 E0.00001
G1 X107.822 Y116.537 E0.00001
G1 X107.787 Y116.517 E0.00001
G1 X107.752 Y116.497 E0.00001
G1 X107.718 Y116.477 E0.00001
G1 X107.683 Y116.457 E0.00001
G1 X107.648 Y116.437 E0.00001
G1 X107.614 Y116.417 E0.00001
G1 X107.579 Y116.397 E0.00001
G1 X107.544 Y116.377 E0.00001
G1 X107.51 Y116.357 E0.00001
G1 X107.475 Y116.337 E0.00001
G1 X107.44 Y116.317 E0.00001
G1 X107.406 Y116.297 E0.00001
G1 X107.371 Y116.277 E0.00001
G1 X107.337 Y116.257 E0.00001
G1 X107.302 Y116.237 E0.00001
G1 X107.267 Y116.217 E0.00001
G1 X107.233 Y116.197 E0.00001
G1 X107.198 Y116.177 E0.00001
G1 X107.163 Y116.157 E0.00001
G1 X107.129 Y116.137 E0.00001
G1 F1000.9 X107.094 Y116.117 E0.00001
G1 X107.059 Y116.097 E0.00001
G1 X107.025 Y116.077 E0.00001
G1 X106.99 Y116.057 E0.00001
G1 X106.956 Y116.037 E0.00001
G1 X106.921 Y116.017 E0.00001
G1 X106.886 Y115.997 E0.00001
G1 X106.852 Y115.977 E0.00001
G1 X106.817 Y115.957 E0.00001
G1 X106.782 Y115.937 E0.00001
G1 X106.748 Y115.917 E0.00001
G1 X106.713 Y115.897 E0.00001
G1 X106.678 Y115.877 E0.00001
G1 X106.644 Y115.857 E0.00001
G1 X106.609 Y115.837 E0.00001
G1 X106.574 Y115.817 E0.00001
G1 X106.54 Y115.797 E0.00001
G1 X106.505 Y115.777 E0.00001
G1 X106.471 Y115.757 E0.00001
G1 X106.436 Y115.737 E0.00001
G1 X106.401 Y115.717 E0.00001
G1 X106.367 Y115.697 E0.00001
G1 X106.332 Y115.677 E0.00001
G1 X106.297 Y115.657 E0.00001
G1 X106.263 Y115.637 E0.00001
G1 X106.228 Y115.617 E0.00001
G1 X106.193 Y115.597 E0.00001
G1 X106.159 Y115.577 E0.00001
G1 X106.124 Y115.557 E0.00001
G1 X106.09 Y115.537 E0.00001
G1 X106.055 Y115.517 E0.00001
G1 X106.02 Y115.497 E0.00001
G1 X105.986 Y115.477 E0.00001
G1 X105.951 Y115.457 E0.00001
G1 F1005.7 X105.916 Y115.437 E0.00001
G1 X105.882 Y115.417 E0.00001
G1 X105.847 Y115.397 E0.00001
G1 X105.812 Y115.377 E0.00001
G1 X105.778 Y115.357 E0.00001
G1 X105.743 Y115.337 E0.00001
G1 X105.708 Y115.317 E0.00001
G1 X105.674 Y115.297 E0.00001
G1 X105.639 Y115.277 E0.00001
G1 X105.605 Y115.257 E0.00001
G1 X105.57 Y115.237 E0.00001
G1 X105.535 Y115.217 E0.00001
G1 X105.501 Y115.197 E0.00001
G1 X105.466 Y115.177 E0.00001
G1 X105.431 Y115.157 E0.00001
G1 X105.397 Y115.137 E0.00001
G1 X105.362 Y115.117 E0.00001
G1 X105.327 Y115.097 E0.00001
G1 X105.293 Y115.077 E0.00001
G1 X105.258 Y115.057 E0.00001
G1 X105.224 Y115.037 E0.00001
G1 X105.189 Y115.017 E0.00001
G1 X105.154 Y114.997 E0.00001
G1 X105.12 Y114.977 E0.00001
G1 X105.085 Y114.957 E0.00001
G1 X105.05 Y114.937 E0.00001
G1 X105.016 Y114.917 E0.00001
G1 X104.981 Y114.897 E0.00001
G1 X104.946 Y114.877 E0.00001
G1 X104.912 Y114.857 E0.00001
G1 X104.877 Y114.837 E0.00001
G1 X104.842 Y114.817 E0.00001
G1 X104.808 Y114.797 E0.00001
G1 X104.773 Y114.777 E0.00001
G1 X104.739 Y114.757 E0.00001
G1 F1010.5 X104.704 Y114.737 E0.00001
G1 X104.669 Y114.717 E0.00001
G1 X104.635 Y114.697 E0.00001
G1 X104.6 Y114.677 E0.00001
G1 X104.565 Y114.657 E0.00001
G1 X104.531 Y114.637 E0.00001
G1 X104.496 Y114.617 E0.00001
G1 X104.461 Y114.597 E0.00001
G1 X104.427 Y114.577 E0.00001
G1 X104.392 Y114.557 E0.00001
G1 X104.358 Y114.537 E0.00001
G1 X104.323 Y114.517 E0.00001
G1 X104.288 Y114.497 E0.00001
G1 X104.254 Y114.477 E0.00001
G1 X104.219 Y114.457 E0.00001
G1 X104.184 Y114.437 E0.00001
G1 X104.15 Y114.417 E0.00001
G1 X104.115 Y114.397 E0.00001
G1 X104.08 Y114.377 E0.00001
G1 X104.046 Y114.357 E0.00001
G1 X104.011 Y114.337 E0.00001
G1 X103.976 Y114.317 E0.00001
G1 X103.942 Y114.297 E0.00001
G1 X103.907 Y114.277 E0.00001
G1 X103.873 Y114.257 E0.00001
G1 X103.838 Y114.237 E0.00001
G1 X103.803 Y114.217 E0.00001
G1 X103.769 Y114.197 E0.00001
G1 X103.734 Y114.177 E0.00001
G1 X103.699 Y114.157 E0.00001
G1 X103.665 Y114.137 E0.00001
G1 X103.63 Y114.117 E0.00001
G1 X103.595 Y114.097 E0.00001
G1 X103.561 Y114.077 E0.00001
G1 X103.526 Y114.057 E0.00001
G1 X103.564 Y114.079 E0.00001
G1 X103.599 Y114.099 E0.00001
G1 X103.633 Y114.119 E0.00001
G1 X103.668 Y114.139 E0.00001
G1 X103.703 Y114.159 E0.00001
G1 X103.737 Y114.179 E0.00001
G1 X103.772 Y114.199 E0.00001
G1 X103.807 Y114.219 E0.00001
G1 X103.841 Y114.239 E0.00001
G1 X103.876 Y114.259 E0.00001
G1 X103.911 Y114.279 E0.00001
G1 X103.945 Y114.299 E0.00001
G1 X103.98 Y114.319 E0.00001
G1 X104.014 Y114.339 E0.00001
G1 X104.049 Y114.359 E0.00001
G1 X104.084 Y114.379 E0.00001
G1 X104.118 Y114.399 E0.00001
G1 X104.153 Y114.419 E0.00001
G1 X104.188 Y114.439 E0.00001
G1 X104.222 Y114.459 E0.00001
G1 X104.257 Y114.479 E0.00001
G1 X104.292 Y114.499 E0.00001
G1 X104.326 Y114.519 E0.00001
G1 X104.361 Y114.539 E0.00001
G1 X104.395 Y114.559 E0.00001
G1 X104.43 Y114.579 E0.00001
G1 X104.465 Y114.599 E0.00001
G1 X104.499 Y114.619 E0.00001
G1 X104.534 Y114.639 E0.00001
G1 X104.569 Y114.659 E0.00001
G1 X104.603 Y114.679 E0.00001
G1 X104.638 Y114.699 E0.00001
G1 X104.673 Y114.719 E0.00001
G1 X104.707 Y114.739 E0.00001
G1 X104.742 Y114.759 E0.00001
G1 F1005.7 X104.777 Y114.779 E0.00001
G1 X104.811 Y114.799 E0.00001
G1 X104.846 Y114.819 E0.00001
G1 X104.88 Y114.839 E0.00001
G1 X104.915 Y114.859 E0.00001
G1 X104.95 Y114.879 E0.00001
G1 X104.984 Y114.899 E0.00001
G1 X105.019 Y114.919 E0.00001
G1 X105.054 Y114.939 E0.00001
G1 X105.088 Y114.959 E0.00001
G1 X105.123 Y114.979 E0.00001
G1 X105.158 Y114.999 E0.00001
G1 X105.192 Y115.019 E0.00001
G1 X105.227 Y115.039 E0.00001
G1 X105.261 Y115.059 E0.00001
G1 X105.296 Y115.079 E0.00001
G1 X105.331 Y115.099 E0.00001
G1 X105.365 Y115.119 E0.00001
G1 X105.4 Y115.139 E0.00001
G1 X105.435 Y115.159 E0.00001
G1 X105.469 Y115.179 E0.00001
G1 X105.504 Y115.199 E0.00001
G1 X105.539 Y115.219 E0.00001
G1 X105.573 Y115.239 E0.00001
G1 X105.608 Y115.259 E0.00001
G1 X105.643 Y115.279 E0.00001
G1 X105.677 Y115.299 E0.00001
G1 X105.712 Y115.319 E0.00001
G1 X105.746 Y115.339 E0.00001
G1 X105.781 Y115.359 E0.00001
G1 X105.816 Y115.379 E0.00001
G1 X105.85 Y115.399 E0.00001
G1 X105.885 Y115.419 E0.00001
G1 X105.92 Y115.439 E0.00001
G1 X105.954 Y115.459 E0.00001
G1 F1000.9 X105.989 Y115.479 E0.00001
G1 X106.024 Y115.499 E0.00001
G1 X106.058 Y115.519 E0.00001
G1 X106.093 Y115.539 E0.00001
G1 X106.127 Y115.559 E0.00001
G1 X106.162 Y115.579 E0.00001
G1 X106.197 Y115.599 E0.00001
G1 X106.231 Y115.619 E0.00001
G1 X106.266 Y115.639 E0.00001
G1 X106.301 Y115.659 E0.00001
G1 X106.335 Y115.679 E0.00001
G1 X106.37 Y115.699 E0.00001
G1 X106.405 Y115.719 E0.00001
G1 X106.439 Y115.739 E0.00001
G1 X106.474 Y115.759 E0.00001
G1 X106.509 Y115.779 E0.00001
G1 X106.543 Y115.799 E0.00001
G1 X106.578 Y115.819 E0.00001
G1 X106.612 Y115.839 E0.00001
G1 X106.647 Y115.859 E0.00001
G1 X106.682 Y115.879 E0.00001
G1 X106.716 Y115.899 E0.00001
G1 X106.751 Y115.919 E0.00001
G1 X106.786 Y115.939 E0.00001
G1 X106.82 Y115.959 E0.00001
G1 X106.855 Y115.979 E0.00001
G1 X106.89 Y115.999 E0.00001
G1 X106.924 Y116.019 E0.00001
G1 X106.959 Y116.039 E0.00001
G1 X106.993 Y116.059 E0.00001
G1 X107.028 Y116.079 E0.00001
G1 X107.063 Y116.099 E0.00001
G1 X107.097 Y116.119 E0.00001
G1 X107.132 Y116.139 E0.00001
G1 F996.2 X107.167 Y116.159 E0.00001
G1 X107.201 Y116.179 E0.00001
G1 X107.236 Y116.199 E0.00001
G1 X107.271 Y116.219 E0.00001
G1 X107.305 Y116.239 E0.00001
G1 X107.34 Y116.259 E0.00001
G1 X107.375 Y116.279 E0.00001
G1 X107.409 Y116.299 E0.00001
G1 X107.444 Y116.319 E0.00001
G1 X107.478 Y116.339 E0.00001
G1 X107.513 Y116.359 E0.00001
G1 X107.548 Y116.379 E0.00001
G1 X107.582 Y116.399 E0.00001
G1 X107.617 Y116.419 E0.00001
G1 X107.652 Y116.439 E0.00001
G1 X107.686 Y116.459 E0.00001
G1 X107.721 Y116.479 E0.00001
G1 X107.756 Y116.499 E0.00001
G1 X107.79 Y116.519 E0.00001
G1 X107.825 Y116.539 E0.00001
G1 X107.859 Y116.559 E0.00001
G1 X107.894 Y116.579 E0.00001
G1 X107.929 Y116.599 E0.00001
G1 X107.963 Y116.619 E0.00001
G1 X107.998 Y116.639 E0.00001
G1 X108.033 Y116.659 E0.00001
G1 X108.067 Y116.679 E0.00001
G1 X108.102 Y116.699 E0.00001
G1 X108.137 Y116.719 E0.00001
G1 X108.171 Y116.739 E0.00001
G1 X108.206 Y116.759 E0.00001
G1 X108.241 Y116.779 E0.00001
G1 X108.275 Y116.799 E0.00001
G1 X108.31 Y116.819 E0.00001
G1 X108.344 Y116.839 E0.00001
G1 F991.5 X108.379 Y116.859 E0.00001
G1 X108.414 Y116.879 E0.00001
G1 X108.448 Y116.899 E0.00001
G1 X108.483 Y116.919 E0.00001
G1 X108.518 Y116.939 E0.00001
G1 X108.552 Y116.959 E0.00001
G1 X108.587 Y116.979 E0.00001
G1 X108.622 Y116.999 E0.00001
G1 X108.656 Y117.019 E0.00001
G1 X108.691 Y117.039 E0.00001
G1 X108.725 Y117.059 E0.00001
G1 X108.76 Y117.079 E0.00001
G1 X108.795 Y117.099 E0.00001
G1 X108.829 Y117.119 E0.00001
G1 X108.864 Y117.139 E0.00001
G1 X108.899 Y117.159 E0.00001
G1 X108.933 Y117.179 E0.00001
G1 X108.968 Y117.199 E0.00001
G1 X109.003 Y117.219 E0.00001
G1 X109.037 Y117.239 E0.00001
G1 X109.072 Y117.259 E0.00001
G1 X109.107 Y117.279 E0.00001
G1 X109.141 Y117.299 E0.00001
G1 X109.176 Y117.319 E0.00001
G1 X109.21 Y117.339 E0.00001
G1 X109.245 Y117.359 E0.00001
G1 X109.28 Y117.379 E0.00001
G1 X109.314 Y117.399 E0.00001
G1 X109.349 Y117.419 E0.00001
G1 X109.384 Y117.439 E0.00001
G1 X109.418 Y117.459 E0.00001
G1 X109.453 Y117.479 E0.00001
G1 X109.488 Y117.499 E0.00001
G1 X109.522 Y117.519 E0.00001
G1 X109.557 Y117.539 E0.00001
G1 F986.9 X109.577 Y117.55 E0.00001
G1 F977.8 X109.591 Y117.557 E0
G1 F964.4 X109.605 Y117.564 E0
G1 F951.4 X109.619 Y117.571 E0
G1 F938.7 X109.633 Y117.578 E0
G1 F934.5 X109.774 Y117.577 E0.00004
G1 F926.3 X109.803 Y117.573 E0.00001
G1 F914.3 X109.812 Y117.571 E0
G1 F906.4 X109.822 Y117.569 E0
G1 F898.7 X109.832 Y117.567 E0
G1 F891.1 X109.842 Y117.564 E0
G1 F880 X109.851 Y117.562 E0
G1 F872.7 X109.861 Y117.56 E0
G1 F865.6 X109.871 Y117.557 E0
G1 F858.5 X109.881 Y117.555 E0
G1 F844.8 X109.901 Y117.549 E0.00001
G1 F825 X109.918 Y117.543 E0.00001
G1 F809.2 X109.928 Y117.539 E0
G1 F797 X109.938 Y117.535 E0
G1 F785.1 X109.948 Y117.531 E0
G1 F773.6 X109.958 Y117.526 E0
G1 F762.5 X109.968 Y117.522 E0
G1 F751.6 X109.978 Y117.518 E0
G1 F741.1 X109.988 Y117.513 E0
G1 F730.8 X109.998 Y117.509 E0
G1 X110.008 Y117.512 E0
G1 F741.1 X110.018 Y117.516 E0
G1 F751.6 X110.028 Y117.52 E0
G1 F762.5 X110.039 Y117.524 E0
G1 F773.6 X110.049 Y117.528 E0
G1 F785.1 X110.059 Y117.532 E0
G1 F797 X110.069 Y117.536 E0
G1 F809.2 X110.08 Y117.54 E0
G1 F821.8 X110.09 Y117.543 E0
G1 F834.8 X110.1 Y117.547 E0
G1 F848.2 X110.11 Y117.551 E0
G1 F862 X110.125 Y117.555 E0
G1 F880 X110.142 Y117.559 E0.00001
G1 F891.1 X110.152 Y117.56 E0
G1 F898.7 X110.163 Y117.562 E0
G1 F906.4 X110.174 Y117.564 E0
G1 F914.3 X110.185 Y117.565 E0
G1 F922.3 X110.196 Y117.567 E0
G1 F930.4 X110.207 Y117.569 E0
G1 F938.7 X110.218 Y117.57 E0
G1 F947.1 X110.229 Y117.572 E0
G1 F955.7 X110.379 Y117.573 E0.00004
G1 F964.4 X110.395 Y117.564 E0.00001
G1 F977.8 X110.411 Y117.554 E0.00001
G1 F986.9 X110.436 Y117.54 E0.00001
G1 X110.461 Y117.525 E0.00001
G1 X110.486 Y117.511 E0.00001
G1 X110.511 Y117.496 E0.00001
G1 X110.536 Y117.482 E0.00001
G1 X110.561 Y117.467 E0.00001
G1 X110.586 Y117.453 E0.00001
G1 X110.611 Y117.438 E0.00001
G1 X110.637 Y117.424 E0.00001
G1 X110.662 Y117.409 E0.00001
G1 X110.687 Y117.395 E0.00001
G1 X110.712 Y117.38 E0.00001
G1 X110.737 Y117.366 E0.00001
G1 X110.762 Y117.351 E0.00001
G1 X110.787 Y117.337 E0.00001
G1 X110.812 Y117.322 E0.00001
G1 X110.837 Y117.308 E0.00001
G1 X110.863 Y117.293 E0.00001
G1 X110.888 Y117.279 E0.00001
G1 X110.913 Y117.264 E0.00001
G1 X110.938 Y117.25 E0.00001
G1 X110.963 Y117.235 E0.00001
G1 X110.988 Y117.221 E0.00001
G1 X111.013 Y117.206 E0.00001
G1 X111.038 Y117.192 E0.00001
G1 X111.063 Y117.177 E0.00001
G1 X111.089 Y117.163 E0.00001
G1 X111.114 Y117.148 E0.00001
G1 X111.139 Y117.134 E0.00001
G1 X111.164 Y117.119 E0.00001
G1 X111.189 Y117.105 E0.00001
G1 X111.214 Y117.09 E0.00001
G1 X111.239 Y117.076 E0.00001
G1 X111.264 Y117.061 E0.00001
G1 X111.289 Y117.047 E0.00001
G1 F991.5 X111.315 Y117.032 E0.00001
G1 X111.34 Y117.018 E0.00001
G1 X111.365 Y117.003 E0.00001
G1 X111.39 Y116.989 E0.00001
G1 X111.415 Y116.974 E0.00001
G1 X111.44 Y116.96 E0.00001
G1 X111.465 Y116.945 E0.00001
G1 X111.49 Y116.931 E0.00001
G1 X111.515 Y116.916 E0.00001
G1 X111.541 Y116.902 E0.00001
G1 X111.566 Y116.887 E0.00001
G1 X111.591 Y116.873 E0.00001
G1 X111.616 Y116.858 E0.00001
G1 X111.641 Y116.844 E0.00001
G1 X111.666 Y116.829 E0.00001
G1 X111.691 Y116.815 E0.00001
G1 X111.716 Y116.8 E0.00001
G1 X111.741 Y116.786 E0.00001
G1 X111.767 Y116.771 E0.00001
G1 X111.792 Y116.757 E0.00001
G1 X111.817 Y116.742 E0.00001
G1 X111.842 Y116.728 E0.00001
G1 X111.867 Y116.713 E0.00001
G1 X111.892 Y116.699 E0.00001
G1 X111.917 Y116.684 E0.00001
G1 X111.942 Y116.67 E0.00001
G1 X111.967 Y116.655 E0.00001
G1 X111.993 Y116.641 E0.00001
G1 X112.018 Y116.626 E0.00001
G1 X112.043 Y116.612 E0.00001
G1 X112.068 Y116.597 E0.00001
G1 X112.093 Y116.583 E0.00001
G1 X112.118 Y116.568 E0.00001
G1 X112.143 Y116.554 E0.00001
G1 X112.168 Y116.539 E0.00001
G1 F996.2 X112.193 Y116.525 E0.00001
G1 X112.219 Y116.51 E0.00001
G1 X112.244 Y116.496 E0.00001
G1 X112.269 Y116.481 E0.00001
G1 X112.294 Y116.467 E0.00001
G1 X112.319 Y116.452 E0.00001
G1 X112.344 Y116.438 E0.00001
G1 X112.369 Y116.423 E0.00001
G1 X112.394 Y116.409 E0.00001
G1 X112.419 Y116.394 E0.00001
G1 X112.445 Y116.38 E0.00001
G1 X112.47 Y116.365 E0.00001
G1 X112.495 Y116.351 E0.00001
G1 X112.52 Y116.336 E0.00001
G1 X112.545 Y116.322 E0.00001
G1 X112.57 Y116.307 E0.00001
G1 X112.595 Y116.293 E0.00001
G1 X112.62 Y116.278 E0.00001
G1 X112.645 Y116.264 E0.00001
G1 X112.671 Y116.249 E0.00001
G1 X112.696 Y116.235 E0.00001
G1 X112.721 Y116.22 E0.00001
G1 X112.746 Y116.206 E0.00001
G1 X112.771 Y116.191 E0.00001
G1 X112.796 Y116.177 E0.00001
G1 X112.821 Y116.162 E0.00001
G1 X112.846 Y116.148 E0.00001
G1 X112.871 Y116.133 E0.00001
G1 X112.897 Y116.119 E0.00001
G1 X112.922 Y116.104 E0.00001
G1 X112.947 Y116.09 E0.00001
G1 X112.972 Y116.075 E0.00001
G1 X112.997 Y116.061 E0.00001
G1 X113.022 Y116.046 E0.00001
G1 X113.047 Y116.032 E0.00001
G1 F1000.9 X113.072 Y116.017 E0.00001
G1 X113.097 Y116.003 E0.00001
G1 X113.123 Y115.988 E0.00001
G1 X113.148 Y115.974 E0.00001
G1 X113.173 Y115.959 E0.00001
G1 X113.198 Y115.945 E0.00001
G1 X113.223 Y115.93 E0.00001
G1 X113.248 Y115.916 E0.00001
G1 X113.273 Y115.901 E0.00001
G1 X113.298 Y115.887 E0.00001
G1 X113.323 Y115.872 E0.00001
G1 X113.349 Y115.858 E0.00001
G1 X113.374 Y115.843 E0.00001
G1 X113.399 Y115.829 E0.00001
G1 X113.424 Y115.814 E0.00001
G1 X113.449 Y115.8 E0.00001
G1 X113.474 Y115.785 E0.00001
G1 X113.499 Y115.771 E0.00001
G1 X113.524 Y115.756 E0.00001
G1 X113.549 Y115.742 E0.00001
G1 X113.575 Y115.727 E0.00001
G1 X113.6 Y115.713 E0.00001
G1 X113.625 Y115.698 E0.00001
G1 X113.65 Y115.684 E0.00001
G1 X113.675 Y115.669 E0.00001
G1 X113.7 Y115.655 E0.00001
G1 X113.725 Y115.64 E0.00001
G1 X113.75 Y115.626 E0.00001
G1 X113.775 Y115.611 E0.00001
G1 X113.801 Y115.597 E0.00001
G1 X113.826 Y115.582 E0.00001
G1 X113.851 Y115.568 E0.00001
G1 X113.876 Y115.553 E0.00001
G1 X113.901 Y115.539 E0.00001
G1 X113.926 Y115.524 E0.00001
G1 F1005.7 X113.951 Y115.51 E0.00001
G1 X113.976 Y115.495 E0.00001
G1 X114.001 Y115.481 E0.00001
G1 X114.027 Y115.466 E0.00001
G1 X114.052 Y115.452 E0.00001
G1 X114.077 Y115.437 E0.00001
G1 X114.102 Y115.423 E0.00001
G1 X114.127 Y115.408 E0.00001
G1 X114.152 Y115.394 E0.00001
G1 X114.177 Y115.379 E0.00001
G1 X114.202 Y115.365 E0.00001
G1 X114.227 Y115.35 E0.00001
G1 X114.253 Y115.336 E0.00001
G1 X114.278 Y115.321 E0.00001
G1 X114.303 Y115.307 E0.00001
G1 X114.328 Y115.292 E0.00001
G1 X114.353 Y115.278 E0.00001
G1 X114.378 Y115.263 E0.00001
G1 X114.403 Y115.249 E0.00001
G1 X114.428 Y115.234 E0.00001
G1 X114.453 Y115.22 E0.00001
G1 X114.479 Y115.205 E0.00001
G1 X114.504 Y115.191 E0.00001
G1 X114.529 Y115.176 E0.00001
G1 X114.554 Y115.162 E0.00001
G1 X114.579 Y115.147 E0.00001
G1 X114.604 Y115.133 E0.00001
G1 X114.629 Y115.118 E0.00001
G1 X114.654 Y115.104 E0.00001
G1 X114.679 Y115.089 E0.00001
G1 X114.705 Y115.075 E0.00001
G1 X114.73 Y115.06 E0.00001
G1 X114.755 Y115.046 E0.00001
G1 X114.78 Y115.031 E0.00001
G1 X114.805 Y115.017 E0.00001
G1 F1010.5 X114.83 Y115.002 E0.00001
G1 X114.855 Y114.988 E0.00001
G1 X114.88 Y114.973 E0.00001
G1 X114.905 Y114.959 E0.00001
G1 X114.931 Y114.944 E0.00001
G1 X114.956 Y114.93 E0.00001
G1 X114.981 Y114.915 E0.00001
G1 X115.006 Y114.901 E0.00001
G1 X115.031 Y114.886 E0.00001
G1 X115.056 Y114.872 E0.00001
G1 X115.081 Y114.857 E0.00001
G1 X115.106 Y114.843 E0.00001
G1 X115.131 Y114.828 E0.00001
G1 X115.157 Y114.814 E0.00001
G1 X115.182 Y114.799 E0.00001
G1 X115.207 Y114.785 E0.00001
G1 X115.232 Y114.77 E0.00001
G1 X115.257 Y114.756 E0.00001
G1 X115.282 Y114.741 E0.00001
G1 X115.307 Y114.727 E0.00001
G1 X115.332 Y114.712 E0.00001
G1 X115.357 Y114.698 E0.00001
G1 X115.383 Y114.683 E0.00001
G1 X115.408 Y114.669 E0.00001
G1 X115.433 Y114.654 E0.00001
G1 X115.458 Y114.64 E0.00001
G1 X115.483 Y114.625 E0.00001
G1 X115.508 Y114.611 E0.00001
G1 X115.533 Y114.596 E0.00001
G1 X115.558 Y114.582 E0.00001
G1 X115.583 Y114.567 E0.00001
G1 X115.609 Y114.553 E0.00001
G1 X115.634 Y114.538 E0.00001
G1 X115.659 Y114.524 E0.00001
G1 X115.684 Y114.509 E0.00001
G1 F1015.4 X115.709 Y114.495 E0.00001
G1 X115.734 Y114.48 E0.00001
G1 X115.759 Y114.466 E0.00001
G1 X115.784 Y114.451 E0.00001
G1 X115.809 Y114.437 E0.00001
G1 X115.835 Y114.422 E0.00001
G1 X115.86 Y114.408 E0.00001
G1 X115.885 Y114.393 E0.00001
G1 X115.91 Y114.379 E0.00001
G1 X115.935 Y114.364 E0.00001
G1 X115.96 Y114.35 E0.00001
G1 X115.985 Y114.335 E0.00001
G1 X116.01 Y114.321 E0.00001
G1 X116.035 Y114.306 E0.00001
G1 X116.061 Y114.292 E0.00001
G1 X116.086 Y114.277 E0.00001
G1 X116.111 Y114.263 E0.00001
G1 X116.136 Y114.248 E0.00001
G1 X116.161 Y114.234 E0.00001
G1 X116.186 Y114.219 E0.00001
G1 X116.211 Y114.205 E0.00001
G1 X116.236 Y114.19 E0.00001
G1 X116.261 Y114.176 E0.00001
G1 X116.287 Y114.161 E0.00001
G1 X116.312 Y114.147 E0.00001
G1 X116.337 Y114.132 E0.00001
G1 X116.362 Y114.118 E0.00001
G1 X116.387 Y114.103 E0.00001
G1 X116.412 Y114.089 E0.00001
G1 X116.437 Y114.074 E0.00001
G1 X116.462 Y114.06 E0.00001
G1 X116.487 Y114.045 E0.00001
G1 X116.513 Y114.03 E0.00001
G1 X116.538 Y114.016 E0.00001
G1 X116.563 Y114.001 E0.00001
G1 X116.443 Y114.07 E0.00004
G1 X116.418 Y114.085 E0.00001
G1 X116.393 Y114.099 E0.00001
G1 X116.368 Y114.114 E0.00001
G1 X116.343 Y114.128 E0.00001
G1 X116.318 Y114.143 E0.00001
G1 X116.293 Y114.157 E0.00001
G1 X116.268 Y114.172 E0.00001
G1 X116.242 Y114.186 E0.00001
G1 X116.217 Y114.201 E0.00001
G1 X116.192 Y114.215 E0.00001
G1 X116.167 Y114.23 E0.00001
G1 X116.142 Y114.244 E0.00001
G1 X116.117 Y114.259 E0.00001
G1 X116.092 Y114.273 E0.00001
G1 X116.067 Y114.288 E0.00001
G1 X116.042 Y114.302 E0.00001
G1 X116.016 Y114.317 E0.00001
G1 X115.991 Y114.331 E0.00001
G1 X115.966 Y114.346 E0.00001
G1 X115.941 Y114.36 E0.00001
G1 X115.916 Y114.375 E0.00001
G1 X115.891 Y114.389 E0.00001
G1 X115.866 Y114.404 E0.00001
G1 X115.841 Y114.418 E0.00001
G1 X115.816 Y114.433 E0.00001
G1 X115.79 Y114.447 E0.00001
G1 X115.765 Y114.462 E0.00001
G1 X115.74 Y114.476 E0.00001
G1 X115.715 Y114.491 E0.00001
G1 X115.69 Y114.505 E0.00001
G1 X115.665 Y114.52 E0.00001
G1 X115.64 Y114.534 E0.00001
G1 X115.615 Y114.549 E0.00001
G1 X115.59 Y114.563 E0.00001
G1 F1010.5 X115.564 Y114.578 E0.00001
G1 X115.539 Y114.592 E0.00001
G1 X115.514 Y114.607 E0.00001
G1 X115.489 Y114.621 E0.00001
G1 X115.464 Y114.636 E0.00001
G1 X115.439 Y114.65 E0.00001
G1 X115.414 Y114.665 E0.00001
G1 X115.389 Y114.679 E0.00001
G1 X115.364 Y114.694 E0.00001
G1 X115.338 Y114.708 E0.00001
G1 X115.313 Y114.723 E0.00001
G1 X115.288 Y114.737 E0.00001
G1 X115.263 Y114.752 E0.00001
G1 X115.238 Y114.766 E0.00001
G1 X115.213 Y114.781 E0.00001
G1 X115.188 Y114.795 E0.00001
G1 X115.163 Y114.81 E0.00001
G1 X115.138 Y114.824 E0.00001
G1 X115.112 Y114.839 E0.00001
G1 X115.087 Y114.853 E0.00001
G1 X115.062 Y114.868 E0.00001
G1 X115.037 Y114.882 E0.00001
G1 X115.012 Y114.897 E0.00001
G1 X114.987 Y114.911 E0.00001
G1 X114.962 Y114.926 E0.00001
G1 X114.937 Y114.94 E0.00001
G1 X114.912 Y114.955 E0.00001
G1 X114.886 Y114.969 E0.00001
G1 X114.861 Y114.984 E0.00001
G1 X114.836 Y114.998 E0.00001
G1 X114.811 Y115.013 E0.00001
G1 X114.786 Y115.027 E0.00001
G1 X114.761 Y115.042 E0.00001
G1 X114.736 Y115.056 E0.00001
G1 X114.711 Y115.071 E0.00001
G1 F1005.7 X114.686 Y115.085 E0.00001
G1 X114.66 Y115.1 E0.00001
G1 X114.635 Y115.114 E0.00001
G1 X114.61 Y115.129 E0.00001
G1 X114.585 Y115.143 E0.00001
G1 X114.56 Y115.158 E0.00001
G1 X114.535 Y115.172 E0.00001
G1 X114.51 Y115.187 E0.00001
G1 X114.485 Y115.201 E0.00001
G1 X114.46 Y115.216 E0.00001
G1 X114.434 Y115.23 E0.00001
G1 X114.409 Y115.245 E0.00001
G1 X114.384 Y115.259 E0.00001
G1 X114.359 Y115.274 E0.00001
G1 X114.334 Y115.288 E0.00001
G1 X114.309 Y115.303 E0.00001
G1 X114.284 Y115.317 E0.00001
G1 X114.259 Y115.332 E0.00001
G1 X114.234 Y115.346 E0.00001
G1 X114.208 Y115.361 E0.00001
G1 X114.183 Y115.375 E0.00001
G1 X114.158 Y115.39 E0.00001
G1 X114.133 Y115.404 E0.00001
G1 X114.108 Y115.419 E0.00001
G1 X114.083 Y115.433 E0.00001
G1 X114.058 Y115.448 E0.00001
G1 X114.033 Y115.462 E0.00001
G1 X114.008 Y115.477 E0.00001
G1 X113.982 Y115.491 E0.00001
G1 X113.957 Y115.506 E0.00001
G1 X113.932 Y115.52 E0.00001
G1 X113.907 Y115.535 E0.00001
G1 X113.882 Y115.549 E0.00001
G1 X113.857 Y115.564 E0.00001
G1 X113.832 Y115.578 E0.00001
G1 F1000.9 X113.807 Y115.593 E0.00001
G1 X113.782 Y115.607 E0.00001
G1 X113.756 Y115.622 E0.00001
G1 X113.731 Y115.636 E0.00001
G1 X113.706 Y115.651 E0.00001
G1 X113.681 Y115.665 E0.00001
G1 X113.656 Y115.68 E0.00001
G1 X113.631 Y115.694 E0.00001
G1 X113.606 Y115.709 E0.00001
G1 X113.581 Y115.723 E0.00001
G1 X113.556 Y115.738 E0.00001
G1 X113.53 Y115.752 E0.00001
G1 X113.505 Y115.767 E0.00001
G1 X113.48 Y115.781 E0.00001
G1 X113.455 Y115.796 E0.00001
G1 X113.43 Y115.81 E0.00001
G1 X113.405 Y115.825 E0.00001
G1 X113.38 Y115.839 E0.00001
G1 X113.355 Y115.854 E0.00001
G1 X113.33 Y115.868 E0.00001
G1 X113.304 Y115.883 E0.00001
G1 X113.279 Y115.897 E0.00001
G1 X113.254 Y115.912 E0.00001
G1 X113.229 Y115.926 E0.00001
G1 X113.204 Y115.941 E0.00001
G1 X113.179 Y115.955 E0.00001
G1 X113.154 Y115.97 E0.00001
G1 X113.129 Y115.984 E0.00001
G1 X113.104 Y115.999 E0.00001
G1 X113.078 Y116.013 E0.00001
G1 X113.053 Y116.028 E0.00001
G1 X113.028 Y116.042 E0.00001
G1 X113.003 Y116.057 E0.00001
G1 X112.978 Y116.071 E0.00001
G1 X112.953 Y116.086 E0.00001
G1 F996.2 X112.928 Y116.1 E0.00001
G1 X112.903 Y116.115 E0.00001
G1 X112.878 Y116.129 E0.00001
G1 X112.852 Y116.144 E0.00001
G1 X112.827 Y116.158 E0.00001
G1 X112.802 Y116.173 E0.00001
G1 X112.777 Y116.187 E0.00001
G1 X112.752 Y116.202 E0.00001
G1 X112.727 Y116.216 E0.00001
G1 X112.702 Y116.231 E0.00001
G1 X112.677 Y116.245 E0.00001
G1 X112.652 Y116.26 E0.00001
G1 X112.626 Y116.274 E0.00001
G1 X112.601 Y116.289 E0.00001
G1 X112.576 Y116.303 E0.00001
G1 X112.551 Y116.318 E0.00001
G1 X112.526 Y116.332 E0.00001
G1 X112.501 Y116.347 E0.00001
G1 X112.476 Y116.361 E0.00001
G1 X112.451 Y116.376 E0.00001
G1 X112.426 Y116.39 E0.00001
G1 X112.4 Y116.405 E0.00001
G1 X112.375 Y116.419 E0.00001
G1 X112.35 Y116.434 E0.00001
G1 X112.325 Y116.448 E0.00001
G1 X112.3 Y116.463 E0.00001
G1 X112.275 Y116.477 E0.00001
G1 X112.25 Y116.492 E0.00001
G1 X112.225 Y116.506 E0.00001
G1 X112.2 Y116.521 E0.00001
G1 X112.174 Y116.535 E0.00001
G1 X112.149 Y116.55 E0.00001
G1 X112.124 Y116.564 E0.00001
G1 X112.099 Y116.579 E0.00001
G1 X112.074 Y116.593 E0.00001
G1 F991.5 X112.049 Y116.608 E0.00001
G1 X112.024 Y116.622 E0.00001
G1 X111.999 Y116.637 E0.00001
G1 X111.974 Y116.651 E0.00001
G1 X111.948 Y116.666 E0.00001
G1 X111.923 Y116.68 E0.00001
G1 X111.898 Y116.695 E0.00001
G1 X111.873 Y116.709 E0.00001
G1 X111.848 Y116.724 E0.00001
G1 X111.823 Y116.738 E0.00001
G1 X111.798 Y116.753 E0.00001
G1 X111.773 Y116.767 E0.00001
G1 X111.748 Y116.782 E0.00001
G1 X111.722 Y116.796 E0.00001
G1 X111.697 Y116.811 E0.00001
G1 X111.672 Y116.825 E0.00001
G1 X111.647 Y116.84 E0.00001
G1 X111.622 Y116.854 E0.00001
G1 X111.597 Y116.869 E0.00001
G1 X111.572 Y116.883 E0.00001
G1 X111.547 Y116.898 E0.00001
G1 X111.522 Y116.912 E0.00001
G1 X111.496 Y116.927 E0.00001
G1 X111.471 Y116.941 E0.00001
G1 X111.446 Y116.956 E0.00001
G1 X111.421 Y116.97 E0.00001
G1 X111.396 Y116.985 E0.00001
G1 X111.371 Y116.999 E0.00001
G1 X111.346 Y117.014 E0.00001
G1 X111.321 Y117.028 E0.00001
G1 X111.296 Y117.043 E0.00001
G1 X111.27 Y117.057 E0.00001
G1 X111.245 Y117.072 E0.00001
G1 X111.22 Y117.086 E0.00001
G1 X111.195 Y117.101 E0.00001
G1 F986.9 X111.17 Y117.115 E0.00001
G1 X111.145 Y117.13 E0.00001
G1 X111.12 Y117.144 E0.00001
G1 X111.095 Y117.159 E0.00001
G1 X111.07 Y117.173 E0.00001
G1 X111.044 Y117.188 E0.00001
G1 X111.019 Y117.202 E0.00001
G1 X110.994 Y117.217 E0.00001
G1 X110.969 Y117.231 E0.00001
G1 X110.944 Y117.246 E0.00001
G1 X110.919 Y117.26 E0.00001
G1 X110.894 Y117.275 E0.00001
G1 X110.869 Y117.289 E0.00001
G1 X110.844 Y117.304 E0.00001
G1 X110.818 Y117.318 E0.00001
G1 X110.793 Y117.333 E0.00001
G1 X110.768 Y117.347 E0.00001
G1 X110.743 Y117.362 E0.00001
G1 X110.718 Y117.376 E0.00001
G1 X110.693 Y117.391 E0.00001
G1 X110.668 Y117.405 E0.00001
G1 X110.643 Y117.42 E0.00001
G1 X110.618 Y117.434 E0.00001
G1 X110.592 Y117.449 E0.00001
G1 X110.567 Y117.463 E0.00001
G1 X110.542 Y117.478 E0.00001
G1 X110.517 Y117.492 E0.00001
G1 X110.492 Y117.507 E0.00001
G1 X110.467 Y117.521 E0.00001
G1 X110.442 Y117.536 E0.00001
G1 X110.417 Y117.55 E0.00001
G1 X110.392 Y117.565 E0.00001
G1 X110.366 Y117.58 E0.00001
G1 X110.341 Y117.594 E0.00001
G1 X110.316 Y117.609 E0.00001
G1 F982.3 X110.411 Y117.554 E0.00003
G1 F977.8 X110.395 Y117.563 E0
G1 F964.4 X110.379 Y117.573 E0.00001
G0 F24000 X110.324 Y117.577
G0 X110.291 Y117.577
G0 X110.231 Y117.573
G0 X110.18 Y117.565
G1 F60 E-0.001
G1 F18000 Z2.8
G0 F24000 X111.437 Y104.19 Z2.8
G1 F18000 Z0.8
G1 F60 E0.001
G1 F1010.5 X111.608 Y104.289 E0.00005
G1 X111.779 Y104.388 E0.00005
G1 X111.951 Y104.487 E0.00005
G1 X112.122 Y104.586 E0.00005
G1 X112.294 Y104.685 E0.00005
G1 X112.465 Y104.784 E0.00005
G1 X112.637 Y104.883 E0.00005
G1 X112.808 Y104.982 E0.00005
G1 X112.98 Y105.081 E0.00005
G1 X113.151 Y105.18 E0.00005
G1 X113.323 Y105.279 E0.00005
G1 X113.494 Y105.378 E0.00005
G1 X113.666 Y105.477 E0.00005
G1 X113.837 Y105.576 E0.00005
G1 X114.009 Y105.675 E0.00005
G1 X114.18 Y105.774 E0.00005
G1 X114.351 Y105.873 E0.00005
G1 X114.523 Y105.972 E0.00005
G1 X114.694 Y106.071 E0.00005
G1 X114.866 Y106.17 E0.00005
G1 X115.037 Y106.269 E0.00005
G1 X115.209 Y106.368 E0.00005
G1 X115.38 Y106.467 E0.00005
G1 X115.552 Y106.566 E0.00005
G1 X115.723 Y106.665 E0.00005
G1 X115.895 Y106.764 E0.00005
G1 X116.066 Y106.863 E0.00005
G1 X116.238 Y106.962 E0.00005
G1 X116.409 Y107.061 E0.00005
G1 X116.581 Y107.16 E0.00005
G1 X116.752 Y107.259 E0.00005
G1 X116.924 Y107.358 E0.00005
G1 X117.095 Y107.457 E0.00005
G1 X117.266 Y107.556 E0.00005
G1 X117.438 Y107.655 E0.00005
G1 X117.609 Y107.754 E0.00005
G1 X117.781 Y107.853 E0.00005
G1 X117.952 Y107.952 E0.00005
G1 X118.124 Y108.051 E0.00005
G1 X118.295 Y108.15 E0.00005
G1 X118.467 Y108.249 E0.00005
G1 X118.638 Y108.348 E0.00005
G1 X118.81 Y108.447 E0.00005
G1 X118.981 Y108.546 E0.00005
G1 X119.153 Y108.645 E0.00005
G1 X119.324 Y108.744 E0.00005
G1 X119.496 Y108.843 E0.00005
G1 X119.667 Y108.942 E0.00005
G1 X119.839 Y109.041 E0.00005
G1 X120.01 Y109.14 E0.00005
G1 X120.181 Y109.239 E0.00005
G1 X120.353 Y109.338 E0.00005
G1 X120.524 Y109.437 E0.00005
G1 X120.696 Y109.536 E0.00005
G1 X120.867 Y109.635 E0.00005
G1 X121.039 Y109.734 E0.00005
G1 F1005.7 X121.075 Y109.757 E0.00001
G1 F996.2 X121.089 Y109.768 E0
G1 F986.9 X121.104 Y109.779 E0
G1 F977.8 X121.118 Y109.789 E0
G1 F968.8 X121.133 Y109.8 E0.00001
G1 F955.7 X121.147 Y109.812 E0.00001
G1 F938.7 X121.161 Y109.824 E0.00001
G1 F926.3 X121.167 Y109.831 E0
G1 F914.3 X121.174 Y109.839 E0
G1 F898.7 X121.18 Y109.846 E0
G1 F887.4 X121.187 Y109.854 E0
G1 F876.3 X121.194 Y109.861 E0
G1 F862 X121.2 Y109.869 E0
G1 F851.6 X121.207 Y109.876 E0
G1 F841.4 X121.214 Y109.884 E0
G1 F828.2 X121.22 Y109.891 E0
G1 F818.6 X121.227 Y109.899 E0
G1 F806.1 X121.235 Y109.91 E0
G1 F794 X121.241 Y109.918 E0
G1 F782.2 X121.247 Y109.926 E0
G1 F770.8 X121.253 Y109.934 E0
G1 F759.7 X121.259 Y109.942 E0
G1 F748.9 X121.264 Y109.95 E0
G1 F738.5 X121.271 Y109.961 E0
G1 F725.8 X121.276 Y109.971 E0
G1 F711.1 X121.282 Y109.98 E0
G1 F699.3 X121.287 Y109.99 E0
G1 F687.9 X121.293 Y110 E0
G1 X121.288 Y110.008 E0
G1 F697 X121.282 Y110.016 E0
G1 F706.4 X121.276 Y110.024 E0
G1 F718.4 X121.271 Y110.032 E0
G1 F728.3 X121.265 Y110.041 E0
G1 F738.5 X121.259 Y110.049 E0
G1 F751.6 X121.254 Y110.057 E0
G1 F762.5 X121.248 Y110.065 E0
G1 F773.6 X121.242 Y110.073 E0
G1 F788.1 X121.236 Y110.082 E0
G1 F800 X121.231 Y110.09 E0
G1 F812.3 X121.225 Y110.098 E0
G1 F828.2 X121.219 Y110.106 E0
G1 F841.4 X121.214 Y110.114 E0
G1 F855.1 X121.208 Y110.123 E0
G1 F862 X121.204 Y110.128 E0
G1 F869.1 X121.198 Y110.135 E0
G1 F880 X121.191 Y110.142 E0
G1 F891.1 X121.184 Y110.149 E0
G1 F898.7 X121.177 Y110.156 E0
G1 F910.3 X121.17 Y110.163 E0
G1 F922.3 X121.163 Y110.17 E0
G1 F930.4 X121.153 Y110.179 E0
G1 F938.7 X121.144 Y110.187 E0
G1 F947.1 X121.135 Y110.195 E0
G1 F955.7 X121.126 Y110.203 E0
G1 F964.4 X121.117 Y110.211 E0
G1 F973.3 X121.108 Y110.219 E0
G1 F982.3 X121.099 Y110.227 E0
G1 F996.2 X121.066 Y110.247 E0.00001
G1 F1005.7 X120.894 Y110.346 E0.00005
G1 X120.722 Y110.446 E0.00005
G1 X120.549 Y110.545 E0.00005
G1 X120.377 Y110.645 E0.00005
G1 X120.205 Y110.744 E0.00005
G1 X120.032 Y110.844 E0.00005
G1 X119.86 Y110.943 E0.00005
G1 X119.688 Y111.043 E0.00005
G1 X119.515 Y111.142 E0.00005
G1 X119.343 Y111.242 E0.00005
G1 X119.171 Y111.341 E0.00005
G1 X118.998 Y111.441 E0.00005
G1 X118.826 Y111.54 E0.00005
G1 X118.654 Y111.64 E0.00005
G1 X118.481 Y111.739 E0.00005
G1 X118.309 Y111.839 E0.00005
G1 X118.137 Y111.938 E0.00005
G1 X117.964 Y112.038 E0.00005
G1 X117.792 Y112.137 E0.00005
G1 X117.62 Y112.237 E0.00005
G1 X117.447 Y112.336 E0.00005
G1 X117.275 Y112.436 E0.00005
G1 X117.102 Y112.535 E0.00005
G1 X116.93 Y112.635 E0.00005
G1 X116.758 Y112.734 E0.00005
G1 X116.585 Y112.834 E0.00005
G1 X116.413 Y112.933 E0.00005
G1 X116.241 Y113.033 E0.00005
G1 X116.068 Y113.132 E0.00005
G1 X115.896 Y113.232 E0.00005
G1 X115.724 Y113.331 E0.00005
G1 X115.551 Y113.431 E0.00005
G1 X115.379 Y113.53 E0.00005
G1 X115.207 Y113.63 E0.00005
G1 X115.034 Y113.729 E0.00005
G1 X114.862 Y113.829 E0.00005
G1 X114.69 Y113.928 E0.00005
G1 X114.517 Y114.028 E0.00005
G1 X114.345 Y114.127 E0.00005
G1 X114.173 Y114.227 E0.00005
G1 X114 Y114.326 E0.00005
G1 X113.828 Y114.426 E0.00005
G1 X113.656 Y114.525 E0.00005
G1 X113.483 Y114.625 E0.00005
G1 X113.311 Y114.724 E0.00005
G1 X113.138 Y114.824 E0.00005
G1 X112.966 Y114.923 E0.00005
G1 X112.794 Y115.023 E0.00005
G1 X112.621 Y115.122 E0.00005
G1 X112.449 Y115.222 E0.00005
G1 X112.277 Y115.321 E0.00005
G1 X112.104 Y115.421 E0.00005
G1 X111.932 Y115.52 E0.00005
G1 X111.76 Y115.62 E0.00005
G1 X111.587 Y115.719 E0.00005
G1 X111.415 Y115.819 E0.00005
G1 X111.428 Y115.809 E0
G1 F996.2 X111.419 Y115.813 E0
G1 F991.5 X111.41 Y115.817 E0
G1 F982.3 X111.4 Y115.821 E0
G1 F973.3 X111.391 Y115.824 E0
G1 F968.8 X111.382 Y115.828 E0
G1 F960 X111.373 Y115.832 E0
G1 F955.7 X111.363 Y115.836 E0
G1 F947.1 X111.354 Y115.839 E0
G1 F938.7 X111.345 Y115.843 E0
G1 F934.5 X111.335 Y115.847 E0
G1 F926.3 X111.326 Y115.851 E0
G1 F918.3 X111.311 Y115.855 E0
G1 F906.4 X111.3 Y115.857 E0
G1 F894.9 X111.289 Y115.86 E0
G1 F883.7 X111.279 Y115.862 E0
G1 F876.3 X111.268 Y115.865 E0
G1 F865.6 X111.257 Y115.867 E0
G1 F855.1 X111.246 Y115.87 E0
G1 F844.8 X111.236 Y115.872 E0
G1 F831.5 X111.23 Y115.872 E0
G1 F818.6 X111.22 Y115.873 E0
G1 F806.1 X111.21 Y115.874 E0
G1 F794 X111.2 Y115.875 E0
G1 F782.2 X111.19 Y115.876 E0
G1 F770.8 X111.18 Y115.877 E0
G1 F759.7 X111.17 Y115.878 E0
G1 F748.9 X111.16 Y115.878 E0
G1 F738.5 X111.15 Y115.879 E0
G1 F728.3 X111.14 Y115.88 E0
G1 F718.4 X111.13 Y115.881 E0
G1 F708.7 X111.12 Y115.882 E0
G1 F699.3 X111.11 Y115.883 E0
G1 F690.2 X111.1 Y115.884 E0
G1 X111.096 Y115.875 E0
G1 F699.3 X111.091 Y115.865 E0
G1 F711.1 X111.086 Y115.855 E0
G1 F720.8 X111.081 Y115.845 E0
G1 F730.8 X111.076 Y115.835 E0
G1 F743.7 X111.072 Y115.825 E0
G1 F754.3 X111.067 Y115.815 E0
G1 F768 X111.062 Y115.805 E0
G1 F779.3 X111.057 Y115.796 E0
G1 F791 X111.052 Y115.786 E0
G1 F806.1 X111.048 Y115.776 E0
G1 F818.6 X111.043 Y115.766 E0
G1 F831.5 X111.041 Y115.76 E0
G1 F841.4 X111.038 Y115.75 E0
G1 F851.6 X111.035 Y115.741 E0
G1 F862 X111.032 Y115.731 E0
G1 F876.3 X111.029 Y115.722 E0
G1 F887.4 X111.026 Y115.712 E0
G1 F898.7 X111.023 Y115.702 E0
G1 F906.4 X111.02 Y115.691 E0
G1 F914.3 X111.018 Y115.681 E0
G1 F922.3 X111.016 Y115.671 E0
G1 F930.4 X111.014 Y115.661 E0
G1 F938.7 X111.012 Y115.651 E0
G1 F947.1 X111.01 Y115.642 E0
G1 F955.7 X111.008 Y115.632 E0
G1 F964.4 X111.006 Y115.622 E0
G1 F973.3 X111.004 Y115.612 E0
G1 F982.3 X111.002 Y115.602 E0
G1 F991.5 X111.001 Y115.5 E0.00003
G1 X111.001 Y115.4 E0.00003
G1 X111.001 Y115.3 E0.00003
G1 X111.001 Y115.2 E0.00003
G1 X111.001 Y115.1 E0.00003
G1 X111.001 Y115 E0.00003
G1 X111.001 Y114.9 E0.00003
G1 X111.001 Y114.8 E0.00003
G1 X111.001 Y114.7 E0.00003
G1 X111.001 Y114.6 E0.00003
G1 X111.001 Y114.5 E0.00003
G1 X111.001 Y114.4 E0.00003
G1 X111.001 Y114.3 E0.00003
G1 X111.001 Y114.2 E0.00003
G1 X111.001 Y114.1 E0.00003
G1 X111.001 Y114 E0.00003
G1 X111.001 Y113.9 E0.00003
G1 X111.001 Y113.8 E0.00003
G1 X111.001 Y113.7 E0.00003
G1 X111.001 Y113.6 E0.00003
G1 X111.001 Y113.5 E0.00003
G1 X111.001 Y113.4 E0.00003
G1 X111.001 Y113.3 E0.00003
G1 X111.001 Y113.2 E0.00003
G1 X111.001 Y113.1 E0.00003
G1 X111.001 Y113 E0.00003
G1 X111.001 Y112.9 E0.00003
G1 X111.001 Y112.8 E0.00003
G1 X111.001 Y112.7 E0.00003
G1 X111.001 Y112.6 E0.00003
G1 X111.001 Y112.5 E0.00003
G1 X111.001 Y112.4 E0.00003
G1 X111.001 Y112.3 E0.00003
G1 X111.001 Y112.2 E0.00003
G1 X111.001 Y112.1 E0.00003
G1 X111.001 Y112 E0.00003
G1 X111.001 Y111.9 E0.00003
G1 X111.001 Y111.8 E0.00003
G1 X111.001 Y111.7 E0.00003
G1 X111.001 Y111.6 E0.00003
G1 X111.001 Y111.5 E0.00003
G1 X111.001 Y111.4 E0.00003
G1 X111.001 Y111.3 E0.00003
G1 X111.001 Y111.2 E0.00003
G1 X111.001 Y111.1 E0.00003
G1 X111.001 Y111 E0.00003
G1 X111.001 Y110.9 E0.00003
G1 X111.001 Y110.8 E0.00003
G1 X111.001 Y110.7 E0.00003
G1 X111.001 Y110.6 E0.00003
G1 X111.001 Y110.5 E0.00003
G1 X111.001 Y110.4 E0.00003
G1 X111.001 Y110.3 E0.00003
G1 X111.001 Y110.2 E0.00003
G1 X111.001 Y110.1 E0.00003
G1 X111.001 Y110 E0.00003
G1 F996.2 X111.001 Y109.9 E0.00003
G1 X111.001 Y109.8 E0.00003
G1 X111.001 Y109.7 E0.00003
G1 X111.001 Y109.6 E0.00003
G1 X111.001 Y109.5 E0.00003
G1 X111.001 Y109.4 E0.00003
G1 X111.001 Y109.3 E0.00003
G1 X111.001 Y109.2 E0.00003
G1 X111.001 Y109.1 E0.00003
G1 X111.001 Y109 E0.00003
G1 X111.001 Y108.9 E0.00003
G1 X111.001 Y108.8 E0.00003
G1 X111.001 Y108.7 E0.00003
G1 X111.001 Y108.6 E0.00003
G1 X111.001 Y108.5 E0.00003
G1 X111.001 Y108.4 E0.00003
G1 X111.001 Y108.3 E0.00003
G1 X111.001 Y108.2 E0.00003
G1 X111.001 Y108.1 E0.00003
G1 X111.001 Y108 E0.00003
G1 X111.001 Y107.9 E0.00003
G1 X111.001 Y107.8 E0.00003
G1 X111.001 Y107.7 E0.00003
G1 X111.001 Y107.6 E0.00003
G1 X111.001 Y107.5 E0.00003
G1 X111.001 Y107.4 E0.00003
G1 X111.001 Y107.3 E0.00003
G1 X111.001 Y107.2 E0.00003
G1 X111.001 Y107.1 E0.00003
G1 X111.001 Y107 E0.00003
G1 X111.001 Y106.9 E0.00003
G1 X111.001 Y106.8 E0.00003
G1 X111.001 Y106.7 E0.00003
G1 X111.001 Y106.6 E0.00003
G1 X111.001 Y106.5 E0.00003
G1 X111.001 Y106.4 E0.00003
G1 X111.001 Y106.3 E0.00003
G1 X111.001 Y106.2 E0.00003
G1 X111.001 Y106.1 E0.00003
G1 X111.001 Y106 E0.00003
G1 X111.001 Y105.9 E0.00003
G1 X111.001 Y105.8 E0.00003
G1 X111.001 Y105.7 E0.00003
G1 X111.001 Y105.6 E0.00003
G1 X111.001 Y105.5 E0.00003
G1 X111.001 Y105.4 E0.00003
G1 X111.001 Y105.3 E0.00003
G1 X111.001 Y105.2 E0.00003
G1 X111.001 Y105.1 E0.00003
G1 X111.001 Y105 E0.00003
G1 X111.001 Y104.9 E0.00003
G1 X111.001 Y104.8 E0.00003
G1 X111.001 Y104.7 E0.00003
G1 X111.001 Y104.6 E0.00003
G1 X111.001 Y104.5 E0.00003
G1 X111 Y104.4 E0.00003
G1 F991.5 X111.002 Y104.406 E0
G1 F982.3 X111.004 Y104.376 E0.00001
G1 F968.8 X111.008 Y104.347 E0.00001
G1 F951.4 X111.011 Y104.337 E0
G1 F938.7 X111.014 Y104.326 E0
G1 F922.3 X111.017 Y104.316 E0
G1 F910.3 X111.021 Y104.305 E0
G1 F898.7 X111.024 Y104.295 E0
G1 F887.4 X111.027 Y104.284 E0
G1 F876.3 X111.031 Y104.274 E0
G1 F862 X111.034 Y104.263 E0
G1 F851.6 X111.037 Y104.253 E0
G1 F841.4 X111.041 Y104.242 E0
G1 F831.5 X111.044 Y104.232 E0
G1 F821.8 X111.047 Y104.221 E0
G1 F809.2 X111.051 Y104.211 E0
G1 F800 X111.054 Y104.2 E0
G1 F791 X111.057 Y104.19 E0
G1 F779.3 X111.06 Y104.187 E0
G1 F768 X111.065 Y104.178 E0
G1 F754.3 X111.069 Y104.169 E0
G1 F743.7 X111.074 Y104.16 E0
G1 F733.3 X111.078 Y104.151 E0
G1 F720.8 X111.083 Y104.142 E0
G1 F711.1 X111.087 Y104.133 E0
G1 F699.3 X111.095 Y104.122 E0.00001
G1 F685.7 X111.102 Y104.114 E0
G1 X111.111 Y104.115 E0
G1 F694.7 X111.121 Y104.116 E0
G1 F704 X111.131 Y104.117 E0
G1 F713.5 X111.141 Y104.118 E0
G1 F723.3 X111.151 Y104.119 E0
G1 F733.3 X111.161 Y104.12 E0
G1 F746.3 X111.171 Y104.121 E0
G1 F757 X111.181 Y104.122 E0
G1 F768 X111.191 Y104.123 E0
G1 F779.3 X111.201 Y104.124 E0
G1 F791 X111.211 Y104.125 E0
G1 F803 X111.221 Y104.126 E0
G1 F818.6 X111.231 Y104.127 E0
G1 F831.5 X111.241 Y104.128 E0
G1 F844.8 X111.251 Y104.129 E0
G1 F858.5 X111.261 Y104.13 E0
G1 F872.7 X111.271 Y104.131 E0
G1 F887.4 X111.281 Y104.132 E0
G1 F902.6 X111.299 Y104.136 E0.00001
G1 F914.3 X111.31 Y104.139 E0
G1 F922.3 X111.322 Y104.143 E0
G1 F934.5 X111.333 Y104.146 E0
G1 F947.1 X111.345 Y104.15 E0
G1 F960 X111.366 Y104.158 E0.00001
G1 F973.3 X111.386 Y104.165 E0.00001
G1 F986.9 X111.405 Y104.172 E0.00001
G1 F1000.9 X111.437 Y104.19 E0.00001
G0 F24000 X111.61 Y104.29
G0 X111.288 Y104.133
G1 F891.1 X111.279 Y104.132 E0
G1 F876.3 X111.269 Y104.131 E0
G1 F862 X111.259 Y104.129 E0
G1 F848.2 X111.249 Y104.128 E0
G1 F834.8 X111.239 Y104.126 E0
G1 F821.8 X111.229 Y104.125 E0
G1 F809.2 X111.219 Y104.123 E0
G1 F797 X111.209 Y104.122 E0
G1 F785.1 X111.199 Y104.12 E0
G1 F773.6 X111.19 Y104.119 E0
G1 F762.5 X111.18 Y104.117 E0
G1 F751.6 X111.17 Y104.116 E0
G1 F741.1 X111.16 Y104.114 E0
G1 F730.8 X111.15 Y104.113 E0
G1 F720.8 X111.14 Y104.111 E0
G1 F711.1 X111.13 Y104.11 E0
G1 F701.7 X111.12 Y104.108 E0
G1 F692.5 X111.11 Y104.107 E0
G1 F683.5 X111.1 Y104.105 E0
G1 F685.7 X111.092 Y104.117 E0.00001
G1 F699.3 X111.089 Y104.13 E0.00001
G1 F711.1 X111.085 Y104.138 E0
G1 F720.8 X111.08 Y104.147 E0
G1 F733.3 X111.076 Y104.156 E0
G1 F743.7 X111.071 Y104.165 E0
G1 F754.3 X111.067 Y104.174 E0
G1 F768 X111.062 Y104.183 E0
G1 F779.3 X111.058 Y104.192 E0
G1 F791 X111.053 Y104.205 E0
G1 F800 X111.05 Y104.216 E0
G1 F809.2 X111.047 Y104.226 E0
G1 F821.8 X111.043 Y104.237 E0
G1 F831.5 X111.04 Y104.247 E0
G1 F841.4 X111.037 Y104.258 E0
G1 F851.6 X111.033 Y104.268 E0
G1 F862 X111.03 Y104.279 E0
G1 F876.3 X111.027 Y104.289 E0
G1 F887.4 X111.023 Y104.3 E0
G1 F898.7 X111.02 Y104.31 E0
G1 F910.3 X111.017 Y104.321 E0
G1 F922.3 X111.013 Y104.331 E0
G1 F938.7 X111.01 Y104.342 E0
G1 F951.4 X111.007 Y104.352 E0
G1 F968.8 X111.004 Y104.377 E0.00001
G1 F982.3 X111.002 Y104.407 E0.00001
G1 F991.5 X111 Y104.437 E0.00001
G1 F996.2 X111 Y104.536 E0.00003
G1 X111 Y104.636 E0.00003
G1 X111 Y104.736 E0.00003
G1 X111 Y104.836 E0.00003
G1 X111 Y104.936 E0.00003
G1 X111 Y105.036 E0.00003
G1 X111 Y105.136 E0.00003
G1 X111 Y105.236 E0.00003
G1 X111 Y105.336 E0.00003
G1 X111 Y105.436 E0.00003
G1 X111 Y105.536 E0.00003
G1 X111 Y105.636 E0.00003
G1 X111 Y105.736 E0.00003
G1 X111 Y105.836 E0.00003
G1 X111 Y105.936 E0.00003
G1 X111 Y106.036 E0.00003
G1 X111 Y106.136 E0.00003
G1 X111 Y106.236 E0.00003
G1 X111 Y106.336 E0.00003
G1 X111 Y106.436 E0.00003
G1 X111 Y106.536 E0.00003
G1 X111 Y106.636 E0.00003
G1 X111 Y106.736 E0.00003
G1 X111 Y106.836 E0.00003
G1 X111 Y106.936 E0.00003
G1 X111 Y107.036 E0.00003
G1 X111 Y107.136 E0.00003
G1 X111 Y107.236 E0.00003
G1 X111 Y107.336 E0.00003
G1 X111 Y107.436 E0.00003
G1 X111 Y107.536 E0.00003
G1 X111 Y107.636 E0.00003
G1 X111 Y107.736 E0.00003
G1 X111 Y107.836 E0.00003
G1 X111 Y107.936 E0.00003
G1 X111 Y108.036 E0.00003
G1 X111 Y108.136 E0.00003
G1 X111 Y108.236 E0.00003
G1 X111 Y108.336 E0.00003
G1 X111 Y108.436 E0.00003
G1 X111 Y108.536 E0.00003
G1 X111 Y108.636 E0.00003
G1 X111 Y108.736 E0.00003
G1 X111 Y108.836 E0.00003
G1 X111 Y108.936 E0.00003
G1 X111 Y109.036 E0.00003
G1 X111 Y109.136 E0.00003
G1 X111 Y109.236 E0.00003
G1 X111 Y109.336 E0.00003
G1 X111 Y109.436 E0.00003
G1 X111 Y109.536 E0.00003
G1 X111 Y109.636 E0.00003
G1 X111 Y109.736 E0.00003
G1 X111 Y109.836 E0.00003
G1 X111 Y109.936 E0.00003
G1 X111 Y110.036 E0.00003
G1 F991.5 X111 Y110.136 E0.00003
G1 X111 Y110.236 E0.00003
G1 X111 Y110.336 E0.00003
G1 X111 Y110.436 E0.00003
G1 X111 Y110.536 E0.00003
G1 X111 Y110.636 E0.00003
G1 X111 Y110.736 E0.00003
G1 X111 Y110.836 E0.00003
G1 X111 Y110.936 E0.00003
G1 X111 Y111.036 E0.00003
G1 X111 Y111.136 E0.00003
G1 X111 Y111.236 E0.00003
G1 X111 Y111.336 E0.00003
G1 X111 Y111.436 E0.00003
G1 X111 Y111.536 E0.00003
G1 X111 Y111.636 E0.00003
G1 X111 Y111.736 E0.00003
G1 X111 Y111.836 E0.00003
G1 X111 Y111.936 E0.00003
G1 X111 Y112.036 E0.00003
G1 X111 Y112.136 E0.00003
G1 X111 Y112.236 E0.00003
G1 X111 Y112.336 E0.00003
G1 X111 Y112.436 E0.00003
G1 X111 Y112.536 E0.00003
G1 X111 Y112.636 E0.00003
G1 X111 Y112.736 E0.00003
G1 X111 Y112.836 E0.00003
G1 X111 Y112.936 E0.00003
G1 X111 Y113.036 E0.00003
G1 X111 Y113.136 E0.00003
G1 X111 Y113.236 E0.00003
G1 X111 Y113.336 E0.00003
G1 X111 Y113.436 E0.00003
G1 X111 Y113.536 E0.00003
G1 X111 Y113.636 E0.00003
G1 X111 Y113.736 E0.00003
G1 X111 Y113.836 E0.00003
G1 X111 Y113.936 E0.00003
G1 X111 Y114.036 E0.00003
G1 X111 Y114.136 E0.00003
G1 X111 Y114.236 E0.00003
G1 X111 Y114.336 E0.00003
G1 X111 Y114.436 E0.00003
G1 X111 Y114.536 E0.00003
G1 X111 Y114.636 E0.00003
G1 X111 Y114.736 E0.00003
G1 X111 Y114.836 E0.00003
G1 X111 Y114.936 E0.00003
G1 X111 Y115.036 E0.00003
G1 X111 Y115.136 E0.00003
G1 X111 Y115.236 E0.00003
G1 X111 Y115.336 E0.00003
G1 X111 Y115.436 E0.00003
G1 X111 Y115.536 E0.00003
G1 X111.001 Y115.636 E0.00003
G1 F982.3 X111.003 Y115.609 E0.00001
G1 F973.3 X111.005 Y115.619 E0
G1 F964.4 X111.007 Y115.629 E0
G1 F955.7 X111.009 Y115.639 E0
G1 F947.1 X111.011 Y115.649 E0
G1 F938.7 X111.013 Y115.658 E0
G1 F930.4 X111.015 Y115.668 E0
G1 F922.3 X111.017 Y115.678 E0
G1 F914.3 X111.019 Y115.688 E0
G1 F906.4 X111.021 Y115.698 E0
G1 F898.7 X111.025 Y115.709 E0
G1 F887.4 X111.028 Y115.719 E0
G1 F876.3 X111.031 Y115.728 E0
G1 F862 X111.034 Y115.738 E0
G1 F851.6 X111.037 Y115.747 E0
G1 F841.4 X111.04 Y115.757 E0
G1 F831.5 X111.043 Y115.767 E0
G1 F818.6 X111.048 Y115.779 E0
G1 F806.1 X111.052 Y115.789 E0
G1 F791 X111.056 Y115.799 E0
G1 F779.3 X111.06 Y115.809 E0
G1 F768 X111.064 Y115.819 E0
G1 F754.3 X111.069 Y115.829 E0
G1 F743.7 X111.073 Y115.84 E0
G1 F730.8 X111.077 Y115.85 E0
G1 F720.8 X111.081 Y115.86 E0
G1 F711.1 X111.085 Y115.87 E0
G1 F699.3 X111.089 Y115.88 E0
G1 F690.2 X111.094 Y115.89 E0
G1 F683.5 X111.1 Y115.892 E0
G1 F690.2 X111.109 Y115.891 E0
G1 F699.3 X111.119 Y115.89 E0
G1 F708.7 X111.129 Y115.888 E0
G1 F718.4 X111.139 Y115.887 E0
G1 F728.3 X111.149 Y115.885 E0
G1 F738.5 X111.159 Y115.884 E0
G1 F748.9 X111.169 Y115.882 E0
G1 F759.7 X111.179 Y115.881 E0
G1 F770.8 X111.189 Y115.88 E0
G1 F782.2 X111.199 Y115.878 E0
G1 F794 X111.209 Y115.877 E0
G1 F806.1 X111.219 Y115.875 E0
G1 F818.6 X111.229 Y115.874 E0
G1 F831.5 X111.239 Y115.872 E0
G1 F844.8 X111.249 Y115.87 E0
G1 F855.1 X111.26 Y115.868 E0
G1 F865.6 X111.271 Y115.865 E0
G1 F876.3 X111.281 Y115.863 E0
G1 F883.7 X111.292 Y115.86 E0
G1 F894.9 X111.303 Y115.858 E0
G1 F906.4 X111.314 Y115.855 E0
G1 F918.3 X111.324 Y115.853 E0
G1 F926.3 X111.33 Y115.85 E0
G1 F934.5 X111.339 Y115.846 E0
G1 F938.7 X111.348 Y115.842 E0
G1 F947.1 X111.358 Y115.838 E0
G1 F955.7 X111.367 Y115.835 E0
G1 F960 X111.376 Y115.831 E0
G1 F968.8 X111.385 Y115.827 E0
G1 F973.3 X111.395 Y115.823 E0
G1 F982.3 X111.404 Y115.82 E0
G1 F991.5 X111.413 Y115.816 E0
G1 F996.2 X111.423 Y115.812 E0
G1 F1005.7 X111.432 Y115.808 E0
G1 X111.609 Y115.707 E0.00005
G1 X111.781 Y115.607 E0.00005
G1 X111.954 Y115.508 E0.00005
G1 X112.126 Y115.408 E0.00005
G1 X112.298 Y115.309 E0.00005
G1 X112.471 Y115.209 E0.00005
G1 X112.643 Y115.11 E0.00005
G1 X112.815 Y115.01 E0.00005
G1 X112.988 Y114.911 E0.00005
G1 X113.16 Y114.811 E0.00005
G1 X113.332 Y114.712 E0.00005
G1 X113.505 Y114.612 E0.00005
G1 X113.677 Y114.513 E0.00005
G1 X113.849 Y114.413 E0.00005
G1 X114.022 Y114.314 E0.00005
G1 X114.194 Y114.214 E0.00005
G1 X114.366 Y114.115 E0.00005
G1 X114.539 Y114.015 E0.00005
G1 X114.711 Y113.916 E0.00005
G1 X114.883 Y113.816 E0.00005
G1 X115.056 Y113.717 E0.00005
G1 X115.228 Y113.617 E0.00005
G1 X115.401 Y113.518 E0.00005
G1 X115.573 Y113.418 E0.00005
G1 X115.745 Y113.319 E0.00005
G1 X115.918 Y113.219 E0.00005
G1 X116.09 Y113.12 E0.00005
G1 X116.262 Y113.02 E0.00005
G1 X116.435 Y112.921 E0.00005
G1 X116.607 Y112.821 E0.00005
G1 X116.779 Y112.722 E0.00005
G1 X116.952 Y112.622 E0.00005
G1 X117.124 Y112.523 E0.00005
G1 X117.296 Y112.423 E0.00005
G1 X117.469 Y112.324 E0.00005
G1 X117.641 Y112.224 E0.00005
G1 X117.813 Y112.125 E0.00005
G1 X117.986 Y112.025 E0.00005
G1 X118.158 Y111.926 E0.00005
G1 X118.33 Y111.826 E0.00005
G1 X118.503 Y111.727 E0.00005
G1 X118.675 Y111.627 E0.00005
G1 X118.847 Y111.528 E0.00005
G1 X119.02 Y111.428 E0.00005
G1 X119.192 Y111.329 E0.00005
G1 X119.365 Y111.229 E0.00005
G1 X119.537 Y111.13 E0.00005
G1 X119.709 Y111.03 E0.00005
G1 X119.882 Y110.931 E0.00005
G1 X120.054 Y110.831 E0.00005
G1 X120.226 Y110.732 E0.00005
G1 X120.399 Y110.632 E0.00005
G1 X120.571 Y110.533 E0.00005
G1 X120.743 Y110.433 E0.00005
G1 X120.916 Y110.334 E0.00005
G1 X121.088 Y110.234 E0.00005
G1 F996.2 X121.097 Y110.229 E0
G1 F982.3 X121.105 Y110.222 E0
G1 F973.3 X121.114 Y110.214 E0
G1 F964.4 X121.123 Y110.206 E0
G1 F955.7 X121.132 Y110.198 E0
G1 F947.1 X121.141 Y110.19 E0
G1 F938.7 X121.15 Y110.182 E0
G1 F930.4 X121.159 Y110.174 E0
G1 F922.3 X121.167 Y110.165 E0
G1 F910.3 X121.174 Y110.158 E0
G1 F898.7 X121.181 Y110.151 E0
G1 F891.1 X121.188 Y110.144 E0
G1 F880 X121.195 Y110.137 E0
G1 F869.1 X121.202 Y110.13 E0
G1 F855.1 X121.21 Y110.121 E0
G1 F841.4 X121.216 Y110.113 E0
G1 F828.2 X121.222 Y110.105 E0
G1 F812.3 X121.228 Y110.097 E0
G1 F800 X121.234 Y110.089 E0
G1 F788.1 X121.24 Y110.081 E0
G1 F773.6 X121.246 Y110.073 E0
G1 F762.5 X121.252 Y110.065 E0
G1 F751.6 X121.259 Y110.057 E0
G1 F738.5 X121.265 Y110.05 E0
G1 F728.3 X121.271 Y110.042 E0
G1 F718.4 X121.277 Y110.034 E0
G1 F706.4 X121.283 Y110.026 E0
G1 F697 X121.289 Y110.018 E0
G1 F687.9 X121.295 Y110.01 E0
G1 F681.3 X121.3 Y109.996 E0.00001
G1 F687.9 X121.294 Y109.988 E0
G1 F699.3 X121.287 Y109.979 E0
G1 F711.1 X121.28 Y109.971 E0
G1 F725.8 X121.274 Y109.962 E0
G1 F738.5 X121.267 Y109.953 E0
G1 F748.9 X121.261 Y109.944 E0
G1 F759.7 X121.255 Y109.936 E0
G1 F770.8 X121.249 Y109.928 E0
G1 F782.2 X121.243 Y109.92 E0
G1 F794 X121.237 Y109.912 E0
G1 F806.1 X121.232 Y109.904 E0
G1 F818.6 X121.224 Y109.895 E0
G1 F828.2 X121.217 Y109.887 E0
G1 F841.4 X121.211 Y109.88 E0
G1 F851.6 X121.204 Y109.872 E0
G1 F862 X121.197 Y109.865 E0
G1 F876.3 X121.191 Y109.857 E0
G1 F887.4 X121.184 Y109.85 E0
G1 F898.7 X121.177 Y109.842 E0
G1 F914.3 X121.171 Y109.835 E0
G1 F926.3 X121.164 Y109.827 E0
G1 F938.7 X121.148 Y109.813 E0.00001
G1 F955.7 X121.134 Y109.801 E0.00001
G1 F968.8 X121.12 Y109.791 E0
G1 F977.8 X121.106 Y109.78 E0
G1 F986.9 X121.091 Y109.769 E0
G1 F996.2 X121.077 Y109.759 E0
G1 F1005.7 X121.062 Y109.748 E0
G1 F1010.5 X120.89 Y109.648 E0.00005
G1 X120.719 Y109.549 E0.00005
G1 X120.547 Y109.45 E0.00005
G1 X120.376 Y109.351 E0.00005
G1 X120.204 Y109.252 E0.00005
G1 X120.033 Y109.153 E0.00005
G1 X119.861 Y109.054 E0.00005
G1 X119.69 Y108.955 E0.00005
G1 X119.518 Y108.856 E0.00005
G1 X119.347 Y108.757 E0.00005
G1 X119.175 Y108.658 E0.00005
G1 X119.004 Y108.559 E0.00005
G1 X118.832 Y108.46 E0.00005
G1 X118.661 Y108.361 E0.00005
G1 X118.489 Y108.262 E0.00005
G1 X118.318 Y108.163 E0.00005
G1 X118.147 Y108.064 E0.00005
G1 X117.975 Y107.965 E0.00005
G1 X117.804 Y107.866 E0.00005
G1 X117.632 Y107.767 E0.00005
G1 X117.461 Y107.668 E0.00005
G1 X117.289 Y107.569 E0.00005
G1 X117.118 Y107.47 E0.00005
G1 X116.946 Y107.371 E0.00005
G1 X116.775 Y107.272 E0.00005
G1 X116.603 Y107.173 E0.00005
G1 X116.432 Y107.074 E0.00005
G1 X116.26 Y106.975 E0.00005
G1 X116.089 Y106.876 E0.00005
G1 X115.917 Y106.777 E0.00005
G1 X115.746 Y106.678 E0.00005
G1 X115.574 Y106.579 E0.00005
G1 X115.403 Y106.48 E0.00005
G1 X115.232 Y106.381 E0.00005
G1 X115.06 Y106.282 E0.00005
G1 X114.889 Y106.183 E0.00005
G1 X114.717 Y106.084 E0.00005
G1 X114.546 Y105.985 E0.00005
G1 X114.374 Y105.886 E0.00005
G1 X114.203 Y105.787 E0.00005
G1 X114.031 Y105.688 E0.00005
G1 X113.86 Y105.589 E0.00005
G1 X113.688 Y105.49 E0.00005
G1 X113.517 Y105.391 E0.00005
G1 X113.345 Y105.292 E0.00005
G1 X113.174 Y105.193 E0.00005
G1 X113.002 Y105.094 E0.00005
G1 X112.831 Y104.995 E0.00005
G1 X112.659 Y104.896 E0.00005
G1 X112.488 Y104.797 E0.00005
G1 X112.317 Y104.698 E0.00005
G1 X112.145 Y104.599 E0.00005
G1 X111.974 Y104.5 E0.00005
G1 X111.802 Y104.401 E0.00005
G1 X111.631 Y104.302 E0.00005
G1 X111.459 Y104.203 E0.00005
G1 F1000.9 X111.405 Y104.172 E0.00002
G1 F986.9 X111.386 Y104.165 E0.00001
G1 F973.3 X111.366 Y104.158 E0.00001
G1 F960 X111.347 Y104.151 E0.00001
G1 F947.1 X111.336 Y104.148 E0
G1 F934.5 X111.325 Y104.145 E0
G1 F922.3 X111.313 Y104.141 E0
G1 F914.3 X111.302 Y104.138 E0
G1 F902.6 X111.29 Y104.134 E0
G0 F24000 X111.094 Y104.104
G0 X111.094 Y104.108
G1 F60 E-0.001
G1 F18000 Z2.8
G0 F24000 X109.577 Y102.45 Z2.8
G1 F18000 Z0.8
G1 F60 E0.001
G1 F982.3 X109.571 Y102.454 E0
G1 F986.9 X109.528 Y102.479 E0.00001
G1 X109.485 Y102.504 E0.00001
G1 X109.442 Y102.529 E0.00001
G1 X109.398 Y102.554 E0.00001
G1 X109.355 Y102.579 E0.00001
G1 X109.312 Y102.604 E0.00001
G1 X109.268 Y102.629 E0.00001
G1 X109.225 Y102.654 E0.00001
G1 X109.182 Y102.679 E0.00001
G1 X109.138 Y102.704 E0.00001
G1 X109.095 Y102.729 E0.00001
G1 X109.052 Y102.754 E0.00001
G1 X109.009 Y102.779 E0.00001
G1 X108.965 Y102.804 E0.00001
G1 X108.922 Y102.829 E0.00001
G1 X108.879 Y102.854 E0.00001
G1 X108.835 Y102.879 E0.00001
G1 X108.792 Y102.904 E0.00001
G1 X108.749 Y102.929 E0.00001
G1 X108.705 Y102.954 E0.00001
G1 X108.662 Y102.979 E0.00001
G1 X108.619 Y103.004 E0.00001
G1 X108.576 Y103.029 E0.00001
G1 X108.532 Y103.054 E0.00001
G1 X108.489 Y103.079 E0.00001
G1 X108.446 Y103.104 E0.00001
G1 X108.402 Y103.129 E0.00001
G1 X108.359 Y103.154 E0.00001
G1 X108.316 Y103.179 E0.00001
G1 X108.272 Y103.204 E0.00001
G1 X108.229 Y103.229 E0.00001
G1 X108.186 Y103.254 E0.00001
G1 X108.143 Y103.279 E0.00001
G1 X108.099 Y103.304 E0.00001
G1 X108.056 Y103.329 E0.00001
G1 F991.5 X108.013 Y103.354 E0.00001
G1 X107.969 Y103.379 E0.00001
G1 X107.926 Y103.404 E0.00001
G1 X107.883 Y103.429 E0.00001
G1 X107.839 Y103.454 E0.00001
G1 X107.796 Y103.479 E0.00001
G1 X107.753 Y103.504 E0.00001
G1 X107.709 Y103.529 E0.00001
G1 X107.666 Y103.554 E0.00001
G1 X107.623 Y103.579 E0.00001
G1 X107.58 Y103.604 E0.00001
G1 X107.536 Y103.629 E0.00001
G1 X107.493 Y103.654 E0.00001
G1 X107.45 Y103.679 E0.00001
G1 X107.406 Y103.704 E0.00001
G1 X107.363 Y103.729 E0.00001
G1 X107.32 Y103.754 E0.00001
G1 X107.276 Y103.779 E0.00001
G1 X107.233 Y103.804 E0.00001
G1 X107.19 Y103.829 E0.00001
G1 X107.147 Y103.854 E0.00001
G1 X107.103 Y103.879 E0.00001
G1 X107.06 Y103.904 E0.00001
G1 X107.017 Y103.929 E0.00001
G1 X106.973 Y103.954 E0.00001
G1 X106.93 Y103.979 E0.00001
G1 X106.887 Y104.004 E0.00001
G1 X106.843 Y104.029 E0.00001
G1 X106.8 Y104.054 E0.00001
G1 X106.757 Y104.079 E0.00001
G1 X106.714 Y104.104 E0.00001
G1 X106.67 Y104.129 E0.00001
G1 X106.627 Y104.154 E0.00001
G1 X106.584 Y104.179 E0.00001
G1 X106.54 Y104.204 E0.00001
G1 F996.2 X106.497 Y104.229 E0.00001
G1 X106.454 Y104.254 E0.00001
G1 X106.41 Y104.279 E0.00001
G1 X106.367 Y104.304 E0.00001
G1 X106.324 Y104.329 E0.00001
G1 X106.28 Y104.354 E0.00001
G1 X106.237 Y104.379 E0.00001
G1 X106.194 Y104.404 E0.00001
G1 X106.151 Y104.429 E0.00001
G1 X106.107 Y104.454 E0.00001
G1 X106.064 Y104.479 E0.00001
G1 X106.021 Y104.504 E0.00001
G1 X105.977 Y104.529 E0.00001
G1 X105.934 Y104.554 E0.00001
G1 X105.891 Y104.579 E0.00001
G1 X105.847 Y104.604 E0.00001
G1 X105.804 Y104.629 E0.00001
G1 X105.761 Y104.654 E0.00001
G1 X105.718 Y104.679 E0.00001
G1 X105.674 Y104.704 E0.00001
G1 X105.631 Y104.729 E0.00001
G1 X105.588 Y104.754 E0.00001
G1 X105.544 Y104.779 E0.00001
G1 X105.501 Y104.804 E0.00001
G1 X105.458 Y104.829 E0.00001
G1 X105.414 Y104.854 E0.00001
G1 X105.371 Y104.879 E0.00001
G1 X105.328 Y104.904 E0.00001
G1 X105.285 Y104.929 E0.00001
G1 X105.241 Y104.954 E0.00001
G1 X105.198 Y104.979 E0.00001
G1 X105.155 Y105.004 E0.00001
G1 X105.111 Y105.029 E0.00001
G1 X105.068 Y105.054 E0.00001
G1 X105.025 Y105.079 E0.00001
G1 F1000.9 X104.981 Y105.104 E0.00001
G1 X104.938 Y105.129 E0.00001
G1 X104.895 Y105.154 E0.00001
G1 X104.852 Y105.179 E0.00001
G1 X104.808 Y105.204 E0.00001
G1 X104.765 Y105.229 E0.00001
G1 X104.722 Y105.254 E0.00001
G1 X104.678 Y105.279 E0.00001
G1 X104.635 Y105.304 E0.00001
G1 X104.592 Y105.329 E0.00001
G1 X104.548 Y105.354 E0.00001
G1 X104.505 Y105.379 E0.00001
G1 X104.462 Y105.404 E0.00001
G1 X104.418 Y105.429 E0.00001
G1 X104.375 Y105.454 E0.00001
G1 X104.332 Y105.479 E0.00001
G1 X104.289 Y105.504 E0.00001
G1 X104.245 Y105.529 E0.00001
G1 X104.202 Y105.554 E0.00001
G1 X104.159 Y105.579 E0.00001
G1 X104.115 Y105.604 E0.00001
G1 X104.072 Y105.629 E0.00001
G1 X104.029 Y105.654 E0.00001
G1 X103.985 Y105.679 E0.00001
G1 X103.942 Y105.704 E0.00001
G1 X103.899 Y105.729 E0.00001
G1 X103.856 Y105.754 E0.00001
G1 X103.812 Y105.779 E0.00001
G1 X103.769 Y105.804 E0.00001
G1 X103.726 Y105.829 E0.00001
G1 X103.682 Y105.854 E0.00001
G1 X103.639 Y105.879 E0.00001
G1 X103.596 Y105.904 E0.00001
G1 X103.552 Y105.929 E0.00001
G1 X103.509 Y105.954 E0.00001
G1 X103.575 Y105.916 E0.00002
G1 X103.618 Y105.891 E0.00001
G1 X103.661 Y105.866 E0.00001
G1 X103.705 Y105.841 E0.00001
G1 X103.748 Y105.816 E0.00001
G1 X103.791 Y105.791 E0.00001
G1 X103.835 Y105.766 E0.00001
G1 X103.878 Y105.741 E0.00001
G1 X103.921 Y105.716 E0.00001
G1 X103.965 Y105.691 E0.00001
G1 X104.008 Y105.666 E0.00001
G1 X104.051 Y105.641 E0.00001
G1 X104.094 Y105.616 E0.00001
G1 X104.138 Y105.591 E0.00001
G1 X104.181 Y105.566 E0.00001
G1 X104.224 Y105.541 E0.00001
G1 X104.268 Y105.516 E0.00001
G1 X104.311 Y105.491 E0.00001
G1 X104.354 Y105.466 E0.00001
G1 X104.398 Y105.441 E0.00001
G1 X104.441 Y105.416 E0.00001
G1 X104.484 Y105.391 E0.00001
G1 X104.527 Y105.366 E0.00001
G1 X104.571 Y105.341 E0.00001
G1 X104.614 Y105.316 E0.00001
G1 X104.657 Y105.291 E0.00001
G1 X104.701 Y105.266 E0.00001
G1 X104.744 Y105.241 E0.00001
G1 X104.787 Y105.216 E0.00001
G1 X104.831 Y105.191 E0.00001
G1 X104.874 Y105.166 E0.00001
G1 X104.917 Y105.141 E0.00001
G1 X104.96 Y105.116 E0.00001
G1 X105.004 Y105.091 E0.00001
G1 X105.047 Y105.066 E0.00001
G1 F996.2 X105.09 Y105.041 E0.00001
G1 X105.134 Y105.016 E0.00001
G1 X105.177 Y104.991 E0.00001
G1 X105.22 Y104.966 E0.00001
G1 X105.264 Y104.941 E0.00001
G1 X105.307 Y104.916 E0.00001
G1 X105.35 Y104.891 E0.00001
G1 X105.394 Y104.866 E0.00001
G1 X105.437 Y104.841 E0.00001
G1 X105.48 Y104.816 E0.00001
G1 X105.523 Y104.791 E0.00001
G1 X105.567 Y104.766 E0.00001
G1 X105.61 Y104.741 E0.00001
G1 X105.653 Y104.716 E0.00001
G1 X105.697 Y104.691 E0.00001
G1 X105.74 Y104.666 E0.00001
G1 X105.783 Y104.641 E0.00001
G1 X105.827 Y104.616 E0.00001
G1 X105.87 Y104.591 E0.00001
G1 X105.913 Y104.566 E0.00001
G1 X105.956 Y104.541 E0.00001
G1 X106 Y104.516 E0.00001
G1 X106.043 Y104.491 E0.00001
G1 X106.086 Y104.466 E0.00001
G1 X106.13 Y104.441 E0.00001
G1 X106.173 Y104.416 E0.00001
G1 X106.216 Y104.391 E0.00001
G1 X106.26 Y104.366 E0.00001
G1 X106.303 Y104.341 E0.00001
G1 X106.346 Y104.316 E0.00001
G1 X106.389 Y104.291 E0.00001
G1 X106.433 Y104.266 E0.00001
G1 X106.476 Y104.241 E0.00001
G1 X106.519 Y104.216 E0.00001
G1 X106.563 Y104.191 E0.00001
G1 F991.5 X106.606 Y104.166 E0.00001
G1 X106.649 Y104.141 E0.00001
G1 X106.693 Y104.116 E0.00001
G1 X106.736 Y104.091 E0.00001
G1 X106.779 Y104.066 E0.00001
G1 X106.823 Y104.041 E0.00001
G1 X106.866 Y104.016 E0.00001
G1 X106.909 Y103.991 E0.00001
G1 X106.952 Y103.966 E0.00001
G1 X106.996 Y103.941 E0.00001
G1 X107.039 Y103.916 E0.00001
G1 X107.082 Y103.891 E0.00001
G1 X107.126 Y103.866 E0.00001
G1 X107.169 Y103.841 E0.00001
G1 X107.212 Y103.816 E0.00001
G1 X107.256 Y103.791 E0.00001
G1 X107.299 Y103.766 E0.00001
G1 X107.342 Y103.741 E0.00001
G1 X107.385 Y103.716 E0.00001
G1 X107.429 Y103.691 E0.00001
G1 X107.472 Y103.666 E0.00001
G1 X107.515 Y103.641 E0.00001
G1 X107.559 Y103.616 E0.00001
G1 X107.602 Y103.591 E0.00001
G1 X107.645 Y103.566 E0.00001
G1 X107.689 Y103.541 E0.00001
G1 X107.732 Y103.516 E0.00001
G1 X107.775 Y103.491 E0.00001
G1 X107.818 Y103.466 E0.00001
G1 X107.862 Y103.441 E0.00001
G1 X107.905 Y103.416 E0.00001
G1 X107.948 Y103.391 E0.00001
G1 X107.992 Y103.366 E0.00001
G1 X108.035 Y103.341 E0.00001
G1 X108.078 Y103.316 E0.00001
G1 F986.9 X108.122 Y103.291 E0.00001
G1 X108.165 Y103.266 E0.00001
G1 X108.208 Y103.241 E0.00001
G1 X108.251 Y103.216 E0.00001
G1 X108.295 Y103.191 E0.00001
G1 X108.338 Y103.166 E0.00001
G1 X108.381 Y103.141 E0.00001
G1 X108.425 Y103.116 E0.00001
G1 X108.468 Y103.091 E0.00001
G1 X108.511 Y103.066 E0.00001
G1 X108.555 Y103.041 E0.00001
G1 X108.598 Y103.016 E0.00001
G1 X108.641 Y102.991 E0.00001
G1 X108.685 Y102.966 E0.00001
G1 X108.728 Y102.941 E0.00001
G1 X108.771 Y102.916 E0.00001
G1 X108.814 Y102.891 E0.00001
G1 X108.858 Y102.866 E0.00001
G1 X108.901 Y102.841 E0.00001
G1 X108.944 Y102.816 E0.00001
G1 X108.988 Y102.791 E0.00001
G1 X109.031 Y102.766 E0.00001
G1 X109.074 Y102.741 E0.00001
G1 X109.118 Y102.716 E0.00001
G1 X109.161 Y102.691 E0.00001
G1 X109.204 Y102.666 E0.00001
G1 X109.247 Y102.641 E0.00001
G1 X109.291 Y102.616 E0.00001
G1 X109.334 Y102.591 E0.00001
G1 X109.377 Y102.566 E0.00001
G1 X109.421 Y102.541 E0.00001
G1 X109.464 Y102.516 E0.00001
G1 X109.507 Y102.491 E0.00001
G1 X109.551 Y102.466 E0.00001
G1 X109.594 Y102.441 E0.00001
G1 F982.3 X109.577 Y102.45 E0.00001
G1 F977.8 X109.599 Y102.437 E0.00001
G1 F960 X109.622 Y102.423 E0.00001
G1 X109.651 Y102.421 E0.00001
G1 F968.8 X109.68 Y102.419 E0.00001
G1 X109.717 Y102.42 E0.00001
G1 F960 X109.744 Y102.421 E0.00001
G1 F951.4 X109.771 Y102.423 E0.00001
G1 F938.7 X109.779 Y102.424 E0
G1 F930.4 X109.789 Y102.426 E0
G1 F922.3 X109.799 Y102.428 E0
G1 F914.3 X109.809 Y102.43 E0
G1 F906.4 X109.819 Y102.432 E0
G1 F898.7 X109.828 Y102.434 E0
G1 F891.1 X109.838 Y102.436 E0
G1 F883.7 X109.848 Y102.438 E0
G1 F876.3 X109.858 Y102.44 E0
G1 F869.1 X109.868 Y102.441 E0
G1 F862 X109.878 Y102.443 E0
G1 F855.1 X109.89 Y102.447 E0
G1 F841.4 X109.901 Y102.451 E0
G1 F828.2 X109.913 Y102.454 E0
G1 F815.4 X109.923 Y102.458 E0
G1 F803 X109.932 Y102.462 E0
G1 F791 X109.941 Y102.466 E0
G1 F779.3 X109.95 Y102.469 E0
G1 F768 X109.96 Y102.473 E0
G1 F757 X109.969 Y102.477 E0
G1 F746.3 X109.978 Y102.48 E0
G1 F735.9 X109.987 Y102.484 E0
G1 F725.8 X109.997 Y102.488 E0
G1 F728.3 X109.999 Y102.499 E0
G1 F743.7 X109.999 Y102.509 E0
G1 F759.7 X109.999 Y102.519 E0
G1 F776.5 X109.999 Y102.53 E0
G1 F794 X109.999 Y102.541 E0
G1 F812.3 X109.999 Y102.552 E0
G1 F831.5 X109.998 Y102.562 E0
G1 F844.8 X109.998 Y102.572 E0
G1 F855.1 X109.998 Y102.582 E0
G1 F865.6 X109.998 Y102.592 E0
G1 F876.3 X109.998 Y102.602 E0
G1 F887.4 X109.998 Y102.612 E0
G1 F898.7 X109.998 Y102.622 E0
G1 F906.4 X109.998 Y102.632 E0
G1 F918.3 X109.998 Y102.642 E0
G1 F930.4 X109.998 Y102.652 E0
G1 F942.9 X109.998 Y102.662 E0
G1 F955.7 X109.998 Y102.672 E0
G1 F968.8 X109.998 Y102.682 E0
G1 F982.3 X109.998 Y102.692 E0
G1 F991.5 X109.998 Y102.746 E0.00001
G1 X109.998 Y102.796 E0.00001
G1 X109.998 Y102.846 E0.00001
G1 X109.998 Y102.896 E0.00001
G1 X109.998 Y102.946 E0.00001
G1 X109.998 Y102.996 E0.00001
G1 X109.998 Y103.046 E0.00001
G1 X109.998 Y103.096 E0.00001
G1 X109.998 Y103.146 E0.00001
G1 X109.998 Y103.196 E0.00001
G1 X109.998 Y103.246 E0.00001
G1 X109.998 Y103.296 E0.00001
G1 X109.998 Y103.346 E0.00001
G1 X109.998 Y103.396 E0.00001
G1 X109.998 Y103.446 E0.00001
G1 X109.998 Y103.496 E0.00001
G1 X109.998 Y103.546 E0.00001
G1 X109.998 Y103.596 E0.00001
G1 X109.998 Y103.646 E0.00001
G1 X109.998 Y103.696 E0.00001
G1 X109.998 Y103.746 E0.00001
G1 X109.998 Y103.796 E0.00001
G1 X109.998 Y103.846 E0.00001
G1 X109.998 Y103.896 E0.00001
G1 X109.998 Y103.946 E0.00001
G1 X109.998 Y103.996 E0.00001
G1 X109.998 Y104.046 E0.00001
G1 X109.998 Y104.096 E0.00001
G1 X109.998 Y104.146 E0.00001
G1 X109.998 Y104.196 E0.00001
G1 X109.998 Y104.246 E0.00001
G1 X109.998 Y104.296 E0.00001
G1 X109.998 Y104.346 E0.00001
G1 X109.998 Y104.396 E0.00001
G1 X109.998 Y104.446 E0.00001
G1 F996.2 X109.998 Y104.496 E0.00001
G1 X109.998 Y104.546 E0.00001
G1 X109.998 Y104.596 E0.00001
G1 X109.998 Y104.646 E0.00001
G1 X109.998 Y104.696 E0.00001
G1 X109.998 Y104.746 E0.00001
G1 X109.998 Y104.796 E0.00001
G1 X109.998 Y104.846 E0.00001
G1 X109.998 Y104.896 E0.00001
G1 X109.998 Y104.946 E0.00001
G1 X109.998 Y104.996 E0.00001
G1 X109.998 Y105.046 E0.00001
G1 X109.998 Y105.096 E0.00001
G1 X109.998 Y105.146 E0.00001
G1 X109.998 Y105.196 E0.00001
G1 X109.998 Y105.246 E0.00001
G1 X109.998 Y105.296 E0.00001
G1 X109.998 Y105.346 E0.00001
G1 X109.998 Y105.396 E0.00001
G1 X109.998 Y105.446 E0.00001
G1 X109.998 Y105.496 E0.00001
G1 X109.998 Y105.546 E0.00001
G1 X109.998 Y105.596 E0.00001
G1 X109.998 Y105.646 E0.00001
G1 X109.998 Y105.696 E0.00001
G1 X109.998 Y105.746 E0.00001
G1 X109.998 Y105.796 E0.00001
G1 X109.998 Y105.846 E0.00001
G1 X109.998 Y105.896 E0.00001
G1 X109.998 Y105.946 E0.00001
G1 X109.998 Y105.996 E0.00001
G1 X109.998 Y106.046 E0.00001
G1 X109.998 Y106.096 E0.00001
G1 X109.998 Y106.146 E0.00001
G1 X109.998 Y106.196 E0.00001
G1 F1000.9 X109.998 Y106.246 E0.00001
G1 X109.998 Y106.296 E0.00001
G1 X109.998 Y106.346 E0.00001
G1 X109.998 Y106.396 E0.00001
G1 X109.998 Y106.446 E0.00001
G1 X109.998 Y106.496 E0.00001
G1 X109.998 Y106.546 E0.00001
G1 X109.998 Y106.596 E0.00001
G1 X109.998 Y106.646 E0.00001
G1 X109.998 Y106.696 E0.00001
G1 X109.998 Y106.746 E0.00001
G1 X109.998 Y106.796 E0.00001
G1 X109.998 Y106.846 E0.00001
G1 X109.998 Y106.896 E0.00001
G1 X109.998 Y106.946 E0.00001
G1 X109.998 Y106.996 E0.00001
G1 X109.998 Y107.046 E0.00001
G1 X109.998 Y107.096 E0.00001
G1 X109.998 Y107.146 E0.00001
G1 X109.998 Y107.196 E0.00001
G1 X109.998 Y107.246 E0.00001
G1 X109.998 Y107.296 E0.00001
G1 X109.998 Y107.346 E0.00001
G1 X109.998 Y107.396 E0.00001
G1 X109.998 Y107.446 E0.00001
G1 X109.998 Y107.496 E0.00001
G1 X109.998 Y107.546 E0.00001
G1 X109.998 Y107.596 E0.00001
G1 X109.998 Y107.646 E0.00001
G1 X109.998 Y107.696 E0.00001
G1 X109.998 Y107.746 E0.00001
G1 X109.998 Y107.796 E0.00001
G1 X109.998 Y107.846 E0.00001
G1 X109.998 Y107.896 E0.00001
G1 X109.998 Y107.946 E0.00001
G1 F1005.7 X109.998 Y107.996 E0.00001
G1 X109.998 Y108.046 E0.00001
G1 X109.998 Y108.096 E0.00001
G1 X109.998 Y108.146 E0.00001
G1 X109.998 Y108.196 E0.00001
G1 X109.998 Y108.246 E0.00001
G1 X109.998 Y108.296 E0.00001
G1 X109.998 Y108.346 E0.00001
G1 X109.998 Y108.396 E0.00001
G1 X109.998 Y108.446 E0.00001
G1 X109.998 Y108.496 E0.00001
G1 X109.998 Y108.546 E0.00001
G1 X109.998 Y108.596 E0.00001
G1 X109.998 Y108.646 E0.00001
G1 X109.998 Y108.696 E0.00001
G1 X109.998 Y108.746 E0.00001
G1 X109.998 Y108.796 E0.00001
G1 X109.998 Y108.846 E0.00001
G1 X109.998 Y108.896 E0.00001
G1 X109.998 Y108.946 E0.00001
G1 X109.998 Y108.996 E0.00001
G1 X109.998 Y109.046 E0.00001
G1 X109.998 Y109.096 E0.00001
G1 X109.998 Y109.146 E0.00001
G1 X109.998 Y109.196 E0.00001
G1 X109.998 Y109.246 E0.00001
G1 X109.998 Y109.296 E0.00001
G1 X109.998 Y109.346 E0.00001
G1 X109.998 Y109.396 E0.00001
G1 X109.998 Y109.446 E0.00001
G1 X109.998 Y109.496 E0.00001
G1 X109.998 Y109.546 E0.00001
G1 X109.998 Y109.596 E0.00001
G1 X109.998 Y109.646 E0.00001
G1 X109.998 Y109.696 E0.00001
G1 X109.998 Y109.624 E0.00002
G1 X109.998 Y109.574 E0.00001
G1 X109.998 Y109.524 E0.00001
G1 X109.998 Y109.474 E0.00001
G1 X109.998 Y109.424 E0.00001
G1 X109.998 Y109.374 E0.00001
G1 X109.998 Y109.324 E0.00001
G1 X109.998 Y109.274 E0.00001
G1 X109.998 Y109.224 E0.00001
G1 X109.998 Y109.174 E0.00001
G1 X109.998 Y109.124 E0.00001
G1 X109.998 Y109.074 E0.00001
G1 X109.998 Y109.024 E0.00001
G1 X109.998 Y108.974 E0.00001
G1 X109.998 Y108.924 E0.00001
G1 X109.998 Y108.874 E0.00001
G1 X109.998 Y108.824 E0.00001
G1 X109.998 Y108.774 E0.00001
G1 X109.998 Y108.724 E0.00001
G1 X109.998 Y108.674 E0.00001
G1 X109.998 Y108.624 E0.00001
G1 X109.998 Y108.574 E0.00001
G1 X109.998 Y108.524 E0.00001
G1 X109.998 Y108.474 E0.00001
G1 X109.998 Y108.424 E0.00001
G1 X109.998 Y108.374 E0.00001
G1 X109.998 Y108.324 E0.00001
G1 X109.998 Y108.274 E0.00001
G1 X109.998 Y108.224 E0.00001
G1 X109.998 Y108.174 E0.00001
G1 X109.998 Y108.124 E0.00001
G1 X109.998 Y108.074 E0.00001
G1 X109.998 Y108.024 E0.00001
G1 X109.998 Y107.974 E0.00001
G1 X109.998 Y107.924 E0.00001
G1 F1000.9 X109.998 Y107.874 E0.00001
G1 X109.998 Y107.824 E0.00001
G1 X109.998 Y107.774 E0.00001
G1 X109.998 Y107.724 E0.00001
G1 X109.998 Y107.674 E0.00001
G1 X109.998 Y107.624 E0.00001
G1 X109.998 Y107.574 E0.00001
G1 X109.998 Y107.524 E0.00001
G1 X109.998 Y107.474 E0.00001
G1 X109.998 Y107.424 E0.00001
G1 X109.998 Y107.374 E0.00001
G1 X109.998 Y107.324 E0.00001
G1 X109.998 Y107.274 E0.00001
G1 X109.998 Y107.224 E0.00001
G1 X109.998 Y107.174 E0.00001
G1 X109.998 Y107.124 E0.00001
G1 X109.998 Y107.074 E0.00001
G1 X109.998 Y107.024 E0.00001
G1 X109.998 Y106.974 E0.00001
G1 X109.998 Y106.924 E0.00001
G1 X109.998 Y106.874 E0.00001
G1 X109.998 Y106.824 E0.00001
G1 X109.998 Y106.774 E0.00001
G1 X109.998 Y106.724 E0.00001
G1 X109.998 Y106.674 E0.00001
G1 X109.998 Y106.624 E0.00001
G1 X109.998 Y106.574 E0.00001
G1 X109.998 Y106.524 E0.00001
G1 X109.998 Y106.474 E0.00001
G1 X109.998 Y106.424 E0.00001
G1 X109.998 Y106.374 E0.00001
G1 X109.998 Y106.324 E0.00001
G1 X109.998 Y106.274 E0.00001
G1 X109.998 Y106.224 E0.00001
G1 X109.998 Y106.174 E0.00001
G1 F996.2 X109.998 Y106.124 E0.00001
G1 X109.998 Y106.074 E0.00001
G1 X109.998 Y106.024 E0.00001
G1 X109.998 Y105.974 E0.00001
G1 X109.998 Y105.924 E0.00001
G1 X109.998 Y105.874 E0.00001
G1 X109.998 Y105.824 E0.00001
G1 X109.998 Y105.774 E0.00001
G1 X109.998 Y105.724 E0.00001
G1 X109.998 Y105.674 E0.00001
G1 X109.998 Y105.624 E0.00001
G1 X109.998 Y105.574 E0.00001
G1 X109.998 Y105.524 E0.00001
G1 X109.998 Y105.474 E0.00001
G1 X109.998 Y105.424 E0.00001
G1 X109.998 Y105.374 E0.00001
G1 X109.998 Y105.324 E0.00001
G1 X109.998 Y105.274 E0.00001
G1 X109.998 Y105.224 E0.00001
G1 X109.998 Y105.174 E0.00001
G1 X109.998 Y105.124 E0.00001
G1 X109.998 Y105.074 E0.00001
G1 X109.998 Y105.024 E0.00001
G1 X109.998 Y104.974 E0.00001
G1 X109.998 Y104.924 E0.00001
G1 X109.998 Y104.874 E0.00001
G1 X109.998 Y104.824 E0.00001
G1 X109.998 Y104.774 E0.00001
G1 X109.998 Y104.724 E0.00001
G1 X109.998 Y104.674 E0.00001
G1 X109.998 Y104.624 E0.00001
G1 X109.998 Y104.574 E0.00001
G1 X109.998 Y104.524 E0.00001
G1 X109.998 Y104.474 E0.00001
G1 X109.998 Y104.424 E0.00001
G1 F991.5 X109.998 Y104.374 E0.00001
G1 X109.998 Y104.324 E0.00001
G1 X109.998 Y104.274 E0.00001
G1 X109.998 Y104.224 E0.00001
G1 X109.998 Y104.174 E0.00001
G1 X109.998 Y104.124 E0.00001
G1 X109.998 Y104.074 E0.00001
G1 X109.998 Y104.024 E0.00001
G1 X109.998 Y103.974 E0.00001
G1 X109.998 Y103.924 E0.00001
G1 X109.998 Y103.874 E0.00001
G1 X109.998 Y103.824 E0.00001
G1 X109.998 Y103.774 E0.00001
G1 X109.998 Y103.724 E0.00001
G1 X109.998 Y103.674 E0.00001
G1 X109.998 Y103.624 E0.00001
G1 X109.998 Y103.574 E0.00001
G1 X109.998 Y103.524 E0.00001
G1 X109.998 Y103.474 E0.00001
G1 X109.998 Y103.424 E0.00001
G1 X109.998 Y103.374 E0.00001
G1 X109.998 Y103.324 E0.00001
G1 X109.998 Y103.274 E0.00001
G1 X109.998 Y103.224 E0.00001
G1 X109.998 Y103.174 E0.00001
G1 X109.998 Y103.124 E0.00001
G1 X109.998 Y103.074 E0.00001
G1 X109.998 Y103.024 E0.00001
G1 X109.998 Y102.974 E0.00001
G1 X109.998 Y102.924 E0.00001
G1 X109.998 Y102.874 E0.00001
G1 X109.998 Y102.824 E0.00001
G1 X109.998 Y102.774 E0.00001
G1 X109.998 Y102.724 E0.00001
G1 X109.998 Y102.674 E0.00001
G1 F982.3 X109.998 Y102.686 E0
G1 F968.8 X109.998 Y102.676 E0
G1 F955.7 X109.998 Y102.666 E0
G1 F942.9 X109.998 Y102.656 E0
G1 F930.4 X109.998 Y102.646 E0
G1 F918.3 X109.998 Y102.636 E0
G1 F906.4 X109.998 Y102.626 E0
G1 F898.7 X109.998 Y102.616 E0
G1 F887.4 X109.998 Y102.606 E0
G1 F876.3 X109.998 Y102.596 E0
G1 F865.6 X109.998 Y102.586 E0
G1 F855.1 X109.998 Y102.576 E0
G1 F844.8 X109.998 Y102.566 E0
G1 F831.5 X109.998 Y102.553 E0
G1 F812.3 X109.998 Y102.542 E0
G1 F794 X109.998 Y102.531 E0
G1 F776.5 X109.998 Y102.52 E0
G1 F759.7 X109.999 Y102.509 E0
G1 F743.7 X109.999 Y102.499 E0
G1 F728.3 X109.999 Y102.489 E0
G1 F725.8 X110.009 Y102.485 E0
G1 F735.9 X110.019 Y102.481 E0
G1 F746.3 X110.029 Y102.477 E0
G1 F757 X110.039 Y102.473 E0
G1 F768 X110.049 Y102.469 E0
G1 F779.3 X110.059 Y102.464 E0
G1 F791 X110.069 Y102.46 E0
G1 F803 X110.079 Y102.457 E0
G1 F812.3 X110.089 Y102.454 E0
G1 F825 X110.1 Y102.45 E0
G1 F834.8 X110.11 Y102.447 E0
G1 F844.8 X110.121 Y102.443 E0
G1 F858.5 X110.131 Y102.44 E0
G1 F869.1 X110.139 Y102.438 E0
G1 F876.3 X110.15 Y102.436 E0
G1 F883.7 X110.161 Y102.433 E0
G1 F891.1 X110.171 Y102.431 E0
G1 F898.7 X110.182 Y102.428 E0
G1 F906.4 X110.193 Y102.426 E0
G1 F914.3 X110.203 Y102.424 E0
G1 F922.3 X110.214 Y102.421 E0
G1 F930.4 X110.225 Y102.419 E0
G1 F938.7 X110.235 Y102.416 E0
G1 F947.1 X110.306 Y102.415 E0.00002
G1 F942.9 X110.334 Y102.416 E0.00001
G1 F934.5 X110.362 Y102.418 E0.00001
G1 F938.7 X110.371 Y102.423 E0
G1 F947.1 X110.382 Y102.429 E0
G1 F960 X110.393 Y102.434 E0
G1 F968.8 X110.403 Y102.44 E0
G1 F982.3 X110.414 Y102.445 E0
G1 F991.5 X110.425 Y102.451 E0
G1 F996.2 X116.466 Y105.938 E0.00184
G1 X110.426 Y102.452 E0.00184
G1 F991.5 X110.416 Y102.447 E0
G1 F982.3 X110.405 Y102.441 E0
G1 F968.8 X110.394 Y102.436 E0
G1 F960 X110.384 Y102.43 E0
G1 F947.1 X110.373 Y102.425 E0
G1 F938.7 X110.362 Y102.419 E0
G1 F934.5 X110.333 Y102.417 E0.00001
G1 F942.9 X110.305 Y102.415 E0.00001
G1 F947.1 X110.235 Y102.416 E0.00002
G1 F938.7 X110.225 Y102.418 E0
G1 F930.4 X110.214 Y102.42 E0
G1 F922.3 X110.203 Y102.423 E0
G1 F914.3 X110.193 Y102.425 E0
G1 F906.4 X110.182 Y102.428 E0
G1 F898.7 X110.171 Y102.43 E0
G1 F891.1 X110.161 Y102.432 E0
G1 F883.7 X110.15 Y102.435 E0
G1 F876.3 X110.139 Y102.437 E0
G1 F869.1 X110.129 Y102.44 E0
G1 F858.5 X110.119 Y102.443 E0
G1 F844.8 X110.109 Y102.446 E0
G1 F834.8 X110.098 Y102.45 E0
G1 F825 X110.088 Y102.453 E0
G1 F812.3 X110.077 Y102.457 E0
G1 F803 X110.067 Y102.46 E0
G1 F791 X110.059 Y102.464 E0
G1 F779.3 X110.049 Y102.468 E0
G1 F768 X110.039 Y102.472 E0
G1 F757 X110.029 Y102.476 E0
G1 F746.3 X110.019 Y102.48 E0
G1 F735.9 X110.009 Y102.485 E0
G1 F725.8 X109.999 Y102.489 E0
G1 X109.99 Y102.486 E0
G1 F735.9 X109.981 Y102.482 E0
G1 F746.3 X109.972 Y102.478 E0
G1 F757 X109.963 Y102.475 E0
G1 F768 X109.953 Y102.471 E0
G1 F779.3 X109.944 Y102.467 E0
G1 F791 X109.935 Y102.464 E0
G1 F803 X109.926 Y102.46 E0
G1 F815.4 X109.916 Y102.456 E0
G1 F828.2 X109.903 Y102.452 E0
G1 F841.4 X109.892 Y102.448 E0
G1 F855.1 X109.88 Y102.445 E0
G1 F862 X109.87 Y102.443 E0
G1 F869.1 X109.86 Y102.441 E0
G1 F876.3 X109.85 Y102.439 E0
G1 F883.7 X109.84 Y102.437 E0
G1 F891.1 X109.83 Y102.435 E0
G1 F898.7 X109.821 Y102.433 E0
G1 F906.4 X109.811 Y102.431 E0
G1 F914.3 X109.801 Y102.429 E0
G1 F922.3 X109.791 Y102.427 E0
G1 F930.4 X109.781 Y102.426 E0
G1 F938.7 X109.771 Y102.424 E0
G1 F951.4 X109.743 Y102.422 E0.00001
G1 F960 X109.716 Y102.42 E0.00001
G1 F968.8 X109.68 Y102.419 E0.00001
G1 X109.651 Y102.421 E0.00001
G1 F960 X109.622 Y102.423 E0.00001
G1 X109.6 Y102.436 E0.00001
G1 F977.8 X109.577 Y102.45 E0.00001
G0 F24000 X109.571 Y102.454
G0 X109.404 Y102.55
G1 F60 E-0.001
G1 F18000 Z2.8
G0 F24000 X122.202 Y108.066 Z2.8
G1 F18000 Z0.8
G1 F60 E0.001
G1 F894.9 X122.211 Y108.067 E0
G1 F880 X122.221 Y108.069 E0
G1 F869.1 X122.231 Y108.071 E0
G1 F855.1 X122.241 Y108.072 E0
G1 F844.8 X122.251 Y108.074 E0
G1 F831.5 X122.261 Y108.076 E0
G1 F818.6 X122.27 Y108.078 E0
G1 F809.2 X122.28 Y108.079 E0
G1 F797 X122.29 Y108.081 E0
G1 F788.1 X122.3 Y108.083 E0
G1 F776.5 X122.31 Y108.084 E0
G1 F768 X122.32 Y108.086 E0
G1 F757 X122.33 Y108.088 E0
G1 F746.3 X122.345 Y108.089 E0.00001
G1 F733.3 X122.356 Y108.09 E0
G1 F718.4 X122.367 Y108.091 E0
G1 F706.4 X122.378 Y108.092 E0
G1 F692.5 X122.393 Y108.096 E0.00001
G1 F683.5 X122.4 Y108.092 E0
G1 F690.2 X122.403 Y108.083 E0
G1 F699.3 X122.407 Y108.074 E0
G1 F708.7 X122.411 Y108.065 E0
G1 F718.4 X122.415 Y108.056 E0
G1 F728.3 X122.418 Y108.046 E0
G1 F738.5 X122.422 Y108.037 E0
G1 F748.9 X122.426 Y108.028 E0
G1 F759.7 X122.43 Y108.019 E0
G1 F770.8 X122.433 Y108.009 E0
G1 F782.2 X122.437 Y108 E0
G1 F794 X122.441 Y107.991 E0
G1 F806.1 X122.445 Y107.982 E0
G1 F818.6 X122.448 Y107.972 E0
G1 F831.5 X122.452 Y107.963 E0
G1 F844.8 X122.456 Y107.954 E0
G1 F858.5 X122.46 Y107.945 E0
G1 F872.7 X122.464 Y107.935 E0
G1 F887.4 X122.466 Y107.925 E0
G1 F898.7 X122.469 Y107.914 E0
G1 F910.3 X122.472 Y107.903 E0
G1 F918.3 X122.475 Y107.893 E0
G1 F930.4 X122.478 Y107.882 E0
G1 F942.9 X122.481 Y107.871 E0
G1 F955.7 X122.483 Y107.859 E0
G1 F964.4 X122.486 Y107.846 E0
G1 F977.8 X122.488 Y107.833 E0
G1 F986.9 X122.491 Y107.82 E0
G1 F1000.9 X122.493 Y107.807 E0
G1 F1010.5 X122.496 Y107.795 E0
G1 F1015.4 X122.496 Y107.596 E0.00005
G1 X122.496 Y107.396 E0.00005
G1 X122.496 Y107.196 E0.00005
G1 X122.496 Y106.996 E0.00005
G1 X122.496 Y106.796 E0.00005
G1 X122.496 Y106.596 E0.00005
G1 X122.496 Y106.396 E0.00005
G1 X122.496 Y106.196 E0.00005
G1 X122.496 Y105.996 E0.00005
G1 X122.496 Y105.796 E0.00005
G1 X122.496 Y105.596 E0.00005
G1 X122.496 Y105.396 E0.00005
G1 X122.496 Y105.196 E0.00005
G1 X122.497 Y104.996 E0.00005
G1 X122.497 Y104.796 E0.00005
G1 X122.497 Y104.596 E0.00005
G1 X122.497 Y104.396 E0.00005
G1 X122.497 Y104.196 E0.00005
G1 X122.497 Y103.996 E0.00005
G1 X122.497 Y103.796 E0.00005
G1 X122.497 Y103.596 E0.00005
G1 X122.497 Y103.396 E0.00005
G1 X122.497 Y103.196 E0.00005
G1 X122.497 Y102.996 E0.00005
G1 X122.497 Y102.796 E0.00005
G1 X122.497 Y102.596 E0.00005
G1 X122.498 Y102.396 E0.00005
G1 X122.498 Y102.606 E0.00005
G1 X122.498 Y102.806 E0.00005
G1 X122.498 Y103.006 E0.00005
G1 X122.498 Y103.206 E0.00005
G1 X122.498 Y103.406 E0.00005
G1 X122.498 Y103.606 E0.00005
G1 X122.498 Y103.806 E0.00005
G1 X122.498 Y104.006 E0.00005
G1 X122.498 Y104.206 E0.00005
G1 X122.498 Y104.406 E0.00005
G1 X122.498 Y104.606 E0.00005
G1 X122.498 Y104.806 E0.00005
G1 X122.498 Y105.006 E0.00005
G1 X122.497 Y105.206 E0.00005
G1 X122.497 Y105.406 E0.00005
G1 X122.497 Y105.606 E0.00005
G1 X122.497 Y105.806 E0.00005
G1 X122.497 Y106.006 E0.00005
G1 X122.497 Y106.206 E0.00005
G1 X122.497 Y106.406 E0.00005
G1 X122.497 Y106.606 E0.00005
G1 X122.497 Y106.806 E0.00005
G1 X122.497 Y107.006 E0.00005
G1 X122.497 Y107.206 E0.00005
G1 X122.497 Y107.406 E0.00005
G1 X122.497 Y107.606 E0.00005
G1 X122.496 Y107.806 E0.00005
G1 X122.496 Y107.796 E0
G1 F1010.5 X122.494 Y107.808 E0
G1 F1000.9 X122.491 Y107.821 E0
G1 F986.9 X122.489 Y107.834 E0
G1 F977.8 X122.486 Y107.847 E0
G1 F964.4 X122.484 Y107.86 E0
G1 F955.7 X122.481 Y107.872 E0
G1 F942.9 X122.479 Y107.881 E0
G1 F930.4 X122.476 Y107.892 E0
G1 F918.3 X122.473 Y107.903 E0
G1 F910.3 X122.47 Y107.913 E0
G1 F898.7 X122.467 Y107.924 E0
G1 F887.4 X122.464 Y107.935 E0
G1 F872.7 X122.46 Y107.944 E0
G1 F858.5 X122.455 Y107.954 E0
G1 F844.8 X122.451 Y107.964 E0
G1 F828.2 X122.446 Y107.974 E0
G1 F815.4 X122.441 Y107.984 E0
G1 F803 X122.437 Y107.994 E0
G1 F788.1 X122.432 Y108.004 E0
G1 F776.5 X122.428 Y108.014 E0
G1 F765.2 X122.423 Y108.024 E0
G1 F754.3 X122.418 Y108.034 E0
G1 F741.1 X122.414 Y108.044 E0
G1 F730.8 X122.409 Y108.054 E0
G1 F720.8 X122.404 Y108.064 E0
G1 F708.7 X122.4 Y108.074 E0
G1 F699.3 X122.395 Y108.084 E0
G1 F690.2 X122.391 Y108.094 E0
G1 F692.5 X122.378 Y108.092 E0.00001
G1 F706.4 X122.367 Y108.092 E0
G1 F718.4 X122.356 Y108.091 E0
G1 F733.3 X122.345 Y108.09 E0
G1 F746.3 X122.334 Y108.089 E0
G1 F757 X122.325 Y108.088 E0
G1 F768 X122.315 Y108.086 E0
G1 F776.5 X122.305 Y108.084 E0
G1 F788.1 X122.295 Y108.083 E0
G1 F797 X122.285 Y108.081 E0
G1 F809.2 X122.275 Y108.079 E0
G1 F818.6 X122.266 Y108.077 E0
G1 F831.5 X122.256 Y108.076 E0
G1 F844.8 X122.246 Y108.074 E0
G1 F855.1 X122.236 Y108.072 E0
G1 F869.1 X122.226 Y108.071 E0
G1 F880 X122.216 Y108.069 E0
G1 F894.9 X122.206 Y108.067 E0
G1 F906.4 X122.185 Y108.061 E0.00001
G1 F922.3 X122.168 Y108.056 E0.00001
G1 F938.7 X122.151 Y108.051 E0
G1 F951.4 X122.133 Y108.045 E0.00001
G1 F964.4 X122.114 Y108.038 E0.00001
G1 F977.8 X122.095 Y108.031 E0.00001
G1 F986.9 X122.037 Y107.998 E0.00002
G1 X121.98 Y107.965 E0.00002
G1 X121.923 Y107.932 E0.00002
G1 X121.866 Y107.899 E0.00002
G1 X121.809 Y107.866 E0.00002
G1 X121.752 Y107.833 E0.00002
G1 X121.694 Y107.8 E0.00002
G1 X121.637 Y107.767 E0.00002
G1 X121.58 Y107.734 E0.00002
G1 X121.523 Y107.701 E0.00002
G1 X121.466 Y107.668 E0.00002
G1 X121.409 Y107.635 E0.00002
G1 X121.351 Y107.602 E0.00002
G1 X121.294 Y107.569 E0.00002
G1 X121.237 Y107.536 E0.00002
G1 X121.18 Y107.503 E0.00002
G1 X121.123 Y107.47 E0.00002
G1 X121.066 Y107.437 E0.00002
G1 X121.008 Y107.404 E0.00002
G1 X120.951 Y107.371 E0.00002
G1 X120.894 Y107.338 E0.00002
G1 X120.837 Y107.305 E0.00002
G1 X120.78 Y107.272 E0.00002
G1 X120.723 Y107.239 E0.00002
G1 X120.665 Y107.206 E0.00002
G1 X120.608 Y107.173 E0.00002
G1 X120.551 Y107.14 E0.00002
G1 X120.494 Y107.107 E0.00002
G1 X120.437 Y107.074 E0.00002
G1 X120.38 Y107.041 E0.00002
G1 X120.322 Y107.008 E0.00002
G1 X120.265 Y106.975 E0.00002
G1 X120.208 Y106.942 E0.00002
G1 X120.151 Y106.909 E0.00002
G1 X120.094 Y106.876 E0.00002
G1 X120.037 Y106.843 E0.00002
G1 X119.979 Y106.81 E0.00002
G1 X119.922 Y106.777 E0.00002
G1 X119.865 Y106.744 E0.00002
G1 X119.808 Y106.711 E0.00002
G1 X119.751 Y106.678 E0.00002
G1 X119.694 Y106.645 E0.00002
G1 X119.636 Y106.612 E0.00002
G1 X119.579 Y106.579 E0.00002
G1 X119.522 Y106.546 E0.00002
G1 X119.465 Y106.513 E0.00002
G1 X119.408 Y106.48 E0.00002
G1 X119.351 Y106.447 E0.00002
G1 X119.293 Y106.414 E0.00002
G1 X119.236 Y106.381 E0.00002
G1 X119.179 Y106.348 E0.00002
G1 X119.122 Y106.315 E0.00002
G1 X119.065 Y106.282 E0.00002
G1 X119.008 Y106.249 E0.00002
G1 X118.95 Y106.216 E0.00002
G1 X118.893 Y106.183 E0.00002
G1 F991.5 X118.836 Y106.15 E0.00002
G1 X118.779 Y106.117 E0.00002
G1 X118.722 Y106.084 E0.00002
G1 X118.665 Y106.051 E0.00002
G1 X118.607 Y106.018 E0.00002
G1 X118.55 Y105.985 E0.00002
G1 X118.493 Y105.952 E0.00002
G1 X118.436 Y105.919 E0.00002
G1 X118.379 Y105.886 E0.00002
G1 X118.322 Y105.853 E0.00002
G1 X118.264 Y105.82 E0.00002
G1 X118.207 Y105.788 E0.00002
G1 X118.15 Y105.755 E0.00002
G1 X118.093 Y105.722 E0.00002
G1 X118.036 Y105.689 E0.00002
G1 X117.979 Y105.656 E0.00002
G1 X117.921 Y105.623 E0.00002
G1 X117.864 Y105.59 E0.00002
G1 X117.807 Y105.557 E0.00002
G1 X117.75 Y105.524 E0.00002
G1 X117.693 Y105.491 E0.00002
G1 X117.636 Y105.458 E0.00002
G1 X117.578 Y105.425 E0.00002
G1 X117.521 Y105.392 E0.00002
G1 X117.464 Y105.359 E0.00002
G1 X117.407 Y105.326 E0.00002
G1 X117.35 Y105.293 E0.00002
G1 X117.293 Y105.26 E0.00002
G1 X117.235 Y105.227 E0.00002
G1 X117.178 Y105.194 E0.00002
G1 X117.121 Y105.161 E0.00002
G1 X117.064 Y105.128 E0.00002
G1 X117.007 Y105.095 E0.00002
G1 X116.95 Y105.062 E0.00002
G1 X116.892 Y105.029 E0.00002
G1 X116.835 Y104.996 E0.00002
G1 X116.778 Y104.963 E0.00002
G1 X116.721 Y104.93 E0.00002
G1 X116.664 Y104.897 E0.00002
G1 X116.607 Y104.864 E0.00002
G1 X116.55 Y104.831 E0.00002
G1 X116.492 Y104.798 E0.00002
G1 X116.435 Y104.765 E0.00002
G1 X116.378 Y104.732 E0.00002
G1 X116.321 Y104.699 E0.00002
G1 X116.264 Y104.666 E0.00002
G1 X116.207 Y104.633 E0.00002
G1 X116.149 Y104.6 E0.00002
G1 X116.092 Y104.567 E0.00002
G1 X116.035 Y104.534 E0.00002
G1 X115.978 Y104.501 E0.00002
G1 X115.921 Y104.468 E0.00002
G1 X115.864 Y104.435 E0.00002
G1 X115.806 Y104.402 E0.00002
G1 X115.749 Y104.369 E0.00002
G1 X115.692 Y104.336 E0.00002
G1 F996.2 X115.635 Y104.303 E0.00002
G1 X115.578 Y104.27 E0.00002
G1 X115.521 Y104.237 E0.00002
G1 X115.463 Y104.204 E0.00002
G1 X115.406 Y104.171 E0.00002
G1 X115.349 Y104.138 E0.00002
G1 X115.292 Y104.105 E0.00002
G1 X115.235 Y104.072 E0.00002
G1 X115.178 Y104.039 E0.00002
G1 X115.12 Y104.006 E0.00002
G1 X115.063 Y103.973 E0.00002
G1 X115.006 Y103.94 E0.00002
G1 X114.949 Y103.907 E0.00002
G1 X114.892 Y103.874 E0.00002
G1 X114.835 Y103.841 E0.00002
G1 X114.777 Y103.808 E0.00002
G1 X114.72 Y103.775 E0.00002
G1 X114.663 Y103.742 E0.00002
G1 X114.606 Y103.709 E0.00002
G1 X114.549 Y103.676 E0.00002
G1 X114.492 Y103.643 E0.00002
G1 X114.434 Y103.61 E0.00002
G1 X114.377 Y103.577 E0.00002
G1 X114.32 Y103.545 E0.00002
G1 X114.263 Y103.512 E0.00002
G1 X114.206 Y103.479 E0.00002
G1 X114.149 Y103.446 E0.00002
G1 X114.091 Y103.413 E0.00002
G1 X114.034 Y103.38 E0.00002
G1 X113.977 Y103.347 E0.00002
G1 X113.92 Y103.314 E0.00002
G1 X113.863 Y103.281 E0.00002
G1 X113.806 Y103.248 E0.00002
G1 X113.748 Y103.215 E0.00002
G1 X113.691 Y103.182 E0.00002
G1 X113.634 Y103.149 E0.00002
G1 X113.577 Y103.116 E0.00002
G1 X113.52 Y103.083 E0.00002
G1 X113.463 Y103.05 E0.00002
G1 X113.405 Y103.017 E0.00002
G1 X113.348 Y102.984 E0.00002
G1 X113.291 Y102.951 E0.00002
G1 X113.234 Y102.918 E0.00002
G1 X113.177 Y102.885 E0.00002
G1 X113.12 Y102.852 E0.00002
G1 X113.062 Y102.819 E0.00002
G1 X113.005 Y102.786 E0.00002
G1 X112.948 Y102.753 E0.00002
G1 X112.891 Y102.72 E0.00002
G1 X112.834 Y102.687 E0.00002
G1 X112.777 Y102.654 E0.00002
G1 X112.719 Y102.621 E0.00002
G1 X112.662 Y102.588 E0.00002
G1 X112.605 Y102.555 E0.00002
G1 X112.548 Y102.522 E0.00002
G1 X112.491 Y102.489 E0.00002
G1 F991.5 X112.415 Y102.443 E0.00002
G1 F982.3 X112.395 Y102.43 E0.00001
G1 F973.3 X112.375 Y102.416 E0.00001
G1 X112.393 Y102.428 E0.00001
G1 F982.3 X112.413 Y102.441 E0.00001
G1 F991.5 X112.433 Y102.455 E0.00001
G1 F996.2 X112.491 Y102.488 E0.00002
G1 X112.548 Y102.521 E0.00002
G1 X112.605 Y102.554 E0.00002
G1 X112.662 Y102.587 E0.00002
G1 X112.719 Y102.62 E0.00002
G1 X112.776 Y102.653 E0.00002
G1 X112.834 Y102.686 E0.00002
G1 X112.891 Y102.719 E0.00002
G1 X112.948 Y102.752 E0.00002
G1 X113.005 Y102.785 E0.00002
G1 X113.062 Y102.818 E0.00002
G1 X113.119 Y102.851 E0.00002
G1 X113.177 Y102.884 E0.00002
G1 X113.234 Y102.917 E0.00002
G1 X113.291 Y102.95 E0.00002
G1 X113.348 Y102.983 E0.00002
G1 X113.405 Y103.016 E0.00002
G1 X113.462 Y103.049 E0.00002
G1 X113.52 Y103.082 E0.00002
G1 X113.577 Y103.115 E0.00002
G1 X113.634 Y103.148 E0.00002
G1 X113.691 Y103.181 E0.00002
G1 X113.748 Y103.214 E0.00002
G1 X113.805 Y103.247 E0.00002
G1 X113.863 Y103.28 E0.00002
G1 X113.92 Y103.313 E0.00002
G1 X113.977 Y103.346 E0.00002
G1 X114.034 Y103.379 E0.00002
G1 X114.091 Y103.412 E0.00002
G1 X114.148 Y103.445 E0.00002
G1 X114.206 Y103.478 E0.00002
G1 X114.263 Y103.511 E0.00002
G1 X114.32 Y103.544 E0.00002
G1 X114.377 Y103.577 E0.00002
G1 X114.434 Y103.61 E0.00002
G1 X114.491 Y103.643 E0.00002
G1 X114.549 Y103.676 E0.00002
G1 X114.606 Y103.709 E0.00002
G1 X114.663 Y103.742 E0.00002
G1 X114.72 Y103.775 E0.00002
G1 X114.777 Y103.808 E0.00002
G1 X114.834 Y103.841 E0.00002
G1 X114.892 Y103.874 E0.00002
G1 X114.949 Y103.907 E0.00002
G1 X115.006 Y103.94 E0.00002
G1 X115.063 Y103.973 E0.00002
G1 X115.12 Y104.006 E0.00002
G1 X115.177 Y104.039 E0.00002
G1 X115.235 Y104.072 E0.00002
G1 X115.292 Y104.105 E0.00002
G1 X115.349 Y104.138 E0.00002
G1 X115.406 Y104.171 E0.00002
G1 X115.463 Y104.204 E0.00002
G1 X115.52 Y104.237 E0.00002
G1 X115.578 Y104.27 E0.00002
G1 X115.635 Y104.303 E0.00002
G1 F991.5 X115.692 Y104.336 E0.00002
G1 X115.749 Y104.369 E0.00002
G1 X115.806 Y104.402 E0.00002
G1 X115.863 Y104.435 E0.00002
G1 X115.921 Y104.468 E0.00002
G1 X115.978 Y104.501 E0.00002
G1 X116.035 Y104.534 E0.00002
G1 X116.092 Y104.567 E0.00002
G1 X116.149 Y104.6 E0.00002
G1 X116.206 Y104.633 E0.00002
G1 X116.264 Y104.666 E0.00002
G1 X116.321 Y104.698 E0.00002
G1 X116.378 Y104.731 E0.00002
G1 X116.435 Y104.764 E0.00002
G1 X116.492 Y104.797 E0.00002
G1 X116.549 Y104.83 E0.00002
G1 X116.607 Y104.863 E0.00002
G1 X116.664 Y104.896 E0.00002
G1 X116.721 Y104.929 E0.00002
G1 X116.778 Y104.962 E0.00002
G1 X116.835 Y104.995 E0.00002
G1 X116.892 Y105.028 E0.00002
G1 X116.95 Y105.061 E0.00002
G1 X117.007 Y105.094 E0.00002
G1 X117.064 Y105.127 E0.00002
G1 X117.121 Y105.16 E0.00002
G1 X117.178 Y105.193 E0.00002
G1 X117.235 Y105.226 E0.00002
G1 X117.293 Y105.259 E0.00002
G1 X117.35 Y105.292 E0.00002
G1 X117.407 Y105.325 E0.00002
G1 X117.464 Y105.358 E0.00002
G1 X117.521 Y105.391 E0.00002
G1 X117.578 Y105.424 E0.00002
G1 X117.636 Y105.457 E0.00002
G1 X117.693 Y105.49 E0.00002
G1 X117.75 Y105.523 E0.00002
G1 X117.807 Y105.556 E0.00002
G1 X117.864 Y105.589 E0.00002
G1 X117.921 Y105.622 E0.00002
G1 X117.978 Y105.655 E0.00002
G1 X118.036 Y105.688 E0.00002
G1 X118.093 Y105.721 E0.00002
G1 X118.15 Y105.754 E0.00002
G1 X118.207 Y105.787 E0.00002
G1 X118.264 Y105.82 E0.00002
G1 X118.321 Y105.853 E0.00002
G1 X118.379 Y105.886 E0.00002
G1 X118.436 Y105.919 E0.00002
G1 X118.493 Y105.952 E0.00002
G1 X118.55 Y105.985 E0.00002
G1 X118.607 Y106.018 E0.00002
G1 X118.664 Y106.051 E0.00002
G1 X118.722 Y106.084 E0.00002
G1 X118.779 Y106.117 E0.00002
G1 X118.836 Y106.15 E0.00002
G1 F986.9 X118.893 Y106.183 E0.00002
G1 X118.95 Y106.216 E0.00002
G1 X119.007 Y106.249 E0.00002
G1 X119.065 Y106.282 E0.00002
G1 X119.122 Y106.315 E0.00002
G1 X119.179 Y106.348 E0.00002
G1 X119.236 Y106.381 E0.00002
G1 X119.293 Y106.414 E0.00002
G1 X119.35 Y106.447 E0.00002
G1 X119.408 Y106.48 E0.00002
G1 X119.465 Y106.513 E0.00002
G1 X119.522 Y106.546 E0.00002
G1 X119.579 Y106.579 E0.00002
G1 X119.636 Y106.612 E0.00002
G1 X119.693 Y106.645 E0.00002
G1 X119.751 Y106.678 E0.00002
G1 X119.808 Y106.711 E0.00002
G1 X119.865 Y106.744 E0.00002
G1 X119.922 Y106.777 E0.00002
G1 X119.979 Y106.81 E0.00002
G1 X120.036 Y106.843 E0.00002
G1 X120.094 Y106.876 E0.00002
G1 X120.151 Y106.909 E0.00002
G1 X120.208 Y106.941 E0.00002
G1 X120.265 Y106.974 E0.00002
G1 X120.322 Y107.007 E0.00002
G1 X120.379 Y107.04 E0.00002
G1 X120.437 Y107.073 E0.00002
G1 X120.494 Y107.106 E0.00002
G1 X120.551 Y107.139 E0.00002
G1 X120.608 Y107.172 E0.00002
G1 X120.665 Y107.205 E0.00002
G1 X120.722 Y107.238 E0.00002
G1 X120.78 Y107.271 E0.00002
G1 X120.837 Y107.304 E0.00002
G1 X120.894 Y107.337 E0.00002
G1 X120.951 Y107.37 E0.00002
G1 X121.008 Y107.403 E0.00002
G1 X121.065 Y107.436 E0.00002
G1 X121.123 Y107.469 E0.00002
G1 X121.18 Y107.502 E0.00002
G1 X121.237 Y107.535 E0.00002
G1 X121.294 Y107.568 E0.00002
G1 X121.351 Y107.601 E0.00002
G1 X121.408 Y107.634 E0.00002
G1 X121.466 Y107.667 E0.00002
G1 X121.523 Y107.7 E0.00002
G1 X121.58 Y107.733 E0.00002
G1 X121.637 Y107.766 E0.00002
G1 X121.694 Y107.799 E0.00002
G1 X121.751 Y107.832 E0.00002
G1 X121.809 Y107.865 E0.00002
G1 X121.866 Y107.898 E0.00002
G1 X121.923 Y107.931 E0.00002
G1 X121.98 Y107.964 E0.00002
G1 X122.037 Y107.997 E0.00002
G1 F977.8 X122.112 Y108.036 E0.00002
G1 F964.4 X122.131 Y108.043 E0.00001
G1 F951.4 X122.15 Y108.05 E0.00001
G1 F938.7 X122.168 Y108.056 E0.00001
G1 F922.3 X122.185 Y108.061 E0.00001
G1 F906.4 X122.202 Y108.066 E0.00001
G0 F24000 X122.334 Y108.089
G0 X122.378 Y108.092
G0 X122.393 Y108.096
G0 X122.398 Y108.093
G1 F60 E-0.001
G1 F18000 Z2.8
G0 F24000 X108.977 Y104.308 Z2.8
G1 F18000 Z0.8
G1 F60 E0.001
G1 F918.3 X108.978 Y104.318 E0
G1 F926.3 X108.98 Y104.329 E0
G1 F930.4 X108.981 Y104.34 E0
G1 F938.7 X108.983 Y104.351 E0
G1 F947.1 X108.985 Y104.362 E0
G1 F951.4 X108.986 Y104.373 E0
G1 F960 X108.988 Y104.384 E0
G1 F964.4 X108.989 Y104.395 E0
G1 F973.3 X108.991 Y104.406 E0
G1 F982.3 X108.993 Y104.417 E0
G1 F986.9 X108.994 Y104.428 E0
G1 F996.2 X108.996 Y104.438 E0
G1 F1000.9 X108.996 Y104.535 E0.00003
G1 X108.996 Y104.634 E0.00003
G1 X108.996 Y104.733 E0.00003
G1 X108.996 Y104.832 E0.00003
G1 X108.996 Y104.931 E0.00003
G1 X108.996 Y105.03 E0.00003
G1 X108.996 Y105.129 E0.00003
G1 X108.996 Y105.228 E0.00003
G1 X108.996 Y105.327 E0.00003
G1 X108.996 Y105.426 E0.00003
G1 X108.996 Y105.525 E0.00003
G1 X108.996 Y105.624 E0.00003
G1 X108.996 Y105.723 E0.00003
G1 X108.996 Y105.822 E0.00003
G1 X108.996 Y105.921 E0.00003
G1 X108.996 Y106.02 E0.00003
G1 X108.996 Y106.119 E0.00003
G1 X108.996 Y106.218 E0.00003
G1 X108.996 Y106.317 E0.00003
G1 X108.996 Y106.416 E0.00003
G1 X108.996 Y106.515 E0.00003
G1 X108.996 Y106.614 E0.00003
G1 X108.996 Y106.713 E0.00003
G1 X108.996 Y106.812 E0.00003
G1 X108.996 Y106.911 E0.00003
G1 X108.996 Y107.01 E0.00003
G1 X108.996 Y107.109 E0.00003
G1 X108.996 Y107.208 E0.00003
G1 X108.996 Y107.307 E0.00003
G1 X108.996 Y107.406 E0.00003
G1 X108.996 Y107.505 E0.00003
G1 X108.996 Y107.604 E0.00003
G1 X108.996 Y107.703 E0.00003
G1 X108.996 Y107.802 E0.00003
G1 X108.996 Y107.901 E0.00003
G1 X108.996 Y108 E0.00003
G1 X108.996 Y108.099 E0.00003
G1 X108.996 Y108.198 E0.00003
G1 X108.996 Y108.297 E0.00003
G1 X108.996 Y108.396 E0.00003
G1 X108.996 Y108.495 E0.00003
G1 X108.996 Y108.594 E0.00003
G1 X108.996 Y108.693 E0.00003
G1 X108.996 Y108.792 E0.00003
G1 X108.996 Y108.891 E0.00003
G1 X108.996 Y108.99 E0.00003
G1 X108.996 Y109.089 E0.00003
G1 X108.996 Y109.188 E0.00003
G1 X108.996 Y109.287 E0.00003
G1 X108.996 Y109.386 E0.00003
G1 X108.996 Y109.485 E0.00003
G1 X108.996 Y109.584 E0.00003
G1 X108.996 Y109.683 E0.00003
G1 X108.996 Y109.782 E0.00003
G1 X108.996 Y109.881 E0.00003
G1 X108.996 Y109.98 E0.00003
G1 F1005.7 X108.997 Y110.079 E0.00003
G1 X108.997 Y110.178 E0.00003
G1 X108.997 Y110.277 E0.00003
G1 X108.997 Y110.376 E0.00003
G1 X108.997 Y110.475 E0.00003
G1 X108.997 Y110.574 E0.00003
G1 X108.997 Y110.673 E0.00003
G1 X108.997 Y110.772 E0.00003
G1 X108.997 Y110.871 E0.00003
G1 X108.997 Y110.97 E0.00003
G1 X108.997 Y111.069 E0.00003
G1 X108.997 Y111.168 E0.00003
G1 X108.997 Y111.267 E0.00003
G1 X108.997 Y111.366 E0.00003
G1 X108.997 Y111.465 E0.00003
G1 X108.997 Y111.564 E0.00003
G1 X108.997 Y111.663 E0.00003
G1 X108.997 Y111.762 E0.00003
G1 X108.997 Y111.861 E0.00003
G1 X108.997 Y111.96 E0.00003
G1 X108.997 Y112.059 E0.00003
G1 X108.997 Y112.158 E0.00003
G1 X108.997 Y112.257 E0.00003
G1 X108.997 Y112.356 E0.00003
G1 X108.997 Y112.455 E0.00003
G1 X108.997 Y112.554 E0.00003
G1 X108.997 Y112.653 E0.00003
G1 X108.997 Y112.752 E0.00003
G1 X108.997 Y112.851 E0.00003
G1 X108.997 Y112.95 E0.00003
G1 X108.997 Y113.049 E0.00003
G1 X108.997 Y113.148 E0.00003
G1 X108.997 Y113.247 E0.00003
G1 X108.997 Y113.346 E0.00003
G1 X108.997 Y113.445 E0.00003
G1 X108.997 Y113.544 E0.00003
G1 X108.997 Y113.643 E0.00003
G1 X108.997 Y113.742 E0.00003
G1 X108.997 Y113.841 E0.00003
G1 X108.997 Y113.94 E0.00003
G1 X108.997 Y114.039 E0.00003
G1 X108.997 Y114.138 E0.00003
G1 X108.997 Y114.237 E0.00003
G1 X108.997 Y114.336 E0.00003
G1 X108.997 Y114.435 E0.00003
G1 X108.997 Y114.534 E0.00003
G1 X108.997 Y114.633 E0.00003
G1 X108.997 Y114.732 E0.00003
G1 X108.997 Y114.831 E0.00003
G1 X108.997 Y114.93 E0.00003
G1 X108.997 Y115.029 E0.00003
G1 X108.997 Y115.128 E0.00003
G1 X108.997 Y115.227 E0.00003
G1 X108.997 Y115.326 E0.00003
G1 X108.997 Y115.425 E0.00003
G1 X108.997 Y115.524 E0.00003
G1 X108.997 Y115.596 E0.00002
G1 F996.2 X108.995 Y115.612 E0
G1 F982.3 X108.992 Y115.629 E0
G1 F973.3 X108.989 Y115.646 E0
G1 F951.4 X108.983 Y115.677 E0.00001
G1 F934.5 X108.98 Y115.686 E0
G1 F922.3 X108.977 Y115.695 E0
G1 F906.4 X108.974 Y115.705 E0
G1 F894.9 X108.97 Y115.714 E0
G1 F883.7 X108.967 Y115.724 E0
G1 F869.1 X108.964 Y115.733 E0
G1 F858.5 X108.961 Y115.743 E0
G1 F848.2 X108.957 Y115.752 E0
G1 F834.8 X108.954 Y115.762 E0
G1 F825 X108.951 Y115.771 E0
G1 F815.4 X108.947 Y115.781 E0
G1 F803 X108.944 Y115.79 E0
G1 F794 X108.941 Y115.8 E0
G1 F782.2 X108.936 Y115.809 E0
G1 F768 X108.931 Y115.818 E0
G1 F757 X108.927 Y115.827 E0
G1 F743.7 X108.922 Y115.836 E0
G1 F730.8 X108.918 Y115.845 E0
G1 F720.8 X108.913 Y115.854 E0
G1 F708.7 X108.909 Y115.863 E0
G1 F692.5 X108.896 Y115.881 E0.00001
G1 F687.9 X108.887 Y115.881 E0
G1 F697 X108.877 Y115.88 E0
G1 F706.4 X108.867 Y115.879 E0
G1 F715.9 X108.857 Y115.878 E0
G1 F725.8 X108.847 Y115.877 E0
G1 F735.9 X108.837 Y115.877 E0
G1 F748.9 X108.827 Y115.876 E0
G1 F759.7 X108.817 Y115.875 E0
G1 F770.8 X108.807 Y115.874 E0
G1 F782.2 X108.797 Y115.873 E0
G1 F794 X108.787 Y115.873 E0
G1 F809.2 X108.777 Y115.872 E0
G1 F821.8 X108.767 Y115.871 E0
G1 F834.8 X108.757 Y115.87 E0
G1 F848.2 X108.747 Y115.869 E0
G1 F862 X108.737 Y115.869 E0
G1 F876.3 X108.727 Y115.868 E0
G1 F891.1 X108.713 Y115.864 E0
G1 F902.6 X108.701 Y115.861 E0
G1 F914.3 X108.69 Y115.858 E0
G1 F926.3 X108.678 Y115.855 E0
G1 F938.7 X108.667 Y115.852 E0
G1 F951.4 X108.654 Y115.847 E0
G1 F960 X108.64 Y115.842 E0
G1 F973.3 X108.626 Y115.837 E0
G1 F986.9 X108.612 Y115.832 E0
G1 F996.2 X108.598 Y115.827 E0
G1 F1005.7 X108.424 Y115.727 E0.00005
G1 X108.252 Y115.627 E0.00005
G1 X108.079 Y115.528 E0.00005
G1 X107.907 Y115.428 E0.00005
G1 X107.735 Y115.329 E0.00005
G1 X107.562 Y115.229 E0.00005
G1 X107.39 Y115.13 E0.00005
G1 X107.218 Y115.03 E0.00005
G1 X107.045 Y114.931 E0.00005
G1 X106.873 Y114.831 E0.00005
G1 X106.701 Y114.732 E0.00005
G1 X106.528 Y114.632 E0.00005
G1 X106.356 Y114.533 E0.00005
G1 X106.184 Y114.433 E0.00005
G1 X106.011 Y114.334 E0.00005
G1 X105.839 Y114.234 E0.00005
G1 X105.667 Y114.135 E0.00005
G1 X105.494 Y114.035 E0.00005
G1 X105.322 Y113.936 E0.00005
G1 X105.15 Y113.836 E0.00005
G1 X104.977 Y113.737 E0.00005
G1 X104.805 Y113.637 E0.00005
G1 X104.633 Y113.538 E0.00005
G1 X104.46 Y113.438 E0.00005
G1 X104.288 Y113.339 E0.00005
G1 X104.116 Y113.239 E0.00005
G1 X103.943 Y113.14 E0.00005
G1 X103.771 Y113.04 E0.00005
G1 X103.599 Y112.941 E0.00005
G1 X103.426 Y112.841 E0.00005
G1 X103.254 Y112.742 E0.00005
G1 X103.082 Y112.642 E0.00005
G1 X102.909 Y112.543 E0.00005
G1 X102.737 Y112.443 E0.00005
G1 X102.565 Y112.344 E0.00005
G1 X102.392 Y112.244 E0.00005
G1 X102.22 Y112.145 E0.00005
G1 X102.048 Y112.045 E0.00005
G1 X101.875 Y111.946 E0.00005
G1 X101.703 Y111.846 E0.00005
G1 X101.531 Y111.747 E0.00005
G1 X101.358 Y111.647 E0.00005
G1 X101.186 Y111.548 E0.00005
G1 X101.014 Y111.448 E0.00005
G1 X100.841 Y111.349 E0.00005
G1 X100.669 Y111.249 E0.00005
G1 X100.497 Y111.15 E0.00005
G1 X100.324 Y111.05 E0.00005
G1 X100.152 Y110.951 E0.00005
G1 X99.98 Y110.851 E0.00005
G1 X99.807 Y110.752 E0.00005
G1 X99.635 Y110.652 E0.00005
G1 X99.463 Y110.553 E0.00005
G1 X99.29 Y110.453 E0.00005
G1 X99.118 Y110.354 E0.00005
G1 X98.946 Y110.254 E0.00005
G1 F1000.9 X98.92 Y110.237 E0.00001
G1 F991.5 X98.9 Y110.223 E0.00001
G1 F982.3 X98.88 Y110.209 E0.00001
G1 F973.3 X98.866 Y110.197 E0
G1 F955.7 X98.851 Y110.185 E0.00001
G1 F942.9 X98.844 Y110.178 E0
G1 F930.4 X98.836 Y110.17 E0
G1 F918.3 X98.829 Y110.162 E0
G1 F906.4 X98.821 Y110.154 E0
G1 F894.9 X98.813 Y110.146 E0
G1 F883.7 X98.806 Y110.138 E0
G1 F872.7 X98.798 Y110.13 E0
G1 F862 X98.79 Y110.122 E0
G1 F851.6 X98.783 Y110.114 E0
G1 F841.4 X98.775 Y110.106 E0
G1 F828.2 X98.769 Y110.098 E0
G1 F812.3 X98.762 Y110.088 E0
G1 F800 X98.754 Y110.079 E0
G1 F785.1 X98.747 Y110.069 E0
G1 F770.8 X98.741 Y110.06 E0
G1 F759.7 X98.735 Y110.052 E0
G1 F746.3 X98.73 Y110.044 E0
G1 F735.9 X98.724 Y110.035 E0
G1 F723.3 X98.719 Y110.027 E0
G1 F713.5 X98.713 Y110.019 E0
G1 F701.7 X98.708 Y110.01 E0
G1 F692.5 X98.702 Y110.002 E0
G1 X98.705 Y109.991 E0
G1 F701.7 X98.711 Y109.983 E0
G1 F713.5 X98.716 Y109.975 E0
G1 F723.3 X98.722 Y109.966 E0
G1 F735.9 X98.727 Y109.958 E0
G1 F748.9 X98.733 Y109.95 E0
G1 F759.7 X98.738 Y109.942 E0
G1 F773.6 X98.744 Y109.933 E0
G1 F785.1 X98.749 Y109.925 E0
G1 F791 X98.751 Y109.923 E0
G1 F800 X98.76 Y109.911 E0
G1 F818.6 X98.77 Y109.898 E0.00001
G1 F831.5 X98.776 Y109.891 E0
G1 F841.4 X98.783 Y109.883 E0
G1 F851.6 X98.789 Y109.876 E0
G1 F865.6 X98.796 Y109.868 E0
G1 F876.3 X98.802 Y109.861 E0
G1 F887.4 X98.809 Y109.853 E0
G1 F898.7 X98.819 Y109.843 E0
G1 F914.3 X98.829 Y109.833 E0
G1 F930.4 X98.839 Y109.823 E0
G1 F947.1 X98.848 Y109.815 E0
G1 F955.7 X98.858 Y109.807 E0
G1 F964.4 X98.868 Y109.798 E0
G1 F977.8 X98.878 Y109.79 E0
G1 F986.9 X98.888 Y109.781 E0
G1 F996.2 X98.898 Y109.773 E0
G1 F1005.7 X99.072 Y109.672 E0.00005
G1 X99.244 Y109.572 E0.00005
G1 X99.416 Y109.473 E0.00005
G1 X99.589 Y109.373 E0.00005
G1 X99.761 Y109.274 E0.00005
G1 X99.933 Y109.174 E0.00005
G1 X100.106 Y109.075 E0.00005
G1 X100.278 Y108.975 E0.00005
G1 X100.45 Y108.876 E0.00005
G1 X100.623 Y108.776 E0.00005
G1 X100.795 Y108.677 E0.00005
G1 X100.967 Y108.577 E0.00005
G1 X101.14 Y108.478 E0.00005
G1 X101.312 Y108.378 E0.00005
G1 X101.484 Y108.279 E0.00005
G1 X101.657 Y108.179 E0.00005
G1 X101.829 Y108.08 E0.00005
G1 X102.001 Y107.98 E0.00005
G1 X102.174 Y107.88 E0.00005
G1 X102.346 Y107.781 E0.00005
G1 X102.518 Y107.681 E0.00005
G1 X102.691 Y107.582 E0.00005
G1 X102.863 Y107.482 E0.00005
G1 X103.035 Y107.383 E0.00005
G1 X103.208 Y107.283 E0.00005
G1 X103.38 Y107.184 E0.00005
G1 X103.552 Y107.084 E0.00005
G1 X103.725 Y106.985 E0.00005
G1 X103.897 Y106.885 E0.00005
G1 X104.069 Y106.786 E0.00005
G1 X104.241 Y106.686 E0.00005
G1 X104.414 Y106.587 E0.00005
G1 X104.586 Y106.487 E0.00005
G1 X104.758 Y106.388 E0.00005
G1 X104.931 Y106.288 E0.00005
G1 X105.103 Y106.189 E0.00005
G1 X105.275 Y106.089 E0.00005
G1 X105.448 Y105.989 E0.00005
G1 X105.62 Y105.89 E0.00005
G1 X105.792 Y105.79 E0.00005
G1 X105.965 Y105.691 E0.00005
G1 X106.137 Y105.591 E0.00005
G1 X106.309 Y105.492 E0.00005
G1 X106.482 Y105.392 E0.00005
G1 X106.654 Y105.293 E0.00005
G1 X106.826 Y105.193 E0.00005
G1 X106.999 Y105.094 E0.00005
G1 X107.171 Y104.994 E0.00005
G1 X107.343 Y104.895 E0.00005
G1 X107.516 Y104.795 E0.00005
G1 X107.688 Y104.696 E0.00005
G1 X107.86 Y104.596 E0.00005
G1 X108.033 Y104.497 E0.00005
G1 X108.205 Y104.397 E0.00005
G1 X108.377 Y104.298 E0.00005
G1 X108.55 Y104.198 E0.00005
G1 X108.573 Y104.186 E0.00001
G1 F996.2 X108.583 Y104.182 E0
G1 F991.5 X108.593 Y104.178 E0
G1 F982.3 X108.603 Y104.174 E0
G1 F977.8 X108.614 Y104.17 E0
G1 F968.8 X108.624 Y104.166 E0
G1 F964.4 X108.634 Y104.162 E0
G1 F955.7 X108.644 Y104.158 E0
G1 F951.4 X108.654 Y104.154 E0
G1 F942.9 X108.665 Y104.15 E0
G1 F938.7 X108.675 Y104.146 E0
G1 F930.4 X108.685 Y104.142 E0
G1 F922.3 X108.69 Y104.142 E0
G1 F910.3 X108.701 Y104.139 E0
G1 F898.7 X108.712 Y104.137 E0
G1 F883.7 X108.722 Y104.134 E0
G1 F872.7 X108.733 Y104.132 E0
G1 F862 X108.744 Y104.129 E0
G1 F851.6 X108.755 Y104.127 E0
G1 F838.1 X108.766 Y104.125 E0
G1 F825 X108.776 Y104.124 E0
G1 F812.3 X108.786 Y104.123 E0
G1 F800 X108.796 Y104.122 E0
G1 F788.1 X108.806 Y104.121 E0
G1 F776.5 X108.816 Y104.12 E0
G1 F765.2 X108.826 Y104.119 E0
G1 F751.6 X108.836 Y104.118 E0
G1 F741.1 X108.846 Y104.116 E0
G1 F730.8 X108.856 Y104.115 E0
G1 F720.8 X108.866 Y104.114 E0
G1 F711.1 X108.876 Y104.113 E0
G1 F701.7 X108.886 Y104.112 E0
G1 F692.5 X108.896 Y104.111 E0
G1 X108.904 Y104.12 E0
G1 F701.7 X108.908 Y104.13 E0
G1 F711.1 X108.913 Y104.14 E0
G1 F720.8 X108.917 Y104.15 E0
G1 F733.3 X108.922 Y104.16 E0
G1 F743.7 X108.926 Y104.17 E0
G1 F754.3 X108.93 Y104.18 E0
G1 F765.2 X108.935 Y104.19 E0
G1 F776.5 X108.939 Y104.201 E0
G1 F791 X108.944 Y104.211 E0
G1 F803 X108.948 Y104.221 E0
G1 F815.4 X108.952 Y104.231 E0
G1 F828.2 X108.957 Y104.241 E0
G1 F841.4 X108.958 Y104.246 E0
G1 F851.6 X108.961 Y104.257 E0
G1 F862 X108.964 Y104.267 E0
G1 F872.7 X108.967 Y104.278 E0
G1 F887.4 X108.971 Y104.288 E0
G1 F898.7 X108.974 Y104.299 E0
G1 F910.3 X108.977 Y104.309 E0
G0 F24000 X108.996 Y104.436
G0 X108.996 Y104.507
G1 F60 E-0.001
G1 F18000 Z2.8
G0 F24000 X98.851 Y110.185 Z2.8
G1 F18000 Z0.8
G1 F60 E0.001
G1 F955.7 X98.865 Y110.197 E0.00001
G1 F973.3 X98.88 Y110.209 E0.00001
G1 F982.3 X98.899 Y110.222 E0.00001
G1 F991.5 X98.919 Y110.236 E0.00001
G1 F1000.9 X98.939 Y110.25 E0.00001
G1 F1005.7 X99.111 Y110.349 E0.00005
G1 X99.283 Y110.449 E0.00005
G1 X99.456 Y110.548 E0.00005
G1 X99.628 Y110.648 E0.00005
G1 X99.8 Y110.747 E0.00005
G1 X99.973 Y110.847 E0.00005
G1 X100.145 Y110.946 E0.00005
G1 X100.317 Y111.046 E0.00005
G1 X100.49 Y111.145 E0.00005
G1 X100.662 Y111.245 E0.00005
G1 X100.834 Y111.344 E0.00005
G1 X101.007 Y111.444 E0.00005
G1 X101.179 Y111.543 E0.00005
G1 X101.351 Y111.643 E0.00005
G1 X101.524 Y111.742 E0.00005
G1 X101.696 Y111.842 E0.00005
G1 X101.868 Y111.941 E0.00005
G1 X102.041 Y112.041 E0.00005
G1 X102.213 Y112.14 E0.00005
G1 X102.385 Y112.24 E0.00005
G1 X102.558 Y112.339 E0.00005
G1 X102.73 Y112.439 E0.00005
G1 X102.902 Y112.538 E0.00005
G1 X103.075 Y112.638 E0.00005
G1 X103.247 Y112.737 E0.00005
G1 X103.419 Y112.837 E0.00005
G1 X103.592 Y112.936 E0.00005
G1 X103.764 Y113.036 E0.00005
G1 X103.936 Y113.135 E0.00005
G1 X104.109 Y113.235 E0.00005
G1 X104.281 Y113.334 E0.00005
G1 X104.453 Y113.434 E0.00005
G1 X104.626 Y113.533 E0.00005
G1 X104.798 Y113.633 E0.00005
G1 X104.97 Y113.732 E0.00005
G1 X105.143 Y113.832 E0.00005
G1 X105.315 Y113.931 E0.00005
G1 X105.487 Y114.031 E0.00005
G1 X105.66 Y114.13 E0.00005
G1 X105.832 Y114.23 E0.00005
G1 X106.004 Y114.329 E0.00005
G1 X106.177 Y114.429 E0.00005
G1 X106.349 Y114.528 E0.00005
G1 X106.521 Y114.628 E0.00005
G1 X106.694 Y114.727 E0.00005
G1 X106.866 Y114.827 E0.00005
G1 X107.038 Y114.926 E0.00005
G1 X107.211 Y115.026 E0.00005
G1 X107.383 Y115.125 E0.00005
G1 X107.555 Y115.225 E0.00005
G1 X107.728 Y115.324 E0.00005
G1 X107.9 Y115.424 E0.00005
G1 X108.072 Y115.523 E0.00005
G1 X108.245 Y115.623 E0.00005
G1 X108.417 Y115.722 E0.00005
G1 X108.589 Y115.822 E0.00005
G1 F996.2 X108.61 Y115.831 E0.00001
G1 F986.9 X108.624 Y115.836 E0
G1 F973.3 X108.638 Y115.841 E0
G1 F960 X108.652 Y115.846 E0
G1 F951.4 X108.666 Y115.851 E0
G1 F938.7 X108.679 Y115.855 E0
G1 F926.3 X108.691 Y115.858 E0
G1 F914.3 X108.702 Y115.861 E0
G1 F902.6 X108.714 Y115.864 E0
G1 F891.1 X108.725 Y115.867 E0
G1 F876.3 X108.733 Y115.868 E0
G1 F862 X108.743 Y115.869 E0
G1 F848.2 X108.753 Y115.87 E0
G1 F834.8 X108.763 Y115.872 E0
G1 F821.8 X108.773 Y115.873 E0
G1 F809.2 X108.783 Y115.874 E0
G1 F794 X108.793 Y115.875 E0
G1 F782.2 X108.803 Y115.877 E0
G1 F770.8 X108.813 Y115.878 E0
G1 F759.7 X108.823 Y115.879 E0
G1 F748.9 X108.833 Y115.88 E0
G1 F735.9 X108.843 Y115.882 E0
G1 F725.8 X108.853 Y115.883 E0
G1 F715.9 X108.863 Y115.884 E0
G1 F706.4 X108.873 Y115.886 E0
G1 F697 X108.883 Y115.887 E0
G1 F687.9 X108.893 Y115.888 E0
G1 F681.3 X108.903 Y115.885 E0
G1 F692.5 X108.907 Y115.866 E0.00001
G1 F708.7 X108.911 Y115.858 E0
G1 F720.8 X108.916 Y115.849 E0
G1 F730.8 X108.92 Y115.84 E0
G1 F743.7 X108.925 Y115.831 E0
G1 F757 X108.929 Y115.822 E0
G1 F768 X108.934 Y115.813 E0
G1 F782.2 X108.938 Y115.804 E0
G1 F794 X108.943 Y115.792 E0
G1 F803 X108.946 Y115.783 E0
G1 F815.4 X108.949 Y115.773 E0
G1 F825 X108.953 Y115.764 E0
G1 F834.8 X108.956 Y115.754 E0
G1 F848.2 X108.959 Y115.745 E0
G1 F858.5 X108.962 Y115.735 E0
G1 F869.1 X108.966 Y115.726 E0
G1 F883.7 X108.969 Y115.716 E0
G1 F894.9 X108.972 Y115.707 E0
G1 F906.4 X108.976 Y115.697 E0
G1 F922.3 X108.979 Y115.688 E0
G1 F934.5 X108.982 Y115.678 E0
G1 F951.4 X108.989 Y115.646 E0.00001
G1 F973.3 X108.991 Y115.63 E0
G1 F982.3 X108.994 Y115.613 E0
G1 F996.2 X108.997 Y115.596 E0
G1 F1005.7 X108.998 Y115.56 E0.00001
G1 X108.998 Y115.461 E0.00003
G1 X108.998 Y115.362 E0.00003
G1 X108.998 Y115.263 E0.00003
G1 X108.998 Y115.164 E0.00003
G1 X108.998 Y115.065 E0.00003
G1 X108.998 Y114.966 E0.00003
G1 X108.998 Y114.867 E0.00003
G1 X108.998 Y114.768 E0.00003
G1 X108.998 Y114.669 E0.00003
G1 X108.998 Y114.57 E0.00003
G1 X108.998 Y114.471 E0.00003
G1 X108.998 Y114.372 E0.00003
G1 X108.998 Y114.273 E0.00003
G1 X108.998 Y114.174 E0.00003
G1 X108.998 Y114.075 E0.00003
G1 X108.998 Y113.976 E0.00003
G1 X108.998 Y113.877 E0.00003
G1 X108.998 Y113.778 E0.00003
G1 X108.998 Y113.679 E0.00003
G1 X108.998 Y113.58 E0.00003
G1 X108.998 Y113.481 E0.00003
G1 X108.998 Y113.382 E0.00003
G1 X108.998 Y113.283 E0.00003
G1 X108.998 Y113.184 E0.00003
G1 X108.998 Y113.085 E0.00003
G1 X108.998 Y112.986 E0.00003
G1 X108.998 Y112.887 E0.00003
G1 X108.998 Y112.788 E0.00003
G1 X108.998 Y112.689 E0.00003
G1 X108.998 Y112.59 E0.00003
G1 X108.998 Y112.491 E0.00003
G1 X108.998 Y112.392 E0.00003
G1 X108.998 Y112.293 E0.00003
G1 X108.998 Y112.194 E0.00003
G1 X108.998 Y112.095 E0.00003
G1 X108.998 Y111.996 E0.00003
G1 X108.998 Y111.897 E0.00003
G1 X108.998 Y111.798 E0.00003
G1 X108.998 Y111.699 E0.00003
G1 X108.998 Y111.6 E0.00003
G1 X108.998 Y111.501 E0.00003
G1 X108.998 Y111.402 E0.00003
G1 X108.998 Y111.303 E0.00003
G1 X108.998 Y111.204 E0.00003
G1 X108.998 Y111.105 E0.00003
G1 X108.998 Y111.006 E0.00003
G1 X108.998 Y110.907 E0.00003
G1 X108.998 Y110.808 E0.00003
G1 X108.998 Y110.709 E0.00003
G1 X108.998 Y110.61 E0.00003
G1 X108.998 Y110.511 E0.00003
G1 X108.998 Y110.412 E0.00003
G1 X108.998 Y110.313 E0.00003
G1 X108.998 Y110.214 E0.00003
G1 X108.998 Y110.115 E0.00003
G1 X108.998 Y110.016 E0.00003
G1 F1000.9 X108.997 Y109.917 E0.00003
G1 X108.997 Y109.818 E0.00003
G1 X108.997 Y109.719 E0.00003
G1 X108.997 Y109.62 E0.00003
G1 X108.997 Y109.521 E0.00003
G1 X108.997 Y109.422 E0.00003
G1 X108.997 Y109.323 E0.00003
G1 X108.997 Y109.224 E0.00003
G1 X108.997 Y109.125 E0.00003
G1 X108.997 Y109.026 E0.00003
G1 X108.997 Y108.927 E0.00003
G1 X108.997 Y108.828 E0.00003
G1 X108.997 Y108.729 E0.00003
G1 X108.997 Y108.63 E0.00003
G1 X108.997 Y108.531 E0.00003
G1 X108.997 Y108.432 E0.00003
G1 X108.997 Y108.333 E0.00003
G1 X108.997 Y108.234 E0.00003
G1 X108.997 Y108.135 E0.00003
G1 X108.997 Y108.036 E0.00003
G1 X108.997 Y107.937 E0.00003
G1 X108.997 Y107.838 E0.00003
G1 X108.997 Y107.739 E0.00003
G1 X108.997 Y107.64 E0.00003
G1 X108.997 Y107.541 E0.00003
G1 X108.997 Y107.442 E0.00003
G1 X108.997 Y107.343 E0.00003
G1 X108.997 Y107.244 E0.00003
G1 X108.997 Y107.145 E0.00003
G1 X108.997 Y107.046 E0.00003
G1 X108.997 Y106.947 E0.00003
G1 X108.997 Y106.848 E0.00003
G1 X108.997 Y106.749 E0.00003
G1 X108.997 Y106.65 E0.00003
G1 X108.997 Y106.551 E0.00003
G1 X108.997 Y106.452 E0.00003
G1 X108.997 Y106.353 E0.00003
G1 X108.997 Y106.254 E0.00003
G1 X108.997 Y106.155 E0.00003
G1 X108.997 Y106.056 E0.00003
G1 X108.997 Y105.957 E0.00003
G1 X108.997 Y105.858 E0.00003
G1 X108.997 Y105.759 E0.00003
G1 X108.997 Y105.66 E0.00003
G1 X108.997 Y105.561 E0.00003
G1 X108.997 Y105.462 E0.00003
G1 X108.997 Y105.363 E0.00003
G1 X108.997 Y105.264 E0.00003
G1 X108.997 Y105.165 E0.00003
G1 X108.997 Y105.066 E0.00003
G1 X108.997 Y104.967 E0.00003
G1 X108.997 Y104.868 E0.00003
G1 X108.997 Y104.769 E0.00003
G1 X108.997 Y104.67 E0.00003
G1 X108.997 Y104.571 E0.00003
G1 X108.997 Y104.472 E0.00003
G1 F996.2 X108.995 Y104.426 E0.00001
G1 F986.9 X108.993 Y104.415 E0
G1 F982.3 X108.992 Y104.404 E0
G1 F973.3 X108.99 Y104.393 E0
G1 F964.4 X108.988 Y104.382 E0
G1 F960 X108.987 Y104.371 E0
G1 F951.4 X108.985 Y104.36 E0
G1 F947.1 X108.984 Y104.349 E0
G1 F938.7 X108.982 Y104.338 E0
G1 F930.4 X108.98 Y104.327 E0
G1 F926.3 X108.979 Y104.316 E0
G1 F918.3 X108.977 Y104.306 E0
G1 F910.3 X108.974 Y104.298 E0
G1 F898.7 X108.971 Y104.287 E0
G1 F887.4 X108.968 Y104.277 E0
G1 F872.7 X108.965 Y104.266 E0
G1 F862 X108.961 Y104.256 E0
G1 F851.6 X108.958 Y104.245 E0
G1 F841.4 X108.955 Y104.235 E0
G1 F828.2 X108.951 Y104.226 E0
G1 F815.4 X108.947 Y104.216 E0
G1 F803 X108.942 Y104.206 E0
G1 F791 X108.938 Y104.196 E0
G1 F776.5 X108.933 Y104.186 E0
G1 F765.2 X108.929 Y104.176 E0
G1 F754.3 X108.925 Y104.166 E0
G1 F743.7 X108.92 Y104.156 E0
G1 F733.3 X108.916 Y104.145 E0
G1 F720.8 X108.911 Y104.135 E0
G1 F711.1 X108.907 Y104.125 E0
G1 F701.7 X108.903 Y104.115 E0
G1 F692.5 X108.898 Y104.105 E0
G1 X108.891 Y104.111 E0
G1 F701.7 X108.881 Y104.112 E0
G1 F711.1 X108.871 Y104.113 E0
G1 F720.8 X108.861 Y104.114 E0
G1 F730.8 X108.851 Y104.115 E0
G1 F741.1 X108.841 Y104.116 E0
G1 F751.6 X108.831 Y104.117 E0
G1 F765.2 X108.821 Y104.118 E0
G1 F776.5 X108.811 Y104.12 E0
G1 F788.1 X108.801 Y104.121 E0
G1 F800 X108.791 Y104.122 E0
G1 F812.3 X108.781 Y104.123 E0
G1 F825 X108.771 Y104.124 E0
G1 F838.1 X108.761 Y104.125 E0
G1 F844.8 X108.757 Y104.126 E0
G1 F851.6 X108.747 Y104.128 E0
G1 F862 X108.736 Y104.131 E0
G1 F872.7 X108.725 Y104.133 E0
G1 F883.7 X108.715 Y104.136 E0
G1 F898.7 X108.704 Y104.138 E0
G1 F910.3 X108.693 Y104.141 E0
G1 F922.3 X108.682 Y104.143 E0
G1 F930.4 X108.67 Y104.148 E0
G1 F938.7 X108.66 Y104.152 E0
G1 F942.9 X108.65 Y104.156 E0
G1 F951.4 X108.64 Y104.16 E0
G1 F955.7 X108.629 Y104.164 E0
G1 F964.4 X108.619 Y104.168 E0
G1 F968.8 X108.609 Y104.172 E0
G1 F977.8 X108.599 Y104.176 E0
G1 F982.3 X108.589 Y104.18 E0
G1 F991.5 X108.578 Y104.184 E0
G1 F996.2 X108.568 Y104.188 E0
G1 F1005.7 X108.558 Y104.192 E0
G1 X108.391 Y104.289 E0.00005
G1 X108.219 Y104.389 E0.00005
G1 X108.047 Y104.488 E0.00005
G1 X107.874 Y104.588 E0.00005
G1 X107.702 Y104.687 E0.00005
G1 X107.53 Y104.787 E0.00005
G1 X107.357 Y104.886 E0.00005
G1 X107.185 Y104.986 E0.00005
G1 X107.013 Y105.085 E0.00005
G1 X106.84 Y105.185 E0.00005
G1 X106.668 Y105.284 E0.00005
G1 X106.496 Y105.384 E0.00005
G1 X106.323 Y105.483 E0.00005
G1 X106.151 Y105.583 E0.00005
G1 X105.979 Y105.682 E0.00005
G1 X105.806 Y105.782 E0.00005
G1 X105.634 Y105.881 E0.00005
G1 X105.462 Y105.981 E0.00005
G1 X105.289 Y106.081 E0.00005
G1 X105.117 Y106.18 E0.00005
G1 X104.945 Y106.28 E0.00005
G1 X104.772 Y106.379 E0.00005
G1 X104.6 Y106.479 E0.00005
G1 X104.428 Y106.578 E0.00005
G1 X104.255 Y106.678 E0.00005
G1 X104.083 Y106.777 E0.00005
G1 X103.911 Y106.877 E0.00005
G1 X103.738 Y106.976 E0.00005
G1 X103.566 Y107.076 E0.00005
G1 X103.394 Y107.175 E0.00005
G1 X103.222 Y107.275 E0.00005
G1 X103.049 Y107.374 E0.00005
G1 X102.877 Y107.474 E0.00005
G1 X102.705 Y107.573 E0.00005
G1 X102.532 Y107.673 E0.00005
G1 X102.36 Y107.772 E0.00005
G1 X102.188 Y107.872 E0.00005
G1 X102.015 Y107.972 E0.00005
G1 X101.843 Y108.071 E0.00005
G1 X101.671 Y108.171 E0.00005
G1 X101.498 Y108.27 E0.00005
G1 X101.326 Y108.37 E0.00005
G1 X101.154 Y108.469 E0.00005
G1 X100.981 Y108.569 E0.00005
G1 X100.809 Y108.668 E0.00005
G1 X100.637 Y108.768 E0.00005
G1 X100.464 Y108.867 E0.00005
G1 X100.292 Y108.967 E0.00005
G1 X100.12 Y109.066 E0.00005
G1 X99.947 Y109.166 E0.00005
G1 X99.775 Y109.265 E0.00005
G1 X99.603 Y109.365 E0.00005
G1 X99.43 Y109.464 E0.00005
G1 X99.258 Y109.564 E0.00005
G1 X99.086 Y109.663 E0.00005
G1 X98.913 Y109.763 E0.00005
G1 F996.2 X98.891 Y109.779 E0.00001
G1 F986.9 X98.881 Y109.787 E0
G1 F977.8 X98.871 Y109.796 E0
G1 F964.4 X98.861 Y109.804 E0
G1 F955.7 X98.851 Y109.813 E0
G1 F947.1 X98.841 Y109.821 E0
G1 F930.4 X98.829 Y109.833 E0
G1 F914.3 X98.819 Y109.843 E0
G1 F898.7 X98.809 Y109.853 E0
G1 F887.4 X98.803 Y109.86 E0
G1 F876.3 X98.796 Y109.868 E0
G1 F865.6 X98.79 Y109.875 E0
G1 F851.6 X98.783 Y109.883 E0
G1 F841.4 X98.777 Y109.89 E0
G1 F831.5 X98.77 Y109.898 E0
G1 F818.6 X98.761 Y109.91 E0
G1 F800 X98.751 Y109.923 E0.00001
G1 F785.1 X98.746 Y109.931 E0
G1 F773.6 X98.74 Y109.939 E0
G1 F759.7 X98.735 Y109.947 E0
G1 F748.9 X98.729 Y109.956 E0
G1 F735.9 X98.724 Y109.964 E0
G1 F723.3 X98.718 Y109.972 E0
G1 F713.5 X98.713 Y109.98 E0
G1 F701.7 X98.707 Y109.989 E0
G1 F692.5 X98.702 Y109.997 E0
G1 X98.705 Y110.007 E0
G1 F701.7 X98.711 Y110.015 E0
G1 F713.5 X98.716 Y110.023 E0
G1 F723.3 X98.722 Y110.032 E0
G1 F735.9 X98.727 Y110.04 E0
G1 F746.3 X98.733 Y110.048 E0
G1 F759.7 X98.738 Y110.057 E0
G1 F770.8 X98.744 Y110.065 E0
G1 F785.1 X98.753 Y110.077 E0.00001
G1 F800 X98.76 Y110.087 E0
G1 F812.3 X98.768 Y110.096 E0
G1 F828.2 X98.775 Y110.106 E0
G1 F841.4 X98.783 Y110.114 E0
G1 F851.6 X98.791 Y110.122 E0
G1 F862 X98.798 Y110.13 E0
G1 F872.7 X98.806 Y110.138 E0
G1 F883.7 X98.814 Y110.146 E0
G1 F894.9 X98.821 Y110.154 E0
G1 F906.4 X98.829 Y110.162 E0
G1 F918.3 X98.837 Y110.17 E0
G1 F930.4 X98.844 Y110.178 E0
G1 F942.9 X98.852 Y110.186 E0
G0 F24000 X98.88 Y110.209
G0 X98.939 Y110.25
G0 X99.016 Y110.295
G1 F60 E-0.001
G1 F18000 Z2.8
G0 F24000 X107.619 Y102.417 Z2.8
G1 F18000 Z0.8
G1 F60 E0.001
G1 F986.9 X107.596 Y102.434 E0.00001
G1 F1000.9 X107.565 Y102.454 E0.00001
G1 F1010.5 X107.393 Y102.553 E0.00005
G1 X107.221 Y102.653 E0.00005
G1 X107.048 Y102.752 E0.00005
G1 X106.876 Y102.852 E0.00005
G1 X106.704 Y102.951 E0.00005
G1 X106.531 Y103.051 E0.00005
G1 X106.359 Y103.15 E0.00005
G1 X106.187 Y103.25 E0.00005
G1 X106.014 Y103.349 E0.00005
G1 X105.842 Y103.449 E0.00005
G1 X105.67 Y103.548 E0.00005
G1 X105.497 Y103.648 E0.00005
G1 X105.325 Y103.747 E0.00005
G1 X105.153 Y103.847 E0.00005
G1 X104.98 Y103.946 E0.00005
G1 X104.808 Y104.046 E0.00005
G1 X104.636 Y104.145 E0.00005
G1 X104.463 Y104.245 E0.00005
G1 X104.291 Y104.344 E0.00005
G1 X104.119 Y104.444 E0.00005
G1 X103.946 Y104.543 E0.00005
G1 X103.774 Y104.643 E0.00005
G1 X103.601 Y104.742 E0.00005
G1 X103.429 Y104.842 E0.00005
G1 X103.257 Y104.941 E0.00005
G1 X103.084 Y105.041 E0.00005
G1 X102.912 Y105.14 E0.00005
G1 X102.74 Y105.24 E0.00005
G1 X102.567 Y105.339 E0.00005
G1 X102.395 Y105.439 E0.00005
G1 X102.223 Y105.538 E0.00005
G1 X102.05 Y105.638 E0.00005
G1 X101.878 Y105.737 E0.00005
G1 X101.706 Y105.837 E0.00005
G1 X101.533 Y105.936 E0.00005
G1 X101.361 Y106.036 E0.00005
G1 X101.189 Y106.135 E0.00005
G1 X101.016 Y106.235 E0.00005
G1 X100.844 Y106.334 E0.00005
G1 X100.672 Y106.434 E0.00005
G1 X100.499 Y106.533 E0.00005
G1 X100.327 Y106.633 E0.00005
G1 X100.155 Y106.732 E0.00005
G1 X99.982 Y106.832 E0.00005
G1 X99.81 Y106.931 E0.00005
G1 X99.637 Y107.031 E0.00005
G1 X99.465 Y107.13 E0.00005
G1 X99.293 Y107.23 E0.00005
G1 X99.12 Y107.329 E0.00005
G1 X98.948 Y107.429 E0.00005
G1 X98.776 Y107.528 E0.00005
G1 X98.603 Y107.628 E0.00005
G1 X98.431 Y107.727 E0.00005
G1 X98.259 Y107.827 E0.00005
G1 X98.086 Y107.926 E0.00005
G1 X97.914 Y108.026 E0.00005
G1 F1005.7 X97.912 Y108.024 E0
G1 F996.2 X97.887 Y108.035 E0.00001
G1 F986.9 X97.863 Y108.046 E0.00001
G1 F964.4 X97.835 Y108.056 E0.00001
G1 F947.1 X97.825 Y108.058 E0
G1 F934.5 X97.814 Y108.061 E0
G1 F922.3 X97.803 Y108.063 E0
G1 F910.3 X97.792 Y108.066 E0
G1 F894.9 X97.782 Y108.068 E0
G1 F883.7 X97.771 Y108.071 E0
G1 F872.7 X97.76 Y108.074 E0
G1 F862 X97.749 Y108.076 E0
G1 F848.2 X97.738 Y108.078 E0
G1 F834.8 X97.727 Y108.08 E0
G1 F821.8 X97.716 Y108.081 E0
G1 F809.2 X97.705 Y108.083 E0
G1 F797 X97.694 Y108.084 E0
G1 F782.2 X97.682 Y108.085 E0
G1 F770.8 X97.672 Y108.085 E0
G1 F757 X97.662 Y108.085 E0
G1 F746.3 X97.652 Y108.086 E0
G1 F733.3 X97.642 Y108.086 E0
G1 F720.8 X97.632 Y108.086 E0
G1 F711.1 X97.622 Y108.087 E0
G1 F699.3 X97.612 Y108.087 E0
G1 F690.2 X97.602 Y108.087 E0
G1 X97.595 Y108.079 E0
G1 F701.7 X97.59 Y108.069 E0
G1 F713.5 X97.585 Y108.059 E0
G1 F725.8 X97.58 Y108.049 E0
G1 F735.9 X97.575 Y108.04 E0
G1 F748.9 X97.57 Y108.03 E0
G1 F762.5 X97.565 Y108.02 E0
G1 F776.5 X97.56 Y108.01 E0
G1 F791 X97.554 Y108 E0
G1 F803 X97.551 Y107.991 E0
G1 F815.4 X97.547 Y107.982 E0
G1 F825 X97.544 Y107.973 E0
G1 F838.1 X97.54 Y107.964 E0
G1 F851.6 X97.536 Y107.954 E0
G1 F862 X97.533 Y107.942 E0
G1 F869.1 X97.53 Y107.931 E0
G1 F880 X97.527 Y107.92 E0
G1 F891.1 X97.524 Y107.91 E0
G1 F898.7 X97.521 Y107.899 E0
G1 F910.3 X97.519 Y107.888 E0
G1 F918.3 X97.516 Y107.878 E0
G1 F930.4 X97.513 Y107.867 E0
G1 F942.9 X97.51 Y107.856 E0
G1 F951.4 X97.507 Y107.846 E0
G1 F968.8 X97.504 Y107.819 E0.00001
G1 F982.3 X97.502 Y107.789 E0.00001
G1 F991.5 X97.5 Y107.759 E0.00001
G1 F1000.9 X97.5 Y107.562 E0.00005
G1 X97.5 Y107.364 E0.00005
G1 X97.5 Y107.166 E0.00005
G1 X97.5 Y106.968 E0.00005
G1 X97.5 Y106.77 E0.00005
G1 X97.5 Y106.572 E0.00005
G1 X97.5 Y106.374 E0.00005
G1 X97.5 Y106.176 E0.00005
G1 X97.5 Y105.978 E0.00005
G1 X97.5 Y105.78 E0.00005
G1 X97.5 Y105.582 E0.00005
G1 X97.5 Y105.384 E0.00005
G1 X97.5 Y105.186 E0.00005
G1 X97.499 Y104.988 E0.00005
G1 X97.499 Y104.79 E0.00005
G1 X97.499 Y104.592 E0.00005
G1 X97.499 Y104.394 E0.00005
G1 X97.499 Y104.196 E0.00005
G1 X97.499 Y103.998 E0.00005
G1 X97.499 Y103.8 E0.00005
G1 X97.499 Y103.602 E0.00005
G1 X97.499 Y103.404 E0.00005
G1 X97.499 Y103.206 E0.00005
G1 X97.499 Y103.008 E0.00005
G1 X97.499 Y102.81 E0.00005
G1 X97.499 Y102.612 E0.00005
G1 X97.499 Y102.414 E0.00005
G1 X97.498 Y102.604 E0.00005
G1 X97.498 Y102.802 E0.00005
G1 X97.498 Y103 E0.00005
G1 X97.498 Y103.198 E0.00005
G1 X97.498 Y103.396 E0.00005
G1 X97.498 Y103.594 E0.00005
G1 X97.498 Y103.792 E0.00005
G1 X97.498 Y103.99 E0.00005
G1 X97.498 Y104.188 E0.00005
G1 X97.498 Y104.386 E0.00005
G1 X97.498 Y104.584 E0.00005
G1 X97.498 Y104.782 E0.00005
G1 X97.498 Y104.98 E0.00005
G1 X97.499 Y105.178 E0.00005
G1 X97.499 Y105.376 E0.00005
G1 X97.499 Y105.574 E0.00005
G1 X97.499 Y105.772 E0.00005
G1 X97.499 Y105.97 E0.00005
G1 X97.499 Y106.168 E0.00005
G1 X97.499 Y106.366 E0.00005
G1 X97.499 Y106.564 E0.00005
G1 X97.499 Y106.762 E0.00005
G1 X97.499 Y106.96 E0.00005
G1 X97.499 Y107.158 E0.00005
G1 X97.499 Y107.356 E0.00005
G1 X97.499 Y107.554 E0.00005
G1 X97.499 Y107.752 E0.00005
G1 F991.5 X97.502 Y107.79 E0.00001
G1 F982.3 X97.504 Y107.82 E0.00001
G1 F968.8 X97.508 Y107.849 E0.00001
G1 F951.4 X97.51 Y107.859 E0
G1 F942.9 X97.513 Y107.87 E0
G1 F930.4 X97.516 Y107.881 E0
G1 F918.3 X97.519 Y107.891 E0
G1 F910.3 X97.522 Y107.902 E0
G1 F898.7 X97.524 Y107.913 E0
G1 F891.1 X97.527 Y107.923 E0
G1 F880 X97.53 Y107.934 E0
G1 F869.1 X97.533 Y107.945 E0
G1 F862 X97.536 Y107.955 E0
G1 F851.6 X97.538 Y107.961 E0
G1 F838.1 X97.542 Y107.97 E0
G1 F825 X97.545 Y107.979 E0
G1 F815.4 X97.549 Y107.988 E0
G1 F803 X97.553 Y107.998 E0
G1 F791 X97.557 Y108.009 E0
G1 F779.3 X97.561 Y108.018 E0
G1 F765.2 X97.565 Y108.027 E0
G1 F754.3 X97.569 Y108.036 E0
G1 F743.7 X97.573 Y108.046 E0
G1 F730.8 X97.577 Y108.055 E0
G1 F720.8 X97.581 Y108.064 E0
G1 F708.7 X97.585 Y108.073 E0
G1 F699.3 X97.589 Y108.082 E0
G1 F690.2 X97.593 Y108.092 E0
G1 F683.5 X97.6 Y108.096 E0
G1 F690.2 X97.609 Y108.095 E0
G1 F699.3 X97.619 Y108.094 E0
G1 F711.1 X97.629 Y108.093 E0
G1 F720.8 X97.639 Y108.092 E0
G1 F733.3 X97.649 Y108.091 E0
G1 F746.3 X97.659 Y108.089 E0
G1 F757 X97.669 Y108.088 E0
G1 F770.8 X97.679 Y108.087 E0
G1 F782.2 X97.689 Y108.086 E0
G1 F797 X97.702 Y108.084 E0
G1 F809.2 X97.713 Y108.082 E0
G1 F821.8 X97.724 Y108.081 E0
G1 F834.8 X97.735 Y108.079 E0
G1 F848.2 X97.746 Y108.078 E0
G1 F862 X97.758 Y108.075 E0
G1 F872.7 X97.769 Y108.072 E0
G1 F883.7 X97.78 Y108.07 E0
G1 F894.9 X97.791 Y108.067 E0
G1 F910.3 X97.801 Y108.065 E0
G1 F922.3 X97.812 Y108.062 E0
G1 F934.5 X97.823 Y108.059 E0
G1 F947.1 X97.834 Y108.057 E0
G1 F964.4 X97.863 Y108.046 E0.00001
G1 F986.9 X97.887 Y108.035 E0.00001
G1 F996.2 X97.912 Y108.024 E0.00001
G1 F1005.7 X97.936 Y108.013 E0.00001
G1 F1010.5 X98.108 Y107.914 E0.00005
G1 X98.28 Y107.814 E0.00005
G1 X98.453 Y107.715 E0.00005
G1 X98.625 Y107.615 E0.00005
G1 X98.797 Y107.516 E0.00005
G1 X98.97 Y107.416 E0.00005
G1 X99.142 Y107.317 E0.00005
G1 X99.314 Y107.217 E0.00005
G1 X99.487 Y107.118 E0.00005
G1 X99.659 Y107.018 E0.00005
G1 X99.831 Y106.919 E0.00005
G1 X100.004 Y106.819 E0.00005
G1 X100.176 Y106.72 E0.00005
G1 X100.348 Y106.62 E0.00005
G1 X100.521 Y106.521 E0.00005
G1 X100.693 Y106.421 E0.00005
G1 X100.865 Y106.322 E0.00005
G1 X101.038 Y106.222 E0.00005
G1 X101.21 Y106.123 E0.00005
G1 X101.382 Y106.023 E0.00005
G1 X101.555 Y105.924 E0.00005
G1 X101.727 Y105.824 E0.00005
G1 X101.9 Y105.725 E0.00005
G1 X102.072 Y105.625 E0.00005
G1 X102.244 Y105.526 E0.00005
G1 X102.417 Y105.426 E0.00005
G1 X102.589 Y105.327 E0.00005
G1 X102.761 Y105.227 E0.00005
G1 X102.934 Y105.128 E0.00005
G1 X103.106 Y105.028 E0.00005
G1 X103.278 Y104.929 E0.00005
G1 X103.451 Y104.829 E0.00005
G1 X103.623 Y104.73 E0.00005
G1 X103.795 Y104.63 E0.00005
G1 X103.968 Y104.531 E0.00005
G1 X104.14 Y104.431 E0.00005
G1 X104.312 Y104.332 E0.00005
G1 X104.485 Y104.232 E0.00005
G1 X104.657 Y104.133 E0.00005
G1 X104.829 Y104.033 E0.00005
G1 X105.002 Y103.934 E0.00005
G1 X105.174 Y103.834 E0.00005
G1 X105.346 Y103.735 E0.00005
G1 X105.519 Y103.635 E0.00005
G1 X105.691 Y103.536 E0.00005
G1 X105.864 Y103.436 E0.00005
G1 X106.036 Y103.337 E0.00005
G1 X106.208 Y103.237 E0.00005
G1 X106.381 Y103.138 E0.00005
G1 X106.553 Y103.038 E0.00005
G1 X106.725 Y102.939 E0.00005
G1 X106.898 Y102.839 E0.00005
G1 X107.07 Y102.74 E0.00005
G1 X107.242 Y102.64 E0.00005
G1 X107.415 Y102.541 E0.00005
G1 X107.587 Y102.441 E0.00005
G1 F1000.9 X107.596 Y102.434 E0
G1 F986.9 X107.619 Y102.417 E0.00001
G0 F24000 X107.596 Y102.434
G0 X107.565 Y102.454
G0 X107.449 Y102.521
G1 F60 E-0.001
G1 F18000 Z2.8
G0 F24000 X123.054 Y109.743 Z2.8
G1 F18000 Z0.8
G1 F60 E0.001
G1 F1005.7 X122.969 Y109.694 E0.00003
G1 X122.883 Y109.644 E0.00003
G1 X122.797 Y109.595 E0.00003
G1 X122.712 Y109.545 E0.00003
G1 X122.626 Y109.496 E0.00003
G1 X122.54 Y109.446 E0.00003
G1 X122.454 Y109.397 E0.00003
G1 X122.369 Y109.347 E0.00003
G1 X122.283 Y109.298 E0.00003
G1 X122.197 Y109.248 E0.00003
G1 X122.112 Y109.199 E0.00003
G1 X122.026 Y109.149 E0.00003
G1 X121.94 Y109.1 E0.00003
G1 X121.854 Y109.05 E0.00003
G1 X121.769 Y109.001 E0.00003
G1 X121.683 Y108.951 E0.00003
G1 X121.597 Y108.902 E0.00003
G1 X121.511 Y108.852 E0.00003
G1 X121.426 Y108.803 E0.00003
G1 X121.34 Y108.753 E0.00003
G1 X121.254 Y108.704 E0.00003
G1 X121.169 Y108.654 E0.00003
G1 X121.083 Y108.605 E0.00003
G1 X120.997 Y108.555 E0.00003
G1 X120.911 Y108.505 E0.00003
G1 X120.826 Y108.456 E0.00003
G1 X120.74 Y108.406 E0.00003
G1 X120.654 Y108.357 E0.00003
G1 X120.569 Y108.307 E0.00003
G1 X120.483 Y108.258 E0.00003
G1 X120.397 Y108.208 E0.00003
G1 X120.311 Y108.159 E0.00003
G1 X120.226 Y108.109 E0.00003
G1 X120.14 Y108.06 E0.00003
G1 X120.054 Y108.01 E0.00003
G1 F1010.5 X119.968 Y107.961 E0.00003
G1 X119.883 Y107.911 E0.00003
G1 X119.797 Y107.862 E0.00003
G1 X119.711 Y107.812 E0.00003
G1 X119.626 Y107.763 E0.00003
G1 X119.54 Y107.713 E0.00003
G1 X119.454 Y107.664 E0.00003
G1 X119.368 Y107.614 E0.00003
G1 X119.283 Y107.565 E0.00003
G1 X119.197 Y107.515 E0.00003
G1 X119.111 Y107.466 E0.00003
G1 X119.026 Y107.416 E0.00003
G1 X118.94 Y107.366 E0.00003
G1 X118.854 Y107.317 E0.00003
G1 X118.768 Y107.267 E0.00003
G1 X118.683 Y107.218 E0.00003
G1 X118.597 Y107.168 E0.00003
G1 X118.511 Y107.119 E0.00003
G1 X118.425 Y107.069 E0.00003
G1 X118.34 Y107.02 E0.00003
G1 X118.254 Y106.97 E0.00003
G1 X118.168 Y106.921 E0.00003
G1 X118.083 Y106.871 E0.00003
G1 X117.997 Y106.822 E0.00003
G1 X117.911 Y106.772 E0.00003
G1 X117.825 Y106.723 E0.00003
G1 X117.74 Y106.673 E0.00003
G1 X117.654 Y106.624 E0.00003
G1 X117.568 Y106.574 E0.00003
G1 X117.482 Y106.525 E0.00003
G1 X117.397 Y106.475 E0.00003
G1 X117.311 Y106.426 E0.00003
G1 X117.225 Y106.376 E0.00003
G1 X117.14 Y106.327 E0.00003
G1 X117.054 Y106.277 E0.00003
G1 X117.03 Y106.263 E0.00001
G1 X117.116 Y106.313 E0.00003
G1 X117.203 Y106.363 E0.00003
G1 X117.289 Y106.413 E0.00003
G1 X117.376 Y106.463 E0.00003
G1 X117.462 Y106.513 E0.00003
G1 X117.549 Y106.563 E0.00003
G1 X117.636 Y106.613 E0.00003
G1 X117.722 Y106.663 E0.00003
G1 X117.809 Y106.713 E0.00003
G1 X117.895 Y106.763 E0.00003
G1 X117.982 Y106.813 E0.00003
G1 X118.069 Y106.863 E0.00003
G1 X118.155 Y106.913 E0.00003
G1 X118.242 Y106.963 E0.00003
G1 X118.328 Y107.013 E0.00003
G1 X118.415 Y107.063 E0.00003
G1 X118.502 Y107.113 E0.00003
G1 X118.588 Y107.163 E0.00003
G1 X118.675 Y107.213 E0.00003
G1 X118.761 Y107.263 E0.00003
G1 X118.848 Y107.313 E0.00003
G1 X118.935 Y107.363 E0.00003
G1 X119.021 Y107.413 E0.00003
G1 X119.108 Y107.463 E0.00003
G1 X119.194 Y107.513 E0.00003
G1 X119.281 Y107.563 E0.00003
G1 X119.368 Y107.613 E0.00003
G1 X119.454 Y107.663 E0.00003
G1 X119.541 Y107.713 E0.00003
G1 X119.627 Y107.763 E0.00003
G1 X119.714 Y107.813 E0.00003
G1 X119.801 Y107.863 E0.00003
G1 X119.887 Y107.913 E0.00003
G1 X119.974 Y107.963 E0.00003
G1 X120.06 Y108.013 E0.00003
G1 F1005.7 X120.147 Y108.063 E0.00003
G1 X120.234 Y108.113 E0.00003
G1 X120.32 Y108.163 E0.00003
G1 X120.407 Y108.213 E0.00003
G1 X120.493 Y108.263 E0.00003
G1 X120.58 Y108.313 E0.00003
G1 X120.667 Y108.363 E0.00003
G1 X120.753 Y108.413 E0.00003
G1 X120.84 Y108.463 E0.00003
G1 X120.926 Y108.513 E0.00003
G1 X121.013 Y108.563 E0.00003
G1 X121.1 Y108.613 E0.00003
G1 X121.186 Y108.663 E0.00003
G1 X121.273 Y108.713 E0.00003
G1 X121.359 Y108.763 E0.00003
G1 X121.446 Y108.813 E0.00003
G1 X121.533 Y108.863 E0.00003
G1 X121.619 Y108.913 E0.00003
G1 X121.706 Y108.963 E0.00003
G1 X121.792 Y109.013 E0.00003
G1 X121.879 Y109.063 E0.00003
G1 X121.966 Y109.113 E0.00003
G1 X122.052 Y109.163 E0.00003
G1 X122.139 Y109.213 E0.00003
G1 X122.225 Y109.263 E0.00003
G1 X122.312 Y109.313 E0.00003
G1 X122.399 Y109.363 E0.00003
G1 X122.485 Y109.413 E0.00003
G1 X122.572 Y109.463 E0.00003
G1 X122.658 Y109.513 E0.00003
G1 X122.745 Y109.563 E0.00003
G1 X122.832 Y109.613 E0.00003
G1 X122.918 Y109.663 E0.00003
G1 X123.005 Y109.713 E0.00003
G1 X123.091 Y109.764 E0.00003
G1 F1000.9 X123.054 Y109.743 E0.00001
G0 F24000 X123.066 Y109.749
G0 X122.905 Y109.656
G0 X123.496 Y109.5
G1 F1000.9 X123.496 Y109.4 E0.00003
G1 X123.496 Y109.3 E0.00003
G1 X123.496 Y109.2 E0.00003
G1 X123.496 Y109.1 E0.00003
G1 X123.496 Y109 E0.00003
G1 X123.496 Y108.9 E0.00003
G1 X123.496 Y108.8 E0.00003
G1 X123.496 Y108.7 E0.00003
G1 X123.496 Y108.6 E0.00003
G1 X123.496 Y108.5 E0.00003
G1 X123.496 Y108.4 E0.00003
G1 X123.496 Y108.3 E0.00003
G1 X123.496 Y108.2 E0.00003
G1 X123.496 Y108.1 E0.00003
G1 X123.496 Y108 E0.00003
G1 X123.496 Y107.9 E0.00003
G1 X123.496 Y107.8 E0.00003
G1 X123.496 Y107.7 E0.00003
G1 X123.496 Y107.6 E0.00003
G1 X123.496 Y107.5 E0.00003
G1 X123.496 Y107.4 E0.00003
G1 X123.496 Y107.3 E0.00003
G1 X123.496 Y107.2 E0.00003
G1 X123.496 Y107.1 E0.00003
G1 X123.496 Y107 E0.00003
G1 X123.496 Y106.9 E0.00003
G1 X123.496 Y106.8 E0.00003
G1 X123.496 Y106.7 E0.00003
G1 X123.496 Y106.6 E0.00003
G1 X123.496 Y106.5 E0.00003
G1 X123.496 Y106.4 E0.00003
G1 X123.496 Y106.3 E0.00003
G1 X123.496 Y106.2 E0.00003
G1 X123.496 Y106.1 E0.00003
G1 X123.497 Y106 E0.00003
G1 F1005.7 X123.497 Y105.9 E0.00003
G1 X123.497 Y105.8 E0.00003
G1 X123.497 Y105.7 E0.00003
G1 X123.497 Y105.6 E0.00003
G1 X123.497 Y105.5 E0.00003
G1 X123.497 Y105.4 E0.00003
G1 X123.497 Y105.3 E0.00003
G1 X123.497 Y105.2 E0.00003
G1 X123.497 Y105.1 E0.00003
G1 X123.497 Y105 E0.00003
G1 X123.497 Y104.9 E0.00003
G1 X123.497 Y104.8 E0.00003
G1 X123.497 Y104.7 E0.00003
G1 X123.497 Y104.6 E0.00003
G1 X123.497 Y104.5 E0.00003
G1 X123.497 Y104.4 E0.00003
G1 X123.497 Y104.3 E0.00003
G1 X123.497 Y104.2 E0.00003
G1 X123.497 Y104.1 E0.00003
G1 X123.497 Y104 E0.00003
G1 X123.497 Y103.9 E0.00003
G1 X123.497 Y103.8 E0.00003
G1 X123.497 Y103.7 E0.00003
G1 X123.497 Y103.6 E0.00003
G1 X123.497 Y103.5 E0.00003
G1 X123.497 Y103.4 E0.00003
G1 X123.497 Y103.3 E0.00003
G1 X123.497 Y103.2 E0.00003
G1 X123.497 Y103.1 E0.00003
G1 X123.497 Y103 E0.00003
G1 X123.497 Y102.9 E0.00003
G1 X123.497 Y102.8 E0.00003
G1 X123.497 Y102.7 E0.00003
G1 X123.497 Y102.6 E0.00003
G1 X123.498 Y102.5 E0.00003
G1 X123.498 Y102.53 E0.00001
G1 X123.498 Y102.596 E0.00002
G1 X123.498 Y102.662 E0.00002
G1 X123.498 Y102.728 E0.00002
G1 X123.498 Y102.794 E0.00002
G1 X123.498 Y102.86 E0.00002
G1 X123.498 Y102.926 E0.00002
G1 X123.498 Y102.992 E0.00002
G1 X123.498 Y103.058 E0.00002
G1 X123.498 Y103.124 E0.00002
G1 X123.498 Y103.19 E0.00002
G1 X123.498 Y103.256 E0.00002
G1 X123.498 Y103.322 E0.00002
G1 X123.498 Y103.388 E0.00002
G1 X123.498 Y103.454 E0.00002
G1 X123.498 Y103.52 E0.00002
G1 X123.498 Y103.586 E0.00002
G1 X123.498 Y103.652 E0.00002
G1 X123.498 Y103.718 E0.00002
G1 X123.498 Y103.784 E0.00002
G1 X123.498 Y103.85 E0.00002
G1 X123.498 Y103.916 E0.00002
G1 X123.498 Y103.982 E0.00002
G1 X123.498 Y104.048 E0.00002
G1 X123.498 Y104.114 E0.00002
G1 X123.498 Y104.18 E0.00002
G1 X123.498 Y104.246 E0.00002
G1 X123.498 Y104.312 E0.00002
G1 X123.498 Y104.378 E0.00002
G1 X123.498 Y104.444 E0.00002
G1 X123.498 Y104.51 E0.00002
G1 X123.498 Y104.576 E0.00002
G1 X123.498 Y104.642 E0.00002
G1 X123.498 Y104.708 E0.00002
G1 X123.498 Y104.774 E0.00002
G1 X123.498 Y104.84 E0.00002
G1 F1000.9 X123.498 Y104.906 E0.00002
G1 X123.498 Y104.972 E0.00002
G1 X123.498 Y105.038 E0.00002
G1 X123.498 Y105.104 E0.00002
G1 X123.498 Y105.17 E0.00002
G1 X123.498 Y105.236 E0.00002
G1 X123.498 Y105.302 E0.00002
G1 X123.498 Y105.368 E0.00002
G1 X123.498 Y105.434 E0.00002
G1 X123.498 Y105.5 E0.00002
G1 X123.498 Y105.566 E0.00002
G1 X123.498 Y105.632 E0.00002
G1 X123.498 Y105.698 E0.00002
G1 X123.498 Y105.764 E0.00002
G1 X123.498 Y105.83 E0.00002
G1 X123.498 Y105.896 E0.00002
G1 X123.498 Y105.962 E0.00002
G1 X123.497 Y106.028 E0.00002
G1 X123.497 Y106.094 E0.00002
G1 X123.497 Y106.16 E0.00002
G1 X123.497 Y106.226 E0.00002
G1 X123.497 Y106.292 E0.00002
G1 X123.497 Y106.358 E0.00002
G1 X123.497 Y106.424 E0.00002
G1 X123.497 Y106.49 E0.00002
G1 X123.497 Y106.556 E0.00002
G1 X123.497 Y106.622 E0.00002
G1 X123.497 Y106.688 E0.00002
G1 X123.497 Y106.754 E0.00002
G1 X123.497 Y106.82 E0.00002
G1 X123.497 Y106.886 E0.00002
G1 X123.497 Y106.952 E0.00002
G1 X123.497 Y107.018 E0.00002
G1 X123.497 Y107.084 E0.00002
G1 X123.497 Y107.15 E0.00002
G1 F996.2 X123.497 Y107.216 E0.00002
G1 X123.497 Y107.282 E0.00002
G1 X123.497 Y107.348 E0.00002
G1 X123.497 Y107.414 E0.00002
G1 X123.497 Y107.48 E0.00002
G1 X123.497 Y107.546 E0.00002
G1 X123.497 Y107.612 E0.00002
G1 X123.497 Y107.678 E0.00002
G1 X123.497 Y107.744 E0.00002
G1 X123.497 Y107.81 E0.00002
G1 X123.497 Y107.876 E0.00002
G1 X123.497 Y107.942 E0.00002
G1 X123.497 Y108.008 E0.00002
G1 X123.497 Y108.074 E0.00002
G1 X123.497 Y108.14 E0.00002
G1 X123.497 Y108.206 E0.00002
G1 X123.497 Y108.272 E0.00002
G1 X123.497 Y108.338 E0.00002
G1 X123.497 Y108.404 E0.00002
G1 X123.497 Y108.47 E0.00002
G1 X123.497 Y108.536 E0.00002
G1 X123.497 Y108.602 E0.00002
G1 X123.497 Y108.668 E0.00002
G1 X123.497 Y108.734 E0.00002
G1 X123.497 Y108.8 E0.00002
G1 X123.497 Y108.866 E0.00002
G1 X123.497 Y108.932 E0.00002
G1 X123.497 Y108.998 E0.00002
G1 X123.497 Y109.064 E0.00002
G1 X123.497 Y109.13 E0.00002
G1 X123.497 Y109.196 E0.00002
G1 X123.497 Y109.262 E0.00002
G1 X123.497 Y109.328 E0.00002
G1 X123.497 Y109.394 E0.00002
G1 X123.497 Y109.46 E0.00002
G1 X123.496 Y109.5 E0.00001
G0 F24000 X123.496 Y109.512
G0 X123.496 Y109.324
G0 X123.512 Y109.971
;TYPE:WALL-INNER
G1 F951.4 X123.486 Y109.971 E0.00001
G1 X123.472 Y109.994 E0.00001
G1 X123.486 Y110.017 E0.00001
G1 X123.512 Y110.017 E0.00001
G1 X123.526 Y109.994 E0.00001
G0 F24000 X123.27 Y109.867
;TYPE:WALL-OUTER
G1 F614 X123.305 Y109.865 E0.00002
G1 F608.6 X123.315 Y109.867 E0
G1 F594.9 X123.326 Y109.869 E0
G1 F583.4 X123.337 Y109.871 E0.00001
G1 F570.8 X123.347 Y109.873 E0
G1 F561.7 X123.355 Y109.872 E0
G1 F555.8 X123.365 Y109.87 E0
G1 F550 X123.375 Y109.869 E0
G1 F542.9 X123.385 Y109.867 E0
G1 F537.4 X123.395 Y109.866 E0
G1 F532 X123.405 Y109.864 E0.00001
G1 F529.3 X123.448 Y109.835 E0.00003
G1 F534.7 X123.45 Y109.826 E0
G1 F544.3 X123.453 Y109.816 E0.00001
G1 F552.9 X123.456 Y109.807 E0
G1 F563.2 X123.458 Y109.797 E0
G1 F573.9 X123.461 Y109.787 E0
G1 F583.4 X123.464 Y109.778 E0
G1 F594.9 X123.467 Y109.768 E0
G1 F606.9 X123.469 Y109.758 E0
G1 F617.5 X123.472 Y109.749 E0
G1 F630.4 X123.475 Y109.739 E0
G1 F643.9 X123.478 Y109.73 E0
G1 F655.9 X123.48 Y109.72 E0
G1 F670.5 X123.483 Y109.71 E0
G1 F685.7 X123.486 Y109.701 E0
G1 F699.3 X123.488 Y109.691 E0
G1 F715.9 X123.491 Y109.681 E0
G1 F730.8 X123.493 Y109.67 E0
G1 F743.7 X123.495 Y109.66 E0
G1 F759.7 X123.496 Y109.65 E0
G1 F773.6 X123.497 Y109.638 E0
G1 F788.1 X123.498 Y109.627 E0
G1 X123.498 Y109.639 E0
G1 F773.6 X123.497 Y109.65 E0
G1 F759.7 X123.497 Y109.659 E0
G1 F743.7 X123.498 Y109.669 E0
G1 F730.8 X123.499 Y109.679 E0
G1 F715.9 X123.502 Y109.689 E0
G1 F699.3 X123.505 Y109.699 E0
G1 F685.7 X123.508 Y109.708 E0
G1 F670.5 X123.51 Y109.718 E0
G1 F655.9 X123.513 Y109.728 E0
G1 F643.9 X123.516 Y109.737 E0
G1 F630.4 X123.519 Y109.747 E0
G1 F617.5 X123.521 Y109.757 E0
G1 F606.9 X123.524 Y109.766 E0
G1 F594.9 X123.527 Y109.776 E0
G1 F583.4 X123.53 Y109.785 E0
G1 F573.9 X123.532 Y109.795 E0
G1 F563.2 X123.535 Y109.805 E0
G1 F552.9 X123.538 Y109.814 E0
G1 F544.3 X123.54 Y109.824 E0
G1 F534.7 X123.543 Y109.834 E0.00001
G1 F529.3 X123.617 Y109.876 E0.00004
G1 F534.7 X123.63 Y109.875 E0.00001
G1 F548.6 X123.643 Y109.873 E0.00001
G1 F555.8 X123.703 Y109.88 E0.00003
G1 X123.68 Y109.937 E0.00003
G1 F548.6 X123.672 Y109.949 E0.00001
G1 F534.7 X123.664 Y109.961 E0.00001
G1 F528 X123.662 Y110.002 E0.00002
G1 F532 X123.666 Y110.011 E0
G1 F538.8 X123.671 Y110.021 E0.00001
G1 F545.7 X123.675 Y110.031 E0.00001
G1 F552.9 X123.68 Y110.041 E0.00001
G1 F558.7 X123.685 Y110.051 E0.00001
G1 F566.2 X123.689 Y110.061 E0.00001
G1 F573.9 X123.694 Y110.071 E0.00001
G1 F581.8 X123.699 Y110.081 E0.00001
G1 F589.9 X123.703 Y110.091 E0
G1 F605.2 X123.716 Y110.104 E0.00001
G1 F623 X123.723 Y110.112 E0
G1 F634.2 X123.73 Y110.12 E0
G1 F647.9 X123.738 Y110.129 E0
G1 F657.9 X123.742 Y110.132 E0
G1 F660 X123.751 Y110.146 E0.00001
G1 F657.9 X123.729 Y110.143 E0.00001
G1 F647.9 X123.719 Y110.141 E0
G1 F634.2 X123.708 Y110.139 E0
G1 F623 X123.697 Y110.136 E0
G1 F610.4 X123.687 Y110.134 E0
G1 F600 X123.676 Y110.131 E0.00001
G1 F589.9 X123.665 Y110.131 E0
G1 F581.8 X123.654 Y110.131 E0
G1 F573.9 X123.643 Y110.131 E0.00001
G1 F566.2 X123.632 Y110.131 E0.00001
G1 F558.7 X123.621 Y110.131 E0.00001
G1 F552.9 X123.61 Y110.131 E0.00001
G1 F545.7 X123.599 Y110.131 E0.00001
G1 F538.8 X123.588 Y110.131 E0.00001
G1 F532 X123.577 Y110.132 E0.00001
G1 F528 X123.574 Y110.136 E0
G1 F530.7 X123.568 Y110.143 E0
G1 F536 X123.562 Y110.151 E0
G1 F541.5 X123.556 Y110.159 E0
G1 F547.2 X123.549 Y110.166 E0
G1 F552.9 X123.543 Y110.174 E0
G1 F558.7 X123.537 Y110.182 E0
G1 F567.7 X123.533 Y110.194 E0.00001
G1 F580.2 X123.53 Y110.205 E0.00001
G1 F593.3 X123.527 Y110.215 E0
G1 F605.2 X123.525 Y110.224 E0
G1 F615.7 X123.523 Y110.234 E0
G1 F628.6 X123.52 Y110.244 E0
G1 F641.9 X123.518 Y110.254 E0
G1 F653.9 X123.516 Y110.264 E0
G1 F666.2 X123.513 Y110.275 E0
G1 F679.1 X123.51 Y110.286 E0
G1 F692.5 X123.507 Y110.296 E0
G1 F706.4 X123.505 Y110.307 E0
G1 F720.8 X123.502 Y110.318 E0
G1 F735.9 X123.499 Y110.328 E0
G1 X123.497 Y110.318 E0
G1 F720.8 X123.495 Y110.307 E0
G1 F706.4 X123.493 Y110.296 E0
G1 F692.5 X123.49 Y110.285 E0
G1 F679.1 X123.488 Y110.274 E0
G1 F666.2 X123.486 Y110.264 E0
G1 F653.9 X123.483 Y110.257 E0
G1 F641.9 X123.48 Y110.248 E0
G1 F628.6 X123.477 Y110.238 E0
G1 F615.7 X123.474 Y110.229 E0
G1 F605.2 X123.471 Y110.219 E0
G1 F593.3 X123.466 Y110.207 E0.00001
G1 F580.2 X123.462 Y110.196 E0.00001
G1 F567.7 X123.457 Y110.184 E0.00001
G1 F558.7 X123.451 Y110.177 E0
G1 F552.9 X123.445 Y110.169 E0
G1 F547.2 X123.439 Y110.161 E0
G1 F541.5 X123.432 Y110.154 E0
G1 F536 X123.426 Y110.146 E0
G1 F530.7 X123.42 Y110.138 E0
G1 F532 X123.408 Y110.136 E0.00001
G1 F538.8 X123.398 Y110.136 E0
G1 F545.7 X123.388 Y110.136 E0
G1 F554.3 X123.378 Y110.136 E0
G1 F561.7 X123.368 Y110.136 E0
G1 F569.3 X123.358 Y110.136 E0
G1 F577 X123.348 Y110.136 E0
G1 F585 X123.338 Y110.136 E0
G1 F594.9 X123.328 Y110.136 E0
G1 F603.4 X123.318 Y110.136 E0
G1 F615.7 X123.305 Y110.141 E0.00001
G1 F630.4 X123.294 Y110.143 E0
G1 F643.9 X123.282 Y110.146 E0.00001
G1 F657.9 X123.27 Y110.149 E0
G1 F672.6 X123.258 Y110.151 E0
G1 F692.5 X123.239 Y110.157 E0.00001
G1 F711.1 X123.231 Y110.161 E0
G1 F723.3 X123.222 Y110.166 E0
G1 F733.3 X123.213 Y110.171 E0
G1 F746.3 X123.204 Y110.175 E0
G1 F759.7 X123.195 Y110.18 E0
G1 F773.6 X123.186 Y110.185 E0
G1 F788.1 X123.178 Y110.189 E0
G1 F800 X123.169 Y110.194 E0
G1 F815.4 X123.16 Y110.199 E0
G1 F831.5 X123.151 Y110.203 E0
G1 F848.2 X123.142 Y110.208 E0
G1 F862 X123.133 Y110.213 E0
G1 F880 X123.124 Y110.218 E0
G1 F898.7 X123.116 Y110.222 E0
G1 F918.3 X123.107 Y110.227 E0
G1 F938.7 X123.098 Y110.232 E0
G1 F955.7 X123.089 Y110.236 E0
G1 F977.8 X123.08 Y110.241 E0
G1 F991.5 X123.02 Y110.276 E0.00002
G1 X122.963 Y110.309 E0.00002
G1 X122.906 Y110.342 E0.00002
G1 X122.849 Y110.375 E0.00002
G1 X122.792 Y110.408 E0.00002
G1 X122.735 Y110.441 E0.00002
G1 X122.677 Y110.474 E0.00002
G1 X122.62 Y110.507 E0.00002
G1 X122.563 Y110.54 E0.00002
G1 X122.506 Y110.573 E0.00002
G1 X122.449 Y110.606 E0.00002
G1 X122.392 Y110.639 E0.00002
G1 X122.334 Y110.672 E0.00002
G1 X122.277 Y110.705 E0.00002
G1 X122.22 Y110.738 E0.00002
G1 X122.163 Y110.771 E0.00002
G1 X122.106 Y110.804 E0.00002
G1 X122.049 Y110.837 E0.00002
G1 X121.991 Y110.87 E0.00002
G1 X121.934 Y110.903 E0.00002
G1 X121.877 Y110.936 E0.00002
G1 X121.82 Y110.969 E0.00002
G1 X121.763 Y111.002 E0.00002
G1 X121.706 Y111.035 E0.00002
G1 X121.649 Y111.068 E0.00002
G1 X121.591 Y111.101 E0.00002
G1 X121.534 Y111.134 E0.00002
G1 X121.477 Y111.167 E0.00002
G1 X121.42 Y111.2 E0.00002
G1 X121.363 Y111.233 E0.00002
G1 X121.306 Y111.266 E0.00002
G1 X121.248 Y111.299 E0.00002
G1 X121.191 Y111.332 E0.00002
G1 X121.134 Y111.365 E0.00002
G1 X121.077 Y111.398 E0.00002
G1 F996.2 X121.02 Y111.431 E0.00002
G1 X120.963 Y111.464 E0.00002
G1 X120.905 Y111.497 E0.00002
G1 X120.848 Y111.53 E0.00002
G1 X120.791 Y111.563 E0.00002
G1 X120.734 Y111.596 E0.00002
G1 X120.677 Y111.629 E0.00002
G1 X120.62 Y111.662 E0.00002
G1 X120.563 Y111.695 E0.00002
G1 X120.505 Y111.728 E0.00002
G1 X120.448 Y111.761 E0.00002
G1 X120.391 Y111.794 E0.00002
G1 X120.334 Y111.827 E0.00002
G1 X120.277 Y111.86 E0.00002
G1 X120.22 Y111.893 E0.00002
G1 X120.162 Y111.926 E0.00002
G1 X120.105 Y111.959 E0.00002
G1 X120.048 Y111.992 E0.00002
G1 X119.991 Y112.025 E0.00002
G1 X119.934 Y112.058 E0.00002
G1 X119.877 Y112.091 E0.00002
G1 X119.819 Y112.124 E0.00002
G1 X119.762 Y112.157 E0.00002
G1 X119.705 Y112.19 E0.00002
G1 X119.648 Y112.223 E0.00002
G1 X119.591 Y112.256 E0.00002
G1 X119.534 Y112.289 E0.00002
G1 X119.476 Y112.322 E0.00002
G1 X119.419 Y112.355 E0.00002
G1 X119.362 Y112.388 E0.00002
G1 X119.305 Y112.421 E0.00002
G1 X119.248 Y112.454 E0.00002
G1 X119.191 Y112.487 E0.00002
G1 X119.134 Y112.52 E0.00002
G1 X119.076 Y112.553 E0.00002
G1 F1000.9 X119.019 Y112.586 E0.00002
G1 X118.962 Y112.619 E0.00002
G1 X118.905 Y112.652 E0.00002
G1 X118.848 Y112.685 E0.00002
G1 X118.791 Y112.718 E0.00002
G1 X118.733 Y112.751 E0.00002
G1 X118.676 Y112.784 E0.00002
G1 X118.619 Y112.817 E0.00002
G1 X118.562 Y112.85 E0.00002
G1 X118.505 Y112.883 E0.00002
G1 X118.448 Y112.916 E0.00002
G1 X118.39 Y112.949 E0.00002
G1 X118.333 Y112.982 E0.00002
G1 X118.276 Y113.015 E0.00002
G1 X118.219 Y113.048 E0.00002
G1 X118.162 Y113.081 E0.00002
G1 X118.105 Y113.114 E0.00002
G1 X118.048 Y113.147 E0.00002
G1 X117.99 Y113.18 E0.00002
G1 X117.933 Y113.213 E0.00002
G1 X117.876 Y113.246 E0.00002
G1 X117.819 Y113.279 E0.00002
G1 X117.762 Y113.312 E0.00002
G1 X117.705 Y113.345 E0.00002
G1 X117.647 Y113.378 E0.00002
G1 X117.59 Y113.411 E0.00002
G1 X117.533 Y113.444 E0.00002
G1 X117.476 Y113.477 E0.00002
G1 X117.419 Y113.51 E0.00002
G1 X117.362 Y113.543 E0.00002
G1 X117.304 Y113.576 E0.00002
G1 X117.247 Y113.609 E0.00002
G1 X117.19 Y113.642 E0.00002
G1 X117.133 Y113.675 E0.00002
G1 X117.076 Y113.708 E0.00002
G1 X117.089 Y113.7 E0
G1 X117.146 Y113.667 E0.00002
G1 X117.203 Y113.634 E0.00002
G1 X117.26 Y113.601 E0.00002
G1 X117.317 Y113.568 E0.00002
G1 X117.374 Y113.535 E0.00002
G1 X117.432 Y113.502 E0.00002
G1 X117.489 Y113.469 E0.00002
G1 X117.546 Y113.436 E0.00002
G1 X117.603 Y113.403 E0.00002
G1 X117.66 Y113.37 E0.00002
G1 X117.717 Y113.337 E0.00002
G1 X117.775 Y113.304 E0.00002
G1 X117.832 Y113.271 E0.00002
G1 X117.889 Y113.238 E0.00002
G1 X117.946 Y113.205 E0.00002
G1 X118.003 Y113.172 E0.00002
G1 X118.06 Y113.139 E0.00002
G1 X118.118 Y113.106 E0.00002
G1 X118.175 Y113.073 E0.00002
G1 X118.232 Y113.04 E0.00002
G1 X118.289 Y113.007 E0.00002
G1 X118.346 Y112.974 E0.00002
G1 X118.403 Y112.941 E0.00002
G1 X118.46 Y112.908 E0.00002
G1 X118.518 Y112.875 E0.00002
G1 X118.575 Y112.842 E0.00002
G1 X118.632 Y112.809 E0.00002
G1 X118.689 Y112.776 E0.00002
G1 X118.746 Y112.743 E0.00002
G1 X118.803 Y112.71 E0.00002
G1 X118.861 Y112.677 E0.00002
G1 X118.918 Y112.644 E0.00002
G1 X118.975 Y112.611 E0.00002
G1 X119.032 Y112.578 E0.00002
G1 F996.2 X119.089 Y112.545 E0.00002
G1 X119.146 Y112.512 E0.00002
G1 X119.204 Y112.479 E0.00002
G1 X119.261 Y112.446 E0.00002
G1 X119.318 Y112.413 E0.00002
G1 X119.375 Y112.38 E0.00002
G1 X119.432 Y112.347 E0.00002
G1 X119.489 Y112.314 E0.00002
G1 X119.546 Y112.281 E0.00002
G1 X119.604 Y112.248 E0.00002
G1 X119.661 Y112.215 E0.00002
G1 X119.718 Y112.182 E0.00002
G1 X119.775 Y112.149 E0.00002
G1 X119.832 Y112.116 E0.00002
G1 X119.889 Y112.083 E0.00002
G1 X119.947 Y112.05 E0.00002
G1 X120.004 Y112.017 E0.00002
G1 X120.061 Y111.984 E0.00002
G1 X120.118 Y111.951 E0.00002
G1 X120.175 Y111.918 E0.00002
G1 X120.232 Y111.885 E0.00002
G1 X120.29 Y111.852 E0.00002
G1 X120.347 Y111.819 E0.00002
G1 X120.404 Y111.786 E0.00002
G1 X120.461 Y111.753 E0.00002
G1 X120.518 Y111.72 E0.00002
G1 X120.575 Y111.687 E0.00002
G1 X120.633 Y111.654 E0.00002
G1 X120.69 Y111.621 E0.00002
G1 X120.747 Y111.588 E0.00002
G1 X120.804 Y111.555 E0.00002
G1 X120.861 Y111.522 E0.00002
G1 X120.918 Y111.489 E0.00002
G1 X120.975 Y111.456 E0.00002
G1 X121.033 Y111.423 E0.00002
G1 F991.5 X121.09 Y111.39 E0.00002
G1 X121.147 Y111.357 E0.00002
G1 X121.204 Y111.324 E0.00002
G1 X121.261 Y111.291 E0.00002
G1 X121.318 Y111.258 E0.00002
G1 X121.376 Y111.225 E0.00002
G1 X121.433 Y111.192 E0.00002
G1 X121.49 Y111.159 E0.00002
G1 X121.547 Y111.126 E0.00002
G1 X121.604 Y111.093 E0.00002
G1 X121.661 Y111.06 E0.00002
G1 X121.719 Y111.027 E0.00002
G1 X121.776 Y110.994 E0.00002
G1 X121.833 Y110.961 E0.00002
G1 X121.89 Y110.928 E0.00002
G1 X121.947 Y110.895 E0.00002
G1 X122.004 Y110.862 E0.00002
G1 X122.061 Y110.829 E0.00002
G1 X122.119 Y110.796 E0.00002
G1 X122.176 Y110.763 E0.00002
G1 X122.233 Y110.73 E0.00002
G1 X122.29 Y110.697 E0.00002
G1 X122.347 Y110.664 E0.00002
G1 X122.404 Y110.631 E0.00002
G1 X122.462 Y110.598 E0.00002
G1 X122.519 Y110.565 E0.00002
G1 X122.576 Y110.532 E0.00002
G1 X122.633 Y110.499 E0.00002
G1 X122.69 Y110.466 E0.00002
G1 X122.747 Y110.433 E0.00002
G1 X122.805 Y110.4 E0.00002
G1 X122.862 Y110.367 E0.00002
G1 X122.919 Y110.334 E0.00002
G1 X122.976 Y110.301 E0.00002
G1 X123.033 Y110.268 E0.00002
G1 F977.8 X123.085 Y110.238 E0.00002
G1 F955.7 X123.094 Y110.233 E0
G1 F938.7 X123.102 Y110.228 E0
G1 F918.3 X123.111 Y110.223 E0
G1 F898.7 X123.119 Y110.218 E0
G1 F880 X123.128 Y110.212 E0
G1 F862 X123.136 Y110.207 E0
G1 F848.2 X123.145 Y110.202 E0
G1 F831.5 X123.153 Y110.197 E0
G1 F815.4 X123.162 Y110.192 E0
G1 F800 X123.17 Y110.186 E0
G1 F788.1 X123.179 Y110.181 E0
G1 F773.6 X123.187 Y110.176 E0
G1 F759.7 X123.196 Y110.171 E0
G1 F746.3 X123.204 Y110.166 E0
G1 F733.3 X123.213 Y110.16 E0
G1 F723.3 X123.221 Y110.155 E0
G1 F711.1 X123.23 Y110.15 E0
G1 F692.5 X123.246 Y110.134 E0.00001
G1 F672.6 X123.254 Y110.125 E0
G1 F657.9 X123.262 Y110.116 E0
G1 F643.9 X123.27 Y110.107 E0
G1 F630.4 X123.278 Y110.098 E0.00001
G1 F615.7 X123.288 Y110.086 E0.00001
G1 F603.4 X123.293 Y110.078 E0
G1 F594.9 X123.298 Y110.069 E0
G1 F585 X123.303 Y110.06 E0
G1 F577 X123.308 Y110.052 E0
G1 F569.3 X123.313 Y110.043 E0
G1 F561.7 X123.318 Y110.034 E0
G1 F554.3 X123.323 Y110.026 E0
G1 F545.7 X123.328 Y110.017 E0
G1 F538.8 X123.333 Y110.008 E0.00001
G1 F532 X123.338 Y109.999 E0.00001
G1 F528 X123.338 Y109.988 E0.00001
G1 F532 X123.334 Y109.979 E0
G1 F537.4 X123.33 Y109.97 E0
G1 F542.9 X123.326 Y109.961 E0
G1 F550 X123.322 Y109.952 E0
G1 F555.8 X123.318 Y109.943 E0
G1 F561.7 X123.313 Y109.934 E0
G1 F570.8 X123.306 Y109.925 E0.00001
G1 F583.4 X123.298 Y109.916 E0.00001
G1 F594.9 X123.291 Y109.906 E0.00001
G1 F608.6 X123.283 Y109.897 E0.00001
G1 F614 X123.27 Y109.867 E0.00001
G0 F24000 X123.284 Y109.898
G0 X123.313 Y109.934
G0 X123.338 Y109.988
G0 X123.338 Y109.999
G0 X123.314 Y110.041
G1 F60 E-0.001
G1 F18000 Z2.8
G0 F24000 X123.498 Y117.466 Z2.8
G1 F18000 Z0.8
G1 F60 E0.001
G1 F1005.7 X123.498 Y117.366 E0.00003
G1 X123.498 Y117.266 E0.00003
G1 X123.498 Y117.166 E0.00003
G1 X123.498 Y117.066 E0.00003
G1 X123.498 Y116.966 E0.00003
G1 X123.498 Y116.866 E0.00003
G1 X123.498 Y116.766 E0.00003
G1 X123.498 Y116.666 E0.00003
G1 X123.498 Y116.566 E0.00003
G1 X123.498 Y116.466 E0.00003
G1 X123.498 Y116.366 E0.00003
G1 X123.498 Y116.266 E0.00003
G1 X123.498 Y116.166 E0.00003
G1 X123.498 Y116.066 E0.00003
G1 X123.498 Y115.966 E0.00003
G1 X123.498 Y115.866 E0.00003
G1 X123.498 Y115.766 E0.00003
G1 X123.498 Y115.666 E0.00003
G1 X123.498 Y115.566 E0.00003
G1 X123.498 Y115.466 E0.00003
G1 X123.498 Y115.366 E0.00003
G1 X123.498 Y115.266 E0.00003
G1 X123.498 Y115.166 E0.00003
G1 X123.498 Y115.066 E0.00003
G1 X123.498 Y114.966 E0.00003
G1 X123.498 Y114.866 E0.00003
G1 X123.498 Y114.766 E0.00003
G1 X123.498 Y114.666 E0.00003
G1 X123.498 Y114.566 E0.00003
G1 X123.498 Y114.466 E0.00003
G1 X123.498 Y114.366 E0.00003
G1 X123.498 Y114.266 E0.00003
G1 X123.498 Y114.166 E0.00003
G1 X123.498 Y114.066 E0.00003
G1 X123.499 Y113.966 E0.00003
G1 F1000.9 X123.499 Y113.866 E0.00003
G1 X123.499 Y113.766 E0.00003
G1 X123.499 Y113.666 E0.00003
G1 X123.499 Y113.566 E0.00003
G1 X123.499 Y113.466 E0.00003
G1 X123.499 Y113.366 E0.00003
G1 X123.499 Y113.266 E0.00003
G1 X123.499 Y113.166 E0.00003
G1 X123.499 Y113.066 E0.00003
G1 X123.499 Y112.966 E0.00003
G1 X123.499 Y112.866 E0.00003
G1 X123.499 Y112.766 E0.00003
G1 X123.499 Y112.666 E0.00003
G1 X123.499 Y112.566 E0.00003
G1 X123.499 Y112.466 E0.00003
G1 X123.499 Y112.366 E0.00003
G1 X123.499 Y112.266 E0.00003
G1 X123.499 Y112.166 E0.00003
G1 X123.499 Y112.066 E0.00003
G1 X123.499 Y111.966 E0.00003
G1 X123.499 Y111.866 E0.00003
G1 X123.499 Y111.766 E0.00003
G1 X123.499 Y111.666 E0.00003
G1 X123.499 Y111.566 E0.00003
G1 X123.499 Y111.466 E0.00003
G1 X123.499 Y111.366 E0.00003
G1 X123.499 Y111.266 E0.00003
G1 X123.499 Y111.166 E0.00003
G1 X123.499 Y111.066 E0.00003
G1 X123.499 Y110.966 E0.00003
G1 X123.499 Y110.866 E0.00003
G1 X123.499 Y110.766 E0.00003
G1 X123.499 Y110.666 E0.00003
G1 X123.499 Y110.566 E0.00003
G1 X123.5 Y110.466 E0.00003
G1 X123.5 Y110.504 E0.00001
G1 F1005.7 X123.5 Y110.703 E0.00005
G1 X123.5 Y110.902 E0.00005
G1 X123.5 Y111.101 E0.00005
G1 X123.5 Y111.3 E0.00005
G1 X123.5 Y111.499 E0.00005
G1 X123.5 Y111.698 E0.00005
G1 X123.5 Y111.897 E0.00005
G1 X123.5 Y112.096 E0.00005
G1 X123.5 Y112.295 E0.00005
G1 X123.5 Y112.494 E0.00005
G1 X123.5 Y112.693 E0.00005
G1 X123.5 Y112.892 E0.00005
G1 X123.5 Y113.091 E0.00005
G1 X123.5 Y113.29 E0.00005
G1 X123.5 Y113.489 E0.00005
G1 X123.5 Y113.688 E0.00005
G1 X123.5 Y113.887 E0.00005
G1 X123.499 Y114.086 E0.00005
G1 X123.499 Y114.285 E0.00005
G1 X123.499 Y114.484 E0.00005
G1 X123.499 Y114.683 E0.00005
G1 X123.499 Y114.882 E0.00005
G1 X123.499 Y115.081 E0.00005
G1 X123.499 Y115.28 E0.00005
G1 X123.499 Y115.479 E0.00005
G1 X123.499 Y115.678 E0.00005
G1 X123.499 Y115.877 E0.00005
G1 X123.499 Y116.076 E0.00005
G1 X123.499 Y116.275 E0.00005
G1 X123.499 Y116.474 E0.00005
G1 X123.499 Y116.673 E0.00005
G1 X123.499 Y116.872 E0.00005
G1 X123.499 Y117.071 E0.00005
G1 X123.499 Y117.27 E0.00005
G1 X123.498 Y117.469 E0.00005
G1 X123.498 Y117.466 E0
G0 F24000 X123.498 Y117.266
G1 F60 E-0.001
G1 F18000 Z2.8
G0 F24000 X123.934 Y110.252 Z2.8
G1 F18000 Z0.8
G1 F60 E0.001
G1 F996.2 X123.946 Y110.26 E0
G1 F1000.9 X124.031 Y110.309 E0.00003
G1 X124.117 Y110.358 E0.00003
G1 X124.203 Y110.408 E0.00003
G1 X124.289 Y110.457 E0.00003
G1 X124.374 Y110.507 E0.00003
G1 X124.46 Y110.556 E0.00003
G1 X124.546 Y110.606 E0.00003
G1 X124.632 Y110.655 E0.00003
G1 X124.718 Y110.704 E0.00003
G1 X124.803 Y110.754 E0.00003
G1 X124.889 Y110.803 E0.00003
G1 X124.975 Y110.853 E0.00003
G1 X125.061 Y110.902 E0.00003
G1 X125.147 Y110.952 E0.00003
G1 X125.232 Y111.001 E0.00003
G1 X125.318 Y111.05 E0.00003
G1 X125.404 Y111.1 E0.00003
G1 X125.49 Y111.149 E0.00003
G1 X125.576 Y111.199 E0.00003
G1 F1005.7 X125.661 Y111.248 E0.00003
G1 X125.747 Y111.298 E0.00003
G1 X125.833 Y111.347 E0.00003
G1 X125.919 Y111.396 E0.00003
G1 X126.004 Y111.446 E0.00003
G1 X126.09 Y111.495 E0.00003
G1 X126.176 Y111.545 E0.00003
G1 X126.262 Y111.594 E0.00003
G1 X126.348 Y111.644 E0.00003
G1 X126.433 Y111.693 E0.00003
G1 X126.519 Y111.742 E0.00003
G1 X126.605 Y111.792 E0.00003
G1 X126.691 Y111.841 E0.00003
G1 X126.777 Y111.891 E0.00003
G1 X126.862 Y111.94 E0.00003
G1 X126.948 Y111.99 E0.00003
G1 X127.034 Y112.039 E0.00003
G1 X127.12 Y112.089 E0.00003
G1 X127.037 Y112.041 E0.00003
G1 X126.951 Y111.992 E0.00003
G1 X126.865 Y111.942 E0.00003
G1 X126.779 Y111.893 E0.00003
G1 X126.694 Y111.843 E0.00003
G1 X126.608 Y111.794 E0.00003
G1 X126.522 Y111.744 E0.00003
G1 X126.436 Y111.695 E0.00003
G1 X126.35 Y111.646 E0.00003
G1 X126.265 Y111.596 E0.00003
G1 X126.179 Y111.547 E0.00003
G1 X126.093 Y111.497 E0.00003
G1 X126.007 Y111.448 E0.00003
G1 X125.921 Y111.398 E0.00003
G1 X125.836 Y111.349 E0.00003
G1 X125.75 Y111.3 E0.00003
G1 X125.664 Y111.25 E0.00003
G1 X125.578 Y111.201 E0.00003
G1 F1000.9 X125.492 Y111.151 E0.00003
G1 X125.407 Y111.102 E0.00003
G1 X125.321 Y111.052 E0.00003
G1 X125.235 Y111.003 E0.00003
G1 X125.149 Y110.954 E0.00003
G1 X125.064 Y110.904 E0.00003
G1 X124.978 Y110.855 E0.00003
G1 X124.892 Y110.805 E0.00003
G1 X124.806 Y110.756 E0.00003
G1 X124.72 Y110.706 E0.00003
G1 X124.635 Y110.657 E0.00003
G1 X124.549 Y110.608 E0.00003
G1 X124.463 Y110.558 E0.00003
G1 X124.377 Y110.509 E0.00003
G1 X124.291 Y110.459 E0.00003
G1 X124.206 Y110.41 E0.00003
G1 X124.12 Y110.36 E0.00003
G1 X124.034 Y110.311 E0.00003
G1 X123.948 Y110.261 E0.00003
G1 F996.2 X123.934 Y110.252 E0
G0 F24000 X123.946 Y110.26
G0 X124.107 Y110.352
G1 F60 E-0.001
G1 F18000 Z2.8
G0 F24000 X127.122 Y107.907 Z2.8
G1 F18000 Z0.8
G1 F60 E0.001
G1 F1005.7 X127.064 Y107.94 E0.00002
G1 X127.006 Y107.974 E0.00002
G1 X126.948 Y108.007 E0.00002
G1 X126.89 Y108.041 E0.00002
G1 X126.832 Y108.074 E0.00002
G1 X126.774 Y108.108 E0.00002
G1 X126.716 Y108.141 E0.00002
G1 X126.658 Y108.175 E0.00002
G1 X126.6 Y108.208 E0.00002
G1 X126.542 Y108.242 E0.00002
G1 X126.484 Y108.275 E0.00002
G1 X126.426 Y108.309 E0.00002
G1 X126.368 Y108.342 E0.00002
G1 X126.31 Y108.376 E0.00002
G1 X126.252 Y108.409 E0.00002
G1 X126.194 Y108.443 E0.00002
G1 X126.136 Y108.476 E0.00002
G1 X126.078 Y108.51 E0.00002
G1 F1000.9 X126.02 Y108.543 E0.00002
G1 X125.962 Y108.577 E0.00002
G1 X125.904 Y108.61 E0.00002
G1 X125.846 Y108.644 E0.00002
G1 X125.788 Y108.677 E0.00002
G1 X125.73 Y108.711 E0.00002
G1 X125.672 Y108.744 E0.00002
G1 X125.614 Y108.778 E0.00002
G1 X125.556 Y108.811 E0.00002
G1 X125.498 Y108.845 E0.00002
G1 X125.44 Y108.879 E0.00002
G1 X125.382 Y108.912 E0.00002
G1 X125.324 Y108.946 E0.00002
G1 X125.266 Y108.979 E0.00002
G1 X125.208 Y109.013 E0.00002
G1 X125.15 Y109.046 E0.00002
G1 X125.092 Y109.08 E0.00002
G1 X125.034 Y109.113 E0.00002
G1 X124.976 Y109.147 E0.00002
G1 F996.2 X124.918 Y109.18 E0.00002
G1 X124.86 Y109.214 E0.00002
G1 X124.802 Y109.247 E0.00002
G1 X124.744 Y109.281 E0.00002
G1 X124.686 Y109.314 E0.00002
G1 X124.628 Y109.348 E0.00002
G1 X124.57 Y109.381 E0.00002
G1 X124.512 Y109.415 E0.00002
G1 X124.454 Y109.448 E0.00002
G1 X124.396 Y109.482 E0.00002
G1 X124.338 Y109.515 E0.00002
G1 X124.28 Y109.549 E0.00002
G1 X124.222 Y109.582 E0.00002
G1 X124.164 Y109.616 E0.00002
G1 X124.106 Y109.649 E0.00002
G1 X124.048 Y109.683 E0.00002
G1 X123.99 Y109.716 E0.00002
G1 X123.932 Y109.75 E0.00002
G1 F991.5 X123.95 Y109.74 E0.00001
G1 X123.924 Y109.754 E0.00001
G1 X123.967 Y109.729 E0.00001
G1 X124.01 Y109.704 E0.00001
G1 X124.053 Y109.679 E0.00001
G1 X124.097 Y109.654 E0.00001
G1 X124.14 Y109.629 E0.00001
G1 X124.183 Y109.604 E0.00001
G1 X124.227 Y109.579 E0.00001
G1 X124.27 Y109.554 E0.00001
G1 X124.313 Y109.529 E0.00001
G1 X124.356 Y109.504 E0.00001
G1 X124.4 Y109.479 E0.00001
G1 X124.443 Y109.454 E0.00001
G1 X124.486 Y109.429 E0.00001
G1 X124.53 Y109.404 E0.00001
G1 X124.573 Y109.379 E0.00001
G1 X124.616 Y109.354 E0.00001
G1 X124.66 Y109.329 E0.00001
G1 X124.703 Y109.304 E0.00001
G1 X124.746 Y109.279 E0.00001
G1 F996.2 X124.789 Y109.254 E0.00001
G1 X124.833 Y109.229 E0.00001
G1 X124.876 Y109.204 E0.00001
G1 X124.919 Y109.179 E0.00001
G1 X124.963 Y109.154 E0.00001
G1 X125.006 Y109.129 E0.00001
G1 X125.049 Y109.104 E0.00001
G1 X125.093 Y109.079 E0.00001
G1 X125.136 Y109.054 E0.00001
G1 X125.179 Y109.029 E0.00001
G1 X125.222 Y109.004 E0.00001
G1 X125.266 Y108.979 E0.00001
G1 X125.309 Y108.954 E0.00001
G1 X125.352 Y108.929 E0.00001
G1 X125.396 Y108.904 E0.00001
G1 X125.439 Y108.879 E0.00001
G1 X125.482 Y108.854 E0.00001
G1 X125.526 Y108.829 E0.00001
G1 F1000.9 X125.569 Y108.804 E0.00001
G1 X125.612 Y108.779 E0.00001
G1 X125.655 Y108.754 E0.00001
G1 X125.699 Y108.729 E0.00001
G1 X125.742 Y108.704 E0.00001
G1 X125.785 Y108.679 E0.00001
G1 X125.829 Y108.654 E0.00001
G1 X125.872 Y108.629 E0.00001
G1 X125.915 Y108.604 E0.00001
G1 X125.959 Y108.579 E0.00001
G1 X126.002 Y108.554 E0.00001
G1 X126.045 Y108.529 E0.00001
G1 X126.088 Y108.504 E0.00001
G1 X126.132 Y108.479 E0.00001
G1 X126.175 Y108.454 E0.00001
G1 X126.218 Y108.429 E0.00001
G1 X126.262 Y108.404 E0.00001
G1 X126.305 Y108.379 E0.00001
G1 X126.348 Y108.354 E0.00001
G1 F1005.7 X126.391 Y108.329 E0.00001
G1 X126.435 Y108.304 E0.00001
G1 X126.478 Y108.279 E0.00001
G1 X126.521 Y108.254 E0.00001
G1 X126.565 Y108.229 E0.00001
G1 X126.608 Y108.204 E0.00001
G1 X126.651 Y108.179 E0.00001
G1 X126.695 Y108.154 E0.00001
G1 X126.738 Y108.129 E0.00001
G1 X126.781 Y108.104 E0.00001
G1 X126.824 Y108.079 E0.00001
G1 X126.868 Y108.054 E0.00001
G1 X126.911 Y108.029 E0.00001
G1 X126.954 Y108.004 E0.00001
G1 X126.998 Y107.979 E0.00001
G1 X127.041 Y107.954 E0.00001
G1 X127.084 Y107.929 E0.00001
G1 X127.128 Y107.904 E0.00001
G0 F24000 X126.949 Y108.007
G1 F60 E-0.001
G1 F18000 Z2.8
G0 F24000 X124.828 Y108.057 Z2.8
G1 F18000 Z0.8
G1 F60 E0.001
G1 F934.5 X124.817 Y108.06 E0
G1 F922.3 X124.805 Y108.063 E0
G1 F906.4 X124.794 Y108.066 E0
G1 F894.9 X124.782 Y108.069 E0
G1 F883.7 X124.77 Y108.072 E0
G1 F869.1 X124.758 Y108.073 E0
G1 F855.1 X124.747 Y108.074 E0
G1 F841.4 X124.736 Y108.075 E0
G1 F825 X124.725 Y108.076 E0
G1 F812.3 X124.714 Y108.077 E0
G1 F800 X124.703 Y108.078 E0
G1 F785.1 X124.692 Y108.079 E0
G1 F773.6 X124.681 Y108.08 E0
G1 F762.5 X124.67 Y108.081 E0
G1 F751.6 X124.659 Y108.082 E0
G1 F738.5 X124.648 Y108.083 E0
G1 F728.3 X124.637 Y108.083 E0
G1 F718.4 X124.626 Y108.084 E0
G1 F706.4 X124.615 Y108.085 E0
G1 F697 X124.604 Y108.086 E0
G1 F687.9 X124.594 Y108.087 E0
G1 X124.594 Y108.077 E0
G1 F701.7 X124.588 Y108.067 E0
G1 F715.9 X124.581 Y108.057 E0
G1 F728.3 X124.577 Y108.048 E0
G1 F738.5 X124.573 Y108.039 E0
G1 F748.9 X124.569 Y108.03 E0
G1 F759.7 X124.564 Y108.021 E0
G1 F773.6 X124.56 Y108.012 E0
G1 F785.1 X124.556 Y108.003 E0
G1 F797 X124.551 Y107.994 E0
G1 F809.2 X124.549 Y107.985 E0
G1 F818.6 X124.546 Y107.975 E0
G1 F828.2 X124.543 Y107.966 E0
G1 F838.1 X124.54 Y107.956 E0
G1 F848.2 X124.537 Y107.946 E0
G1 F858.5 X124.534 Y107.937 E0
G1 F869.1 X124.532 Y107.927 E0
G1 F876.3 X124.529 Y107.918 E0
G1 F887.4 X124.526 Y107.908 E0
G1 F898.7 X124.523 Y107.898 E0
G1 F910.3 X124.52 Y107.889 E0
G1 F922.3 X124.517 Y107.879 E0
G1 F934.5 X124.515 Y107.87 E0
G1 F947.1 X124.512 Y107.86 E0
G1 F960 X124.509 Y107.85 E0
G1 F973.3 X124.504 Y107.82 E0.00001
G1 F986.9 X124.501 Y107.795 E0.00001
G1 F996.2 X124.501 Y107.729 E0.00002
G1 X124.501 Y107.662 E0.00002
G1 X124.501 Y107.595 E0.00002
G1 X124.501 Y107.528 E0.00002
G1 X124.501 Y107.461 E0.00002
G1 X124.501 Y107.394 E0.00002
G1 X124.501 Y107.327 E0.00002
G1 X124.501 Y107.26 E0.00002
G1 X124.501 Y107.193 E0.00002
G1 X124.501 Y107.126 E0.00002
G1 X124.501 Y107.059 E0.00002
G1 X124.501 Y106.992 E0.00002
G1 X124.501 Y106.925 E0.00002
G1 X124.501 Y106.858 E0.00002
G1 X124.501 Y106.791 E0.00002
G1 X124.501 Y106.724 E0.00002
G1 X124.501 Y106.657 E0.00002
G1 X124.501 Y106.59 E0.00002
G1 X124.501 Y106.523 E0.00002
G1 X124.501 Y106.456 E0.00002
G1 X124.501 Y106.389 E0.00002
G1 X124.501 Y106.322 E0.00002
G1 X124.501 Y106.255 E0.00002
G1 X124.501 Y106.188 E0.00002
G1 X124.501 Y106.121 E0.00002
G1 X124.501 Y106.054 E0.00002
G1 X124.5 Y105.987 E0.00002
G1 F1000.9 X124.5 Y105.92 E0.00002
G1 X124.5 Y105.853 E0.00002
G1 X124.5 Y105.786 E0.00002
G1 X124.5 Y105.719 E0.00002
G1 X124.5 Y105.652 E0.00002
G1 X124.5 Y105.585 E0.00002
G1 X124.5 Y105.518 E0.00002
G1 X124.5 Y105.451 E0.00002
G1 X124.5 Y105.384 E0.00002
G1 X124.5 Y105.317 E0.00002
G1 X124.5 Y105.25 E0.00002
G1 X124.5 Y105.183 E0.00002
G1 X124.5 Y105.116 E0.00002
G1 X124.5 Y105.049 E0.00002
G1 X124.5 Y104.982 E0.00002
G1 X124.5 Y104.915 E0.00002
G1 X124.5 Y104.848 E0.00002
G1 X124.5 Y104.781 E0.00002
G1 X124.5 Y104.714 E0.00002
G1 X124.5 Y104.647 E0.00002
G1 X124.5 Y104.58 E0.00002
G1 X124.5 Y104.513 E0.00002
G1 X124.5 Y104.446 E0.00002
G1 X124.5 Y104.379 E0.00002
G1 X124.5 Y104.312 E0.00002
G1 X124.5 Y104.245 E0.00002
G1 X124.499 Y104.178 E0.00002
G1 F1005.7 X124.499 Y104.111 E0.00002
G1 X124.499 Y104.044 E0.00002
G1 X124.499 Y103.977 E0.00002
G1 X124.499 Y103.91 E0.00002
G1 X124.499 Y103.843 E0.00002
G1 X124.499 Y103.776 E0.00002
G1 X124.499 Y103.709 E0.00002
G1 X124.499 Y103.642 E0.00002
G1 X124.499 Y103.575 E0.00002
G1 X124.499 Y103.508 E0.00002
G1 X124.499 Y103.441 E0.00002
G1 X124.499 Y103.374 E0.00002
G1 X124.499 Y103.307 E0.00002
G1 X124.499 Y103.24 E0.00002
G1 X124.499 Y103.173 E0.00002
G1 X124.499 Y103.106 E0.00002
G1 X124.499 Y103.039 E0.00002
G1 X124.499 Y102.972 E0.00002
G1 X124.499 Y102.905 E0.00002
G1 X124.499 Y102.838 E0.00002
G1 X124.499 Y102.771 E0.00002
G1 X124.499 Y102.704 E0.00002
G1 X124.499 Y102.637 E0.00002
G1 X124.499 Y102.57 E0.00002
G1 X124.499 Y102.503 E0.00002
G1 X124.499 Y102.436 E0.00002
G1 X124.498 Y102.369 E0.00002
G1 X124.498 Y102.473 E0.00003
G1 X124.498 Y102.54 E0.00002
G1 X124.498 Y102.607 E0.00002
G1 X124.498 Y102.674 E0.00002
G1 X124.498 Y102.741 E0.00002
G1 X124.498 Y102.808 E0.00002
G1 X124.498 Y102.875 E0.00002
G1 X124.498 Y102.942 E0.00002
G1 X124.498 Y103.009 E0.00002
G1 X124.498 Y103.076 E0.00002
G1 X124.498 Y103.143 E0.00002
G1 X124.498 Y103.21 E0.00002
G1 X124.498 Y103.277 E0.00002
G1 X124.498 Y103.344 E0.00002
G1 X124.498 Y103.411 E0.00002
G1 X124.498 Y103.478 E0.00002
G1 X124.498 Y103.545 E0.00002
G1 X124.498 Y103.612 E0.00002
G1 X124.498 Y103.679 E0.00002
G1 X124.498 Y103.746 E0.00002
G1 X124.498 Y103.813 E0.00002
G1 X124.498 Y103.88 E0.00002
G1 X124.498 Y103.947 E0.00002
G1 X124.498 Y104.014 E0.00002
G1 X124.498 Y104.081 E0.00002
G1 X124.498 Y104.148 E0.00002
G1 X124.499 Y104.215 E0.00002
G1 F1000.9 X124.499 Y104.282 E0.00002
G1 X124.499 Y104.349 E0.00002
G1 X124.499 Y104.416 E0.00002
G1 X124.499 Y104.483 E0.00002
G1 X124.499 Y104.55 E0.00002
G1 X124.499 Y104.617 E0.00002
G1 X124.499 Y104.684 E0.00002
G1 X124.499 Y104.751 E0.00002
G1 X124.499 Y104.818 E0.00002
G1 X124.499 Y104.885 E0.00002
G1 X124.499 Y104.952 E0.00002
G1 X124.499 Y105.019 E0.00002
G1 X124.499 Y105.086 E0.00002
G1 X124.499 Y105.153 E0.00002
G1 X124.499 Y105.22 E0.00002
G1 X124.499 Y105.287 E0.00002
G1 X124.499 Y105.354 E0.00002
G1 X124.499 Y105.421 E0.00002
G1 X124.499 Y105.488 E0.00002
G1 X124.499 Y105.555 E0.00002
G1 X124.499 Y105.622 E0.00002
G1 X124.499 Y105.689 E0.00002
G1 X124.499 Y105.756 E0.00002
G1 X124.499 Y105.823 E0.00002
G1 X124.499 Y105.89 E0.00002
G1 X124.499 Y105.957 E0.00002
G1 X124.5 Y106.024 E0.00002
G1 F996.2 X124.5 Y106.091 E0.00002
G1 X124.5 Y106.158 E0.00002
G1 X124.5 Y106.225 E0.00002
G1 X124.5 Y106.292 E0.00002
G1 X124.5 Y106.359 E0.00002
G1 X124.5 Y106.426 E0.00002
G1 X124.5 Y106.493 E0.00002
G1 X124.5 Y106.56 E0.00002
G1 X124.5 Y106.627 E0.00002
G1 X124.5 Y106.694 E0.00002
G1 X124.5 Y106.761 E0.00002
G1 X124.5 Y106.828 E0.00002
G1 X124.5 Y106.895 E0.00002
G1 X124.5 Y106.962 E0.00002
G1 X124.5 Y107.029 E0.00002
G1 X124.5 Y107.096 E0.00002
G1 X124.5 Y107.163 E0.00002
G1 X124.5 Y107.23 E0.00002
G1 X124.5 Y107.297 E0.00002
G1 X124.5 Y107.364 E0.00002
G1 X124.5 Y107.431 E0.00002
G1 X124.5 Y107.498 E0.00002
G1 X124.5 Y107.565 E0.00002
G1 X124.5 Y107.632 E0.00002
G1 X124.5 Y107.699 E0.00002
G1 X124.5 Y107.766 E0.00002
G1 X124.501 Y107.833 E0.00002
G1 F986.9 X124.504 Y107.821 E0
G1 F973.3 X124.507 Y107.846 E0.00001
G1 F960 X124.509 Y107.854 E0
G1 F947.1 X124.512 Y107.864 E0
G1 F934.5 X124.515 Y107.873 E0
G1 F922.3 X124.518 Y107.883 E0
G1 F910.3 X124.521 Y107.893 E0
G1 F898.7 X124.524 Y107.902 E0
G1 F887.4 X124.526 Y107.912 E0
G1 F876.3 X124.529 Y107.921 E0
G1 F869.1 X124.532 Y107.931 E0
G1 F858.5 X124.535 Y107.941 E0
G1 F848.2 X124.538 Y107.95 E0
G1 F838.1 X124.541 Y107.96 E0
G1 F828.2 X124.543 Y107.969 E0
G1 F818.6 X124.546 Y107.979 E0
G1 F809.2 X124.549 Y107.989 E0
G1 F797 X124.555 Y108.003 E0.00001
G1 F785.1 X124.559 Y108.012 E0
G1 F773.6 X124.563 Y108.021 E0
G1 F759.7 X124.568 Y108.03 E0
G1 F748.9 X124.572 Y108.039 E0
G1 F738.5 X124.576 Y108.048 E0
G1 F728.3 X124.581 Y108.057 E0
G1 F715.9 X124.585 Y108.068 E0
G1 F701.7 X124.589 Y108.079 E0
G1 F687.9 X124.593 Y108.091 E0
G1 F681.3 X124.6 Y108.095 E0
G1 F687.9 X124.61 Y108.094 E0
G1 F697 X124.621 Y108.093 E0
G1 F706.4 X124.632 Y108.091 E0
G1 F718.4 X124.643 Y108.09 E0
G1 F728.3 X124.654 Y108.088 E0
G1 F738.5 X124.665 Y108.087 E0
G1 F751.6 X124.676 Y108.085 E0
G1 F762.5 X124.687 Y108.084 E0
G1 F773.6 X124.698 Y108.083 E0
G1 F785.1 X124.709 Y108.081 E0
G1 F800 X124.72 Y108.08 E0
G1 F812.3 X124.731 Y108.078 E0
G1 F825 X124.742 Y108.077 E0
G1 F841.4 X124.753 Y108.075 E0
G1 F855.1 X124.764 Y108.074 E0
G1 F869.1 X124.774 Y108.073 E0
G1 F883.7 X124.779 Y108.07 E0
G1 F894.9 X124.791 Y108.067 E0
G1 F906.4 X124.802 Y108.064 E0
G1 F922.3 X124.814 Y108.061 E0
G1 F934.5 X124.826 Y108.058 E0
G1 F942.9 X124.84 Y108.053 E0
G1 F951.4 X124.852 Y108.048 E0
G1 F960 X124.864 Y108.043 E0
G1 F964.4 X124.876 Y108.038 E0
G1 F973.3 X124.888 Y108.033 E0
G1 F982.3 X124.9 Y108.028 E0
G1 F986.9 X124.912 Y108.023 E0
G1 F996.2 X124.924 Y108.018 E0
G1 F1005.7 X124.936 Y108.013 E0
G1 X127.122 Y106.751 E0.00066
G1 X124.933 Y108.014 E0.00066
G1 X124.921 Y108.018 E0
G1 F996.2 X124.909 Y108.023 E0
G1 F986.9 X124.897 Y108.028 E0
G1 F982.3 X124.885 Y108.033 E0
G1 F973.3 X124.873 Y108.038 E0
G1 F964.4 X124.861 Y108.043 E0
G1 F960 X124.849 Y108.048 E0
G1 F951.4 X124.837 Y108.053 E0
G1 F942.9 X124.825 Y108.058 E0
G0 F24000 X124.768 Y108.073
G0 X124.631 Y108.084
G1 F60 E-0.001
G1 F18000 Z2.8
G0 F24000 X125.902 Y110.226 Z2.8
G1 F18000 Z0.8
G1 F60 E0.001
G1 F991.5 X125.886 Y110.214 E0.00001
G1 F977.8 X125.87 Y110.202 E0.00001
G1 F964.4 X125.862 Y110.195 E0
G1 F955.7 X125.854 Y110.187 E0
G1 F942.9 X125.846 Y110.18 E0
G1 F934.5 X125.838 Y110.172 E0
G1 F922.3 X125.83 Y110.165 E0
G1 F914.3 X125.822 Y110.157 E0
G1 F902.6 X125.814 Y110.15 E0
G1 F894.9 X125.805 Y110.142 E0
G1 F880 X125.795 Y110.13 E0
G1 F862 X125.784 Y110.118 E0
G1 F844.8 X125.779 Y110.11 E0
G1 F831.5 X125.773 Y110.102 E0
G1 F818.6 X125.767 Y110.094 E0
G1 F806.1 X125.761 Y110.086 E0
G1 F794 X125.755 Y110.078 E0
G1 F782.2 X125.749 Y110.069 E0
G1 F768 X125.744 Y110.061 E0
G1 F757 X125.738 Y110.053 E0
G1 F746.3 X125.732 Y110.045 E0
G1 F735.9 X125.726 Y110.037 E0
G1 F725.8 X125.72 Y110.029 E0
G1 F715.9 X125.714 Y110.02 E0
G1 F701.7 X125.711 Y110.01 E0
G1 F687.9 X125.707 Y109.999 E0
G1 X125.71 Y109.99 E0
G1 F701.7 X125.713 Y109.98 E0
G1 F713.5 X125.719 Y109.972 E0
G1 F723.3 X125.725 Y109.964 E0
G1 F733.3 X125.731 Y109.956 E0
G1 F743.7 X125.737 Y109.948 E0
G1 F754.3 X125.743 Y109.94 E0
G1 F765.2 X125.749 Y109.932 E0
G1 F776.5 X125.755 Y109.924 E0
G1 F788.1 X125.761 Y109.916 E0
G1 F800 X125.767 Y109.908 E0
G1 F812.3 X125.773 Y109.9 E0
G1 F825 X125.779 Y109.892 E0
G1 F838.1 X125.785 Y109.884 E0
G1 F851.6 X125.791 Y109.876 E0
G1 F865.6 X125.797 Y109.868 E0
G1 F880 X125.809 Y109.855 E0.00001
G1 F894.9 X125.818 Y109.846 E0
G1 F906.4 X125.827 Y109.837 E0
G1 F922.3 X125.836 Y109.827 E0
G1 F934.5 X125.846 Y109.818 E0
G1 F942.9 X125.857 Y109.809 E0
G1 F951.4 X125.867 Y109.8 E0
G1 F964.4 X125.878 Y109.791 E0
G1 F973.3 X125.888 Y109.782 E0
G1 F982.3 X125.899 Y109.772 E0
G1 F996.2 X125.93 Y109.754 E0.00001
G1 F1005.7 X126.1 Y109.656 E0.00005
G1 X126.27 Y109.557 E0.00005
G1 X126.441 Y109.458 E0.00005
G1 X126.611 Y109.359 E0.00005
G1 X126.782 Y109.261 E0.00005
G1 X126.952 Y109.162 E0.00005
G1 X127.122 Y109.063 E0.00005
G1 X126.952 Y109.161 E0.00005
G1 X126.782 Y109.26 E0.00005
G1 X126.611 Y109.359 E0.00005
G1 X126.441 Y109.458 E0.00005
G1 X126.27 Y109.556 E0.00005
G1 X126.1 Y109.655 E0.00005
G1 X125.93 Y109.754 E0.00005
G1 F996.2 X125.899 Y109.772 E0.00001
G1 F982.3 X125.889 Y109.781 E0
G1 F973.3 X125.878 Y109.79 E0
G1 F964.4 X125.868 Y109.799 E0
G1 F951.4 X125.857 Y109.808 E0
G1 F942.9 X125.847 Y109.817 E0
G1 F934.5 X125.836 Y109.827 E0
G1 F922.3 X125.827 Y109.836 E0
G1 F906.4 X125.818 Y109.845 E0
G1 F894.9 X125.809 Y109.854 E0
G1 F880 X125.8 Y109.864 E0
G1 F865.6 X125.794 Y109.872 E0
G1 F851.6 X125.788 Y109.88 E0
G1 F838.1 X125.782 Y109.888 E0
G1 F825 X125.776 Y109.896 E0
G1 F812.3 X125.77 Y109.904 E0
G1 F800 X125.764 Y109.912 E0
G1 F788.1 X125.758 Y109.92 E0
G1 F776.5 X125.752 Y109.928 E0
G1 F765.2 X125.746 Y109.936 E0
G1 F754.3 X125.74 Y109.944 E0
G1 F743.7 X125.734 Y109.952 E0
G1 F733.3 X125.728 Y109.96 E0
G1 F723.3 X125.722 Y109.968 E0
G1 F713.5 X125.716 Y109.976 E0
G1 F701.7 X125.707 Y109.987 E0.00001
G1 F687.9 X125.7 Y109.995 E0
G1 F681.3 X125.7 Y110.003 E0
G1 F687.9 X125.707 Y110.011 E0
G1 F701.7 X125.714 Y110.02 E0
G1 F715.9 X125.719 Y110.028 E0
G1 F725.8 X125.725 Y110.036 E0
G1 F735.9 X125.731 Y110.044 E0
G1 F746.3 X125.737 Y110.052 E0
G1 F757 X125.743 Y110.06 E0
G1 F768 X125.749 Y110.069 E0
G1 F782.2 X125.754 Y110.077 E0
G1 F794 X125.76 Y110.085 E0
G1 F806.1 X125.766 Y110.093 E0
G1 F818.6 X125.772 Y110.101 E0
G1 F831.5 X125.778 Y110.109 E0
G1 F844.8 X125.784 Y110.118 E0
G1 F862 X125.794 Y110.13 E0
G1 F880 X125.805 Y110.142 E0
G1 F894.9 X125.813 Y110.149 E0
G1 F902.6 X125.821 Y110.157 E0
G1 F914.3 X125.829 Y110.164 E0
G1 F922.3 X125.837 Y110.172 E0
G1 F934.5 X125.845 Y110.179 E0
G1 F942.9 X125.853 Y110.187 E0
G1 F955.7 X125.861 Y110.194 E0
G1 F964.4 X125.87 Y110.202 E0
G1 F977.8 X125.886 Y110.214 E0.00001
G1 F991.5 X125.902 Y110.226 E0.00001
G1 F1005.7 X125.948 Y110.257 E0.00001
G1 F1010.5 X126.116 Y110.353 E0.00005
G1 X126.284 Y110.45 E0.00005
G1 X126.452 Y110.547 E0.00005
G1 X126.62 Y110.644 E0.00005
G1 X126.788 Y110.741 E0.00005
G1 X126.956 Y110.838 E0.00005
G1 X127.124 Y110.935 E0.00005
G1 X126.954 Y110.838 E0.00005
G1 X126.786 Y110.741 E0.00005
G1 X126.618 Y110.644 E0.00005
G1 X126.45 Y110.547 E0.00005
G1 X126.282 Y110.45 E0.00005
G1 X126.114 Y110.353 E0.00005
G1 X125.946 Y110.256 E0.00005
G1 X125.948 Y110.257 E0
G1 F1005.7 X125.902 Y110.226 E0.00001
G0 F24000 X125.87 Y110.202
G0 X125.805 Y110.142
G0 X125.784 Y110.118
G0 X125.761 Y110.086
G1 F60 E-0.001
G1 F18000 Z2.8
G0 F24000 X124.504 Y112.224 Z2.8
G1 F18000 Z0.8
G1 F60 E0.001
G1 F996.2 X124.505 Y112.211 E0
G1 F986.9 X124.507 Y112.197 E0
G1 F977.8 X124.508 Y112.183 E0
G1 F968.8 X124.51 Y112.169 E0
G1 F964.4 X124.512 Y112.155 E0
G1 F955.7 X124.513 Y112.141 E0
G1 F947.1 X124.515 Y112.127 E0
G1 F938.7 X124.519 Y112.11 E0
G1 F922.3 X124.522 Y112.095 E0
G1 F906.4 X124.525 Y112.08 E0
G1 F891.1 X124.53 Y112.07 E0
G1 F876.3 X124.534 Y112.061 E0
G1 F862 X124.538 Y112.052 E0
G1 F848.2 X124.542 Y112.043 E0
G1 F834.8 X124.546 Y112.034 E0
G1 F821.8 X124.55 Y112.025 E0
G1 F806.1 X124.555 Y112.016 E0
G1 F794 X124.559 Y112.007 E0
G1 F782.2 X124.563 Y111.998 E0
G1 F770.8 X124.567 Y111.989 E0
G1 F759.7 X124.571 Y111.979 E0
G1 F748.9 X124.575 Y111.97 E0
G1 F735.9 X124.579 Y111.961 E0
G1 F725.8 X124.584 Y111.952 E0
G1 F715.9 X124.588 Y111.943 E0
G1 F706.4 X124.592 Y111.934 E0
G1 F697 X124.596 Y111.925 E0
G1 F687.9 X124.6 Y111.916 E0
G1 F692.5 X124.624 Y111.905 E0.00001
G1 F708.7 X124.634 Y111.905 E0
G1 F718.4 X124.644 Y111.906 E0
G1 F730.8 X124.654 Y111.907 E0
G1 F741.1 X124.664 Y111.907 E0
G1 F754.3 X124.674 Y111.908 E0
G1 F768 X124.684 Y111.909 E0
G1 F779.3 X124.694 Y111.909 E0
G1 F791 X124.706 Y111.912 E0
G1 F800 X124.717 Y111.914 E0
G1 F809.2 X124.728 Y111.917 E0
G1 F818.6 X124.738 Y111.919 E0
G1 F831.5 X124.749 Y111.922 E0
G1 F841.4 X124.76 Y111.924 E0
G1 F851.6 X124.771 Y111.927 E0
G1 F862 X124.781 Y111.929 E0
G1 F872.7 X124.792 Y111.931 E0
G1 F883.7 X124.803 Y111.934 E0
G1 F894.9 X124.813 Y111.936 E0
G1 F910.3 X124.824 Y111.939 E0
G1 F922.3 X124.835 Y111.941 E0
G1 F934.5 X124.846 Y111.944 E0
G1 F947.1 X124.856 Y111.946 E0
G1 F960 X124.873 Y111.954 E0.00001
G1 F977.8 X124.896 Y111.963 E0.00001
G1 F986.9 X124.922 Y111.976 E0.00001
G1 F996.2 X124.949 Y111.989 E0.00001
G1 F1005.7 X125.116 Y112.085 E0.00005
G1 X125.283 Y112.182 E0.00005
G1 X125.45 Y112.278 E0.00005
G1 X125.617 Y112.375 E0.00005
G1 X125.784 Y112.471 E0.00005
G1 X125.951 Y112.568 E0.00005
G1 X126.118 Y112.665 E0.00005
G1 X126.285 Y112.761 E0.00005
G1 X126.452 Y112.858 E0.00005
G1 X126.619 Y112.954 E0.00005
G1 X126.786 Y113.051 E0.00005
G1 X126.954 Y113.147 E0.00005
G1 X127.121 Y113.244 E0.00005
G1 X126.955 Y113.149 E0.00005
G1 X126.788 Y113.052 E0.00005
G1 X126.621 Y112.956 E0.00005
G1 X126.454 Y112.859 E0.00005
G1 X126.287 Y112.763 E0.00005
G1 X126.12 Y112.666 E0.00005
G1 X125.953 Y112.569 E0.00005
G1 X125.786 Y112.473 E0.00005
G1 X125.619 Y112.376 E0.00005
G1 X125.452 Y112.28 E0.00005
G1 X125.285 Y112.183 E0.00005
G1 X125.117 Y112.087 E0.00005
G1 X124.95 Y111.99 E0.00005
G1 F1000.9 X124.949 Y111.989 E0
G1 F996.2 X124.923 Y111.976 E0.00001
G1 F986.9 X124.896 Y111.963 E0.00001
G1 F977.8 X124.873 Y111.954 E0.00001
G1 F960 X124.85 Y111.945 E0.00001
G1 F947.1 X124.84 Y111.943 E0
G1 F934.5 X124.829 Y111.941 E0
G1 F922.3 X124.818 Y111.938 E0
G1 F910.3 X124.808 Y111.936 E0
G1 F894.9 X124.797 Y111.933 E0
G1 F883.7 X124.786 Y111.931 E0
G1 F872.7 X124.775 Y111.928 E0
G1 F862 X124.765 Y111.926 E0
G1 F851.6 X124.754 Y111.924 E0
G1 F841.4 X124.743 Y111.921 E0
G1 F831.5 X124.733 Y111.919 E0
G1 F818.6 X124.722 Y111.916 E0
G1 F809.2 X124.711 Y111.914 E0
G1 F800 X124.7 Y111.911 E0
G1 F791 X124.69 Y111.909 E0
G1 F779.3 X124.686 Y111.91 E0
G1 F768 X124.676 Y111.909 E0
G1 F754.3 X124.666 Y111.908 E0
G1 F741.1 X124.656 Y111.908 E0
G1 F730.8 X124.646 Y111.907 E0
G1 F718.4 X124.636 Y111.906 E0
G1 F708.7 X124.626 Y111.906 E0
G1 F697 X124.611 Y111.901 E0.00001
G1 F687.9 X124.598 Y111.896 E0.00001
G1 F681.3 X124.597 Y111.904 E0
G1 F687.9 X124.593 Y111.914 E0
G1 F697 X124.589 Y111.924 E0
G1 F706.4 X124.585 Y111.934 E0
G1 F715.9 X124.581 Y111.944 E0
G1 F725.8 X124.577 Y111.954 E0
G1 F735.9 X124.573 Y111.965 E0
G1 F748.9 X124.569 Y111.975 E0
G1 F759.7 X124.564 Y111.985 E0
G1 F770.8 X124.56 Y111.995 E0
G1 F782.2 X124.556 Y112.005 E0
G1 F794 X124.552 Y112.016 E0
G1 F806.1 X124.548 Y112.026 E0
G1 F821.8 X124.544 Y112.036 E0
G1 F834.8 X124.54 Y112.046 E0
G1 F848.2 X124.536 Y112.056 E0
G1 F862 X124.531 Y112.066 E0
G1 F876.3 X124.527 Y112.077 E0
G1 F891.1 X124.523 Y112.087 E0
G1 F906.4 X124.523 Y112.093 E0
G1 F922.3 X124.52 Y112.108 E0
G1 F938.7 X124.517 Y112.123 E0
G1 F947.1 X124.515 Y112.137 E0
G1 F955.7 X124.513 Y112.151 E0
G1 F964.4 X124.512 Y112.165 E0
G1 F968.8 X124.51 Y112.179 E0
G1 F977.8 X124.508 Y112.193 E0
G1 F986.9 X124.507 Y112.207 E0
G1 F996.2 X124.505 Y112.221 E0
G1 F1000.9 X124.504 Y112.323 E0.00003
G1 X124.504 Y112.422 E0.00003
G1 X124.504 Y112.521 E0.00003
G1 X124.504 Y112.62 E0.00003
G1 X124.504 Y112.719 E0.00003
G1 X124.504 Y112.818 E0.00003
G1 X124.504 Y112.917 E0.00003
G1 X124.504 Y113.016 E0.00003
G1 X124.504 Y113.115 E0.00003
G1 X124.503 Y113.214 E0.00003
G1 X124.503 Y113.313 E0.00003
G1 X124.503 Y113.412 E0.00003
G1 X124.503 Y113.511 E0.00003
G1 X124.503 Y113.61 E0.00003
G1 X124.503 Y113.709 E0.00003
G1 X124.503 Y113.808 E0.00003
G1 X124.503 Y113.907 E0.00003
G1 X124.503 Y114.006 E0.00003
G1 X124.502 Y114.105 E0.00003
G1 X124.502 Y114.204 E0.00003
G1 X124.502 Y114.303 E0.00003
G1 X124.502 Y114.402 E0.00003
G1 X124.502 Y114.501 E0.00003
G1 X124.502 Y114.6 E0.00003
G1 X124.502 Y114.699 E0.00003
G1 X124.502 Y114.798 E0.00003
G1 X124.502 Y114.897 E0.00003
G1 F1005.7 X124.501 Y114.996 E0.00003
G1 X124.501 Y115.095 E0.00003
G1 X124.501 Y115.194 E0.00003
G1 X124.501 Y115.293 E0.00003
G1 X124.501 Y115.392 E0.00003
G1 X124.501 Y115.491 E0.00003
G1 X124.501 Y115.59 E0.00003
G1 X124.501 Y115.689 E0.00003
G1 X124.501 Y115.788 E0.00003
G1 X124.5 Y115.887 E0.00003
G1 X124.5 Y115.986 E0.00003
G1 X124.5 Y116.085 E0.00003
G1 X124.5 Y116.184 E0.00003
G1 X124.5 Y116.283 E0.00003
G1 X124.5 Y116.382 E0.00003
G1 X124.5 Y116.481 E0.00003
G1 X124.5 Y116.58 E0.00003
G1 X124.5 Y116.679 E0.00003
G1 X124.499 Y116.778 E0.00003
G1 X124.499 Y116.877 E0.00003
G1 X124.499 Y116.976 E0.00003
G1 X124.499 Y117.075 E0.00003
G1 X124.499 Y117.174 E0.00003
G1 X124.499 Y117.273 E0.00003
G1 X124.499 Y117.372 E0.00003
G1 X124.499 Y117.471 E0.00003
G1 X124.499 Y117.57 E0.00003
G1 X124.498 Y117.495 E0.00002
G1 X124.498 Y117.396 E0.00003
G1 X124.498 Y117.297 E0.00003
G1 X124.498 Y117.198 E0.00003
G1 X124.498 Y117.099 E0.00003
G1 X124.498 Y117 E0.00003
G1 X124.498 Y116.901 E0.00003
G1 X124.498 Y116.802 E0.00003
G1 X124.498 Y116.703 E0.00003
G1 X124.499 Y116.604 E0.00003
G1 X124.499 Y116.505 E0.00003
G1 X124.499 Y116.406 E0.00003
G1 X124.499 Y116.307 E0.00003
G1 X124.499 Y116.208 E0.00003
G1 X124.499 Y116.109 E0.00003
G1 X124.499 Y116.01 E0.00003
G1 X124.499 Y115.911 E0.00003
G1 X124.499 Y115.812 E0.00003
G1 X124.5 Y115.713 E0.00003
G1 X124.5 Y115.614 E0.00003
G1 X124.5 Y115.515 E0.00003
G1 X124.5 Y115.416 E0.00003
G1 X124.5 Y115.317 E0.00003
G1 X124.5 Y115.218 E0.00003
G1 X124.5 Y115.119 E0.00003
G1 X124.5 Y115.02 E0.00003
G1 X124.5 Y114.921 E0.00003
G1 F1000.9 X124.501 Y114.822 E0.00003
G1 X124.501 Y114.723 E0.00003
G1 X124.501 Y114.624 E0.00003
G1 X124.501 Y114.525 E0.00003
G1 X124.501 Y114.426 E0.00003
G1 X124.501 Y114.327 E0.00003
G1 X124.501 Y114.228 E0.00003
G1 X124.501 Y114.129 E0.00003
G1 X124.501 Y114.03 E0.00003
G1 X124.502 Y113.931 E0.00003
G1 X124.502 Y113.832 E0.00003
G1 X124.502 Y113.733 E0.00003
G1 X124.502 Y113.634 E0.00003
G1 X124.502 Y113.535 E0.00003
G1 X124.502 Y113.436 E0.00003
G1 X124.502 Y113.337 E0.00003
G1 X124.502 Y113.238 E0.00003
G1 X124.502 Y113.139 E0.00003
G1 X124.503 Y113.04 E0.00003
G1 X124.503 Y112.941 E0.00003
G1 X124.503 Y112.842 E0.00003
G1 X124.503 Y112.743 E0.00003
G1 X124.503 Y112.644 E0.00003
G1 X124.503 Y112.545 E0.00003
G1 X124.503 Y112.446 E0.00003
G1 X124.503 Y112.347 E0.00003
G1 X124.503 Y112.248 E0.00003
G0 F24000 X124.516 Y112.124
G0 X124.526 Y112.079
G0 X124.547 Y112.031
G1 F60 E-0.001
G1 F18000 Z2.8
G0 F24000 X112.377 Y117.583 Z2.8
G1 F18000 Z0.8
G1 F60 E0.001
G1 F986.9 X112.404 Y117.562 E0.00001
G1 F1000.9 X112.49 Y117.512 E0.00003
G1 X112.577 Y117.462 E0.00003
G1 X112.663 Y117.412 E0.00003
G1 X112.75 Y117.362 E0.00003
G1 X112.836 Y117.312 E0.00003
G1 X112.923 Y117.262 E0.00003
G1 X113.01 Y117.212 E0.00003
G1 X113.096 Y117.162 E0.00003
G1 X113.183 Y117.112 E0.00003
G1 X113.269 Y117.062 E0.00003
G1 X113.356 Y117.012 E0.00003
G1 X113.443 Y116.962 E0.00003
G1 X113.529 Y116.912 E0.00003
G1 X113.616 Y116.862 E0.00003
G1 X113.702 Y116.812 E0.00003
G1 X113.789 Y116.762 E0.00003
G1 X113.876 Y116.712 E0.00003
G1 X113.962 Y116.662 E0.00003
G1 X114.049 Y116.612 E0.00003
G1 X114.135 Y116.562 E0.00003
G1 X114.222 Y116.512 E0.00003
G1 X114.309 Y116.462 E0.00003
G1 X114.395 Y116.412 E0.00003
G1 X114.482 Y116.362 E0.00003
G1 X114.568 Y116.312 E0.00003
G1 X114.655 Y116.262 E0.00003
G1 X114.742 Y116.212 E0.00003
G1 X114.828 Y116.162 E0.00003
G1 X114.915 Y116.112 E0.00003
G1 X115.001 Y116.062 E0.00003
G1 X115.088 Y116.012 E0.00003
G1 X115.175 Y115.962 E0.00003
G1 X115.261 Y115.912 E0.00003
G1 X115.348 Y115.862 E0.00003
G1 X115.434 Y115.812 E0.00003
G1 X115.521 Y115.762 E0.00003
G1 X115.608 Y115.712 E0.00003
G1 X115.694 Y115.662 E0.00003
G1 X115.781 Y115.612 E0.00003
G1 X115.867 Y115.562 E0.00003
G1 X115.954 Y115.512 E0.00003
G1 X116.041 Y115.462 E0.00003
G1 X116.127 Y115.412 E0.00003
G1 X116.214 Y115.362 E0.00003
G1 X116.3 Y115.312 E0.00003
G1 X116.387 Y115.262 E0.00003
G1 X116.474 Y115.212 E0.00003
G1 X116.56 Y115.162 E0.00003
G1 X116.647 Y115.112 E0.00003
G1 X116.733 Y115.062 E0.00003
G1 X116.82 Y115.012 E0.00003
G1 X116.907 Y114.962 E0.00003
G1 X116.993 Y114.912 E0.00003
G1 X117.08 Y114.862 E0.00003
G1 X117.166 Y114.812 E0.00003
G1 X117.253 Y114.762 E0.00003
G1 F1005.7 X117.34 Y114.712 E0.00003
G1 X117.426 Y114.662 E0.00003
G1 X117.513 Y114.612 E0.00003
G1 X117.599 Y114.562 E0.00003
G1 X117.686 Y114.512 E0.00003
G1 X117.773 Y114.462 E0.00003
G1 X117.859 Y114.412 E0.00003
G1 X117.946 Y114.362 E0.00003
G1 X118.032 Y114.312 E0.00003
G1 X118.119 Y114.262 E0.00003
G1 X118.206 Y114.212 E0.00003
G1 X118.292 Y114.162 E0.00003
G1 X118.379 Y114.112 E0.00003
G1 X118.465 Y114.062 E0.00003
G1 X118.552 Y114.012 E0.00003
G1 X118.639 Y113.962 E0.00003
G1 X118.725 Y113.912 E0.00003
G1 X118.812 Y113.862 E0.00003
G1 X118.898 Y113.811 E0.00003
G1 X118.985 Y113.761 E0.00003
G1 X119.072 Y113.711 E0.00003
G1 X119.158 Y113.661 E0.00003
G1 X119.245 Y113.611 E0.00003
G1 X119.331 Y113.561 E0.00003
G1 X119.418 Y113.511 E0.00003
G1 X119.505 Y113.461 E0.00003
G1 X119.591 Y113.411 E0.00003
G1 X119.678 Y113.361 E0.00003
G1 X119.764 Y113.311 E0.00003
G1 X119.851 Y113.261 E0.00003
G1 X119.938 Y113.211 E0.00003
G1 X120.024 Y113.161 E0.00003
G1 X120.111 Y113.111 E0.00003
G1 X120.197 Y113.061 E0.00003
G1 X120.284 Y113.011 E0.00003
G1 X120.371 Y112.961 E0.00003
G1 X120.457 Y112.911 E0.00003
G1 X120.544 Y112.861 E0.00003
G1 X120.63 Y112.811 E0.00003
G1 X120.717 Y112.761 E0.00003
G1 X120.804 Y112.711 E0.00003
G1 X120.89 Y112.661 E0.00003
G1 X120.977 Y112.611 E0.00003
G1 X121.063 Y112.561 E0.00003
G1 X121.15 Y112.511 E0.00003
G1 X121.237 Y112.461 E0.00003
G1 X121.323 Y112.411 E0.00003
G1 X121.41 Y112.361 E0.00003
G1 X121.496 Y112.311 E0.00003
G1 X121.583 Y112.261 E0.00003
G1 X121.67 Y112.211 E0.00003
G1 X121.756 Y112.161 E0.00003
G1 X121.843 Y112.111 E0.00003
G1 X121.929 Y112.061 E0.00003
G1 X122.016 Y112.011 E0.00003
G1 X122.103 Y111.961 E0.00003
G1 F1000.9 X122.105 Y111.963 E0
G1 F982.3 X122.132 Y111.951 E0.00001
G1 F968.8 X122.141 Y111.949 E0
G1 F960 X122.151 Y111.946 E0
G1 F947.1 X122.16 Y111.943 E0
G1 F938.7 X122.17 Y111.941 E0
G1 F926.3 X122.18 Y111.938 E0
G1 F914.3 X122.189 Y111.935 E0
G1 F906.4 X122.199 Y111.933 E0
G1 F894.9 X122.209 Y111.93 E0
G1 F887.4 X122.218 Y111.927 E0
G1 F876.3 X122.228 Y111.925 E0
G1 F869.1 X122.238 Y111.922 E0
G1 F858.5 X122.252 Y111.919 E0
G1 F844.8 X122.262 Y111.917 E0
G1 F831.5 X122.272 Y111.916 E0
G1 F818.6 X122.282 Y111.914 E0
G1 F806.1 X122.292 Y111.912 E0
G1 F794 X122.302 Y111.911 E0
G1 F782.2 X122.314 Y111.91 E0
G1 F770.8 X122.324 Y111.91 E0
G1 F757 X122.334 Y111.91 E0
G1 F746.3 X122.344 Y111.909 E0
G1 F733.3 X122.354 Y111.909 E0
G1 F720.8 X122.364 Y111.909 E0
G1 F711.1 X122.374 Y111.908 E0
G1 F699.3 X122.384 Y111.908 E0
G1 F690.2 X122.394 Y111.908 E0
G1 X122.401 Y111.915 E0
G1 F699.3 X122.406 Y111.924 E0
G1 F711.1 X122.411 Y111.933 E0
G1 F723.3 X122.415 Y111.942 E0
G1 F733.3 X122.42 Y111.951 E0
G1 F746.3 X122.425 Y111.959 E0
G1 F757 X122.429 Y111.968 E0
G1 F770.8 X122.434 Y111.977 E0
G1 F785.1 X122.439 Y111.986 E0
G1 F797 X122.444 Y111.995 E0
G1 F809.2 X122.448 Y112.006 E0
G1 F821.8 X122.452 Y112.015 E0
G1 F831.5 X122.455 Y112.025 E0
G1 F844.8 X122.459 Y112.034 E0
G1 F858.5 X122.462 Y112.044 E0
G1 F869.1 X122.465 Y112.055 E0
G1 F880 X122.468 Y112.066 E0
G1 F887.4 X122.471 Y112.077 E0
G1 F898.7 X122.474 Y112.087 E0
G1 F910.3 X122.477 Y112.098 E0
G1 F918.3 X122.479 Y112.109 E0
G1 F930.4 X122.482 Y112.119 E0
G1 F942.9 X122.485 Y112.13 E0
G1 F951.4 X122.488 Y112.141 E0
G1 F964.4 X122.491 Y112.151 E0
G1 F977.8 X122.494 Y112.177 E0.00001
G1 F991.5 X122.496 Y112.207 E0.00001
G1 F1000.9 X122.498 Y112.237 E0.00001
G1 F1005.7 X122.498 Y117.592 E0.0014
G1 X122.498 Y112.236 E0.0014
G1 F1000.9 X122.496 Y112.206 E0.00001
G1 F991.5 X122.494 Y112.176 E0.00001
G1 F977.8 X122.49 Y112.148 E0.00001
G1 F964.4 X122.488 Y112.138 E0
G1 F951.4 X122.485 Y112.127 E0
G1 F942.9 X122.482 Y112.116 E0
G1 F930.4 X122.479 Y112.106 E0
G1 F918.3 X122.476 Y112.095 E0
G1 F910.3 X122.474 Y112.084 E0
G1 F898.7 X122.471 Y112.074 E0
G1 F887.4 X122.468 Y112.063 E0
G1 F880 X122.465 Y112.052 E0
G1 F869.1 X122.462 Y112.042 E0
G1 F858.5 X122.46 Y112.036 E0
G1 F844.8 X122.456 Y112.027 E0
G1 F831.5 X122.453 Y112.017 E0
G1 F821.8 X122.449 Y112.008 E0
G1 F809.2 X122.446 Y111.998 E0
G1 F797 X122.442 Y111.988 E0
G1 F785.1 X122.438 Y111.979 E0
G1 F770.8 X122.434 Y111.97 E0
G1 F757 X122.43 Y111.961 E0
G1 F746.3 X122.426 Y111.952 E0
G1 F733.3 X122.422 Y111.943 E0
G1 F723.3 X122.418 Y111.934 E0
G1 F711.1 X122.414 Y111.924 E0
G1 F699.3 X122.41 Y111.915 E0
G1 F690.2 X122.406 Y111.906 E0
G1 F683.5 X122.397 Y111.899 E0
G1 F690.2 X122.388 Y111.9 E0
G1 F699.3 X122.378 Y111.901 E0
G1 F711.1 X122.368 Y111.902 E0
G1 F720.8 X122.358 Y111.903 E0
G1 F733.3 X122.348 Y111.904 E0
G1 F746.3 X122.338 Y111.906 E0
G1 F757 X122.328 Y111.907 E0
G1 F770.8 X122.318 Y111.908 E0
G1 F782.2 X122.308 Y111.909 E0
G1 F794 X122.295 Y111.911 E0
G1 F806.1 X122.285 Y111.913 E0
G1 F818.6 X122.275 Y111.914 E0
G1 F831.5 X122.265 Y111.916 E0
G1 F844.8 X122.255 Y111.918 E0
G1 F858.5 X122.245 Y111.919 E0
G1 F869.1 X122.234 Y111.922 E0
G1 F876.3 X122.224 Y111.925 E0
G1 F887.4 X122.215 Y111.928 E0
G1 F894.9 X122.205 Y111.93 E0
G1 F906.4 X122.195 Y111.933 E0
G1 F914.3 X122.186 Y111.936 E0
G1 F926.3 X122.176 Y111.938 E0
G1 F938.7 X122.166 Y111.941 E0
G1 F947.1 X122.157 Y111.944 E0
G1 F960 X122.147 Y111.946 E0
G1 F968.8 X122.137 Y111.949 E0
G1 F982.3 X122.105 Y111.963 E0.00001
G1 F1000.9 X122.059 Y111.986 E0.00001
G1 F1005.7 X121.973 Y112.036 E0.00003
G1 X121.886 Y112.086 E0.00003
G1 X121.8 Y112.136 E0.00003
G1 X121.713 Y112.186 E0.00003
G1 X121.627 Y112.236 E0.00003
G1 X121.54 Y112.286 E0.00003
G1 X121.453 Y112.336 E0.00003
G1 X121.367 Y112.386 E0.00003
G1 X121.28 Y112.436 E0.00003
G1 X121.194 Y112.486 E0.00003
G1 X121.107 Y112.536 E0.00003
G1 X121.02 Y112.586 E0.00003
G1 X120.934 Y112.636 E0.00003
G1 X120.847 Y112.686 E0.00003
G1 X120.761 Y112.736 E0.00003
G1 X120.674 Y112.786 E0.00003
G1 X120.587 Y112.836 E0.00003
G1 X120.501 Y112.886 E0.00003
G1 X120.414 Y112.936 E0.00003
G1 X120.328 Y112.986 E0.00003
G1 X120.241 Y113.036 E0.00003
G1 X120.154 Y113.086 E0.00003
G1 X120.068 Y113.136 E0.00003
G1 X119.981 Y113.186 E0.00003
G1 X119.895 Y113.236 E0.00003
G1 X119.808 Y113.286 E0.00003
G1 X119.721 Y113.336 E0.00003
G1 X119.635 Y113.386 E0.00003
G1 X119.548 Y113.436 E0.00003
G1 X119.462 Y113.486 E0.00003
G1 X119.375 Y113.536 E0.00003
G1 X119.288 Y113.586 E0.00003
G1 X119.202 Y113.636 E0.00003
G1 X119.115 Y113.686 E0.00003
G1 X119.029 Y113.736 E0.00003
G1 X118.942 Y113.786 E0.00003
G1 X118.855 Y113.836 E0.00003
G1 X118.769 Y113.886 E0.00003
G1 X118.682 Y113.936 E0.00003
G1 X118.596 Y113.986 E0.00003
G1 X118.509 Y114.036 E0.00003
G1 X118.422 Y114.086 E0.00003
G1 X118.336 Y114.136 E0.00003
G1 X118.249 Y114.186 E0.00003
G1 X118.163 Y114.236 E0.00003
G1 X118.076 Y114.286 E0.00003
G1 X117.989 Y114.336 E0.00003
G1 X117.903 Y114.386 E0.00003
G1 X117.816 Y114.436 E0.00003
G1 X117.73 Y114.486 E0.00003
G1 X117.643 Y114.536 E0.00003
G1 X117.556 Y114.586 E0.00003
G1 X117.47 Y114.636 E0.00003
G1 X117.383 Y114.686 E0.00003
G1 X117.297 Y114.736 E0.00003
G1 X117.21 Y114.786 E0.00003
G1 F1000.9 X117.123 Y114.836 E0.00003
G1 X117.037 Y114.886 E0.00003
G1 X116.95 Y114.936 E0.00003
G1 X116.864 Y114.986 E0.00003
G1 X116.777 Y115.036 E0.00003
G1 X116.69 Y115.086 E0.00003
G1 X116.604 Y115.136 E0.00003
G1 X116.517 Y115.186 E0.00003
G1 X116.431 Y115.236 E0.00003
G1 X116.344 Y115.286 E0.00003
G1 X116.257 Y115.336 E0.00003
G1 X116.171 Y115.386 E0.00003
G1 X116.084 Y115.436 E0.00003
G1 X115.998 Y115.486 E0.00003
G1 X115.911 Y115.536 E0.00003
G1 X115.824 Y115.586 E0.00003
G1 X115.738 Y115.636 E0.00003
G1 X115.651 Y115.686 E0.00003
G1 X115.565 Y115.737 E0.00003
G1 X115.478 Y115.787 E0.00003
G1 X115.391 Y115.837 E0.00003
G1 X115.305 Y115.887 E0.00003
G1 X115.218 Y115.937 E0.00003
G1 X115.132 Y115.987 E0.00003
G1 X115.045 Y116.037 E0.00003
G1 X114.958 Y116.087 E0.00003
G1 X114.872 Y116.137 E0.00003
G1 X114.785 Y116.187 E0.00003
G1 X114.699 Y116.237 E0.00003
G1 X114.612 Y116.287 E0.00003
G1 X114.525 Y116.337 E0.00003
G1 X114.439 Y116.387 E0.00003
G1 X114.352 Y116.437 E0.00003
G1 X114.266 Y116.487 E0.00003
G1 X114.179 Y116.537 E0.00003
G1 X114.092 Y116.587 E0.00003
G1 X114.006 Y116.637 E0.00003
G1 X113.919 Y116.687 E0.00003
G1 X113.833 Y116.737 E0.00003
G1 X113.746 Y116.787 E0.00003
G1 X113.659 Y116.837 E0.00003
G1 X113.573 Y116.887 E0.00003
G1 X113.486 Y116.937 E0.00003
G1 X113.4 Y116.987 E0.00003
G1 X113.313 Y117.037 E0.00003
G1 X113.226 Y117.087 E0.00003
G1 X113.14 Y117.137 E0.00003
G1 X113.053 Y117.187 E0.00003
G1 X112.967 Y117.237 E0.00003
G1 X112.88 Y117.287 E0.00003
G1 X112.793 Y117.337 E0.00003
G1 X112.707 Y117.387 E0.00003
G1 X112.62 Y117.437 E0.00003
G1 X112.534 Y117.487 E0.00003
G1 X112.447 Y117.537 E0.00003
G1 X112.36 Y117.587 E0.00003
G1 F986.9 X112.377 Y117.583 E0
G0 F24000 X112.404 Y117.562
G0 X112.547 Y117.479
;TIME_ELAPSED:310.719131
G1 F60 E-0.001
M140 S0
M82 ;absolute extrusion mode
M107
T-1
M104 S0
M140 S0
M83 ;relative extrusion mode
;End of Gcode
;SETTING_3 {"global_quality": "[general]\\nversion = 4\\nname = 26G-RFATOMS\\nde
;SETTING_3 finition = custom\\n\\n[metadata]\\ntype = quality_changes\\nquality_
;SETTING_3 type = fast\\nsetting_version = 23\\n\\n[values]\\nadhesion_extruder_
;SETTING_3 nr = 0\\nadhesion_type = brim\\nalternate_carve_order = False\\nbridg
;SETTING_3 e_settings_enabled = True\\nbridge_wall_min_length = =line_width + su
;SETTING_3 pport_xy_distance + 1.0\\ncarve_multiple_volumes = True\\nlayer_heigh
;SETTING_3 t = 0.1\\nlayer_height_0 = 0.3\\nmaterial_bed_temperature = 20\\nmate
;SETTING_3 rial_bed_temperature_layer_0 = 20\\nminimum_polygon_circumference = 0
;SETTING_3 .1\\nprime_tower_enable = False\\nretraction_combing = all\\nskirt_br
;SETTING_3 im_extruder_nr = 0\\nspeed_slowdown_layers = 1\\nsupport_enable = Fal
;SETTING_3 se\\nsupport_extruder_nr = 0\\nsupport_structure = normal\\nsupport_t
;SETTING_3 ype = everywhere\\ntravel_retract_before_outer_wall = False\\n\\n", "
;SETTING_3 extruder_quality": ["[general]\\nversion = 4\\nname = 26G-RFATOMS\\nd
;SETTING_3 efinition = custom\\n\\n[metadata]\\ntype = quality_changes\\nquality
;SETTING_3 _type = fast\\nintent_category = default\\nposition = 0\\nsetting_ver
;SETTING_3 sion = 23\\n\\n[values]\\nbottom_layers = 0\\nbridge_enable_more_laye
;SETTING_3 rs = False\\nbridge_skin_material_flow = 100\\nbridge_wall_material_f
;SETTING_3 low = 100\\nbrim_gap = 1.5\\nbrim_width = 1\\ncoasting_enable = False
;SETTING_3 \\ncool_fan_enabled = False\\ncool_fan_speed = 60\\ncool_fan_speed_ma
;SETTING_3 x = 100\\nfill_outline_gaps = True\\nhole_xy_offset = 0\\nhole_xy_off
;SETTING_3 set_max_diameter = 4\\ninfill_overlap = 10\\ninfill_pattern = lightni
;SETTING_3 ng\\ninfill_sparse_density = 30\\ninset_direction = inside_out\\niron
;SETTING_3 ing_enabled = False\\nironing_flow = 25\\nironing_inset = 0\\nironing
;SETTING_3 _line_spacing = 0.2\\nironing_only_highest_layer = False\\nironing_pa
;SETTING_3 ttern = zigzag\\nline_width = 0.38\\nmaterial_alternate_walls = True\
;SETTING_3 \nmaterial_final_print_temperature = 230\\nmaterial_flow = 100\\nmate
;SETTING_3 rial_initial_print_temperature = 230\\nmaterial_print_temperature = 2
;SETTING_3 30\\nmaterial_standby_temperature = 0\\nmeshfix_maximum_deviation = 0
;SETTING_3 .001\\nmeshfix_maximum_resolution = 0.001\\nmeshfix_maximum_travel_re
;SETTING_3 solution = =min(meshfix_maximum_resolution * speed_travel / speed_pri
;SETTING_3 nt, 2 * line_width)\\nmeshfix_union_all = True\\nmin_even_wall_line_w
;SETTING_3 idth = =min_wall_line_width\\nmin_feature_size = =wall_line_width_0 /
;SETTING_3  4\\nmin_odd_wall_line_width = =min_wall_line_width\\nmin_wall_line_w
;SETTING_3 idth = =machine_nozzle_size * .85\\noptimize_wall_printing_order = Tr
;SETTING_3 ue\\nraft_airgap = 0.0\\nraft_interface_thickness = =resolveOrValue('
;SETTING_3 layer_height') * 1.5\\nraft_margin = 2\\nraft_surface_layers = 3\\nre
;SETTING_3 traction_amount = 3.5\\nretraction_enable = True\\nretraction_extra_p
;SETTING_3 rime_amount = 0.05\\nretraction_hop = 0.15\\nretraction_hop_enabled =
;SETTING_3  False\\nretraction_speed = 30\\nskin_material_flow = 105\\nskin_mono
;SETTING_3 tonic = True\\nskin_outline_count = 0\\nskirt_brim_minimal_length = 0
;SETTING_3 \\nskirt_brim_speed = 45\\nsmall_feature_speed_factor = 10\\nsmall_ho
;SETTING_3 le_max_size = 4\\nsmall_skin_width = 0.32\\nspeed_infill = 112\\nspee
;SETTING_3 d_ironing = 150\\nspeed_layer_0 = 30\\nspeed_print = 112\\nspeed_prin
;SETTING_3 t_layer_0 = 60\\nspeed_support = 100\\nspeed_topbottom = 140\\nspeed_
;SETTING_3 travel = 300\\nspeed_travel_layer_0 = 300\\nspeed_wall_0 = 25\\nspeed
;SETTING_3 _wall_0_roofing = 20\\nspeed_wall_x = 50\\nspeed_z_hop = 20\\nsupport
;SETTING_3 _interface_enable = True\\nsupport_tree_limit_branch_reach = False\\n
;SETTING_3 switch_extruder_extra_prime_amount = 0.575\\nswitch_extruder_retracti
;SETTING_3 on_amount = 3.5\\nswitch_extruder_retraction_speeds = 50\\ntop_bottom
;SETTING_3 _thickness = 0.7\\ntravel_avoid_distance = 1\\nwall_0_inset = 0.0\\nw
;SETTING_3 all_0_material_flow = 83\\nwall_0_material_flow_roofing = 105\\nwall_
;SETTING_3 line_count = 1\\nwall_thickness = =wall_line_width_0 if magic_spirali
;SETTING_3 ze else 0.8\\nwall_transition_filter_deviation = =.25 * machine_nozzl
;SETTING_3 e_size\\nwall_transition_length = =line_width\\nwall_x_material_flow 
;SETTING_3 = 83\\nwall_x_material_flow_roofing = 105\\nxy_offset = -0.05\\nz_sea
;SETTING_3 m_corner = z_seam_corner_weighted\\nz_seam_position = frontleft\\nz_s
;SETTING_3 eam_type = sharpest_corner\\nzig_zaggify_infill = True\\n\\n", "[gene
;SETTING_3 ral]\\nversion = 4\\nname = 26G-RFATOMS\\ndefinition = custom\\n\\n[m
;SETTING_3 etadata]\\ntype = quality_changes\\nquality_type = fast\\nintent_cate
;SETTING_3 gory = default\\nposition = 1\\nsetting_version = 23\\n\\n[values]\\n
;SETTING_3 bottom_layers = 1\\nbrim_width = 1\\ncool_fan_speed = 0\\ninfill_spar
;SETTING_3 se_density = 15\\ninitial_bottom_layers = 1\\nironing_enabled = False
;SETTING_3 \\nironing_flow = 0\\nironing_line_spacing = 0.2\\nironing_pattern = 
;SETTING_3 concentric\\nmaterial_final_print_temperature = 275\\nmaterial_initia
;SETTING_3 l_print_temperature = 275\\nmaterial_print_temperature = 275\\nmateri
;SETTING_3 al_standby_temperature = 165\\nretraction_hop = 2\\nretraction_hop_en
;SETTING_3 abled = True\\nretraction_speed = 120\\nspeed_ironing = 25\\nspeed_pr
;SETTING_3 int = 100\\nspeed_support = 60\\nspeed_travel = 300.0\\nspeed_wall_0 
;SETTING_3 = 75\\nspeed_wall_x = 75\\nspeed_z_hop = 300\\nsupport_infill_rate = 
;SETTING_3 25\\nsupport_interface_enable = True\\nsupport_interface_height = 0.3
;SETTING_3 \\nsupport_interface_pattern = lines\\nsupport_xy_distance = 2\\nsupp
;SETTING_3 ort_xy_distance_overhang = 0.1\\nswitch_extruder_retraction_amount = 
;SETTING_3 5\\nswitch_extruder_retraction_speed = 60\\ntop_bottom_thickness = 0.
;SETTING_3 2\\ntop_layers = 1\\n\\n", "[general]\\nversion = 4\\nname = 26G-RFAT
;SETTING_3 OMS\\ndefinition = custom\\n\\n[metadata]\\ntype = quality_changes\\n
;SETTING_3 quality_type = fast\\nintent_category = default\\nposition = 2\\nsett
;SETTING_3 ing_version = 23\\n\\n[values]\\n_plugin__curaenginegradualflow__0_1_
;SETTING_3 0__gradual_flow_discretisation_step_size = 0.1\\n_plugin__curaengineg
;SETTING_3 radualflow__0_1_0__layer_0_max_flow_acceleration = 0.25\\n_plugin__cu
;SETTING_3 raenginegradualflow__0_1_0__max_flow_acceleration = 0.25\\nbottom_lay
;SETTING_3 ers = 0\\ncoasting_enable = False\\ncoasting_volume = 0.2\\nconnect_s
;SETTING_3 kin_polygons = True\\ncool_fan_full_at_height = 0.1\\ncool_fan_speed 
;SETTING_3 = 20\\ncool_min_speed = 9\\nfill_outline_gaps = True\\ngroup_outer_wa
;SETTING_3 lls = False\\nhole_xy_offset_max_diameter = 5\\ninfill_material_flow 
;SETTING_3 = =material_flow\\ninfill_pattern = concentric\\ninfill_sparse_densit
;SETTING_3 y = 100\\ninset_direction = inside_out\\nlayer_start_x = 0\\nlayer_st
;SETTING_3 art_y = 0\\nline_width = 0.4\\nmaterial_alternate_walls = True\\nmate
;SETTING_3 rial_final_print_temperature = 0\\nmaterial_flow = 3.0\\nmaterial_flo
;SETTING_3 w_layer_0 = 3\\nmaterial_initial_print_temperature = 0\\nmaterial_pri
;SETTING_3 nt_temperature = 0\\nmaterial_standby_temperature = 0\\nmeshfix_maxim
;SETTING_3 um_extrusion_area_deviation = 50.0\\nmeshfix_maximum_resolution = 0.0
;SETTING_3 1\\nmeshfix_maximum_travel_resolution = 0.2\\nmeshfix_union_all = Tru
;SETTING_3 e\\nmin_wall_line_width = 0.1\\nmultiple_mesh_overlap = 0.01\\noptimi
;SETTING_3 ze_wall_printing_order = True\\nprime_tower_flow = =material_flow\\nr
;SETTING_3 etraction_amount = 0.001\\nretraction_count_max = 250\\nretraction_ex
;SETTING_3 tra_prime_amount = 0\\nretraction_hop = 2\\nretraction_hop_enabled = 
;SETTING_3 True\\nretraction_min_travel = =line_width * 2\\nretraction_speed = 1
;SETTING_3 \\nskin_line_width = 0.4\\nskin_material_flow = 3\\nskirt_brim_materi
;SETTING_3 al_flow = =material_flow\\nskirt_brim_speed = 10\\nskirt_line_count =
;SETTING_3  3\\nsmall_feature_speed_factor = 1\\nsmall_hole_max_size = 0\\nspeed
;SETTING_3 _infill = 8.8\\nspeed_layer_0 = 8.8\\nspeed_print = 8.8\\nspeed_topbo
;SETTING_3 ttom = 8\\nspeed_travel = 400\\nspeed_travel_layer_0 = 400\\nspeed_wa
;SETTING_3 ll = =speed_print / 2\\nspeed_wall_0 = 8.8\\nspeed_wall_x = 8.8\\nspe
;SETTING_3 ed_z_hop = 300\\nswitch_extruder_retraction_amount = 0\\nswitch_extru
;SETTING_3 der_retraction_speeds = 1.0\\ntop_bottom_pattern = concentric\\ntop_b
;SETTING_3 ottom_thickness = 0.1\\ntop_layers = 1\\nwall_0_inset = 0.15\\nwall_0
;SETTING_3 _material_flow = 3.0\\nwall_line_count = 100\\nwall_transition_filter
;SETTING_3 _deviation = =.25 * machine_nozzle_size\\nwall_x_material_flow = 3\\n
;SETTING_3 wall_x_material_flow_roofing = 3.0\\nxy_offset = 0.01\\nz_seam_corner
;SETTING_3  = z_seam_corner_any\\nz_seam_position = frontleft\\nz_seam_type = sh
;SETTING_3 arpest_corner\\nz_seam_x = =(0 if (z_seam_position == 'frontleft' or 
;SETTING_3 z_seam_position == 'left' or z_seam_position == 'backleft') else mach
;SETTING_3 ine_width / 2 if (z_seam_position == 'front' or z_seam_position == 'b
;SETTING_3 ack') else machine_width) - (machine_width / 2 if z_seam_relative or 
;SETTING_3 machine_center_is_zero else 0)\\nz_seam_y = =(0 if (z_seam_position =
;SETTING_3 = 'frontleft' or z_seam_position == 'front' or z_seam_position == 'fr
;SETTING_3 ontright') else machine_depth / 2 if (z_seam_position == 'left' or z_
;SETTING_3 seam_position == 'right') else machine_depth) - (machine_depth / 2 if
;SETTING_3  z_seam_relative or machine_center_is_zero else 0)\\n\\n"]}
