;FLAVOR:RepRap
;TIME:1498
;Filament used: 1.21817m, 0m, 0.00304341m
;Layer height: 0.1
;MINX:63.892
;MINY:40.686
;MINZ:0.3
;MAXX:189.7
;MAXY:125.2
;MAXZ:3.1
;TARGET_MACHINE.NAME:Unknown
;Generated with Cura_SteamEngine 5.7.2
T0
M190 S20
M104 S250
M104 T1 S0
M109 S250
M109 T1 S0
M82 ;absolute extrusion mode
G1 Z50 F6000
G1 X150 Y150
M82 ;absolute extrusion mode
T0
G1 Z50
G1 X0 Y0
M83
G1 E15
M83 ;relative extrusion mode
M83 ;relative extrusion mode
G1 F1800 E-3.5
;LAYER_COUNT:9
;LAYER:0
M107
G0 F18000 X66.289 Y47.124 Z0.3
;TYPE:SKIRT
G1 F1800 E3.52079
G1 F2700 X66.709 Y46.529 E0.03452
G1 X67.046 Y46.09 E0.02623
G1 X67.504 Y45.544 E0.03378
G1 X67.926 Y45.09 E0.02938
G1 X68.366 Y44.652 E0.02943
G1 X68.857 Y44.205 E0.03147
G1 X69.566 Y43.629 E0.0433
G1 X70.097 Y43.245 E0.03106
G1 X70.87 Y42.744 E0.04366
G1 X71.351 Y42.47 E0.02624
G1 X71.973 Y42.147 E0.03322
G1 X72.538 Y41.887 E0.02948
G1 X73.122 Y41.647 E0.02993
G1 X73.714 Y41.433 E0.02984
G1 X74.312 Y41.248 E0.02967
G1 X74.921 Y41.087 E0.02986
G1 X75.534 Y40.954 E0.02973
G1 X76.158 Y40.845 E0.03002
G1 X76.703 Y40.776 E0.02604
G1 X77.43 Y40.713 E0.03459
G1 X78.347 Y40.686 E0.04348
G1 X78.9 Y40.7 E0.02622
G1 X79.597 Y40.746 E0.03311
G1 X80.208 Y40.814 E0.02914
G1 X80.773 Y40.902 E0.0271
G1 X81.459 Y41.04 E0.03316
G1 X82.073 Y41.192 E0.02998
G1 X82.607 Y41.35 E0.02639
G1 X83.414 Y41.628 E0.04045
G1 X84.339 Y42.02 E0.04762
G1 X85.006 Y42.351 E0.03529
G1 X85.828 Y42.818 E0.04481
G1 X86.593 Y43.322 E0.04342
G1 X87.118 Y43.711 E0.03097
G1 X87.832 Y44.301 E0.0439
G1 X88.286 Y44.723 E0.02938
G1 X88.724 Y45.163 E0.02943
G1 X89.17 Y45.653 E0.0314
G1 X89.748 Y46.364 E0.04343
G1 X90.063 Y46.794 E0.02526
G1 X90.572 Y47.571 E0.04402
G1 X91.099 Y48.509 E0.05099
G1 X91.446 Y49.234 E0.03809
G1 X91.73 Y49.917 E0.03506
G1 X91.95 Y50.53 E0.03087
G1 X92.219 Y51.438 E0.04488
G1 X92.422 Y52.329 E0.04331
G1 X92.531 Y52.953 E0.03002
G1 X92.602 Y53.503 E0.02628
G1 X92.662 Y54.197 E0.03302
G1 X92.687 Y54.826 E0.02984
G1 X92.685 Y55.457 E0.02991
G1 X92.656 Y56.066 E0.0289
G1 X92.56 Y57.021 E0.04549
G1 X92.48 Y57.537 E0.02475
G1 X92.257 Y58.591 E0.05106
G1 X91.999 Y59.491 E0.04437
G1 X91.735 Y60.243 E0.03777
G1 X91.318 Y61.218 E0.05026
G1 X91.038 Y61.782 E0.02984
G1 X90.722 Y62.352 E0.03089
G1 X90.292 Y63.044 E0.03861
G1 X89.912 Y63.588 E0.03145
G1 X89.486 Y64.141 E0.03308
G1 X89.079 Y64.623 E0.0299
G1 X88.653 Y65.083 E0.02972
G1 X88.211 Y65.523 E0.02956
G1 X87.723 Y65.966 E0.03124
G1 X87.101 Y66.476 E0.03812
G1 X86.529 Y66.895 E0.03361
G1 X85.977 Y67.263 E0.03144
G1 X85.454 Y67.577 E0.02891
G1 X84.703 Y67.979 E0.04037
G1 X83.77 Y68.402 E0.04855
G1 X83.161 Y68.637 E0.03094
G1 X82.566 Y68.836 E0.02974
G1 X81.94 Y69.015 E0.03086
G1 X81.138 Y69.201 E0.03902
G1 X80.422 Y69.328 E0.03447
G1 X79.868 Y69.399 E0.02647
G1 X78.86 Y69.475 E0.04791
G1 X78.237 Y69.486 E0.02953
G1 X77.683 Y69.473 E0.02626
G1 X76.984 Y69.427 E0.0332
G1 X76.328 Y69.352 E0.03129
G1 X75.427 Y69.199 E0.04331
G1 X74.878 Y69.076 E0.02667
G1 X74.014 Y68.836 E0.0425
G1 X73.312 Y68.599 E0.03512
G1 X72.74 Y68.374 E0.02913
G1 X72.149 Y68.11 E0.03068
G1 X71.599 Y67.836 E0.02912
G1 X71.036 Y67.526 E0.03046
G1 X70.56 Y67.235 E0.02644
G1 X69.824 Y66.734 E0.0422
G1 X69.218 Y66.269 E0.0362
G1 X68.606 Y65.746 E0.03815
G1 X68.118 Y65.28 E0.03198
G1 X67.695 Y64.838 E0.029
G1 X67.208 Y64.281 E0.03507
G1 X66.712 Y63.649 E0.03808
G1 X66.323 Y63.094 E0.03212
G1 X65.851 Y62.339 E0.0422
G1 X65.488 Y61.68 E0.03566
G1 X65.244 Y61.18 E0.02637
G1 X64.858 Y60.28 E0.04641
G1 X64.635 Y59.661 E0.03118
G1 X64.449 Y59.059 E0.02986
G1 X64.29 Y58.455 E0.0296
G1 X64.157 Y57.841 E0.02978
G1 X64.048 Y57.218 E0.02998
G1 X63.977 Y56.671 E0.02614
G1 X63.917 Y55.974 E0.03316
G1 X63.892 Y55.361 E0.02908
G1 X63.894 Y54.786 E0.02725
G1 X63.949 Y53.78 E0.04775
G1 X64.015 Y53.181 E0.02856
G1 X64.105 Y52.603 E0.02772
G1 X64.243 Y51.912 E0.0334
G1 X64.373 Y51.387 E0.02563
G1 X64.666 Y50.419 E0.04793
G1 X64.843 Y49.93 E0.02465
G1 X65.142 Y49.216 E0.03669
G1 X65.541 Y48.39 E0.04348
G1 X65.857 Y47.82 E0.03089
G1 X66.289 Y47.124 E0.03883
G0 F18000 X66.916 Y47.555
G1 F2700 X67.312 Y46.991 E0.03266
G1 X67.629 Y46.578 E0.02468
G1 X68.062 Y46.06 E0.032
G1 X68.462 Y45.628 E0.0279
G1 X68.881 Y45.211 E0.02802
G1 X69.338 Y44.794 E0.02932
G1 X70.015 Y44.243 E0.04137
G1 X70.513 Y43.881 E0.02918
G1 X71.248 Y43.404 E0.04153
G1 X71.701 Y43.144 E0.02476
G1 X72.292 Y42.837 E0.03156
G1 X72.828 Y42.589 E0.02799
G1 X73.38 Y42.361 E0.02831
G1 X73.94 Y42.159 E0.02822
G1 X74.507 Y41.982 E0.02815
G1 X75.083 Y41.829 E0.02825
G1 X75.664 Y41.702 E0.02819
G1 X76.255 Y41.599 E0.02843
G1 X76.771 Y41.532 E0.02466
G1 X77.453 Y41.473 E0.03244
G1 X78.329 Y41.446 E0.04154
G1 X78.85 Y41.458 E0.0247
G1 X79.513 Y41.502 E0.03149
G1 X80.108 Y41.568 E0.02837
G1 X80.624 Y41.648 E0.02475
G1 X81.277 Y41.778 E0.03156
G1 X81.858 Y41.921 E0.02836
G1 X82.359 Y42.068 E0.02475
G1 X83.249 Y42.38 E0.0447
G1 X84.003 Y42.702 E0.03886
G1 X84.634 Y43.013 E0.03334
G1 X85.412 Y43.454 E0.04239
G1 X86.142 Y43.934 E0.04141
G1 X86.636 Y44.299 E0.02911
G1 X87.316 Y44.859 E0.04175
G1 X87.748 Y45.259 E0.0279
G1 X88.165 Y45.678 E0.02802
G1 X88.582 Y46.135 E0.02932
G1 X89.134 Y46.813 E0.04144
G1 X89.494 Y47.309 E0.02905
G1 X89.979 Y48.059 E0.04233
G1 X90.413 Y48.837 E0.04222
G1 X90.788 Y49.625 E0.04136
G1 X91.015 Y50.176 E0.02824
G1 X91.222 Y50.751 E0.02896
G1 X91.479 Y51.61 E0.0425
G1 X91.674 Y52.459 E0.04129
G1 X91.777 Y53.051 E0.02848
G1 X91.844 Y53.569 E0.02476
G1 X91.902 Y54.228 E0.03135
G1 X91.927 Y54.824 E0.02827
G1 X91.925 Y55.421 E0.0283
G1 X91.896 Y56.03 E0.0289
G1 X91.808 Y56.905 E0.04168
G1 X91.728 Y57.421 E0.02475
G1 X91.525 Y58.385 E0.04669
G1 X91.313 Y59.138 E0.03708
G1 X91.022 Y59.978 E0.04213
G1 X90.636 Y60.882 E0.04659
G1 X90.373 Y61.414 E0.02813
G1 X90.076 Y61.952 E0.02913
G1 X89.61 Y62.697 E0.04165
G1 X89.31 Y63.124 E0.02473
G1 X88.905 Y63.651 E0.0315
G1 X88.521 Y64.107 E0.02825
G1 X88.117 Y64.545 E0.02824
G1 X87.697 Y64.963 E0.02808
G1 X87.241 Y65.378 E0.02922
G1 X86.561 Y65.932 E0.04157
G1 X86.083 Y66.279 E0.028
G1 X85.585 Y66.611 E0.02837
G1 X85.062 Y66.925 E0.02891
G1 X84.373 Y67.294 E0.03704
G1 X83.477 Y67.701 E0.04664
G1 X82.919 Y67.917 E0.02836
G1 X82.356 Y68.106 E0.02815
G1 X81.767 Y68.275 E0.02904
G1 X81.006 Y68.453 E0.03704
G1 X80.324 Y68.574 E0.03283
G1 X79.808 Y68.641 E0.02466
G1 X78.846 Y68.715 E0.04573
G1 X78.253 Y68.726 E0.02811
G1 X77.733 Y68.715 E0.02465
G1 X77.066 Y68.671 E0.03168
G1 X76.454 Y68.602 E0.02919
G1 X75.592 Y68.457 E0.04143
G1 X75.082 Y68.344 E0.02476
G1 X74.152 Y68.083 E0.04578
G1 X73.59 Y67.891 E0.02815
G1 X73.034 Y67.673 E0.02831
G1 X72.487 Y67.43 E0.02837
G1 X71.965 Y67.17 E0.02764
G1 X71.432 Y66.878 E0.0288
G1 X70.988 Y66.607 E0.02465
G1 X70.195 Y66.064 E0.04555
G1 X69.712 Y65.691 E0.02892
G1 X69.042 Y65.115 E0.04188
G1 X68.667 Y64.754 E0.02467
G1 X68.256 Y64.325 E0.02816
G1 X67.806 Y63.811 E0.03238
G1 X67.265 Y63.118 E0.04167
G1 X66.967 Y62.69 E0.02472
G1 X66.46 Y61.876 E0.04545
G1 X66.17 Y61.346 E0.02863
G1 X65.942 Y60.88 E0.02459
G1 X65.564 Y59.996 E0.04557
G1 X65.361 Y59.435 E0.02828
G1 X65.183 Y58.865 E0.0283
G1 X65.032 Y58.293 E0.02804
G1 X64.905 Y57.711 E0.02823
G1 X64.802 Y57.12 E0.02843
G1 X64.735 Y56.605 E0.02461
G1 X64.677 Y55.942 E0.03154
G1 X64.652 Y55.346 E0.02827
G1 X64.652 Y54.826 E0.02465
G1 X64.705 Y53.864 E0.04566
G1 X64.771 Y53.265 E0.02856
G1 X64.851 Y52.751 E0.02465
G1 X64.981 Y52.094 E0.03174
G1 X65.129 Y51.503 E0.02888
G1 X65.454 Y50.44 E0.05268
G1 X65.827 Y49.545 E0.04596
G1 X66.206 Y48.758 E0.0414
G1 X66.503 Y48.22 E0.02913
G1 X66.916 Y47.555 E0.0371
G0 F18000 X66.6 Y47.343
G1 F2700 X67.011 Y46.76 E0.03381
G1 X67.337 Y46.334 E0.02542
G1 X67.783 Y45.802 E0.0329
G1 X68.194 Y45.359 E0.02864
G1 X68.623 Y44.932 E0.02869
G1 X69.097 Y44.5 E0.0304
G1 X69.79 Y43.936 E0.04235
G1 X70.305 Y43.563 E0.03014
G1 X71.059 Y43.074 E0.04259
G1 X71.526 Y42.807 E0.0255
G1 X72.132 Y42.492 E0.03237
G1 X72.683 Y42.238 E0.02876
G1 X73.251 Y42.004 E0.02912
G1 X73.827 Y41.796 E0.02903
G1 X74.409 Y41.615 E0.02889
G1 X75.002 Y41.458 E0.02907
G1 X75.599 Y41.328 E0.02896
G1 X76.206 Y41.222 E0.0292
G1 X76.737 Y41.154 E0.02537
G1 X77.441 Y41.093 E0.03349
G1 X78.338 Y41.066 E0.04253
G1 X78.875 Y41.079 E0.02546
G1 X79.555 Y41.124 E0.0323
G1 X80.166 Y41.192 E0.02914
G1 X80.698 Y41.275 E0.02552
G1 X81.368 Y41.409 E0.03238
G1 X81.965 Y41.556 E0.02914
G1 X82.483 Y41.709 E0.0256
G1 X83.386 Y42.025 E0.04534
G1 X84.171 Y42.361 E0.04047
G1 X84.82 Y42.682 E0.03432
G1 X85.512 Y43.07 E0.0376
G1 X86.367 Y43.627 E0.04836
G1 X86.877 Y44.005 E0.03009
G1 X87.574 Y44.58 E0.04283
G1 X88.017 Y44.991 E0.02864
G1 X88.444 Y45.42 E0.02869
G1 X88.876 Y45.894 E0.0304
G1 X89.441 Y46.589 E0.04245
G1 X89.756 Y47.019 E0.02526
G1 X90.246 Y47.766 E0.04234
G1 X90.756 Y48.673 E0.04932
G1 X91.139 Y49.48 E0.04234
G1 X91.372 Y50.046 E0.02901
G1 X91.586 Y50.64 E0.02992
G1 X91.849 Y51.524 E0.04371
G1 X92.048 Y52.394 E0.0423
G1 X92.154 Y53.002 E0.02925
G1 X92.223 Y53.536 E0.02552
G1 X92.282 Y54.212 E0.03216
G1 X92.307 Y54.825 E0.02908
G1 X92.305 Y55.439 E0.0291
G1 X92.276 Y56.048 E0.0289
G1 X92.184 Y56.963 E0.04359
G1 X92.104 Y57.479 E0.02475
G1 X91.891 Y58.488 E0.04888
G1 X91.64 Y59.365 E0.04323
G1 X91.376 Y60.117 E0.03777
G1 X90.977 Y61.05 E0.04809
G1 X90.706 Y61.598 E0.02898
G1 X90.399 Y62.152 E0.03002
G1 X89.98 Y62.827 E0.03765
G1 X89.611 Y63.356 E0.03057
G1 X89.196 Y63.896 E0.03228
G1 X88.8 Y64.365 E0.02909
G1 X88.385 Y64.814 E0.02898
G1 X87.954 Y65.243 E0.02882
G1 X87.482 Y65.672 E0.03023
G1 X86.784 Y66.24 E0.04265
G1 X86.306 Y66.587 E0.028
G1 X85.781 Y66.937 E0.02991
G1 X85.258 Y67.251 E0.02891
G1 X84.539 Y67.636 E0.03866
G1 X83.614 Y68.055 E0.04813
G1 X83.04 Y68.277 E0.02917
G1 X82.461 Y68.471 E0.02894
G1 X81.854 Y68.645 E0.02993
G1 X81.072 Y68.827 E0.03805
G1 X80.373 Y68.951 E0.03365
G1 X79.838 Y69.02 E0.02557
G1 X78.853 Y69.095 E0.04682
G1 X78.245 Y69.106 E0.02882
G1 X77.708 Y69.094 E0.02546
G1 X77.025 Y69.049 E0.03244
G1 X76.391 Y68.977 E0.03024
G1 X75.51 Y68.828 E0.04235
G1 X74.98 Y68.71 E0.02573
G1 X74.029 Y68.443 E0.04682
G1 X73.451 Y68.245 E0.02896
G1 X72.895 Y68.027 E0.02831
G1 X72.318 Y67.77 E0.02994
G1 X71.782 Y67.503 E0.02838
G1 X71.234 Y67.202 E0.02963
G1 X70.774 Y66.921 E0.02555
G1 X70.048 Y66.427 E0.04162
G1 X69.465 Y65.98 E0.03482
G1 X68.778 Y65.389 E0.04295
G1 X68.393 Y65.017 E0.02537
G1 X67.97 Y64.575 E0.029
G1 X67.507 Y64.046 E0.03332
G1 X66.953 Y63.335 E0.04272
G1 X66.645 Y62.892 E0.02557
G1 X66.127 Y62.058 E0.04653
G1 X65.829 Y61.513 E0.02944
G1 X65.593 Y61.03 E0.02548
G1 X65.211 Y60.138 E0.04599
G1 X64.998 Y59.548 E0.02973
G1 X64.816 Y58.962 E0.02908
G1 X64.661 Y58.374 E0.02882
G1 X64.531 Y57.776 E0.029
G1 X64.425 Y57.169 E0.0292
G1 X64.356 Y56.638 E0.02538
G1 X64.297 Y55.958 E0.03235
G1 X64.272 Y55.362 E0.02827
G1 X64.273 Y54.806 E0.02635
G1 X64.327 Y53.822 E0.04671
G1 X64.393 Y53.223 E0.02856
G1 X64.478 Y52.677 E0.02619
G1 X64.612 Y52.003 E0.03257
G1 X64.766 Y51.392 E0.02986
G1 X65.024 Y50.548 E0.04183
G1 X65.194 Y50.076 E0.02378
G1 X65.484 Y49.381 E0.03569
G1 X65.873 Y48.574 E0.04246
G1 X66.18 Y48.02 E0.03002
G1 X66.6 Y47.343 E0.03776
G1 F1800 E-3.5
G0 F18000 X65.41 Y53.395
G0 X65.303 Y55.368
G0 X65.497 Y57.341
G0 X65.989 Y59.259
G0 X66.619 Y60.737
G0 X84.112 Y94.877
G1 F1800 E3.52079
G1 F2700 X84.75 Y94.8 E0.03046
G1 X135.332 Y94.804 E2.39737
G1 X135.993 Y94.925 E0.03185
G1 X136.208 Y94.865 E0.01058
G1 X136.75 Y94.8 E0.02587
G1 X187.332 Y94.804 E2.39737
G1 X187.859 Y94.88 E0.02524
G1 X188.357 Y95.068 E0.02523
G1 X188.771 Y95.332 E0.02327
G1 X189.095 Y95.641 E0.02122
G1 X189.397 Y96.075 E0.02506
G1 X189.623 Y96.612 E0.02761
G1 X189.7 Y97.25 E0.03046
G1 X189.696 Y122.832 E1.21248
G1 X189.62 Y123.359 E0.02524
G1 X189.432 Y123.857 E0.02523
G1 X189.168 Y124.271 E0.02327
G1 X188.859 Y124.595 E0.02122
G1 X188.425 Y124.897 E0.02506
G1 X187.888 Y125.123 E0.02761
G1 X187.25 Y125.2 E0.03046
G1 X136.668 Y125.196 E2.39737
G1 X136.007 Y125.075 E0.03185
G1 X135.792 Y125.135 E0.01058
G1 X135.25 Y125.2 E0.02587
G1 X84.668 Y125.196 E2.39737
G1 X84.141 Y125.12 E0.02524
G1 X83.643 Y124.932 E0.02523
G1 X83.229 Y124.668 E0.02327
G1 X82.905 Y124.359 E0.02122
G1 X82.603 Y123.925 E0.02506
G1 X82.377 Y123.388 E0.02761
G1 X82.3 Y122.75 E0.03046
G1 X82.304 Y97.168 E1.21248
G1 X82.38 Y96.641 E0.02524
G1 X82.568 Y96.143 E0.02523
G1 X82.832 Y95.729 E0.02327
G1 X83.141 Y95.405 E0.02122
G1 X83.575 Y95.103 E0.02506
G1 X84.112 Y94.877 E0.02761
G0 F18000 X84.308 Y95.619
G1 F2700 X83.966 Y95.753 E0.01741
G1 X83.661 Y95.958 E0.01742
G1 X83.408 Y96.223 E0.01736
G1 X83.218 Y96.537 E0.01739
G1 X83.1 Y96.885 E0.01742
G1 X83.06 Y97.25 E0.0174
G1 X83.06 Y122.75 E1.20859
G1 X83.119 Y123.192 E0.02113
G1 X83.253 Y123.534 E0.01741
G1 X83.458 Y123.839 E0.01742
G1 X83.723 Y124.092 E0.01736
G1 X84.037 Y124.282 E0.01739
G1 X84.385 Y124.4 E0.01742
G1 X84.75 Y124.44 E0.0174
G1 X135.25 Y124.44 E2.39348
G1 X135.692 Y124.381 E0.02113
G1 X136.054 Y124.234 E0.01852
G1 X136.037 Y124.282 E0.00241
G1 X136.385 Y124.4 E0.01742
G1 X136.75 Y124.44 E0.0174
G1 X187.25 Y124.44 E2.39348
G1 X187.692 Y124.381 E0.02113
G1 X188.034 Y124.247 E0.01741
G1 X188.339 Y124.042 E0.01742
G1 X188.592 Y123.777 E0.01736
G1 X188.782 Y123.463 E0.01739
G1 X188.9 Y123.115 E0.01742
G1 X188.94 Y122.75 E0.0174
G1 X188.94 Y97.25 E1.20859
G1 X188.881 Y96.808 E0.02113
G1 X188.747 Y96.466 E0.01741
G1 X188.542 Y96.161 E0.01742
G1 X188.277 Y95.908 E0.01736
G1 X187.963 Y95.718 E0.01739
G1 X187.615 Y95.6 E0.01742
G1 X187.25 Y95.56 E0.0174
G1 X136.75 Y95.56 E2.39348
G1 X136.308 Y95.619 E0.02113
G1 X135.946 Y95.766 E0.01852
G1 X135.963 Y95.718 E0.00241
G1 X135.615 Y95.6 E0.01742
G1 X135.25 Y95.56 E0.0174
G1 X84.75 Y95.56 E2.39348
G1 X84.308 Y95.619 E0.02113
G0 F18000 X84.258 Y95.242
G1 F2700 X84.7 Y95.183 E0.02113
G1 X135.291 Y95.182 E2.3978
G1 X135.656 Y95.222 E0.0174
G1 X136.003 Y95.33 E0.01722
G1 X136.258 Y95.242 E0.01279
G1 X136.7 Y95.183 E0.02113
G1 X187.291 Y95.182 E2.3978
G1 X187.737 Y95.24 E0.02132
G1 X188.16 Y95.393 E0.02132
G1 X188.539 Y95.633 E0.02126
G1 X188.857 Y95.949 E0.02125
G1 X189.101 Y96.327 E0.02132
G1 X189.258 Y96.758 E0.02174
G1 X189.317 Y97.2 E0.02113
G1 X189.318 Y122.791 E1.2129
G1 X189.26 Y123.237 E0.02132
G1 X189.107 Y123.66 E0.02132
G1 X188.867 Y124.039 E0.02126
G1 X188.551 Y124.357 E0.02125
G1 X188.173 Y124.601 E0.02132
G1 X187.742 Y124.758 E0.02174
G1 X187.3 Y124.817 E0.02113
G1 X136.709 Y124.818 E2.3978
G1 X136.344 Y124.778 E0.0174
G1 X135.997 Y124.67 E0.01722
G1 X135.742 Y124.758 E0.01279
G1 X135.3 Y124.817 E0.02113
G1 X84.709 Y124.818 E2.3978
G1 X84.263 Y124.76 E0.02132
G1 X83.84 Y124.607 E0.02132
G1 X83.461 Y124.367 E0.02126
G1 X83.143 Y124.051 E0.02125
G1 X82.899 Y123.673 E0.02132
G1 X82.742 Y123.242 E0.02174
G1 X82.683 Y122.8 E0.02113
G1 X82.682 Y97.209 E1.2129
G1 X82.74 Y96.763 E0.02132
G1 X82.893 Y96.34 E0.02132
G1 X83.133 Y95.961 E0.02126
G1 X83.449 Y95.643 E0.02125
G1 X83.827 Y95.399 E0.02132
G1 X84.258 Y95.242 E0.02174
G1 F1800 E-3.5
;MESH:01_Prime_Insulator.STL
G0 F18000 X79.441 Y68.023
G0 X79.298 Y66.583
G0 X78.584 Y66.081
;TYPE:WALL-INNER
G1 F1800 E3.52079
G1 F2992.1 X78.764 Y66.074 E0.0071
G1 X79.063 Y66.057 E0.01181
G1 F3007.9 X79.489 Y66.019 E0.01678
G1 F2992.1 X79.774 Y65.984 E0.01133
G1 F2984.3 X80.219 Y65.915 E0.01781
G1 X80.71 Y65.814 E0.01982
G1 F2992.1 X80.942 Y65.759 E0.0094
G1 X81.179 Y65.698 E0.00965
G1 F2984.3 X81.417 Y65.631 E0.00978
G1 F3015.9 X81.877 Y65.482 E0.01892
G1 F3031.9 X82.109 Y65.398 E0.0096
G1 F3000 X82.514 Y65.24 E0.0171
G1 F2984.3 X82.779 Y65.126 E0.01141
G1 F2992.1 X83.191 Y64.93 E0.018
G1 F2984.3 X83.402 Y64.824 E0.00934
G1 F3000 X83.772 Y64.62 E0.01662
G1 F3007.9 X84.042 Y64.46 E0.01231
G1 X84.452 Y64.194 E0.01918
G1 F3015.9 X84.794 Y63.955 E0.01633
G1 F2992.1 X84.984 Y63.811 E0.0094
G1 F3007.9 X85.211 Y63.633 E0.01132
G1 F3015.9 X85.432 Y63.451 E0.0112
G1 F2992.1 X85.585 Y63.317 E0.00802
G1 X85.905 Y63.021 E0.01719
G1 F3000 X86.109 Y62.818 E0.01132
G1 X86.427 Y62.484 E0.01814
G1 F2992.1 X86.59 Y62.302 E0.00964
G1 F3000 X86.87 Y61.968 E0.01715
G1 F3007.9 X87.045 Y61.741 E0.01125
G1 F3000 X87.19 Y61.545 E0.00959
G1 F3015.9 X87.46 Y61.16 E0.0184
G1 F3000 X87.686 Y60.801 E0.01669
G1 F2984.3 X87.841 Y60.539 E0.01204
G1 F3007.9 X88.053 Y60.148 E0.01745
G1 X88.27 Y59.702 E0.01946
G1 F3015.9 X88.366 Y59.494 E0.00896
G1 F3040 X88.553 Y59.039 E0.0191
G1 F3031.9 X88.724 Y58.563 E0.01969
G1 F3007.9 X88.862 Y58.114 E0.01843
G1 F2992.1 X88.969 Y57.716 E0.01626
G1 F3000 X89.033 Y57.444 E0.01099
G1 F3007.9 X89.119 Y57.013 E0.01724
G1 X89.162 Y56.758 E0.01015
G1 F3023.9 X89.234 Y56.187 E0.02246
G1 F3007.9 X89.239 Y56.1 E0.00342
G1 X89.268 Y55.768 E0.01308
G1 F3015.9 X89.279 Y55.527 E0.00944
G1 F3000 X89.286 Y55.272 E0.01004
G1 X89.286 Y54.835 E0.01719
G1 F2992.1 X89.278 Y54.608 E0.00896
G1 F3000 X89.263 Y54.324 E0.01119
G1 F3015.9 X89.222 Y53.867 E0.01795
G1 X89.19 Y53.61 E0.01013
G1 F3007.9 X89.154 Y53.371 E0.00948
G1 X89.11 Y53.113 E0.01027
G1 F3000 X89.016 Y52.654 E0.01843
G1 F2984.3 X88.899 Y52.182 E0.01923
G1 F2976.5 X88.86 Y52.043 E0.00572
G1 F3000 X88.766 Y51.735 E0.01267
G1 X88.702 Y51.544 E0.00792
G1 F3007.9 X88.558 Y51.137 E0.01694
G1 F3031.9 X88.331 Y50.597 E0.0228
G1 F3007.9 X88.248 Y50.417 E0.00778
G1 F3015.9 X88.132 Y50.177 E0.01043
G1 F3023.9 X88.021 Y49.959 E0.00955
G1 F3007.9 X87.785 Y49.533 E0.01911
G1 X87.654 Y49.315 E0.00998
G1 F3000 X87.417 Y48.948 E0.01719
G1 F2992.1 X87.273 Y48.737 E0.01008
G1 X87.128 Y48.539 E0.00968
G1 F2984.3 X86.841 Y48.168 E0.01855
G1 F2992.1 X86.684 Y47.976 E0.00978
G1 F2984.3 X86.401 Y47.658 E0.01683
G1 F2968.8 X86.207 Y47.452 E0.01125
G1 F2976.5 X86.019 Y47.262 E0.0106
G1 X85.716 Y46.973 E0.0166
G1 F2984.3 X85.603 Y46.869 E0.00607
G1 F3015.9 X85.349 Y46.651 E0.0131
G1 F3031.9 X85.116 Y46.46 E0.01173
G1 F3007.9 X84.98 Y46.355 E0.00674
G1 F2984.3 X84.744 Y46.18 E0.01162
G1 F2992.1 X84.358 Y45.912 E0.01853
G1 X83.991 Y45.679 E0.01715
G1 F3000 X83.769 Y45.547 E0.01016
G1 F3015.9 X83.341 Y45.313 E0.01909
G1 F3031.9 X82.922 Y45.109 E0.01814
G1 X82.68 Y45 E0.01033
G1 F3015.9 X82.442 Y44.899 E0.01012
G1 F3040 X82.023 Y44.738 E0.01743
G1 X81.851 Y44.678 E0.00707
G1 F3023.9 X81.58 Y44.59 E0.01112
G1 F3015.9 X81.318 Y44.511 E0.01071
G1 F2992.1 X80.901 Y44.4 E0.01702
G1 F3007.9 X80.617 Y44.334 E0.01144
G1 F3015.9 X80.365 Y44.283 E0.01006
G1 F2992.1 X79.966 Y44.213 E0.01598
G1 F2984.3 X79.444 Y44.146 E0.02081
G1 F2992.1 X79.221 Y44.124 E0.00884
G1 F3000 X78.713 Y44.094 E0.02002
G1 F2992.1 X78.526 Y44.088 E0.00738
G1 X78.23 Y44.086 E0.01168
G1 F3000 X77.768 Y44.099 E0.01818
G1 X77.532 Y44.112 E0.0093
G1 F3007.9 X77.267 Y44.133 E0.01043
G1 X76.83 Y44.183 E0.01726
G1 X76.355 Y44.255 E0.01885
G1 F3023.9 X75.863 Y44.356 E0.0196
G1 F3000 X75.617 Y44.412 E0.00992
G1 F2992.1 X75.382 Y44.475 E0.0096
G1 F3000 X74.941 Y44.607 E0.01811
G1 F2992.1 X74.513 Y44.752 E0.01782
G1 F3000 X74.062 Y44.929 E0.01906
G1 F3023.9 X73.795 Y45.046 E0.01138
G1 F3015.9 X73.421 Y45.223 E0.01619
G1 F2984.3 X73.168 Y45.35 E0.01119
G1 F2992.1 X72.745 Y45.583 E0.01905
G1 F3000 X72.529 Y45.714 E0.00994
G1 F2992.1 X72.156 Y45.953 E0.01747
G1 X71.753 Y46.235 E0.0194
G1 X71.407 Y46.502 E0.01724
G1 F3000 X71.166 Y46.702 E0.01232
G1 F3015.9 X70.822 Y47.008 E0.01802
G1 F3023.9 X70.485 Y47.33 E0.01819
G1 F3007.9 X70.339 Y47.482 E0.00827
G1 F2992.1 X70.074 Y47.77 E0.01544
G1 F3007.9 X69.846 Y48.033 E0.01366
G1 F3000 X69.675 Y48.244 E0.01068
G1 F2992.1 X69.388 Y48.624 E0.01878
G1 F3023.9 X69.278 Y48.776 E0.00732
G1 X69.105 Y49.029 E0.01196
G1 F2992.1 X68.912 Y49.332 E0.01417
G1 F2984.3 X68.735 Y49.63 E0.01371
G1 F3000 X68.516 Y50.034 E0.01808
G1 F3023.9 X68.301 Y50.474 E0.01911
G1 F3007.9 X68.126 Y50.877 E0.01724
G1 F3000 X68.016 Y51.152 E0.01165
G1 F3007.9 X67.857 Y51.589 E0.01825
G1 F2984.3 X67.721 Y52.033 E0.01836
G1 X67.652 Y52.275 E0.00995
G1 F2992.1 X67.579 Y52.576 E0.01222
G1 X67.5 Y52.939 E0.01465
G1 F3000 X67.41 Y53.436 E0.01987
G1 X67.342 Y53.981 E0.02161
G1 F2992.1 X67.337 Y54.068 E0.00344
G1 X67.308 Y54.401 E0.01318
G1 X67.291 Y54.846 E0.01756
G1 X67.286 Y55.131 E0.01124
G1 X67.297 Y55.56 E0.01693
G1 F3000 X67.315 Y55.856 E0.01167
G1 F2984.3 X67.354 Y56.282 E0.01692
G1 F2968.8 X67.388 Y56.564 E0.01129
G1 X67.409 Y56.709 E0.00582
G1 F2984.3 X67.466 Y57.053 E0.01379
G1 F3007.9 X67.558 Y57.51 E0.01829
G1 F2992.1 X67.616 Y57.757 E0.01001
G1 F2976.5 X67.716 Y58.125 E0.01512
G1 F3000 X67.812 Y58.437 E0.01284
G1 F3015.9 X67.966 Y58.89 E0.01872
G1 F3007.9 X68.034 Y59.069 E0.00751
G1 F3000 X68.242 Y59.565 E0.02116
G1 F2976.5 X68.327 Y59.75 E0.00807
G1 F3000 X68.56 Y60.218 E0.02057
G1 F3007.9 X68.779 Y60.615 E0.01779
G1 F2984.3 X69.013 Y60.999 E0.01778
G1 F2992.1 X69.177 Y61.249 E0.01179
G1 X69.452 Y61.638 E0.01879
G1 X69.731 Y61.996 E0.0179
G1 F3000 X69.924 Y62.23 E0.01193
G1 F2992.1 X70.223 Y62.563 E0.01765
G1 F2976.5 X70.343 Y62.69 E0.00693
G1 F2984.3 X70.55 Y62.901 E0.01169
G1 F3000 X70.894 Y63.228 E0.01867
G1 X71.071 Y63.385 E0.00931
G1 F2992.1 X71.41 Y63.67 E0.01747
G1 X71.829 Y63.988 E0.02075
G1 F3000 X72.221 Y64.259 E0.01875
G1 X72.614 Y64.508 E0.0183
G1 F3007.9 X72.799 Y64.619 E0.00846
G1 F3015.9 X73.224 Y64.851 E0.01895
G1 F3023.9 X73.634 Y65.05 E0.01779
G1 F3015.9 X74.111 Y65.261 E0.02041
G1 F2992.1 X74.543 Y65.429 E0.01828
G1 X74.979 Y65.574 E0.01812
G1 F3007.9 X75.262 Y65.661 E0.01162
G1 F3000 X75.644 Y65.761 E0.01553
G1 F2992.1 X75.958 Y65.835 E0.01272
G1 X76.359 Y65.913 E0.01611
G1 F3000 X76.628 Y65.96 E0.01074
G1 F3023.9 X76.91 Y65.999 E0.01111
G1 X77.195 Y66.03 E0.01119
G1 F3015.9 X77.611 Y66.064 E0.01633
G1 F3023.9 X77.863 Y66.077 E0.00985
G1 F3015.9 X78.303 Y66.086 E0.01722
G1 F3007.9 X78.584 Y66.081 E0.01103
G0 F18000 X75.968 Y65.715
G0 X74.598 Y65.319
G0 X73.298 Y64.753
G0 X71.886 Y63.882
G0 X70.618 Y62.802
G0 X69.536 Y61.547
G0 X68.657 Y60.146
G0 X67.999 Y58.614
G0 X67.581 Y57.012
G0 X67.423 Y55.59
G0 X67.471 Y53.945
G0 X67.771 Y52.305
G0 X68.315 Y50.744
G0 X68.99 Y49.441
G0 X69.955 Y48.093
G0 X70.912 Y47.089
G0 X72.215 Y46.06
G0 X73.658 Y45.241
G0 X74.54 Y44.906
G0 X76.82 Y44.125
G0 X76.777 Y43.807
G1 F3000 X77.3 Y43.748 E0.0207
G1 X77.538 Y43.729 E0.00939
G1 X78.037 Y43.706 E0.01965
G1 X78.526 Y43.707 E0.01924
G1 X78.982 Y43.728 E0.01796
G1 X79.251 Y43.746 E0.01061
G1 X79.479 Y43.767 E0.00901
G1 X80.015 Y43.836 E0.02126
G1 X80.471 Y43.917 E0.01822
G1 X80.991 Y44.03 E0.02093
G1 X81.467 Y44.158 E0.01939
G1 X81.966 Y44.317 E0.0206
G1 X82.378 Y44.469 E0.01728
G1 X82.636 Y44.569 E0.01089
G1 X82.83 Y44.653 E0.00832
G1 X83.318 Y44.88 E0.02117
G1 X83.51 Y44.975 E0.00843
G1 X83.759 Y45.107 E0.01109
G1 X83.927 Y45.201 E0.00757
G1 X84.184 Y45.351 E0.01171
G1 X84.593 Y45.611 E0.01907
G1 X84.963 Y45.869 E0.01774
G1 X85.209 Y46.051 E0.01204
G1 X85.353 Y46.166 E0.00725
G1 X85.821 Y46.555 E0.02394
G1 X85.972 Y46.69 E0.00797
G1 X86.155 Y46.862 E0.00988
G1 X86.5 Y47.206 E0.01917
G1 X86.677 Y47.395 E0.01019
G1 X86.972 Y47.729 E0.01753
G1 X87.151 Y47.946 E0.01107
G1 X87.43 Y48.308 E0.01798
G1 X87.602 Y48.544 E0.01149
G1 X87.884 Y48.966 E0.01997
G1 X88.111 Y49.339 E0.01718
G1 X88.354 Y49.779 E0.01977
G1 X88.589 Y50.249 E0.02067
G1 X88.677 Y50.444 E0.00842
G1 X88.855 Y50.861 E0.01784
G1 X89.061 Y51.415 E0.02325
G1 X89.217 Y51.911 E0.02045
G1 X89.22 Y51.912 E0.00012
G1 X89.329 Y52.325 E0.0168
G1 X89.386 Y52.568 E0.00982
G1 X89.448 Y52.86 E0.01174
G1 X89.486 Y53.06 E0.00801
G1 X89.543 Y53.397 E0.01345
G1 X89.601 Y53.84 E0.01758
G1 X89.624 Y54.086 E0.00972
G1 X89.658 Y54.585 E0.01968
G1 X89.666 Y54.835 E0.00984
G1 X89.666 Y55.272 E0.01719
G1 X89.658 Y55.575 E0.01192
G1 X89.646 Y55.766 E0.00753
G1 X89.605 Y56.279 E0.02024
G1 X89.576 Y56.523 E0.00967
G1 X89.537 Y56.81 E0.01139
G1 X89.497 Y57.052 E0.00965
G1 X89.399 Y57.546 E0.01981
G1 X89.339 Y57.802 E0.01034
G1 X89.228 Y58.214 E0.01679
G1 X89.14 Y58.506 E0.012
G1 X89.069 Y58.727 E0.00913
G1 X88.981 Y58.973 E0.01028
G1 X88.801 Y59.434 E0.01947
G1 X88.714 Y59.641 E0.00883
G1 X88.615 Y59.859 E0.00942
G1 X88.381 Y60.338 E0.02097
G1 X88.161 Y60.746 E0.01823
G1 X88.013 Y60.997 E0.01146
G1 X87.784 Y61.354 E0.01668
G1 X87.611 Y61.609 E0.01212
G1 X87.348 Y61.969 E0.01754
G1 X87.169 Y62.2 E0.0115
G1 X86.882 Y62.545 E0.01765
G1 X86.707 Y62.741 E0.01034
G1 X86.38 Y63.084 E0.01864
G1 X86.17 Y63.292 E0.01163
G1 X85.794 Y63.641 E0.02018
G1 X85.649 Y63.765 E0.00751
G1 X85.218 Y64.111 E0.02174
G1 X85.022 Y64.258 E0.00964
G1 X84.817 Y64.402 E0.00986
G1 X84.401 Y64.683 E0.01975
G1 X84.245 Y64.782 E0.00727
G1 X83.588 Y65.157 E0.02976
G1 X83.095 Y65.399 E0.0216
G1 X82.936 Y65.472 E0.00688
G1 X82.662 Y65.59 E0.01174
G1 X82.186 Y65.774 E0.02008
G1 X81.737 Y65.93 E0.0187
G1 X81.478 Y66.01 E0.01066
G1 X81.011 Y66.134 E0.01901
G1 X80.796 Y66.184 E0.00868
G1 X80.266 Y66.294 E0.02129
G1 X79.827 Y66.361 E0.01747
G1 X79.533 Y66.396 E0.01165
G1 X79.278 Y66.42 E0.01008
G1 X78.787 Y66.455 E0.01936
G1 X78.308 Y66.466 E0.01885
G1 X78.044 Y66.462 E0.01039
G1 X77.588 Y66.441 E0.01796
G1 X77.161 Y66.407 E0.01685
G1 X76.833 Y66.371 E0.01298
G1 X76.538 Y66.33 E0.01172
G1 X76.32 Y66.292 E0.00871
G1 X75.849 Y66.2 E0.01888
G1 X75.558 Y66.131 E0.01176
G1 X75.131 Y66.018 E0.01738
G1 X74.868 Y65.937 E0.01083
G1 X74.423 Y65.79 E0.01844
G1 X73.944 Y65.603 E0.02023
G1 X73.916 Y65.588 E0.00125
G1 X73.709 Y65.499 E0.00886
G1 X73.459 Y65.386 E0.01079
G1 X73.037 Y65.181 E0.01846
G1 X72.616 Y64.95 E0.01889
G1 X72.418 Y64.833 E0.00905
G1 X72.004 Y64.572 E0.01925
G1 X71.763 Y64.407 E0.01149
G1 X71.608 Y64.296 E0.0075
G1 X71.168 Y63.964 E0.02168
G1 X70.823 Y63.673 E0.01775
G1 X70.602 Y63.477 E0.01162
G1 X70.284 Y63.172 E0.01733
G1 X70.071 Y62.956 E0.01193
G1 X69.923 Y62.798 E0.00852
G1 X69.636 Y62.478 E0.01691
G1 X69.437 Y62.236 E0.01233
G1 X69.113 Y61.82 E0.02074
G1 X68.865 Y61.464 E0.01707
G1 X68.694 Y61.205 E0.01221
G1 X68.454 Y60.812 E0.01811
G1 X68.226 Y60.396 E0.01866
G1 X67.986 Y59.92 E0.02097
G1 X67.873 Y59.673 E0.01069
G1 X67.683 Y59.209 E0.01972
G1 X67.594 Y58.979 E0.0097
G1 X67.515 Y58.749 E0.00957
G1 X67.359 Y58.257 E0.0203
G1 X67.248 Y57.854 E0.01644
G1 X67.183 Y57.572 E0.01138
G1 X67.128 Y57.304 E0.01076
G1 X67.032 Y56.772 E0.02127
G1 X66.975 Y56.328 E0.01761
G1 X66.937 Y55.884 E0.01753
G1 X66.917 Y55.583 E0.01187
G1 X66.906 Y55.136 E0.01759
G1 X66.91 Y54.84 E0.01165
G1 X66.929 Y54.403 E0.01721
G1 X66.965 Y53.946 E0.01803
G1 X67.005 Y53.601 E0.01366
G1 X67.035 Y53.384 E0.00862
G1 X67.08 Y53.116 E0.01069
G1 X67.078 Y53.114 E0.00011
G1 X67.178 Y52.624 E0.01967
G1 X67.292 Y52.149 E0.01922
G1 X67.443 Y51.639 E0.02092
G1 X67.507 Y51.442 E0.00815
G1 X67.661 Y51.022 E0.0176
G1 X67.773 Y50.736 E0.01208
G1 X67.974 Y50.28 E0.0196
G1 X68.177 Y49.867 E0.0181
G1 X68.312 Y49.611 E0.01139
G1 X68.403 Y49.446 E0.00741
G1 X68.559 Y49.183 E0.01203
G1 X68.685 Y48.978 E0.00947
G1 X68.79 Y48.819 E0.0075
G1 X69.078 Y48.406 E0.01981
G1 X69.26 Y48.158 E0.0121
G1 X69.376 Y48.009 E0.00743
G1 X69.557 Y47.789 E0.01121
G1 X69.895 Y47.4 E0.02027
G1 X70.062 Y47.221 E0.00963
G1 X70.435 Y46.852 E0.02064
G1 X70.779 Y46.534 E0.01843
G1 X71.144 Y46.226 E0.01879
G1 X71.353 Y46.062 E0.01045
G1 X71.529 Y45.93 E0.00865
G1 X71.939 Y45.641 E0.01973
G1 X72.381 Y45.358 E0.02065
G1 X72.594 Y45.231 E0.00976
G1 X72.811 Y45.109 E0.00979
G1 X72.989 Y45.014 E0.00794
G1 X73.251 Y44.883 E0.01152
G1 X73.437 Y44.794 E0.00811
G1 X73.908 Y44.582 E0.02032
G1 X74.377 Y44.398 E0.01982
G1 X74.621 Y44.311 E0.01019
G1 X75.075 Y44.168 E0.01872
G1 X75.52 Y44.043 E0.01818
G1 X76.078 Y43.922 E0.02246
G1 X76.309 Y43.878 E0.00925
G1 X76.777 Y43.807 E0.01862
G0 F18000 X76.82 Y44.125
G0 X80.007 Y44.284
G0 X79.951 Y44.599
G1 F3000 X79.905 Y44.589 E0.00185
G1 X79.598 Y44.547 E0.01219
G1 X79.213 Y44.503 E0.01524
G1 X78.744 Y44.475 E0.01848
G1 X78.267 Y44.466 E0.01877
G1 X77.821 Y44.478 E0.01755
G1 X77.335 Y44.507 E0.01915
G1 X76.894 Y44.557 E0.01746
G1 X76.649 Y44.591 E0.00973
G1 X76.416 Y44.629 E0.00929
G1 X75.977 Y44.719 E0.01763
G1 X75.792 Y44.76 E0.00745
G1 X75.542 Y44.824 E0.01015
G1 X75.089 Y44.959 E0.01859
G1 X74.653 Y45.105 E0.01809
G1 X74.22 Y45.274 E0.01828
G1 X73.981 Y45.375 E0.01021
G1 X73.377 Y45.669 E0.02643
G1 X72.968 Y45.893 E0.01834
G1 X72.781 Y46.004 E0.00855
G1 X72.382 Y46.26 E0.01865
G1 X71.997 Y46.526 E0.01841
G1 X71.64 Y46.802 E0.01775
G1 X71.435 Y46.971 E0.01045
G1 X71.097 Y47.269 E0.01773
G1 X70.766 Y47.583 E0.01795
G1 X70.37 Y48.007 E0.02282
G1 X70.159 Y48.248 E0.0126
G1 X70.004 Y48.441 E0.00974
G1 X69.726 Y48.805 E0.01802
G1 X69.638 Y48.926 E0.00589
G1 X69.596 Y48.977 E0.0026
G1 X69.45 Y49.195 E0.01032
G1 X69.234 Y49.535 E0.01585
G1 X69.086 Y49.781 E0.01129
G1 X68.868 Y50.177 E0.01778
G1 X68.631 Y50.658 E0.02109
G1 X68.564 Y50.813 E0.00664
G1 X68.38 Y51.259 E0.01898
G1 X68.225 Y51.684 E0.0178
G1 X68.092 Y52.119 E0.01789
G1 X68.025 Y52.35 E0.00946
G1 X67.954 Y52.645 E0.01194
G1 X67.879 Y52.985 E0.0137
G1 X67.791 Y53.45 E0.01862
G1 X67.72 Y54.015 E0.0224
G1 X67.718 Y54.068 E0.00209
G1 X67.688 Y54.406 E0.01335
G1 X67.679 Y54.622 E0.0085
G1 X67.666 Y55.094 E0.01857
G1 X67.678 Y55.576 E0.01897
G1 X67.691 Y55.817 E0.00949
G1 X67.709 Y56.011 E0.00766
G1 X67.761 Y56.484 E0.01872
G1 X67.83 Y56.936 E0.01799
G1 X67.925 Y57.41 E0.01902
G1 X67.976 Y57.633 E0.009
G1 X68.16 Y58.289 E0.0268
G1 X68.332 Y58.787 E0.02073
G1 X68.363 Y58.863 E0.00323
G1 X68.376 Y58.907 E0.0018
G1 X68.571 Y59.369 E0.01973
G1 X68.774 Y59.809 E0.01906
G1 X68.868 Y59.992 E0.00809
G1 X69.09 Y60.394 E0.01807
G1 X69.219 Y60.616 E0.0101
G1 X69.457 Y60.986 E0.01731
G1 X69.725 Y61.368 E0.01836
G1 X70.013 Y61.74 E0.01851
G1 X70.192 Y61.959 E0.01113
G1 X70.483 Y62.285 E0.01719
G1 X70.805 Y62.62 E0.01828
G1 X71.091 Y62.892 E0.01553
G1 X71.288 Y63.071 E0.01047
G1 X71.644 Y63.37 E0.01829
G1 X72.012 Y63.651 E0.01821
G1 X72.392 Y63.918 E0.01827
G1 X72.787 Y64.168 E0.01839
G1 X72.995 Y64.296 E0.00961
G1 X73.404 Y64.518 E0.01831
G1 X73.754 Y64.689 E0.01532
G1 X74.219 Y64.895 E0.02001
G1 X74.693 Y65.08 E0.02002
G1 X74.913 Y65.155 E0.00914
G1 X75.337 Y65.289 E0.01749
G1 X75.584 Y65.355 E0.01006
G1 X76.014 Y65.459 E0.0174
G1 X76.266 Y65.511 E0.01012
G1 X76.667 Y65.582 E0.01602
G1 X76.894 Y65.615 E0.00902
G1 X77.166 Y65.647 E0.01077
G1 X77.605 Y65.684 E0.01733
G1 X77.833 Y65.697 E0.00898
G1 X78.295 Y65.706 E0.01818
G1 X78.551 Y65.703 E0.01007
G1 X79.022 Y65.681 E0.01855
G1 X79.421 Y65.644 E0.01576
G1 X79.692 Y65.611 E0.01074
G1 X80.159 Y65.539 E0.01859
G1 X80.611 Y65.447 E0.01815
G1 X80.818 Y65.399 E0.00836
G1 X81.262 Y65.281 E0.01807
G1 X81.723 Y65.137 E0.019
G1 X81.923 Y65.064 E0.00838
G1 X82.341 Y64.9 E0.01766
G1 X82.57 Y64.804 E0.00977
G1 X82.991 Y64.606 E0.0183
G1 X83.42 Y64.384 E0.019
G1 X83.654 Y64.253 E0.01055
G1 X84.191 Y63.915 E0.02496
G1 X84.575 Y63.645 E0.01847
G1 X84.94 Y63.366 E0.01807
G1 X85.117 Y63.22 E0.00903
G1 X85.29 Y63.072 E0.00896
G1 X85.647 Y62.743 E0.0191
G1 X85.824 Y62.568 E0.00979
G1 X86.128 Y62.248 E0.01736
G1 X86.276 Y62.083 E0.00872
G1 X86.581 Y61.724 E0.01853
G1 X86.733 Y61.528 E0.00976
G1 X86.853 Y61.366 E0.00793
G1 X87.143 Y60.953 E0.01985
G1 X87.351 Y60.62 E0.01545
G1 X87.499 Y60.371 E0.01139
G1 X87.704 Y60 E0.01667
G1 X87.826 Y59.755 E0.01077
G1 X88.023 Y59.336 E0.01821
G1 X88.195 Y58.922 E0.01764
G1 X88.353 Y58.477 E0.01858
G1 X88.489 Y58.036 E0.01815
G1 X88.559 Y57.794 E0.00991
G1 X88.664 Y57.357 E0.01768
G1 X88.747 Y56.939 E0.01676
G1 X88.787 Y56.708 E0.00922
G1 X88.857 Y56.153 E0.02201
G1 X88.858 Y56.1 E0.00209
G1 X88.89 Y55.745 E0.01402
G1 X88.905 Y55.316 E0.01689
G1 X88.906 Y54.835 E0.01892
G1 X88.885 Y54.352 E0.01902
G1 X88.845 Y53.9 E0.01785
G1 X88.819 Y53.69 E0.00832
G1 X88.739 Y53.189 E0.01996
G1 X88.651 Y52.761 E0.01719
G1 X88.539 Y52.302 E0.01859
G1 X88.405 Y51.848 E0.01862
G1 X88.223 Y51.333 E0.02149
G1 X88.225 Y51.33 E0.00014
G1 X88.206 Y51.268 E0.00255
G1 X88.159 Y51.167 E0.00438
G1 X88.005 Y50.795 E0.01584
G1 X87.804 Y50.365 E0.01867
G1 X87.709 Y50.177 E0.00829
G1 X87.47 Y49.747 E0.01935
G1 X87.336 Y49.521 E0.01034
G1 X86.966 Y48.96 E0.02644
G1 X86.856 Y48.81 E0.00732
G1 X86.562 Y48.427 E0.01899
G1 X86.407 Y48.236 E0.00968
G1 X86.27 Y48.087 E0.00796
G1 X86.03 Y47.816 E0.01424
G1 X85.77 Y47.552 E0.01458
G1 X85.368 Y47.17 E0.02182
G1 X85.124 Y46.955 E0.01279
G1 X84.93 Y46.795 E0.00989
G1 X84.569 Y46.523 E0.01778
G1 X84.182 Y46.252 E0.01859
G1 X83.811 Y46.013 E0.01736
G1 X83.576 Y45.873 E0.01076
G1 X83.195 Y45.664 E0.01709
G1 X82.779 Y45.457 E0.01828
G1 X82.348 Y45.269 E0.0185
G1 X81.894 Y45.091 E0.01918
G1 X81.493 Y44.958 E0.01662
G1 X81.261 Y44.889 E0.00952
G1 X81.036 Y44.827 E0.00918
G1 X80.581 Y44.714 E0.01844
G1 X80.316 Y44.657 E0.01066
G1 X79.951 Y44.599 E0.01454
G0 F18000 X80.007 Y44.284
G0 X81.975 Y44.85
G0 X83.312 Y45.435
G0 X84.693 Y46.291
G0 X85.957 Y47.367
G0 X87.043 Y48.625
G0 X87.921 Y50.027
G0 X88.579 Y51.555
G0 X88.998 Y53.161
G0 X89.169 Y55.051
G0 X89.043 Y56.74
G0 X88.603 Y58.549
G0 X87.94 Y60.11
G0 X87.085 Y61.491
G0 X86.011 Y62.75
G0 X84.751 Y63.84
G0 X83.348 Y64.718
G0 X81.817 Y65.378
G0 X80.523 Y65.715
G0 X78.576 Y66.022
G0 X78.544 Y65.323
;TYPE:WALL-OUTER
G1 F1500 X78.302 Y65.326 E0.00952
G1 X77.854 Y65.318 E0.01763
G1 X77.637 Y65.306 E0.00855
G1 X77.207 Y65.269 E0.01698
G1 X76.949 Y65.239 E0.01022
G1 X76.717 Y65.205 E0.00922
G1 X76.707 Y65.201 E0.00042
G1 X76.296 Y65.129 E0.01641
G1 X76.086 Y65.085 E0.00844
G1 X75.682 Y64.988 E0.01634
G1 X75.451 Y64.926 E0.00941
G1 X75.037 Y64.796 E0.01707
G1 X74.811 Y64.718 E0.00941
G1 X74.373 Y64.547 E0.0185
G1 X73.92 Y64.347 E0.01948
G1 X73.585 Y64.184 E0.01466
G1 X73.177 Y63.962 E0.01827
G1 X72.99 Y63.847 E0.00864
G1 X72.61 Y63.606 E0.0177
G1 X72.256 Y63.36 E0.01696
G1 X71.888 Y63.079 E0.01821
G1 X71.542 Y62.788 E0.01779
G1 X71.353 Y62.617 E0.01003
G1 X71.056 Y62.334 E0.01614
G1 X70.766 Y62.031 E0.0165
G1 X70.485 Y61.717 E0.01658
G1 X70.313 Y61.507 E0.01068
G1 X70.035 Y61.148 E0.01786
G1 X69.777 Y60.78 E0.01768
G1 X69.547 Y60.424 E0.01667
G1 X69.422 Y60.209 E0.00978
G1 X69.218 Y59.843 E0.01648
G1 X69.119 Y59.649 E0.00857
G1 X68.921 Y59.221 E0.01855
G1 X68.726 Y58.755 E0.01987
G1 X68.728 Y58.752 E0.00014
G1 X68.684 Y58.642 E0.00466
G1 X68.525 Y58.182 E0.01915
G1 X68.346 Y57.547 E0.02595
G1 X68.297 Y57.334 E0.0086
G1 X68.206 Y56.879 E0.01825
G1 X68.139 Y56.44 E0.01747
G1 X68.087 Y55.978 E0.01829
G1 X68.07 Y55.783 E0.0077
G1 X68.058 Y55.566 E0.00855
G1 X68.046 Y55.105 E0.01814
G1 X68.066 Y54.44 E0.02617
G1 X68.101 Y54.071 E0.01458
G1 X68.098 Y54.068 E0.00017
G1 X68.165 Y53.52 E0.02172
G1 X68.25 Y53.067 E0.01813
G1 X68.323 Y52.735 E0.01337
G1 X68.389 Y52.457 E0.01124
G1 X68.582 Y51.814 E0.02641
G1 X68.732 Y51.403 E0.01721
G1 X68.91 Y50.971 E0.01838
G1 X68.975 Y50.831 E0.00607
G1 X68.972 Y50.828 E0.00017
G1 X69.201 Y50.36 E0.0205
G1 X69.412 Y49.977 E0.0172
G1 X69.555 Y49.738 E0.01096
G1 X69.765 Y49.407 E0.01542
G1 X69.921 Y49.178 E0.0109
G1 X69.926 Y49.177 E0.0002
G1 X70.012 Y49.056 E0.00584
G1 X70.301 Y48.678 E0.01872
G1 X70.445 Y48.498 E0.00907
G1 X70.648 Y48.266 E0.01213
G1 X71.028 Y47.859 E0.0219
G1 X71.349 Y47.553 E0.01745
G1 X71.675 Y47.265 E0.01711
G1 X71.874 Y47.102 E0.01012
G1 X72.214 Y46.838 E0.01693
G1 X72.568 Y46.592 E0.01696
G1 X72.945 Y46.349 E0.01764
G1 X73.15 Y46.227 E0.00938
G1 X73.545 Y46.01 E0.01773
G1 X74.129 Y45.725 E0.02556
G1 X74.36 Y45.628 E0.00986
G1 X74.773 Y45.465 E0.01747
G1 X75.198 Y45.323 E0.01763
G1 X75.637 Y45.192 E0.01802
G1 X75.877 Y45.13 E0.00975
G1 X76.038 Y45.093 E0.0065
G1 X76.477 Y45.004 E0.01762
G1 X76.701 Y44.967 E0.00893
G1 X76.938 Y44.935 E0.00941
G1 X77.362 Y44.886 E0.01679
G1 X77.589 Y44.87 E0.00895
G1 X77.831 Y44.858 E0.00953
G1 X78.26 Y44.846 E0.01688
G1 X78.723 Y44.854 E0.01822
G1 X79.182 Y44.883 E0.01809
G1 X79.546 Y44.923 E0.01441
G1 X79.843 Y44.964 E0.01179
G1 X80.281 Y45.039 E0.01748
G1 X80.489 Y45.082 E0.00836
G1 X80.936 Y45.194 E0.01813
G1 X81.373 Y45.319 E0.01788
G1 X81.765 Y45.45 E0.01626
G1 X82.198 Y45.618 E0.01827
G1 X82.625 Y45.805 E0.01834
G1 X83.012 Y45.997 E0.01699
G1 X83.402 Y46.212 E0.01752
G1 X83.623 Y46.344 E0.01013
G1 X83.964 Y46.564 E0.01596
G1 X84.341 Y46.827 E0.01808
G1 X84.689 Y47.089 E0.01714
G1 X84.874 Y47.241 E0.00942
G1 X85.104 Y47.442 E0.01202
G1 X85.5 Y47.818 E0.02148
G1 X85.746 Y48.069 E0.01383
G1 X86.091 Y48.456 E0.0204
G1 X86.096 Y48.458 E0.00021
G1 X86.261 Y48.659 E0.01023
G1 X86.548 Y49.033 E0.01855
G1 X86.669 Y49.2 E0.00811
G1 X86.793 Y49.385 E0.00876
G1 X87.019 Y49.733 E0.01632
G1 X87.138 Y49.931 E0.00909
G1 X87.37 Y50.349 E0.01881
G1 X87.46 Y50.527 E0.00785
G1 X87.654 Y50.941 E0.01799
G1 X87.813 Y51.325 E0.01635
G1 X87.843 Y51.383 E0.00257
G1 X87.857 Y51.422 E0.00163
G1 X87.853 Y51.427 E0.00025
G1 X87.906 Y51.57 E0.006
G1 X88.043 Y51.965 E0.01645
G1 X88.173 Y52.406 E0.01809
G1 X88.279 Y52.837 E0.01746
G1 X88.368 Y53.273 E0.01751
G1 X88.441 Y53.736 E0.01844
G1 X88.466 Y53.934 E0.00785
G1 X88.506 Y54.387 E0.01789
G1 X88.526 Y54.835 E0.01764
G1 X88.526 Y55.302 E0.01837
G1 X88.51 Y55.729 E0.01681
G1 X88.475 Y56.097 E0.01454
G1 X88.478 Y56.1 E0.00017
G1 X88.441 Y56.424 E0.01283
G1 X88.412 Y56.644 E0.00873
G1 X88.374 Y56.865 E0.00882
G1 X88.294 Y57.269 E0.0162
G1 X88.191 Y57.697 E0.01732
G1 X88.126 Y57.924 E0.00929
G1 X87.995 Y58.349 E0.0175
G1 X87.836 Y58.793 E0.01855
G1 X87.677 Y59.176 E0.01631
G1 X87.486 Y59.585 E0.01776
G1 X87.371 Y59.816 E0.01015
G1 X87.158 Y60.201 E0.01731
G1 X87.029 Y60.418 E0.00993
G1 X86.824 Y60.745 E0.01518
G1 X86.546 Y61.14 E0.019
G1 X86.291 Y61.478 E0.01666
G1 X85.994 Y61.829 E0.01809
G1 X85.852 Y61.986 E0.00833
G1 X85.528 Y62.326 E0.01848
G1 X85.389 Y62.464 E0.00771
G1 X85.042 Y62.784 E0.01857
G1 X84.709 Y63.064 E0.01712
G1 X84.356 Y63.334 E0.01748
G1 X84.006 Y63.581 E0.01685
G1 X83.445 Y63.934 E0.02607
G1 X83.242 Y64.048 E0.00916
G1 X83.043 Y64.154 E0.00887
G1 X82.829 Y64.262 E0.00943
G1 X82.422 Y64.454 E0.0177
G1 X82.201 Y64.546 E0.00942
G1 X81.793 Y64.707 E0.01725
G1 X81.609 Y64.774 E0.0077
G1 X81.158 Y64.915 E0.01859
G1 X80.733 Y65.029 E0.01731
G1 X80.535 Y65.075 E0.008
G1 X80.099 Y65.164 E0.01751
G1 X79.647 Y65.234 E0.01799
G1 X79.386 Y65.266 E0.01034
G1 X78.985 Y65.302 E0.01584
G1 X78.544 Y65.323 E0.01737
G0 F18000 X78.344 Y65.325
G0 X78.352 Y66.026
G0 X78.289 Y66.146
G0 X78.314 Y66.846
G1 F1500 X78.81 Y66.834 E0.01952
G1 X79.312 Y66.798 E0.0198
G1 X79.577 Y66.774 E0.01047
G1 X79.88 Y66.737 E0.01201
G1 X80.341 Y66.666 E0.01835
G1 X80.882 Y66.554 E0.02173
G1 X81.104 Y66.502 E0.00897
G1 X81.376 Y66.432 E0.01105
G1 X81.644 Y66.357 E0.01095
G1 X81.861 Y66.289 E0.00895
G1 X82.322 Y66.129 E0.0192
G1 X82.81 Y65.94 E0.02059
G1 X83.094 Y65.818 E0.01216
G1 X83.262 Y65.74 E0.00729
G1 X83.774 Y65.488 E0.02245
G1 X84.448 Y65.103 E0.03053
G1 X84.611 Y64.999 E0.00761
G1 X85.034 Y64.714 E0.02006
G1 X85.294 Y64.529 E0.01255
G1 X85.452 Y64.41 E0.00778
G1 X85.669 Y64.239 E0.01087
G1 X85.86 Y64.079 E0.0098
G1 X85.866 Y64.079 E0.00024
G1 X86.05 Y63.921 E0.00954
G1 X86.436 Y63.564 E0.02068
G1 X86.787 Y63.21 E0.01961
G1 X86.987 Y62.998 E0.01147
G1 X87.143 Y62.825 E0.00916
G1 X87.469 Y62.433 E0.02006
G1 X87.611 Y62.25 E0.00911
G1 X87.806 Y61.989 E0.01282
G1 X87.924 Y61.824 E0.00798
G1 X88.102 Y61.562 E0.01246
G1 X88.339 Y61.192 E0.01729
G1 X88.474 Y60.966 E0.01036
G1 X88.719 Y60.512 E0.02029
G1 X88.961 Y60.017 E0.02168
G1 X89.077 Y59.758 E0.01116
G1 X89.154 Y59.576 E0.00777
G1 X89.261 Y59.306 E0.01143
G1 X89.34 Y59.097 E0.00879
G1 X89.417 Y58.877 E0.00917
G1 X89.42 Y58.875 E0.00014
G1 X89.504 Y58.617 E0.01067
G1 X89.595 Y58.314 E0.01245
G1 X89.707 Y57.901 E0.01683
G1 X89.77 Y57.631 E0.01091
G1 X89.877 Y57.094 E0.02154
G1 X89.876 Y57.079 E0.00059
G1 X89.912 Y56.874 E0.00819
G1 X89.947 Y56.619 E0.01013
G1 X89.983 Y56.324 E0.01169
G1 X90.002 Y56.106 E0.00861
G1 X90.038 Y55.587 E0.02047
G1 X90.046 Y55.272 E0.0124
G1 X90.046 Y54.835 E0.01719
G1 X90.038 Y54.562 E0.01074
G1 X90.002 Y54.051 E0.02015
G1 X89.978 Y53.794 E0.01015
G1 X89.918 Y53.334 E0.01825
G1 X89.86 Y52.99 E0.01372
G1 X89.82 Y52.784 E0.00826
G1 X89.756 Y52.482 E0.01214
G1 X89.697 Y52.23 E0.01018
G1 X89.578 Y51.781 E0.01827
G1 X89.573 Y51.779 E0.00021
G1 X89.419 Y51.287 E0.02028
G1 X89.22 Y50.749 E0.02257
G1 X89.024 Y50.29 E0.01963
G1 X88.93 Y50.081 E0.00902
G1 X88.688 Y49.598 E0.02125
G1 X88.438 Y49.145 E0.02035
G1 X88.202 Y48.758 E0.01783
G1 X87.911 Y48.323 E0.02059
G1 X87.731 Y48.076 E0.01202
G1 X87.429 Y47.687 E0.01937
G1 X87.26 Y47.482 E0.01045
G1 X86.953 Y47.133 E0.01828
G1 X86.79 Y46.963 E0.00926
G1 X86.791 Y46.96 E0.00012
G1 X86.415 Y46.585 E0.02089
G1 X86.226 Y46.408 E0.01019
G1 X86.067 Y46.265 E0.00841
G1 X85.831 Y46.066 E0.01214
G1 X85.437 Y45.747 E0.01994
G1 X85.235 Y45.596 E0.00992
G1 X84.797 Y45.291 E0.021
G1 X84.378 Y45.024 E0.01954
G1 X83.939 Y44.772 E0.01991
G1 X83.68 Y44.635 E0.01153
G1 X83.482 Y44.537 E0.00869
G1 X83.237 Y44.421 E0.01066
G1 X82.982 Y44.305 E0.01102
G1 X82.775 Y44.215 E0.00888
G1 X82.51 Y44.112 E0.01118
G1 X82.082 Y43.955 E0.01793
G1 X81.582 Y43.795 E0.02065
G1 X81.082 Y43.661 E0.02036
G1 X80.503 Y43.536 E0.0233
G1 X80.064 Y43.459 E0.01753
G1 X79.514 Y43.389 E0.02181
G1 X79.281 Y43.368 E0.0092
G1 X79 Y43.348 E0.01108
G1 X78.526 Y43.327 E0.01866
G1 X78.02 Y43.326 E0.01991
G1 X77.474 Y43.353 E0.02151
G1 X77.281 Y43.368 E0.00762
G1 X77.006 Y43.397 E0.01088
G1 X76.724 Y43.431 E0.01117
G1 X76.216 Y43.509 E0.02022
G1 X76.008 Y43.548 E0.00832
G1 X75.423 Y43.676 E0.02356
G1 X74.963 Y43.804 E0.01878
G1 X74.493 Y43.953 E0.0194
G1 X74.24 Y44.044 E0.01058
G1 X73.754 Y44.235 E0.02054
G1 X73.275 Y44.45 E0.02065
G1 X73.081 Y44.543 E0.00846
G1 X72.811 Y44.679 E0.01189
G1 X72.626 Y44.778 E0.00825
G1 X72.361 Y44.928 E0.01198
G1 X72.177 Y45.037 E0.00841
G1 X71.721 Y45.329 E0.0213
G1 X71.119 Y45.762 E0.02917
G1 X70.9 Y45.935 E0.01098
G1 X70.534 Y46.243 E0.01882
G1 X70.169 Y46.58 E0.01954
G1 X69.785 Y46.961 E0.02128
G1 X69.617 Y47.14 E0.00966
G1 X69.116 Y47.724 E0.03027
G1 X68.954 Y47.932 E0.01037
G1 X68.767 Y48.188 E0.01247
G1 X68.474 Y48.608 E0.02015
G1 X68.362 Y48.778 E0.00801
G1 X68.101 Y49.207 E0.01975
G1 X67.979 Y49.427 E0.0099
G1 X67.836 Y49.699 E0.01209
G1 X67.632 Y50.113 E0.01816
G1 X67.526 Y50.349 E0.01018
G1 X67.42 Y50.596 E0.01057
G1 X67.304 Y50.892 E0.01251
G1 X67.152 Y51.307 E0.01739
G1 X67.08 Y51.528 E0.00914
G1 X66.99 Y51.824 E0.01217
G1 X66.903 Y52.138 E0.01282
G1 X66.805 Y52.548 E0.01658
G1 X66.699 Y53.074 E0.02111
G1 X66.702 Y53.076 E0.00014
G1 X66.664 Y53.294 E0.00871
G1 X66.597 Y53.805 E0.02027
G1 X66.551 Y54.379 E0.02265
G1 X66.538 Y54.584 E0.00808
G1 X66.53 Y54.834 E0.00984
G1 X66.526 Y55.142 E0.01212
G1 X66.538 Y55.606 E0.01826
G1 X66.558 Y55.912 E0.01206
G1 X66.598 Y56.374 E0.01824
G1 X66.658 Y56.834 E0.01825
G1 X66.711 Y57.149 E0.01257
G1 X66.813 Y57.658 E0.02042
G1 X66.881 Y57.951 E0.01183
G1 X66.999 Y58.387 E0.01777
G1 X67.003 Y58.389 E0.00018
G1 X67.155 Y58.873 E0.01996
G1 X67.258 Y59.163 E0.01211
G1 X67.426 Y59.589 E0.01801
G1 X67.527 Y59.829 E0.01024
G1 X67.646 Y60.09 E0.01128
G1 X67.89 Y60.575 E0.02136
G1 X67.982 Y60.746 E0.00764
G1 X68.13 Y61.008 E0.01184
G1 X68.375 Y61.411 E0.01855
G1 X68.552 Y61.68 E0.01267
G1 X68.813 Y62.053 E0.01791
G1 X69.143 Y62.477 E0.02114
G1 X69.269 Y62.63 E0.0078
G1 X69.271 Y62.636 E0.00025
G1 X69.469 Y62.864 E0.01188
G1 X69.619 Y63.031 E0.00883
G1 X69.799 Y63.222 E0.01032
G1 X70.018 Y63.443 E0.01224
G1 X70.321 Y63.735 E0.01655
G1 X70.575 Y63.961 E0.01337
G1 X70.936 Y64.265 E0.01857
G1 X71.386 Y64.604 E0.02216
G1 X71.548 Y64.72 E0.00784
G1 X71.808 Y64.896 E0.01235
G1 X71.971 Y65.002 E0.00765
G1 X72.222 Y65.159 E0.01165
G1 X72.473 Y65.305 E0.01142
G1 X72.867 Y65.521 E0.01768
G1 X73.323 Y65.741 E0.01992
G1 X73.773 Y65.941 E0.01937
G1 X73.776 Y65.946 E0.00023
G1 X74.285 Y66.145 E0.0215
G1 X74.757 Y66.3 E0.01954
G1 X75.031 Y66.384 E0.01127
G1 X75.459 Y66.499 E0.01743
G1 X75.772 Y66.572 E0.01264
G1 X76.278 Y66.673 E0.0203
G1 X76.28 Y66.67 E0.00014
G1 X76.518 Y66.711 E0.0095
G1 X76.752 Y66.744 E0.0093
G1 X77.268 Y66.798 E0.02041
G1 X77.564 Y66.82 E0.01168
G1 X77.84 Y66.835 E0.01087
G1 X78.038 Y66.842 E0.00779
G1 X78.314 Y66.846 E0.01086
G0 F18000 X78.514 Y66.842
G1 F1800 E-3.5
;MESH:Full_Asse_Dielectric_Part.STL
G0 F18000 X78.506 Y66.143
G0 X80.791 Y66.352
G0 X81.092 Y67.77
G0 X85.154 Y96.21
G0 X135.039 Y97.421
;TYPE:SKIN
G1 F1800 E3.52079
G1 F3600 X135.079 Y97.421 E0.00199
G1 X135.079 Y97.461
G1 X135.079 Y97.999 E0.02677
G1 X134.502 Y97.421 E0.04064
G1 X133.964 Y97.421 E0.02677
G1 X135.079 Y98.536 E0.07847
G1 X135.079 Y99.073 E0.02672
G1 X133.427 Y97.421 E0.11627
G1 X132.889 Y97.421 E0.02677
G1 X135.079 Y99.611 E0.15413
G1 X135.079 Y100.148 E0.02672
G1 X132.352 Y97.421 E0.19192
G1 X131.815 Y97.421 E0.02672
G1 X135.079 Y100.686 E0.22975
G1 X135.079 Y101.223 E0.02672
G1 X131.277 Y97.421 E0.26758
G1 X130.74 Y97.421 E0.02672
G1 X135.079 Y101.76 E0.30537
G1 X135.079 Y102.298 E0.02677
G1 X130.202 Y97.421 E0.34324
G1 X129.665 Y97.421 E0.02672
G1 X135.079 Y102.835 E0.38103
G1 X135.079 Y103.373 E0.02677
G1 X129.128 Y97.421 E0.41886
G1 X128.59 Y97.421 E0.02677
G1 X135.079 Y103.91 E0.45669
G1 X135.079 Y104.447 E0.02672
G1 X128.053 Y97.421 E0.49448
G1 X127.515 Y97.421 E0.02677
G1 X135.079 Y104.985 E0.53235
G1 X135.079 Y105.522 E0.02672
G1 X126.978 Y97.421 E0.57014
G1 X126.441 Y97.421 E0.02672
G1 X135.079 Y106.06 E0.60797
G1 X135.079 Y106.597 E0.02672
G1 X125.903 Y97.421 E0.6458
G1 X125.366 Y97.421 E0.02672
G1 X135.079 Y107.134 E0.68359
G1 X135.079 Y107.672 E0.02677
G1 X124.828 Y97.421 E0.72146
G1 X124.291 Y97.421 E0.02672
G1 X135.079 Y108.209 E0.75925
G1 X135.079 Y108.747 E0.02677
G1 X123.754 Y97.421 E0.79708
G1 X123.216 Y97.421 E0.02677
G1 X135.079 Y109.284 E0.83491
G1 X135.079 Y109.821 E0.02672
G1 X122.679 Y97.421 E0.8727
G1 X122.141 Y97.421 E0.02677
G1 X135.079 Y110.359 E0.91056
G1 X135.079 Y110.896 E0.02672
G1 X121.604 Y97.421 E0.94836
G1 X121.067 Y97.421 E0.02672
G1 X135.079 Y111.434 E0.98619
G1 X135.079 Y111.971 E0.02672
G1 X120.529 Y97.421 E1.02401
G1 X119.992 Y97.421 E0.02672
G1 X135.079 Y112.508 E1.06181
G1 X135.079 Y113.046 E0.02677
G1 X119.454 Y97.421 E1.09967
G1 X118.917 Y97.421 E0.02672
G1 X135.079 Y113.583 E1.13747
G1 X135.079 Y114.121 E0.02677
G1 X118.38 Y97.421 E1.17529
G1 X117.842 Y97.421 E0.02677
G1 X135.079 Y114.658 E1.21312
G1 X135.079 Y115.195 E0.02672
G1 X117.305 Y97.421 E1.25092
G1 X116.767 Y97.421 E0.02677
G1 X135.079 Y115.733 E1.28878
G1 X135.079 Y116.27 E0.02672
G1 X116.23 Y97.421 E1.32657
G1 X115.693 Y97.421 E0.02672
G1 X135.079 Y116.808 E1.3644
G1 X135.079 Y117.345 E0.02672
G1 X115.155 Y97.421 E1.40223
G1 X114.618 Y97.421 E0.02672
G1 X135.079 Y117.882 E1.44002
G1 X135.079 Y118.42 E0.02677
G1 X114.08 Y97.421 E1.47789
G1 X113.543 Y97.421 E0.02672
G1 X135.079 Y118.957 E1.51568
G1 X135.079 Y119.495 E0.02677
G1 X113.006 Y97.421 E1.55351
G1 X112.468 Y97.421 E0.02677
G1 X135.079 Y120.032 E1.59134
G1 X135.079 Y120.569 E0.02672
G1 X111.931 Y97.421 E1.62913
G1 X111.393 Y97.421 E0.02677
G1 X135.079 Y121.107 E1.667
G1 X135.079 Y121.644 E0.02672
G1 X110.856 Y97.421 E1.70479
G1 X110.319 Y97.421 E0.02672
G1 X135.079 Y122.182 E1.74262
G1 X135.079 Y122.579 E0.01976
G1 X134.939 Y122.579 E0.00697
G1 X109.781 Y97.421 E1.7706
G1 X109.244 Y97.421 E0.02672
G1 X134.402 Y122.579 E1.7706
G1 X133.865 Y122.579 E0.02672
G1 X108.706 Y97.421 E1.77063
G1 X108.169 Y97.421 E0.02672
G1 X133.327 Y122.579 E1.7706
G1 X132.79 Y122.579 E0.02672
G1 X107.632 Y97.421 E1.7706
G1 X107.094 Y97.421 E0.02677
G1 X132.252 Y122.579 E1.7706
G1 X131.715 Y122.579 E0.02672
G1 X106.557 Y97.421 E1.7706
G1 X106.019 Y97.421 E0.02677
G1 X131.178 Y122.579 E1.77063
G1 X130.64 Y122.579 E0.02677
G1 X105.482 Y97.421 E1.7706
G1 X104.945 Y97.421 E0.02672
G1 X130.103 Y122.579 E1.7706
G1 X129.565 Y122.579 E0.02677
G1 X104.407 Y97.421 E1.7706
G1 X103.87 Y97.421 E0.02672
G1 X129.028 Y122.579 E1.7706
G1 X128.49 Y122.579 E0.02677
G1 X103.332 Y97.421 E1.7706
G1 X102.795 Y97.421 E0.02672
G1 X127.953 Y122.579 E1.7706
G1 X127.416 Y122.579 E0.02672
G1 X102.258 Y97.421 E1.7706
G1 X101.72 Y97.421 E0.02677
G1 X126.878 Y122.579 E1.7706
G1 X126.341 Y122.579 E0.02672
G1 X101.183 Y97.421 E1.7706
G1 X100.645 Y97.421 E0.02677
G1 X125.803 Y122.579 E1.7706
G1 X125.266 Y122.579 E0.02672
G1 X100.108 Y97.421 E1.7706
G1 X99.571 Y97.421 E0.02672
G1 X124.729 Y122.579 E1.7706
G1 X124.191 Y122.579 E0.02677
G1 X99.033 Y97.421 E1.7706
G1 X98.496 Y97.421 E0.02672
G1 X123.654 Y122.579 E1.7706
G1 X123.116 Y122.579 E0.02677
G1 X97.958 Y97.421 E1.7706
G1 X97.421 Y97.421 E0.02672
G1 X122.579 Y122.579 E1.7706
G1 X122.042 Y122.579 E0.02672
G1 X96.884 Y97.421 E1.7706
G1 X96.346 Y97.421 E0.02677
G1 X121.504 Y122.579 E1.7706
G1 X120.967 Y122.579 E0.02672
G1 X95.809 Y97.421 E1.7706
G1 X95.271 Y97.421 E0.02677
G1 X120.429 Y122.579 E1.7706
G1 X119.892 Y122.579 E0.02672
G1 X94.734 Y97.421 E1.7706
G1 X94.197 Y97.421 E0.02672
G1 X119.355 Y122.579 E1.7706
G1 X118.817 Y122.579 E0.02677
G1 X93.659 Y97.421 E1.7706
G1 X93.122 Y97.421 E0.02672
G1 X118.28 Y122.579 E1.7706
G1 X117.742 Y122.579 E0.02677
G1 X92.584 Y97.421 E1.7706
G1 X92.047 Y97.421 E0.02672
G1 X117.205 Y122.579 E1.7706
G1 X116.668 Y122.579 E0.02672
G1 X91.51 Y97.421 E1.7706
G1 X90.972 Y97.421 E0.02677
G1 X116.13 Y122.579 E1.7706
G1 X115.593 Y122.579 E0.02672
G1 X90.435 Y97.421 E1.7706
G1 X89.897 Y97.421 E0.02677
G1 X115.055 Y122.579 E1.7706
G1 X114.518 Y122.579 E0.02672
G1 X89.36 Y97.421 E1.7706
G1 X88.823 Y97.421 E0.02672
G1 X113.981 Y122.579 E1.7706
G1 X113.443 Y122.579 E0.02677
G1 X88.285 Y97.421 E1.7706
G1 X87.748 Y97.421 E0.02672
G1 X112.906 Y122.579 E1.7706
G1 X112.368 Y122.579 E0.02677
G1 X87.21 Y97.421 E1.7706
G1 X86.673 Y97.421 E0.02672
G1 X111.831 Y122.579 E1.7706
G1 X111.294 Y122.579 E0.02672
G1 X86.136 Y97.421 E1.7706
G1 X85.598 Y97.421 E0.02677
G1 X110.756 Y122.579 E1.7706
G1 X110.219 Y122.579 E0.02672
G1 X85.061 Y97.421 E1.7706
G1 X84.921 Y97.421 E0.00697
G1 X84.921 Y97.818 E0.01976
G1 X109.681 Y122.579 E1.74262
G1 X109.144 Y122.579 E0.02672
G1 X84.921 Y98.356 E1.70479
G1 X84.921 Y98.893 E0.02672
G1 X108.607 Y122.579 E1.667
G1 X108.069 Y122.579 E0.02677
G1 X84.921 Y99.431 E1.62913
G1 X84.921 Y99.968 E0.02672
G1 X107.532 Y122.579 E1.59134
G1 X106.994 Y122.579 E0.02677
G1 X84.921 Y100.505 E1.55351
G1 X84.921 Y101.043 E0.02677
G1 X106.457 Y122.579 E1.51568
G1 X105.92 Y122.579 E0.02672
G1 X84.921 Y101.58 E1.47789
G1 X84.921 Y102.118 E0.02677
G1 X105.382 Y122.579 E1.44002
G1 X104.845 Y122.579 E0.02672
G1 X84.921 Y102.655 E1.40223
G1 X84.921 Y103.192 E0.02672
G1 X104.307 Y122.579 E1.3644
G1 X103.77 Y122.579 E0.02672
G1 X84.921 Y103.73 E1.32657
G1 X84.921 Y104.267 E0.02672
G1 X103.233 Y122.579 E1.28878
G1 X102.695 Y122.579 E0.02677
G1 X84.921 Y104.805 E1.25092
G1 X84.921 Y105.342 E0.02672
G1 X102.158 Y122.579 E1.21312
G1 X101.62 Y122.579 E0.02677
G1 X84.921 Y105.879 E1.17529
G1 X84.921 Y106.417 E0.02677
G1 X101.083 Y122.579 E1.13747
G1 X100.546 Y122.579 E0.02672
G1 X84.921 Y106.954 E1.09967
G1 X84.921 Y107.492 E0.02677
G1 X100.008 Y122.579 E1.06181
G1 X99.471 Y122.579 E0.02672
G1 X84.921 Y108.029 E1.02401
G1 X84.921 Y108.566 E0.02672
G1 X98.933 Y122.579 E0.98619
G1 X98.396 Y122.579 E0.02672
G1 X84.921 Y109.104 E0.94836
G1 X84.921 Y109.641 E0.02672
G1 X97.859 Y122.579 E0.91056
G1 X97.321 Y122.579 E0.02677
G1 X84.921 Y110.179 E0.8727
G1 X84.921 Y110.716 E0.02672
G1 X96.784 Y122.579 E0.83491
G1 X96.246 Y122.579 E0.02677
G1 X84.921 Y111.253 E0.79708
G1 X84.921 Y111.791 E0.02677
G1 X95.709 Y122.579 E0.75925
G1 X95.172 Y122.579 E0.02672
G1 X84.921 Y112.328 E0.72146
G1 X84.921 Y112.866 E0.02677
G1 X94.634 Y122.579 E0.68359
G1 X94.097 Y122.579 E0.02672
G1 X84.921 Y113.403 E0.6458
G1 X84.921 Y113.94 E0.02672
G1 X93.559 Y122.579 E0.60797
G1 X93.022 Y122.579 E0.02672
G1 X84.921 Y114.478 E0.57014
G1 X84.921 Y115.015 E0.02672
G1 X92.485 Y122.579 E0.53235
G1 X91.947 Y122.579 E0.02677
G1 X84.921 Y115.553 E0.49448
G1 X84.921 Y116.09 E0.02672
G1 X91.41 Y122.579 E0.45669
G1 X90.872 Y122.579 E0.02677
G1 X84.921 Y116.627 E0.41886
G1 X84.921 Y117.165 E0.02677
G1 X90.335 Y122.579 E0.38103
G1 X89.798 Y122.579 E0.02672
G1 X84.921 Y117.702 E0.34324
G1 X84.921 Y118.24 E0.02677
G1 X89.26 Y122.579 E0.30537
G1 X88.723 Y122.579 E0.02672
G1 X84.921 Y118.777 E0.26758
G1 X84.921 Y119.314 E0.02672
G1 X88.185 Y122.579 E0.22975
G1 X87.648 Y122.579 E0.02672
G1 X84.921 Y119.852 E0.19192
G1 X84.921 Y120.389 E0.02672
G1 X87.111 Y122.579 E0.15413
G1 X86.573 Y122.579 E0.02677
G1 X84.921 Y120.927 E0.11627
G1 X84.921 Y121.464 E0.02672
G1 X86.036 Y122.579 E0.07847
G1 X85.498 Y122.579 E0.02677
G1 X84.921 Y122.001 E0.04064
G1 X84.921 Y122.539 E0.02677
G0 F18000 X85.808 Y121.58
G1 F1800 E-3.5
;MESH:Full_Asse_Dielectric_Part.STL
G0 F18000 X134.84 Y97.71
G0 X137.16 Y97.71
G0 X187.079 Y97.421
G1 F1800 E3.52079
G1 F3600 X186.63 Y97.421 E0.02234
G1 X187.079 Y97.871 E0.03164
G1 X187.079 Y98.408 E0.02672
G1 X186.092 Y97.421 E0.06946
G1 X185.555 Y97.421 E0.02672
G1 X187.079 Y98.945 E0.10726
G1 X187.079 Y99.483 E0.02677
G1 X185.017 Y97.421 E0.14512
G1 X184.48 Y97.421 E0.02672
G1 X187.079 Y100.02 E0.18292
G1 X187.079 Y100.558 E0.02677
G1 X183.943 Y97.421 E0.22074
G1 X183.405 Y97.421 E0.02677
G1 X187.079 Y101.095 E0.25857
G1 X187.079 Y101.632 E0.02672
G1 X182.868 Y97.421 E0.29637
G1 X182.33 Y97.421 E0.02677
G1 X187.079 Y102.17 E0.33423
G1 X187.079 Y102.707 E0.02672
G1 X181.793 Y97.421 E0.37202
G1 X181.256 Y97.421 E0.02672
G1 X187.079 Y103.245 E0.40985
G1 X187.079 Y103.782 E0.02672
G1 X180.718 Y97.421 E0.44768
G1 X180.181 Y97.421 E0.02672
G1 X187.079 Y104.319 E0.48547
G1 X187.079 Y104.857 E0.02677
G1 X179.643 Y97.421 E0.52334
G1 X179.106 Y97.421 E0.02672
G1 X187.079 Y105.394 E0.56113
G1 X187.079 Y105.932 E0.02677
G1 X178.569 Y97.421 E0.59896
G1 X178.031 Y97.421 E0.02677
G1 X187.079 Y106.469 E0.63679
G1 X187.079 Y107.006 E0.02672
G1 X177.494 Y97.421 E0.67458
G1 X176.956 Y97.421 E0.02677
G1 X187.079 Y107.544 E0.71245
G1 X187.079 Y108.081 E0.02672
G1 X176.419 Y97.421 E0.75024
G1 X175.881 Y97.421 E0.02677
G1 X187.079 Y108.619 E0.7881
G1 X187.079 Y109.156 E0.02672
G1 X175.344 Y97.421 E0.8259
G1 X174.807 Y97.421 E0.02672
G1 X187.079 Y109.693 E0.86369
G1 X187.079 Y110.231 E0.02677
G1 X174.269 Y97.421 E0.90156
G1 X173.732 Y97.421 E0.02672
G1 X187.079 Y110.768 E0.93935
G1 X187.079 Y111.306 E0.02677
G1 X173.194 Y97.421 E0.97721
G1 X172.657 Y97.421 E0.02672
G1 X187.079 Y111.843 E1.01501
G1 X187.079 Y112.38 E0.02672
G1 X172.12 Y97.421 E1.0528
G1 X171.582 Y97.421 E0.02677
G1 X187.079 Y112.918 E1.09066
G1 X187.079 Y113.455 E0.02672
G1 X171.045 Y97.421 E1.12846
G1 X170.507 Y97.421 E0.02677
G1 X187.079 Y113.993 E1.16632
G1 X187.079 Y114.53 E0.02672
G1 X169.97 Y97.421 E1.20411
G1 X169.433 Y97.421 E0.02672
G1 X187.079 Y115.067 E1.24191
G1 X187.079 Y115.605 E0.02677
G1 X168.895 Y97.421 E1.27977
G1 X168.358 Y97.421 E0.02672
G1 X187.079 Y116.142 E1.31757
G1 X187.079 Y116.68 E0.02677
G1 X167.82 Y97.421 E1.35543
G1 X167.283 Y97.421 E0.02672
G1 X187.079 Y117.217 E1.39322
G1 X187.079 Y117.754 E0.02672
G1 X166.746 Y97.421 E1.43102
G1 X166.208 Y97.421 E0.02677
G1 X187.079 Y118.292 E1.46888
G1 X187.079 Y118.829 E0.02672
G1 X165.671 Y97.421 E1.50667
G1 X165.133 Y97.421 E0.02677
G1 X187.079 Y119.367 E1.54454
G1 X187.079 Y119.904 E0.02672
G1 X164.596 Y97.421 E1.58233
G1 X164.059 Y97.421 E0.02672
G1 X187.079 Y120.441 E1.62012
G1 X187.079 Y120.979 E0.02677
G1 X163.521 Y97.421 E1.65799
G1 X162.984 Y97.421 E0.02672
G1 X187.079 Y121.516 E1.69578
G1 X187.079 Y122.054 E0.02677
G1 X162.446 Y97.421 E1.73365
G1 X161.909 Y97.421 E0.02672
G1 X187.067 Y122.579 E1.7706
G1 X186.53 Y122.579 E0.02672
G1 X161.372 Y97.421 E1.7706
G1 X160.834 Y97.421 E0.02677
G1 X185.992 Y122.579 E1.7706
G1 X185.455 Y122.579 E0.02672
G1 X160.297 Y97.421 E1.7706
G1 X159.759 Y97.421 E0.02677
G1 X184.918 Y122.579 E1.77063
G1 X184.38 Y122.579 E0.02677
G1 X159.222 Y97.421 E1.7706
G1 X158.685 Y97.421 E0.02672
G1 X183.843 Y122.579 E1.7706
G1 X183.305 Y122.579 E0.02677
G1 X158.147 Y97.421 E1.7706
G1 X157.61 Y97.421 E0.02672
G1 X182.768 Y122.579 E1.7706
G1 X182.231 Y122.579 E0.02672
G1 X157.072 Y97.421 E1.77063
G1 X156.535 Y97.421 E0.02672
G1 X181.693 Y122.579 E1.7706
G1 X181.156 Y122.579 E0.02672
G1 X155.998 Y97.421 E1.7706
G1 X155.46 Y97.421 E0.02677
G1 X180.618 Y122.579 E1.7706
G1 X180.081 Y122.579 E0.02672
G1 X154.923 Y97.421 E1.7706
G1 X154.385 Y97.421 E0.02677
G1 X179.544 Y122.579 E1.77063
G1 X179.006 Y122.579 E0.02677
G1 X153.848 Y97.421 E1.7706
G1 X153.311 Y97.421 E0.02672
G1 X178.469 Y122.579 E1.7706
G1 X177.931 Y122.579 E0.02677
G1 X152.773 Y97.421 E1.7706
G1 X152.236 Y97.421 E0.02672
G1 X177.394 Y122.579 E1.7706
G1 X176.857 Y122.579 E0.02672
G1 X151.698 Y97.421 E1.77063
G1 X151.161 Y97.421 E0.02672
G1 X176.319 Y122.579 E1.7706
G1 X175.782 Y122.579 E0.02672
G1 X150.624 Y97.421 E1.7706
G1 X150.086 Y97.421 E0.02677
G1 X175.244 Y122.579 E1.7706
G1 X174.707 Y122.579 E0.02672
G1 X149.549 Y97.421 E1.7706
G1 X149.011 Y97.421 E0.02677
G1 X174.17 Y122.579 E1.77063
G1 X173.632 Y122.579 E0.02677
G1 X148.474 Y97.421 E1.7706
G1 X147.937 Y97.421 E0.02672
G1 X173.095 Y122.579 E1.7706
G1 X172.557 Y122.579 E0.02677
G1 X147.399 Y97.421 E1.7706
G1 X146.862 Y97.421 E0.02672
G1 X172.02 Y122.579 E1.7706
G1 X171.483 Y122.579 E0.02672
G1 X146.324 Y97.421 E1.77063
G1 X145.787 Y97.421 E0.02672
G1 X170.945 Y122.579 E1.7706
G1 X170.408 Y122.579 E0.02672
G1 X145.25 Y97.421 E1.7706
G1 X144.712 Y97.421 E0.02677
G1 X169.87 Y122.579 E1.7706
G1 X169.333 Y122.579 E0.02672
G1 X144.175 Y97.421 E1.7706
G1 X143.637 Y97.421 E0.02677
G1 X168.796 Y122.579 E1.77063
G1 X168.258 Y122.579 E0.02677
G1 X143.1 Y97.421 E1.7706
G1 X142.563 Y97.421 E0.02672
G1 X167.721 Y122.579 E1.7706
G1 X167.183 Y122.579 E0.02677
G1 X142.025 Y97.421 E1.7706
G1 X141.488 Y97.421 E0.02672
G1 X166.646 Y122.579 E1.7706
G1 X166.109 Y122.579 E0.02672
G1 X140.95 Y97.421 E1.77063
G1 X140.413 Y97.421 E0.02672
G1 X165.571 Y122.579 E1.7706
G1 X165.034 Y122.579 E0.02672
G1 X139.876 Y97.421 E1.7706
G1 X139.338 Y97.421 E0.02677
G1 X164.496 Y122.579 E1.7706
G1 X163.959 Y122.579 E0.02672
G1 X138.801 Y97.421 E1.7706
G1 X138.263 Y97.421 E0.02677
G1 X163.422 Y122.579 E1.77063
G1 X162.884 Y122.579 E0.02677
G1 X137.726 Y97.421 E1.7706
G1 X137.189 Y97.421 E0.02672
G1 X162.347 Y122.579 E1.7706
G1 X161.809 Y122.579 E0.02677
G1 X136.921 Y97.69 E1.75163
G1 X136.921 Y98.228 E0.02677
G1 X161.272 Y122.579 E1.7138
G1 X160.735 Y122.579 E0.02672
G1 X136.921 Y98.765 E1.67601
G1 X136.921 Y99.303 E0.02677
G1 X160.197 Y122.579 E1.63814
G1 X159.66 Y122.579 E0.02672
G1 X136.921 Y99.84 E1.60035
G1 X136.921 Y100.377 E0.02672
G1 X159.122 Y122.579 E1.56252
G1 X158.585 Y122.579 E0.02672
G1 X136.921 Y100.915 E1.52469
G1 X136.921 Y101.452 E0.02672
G1 X158.048 Y122.579 E1.4869
G1 X157.51 Y122.579 E0.02677
G1 X136.921 Y101.99 E1.44903
G1 X136.921 Y102.527 E0.02672
G1 X156.973 Y122.579 E1.41124
G1 X156.435 Y122.579 E0.02677
G1 X136.921 Y103.064 E1.37341
G1 X136.921 Y103.602 E0.02677
G1 X155.898 Y122.579 E1.33558
G1 X155.361 Y122.579 E0.02672
G1 X136.921 Y104.139 E1.29779
G1 X136.921 Y104.677 E0.02677
G1 X154.823 Y122.579 E1.25993
G1 X154.286 Y122.579 E0.02672
G1 X136.921 Y105.214 E1.22213
G1 X136.921 Y105.751 E0.02672
G1 X153.748 Y122.579 E1.1843
G1 X153.211 Y122.579 E0.02672
G1 X136.921 Y106.289 E1.14647
G1 X136.921 Y106.826 E0.02672
G1 X152.674 Y122.579 E1.10868
G1 X152.136 Y122.579 E0.02677
G1 X136.921 Y107.364 E1.07082
G1 X136.921 Y107.901 E0.02672
G1 X151.599 Y122.579 E1.03302
G1 X151.061 Y122.579 E0.02677
G1 X136.921 Y108.438 E0.99519
G1 X136.921 Y108.976 E0.02677
G1 X150.524 Y122.579 E0.95737
G1 X149.987 Y122.579 E0.02672
G1 X136.921 Y109.513 E0.91957
G1 X136.921 Y110.051 E0.02677
G1 X149.449 Y122.579 E0.88171
G1 X148.912 Y122.579 E0.02672
G1 X136.921 Y110.588 E0.84391
G1 X136.921 Y111.125 E0.02672
G1 X148.374 Y122.579 E0.80609
G1 X147.837 Y122.579 E0.02672
G1 X136.921 Y111.663 E0.76826
G1 X136.921 Y112.2 E0.02672
G1 X147.3 Y122.579 E0.73046
G1 X146.762 Y122.579 E0.02677
G1 X136.921 Y112.738 E0.6926
G1 X136.921 Y113.275 E0.02672
G1 X146.225 Y122.579 E0.65481
G1 X145.687 Y122.579 E0.02677
G1 X136.921 Y113.812 E0.61698
G1 X136.921 Y114.35 E0.02677
G1 X145.15 Y122.579 E0.57915
G1 X144.613 Y122.579 E0.02672
G1 X136.921 Y114.887 E0.54136
G1 X136.921 Y115.425 E0.02677
G1 X144.075 Y122.579 E0.50349
G1 X143.538 Y122.579 E0.02672
G1 X136.921 Y115.962 E0.4657
G1 X136.921 Y116.499 E0.02672
G1 X143 Y122.579 E0.42787
G1 X142.463 Y122.579 E0.02672
G1 X136.921 Y117.037 E0.39004
G1 X136.921 Y117.574 E0.02672
G1 X141.926 Y122.579 E0.35225
G1 X141.388 Y122.579 E0.02677
G1 X136.921 Y118.112 E0.31438
G1 X136.921 Y118.649 E0.02672
G1 X140.851 Y122.579 E0.27659
G1 X140.313 Y122.579 E0.02677
G1 X136.921 Y119.186 E0.23876
G1 X136.921 Y119.724 E0.02677
G1 X139.776 Y122.579 E0.20093
G1 X139.239 Y122.579 E0.02672
G1 X136.921 Y120.261 E0.16314
G1 X136.921 Y120.799 E0.02677
G1 X138.701 Y122.579 E0.12527
G1 X138.164 Y122.579 E0.02672
G1 X136.921 Y121.336 E0.08748
G1 X136.921 Y121.873 E0.02672
G1 X137.626 Y122.579 E0.04965
G1 X137.089 Y122.579 E0.02672
G0 F18000 X136.921 Y122.411
G1 F3600 X137.089 Y122.579 E0.01182
G1 X136.921 Y122.579 E0.00836
G0 F18000 X137.808 Y121.58
G1 F1800 E-3.5
;MESH:NONMESH
G0 F1200 X137.808 Y121.58 Z0.4
G0 F18000 X137.154 Y97.654
G0 X137.154 Y96.21
G0 X81.378 Y67.702
G0 X80.791 Y66.352
G0 X78.609 Y66.021
G0 X78.595 Y65.702
;TIME_ELAPSED:157.638136
;LAYER:1
;TYPE:WALL-INNER
;MESH:01_Prime_Insulator.STL
G1 F1800 E3.52079
G1 F3000 X78.356 Y65.706 E0.00313
G1 X78.047 Y65.702 E0.00405
G1 X77.82 Y65.694 E0.00298
G1 X77.585 Y65.681 E0.00309
G1 X77.127 Y65.643 E0.00603
G1 X76.887 Y65.615 E0.00317
G1 X76.226 Y65.503 E0.00879
G1 X75.778 Y65.402 E0.00602
G1 X75.523 Y65.341 E0.00344
G1 X74.863 Y65.137 E0.00906
G1 X74.433 Y64.982 E0.00599
G1 X74.2 Y64.889 E0.00329
G1 X73.789 Y64.707 E0.00589
G1 X73.578 Y64.605 E0.00307
G1 X73.176 Y64.393 E0.00596
G1 X72.966 Y64.275 E0.00316
G1 X72.37 Y63.906 E0.00919
G1 X71.832 Y63.522 E0.00867
G1 X71.624 Y63.356 E0.00349
G1 X71.272 Y63.058 E0.00605
G1 X70.932 Y62.748 E0.00603
G1 X70.677 Y62.492 E0.00474
G1 X70.306 Y62.091 E0.00716
G1 X70.054 Y61.795 E0.0051
G1 X69.718 Y61.358 E0.00723
G1 X69.506 Y61.057 E0.00483
G1 X69.378 Y60.865 E0.00303
G1 X69.224 Y60.62 E0.00379
G1 X68.976 Y60.195 E0.00645
G1 X68.86 Y59.975 E0.00326
G1 X68.663 Y59.575 E0.00585
G1 X68.56 Y59.353 E0.00321
G1 X68.387 Y58.934 E0.00594
G1 X68.229 Y58.495 E0.00612
G1 X68.157 Y58.27 E0.0031
G1 X68.026 Y57.824 E0.0061
G1 X67.916 Y57.366 E0.00618
G1 X67.829 Y56.917 E0.006
G1 X67.757 Y56.461 E0.00605
G1 X67.715 Y56.089 E0.00491
G1 X67.69 Y55.766 E0.00425
G1 X67.674 Y55.399 E0.00482
G1 X67.666 Y55.073 E0.00428
G1 X67.67 Y54.843 E0.00302
G1 X67.678 Y54.616 E0.00298
G1 X67.691 Y54.381 E0.00309
G1 X67.73 Y53.913 E0.00616
G1 X67.76 Y53.688 E0.00298
G1 X67.831 Y53.238 E0.00597
G1 X67.875 Y52.995 E0.00324
G1 X67.971 Y52.567 E0.00575
G1 X68.079 Y52.153 E0.00561
G1 X68.227 Y51.681 E0.00649
G1 X68.394 Y51.218 E0.00645
G1 X68.562 Y50.818 E0.00569
G1 X68.668 Y50.583 E0.00338
G1 X68.87 Y50.176 E0.00596
G1 X68.981 Y49.963 E0.00315
G1 X69.099 Y49.758 E0.0031
G1 X69.337 Y49.367 E0.006
G1 X69.592 Y48.985 E0.00602
G1 X69.624 Y48.946 E0.00066
G1 X69.729 Y48.795 E0.00241
G1 X70.001 Y48.437 E0.0059
G1 X70.252 Y48.143 E0.00507
G1 X70.282 Y48.104 E0.00065
G1 X70.465 Y47.9 E0.00359
G1 X70.79 Y47.563 E0.00614
G1 X71.152 Y47.219 E0.00655
G1 X71.289 Y47.098 E0.0024
G1 X71.646 Y46.794 E0.00615
G1 X72.006 Y46.52 E0.00593
G1 X72.204 Y46.377 E0.0032
G1 X72.592 Y46.12 E0.0061
G1 X72.991 Y45.879 E0.00611
G1 X73.399 Y45.656 E0.0061
G1 X73.79 Y45.464 E0.00571
G1 X74.225 Y45.273 E0.00623
G1 X74.662 Y45.103 E0.00615
G1 X75.094 Y44.959 E0.00597
G1 X75.371 Y44.872 E0.00381
G1 X75.416 Y44.862 E0.0006
G1 X75.538 Y44.826 E0.00167
G1 X75.996 Y44.712 E0.00619
G1 X76.458 Y44.625 E0.00616
G1 X76.912 Y44.553 E0.00603
G1 X77.281 Y44.512 E0.00487
G1 X77.53 Y44.49 E0.00328
G1 X77.984 Y44.47 E0.00596
G1 X78.517 Y44.465 E0.00699
G1 X78.766 Y44.475 E0.00327
G1 X79.269 Y44.507 E0.00661
G1 X79.665 Y44.553 E0.00523
G1 X80.132 Y44.627 E0.0062
G1 X80.594 Y44.715 E0.00617
G1 X81.06 Y44.83 E0.00629
G1 X81.213 Y44.873 E0.00208
G1 X81.527 Y44.969 E0.00431
G1 X81.939 Y45.111 E0.00571
G1 X82.367 Y45.278 E0.00602
G1 X82.732 Y45.435 E0.00521
G1 X83.172 Y45.651 E0.00643
G1 X83.609 Y45.893 E0.00655
G1 X83.99 Y46.125 E0.00585
G1 X84.199 Y46.261 E0.00327
G1 X84.579 Y46.527 E0.00608
G1 X84.943 Y46.806 E0.00601
G1 X85.147 Y46.977 E0.00349
G1 X85.402 Y47.199 E0.00443
G1 X85.643 Y47.425 E0.00433
G1 X85.975 Y47.756 E0.00615
G1 X86.142 Y47.93 E0.00316
G1 X86.171 Y47.97 E0.00065
G1 X86.376 Y48.201 E0.00405
G1 X86.718 Y48.625 E0.00714
G1 X87.044 Y49.075 E0.00729
G1 X87.206 Y49.313 E0.00378
G1 X87.369 Y49.573 E0.00402
G1 X87.601 Y49.974 E0.00607
G1 X87.718 Y50.201 E0.00335
G1 X87.917 Y50.602 E0.00587
G1 X88.007 Y50.803 E0.00289
G1 X88.159 Y51.163 E0.00512
G1 X88.247 Y51.388 E0.00317
G1 X88.345 Y51.669 E0.0039
G1 X88.352 Y51.704 E0.00047
G1 X88.417 Y51.888 E0.00256
G1 X88.545 Y52.334 E0.00608
G1 X88.609 Y52.578 E0.00331
G1 X88.705 Y53.018 E0.00591
G1 X88.747 Y53.251 E0.0031
G1 X88.818 Y53.708 E0.00606
G1 X88.861 Y54.081 E0.00492
G1 X88.885 Y54.377 E0.00389
G1 X88.904 Y54.841 E0.00609
G1 X88.906 Y55.325 E0.00635
G1 X88.898 Y55.551 E0.00297
G1 X88.869 Y56.013 E0.00607
G1 X88.816 Y56.485 E0.00623
G1 X88.704 Y57.162 E0.009
G1 X88.602 Y57.614 E0.00608
G1 X88.544 Y57.842 E0.00308
G1 X88.496 Y58.012 E0.00232
G1 X88.339 Y58.514 E0.0069
G1 X88.193 Y58.922 E0.00568
G1 X88.019 Y59.345 E0.006
G1 X87.908 Y59.583 E0.00344
G1 X87.708 Y59.991 E0.00596
G1 X87.59 Y60.213 E0.0033
G1 X87.355 Y60.616 E0.00612
G1 X87.111 Y61 E0.00597
G1 X86.852 Y61.367 E0.00589
G1 X86.707 Y61.564 E0.00321
G1 X86.42 Y61.916 E0.00596
G1 X86.247 Y62.116 E0.00347
G1 X86.007 Y62.38 E0.00468
G1 X85.795 Y62.601 E0.00402
G1 X85.622 Y62.767 E0.00314
G1 X85.286 Y63.07 E0.00593
G1 X85.016 Y63.305 E0.00469
G1 X84.564 Y63.652 E0.00747
G1 X84.245 Y63.881 E0.00515
G1 X83.827 Y64.146 E0.00649
G1 X83.66 Y64.246 E0.00255
G1 X83.251 Y64.474 E0.00614
G1 X82.987 Y64.608 E0.00388
G1 X82.766 Y64.716 E0.00323
G1 X82.565 Y64.807 E0.00289
G1 X82.342 Y64.903 E0.00318
G1 X82.128 Y64.988 E0.00302
G1 X81.773 Y65.118 E0.00496
G1 X81.543 Y65.194 E0.00318
G1 X81.259 Y65.28 E0.00389
G1 X80.8 Y65.405 E0.00624
G1 X80.576 Y65.455 E0.00301
G1 X80.348 Y65.501 E0.00305
G1 X79.977 Y65.568 E0.00494
G1 X79.652 Y65.619 E0.00431
G1 X79.29 Y65.657 E0.00477
G1 X78.976 Y65.682 E0.00413
G1 X78.595 Y65.702 E0.005
G0 F18000 X78.615 Y66.021
G0 X80.647 Y65.708
G0 X82.231 Y65.226
G0 X83.801 Y64.466
G0 X85.165 Y63.517
G0 X86.468 Y62.262
G0 X87.338 Y61.127
G0 X88.15 Y59.687
G0 X88.736 Y58.125
G0 X89.076 Y56.51
G0 X89.164 Y54.763
G0 X88.959 Y52.957
G0 X88.484 Y51.289
G0 X87.71 Y49.642
G0 X86.724 Y48.213
G0 X85.576 Y47.007
G0 X84.134 Y45.911
G0 X82.67 Y45.127
G0 X81.105 Y44.577
G0 X80.709 Y44.499
G0 X78.275 Y44.086
G1 F3000 X78.508 Y44.086 E0.00306
G1 F3007.9 X78.762 Y44.096 E0.00332
G1 F3015.9 X79.278 Y44.129 E0.00674
G1 X79.708 Y44.177 E0.00564
G1 F2992.1 X79.9 Y44.203 E0.00255
G1 F2984.3 X80.177 Y44.249 E0.0037
G1 F3007.9 X80.417 Y44.294 E0.00319
G1 F3031.9 X80.677 Y44.347 E0.00344
G1 F3023.9 X80.93 Y44.407 E0.00338
G1 F3007.9 X81.29 Y44.501 E0.00487
G1 F3023.9 X81.628 Y44.602 E0.00459
G1 X82.043 Y44.746 E0.00571
G1 F3015.9 X82.488 Y44.918 E0.00622
G1 X82.717 Y45.015 E0.00324
G1 F3031.9 X82.879 Y45.088 E0.00231
G1 F3040 X83.338 Y45.312 E0.00661
G1 F3015.9 X83.77 Y45.548 E0.00642
G1 F2992.1 X83.991 Y45.679 E0.00338
G1 X84.387 Y45.93 E0.00616
G1 F3000 X84.777 Y46.202 E0.00623
G1 F2992.1 X84.98 Y46.355 E0.00334
G1 F3007.9 X85.154 Y46.491 E0.00289
G1 X85.575 Y46.845 E0.00719
G1 F2984.3 X85.886 Y47.131 E0.00557
G1 F2992.1 X86.208 Y47.451 E0.00597
G1 F3007.9 X86.403 Y47.656 E0.0037
G1 X86.669 Y47.959 E0.00527
G1 F2992.1 X86.863 Y48.196 E0.00403
G1 X86.998 Y48.369 E0.00289
G1 F2976.5 X87.163 Y48.588 E0.00362
G1 F2968.8 X87.342 Y48.838 E0.00407
G1 F2992.1 X87.51 Y49.087 E0.00395
G1 F3007.9 X87.637 Y49.286 E0.00309
G1 X87.796 Y49.549 E0.00402
G1 F3015.9 X87.926 Y49.783 E0.00349
G1 X88.045 Y50.006 E0.0033
G1 F3007.9 X88.245 Y50.408 E0.00587
G1 F3015.9 X88.354 Y50.651 E0.00347
G1 F3007.9 X88.502 Y51.002 E0.00498
G1 X88.591 Y51.23 E0.0032
G1 F3000 X88.697 Y51.527 E0.00414
G1 F3007.9 X88.778 Y51.775 E0.00341
G1 F2992.1 X88.859 Y52.043 E0.00368
G1 F2976.5 X88.97 Y52.454 E0.00563
G1 F3000 X89.072 Y52.917 E0.00622
G1 F2992.1 X89.119 Y53.17 E0.00338
G1 F2976.5 X89.167 Y53.459 E0.00387
G1 F2984.3 X89.191 Y53.624 E0.0022
G1 X89.222 Y53.887 E0.00349
G1 X89.263 Y54.347 E0.00609
G1 X89.277 Y54.608 E0.00345
G1 F2976.5 X89.285 Y54.835 E0.003
G1 F2992.1 X89.286 Y55.304 E0.00617
G1 X89.27 Y55.718 E0.00545
G1 X89.253 Y55.956 E0.00314
G1 F3000 X89.231 Y56.192 E0.00311
G1 F3007.9 X89.196 Y56.5 E0.00405
G1 F2992.1 X89.169 Y56.696 E0.0026
G1 F2976.5 X89.093 Y57.149 E0.00607
G1 F2984.3 X89.046 Y57.376 E0.00306
G1 F2992.1 X88.979 Y57.667 E0.00393
G1 F3015.9 X88.917 Y57.914 E0.00332
G1 F3007.9 X88.861 Y58.117 E0.00275
G1 F2984.3 X88.717 Y58.58 E0.00639
G1 F3007.9 X88.549 Y59.049 E0.00652
G1 F3031.9 X88.367 Y59.49 E0.00619
G1 F3023.9 X88.258 Y59.73 E0.00343
G1 F3015.9 X88.043 Y60.168 E0.00636
G1 F3023.9 X87.934 Y60.372 E0.00301
G1 F3007.9 X87.816 Y60.584 E0.00317
G1 F2984.3 X87.682 Y60.81 E0.00346
G1 F3000 X87.446 Y61.179 E0.00574
G1 F3007.9 X87.298 Y61.395 E0.00342
G1 F3015.9 X87.031 Y61.762 E0.00592
G1 F3007.9 X86.868 Y61.967 E0.00343
G1 F2984.3 X86.559 Y62.339 E0.00637
G1 F3000 X86.299 Y62.623 E0.00505
G1 F3023.9 X86.08 Y62.85 E0.0041
G1 F3015.9 X85.885 Y63.041 E0.00356
G1 F2984.3 X85.554 Y63.343 E0.00591
G1 F3000 X85.269 Y63.585 E0.0049
G1 F3007.9 X84.996 Y63.801 E0.00455
G1 F2992.1 X84.794 Y63.955 E0.00334
G1 F3015.9 X84.488 Y64.17 E0.00488
G1 F3007.9 X84.081 Y64.436 E0.00636
G1 F3000 X83.866 Y64.564 E0.00328
G1 X83.421 Y64.814 E0.00669
G1 F2992.1 X82.952 Y65.047 E0.00689
G1 F3000 X82.725 Y65.151 E0.00327
G1 X82.524 Y65.237 E0.00287
G1 F3007.9 X82.281 Y65.333 E0.00342
G1 F3023.9 X81.917 Y65.467 E0.00505
G1 X81.676 Y65.549 E0.00331
G1 F2992.1 X81.364 Y65.647 E0.0043
G1 F2976.5 X81.155 Y65.705 E0.00287
G1 F2992.1 X80.914 Y65.767 E0.00327
G1 X80.669 Y65.823 E0.0033
G1 F2968.8 X80.191 Y65.918 E0.00646
G1 F2984.3 X79.696 Y65.996 E0.00661
G1 F3000 X79.489 Y66.018 E0.00273
G1 F2992.1 X79.02 Y66.059 E0.00619
G1 F3000 X78.637 Y66.08 E0.00503
G1 F3007.9 X78.381 Y66.085 E0.00335
G1 X78.055 Y66.082 E0.00426
G1 F3000 X77.655 Y66.066 E0.00525
G1 F3007.9 X77.18 Y66.028 E0.00623
G1 F3031.9 X76.873 Y65.993 E0.00401
G1 F3007.9 X76.641 Y65.961 E0.00306
G1 F2976.5 X76.235 Y65.891 E0.00544
G1 F2984.3 X75.813 Y65.801 E0.00569
G1 F3000 X75.457 Y65.715 E0.0048
G1 F3007.9 X75.21 Y65.644 E0.00336
G1 X74.774 Y65.507 E0.00598
G1 F2992.1 X74.543 Y65.428 E0.00321
G1 X74.111 Y65.262 E0.00608
G1 F3015.9 X73.651 Y65.059 E0.00656
G1 X73.434 Y64.956 E0.00313
G1 F3007.9 X73.014 Y64.737 E0.00619
G1 F2992.1 X72.798 Y64.617 E0.00325
G1 F2984.3 X72.395 Y64.371 E0.00622
G1 F3000 X72.197 Y64.245 E0.00308
G1 F3007.9 X71.795 Y63.963 E0.00642
G1 F3015.9 X71.61 Y63.827 E0.00299
G1 F3007.9 X71.4 Y63.664 E0.00348
G1 F3000 X71.043 Y63.361 E0.00614
G1 X70.828 Y63.168 E0.00379
G1 X70.696 Y63.045 E0.00237
G1 F3007.9 X70.424 Y62.776 E0.005
G1 F3000 X70.043 Y62.366 E0.00734
G1 X69.88 Y62.177 E0.00327
G1 X69.71 Y61.971 E0.0035
G1 F2992.1 X69.425 Y61.601 E0.00614
G1 F2984.3 X69.138 Y61.191 E0.0066
G1 X69.013 Y60.999 E0.00302
G1 X68.759 Y60.579 E0.00647
G1 F3000 X68.661 Y60.407 E0.0026
G1 F3007.9 X68.533 Y60.168 E0.00355
G1 F2992.1 X68.326 Y59.751 E0.00612
G1 X68.224 Y59.53 E0.0032
G1 F3015.9 X68.043 Y59.089 E0.00622
G1 F3000 X67.949 Y58.841 E0.00348
G1 F2984.3 X67.873 Y58.626 E0.00301
G1 X67.717 Y58.125 E0.00692
G1 F2976.5 X67.669 Y57.957 E0.00231
G1 X67.615 Y57.75 E0.00283
G1 X67.551 Y57.475 E0.00373
G1 F2984.3 X67.459 Y57.011 E0.00624
G1 F2976.5 X67.409 Y56.709 E0.00405
G1 X67.385 Y56.544 E0.0022
G1 F2992.1 X67.34 Y56.151 E0.0052
G1 X67.313 Y55.815 E0.00443
G1 F2976.5 X67.299 Y55.56 E0.00338
G1 F2984.3 X67.286 Y55.109 E0.00595
G1 F3007.9 X67.29 Y54.853 E0.00335
G1 X67.306 Y54.45 E0.00527
G1 F2992.1 X67.323 Y54.216 E0.00308
G1 F3000 X67.354 Y53.877 E0.00446
G1 F2992.1 X67.407 Y53.469 E0.00541
G1 F2968.8 X67.483 Y53.019 E0.00605
G1 F2976.5 X67.53 Y52.792 E0.00306
G1 F2992.1 X67.603 Y52.474 E0.00429
G1 F3007.9 X67.707 Y52.078 E0.00535
G1 X67.86 Y51.585 E0.00675
G1 F3000 X68.026 Y51.119 E0.00649
G1 F3007.9 X68.213 Y50.672 E0.00634
G1 F3015.9 X68.315 Y50.446 E0.00323
G1 F3007.9 X68.533 Y50.001 E0.00648
G1 X68.645 Y49.789 E0.00314
G1 X68.749 Y49.606 E0.00275
G1 F3000 X68.881 Y49.383 E0.0034
G1 F2992.1 X69.003 Y49.185 E0.00306
G1 X69.136 Y48.984 E0.00317
G1 F3007.9 X69.406 Y48.597 E0.00617
G1 F3015.9 X69.692 Y48.218 E0.00619
G1 X69.988 Y47.866 E0.006
G1 F3007.9 X70.168 Y47.663 E0.00355
G1 F2992.1 X70.339 Y47.482 E0.00327
G1 F3000 X70.5 Y47.318 E0.00301
G1 F3007.9 X70.886 Y46.948 E0.00699
G1 F2992.1 X71.032 Y46.818 E0.00257
G1 F3000 X71.406 Y46.501 E0.00643
G1 X71.587 Y46.361 E0.003
G1 X71.962 Y46.085 E0.00611
G1 X72.176 Y45.939 E0.0034
G1 F2992.1 X72.378 Y45.807 E0.00317
G1 F3000 X72.771 Y45.568 E0.00603
G1 F2992.1 X73.196 Y45.334 E0.00638
G1 X73.623 Y45.124 E0.00626
G1 F3000 X74.081 Y44.921 E0.00657
G1 X74.533 Y44.746 E0.00636
G1 F2976.5 X74.75 Y44.67 E0.00304
G1 X75.243 Y44.514 E0.00683
G1 X75.617 Y44.413 E0.00512
G1 F2992.1 X75.878 Y44.352 E0.00352
G1 F3023.9 X76.142 Y44.297 E0.00351
G1 F3000 X76.378 Y44.253 E0.00315
G1 X76.827 Y44.183 E0.00596
G1 F3015.9 X77.094 Y44.151 E0.00351
G1 F3007.9 X77.339 Y44.126 E0.00322
G1 F2992.1 X77.567 Y44.108 E0.00301
G1 X77.948 Y44.091 E0.00501
G1 F3000 X78.275 Y44.086 E0.00429
G0 F18000 X75.93 Y44.465
G0 X74.568 Y44.862
G0 X73.265 Y45.436
G0 X71.853 Y46.315
G0 X70.595 Y47.393
G0 X69.518 Y48.65
G0 X68.638 Y50.063
G0 X67.912 Y51.818
G0 X67.503 Y53.663
G0 X67.415 Y55.408
G0 X67.575 Y56.976
G0 X67.99 Y58.59
G0 X68.637 Y60.107
G0 X69.514 Y61.517
G0 X70.595 Y62.779
G0 X71.86 Y63.864
G0 X73.064 Y64.629
G0 X74.349 Y65.227
G0 X75.451 Y65.574
G0 X78.293 Y66.146
G0 X78.295 Y66.466
G1 F3000 X78.787 Y66.455 E0.00645
G1 X79.278 Y66.42 E0.00645
G1 X79.533 Y66.396 E0.00336
G1 X79.787 Y66.366 E0.00335
G1 X80.266 Y66.293 E0.00635
G1 X80.755 Y66.193 E0.00654
G1 X80.989 Y66.14 E0.00315
G1 X81.49 Y66.006 E0.0068
G1 X81.737 Y65.93 E0.00339
G1 X82.186 Y65.774 E0.00623
G1 X82.671 Y65.587 E0.00682
G1 X82.882 Y65.496 E0.00301
G1 X83.119 Y65.388 E0.00342
G1 X83.573 Y65.165 E0.00663
G1 X84.054 Y64.893 E0.00725
G1 X84.284 Y64.758 E0.0035
G1 X84.816 Y64.403 E0.00839
G1 X85.033 Y64.249 E0.00349
G1 X85.23 Y64.101 E0.00323
G1 X85.413 Y63.957 E0.00305
G1 X85.601 Y63.799 E0.00322
G1 X85.649 Y63.765 E0.00077
G1 X85.812 Y63.624 E0.00283
G1 X86.15 Y63.312 E0.00603
G1 X86.51 Y62.95 E0.00669
G1 X86.683 Y62.767 E0.0033
G1 X86.852 Y62.581 E0.0033
G1 X87.167 Y62.202 E0.00646
G1 X87.333 Y61.989 E0.00354
G1 X87.473 Y61.802 E0.00306
G1 X87.611 Y61.61 E0.0031
G1 X87.889 Y61.193 E0.00657
G1 X88.008 Y61.005 E0.00292
G1 X88.143 Y60.78 E0.00344
G1 X88.383 Y60.334 E0.00664
G1 X88.603 Y59.886 E0.00654
G1 X88.714 Y59.638 E0.00356
G1 X88.894 Y59.206 E0.00614
G1 X88.981 Y58.973 E0.00326
G1 X89.062 Y58.739 E0.00325
G1 X89.069 Y58.727 E0.00018
G1 X89.229 Y58.214 E0.00705
G1 X89.346 Y57.766 E0.00607
G1 X89.419 Y57.452 E0.00423
G1 X89.468 Y57.213 E0.0032
G1 X89.548 Y56.741 E0.00628
G1 X89.609 Y56.228 E0.00677
G1 X89.65 Y55.732 E0.00653
G1 X89.666 Y55.304 E0.00562
G1 X89.666 Y54.835 E0.00615
G1 X89.658 Y54.585 E0.00328
G1 X89.624 Y54.086 E0.00656
G1 X89.601 Y53.841 E0.00323
G1 X89.543 Y53.397 E0.00587
G1 X89.493 Y53.101 E0.00394
G1 X89.444 Y52.841 E0.00347
G1 X89.398 Y52.618 E0.00299
G1 X89.329 Y52.325 E0.00395
G1 X89.22 Y51.912 E0.0056
G1 X89.217 Y51.91 E0.00005
G1 X89.055 Y51.399 E0.00703
G1 X88.946 Y51.098 E0.0042
G1 X88.862 Y50.877 E0.0031
G1 X88.7 Y50.497 E0.00542
G1 X88.589 Y50.248 E0.00357
G1 X88.379 Y49.826 E0.00618
G1 X88.121 Y49.353 E0.00707
G1 X87.884 Y48.966 E0.00595
G1 X87.748 Y48.758 E0.00326
G1 X87.609 Y48.555 E0.00323
G1 X87.466 Y48.355 E0.00322
G1 X87.158 Y47.955 E0.00662
G1 X86.957 Y47.712 E0.00414
G1 X86.841 Y47.577 E0.00233
G1 X86.677 Y47.395 E0.00321
G1 X86.514 Y47.225 E0.00309
G1 X86.499 Y47.206 E0.00032
G1 X86.334 Y47.037 E0.0031
G1 X86.146 Y46.854 E0.00344
G1 X85.972 Y46.69 E0.00314
G1 X85.821 Y46.555 E0.00266
G1 X85.601 Y46.369 E0.00378
G1 X85.209 Y46.051 E0.00662
G1 X84.996 Y45.892 E0.00349
G1 X84.591 Y45.61 E0.00647
G1 X84.184 Y45.351 E0.00633
G1 X83.956 Y45.217 E0.00347
G1 X83.759 Y45.107 E0.00296
G1 X83.538 Y44.99 E0.00328
G1 X83.088 Y44.769 E0.00657
G1 X82.865 Y44.667 E0.00322
G1 X82.411 Y44.479 E0.00644
G1 X81.937 Y44.304 E0.00663
G1 X81.712 Y44.232 E0.0031
G1 X81.387 Y44.135 E0.00445
G1 X81.014 Y44.037 E0.00506
G1 X80.664 Y43.958 E0.0047
G1 X80.169 Y43.862 E0.00661
G1 X79.945 Y43.824 E0.00298
G1 X79.431 Y43.763 E0.00679
G1 X79.186 Y43.741 E0.00323
G1 X78.508 Y43.706 E0.0089
G1 X78.037 Y43.706 E0.00618
G1 X77.538 Y43.729 E0.00655
G1 X77.3 Y43.748 E0.00313
G1 X76.774 Y43.808 E0.00694
G1 X76.603 Y43.832 E0.00226
G1 X76.309 Y43.879 E0.0039
G1 X76.063 Y43.926 E0.00328
G1 X75.52 Y44.043 E0.00728
G1 X75.075 Y44.167 E0.00606
G1 X74.621 Y44.31 E0.00624
G1 X74.405 Y44.389 E0.00302
G1 X73.927 Y44.574 E0.00672
G1 X73.461 Y44.782 E0.00669
G1 X73.251 Y44.882 E0.00305
G1 X73.018 Y44.999 E0.00342
G1 X72.812 Y45.11 E0.00307
G1 X72.579 Y45.241 E0.00351
G1 X72.381 Y45.358 E0.00302
G1 X72.175 Y45.487 E0.00319
G1 X72.162 Y45.498 E0.00022
G1 X71.959 Y45.627 E0.00315
G1 X71.742 Y45.778 E0.00347
G1 X71.353 Y46.061 E0.00631
G1 X71.163 Y46.211 E0.00317
G1 X70.775 Y46.537 E0.00665
G1 X70.435 Y46.852 E0.00608
G1 X70.062 Y47.221 E0.00688
G1 X69.898 Y47.395 E0.00314
G1 X69.702 Y47.619 E0.0039
G1 X69.395 Y47.984 E0.00625
G1 X69.259 Y48.158 E0.0029
G1 X69.097 Y48.379 E0.00359
G1 X68.82 Y48.774 E0.00633
G1 X68.68 Y48.985 E0.00332
G1 X68.558 Y49.182 E0.00304
G1 X68.417 Y49.422 E0.00365
G1 X68.185 Y49.852 E0.00641
G1 X67.97 Y50.29 E0.0064
G1 X67.772 Y50.737 E0.00641
G1 X67.67 Y50.988 E0.00355
G1 X67.508 Y51.439 E0.00628
G1 X67.436 Y51.664 E0.0031
G1 X67.347 Y51.958 E0.00403
G1 X67.234 Y52.386 E0.0058
G1 X67.157 Y52.716 E0.00444
G1 X67.108 Y52.949 E0.00312
G1 X67.028 Y53.424 E0.00632
G1 X66.967 Y53.94 E0.00681
G1 X66.944 Y54.187 E0.00325
G1 X66.926 Y54.436 E0.00327
G1 X66.911 Y54.848 E0.00541
G1 X66.906 Y55.114 E0.00349
G1 X66.918 Y55.583 E0.00615
G1 X66.934 Y55.843 E0.00342
G1 X66.976 Y56.328 E0.00638
G1 X67.008 Y56.594 E0.00351
G1 X67.033 Y56.771 E0.00234
G1 X67.085 Y57.081 E0.00412
G1 X67.18 Y57.561 E0.00642
G1 X67.246 Y57.847 E0.00385
G1 X67.359 Y58.257 E0.00558
G1 X67.514 Y58.749 E0.00676
G1 X67.594 Y58.978 E0.00318
G1 X67.777 Y59.442 E0.00654
G1 X67.872 Y59.673 E0.00328
G1 X67.986 Y59.92 E0.00357
G1 X68.199 Y60.346 E0.00625
G1 X68.433 Y60.776 E0.00642
G1 X68.694 Y61.205 E0.00658
G1 X68.825 Y61.406 E0.00315
G1 X69.113 Y61.82 E0.00661
G1 X69.417 Y62.212 E0.0065
G1 X69.576 Y62.406 E0.00329
G1 X69.761 Y62.621 E0.00372
G1 X70.071 Y62.956 E0.00599
G1 X70.242 Y63.131 E0.00321
G1 X70.574 Y63.452 E0.00606
G1 X70.979 Y63.806 E0.00705
G1 X71.168 Y63.965 E0.00324
G1 X71.563 Y64.264 E0.0065
G1 X71.763 Y64.406 E0.00322
G1 X71.991 Y64.562 E0.00362
G1 X72.388 Y64.815 E0.00617
G1 X72.614 Y64.949 E0.00345
G1 X73.032 Y65.178 E0.00625
G1 X73.496 Y65.404 E0.00677
G1 X73.944 Y65.603 E0.00643
G1 X74.423 Y65.79 E0.00674
G1 X74.869 Y65.937 E0.00616
G1 X75.339 Y66.077 E0.00643
G1 X75.733 Y66.173 E0.00532
G1 X76.165 Y66.265 E0.00579
G1 X76.4 Y66.309 E0.00314
G1 X76.595 Y66.339 E0.00259
G1 X77.145 Y66.405 E0.00726
G1 X77.638 Y66.446 E0.00649
G1 X77.883 Y66.458 E0.00322
G1 X78.295 Y66.466 E0.0054
G0 F18000 X78.293 Y66.146
G0 X75.242 Y65.531
G0 X73.692 Y64.947
G0 X72.243 Y64.131
G0 X71.113 Y63.264
G0 X69.86 Y61.961
G0 X68.987 Y60.729
G0 X68.149 Y59.03
G0 X67.667 Y57.438
G0 X67.433 Y55.796
G0 X67.434 Y54.371
G0 X67.62 Y52.96
G0 X67.988 Y51.585
G0 X68.638 Y50.063
G0 X69.518 Y48.65
G0 X70.595 Y47.393
G0 X71.853 Y46.315
G0 X73.265 Y45.436
G0 X74.438 Y44.919
G0 X77.319 Y44.069
G0 X77.281 Y43.368
;TYPE:WALL-OUTER
G1 F1500 X77.509 Y43.351 E0.003
G1 X78.02 Y43.326 E0.00671
G1 X78.508 Y43.326 E0.0064
G1 X78.96 Y43.346 E0.00593
G1 X79.21 Y43.362 E0.00328
G1 X79.476 Y43.385 E0.0035
G1 X79.99 Y43.447 E0.00679
G1 X80.233 Y43.487 E0.00323
G1 X80.487 Y43.534 E0.00339
G1 X81.11 Y43.669 E0.00836
G1 X81.516 Y43.776 E0.00551
G1 X81.822 Y43.868 E0.00419
G1 X82.083 Y43.952 E0.0036
G1 X82.086 Y43.956 E0.00007
G1 X82.545 Y44.124 E0.00641
G1 X82.771 Y44.214 E0.00319
G1 X83.015 Y44.317 E0.00347
G1 X83.248 Y44.425 E0.00337
G1 X83.705 Y44.648 E0.00667
G1 X83.939 Y44.772 E0.00347
G1 X84.142 Y44.886 E0.00305
G1 X84.378 Y45.024 E0.00358
G1 X84.795 Y45.29 E0.00649
G1 X85.215 Y45.582 E0.00671
G1 X85.437 Y45.747 E0.00363
G1 X85.842 Y46.075 E0.00683
G1 X86.067 Y46.265 E0.00386
G1 X86.226 Y46.408 E0.0028
G1 X86.406 Y46.577 E0.00324
G1 X86.6 Y46.766 E0.00355
G1 X86.791 Y46.96 E0.00357
G1 X86.79 Y46.963 E0.00004
G1 X86.953 Y47.133 E0.00309
G1 X87.124 Y47.324 E0.00336
G1 X87.292 Y47.52 E0.00339
G1 X87.452 Y47.715 E0.00331
G1 X87.768 Y48.124 E0.00678
G1 X87.919 Y48.334 E0.00339
G1 X88.202 Y48.758 E0.00668
G1 X88.447 Y49.157 E0.00614
G1 X88.713 Y49.645 E0.00729
G1 X88.936 Y50.093 E0.00656
G1 X89.047 Y50.342 E0.00357
G1 X89.212 Y50.729 E0.00552
G1 X89.413 Y51.271 E0.00758
G1 X89.573 Y51.778 E0.00697
G1 X89.578 Y51.781 E0.00008
G1 X89.697 Y52.23 E0.00609
G1 X89.768 Y52.532 E0.00407
G1 X89.867 Y53.031 E0.00667
G1 X89.918 Y53.334 E0.00403
G1 X89.978 Y53.795 E0.0061
G1 X90.002 Y54.051 E0.00337
G1 X90.038 Y54.562 E0.00672
G1 X90.046 Y54.835 E0.00358
G1 X90.046 Y55.304 E0.00615
G1 X90.03 Y55.761 E0.006
G1 X89.987 Y56.264 E0.00662
G1 X89.923 Y56.804 E0.00713
G1 X89.841 Y57.289 E0.00645
G1 X89.791 Y57.528 E0.0032
G1 X89.716 Y57.854 E0.00439
G1 X89.596 Y58.311 E0.0062
G1 X89.504 Y58.617 E0.00419
G1 X89.42 Y58.875 E0.00356
G1 X89.417 Y58.877 E0.00005
G1 X89.34 Y59.097 E0.00306
G1 X89.249 Y59.34 E0.0034
G1 X89.154 Y59.576 E0.00334
G1 X89.055 Y59.811 E0.00334
G1 X88.949 Y60.044 E0.00336
G1 X88.736 Y60.476 E0.00632
G1 X88.484 Y60.946 E0.00699
G1 X88.334 Y61.199 E0.00386
G1 X88.21 Y61.397 E0.00306
G1 X87.924 Y61.825 E0.00675
G1 X87.781 Y62.024 E0.00321
G1 X87.637 Y62.217 E0.00316
G1 X87.466 Y62.436 E0.00364
G1 X87.132 Y62.839 E0.00686
G1 X86.963 Y63.024 E0.00329
G1 X86.787 Y63.21 E0.00336
G1 X86.416 Y63.584 E0.00691
G1 X86.053 Y63.919 E0.00648
G1 X85.866 Y64.079 E0.00323
G1 X85.86 Y64.079 E0.00008
G1 X85.657 Y64.248 E0.00346
G1 X85.464 Y64.4 E0.00322
G1 X85.262 Y64.553 E0.00332
G1 X85.033 Y64.715 E0.00368
G1 X84.611 Y64.999 E0.00667
G1 X84.426 Y65.117 E0.00288
G1 X83.739 Y65.507 E0.01036
G1 X83.286 Y65.729 E0.00662
G1 X83.04 Y65.842 E0.00355
G1 X82.819 Y65.937 E0.00315
G1 X82.321 Y66.129 E0.007
G1 X81.861 Y66.289 E0.00639
G1 X81.604 Y66.369 E0.00353
G1 X81.352 Y66.439 E0.00343
G1 X81.075 Y66.51 E0.00375
G1 X80.841 Y66.563 E0.00315
G1 X80.308 Y66.672 E0.00713
G1 X79.842 Y66.742 E0.00618
G1 X79.577 Y66.774 E0.0035
G1 X79.078 Y66.816 E0.00657
G1 X78.81 Y66.834 E0.00352
G1 X78.301 Y66.846 E0.00668
G1 X77.876 Y66.838 E0.00557
G1 X77.62 Y66.826 E0.00336
G1 X77.109 Y66.783 E0.00672
G1 X76.549 Y66.716 E0.0074
G1 X76.336 Y66.684 E0.00282
G1 X76.094 Y66.639 E0.00323
G1 X75.653 Y66.544 E0.00592
G1 X75.276 Y66.452 E0.00509
G1 X75.001 Y66.375 E0.00374
G1 X74.757 Y66.3 E0.00335
G1 X74.285 Y66.145 E0.00651
G1 X73.776 Y65.946 E0.00717
G1 X73.773 Y65.941 E0.00008
G1 X73.34 Y65.75 E0.00621
G1 X72.856 Y65.515 E0.00706
G1 X72.403 Y65.267 E0.00677
G1 X72.192 Y65.141 E0.00322
G1 X71.784 Y64.881 E0.00634
G1 X71.548 Y64.72 E0.00375
G1 X71.352 Y64.58 E0.00316
G1 X70.936 Y64.265 E0.00684
G1 X70.735 Y64.097 E0.00344
G1 X70.321 Y63.735 E0.00721
G1 X70.173 Y63.595 E0.00267
G1 X69.976 Y63.402 E0.00362
G1 X69.799 Y63.222 E0.00331
G1 X69.479 Y62.876 E0.00618
G1 X69.271 Y62.635 E0.00417
G1 X69.123 Y62.453 E0.00308
G1 X68.801 Y62.039 E0.00688
G1 X68.512 Y61.622 E0.00665
G1 X68.375 Y61.411 E0.0033
G1 X68.108 Y60.973 E0.00673
G1 X67.997 Y60.774 E0.00299
G1 X67.857 Y60.513 E0.00388
G1 X67.646 Y60.09 E0.0062
G1 X67.526 Y59.829 E0.00377
G1 X67.426 Y59.588 E0.00342
G1 X67.229 Y59.088 E0.00705
G1 X67.161 Y58.89 E0.00275
G1 X67.003 Y58.389 E0.00689
G1 X66.999 Y58.387 E0.00006
G1 X66.879 Y57.944 E0.00602
G1 X66.81 Y57.647 E0.004
G1 X66.708 Y57.133 E0.00687
G1 X66.658 Y56.834 E0.00398
G1 X66.598 Y56.374 E0.00608
G1 X66.555 Y55.871 E0.00662
G1 X66.538 Y55.606 E0.00348
G1 X66.526 Y55.12 E0.00637
G1 X66.531 Y54.842 E0.00365
G1 X66.546 Y54.407 E0.00571
G1 X66.589 Y53.904 E0.00662
G1 X66.653 Y53.36 E0.00718
G1 X66.735 Y52.879 E0.0064
G1 X66.785 Y52.64 E0.0032
G1 X66.864 Y52.298 E0.0046
G1 X66.983 Y51.848 E0.0061
G1 X67.156 Y51.293 E0.00762
G1 X67.16 Y51.29 E0.00007
G1 X67.325 Y50.825 E0.00647
G1 X67.421 Y50.593 E0.00329
G1 X67.632 Y50.113 E0.00688
G1 X67.844 Y49.684 E0.00627
G1 X67.979 Y49.427 E0.00381
G1 X68.101 Y49.207 E0.0033
G1 X68.368 Y48.767 E0.00675
G1 X68.504 Y48.563 E0.00321
G1 X68.817 Y48.116 E0.00716
G1 X68.953 Y47.932 E0.003
G1 X69.096 Y47.75 E0.00304
G1 X69.279 Y47.53 E0.00375
G1 X69.617 Y47.14 E0.00677
G1 X69.785 Y46.961 E0.00322
G1 X70.169 Y46.58 E0.00709
G1 X70.519 Y46.257 E0.00625
G1 X70.919 Y45.92 E0.00686
G1 X71.119 Y45.762 E0.00334
G1 X71.543 Y45.453 E0.00688
G1 X71.742 Y45.315 E0.00318
G1 X72.177 Y45.037 E0.00677
G1 X72.387 Y44.913 E0.0032
G1 X72.626 Y44.778 E0.0036
G1 X72.84 Y44.664 E0.00318
G1 X73.081 Y44.542 E0.00354
G1 X73.263 Y44.456 E0.00264
G1 X73.773 Y44.227 E0.00733
G1 X74.226 Y44.051 E0.00637
G1 X74.493 Y43.953 E0.00373
G1 X74.963 Y43.804 E0.00647
G1 X75.423 Y43.676 E0.00626
G1 X76.008 Y43.548 E0.00785
G1 X76.261 Y43.501 E0.00337
G1 X76.721 Y43.432 E0.0061
G1 X77.007 Y43.397 E0.00378
G1 X77.281 Y43.368 E0.00361
G0 F18000 X77.083 Y43.389
G0 X77.15 Y44.086
G0 X74.568 Y44.862
G0 X73.265 Y45.436
G0 X71.853 Y46.315
G0 X70.595 Y47.393
G0 X69.518 Y48.65
G0 X68.381 Y50.448
G0 X69.009 Y50.751
G1 F1500 X68.914 Y50.961 E0.00302
G1 X68.744 Y51.366 E0.00576
G1 X68.594 Y51.783 E0.00581
G1 X68.442 Y52.267 E0.00665
G1 X68.339 Y52.661 E0.00534
G1 X68.246 Y53.078 E0.0056
G1 X68.205 Y53.306 E0.00304
G1 X68.136 Y53.746 E0.00584
G1 X68.107 Y53.963 E0.00287
G1 X68.07 Y54.412 E0.00591
G1 X68.05 Y54.857 E0.00584
G1 X68.046 Y55.08 E0.00292
G1 X68.054 Y55.389 E0.00405
G1 X68.07 Y55.749 E0.00473
G1 X68.094 Y56.059 E0.00408
G1 X68.135 Y56.418 E0.00474
G1 X68.204 Y56.858 E0.00584
G1 X68.289 Y57.293 E0.00581
G1 X68.395 Y57.734 E0.00595
G1 X68.521 Y58.162 E0.00585
G1 X68.591 Y58.379 E0.00299
G1 X68.741 Y58.793 E0.00577
G1 X68.912 Y59.209 E0.0059
G1 X69.007 Y59.413 E0.00295
G1 X69.201 Y59.808 E0.00577
G1 X69.312 Y60.019 E0.00313
G1 X69.552 Y60.428 E0.00622
G1 X69.699 Y60.662 E0.00362
G1 X69.822 Y60.846 E0.0029
G1 X70.028 Y61.138 E0.00469
G1 X70.168 Y61.323 E0.00304
G1 X70.354 Y61.561 E0.00396
G1 X70.595 Y61.844 E0.00487
G1 X70.956 Y62.234 E0.00697
G1 X71.201 Y62.479 E0.00454
G1 X71.528 Y62.777 E0.0058
G1 X71.869 Y63.066 E0.00586
G1 X72.049 Y63.209 E0.00301
G1 X72.23 Y63.341 E0.00294
G1 X72.59 Y63.596 E0.00578
G1 X73.164 Y63.951 E0.00885
G1 X73.362 Y64.062 E0.00298
G1 X73.755 Y64.269 E0.00582
G1 X73.953 Y64.364 E0.00288
G1 X74.354 Y64.542 E0.00575
G1 X74.573 Y64.629 E0.00309
G1 X74.991 Y64.779 E0.00582
G1 X75.423 Y64.914 E0.00593
G1 X75.625 Y64.974 E0.00276
G1 X75.867 Y65.033 E0.00327
G1 X76.282 Y65.126 E0.00558
G1 X76.596 Y65.182 E0.00418
G1 X76.949 Y65.24 E0.00469
G1 X77.17 Y65.265 E0.00292
G1 X77.616 Y65.302 E0.00587
G1 X78.061 Y65.322 E0.00584
G1 X78.3 Y65.326 E0.00313
G1 X78.588 Y65.322 E0.00378
G1 X78.955 Y65.302 E0.00482
G1 X79.26 Y65.278 E0.00401
G1 X79.604 Y65.241 E0.00454
G1 X79.918 Y65.192 E0.00417
G1 X80.282 Y65.127 E0.00485
G1 X80.499 Y65.083 E0.0029
G1 X80.718 Y65.034 E0.00294
G1 X80.94 Y64.976 E0.00301
G1 X81.153 Y64.915 E0.00291
G1 X81.432 Y64.83 E0.00382
G1 X81.653 Y64.757 E0.00305
G1 X81.998 Y64.631 E0.00482
G1 X82.202 Y64.549 E0.00288
G1 X82.61 Y64.37 E0.00584
G1 X82.904 Y64.225 E0.0043
G1 X83.081 Y64.134 E0.00261
G1 X83.474 Y63.914 E0.00591
G1 X83.666 Y63.8 E0.00293
G1 X84.039 Y63.561 E0.00581
G1 X84.343 Y63.343 E0.00491
G1 X84.527 Y63.204 E0.00302
G1 X84.765 Y63.018 E0.00396
G1 X85.044 Y62.778 E0.00483
G1 X85.368 Y62.485 E0.00573
G1 X85.529 Y62.329 E0.00294
G1 X85.733 Y62.116 E0.00387
G1 X85.967 Y61.86 E0.00455
G1 X86.132 Y61.668 E0.00332
G1 X86.412 Y61.324 E0.00582
G1 X86.545 Y61.143 E0.00295
G1 X86.8 Y60.782 E0.0058
G1 X87.025 Y60.426 E0.00552
G1 X87.261 Y60.023 E0.00612
G1 X87.372 Y59.813 E0.00311
G1 X87.567 Y59.416 E0.0058
G1 X87.668 Y59.198 E0.00315
G1 X87.832 Y58.801 E0.00563
G1 X87.982 Y58.385 E0.0058
G1 X88.118 Y57.949 E0.00599
G1 X88.179 Y57.737 E0.00289
G1 X88.234 Y57.522 E0.00291
G1 X88.345 Y57.012 E0.00684
G1 X88.44 Y56.426 E0.00778
G1 X88.489 Y55.981 E0.00587
G1 X88.511 Y55.678 E0.00398
G1 X88.526 Y55.311 E0.00482
G1 X88.524 Y54.848 E0.00607
G1 X88.506 Y54.415 E0.00568
G1 X88.482 Y54.112 E0.00399
G1 X88.441 Y53.75 E0.00478
G1 X88.372 Y53.31 E0.00584
G1 X88.331 Y53.086 E0.00299
G1 X88.238 Y52.659 E0.00573
G1 X88.177 Y52.432 E0.00308
G1 X88.055 Y52.007 E0.0058
G1 X87.982 Y51.797 E0.00292
G1 X87.985 Y51.794 E0.00006
G1 X87.888 Y51.513 E0.0039
G1 X87.805 Y51.302 E0.00297
G1 X87.57 Y50.755 E0.00781
G1 X87.378 Y50.371 E0.00563
G1 X87.269 Y50.16 E0.00311
G1 X87.158 Y49.963 E0.00297
G1 X86.999 Y49.698 E0.00405
G1 X86.885 Y49.517 E0.0028
G1 X86.73 Y49.289 E0.00362
G1 X86.41 Y48.848 E0.00714
G1 X86.217 Y48.605 E0.00407
G1 X86.083 Y48.443 E0.00276
G1 X85.87 Y48.202 E0.00422
G1 X85.699 Y48.018 E0.00329
G1 X85.375 Y47.693 E0.00602
G1 X85.15 Y47.484 E0.00403
G1 X84.897 Y47.264 E0.0044
G1 X84.699 Y47.098 E0.00339
G1 X84.348 Y46.829 E0.0058
G1 X83.981 Y46.572 E0.00588
G1 X83.784 Y46.444 E0.00308
G1 X83.411 Y46.217 E0.00573
G1 X83.012 Y45.997 E0.00597
G1 X82.546 Y45.769 E0.0068
G1 X82.543 Y45.771 E0.00005
G1 X82.433 Y45.72 E0.00159
G1 X82.219 Y45.628 E0.00305
G1 X81.801 Y45.466 E0.00588
G1 X81.403 Y45.328 E0.00552
G1 X81.088 Y45.234 E0.00431
G1 X81.085 Y45.236 E0.00005
G1 X80.948 Y45.194 E0.00188
G1 X80.514 Y45.087 E0.00586
G1 X80.063 Y45.001 E0.00602
G1 X79.63 Y44.932 E0.00575
G1 X79.238 Y44.887 E0.00517
G1 X78.741 Y44.854 E0.00653
G1 X78.511 Y44.845 E0.00302
G1 X77.989 Y44.85 E0.00685
G1 X77.547 Y44.87 E0.0058
G1 X77.315 Y44.89 E0.00305
G1 X76.954 Y44.931 E0.00476
G1 X76.518 Y45 E0.00579
G1 X76.07 Y45.085 E0.00598
G1 X75.631 Y45.195 E0.00593
G1 X75.493 Y45.236 E0.00189
G1 X75.49 Y45.233 E0.00006
G1 X75.208 Y45.321 E0.00387
G1 X74.783 Y45.463 E0.00588
G1 X74.363 Y45.627 E0.00591
G1 X73.944 Y45.812 E0.00601
G1 X73.567 Y45.997 E0.00551
G1 X73.173 Y46.213 E0.00589
G1 X72.789 Y46.445 E0.00588
G1 X72.414 Y46.693 E0.0059
G1 X72.231 Y46.826 E0.00297
G1 X71.876 Y47.096 E0.00585
G1 X71.402 Y47.505 E0.00821
G1 X71.052 Y47.838 E0.00633
G1 X70.739 Y48.164 E0.00593
G1 X70.448 Y48.494 E0.00577
G1 X70.302 Y48.67 E0.003
G1 X70.032 Y49.025 E0.00585
G1 X69.918 Y49.188 E0.00261
G1 X69.913 Y49.19 E0.00007
G1 X69.653 Y49.578 E0.00612
G1 X69.425 Y49.954 E0.00577
G1 X69.311 Y50.153 E0.00301
G1 X69.207 Y50.352 E0.00294
G1 X69.009 Y50.751 E0.00584
G0 F18000 X69.097 Y50.572
G1 F1800 E-3.5
;MESH:Full_Asse_Dielectric_Part.STL
G0 F18000 X68.468 Y50.269
G0 X67.833 Y54.399
G0 X67.858 Y56.081
G0 X68.111 Y57.578
G0 X68.522 Y58.885
G0 X69.33 Y60.522
G0 X70.169 Y61.708
G0 X71.148 Y62.725
G0 X74.576 Y66.013
G0 X74.382 Y67.475
G0 X85.154 Y96.21
G0 X84.921 Y97.421
;TYPE:SKIN
G1 F1800 E3.52079
G1 F8400 X84.921 Y97.795 E0.0062
G1 X85.295 Y97.421 E0.00877
G1 X85.833 Y97.421 E0.00892
G1 X84.921 Y98.332 E0.02138
G1 X84.921 Y98.87 E0.00892
G1 X86.37 Y97.421 E0.03399
G1 X86.908 Y97.421 E0.00892
G1 X84.921 Y99.407 E0.0466
G1 X84.921 Y99.945 E0.00892
G1 X87.445 Y97.421 E0.05921
G1 X87.982 Y97.421 E0.00891
G1 X84.921 Y100.482 E0.07181
G1 X84.921 Y101.019 E0.00891
G1 X88.52 Y97.421 E0.08442
G1 X89.057 Y97.421 E0.00891
G1 X84.921 Y101.557 E0.09703
G1 X84.921 Y102.094 E0.00891
G1 X89.595 Y97.421 E0.10964
G1 X90.132 Y97.421 E0.00891
G1 X84.921 Y102.632 E0.12225
G1 X84.921 Y103.169 E0.00891
G1 X90.669 Y97.421 E0.13485
G1 X91.207 Y97.421 E0.00892
G1 X84.921 Y103.706 E0.14746
G1 X84.921 Y104.244 E0.00892
G1 X91.744 Y97.421 E0.16007
G1 X92.282 Y97.421 E0.00892
G1 X84.921 Y104.781 E0.17267
G1 X84.921 Y105.319 E0.00892
G1 X92.819 Y97.421 E0.18528
G1 X93.356 Y97.421 E0.00891
G1 X84.921 Y105.856 E0.19788
G1 X84.921 Y106.393 E0.00891
G1 X93.894 Y97.421 E0.21049
G1 X94.431 Y97.421 E0.00891
G1 X84.921 Y106.931 E0.2231
G1 X84.921 Y107.468 E0.00891
G1 X94.969 Y97.421 E0.23571
G1 X95.506 Y97.421 E0.00891
G1 X84.921 Y108.006 E0.24832
G1 X84.921 Y108.543 E0.00891
G1 X96.043 Y97.421 E0.26092
G1 X96.581 Y97.421 E0.00892
G1 X84.921 Y109.08 E0.27353
G1 X84.921 Y109.618 E0.00892
G1 X97.118 Y97.421 E0.28614
G1 X97.656 Y97.421 E0.00892
G1 X84.921 Y110.155 E0.29875
G1 X84.921 Y110.693 E0.00892
G1 X98.193 Y97.421 E0.31136
G1 X98.73 Y97.421 E0.00891
G1 X84.921 Y111.23 E0.32395
G1 X84.921 Y111.767 E0.00891
G1 X99.268 Y97.421 E0.33656
G1 X99.805 Y97.421 E0.00891
G1 X84.921 Y112.305 E0.34917
G1 X84.921 Y112.842 E0.00891
G1 X100.343 Y97.421 E0.36178
G1 X100.88 Y97.421 E0.00891
G1 X84.921 Y113.38 E0.37439
G1 X84.921 Y113.917 E0.00891
G1 X101.417 Y97.421 E0.38699
G1 X101.955 Y97.421 E0.00892
G1 X84.921 Y114.454 E0.3996
G1 X84.921 Y114.992 E0.00892
G1 X102.492 Y97.421 E0.41221
G1 X103.03 Y97.421 E0.00892
G1 X84.921 Y115.529 E0.42482
G1 X84.921 Y116.067 E0.00892
G1 X103.567 Y97.421 E0.43743
G1 X104.105 Y97.421 E0.00892
G1 X84.921 Y116.604 E0.45004
G1 X84.921 Y117.141 E0.00891
G1 X104.642 Y97.421 E0.46264
G1 X105.179 Y97.421 E0.00891
G1 X84.921 Y117.679 E0.47525
G1 X84.921 Y118.216 E0.00891
G1 X105.717 Y97.421 E0.48786
G1 X106.254 Y97.421 E0.00891
G1 X84.921 Y118.754 E0.50047
G1 X84.921 Y119.291 E0.00891
G1 X106.792 Y97.421 E0.51307
G1 X107.329 Y97.421 E0.00891
G1 X84.921 Y119.828 E0.52567
G1 X84.921 Y120.366 E0.00892
G1 X107.866 Y97.421 E0.53828
G1 X108.404 Y97.421 E0.00892
G1 X84.921 Y120.903 E0.55089
G1 X84.921 Y121.441 E0.00892
G1 X108.941 Y97.421 E0.5635
G1 X109.479 Y97.421 E0.00892
G1 X84.921 Y121.978 E0.57611
G1 X84.921 Y122.515 E0.00891
G1 X110.016 Y97.421 E0.58871
G1 X110.553 Y97.421 E0.00891
G1 X85.395 Y122.579 E0.5902
G1 X85.933 Y122.579 E0.00892
G1 X111.091 Y97.421 E0.5902
G1 X111.628 Y97.421 E0.00891
G1 X86.47 Y122.579 E0.5902
G1 X87.007 Y122.579 E0.00891
G1 X112.166 Y97.421 E0.59021
G1 X112.703 Y97.421 E0.00891
G1 X87.545 Y122.579 E0.5902
G1 X88.082 Y122.579 E0.00891
G1 X113.24 Y97.421 E0.5902
G1 X113.778 Y97.421 E0.00892
G1 X88.62 Y122.579 E0.5902
G1 X89.157 Y122.579 E0.00891
G1 X114.315 Y97.421 E0.5902
G1 X114.853 Y97.421 E0.00892
G1 X89.694 Y122.579 E0.59021
G1 X90.232 Y122.579 E0.00892
G1 X115.39 Y97.421 E0.5902
G1 X115.927 Y97.421 E0.00891
G1 X90.769 Y122.579 E0.5902
G1 X91.307 Y122.579 E0.00892
G1 X116.465 Y97.421 E0.5902
G1 X117.002 Y97.421 E0.00891
G1 X91.844 Y122.579 E0.5902
G1 X92.381 Y122.579 E0.00891
G1 X117.54 Y97.421 E0.59021
G1 X118.077 Y97.421 E0.00891
G1 X92.919 Y122.579 E0.5902
G1 X93.456 Y122.579 E0.00891
G1 X118.614 Y97.421 E0.5902
G1 X119.152 Y97.421 E0.00892
G1 X93.994 Y122.579 E0.5902
G1 X94.531 Y122.579 E0.00891
G1 X119.689 Y97.421 E0.5902
G1 X120.227 Y97.421 E0.00892
G1 X95.068 Y122.579 E0.59021
G1 X95.606 Y122.579 E0.00892
G1 X120.764 Y97.421 E0.5902
G1 X121.301 Y97.421 E0.00891
G1 X96.143 Y122.579 E0.5902
G1 X96.681 Y122.579 E0.00892
G1 X121.839 Y97.421 E0.5902
G1 X122.376 Y97.421 E0.00891
G1 X97.218 Y122.579 E0.5902
G1 X97.755 Y122.579 E0.00891
G1 X122.914 Y97.421 E0.59021
G1 X123.451 Y97.421 E0.00891
G1 X98.293 Y122.579 E0.5902
G1 X98.83 Y122.579 E0.00891
G1 X123.988 Y97.421 E0.5902
G1 X124.526 Y97.421 E0.00892
G1 X99.368 Y122.579 E0.5902
G1 X99.905 Y122.579 E0.00891
G1 X125.063 Y97.421 E0.5902
G1 X125.601 Y97.421 E0.00892
G1 X100.442 Y122.579 E0.59021
G1 X100.98 Y122.579 E0.00892
G1 X126.138 Y97.421 E0.5902
G1 X126.675 Y97.421 E0.00891
G1 X101.517 Y122.579 E0.5902
G1 X102.055 Y122.579 E0.00892
G1 X127.213 Y97.421 E0.5902
G1 X127.75 Y97.421 E0.00891
G1 X102.592 Y122.579 E0.5902
G1 X103.129 Y122.579 E0.00891
G1 X128.288 Y97.421 E0.59021
G1 X128.825 Y97.421 E0.00891
G1 X103.667 Y122.579 E0.5902
G1 X104.204 Y122.579 E0.00891
G1 X129.362 Y97.421 E0.5902
G1 X129.9 Y97.421 E0.00892
G1 X104.742 Y122.579 E0.5902
G1 X105.279 Y122.579 E0.00891
G1 X130.437 Y97.421 E0.5902
G1 X130.975 Y97.421 E0.00892
G1 X105.816 Y122.579 E0.59021
G1 X106.354 Y122.579 E0.00892
G1 X131.512 Y97.421 E0.5902
G1 X132.049 Y97.421 E0.00891
G1 X106.891 Y122.579 E0.5902
G1 X107.429 Y122.579 E0.00892
G1 X132.587 Y97.421 E0.5902
G1 X133.124 Y97.421 E0.00891
G1 X107.966 Y122.579 E0.5902
G1 X108.503 Y122.579 E0.00891
G1 X133.662 Y97.421 E0.59021
G1 X134.199 Y97.421 E0.00891
G1 X109.041 Y122.579 E0.5902
G1 X109.578 Y122.579 E0.00891
G1 X134.736 Y97.421 E0.5902
G1 X135.079 Y97.421 E0.00569
G1 X135.079 Y97.616 E0.00323
G1 X110.116 Y122.579 E0.58562
G1 X110.653 Y122.579 E0.00891
G1 X135.079 Y98.153 E0.57303
G1 X135.079 Y98.691 E0.00892
G1 X111.19 Y122.579 E0.56042
G1 X111.728 Y122.579 E0.00892
G1 X135.079 Y99.228 E0.54781
G1 X135.079 Y99.766 E0.00892
G1 X112.265 Y122.579 E0.5352
G1 X112.803 Y122.579 E0.00892
G1 X135.079 Y100.303 E0.52259
G1 X135.079 Y100.84 E0.00891
G1 X113.34 Y122.579 E0.50999
G1 X113.877 Y122.579 E0.00891
G1 X135.079 Y101.378 E0.49738
G1 X135.079 Y101.915 E0.00891
G1 X114.415 Y122.579 E0.48477
G1 X114.952 Y122.579 E0.00891
G1 X135.079 Y102.453 E0.47216
G1 X135.079 Y102.99 E0.00891
G1 X115.49 Y122.579 E0.45955
G1 X116.027 Y122.579 E0.00891
G1 X135.079 Y103.528 E0.44694
G1 X135.079 Y104.065 E0.00891
G1 X116.564 Y122.579 E0.43434
G1 X117.102 Y122.579 E0.00892
G1 X135.079 Y104.602 E0.42173
G1 X135.079 Y105.14 E0.00892
G1 X117.639 Y122.579 E0.40912
G1 X118.177 Y122.579 E0.00892
G1 X135.079 Y105.677 E0.39652
G1 X135.079 Y106.215 E0.00892
G1 X118.714 Y122.579 E0.38391
G1 X119.251 Y122.579 E0.00891
G1 X135.079 Y106.752 E0.37131
G1 X135.079 Y107.289 E0.00891
G1 X119.789 Y122.579 E0.3587
G1 X120.326 Y122.579 E0.00891
G1 X135.079 Y107.827 E0.34609
G1 X135.079 Y108.364 E0.00891
G1 X120.864 Y122.579 E0.33348
G1 X121.401 Y122.579 E0.00891
G1 X135.079 Y108.902 E0.32087
G1 X135.079 Y109.439 E0.00891
G1 X121.938 Y122.579 E0.30827
G1 X122.476 Y122.579 E0.00892
G1 X135.079 Y109.976 E0.29566
G1 X135.079 Y110.514 E0.00892
G1 X123.013 Y122.579 E0.28305
G1 X123.551 Y122.579 E0.00892
G1 X135.079 Y111.051 E0.27044
G1 X135.079 Y111.589 E0.00892
G1 X124.088 Y122.579 E0.25783
G1 X124.625 Y122.579 E0.00891
G1 X135.079 Y112.126 E0.24524
G1 X135.079 Y112.663 E0.00891
G1 X125.163 Y122.579 E0.23263
G1 X125.7 Y122.579 E0.00891
G1 X135.079 Y113.201 E0.22002
G1 X135.079 Y113.738 E0.00891
G1 X126.238 Y122.579 E0.20741
G1 X126.775 Y122.579 E0.00891
G1 X135.079 Y114.276 E0.1948
G1 X135.079 Y114.813 E0.00891
G1 X127.312 Y122.579 E0.1822
G1 X127.85 Y122.579 E0.00892
G1 X135.079 Y115.35 E0.16959
G1 X135.079 Y115.888 E0.00892
G1 X128.387 Y122.579 E0.15698
G1 X128.925 Y122.579 E0.00892
G1 X135.079 Y116.425 E0.14437
G1 X135.079 Y116.963 E0.00892
G1 X129.462 Y122.579 E0.13176
G1 X129.999 Y122.579 E0.00891
G1 X135.079 Y117.5 E0.11916
G1 X135.079 Y118.037 E0.00891
G1 X130.537 Y122.579 E0.10655
G1 X131.074 Y122.579 E0.00891
G1 X135.079 Y118.575 E0.09394
G1 X135.079 Y119.112 E0.00891
G1 X131.612 Y122.579 E0.08133
G1 X132.149 Y122.579 E0.00891
G1 X135.079 Y119.65 E0.06873
G1 X135.079 Y120.187 E0.00891
G1 X132.686 Y122.579 E0.05613
G1 X133.224 Y122.579 E0.00892
G1 X135.079 Y120.724 E0.04352
G1 X135.079 Y121.262 E0.00892
G1 X133.761 Y122.579 E0.03091
G1 X134.299 Y122.579 E0.00892
G1 X135.079 Y121.799 E0.0183
G1 X135.079 Y122.337 E0.00892
G0 F18000 X134.836 Y122.579
G1 F8400 X135.079 Y122.337 E0.00569
G1 X135.079 Y122.579 E0.00401
G0 F18000 X134.08 Y121.692
G1 F1800 E-3.5
;MESH:Full_Asse_Dielectric_Part.STL
G0 F18000 X134.84 Y97.71
G0 X137.16 Y97.71
G0 X136.921 Y97.421
G1 F1800 E3.52079
G1 F8400 X136.921 Y97.923 E0.00833
G0 F18000 X137.423 Y97.421
G1 F8400 X136.921 Y97.923 E0.01178
G1 X136.921 Y98.46 E0.00891
G1 X137.961 Y97.421 E0.02439
G1 X138.498 Y97.421 E0.00891
G1 X136.921 Y98.998 E0.037
G1 X136.921 Y99.535 E0.00891
G1 X139.036 Y97.421 E0.04961
G1 X139.573 Y97.421 E0.00891
G1 X136.921 Y100.073 E0.06222
G1 X136.921 Y100.61 E0.00891
G1 X140.11 Y97.421 E0.07481
G1 X140.648 Y97.421 E0.00892
G1 X136.921 Y101.147 E0.08742
G1 X136.921 Y101.685 E0.00892
G1 X141.185 Y97.421 E0.10003
G1 X141.723 Y97.421 E0.00892
G1 X136.921 Y102.222 E0.11264
G1 X136.921 Y102.76 E0.00892
G1 X142.26 Y97.421 E0.12525
G1 X142.797 Y97.421 E0.00891
G1 X136.921 Y103.297 E0.13785
G1 X136.921 Y103.834 E0.00891
G1 X143.335 Y97.421 E0.15046
G1 X143.872 Y97.421 E0.00891
G1 X136.921 Y104.372 E0.16307
G1 X136.921 Y104.909 E0.00891
G1 X144.41 Y97.421 E0.17568
G1 X144.947 Y97.421 E0.00891
G1 X136.921 Y105.447 E0.18829
G1 X136.921 Y105.984 E0.00891
G1 X145.484 Y97.421 E0.20089
G1 X146.022 Y97.421 E0.00892
G1 X136.921 Y106.521 E0.21349
G1 X136.921 Y107.059 E0.00892
G1 X146.559 Y97.421 E0.2261
G1 X147.097 Y97.421 E0.00892
G1 X136.921 Y107.596 E0.23871
G1 X136.921 Y108.134 E0.00892
G1 X147.634 Y97.421 E0.25132
G1 X148.171 Y97.421 E0.00891
G1 X136.921 Y108.671 E0.26392
G1 X136.921 Y109.208 E0.00891
G1 X148.709 Y97.421 E0.27653
G1 X149.246 Y97.421 E0.00891
G1 X136.921 Y109.746 E0.28914
G1 X136.921 Y110.283 E0.00891
G1 X149.784 Y97.421 E0.30175
G1 X150.321 Y97.421 E0.00891
G1 X136.921 Y110.821 E0.31436
G1 X136.921 Y111.358 E0.00891
G1 X150.858 Y97.421 E0.32696
G1 X151.396 Y97.421 E0.00892
G1 X136.921 Y111.895 E0.33957
G1 X136.921 Y112.433 E0.00892
G1 X151.933 Y97.421 E0.35218
G1 X152.471 Y97.421 E0.00892
G1 X136.921 Y112.97 E0.36479
G1 X136.921 Y113.508 E0.00892
G1 X153.008 Y97.421 E0.3774
G1 X153.545 Y97.421 E0.00891
G1 X136.921 Y114.045 E0.38999
G1 X136.921 Y114.582 E0.00891
G1 X154.083 Y97.421 E0.4026
G1 X154.62 Y97.421 E0.00891
G1 X136.921 Y115.12 E0.41521
G1 X136.921 Y115.657 E0.00891
G1 X155.158 Y97.421 E0.42782
G1 X155.695 Y97.421 E0.00891
G1 X136.921 Y116.195 E0.44043
G1 X136.921 Y116.732 E0.00891
G1 X156.232 Y97.421 E0.45303
G1 X156.77 Y97.421 E0.00892
G1 X136.921 Y117.269 E0.46564
G1 X136.921 Y117.807 E0.00892
G1 X157.307 Y97.421 E0.47825
G1 X157.845 Y97.421 E0.00892
G1 X136.921 Y118.344 E0.49086
G1 X136.921 Y118.882 E0.00892
G1 X158.382 Y97.421 E0.50347
G1 X158.919 Y97.421 E0.00891
G1 X136.921 Y119.419 E0.51607
G1 X136.921 Y119.956 E0.00891
G1 X159.457 Y97.421 E0.52868
G1 X159.994 Y97.421 E0.00891
G1 X136.921 Y120.494 E0.54128
G1 X136.921 Y121.031 E0.00891
G1 X160.532 Y97.421 E0.55389
G1 X161.069 Y97.421 E0.00891
G1 X136.921 Y121.569 E0.5665
G1 X136.921 Y122.106 E0.00891
G1 X161.606 Y97.421 E0.5791
G1 X162.144 Y97.421 E0.00892
G1 X136.986 Y122.579 E0.5902
G1 X137.523 Y122.579 E0.00891
G1 X162.681 Y97.421 E0.5902
G1 X163.219 Y97.421 E0.00892
G1 X138.06 Y122.579 E0.59021
G1 X138.598 Y122.579 E0.00892
G1 X163.756 Y97.421 E0.5902
G1 X164.293 Y97.421 E0.00891
G1 X139.135 Y122.579 E0.5902
G1 X139.673 Y122.579 E0.00892
G1 X164.831 Y97.421 E0.5902
G1 X165.368 Y97.421 E0.00891
G1 X140.21 Y122.579 E0.5902
G1 X140.747 Y122.579 E0.00891
G1 X165.906 Y97.421 E0.59021
G1 X166.443 Y97.421 E0.00891
G1 X141.285 Y122.579 E0.5902
G1 X141.822 Y122.579 E0.00891
G1 X166.98 Y97.421 E0.5902
G1 X167.518 Y97.421 E0.00892
G1 X142.36 Y122.579 E0.5902
G1 X142.897 Y122.579 E0.00891
G1 X168.055 Y97.421 E0.5902
G1 X168.593 Y97.421 E0.00892
G1 X143.434 Y122.579 E0.59021
G1 X143.972 Y122.579 E0.00892
G1 X169.13 Y97.421 E0.5902
G1 X169.667 Y97.421 E0.00891
G1 X144.509 Y122.579 E0.5902
G1 X145.047 Y122.579 E0.00892
G1 X170.205 Y97.421 E0.5902
G1 X170.742 Y97.421 E0.00891
G1 X145.584 Y122.579 E0.5902
G1 X146.121 Y122.579 E0.00891
G1 X171.28 Y97.421 E0.59021
G1 X171.817 Y97.421 E0.00891
G1 X146.659 Y122.579 E0.5902
G1 X147.196 Y122.579 E0.00891
G1 X172.354 Y97.421 E0.5902
G1 X172.892 Y97.421 E0.00892
G1 X147.734 Y122.579 E0.5902
G1 X148.271 Y122.579 E0.00891
G1 X173.429 Y97.421 E0.5902
G1 X173.967 Y97.421 E0.00892
G1 X148.809 Y122.579 E0.5902
G1 X149.346 Y122.579 E0.00891
G1 X174.504 Y97.421 E0.5902
G1 X175.041 Y97.421 E0.00891
G1 X149.883 Y122.579 E0.5902
G1 X150.421 Y122.579 E0.00892
G1 X175.579 Y97.421 E0.5902
G1 X176.116 Y97.421 E0.00891
G1 X150.958 Y122.579 E0.5902
G1 X151.496 Y122.579 E0.00892
G1 X176.654 Y97.421 E0.5902
G1 X177.191 Y97.421 E0.00891
G1 X152.033 Y122.579 E0.5902
G1 X152.57 Y122.579 E0.00891
G1 X177.728 Y97.421 E0.5902
G1 X178.266 Y97.421 E0.00892
G1 X153.108 Y122.579 E0.5902
G1 X153.645 Y122.579 E0.00891
G1 X178.803 Y97.421 E0.5902
G1 X179.341 Y97.421 E0.00892
G1 X154.183 Y122.579 E0.5902
G1 X154.72 Y122.579 E0.00891
G1 X179.878 Y97.421 E0.5902
G1 X180.415 Y97.421 E0.00891
G1 X155.257 Y122.579 E0.5902
G1 X155.795 Y122.579 E0.00892
G1 X180.953 Y97.421 E0.5902
G1 X181.49 Y97.421 E0.00891
G1 X156.332 Y122.579 E0.5902
G1 X156.87 Y122.579 E0.00892
G1 X182.028 Y97.421 E0.5902
G1 X182.565 Y97.421 E0.00891
G1 X157.407 Y122.579 E0.5902
G1 X157.944 Y122.579 E0.00891
G1 X183.102 Y97.421 E0.5902
G1 X183.64 Y97.421 E0.00892
G1 X158.482 Y122.579 E0.5902
G1 X159.019 Y122.579 E0.00891
G1 X184.177 Y97.421 E0.5902
G1 X184.715 Y97.421 E0.00892
G1 X159.557 Y122.579 E0.5902
G1 X160.094 Y122.579 E0.00891
G1 X185.252 Y97.421 E0.5902
G1 X185.789 Y97.421 E0.00891
G1 X160.631 Y122.579 E0.5902
G1 X161.169 Y122.579 E0.00892
G1 X186.327 Y97.421 E0.5902
G1 X186.864 Y97.421 E0.00891
G1 X161.706 Y122.579 E0.5902
G1 X162.244 Y122.579 E0.00892
G1 X187.079 Y97.744 E0.58262
G1 X187.079 Y98.281 E0.00891
G1 X162.781 Y122.579 E0.57002
G1 X163.318 Y122.579 E0.00891
G1 X187.079 Y98.819 E0.55741
G1 X187.079 Y99.356 E0.00891
G1 X163.856 Y122.579 E0.5448
G1 X164.393 Y122.579 E0.00891
G1 X187.079 Y99.894 E0.53219
G1 X187.079 Y100.431 E0.00891
G1 X164.931 Y122.579 E0.51958
G1 X165.468 Y122.579 E0.00891
G1 X187.079 Y100.968 E0.50699
G1 X187.079 Y101.506 E0.00892
G1 X166.005 Y122.579 E0.49438
G1 X166.543 Y122.579 E0.00892
G1 X187.079 Y102.043 E0.48177
G1 X187.079 Y102.581 E0.00892
G1 X167.08 Y122.579 E0.46916
G1 X167.618 Y122.579 E0.00892
G1 X187.079 Y103.118 E0.45655
G1 X187.079 Y103.655 E0.00891
G1 X168.155 Y122.579 E0.44395
G1 X168.692 Y122.579 E0.00891
G1 X187.079 Y104.193 E0.43134
G1 X187.079 Y104.73 E0.00891
G1 X169.23 Y122.579 E0.41873
G1 X169.767 Y122.579 E0.00891
G1 X187.079 Y105.268 E0.40612
G1 X187.079 Y105.805 E0.00891
G1 X170.305 Y122.579 E0.39351
G1 X170.842 Y122.579 E0.00891
G1 X187.079 Y106.342 E0.38091
G1 X187.079 Y106.88 E0.00892
G1 X171.379 Y122.579 E0.36831
G1 X171.917 Y122.579 E0.00892
G1 X187.079 Y107.417 E0.3557
G1 X187.079 Y107.955 E0.00892
G1 X172.454 Y122.579 E0.34309
G1 X172.992 Y122.579 E0.00892
G1 X187.079 Y108.492 E0.33048
G1 X187.079 Y109.03 E0.00892
G1 X173.529 Y122.579 E0.31787
G1 X174.066 Y122.579 E0.00891
G1 X187.079 Y109.567 E0.30527
G1 X187.079 Y110.104 E0.00891
G1 X174.604 Y122.579 E0.29266
G1 X175.141 Y122.579 E0.00891
G1 X187.079 Y110.642 E0.28005
G1 X187.079 Y111.179 E0.00891
G1 X175.679 Y122.579 E0.26744
G1 X176.216 Y122.579 E0.00891
G1 X187.079 Y111.717 E0.25483
G1 X187.079 Y112.254 E0.00891
G1 X176.753 Y122.579 E0.24223
G1 X177.291 Y122.579 E0.00892
G1 X187.079 Y112.791 E0.22962
G1 X187.079 Y113.329 E0.00892
G1 X177.828 Y122.579 E0.21701
G1 X178.366 Y122.579 E0.00892
G1 X187.079 Y113.866 E0.2044
G1 X187.079 Y114.404 E0.00892
G1 X178.903 Y122.579 E0.19179
G1 X179.44 Y122.579 E0.00891
G1 X187.079 Y114.941 E0.1792
G1 X187.079 Y115.478 E0.00891
G1 X179.978 Y122.579 E0.16659
G1 X180.515 Y122.579 E0.00891
G1 X187.079 Y116.016 E0.15398
G1 X187.079 Y116.553 E0.00891
G1 X181.053 Y122.579 E0.14137
G1 X181.59 Y122.579 E0.00891
G1 X187.079 Y117.091 E0.12876
G1 X187.079 Y117.628 E0.00891
G1 X182.127 Y122.579 E0.11616
G1 X182.665 Y122.579 E0.00892
G1 X187.079 Y118.165 E0.10355
G1 X187.079 Y118.703 E0.00892
G1 X183.202 Y122.579 E0.09094
G1 X183.74 Y122.579 E0.00892
G1 X187.079 Y119.24 E0.07833
G1 X187.079 Y119.778 E0.00892
G1 X184.277 Y122.579 E0.06572
G1 X184.814 Y122.579 E0.00891
G1 X187.079 Y120.315 E0.05312
G1 X187.079 Y120.852 E0.00891
G1 X185.352 Y122.579 E0.04051
G1 X185.889 Y122.579 E0.00891
G1 X187.079 Y121.39 E0.02791
G1 X187.079 Y121.927 E0.00891
G1 X186.427 Y122.579 E0.0153
G1 X186.964 Y122.579 E0.00891
G1 X187.079 Y122.465 E0.00269
G0 F18000 X186.08 Y121.692
G1 F1800 E-3.5
;MESH:NONMESH
G0 F1200 X186.08 Y121.692 Z0.5
G0 F18000 X137.154 Y97.654
G0 X137.154 Y96.21
G0 X90.678 Y51.18
G0 X89.216 Y51.371
G0 X85.677 Y47.018
G0 X85.461 Y47.249
;TIME_ELAPSED:229.719877
;LAYER:2
;TYPE:WALL-INNER
;MESH:01_Prime_Insulator.STL
G1 F1800 E3.52079
G1 F3000 X84.952 Y46.815 E0.00877
G1 X84.581 Y46.528 E0.00615
G1 X84.199 Y46.261 E0.00611
G1 X83.99 Y46.125 E0.00327
G1 X83.609 Y45.893 E0.00585
G1 X83.172 Y45.651 E0.00655
G1 X82.732 Y45.435 E0.00643
G1 X82.367 Y45.278 E0.00521
G1 X82.136 Y45.186 E0.00326
G1 X81.92 Y45.105 E0.00302
G1 X81.527 Y44.969 E0.00545
G1 X81.04 Y44.824 E0.00666
G1 X80.579 Y44.711 E0.00622
G1 X80.144 Y44.627 E0.00581
G1 X79.679 Y44.555 E0.00617
G1 X79.254 Y44.506 E0.00561
G1 X78.766 Y44.474 E0.00641
G1 X78.519 Y44.465 E0.00324
G1 X78.068 Y44.466 E0.00591
G1 X77.83 Y44.474 E0.00312
G1 X77.371 Y44.503 E0.00603
G1 X76.912 Y44.553 E0.00605
G1 X76.676 Y44.588 E0.00313
G1 X76.229 Y44.666 E0.00595
G1 X75.996 Y44.712 E0.00311
G1 X75.538 Y44.826 E0.00619
G1 X75.099 Y44.954 E0.006
G1 X74.66 Y45.1 E0.00607
G1 X74.221 Y45.274 E0.00619
G1 X73.79 Y45.464 E0.00618
G1 X73.399 Y45.656 E0.00571
G1 X72.991 Y45.879 E0.0061
G1 X72.592 Y46.12 E0.00611
G1 X72.204 Y46.377 E0.0061
G1 X72.006 Y46.52 E0.0032
G1 X71.641 Y46.802 E0.00605
G1 X71.292 Y47.096 E0.00598
G1 X71.152 Y47.219 E0.00244
G1 X70.79 Y47.563 E0.00655
G1 X70.463 Y47.907 E0.00622
G1 X70.33 Y48.052 E0.00258
G1 X70.176 Y48.229 E0.00308
G1 X70.001 Y48.437 E0.00356
G1 X69.729 Y48.795 E0.0059
G1 X69.624 Y48.946 E0.00241
G1 X69.592 Y48.985 E0.00066
G1 X69.337 Y49.367 E0.00602
G1 X69.209 Y49.575 E0.0032
G1 X68.981 Y49.963 E0.0059
G1 X68.87 Y50.176 E0.00315
G1 X68.657 Y50.604 E0.00627
G1 X68.568 Y50.799 E0.00281
G1 X68.393 Y51.221 E0.00599
G1 X68.227 Y51.681 E0.00641
G1 X68.079 Y52.153 E0.00649
G1 X67.967 Y52.583 E0.00583
G1 X67.875 Y52.995 E0.00554
G1 X67.794 Y53.458 E0.00616
G1 X67.758 Y53.698 E0.00318
G1 X67.73 Y53.914 E0.00286
G1 X67.691 Y54.381 E0.00614
G1 X67.678 Y54.616 E0.00309
G1 X67.67 Y54.843 E0.00298
G1 X67.666 Y55.073 E0.00302
G1 X67.678 Y55.54 E0.00613
G1 X67.69 Y55.772 E0.00305
G1 X67.715 Y56.107 E0.00441
G1 X67.758 Y56.465 E0.00473
G1 X67.824 Y56.909 E0.00589
G1 X67.917 Y57.37 E0.00617
G1 X67.968 Y57.591 E0.00297
G1 X68.089 Y58.05 E0.00622
G1 X68.229 Y58.495 E0.00612
G1 X68.387 Y58.934 E0.00612
G1 X68.56 Y59.353 E0.00594
G1 X68.663 Y59.575 E0.00321
G1 X68.86 Y59.975 E0.00585
G1 X68.976 Y60.195 E0.00326
G1 X69.219 Y60.615 E0.00636
G1 X69.333 Y60.792 E0.00276
G1 X69.582 Y61.166 E0.00589
G1 X69.719 Y61.359 E0.0031
G1 X69.86 Y61.546 E0.00307
G1 X70.145 Y61.9 E0.00596
G1 X70.284 Y62.065 E0.00283
G1 X70.449 Y62.25 E0.00325
G1 X70.61 Y62.421 E0.00308
G1 X70.93 Y62.745 E0.00597
G1 X71.272 Y63.058 E0.00608
G1 X71.624 Y63.356 E0.00605
G1 X71.832 Y63.522 E0.00349
G1 X72.37 Y63.906 E0.00867
G1 X72.966 Y64.275 E0.00919
G1 X73.176 Y64.393 E0.00316
G1 X73.578 Y64.605 E0.00596
G1 X73.789 Y64.707 E0.00307
G1 X74.2 Y64.889 E0.00589
G1 X74.433 Y64.982 E0.00329
G1 X74.863 Y65.137 E0.00599
G1 X75.31 Y65.277 E0.00614
G1 X75.531 Y65.343 E0.00302
G1 X75.978 Y65.451 E0.00603
G1 X76.208 Y65.498 E0.00308
G1 X76.888 Y65.615 E0.00905
G1 X77.127 Y65.643 E0.00316
G1 X77.585 Y65.681 E0.00603
G1 X77.82 Y65.694 E0.00309
G1 X78.047 Y65.702 E0.00298
G1 X78.277 Y65.706 E0.00302
G1 X78.519 Y65.702 E0.00317
G1 X78.976 Y65.682 E0.006
G1 X79.311 Y65.657 E0.00441
G1 X79.649 Y65.619 E0.00446
G1 X79.904 Y65.58 E0.00338
G1 X80.347 Y65.502 E0.0059
G1 X80.8 Y65.405 E0.00607
G1 X81.259 Y65.28 E0.00624
G1 X81.692 Y65.144 E0.00595
G1 X82.029 Y65.025 E0.00469
G1 X82.445 Y64.858 E0.00588
G1 X82.975 Y64.618 E0.00763
G1 X83.396 Y64.396 E0.00624
G1 X83.801 Y64.161 E0.00614
G1 X84.033 Y64.017 E0.00358
G1 X84.367 Y63.795 E0.00526
G1 X84.753 Y63.509 E0.0063
G1 X84.937 Y63.366 E0.00306
G1 X85.283 Y63.077 E0.00591
G1 X85.62 Y62.769 E0.00599
G1 X85.795 Y62.601 E0.00318
G1 X85.965 Y62.428 E0.00318
G1 X86.121 Y62.252 E0.00308
G1 X86.278 Y62.081 E0.00304
G1 X86.716 Y61.553 E0.009
G1 X86.852 Y61.367 E0.00302
G1 X87.111 Y61 E0.00589
G1 X87.355 Y60.616 E0.00597
G1 X87.59 Y60.213 E0.00612
G1 X87.708 Y59.991 E0.0033
G1 X87.908 Y59.583 E0.00596
G1 X88.019 Y59.345 E0.00344
G1 X88.193 Y58.922 E0.006
G1 X88.339 Y58.514 E0.00568
G1 X88.496 Y58.012 E0.0069
G1 X88.544 Y57.842 E0.00232
G1 X88.603 Y57.611 E0.00313
G1 X88.656 Y57.387 E0.00302
G1 X88.748 Y56.939 E0.006
G1 X88.817 Y56.481 E0.00607
G1 X88.867 Y56.023 E0.00604
G1 X88.892 Y55.677 E0.00455
G1 X88.908 Y55.313 E0.00478
G1 X88.906 Y54.864 E0.00589
G1 X88.898 Y54.623 E0.00316
G1 X88.885 Y54.392 E0.00303
G1 X88.86 Y54.054 E0.00444
G1 X88.822 Y53.724 E0.00436
G1 X88.784 Y53.468 E0.00339
G1 X88.704 Y53.009 E0.00611
G1 X88.609 Y52.583 E0.00572
G1 X88.502 Y52.177 E0.00551
G1 X88.418 Y51.897 E0.00383
G1 X88.346 Y51.675 E0.00306
G1 X88.193 Y51.247 E0.00596
G1 X88.005 Y50.794 E0.00643
G1 X87.958 Y50.696 E0.00143
G1 X87.945 Y50.659 E0.00051
G1 X87.812 Y50.388 E0.00396
G1 X87.601 Y49.974 E0.00609
G1 X87.372 Y49.584 E0.00593
G1 X87.25 Y49.384 E0.00307
G1 X87.047 Y49.08 E0.00479
G1 X86.718 Y48.625 E0.00736
G1 X86.431 Y48.269 E0.006
G1 X86.278 Y48.088 E0.00311
G1 X86.12 Y47.91 E0.00312
G1 X85.974 Y47.755 E0.00279
G1 X85.805 Y47.582 E0.00317
G1 X85.461 Y47.249 E0.00628
G0 F18000 X85.678 Y47.02
G0 X87.062 Y48.651
G0 X87.941 Y50.064
G0 X88.668 Y51.818
G0 X89.075 Y53.664
G0 X89.166 Y55.32
G0 X89.004 Y56.976
G0 X88.591 Y58.587
G0 X87.943 Y60.106
G0 X87.065 Y61.517
G0 X85.985 Y62.778
G0 X84.726 Y63.858
G0 X83.312 Y64.737
G0 X81.785 Y65.389
G0 X80.669 Y65.688
G0 X78.543 Y66.082
G1 F2984.3 X78.776 Y66.073 E0.00307
G1 F2976.5 X79.014 Y66.059 E0.00315
G1 F3000 X79.375 Y66.031 E0.00475
G1 F3007.9 X79.737 Y65.99 E0.00476
G1 F2976.5 X80.191 Y65.918 E0.00608
G1 F2968.8 X80.669 Y65.823 E0.00646
G1 F2992.1 X80.914 Y65.767 E0.0033
G1 X81.155 Y65.705 E0.00327
G1 F2976.5 X81.364 Y65.647 E0.00287
G1 F2992.1 X81.838 Y65.494 E0.00655
G1 F3015.9 X82.178 Y65.372 E0.00471
G1 F3007.9 X82.604 Y65.203 E0.00599
G1 F2992.1 X82.929 Y65.057 E0.00468
G1 F3015.9 X83.18 Y64.937 E0.00363
G1 F3007.9 X83.387 Y64.832 E0.00304
G1 F2992.1 X83.605 Y64.713 E0.00327
G1 F3000 X84.021 Y64.473 E0.0063
G1 X84.256 Y64.324 E0.00365
G1 F3023.9 X84.601 Y64.093 E0.0054
G1 F3007.9 X84.793 Y63.954 E0.0031
G1 F2992.1 X85.175 Y63.662 E0.00632
G1 X85.558 Y63.341 E0.00657
G1 X85.91 Y63.016 E0.0063
G1 F3015.9 X86.075 Y62.855 E0.00301
G1 F3031.9 X86.261 Y62.665 E0.00345
G1 F3007.9 X86.559 Y62.338 E0.00579
G1 F2984.3 X86.868 Y61.967 E0.00636
G1 F3007.9 X87.031 Y61.762 E0.00343
G1 F3015.9 X87.298 Y61.395 E0.00592
G1 F3007.9 X87.446 Y61.179 E0.00342
G1 F3000 X87.682 Y60.81 E0.00574
G1 F2984.3 X87.816 Y60.584 E0.00346
G1 F3007.9 X87.934 Y60.372 E0.00317
G1 F3023.9 X88.043 Y60.168 E0.00301
G1 F3015.9 X88.258 Y59.73 E0.00636
G1 F3023.9 X88.367 Y59.49 E0.00343
G1 F3031.9 X88.549 Y59.049 E0.00619
G1 F3007.9 X88.717 Y58.58 E0.00652
G1 F2984.3 X88.861 Y58.117 E0.00639
G1 F3007.9 X88.917 Y57.914 E0.00275
G1 F3015.9 X89.032 Y57.446 E0.00629
G1 F3007.9 X89.119 Y57.014 E0.00576
G1 F3000 X89.16 Y56.758 E0.0034
G1 F2992.1 X89.196 Y56.5 E0.00342
G1 X89.222 Y56.281 E0.0029
G1 X89.256 Y55.933 E0.0046
G1 F3000 X89.271 Y55.697 E0.0031
G1 F3007.9 X89.285 Y55.304 E0.00514
G1 X89.286 Y54.835 E0.00613
G1 F2984.3 X89.277 Y54.592 E0.00321
G1 X89.246 Y54.12 E0.00624
G1 F2992.1 X89.223 Y53.886 E0.00309
G1 X89.194 Y53.645 E0.00319
G1 X89.158 Y53.4 E0.00326
G1 F2984.3 X89.119 Y53.17 E0.00308
G1 F2992.1 X89.071 Y52.913 E0.00344
G1 F2984.3 X88.973 Y52.473 E0.00594
G1 F2976.5 X88.913 Y52.236 E0.00323
G1 X88.86 Y52.043 E0.00265
G1 X88.698 Y51.531 E0.0071
G1 F2992.1 X88.522 Y51.048 E0.00676
G1 F3015.9 X88.35 Y50.64 E0.00578
G1 F3023.9 X88.275 Y50.473 E0.00238
G1 F3000 X88.044 Y50.006 E0.00683
G1 F3015.9 X87.932 Y49.793 E0.00314
G1 F3007.9 X87.794 Y49.55 E0.00365
G1 F2976.5 X87.689 Y49.373 E0.00272
G1 F2992.1 X87.555 Y49.157 E0.00334
G1 X87.433 Y48.972 E0.00291
G1 F2976.5 X87.299 Y48.777 E0.00313
G1 F2961 X87.163 Y48.588 E0.00309
G1 F2984.3 X86.996 Y48.365 E0.00367
G1 F3000 X86.71 Y48.009 E0.00599
G1 F2992.1 X86.404 Y47.659 E0.00611
G1 F3000 X86.208 Y47.451 E0.00375
G1 X86.055 Y47.295 E0.00287
G1 F3007.9 X85.718 Y46.971 E0.00611
G1 X85.529 Y46.805 E0.00329
G1 F3015.9 X85.186 Y46.517 E0.00584
G1 X84.777 Y46.202 E0.00673
G1 F3000 X84.387 Y45.93 E0.00623
G1 F2992.1 X83.991 Y45.679 E0.00616
G1 X83.77 Y45.548 E0.00338
G1 F3015.9 X83.338 Y45.312 E0.00642
G1 F3040 X82.879 Y45.088 E0.00661
G1 F3031.9 X82.717 Y45.015 E0.00231
G1 F3007.9 X82.497 Y44.922 E0.00312
G1 X82.256 Y44.826 E0.00339
G1 F3015.9 X82.032 Y44.742 E0.00312
G1 F3000 X81.796 Y44.659 E0.00328
G1 F2984.3 X81.372 Y44.526 E0.00586
G1 F3015.9 X81.118 Y44.455 E0.00344
G1 F3023.9 X80.901 Y44.399 E0.00292
G1 X80.651 Y44.341 E0.00334
G1 X80.427 Y44.295 E0.00297
G1 F3000 X80.158 Y44.245 E0.00359
G1 X79.702 Y44.176 E0.00605
G1 F3015.9 X79.278 Y44.129 E0.00556
G1 X79.013 Y44.109 E0.00347
G1 F3000 X78.508 Y44.086 E0.00663
G1 X78.033 Y44.087 E0.00623
G1 F2992.1 X77.567 Y44.109 E0.00613
G1 X77.339 Y44.125 E0.003
G1 F3007.9 X76.837 Y44.181 E0.00661
G1 F2992.1 X76.378 Y44.253 E0.00611
G1 X76.142 Y44.297 E0.00316
G1 F3023.9 X75.878 Y44.352 E0.00351
G1 F2992.1 X75.617 Y44.413 E0.00352
G1 F2976.5 X75.253 Y44.511 E0.00498
G1 F2992.1 X74.749 Y44.668 E0.00694
G1 F3007.9 X74.493 Y44.759 E0.00355
G1 F3015.9 X74.081 Y44.921 E0.00577
G1 F3000 X73.623 Y45.124 E0.00657
G1 F2992.1 X73.196 Y45.334 E0.00626
G1 X72.771 Y45.568 E0.00638
G1 F3000 X72.378 Y45.807 E0.00603
G1 F2992.1 X72.176 Y45.939 E0.00317
G1 F3000 X71.962 Y46.085 E0.0034
G1 F3015.9 X71.764 Y46.229 E0.00319
G1 F3000 X71.379 Y46.525 E0.00637
G1 F2984.3 X71.032 Y46.818 E0.00599
G1 F2992.1 X70.886 Y46.948 E0.00257
G1 F3007.9 X70.496 Y47.322 E0.00707
G1 F2992.1 X70.34 Y47.482 E0.00294
G1 F2976.5 X70.169 Y47.664 E0.0033
G1 F3000 X69.868 Y48.006 E0.00597
G1 F3015.9 X69.692 Y48.218 E0.00359
G1 X69.406 Y48.597 E0.00619
G1 F3007.9 X69.136 Y48.984 E0.00617
G1 F2992.1 X69.003 Y49.185 E0.00317
G1 F2984.3 X68.879 Y49.386 E0.00311
G1 F2992.1 X68.76 Y49.587 E0.00307
G1 F3007.9 X68.634 Y49.811 E0.00336
G1 X68.517 Y50.034 E0.00329
G1 X68.302 Y50.471 E0.00637
G1 F3023.9 X68.208 Y50.681 E0.00299
G1 F3015.9 X68.026 Y51.119 E0.00619
G1 F3000 X67.872 Y51.548 E0.00598
G1 F3007.9 X67.707 Y52.078 E0.00726
G1 F3000 X67.659 Y52.253 E0.00238
G1 F2984.3 X67.596 Y52.501 E0.00337
G1 F2976.5 X67.55 Y52.699 E0.00269
G1 F2984.3 X67.496 Y52.957 E0.00347
G1 X67.459 Y53.155 E0.00266
G1 F2968.8 X67.413 Y53.429 E0.00368
G1 F2992.1 X67.352 Y53.886 E0.00606
G1 F3007.9 X67.311 Y54.376 E0.00643
G1 F2992.1 X67.298 Y54.613 E0.00312
G1 X67.29 Y54.847 E0.00308
G1 F3000 X67.286 Y55.11 E0.00345
G1 X67.299 Y55.577 E0.00613
G1 F2992.1 X67.33 Y56.044 E0.00615
G1 F2984.3 X67.353 Y56.282 E0.00315
G1 X67.384 Y56.537 E0.00339
G1 F3000 X67.458 Y57.013 E0.00632
G1 F2992.1 X67.55 Y57.474 E0.00618
G1 F2976.5 X67.658 Y57.915 E0.006
G1 F2984.3 X67.732 Y58.179 E0.00361
G1 F2992.1 X67.873 Y58.626 E0.00616
G1 F2984.3 X67.949 Y58.841 E0.00301
G1 F3000 X68.043 Y59.089 E0.00348
G1 F3015.9 X68.224 Y59.53 E0.00622
G1 F2992.1 X68.326 Y59.751 E0.0032
G1 X68.533 Y60.168 E0.00612
G1 F3007.9 X68.659 Y60.403 E0.00349
G1 F3000 X68.763 Y60.586 E0.00276
G1 F3007.9 X68.917 Y60.845 E0.00394
G1 F3000 X69.139 Y61.19 E0.00538
G1 F2976.5 X69.281 Y61.399 E0.00334
G1 X69.423 Y61.599 E0.00324
G1 F2968.8 X69.711 Y61.97 E0.00622
G1 X69.88 Y62.177 E0.00354
G1 F2976.5 X70.032 Y62.354 E0.00308
G1 F2992.1 X70.187 Y62.526 E0.00304
G1 X70.509 Y62.86 E0.0061
G1 F3000 X70.696 Y63.045 E0.00345
G1 X70.828 Y63.168 E0.00237
G1 X71.043 Y63.361 E0.00379
G1 X71.4 Y63.664 E0.00614
G1 F3007.9 X71.61 Y63.827 E0.00348
G1 F3015.9 X71.795 Y63.963 E0.00299
G1 F3007.9 X72.197 Y64.245 E0.00642
G1 F3000 X72.395 Y64.371 E0.00308
G1 F2984.3 X72.798 Y64.617 E0.00622
G1 F2992.1 X73.014 Y64.737 E0.00325
G1 F3007.9 X73.434 Y64.956 E0.00619
G1 F3015.9 X73.651 Y65.059 E0.00313
G1 X74.111 Y65.262 E0.00656
G1 F2992.1 X74.543 Y65.428 E0.00608
G1 X74.774 Y65.507 E0.00321
G1 F3007.9 X75.231 Y65.65 E0.00626
G1 X75.433 Y65.708 E0.00275
G1 F2992.1 X75.644 Y65.762 E0.00286
G1 X75.919 Y65.826 E0.00371
G1 F3015.9 X76.161 Y65.876 E0.00322
G1 F2992.1 X76.359 Y65.913 E0.00265
G1 F2976.5 X76.614 Y65.956 E0.00342
G1 F3000 X76.851 Y65.992 E0.00314
G1 F3015.9 X77.115 Y66.022 E0.00347
G1 F3007.9 X77.58 Y66.061 E0.0061
G1 F2992.1 X77.817 Y66.074 E0.00312
G1 F3000 X78.051 Y66.082 E0.00307
G1 F3007.9 X78.305 Y66.086 E0.00332
G1 F3000 X78.543 Y66.082 E0.00312
G0 F18000 X75.936 Y65.709
G0 X74.349 Y65.227
G0 X72.847 Y64.508
G0 X71.48 Y63.571
G0 X70.427 Y62.606
G0 X69.376 Y61.324
G0 X68.637 Y60.107
G0 X67.99 Y58.59
G0 X67.575 Y56.976
G0 X67.42 Y55.557
G0 X67.474 Y53.909
G0 X67.721 Y52.502
G0 X68.149 Y51.144
G0 X68.867 Y49.647
G0 X69.802 Y48.28
G0 X70.937 Y47.068
G0 X72.054 Y46.172
G0 X73.265 Y45.436
G0 X74.132 Y45.066
G0 X76.362 Y44.195
G0 X76.309 Y43.878
G1 F3000 X76.784 Y43.806 E0.0063
G1 X77.3 Y43.748 E0.00681
G1 X77.538 Y43.73 E0.00313
G1 X78.016 Y43.707 E0.00628
G1 X78.508 Y43.706 E0.00645
G1 X79.03 Y43.73 E0.00685
G1 X79.27 Y43.748 E0.00316
G1 X79.766 Y43.801 E0.00654
G1 X80.216 Y43.87 E0.00597
G1 X80.495 Y43.921 E0.00372
G1 X80.991 Y44.03 E0.00666
G1 X81.47 Y44.158 E0.0065
G1 X81.94 Y44.305 E0.00646
G1 X82.411 Y44.479 E0.00658
G1 X82.638 Y44.57 E0.00321
G1 X82.865 Y44.667 E0.00324
G1 X83.088 Y44.769 E0.00322
G1 X83.538 Y44.99 E0.00657
G1 X83.759 Y45.107 E0.00328
G1 X83.956 Y45.217 E0.00296
G1 X84.184 Y45.351 E0.00347
G1 X84.591 Y45.61 E0.00633
G1 X84.996 Y45.892 E0.00647
G1 X85.209 Y46.051 E0.00349
G1 X85.601 Y46.369 E0.00662
G1 X85.821 Y46.555 E0.00378
G1 X86.154 Y46.862 E0.00594
G1 X86.321 Y47.024 E0.00305
G1 X86.479 Y47.185 E0.00296
G1 X86.656 Y47.373 E0.00339
G1 X86.841 Y47.577 E0.00361
G1 X86.999 Y47.762 E0.00319
G1 X87.159 Y47.957 E0.00331
G1 X87.466 Y48.355 E0.00659
G1 X87.609 Y48.555 E0.00322
G1 X87.748 Y48.759 E0.00324
G1 X87.873 Y48.95 E0.00299
G1 X88.121 Y49.353 E0.0062
G1 X88.378 Y49.825 E0.00705
G1 X88.588 Y50.248 E0.00619
G1 X88.636 Y50.352 E0.0015
G1 X88.872 Y50.9 E0.00782
G1 X89.056 Y51.402 E0.00701
G1 X89.217 Y51.911 E0.007
G1 X89.22 Y51.912 E0.00004
G1 X89.329 Y52.325 E0.0056
G1 X89.398 Y52.619 E0.00396
G1 X89.493 Y53.101 E0.00644
G1 X89.543 Y53.397 E0.00394
G1 X89.601 Y53.84 E0.00586
G1 X89.624 Y54.086 E0.00324
G1 X89.658 Y54.569 E0.00635
G1 X89.666 Y54.835 E0.00349
G1 X89.666 Y55.217 E0.00501
G1 X89.662 Y55.465 E0.00325
G1 X89.635 Y55.956 E0.00645
G1 X89.601 Y56.317 E0.00475
G1 X89.537 Y56.81 E0.00652
G1 X89.496 Y57.053 E0.00323
G1 X89.404 Y57.522 E0.00627
G1 X89.346 Y57.768 E0.00331
G1 X89.229 Y58.214 E0.00605
G1 X89.069 Y58.727 E0.00705
G1 X89.062 Y58.739 E0.00018
G1 X88.981 Y58.973 E0.00325
G1 X88.894 Y59.206 E0.00326
G1 X88.714 Y59.638 E0.00614
G1 X88.603 Y59.886 E0.00356
G1 X88.383 Y60.334 E0.00654
G1 X88.143 Y60.78 E0.00664
G1 X88.008 Y61.005 E0.00344
G1 X87.889 Y61.193 E0.00292
G1 X87.611 Y61.61 E0.00657
G1 X87.473 Y61.802 E0.0031
G1 X87.333 Y61.989 E0.00306
G1 X87.167 Y62.202 E0.00354
G1 X86.852 Y62.581 E0.00646
G1 X86.683 Y62.767 E0.0033
G1 X86.536 Y62.923 E0.00281
G1 X86.154 Y63.308 E0.00711
G1 X85.815 Y63.622 E0.00606
G1 X85.649 Y63.765 E0.00287
G1 X85.601 Y63.799 E0.00077
G1 X85.419 Y63.953 E0.00313
G1 X85.229 Y64.102 E0.00317
G1 X85.022 Y64.258 E0.0034
G1 X84.606 Y64.547 E0.00664
G1 X84.224 Y64.795 E0.00597
G1 X83.573 Y65.165 E0.00982
G1 X83.098 Y65.398 E0.00694
G1 X82.874 Y65.5 E0.00323
G1 X82.628 Y65.604 E0.0035
G1 X82.186 Y65.774 E0.00621
G1 X81.738 Y65.93 E0.00622
G1 X81.499 Y66.005 E0.00328
G1 X80.989 Y66.14 E0.00692
G1 X80.755 Y66.193 E0.00315
G1 X80.266 Y66.293 E0.00654
G1 X80.04 Y66.33 E0.003
G1 X79.79 Y66.366 E0.00331
G1 X79.533 Y66.396 E0.00339
G1 X79.277 Y66.42 E0.00337
G1 X78.799 Y66.454 E0.00628
G1 X78.31 Y66.466 E0.00641
G1 X77.777 Y66.452 E0.00699
G1 X77.557 Y66.439 E0.00289
G1 X77.08 Y66.399 E0.00628
G1 X76.805 Y66.367 E0.00363
G1 X76.562 Y66.333 E0.00322
G1 X76.32 Y66.292 E0.00322
G1 X76.318 Y66.294 E0.00004
G1 X75.842 Y66.197 E0.00637
G1 X75.557 Y66.133 E0.00383
G1 X75.334 Y66.073 E0.00303
G1 X74.869 Y65.937 E0.00635
G1 X74.423 Y65.79 E0.00616
G1 X73.944 Y65.603 E0.00674
G1 X73.496 Y65.404 E0.00643
G1 X73.032 Y65.178 E0.00677
G1 X72.614 Y64.949 E0.00625
G1 X72.388 Y64.815 E0.00345
G1 X71.991 Y64.562 E0.00617
G1 X71.763 Y64.406 E0.00362
G1 X71.563 Y64.264 E0.00322
G1 X71.168 Y63.965 E0.0065
G1 X70.979 Y63.806 E0.00324
G1 X70.574 Y63.452 E0.00705
G1 X70.243 Y63.131 E0.00605
G1 X70.082 Y62.967 E0.00301
G1 X69.91 Y62.785 E0.00328
G1 X69.75 Y62.609 E0.00312
G1 X69.575 Y62.407 E0.0035
G1 X69.564 Y62.39 E0.00027
G1 X69.417 Y62.212 E0.00303
G1 X69.122 Y61.832 E0.00631
G1 X68.825 Y61.406 E0.00681
G1 X68.694 Y61.205 E0.00315
G1 X68.438 Y60.783 E0.00647
G1 X68.199 Y60.346 E0.00653
G1 X67.986 Y59.92 E0.00625
G1 X67.872 Y59.673 E0.00357
G1 X67.777 Y59.442 E0.00328
G1 X67.594 Y58.978 E0.00654
G1 X67.514 Y58.749 E0.00318
G1 X67.359 Y58.257 E0.00676
G1 X67.247 Y57.847 E0.00557
G1 X67.179 Y57.56 E0.00387
G1 X67.086 Y57.083 E0.00637
G1 X67.033 Y56.771 E0.00415
G1 X66.975 Y56.328 E0.00586
G1 X66.952 Y56.078 E0.00329
G1 X66.917 Y55.571 E0.00666
G1 X66.906 Y55.115 E0.00598
G1 X66.911 Y54.835 E0.00367
G1 X66.92 Y54.573 E0.00344
G1 X66.933 Y54.353 E0.00289
G1 X66.973 Y53.876 E0.00628
G1 X67.005 Y53.603 E0.0036
G1 X67.036 Y53.377 E0.00299
G1 X67.08 Y53.116 E0.00347
G1 X67.078 Y53.114 E0.00004
G1 X67.177 Y52.618 E0.00663
G1 X67.291 Y52.158 E0.00621
G1 X67.361 Y51.909 E0.00339
G1 X67.505 Y51.454 E0.00626
G1 X67.67 Y50.99 E0.00646
G1 X67.772 Y50.737 E0.00358
G1 X67.945 Y50.349 E0.00557
G1 X67.957 Y50.316 E0.00046
G1 X68.177 Y49.866 E0.00657
G1 X68.301 Y49.633 E0.00346
G1 X68.428 Y49.403 E0.00345
G1 X68.553 Y49.191 E0.00323
G1 X68.68 Y48.985 E0.00317
G1 X68.82 Y48.774 E0.00332
G1 X69.097 Y48.379 E0.00633
G1 X69.259 Y48.158 E0.00359
G1 X69.395 Y47.984 E0.0029
G1 X69.57 Y47.775 E0.00357
G1 X69.883 Y47.413 E0.00628
G1 X70.062 Y47.221 E0.00344
G1 X70.435 Y46.852 E0.00688
G1 X70.775 Y46.537 E0.00608
G1 X71.135 Y46.234 E0.00617
G1 X71.357 Y46.058 E0.00371
G1 X71.742 Y45.778 E0.00624
G1 X71.959 Y45.627 E0.00347
G1 X72.162 Y45.498 E0.00315
G1 X72.175 Y45.487 E0.00022
G1 X72.381 Y45.358 E0.00319
G1 X72.579 Y45.241 E0.00302
G1 X72.812 Y45.11 E0.00351
G1 X73.018 Y44.999 E0.00307
G1 X73.251 Y44.882 E0.00342
G1 X73.461 Y44.782 E0.00305
G1 X73.927 Y44.574 E0.00669
G1 X74.357 Y44.407 E0.00605
G1 X74.621 Y44.31 E0.00369
G1 X75.149 Y44.146 E0.00725
G1 X75.52 Y44.043 E0.00505
G1 X76.063 Y43.926 E0.00728
G1 X76.309 Y43.878 E0.00329
G0 F18000 X76.362 Y44.195
G0 X73.685 Y45.228
G0 X72.444 Y45.911
G0 X71.119 Y46.904
G0 X69.958 Y48.09
G0 X68.989 Y49.44
G0 X68.328 Y50.712
G0 X67.843 Y52.047
G0 X67.503 Y53.663
G0 X67.409 Y55.091
G0 X67.504 Y56.51
G0 X67.844 Y58.129
G0 X68.431 Y59.69
G0 X69.173 Y61.022
G0 X70.114 Y62.264
G0 X71.297 Y63.421
G0 X72.449 Y64.264
G0 X73.909 Y65.045
G0 X75.474 Y65.595
G0 X75.938 Y65.682
G0 X78.545 Y66.142
G0 X78.566 Y66.842
;TYPE:WALL-OUTER
G1 F1500 X78.822 Y66.833 E0.00336
G1 X79.311 Y66.798 E0.00643
G1 X79.577 Y66.774 E0.0035
G1 X79.843 Y66.742 E0.00351
G1 X80.308 Y66.672 E0.00617
G1 X80.841 Y66.563 E0.00713
G1 X81.075 Y66.51 E0.00315
G1 X81.352 Y66.439 E0.00375
G1 X81.613 Y66.367 E0.00355
G1 X81.861 Y66.289 E0.00341
G1 X82.321 Y66.129 E0.00639
G1 X82.776 Y65.954 E0.00639
G1 X83.032 Y65.846 E0.00364
G1 X83.267 Y65.738 E0.00339
G1 X83.739 Y65.507 E0.00689
G1 X84.147 Y65.278 E0.00614
G1 X84.426 Y65.117 E0.00422
G1 X84.82 Y64.861 E0.00616
G1 X85.25 Y64.562 E0.00687
G1 X85.463 Y64.401 E0.0035
G1 X85.663 Y64.244 E0.00333
G1 X85.86 Y64.079 E0.00337
G1 X85.866 Y64.079 E0.00008
G1 X86.071 Y63.902 E0.00355
G1 X86.42 Y63.58 E0.00623
G1 X86.616 Y63.385 E0.00363
G1 X86.813 Y63.183 E0.0037
G1 X86.963 Y63.024 E0.00287
G1 X87.144 Y62.824 E0.00354
G1 X87.466 Y62.436 E0.00661
G1 X87.637 Y62.217 E0.00364
G1 X87.781 Y62.024 E0.00316
G1 X87.924 Y61.825 E0.00321
G1 X88.21 Y61.397 E0.00675
G1 X88.334 Y61.199 E0.00306
G1 X88.484 Y60.946 E0.00386
G1 X88.736 Y60.476 E0.00699
G1 X88.949 Y60.044 E0.00632
G1 X89.055 Y59.811 E0.00336
G1 X89.154 Y59.576 E0.00334
G1 X89.249 Y59.34 E0.00334
G1 X89.34 Y59.097 E0.0034
G1 X89.417 Y58.877 E0.00306
G1 X89.42 Y58.875 E0.00005
G1 X89.504 Y58.617 E0.00356
G1 X89.596 Y58.311 E0.00419
G1 X89.715 Y57.858 E0.00614
G1 X89.77 Y57.63 E0.00308
G1 X89.877 Y57.095 E0.00715
G1 X89.874 Y57.092 E0.00006
G1 X89.913 Y56.863 E0.00305
G1 X89.979 Y56.354 E0.00673
G1 X90.014 Y55.993 E0.00476
G1 X90.042 Y55.471 E0.00685
G1 X90.046 Y55.217 E0.00333
G1 X90.046 Y54.835 E0.00501
G1 X90.037 Y54.546 E0.00379
G1 X90.002 Y54.051 E0.00651
G1 X89.978 Y53.794 E0.00338
G1 X89.918 Y53.334 E0.00608
G1 X89.867 Y53.031 E0.00403
G1 X89.768 Y52.533 E0.00666
G1 X89.697 Y52.23 E0.00408
G1 X89.578 Y51.781 E0.00609
G1 X89.573 Y51.779 E0.00007
G1 X89.414 Y51.274 E0.00694
G1 X89.222 Y50.752 E0.00729
G1 X88.983 Y50.198 E0.00791
G1 X88.929 Y50.08 E0.0017
G1 X88.712 Y49.644 E0.00639
G1 X88.447 Y49.157 E0.00727
G1 X88.191 Y48.742 E0.00639
G1 X88.063 Y48.546 E0.00307
G1 X87.919 Y48.334 E0.00336
G1 X87.768 Y48.124 E0.00339
G1 X87.453 Y47.715 E0.00677
G1 X87.287 Y47.514 E0.00342
G1 X87.124 Y47.324 E0.00328
G1 X86.931 Y47.111 E0.00377
G1 X86.79 Y46.963 E0.00268
G1 X86.791 Y46.96 E0.00004
G1 X86.587 Y46.753 E0.00381
G1 X86.414 Y46.585 E0.00316
G1 X86.204 Y46.389 E0.00377
G1 X86.02 Y46.225 E0.00323
G1 X85.843 Y46.076 E0.00303
G1 X85.437 Y45.747 E0.00685
G1 X85.215 Y45.582 E0.00363
G1 X84.795 Y45.29 E0.00671
G1 X84.378 Y45.024 E0.00649
G1 X84.142 Y44.886 E0.00358
G1 X83.939 Y44.772 E0.00305
G1 X83.705 Y44.648 E0.00347
G1 X83.248 Y44.425 E0.00667
G1 X83.015 Y44.317 E0.00337
G1 X82.545 Y44.123 E0.00667
G1 X82.087 Y43.956 E0.00639
G1 X82.084 Y43.952 E0.00007
G1 X81.568 Y43.791 E0.00709
G1 X81.082 Y43.661 E0.0066
G1 X80.563 Y43.547 E0.00697
G1 X80.274 Y43.495 E0.00385
G1 X79.808 Y43.423 E0.00618
G1 X79.3 Y43.369 E0.0067
G1 X79.048 Y43.35 E0.00331
G1 X78.508 Y43.326 E0.00709
G1 X77.999 Y43.327 E0.00667
G1 X77.509 Y43.351 E0.00643
G1 X77.26 Y43.37 E0.00327
G1 X76.731 Y43.43 E0.00698
G1 X76.261 Y43.501 E0.00623
G1 X76.008 Y43.548 E0.00337
G1 X75.423 Y43.676 E0.00785
G1 X74.963 Y43.804 E0.00626
G1 X74.505 Y43.948 E0.0063
G1 X74.259 Y44.037 E0.00343
G1 X73.773 Y44.227 E0.00684
G1 X73.263 Y44.456 E0.00733
G1 X73.081 Y44.542 E0.00264
G1 X72.84 Y44.664 E0.00354
G1 X72.626 Y44.778 E0.00318
G1 X72.387 Y44.913 E0.0036
G1 X72.177 Y45.037 E0.0032
G1 X71.742 Y45.315 E0.00677
G1 X71.543 Y45.453 E0.00318
G1 X71.119 Y45.762 E0.00688
G1 X70.891 Y45.943 E0.00382
G1 X70.519 Y46.257 E0.00638
G1 X70.169 Y46.58 E0.00625
G1 X69.785 Y46.961 E0.00709
G1 X69.617 Y47.14 E0.00322
G1 X69.279 Y47.53 E0.00677
G1 X69.096 Y47.75 E0.00375
G1 X68.953 Y47.932 E0.00304
G1 X68.817 Y48.116 E0.003
G1 X68.504 Y48.563 E0.00716
G1 X68.368 Y48.767 E0.00321
G1 X68.227 Y48.996 E0.00353
G1 X68.096 Y49.219 E0.00339
G1 X67.979 Y49.427 E0.00313
G1 X67.837 Y49.698 E0.00401
G1 X67.611 Y50.16 E0.00674
G1 X67.421 Y50.593 E0.0062
G1 X67.313 Y50.861 E0.00379
G1 X67.152 Y51.305 E0.00619
G1 X66.996 Y51.804 E0.00686
G1 X66.923 Y52.063 E0.00353
G1 X66.806 Y52.537 E0.0064
G1 X66.699 Y53.074 E0.00718
G1 X66.702 Y53.076 E0.00005
G1 X66.66 Y53.324 E0.0033
G1 X66.597 Y53.805 E0.00636
G1 X66.574 Y54.065 E0.00342
G1 X66.538 Y54.589 E0.00689
G1 X66.53 Y54.835 E0.00323
G1 X66.526 Y55.121 E0.00375
G1 X66.537 Y55.583 E0.00606
G1 X66.555 Y55.866 E0.00372
G1 X66.598 Y56.374 E0.00669
G1 X66.654 Y56.809 E0.00575
G1 X66.712 Y57.154 E0.00459
G1 X66.809 Y57.646 E0.00658
G1 X66.879 Y57.944 E0.00401
G1 X66.999 Y58.387 E0.00602
G1 X67.003 Y58.389 E0.00006
G1 X67.161 Y58.89 E0.00689
G1 X67.229 Y59.088 E0.00275
G1 X67.426 Y59.588 E0.00705
G1 X67.526 Y59.829 E0.00342
G1 X67.646 Y60.09 E0.00377
G1 X67.857 Y60.513 E0.0062
G1 X67.995 Y60.769 E0.00381
G1 X68.113 Y60.98 E0.00317
G1 X68.375 Y61.411 E0.00661
G1 X68.512 Y61.622 E0.0033
G1 X68.801 Y62.039 E0.00665
G1 X69.123 Y62.453 E0.00688
G1 X69.269 Y62.63 E0.00301
G1 X69.271 Y62.636 E0.00008
G1 X69.468 Y62.864 E0.00395
G1 X69.632 Y63.044 E0.00319
G1 X69.81 Y63.233 E0.0034
G1 X70.173 Y63.595 E0.00672
G1 X70.321 Y63.735 E0.00267
G1 X70.735 Y64.097 E0.00721
G1 X70.936 Y64.265 E0.00344
G1 X71.352 Y64.58 E0.00684
G1 X71.548 Y64.72 E0.00316
G1 X71.784 Y64.881 E0.00375
G1 X72.192 Y65.141 E0.00634
G1 X72.403 Y65.267 E0.00322
G1 X72.856 Y65.515 E0.00677
G1 X73.34 Y65.75 E0.00706
G1 X73.773 Y65.941 E0.00621
G1 X73.776 Y65.946 E0.00008
G1 X74.285 Y66.145 E0.00717
G1 X74.758 Y66.301 E0.00653
G1 X75.021 Y66.381 E0.0036
G1 X75.471 Y66.502 E0.00611
G1 X75.991 Y66.617 E0.00698
G1 X76.278 Y66.673 E0.00383
G1 X76.28 Y66.67 E0.00005
G1 X76.509 Y66.709 E0.00305
G1 X77.009 Y66.775 E0.00661
G1 X77.269 Y66.798 E0.00342
G1 X77.793 Y66.834 E0.00689
G1 X78.316 Y66.846 E0.00686
G1 X78.566 Y66.842 E0.00328
G0 F18000 X78.766 Y66.835
G0 X78.745 Y66.136
G0 X78.535 Y66.024
G0 X78.512 Y65.322
G1 F1500 X78.284 Y65.326 E0.00299
G1 X78.061 Y65.322 E0.00292
G1 X77.616 Y65.302 E0.00584
G1 X77.17 Y65.265 E0.00587
G1 X76.949 Y65.24 E0.00292
G1 X76.285 Y65.126 E0.00883
G1 X76.067 Y65.081 E0.00292
G1 X75.625 Y64.974 E0.00596
G1 X75.423 Y64.914 E0.00276
G1 X74.991 Y64.779 E0.00593
G1 X74.573 Y64.629 E0.00582
G1 X74.354 Y64.542 E0.00309
G1 X73.953 Y64.364 E0.00575
G1 X73.755 Y64.269 E0.00288
G1 X73.362 Y64.062 E0.00582
G1 X73.164 Y63.951 E0.00298
G1 X72.59 Y63.596 E0.00885
G1 X72.23 Y63.341 E0.00578
G1 X72.049 Y63.209 E0.00294
G1 X71.869 Y63.066 E0.00301
G1 X71.528 Y62.777 E0.00586
G1 X71.2 Y62.478 E0.00582
G1 X70.886 Y62.159 E0.00587
G1 X70.733 Y61.998 E0.00291
G1 X70.574 Y61.819 E0.00314
G1 X70.44 Y61.66 E0.00273
G1 X70.164 Y61.318 E0.00576
G1 X70.029 Y61.139 E0.00294
G1 X69.898 Y60.954 E0.00297
G1 X69.708 Y60.672 E0.00446
G1 X69.547 Y60.424 E0.00388
G1 X69.312 Y60.019 E0.00614
G1 X69.201 Y59.808 E0.00313
G1 X69.007 Y59.413 E0.00577
G1 X68.912 Y59.209 E0.00295
G1 X68.741 Y58.793 E0.0059
G1 X68.591 Y58.379 E0.00577
G1 X68.456 Y57.95 E0.0059
G1 X68.338 Y57.504 E0.00605
G1 X68.289 Y57.294 E0.00283
G1 X68.2 Y56.853 E0.0059
G1 X68.135 Y56.419 E0.00575
G1 X68.094 Y56.079 E0.00449
G1 X68.07 Y55.751 E0.00431
G1 X68.058 Y55.53 E0.0029
G1 X68.046 Y55.08 E0.0059
G1 X68.05 Y54.857 E0.00292
G1 X68.07 Y54.412 E0.00584
G1 X68.107 Y53.963 E0.00591
G1 X68.138 Y53.732 E0.00306
G1 X68.142 Y53.721 E0.00015
G1 X68.168 Y53.523 E0.00262
G1 X68.246 Y53.078 E0.00592
G1 X68.338 Y52.666 E0.00554
G1 X68.396 Y52.438 E0.00308
G1 X68.45 Y52.241 E0.00268
G1 X68.593 Y51.787 E0.00624
G1 X68.744 Y51.367 E0.00585
G1 X68.912 Y50.962 E0.00575
G1 X68.976 Y50.829 E0.00194
G1 X68.973 Y50.825 E0.00007
G1 X69.207 Y50.352 E0.00692
G1 X69.311 Y50.153 E0.00294
G1 X69.42 Y49.962 E0.00288
G1 X69.653 Y49.578 E0.00589
G1 X69.913 Y49.19 E0.00612
G1 X69.918 Y49.188 E0.00007
G1 X70.032 Y49.025 E0.00261
G1 X70.302 Y48.67 E0.00585
G1 X70.448 Y48.494 E0.003
G1 X70.612 Y48.307 E0.00326
G1 X70.738 Y48.169 E0.00245
G1 X71.052 Y47.838 E0.00598
G1 X71.402 Y47.505 E0.00633
G1 X71.537 Y47.386 E0.00236
G1 X71.875 Y47.102 E0.00579
G1 X72.231 Y46.826 E0.00591
G1 X72.414 Y46.693 E0.00297
G1 X72.789 Y46.445 E0.0059
G1 X73.173 Y46.213 E0.00588
G1 X73.567 Y45.997 E0.00589
G1 X73.944 Y45.812 E0.00551
G1 X74.361 Y45.627 E0.00598
G1 X74.782 Y45.46 E0.00594
G1 X75.209 Y45.318 E0.0059
G1 X75.49 Y45.233 E0.00385
G1 X75.493 Y45.236 E0.00006
G1 X75.631 Y45.195 E0.00189
G1 X76.07 Y45.085 E0.00593
G1 X76.295 Y45.04 E0.00301
G1 X76.732 Y44.964 E0.00582
G1 X76.954 Y44.931 E0.00294
G1 X77.395 Y44.882 E0.00582
G1 X77.844 Y44.854 E0.0059
G1 X78.068 Y44.846 E0.00294
G1 X78.512 Y44.845 E0.00582
G1 X78.741 Y44.854 E0.00301
G1 X79.239 Y44.887 E0.00654
G1 X79.621 Y44.931 E0.00504
G1 X80.072 Y45.001 E0.00598
G1 X80.514 Y45.087 E0.0059
G1 X80.946 Y45.193 E0.00583
G1 X81.403 Y45.328 E0.00625
G1 X81.787 Y45.461 E0.00533
G1 X81.995 Y45.539 E0.00291
G1 X82.219 Y45.628 E0.00316
G1 X82.433 Y45.72 E0.00305
G1 X82.543 Y45.771 E0.00159
G1 X82.546 Y45.769 E0.00005
G1 X83.012 Y45.997 E0.0068
G1 X83.411 Y46.217 E0.00597
G1 X83.784 Y46.444 E0.00573
G1 X83.981 Y46.572 E0.00308
G1 X84.349 Y46.829 E0.00589
G1 X84.707 Y47.106 E0.00594
G1 X85.075 Y47.417 E0.00632
G1 X85.204 Y47.531 E0.00226
G1 X85.533 Y47.847 E0.00598
G1 X85.698 Y48.016 E0.0031
G1 X85.835 Y48.162 E0.00263
G1 X86.136 Y48.508 E0.00601
G1 X86.41 Y48.848 E0.00573
G1 X86.731 Y49.29 E0.00716
G1 X86.926 Y49.584 E0.00463
G1 X87.044 Y49.776 E0.00296
G1 X87.27 Y50.161 E0.00585
G1 X87.471 Y50.556 E0.00581
G1 X87.603 Y50.826 E0.00394
G1 X87.6 Y50.829 E0.00006
G1 X87.66 Y50.954 E0.00182
G1 X87.835 Y51.375 E0.00598
G1 X87.985 Y51.793 E0.00582
G1 X88.054 Y52.005 E0.00292
G1 X88.136 Y52.277 E0.00373
G1 X88.238 Y52.666 E0.00527
G1 X88.331 Y53.086 E0.00564
G1 X88.372 Y53.308 E0.00296
G1 X88.445 Y53.766 E0.00608
G1 X88.482 Y54.093 E0.00432
G1 X88.506 Y54.413 E0.00421
G1 X88.518 Y54.637 E0.00294
G1 X88.526 Y54.864 E0.00298
G1 X88.527 Y55.307 E0.00581
G1 X88.512 Y55.657 E0.00459
G1 X88.489 Y55.981 E0.00426
G1 X88.441 Y56.425 E0.00586
G1 X88.375 Y56.863 E0.00581
G1 X88.286 Y57.3 E0.00585
G1 X88.235 Y57.518 E0.00294
G1 X88.179 Y57.737 E0.00296
G1 X88.118 Y57.949 E0.00289
G1 X87.982 Y58.385 E0.00599
G1 X87.832 Y58.801 E0.0058
G1 X87.668 Y59.198 E0.00563
G1 X87.567 Y59.416 E0.00315
G1 X87.372 Y59.813 E0.0058
G1 X87.261 Y60.023 E0.00311
G1 X87.025 Y60.426 E0.00612
G1 X86.8 Y60.782 E0.00552
G1 X86.545 Y61.143 E0.0058
G1 X86.411 Y61.325 E0.00296
G1 X85.997 Y61.825 E0.00851
G1 X85.693 Y62.162 E0.00595
G1 X85.529 Y62.329 E0.00307
G1 X85.364 Y62.489 E0.00301
G1 X85.039 Y62.786 E0.00577
G1 X84.704 Y63.066 E0.00573
G1 X84.526 Y63.205 E0.00296
G1 X84.157 Y63.479 E0.00603
G1 X83.833 Y63.694 E0.0051
G1 X83.596 Y63.841 E0.00366
G1 X83.218 Y64.06 E0.00573
G1 X82.816 Y64.273 E0.00597
G1 X82.303 Y64.505 E0.00738
G1 X81.888 Y64.671 E0.00586
G1 X81.578 Y64.782 E0.00432
G1 X81.153 Y64.915 E0.00584
G1 X80.94 Y64.976 E0.00291
G1 X80.718 Y65.034 E0.00301
G1 X80.281 Y65.128 E0.00586
G1 X79.846 Y65.204 E0.00579
G1 X79.606 Y65.241 E0.00318
G1 X79.283 Y65.278 E0.00426
G1 X78.955 Y65.302 E0.00431
G1 X78.512 Y65.322 E0.00581
G0 F18000 X78.312 Y65.325
G1 F1800 E-3.5
;MESH:Full_Asse_Dielectric_Part.STL
G0 F18000 X78.317 Y66.026
G0 X80.791 Y66.352
G0 X81.092 Y67.77
G0 X85.154 Y96.21
G0 X135.039 Y97.421
;TYPE:SKIN
G1 F1800 E3.52079
G1 F8400 X135.079 Y97.421 E0.00066
G1 X135.079 Y97.461
G1 X135.079 Y97.999 E0.00892
G1 X134.502 Y97.421 E0.01355
G1 X133.964 Y97.421 E0.00892
G1 X135.079 Y98.536 E0.02616
G1 X135.079 Y99.073 E0.00891
G1 X133.427 Y97.421 E0.03876
G1 X132.889 Y97.421 E0.00892
G1 X135.079 Y99.611 E0.05138
G1 X135.079 Y100.148 E0.00891
G1 X132.352 Y97.421 E0.06397
G1 X131.815 Y97.421 E0.00891
G1 X135.079 Y100.686 E0.07658
G1 X135.079 Y101.223 E0.00891
G1 X131.277 Y97.421 E0.08919
G1 X130.74 Y97.421 E0.00891
G1 X135.079 Y101.76 E0.10179
G1 X135.079 Y102.298 E0.00892
G1 X130.202 Y97.421 E0.11441
G1 X129.665 Y97.421 E0.00891
G1 X135.079 Y102.835 E0.12701
G1 X135.079 Y103.373 E0.00892
G1 X129.128 Y97.421 E0.13962
G1 X128.59 Y97.421 E0.00892
G1 X135.079 Y103.91 E0.15223
G1 X135.079 Y104.447 E0.00891
G1 X128.053 Y97.421 E0.16483
G1 X127.515 Y97.421 E0.00892
G1 X135.079 Y104.985 E0.17745
G1 X135.079 Y105.522 E0.00891
G1 X126.978 Y97.421 E0.19005
G1 X126.441 Y97.421 E0.00891
G1 X135.079 Y106.06 E0.20266
G1 X135.079 Y106.597 E0.00891
G1 X125.903 Y97.421 E0.21527
G1 X125.366 Y97.421 E0.00891
G1 X135.079 Y107.134 E0.22786
G1 X135.079 Y107.672 E0.00892
G1 X124.828 Y97.421 E0.24049
G1 X124.291 Y97.421 E0.00891
G1 X135.079 Y108.209 E0.25308
G1 X135.079 Y108.747 E0.00892
G1 X123.754 Y97.421 E0.26569
G1 X123.216 Y97.421 E0.00892
G1 X135.079 Y109.284 E0.2783
G1 X135.079 Y109.821 E0.00891
G1 X122.679 Y97.421 E0.2909
G1 X122.141 Y97.421 E0.00892
G1 X135.079 Y110.359 E0.30352
G1 X135.079 Y110.896 E0.00891
G1 X121.604 Y97.421 E0.31612
G1 X121.067 Y97.421 E0.00891
G1 X135.079 Y111.434 E0.32873
G1 X135.079 Y111.971 E0.00891
G1 X120.529 Y97.421 E0.34134
G1 X119.992 Y97.421 E0.00891
G1 X135.079 Y112.508 E0.35394
G1 X135.079 Y113.046 E0.00892
G1 X119.454 Y97.421 E0.36656
G1 X118.917 Y97.421 E0.00891
G1 X135.079 Y113.583 E0.37916
G1 X135.079 Y114.121 E0.00892
G1 X118.38 Y97.421 E0.39176
G1 X117.842 Y97.421 E0.00892
G1 X135.079 Y114.658 E0.40437
G1 X135.079 Y115.195 E0.00891
G1 X117.305 Y97.421 E0.41697
G1 X116.767 Y97.421 E0.00892
G1 X135.079 Y115.733 E0.42959
G1 X135.079 Y116.27 E0.00891
G1 X116.23 Y97.421 E0.44219
G1 X115.693 Y97.421 E0.00891
G1 X135.079 Y116.808 E0.4548
G1 X135.079 Y117.345 E0.00891
G1 X115.155 Y97.421 E0.46741
G1 X114.618 Y97.421 E0.00891
G1 X135.079 Y117.882 E0.48001
G1 X135.079 Y118.42 E0.00892
G1 X114.08 Y97.421 E0.49263
G1 X113.543 Y97.421 E0.00891
G1 X135.079 Y118.957 E0.50523
G1 X135.079 Y119.495 E0.00892
G1 X113.006 Y97.421 E0.51784
G1 X112.468 Y97.421 E0.00892
G1 X135.079 Y120.032 E0.53045
G1 X135.079 Y120.569 E0.00891
G1 X111.931 Y97.421 E0.54304
G1 X111.393 Y97.421 E0.00892
G1 X135.079 Y121.107 E0.55567
G1 X135.079 Y121.644 E0.00891
G1 X110.856 Y97.421 E0.56826
G1 X110.319 Y97.421 E0.00891
G1 X135.079 Y122.182 E0.58087
G1 X135.079 Y122.579 E0.00659
G1 X134.939 Y122.579 E0.00232
G1 X109.781 Y97.421 E0.5902
G1 X109.244 Y97.421 E0.00891
G1 X134.402 Y122.579 E0.5902
G1 X133.865 Y122.579 E0.00891
G1 X108.706 Y97.421 E0.59021
G1 X108.169 Y97.421 E0.00891
G1 X133.327 Y122.579 E0.5902
G1 X132.79 Y122.579 E0.00891
G1 X107.632 Y97.421 E0.5902
G1 X107.094 Y97.421 E0.00892
G1 X132.252 Y122.579 E0.5902
G1 X131.715 Y122.579 E0.00891
G1 X106.557 Y97.421 E0.5902
G1 X106.019 Y97.421 E0.00892
G1 X131.178 Y122.579 E0.59021
G1 X130.64 Y122.579 E0.00892
G1 X105.482 Y97.421 E0.5902
G1 X104.945 Y97.421 E0.00891
G1 X130.103 Y122.579 E0.5902
G1 X129.565 Y122.579 E0.00892
G1 X104.407 Y97.421 E0.5902
G1 X103.87 Y97.421 E0.00891
G1 X129.028 Y122.579 E0.5902
G1 X128.49 Y122.579 E0.00892
G1 X103.332 Y97.421 E0.5902
G1 X102.795 Y97.421 E0.00891
G1 X127.953 Y122.579 E0.5902
G1 X127.416 Y122.579 E0.00891
G1 X102.258 Y97.421 E0.5902
G1 X101.72 Y97.421 E0.00892
G1 X126.878 Y122.579 E0.5902
G1 X126.341 Y122.579 E0.00891
G1 X101.183 Y97.421 E0.5902
G1 X100.645 Y97.421 E0.00892
G1 X125.803 Y122.579 E0.5902
G1 X125.266 Y122.579 E0.00891
G1 X100.108 Y97.421 E0.5902
G1 X99.571 Y97.421 E0.00891
G1 X124.729 Y122.579 E0.5902
G1 X124.191 Y122.579 E0.00892
G1 X99.033 Y97.421 E0.5902
G1 X98.496 Y97.421 E0.00891
G1 X123.654 Y122.579 E0.5902
G1 X123.116 Y122.579 E0.00892
G1 X97.958 Y97.421 E0.5902
G1 X97.421 Y97.421 E0.00891
G1 X122.579 Y122.579 E0.5902
G1 X122.042 Y122.579 E0.00891
G1 X96.884 Y97.421 E0.5902
G1 X96.346 Y97.421 E0.00892
G1 X121.504 Y122.579 E0.5902
G1 X120.967 Y122.579 E0.00891
G1 X95.809 Y97.421 E0.5902
G1 X95.271 Y97.421 E0.00892
G1 X120.429 Y122.579 E0.5902
G1 X119.892 Y122.579 E0.00891
G1 X94.734 Y97.421 E0.5902
G1 X94.197 Y97.421 E0.00891
G1 X119.355 Y122.579 E0.5902
G1 X118.817 Y122.579 E0.00892
G1 X93.659 Y97.421 E0.5902
G1 X93.122 Y97.421 E0.00891
G1 X118.28 Y122.579 E0.5902
G1 X117.742 Y122.579 E0.00892
G1 X92.584 Y97.421 E0.5902
G1 X92.047 Y97.421 E0.00891
G1 X117.205 Y122.579 E0.5902
G1 X116.668 Y122.579 E0.00891
G1 X91.51 Y97.421 E0.5902
G1 X90.972 Y97.421 E0.00892
G1 X116.13 Y122.579 E0.5902
G1 X115.593 Y122.579 E0.00891
G1 X90.435 Y97.421 E0.5902
G1 X89.897 Y97.421 E0.00892
G1 X115.055 Y122.579 E0.5902
G1 X114.518 Y122.579 E0.00891
G1 X89.36 Y97.421 E0.5902
G1 X88.823 Y97.421 E0.00891
G1 X113.981 Y122.579 E0.5902
G1 X113.443 Y122.579 E0.00892
G1 X88.285 Y97.421 E0.5902
G1 X87.748 Y97.421 E0.00891
G1 X112.906 Y122.579 E0.5902
G1 X112.368 Y122.579 E0.00892
G1 X87.21 Y97.421 E0.5902
G1 X86.673 Y97.421 E0.00891
G1 X111.831 Y122.579 E0.5902
G1 X111.294 Y122.579 E0.00891
G1 X86.136 Y97.421 E0.5902
G1 X85.598 Y97.421 E0.00892
G1 X110.756 Y122.579 E0.5902
G1 X110.219 Y122.579 E0.00891
G1 X85.061 Y97.421 E0.5902
G1 X84.921 Y97.421 E0.00232
G1 X84.921 Y97.818 E0.00659
G1 X109.681 Y122.579 E0.58087
G1 X109.144 Y122.579 E0.00891
G1 X84.921 Y98.356 E0.56826
G1 X84.921 Y98.893 E0.00891
G1 X108.607 Y122.579 E0.55567
G1 X108.069 Y122.579 E0.00892
G1 X84.921 Y99.431 E0.54304
G1 X84.921 Y99.968 E0.00891
G1 X107.532 Y122.579 E0.53045
G1 X106.994 Y122.579 E0.00892
G1 X84.921 Y100.505 E0.51784
G1 X84.921 Y101.043 E0.00892
G1 X106.457 Y122.579 E0.50523
G1 X105.92 Y122.579 E0.00891
G1 X84.921 Y101.58 E0.49263
G1 X84.921 Y102.118 E0.00892
G1 X105.382 Y122.579 E0.48001
G1 X104.845 Y122.579 E0.00891
G1 X84.921 Y102.655 E0.46741
G1 X84.921 Y103.192 E0.00891
G1 X104.307 Y122.579 E0.4548
G1 X103.77 Y122.579 E0.00891
G1 X84.921 Y103.73 E0.44219
G1 X84.921 Y104.267 E0.00891
G1 X103.233 Y122.579 E0.42959
G1 X102.695 Y122.579 E0.00892
G1 X84.921 Y104.805 E0.41697
G1 X84.921 Y105.342 E0.00891
G1 X102.158 Y122.579 E0.40437
G1 X101.62 Y122.579 E0.00892
G1 X84.921 Y105.879 E0.39176
G1 X84.921 Y106.417 E0.00892
G1 X101.083 Y122.579 E0.37916
G1 X100.546 Y122.579 E0.00891
G1 X84.921 Y106.954 E0.36656
G1 X84.921 Y107.492 E0.00892
G1 X100.008 Y122.579 E0.35394
G1 X99.471 Y122.579 E0.00891
G1 X84.921 Y108.029 E0.34134
G1 X84.921 Y108.566 E0.00891
G1 X98.933 Y122.579 E0.32873
G1 X98.396 Y122.579 E0.00891
G1 X84.921 Y109.104 E0.31612
G1 X84.921 Y109.641 E0.00891
G1 X97.859 Y122.579 E0.30352
G1 X97.321 Y122.579 E0.00892
G1 X84.921 Y110.179 E0.2909
G1 X84.921 Y110.716 E0.00891
G1 X96.784 Y122.579 E0.2783
G1 X96.246 Y122.579 E0.00892
G1 X84.921 Y111.253 E0.26569
G1 X84.921 Y111.791 E0.00892
G1 X95.709 Y122.579 E0.25308
G1 X95.172 Y122.579 E0.00891
G1 X84.921 Y112.328 E0.24049
G1 X84.921 Y112.866 E0.00892
G1 X94.634 Y122.579 E0.22786
G1 X94.097 Y122.579 E0.00891
G1 X84.921 Y113.403 E0.21527
G1 X84.921 Y113.94 E0.00891
G1 X93.559 Y122.579 E0.20266
G1 X93.022 Y122.579 E0.00891
G1 X84.921 Y114.478 E0.19005
G1 X84.921 Y115.015 E0.00891
G1 X92.485 Y122.579 E0.17745
G1 X91.947 Y122.579 E0.00892
G1 X84.921 Y115.553 E0.16483
G1 X84.921 Y116.09 E0.00891
G1 X91.41 Y122.579 E0.15223
G1 X90.872 Y122.579 E0.00892
G1 X84.921 Y116.627 E0.13962
G1 X84.921 Y117.165 E0.00892
G1 X90.335 Y122.579 E0.12701
G1 X89.798 Y122.579 E0.00891
G1 X84.921 Y117.702 E0.11441
G1 X84.921 Y118.24 E0.00892
G1 X89.26 Y122.579 E0.10179
G1 X88.723 Y122.579 E0.00891
G1 X84.921 Y118.777 E0.08919
G1 X84.921 Y119.314 E0.00891
G1 X88.185 Y122.579 E0.07658
G1 X87.648 Y122.579 E0.00891
G1 X84.921 Y119.852 E0.06397
G1 X84.921 Y120.389 E0.00891
G1 X87.111 Y122.579 E0.05138
G1 X86.573 Y122.579 E0.00892
G1 X84.921 Y120.927 E0.03876
G1 X84.921 Y121.464 E0.00891
G1 X86.036 Y122.579 E0.02616
G1 X85.498 Y122.579 E0.00892
G1 X84.921 Y122.001 E0.01355
G1 X84.921 Y122.539 E0.00892
G0 F18000 X85.808 Y121.58
G1 F1800 E-3.5
;MESH:Full_Asse_Dielectric_Part.STL
G0 F18000 X134.84 Y97.71
G0 X137.16 Y97.71
G0 X187.079 Y97.421
G1 F1800 E3.52079
G1 F8400 X186.63 Y97.421 E0.00745
G1 X187.079 Y97.871 E0.01055
G1 X187.079 Y98.408 E0.00891
G1 X186.092 Y97.421 E0.02315
G1 X185.555 Y97.421 E0.00891
G1 X187.079 Y98.945 E0.03575
G1 X187.079 Y99.483 E0.00892
G1 X185.017 Y97.421 E0.04837
G1 X184.48 Y97.421 E0.00891
G1 X187.079 Y100.02 E0.06097
G1 X187.079 Y100.558 E0.00892
G1 X183.943 Y97.421 E0.07358
G1 X183.405 Y97.421 E0.00892
G1 X187.079 Y101.095 E0.08619
G1 X187.079 Y101.632 E0.00891
G1 X182.868 Y97.421 E0.09879
G1 X182.33 Y97.421 E0.00892
G1 X187.079 Y102.17 E0.11141
G1 X187.079 Y102.707 E0.00891
G1 X181.793 Y97.421 E0.12401
G1 X181.256 Y97.421 E0.00891
G1 X187.079 Y103.245 E0.13662
G1 X187.079 Y103.782 E0.00891
G1 X180.718 Y97.421 E0.14923
G1 X180.181 Y97.421 E0.00891
G1 X187.079 Y104.319 E0.16182
G1 X187.079 Y104.857 E0.00892
G1 X179.643 Y97.421 E0.17445
G1 X179.106 Y97.421 E0.00891
G1 X187.079 Y105.394 E0.18704
G1 X187.079 Y105.932 E0.00892
G1 X178.569 Y97.421 E0.19965
G1 X178.031 Y97.421 E0.00892
G1 X187.079 Y106.469 E0.21226
G1 X187.079 Y107.006 E0.00891
G1 X177.494 Y97.421 E0.22486
G1 X176.956 Y97.421 E0.00892
G1 X187.079 Y107.544 E0.23748
G1 X187.079 Y108.081 E0.00891
G1 X176.419 Y97.421 E0.25008
G1 X175.881 Y97.421 E0.00892
G1 X187.079 Y108.619 E0.2627
G1 X187.079 Y109.156 E0.00891
G1 X175.344 Y97.421 E0.2753
G1 X174.807 Y97.421 E0.00891
G1 X187.079 Y109.693 E0.2879
G1 X187.079 Y110.231 E0.00892
G1 X174.269 Y97.421 E0.30052
G1 X173.732 Y97.421 E0.00891
G1 X187.079 Y110.768 E0.31312
G1 X187.079 Y111.306 E0.00892
G1 X173.194 Y97.421 E0.32574
G1 X172.657 Y97.421 E0.00891
G1 X187.079 Y111.843 E0.33834
G1 X187.079 Y112.38 E0.00891
G1 X172.12 Y97.421 E0.35093
G1 X171.582 Y97.421 E0.00892
G1 X187.079 Y112.918 E0.36355
G1 X187.079 Y113.455 E0.00891
G1 X171.045 Y97.421 E0.37615
G1 X170.507 Y97.421 E0.00892
G1 X187.079 Y113.993 E0.38877
G1 X187.079 Y114.53 E0.00891
G1 X169.97 Y97.421 E0.40137
G1 X169.433 Y97.421 E0.00891
G1 X187.079 Y115.067 E0.41397
G1 X187.079 Y115.605 E0.00892
G1 X168.895 Y97.421 E0.42659
G1 X168.358 Y97.421 E0.00891
G1 X187.079 Y116.142 E0.43919
G1 X187.079 Y116.68 E0.00892
G1 X167.82 Y97.421 E0.45181
G1 X167.283 Y97.421 E0.00891
G1 X187.079 Y117.217 E0.46441
G1 X187.079 Y117.754 E0.00891
G1 X166.746 Y97.421 E0.47701
G1 X166.208 Y97.421 E0.00892
G1 X187.079 Y118.292 E0.48963
G1 X187.079 Y118.829 E0.00891
G1 X165.671 Y97.421 E0.50222
G1 X165.133 Y97.421 E0.00892
G1 X187.079 Y119.367 E0.51485
G1 X187.079 Y119.904 E0.00891
G1 X164.596 Y97.421 E0.52744
G1 X164.059 Y97.421 E0.00891
G1 X187.079 Y120.441 E0.54004
G1 X187.079 Y120.979 E0.00892
G1 X163.521 Y97.421 E0.55266
G1 X162.984 Y97.421 E0.00891
G1 X187.079 Y121.516 E0.56526
G1 X187.079 Y122.054 E0.00892
G1 X162.446 Y97.421 E0.57788
G1 X161.909 Y97.421 E0.00891
G1 X187.067 Y122.579 E0.5902
G1 X186.53 Y122.579 E0.00891
G1 X161.372 Y97.421 E0.5902
G1 X160.834 Y97.421 E0.00892
G1 X185.992 Y122.579 E0.5902
G1 X185.455 Y122.579 E0.00891
G1 X160.297 Y97.421 E0.5902
G1 X159.759 Y97.421 E0.00892
G1 X184.918 Y122.579 E0.59021
G1 X184.38 Y122.579 E0.00892
G1 X159.222 Y97.421 E0.5902
G1 X158.685 Y97.421 E0.00891
G1 X183.843 Y122.579 E0.5902
G1 X183.305 Y122.579 E0.00892
G1 X158.147 Y97.421 E0.5902
G1 X157.61 Y97.421 E0.00891
G1 X182.768 Y122.579 E0.5902
G1 X182.231 Y122.579 E0.00891
G1 X157.072 Y97.421 E0.59021
G1 X156.535 Y97.421 E0.00891
G1 X181.693 Y122.579 E0.5902
G1 X181.156 Y122.579 E0.00891
G1 X155.998 Y97.421 E0.5902
G1 X155.46 Y97.421 E0.00892
G1 X180.618 Y122.579 E0.5902
G1 X180.081 Y122.579 E0.00891
G1 X154.923 Y97.421 E0.5902
G1 X154.385 Y97.421 E0.00892
G1 X179.544 Y122.579 E0.59021
G1 X179.006 Y122.579 E0.00892
G1 X153.848 Y97.421 E0.5902
G1 X153.311 Y97.421 E0.00891
G1 X178.469 Y122.579 E0.5902
G1 X177.931 Y122.579 E0.00892
G1 X152.773 Y97.421 E0.5902
G1 X152.236 Y97.421 E0.00891
G1 X177.394 Y122.579 E0.5902
G1 X176.857 Y122.579 E0.00891
G1 X151.698 Y97.421 E0.59021
G1 X151.161 Y97.421 E0.00891
G1 X176.319 Y122.579 E0.5902
G1 X175.782 Y122.579 E0.00891
G1 X150.624 Y97.421 E0.5902
G1 X150.086 Y97.421 E0.00892
G1 X175.244 Y122.579 E0.5902
G1 X174.707 Y122.579 E0.00891
G1 X149.549 Y97.421 E0.5902
G1 X149.011 Y97.421 E0.00892
G1 X174.17 Y122.579 E0.59021
G1 X173.632 Y122.579 E0.00892
G1 X148.474 Y97.421 E0.5902
G1 X147.937 Y97.421 E0.00891
G1 X173.095 Y122.579 E0.5902
G1 X172.557 Y122.579 E0.00892
G1 X147.399 Y97.421 E0.5902
G1 X146.862 Y97.421 E0.00891
G1 X172.02 Y122.579 E0.5902
G1 X171.483 Y122.579 E0.00891
G1 X146.324 Y97.421 E0.59021
G1 X145.787 Y97.421 E0.00891
G1 X170.945 Y122.579 E0.5902
G1 X170.408 Y122.579 E0.00891
G1 X145.25 Y97.421 E0.5902
G1 X144.712 Y97.421 E0.00892
G1 X169.87 Y122.579 E0.5902
G1 X169.333 Y122.579 E0.00891
G1 X144.175 Y97.421 E0.5902
G1 X143.637 Y97.421 E0.00892
G1 X168.796 Y122.579 E0.59021
G1 X168.258 Y122.579 E0.00892
G1 X143.1 Y97.421 E0.5902
G1 X142.563 Y97.421 E0.00891
G1 X167.721 Y122.579 E0.5902
G1 X167.183 Y122.579 E0.00892
G1 X142.025 Y97.421 E0.5902
G1 X141.488 Y97.421 E0.00891
G1 X166.646 Y122.579 E0.5902
G1 X166.109 Y122.579 E0.00891
G1 X140.95 Y97.421 E0.59021
G1 X140.413 Y97.421 E0.00891
G1 X165.571 Y122.579 E0.5902
G1 X165.034 Y122.579 E0.00891
G1 X139.876 Y97.421 E0.5902
G1 X139.338 Y97.421 E0.00892
G1 X164.496 Y122.579 E0.5902
G1 X163.959 Y122.579 E0.00891
G1 X138.801 Y97.421 E0.5902
G1 X138.263 Y97.421 E0.00892
G1 X163.422 Y122.579 E0.59021
G1 X162.884 Y122.579 E0.00892
G1 X137.726 Y97.421 E0.5902
G1 X137.189 Y97.421 E0.00891
G1 X162.347 Y122.579 E0.5902
G1 X161.809 Y122.579 E0.00892
G1 X136.921 Y97.69 E0.58388
G1 X136.921 Y98.228 E0.00892
G1 X161.272 Y122.579 E0.57127
G1 X160.735 Y122.579 E0.00891
G1 X136.921 Y98.765 E0.55867
G1 X136.921 Y99.303 E0.00892
G1 X160.197 Y122.579 E0.54605
G1 X159.66 Y122.579 E0.00891
G1 X136.921 Y99.84 E0.53345
G1 X136.921 Y100.377 E0.00891
G1 X159.122 Y122.579 E0.52084
G1 X158.585 Y122.579 E0.00891
G1 X136.921 Y100.915 E0.50823
G1 X136.921 Y101.452 E0.00891
G1 X158.048 Y122.579 E0.49563
G1 X157.51 Y122.579 E0.00892
G1 X136.921 Y101.99 E0.48301
G1 X136.921 Y102.527 E0.00891
G1 X156.973 Y122.579 E0.47041
G1 X156.435 Y122.579 E0.00892
G1 X136.921 Y103.064 E0.4578
G1 X136.921 Y103.602 E0.00892
G1 X155.898 Y122.579 E0.44519
G1 X155.361 Y122.579 E0.00891
G1 X136.921 Y104.139 E0.4326
G1 X136.921 Y104.677 E0.00892
G1 X154.823 Y122.579 E0.41998
G1 X154.286 Y122.579 E0.00891
G1 X136.921 Y105.214 E0.40738
G1 X136.921 Y105.751 E0.00891
G1 X153.748 Y122.579 E0.39477
G1 X153.211 Y122.579 E0.00891
G1 X136.921 Y106.289 E0.38216
G1 X136.921 Y106.826 E0.00891
G1 X152.674 Y122.579 E0.36956
G1 X152.136 Y122.579 E0.00892
G1 X136.921 Y107.364 E0.35694
G1 X136.921 Y107.901 E0.00891
G1 X151.599 Y122.579 E0.34434
G1 X151.061 Y122.579 E0.00892
G1 X136.921 Y108.438 E0.33173
G1 X136.921 Y108.976 E0.00892
G1 X150.524 Y122.579 E0.31912
G1 X149.987 Y122.579 E0.00891
G1 X136.921 Y109.513 E0.30652
G1 X136.921 Y110.051 E0.00892
G1 X149.449 Y122.579 E0.2939
G1 X148.912 Y122.579 E0.00891
G1 X136.921 Y110.588 E0.2813
G1 X136.921 Y111.125 E0.00891
G1 X148.374 Y122.579 E0.2687
G1 X147.837 Y122.579 E0.00891
G1 X136.921 Y111.663 E0.25609
G1 X136.921 Y112.2 E0.00891
G1 X147.3 Y122.579 E0.24349
G1 X146.762 Y122.579 E0.00892
G1 X136.921 Y112.738 E0.23087
G1 X136.921 Y113.275 E0.00891
G1 X146.225 Y122.579 E0.21827
G1 X145.687 Y122.579 E0.00892
G1 X136.921 Y113.812 E0.20566
G1 X136.921 Y114.35 E0.00892
G1 X145.15 Y122.579 E0.19305
G1 X144.613 Y122.579 E0.00891
G1 X136.921 Y114.887 E0.18045
G1 X136.921 Y115.425 E0.00892
G1 X144.075 Y122.579 E0.16783
G1 X143.538 Y122.579 E0.00891
G1 X136.921 Y115.962 E0.15523
G1 X136.921 Y116.499 E0.00891
G1 X143 Y122.579 E0.14262
G1 X142.463 Y122.579 E0.00891
G1 X136.921 Y117.037 E0.13001
G1 X136.921 Y117.574 E0.00891
G1 X141.926 Y122.579 E0.11742
G1 X141.388 Y122.579 E0.00892
G1 X136.921 Y118.112 E0.10479
G1 X136.921 Y118.649 E0.00891
G1 X140.851 Y122.579 E0.0922
G1 X140.313 Y122.579 E0.00892
G1 X136.921 Y119.186 E0.07959
G1 X136.921 Y119.724 E0.00892
G1 X139.776 Y122.579 E0.06698
G1 X139.239 Y122.579 E0.00891
G1 X136.921 Y120.261 E0.05438
G1 X136.921 Y120.799 E0.00892
G1 X138.701 Y122.579 E0.04176
G1 X138.164 Y122.579 E0.00891
G1 X136.921 Y121.336 E0.02916
G1 X136.921 Y121.873 E0.00891
G1 X137.626 Y122.579 E0.01655
G1 X137.089 Y122.579 E0.00891
G0 F18000 X136.921 Y122.411
G1 F8400 X137.089 Y122.579 E0.00394
G1 X136.921 Y122.579 E0.00279
G0 F18000 X137.808 Y121.58
G1 F1800 E-3.5
;MESH:NONMESH
G0 F1200 X137.808 Y121.58 Z0.6
G0 F18000 X137.154 Y97.654
G0 X137.154 Y96.21
G0 X81.378 Y67.702
G0 X80.791 Y66.352
G0 X78.528 Y66.023
G0 X78.519 Y65.702
;TIME_ELAPSED:301.798414
;LAYER:3
;TYPE:WALL-INNER
;MESH:01_Prime_Insulator.STL
G1 F1800 E3.52079
G1 F3000 X78.277 Y65.706 E0.00317
G1 X78.047 Y65.702 E0.00302
G1 X77.82 Y65.694 E0.00298
G1 X77.585 Y65.681 E0.00309
G1 X77.127 Y65.643 E0.00603
G1 X76.887 Y65.615 E0.00317
G1 X76.208 Y65.498 E0.00903
G1 X75.978 Y65.451 E0.00308
G1 X75.516 Y65.338 E0.00624
G1 X75.31 Y65.277 E0.00282
G1 X74.863 Y65.137 E0.00614
G1 X74.433 Y64.982 E0.00599
G1 X74.2 Y64.889 E0.00329
G1 X73.789 Y64.707 E0.00589
G1 X73.578 Y64.605 E0.00307
G1 X73.176 Y64.393 E0.00596
G1 X72.966 Y64.275 E0.00316
G1 X72.37 Y63.906 E0.00919
G1 X71.832 Y63.522 E0.00867
G1 X71.624 Y63.356 E0.00349
G1 X71.272 Y63.058 E0.00605
G1 X70.93 Y62.745 E0.00608
G1 X70.61 Y62.421 E0.00597
G1 X70.449 Y62.25 E0.00308
G1 X70.284 Y62.065 E0.00325
G1 X70.145 Y61.9 E0.00283
G1 X69.861 Y61.546 E0.00595
G1 X69.592 Y61.18 E0.00596
G1 X69.45 Y60.977 E0.00325
G1 X69.221 Y60.615 E0.00562
G1 X68.976 Y60.195 E0.00638
G1 X68.86 Y59.975 E0.00326
G1 X68.663 Y59.575 E0.00585
G1 X68.56 Y59.353 E0.00321
G1 X68.387 Y58.934 E0.00594
G1 X68.229 Y58.495 E0.00612
G1 X68.089 Y58.05 E0.00612
G1 X67.968 Y57.591 E0.00622
G1 X67.917 Y57.37 E0.00297
G1 X67.824 Y56.909 E0.00617
G1 X67.759 Y56.473 E0.00578
G1 X67.727 Y56.231 E0.0032
G1 X67.69 Y55.772 E0.00604
G1 X67.678 Y55.54 E0.00305
G1 X67.666 Y55.073 E0.00613
G1 X67.67 Y54.843 E0.00302
G1 X67.678 Y54.616 E0.00298
G1 X67.691 Y54.381 E0.00309
G1 X67.73 Y53.914 E0.00614
G1 X67.758 Y53.698 E0.00286
G1 X67.799 Y53.424 E0.00363
G1 X67.875 Y52.995 E0.00571
G1 X67.971 Y52.565 E0.00578
G1 X68.079 Y52.153 E0.00559
G1 X68.235 Y51.659 E0.00679
G1 X68.393 Y51.221 E0.00611
G1 X68.566 Y50.805 E0.00591
G1 X68.668 Y50.583 E0.0032
G1 X68.87 Y50.176 E0.00596
G1 X68.981 Y49.963 E0.00315
G1 X69.209 Y49.575 E0.0059
G1 X69.337 Y49.367 E0.0032
G1 X69.592 Y48.985 E0.00602
G1 X69.624 Y48.946 E0.00066
G1 X69.729 Y48.795 E0.00241
G1 X70.001 Y48.437 E0.0059
G1 X70.176 Y48.229 E0.00356
G1 X70.33 Y48.052 E0.00308
G1 X70.463 Y47.907 E0.00258
G1 X70.79 Y47.563 E0.00622
G1 X71.152 Y47.219 E0.00655
G1 X71.292 Y47.096 E0.00244
G1 X71.641 Y46.802 E0.00598
G1 X72.006 Y46.52 E0.00605
G1 X72.204 Y46.377 E0.0032
G1 X72.592 Y46.12 E0.0061
G1 X72.991 Y45.879 E0.00611
G1 X73.399 Y45.656 E0.0061
G1 X73.79 Y45.464 E0.00571
G1 X74.221 Y45.274 E0.00618
G1 X74.66 Y45.1 E0.00619
G1 X75.099 Y44.954 E0.00607
G1 X75.538 Y44.826 E0.006
G1 X75.996 Y44.712 E0.00619
G1 X76.229 Y44.666 E0.00311
G1 X76.676 Y44.588 E0.00595
G1 X76.912 Y44.553 E0.00313
G1 X77.371 Y44.503 E0.00605
G1 X77.83 Y44.474 E0.00603
G1 X78.068 Y44.466 E0.00312
G1 X78.529 Y44.466 E0.00605
G1 X78.766 Y44.475 E0.00311
G1 X79.254 Y44.507 E0.00641
G1 X79.679 Y44.556 E0.00561
G1 X80.144 Y44.628 E0.00617
G1 X80.579 Y44.711 E0.00581
G1 X81.053 Y44.829 E0.00641
G1 X81.514 Y44.964 E0.0063
G1 X81.92 Y45.105 E0.00564
G1 X82.136 Y45.186 E0.00302
G1 X82.367 Y45.278 E0.00326
G1 X82.732 Y45.435 E0.00521
G1 X83.172 Y45.651 E0.00643
G1 X83.609 Y45.893 E0.00655
G1 X83.99 Y46.125 E0.00585
G1 X84.199 Y46.261 E0.00327
G1 X84.581 Y46.528 E0.00611
G1 X84.952 Y46.815 E0.00615
G1 X85.461 Y47.249 E0.00877
G1 X85.805 Y47.582 E0.00628
G1 X85.974 Y47.755 E0.00317
G1 X86.12 Y47.91 E0.00279
G1 X86.278 Y48.088 E0.00312
G1 X86.431 Y48.269 E0.00311
G1 X86.718 Y48.625 E0.006
G1 X87.047 Y49.08 E0.00736
G1 X87.25 Y49.384 E0.00479
G1 X87.372 Y49.584 E0.00307
G1 X87.601 Y49.974 E0.00593
G1 X87.812 Y50.388 E0.00609
G1 X87.945 Y50.659 E0.00396
G1 X87.958 Y50.696 E0.00051
G1 X88.005 Y50.794 E0.00143
G1 X88.193 Y51.247 E0.00643
G1 X88.346 Y51.675 E0.00596
G1 X88.418 Y51.897 E0.00306
G1 X88.502 Y52.177 E0.00383
G1 X88.609 Y52.583 E0.00551
G1 X88.704 Y53.009 E0.00572
G1 X88.784 Y53.468 E0.00611
G1 X88.822 Y53.719 E0.00333
G1 X88.848 Y53.937 E0.00288
G1 X88.885 Y54.377 E0.00579
G1 X88.898 Y54.623 E0.00323
G1 X88.906 Y54.864 E0.00316
G1 X88.907 Y55.326 E0.00606
G1 X88.886 Y55.781 E0.00597
G1 X88.868 Y56.023 E0.00318
G1 X88.816 Y56.481 E0.00604
G1 X88.748 Y56.938 E0.00606
G1 X88.656 Y57.387 E0.00601
G1 X88.55 Y57.823 E0.00588
G1 X88.481 Y58.062 E0.00326
G1 X88.345 Y58.5 E0.00601
G1 X88.193 Y58.922 E0.00588
G1 X88.019 Y59.345 E0.006
G1 X87.908 Y59.583 E0.00344
G1 X87.708 Y59.991 E0.00596
G1 X87.59 Y60.213 E0.0033
G1 X87.355 Y60.616 E0.00612
G1 X87.111 Y61 E0.00597
G1 X86.852 Y61.367 E0.00589
G1 X86.716 Y61.553 E0.00302
G1 X86.278 Y62.081 E0.009
G1 X86.121 Y62.252 E0.00304
G1 X85.965 Y62.428 E0.00308
G1 X85.795 Y62.601 E0.00318
G1 X85.62 Y62.769 E0.00318
G1 X85.283 Y63.077 E0.00599
G1 X84.937 Y63.366 E0.00591
G1 X84.753 Y63.509 E0.00306
G1 X84.367 Y63.795 E0.0063
G1 X84.033 Y64.017 E0.00526
G1 X83.801 Y64.161 E0.00358
G1 X83.396 Y64.396 E0.00614
G1 X82.991 Y64.611 E0.00601
G1 X82.565 Y64.807 E0.00615
G1 X82.367 Y64.893 E0.00283
G1 X81.92 Y65.067 E0.00629
G1 X81.692 Y65.144 E0.00316
G1 X81.259 Y65.28 E0.00595
G1 X80.8 Y65.405 E0.00624
G1 X80.347 Y65.502 E0.00607
G1 X79.9 Y65.581 E0.00595
G1 X79.674 Y65.614 E0.00299
G1 X79.431 Y65.645 E0.00321
G1 X78.976 Y65.682 E0.00599
G1 X78.519 Y65.702 E0.006
G0 F18000 X78.528 Y66.023
G0 X80.647 Y65.708
G0 X82.449 Y65.14
G0 X83.934 Y64.387
G0 X85.282 Y63.421
G0 X86.467 Y62.263
G0 X87.338 Y61.127
G0 X88.15 Y59.687
G0 X88.736 Y58.125
G0 X89.076 Y56.51
G0 X89.166 Y54.85
G0 X89.005 Y53.202
G0 X88.589 Y51.582
G0 X87.941 Y50.064
G0 X87.062 Y48.651
G0 X85.986 Y47.395
G0 X84.721 Y46.311
G0 X83.309 Y45.434
G0 X82.004 Y44.861
G0 X80.712 Y44.5
G0 X78.508 Y44.087
G1 F3007.9 X78.635 Y44.09 E0.00166
G1 F3000 X79.008 Y44.109 E0.0049
G1 F3007.9 X79.241 Y44.126 E0.00306
G1 X79.586 Y44.163 E0.00454
G1 F2992.1 X80.007 Y44.221 E0.00559
G1 X80.18 Y44.249 E0.0023
G1 F3023.9 X80.651 Y44.341 E0.00624
G1 F3015.9 X80.908 Y44.401 E0.00344
G1 F2992.1 X81.118 Y44.454 E0.00285
G1 F3000 X81.463 Y44.553 E0.00471
G1 X81.824 Y44.669 E0.00497
G1 X82.032 Y44.742 E0.00289
G1 F3007.9 X82.256 Y44.826 E0.00313
G1 X82.497 Y44.922 E0.00339
G1 X82.717 Y45.015 E0.00312
G1 F3031.9 X82.879 Y45.088 E0.00231
G1 F3040 X83.338 Y45.312 E0.00661
G1 F3015.9 X83.77 Y45.548 E0.00642
G1 F2992.1 X83.991 Y45.679 E0.00338
G1 X84.387 Y45.93 E0.00616
G1 F3000 X84.777 Y46.202 E0.00623
G1 F3015.9 X85.186 Y46.517 E0.00673
G1 X85.529 Y46.805 E0.00584
G1 F3007.9 X85.718 Y46.971 E0.00329
G1 X86.055 Y47.295 E0.00611
G1 F3000 X86.208 Y47.451 E0.00287
G1 X86.404 Y47.659 E0.00375
G1 F2992.1 X86.71 Y48.009 E0.00611
G1 F3000 X86.996 Y48.365 E0.00599
G1 F2984.3 X87.163 Y48.588 E0.00367
G1 F2961 X87.299 Y48.777 E0.00309
G1 F2976.5 X87.433 Y48.972 E0.00313
G1 F2992.1 X87.555 Y49.157 E0.00291
G1 X87.689 Y49.373 E0.00334
G1 F2976.5 X87.794 Y49.55 E0.00272
G1 F3007.9 X87.932 Y49.793 E0.00365
G1 F3015.9 X88.044 Y50.006 E0.00314
G1 F3000 X88.275 Y50.473 E0.00683
G1 F3023.9 X88.35 Y50.64 E0.00238
G1 F3015.9 X88.522 Y51.048 E0.00578
G1 F2992.1 X88.698 Y51.531 E0.00676
G1 F2976.5 X88.86 Y52.043 E0.0071
G1 X88.913 Y52.236 E0.00265
G1 X88.973 Y52.473 E0.00323
G1 F2984.3 X89.071 Y52.913 E0.00594
G1 F2992.1 X89.119 Y53.17 E0.00344
G1 F2984.3 X89.158 Y53.4 E0.00308
G1 F2992.1 X89.194 Y53.645 E0.00326
G1 F3000 X89.222 Y53.869 E0.00296
G1 X89.263 Y54.347 E0.00629
G1 F2984.3 X89.277 Y54.592 E0.00323
G1 X89.286 Y54.835 E0.00321
G1 F3007.9 X89.285 Y55.304 E0.00613
G1 F3023.9 X89.277 Y55.555 E0.00327
G1 F3015.9 X89.264 Y55.795 E0.00314
G1 F3007.9 X89.247 Y56.03 E0.00308
G1 F3015.9 X89.209 Y56.387 E0.00468
G1 F3007.9 X89.152 Y56.808 E0.00556
G1 F3015.9 X89.127 Y56.964 E0.00206
G1 X89.032 Y57.446 E0.00641
G1 F3000 X88.919 Y57.915 E0.00633
G1 F2992.1 X88.818 Y58.258 E0.0047
G1 F3000 X88.704 Y58.621 E0.00499
G1 F3023.9 X88.549 Y59.049 E0.00592
G1 F3031.9 X88.367 Y59.49 E0.00619
G1 F3023.9 X88.258 Y59.73 E0.00343
G1 F3015.9 X88.043 Y60.168 E0.00636
G1 F3023.9 X87.934 Y60.372 E0.00301
G1 F3007.9 X87.816 Y60.584 E0.00317
G1 F2984.3 X87.682 Y60.81 E0.00346
G1 F3000 X87.446 Y61.179 E0.00574
G1 F3007.9 X87.298 Y61.395 E0.00342
G1 F3015.9 X87.031 Y61.762 E0.00592
G1 F3007.9 X86.868 Y61.967 E0.00343
G1 F2984.3 X86.559 Y62.338 E0.00636
G1 F3007.9 X86.261 Y62.665 E0.00579
G1 F3031.9 X86.075 Y62.855 E0.00345
G1 F3015.9 X85.91 Y63.016 E0.00301
G1 F2992.1 X85.558 Y63.341 E0.0063
G1 X85.175 Y63.662 E0.00657
G1 X84.793 Y63.954 E0.00632
G1 F3007.9 X84.601 Y64.093 E0.0031
G1 F3023.9 X84.256 Y64.324 E0.0054
G1 F3000 X84.021 Y64.473 E0.00365
G1 X83.605 Y64.713 E0.0063
G1 F2992.1 X83.387 Y64.832 E0.00327
G1 F3007.9 X83.189 Y64.933 E0.00291
G1 F3023.9 X82.734 Y65.147 E0.00654
G1 F3000 X82.524 Y65.237 E0.003
G1 F3015.9 X82.062 Y65.417 E0.00647
G1 F2992.1 X81.614 Y65.568 E0.00622
G1 F2961 X81.364 Y65.647 E0.00348
G1 F2976.5 X81.155 Y65.705 E0.00287
G1 F2992.1 X80.914 Y65.767 E0.00327
G1 X80.669 Y65.823 E0.0033
G1 F2968.8 X80.191 Y65.918 E0.00646
G1 F2961 X79.981 Y65.953 E0.00283
G1 F2976.5 X79.737 Y65.989 E0.00326
G1 F3000 X79.506 Y66.018 E0.00305
G1 F3007.9 X79.021 Y66.059 E0.00637
G1 F2984.3 X78.776 Y66.073 E0.00323
G1 X78.543 Y66.082 E0.00307
G1 F3000 X78.305 Y66.086 E0.00312
G1 F3007.9 X78.051 Y66.082 E0.00332
G1 F3000 X77.817 Y66.074 E0.00307
G1 F2992.1 X77.58 Y66.061 E0.00312
G1 F3015.9 X77.115 Y66.021 E0.00609
G1 F3040 X76.873 Y65.993 E0.00315
G1 F3007.9 X76.606 Y65.955 E0.00353
G1 F2968.8 X76.385 Y65.918 E0.00297
G1 F2984.3 X75.919 Y65.827 E0.00626
G1 F3015.9 X75.458 Y65.714 E0.00619
G1 X75.229 Y65.649 E0.00311
G1 F3007.9 X74.774 Y65.507 E0.00623
G1 F2992.1 X74.543 Y65.428 E0.00321
G1 X74.111 Y65.262 E0.00608
G1 F3015.9 X73.651 Y65.059 E0.00656
G1 X73.434 Y64.956 E0.00313
G1 F3007.9 X73.014 Y64.737 E0.00619
G1 F2992.1 X72.798 Y64.617 E0.00325
G1 F2984.3 X72.395 Y64.371 E0.00622
G1 F3000 X72.197 Y64.245 E0.00308
G1 F3007.9 X71.795 Y63.963 E0.00642
G1 F3015.9 X71.61 Y63.827 E0.00299
G1 F3007.9 X71.4 Y63.664 E0.00348
G1 F3000 X71.043 Y63.361 E0.00614
G1 X70.828 Y63.168 E0.00379
G1 X70.696 Y63.045 E0.00237
G1 X70.509 Y62.86 E0.00345
G1 F2992.1 X70.187 Y62.526 E0.0061
G1 X70.032 Y62.354 E0.00304
G1 F2976.5 X69.88 Y62.177 E0.00308
G1 F2984.3 X69.581 Y61.805 E0.00629
G1 F2968.8 X69.415 Y61.587 E0.00363
G1 X69.137 Y61.192 E0.0064
G1 F2992.1 X69.014 Y60.999 E0.00301
G1 X68.766 Y60.592 E0.00627
G1 F3007.9 X68.659 Y60.403 E0.00284
G1 X68.533 Y60.168 E0.00349
G1 F2992.1 X68.326 Y59.751 E0.00612
G1 X68.224 Y59.53 E0.0032
G1 F3015.9 X68.043 Y59.089 E0.00622
G1 F3000 X67.949 Y58.841 E0.00348
G1 F2984.3 X67.873 Y58.626 E0.00301
G1 F2992.1 X67.732 Y58.179 E0.00616
G1 F2984.3 X67.658 Y57.915 E0.00361
G1 F2976.5 X67.55 Y57.474 E0.006
G1 F2992.1 X67.458 Y57.013 E0.00618
G1 F3000 X67.409 Y56.709 E0.00404
G1 F2992.1 X67.355 Y56.308 E0.00532
G1 F3000 X67.313 Y55.817 E0.00646
G1 X67.299 Y55.577 E0.00315
G1 X67.286 Y55.11 E0.00613
G1 F3007.9 X67.291 Y54.847 E0.00344
G1 X67.311 Y54.376 E0.00617
G1 F3015.9 X67.351 Y53.911 E0.00609
G1 F3023.9 X67.383 Y53.65 E0.00342
G1 F3000 X67.414 Y53.429 E0.00293
G1 F2992.1 X67.496 Y52.957 E0.0063
G1 X67.596 Y52.501 E0.00614
G1 F3000 X67.707 Y52.078 E0.00573
G1 F3007.9 X67.871 Y51.55 E0.00723
G1 F3000 X68.026 Y51.119 E0.00601
G1 F3015.9 X68.208 Y50.681 E0.00619
G1 F3023.9 X68.318 Y50.438 E0.00347
G1 F3007.9 X68.533 Y50.001 E0.00637
G1 X68.645 Y49.789 E0.00314
G1 F3000 X68.879 Y49.386 E0.00611
G1 F2984.3 X69.003 Y49.185 E0.00311
G1 F2992.1 X69.136 Y48.984 E0.00317
G1 F3007.9 X69.406 Y48.597 E0.00617
G1 F3015.9 X69.692 Y48.218 E0.00619
G1 X69.868 Y48.006 E0.00359
G1 F3000 X70.169 Y47.664 E0.00597
G1 F2976.5 X70.34 Y47.482 E0.0033
G1 F2992.1 X70.496 Y47.322 E0.00294
G1 F3007.9 X70.886 Y46.948 E0.00707
G1 F2992.1 X71.032 Y46.818 E0.00257
G1 F2984.3 X71.379 Y46.525 E0.00599
G1 F3000 X71.764 Y46.229 E0.00637
G1 F3015.9 X71.962 Y46.085 E0.00319
G1 F3000 X72.176 Y45.939 E0.0034
G1 F2992.1 X72.378 Y45.807 E0.00317
G1 F3000 X72.771 Y45.568 E0.00603
G1 F2992.1 X73.196 Y45.334 E0.00638
G1 X73.623 Y45.124 E0.00626
G1 F3000 X74.081 Y44.921 E0.00657
G1 F3015.9 X74.493 Y44.759 E0.00577
G1 F3007.9 X74.749 Y44.668 E0.00355
G1 F2992.1 X75.253 Y44.511 E0.00694
G1 F2976.5 X75.617 Y44.413 E0.00498
G1 F2992.1 X75.878 Y44.352 E0.00352
G1 F3023.9 X76.142 Y44.297 E0.00351
G1 F2992.1 X76.378 Y44.253 E0.00316
G1 X76.837 Y44.181 E0.00611
G1 F3007.9 X77.339 Y44.125 E0.00661
G1 F2992.1 X77.567 Y44.109 E0.003
G1 X78.054 Y44.086 E0.00641
G1 F3007.9 X78.508 Y44.087 E0.00594
G0 F18000 X81.105 Y44.577
G0 X82.67 Y45.127
G0 X84.134 Y45.911
G0 X85.459 Y46.904
G0 X86.626 Y48.096
G0 X87.464 Y49.239
G0 X88.25 Y50.709
G0 X88.797 Y52.267
G0 X89.105 Y53.905
G0 X89.158 Y55.559
G0 X89.004 Y56.976
G0 X88.591 Y58.587
G0 X87.943 Y60.106
G0 X87.065 Y61.517
G0 X85.985 Y62.778
G0 X84.726 Y63.858
G0 X83.312 Y64.737
G0 X81.783 Y65.389
G0 X81.003 Y65.598
G0 X78.289 Y66.146
G0 X78.31 Y66.466
G1 F3000 X78.799 Y66.454 E0.00641
G1 X79.278 Y66.42 E0.0063
G1 X79.549 Y66.394 E0.00357
G1 X79.791 Y66.366 E0.00319
G1 X80.04 Y66.33 E0.0033
G1 X80.266 Y66.293 E0.003
G1 X80.755 Y66.193 E0.00654
G1 X80.989 Y66.14 E0.00315
G1 X81.499 Y66.005 E0.00692
G1 X81.738 Y65.93 E0.00328
G1 X82.196 Y65.77 E0.00636
G1 X82.634 Y65.603 E0.00615
G1 X82.892 Y65.492 E0.00368
G1 X83.096 Y65.399 E0.00294
G1 X83.573 Y65.165 E0.00697
G1 X84.224 Y64.795 E0.00982
G1 X84.606 Y64.547 E0.00597
G1 X85.022 Y64.258 E0.00664
G1 X85.229 Y64.102 E0.0034
G1 X85.419 Y63.953 E0.00317
G1 X85.601 Y63.799 E0.00313
G1 X85.649 Y63.765 E0.00077
G1 X85.815 Y63.622 E0.00287
G1 X86.154 Y63.308 E0.00606
G1 X86.536 Y62.923 E0.00711
G1 X86.683 Y62.767 E0.00281
G1 X86.852 Y62.581 E0.0033
G1 X87.167 Y62.202 E0.00646
G1 X87.333 Y61.989 E0.00354
G1 X87.473 Y61.802 E0.00306
G1 X87.611 Y61.61 E0.0031
G1 X87.889 Y61.193 E0.00657
G1 X88.008 Y61.005 E0.00292
G1 X88.143 Y60.78 E0.00344
G1 X88.383 Y60.334 E0.00664
G1 X88.603 Y59.886 E0.00654
G1 X88.714 Y59.638 E0.00356
G1 X88.894 Y59.206 E0.00614
G1 X88.982 Y58.972 E0.00328
G1 X89.072 Y58.713 E0.0036
G1 X89.183 Y58.364 E0.0048
G1 X89.298 Y57.968 E0.00541
G1 X89.396 Y57.556 E0.00555
G1 X89.449 Y57.304 E0.00338
G1 X89.528 Y56.865 E0.00585
G1 X89.586 Y56.427 E0.00579
G1 X89.624 Y56.059 E0.00485
G1 X89.643 Y55.813 E0.00324
G1 X89.662 Y55.435 E0.00496
G1 X89.666 Y55.193 E0.00317
G1 X89.666 Y54.835 E0.00469
G1 X89.658 Y54.569 E0.00349
G1 X89.624 Y54.086 E0.00635
G1 X89.599 Y53.823 E0.00346
G1 X89.543 Y53.397 E0.00563
G1 X89.493 Y53.101 E0.00394
G1 X89.398 Y52.619 E0.00644
G1 X89.329 Y52.325 E0.00396
G1 X89.22 Y51.912 E0.0056
G1 X89.217 Y51.911 E0.00004
G1 X89.056 Y51.402 E0.007
G1 X88.872 Y50.9 E0.00701
G1 X88.636 Y50.352 E0.00782
G1 X88.588 Y50.248 E0.0015
G1 X88.378 Y49.825 E0.00619
G1 X88.121 Y49.353 E0.00705
G1 X87.873 Y48.95 E0.0062
G1 X87.748 Y48.759 E0.00299
G1 X87.609 Y48.555 E0.00324
G1 X87.466 Y48.355 E0.00322
G1 X87.159 Y47.957 E0.00659
G1 X86.999 Y47.762 E0.00331
G1 X86.841 Y47.577 E0.00319
G1 X86.656 Y47.373 E0.00361
G1 X86.479 Y47.185 E0.00339
G1 X86.321 Y47.024 E0.00296
G1 X86.154 Y46.862 E0.00305
G1 X85.821 Y46.555 E0.00594
G1 X85.601 Y46.369 E0.00378
G1 X85.209 Y46.051 E0.00662
G1 X84.996 Y45.892 E0.00349
G1 X84.591 Y45.61 E0.00647
G1 X84.184 Y45.351 E0.00633
G1 X83.956 Y45.217 E0.00347
G1 X83.759 Y45.107 E0.00296
G1 X83.538 Y44.99 E0.00328
G1 X83.088 Y44.769 E0.00657
G1 X82.865 Y44.667 E0.00322
G1 X82.638 Y44.57 E0.00324
G1 X82.411 Y44.479 E0.00321
G1 X82.159 Y44.384 E0.00353
G1 X81.94 Y44.307 E0.00304
G1 X81.569 Y44.189 E0.0051
G1 X81.212 Y44.086 E0.00487
G1 X80.99 Y44.03 E0.003
G1 X80.498 Y43.922 E0.00661
G1 X80.058 Y43.844 E0.00586
G1 X79.627 Y43.786 E0.0057
G1 X79.27 Y43.748 E0.00471
G1 X79.026 Y43.73 E0.00321
G1 X78.639 Y43.71 E0.00508
G1 X78.037 Y43.706 E0.00789
G1 X77.538 Y43.73 E0.00655
G1 X77.3 Y43.748 E0.00313
G1 X76.784 Y43.806 E0.00681
G1 X76.309 Y43.878 E0.0063
G1 X76.063 Y43.926 E0.00329
G1 X75.52 Y44.043 E0.00728
G1 X75.149 Y44.146 E0.00505
G1 X74.621 Y44.31 E0.00725
G1 X74.357 Y44.407 E0.00369
G1 X73.927 Y44.574 E0.00605
G1 X73.461 Y44.782 E0.00669
G1 X73.251 Y44.882 E0.00305
G1 X73.018 Y44.999 E0.00342
G1 X72.812 Y45.11 E0.00307
G1 X72.579 Y45.241 E0.00351
G1 X72.381 Y45.358 E0.00302
G1 X72.175 Y45.487 E0.00319
G1 X72.162 Y45.498 E0.00022
G1 X71.959 Y45.627 E0.00315
G1 X71.742 Y45.778 E0.00347
G1 X71.357 Y46.058 E0.00624
G1 X71.135 Y46.234 E0.00371
G1 X70.775 Y46.537 E0.00617
G1 X70.435 Y46.852 E0.00608
G1 X70.062 Y47.221 E0.00688
G1 X69.883 Y47.413 E0.00344
G1 X69.57 Y47.775 E0.00628
G1 X69.395 Y47.984 E0.00357
G1 X69.259 Y48.158 E0.0029
G1 X69.097 Y48.379 E0.00359
G1 X68.82 Y48.774 E0.00633
G1 X68.68 Y48.985 E0.00332
G1 X68.553 Y49.191 E0.00317
G1 X68.428 Y49.403 E0.00323
G1 X68.193 Y49.833 E0.00643
G1 X67.973 Y50.283 E0.00657
G1 X67.772 Y50.737 E0.00651
G1 X67.67 Y50.99 E0.00358
G1 X67.505 Y51.453 E0.00645
G1 X67.393 Y51.803 E0.00482
G1 X67.292 Y52.158 E0.00484
G1 X67.226 Y52.414 E0.00347
G1 X67.178 Y52.623 E0.00281
G1 X67.081 Y53.113 E0.00655
G1 X67.048 Y53.309 E0.00261
G1 X67.008 Y53.601 E0.00386
G1 X66.976 Y53.871 E0.00357
G1 X66.953 Y54.102 E0.00304
G1 X66.932 Y54.358 E0.00337
G1 X66.914 Y54.733 E0.00492
G1 X66.906 Y55.115 E0.00501
G1 X66.917 Y55.571 E0.00598
G1 X66.952 Y56.078 E0.00666
G1 X66.978 Y56.354 E0.00364
G1 X67.033 Y56.771 E0.00552
G1 X67.086 Y57.083 E0.00415
G1 X67.179 Y57.56 E0.00637
G1 X67.247 Y57.847 E0.00387
G1 X67.359 Y58.257 E0.00557
G1 X67.514 Y58.749 E0.00676
G1 X67.594 Y58.978 E0.00318
G1 X67.777 Y59.442 E0.00654
G1 X67.872 Y59.673 E0.00328
G1 X67.986 Y59.92 E0.00357
G1 X68.199 Y60.346 E0.00625
G1 X68.441 Y60.789 E0.00662
G1 X68.694 Y61.205 E0.00638
G1 X68.843 Y61.433 E0.00357
G1 X69.112 Y61.821 E0.00619
G1 X69.417 Y62.212 E0.0065
G1 X69.564 Y62.39 E0.00303
G1 X69.575 Y62.407 E0.00027
G1 X69.75 Y62.609 E0.0035
G1 X69.91 Y62.785 E0.00312
G1 X70.082 Y62.967 E0.00328
G1 X70.243 Y63.131 E0.00301
G1 X70.574 Y63.452 E0.00605
G1 X70.979 Y63.806 E0.00705
G1 X71.168 Y63.965 E0.00324
G1 X71.563 Y64.264 E0.0065
G1 X71.763 Y64.406 E0.00322
G1 X71.991 Y64.562 E0.00362
G1 X72.388 Y64.815 E0.00617
G1 X72.614 Y64.949 E0.00345
G1 X73.032 Y65.178 E0.00625
G1 X73.496 Y65.404 E0.00677
G1 X73.944 Y65.603 E0.00643
G1 X74.423 Y65.79 E0.00674
G1 X74.869 Y65.937 E0.00616
G1 X75.131 Y66.016 E0.00359
G1 X75.593 Y66.14 E0.00627
G1 X75.843 Y66.199 E0.00337
G1 X76.322 Y66.295 E0.00641
G1 X76.517 Y66.328 E0.00259
G1 X77.075 Y66.396 E0.00737
G1 X77.306 Y66.42 E0.00305
G1 X77.777 Y66.452 E0.00619
G1 X78.31 Y66.466 E0.00699
G0 F18000 X78.289 Y66.146
G0 X75.242 Y65.531
G0 X73.692 Y64.947
G0 X72.243 Y64.131
G0 X71.113 Y63.264
G0 X69.953 Y62.077
G0 X68.989 Y60.732
G0 X68.329 Y59.465
G0 X67.781 Y57.9
G0 X67.474 Y56.268
G0 X67.421 Y54.613
G0 X67.62 Y52.96
G0 X67.988 Y51.585
G0 X68.638 Y50.063
G0 X69.518 Y48.65
G0 X70.598 Y47.39
G0 X71.853 Y46.315
G0 X73.265 Y45.436
G0 X74.503 Y44.908
G0 X76.847 Y44.121
G0 X76.731 Y43.43
;TYPE:WALL-OUTER
G1 F1500 X77.26 Y43.37 E0.00698
G1 X77.509 Y43.351 E0.00327
G1 X78.02 Y43.326 E0.00671
G1 X78.643 Y43.33 E0.00817
G1 X79.056 Y43.35 E0.00542
G1 X79.3 Y43.369 E0.00321
G1 X79.668 Y43.408 E0.00485
G1 X80.109 Y43.468 E0.00584
G1 X80.305 Y43.5 E0.0026
G1 X80.566 Y43.548 E0.00348
G1 X81.073 Y43.659 E0.00681
G1 X81.306 Y43.718 E0.00315
G1 X81.675 Y43.824 E0.00503
G1 X82.056 Y43.945 E0.00524
G1 X82.287 Y44.026 E0.00321
G1 X82.545 Y44.123 E0.00361
G1 X83.015 Y44.317 E0.00667
G1 X83.248 Y44.425 E0.00337
G1 X83.705 Y44.648 E0.00667
G1 X83.939 Y44.772 E0.00347
G1 X84.142 Y44.886 E0.00305
G1 X84.378 Y45.024 E0.00358
G1 X84.795 Y45.29 E0.00649
G1 X85.215 Y45.582 E0.00671
G1 X85.437 Y45.747 E0.00363
G1 X85.843 Y46.076 E0.00685
G1 X86.02 Y46.225 E0.00303
G1 X86.204 Y46.389 E0.00323
G1 X86.414 Y46.585 E0.00377
G1 X86.587 Y46.753 E0.00316
G1 X86.791 Y46.96 E0.00381
G1 X86.79 Y46.963 E0.00004
G1 X86.931 Y47.111 E0.00268
G1 X87.124 Y47.324 E0.00377
G1 X87.287 Y47.514 E0.00328
G1 X87.453 Y47.715 E0.00342
G1 X87.768 Y48.124 E0.00677
G1 X87.919 Y48.334 E0.00339
G1 X88.063 Y48.546 E0.00336
G1 X88.191 Y48.742 E0.00307
G1 X88.447 Y49.157 E0.00639
G1 X88.712 Y49.644 E0.00727
G1 X88.929 Y50.08 E0.00639
G1 X88.983 Y50.198 E0.0017
G1 X89.222 Y50.752 E0.00791
G1 X89.414 Y51.274 E0.00729
G1 X89.573 Y51.779 E0.00694
G1 X89.578 Y51.781 E0.00007
G1 X89.697 Y52.23 E0.00609
G1 X89.768 Y52.533 E0.00408
G1 X89.867 Y53.031 E0.00666
G1 X89.918 Y53.334 E0.00403
G1 X89.976 Y53.777 E0.00586
G1 X90.002 Y54.051 E0.00361
G1 X90.037 Y54.546 E0.00651
G1 X90.046 Y54.835 E0.00379
G1 X90.046 Y55.193 E0.00469
G1 X90.042 Y55.441 E0.00325
G1 X90.023 Y55.832 E0.00513
G1 X90.003 Y56.089 E0.00338
G1 X89.964 Y56.468 E0.005
G1 X89.904 Y56.923 E0.00602
G1 X89.822 Y57.375 E0.00602
G1 X89.771 Y57.619 E0.00327
G1 X89.664 Y58.075 E0.00614
G1 X89.548 Y58.471 E0.00541
G1 X89.434 Y58.829 E0.00493
G1 X89.34 Y59.1 E0.00376
G1 X89.249 Y59.34 E0.00337
G1 X89.154 Y59.576 E0.00334
G1 X89.055 Y59.811 E0.00334
G1 X88.949 Y60.044 E0.00336
G1 X88.736 Y60.476 E0.00632
G1 X88.484 Y60.946 E0.00699
G1 X88.334 Y61.199 E0.00386
G1 X88.21 Y61.397 E0.00306
G1 X87.924 Y61.825 E0.00675
G1 X87.781 Y62.024 E0.00321
G1 X87.637 Y62.217 E0.00316
G1 X87.466 Y62.436 E0.00364
G1 X87.144 Y62.824 E0.00661
G1 X86.963 Y63.024 E0.00354
G1 X86.813 Y63.183 E0.00287
G1 X86.616 Y63.385 E0.0037
G1 X86.42 Y63.58 E0.00363
G1 X86.071 Y63.902 E0.00623
G1 X85.866 Y64.079 E0.00355
G1 X85.86 Y64.079 E0.00008
G1 X85.663 Y64.244 E0.00337
G1 X85.463 Y64.401 E0.00333
G1 X85.25 Y64.562 E0.0035
G1 X84.82 Y64.861 E0.00687
G1 X84.426 Y65.117 E0.00616
G1 X84.147 Y65.278 E0.00422
G1 X83.739 Y65.507 E0.00614
G1 X83.263 Y65.74 E0.00695
G1 X83.05 Y65.838 E0.00307
G1 X82.782 Y65.953 E0.00382
G1 X82.332 Y66.125 E0.00632
G1 X81.861 Y66.289 E0.00654
G1 X81.613 Y66.367 E0.00341
G1 X81.352 Y66.439 E0.00355
G1 X81.075 Y66.51 E0.00375
G1 X80.841 Y66.563 E0.00315
G1 X80.308 Y66.672 E0.00713
G1 X79.845 Y66.742 E0.00614
G1 X79.593 Y66.772 E0.00333
G1 X79.312 Y66.798 E0.0037
G1 X78.822 Y66.833 E0.00644
G1 X78.566 Y66.842 E0.00336
G1 X78.316 Y66.846 E0.00328
G1 X77.793 Y66.834 E0.00686
G1 X77.276 Y66.799 E0.00679
G1 X76.903 Y66.759 E0.00492
G1 X76.469 Y66.705 E0.00573
G1 X76.259 Y66.67 E0.00279
G1 X75.767 Y66.571 E0.00658
G1 X75.505 Y66.51 E0.00353
G1 X75.033 Y66.384 E0.00641
G1 X74.758 Y66.301 E0.00377
G1 X74.285 Y66.145 E0.00653
G1 X73.776 Y65.946 E0.00717
G1 X73.773 Y65.941 E0.00008
G1 X73.34 Y65.75 E0.00621
G1 X72.856 Y65.515 E0.00706
G1 X72.403 Y65.267 E0.00677
G1 X72.192 Y65.141 E0.00322
G1 X71.784 Y64.881 E0.00634
G1 X71.548 Y64.72 E0.00375
G1 X71.352 Y64.58 E0.00316
G1 X70.936 Y64.265 E0.00684
G1 X70.735 Y64.097 E0.00344
G1 X70.321 Y63.735 E0.00721
G1 X70.173 Y63.595 E0.00267
G1 X69.81 Y63.233 E0.00672
G1 X69.632 Y63.044 E0.0034
G1 X69.468 Y62.864 E0.00319
G1 X69.271 Y62.636 E0.00395
G1 X69.269 Y62.63 E0.00008
G1 X69.123 Y62.453 E0.00301
G1 X68.801 Y62.039 E0.00688
G1 X68.53 Y61.649 E0.00623
G1 X68.375 Y61.411 E0.00372
G1 X68.116 Y60.986 E0.00653
G1 X67.857 Y60.513 E0.00707
G1 X67.646 Y60.09 E0.0062
G1 X67.526 Y59.829 E0.00377
G1 X67.426 Y59.588 E0.00342
G1 X67.229 Y59.088 E0.00705
G1 X67.161 Y58.89 E0.00275
G1 X67.003 Y58.389 E0.00689
G1 X66.999 Y58.387 E0.00006
G1 X66.879 Y57.944 E0.00602
G1 X66.809 Y57.646 E0.00401
G1 X66.712 Y57.154 E0.00658
G1 X66.654 Y56.809 E0.00459
G1 X66.601 Y56.4 E0.00541
G1 X66.555 Y55.873 E0.00694
G1 X66.537 Y55.583 E0.00381
G1 X66.526 Y55.121 E0.00606
G1 X66.534 Y54.725 E0.00519
G1 X66.554 Y54.316 E0.00537
G1 X66.573 Y54.072 E0.00321
G1 X66.612 Y53.703 E0.00487
G1 X66.671 Y53.259 E0.00587
G1 X66.707 Y53.047 E0.00282
G1 X66.805 Y52.548 E0.00667
G1 X66.856 Y52.327 E0.00297
G1 X66.924 Y52.061 E0.0036
G1 X67.028 Y51.697 E0.00496
G1 X67.143 Y51.337 E0.00496
G1 X67.313 Y50.861 E0.00663
G1 X67.421 Y50.593 E0.00379
G1 X67.632 Y50.114 E0.00686
G1 X67.844 Y49.684 E0.00629
G1 X67.979 Y49.427 E0.00381
G1 X68.096 Y49.219 E0.00313
G1 X68.227 Y48.996 E0.00339
G1 X68.368 Y48.767 E0.00353
G1 X68.504 Y48.563 E0.00321
G1 X68.817 Y48.116 E0.00716
G1 X68.953 Y47.932 E0.003
G1 X69.096 Y47.75 E0.00304
G1 X69.279 Y47.53 E0.00375
G1 X69.617 Y47.14 E0.00677
G1 X69.785 Y46.961 E0.00322
G1 X70.169 Y46.58 E0.00709
G1 X70.519 Y46.257 E0.00625
G1 X70.891 Y45.943 E0.00638
G1 X71.119 Y45.762 E0.00382
G1 X71.543 Y45.453 E0.00688
G1 X71.742 Y45.315 E0.00318
G1 X72.177 Y45.037 E0.00677
G1 X72.387 Y44.913 E0.0032
G1 X72.626 Y44.778 E0.0036
G1 X72.84 Y44.664 E0.00318
G1 X73.081 Y44.542 E0.00354
G1 X73.263 Y44.456 E0.00264
G1 X73.773 Y44.227 E0.00733
G1 X74.259 Y44.037 E0.00684
G1 X74.505 Y43.948 E0.00343
G1 X74.963 Y43.804 E0.0063
G1 X75.423 Y43.676 E0.00626
G1 X76.008 Y43.548 E0.00785
G1 X76.261 Y43.501 E0.00337
G1 X76.731 Y43.43 E0.00623
G0 F18000 X76.534 Y43.459
G0 X76.611 Y44.153
G0 X73.685 Y45.228
G0 X72.444 Y45.911
G0 X71.119 Y46.904
G0 X69.958 Y48.09
G0 X68.989 Y49.44
G0 X68.328 Y50.712
G0 X67.843 Y52.047
G0 X67.503 Y53.663
G0 X67.409 Y55.091
G0 X67.575 Y56.976
G0 X68.096 Y59.059
G0 X68.741 Y58.793
G1 F1500 X68.912 Y59.209 E0.0059
G1 X69.007 Y59.413 E0.00295
G1 X69.201 Y59.808 E0.00577
G1 X69.312 Y60.017 E0.0031
G1 X69.548 Y60.421 E0.00614
G1 X69.771 Y60.774 E0.00548
G1 X69.903 Y60.962 E0.00301
G1 X70.167 Y61.321 E0.00584
G1 X70.44 Y61.66 E0.00571
G1 X70.574 Y61.819 E0.00273
G1 X70.733 Y61.998 E0.00314
G1 X70.886 Y62.159 E0.00291
G1 X71.2 Y62.478 E0.00587
G1 X71.528 Y62.777 E0.00582
G1 X71.869 Y63.066 E0.00586
G1 X72.049 Y63.209 E0.00301
G1 X72.23 Y63.341 E0.00294
G1 X72.59 Y63.596 E0.00578
G1 X73.164 Y63.951 E0.00885
G1 X73.362 Y64.062 E0.00298
G1 X73.755 Y64.269 E0.00582
G1 X73.953 Y64.364 E0.00288
G1 X74.354 Y64.542 E0.00575
G1 X74.573 Y64.629 E0.00309
G1 X74.991 Y64.779 E0.00582
G1 X75.423 Y64.914 E0.00593
G1 X75.625 Y64.974 E0.00276
G1 X76.067 Y65.081 E0.00596
G1 X76.285 Y65.126 E0.00292
G1 X76.517 Y65.168 E0.00309
G1 X76.949 Y65.24 E0.00574
G1 X77.17 Y65.265 E0.00292
G1 X77.616 Y65.302 E0.00587
G1 X78.061 Y65.322 E0.00584
G1 X78.284 Y65.326 E0.00292
G1 X78.512 Y65.322 E0.00299
G1 X78.955 Y65.302 E0.00581
G1 X79.4 Y65.266 E0.00585
G1 X79.844 Y65.205 E0.00588
G1 X80.281 Y65.128 E0.00582
G1 X80.718 Y65.034 E0.00586
G1 X80.94 Y64.976 E0.00301
G1 X81.153 Y64.915 E0.00291
G1 X81.578 Y64.782 E0.00584
G1 X81.782 Y64.712 E0.00283
G1 X82.209 Y64.547 E0.006
G1 X82.413 Y64.459 E0.00291
G1 X82.824 Y64.269 E0.00594
G1 X83.218 Y64.06 E0.00585
G1 X83.596 Y63.841 E0.00573
G1 X83.833 Y63.694 E0.00366
G1 X84.157 Y63.479 E0.0051
G1 X84.526 Y63.205 E0.00603
G1 X84.704 Y63.066 E0.00296
G1 X85.039 Y62.786 E0.00573
G1 X85.364 Y62.489 E0.00577
G1 X85.529 Y62.329 E0.00301
G1 X85.693 Y62.162 E0.00307
G1 X85.997 Y61.825 E0.00595
G1 X86.411 Y61.325 E0.00851
G1 X86.545 Y61.143 E0.00296
G1 X86.8 Y60.782 E0.0058
G1 X87.025 Y60.426 E0.00552
G1 X87.261 Y60.023 E0.00612
G1 X87.372 Y59.813 E0.00311
G1 X87.567 Y59.416 E0.0058
G1 X87.668 Y59.198 E0.00315
G1 X87.832 Y58.801 E0.00563
G1 X87.985 Y58.378 E0.0059
G1 X88.093 Y58.032 E0.00475
G1 X88.179 Y57.737 E0.00403
G1 X88.286 Y57.3 E0.0059
G1 X88.377 Y56.853 E0.00598
G1 X88.44 Y56.425 E0.00567
G1 X88.49 Y55.981 E0.00586
G1 X88.506 Y55.758 E0.00293
G1 X88.527 Y55.312 E0.00585
G1 X88.526 Y54.864 E0.00587
G1 X88.518 Y54.637 E0.00298
G1 X88.506 Y54.413 E0.00294
G1 X88.47 Y53.968 E0.00585
G1 X88.445 Y53.765 E0.00268
G1 X88.372 Y53.308 E0.00607
G1 X88.331 Y53.086 E0.00296
G1 X88.238 Y52.666 E0.00564
G1 X88.136 Y52.277 E0.00527
G1 X88.054 Y52.005 E0.00373
G1 X87.985 Y51.793 E0.00292
G1 X87.835 Y51.375 E0.00582
G1 X87.66 Y50.954 E0.00598
G1 X87.6 Y50.829 E0.00182
G1 X87.603 Y50.826 E0.00006
G1 X87.471 Y50.556 E0.00394
G1 X87.27 Y50.161 E0.00581
G1 X87.044 Y49.776 E0.00585
G1 X86.926 Y49.584 E0.00296
G1 X86.731 Y49.29 E0.00463
G1 X86.41 Y48.848 E0.00716
G1 X86.136 Y48.508 E0.00573
G1 X85.835 Y48.162 E0.00601
G1 X85.698 Y48.016 E0.00263
G1 X85.533 Y47.847 E0.0031
G1 X85.204 Y47.531 E0.00598
G1 X85.075 Y47.417 E0.00226
G1 X84.707 Y47.106 E0.00632
G1 X84.349 Y46.829 E0.00594
G1 X83.981 Y46.572 E0.00589
G1 X83.784 Y46.444 E0.00308
G1 X83.411 Y46.217 E0.00573
G1 X83.012 Y45.997 E0.00597
G1 X82.546 Y45.769 E0.0068
G1 X82.543 Y45.771 E0.00005
G1 X82.433 Y45.72 E0.00159
G1 X82.219 Y45.628 E0.00305
G1 X81.995 Y45.539 E0.00316
G1 X81.787 Y45.461 E0.00291
G1 X81.403 Y45.328 E0.00533
G1 X80.946 Y45.193 E0.00625
G1 X80.514 Y45.087 E0.00583
G1 X80.072 Y45.001 E0.0059
G1 X79.621 Y44.932 E0.00598
G1 X79.239 Y44.887 E0.00504
G1 X78.741 Y44.854 E0.00654
G1 X78.515 Y44.846 E0.00297
G1 X78.068 Y44.846 E0.00586
G1 X77.844 Y44.854 E0.00294
G1 X77.395 Y44.882 E0.0059
G1 X76.954 Y44.931 E0.00582
G1 X76.732 Y44.964 E0.00294
G1 X76.295 Y45.04 E0.00582
G1 X76.07 Y45.085 E0.00301
G1 X75.631 Y45.195 E0.00593
G1 X75.493 Y45.236 E0.00189
G1 X75.49 Y45.233 E0.00006
G1 X75.209 Y45.318 E0.00385
G1 X74.782 Y45.46 E0.0059
G1 X74.361 Y45.627 E0.00594
G1 X73.944 Y45.812 E0.00598
G1 X73.567 Y45.997 E0.00551
G1 X73.173 Y46.213 E0.00589
G1 X72.789 Y46.445 E0.00588
G1 X72.414 Y46.693 E0.0059
G1 X72.231 Y46.826 E0.00297
G1 X71.875 Y47.102 E0.00591
G1 X71.537 Y47.386 E0.00579
G1 X71.402 Y47.505 E0.00236
G1 X71.052 Y47.838 E0.00633
G1 X70.738 Y48.169 E0.00598
G1 X70.612 Y48.307 E0.00245
G1 X70.448 Y48.494 E0.00326
G1 X70.302 Y48.67 E0.003
G1 X70.032 Y49.025 E0.00585
G1 X69.918 Y49.188 E0.00261
G1 X69.913 Y49.19 E0.00007
G1 X69.653 Y49.578 E0.00612
G1 X69.42 Y49.962 E0.00589
G1 X69.311 Y50.153 E0.00288
G1 X69.207 Y50.352 E0.00294
G1 X69.009 Y50.751 E0.00584
G1 X68.911 Y50.964 E0.00307
G1 X68.744 Y51.367 E0.00572
G1 X68.593 Y51.787 E0.00585
G1 X68.442 Y52.267 E0.0066
G1 X68.339 Y52.658 E0.0053
G1 X68.246 Y53.078 E0.00564
G1 X68.173 Y53.49 E0.00549
G1 X68.142 Y53.721 E0.00306
G1 X68.138 Y53.732 E0.00015
G1 X68.107 Y53.963 E0.00306
G1 X68.07 Y54.412 E0.00591
G1 X68.05 Y54.857 E0.00584
G1 X68.046 Y55.08 E0.00292
G1 X68.058 Y55.53 E0.0059
G1 X68.07 Y55.751 E0.0029
G1 X68.106 Y56.2 E0.00591
G1 X68.135 Y56.422 E0.00294
G1 X68.2 Y56.853 E0.00572
G1 X68.289 Y57.294 E0.0059
G1 X68.338 Y57.504 E0.00283
G1 X68.456 Y57.95 E0.00605
G1 X68.591 Y58.379 E0.0059
G1 X68.741 Y58.793 E0.00577
G0 F18000 X68.673 Y58.605
G1 F1800 E-3.5
;MESH:Full_Asse_Dielectric_Part.STL
G0 F18000 X68.016 Y58.842
G0 X71.267 Y64.244
G0 X70.609 Y65.562
G0 X85.154 Y96.21
G0 X84.921 Y97.421
;TYPE:SKIN
G1 F1800 E3.52079
G1 F8400 X84.921 Y97.795 E0.0062
G1 X85.295 Y97.421 E0.00877
G1 X85.833 Y97.421 E0.00892
G1 X84.921 Y98.332 E0.02138
G1 X84.921 Y98.87 E0.00892
G1 X86.37 Y97.421 E0.03399
G1 X86.908 Y97.421 E0.00892
G1 X84.921 Y99.407 E0.0466
G1 X84.921 Y99.945 E0.00892
G1 X87.445 Y97.421 E0.05921
G1 X87.982 Y97.421 E0.00891
G1 X84.921 Y100.482 E0.07181
G1 X84.921 Y101.019 E0.00891
G1 X88.52 Y97.421 E0.08442
G1 X89.057 Y97.421 E0.00891
G1 X84.921 Y101.557 E0.09703
G1 X84.921 Y102.094 E0.00891
G1 X89.595 Y97.421 E0.10964
G1 X90.132 Y97.421 E0.00891
G1 X84.921 Y102.632 E0.12225
G1 X84.921 Y103.169 E0.00891
G1 X90.669 Y97.421 E0.13485
G1 X91.207 Y97.421 E0.00892
G1 X84.921 Y103.706 E0.14746
G1 X84.921 Y104.244 E0.00892
G1 X91.744 Y97.421 E0.16007
G1 X92.282 Y97.421 E0.00892
G1 X84.921 Y104.781 E0.17267
G1 X84.921 Y105.319 E0.00892
G1 X92.819 Y97.421 E0.18528
G1 X93.356 Y97.421 E0.00891
G1 X84.921 Y105.856 E0.19788
G1 X84.921 Y106.393 E0.00891
G1 X93.894 Y97.421 E0.21049
G1 X94.431 Y97.421 E0.00891
G1 X84.921 Y106.931 E0.2231
G1 X84.921 Y107.468 E0.00891
G1 X94.969 Y97.421 E0.23571
G1 X95.506 Y97.421 E0.00891
G1 X84.921 Y108.006 E0.24832
G1 X84.921 Y108.543 E0.00891
G1 X96.043 Y97.421 E0.26092
G1 X96.581 Y97.421 E0.00892
G1 X84.921 Y109.08 E0.27353
G1 X84.921 Y109.618 E0.00892
G1 X97.118 Y97.421 E0.28614
G1 X97.656 Y97.421 E0.00892
G1 X84.921 Y110.155 E0.29875
G1 X84.921 Y110.693 E0.00892
G1 X98.193 Y97.421 E0.31136
G1 X98.73 Y97.421 E0.00891
G1 X84.921 Y111.23 E0.32395
G1 X84.921 Y111.767 E0.00891
G1 X99.268 Y97.421 E0.33656
G1 X99.805 Y97.421 E0.00891
G1 X84.921 Y112.305 E0.34917
G1 X84.921 Y112.842 E0.00891
G1 X100.343 Y97.421 E0.36178
G1 X100.88 Y97.421 E0.00891
G1 X84.921 Y113.38 E0.37439
G1 X84.921 Y113.917 E0.00891
G1 X101.417 Y97.421 E0.38699
G1 X101.955 Y97.421 E0.00892
G1 X84.921 Y114.454 E0.3996
G1 X84.921 Y114.992 E0.00892
G1 X102.492 Y97.421 E0.41221
G1 X103.03 Y97.421 E0.00892
G1 X84.921 Y115.529 E0.42482
G1 X84.921 Y116.067 E0.00892
G1 X103.567 Y97.421 E0.43743
G1 X104.105 Y97.421 E0.00892
G1 X84.921 Y116.604 E0.45004
G1 X84.921 Y117.141 E0.00891
G1 X104.642 Y97.421 E0.46264
G1 X105.179 Y97.421 E0.00891
G1 X84.921 Y117.679 E0.47525
G1 X84.921 Y118.216 E0.00891
G1 X105.717 Y97.421 E0.48786
G1 X106.254 Y97.421 E0.00891
G1 X84.921 Y118.754 E0.50047
G1 X84.921 Y119.291 E0.00891
G1 X106.792 Y97.421 E0.51307
G1 X107.329 Y97.421 E0.00891
G1 X84.921 Y119.828 E0.52567
G1 X84.921 Y120.366 E0.00892
G1 X107.866 Y97.421 E0.53828
G1 X108.404 Y97.421 E0.00892
G1 X84.921 Y120.903 E0.55089
G1 X84.921 Y121.441 E0.00892
G1 X108.941 Y97.421 E0.5635
G1 X109.479 Y97.421 E0.00892
G1 X84.921 Y121.978 E0.57611
G1 X84.921 Y122.515 E0.00891
G1 X110.016 Y97.421 E0.58871
G1 X110.553 Y97.421 E0.00891
G1 X85.395 Y122.579 E0.5902
G1 X85.933 Y122.579 E0.00892
G1 X111.091 Y97.421 E0.5902
G1 X111.628 Y97.421 E0.00891
G1 X86.47 Y122.579 E0.5902
G1 X87.007 Y122.579 E0.00891
G1 X112.166 Y97.421 E0.59021
G1 X112.703 Y97.421 E0.00891
G1 X87.545 Y122.579 E0.5902
G1 X88.082 Y122.579 E0.00891
G1 X113.24 Y97.421 E0.5902
G1 X113.778 Y97.421 E0.00892
G1 X88.62 Y122.579 E0.5902
G1 X89.157 Y122.579 E0.00891
G1 X114.315 Y97.421 E0.5902
G1 X114.853 Y97.421 E0.00892
G1 X89.694 Y122.579 E0.59021
G1 X90.232 Y122.579 E0.00892
G1 X115.39 Y97.421 E0.5902
G1 X115.927 Y97.421 E0.00891
G1 X90.769 Y122.579 E0.5902
G1 X91.307 Y122.579 E0.00892
G1 X116.465 Y97.421 E0.5902
G1 X117.002 Y97.421 E0.00891
G1 X91.844 Y122.579 E0.5902
G1 X92.381 Y122.579 E0.00891
G1 X117.54 Y97.421 E0.59021
G1 X118.077 Y97.421 E0.00891
G1 X92.919 Y122.579 E0.5902
G1 X93.456 Y122.579 E0.00891
G1 X118.614 Y97.421 E0.5902
G1 X119.152 Y97.421 E0.00892
G1 X93.994 Y122.579 E0.5902
G1 X94.531 Y122.579 E0.00891
G1 X119.689 Y97.421 E0.5902
G1 X120.227 Y97.421 E0.00892
G1 X95.068 Y122.579 E0.59021
G1 X95.606 Y122.579 E0.00892
G1 X120.764 Y97.421 E0.5902
G1 X121.301 Y97.421 E0.00891
G1 X96.143 Y122.579 E0.5902
G1 X96.681 Y122.579 E0.00892
G1 X121.839 Y97.421 E0.5902
G1 X122.376 Y97.421 E0.00891
G1 X97.218 Y122.579 E0.5902
G1 X97.755 Y122.579 E0.00891
G1 X122.914 Y97.421 E0.59021
G1 X123.451 Y97.421 E0.00891
G1 X98.293 Y122.579 E0.5902
G1 X98.83 Y122.579 E0.00891
G1 X123.988 Y97.421 E0.5902
G1 X124.526 Y97.421 E0.00892
G1 X99.368 Y122.579 E0.5902
G1 X99.905 Y122.579 E0.00891
G1 X125.063 Y97.421 E0.5902
G1 X125.601 Y97.421 E0.00892
G1 X100.442 Y122.579 E0.59021
G1 X100.98 Y122.579 E0.00892
G1 X126.138 Y97.421 E0.5902
G1 X126.675 Y97.421 E0.00891
G1 X101.517 Y122.579 E0.5902
G1 X102.055 Y122.579 E0.00892
G1 X127.213 Y97.421 E0.5902
G1 X127.75 Y97.421 E0.00891
G1 X102.592 Y122.579 E0.5902
G1 X103.129 Y122.579 E0.00891
G1 X128.288 Y97.421 E0.59021
G1 X128.825 Y97.421 E0.00891
G1 X103.667 Y122.579 E0.5902
G1 X104.204 Y122.579 E0.00891
G1 X129.362 Y97.421 E0.5902
G1 X129.9 Y97.421 E0.00892
G1 X104.742 Y122.579 E0.5902
G1 X105.279 Y122.579 E0.00891
G1 X130.437 Y97.421 E0.5902
G1 X130.975 Y97.421 E0.00892
G1 X105.816 Y122.579 E0.59021
G1 X106.354 Y122.579 E0.00892
G1 X131.512 Y97.421 E0.5902
G1 X132.049 Y97.421 E0.00891
G1 X106.891 Y122.579 E0.5902
G1 X107.429 Y122.579 E0.00892
G1 X132.587 Y97.421 E0.5902
G1 X133.124 Y97.421 E0.00891
G1 X107.966 Y122.579 E0.5902
G1 X108.503 Y122.579 E0.00891
G1 X133.662 Y97.421 E0.59021
G1 X134.199 Y97.421 E0.00891
G1 X109.041 Y122.579 E0.5902
G1 X109.578 Y122.579 E0.00891
G1 X134.736 Y97.421 E0.5902
G1 X135.079 Y97.421 E0.00569
G1 X135.079 Y97.616 E0.00323
G1 X110.116 Y122.579 E0.58562
G1 X110.653 Y122.579 E0.00891
G1 X135.079 Y98.153 E0.57303
G1 X135.079 Y98.691 E0.00892
G1 X111.19 Y122.579 E0.56042
G1 X111.728 Y122.579 E0.00892
G1 X135.079 Y99.228 E0.54781
G1 X135.079 Y99.766 E0.00892
G1 X112.265 Y122.579 E0.5352
G1 X112.803 Y122.579 E0.00892
G1 X135.079 Y100.303 E0.52259
G1 X135.079 Y100.84 E0.00891
G1 X113.34 Y122.579 E0.50999
G1 X113.877 Y122.579 E0.00891
G1 X135.079 Y101.378 E0.49738
G1 X135.079 Y101.915 E0.00891
G1 X114.415 Y122.579 E0.48477
G1 X114.952 Y122.579 E0.00891
G1 X135.079 Y102.453 E0.47216
G1 X135.079 Y102.99 E0.00891
G1 X115.49 Y122.579 E0.45955
G1 X116.027 Y122.579 E0.00891
G1 X135.079 Y103.528 E0.44694
G1 X135.079 Y104.065 E0.00891
G1 X116.564 Y122.579 E0.43434
G1 X117.102 Y122.579 E0.00892
G1 X135.079 Y104.602 E0.42173
G1 X135.079 Y105.14 E0.00892
G1 X117.639 Y122.579 E0.40912
G1 X118.177 Y122.579 E0.00892
G1 X135.079 Y105.677 E0.39652
G1 X135.079 Y106.215 E0.00892
G1 X118.714 Y122.579 E0.38391
G1 X119.251 Y122.579 E0.00891
G1 X135.079 Y106.752 E0.37131
G1 X135.079 Y107.289 E0.00891
G1 X119.789 Y122.579 E0.3587
G1 X120.326 Y122.579 E0.00891
G1 X135.079 Y107.827 E0.34609
G1 X135.079 Y108.364 E0.00891
G1 X120.864 Y122.579 E0.33348
G1 X121.401 Y122.579 E0.00891
G1 X135.079 Y108.902 E0.32087
G1 X135.079 Y109.439 E0.00891
G1 X121.938 Y122.579 E0.30827
G1 X122.476 Y122.579 E0.00892
G1 X135.079 Y109.976 E0.29566
G1 X135.079 Y110.514 E0.00892
G1 X123.013 Y122.579 E0.28305
G1 X123.551 Y122.579 E0.00892
G1 X135.079 Y111.051 E0.27044
G1 X135.079 Y111.589 E0.00892
G1 X124.088 Y122.579 E0.25783
G1 X124.625 Y122.579 E0.00891
G1 X135.079 Y112.126 E0.24524
G1 X135.079 Y112.663 E0.00891
G1 X125.163 Y122.579 E0.23263
G1 X125.7 Y122.579 E0.00891
G1 X135.079 Y113.201 E0.22002
G1 X135.079 Y113.738 E0.00891
G1 X126.238 Y122.579 E0.20741
G1 X126.775 Y122.579 E0.00891
G1 X135.079 Y114.276 E0.1948
G1 X135.079 Y114.813 E0.00891
G1 X127.312 Y122.579 E0.1822
G1 X127.85 Y122.579 E0.00892
G1 X135.079 Y115.35 E0.16959
G1 X135.079 Y115.888 E0.00892
G1 X128.387 Y122.579 E0.15698
G1 X128.925 Y122.579 E0.00892
G1 X135.079 Y116.425 E0.14437
G1 X135.079 Y116.963 E0.00892
G1 X129.462 Y122.579 E0.13176
G1 X129.999 Y122.579 E0.00891
G1 X135.079 Y117.5 E0.11916
G1 X135.079 Y118.037 E0.00891
G1 X130.537 Y122.579 E0.10655
G1 X131.074 Y122.579 E0.00891
G1 X135.079 Y118.575 E0.09394
G1 X135.079 Y119.112 E0.00891
G1 X131.612 Y122.579 E0.08133
G1 X132.149 Y122.579 E0.00891
G1 X135.079 Y119.65 E0.06873
G1 X135.079 Y120.187 E0.00891
G1 X132.686 Y122.579 E0.05613
G1 X133.224 Y122.579 E0.00892
G1 X135.079 Y120.724 E0.04352
G1 X135.079 Y121.262 E0.00892
G1 X133.761 Y122.579 E0.03091
G1 X134.299 Y122.579 E0.00892
G1 X135.079 Y121.799 E0.0183
G1 X135.079 Y122.337 E0.00892
G0 F18000 X134.836 Y122.579
G1 F8400 X135.079 Y122.337 E0.00569
G1 X135.079 Y122.579 E0.00401
G0 F18000 X134.08 Y121.692
G1 F1800 E-3.5
;MESH:Full_Asse_Dielectric_Part.STL
G0 F18000 X134.84 Y97.71
G0 X137.16 Y97.71
G0 X136.921 Y97.421
G1 F1800 E3.52079
G1 F8400 X136.921 Y97.923 E0.00833
G0 F18000 X137.423 Y97.421
G1 F8400 X136.921 Y97.923 E0.01178
G1 X136.921 Y98.46 E0.00891
G1 X137.961 Y97.421 E0.02439
G1 X138.498 Y97.421 E0.00891
G1 X136.921 Y98.998 E0.037
G1 X136.921 Y99.535 E0.00891
G1 X139.036 Y97.421 E0.04961
G1 X139.573 Y97.421 E0.00891
G1 X136.921 Y100.073 E0.06222
G1 X136.921 Y100.61 E0.00891
G1 X140.11 Y97.421 E0.07481
G1 X140.648 Y97.421 E0.00892
G1 X136.921 Y101.147 E0.08742
G1 X136.921 Y101.685 E0.00892
G1 X141.185 Y97.421 E0.10003
G1 X141.723 Y97.421 E0.00892
G1 X136.921 Y102.222 E0.11264
G1 X136.921 Y102.76 E0.00892
G1 X142.26 Y97.421 E0.12525
G1 X142.797 Y97.421 E0.00891
G1 X136.921 Y103.297 E0.13785
G1 X136.921 Y103.834 E0.00891
G1 X143.335 Y97.421 E0.15046
G1 X143.872 Y97.421 E0.00891
G1 X136.921 Y104.372 E0.16307
G1 X136.921 Y104.909 E0.00891
G1 X144.41 Y97.421 E0.17568
G1 X144.947 Y97.421 E0.00891
G1 X136.921 Y105.447 E0.18829
G1 X136.921 Y105.984 E0.00891
G1 X145.484 Y97.421 E0.20089
G1 X146.022 Y97.421 E0.00892
G1 X136.921 Y106.521 E0.21349
G1 X136.921 Y107.059 E0.00892
G1 X146.559 Y97.421 E0.2261
G1 X147.097 Y97.421 E0.00892
G1 X136.921 Y107.596 E0.23871
G1 X136.921 Y108.134 E0.00892
G1 X147.634 Y97.421 E0.25132
G1 X148.171 Y97.421 E0.00891
G1 X136.921 Y108.671 E0.26392
G1 X136.921 Y109.208 E0.00891
G1 X148.709 Y97.421 E0.27653
G1 X149.246 Y97.421 E0.00891
G1 X136.921 Y109.746 E0.28914
G1 X136.921 Y110.283 E0.00891
G1 X149.784 Y97.421 E0.30175
G1 X150.321 Y97.421 E0.00891
G1 X136.921 Y110.821 E0.31436
G1 X136.921 Y111.358 E0.00891
G1 X150.858 Y97.421 E0.32696
G1 X151.396 Y97.421 E0.00892
G1 X136.921 Y111.895 E0.33957
G1 X136.921 Y112.433 E0.00892
G1 X151.933 Y97.421 E0.35218
G1 X152.471 Y97.421 E0.00892
G1 X136.921 Y112.97 E0.36479
G1 X136.921 Y113.508 E0.00892
G1 X153.008 Y97.421 E0.3774
G1 X153.545 Y97.421 E0.00891
G1 X136.921 Y114.045 E0.38999
G1 X136.921 Y114.582 E0.00891
G1 X154.083 Y97.421 E0.4026
G1 X154.62 Y97.421 E0.00891
G1 X136.921 Y115.12 E0.41521
G1 X136.921 Y115.657 E0.00891
G1 X155.158 Y97.421 E0.42782
G1 X155.695 Y97.421 E0.00891
G1 X136.921 Y116.195 E0.44043
G1 X136.921 Y116.732 E0.00891
G1 X156.232 Y97.421 E0.45303
G1 X156.77 Y97.421 E0.00892
G1 X136.921 Y117.269 E0.46564
G1 X136.921 Y117.807 E0.00892
G1 X157.307 Y97.421 E0.47825
G1 X157.845 Y97.421 E0.00892
G1 X136.921 Y118.344 E0.49086
G1 X136.921 Y118.882 E0.00892
G1 X158.382 Y97.421 E0.50347
G1 X158.919 Y97.421 E0.00891
G1 X136.921 Y119.419 E0.51607
G1 X136.921 Y119.956 E0.00891
G1 X159.457 Y97.421 E0.52868
G1 X159.994 Y97.421 E0.00891
G1 X136.921 Y120.494 E0.54128
G1 X136.921 Y121.031 E0.00891
G1 X160.532 Y97.421 E0.55389
G1 X161.069 Y97.421 E0.00891
G1 X136.921 Y121.569 E0.5665
G1 X136.921 Y122.106 E0.00891
G1 X161.606 Y97.421 E0.5791
G1 X162.144 Y97.421 E0.00892
G1 X136.986 Y122.579 E0.5902
G1 X137.523 Y122.579 E0.00891
G1 X162.681 Y97.421 E0.5902
G1 X163.219 Y97.421 E0.00892
G1 X138.06 Y122.579 E0.59021
G1 X138.598 Y122.579 E0.00892
G1 X163.756 Y97.421 E0.5902
G1 X164.293 Y97.421 E0.00891
G1 X139.135 Y122.579 E0.5902
G1 X139.673 Y122.579 E0.00892
G1 X164.831 Y97.421 E0.5902
G1 X165.368 Y97.421 E0.00891
G1 X140.21 Y122.579 E0.5902
G1 X140.747 Y122.579 E0.00891
G1 X165.906 Y97.421 E0.59021
G1 X166.443 Y97.421 E0.00891
G1 X141.285 Y122.579 E0.5902
G1 X141.822 Y122.579 E0.00891
G1 X166.98 Y97.421 E0.5902
G1 X167.518 Y97.421 E0.00892
G1 X142.36 Y122.579 E0.5902
G1 X142.897 Y122.579 E0.00891
G1 X168.055 Y97.421 E0.5902
G1 X168.593 Y97.421 E0.00892
G1 X143.434 Y122.579 E0.59021
G1 X143.972 Y122.579 E0.00892
G1 X169.13 Y97.421 E0.5902
G1 X169.667 Y97.421 E0.00891
G1 X144.509 Y122.579 E0.5902
G1 X145.047 Y122.579 E0.00892
G1 X170.205 Y97.421 E0.5902
G1 X170.742 Y97.421 E0.00891
G1 X145.584 Y122.579 E0.5902
G1 X146.121 Y122.579 E0.00891
G1 X171.28 Y97.421 E0.59021
G1 X171.817 Y97.421 E0.00891
G1 X146.659 Y122.579 E0.5902
G1 X147.196 Y122.579 E0.00891
G1 X172.354 Y97.421 E0.5902
G1 X172.892 Y97.421 E0.00892
G1 X147.734 Y122.579 E0.5902
G1 X148.271 Y122.579 E0.00891
G1 X173.429 Y97.421 E0.5902
G1 X173.967 Y97.421 E0.00892
G1 X148.809 Y122.579 E0.5902
G1 X149.346 Y122.579 E0.00891
G1 X174.504 Y97.421 E0.5902
G1 X175.041 Y97.421 E0.00891
G1 X149.883 Y122.579 E0.5902
G1 X150.421 Y122.579 E0.00892
G1 X175.579 Y97.421 E0.5902
G1 X176.116 Y97.421 E0.00891
G1 X150.958 Y122.579 E0.5902
G1 X151.496 Y122.579 E0.00892
G1 X176.654 Y97.421 E0.5902
G1 X177.191 Y97.421 E0.00891
G1 X152.033 Y122.579 E0.5902
G1 X152.57 Y122.579 E0.00891
G1 X177.728 Y97.421 E0.5902
G1 X178.266 Y97.421 E0.00892
G1 X153.108 Y122.579 E0.5902
G1 X153.645 Y122.579 E0.00891
G1 X178.803 Y97.421 E0.5902
G1 X179.341 Y97.421 E0.00892
G1 X154.183 Y122.579 E0.5902
G1 X154.72 Y122.579 E0.00891
G1 X179.878 Y97.421 E0.5902
G1 X180.415 Y97.421 E0.00891
G1 X155.257 Y122.579 E0.5902
G1 X155.795 Y122.579 E0.00892
G1 X180.953 Y97.421 E0.5902
G1 X181.49 Y97.421 E0.00891
G1 X156.332 Y122.579 E0.5902
G1 X156.87 Y122.579 E0.00892
G1 X182.028 Y97.421 E0.5902
G1 X182.565 Y97.421 E0.00891
G1 X157.407 Y122.579 E0.5902
G1 X157.944 Y122.579 E0.00891
G1 X183.102 Y97.421 E0.5902
G1 X183.64 Y97.421 E0.00892
G1 X158.482 Y122.579 E0.5902
G1 X159.019 Y122.579 E0.00891
G1 X184.177 Y97.421 E0.5902
G1 X184.715 Y97.421 E0.00892
G1 X159.557 Y122.579 E0.5902
G1 X160.094 Y122.579 E0.00891
G1 X185.252 Y97.421 E0.5902
G1 X185.789 Y97.421 E0.00891
G1 X160.631 Y122.579 E0.5902
G1 X161.169 Y122.579 E0.00892
G1 X186.327 Y97.421 E0.5902
G1 X186.864 Y97.421 E0.00891
G1 X161.706 Y122.579 E0.5902
G1 X162.244 Y122.579 E0.00892
G1 X187.079 Y97.744 E0.58262
G1 X187.079 Y98.281 E0.00891
G1 X162.781 Y122.579 E0.57002
G1 X163.318 Y122.579 E0.00891
G1 X187.079 Y98.819 E0.55741
G1 X187.079 Y99.356 E0.00891
G1 X163.856 Y122.579 E0.5448
G1 X164.393 Y122.579 E0.00891
G1 X187.079 Y99.894 E0.53219
G1 X187.079 Y100.431 E0.00891
G1 X164.931 Y122.579 E0.51958
G1 X165.468 Y122.579 E0.00891
G1 X187.079 Y100.968 E0.50699
G1 X187.079 Y101.506 E0.00892
G1 X166.005 Y122.579 E0.49438
G1 X166.543 Y122.579 E0.00892
G1 X187.079 Y102.043 E0.48177
G1 X187.079 Y102.581 E0.00892
G1 X167.08 Y122.579 E0.46916
G1 X167.618 Y122.579 E0.00892
G1 X187.079 Y103.118 E0.45655
G1 X187.079 Y103.655 E0.00891
G1 X168.155 Y122.579 E0.44395
G1 X168.692 Y122.579 E0.00891
G1 X187.079 Y104.193 E0.43134
G1 X187.079 Y104.73 E0.00891
G1 X169.23 Y122.579 E0.41873
G1 X169.767 Y122.579 E0.00891
G1 X187.079 Y105.268 E0.40612
G1 X187.079 Y105.805 E0.00891
G1 X170.305 Y122.579 E0.39351
G1 X170.842 Y122.579 E0.00891
G1 X187.079 Y106.342 E0.38091
G1 X187.079 Y106.88 E0.00892
G1 X171.379 Y122.579 E0.36831
G1 X171.917 Y122.579 E0.00892
G1 X187.079 Y107.417 E0.3557
G1 X187.079 Y107.955 E0.00892
G1 X172.454 Y122.579 E0.34309
G1 X172.992 Y122.579 E0.00892
G1 X187.079 Y108.492 E0.33048
G1 X187.079 Y109.03 E0.00892
G1 X173.529 Y122.579 E0.31787
G1 X174.066 Y122.579 E0.00891
G1 X187.079 Y109.567 E0.30527
G1 X187.079 Y110.104 E0.00891
G1 X174.604 Y122.579 E0.29266
G1 X175.141 Y122.579 E0.00891
G1 X187.079 Y110.642 E0.28005
G1 X187.079 Y111.179 E0.00891
G1 X175.679 Y122.579 E0.26744
G1 X176.216 Y122.579 E0.00891
G1 X187.079 Y111.717 E0.25483
G1 X187.079 Y112.254 E0.00891
G1 X176.753 Y122.579 E0.24223
G1 X177.291 Y122.579 E0.00892
G1 X187.079 Y112.791 E0.22962
G1 X187.079 Y113.329 E0.00892
G1 X177.828 Y122.579 E0.21701
G1 X178.366 Y122.579 E0.00892
G1 X187.079 Y113.866 E0.2044
G1 X187.079 Y114.404 E0.00892
G1 X178.903 Y122.579 E0.19179
G1 X179.44 Y122.579 E0.00891
G1 X187.079 Y114.941 E0.1792
G1 X187.079 Y115.478 E0.00891
G1 X179.978 Y122.579 E0.16659
G1 X180.515 Y122.579 E0.00891
G1 X187.079 Y116.016 E0.15398
G1 X187.079 Y116.553 E0.00891
G1 X181.053 Y122.579 E0.14137
G1 X181.59 Y122.579 E0.00891
G1 X187.079 Y117.091 E0.12876
G1 X187.079 Y117.628 E0.00891
G1 X182.127 Y122.579 E0.11616
G1 X182.665 Y122.579 E0.00892
G1 X187.079 Y118.165 E0.10355
G1 X187.079 Y118.703 E0.00892
G1 X183.202 Y122.579 E0.09094
G1 X183.74 Y122.579 E0.00892
G1 X187.079 Y119.24 E0.07833
G1 X187.079 Y119.778 E0.00892
G1 X184.277 Y122.579 E0.06572
G1 X184.814 Y122.579 E0.00891
G1 X187.079 Y120.315 E0.05312
G1 X187.079 Y120.852 E0.00891
G1 X185.352 Y122.579 E0.04051
G1 X185.889 Y122.579 E0.00891
G1 X187.079 Y121.39 E0.02791
G1 X187.079 Y121.927 E0.00891
G1 X186.427 Y122.579 E0.0153
G1 X186.964 Y122.579 E0.00891
G1 X187.079 Y122.465 E0.00269
G0 F18000 X186.08 Y121.692
G1 F1800 E-3.5
;MESH:NONMESH
G0 F1200 X186.08 Y121.692 Z0.7
G0 F18000 X137.154 Y97.654
G0 X137.154 Y96.21
G0 X90.72 Y58.857
G0 X89.338 Y58.418
G0 X88.967 Y57.458
G0 X88.655 Y57.387
;TIME_ELAPSED:373.789772
;LAYER:4
;TYPE:WALL-INNER
;MESH:01_Prime_Insulator.STL
G1 F1800 E3.52079
G1 F3000 X88.743 Y56.96 E0.00572
G1 X88.816 Y56.481 E0.00635
G1 X88.869 Y56.013 E0.00618
G1 X88.894 Y55.632 E0.00501
G1 X88.907 Y55.314 E0.00417
G1 X88.906 Y54.864 E0.0059
G1 X88.898 Y54.623 E0.00316
G1 X88.885 Y54.377 E0.00323
G1 X88.848 Y53.937 E0.00579
G1 X88.822 Y53.719 E0.00288
G1 X88.784 Y53.468 E0.00333
G1 X88.704 Y53.009 E0.00611
G1 X88.609 Y52.583 E0.00572
G1 X88.502 Y52.177 E0.00551
G1 X88.418 Y51.897 E0.00383
G1 X88.346 Y51.675 E0.00306
G1 X88.193 Y51.247 E0.00596
G1 X88.005 Y50.794 E0.00643
G1 X87.958 Y50.696 E0.00143
G1 X87.945 Y50.659 E0.00051
G1 X87.812 Y50.388 E0.00396
G1 X87.601 Y49.974 E0.00609
G1 X87.372 Y49.584 E0.00593
G1 X87.25 Y49.384 E0.00307
G1 X87.047 Y49.08 E0.00479
G1 X86.718 Y48.625 E0.00736
G1 X86.431 Y48.269 E0.006
G1 X86.278 Y48.088 E0.00311
G1 X86.12 Y47.91 E0.00312
G1 X85.974 Y47.755 E0.00279
G1 X85.805 Y47.582 E0.00317
G1 X85.461 Y47.249 E0.00628
G1 X84.952 Y46.815 E0.00877
G1 X84.581 Y46.528 E0.00615
G1 X84.2 Y46.26 E0.00611
G1 X83.989 Y46.125 E0.00328
G1 X83.609 Y45.893 E0.00584
G1 X83.19 Y45.66 E0.00629
G1 X82.732 Y45.435 E0.00669
G1 X82.367 Y45.277 E0.00522
G1 X82.136 Y45.186 E0.00326
G1 X81.527 Y44.968 E0.00848
G1 X81.066 Y44.833 E0.0063
G1 X80.604 Y44.718 E0.00624
G1 X80.163 Y44.631 E0.00589
G1 X79.679 Y44.556 E0.00642
G1 X79.283 Y44.509 E0.00523
G1 X78.824 Y44.478 E0.00603
G1 X78.529 Y44.466 E0.00387
G1 X78.068 Y44.466 E0.00605
G1 X77.83 Y44.474 E0.00312
G1 X77.371 Y44.503 E0.00603
G1 X76.912 Y44.553 E0.00605
G1 X76.676 Y44.588 E0.00313
G1 X76.229 Y44.666 E0.00595
G1 X75.996 Y44.712 E0.00311
G1 X75.538 Y44.826 E0.00619
G1 X75.099 Y44.954 E0.006
G1 X74.66 Y45.1 E0.00607
G1 X74.221 Y45.274 E0.00619
G1 X73.787 Y45.464 E0.00621
G1 X73.453 Y45.63 E0.00489
G1 X73.167 Y45.777 E0.00422
G1 X72.98 Y45.885 E0.00283
G1 X72.592 Y46.12 E0.00595
G1 X72.204 Y46.377 E0.0061
G1 X72.006 Y46.52 E0.0032
G1 X71.641 Y46.802 E0.00605
G1 X71.292 Y47.096 E0.00598
G1 X71.152 Y47.219 E0.00244
G1 X70.79 Y47.563 E0.00655
G1 X70.463 Y47.907 E0.00622
G1 X70.33 Y48.052 E0.00258
G1 X70.176 Y48.229 E0.00308
G1 X70.001 Y48.437 E0.00356
G1 X69.729 Y48.795 E0.0059
G1 X69.624 Y48.946 E0.00241
G1 X69.592 Y48.985 E0.00066
G1 X69.337 Y49.367 E0.00602
G1 X69.209 Y49.575 E0.0032
G1 X68.981 Y49.964 E0.00591
G1 X68.87 Y50.176 E0.00314
G1 X68.669 Y50.583 E0.00595
G1 X68.566 Y50.805 E0.00321
G1 X68.393 Y51.221 E0.00591
G1 X68.235 Y51.659 E0.00611
G1 X68.08 Y52.153 E0.00679
G1 X67.971 Y52.567 E0.00561
G1 X67.875 Y52.995 E0.00575
G1 X67.794 Y53.458 E0.00616
G1 X67.758 Y53.698 E0.00318
G1 X67.73 Y53.914 E0.00286
G1 X67.696 Y54.316 E0.00529
G1 X67.682 Y54.54 E0.00294
G1 X67.672 Y54.775 E0.00308
G1 X67.666 Y55.073 E0.00391
G1 X67.678 Y55.54 E0.00613
G1 X67.69 Y55.772 E0.00305
G1 X67.727 Y56.231 E0.00604
G1 X67.759 Y56.473 E0.0032
G1 X67.824 Y56.909 E0.00578
G1 X67.917 Y57.37 E0.00617
G1 X67.968 Y57.591 E0.00297
G1 X68.089 Y58.05 E0.00622
G1 X68.229 Y58.495 E0.00612
G1 X68.387 Y58.934 E0.00612
G1 X68.56 Y59.353 E0.00594
G1 X68.826 Y59.911 E0.00811
G1 X68.972 Y60.188 E0.00411
G1 X69.221 Y60.615 E0.00648
G1 X69.45 Y60.977 E0.00562
G1 X69.592 Y61.18 E0.00325
G1 X69.861 Y61.546 E0.00596
G1 X70.145 Y61.9 E0.00595
G1 X70.284 Y62.065 E0.00283
G1 X70.449 Y62.25 E0.00325
G1 X70.61 Y62.421 E0.00308
G1 X70.93 Y62.745 E0.00597
G1 X71.272 Y63.058 E0.00608
G1 X71.624 Y63.356 E0.00605
G1 X71.832 Y63.522 E0.00349
G1 X72.37 Y63.906 E0.00867
G1 X72.966 Y64.275 E0.00919
G1 X73.176 Y64.393 E0.00316
G1 X73.578 Y64.605 E0.00596
G1 X73.789 Y64.707 E0.00307
G1 X74.16 Y64.872 E0.00532
G1 X74.433 Y64.982 E0.00386
G1 X74.801 Y65.116 E0.00514
G1 X75.31 Y65.277 E0.007
G1 X75.516 Y65.338 E0.00282
G1 X75.978 Y65.451 E0.00624
G1 X76.208 Y65.499 E0.00308
G1 X76.888 Y65.615 E0.00905
G1 X77.127 Y65.643 E0.00316
G1 X77.52 Y65.676 E0.00517
G1 X77.744 Y65.69 E0.00294
G1 X77.979 Y65.7 E0.00308
G1 X78.277 Y65.706 E0.00391
G1 X78.52 Y65.702 E0.00319
G1 X78.976 Y65.682 E0.00599
G1 X79.431 Y65.645 E0.00599
G1 X79.674 Y65.614 E0.00321
G1 X79.9 Y65.581 E0.00299
G1 X80.347 Y65.502 E0.00595
G1 X80.8 Y65.405 E0.00607
G1 X81.259 Y65.28 E0.00624
G1 X81.692 Y65.144 E0.00595
G1 X81.92 Y65.067 E0.00316
G1 X82.367 Y64.893 E0.00629
G1 X82.565 Y64.807 E0.00283
G1 X82.991 Y64.611 E0.00615
G1 X83.396 Y64.396 E0.00601
G1 X83.801 Y64.161 E0.00614
G1 X84.033 Y64.017 E0.00358
G1 X84.367 Y63.795 E0.00526
G1 X84.753 Y63.509 E0.0063
G1 X84.937 Y63.366 E0.00306
G1 X85.283 Y63.077 E0.00591
G1 X85.62 Y62.769 E0.00599
G1 X85.795 Y62.601 E0.00318
G1 X85.965 Y62.428 E0.00318
G1 X86.121 Y62.252 E0.00308
G1 X86.278 Y62.081 E0.00304
G1 X86.716 Y61.553 E0.009
G1 X87.111 Y61 E0.00891
G1 X87.355 Y60.616 E0.00597
G1 X87.483 Y60.399 E0.0033
G1 X87.704 Y60 E0.00598
G1 X87.908 Y59.59 E0.006
G1 X88.009 Y59.367 E0.00321
G1 X88.189 Y58.934 E0.00615
G1 X88.341 Y58.509 E0.00592
G1 X88.481 Y58.062 E0.00614
G1 X88.55 Y57.823 E0.00326
G1 X88.655 Y57.387 E0.00588
G0 F18000 X88.967 Y57.458
G0 X88.15 Y59.687
G0 X87.338 Y61.127
G0 X86.467 Y62.263
G0 X85.282 Y63.421
G0 X83.934 Y64.387
G0 X82.449 Y65.14
G0 X80.827 Y65.651
G0 X78.543 Y66.082
G1 F2984.3 X78.776 Y66.073 E0.00307
G1 X79.021 Y66.059 E0.00323
G1 F3007.9 X79.506 Y66.018 E0.00637
G1 F3000 X79.737 Y65.989 E0.00305
G1 F2976.5 X79.981 Y65.953 E0.00326
G1 F2961 X80.191 Y65.918 E0.00283
G1 F2968.8 X80.669 Y65.823 E0.00646
G1 F2992.1 X80.914 Y65.767 E0.0033
G1 X81.155 Y65.705 E0.00327
G1 F2976.5 X81.364 Y65.647 E0.00287
G1 F2961 X81.614 Y65.568 E0.00348
G1 F2992.1 X82.062 Y65.417 E0.00622
G1 F3015.9 X82.524 Y65.237 E0.00647
G1 F3000 X82.734 Y65.147 E0.003
G1 F3023.9 X83.189 Y64.933 E0.00654
G1 F3007.9 X83.387 Y64.832 E0.00291
G1 F2992.1 X83.605 Y64.713 E0.00327
G1 F3000 X84.021 Y64.473 E0.0063
G1 X84.256 Y64.324 E0.00365
G1 F3023.9 X84.601 Y64.093 E0.0054
G1 F3007.9 X84.793 Y63.954 E0.0031
G1 F2992.1 X85.175 Y63.662 E0.00632
G1 X85.558 Y63.341 E0.00657
G1 X85.91 Y63.016 E0.0063
G1 F3015.9 X86.075 Y62.855 E0.00301
G1 F3031.9 X86.261 Y62.665 E0.00345
G1 F3007.9 X86.559 Y62.338 E0.00579
G1 F2984.3 X86.868 Y61.967 E0.00636
G1 F3007.9 X87.031 Y61.762 E0.00343
G1 F3015.9 X87.165 Y61.58 E0.00295
G1 F3007.9 X87.446 Y61.179 E0.0064
G1 F3000 X87.682 Y60.81 E0.00574
G1 F2992.1 X87.825 Y60.568 E0.0037
G1 F3007.9 X88.054 Y60.145 E0.00629
G1 F3023.9 X88.26 Y59.726 E0.00607
G1 F3015.9 X88.418 Y59.368 E0.0051
G1 X88.549 Y59.049 E0.0045
G1 X88.706 Y58.615 E0.00602
G1 F2992.1 X88.776 Y58.395 E0.00304
G1 F2984.3 X88.888 Y58.022 E0.00513
G1 X89.031 Y57.446 E0.00782
G1 X89.061 Y57.309 E0.00185
G1 F2992.1 X89.119 Y57.014 E0.00395
G1 F3015.9 X89.196 Y56.5 E0.00678
G1 X89.247 Y56.03 E0.00617
G1 F3000 X89.274 Y55.652 E0.00497
G1 F3015.9 X89.285 Y55.304 E0.00454
G1 X89.286 Y54.835 E0.00612
G1 F2984.3 X89.277 Y54.592 E0.00321
G1 X89.263 Y54.347 E0.00323
G1 F3000 X89.222 Y53.869 E0.00629
G1 X89.194 Y53.645 E0.00296
G1 F2992.1 X89.158 Y53.4 E0.00326
G1 F2984.3 X89.119 Y53.17 E0.00308
G1 F2992.1 X89.071 Y52.913 E0.00344
G1 F2984.3 X88.973 Y52.473 E0.00594
G1 F2976.5 X88.913 Y52.236 E0.00323
G1 X88.86 Y52.043 E0.00265
G1 X88.698 Y51.531 E0.0071
G1 F2992.1 X88.522 Y51.048 E0.00676
G1 F3015.9 X88.35 Y50.64 E0.00578
G1 F3023.9 X88.275 Y50.473 E0.00238
G1 F3000 X88.044 Y50.006 E0.00683
G1 F3015.9 X87.932 Y49.793 E0.00314
G1 F3007.9 X87.794 Y49.55 E0.00365
G1 F2976.5 X87.689 Y49.373 E0.00272
G1 F2992.1 X87.555 Y49.157 E0.00334
G1 X87.433 Y48.972 E0.00291
G1 F2976.5 X87.299 Y48.777 E0.00313
G1 F2961 X87.163 Y48.588 E0.00309
G1 F2984.3 X86.996 Y48.365 E0.00367
G1 F3000 X86.71 Y48.009 E0.00599
G1 F2992.1 X86.404 Y47.659 E0.00611
G1 F3000 X86.208 Y47.451 E0.00375
G1 X86.055 Y47.295 E0.00287
G1 F3007.9 X85.718 Y46.971 E0.00611
G1 X85.529 Y46.805 E0.00329
G1 X85.164 Y46.501 E0.00621
G1 F3000 X84.984 Y46.358 E0.00301
G1 F3007.9 X84.776 Y46.203 E0.00339
G1 F3015.9 X84.596 Y46.075 E0.00288
G1 X84.386 Y45.931 E0.00332
G1 F3023.9 X84.174 Y45.793 E0.00329
G1 F3007.9 X83.77 Y45.548 E0.00618
G1 F3015.9 X83.368 Y45.327 E0.00598
G1 F3048.1 X82.886 Y45.091 E0.00693
G1 F3056.3 X82.722 Y45.018 E0.00231
G1 F3031.9 X82.436 Y44.898 E0.00402
G1 F3000 X82.132 Y44.779 E0.00428
G1 F3007.9 X81.631 Y44.604 E0.00694
G1 F3015.9 X81.222 Y44.483 E0.00556
G1 X81.118 Y44.455 E0.0014
G1 F3031.9 X80.651 Y44.342 E0.00623
G1 F3015.9 X80.18 Y44.249 E0.00626
G1 F3007.9 X79.702 Y44.177 E0.00632
G1 F3015.9 X79.326 Y44.133 E0.00494
G1 X78.762 Y44.096 E0.00737
G1 X78.611 Y44.089 E0.00197
G1 X78.369 Y44.086 E0.00316
G1 F3007.9 X78.033 Y44.087 E0.00439
G1 F2992.1 X77.567 Y44.109 E0.00613
G1 X77.339 Y44.125 E0.003
G1 F3007.9 X76.837 Y44.181 E0.00661
G1 F2992.1 X76.378 Y44.253 E0.00611
G1 X76.142 Y44.297 E0.00316
G1 F3023.9 X75.878 Y44.352 E0.00351
G1 F2992.1 X75.617 Y44.413 E0.00352
G1 F2976.5 X75.253 Y44.511 E0.00498
G1 F2992.1 X74.749 Y44.668 E0.00694
G1 F3007.9 X74.493 Y44.759 E0.00355
G1 F3015.9 X74.081 Y44.921 E0.00577
G1 F3007.9 X73.597 Y45.135 E0.00692
G1 X73.209 Y45.328 E0.00567
G1 X72.979 Y45.449 E0.0034
G1 X72.771 Y45.568 E0.00313
G1 F3000 X72.378 Y45.807 E0.00603
G1 F2992.1 X72.176 Y45.939 E0.00317
G1 F3000 X71.962 Y46.085 E0.0034
G1 F3015.9 X71.764 Y46.229 E0.00319
G1 F3000 X71.379 Y46.525 E0.00637
G1 F2984.3 X71.032 Y46.818 E0.00599
G1 F2992.1 X70.886 Y46.948 E0.00257
G1 F3007.9 X70.496 Y47.322 E0.00707
G1 F2992.1 X70.34 Y47.482 E0.00294
G1 F2976.5 X70.169 Y47.664 E0.0033
G1 F3000 X69.868 Y48.006 E0.00597
G1 F3015.9 X69.692 Y48.218 E0.00359
G1 X69.406 Y48.597 E0.00619
G1 F3007.9 X69.136 Y48.984 E0.00617
G1 F2992.1 X69.003 Y49.185 E0.00317
G1 F2984.3 X68.879 Y49.386 E0.00311
G1 F2992.1 X68.76 Y49.587 E0.00307
G1 F3015.9 X68.635 Y49.81 E0.00333
G1 X68.53 Y50.007 E0.00291
G1 X68.319 Y50.439 E0.00627
G1 F3023.9 X68.213 Y50.667 E0.00327
G1 F3007.9 X68.026 Y51.119 E0.0064
G1 X67.866 Y51.568 E0.00623
G1 X67.714 Y52.052 E0.00663
G1 F3000 X67.597 Y52.501 E0.00608
G1 F2992.1 X67.495 Y52.957 E0.00614
G1 F2984.3 X67.416 Y53.411 E0.00607
G1 F3007.9 X67.351 Y53.911 E0.00659
G1 X67.312 Y54.35 E0.00576
G1 F2984.3 X67.302 Y54.52 E0.00224
G1 F2992.1 X67.287 Y55.005 E0.00638
G1 X67.291 Y55.328 E0.00425
G1 X67.299 Y55.577 E0.00328
G1 F3000 X67.313 Y55.817 E0.00315
G1 X67.355 Y56.308 E0.00646
G1 F2992.1 X67.409 Y56.709 E0.00532
G1 F3000 X67.458 Y57.013 E0.00404
G1 F2992.1 X67.55 Y57.474 E0.00618
G1 F2976.5 X67.658 Y57.915 E0.006
G1 F2984.3 X67.732 Y58.179 E0.00361
G1 F2992.1 X67.873 Y58.626 E0.00616
G1 F2984.3 X67.949 Y58.841 E0.00301
G1 F3000 X68.043 Y59.089 E0.00348
G1 F3023.9 X68.23 Y59.542 E0.00638
G1 F3000 X68.335 Y59.768 E0.00327
G1 X68.531 Y60.164 E0.00579
G1 F3007.9 X68.653 Y60.393 E0.00339
G1 F3000 X68.766 Y60.592 E0.003
G1 F2992.1 X69.014 Y60.999 E0.00627
G1 X69.137 Y61.192 E0.00301
G1 F2968.8 X69.415 Y61.587 E0.0064
G1 X69.581 Y61.805 E0.00363
G1 F2984.3 X69.88 Y62.177 E0.00629
G1 F2976.5 X70.032 Y62.354 E0.00308
G1 F2992.1 X70.187 Y62.526 E0.00304
G1 X70.506 Y62.857 E0.00604
G1 F3007.9 X70.697 Y63.045 E0.00351
G1 X70.828 Y63.168 E0.00235
G1 F2992.1 X71.227 Y63.518 E0.00698
G1 X71.4 Y63.664 E0.00298
G1 F3007.9 X71.61 Y63.827 E0.00348
G1 F3015.9 X71.795 Y63.963 E0.00299
G1 F3007.9 X72.197 Y64.245 E0.00642
G1 F3000 X72.395 Y64.371 E0.00308
G1 F2984.3 X72.798 Y64.617 E0.00622
G1 X73.137 Y64.803 E0.0051
G1 F3000 X73.434 Y64.956 E0.00438
G1 F3007.9 X73.65 Y65.06 E0.00314
G1 X74.061 Y65.241 E0.00587
G1 F3023.9 X74.323 Y65.345 E0.00367
G1 F3015.9 X74.673 Y65.473 E0.00486
G1 F2976.5 X75.261 Y65.661 E0.00816
G1 X75.443 Y65.712 E0.0025
G1 F2992.1 X75.906 Y65.824 E0.00626
G1 X76.161 Y65.877 E0.00342
G1 F2984.3 X76.337 Y65.909 E0.00236
G1 X76.763 Y65.979 E0.00569
G1 F3015.9 X76.873 Y65.994 E0.00145
G1 X77.254 Y66.035 E0.005
G1 F2992.1 X77.554 Y66.06 E0.00396
G1 X77.724 Y66.07 E0.00224
G1 X78.209 Y66.085 E0.00638
G1 X78.543 Y66.082 E0.00439
G0 F18000 X75.936 Y65.709
G0 X74.349 Y65.227
G0 X72.847 Y64.508
G0 X71.48 Y63.571
G0 X70.427 Y62.606
G0 X69.377 Y61.326
G0 X68.601 Y60.035
G0 X67.912 Y58.358
G0 X67.575 Y56.976
G0 X67.409 Y55.091
G0 X67.574 Y53.202
G0 X67.988 Y51.585
G0 X68.638 Y50.063
G0 X69.518 Y48.65
G0 X70.598 Y47.39
G0 X71.853 Y46.315
G0 X73.34 Y45.398
G0 X74.703 Y44.839
G0 X77.319 Y44.069
G0 X77.3 Y43.748
G1 F3000 X77.538 Y43.73 E0.00313
G1 X78.037 Y43.706 E0.00655
G1 X78.616 Y43.71 E0.00759
G1 X79.117 Y43.737 E0.00658
G1 X79.355 Y43.756 E0.00313
G1 X79.852 Y43.812 E0.00656
G1 X80.241 Y43.875 E0.00517
G1 X80.586 Y43.942 E0.00461
G1 X81.086 Y44.057 E0.00673
G1 X81.298 Y44.111 E0.00287
G1 X81.707 Y44.232 E0.00559
G1 X81.943 Y44.308 E0.00325
G1 X82.24 Y44.415 E0.00414
G1 X82.242 Y44.413 E0.00004
G1 X82.576 Y44.547 E0.00472
G1 X82.943 Y44.702 E0.00522
G1 X83.318 Y44.88 E0.00544
G1 X83.507 Y44.974 E0.00277
G1 X83.759 Y45.107 E0.00374
G1 X83.956 Y45.217 E0.00296
G1 X84.185 Y45.352 E0.00349
G1 X84.399 Y45.487 E0.00332
G1 X84.808 Y45.761 E0.00646
G1 X85.216 Y46.056 E0.0066
G1 X85.601 Y46.369 E0.00651
G1 X85.821 Y46.555 E0.00378
G1 X86.154 Y46.862 E0.00594
G1 X86.321 Y47.024 E0.00305
G1 X86.479 Y47.185 E0.00296
G1 X86.656 Y47.373 E0.00339
G1 X86.841 Y47.577 E0.00361
G1 X86.999 Y47.762 E0.00319
G1 X87.159 Y47.957 E0.00331
G1 X87.466 Y48.355 E0.00659
G1 X87.609 Y48.555 E0.00322
G1 X87.748 Y48.759 E0.00324
G1 X87.873 Y48.95 E0.00299
G1 X88.121 Y49.353 E0.0062
G1 X88.378 Y49.825 E0.00705
G1 X88.588 Y50.248 E0.00619
G1 X88.636 Y50.352 E0.0015
G1 X88.872 Y50.9 E0.00782
G1 X89.056 Y51.402 E0.00701
G1 X89.217 Y51.911 E0.007
G1 X89.22 Y51.912 E0.00004
G1 X89.329 Y52.325 E0.0056
G1 X89.398 Y52.619 E0.00396
G1 X89.493 Y53.101 E0.00644
G1 X89.543 Y53.397 E0.00394
G1 X89.599 Y53.823 E0.00563
G1 X89.624 Y54.086 E0.00346
G1 X89.658 Y54.569 E0.00635
G1 X89.666 Y54.835 E0.00349
G1 X89.666 Y55.169 E0.00438
G1 X89.662 Y55.416 E0.00324
G1 X89.654 Y55.663 E0.00324
G1 X89.645 Y55.818 E0.00204
G1 X89.625 Y56.065 E0.00325
G1 X89.59 Y56.405 E0.00448
G1 X89.551 Y56.7 E0.0039
G1 X89.494 Y57.072 E0.00493
G1 X89.434 Y57.383 E0.00415
G1 X89.381 Y57.62 E0.00318
G1 X89.261 Y58.098 E0.00646
G1 X89.14 Y58.504 E0.00556
G1 X89.066 Y58.733 E0.00316
G1 X88.902 Y59.182 E0.00627
G1 X88.769 Y59.512 E0.00467
G1 X88.605 Y59.879 E0.00527
G1 X88.381 Y60.338 E0.0067
G1 X88.143 Y60.78 E0.00658
G1 X88.008 Y61.005 E0.00344
G1 X87.762 Y61.387 E0.00596
G1 X87.475 Y61.798 E0.00657
G1 X87.333 Y61.989 E0.00312
G1 X87.167 Y62.202 E0.00354
G1 X86.852 Y62.581 E0.00646
G1 X86.683 Y62.767 E0.0033
G1 X86.536 Y62.923 E0.00281
G1 X86.154 Y63.308 E0.00711
G1 X85.815 Y63.622 E0.00606
G1 X85.649 Y63.765 E0.00287
G1 X85.601 Y63.799 E0.00077
G1 X85.419 Y63.953 E0.00313
G1 X85.229 Y64.102 E0.00317
G1 X85.022 Y64.258 E0.0034
G1 X84.606 Y64.547 E0.00664
G1 X84.224 Y64.795 E0.00597
G1 X83.573 Y65.165 E0.00982
G1 X83.096 Y65.399 E0.00697
G1 X82.892 Y65.492 E0.00294
G1 X82.634 Y65.603 E0.00368
G1 X82.196 Y65.77 E0.00615
G1 X81.738 Y65.93 E0.00636
G1 X81.499 Y66.005 E0.00328
G1 X80.989 Y66.14 E0.00692
G1 X80.755 Y66.193 E0.00315
G1 X80.266 Y66.293 E0.00654
G1 X80.04 Y66.33 E0.003
G1 X79.791 Y66.366 E0.0033
G1 X79.549 Y66.394 E0.00319
G1 X79.278 Y66.42 E0.00357
G1 X78.799 Y66.454 E0.0063
G1 X78.554 Y66.462 E0.00321
G1 X78.213 Y66.466 E0.00447
G1 X77.712 Y66.45 E0.00657
G1 X77.466 Y66.435 E0.00323
G1 X77.219 Y66.413 E0.00325
G1 X76.719 Y66.356 E0.0066
G1 X76.279 Y66.286 E0.00584
G1 X76.057 Y66.244 E0.00296
G1 X75.749 Y66.177 E0.00413
G1 X75.165 Y66.031 E0.00789
G1 X74.556 Y65.835 E0.00839
G1 X74.068 Y65.653 E0.00683
G1 X73.498 Y65.408 E0.00814
G1 X73.255 Y65.29 E0.00354
G1 X72.965 Y65.142 E0.00427
G1 X72.614 Y64.949 E0.00525
G1 X72.388 Y64.815 E0.00345
G1 X71.991 Y64.562 E0.00617
G1 X71.69 Y64.355 E0.00479
G1 X71.574 Y64.271 E0.00188
G1 X71.168 Y63.965 E0.00667
G1 X70.983 Y63.809 E0.00317
G1 X70.577 Y63.454 E0.00707
G1 X70.242 Y63.131 E0.0061
G1 X69.91 Y62.785 E0.00629
G1 X69.75 Y62.609 E0.00312
G1 X69.575 Y62.407 E0.0035
G1 X69.564 Y62.39 E0.00027
G1 X69.417 Y62.212 E0.00303
G1 X69.112 Y61.821 E0.0065
G1 X68.843 Y61.433 E0.00619
G1 X68.694 Y61.205 E0.00357
G1 X68.441 Y60.789 E0.00638
G1 X68.321 Y60.576 E0.00321
G1 X68.197 Y60.342 E0.00347
G1 X67.995 Y59.938 E0.00592
G1 X67.872 Y59.673 E0.00383
G1 X67.777 Y59.442 E0.00328
G1 X67.594 Y58.978 E0.00654
G1 X67.514 Y58.749 E0.00318
G1 X67.359 Y58.257 E0.00676
G1 X67.247 Y57.847 E0.00557
G1 X67.179 Y57.56 E0.00387
G1 X67.086 Y57.083 E0.00637
G1 X67.033 Y56.771 E0.00415
G1 X66.978 Y56.354 E0.00552
G1 X66.952 Y56.078 E0.00364
G1 X66.917 Y55.571 E0.00666
G1 X66.91 Y55.339 E0.00304
G1 X66.907 Y55.009 E0.00433
G1 X66.922 Y54.508 E0.00657
G1 X66.937 Y54.262 E0.00323
G1 X66.959 Y54.018 E0.00321
G1 X67.016 Y53.528 E0.00647
G1 X67.086 Y53.075 E0.00601
G1 X67.122 Y52.883 E0.00256
G1 X67.195 Y52.548 E0.0045
G1 X67.315 Y52.074 E0.00641
G1 X67.436 Y51.665 E0.00559
G1 X67.505 Y51.451 E0.00295
G1 X67.67 Y50.99 E0.00642
G1 X67.866 Y50.517 E0.00671
G1 X68.191 Y49.837 E0.00988
G1 X68.427 Y49.405 E0.00645
G1 X68.553 Y49.191 E0.00326
G1 X68.68 Y48.985 E0.00317
G1 X68.82 Y48.774 E0.00332
G1 X69.097 Y48.379 E0.00633
G1 X69.259 Y48.158 E0.00359
G1 X69.395 Y47.984 E0.0029
G1 X69.57 Y47.775 E0.00357
G1 X69.883 Y47.413 E0.00628
G1 X70.062 Y47.221 E0.00344
G1 X70.435 Y46.852 E0.00688
G1 X70.775 Y46.537 E0.00608
G1 X71.135 Y46.234 E0.00617
G1 X71.357 Y46.058 E0.00371
G1 X71.742 Y45.778 E0.00624
G1 X71.959 Y45.627 E0.00347
G1 X72.162 Y45.498 E0.00315
G1 X72.175 Y45.487 E0.00022
G1 X72.381 Y45.358 E0.00319
G1 X72.579 Y45.241 E0.00302
G1 X72.795 Y45.119 E0.00325
G1 X73.031 Y44.993 E0.00351
G1 X73.251 Y44.882 E0.00323
G1 X73.436 Y44.794 E0.00269
G1 X73.927 Y44.574 E0.00706
G1 X74.357 Y44.407 E0.00605
G1 X74.621 Y44.31 E0.00369
G1 X75.149 Y44.146 E0.00725
G1 X75.52 Y44.043 E0.00505
G1 X76.063 Y43.926 E0.00728
G1 X76.309 Y43.878 E0.00329
G1 X76.784 Y43.806 E0.0063
G1 X77.3 Y43.748 E0.00681
G0 F18000 X77.319 Y44.069
G0 X74.564 Y44.864
G0 X73.059 Y45.546
G0 X71.478 Y46.602
G0 X70.266 Y47.74
G0 X69.374 Y48.851
G0 X68.533 Y50.273
G0 X67.912 Y51.818
G0 X67.503 Y53.663
G0 X67.409 Y55.091
G0 X67.575 Y56.976
G0 X67.99 Y58.59
G0 X68.601 Y60.035
G0 X69.516 Y61.52
G0 X70.595 Y62.779
G0 X71.86 Y63.864
G0 X73.064 Y64.629
G0 X74.349 Y65.227
G0 X75.777 Y65.661
G0 X78.545 Y66.142
G0 X78.566 Y66.842
;TYPE:WALL-OUTER
G1 F1500 X78.822 Y66.833 E0.00336
G1 X79.312 Y66.798 E0.00644
G1 X79.593 Y66.772 E0.0037
G1 X79.845 Y66.742 E0.00333
G1 X80.308 Y66.672 E0.00614
G1 X80.841 Y66.563 E0.00713
G1 X81.075 Y66.51 E0.00315
G1 X81.352 Y66.439 E0.00375
G1 X81.613 Y66.367 E0.00355
G1 X81.861 Y66.289 E0.00341
G1 X82.332 Y66.125 E0.00654
G1 X82.782 Y65.953 E0.00632
G1 X83.05 Y65.838 E0.00382
G1 X83.263 Y65.74 E0.00307
G1 X83.739 Y65.507 E0.00695
G1 X84.147 Y65.278 E0.00614
G1 X84.426 Y65.117 E0.00422
G1 X84.82 Y64.861 E0.00616
G1 X85.25 Y64.562 E0.00687
G1 X85.463 Y64.401 E0.0035
G1 X85.663 Y64.244 E0.00333
G1 X85.86 Y64.079 E0.00337
G1 X85.866 Y64.079 E0.00008
G1 X86.071 Y63.902 E0.00355
G1 X86.42 Y63.58 E0.00623
G1 X86.616 Y63.385 E0.00363
G1 X86.813 Y63.183 E0.0037
G1 X86.963 Y63.024 E0.00287
G1 X87.144 Y62.824 E0.00354
G1 X87.466 Y62.436 E0.00661
G1 X87.637 Y62.217 E0.00364
G1 X87.77 Y62.04 E0.0029
G1 X88.08 Y61.595 E0.00711
G1 X88.334 Y61.199 E0.00617
G1 X88.481 Y60.953 E0.00376
G1 X88.719 Y60.512 E0.00657
G1 X88.952 Y60.034 E0.00697
G1 X89.121 Y59.656 E0.00543
G1 X89.258 Y59.316 E0.00481
G1 X89.427 Y58.852 E0.00648
G1 X89.504 Y58.614 E0.00328
G1 X89.636 Y58.176 E0.006
G1 X89.633 Y58.174 E0.00005
G1 X89.751 Y57.712 E0.00625
G1 X89.807 Y57.457 E0.00342
G1 X89.87 Y57.13 E0.00437
G1 X89.928 Y56.75 E0.00504
G1 X89.968 Y56.446 E0.00402
G1 X90.003 Y56.1 E0.00456
G1 X90.024 Y55.842 E0.00339
G1 X90.034 Y55.675 E0.00219
G1 X90.046 Y55.169 E0.00664
G1 X90.046 Y54.835 E0.00438
G1 X90.037 Y54.546 E0.00379
G1 X90.002 Y54.051 E0.00651
G1 X89.976 Y53.777 E0.00361
G1 X89.918 Y53.334 E0.00586
G1 X89.867 Y53.031 E0.00403
G1 X89.768 Y52.533 E0.00666
G1 X89.697 Y52.23 E0.00408
G1 X89.578 Y51.781 E0.00609
G1 X89.573 Y51.779 E0.00007
G1 X89.414 Y51.274 E0.00694
G1 X89.222 Y50.752 E0.00729
G1 X88.983 Y50.198 E0.00791
G1 X88.929 Y50.08 E0.0017
G1 X88.712 Y49.644 E0.00639
G1 X88.447 Y49.157 E0.00727
G1 X88.191 Y48.742 E0.00639
G1 X88.063 Y48.546 E0.00307
G1 X87.919 Y48.334 E0.00336
G1 X87.768 Y48.124 E0.00339
G1 X87.453 Y47.715 E0.00677
G1 X87.287 Y47.514 E0.00342
G1 X87.124 Y47.324 E0.00328
G1 X86.931 Y47.111 E0.00377
G1 X86.79 Y46.963 E0.00268
G1 X86.791 Y46.96 E0.00004
G1 X86.587 Y46.753 E0.00381
G1 X86.414 Y46.585 E0.00316
G1 X86.204 Y46.389 E0.00377
G1 X86.02 Y46.225 E0.00323
G1 X85.843 Y46.076 E0.00303
G1 X85.448 Y45.755 E0.00667
G1 X85.021 Y45.446 E0.00691
G1 X84.671 Y45.211 E0.00553
G1 X84.379 Y45.025 E0.00454
G1 X84.142 Y44.886 E0.0036
G1 X83.939 Y44.772 E0.00305
G1 X83.708 Y44.649 E0.00343
G1 X83.482 Y44.537 E0.00331
G1 X83.091 Y44.352 E0.00567
G1 X82.717 Y44.194 E0.00532
G1 X82.352 Y44.048 E0.00515
G1 X82.349 Y44.051 E0.00006
G1 X82.066 Y43.948 E0.00395
G1 X81.816 Y43.868 E0.00344
G1 X81.376 Y43.737 E0.00602
G1 X81.374 Y43.739 E0.00004
G1 X81.175 Y43.687 E0.0027
G1 X80.66 Y43.569 E0.00693
G1 X80.303 Y43.501 E0.00477
G1 X79.896 Y43.435 E0.00541
G1 X79.385 Y43.377 E0.00674
G1 X79.141 Y43.358 E0.00321
G1 X78.622 Y43.33 E0.00682
G1 X78.02 Y43.326 E0.00789
G1 X77.509 Y43.351 E0.00671
G1 X77.26 Y43.37 E0.00327
G1 X76.731 Y43.43 E0.00698
G1 X76.261 Y43.501 E0.00623
G1 X76.008 Y43.548 E0.00337
G1 X75.423 Y43.676 E0.00785
G1 X74.963 Y43.804 E0.00626
G1 X74.505 Y43.948 E0.0063
G1 X74.259 Y44.037 E0.00343
G1 X73.773 Y44.227 E0.00684
G1 X73.256 Y44.459 E0.00743
G1 X73.081 Y44.542 E0.00254
G1 X72.852 Y44.657 E0.00336
G1 X72.609 Y44.787 E0.00361
G1 X72.387 Y44.913 E0.00335
G1 X72.177 Y45.037 E0.0032
G1 X71.742 Y45.315 E0.00677
G1 X71.543 Y45.453 E0.00318
G1 X71.119 Y45.762 E0.00688
G1 X70.891 Y45.943 E0.00382
G1 X70.519 Y46.257 E0.00638
G1 X70.169 Y46.58 E0.00625
G1 X69.785 Y46.961 E0.00709
G1 X69.617 Y47.14 E0.00322
G1 X69.279 Y47.53 E0.00677
G1 X69.096 Y47.75 E0.00375
G1 X68.953 Y47.932 E0.00304
G1 X68.817 Y48.116 E0.003
G1 X68.504 Y48.563 E0.00716
G1 X68.368 Y48.767 E0.00321
G1 X68.101 Y49.207 E0.00675
G1 X67.851 Y49.667 E0.00687
G1 X67.728 Y49.915 E0.00363
G1 X67.518 Y50.365 E0.00651
G1 X67.32 Y50.841 E0.00676
G1 X67.152 Y51.306 E0.00648
G1 X67.072 Y51.555 E0.00343
G1 X66.94 Y51.996 E0.00604
G1 X66.943 Y51.998 E0.00005
G1 X66.888 Y52.204 E0.0028
G1 X66.824 Y52.465 E0.00352
G1 X66.769 Y52.711 E0.00331
G1 X66.71 Y53.016 E0.00407
G1 X66.638 Y53.484 E0.00621
G1 X66.583 Y53.968 E0.00639
G1 X66.558 Y54.227 E0.00341
G1 X66.542 Y54.496 E0.00353
G1 X66.527 Y55.013 E0.00678
G1 X66.53 Y55.351 E0.00443
G1 X66.537 Y55.583 E0.00304
G1 X66.555 Y55.873 E0.00381
G1 X66.601 Y56.4 E0.00694
G1 X66.654 Y56.809 E0.00541
G1 X66.712 Y57.154 E0.00459
G1 X66.809 Y57.646 E0.00658
G1 X66.879 Y57.944 E0.00401
G1 X66.999 Y58.387 E0.00602
G1 X67.003 Y58.389 E0.00006
G1 X67.161 Y58.89 E0.00689
G1 X67.229 Y59.088 E0.00275
G1 X67.426 Y59.588 E0.00705
G1 X67.526 Y59.829 E0.00342
G1 X67.655 Y60.108 E0.00403
G1 X67.861 Y60.52 E0.00604
G1 X67.989 Y60.76 E0.00357
G1 X68.116 Y60.986 E0.0034
G1 X68.375 Y61.411 E0.00653
G1 X68.53 Y61.649 E0.00372
G1 X68.801 Y62.039 E0.00623
G1 X69.123 Y62.453 E0.00688
G1 X69.269 Y62.63 E0.00301
G1 X69.271 Y62.636 E0.00008
G1 X69.468 Y62.864 E0.00395
G1 X69.632 Y63.044 E0.00319
G1 X69.81 Y63.233 E0.0034
G1 X69.978 Y63.404 E0.00314
G1 X70.313 Y63.728 E0.00611
G1 X70.739 Y64.101 E0.00742
G1 X70.936 Y64.265 E0.00336
G1 X71.333 Y64.567 E0.00654
G1 X71.473 Y64.667 E0.00226
G1 X71.784 Y64.881 E0.00495
G1 X72.192 Y65.141 E0.00634
G1 X72.43 Y65.281 E0.00362
G1 X72.793 Y65.481 E0.00543
G1 X73.316 Y65.743 E0.00767
G1 X73.934 Y66.009 E0.00882
G1 X74.439 Y66.197 E0.00707
G1 X75.049 Y66.393 E0.0084
G1 X75.403 Y66.484 E0.00479
G1 X75.915 Y66.603 E0.00689
G1 X76.22 Y66.662 E0.00407
G1 X76.675 Y66.733 E0.00604
G1 X77.183 Y66.791 E0.0067
G1 X77.431 Y66.814 E0.00327
G1 X77.7 Y66.83 E0.00353
G1 X78.217 Y66.846 E0.00678
G1 X78.566 Y66.842 E0.00458
G0 F18000 X78.766 Y66.835
G0 X78.745 Y66.136
G0 X78.535 Y66.024
G0 X78.512 Y65.322
G1 F1500 X78.284 Y65.326 E0.00299
G1 X77.993 Y65.32 E0.00382
G1 X77.616 Y65.302 E0.00495
G1 X77.17 Y65.265 E0.00587
G1 X76.949 Y65.24 E0.00292
G1 X76.285 Y65.127 E0.00883
G1 X76.067 Y65.081 E0.00292
G1 X75.625 Y64.974 E0.00596
G1 X75.423 Y64.914 E0.00276
G1 X74.991 Y64.779 E0.00593
G1 X74.573 Y64.629 E0.00582
G1 X74.354 Y64.542 E0.00309
G1 X73.953 Y64.364 E0.00575
G1 X73.755 Y64.269 E0.00288
G1 X73.362 Y64.062 E0.00582
G1 X73.164 Y63.951 E0.00298
G1 X72.59 Y63.596 E0.00885
G1 X72.049 Y63.209 E0.00872
G1 X71.869 Y63.066 E0.00301
G1 X71.528 Y62.777 E0.00586
G1 X71.2 Y62.478 E0.00582
G1 X70.886 Y62.159 E0.00587
G1 X70.733 Y61.998 E0.00291
G1 X70.574 Y61.819 E0.00314
G1 X70.44 Y61.66 E0.00273
G1 X70.167 Y61.321 E0.00571
G1 X69.903 Y60.962 E0.00584
G1 X69.771 Y60.774 E0.00301
G1 X69.548 Y60.421 E0.00548
G1 X69.308 Y60.01 E0.00624
G1 X69.168 Y59.747 E0.00391
G1 X68.912 Y59.209 E0.00781
G1 X68.741 Y58.793 E0.0059
G1 X68.591 Y58.379 E0.00577
G1 X68.456 Y57.95 E0.0059
G1 X68.338 Y57.504 E0.00605
G1 X68.289 Y57.294 E0.00283
G1 X68.2 Y56.853 E0.0059
G1 X68.135 Y56.422 E0.00572
G1 X68.106 Y56.2 E0.00294
G1 X68.07 Y55.751 E0.00591
G1 X68.058 Y55.53 E0.0029
G1 X68.046 Y55.08 E0.0059
G1 X68.052 Y54.789 E0.00382
G1 X68.07 Y54.412 E0.00495
G1 X68.107 Y53.963 E0.00591
G1 X68.138 Y53.732 E0.00306
G1 X68.142 Y53.721 E0.00015
G1 X68.168 Y53.523 E0.00262
G1 X68.246 Y53.078 E0.00592
G1 X68.339 Y52.661 E0.0056
G1 X68.442 Y52.267 E0.00534
G1 X68.593 Y51.787 E0.0066
G1 X68.744 Y51.367 E0.00585
G1 X68.911 Y50.964 E0.00572
G1 X69.009 Y50.751 E0.00307
G1 X69.207 Y50.352 E0.00584
G1 X69.311 Y50.153 E0.00294
G1 X69.42 Y49.962 E0.00288
G1 X69.653 Y49.578 E0.00589
G1 X69.913 Y49.19 E0.00612
G1 X69.918 Y49.188 E0.00007
G1 X70.032 Y49.025 E0.00261
G1 X70.302 Y48.67 E0.00585
G1 X70.448 Y48.494 E0.003
G1 X70.612 Y48.307 E0.00326
G1 X70.738 Y48.169 E0.00245
G1 X71.052 Y47.838 E0.00598
G1 X71.402 Y47.505 E0.00633
G1 X71.537 Y47.386 E0.00236
G1 X71.875 Y47.102 E0.00579
G1 X72.231 Y46.826 E0.00591
G1 X72.414 Y46.693 E0.00297
G1 X72.789 Y46.445 E0.0059
G1 X73.169 Y46.215 E0.00582
G1 X73.364 Y46.103 E0.00295
G1 X73.939 Y45.812 E0.00845
G1 X74.361 Y45.627 E0.00604
G1 X74.782 Y45.46 E0.00594
G1 X75.209 Y45.318 E0.0059
G1 X75.49 Y45.233 E0.00385
G1 X75.493 Y45.236 E0.00006
G1 X75.631 Y45.195 E0.00189
G1 X76.07 Y45.085 E0.00593
G1 X76.295 Y45.04 E0.00301
G1 X76.732 Y44.964 E0.00582
G1 X76.954 Y44.931 E0.00294
G1 X77.395 Y44.882 E0.00582
G1 X77.844 Y44.854 E0.0059
G1 X78.068 Y44.846 E0.00294
G1 X78.515 Y44.846 E0.00586
G1 X78.798 Y44.857 E0.00371
G1 X79.239 Y44.887 E0.0058
G1 X79.621 Y44.932 E0.00504
G1 X80.091 Y45.004 E0.00623
G1 X80.514 Y45.087 E0.00565
G1 X80.958 Y45.197 E0.006
G1 X81.403 Y45.328 E0.00608
G1 X81.787 Y45.461 E0.00533
G1 X81.995 Y45.539 E0.00291
G1 X82.219 Y45.628 E0.00316
G1 X82.427 Y45.716 E0.00296
G1 X82.543 Y45.771 E0.00168
G1 X82.546 Y45.769 E0.00005
G1 X83.012 Y45.997 E0.0068
G1 X83.411 Y46.217 E0.00597
G1 X83.783 Y46.444 E0.00571
G1 X83.982 Y46.572 E0.0031
G1 X84.349 Y46.829 E0.00588
G1 X84.707 Y47.106 E0.00594
G1 X85.075 Y47.417 E0.00632
G1 X85.204 Y47.531 E0.00226
G1 X85.533 Y47.847 E0.00598
G1 X85.698 Y48.016 E0.0031
G1 X85.835 Y48.162 E0.00263
G1 X86.136 Y48.508 E0.00601
G1 X86.41 Y48.848 E0.00573
G1 X86.731 Y49.29 E0.00716
G1 X86.926 Y49.584 E0.00463
G1 X87.044 Y49.776 E0.00296
G1 X87.27 Y50.161 E0.00585
G1 X87.471 Y50.556 E0.00581
G1 X87.603 Y50.826 E0.00394
G1 X87.6 Y50.829 E0.00006
G1 X87.66 Y50.954 E0.00182
G1 X87.835 Y51.375 E0.00598
G1 X87.985 Y51.793 E0.00582
G1 X88.054 Y52.005 E0.00292
G1 X88.136 Y52.277 E0.00373
G1 X88.238 Y52.666 E0.00527
G1 X88.331 Y53.086 E0.00564
G1 X88.372 Y53.308 E0.00296
G1 X88.445 Y53.765 E0.00607
G1 X88.47 Y53.968 E0.00268
G1 X88.506 Y54.413 E0.00585
G1 X88.518 Y54.637 E0.00294
G1 X88.526 Y54.864 E0.00298
G1 X88.527 Y55.308 E0.00582
G1 X88.514 Y55.612 E0.00399
G1 X88.489 Y55.981 E0.00485
G1 X88.44 Y56.425 E0.00586
G1 X88.371 Y56.884 E0.00609
G1 X88.271 Y57.363 E0.00642
G1 X88.216 Y57.593 E0.0031
G1 X88.118 Y57.949 E0.00484
G1 X87.983 Y58.381 E0.00593
G1 X87.832 Y58.801 E0.00585
G1 X87.662 Y59.211 E0.00582
G1 X87.567 Y59.421 E0.00302
G1 X87.371 Y59.816 E0.00578
G1 X87.156 Y60.205 E0.00583
G1 X87.025 Y60.426 E0.00337
G1 X86.8 Y60.782 E0.00552
G1 X86.542 Y61.146 E0.00585
G1 X86.411 Y61.325 E0.00291
G1 X85.997 Y61.825 E0.00851
G1 X85.693 Y62.162 E0.00595
G1 X85.529 Y62.329 E0.00307
G1 X85.364 Y62.489 E0.00301
G1 X85.039 Y62.786 E0.00577
G1 X84.704 Y63.066 E0.00573
G1 X84.526 Y63.205 E0.00296
G1 X84.157 Y63.479 E0.00603
G1 X83.833 Y63.694 E0.0051
G1 X83.596 Y63.841 E0.00366
G1 X83.218 Y64.06 E0.00573
G1 X82.824 Y64.269 E0.00585
G1 X82.413 Y64.459 E0.00594
G1 X82.209 Y64.547 E0.00291
G1 X81.782 Y64.712 E0.006
G1 X81.578 Y64.782 E0.00283
G1 X81.153 Y64.915 E0.00584
G1 X80.94 Y64.976 E0.00291
G1 X80.718 Y65.034 E0.00301
G1 X80.281 Y65.128 E0.00586
G1 X79.844 Y65.205 E0.00582
G1 X79.4 Y65.266 E0.00588
G1 X78.955 Y65.302 E0.00585
G1 X78.512 Y65.322 E0.00581
G0 F18000 X78.312 Y65.325
G1 F1800 E-3.5
;MESH:Full_Asse_Dielectric_Part.STL
G0 F18000 X78.317 Y66.026
G0 X80.791 Y66.352
G0 X81.092 Y67.77
G0 X85.154 Y96.21
G0 X135.039 Y97.421
;TYPE:SKIN
G1 F1800 E3.52079
G1 F8400 X135.079 Y97.421 E0.00066
G1 X135.079 Y97.461
G1 X135.079 Y97.998 E0.00891
G1 X134.502 Y97.421 E0.01354
G1 X133.964 Y97.421 E0.00892
G1 X135.079 Y98.535 E0.02615
G1 X135.079 Y99.073 E0.00892
G1 X133.427 Y97.421 E0.03876
G1 X132.889 Y97.421 E0.00892
G1 X135.079 Y99.61 E0.05136
G1 X135.079 Y100.148 E0.00892
G1 X132.352 Y97.421 E0.06397
G1 X131.815 Y97.421 E0.00891
G1 X135.079 Y100.685 E0.07657
G1 X135.079 Y101.222 E0.00891
G1 X131.277 Y97.421 E0.08918
G1 X130.74 Y97.421 E0.00891
G1 X135.079 Y101.76 E0.10179
G1 X135.079 Y102.297 E0.00891
G1 X130.202 Y97.421 E0.1144
G1 X129.665 Y97.421 E0.00891
G1 X135.079 Y102.835 E0.12701
G1 X135.079 Y103.372 E0.00891
G1 X129.128 Y97.421 E0.13961
G1 X128.59 Y97.421 E0.00892
G1 X135.079 Y103.909 E0.15222
G1 X135.079 Y104.447 E0.00892
G1 X128.053 Y97.421 E0.16483
G1 X127.515 Y97.421 E0.00892
G1 X135.079 Y104.984 E0.17744
G1 X135.079 Y105.522 E0.00892
G1 X126.978 Y97.421 E0.19005
G1 X126.441 Y97.421 E0.00891
G1 X135.079 Y106.059 E0.20264
G1 X135.079 Y106.596 E0.00891
G1 X125.903 Y97.421 E0.21525
G1 X125.366 Y97.421 E0.00891
G1 X135.079 Y107.134 E0.22786
G1 X135.079 Y107.671 E0.00891
G1 X124.828 Y97.421 E0.24047
G1 X124.291 Y97.421 E0.00891
G1 X135.079 Y108.209 E0.25308
G1 X135.079 Y108.746 E0.00891
G1 X123.754 Y97.421 E0.26568
G1 X123.216 Y97.421 E0.00892
G1 X135.079 Y109.283 E0.27829
G1 X135.079 Y109.821 E0.00892
G1 X122.679 Y97.421 E0.2909
G1 X122.141 Y97.421 E0.00892
G1 X128.848 Y104.128 E0.15734
G1 X128.597 Y103.983 E0.00481
G1 X128.556 Y104.037 E0.00112
G1 X128.22 Y104.037 E0.00557
G1 X121.604 Y97.421 E0.15521
G1 X121.067 Y97.421 E0.00891
G1 X127.682 Y104.037 E0.1552
G1 X127.145 Y104.037 E0.00891
G1 X120.529 Y97.421 E0.15521
G1 X119.992 Y97.421 E0.00891
G1 X126.74 Y104.17 E0.15832
G1 X126.4 Y104.366 E0.00651
G1 X119.454 Y97.421 E0.16294
G1 X118.917 Y97.421 E0.00891
G0 F18000 X118.917 Y98.14
G0 X130.19 Y104.074
G0 X129.829 Y104.696
G1 F8400 X129.928 Y104.93 E0.00421
G1 X129.769 Y105.048 E0.00328
G1 X135.079 Y110.358 E0.12457
G1 X135.079 Y110.896 E0.00892
G1 X129.263 Y105.08 E0.13644
G1 X128.725 Y105.08 E0.00892
G1 X135.079 Y111.433 E0.14905
G1 X135.079 Y111.97 E0.00891
G1 X128.188 Y105.08 E0.16165
G1 X127.65 Y105.08 E0.00892
G1 X135.079 Y112.508 E0.17427
G1 X135.079 Y113.045 E0.00891
G1 X127.113 Y105.08 E0.18687
G1 X126.576 Y105.08 E0.00891
G1 X135.079 Y113.583 E0.19948
G1 X135.079 Y114.12 E0.00891
G0 F18000 X134.39 Y113.642
G0 X124.935 Y105.127
G0 X118.917 Y98.14
G0 X118.917 Y97.421
G1 F8400 X126.059 Y104.563 E0.16755
G1 X125.833 Y104.694 E0.00433
G1 X125.778 Y104.819 E0.00227
G1 X118.38 Y97.421 E0.17355
G0 F18000 X118.38 Y98.14
G0 X124.935 Y105.127
G0 X125.633 Y105.674
G0 X126.038 Y105.798
G0 X126.038 Y105.08
G1 F8400 X135.079 Y114.12 E0.21209
G0 F18000 X134.39 Y113.642
G0 X125.935 Y105.798
G0 X125.935 Y105.08
G1 F8400 X125.731 Y104.924 E0.00426
G1 X125.778 Y104.819 E0.00191
G0 F18000 X125.121 Y104.531
G0 X118.38 Y98.14
G0 X118.38 Y97.421
G1 F8400 X117.842 Y97.421 E0.00892
G1 X134.915 Y114.493 E0.40052
G1 X134.54 Y114.277 E0.00718
G1 X134.499 Y114.331 E0.00112
G1 X134.215 Y114.331 E0.00471
G1 X117.305 Y97.421 E0.3967
G1 X116.767 Y97.421 E0.00892
G1 X133.677 Y114.331 E0.3967
G1 X133.14 Y114.331 E0.00891
G1 X116.23 Y97.421 E0.3967
G1 X115.693 Y97.421 E0.00891
G1 X132.716 Y114.445 E0.39937
G1 X132.375 Y114.641 E0.00652
G1 X115.155 Y97.421 E0.40398
G1 X114.618 Y97.421 E0.00891
G0 F18000 X114.618 Y98.14
G0 X131.369 Y115.295
G0 X131.747 Y115.596
G0 X134.79 Y115.662
G0 X135.079 Y115.373
G1 F8400 X134.719 Y115.373 E0.00597
G1 X135.079 Y115.733 E0.00845
G1 X135.079 Y116.27 E0.00891
G1 X134.182 Y115.373 E0.02104
G1 X133.645 Y115.373 E0.00891
G1 X135.079 Y116.808 E0.03365
G1 X135.079 Y117.345 E0.00891
G1 X133.107 Y115.373 E0.04626
G1 X132.57 Y115.373 E0.00891
G1 X135.079 Y117.882 E0.05886
G1 X135.079 Y118.42 E0.00892
G0 F18000 X134.36 Y118.42
G0 X130.878 Y115.421
G0 X114.618 Y98.14
G0 X114.618 Y97.421
G1 F8400 X132.035 Y114.838 E0.4086
G1 X131.776 Y114.988 E0.00496
G1 X131.737 Y115.077 E0.00161
G1 X114.08 Y97.421 E0.41422
G0 F18000 X114.08 Y98.14
G0 X130.878 Y115.421
G0 X131.576 Y115.968
G0 X131.878 Y116.092
G0 X131.878 Y115.373
G1 F8400 X131.674 Y115.218 E0.00425
G1 X131.737 Y115.077 E0.00256
G0 F18000 X132.032 Y115.373
G1 F8400 X135.079 Y118.42 E0.07148
G0 F18000 X134.36 Y118.42
G0 X130.878 Y115.421
G0 X114.08 Y98.14
G0 X114.08 Y97.421
G1 F8400 X113.543 Y97.421 E0.00891
G1 X135.079 Y118.957 E0.50523
G1 X135.079 Y119.495 E0.00892
G1 X113.006 Y97.421 E0.51784
G1 X112.468 Y97.421 E0.00892
G1 X135.079 Y120.032 E0.53045
G1 X135.079 Y120.569 E0.00891
G1 X111.931 Y97.421 E0.54304
G1 X111.393 Y97.421 E0.00892
G1 X135.079 Y121.107 E0.55567
G1 X135.079 Y121.644 E0.00891
G1 X110.856 Y97.421 E0.56826
G1 X110.319 Y97.421 E0.00891
G1 X117.115 Y104.217 E0.15943
G1 X116.71 Y103.984 E0.00775
G1 X116.669 Y104.037 E0.00111
G1 X116.397 Y104.037 E0.00451
G1 X109.781 Y97.421 E0.15521
G1 X109.244 Y97.421 E0.00891
G1 X115.859 Y104.037 E0.1552
G1 X115.322 Y104.037 E0.00891
G1 X108.706 Y97.421 E0.15521
G1 X108.169 Y97.421 E0.00891
G1 X114.894 Y104.146 E0.15777
G1 X114.553 Y104.342 E0.00652
G1 X107.632 Y97.421 E0.16236
G1 X107.094 Y97.421 E0.00892
G0 F18000 X107.094 Y98.14
G0 X118.302 Y104.073
G0 X117.942 Y104.695
G1 F8400 X118.041 Y104.93 E0.00423
G1 X117.919 Y105.022 E0.00253
G1 X135.079 Y122.182 E0.40257
G1 X135.079 Y122.579 E0.00659
G1 X134.939 Y122.579 E0.00232
G1 X117.44 Y105.08 E0.41052
G1 X116.902 Y105.08 E0.00892
G1 X134.402 Y122.579 E0.41053
G1 X133.865 Y122.579 E0.00891
G1 X116.365 Y105.08 E0.41053
G1 X115.828 Y105.08 E0.00891
G1 X133.327 Y122.579 E0.41052
G1 X132.79 Y122.579 E0.00891
G1 X115.29 Y105.08 E0.41053
G1 X114.753 Y105.08 E0.00891
G1 X132.252 Y122.579 E0.41052
G1 X131.715 Y122.579 E0.00891
G0 F18000 X131.715 Y121.86
G0 X124.412 Y114.535
G0 X113.047 Y105.127
G0 X107.094 Y98.14
G0 X107.094 Y97.421
G1 F8400 X114.213 Y104.539 E0.167
G1 X113.945 Y104.694 E0.00514
G1 X113.91 Y104.774 E0.00145
G1 X106.557 Y97.421 E0.1725
G0 F18000 X106.557 Y98.14
G0 X113.047 Y105.127
G0 X113.822 Y105.735
G0 X114.215 Y105.798
G0 X114.215 Y105.08
G1 F8400 X131.715 Y122.579 E0.41053
G0 F18000 X131.715 Y121.86
G0 X124.412 Y114.535
G0 X114.046 Y105.798
G0 X114.046 Y105.079
G1 F8400 X113.843 Y104.924 E0.00424
G1 X113.91 Y104.774 E0.00273
G0 F18000 X113.253 Y104.486
G0 X106.557 Y98.14
G0 X106.557 Y97.421
G1 F8400 X106.019 Y97.421 E0.00892
G0 F18000 X106.019 Y98.14
G0 X113.047 Y105.127
G0 X124.244 Y114.367
G0 X123.884 Y114.989
G1 F8400 X123.984 Y115.224 E0.00424
G1 X123.891 Y115.293 E0.00192
G1 X131.178 Y122.579 E0.17094
G1 X130.64 Y122.579 E0.00892
G1 X123.434 Y115.373 E0.16905
G0 F18000 X123.434 Y116.092
G0 X124.001 Y116.029
G0 X124.772 Y115.444
G0 X124.412 Y114.535
G0 X123.036 Y113.739
G0 X122.801 Y113.673
G0 X121.42 Y113.681
G0 X106.019 Y98.14
G0 X106.019 Y97.421
G1 F8400 X123.179 Y114.581 E0.40257
G1 X122.653 Y114.277 E0.01008
G1 X122.612 Y114.331 E0.00112
G1 X122.392 Y114.331 E0.00365
G1 X105.482 Y97.421 E0.3967
G1 X104.945 Y97.421 E0.00891
G1 X121.854 Y114.331 E0.39669
G1 X121.317 Y114.331 E0.00891
G1 X104.407 Y97.421 E0.3967
G1 X103.87 Y97.421 E0.00891
G1 X120.87 Y114.421 E0.39881
G1 X120.529 Y114.618 E0.00653
G1 X103.332 Y97.421 E0.40344
G1 X102.795 Y97.421 E0.00891
G1 X120.188 Y114.814 E0.40803
G0 F18000 X119.83 Y114.193
G0 X119.374 Y114.529
G0 X118.991 Y115.421
G0 X119.766 Y116.029
G0 X123.434 Y116.092
G0 X123.434 Y115.373
G1 F8400 X122.897 Y115.373 E0.00891
G1 X130.103 Y122.579 E0.16905
G1 X129.565 Y122.579 E0.00892
G1 X122.359 Y115.373 E0.16905
G1 X121.822 Y115.373 E0.00891
G1 X129.028 Y122.579 E0.16905
G1 X128.49 Y122.579 E0.00892
G1 X121.284 Y115.373 E0.16905
G1 X120.747 Y115.373 E0.00891
G1 X127.953 Y122.579 E0.16905
G1 X127.416 Y122.579 E0.00891
G0 F18000 X127.416 Y121.86
G0 X118.991 Y115.421
G0 X119.374 Y114.529
G0 X119.83 Y114.193
G0 X120.188 Y114.814
G1 F8400 X119.889 Y114.988 E0.00574
G1 X119.869 Y115.033 E0.00082
G0 F18000 X120.21 Y115.373
G1 F8400 X127.416 Y122.579 E0.16905
G0 F18000 X127.416 Y121.86
G0 X118.991 Y115.421
G0 X119.212 Y114.745
G0 X119.869 Y115.033
G1 F8400 X102.258 Y97.421 E0.41316
G1 X101.72 Y97.421 E0.00892
G0 F18000 X101.72 Y98.14
G0 X119.212 Y114.745
G0 X119.869 Y115.033
G1 F8400 X119.787 Y115.218 E0.00336
G1 X119.99 Y115.373 E0.00424
G0 F18000 X119.99 Y116.092
G0 X119.766 Y116.029
G0 X119.138 Y115.537
G0 X101.72 Y98.14
G0 X101.72 Y97.421
G1 F8400 X126.878 Y122.579 E0.5902
G1 X126.341 Y122.579 E0.00891
G1 X101.183 Y97.421 E0.5902
G1 X100.645 Y97.421 E0.00892
G1 X125.803 Y122.579 E0.5902
G1 X125.266 Y122.579 E0.00891
G1 X100.108 Y97.421 E0.5902
G1 X99.571 Y97.421 E0.00891
G1 X124.729 Y122.579 E0.5902
G1 X124.191 Y122.579 E0.00892
G1 X99.033 Y97.421 E0.5902
G1 X98.496 Y97.421 E0.00891
G1 X105.38 Y104.305 E0.1615
G0 F18000 X106.128 Y104.736
G1 F8400 X106.107 Y104.813 E0.00132
G1 X106.161 Y104.924 E0.00205
G1 X106.069 Y104.994 E0.00192
G1 X123.654 Y122.579 E0.41254
G0 F18000 X123.654 Y121.86
G0 X106.582 Y104.241
G0 X105.739 Y103.684
G0 X105.38 Y104.305
G1 F8400 X104.953 Y104.059 E0.00817
G1 X104.882 Y104.037 E0.00123
G1 X104.574 Y104.037 E0.00511
G0 F18000 X104.574 Y103.318
G0 X105.205 Y103.445
G0 X106.582 Y104.241
G0 X123.654 Y121.86
G0 X123.654 Y122.579
G1 F8400 X123.116 Y122.579 E0.00892
G1 X105.616 Y105.079 E0.41054
G0 F18000 X105.616 Y105.798
G0 X106.171 Y105.735
G0 X106.942 Y105.15
G0 X106.582 Y104.241
G0 X105.205 Y103.445
G0 X104.574 Y103.318
G0 X104.574 Y104.037
G1 F8400 X97.958 Y97.421 E0.15521
G1 X97.421 Y97.421 E0.00891
G1 X104.037 Y104.037 E0.15521
G1 X103.499 Y104.037 E0.00892
G1 X96.884 Y97.421 E0.1552
G1 X96.346 Y97.421 E0.00892
G1 X103.047 Y104.122 E0.1572
G1 X102.707 Y104.319 E0.00652
G1 X95.809 Y97.421 E0.16182
G1 X95.271 Y97.421 E0.00892
G1 X102.366 Y104.516 E0.16645
G0 F18000 X102.007 Y103.894
G0 X101.543 Y104.235
G0 X101.16 Y105.127
G0 X101.935 Y105.735
G0 X105.616 Y105.798
G0 X105.616 Y105.079
G1 F8400 X105.079 Y105.079 E0.00891
G1 X122.579 Y122.579 E0.41054
G1 X122.042 Y122.579 E0.00891
G1 X104.541 Y105.079 E0.41056
G1 X104.004 Y105.079 E0.00891
G1 X121.504 Y122.579 E0.41054
G1 X120.967 Y122.579 E0.00891
G1 X103.467 Y105.079 E0.41054
G1 X102.929 Y105.079 E0.00892
G1 X120.429 Y122.579 E0.41054
G1 X119.892 Y122.579 E0.00891
G0 F18000 X119.892 Y121.86
G0 X103.641 Y105.727
G0 X101.935 Y105.735
G0 X101.16 Y105.127
G0 X101.543 Y104.235
G0 X102.007 Y103.894
G0 X102.366 Y104.516
G1 F8400 X102.058 Y104.694 E0.0059
G1 X102.043 Y104.73 E0.00065
G1 X94.734 Y97.421 E0.17147
G0 F18000 X94.734 Y98.14
G0 X101.16 Y105.127
G0 X101.935 Y105.735
G0 X102.392 Y105.798
G0 X102.392 Y105.079
G1 F8400 X119.892 Y122.579 E0.41054
G0 F18000 X119.892 Y121.86
G0 X112.525 Y114.535
G0 X102.16 Y105.798
G0 X102.16 Y105.079
G1 F8400 X101.956 Y104.924 E0.00425
G1 X102.043 Y104.73 E0.00353
G0 F18000 X101.385 Y104.442
G0 X94.734 Y98.14
G0 X94.734 Y97.421
G1 F8400 X94.197 Y97.421 E0.00891
G0 F18000 X94.197 Y98.14
G0 X101.16 Y105.127
G0 X112.358 Y114.367
G0 X111.998 Y114.989
G1 F8400 X112.097 Y115.224 E0.00423
G1 X112.041 Y115.265 E0.00115
G1 X119.355 Y122.579 E0.17158
G0 F18000 X119.355 Y121.86
G0 X112.525 Y114.535
G0 X101.16 Y105.127
G0 X94.197 Y98.14
G0 X94.197 Y97.421
G1 F8400 X111.445 Y114.669 E0.40463
G1 X110.765 Y114.277 E0.01302
G1 X110.725 Y114.331 E0.00111
G1 X110.57 Y114.331 E0.00257
G0 F18000 X110.57 Y113.612
G0 X111.149 Y113.739
G0 X112.525 Y114.535
G0 X119.355 Y121.86
G0 X119.355 Y122.579
G1 F8400 X118.817 Y122.579 E0.00892
G1 X111.611 Y115.373 E0.16905
G0 F18000 X111.611 Y116.092
G0 X112.114 Y116.029
G0 X112.885 Y115.444
G0 X112.525 Y114.535
G0 X111.149 Y113.739
G0 X110.57 Y113.612
G0 X110.57 Y114.331
G1 F8400 X93.659 Y97.421 E0.39671
G1 X93.122 Y97.421 E0.00891
G1 X110.032 Y114.331 E0.3967
G1 X109.495 Y114.331 E0.00891
G1 X92.584 Y97.421 E0.39671
G1 X92.047 Y97.421 E0.00891
G1 X109.024 Y114.398 E0.39827
G1 X108.683 Y114.594 E0.00652
G1 X91.51 Y97.421 E0.40287
G1 X90.972 Y97.421 E0.00892
G1 X108.342 Y114.791 E0.40749
G0 F18000 X107.984 Y114.17
G0 X107.487 Y114.529
G0 X107.104 Y115.421
G0 X107.879 Y116.029
G0 X111.611 Y116.092
G0 X111.611 Y115.373
G1 F8400 X111.074 Y115.373 E0.00891
G1 X118.28 Y122.579 E0.16905
G1 X117.742 Y122.579 E0.00892
G1 X110.536 Y115.373 E0.16905
G1 X109.999 Y115.373 E0.00891
G1 X117.205 Y122.579 E0.16905
G1 X116.668 Y122.579 E0.00891
G1 X109.462 Y115.373 E0.16905
G1 X108.924 Y115.373 E0.00892
G1 X116.13 Y122.579 E0.16905
G1 X115.593 Y122.579 E0.00891
G0 F18000 X115.593 Y121.86
G0 X107.104 Y115.421
G0 X107.487 Y114.529
G0 X107.984 Y114.17
G0 X108.342 Y114.791
G1 F8400 X108.002 Y114.988 E0.00652
G1 X90.435 Y97.421 E0.41212
G0 F18000 X90.435 Y98.14
G0 X107.104 Y115.421
G0 X107.879 Y116.029
G0 X108.387 Y116.092
G0 X108.387 Y115.373
G1 F8400 X115.593 Y122.579 E0.16905
G0 F18000 X115.593 Y121.86
G0 X108.104 Y116.092
G0 X108.104 Y115.373
G1 F8400 X107.9 Y115.218 E0.00425
G1 X108.002 Y114.988 E0.00417
G0 F18000 X107.345 Y114.7
G0 X90.435 Y98.14
G0 X90.435 Y97.421
G1 F8400 X89.897 Y97.421 E0.00892
G1 X115.055 Y122.579 E0.5902
G1 X114.518 Y122.579 E0.00891
G1 X89.36 Y97.421 E0.5902
G1 X88.823 Y97.421 E0.00891
G1 X113.981 Y122.579 E0.5902
G1 X113.443 Y122.579 E0.00892
G1 X88.285 Y97.421 E0.5902
G1 X87.748 Y97.421 E0.00891
G1 X112.906 Y122.579 E0.5902
G1 X112.368 Y122.579 E0.00892
G1 X87.21 Y97.421 E0.5902
G1 X86.673 Y97.421 E0.00891
G1 X93.645 Y104.393 E0.16356
G0 F18000 X94.168 Y104.695
G1 F8400 X94.266 Y104.93 E0.00422
G1 X94.218 Y104.966 E0.001
G1 X111.831 Y122.579 E0.4132
G1 X111.294 Y122.579 E0.00891
G1 X93.793 Y105.079 E0.41056
G0 F18000 X93.645 Y104.393
G1 F8400 X92.935 Y103.983 E0.0136
G1 X92.894 Y104.037 E0.00112
G1 X92.751 Y104.037 E0.00237
G1 X86.136 Y97.421 E0.1552
G1 X85.598 Y97.421 E0.00892
G1 X92.214 Y104.037 E0.15521
G1 X91.676 Y104.037 E0.00892
G1 X85.061 Y97.421 E0.1552
G1 X84.921 Y97.421 E0.00232
G1 X84.921 Y97.818 E0.00659
G1 X91.201 Y104.099 E0.14734
G1 X90.86 Y104.295 E0.00652
G1 X84.921 Y98.356 E0.13933
G1 X84.921 Y98.893 E0.00891
G1 X90.52 Y104.492 E0.13135
G0 F18000 X90.161 Y103.871
G0 X89.656 Y104.235
G0 X89.273 Y105.127
G0 X90.048 Y105.735
G0 X93.793 Y105.798
G0 X93.793 Y105.079
G1 F8400 X93.256 Y105.079 E0.00891
G1 X110.756 Y122.579 E0.41054
G1 X110.219 Y122.579 E0.00891
G1 X92.719 Y105.079 E0.41054
G1 X92.181 Y105.079 E0.00892
G1 X109.681 Y122.579 E0.41054
G1 X109.144 Y122.579 E0.00891
G1 X91.644 Y105.079 E0.41054
G1 X91.106 Y105.079 E0.00892
G1 X108.607 Y122.579 E0.41056
G1 X108.069 Y122.579 E0.00892
G0 F18000 X108.069 Y121.86
G0 X91.635 Y105.728
G0 X90.048 Y105.735
G0 X89.273 Y105.127
G0 X89.656 Y104.235
G0 X90.161 Y103.871
G0 X90.52 Y104.492
G1 F8400 X90.179 Y104.689 E0.00653
G1 X84.921 Y99.431 E0.12335
G0 F18000 X85.64 Y99.431
G0 X89.273 Y105.127
G0 X90.048 Y105.735
G0 X90.569 Y105.798
G0 X90.569 Y105.079
G1 F8400 X108.069 Y122.579 E0.41054
G0 F18000 X108.069 Y121.86
G0 X100.638 Y114.535
G0 X90.273 Y105.798
G0 X90.273 Y105.079
G1 F8400 X90.069 Y104.924 E0.00425
G1 X90.171 Y104.694 E0.00417
G1 X90.179 Y104.689 E0.00016
G0 F18000 X89.82 Y104.068
G0 X85.64 Y99.431
G0 X84.921 Y99.431
G1 F8400 X84.921 Y99.968 E0.00891
G0 F18000 X85.64 Y99.968
G0 X89.273 Y105.127
G0 X100.471 Y114.367
G0 X100.111 Y114.989
G1 F8400 X100.21 Y115.224 E0.00423
G1 X100.191 Y115.239 E0.0004
G0 F18000 X100.619 Y115.813
G0 X100.998 Y115.444
G0 X100.638 Y114.535
G0 X89.273 Y105.127
G0 X85.64 Y99.968
G0 X84.921 Y99.968
G1 F8400 X99.709 Y114.756 E0.34692
G0 F18000 X100.191 Y115.239
G1 F8400 X107.532 Y122.579 E0.17221
G0 F18000 X107.532 Y121.86
G0 X100.638 Y114.535
G0 X100.069 Y114.135
G0 X99.709 Y114.756
G1 F8400 X98.879 Y114.277 E0.0159
G1 X98.838 Y114.331 E0.00112
G1 X98.746 Y114.331 E0.00153
G0 F18000 X98.746 Y113.612
G0 X99.262 Y113.739
G0 X100.638 Y114.535
G0 X107.532 Y121.86
G0 X107.532 Y122.579
G1 F8400 X106.994 Y122.579 E0.00892
G1 X99.788 Y115.373 E0.16905
G0 F18000 X99.788 Y116.092
G0 X100.227 Y116.029
G0 X100.998 Y115.444
G0 X100.638 Y114.535
G0 X99.4 Y113.819
G0 X98.746 Y113.612
G0 X98.746 Y114.331
G1 F8400 X84.921 Y100.505 E0.32434
G1 X84.921 Y101.043 E0.00892
G1 X98.209 Y114.331 E0.31173
G1 X97.671 Y114.331 E0.00892
G1 X84.921 Y101.58 E0.29912
G1 X84.921 Y102.118 E0.00892
G1 X97.177 Y114.374 E0.28752
G1 X96.836 Y114.57 E0.00652
G1 X84.921 Y102.655 E0.27952
G1 X84.921 Y103.192 E0.00891
G0 F18000 X85.64 Y103.192
G0 X100.638 Y114.535
G0 X100.998 Y115.444
G0 X100.227 Y116.029
G0 X99.788 Y116.092
G0 X99.788 Y115.373
G1 F8400 X99.251 Y115.373 E0.00891
G1 X106.457 Y122.579 E0.16905
G1 X105.92 Y122.579 E0.00891
G1 X98.714 Y115.373 E0.16905
G1 X98.176 Y115.373 E0.00892
G1 X105.382 Y122.579 E0.16905
G1 X104.845 Y122.579 E0.00891
G1 X97.639 Y115.373 E0.16905
G1 X97.101 Y115.373 E0.00892
G1 X104.307 Y122.579 E0.16905
G1 X103.77 Y122.579 E0.00891
G0 F18000 X103.77 Y121.86
G0 X95.217 Y115.421
G0 X85.64 Y103.192
G0 X84.921 Y103.192
G1 F8400 X96.495 Y114.767 E0.27153
G1 X96.155 Y114.964 E0.00652
G1 X84.921 Y103.73 E0.26355
G0 F18000 X85.64 Y103.73
G0 X95.217 Y115.421
G0 X95.992 Y116.029
G0 X96.564 Y116.092
G0 X96.564 Y115.373
G1 F8400 X103.77 Y122.579 E0.16905
G0 F18000 X103.77 Y121.86
G0 X96.217 Y116.092
G0 X96.217 Y115.373
G1 F8400 X96.013 Y115.218 E0.00425
G1 X96.115 Y114.988 E0.00417
G1 X96.155 Y114.964 E0.00077
G0 F18000 X95.797 Y114.343
G0 X85.64 Y103.73
G0 X84.921 Y103.73
G1 F8400 X84.921 Y104.267 E0.00891
G1 X103.233 Y122.579 E0.42959
G1 X102.695 Y122.579 E0.00892
G1 X84.921 Y104.805 E0.41697
G1 X84.921 Y105.342 E0.00891
G1 X102.158 Y122.579 E0.40437
G1 X101.62 Y122.579 E0.00892
G1 X84.921 Y105.879 E0.39176
G1 X84.921 Y106.417 E0.00892
G1 X101.083 Y122.579 E0.37916
G1 X100.546 Y122.579 E0.00891
G1 X84.921 Y106.954 E0.36656
G1 X84.921 Y107.492 E0.00892
G1 X100.008 Y122.579 E0.35394
G1 X99.471 Y122.579 E0.00891
G1 X84.921 Y108.029 E0.34134
G1 X84.921 Y108.566 E0.00891
G1 X98.933 Y122.579 E0.32873
G1 X98.396 Y122.579 E0.00891
G1 X84.921 Y109.104 E0.31612
G1 X84.921 Y109.641 E0.00891
G1 X97.859 Y122.579 E0.30352
G1 X97.321 Y122.579 E0.00892
G1 X84.921 Y110.179 E0.2909
G1 X84.921 Y110.716 E0.00891
G1 X96.784 Y122.579 E0.2783
G1 X96.246 Y122.579 E0.00892
G1 X84.921 Y111.253 E0.26569
G1 X84.921 Y111.791 E0.00892
G1 X87.975 Y114.845 E0.07165
G0 F18000 X88.299 Y115.169
G1 F8400 X95.709 Y122.579 E0.17384
G1 X95.172 Y122.579 E0.00891
G0 F18000 X95.172 Y121.86
G0 X88.751 Y114.535
G0 X88.335 Y114.223
G0 X87.975 Y114.845
G1 F8400 X86.993 Y114.277 E0.01882
G1 X86.951 Y114.331 E0.00113
G1 X86.924 Y114.331 E0.00045
G1 X84.921 Y112.328 E0.04699
G1 X84.921 Y112.866 E0.00892
G1 X86.387 Y114.331 E0.03438
G1 X85.849 Y114.331 E0.00892
G1 X84.921 Y113.403 E0.02177
G1 X84.921 Y113.94 E0.00891
G1 X85.331 Y114.35 E0.00962
G1 X84.99 Y114.547 E0.00653
G1 X84.921 Y114.478 E0.00162
G0 F18000 X85.19 Y114.124
G0 X85.367 Y114.073
G0 X87.218 Y114.111
G0 X88.31 Y114.742
G0 X95.172 Y121.86
G0 X95.172 Y122.579
G1 F8400 X87.965 Y115.373 E0.16906
G1 X87.428 Y115.373 E0.00891
G1 X94.634 Y122.579 E0.16905
G1 X94.097 Y122.579 E0.00891
G1 X86.891 Y115.373 E0.16905
G1 X86.353 Y115.373 E0.00892
G1 X93.559 Y122.579 E0.16905
G1 X93.022 Y122.579 E0.00891
G1 X85.816 Y115.373 E0.16905
G1 X85.278 Y115.373 E0.00892
G1 X92.485 Y122.579 E0.16906
G1 X91.947 Y122.579 E0.00892
G1 X84.921 Y115.553 E0.16483
G1 X84.921 Y116.09 E0.00891
G1 X91.41 Y122.579 E0.15223
G1 X90.872 Y122.579 E0.00892
G1 X84.921 Y116.627 E0.13962
G1 X84.921 Y117.165 E0.00892
G1 X90.335 Y122.579 E0.12701
G1 X89.798 Y122.579 E0.00891
G1 X84.921 Y117.702 E0.11441
G1 X84.921 Y118.24 E0.00892
G1 X89.26 Y122.579 E0.10179
G1 X88.723 Y122.579 E0.00891
G1 X84.921 Y118.777 E0.08919
G1 X84.921 Y119.314 E0.00891
G1 X88.185 Y122.579 E0.07658
G1 X87.648 Y122.579 E0.00891
G1 X84.921 Y119.852 E0.06397
G1 X84.921 Y120.389 E0.00891
G1 X87.111 Y122.579 E0.05138
G1 X86.573 Y122.579 E0.00892
G1 X84.921 Y120.927 E0.03876
G1 X84.921 Y121.464 E0.00891
G1 X86.036 Y122.579 E0.02616
G1 X85.498 Y122.579 E0.00892
G1 X84.921 Y122.001 E0.01355
G1 X84.921 Y122.539 E0.00892
G0 F18000 X85.808 Y121.58
G1 F1800 E-3.5
;MESH:Full_Asse_Dielectric_Part.STL
G0 F18000 X100.094 Y115.629
G0 X134.84 Y97.71
G0 X137.16 Y97.71
G0 X187.079 Y97.421
G1 F1800 E3.52079
G1 F8400 X186.63 Y97.421 E0.00745
G1 X187.079 Y97.871 E0.01055
G1 X187.079 Y98.408 E0.00891
G1 X186.092 Y97.421 E0.02315
G1 X185.555 Y97.421 E0.00891
G1 X187.079 Y98.945 E0.03575
G1 X187.079 Y99.483 E0.00892
G1 X185.017 Y97.421 E0.04837
G1 X184.48 Y97.421 E0.00891
G1 X187.079 Y100.02 E0.06097
G1 X187.079 Y100.558 E0.00892
G1 X183.943 Y97.421 E0.07358
G1 X183.405 Y97.421 E0.00892
G1 X187.079 Y101.095 E0.08619
G1 X187.079 Y101.632 E0.00891
G1 X182.868 Y97.421 E0.09879
G1 X182.33 Y97.421 E0.00892
G1 X187.079 Y102.17 E0.11141
G1 X187.079 Y102.707 E0.00891
G1 X181.793 Y97.421 E0.12401
G1 X181.256 Y97.421 E0.00891
G1 X187.079 Y103.245 E0.13662
G1 X187.079 Y103.782 E0.00891
G1 X180.718 Y97.421 E0.14923
G1 X180.181 Y97.421 E0.00891
G1 X187.079 Y104.319 E0.16182
G1 X187.079 Y104.857 E0.00892
G1 X179.643 Y97.421 E0.17445
G1 X179.106 Y97.421 E0.00891
G1 X187.079 Y105.394 E0.18704
G1 X187.079 Y105.932 E0.00892
G1 X178.569 Y97.421 E0.19965
G1 X178.031 Y97.421 E0.00892
G1 X187.079 Y106.469 E0.21226
G1 X187.079 Y107.006 E0.00891
G1 X177.494 Y97.421 E0.22486
G1 X176.956 Y97.421 E0.00892
G1 X187.079 Y107.544 E0.23748
G1 X187.079 Y108.081 E0.00891
G1 X176.419 Y97.421 E0.25008
G1 X175.881 Y97.421 E0.00892
G1 X187.079 Y108.619 E0.2627
G1 X187.079 Y109.156 E0.00891
G1 X175.344 Y97.421 E0.2753
G1 X174.807 Y97.421 E0.00891
G1 X187.079 Y109.693 E0.2879
G1 X187.079 Y110.231 E0.00892
G0 F18000 X186.36 Y110.231
G0 X183.116 Y105.379
G0 X182.189 Y104.073
G0 X181.829 Y104.695
G1 F8400 X181.928 Y104.93 E0.00423
G1 X181.842 Y104.994 E0.00178
G0 F18000 X181.152 Y104.304
G1 F8400 X174.269 Y97.421 E0.16147
G0 F18000 X174.269 Y98.14
G0 X182.356 Y104.241
G0 X186.36 Y110.231
G0 X187.079 Y110.231
G1 F8400 X181.842 Y104.994 E0.12286
G0 F18000 X182.271 Y105.569
G0 X182.716 Y105.15
G0 X182.356 Y104.241
G0 X174.269 Y98.14
G0 X174.269 Y97.421
G1 F8400 X173.732 Y97.421 E0.00891
G1 X180.348 Y104.037 E0.15521
G1 X179.811 Y104.037 E0.00891
G1 X173.194 Y97.421 E0.15522
G1 X172.657 Y97.421 E0.00891
G1 X179.273 Y104.037 E0.15521
G1 X179.006 Y104.037 E0.00443
G1 X178.94 Y104.055 E0.00113
G1 X178.822 Y104.123 E0.00226
G1 X172.12 Y97.421 E0.15723
G1 X171.582 Y97.421 E0.00892
G1 X178.481 Y104.319 E0.16184
G0 F18000 X178.123 Y103.698
G0 X178.917 Y103.379
G0 X180.745 Y103.379
G0 X180.98 Y103.445
G0 X182.356 Y104.241
G0 X182.716 Y105.15
G0 X182.271 Y105.569
G0 X181.842 Y104.994
G1 F8400 X181.726 Y105.079 E0.00239
G1 X181.39 Y105.079 E0.00557
G1 X187.079 Y110.768 E0.13346
G1 X187.079 Y111.306 E0.00892
G1 X180.852 Y105.079 E0.14608
G1 X180.315 Y105.079 E0.00891
G1 X187.079 Y111.843 E0.15868
G1 X187.079 Y112.38 E0.00891
G1 X179.778 Y105.079 E0.17128
G1 X179.24 Y105.079 E0.00892
G1 X187.079 Y112.918 E0.1839
G1 X187.079 Y113.455 E0.00891
G1 X178.703 Y105.079 E0.1965
G0 F18000 X178.481 Y104.319
G1 F8400 X178.14 Y104.516 E0.00653
G1 X171.045 Y97.421 E0.16645
G0 F18000 X171.045 Y98.14
G0 X176.935 Y105.127
G0 X177.71 Y105.735
G0 X178.703 Y105.798
G0 X178.703 Y105.079
G1 F8400 X178.165 Y105.079 E0.00892
G0 F18000 X178.165 Y105.798
G0 X177.71 Y105.735
G0 X177.012 Y105.188
G0 X171.045 Y98.14
G0 X171.045 Y97.421
G1 F8400 X170.507 Y97.421 E0.00892
G1 X177.818 Y104.731 E0.1715
G1 X177.731 Y104.924 E0.00351
G1 X177.935 Y105.079 E0.00425
G0 F18000 X178.165 Y105.079
G1 F8400 X187.079 Y113.993 E0.20912
G1 X187.079 Y114.53 E0.00891
G1 X169.97 Y97.421 E0.40137
G1 X169.433 Y97.421 E0.00891
G1 X186.343 Y114.331 E0.3967
G1 X185.806 Y114.331 E0.00891
G1 X168.895 Y97.421 E0.39671
G1 X168.358 Y97.421 E0.00891
G1 X185.268 Y114.331 E0.3967
G1 X184.949 Y114.331 E0.00529
G1 X184.883 Y114.349 E0.00113
G1 X184.797 Y114.398 E0.00164
G1 X167.82 Y97.421 E0.39827
G1 X167.283 Y97.421 E0.00891
G1 X184.457 Y114.594 E0.40288
G0 F18000 X184.099 Y113.973
G0 X183.575 Y114.809
G0 X183.369 Y115.295
G0 X183.747 Y115.596
G0 X186.79 Y115.662
G0 X187.079 Y115.373
G1 F8400 X186.847 Y115.373 E0.00385
G1 X187.079 Y115.605 E0.00544
G0 F18000 X186.847 Y115.373
G1 F8400 X186.31 Y115.373 E0.00891
G1 X187.079 Y116.142 E0.01804
G1 X187.079 Y116.68 E0.00892
G1 X185.773 Y115.373 E0.03065
G1 X185.235 Y115.373 E0.00892
G1 X187.079 Y117.217 E0.04326
G1 X187.079 Y117.754 E0.00891
G1 X184.698 Y115.373 E0.05586
G0 F18000 X184.457 Y114.594
G1 F8400 X184.116 Y114.791 E0.00653
G1 X166.746 Y97.421 E0.40749
G1 X166.208 Y97.421 E0.00892
G0 F18000 X166.208 Y98.14
G0 X182.878 Y115.421
G0 X183.653 Y116.029
G0 X184.698 Y116.092
G0 X184.698 Y115.373
G1 F8400 X184.16 Y115.373 E0.00892
G0 F18000 X184.16 Y116.092
G0 X183.653 Y116.029
G0 X183.025 Y115.537
G0 X166.208 Y98.14
G0 X166.208 Y97.421
G1 F8400 X183.776 Y114.988 E0.41213
G1 X183.675 Y115.218 E0.00417
G1 X183.877 Y115.373 E0.00422
G0 F18000 X184.16 Y115.373
G1 F8400 X187.079 Y118.292 E0.06848
G1 X187.079 Y118.829 E0.00891
G1 X165.671 Y97.421 E0.50222
G1 X165.133 Y97.421 E0.00892
G1 X187.079 Y119.367 E0.51485
G1 X187.079 Y119.904 E0.00891
G1 X164.596 Y97.421 E0.52744
G1 X164.059 Y97.421 E0.00891
G1 X187.079 Y120.441 E0.54004
G1 X187.079 Y120.979 E0.00892
G1 X163.521 Y97.421 E0.55266
G1 X162.984 Y97.421 E0.00891
G1 X187.079 Y121.516 E0.56526
G1 X187.079 Y122.054 E0.00892
G0 F18000 X186.39 Y121.89
G0 X170.303 Y104.074
G0 X169.943 Y104.695
G1 F8400 X170.041 Y104.93 E0.00422
G1 X169.993 Y104.967 E0.00101
G0 F18000 X170.421 Y105.541
G0 X186.39 Y121.89
G0 X187.079 Y122.054
G1 F8400 X169.993 Y104.967 E0.40084
G1 X169.84 Y105.079 E0.00315
G1 X169.567 Y105.079 E0.00453
G0 F18000 X169.416 Y104.391
G1 F8400 X162.446 Y97.421 E0.16351
G1 X161.909 Y97.421 E0.00891
G1 X168.525 Y104.037 E0.15521
G1 X167.987 Y104.037 E0.00892
G1 X161.372 Y97.421 E0.1552
G1 X160.834 Y97.421 E0.00892
G1 X167.45 Y104.037 E0.15521
G1 X167.117 Y104.037 E0.00552
G1 X167.049 Y104.057 E0.00118
G1 X166.975 Y104.1 E0.00142
G1 X160.297 Y97.421 E0.15668
G1 X159.759 Y97.421 E0.00892
G1 X166.635 Y104.296 E0.1613
G0 F18000 X166.276 Y103.674
G0 X165.43 Y104.235
G0 X165.047 Y105.127
G0 X165.822 Y105.735
G0 X169.567 Y105.798
G0 X169.567 Y105.079
G1 F8400 X187.067 Y122.579 E0.41054
G1 X186.53 Y122.579 E0.00891
G1 X169.03 Y105.079 E0.41054
G1 X168.492 Y105.079 E0.00892
G1 X185.992 Y122.579 E0.41054
G1 X185.455 Y122.579 E0.00891
G1 X167.955 Y105.079 E0.41054
G1 X167.417 Y105.079 E0.00892
G1 X184.918 Y122.579 E0.41056
G1 X184.38 Y122.579 E0.00892
G1 X166.88 Y105.079 E0.41054
G0 F18000 X166.635 Y104.296
G1 F8400 X166.294 Y104.493 E0.00653
G1 X159.222 Y97.421 E0.16591
G1 X158.685 Y97.421 E0.00891
G0 F18000 X158.685 Y98.14
G0 X165.047 Y105.127
G0 X165.822 Y105.735
G0 X166.88 Y105.798
G0 X166.88 Y105.079
G1 F8400 X166.343 Y105.079 E0.00891
G1 X183.843 Y122.579 E0.41054
G0 F18000 X183.843 Y121.86
G0 X176.412 Y114.535
G0 X165.047 Y105.127
G0 X158.685 Y98.14
G0 X158.685 Y97.421
G1 F8400 X165.953 Y104.689 E0.1705
G1 X165.945 Y104.694 E0.00016
G1 X165.843 Y104.924 E0.00417
G1 X166.047 Y105.079 E0.00425
G0 F18000 X166.047 Y105.798
G0 X176.412 Y114.535
G0 X183.843 Y121.86
G0 X183.843 Y122.579
G1 F8400 X183.305 Y122.579 E0.00892
G0 F18000 X183.305 Y121.86
G0 X176.245 Y114.367
G0 X175.885 Y114.989
G1 F8400 X175.984 Y115.224 E0.00423
G1 X175.965 Y115.239 E0.0004
G0 F18000 X175.483 Y114.756
G1 F8400 X158.147 Y97.421 E0.40669
G0 F18000 X158.147 Y98.14
G0 X165.047 Y105.127
G0 X176.412 Y114.535
G0 X183.305 Y121.86
G0 X183.305 Y122.579
G1 F8400 X175.965 Y115.239 E0.17219
G0 F18000 X176.393 Y115.813
G0 X176.772 Y115.444
G0 X176.412 Y114.535
G0 X165.047 Y105.127
G0 X158.147 Y98.14
G0 X158.147 Y97.421
G1 F8400 X157.61 Y97.421 E0.00891
G1 X174.52 Y114.331 E0.3967
G1 X173.983 Y114.331 E0.00891
G1 X157.072 Y97.421 E0.39671
G1 X156.535 Y97.421 E0.00891
G1 X173.446 Y114.331 E0.39671
G1 X173.062 Y114.331 E0.00637
G1 X172.997 Y114.349 E0.00112
G1 X172.951 Y114.375 E0.00088
G1 X155.998 Y97.421 E0.39772
G1 X155.46 Y97.421 E0.00892
G1 X172.61 Y114.571 E0.40233
G0 F18000 X172.251 Y113.95
G0 X172.973 Y113.673
G0 X174.801 Y113.673
G0 X175.036 Y113.739
G0 X176.412 Y114.535
G0 X176.772 Y115.444
G0 X176.393 Y115.813
G0 X175.965 Y115.239
G1 F8400 X175.783 Y115.373 E0.00375
G1 X175.562 Y115.373 E0.00367
G1 X182.768 Y122.579 E0.16905
G1 X182.231 Y122.579 E0.00891
G1 X175.024 Y115.373 E0.16906
G1 X174.487 Y115.373 E0.00891
G1 X181.693 Y122.579 E0.16905
G1 X181.156 Y122.579 E0.00891
G1 X173.95 Y115.373 E0.16905
G1 X173.412 Y115.373 E0.00892
G1 X180.618 Y122.579 E0.16905
G1 X180.081 Y122.579 E0.00891
G1 X172.875 Y115.373 E0.16905
G0 F18000 X172.61 Y114.571
G1 F8400 X172.27 Y114.768 E0.00652
G1 X154.923 Y97.421 E0.40695
G1 X154.385 Y97.421 E0.00892
G0 F18000 X154.385 Y98.14
G0 X170.991 Y115.421
G0 X171.766 Y116.029
G0 X172.875 Y116.092
G0 X172.875 Y115.373
G1 F8400 X172.337 Y115.373 E0.00892
G1 X179.544 Y122.579 E0.16906
G1 X179.006 Y122.579 E0.00892
G0 F18000 X179.006 Y121.86
G0 X170.991 Y115.421
G0 X154.385 Y98.14
G0 X154.385 Y97.421
G1 F8400 X171.929 Y114.965 E0.41158
G1 X171.889 Y114.988 E0.00077
G1 X171.787 Y115.218 E0.00417
G1 X171.991 Y115.373 E0.00425
G0 F18000 X171.991 Y116.092
G0 X179.006 Y121.86
G0 X179.006 Y122.579
G1 F8400 X153.848 Y97.421 E0.5902
G1 X153.311 Y97.421 E0.00891
G1 X178.469 Y122.579 E0.5902
G1 X177.931 Y122.579 E0.00892
G1 X152.773 Y97.421 E0.5902
G1 X152.236 Y97.421 E0.00891
G1 X177.394 Y122.579 E0.5902
G1 X176.857 Y122.579 E0.00891
G1 X151.698 Y97.421 E0.59021
G1 X151.161 Y97.421 E0.00891
G1 X176.319 Y122.579 E0.5902
G1 X175.782 Y122.579 E0.00891
G0 F18000 X175.782 Y121.86
G0 X158.748 Y104.487
G0 X158.127 Y104.736
G1 F8400 X158.108 Y104.813 E0.00132
G1 X158.162 Y104.924 E0.00205
G1 X158.142 Y104.94 E0.00042
G0 F18000 X158.57 Y105.514
G0 X175.782 Y121.86
G0 X175.782 Y122.579
G1 F8400 X158.142 Y104.94 E0.41382
G0 F18000 X157.681 Y104.479
G1 F8400 X150.624 Y97.421 E0.16557
G1 X150.086 Y97.421 E0.00892
G1 X156.702 Y104.037 E0.15521
G1 X156.165 Y104.037 E0.00891
G1 X149.549 Y97.421 E0.15521
G1 X149.011 Y97.421 E0.00892
G1 X155.627 Y104.037 E0.15521
G1 X155.231 Y104.037 E0.00657
G1 X155.165 Y104.055 E0.00113
G1 X155.129 Y104.076 E0.00069
G1 X148.474 Y97.421 E0.15612
G1 X147.937 Y97.421 E0.00891
G1 X154.788 Y104.272 E0.16072
G0 F18000 X154.429 Y103.651
G0 X155.142 Y103.379
G0 X156.97 Y103.379
G0 X157.205 Y103.445
G0 X158.582 Y104.241
G0 X158.942 Y105.15
G0 X158.57 Y105.514
G0 X158.142 Y104.94
G1 F8400 X158.056 Y105.003 E0.00177
G1 X158.053 Y105.018 E0.00025
G1 X158.036 Y105.018 E0.00028
G1 X157.954 Y105.079 E0.0017
G1 X157.744 Y105.079 E0.00348
G1 X175.244 Y122.579 E0.41054
G1 X174.707 Y122.579 E0.00891
G1 X157.207 Y105.079 E0.41054
G1 X156.669 Y105.079 E0.00892
G1 X174.17 Y122.579 E0.41056
G1 X173.632 Y122.579 E0.00892
G1 X156.132 Y105.079 E0.41054
G1 X155.595 Y105.079 E0.00891
G1 X173.095 Y122.579 E0.41054
G1 X172.557 Y122.579 E0.00892
G1 X155.057 Y105.079 E0.41054
G0 F18000 X154.788 Y104.272
G1 F8400 X154.447 Y104.469 E0.00653
G1 X147.399 Y97.421 E0.16534
G1 X146.862 Y97.421 E0.00891
G0 F18000 X146.862 Y98.14
G0 X153.16 Y105.127
G0 X153.935 Y105.735
G0 X155.057 Y105.798
G0 X155.057 Y105.079
G1 F8400 X154.52 Y105.079 E0.00891
G1 X172.02 Y122.579 E0.41054
G0 F18000 X172.02 Y121.86
G0 X164.525 Y114.535
G0 X153.16 Y105.127
G0 X146.862 Y98.14
G0 X146.862 Y97.421
G1 F8400 X154.106 Y104.665 E0.16994
G1 X154.058 Y104.694 E0.00093
G1 X153.956 Y104.924 E0.00417
G1 X154.161 Y105.079 E0.00426
G0 F18000 X154.161 Y105.798
G0 X164.525 Y114.535
G0 X172.02 Y121.86
G0 X172.02 Y122.579
G1 F8400 X171.483 Y122.579 E0.00891
G1 X164.074 Y115.171 E0.1738
G0 F18000 X163.747 Y114.843
G1 F8400 X146.324 Y97.421 E0.40873
G1 X145.787 Y97.421 E0.00891
G1 X162.697 Y114.331 E0.3967
G1 X162.159 Y114.331 E0.00892
G1 X145.25 Y97.421 E0.39669
G1 X144.712 Y97.421 E0.00892
G1 X161.622 Y114.331 E0.3967
G1 X161.175 Y114.331 E0.00742
G1 X161.104 Y114.35 E0.00122
G1 X144.175 Y97.421 E0.39715
G1 X143.637 Y97.421 E0.00892
G1 X160.764 Y114.547 E0.40178
G0 F18000 X160.406 Y113.926
G0 X161.086 Y113.673
G0 X162.914 Y113.673
G0 X163.149 Y113.739
G0 X164.525 Y114.535
G0 X164.74 Y114.903
G0 X164.074 Y115.171
G1 F8400 X164.097 Y115.224 E0.00096
G1 X163.896 Y115.373 E0.00415
G1 X163.739 Y115.373 E0.0026
G1 X170.945 Y122.579 E0.16905
G1 X170.408 Y122.579 E0.00891
G1 X163.202 Y115.373 E0.16905
G1 X162.664 Y115.373 E0.00892
G1 X169.87 Y122.579 E0.16905
G1 X169.333 Y122.579 E0.00891
G1 X162.127 Y115.373 E0.16905
G1 X161.589 Y115.373 E0.00892
G1 X168.796 Y122.579 E0.16906
G1 X168.258 Y122.579 E0.00892
G1 X161.052 Y115.373 E0.16905
G0 F18000 X160.764 Y114.547
G1 F8400 X160.423 Y114.744 E0.00653
G1 X143.1 Y97.421 E0.40639
G1 X142.563 Y97.421 E0.00891
G0 F18000 X142.563 Y98.14
G0 X159.104 Y115.421
G0 X159.879 Y116.029
G0 X161.052 Y116.092
G0 X161.052 Y115.373
G1 F8400 X160.515 Y115.373 E0.00891
G1 X167.721 Y122.579 E0.16905
G0 F18000 X167.721 Y121.86
G0 X159.104 Y115.421
G0 X142.563 Y98.14
G0 X142.563 Y97.421
G1 F8400 X160.083 Y114.941 E0.41101
G1 X160.002 Y114.988 E0.00155
G1 X159.9 Y115.218 E0.00417
G1 X160.105 Y115.373 E0.00426
G0 F18000 X160.105 Y116.092
G0 X167.721 Y121.86
G0 X167.721 Y122.579
G1 F8400 X167.183 Y122.579 E0.00892
G1 X142.025 Y97.421 E0.5902
G1 X141.488 Y97.421 E0.00891
G1 X166.646 Y122.579 E0.5902
G1 X166.109 Y122.579 E0.00891
G1 X140.95 Y97.421 E0.59021
G1 X140.413 Y97.421 E0.00891
G1 X165.571 Y122.579 E0.5902
G1 X165.034 Y122.579 E0.00891
G1 X139.876 Y97.421 E0.5902
G1 X139.338 Y97.421 E0.00892
G1 X164.496 Y122.579 E0.5902
G1 X163.959 Y122.579 E0.00891
G1 X146.233 Y104.853 E0.41585
G0 F18000 X145.949 Y104.569
G1 F8400 X138.801 Y97.421 E0.16769
G1 X138.263 Y97.421 E0.00892
G1 X144.88 Y104.037 E0.15522
G1 X144.342 Y104.037 E0.00892
G1 X137.726 Y97.421 E0.15521
G1 X137.189 Y97.421 E0.00891
G1 X143.805 Y104.037 E0.15521
G1 X143.344 Y104.037 E0.00765
G1 X143.283 Y104.053 E0.00105
G1 X136.921 Y97.691 E0.14925
G1 X136.921 Y98.228 E0.00891
G1 X142.942 Y104.249 E0.14125
G0 F18000 X142.583 Y103.627
G0 X143.255 Y103.379
G0 X145.083 Y103.379
G0 X145.318 Y103.445
G0 X146.694 Y104.241
G0 X146.899 Y104.585
G0 X146.233 Y104.853
G1 F8400 X146.266 Y104.93 E0.00139
G1 X146.065 Y105.08 E0.00416
G1 X145.922 Y105.08 E0.00237
G1 X163.422 Y122.579 E0.41053
G1 X162.884 Y122.579 E0.00892
G1 X145.385 Y105.08 E0.41052
G1 X144.847 Y105.08 E0.00892
G1 X162.347 Y122.579 E0.41053
G1 X161.809 Y122.579 E0.00892
G1 X144.31 Y105.08 E0.41052
G1 X143.772 Y105.08 E0.00892
G1 X161.272 Y122.579 E0.41053
G1 X160.735 Y122.579 E0.00891
G1 X143.235 Y105.08 E0.41053
G0 F18000 X142.942 Y104.249
G1 F8400 X142.601 Y104.445 E0.00652
G1 X136.921 Y98.766 E0.13324
G1 X136.921 Y99.303 E0.00891
G0 F18000 X137.64 Y99.303
G0 X141.273 Y105.127
G0 X142.048 Y105.735
G0 X143.235 Y105.798
G0 X143.235 Y105.08
G1 F8400 X142.698 Y105.08 E0.00891
G1 X160.197 Y122.579 E0.41052
G0 F18000 X160.197 Y121.86
G0 X143.68 Y105.728
G0 X142.048 Y105.735
G0 X141.35 Y105.188
G0 X137.64 Y99.303
G0 X136.921 Y99.303
G1 F8400 X142.26 Y104.642 E0.12525
G1 X142.171 Y104.694 E0.00171
G1 X142.068 Y104.924 E0.00418
G1 X142.273 Y105.079 E0.00426
G0 F18000 X142.273 Y105.798
G0 X152.638 Y114.535
G0 X160.197 Y121.86
G0 X160.197 Y122.579
G1 F8400 X159.66 Y122.579 E0.00891
G1 X152.14 Y115.06 E0.1764
G1 X152.013 Y114.932
G1 X136.921 Y99.841 E0.35404
G0 F18000 X137.64 Y99.841
G0 X141.273 Y105.127
G0 X152.638 Y114.535
G0 X152.808 Y114.791
G0 X152.14 Y115.06
G1 F8400 X152.21 Y115.224 E0.00296
G1 X152.01 Y115.373 E0.00414
G1 X151.916 Y115.373 E0.00156
G0 F18000 X151.916 Y116.092
G0 X152.227 Y116.029
G0 X152.998 Y115.444
G0 X152.638 Y114.535
G0 X141.273 Y105.127
G0 X137.64 Y99.841
G0 X136.921 Y99.841
G1 F8400 X136.921 Y100.378 E0.00891
G1 X150.854 Y114.311 E0.32686
G1 X150.838 Y114.331 E0.00042
G1 X150.337 Y114.331 E0.00831
G1 X136.921 Y100.915 E0.31473
G1 X136.921 Y101.453 E0.00892
G1 X149.8 Y114.331 E0.30213
G1 X149.288 Y114.331 E0.00849
G1 X149.267 Y114.336 E0.00036
G1 X136.921 Y101.99 E0.28963
G1 X136.921 Y102.528 E0.00892
G1 X148.918 Y114.524 E0.28143
G1 X148.577 Y114.721 E0.00653
G1 X136.921 Y103.065 E0.27345
G1 X136.921 Y103.602 E0.00891
G0 F18000 X137.64 Y103.602
G0 X152.638 Y114.535
G0 X152.998 Y115.444
G0 X152.304 Y115.97
G0 X151.916 Y116.092
G0 X151.916 Y115.373
G1 F8400 X159.122 Y122.579 E0.16905
G1 X158.585 Y122.579 E0.00891
G1 X151.379 Y115.373 E0.16905
G1 X150.841 Y115.373 E0.00892
G1 X158.048 Y122.579 E0.16906
G1 X157.51 Y122.579 E0.00892
G1 X150.304 Y115.373 E0.16905
G1 X149.767 Y115.373 E0.00891
G1 X156.973 Y122.579 E0.16905
G1 X156.435 Y122.579 E0.00892
G1 X149.229 Y115.373 E0.16905
G1 X148.692 Y115.373 E0.00891
G1 X155.898 Y122.579 E0.16905
G0 F18000 X155.898 Y121.86
G0 X147.217 Y115.421
G0 X137.64 Y103.602
G0 X136.921 Y103.602
G1 F8400 X148.236 Y114.918 E0.26546
G0 F18000 X147.877 Y114.296
G0 X147.6 Y114.529
G0 X147.217 Y115.421
G0 X155.898 Y121.86
G0 X155.898 Y122.579
G1 F8400 X155.361 Y122.579 E0.00891
G0 F18000 X155.361 Y121.86
G0 X148.217 Y116.092
G0 X148.217 Y115.373
G1 F8400 X148.013 Y115.217 E0.00426
G1 X148.115 Y114.988 E0.00416
G1 X148.236 Y114.918 E0.00232
G0 F18000 X147.877 Y114.296
G0 X147.6 Y114.529
G0 X147.217 Y115.421
G0 X155.361 Y121.86
G0 X155.361 Y122.579
G1 F8400 X136.921 Y104.14 E0.43258
G1 X136.921 Y104.677 E0.00891
G1 X154.823 Y122.579 E0.41998
G1 X154.286 Y122.579 E0.00891
G1 X136.921 Y105.215 E0.40737
G1 X136.921 Y105.752 E0.00891
G1 X153.748 Y122.579 E0.39476
G1 X153.211 Y122.579 E0.00891
G1 X136.921 Y106.289 E0.38216
G1 X136.921 Y106.827 E0.00892
G1 X152.674 Y122.579 E0.36955
G1 X152.136 Y122.579 E0.00892
G1 X136.921 Y107.364 E0.35694
G1 X136.921 Y107.902 E0.00892
G1 X151.599 Y122.579 E0.34433
G1 X151.061 Y122.579 E0.00892
G1 X136.921 Y108.439 E0.33172
G1 X136.921 Y108.976 E0.00891
G1 X150.524 Y122.579 E0.31912
G1 X149.987 Y122.579 E0.00891
G1 X136.921 Y109.514 E0.30651
G1 X136.921 Y110.051 E0.00891
G1 X149.449 Y122.579 E0.2939
G1 X148.912 Y122.579 E0.00891
G1 X136.921 Y110.589 E0.28129
G1 X136.921 Y111.126 E0.00891
G1 X148.374 Y122.579 E0.26868
G1 X147.837 Y122.579 E0.00891
G1 X136.921 Y111.663 E0.25609
G1 X136.921 Y112.201 E0.00892
G1 X139.004 Y114.284 E0.04887
G1 X138.992 Y114.277 E0.00023
G1 X138.951 Y114.331 E0.00112
G1 X138.514 Y114.331 E0.00725
G1 X136.921 Y112.738 E0.03737
G1 X136.921 Y113.276 E0.00892
G1 X137.976 Y114.331 E0.02475
G1 X137.501 Y114.331 E0.00788
G1 X137.46 Y114.277 E0.00112
G1 X137.412 Y114.304 E0.00091
G1 X136.921 Y113.813 E0.01152
G1 X136.921 Y114.35 E0.00891
G1 X137.072 Y114.501 E0.00354
G1 X136.921 Y114.588 E0.00289
G0 F18000 X137.19 Y114.124
G0 X137.367 Y114.073
G0 X139.218 Y114.111
G0 X140.584 Y114.367
G0 X140.224 Y114.989
G1 F8400 X140.323 Y115.224 E0.00423
G1 X140.122 Y115.373 E0.00415
G1 X140.093 Y115.373 E0.00048
G1 X147.3 Y122.579 E0.16906
G1 X146.762 Y122.579 E0.00892
G1 X139.556 Y115.373 E0.16905
G1 X139.019 Y115.373 E0.00891
G1 X146.225 Y122.579 E0.16905
G1 X145.687 Y122.579 E0.00892
G1 X138.481 Y115.373 E0.16905
G1 X137.944 Y115.373 E0.00891
G1 X145.15 Y122.579 E0.16905
G1 X144.613 Y122.579 E0.00891
G1 X137.406 Y115.373 E0.16906
G1 X136.921 Y115.373 E0.00805
G1 X136.921 Y115.425 E0.00086
G1 X144.075 Y122.579 E0.16783
G1 X143.538 Y122.579 E0.00891
G1 X136.921 Y115.962 E0.15523
G1 X136.921 Y116.499 E0.00891
G1 X143 Y122.579 E0.14262
G1 X142.463 Y122.579 E0.00891
G1 X136.921 Y117.037 E0.13001
G1 X136.921 Y117.574 E0.00891
G1 X141.926 Y122.579 E0.11742
G1 X141.388 Y122.579 E0.00892
G1 X136.921 Y118.112 E0.10479
G1 X136.921 Y118.649 E0.00891
G1 X140.851 Y122.579 E0.0922
G1 X140.313 Y122.579 E0.00892
G1 X136.921 Y119.186 E0.07959
G1 X136.921 Y119.724 E0.00892
G1 X139.776 Y122.579 E0.06698
G1 X139.239 Y122.579 E0.00891
G1 X136.921 Y120.261 E0.05438
G1 X136.921 Y120.799 E0.00892
G1 X138.701 Y122.579 E0.04176
G1 X138.164 Y122.579 E0.00891
G1 X136.921 Y121.336 E0.02916
G1 X136.921 Y121.873 E0.00891
G1 X137.626 Y122.579 E0.01655
G1 X137.089 Y122.579 E0.00891
G0 F18000 X136.921 Y122.411
G1 F8400 X137.089 Y122.579 E0.00394
G1 X136.921 Y122.579 E0.00279
G0 F18000 X137.808 Y121.58
G1 F1800 E-3.5
;MESH:NONMESH
G0 F1200 X137.808 Y121.58 Z0.8
G0 F18000 X137.168 Y122.332
G0 X137.14 Y123.79
G0 X83.722 Y123.778
G0 X80.544 Y67.879
G0 X80.039 Y66.494
G0 X78.53 Y66.024
G0 X78.52 Y65.702
;TIME_ELAPSED:468.397549
;LAYER:5
;TYPE:WALL-INNER
;MESH:01_Prime_Insulator.STL
G1 F1800 E3.52079
G1 F3000 X78.277 Y65.706 E0.00319
G1 X78.007 Y65.701 E0.00354
G1 X77.771 Y65.692 E0.0031
G1 X77.541 Y65.678 E0.00302
G1 X77.127 Y65.643 E0.00545
G1 X76.887 Y65.615 E0.00317
G1 X76.208 Y65.499 E0.00903
G1 X75.945 Y65.443 E0.00353
G1 X75.546 Y65.347 E0.00538
G1 X75.268 Y65.264 E0.0038
G1 X74.863 Y65.137 E0.00557
G1 X74.434 Y64.982 E0.00598
G1 X74.2 Y64.889 E0.0033
G1 X73.789 Y64.707 E0.00589
G1 X73.578 Y64.605 E0.00307
G1 X73.176 Y64.393 E0.00596
G1 X72.939 Y64.258 E0.00358
G1 X72.526 Y64.005 E0.00635
G1 X72.37 Y63.906 E0.00242
G1 X71.82 Y63.513 E0.00886
G1 X71.627 Y63.359 E0.00324
G1 X71.272 Y63.058 E0.0061
G1 X70.93 Y62.745 E0.00608
G1 X70.61 Y62.421 E0.00597
G1 X70.449 Y62.25 E0.00308
G1 X70.284 Y62.065 E0.00325
G1 X70.145 Y61.9 E0.00283
G1 X69.861 Y61.546 E0.00595
G1 X69.592 Y61.18 E0.00596
G1 X69.45 Y60.977 E0.00325
G1 X69.221 Y60.615 E0.00562
G1 X68.976 Y60.195 E0.00638
G1 X68.86 Y59.975 E0.00326
G1 X68.663 Y59.575 E0.00585
G1 X68.56 Y59.353 E0.00321
G1 X68.384 Y58.923 E0.00609
G1 X68.229 Y58.495 E0.00597
G1 X68.089 Y58.05 E0.00612
G1 X67.968 Y57.591 E0.00622
G1 X67.917 Y57.37 E0.00297
G1 X67.824 Y56.909 E0.00617
G1 X67.759 Y56.473 E0.00578
G1 X67.727 Y56.231 E0.0032
G1 X67.69 Y55.772 E0.00604
G1 X67.678 Y55.54 E0.00305
G1 X67.666 Y55.04 E0.00656
G1 X67.68 Y54.564 E0.00624
G1 X67.694 Y54.337 E0.00298
G1 X67.73 Y53.914 E0.00557
G1 X67.758 Y53.698 E0.00286
G1 X67.794 Y53.458 E0.00318
G1 X67.88 Y52.971 E0.00648
G1 X67.971 Y52.567 E0.00543
G1 X68.079 Y52.153 E0.00561
G1 X68.235 Y51.659 E0.00679
G1 X68.393 Y51.221 E0.00611
G1 X68.566 Y50.804 E0.00592
G1 X68.683 Y50.554 E0.00362
G1 X68.895 Y50.128 E0.00624
G1 X68.981 Y49.963 E0.00244
G1 X69.21 Y49.572 E0.00594
G1 X69.338 Y49.367 E0.00317
G1 X69.623 Y48.946 E0.00667
G1 X69.729 Y48.795 E0.00242
G1 X70.01 Y48.427 E0.00607
G1 X70.176 Y48.229 E0.00339
G1 X70.33 Y48.052 E0.00308
G1 X70.463 Y47.907 E0.00258
G1 X70.79 Y47.563 E0.00622
G1 X71.152 Y47.219 E0.00655
G1 X71.292 Y47.096 E0.00244
G1 X71.641 Y46.802 E0.00598
G1 X72.006 Y46.52 E0.00605
G1 X72.204 Y46.377 E0.0032
G1 X72.592 Y46.12 E0.0061
G1 X72.991 Y45.879 E0.00611
G1 X73.399 Y45.656 E0.0061
G1 X73.79 Y45.464 E0.00571
G1 X74.221 Y45.274 E0.00618
G1 X74.66 Y45.1 E0.00619
G1 X75.099 Y44.954 E0.00607
G1 X75.538 Y44.826 E0.006
G1 X75.996 Y44.712 E0.00619
G1 X76.229 Y44.666 E0.00311
G1 X76.676 Y44.588 E0.00595
G1 X76.912 Y44.553 E0.00313
G1 X77.371 Y44.503 E0.00605
G1 X77.83 Y44.474 E0.00603
G1 X78.068 Y44.466 E0.00312
G1 X78.577 Y44.467 E0.00667
G1 X79.034 Y44.491 E0.006
G1 X79.283 Y44.509 E0.00327
G1 X79.679 Y44.556 E0.00523
G1 X80.144 Y44.627 E0.00617
G1 X80.592 Y44.714 E0.00598
G1 X81.094 Y44.839 E0.00678
G1 X81.512 Y44.963 E0.00572
G1 X81.92 Y45.105 E0.00566
G1 X82.136 Y45.186 E0.00302
G1 X82.356 Y45.274 E0.00311
G1 X82.732 Y45.436 E0.00537
G1 X83.196 Y45.664 E0.00678
G1 X83.609 Y45.893 E0.00619
G1 X83.99 Y46.124 E0.00584
G1 X84.2 Y46.26 E0.00328
G1 X84.581 Y46.528 E0.00611
G1 X84.952 Y46.815 E0.00615
G1 X85.461 Y47.249 E0.00877
G1 X85.805 Y47.582 E0.00628
G1 X85.974 Y47.755 E0.00317
G1 X86.12 Y47.91 E0.00279
G1 X86.278 Y48.088 E0.00312
G1 X86.431 Y48.269 E0.00311
G1 X86.718 Y48.625 E0.006
G1 X87.046 Y49.079 E0.00734
G1 X87.25 Y49.384 E0.00481
G1 X87.372 Y49.584 E0.00307
G1 X87.603 Y49.978 E0.00599
G1 X87.945 Y50.659 E0.00999
G1 X87.958 Y50.696 E0.00051
G1 X88.005 Y50.794 E0.00143
G1 X88.193 Y51.247 E0.00643
G1 X88.346 Y51.675 E0.00596
G1 X88.418 Y51.897 E0.00306
G1 X88.502 Y52.177 E0.00383
G1 X88.609 Y52.583 E0.00551
G1 X88.704 Y53.009 E0.00572
G1 X88.784 Y53.468 E0.00611
G1 X88.822 Y53.719 E0.00333
G1 X88.848 Y53.937 E0.00288
G1 X88.885 Y54.377 E0.00579
G1 X88.898 Y54.623 E0.00323
G1 X88.906 Y54.864 E0.00316
G1 X88.906 Y55.325 E0.00605
G1 X88.898 Y55.551 E0.00297
G1 X88.882 Y55.834 E0.00372
G1 X88.863 Y56.062 E0.003
G1 X88.818 Y56.472 E0.00541
G1 X88.748 Y56.938 E0.00618
G1 X88.645 Y57.432 E0.00662
G1 X88.55 Y57.823 E0.00528
G1 X88.47 Y58.098 E0.00376
G1 X88.341 Y58.509 E0.00565
G1 X88.19 Y58.931 E0.00588
G1 X88.006 Y59.371 E0.00625
G1 X87.908 Y59.583 E0.00306
G1 X87.709 Y59.991 E0.00595
G1 X87.598 Y60.201 E0.00311
G1 X87.34 Y60.64 E0.00668
G1 X87.111 Y61 E0.00559
G1 X86.717 Y61.553 E0.0089
G1 X86.424 Y61.909 E0.00605
G1 X86.278 Y62.08 E0.00295
G1 X85.965 Y62.428 E0.00614
G1 X85.795 Y62.601 E0.00318
G1 X85.62 Y62.769 E0.00318
G1 X85.283 Y63.077 E0.00599
G1 X84.937 Y63.366 E0.00591
G1 X84.753 Y63.509 E0.00306
G1 X84.367 Y63.795 E0.0063
G1 X84.033 Y64.017 E0.00526
G1 X83.801 Y64.161 E0.00358
G1 X83.396 Y64.396 E0.00614
G1 X82.991 Y64.611 E0.00601
G1 X82.565 Y64.807 E0.00615
G1 X82.367 Y64.893 E0.00283
G1 X81.92 Y65.067 E0.00629
G1 X81.692 Y65.144 E0.00316
G1 X81.259 Y65.28 E0.00595
G1 X80.8 Y65.405 E0.00624
G1 X80.347 Y65.502 E0.00607
G1 X79.9 Y65.581 E0.00595
G1 X79.674 Y65.614 E0.00299
G1 X79.431 Y65.645 E0.00321
G1 X78.976 Y65.682 E0.00599
G1 X78.52 Y65.702 E0.00599
G0 F18000 X78.53 Y66.024
G0 X80.647 Y65.708
G0 X82.449 Y65.14
G0 X83.934 Y64.387
G0 X85.282 Y63.421
G0 X86.467 Y62.263
G0 X87.338 Y61.127
G0 X88.15 Y59.687
G0 X88.736 Y58.125
G0 X89.076 Y56.51
G0 X89.166 Y54.85
G0 X89.005 Y53.202
G0 X88.589 Y51.582
G0 X87.941 Y50.064
G0 X87.062 Y48.651
G0 X85.986 Y47.395
G0 X84.721 Y46.311
G0 X83.309 Y45.434
G0 X82.004 Y44.861
G0 X80.712 Y44.5
G0 X78.763 Y44.095
G1 F3000 X79.059 Y44.112 E0.00389
G1 F3015.9 X79.298 Y44.131 E0.00313
G1 F3040 X79.702 Y44.178 E0.00526
G1 F3023.9 X80.18 Y44.249 E0.00629
G1 F3015.9 X80.674 Y44.345 E0.00656
G1 X80.96 Y44.414 E0.00384
G1 F2992.1 X81.375 Y44.526 E0.00565
G1 F3007.9 X81.608 Y44.597 E0.00319
G1 X82.032 Y44.742 E0.00586
G1 F2992.1 X82.256 Y44.826 E0.00315
G1 F3015.9 X82.496 Y44.923 E0.00338
G1 F3031.9 X82.898 Y45.097 E0.00568
G1 F3015.9 X83.205 Y45.245 E0.00445
G1 F3023.9 X83.361 Y45.324 E0.00227
G1 F3040 X83.77 Y45.549 E0.00604
G1 F3007.9 X83.996 Y45.683 E0.00344
G1 F3000 X84.241 Y45.835 E0.00378
G1 F3031.9 X84.416 Y45.951 E0.00272
G1 F3023.9 X84.777 Y46.202 E0.00572
G1 F3015.9 X85.186 Y46.517 E0.00673
G1 X85.529 Y46.805 E0.00584
G1 F3007.9 X85.718 Y46.971 E0.00329
G1 X86.055 Y47.295 E0.00611
G1 F3000 X86.208 Y47.451 E0.00287
G1 X86.404 Y47.659 E0.00375
G1 F2992.1 X86.71 Y48.009 E0.00611
G1 F3000 X86.996 Y48.365 E0.00599
G1 X87.157 Y48.582 E0.00354
G1 F2976.5 X87.436 Y48.977 E0.00639
G1 F2984.3 X87.555 Y49.157 E0.00284
G1 F2992.1 X87.689 Y49.373 E0.00334
G1 F2976.5 X87.794 Y49.55 E0.00272
G1 F3000 X87.918 Y49.769 E0.0033
G1 X88.044 Y50.004 E0.0035
G1 F2984.3 X88.248 Y50.415 E0.00605
G1 F3015.9 X88.35 Y50.64 E0.00322
G1 X88.522 Y51.048 E0.00578
G1 F2992.1 X88.698 Y51.531 E0.00676
G1 F2976.5 X88.86 Y52.043 E0.0071
G1 X88.913 Y52.236 E0.00265
G1 X88.973 Y52.473 E0.00323
G1 F2984.3 X89.071 Y52.913 E0.00594
G1 F2992.1 X89.119 Y53.17 E0.00344
G1 F2984.3 X89.158 Y53.4 E0.00308
G1 F2992.1 X89.194 Y53.645 E0.00326
G1 F3000 X89.222 Y53.869 E0.00296
G1 X89.263 Y54.347 E0.00629
G1 F2984.3 X89.277 Y54.592 E0.00323
G1 X89.286 Y54.835 E0.00321
G1 F3000 X89.286 Y55.304 E0.00615
G1 F3007.9 X89.265 Y55.795 E0.00643
G1 X89.245 Y56.064 E0.00353
G1 X89.193 Y56.522 E0.00603
G1 X89.125 Y56.986 E0.00613
G1 F3000 X89.014 Y57.519 E0.00714
G1 F3015.9 X88.917 Y57.914 E0.00531
G1 F3007.9 X88.834 Y58.211 E0.00403
G1 F2992.1 X88.711 Y58.598 E0.00534
G1 F3015.9 X88.544 Y59.065 E0.00647
G1 F3023.9 X88.364 Y59.496 E0.00608
G1 F3007.9 X88.259 Y59.729 E0.00334
G1 X88.057 Y60.142 E0.00601
G1 X87.935 Y60.372 E0.0034
G1 F3000 X87.682 Y60.809 E0.00662
G1 F3007.9 X87.446 Y61.179 E0.00574
G1 F3015.9 X87.289 Y61.405 E0.00359
G1 F3023.9 X87.016 Y61.783 E0.00607
G1 F3007.9 X86.723 Y62.144 E0.00608
G1 F2992.1 X86.582 Y62.31 E0.00286
G1 F3015.9 X86.261 Y62.665 E0.00624
G1 F3031.9 X86.075 Y62.855 E0.00345
G1 F3015.9 X85.91 Y63.016 E0.00301
G1 F2992.1 X85.558 Y63.341 E0.0063
G1 X85.175 Y63.662 E0.00657
G1 X84.793 Y63.954 E0.00632
G1 F3007.9 X84.601 Y64.093 E0.0031
G1 F3023.9 X84.256 Y64.324 E0.0054
G1 F3000 X84.021 Y64.473 E0.00365
G1 X83.605 Y64.713 E0.0063
G1 F2992.1 X83.387 Y64.832 E0.00327
G1 F3007.9 X83.189 Y64.933 E0.00291
G1 F3023.9 X82.734 Y65.147 E0.00654
G1 F3000 X82.524 Y65.237 E0.003
G1 F3015.9 X82.062 Y65.417 E0.00647
G1 F2992.1 X81.614 Y65.568 E0.00622
G1 F2961 X81.364 Y65.647 E0.00348
G1 F2976.5 X81.155 Y65.705 E0.00287
G1 F2992.1 X80.914 Y65.767 E0.00327
G1 X80.669 Y65.823 E0.0033
G1 F2968.8 X80.191 Y65.918 E0.00646
G1 F2961 X79.981 Y65.953 E0.00283
G1 F2976.5 X79.737 Y65.989 E0.00326
G1 F3000 X79.506 Y66.018 E0.00305
G1 F3007.9 X79.021 Y66.059 E0.00637
G1 F2984.3 X78.776 Y66.073 E0.00323
G1 X78.543 Y66.082 E0.00307
G1 F3000 X78.271 Y66.086 E0.00357
G1 X78.051 Y66.083 E0.00289
G1 X77.58 Y66.061 E0.00618
G1 F3007.9 X77.115 Y66.022 E0.0061
G1 F3023.9 X76.851 Y65.991 E0.00346
G1 F3000 X76.322 Y65.907 E0.00702
G1 F2976.5 X76.131 Y65.871 E0.00257
G1 F3000 X75.919 Y65.826 E0.00284
G1 F3015.9 X75.425 Y65.706 E0.00663
G1 F3007.9 X75.207 Y65.643 E0.00297
G1 X74.748 Y65.498 E0.0063
G1 F3023.9 X74.323 Y65.344 E0.00588
G1 F3031.9 X74.105 Y65.259 E0.00304
G1 F3023.9 X73.651 Y65.059 E0.00645
G1 F3015.9 X73.402 Y64.94 E0.0036
G1 F3000 X73.155 Y64.813 E0.00364
G1 F2992.1 X72.798 Y64.616 E0.00536
G1 X72.324 Y64.327 E0.0073
G1 F3000 X72.197 Y64.245 E0.00198
G1 X71.929 Y64.06 E0.00427
G1 F3015.9 X71.611 Y63.826 E0.00515
G1 F3040 X71.408 Y63.668 E0.00333
G1 F3015.9 X71.042 Y63.361 E0.00623
G1 F3007.9 X70.696 Y63.045 E0.00613
G1 F3000 X70.509 Y62.86 E0.00345
G1 F2992.1 X70.187 Y62.526 E0.0061
G1 X70.032 Y62.354 E0.00304
G1 F2976.5 X69.88 Y62.177 E0.00308
G1 F2984.3 X69.581 Y61.805 E0.00629
G1 F2968.8 X69.415 Y61.587 E0.00363
G1 X69.137 Y61.192 E0.0064
G1 F2992.1 X69.014 Y60.999 E0.00301
G1 X68.766 Y60.592 E0.00627
G1 F3007.9 X68.659 Y60.403 E0.00284
G1 X68.533 Y60.168 E0.00349
G1 F2992.1 X68.326 Y59.751 E0.00612
G1 X68.224 Y59.53 E0.0032
G1 F3000 X68.042 Y59.09 E0.00624
G1 X67.873 Y58.626 E0.00648
G1 F2992.1 X67.732 Y58.179 E0.00616
G1 F2984.3 X67.658 Y57.915 E0.00361
G1 F2976.5 X67.55 Y57.474 E0.006
G1 F2992.1 X67.458 Y57.013 E0.00618
G1 F3000 X67.409 Y56.709 E0.00404
G1 F2992.1 X67.355 Y56.308 E0.00532
G1 F3000 X67.313 Y55.817 E0.00646
G1 X67.299 Y55.577 E0.00315
G1 X67.286 Y55.067 E0.00669
G1 X67.299 Y54.613 E0.00596
G1 X67.311 Y54.376 E0.00311
G1 F3007.9 X67.352 Y53.887 E0.00642
G1 F3000 X67.414 Y53.429 E0.00606
G1 F2976.5 X67.464 Y53.126 E0.00406
G1 X67.5 Y52.931 E0.00262
G1 F2984.3 X67.599 Y52.488 E0.00598
G1 F2992.1 X67.717 Y52.04 E0.00609
G1 F3007.9 X67.866 Y51.568 E0.00647
G1 F2992.1 X67.952 Y51.317 E0.00349
G1 F2984.3 X68.037 Y51.09 E0.0032
G1 F3007.9 X68.222 Y50.646 E0.00629
G1 F3015.9 X68.319 Y50.438 E0.00299
G1 F3007.9 X68.533 Y50.001 E0.00636
G1 X68.634 Y49.81 E0.00283
G1 X68.789 Y49.537 E0.00411
G1 F2984.3 X69.048 Y49.115 E0.00653
G1 X69.27 Y48.785 E0.00524
G1 F3007.9 X69.406 Y48.597 E0.00303
G1 F3015.9 X69.692 Y48.218 E0.00619
G1 X69.868 Y48.006 E0.00359
G1 F3000 X70.169 Y47.664 E0.00597
G1 F2976.5 X70.34 Y47.482 E0.0033
G1 F2992.1 X70.496 Y47.322 E0.00294
G1 F3007.9 X70.886 Y46.948 E0.00707
G1 F2992.1 X71.032 Y46.818 E0.00257
G1 F2984.3 X71.379 Y46.525 E0.00599
G1 F3000 X71.764 Y46.229 E0.00637
G1 F3015.9 X71.962 Y46.085 E0.00319
G1 F3000 X72.176 Y45.939 E0.0034
G1 F2992.1 X72.378 Y45.807 E0.00317
G1 F3000 X72.771 Y45.568 E0.00603
G1 F2992.1 X73.196 Y45.334 E0.00638
G1 X73.623 Y45.124 E0.00626
G1 F3000 X74.081 Y44.921 E0.00657
G1 F3015.9 X74.493 Y44.759 E0.00577
G1 F3007.9 X74.749 Y44.668 E0.00355
G1 F2992.1 X75.253 Y44.511 E0.00694
G1 F2976.5 X75.617 Y44.413 E0.00498
G1 F2992.1 X75.878 Y44.352 E0.00352
G1 F3023.9 X76.142 Y44.297 E0.00351
G1 F2992.1 X76.378 Y44.253 E0.00316
G1 X76.837 Y44.181 E0.00611
G1 F3007.9 X77.339 Y44.125 E0.00661
G1 F2992.1 X77.567 Y44.109 E0.003
G1 X78.054 Y44.086 E0.00641
G1 F3007.9 X78.508 Y44.087 E0.00594
G1 X78.763 Y44.095 E0.00334
G0 F18000 X81.105 Y44.577
G0 X82.67 Y45.127
G0 X84.134 Y45.911
G0 X85.459 Y46.904
G0 X86.626 Y48.096
G0 X87.464 Y49.239
G0 X88.25 Y50.709
G0 X88.797 Y52.267
G0 X89.105 Y53.905
G0 X89.158 Y55.559
G0 X89.004 Y56.976
G0 X88.591 Y58.587
G0 X87.943 Y60.106
G0 X87.065 Y61.517
G0 X85.985 Y62.778
G0 X84.726 Y63.858
G0 X83.312 Y64.737
G0 X81.783 Y65.389
G0 X81.003 Y65.598
G0 X78.545 Y66.142
G0 X78.554 Y66.462
G1 F3000 X78.799 Y66.454 E0.00321
G1 X79.278 Y66.42 E0.0063
G1 X79.549 Y66.394 E0.00357
G1 X79.791 Y66.366 E0.00319
G1 X80.04 Y66.33 E0.0033
G1 X80.266 Y66.293 E0.003
G1 X80.755 Y66.193 E0.00654
G1 X80.989 Y66.14 E0.00315
G1 X81.499 Y66.005 E0.00692
G1 X81.738 Y65.93 E0.00328
G1 X82.196 Y65.77 E0.00636
G1 X82.634 Y65.603 E0.00615
G1 X82.892 Y65.492 E0.00368
G1 X83.096 Y65.399 E0.00294
G1 X83.573 Y65.165 E0.00697
G1 X84.224 Y64.795 E0.00982
G1 X84.606 Y64.547 E0.00597
G1 X85.022 Y64.258 E0.00664
G1 X85.229 Y64.102 E0.0034
G1 X85.419 Y63.953 E0.00317
G1 X85.601 Y63.799 E0.00313
G1 X85.649 Y63.765 E0.00077
G1 X85.815 Y63.622 E0.00287
G1 X86.154 Y63.308 E0.00606
G1 X86.536 Y62.923 E0.00711
G1 X86.832 Y62.603 E0.00572
G1 X87.017 Y62.385 E0.00375
G1 X87.165 Y62.203 E0.00308
G1 X87.336 Y61.985 E0.00363
G1 X87.599 Y61.622 E0.00588
G1 X87.761 Y61.389 E0.00372
G1 X88.009 Y61.002 E0.00603
G1 X88.251 Y60.585 E0.00632
G1 X88.357 Y60.39 E0.00291
G1 X88.604 Y59.887 E0.00735
G1 X88.68 Y59.722 E0.00238
G1 X88.869 Y59.273 E0.00639
G1 X88.981 Y58.975 E0.00417
G1 X89.072 Y58.714 E0.00362
G1 X89.215 Y58.261 E0.00623
G1 X89.254 Y58.126 E0.00184
G1 X89.385 Y57.598 E0.00713
G1 X89.489 Y57.109 E0.00656
G1 X89.521 Y56.923 E0.00247
G1 X89.594 Y56.375 E0.00725
G1 X89.62 Y56.133 E0.00319
G1 X89.654 Y55.639 E0.00649
G1 X89.666 Y55.304 E0.0044
G1 X89.666 Y54.835 E0.00615
G1 X89.658 Y54.569 E0.00349
G1 X89.624 Y54.086 E0.00635
G1 X89.599 Y53.823 E0.00346
G1 X89.543 Y53.397 E0.00563
G1 X89.493 Y53.101 E0.00394
G1 X89.398 Y52.619 E0.00644
G1 X89.329 Y52.325 E0.00396
G1 X89.22 Y51.912 E0.0056
G1 X89.217 Y51.911 E0.00004
G1 X89.056 Y51.402 E0.007
G1 X88.872 Y50.9 E0.00701
G1 X88.589 Y50.248 E0.00932
G1 X88.378 Y49.82 E0.00626
G1 X88.121 Y49.353 E0.00699
G1 X87.873 Y48.95 E0.0062
G1 X87.748 Y48.759 E0.00299
G1 X87.461 Y48.354 E0.00651
G1 X87.159 Y47.957 E0.00654
G1 X86.999 Y47.762 E0.00331
G1 X86.841 Y47.577 E0.00319
G1 X86.656 Y47.373 E0.00361
G1 X86.479 Y47.185 E0.00339
G1 X86.321 Y47.024 E0.00296
G1 X86.154 Y46.862 E0.00305
G1 X85.821 Y46.555 E0.00594
G1 X85.601 Y46.369 E0.00378
G1 X85.209 Y46.051 E0.00662
G1 X84.996 Y45.892 E0.00349
G1 X84.814 Y45.764 E0.00292
G1 X84.444 Y45.516 E0.00584
G1 X84.186 Y45.353 E0.004
G1 X83.81 Y45.137 E0.00569
G1 X83.369 Y44.903 E0.00655
G1 X83.096 Y44.772 E0.00397
G1 X82.482 Y44.506 E0.00877
G1 X82.158 Y44.383 E0.00454
G1 X81.766 Y44.25 E0.00543
G1 X81.473 Y44.158 E0.00403
G1 X81.047 Y44.044 E0.00578
G1 X80.563 Y43.934 E0.00651
G1 X80.106 Y43.851 E0.00609
G1 X79.581 Y43.782 E0.00694
G1 X79.333 Y43.755 E0.00327
G1 X79.082 Y43.733 E0.0033
G1 X78.84 Y43.718 E0.00318
G1 X78.513 Y43.709 E0.00429
G1 X78.037 Y43.706 E0.00624
G1 X77.538 Y43.73 E0.00655
G1 X77.3 Y43.748 E0.00313
G1 X76.784 Y43.806 E0.00681
G1 X76.309 Y43.878 E0.0063
G1 X76.063 Y43.926 E0.00329
G1 X75.52 Y44.043 E0.00728
G1 X75.149 Y44.146 E0.00505
G1 X74.621 Y44.31 E0.00725
G1 X74.357 Y44.407 E0.00369
G1 X73.927 Y44.574 E0.00605
G1 X73.461 Y44.782 E0.00669
G1 X73.251 Y44.882 E0.00305
G1 X73.018 Y44.999 E0.00342
G1 X72.812 Y45.11 E0.00307
G1 X72.579 Y45.241 E0.00351
G1 X72.381 Y45.358 E0.00302
G1 X72.175 Y45.487 E0.00319
G1 X72.162 Y45.498 E0.00022
G1 X71.959 Y45.627 E0.00315
G1 X71.742 Y45.778 E0.00347
G1 X71.357 Y46.058 E0.00624
G1 X71.135 Y46.234 E0.00371
G1 X70.775 Y46.537 E0.00617
G1 X70.435 Y46.852 E0.00608
G1 X70.062 Y47.221 E0.00688
G1 X69.883 Y47.413 E0.00344
G1 X69.57 Y47.775 E0.00628
G1 X69.395 Y47.983 E0.00356
G1 X69.255 Y48.163 E0.00299
G1 X68.855 Y48.716 E0.00895
G1 X68.723 Y48.917 E0.00315
G1 X68.459 Y49.349 E0.00664
G1 X68.219 Y49.782 E0.00649
G1 X68.111 Y49.998 E0.00317
G1 X67.893 Y50.453 E0.00662
G1 X67.792 Y50.687 E0.00334
G1 X67.59 Y51.197 E0.00719
G1 X67.509 Y51.436 E0.00331
G1 X67.352 Y51.936 E0.00687
G1 X67.291 Y52.16 E0.00304
G1 X67.23 Y52.4 E0.00325
G1 X67.128 Y52.856 E0.00613
G1 X67.088 Y53.059 E0.00271
G1 X67.056 Y53.247 E0.0025
G1 X66.982 Y53.793 E0.00723
G1 X66.956 Y54.038 E0.00323
G1 X66.933 Y54.353 E0.00414
G1 X66.92 Y54.602 E0.00327
G1 X66.906 Y55.071 E0.00615
G1 X66.917 Y55.571 E0.00656
G1 X66.952 Y56.078 E0.00666
G1 X66.978 Y56.354 E0.00364
G1 X67.033 Y56.771 E0.00552
G1 X67.086 Y57.083 E0.00415
G1 X67.179 Y57.56 E0.00637
G1 X67.247 Y57.847 E0.00387
G1 X67.359 Y58.257 E0.00557
G1 X67.514 Y58.749 E0.00676
G1 X67.595 Y58.979 E0.0032
G1 X67.691 Y59.233 E0.00356
G1 X67.872 Y59.673 E0.00624
G1 X67.986 Y59.92 E0.00357
G1 X68.199 Y60.346 E0.00625
G1 X68.441 Y60.789 E0.00662
G1 X68.694 Y61.205 E0.00638
G1 X68.843 Y61.433 E0.00357
G1 X69.112 Y61.821 E0.00619
G1 X69.417 Y62.212 E0.0065
G1 X69.564 Y62.39 E0.00303
G1 X69.575 Y62.407 E0.00027
G1 X69.75 Y62.609 E0.0035
G1 X69.91 Y62.785 E0.00312
G1 X70.082 Y62.967 E0.00328
G1 X70.243 Y63.131 E0.00301
G1 X70.574 Y63.452 E0.00605
G1 X70.794 Y63.648 E0.00386
G1 X70.978 Y63.806 E0.00318
G1 X71.177 Y63.967 E0.00336
G1 X71.571 Y64.269 E0.00651
G1 X71.714 Y64.373 E0.00232
G1 X72.125 Y64.651 E0.00651
G1 X72.551 Y64.912 E0.00655
G1 X72.985 Y65.153 E0.00651
G1 X73.238 Y65.281 E0.00372
G1 X73.654 Y65.477 E0.00603
G1 X73.941 Y65.601 E0.0041
G1 X74.422 Y65.785 E0.00675
G1 X74.799 Y65.915 E0.00523
G1 X75.105 Y66.009 E0.0042
G1 X75.368 Y66.081 E0.00358
G1 X75.824 Y66.193 E0.00616
G1 X76.26 Y66.283 E0.00584
G1 X76.8 Y66.364 E0.00716
G1 X77.242 Y66.416 E0.00584
G1 X77.8 Y66.454 E0.00733
G1 X77.987 Y66.462 E0.00245
G1 X78.275 Y66.466 E0.00378
G1 X78.554 Y66.462 E0.00366
G0 F18000 X78.545 Y66.142
G0 X75.705 Y65.654
G0 X74.126 Y65.137
G0 X72.847 Y64.508
G0 X71.48 Y63.571
G0 X70.427 Y62.606
G0 X69.377 Y61.326
G0 X68.637 Y60.107
G0 X67.99 Y58.59
G0 X67.575 Y56.976
G0 X67.409 Y55.091
G0 X67.574 Y53.202
G0 X67.988 Y51.585
G0 X68.638 Y50.063
G0 X69.518 Y48.65
G0 X70.598 Y47.39
G0 X71.853 Y46.315
G0 X73.265 Y45.436
G0 X74.503 Y44.908
G0 X76.847 Y44.121
G0 X76.731 Y43.43
;TYPE:WALL-OUTER
G1 F1500 X77.26 Y43.37 E0.00698
G1 X77.509 Y43.351 E0.00327
G1 X78.02 Y43.326 E0.00671
G1 X78.519 Y43.329 E0.00654
G1 X78.852 Y43.338 E0.00437
G1 X79.106 Y43.354 E0.00334
G1 X79.369 Y43.377 E0.00346
G1 X79.622 Y43.404 E0.00334
G1 X80.174 Y43.476 E0.0073
G1 X80.633 Y43.56 E0.00612
G1 X81.134 Y43.674 E0.00674
G1 X81.587 Y43.795 E0.00615
G1 X81.837 Y43.875 E0.00344
G1 X82.284 Y44.025 E0.00618
G1 X82.618 Y44.152 E0.00469
G1 X83.251 Y44.425 E0.00904
G1 X83.546 Y44.566 E0.00429
G1 X83.99 Y44.802 E0.00659
G1 X84.376 Y45.024 E0.00584
G1 X84.648 Y45.195 E0.00421
G1 X85.026 Y45.449 E0.00597
G1 X85.215 Y45.582 E0.00303
G1 X85.437 Y45.747 E0.00363
G1 X85.843 Y46.076 E0.00685
G1 X86.02 Y46.225 E0.00303
G1 X86.204 Y46.389 E0.00323
G1 X86.414 Y46.585 E0.00377
G1 X86.587 Y46.753 E0.00316
G1 X86.791 Y46.96 E0.00381
G1 X86.79 Y46.963 E0.00004
G1 X86.931 Y47.111 E0.00268
G1 X87.124 Y47.324 E0.00377
G1 X87.287 Y47.514 E0.00328
G1 X87.453 Y47.715 E0.00342
G1 X87.765 Y48.126 E0.00677
G1 X87.919 Y48.339 E0.00345
G1 X88.06 Y48.542 E0.00324
G1 X88.191 Y48.742 E0.00314
G1 X88.447 Y49.157 E0.00639
G1 X88.71 Y49.636 E0.00717
G1 X88.93 Y50.081 E0.00651
G1 X89.222 Y50.752 E0.0096
G1 X89.414 Y51.274 E0.00729
G1 X89.573 Y51.779 E0.00694
G1 X89.578 Y51.781 E0.00007
G1 X89.697 Y52.23 E0.00609
G1 X89.768 Y52.533 E0.00408
G1 X89.867 Y53.031 E0.00666
G1 X89.918 Y53.334 E0.00403
G1 X89.976 Y53.777 E0.00586
G1 X90.002 Y54.051 E0.00361
G1 X90.037 Y54.546 E0.00651
G1 X90.046 Y54.835 E0.00379
G1 X90.046 Y55.304 E0.00615
G1 X90.034 Y55.653 E0.00458
G1 X89.999 Y56.162 E0.00669
G1 X89.972 Y56.417 E0.00336
G1 X89.896 Y56.987 E0.00754
G1 X89.863 Y57.174 E0.00249
G1 X89.757 Y57.678 E0.00675
G1 X89.623 Y58.218 E0.0073
G1 X89.58 Y58.367 E0.00203
G1 X89.434 Y58.83 E0.00637
G1 X89.34 Y59.101 E0.00376
G1 X89.224 Y59.409 E0.00432
G1 X89.03 Y59.87 E0.00656
G1 X88.95 Y60.045 E0.00252
G1 X88.697 Y60.56 E0.00752
G1 X88.585 Y60.767 E0.00309
G1 X88.336 Y61.195 E0.00649
G1 X88.077 Y61.6 E0.0063
G1 X87.911 Y61.84 E0.00383
G1 X87.62 Y62.241 E0.0065
G1 X87.31 Y62.627 E0.00649
G1 X87.159 Y62.804 E0.00305
G1 X86.964 Y63.023 E0.00385
G1 X86.813 Y63.183 E0.00288
G1 X86.616 Y63.385 E0.0037
G1 X86.42 Y63.58 E0.00363
G1 X86.071 Y63.902 E0.00623
G1 X85.866 Y64.079 E0.00355
G1 X85.86 Y64.079 E0.00008
G1 X85.663 Y64.244 E0.00337
G1 X85.463 Y64.401 E0.00333
G1 X85.25 Y64.562 E0.0035
G1 X84.82 Y64.861 E0.00687
G1 X84.426 Y65.117 E0.00616
G1 X84.147 Y65.278 E0.00422
G1 X83.739 Y65.507 E0.00614
G1 X83.263 Y65.74 E0.00695
G1 X83.05 Y65.838 E0.00307
G1 X82.782 Y65.953 E0.00382
G1 X82.332 Y66.125 E0.00632
G1 X81.861 Y66.289 E0.00654
G1 X81.613 Y66.367 E0.00341
G1 X81.352 Y66.439 E0.00355
G1 X81.075 Y66.51 E0.00375
G1 X80.841 Y66.563 E0.00315
G1 X80.308 Y66.672 E0.00713
G1 X79.845 Y66.742 E0.00614
G1 X79.593 Y66.772 E0.00333
G1 X79.312 Y66.798 E0.0037
G1 X78.822 Y66.833 E0.00644
G1 X78.566 Y66.842 E0.00336
G1 X78.279 Y66.846 E0.00376
G1 X77.981 Y66.842 E0.00391
G1 X77.716 Y66.83 E0.00348
G1 X77.212 Y66.795 E0.00662
G1 X77.033 Y66.776 E0.00236
G1 X76.748 Y66.74 E0.00377
G1 X76.198 Y66.658 E0.00729
G1 X75.938 Y66.606 E0.00348
G1 X75.691 Y66.552 E0.00332
G1 X75.233 Y66.44 E0.00618
G1 X74.939 Y66.357 E0.00401
G1 X74.676 Y66.275 E0.00361
G1 X74.298 Y66.145 E0.00524
G1 X73.775 Y65.945 E0.00734
G1 X73.772 Y65.941 E0.00007
G1 X73.504 Y65.826 E0.00382
G1 X73.33 Y65.746 E0.00251
G1 X72.801 Y65.487 E0.00772
G1 X72.421 Y65.275 E0.00571
G1 X71.927 Y64.975 E0.00758
G1 X71.499 Y64.686 E0.00677
G1 X71.286 Y64.532 E0.00345
G1 X70.945 Y64.268 E0.00565
G1 X70.736 Y64.099 E0.00352
G1 X70.546 Y63.936 E0.00328
G1 X70.321 Y63.735 E0.00396
G1 X70.173 Y63.595 E0.00267
G1 X69.81 Y63.233 E0.00672
G1 X69.632 Y63.044 E0.0034
G1 X69.468 Y62.864 E0.00319
G1 X69.271 Y62.636 E0.00395
G1 X69.269 Y62.63 E0.00008
G1 X69.123 Y62.453 E0.00301
G1 X68.801 Y62.039 E0.00688
G1 X68.53 Y61.649 E0.00623
G1 X68.375 Y61.411 E0.00372
G1 X68.116 Y60.986 E0.00653
G1 X67.857 Y60.513 E0.00707
G1 X67.646 Y60.09 E0.0062
G1 X67.526 Y59.829 E0.00377
G1 X67.339 Y59.377 E0.00641
G1 X67.239 Y59.113 E0.0037
G1 X67.161 Y58.89 E0.0031
G1 X67.003 Y58.389 E0.00689
G1 X66.999 Y58.387 E0.00006
G1 X66.879 Y57.944 E0.00602
G1 X66.809 Y57.646 E0.00401
G1 X66.712 Y57.154 E0.00658
G1 X66.654 Y56.809 E0.00459
G1 X66.601 Y56.4 E0.00541
G1 X66.555 Y55.873 E0.00694
G1 X66.537 Y55.583 E0.00381
G1 X66.526 Y55.075 E0.00666
G1 X66.54 Y54.573 E0.00659
G1 X66.577 Y54.008 E0.00742
G1 X66.604 Y53.752 E0.00338
G1 X66.679 Y53.196 E0.00736
G1 X66.714 Y52.993 E0.0027
G1 X66.756 Y52.78 E0.00285
G1 X66.821 Y52.485 E0.00396
G1 X66.942 Y51.992 E0.00666
G1 X67.012 Y51.746 E0.00335
G1 X67.235 Y51.057 E0.0095
G1 X67.45 Y50.517 E0.00762
G1 X67.454 Y50.514 E0.00007
G1 X67.544 Y50.304 E0.003
G1 X67.769 Y49.832 E0.00686
G1 X67.854 Y49.661 E0.0025
G1 X67.968 Y49.447 E0.00318
G1 X68.129 Y49.161 E0.0043
G1 X68.399 Y48.72 E0.00678
G1 X68.545 Y48.496 E0.00351
G1 X68.956 Y47.927 E0.0092
G1 X69.097 Y47.747 E0.003
G1 X69.279 Y47.53 E0.00371
G1 X69.617 Y47.14 E0.00677
G1 X69.785 Y46.961 E0.00322
G1 X70.169 Y46.58 E0.00709
G1 X70.519 Y46.257 E0.00625
G1 X70.891 Y45.943 E0.00638
G1 X71.119 Y45.762 E0.00382
G1 X71.543 Y45.453 E0.00688
G1 X71.742 Y45.315 E0.00318
G1 X72.177 Y45.037 E0.00677
G1 X72.387 Y44.913 E0.0032
G1 X72.626 Y44.778 E0.0036
G1 X72.84 Y44.664 E0.00318
G1 X73.081 Y44.542 E0.00354
G1 X73.263 Y44.456 E0.00264
G1 X73.773 Y44.227 E0.00733
G1 X74.259 Y44.037 E0.00684
G1 X74.505 Y43.948 E0.00343
G1 X74.963 Y43.804 E0.0063
G1 X75.423 Y43.676 E0.00626
G1 X76.008 Y43.548 E0.00785
G1 X76.261 Y43.501 E0.00337
G1 X76.731 Y43.43 E0.00623
G0 F18000 X76.534 Y43.459
G0 X76.611 Y44.153
G0 X73.685 Y45.228
G0 X72.444 Y45.911
G0 X71.119 Y46.904
G0 X69.958 Y48.09
G0 X68.989 Y49.44
G0 X68.328 Y50.712
G0 X67.843 Y52.047
G0 X67.503 Y53.663
G0 X67.409 Y55.091
G0 X67.575 Y56.976
G0 X67.99 Y58.59
G0 X68.637 Y60.107
G0 X69.135 Y60.909
G0 X70.044 Y62.275
G0 X70.574 Y61.819
G1 F1500 X70.733 Y61.998 E0.00314
G1 X70.886 Y62.159 E0.00291
G1 X71.2 Y62.478 E0.00587
G1 X71.528 Y62.777 E0.00582
G1 X71.873 Y63.069 E0.00593
G1 X72.05 Y63.209 E0.00296
G1 X72.59 Y63.596 E0.00871
G1 X73.138 Y63.934 E0.00844
G1 X73.362 Y64.062 E0.00338
G1 X73.755 Y64.269 E0.00582
G1 X73.953 Y64.364 E0.00288
G1 X74.354 Y64.542 E0.00575
G1 X74.574 Y64.629 E0.0031
G1 X74.991 Y64.779 E0.00581
G1 X75.625 Y64.974 E0.0087
G1 X76.034 Y65.074 E0.00552
G1 X76.285 Y65.127 E0.00336
G1 X76.949 Y65.24 E0.00883
G1 X77.17 Y65.265 E0.00292
G1 X77.573 Y65.299 E0.0053
G1 X77.792 Y65.312 E0.00288
G1 X78.239 Y65.326 E0.00586
G1 X78.512 Y65.322 E0.00358
G1 X78.955 Y65.302 E0.00581
G1 X79.4 Y65.266 E0.00585
G1 X79.844 Y65.205 E0.00588
G1 X80.281 Y65.128 E0.00582
G1 X80.718 Y65.034 E0.00586
G1 X80.94 Y64.976 E0.00301
G1 X81.153 Y64.915 E0.00291
G1 X81.578 Y64.782 E0.00584
G1 X81.782 Y64.712 E0.00283
G1 X82.209 Y64.547 E0.006
G1 X82.413 Y64.459 E0.00291
G1 X82.824 Y64.269 E0.00594
G1 X83.218 Y64.06 E0.00585
G1 X83.596 Y63.841 E0.00573
G1 X83.833 Y63.694 E0.00366
G1 X84.157 Y63.479 E0.0051
G1 X84.526 Y63.205 E0.00603
G1 X84.704 Y63.066 E0.00296
G1 X85.039 Y62.786 E0.00573
G1 X85.364 Y62.489 E0.00577
G1 X85.529 Y62.329 E0.00301
G1 X85.693 Y62.162 E0.00307
G1 X85.981 Y61.842 E0.00565
G1 X86.134 Y61.663 E0.00309
G1 X86.411 Y61.325 E0.00573
G1 X86.546 Y61.14 E0.003
G1 X86.8 Y60.782 E0.00576
G1 X87.019 Y60.436 E0.00537
G1 X87.25 Y60.043 E0.00598
G1 X87.373 Y59.813 E0.00342
G1 X87.567 Y59.416 E0.00579
G1 X87.661 Y59.212 E0.00295
G1 X87.832 Y58.801 E0.00584
G1 X87.983 Y58.381 E0.00585
G1 X88.107 Y57.984 E0.00545
G1 X88.179 Y57.737 E0.00337
G1 X88.275 Y57.344 E0.0053
G1 X88.37 Y56.892 E0.00606
G1 X88.44 Y56.425 E0.00619
G1 X88.485 Y56.02 E0.00534
G1 X88.503 Y55.805 E0.00283
G1 X88.516 Y55.585 E0.00289
G1 X88.526 Y55.311 E0.0036
G1 X88.526 Y54.864 E0.00586
G1 X88.518 Y54.637 E0.00298
G1 X88.506 Y54.413 E0.00294
G1 X88.47 Y53.968 E0.00585
G1 X88.445 Y53.765 E0.00268
G1 X88.372 Y53.308 E0.00607
G1 X88.331 Y53.086 E0.00296
G1 X88.238 Y52.666 E0.00564
G1 X88.136 Y52.277 E0.00527
G1 X88.054 Y52.005 E0.00373
G1 X87.985 Y51.793 E0.00292
G1 X87.835 Y51.375 E0.00582
G1 X87.66 Y50.954 E0.00598
G1 X87.6 Y50.829 E0.00182
G1 X87.603 Y50.826 E0.00006
G1 X87.471 Y50.556 E0.00394
G1 X87.269 Y50.161 E0.00582
G1 X87.044 Y49.776 E0.00585
G1 X86.926 Y49.584 E0.00296
G1 X86.73 Y49.29 E0.00463
G1 X86.41 Y48.848 E0.00716
G1 X86.136 Y48.508 E0.00573
G1 X85.835 Y48.162 E0.00601
G1 X85.698 Y48.016 E0.00263
G1 X85.533 Y47.847 E0.0031
G1 X85.204 Y47.531 E0.00598
G1 X85.075 Y47.417 E0.00226
G1 X84.707 Y47.106 E0.00632
G1 X84.349 Y46.829 E0.00594
G1 X83.982 Y46.572 E0.00588
G1 X83.828 Y46.472 E0.00241
G1 X83.411 Y46.217 E0.00641
G1 X83.012 Y45.997 E0.00597
G1 X82.546 Y45.769 E0.0068
G1 X82.543 Y45.771 E0.00005
G1 X82.433 Y45.72 E0.00159
G1 X82.215 Y45.627 E0.00311
G1 X81.995 Y45.539 E0.00311
G1 X81.787 Y45.461 E0.00291
G1 X81.403 Y45.328 E0.00533
G1 X80.946 Y45.193 E0.00625
G1 X80.514 Y45.087 E0.00583
G1 X80.072 Y45.001 E0.0059
G1 X79.621 Y44.932 E0.00598
G1 X79.239 Y44.887 E0.00504
G1 X78.777 Y44.856 E0.00607
G1 X78.563 Y44.847 E0.00281
G1 X78.068 Y44.846 E0.00649
G1 X77.844 Y44.854 E0.00294
G1 X77.395 Y44.882 E0.0059
G1 X76.954 Y44.931 E0.00582
G1 X76.732 Y44.964 E0.00294
G1 X76.295 Y45.04 E0.00582
G1 X76.07 Y45.085 E0.00301
G1 X75.631 Y45.195 E0.00593
G1 X75.493 Y45.236 E0.00189
G1 X75.49 Y45.233 E0.00006
G1 X75.209 Y45.318 E0.00385
G1 X74.782 Y45.46 E0.0059
G1 X74.361 Y45.627 E0.00594
G1 X73.944 Y45.812 E0.00598
G1 X73.567 Y45.997 E0.00551
G1 X73.173 Y46.213 E0.00589
G1 X72.789 Y46.445 E0.00588
G1 X72.414 Y46.693 E0.0059
G1 X72.231 Y46.826 E0.00297
G1 X71.875 Y47.102 E0.00591
G1 X71.537 Y47.386 E0.00579
G1 X71.402 Y47.505 E0.00236
G1 X71.052 Y47.838 E0.00633
G1 X70.738 Y48.169 E0.00598
G1 X70.612 Y48.307 E0.00245
G1 X70.448 Y48.494 E0.00326
G1 X70.302 Y48.67 E0.003
G1 X70.032 Y49.025 E0.00585
G1 X69.918 Y49.188 E0.00261
G1 X69.913 Y49.19 E0.00007
G1 X69.654 Y49.578 E0.00612
G1 X69.441 Y49.926 E0.00535
G1 X69.311 Y50.153 E0.00343
G1 X69.232 Y50.304 E0.00223
G1 X69.023 Y50.723 E0.00614
G1 X68.911 Y50.964 E0.00348
G1 X68.744 Y51.367 E0.00572
G1 X68.593 Y51.787 E0.00585
G1 X68.442 Y52.267 E0.0066
G1 X68.339 Y52.661 E0.00534
G1 X68.251 Y53.054 E0.00528
G1 X68.168 Y53.523 E0.00625
G1 X68.142 Y53.721 E0.00262
G1 X68.138 Y53.732 E0.00015
G1 X68.107 Y53.963 E0.00306
G1 X68.073 Y54.369 E0.00534
G1 X68.06 Y54.585 E0.00284
G1 X68.046 Y55.047 E0.00606
G1 X68.058 Y55.53 E0.00634
G1 X68.07 Y55.751 E0.0029
G1 X68.106 Y56.2 E0.00591
G1 X68.135 Y56.422 E0.00294
G1 X68.2 Y56.853 E0.00572
G1 X68.289 Y57.294 E0.0059
G1 X68.338 Y57.504 E0.00283
G1 X68.456 Y57.95 E0.00605
G1 X68.591 Y58.379 E0.0059
G1 X68.741 Y58.793 E0.00577
G1 X68.912 Y59.209 E0.0059
G1 X69.007 Y59.413 E0.00295
G1 X69.201 Y59.808 E0.00577
G1 X69.312 Y60.017 E0.0031
G1 X69.548 Y60.421 E0.00614
G1 X69.771 Y60.774 E0.00548
G1 X69.903 Y60.962 E0.00301
G1 X70.167 Y61.321 E0.00584
G1 X70.44 Y61.66 E0.00571
G1 X70.574 Y61.819 E0.00273
G0 F18000 X70.446 Y61.667
G1 F1800 E-3.5
;MESH:Full_Asse_Dielectric_Part.STL
G0 F18000 X69.897 Y62.104
G0 X71.413 Y64.354
G0 X70.781 Y65.686
G0 X85.154 Y96.21
G0 X84.921 Y97.421
;TYPE:SKIN
G1 F1800 E3.52079
G1 F8400 X84.921 Y97.796 E0.00622
G1 X85.295 Y97.421 E0.00879
G1 X85.833 Y97.421 E0.00892
G1 X84.921 Y98.333 E0.0214
G1 X84.921 Y98.87 E0.00891
G1 X86.37 Y97.421 E0.03399
G1 X86.908 Y97.421 E0.00892
G1 X84.921 Y99.408 E0.04661
G1 X84.921 Y99.945 E0.00891
G1 X87.445 Y97.421 E0.05921
G1 X87.982 Y97.421 E0.00891
G1 X84.921 Y100.483 E0.07182
G1 X84.921 Y101.02 E0.00891
G1 X88.52 Y97.421 E0.08443
G1 X89.057 Y97.421 E0.00891
G1 X84.921 Y101.558 E0.09704
G1 X84.921 Y102.095 E0.00891
G1 X89.595 Y97.421 E0.10965
G1 X90.132 Y97.421 E0.00891
G1 X84.921 Y102.632 E0.12225
G1 X84.921 Y103.17 E0.00892
G1 X90.669 Y97.421 E0.13486
G1 X91.207 Y97.421 E0.00892
G1 X84.921 Y103.707 E0.14747
G1 X84.921 Y104.245 E0.00892
G1 X91.744 Y97.421 E0.16008
G1 X92.282 Y97.421 E0.00892
G1 X84.921 Y104.782 E0.17269
G1 X84.921 Y105.319 E0.00891
G1 X92.819 Y97.421 E0.18528
G1 X93.356 Y97.421 E0.00891
G1 X84.921 Y105.857 E0.19789
G1 X84.921 Y106.394 E0.00891
G1 X93.894 Y97.421 E0.2105
G1 X94.431 Y97.421 E0.00891
G1 X84.921 Y106.932 E0.22311
G1 X84.921 Y107.469 E0.00891
G1 X94.969 Y97.421 E0.23572
G1 X95.506 Y97.421 E0.00891
G1 X84.921 Y108.006 E0.24832
G1 X84.921 Y108.544 E0.00892
G1 X96.043 Y97.421 E0.26093
G1 X96.581 Y97.421 E0.00892
G1 X84.921 Y109.081 E0.27354
G1 X84.921 Y109.619 E0.00892
G1 X97.118 Y97.421 E0.28615
G1 X97.656 Y97.421 E0.00892
G0 F18000 X97.656 Y98.14
G0 X89.656 Y104.235
G0 X89.413 Y104.637
G0 X90.069 Y104.924
G1 F8400 X90.171 Y104.694 E0.00417
G1 X90.672 Y104.404 E0.0096
G0 F18000 X90.314 Y103.783
G0 X97.656 Y98.14
G0 X97.656 Y97.421
G1 F8400 X90.672 Y104.404 E0.16383
G0 F18000 X90.117 Y104.959
G1 F8400 X84.921 Y110.156 E0.12191
G0 F18000 X85.64 Y110.156
G0 X89.656 Y104.235
G0 X90.314 Y103.783
G0 X90.672 Y104.404
G1 F8400 X91.278 Y104.055 E0.0116
G1 X91.344 Y104.037 E0.00113
G1 X91.577 Y104.037 E0.00387
G0 F18000 X91.577 Y103.318
G0 X91.02 Y103.445
G0 X89.656 Y104.235
G0 X85.64 Y110.156
G0 X84.921 Y110.156
G1 F8400 X84.921 Y110.693 E0.00891
G0 F18000 X85.64 Y110.693
G0 X89.656 Y104.235
G0 X90.884 Y103.524
G0 X91.577 Y103.318
G0 X91.577 Y104.037
G1 F8400 X98.193 Y97.421 E0.15521
G0 F18000 X98.193 Y98.14
G0 X89.656 Y104.235
G0 X85.64 Y110.693
G0 X84.921 Y110.693
G1 F8400 X90.535 Y105.079 E0.1317
G0 F18000 X90.535 Y105.798
G0 X90.048 Y105.735
G0 X89.273 Y105.127
G0 X89.656 Y104.235
G0 X98.193 Y98.14
G0 X98.193 Y97.421
G1 F8400 X98.73 Y97.421 E0.00891
G1 X92.115 Y104.037 E0.1552
G1 X92.652 Y104.037 E0.00891
G1 X99.268 Y97.421 E0.15521
G1 X99.805 Y97.421 E0.00891
G1 X93.13 Y104.096 E0.15659
G1 X93.471 Y104.293 E0.00653
G1 X100.343 Y97.421 E0.16121
G1 X100.88 Y97.421 E0.00891
G1 X93.811 Y104.49 E0.16584
G0 F18000 X94.171 Y103.868
G0 X94.694 Y104.241
G0 X95.054 Y105.15
G0 X94.283 Y105.735
G0 X90.535 Y105.798
G0 X90.535 Y105.079
G1 F8400 X91.073 Y105.079 E0.00892
G1 X84.921 Y111.231 E0.14432
G1 X84.921 Y111.768 E0.00891
G1 X91.61 Y105.079 E0.15692
G1 X92.147 Y105.079 E0.00891
G1 X84.921 Y112.306 E0.16953
G1 X84.921 Y112.843 E0.00891
G1 X92.685 Y105.079 E0.18214
G1 X93.222 Y105.079 E0.00891
G1 X84.921 Y113.38 E0.19474
G1 X84.921 Y113.918 E0.00892
G0 F18000 X85.61 Y113.642
G0 X95.054 Y105.15
G0 X94.694 Y104.241
G0 X94.171 Y103.868
G0 X93.811 Y104.49
G1 F8400 X94.152 Y104.686 E0.00652
G1 X101.417 Y97.421 E0.17043
G1 X101.955 Y97.421 E0.00892
G0 F18000 X101.955 Y98.14
G0 X95.054 Y105.15
G0 X85.61 Y113.642
G0 X84.921 Y113.918
G1 F8400 X93.76 Y105.079 E0.20736
G1 X94.065 Y105.079 E0.00506
G1 X94.266 Y104.93 E0.00415
G1 X94.168 Y104.695 E0.00422
G0 F18000 X94.528 Y104.074
G0 X101.955 Y98.14
G0 X101.955 Y97.421
G1 F8400 X84.921 Y114.455 E0.39961
G1 X84.921 Y114.588 E0.00221
G1 X85.46 Y114.277 E0.01032
G1 X85.501 Y114.331 E0.00112
G1 X85.582 Y114.331 E0.00134
G1 X102.492 Y97.421 E0.3967
G1 X103.03 Y97.421 E0.00892
G1 X86.119 Y114.331 E0.39671
G1 X86.657 Y114.331 E0.00892
G1 X103.567 Y97.421 E0.3967
G1 X104.105 Y97.421 E0.00892
G1 X87.154 Y114.371 E0.39765
G1 X87.495 Y114.568 E0.00653
G1 X104.642 Y97.421 E0.40226
G1 X105.179 Y97.421 E0.00891
G1 X87.835 Y114.765 E0.40688
G0 F18000 X88.195 Y114.143
G0 X88.625 Y115.308
G0 X88.249 Y115.597
G0 X85.21 Y115.662
G0 X84.921 Y115.373
G1 F8400 X84.921 Y115.529 E0.00259
G1 X85.078 Y115.373 E0.00367
G0 F18000 X84.921 Y115.529
G1 F8400 X84.921 Y116.067 E0.00892
G1 X85.615 Y115.373 E0.01628
G1 X86.152 Y115.373 E0.00891
G1 X84.921 Y116.604 E0.02888
G1 X84.921 Y117.141 E0.00891
G1 X86.69 Y115.373 E0.04149
G1 X87.227 Y115.373 E0.00891
G1 X84.921 Y117.679 E0.0541
G1 X84.921 Y118.216 E0.00891
G0 F18000 X85.64 Y118.216
G0 X89.111 Y115.444
G0 X88.751 Y114.535
G0 X88.195 Y114.143
G0 X87.835 Y114.765
G1 F8400 X88.176 Y114.962 E0.00653
G0 F18000 X88.536 Y114.34
G0 X88.751 Y114.535
G0 X89.111 Y115.444
G0 X85.64 Y118.216
G0 X84.921 Y118.216
G1 F8400 X87.765 Y115.373 E0.06671
G0 F18000 X88.176 Y114.962
G1 F8400 X105.717 Y97.421 E0.41151
G0 F18000 X105.717 Y98.14
G0 X88.584 Y114.367
G0 X88.224 Y114.989
G1 F8400 X88.323 Y115.224 E0.00423
G1 X88.122 Y115.373 E0.00415
G1 X87.765 Y115.373 E0.00592
G0 F18000 X87.765 Y116.092
G0 X88.34 Y116.029
G0 X88.965 Y115.556
G0 X105.717 Y98.14
G0 X105.717 Y97.421
G1 F8400 X106.254 Y97.421 E0.00891
G1 X84.921 Y118.754 E0.50047
G1 X84.921 Y119.291 E0.00891
G1 X106.792 Y97.421 E0.51307
G1 X107.329 Y97.421 E0.00891
G1 X84.921 Y119.828 E0.52567
G1 X84.921 Y120.366 E0.00892
G1 X107.866 Y97.421 E0.53828
G1 X108.404 Y97.421 E0.00892
G1 X84.921 Y120.903 E0.55089
G1 X84.921 Y121.441 E0.00892
G1 X108.941 Y97.421 E0.5635
G1 X109.479 Y97.421 E0.00892
G0 F18000 X109.479 Y98.14
G0 X101.543 Y104.235
G0 X101.3 Y104.637
G0 X101.956 Y104.924
G1 F8400 X102.058 Y104.694 E0.00417
G1 X102.406 Y104.493 E0.00667
G0 F18000 X101.967 Y104.933
G1 F8400 X84.921 Y121.978 E0.39988
G0 F18000 X85.61 Y121.89
G0 X101.543 Y104.235
G0 X109.479 Y98.14
G0 X109.479 Y97.421
G1 F8400 X102.406 Y104.493 E0.16592
G0 F18000 X102.047 Y103.871
G0 X101.638 Y104.166
G0 X85.61 Y121.89
G0 X84.921 Y121.978
G1 F8400 X84.921 Y122.515 E0.00891
G0 F18000 X85.21 Y122.29
G0 X102.047 Y103.871
G0 X102.406 Y104.493
G1 F8400 X103.165 Y104.055 E0.01454
G1 X103.231 Y104.037 E0.00113
G1 X103.4 Y104.037 E0.0028
G0 F18000 X103.4 Y103.318
G0 X102.011 Y104.395
G0 X85.21 Y122.29
G0 X84.921 Y122.515
G1 F8400 X102.358 Y105.079 E0.40905
G0 F18000 X102.358 Y105.798
G0 X101.935 Y105.735
G0 X101.16 Y105.127
G0 X101.543 Y104.235
G0 X102.771 Y103.524
G0 X103.4 Y103.318
G0 X103.4 Y104.037
G1 F8400 X110.016 Y97.421 E0.15521
G1 X110.553 Y97.421 E0.00891
G1 X103.937 Y104.037 E0.15521
G1 X104.474 Y104.037 E0.00891
G1 X111.091 Y97.421 E0.15522
G1 X111.628 Y97.421 E0.00891
G1 X104.976 Y104.073 E0.15605
G1 X105.317 Y104.269 E0.00652
G1 X112.166 Y97.421 E0.16066
G1 X112.703 Y97.421 E0.00891
G1 X105.658 Y104.466 E0.16527
G0 F18000 X106.017 Y103.844
G0 X106.582 Y104.241
G0 X106.942 Y105.15
G0 X106.171 Y105.735
G0 X102.358 Y105.798
G0 X102.358 Y105.079
G1 F8400 X102.895 Y105.079 E0.00891
G1 X85.395 Y122.579 E0.41054
G1 X85.933 Y122.579 E0.00892
G1 X103.433 Y105.079 E0.41054
G1 X103.97 Y105.079 E0.00891
G1 X86.47 Y122.579 E0.41054
G1 X87.007 Y122.579 E0.00891
G1 X104.508 Y105.079 E0.41056
G1 X105.045 Y105.079 E0.00891
G1 X87.545 Y122.579 E0.41054
G1 X88.082 Y122.579 E0.00891
G0 F18000 X88.082 Y121.86
G0 X104.528 Y105.729
G0 X106.171 Y105.735
G0 X106.942 Y105.15
G0 X106.582 Y104.241
G0 X106.017 Y103.844
G0 X105.658 Y104.466
G1 F8400 X105.999 Y104.662 E0.00652
G0 F18000 X106.358 Y104.041
G0 X106.582 Y104.241
G0 X106.942 Y105.15
G0 X106.171 Y105.735
G0 X104.63 Y105.726
G0 X88.082 Y121.86
G0 X88.082 Y122.579
G1 F8400 X105.582 Y105.079 E0.41054
G0 F18000 X105.999 Y104.662
G1 F8400 X113.24 Y97.421 E0.16987
G1 X113.778 Y97.421 E0.00892
G0 F18000 X113.778 Y98.14
G0 X106.748 Y104.487
G0 X106.128 Y104.736
G1 F8400 X106.107 Y104.813 E0.00132
G1 X106.161 Y104.924 E0.00205
G1 X106.056 Y105.003 E0.00218
G1 X106.052 Y105.018 E0.00026
G1 X106.035 Y105.018 E0.00028
G1 X105.953 Y105.079 E0.0017
G1 X105.582 Y105.079 E0.00615
G0 F18000 X105.582 Y105.798
G0 X95.6 Y114.529
G0 X95.382 Y114.872
G0 X96.039 Y115.16
G1 F8400 X88.62 Y122.579 E0.17405
G0 F18000 X88.62 Y121.86
G0 X95.6 Y114.529
G0 X106.942 Y105.15
G0 X113.778 Y98.14
G0 X113.778 Y97.421
G1 F8400 X96.342 Y114.857 E0.40904
G1 X97.222 Y114.349 E0.01686
G1 X97.288 Y114.331 E0.00113
G1 X97.405 Y114.331 E0.00194
G0 F18000 X97.405 Y113.612
G0 X96.964 Y113.739
G0 X95.6 Y114.529
G0 X88.62 Y121.86
G0 X88.62 Y122.579
G1 F8400 X89.157 Y122.579 E0.00891
G1 X96.363 Y115.373 E0.16905
G0 F18000 X96.363 Y116.092
G0 X95.992 Y116.029
G0 X95.217 Y115.421
G0 X95.6 Y114.529
G0 X96.828 Y113.818
G0 X97.405 Y113.612
G0 X97.405 Y114.331
G1 F8400 X114.315 Y97.421 E0.3967
G1 X114.853 Y97.421 E0.00892
G1 X97.943 Y114.331 E0.3967
G1 X98.48 Y114.331 E0.00891
G1 X115.39 Y97.421 E0.3967
G1 X115.927 Y97.421 E0.00891
G1 X99.001 Y114.348 E0.39709
G1 X99.341 Y114.544 E0.00651
G1 X116.465 Y97.421 E0.40171
G1 X117.002 Y97.421 E0.00891
G1 X99.682 Y114.742 E0.40633
G0 F18000 X100.042 Y114.12
G0 X100.638 Y114.535
G0 X100.998 Y115.444
G0 X100.227 Y116.029
G0 X96.363 Y116.092
G0 X96.363 Y115.373
G1 F8400 X96.9 Y115.373 E0.00891
G1 X89.694 Y122.579 E0.16905
G1 X90.232 Y122.579 E0.00892
G1 X97.438 Y115.373 E0.16905
G1 X97.975 Y115.373 E0.00891
G1 X90.769 Y122.579 E0.16905
G1 X91.307 Y122.579 E0.00892
G1 X98.513 Y115.373 E0.16905
G1 X99.05 Y115.373 E0.00891
G1 X91.844 Y122.579 E0.16905
G1 X92.381 Y122.579 E0.00891
G0 F18000 X92.381 Y121.86
G0 X100.998 Y115.444
G0 X100.638 Y114.535
G0 X100.042 Y114.12
G0 X99.682 Y114.742
G1 F8400 X100.022 Y114.938 E0.00651
G0 F18000 X100.382 Y114.316
G0 X100.638 Y114.535
G0 X100.998 Y115.444
G0 X92.381 Y121.86
G0 X92.381 Y122.579
G1 F8400 X99.588 Y115.373 E0.16906
G0 F18000 X100.022 Y114.938
G1 F8400 X117.54 Y97.421 E0.41095
G0 F18000 X117.54 Y98.14
G0 X100.471 Y114.367
G0 X100.111 Y114.989
G1 F8400 X100.21 Y115.224 E0.00423
G1 X100.009 Y115.373 E0.00415
G1 X99.588 Y115.373 E0.00698
G0 F18000 X99.588 Y116.092
G0 X100.227 Y116.029
G0 X100.852 Y115.556
G0 X117.54 Y98.14
G0 X117.54 Y97.421
G1 F8400 X118.077 Y97.421 E0.00891
G1 X92.919 Y122.579 E0.5902
G1 X93.456 Y122.579 E0.00891
G1 X118.614 Y97.421 E0.5902
G1 X119.152 Y97.421 E0.00892
G1 X93.994 Y122.579 E0.5902
G1 X94.531 Y122.579 E0.00891
G1 X119.689 Y97.421 E0.5902
G1 X120.227 Y97.421 E0.00892
G1 X95.068 Y122.579 E0.59021
G1 X95.606 Y122.579 E0.00892
G1 X120.764 Y97.421 E0.5902
G1 X121.301 Y97.421 E0.00891
G1 X114.142 Y104.58 E0.16795
G0 F18000 X113.879 Y104.843
G1 F8400 X96.143 Y122.579 E0.41608
G0 F18000 X96.143 Y121.86
G0 X113.43 Y104.235
G0 X113.784 Y103.959
G0 X114.142 Y104.58
G1 F8400 X115.049 Y104.056 E0.01738
G1 X115.117 Y104.037 E0.00117
G1 X115.222 Y104.037 E0.00174
G0 F18000 X115.222 Y103.318
G0 X114.795 Y103.445
G0 X113.43 Y104.235
G0 X96.143 Y121.86
G0 X96.143 Y122.579
G1 F8400 X96.681 Y122.579 E0.00892
G0 F18000 X96.681 Y121.86
G0 X113.43 Y104.235
G0 X114.658 Y103.524
G0 X115.222 Y103.318
G0 X115.222 Y104.037
G1 F8400 X121.839 Y97.421 E0.15522
G1 X122.376 Y97.421 E0.00891
G1 X115.76 Y104.037 E0.15521
G1 X116.297 Y104.037 E0.00891
G1 X122.914 Y97.421 E0.15522
G1 X123.451 Y97.421 E0.00891
G1 X116.823 Y104.049 E0.15549
G1 X117.163 Y104.246 E0.00652
G1 X123.988 Y97.421 E0.16011
G1 X124.526 Y97.421 E0.00892
G1 X117.504 Y104.443 E0.16473
G0 F18000 X117.865 Y103.821
G0 X118.469 Y104.241
G0 X118.829 Y105.15
G0 X96.681 Y121.86
G0 X96.681 Y122.579
G1 F8400 X114.181 Y105.079 E0.41054
G1 X114.718 Y105.079 E0.00891
G1 X97.218 Y122.579 E0.41054
G1 X97.755 Y122.579 E0.00891
G1 X115.256 Y105.079 E0.41056
G1 X115.793 Y105.079 E0.00891
G1 X98.293 Y122.579 E0.41054
G1 X98.83 Y122.579 E0.00891
G1 X116.33 Y105.079 E0.41054
G1 X116.868 Y105.079 E0.00892
G1 X99.368 Y122.579 E0.41054
G1 X99.905 Y122.579 E0.00891
G0 F18000 X99.905 Y121.86
G0 X116.364 Y105.729
G0 X118.058 Y105.735
G0 X118.829 Y105.15
G0 X118.469 Y104.241
G0 X117.865 Y103.821
G0 X117.504 Y104.443
G1 F8400 X117.845 Y104.639 E0.00652
G1 X125.063 Y97.421 E0.16933
G0 F18000 X125.063 Y98.14
G0 X118.829 Y105.15
G0 X107.487 Y114.529
G0 X99.905 Y121.86
G0 X99.905 Y122.579
G1 F8400 X117.405 Y105.079 E0.41054
G1 X117.84 Y105.08 E0.00722
G1 X118.041 Y104.93 E0.00416
G1 X117.942 Y104.695 E0.00423
G0 F18000 X118.302 Y104.073
G0 X125.063 Y98.14
G0 X125.063 Y97.421
G1 F8400 X125.601 Y97.421 E0.00892
G0 F18000 X125.601 Y98.14
G0 X118.829 Y105.15
G0 X107.487 Y114.529
G0 X107.32 Y114.757
G0 X107.977 Y115.045
G1 F8400 X100.442 Y122.579 E0.17676
G1 X100.98 Y122.579 E0.00892
G0 F18000 X100.98 Y121.86
G0 X107.487 Y114.529
G0 X118.829 Y105.15
G0 X125.601 Y98.14
G0 X125.601 Y97.421
G1 F8400 X108.076 Y114.946 E0.41113
G1 X109.109 Y114.349 E0.01979
G1 X109.175 Y114.331 E0.00113
G1 X109.227 Y114.331 E0.00086
G1 X126.138 Y97.421 E0.39671
G1 X126.675 Y97.421 E0.00891
G1 X109.765 Y114.331 E0.3967
G1 X110.302 Y114.331 E0.00891
G1 X127.213 Y97.421 E0.39671
G1 X127.75 Y97.421 E0.00891
G1 X110.847 Y114.324 E0.39654
G1 X111.188 Y114.521 E0.00653
G1 X128.288 Y97.421 E0.40116
G1 X128.825 Y97.421 E0.00891
G1 X111.528 Y114.718 E0.40578
G0 F18000 X111.888 Y114.096
G0 X112.525 Y114.535
G0 X112.885 Y115.444
G0 X112.26 Y115.917
G0 X100.98 Y121.86
G0 X100.98 Y122.579
G1 F8400 X108.186 Y115.373 E0.16905
G1 X108.723 Y115.373 E0.00891
G1 X101.517 Y122.579 E0.16905
G1 X102.055 Y122.579 E0.00892
G1 X109.261 Y115.373 E0.16905
G1 X109.798 Y115.373 E0.00891
G1 X102.592 Y122.579 E0.16905
G1 X103.129 Y122.579 E0.00891
G1 X110.336 Y115.373 E0.16906
G1 X110.873 Y115.373 E0.00891
G1 X103.667 Y122.579 E0.16905
G1 X104.204 Y122.579 E0.00891
G0 F18000 X104.204 Y121.86
G0 X112.885 Y115.444
G0 X112.525 Y114.535
G0 X111.888 Y114.096
G0 X111.528 Y114.718
G1 F8400 X111.869 Y114.915 E0.00653
G0 F18000 X112.229 Y114.293
G0 X112.525 Y114.535
G0 X112.885 Y115.444
G0 X104.204 Y121.86
G0 X104.204 Y122.579
G1 F8400 X111.41 Y115.373 E0.16905
G0 F18000 X111.869 Y114.915
G1 F8400 X129.362 Y97.421 E0.41039
G1 X129.9 Y97.421 E0.00892
G0 F18000 X129.9 Y98.14
G0 X112.358 Y114.367
G0 X111.998 Y114.989
G1 F8400 X112.097 Y115.224 E0.00423
G1 X111.895 Y115.373 E0.00416
G1 X111.41 Y115.373 E0.00805
G0 F18000 X111.41 Y116.092
G0 X112.114 Y116.029
G0 X112.739 Y115.556
G0 X129.9 Y98.14
G0 X129.9 Y97.421
G1 F8400 X104.742 Y122.579 E0.5902
G1 X105.279 Y122.579 E0.00891
G1 X130.437 Y97.421 E0.5902
G1 X130.975 Y97.421 E0.00892
G1 X105.816 Y122.579 E0.59021
G1 X106.354 Y122.579 E0.00892
G1 X131.512 Y97.421 E0.5902
G1 X132.049 Y97.421 E0.00891
G1 X106.891 Y122.579 E0.5902
G1 X107.429 Y122.579 E0.00892
G1 X132.587 Y97.421 E0.5902
G1 X133.124 Y97.421 E0.00891
G1 X125.876 Y104.669 E0.17004
G1 X125.818 Y104.727
G1 X107.966 Y122.579 E0.4188
G1 X108.503 Y122.579 E0.00891
G0 F18000 X108.503 Y121.86
G0 X125.517 Y104.047
G0 X125.876 Y104.669
G1 F8400 X126.94 Y104.055 E0.02038
G1 X127.006 Y104.037 E0.00113
G1 X127.046 Y104.037 E0.00066
G0 F18000 X127.046 Y103.318
G0 X126.682 Y103.445
G0 X125.318 Y104.235
G0 X108.503 Y121.86
G0 X108.503 Y122.579
G1 F8400 X126.004 Y105.079 E0.41056
G0 F18000 X126.004 Y105.798
G0 X125.71 Y105.735
G0 X124.935 Y105.127
G0 X125.318 Y104.235
G0 X126.423 Y103.595
G0 X127.046 Y103.318
G0 X127.046 Y104.037
G1 F8400 X133.662 Y97.421 E0.15521
G1 X134.199 Y97.421 E0.00891
G1 X127.583 Y104.037 E0.15521
G1 X128.121 Y104.037 E0.00892
G1 X134.736 Y97.421 E0.1552
G1 X135.079 Y97.421 E0.00569
G1 X135.079 Y97.616 E0.00323
G1 X128.669 Y104.025 E0.15036
G1 X129.01 Y104.222 E0.00653
G1 X135.079 Y98.153 E0.14238
G1 X135.079 Y98.691 E0.00892
G1 X129.35 Y104.419 E0.13439
G0 F18000 X129.71 Y103.797
G0 X130.356 Y104.241
G0 X130.716 Y105.15
G0 X129.945 Y105.735
G0 X126.004 Y105.798
G0 X126.004 Y105.079
G1 F8400 X126.541 Y105.079 E0.00891
G1 X109.041 Y122.579 E0.41054
G1 X109.578 Y122.579 E0.00891
G1 X127.078 Y105.079 E0.41054
G1 X127.616 Y105.079 E0.00892
G1 X110.116 Y122.579 E0.41054
G1 X110.653 Y122.579 E0.00891
G1 X128.153 Y105.079 E0.41054
G1 X128.691 Y105.079 E0.00892
G1 X111.19 Y122.579 E0.41056
G1 X111.728 Y122.579 E0.00892
G1 X129.228 Y105.079 E0.41054
G0 F18000 X129.35 Y104.419
G1 F8400 X129.69 Y104.616 E0.00652
G1 X135.079 Y99.228 E0.12641
G0 F18000 X134.36 Y99.228
G0 X130.716 Y105.15
G0 X129.945 Y105.735
G0 X129.228 Y105.798
G0 X129.228 Y105.079
G1 F8400 X129.727 Y105.079 E0.00828
G1 X129.874 Y104.97 E0.00304
G0 F18000 X130.303 Y105.545
G0 X130.638 Y105.225
G0 X134.36 Y99.228
G0 X135.079 Y99.228
G1 F8400 X135.079 Y99.766 E0.00892
G0 F18000 X134.36 Y99.766
G0 X130.716 Y105.15
G0 X130.303 Y105.545
G0 X129.874 Y104.97
G1 F8400 X112.265 Y122.579 E0.4131
G1 X112.803 Y122.579 E0.00892
G0 F18000 X112.803 Y121.86
G0 X119.374 Y114.529
G0 X130.716 Y105.15
G0 X130.589 Y104.653
G0 X129.925 Y104.92
G1 F8400 X135.079 Y99.766 E0.12091
G0 F18000 X134.36 Y99.766
G0 X130.716 Y105.15
G0 X119.374 Y114.529
G0 X118.991 Y115.421
G0 X119.689 Y115.968
G0 X119.99 Y116.092
G0 X119.99 Y115.373
G1 F8400 X119.787 Y115.218 E0.00424
G1 X119.889 Y114.988 E0.00417
G1 X120.996 Y114.349 E0.0212
G1 X121.046 Y114.336 E0.00086
G0 F18000 X120.854 Y113.643
G0 X119.374 Y114.529
G0 X112.803 Y121.86
G0 X112.803 Y122.579
G1 F8400 X120.009 Y115.373 E0.16905
G0 F18000 X120.009 Y116.092
G0 X119.766 Y116.029
G0 X118.991 Y115.421
G0 X119.374 Y114.529
G0 X120.854 Y113.643
G0 X121.046 Y114.336
G1 F8400 X135.079 Y100.303 E0.32921
G0 F18000 X134.36 Y100.303
G0 X130.716 Y105.15
G0 X119.374 Y114.529
G0 X118.991 Y115.421
G0 X119.689 Y115.968
G0 X120.009 Y116.092
G0 X120.009 Y115.373
G1 F8400 X120.546 Y115.373 E0.00891
G0 F18000 X120.546 Y116.092
G0 X119.766 Y116.029
G0 X118.991 Y115.421
G0 X119.374 Y114.529
G0 X130.716 Y105.15
G0 X134.36 Y100.303
G0 X135.079 Y100.303
G1 F8400 X135.079 Y100.84 E0.00891
G1 X121.588 Y114.331 E0.31649
G1 X122.126 Y114.331 E0.00892
G1 X135.079 Y101.378 E0.30387
G1 X135.079 Y101.915 E0.00891
G1 X122.694 Y114.3 E0.29055
G1 X123.034 Y114.498 E0.00653
G1 X135.079 Y102.453 E0.28257
G1 X135.079 Y102.99 E0.00891
G1 X123.375 Y114.694 E0.27457
G0 F18000 X123.735 Y114.073
G0 X124.412 Y114.535
G0 X124.772 Y115.444
G0 X124.001 Y116.029
G0 X120.546 Y116.092
G0 X120.546 Y115.373
G1 F8400 X113.34 Y122.579 E0.16905
G1 X113.877 Y122.579 E0.00891
G1 X121.084 Y115.373 E0.16906
G1 X121.621 Y115.373 E0.00891
G1 X114.415 Y122.579 E0.16905
G1 X114.952 Y122.579 E0.00891
G1 X122.158 Y115.373 E0.16905
G1 X122.696 Y115.373 E0.00892
G1 X115.49 Y122.579 E0.16905
G1 X116.027 Y122.579 E0.00891
G1 X123.233 Y115.373 E0.16905
G0 F18000 X123.375 Y114.694
G1 F8400 X123.715 Y114.891 E0.00652
G1 X135.079 Y103.528 E0.26658
G0 F18000 X134.36 Y103.528
G0 X124.772 Y115.444
G0 X124.001 Y116.029
G0 X123.233 Y116.092
G0 X123.233 Y115.373
G1 F8400 X123.771 Y115.373 E0.00892
G0 F18000 X123.771 Y116.092
G0 X124.001 Y116.029
G0 X124.695 Y115.503
G0 X134.36 Y103.528
G0 X135.079 Y103.528
G1 F8400 X135.079 Y104.065 E0.00891
G0 F18000 X134.36 Y104.065
G0 X124.772 Y115.444
G0 X124.078 Y115.97
G0 X123.771 Y116.092
G0 X123.771 Y115.373
G1 F8400 X116.564 Y122.579 E0.16906
G1 X117.102 Y122.579 E0.00892
G0 F18000 X117.102 Y121.86
G0 X124.772 Y115.444
G0 X124.631 Y114.911
G0 X123.965 Y115.179
G1 F8400 X135.079 Y104.065 E0.26073
G0 F18000 X134.36 Y104.065
G0 X124.772 Y115.444
G0 X117.102 Y121.86
G0 X117.102 Y122.579
G1 F8400 X135.079 Y104.602 E0.42173
G1 X135.079 Y105.14 E0.00892
G1 X117.639 Y122.579 E0.40912
G1 X118.177 Y122.579 E0.00892
G1 X135.079 Y105.677 E0.39652
G1 X135.079 Y106.215 E0.00892
G1 X118.714 Y122.579 E0.38391
G1 X119.251 Y122.579 E0.00891
G1 X135.079 Y106.752 E0.37131
G1 X135.079 Y107.289 E0.00891
G1 X119.789 Y122.579 E0.3587
G1 X120.326 Y122.579 E0.00891
G1 X135.079 Y107.827 E0.34609
G1 X135.079 Y108.364 E0.00891
G1 X120.864 Y122.579 E0.33348
G1 X121.401 Y122.579 E0.00891
G1 X135.079 Y108.902 E0.32087
G1 X135.079 Y109.439 E0.00891
G1 X121.938 Y122.579 E0.30827
G1 X122.476 Y122.579 E0.00892
G1 X135.079 Y109.976 E0.29566
G1 X135.079 Y110.514 E0.00892
G1 X123.013 Y122.579 E0.28305
G1 X123.551 Y122.579 E0.00892
G1 X135.079 Y111.051 E0.27044
G1 X135.079 Y111.589 E0.00892
G1 X124.088 Y122.579 E0.25783
G1 X124.625 Y122.579 E0.00891
G0 F18000 X124.625 Y121.86
G0 X131.018 Y114.931
G0 X131.674 Y115.218
G1 F8400 X131.776 Y114.988 E0.00417
G1 X132.819 Y114.385 E0.01999
G0 F18000 X132.46 Y113.764
G0 X131.381 Y114.452
G0 X124.625 Y121.86
G0 X124.625 Y122.579
G1 F8400 X131.852 Y115.352 E0.16954
G0 F18000 X131.411 Y115.921
G0 X130.878 Y115.421
G0 X131.261 Y114.529
G0 X132.46 Y113.764
G0 X132.819 Y114.385
G1 F8400 X135.079 Y112.126 E0.05301
G0 F18000 X134.36 Y112.126
G0 X131.261 Y114.529
G0 X130.878 Y115.421
G0 X131.411 Y115.921
G0 X131.852 Y115.352
G1 F8400 X131.878 Y115.373 E0.00055
G1 X132.369 Y115.373 E0.00814
G0 F18000 X132.369 Y116.092
G0 X131.653 Y116.029
G0 X130.878 Y115.421
G0 X131.261 Y114.529
G0 X134.36 Y112.126
G0 X135.079 Y112.126
G1 F8400 X135.079 Y112.663 E0.00891
G1 X133.411 Y114.331 E0.03913
G1 X133.949 Y114.331 E0.00892
G0 F18000 X133.949 Y113.612
G0 X132.86 Y113.673
G0 X132.625 Y113.739
G0 X131.261 Y114.529
G0 X130.878 Y115.421
G0 X131.653 Y116.029
G0 X132.369 Y116.092
G0 X132.369 Y115.373
G1 F8400 X125.163 Y122.579 E0.16905
G1 X125.7 Y122.579 E0.00891
G1 X132.906 Y115.373 E0.16905
G1 X133.444 Y115.373 E0.00892
G1 X126.238 Y122.579 E0.16905
G1 X126.775 Y122.579 E0.00891
G1 X133.981 Y115.373 E0.16905
G1 X134.519 Y115.373 E0.00892
G1 X127.312 Y122.579 E0.16906
G1 X127.85 Y122.579 E0.00892
G1 X135.056 Y115.373 E0.16905
G1 X135.079 Y115.373 E0.00038
G1 X135.079 Y115.888 E0.00854
G1 X128.387 Y122.579 E0.15698
G1 X128.925 Y122.579 E0.00892
G1 X135.079 Y116.425 E0.14437
G1 X135.079 Y116.963 E0.00892
G1 X129.462 Y122.579 E0.13176
G1 X129.999 Y122.579 E0.00891
G1 X135.079 Y117.5 E0.11916
G1 X135.079 Y118.037 E0.00891
G1 X130.537 Y122.579 E0.10655
G1 X131.074 Y122.579 E0.00891
G1 X135.079 Y118.575 E0.09394
G1 X135.079 Y119.112 E0.00891
G1 X131.612 Y122.579 E0.08133
G1 X132.149 Y122.579 E0.00891
G1 X135.079 Y119.65 E0.06873
G1 X135.079 Y120.187 E0.00891
G1 X132.686 Y122.579 E0.05613
G1 X133.224 Y122.579 E0.00892
G1 X135.079 Y120.724 E0.04352
G1 X135.079 Y121.262 E0.00892
G1 X133.761 Y122.579 E0.03091
G1 X134.299 Y122.579 E0.00892
G1 X135.079 Y121.799 E0.0183
G0 F18000 X134.36 Y121.799
G0 X130.878 Y115.421
G0 X131.261 Y114.529
G0 X132.625 Y113.739
G0 X132.692 Y113.721
G0 X133.949 Y113.612
G0 X133.949 Y114.331
G1 F8400 X135.079 Y113.201 E0.02651
G1 X135.079 Y113.738 E0.00891
G1 X134.54 Y114.277 E0.01264
G1 X134.486 Y114.331 E0.00127
G1 X134.54 Y114.277
G1 X134.88 Y114.474 E0.00652
G1 X135.079 Y114.276 E0.00466
G1 X135.079 Y114.588 E0.00518
G0 F18000 X134.81 Y114.124
G0 X134.633 Y114.073
G0 X132.782 Y114.111
G0 X131.575 Y114.809
G0 X131.369 Y115.295
G0 X134.36 Y121.799
G0 X135.079 Y121.799
G1 F8400 X135.079 Y122.337 E0.00892
G0 F18000 X134.836 Y122.579
G1 F8400 X135.079 Y122.337 E0.00569
G1 X135.079 Y122.579 E0.00401
G0 F18000 X134.08 Y121.692
G1 F1800 E-3.5
;MESH:Full_Asse_Dielectric_Part.STL
G0 F18000 X131.369 Y115.295
G0 X134.84 Y97.71
G0 X137.16 Y97.71
G0 X136.921 Y97.421
G1 F1800 E3.52079
G1 F8400 X136.921 Y97.923 E0.00833
G0 F18000 X137.423 Y97.421
G1 F8400 X136.921 Y97.923 E0.01178
G1 X136.921 Y98.46 E0.00891
G1 X137.961 Y97.421 E0.02439
G1 X138.498 Y97.421 E0.00891
G1 X136.921 Y98.998 E0.037
G1 X136.921 Y99.535 E0.00891
G1 X139.036 Y97.421 E0.04961
G1 X139.573 Y97.421 E0.00891
G1 X136.921 Y100.073 E0.06222
G1 X136.921 Y100.61 E0.00891
G1 X140.11 Y97.421 E0.07481
G1 X140.648 Y97.421 E0.00892
G1 X136.921 Y101.147 E0.08742
G1 X136.921 Y101.685 E0.00892
G1 X141.185 Y97.421 E0.10003
G1 X141.723 Y97.421 E0.00892
G1 X136.921 Y102.222 E0.11264
G1 X136.921 Y102.76 E0.00892
G1 X142.26 Y97.421 E0.12525
G1 X142.797 Y97.421 E0.00891
G1 X136.921 Y103.297 E0.13785
G1 X136.921 Y103.834 E0.00891
G1 X143.335 Y97.421 E0.15046
G1 X143.872 Y97.421 E0.00891
G1 X136.921 Y104.372 E0.16307
G1 X136.921 Y104.909 E0.00891
G1 X144.41 Y97.421 E0.17568
G1 X144.947 Y97.421 E0.00891
G1 X136.921 Y105.447 E0.18829
G1 X136.921 Y105.984 E0.00891
G1 X145.484 Y97.421 E0.20089
G1 X146.022 Y97.421 E0.00892
G1 X136.921 Y106.521 E0.21349
G1 X136.921 Y107.059 E0.00892
G1 X146.559 Y97.421 E0.2261
G1 X147.097 Y97.421 E0.00892
G1 X136.921 Y107.596 E0.23871
G1 X136.921 Y108.134 E0.00892
G1 X147.634 Y97.421 E0.25132
G1 X148.171 Y97.421 E0.00891
G1 X136.921 Y108.671 E0.26392
G1 X136.921 Y109.208 E0.00891
G1 X148.709 Y97.421 E0.27653
G1 X149.246 Y97.421 E0.00891
G1 X136.921 Y109.746 E0.28914
G1 X136.921 Y110.283 E0.00891
G0 F18000 X137.64 Y110.283
G0 X141.413 Y104.637
G0 X142.068 Y104.924
G1 F8400 X142.171 Y104.694 E0.00418
G1 X142.973 Y104.231 E0.01536
G0 F18000 X142.614 Y103.609
G0 X141.656 Y104.235
G0 X137.64 Y110.283
G0 X136.921 Y110.283
G1 F8400 X142.189 Y105.015 E0.12359
G0 F18000 X141.749 Y105.583
G0 X141.273 Y105.127
G0 X141.656 Y104.235
G0 X142.614 Y103.609
G0 X142.973 Y104.231
G1 F8400 X149.784 Y97.421 E0.15977
G0 F18000 X149.784 Y98.14
G0 X141.656 Y104.235
G0 X141.273 Y105.127
G0 X141.749 Y105.583
G0 X142.189 Y105.015
G1 F8400 X142.273 Y105.079 E0.00175
G1 X142.663 Y105.079 E0.00647
G0 F18000 X142.663 Y105.798
G0 X142.048 Y105.735
G0 X141.273 Y105.127
G0 X141.656 Y104.235
G0 X149.784 Y98.14
G0 X149.784 Y97.421
G1 F8400 X150.321 Y97.421 E0.00891
G1 X143.705 Y104.037 E0.15521
G1 X144.242 Y104.037 E0.00891
G1 X150.858 Y97.421 E0.15521
G1 X151.396 Y97.421 E0.00892
G1 X144.779 Y104.037 E0.15522
G1 X144.894 Y104.037 E0.00191
G1 X144.935 Y103.984 E0.00111
G1 X145.211 Y104.143 E0.00528
G1 X151.933 Y97.421 E0.1577
G1 X152.471 Y97.421 E0.00892
G1 X145.552 Y104.34 E0.16232
G0 F18000 X145.912 Y103.718
G0 X146.694 Y104.241
G0 X147.054 Y105.15
G0 X146.283 Y105.735
G0 X142.663 Y105.798
G0 X142.663 Y105.079
G1 F8400 X136.921 Y110.821 E0.13471
G1 X136.921 Y111.358 E0.00891
G1 X143.2 Y105.079 E0.1473
G1 X143.738 Y105.079 E0.00892
G1 X136.921 Y111.895 E0.15991
G1 X136.921 Y112.433 E0.00892
G1 X144.275 Y105.079 E0.17252
G1 X144.813 Y105.079 E0.00892
G1 X136.921 Y112.97 E0.18513
G1 X136.921 Y113.508 E0.00892
G0 F18000 X137.64 Y113.508
G0 X147.054 Y105.15
G0 X146.694 Y104.241
G0 X145.912 Y103.718
G0 X145.552 Y104.34
G1 F8400 X145.892 Y104.537 E0.00652
G0 F18000 X146.253 Y103.915
G0 X146.694 Y104.241
G0 X147.054 Y105.15
G0 X137.64 Y113.508
G0 X136.921 Y113.508
G1 F8400 X145.35 Y105.079 E0.19774
G0 F18000 X145.892 Y104.537
G1 F8400 X153.008 Y97.421 E0.16694
G0 F18000 X153.008 Y98.14
G0 X147.054 Y105.15
G0 X146.283 Y105.735
G0 X145.35 Y105.798
G0 X145.35 Y105.079
G1 F8400 X145.887 Y105.079 E0.00891
G0 F18000 X145.887 Y105.798
G0 X146.283 Y105.735
G0 X146.977 Y105.209
G0 X153.008 Y98.14
G0 X153.008 Y97.421
G1 F8400 X153.545 Y97.421 E0.00891
G1 X146.198 Y104.768 E0.17236
G0 F18000 X145.887 Y105.079
G1 F8400 X136.921 Y114.045 E0.21034
G0 F18000 X137.61 Y113.642
G0 X147.054 Y105.15
G0 X146.931 Y104.663
G0 X146.266 Y104.93
G1 F8400 X146.065 Y105.08 E0.00416
G1 X145.887 Y105.079 E0.00295
G0 F18000 X145.887 Y105.798
G0 X137.61 Y113.642
G0 X136.921 Y114.045
G1 F8400 X136.921 Y114.582 E0.00891
G1 X154.083 Y97.421 E0.4026
G1 X154.62 Y97.421 E0.00891
G1 X137.71 Y114.331 E0.3967
G1 X138.248 Y114.331 E0.00892
G1 X155.158 Y97.421 E0.3967
G1 X155.695 Y97.421 E0.00891
G1 X138.785 Y114.331 E0.3967
G1 X138.951 Y114.331 E0.00275
G1 X138.992 Y114.277 E0.00112
G1 X139.235 Y114.418 E0.00466
G1 X156.232 Y97.421 E0.39874
G1 X156.77 Y97.421 E0.00892
G1 X139.576 Y114.615 E0.40337
G0 F18000 X139.936 Y113.993
G0 X140.431 Y114.812
G0 X140.625 Y115.308
G0 X140.249 Y115.597
G0 X137.21 Y115.662
G0 X136.921 Y115.373
G1 F8400 X136.921 Y115.657 E0.00471
G1 X137.206 Y115.373 E0.00667
G1 X137.743 Y115.373 E0.00891
G1 X136.921 Y116.195 E0.01928
G1 X136.921 Y116.732 E0.00891
G1 X138.28 Y115.373 E0.03188
G1 X138.818 Y115.373 E0.00892
G1 X136.921 Y117.269 E0.04449
G1 X136.921 Y117.807 E0.00892
G1 X139.355 Y115.373 E0.0571
G0 F18000 X139.576 Y114.615
G1 F8400 X139.917 Y114.812 E0.00653
G1 X157.307 Y97.421 E0.40798
G1 X157.845 Y97.421 E0.00892
G0 F18000 X157.845 Y98.14
G0 X141.111 Y115.444
G0 X140.34 Y116.029
G0 X139.355 Y116.092
G0 X139.355 Y115.373
G1 F8400 X139.893 Y115.373 E0.00892
G1 X136.921 Y118.344 E0.06971
G1 X136.921 Y118.882 E0.00892
G0 F18000 X137.64 Y118.882
G0 X141.111 Y115.444
G0 X140.908 Y114.758
G0 X140.24 Y115.026
G1 F8400 X157.845 Y97.421 E0.41301
G0 F18000 X157.845 Y98.14
G0 X140.988 Y114.957
G0 X140.323 Y115.224
G1 F8400 X140.122 Y115.373 E0.00415
G1 X139.893 Y115.373 E0.0038
G0 F18000 X139.893 Y116.092
G0 X137.64 Y118.882
G0 X136.921 Y118.882
G1 F8400 X158.382 Y97.421 E0.50347
G1 X158.919 Y97.421 E0.00891
G1 X136.921 Y119.419 E0.51607
G1 X136.921 Y119.956 E0.00891
G1 X159.457 Y97.421 E0.52868
G1 X159.994 Y97.421 E0.00891
G1 X136.921 Y120.494 E0.54128
G1 X136.921 Y121.031 E0.00891
G1 X160.532 Y97.421 E0.55389
G1 X161.069 Y97.421 E0.00891
G1 X136.921 Y121.569 E0.5665
G1 X136.921 Y122.106 E0.00891
G0 F18000 X137.61 Y121.89
G0 X153.3 Y104.637
G0 X153.956 Y104.924
G1 F8400 X154.058 Y104.694 E0.00417
G1 X154.709 Y104.318 E0.01247
G0 F18000 X154.35 Y103.696
G0 X153.624 Y104.181
G0 X137.61 Y121.89
G0 X136.921 Y122.106
G1 F8400 X154.04 Y104.987 E0.40161
G0 F18000 X154.709 Y104.318
G1 F8400 X161.606 Y97.421 E0.1618
G0 F18000 X161.606 Y98.14
G0 X153.543 Y104.235
G0 X153.16 Y105.127
G0 X153.599 Y105.555
G0 X154.04 Y104.987
G1 F8400 X154.161 Y105.079 E0.00252
G1 X154.486 Y105.079 E0.00539
G0 F18000 X154.486 Y105.798
G0 X153.935 Y105.735
G0 X153.16 Y105.127
G0 X153.543 Y104.235
G0 X161.606 Y98.14
G0 X161.606 Y97.421
G1 F8400 X162.144 Y97.421 E0.00892
G1 X155.527 Y104.037 E0.15522
G1 X156.065 Y104.037 E0.00892
G1 X162.681 Y97.421 E0.15521
G1 X163.219 Y97.421 E0.00892
G1 X156.602 Y104.037 E0.15522
G1 X156.882 Y104.037 E0.00464
G1 X156.953 Y104.059 E0.00123
G1 X157.058 Y104.119 E0.00201
G1 X163.756 Y97.421 E0.15713
G1 X164.293 Y97.421 E0.00891
G1 X157.398 Y104.316 E0.16175
G0 F18000 X157.757 Y103.694
G0 X158.582 Y104.241
G0 X158.942 Y105.15
G0 X158.171 Y105.735
G0 X154.486 Y105.798
G0 X154.486 Y105.079
G1 F8400 X136.986 Y122.579 E0.41054
G1 X137.523 Y122.579 E0.00891
G1 X155.023 Y105.079 E0.41054
G1 X155.561 Y105.079 E0.00892
G1 X138.06 Y122.579 E0.41056
G1 X138.598 Y122.579 E0.00892
G1 X156.098 Y105.079 E0.41054
G1 X156.635 Y105.079 E0.00891
G1 X139.135 Y122.579 E0.41054
G1 X139.673 Y122.579 E0.00892
G1 X157.173 Y105.079 E0.41054
G0 F18000 X157.398 Y104.316
G1 F8400 X157.739 Y104.513 E0.00653
G1 X164.831 Y97.421 E0.16638
G1 X165.368 Y97.421 E0.00891
G0 F18000 X165.368 Y98.14
G0 X158.942 Y105.15
G0 X158.171 Y105.735
G0 X157.173 Y105.798
G0 X157.173 Y105.079
G1 F8400 X157.71 Y105.079 E0.00891
G0 F18000 X158.08 Y104.709
G1 F8400 X165.368 Y97.421 E0.17097
G0 F18000 X165.368 Y98.14
G0 X158.942 Y105.15
G0 X158.171 Y105.735
G0 X157.71 Y105.798
G0 X157.71 Y105.079
G1 F8400 X140.21 Y122.579 E0.41054
G0 F18000 X140.21 Y121.86
G0 X147.6 Y114.529
G0 X157.71 Y105.798
G0 X157.71 Y105.079
G1 F8400 X157.954 Y105.079 E0.00405
G1 X158.036 Y105.018 E0.0017
G1 X158.053 Y105.018 E0.00028
G1 X158.056 Y105.003 E0.00025
G1 X158.162 Y104.924 E0.00219
G1 X158.108 Y104.813 E0.00205
G1 X158.127 Y104.736 E0.00132
G0 F18000 X158.748 Y104.487
G0 X158.942 Y105.15
G0 X147.6 Y114.529
G0 X140.21 Y121.86
G0 X140.21 Y122.579
G1 F8400 X140.747 Y122.579 E0.00891
G1 X148.068 Y115.258 E0.17175
G1 X148.217 Y115.373 E0.00312
G1 X148.491 Y115.373 E0.00455
G0 F18000 X148.491 Y116.092
G0 X147.992 Y116.029
G0 X147.217 Y115.421
G0 X147.6 Y114.529
G0 X148.964 Y113.739
G0 X149.199 Y113.673
G0 X150.518 Y113.681
G0 X165.906 Y98.14
G0 X165.906 Y97.421
G1 F8400 X148.643 Y114.684 E0.40498
G1 X148.115 Y114.988 E0.01011
G1 X148.013 Y115.217 E0.00416
G0 F18000 X147.357 Y114.93
G0 X147.6 Y114.529
G0 X158.942 Y105.15
G0 X166.443 Y98.14
G0 X166.443 Y97.421
G1 F8400 X165.906 Y97.421 E0.00891
G0 F18000 X165.906 Y98.14
G0 X150.518 Y113.681
G0 X149.199 Y113.673
G0 X148.964 Y113.739
G0 X147.6 Y114.529
G0 X147.217 Y115.421
G0 X147.992 Y116.029
G0 X148.491 Y116.092
G0 X148.491 Y115.373
G1 F8400 X141.285 Y122.579 E0.16905
G1 X141.822 Y122.579 E0.00891
G1 X149.028 Y115.373 E0.16905
G1 X149.566 Y115.373 E0.00892
G1 X142.36 Y122.579 E0.16905
G1 X142.897 Y122.579 E0.00891
G1 X150.103 Y115.373 E0.16905
G1 X150.641 Y115.373 E0.00892
G1 X143.434 Y122.579 E0.16906
G1 X143.972 Y122.579 E0.00892
G0 F18000 X143.972 Y121.86
G0 X152.998 Y115.444
G0 X152.638 Y114.535
G0 X151.783 Y113.97
G0 X151.422 Y114.592
G1 F8400 X168.593 Y97.421 E0.40283
G1 X168.055 Y97.421 E0.00892
G1 X151.082 Y114.394 E0.39818
G1 X150.88 Y114.277 E0.00387
G1 X150.838 Y114.331 E0.00113
G1 X150.607 Y114.331 E0.00383
G1 X167.518 Y97.421 E0.39671
G1 X166.98 Y97.421 E0.00892
G1 X150.07 Y114.331 E0.3967
G1 X149.533 Y114.331 E0.00891
G1 X166.443 Y97.421 E0.3967
G0 F18000 X166.443 Y98.14
G0 X169.13 Y98.14
G0 X169.13 Y97.421
G1 F8400 X151.763 Y114.788 E0.40742
G1 X151.422 Y114.592 E0.00652
G0 F18000 X151.783 Y113.97
G0 X152.638 Y114.535
G0 X152.998 Y115.444
G0 X143.972 Y121.86
G0 X143.972 Y122.579
G1 F8400 X151.178 Y115.373 E0.16905
G1 X151.715 Y115.373 E0.00891
G0 F18000 X151.715 Y116.092
G0 X152.227 Y116.029
G0 X152.852 Y115.556
G0 X169.667 Y98.14
G0 X169.667 Y97.421
G1 F8400 X169.13 Y97.421 E0.00891
G0 F18000 X169.13 Y98.14
G0 X152.463 Y114.363
G0 X152.103 Y114.985
G1 F8400 X169.667 Y97.421 E0.41205
G0 F18000 X169.667 Y98.14
G0 X152.998 Y115.444
G0 X152.227 Y116.029
G0 X151.715 Y116.092
G0 X151.715 Y115.373
G1 F8400 X144.509 Y122.579 E0.16905
G0 F18000 X144.509 Y121.86
G0 X151.715 Y116.092
G0 X151.715 Y115.373
G1 F8400 X152.01 Y115.373 E0.00489
G1 X152.21 Y115.224 E0.00414
G1 X152.111 Y114.989 E0.00423
G0 F18000 X152.471 Y114.367
G0 X152.638 Y114.535
G0 X152.998 Y115.444
G0 X144.509 Y121.86
G0 X144.509 Y122.579
G1 F8400 X145.047 Y122.579 E0.00892
G1 X170.205 Y97.421 E0.5902
G1 X170.742 Y97.421 E0.00891
G1 X145.584 Y122.579 E0.5902
G1 X146.121 Y122.579 E0.00891
G1 X171.28 Y97.421 E0.59021
G1 X171.817 Y97.421 E0.00891
G1 X146.659 Y122.579 E0.5902
G1 X147.196 Y122.579 E0.00891
G1 X172.354 Y97.421 E0.5902
G1 X172.892 Y97.421 E0.00892
G1 X147.734 Y122.579 E0.5902
G1 X148.271 Y122.579 E0.00891
G0 F18000 X148.271 Y121.86
G0 X165.187 Y104.637
G0 X165.843 Y104.924
G1 F8400 X165.945 Y104.694 E0.00417
G1 X166.443 Y104.407 E0.00953
G1 X173.429 Y97.421 E0.16389
G0 F18000 X173.429 Y98.14
G0 X165.43 Y104.235
G0 X148.271 Y121.86
G0 X148.271 Y122.579
G1 F8400 X165.891 Y104.959 E0.41336
G0 F18000 X165.45 Y105.527
G0 X165.047 Y105.127
G0 X165.43 Y104.235
G0 X173.429 Y98.14
G0 X173.429 Y97.421
G1 F8400 X173.967 Y97.421 E0.00892
G1 X167.35 Y104.037 E0.15522
G1 X167.888 Y104.037 E0.00892
G1 X174.504 Y97.421 E0.15521
G1 X175.041 Y97.421 E0.00891
G1 X168.425 Y104.037 E0.15521
G1 X168.669 Y104.037 E0.00405
G1 X168.71 Y103.983 E0.00112
G1 X168.904 Y104.095 E0.00372
G1 X175.579 Y97.421 E0.15658
G1 X176.116 Y97.421 E0.00891
G1 X169.245 Y104.293 E0.1612
G0 F18000 X169.605 Y103.671
G0 X168.858 Y103.379
G0 X167.03 Y103.379
G0 X166.795 Y103.445
G0 X165.43 Y104.235
G0 X165.047 Y105.127
G0 X165.45 Y105.527
G0 X165.891 Y104.959
G1 F8400 X166.047 Y105.079 E0.00326
G1 X166.309 Y105.079 E0.00435
G1 X148.809 Y122.579 E0.41054
G1 X149.346 Y122.579 E0.00891
G1 X166.846 Y105.079 E0.41054
G1 X167.383 Y105.079 E0.00891
G1 X149.883 Y122.579 E0.41054
G1 X150.421 Y122.579 E0.00892
G1 X167.921 Y105.079 E0.41054
G1 X168.458 Y105.079 E0.00891
G1 X150.958 Y122.579 E0.41054
G1 X151.496 Y122.579 E0.00892
G0 F18000 X151.496 Y121.86
G0 X168.641 Y105.731
G0 X170.058 Y105.735
G0 X170.829 Y105.15
G0 X170.469 Y104.241
G0 X169.605 Y103.671
G0 X169.245 Y104.293
G1 F8400 X169.585 Y104.489 E0.00651
G1 X176.654 Y97.421 E0.16582
G0 F18000 X176.654 Y98.14
G0 X170.829 Y105.15
G0 X170.058 Y105.735
G0 X168.884 Y105.728
G0 X151.496 Y121.86
G0 X151.496 Y122.579
G1 F8400 X168.996 Y105.079 E0.41054
G1 X169.533 Y105.079 E0.00891
G0 F18000 X169.533 Y105.798
G0 X170.058 Y105.735
G0 X170.752 Y105.209
G0 X176.654 Y98.14
G0 X176.654 Y97.421
G1 F8400 X177.191 Y97.421 E0.00891
G1 X169.926 Y104.686 E0.17043
G0 F18000 X169.533 Y105.079
G1 F8400 X152.033 Y122.579 E0.41054
G0 F18000 X152.033 Y121.86
G0 X159.487 Y114.529
G0 X170.829 Y105.15
G0 X170.505 Y104.332
G0 X170.303 Y104.074
G0 X169.943 Y104.695
G1 F8400 X170.041 Y104.93 E0.00422
G1 X169.84 Y105.079 E0.00415
G1 X169.533 Y105.079 E0.00509
G0 F18000 X169.533 Y105.798
G0 X159.487 Y114.529
G0 X152.033 Y121.86
G0 X152.033 Y122.579
G1 F8400 X152.57 Y122.579 E0.00891
G0 F18000 X152.57 Y121.86
G0 X159.244 Y114.931
G0 X159.9 Y115.218
G1 F8400 X160.002 Y114.988 E0.00417
G1 X160.38 Y114.77 E0.00724
G1 X177.728 Y97.421 E0.40699
G0 F18000 X177.728 Y98.14
G0 X170.829 Y105.15
G0 X159.487 Y114.529
G0 X152.57 Y121.86
G0 X152.57 Y122.579
G1 F8400 X159.919 Y115.231 E0.17239
G0 F18000 X159.479 Y115.799
G0 X159.104 Y115.421
G0 X159.487 Y114.529
G0 X170.829 Y105.15
G0 X177.728 Y98.14
G0 X177.728 Y97.421
G1 F8400 X178.266 Y97.421 E0.00892
G1 X161.356 Y114.331 E0.3967
G1 X161.894 Y114.331 E0.00892
G1 X178.803 Y97.421 E0.39669
G1 X179.341 Y97.421 E0.00892
G1 X162.431 Y114.331 E0.3967
G1 X162.725 Y114.331 E0.00488
G1 X162.766 Y114.277 E0.00112
G1 X162.928 Y114.371 E0.00311
G1 X179.878 Y97.421 E0.39764
G1 X180.415 Y97.421 E0.00891
G1 X163.269 Y114.568 E0.40225
G0 F18000 X163.629 Y113.946
G0 X162.914 Y113.673
G0 X161.086 Y113.673
G0 X160.851 Y113.739
G0 X159.487 Y114.529
G0 X159.104 Y115.421
G0 X159.479 Y115.799
G0 X159.919 Y115.231
G1 F8400 X160.105 Y115.373 E0.00388
G1 X160.314 Y115.373 E0.00347
G1 X153.108 Y122.579 E0.16905
G1 X153.645 Y122.579 E0.00891
G1 X160.851 Y115.373 E0.16905
G1 X161.389 Y115.373 E0.00892
G1 X154.183 Y122.579 E0.16905
G1 X154.72 Y122.579 E0.00891
G1 X161.926 Y115.373 E0.16905
G1 X162.463 Y115.373 E0.00891
G1 X155.257 Y122.579 E0.16905
G1 X155.795 Y122.579 E0.00892
G0 F18000 X155.795 Y121.86
G0 X164.885 Y115.444
G0 X164.525 Y114.535
G0 X163.629 Y113.946
G0 X163.269 Y114.568
G1 F8400 X163.609 Y114.765 E0.00652
G0 F18000 X163.969 Y114.143
G0 X164.525 Y114.535
G0 X164.885 Y115.444
G0 X155.795 Y121.86
G0 X155.795 Y122.579
G1 F8400 X163.001 Y115.373 E0.16905
G0 F18000 X163.609 Y114.765
G1 F8400 X180.953 Y97.421 E0.40688
G0 F18000 X180.953 Y98.14
G0 X164.885 Y115.444
G0 X164.114 Y116.029
G0 X163.001 Y116.092
G0 X163.001 Y115.373
G1 F8400 X163.538 Y115.373 E0.00891
G0 F18000 X163.538 Y116.092
G0 X164.114 Y116.029
G0 X164.739 Y115.556
G0 X180.953 Y98.14
G0 X180.953 Y97.421
G1 F8400 X181.49 Y97.421 E0.00891
G0 F18000 X181.49 Y98.14
G0 X164.885 Y115.444
G0 X164.114 Y116.029
G0 X163.538 Y116.092
G0 X163.538 Y115.373
G1 F8400 X156.332 Y122.579 E0.16905
G0 F18000 X156.332 Y121.86
G0 X164.885 Y115.444
G0 X164.561 Y114.626
G0 X164.31 Y114.34
G0 X163.95 Y114.961
G1 F8400 X181.49 Y97.421 E0.41148
G0 F18000 X181.49 Y98.14
G0 X164.359 Y114.368
G0 X163.999 Y114.989
G1 F8400 X164.097 Y115.224 E0.00422
G1 X163.896 Y115.373 E0.00415
G1 X163.538 Y115.373 E0.00594
G0 F18000 X163.538 Y116.092
G0 X156.332 Y121.86
G0 X156.332 Y122.579
G1 F8400 X156.87 Y122.579 E0.00892
G1 X182.028 Y97.421 E0.5902
G1 X182.565 Y97.421 E0.00891
G1 X157.407 Y122.579 E0.5902
G1 X157.944 Y122.579 E0.00891
G1 X183.102 Y97.421 E0.5902
G1 X183.64 Y97.421 E0.00892
G1 X158.482 Y122.579 E0.5902
G1 X159.019 Y122.579 E0.00891
G1 X184.177 Y97.421 E0.5902
G1 X184.715 Y97.421 E0.00892
G1 X159.557 Y122.579 E0.5902
G1 X160.094 Y122.579 E0.00891
G0 F18000 X160.094 Y121.86
G0 X177.075 Y104.637
G0 X177.731 Y104.924
G1 F8400 X177.833 Y104.694 E0.00417
G1 X178.177 Y104.496 E0.00658
G1 X185.252 Y97.421 E0.16598
G0 F18000 X185.252 Y98.14
G0 X177.318 Y104.235
G0 X160.094 Y121.86
G0 X160.094 Y122.579
G1 F8400 X177.741 Y104.932 E0.41399
G0 F18000 X177.302 Y105.499
G0 X176.935 Y105.127
G0 X177.318 Y104.235
G0 X185.252 Y98.14
G0 X185.252 Y97.421
G1 F8400 X185.789 Y97.421 E0.00891
G1 X179.173 Y104.037 E0.15521
G1 X179.71 Y104.037 E0.00891
G1 X186.327 Y97.421 E0.15522
G1 X186.864 Y97.421 E0.00891
G1 X180.248 Y104.037 E0.15521
G1 X180.556 Y104.037 E0.00511
G1 X180.596 Y103.983 E0.00111
G1 X180.751 Y104.072 E0.00296
G1 X187.079 Y97.743 E0.14846
G1 X187.079 Y98.281 E0.00892
G1 X181.091 Y104.269 E0.14048
G0 F18000 X181.451 Y103.647
G0 X180.745 Y103.379
G0 X178.917 Y103.379
G0 X178.682 Y103.445
G0 X177.318 Y104.235
G0 X176.935 Y105.127
G0 X177.302 Y105.499
G0 X177.741 Y104.932
G1 F8400 X177.935 Y105.079 E0.00404
G1 X178.132 Y105.079 E0.00327
G1 X160.631 Y122.579 E0.41056
G1 X161.169 Y122.579 E0.00892
G1 X178.669 Y105.079 E0.41054
G1 X179.206 Y105.079 E0.00891
G1 X161.706 Y122.579 E0.41054
G1 X162.244 Y122.579 E0.00892
G1 X179.744 Y105.079 E0.41054
G1 X180.281 Y105.079 E0.00891
G1 X162.781 Y122.579 E0.41054
G1 X163.318 Y122.579 E0.00891
G0 F18000 X163.318 Y121.86
G0 X180.49 Y105.731
G0 X181.945 Y105.735
G0 X182.716 Y105.15
G0 X182.356 Y104.241
G0 X181.451 Y103.647
G0 X181.091 Y104.269
G1 F8400 X181.432 Y104.466 E0.00653
G0 F18000 X181.792 Y103.844
G0 X182.356 Y104.241
G0 X182.716 Y105.15
G0 X181.945 Y105.735
G0 X180.763 Y105.73
G0 X163.318 Y121.86
G0 X163.318 Y122.579
G1 F8400 X180.819 Y105.079 E0.41056
G0 F18000 X181.432 Y104.466
G1 F8400 X187.079 Y98.818 E0.13249
G1 X187.079 Y99.356 E0.00892
G0 F18000 X186.36 Y99.356
G0 X182.716 Y105.15
G0 X181.945 Y105.735
G0 X180.819 Y105.798
G0 X180.819 Y105.079
G1 F8400 X181.356 Y105.079 E0.00891
G0 F18000 X181.772 Y104.662
G1 F8400 X187.079 Y99.356 E0.12449
G0 F18000 X186.36 Y99.356
G0 X182.716 Y105.15
G0 X181.945 Y105.735
G0 X181.356 Y105.798
G0 X181.356 Y105.079
G1 F8400 X163.856 Y122.579 E0.41054
G0 F18000 X163.856 Y121.86
G0 X180.485 Y105.727
G0 X181.945 Y105.735
G0 X182.716 Y105.15
G0 X182.392 Y104.332
G0 X182.189 Y104.073
G0 X181.829 Y104.695
G1 F8400 X181.928 Y104.93 E0.00423
G1 X181.726 Y105.079 E0.00416
G1 X181.356 Y105.079 E0.00614
G0 F18000 X181.356 Y105.798
G0 X171.374 Y114.529
G0 X163.856 Y121.86
G0 X163.856 Y122.579
G1 F8400 X164.393 Y122.579 E0.00891
G1 X171.813 Y115.159 E0.17407
G0 F18000 X172.113 Y114.86
G1 F8400 X187.079 Y99.893 E0.35111
G1 X187.079 Y100.43 E0.00891
G1 X173.178 Y114.331 E0.32611
G1 X173.716 Y114.331 E0.00892
G1 X187.079 Y100.968 E0.31349
G1 X187.079 Y101.505 E0.00891
G1 X174.253 Y114.331 E0.30089
G1 X174.612 Y114.331 E0.00596
G1 X174.653 Y114.277 E0.00112
G1 X174.774 Y114.348 E0.00233
G1 X187.079 Y102.043 E0.28867
G1 X187.079 Y102.58 E0.00891
G1 X175.115 Y114.544 E0.28067
G0 F18000 X175.475 Y113.923
G0 X174.801 Y113.673
G0 X172.973 Y113.673
G0 X172.738 Y113.739
G0 X171.374 Y114.529
G0 X171.157 Y114.872
G0 X171.813 Y115.159
G1 F8400 X171.787 Y115.218 E0.00107
G1 X171.991 Y115.373 E0.00425
G1 X172.137 Y115.373 E0.00242
G1 X164.931 Y122.579 E0.16905
G1 X165.468 Y122.579 E0.00891
G1 X172.674 Y115.373 E0.16905
G1 X173.211 Y115.373 E0.00891
G1 X166.005 Y122.579 E0.16905
G1 X166.543 Y122.579 E0.00892
G1 X173.749 Y115.373 E0.16905
G1 X174.286 Y115.373 E0.00891
G1 X167.08 Y122.579 E0.16905
G1 X167.618 Y122.579 E0.00892
G1 X174.824 Y115.373 E0.16905
G0 F18000 X175.115 Y114.544
G1 F8400 X175.455 Y114.742 E0.00653
G1 X187.079 Y103.117 E0.27271
G1 X187.079 Y103.655 E0.00892
G0 F18000 X186.36 Y103.655
G0 X176.772 Y115.444
G0 X176.001 Y116.029
G0 X174.824 Y116.092
G0 X174.824 Y115.373
G1 F8400 X175.361 Y115.373 E0.00891
G0 F18000 X175.796 Y114.938
G1 F8400 X187.079 Y103.655 E0.2647
G0 F18000 X186.36 Y103.655
G0 X176.772 Y115.444
G0 X176.001 Y116.029
G0 X175.361 Y116.092
G0 X175.361 Y115.373
G1 F8400 X168.155 Y122.579 E0.16905
G0 F18000 X168.155 Y121.86
G0 X175.361 Y116.092
G0 X175.361 Y115.373
G1 F8400 X175.783 Y115.373 E0.007
G1 X175.984 Y115.224 E0.00415
G1 X175.885 Y114.989 E0.00423
G0 F18000 X176.245 Y114.367
G0 X176.412 Y114.535
G0 X176.772 Y115.444
G0 X168.155 Y121.86
G0 X168.155 Y122.579
G1 F8400 X168.692 Y122.579 E0.00891
G1 X187.079 Y104.192 E0.43135
G1 X187.079 Y104.73 E0.00892
G1 X169.23 Y122.579 E0.41873
G1 X169.767 Y122.579 E0.00891
G1 X187.079 Y105.267 E0.40613
G1 X187.079 Y105.804 E0.00891
G1 X170.305 Y122.579 E0.39352
G1 X170.842 Y122.579 E0.00891
G1 X187.079 Y106.342 E0.38091
G1 X187.079 Y106.879 E0.00891
G1 X171.379 Y122.579 E0.36832
G1 X171.917 Y122.579 E0.00892
G1 X187.079 Y107.417 E0.3557
G1 X187.079 Y107.954 E0.00891
G1 X172.454 Y122.579 E0.3431
G1 X172.992 Y122.579 E0.00892
G1 X187.079 Y108.491 E0.33049
G1 X187.079 Y109.029 E0.00892
G1 X173.529 Y122.579 E0.31788
G1 X174.066 Y122.579 E0.00891
G1 X187.079 Y109.566 E0.30528
G1 X187.079 Y110.104 E0.00892
G1 X174.604 Y122.579 E0.29266
G1 X175.141 Y122.579 E0.00891
G1 X187.079 Y110.641 E0.28006
G1 X187.079 Y111.178 E0.00891
G1 X175.679 Y122.579 E0.26745
G1 X176.216 Y122.579 E0.00891
G1 X183.751 Y115.044 E0.17677
G1 X183.849 Y114.946
G1 X187.079 Y111.716 E0.07577
G0 F18000 X186.36 Y111.716
G0 X183.571 Y114.248
G0 X183.094 Y114.756
G0 X183.751 Y115.044
G1 F8400 X183.675 Y115.218 E0.00315
G1 X183.877 Y115.373 E0.00422
G1 X183.959 Y115.373 E0.00136
G0 F18000 X183.959 Y116.092
G0 X183.653 Y116.029
G0 X182.878 Y115.421
G0 X183.261 Y114.529
G0 X186.36 Y111.716
G0 X187.079 Y111.716
G1 F8400 X187.079 Y112.253 E0.00891
G1 X185.001 Y114.331 E0.04875
G1 X185.538 Y114.331 E0.00891
G1 X187.079 Y112.791 E0.03614
G1 X187.079 Y113.328 E0.00891
G1 X186.076 Y114.331 E0.02353
G1 X186.499 Y114.331 E0.00702
G1 X186.54 Y114.277 E0.00112
G1 X186.621 Y114.324 E0.00155
G0 F18000 X186.39 Y113.642
G0 X184.86 Y113.673
G0 X184.625 Y113.739
G0 X183.261 Y114.529
G0 X182.878 Y115.421
G0 X183.576 Y115.968
G0 X183.959 Y116.092
G0 X183.959 Y115.373
G1 F8400 X176.753 Y122.579 E0.16905
G1 X177.291 Y122.579 E0.00892
G1 X184.497 Y115.373 E0.16905
G1 X185.034 Y115.373 E0.00891
G1 X177.828 Y122.579 E0.16905
G1 X178.366 Y122.579 E0.00892
G1 X185.572 Y115.373 E0.16905
G1 X186.109 Y115.373 E0.00891
G1 X178.903 Y122.579 E0.16905
G1 X179.44 Y122.579 E0.00891
G1 X186.646 Y115.373 E0.16905
G1 X187.079 Y115.373 E0.00718
G1 X187.079 Y115.478 E0.00174
G1 X179.978 Y122.579 E0.16659
G1 X180.515 Y122.579 E0.00891
G1 X187.079 Y116.016 E0.15398
G1 X187.079 Y116.553 E0.00891
G1 X181.053 Y122.579 E0.14137
G1 X181.59 Y122.579 E0.00891
G1 X187.079 Y117.091 E0.12876
G1 X187.079 Y117.628 E0.00891
G1 X182.127 Y122.579 E0.11616
G1 X182.665 Y122.579 E0.00892
G1 X187.079 Y118.165 E0.10355
G1 X187.079 Y118.703 E0.00892
G1 X183.202 Y122.579 E0.09094
G1 X183.74 Y122.579 E0.00892
G1 X187.079 Y119.24 E0.07833
G1 X187.079 Y119.778 E0.00892
G1 X184.277 Y122.579 E0.06572
G1 X184.814 Y122.579 E0.00891
G1 X187.079 Y120.315 E0.05312
G1 X187.079 Y120.852 E0.00891
G1 X185.352 Y122.579 E0.04051
G1 X185.889 Y122.579 E0.00891
G1 X187.079 Y121.39 E0.02791
G1 X187.079 Y121.927 E0.00891
G1 X186.427 Y122.579 E0.0153
G1 X186.964 Y122.579 E0.00891
G1 X187.079 Y122.465 E0.00269
G0 F18000 X186.39 Y121.89
G0 X182.878 Y115.421
G0 X183.261 Y114.529
G0 X184.625 Y113.739
G0 X184.759 Y113.702
G0 X186.39 Y113.642
G0 X186.621 Y114.324
G1 F8400 X187.079 Y113.865 E0.01076
G1 X187.079 Y114.403 E0.00892
G1 X186.961 Y114.521
G1 X187.079 Y114.403 E0.00277
G1 X187.079 Y114.588 E0.00307
G0 F18000 X186.08 Y113.444
G1 F1800 E-3.5
;MESH:NONMESH
G0 F1200 X186.08 Y113.444 Z0.9
G0 F18000 X156.915 Y103.779
G0 X137.154 Y97.654
G0 X137.154 Y96.21
G0 X86.652 Y65.025
G0 X85.711 Y63.924
G0 X84.926 Y63.78
G0 X84.732 Y63.525
;TIME_ELAPSED:572.415066
;LAYER:6
;TYPE:WALL-INNER
;MESH:01_Prime_Insulator.STL
G1 F1800 E3.52079
G1 F3000 X84.938 Y63.366 E0.00341
G1 X85.302 Y63.061 E0.00623
G1 X85.634 Y62.757 E0.0059
G1 X85.964 Y62.427 E0.00612
G1 X86.252 Y62.109 E0.00563
G1 X86.424 Y61.909 E0.00346
G1 X86.72 Y61.551 E0.00609
G1 X86.725 Y61.54 E0.00016
G1 X86.845 Y61.372 E0.00271
G1 X86.854 Y61.364 E0.00016
G1 X87.101 Y61.014 E0.00562
G1 X87.346 Y60.629 E0.00598
G1 X87.599 Y60.201 E0.00652
G1 X87.708 Y59.991 E0.0031
G1 X87.904 Y59.592 E0.00583
G1 X88.016 Y59.352 E0.00347
G1 X88.19 Y58.931 E0.00597
G1 X88.341 Y58.509 E0.00588
G1 X88.475 Y58.084 E0.00584
G1 X88.539 Y57.859 E0.00307
G1 X88.649 Y57.418 E0.00596
G1 X88.748 Y56.939 E0.00641
G1 X88.813 Y56.504 E0.00577
G1 X88.869 Y56.013 E0.00648
G1 X88.884 Y55.81 E0.00267
G1 X88.898 Y55.551 E0.0034
G1 X88.905 Y55.348 E0.00266
G1 X88.906 Y54.864 E0.00635
G1 X88.898 Y54.623 E0.00316
G1 X88.886 Y54.392 E0.00303
G1 X88.848 Y53.926 E0.00613
G1 X88.822 Y53.718 E0.00275
G1 X88.784 Y53.469 E0.0033
G1 X88.705 Y53.017 E0.00602
G1 X88.608 Y52.576 E0.00592
G1 X88.502 Y52.177 E0.00541
G1 X88.418 Y51.897 E0.00383
G1 X88.346 Y51.675 E0.00306
G1 X88.193 Y51.247 E0.00596
G1 X88.006 Y50.797 E0.00639
G1 X87.958 Y50.696 E0.00147
G1 X87.937 Y50.64 E0.00078
G1 X87.613 Y49.997 E0.00944
G1 X87.484 Y49.773 E0.00339
G1 X87.249 Y49.384 E0.00596
G1 X87.048 Y49.079 E0.00479
G1 X86.706 Y48.607 E0.00764
G1 X86.421 Y48.256 E0.00593
G1 X86.12 Y47.91 E0.00601
G1 X85.805 Y47.582 E0.00596
G1 X85.468 Y47.257 E0.00614
G1 X85.319 Y47.125 E0.00261
G1 X84.962 Y46.824 E0.00612
G1 X84.581 Y46.528 E0.00633
G1 X84.213 Y46.27 E0.00589
G1 X83.99 Y46.124 E0.0035
G1 X83.609 Y45.892 E0.00585
G1 X83.212 Y45.673 E0.00595
G1 X82.718 Y45.428 E0.00723
G1 X82.13 Y45.182 E0.00836
G1 X82.124 Y45.182 E0.00008
G1 X81.92 Y45.105 E0.00286
G1 X81.501 Y44.96 E0.00581
G1 X81.054 Y44.829 E0.00611
G1 X80.59 Y44.714 E0.00627
G1 X80.144 Y44.627 E0.00596
G1 X79.711 Y44.56 E0.00575
G1 X79.254 Y44.506 E0.00603
G1 X78.779 Y44.475 E0.00624
G1 X78.553 Y44.466 E0.00297
G1 X78.068 Y44.466 E0.00636
G1 X77.831 Y44.474 E0.00311
G1 X77.361 Y44.503 E0.00617
G1 X76.912 Y44.553 E0.00592
G1 X76.676 Y44.587 E0.00313
G1 X76.229 Y44.666 E0.00595
G1 X75.996 Y44.712 E0.00311
G1 X75.538 Y44.826 E0.00619
G1 X75.098 Y44.954 E0.00601
G1 X74.66 Y45.1 E0.00605
G1 X74.22 Y45.274 E0.0062
G1 X73.79 Y45.464 E0.00616
G1 X73.399 Y45.656 E0.00571
G1 X72.99 Y45.88 E0.00611
G1 X72.578 Y46.128 E0.00631
G1 X72.204 Y46.377 E0.00589
G1 X72.008 Y46.518 E0.00317
G1 X71.643 Y46.8 E0.00605
G1 X71.304 Y47.086 E0.00582
G1 X71.151 Y47.219 E0.00266
G1 X70.798 Y47.557 E0.00641
G1 X70.478 Y47.89 E0.00606
G1 X70.169 Y48.236 E0.00608
G1 X70.001 Y48.437 E0.00344
G1 X69.729 Y48.795 E0.0059
G1 X69.623 Y48.946 E0.00242
G1 X69.59 Y48.988 E0.0007
G1 X69.337 Y49.367 E0.00598
G1 X69.1 Y49.756 E0.00597
G1 X68.981 Y49.963 E0.00313
G1 X68.884 Y50.148 E0.00274
G1 X68.673 Y50.574 E0.00623
G1 X68.578 Y50.777 E0.00294
G1 X68.393 Y51.221 E0.00631
G1 X68.227 Y51.681 E0.00641
G1 X68.079 Y52.153 E0.00649
G1 X67.98 Y52.529 E0.0051
G1 X67.877 Y52.985 E0.00613
G1 X67.794 Y53.458 E0.0063
G1 X67.758 Y53.698 E0.00318
G1 X67.73 Y53.914 E0.00286
G1 X67.692 Y54.361 E0.00588
G1 X67.67 Y54.827 E0.00612
G1 X67.666 Y55.056 E0.003
G1 X67.678 Y55.54 E0.00635
G1 X67.69 Y55.772 E0.00305
G1 X67.727 Y56.231 E0.00604
G1 X67.758 Y56.471 E0.00317
G1 X67.824 Y56.909 E0.00581
G1 X67.917 Y57.37 E0.00617
G1 X67.968 Y57.591 E0.00297
G1 X68.089 Y58.05 E0.00622
G1 X68.229 Y58.494 E0.0061
G1 X68.39 Y58.941 E0.00623
G1 X68.56 Y59.354 E0.00586
G1 X68.661 Y59.569 E0.00311
G1 X68.857 Y59.969 E0.00584
G1 X68.962 Y60.169 E0.00296
G1 X69.221 Y60.615 E0.00676
G1 X69.439 Y60.96 E0.00535
G1 X69.59 Y61.179 E0.00349
G1 X69.86 Y61.546 E0.00597
G1 X70.144 Y61.899 E0.00594
G1 X70.285 Y62.065 E0.00286
G1 X70.438 Y62.238 E0.00303
G1 X70.591 Y62.4 E0.00292
G1 X70.943 Y62.758 E0.00658
G1 X71.265 Y63.051 E0.00571
G1 X71.611 Y63.346 E0.00596
G1 X71.814 Y63.508 E0.00341
G1 X72.397 Y63.924 E0.00939
G1 X72.955 Y64.268 E0.0086
G1 X73.176 Y64.393 E0.00333
G1 X73.572 Y64.601 E0.00587
G1 X73.789 Y64.707 E0.00317
G1 X74.222 Y64.899 E0.00621
G1 X74.407 Y64.972 E0.00261
G1 X74.863 Y65.137 E0.00636
G1 X75.292 Y65.272 E0.0059
G1 X75.516 Y65.338 E0.00306
G1 X75.968 Y65.448 E0.0061
G1 X76.185 Y65.495 E0.00291
G1 X76.873 Y65.613 E0.00915
G1 X77.127 Y65.643 E0.00335
G1 X77.565 Y65.68 E0.00576
G1 X77.792 Y65.693 E0.00298
G1 X78.26 Y65.706 E0.00614
G1 X78.52 Y65.702 E0.00341
G1 X78.976 Y65.682 E0.00599
G1 X79.431 Y65.645 E0.00599
G1 X79.674 Y65.614 E0.00321
G1 X79.9 Y65.581 E0.00299
G1 X80.347 Y65.502 E0.00595
G1 X80.8 Y65.405 E0.00607
G1 X81.035 Y65.344 E0.00318
G1 X81.259 Y65.28 E0.00305
G1 X81.674 Y65.149 E0.00571
G1 X81.904 Y65.072 E0.00318
G1 X82.35 Y64.899 E0.00627
G1 X82.54 Y64.818 E0.00271
G1 X83.012 Y64.6 E0.00682
G1 X83.395 Y64.396 E0.00569
G1 X83.787 Y64.17 E0.00593
G1 X84.033 Y64.017 E0.0038
G1 X84.367 Y63.795 E0.00526
G1 X84.732 Y63.525 E0.00595
G0 F18000 X84.926 Y63.78
G0 X83.098 Y64.845
G0 X81.339 Y65.53
G0 X80.877 Y65.627
G0 X78.543 Y66.082
G1 F2992.1 X78.776 Y66.073 E0.00307
G1 F2984.3 X79.248 Y66.041 E0.00624
G1 F3000 X79.506 Y66.018 E0.0034
G1 F2992.1 X79.768 Y65.985 E0.00347
G1 F2961 X80.191 Y65.918 E0.00569
G1 F2968.8 X80.665 Y65.824 E0.0064
G1 F3000 X80.914 Y65.766 E0.00335
G1 X81.155 Y65.705 E0.00326
G1 F2976.5 X81.364 Y65.647 E0.00287
G1 F2984.3 X81.826 Y65.499 E0.00639
G1 F3007.9 X82.062 Y65.417 E0.00327
G1 X82.272 Y65.338 E0.00293
G1 F3015.9 X82.524 Y65.237 E0.00354
G1 F3007.9 X82.938 Y65.054 E0.00592
G1 X83.148 Y64.954 E0.00304
G1 F3015.9 X83.605 Y64.713 E0.00674
G1 F2992.1 X83.786 Y64.61 E0.00274
G1 X84.001 Y64.482 E0.00329
G1 F3007.9 X84.257 Y64.324 E0.00393
G1 F3015.9 X84.594 Y64.099 E0.00529
G1 F3007.9 X84.995 Y63.802 E0.00653
G1 F3000 X85.175 Y63.662 E0.00299
G1 F2992.1 X85.418 Y63.46 E0.00415
G1 F3000 X85.557 Y63.34 E0.00241
G1 F3015.9 X85.91 Y63.016 E0.00625
G1 F3007.9 X86.059 Y62.873 E0.0027
G1 X86.257 Y62.669 E0.00372
G1 X86.581 Y62.31 E0.00632
G1 F3000 X86.846 Y61.993 E0.00542
G1 F3023.9 X87.02 Y61.779 E0.00359
G1 X87.151 Y61.595 E0.00294
G1 F2992.1 X87.29 Y61.407 E0.00307
G1 F3000 X87.421 Y61.218 E0.00302
G1 F3007.9 X87.681 Y60.808 E0.00635
G1 F2992.1 X87.815 Y60.584 E0.00343
G1 F3000 X87.935 Y60.372 E0.00319
G1 F3007.9 X88.057 Y60.142 E0.0034
G1 F3000 X88.26 Y59.729 E0.00603
G1 F3015.9 X88.365 Y59.497 E0.00332
G1 F3031.9 X88.549 Y59.049 E0.00628
G1 F3015.9 X88.712 Y58.599 E0.00624
G1 F2984.3 X88.851 Y58.156 E0.00612
G1 X88.919 Y57.915 E0.0033
G1 F3000 X89.019 Y57.505 E0.00553
G1 F3007.9 X89.119 Y57.014 E0.00655
G1 X89.192 Y56.537 E0.00631
G1 X89.247 Y56.03 E0.00667
G1 X89.265 Y55.795 E0.00308
G1 F3000 X89.286 Y55.339 E0.00599
G1 X89.286 Y54.835 E0.00661
G1 F2992.1 X89.277 Y54.592 E0.0032
G1 X89.245 Y54.117 E0.00626
G1 F3007.9 X89.225 Y53.889 E0.00299
G1 F3000 X89.158 Y53.4 E0.00647
G1 F2984.3 X89.119 Y53.17 E0.00308
G1 F3000 X89.07 Y52.913 E0.00343
G1 F2992.1 X89.025 Y52.697 E0.0029
G1 F2968.8 X88.961 Y52.421 E0.00375
G1 X88.86 Y52.043 E0.00518
G1 F2976.5 X88.698 Y51.531 E0.0071
G1 F2992.1 X88.52 Y51.044 E0.00682
G1 F3015.9 X88.352 Y50.645 E0.00565
G1 F3023.9 X88.26 Y50.439 E0.00294
G1 F3015.9 X88.146 Y50.208 E0.00336
G1 X87.919 Y49.769 E0.00645
G1 F3000 X87.689 Y49.373 E0.006
G1 F2992.1 X87.45 Y48.998 E0.00585
G1 F3000 X87.342 Y48.838 E0.00253
G1 F3007.9 X87.004 Y48.373 E0.00752
G1 F3000 X86.71 Y48.009 E0.00614
G1 F2992.1 X86.566 Y47.841 E0.00291
G1 F3000 X86.381 Y47.635 E0.00363
G1 X86.229 Y47.473 E0.00291
G1 F2992.1 X85.888 Y47.133 E0.00633
G1 X85.696 Y46.952 E0.00347
G1 F2984.3 X85.388 Y46.685 E0.00537
G1 X85.165 Y46.501 E0.00381
G1 F3007.9 X84.812 Y46.229 E0.00583
G1 F3015.9 X84.431 Y45.96 E0.00608
G1 F3007.9 X84.025 Y45.7 E0.00631
G1 F3015.9 X83.785 Y45.558 E0.00364
G1 F3023.9 X83.338 Y45.312 E0.00664
G1 F3040 X82.874 Y45.085 E0.00668
G1 F3048.1 X82.266 Y44.829 E0.00851
G1 F3015.9 X81.857 Y44.68 E0.00568
G1 F3007.9 X81.608 Y44.597 E0.00343
G1 F3015.9 X81.407 Y44.537 E0.00274
G1 F3040 X81.118 Y44.456 E0.00388
G1 F3056.3 X80.67 Y44.345 E0.00594
G1 F3015.9 X80.18 Y44.248 E0.00652
G1 F3000 X79.702 Y44.177 E0.00634
G1 F3023.9 X79.278 Y44.129 E0.00555
G1 F3015.9 X78.763 Y44.095 E0.00673
G1 F3007.9 X78.508 Y44.087 E0.00334
G1 X78.05 Y44.086 E0.00599
G1 X77.792 Y44.097 E0.00338
G1 F3015.9 X77.331 Y44.126 E0.00603
G1 F3007.9 X76.798 Y44.186 E0.00701
G1 F3000 X76.595 Y44.216 E0.00269
G1 F3015.9 X76.142 Y44.298 E0.006
G1 F3031.9 X75.878 Y44.352 E0.0035
G1 F2992.1 X75.617 Y44.413 E0.00352
G1 F2976.5 X75.253 Y44.511 E0.00498
G1 F3000 X74.748 Y44.669 E0.00694
G1 F3015.9 X74.493 Y44.759 E0.00353
G1 F3023.9 X74.066 Y44.928 E0.00597
G1 F3000 X73.89 Y45.004 E0.00251
G1 X73.587 Y45.141 E0.00436
G1 F3015.9 X73.197 Y45.335 E0.00568
G1 F3000 X72.771 Y45.567 E0.00636
G1 F2984.3 X72.59 Y45.676 E0.00279
G1 F2992.1 X72.207 Y45.92 E0.00597
G1 F3007.9 X71.962 Y46.085 E0.00386
G1 F3031.9 X71.765 Y46.23 E0.00317
G1 F3015.9 X71.411 Y46.499 E0.0058
G1 F2984.3 X71.032 Y46.818 E0.00653
G1 F2992.1 X70.872 Y46.961 E0.00282
G1 F2976.5 X70.707 Y47.115 E0.00298
G1 F2968.8 X70.495 Y47.321 E0.00392
G1 F2992.1 X70.17 Y47.664 E0.00621
G1 F3000 X70.017 Y47.834 E0.003
G1 F3007.9 X69.692 Y48.219 E0.00659
G1 F3000 X69.56 Y48.389 E0.00282
G1 X69.27 Y48.786 E0.00645
G1 X69.164 Y48.942 E0.00247
G1 F3007.9 X69.005 Y49.186 E0.00381
G1 F3015.9 X68.76 Y49.587 E0.00613
G1 F3000 X68.634 Y49.809 E0.00335
G1 F2992.1 X68.547 Y49.972 E0.00243
G1 X68.317 Y50.438 E0.00683
G1 F3007.9 X68.222 Y50.646 E0.00299
G1 X68.031 Y51.106 E0.00651
G1 F3000 X67.865 Y51.568 E0.00644
G1 F2984.3 X67.736 Y51.974 E0.00562
G1 F2976.5 X67.658 Y52.253 E0.00383
G1 X67.598 Y52.488 E0.00321
G1 F2984.3 X67.496 Y52.957 E0.00633
G1 X67.454 Y53.185 E0.00306
G1 F2976.5 X67.414 Y53.429 E0.00327
G1 F2992.1 X67.382 Y53.65 E0.00294
G1 F3015.9 X67.351 Y53.911 E0.00343
G1 F3007.9 X67.312 Y54.35 E0.00576
G1 F2992.1 X67.29 Y54.847 E0.00654
G1 F3000 X67.286 Y55.097 E0.00328
G1 X67.299 Y55.577 E0.0063
G1 F2992.1 X67.331 Y56.047 E0.00619
G1 X67.355 Y56.308 E0.00345
G1 X67.417 Y56.76 E0.006
G1 F3000 X67.453 Y56.984 E0.00297
G1 F2992.1 X67.55 Y57.474 E0.00657
G1 F2976.5 X67.658 Y57.915 E0.006
G1 F2984.3 X67.732 Y58.179 E0.00361
G1 X67.87 Y58.62 E0.00609
G1 F2992.1 X68.042 Y59.09 E0.00658
G1 F3015.9 X68.223 Y59.525 E0.00615
G1 X68.327 Y59.75 E0.00323
G1 F2992.1 X68.532 Y60.169 E0.00613
G1 X68.649 Y60.389 E0.00328
G1 X68.766 Y60.593 E0.00309
G1 F2984.3 X68.909 Y60.832 E0.00367
G1 X69.009 Y60.992 E0.00249
G1 F3000 X69.156 Y61.217 E0.00352
G1 X69.397 Y61.559 E0.00549
G1 X69.582 Y61.804 E0.00403
G1 X69.689 Y61.94 E0.00227
G1 F2976.5 X69.926 Y62.23 E0.00495
G1 X70.165 Y62.503 E0.0048
G1 X70.481 Y62.832 E0.00603
G1 F2992.1 X70.696 Y63.045 E0.00398
G1 F3000 X71.041 Y63.362 E0.00614
G1 X71.407 Y63.668 E0.00626
G1 F3023.9 X71.61 Y63.827 E0.00335
G1 F3015.9 X71.795 Y63.963 E0.00299
G1 F3000 X72.151 Y64.215 E0.00572
G1 F2992.1 X72.553 Y64.468 E0.00624
G1 F3000 X72.799 Y64.615 E0.00376
G1 F3007.9 X73.014 Y64.737 E0.00323
G1 F3000 X73.434 Y64.957 E0.00622
G1 X73.65 Y65.06 E0.00314
G1 F3007.9 X74.083 Y65.251 E0.00619
G1 F3000 X74.305 Y65.34 E0.00314
G1 F2976.5 X74.515 Y65.417 E0.00296
G1 F2992.1 X74.774 Y65.507 E0.0036
G1 X75.197 Y65.641 E0.00583
G1 F2984.3 X75.424 Y65.707 E0.00312
G1 F3000 X75.919 Y65.827 E0.00668
G1 X76.161 Y65.877 E0.00324
G1 F2992.1 X76.384 Y65.917 E0.00298
G1 F3000 X76.827 Y65.989 E0.00589
G1 F2992.1 X77.299 Y66.04 E0.00624
G1 F2976.5 X77.58 Y66.062 E0.00373
G1 X77.817 Y66.075 E0.00314
G1 F2984.3 X78.305 Y66.086 E0.00643
G1 F3000 X78.543 Y66.082 E0.00312
G0 F18000 X75.936 Y65.709
G0 X74.349 Y65.227
G0 X72.847 Y64.508
G0 X71.48 Y63.571
G0 X70.427 Y62.606
G0 X69.377 Y61.326
G0 X68.637 Y60.107
G0 X67.99 Y58.59
G0 X67.575 Y56.976
G0 X67.409 Y55.091
G0 X67.574 Y53.202
G0 X67.988 Y51.585
G0 X68.638 Y50.063
G0 X69.518 Y48.65
G0 X70.598 Y47.39
G0 X71.853 Y46.315
G0 X73.265 Y45.436
G0 X74.793 Y44.784
G0 X77.79 Y44.038
G0 X77.77 Y43.719
G1 F3000 X78.033 Y43.706 E0.00345
G1 X78.513 Y43.709 E0.00629
G1 X78.775 Y43.716 E0.00344
G1 X79.065 Y43.733 E0.00381
G1 X79.307 Y43.752 E0.00318
G1 X79.745 Y43.801 E0.00578
G1 X80.236 Y43.872 E0.00651
G1 X80.499 Y43.923 E0.00351
G1 X80.732 Y43.973 E0.00312
G1 X81.018 Y44.04 E0.00385
G1 X81.506 Y44.172 E0.00663
G1 X81.745 Y44.243 E0.00327
G1 X81.975 Y44.319 E0.00318
G1 X82.159 Y44.384 E0.00256
G1 X82.393 Y44.472 E0.00328
G1 X82.902 Y44.685 E0.00724
G1 X83.349 Y44.893 E0.00646
G1 X83.512 Y44.976 E0.0024
G1 X83.786 Y45.124 E0.00408
G1 X84.215 Y45.371 E0.00649
G1 X84.593 Y45.614 E0.00589
G1 X84.841 Y45.785 E0.00395
G1 X85.033 Y45.922 E0.00309
G1 X85.399 Y46.202 E0.00604
G1 X85.63 Y46.391 E0.00391
G1 X85.777 Y46.516 E0.00253
G1 X85.95 Y46.67 E0.00304
G1 X86.15 Y46.857 E0.00359
G1 X86.53 Y47.237 E0.00705
G1 X86.661 Y47.379 E0.00253
G1 X86.998 Y47.761 E0.00668
G1 X87.16 Y47.96 E0.00336
G1 X87.324 Y48.168 E0.00347
G1 X87.606 Y48.551 E0.00624
G1 X87.764 Y48.786 E0.00371
G1 X88.01 Y49.17 E0.00598
G1 X88.14 Y49.39 E0.00335
G1 X88.276 Y49.632 E0.00364
G1 X88.394 Y49.855 E0.00331
G1 X88.6 Y50.272 E0.0061
G1 X88.802 Y50.732 E0.00659
G1 X88.871 Y50.9 E0.00238
G1 X89.056 Y51.402 E0.00702
G1 X89.217 Y51.911 E0.007
G1 X89.22 Y51.912 E0.00004
G1 X89.33 Y52.326 E0.00562
G1 X89.396 Y52.61 E0.00382
G1 X89.493 Y53.098 E0.00652
G1 X89.533 Y53.337 E0.00318
G1 X89.598 Y53.821 E0.0064
G1 X89.623 Y54.083 E0.00345
G1 X89.657 Y54.567 E0.00636
G1 X89.666 Y54.835 E0.00352
G1 X89.666 Y55.362 E0.00691
G1 X89.641 Y55.873 E0.00671
G1 X89.624 Y56.065 E0.00253
G1 X89.567 Y56.601 E0.00707
G1 X89.501 Y57.022 E0.00559
G1 X89.391 Y57.581 E0.00747
G1 X89.334 Y57.827 E0.00331
G1 X89.287 Y58.01 E0.00248
G1 X89.218 Y58.259 E0.00339
G1 X89.072 Y58.719 E0.00633
G1 X88.97 Y59.004 E0.00397
G1 X88.902 Y59.182 E0.0025
G1 X88.689 Y59.704 E0.00739
G1 X88.591 Y59.919 E0.0031
G1 X88.369 Y60.366 E0.00654
G1 X88.146 Y60.771 E0.00606
G1 X88.005 Y61.005 E0.00358
G1 X87.74 Y61.422 E0.00648
G1 X87.604 Y61.622 E0.00317
G1 X87.465 Y61.808 E0.00304
G1 X87.432 Y61.857 E0.00077
G1 X87.432 Y61.861 E0.00005
G1 X87.332 Y61.992 E0.00216
G1 X87.007 Y62.396 E0.0068
G1 X86.821 Y62.613 E0.00375
G1 X86.656 Y62.797 E0.00324
G1 X86.349 Y63.12 E0.00584
G1 X85.979 Y63.472 E0.0067
G1 X85.641 Y63.771 E0.00592
G1 X85.638 Y63.77 E0.00004
G1 X85.419 Y63.953 E0.00374
G1 X85.228 Y64.102 E0.00318
G1 X84.843 Y64.386 E0.00627
G1 X84.409 Y64.679 E0.00687
G1 X83.982 Y64.936 E0.00654
G1 X83.79 Y65.044 E0.00289
G1 X83.362 Y65.268 E0.00633
G1 X83.105 Y65.396 E0.00376
G1 X82.885 Y65.493 E0.00315
G1 X82.415 Y65.69 E0.00668
G1 X81.952 Y65.857 E0.00645
G1 X81.71 Y65.938 E0.00335
G1 X81.479 Y66.01 E0.00317
G1 X81.253 Y66.072 E0.00307
G1 X80.755 Y66.194 E0.00672
G1 X80.266 Y66.293 E0.00654
G1 X79.825 Y66.362 E0.00585
G1 X79.549 Y66.394 E0.00364
G1 X79.282 Y66.42 E0.00352
G1 X78.802 Y66.453 E0.00631
G1 X78.554 Y66.462 E0.00325
G1 X78.309 Y66.466 E0.00321
G1 X77.805 Y66.456 E0.00661
G1 X77.557 Y66.442 E0.00326
G1 X77.27 Y66.42 E0.00377
G1 X76.768 Y66.364 E0.00662
G1 X76.32 Y66.293 E0.00595
G1 X76.092 Y66.251 E0.00304
G1 X75.838 Y66.198 E0.0034
G1 X75.321 Y66.072 E0.00698
G1 X75.094 Y66.008 E0.00309
G1 X74.81 Y65.918 E0.00391
G1 X74.393 Y65.778 E0.00577
G1 X74.169 Y65.694 E0.00314
G1 X73.913 Y65.59 E0.00362
G1 X73.89 Y65.577 E0.00035
G1 X73.671 Y65.485 E0.00311
G1 X73.494 Y65.406 E0.00254
G1 X73.266 Y65.297 E0.00331
G1 X72.837 Y65.072 E0.00635
G1 X72.611 Y64.944 E0.00341
G1 X72.359 Y64.796 E0.00383
G1 X71.947 Y64.535 E0.0064
G1 X71.736 Y64.389 E0.00336
G1 X71.332 Y64.091 E0.00658
G1 X70.946 Y63.781 E0.00649
G1 X70.793 Y63.65 E0.00264
G1 X70.575 Y63.453 E0.00385
G1 X70.405 Y63.292 E0.00307
G1 X70.214 Y63.104 E0.00351
G1 X69.887 Y62.763 E0.0062
G1 X69.639 Y62.48 E0.00493
G1 X69.394 Y62.181 E0.00507
G1 X69.094 Y61.79 E0.00646
G1 X68.845 Y61.431 E0.00573
G1 X68.691 Y61.201 E0.00363
G1 X68.44 Y60.79 E0.00631
G1 X68.196 Y60.348 E0.00662
G1 X67.985 Y59.916 E0.0063
G1 X67.861 Y59.642 E0.00394
G1 X67.692 Y59.236 E0.00577
G1 X67.592 Y58.974 E0.00368
G1 X67.509 Y58.74 E0.00326
G1 X67.359 Y58.257 E0.00663
G1 X67.247 Y57.847 E0.00557
G1 X67.179 Y57.56 E0.00387
G1 X67.087 Y57.084 E0.00636
G1 X67.042 Y56.824 E0.00346
G1 X66.979 Y56.356 E0.00619
G1 X66.952 Y56.081 E0.00362
G1 X66.917 Y55.567 E0.00676
G1 X66.906 Y55.101 E0.00611
G1 X66.91 Y54.841 E0.00341
G1 X66.935 Y54.295 E0.00717
G1 X66.976 Y53.87 E0.0056
G1 X67.009 Y53.571 E0.00394
G1 X67.077 Y53.127 E0.00589
G1 X67.185 Y52.589 E0.0072
G1 X67.228 Y52.4 E0.00254
G1 X67.29 Y52.159 E0.00326
G1 X67.37 Y51.869 E0.00394
G1 X67.442 Y51.636 E0.0032
G1 X67.606 Y51.164 E0.00655
G1 X67.673 Y50.986 E0.00249
G1 X67.873 Y50.5 E0.00689
G1 X67.971 Y50.282 E0.00313
G1 X68.207 Y49.802 E0.00701
G1 X68.32 Y49.594 E0.0031
G1 X68.431 Y49.399 E0.00294
G1 X68.558 Y49.189 E0.00322
G1 X68.844 Y48.738 E0.007
G1 X68.987 Y48.53 E0.00331
G1 X69.253 Y48.165 E0.00592
G1 X69.397 Y47.983 E0.00304
G1 X69.727 Y47.589 E0.00674
G1 X70.066 Y47.217 E0.0066
G1 X70.224 Y47.055 E0.00297
G1 X70.44 Y46.842 E0.00398
G1 X70.793 Y46.521 E0.00626
G1 X71.183 Y46.193 E0.00668
G1 X71.739 Y45.78 E0.00908
G1 X71.995 Y45.606 E0.00406
G1 X72.385 Y45.356 E0.00607
G1 X72.59 Y45.232 E0.00314
G1 X73.062 Y44.976 E0.00704
G1 X73.459 Y44.782 E0.00579
G1 X73.735 Y44.657 E0.00397
G1 X74.129 Y44.493 E0.0056
G1 X74.36 Y44.405 E0.00324
G1 X74.62 Y44.311 E0.00363
G1 X75.149 Y44.146 E0.00727
G1 X75.52 Y44.043 E0.00505
G1 X75.797 Y43.983 E0.00372
G1 X76.316 Y43.877 E0.00695
G1 X76.531 Y43.841 E0.00286
G1 X76.748 Y43.81 E0.00287
G1 X77.292 Y43.749 E0.00718
G1 X77.77 Y43.719 E0.00628
G0 F18000 X77.79 Y44.038
G0 X74.793 Y44.784
G0 X73.265 Y45.436
G0 X71.853 Y46.315
G0 X70.598 Y47.39
G0 X69.518 Y48.65
G0 X68.638 Y50.063
G0 X67.912 Y51.818
G0 X67.503 Y53.663
G0 X67.409 Y55.091
G0 X67.575 Y56.976
G0 X67.99 Y58.59
G0 X68.637 Y60.107
G0 X69.516 Y61.52
G0 X70.595 Y62.779
G0 X71.86 Y63.864
G0 X73.064 Y64.629
G0 X74.349 Y65.227
G0 X75.777 Y65.661
G0 X78.545 Y66.142
G0 X78.566 Y66.842
;TYPE:WALL-OUTER
G1 F1500 X78.828 Y66.832 E0.00344
G1 X79.316 Y66.798 E0.00641
G1 X79.593 Y66.772 E0.00365
G1 X79.856 Y66.742 E0.00347
G1 X80.308 Y66.672 E0.006
G1 X80.845 Y66.563 E0.00719
G1 X81.352 Y66.439 E0.00684
G1 X81.594 Y66.372 E0.00329
G1 X81.827 Y66.299 E0.0032
G1 X82.078 Y66.215 E0.00347
G1 X82.559 Y66.042 E0.0067
G1 X83.038 Y65.841 E0.00681
G1 X83.273 Y65.737 E0.00337
G1 X83.536 Y65.606 E0.00385
G1 X83.975 Y65.376 E0.0065
G1 X84.178 Y65.262 E0.00305
G1 X84.618 Y64.996 E0.00674
G1 X85.017 Y64.73 E0.00629
G1 X85.461 Y64.402 E0.00724
G1 X85.663 Y64.244 E0.00336
G1 X85.858 Y64.08 E0.00334
G1 X85.864 Y64.081 E0.00008
G1 X86.239 Y63.748 E0.00658
G1 X86.622 Y63.384 E0.00693
G1 X86.932 Y63.059 E0.00589
G1 X87.109 Y62.861 E0.00348
G1 X87.3 Y62.638 E0.00385
G1 X87.594 Y62.275 E0.00613
G1 X87.758 Y62.06 E0.00355
G1 X87.757 Y62.053 E0.00009
G1 X87.917 Y61.837 E0.00352
G1 X88.045 Y61.651 E0.00296
G1 X88.329 Y61.203 E0.00696
G1 X88.477 Y60.957 E0.00376
G1 X88.601 Y60.735 E0.00333
G1 X88.736 Y60.482 E0.00376
G1 X88.95 Y60.046 E0.00637
G1 X89.052 Y59.82 E0.00325
G1 X89.227 Y59.397 E0.006
G1 X89.327 Y59.134 E0.00369
G1 X89.424 Y58.865 E0.00375
G1 X89.496 Y58.647 E0.00301
G1 X89.584 Y58.363 E0.0039
G1 X89.703 Y57.918 E0.00604
G1 X89.762 Y57.667 E0.00338
G1 X89.877 Y57.081 E0.00783
G1 X89.945 Y56.642 E0.00583
G1 X89.998 Y56.151 E0.00648
G1 X90.023 Y55.874 E0.00365
G1 X90.046 Y55.304 E0.00748
G1 X90.046 Y54.835 E0.00615
G1 X90.036 Y54.541 E0.00386
G1 X90.001 Y54.048 E0.00648
G1 X89.975 Y53.773 E0.00362
G1 X89.908 Y53.274 E0.0066
G1 X89.866 Y53.026 E0.0033
G1 X89.77 Y52.537 E0.00653
G1 X89.702 Y52.246 E0.00392
G1 X89.578 Y51.781 E0.00631
G1 X89.573 Y51.779 E0.00007
G1 X89.414 Y51.274 E0.00694
G1 X89.223 Y50.756 E0.00724
G1 X89.151 Y50.582 E0.00247
G1 X88.941 Y50.104 E0.00685
G1 X88.73 Y49.679 E0.00622
G1 X88.608 Y49.446 E0.00345
G1 X88.468 Y49.198 E0.00373
G1 X88.331 Y48.966 E0.00353
G1 X88.079 Y48.573 E0.00612
G1 X87.912 Y48.327 E0.0039
G1 X87.594 Y47.896 E0.00702
G1 X87.298 Y47.526 E0.00621
G1 X87.123 Y47.325 E0.00349
G1 X86.799 Y46.969 E0.00631
G1 X86.412 Y46.582 E0.00718
G1 X86.263 Y46.44 E0.0027
G1 X86.025 Y46.228 E0.00418
G1 X85.872 Y46.097 E0.00264
G1 X85.633 Y45.903 E0.00404
G1 X85.271 Y45.625 E0.00599
G1 X84.854 Y45.33 E0.0067
G1 X84.421 Y45.051 E0.00675
G1 X83.968 Y44.79 E0.00686
G1 X83.687 Y44.639 E0.00418
G1 X83.513 Y44.55 E0.00256
G1 X83.05 Y44.335 E0.00669
G1 X82.531 Y44.118 E0.00738
G1 X82.287 Y44.026 E0.00342
G1 X82.094 Y43.958 E0.00268
G1 X81.855 Y43.879 E0.0033
G1 X81.605 Y43.805 E0.00342
G1 X81.106 Y43.67 E0.00678
G1 X80.814 Y43.602 E0.00393
G1 X80.319 Y43.5 E0.00663
G1 X79.789 Y43.424 E0.00702
G1 X79.337 Y43.373 E0.00596
G1 X79.089 Y43.354 E0.00326
G1 X78.787 Y43.337 E0.00397
G1 X78.317 Y43.327 E0.00616
G1 X78.016 Y43.326 E0.00395
G1 X77.252 Y43.371 E0.01004
G1 X76.698 Y43.434 E0.00731
G1 X76.488 Y43.462 E0.00278
G1 X76.242 Y43.505 E0.00327
G1 X75.715 Y43.611 E0.00705
G1 X75.423 Y43.676 E0.00392
G1 X75.197 Y43.737 E0.00307
G1 X74.963 Y43.805 E0.0032
G1 X74.492 Y43.953 E0.00647
G1 X74.271 Y44.032 E0.00308
G1 X73.983 Y44.142 E0.00404
G1 X73.58 Y44.31 E0.00573
G1 X73.258 Y44.457 E0.00464
G1 X72.881 Y44.642 E0.00551
G1 X72.402 Y44.902 E0.00715
G1 X72.179 Y45.036 E0.00341
G1 X71.782 Y45.292 E0.00619
G1 X71.515 Y45.474 E0.00424
G1 X71.154 Y45.739 E0.00587
G1 X70.955 Y45.889 E0.00327
G1 X70.526 Y46.252 E0.00737
G1 X70.175 Y46.57 E0.00621
G1 X69.954 Y46.789 E0.00408
G1 X69.788 Y46.959 E0.00312
G1 X69.471 Y47.302 E0.00612
G1 X69.1 Y47.746 E0.00759
G1 X68.947 Y47.941 E0.00325
G1 X68.675 Y48.314 E0.00605
G1 X68.531 Y48.522 E0.00332
G1 X68.233 Y48.991 E0.00729
G1 X68.101 Y49.21 E0.00335
G1 X67.968 Y49.445 E0.00354
G1 X67.844 Y49.678 E0.00346
G1 X67.644 Y50.081 E0.0059
G1 X67.523 Y50.352 E0.00389
G1 X67.349 Y50.771 E0.00595
G1 X67.249 Y51.035 E0.0037
G1 X67.158 Y51.287 E0.00351
G1 X67.079 Y51.524 E0.00328
G1 X66.975 Y51.869 E0.00472
G1 X66.856 Y52.325 E0.00618
G1 X66.813 Y52.513 E0.00253
G1 X66.701 Y53.069 E0.00744
G1 X66.631 Y53.529 E0.0061
G1 X66.578 Y54.028 E0.00658
G1 X66.553 Y54.294 E0.0035
G1 X66.53 Y54.835 E0.0071
G1 X66.526 Y55.106 E0.00355
G1 X66.537 Y55.579 E0.0062
G1 X66.574 Y56.115 E0.00705
G1 X66.602 Y56.404 E0.00381
G1 X66.667 Y56.889 E0.00642
G1 X66.714 Y57.156 E0.00355
G1 X66.809 Y57.646 E0.00654
G1 X66.879 Y57.944 E0.00401
G1 X66.999 Y58.387 E0.00602
G1 X67.003 Y58.389 E0.00006
G1 X67.149 Y58.86 E0.00647
G1 X67.237 Y59.108 E0.00345
G1 X67.341 Y59.382 E0.00384
G1 X67.518 Y59.806 E0.00602
G1 X67.643 Y60.082 E0.00397
G1 X67.861 Y60.526 E0.00649
G1 X67.993 Y60.771 E0.00365
G1 X68.115 Y60.987 E0.00325
G1 X68.263 Y61.232 E0.00375
G1 X68.374 Y61.409 E0.00274
G1 X68.532 Y61.646 E0.00374
G1 X68.792 Y62.02 E0.00597
G1 X69.1 Y62.421 E0.00663
G1 X69.353 Y62.73 E0.00524
G1 X69.597 Y63.009 E0.00486
G1 X69.81 Y63.234 E0.00406
G1 X70.173 Y63.595 E0.00671
G1 X70.318 Y63.733 E0.00262
G1 X70.545 Y63.938 E0.00401
G1 X70.705 Y64.075 E0.00276
G1 X71.104 Y64.395 E0.00671
G1 X71.518 Y64.7 E0.00674
G1 X71.743 Y64.855 E0.00358
G1 X72.165 Y65.123 E0.00656
G1 X72.422 Y65.274 E0.00391
G1 X72.659 Y65.408 E0.00357
G1 X73.066 Y65.622 E0.00603
G1 X73.281 Y65.728 E0.00314
G1 X73.525 Y65.836 E0.0035
G1 X73.739 Y65.926 E0.00304
G1 X73.741 Y65.931 E0.00007
G1 X74.257 Y66.133 E0.00727
G1 X74.68 Y66.275 E0.00585
G1 X74.963 Y66.365 E0.00389
G1 X75.277 Y66.452 E0.00427
G1 X75.756 Y66.569 E0.00647
G1 X75.969 Y66.615 E0.00286
G1 X76.246 Y66.665 E0.00369
G1 X76.724 Y66.741 E0.00635
G1 X77.24 Y66.799 E0.00681
G1 X77.533 Y66.821 E0.00385
G1 X77.793 Y66.835 E0.00341
G1 X78.314 Y66.846 E0.00683
G1 X78.566 Y66.842 E0.0033
G0 F18000 X78.766 Y66.835
G0 X78.745 Y66.136
G0 X78.535 Y66.024
G0 X78.512 Y65.322
G1 F1500 X78.267 Y65.326 E0.00321
G1 X78.038 Y65.322 E0.003
G1 X77.597 Y65.301 E0.00579
G1 X77.17 Y65.265 E0.00562
G1 X76.935 Y65.238 E0.0031
G1 X76.263 Y65.123 E0.00894
G1 X76.058 Y65.079 E0.00275
G1 X75.625 Y64.974 E0.00584
G1 X75.406 Y64.909 E0.003
G1 X74.991 Y64.779 E0.0057
G1 X74.547 Y64.619 E0.00619
G1 X74.344 Y64.538 E0.00287
G1 X73.934 Y64.355 E0.00589
G1 X73.749 Y64.265 E0.0027
G1 X73.362 Y64.062 E0.00573
G1 X73.154 Y63.944 E0.00314
G1 X72.599 Y63.602 E0.00855
G1 X72.05 Y63.21 E0.00885
G1 X71.857 Y63.056 E0.00324
G1 X71.521 Y62.771 E0.00578
G1 X71.2 Y62.478 E0.0057
G1 X70.867 Y62.139 E0.00623
G1 X70.722 Y61.986 E0.00276
G1 X70.44 Y61.66 E0.00565
G1 X70.166 Y61.321 E0.00572
G1 X69.902 Y60.961 E0.00585
G1 X69.761 Y60.758 E0.00324
G1 X69.548 Y60.421 E0.00523
G1 X69.313 Y60.021 E0.00608
G1 X69.199 Y59.803 E0.00323
G1 X69.005 Y59.408 E0.00577
G1 X68.909 Y59.201 E0.00299
G1 X68.741 Y58.793 E0.00579
G1 X68.591 Y58.378 E0.00579
G1 X68.456 Y57.95 E0.00588
G1 X68.338 Y57.504 E0.00605
G1 X68.289 Y57.294 E0.00283
G1 X68.2 Y56.853 E0.0059
G1 X68.135 Y56.421 E0.00573
G1 X68.106 Y56.2 E0.00292
G1 X68.07 Y55.751 E0.00591
G1 X68.058 Y55.53 E0.0029
G1 X68.046 Y55.063 E0.00613
G1 X68.05 Y54.841 E0.00291
G1 X68.071 Y54.393 E0.00588
G1 X68.107 Y53.963 E0.00566
G1 X68.138 Y53.732 E0.00306
G1 X68.142 Y53.721 E0.00015
G1 X68.168 Y53.523 E0.00262
G1 X68.248 Y53.068 E0.00606
G1 X68.348 Y52.623 E0.00598
G1 X68.442 Y52.267 E0.00483
G1 X68.596 Y51.779 E0.00671
G1 X68.744 Y51.367 E0.00574
G1 X68.923 Y50.937 E0.00611
G1 X69.013 Y50.743 E0.0028
G1 X69.221 Y50.324 E0.00613
G1 X69.315 Y50.146 E0.00264
G1 X69.426 Y49.951 E0.00294
G1 X69.653 Y49.578 E0.00573
G1 X69.913 Y49.19 E0.00612
G1 X69.918 Y49.188 E0.00007
G1 X70.032 Y49.025 E0.00261
G1 X70.308 Y48.663 E0.00597
G1 X70.448 Y48.494 E0.00288
G1 X70.753 Y48.152 E0.00601
G1 X71.06 Y47.832 E0.00581
G1 X71.402 Y47.505 E0.0062
G1 X71.548 Y47.377 E0.00255
G1 X71.875 Y47.101 E0.00561
G1 X72.232 Y46.826 E0.00591
G1 X72.414 Y46.693 E0.00296
G1 X72.789 Y46.445 E0.0059
G1 X73.172 Y46.213 E0.00587
G1 X73.567 Y45.997 E0.0059
G1 X73.944 Y45.812 E0.00551
G1 X74.361 Y45.627 E0.00598
G1 X74.782 Y45.46 E0.00594
G1 X75.208 Y45.318 E0.00589
G1 X75.49 Y45.233 E0.00386
G1 X75.493 Y45.236 E0.00006
G1 X75.631 Y45.195 E0.00189
G1 X76.07 Y45.085 E0.00593
G1 X76.295 Y45.04 E0.00301
G1 X76.732 Y44.963 E0.00582
G1 X76.954 Y44.931 E0.00294
G1 X77.395 Y44.882 E0.00582
G1 X77.846 Y44.854 E0.00593
G1 X78.068 Y44.846 E0.00291
G1 X78.539 Y44.846 E0.00618
G1 X78.753 Y44.854 E0.00281
G1 X79.239 Y44.887 E0.00639
G1 X79.653 Y44.936 E0.00547
G1 X80.072 Y45.001 E0.00556
G1 X80.52 Y45.088 E0.00598
G1 X80.946 Y45.193 E0.00575
G1 X81.403 Y45.328 E0.00625
G1 X81.816 Y45.472 E0.00574
G1 X82.021 Y45.549 E0.00287
G1 X82.433 Y45.719 E0.00584
G1 X82.543 Y45.771 E0.0016
G1 X82.546 Y45.769 E0.00005
G1 X83.028 Y46.006 E0.00704
G1 X83.411 Y46.217 E0.00573
G1 X83.784 Y46.444 E0.00573
G1 X83.995 Y46.581 E0.0033
G1 X84.357 Y46.835 E0.0058
G1 X84.716 Y47.114 E0.00596
G1 X85.069 Y47.411 E0.00605
G1 X85.219 Y47.545 E0.00264
G1 X85.533 Y47.847 E0.00571
G1 X85.85 Y48.179 E0.00602
G1 X86.136 Y48.508 E0.00572
G1 X86.418 Y48.859 E0.0059
G1 X86.731 Y49.29 E0.00698
G1 X86.926 Y49.584 E0.00463
G1 X87.156 Y49.965 E0.00584
G1 X87.274 Y50.169 E0.00309
G1 X87.471 Y50.556 E0.00569
G1 X87.603 Y50.826 E0.00394
G1 X87.6 Y50.829 E0.00006
G1 X87.66 Y50.954 E0.00182
G1 X87.835 Y51.375 E0.00598
G1 X87.985 Y51.793 E0.00582
G1 X88.054 Y52.005 E0.00292
G1 X88.136 Y52.277 E0.00373
G1 X88.18 Y52.437 E0.00218
G1 X88.236 Y52.661 E0.00303
G1 X88.331 Y53.085 E0.0057
G1 X88.372 Y53.308 E0.00297
G1 X88.445 Y53.764 E0.00606
G1 X88.47 Y53.968 E0.0027
G1 X88.506 Y54.413 E0.00585
G1 X88.518 Y54.637 E0.00294
G1 X88.526 Y54.864 E0.00298
G1 X88.526 Y55.334 E0.00616
G1 X88.505 Y55.781 E0.00587
G1 X88.489 Y55.987 E0.00271
G1 X88.437 Y56.447 E0.00607
G1 X88.375 Y56.863 E0.00552
G1 X88.279 Y57.33 E0.00625
G1 X88.175 Y57.753 E0.00571
G1 X88.112 Y57.97 E0.00296
G1 X87.983 Y58.381 E0.00565
G1 X87.822 Y58.826 E0.00621
G1 X87.651 Y59.234 E0.0058
G1 X87.563 Y59.424 E0.00275
G1 X87.358 Y59.84 E0.00608
G1 X87.26 Y60.025 E0.00275
G1 X87.025 Y60.426 E0.00609
G1 X86.791 Y60.795 E0.00573
G1 X86.416 Y61.32 E0.00846
G1 X86.134 Y61.663 E0.00582
G1 X85.972 Y61.853 E0.00327
G1 X85.718 Y62.134 E0.00497
G1 X85.514 Y62.343 E0.00383
G1 X85.377 Y62.477 E0.00251
G1 X85.039 Y62.786 E0.00601
G1 X84.705 Y63.066 E0.00572
G1 X84.506 Y63.22 E0.0033
G1 X84.157 Y63.479 E0.0057
G1 X83.833 Y63.694 E0.0051
G1 X83.596 Y63.841 E0.00366
G1 X83.217 Y64.06 E0.00574
G1 X82.824 Y64.269 E0.00584
G1 X82.413 Y64.459 E0.00594
G1 X82.213 Y64.545 E0.00285
G1 X81.782 Y64.712 E0.00606
G1 X81.56 Y64.787 E0.00307
G1 X81.153 Y64.915 E0.00559
G1 X80.94 Y64.976 E0.00291
G1 X80.718 Y65.034 E0.00301
G1 X80.281 Y65.128 E0.00586
G1 X79.844 Y65.205 E0.00582
G1 X79.4 Y65.266 E0.00588
G1 X78.955 Y65.302 E0.00585
G1 X78.512 Y65.322 E0.00581
G0 F18000 X78.312 Y65.325
G1 F1800 E-3.5
;MESH:Full_Asse_Dielectric_Part.STL
G0 F18000 X78.317 Y66.026
G0 X80.796 Y66.351
G0 X81.08 Y67.772
G0 X85.154 Y96.21
G0 X135.039 Y97.421
;TYPE:SKIN
G1 F1800 E3.52079
G1 F8400 X135.079 Y97.421 E0.00066
G1 X135.079 Y97.461
G1 X135.079 Y97.998 E0.00891
G1 X134.502 Y97.421 E0.01354
G1 X133.964 Y97.421 E0.00892
G1 X135.079 Y98.535 E0.02615
G1 X135.079 Y99.073 E0.00892
G1 X133.427 Y97.421 E0.03876
G1 X132.889 Y97.421 E0.00892
G1 X135.079 Y99.61 E0.05136
G1 X135.079 Y100.148 E0.00892
G1 X132.352 Y97.421 E0.06397
G1 X131.815 Y97.421 E0.00891
G1 X135.079 Y100.685 E0.07657
G1 X135.079 Y101.222 E0.00891
G1 X131.277 Y97.421 E0.08918
G1 X130.74 Y97.421 E0.00891
G1 X135.079 Y101.76 E0.10179
G1 X135.079 Y102.297 E0.00891
G1 X130.202 Y97.421 E0.1144
G1 X129.665 Y97.421 E0.00891
G1 X135.079 Y102.835 E0.12701
G1 X135.079 Y103.372 E0.00891
G1 X129.128 Y97.421 E0.13961
G1 X128.59 Y97.421 E0.00892
G1 X135.079 Y103.909 E0.15222
G1 X135.079 Y104.447 E0.00892
G1 X128.053 Y97.421 E0.16483
G1 X127.515 Y97.421 E0.00892
G1 X135.079 Y104.984 E0.17744
G1 X135.079 Y105.522 E0.00892
G1 X126.978 Y97.421 E0.19005
G1 X126.441 Y97.421 E0.00891
G1 X135.079 Y106.059 E0.20264
G1 X135.079 Y106.596 E0.00891
G1 X125.903 Y97.421 E0.21525
G1 X125.366 Y97.421 E0.00891
G1 X135.079 Y107.134 E0.22786
G1 X135.079 Y107.671 E0.00891
G1 X124.828 Y97.421 E0.24047
G1 X124.291 Y97.421 E0.00891
G1 X135.079 Y108.209 E0.25308
G1 X135.079 Y108.746 E0.00891
G1 X123.754 Y97.421 E0.26568
G1 X123.216 Y97.421 E0.00892
G1 X135.079 Y109.283 E0.27829
G1 X135.079 Y109.821 E0.00892
G1 X122.679 Y97.421 E0.2909
G1 X122.141 Y97.421 E0.00892
G1 X128.848 Y104.128 E0.15734
G1 X128.597 Y103.983 E0.00481
G1 X128.556 Y104.037 E0.00112
G1 X128.22 Y104.037 E0.00557
G1 X121.604 Y97.421 E0.15521
G1 X121.067 Y97.421 E0.00891
G1 X127.682 Y104.037 E0.1552
G1 X127.145 Y104.037 E0.00891
G1 X120.529 Y97.421 E0.15521
G1 X119.992 Y97.421 E0.00891
G1 X126.74 Y104.17 E0.15832
G1 X126.4 Y104.366 E0.00651
G1 X119.454 Y97.421 E0.16294
G1 X118.917 Y97.421 E0.00891
G0 F18000 X118.917 Y98.14
G0 X130.19 Y104.074
G0 X129.829 Y104.696
G1 F8400 X129.928 Y104.93 E0.00421
G1 X129.769 Y105.048 E0.00328
G1 X135.079 Y110.358 E0.12457
G1 X135.079 Y110.896 E0.00892
G1 X129.263 Y105.08 E0.13644
G1 X128.725 Y105.08 E0.00892
G1 X135.079 Y111.433 E0.14905
G1 X135.079 Y111.97 E0.00891
G1 X128.188 Y105.08 E0.16165
G1 X127.65 Y105.08 E0.00892
G1 X135.079 Y112.508 E0.17427
G1 X135.079 Y113.045 E0.00891
G1 X127.113 Y105.08 E0.18687
G1 X126.576 Y105.08 E0.00891
G1 X135.079 Y113.583 E0.19948
G1 X135.079 Y114.12 E0.00891
G0 F18000 X134.39 Y113.642
G0 X124.935 Y105.127
G0 X118.917 Y98.14
G0 X118.917 Y97.421
G1 F8400 X126.059 Y104.563 E0.16755
G1 X125.833 Y104.694 E0.00433
G1 X125.778 Y104.819 E0.00227
G1 X118.38 Y97.421 E0.17355
G0 F18000 X118.38 Y98.14
G0 X124.935 Y105.127
G0 X125.633 Y105.674
G0 X126.038 Y105.798
G0 X126.038 Y105.08
G1 F8400 X135.079 Y114.12 E0.21209
G0 F18000 X134.39 Y113.642
G0 X125.935 Y105.798
G0 X125.935 Y105.08
G1 F8400 X125.731 Y104.924 E0.00426
G1 X125.778 Y104.819 E0.00191
G0 F18000 X125.121 Y104.531
G0 X118.38 Y98.14
G0 X118.38 Y97.421
G1 F8400 X117.842 Y97.421 E0.00892
G1 X134.915 Y114.493 E0.40052
G1 X134.54 Y114.277 E0.00718
G1 X134.499 Y114.331 E0.00112
G1 X134.215 Y114.331 E0.00471
G1 X117.305 Y97.421 E0.3967
G1 X116.767 Y97.421 E0.00892
G1 X133.677 Y114.331 E0.3967
G1 X133.14 Y114.331 E0.00891
G1 X116.23 Y97.421 E0.3967
G1 X115.693 Y97.421 E0.00891
G1 X132.716 Y114.445 E0.39937
G1 X132.375 Y114.641 E0.00652
G1 X115.155 Y97.421 E0.40398
G1 X114.618 Y97.421 E0.00891
G0 F18000 X114.618 Y98.14
G0 X131.369 Y115.295
G0 X131.747 Y115.596
G0 X134.79 Y115.662
G0 X135.079 Y115.373
G1 F8400 X134.719 Y115.373 E0.00597
G1 X135.079 Y115.733 E0.00845
G1 X135.079 Y116.27 E0.00891
G1 X134.182 Y115.373 E0.02104
G1 X133.645 Y115.373 E0.00891
G1 X135.079 Y116.808 E0.03365
G1 X135.079 Y117.345 E0.00891
G1 X133.107 Y115.373 E0.04626
G1 X132.57 Y115.373 E0.00891
G1 X135.079 Y117.882 E0.05886
G1 X135.079 Y118.42 E0.00892
G0 F18000 X134.36 Y118.42
G0 X130.878 Y115.421
G0 X114.618 Y98.14
G0 X114.618 Y97.421
G1 F8400 X132.035 Y114.838 E0.4086
G1 X131.776 Y114.988 E0.00496
G1 X131.737 Y115.077 E0.00161
G1 X114.08 Y97.421 E0.41422
G0 F18000 X114.08 Y98.14
G0 X130.878 Y115.421
G0 X131.576 Y115.968
G0 X131.878 Y116.092
G0 X131.878 Y115.373
G1 F8400 X131.674 Y115.218 E0.00425
G1 X131.737 Y115.077 E0.00256
G0 F18000 X132.032 Y115.373
G1 F8400 X135.079 Y118.42 E0.07148
G0 F18000 X134.36 Y118.42
G0 X130.878 Y115.421
G0 X114.08 Y98.14
G0 X114.08 Y97.421
G1 F8400 X113.543 Y97.421 E0.00891
G1 X135.079 Y118.957 E0.50523
G1 X135.079 Y119.495 E0.00892
G1 X113.006 Y97.421 E0.51784
G1 X112.468 Y97.421 E0.00892
G1 X135.079 Y120.032 E0.53045
G1 X135.079 Y120.569 E0.00891
G1 X111.931 Y97.421 E0.54304
G1 X111.393 Y97.421 E0.00892
G1 X135.079 Y121.107 E0.55567
G1 X135.079 Y121.644 E0.00891
G1 X110.856 Y97.421 E0.56826
G1 X110.319 Y97.421 E0.00891
G1 X117.115 Y104.217 E0.15943
G1 X116.71 Y103.984 E0.00775
G1 X116.669 Y104.037 E0.00111
G1 X116.397 Y104.037 E0.00451
G1 X109.781 Y97.421 E0.15521
G1 X109.244 Y97.421 E0.00891
G1 X115.859 Y104.037 E0.1552
G1 X115.322 Y104.037 E0.00891
G1 X108.706 Y97.421 E0.15521
G1 X108.169 Y97.421 E0.00891
G1 X114.894 Y104.146 E0.15777
G1 X114.553 Y104.342 E0.00652
G1 X107.632 Y97.421 E0.16236
G1 X107.094 Y97.421 E0.00892
G0 F18000 X107.094 Y98.14
G0 X118.302 Y104.073
G0 X117.942 Y104.695
G1 F8400 X118.041 Y104.93 E0.00423
G1 X117.919 Y105.022 E0.00253
G1 X135.079 Y122.182 E0.40257
G1 X135.079 Y122.579 E0.00659
G1 X134.939 Y122.579 E0.00232
G1 X117.44 Y105.08 E0.41052
G1 X116.902 Y105.08 E0.00892
G1 X134.402 Y122.579 E0.41053
G1 X133.865 Y122.579 E0.00891
G1 X116.365 Y105.08 E0.41053
G1 X115.828 Y105.08 E0.00891
G1 X133.327 Y122.579 E0.41052
G1 X132.79 Y122.579 E0.00891
G1 X115.29 Y105.08 E0.41053
G1 X114.753 Y105.08 E0.00891
G1 X132.252 Y122.579 E0.41052
G1 X131.715 Y122.579 E0.00891
G0 F18000 X131.715 Y121.86
G0 X124.412 Y114.535
G0 X113.047 Y105.127
G0 X107.094 Y98.14
G0 X107.094 Y97.421
G1 F8400 X114.213 Y104.539 E0.167
G1 X113.945 Y104.694 E0.00514
G1 X113.91 Y104.774 E0.00145
G1 X106.557 Y97.421 E0.1725
G0 F18000 X106.557 Y98.14
G0 X113.047 Y105.127
G0 X113.822 Y105.735
G0 X114.215 Y105.798
G0 X114.215 Y105.08
G1 F8400 X131.715 Y122.579 E0.41053
G0 F18000 X131.715 Y121.86
G0 X124.412 Y114.535
G0 X114.046 Y105.798
G0 X114.046 Y105.079
G1 F8400 X113.843 Y104.924 E0.00424
G1 X113.91 Y104.774 E0.00273
G0 F18000 X113.253 Y104.486
G0 X106.557 Y98.14
G0 X106.557 Y97.421
G1 F8400 X106.019 Y97.421 E0.00892
G0 F18000 X106.019 Y98.14
G0 X113.047 Y105.127
G0 X124.244 Y114.367
G0 X123.884 Y114.989
G1 F8400 X123.984 Y115.224 E0.00424
G1 X123.891 Y115.293 E0.00192
G1 X131.178 Y122.579 E0.17094
G1 X130.64 Y122.579 E0.00892
G1 X123.434 Y115.373 E0.16905
G0 F18000 X123.434 Y116.092
G0 X124.001 Y116.029
G0 X124.772 Y115.444
G0 X124.412 Y114.535
G0 X123.036 Y113.739
G0 X122.801 Y113.673
G0 X121.42 Y113.681
G0 X106.019 Y98.14
G0 X106.019 Y97.421
G1 F8400 X123.179 Y114.581 E0.40257
G1 X122.653 Y114.277 E0.01008
G1 X122.612 Y114.331 E0.00112
G1 X122.392 Y114.331 E0.00365
G1 X105.482 Y97.421 E0.3967
G1 X104.945 Y97.421 E0.00891
G1 X121.854 Y114.331 E0.39669
G1 X121.317 Y114.331 E0.00891
G1 X104.407 Y97.421 E0.3967
G1 X103.87 Y97.421 E0.00891
G1 X120.87 Y114.421 E0.39881
G1 X120.529 Y114.618 E0.00653
G1 X103.332 Y97.421 E0.40344
G1 X102.795 Y97.421 E0.00891
G1 X120.188 Y114.814 E0.40803
G0 F18000 X119.83 Y114.193
G0 X119.374 Y114.529
G0 X118.991 Y115.421
G0 X119.766 Y116.029
G0 X123.434 Y116.092
G0 X123.434 Y115.373
G1 F8400 X122.897 Y115.373 E0.00891
G1 X130.103 Y122.579 E0.16905
G1 X129.565 Y122.579 E0.00892
G1 X122.359 Y115.373 E0.16905
G1 X121.822 Y115.373 E0.00891
G1 X129.028 Y122.579 E0.16905
G1 X128.49 Y122.579 E0.00892
G1 X121.284 Y115.373 E0.16905
G1 X120.747 Y115.373 E0.00891
G1 X127.953 Y122.579 E0.16905
G1 X127.416 Y122.579 E0.00891
G0 F18000 X127.416 Y121.86
G0 X118.991 Y115.421
G0 X119.374 Y114.529
G0 X119.83 Y114.193
G0 X120.188 Y114.814
G1 F8400 X119.889 Y114.988 E0.00574
G1 X119.869 Y115.033 E0.00082
G0 F18000 X120.21 Y115.373
G1 F8400 X127.416 Y122.579 E0.16905
G0 F18000 X127.416 Y121.86
G0 X118.991 Y115.421
G0 X119.212 Y114.745
G0 X119.869 Y115.033
G1 F8400 X102.258 Y97.421 E0.41316
G1 X101.72 Y97.421 E0.00892
G0 F18000 X101.72 Y98.14
G0 X119.212 Y114.745
G0 X119.869 Y115.033
G1 F8400 X119.787 Y115.218 E0.00336
G1 X119.99 Y115.373 E0.00424
G0 F18000 X119.99 Y116.092
G0 X119.766 Y116.029
G0 X119.138 Y115.537
G0 X101.72 Y98.14
G0 X101.72 Y97.421
G1 F8400 X126.878 Y122.579 E0.5902
G1 X126.341 Y122.579 E0.00891
G1 X101.183 Y97.421 E0.5902
G1 X100.645 Y97.421 E0.00892
G1 X125.803 Y122.579 E0.5902
G1 X125.266 Y122.579 E0.00891
G1 X100.108 Y97.421 E0.5902
G1 X99.571 Y97.421 E0.00891
G1 X124.729 Y122.579 E0.5902
G1 X124.191 Y122.579 E0.00892
G1 X99.033 Y97.421 E0.5902
G1 X98.496 Y97.421 E0.00891
G1 X105.38 Y104.305 E0.1615
G0 F18000 X106.128 Y104.736
G1 F8400 X106.107 Y104.813 E0.00132
G1 X106.161 Y104.924 E0.00205
G1 X106.069 Y104.994 E0.00192
G1 X123.654 Y122.579 E0.41254
G0 F18000 X123.654 Y121.86
G0 X106.582 Y104.241
G0 X105.739 Y103.684
G0 X105.38 Y104.305
G1 F8400 X104.953 Y104.059 E0.00817
G1 X104.882 Y104.037 E0.00123
G1 X104.574 Y104.037 E0.00511
G0 F18000 X104.574 Y103.318
G0 X105.205 Y103.445
G0 X106.582 Y104.241
G0 X123.654 Y121.86
G0 X123.654 Y122.579
G1 F8400 X123.116 Y122.579 E0.00892
G1 X105.616 Y105.079 E0.41054
G0 F18000 X105.616 Y105.798
G0 X106.171 Y105.735
G0 X106.942 Y105.15
G0 X106.582 Y104.241
G0 X105.205 Y103.445
G0 X104.574 Y103.318
G0 X104.574 Y104.037
G1 F8400 X97.958 Y97.421 E0.15521
G1 X97.421 Y97.421 E0.00891
G1 X104.037 Y104.037 E0.15521
G1 X103.499 Y104.037 E0.00892
G1 X96.884 Y97.421 E0.1552
G1 X96.346 Y97.421 E0.00892
G1 X103.047 Y104.122 E0.1572
G1 X102.707 Y104.319 E0.00652
G1 X95.809 Y97.421 E0.16182
G1 X95.271 Y97.421 E0.00892
G1 X102.366 Y104.516 E0.16645
G0 F18000 X102.007 Y103.894
G0 X101.543 Y104.235
G0 X101.16 Y105.127
G0 X101.935 Y105.735
G0 X105.616 Y105.798
G0 X105.616 Y105.079
G1 F8400 X105.079 Y105.079 E0.00891
G1 X122.579 Y122.579 E0.41054
G1 X122.042 Y122.579 E0.00891
G1 X104.541 Y105.079 E0.41056
G1 X104.004 Y105.079 E0.00891
G1 X121.504 Y122.579 E0.41054
G1 X120.967 Y122.579 E0.00891
G1 X103.467 Y105.079 E0.41054
G1 X102.929 Y105.079 E0.00892
G1 X120.429 Y122.579 E0.41054
G1 X119.892 Y122.579 E0.00891
G0 F18000 X119.892 Y121.86
G0 X103.641 Y105.727
G0 X101.935 Y105.735
G0 X101.16 Y105.127
G0 X101.543 Y104.235
G0 X102.007 Y103.894
G0 X102.366 Y104.516
G1 F8400 X102.058 Y104.694 E0.0059
G1 X102.043 Y104.73 E0.00065
G1 X94.734 Y97.421 E0.17147
G0 F18000 X94.734 Y98.14
G0 X101.16 Y105.127
G0 X101.935 Y105.735
G0 X102.392 Y105.798
G0 X102.392 Y105.079
G1 F8400 X119.892 Y122.579 E0.41054
G0 F18000 X119.892 Y121.86
G0 X112.525 Y114.535
G0 X102.16 Y105.798
G0 X102.16 Y105.079
G1 F8400 X101.956 Y104.924 E0.00425
G1 X102.043 Y104.73 E0.00353
G0 F18000 X101.385 Y104.442
G0 X94.734 Y98.14
G0 X94.734 Y97.421
G1 F8400 X94.197 Y97.421 E0.00891
G0 F18000 X94.197 Y98.14
G0 X101.16 Y105.127
G0 X112.358 Y114.367
G0 X111.998 Y114.989
G1 F8400 X112.097 Y115.224 E0.00423
G1 X112.041 Y115.265 E0.00115
G1 X119.355 Y122.579 E0.17158
G0 F18000 X119.355 Y121.86
G0 X112.525 Y114.535
G0 X101.16 Y105.127
G0 X94.197 Y98.14
G0 X94.197 Y97.421
G1 F8400 X111.445 Y114.669 E0.40463
G1 X110.765 Y114.277 E0.01302
G1 X110.725 Y114.331 E0.00111
G1 X110.57 Y114.331 E0.00257
G0 F18000 X110.57 Y113.612
G0 X111.149 Y113.739
G0 X112.525 Y114.535
G0 X119.355 Y121.86
G0 X119.355 Y122.579
G1 F8400 X118.817 Y122.579 E0.00892
G1 X111.611 Y115.373 E0.16905
G0 F18000 X111.611 Y116.092
G0 X112.114 Y116.029
G0 X112.885 Y115.444
G0 X112.525 Y114.535
G0 X111.149 Y113.739
G0 X110.57 Y113.612
G0 X110.57 Y114.331
G1 F8400 X93.659 Y97.421 E0.39671
G1 X93.122 Y97.421 E0.00891
G1 X110.032 Y114.331 E0.3967
G1 X109.495 Y114.331 E0.00891
G1 X92.584 Y97.421 E0.39671
G1 X92.047 Y97.421 E0.00891
G1 X109.024 Y114.398 E0.39827
G1 X108.683 Y114.594 E0.00652
G1 X91.51 Y97.421 E0.40287
G1 X90.972 Y97.421 E0.00892
G1 X108.342 Y114.791 E0.40749
G0 F18000 X107.984 Y114.17
G0 X107.487 Y114.529
G0 X107.104 Y115.421
G0 X107.879 Y116.029
G0 X111.611 Y116.092
G0 X111.611 Y115.373
G1 F8400 X111.074 Y115.373 E0.00891
G1 X118.28 Y122.579 E0.16905
G1 X117.742 Y122.579 E0.00892
G1 X110.536 Y115.373 E0.16905
G1 X109.999 Y115.373 E0.00891
G1 X117.205 Y122.579 E0.16905
G1 X116.668 Y122.579 E0.00891
G1 X109.462 Y115.373 E0.16905
G1 X108.924 Y115.373 E0.00892
G1 X116.13 Y122.579 E0.16905
G1 X115.593 Y122.579 E0.00891
G0 F18000 X115.593 Y121.86
G0 X107.104 Y115.421
G0 X107.487 Y114.529
G0 X107.984 Y114.17
G0 X108.342 Y114.791
G1 F8400 X108.002 Y114.988 E0.00652
G1 X90.435 Y97.421 E0.41212
G0 F18000 X90.435 Y98.14
G0 X107.104 Y115.421
G0 X107.879 Y116.029
G0 X108.387 Y116.092
G0 X108.387 Y115.373
G1 F8400 X115.593 Y122.579 E0.16905
G0 F18000 X115.593 Y121.86
G0 X108.104 Y116.092
G0 X108.104 Y115.373
G1 F8400 X107.9 Y115.218 E0.00425
G1 X108.002 Y114.988 E0.00417
G0 F18000 X107.345 Y114.7
G0 X90.435 Y98.14
G0 X90.435 Y97.421
G1 F8400 X89.897 Y97.421 E0.00892
G1 X115.055 Y122.579 E0.5902
G1 X114.518 Y122.579 E0.00891
G1 X89.36 Y97.421 E0.5902
G1 X88.823 Y97.421 E0.00891
G1 X113.981 Y122.579 E0.5902
G1 X113.443 Y122.579 E0.00892
G1 X88.285 Y97.421 E0.5902
G1 X87.748 Y97.421 E0.00891
G1 X112.906 Y122.579 E0.5902
G1 X112.368 Y122.579 E0.00892
G1 X87.21 Y97.421 E0.5902
G1 X86.673 Y97.421 E0.00891
G1 X93.645 Y104.393 E0.16356
G0 F18000 X94.168 Y104.695
G1 F8400 X94.266 Y104.93 E0.00422
G1 X94.218 Y104.966 E0.001
G1 X111.831 Y122.579 E0.4132
G1 X111.294 Y122.579 E0.00891
G1 X93.793 Y105.079 E0.41056
G0 F18000 X93.645 Y104.393
G1 F8400 X92.935 Y103.983 E0.0136
G1 X92.894 Y104.037 E0.00112
G1 X92.751 Y104.037 E0.00237
G1 X86.136 Y97.421 E0.1552
G1 X85.598 Y97.421 E0.00892
G1 X92.214 Y104.037 E0.15521
G1 X91.676 Y104.037 E0.00892
G1 X85.061 Y97.421 E0.1552
G1 X84.921 Y97.421 E0.00232
G1 X84.921 Y97.818 E0.00659
G1 X91.201 Y104.099 E0.14734
G1 X90.86 Y104.295 E0.00652
G1 X84.921 Y98.356 E0.13933
G1 X84.921 Y98.893 E0.00891
G1 X90.52 Y104.492 E0.13135
G0 F18000 X90.161 Y103.871
G0 X89.656 Y104.235
G0 X89.273 Y105.127
G0 X90.048 Y105.735
G0 X93.793 Y105.798
G0 X93.793 Y105.079
G1 F8400 X93.256 Y105.079 E0.00891
G1 X110.756 Y122.579 E0.41054
G1 X110.219 Y122.579 E0.00891
G1 X92.719 Y105.079 E0.41054
G1 X92.181 Y105.079 E0.00892
G1 X109.681 Y122.579 E0.41054
G1 X109.144 Y122.579 E0.00891
G1 X91.644 Y105.079 E0.41054
G1 X91.106 Y105.079 E0.00892
G1 X108.607 Y122.579 E0.41056
G1 X108.069 Y122.579 E0.00892
G0 F18000 X108.069 Y121.86
G0 X91.635 Y105.728
G0 X90.048 Y105.735
G0 X89.273 Y105.127
G0 X89.656 Y104.235
G0 X90.161 Y103.871
G0 X90.52 Y104.492
G1 F8400 X90.179 Y104.689 E0.00653
G1 X84.921 Y99.431 E0.12335
G0 F18000 X85.64 Y99.431
G0 X89.273 Y105.127
G0 X90.048 Y105.735
G0 X90.569 Y105.798
G0 X90.569 Y105.079
G1 F8400 X108.069 Y122.579 E0.41054
G0 F18000 X108.069 Y121.86
G0 X100.638 Y114.535
G0 X90.273 Y105.798
G0 X90.273 Y105.079
G1 F8400 X90.069 Y104.924 E0.00425
G1 X90.171 Y104.694 E0.00417
G1 X90.179 Y104.689 E0.00016
G0 F18000 X89.82 Y104.068
G0 X85.64 Y99.431
G0 X84.921 Y99.431
G1 F8400 X84.921 Y99.968 E0.00891
G0 F18000 X85.64 Y99.968
G0 X89.273 Y105.127
G0 X100.471 Y114.367
G0 X100.111 Y114.989
G1 F8400 X100.21 Y115.224 E0.00423
G1 X100.191 Y115.239 E0.0004
G0 F18000 X100.619 Y115.813
G0 X100.998 Y115.444
G0 X100.638 Y114.535
G0 X89.273 Y105.127
G0 X85.64 Y99.968
G0 X84.921 Y99.968
G1 F8400 X99.709 Y114.756 E0.34692
G0 F18000 X100.191 Y115.239
G1 F8400 X107.532 Y122.579 E0.17221
G0 F18000 X107.532 Y121.86
G0 X100.638 Y114.535
G0 X100.069 Y114.135
G0 X99.709 Y114.756
G1 F8400 X98.879 Y114.277 E0.0159
G1 X98.838 Y114.331 E0.00112
G1 X98.746 Y114.331 E0.00153
G0 F18000 X98.746 Y113.612
G0 X99.262 Y113.739
G0 X100.638 Y114.535
G0 X107.532 Y121.86
G0 X107.532 Y122.579
G1 F8400 X106.994 Y122.579 E0.00892
G1 X99.788 Y115.373 E0.16905
G0 F18000 X99.788 Y116.092
G0 X100.227 Y116.029
G0 X100.998 Y115.444
G0 X100.638 Y114.535
G0 X99.4 Y113.819
G0 X98.746 Y113.612
G0 X98.746 Y114.331
G1 F8400 X84.921 Y100.505 E0.32434
G1 X84.921 Y101.043 E0.00892
G1 X98.209 Y114.331 E0.31173
G1 X97.671 Y114.331 E0.00892
G1 X84.921 Y101.58 E0.29912
G1 X84.921 Y102.118 E0.00892
G1 X97.177 Y114.374 E0.28752
G1 X96.836 Y114.57 E0.00652
G1 X84.921 Y102.655 E0.27952
G1 X84.921 Y103.192 E0.00891
G0 F18000 X85.64 Y103.192
G0 X100.638 Y114.535
G0 X100.998 Y115.444
G0 X100.227 Y116.029
G0 X99.788 Y116.092
G0 X99.788 Y115.373
G1 F8400 X99.251 Y115.373 E0.00891
G1 X106.457 Y122.579 E0.16905
G1 X105.92 Y122.579 E0.00891
G1 X98.714 Y115.373 E0.16905
G1 X98.176 Y115.373 E0.00892
G1 X105.382 Y122.579 E0.16905
G1 X104.845 Y122.579 E0.00891
G1 X97.639 Y115.373 E0.16905
G1 X97.101 Y115.373 E0.00892
G1 X104.307 Y122.579 E0.16905
G1 X103.77 Y122.579 E0.00891
G0 F18000 X103.77 Y121.86
G0 X95.217 Y115.421
G0 X85.64 Y103.192
G0 X84.921 Y103.192
G1 F8400 X96.495 Y114.767 E0.27153
G1 X96.155 Y114.964 E0.00652
G1 X84.921 Y103.73 E0.26355
G0 F18000 X85.64 Y103.73
G0 X95.217 Y115.421
G0 X95.992 Y116.029
G0 X96.564 Y116.092
G0 X96.564 Y115.373
G1 F8400 X103.77 Y122.579 E0.16905
G0 F18000 X103.77 Y121.86
G0 X96.217 Y116.092
G0 X96.217 Y115.373
G1 F8400 X96.013 Y115.218 E0.00425
G1 X96.115 Y114.988 E0.00417
G1 X96.155 Y114.964 E0.00077
G0 F18000 X95.797 Y114.343
G0 X85.64 Y103.73
G0 X84.921 Y103.73
G1 F8400 X84.921 Y104.267 E0.00891
G1 X103.233 Y122.579 E0.42959
G1 X102.695 Y122.579 E0.00892
G1 X84.921 Y104.805 E0.41697
G1 X84.921 Y105.342 E0.00891
G1 X102.158 Y122.579 E0.40437
G1 X101.62 Y122.579 E0.00892
G1 X84.921 Y105.879 E0.39176
G1 X84.921 Y106.417 E0.00892
G1 X101.083 Y122.579 E0.37916
G1 X100.546 Y122.579 E0.00891
G1 X84.921 Y106.954 E0.36656
G1 X84.921 Y107.492 E0.00892
G1 X100.008 Y122.579 E0.35394
G1 X99.471 Y122.579 E0.00891
G1 X84.921 Y108.029 E0.34134
G1 X84.921 Y108.566 E0.00891
G1 X98.933 Y122.579 E0.32873
G1 X98.396 Y122.579 E0.00891
G1 X84.921 Y109.104 E0.31612
G1 X84.921 Y109.641 E0.00891
G1 X97.859 Y122.579 E0.30352
G1 X97.321 Y122.579 E0.00892
G1 X84.921 Y110.179 E0.2909
G1 X84.921 Y110.716 E0.00891
G1 X96.784 Y122.579 E0.2783
G1 X96.246 Y122.579 E0.00892
G1 X84.921 Y111.253 E0.26569
G1 X84.921 Y111.791 E0.00892
G1 X87.975 Y114.845 E0.07165
G0 F18000 X88.299 Y115.169
G1 F8400 X95.709 Y122.579 E0.17384
G1 X95.172 Y122.579 E0.00891
G0 F18000 X95.172 Y121.86
G0 X88.751 Y114.535
G0 X88.335 Y114.223
G0 X87.975 Y114.845
G1 F8400 X86.993 Y114.277 E0.01882
G1 X86.951 Y114.331 E0.00113
G1 X86.924 Y114.331 E0.00045
G1 X84.921 Y112.328 E0.04699
G1 X84.921 Y112.866 E0.00892
G1 X86.387 Y114.331 E0.03438
G1 X85.849 Y114.331 E0.00892
G1 X84.921 Y113.403 E0.02177
G1 X84.921 Y113.94 E0.00891
G1 X85.331 Y114.35 E0.00962
G1 X84.99 Y114.547 E0.00653
G1 X84.921 Y114.478 E0.00162
G0 F18000 X85.19 Y114.124
G0 X85.367 Y114.073
G0 X87.218 Y114.111
G0 X88.31 Y114.742
G0 X95.172 Y121.86
G0 X95.172 Y122.579
G1 F8400 X87.965 Y115.373 E0.16906
G1 X87.428 Y115.373 E0.00891
G1 X94.634 Y122.579 E0.16905
G1 X94.097 Y122.579 E0.00891
G1 X86.891 Y115.373 E0.16905
G1 X86.353 Y115.373 E0.00892
G1 X93.559 Y122.579 E0.16905
G1 X93.022 Y122.579 E0.00891
G1 X85.816 Y115.373 E0.16905
G1 X85.278 Y115.373 E0.00892
G1 X92.485 Y122.579 E0.16906
G1 X91.947 Y122.579 E0.00892
G1 X84.921 Y115.553 E0.16483
G1 X84.921 Y116.09 E0.00891
G1 X91.41 Y122.579 E0.15223
G1 X90.872 Y122.579 E0.00892
G1 X84.921 Y116.627 E0.13962
G1 X84.921 Y117.165 E0.00892
G1 X90.335 Y122.579 E0.12701
G1 X89.798 Y122.579 E0.00891
G1 X84.921 Y117.702 E0.11441
G1 X84.921 Y118.24 E0.00892
G1 X89.26 Y122.579 E0.10179
G1 X88.723 Y122.579 E0.00891
G1 X84.921 Y118.777 E0.08919
G1 X84.921 Y119.314 E0.00891
G1 X88.185 Y122.579 E0.07658
G1 X87.648 Y122.579 E0.00891
G1 X84.921 Y119.852 E0.06397
G1 X84.921 Y120.389 E0.00891
G1 X87.111 Y122.579 E0.05138
G1 X86.573 Y122.579 E0.00892
G1 X84.921 Y120.927 E0.03876
G1 X84.921 Y121.464 E0.00891
G1 X86.036 Y122.579 E0.02616
G1 X85.498 Y122.579 E0.00892
G1 X84.921 Y122.001 E0.01355
G1 X84.921 Y122.539 E0.00892
G0 F18000 X85.808 Y121.58
G1 F1800 E-3.5
;MESH:Full_Asse_Dielectric_Part.STL
G0 F18000 X100.094 Y115.629
G0 X134.84 Y97.71
G0 X137.16 Y97.71
G0 X187.079 Y97.421
G1 F1800 E3.52079
G1 F8400 X186.63 Y97.421 E0.00745
G1 X187.079 Y97.871 E0.01055
G1 X187.079 Y98.408 E0.00891
G1 X186.092 Y97.421 E0.02315
G1 X185.555 Y97.421 E0.00891
G1 X187.079 Y98.945 E0.03575
G1 X187.079 Y99.483 E0.00892
G1 X185.017 Y97.421 E0.04837
G1 X184.48 Y97.421 E0.00891
G1 X187.079 Y100.02 E0.06097
G1 X187.079 Y100.558 E0.00892
G1 X183.943 Y97.421 E0.07358
G1 X183.405 Y97.421 E0.00892
G1 X187.079 Y101.095 E0.08619
G1 X187.079 Y101.632 E0.00891
G1 X182.868 Y97.421 E0.09879
G1 X182.33 Y97.421 E0.00892
G1 X187.079 Y102.17 E0.11141
G1 X187.079 Y102.707 E0.00891
G1 X181.793 Y97.421 E0.12401
G1 X181.256 Y97.421 E0.00891
G1 X187.079 Y103.245 E0.13662
G1 X187.079 Y103.782 E0.00891
G1 X180.718 Y97.421 E0.14923
G1 X180.181 Y97.421 E0.00891
G1 X187.079 Y104.319 E0.16182
G1 X187.079 Y104.857 E0.00892
G1 X179.643 Y97.421 E0.17445
G1 X179.106 Y97.421 E0.00891
G1 X187.079 Y105.394 E0.18704
G1 X187.079 Y105.932 E0.00892
G1 X178.569 Y97.421 E0.19965
G1 X178.031 Y97.421 E0.00892
G1 X187.079 Y106.469 E0.21226
G1 X187.079 Y107.006 E0.00891
G1 X177.494 Y97.421 E0.22486
G1 X176.956 Y97.421 E0.00892
G1 X187.079 Y107.544 E0.23748
G1 X187.079 Y108.081 E0.00891
G1 X176.419 Y97.421 E0.25008
G1 X175.881 Y97.421 E0.00892
G1 X187.079 Y108.619 E0.2627
G1 X187.079 Y109.156 E0.00891
G1 X175.344 Y97.421 E0.2753
G1 X174.807 Y97.421 E0.00891
G1 X187.079 Y109.693 E0.2879
G1 X187.079 Y110.231 E0.00892
G0 F18000 X186.36 Y110.231
G0 X183.116 Y105.379
G0 X182.189 Y104.073
G0 X181.829 Y104.695
G1 F8400 X181.928 Y104.93 E0.00423
G1 X181.842 Y104.994 E0.00178
G0 F18000 X182.271 Y105.569
G0 X186.36 Y110.231
G0 X187.079 Y110.231
G1 F8400 X181.842 Y104.994 E0.12286
G0 F18000 X181.152 Y104.304
G1 F8400 X174.269 Y97.421 E0.16147
G0 F18000 X174.269 Y98.14
G0 X182.356 Y104.241
G0 X182.716 Y105.15
G0 X182.271 Y105.569
G0 X181.842 Y104.994
G1 F8400 X181.726 Y105.079 E0.00239
G1 X181.39 Y105.079 E0.00557
G0 F18000 X181.39 Y105.798
G0 X181.945 Y105.735
G0 X182.716 Y105.15
G0 X182.356 Y104.241
G0 X174.269 Y98.14
G0 X174.269 Y97.421
G1 F8400 X173.732 Y97.421 E0.00891
G1 X180.348 Y104.037 E0.15521
G1 X179.811 Y104.037 E0.00891
G1 X173.194 Y97.421 E0.15522
G1 X172.657 Y97.421 E0.00891
G1 X179.273 Y104.037 E0.15521
G1 X179.006 Y104.037 E0.00443
G1 X178.94 Y104.055 E0.00113
G1 X178.822 Y104.123 E0.00226
G1 X172.12 Y97.421 E0.15723
G1 X171.582 Y97.421 E0.00892
G1 X178.481 Y104.319 E0.16184
G0 F18000 X178.123 Y103.698
G0 X177.318 Y104.235
G0 X176.935 Y105.127
G0 X177.71 Y105.735
G0 X181.39 Y105.798
G0 X181.39 Y105.079
G1 F8400 X187.079 Y110.768 E0.13346
G1 X187.079 Y111.306 E0.00892
G1 X180.852 Y105.079 E0.14608
G1 X180.315 Y105.079 E0.00891
G1 X187.079 Y111.843 E0.15868
G1 X187.079 Y112.38 E0.00891
G1 X179.778 Y105.079 E0.17128
G1 X179.24 Y105.079 E0.00892
G1 X187.079 Y112.918 E0.1839
G1 X187.079 Y113.455 E0.00891
G1 X178.703 Y105.079 E0.1965
G0 F18000 X178.481 Y104.319
G1 F8400 X178.14 Y104.516 E0.00653
G1 X171.045 Y97.421 E0.16645
G1 X170.507 Y97.421 E0.00892
G0 F18000 X170.507 Y98.14
G0 X176.935 Y105.127
G0 X177.71 Y105.735
G0 X178.703 Y105.798
G0 X178.703 Y105.079
G1 F8400 X178.165 Y105.079 E0.00892
G0 F18000 X178.165 Y105.798
G0 X177.71 Y105.735
G0 X177.082 Y105.243
G0 X170.507 Y98.14
G0 X170.507 Y97.421
G1 F8400 X177.818 Y104.731 E0.1715
G1 X177.731 Y104.924 E0.00351
G1 X177.935 Y105.079 E0.00425
G0 F18000 X178.165 Y105.079
G1 F8400 X187.079 Y113.993 E0.20912
G1 X187.079 Y114.53 E0.00891
G1 X169.97 Y97.421 E0.40137
G1 X169.433 Y97.421 E0.00891
G1 X186.343 Y114.331 E0.3967
G1 X185.806 Y114.331 E0.00891
G1 X168.895 Y97.421 E0.39671
G1 X168.358 Y97.421 E0.00891
G1 X185.268 Y114.331 E0.3967
G1 X184.949 Y114.331 E0.00529
G1 X184.883 Y114.349 E0.00113
G1 X184.797 Y114.398 E0.00164
G1 X167.82 Y97.421 E0.39827
G1 X167.283 Y97.421 E0.00891
G1 X184.457 Y114.594 E0.40288
G0 F18000 X184.099 Y113.973
G0 X183.575 Y114.809
G0 X183.369 Y115.295
G0 X183.747 Y115.596
G0 X186.79 Y115.662
G0 X187.079 Y115.373
G1 F8400 X186.847 Y115.373 E0.00385
G1 X187.079 Y115.605 E0.00544
G0 F18000 X186.847 Y115.373
G1 F8400 X186.31 Y115.373 E0.00891
G1 X187.079 Y116.142 E0.01804
G1 X187.079 Y116.68 E0.00892
G1 X185.773 Y115.373 E0.03065
G1 X185.235 Y115.373 E0.00892
G1 X187.079 Y117.217 E0.04326
G1 X187.079 Y117.754 E0.00891
G1 X184.698 Y115.373 E0.05586
G0 F18000 X184.457 Y114.594
G1 F8400 X184.116 Y114.791 E0.00653
G1 X166.746 Y97.421 E0.40749
G1 X166.208 Y97.421 E0.00892
G0 F18000 X166.208 Y98.14
G0 X182.878 Y115.421
G0 X183.653 Y116.029
G0 X184.698 Y116.092
G0 X184.698 Y115.373
G1 F8400 X184.16 Y115.373 E0.00892
G0 F18000 X184.16 Y116.092
G0 X183.653 Y116.029
G0 X183.025 Y115.537
G0 X166.208 Y98.14
G0 X166.208 Y97.421
G1 F8400 X183.776 Y114.988 E0.41213
G1 X183.675 Y115.218 E0.00417
G1 X183.877 Y115.373 E0.00422
G0 F18000 X184.16 Y115.373
G1 F8400 X187.079 Y118.292 E0.06848
G1 X187.079 Y118.829 E0.00891
G1 X165.671 Y97.421 E0.50222
G1 X165.133 Y97.421 E0.00892
G1 X187.079 Y119.367 E0.51485
G1 X187.079 Y119.904 E0.00891
G1 X164.596 Y97.421 E0.52744
G1 X164.059 Y97.421 E0.00891
G1 X187.079 Y120.441 E0.54004
G1 X187.079 Y120.979 E0.00892
G1 X163.521 Y97.421 E0.55266
G1 X162.984 Y97.421 E0.00891
G1 X187.079 Y121.516 E0.56526
G1 X187.079 Y122.054 E0.00892
G0 F18000 X186.39 Y121.89
G0 X170.303 Y104.074
G0 X169.943 Y104.695
G1 F8400 X170.041 Y104.93 E0.00422
G1 X169.993 Y104.967 E0.00101
G0 F18000 X170.421 Y105.541
G0 X186.39 Y121.89
G0 X187.079 Y122.054
G1 F8400 X169.993 Y104.967 E0.40084
G1 X169.84 Y105.079 E0.00315
G1 X169.567 Y105.079 E0.00453
G0 F18000 X169.416 Y104.391
G1 F8400 X162.446 Y97.421 E0.16351
G1 X161.909 Y97.421 E0.00891
G1 X168.525 Y104.037 E0.15521
G1 X167.987 Y104.037 E0.00892
G1 X161.372 Y97.421 E0.1552
G1 X160.834 Y97.421 E0.00892
G1 X167.45 Y104.037 E0.15521
G1 X167.117 Y104.037 E0.00552
G1 X167.049 Y104.057 E0.00118
G1 X166.975 Y104.1 E0.00142
G1 X160.297 Y97.421 E0.15668
G1 X159.759 Y97.421 E0.00892
G1 X166.635 Y104.296 E0.1613
G0 F18000 X166.276 Y103.674
G0 X165.43 Y104.235
G0 X165.047 Y105.127
G0 X165.822 Y105.735
G0 X169.567 Y105.798
G0 X169.567 Y105.079
G1 F8400 X187.067 Y122.579 E0.41054
G1 X186.53 Y122.579 E0.00891
G1 X169.03 Y105.079 E0.41054
G1 X168.492 Y105.079 E0.00892
G1 X185.992 Y122.579 E0.41054
G1 X185.455 Y122.579 E0.00891
G1 X167.955 Y105.079 E0.41054
G1 X167.417 Y105.079 E0.00892
G1 X184.918 Y122.579 E0.41056
G1 X184.38 Y122.579 E0.00892
G1 X166.88 Y105.079 E0.41054
G0 F18000 X166.635 Y104.296
G1 F8400 X166.294 Y104.493 E0.00653
G1 X159.222 Y97.421 E0.16591
G1 X158.685 Y97.421 E0.00891
G0 F18000 X158.685 Y98.14
G0 X165.047 Y105.127
G0 X165.822 Y105.735
G0 X166.88 Y105.798
G0 X166.88 Y105.079
G1 F8400 X166.343 Y105.079 E0.00891
G1 X183.843 Y122.579 E0.41054
G0 F18000 X183.843 Y121.86
G0 X176.412 Y114.535
G0 X165.047 Y105.127
G0 X158.685 Y98.14
G0 X158.685 Y97.421
G1 F8400 X165.953 Y104.689 E0.1705
G1 X165.945 Y104.694 E0.00016
G1 X165.843 Y104.924 E0.00417
G1 X166.047 Y105.079 E0.00425
G0 F18000 X166.047 Y105.798
G0 X176.412 Y114.535
G0 X183.843 Y121.86
G0 X183.843 Y122.579
G1 F8400 X183.305 Y122.579 E0.00892
G0 F18000 X183.305 Y121.86
G0 X176.245 Y114.367
G0 X175.885 Y114.989
G1 F8400 X175.984 Y115.224 E0.00423
G1 X175.965 Y115.239 E0.0004
G0 F18000 X175.483 Y114.756
G1 F8400 X158.147 Y97.421 E0.40669
G0 F18000 X158.147 Y98.14
G0 X165.047 Y105.127
G0 X176.412 Y114.535
G0 X183.305 Y121.86
G0 X183.305 Y122.579
G1 F8400 X175.965 Y115.239 E0.17219
G1 X175.783 Y115.373 E0.00375
G1 X175.562 Y115.373 E0.00367
G0 F18000 X175.562 Y116.092
G0 X176.001 Y116.029
G0 X176.772 Y115.444
G0 X176.412 Y114.535
G0 X175.036 Y113.739
G0 X174.801 Y113.673
G0 X173.526 Y113.682
G0 X158.147 Y98.14
G0 X158.147 Y97.421
G1 F8400 X157.61 Y97.421 E0.00891
G1 X174.52 Y114.331 E0.3967
G1 X173.983 Y114.331 E0.00891
G1 X157.072 Y97.421 E0.39671
G1 X156.535 Y97.421 E0.00891
G1 X173.446 Y114.331 E0.39671
G1 X173.062 Y114.331 E0.00637
G1 X172.997 Y114.349 E0.00112
G1 X172.951 Y114.375 E0.00088
G1 X155.998 Y97.421 E0.39772
G1 X155.46 Y97.421 E0.00892
G1 X172.61 Y114.571 E0.40233
G0 F18000 X172.251 Y113.95
G0 X171.374 Y114.529
G0 X170.991 Y115.421
G0 X171.766 Y116.029
G0 X175.562 Y116.092
G0 X175.562 Y115.373
G1 F8400 X182.768 Y122.579 E0.16905
G1 X182.231 Y122.579 E0.00891
G1 X175.024 Y115.373 E0.16906
G1 X174.487 Y115.373 E0.00891
G1 X181.693 Y122.579 E0.16905
G1 X181.156 Y122.579 E0.00891
G1 X173.95 Y115.373 E0.16905
G1 X173.412 Y115.373 E0.00892
G1 X180.618 Y122.579 E0.16905
G1 X180.081 Y122.579 E0.00891
G1 X172.875 Y115.373 E0.16905
G0 F18000 X172.61 Y114.571
G1 F8400 X172.27 Y114.768 E0.00652
G1 X154.923 Y97.421 E0.40695
G1 X154.385 Y97.421 E0.00892
G0 F18000 X154.385 Y98.14
G0 X170.991 Y115.421
G0 X171.766 Y116.029
G0 X172.875 Y116.092
G0 X172.875 Y115.373
G1 F8400 X172.337 Y115.373 E0.00892
G1 X179.544 Y122.579 E0.16906
G1 X179.006 Y122.579 E0.00892
G0 F18000 X179.006 Y121.86
G0 X170.991 Y115.421
G0 X154.385 Y98.14
G0 X154.385 Y97.421
G1 F8400 X171.929 Y114.965 E0.41158
G1 X171.889 Y114.988 E0.00077
G1 X171.787 Y115.218 E0.00417
G1 X171.991 Y115.373 E0.00425
G0 F18000 X171.991 Y116.092
G0 X179.006 Y121.86
G0 X179.006 Y122.579
G1 F8400 X153.848 Y97.421 E0.5902
G1 X153.311 Y97.421 E0.00891
G1 X178.469 Y122.579 E0.5902
G1 X177.931 Y122.579 E0.00892
G1 X152.773 Y97.421 E0.5902
G1 X152.236 Y97.421 E0.00891
G1 X177.394 Y122.579 E0.5902
G1 X176.857 Y122.579 E0.00891
G1 X151.698 Y97.421 E0.59021
G1 X151.161 Y97.421 E0.00891
G1 X176.319 Y122.579 E0.5902
G1 X175.782 Y122.579 E0.00891
G0 F18000 X175.782 Y121.86
G0 X158.748 Y104.487
G0 X158.127 Y104.736
G1 F8400 X158.108 Y104.813 E0.00132
G1 X158.162 Y104.924 E0.00205
G1 X158.142 Y104.94 E0.00042
G0 F18000 X158.57 Y105.514
G0 X175.782 Y121.86
G0 X175.782 Y122.579
G1 F8400 X158.142 Y104.94 E0.41382
G0 F18000 X157.681 Y104.479
G1 F8400 X150.624 Y97.421 E0.16557
G1 X150.086 Y97.421 E0.00892
G1 X156.702 Y104.037 E0.15521
G1 X156.165 Y104.037 E0.00891
G1 X149.549 Y97.421 E0.15521
G1 X149.011 Y97.421 E0.00892
G1 X155.627 Y104.037 E0.15521
G1 X155.231 Y104.037 E0.00657
G1 X155.165 Y104.055 E0.00113
G1 X155.129 Y104.076 E0.00069
G1 X148.474 Y97.421 E0.15612
G1 X147.937 Y97.421 E0.00891
G1 X154.788 Y104.272 E0.16072
G0 F18000 X154.429 Y103.651
G0 X155.142 Y103.379
G0 X156.97 Y103.379
G0 X157.205 Y103.445
G0 X158.582 Y104.241
G0 X158.942 Y105.15
G0 X158.57 Y105.514
G0 X158.142 Y104.94
G1 F8400 X158.056 Y105.003 E0.00177
G1 X158.053 Y105.018 E0.00025
G1 X158.036 Y105.018 E0.00028
G1 X157.954 Y105.079 E0.0017
G1 X157.744 Y105.079 E0.00348
G1 X175.244 Y122.579 E0.41054
G1 X174.707 Y122.579 E0.00891
G1 X157.207 Y105.079 E0.41054
G1 X156.669 Y105.079 E0.00892
G1 X174.17 Y122.579 E0.41056
G1 X173.632 Y122.579 E0.00892
G1 X156.132 Y105.079 E0.41054
G1 X155.595 Y105.079 E0.00891
G1 X173.095 Y122.579 E0.41054
G1 X172.557 Y122.579 E0.00892
G1 X155.057 Y105.079 E0.41054
G0 F18000 X154.788 Y104.272
G1 F8400 X154.447 Y104.469 E0.00653
G1 X147.399 Y97.421 E0.16534
G1 X146.862 Y97.421 E0.00891
G0 F18000 X146.862 Y98.14
G0 X153.16 Y105.127
G0 X153.935 Y105.735
G0 X155.057 Y105.798
G0 X155.057 Y105.079
G1 F8400 X154.52 Y105.079 E0.00891
G1 X172.02 Y122.579 E0.41054
G0 F18000 X172.02 Y121.86
G0 X164.525 Y114.535
G0 X153.16 Y105.127
G0 X146.862 Y98.14
G0 X146.862 Y97.421
G1 F8400 X154.106 Y104.665 E0.16994
G1 X154.058 Y104.694 E0.00093
G1 X153.956 Y104.924 E0.00417
G1 X154.161 Y105.079 E0.00426
G0 F18000 X154.161 Y105.798
G0 X164.525 Y114.535
G0 X172.02 Y121.86
G0 X172.02 Y122.579
G1 F8400 X171.483 Y122.579 E0.00891
G1 X164.074 Y115.171 E0.1738
G0 F18000 X163.747 Y114.843
G1 F8400 X146.324 Y97.421 E0.40873
G1 X145.787 Y97.421 E0.00891
G1 X162.697 Y114.331 E0.3967
G1 X162.159 Y114.331 E0.00892
G1 X145.25 Y97.421 E0.39669
G1 X144.712 Y97.421 E0.00892
G1 X161.622 Y114.331 E0.3967
G1 X161.175 Y114.331 E0.00742
G1 X161.104 Y114.35 E0.00122
G1 X144.175 Y97.421 E0.39715
G1 X143.637 Y97.421 E0.00892
G1 X160.764 Y114.547 E0.40178
G0 F18000 X160.406 Y113.926
G0 X161.086 Y113.673
G0 X162.914 Y113.673
G0 X163.149 Y113.739
G0 X164.525 Y114.535
G0 X164.74 Y114.903
G0 X164.074 Y115.171
G1 F8400 X164.097 Y115.224 E0.00096
G1 X163.896 Y115.373 E0.00415
G1 X163.739 Y115.373 E0.0026
G1 X170.945 Y122.579 E0.16905
G1 X170.408 Y122.579 E0.00891
G1 X163.202 Y115.373 E0.16905
G1 X162.664 Y115.373 E0.00892
G1 X169.87 Y122.579 E0.16905
G1 X169.333 Y122.579 E0.00891
G1 X162.127 Y115.373 E0.16905
G1 X161.589 Y115.373 E0.00892
G1 X168.796 Y122.579 E0.16906
G1 X168.258 Y122.579 E0.00892
G1 X161.052 Y115.373 E0.16905
G0 F18000 X160.764 Y114.547
G1 F8400 X160.423 Y114.744 E0.00653
G1 X143.1 Y97.421 E0.40639
G1 X142.563 Y97.421 E0.00891
G0 F18000 X142.563 Y98.14
G0 X159.104 Y115.421
G0 X159.879 Y116.029
G0 X161.052 Y116.092
G0 X161.052 Y115.373
G1 F8400 X160.515 Y115.373 E0.00891
G1 X167.721 Y122.579 E0.16905
G0 F18000 X167.721 Y121.86
G0 X159.104 Y115.421
G0 X142.563 Y98.14
G0 X142.563 Y97.421
G1 F8400 X160.083 Y114.941 E0.41101
G1 X160.002 Y114.988 E0.00155
G1 X159.9 Y115.218 E0.00417
G1 X160.105 Y115.373 E0.00426
G0 F18000 X160.105 Y116.092
G0 X167.721 Y121.86
G0 X167.721 Y122.579
G1 F8400 X167.183 Y122.579 E0.00892
G1 X142.025 Y97.421 E0.5902
G1 X141.488 Y97.421 E0.00891
G1 X166.646 Y122.579 E0.5902
G1 X166.109 Y122.579 E0.00891
G1 X140.95 Y97.421 E0.59021
G1 X140.413 Y97.421 E0.00891
G1 X165.571 Y122.579 E0.5902
G1 X165.034 Y122.579 E0.00891
G1 X139.876 Y97.421 E0.5902
G1 X139.338 Y97.421 E0.00892
G1 X164.496 Y122.579 E0.5902
G1 X163.959 Y122.579 E0.00891
G1 X146.233 Y104.853 E0.41585
G0 F18000 X145.949 Y104.569
G1 F8400 X138.801 Y97.421 E0.16769
G1 X138.263 Y97.421 E0.00892
G1 X144.88 Y104.037 E0.15522
G1 X144.342 Y104.037 E0.00892
G1 X137.726 Y97.421 E0.15521
G1 X137.189 Y97.421 E0.00891
G1 X143.805 Y104.037 E0.15521
G1 X143.344 Y104.037 E0.00765
G1 X143.283 Y104.053 E0.00105
G1 X136.921 Y97.691 E0.14925
G1 X136.921 Y98.228 E0.00891
G1 X142.942 Y104.249 E0.14125
G0 F18000 X142.583 Y103.627
G0 X143.255 Y103.379
G0 X145.083 Y103.379
G0 X145.318 Y103.445
G0 X146.694 Y104.241
G0 X146.899 Y104.585
G0 X146.233 Y104.853
G1 F8400 X146.266 Y104.93 E0.00139
G1 X146.065 Y105.08 E0.00416
G1 X145.922 Y105.08 E0.00237
G1 X163.422 Y122.579 E0.41053
G1 X162.884 Y122.579 E0.00892
G1 X145.385 Y105.08 E0.41052
G1 X144.847 Y105.08 E0.00892
G1 X162.347 Y122.579 E0.41053
G1 X161.809 Y122.579 E0.00892
G1 X144.31 Y105.08 E0.41052
G1 X143.772 Y105.08 E0.00892
G1 X161.272 Y122.579 E0.41053
G1 X160.735 Y122.579 E0.00891
G1 X143.235 Y105.08 E0.41053
G0 F18000 X142.942 Y104.249
G1 F8400 X142.601 Y104.445 E0.00652
G1 X136.921 Y98.766 E0.13324
G1 X136.921 Y99.303 E0.00891
G0 F18000 X137.64 Y99.303
G0 X141.273 Y105.127
G0 X142.048 Y105.735
G0 X143.235 Y105.798
G0 X143.235 Y105.08
G1 F8400 X142.698 Y105.08 E0.00891
G1 X160.197 Y122.579 E0.41052
G0 F18000 X160.197 Y121.86
G0 X143.68 Y105.728
G0 X142.048 Y105.735
G0 X141.35 Y105.188
G0 X137.64 Y99.303
G0 X136.921 Y99.303
G1 F8400 X142.26 Y104.642 E0.12525
G1 X142.171 Y104.694 E0.00171
G1 X142.068 Y104.924 E0.00418
G1 X142.273 Y105.079 E0.00426
G0 F18000 X142.273 Y105.798
G0 X152.638 Y114.535
G0 X160.197 Y121.86
G0 X160.197 Y122.579
G1 F8400 X159.66 Y122.579 E0.00891
G1 X152.14 Y115.06 E0.1764
G1 X152.013 Y114.932
G1 X136.921 Y99.841 E0.35404
G0 F18000 X137.64 Y99.841
G0 X141.273 Y105.127
G0 X152.638 Y114.535
G0 X152.808 Y114.791
G0 X152.14 Y115.06
G1 F8400 X152.21 Y115.224 E0.00296
G1 X152.01 Y115.373 E0.00414
G1 X151.916 Y115.373 E0.00156
G0 F18000 X151.916 Y116.092
G0 X152.227 Y116.029
G0 X152.998 Y115.444
G0 X152.638 Y114.535
G0 X141.273 Y105.127
G0 X137.64 Y99.841
G0 X136.921 Y99.841
G1 F8400 X136.921 Y100.378 E0.00891
G1 X150.854 Y114.311 E0.32686
G1 X150.838 Y114.331 E0.00042
G1 X150.337 Y114.331 E0.00831
G1 X136.921 Y100.915 E0.31473
G1 X136.921 Y101.453 E0.00892
G1 X149.8 Y114.331 E0.30213
G1 X149.288 Y114.331 E0.00849
G1 X149.267 Y114.336 E0.00036
G1 X136.921 Y101.99 E0.28963
G1 X136.921 Y102.528 E0.00892
G1 X148.918 Y114.524 E0.28143
G1 X148.577 Y114.721 E0.00653
G1 X136.921 Y103.065 E0.27345
G1 X136.921 Y103.602 E0.00891
G0 F18000 X137.64 Y103.602
G0 X152.638 Y114.535
G0 X152.998 Y115.444
G0 X152.304 Y115.97
G0 X151.916 Y116.092
G0 X151.916 Y115.373
G1 F8400 X159.122 Y122.579 E0.16905
G1 X158.585 Y122.579 E0.00891
G1 X151.379 Y115.373 E0.16905
G1 X150.841 Y115.373 E0.00892
G1 X158.048 Y122.579 E0.16906
G1 X157.51 Y122.579 E0.00892
G1 X150.304 Y115.373 E0.16905
G1 X149.767 Y115.373 E0.00891
G1 X156.973 Y122.579 E0.16905
G1 X156.435 Y122.579 E0.00892
G1 X149.229 Y115.373 E0.16905
G1 X148.692 Y115.373 E0.00891
G1 X155.898 Y122.579 E0.16905
G0 F18000 X155.898 Y121.86
G0 X147.217 Y115.421
G0 X137.64 Y103.602
G0 X136.921 Y103.602
G1 F8400 X148.236 Y114.918 E0.26546
G0 F18000 X147.877 Y114.296
G0 X147.6 Y114.529
G0 X147.217 Y115.421
G0 X155.898 Y121.86
G0 X155.898 Y122.579
G1 F8400 X155.361 Y122.579 E0.00891
G0 F18000 X155.361 Y121.86
G0 X148.217 Y116.092
G0 X148.217 Y115.373
G1 F8400 X148.013 Y115.217 E0.00426
G1 X148.115 Y114.988 E0.00416
G1 X148.236 Y114.918 E0.00232
G0 F18000 X147.877 Y114.296
G0 X147.6 Y114.529
G0 X147.217 Y115.421
G0 X155.361 Y121.86
G0 X155.361 Y122.579
G1 F8400 X136.921 Y104.14 E0.43258
G1 X136.921 Y104.677 E0.00891
G1 X154.823 Y122.579 E0.41998
G1 X154.286 Y122.579 E0.00891
G1 X136.921 Y105.215 E0.40737
G1 X136.921 Y105.752 E0.00891
G1 X153.748 Y122.579 E0.39476
G1 X153.211 Y122.579 E0.00891
G1 X136.921 Y106.289 E0.38216
G1 X136.921 Y106.827 E0.00892
G1 X152.674 Y122.579 E0.36955
G1 X152.136 Y122.579 E0.00892
G1 X136.921 Y107.364 E0.35694
G1 X136.921 Y107.902 E0.00892
G1 X151.599 Y122.579 E0.34433
G1 X151.061 Y122.579 E0.00892
G1 X136.921 Y108.439 E0.33172
G1 X136.921 Y108.976 E0.00891
G1 X150.524 Y122.579 E0.31912
G1 X149.987 Y122.579 E0.00891
G1 X136.921 Y109.514 E0.30651
G1 X136.921 Y110.051 E0.00891
G1 X149.449 Y122.579 E0.2939
G1 X148.912 Y122.579 E0.00891
G1 X136.921 Y110.589 E0.28129
G1 X136.921 Y111.126 E0.00891
G1 X148.374 Y122.579 E0.26868
G1 X147.837 Y122.579 E0.00891
G1 X136.921 Y111.663 E0.25609
G1 X136.921 Y112.201 E0.00892
G1 X139.004 Y114.284 E0.04887
G1 X138.992 Y114.277 E0.00023
G1 X138.951 Y114.331 E0.00112
G1 X138.514 Y114.331 E0.00725
G1 X136.921 Y112.738 E0.03737
G1 X136.921 Y113.276 E0.00892
G1 X137.976 Y114.331 E0.02475
G1 X137.501 Y114.331 E0.00788
G1 X137.46 Y114.277 E0.00112
G1 X137.412 Y114.304 E0.00091
G1 X136.921 Y113.813 E0.01152
G1 X136.921 Y114.35 E0.00891
G1 X137.072 Y114.501 E0.00354
G1 X136.921 Y114.588 E0.00289
G0 F18000 X137.19 Y114.124
G0 X137.367 Y114.073
G0 X139.218 Y114.111
G0 X140.584 Y114.367
G0 X140.224 Y114.989
G1 F8400 X140.323 Y115.224 E0.00423
G1 X140.122 Y115.373 E0.00415
G1 X140.093 Y115.373 E0.00048
G1 X147.3 Y122.579 E0.16906
G1 X146.762 Y122.579 E0.00892
G1 X139.556 Y115.373 E0.16905
G1 X139.019 Y115.373 E0.00891
G1 X146.225 Y122.579 E0.16905
G1 X145.687 Y122.579 E0.00892
G1 X138.481 Y115.373 E0.16905
G1 X137.944 Y115.373 E0.00891
G1 X145.15 Y122.579 E0.16905
G1 X144.613 Y122.579 E0.00891
G1 X137.406 Y115.373 E0.16906
G1 X136.921 Y115.373 E0.00805
G1 X136.921 Y115.425 E0.00086
G1 X144.075 Y122.579 E0.16783
G1 X143.538 Y122.579 E0.00891
G1 X136.921 Y115.962 E0.15523
G1 X136.921 Y116.499 E0.00891
G1 X143 Y122.579 E0.14262
G1 X142.463 Y122.579 E0.00891
G1 X136.921 Y117.037 E0.13001
G1 X136.921 Y117.574 E0.00891
G1 X141.926 Y122.579 E0.11742
G1 X141.388 Y122.579 E0.00892
G1 X136.921 Y118.112 E0.10479
G1 X136.921 Y118.649 E0.00891
G1 X140.851 Y122.579 E0.0922
G1 X140.313 Y122.579 E0.00892
G1 X136.921 Y119.186 E0.07959
G1 X136.921 Y119.724 E0.00892
G1 X139.776 Y122.579 E0.06698
G1 X139.239 Y122.579 E0.00891
G1 X136.921 Y120.261 E0.05438
G1 X136.921 Y120.799 E0.00892
G1 X138.701 Y122.579 E0.04176
G1 X138.164 Y122.579 E0.00891
G1 X136.921 Y121.336 E0.02916
G1 X136.921 Y121.873 E0.00891
G1 X137.626 Y122.579 E0.01655
G1 X137.089 Y122.579 E0.00891
G0 F18000 X136.921 Y122.411
G1 F8400 X137.089 Y122.579 E0.00394
G1 X136.921 Y122.579 E0.00279
G0 F18000 X137.808 Y121.58
G1 F1800 E-3.5
;MESH:NONMESH
G0 F1200 X137.808 Y121.58 Z1
G0 F18000 X137.168 Y122.332
G0 X137.14 Y123.79
G0 X83.722 Y123.778
G0 X80.55 Y67.878
G0 X80.027 Y66.501
G0 X78.528 Y66.023
G0 X78.508 Y65.702
;TIME_ELAPSED:667.130820
;LAYER:7
;TYPE:WALL-INNER
;MESH:01_Prime_Insulator.STL
G1 F1800 E3.52079
G1 F3000 X78.28 Y65.706 E0.00299
G1 X78.047 Y65.702 E0.00306
G1 X77.82 Y65.694 E0.00298
G1 X77.585 Y65.681 E0.00309
G1 X77.126 Y65.643 E0.00604
G1 X76.888 Y65.615 E0.00314
G1 X76.226 Y65.503 E0.0088
G1 X75.978 Y65.451 E0.00332
G1 X75.546 Y65.347 E0.00583
G1 X75.31 Y65.277 E0.00323
G1 X74.863 Y65.137 E0.00614
G1 X74.434 Y64.982 E0.00598
G1 X74.2 Y64.889 E0.0033
G1 X73.789 Y64.707 E0.00589
G1 X73.597 Y64.615 E0.00279
G1 X73.172 Y64.391 E0.0063
G1 X72.966 Y64.275 E0.0031
G1 X72.574 Y64.035 E0.00603
G1 X72.37 Y63.906 E0.00316
G1 X71.832 Y63.522 E0.00867
G1 X71.627 Y63.359 E0.00343
G1 X71.271 Y63.058 E0.00611
G1 X70.951 Y62.766 E0.00568
G1 X70.609 Y62.42 E0.00638
G1 X70.45 Y62.251 E0.00304
G1 X70.284 Y62.065 E0.00327
G1 X70.144 Y61.899 E0.00285
G1 X69.86 Y61.545 E0.00595
G1 X69.581 Y61.165 E0.00618
G1 X69.45 Y60.977 E0.003
G1 X69.221 Y60.615 E0.00562
G1 X69.089 Y60.392 E0.0034
G1 X68.863 Y59.983 E0.00613
G1 X68.664 Y59.576 E0.00594
G1 X68.561 Y59.354 E0.00321
G1 X68.384 Y58.923 E0.00611
G1 X68.229 Y58.495 E0.00597
G1 X68.09 Y58.05 E0.00611
G1 X68.027 Y57.821 E0.00311
G1 X67.968 Y57.591 E0.00311
G1 X67.917 Y57.371 E0.00296
G1 X67.824 Y56.909 E0.00618
G1 X67.758 Y56.471 E0.00581
G1 X67.727 Y56.231 E0.00317
G1 X67.69 Y55.767 E0.0061
G1 X67.678 Y55.54 E0.00298
G1 X67.666 Y55.076 E0.00609
G1 X67.67 Y54.846 E0.00302
G1 X67.678 Y54.616 E0.00302
G1 X67.691 Y54.381 E0.00309
G1 X67.73 Y53.914 E0.00614
G1 X67.758 Y53.698 E0.00286
G1 X67.794 Y53.458 E0.00318
G1 X67.875 Y52.995 E0.00616
G1 X67.971 Y52.567 E0.00575
G1 X68.08 Y52.153 E0.00561
G1 X68.235 Y51.659 E0.00679
G1 X68.398 Y51.208 E0.00629
G1 X68.568 Y50.8 E0.0058
G1 X68.668 Y50.583 E0.00313
G1 X68.876 Y50.164 E0.00613
G1 X68.981 Y49.964 E0.00296
G1 X69.21 Y49.572 E0.00595
G1 X69.338 Y49.367 E0.00317
G1 X69.592 Y48.985 E0.00602
G1 X69.624 Y48.946 E0.00066
G1 X69.729 Y48.795 E0.00241
G1 X70.009 Y48.426 E0.00607
G1 X70.176 Y48.229 E0.00339
G1 X70.463 Y47.907 E0.00566
G1 X70.79 Y47.563 E0.00622
G1 X71.151 Y47.219 E0.00654
G1 X71.292 Y47.095 E0.00246
G1 X71.643 Y46.8 E0.00601
G1 X72.017 Y46.513 E0.00618
G1 X72.205 Y46.376 E0.00305
G1 X72.572 Y46.132 E0.00578
G1 X72.99 Y45.879 E0.00641
G1 X73.378 Y45.667 E0.0058
G1 X73.796 Y45.462 E0.0061
G1 X74.221 Y45.274 E0.00609
G1 X74.64 Y45.107 E0.00591
G1 X75.098 Y44.954 E0.00633
G1 X75.373 Y44.871 E0.00377
G1 X75.416 Y44.862 E0.00058
G1 X75.537 Y44.826 E0.00166
G1 X75.996 Y44.712 E0.0062
G1 X76.229 Y44.666 E0.00311
G1 X76.677 Y44.588 E0.00596
G1 X76.912 Y44.553 E0.00312
G1 X77.371 Y44.503 E0.00605
G1 X77.841 Y44.474 E0.00617
G1 X78.068 Y44.466 E0.00298
G1 X78.53 Y44.465 E0.00606
G1 X78.766 Y44.475 E0.0031
G1 X79.254 Y44.506 E0.00641
G1 X79.679 Y44.556 E0.00561
G1 X80.144 Y44.627 E0.00617
G1 X80.604 Y44.718 E0.00615
G1 X81.054 Y44.828 E0.00607
G1 X81.527 Y44.968 E0.00647
G1 X81.92 Y45.104 E0.00545
G1 X82.179 Y45.203 E0.00364
G1 X82.595 Y45.375 E0.0059
G1 X82.732 Y45.436 E0.00197
G1 X83.183 Y45.656 E0.00658
G1 X83.609 Y45.892 E0.00639
G1 X83.997 Y46.13 E0.00597
G1 X84.199 Y46.26 E0.00315
G1 X84.576 Y46.523 E0.00603
G1 X84.58 Y46.529 E0.00009
G1 X84.942 Y46.807 E0.00599
G1 X85.453 Y47.242 E0.0088
G1 X85.805 Y47.582 E0.00642
G1 X86.126 Y47.917 E0.00608
G1 X86.277 Y48.088 E0.00299
G1 X86.431 Y48.269 E0.00312
G1 X86.718 Y48.625 E0.006
G1 X87.046 Y49.079 E0.00734
G1 X87.249 Y49.384 E0.0048
G1 X87.372 Y49.584 E0.00308
G1 X87.608 Y49.988 E0.00614
G1 X87.812 Y50.388 E0.00589
G1 X87.942 Y50.652 E0.00386
G1 X87.958 Y50.696 E0.00061
G1 X88.012 Y50.812 E0.00168
G1 X88.193 Y51.246 E0.00617
G1 X88.34 Y51.659 E0.00575
G1 X88.418 Y51.897 E0.00328
G1 X88.547 Y52.336 E0.006
G1 X88.609 Y52.583 E0.00334
G1 X88.706 Y53.019 E0.00586
G1 X88.747 Y53.246 E0.00302
G1 X88.822 Y53.718 E0.00627
G1 X88.848 Y53.937 E0.00289
G1 X88.886 Y54.4 E0.00609
G1 X88.898 Y54.629 E0.00301
G1 X88.906 Y54.864 E0.00308
G1 X88.906 Y55.328 E0.00608
G1 X88.898 Y55.556 E0.00299
G1 X88.87 Y56.003 E0.00587
G1 X88.816 Y56.48 E0.00629
G1 X88.748 Y56.939 E0.00608
G1 X88.658 Y57.378 E0.00588
G1 X88.55 Y57.823 E0.006
G1 X88.481 Y58.062 E0.00326
G1 X88.345 Y58.5 E0.00601
G1 X88.182 Y58.949 E0.00626
G1 X88.007 Y59.371 E0.00599
G1 X87.908 Y59.584 E0.00308
G1 X87.705 Y60 E0.00607
G1 X87.483 Y60.399 E0.00599
G1 X87.347 Y60.629 E0.0035
G1 X87.111 Y61 E0.00577
G1 X86.715 Y61.554 E0.00893
G1 X86.287 Y62.071 E0.0088
G1 X85.976 Y62.415 E0.00608
G1 X85.794 Y62.601 E0.00341
G1 X85.633 Y62.756 E0.00293
G1 X85.628 Y62.764 E0.00012
G1 X85.282 Y63.077 E0.00612
G1 X84.953 Y63.355 E0.00565
G1 X84.748 Y63.513 E0.00339
G1 X84.367 Y63.796 E0.00622
G1 X84.033 Y64.017 E0.00525
G1 X83.786 Y64.169 E0.0038
G1 X83.405 Y64.392 E0.00579
G1 X82.979 Y64.617 E0.00632
G1 X82.35 Y64.901 E0.00905
G1 X81.904 Y65.072 E0.00626
G1 X81.691 Y65.144 E0.00295
G1 X81.271 Y65.277 E0.00578
G1 X81.038 Y65.343 E0.00318
G1 X80.808 Y65.404 E0.00312
G1 X80.346 Y65.502 E0.00619
G1 X79.85 Y65.588 E0.0066
G1 X79.431 Y65.645 E0.00554
G1 X78.972 Y65.681 E0.00604
G1 X78.508 Y65.702 E0.00609
G0 F18000 X78.528 Y66.023
G0 X76.17 Y65.757
G0 X74.794 Y65.389
G0 X73.474 Y64.841
G0 X72.243 Y64.131
G0 X71.113 Y63.264
G0 X69.953 Y62.077
G0 X68.989 Y60.732
G0 X68.329 Y59.465
G0 X67.781 Y57.9
G0 X67.474 Y56.268
G0 X67.421 Y54.613
G0 X67.62 Y52.96
G0 X67.988 Y51.585
G0 X68.638 Y50.063
G0 X69.518 Y48.65
G0 X70.598 Y47.39
G0 X71.853 Y46.315
G0 X73.265 Y45.436
G0 X73.699 Y45.251
G0 X75.878 Y44.351
G1 F3023.9 X76.142 Y44.298 E0.0035
G1 F3015.9 X76.595 Y44.216 E0.006
G1 F3007.9 X76.853 Y44.179 E0.00341
G1 F3015.9 X77.303 Y44.129 E0.00591
G1 F3000 X77.577 Y44.109 E0.0036
G1 F2992.1 X78.033 Y44.087 E0.006
G1 F3007.9 X78.543 Y44.086 E0.00667
G1 X78.762 Y44.095 E0.00287
G1 F3000 X79.256 Y44.126 E0.00649
G1 X79.702 Y44.177 E0.00589
G1 F2976.5 X79.924 Y44.207 E0.00296
G1 F2992.1 X80.18 Y44.25 E0.00341
G1 F3023.9 X80.685 Y44.348 E0.00669
G1 X81.118 Y44.455 E0.0058
G1 X81.608 Y44.597 E0.00664
G1 F3015.9 X82.032 Y44.742 E0.00585
G1 F3007.9 X82.256 Y44.825 E0.00312
G1 F3000 X82.497 Y44.921 E0.0034
G1 F3015.9 X82.874 Y45.085 E0.00536
G1 F3040 X83.356 Y45.321 E0.00694
G1 F3031.9 X83.806 Y45.569 E0.00667
G1 F3007.9 X84.196 Y45.805 E0.00596
G1 X84.405 Y45.942 E0.00327
G1 F3015.9 X84.776 Y46.202 E0.00591
G1 F3007.9 X84.989 Y46.363 E0.00349
G1 X85.164 Y46.501 E0.00291
G1 X85.529 Y46.805 E0.00621
G1 X85.696 Y46.952 E0.00291
G1 F3000 X86.072 Y47.312 E0.00683
G1 F2992.1 X86.382 Y47.635 E0.00589
G1 X86.557 Y47.83 E0.00344
G1 X86.698 Y47.996 E0.00286
G1 F3000 X87.026 Y48.403 E0.00685
G1 X87.341 Y48.838 E0.00704
G1 X87.554 Y49.157 E0.00503
G1 F3007.9 X87.688 Y49.374 E0.00334
G1 F3023.9 X87.918 Y49.769 E0.00595
G1 F3007.9 X88.047 Y50.013 E0.00361
G1 X88.275 Y50.473 E0.00671
G1 F3015.9 X88.362 Y50.666 E0.00276
G1 F3007.9 X88.532 Y51.074 E0.00578
G1 F3000 X88.704 Y51.545 E0.00658
G1 X88.774 Y51.765 E0.00303
G1 X88.914 Y52.236 E0.00644
G1 F2976.5 X88.974 Y52.476 E0.00327
G1 X89.08 Y52.952 E0.00645
G1 F2984.3 X89.119 Y53.17 E0.00292
G1 X89.19 Y53.612 E0.0059
G1 F3000 X89.22 Y53.869 E0.00339
G1 X89.245 Y54.126 E0.00339
G1 F2984.3 X89.277 Y54.592 E0.00616
G1 F2992.1 X89.286 Y54.847 E0.00335
G1 F3000 X89.286 Y55.342 E0.00649
G1 X89.278 Y55.576 E0.00307
G1 F3007.9 X89.248 Y56.03 E0.00595
G1 F3015.9 X89.196 Y56.5 E0.00617
G1 F2992.1 X89.165 Y56.731 E0.00306
G1 X89.128 Y56.965 E0.00311
G1 F3015.9 X89.029 Y57.459 E0.00657
G1 F3007.9 X88.977 Y57.678 E0.00294
G1 F2984.3 X88.851 Y58.156 E0.00652
G1 F2992.1 X88.711 Y58.598 E0.0061
G1 X88.62 Y58.859 E0.00363
G1 X88.55 Y59.049 E0.00266
G1 F3015.9 X88.365 Y59.497 E0.00632
G1 X88.258 Y59.729 E0.00333
G1 X88.057 Y60.142 E0.00599
G1 F3000 X87.932 Y60.376 E0.00348
G1 F2992.1 X87.819 Y60.576 E0.00302
G1 F3007.9 X87.684 Y60.803 E0.00345
G1 X87.558 Y61.006 E0.00312
G1 F3000 X87.446 Y61.179 E0.0027
G1 X87.166 Y61.581 E0.00642
G1 F3007.9 X87.032 Y61.762 E0.00295
G1 F2992.1 X86.723 Y62.144 E0.00646
G1 F2984.3 X86.582 Y62.31 E0.00287
G1 F3015.9 X86.258 Y62.667 E0.00629
G1 F3007.9 X86.073 Y62.859 E0.00349
G1 F3000 X85.883 Y63.043 E0.00347
G1 F2992.1 X85.714 Y63.2 E0.00303
G1 X85.539 Y63.357 E0.00309
G1 F3007.9 X85.202 Y63.639 E0.00575
G1 F3000 X84.995 Y63.802 E0.00345
G1 F3015.9 X84.605 Y64.091 E0.00633
G1 F3023.9 X84.257 Y64.324 E0.00545
G1 F2992.1 X84.002 Y64.484 E0.00396
G1 F2961 X83.784 Y64.613 E0.00337
G1 F2968.8 X83.605 Y64.714 E0.00272
G1 F3007.9 X83.189 Y64.933 E0.00615
G1 F3015.9 X82.926 Y65.059 E0.0038
G1 X82.524 Y65.237 E0.00573
G1 X81.988 Y65.445 E0.0075
G1 F2992.1 X81.317 Y65.66 E0.00926
G1 F2984.3 X81.155 Y65.705 E0.00222
G1 F3007.9 X80.914 Y65.765 E0.00325
G1 X80.441 Y65.871 E0.00634
G1 F2961 X80.196 Y65.917 E0.00331
G1 F2968.8 X79.739 Y65.988 E0.00613
G1 F3015.9 X79.496 Y66.019 E0.0032
G1 F3007.9 X79.244 Y66.041 E0.00331
G1 F2984.3 X78.776 Y66.073 E0.00618
G1 F2992.1 X78.305 Y66.086 E0.00619
G1 F3007.9 X78.051 Y66.082 E0.00332
G1 F3000 X77.817 Y66.074 E0.00307
G1 F2992.1 X77.58 Y66.061 E0.00312
G1 F3000 X77.115 Y66.023 E0.00612
G1 F3007.9 X76.873 Y65.995 E0.00319
G1 F2992.1 X76.652 Y65.963 E0.00294
G1 X76.161 Y65.876 E0.00656
G1 F3015.9 X75.919 Y65.826 E0.00322
G1 F3007.9 X75.407 Y65.702 E0.00689
G1 F2984.3 X75.206 Y65.644 E0.00276
G1 F2976.5 X74.756 Y65.502 E0.00624
G1 X74.532 Y65.424 E0.00313
G1 F2984.3 X74.099 Y65.258 E0.00611
G1 F3007.9 X73.651 Y65.059 E0.00641
G1 F3015.9 X73.434 Y64.956 E0.00313
G1 F3000 X73.014 Y64.738 E0.00621
G1 F2984.3 X72.798 Y64.617 E0.00326
G1 F2968.8 X72.577 Y64.484 E0.00342
G1 F2992.1 X72.197 Y64.244 E0.00591
G1 F3023.9 X71.796 Y63.963 E0.00637
G1 X71.61 Y63.827 E0.003
G1 F3015.9 X71.407 Y63.669 E0.00336
G1 F3007.9 X71.042 Y63.36 E0.00625
G1 F2992.1 X70.819 Y63.161 E0.00393
G1 F2984.3 X70.673 Y63.024 E0.00264
G1 F2992.1 X70.5 Y62.851 E0.00322
G1 X70.187 Y62.526 E0.00593
G1 X70.022 Y62.343 E0.00324
G1 F2984.3 X69.862 Y62.155 E0.00325
G1 F2992.1 X69.555 Y61.771 E0.00646
G1 F3000 X69.299 Y61.423 E0.00566
G1 F3007.9 X69.134 Y61.186 E0.00378
G1 F3000 X68.909 Y60.832 E0.0055
G1 F2992.1 X68.759 Y60.58 E0.00386
G1 F3007.9 X68.537 Y60.175 E0.00604
G1 X68.327 Y59.75 E0.0062
G1 X68.214 Y59.507 E0.0035
G1 X68.044 Y59.095 E0.00583
G1 F3000 X67.88 Y58.644 E0.00629
G1 X67.733 Y58.179 E0.00639
G1 F2984.3 X67.662 Y57.932 E0.00339
G1 F2968.8 X67.602 Y57.695 E0.00324
G1 F2984.3 X67.548 Y57.459 E0.00319
G1 F3007.9 X67.458 Y57.013 E0.00595
G1 F3000 X67.386 Y56.553 E0.00611
G1 X67.356 Y56.308 E0.00324
G1 X67.331 Y56.04 E0.00353
G1 F2992.1 X67.299 Y55.577 E0.0061
G1 F3000 X67.286 Y55.099 E0.00627
G1 X67.29 Y54.847 E0.0033
G1 F2992.1 X67.298 Y54.613 E0.00308
G1 X67.311 Y54.376 E0.00312
G1 X67.331 Y54.116 E0.00343
G1 F3007.9 X67.351 Y53.911 E0.00269
G1 F3000 X67.411 Y53.44 E0.00623
G1 F2976.5 X67.495 Y52.957 E0.00648
G1 F2992.1 X67.597 Y52.501 E0.00614
G1 F3000 X67.706 Y52.078 E0.00573
G1 F2984.3 X67.798 Y51.774 E0.00419
G1 F2968.8 X67.954 Y51.313 E0.00645
G1 F2992.1 X68.034 Y51.099 E0.003
G1 F3023.9 X68.208 Y50.681 E0.00589
G1 X68.318 Y50.438 E0.00347
G1 F3000 X68.524 Y50.018 E0.00613
G1 F2992.1 X68.647 Y49.784 E0.00348
G1 F3000 X68.76 Y49.587 E0.00298
G1 F3007.9 X69.004 Y49.186 E0.00614
G1 X69.147 Y48.969 E0.0034
G1 X69.406 Y48.597 E0.00593
G1 F3015.9 X69.567 Y48.382 E0.0035
G1 F3031.9 X69.693 Y48.22 E0.00266
G1 X69.859 Y48.016 E0.00341
G1 F2992.1 X70.016 Y47.833 E0.00317
G1 F2976.5 X70.169 Y47.664 E0.00301
G1 F3000 X70.496 Y47.322 E0.0062
G1 F3007.9 X70.869 Y46.964 E0.00676
G1 F2992.1 X71.032 Y46.818 E0.00288
G1 F2968.8 X71.2 Y46.673 E0.00294
G1 F2976.5 X71.4 Y46.509 E0.00342
G1 F3000 X71.763 Y46.229 E0.00601
G1 F3007.9 X71.962 Y46.084 E0.00322
G1 F3015.9 X72.363 Y45.817 E0.00628
G1 X72.772 Y45.568 E0.00625
G1 X73.197 Y45.335 E0.00632
G1 F3000 X73.435 Y45.214 E0.0035
G1 X73.587 Y45.141 E0.00221
G1 F3007.9 X74.047 Y44.936 E0.00659
G1 F3015.9 X74.493 Y44.759 E0.00626
G1 X74.745 Y44.67 E0.00349
G1 F3000 X75.27 Y44.506 E0.00721
G1 F2992.1 X75.445 Y44.457 E0.00239
G1 F3000 X75.878 Y44.351 E0.00585
G0 F18000 X73.685 Y45.228
G0 X72.444 Y45.911
G0 X71.119 Y46.904
G0 X69.958 Y48.09
G0 X68.989 Y49.44
G0 X68.328 Y50.712
G0 X67.843 Y52.047
G0 X67.503 Y53.663
G0 X67.409 Y55.091
G0 X67.575 Y56.976
G0 X67.99 Y58.59
G0 X68.637 Y60.107
G0 X69.516 Y61.52
G0 X70.595 Y62.779
G0 X71.86 Y63.864
G0 X73.064 Y64.629
G0 X74.349 Y65.227
G0 X75.634 Y65.618
G0 X78.307 Y66.145
G0 X78.31 Y66.466
G1 F3000 X78.798 Y66.453 E0.0064
G1 X79.279 Y66.42 E0.00632
G1 X79.549 Y66.393 E0.00356
G1 X79.792 Y66.364 E0.00321
G1 X80.269 Y66.293 E0.00632
G1 X80.522 Y66.243 E0.00338
G1 X80.752 Y66.192 E0.00309
G1 X81.254 Y66.072 E0.00677
G1 X81.449 Y66.017 E0.00266
G1 X81.695 Y65.94 E0.00338
G1 X82.163 Y65.785 E0.00646
G1 X82.67 Y65.585 E0.00715
G1 X82.888 Y65.492 E0.00311
G1 X83.09 Y65.401 E0.00291
G1 X83.314 Y65.293 E0.00326
G1 X83.788 Y65.047 E0.007
G1 X83.978 Y64.942 E0.00285
G1 X84.206 Y64.806 E0.00348
G1 X84.603 Y64.551 E0.00619
G1 X84.838 Y64.389 E0.00374
G1 X85.01 Y64.266 E0.00277
G1 X85.229 Y64.101 E0.0036
G1 X85.629 Y63.78 E0.00673
G1 X85.977 Y63.476 E0.00606
G1 X86.35 Y63.119 E0.00677
G1 X86.676 Y62.774 E0.00622
G1 X86.868 Y62.559 E0.00378
G1 X87.02 Y62.383 E0.00305
G1 X87.3 Y62.036 E0.00585
G1 X87.474 Y61.802 E0.00382
G1 X87.605 Y61.619 E0.00295
G1 X87.763 Y61.387 E0.00368
G1 X87.881 Y61.206 E0.00283
G1 X88.148 Y60.765 E0.00676
G1 X88.267 Y60.555 E0.00317
G1 X88.381 Y60.341 E0.00318
G1 X88.601 Y59.889 E0.00659
G1 X88.7 Y59.676 E0.00308
G1 X88.799 Y59.446 E0.00328
G1 X88.981 Y58.981 E0.00655
G1 X89.131 Y58.538 E0.00613
G1 X89.213 Y58.278 E0.00357
G1 X89.28 Y58.035 E0.00331
G1 X89.278 Y58.034 E0.00003
G1 X89.346 Y57.766 E0.00363
G1 X89.45 Y57.31 E0.00613
G1 X89.544 Y56.776 E0.00711
G1 X89.624 Y56.081 E0.00917
G1 X89.644 Y55.819 E0.00345
G1 X89.659 Y55.566 E0.00332
G1 X89.666 Y55.304 E0.00344
G1 X89.666 Y54.847 E0.00599
G1 X89.657 Y54.569 E0.00365
G1 X89.623 Y54.086 E0.00635
G1 X89.566 Y53.555 E0.007
G1 X89.493 Y53.103 E0.006
G1 X89.443 Y52.831 E0.00363
G1 X89.343 Y52.38 E0.00606
G1 X89.289 Y52.163 E0.00293
G1 X89.226 Y51.944 E0.00299
G1 X89.061 Y51.414 E0.00728
G1 X88.874 Y50.909 E0.00706
G1 X88.706 Y50.506 E0.00573
G1 X88.595 Y50.266 E0.00347
G1 X88.381 Y49.832 E0.00635
G1 X88.142 Y49.395 E0.00653
G1 X87.892 Y48.98 E0.00635
G1 X87.611 Y48.56 E0.00663
G1 X87.47 Y48.362 E0.00319
G1 X87.322 Y48.165 E0.00323
G1 X86.988 Y47.751 E0.00698
G1 X86.841 Y47.576 E0.003
G1 X86.679 Y47.396 E0.00318
G1 X86.321 Y47.024 E0.00677
G1 X86.162 Y46.87 E0.0029
G1 X85.949 Y46.671 E0.00382
G1 X85.611 Y46.375 E0.00589
G1 X85.217 Y46.059 E0.00662
G1 X84.997 Y45.895 E0.0036
G1 X84.597 Y45.616 E0.00639
G1 X84.376 Y45.47 E0.00347
G1 X84.196 Y45.358 E0.00278
G1 X83.956 Y45.218 E0.00364
G1 X83.529 Y44.987 E0.00637
G1 X83.325 Y44.881 E0.00301
G1 X83.105 Y44.776 E0.0032
G1 X82.875 Y44.671 E0.00332
G1 X82.642 Y44.57 E0.00333
G1 X82.388 Y44.469 E0.00358
G1 X82.192 Y44.396 E0.00274
G1 X81.717 Y44.234 E0.00658
G1 X81.43 Y44.147 E0.00393
G1 X80.996 Y44.033 E0.00588
G1 X80.725 Y43.969 E0.00365
G1 X79.97 Y43.827 E0.01007
G1 X79.285 Y43.748 E0.00904
G1 X79.04 Y43.73 E0.00322
G1 X78.508 Y43.706 E0.00698
G1 X78.016 Y43.708 E0.00645
G1 X77.55 Y43.729 E0.00612
G1 X77.058 Y43.772 E0.00648
G1 X76.534 Y43.841 E0.00693
G1 X76.313 Y43.878 E0.00294
G1 X75.796 Y43.982 E0.00692
G1 X75.521 Y44.043 E0.00369
G1 X75.134 Y44.152 E0.00527
G1 X74.634 Y44.306 E0.00686
G1 X74.133 Y44.492 E0.00701
G1 X73.897 Y44.588 E0.00334
G1 X73.463 Y44.78 E0.00622
G1 X73.261 Y44.876 E0.00293
G1 X73.017 Y45.002 E0.0036
G1 X72.578 Y45.243 E0.00657
G1 X72.176 Y45.486 E0.00616
G1 X71.742 Y45.776 E0.00684
G1 X71.536 Y45.925 E0.00333
G1 X71.37 Y46.051 E0.00273
G1 X70.951 Y46.383 E0.00701
G1 X70.775 Y46.537 E0.00307
G1 X70.427 Y46.859 E0.00622
G1 X70.07 Y47.213 E0.00659
G1 X69.889 Y47.406 E0.00347
G1 X69.724 Y47.588 E0.00322
G1 X69.578 Y47.76 E0.00296
G1 X69.264 Y48.155 E0.00662
G1 X69.118 Y48.349 E0.00318
G1 X68.83 Y48.761 E0.00659
G1 X68.705 Y48.949 E0.00296
G1 X68.431 Y49.398 E0.0069
G1 X68.3 Y49.63 E0.00349
G1 X68.197 Y49.821 E0.00285
G1 X67.974 Y50.281 E0.0067
G1 X67.882 Y50.483 E0.00291
G1 X67.681 Y50.963 E0.00682
G1 X67.594 Y51.19 E0.00319
G1 X67.433 Y51.662 E0.00654
G1 X67.363 Y51.892 E0.00315
G1 X67.296 Y52.133 E0.00328
G1 X67.298 Y52.134 E0.00003
G1 X67.227 Y52.414 E0.00379
G1 X67.122 Y52.886 E0.00634
G1 X67.081 Y53.1 E0.00286
G1 X67.032 Y53.395 E0.00392
G1 X66.952 Y54.087 E0.00913
G1 X66.918 Y54.584 E0.00653
G1 X66.91 Y54.841 E0.00337
G1 X66.906 Y55.104 E0.00345
G1 X66.918 Y55.573 E0.00615
G1 X66.952 Y56.075 E0.0066
G1 X67.01 Y56.61 E0.00706
G1 X67.085 Y57.079 E0.00623
G1 X67.125 Y57.294 E0.00287
G1 X67.233 Y57.79 E0.00666
G1 X67.287 Y58.005 E0.00291
G1 X67.371 Y58.291 E0.00391
G1 X67.521 Y58.767 E0.00654
G1 X67.591 Y58.967 E0.00278
G1 X67.693 Y59.24 E0.00382
G1 X67.859 Y59.642 E0.0057
G1 X67.987 Y59.918 E0.00399
G1 X68.204 Y60.355 E0.0064
G1 X68.439 Y60.784 E0.00641
G1 X68.587 Y61.033 E0.0038
G1 X68.821 Y61.399 E0.0057
G1 X68.961 Y61.604 E0.00326
G1 X69.106 Y61.805 E0.00325
G1 X69.283 Y62.04 E0.00386
G1 X69.572 Y62.401 E0.00606
G1 X69.74 Y62.599 E0.0034
G1 X69.888 Y62.763 E0.0029
G1 X70.062 Y62.948 E0.00333
G1 X70.234 Y63.123 E0.00322
G1 X70.567 Y63.447 E0.00609
G1 X70.97 Y63.8 E0.00703
G1 X71.173 Y63.967 E0.00345
G1 X71.386 Y64.131 E0.00353
G1 X71.755 Y64.398 E0.00597
G1 X71.987 Y64.558 E0.0037
G1 X72.193 Y64.693 E0.00323
G1 X72.38 Y64.811 E0.0029
G1 X72.612 Y64.949 E0.00354
G1 X73.026 Y65.176 E0.00619
G1 X73.47 Y65.393 E0.00648
G1 X73.92 Y65.592 E0.00645
G1 X73.932 Y65.6 E0.00019
G1 X74.411 Y65.786 E0.00674
G1 X74.831 Y65.925 E0.0058
G1 X75.103 Y66.011 E0.00374
G1 X75.318 Y66.071 E0.00293
G1 X75.82 Y66.193 E0.00677
G1 X76.066 Y66.245 E0.0033
G1 X76.604 Y66.341 E0.00717
G1 X77.079 Y66.401 E0.00628
G1 X77.525 Y66.437 E0.00587
G1 X77.788 Y66.454 E0.00346
G1 X78.31 Y66.466 E0.00685
G0 F18000 X78.307 Y66.145
G0 X75.474 Y65.595
G0 X73.909 Y65.045
G0 X72.449 Y64.264
G0 X71.113 Y63.264
G0 X69.953 Y62.077
G0 X68.989 Y60.732
G0 X68.329 Y59.465
G0 X67.781 Y57.9
G0 X67.474 Y56.268
G0 X67.421 Y54.613
G0 X67.62 Y52.96
G0 X67.988 Y51.585
G0 X68.638 Y50.063
G0 X69.518 Y48.65
G0 X70.598 Y47.39
G0 X71.853 Y46.315
G0 X73.265 Y45.436
G0 X74.64 Y44.849
G0 X77.32 Y44.069
G0 X77.232 Y43.373
;TYPE:WALL-OUTER
G1 F1500 X77.522 Y43.35 E0.00381
G1 X77.998 Y43.328 E0.00625
G1 X78.508 Y43.326 E0.00669
G1 X79.08 Y43.352 E0.00751
G1 X79.314 Y43.369 E0.00308
G1 X79.576 Y43.397 E0.00346
G1 X80.039 Y43.453 E0.00612
G1 X80.847 Y43.606 E0.01078
G1 X81.084 Y43.663 E0.0032
G1 X81.528 Y43.78 E0.00602
G1 X81.826 Y43.87 E0.00408
G1 X82.278 Y44.024 E0.00626
G1 X82.521 Y44.113 E0.00339
G1 X82.787 Y44.219 E0.00375
G1 X83.025 Y44.322 E0.0034
G1 X83.489 Y44.538 E0.00671
G1 X83.725 Y44.659 E0.00348
G1 X84.142 Y44.887 E0.00623
G1 X84.388 Y45.03 E0.00373
G1 X84.578 Y45.148 E0.00293
G1 X84.809 Y45.3 E0.00363
G1 X85.037 Y45.456 E0.00362
G1 X85.219 Y45.586 E0.00293
G1 X85.445 Y45.755 E0.0037
G1 X85.849 Y46.079 E0.00679
G1 X86.024 Y46.229 E0.00302
G1 X86.203 Y46.388 E0.00314
G1 X86.422 Y46.593 E0.00393
G1 X86.587 Y46.753 E0.00301
G1 X86.931 Y47.111 E0.00651
G1 X87.124 Y47.323 E0.00376
G1 X87.279 Y47.506 E0.00314
G1 X87.618 Y47.927 E0.00709
G1 X87.774 Y48.134 E0.0034
G1 X87.92 Y48.339 E0.0033
G1 X88.203 Y48.762 E0.00667
G1 X88.468 Y49.2 E0.00671
G1 X88.723 Y49.664 E0.00694
G1 X88.937 Y50.099 E0.00636
G1 X89.033 Y50.307 E0.003
G1 X89.226 Y50.765 E0.00652
G1 X89.424 Y51.301 E0.00749
G1 X89.589 Y51.832 E0.00729
G1 X89.663 Y52.09 E0.00352
G1 X89.661 Y52.092 E0.00004
G1 X89.711 Y52.284 E0.0026
G1 X89.822 Y52.785 E0.00673
G1 X89.867 Y53.035 E0.00333
G1 X89.946 Y53.53 E0.00657
G1 X90.004 Y54.072 E0.00715
G1 X90.036 Y54.545 E0.00622
G1 X90.046 Y54.806 E0.00342
G1 X90.046 Y55.304 E0.00653
G1 X90.039 Y55.578 E0.00359
G1 X90.003 Y56.11 E0.00699
G1 X89.975 Y56.372 E0.00346
G1 X89.919 Y56.84 E0.00618
G1 X89.823 Y57.38 E0.00719
G1 X89.716 Y57.854 E0.00637
G1 X89.652 Y58.102 E0.00336
G1 X89.655 Y58.104 E0.00005
G1 X89.577 Y58.386 E0.00384
G1 X89.493 Y58.652 E0.00366
G1 X89.341 Y59.103 E0.00624
G1 X89.243 Y59.363 E0.00364
G1 X89.046 Y59.835 E0.00671
G1 X88.723 Y60.508 E0.00979
G1 X88.602 Y60.735 E0.00337
G1 X88.478 Y60.954 E0.0033
G1 X88.204 Y61.406 E0.00693
G1 X88.081 Y61.595 E0.00296
G1 X87.92 Y61.832 E0.00376
G1 X87.783 Y62.024 E0.00309
G1 X87.596 Y62.274 E0.00409
G1 X87.29 Y62.654 E0.0064
G1 X86.957 Y63.03 E0.00659
G1 X86.613 Y63.394 E0.00657
G1 X86.227 Y63.763 E0.007
G1 X85.878 Y64.067 E0.00607
G1 X85.681 Y64.228 E0.00334
G1 X85.463 Y64.4 E0.00364
G1 X85.238 Y64.57 E0.0037
G1 X85.059 Y64.698 E0.00289
G1 X84.817 Y64.865 E0.00386
G1 X84.369 Y65.153 E0.00698
G1 X84.17 Y65.27 E0.00303
G1 X83.942 Y65.396 E0.00342
G1 X83.488 Y65.631 E0.0067
G1 X83.255 Y65.743 E0.00339
G1 X83.044 Y65.839 E0.00304
G1 X82.817 Y65.935 E0.00323
G1 X82.244 Y66.161 E0.00808
G1 X81.804 Y66.305 E0.00607
G1 X81.581 Y66.373 E0.00306
G1 X81.579 Y66.377 E0.00006
G1 X81.353 Y66.439 E0.00307
G1 X80.839 Y66.562 E0.00693
G1 X80.603 Y66.614 E0.00317
G1 X80.309 Y66.672 E0.00393
G1 X79.845 Y66.74 E0.00615
G1 X79.593 Y66.771 E0.00333
G1 X79.315 Y66.798 E0.00366
G1 X78.821 Y66.832 E0.00649
G1 X78.316 Y66.846 E0.00662
G1 X77.793 Y66.834 E0.00686
G1 X77.533 Y66.819 E0.00341
G1 X76.998 Y66.775 E0.00704
G1 X76.537 Y66.716 E0.00609
G1 X75.985 Y66.617 E0.00735
G1 X75.728 Y66.56 E0.00345
G1 X75.28 Y66.453 E0.00604
G1 X75 Y66.377 E0.0038
G1 X74.716 Y66.288 E0.0039
G1 X74.273 Y66.141 E0.00612
G1 X73.764 Y65.942 E0.00717
G1 X73.761 Y65.938 E0.00007
G1 X73.314 Y65.739 E0.00642
G1 X72.856 Y65.515 E0.00669
G1 X72.655 Y65.408 E0.00299
G1 X72.426 Y65.28 E0.00344
G1 X72.184 Y65.137 E0.00369
G1 X71.991 Y65.015 E0.00299
G1 X71.776 Y64.874 E0.00337
G1 X71.539 Y64.712 E0.00376
G1 X71.16 Y64.437 E0.00614
G1 X70.921 Y64.252 E0.00396
G1 X70.728 Y64.094 E0.00327
G1 X70.316 Y63.733 E0.00718
G1 X69.968 Y63.394 E0.00637
G1 X69.79 Y63.213 E0.00333
G1 X69.458 Y62.854 E0.00641
G1 X69.282 Y62.647 E0.00356
G1 X68.985 Y62.276 E0.00623
G1 X68.802 Y62.033 E0.00399
G1 X68.652 Y61.825 E0.00336
G1 X68.507 Y61.613 E0.00337
G1 X68.368 Y61.398 E0.00336
G1 X68.111 Y60.977 E0.00647
G1 X67.87 Y60.537 E0.00658
G1 X67.646 Y60.086 E0.0066
G1 X67.524 Y59.824 E0.00379
G1 X67.342 Y59.385 E0.00623
G1 X67.235 Y59.1 E0.00399
G1 X67.162 Y58.891 E0.0029
G1 X66.976 Y58.3 E0.00812
G1 X66.913 Y58.078 E0.00303
G1 X66.915 Y58.076 E0.00004
G1 X66.865 Y57.885 E0.00259
G1 X66.753 Y57.374 E0.00686
G1 X66.711 Y57.146 E0.00304
G1 X66.634 Y56.667 E0.00636
G1 X66.602 Y56.395 E0.00359
G1 X66.574 Y56.111 E0.00374
G1 X66.538 Y55.596 E0.00677
G1 X66.526 Y55.11 E0.00637
G1 X66.53 Y54.835 E0.00361
G1 X66.538 Y54.589 E0.00323
G1 X66.553 Y54.329 E0.00341
G1 X66.573 Y54.058 E0.00356
G1 X66.655 Y53.349 E0.00936
G1 X66.707 Y53.036 E0.00416
G1 X66.749 Y52.814 E0.00296
G1 X66.809 Y52.534 E0.00375
G1 X66.857 Y52.327 E0.00279
G1 X66.924 Y52.066 E0.00353
G1 X66.921 Y52.064 E0.00005
G1 X66.997 Y51.79 E0.00373
G1 X67.07 Y51.55 E0.00329
G1 X67.239 Y51.053 E0.00688
G1 X67.327 Y50.826 E0.00319
G1 X67.524 Y50.352 E0.00673
G1 X67.629 Y50.123 E0.0033
G1 X67.842 Y49.684 E0.0064
G1 X67.978 Y49.425 E0.00384
G1 X68.101 Y49.209 E0.00326
G1 X68.371 Y48.767 E0.00679
G1 X68.512 Y48.552 E0.00337
G1 X68.814 Y48.12 E0.00691
G1 X68.96 Y47.927 E0.00317
G1 X69.282 Y47.522 E0.00678
G1 X69.451 Y47.322 E0.00343
G1 X69.793 Y46.953 E0.0066
G1 X70.162 Y46.587 E0.00682
G1 X70.352 Y46.409 E0.00341
G1 X70.703 Y46.095 E0.00618
G1 X71.133 Y45.753 E0.0072
G1 X71.308 Y45.621 E0.00287
G1 X71.521 Y45.467 E0.00345
G1 X71.978 Y45.161 E0.00721
G1 X72.383 Y44.917 E0.0062
G1 X72.836 Y44.668 E0.00678
G1 X73.087 Y44.538 E0.00371
G1 X73.561 Y44.32 E0.00684
G1 X73.992 Y44.139 E0.00613
G1 X74.225 Y44.05 E0.00327
G1 X74.523 Y43.942 E0.00416
G1 X74.997 Y43.798 E0.0065
G1 X74.999 Y43.793 E0.00007
G1 X75.237 Y43.725 E0.00325
G1 X75.426 Y43.675 E0.00256
G1 X75.713 Y43.611 E0.00386
G1 X76.239 Y43.505 E0.00704
G1 X76.473 Y43.466 E0.00311
G1 X77.01 Y43.395 E0.0071
G1 X77.232 Y43.373 E0.00293
G0 F18000 X77.033 Y43.392
G0 X77.09 Y44.092
G0 X74.13 Y45.032
G0 X72.848 Y45.665
G0 X71.478 Y46.602
G0 X70.266 Y47.74
G0 X69.374 Y48.851
G0 X68.533 Y50.273
G0 X67.912 Y51.818
G0 X67.503 Y53.663
G0 X67.409 Y55.091
G0 X67.575 Y56.976
G0 X67.99 Y58.59
G0 X68.637 Y60.107
G0 X69.516 Y61.52
G0 X70.595 Y62.779
G0 X71.86 Y63.864
G0 X72.836 Y64.483
G0 X74.75 Y65.437
G0 X74.991 Y64.779
G1 F1500 X75.423 Y64.914 E0.00593
G1 X75.619 Y64.972 E0.00268
G1 X76.067 Y65.081 E0.00605
G1 X76.285 Y65.127 E0.00292
G1 X76.949 Y65.24 E0.00883
G1 X77.168 Y65.265 E0.00289
G1 X77.616 Y65.302 E0.00589
G1 X78.061 Y65.322 E0.00584
G1 X78.285 Y65.326 E0.00294
G1 X78.501 Y65.322 E0.00283
G1 X78.952 Y65.302 E0.00592
G1 X79.4 Y65.266 E0.00589
G1 X79.795 Y65.212 E0.00523
G1 X80.281 Y65.128 E0.00647
G1 X80.718 Y65.034 E0.00586
G1 X80.941 Y64.976 E0.00302
G1 X81.153 Y64.915 E0.00289
G1 X81.577 Y64.782 E0.00583
G1 X81.782 Y64.712 E0.00284
G1 X82.213 Y64.546 E0.00606
G1 X82.82 Y64.271 E0.00874
G1 X83.218 Y64.06 E0.00591
G1 X83.596 Y63.841 E0.00573
G1 X83.833 Y63.694 E0.00366
G1 X84.157 Y63.479 E0.0051
G1 X84.522 Y63.208 E0.00596
G1 X84.698 Y63.07 E0.00293
G1 X85.038 Y62.786 E0.00581
G1 X85.371 Y62.483 E0.0059
G1 X85.529 Y62.329 E0.00289
G1 X85.704 Y62.149 E0.00329
G1 X85.976 Y61.848 E0.00532
G1 X86.415 Y61.321 E0.00899
G1 X86.8 Y60.782 E0.00869
G1 X87.025 Y60.426 E0.00552
G1 X87.156 Y60.205 E0.00337
G1 X87.371 Y59.818 E0.00581
G1 X87.567 Y59.416 E0.00586
G1 X87.661 Y59.212 E0.00295
G1 X87.832 Y58.803 E0.00581
G1 X87.985 Y58.378 E0.00592
G1 X88.118 Y57.949 E0.00589
G1 X88.174 Y57.755 E0.00265
G1 X88.234 Y57.522 E0.00315
G1 X88.285 Y57.3 E0.00299
G1 X88.375 Y56.863 E0.00585
G1 X88.44 Y56.424 E0.00582
G1 X88.489 Y55.981 E0.00584
G1 X88.506 Y55.758 E0.00293
G1 X88.518 Y55.536 E0.00292
G1 X88.526 Y55.314 E0.00291
G1 X88.526 Y54.864 E0.0059
G1 X88.506 Y54.42 E0.00583
G1 X88.47 Y53.968 E0.00595
G1 X88.445 Y53.764 E0.0027
G1 X88.372 Y53.308 E0.00606
G1 X88.332 Y53.087 E0.00295
G1 X88.238 Y52.666 E0.00566
G1 X88.14 Y52.293 E0.00506
G1 X88.054 Y52.005 E0.00394
G1 X87.985 Y51.793 E0.00292
G1 X87.835 Y51.375 E0.00582
G1 X87.661 Y50.958 E0.00592
G1 X87.6 Y50.829 E0.00187
G1 X87.603 Y50.826 E0.00006
G1 X87.471 Y50.556 E0.00394
G1 X87.27 Y50.161 E0.00581
G1 X87.044 Y49.776 E0.00585
G1 X86.926 Y49.584 E0.00296
G1 X86.73 Y49.29 E0.00463
G1 X86.41 Y48.848 E0.00716
G1 X86.136 Y48.508 E0.00573
G1 X85.989 Y48.336 E0.00297
G1 X85.841 Y48.169 E0.00293
G1 X85.533 Y47.847 E0.00584
G1 X85.204 Y47.531 E0.00598
G1 X85.049 Y47.395 E0.0027
G1 X84.707 Y47.106 E0.00587
G1 X84.347 Y46.827 E0.00597
G1 X83.981 Y46.572 E0.00585
G1 X83.791 Y46.448 E0.00298
G1 X83.411 Y46.217 E0.00583
G1 X83.012 Y45.997 E0.00597
G1 X82.546 Y45.769 E0.0068
G1 X82.543 Y45.771 E0.00005
G1 X82.433 Y45.719 E0.0016
G1 X82.037 Y45.556 E0.00562
G1 X81.787 Y45.461 E0.00351
G1 X81.403 Y45.328 E0.00533
G1 X80.946 Y45.193 E0.00625
G1 X80.514 Y45.087 E0.00583
G1 X80.072 Y45.001 E0.0059
G1 X79.621 Y44.932 E0.00598
G1 X79.239 Y44.887 E0.00504
G1 X78.741 Y44.854 E0.00654
G1 X78.516 Y44.845 E0.00295
G1 X78.068 Y44.846 E0.00587
G1 X77.855 Y44.854 E0.00279
G1 X77.395 Y44.882 E0.00604
G1 X76.954 Y44.931 E0.00582
G1 X76.733 Y44.964 E0.00293
G1 X76.295 Y45.04 E0.00583
G1 X76.07 Y45.085 E0.00301
G1 X75.629 Y45.195 E0.00596
G1 X75.493 Y45.236 E0.00186
G1 X75.49 Y45.233 E0.00006
G1 X75.208 Y45.318 E0.00386
G1 X74.776 Y45.462 E0.00597
G1 X74.361 Y45.627 E0.00586
G1 X73.931 Y45.818 E0.00617
G1 X73.567 Y45.998 E0.00532
G1 X73.172 Y46.213 E0.0059
G1 X72.789 Y46.445 E0.00587
G1 X72.415 Y46.693 E0.00588
G1 X72.24 Y46.821 E0.00284
G1 X71.875 Y47.101 E0.00603
G1 X71.538 Y47.385 E0.00578
G1 X71.402 Y47.505 E0.00238
G1 X71.052 Y47.838 E0.00633
G1 X70.738 Y48.169 E0.00598
G1 X70.462 Y48.479 E0.00544
G1 X70.301 Y48.67 E0.00328
G1 X70.032 Y49.025 E0.00584
G1 X69.918 Y49.188 E0.00261
G1 X69.913 Y49.19 E0.00007
G1 X69.654 Y49.578 E0.00612
G1 X69.42 Y49.962 E0.0059
G1 X69.311 Y50.153 E0.00288
G1 X69.213 Y50.34 E0.00277
G1 X69.009 Y50.751 E0.00602
G1 X68.913 Y50.96 E0.00302
G1 X68.749 Y51.354 E0.0056
G1 X68.593 Y51.787 E0.00604
G1 X68.442 Y52.267 E0.0066
G1 X68.339 Y52.661 E0.00534
G1 X68.246 Y53.078 E0.0056
G1 X68.168 Y53.523 E0.00592
G1 X68.142 Y53.721 E0.00262
G1 X68.138 Y53.732 E0.00015
G1 X68.107 Y53.963 E0.00306
G1 X68.07 Y54.412 E0.00591
G1 X68.05 Y54.858 E0.00585
G1 X68.046 Y55.081 E0.00292
G1 X68.058 Y55.529 E0.00588
G1 X68.07 Y55.746 E0.00285
G1 X68.106 Y56.2 E0.00597
G1 X68.135 Y56.421 E0.00292
G1 X68.2 Y56.853 E0.00573
G1 X68.289 Y57.295 E0.00591
G1 X68.338 Y57.504 E0.00281
G1 X68.456 Y57.95 E0.00605
G1 X68.591 Y58.379 E0.0059
G1 X68.741 Y58.793 E0.00577
G1 X68.912 Y59.209 E0.0059
G1 X69.008 Y59.414 E0.00297
G1 X69.201 Y59.808 E0.00575
G1 X69.312 Y60.015 E0.00308
G1 X69.548 Y60.421 E0.00616
G1 X69.771 Y60.774 E0.00548
G1 X69.892 Y60.947 E0.00277
G1 X70.165 Y61.319 E0.00605
G1 X70.44 Y61.66 E0.00574
G1 X70.574 Y61.819 E0.00273
G1 X70.734 Y61.999 E0.00316
G1 X70.884 Y62.158 E0.00287
G1 X71.2 Y62.478 E0.0059
G1 X71.527 Y62.777 E0.00581
G1 X71.874 Y63.071 E0.00596
G1 X72.045 Y63.206 E0.00286
G1 X72.59 Y63.596 E0.00879
G1 X73.164 Y63.951 E0.00885
G1 X73.358 Y64.06 E0.00292
G1 X73.755 Y64.269 E0.00588
G1 X73.953 Y64.364 E0.00288
G1 X74.354 Y64.542 E0.00575
G1 X74.574 Y64.629 E0.0031
G1 X74.991 Y64.779 E0.00581
G0 F18000 X74.803 Y64.712
G1 F1800 E-3.5
;MESH:Full_Asse_Dielectric_Part.STL
G0 F18000 X74.562 Y65.368
G0 X75.293 Y66.231
G0 X74.947 Y67.638
G0 X85.154 Y96.21
G0 X84.921 Y97.421
;TYPE:SKIN
G1 F1800 E3.52079
G1 F8400 X84.921 Y97.796 E0.00622
G1 X85.295 Y97.421 E0.00879
G1 X85.833 Y97.421 E0.00892
G1 X84.921 Y98.333 E0.0214
G1 X84.921 Y98.87 E0.00891
G1 X86.37 Y97.421 E0.03399
G1 X86.908 Y97.421 E0.00892
G1 X84.921 Y99.408 E0.04661
G1 X84.921 Y99.945 E0.00891
G1 X87.445 Y97.421 E0.05921
G1 X87.982 Y97.421 E0.00891
G1 X84.921 Y100.483 E0.07182
G1 X84.921 Y101.02 E0.00891
G1 X88.52 Y97.421 E0.08443
G1 X89.057 Y97.421 E0.00891
G1 X84.921 Y101.558 E0.09704
G1 X84.921 Y102.095 E0.00891
G1 X89.595 Y97.421 E0.10965
G1 X90.132 Y97.421 E0.00891
G1 X84.921 Y102.632 E0.12225
G1 X84.921 Y103.17 E0.00892
G1 X90.669 Y97.421 E0.13486
G1 X91.207 Y97.421 E0.00892
G1 X84.921 Y103.707 E0.14747
G1 X84.921 Y104.245 E0.00892
G1 X91.744 Y97.421 E0.16008
G1 X92.282 Y97.421 E0.00892
G1 X84.921 Y104.782 E0.17269
G1 X84.921 Y105.319 E0.00891
G1 X92.819 Y97.421 E0.18528
G1 X93.356 Y97.421 E0.00891
G1 X84.921 Y105.857 E0.19789
G1 X84.921 Y106.394 E0.00891
G1 X93.894 Y97.421 E0.2105
G1 X94.431 Y97.421 E0.00891
G1 X84.921 Y106.932 E0.22311
G1 X84.921 Y107.469 E0.00891
G1 X94.969 Y97.421 E0.23572
G1 X95.506 Y97.421 E0.00891
G1 X84.921 Y108.006 E0.24832
G1 X84.921 Y108.544 E0.00892
G1 X96.043 Y97.421 E0.26093
G1 X96.581 Y97.421 E0.00892
G1 X84.921 Y109.081 E0.27354
G1 X84.921 Y109.619 E0.00892
G1 X97.118 Y97.421 E0.28615
G1 X97.656 Y97.421 E0.00892
G0 F18000 X97.656 Y98.14
G0 X89.656 Y104.235
G0 X89.413 Y104.637
G0 X90.069 Y104.924
G1 F8400 X90.171 Y104.694 E0.00417
G1 X90.672 Y104.404 E0.0096
G0 F18000 X90.117 Y104.959
G1 F8400 X84.921 Y110.156 E0.12191
G0 F18000 X85.64 Y110.156
G0 X89.656 Y104.235
G0 X97.656 Y98.14
G0 X97.656 Y97.421
G1 F8400 X90.672 Y104.404 E0.16383
G1 X91.278 Y104.055 E0.0116
G1 X91.344 Y104.037 E0.00113
G1 X91.577 Y104.037 E0.00387
G0 F18000 X91.577 Y103.318
G0 X91.02 Y103.445
G0 X89.656 Y104.235
G0 X85.64 Y110.156
G0 X84.921 Y110.156
G1 F8400 X84.921 Y110.693 E0.00891
G1 X90.535 Y105.079 E0.1317
G0 F18000 X90.535 Y105.798
G0 X90.048 Y105.735
G0 X89.273 Y105.127
G0 X89.656 Y104.235
G0 X90.884 Y103.524
G0 X91.577 Y103.318
G0 X91.577 Y104.037
G1 F8400 X98.193 Y97.421 E0.15521
G1 X98.73 Y97.421 E0.00891
G1 X92.115 Y104.037 E0.1552
G1 X92.652 Y104.037 E0.00891
G1 X99.268 Y97.421 E0.15521
G1 X99.805 Y97.421 E0.00891
G1 X93.13 Y104.096 E0.15659
G1 X93.471 Y104.293 E0.00653
G1 X100.343 Y97.421 E0.16121
G1 X100.88 Y97.421 E0.00891
G1 X93.811 Y104.49 E0.16584
G0 F18000 X94.171 Y103.868
G0 X94.694 Y104.241
G0 X95.054 Y105.15
G0 X94.283 Y105.735
G0 X90.535 Y105.798
G0 X90.535 Y105.079
G1 F8400 X91.073 Y105.079 E0.00892
G1 X84.921 Y111.231 E0.14432
G1 X84.921 Y111.768 E0.00891
G1 X91.61 Y105.079 E0.15692
G1 X92.147 Y105.079 E0.00891
G1 X84.921 Y112.306 E0.16953
G1 X84.921 Y112.843 E0.00891
G1 X92.685 Y105.079 E0.18214
G1 X93.222 Y105.079 E0.00891
G1 X84.921 Y113.38 E0.19474
G1 X84.921 Y113.918 E0.00892
G0 F18000 X85.61 Y113.642
G0 X95.054 Y105.15
G0 X94.694 Y104.241
G0 X94.171 Y103.868
G0 X93.811 Y104.49
G1 F8400 X94.152 Y104.686 E0.00652
G1 X101.417 Y97.421 E0.17043
G1 X101.955 Y97.421 E0.00892
G0 F18000 X101.955 Y98.14
G0 X95.054 Y105.15
G0 X85.61 Y113.642
G0 X84.921 Y113.918
G1 F8400 X93.76 Y105.079 E0.20736
G1 X94.065 Y105.079 E0.00506
G1 X94.266 Y104.93 E0.00415
G1 X94.168 Y104.695 E0.00422
G0 F18000 X94.528 Y104.074
G0 X101.955 Y98.14
G0 X101.955 Y97.421
G1 F8400 X84.921 Y114.455 E0.39961
G1 X84.921 Y114.588 E0.00221
G1 X85.46 Y114.277 E0.01032
G1 X85.501 Y114.331 E0.00112
G1 X85.582 Y114.331 E0.00134
G1 X102.492 Y97.421 E0.3967
G1 X103.03 Y97.421 E0.00892
G1 X86.119 Y114.331 E0.39671
G1 X86.657 Y114.331 E0.00892
G1 X103.567 Y97.421 E0.3967
G1 X104.105 Y97.421 E0.00892
G1 X87.154 Y114.371 E0.39765
G1 X87.495 Y114.568 E0.00653
G1 X104.642 Y97.421 E0.40226
G1 X105.179 Y97.421 E0.00891
G1 X87.835 Y114.765 E0.40688
G0 F18000 X88.195 Y114.143
G0 X88.625 Y115.308
G0 X88.249 Y115.597
G0 X85.21 Y115.662
G0 X84.921 Y115.373
G1 F8400 X84.921 Y115.529 E0.00259
G1 X85.078 Y115.373 E0.00367
G0 F18000 X84.921 Y115.529
G1 F8400 X84.921 Y116.067 E0.00892
G1 X85.615 Y115.373 E0.01628
G1 X86.152 Y115.373 E0.00891
G1 X84.921 Y116.604 E0.02888
G1 X84.921 Y117.141 E0.00891
G1 X86.69 Y115.373 E0.04149
G1 X87.227 Y115.373 E0.00891
G1 X84.921 Y117.679 E0.0541
G1 X84.921 Y118.216 E0.00891
G0 F18000 X85.64 Y118.216
G0 X89.111 Y115.444
G0 X88.751 Y114.535
G0 X88.195 Y114.143
G0 X87.835 Y114.765
G1 F8400 X88.176 Y114.962 E0.00653
G0 F18000 X88.536 Y114.34
G0 X88.751 Y114.535
G0 X89.111 Y115.444
G0 X85.64 Y118.216
G0 X84.921 Y118.216
G1 F8400 X87.765 Y115.373 E0.06671
G0 F18000 X88.176 Y114.962
G1 F8400 X105.717 Y97.421 E0.41151
G0 F18000 X105.717 Y98.14
G0 X88.584 Y114.367
G0 X88.224 Y114.989
G1 F8400 X88.323 Y115.224 E0.00423
G1 X88.122 Y115.373 E0.00415
G1 X87.765 Y115.373 E0.00592
G0 F18000 X87.765 Y116.092
G0 X88.34 Y116.029
G0 X88.965 Y115.556
G0 X105.717 Y98.14
G0 X105.717 Y97.421
G1 F8400 X106.254 Y97.421 E0.00891
G1 X84.921 Y118.754 E0.50047
G1 X84.921 Y119.291 E0.00891
G1 X106.792 Y97.421 E0.51307
G1 X107.329 Y97.421 E0.00891
G1 X84.921 Y119.828 E0.52567
G1 X84.921 Y120.366 E0.00892
G1 X107.866 Y97.421 E0.53828
G1 X108.404 Y97.421 E0.00892
G1 X84.921 Y120.903 E0.55089
G1 X84.921 Y121.441 E0.00892
G1 X108.941 Y97.421 E0.5635
G1 X109.479 Y97.421 E0.00892
G0 F18000 X109.479 Y98.14
G0 X101.543 Y104.235
G0 X101.3 Y104.637
G0 X101.956 Y104.924
G1 F8400 X102.058 Y104.694 E0.00417
G1 X102.406 Y104.493 E0.00667
G0 F18000 X101.967 Y104.933
G1 F8400 X84.921 Y121.978 E0.39988
G0 F18000 X85.61 Y121.89
G0 X101.543 Y104.235
G0 X109.479 Y98.14
G0 X109.479 Y97.421
G1 F8400 X102.406 Y104.493 E0.16592
G0 F18000 X102.047 Y103.871
G0 X101.638 Y104.166
G0 X85.61 Y121.89
G0 X84.921 Y121.978
G1 F8400 X84.921 Y122.515 E0.00891
G0 F18000 X85.21 Y122.29
G0 X102.047 Y103.871
G0 X102.406 Y104.493
G1 F8400 X103.165 Y104.055 E0.01454
G1 X103.231 Y104.037 E0.00113
G1 X103.4 Y104.037 E0.0028
G0 F18000 X103.4 Y103.318
G0 X102.011 Y104.395
G0 X85.21 Y122.29
G0 X84.921 Y122.515
G1 F8400 X102.358 Y105.079 E0.40905
G0 F18000 X102.358 Y105.798
G0 X101.935 Y105.735
G0 X101.16 Y105.127
G0 X101.543 Y104.235
G0 X102.771 Y103.524
G0 X103.4 Y103.318
G0 X103.4 Y104.037
G1 F8400 X110.016 Y97.421 E0.15521
G1 X110.553 Y97.421 E0.00891
G1 X103.937 Y104.037 E0.15521
G1 X104.474 Y104.037 E0.00891
G1 X111.091 Y97.421 E0.15522
G1 X111.628 Y97.421 E0.00891
G1 X104.976 Y104.073 E0.15605
G1 X105.317 Y104.269 E0.00652
G1 X112.166 Y97.421 E0.16066
G1 X112.703 Y97.421 E0.00891
G1 X105.658 Y104.466 E0.16527
G0 F18000 X106.017 Y103.844
G0 X106.582 Y104.241
G0 X106.942 Y105.15
G0 X106.171 Y105.735
G0 X102.358 Y105.798
G0 X102.358 Y105.079
G1 F8400 X102.895 Y105.079 E0.00891
G1 X85.395 Y122.579 E0.41054
G1 X85.933 Y122.579 E0.00892
G1 X103.433 Y105.079 E0.41054
G1 X103.97 Y105.079 E0.00891
G1 X86.47 Y122.579 E0.41054
G1 X87.007 Y122.579 E0.00891
G1 X104.508 Y105.079 E0.41056
G1 X105.045 Y105.079 E0.00891
G1 X87.545 Y122.579 E0.41054
G1 X88.082 Y122.579 E0.00891
G0 F18000 X88.082 Y121.86
G0 X104.528 Y105.729
G0 X106.171 Y105.735
G0 X106.942 Y105.15
G0 X106.582 Y104.241
G0 X106.017 Y103.844
G0 X105.658 Y104.466
G1 F8400 X105.999 Y104.662 E0.00652
G1 X113.24 Y97.421 E0.16987
G1 X113.778 Y97.421 E0.00892
G0 F18000 X113.778 Y98.14
G0 X106.942 Y105.15
G0 X95.6 Y114.529
G0 X88.082 Y121.86
G0 X88.082 Y122.579
G1 F8400 X105.582 Y105.079 E0.41054
G1 X105.953 Y105.079 E0.00615
G1 X106.035 Y105.018 E0.0017
G1 X106.052 Y105.018 E0.00028
G1 X106.056 Y105.003 E0.00026
G1 X106.161 Y104.924 E0.00218
G1 X106.107 Y104.813 E0.00205
G1 X106.128 Y104.736 E0.00132
G0 F18000 X106.748 Y104.487
G0 X113.778 Y98.14
G0 X113.778 Y97.421
G1 F8400 X96.342 Y114.857 E0.40904
G0 F18000 X96.039 Y115.16
G1 F8400 X88.62 Y122.579 E0.17405
G0 F18000 X88.62 Y121.86
G0 X95.6 Y114.529
G0 X95.983 Y114.235
G0 X96.342 Y114.857
G1 F8400 X97.222 Y114.349 E0.01686
G1 X97.288 Y114.331 E0.00113
G1 X97.405 Y114.331 E0.00194
G0 F18000 X97.405 Y113.612
G0 X96.964 Y113.739
G0 X95.6 Y114.529
G0 X88.62 Y121.86
G0 X88.62 Y122.579
G1 F8400 X89.157 Y122.579 E0.00891
G0 F18000 X89.157 Y121.86
G0 X95.6 Y114.529
G0 X96.828 Y113.818
G0 X97.405 Y113.612
G0 X97.405 Y114.331
G1 F8400 X114.315 Y97.421 E0.3967
G1 X114.853 Y97.421 E0.00892
G1 X97.943 Y114.331 E0.3967
G1 X98.48 Y114.331 E0.00891
G1 X115.39 Y97.421 E0.3967
G1 X115.927 Y97.421 E0.00891
G1 X99.001 Y114.348 E0.39709
G1 X99.341 Y114.544 E0.00651
G1 X116.465 Y97.421 E0.40171
G1 X117.002 Y97.421 E0.00891
G1 X99.682 Y114.742 E0.40633
G0 F18000 X100.042 Y114.12
G0 X100.638 Y114.535
G0 X100.998 Y115.444
G0 X100.373 Y115.917
G0 X89.157 Y121.86
G0 X89.157 Y122.579
G1 F8400 X96.363 Y115.373 E0.16905
G1 X96.9 Y115.373 E0.00891
G1 X89.694 Y122.579 E0.16905
G1 X90.232 Y122.579 E0.00892
G1 X97.438 Y115.373 E0.16905
G1 X97.975 Y115.373 E0.00891
G1 X90.769 Y122.579 E0.16905
G1 X91.307 Y122.579 E0.00892
G1 X98.513 Y115.373 E0.16905
G1 X99.05 Y115.373 E0.00891
G1 X91.844 Y122.579 E0.16905
G1 X92.381 Y122.579 E0.00891
G0 F18000 X92.381 Y121.86
G0 X100.998 Y115.444
G0 X100.638 Y114.535
G0 X100.042 Y114.12
G0 X99.682 Y114.742
G1 F8400 X100.022 Y114.938 E0.00651
G1 X117.54 Y97.421 E0.41095
G0 F18000 X117.54 Y98.14
G0 X100.998 Y115.444
G0 X92.381 Y121.86
G0 X92.381 Y122.579
G1 F8400 X99.588 Y115.373 E0.16906
G1 X100.009 Y115.373 E0.00698
G1 X100.21 Y115.224 E0.00415
G1 X100.111 Y114.989 E0.00423
G0 F18000 X100.471 Y114.367
G0 X117.54 Y98.14
G0 X117.54 Y97.421
G1 F8400 X118.077 Y97.421 E0.00891
G1 X92.919 Y122.579 E0.5902
G1 X93.456 Y122.579 E0.00891
G1 X118.614 Y97.421 E0.5902
G1 X119.152 Y97.421 E0.00892
G1 X93.994 Y122.579 E0.5902
G1 X94.531 Y122.579 E0.00891
G1 X119.689 Y97.421 E0.5902
G1 X120.227 Y97.421 E0.00892
G1 X95.068 Y122.579 E0.59021
G1 X95.606 Y122.579 E0.00892
G1 X120.764 Y97.421 E0.5902
G1 X121.301 Y97.421 E0.00891
G1 X114.142 Y104.58 E0.16795
G0 F18000 X113.879 Y104.843
G1 F8400 X96.143 Y122.579 E0.41608
G0 F18000 X96.143 Y121.86
G0 X113.43 Y104.235
G0 X113.784 Y103.959
G0 X114.142 Y104.58
G1 F8400 X115.049 Y104.056 E0.01738
G1 X115.117 Y104.037 E0.00117
G1 X115.222 Y104.037 E0.00174
G0 F18000 X115.222 Y103.318
G0 X114.795 Y103.445
G0 X113.43 Y104.235
G0 X96.143 Y121.86
G0 X96.143 Y122.579
G1 F8400 X96.681 Y122.579 E0.00892
G0 F18000 X96.681 Y121.86
G0 X113.43 Y104.235
G0 X114.658 Y103.524
G0 X115.222 Y103.318
G0 X115.222 Y104.037
G1 F8400 X121.839 Y97.421 E0.15522
G1 X122.376 Y97.421 E0.00891
G1 X115.76 Y104.037 E0.15521
G1 X116.297 Y104.037 E0.00891
G1 X122.914 Y97.421 E0.15522
G1 X123.451 Y97.421 E0.00891
G1 X116.823 Y104.049 E0.15549
G1 X117.163 Y104.246 E0.00652
G1 X123.988 Y97.421 E0.16011
G1 X124.526 Y97.421 E0.00892
G1 X117.504 Y104.443 E0.16473
G0 F18000 X117.865 Y103.821
G0 X118.469 Y104.241
G0 X118.829 Y105.15
G0 X96.681 Y121.86
G0 X96.681 Y122.579
G1 F8400 X114.181 Y105.079 E0.41054
G1 X114.718 Y105.079 E0.00891
G1 X97.218 Y122.579 E0.41054
G1 X97.755 Y122.579 E0.00891
G1 X115.256 Y105.079 E0.41056
G1 X115.793 Y105.079 E0.00891
G1 X98.293 Y122.579 E0.41054
G1 X98.83 Y122.579 E0.00891
G1 X116.33 Y105.079 E0.41054
G1 X116.868 Y105.079 E0.00892
G1 X99.368 Y122.579 E0.41054
G1 X99.905 Y122.579 E0.00891
G0 F18000 X99.905 Y121.86
G0 X116.364 Y105.729
G0 X118.058 Y105.735
G0 X118.829 Y105.15
G0 X118.469 Y104.241
G0 X117.865 Y103.821
G0 X117.504 Y104.443
G1 F8400 X117.845 Y104.639 E0.00652
G1 X125.063 Y97.421 E0.16933
G0 F18000 X125.063 Y98.14
G0 X118.829 Y105.15
G0 X107.487 Y114.529
G0 X99.905 Y121.86
G0 X99.905 Y122.579
G1 F8400 X117.405 Y105.079 E0.41054
G1 X117.84 Y105.08 E0.00722
G1 X118.041 Y104.93 E0.00416
G1 X117.942 Y104.695 E0.00423
G0 F18000 X118.302 Y104.073
G0 X125.063 Y98.14
G0 X125.063 Y97.421
G1 F8400 X125.601 Y97.421 E0.00892
G0 F18000 X125.601 Y98.14
G0 X118.829 Y105.15
G0 X107.487 Y114.529
G0 X107.32 Y114.757
G0 X107.977 Y115.045
G1 F8400 X100.442 Y122.579 E0.17676
G1 X100.98 Y122.579 E0.00892
G0 F18000 X100.98 Y121.86
G0 X107.487 Y114.529
G0 X118.829 Y105.15
G0 X125.601 Y98.14
G0 X125.601 Y97.421
G1 F8400 X108.076 Y114.946 E0.41113
G1 X109.109 Y114.349 E0.01979
G1 X109.175 Y114.331 E0.00113
G1 X109.227 Y114.331 E0.00086
G1 X126.138 Y97.421 E0.39671
G1 X126.675 Y97.421 E0.00891
G1 X109.765 Y114.331 E0.3967
G1 X110.302 Y114.331 E0.00891
G1 X127.213 Y97.421 E0.39671
G1 X127.75 Y97.421 E0.00891
G1 X110.847 Y114.324 E0.39654
G1 X111.188 Y114.521 E0.00653
G1 X128.288 Y97.421 E0.40116
G1 X128.825 Y97.421 E0.00891
G1 X111.528 Y114.718 E0.40578
G0 F18000 X111.888 Y114.096
G0 X112.525 Y114.535
G0 X112.885 Y115.444
G0 X112.26 Y115.917
G0 X100.98 Y121.86
G0 X100.98 Y122.579
G1 F8400 X108.186 Y115.373 E0.16905
G1 X108.723 Y115.373 E0.00891
G1 X101.517 Y122.579 E0.16905
G1 X102.055 Y122.579 E0.00892
G1 X109.261 Y115.373 E0.16905
G1 X109.798 Y115.373 E0.00891
G1 X102.592 Y122.579 E0.16905
G1 X103.129 Y122.579 E0.00891
G1 X110.336 Y115.373 E0.16906
G1 X110.873 Y115.373 E0.00891
G1 X103.667 Y122.579 E0.16905
G1 X104.204 Y122.579 E0.00891
G0 F18000 X104.204 Y121.86
G0 X112.885 Y115.444
G0 X112.525 Y114.535
G0 X111.888 Y114.096
G0 X111.528 Y114.718
G1 F8400 X111.869 Y114.915 E0.00653
G0 F18000 X112.229 Y114.293
G0 X112.525 Y114.535
G0 X112.885 Y115.444
G0 X104.204 Y121.86
G0 X104.204 Y122.579
G1 F8400 X111.41 Y115.373 E0.16905
G0 F18000 X111.869 Y114.915
G1 F8400 X129.362 Y97.421 E0.41039
G1 X129.9 Y97.421 E0.00892
G0 F18000 X129.9 Y98.14
G0 X112.358 Y114.367
G0 X111.998 Y114.989
G1 F8400 X112.097 Y115.224 E0.00423
G1 X111.895 Y115.373 E0.00416
G1 X111.41 Y115.373 E0.00805
G0 F18000 X111.41 Y116.092
G0 X112.114 Y116.029
G0 X112.739 Y115.556
G0 X129.9 Y98.14
G0 X129.9 Y97.421
G1 F8400 X104.742 Y122.579 E0.5902
G1 X105.279 Y122.579 E0.00891
G1 X130.437 Y97.421 E0.5902
G1 X130.975 Y97.421 E0.00892
G1 X105.816 Y122.579 E0.59021
G1 X106.354 Y122.579 E0.00892
G1 X131.512 Y97.421 E0.5902
G1 X132.049 Y97.421 E0.00891
G1 X106.891 Y122.579 E0.5902
G1 X107.429 Y122.579 E0.00892
G1 X132.587 Y97.421 E0.5902
G1 X133.124 Y97.421 E0.00891
G1 X125.876 Y104.669 E0.17004
G1 X125.818 Y104.727
G1 X107.966 Y122.579 E0.4188
G1 X108.503 Y122.579 E0.00891
G0 F18000 X108.503 Y121.86
G0 X125.517 Y104.047
G0 X125.876 Y104.669
G1 F8400 X126.94 Y104.055 E0.02038
G1 X127.006 Y104.037 E0.00113
G1 X127.046 Y104.037 E0.00066
G0 F18000 X127.046 Y103.318
G0 X126.682 Y103.445
G0 X125.318 Y104.235
G0 X108.503 Y121.86
G0 X108.503 Y122.579
G1 F8400 X126.004 Y105.079 E0.41056
G0 F18000 X126.004 Y105.798
G0 X125.71 Y105.735
G0 X124.935 Y105.127
G0 X125.318 Y104.235
G0 X126.423 Y103.595
G0 X127.046 Y103.318
G0 X127.046 Y104.037
G1 F8400 X133.662 Y97.421 E0.15521
G1 X134.199 Y97.421 E0.00891
G1 X127.583 Y104.037 E0.15521
G1 X128.121 Y104.037 E0.00892
G1 X134.736 Y97.421 E0.1552
G1 X135.079 Y97.421 E0.00569
G1 X135.079 Y97.616 E0.00323
G1 X128.669 Y104.025 E0.15036
G1 X129.01 Y104.222 E0.00653
G1 X135.079 Y98.153 E0.14238
G1 X135.079 Y98.691 E0.00892
G1 X129.35 Y104.419 E0.13439
G0 F18000 X129.71 Y103.797
G0 X130.356 Y104.241
G0 X130.716 Y105.15
G0 X129.945 Y105.735
G0 X126.004 Y105.798
G0 X126.004 Y105.079
G1 F8400 X126.541 Y105.079 E0.00891
G1 X109.041 Y122.579 E0.41054
G1 X109.578 Y122.579 E0.00891
G1 X127.078 Y105.079 E0.41054
G1 X127.616 Y105.079 E0.00892
G1 X110.116 Y122.579 E0.41054
G1 X110.653 Y122.579 E0.00891
G1 X128.153 Y105.079 E0.41054
G1 X128.691 Y105.079 E0.00892
G1 X111.19 Y122.579 E0.41056
G1 X111.728 Y122.579 E0.00892
G1 X129.228 Y105.079 E0.41054
G0 F18000 X129.35 Y104.419
G1 F8400 X129.69 Y104.616 E0.00652
G1 X135.079 Y99.228 E0.12641
G0 F18000 X134.36 Y99.228
G0 X130.716 Y105.15
G0 X129.945 Y105.735
G0 X129.228 Y105.798
G0 X129.228 Y105.079
G1 F8400 X129.727 Y105.079 E0.00828
G1 X129.874 Y104.97 E0.00304
G0 F18000 X130.303 Y105.545
G0 X130.638 Y105.225
G0 X134.36 Y99.228
G0 X135.079 Y99.228
G1 F8400 X135.079 Y99.766 E0.00892
G0 F18000 X134.36 Y99.766
G0 X130.716 Y105.15
G0 X130.303 Y105.545
G0 X129.874 Y104.97
G1 F8400 X112.265 Y122.579 E0.4131
G1 X112.803 Y122.579 E0.00892
G0 F18000 X112.803 Y121.86
G0 X119.374 Y114.529
G0 X130.716 Y105.15
G0 X130.589 Y104.653
G0 X129.925 Y104.92
G1 F8400 X135.079 Y99.766 E0.12091
G0 F18000 X134.36 Y99.766
G0 X130.716 Y105.15
G0 X119.374 Y114.529
G0 X118.991 Y115.421
G0 X119.689 Y115.968
G0 X119.99 Y116.092
G0 X119.99 Y115.373
G1 F8400 X119.787 Y115.218 E0.00424
G1 X119.889 Y114.988 E0.00417
G1 X120.996 Y114.349 E0.0212
G1 X121.046 Y114.336 E0.00086
G1 X135.079 Y100.303 E0.32921
G0 F18000 X134.36 Y100.303
G0 X130.716 Y105.15
G0 X119.374 Y114.529
G0 X112.803 Y121.86
G0 X112.803 Y122.579
G1 F8400 X120.009 Y115.373 E0.16905
G0 F18000 X120.009 Y116.092
G0 X119.766 Y116.029
G0 X118.991 Y115.421
G0 X119.374 Y114.529
G0 X130.716 Y105.15
G0 X134.36 Y100.303
G0 X135.079 Y100.303
G1 F8400 X135.079 Y100.84 E0.00891
G1 X121.588 Y114.331 E0.31649
G1 X122.126 Y114.331 E0.00892
G1 X135.079 Y101.378 E0.30387
G1 X135.079 Y101.915 E0.00891
G1 X122.694 Y114.3 E0.29055
G1 X123.034 Y114.498 E0.00653
G1 X135.079 Y102.453 E0.28257
G1 X135.079 Y102.99 E0.00891
G1 X123.375 Y114.694 E0.27457
G0 F18000 X123.735 Y114.073
G0 X124.412 Y114.535
G0 X124.772 Y115.444
G0 X124.001 Y116.029
G0 X120.009 Y116.092
G0 X120.009 Y115.373
G1 F8400 X120.546 Y115.373 E0.00891
G1 X113.34 Y122.579 E0.16905
G1 X113.877 Y122.579 E0.00891
G1 X121.084 Y115.373 E0.16906
G1 X121.621 Y115.373 E0.00891
G1 X114.415 Y122.579 E0.16905
G1 X114.952 Y122.579 E0.00891
G1 X122.158 Y115.373 E0.16905
G1 X122.696 Y115.373 E0.00892
G1 X115.49 Y122.579 E0.16905
G1 X116.027 Y122.579 E0.00891
G1 X123.233 Y115.373 E0.16905
G0 F18000 X123.375 Y114.694
G1 F8400 X123.715 Y114.891 E0.00652
G1 X135.079 Y103.528 E0.26658
G0 F18000 X134.36 Y103.528
G0 X124.772 Y115.444
G0 X124.001 Y116.029
G0 X123.233 Y116.092
G0 X123.233 Y115.373
G1 F8400 X123.771 Y115.373 E0.00892
G0 F18000 X123.771 Y116.092
G0 X124.001 Y116.029
G0 X124.695 Y115.503
G0 X134.36 Y103.528
G0 X135.079 Y103.528
G1 F8400 X135.079 Y104.065 E0.00891
G0 F18000 X134.36 Y104.065
G0 X124.772 Y115.444
G0 X124.078 Y115.97
G0 X123.771 Y116.092
G0 X123.771 Y115.373
G1 F8400 X116.564 Y122.579 E0.16906
G1 X117.102 Y122.579 E0.00892
G0 F18000 X117.102 Y121.86
G0 X124.772 Y115.444
G0 X124.631 Y114.911
G0 X123.965 Y115.179
G1 F8400 X135.079 Y104.065 E0.26073
G0 F18000 X134.36 Y104.065
G0 X124.772 Y115.444
G0 X117.102 Y121.86
G0 X117.102 Y122.579
G1 F8400 X135.079 Y104.602 E0.42173
G1 X135.079 Y105.14 E0.00892
G1 X117.639 Y122.579 E0.40912
G1 X118.177 Y122.579 E0.00892
G1 X135.079 Y105.677 E0.39652
G1 X135.079 Y106.215 E0.00892
G1 X118.714 Y122.579 E0.38391
G1 X119.251 Y122.579 E0.00891
G1 X135.079 Y106.752 E0.37131
G1 X135.079 Y107.289 E0.00891
G1 X119.789 Y122.579 E0.3587
G1 X120.326 Y122.579 E0.00891
G1 X135.079 Y107.827 E0.34609
G1 X135.079 Y108.364 E0.00891
G1 X120.864 Y122.579 E0.33348
G1 X121.401 Y122.579 E0.00891
G1 X135.079 Y108.902 E0.32087
G1 X135.079 Y109.439 E0.00891
G1 X121.938 Y122.579 E0.30827
G1 X122.476 Y122.579 E0.00892
G1 X135.079 Y109.976 E0.29566
G1 X135.079 Y110.514 E0.00892
G1 X123.013 Y122.579 E0.28305
G1 X123.551 Y122.579 E0.00892
G1 X135.079 Y111.051 E0.27044
G1 X135.079 Y111.589 E0.00892
G1 X124.088 Y122.579 E0.25783
G1 X124.625 Y122.579 E0.00891
G0 F18000 X124.625 Y121.86
G0 X131.018 Y114.931
G0 X131.674 Y115.218
G1 F8400 X131.776 Y114.988 E0.00417
G1 X132.819 Y114.385 E0.01999
G0 F18000 X132.46 Y113.764
G0 X131.381 Y114.452
G0 X124.625 Y121.86
G0 X124.625 Y122.579
G1 F8400 X131.852 Y115.352 E0.16954
G0 F18000 X131.411 Y115.921
G0 X130.878 Y115.421
G0 X131.261 Y114.529
G0 X132.46 Y113.764
G0 X132.819 Y114.385
G1 F8400 X135.079 Y112.126 E0.05301
G0 F18000 X134.36 Y112.126
G0 X131.261 Y114.529
G0 X130.878 Y115.421
G0 X131.411 Y115.921
G0 X131.852 Y115.352
G1 F8400 X131.878 Y115.373 E0.00055
G1 X132.369 Y115.373 E0.00814
G0 F18000 X132.369 Y116.092
G0 X131.653 Y116.029
G0 X130.878 Y115.421
G0 X131.261 Y114.529
G0 X134.36 Y112.126
G0 X135.079 Y112.126
G1 F8400 X135.079 Y112.663 E0.00891
G1 X133.411 Y114.331 E0.03913
G1 X133.949 Y114.331 E0.00892
G0 F18000 X133.949 Y113.612
G0 X132.86 Y113.673
G0 X132.625 Y113.739
G0 X131.261 Y114.529
G0 X130.878 Y115.421
G0 X131.653 Y116.029
G0 X132.369 Y116.092
G0 X132.369 Y115.373
G1 F8400 X125.163 Y122.579 E0.16905
G1 X125.7 Y122.579 E0.00891
G1 X132.906 Y115.373 E0.16905
G1 X133.444 Y115.373 E0.00892
G1 X126.238 Y122.579 E0.16905
G1 X126.775 Y122.579 E0.00891
G1 X133.981 Y115.373 E0.16905
G1 X134.519 Y115.373 E0.00892
G1 X127.312 Y122.579 E0.16906
G1 X127.85 Y122.579 E0.00892
G1 X135.056 Y115.373 E0.16905
G1 X135.079 Y115.373 E0.00038
G1 X135.079 Y115.888 E0.00854
G1 X128.387 Y122.579 E0.15698
G1 X128.925 Y122.579 E0.00892
G1 X135.079 Y116.425 E0.14437
G1 X135.079 Y116.963 E0.00892
G1 X129.462 Y122.579 E0.13176
G1 X129.999 Y122.579 E0.00891
G1 X135.079 Y117.5 E0.11916
G1 X135.079 Y118.037 E0.00891
G1 X130.537 Y122.579 E0.10655
G1 X131.074 Y122.579 E0.00891
G1 X135.079 Y118.575 E0.09394
G1 X135.079 Y119.112 E0.00891
G1 X131.612 Y122.579 E0.08133
G1 X132.149 Y122.579 E0.00891
G1 X135.079 Y119.65 E0.06873
G1 X135.079 Y120.187 E0.00891
G1 X132.686 Y122.579 E0.05613
G1 X133.224 Y122.579 E0.00892
G1 X135.079 Y120.724 E0.04352
G1 X135.079 Y121.262 E0.00892
G1 X133.761 Y122.579 E0.03091
G1 X134.299 Y122.579 E0.00892
G1 X135.079 Y121.799 E0.0183
G0 F18000 X134.36 Y121.799
G0 X130.878 Y115.421
G0 X131.261 Y114.529
G0 X132.625 Y113.739
G0 X132.692 Y113.721
G0 X133.949 Y113.612
G0 X133.949 Y114.331
G1 F8400 X135.079 Y113.201 E0.02651
G1 X135.079 Y113.738 E0.00891
G1 X134.54 Y114.277 E0.01264
G1 X134.486 Y114.331 E0.00127
G1 X134.54 Y114.277
G1 X134.88 Y114.474 E0.00652
G1 X135.079 Y114.276 E0.00466
G1 X135.079 Y114.588 E0.00518
G0 F18000 X134.81 Y114.124
G0 X134.633 Y114.073
G0 X132.782 Y114.111
G0 X131.575 Y114.809
G0 X131.369 Y115.295
G0 X134.36 Y121.799
G0 X135.079 Y121.799
G1 F8400 X135.079 Y122.337 E0.00892
G0 F18000 X134.836 Y122.579
G1 F8400 X135.079 Y122.337 E0.00569
G1 X135.079 Y122.579 E0.00401
G0 F18000 X134.08 Y121.692
G1 F1800 E-3.5
;MESH:Full_Asse_Dielectric_Part.STL
G0 F18000 X131.369 Y115.295
G0 X134.84 Y97.71
G0 X137.16 Y97.71
G0 X136.921 Y97.421
G1 F1800 E3.52079
G1 F8400 X136.921 Y97.923 E0.00833
G0 F18000 X137.423 Y97.421
G1 F8400 X136.921 Y97.923 E0.01178
G1 X136.921 Y98.46 E0.00891
G1 X137.961 Y97.421 E0.02439
G1 X138.498 Y97.421 E0.00891
G1 X136.921 Y98.998 E0.037
G1 X136.921 Y99.535 E0.00891
G1 X139.036 Y97.421 E0.04961
G1 X139.573 Y97.421 E0.00891
G1 X136.921 Y100.073 E0.06222
G1 X136.921 Y100.61 E0.00891
G1 X140.11 Y97.421 E0.07481
G1 X140.648 Y97.421 E0.00892
G1 X136.921 Y101.147 E0.08742
G1 X136.921 Y101.685 E0.00892
G1 X141.185 Y97.421 E0.10003
G1 X141.723 Y97.421 E0.00892
G1 X136.921 Y102.222 E0.11264
G1 X136.921 Y102.76 E0.00892
G1 X142.26 Y97.421 E0.12525
G1 X142.797 Y97.421 E0.00891
G1 X136.921 Y103.297 E0.13785
G1 X136.921 Y103.834 E0.00891
G1 X143.335 Y97.421 E0.15046
G1 X143.872 Y97.421 E0.00891
G1 X136.921 Y104.372 E0.16307
G1 X136.921 Y104.909 E0.00891
G1 X144.41 Y97.421 E0.17568
G1 X144.947 Y97.421 E0.00891
G1 X136.921 Y105.447 E0.18829
G1 X136.921 Y105.984 E0.00891
G1 X145.484 Y97.421 E0.20089
G1 X146.022 Y97.421 E0.00892
G1 X136.921 Y106.521 E0.21349
G1 X136.921 Y107.059 E0.00892
G1 X146.559 Y97.421 E0.2261
G1 X147.097 Y97.421 E0.00892
G1 X136.921 Y107.596 E0.23871
G1 X136.921 Y108.134 E0.00892
G1 X147.634 Y97.421 E0.25132
G1 X148.171 Y97.421 E0.00891
G1 X136.921 Y108.671 E0.26392
G1 X136.921 Y109.208 E0.00891
G1 X148.709 Y97.421 E0.27653
G1 X149.246 Y97.421 E0.00891
G1 X136.921 Y109.746 E0.28914
G1 X136.921 Y110.283 E0.00891
G0 F18000 X137.64 Y110.283
G0 X141.413 Y104.637
G0 X142.068 Y104.924
G1 F8400 X142.171 Y104.694 E0.00418
G1 X142.973 Y104.231 E0.01536
G0 F18000 X142.614 Y103.609
G0 X141.656 Y104.235
G0 X137.64 Y110.283
G0 X136.921 Y110.283
G1 F8400 X142.189 Y105.015 E0.12359
G0 F18000 X141.749 Y105.583
G0 X141.273 Y105.127
G0 X141.656 Y104.235
G0 X142.614 Y103.609
G0 X142.973 Y104.231
G1 F8400 X149.784 Y97.421 E0.15977
G0 F18000 X149.784 Y98.14
G0 X141.656 Y104.235
G0 X141.273 Y105.127
G0 X141.749 Y105.583
G0 X142.189 Y105.015
G1 F8400 X142.273 Y105.079 E0.00175
G1 X142.663 Y105.079 E0.00647
G0 F18000 X142.663 Y105.798
G0 X142.048 Y105.735
G0 X141.273 Y105.127
G0 X141.656 Y104.235
G0 X149.784 Y98.14
G0 X149.784 Y97.421
G1 F8400 X150.321 Y97.421 E0.00891
G1 X143.705 Y104.037 E0.15521
G1 X144.242 Y104.037 E0.00891
G1 X150.858 Y97.421 E0.15521
G1 X151.396 Y97.421 E0.00892
G1 X144.779 Y104.037 E0.15522
G1 X144.894 Y104.037 E0.00191
G1 X144.935 Y103.984 E0.00111
G1 X145.211 Y104.143 E0.00528
G1 X151.933 Y97.421 E0.1577
G1 X152.471 Y97.421 E0.00892
G1 X145.552 Y104.34 E0.16232
G0 F18000 X145.912 Y103.718
G0 X146.694 Y104.241
G0 X147.054 Y105.15
G0 X146.283 Y105.735
G0 X142.663 Y105.798
G0 X142.663 Y105.079
G1 F8400 X136.921 Y110.821 E0.13471
G1 X136.921 Y111.358 E0.00891
G1 X143.2 Y105.079 E0.1473
G1 X143.738 Y105.079 E0.00892
G1 X136.921 Y111.895 E0.15991
G1 X136.921 Y112.433 E0.00892
G1 X144.275 Y105.079 E0.17252
G1 X144.813 Y105.079 E0.00892
G1 X136.921 Y112.97 E0.18513
G1 X136.921 Y113.508 E0.00892
G0 F18000 X137.64 Y113.508
G0 X147.054 Y105.15
G0 X146.694 Y104.241
G0 X145.912 Y103.718
G0 X145.552 Y104.34
G1 F8400 X145.892 Y104.537 E0.00652
G0 F18000 X146.253 Y103.915
G0 X146.694 Y104.241
G0 X147.054 Y105.15
G0 X137.64 Y113.508
G0 X136.921 Y113.508
G1 F8400 X145.35 Y105.079 E0.19774
G0 F18000 X145.892 Y104.537
G1 F8400 X153.008 Y97.421 E0.16694
G0 F18000 X153.008 Y98.14
G0 X147.054 Y105.15
G0 X146.283 Y105.735
G0 X145.35 Y105.798
G0 X145.35 Y105.079
G1 F8400 X145.887 Y105.079 E0.00891
G0 F18000 X145.887 Y105.798
G0 X146.283 Y105.735
G0 X146.977 Y105.209
G0 X153.008 Y98.14
G0 X153.008 Y97.421
G1 F8400 X153.545 Y97.421 E0.00891
G0 F18000 X153.545 Y98.14
G0 X147.054 Y105.15
G0 X146.36 Y105.676
G0 X145.887 Y105.798
G0 X145.887 Y105.079
G1 F8400 X136.921 Y114.045 E0.21034
G0 F18000 X137.61 Y113.642
G0 X147.054 Y105.15
G0 X146.865 Y104.5
G0 X146.198 Y104.768
G1 F8400 X153.545 Y97.421 E0.17236
G0 F18000 X153.545 Y98.14
G0 X146.931 Y104.663
G0 X146.266 Y104.93
G1 F8400 X146.065 Y105.08 E0.00416
G1 X145.887 Y105.079 E0.00295
G0 F18000 X145.887 Y105.798
G0 X137.61 Y113.642
G0 X136.921 Y114.045
G1 F8400 X136.921 Y114.582 E0.00891
G1 X154.083 Y97.421 E0.4026
G1 X154.62 Y97.421 E0.00891
G1 X137.71 Y114.331 E0.3967
G1 X138.248 Y114.331 E0.00892
G1 X155.158 Y97.421 E0.3967
G1 X155.695 Y97.421 E0.00891
G1 X138.785 Y114.331 E0.3967
G1 X138.951 Y114.331 E0.00275
G1 X138.992 Y114.277 E0.00112
G1 X139.235 Y114.418 E0.00466
G1 X156.232 Y97.421 E0.39874
G1 X156.77 Y97.421 E0.00892
G1 X139.576 Y114.615 E0.40337
G0 F18000 X139.936 Y113.993
G0 X140.431 Y114.812
G0 X140.625 Y115.308
G0 X140.249 Y115.597
G0 X137.21 Y115.662
G0 X136.921 Y115.373
G1 F8400 X136.921 Y115.657 E0.00471
G1 X137.206 Y115.373 E0.00667
G1 X137.743 Y115.373 E0.00891
G1 X136.921 Y116.195 E0.01928
G1 X136.921 Y116.732 E0.00891
G1 X138.28 Y115.373 E0.03188
G1 X138.818 Y115.373 E0.00892
G1 X136.921 Y117.269 E0.04449
G1 X136.921 Y117.807 E0.00892
G1 X139.355 Y115.373 E0.0571
G0 F18000 X139.576 Y114.615
G1 F8400 X139.917 Y114.812 E0.00653
G1 X157.307 Y97.421 E0.40798
G1 X157.845 Y97.421 E0.00892
G0 F18000 X157.845 Y98.14
G0 X141.111 Y115.444
G0 X140.34 Y116.029
G0 X139.355 Y116.092
G0 X139.355 Y115.373
G1 F8400 X139.893 Y115.373 E0.00892
G1 X136.921 Y118.344 E0.06971
G1 X136.921 Y118.882 E0.00892
G0 F18000 X137.64 Y118.882
G0 X141.111 Y115.444
G0 X140.908 Y114.758
G0 X140.24 Y115.026
G1 F8400 X157.845 Y97.421 E0.41301
G0 F18000 X157.845 Y98.14
G0 X140.988 Y114.957
G0 X140.323 Y115.224
G1 F8400 X140.122 Y115.373 E0.00415
G1 X139.893 Y115.373 E0.0038
G0 F18000 X139.893 Y116.092
G0 X137.64 Y118.882
G0 X136.921 Y118.882
G1 F8400 X158.382 Y97.421 E0.50347
G1 X158.919 Y97.421 E0.00891
G1 X136.921 Y119.419 E0.51607
G1 X136.921 Y119.956 E0.00891
G1 X159.457 Y97.421 E0.52868
G1 X159.994 Y97.421 E0.00891
G1 X136.921 Y120.494 E0.54128
G1 X136.921 Y121.031 E0.00891
G1 X160.532 Y97.421 E0.55389
G1 X161.069 Y97.421 E0.00891
G1 X136.921 Y121.569 E0.5665
G1 X136.921 Y122.106 E0.00891
G0 F18000 X137.61 Y121.89
G0 X153.3 Y104.637
G0 X153.956 Y104.924
G1 F8400 X154.058 Y104.694 E0.00417
G1 X154.709 Y104.318 E0.01247
G1 X161.606 Y97.421 E0.1618
G0 F18000 X161.606 Y98.14
G0 X153.543 Y104.235
G0 X137.61 Y121.89
G0 X136.921 Y122.106
G1 F8400 X154.04 Y104.987 E0.40161
G1 X154.161 Y105.079 E0.00252
G1 X154.486 Y105.079 E0.00539
G0 F18000 X154.486 Y105.798
G0 X153.935 Y105.735
G0 X153.16 Y105.127
G0 X153.543 Y104.235
G0 X161.606 Y98.14
G0 X161.606 Y97.421
G1 F8400 X162.144 Y97.421 E0.00892
G1 X155.527 Y104.037 E0.15522
G1 X156.065 Y104.037 E0.00892
G1 X162.681 Y97.421 E0.15521
G1 X163.219 Y97.421 E0.00892
G1 X156.602 Y104.037 E0.15522
G1 X156.882 Y104.037 E0.00464
G1 X156.953 Y104.059 E0.00123
G1 X157.058 Y104.119 E0.00201
G1 X163.756 Y97.421 E0.15713
G1 X164.293 Y97.421 E0.00891
G1 X157.398 Y104.316 E0.16175
G0 F18000 X157.757 Y103.694
G0 X158.582 Y104.241
G0 X158.942 Y105.15
G0 X158.171 Y105.735
G0 X154.486 Y105.798
G0 X154.486 Y105.079
G1 F8400 X136.986 Y122.579 E0.41054
G1 X137.523 Y122.579 E0.00891
G1 X155.023 Y105.079 E0.41054
G1 X155.561 Y105.079 E0.00892
G1 X138.06 Y122.579 E0.41056
G1 X138.598 Y122.579 E0.00892
G1 X156.098 Y105.079 E0.41054
G1 X156.635 Y105.079 E0.00891
G1 X139.135 Y122.579 E0.41054
G1 X139.673 Y122.579 E0.00892
G1 X157.173 Y105.079 E0.41054
G0 F18000 X157.398 Y104.316
G1 F8400 X157.739 Y104.513 E0.00653
G1 X164.831 Y97.421 E0.16638
G1 X165.368 Y97.421 E0.00891
G0 F18000 X165.368 Y98.14
G0 X158.942 Y105.15
G0 X158.171 Y105.735
G0 X157.173 Y105.798
G0 X157.173 Y105.079
G1 F8400 X157.71 Y105.079 E0.00891
G1 X140.21 Y122.579 E0.41054
G0 F18000 X140.21 Y121.86
G0 X147.6 Y114.529
G0 X158.942 Y105.15
G0 X158.732 Y104.447
G0 X158.08 Y104.709
G1 F8400 X165.368 Y97.421 E0.17097
G0 F18000 X165.368 Y98.14
G0 X158.748 Y104.487
G0 X158.127 Y104.736
G1 F8400 X158.108 Y104.813 E0.00132
G1 X158.162 Y104.924 E0.00205
G1 X158.056 Y105.003 E0.00219
G1 X158.053 Y105.018 E0.00025
G1 X158.036 Y105.018 E0.00028
G1 X157.954 Y105.079 E0.0017
G1 X157.71 Y105.079 E0.00405
G0 F18000 X157.71 Y105.798
G0 X147.6 Y114.529
G0 X140.21 Y121.86
G0 X140.21 Y122.579
G1 F8400 X140.747 Y122.579 E0.00891
G1 X148.068 Y115.258 E0.17175
G1 X148.217 Y115.373 E0.00312
G1 X148.491 Y115.373 E0.00455
G0 F18000 X148.491 Y116.092
G0 X147.992 Y116.029
G0 X147.217 Y115.421
G0 X147.6 Y114.529
G0 X148.964 Y113.739
G0 X149.199 Y113.673
G0 X150.518 Y113.681
G0 X165.906 Y98.14
G0 X165.906 Y97.421
G1 F8400 X148.643 Y114.684 E0.40498
G1 X148.115 Y114.988 E0.01011
G1 X148.013 Y115.217 E0.00416
G0 F18000 X147.357 Y114.93
G0 X147.6 Y114.529
G0 X158.942 Y105.15
G0 X166.443 Y98.14
G0 X166.443 Y97.421
G1 F8400 X165.906 Y97.421 E0.00891
G0 F18000 X165.906 Y98.14
G0 X150.518 Y113.681
G0 X149.199 Y113.673
G0 X148.964 Y113.739
G0 X147.6 Y114.529
G0 X147.217 Y115.421
G0 X147.992 Y116.029
G0 X148.491 Y116.092
G0 X148.491 Y115.373
G1 F8400 X141.285 Y122.579 E0.16905
G1 X141.822 Y122.579 E0.00891
G1 X149.028 Y115.373 E0.16905
G1 X149.566 Y115.373 E0.00892
G1 X142.36 Y122.579 E0.16905
G1 X142.897 Y122.579 E0.00891
G1 X150.103 Y115.373 E0.16905
G1 X150.641 Y115.373 E0.00892
G1 X143.434 Y122.579 E0.16906
G1 X143.972 Y122.579 E0.00892
G0 F18000 X143.972 Y121.86
G0 X152.998 Y115.444
G0 X152.638 Y114.535
G0 X151.783 Y113.97
G0 X151.422 Y114.592
G1 F8400 X168.593 Y97.421 E0.40283
G1 X168.055 Y97.421 E0.00892
G1 X151.082 Y114.394 E0.39818
G1 X150.88 Y114.277 E0.00387
G1 X150.838 Y114.331 E0.00113
G1 X150.607 Y114.331 E0.00383
G1 X167.518 Y97.421 E0.39671
G1 X166.98 Y97.421 E0.00892
G1 X150.07 Y114.331 E0.3967
G1 X149.533 Y114.331 E0.00891
G1 X166.443 Y97.421 E0.3967
G0 F18000 X166.443 Y98.14
G0 X152.998 Y115.444
G0 X143.972 Y121.86
G0 X143.972 Y122.579
G1 F8400 X151.178 Y115.373 E0.16905
G0 F18000 X151.178 Y116.092
G0 X152.227 Y116.029
G0 X152.852 Y115.556
G0 X169.13 Y98.14
G0 X169.13 Y97.421
G1 F8400 X151.763 Y114.788 E0.40742
G1 X151.422 Y114.592 E0.00652
G0 F18000 X151.178 Y115.373
G1 F8400 X151.715 Y115.373 E0.00891
G0 F18000 X151.715 Y116.092
G0 X152.227 Y116.029
G0 X152.852 Y115.556
G0 X169.667 Y98.14
G0 X169.667 Y97.421
G1 F8400 X169.13 Y97.421 E0.00891
G0 F18000 X169.13 Y98.14
G0 X152.998 Y115.444
G0 X152.227 Y116.029
G0 X151.715 Y116.092
G0 X151.715 Y115.373
G1 F8400 X144.509 Y122.579 E0.16905
G0 F18000 X144.509 Y121.86
G0 X152.998 Y115.444
G0 X152.674 Y114.626
G0 X152.463 Y114.363
G0 X152.103 Y114.985
G1 F8400 X169.667 Y97.421 E0.41205
G0 F18000 X169.667 Y98.14
G0 X152.998 Y115.444
G0 X152.227 Y116.029
G0 X151.715 Y116.092
G0 X151.715 Y115.373
G1 F8400 X152.01 Y115.373 E0.00489
G1 X152.21 Y115.224 E0.00414
G1 X152.111 Y114.989 E0.00423
G0 F18000 X152.471 Y114.367
G0 X152.638 Y114.535
G0 X152.998 Y115.444
G0 X144.509 Y121.86
G0 X144.509 Y122.579
G1 F8400 X145.047 Y122.579 E0.00892
G1 X170.205 Y97.421 E0.5902
G1 X170.742 Y97.421 E0.00891
G1 X145.584 Y122.579 E0.5902
G1 X146.121 Y122.579 E0.00891
G1 X171.28 Y97.421 E0.59021
G1 X171.817 Y97.421 E0.00891
G1 X146.659 Y122.579 E0.5902
G1 X147.196 Y122.579 E0.00891
G1 X172.354 Y97.421 E0.5902
G1 X172.892 Y97.421 E0.00892
G1 X147.734 Y122.579 E0.5902
G1 X148.271 Y122.579 E0.00891
G0 F18000 X148.271 Y121.86
G0 X165.187 Y104.637
G0 X165.843 Y104.924
G1 F8400 X165.945 Y104.694 E0.00417
G1 X166.443 Y104.407 E0.00953
G1 X173.429 Y97.421 E0.16389
G0 F18000 X173.429 Y98.14
G0 X165.43 Y104.235
G0 X148.271 Y121.86
G0 X148.271 Y122.579
G1 F8400 X165.891 Y104.959 E0.41336
G0 F18000 X165.45 Y105.527
G0 X165.047 Y105.127
G0 X165.43 Y104.235
G0 X173.429 Y98.14
G0 X173.429 Y97.421
G1 F8400 X173.967 Y97.421 E0.00892
G1 X167.35 Y104.037 E0.15522
G1 X167.888 Y104.037 E0.00892
G1 X174.504 Y97.421 E0.15521
G1 X175.041 Y97.421 E0.00891
G1 X168.425 Y104.037 E0.15521
G1 X168.669 Y104.037 E0.00405
G1 X168.71 Y103.983 E0.00112
G1 X168.904 Y104.095 E0.00372
G1 X175.579 Y97.421 E0.15658
G1 X176.116 Y97.421 E0.00891
G1 X169.245 Y104.293 E0.1612
G0 F18000 X169.605 Y103.671
G0 X168.858 Y103.379
G0 X167.03 Y103.379
G0 X166.795 Y103.445
G0 X165.43 Y104.235
G0 X165.047 Y105.127
G0 X165.45 Y105.527
G0 X165.891 Y104.959
G1 F8400 X166.047 Y105.079 E0.00326
G1 X166.309 Y105.079 E0.00435
G1 X148.809 Y122.579 E0.41054
G1 X149.346 Y122.579 E0.00891
G1 X166.846 Y105.079 E0.41054
G1 X167.383 Y105.079 E0.00891
G1 X149.883 Y122.579 E0.41054
G1 X150.421 Y122.579 E0.00892
G1 X167.921 Y105.079 E0.41054
G1 X168.458 Y105.079 E0.00891
G1 X150.958 Y122.579 E0.41054
G1 X151.496 Y122.579 E0.00892
G0 F18000 X151.496 Y121.86
G0 X168.641 Y105.731
G0 X170.058 Y105.735
G0 X170.829 Y105.15
G0 X170.469 Y104.241
G0 X169.605 Y103.671
G0 X169.245 Y104.293
G1 F8400 X169.585 Y104.489 E0.00651
G1 X176.654 Y97.421 E0.16582
G0 F18000 X176.654 Y98.14
G0 X170.829 Y105.15
G0 X170.058 Y105.735
G0 X168.884 Y105.728
G0 X151.496 Y121.86
G0 X151.496 Y122.579
G1 F8400 X168.996 Y105.079 E0.41054
G1 X169.533 Y105.079 E0.00891
G0 F18000 X169.533 Y105.798
G0 X170.058 Y105.735
G0 X170.752 Y105.209
G0 X176.654 Y98.14
G0 X176.654 Y97.421
G1 F8400 X177.191 Y97.421 E0.00891
G0 F18000 X177.191 Y98.14
G0 X170.829 Y105.15
G0 X170.058 Y105.735
G0 X169.533 Y105.798
G0 X169.533 Y105.079
G1 F8400 X152.033 Y122.579 E0.41054
G0 F18000 X152.033 Y121.86
G0 X159.487 Y114.529
G0 X170.829 Y105.15
G0 X170.505 Y104.332
G0 X170.286 Y104.064
G0 X169.926 Y104.686
G1 F8400 X177.191 Y97.421 E0.17043
G0 F18000 X177.191 Y98.14
G0 X170.303 Y104.074
G0 X169.943 Y104.695
G1 F8400 X170.041 Y104.93 E0.00422
G1 X169.84 Y105.079 E0.00415
G1 X169.533 Y105.079 E0.00509
G0 F18000 X169.533 Y105.798
G0 X159.487 Y114.529
G0 X152.033 Y121.86
G0 X152.033 Y122.579
G1 F8400 X152.57 Y122.579 E0.00891
G0 F18000 X152.57 Y121.86
G0 X159.244 Y114.931
G0 X159.9 Y115.218
G1 F8400 X160.002 Y114.988 E0.00417
G1 X160.38 Y114.77 E0.00724
G1 X177.728 Y97.421 E0.40699
G0 F18000 X177.728 Y98.14
G0 X170.829 Y105.15
G0 X159.487 Y114.529
G0 X152.57 Y121.86
G0 X152.57 Y122.579
G1 F8400 X159.919 Y115.231 E0.17239
G0 F18000 X159.479 Y115.799
G0 X159.104 Y115.421
G0 X159.487 Y114.529
G0 X170.829 Y105.15
G0 X177.728 Y98.14
G0 X177.728 Y97.421
G1 F8400 X178.266 Y97.421 E0.00892
G1 X161.356 Y114.331 E0.3967
G1 X161.894 Y114.331 E0.00892
G1 X178.803 Y97.421 E0.39669
G1 X179.341 Y97.421 E0.00892
G1 X162.431 Y114.331 E0.3967
G1 X162.725 Y114.331 E0.00488
G1 X162.766 Y114.277 E0.00112
G1 X162.928 Y114.371 E0.00311
G1 X179.878 Y97.421 E0.39764
G1 X180.415 Y97.421 E0.00891
G1 X163.269 Y114.568 E0.40225
G0 F18000 X163.629 Y113.946
G0 X162.914 Y113.673
G0 X161.086 Y113.673
G0 X160.851 Y113.739
G0 X159.487 Y114.529
G0 X159.104 Y115.421
G0 X159.479 Y115.799
G0 X159.919 Y115.231
G1 F8400 X160.105 Y115.373 E0.00388
G1 X160.314 Y115.373 E0.00347
G1 X153.108 Y122.579 E0.16905
G1 X153.645 Y122.579 E0.00891
G1 X160.851 Y115.373 E0.16905
G1 X161.389 Y115.373 E0.00892
G1 X154.183 Y122.579 E0.16905
G1 X154.72 Y122.579 E0.00891
G1 X161.926 Y115.373 E0.16905
G1 X162.463 Y115.373 E0.00891
G1 X155.257 Y122.579 E0.16905
G1 X155.795 Y122.579 E0.00892
G0 F18000 X155.795 Y121.86
G0 X164.885 Y115.444
G0 X164.525 Y114.535
G0 X163.629 Y113.946
G0 X163.269 Y114.568
G1 F8400 X163.609 Y114.765 E0.00652
G0 F18000 X163.969 Y114.143
G0 X164.525 Y114.535
G0 X164.885 Y115.444
G0 X155.795 Y121.86
G0 X155.795 Y122.579
G1 F8400 X163.001 Y115.373 E0.16905
G0 F18000 X163.609 Y114.765
G1 F8400 X180.953 Y97.421 E0.40688
G0 F18000 X180.953 Y98.14
G0 X164.885 Y115.444
G0 X164.114 Y116.029
G0 X163.001 Y116.092
G0 X163.001 Y115.373
G1 F8400 X163.538 Y115.373 E0.00891
G0 F18000 X163.538 Y116.092
G0 X164.114 Y116.029
G0 X164.739 Y115.556
G0 X180.953 Y98.14
G0 X180.953 Y97.421
G1 F8400 X181.49 Y97.421 E0.00891
G0 F18000 X181.49 Y98.14
G0 X164.885 Y115.444
G0 X164.114 Y116.029
G0 X163.538 Y116.092
G0 X163.538 Y115.373
G1 F8400 X156.332 Y122.579 E0.16905
G0 F18000 X156.332 Y121.86
G0 X164.885 Y115.444
G0 X164.561 Y114.626
G0 X164.31 Y114.34
G0 X163.95 Y114.961
G1 F8400 X181.49 Y97.421 E0.41148
G0 F18000 X181.49 Y98.14
G0 X164.359 Y114.368
G0 X163.999 Y114.989
G1 F8400 X164.097 Y115.224 E0.00422
G1 X163.896 Y115.373 E0.00415
G1 X163.538 Y115.373 E0.00594
G0 F18000 X163.538 Y116.092
G0 X156.332 Y121.86
G0 X156.332 Y122.579
G1 F8400 X156.87 Y122.579 E0.00892
G1 X182.028 Y97.421 E0.5902
G1 X182.565 Y97.421 E0.00891
G1 X157.407 Y122.579 E0.5902
G1 X157.944 Y122.579 E0.00891
G1 X183.102 Y97.421 E0.5902
G1 X183.64 Y97.421 E0.00892
G1 X158.482 Y122.579 E0.5902
G1 X159.019 Y122.579 E0.00891
G1 X184.177 Y97.421 E0.5902
G1 X184.715 Y97.421 E0.00892
G1 X159.557 Y122.579 E0.5902
G1 X160.094 Y122.579 E0.00891
G0 F18000 X160.094 Y121.86
G0 X177.075 Y104.637
G0 X177.731 Y104.924
G1 F8400 X177.833 Y104.694 E0.00417
G1 X178.177 Y104.496 E0.00658
G1 X185.252 Y97.421 E0.16598
G0 F18000 X185.252 Y98.14
G0 X177.318 Y104.235
G0 X160.094 Y121.86
G0 X160.094 Y122.579
G1 F8400 X177.741 Y104.932 E0.41399
G0 F18000 X177.302 Y105.499
G0 X176.935 Y105.127
G0 X177.318 Y104.235
G0 X185.252 Y98.14
G0 X185.252 Y97.421
G1 F8400 X185.789 Y97.421 E0.00891
G1 X179.173 Y104.037 E0.15521
G1 X179.71 Y104.037 E0.00891
G1 X186.327 Y97.421 E0.15522
G1 X186.864 Y97.421 E0.00891
G1 X180.248 Y104.037 E0.15521
G1 X180.556 Y104.037 E0.00511
G1 X180.596 Y103.983 E0.00111
G1 X180.751 Y104.072 E0.00296
G1 X187.079 Y97.743 E0.14846
G1 X187.079 Y98.281 E0.00892
G1 X181.091 Y104.269 E0.14048
G0 F18000 X181.451 Y103.647
G0 X180.745 Y103.379
G0 X178.917 Y103.379
G0 X178.682 Y103.445
G0 X177.318 Y104.235
G0 X176.935 Y105.127
G0 X177.302 Y105.499
G0 X177.741 Y104.932
G1 F8400 X177.935 Y105.079 E0.00404
G1 X178.132 Y105.079 E0.00327
G1 X160.631 Y122.579 E0.41056
G1 X161.169 Y122.579 E0.00892
G1 X178.669 Y105.079 E0.41054
G1 X179.206 Y105.079 E0.00891
G1 X161.706 Y122.579 E0.41054
G1 X162.244 Y122.579 E0.00892
G1 X179.744 Y105.079 E0.41054
G1 X180.281 Y105.079 E0.00891
G1 X162.781 Y122.579 E0.41054
G1 X163.318 Y122.579 E0.00891
G0 F18000 X163.318 Y121.86
G0 X180.49 Y105.731
G0 X181.945 Y105.735
G0 X182.716 Y105.15
G0 X182.356 Y104.241
G0 X181.451 Y103.647
G0 X181.091 Y104.269
G1 F8400 X181.432 Y104.466 E0.00653
G1 X187.079 Y98.818 E0.13249
G0 F18000 X186.36 Y98.818
G0 X182.716 Y105.15
G0 X181.945 Y105.735
G0 X180.531 Y105.731
G0 X163.318 Y121.86
G0 X163.318 Y122.579
G1 F8400 X180.819 Y105.079 E0.41056
G0 F18000 X180.819 Y105.798
G0 X181.945 Y105.735
G0 X182.639 Y105.209
G0 X186.36 Y98.818
G0 X187.079 Y98.818
G1 F8400 X187.079 Y99.356 E0.00892
G0 F18000 X186.36 Y99.356
G0 X182.716 Y105.15
G0 X181.945 Y105.735
G0 X180.819 Y105.798
G0 X180.819 Y105.079
G1 F8400 X181.356 Y105.079 E0.00891
G0 F18000 X181.772 Y104.662
G1 F8400 X187.079 Y99.356 E0.12449
G0 F18000 X186.36 Y99.356
G0 X182.716 Y105.15
G0 X181.945 Y105.735
G0 X181.356 Y105.798
G0 X181.356 Y105.079
G1 F8400 X163.856 Y122.579 E0.41054
G0 F18000 X163.856 Y121.86
G0 X180.485 Y105.727
G0 X181.945 Y105.735
G0 X182.716 Y105.15
G0 X182.392 Y104.332
G0 X182.189 Y104.073
G0 X181.829 Y104.695
G1 F8400 X181.928 Y104.93 E0.00423
G1 X181.726 Y105.079 E0.00416
G1 X181.356 Y105.079 E0.00614
G0 F18000 X181.356 Y105.798
G0 X171.374 Y114.529
G0 X163.856 Y121.86
G0 X163.856 Y122.579
G1 F8400 X164.393 Y122.579 E0.00891
G1 X171.813 Y115.159 E0.17407
G0 F18000 X172.113 Y114.86
G1 F8400 X187.079 Y99.893 E0.35111
G1 X187.079 Y100.43 E0.00891
G1 X173.178 Y114.331 E0.32611
G1 X173.716 Y114.331 E0.00892
G1 X187.079 Y100.968 E0.31349
G1 X187.079 Y101.505 E0.00891
G1 X174.253 Y114.331 E0.30089
G1 X174.612 Y114.331 E0.00596
G1 X174.653 Y114.277 E0.00112
G1 X174.774 Y114.348 E0.00233
G1 X187.079 Y102.043 E0.28867
G1 X187.079 Y102.58 E0.00891
G1 X175.115 Y114.544 E0.28067
G0 F18000 X175.475 Y113.923
G0 X174.801 Y113.673
G0 X172.973 Y113.673
G0 X172.738 Y113.739
G0 X171.374 Y114.529
G0 X171.157 Y114.872
G0 X171.813 Y115.159
G1 F8400 X171.787 Y115.218 E0.00107
G1 X171.991 Y115.373 E0.00425
G1 X172.137 Y115.373 E0.00242
G1 X164.931 Y122.579 E0.16905
G1 X165.468 Y122.579 E0.00891
G1 X172.674 Y115.373 E0.16905
G1 X173.211 Y115.373 E0.00891
G1 X166.005 Y122.579 E0.16905
G1 X166.543 Y122.579 E0.00892
G1 X173.749 Y115.373 E0.16905
G1 X174.286 Y115.373 E0.00891
G1 X167.08 Y122.579 E0.16905
G1 X167.618 Y122.579 E0.00892
G1 X174.824 Y115.373 E0.16905
G0 F18000 X175.115 Y114.544
G1 F8400 X175.455 Y114.742 E0.00653
G1 X187.079 Y103.117 E0.27271
G1 X187.079 Y103.655 E0.00892
G0 F18000 X186.36 Y103.655
G0 X176.772 Y115.444
G0 X176.001 Y116.029
G0 X174.824 Y116.092
G0 X174.824 Y115.373
G1 F8400 X175.361 Y115.373 E0.00891
G0 F18000 X175.796 Y114.938
G1 F8400 X187.079 Y103.655 E0.2647
G0 F18000 X186.36 Y103.655
G0 X176.772 Y115.444
G0 X176.001 Y116.029
G0 X175.361 Y116.092
G0 X175.361 Y115.373
G1 F8400 X168.155 Y122.579 E0.16905
G0 F18000 X168.155 Y121.86
G0 X175.361 Y116.092
G0 X175.361 Y115.373
G1 F8400 X175.783 Y115.373 E0.007
G1 X175.984 Y115.224 E0.00415
G1 X175.885 Y114.989 E0.00423
G0 F18000 X176.245 Y114.367
G0 X176.412 Y114.535
G0 X176.772 Y115.444
G0 X168.155 Y121.86
G0 X168.155 Y122.579
G1 F8400 X168.692 Y122.579 E0.00891
G1 X187.079 Y104.192 E0.43135
G1 X187.079 Y104.73 E0.00892
G1 X169.23 Y122.579 E0.41873
G1 X169.767 Y122.579 E0.00891
G1 X187.079 Y105.267 E0.40613
G1 X187.079 Y105.804 E0.00891
G1 X170.305 Y122.579 E0.39352
G1 X170.842 Y122.579 E0.00891
G1 X187.079 Y106.342 E0.38091
G1 X187.079 Y106.879 E0.00891
G1 X171.379 Y122.579 E0.36832
G1 X171.917 Y122.579 E0.00892
G1 X187.079 Y107.417 E0.3557
G1 X187.079 Y107.954 E0.00891
G1 X172.454 Y122.579 E0.3431
G1 X172.992 Y122.579 E0.00892
G1 X187.079 Y108.491 E0.33049
G1 X187.079 Y109.029 E0.00892
G1 X173.529 Y122.579 E0.31788
G1 X174.066 Y122.579 E0.00891
G1 X187.079 Y109.566 E0.30528
G1 X187.079 Y110.104 E0.00892
G1 X174.604 Y122.579 E0.29266
G1 X175.141 Y122.579 E0.00891
G1 X187.079 Y110.641 E0.28006
G1 X187.079 Y111.178 E0.00891
G1 X175.679 Y122.579 E0.26745
G1 X176.216 Y122.579 E0.00891
G1 X183.751 Y115.044 E0.17677
G1 X183.849 Y114.946
G1 X187.079 Y111.716 E0.07577
G0 F18000 X186.36 Y111.716
G0 X183.571 Y114.248
G0 X183.094 Y114.756
G0 X183.751 Y115.044
G1 F8400 X183.675 Y115.218 E0.00315
G1 X183.877 Y115.373 E0.00422
G1 X183.959 Y115.373 E0.00136
G0 F18000 X183.959 Y116.092
G0 X183.653 Y116.029
G0 X182.878 Y115.421
G0 X183.261 Y114.529
G0 X186.36 Y111.716
G0 X187.079 Y111.716
G1 F8400 X187.079 Y112.253 E0.00891
G1 X185.001 Y114.331 E0.04875
G1 X185.538 Y114.331 E0.00891
G1 X187.079 Y112.791 E0.03614
G1 X187.079 Y113.328 E0.00891
G1 X186.076 Y114.331 E0.02353
G1 X186.499 Y114.331 E0.00702
G1 X186.54 Y114.277 E0.00112
G1 X186.621 Y114.324 E0.00155
G0 F18000 X186.39 Y113.642
G0 X184.86 Y113.673
G0 X184.625 Y113.739
G0 X183.261 Y114.529
G0 X182.878 Y115.421
G0 X183.576 Y115.968
G0 X183.959 Y116.092
G0 X183.959 Y115.373
G1 F8400 X176.753 Y122.579 E0.16905
G1 X177.291 Y122.579 E0.00892
G1 X184.497 Y115.373 E0.16905
G1 X185.034 Y115.373 E0.00891
G1 X177.828 Y122.579 E0.16905
G1 X178.366 Y122.579 E0.00892
G1 X185.572 Y115.373 E0.16905
G1 X186.109 Y115.373 E0.00891
G1 X178.903 Y122.579 E0.16905
G1 X179.44 Y122.579 E0.00891
G1 X186.646 Y115.373 E0.16905
G1 X187.079 Y115.373 E0.00718
G1 X187.079 Y115.478 E0.00174
G1 X179.978 Y122.579 E0.16659
G1 X180.515 Y122.579 E0.00891
G1 X187.079 Y116.016 E0.15398
G1 X187.079 Y116.553 E0.00891
G1 X181.053 Y122.579 E0.14137
G1 X181.59 Y122.579 E0.00891
G1 X187.079 Y117.091 E0.12876
G1 X187.079 Y117.628 E0.00891
G1 X182.127 Y122.579 E0.11616
G1 X182.665 Y122.579 E0.00892
G1 X187.079 Y118.165 E0.10355
G1 X187.079 Y118.703 E0.00892
G1 X183.202 Y122.579 E0.09094
G1 X183.74 Y122.579 E0.00892
G1 X187.079 Y119.24 E0.07833
G1 X187.079 Y119.778 E0.00892
G1 X184.277 Y122.579 E0.06572
G1 X184.814 Y122.579 E0.00891
G1 X187.079 Y120.315 E0.05312
G1 X187.079 Y120.852 E0.00891
G1 X185.352 Y122.579 E0.04051
G1 X185.889 Y122.579 E0.00891
G1 X187.079 Y121.39 E0.02791
G1 X187.079 Y121.927 E0.00891
G1 X186.427 Y122.579 E0.0153
G1 X186.964 Y122.579 E0.00891
G1 X187.079 Y122.465 E0.00269
G0 F18000 X186.39 Y121.89
G0 X182.878 Y115.421
G0 X183.261 Y114.529
G0 X184.625 Y113.739
G0 X184.759 Y113.702
G0 X186.39 Y113.642
G0 X186.621 Y114.324
G1 F8400 X187.079 Y113.865 E0.01076
G1 X187.079 Y114.403 E0.00892
G1 X186.961 Y114.521
G1 X187.079 Y114.403 E0.00277
G1 X187.079 Y114.588 E0.00307
G0 F18000 X186.08 Y113.444
G1 F1800 E-3.5
;MESH:NONMESH
G0 F1200 X186.08 Y113.444 Z1.1
G0 F18000 X156.915 Y103.779
G0 X137.154 Y97.654
G0 X137.154 Y96.21
G0 X88.746 Y62.794
G0 X87.586 Y61.925
G0 X82.513 Y64.677
G0 X81.001 Y65.209
G0 X79.429 Y65.504
G0 X77.833 Y65.556
G0 X76.247 Y65.365
G0 X74.923 Y65.01
G0 X73.653 Y64.484
G0 X72.095 Y63.54
G0 X70.879 Y62.496
G0 X69.839 Y61.283
G0 X68.993 Y59.924
G0 X68.294 Y58.238
G0 X67.969 Y56.907
G0 X67.809 Y55.089
G0 X67.969 Y53.27
G0 X68.194 Y52.389
G0 X69.253 Y48.809
;TIME_ELAPSED:771.005712
;LAYER:8
G1 F1200 Z1.25
M82 ;absolute extrusion mode
M83 ; Relative Extruder mode
G1 E-5
G1 Z50
M83 ;relative extrusion mode
T1
M82 ;absolute extrusion mode
M83; Relative Extrusion Mode

M83 ;relative extrusion mode
M104 T0 S0
M106 S51
;MESH:01_Prime_Conductor.STL
G0 F24000 X69.253 Y48.809 Z1.25
;TYPE:WALL-OUTER
G1 F18000 Z1.1
G1 F1010.5 X69.693 Y48.221 E0.00019
G1 X69.732 Y48.173 E0.00002
G1 F1005.7 X69.771 Y48.125 E0.00002
G1 X69.811 Y48.077 E0.00002
G1 F1000.9 X69.85 Y48.029 E0.00002
G1 X69.923 Y47.944 E0.00003
G1 X69.995 Y47.86 E0.00003
G1 X70.157 Y47.679 E0.00006
G1 F1005.7 X70.214 Y47.617 E0.00002
G1 X70.272 Y47.554 E0.00002
G1 F1010.5 X70.33 Y47.491 E0.00002
G1 X70.456 Y47.367 E0.00005
G1 X70.582 Y47.243 E0.00005
G1 X70.708 Y47.118 E0.00005
G1 X70.834 Y46.994 E0.00005
G1 X70.904 Y46.933 E0.00002
G1 X70.976 Y46.871 E0.00002
G1 X71.048 Y46.809 E0.00002
G1 F1015.4 X71.12 Y46.746 E0.00002
G1 X71.191 Y46.684 E0.00002
G1 X71.568 Y46.375 E0.00013
G1 X71.711 Y46.272 E0.00005
G1 X71.855 Y46.168 E0.00005
G1 X71.998 Y46.065 E0.00005
G1 X72.142 Y45.961 E0.00005
G1 F1010.5 X72.278 Y45.875 E0.00004
G1 X72.415 Y45.787 E0.00004
G1 X72.553 Y45.699 E0.00004
G1 F1005.7 X72.962 Y45.459 E0.00012
G1 F1010.5 X73.016 Y45.432 E0.00002
G1 X73.07 Y45.404 E0.00002
G1 X73.124 Y45.376 E0.00002
G1 F1015.4 X73.178 Y45.348 E0.00002
G1 X73.232 Y45.32 E0.00002
G1 F1020.3 X73.287 Y45.292 E0.00002
G1 X73.341 Y45.264 E0.00002
G1 X73.395 Y45.236 E0.00002
G1 F1025.2 X73.401 Y45.233 E0
G1 X73.434 Y45.217 E0.00001
G1 F1020.3 X73.467 Y45.201 E0.00001
G1 X73.5 Y45.185 E0.00001
G1 F1015.4 X73.534 Y45.168 E0.00001
G1 F1010.5 X73.567 Y45.152 E0.00001
G1 X73.6 Y45.136 E0.00001
G1 F1005.7 X73.634 Y45.119 E0.00001
G1 X73.699 Y45.09 E0.00002
G1 X73.765 Y45.06 E0.00002
G1 F1010.5 X73.831 Y45.031 E0.00002
G1 X73.839 Y45.027 E0
G1 X73.911 Y44.996 E0.00002
G1 F1005.7 X73.984 Y44.965 E0.00002
G1 X74.056 Y44.934 E0.00002
G1 X74.097 Y44.918 E0.00001
G1 F1010.5 X74.139 Y44.901 E0.00001
G1 X74.181 Y44.884 E0.00001
G1 F1015.4 X74.223 Y44.867 E0.00001
G1 F1020.3 X74.265 Y44.85 E0.00001
G1 X74.275 Y44.845 E0
G1 F1015.4 X74.348 Y44.817 E0.00002
G1 F1010.5 X74.422 Y44.789 E0.00002
G1 X74.496 Y44.761 E0.00002
G1 X74.54 Y44.746 E0.00001
G1 F1015.4 X74.584 Y44.73 E0.00001
G1 X74.629 Y44.714 E0.00001
G1 F1020.3 X74.673 Y44.699 E0.00001
G1 F1025.2 X74.717 Y44.683 E0.00001
G1 X74.726 Y44.679 E0
G1 F1020.3 X74.789 Y44.659 E0.00002
G1 F1015.4 X74.853 Y44.638 E0.00002
G1 X74.917 Y44.617 E0.00002
G1 F1010.5 X74.98 Y44.596 E0.00002
G1 X75.048 Y44.575 E0.00002
G1 X75.117 Y44.554 E0.00002
G1 F1015.4 X75.186 Y44.533 E0.00002
G1 X75.194 Y44.531 E0
G1 X75.25 Y44.516 E0.00002
G1 F1010.5 X75.307 Y44.5 E0.00002
G1 X75.364 Y44.484 E0.00002
G1 F1005.7 X75.42 Y44.468 E0.00002
G1 X75.493 Y44.449 E0.00002
G1 X75.568 Y44.43 E0.00002
G1 F1010.5 X75.642 Y44.41 E0.00002
G1 F1015.4 X75.796 Y44.375 E0.00004
G1 X75.951 Y44.34 E0.00004
G1 X76.106 Y44.305 E0.00004
G1 X76.597 Y44.218 E0.00013
G1 X76.654 Y44.21 E0.00001
G1 F1010.5 X76.712 Y44.202 E0.00002
G1 X76.769 Y44.194 E0.00002
G1 F1005.7 X76.827 Y44.186 E0.00002
G1 X76.906 Y44.176 E0.00002
G1 X76.984 Y44.166 E0.00002
G1 F1010.5 X77.063 Y44.157 E0.00002
G1 F1015.4 X77.223 Y44.142 E0.00004
G1 X77.382 Y44.127 E0.00004
G1 X77.542 Y44.112 E0.00004
G1 X77.602 Y44.109 E0.00002
G1 F1010.5 X77.662 Y44.105 E0.00002
G1 X77.722 Y44.102 E0.00002
G1 F1005.7 X77.782 Y44.098 E0.00002
G1 X77.828 Y44.097 E0.00001
G1 F1010.5 X77.875 Y44.095 E0.00001
G1 X77.922 Y44.093 E0.00001
G1 F1015.4 X77.969 Y44.091 E0.00001
G1 F1020.3 X78.016 Y44.09 E0.00001
G1 X78.03 Y44.089 E0
G1 X78.088 Y44.089 E0.00001
G1 F1015.4 X78.146 Y44.088 E0.00002
G1 X78.204 Y44.088 E0.00002
G1 F1010.5 X78.262 Y44.087 E0.00002
G1 X78.419 Y44.089 E0.00004
G1 X78.578 Y44.092 E0.00004
G1 X78.737 Y44.095 E0.00004
G1 X79.227 Y44.124 E0.00013
G1 X79.281 Y44.129 E0.00001
G1 F1005.7 X79.335 Y44.134 E0.00001
G1 X79.424 Y44.144 E0.00002
G1 X79.513 Y44.155 E0.00002
G1 F1010.5 X79.603 Y44.165 E0.00002
G1 X79.692 Y44.176 E0.00002
G1 X80.172 Y44.249 E0.00013
G1 X80.293 Y44.271 E0.00003
G1 X80.339 Y44.28 E0.00001
G1 X80.385 Y44.289 E0.00001
G1 F1015.4 X80.431 Y44.299 E0.00001
G1 X80.477 Y44.308 E0.00001
G1 F1020.3 X80.523 Y44.317 E0.00001
G1 X80.569 Y44.327 E0.00001
G1 F1025.2 X80.615 Y44.336 E0.00001
G1 X80.661 Y44.345 E0.00001
G1 X80.81 Y44.382 E0.00004
G1 X80.959 Y44.418 E0.00004
G1 X81.107 Y44.454 E0.00004
G1 F1020.3 X81.163 Y44.47 E0.00002
G1 F1015.4 X81.22 Y44.486 E0.00002
G1 X81.277 Y44.502 E0.00002
G1 F1010.5 X81.334 Y44.518 E0.00002
G1 X81.506 Y44.573 E0.00005
G1 X81.678 Y44.628 E0.00005
G1 X81.851 Y44.683 E0.00005
G1 X82.023 Y44.738 E0.00005
G1 X82.471 Y44.912 E0.00013
G1 X82.549 Y44.945 E0.00002
G1 X82.627 Y44.978 E0.00002
G1 F1005.7 X82.705 Y45.012 E0.00002
G1 X82.783 Y45.045 E0.00002
G1 X82.843 Y45.072 E0.00002
G1 F1015.4 X82.904 Y45.1 E0.00002
G1 X82.947 Y45.121 E0.00001
G1 F1010.5 X82.99 Y45.142 E0.00001
G1 F1005.7 X83.033 Y45.163 E0.00001
G1 X83.076 Y45.184 E0.00001
G1 F1000.9 X83.12 Y45.205 E0.00001
G1 X83.195 Y45.242 E0.00002
G1 X83.268 Y45.279 E0.00002
G1 F1005.7 X83.341 Y45.316 E0.00002
G1 F1010.5 X83.347 Y45.32 E0
G1 X83.416 Y45.356 E0.00002
G1 F1005.7 X83.485 Y45.392 E0.00002
G1 X83.554 Y45.429 E0.00002
G1 X83.594 Y45.451 E0.00001
G1 F1010.5 X83.634 Y45.473 E0.00001
G1 X83.674 Y45.496 E0.00001
G1 F1015.4 X83.714 Y45.518 E0.00001
G1 F1020.3 X83.755 Y45.541 E0.00001
G1 X83.825 Y45.582 E0.00002
G1 F1015.4 X83.896 Y45.624 E0.00002
G1 X83.967 Y45.666 E0.00002
G1 X84.019 Y45.699 E0.00002
G1 F1020.3 X84.071 Y45.731 E0.00002
G1 X84.123 Y45.763 E0.00002
G1 F1025.2 X84.175 Y45.795 E0.00002
G1 X84.184 Y45.8 E0
G1 X84.221 Y45.824 E0.00001
G1 F1020.3 X84.259 Y45.849 E0.00001
G1 F1015.4 X84.296 Y45.873 E0.00001
G1 X84.334 Y45.898 E0.00001
G1 F1010.5 X84.372 Y45.923 E0.00001
G1 X84.436 Y45.967 E0.00002
G1 X84.5 Y46.011 E0.00002
G1 F1015.4 X84.565 Y46.055 E0.00002
G1 X84.697 Y46.151 E0.00004
G1 X84.83 Y46.247 E0.00004
G1 X84.963 Y46.343 E0.00004
G1 F1010.5 X85.331 Y46.637 E0.00012
G1 X85.703 Y46.962 E0.00013
G1 X85.73 Y46.988 E0.00001
G1 F1005.7 X85.758 Y47.014 E0.00001
G1 F1000.9 X85.786 Y47.04 E0.00001
G1 X85.813 Y47.066 E0.00001
G1 F996.2 X85.841 Y47.092 E0.00001
G1 F991.5 X85.869 Y47.119 E0.00001
G1 X85.911 Y47.16 E0.00002
G1 X85.953 Y47.201 E0.00002
G1 X85.995 Y47.242 E0.00002
G1 F996.2 X86.038 Y47.284 E0.00002
G1 X86.08 Y47.325 E0.00002
G1 F1000.9 X86.122 Y47.366 E0.00002
G1 X86.164 Y47.407 E0.00002
G1 X86.207 Y47.449 E0.00002
G1 F1005.7 X86.308 Y47.558 E0.00004
G1 X86.409 Y47.667 E0.00004
G1 X86.511 Y47.776 E0.00004
G1 F1010.5 X86.622 Y47.907 E0.00004
G1 X86.732 Y48.038 E0.00004
G1 X86.843 Y48.169 E0.00004
G1 F1015.4 X86.902 Y48.246 E0.00003
G1 X86.96 Y48.322 E0.00002
G1 X87.018 Y48.399 E0.00003
G1 F1020.3 X87.076 Y48.475 E0.00002
G1 X87.134 Y48.552 E0.00002
G1 X87.142 Y48.561 E0
G1 X87.169 Y48.599 E0.00001
G1 F1015.4 X87.197 Y48.637 E0.00001
G1 F1010.5 X87.224 Y48.675 E0.00001
G1 X87.252 Y48.713 E0.00001
G1 F1005.7 X87.28 Y48.751 E0.00001
G1 X87.348 Y48.85 E0.00003
G1 X87.416 Y48.95 E0.00003
G1 F1010.5 X87.501 Y49.081 E0.00004
G1 X87.586 Y49.213 E0.00004
G1 X87.671 Y49.345 E0.00004
G1 X87.893 Y49.726 E0.00011
G1 X87.92 Y49.776 E0.00001
G1 X87.947 Y49.826 E0.00001
G1 F1005.7 X87.974 Y49.876 E0.00001
G1 F1000.9 X88.001 Y49.926 E0.00001
G1 X88.028 Y49.977 E0.00002
G1 X88.107 Y50.139 E0.00005
G1 X88.186 Y50.302 E0.00005
G1 X88.265 Y50.465 E0.00005
G1 X88.344 Y50.627 E0.00005
G1 F1005.7 X88.404 Y50.772 E0.00004
G1 X88.464 Y50.918 E0.00004
G1 X88.525 Y51.064 E0.00004
G1 F1010.5 X88.545 Y51.12 E0.00002
G1 X88.566 Y51.176 E0.00002
G1 X88.586 Y51.233 E0.00002
G1 F1015.4 X88.607 Y51.289 E0.00002
G1 X88.628 Y51.345 E0.00002
G1 F1020.3 X88.648 Y51.402 E0.00002
G1 X88.669 Y51.458 E0.00002
G1 X88.69 Y51.514 E0.00002
G1 X88.702 Y51.552 E0.00001
G1 F1015.4 X88.716 Y51.593 E0.00001
G1 X88.73 Y51.634 E0.00001
G1 F1010.5 X88.743 Y51.675 E0.00001
G1 F1005.7 X88.757 Y51.716 E0.00001
G1 X88.771 Y51.757 E0.00001
G1 X88.804 Y51.869 E0.00003
G1 X88.838 Y51.981 E0.00003
G1 X88.861 Y52.061 E0.00002
G1 F1000.9 X88.884 Y52.142 E0.00002
G1 X88.907 Y52.223 E0.00002
G1 X88.92 Y52.275 E0.00001
G1 F1005.7 X88.934 Y52.327 E0.00001
G1 X88.948 Y52.379 E0.00001
G1 F1010.5 X88.961 Y52.432 E0.00001
G1 X88.965 Y52.444 E0
G1 X88.969 Y52.465 E0.00001
G1 X88.974 Y52.486 E0.00001
G1 X88.979 Y52.508 E0.00001
G1 F1005.7 X88.984 Y52.529 E0.00001
G1 X88.989 Y52.551 E0.00001
G1 F1000.9 X88.994 Y52.572 E0.00001
G1 X88.999 Y52.594 E0.00001
G1 X89.004 Y52.615 E0.00001
G1 F996.2 X89.009 Y52.637 E0.00001
G1 X89.014 Y52.658 E0.00001
G1 X89.018 Y52.679 E0.00001
G1 F991.5 X89.023 Y52.701 E0.00001
G1 X89.028 Y52.722 E0.00001
G1 F986.9 X89.033 Y52.744 E0.00001
G1 X89.038 Y52.765 E0.00001
G1 X89.043 Y52.787 E0.00001
G1 F982.3 X89.048 Y52.808 E0.00001
G1 X89.053 Y52.83 E0.00001
G1 X89.058 Y52.851 E0.00001
G1 F977.8 X89.063 Y52.873 E0.00001
G1 X89.068 Y52.894 E0.00001
G1 F973.3 X89.072 Y52.915 E0.00001
G1 X89.077 Y52.937 E0.00001
G1 X89.082 Y52.958 E0.00001
G1 F977.8 X89.084 Y52.975 E0
G1 F986.9 X89.087 Y53 E0.00001
G1 F1000.9 X89.09 Y53.024 E0.00001
G1 F1005.7 X89.115 Y53.148 E0.00003
G1 X89.124 Y53.201 E0.00001
G1 F1000.9 X89.133 Y53.254 E0.00001
G1 F996.2 X89.142 Y53.307 E0.00001
G1 X89.151 Y53.368 E0.00002
G1 X89.16 Y53.429 E0.00002
G1 F1000.9 X89.169 Y53.491 E0.00002
G1 F1005.7 X89.178 Y53.552 E0.00002
G1 X89.187 Y53.613 E0.00002
G1 X89.188 Y53.619 E0
G1 X89.198 Y53.696 E0.00002
G1 F1000.9 X89.208 Y53.773 E0.00002
G1 X89.218 Y53.851 E0.00002
G1 X89.222 Y53.898 E0.00001
G1 F1005.7 X89.227 Y53.946 E0.00001
G1 X89.232 Y53.994 E0.00001
G1 F1010.5 X89.237 Y54.042 E0.00001
G1 F1015.4 X89.241 Y54.09 E0.00001
G1 X89.243 Y54.102 E0
G1 X89.247 Y54.16 E0.00002
G1 X89.251 Y54.219 E0.00002
G1 X89.256 Y54.278 E0.00002
G1 F1010.5 X89.26 Y54.337 E0.00002
G1 X89.265 Y54.396 E0.00002
G1 F1005.7 X89.269 Y54.455 E0.00002
G1 X89.273 Y54.514 E0.00002
G1 X89.278 Y54.572 E0.00002
G1 F1000.9 X89.278 Y54.57 E0
G1 F1005.7 X89.279 Y54.667 E0.00003
G1 X89.281 Y54.764 E0.00003
G1 X89.282 Y54.861 E0.00003
G1 F1010.5 X89.284 Y54.958 E0.00003
G1 X89.285 Y55.055 E0.00003
G1 X89.284 Y55.214 E0.00004
G1 X89.281 Y55.372 E0.00004
G1 X89.278 Y55.53 E0.00004
G1 X89.275 Y55.577 E0.00001
G1 X89.272 Y55.625 E0.00001
G1 X89.269 Y55.673 E0.00001
G1 F1015.4 X89.266 Y55.721 E0.00001
G1 X89.263 Y55.769 E0.00001
G1 F1020.3 X89.259 Y55.817 E0.00001
G1 X89.256 Y55.865 E0.00001
G1 X89.253 Y55.913 E0.00001
G1 F1025.2 X89.25 Y55.961 E0.00001
G1 X89.247 Y56.009 E0.00001
G1 X89.245 Y56.023 E0
G1 X89.242 Y56.062 E0.00001
G1 F1020.3 X89.238 Y56.102 E0.00001
G1 F1015.4 X89.234 Y56.142 E0.00001
G1 X89.23 Y56.182 E0.00001
G1 F1010.5 X89.226 Y56.222 E0.00001
G1 F1005.7 X89.222 Y56.262 E0.00001
G1 X89.217 Y56.306 E0.00001
G1 F1010.5 X89.212 Y56.351 E0.00001
G1 X89.206 Y56.395 E0.00001
G1 F1015.4 X89.201 Y56.44 E0.00001
G1 F1020.3 X89.195 Y56.484 E0.00001
G1 X89.193 Y56.493 E0
G1 F1015.4 X89.184 Y56.556 E0.00002
G1 X89.175 Y56.619 E0.00002
G1 F1010.5 X89.166 Y56.683 E0.00002
G1 F1005.7 X89.156 Y56.746 E0.00002
G1 X89.147 Y56.809 E0.00002
G1 X89.131 Y56.905 E0.00003
G1 X89.115 Y57.003 E0.00003
G1 F1010.5 X89.099 Y57.101 E0.00003
G1 X89.083 Y57.199 E0.00003
G1 X89.049 Y57.354 E0.00004
G1 X89.015 Y57.508 E0.00004
G1 X88.982 Y57.663 E0.00004
G1 X88.941 Y57.817 E0.00004
G1 X88.9 Y57.971 E0.00004
G1 X88.86 Y58.125 E0.00004
G1 F1015.4 X88.83 Y58.217 E0.00003
G1 X88.8 Y58.308 E0.00002
G1 X88.77 Y58.399 E0.00002
G1 X88.74 Y58.49 E0.00002
G1 F1020.3 X88.71 Y58.582 E0.00002
G1 X88.68 Y58.673 E0.00002
G1 X88.65 Y58.764 E0.00002
G1 X88.62 Y58.855 E0.00002
G1 X88.609 Y58.887 E0.00001
G1 F1015.4 X88.596 Y58.923 E0.00001
G1 F1010.5 X88.583 Y58.959 E0.00001
G1 F1005.7 X88.57 Y58.995 E0.00001
G1 F1000.9 X88.557 Y59.03 E0.00001
G1 X88.539 Y59.075 E0.00001
G1 F1005.7 X88.52 Y59.121 E0.00001
G1 X88.501 Y59.168 E0.00001
G1 F1010.5 X88.482 Y59.214 E0.00001
G1 F1015.4 X88.463 Y59.261 E0.00001
G1 X88.398 Y59.41 E0.00004
G1 X88.333 Y59.559 E0.00004
G1 X88.268 Y59.709 E0.00004
G1 F1010.5 X88.241 Y59.766 E0.00002
G1 F1005.7 X88.213 Y59.824 E0.00002
G1 X88.185 Y59.882 E0.00002
G1 F1000.9 X88.157 Y59.939 E0.00002
G1 X88.107 Y60.037 E0.00003
G1 X88.056 Y60.137 E0.00003
G1 X88.001 Y60.241 E0.00003
G1 X87.946 Y60.346 E0.00003
G1 X87.924 Y60.387 E0.00001
G1 F1005.7 X87.901 Y60.428 E0.00001
G1 X87.878 Y60.469 E0.00001
G1 F1010.5 X87.855 Y60.51 E0.00001
G1 F1015.4 X87.832 Y60.551 E0.00001
G1 X87.827 Y60.56 E0
G1 X87.797 Y60.61 E0.00002
G1 F1010.5 X87.767 Y60.661 E0.00002
G1 X87.737 Y60.712 E0.00002
G1 F1005.7 X87.707 Y60.763 E0.00002
G1 X87.665 Y60.832 E0.00002
G1 X87.622 Y60.902 E0.00002
G1 F1010.5 X87.579 Y60.972 E0.00002
G1 X87.574 Y60.98 E0
G1 X87.535 Y61.041 E0.00002
G1 F1005.7 X87.495 Y61.102 E0.00002
G1 X87.456 Y61.163 E0.00002
G1 X87.422 Y61.213 E0.00002
G1 F1010.5 X87.387 Y61.263 E0.00002
G1 X87.353 Y61.313 E0.00002
G1 F1015.4 X87.318 Y61.364 E0.00002
G1 X87.032 Y61.758 E0.00013
G1 X86.933 Y61.881 E0.00004
G1 X86.834 Y62.004 E0.00004
G1 X86.735 Y62.128 E0.00004
G1 F1010.5 X86.683 Y62.189 E0.00002
G1 F1005.7 X86.63 Y62.251 E0.00002
G1 X86.577 Y62.313 E0.00002
G1 X86.525 Y62.371 E0.00002
G1 X86.473 Y62.429 E0.00002
G1 F1010.5 X86.421 Y62.488 E0.00002
G1 F1015.4 X86.354 Y62.558 E0.00003
G1 X86.286 Y62.629 E0.00003
G1 X86.218 Y62.7 E0.00003
G1 F1020.3 X86.151 Y62.771 E0.00003
G1 X86.083 Y62.842 E0.00003
G1 X86.039 Y62.884 E0.00002
G1 X85.994 Y62.928 E0.00002
G1 X85.949 Y62.972 E0.00002
G1 F1015.4 X85.904 Y63.016 E0.00002
G1 X85.859 Y63.06 E0.00002
G1 F1010.5 X85.814 Y63.104 E0.00002
G1 X85.768 Y63.148 E0.00002
G1 X85.723 Y63.192 E0.00002
G1 X85.59 Y63.305 E0.00005
G1 X85.455 Y63.421 E0.00005
G1 X85.32 Y63.537 E0.00005
G1 X85.184 Y63.653 E0.00005
G1 X85.127 Y63.698 E0.00002
G1 F1005.7 X85.07 Y63.743 E0.00002
G1 X85.012 Y63.789 E0.00002
G1 X84.963 Y63.826 E0.00002
G1 F1010.5 X84.913 Y63.863 E0.00002
G1 X84.864 Y63.9 E0.00002
G1 F1015.4 X84.814 Y63.938 E0.00002
G1 X84.412 Y64.22 E0.00013
G1 X84.376 Y64.244 E0.00001
G1 F1010.5 X84.339 Y64.268 E0.00001
G1 F1005.7 X84.302 Y64.292 E0.00001
G1 X84.265 Y64.316 E0.00001
G1 F1000.9 X84.228 Y64.34 E0.00001
G1 X84.159 Y64.384 E0.00002
G1 X84.092 Y64.426 E0.00002
G1 F1005.7 X84.025 Y64.468 E0.00002
G1 F1010.5 X84.017 Y64.473 E0
G1 X83.965 Y64.504 E0.00002
G1 F1005.7 X83.913 Y64.535 E0.00002
G1 X83.86 Y64.566 E0.00002
G1 F1000.9 X83.808 Y64.598 E0.00002
G1 X83.742 Y64.635 E0.00002
G1 X83.674 Y64.674 E0.00002
G1 F1005.7 X83.606 Y64.712 E0.00002
G1 F1010.5 X83.462 Y64.788 E0.00004
G1 X83.318 Y64.863 E0.00004
G1 X83.175 Y64.938 E0.00004
G1 X83.14 Y64.954 E0.00001
G1 F1005.7 X83.105 Y64.971 E0.00001
G1 F1000.9 X83.07 Y64.988 E0.00001
G1 X83.035 Y65.005 E0.00001
G1 F996.2 X83 Y65.022 E0.00001
G1 F991.5 X82.965 Y65.038 E0.00001
G1 X82.941 Y65.049 E0.00001
G1 X82.915 Y65.06 E0.00001
G1 F996.2 X82.89 Y65.071 E0.00001
G1 X82.864 Y65.083 E0.00001
G1 X82.838 Y65.094 E0.00001
G1 F1000.9 X82.813 Y65.105 E0.00001
G1 X82.787 Y65.117 E0.00001
G1 F1005.7 X82.762 Y65.128 E0.00001
G1 X82.736 Y65.139 E0.00001
G1 X82.71 Y65.15 E0.00001
G1 F1010.5 X82.685 Y65.162 E0.00001
G1 X82.659 Y65.173 E0.00001
G1 F1015.4 X82.634 Y65.184 E0.00001
G1 X82.608 Y65.196 E0.00001
G1 X82.582 Y65.207 E0.00001
G1 F1020.3 X82.557 Y65.218 E0.00001
G1 X82.531 Y65.229 E0.00001
G1 X82.515 Y65.237 E0
G1 X82.48 Y65.251 E0.00001
G1 F1015.4 X82.445 Y65.265 E0.00001
G1 F1010.5 X82.41 Y65.28 E0.00001
G1 X82.375 Y65.294 E0.00001
G1 F1005.7 X82.34 Y65.308 E0.00001
G1 F1000.9 X82.304 Y65.323 E0.00001
G1 X82.248 Y65.344 E0.00002
G1 F1005.7 X82.194 Y65.364 E0.00002
G1 X82.14 Y65.385 E0.00002
G1 F1010.5 X82.085 Y65.405 E0.00002
G1 X81.968 Y65.447 E0.00003
G1 X81.852 Y65.489 E0.00003
G1 X81.776 Y65.514 E0.00002
G1 X81.7 Y65.539 E0.00002
G1 F1015.4 X81.624 Y65.565 E0.00002
G1 X81.614 Y65.568 E0
G1 X81.569 Y65.581 E0.00001
G1 F1010.5 X81.524 Y65.595 E0.00001
G1 F1005.7 X81.479 Y65.609 E0.00001
G1 X81.434 Y65.622 E0.00001
G1 F1000.9 X81.389 Y65.636 E0.00001
G1 X81.313 Y65.658 E0.00002
G1 X81.238 Y65.679 E0.00002
G1 F1005.7 X81.163 Y65.701 E0.00002
G1 F1010.5 X81.007 Y65.739 E0.00004
G1 X80.851 Y65.778 E0.00004
G1 X80.694 Y65.816 E0.00004
G1 X80.646 Y65.827 E0.00001
G1 F1005.7 X80.599 Y65.837 E0.00001
G1 F1000.9 X80.552 Y65.847 E0.00001
G1 X80.505 Y65.857 E0.00001
G1 F996.2 X80.458 Y65.867 E0.00001
G1 X80.383 Y65.882 E0.00002
G1 X80.308 Y65.896 E0.00002
G1 F1000.9 X80.233 Y65.911 E0.00002
G1 F1005.7 X80.072 Y65.935 E0.00004
G1 X79.911 Y65.96 E0.00004
G1 X79.75 Y65.984 E0.00004
G1 X79.673 Y65.994 E0.00002
G1 F1000.9 X79.597 Y66.004 E0.00002
G1 X79.521 Y66.014 E0.00002
G1 X79.475 Y66.018 E0.00001
G1 F1005.7 X79.428 Y66.023 E0.00001
G1 X79.381 Y66.028 E0.00001
G1 F1010.5 X79.334 Y66.033 E0.00001
G1 F1015.4 X79.287 Y66.037 E0.00001
G1 F1020.3 X79.274 Y66.039 E0
G1 X79.227 Y66.042 E0.00001
G1 F1015.4 X79.179 Y66.046 E0.00001
G1 F1010.5 X79.131 Y66.05 E0.00001
G1 X79.083 Y66.054 E0.00001
G1 F1005.7 X79.035 Y66.057 E0.00001
G1 X78.954 Y66.062 E0.00002
G1 X78.874 Y66.067 E0.00002
G1 F1010.5 X78.794 Y66.072 E0.00002
G1 F1015.4 X78.705 Y66.072 E0.00002
G1 X78.616 Y66.073 E0.00002
G1 X78.527 Y66.074 E0.00002
G1 X78.438 Y66.075 E0.00002
G1 F1020.3 X78.349 Y66.076 E0.00002
G1 X78.26 Y66.077 E0.00002
G1 X78.171 Y66.078 E0.00002
G1 X78.082 Y66.079 E0.00002
G1 X77.922 Y66.073 E0.00004
G1 X77.758 Y66.067 E0.00004
G1 X77.594 Y66.06 E0.00004
G1 F1015.4 X77.525 Y66.055 E0.00002
G1 F1010.5 X77.455 Y66.05 E0.00002
G1 X77.372 Y66.043 E0.00002
G1 X77.287 Y66.035 E0.00002
G1 F1015.4 X77.202 Y66.028 E0.00002
G1 X77.118 Y66.02 E0.00002
G1 X76.643 Y65.961 E0.00012
G1 X76.581 Y65.951 E0.00002
G1 F1010.5 X76.519 Y65.941 E0.00002
G1 X76.457 Y65.931 E0.00002
G1 F1005.7 X76.395 Y65.92 E0.00002
G1 X76.324 Y65.906 E0.00002
G1 X76.251 Y65.892 E0.00002
G1 F1010.5 X76.179 Y65.878 E0.00002
G1 X76.17 Y65.877 E0
G1 F1005.7 X76.093 Y65.861 E0.00002
G1 F1000.9 X76.016 Y65.845 E0.00002
G1 X75.939 Y65.828 E0.00002
G1 X75.88 Y65.814 E0.00002
G1 F1005.7 X75.821 Y65.8 E0.00002
G1 X75.762 Y65.786 E0.00002
G1 F1010.5 X75.703 Y65.772 E0.00002
G1 X75.538 Y65.73 E0.00004
G1 X75.372 Y65.687 E0.00004
G1 X75.207 Y65.644 E0.00004
G1 F1005.7 X75.127 Y65.62 E0.00002
G1 X75.047 Y65.595 E0.00002
G1 F1000.9 X74.967 Y65.57 E0.00002
G1 X74.887 Y65.545 E0.00002
G1 X74.807 Y65.52 E0.00002
G1 X74.726 Y65.491 E0.00002
G1 X74.644 Y65.461 E0.00002
G1 X74.562 Y65.431 E0.00002
G1 F1005.7 X74.48 Y65.402 E0.00002
G1 X74.398 Y65.372 E0.00002
G1 X74.316 Y65.342 E0.00002
G1 X74.253 Y65.316 E0.00002
G1 X74.192 Y65.291 E0.00002
G1 F1000.9 X74.131 Y65.266 E0.00002
G1 X74.07 Y65.241 E0.00002
G1 X74.009 Y65.216 E0.00002
G1 F996.2 X73.948 Y65.19 E0.00002
G1 X73.887 Y65.165 E0.00002
G1 X73.815 Y65.133 E0.00002
G1 X73.745 Y65.102 E0.00002
G1 F1000.9 X73.674 Y65.07 E0.00002
G1 X73.661 Y65.064 E0
G1 X73.608 Y65.038 E0.00002
G1 F996.2 X73.554 Y65.012 E0.00002
G1 X73.5 Y64.986 E0.00002
G1 F991.5 X73.446 Y64.96 E0.00002
G1 X73.412 Y64.942 E0.00001
G1 X73.376 Y64.924 E0.00001
G1 F996.2 X73.341 Y64.906 E0.00001
G1 X73.305 Y64.887 E0.00001
G1 X73.27 Y64.869 E0.00001
G1 F1000.9 X73.234 Y64.851 E0.00001
G1 X73.199 Y64.832 E0.00001
G1 F1005.7 X73.163 Y64.814 E0.00001
G1 X73.128 Y64.796 E0.00001
G1 X73.092 Y64.777 E0.00001
G1 F1010.5 X73.057 Y64.759 E0.00001
G1 X73.021 Y64.741 E0.00001
G1 X72.402 Y64.376 E0.00019
G1 X72.002 Y64.11 E0.00013
G1 X71.937 Y64.064 E0.00002
G1 F1005.7 X71.871 Y64.017 E0.00002
G1 X71.805 Y63.97 E0.00002
G1 X71.757 Y63.935 E0.00002
G1 F1010.5 X71.709 Y63.899 E0.00002
G1 X71.661 Y63.863 E0.00002
G1 F1015.4 X71.613 Y63.827 E0.00002
G1 X71.606 Y63.822 E0
G1 X71.56 Y63.786 E0.00002
G1 F1010.5 X71.513 Y63.749 E0.00002
G1 X71.467 Y63.713 E0.00002
G1 F1005.7 X71.42 Y63.676 E0.00002
G1 X71.299 Y63.574 E0.00004
G1 X71.177 Y63.472 E0.00004
G1 X71.055 Y63.37 E0.00004
G1 F1010.5 X70.998 Y63.319 E0.00002
G1 X70.94 Y63.268 E0.00002
G1 F1015.4 X70.883 Y63.217 E0.00002
G1 X70.876 Y63.21 E0
G1 X70.833 Y63.169 E0.00002
G1 F1010.5 X70.789 Y63.128 E0.00002
G1 X70.745 Y63.087 E0.00002
G1 F1005.7 X70.701 Y63.046 E0.00002
G1 X70.614 Y62.961 E0.00003
G1 X70.526 Y62.875 E0.00003
G1 X70.471 Y62.82 E0.00002
G1 F1000.9 X70.416 Y62.765 E0.00002
G1 X70.361 Y62.709 E0.00002
G1 X70.32 Y62.666 E0.00002
G1 F1005.7 X70.279 Y62.622 E0.00002
G1 X70.238 Y62.579 E0.00002
G1 F1010.5 X70.196 Y62.535 E0.00002
G1 F1015.4 X70.088 Y62.412 E0.00004
G1 X69.981 Y62.289 E0.00004
G1 X69.874 Y62.166 E0.00004
G1 X69.833 Y62.115 E0.00002
G1 X69.791 Y62.064 E0.00002
G1 F1010.5 X69.75 Y62.013 E0.00002
G1 X69.708 Y61.961 E0.00002
G1 X69.666 Y61.91 E0.00002
G1 F1005.7 X69.625 Y61.859 E0.00002
G1 X69.583 Y61.808 E0.00002
G1 X69.526 Y61.731 E0.00003
G1 X69.468 Y61.653 E0.00003
G1 X69.41 Y61.575 E0.00003
G1 F1010.5 X69.352 Y61.497 E0.00003
G1 X69.294 Y61.419 E0.00003
G1 X69.204 Y61.284 E0.00004
G1 X69.115 Y61.15 E0.00004
G1 X69.025 Y61.016 E0.00004
G1 F1005.7 X68.777 Y60.609 E0.00012
G1 X68.547 Y60.195 E0.00012
G1 F1010.5 X68.476 Y60.05 E0.00004
G1 X68.405 Y59.905 E0.00004
G1 X68.334 Y59.759 E0.00004
G1 X68.268 Y59.613 E0.00004
G1 X68.203 Y59.468 E0.00004
G1 X68.138 Y59.323 E0.00004
G1 X68.103 Y59.233 E0.00003
G1 X68.068 Y59.143 E0.00003
G1 X68.034 Y59.054 E0.00002
G1 F1015.4 X67.999 Y58.964 E0.00003
G1 X67.964 Y58.874 E0.00003
G1 X67.936 Y58.794 E0.00002
G1 X67.909 Y58.716 E0.00002
G1 F1010.5 X67.882 Y58.637 E0.00002
G1 X67.855 Y58.559 E0.00002
G1 X67.827 Y58.48 E0.00002
G1 F1005.7 X67.816 Y58.447 E0.00001
G1 F996.2 X67.805 Y58.414 E0.00001
G1 X67.778 Y58.322 E0.00003
G1 X67.751 Y58.23 E0.00003
G1 X67.723 Y58.138 E0.00003
G1 F1000.9 X67.696 Y58.046 E0.00003
G1 X67.668 Y57.954 E0.00003
G1 F1005.7 X67.657 Y57.909 E0.00001
G1 X67.646 Y57.863 E0.00001
G1 X67.635 Y57.817 E0.00001
G1 F1010.5 X67.624 Y57.772 E0.00001
G1 X67.613 Y57.726 E0.00001
G1 F1015.4 X67.602 Y57.68 E0.00001
G1 X67.59 Y57.635 E0.00001
G1 X67.579 Y57.589 E0.00001
G1 F1020.3 X67.568 Y57.543 E0.00001
G1 X67.557 Y57.497 E0.00001
G1 X67.553 Y57.484 E0
G1 X67.544 Y57.441 E0.00001
G1 F1015.4 X67.535 Y57.398 E0.00001
G1 F1010.5 X67.526 Y57.355 E0.00001
G1 X67.517 Y57.312 E0.00001
G1 F1005.7 X67.508 Y57.269 E0.00001
G1 F1000.9 X67.46 Y57.025 E0.00007
G1 X67.446 Y56.944 E0.00002
G1 F996.2 X67.431 Y56.862 E0.00002
G1 X67.425 Y56.818 E0.00001
G1 X67.419 Y56.773 E0.00001
G1 F1000.9 X67.412 Y56.729 E0.00001
G1 X67.406 Y56.684 E0.00001
G1 F1005.7 X67.399 Y56.64 E0.00001
G1 F1010.5 X67.393 Y56.595 E0.00001
G1 X67.387 Y56.55 E0.00001
G1 X67.368 Y56.369 E0.00005
G1 X67.35 Y56.189 E0.00005
G1 X67.332 Y56.009 E0.00005
G1 X67.314 Y55.829 E0.00005
G1 F1005.7 X67.312 Y55.782 E0.00001
G1 X67.31 Y55.735 E0.00001
G1 F1000.9 X67.308 Y55.688 E0.00001
G1 X67.306 Y55.641 E0.00001
G1 X67.304 Y55.594 E0.00001
G1 F996.2 X67.302 Y55.547 E0.00001
G1 X67.3 Y55.5 E0.00001
G1 F991.5 X67.298 Y55.453 E0.00001
G1 X67.296 Y55.406 E0.00001
G1 X67.294 Y55.359 E0.00001
G1 X67.294 Y55.321 E0.00001
G1 F996.2 X67.293 Y55.282 E0.00001
G1 F1000.9 X67.293 Y55.243 E0.00001
G1 X67.292 Y55.204 E0.00001
G1 F1005.7 X67.292 Y55.165 E0.00001
G1 F1010.5 X67.291 Y55.126 E0.00001
G1 X67.293 Y54.965 E0.00004
G1 X67.295 Y54.803 E0.00004
G1 X67.297 Y54.641 E0.00004
G1 X67.309 Y54.447 E0.00005
G1 X67.321 Y54.253 E0.00005
G1 F1015.4 X67.329 Y54.156 E0.00003
G1 F1020.3 X67.33 Y54.145 E0
G1 X67.34 Y54.049 E0.00002
G1 X67.35 Y53.953 E0.00002
G1 F1015.4 X67.361 Y53.856 E0.00003
G1 X67.371 Y53.76 E0.00003
G1 X67.381 Y53.663 E0.00003
G1 X67.414 Y53.468 E0.00005
G1 X67.446 Y53.274 E0.00005
G1 X67.478 Y53.079 E0.00005
G1 X67.51 Y52.885 E0.00005
G1 X67.518 Y52.848 E0.00001
G1 F1010.5 X67.526 Y52.81 E0.00001
G1 F1005.7 X67.534 Y52.772 E0.00001
G1 F1000.9 X67.542 Y52.734 E0.00001
G1 F996.2 X67.658 Y52.27 E0.00013
G1 F1000.9 X67.673 Y52.211 E0.00002
G1 F1005.7 X67.689 Y52.151 E0.00002
G1 X67.705 Y52.091 E0.00002
G1 F1010.5 X67.721 Y52.031 E0.00002
G1 X67.733 Y51.991 E0.00001
G1 F1005.7 X67.745 Y51.95 E0.00001
G1 F1000.9 X67.758 Y51.909 E0.00001
G1 X67.77 Y51.868 E0.00001
G1 F996.2 X67.783 Y51.827 E0.00001
G1 X67.802 Y51.768 E0.00002
G1 X67.822 Y51.708 E0.00002
G1 F1000.9 X67.842 Y51.648 E0.00002
G1 X67.862 Y51.588 E0.00002
G1 F1005.7 X67.882 Y51.528 E0.00002
G1 X67.902 Y51.468 E0.00002
G1 F1010.5 X67.92 Y51.416 E0.00001
G1 F1015.4 X67.937 Y51.366 E0.00001
G1 F1020.3 X67.955 Y51.316 E0.00001
G1 X67.959 Y51.304 E0
G1 X67.98 Y51.247 E0.00002
G1 X68.002 Y51.19 E0.00002
G1 F1015.4 X68.024 Y51.133 E0.00002
G1 F1010.5 X68.045 Y51.076 E0.00002
G1 X68.067 Y51.019 E0.00002
G1 X68.114 Y50.907 E0.00003
G1 X68.177 Y50.761 E0.00004
G1 X68.24 Y50.615 E0.00004
G1 X68.303 Y50.469 E0.00004
G1 F1005.7 X68.375 Y50.322 E0.00004
G1 X68.447 Y50.176 E0.00004
G1 X68.519 Y50.03 E0.00004
G1 F1000.9 X68.743 Y49.619 E0.00012
G1 X68.994 Y49.201 E0.00013
G1 F1005.7 X69.045 Y49.123 E0.00002
G1 X69.097 Y49.045 E0.00002
G1 X69.149 Y48.966 E0.00002
G1 F1010.5 X69.201 Y48.888 E0.00002
G1 X69.253 Y48.809 E0.00002
G0 F24000 X69.143 Y48.975
G0 X69.253 Y48.809
G1 F1010.5 X69.203 Y48.885 E0.00002
G1 X69.152 Y48.962 E0.00002
G1 F1005.7 X69.101 Y49.039 E0.00002
G1 X69.051 Y49.116 E0.00002
G1 X69 Y49.192 E0.00002
G1 X68.916 Y49.332 E0.00004
G1 X68.831 Y49.473 E0.00004
G1 X68.747 Y49.613 E0.00004
G1 X68.673 Y49.749 E0.00004
G1 X68.598 Y49.886 E0.00004
G1 X68.523 Y50.023 E0.00004
G1 X68.454 Y50.163 E0.00004
G1 X68.385 Y50.304 E0.00004
G1 X68.315 Y50.444 E0.00004
G1 F1010.5 X68.249 Y50.596 E0.00004
G1 X68.183 Y50.748 E0.00004
G1 X68.116 Y50.901 E0.00004
G1 X68.068 Y51.018 E0.00003
G1 X68.047 Y51.075 E0.00002
G1 X68.025 Y51.132 E0.00002
G1 F1015.4 X68.003 Y51.189 E0.00002
G1 F1020.3 X67.982 Y51.246 E0.00002
G1 X67.96 Y51.303 E0.00002
G1 X67.955 Y51.316 E0
G1 X67.938 Y51.366 E0.00001
G1 F1015.4 X67.921 Y51.416 E0.00001
G1 F1010.5 X67.903 Y51.466 E0.00001
G1 F1005.7 X67.884 Y51.525 E0.00002
G1 X67.864 Y51.585 E0.00002
G1 F1000.9 X67.844 Y51.645 E0.00002
G1 X67.824 Y51.705 E0.00002
G1 F996.2 X67.804 Y51.765 E0.00002
G1 X67.784 Y51.825 E0.00002
G1 X67.771 Y51.868 E0.00001
G1 F1000.9 X67.759 Y51.909 E0.00001
G1 X67.746 Y51.95 E0.00001
G1 F1005.7 X67.734 Y51.991 E0.00001
G1 F1010.5 X67.721 Y52.032 E0.00001
G1 X67.706 Y52.091 E0.00002
G1 F1005.7 X67.69 Y52.151 E0.00002
G1 X67.674 Y52.211 E0.00002
G1 F1000.9 X67.658 Y52.271 E0.00002
G1 F996.2 X67.543 Y52.733 E0.00013
G1 F1000.9 X67.535 Y52.771 E0.00001
G1 F1005.7 X67.527 Y52.809 E0.00001
G1 F1010.5 X67.519 Y52.847 E0.00001
G1 F1015.4 X67.511 Y52.885 E0.00001
G1 X67.478 Y53.08 E0.00005
G1 X67.446 Y53.274 E0.00005
G1 X67.414 Y53.469 E0.00005
G1 X67.382 Y53.663 E0.00005
G1 F1010.5 X67.321 Y54.253 E0.00015
G1 X67.31 Y54.446 E0.00005
G1 X67.298 Y54.64 E0.00005
G1 X67.296 Y54.802 E0.00004
G1 X67.294 Y54.964 E0.00004
G1 X67.292 Y55.126 E0.00004
G1 X67.291 Y55.166 E0.00001
G1 F1005.7 X67.292 Y55.205 E0.00001
G1 F1000.9 X67.292 Y55.244 E0.00001
G1 X67.293 Y55.283 E0.00001
G1 F996.2 X67.293 Y55.322 E0.00001
G1 F991.5 X67.294 Y55.361 E0.00001
G1 X67.296 Y55.407 E0.00001
G1 X67.298 Y55.454 E0.00001
G1 X67.3 Y55.501 E0.00001
G1 F996.2 X67.302 Y55.548 E0.00001
G1 X67.304 Y55.595 E0.00001
G1 F1000.9 X67.306 Y55.642 E0.00001
G1 X67.308 Y55.689 E0.00001
G1 X67.31 Y55.736 E0.00001
G1 F1005.7 X67.312 Y55.783 E0.00001
G1 X67.314 Y55.83 E0.00001
G1 F1010.5 X67.332 Y56.009 E0.00005
G1 X67.35 Y56.189 E0.00005
G1 X67.368 Y56.369 E0.00005
G1 X67.386 Y56.549 E0.00005
G1 X67.392 Y56.593 E0.00001
G1 X67.398 Y56.638 E0.00001
G1 F1005.7 X67.405 Y56.682 E0.00001
G1 F1000.9 X67.411 Y56.727 E0.00001
G1 X67.418 Y56.771 E0.00001
G1 F996.2 X67.424 Y56.816 E0.00001
G1 X67.43 Y56.861 E0.00001
G1 X67.445 Y56.943 E0.00002
G1 F1000.9 X67.46 Y57.025 E0.00002
G1 X67.507 Y57.268 E0.00007
G1 F1005.7 X67.516 Y57.311 E0.00001
G1 F1010.5 X67.525 Y57.354 E0.00001
G1 X67.534 Y57.397 E0.00001
G1 F1015.4 X67.543 Y57.44 E0.00001
G1 F1020.3 X67.552 Y57.483 E0.00001
G1 X67.556 Y57.495 E0
G1 X67.567 Y57.54 E0.00001
G1 X67.578 Y57.586 E0.00001
G1 F1015.4 X67.589 Y57.632 E0.00001
G1 X67.6 Y57.677 E0.00001
G1 X67.611 Y57.723 E0.00001
G1 F1010.5 X67.622 Y57.769 E0.00001
G1 X67.634 Y57.814 E0.00001
G1 F1005.7 X67.645 Y57.86 E0.00001
G1 X67.656 Y57.906 E0.00001
G1 X67.667 Y57.952 E0.00001
G1 F1000.9 X67.695 Y58.046 E0.00003
G1 X67.722 Y58.138 E0.00003
G1 F996.2 X67.75 Y58.23 E0.00003
G1 X67.777 Y58.322 E0.00003
G1 X67.805 Y58.414 E0.00003
G1 X67.816 Y58.447 E0.00001
G1 F1005.7 X67.827 Y58.48 E0.00001
G1 F1010.5 X67.873 Y58.613 E0.00004
G1 X67.919 Y58.746 E0.00004
G1 X67.966 Y58.879 E0.00004
G1 X68.133 Y59.312 E0.00012
G1 X68.333 Y59.758 E0.00013
G1 X68.401 Y59.898 E0.00004
G1 X68.47 Y60.039 E0.00004
G1 X68.539 Y60.18 E0.00004
G1 F1005.7 X68.769 Y60.595 E0.00012
G1 X69.021 Y61.009 E0.00013
G1 F1010.5 X69.111 Y61.145 E0.00004
G1 X69.202 Y61.282 E0.00004
G1 X69.293 Y61.418 E0.00004
G1 X69.35 Y61.495 E0.00002
G1 X69.408 Y61.573 E0.00003
G1 F1005.7 X69.466 Y61.651 E0.00003
G1 X69.524 Y61.729 E0.00003
G1 X69.582 Y61.807 E0.00003
G1 X69.624 Y61.859 E0.00002
G1 X69.666 Y61.91 E0.00002
G1 F1010.5 X69.707 Y61.961 E0.00002
G1 X69.749 Y62.013 E0.00002
G1 X69.791 Y62.064 E0.00002
G1 F1015.4 X69.832 Y62.115 E0.00002
G1 X69.874 Y62.166 E0.00002
G1 X69.981 Y62.288 E0.00004
G1 X70.088 Y62.411 E0.00004
G1 X70.195 Y62.534 E0.00004
G1 F1010.5 X70.236 Y62.577 E0.00002
G1 F1005.7 X70.277 Y62.621 E0.00002
G1 X70.318 Y62.664 E0.00002
G1 F1000.9 X70.36 Y62.708 E0.00002
G1 X70.416 Y62.764 E0.00002
G1 X70.471 Y62.819 E0.00002
G1 F1005.7 X70.526 Y62.875 E0.00002
G1 X70.614 Y62.961 E0.00003
G1 X70.702 Y63.047 E0.00003
G1 X70.745 Y63.088 E0.00002
G1 F1010.5 X70.789 Y63.129 E0.00002
G1 X70.833 Y63.17 E0.00002
G1 F1015.4 X70.877 Y63.211 E0.00002
G1 X70.883 Y63.217 E0
G1 X70.94 Y63.268 E0.00002
G1 F1010.5 X70.998 Y63.319 E0.00002
G1 X71.055 Y63.37 E0.00002
G1 F1005.7 X71.176 Y63.472 E0.00004
G1 X71.298 Y63.574 E0.00004
G1 X71.42 Y63.676 E0.00004
G1 X71.466 Y63.712 E0.00002
G1 F1010.5 X71.513 Y63.749 E0.00002
G1 X71.559 Y63.785 E0.00002
G1 F1015.4 X71.606 Y63.822 E0.00002
G1 X71.614 Y63.828 E0
G1 X71.662 Y63.863 E0.00002
G1 F1010.5 X71.71 Y63.899 E0.00002
G1 X71.758 Y63.935 E0.00002
G1 F1005.7 X71.806 Y63.971 E0.00002
G1 X71.87 Y64.016 E0.00002
G1 X71.936 Y64.063 E0.00002
G1 F1010.5 X72.002 Y64.11 E0.00002
G1 X72.402 Y64.376 E0.00013
G1 X73.021 Y64.74 E0.00019
G1 X73.056 Y64.758 E0.00001
G1 X73.092 Y64.776 E0.00001
G1 F1005.7 X73.127 Y64.795 E0.00001
G1 X73.163 Y64.813 E0.00001
G1 X73.198 Y64.831 E0.00001
G1 F1000.9 X73.234 Y64.85 E0.00001
G1 X73.27 Y64.868 E0.00001
G1 F996.2 X73.305 Y64.886 E0.00001
G1 X73.341 Y64.905 E0.00001
G1 X73.376 Y64.923 E0.00001
G1 F991.5 X73.412 Y64.942 E0.00001
G1 X73.447 Y64.96 E0.00001
G1 X73.5 Y64.986 E0.00002
G1 F996.2 X73.554 Y65.012 E0.00002
G1 X73.608 Y65.038 E0.00002
G1 F1000.9 X73.662 Y65.064 E0.00002
G1 X73.674 Y65.07 E0
G1 X73.744 Y65.101 E0.00002
G1 F996.2 X73.814 Y65.132 E0.00002
G1 X73.885 Y65.164 E0.00002
G1 X73.946 Y65.189 E0.00002
G1 X74.007 Y65.214 E0.00002
G1 F1000.9 X74.068 Y65.239 E0.00002
G1 X74.129 Y65.264 E0.00002
G1 X74.19 Y65.289 E0.00002
G1 F1005.7 X74.251 Y65.315 E0.00002
G1 X74.312 Y65.34 E0.00002
G1 X74.331 Y65.348 E0.00001
G1 X74.41 Y65.376 E0.00002
G1 X74.489 Y65.405 E0.00002
G1 X74.568 Y65.433 E0.00002
G1 F1000.9 X74.647 Y65.462 E0.00002
G1 X74.726 Y65.49 E0.00002
G1 X74.805 Y65.519 E0.00002
G1 X74.937 Y65.56 E0.00004
G1 X75.067 Y65.6 E0.00004
G1 X75.197 Y65.641 E0.00004
G1 X75.382 Y65.687 E0.00005
G1 X75.567 Y65.734 E0.00005
G1 X75.752 Y65.781 E0.00005
G1 X75.938 Y65.827 E0.00005
G1 X76.016 Y65.844 E0.00002
G1 X76.093 Y65.86 E0.00002
G1 F1005.7 X76.17 Y65.877 E0.00002
G1 F1010.5 X76.179 Y65.878 E0
G1 X76.251 Y65.892 E0.00002
G1 F1005.7 X76.324 Y65.906 E0.00002
G1 X76.396 Y65.92 E0.00002
G1 X76.458 Y65.93 E0.00002
G1 F1010.5 X76.52 Y65.94 E0.00002
G1 X76.582 Y65.95 E0.00002
G1 F1015.4 X76.644 Y65.961 E0.00002
G1 X77.118 Y66.02 E0.00012
G1 X77.202 Y66.027 E0.00002
G1 X77.287 Y66.035 E0.00002
G1 F1010.5 X77.372 Y66.042 E0.00002
G1 X77.456 Y66.05 E0.00002
G1 X77.526 Y66.055 E0.00002
G1 F1015.4 X77.596 Y66.06 E0.00002
G1 F1020.3 X77.759 Y66.066 E0.00004
G1 X77.923 Y66.072 E0.00004
G1 X78.087 Y66.079 E0.00004
G1 X78.175 Y66.079 E0.00002
G1 X78.264 Y66.078 E0.00002
G1 X78.353 Y66.077 E0.00002
G1 X78.442 Y66.076 E0.00002
G1 F1015.4 X78.531 Y66.075 E0.00002
G1 X78.62 Y66.074 E0.00002
G1 X78.709 Y66.073 E0.00002
G1 X78.798 Y66.072 E0.00002
G1 F1010.5 X78.874 Y66.068 E0.00002
G1 F1005.7 X78.954 Y66.063 E0.00002
G1 X79.034 Y66.058 E0.00002
G1 X79.081 Y66.055 E0.00001
G1 F1010.5 X79.129 Y66.051 E0.00001
G1 X79.177 Y66.047 E0.00001
G1 F1015.4 X79.225 Y66.043 E0.00001
G1 F1020.3 X79.273 Y66.04 E0.00001
G1 X79.285 Y66.038 E0
G1 F1015.4 X79.331 Y66.034 E0.00001
G1 F1010.5 X79.378 Y66.029 E0.00001
G1 F1005.7 X79.425 Y66.024 E0.00001
G1 X79.472 Y66.019 E0.00001
G1 F1000.9 X79.519 Y66.015 E0.00001
G1 X79.597 Y66.005 E0.00002
G1 X79.673 Y65.995 E0.00002
G1 F1005.7 X79.749 Y65.985 E0.00002
G1 X79.91 Y65.961 E0.00004
G1 X80.071 Y65.936 E0.00004
G1 X80.232 Y65.912 E0.00004
G1 F1000.9 X80.307 Y65.897 E0.00002
G1 F996.2 X80.382 Y65.883 E0.00002
G1 X80.457 Y65.868 E0.00002
G1 X80.504 Y65.858 E0.00001
G1 F1000.9 X80.551 Y65.848 E0.00001
G1 X80.598 Y65.838 E0.00001
G1 F1005.7 X80.645 Y65.828 E0.00001
G1 F1010.5 X80.692 Y65.818 E0.00001
G1 X80.849 Y65.779 E0.00004
G1 X81.005 Y65.74 E0.00004
G1 X81.162 Y65.702 E0.00004
G1 F1005.7 X81.238 Y65.68 E0.00002
G1 F1000.9 X81.313 Y65.659 E0.00002
G1 X81.388 Y65.637 E0.00002
G1 X81.433 Y65.624 E0.00001
G1 F1005.7 X81.478 Y65.61 E0.00001
G1 X81.523 Y65.596 E0.00001
G1 F1010.5 X81.568 Y65.583 E0.00001
G1 F1015.4 X81.613 Y65.569 E0.00001
G1 X81.624 Y65.565 E0
G1 X81.7 Y65.54 E0.00002
G1 F1010.5 X81.776 Y65.515 E0.00002
G1 X81.852 Y65.489 E0.00002
G1 X81.968 Y65.448 E0.00003
G1 X82.084 Y65.406 E0.00003
G1 X82.138 Y65.386 E0.00002
G1 F1005.7 X82.192 Y65.366 E0.00002
G1 X82.246 Y65.345 E0.00002
G1 F1000.9 X82.301 Y65.325 E0.00002
G1 X82.337 Y65.31 E0.00001
G1 F1005.7 X82.372 Y65.296 E0.00001
G1 F1010.5 X82.407 Y65.281 E0.00001
G1 X82.442 Y65.267 E0.00001
G1 F1015.4 X82.477 Y65.253 E0.00001
G1 F1020.3 X82.513 Y65.238 E0.00001
G1 X82.526 Y65.232 E0
G1 X82.551 Y65.221 E0.00001
G1 X82.577 Y65.21 E0.00001
G1 F1015.4 X82.602 Y65.199 E0.00001
G1 X82.628 Y65.187 E0.00001
G1 X82.654 Y65.176 E0.00001
G1 F1010.5 X82.679 Y65.165 E0.00001
G1 X82.705 Y65.153 E0.00001
G1 F1005.7 X82.73 Y65.142 E0.00001
G1 X82.756 Y65.131 E0.00001
G1 X82.782 Y65.12 E0.00001
G1 F1000.9 X82.807 Y65.108 E0.00001
G1 X82.833 Y65.097 E0.00001
G1 F996.2 X82.858 Y65.086 E0.00001
G1 X82.884 Y65.074 E0.00001
G1 X82.91 Y65.063 E0.00001
G1 F991.5 X82.935 Y65.052 E0.00001
G1 X82.961 Y65.041 E0.00001
G1 X83.001 Y65.022 E0.00001
G1 F996.2 X83.036 Y65.005 E0.00001
G1 F1000.9 X83.071 Y64.988 E0.00001
G1 X83.106 Y64.971 E0.00001
G1 F1005.7 X83.141 Y64.954 E0.00001
G1 F1010.5 X83.176 Y64.938 E0.00001
G1 X83.318 Y64.863 E0.00004
G1 X83.462 Y64.788 E0.00004
G1 X83.605 Y64.713 E0.00004
G1 F1005.7 X83.672 Y64.675 E0.00002
G1 F1000.9 X83.74 Y64.636 E0.00002
G1 X83.808 Y64.598 E0.00002
G1 X83.861 Y64.566 E0.00002
G1 F1005.7 X83.913 Y64.535 E0.00002
G1 X83.966 Y64.504 E0.00002
G1 F1010.5 X84.018 Y64.472 E0.00002
G1 X84.025 Y64.468 E0
G1 F1005.7 X84.092 Y64.426 E0.00002
G1 F1000.9 X84.159 Y64.384 E0.00002
G1 X84.226 Y64.342 E0.00002
G1 X84.262 Y64.318 E0.00001
G1 F1005.7 X84.299 Y64.294 E0.00001
G1 X84.336 Y64.27 E0.00001
G1 F1010.5 X84.373 Y64.246 E0.00001
G1 F1015.4 X84.41 Y64.222 E0.00001
G1 X84.815 Y63.937 E0.00013
G1 X84.864 Y63.9 E0.00002
G1 F1010.5 X84.914 Y63.863 E0.00002
G1 X84.963 Y63.826 E0.00002
G1 F1005.7 X85.013 Y63.788 E0.00002
G1 X85.069 Y63.744 E0.00002
G1 X85.126 Y63.699 E0.00002
G1 F1010.5 X85.184 Y63.653 E0.00002
G1 X85.319 Y63.538 E0.00005
G1 X85.454 Y63.422 E0.00005
G1 X85.589 Y63.306 E0.00005
G1 X85.725 Y63.19 E0.00005
G1 X85.77 Y63.147 E0.00002
G1 X85.815 Y63.103 E0.00002
G1 X85.86 Y63.059 E0.00002
G1 F1015.4 X85.905 Y63.015 E0.00002
G1 X85.95 Y62.971 E0.00002
G1 F1020.3 X85.995 Y62.927 E0.00002
G1 X86.041 Y62.883 E0.00002
G1 X86.086 Y62.839 E0.00002
G1 X86.09 Y62.835 E0
G1 X86.156 Y62.766 E0.00002
G1 X86.222 Y62.697 E0.00002
G1 F1015.4 X86.288 Y62.627 E0.00002
G1 X86.354 Y62.558 E0.00002
G1 X86.421 Y62.488 E0.00003
G1 F1010.5 X86.473 Y62.43 E0.00002
G1 F1005.7 X86.525 Y62.372 E0.00002
G1 X86.577 Y62.313 E0.00002
G1 X86.629 Y62.252 E0.00002
G1 X86.682 Y62.19 E0.00002
G1 F1010.5 X86.735 Y62.128 E0.00002
G1 F1015.4 X86.831 Y62.008 E0.00004
G1 X86.927 Y61.888 E0.00004
G1 X87.024 Y61.768 E0.00004
G1 X87.318 Y61.364 E0.00013
G1 X87.352 Y61.314 E0.00002
G1 F1010.5 X87.387 Y61.264 E0.00002
G1 X87.421 Y61.214 E0.00002
G1 F1005.7 X87.456 Y61.163 E0.00002
G1 X87.495 Y61.102 E0.00002
G1 X87.535 Y61.041 E0.00002
G1 F1010.5 X87.574 Y60.98 E0.00002
G1 X87.579 Y60.972 E0
G1 X87.621 Y60.903 E0.00002
G1 F1005.7 X87.664 Y60.833 E0.00002
G1 X87.707 Y60.763 E0.00002
G1 X87.737 Y60.713 E0.00002
G1 F1010.5 X87.767 Y60.662 E0.00002
G1 X87.797 Y60.611 E0.00002
G1 F1015.4 X87.827 Y60.56 E0.00002
G1 X87.832 Y60.551 E0
G1 X87.854 Y60.51 E0.00001
G1 F1010.5 X87.877 Y60.469 E0.00001
G1 F1005.7 X87.9 Y60.428 E0.00001
G1 X87.923 Y60.387 E0.00001
G1 F1000.9 X87.946 Y60.346 E0.00001
G1 F996.2 X88.157 Y59.938 E0.00012
G1 F1000.9 X88.184 Y59.881 E0.00002
G1 F1005.7 X88.212 Y59.823 E0.00002
G1 X88.24 Y59.765 E0.00002
G1 F1010.5 X88.268 Y59.708 E0.00002
G1 F1015.4 X88.333 Y59.56 E0.00004
G1 X88.398 Y59.411 E0.00004
G1 X88.463 Y59.261 E0.00004
G1 X88.481 Y59.215 E0.00001
G1 F1010.5 X88.5 Y59.169 E0.00001
G1 F1005.7 X88.519 Y59.122 E0.00001
G1 X88.538 Y59.076 E0.00001
G1 F1000.9 X88.557 Y59.029 E0.00001
G1 X88.569 Y58.994 E0.00001
G1 F1005.7 X88.582 Y58.958 E0.00001
G1 F1010.5 X88.595 Y58.922 E0.00001
G1 F1015.4 X88.608 Y58.886 E0.00001
G1 F1020.3 X88.621 Y58.851 E0.00001
G1 X88.65 Y58.763 E0.00002
G1 X88.679 Y58.674 E0.00002
G1 X88.709 Y58.584 E0.00002
G1 X88.738 Y58.495 E0.00002
G1 F1015.4 X88.767 Y58.406 E0.00002
G1 X88.797 Y58.316 E0.00002
G1 X88.826 Y58.227 E0.00002
G1 X88.855 Y58.138 E0.00002
G1 F1010.5 X88.979 Y57.674 E0.00013
G1 X89.082 Y57.2 E0.00013
G1 X89.098 Y57.103 E0.00003
G1 X89.114 Y57.005 E0.00003
G1 F1005.7 X89.13 Y56.907 E0.00003
G1 X89.146 Y56.809 E0.00003
G1 X89.156 Y56.745 E0.00002
G1 X89.165 Y56.682 E0.00002
G1 F1010.5 X89.174 Y56.618 E0.00002
G1 F1015.4 X89.184 Y56.555 E0.00002
G1 X89.193 Y56.492 E0.00002
G1 F1020.3 X89.195 Y56.483 E0
G1 X89.2 Y56.439 E0.00001
G1 F1015.4 X89.205 Y56.394 E0.00001
G1 F1010.5 X89.211 Y56.35 E0.00001
G1 X89.216 Y56.305 E0.00001
G1 F1005.7 X89.222 Y56.261 E0.00001
G1 X89.225 Y56.223 E0.00001
G1 F1010.5 X89.229 Y56.183 E0.00001
G1 F1015.4 X89.233 Y56.143 E0.00001
G1 X89.237 Y56.103 E0.00001
G1 F1020.3 X89.241 Y56.063 E0.00001
G1 F1025.2 X89.245 Y56.023 E0.00001
G1 X89.246 Y56.012 E0
G1 X89.249 Y55.965 E0.00001
G1 X89.252 Y55.917 E0.00001
G1 F1020.3 X89.255 Y55.869 E0.00001
G1 X89.258 Y55.821 E0.00001
G1 X89.262 Y55.773 E0.00001
G1 F1015.4 X89.265 Y55.725 E0.00001
G1 X89.268 Y55.677 E0.00001
G1 F1010.5 X89.271 Y55.629 E0.00001
G1 X89.274 Y55.581 E0.00001
G1 X89.278 Y55.534 E0.00001
G1 X89.28 Y55.376 E0.00004
G1 X89.283 Y55.216 E0.00004
G1 X89.286 Y55.056 E0.00004
G1 X89.285 Y54.962 E0.00002
G1 X89.283 Y54.868 E0.00002
G1 F1005.7 X89.282 Y54.774 E0.00002
G1 X89.28 Y54.68 E0.00002
G1 X89.278 Y54.586 E0.00002
G1 X89.274 Y54.528 E0.00002
G1 X89.27 Y54.467 E0.00002
G1 X89.265 Y54.406 E0.00002
G1 F1010.5 X89.261 Y54.345 E0.00002
G1 X89.257 Y54.284 E0.00002
G1 F1015.4 X89.252 Y54.223 E0.00002
G1 X89.248 Y54.162 E0.00002
G1 X89.243 Y54.102 E0.00002
G1 X89.242 Y54.092 E0
G1 X89.238 Y54.045 E0.00001
G1 F1010.5 X89.233 Y53.997 E0.00001
G1 F1005.7 X89.228 Y53.949 E0.00001
G1 X89.223 Y53.901 E0.00001
G1 F1000.9 X89.219 Y53.853 E0.00001
G1 X89.208 Y53.774 E0.00002
G1 X89.198 Y53.697 E0.00002
G1 F1005.7 X89.188 Y53.619 E0.00002
G1 X89.187 Y53.612 E0
G1 X89.178 Y53.551 E0.00002
G1 X89.169 Y53.49 E0.00002
G1 F1000.9 X89.16 Y53.428 E0.00002
G1 F996.2 X89.151 Y53.367 E0.00002
G1 X89.142 Y53.306 E0.00002
G1 X89.133 Y53.254 E0.00001
G1 F1000.9 X89.124 Y53.201 E0.00001
G1 F1005.7 X89.115 Y53.148 E0.00001
G1 X89.09 Y53.024 E0.00003
G1 F1000.9 X89.087 Y53 E0.00001
G1 F986.9 X89.084 Y52.975 E0.00001
G1 F977.8 X89.081 Y52.951 E0.00001
G1 F973.3 X89.077 Y52.93 E0.00001
G1 X89.072 Y52.909 E0.00001
G1 X89.067 Y52.887 E0.00001
G1 F977.8 X89.062 Y52.866 E0.00001
G1 X89.057 Y52.844 E0.00001
G1 F982.3 X89.052 Y52.823 E0.00001
G1 X89.047 Y52.801 E0.00001
G1 X89.042 Y52.78 E0.00001
G1 F986.9 X89.037 Y52.758 E0.00001
G1 X89.032 Y52.737 E0.00001
G1 X89.028 Y52.716 E0.00001
G1 F991.5 X89.023 Y52.694 E0.00001
G1 X89.018 Y52.673 E0.00001
G1 F996.2 X89.013 Y52.651 E0.00001
G1 X89.008 Y52.63 E0.00001
G1 X89.003 Y52.608 E0.00001
G1 F1000.9 X88.998 Y52.587 E0.00001
G1 X88.993 Y52.565 E0.00001
G1 X88.988 Y52.544 E0.00001
G1 F1005.7 X88.983 Y52.522 E0.00001
G1 X88.978 Y52.501 E0.00001
G1 F1010.5 X88.974 Y52.48 E0.00001
G1 X88.969 Y52.458 E0.00001
G1 X88.964 Y52.437 E0.00001
G1 X88.962 Y52.433 E0
G1 X88.949 Y52.381 E0.00001
G1 F1005.7 X88.935 Y52.329 E0.00001
G1 X88.921 Y52.277 E0.00001
G1 F1000.9 X88.908 Y52.224 E0.00001
G1 X88.884 Y52.143 E0.00002
G1 X88.861 Y52.062 E0.00002
G1 F1005.7 X88.838 Y51.981 E0.00002
G1 X88.805 Y51.869 E0.00003
G1 X88.771 Y51.757 E0.00003
G1 X88.758 Y51.717 E0.00001
G1 X88.744 Y51.676 E0.00001
G1 F1010.5 X88.73 Y51.635 E0.00001
G1 F1015.4 X88.717 Y51.594 E0.00001
G1 X88.703 Y51.553 E0.00001
G1 F1020.3 X88.689 Y51.512 E0.00001
G1 X88.673 Y51.468 E0.00001
G1 X88.657 Y51.424 E0.00001
G1 F1015.4 X88.641 Y51.38 E0.00001
G1 X88.625 Y51.336 E0.00001
G1 X88.609 Y51.292 E0.00001
G1 F1010.5 X88.593 Y51.247 E0.00001
G1 X88.577 Y51.203 E0.00001
G1 F1005.7 X88.56 Y51.159 E0.00001
G1 X88.544 Y51.115 E0.00001
G1 X88.528 Y51.071 E0.00001
G1 X88.469 Y50.928 E0.00004
G1 X88.41 Y50.785 E0.00004
G1 X88.351 Y50.641 E0.00004
G1 F1010.5 X88.311 Y50.557 E0.00002
G1 X88.271 Y50.473 E0.00002
G1 X88.231 Y50.389 E0.00002
G1 F1015.4 X88.191 Y50.305 E0.00002
G1 X88.151 Y50.221 E0.00002
G1 X88.065 Y50.056 E0.00005
G1 X87.979 Y49.891 E0.00005
G1 X87.893 Y49.726 E0.00005
G1 F1010.5 X87.677 Y49.355 E0.00011
G1 X87.59 Y49.22 E0.00004
G1 X87.503 Y49.085 E0.00004
G1 X87.416 Y48.95 E0.00004
G1 F1005.7 X87.348 Y48.851 E0.00003
G1 X87.28 Y48.751 E0.00003
G1 X87.253 Y48.713 E0.00001
G1 F1010.5 X87.225 Y48.675 E0.00001
G1 X87.198 Y48.637 E0.00001
G1 F1015.4 X87.17 Y48.599 E0.00001
G1 F1020.3 X87.142 Y48.561 E0.00001
G1 X87.136 Y48.554 E0
G1 X87.079 Y48.479 E0.00002
G1 X87.022 Y48.403 E0.00002
G1 F1015.4 X86.964 Y48.327 E0.00002
G1 X86.907 Y48.252 E0.00002
G1 X86.849 Y48.176 E0.00002
G1 F1010.5 X86.52 Y47.785 E0.00013
G1 X86.458 Y47.718 E0.00002
G1 X86.395 Y47.651 E0.00002
G1 F1005.7 X86.332 Y47.583 E0.00002
G1 X86.27 Y47.516 E0.00002
G1 X86.207 Y47.449 E0.00002
G1 F1000.9 X86.165 Y47.408 E0.00002
G1 X86.123 Y47.367 E0.00002
G1 X86.081 Y47.326 E0.00002
G1 F996.2 X86.038 Y47.284 E0.00002
G1 X85.996 Y47.243 E0.00002
G1 F991.5 X85.954 Y47.202 E0.00002
G1 X85.912 Y47.161 E0.00002
G1 X85.869 Y47.119 E0.00002
G1 X85.842 Y47.093 E0.00001
G1 F996.2 X85.814 Y47.067 E0.00001
G1 F1000.9 X85.786 Y47.041 E0.00001
G1 X85.759 Y47.015 E0.00001
G1 F1005.7 X85.731 Y46.989 E0.00001
G1 F1010.5 X85.703 Y46.962 E0.00001
G1 X85.338 Y46.643 E0.00013
G1 X84.971 Y46.349 E0.00012
G1 F1015.4 X84.836 Y46.251 E0.00004
G1 X84.701 Y46.153 E0.00004
G1 X84.565 Y46.055 E0.00004
G1 X84.501 Y46.011 E0.00002
G1 F1010.5 X84.437 Y45.967 E0.00002
G1 X84.372 Y45.923 E0.00002
G1 X84.335 Y45.899 E0.00001
G1 F1015.4 X84.297 Y45.874 E0.00001
G1 X84.26 Y45.85 E0.00001
G1 F1020.3 X84.222 Y45.825 E0.00001
G1 F1025.2 X84.184 Y45.8 E0.00001
G1 X84.175 Y45.795 E0
G1 X84.124 Y45.763 E0.00002
G1 F1020.3 X84.072 Y45.731 E0.00002
G1 X84.02 Y45.699 E0.00002
G1 F1015.4 X83.968 Y45.667 E0.00002
G1 X83.898 Y45.626 E0.00002
G1 X83.827 Y45.584 E0.00002
G1 F1020.3 X83.756 Y45.542 E0.00002
G1 X83.715 Y45.519 E0.00001
G1 F1015.4 X83.675 Y45.497 E0.00001
G1 F1010.5 X83.635 Y45.474 E0.00001
G1 X83.595 Y45.452 E0.00001
G1 F1005.7 X83.554 Y45.429 E0.00001
G1 X83.485 Y45.393 E0.00002
G1 X83.416 Y45.357 E0.00002
G1 F1010.5 X83.347 Y45.32 E0.00002
G1 X83.341 Y45.316 E0
G1 F1005.7 X83.268 Y45.28 E0.00002
G1 F1000.9 X83.195 Y45.243 E0.00002
G1 X83.122 Y45.206 E0.00002
G1 X83.079 Y45.185 E0.00001
G1 F1005.7 X83.036 Y45.164 E0.00001
G1 X82.993 Y45.143 E0.00001
G1 F1010.5 X82.95 Y45.122 E0.00001
G1 F1015.4 X82.906 Y45.101 E0.00001
G1 X82.843 Y45.073 E0.00002
G1 F1005.7 X82.782 Y45.045 E0.00002
G1 X82.704 Y45.012 E0.00002
G1 X82.626 Y44.979 E0.00002
G1 F1010.5 X82.548 Y44.945 E0.00002
G1 X82.47 Y44.912 E0.00002
G1 X82.032 Y44.741 E0.00012
G1 X81.858 Y44.686 E0.00005
G1 X81.684 Y44.63 E0.00005
G1 X81.51 Y44.574 E0.00005
G1 X81.335 Y44.519 E0.00005
G1 X81.278 Y44.502 E0.00002
G1 F1015.4 X81.221 Y44.486 E0.00002
G1 X81.164 Y44.47 E0.00002
G1 F1020.3 X81.107 Y44.454 E0.00002
G1 F1025.2 X80.959 Y44.418 E0.00004
G1 X80.81 Y44.382 E0.00004
G1 X80.662 Y44.346 E0.00004
G1 X80.616 Y44.337 E0.00001
G1 X80.57 Y44.328 E0.00001
G1 F1020.3 X80.524 Y44.318 E0.00001
G1 X80.478 Y44.309 E0.00001
G1 F1015.4 X80.432 Y44.3 E0.00001
G1 X80.386 Y44.29 E0.00001
G1 F1010.5 X80.34 Y44.281 E0.00001
G1 X80.294 Y44.272 E0.00001
G1 X80.172 Y44.249 E0.00003
G1 X79.691 Y44.176 E0.00013
G1 X79.602 Y44.166 E0.00002
G1 X79.513 Y44.155 E0.00002
G1 F1005.7 X79.423 Y44.145 E0.00002
G1 X79.334 Y44.134 E0.00002
G1 X79.281 Y44.129 E0.00001
G1 F1010.5 X79.227 Y44.124 E0.00001
G1 X78.736 Y44.095 E0.00013
G1 X78.577 Y44.093 E0.00004
G1 X78.418 Y44.09 E0.00004
G1 X78.259 Y44.087 E0.00004
G1 X78.202 Y44.087 E0.00001
G1 F1015.4 X78.144 Y44.088 E0.00002
G1 X78.086 Y44.088 E0.00002
G1 F1020.3 X78.028 Y44.089 E0.00001
G1 X78.018 Y44.089 E0
G1 X77.971 Y44.09 E0.00001
G1 F1015.4 X77.924 Y44.092 E0.00001
G1 F1010.5 X77.877 Y44.094 E0.00001
G1 X77.83 Y44.096 E0.00001
G1 F1005.7 X77.783 Y44.097 E0.00001
G1 X77.721 Y44.101 E0.00002
G1 F1010.5 X77.661 Y44.105 E0.00002
G1 X77.601 Y44.108 E0.00002
G1 F1015.4 X77.541 Y44.112 E0.00002
G1 X77.383 Y44.126 E0.00004
G1 X77.224 Y44.141 E0.00004
G1 X77.064 Y44.156 E0.00004
G1 F1010.5 X76.986 Y44.165 E0.00002
G1 F1005.7 X76.908 Y44.175 E0.00002
G1 X76.829 Y44.184 E0.00002
G1 X76.771 Y44.193 E0.00002
G1 F1010.5 X76.713 Y44.201 E0.00002
G1 X76.656 Y44.209 E0.00002
G1 F1015.4 X76.598 Y44.217 E0.00002
G1 X76.116 Y44.303 E0.00013
G1 X75.958 Y44.338 E0.00004
G1 X75.8 Y44.374 E0.00004
G1 X75.642 Y44.41 E0.00004
G1 F1010.5 X75.568 Y44.429 E0.00002
G1 F1005.7 X75.493 Y44.448 E0.00002
G1 X75.419 Y44.468 E0.00002
G1 X75.363 Y44.483 E0.00002
G1 F1010.5 X75.306 Y44.499 E0.00002
G1 X75.249 Y44.515 E0.00002
G1 F1015.4 X75.193 Y44.531 E0.00002
G1 X75.186 Y44.533 E0
G1 X75.118 Y44.554 E0.00002
G1 F1010.5 X75.049 Y44.575 E0.00002
G1 X74.98 Y44.596 E0.00002
G1 X74.917 Y44.616 E0.00002
G1 F1015.4 X74.853 Y44.637 E0.00002
G1 X74.789 Y44.658 E0.00002
G1 F1020.3 X74.726 Y44.679 E0.00002
G1 F1025.2 X74.716 Y44.683 E0
G1 X74.672 Y44.698 E0.00001
G1 F1020.3 X74.628 Y44.714 E0.00001
G1 F1015.4 X74.583 Y44.73 E0.00001
G1 X74.539 Y44.745 E0.00001
G1 F1010.5 X74.495 Y44.761 E0.00001
G1 X74.423 Y44.789 E0.00002
G1 X74.349 Y44.817 E0.00002
G1 F1015.4 X74.275 Y44.845 E0.00002
G1 F1020.3 X74.267 Y44.849 E0
G1 X74.226 Y44.865 E0.00001
G1 F1015.4 X74.184 Y44.882 E0.00001
G1 F1010.5 X74.142 Y44.899 E0.00001
G1 X74.1 Y44.916 E0.00001
G1 F1005.7 X74.058 Y44.933 E0.00001
G1 X73.984 Y44.965 E0.00002
G1 X73.911 Y44.996 E0.00002
G1 F1010.5 X73.839 Y45.027 E0.00002
G1 X73.832 Y45.03 E0
G1 X73.767 Y45.059 E0.00002
G1 F1005.7 X73.701 Y45.089 E0.00002
G1 X73.635 Y45.118 E0.00002
G1 X73.601 Y45.135 E0.00001
G1 F1010.5 X73.568 Y45.151 E0.00001
G1 X73.535 Y45.167 E0.00001
G1 F1015.4 X73.501 Y45.184 E0.00001
G1 F1020.3 X73.468 Y45.2 E0.00001
G1 X73.435 Y45.216 E0.00001
G1 F1025.2 X73.401 Y45.233 E0.00001
G1 X73.392 Y45.237 E0
G1 F1020.3 X73.308 Y45.28 E0.00002
G1 X73.224 Y45.324 E0.00002
G1 F1015.4 X73.139 Y45.367 E0.00002
G1 X73.055 Y45.411 E0.00002
G1 X72.97 Y45.455 E0.00002
G1 F1010.5 X72.835 Y45.534 E0.00004
G1 X72.701 Y45.612 E0.00004
G1 X72.567 Y45.69 E0.00004
G1 X72.425 Y45.781 E0.00004
G1 X72.283 Y45.871 E0.00004
G1 X72.141 Y45.962 E0.00004
G1 F1015.4 X72.001 Y46.063 E0.00004
G1 X71.861 Y46.164 E0.00004
G1 X71.721 Y46.265 E0.00004
G1 X71.58 Y46.366 E0.00004
G1 X71.191 Y46.684 E0.00013
G1 X71.12 Y46.746 E0.00002
G1 X71.048 Y46.808 E0.00002
G1 F1010.5 X70.976 Y46.87 E0.00002
G1 X70.904 Y46.933 E0.00002
G1 X70.833 Y46.995 E0.00002
G1 X70.707 Y47.119 E0.00005
G1 X70.581 Y47.243 E0.00005
G1 X70.455 Y47.368 E0.00005
G1 X70.329 Y47.492 E0.00005
G1 X70.22 Y47.612 E0.00004
G1 X70.11 Y47.734 E0.00004
G1 X70 Y47.855 E0.00004
G1 F1005.7 X69.951 Y47.912 E0.00002
G1 F1000.9 X69.901 Y47.97 E0.00002
G1 X69.851 Y48.028 E0.00002
G1 X69.812 Y48.076 E0.00002
G1 F1005.7 X69.773 Y48.124 E0.00002
G1 X69.733 Y48.172 E0.00002
G1 F1010.5 X69.694 Y48.22 E0.00002
G1 X69.253 Y48.809 E0.00019
G0 F24000 X69.372 Y48.649
G1 F60 E-0.001
G1 F18000 Z1.25
;MESH:Full_Asse_Ink_Part.STL
G0 F24000 X97.615 Y101.72 Z1.25
;TYPE:WALL-INNER
G1 F18000 Z1.1
G1 F60 E0.001
G1 F797 X98.111 Y102.006 E0.00019
G1 X98.607 Y101.721 E0.00019
G1 X97.615 Y101.72 E0.00033
G0 F24000 X109.504 Y101.72
G1 F797 X110.001 Y102.006 E0.00019
G1 X110.497 Y101.72 E0.00019
G1 X109.504 Y101.72 E0.00033
G0 F24000 X121.391 Y101.72
G1 F797 X121.888 Y102.006 E0.00019
G1 X122.384 Y101.72 E0.00019
G1 X121.391 Y101.72 E0.00033
G0 F24000 X128.852 Y103.43
G0 X133.369 Y106.062
G0 X133.774 Y106.533
G0 X133.974 Y106.997
G0 X134.032 Y107.354
G0 X134.03 Y112.669
G0 X133.9 Y113.218
G0 X133.617 Y113.69
G0 X133.255 Y114.025
G0 X128.669 Y116.677
G0 X128.305 Y116.788
G0 X121.395 Y118.276
G1 F800 X122.38 Y118.276 E0.00032
G1 X121.887 Y117.992 E0.00019
G1 X121.395 Y118.276 E0.00019
G0 F24000 X110.494 Y118.276
G1 F797 X109.997 Y117.991 E0.00019
G1 X109.501 Y118.277 E0.00019
G1 X110.494 Y118.276 E0.00033
G0 F24000 X98.605 Y118.275
G1 F800 X98.113 Y117.991 E0.00019
G1 X97.621 Y118.275 E0.00019
G1 X98.605 Y118.275 E0.00032
G0 F24000 X99.844 Y118.607
G1 F528 X98.113 Y117.608 E0.001
G1 X96.381 Y118.607 E0.001
G1 X99.844 Y118.607 E0.00173
G0 F24000 X108.261 Y118.609
G1 F528 X111.737 Y118.608 E0.00173
G1 X109.997 Y117.608 E0.001
G1 X108.261 Y118.609 E0.001
G0 F24000 X120.155 Y118.608
G1 F528 X123.623 Y118.608 E0.00173
G1 X121.887 Y117.609 E0.001
G1 X120.155 Y118.608 E0.001
G0 F24000 X128.366 Y116.803
G0 X128.669 Y116.677
G0 X133.431 Y113.884
G0 X133.757 Y113.494
G0 X133.977 Y112.983
G0 X134.03 Y112.669
G0 X134.032 Y107.354
G0 X133.887 Y106.755
G0 X133.577 Y106.261
G0 X133.189 Y105.933
G0 X128.852 Y103.43
G0 X120.15 Y101.388
G1 F528 X121.888 Y102.389 E0.001
G1 X123.623 Y101.388 E0.001
G1 X120.15 Y101.388 E0.00173
G0 F24000 X111.736 Y101.388
G1 F528 X108.262 Y101.388 E0.00173
G1 X110.001 Y102.389 E0.001
G1 X111.736 Y101.388 E0.001
G0 F24000 X99.846 Y101.389
G1 F528 X96.376 Y101.388 E0.00173
G1 X98.111 Y102.389 E0.001
G1 X99.846 Y101.389 E0.001
G0 F24000 X101.338 Y100.989
G1 F528 X94.884 Y100.988 E0.00322
G1 X98.111 Y102.851 E0.00186
G1 X101.338 Y100.989 E0.00186
G0 F24000 X106.765 Y100.988
G1 F528 X110.001 Y102.851 E0.00186
G1 X113.228 Y100.988 E0.00186
G1 X106.765 Y100.988 E0.00322
G0 F24000 X118.654 Y100.988
G1 F528 X121.888 Y102.851 E0.00186
G1 X125.116 Y100.988 E0.00186
G1 X118.654 Y100.988 E0.00322
G0 F24000 X130.55 Y100.99
G1 F522.8 X131.506 Y101.541 E0.00056
G1 X131.506 Y100.99 E0.00028
G1 X130.55 Y100.99 E0.00048
G0 F24000 X133.887 Y106.755
G0 X134.032 Y107.354
G0 X134.03 Y112.669
G0 X133.925 Y113.114
G0 X131.507 Y118.455
G1 F524.1 X130.55 Y119.007 E0.00056
G1 X131.507 Y119.007 E0.00048
G1 X131.507 Y118.455 E0.00028
G0 F24000 X125.119 Y119.008
G1 F528 X121.887 Y117.147 E0.00186
G1 X118.662 Y119.008 E0.00186
G1 X125.119 Y119.008 E0.00322
G0 F24000 X113.234 Y119.008
G1 F528 X109.997 Y117.147 E0.00186
G1 X106.767 Y119.009 E0.00186
G1 X113.234 Y119.008 E0.00323
G0 F24000 X101.336 Y119.007
G1 F528 X98.113 Y117.145 E0.00186
G1 X94.888 Y119.008 E0.00186
G1 X101.336 Y119.007 E0.00322
G0 F24000 X89.445 Y119.006
G1 F522.8 X88.49 Y118.455 E0.00056
G1 X88.49 Y119.006 E0.00028
G1 X89.445 Y119.006 E0.00048
G0 F24000 X86.113 Y113.243
G0 X85.968 Y112.646
G0 X85.97 Y107.331
G0 X86.08 Y106.877
G0 X88.49 Y101.541
G1 F522.8 X89.441 Y100.99 E0.00055
G1 X88.49 Y100.99 E0.00048
G1 X88.49 Y101.541 E0.00028
G0 F24000 X88.088 Y102.238
G1 F528 X89.664 Y101.324 E0.00091
G1 F529.3 X89.693 Y101.312 E0.00002
G1 X89.723 Y101.3 E0.00002
G1 X89.752 Y101.288 E0.00002
G1 X89.782 Y101.276 E0.00002
G1 X89.811 Y101.263 E0.00002
G1 F530.7 X89.841 Y101.251 E0.00002
G1 X89.871 Y101.239 E0.00002
G1 X89.9 Y101.227 E0.00002
G1 X89.93 Y101.214 E0.00002
G1 F532 X89.959 Y101.202 E0.00002
G1 X89.989 Y101.19 E0.00002
G1 X90.019 Y101.178 E0.00002
G1 X90.048 Y101.166 E0.00002
G1 X90.078 Y101.153 E0.00002
G1 F533.3 X90.107 Y101.141 E0.00002
G1 X90.137 Y101.129 E0.00002
G1 X90.166 Y101.117 E0.00002
G1 X90.196 Y101.104 E0.00002
G1 F534.7 X90.226 Y101.092 E0.00002
G1 X90.255 Y101.08 E0.00002
G1 X90.285 Y101.068 E0.00002
G1 X90.314 Y101.055 E0.00002
G1 X90.344 Y101.043 E0.00002
G1 F536 X90.374 Y101.031 E0.00002
G1 X90.403 Y101.019 E0.00002
G1 X90.433 Y101.007 E0.00002
G1 X90.462 Y100.994 E0.00002
G1 F537.4 X90.481 Y100.989 E0.00001
G1 F538.8 X90.491 Y100.987 E0
G1 F540.2 X90.501 Y100.985 E0
G1 X90.511 Y100.984 E0
G1 F541.5 X90.521 Y100.982 E0
G1 F542.9 X90.531 Y100.98 E0
G1 F544.3 X90.54 Y100.978 E0
G1 F545.7 X90.55 Y100.977 E0
G1 F547.2 X90.56 Y100.975 E0
G1 X90.57 Y100.973 E0
G1 F548.6 X90.58 Y100.971 E0
G1 F550 X90.59 Y100.97 E0
G1 F551.4 X90.599 Y100.968 E0
G1 F552.9 X90.609 Y100.966 E0
G1 F554.3 X90.619 Y100.964 E0
G1 X90.629 Y100.963 E0
G1 F555.8 X90.639 Y100.961 E0
G1 F557.3 X90.649 Y100.959 E0
G1 F558.7 X90.658 Y100.957 E0
G1 F560.2 X90.668 Y100.956 E0
G1 F561.7 X90.678 Y100.954 E0
G1 F563.2 X90.688 Y100.952 E0
G1 X90.698 Y100.95 E0
G1 F564.7 X90.708 Y100.949 E0
G1 F566.2 X90.718 Y100.947 E0
G1 F567.7 X90.727 Y100.945 E0
G1 F569.3 X90.737 Y100.944 E0
G1 F570.8 X90.747 Y100.942 E0
G1 X90.757 Y100.94 E0
G1 F572.4 X90.767 Y100.938 E0
G1 F573.9 X90.777 Y100.937 E0
G1 F575.5 X90.792 Y100.935 E0.00001
G1 X90.802 Y100.934 E0
G1 F577 X90.812 Y100.934 E0
G1 X90.822 Y100.933 E0
G1 F578.6 X90.832 Y100.932 E0
G1 X90.842 Y100.932 E0
G1 F580.2 X90.852 Y100.931 E0
G1 X90.862 Y100.93 E0
G1 F581.8 X90.872 Y100.93 E0
G1 X90.882 Y100.929 E0
G1 F583.4 X90.892 Y100.929 E0
G1 X90.902 Y100.928 E0
G1 F585 X90.912 Y100.927 E0
G1 X90.922 Y100.927 E0
G1 X90.932 Y100.926 E0
G1 F586.7 X90.942 Y100.925 E0
G1 X90.952 Y100.925 E0
G1 F588.3 X90.962 Y100.924 E0
G1 X90.972 Y100.924 E0
G1 F589.9 X90.982 Y100.923 E0
G1 X90.992 Y100.922 E0
G1 F591.6 X91.002 Y100.922 E0
G1 X91.012 Y100.921 E0
G1 F593.3 X91.022 Y100.92 E0
G1 X91.032 Y100.92 E0
G1 F594.9 X91.042 Y100.919 E0
G1 X91.052 Y100.918 E0
G1 F596.6 X91.062 Y100.918 E0
G1 X91.072 Y100.917 E0
G1 F598.3 X91.082 Y100.917 E0
G1 X91.092 Y100.916 E0
G1 F600 X91.102 Y100.915 E0
G1 X91.112 Y100.915 E0
G1 F601.7 X91.122 Y100.914 E0
G1 X91.132 Y100.913 E0
G1 F603.4 X91.142 Y100.913 E0
G1 X91.152 Y100.912 E0
G1 F605.2 X91.162 Y100.912 E0
G1 X91.172 Y100.911 E0
G1 F606.9 X91.182 Y100.91 E0
G1 X91.192 Y100.91 E0
G1 F608.6 X91.202 Y100.909 E0
G1 X91.212 Y100.908 E0
G1 X91.222 Y100.908 E0
G1 F610.4 X91.232 Y100.907 E0
G1 X91.242 Y100.906 E0
G1 F612.2 X91.252 Y100.906 E0
G1 X91.262 Y100.905 E0
G1 F614 X91.272 Y100.905 E0
G1 X91.282 Y100.904 E0
G1 F615.7 X91.292 Y100.903 E0
G1 X91.302 Y100.903 E0
G1 F617.5 X91.312 Y100.902 E0
G1 X91.322 Y100.901 E0
G1 F619.4 X91.332 Y100.901 E0
G1 X91.342 Y100.9 E0
G1 F621.2 X91.352 Y100.9 E0
G1 X91.362 Y100.899 E0
G1 X92.964 Y100.898 E0.00068
G1 X92.973 Y100.898 E0
G1 F619.4 X92.983 Y100.899 E0
G1 X92.993 Y100.9 E0
G1 F617.5 X93.003 Y100.901 E0
G1 F615.7 X93.013 Y100.902 E0
G1 X93.023 Y100.903 E0
G1 F614 X93.033 Y100.904 E0
G1 F612.2 X93.043 Y100.905 E0
G1 F610.4 X93.053 Y100.906 E0
G1 X93.063 Y100.907 E0
G1 F608.6 X93.073 Y100.908 E0
G1 F606.9 X93.083 Y100.909 E0
G1 X93.093 Y100.91 E0
G1 F605.2 X93.103 Y100.911 E0
G1 F603.4 X93.113 Y100.912 E0
G1 F601.7 X93.123 Y100.913 E0
G1 X93.133 Y100.914 E0
G1 F600 X93.143 Y100.915 E0
G1 F598.3 X93.153 Y100.916 E0
G1 X93.163 Y100.917 E0
G1 F596.6 X93.173 Y100.918 E0
G1 F594.9 X93.183 Y100.919 E0
G1 F593.3 X93.192 Y100.92 E0
G1 X93.202 Y100.921 E0
G1 F591.6 X93.212 Y100.922 E0
G1 F589.9 X93.222 Y100.923 E0
G1 X93.232 Y100.924 E0
G1 F588.3 X93.242 Y100.925 E0
G1 F586.7 X93.252 Y100.926 E0
G1 X93.262 Y100.927 E0
G1 F585 X93.272 Y100.927 E0
G1 F583.4 X93.282 Y100.928 E0
G1 F581.8 X93.292 Y100.929 E0
G1 X93.302 Y100.93 E0
G1 F580.2 X93.312 Y100.931 E0
G1 F578.6 X93.322 Y100.932 E0
G1 X93.332 Y100.933 E0
G1 F577 X93.342 Y100.934 E0
G1 F575.5 X93.352 Y100.935 E0
G1 F573.9 X93.362 Y100.936 E0
G1 X93.372 Y100.937 E0
G1 F572.4 X93.382 Y100.938 E0
G1 F570.8 X93.392 Y100.939 E0
G1 X93.402 Y100.94 E0
G1 F569.3 X93.412 Y100.941 E0
G1 F567.7 X93.421 Y100.942 E0
G1 F566.2 X93.431 Y100.943 E0
G1 X93.441 Y100.944 E0
G1 F564.7 X93.451 Y100.945 E0
G1 F563.2 X93.461 Y100.946 E0
G1 X93.471 Y100.947 E0
G1 F561.7 X93.481 Y100.948 E0
G1 F560.2 X93.491 Y100.949 E0
G1 F558.7 X93.501 Y100.95 E0
G1 X93.511 Y100.951 E0
G1 F557.3 X93.521 Y100.952 E0
G1 F555.8 X93.531 Y100.953 E0
G1 X93.541 Y100.954 E0
G1 F554.3 X93.551 Y100.955 E0
G1 F552.9 X93.561 Y100.956 E0
G1 F551.4 X93.571 Y100.956 E0
G1 X93.581 Y100.957 E0
G1 F550 X93.591 Y100.958 E0
G1 F548.6 X93.601 Y100.959 E0
G1 X93.611 Y100.96 E0
G1 F547.2 X93.621 Y100.961 E0
G1 F545.7 X93.631 Y100.962 E0
G1 F544.3 X93.64 Y100.963 E0
G1 X93.65 Y100.964 E0
G1 F542.9 X93.66 Y100.965 E0
G1 F541.5 X93.67 Y100.966 E0
G1 X93.68 Y100.967 E0
G1 F540.2 X93.69 Y100.968 E0
G1 F538.8 X93.7 Y100.969 E0
G1 X93.71 Y100.97 E0
G1 F537.4 X93.72 Y100.971 E0
G1 F536 X93.73 Y100.972 E0
G1 F534.7 X93.74 Y100.973 E0
G1 X93.75 Y100.974 E0
G1 F533.3 X93.76 Y100.975 E0
G1 F532 X93.77 Y100.976 E0
G1 X93.78 Y100.977 E0
G1 F530.7 X93.79 Y100.978 E0
G1 F529.3 X93.8 Y100.979 E0.00001
G1 F528 X93.81 Y100.98 E0.00001
G1 X93.82 Y100.981 E0.00001
G1 F526.7 X93.83 Y100.982 E0.00001
G1 F525.4 X93.84 Y100.983 E0.00001
G1 X93.85 Y100.984 E0.00001
G1 F524.1 X93.86 Y100.985 E0.00001
G1 X93.904 Y101.003 E0.00002
G1 X93.948 Y101.022 E0.00002
G1 X93.992 Y101.04 E0.00002
G1 X94.037 Y101.059 E0.00002
G1 X94.081 Y101.078 E0.00002
G1 F525.4 X94.125 Y101.096 E0.00002
G1 X94.169 Y101.115 E0.00002
G1 X94.214 Y101.133 E0.00002
G1 X94.258 Y101.152 E0.00002
G1 F526.7 X94.302 Y101.171 E0.00002
G1 X94.346 Y101.189 E0.00002
G1 X94.391 Y101.208 E0.00002
G1 X94.435 Y101.226 E0.00002
G1 X94.479 Y101.245 E0.00002
G1 F528 X94.523 Y101.264 E0.00002
G1 X94.568 Y101.282 E0.00002
G1 X94.612 Y101.301 E0.00002
G1 X94.656 Y101.319 E0.00002
G1 X98.111 Y103.313 E0.00199
G1 X101.561 Y101.322 E0.00199
G1 F529.3 X101.59 Y101.31 E0.00002
G1 X101.62 Y101.298 E0.00002
G1 X101.649 Y101.286 E0.00002
G1 X101.679 Y101.274 E0.00002
G1 X101.708 Y101.262 E0.00002
G1 F530.7 X101.738 Y101.249 E0.00002
G1 X101.768 Y101.237 E0.00002
G1 X101.797 Y101.225 E0.00002
G1 X101.827 Y101.213 E0.00002
G1 F532 X101.856 Y101.201 E0.00002
G1 X101.886 Y101.188 E0.00002
G1 X101.915 Y101.176 E0.00002
G1 X101.945 Y101.164 E0.00002
G1 X101.975 Y101.152 E0.00002
G1 F533.3 X102.004 Y101.14 E0.00002
G1 X102.034 Y101.128 E0.00002
G1 X102.063 Y101.115 E0.00002
G1 X102.093 Y101.103 E0.00002
G1 F534.7 X102.122 Y101.091 E0.00002
G1 X102.152 Y101.079 E0.00002
G1 X102.182 Y101.067 E0.00002
G1 X102.211 Y101.054 E0.00002
G1 X102.241 Y101.042 E0.00002
G1 F536 X102.27 Y101.03 E0.00002
G1 X102.3 Y101.018 E0.00002
G1 X102.33 Y101.006 E0.00002
G1 X102.359 Y100.994 E0.00002
G1 F537.4 X102.376 Y100.989 E0.00001
G1 F538.8 X102.386 Y100.987 E0
G1 F540.2 X102.396 Y100.985 E0
G1 X102.406 Y100.983 E0
G1 F541.5 X102.416 Y100.982 E0
G1 F542.9 X102.426 Y100.98 E0
G1 F544.3 X102.435 Y100.978 E0
G1 F545.7 X102.445 Y100.976 E0
G1 F547.2 X102.455 Y100.975 E0
G1 X102.465 Y100.973 E0
G1 F548.6 X102.475 Y100.971 E0
G1 F550 X102.485 Y100.969 E0
G1 F551.4 X102.494 Y100.968 E0
G1 F552.9 X102.504 Y100.966 E0
G1 F554.3 X102.514 Y100.964 E0
G1 X102.524 Y100.962 E0
G1 F555.8 X102.534 Y100.961 E0
G1 F557.3 X102.544 Y100.959 E0
G1 F558.7 X102.553 Y100.957 E0
G1 F560.2 X102.563 Y100.955 E0
G1 F561.7 X102.573 Y100.954 E0
G1 F563.2 X102.583 Y100.952 E0
G1 X102.593 Y100.95 E0
G1 F564.7 X102.603 Y100.948 E0
G1 F566.2 X102.613 Y100.947 E0
G1 F567.7 X102.622 Y100.945 E0
G1 F569.3 X102.632 Y100.943 E0
G1 F570.8 X102.642 Y100.941 E0
G1 X102.652 Y100.94 E0
G1 F572.4 X102.662 Y100.938 E0
G1 F573.9 X102.672 Y100.936 E0
G1 F575.5 X102.684 Y100.935 E0.00001
G1 X102.694 Y100.934 E0
G1 F577 X102.704 Y100.934 E0
G1 X102.714 Y100.933 E0
G1 F578.6 X102.724 Y100.932 E0
G1 X102.734 Y100.932 E0
G1 F580.2 X102.744 Y100.931 E0
G1 X102.754 Y100.93 E0
G1 F581.8 X102.764 Y100.93 E0
G1 X102.774 Y100.929 E0
G1 F583.4 X102.784 Y100.929 E0
G1 X102.794 Y100.928 E0
G1 F585 X102.804 Y100.927 E0
G1 X102.814 Y100.927 E0
G1 X102.824 Y100.926 E0
G1 F586.7 X102.834 Y100.925 E0
G1 X102.844 Y100.925 E0
G1 F588.3 X102.854 Y100.924 E0
G1 X102.864 Y100.924 E0
G1 F589.9 X102.874 Y100.923 E0
G1 X102.884 Y100.922 E0
G1 F591.6 X102.894 Y100.922 E0
G1 X102.904 Y100.921 E0
G1 F593.3 X102.914 Y100.92 E0
G1 X102.924 Y100.92 E0
G1 F594.9 X102.934 Y100.919 E0
G1 X102.944 Y100.918 E0
G1 F596.6 X102.954 Y100.918 E0
G1 X102.964 Y100.917 E0
G1 F598.3 X102.974 Y100.917 E0
G1 X102.984 Y100.916 E0
G1 F600 X102.994 Y100.915 E0
G1 X103.004 Y100.915 E0
G1 F601.7 X103.014 Y100.914 E0
G1 X103.024 Y100.913 E0
G1 F603.4 X103.034 Y100.913 E0
G1 X103.044 Y100.912 E0
G1 F605.2 X103.054 Y100.912 E0
G1 X103.064 Y100.911 E0
G1 F606.9 X103.074 Y100.91 E0
G1 X103.084 Y100.91 E0
G1 F608.6 X103.094 Y100.909 E0
G1 X103.104 Y100.908 E0
G1 X103.114 Y100.908 E0
G1 F610.4 X103.124 Y100.907 E0
G1 X103.134 Y100.906 E0
G1 F612.2 X103.144 Y100.906 E0
G1 X103.154 Y100.905 E0
G1 F614 X103.164 Y100.905 E0
G1 X103.174 Y100.904 E0
G1 F615.7 X103.184 Y100.903 E0
G1 X103.194 Y100.903 E0
G1 F617.5 X103.204 Y100.902 E0
G1 X103.214 Y100.901 E0
G1 F619.4 X103.224 Y100.901 E0
G1 X103.234 Y100.9 E0
G1 F621.2 X103.244 Y100.9 E0
G1 X103.254 Y100.899 E0
G1 X104.848 Y100.898 E0.00068
G1 X104.857 Y100.898 E0
G1 F619.4 X104.867 Y100.899 E0
G1 X104.877 Y100.9 E0
G1 F617.5 X104.887 Y100.901 E0
G1 F615.7 X104.897 Y100.902 E0
G1 X104.907 Y100.903 E0
G1 F614 X104.917 Y100.904 E0
G1 F612.2 X104.927 Y100.905 E0
G1 F610.4 X104.937 Y100.906 E0
G1 X104.947 Y100.907 E0
G1 F608.6 X104.957 Y100.908 E0
G1 F606.9 X104.967 Y100.909 E0
G1 X104.977 Y100.91 E0
G1 F605.2 X104.987 Y100.911 E0
G1 F603.4 X104.997 Y100.912 E0
G1 F601.7 X105.007 Y100.913 E0
G1 X105.017 Y100.914 E0
G1 F600 X105.027 Y100.915 E0
G1 F598.3 X105.037 Y100.916 E0
G1 F596.6 X105.047 Y100.917 E0
G1 X105.057 Y100.918 E0
G1 F594.9 X105.067 Y100.919 E0
G1 F593.3 X105.076 Y100.92 E0
G1 X105.086 Y100.921 E0
G1 F591.6 X105.096 Y100.922 E0
G1 F589.9 X105.106 Y100.923 E0
G1 F588.3 X105.116 Y100.924 E0
G1 X105.126 Y100.925 E0
G1 F586.7 X105.136 Y100.926 E0
G1 F585 X105.146 Y100.927 E0
G1 X105.156 Y100.928 E0
G1 F583.4 X105.166 Y100.929 E0
G1 F581.8 X105.176 Y100.929 E0
G1 F580.2 X105.186 Y100.93 E0
G1 X105.196 Y100.931 E0
G1 F578.6 X105.206 Y100.932 E0
G1 F577 X105.216 Y100.933 E0
G1 X105.226 Y100.934 E0
G1 F575.5 X105.236 Y100.935 E0
G1 F573.9 X105.246 Y100.936 E0
G1 F572.4 X105.256 Y100.937 E0
G1 X105.266 Y100.938 E0
G1 F570.8 X105.276 Y100.939 E0
G1 F569.3 X105.286 Y100.94 E0
G1 F567.7 X105.295 Y100.941 E0
G1 X105.305 Y100.942 E0
G1 F566.2 X105.315 Y100.943 E0
G1 F564.7 X105.325 Y100.944 E0
G1 X105.335 Y100.945 E0
G1 F563.2 X105.345 Y100.946 E0
G1 F561.7 X105.355 Y100.947 E0
G1 F560.2 X105.365 Y100.948 E0
G1 X105.375 Y100.949 E0
G1 F558.7 X105.385 Y100.95 E0
G1 F557.3 X105.395 Y100.951 E0
G1 X105.405 Y100.952 E0
G1 F555.8 X105.415 Y100.953 E0
G1 F554.3 X105.425 Y100.954 E0
G1 F552.9 X105.435 Y100.955 E0
G1 X105.445 Y100.956 E0
G1 F551.4 X105.455 Y100.957 E0
G1 F550 X105.465 Y100.958 E0
G1 X105.475 Y100.959 E0
G1 F548.6 X105.485 Y100.96 E0
G1 F547.2 X105.495 Y100.96 E0
G1 F545.7 X105.505 Y100.961 E0
G1 X105.515 Y100.962 E0
G1 F544.3 X105.524 Y100.963 E0
G1 F542.9 X105.534 Y100.964 E0
G1 X105.544 Y100.965 E0
G1 F541.5 X105.554 Y100.966 E0
G1 F540.2 X105.564 Y100.967 E0
G1 F538.8 X105.574 Y100.968 E0
G1 X105.584 Y100.969 E0
G1 F537.4 X105.594 Y100.97 E0
G1 F536 X105.604 Y100.971 E0
G1 F534.7 X105.614 Y100.972 E0
G1 X105.624 Y100.973 E0
G1 F533.3 X105.634 Y100.974 E0
G1 F532 X105.644 Y100.975 E0
G1 X105.654 Y100.976 E0
G1 F530.7 X105.664 Y100.977 E0
G1 F529.3 X105.674 Y100.978 E0.00001
G1 F528 X105.684 Y100.979 E0.00001
G1 X105.694 Y100.98 E0.00001
G1 F526.7 X105.704 Y100.981 E0.00001
G1 F525.4 X105.714 Y100.982 E0.00001
G1 X105.724 Y100.983 E0.00001
G1 F524.1 X105.734 Y100.984 E0.00001
G1 X105.786 Y101.003 E0.00003
G1 X105.83 Y101.022 E0.00002
G1 X105.874 Y101.04 E0.00002
G1 X105.919 Y101.059 E0.00002
G1 X105.963 Y101.077 E0.00002
G1 F525.4 X106.007 Y101.096 E0.00002
G1 X106.051 Y101.114 E0.00002
G1 X106.096 Y101.133 E0.00002
G1 X106.14 Y101.151 E0.00002
G1 F526.7 X106.184 Y101.17 E0.00002
G1 X106.228 Y101.189 E0.00002
G1 X106.273 Y101.207 E0.00002
G1 X106.317 Y101.226 E0.00002
G1 X106.361 Y101.244 E0.00002
G1 F528 X106.405 Y101.263 E0.00002
G1 X106.45 Y101.281 E0.00002
G1 X106.494 Y101.3 E0.00002
G1 X106.538 Y101.318 E0.00002
G1 X110.001 Y103.313 E0.00199
G1 X113.448 Y101.323 E0.00199
G1 F529.3 X113.477 Y101.311 E0.00002
G1 X113.507 Y101.299 E0.00002
G1 X113.536 Y101.287 E0.00002
G1 X113.566 Y101.275 E0.00002
G1 X113.595 Y101.262 E0.00002
G1 F530.7 X113.625 Y101.25 E0.00002
G1 X113.655 Y101.238 E0.00002
G1 X113.684 Y101.226 E0.00002
G1 X113.714 Y101.214 E0.00002
G1 F532 X113.743 Y101.201 E0.00002
G1 X113.773 Y101.189 E0.00002
G1 X113.802 Y101.177 E0.00002
G1 X113.832 Y101.165 E0.00002
G1 X113.862 Y101.152 E0.00002
G1 F533.3 X113.891 Y101.14 E0.00002
G1 X113.921 Y101.128 E0.00002
G1 X113.95 Y101.116 E0.00002
G1 X113.98 Y101.104 E0.00002
G1 F534.7 X114.009 Y101.091 E0.00002
G1 X114.039 Y101.079 E0.00002
G1 X114.069 Y101.067 E0.00002
G1 X114.098 Y101.055 E0.00002
G1 X114.128 Y101.042 E0.00002
G1 F536 X114.157 Y101.03 E0.00002
G1 X114.187 Y101.018 E0.00002
G1 X114.217 Y101.006 E0.00002
G1 X114.246 Y100.994 E0.00002
G1 F537.4 X114.263 Y100.989 E0.00001
G1 F538.8 X114.273 Y100.987 E0
G1 F540.2 X114.283 Y100.985 E0
G1 X114.293 Y100.983 E0
G1 F541.5 X114.303 Y100.982 E0
G1 F542.9 X114.313 Y100.98 E0
G1 F544.3 X114.322 Y100.978 E0
G1 F545.7 X114.332 Y100.976 E0
G1 F547.2 X114.342 Y100.975 E0
G1 X114.352 Y100.973 E0
G1 F548.6 X114.362 Y100.971 E0
G1 F550 X114.372 Y100.969 E0
G1 F551.4 X114.381 Y100.968 E0
G1 F552.9 X114.391 Y100.966 E0
G1 F554.3 X114.401 Y100.964 E0
G1 X114.411 Y100.962 E0
G1 F555.8 X114.421 Y100.961 E0
G1 F557.3 X114.431 Y100.959 E0
G1 F558.7 X114.44 Y100.957 E0
G1 F560.2 X114.45 Y100.955 E0
G1 F561.7 X114.46 Y100.954 E0
G1 F563.2 X114.47 Y100.952 E0
G1 X114.48 Y100.95 E0
G1 F564.7 X114.49 Y100.948 E0
G1 F566.2 X114.5 Y100.947 E0
G1 F567.7 X114.509 Y100.945 E0
G1 F569.3 X114.519 Y100.943 E0
G1 F570.8 X114.529 Y100.941 E0
G1 X114.539 Y100.94 E0
G1 F572.4 X114.549 Y100.938 E0
G1 F573.9 X114.559 Y100.936 E0
G1 F575.5 X114.572 Y100.935 E0.00001
G1 X114.582 Y100.934 E0
G1 F577 X114.592 Y100.934 E0
G1 X114.602 Y100.933 E0
G1 F578.6 X114.612 Y100.932 E0
G1 X114.622 Y100.932 E0
G1 F580.2 X114.632 Y100.931 E0
G1 X114.642 Y100.93 E0
G1 F581.8 X114.652 Y100.93 E0
G1 X114.662 Y100.929 E0
G1 F583.4 X114.672 Y100.929 E0
G1 X114.682 Y100.928 E0
G1 F585 X114.692 Y100.927 E0
G1 X114.702 Y100.927 E0
G1 X114.712 Y100.926 E0
G1 F586.7 X114.722 Y100.925 E0
G1 X114.732 Y100.925 E0
G1 F588.3 X114.742 Y100.924 E0
G1 X114.752 Y100.924 E0
G1 F589.9 X114.762 Y100.923 E0
G1 X114.772 Y100.922 E0
G1 F591.6 X114.782 Y100.922 E0
G1 X114.792 Y100.921 E0
G1 F593.3 X114.802 Y100.92 E0
G1 X114.812 Y100.92 E0
G1 F594.9 X114.822 Y100.919 E0
G1 X114.832 Y100.918 E0
G1 F596.6 X114.842 Y100.918 E0
G1 X114.852 Y100.917 E0
G1 F598.3 X114.862 Y100.917 E0
G1 X114.872 Y100.916 E0
G1 F600 X114.882 Y100.915 E0
G1 X114.892 Y100.915 E0
G1 F601.7 X114.902 Y100.914 E0
G1 X114.912 Y100.913 E0
G1 F603.4 X114.922 Y100.913 E0
G1 X114.932 Y100.912 E0
G1 F605.2 X114.942 Y100.912 E0
G1 X114.952 Y100.911 E0
G1 F606.9 X114.962 Y100.91 E0
G1 X114.972 Y100.91 E0
G1 F608.6 X114.982 Y100.909 E0
G1 X114.992 Y100.908 E0
G1 X115.002 Y100.908 E0
G1 F610.4 X115.012 Y100.907 E0
G1 X115.022 Y100.906 E0
G1 F612.2 X115.032 Y100.906 E0
G1 X115.042 Y100.905 E0
G1 F614 X115.052 Y100.905 E0
G1 X115.062 Y100.904 E0
G1 F615.7 X115.072 Y100.903 E0
G1 X115.082 Y100.903 E0
G1 F617.5 X115.092 Y100.902 E0
G1 X115.102 Y100.901 E0
G1 F619.4 X115.112 Y100.901 E0
G1 X115.122 Y100.9 E0
G1 F621.2 X115.132 Y100.9 E0
G1 X115.142 Y100.899 E0
G1 X116.736 Y100.898 E0.00068
G1 X116.745 Y100.898 E0
G1 F619.4 X116.755 Y100.899 E0
G1 X116.765 Y100.9 E0
G1 F617.5 X116.775 Y100.901 E0
G1 F615.7 X116.785 Y100.902 E0
G1 X116.795 Y100.903 E0
G1 F614 X116.805 Y100.904 E0
G1 F612.2 X116.815 Y100.905 E0
G1 F610.4 X116.825 Y100.906 E0
G1 X116.835 Y100.907 E0
G1 F608.6 X116.845 Y100.908 E0
G1 F606.9 X116.855 Y100.909 E0
G1 X116.865 Y100.91 E0
G1 F605.2 X116.875 Y100.911 E0
G1 F603.4 X116.885 Y100.912 E0
G1 F601.7 X116.895 Y100.913 E0
G1 X116.905 Y100.914 E0
G1 F600 X116.915 Y100.915 E0
G1 F598.3 X116.925 Y100.916 E0
G1 F596.6 X116.935 Y100.917 E0
G1 X116.945 Y100.918 E0
G1 F594.9 X116.955 Y100.919 E0
G1 F593.3 X116.964 Y100.92 E0
G1 X116.974 Y100.921 E0
G1 F591.6 X116.984 Y100.922 E0
G1 F589.9 X116.994 Y100.923 E0
G1 F588.3 X117.004 Y100.924 E0
G1 X117.014 Y100.925 E0
G1 F586.7 X117.024 Y100.926 E0
G1 F585 X117.034 Y100.927 E0
G1 X117.044 Y100.928 E0
G1 F583.4 X117.054 Y100.928 E0
G1 F581.8 X117.064 Y100.929 E0
G1 F580.2 X117.074 Y100.93 E0
G1 X117.084 Y100.931 E0
G1 F578.6 X117.094 Y100.932 E0
G1 F577 X117.104 Y100.933 E0
G1 X117.114 Y100.934 E0
G1 F575.5 X117.124 Y100.935 E0
G1 F573.9 X117.134 Y100.936 E0
G1 F572.4 X117.144 Y100.937 E0
G1 X117.154 Y100.938 E0
G1 F570.8 X117.164 Y100.939 E0
G1 F569.3 X117.174 Y100.94 E0
G1 F567.7 X117.183 Y100.941 E0
G1 X117.193 Y100.942 E0
G1 F566.2 X117.203 Y100.943 E0
G1 F564.7 X117.213 Y100.944 E0
G1 X117.223 Y100.945 E0
G1 F563.2 X117.233 Y100.946 E0
G1 F561.7 X117.243 Y100.947 E0
G1 F560.2 X117.253 Y100.948 E0
G1 X117.263 Y100.949 E0
G1 F558.7 X117.273 Y100.95 E0
G1 F557.3 X117.283 Y100.951 E0
G1 X117.293 Y100.952 E0
G1 F555.8 X117.303 Y100.953 E0
G1 F554.3 X117.313 Y100.954 E0
G1 F552.9 X117.323 Y100.955 E0
G1 X117.333 Y100.956 E0
G1 F551.4 X117.343 Y100.957 E0
G1 F550 X117.353 Y100.958 E0
G1 X117.363 Y100.958 E0
G1 F548.6 X117.373 Y100.959 E0
G1 F547.2 X117.383 Y100.96 E0
G1 F545.7 X117.393 Y100.961 E0
G1 X117.403 Y100.962 E0
G1 F544.3 X117.412 Y100.963 E0
G1 F542.9 X117.422 Y100.964 E0
G1 X117.432 Y100.965 E0
G1 F541.5 X117.442 Y100.966 E0
G1 F540.2 X117.452 Y100.967 E0
G1 F538.8 X117.462 Y100.968 E0
G1 X117.472 Y100.969 E0
G1 F537.4 X117.482 Y100.97 E0
G1 F536 X117.492 Y100.971 E0
G1 F534.7 X117.502 Y100.972 E0
G1 X117.512 Y100.973 E0
G1 F533.3 X117.522 Y100.974 E0
G1 F532 X117.532 Y100.975 E0
G1 X117.542 Y100.976 E0
G1 F530.7 X117.552 Y100.977 E0
G1 F529.3 X117.562 Y100.978 E0.00001
G1 F528 X117.572 Y100.979 E0.00001
G1 X117.582 Y100.98 E0.00001
G1 F526.7 X117.592 Y100.981 E0.00001
G1 F525.4 X117.602 Y100.982 E0.00001
G1 X117.612 Y100.983 E0.00001
G1 F524.1 X117.622 Y100.984 E0.00001
G1 X117.675 Y101.003 E0.00003
G1 X117.719 Y101.022 E0.00002
G1 X117.763 Y101.04 E0.00002
G1 X117.808 Y101.059 E0.00002
G1 X117.852 Y101.077 E0.00002
G1 F525.4 X117.896 Y101.096 E0.00002
G1 X117.94 Y101.114 E0.00002
G1 X117.985 Y101.133 E0.00002
G1 X118.029 Y101.151 E0.00002
G1 F526.7 X118.073 Y101.17 E0.00002
G1 X118.117 Y101.189 E0.00002
G1 X118.162 Y101.207 E0.00002
G1 X118.206 Y101.226 E0.00002
G1 X118.25 Y101.244 E0.00002
G1 F528 X118.294 Y101.263 E0.00002
G1 X118.339 Y101.281 E0.00002
G1 X118.383 Y101.3 E0.00002
G1 X118.427 Y101.318 E0.00002
G1 X121.888 Y103.313 E0.00199
G1 X125.336 Y101.323 E0.00199
G1 F529.3 X125.365 Y101.311 E0.00002
G1 X125.395 Y101.299 E0.00002
G1 X125.424 Y101.287 E0.00002
G1 X125.454 Y101.275 E0.00002
G1 X125.483 Y101.262 E0.00002
G1 F530.7 X125.513 Y101.25 E0.00002
G1 X125.543 Y101.238 E0.00002
G1 X125.572 Y101.226 E0.00002
G1 X125.602 Y101.214 E0.00002
G1 F532 X125.631 Y101.201 E0.00002
G1 X125.661 Y101.189 E0.00002
G1 X125.69 Y101.177 E0.00002
G1 X125.72 Y101.165 E0.00002
G1 X125.75 Y101.152 E0.00002
G1 F533.3 X125.779 Y101.14 E0.00002
G1 X125.809 Y101.128 E0.00002
G1 X125.838 Y101.116 E0.00002
G1 X125.868 Y101.104 E0.00002
G1 F534.7 X125.897 Y101.091 E0.00002
G1 X125.927 Y101.079 E0.00002
G1 X125.957 Y101.067 E0.00002
G1 X125.986 Y101.055 E0.00002
G1 X126.016 Y101.042 E0.00002
G1 F536 X126.045 Y101.03 E0.00002
G1 X126.075 Y101.018 E0.00002
G1 X126.105 Y101.006 E0.00002
G1 X126.134 Y100.994 E0.00002
G1 F537.4 X126.151 Y100.989 E0.00001
G1 F538.8 X126.161 Y100.987 E0
G1 F540.2 X126.171 Y100.985 E0
G1 X126.181 Y100.983 E0
G1 F541.5 X126.191 Y100.982 E0
G1 F542.9 X126.201 Y100.98 E0
G1 F544.3 X126.21 Y100.978 E0
G1 F545.7 X126.22 Y100.976 E0
G1 F547.2 X126.23 Y100.975 E0
G1 X126.24 Y100.973 E0
G1 F548.6 X126.25 Y100.971 E0
G1 F550 X126.26 Y100.969 E0
G1 F551.4 X126.269 Y100.968 E0
G1 F552.9 X126.279 Y100.966 E0
G1 F554.3 X126.289 Y100.964 E0
G1 X126.299 Y100.962 E0
G1 F555.8 X126.309 Y100.961 E0
G1 F557.3 X126.319 Y100.959 E0
G1 F558.7 X126.328 Y100.957 E0
G1 F560.2 X126.338 Y100.955 E0
G1 F561.7 X126.348 Y100.954 E0
G1 F563.2 X126.358 Y100.952 E0
G1 X126.368 Y100.95 E0
G1 F564.7 X126.378 Y100.948 E0
G1 F566.2 X126.388 Y100.947 E0
G1 F567.7 X126.397 Y100.945 E0
G1 F569.3 X126.407 Y100.943 E0
G1 F570.8 X126.417 Y100.941 E0
G1 X126.427 Y100.94 E0
G1 F572.4 X126.437 Y100.938 E0
G1 F573.9 X126.447 Y100.936 E0
G1 F575.5 X126.46 Y100.935 E0.00001
G1 X126.47 Y100.934 E0
G1 F577 X126.48 Y100.934 E0
G1 X126.49 Y100.933 E0
G1 F578.6 X126.5 Y100.932 E0
G1 X126.51 Y100.932 E0
G1 F580.2 X126.52 Y100.931 E0
G1 X126.53 Y100.93 E0
G1 F581.8 X126.54 Y100.93 E0
G1 X126.55 Y100.929 E0
G1 F583.4 X126.56 Y100.929 E0
G1 X126.57 Y100.928 E0
G1 F585 X126.58 Y100.927 E0
G1 X126.59 Y100.927 E0
G1 X126.6 Y100.926 E0
G1 F586.7 X126.61 Y100.925 E0
G1 X126.62 Y100.925 E0
G1 F588.3 X126.63 Y100.924 E0
G1 X126.64 Y100.924 E0
G1 F589.9 X126.65 Y100.923 E0
G1 X126.66 Y100.922 E0
G1 F591.6 X126.67 Y100.922 E0
G1 X126.68 Y100.921 E0
G1 F593.3 X126.69 Y100.92 E0
G1 X126.7 Y100.92 E0
G1 F594.9 X126.71 Y100.919 E0
G1 X126.72 Y100.918 E0
G1 F596.6 X126.73 Y100.918 E0
G1 X126.74 Y100.917 E0
G1 F598.3 X126.75 Y100.917 E0
G1 X126.76 Y100.916 E0
G1 F600 X126.77 Y100.915 E0
G1 X126.78 Y100.915 E0
G1 F601.7 X126.79 Y100.914 E0
G1 X126.8 Y100.913 E0
G1 F603.4 X126.81 Y100.913 E0
G1 X126.82 Y100.912 E0
G1 F605.2 X126.83 Y100.912 E0
G1 X126.84 Y100.911 E0
G1 F606.9 X126.85 Y100.91 E0
G1 X126.86 Y100.91 E0
G1 F608.6 X126.87 Y100.909 E0
G1 X126.88 Y100.908 E0
G1 X126.89 Y100.908 E0
G1 F610.4 X126.9 Y100.907 E0
G1 X126.91 Y100.906 E0
G1 F612.2 X126.92 Y100.906 E0
G1 X126.93 Y100.905 E0
G1 F614 X126.94 Y100.905 E0
G1 X126.95 Y100.904 E0
G1 F615.7 X126.96 Y100.903 E0
G1 X126.97 Y100.903 E0
G1 F617.5 X126.98 Y100.902 E0
G1 X126.99 Y100.901 E0
G1 F619.4 X127 Y100.901 E0
G1 X127.01 Y100.9 E0
G1 F621.2 X127.02 Y100.9 E0
G1 X127.03 Y100.899 E0
G1 X128.624 Y100.898 E0.00068
G1 X128.633 Y100.898 E0
G1 F619.4 X128.643 Y100.899 E0
G1 X128.653 Y100.9 E0
G1 F617.5 X128.663 Y100.901 E0
G1 F615.7 X128.673 Y100.902 E0
G1 X128.683 Y100.903 E0
G1 F614 X128.693 Y100.904 E0
G1 F612.2 X128.703 Y100.905 E0
G1 F610.4 X128.713 Y100.906 E0
G1 X128.723 Y100.907 E0
G1 F608.6 X128.733 Y100.908 E0
G1 F606.9 X128.743 Y100.909 E0
G1 X128.753 Y100.91 E0
G1 F605.2 X128.763 Y100.911 E0
G1 F603.4 X128.773 Y100.912 E0
G1 F601.7 X128.783 Y100.913 E0
G1 X128.793 Y100.914 E0
G1 F600 X128.803 Y100.915 E0
G1 F598.3 X128.813 Y100.916 E0
G1 F596.6 X128.823 Y100.917 E0
G1 X128.833 Y100.918 E0
G1 F594.9 X128.843 Y100.919 E0
G1 F593.3 X128.852 Y100.92 E0
G1 X128.862 Y100.921 E0
G1 F591.6 X128.872 Y100.922 E0
G1 F589.9 X128.882 Y100.923 E0
G1 F588.3 X128.892 Y100.924 E0
G1 X128.902 Y100.925 E0
G1 F586.7 X128.912 Y100.926 E0
G1 F585 X128.922 Y100.927 E0
G1 X128.932 Y100.928 E0
G1 F583.4 X128.942 Y100.928 E0
G1 F581.8 X128.952 Y100.929 E0
G1 F580.2 X128.962 Y100.93 E0
G1 X128.972 Y100.931 E0
G1 F578.6 X128.982 Y100.932 E0
G1 F577 X128.992 Y100.933 E0
G1 X129.002 Y100.934 E0
G1 F575.5 X129.012 Y100.935 E0
G1 F573.9 X129.022 Y100.936 E0
G1 F572.4 X129.032 Y100.937 E0
G1 X129.042 Y100.938 E0
G1 F570.8 X129.052 Y100.939 E0
G1 F569.3 X129.062 Y100.94 E0
G1 F567.7 X129.071 Y100.941 E0
G1 X129.081 Y100.942 E0
G1 F566.2 X129.091 Y100.943 E0
G1 F564.7 X129.101 Y100.944 E0
G1 X129.111 Y100.945 E0
G1 F563.2 X129.121 Y100.946 E0
G1 F561.7 X129.131 Y100.947 E0
G1 F560.2 X129.141 Y100.948 E0
G1 X129.151 Y100.949 E0
G1 F558.7 X129.161 Y100.95 E0
G1 F557.3 X129.171 Y100.951 E0
G1 X129.181 Y100.952 E0
G1 F555.8 X129.191 Y100.953 E0
G1 F554.3 X129.201 Y100.954 E0
G1 F552.9 X129.211 Y100.955 E0
G1 X129.221 Y100.956 E0
G1 F551.4 X129.231 Y100.957 E0
G1 F550 X129.241 Y100.958 E0
G1 X129.251 Y100.958 E0
G1 F548.6 X129.261 Y100.959 E0
G1 F547.2 X129.271 Y100.96 E0
G1 F545.7 X129.281 Y100.961 E0
G1 X129.291 Y100.962 E0
G1 F544.3 X129.3 Y100.963 E0
G1 F542.9 X129.31 Y100.964 E0
G1 X129.32 Y100.965 E0
G1 F541.5 X129.33 Y100.966 E0
G1 F540.2 X129.34 Y100.967 E0
G1 F538.8 X129.35 Y100.968 E0
G1 X129.36 Y100.969 E0
G1 F537.4 X129.37 Y100.97 E0
G1 F536 X129.38 Y100.971 E0
G1 F534.7 X129.39 Y100.972 E0
G1 X129.4 Y100.973 E0
G1 F533.3 X129.41 Y100.974 E0
G1 F532 X129.42 Y100.975 E0
G1 X129.43 Y100.976 E0
G1 F530.7 X129.44 Y100.977 E0
G1 F529.3 X129.45 Y100.978 E0.00001
G1 F528 X129.46 Y100.979 E0.00001
G1 X129.47 Y100.98 E0.00001
G1 F526.7 X129.48 Y100.981 E0.00001
G1 F525.4 X129.49 Y100.982 E0.00001
G1 X129.5 Y100.983 E0.00001
G1 F524.1 X129.51 Y100.984 E0.00001
G1 X129.564 Y101.003 E0.00003
G1 X129.609 Y101.022 E0.00002
G1 X129.654 Y101.041 E0.00002
G1 X129.699 Y101.06 E0.00002
G1 X129.744 Y101.079 E0.00002
G1 F525.4 X129.79 Y101.098 E0.00002
G1 X129.835 Y101.117 E0.00002
G1 X129.88 Y101.136 E0.00002
G1 X129.925 Y101.155 E0.00002
G1 F526.7 X129.97 Y101.174 E0.00002
G1 X130.016 Y101.193 E0.00002
G1 X130.061 Y101.212 E0.00002
G1 X130.106 Y101.231 E0.00002
G1 X130.151 Y101.25 E0.00002
G1 F528 X130.196 Y101.269 E0.00002
G1 X130.241 Y101.288 E0.00002
G1 X130.287 Y101.307 E0.00002
G1 X130.332 Y101.326 E0.00002
G1 X131.908 Y102.237 E0.00091
G1 X131.908 Y100.588 E0.00082
G1 X130.52 Y100.588 E0.00069
G1 X130.47 Y100.588 E0.00002
G1 X130.42 Y100.588 E0.00002
G1 X130.37 Y100.588 E0.00002
G1 X130.32 Y100.588 E0.00002
G1 X130.27 Y100.588 E0.00002
G1 F526.7 X130.22 Y100.588 E0.00003
G1 X130.17 Y100.588 E0.00003
G1 X130.12 Y100.588 E0.00003
G1 X130.07 Y100.588 E0.00003
G1 F525.4 X130.02 Y100.589 E0.00003
G1 X129.97 Y100.589 E0.00003
G1 X129.92 Y100.589 E0.00003
G1 X129.87 Y100.589 E0.00003
G1 X129.82 Y100.589 E0.00003
G1 F524.1 X129.77 Y100.589 E0.00003
G1 X129.72 Y100.589 E0.00003
G1 X129.67 Y100.589 E0.00003
G1 X129.62 Y100.589 E0.00003
G1 X129.57 Y100.59 E0.00003
G1 X129.563 Y100.59 E0
G1 F525.4 X129.553 Y100.59 E0.00001
G1 X129.543 Y100.589 E0.00001
G1 F526.7 X129.533 Y100.589 E0.00001
G1 F528 X129.523 Y100.589 E0
G1 X129.513 Y100.588 E0.00001
G1 F529.3 X129.503 Y100.588 E0
G1 F530.7 X129.493 Y100.588 E0
G1 X129.483 Y100.587 E0
G1 F532 X129.473 Y100.587 E0
G1 F533.3 X129.463 Y100.587 E0
G1 X129.453 Y100.586 E0
G1 F534.7 X129.443 Y100.586 E0
G1 F536 X129.433 Y100.586 E0
G1 X129.423 Y100.585 E0
G1 F537.4 X129.413 Y100.585 E0
G1 F538.8 X129.403 Y100.585 E0
G1 X129.393 Y100.584 E0
G1 F540.2 X129.383 Y100.584 E0
G1 F541.5 X129.373 Y100.584 E0
G1 X129.363 Y100.583 E0
G1 F542.9 X129.353 Y100.583 E0
G1 F544.3 X129.343 Y100.583 E0
G1 X129.333 Y100.582 E0
G1 F545.7 X129.323 Y100.582 E0
G1 F547.2 X129.313 Y100.582 E0
G1 F548.6 X129.303 Y100.581 E0
G1 X129.293 Y100.581 E0
G1 F550 X129.283 Y100.581 E0
G1 F551.4 X129.273 Y100.58 E0
G1 X129.263 Y100.58 E0
G1 F552.9 X129.253 Y100.58 E0
G1 F554.3 X129.243 Y100.579 E0
G1 X129.233 Y100.579 E0
G1 F555.8 X129.223 Y100.579 E0
G1 F557.3 X129.213 Y100.578 E0
G1 X129.203 Y100.578 E0
G1 F558.7 X129.193 Y100.578 E0
G1 F560.2 X129.183 Y100.577 E0
G1 X129.173 Y100.577 E0
G1 F561.7 X129.163 Y100.577 E0
G1 F563.2 X129.153 Y100.576 E0
G1 X129.143 Y100.576 E0
G1 F564.7 X129.133 Y100.576 E0
G1 F566.2 X129.123 Y100.575 E0
G1 X129.113 Y100.575 E0
G1 F567.7 X129.103 Y100.575 E0
G1 F569.3 X129.093 Y100.574 E0
G1 F570.8 X129.083 Y100.574 E0
G1 X129.073 Y100.574 E0
G1 F572.4 X129.063 Y100.573 E0
G1 F573.9 X129.053 Y100.573 E0
G1 X129.043 Y100.573 E0
G1 F575.5 X129.033 Y100.572 E0
G1 F577 X129.023 Y100.572 E0
G1 X129.013 Y100.572 E0
G1 F578.6 X129.003 Y100.571 E0
G1 F580.2 X128.993 Y100.571 E0
G1 X128.983 Y100.571 E0
G1 F581.8 X128.973 Y100.57 E0
G1 F583.4 X128.963 Y100.57 E0
G1 X128.953 Y100.57 E0
G1 F585 X128.943 Y100.569 E0
G1 F586.7 X128.933 Y100.569 E0
G1 X128.923 Y100.569 E0
G1 F588.3 X128.913 Y100.568 E0
G1 F589.9 X128.903 Y100.568 E0
G1 X128.893 Y100.568 E0
G1 F591.6 X128.883 Y100.567 E0
G1 F593.3 X128.873 Y100.567 E0
G1 X128.863 Y100.567 E0
G1 F594.9 X128.853 Y100.566 E0
G1 F596.6 X128.843 Y100.566 E0
G1 F598.3 X128.833 Y100.566 E0
G1 X128.823 Y100.565 E0
G1 F600 X128.813 Y100.565 E0
G1 F601.7 X128.803 Y100.565 E0
G1 X128.793 Y100.564 E0
G1 F603.4 X128.783 Y100.564 E0
G1 F605.2 X128.773 Y100.564 E0
G1 X128.763 Y100.563 E0
G1 F606.9 X128.753 Y100.563 E0
G1 F608.6 X128.743 Y100.563 E0
G1 X128.733 Y100.562 E0
G1 F610.4 X128.723 Y100.562 E0
G1 F612.2 X128.713 Y100.562 E0
G1 X128.703 Y100.561 E0
G1 F614 X128.693 Y100.561 E0
G1 F615.7 X128.683 Y100.56 E0
G1 X128.673 Y100.56 E0
G1 F617.5 X128.663 Y100.56 E0
G1 F619.4 X128.653 Y100.559 E0
G1 X128.643 Y100.559 E0
G1 F621.2 X128.633 Y100.559 E0
G1 X127.036 Y100.558 E0.00068
G1 X127.026 Y100.558 E0
G1 X127.016 Y100.558 E0
G1 F619.4 X127.006 Y100.558 E0
G1 X126.996 Y100.558 E0
G1 F617.5 X126.986 Y100.559 E0
G1 X126.976 Y100.559 E0
G1 X126.966 Y100.559 E0
G1 F615.7 X126.956 Y100.559 E0
G1 X126.946 Y100.559 E0
G1 F614 X126.936 Y100.56 E0
G1 X126.926 Y100.56 E0
G1 F612.2 X126.916 Y100.56 E0
G1 X126.906 Y100.56 E0
G1 F610.4 X126.896 Y100.56 E0
G1 X126.886 Y100.561 E0
G1 F608.6 X126.876 Y100.561 E0
G1 X126.866 Y100.561 E0
G1 F606.9 X126.856 Y100.561 E0
G1 X126.846 Y100.562 E0
G1 X126.836 Y100.562 E0
G1 F605.2 X126.826 Y100.562 E0
G1 X126.816 Y100.562 E0
G1 F603.4 X126.806 Y100.562 E0
G1 X126.796 Y100.563 E0
G1 F601.7 X126.786 Y100.563 E0
G1 X126.776 Y100.563 E0
G1 F600 X126.766 Y100.563 E0
G1 X126.756 Y100.563 E0
G1 F598.3 X126.746 Y100.564 E0
G1 X126.736 Y100.564 E0
G1 F596.6 X126.726 Y100.564 E0
G1 X126.716 Y100.564 E0
G1 X126.706 Y100.564 E0
G1 F594.9 X126.696 Y100.565 E0
G1 X126.686 Y100.565 E0
G1 F593.3 X126.676 Y100.565 E0
G1 X126.666 Y100.565 E0
G1 F591.6 X126.656 Y100.566 E0
G1 X126.646 Y100.566 E0
G1 F589.9 X126.636 Y100.566 E0
G1 X126.626 Y100.566 E0
G1 F588.3 X126.616 Y100.566 E0
G1 X126.606 Y100.567 E0
G1 X126.596 Y100.567 E0
G1 F586.7 X126.586 Y100.567 E0
G1 X126.576 Y100.567 E0
G1 F585 X126.566 Y100.567 E0
G1 X126.556 Y100.568 E0
G1 F583.4 X126.546 Y100.568 E0
G1 X126.536 Y100.568 E0
G1 F581.8 X126.526 Y100.568 E0
G1 X126.516 Y100.568 E0
G1 F580.2 X126.506 Y100.569 E0
G1 X126.496 Y100.569 E0
G1 F578.6 X126.486 Y100.569 E0
G1 X126.476 Y100.569 E0
G1 X126.466 Y100.57 E0
G1 F577 X126.456 Y100.57 E0
G1 X126.446 Y100.57 E0
G1 F575.5 X126.436 Y100.57 E0
G1 X126.426 Y100.57 E0
G1 F573.9 X126.41 Y100.571 E0.00001
G1 F572.4 X126.4 Y100.571 E0
G1 X126.39 Y100.572 E0
G1 F570.8 X126.38 Y100.572 E0
G1 F569.3 X126.37 Y100.573 E0
G1 F567.7 X126.36 Y100.573 E0
G1 F566.2 X126.35 Y100.573 E0
G1 X126.34 Y100.574 E0
G1 F564.7 X126.33 Y100.574 E0
G1 F563.2 X126.32 Y100.575 E0
G1 F561.7 X126.31 Y100.575 E0
G1 F560.2 X126.3 Y100.576 E0
G1 X126.29 Y100.576 E0
G1 F558.7 X126.28 Y100.576 E0
G1 F557.3 X126.27 Y100.577 E0
G1 F555.8 X126.26 Y100.577 E0
G1 F554.3 X126.25 Y100.578 E0
G1 X126.24 Y100.578 E0
G1 F552.9 X126.23 Y100.579 E0
G1 F551.4 X126.22 Y100.579 E0
G1 F550 X126.21 Y100.579 E0
G1 X126.2 Y100.58 E0
G1 F548.6 X126.19 Y100.58 E0
G1 F547.2 X126.18 Y100.581 E0
G1 F545.7 X126.17 Y100.581 E0
G1 F544.3 X126.16 Y100.581 E0
G1 X126.15 Y100.582 E0
G1 F542.9 X126.14 Y100.582 E0
G1 F541.5 X126.13 Y100.583 E0
G1 F540.2 X126.12 Y100.583 E0
G1 F538.8 X126.11 Y100.584 E0
G1 X126.1 Y100.584 E0
G1 F537.4 X126.09 Y100.584 E0
G1 F536 X126.055 Y100.585 E0.00002
G1 X126.022 Y100.585 E0.00002
G1 X125.989 Y100.585 E0.00002
G1 X125.956 Y100.585 E0.00002
G1 X125.923 Y100.585 E0.00002
G1 F534.7 X125.89 Y100.585 E0.00002
G1 X125.857 Y100.585 E0.00002
G1 X125.824 Y100.585 E0.00002
G1 X125.791 Y100.585 E0.00002
G1 X125.758 Y100.586 E0.00002
G1 F533.3 X125.725 Y100.586 E0.00002
G1 X125.692 Y100.586 E0.00002
G1 X125.659 Y100.586 E0.00002
G1 X125.626 Y100.586 E0.00002
G1 F532 X125.593 Y100.586 E0.00002
G1 X125.56 Y100.586 E0.00002
G1 X125.527 Y100.586 E0.00002
G1 X125.494 Y100.586 E0.00002
G1 X125.461 Y100.586 E0.00002
G1 F530.7 X125.428 Y100.587 E0.00002
G1 X125.395 Y100.587 E0.00002
G1 X125.362 Y100.587 E0.00002
G1 X125.329 Y100.587 E0.00002
G1 X125.296 Y100.587 E0.00002
G1 F529.3 X125.263 Y100.587 E0.00002
G1 X125.23 Y100.587 E0.00002
G1 X125.197 Y100.587 E0.00002
G1 X125.164 Y100.587 E0.00002
G1 X125.131 Y100.588 E0.00002
G1 F528 X118.631 Y100.588 E0.00324
G1 X118.581 Y100.588 E0.00002
G1 X118.531 Y100.588 E0.00002
G1 X118.481 Y100.588 E0.00002
G1 X118.431 Y100.588 E0.00002
G1 X118.381 Y100.588 E0.00002
G1 F526.7 X118.331 Y100.588 E0.00003
G1 X118.281 Y100.588 E0.00003
G1 X118.231 Y100.588 E0.00003
G1 X118.181 Y100.588 E0.00003
G1 F525.4 X118.131 Y100.589 E0.00003
G1 X118.081 Y100.589 E0.00003
G1 X118.031 Y100.589 E0.00003
G1 X117.981 Y100.589 E0.00003
G1 X117.931 Y100.589 E0.00003
G1 F524.1 X117.881 Y100.589 E0.00003
G1 X117.831 Y100.589 E0.00003
G1 X117.781 Y100.589 E0.00003
G1 X117.731 Y100.589 E0.00003
G1 X117.681 Y100.59 E0.00003
G1 X117.675 Y100.59 E0
G1 F525.4 X117.665 Y100.59 E0.00001
G1 X117.655 Y100.589 E0.00001
G1 F526.7 X117.645 Y100.589 E0.00001
G1 F528 X117.635 Y100.589 E0
G1 X117.625 Y100.588 E0.00001
G1 F529.3 X117.615 Y100.588 E0
G1 F530.7 X117.605 Y100.588 E0
G1 X117.595 Y100.587 E0
G1 F532 X117.585 Y100.587 E0
G1 F533.3 X117.575 Y100.587 E0
G1 X117.565 Y100.586 E0
G1 F534.7 X117.555 Y100.586 E0
G1 F536 X117.545 Y100.586 E0
G1 X117.535 Y100.585 E0
G1 F537.4 X117.525 Y100.585 E0
G1 F538.8 X117.515 Y100.585 E0
G1 X117.505 Y100.584 E0
G1 F540.2 X117.495 Y100.584 E0
G1 F541.5 X117.485 Y100.584 E0
G1 X117.475 Y100.583 E0
G1 F542.9 X117.465 Y100.583 E0
G1 F544.3 X117.455 Y100.583 E0
G1 X117.445 Y100.582 E0
G1 F545.7 X117.435 Y100.582 E0
G1 F547.2 X117.425 Y100.582 E0
G1 F548.6 X117.415 Y100.581 E0
G1 X117.405 Y100.581 E0
G1 F550 X117.395 Y100.581 E0
G1 F551.4 X117.385 Y100.58 E0
G1 X117.375 Y100.58 E0
G1 F552.9 X117.365 Y100.58 E0
G1 F554.3 X117.355 Y100.579 E0
G1 X117.345 Y100.579 E0
G1 F555.8 X117.335 Y100.579 E0
G1 F557.3 X117.325 Y100.578 E0
G1 X117.315 Y100.578 E0
G1 F558.7 X117.305 Y100.578 E0
G1 F560.2 X117.295 Y100.577 E0
G1 X117.285 Y100.577 E0
G1 F561.7 X117.275 Y100.577 E0
G1 F563.2 X117.265 Y100.576 E0
G1 X117.255 Y100.576 E0
G1 F564.7 X117.245 Y100.576 E0
G1 F566.2 X117.235 Y100.575 E0
G1 X117.225 Y100.575 E0
G1 F567.7 X117.215 Y100.575 E0
G1 F569.3 X117.205 Y100.574 E0
G1 F570.8 X117.195 Y100.574 E0
G1 X117.185 Y100.574 E0
G1 F572.4 X117.175 Y100.573 E0
G1 F573.9 X117.165 Y100.573 E0
G1 X117.155 Y100.573 E0
G1 F575.5 X117.145 Y100.572 E0
G1 F577 X117.135 Y100.572 E0
G1 X117.125 Y100.572 E0
G1 F578.6 X117.115 Y100.571 E0
G1 F580.2 X117.105 Y100.571 E0
G1 X117.095 Y100.571 E0
G1 F581.8 X117.085 Y100.57 E0
G1 F583.4 X117.075 Y100.57 E0
G1 X117.065 Y100.57 E0
G1 F585 X117.055 Y100.569 E0
G1 F586.7 X117.045 Y100.569 E0
G1 X117.035 Y100.569 E0
G1 F588.3 X117.025 Y100.568 E0
G1 F589.9 X117.015 Y100.568 E0
G1 X117.005 Y100.568 E0
G1 F591.6 X116.995 Y100.567 E0
G1 F593.3 X116.985 Y100.567 E0
G1 X116.975 Y100.567 E0
G1 F594.9 X116.965 Y100.566 E0
G1 F596.6 X116.955 Y100.566 E0
G1 F598.3 X116.945 Y100.566 E0
G1 X116.935 Y100.565 E0
G1 F600 X116.925 Y100.565 E0
G1 F601.7 X116.915 Y100.565 E0
G1 X116.905 Y100.564 E0
G1 F603.4 X116.895 Y100.564 E0
G1 F605.2 X116.885 Y100.564 E0
G1 X116.875 Y100.563 E0
G1 F606.9 X116.865 Y100.563 E0
G1 F608.6 X116.855 Y100.563 E0
G1 X116.845 Y100.562 E0
G1 F610.4 X116.835 Y100.562 E0
G1 F612.2 X116.825 Y100.562 E0
G1 X116.815 Y100.561 E0
G1 F614 X116.805 Y100.561 E0
G1 F615.7 X116.795 Y100.56 E0
G1 X116.785 Y100.56 E0
G1 F617.5 X116.775 Y100.56 E0
G1 F619.4 X116.765 Y100.559 E0
G1 X116.755 Y100.559 E0
G1 F621.2 X116.745 Y100.559 E0
G1 X115.148 Y100.558 E0.00068
G1 X115.138 Y100.558 E0
G1 X115.128 Y100.558 E0
G1 F619.4 X115.118 Y100.558 E0
G1 X115.108 Y100.558 E0
G1 F617.5 X115.098 Y100.559 E0
G1 X115.088 Y100.559 E0
G1 X115.078 Y100.559 E0
G1 F615.7 X115.068 Y100.559 E0
G1 X115.058 Y100.559 E0
G1 F614 X115.048 Y100.56 E0
G1 X115.038 Y100.56 E0
G1 F612.2 X115.028 Y100.56 E0
G1 X115.018 Y100.56 E0
G1 F610.4 X115.008 Y100.56 E0
G1 X114.998 Y100.561 E0
G1 F608.6 X114.988 Y100.561 E0
G1 X114.978 Y100.561 E0
G1 F606.9 X114.968 Y100.561 E0
G1 X114.958 Y100.562 E0
G1 X114.948 Y100.562 E0
G1 F605.2 X114.938 Y100.562 E0
G1 X114.928 Y100.562 E0
G1 F603.4 X114.918 Y100.562 E0
G1 X114.908 Y100.563 E0
G1 F601.7 X114.898 Y100.563 E0
G1 X114.888 Y100.563 E0
G1 F600 X114.878 Y100.563 E0
G1 X114.868 Y100.563 E0
G1 F598.3 X114.858 Y100.564 E0
G1 X114.848 Y100.564 E0
G1 F596.6 X114.838 Y100.564 E0
G1 X114.828 Y100.564 E0
G1 X114.818 Y100.564 E0
G1 F594.9 X114.808 Y100.565 E0
G1 X114.798 Y100.565 E0
G1 F593.3 X114.788 Y100.565 E0
G1 X114.778 Y100.565 E0
G1 F591.6 X114.768 Y100.566 E0
G1 X114.758 Y100.566 E0
G1 F589.9 X114.748 Y100.566 E0
G1 X114.738 Y100.566 E0
G1 F588.3 X114.728 Y100.566 E0
G1 X114.718 Y100.567 E0
G1 X114.708 Y100.567 E0
G1 F586.7 X114.698 Y100.567 E0
G1 X114.688 Y100.567 E0
G1 F585 X114.678 Y100.567 E0
G1 X114.668 Y100.568 E0
G1 F583.4 X114.658 Y100.568 E0
G1 X114.648 Y100.568 E0
G1 F581.8 X114.638 Y100.568 E0
G1 X114.628 Y100.568 E0
G1 F580.2 X114.618 Y100.569 E0
G1 X114.608 Y100.569 E0
G1 F578.6 X114.598 Y100.569 E0
G1 X114.588 Y100.569 E0
G1 X114.578 Y100.57 E0
G1 F577 X114.568 Y100.57 E0
G1 X114.558 Y100.57 E0
G1 F575.5 X114.548 Y100.57 E0
G1 X114.538 Y100.57 E0
G1 F573.9 X114.522 Y100.571 E0.00001
G1 F572.4 X114.512 Y100.571 E0
G1 X114.502 Y100.572 E0
G1 F570.8 X114.492 Y100.572 E0
G1 F569.3 X114.482 Y100.573 E0
G1 F567.7 X114.472 Y100.573 E0
G1 F566.2 X114.462 Y100.573 E0
G1 X114.452 Y100.574 E0
G1 F564.7 X114.442 Y100.574 E0
G1 F563.2 X114.432 Y100.575 E0
G1 F561.7 X114.422 Y100.575 E0
G1 F560.2 X114.412 Y100.576 E0
G1 X114.402 Y100.576 E0
G1 F558.7 X114.392 Y100.576 E0
G1 F557.3 X114.382 Y100.577 E0
G1 F555.8 X114.372 Y100.577 E0
G1 F554.3 X114.362 Y100.578 E0
G1 X114.352 Y100.578 E0
G1 F552.9 X114.342 Y100.579 E0
G1 F551.4 X114.332 Y100.579 E0
G1 F550 X114.322 Y100.579 E0
G1 X114.312 Y100.58 E0
G1 F548.6 X114.302 Y100.58 E0
G1 F547.2 X114.292 Y100.581 E0
G1 F545.7 X114.282 Y100.581 E0
G1 F544.3 X114.272 Y100.581 E0
G1 X114.262 Y100.582 E0
G1 F542.9 X114.252 Y100.582 E0
G1 F541.5 X114.242 Y100.583 E0
G1 F540.2 X114.232 Y100.583 E0
G1 F538.8 X114.222 Y100.584 E0
G1 X114.212 Y100.584 E0
G1 F537.4 X114.202 Y100.584 E0
G1 F536 X114.167 Y100.585 E0.00002
G1 X114.134 Y100.585 E0.00002
G1 X114.101 Y100.585 E0.00002
G1 X114.068 Y100.585 E0.00002
G1 X114.035 Y100.585 E0.00002
G1 F534.7 X114.002 Y100.585 E0.00002
G1 X113.969 Y100.585 E0.00002
G1 X113.936 Y100.585 E0.00002
G1 X113.903 Y100.585 E0.00002
G1 X113.87 Y100.586 E0.00002
G1 F533.3 X113.837 Y100.586 E0.00002
G1 X113.804 Y100.586 E0.00002
G1 X113.771 Y100.586 E0.00002
G1 X113.738 Y100.586 E0.00002
G1 F532 X113.705 Y100.586 E0.00002
G1 X113.672 Y100.586 E0.00002
G1 X113.639 Y100.586 E0.00002
G1 X113.606 Y100.586 E0.00002
G1 X113.573 Y100.586 E0.00002
G1 F530.7 X113.54 Y100.587 E0.00002
G1 X113.507 Y100.587 E0.00002
G1 X113.474 Y100.587 E0.00002
G1 X113.441 Y100.587 E0.00002
G1 X113.408 Y100.587 E0.00002
G1 F529.3 X113.375 Y100.587 E0.00002
G1 X113.342 Y100.587 E0.00002
G1 X113.309 Y100.587 E0.00002
G1 X113.276 Y100.587 E0.00002
G1 X113.243 Y100.588 E0.00002
G1 F528 X106.742 Y100.588 E0.00324
G1 X106.692 Y100.588 E0.00002
G1 X106.642 Y100.588 E0.00002
G1 X106.592 Y100.588 E0.00002
G1 X106.542 Y100.588 E0.00002
G1 X106.492 Y100.588 E0.00002
G1 F526.7 X106.442 Y100.588 E0.00003
G1 X106.392 Y100.588 E0.00003
G1 X106.342 Y100.588 E0.00003
G1 X106.292 Y100.588 E0.00003
G1 F525.4 X106.242 Y100.589 E0.00003
G1 X106.192 Y100.589 E0.00003
G1 X106.142 Y100.589 E0.00003
G1 X106.092 Y100.589 E0.00003
G1 X106.042 Y100.589 E0.00003
G1 F524.1 X105.992 Y100.589 E0.00003
G1 X105.942 Y100.589 E0.00003
G1 X105.892 Y100.589 E0.00003
G1 X105.842 Y100.589 E0.00003
G1 X105.792 Y100.59 E0.00003
G1 X105.786 Y100.59 E0
G1 F525.4 X105.776 Y100.59 E0.00001
G1 X105.766 Y100.589 E0.00001
G1 F526.7 X105.756 Y100.589 E0.00001
G1 F528 X105.746 Y100.589 E0
G1 X105.736 Y100.588 E0.00001
G1 F529.3 X105.726 Y100.588 E0
G1 F530.7 X105.716 Y100.588 E0
G1 X105.706 Y100.587 E0
G1 F532 X105.696 Y100.587 E0
G1 F533.3 X105.686 Y100.587 E0
G1 X105.676 Y100.586 E0
G1 F534.7 X105.666 Y100.586 E0
G1 F536 X105.656 Y100.586 E0
G1 X105.646 Y100.585 E0
G1 F537.4 X105.636 Y100.585 E0
G1 F538.8 X105.626 Y100.585 E0
G1 X105.616 Y100.584 E0
G1 F540.2 X105.606 Y100.584 E0
G1 F541.5 X105.596 Y100.584 E0
G1 X105.586 Y100.583 E0
G1 F542.9 X105.576 Y100.583 E0
G1 F544.3 X105.566 Y100.583 E0
G1 X105.556 Y100.582 E0
G1 F545.7 X105.546 Y100.582 E0
G1 F547.2 X105.536 Y100.582 E0
G1 F548.6 X105.526 Y100.581 E0
G1 X105.516 Y100.581 E0
G1 F550 X105.506 Y100.581 E0
G1 F551.4 X105.496 Y100.58 E0
G1 X105.486 Y100.58 E0
G1 F552.9 X105.476 Y100.58 E0
G1 F554.3 X105.466 Y100.579 E0
G1 X105.456 Y100.579 E0
G1 F555.8 X105.446 Y100.579 E0
G1 F557.3 X105.436 Y100.578 E0
G1 X105.426 Y100.578 E0
G1 F558.7 X105.416 Y100.578 E0
G1 F560.2 X105.406 Y100.577 E0
G1 X105.396 Y100.577 E0
G1 F561.7 X105.386 Y100.577 E0
G1 F563.2 X105.376 Y100.576 E0
G1 X105.366 Y100.576 E0
G1 F564.7 X105.356 Y100.576 E0
G1 F566.2 X105.346 Y100.575 E0
G1 X105.336 Y100.575 E0
G1 F567.7 X105.326 Y100.575 E0
G1 F569.3 X105.316 Y100.574 E0
G1 F570.8 X105.306 Y100.574 E0
G1 X105.296 Y100.574 E0
G1 F572.4 X105.286 Y100.573 E0
G1 F573.9 X105.276 Y100.573 E0
G1 X105.266 Y100.573 E0
G1 F575.5 X105.256 Y100.572 E0
G1 F577 X105.246 Y100.572 E0
G1 X105.236 Y100.572 E0
G1 F578.6 X105.226 Y100.571 E0
G1 F580.2 X105.216 Y100.571 E0
G1 X105.206 Y100.571 E0
G1 F581.8 X105.196 Y100.57 E0
G1 F583.4 X105.186 Y100.57 E0
G1 X105.176 Y100.57 E0
G1 F585 X105.166 Y100.569 E0
G1 F586.7 X105.156 Y100.569 E0
G1 X105.146 Y100.569 E0
G1 F588.3 X105.136 Y100.568 E0
G1 F589.9 X105.126 Y100.568 E0
G1 X105.116 Y100.568 E0
G1 F591.6 X105.106 Y100.567 E0
G1 F593.3 X105.096 Y100.567 E0
G1 X105.086 Y100.567 E0
G1 F594.9 X105.076 Y100.566 E0
G1 F596.6 X105.066 Y100.566 E0
G1 F598.3 X105.056 Y100.566 E0
G1 X105.046 Y100.565 E0
G1 F600 X105.036 Y100.565 E0
G1 F601.7 X105.026 Y100.565 E0
G1 X105.016 Y100.564 E0
G1 F603.4 X105.006 Y100.564 E0
G1 F605.2 X104.996 Y100.563 E0
G1 X104.986 Y100.563 E0
G1 F606.9 X104.976 Y100.563 E0
G1 F608.6 X104.966 Y100.562 E0
G1 X104.956 Y100.562 E0
G1 F610.4 X104.946 Y100.562 E0
G1 F612.2 X104.936 Y100.561 E0
G1 X104.926 Y100.561 E0
G1 F614 X104.916 Y100.561 E0
G1 F615.7 X104.906 Y100.56 E0
G1 X104.896 Y100.56 E0
G1 F617.5 X104.886 Y100.56 E0
G1 F619.4 X104.876 Y100.559 E0
G1 X104.866 Y100.559 E0
G1 F621.2 X104.856 Y100.559 E0
G1 X103.26 Y100.558 E0.00068
G1 X103.25 Y100.558 E0
G1 X103.24 Y100.558 E0
G1 F619.4 X103.23 Y100.558 E0
G1 X103.22 Y100.558 E0
G1 F617.5 X103.21 Y100.559 E0
G1 X103.2 Y100.559 E0
G1 X103.19 Y100.559 E0
G1 F615.7 X103.18 Y100.559 E0
G1 X103.17 Y100.559 E0
G1 F614 X103.16 Y100.56 E0
G1 X103.15 Y100.56 E0
G1 F612.2 X103.14 Y100.56 E0
G1 X103.13 Y100.56 E0
G1 F610.4 X103.12 Y100.56 E0
G1 X103.11 Y100.561 E0
G1 F608.6 X103.1 Y100.561 E0
G1 X103.09 Y100.561 E0
G1 F606.9 X103.08 Y100.561 E0
G1 X103.07 Y100.562 E0
G1 X103.06 Y100.562 E0
G1 F605.2 X103.05 Y100.562 E0
G1 X103.04 Y100.562 E0
G1 F603.4 X103.03 Y100.562 E0
G1 X103.02 Y100.563 E0
G1 F601.7 X103.01 Y100.563 E0
G1 X103 Y100.563 E0
G1 F600 X102.99 Y100.563 E0
G1 X102.98 Y100.563 E0
G1 F598.3 X102.97 Y100.564 E0
G1 X102.96 Y100.564 E0
G1 F596.6 X102.95 Y100.564 E0
G1 X102.94 Y100.564 E0
G1 X102.93 Y100.564 E0
G1 F594.9 X102.92 Y100.565 E0
G1 X102.91 Y100.565 E0
G1 F593.3 X102.9 Y100.565 E0
G1 X102.89 Y100.565 E0
G1 F591.6 X102.88 Y100.566 E0
G1 X102.87 Y100.566 E0
G1 F589.9 X102.86 Y100.566 E0
G1 X102.85 Y100.566 E0
G1 F588.3 X102.84 Y100.566 E0
G1 X102.83 Y100.567 E0
G1 X102.82 Y100.567 E0
G1 F586.7 X102.81 Y100.567 E0
G1 X102.8 Y100.567 E0
G1 F585 X102.79 Y100.567 E0
G1 X102.78 Y100.568 E0
G1 F583.4 X102.77 Y100.568 E0
G1 X102.76 Y100.568 E0
G1 F581.8 X102.75 Y100.568 E0
G1 X102.74 Y100.568 E0
G1 F580.2 X102.73 Y100.569 E0
G1 X102.72 Y100.569 E0
G1 F578.6 X102.71 Y100.569 E0
G1 X102.7 Y100.569 E0
G1 X102.69 Y100.57 E0
G1 F577 X102.68 Y100.57 E0
G1 X102.67 Y100.57 E0
G1 F575.5 X102.66 Y100.57 E0
G1 X102.65 Y100.57 E0
G1 F573.9 X102.634 Y100.571 E0.00001
G1 F572.4 X102.624 Y100.571 E0
G1 X102.614 Y100.572 E0
G1 F570.8 X102.604 Y100.572 E0
G1 F569.3 X102.594 Y100.573 E0
G1 F567.7 X102.584 Y100.573 E0
G1 F566.2 X102.574 Y100.573 E0
G1 X102.564 Y100.574 E0
G1 F564.7 X102.554 Y100.574 E0
G1 F563.2 X102.544 Y100.575 E0
G1 F561.7 X102.534 Y100.575 E0
G1 F560.2 X102.524 Y100.576 E0
G1 X102.514 Y100.576 E0
G1 F558.7 X102.504 Y100.576 E0
G1 F557.3 X102.494 Y100.577 E0
G1 F555.8 X102.484 Y100.577 E0
G1 F554.3 X102.474 Y100.578 E0
G1 X102.464 Y100.578 E0
G1 F552.9 X102.454 Y100.579 E0
G1 F551.4 X102.444 Y100.579 E0
G1 F550 X102.434 Y100.579 E0
G1 X102.424 Y100.58 E0
G1 F548.6 X102.414 Y100.58 E0
G1 F547.2 X102.404 Y100.581 E0
G1 F545.7 X102.394 Y100.581 E0
G1 F544.3 X102.384 Y100.581 E0
G1 X102.374 Y100.582 E0
G1 F542.9 X102.364 Y100.582 E0
G1 F541.5 X102.354 Y100.583 E0
G1 F540.2 X102.344 Y100.583 E0
G1 F538.8 X102.334 Y100.584 E0
G1 X102.324 Y100.584 E0
G1 F537.4 X102.314 Y100.584 E0
G1 F536 X102.28 Y100.585 E0.00002
G1 X102.247 Y100.585 E0.00002
G1 X102.214 Y100.585 E0.00002
G1 X102.181 Y100.585 E0.00002
G1 X102.148 Y100.585 E0.00002
G1 F534.7 X102.115 Y100.585 E0.00002
G1 X102.082 Y100.585 E0.00002
G1 X102.049 Y100.586 E0.00002
G1 X102.016 Y100.586 E0.00002
G1 X101.983 Y100.586 E0.00002
G1 F533.3 X101.95 Y100.586 E0.00002
G1 X101.917 Y100.586 E0.00002
G1 X101.884 Y100.586 E0.00002
G1 X101.851 Y100.586 E0.00002
G1 F532 X101.818 Y100.587 E0.00002
G1 X101.785 Y100.587 E0.00002
G1 X101.752 Y100.587 E0.00002
G1 X101.719 Y100.587 E0.00002
G1 X101.686 Y100.587 E0.00002
G1 F530.7 X101.653 Y100.587 E0.00002
G1 X101.62 Y100.587 E0.00002
G1 X101.587 Y100.588 E0.00002
G1 X101.554 Y100.588 E0.00002
G1 X101.521 Y100.588 E0.00002
G1 F529.3 X101.488 Y100.588 E0.00002
G1 X101.455 Y100.588 E0.00002
G1 X101.422 Y100.588 E0.00002
G1 X101.389 Y100.588 E0.00002
G1 X101.356 Y100.589 E0.00002
G1 F528 X94.861 Y100.588 E0.00324
G1 X94.811 Y100.588 E0.00002
G1 X94.761 Y100.588 E0.00002
G1 X94.711 Y100.588 E0.00002
G1 X94.661 Y100.588 E0.00002
G1 X94.611 Y100.588 E0.00002
G1 F526.7 X94.561 Y100.588 E0.00003
G1 X94.511 Y100.588 E0.00003
G1 X94.461 Y100.588 E0.00003
G1 X94.411 Y100.588 E0.00003
G1 F525.4 X94.361 Y100.589 E0.00003
G1 X94.311 Y100.589 E0.00003
G1 X94.261 Y100.589 E0.00003
G1 X94.211 Y100.589 E0.00003
G1 X94.161 Y100.589 E0.00003
G1 F524.1 X94.111 Y100.589 E0.00003
G1 X94.061 Y100.589 E0.00003
G1 X94.011 Y100.589 E0.00003
G1 X93.961 Y100.589 E0.00003
G1 X93.911 Y100.59 E0.00003
G1 X93.904 Y100.59 E0
G1 F525.4 X93.894 Y100.59 E0.00001
G1 X93.884 Y100.589 E0.00001
G1 F526.7 X93.874 Y100.589 E0.00001
G1 F528 X93.864 Y100.589 E0
G1 X93.854 Y100.588 E0.00001
G1 F529.3 X93.844 Y100.588 E0
G1 F530.7 X93.834 Y100.588 E0
G1 X93.824 Y100.587 E0
G1 F532 X93.814 Y100.587 E0
G1 F533.3 X93.804 Y100.587 E0
G1 X93.794 Y100.586 E0
G1 F534.7 X93.784 Y100.586 E0
G1 F536 X93.774 Y100.586 E0
G1 X93.764 Y100.585 E0
G1 F537.4 X93.754 Y100.585 E0
G1 F538.8 X93.744 Y100.585 E0
G1 X93.734 Y100.584 E0
G1 F540.2 X93.724 Y100.584 E0
G1 F541.5 X93.714 Y100.584 E0
G1 X93.704 Y100.583 E0
G1 F542.9 X93.694 Y100.583 E0
G1 F544.3 X93.684 Y100.583 E0
G1 X93.674 Y100.582 E0
G1 F545.7 X93.664 Y100.582 E0
G1 F547.2 X93.654 Y100.582 E0
G1 X93.644 Y100.581 E0
G1 F548.6 X93.634 Y100.581 E0
G1 F550 X93.624 Y100.581 E0
G1 X93.614 Y100.58 E0
G1 F551.4 X93.604 Y100.58 E0
G1 F552.9 X93.594 Y100.58 E0
G1 X93.584 Y100.579 E0
G1 F554.3 X93.574 Y100.579 E0
G1 F555.8 X93.564 Y100.579 E0
G1 X93.554 Y100.578 E0
G1 F557.3 X93.544 Y100.578 E0
G1 F558.7 X93.534 Y100.578 E0
G1 X93.524 Y100.577 E0
G1 F560.2 X93.514 Y100.577 E0
G1 F561.7 X93.504 Y100.577 E0
G1 X93.494 Y100.576 E0
G1 F563.2 X93.484 Y100.576 E0
G1 F564.7 X93.474 Y100.576 E0
G1 X93.464 Y100.575 E0
G1 F566.2 X93.454 Y100.575 E0
G1 F567.7 X93.444 Y100.575 E0
G1 X93.434 Y100.574 E0
G1 F569.3 X93.424 Y100.574 E0
G1 F570.8 X93.414 Y100.574 E0
G1 F572.4 X93.404 Y100.573 E0
G1 X93.394 Y100.573 E0
G1 F573.9 X93.384 Y100.573 E0
G1 F575.5 X93.374 Y100.572 E0
G1 X93.364 Y100.572 E0
G1 F577 X93.354 Y100.572 E0
G1 F578.6 X93.344 Y100.571 E0
G1 X93.334 Y100.571 E0
G1 F580.2 X93.324 Y100.571 E0
G1 F581.8 X93.314 Y100.57 E0
G1 X93.304 Y100.57 E0
G1 F583.4 X93.294 Y100.57 E0
G1 F585 X93.284 Y100.569 E0
G1 X93.274 Y100.569 E0
G1 F586.7 X93.264 Y100.569 E0
G1 F588.3 X93.254 Y100.568 E0
G1 X93.244 Y100.568 E0
G1 F589.9 X93.234 Y100.568 E0
G1 F591.6 X93.224 Y100.567 E0
G1 X93.214 Y100.567 E0
G1 F593.3 X93.204 Y100.567 E0
G1 F594.9 X93.194 Y100.566 E0
G1 X93.184 Y100.566 E0
G1 F596.6 X93.174 Y100.566 E0
G1 F598.3 X93.164 Y100.565 E0
G1 X93.154 Y100.565 E0
G1 F600 X93.144 Y100.565 E0
G1 F601.7 X93.134 Y100.564 E0
G1 X93.124 Y100.564 E0
G1 F603.4 X93.114 Y100.564 E0
G1 F605.2 X93.104 Y100.563 E0
G1 X93.094 Y100.563 E0
G1 F606.9 X93.084 Y100.563 E0
G1 F608.6 X93.074 Y100.562 E0
G1 X93.064 Y100.562 E0
G1 F610.4 X93.054 Y100.562 E0
G1 F612.2 X93.044 Y100.561 E0
G1 X93.034 Y100.561 E0
G1 F614 X93.024 Y100.561 E0
G1 F615.7 X93.014 Y100.56 E0
G1 X93.004 Y100.56 E0
G1 F617.5 X92.994 Y100.56 E0
G1 F619.4 X92.984 Y100.559 E0
G1 X92.974 Y100.559 E0
G1 F621.2 X92.964 Y100.558 E0
G1 X91.368 Y100.558 E0.00068
G1 X91.358 Y100.558 E0
G1 X91.348 Y100.558 E0
G1 F619.4 X91.338 Y100.558 E0
G1 X91.328 Y100.558 E0
G1 F617.5 X91.318 Y100.559 E0
G1 X91.308 Y100.559 E0
G1 X91.298 Y100.559 E0
G1 F615.7 X91.288 Y100.559 E0
G1 X91.278 Y100.559 E0
G1 F614 X91.268 Y100.56 E0
G1 X91.258 Y100.56 E0
G1 F612.2 X91.248 Y100.56 E0
G1 X91.238 Y100.56 E0
G1 F610.4 X91.228 Y100.56 E0
G1 X91.218 Y100.561 E0
G1 F608.6 X91.208 Y100.561 E0
G1 X91.198 Y100.561 E0
G1 F606.9 X91.188 Y100.561 E0
G1 X91.178 Y100.562 E0
G1 X91.168 Y100.562 E0
G1 F605.2 X91.158 Y100.562 E0
G1 X91.148 Y100.562 E0
G1 F603.4 X91.138 Y100.562 E0
G1 X91.128 Y100.563 E0
G1 F601.7 X91.118 Y100.563 E0
G1 X91.108 Y100.563 E0
G1 F600 X91.098 Y100.563 E0
G1 X91.088 Y100.563 E0
G1 F598.3 X91.078 Y100.564 E0
G1 X91.068 Y100.564 E0
G1 F596.6 X91.058 Y100.564 E0
G1 X91.048 Y100.564 E0
G1 X91.038 Y100.564 E0
G1 F594.9 X91.028 Y100.565 E0
G1 X91.018 Y100.565 E0
G1 F593.3 X91.008 Y100.565 E0
G1 X90.998 Y100.565 E0
G1 F591.6 X90.988 Y100.566 E0
G1 X90.978 Y100.566 E0
G1 F589.9 X90.968 Y100.566 E0
G1 X90.958 Y100.566 E0
G1 F588.3 X90.948 Y100.566 E0
G1 X90.938 Y100.567 E0
G1 X90.928 Y100.567 E0
G1 F586.7 X90.918 Y100.567 E0
G1 X90.908 Y100.567 E0
G1 F585 X90.898 Y100.567 E0
G1 X90.888 Y100.568 E0
G1 F583.4 X90.878 Y100.568 E0
G1 X90.868 Y100.568 E0
G1 F581.8 X90.858 Y100.568 E0
G1 X90.848 Y100.568 E0
G1 F580.2 X90.838 Y100.569 E0
G1 X90.828 Y100.569 E0
G1 F578.6 X90.818 Y100.569 E0
G1 X90.808 Y100.569 E0
G1 X90.798 Y100.57 E0
G1 F577 X90.788 Y100.57 E0
G1 X90.778 Y100.57 E0
G1 F575.5 X90.768 Y100.57 E0
G1 X90.758 Y100.57 E0
G1 F573.9 X90.742 Y100.571 E0.00001
G1 F572.4 X90.732 Y100.571 E0
G1 X90.722 Y100.572 E0
G1 F570.8 X90.712 Y100.572 E0
G1 F569.3 X90.702 Y100.573 E0
G1 F567.7 X90.692 Y100.573 E0
G1 F566.2 X90.682 Y100.573 E0
G1 X90.672 Y100.574 E0
G1 F564.7 X90.662 Y100.574 E0
G1 F563.2 X90.652 Y100.575 E0
G1 F561.7 X90.642 Y100.575 E0
G1 F560.2 X90.632 Y100.576 E0
G1 X90.622 Y100.576 E0
G1 F558.7 X90.612 Y100.576 E0
G1 F557.3 X90.602 Y100.577 E0
G1 F555.8 X90.592 Y100.577 E0
G1 F554.3 X90.582 Y100.578 E0
G1 X90.572 Y100.578 E0
G1 F552.9 X90.562 Y100.578 E0
G1 F551.4 X90.552 Y100.579 E0
G1 F550 X90.542 Y100.579 E0
G1 X90.532 Y100.58 E0
G1 F548.6 X90.522 Y100.58 E0
G1 F547.2 X90.512 Y100.581 E0
G1 F545.7 X90.502 Y100.581 E0
G1 F544.3 X90.492 Y100.581 E0
G1 X90.482 Y100.582 E0
G1 F542.9 X90.472 Y100.582 E0
G1 F541.5 X90.462 Y100.583 E0
G1 F540.2 X90.452 Y100.583 E0
G1 F538.8 X90.442 Y100.583 E0
G1 X90.432 Y100.584 E0
G1 F537.4 X90.422 Y100.584 E0
G1 F536 X90.385 Y100.585 E0.00002
G1 X90.352 Y100.585 E0.00002
G1 X90.319 Y100.585 E0.00002
G1 X90.286 Y100.585 E0.00002
G1 X90.253 Y100.585 E0.00002
G1 F534.7 X90.22 Y100.585 E0.00002
G1 X90.187 Y100.585 E0.00002
G1 X90.154 Y100.585 E0.00002
G1 X90.121 Y100.585 E0.00002
G1 X90.088 Y100.586 E0.00002
G1 F533.3 X90.055 Y100.586 E0.00002
G1 X90.022 Y100.586 E0.00002
G1 X89.989 Y100.586 E0.00002
G1 X89.956 Y100.586 E0.00002
G1 F532 X89.923 Y100.586 E0.00002
G1 X89.89 Y100.586 E0.00002
G1 X89.857 Y100.586 E0.00002
G1 X89.824 Y100.586 E0.00002
G1 X89.791 Y100.586 E0.00002
G1 F530.7 X89.758 Y100.587 E0.00002
G1 X89.725 Y100.587 E0.00002
G1 X89.692 Y100.587 E0.00002
G1 X89.659 Y100.587 E0.00002
G1 X89.626 Y100.587 E0.00002
G1 F529.3 X89.593 Y100.587 E0.00002
G1 X89.56 Y100.587 E0.00002
G1 X89.527 Y100.587 E0.00002
G1 X89.494 Y100.587 E0.00002
G1 X89.461 Y100.588 E0.00002
G1 F528 X88.088 Y100.588 E0.00068
G1 X88.088 Y102.238 E0.00082
G0 F24000 X86.024 Y107.015
G0 X85.97 Y107.331
G0 X85.968 Y112.646
G0 X86.085 Y113.129
G0 X88.088 Y117.759
G1 F528 X88.088 Y119.408 E0.00082
G1 X90.78 Y119.407 E0.00134
G1 F530.7 X90.789 Y119.408 E0
G1 F534.7 X90.799 Y119.409 E0
G1 F538.8 X90.809 Y119.411 E0
G1 F542.9 X90.819 Y119.412 E0
G1 F547.2 X90.829 Y119.414 E0
G1 F551.4 X90.839 Y119.415 E0
G1 F555.8 X90.849 Y119.417 E0
G1 F560.2 X90.859 Y119.418 E0
G1 F564.7 X90.868 Y119.42 E0
G1 F569.3 X90.878 Y119.421 E0
G1 F573.9 X90.888 Y119.423 E0
G1 F578.6 X90.898 Y119.424 E0
G1 F583.4 X90.908 Y119.426 E0
G1 F588.3 X90.918 Y119.427 E0
G1 F593.3 X90.928 Y119.429 E0
G1 F598.3 X90.938 Y119.43 E0
G1 F603.4 X90.948 Y119.432 E0
G1 F608.6 X90.957 Y119.433 E0
G1 F614 X90.967 Y119.435 E0
G1 F619.4 X90.977 Y119.436 E0
G1 F624.9 X90.987 Y119.438 E0
G1 F630.4 X90.997 Y119.439 E0
G1 F636.1 X91.007 Y119.441 E0
G1 F641.9 X91.017 Y119.442 E0
G1 F647.9 X91.027 Y119.444 E0
G1 F653.9 X91.037 Y119.445 E0
G1 F660 X91.046 Y119.447 E0
G1 F666.2 X91.056 Y119.448 E0
G1 F672.6 X91.066 Y119.45 E0
G1 F679.1 X91.076 Y119.451 E0
G1 F683.5 X91.086 Y119.453 E0
G1 F690.2 X91.096 Y119.454 E0
G1 F697 X91.106 Y119.456 E0
G1 F704 X91.116 Y119.457 E0
G1 F711.1 X91.125 Y119.459 E0
G1 F718.4 X91.135 Y119.46 E0
G1 F725.8 X91.145 Y119.462 E0
G1 F733.3 X91.155 Y119.463 E0
G1 F741.1 X91.165 Y119.465 E0
G1 F748.9 X91.175 Y119.466 E0
G1 F757 X91.185 Y119.468 E0
G1 F765.2 X91.195 Y119.469 E0
G1 F773.6 X91.205 Y119.471 E0
G1 F782.2 X91.214 Y119.472 E0
G1 F791 X91.224 Y119.474 E0
G1 F800 X91.234 Y119.475 E0
G1 F809.2 X91.244 Y119.477 E0
G1 F818.6 X91.254 Y119.478 E0
G1 F828.2 X91.264 Y119.48 E0
G1 F838.1 X91.274 Y119.481 E0
G1 F848.2 X91.284 Y119.483 E0
G1 F858.5 X91.294 Y119.484 E0
G1 F869.1 X91.303 Y119.486 E0
G1 F880 X91.313 Y119.487 E0
G1 F891.1 X91.323 Y119.489 E0
G1 F902.6 X91.333 Y119.49 E0
G1 F914.3 X91.343 Y119.492 E0
G1 F926.3 X91.353 Y119.493 E0
G1 F938.7 X91.363 Y119.495 E0
G1 F951.4 X91.373 Y119.496 E0
G1 F960 X91.399 Y119.498 E0.00001
G1 F968.8 X91.416 Y119.499 E0
G1 F973.3 X91.433 Y119.5 E0
G1 F977.8 X91.45 Y119.5 E0
G1 F986.9 X91.467 Y119.501 E0
G1 F991.5 X91.484 Y119.502 E0
G1 F1000.9 X91.501 Y119.502 E0
G1 F1005.7 X91.513 Y119.503 E0
G1 X91.523 Y119.503 E0
G1 F1010.5 X91.533 Y119.503 E0
G1 X91.543 Y119.503 E0
G1 X91.553 Y119.503 E0
G1 F1015.4 X91.563 Y119.504 E0
G1 X91.573 Y119.504 E0
G1 F1020.3 X91.583 Y119.504 E0
G1 X91.593 Y119.504 E0
G1 X91.603 Y119.504 E0
G1 F1025.2 X91.613 Y119.505 E0
G1 X91.623 Y119.505 E0
G1 F1030.2 X91.633 Y119.505 E0
G1 X91.643 Y119.505 E0
G1 X91.653 Y119.505 E0
G1 F1035.3 X91.663 Y119.506 E0
G1 X91.673 Y119.506 E0
G1 F1040.4 X91.683 Y119.506 E0
G1 X91.693 Y119.506 E0
G1 F1045.5 X91.703 Y119.506 E0
G1 X91.713 Y119.507 E0
G1 X91.723 Y119.507 E0
G1 F1050.7 X91.733 Y119.507 E0
G1 X91.743 Y119.507 E0
G1 F1056 X91.753 Y119.507 E0
G1 X91.763 Y119.508 E0
G1 X91.773 Y119.508 E0
G1 F1061.3 X91.783 Y119.508 E0
G1 X91.793 Y119.508 E0
G1 F1066.7 X91.803 Y119.508 E0
G1 X91.813 Y119.509 E0
G1 X91.823 Y119.509 E0
G1 F1072.1 X91.833 Y119.509 E0
G1 X91.843 Y119.509 E0
G1 F1077.6 X91.853 Y119.509 E0
G1 X91.863 Y119.51 E0
G1 X91.873 Y119.51 E0
G1 F1083.1 X91.883 Y119.51 E0
G1 X91.893 Y119.51 E0
G1 F1088.7 X91.903 Y119.51 E0
G1 X91.913 Y119.511 E0
G1 F1094.3 X91.923 Y119.511 E0
G1 X91.933 Y119.511 E0
G1 X91.943 Y119.511 E0
G1 F1100 X91.953 Y119.511 E0
G1 X91.963 Y119.512 E0
G1 F1105.8 X91.973 Y119.512 E0
G1 X91.983 Y119.512 E0
G1 X91.993 Y119.512 E0
G1 F1111.6 X92.003 Y119.512 E0
G1 X92.013 Y119.513 E0
G1 F1117.5 X92.023 Y119.513 E0
G1 X92.033 Y119.513 E0
G1 X92.043 Y119.513 E0
G1 F1123.4 X92.053 Y119.513 E0
G1 X92.063 Y119.513 E0
G1 X92.284 Y119.514 E0.00005
G1 X92.294 Y119.514 E0
G1 X92.304 Y119.514 E0
G1 F1117.5 X92.314 Y119.514 E0
G1 X92.324 Y119.514 E0
G1 F1111.6 X92.334 Y119.513 E0
G1 X92.344 Y119.513 E0
G1 X92.354 Y119.513 E0
G1 F1105.8 X92.364 Y119.513 E0
G1 X92.374 Y119.513 E0
G1 F1100 X92.384 Y119.512 E0
G1 X92.394 Y119.512 E0
G1 F1094.3 X92.404 Y119.512 E0
G1 X92.414 Y119.512 E0
G1 F1088.7 X92.424 Y119.511 E0
G1 X92.434 Y119.511 E0
G1 X92.444 Y119.511 E0
G1 F1083.1 X92.454 Y119.511 E0
G1 X92.464 Y119.511 E0
G1 F1077.6 X92.474 Y119.51 E0
G1 X92.484 Y119.51 E0
G1 F1072.1 X92.494 Y119.51 E0
G1 X92.504 Y119.51 E0
G1 F1066.7 X92.514 Y119.509 E0
G1 X92.524 Y119.509 E0
G1 X92.534 Y119.509 E0
G1 F1061.3 X92.544 Y119.509 E0
G1 X92.554 Y119.509 E0
G1 F1056 X92.564 Y119.508 E0
G1 X92.574 Y119.508 E0
G1 F1050.7 X92.584 Y119.508 E0
G1 X92.594 Y119.508 E0
G1 F1045.5 X92.604 Y119.507 E0
G1 X92.614 Y119.507 E0
G1 F1040.4 X92.624 Y119.507 E0
G1 X92.634 Y119.507 E0
G1 X92.644 Y119.507 E0
G1 F1035.3 X92.654 Y119.506 E0
G1 X92.664 Y119.506 E0
G1 F1030.2 X92.674 Y119.506 E0
G1 X92.684 Y119.506 E0
G1 F1025.2 X92.694 Y119.505 E0
G1 X92.704 Y119.505 E0
G1 F1020.3 X92.714 Y119.505 E0
G1 X92.724 Y119.505 E0
G1 X92.734 Y119.505 E0
G1 F1015.4 X92.744 Y119.504 E0
G1 X92.754 Y119.504 E0
G1 F1010.5 X92.764 Y119.504 E0
G1 X92.774 Y119.504 E0
G1 F1005.7 X92.784 Y119.503 E0
G1 X92.794 Y119.503 E0
G1 F1000.9 X92.804 Y119.503 E0
G1 X92.814 Y119.503 E0
G1 X92.824 Y119.503 E0
G1 F996.2 X92.834 Y119.502 E0
G1 X92.844 Y119.502 E0
G1 F991.5 X92.854 Y119.502 E0
G1 X92.864 Y119.502 E0
G1 F982.3 X92.9 Y119.501 E0.00001
G1 F973.3 X92.927 Y119.5 E0.00001
G1 F964.4 X92.954 Y119.499 E0.00001
G1 F947.1 X92.964 Y119.496 E0
G1 F930.4 X92.974 Y119.494 E0
G1 F910.3 X92.984 Y119.492 E0
G1 F891.1 X92.994 Y119.49 E0
G1 F876.3 X93.003 Y119.488 E0
G1 F858.5 X93.013 Y119.486 E0
G1 F844.8 X93.023 Y119.483 E0
G1 F828.2 X93.033 Y119.481 E0
G1 F815.4 X93.042 Y119.479 E0
G1 F800 X93.052 Y119.477 E0
G1 F785.1 X93.062 Y119.475 E0
G1 F773.6 X93.072 Y119.473 E0
G1 F762.5 X93.086 Y119.47 E0
G1 F754.3 X93.096 Y119.469 E0
G1 F746.3 X93.106 Y119.467 E0
G1 F738.5 X93.116 Y119.466 E0
G1 F733.3 X93.126 Y119.464 E0
G1 F725.8 X93.136 Y119.463 E0
G1 F718.4 X93.146 Y119.461 E0
G1 F711.1 X93.156 Y119.46 E0
G1 F704 X93.165 Y119.458 E0
G1 F697 X93.175 Y119.457 E0
G1 F690.2 X93.185 Y119.455 E0
G1 F683.5 X93.195 Y119.454 E0
G1 F676.9 X93.205 Y119.452 E0
G1 F672.6 X93.215 Y119.451 E0
G1 F666.2 X93.225 Y119.449 E0
G1 F660 X93.235 Y119.448 E0
G1 F653.9 X93.245 Y119.446 E0
G1 F647.9 X93.254 Y119.445 E0
G1 F641.9 X93.264 Y119.444 E0
G1 F636.1 X93.274 Y119.442 E0
G1 F630.4 X93.284 Y119.441 E0
G1 F624.9 X93.294 Y119.439 E0
G1 F621.2 X93.304 Y119.438 E0
G1 F615.7 X93.314 Y119.436 E0
G1 F610.4 X93.324 Y119.435 E0
G1 F605.2 X93.334 Y119.433 E0
G1 F600 X93.343 Y119.432 E0
G1 F594.9 X93.353 Y119.43 E0
G1 F589.9 X93.363 Y119.429 E0
G1 F585 X93.373 Y119.427 E0
G1 F581.8 X93.383 Y119.426 E0
G1 F577 X93.393 Y119.424 E0
G1 F572.4 X93.403 Y119.423 E0
G1 F567.7 X93.413 Y119.421 E0
G1 F563.2 X93.422 Y119.42 E0
G1 F558.7 X93.432 Y119.419 E0
G1 F554.3 X93.442 Y119.417 E0
G1 F550 X93.452 Y119.416 E0
G1 F545.7 X93.462 Y119.414 E0
G1 F542.9 X93.472 Y119.413 E0
G1 F538.8 X93.482 Y119.411 E0
G1 F534.7 X93.492 Y119.41 E0
G1 F530.7 X93.502 Y119.408 E0.00001
G1 F528 X102.421 Y119.408 E0.00445
G1 F529.3 X102.43 Y119.408 E0
G1 F530.7 X102.44 Y119.409 E0
G1 F533.3 X102.45 Y119.409 E0
G1 F534.7 X102.46 Y119.41 E0
G1 F536 X102.47 Y119.411 E0
G1 F537.4 X102.48 Y119.411 E0
G1 F540.2 X102.49 Y119.412 E0
G1 F541.5 X102.5 Y119.413 E0
G1 F542.9 X102.51 Y119.413 E0
G1 F544.3 X102.52 Y119.414 E0
G1 F547.2 X102.53 Y119.414 E0
G1 F548.6 X102.54 Y119.415 E0
G1 F550 X102.55 Y119.416 E0
G1 F551.4 X102.56 Y119.416 E0
G1 F554.3 X102.57 Y119.417 E0
G1 F555.8 X102.58 Y119.418 E0
G1 F557.3 X102.59 Y119.418 E0
G1 F558.7 X102.6 Y119.419 E0
G1 F560.2 X102.61 Y119.42 E0
G1 F563.2 X102.62 Y119.42 E0
G1 F564.7 X102.63 Y119.421 E0
G1 F566.2 X102.64 Y119.421 E0
G1 F567.7 X102.65 Y119.422 E0
G1 F570.8 X102.66 Y119.423 E0
G1 F572.4 X102.67 Y119.423 E0
G1 F573.9 X102.68 Y119.424 E0
G1 F575.5 X102.69 Y119.425 E0
G1 F578.6 X102.7 Y119.425 E0
G1 F580.2 X102.71 Y119.426 E0
G1 F581.8 X102.72 Y119.427 E0
G1 F583.4 X102.73 Y119.427 E0
G1 F586.7 X102.74 Y119.428 E0
G1 F588.3 X102.75 Y119.428 E0
G1 F589.9 X102.76 Y119.429 E0
G1 F591.6 X102.77 Y119.43 E0
G1 F594.9 X102.78 Y119.43 E0
G1 F596.6 X102.79 Y119.431 E0
G1 F598.3 X102.8 Y119.432 E0
G1 F600 X102.81 Y119.432 E0
G1 F603.4 X102.82 Y119.433 E0
G1 F605.2 X102.83 Y119.434 E0
G1 F606.9 X102.84 Y119.434 E0
G1 F608.6 X102.85 Y119.435 E0
G1 F612.2 X102.86 Y119.435 E0
G1 F614 X102.87 Y119.436 E0
G1 F615.7 X102.88 Y119.437 E0
G1 F617.5 X102.89 Y119.437 E0
G1 F621.2 X102.9 Y119.438 E0
G1 F623 X102.91 Y119.439 E0
G1 F624.9 X102.92 Y119.439 E0
G1 F626.7 X102.93 Y119.44 E0
G1 F630.4 X102.94 Y119.441 E0
G1 F632.3 X102.95 Y119.441 E0
G1 F634.2 X102.96 Y119.442 E0
G1 F636.1 X102.97 Y119.442 E0
G1 F638.1 X102.98 Y119.443 E0
G1 F641.9 X102.99 Y119.444 E0
G1 F643.9 X103 Y119.444 E0
G1 F645.9 X103.01 Y119.445 E0
G1 F647.9 X103.02 Y119.446 E0
G1 F651.9 X103.03 Y119.446 E0
G1 F653.9 X103.04 Y119.447 E0
G1 F655.9 X103.05 Y119.448 E0
G1 F657.9 X103.06 Y119.448 E0
G1 F662.1 X103.07 Y119.449 E0
G1 F664.2 X103.08 Y119.449 E0
G1 F666.2 X103.09 Y119.45 E0
G1 F668.4 X103.1 Y119.451 E0
G1 F672.6 X103.11 Y119.451 E0
G1 F674.8 X103.12 Y119.452 E0
G1 F676.9 X103.13 Y119.453 E0
G1 F679.1 X103.14 Y119.453 E0
G1 F683.5 X103.15 Y119.454 E0
G1 F685.7 X103.16 Y119.455 E0
G1 F692.5 X103.169 Y119.457 E0
G1 F704 X103.179 Y119.459 E0
G1 F713.5 X103.189 Y119.461 E0
G1 F725.8 X103.199 Y119.464 E0
G1 F738.5 X103.208 Y119.466 E0
G1 F751.6 X103.218 Y119.468 E0
G1 F762.5 X103.228 Y119.47 E0
G1 F776.5 X103.238 Y119.473 E0
G1 F791 X103.247 Y119.475 E0
G1 F806.1 X103.257 Y119.477 E0
G1 F818.6 X103.267 Y119.479 E0
G1 F834.8 X103.277 Y119.482 E0
G1 F851.6 X103.286 Y119.484 E0
G1 F869.1 X103.296 Y119.486 E0
G1 F883.7 X103.306 Y119.488 E0
G1 F902.6 X103.316 Y119.491 E0
G1 F922.3 X103.325 Y119.493 E0
G1 F942.9 X103.335 Y119.495 E0
G1 F960 X103.345 Y119.497 E0
G1 F982.3 X103.355 Y119.5 E0
G1 F996.2 X103.373 Y119.502 E0
G1 X103.383 Y119.502 E0
G1 F1000.9 X103.393 Y119.502 E0
G1 X103.403 Y119.502 E0
G1 F1005.7 X103.413 Y119.503 E0
G1 X103.423 Y119.503 E0
G1 X103.433 Y119.503 E0
G1 F1010.5 X103.443 Y119.503 E0
G1 X103.453 Y119.503 E0
G1 F1015.4 X103.463 Y119.504 E0
G1 X103.473 Y119.504 E0
G1 F1020.3 X103.483 Y119.504 E0
G1 X103.493 Y119.504 E0
G1 F1025.2 X103.503 Y119.505 E0
G1 X103.513 Y119.505 E0
G1 X103.523 Y119.505 E0
G1 F1030.2 X103.533 Y119.505 E0
G1 X103.543 Y119.505 E0
G1 F1035.3 X103.553 Y119.506 E0
G1 X103.563 Y119.506 E0
G1 F1040.4 X103.573 Y119.506 E0
G1 X103.583 Y119.506 E0
G1 F1045.5 X103.593 Y119.506 E0
G1 X103.603 Y119.507 E0
G1 F1050.7 X103.613 Y119.507 E0
G1 X103.623 Y119.507 E0
G1 X103.633 Y119.507 E0
G1 F1056 X103.643 Y119.508 E0
G1 X103.653 Y119.508 E0
G1 F1061.3 X103.663 Y119.508 E0
G1 X103.673 Y119.508 E0
G1 F1066.7 X103.683 Y119.508 E0
G1 X103.693 Y119.509 E0
G1 F1072.1 X103.703 Y119.509 E0
G1 X103.713 Y119.509 E0
G1 X103.723 Y119.509 E0
G1 F1077.6 X103.733 Y119.509 E0
G1 X103.743 Y119.51 E0
G1 F1083.1 X103.753 Y119.51 E0
G1 X103.763 Y119.51 E0
G1 F1088.7 X103.773 Y119.51 E0
G1 X103.783 Y119.511 E0
G1 F1094.3 X103.793 Y119.511 E0
G1 X103.803 Y119.511 E0
G1 F1100 X103.813 Y119.511 E0
G1 X103.823 Y119.511 E0
G1 X103.833 Y119.512 E0
G1 F1105.8 X103.843 Y119.512 E0
G1 X103.853 Y119.512 E0
G1 F1111.6 X103.863 Y119.512 E0
G1 X103.873 Y119.512 E0
G1 F1117.5 X103.883 Y119.513 E0
G1 X103.893 Y119.513 E0
G1 F1123.4 X103.903 Y119.513 E0
G1 X103.913 Y119.513 E0
G1 X103.923 Y119.514 E0
G1 F1129.4 X103.933 Y119.514 E0
G1 X103.943 Y119.514 E0
G1 F1135.5 X103.953 Y119.514 E0
G1 X103.963 Y119.514 E0
G1 X104.084 Y119.515 E0.00003
G1 X104.123 Y119.515 E0.00001
G1 F1129.4 X104.162 Y119.515 E0.00001
G1 X104.201 Y119.514 E0.00001
G1 F1123.4 X104.24 Y119.514 E0.00001
G1 F1117.5 X104.279 Y119.513 E0.00001
G1 X104.318 Y119.513 E0.00001
G1 F1111.6 X104.357 Y119.513 E0.00001
G1 F1105.8 X104.388 Y119.512 E0.00001
G1 F1100 X104.418 Y119.511 E0.00001
G1 F1088.7 X104.448 Y119.511 E0.00001
G1 F1083.1 X104.478 Y119.51 E0.00001
G1 F1077.6 X104.508 Y119.509 E0.00001
G1 F1072.1 X104.517 Y119.509 E0
G1 F1066.7 X104.527 Y119.509 E0
G1 X104.537 Y119.509 E0
G1 F1061.3 X104.547 Y119.508 E0
G1 F1056 X104.557 Y119.508 E0
G1 X104.567 Y119.508 E0
G1 F1050.7 X104.577 Y119.507 E0
G1 F1045.5 X104.587 Y119.507 E0
G1 X104.597 Y119.507 E0
G1 F1040.4 X104.607 Y119.506 E0
G1 F1035.3 X104.617 Y119.506 E0
G1 X104.627 Y119.506 E0
G1 F1030.2 X104.637 Y119.505 E0
G1 F1025.2 X104.647 Y119.505 E0
G1 X104.657 Y119.505 E0
G1 F1020.3 X104.667 Y119.504 E0
G1 F1015.4 X104.677 Y119.504 E0
G1 X104.687 Y119.504 E0
G1 F1010.5 X104.697 Y119.503 E0
G1 F1005.7 X104.707 Y119.503 E0
G1 X104.717 Y119.503 E0
G1 F1000.9 X104.727 Y119.503 E0
G1 F996.2 X104.737 Y119.502 E0
G1 X104.747 Y119.502 E0
G1 F991.5 X104.757 Y119.502 E0
G1 F986.9 X104.767 Y119.501 E0
G1 X104.777 Y119.501 E0
G1 F982.3 X104.787 Y119.501 E0
G1 F977.8 X104.797 Y119.5 E0
G1 X104.807 Y119.5 E0
G1 F973.3 X104.817 Y119.5 E0
G1 F960 X104.831 Y119.497 E0
G1 F942.9 X104.841 Y119.495 E0
G1 F922.3 X104.851 Y119.493 E0
G1 F906.4 X104.861 Y119.491 E0
G1 F887.4 X104.87 Y119.488 E0
G1 F869.1 X104.88 Y119.486 E0
G1 F855.1 X104.89 Y119.484 E0
G1 F838.1 X104.9 Y119.482 E0
G1 F825 X104.909 Y119.479 E0
G1 F809.2 X104.919 Y119.477 E0
G1 F797 X104.929 Y119.475 E0
G1 F782.2 X104.939 Y119.473 E0
G1 F770.8 X104.948 Y119.471 E0
G1 F757 X104.958 Y119.468 E0
G1 F743.7 X104.968 Y119.466 E0
G1 F733.3 X104.978 Y119.464 E0
G1 F720.8 X104.987 Y119.462 E0
G1 F711.1 X104.997 Y119.459 E0
G1 F699.3 X105.007 Y119.457 E0
G1 F690.2 X105.017 Y119.455 E0
G1 F679.1 X105.026 Y119.453 E0
G1 F670.5 X105.036 Y119.451 E0
G1 F660 X105.046 Y119.448 E0
G1 F649.8 X105.056 Y119.446 E0
G1 F641.9 X105.065 Y119.444 E0
G1 F632.3 X105.075 Y119.442 E0
G1 F624.9 X105.085 Y119.439 E0
G1 F615.7 X105.095 Y119.437 E0
G1 F608.6 X105.104 Y119.435 E0
G1 F600 X105.114 Y119.433 E0
G1 F593.3 X105.124 Y119.431 E0
G1 F585 X105.134 Y119.428 E0
G1 F577 X105.143 Y119.426 E0
G1 F570.8 X105.153 Y119.424 E0
G1 F563.2 X105.163 Y119.422 E0
G1 F557.3 X105.173 Y119.419 E0
G1 F552.9 X105.192 Y119.417 E0.00001
G1 F551.4 X105.202 Y119.416 E0
G1 F548.6 X105.212 Y119.416 E0
G1 F547.2 X105.222 Y119.415 E0
G1 F545.7 X105.232 Y119.414 E0
G1 F542.9 X105.242 Y119.414 E0
G1 F541.5 X105.252 Y119.413 E0
G1 F540.2 X105.262 Y119.413 E0
G1 F538.8 X105.272 Y119.412 E0
G1 F536 X105.282 Y119.411 E0
G1 F534.7 X105.292 Y119.411 E0
G1 F533.3 X105.302 Y119.41 E0
G1 F530.7 X105.312 Y119.409 E0
G1 F529.3 X105.322 Y119.409 E0
G1 F528 X114.659 Y119.408 E0.00466
G1 F530.7 X114.668 Y119.409 E0
G1 F536 X114.678 Y119.411 E0.00001
G1 F540.2 X114.688 Y119.413 E0
G1 F545.7 X114.698 Y119.415 E0
G1 F551.4 X114.708 Y119.416 E0
G1 F555.8 X114.718 Y119.418 E0
G1 F561.7 X114.727 Y119.42 E0
G1 F566.2 X114.737 Y119.422 E0
G1 F572.4 X114.747 Y119.423 E0
G1 F578.6 X114.757 Y119.425 E0
G1 F583.4 X114.767 Y119.427 E0
G1 F589.9 X114.777 Y119.429 E0
G1 F594.9 X114.786 Y119.43 E0
G1 F601.7 X114.796 Y119.432 E0
G1 F608.6 X114.806 Y119.434 E0
G1 F614 X114.816 Y119.436 E0
G1 F621.2 X114.826 Y119.437 E0
G1 F626.7 X114.836 Y119.439 E0
G1 F634.2 X114.846 Y119.441 E0
G1 F641.9 X114.855 Y119.443 E0
G1 F647.9 X114.865 Y119.444 E0
G1 F655.9 X114.875 Y119.446 E0
G1 F662.1 X114.885 Y119.448 E0
G1 F670.5 X114.895 Y119.45 E0
G1 F679.1 X114.905 Y119.451 E0
G1 F685.7 X114.914 Y119.453 E0
G1 F694.7 X114.924 Y119.455 E0
G1 F701.7 X114.934 Y119.457 E0
G1 F711.1 X114.944 Y119.458 E0
G1 F720.8 X114.954 Y119.46 E0
G1 F728.3 X114.964 Y119.462 E0
G1 F738.5 X114.973 Y119.464 E0
G1 F746.3 X114.983 Y119.465 E0
G1 F757 X114.993 Y119.467 E0
G1 F768 X115.003 Y119.469 E0
G1 F776.5 X115.013 Y119.471 E0
G1 F788.1 X115.023 Y119.472 E0
G1 F797 X115.033 Y119.474 E0
G1 F809.2 X115.042 Y119.476 E0
G1 F821.8 X115.052 Y119.478 E0
G1 F831.5 X115.062 Y119.479 E0
G1 F844.8 X115.072 Y119.481 E0
G1 F855.1 X115.082 Y119.483 E0
G1 F869.1 X115.092 Y119.485 E0
G1 F883.7 X115.101 Y119.486 E0
G1 F894.9 X115.111 Y119.488 E0
G1 F910.3 X115.121 Y119.49 E0
G1 F922.3 X115.131 Y119.492 E0
G1 F938.7 X115.141 Y119.493 E0
G1 F955.7 X115.151 Y119.495 E0
G1 F964.4 X115.179 Y119.498 E0.00001
G1 F973.3 X115.199 Y119.499 E0.00001
G1 F977.8 X115.219 Y119.5 E0.00001
G1 F986.9 X115.239 Y119.501 E0.00001
G1 F991.5 X115.259 Y119.502 E0.00001
G1 F1000.9 X115.279 Y119.503 E0.00001
G1 F1005.7 X115.286 Y119.503 E0
G1 X115.296 Y119.503 E0
G1 F1010.5 X115.306 Y119.503 E0
G1 X115.316 Y119.503 E0
G1 X115.326 Y119.504 E0
G1 F1015.4 X115.336 Y119.504 E0
G1 X115.346 Y119.504 E0
G1 F1020.3 X115.356 Y119.504 E0
G1 X115.366 Y119.504 E0
G1 F1025.2 X115.376 Y119.505 E0
G1 X115.386 Y119.505 E0
G1 X115.396 Y119.505 E0
G1 F1030.2 X115.406 Y119.505 E0
G1 X115.416 Y119.505 E0
G1 F1035.3 X115.426 Y119.506 E0
G1 X115.436 Y119.506 E0
G1 F1040.4 X115.446 Y119.506 E0
G1 X115.456 Y119.506 E0
G1 X115.466 Y119.506 E0
G1 F1045.5 X115.476 Y119.507 E0
G1 X115.486 Y119.507 E0
G1 F1050.7 X115.496 Y119.507 E0
G1 X115.506 Y119.507 E0
G1 F1056 X115.516 Y119.507 E0
G1 X115.526 Y119.508 E0
G1 X115.536 Y119.508 E0
G1 F1061.3 X115.546 Y119.508 E0
G1 X115.556 Y119.508 E0
G1 F1066.7 X115.566 Y119.509 E0
G1 X115.576 Y119.509 E0
G1 F1072.1 X115.586 Y119.509 E0
G1 X115.596 Y119.509 E0
G1 F1077.6 X115.606 Y119.509 E0
G1 X115.616 Y119.51 E0
G1 X115.626 Y119.51 E0
G1 F1083.1 X115.636 Y119.51 E0
G1 X115.646 Y119.51 E0
G1 F1088.7 X115.656 Y119.51 E0
G1 X115.666 Y119.511 E0
G1 F1094.3 X115.676 Y119.511 E0
G1 X115.686 Y119.511 E0
G1 X115.696 Y119.511 E0
G1 F1100 X115.706 Y119.511 E0
G1 X115.716 Y119.512 E0
G1 F1105.8 X115.726 Y119.512 E0
G1 X115.736 Y119.512 E0
G1 F1111.6 X115.746 Y119.512 E0
G1 X115.756 Y119.512 E0
G1 X115.766 Y119.513 E0
G1 F1117.5 X115.776 Y119.513 E0
G1 X115.786 Y119.513 E0
G1 F1123.4 X115.796 Y119.513 E0
G1 X115.806 Y119.513 E0
G1 F1129.4 X115.816 Y119.514 E0
G1 X115.826 Y119.514 E0
G1 X115.836 Y119.514 E0
G1 F1135.5 X115.846 Y119.514 E0
G1 X115.856 Y119.515 E0
G1 X115.972 Y119.515 E0.00003
G1 X115.988 Y119.515 E0
G1 X116.004 Y119.515 E0
G1 F1129.4 X116.02 Y119.515 E0
G1 X116.036 Y119.514 E0
G1 F1123.4 X116.052 Y119.514 E0
G1 X116.068 Y119.514 E0
G1 F1117.5 X116.084 Y119.514 E0
G1 X116.1 Y119.513 E0
G1 F1111.6 X116.116 Y119.513 E0
G1 X116.132 Y119.513 E0
G1 F1105.8 X116.148 Y119.513 E0
G1 X116.164 Y119.512 E0
G1 F1100 X116.18 Y119.512 E0
G1 X116.196 Y119.512 E0
G1 F1094.3 X116.212 Y119.512 E0
G1 X116.228 Y119.511 E0
G1 F1088.7 X116.244 Y119.511 E0
G1 X116.26 Y119.511 E0
G1 F1083.1 X116.276 Y119.511 E0
G1 X116.292 Y119.51 E0
G1 F1077.6 X116.308 Y119.51 E0
G1 X116.324 Y119.51 E0
G1 F1072.1 X116.34 Y119.51 E0
G1 X116.356 Y119.509 E0
G1 F1066.7 X116.378 Y119.509 E0.00001
G1 F1061.3 X116.4 Y119.509 E0.00001
G1 F1056 X116.422 Y119.508 E0.00001
G1 F1050.7 X116.444 Y119.508 E0.00001
G1 F1040.4 X116.466 Y119.507 E0.00001
G1 F1035.3 X116.488 Y119.507 E0.00001
G1 F1030.2 X116.51 Y119.506 E0.00001
G1 F1025.2 X116.532 Y119.506 E0.00001
G1 F1020.3 X116.546 Y119.505 E0
G1 F1015.4 X116.559 Y119.504 E0
G1 F1010.5 X116.572 Y119.504 E0
G1 F1005.7 X116.585 Y119.503 E0
G1 F1000.9 X116.598 Y119.503 E0
G1 F996.2 X116.611 Y119.502 E0
G1 F991.5 X116.624 Y119.502 E0
G1 F986.9 X116.637 Y119.501 E0
G1 X116.65 Y119.501 E0
G1 F982.3 X116.663 Y119.5 E0
G1 F977.8 X116.676 Y119.5 E0
G1 F973.3 X116.689 Y119.499 E0
G1 F968.8 X116.702 Y119.499 E0
G1 F964.4 X116.715 Y119.498 E0
G1 F960 X116.728 Y119.498 E0
G1 F955.7 X116.741 Y119.497 E0
G1 F947.1 X116.748 Y119.496 E0
G1 F930.4 X116.758 Y119.494 E0
G1 F914.3 X116.768 Y119.492 E0
G1 F898.7 X116.778 Y119.49 E0
G1 F883.7 X116.788 Y119.488 E0
G1 F869.1 X116.797 Y119.486 E0
G1 F855.1 X116.807 Y119.484 E0
G1 F841.4 X116.817 Y119.482 E0
G1 F828.2 X116.827 Y119.48 E0
G1 F815.4 X116.837 Y119.478 E0
G1 F803 X116.846 Y119.476 E0
G1 F791 X116.856 Y119.474 E0
G1 F779.3 X116.866 Y119.472 E0
G1 F768 X116.876 Y119.47 E0
G1 F757 X116.886 Y119.468 E0
G1 F746.3 X116.895 Y119.466 E0
G1 F735.9 X116.905 Y119.464 E0
G1 F725.8 X116.915 Y119.462 E0
G1 F715.9 X116.925 Y119.46 E0
G1 F706.4 X116.935 Y119.458 E0
G1 F697 X116.944 Y119.456 E0
G1 F687.9 X116.954 Y119.454 E0
G1 F679.1 X116.964 Y119.452 E0
G1 F672.6 X116.974 Y119.45 E0
G1 F664.2 X116.984 Y119.448 E0
G1 F655.9 X116.993 Y119.446 E0
G1 F647.9 X117.003 Y119.444 E0
G1 F640 X117.013 Y119.442 E0
G1 F632.3 X117.023 Y119.44 E0
G1 F624.9 X117.033 Y119.438 E0
G1 F617.5 X117.042 Y119.436 E0
G1 F610.4 X117.052 Y119.434 E0
G1 F603.4 X117.062 Y119.432 E0
G1 F596.6 X117.072 Y119.43 E0
G1 F589.9 X117.082 Y119.428 E0
G1 F583.4 X117.091 Y119.426 E0
G1 F577 X117.101 Y119.424 E0
G1 F570.8 X117.111 Y119.422 E0
G1 F564.7 X117.121 Y119.42 E0
G1 F558.7 X117.131 Y119.418 E0
G1 F552.9 X117.14 Y119.416 E0
G1 F547.2 X117.15 Y119.414 E0
G1 F541.5 X117.16 Y119.412 E0
G1 F536 X117.17 Y119.41 E0.00001
G1 F530.7 X117.18 Y119.408 E0.00001
G1 F528 X126.209 Y119.408 E0.0045
G1 F529.3 X126.218 Y119.408 E0
G1 F530.7 X126.228 Y119.409 E0
G1 F533.3 X126.238 Y119.409 E0
G1 F534.7 X126.248 Y119.41 E0
G1 F536 X126.258 Y119.411 E0
G1 F538.8 X126.268 Y119.411 E0
G1 F540.2 X126.278 Y119.412 E0
G1 F541.5 X126.288 Y119.413 E0
G1 F542.9 X126.298 Y119.413 E0
G1 F545.7 X126.308 Y119.414 E0
G1 F547.2 X126.318 Y119.414 E0
G1 F548.6 X126.328 Y119.415 E0
G1 F550 X126.338 Y119.416 E0
G1 F552.9 X126.348 Y119.416 E0
G1 F554.3 X126.358 Y119.417 E0
G1 F555.8 X126.368 Y119.418 E0
G1 F558.7 X126.378 Y119.418 E0
G1 F560.2 X126.388 Y119.419 E0
G1 F561.7 X126.398 Y119.419 E0
G1 F563.2 X126.408 Y119.42 E0
G1 F566.2 X126.418 Y119.421 E0
G1 F567.7 X126.428 Y119.421 E0
G1 F569.3 X126.438 Y119.422 E0
G1 F572.4 X126.448 Y119.423 E0
G1 F573.9 X126.458 Y119.423 E0
G1 F575.5 X126.468 Y119.424 E0
G1 F577 X126.478 Y119.424 E0
G1 F580.2 X126.488 Y119.425 E0
G1 F581.8 X126.498 Y119.426 E0
G1 F583.4 X126.508 Y119.426 E0
G1 F586.7 X126.518 Y119.427 E0
G1 F588.3 X126.528 Y119.428 E0
G1 F589.9 X126.538 Y119.428 E0
G1 F591.6 X126.548 Y119.429 E0
G1 F594.9 X126.558 Y119.43 E0
G1 F596.6 X126.568 Y119.43 E0
G1 F598.3 X126.578 Y119.431 E0
G1 F600 X126.588 Y119.431 E0
G1 F603.4 X126.598 Y119.432 E0
G1 F605.2 X126.608 Y119.433 E0
G1 F606.9 X126.618 Y119.433 E0
G1 F610.4 X126.628 Y119.434 E0
G1 F612.2 X126.638 Y119.435 E0
G1 F614 X126.648 Y119.435 E0
G1 F615.7 X126.658 Y119.436 E0
G1 F619.4 X126.668 Y119.436 E0
G1 F621.2 X126.678 Y119.437 E0
G1 F623 X126.688 Y119.438 E0
G1 F626.7 X126.698 Y119.438 E0
G1 F628.6 X126.708 Y119.439 E0
G1 F630.4 X126.718 Y119.44 E0
G1 F632.3 X126.728 Y119.44 E0
G1 F636.1 X126.738 Y119.441 E0
G1 F638.1 X126.748 Y119.441 E0
G1 F640 X126.758 Y119.442 E0
G1 F643.9 X126.768 Y119.443 E0
G1 F645.9 X126.778 Y119.443 E0
G1 F647.9 X126.788 Y119.444 E0
G1 F649.8 X126.798 Y119.445 E0
G1 F653.9 X126.808 Y119.445 E0
G1 F655.9 X126.818 Y119.446 E0
G1 F657.9 X126.828 Y119.447 E0
G1 F660 X126.838 Y119.447 E0
G1 F664.2 X126.848 Y119.448 E0
G1 F666.2 X126.858 Y119.448 E0
G1 F668.4 X126.868 Y119.449 E0
G1 F672.6 X126.878 Y119.45 E0
G1 F674.8 X126.888 Y119.45 E0
G1 F681.3 X126.9 Y119.453 E0
G1 F690.2 X126.91 Y119.455 E0
G1 F701.7 X126.92 Y119.457 E0
G1 F713.5 X126.93 Y119.459 E0
G1 F723.3 X126.939 Y119.462 E0
G1 F735.9 X126.949 Y119.464 E0
G1 F748.9 X126.959 Y119.466 E0
G1 F759.7 X126.969 Y119.468 E0
G1 F773.6 X126.978 Y119.47 E0
G1 F785.1 X126.988 Y119.473 E0
G1 F800 X126.998 Y119.475 E0
G1 F815.4 X127.008 Y119.477 E0
G1 F828.2 X127.018 Y119.479 E0
G1 F844.8 X127.027 Y119.481 E0
G1 F858.5 X127.037 Y119.484 E0
G1 F876.3 X127.047 Y119.486 E0
G1 F894.9 X127.057 Y119.488 E0
G1 F910.3 X127.066 Y119.49 E0
G1 F930.4 X127.076 Y119.493 E0
G1 F951.4 X127.086 Y119.495 E0
G1 F968.8 X127.096 Y119.497 E0
G1 F982.3 X127.113 Y119.499 E0
G1 X127.123 Y119.499 E0
G1 F986.9 X127.133 Y119.499 E0
G1 X127.143 Y119.499 E0
G1 F991.5 X127.153 Y119.5 E0
G1 X127.163 Y119.5 E0
G1 F996.2 X127.173 Y119.5 E0
G1 X127.183 Y119.5 E0
G1 X127.193 Y119.501 E0
G1 F1000.9 X127.203 Y119.501 E0
G1 X127.213 Y119.501 E0
G1 F1005.7 X127.223 Y119.501 E0
G1 X127.233 Y119.502 E0
G1 F1010.5 X127.243 Y119.502 E0
G1 X127.253 Y119.502 E0
G1 F1015.4 X127.263 Y119.502 E0
G1 X127.273 Y119.503 E0
G1 F1020.3 X127.283 Y119.503 E0
G1 X127.293 Y119.503 E0
G1 F1025.2 X127.303 Y119.503 E0
G1 X127.313 Y119.504 E0
G1 F1030.2 X127.323 Y119.504 E0
G1 X127.333 Y119.504 E0
G1 F1035.3 X127.343 Y119.504 E0
G1 X127.353 Y119.505 E0
G1 X127.363 Y119.505 E0
G1 F1040.4 X127.373 Y119.505 E0
G1 X127.383 Y119.505 E0
G1 F1045.5 X127.393 Y119.506 E0
G1 X127.403 Y119.506 E0
G1 F1050.7 X127.413 Y119.506 E0
G1 X127.423 Y119.506 E0
G1 F1056 X127.433 Y119.507 E0
G1 X127.443 Y119.507 E0
G1 F1061.3 X127.453 Y119.507 E0
G1 X127.463 Y119.507 E0
G1 F1066.7 X127.473 Y119.508 E0
G1 X127.483 Y119.508 E0
G1 F1072.1 X127.493 Y119.508 E0
G1 X127.503 Y119.508 E0
G1 X127.513 Y119.509 E0
G1 F1077.6 X127.523 Y119.509 E0
G1 X127.533 Y119.509 E0
G1 F1083.1 X127.543 Y119.509 E0
G1 X127.553 Y119.51 E0
G1 F1088.7 X127.563 Y119.51 E0
G1 X127.573 Y119.51 E0
G1 F1094.3 X127.583 Y119.51 E0
G1 X127.593 Y119.511 E0
G1 F1100 X127.603 Y119.511 E0
G1 X127.613 Y119.511 E0
G1 F1105.8 X127.623 Y119.511 E0
G1 X127.633 Y119.512 E0
G1 F1111.6 X127.643 Y119.512 E0
G1 X127.653 Y119.512 E0
G1 F1117.5 X127.663 Y119.512 E0
G1 X127.673 Y119.513 E0
G1 X127.683 Y119.513 E0
G1 F1123.4 X127.693 Y119.513 E0
G1 X127.703 Y119.513 E0
G1 F1129.4 X127.713 Y119.514 E0
G1 X127.723 Y119.514 E0
G1 F1135.5 X127.733 Y119.514 E0
G1 X127.743 Y119.514 E0
G1 X127.82 Y119.515 E0.00002
G1 F1129.4 X127.914 Y119.515 E0.00002
G1 F1123.4 X128.008 Y119.514 E0.00002
G1 F1117.5 X128.018 Y119.514 E0
G1 X128.028 Y119.514 E0
G1 F1111.6 X128.038 Y119.514 E0
G1 X128.048 Y119.513 E0
G1 F1105.8 X128.058 Y119.513 E0
G1 X128.068 Y119.513 E0
G1 F1100 X128.078 Y119.513 E0
G1 X128.088 Y119.512 E0
G1 F1094.3 X128.098 Y119.512 E0
G1 X128.108 Y119.512 E0
G1 F1088.7 X128.118 Y119.512 E0
G1 X128.128 Y119.511 E0
G1 F1083.1 X128.138 Y119.511 E0
G1 X128.148 Y119.511 E0
G1 F1077.6 X128.158 Y119.511 E0
G1 X128.168 Y119.51 E0
G1 F1072.1 X128.178 Y119.51 E0
G1 X128.188 Y119.51 E0
G1 F1066.7 X128.198 Y119.51 E0
G1 X128.208 Y119.509 E0
G1 F1061.3 X128.218 Y119.509 E0
G1 X128.228 Y119.509 E0
G1 F1056 X128.238 Y119.509 E0
G1 X128.248 Y119.508 E0
G1 F1050.7 X128.258 Y119.508 E0
G1 X128.268 Y119.508 E0
G1 X128.278 Y119.508 E0
G1 F1045.5 X128.288 Y119.507 E0
G1 X128.298 Y119.507 E0
G1 F1040.4 X128.308 Y119.507 E0
G1 X128.318 Y119.507 E0
G1 F1035.3 X128.328 Y119.506 E0
G1 X128.338 Y119.506 E0
G1 F1030.2 X128.348 Y119.506 E0
G1 X128.358 Y119.506 E0
G1 F1025.2 X128.368 Y119.505 E0
G1 X128.378 Y119.505 E0
G1 F1020.3 X128.388 Y119.505 E0
G1 X128.398 Y119.505 E0
G1 F1015.4 X128.408 Y119.504 E0
G1 X128.418 Y119.504 E0
G1 F1010.5 X128.428 Y119.504 E0
G1 X128.438 Y119.504 E0
G1 F1005.7 X128.448 Y119.503 E0
G1 X128.458 Y119.503 E0
G1 F1000.9 X128.468 Y119.503 E0
G1 X128.478 Y119.503 E0
G1 F996.2 X128.488 Y119.502 E0
G1 X128.498 Y119.502 E0
G1 F991.5 X128.508 Y119.502 E0
G1 X128.518 Y119.502 E0
G1 F977.8 X128.534 Y119.499 E0
G1 F960 X128.544 Y119.497 E0
G1 F938.7 X128.554 Y119.495 E0
G1 F922.3 X128.563 Y119.493 E0
G1 F906.4 X128.573 Y119.491 E0
G1 F887.4 X128.583 Y119.489 E0
G1 F872.7 X128.593 Y119.486 E0
G1 F855.1 X128.602 Y119.484 E0
G1 F841.4 X128.612 Y119.482 E0
G1 F825 X128.622 Y119.48 E0
G1 F809.2 X128.631 Y119.477 E0
G1 F797 X128.641 Y119.475 E0
G1 F782.2 X128.651 Y119.473 E0
G1 F768 X128.661 Y119.47 E0
G1 F757 X128.67 Y119.468 E0
G1 F743.7 X128.68 Y119.466 E0
G1 F730.8 X128.69 Y119.464 E0
G1 F720.8 X128.7 Y119.461 E0
G1 F708.7 X128.709 Y119.459 E0
G1 F699.3 X128.719 Y119.457 E0
G1 F687.9 X128.729 Y119.454 E0
G1 F676.9 X128.739 Y119.452 E0
G1 F668.4 X128.748 Y119.45 E0
G1 F657.9 X128.758 Y119.448 E0
G1 F647.9 X128.768 Y119.445 E0
G1 F640 X128.778 Y119.443 E0
G1 F634.2 X128.789 Y119.442 E0
G1 F632.3 X128.799 Y119.442 E0
G1 F630.4 X128.809 Y119.441 E0
G1 F628.6 X128.819 Y119.441 E0
G1 F626.7 X128.829 Y119.44 E0
G1 X128.839 Y119.44 E0
G1 F624.9 X128.849 Y119.439 E0
G1 F623 X128.859 Y119.439 E0
G1 F621.2 X128.869 Y119.438 E0
G1 F619.4 X128.879 Y119.438 E0
G1 F617.5 X128.889 Y119.438 E0
G1 F615.7 X128.899 Y119.437 E0
G1 F614 X128.909 Y119.437 E0
G1 F612.2 X128.919 Y119.436 E0
G1 F610.4 X128.929 Y119.436 E0
G1 F608.6 X128.939 Y119.435 E0
G1 X128.949 Y119.435 E0
G1 F606.9 X128.959 Y119.434 E0
G1 F605.2 X128.969 Y119.434 E0
G1 F603.4 X128.979 Y119.433 E0
G1 F601.7 X128.989 Y119.433 E0
G1 F600 X128.999 Y119.433 E0
G1 F598.3 X129.009 Y119.432 E0
G1 F596.6 X129.019 Y119.432 E0
G1 F594.9 X129.029 Y119.431 E0
G1 F593.3 X129.039 Y119.431 E0
G1 X129.049 Y119.43 E0
G1 F591.6 X129.059 Y119.43 E0
G1 F589.9 X129.069 Y119.429 E0
G1 F588.3 X129.079 Y119.429 E0
G1 F586.7 X129.089 Y119.428 E0
G1 F585 X129.099 Y119.428 E0
G1 F583.4 X129.109 Y119.428 E0
G1 F581.8 X129.119 Y119.427 E0
G1 F580.2 X129.129 Y119.427 E0
G1 F578.6 X129.139 Y119.426 E0
G1 F577 X129.149 Y119.426 E0
G1 X129.159 Y119.425 E0
G1 F575.5 X129.169 Y119.425 E0
G1 F573.9 X129.179 Y119.424 E0
G1 F572.4 X129.189 Y119.424 E0
G1 F570.8 X129.199 Y119.423 E0
G1 F569.3 X129.209 Y119.423 E0
G1 F567.7 X129.219 Y119.423 E0
G1 F566.2 X129.229 Y119.422 E0
G1 F564.7 X129.239 Y119.422 E0
G1 F563.2 X129.249 Y119.421 E0
G1 F561.7 X129.259 Y119.421 E0
G1 X129.269 Y119.42 E0
G1 F560.2 X129.279 Y119.42 E0
G1 F558.7 X129.289 Y119.419 E0
G1 F557.3 X129.299 Y119.419 E0
G1 F555.8 X129.309 Y119.418 E0
G1 F554.3 X129.319 Y119.418 E0
G1 F552.9 X129.329 Y119.418 E0
G1 F551.4 X129.339 Y119.417 E0
G1 F550 X129.349 Y119.417 E0
G1 F548.6 X129.359 Y119.416 E0
G1 X129.369 Y119.416 E0
G1 F547.2 X129.379 Y119.415 E0
G1 F545.7 X129.389 Y119.415 E0
G1 F544.3 X129.399 Y119.414 E0
G1 F542.9 X129.409 Y119.414 E0
G1 F541.5 X129.419 Y119.413 E0
G1 F540.2 X129.429 Y119.413 E0
G1 F538.8 X129.439 Y119.413 E0
G1 F537.4 X129.449 Y119.412 E0
G1 F536 X129.459 Y119.412 E0
G1 F534.7 X129.469 Y119.411 E0
G1 X129.479 Y119.411 E0
G1 F533.3 X129.489 Y119.41 E0
G1 F532 X129.499 Y119.41 E0
G1 F530.7 X129.509 Y119.409 E0
G1 F529.3 X129.519 Y119.409 E0
G1 F528 X131.908 Y119.408 E0.00119
G1 X131.908 Y117.76 E0.00082
G1 X129.999 Y118.863 E0.0011
G1 X129.645 Y119.042 E0.0002
G1 X129.468 Y119.117 E0.0001
G1 F529.3 X129.459 Y119.119 E0
G1 F530.7 X129.449 Y119.122 E0.00001
G1 F532 X129.439 Y119.124 E0.00001
G1 F533.3 X129.43 Y119.127 E0
G1 F534.7 X129.42 Y119.129 E0.00001
G1 F536 X129.41 Y119.132 E0.00001
G1 F537.4 X129.401 Y119.134 E0
G1 X129.391 Y119.137 E0.00001
G1 F538.8 X129.381 Y119.139 E0
G1 F540.2 X129.372 Y119.142 E0
G1 F541.5 X129.362 Y119.144 E0
G1 F542.9 X129.352 Y119.147 E0.00001
G1 F544.3 X129.343 Y119.149 E0
G1 F545.7 X129.333 Y119.152 E0.00001
G1 F547.2 X129.323 Y119.154 E0
G1 F548.6 X129.314 Y119.157 E0
G1 F550 X129.304 Y119.159 E0
G1 F551.4 X129.294 Y119.162 E0
G1 F552.9 X129.285 Y119.165 E0
G1 F554.3 X129.275 Y119.167 E0
G1 F555.8 X129.265 Y119.17 E0
G1 F557.3 X129.255 Y119.172 E0
G1 X129.246 Y119.175 E0
G1 F558.7 X129.236 Y119.177 E0
G1 F560.2 X129.226 Y119.18 E0
G1 F561.7 X129.217 Y119.182 E0
G1 F563.2 X129.207 Y119.185 E0
G1 F564.7 X129.197 Y119.187 E0
G1 F566.2 X129.188 Y119.19 E0
G1 F567.7 X129.178 Y119.192 E0
G1 F569.3 X129.168 Y119.195 E0
G1 F570.8 X129.159 Y119.197 E0
G1 F572.4 X129.149 Y119.2 E0
G1 F573.9 X129.139 Y119.202 E0
G1 F575.5 X129.13 Y119.205 E0
G1 F577 X129.12 Y119.207 E0
G1 X129.11 Y119.21 E0
G1 F578.6 X129.101 Y119.213 E0
G1 F580.2 X129.091 Y119.215 E0
G1 F581.8 X129.081 Y119.218 E0
G1 F583.4 X129.072 Y119.22 E0
G1 F585 X129.062 Y119.223 E0
G1 F586.7 X129.052 Y119.225 E0
G1 F588.3 X129.042 Y119.228 E0
G1 F589.9 X129.033 Y119.23 E0
G1 F591.6 X129.023 Y119.233 E0
G1 F593.3 X129.013 Y119.235 E0
G1 F594.9 X129.004 Y119.238 E0
G1 F596.6 X128.994 Y119.24 E0
G1 F598.3 X128.984 Y119.243 E0
G1 X128.975 Y119.245 E0
G1 F600 X128.965 Y119.248 E0
G1 F601.7 X128.955 Y119.25 E0
G1 F603.4 X128.946 Y119.253 E0
G1 F605.2 X128.936 Y119.256 E0
G1 F606.9 X128.926 Y119.258 E0
G1 F608.6 X128.917 Y119.261 E0
G1 F610.4 X128.907 Y119.263 E0
G1 F612.2 X128.897 Y119.266 E0
G1 F614 X128.888 Y119.268 E0
G1 F615.7 X128.878 Y119.271 E0
G1 F617.5 X128.868 Y119.273 E0
G1 F619.4 X128.859 Y119.276 E0
G1 F621.2 X128.849 Y119.278 E0
G1 F623 X128.839 Y119.281 E0
G1 X128.829 Y119.283 E0
G1 F624.9 X128.82 Y119.286 E0
G1 F626.7 X128.81 Y119.288 E0
G1 F628.6 X128.8 Y119.291 E0
G1 F630.4 X128.791 Y119.293 E0
G1 F632.3 X128.781 Y119.296 E0
G1 F634.2 X128.771 Y119.298 E0
G1 F640 X128.757 Y119.3 E0.00001
G1 F647.9 X128.747 Y119.3 E0
G1 F657.9 X128.737 Y119.299 E0
G1 F668.4 X128.727 Y119.299 E0
G1 F676.9 X128.717 Y119.298 E0
G1 F687.9 X128.707 Y119.298 E0
G1 F699.3 X128.697 Y119.298 E0
G1 F708.7 X128.687 Y119.297 E0
G1 F720.8 X128.677 Y119.297 E0
G1 F730.8 X128.667 Y119.296 E0
G1 F743.7 X128.657 Y119.296 E0
G1 F757 X128.647 Y119.295 E0
G1 F768 X128.637 Y119.295 E0
G1 F782.2 X128.627 Y119.295 E0
G1 F797 X128.617 Y119.294 E0
G1 F809.2 X128.607 Y119.294 E0
G1 F825 X128.597 Y119.293 E0
G1 F841.4 X128.587 Y119.293 E0
G1 F855.1 X128.577 Y119.293 E0
G1 F872.7 X128.564 Y119.292 E0
G1 F891.1 X128.553 Y119.292 E0
G1 F910.3 X128.542 Y119.292 E0
G1 F934.5 X128.531 Y119.291 E0
G1 F955.7 X128.52 Y119.291 E0
G1 F977.8 X128.509 Y119.291 E0
G1 F991.5 X128.498 Y119.29 E0
G1 X128.488 Y119.291 E0
G1 F996.2 X128.478 Y119.292 E0
G1 X128.468 Y119.292 E0
G1 F1000.9 X128.458 Y119.293 E0
G1 X128.448 Y119.294 E0
G1 F1005.7 X128.438 Y119.295 E0
G1 X128.428 Y119.295 E0
G1 F1010.5 X128.418 Y119.296 E0
G1 X128.408 Y119.297 E0
G1 F1015.4 X128.398 Y119.297 E0
G1 X128.388 Y119.298 E0
G1 F1020.3 X128.378 Y119.299 E0
G1 X128.368 Y119.3 E0
G1 F1025.2 X128.358 Y119.3 E0
G1 X128.348 Y119.301 E0
G1 F1030.2 X128.338 Y119.302 E0
G1 X128.328 Y119.302 E0
G1 F1035.3 X128.318 Y119.303 E0
G1 X128.308 Y119.304 E0
G1 F1040.4 X128.298 Y119.305 E0
G1 X128.288 Y119.305 E0
G1 F1045.5 X128.278 Y119.306 E0
G1 X128.268 Y119.307 E0
G1 F1050.7 X128.258 Y119.307 E0
G1 X128.248 Y119.308 E0
G1 F1056 X128.238 Y119.309 E0
G1 X128.228 Y119.31 E0
G1 F1061.3 X128.218 Y119.31 E0
G1 X128.208 Y119.311 E0
G1 F1066.7 X128.198 Y119.312 E0
G1 X128.188 Y119.312 E0
G1 F1072.1 X128.178 Y119.313 E0
G1 X128.168 Y119.314 E0
G1 F1077.6 X128.158 Y119.315 E0
G1 X128.148 Y119.315 E0
G1 F1083.1 X128.138 Y119.316 E0
G1 X128.128 Y119.317 E0
G1 F1088.7 X128.118 Y119.317 E0
G1 X128.108 Y119.318 E0
G1 F1094.3 X128.098 Y119.319 E0
G1 X128.088 Y119.32 E0
G1 F1100 X128.078 Y119.32 E0
G1 X128.068 Y119.321 E0
G1 F1105.8 X128.058 Y119.322 E0
G1 X128.048 Y119.322 E0
G1 F1111.6 X128.038 Y119.323 E0
G1 X128.028 Y119.324 E0
G1 F1117.5 X128.018 Y119.325 E0
G1 X128.008 Y119.325 E0
G1 F1123.4 X127.912 Y119.327 E0.00002
G1 F1129.4 X127.818 Y119.329 E0.00002
G1 F1135.5 X127.748 Y119.329 E0.00002
G1 X127.739 Y119.329 E0
G1 X127.729 Y119.328 E0
G1 F1129.4 X127.719 Y119.327 E0
G1 X127.709 Y119.327 E0
G1 F1123.4 X127.699 Y119.326 E0
G1 X127.689 Y119.325 E0
G1 F1117.5 X127.679 Y119.325 E0
G1 X127.669 Y119.324 E0
G1 F1111.6 X127.659 Y119.323 E0
G1 X127.649 Y119.322 E0
G1 F1105.8 X127.639 Y119.322 E0
G1 X127.629 Y119.321 E0
G1 F1100 X127.619 Y119.32 E0
G1 X127.609 Y119.32 E0
G1 F1094.3 X127.599 Y119.319 E0
G1 X127.589 Y119.318 E0
G1 X127.579 Y119.318 E0
G1 F1088.7 X127.569 Y119.317 E0
G1 X127.559 Y119.316 E0
G1 F1083.1 X127.549 Y119.315 E0
G1 X127.539 Y119.315 E0
G1 F1077.6 X127.529 Y119.314 E0
G1 X127.519 Y119.313 E0
G1 F1072.1 X127.509 Y119.313 E0
G1 X127.499 Y119.312 E0
G1 F1066.7 X127.489 Y119.311 E0
G1 X127.479 Y119.311 E0
G1 F1061.3 X127.469 Y119.31 E0
G1 X127.459 Y119.309 E0
G1 F1056 X127.449 Y119.308 E0
G1 X127.439 Y119.308 E0
G1 F1050.7 X127.43 Y119.307 E0
G1 X127.42 Y119.306 E0
G1 F1045.5 X127.41 Y119.306 E0
G1 X127.4 Y119.305 E0
G1 F1040.4 X127.39 Y119.304 E0
G1 X127.38 Y119.304 E0
G1 F1035.3 X127.37 Y119.303 E0
G1 X127.36 Y119.302 E0
G1 F1030.2 X127.35 Y119.301 E0
G1 X127.34 Y119.301 E0
G1 F1025.2 X127.33 Y119.3 E0
G1 X127.32 Y119.299 E0
G1 F1020.3 X127.31 Y119.299 E0
G1 X127.3 Y119.298 E0
G1 F1015.4 X127.29 Y119.297 E0
G1 X127.28 Y119.297 E0
G1 X127.27 Y119.296 E0
G1 F1010.5 X127.26 Y119.295 E0
G1 X127.25 Y119.294 E0
G1 F1005.7 X127.24 Y119.294 E0
G1 X127.23 Y119.293 E0
G1 F1000.9 X127.22 Y119.292 E0
G1 X127.21 Y119.292 E0
G1 F996.2 X127.2 Y119.291 E0
G1 X127.19 Y119.29 E0
G1 F991.5 X127.18 Y119.289 E0
G1 X127.17 Y119.289 E0
G1 F986.9 X127.16 Y119.288 E0
G1 X127.15 Y119.287 E0
G1 F982.3 X127.14 Y119.287 E0
G1 X127.13 Y119.286 E0
G1 F968.8 X127.113 Y119.285 E0
G1 F951.4 X127.103 Y119.285 E0
G1 F930.4 X127.093 Y119.286 E0
G1 F910.3 X127.083 Y119.286 E0
G1 F894.9 X127.073 Y119.286 E0
G1 F876.3 X127.063 Y119.287 E0
G1 F858.5 X127.053 Y119.287 E0
G1 F844.8 X127.043 Y119.287 E0
G1 F828.2 X127.033 Y119.288 E0
G1 F815.4 X127.023 Y119.288 E0
G1 F800 X127.013 Y119.289 E0
G1 F785.1 X127.003 Y119.289 E0
G1 F773.6 X126.993 Y119.289 E0
G1 F759.7 X126.983 Y119.29 E0
G1 F748.9 X126.973 Y119.29 E0
G1 F735.9 X126.963 Y119.29 E0
G1 F723.3 X126.953 Y119.291 E0
G1 F713.5 X126.943 Y119.291 E0
G1 F701.7 X126.933 Y119.292 E0
G1 F690.2 X126.923 Y119.292 E0
G1 F681.3 X126.913 Y119.292 E0
G1 F674.8 X126.897 Y119.291 E0.00001
G1 F672.6 X126.887 Y119.289 E0
G1 F668.4 X126.877 Y119.287 E0
G1 F666.2 X126.868 Y119.285 E0
G1 F664.2 X126.858 Y119.282 E0
G1 F660 X126.848 Y119.28 E0
G1 F657.9 X126.838 Y119.278 E0
G1 F655.9 X126.829 Y119.276 E0
G1 F651.9 X126.819 Y119.274 E0
G1 F649.8 X126.809 Y119.271 E0
G1 F647.9 X126.799 Y119.269 E0
G1 F643.9 X126.79 Y119.267 E0
G1 F641.9 X126.78 Y119.265 E0
G1 F640 X126.77 Y119.262 E0
G1 F636.1 X126.76 Y119.26 E0
G1 F634.2 X126.751 Y119.258 E0
G1 F632.3 X126.741 Y119.256 E0
G1 F628.6 X126.731 Y119.254 E0
G1 F626.7 X126.721 Y119.251 E0
G1 F624.9 X126.712 Y119.249 E0
G1 F621.2 X126.702 Y119.247 E0
G1 F619.4 X126.692 Y119.245 E0
G1 F617.5 X126.682 Y119.243 E0
G1 F615.7 X126.673 Y119.24 E0
G1 F612.2 X126.663 Y119.238 E0
G1 F610.4 X126.653 Y119.236 E0
G1 F608.6 X126.643 Y119.234 E0
G1 F605.2 X126.634 Y119.231 E0
G1 F603.4 X126.624 Y119.229 E0
G1 F601.7 X126.614 Y119.227 E0
G1 F598.3 X126.604 Y119.225 E0
G1 F596.6 X126.595 Y119.223 E0
G1 F594.9 X126.585 Y119.22 E0
G1 F591.6 X126.575 Y119.218 E0
G1 F589.9 X126.565 Y119.216 E0
G1 F588.3 X126.556 Y119.214 E0
G1 F585 X126.546 Y119.211 E0
G1 F583.4 X126.536 Y119.209 E0
G1 F581.8 X126.526 Y119.207 E0
G1 F578.6 X126.517 Y119.205 E0
G1 F577 X126.507 Y119.203 E0
G1 F575.5 X126.497 Y119.2 E0
G1 F572.4 X126.488 Y119.198 E0
G1 F570.8 X126.478 Y119.196 E0
G1 F569.3 X126.468 Y119.194 E0
G1 F567.7 X126.458 Y119.192 E0
G1 F564.7 X126.449 Y119.189 E0
G1 F563.2 X126.439 Y119.187 E0
G1 F561.7 X126.429 Y119.185 E0
G1 F558.7 X126.419 Y119.183 E0
G1 F557.3 X126.41 Y119.18 E0
G1 F555.8 X126.4 Y119.178 E0
G1 F552.9 X126.39 Y119.176 E0
G1 F551.4 X126.38 Y119.174 E0
G1 F550 X126.371 Y119.172 E0
G1 F547.2 X126.361 Y119.169 E0.00001
G1 F545.7 X126.351 Y119.167 E0
G1 F544.3 X126.341 Y119.165 E0
G1 F541.5 X126.332 Y119.163 E0
G1 F540.2 X126.322 Y119.16 E0.00001
G1 F538.8 X126.312 Y119.158 E0
G1 F536 X126.302 Y119.156 E0.00001
G1 F534.7 X126.293 Y119.154 E0
G1 F533.3 X126.283 Y119.152 E0.00001
G1 F530.7 X126.273 Y119.149 E0.00001
G1 F529.3 X126.263 Y119.147 E0.00001
G1 F528 X126.132 Y119.094 E0.00007
G1 X125.714 Y118.891 E0.00023
G1 X121.887 Y116.686 E0.0022
G1 X118.112 Y118.865 E0.00217
G1 X117.79 Y119.03 E0.00018
G1 X117.339 Y119.207 E0.00024
G1 X117.158 Y119.263 E0.00009
G1 F532 X117.148 Y119.263 E0
G1 F537.4 X117.138 Y119.263 E0
G1 F542.9 X117.128 Y119.264 E0
G1 F548.6 X117.118 Y119.264 E0
G1 F554.3 X117.108 Y119.264 E0
G1 F560.2 X117.098 Y119.265 E0
G1 F566.2 X117.088 Y119.265 E0
G1 F573.9 X117.078 Y119.265 E0
G1 F580.2 X117.068 Y119.266 E0
G1 F586.7 X117.058 Y119.266 E0
G1 F593.3 X117.048 Y119.266 E0
G1 F600 X117.038 Y119.267 E0
G1 F606.9 X117.028 Y119.267 E0
G1 F614 X117.018 Y119.267 E0
G1 F623 X117.008 Y119.268 E0
G1 F630.4 X116.998 Y119.268 E0
G1 F638.1 X116.988 Y119.268 E0
G1 F645.9 X116.978 Y119.269 E0
G1 F653.9 X116.968 Y119.269 E0
G1 F662.1 X116.958 Y119.269 E0
G1 F670.5 X116.948 Y119.27 E0
G1 F679.1 X116.938 Y119.27 E0
G1 F690.2 X116.928 Y119.27 E0
G1 F699.3 X116.918 Y119.271 E0
G1 F708.7 X116.908 Y119.271 E0
G1 F718.4 X116.898 Y119.271 E0
G1 F728.3 X116.888 Y119.272 E0
G1 F738.5 X116.878 Y119.272 E0
G1 F748.9 X116.868 Y119.272 E0
G1 F762.5 X116.858 Y119.273 E0
G1 F773.6 X116.848 Y119.273 E0
G1 F785.1 X116.838 Y119.273 E0
G1 F797 X116.828 Y119.274 E0
G1 F809.2 X116.818 Y119.274 E0
G1 F821.8 X116.808 Y119.274 E0
G1 F834.8 X116.798 Y119.275 E0
G1 F851.6 X116.788 Y119.275 E0
G1 F865.6 X116.778 Y119.276 E0
G1 F880 X116.768 Y119.276 E0
G1 F894.9 X116.758 Y119.276 E0
G1 F910.3 X116.748 Y119.277 E0
G1 F926.3 X116.738 Y119.277 E0
G1 F942.9 X116.728 Y119.277 E0
G1 F955.7 X116.708 Y119.279 E0.00001
G1 F960 X116.695 Y119.28 E0
G1 F964.4 X116.682 Y119.281 E0
G1 F968.8 X116.669 Y119.283 E0
G1 F973.3 X116.656 Y119.284 E0
G1 F977.8 X116.643 Y119.285 E0
G1 F982.3 X116.63 Y119.287 E0
G1 F986.9 X116.617 Y119.288 E0
G1 F991.5 X116.604 Y119.289 E0
G1 F996.2 X116.591 Y119.291 E0
G1 F1000.9 X116.578 Y119.292 E0
G1 F1005.7 X116.565 Y119.293 E0
G1 F1010.5 X116.552 Y119.294 E0
G1 F1015.4 X116.539 Y119.296 E0
G1 F1020.3 X116.526 Y119.297 E0
G1 F1025.2 X116.501 Y119.299 E0.00001
G1 F1030.2 X116.479 Y119.301 E0.00001
G1 F1035.3 X116.457 Y119.303 E0.00001
G1 F1040.4 X116.435 Y119.305 E0.00001
G1 F1050.7 X116.413 Y119.307 E0.00001
G1 F1056 X116.391 Y119.309 E0.00001
G1 F1061.3 X116.369 Y119.31 E0.00001
G1 F1066.7 X116.347 Y119.312 E0.00001
G1 F1072.1 X116.329 Y119.313 E0
G1 X116.313 Y119.314 E0
G1 F1077.6 X116.297 Y119.315 E0
G1 X116.281 Y119.315 E0
G1 F1083.1 X116.265 Y119.316 E0
G1 X116.249 Y119.317 E0
G1 F1088.7 X116.233 Y119.317 E0
G1 X116.217 Y119.318 E0
G1 F1094.3 X116.201 Y119.319 E0
G1 X116.185 Y119.319 E0
G1 F1100 X116.169 Y119.32 E0
G1 X116.153 Y119.321 E0
G1 F1105.8 X116.137 Y119.321 E0
G1 F1111.6 X116.121 Y119.322 E0
G1 X116.105 Y119.323 E0
G1 F1117.5 X116.089 Y119.323 E0
G1 X116.073 Y119.324 E0
G1 F1123.4 X116.057 Y119.325 E0
G1 X116.041 Y119.326 E0
G1 F1129.4 X116.025 Y119.326 E0
G1 X116.009 Y119.327 E0
G1 F1135.5 X115.993 Y119.328 E0
G1 X115.977 Y119.328 E0
G1 X115.856 Y119.329 E0.00003
G1 X115.847 Y119.329 E0
G1 X115.837 Y119.328 E0
G1 F1129.4 X115.827 Y119.328 E0
G1 X115.817 Y119.327 E0
G1 F1123.4 X115.807 Y119.326 E0
G1 X115.797 Y119.326 E0
G1 X115.787 Y119.325 E0
G1 F1117.5 X115.777 Y119.324 E0
G1 X115.767 Y119.324 E0
G1 F1111.6 X115.757 Y119.323 E0
G1 X115.747 Y119.322 E0
G1 F1105.8 X115.737 Y119.322 E0
G1 X115.727 Y119.321 E0
G1 F1100 X115.717 Y119.321 E0
G1 X115.707 Y119.32 E0
G1 X115.697 Y119.319 E0
G1 F1094.3 X115.687 Y119.319 E0
G1 X115.677 Y119.318 E0
G1 F1088.7 X115.667 Y119.317 E0
G1 X115.657 Y119.317 E0
G1 F1083.1 X115.647 Y119.316 E0
G1 X115.637 Y119.315 E0
G1 F1077.6 X115.627 Y119.315 E0
G1 X115.617 Y119.314 E0
G1 X115.607 Y119.314 E0
G1 F1072.1 X115.597 Y119.313 E0
G1 X115.587 Y119.312 E0
G1 F1066.7 X115.577 Y119.312 E0
G1 X115.567 Y119.311 E0
G1 F1061.3 X115.557 Y119.31 E0
G1 X115.547 Y119.31 E0
G1 F1056 X115.537 Y119.309 E0
G1 X115.527 Y119.308 E0
G1 X115.517 Y119.308 E0
G1 F1050.7 X115.507 Y119.307 E0
G1 X115.497 Y119.306 E0
G1 F1045.5 X115.487 Y119.306 E0
G1 X115.477 Y119.305 E0
G1 F1040.4 X115.467 Y119.305 E0
G1 X115.457 Y119.304 E0
G1 F1035.3 X115.447 Y119.303 E0
G1 X115.437 Y119.303 E0
G1 X115.427 Y119.302 E0
G1 F1030.2 X115.417 Y119.301 E0
G1 X115.407 Y119.301 E0
G1 F1025.2 X115.397 Y119.3 E0
G1 X115.387 Y119.299 E0
G1 F1020.3 X115.377 Y119.299 E0
G1 X115.367 Y119.298 E0
G1 F1015.4 X115.357 Y119.298 E0
G1 X115.347 Y119.297 E0
G1 X115.337 Y119.296 E0
G1 F1010.5 X115.327 Y119.296 E0
G1 X115.317 Y119.295 E0
G1 F1005.7 X115.307 Y119.294 E0
G1 X115.297 Y119.294 E0
G1 F1000.9 X115.275 Y119.291 E0.00001
G1 F991.5 X115.255 Y119.289 E0.00001
G1 F986.9 X115.235 Y119.286 E0.00001
G1 F977.8 X115.215 Y119.284 E0.00001
G1 F973.3 X115.195 Y119.282 E0.00001
G1 F964.4 X115.176 Y119.279 E0.00001
G1 F955.7 X115.168 Y119.279 E0
G1 F938.7 X115.158 Y119.278 E0
G1 F922.3 X115.148 Y119.278 E0
G1 F910.3 X115.138 Y119.277 E0
G1 F894.9 X115.128 Y119.276 E0
G1 F880 X115.118 Y119.276 E0
G1 F869.1 X115.108 Y119.275 E0
G1 F855.1 X115.098 Y119.275 E0
G1 F841.4 X115.088 Y119.274 E0
G1 F831.5 X115.078 Y119.273 E0
G1 F818.6 X115.068 Y119.273 E0
G1 F806.1 X115.058 Y119.272 E0
G1 F797 X115.048 Y119.272 E0
G1 F785.1 X115.038 Y119.271 E0
G1 F773.6 X115.028 Y119.27 E0
G1 F765.2 X115.018 Y119.27 E0
G1 F754.3 X115.008 Y119.269 E0
G1 F743.7 X114.998 Y119.269 E0
G1 F735.9 X114.988 Y119.268 E0
G1 F725.8 X114.978 Y119.267 E0
G1 F715.9 X114.968 Y119.267 E0
G1 F708.7 X114.958 Y119.266 E0
G1 F699.3 X114.948 Y119.266 E0
G1 F690.2 X114.938 Y119.265 E0
G1 F681.3 X114.928 Y119.264 E0
G1 F674.8 X114.918 Y119.264 E0
G1 F666.2 X114.908 Y119.263 E0
G1 F657.9 X114.898 Y119.262 E0
G1 F651.9 X114.888 Y119.262 E0
G1 F643.9 X114.878 Y119.261 E0
G1 F636.1 X114.868 Y119.261 E0
G1 F630.4 X114.858 Y119.26 E0
G1 F623 X114.848 Y119.259 E0
G1 F615.7 X114.838 Y119.259 E0
G1 F610.4 X114.828 Y119.258 E0
G1 F603.4 X114.818 Y119.258 E0
G1 F596.6 X114.808 Y119.257 E0
G1 F591.6 X114.798 Y119.256 E0
G1 F585 X114.788 Y119.256 E0
G1 F578.6 X114.778 Y119.255 E0
G1 F573.9 X114.768 Y119.255 E0
G1 F567.7 X114.758 Y119.254 E0
G1 F561.7 X114.748 Y119.253 E0
G1 F557.3 X114.738 Y119.253 E0
G1 F551.4 X114.728 Y119.252 E0
G1 F545.7 X114.718 Y119.252 E0
G1 F541.5 X114.708 Y119.251 E0
G1 F536 X114.698 Y119.25 E0
G1 F530.7 X114.688 Y119.25 E0
G1 F528 X114.488 Y119.184 E0.00011
G1 X113.849 Y118.901 E0.00035
G1 X109.996 Y116.685 E0.00222
G1 X106.195 Y118.878 E0.00219
G1 X105.811 Y119.068 E0.00021
G1 X105.307 Y119.254 E0.00027
G1 F529.3 X105.298 Y119.256 E0
G1 F530.7 X105.288 Y119.258 E0.00001
G1 F533.3 X105.278 Y119.26 E0.00001
G1 F534.7 X105.268 Y119.262 E0.00001
G1 F536 X105.259 Y119.264 E0
G1 F538.8 X105.249 Y119.266 E0
G1 F540.2 X105.239 Y119.268 E0
G1 F541.5 X105.229 Y119.27 E0
G1 F542.9 X105.219 Y119.272 E0
G1 F545.7 X105.21 Y119.274 E0
G1 F547.2 X105.2 Y119.276 E0
G1 F548.6 X105.19 Y119.278 E0
G1 F551.4 X105.18 Y119.28 E0
G1 F552.9 X105.17 Y119.282 E0
G1 F557.3 X105.154 Y119.284 E0.00001
G1 F563.2 X105.144 Y119.284 E0
G1 F570.8 X105.134 Y119.284 E0
G1 F577 X105.124 Y119.284 E0
G1 F585 X105.114 Y119.284 E0
G1 F593.3 X105.104 Y119.284 E0
G1 F600 X105.094 Y119.284 E0
G1 F608.6 X105.084 Y119.284 E0
G1 F615.7 X105.074 Y119.284 E0
G1 F624.9 X105.064 Y119.284 E0
G1 F632.3 X105.054 Y119.284 E0
G1 F641.9 X105.044 Y119.284 E0
G1 F649.8 X105.034 Y119.284 E0
G1 F660 X105.024 Y119.284 E0
G1 F670.5 X105.014 Y119.284 E0
G1 F679.1 X105.004 Y119.284 E0
G1 F690.2 X104.994 Y119.284 E0
G1 F699.3 X104.984 Y119.284 E0
G1 F711.1 X104.974 Y119.284 E0
G1 F720.8 X104.964 Y119.284 E0
G1 F733.3 X104.954 Y119.284 E0
G1 F743.7 X104.944 Y119.284 E0
G1 F757 X104.934 Y119.284 E0
G1 F770.8 X104.924 Y119.284 E0
G1 F782.2 X104.914 Y119.284 E0
G1 F797 X104.904 Y119.284 E0
G1 F809.2 X104.894 Y119.284 E0
G1 F825 X104.884 Y119.284 E0
G1 F838.1 X104.874 Y119.284 E0
G1 F855.1 X104.864 Y119.284 E0
G1 F869.1 X104.854 Y119.284 E0
G1 F887.4 X104.844 Y119.284 E0
G1 F906.4 X104.834 Y119.284 E0
G1 F922.3 X104.824 Y119.284 E0
G1 F942.9 X104.814 Y119.284 E0
G1 F960 X104.804 Y119.284 E0
G1 F973.3 X104.795 Y119.284 E0
G1 F977.8 X104.785 Y119.285 E0
G1 X104.775 Y119.286 E0
G1 F982.3 X104.765 Y119.287 E0
G1 F986.9 X104.755 Y119.288 E0
G1 X104.745 Y119.289 E0
G1 F991.5 X104.735 Y119.29 E0
G1 F996.2 X104.725 Y119.291 E0
G1 X104.715 Y119.292 E0
G1 F1000.9 X104.705 Y119.293 E0
G1 F1005.7 X104.695 Y119.294 E0
G1 F1010.5 X104.685 Y119.294 E0
G1 X104.675 Y119.295 E0
G1 F1015.4 X104.665 Y119.296 E0
G1 F1020.3 X104.655 Y119.297 E0
G1 X104.645 Y119.298 E0
G1 F1025.2 X104.635 Y119.299 E0
G1 F1030.2 X104.625 Y119.3 E0
G1 X104.615 Y119.301 E0
G1 F1035.3 X104.605 Y119.302 E0
G1 F1040.4 X104.595 Y119.303 E0
G1 F1045.5 X104.585 Y119.304 E0
G1 X104.575 Y119.305 E0
G1 F1050.7 X104.565 Y119.305 E0
G1 F1056 X104.555 Y119.306 E0
G1 X104.545 Y119.307 E0
G1 F1061.3 X104.535 Y119.308 E0
G1 F1066.7 X104.525 Y119.309 E0
G1 X104.515 Y119.31 E0
G1 F1072.1 X104.505 Y119.311 E0
G1 F1077.6 X104.469 Y119.313 E0.00001
G1 F1083.1 X104.439 Y119.315 E0.00001
G1 F1088.7 X104.409 Y119.317 E0.00001
G1 F1100 X104.379 Y119.319 E0.00001
G1 F1105.8 X104.349 Y119.321 E0.00001
G1 F1111.6 X104.313 Y119.322 E0.00001
G1 F1117.5 X104.275 Y119.323 E0.00001
G1 X104.237 Y119.324 E0.00001
G1 F1123.4 X104.199 Y119.325 E0.00001
G1 F1129.4 X104.161 Y119.326 E0.00001
G1 X104.123 Y119.327 E0.00001
G1 F1135.5 X104.085 Y119.328 E0.00001
G1 X103.968 Y119.329 E0.00003
G1 X103.959 Y119.329 E0
G1 X103.949 Y119.328 E0
G1 F1129.4 X103.939 Y119.328 E0
G1 X103.929 Y119.327 E0
G1 F1123.4 X103.919 Y119.326 E0
G1 X103.909 Y119.326 E0
G1 F1117.5 X103.899 Y119.325 E0
G1 X103.889 Y119.324 E0
G1 X103.879 Y119.324 E0
G1 F1111.6 X103.869 Y119.323 E0
G1 X103.859 Y119.322 E0
G1 F1105.8 X103.849 Y119.322 E0
G1 X103.839 Y119.321 E0
G1 F1100 X103.829 Y119.32 E0
G1 X103.819 Y119.32 E0
G1 F1094.3 X103.809 Y119.319 E0
G1 X103.799 Y119.318 E0
G1 F1088.7 X103.789 Y119.318 E0
G1 X103.779 Y119.317 E0
G1 F1083.1 X103.769 Y119.316 E0
G1 X103.759 Y119.316 E0
G1 F1077.6 X103.749 Y119.315 E0
G1 X103.739 Y119.314 E0
G1 X103.729 Y119.314 E0
G1 F1072.1 X103.719 Y119.313 E0
G1 X103.709 Y119.312 E0
G1 F1066.7 X103.699 Y119.312 E0
G1 X103.689 Y119.311 E0
G1 F1061.3 X103.679 Y119.31 E0
G1 X103.669 Y119.31 E0
G1 F1056 X103.659 Y119.309 E0
G1 X103.649 Y119.308 E0
G1 F1050.7 X103.639 Y119.308 E0
G1 X103.629 Y119.307 E0
G1 F1045.5 X103.619 Y119.306 E0
G1 X103.609 Y119.306 E0
G1 X103.599 Y119.305 E0
G1 F1040.4 X103.589 Y119.304 E0
G1 X103.579 Y119.304 E0
G1 F1035.3 X103.569 Y119.303 E0
G1 X103.559 Y119.302 E0
G1 F1030.2 X103.549 Y119.302 E0
G1 X103.539 Y119.301 E0
G1 F1025.2 X103.529 Y119.3 E0
G1 X103.519 Y119.3 E0
G1 F1020.3 X103.509 Y119.299 E0
G1 X103.499 Y119.298 E0
G1 F1015.4 X103.489 Y119.298 E0
G1 X103.479 Y119.297 E0
G1 F1010.5 X103.469 Y119.296 E0
G1 X103.459 Y119.296 E0
G1 X103.449 Y119.295 E0
G1 F1005.7 X103.439 Y119.294 E0
G1 X103.429 Y119.294 E0
G1 F1000.9 X103.419 Y119.293 E0
G1 X103.409 Y119.292 E0
G1 F996.2 X103.399 Y119.292 E0
G1 X103.389 Y119.291 E0
G1 F982.3 X103.371 Y119.29 E0
G1 F960 X103.361 Y119.291 E0
G1 F942.9 X103.351 Y119.291 E0
G1 F922.3 X103.341 Y119.292 E0
G1 F902.6 X103.331 Y119.292 E0
G1 F883.7 X103.321 Y119.293 E0
G1 F869.1 X103.311 Y119.293 E0
G1 F851.6 X103.301 Y119.294 E0
G1 F834.8 X103.291 Y119.294 E0
G1 F818.6 X103.281 Y119.295 E0
G1 F806.1 X103.271 Y119.295 E0
G1 F791 X103.261 Y119.296 E0
G1 F776.5 X103.251 Y119.296 E0
G1 F762.5 X103.241 Y119.297 E0
G1 F751.6 X103.231 Y119.297 E0
G1 F738.5 X103.221 Y119.298 E0
G1 F725.8 X103.211 Y119.298 E0
G1 F713.5 X103.201 Y119.299 E0
G1 F704 X103.191 Y119.3 E0
G1 F692.5 X103.181 Y119.3 E0
G1 F685.7 X103.164 Y119.299 E0.00001
G1 F683.5 X103.154 Y119.297 E0
G1 F679.1 X103.144 Y119.295 E0
G1 F676.9 X103.134 Y119.293 E0
G1 F674.8 X103.125 Y119.291 E0
G1 F670.5 X103.115 Y119.288 E0
G1 F668.4 X103.105 Y119.286 E0
G1 F666.2 X103.095 Y119.284 E0
G1 F662.1 X103.086 Y119.282 E0
G1 F660 X103.076 Y119.28 E0
G1 F657.9 X103.066 Y119.278 E0
G1 F655.9 X103.056 Y119.275 E0
G1 F651.9 X103.047 Y119.273 E0
G1 F649.8 X103.037 Y119.271 E0
G1 F647.9 X103.027 Y119.269 E0
G1 F643.9 X103.017 Y119.267 E0
G1 F641.9 X103.008 Y119.265 E0
G1 F640 X102.998 Y119.262 E0
G1 F638.1 X102.988 Y119.26 E0
G1 F634.2 X102.978 Y119.258 E0
G1 F632.3 X102.968 Y119.256 E0
G1 F630.4 X102.959 Y119.254 E0
G1 F626.7 X102.949 Y119.251 E0
G1 F624.9 X102.939 Y119.249 E0
G1 F623 X102.929 Y119.247 E0
G1 F619.4 X102.92 Y119.245 E0
G1 F617.5 X102.91 Y119.243 E0
G1 F615.7 X102.9 Y119.241 E0
G1 F614 X102.89 Y119.238 E0
G1 F610.4 X102.881 Y119.236 E0
G1 F608.6 X102.871 Y119.234 E0
G1 F606.9 X102.861 Y119.232 E0
G1 F603.4 X102.851 Y119.23 E0
G1 F601.7 X102.842 Y119.228 E0
G1 F600 X102.832 Y119.225 E0
G1 F596.6 X102.822 Y119.223 E0
G1 F594.9 X102.812 Y119.221 E0
G1 F593.3 X102.803 Y119.219 E0
G1 F591.6 X102.793 Y119.217 E0
G1 F588.3 X102.783 Y119.214 E0
G1 F586.7 X102.773 Y119.212 E0
G1 F585 X102.763 Y119.21 E0
G1 F581.8 X102.754 Y119.208 E0
G1 F580.2 X102.744 Y119.206 E0
G1 F578.6 X102.734 Y119.204 E0
G1 F577 X102.724 Y119.201 E0
G1 F573.9 X102.715 Y119.199 E0
G1 F572.4 X102.705 Y119.197 E0
G1 F570.8 X102.695 Y119.195 E0
G1 F567.7 X102.685 Y119.193 E0
G1 F566.2 X102.676 Y119.191 E0
G1 F564.7 X102.666 Y119.188 E0
G1 F561.7 X102.656 Y119.186 E0
G1 F560.2 X102.646 Y119.184 E0
G1 F558.7 X102.637 Y119.182 E0
G1 F557.3 X102.627 Y119.18 E0
G1 F554.3 X102.617 Y119.177 E0
G1 F552.9 X102.607 Y119.175 E0
G1 F551.4 X102.597 Y119.173 E0
G1 F548.6 X102.588 Y119.171 E0
G1 F547.2 X102.578 Y119.169 E0
G1 F545.7 X102.568 Y119.167 E0
G1 F544.3 X102.558 Y119.164 E0.00001
G1 F541.5 X102.549 Y119.162 E0
G1 F540.2 X102.539 Y119.16 E0
G1 F538.8 X102.529 Y119.158 E0
G1 F536 X102.519 Y119.156 E0.00001
G1 F534.7 X102.51 Y119.154 E0
G1 F533.3 X102.5 Y119.151 E0.00001
G1 F530.7 X102.49 Y119.149 E0.00001
G1 F529.3 X102.48 Y119.147 E0.00001
G1 F528 X102.337 Y119.088 E0.00008
G1 X101.931 Y118.889 E0.00023
G1 X98.113 Y116.683 E0.0022
G1 X94.374 Y118.844 E0.00215
G1 X93.984 Y119.041 E0.00022
G1 X93.612 Y119.19 E0.0002
G1 X93.479 Y119.234 E0.00007
G1 F530.7 X93.47 Y119.235 E0
G1 F534.7 X93.46 Y119.236 E0
G1 F538.8 X93.45 Y119.237 E0
G1 F542.9 X93.44 Y119.238 E0
G1 F547.2 X93.43 Y119.239 E0
G1 F551.4 X93.42 Y119.24 E0
G1 F555.8 X93.41 Y119.241 E0
G1 F560.2 X93.4 Y119.242 E0
G1 F564.7 X93.39 Y119.243 E0
G1 F569.3 X93.38 Y119.244 E0
G1 F572.4 X93.37 Y119.245 E0
G1 F577 X93.36 Y119.247 E0
G1 F581.8 X93.35 Y119.248 E0
G1 F586.7 X93.34 Y119.249 E0
G1 F591.6 X93.331 Y119.25 E0
G1 F596.6 X93.321 Y119.251 E0
G1 F601.7 X93.311 Y119.252 E0
G1 F606.9 X93.301 Y119.253 E0
G1 F612.2 X93.291 Y119.254 E0
G1 F617.5 X93.281 Y119.255 E0
G1 F623 X93.271 Y119.256 E0
G1 F628.6 X93.261 Y119.257 E0
G1 F634.2 X93.251 Y119.258 E0
G1 F640 X93.241 Y119.26 E0
G1 F645.9 X93.231 Y119.261 E0
G1 F651.9 X93.221 Y119.262 E0
G1 F657.9 X93.211 Y119.263 E0
G1 F664.2 X93.201 Y119.264 E0
G1 F670.5 X93.192 Y119.265 E0
G1 F676.9 X93.182 Y119.266 E0
G1 F683.5 X93.172 Y119.267 E0
G1 F687.9 X93.162 Y119.268 E0
G1 F694.7 X93.152 Y119.269 E0
G1 F701.7 X93.142 Y119.27 E0
G1 F708.7 X93.132 Y119.271 E0
G1 F715.9 X93.122 Y119.273 E0
G1 F723.3 X93.112 Y119.274 E0
G1 F730.8 X93.102 Y119.275 E0
G1 F738.5 X93.092 Y119.276 E0
G1 F746.3 X93.082 Y119.277 E0
G1 F754.3 X93.072 Y119.278 E0
G1 F762.5 X93.062 Y119.279 E0
G1 F773.6 X93.048 Y119.28 E0
G1 F785.1 X93.038 Y119.28 E0
G1 F800 X93.028 Y119.28 E0
G1 F815.4 X93.018 Y119.28 E0
G1 F828.2 X93.008 Y119.28 E0
G1 F844.8 X92.998 Y119.28 E0
G1 F858.5 X92.988 Y119.28 E0
G1 F876.3 X92.978 Y119.28 E0
G1 F891.1 X92.968 Y119.28 E0
G1 F910.3 X92.958 Y119.28 E0
G1 F930.4 X92.948 Y119.28 E0
G1 F947.1 X92.938 Y119.28 E0
G1 F964.4 X92.908 Y119.282 E0.00001
G1 F973.3 X92.881 Y119.286 E0.00001
G1 F982.3 X92.855 Y119.29 E0.00001
G1 F991.5 X92.846 Y119.29 E0
G1 X92.836 Y119.291 E0
G1 F996.2 X92.826 Y119.291 E0
G1 X92.816 Y119.292 E0
G1 F1000.9 X92.806 Y119.293 E0
G1 X92.796 Y119.293 E0
G1 X92.786 Y119.294 E0
G1 F1005.7 X92.776 Y119.295 E0
G1 X92.766 Y119.295 E0
G1 F1010.5 X92.756 Y119.296 E0
G1 X92.746 Y119.296 E0
G1 F1015.4 X92.736 Y119.297 E0
G1 X92.726 Y119.298 E0
G1 F1020.3 X92.716 Y119.298 E0
G1 X92.706 Y119.299 E0
G1 F1025.2 X92.696 Y119.3 E0
G1 X92.686 Y119.3 E0
G1 X92.676 Y119.301 E0
G1 F1030.2 X92.666 Y119.301 E0
G1 X92.656 Y119.302 E0
G1 F1035.3 X92.646 Y119.303 E0
G1 X92.636 Y119.303 E0
G1 F1040.4 X92.626 Y119.304 E0
G1 X92.616 Y119.305 E0
G1 F1045.5 X92.606 Y119.305 E0
G1 X92.596 Y119.306 E0
G1 F1050.7 X92.586 Y119.306 E0
G1 X92.576 Y119.307 E0
G1 X92.566 Y119.308 E0
G1 F1056 X92.556 Y119.308 E0
G1 X92.546 Y119.309 E0
G1 F1061.3 X92.536 Y119.31 E0
G1 X92.526 Y119.31 E0
G1 F1066.7 X92.516 Y119.311 E0
G1 X92.506 Y119.312 E0
G1 F1072.1 X92.496 Y119.312 E0
G1 X92.486 Y119.313 E0
G1 F1077.6 X92.476 Y119.313 E0
G1 X92.466 Y119.314 E0
G1 F1083.1 X92.456 Y119.315 E0
G1 X92.446 Y119.315 E0
G1 X92.436 Y119.316 E0
G1 F1088.7 X92.426 Y119.317 E0
G1 X92.416 Y119.317 E0
G1 F1094.3 X92.406 Y119.318 E0
G1 X92.396 Y119.318 E0
G1 F1100 X92.386 Y119.319 E0
G1 X92.376 Y119.32 E0
G1 F1105.8 X92.366 Y119.32 E0
G1 X92.356 Y119.321 E0
G1 F1111.6 X92.346 Y119.322 E0
G1 X92.336 Y119.322 E0
G1 X92.326 Y119.323 E0
G1 F1117.5 X92.316 Y119.323 E0
G1 X92.306 Y119.324 E0
G1 F1123.4 X92.296 Y119.325 E0
G1 X92.286 Y119.325 E0
G1 X92.064 Y119.326 E0.00005
G1 X92.055 Y119.326 E0
G1 X92.045 Y119.325 E0
G1 F1117.5 X92.035 Y119.325 E0
G1 X92.025 Y119.324 E0
G1 X92.015 Y119.323 E0
G1 F1111.6 X92.005 Y119.323 E0
G1 X91.995 Y119.322 E0
G1 F1105.8 X91.985 Y119.322 E0
G1 X91.975 Y119.321 E0
G1 F1100 X91.965 Y119.32 E0
G1 X91.955 Y119.32 E0
G1 X91.945 Y119.319 E0
G1 F1094.3 X91.935 Y119.319 E0
G1 X91.925 Y119.318 E0
G1 F1088.7 X91.915 Y119.317 E0
G1 X91.905 Y119.317 E0
G1 F1083.1 X91.895 Y119.316 E0
G1 X91.885 Y119.316 E0
G1 X91.875 Y119.315 E0
G1 F1077.6 X91.865 Y119.314 E0
G1 X91.855 Y119.314 E0
G1 F1072.1 X91.845 Y119.313 E0
G1 X91.835 Y119.313 E0
G1 F1066.7 X91.825 Y119.312 E0
G1 X91.815 Y119.311 E0
G1 X91.805 Y119.311 E0
G1 F1061.3 X91.795 Y119.31 E0
G1 X91.785 Y119.31 E0
G1 F1056 X91.775 Y119.309 E0
G1 X91.765 Y119.308 E0
G1 X91.755 Y119.308 E0
G1 F1050.7 X91.745 Y119.307 E0
G1 X91.735 Y119.307 E0
G1 F1045.5 X91.725 Y119.306 E0
G1 X91.715 Y119.305 E0
G1 F1040.4 X91.705 Y119.305 E0
G1 X91.695 Y119.304 E0
G1 X91.685 Y119.303 E0
G1 F1035.3 X91.675 Y119.303 E0
G1 X91.665 Y119.302 E0
G1 F1030.2 X91.655 Y119.302 E0
G1 X91.645 Y119.301 E0
G1 F1025.2 X91.635 Y119.3 E0
G1 X91.625 Y119.3 E0
G1 X91.615 Y119.299 E0
G1 F1020.3 X91.605 Y119.299 E0
G1 X91.595 Y119.298 E0
G1 F1015.4 X91.585 Y119.297 E0
G1 X91.575 Y119.297 E0
G1 F1010.5 X91.565 Y119.296 E0
G1 X91.555 Y119.296 E0
G1 X91.545 Y119.295 E0
G1 F1005.7 X91.535 Y119.294 E0
G1 X91.525 Y119.294 E0
G1 F1000.9 X91.504 Y119.291 E0.00001
G1 F991.5 X91.487 Y119.289 E0
G1 F986.9 X91.47 Y119.287 E0
G1 F977.8 X91.453 Y119.285 E0
G1 F973.3 X91.436 Y119.283 E0
G1 F968.8 X91.419 Y119.281 E0
G1 F960 X91.402 Y119.279 E0
G1 F951.4 X91.391 Y119.278 E0
G1 F938.7 X91.381 Y119.277 E0
G1 F926.3 X91.371 Y119.276 E0
G1 F914.3 X91.361 Y119.275 E0
G1 F902.6 X91.351 Y119.274 E0
G1 F891.1 X91.341 Y119.273 E0
G1 F880 X91.331 Y119.272 E0
G1 F869.1 X91.321 Y119.271 E0
G1 F858.5 X91.311 Y119.27 E0
G1 F848.2 X91.301 Y119.269 E0
G1 F838.1 X91.291 Y119.268 E0
G1 F828.2 X91.281 Y119.267 E0
G1 F818.6 X91.271 Y119.266 E0
G1 F809.2 X91.261 Y119.265 E0
G1 F800 X91.251 Y119.264 E0
G1 F788.1 X91.241 Y119.263 E0
G1 F779.3 X91.231 Y119.262 E0
G1 F770.8 X91.221 Y119.261 E0
G1 F762.5 X91.211 Y119.26 E0
G1 F754.3 X91.202 Y119.259 E0
G1 F746.3 X91.192 Y119.258 E0
G1 F738.5 X91.182 Y119.257 E0
G1 F730.8 X91.172 Y119.256 E0
G1 F723.3 X91.162 Y119.255 E0
G1 F715.9 X91.152 Y119.254 E0
G1 F708.7 X91.142 Y119.253 E0
G1 F701.7 X91.132 Y119.252 E0
G1 F694.7 X91.122 Y119.251 E0
G1 F687.9 X91.112 Y119.25 E0
G1 F681.3 X91.102 Y119.249 E0
G1 F674.8 X91.092 Y119.248 E0
G1 F668.4 X91.082 Y119.247 E0
G1 F662.1 X91.072 Y119.246 E0
G1 F655.9 X91.062 Y119.245 E0
G1 F649.8 X91.052 Y119.244 E0
G1 F643.9 X91.042 Y119.243 E0
G1 F638.1 X91.032 Y119.242 E0
G1 F632.3 X91.022 Y119.241 E0
G1 F626.7 X91.012 Y119.24 E0
G1 F621.2 X91.003 Y119.239 E0
G1 F615.7 X90.993 Y119.238 E0
G1 F610.4 X90.983 Y119.237 E0
G1 F605.2 X90.973 Y119.236 E0
G1 F600 X90.963 Y119.235 E0
G1 F593.3 X90.953 Y119.234 E0
G1 F588.3 X90.943 Y119.233 E0
G1 F583.4 X90.933 Y119.232 E0
G1 F578.6 X90.923 Y119.231 E0
G1 F573.9 X90.913 Y119.23 E0
G1 F569.3 X90.903 Y119.229 E0
G1 F564.7 X90.893 Y119.228 E0
G1 F560.2 X90.883 Y119.227 E0
G1 F555.8 X90.873 Y119.226 E0
G1 F551.4 X90.863 Y119.225 E0
G1 F547.2 X90.853 Y119.224 E0
G1 F542.9 X90.843 Y119.223 E0
G1 F538.8 X90.833 Y119.222 E0
G1 F534.7 X90.823 Y119.221 E0
G1 F530.7 X90.813 Y119.22 E0
G1 F528 X90.608 Y119.147 E0.00011
G1 X90.04 Y118.886 E0.00031
G1 X88.088 Y117.759 E0.00112
G0 F24000 X87.688 Y117.067
G1 F528 X87.688 Y119.808 E0.00137
G1 X132.308 Y119.808 E0.02226
G1 X132.308 Y117.066 E0.00137
G1 X129.799 Y118.517 E0.00145
G1 X129.486 Y118.675 E0.00017
G1 X129.31 Y118.75 E0.0001
G1 X128.696 Y118.941 E0.00032
G1 X128.454 Y118.988 E0.00012
G1 X128 Y119.032 E0.00023
G1 X127.748 Y119.036 E0.00013
G1 X127.181 Y118.983 E0.00028
G1 X126.973 Y118.943 E0.00011
G1 X126.41 Y118.776 E0.00029
G1 X126.282 Y118.724 E0.00007
G1 X125.914 Y118.544 E0.0002
G1 X121.887 Y116.224 E0.00232
G1 X117.912 Y118.518 E0.00229
G1 X117.618 Y118.669 E0.00016
G1 X117.22 Y118.825 E0.00021
G1 X117.039 Y118.881 E0.00009
G1 X116.667 Y118.972 E0.00019
G1 X116.312 Y119.016 E0.00018
G1 X115.856 Y119.036 E0.00023
G1 X115.345 Y118.993 E0.00026
G1 X115.23 Y118.974 E0.00006
G1 X114.808 Y118.868 E0.00022
G1 X114.612 Y118.804 E0.0001
G1 X114.048 Y118.554 E0.00031
G1 X109.996 Y116.224 E0.00233
G1 X105.995 Y118.531 E0.0023
G1 X105.533 Y118.751 E0.00026
G1 X105.197 Y118.869 E0.00018
G1 X104.75 Y118.98 E0.00023
G1 X104.327 Y119.027 E0.00021
G1 X103.968 Y119.036 E0.00018
G1 X103.436 Y118.989 E0.00027
G1 X103.236 Y118.953 E0.0001
G1 X102.625 Y118.775 E0.00032
G1 X102.489 Y118.718 E0.00007
G1 X102.131 Y118.542 E0.0002
G1 X98.113 Y116.221 E0.00232
G1 X94.174 Y118.498 E0.00227
G1 X93.814 Y118.679 E0.0002
G1 X93.486 Y118.811 E0.00018
G1 X93.353 Y118.855 E0.00007
G1 X92.992 Y118.95 E0.00019
G1 X92.802 Y118.988 E0.0001
G1 X92.284 Y119.032 E0.00026
G1 X92.064 Y119.032 E0.00011
G1 X91.57 Y118.992 E0.00025
G1 X91.451 Y118.972 E0.00006
G1 X90.945 Y118.842 E0.00026
G1 X90.741 Y118.77 E0.00011
G1 X90.24 Y118.539 E0.00028
G1 X87.688 Y117.067 E0.00147
G0 F24000 X86.026 Y113.003
G0 X85.968 Y112.646
G0 X85.97 Y107.331
G0 X86.047 Y107.013
G0 X87.688 Y102.931
G1 F528 X89.865 Y101.671 E0.00125
G1 X90.577 Y101.373 E0.00039
G1 X90.85 Y101.313 E0.00014
G1 X91.368 Y101.268 E0.00026
G1 X92.964 Y101.268 E0.0008
G1 X93.754 Y101.373 E0.0004
G1 X94.464 Y101.669 E0.00038
G1 X98.111 Y103.774 E0.0021
G1 X101.761 Y101.669 E0.0021
G1 X102.471 Y101.373 E0.00038
G1 X102.742 Y101.313 E0.00014
G1 X103.26 Y101.268 E0.00026
G1 X104.848 Y101.268 E0.00079
G1 X105.637 Y101.373 E0.0004
G1 X106.346 Y101.668 E0.00038
G1 X110.001 Y103.775 E0.0021
G1 X113.648 Y101.669 E0.0021
G1 X114.358 Y101.373 E0.00038
G1 X114.63 Y101.313 E0.00014
G1 X115.148 Y101.268 E0.00026
G1 X116.736 Y101.268 E0.00079
G1 X117.526 Y101.373 E0.0004
G1 X118.235 Y101.668 E0.00038
G1 X121.888 Y103.775 E0.0021
G1 X125.536 Y101.669 E0.0021
G1 X126.246 Y101.373 E0.00038
G1 X126.518 Y101.313 E0.00014
G1 X127.036 Y101.268 E0.00026
G1 X128.624 Y101.268 E0.00079
G1 X129.414 Y101.373 E0.0004
G1 X130.124 Y101.669 E0.00038
G1 X132.308 Y102.929 E0.00126
G1 X132.308 Y100.188 E0.00137
G1 X87.688 Y100.188 E0.02226
G1 X87.688 Y102.931 E0.00137
G0 F24000 X87.288 Y103.625
G1 F528 X90.065 Y102.017 E0.0016
G1 X90.682 Y101.759 E0.00033
G1 X90.919 Y101.707 E0.00012
G1 X91.368 Y101.668 E0.00022
G1 X92.964 Y101.668 E0.0008
G1 X93.649 Y101.759 E0.00034
G1 X94.264 Y102.016 E0.00033
G1 X98.111 Y104.236 E0.00222
G1 X101.961 Y102.015 E0.00222
G1 X102.576 Y101.759 E0.00033
G1 X102.811 Y101.707 E0.00012
G1 X103.26 Y101.668 E0.00022
G1 X104.848 Y101.668 E0.00079
G1 X105.532 Y101.759 E0.00034
G1 X106.146 Y102.015 E0.00033
G1 X110.001 Y104.237 E0.00222
G1 X113.848 Y102.016 E0.00222
G1 X114.464 Y101.759 E0.00033
G1 X114.699 Y101.707 E0.00012
G1 X115.148 Y101.668 E0.00022
G1 X116.736 Y101.668 E0.00079
G1 X117.42 Y101.759 E0.00034
G1 X118.035 Y102.015 E0.00033
G1 X121.888 Y104.237 E0.00222
G1 X125.736 Y102.016 E0.00222
G1 X126.352 Y101.759 E0.00033
G1 X126.587 Y101.707 E0.00012
G1 X127.036 Y101.668 E0.00022
G1 X128.624 Y101.668 E0.00079
G1 X129.308 Y101.759 E0.00034
G1 X129.924 Y102.016 E0.00033
G1 X132.708 Y103.622 E0.0016
G1 X132.708 Y99.788 E0.00191
G1 X87.288 Y99.788 E0.02266
G1 X87.288 Y103.625 E0.00191
G0 F24000 X86.024 Y107.015
G0 X85.97 Y107.331
G0 X85.968 Y112.646
G0 X86.05 Y112.984
G0 X87.288 Y116.374
G1 F528 X87.288 Y120.208 E0.00191
G1 X132.708 Y120.208 E0.02266
G1 X132.708 Y116.372 E0.00191
G1 X129.598 Y118.171 E0.00179
G1 X129.328 Y118.308 E0.00015
G1 X129.151 Y118.383 E0.0001
G1 X128.62 Y118.548 E0.00028
G1 X128.385 Y118.594 E0.00012
G1 X127.992 Y118.632 E0.0002
G1 X127.748 Y118.636 E0.00012
G1 X127.257 Y118.59 E0.00025
G1 X127.048 Y118.55 E0.00011
G1 X126.561 Y118.405 E0.00025
G1 X126.433 Y118.353 E0.00007
G1 X126.114 Y118.197 E0.00018
G1 X121.887 Y115.763 E0.00243
G1 X117.712 Y118.172 E0.0024
G1 X117.446 Y118.308 E0.00015
G1 X117.101 Y118.443 E0.00018
G1 X116.921 Y118.499 E0.00009
G1 X116.598 Y118.578 E0.00017
G1 X116.266 Y118.619 E0.00017
G1 X115.856 Y118.636 E0.0002
G1 X115.413 Y118.598 E0.00022
G1 X115.298 Y118.579 E0.00006
G1 X114.932 Y118.488 E0.00019
G1 X114.737 Y118.424 E0.0001
G1 X114.248 Y118.207 E0.00027
G1 X109.996 Y115.763 E0.00245
G1 X105.795 Y118.185 E0.00242
G1 X105.378 Y118.382 E0.00023
G1 X105.087 Y118.484 E0.00015
G1 X104.681 Y118.586 E0.00021
G1 X104.295 Y118.628 E0.00019
G1 X103.968 Y118.636 E0.00016
G1 X103.507 Y118.595 E0.00023
G1 X103.307 Y118.56 E0.0001
G1 X102.777 Y118.405 E0.00028
G1 X102.331 Y118.196 E0.00025
G1 X98.113 Y115.759 E0.00243
G1 X93.974 Y118.152 E0.00239
G1 X93.644 Y118.317 E0.00018
G1 X93.226 Y118.475 E0.00022
G1 X92.914 Y118.558 E0.00016
G1 X92.733 Y118.594 E0.00009
G1 X92.284 Y118.632 E0.00022
G1 X92.064 Y118.632 E0.00011
G1 X91.636 Y118.597 E0.00021
G1 X91.516 Y118.578 E0.00006
G1 X91.078 Y118.465 E0.00023
G1 X90.874 Y118.393 E0.00011
G1 X90.44 Y118.193 E0.00024
G1 X87.288 Y116.374 E0.00182
G0 F24000 X86.888 Y115.682
G1 F528 X86.888 Y120.608 E0.00246
G1 X133.108 Y120.608 E0.02306
G1 X133.108 Y115.678 E0.00246
G1 X129.398 Y117.824 E0.00214
G1 X129.169 Y117.94 E0.00013
G1 X128.993 Y118.016 E0.0001
G1 X128.543 Y118.156 E0.00024
G1 X128.316 Y118.2 E0.00012
G1 X127.983 Y118.232 E0.00017
G1 X127.748 Y118.236 E0.00012
G1 X127.332 Y118.197 E0.00021
G1 X127.124 Y118.157 E0.00011
G1 X126.711 Y118.035 E0.00021
G1 X126.583 Y117.983 E0.00007
G1 X126.313 Y117.851 E0.00015
G1 X122.062 Y115.402 E0.00245
G1 X121.887 Y115.301 E0.0001
G1 X121.712 Y115.402 E0.0001
G1 X117.512 Y117.826 E0.00242
G1 X117.274 Y117.947 E0.00013
G1 X116.982 Y118.061 E0.00016
G1 X116.802 Y118.117 E0.00009
G1 X116.528 Y118.184 E0.00014
G1 X116.221 Y118.222 E0.00015
G1 X115.856 Y118.236 E0.00018
G1 X115.481 Y118.204 E0.00019
G1 X115.366 Y118.185 E0.00006
G1 X115.057 Y118.108 E0.00016
G1 X114.861 Y118.044 E0.0001
G1 X114.447 Y117.86 E0.00023
G1 X110.172 Y115.402 E0.00246
G1 X109.996 Y115.301 E0.0001
G1 X109.821 Y115.402 E0.0001
G1 X105.596 Y117.838 E0.00243
G1 X105.347 Y117.962 E0.00014
G1 X104.977 Y118.1 E0.0002
G1 X104.612 Y118.192 E0.00019
G1 X104.262 Y118.229 E0.00018
G1 X103.968 Y118.236 E0.00015
G1 X103.578 Y118.202 E0.0002
G1 X103.378 Y118.166 E0.0001
G1 X102.93 Y118.035 E0.00023
G1 X102.794 Y117.979 E0.00007
G1 X102.531 Y117.85 E0.00015
G1 X98.295 Y115.402 E0.00244
G1 X98.113 Y115.297 E0.0001
G1 X97.931 Y115.402 E0.0001
G1 X93.773 Y117.805 E0.0024
G1 X93.473 Y117.955 E0.00017
G1 X93.1 Y118.096 E0.0002
G1 X92.836 Y118.166 E0.00014
G1 X92.664 Y118.2 E0.00009
G1 X92.284 Y118.232 E0.00019
G1 X92.064 Y118.232 E0.00011
G1 X91.702 Y118.203 E0.00018
G1 X91.582 Y118.183 E0.00006
G1 X91.211 Y118.087 E0.00019
G1 X91.007 Y118.015 E0.00011
G1 X90.64 Y117.846 E0.0002
G1 X86.888 Y115.682 E0.00216
G0 F24000 X86.026 Y113.003
G0 X85.968 Y112.646
G0 X85.97 Y107.331
G0 X86.888 Y104.318
G1 F528 X90.265 Y102.363 E0.00195
G1 X90.788 Y102.145 E0.00028
G1 X90.988 Y102.101 E0.0001
G1 X91.368 Y102.068 E0.00019
G1 X92.964 Y102.068 E0.0008
G1 X93.544 Y102.145 E0.00029
G1 X94.064 Y102.362 E0.00028
G1 X98.111 Y104.698 E0.00233
G1 X102.16 Y102.362 E0.00233
G1 X102.681 Y102.145 E0.00028
G1 X102.88 Y102.101 E0.0001
G1 X103.26 Y102.068 E0.00019
G1 X104.848 Y102.068 E0.00079
G1 X105.427 Y102.145 E0.00029
G1 X105.947 Y102.361 E0.00028
G1 X110.001 Y104.699 E0.00233
G1 X114.048 Y102.362 E0.00233
G1 X114.569 Y102.145 E0.00028
G1 X114.768 Y102.101 E0.0001
G1 X115.148 Y102.068 E0.00019
G1 X116.736 Y102.068 E0.00079
G1 X117.315 Y102.145 E0.00029
G1 X117.835 Y102.361 E0.00028
G1 X121.888 Y104.698 E0.00233
G1 X125.936 Y102.362 E0.00233
G1 X126.457 Y102.145 E0.00028
G1 X126.656 Y102.101 E0.0001
G1 X127.036 Y102.068 E0.00019
G1 X128.624 Y102.068 E0.00079
G1 X129.203 Y102.145 E0.00029
G1 X129.724 Y102.362 E0.00028
G1 X133.108 Y104.314 E0.00195
G1 X133.108 Y99.388 E0.00246
G1 X86.888 Y99.388 E0.02306
G1 X86.888 Y104.318 E0.00246
G0 F24000 X86.488 Y105.012
G1 F528 X90.466 Y102.709 E0.00229
G1 X90.893 Y102.531 E0.00023
G1 X91.057 Y102.495 E0.00008
G1 X91.368 Y102.468 E0.00016
G1 X92.964 Y102.468 E0.0008
G1 X93.438 Y102.531 E0.00024
G1 X93.864 Y102.709 E0.00023
G1 X97.961 Y105.072 E0.00236
G1 X98.111 Y105.17 E0.00009
G1 X98.269 Y105.068 E0.00009
G1 X102.36 Y102.708 E0.00236
G1 X102.787 Y102.531 E0.00023
G1 X102.949 Y102.495 E0.00008
G1 X103.26 Y102.468 E0.00016
G1 X104.848 Y102.468 E0.00079
G1 X105.321 Y102.531 E0.00024
G1 X105.747 Y102.708 E0.00023
G1 X109.864 Y105.08 E0.00237
G1 X110 Y105.169 E0.00008
G1 X110.105 Y105.1 E0.00006
G1 X114.248 Y102.709 E0.00239
G1 X114.674 Y102.531 E0.00023
G1 X114.837 Y102.495 E0.00008
G1 X115.148 Y102.468 E0.00016
G1 X116.736 Y102.468 E0.00079
G1 X117.21 Y102.531 E0.00024
G1 X117.636 Y102.708 E0.00023
G1 X121.776 Y105.096 E0.00238
G1 X121.884 Y105.17 E0.00007
G1 X121.992 Y105.1 E0.00006
G1 X126.136 Y102.709 E0.00239
G1 X126.562 Y102.531 E0.00023
G1 X126.725 Y102.495 E0.00008
G1 X127.036 Y102.468 E0.00016
G1 X128.624 Y102.468 E0.00079
G1 X129.098 Y102.531 E0.00024
G1 X129.524 Y102.709 E0.00023
G1 X133.508 Y105.006 E0.00229
G1 X133.508 Y98.988 E0.003
G1 X86.488 Y98.988 E0.02346
G1 X86.488 Y105.012 E0.00301
G0 F24000 X85.97 Y107.331
G0 X85.968 Y112.115
G0 X86.488 Y121.008
G1 F528 X133.508 Y121.008 E0.02346
G1 X133.508 Y115.402 E0.0028
G1 X133.508 Y114.984 E0.00021
G1 X132.786 Y115.402 E0.00042
G1 X129.198 Y117.478 E0.00207
G1 X129.01 Y117.573 E0.00011
G1 X128.834 Y117.649 E0.0001
G1 X128.466 Y117.763 E0.00019
G1 X128.247 Y117.806 E0.00011
G1 X127.975 Y117.832 E0.00014
G1 X127.748 Y117.836 E0.00011
G1 X127.408 Y117.804 E0.00017
G1 X127.2 Y117.765 E0.00011
G1 X126.862 Y117.664 E0.00018
G1 X126.734 Y117.612 E0.00007
G1 X126.513 Y117.504 E0.00012
G1 X122.862 Y115.402 E0.0021
G1 X122.041 Y114.929 E0.00047
G1 X121.886 Y114.827 E0.00009
G1 X121.731 Y114.929 E0.00009
G1 X120.911 Y115.402 E0.00047
G1 X117.312 Y117.479 E0.00207
G1 X117.102 Y117.585 E0.00012
G1 X116.863 Y117.679 E0.00013
G1 X116.683 Y117.735 E0.00009
G1 X116.459 Y117.79 E0.00012
G1 X116.176 Y117.824 E0.00014
G1 X115.856 Y117.836 E0.00016
G1 X115.549 Y117.81 E0.00015
G1 X115.434 Y117.791 E0.00006
G1 X115.181 Y117.728 E0.00013
G1 X114.985 Y117.663 E0.0001
G1 X114.646 Y117.513 E0.00018
G1 X110.975 Y115.402 E0.00211
G1 X110.123 Y114.912 E0.00049
G1 X109.999 Y114.828 E0.00007
G1 X109.007 Y115.402 E0.00057
G1 X105.396 Y117.492 E0.00208
G1 X105.069 Y117.645 E0.00018
G1 X104.727 Y117.755 E0.00018
G1 X104.543 Y117.798 E0.00009
G1 X104.23 Y117.831 E0.00016
G1 X103.968 Y117.836 E0.00013
G1 X103.648 Y117.808 E0.00016
G1 X103.449 Y117.772 E0.0001
G1 X103.082 Y117.665 E0.00019
G1 X102.946 Y117.609 E0.00007
G1 X102.731 Y117.503 E0.00012
G1 X99.1 Y115.402 E0.00209
G1 X98.112 Y114.83 E0.00057
G1 X97.124 Y115.402 E0.00057
G1 X93.573 Y117.459 E0.00205
G1 X93.303 Y117.593 E0.00015
G1 X92.974 Y117.716 E0.00018
G1 X92.595 Y117.806 E0.00019
G1 X92.284 Y117.832 E0.00016
G1 X92.064 Y117.832 E0.00011
G1 X91.767 Y117.808 E0.00015
G1 X91.648 Y117.788 E0.00006
G1 X91.344 Y117.71 E0.00016
G1 X91.141 Y117.638 E0.00011
G1 X90.84 Y117.5 E0.00017
G1 X87.202 Y115.402 E0.0021
G1 X86.488 Y114.99 E0.00041
G1 X86.488 Y115.402 E0.00021
G1 X86.488 Y121.008 E0.0028
G0 F24000 X86.088 Y114.191
G1 F528 X86.088 Y114.302 E0.00006
G1 X86.088 Y115.402 E0.00055
G1 X86.088 Y121.408 E0.003
G1 X133.908 Y121.408 E0.02386
G1 X133.908 Y115.402 E0.003
G1 X133.908 Y114.302 E0.00055
G1 X133.908 Y114.193 E0.00005
G1 X133.786 Y114.302 E0.00008
G1 X133.658 Y114.417 E0.00009
G1 X133.478 Y114.54 E0.00011
G1 X132.16 Y115.302 E0.00076
G1 X128.997 Y117.132 E0.00182
G1 X128.852 Y117.206 E0.00008
G1 X128.675 Y117.281 E0.0001
G1 X128.389 Y117.37 E0.00015
G1 X128.178 Y117.412 E0.00011
G1 X127.966 Y117.432 E0.00011
G1 X127.748 Y117.436 E0.00011
G1 X127.483 Y117.411 E0.00013
G1 X127.275 Y117.372 E0.00011
G1 X127.013 Y117.294 E0.00014
G1 X126.713 Y117.158 E0.00016
G1 X123.499 Y115.307 E0.00185
G1 X122.24 Y114.582 E0.00072
G1 X122.001 Y114.419 E0.00014
G1 X121.885 Y114.321 E0.00008
G1 X121.755 Y114.429 E0.00008
G1 X121.531 Y114.582 E0.00014
G1 X120.275 Y115.307 E0.00072
G1 X117.112 Y117.133 E0.00182
G1 X116.93 Y117.224 E0.0001
G1 X116.745 Y117.297 E0.0001
G1 X116.39 Y117.396 E0.00018
G1 X116.131 Y117.427 E0.00013
G1 X115.856 Y117.436 E0.00014
G1 X115.617 Y117.416 E0.00012
G1 X115.305 Y117.347 E0.00016
G1 X115.109 Y117.283 E0.0001
G1 X114.846 Y117.166 E0.00014
G1 X111.612 Y115.307 E0.00186
G1 X110.335 Y114.573 E0.00073
G1 X110.165 Y114.457 E0.0001
G1 X110 Y114.323 E0.00011
G1 X109.733 Y114.527 E0.00017
G1 X108.387 Y115.304 E0.00078
G1 X105.196 Y117.145 E0.00184
G1 X105.038 Y117.224 E0.00009
G1 X104.757 Y117.331 E0.00015
G1 X104.474 Y117.404 E0.00015
G1 X104.346 Y117.42 E0.00006
G1 X103.968 Y117.436 E0.00019
G1 X103.719 Y117.414 E0.00012
G1 X103.519 Y117.378 E0.0001
G1 X103.234 Y117.295 E0.00015
G1 X102.931 Y117.157 E0.00017
G1 X99.726 Y115.303 E0.00185
G1 X98.338 Y114.5 E0.0008
G1 X98.111 Y114.324 E0.00014
G1 X97.978 Y114.434 E0.00009
G1 X97.808 Y114.549 E0.0001
G1 X96.5 Y115.305 E0.00075
G1 X93.373 Y117.113 E0.0018
G1 X93.133 Y117.231 E0.00013
G1 X92.847 Y117.337 E0.00015
G1 X92.526 Y117.412 E0.00016
G1 X92.284 Y117.432 E0.00012
G1 X92.064 Y117.432 E0.00011
G1 X91.833 Y117.414 E0.00012
G1 X91.714 Y117.394 E0.00006
G1 X91.478 Y117.333 E0.00012
G1 X91.274 Y117.261 E0.00011
G1 X91.04 Y117.153 E0.00013
G1 X87.838 Y115.307 E0.00184
G1 X86.56 Y114.57 E0.00074
G1 X86.42 Y114.477 E0.00008
G1 X86.213 Y114.313 E0.00013
G1 X86.202 Y114.302 E0.00001
G1 X86.088 Y114.191 E0.00008
G0 F24000 X85.968 Y112.646
G0 X85.97 Y107.862
G0 X86.088 Y105.806
G1 F528 X86.338 Y105.579 E0.00017
G1 X86.518 Y105.456 E0.00011
G1 X90.666 Y103.056 E0.00239
G1 X90.998 Y102.917 E0.00018
G1 X91.126 Y102.889 E0.00007
G1 X91.368 Y102.868 E0.00012
G1 X92.964 Y102.868 E0.0008
G1 X93.333 Y102.917 E0.00019
G1 X93.664 Y103.055 E0.00018
G1 X97.761 Y105.419 E0.00236
G1 X97.977 Y105.563 E0.00013
G1 X98.111 Y105.675 E0.00009
G1 X98.245 Y105.564 E0.00009
G1 X98.468 Y105.415 E0.00013
G1 X102.56 Y103.055 E0.00236
G1 X102.892 Y102.917 E0.00018
G1 X103.018 Y102.889 E0.00006
G1 X103.26 Y102.868 E0.00012
G1 X104.848 Y102.868 E0.00079
G1 X105.216 Y102.917 E0.00019
G1 X105.547 Y103.055 E0.00018
G1 X109.674 Y105.434 E0.00238
G1 X109.878 Y105.57 E0.00012
G1 X109.996 Y105.672 E0.00008
G1 X110.118 Y105.574 E0.00008
G1 X110.311 Y105.443 E0.00012
G1 X114.448 Y103.055 E0.00238
G1 X114.779 Y102.917 E0.00018
G1 X114.906 Y102.889 E0.00006
G1 X115.148 Y102.868 E0.00012
G1 X116.736 Y102.868 E0.00079
G1 X117.105 Y102.917 E0.00019
G1 X117.436 Y103.055 E0.00018
G1 X121.562 Y105.435 E0.00238
G1 X121.748 Y105.564 E0.00011
G1 X121.883 Y105.673 E0.00009
G1 X122.131 Y105.484 E0.00016
G1 X126.336 Y103.055 E0.00242
G1 X126.667 Y102.917 E0.00018
G1 X126.794 Y102.889 E0.00006
G1 X127.036 Y102.868 E0.00012
G1 X128.624 Y102.868 E0.00079
G1 X128.993 Y102.917 E0.00019
G1 X129.324 Y103.055 E0.00018
G1 X133.436 Y105.426 E0.00237
G1 X133.577 Y105.519 E0.00008
G1 X133.783 Y105.683 E0.00013
G1 X133.908 Y105.803 E0.00009
G1 X133.908 Y98.588 E0.0036
G1 X86.088 Y98.588 E0.02386
G1 X86.088 Y105.806 E0.0036
G0 F24000 X86.144 Y106.363
G1 F528 X86.308 Y106.153 E0.00013
G1 X86.506 Y105.958 E0.00014
G1 X86.719 Y105.802 E0.00013
G1 X90.867 Y103.402 E0.00239
G1 X91.104 Y103.303 E0.00013
G1 X91.195 Y103.283 E0.00005
G1 X91.368 Y103.268 E0.00009
G1 X92.964 Y103.268 E0.0008
G1 X93.228 Y103.303 E0.00013
G1 X93.464 Y103.401 E0.00013
G1 X97.561 Y105.765 E0.00236
G1 X97.745 Y105.889 E0.00011
G1 X97.86 Y105.985 E0.00007
G1 X98.028 Y106.151 E0.00012
G1 X98.111 Y106.246 E0.00006
G1 X98.249 Y106.092 E0.0001
G1 X98.358 Y105.987 E0.00008
G1 X98.474 Y105.892 E0.00007
G1 X98.668 Y105.761 E0.00012
G1 X102.76 Y103.401 E0.00236
G1 X102.997 Y103.303 E0.00013
G1 X103.087 Y103.283 E0.00005
G1 X103.26 Y103.268 E0.00009
G1 X104.848 Y103.268 E0.00079
G1 X105.111 Y103.303 E0.00013
G1 X105.348 Y103.401 E0.00013
G1 X109.457 Y105.77 E0.00237
G1 X109.635 Y105.888 E0.00011
G1 X109.831 Y106.065 E0.00013
G1 X109.996 Y106.256 E0.00013
G1 X110.072 Y106.16 E0.00006
G1 X110.271 Y105.961 E0.00014
G1 X110.532 Y105.777 E0.00016
G1 X114.648 Y103.401 E0.00237
G1 X114.884 Y103.303 E0.00013
G1 X114.975 Y103.283 E0.00005
G1 X115.148 Y103.268 E0.00009
G1 X116.736 Y103.268 E0.00079
G1 X117 Y103.303 E0.00013
G1 X117.236 Y103.401 E0.00013
G1 X121.349 Y105.773 E0.00237
G1 X121.513 Y105.887 E0.0001
G1 X121.741 Y106.086 E0.00015
G1 X121.885 Y106.254 E0.00011
G1 X122.112 Y106.003 E0.00017
G1 X122.348 Y105.82 E0.00015
G1 X126.536 Y103.401 E0.00241
G1 X126.772 Y103.303 E0.00013
G1 X126.863 Y103.283 E0.00005
G1 X127.036 Y103.268 E0.00009
G1 X128.624 Y103.268 E0.00079
G1 X128.888 Y103.303 E0.00013
G1 X129.124 Y103.401 E0.00013
G1 X133.236 Y105.773 E0.00237
G1 X133.433 Y105.911 E0.00012
G1 X133.615 Y106.072 E0.00012
G1 X133.743 Y106.217 E0.0001
G1 X133.864 Y106.381 E0.0001
G1 X133.946 Y106.513 E0.00008
G1 X134.072 Y106.79 E0.00015
G1 F529.3 X134.077 Y106.81 E0.00001
G1 F532 X134.083 Y106.83 E0.00001
G1 F534.7 X134.089 Y106.85 E0.00001
G1 F537.4 X134.094 Y106.87 E0.00001
G1 F540.2 X134.1 Y106.891 E0.00001
G1 F542.9 X134.101 Y106.902 E0.00001
G1 F548.6 X134.102 Y106.912 E0
G1 F554.3 X134.102 Y106.922 E0
G1 F560.2 X134.103 Y106.932 E0
G1 F564.7 X134.103 Y106.942 E0
G1 F570.8 X134.104 Y106.952 E0
G1 F577 X134.104 Y106.962 E0
G1 F583.4 X134.105 Y106.972 E0
G1 F589.9 X134.105 Y106.982 E0
G1 F594.9 X134.106 Y106.992 E0
G1 F601.7 X134.106 Y107.002 E0
G1 F608.6 X134.107 Y107.012 E0
G1 F615.7 X134.107 Y107.022 E0
G1 F621.2 X134.108 Y107.035 E0.00001
G1 F626.7 X134.108 Y107.045 E0
G1 F634.2 X134.108 Y107.055 E0
G1 F640 X134.108 Y107.065 E0
G1 F645.9 X134.108 Y107.075 E0
G1 F653.9 X134.108 Y107.085 E0
G1 F660 X134.108 Y107.095 E0
G1 F666.2 X134.109 Y107.105 E0
G1 F674.8 X134.109 Y107.115 E0
G1 F681.3 X134.109 Y107.125 E0
G1 F687.9 X134.109 Y107.135 E0
G1 F694.7 X134.109 Y107.145 E0
G1 F704 X134.109 Y107.155 E0
G1 F711.1 X134.109 Y107.165 E0
G1 F718.4 X134.109 Y107.175 E0
G1 F728.3 X134.11 Y107.185 E0
G1 F735.9 X134.11 Y107.195 E0
G1 F743.7 X134.11 Y107.205 E0
G1 F754.3 X134.11 Y107.215 E0
G1 F762.5 X134.11 Y107.225 E0
G1 F770.8 X134.11 Y107.235 E0
G1 F782.2 X134.11 Y107.245 E0
G1 F791 X134.11 Y107.255 E0
G1 F797 X134.112 Y107.28 E0.00001
G1 F800 X134.113 Y107.304 E0.00001
G1 F803 X134.115 Y107.328 E0.00001
G1 F806.1 X134.116 Y107.352 E0.00001
G1 F812.3 X134.118 Y107.376 E0.00001
G1 F815.4 X134.119 Y107.4 E0.00001
G1 F818.6 X134.121 Y107.424 E0.00001
G1 X134.121 Y107.52 E0.00003
G1 X134.121 Y107.619 E0.00003
G1 X134.121 Y107.718 E0.00003
G1 X134.121 Y107.817 E0.00003
G1 X134.121 Y107.916 E0.00003
G1 X134.121 Y108.015 E0.00003
G1 X134.121 Y108.114 E0.00003
G1 X134.121 Y108.213 E0.00003
G1 X134.121 Y108.312 E0.00003
G1 X134.121 Y108.411 E0.00003
G1 X134.121 Y108.51 E0.00003
G1 X134.121 Y108.609 E0.00003
G1 X134.121 Y108.708 E0.00003
G1 X134.121 Y108.807 E0.00003
G1 X134.121 Y108.906 E0.00003
G1 X134.121 Y109.005 E0.00003
G1 X134.121 Y109.104 E0.00003
G1 X134.12 Y109.203 E0.00003
G1 X134.12 Y109.302 E0.00003
G1 X134.12 Y109.401 E0.00003
G1 X134.12 Y109.5 E0.00003
G1 X134.12 Y109.599 E0.00003
G1 X134.12 Y109.698 E0.00003
G1 X134.12 Y109.797 E0.00003
G1 X134.12 Y109.896 E0.00003
G1 X134.12 Y109.995 E0.00003
G1 F815.4 X134.12 Y110.094 E0.00003
G1 X134.12 Y110.193 E0.00003
G1 X134.12 Y110.292 E0.00003
G1 X134.12 Y110.391 E0.00003
G1 X134.12 Y110.49 E0.00003
G1 X134.12 Y110.589 E0.00003
G1 X134.12 Y110.688 E0.00003
G1 X134.12 Y110.787 E0.00003
G1 X134.119 Y110.886 E0.00003
G1 X134.119 Y110.985 E0.00003
G1 X134.119 Y111.084 E0.00003
G1 X134.119 Y111.183 E0.00003
G1 X134.119 Y111.282 E0.00003
G1 X134.119 Y111.381 E0.00003
G1 X134.119 Y111.48 E0.00003
G1 X134.119 Y111.579 E0.00003
G1 X134.119 Y111.678 E0.00003
G1 X134.119 Y111.777 E0.00003
G1 X134.119 Y111.876 E0.00003
G1 X134.119 Y111.975 E0.00003
G1 X134.119 Y112.074 E0.00003
G1 X134.119 Y112.173 E0.00003
G1 X134.119 Y112.272 E0.00003
G1 X134.119 Y112.371 E0.00003
G1 X134.119 Y112.47 E0.00003
G1 X134.119 Y112.569 E0.00003
G1 F812.3 X134.117 Y112.621 E0.00002
G1 F809.2 X134.116 Y112.649 E0.00001
G1 F803 X134.114 Y112.677 E0.00001
G1 F800 X134.113 Y112.705 E0.00001
G1 F797 X134.111 Y112.733 E0.00001
G1 F794 X134.11 Y112.746 E0
G1 F791 X134.108 Y112.76 E0
G1 F788.1 X134.107 Y112.774 E0
G1 F785.1 X134.105 Y112.788 E0
G1 F782.2 X134.104 Y112.802 E0
G1 F779.3 X134.102 Y112.816 E0
G1 F773.6 X134.1 Y112.83 E0
G1 F770.8 X134.099 Y112.844 E0
G1 F768 X134.097 Y112.858 E0
G1 F765.2 X134.096 Y112.872 E0
G1 F762.5 X134.094 Y112.886 E0
G1 F759.7 X134.092 Y112.9 E0
G1 F757 X134.091 Y112.914 E0
G1 F751.6 X134.088 Y112.938 E0.00001
G1 F746.3 X134.088 Y112.948 E0
G1 F735.9 X134.087 Y112.958 E0
G1 F728.3 X134.086 Y112.968 E0
G1 F718.4 X134.085 Y112.978 E0
G1 F711.1 X134.084 Y112.988 E0
G1 F704 X134.083 Y112.998 E0
G1 F694.7 X134.083 Y113.008 E0
G1 F687.9 X134.082 Y113.018 E0
G1 F679.1 X134.081 Y113.028 E0
G1 F672.6 X134.08 Y113.038 E0
G1 F664.2 X134.079 Y113.048 E0
G1 F657.9 X134.078 Y113.058 E0
G1 F651.9 X134.078 Y113.068 E0
G1 F643.9 X134.077 Y113.078 E0
G1 F638.1 X134.075 Y113.091 E0.00001
G1 F632.3 X134.073 Y113.101 E0
G1 F626.7 X134.071 Y113.111 E0
G1 F621.2 X134.07 Y113.121 E0
G1 F615.7 X134.068 Y113.131 E0
G1 F608.6 X134.066 Y113.14 E0
G1 F603.4 X134.064 Y113.15 E0
G1 F598.3 X134.063 Y113.16 E0
G1 F593.3 X134.061 Y113.17 E0
G1 F588.3 X134.059 Y113.18 E0
G1 F583.4 X134.057 Y113.19 E0
G1 F578.6 X134.054 Y113.204 E0.00001
G1 F575.5 X134.051 Y113.214 E0
G1 F570.8 X134.049 Y113.223 E0
G1 F566.2 X134.046 Y113.233 E0
G1 F563.2 X134.043 Y113.243 E0
G1 F558.7 X134.041 Y113.252 E0
G1 F555.8 X134.038 Y113.262 E0
G1 F551.4 X134.036 Y113.272 E0
G1 F548.6 X134.033 Y113.281 E0
G1 F544.3 X134.03 Y113.291 E0.00001
G1 F540.2 X134.028 Y113.301 E0
G1 F537.4 X134.025 Y113.31 E0
G1 F533.3 X134.023 Y113.32 E0.00001
G1 F530.7 X134.02 Y113.33 E0.00001
G1 F528 X133.935 Y113.499 E0.00009
G1 X133.789 Y113.727 E0.00014
G1 X133.68 Y113.856 E0.00008
G1 X133.568 Y113.968 E0.00008
G1 X133.406 Y114.106 E0.00011
G1 X133.277 Y114.194 E0.00008
G1 X133.09 Y114.302 E0.00011
G1 X132.053 Y114.902 E0.0006
G1 X128.797 Y116.786 E0.00188
G1 X128.517 Y116.914 E0.00015
G1 X128.312 Y116.978 E0.00011
G1 X128.109 Y117.018 E0.0001
G1 X127.958 Y117.032 E0.00008
G1 X127.748 Y117.036 E0.0001
G1 X127.559 Y117.019 E0.00009
G1 X127.351 Y116.979 E0.00011
G1 X127.163 Y116.923 E0.0001
G1 X126.912 Y116.811 E0.00014
G1 X123.607 Y114.907 E0.0019
G1 X122.556 Y114.302 E0.00061
G1 X122.44 Y114.235 E0.00007
G1 X122.237 Y114.096 E0.00012
G1 X122.134 Y114.009 E0.00007
G1 X121.972 Y113.849 E0.00011
G1 X121.887 Y113.743 E0.00007
G1 X121.732 Y113.92 E0.00012
G1 X121.535 Y114.094 E0.00013
G1 X121.331 Y114.236 E0.00012
G1 X121.217 Y114.302 E0.00007
G1 X120.167 Y114.907 E0.0006
G1 X116.912 Y116.786 E0.00188
G1 X116.758 Y116.863 E0.00009
G1 X116.626 Y116.915 E0.00007
G1 X116.321 Y117.002 E0.00016
G1 X116.086 Y117.03 E0.00012
G1 X115.856 Y117.036 E0.00011
G1 X115.685 Y117.022 E0.00009
G1 X115.429 Y116.967 E0.00013
G1 X115.233 Y116.903 E0.0001
G1 X115.045 Y116.82 E0.0001
G1 X111.719 Y114.909 E0.00191
G1 X110.664 Y114.302 E0.00061
G1 X110.577 Y114.252 E0.00005
G1 X110.317 Y114.069 E0.00016
G1 X110.162 Y113.932 E0.0001
G1 X109.997 Y113.74 E0.00013
G1 X109.835 Y113.931 E0.00012
G1 X109.699 Y114.056 E0.00009
G1 X109.517 Y114.19 E0.00011
G1 X109.323 Y114.302 E0.00011
G1 X108.28 Y114.904 E0.0006
G1 X104.996 Y116.799 E0.00189
G1 X104.883 Y116.855 E0.00006
G1 X104.647 Y116.946 E0.00013
G1 X104.405 Y117.01 E0.00012
G1 X104.165 Y117.033 E0.00012
G1 X103.968 Y117.036 E0.0001
G1 X103.79 Y117.021 E0.00009
G1 X103.59 Y116.985 E0.0001
G1 X103.387 Y116.925 E0.00011
G1 X103.131 Y116.81 E0.00014
G1 X99.834 Y114.904 E0.0019
G1 X98.792 Y114.302 E0.0006
G1 X98.56 Y114.168 E0.00013
G1 X98.378 Y114.027 E0.00011
G1 X98.264 Y113.916 E0.00008
G1 X98.112 Y113.742 E0.00012
G1 X97.951 Y113.927 E0.00012
G1 X97.849 Y114.024 E0.00007
G1 X97.664 Y114.168 E0.00012
G1 X97.432 Y114.302 E0.00013
G1 X96.392 Y114.904 E0.0006
G1 X93.173 Y116.766 E0.00186
G1 X92.962 Y116.869 E0.00012
G1 X92.721 Y116.957 E0.00013
G1 X92.457 Y117.018 E0.00014
G1 X92.284 Y117.032 E0.00009
G1 X92.064 Y117.032 E0.00011
G1 X91.899 Y117.019 E0.00008
G1 X91.779 Y116.999 E0.00006
G1 X91.611 Y116.956 E0.00009
G1 X91.407 Y116.884 E0.00011
G1 X91.24 Y116.807 E0.00009
G1 X87.946 Y114.907 E0.0019
G1 X86.897 Y114.302 E0.0006
G1 X86.76 Y114.223 E0.00008
G1 X86.66 Y114.157 E0.00006
G1 X86.485 Y114.019 E0.00011
G1 X86.381 Y113.923 E0.00007
G1 X86.252 Y113.779 E0.0001
G1 X86.132 Y113.615 E0.0001
G1 X86.045 Y113.472 E0.00008
G1 X85.989 Y113.359 E0.00006
G1 F529.3 X85.986 Y113.35 E0
G1 F532 X85.983 Y113.34 E0.00001
G1 F534.7 X85.98 Y113.331 E0
G1 F537.4 X85.977 Y113.321 E0.00001
G1 F540.2 X85.974 Y113.312 E0
G1 F542.9 X85.971 Y113.302 E0.00001
G1 F544.3 X85.968 Y113.293 E0
G1 F547.2 X85.965 Y113.283 E0.00001
G1 F550 X85.962 Y113.274 E0
G1 F552.9 X85.959 Y113.264 E0
G1 F555.8 X85.956 Y113.255 E0
G1 F558.7 X85.953 Y113.245 E0
G1 F561.7 X85.951 Y113.234 E0.00001
G1 F566.2 X85.949 Y113.224 E0
G1 F570.8 X85.947 Y113.214 E0
G1 F575.5 X85.945 Y113.204 E0
G1 F580.2 X85.943 Y113.194 E0
G1 F585 X85.941 Y113.184 E0
G1 F589.9 X85.939 Y113.175 E0
G1 F596.6 X85.937 Y113.165 E0
G1 F601.7 X85.936 Y113.155 E0
G1 F606.9 X85.934 Y113.145 E0
G1 F612.2 X85.932 Y113.135 E0
G1 F617.5 X85.93 Y113.125 E0
G1 F623 X85.928 Y113.115 E0
G1 F628.6 X85.927 Y113.103 E0.00001
G1 F636.1 X85.926 Y113.093 E0
G1 F641.9 X85.925 Y113.083 E0
G1 F647.9 X85.924 Y113.073 E0
G1 F655.9 X85.923 Y113.063 E0
G1 F662.1 X85.922 Y113.053 E0
G1 F668.4 X85.921 Y113.043 E0
G1 F676.9 X85.92 Y113.033 E0
G1 F683.5 X85.919 Y113.023 E0
G1 F692.5 X85.918 Y113.013 E0
G1 F699.3 X85.917 Y113.003 E0
G1 F706.4 X85.916 Y112.993 E0
G1 F715.9 X85.915 Y112.983 E0
G1 F723.3 X85.915 Y112.973 E0
G1 F730.8 X85.914 Y112.963 E0
G1 F741.1 X85.913 Y112.953 E0
G1 F746.3 X85.911 Y112.941 E0
G1 F748.9 X85.91 Y112.93 E0
G1 F751.6 X85.908 Y112.919 E0
G1 F754.3 X85.907 Y112.908 E0
G1 F757 X85.906 Y112.897 E0
G1 X85.904 Y112.886 E0
G1 F759.7 X85.903 Y112.875 E0
G1 F762.5 X85.902 Y112.864 E0
G1 F765.2 X85.9 Y112.853 E0
G1 F768 X85.899 Y112.842 E0
G1 F770.8 X85.898 Y112.832 E0
G1 F773.6 X85.896 Y112.821 E0
G1 F776.5 X85.895 Y112.81 E0
G1 F779.3 X85.894 Y112.799 E0
G1 F782.2 X85.892 Y112.788 E0
G1 F785.1 X85.891 Y112.777 E0
G1 X85.89 Y112.766 E0
G1 F788.1 X85.888 Y112.755 E0
G1 F791 X85.887 Y112.744 E0
G1 F794 X85.886 Y112.733 E0
G1 F797 X85.884 Y112.723 E0
G1 F800 X85.884 Y112.706 E0.00001
G1 F803 X85.882 Y112.68 E0.00001
G1 F806.1 X85.881 Y112.654 E0.00001
G1 F812.3 X85.879 Y112.628 E0.00001
G1 F815.4 X85.877 Y112.602 E0.00001
G1 F818.6 X85.876 Y112.576 E0.00001
G1 X85.875 Y112.475 E0.00003
G1 X85.875 Y112.375 E0.00003
G1 X85.875 Y112.275 E0.00003
G1 X85.875 Y112.175 E0.00003
G1 X85.875 Y112.075 E0.00003
G1 X85.875 Y111.975 E0.00003
G1 X85.875 Y111.875 E0.00003
G1 X85.875 Y111.775 E0.00003
G1 X85.875 Y111.675 E0.00003
G1 X85.875 Y111.575 E0.00003
G1 X85.875 Y111.475 E0.00003
G1 X85.875 Y111.375 E0.00003
G1 X85.875 Y111.275 E0.00003
G1 X85.875 Y111.175 E0.00003
G1 X85.875 Y111.075 E0.00003
G1 X85.875 Y110.975 E0.00003
G1 X85.875 Y110.875 E0.00003
G1 X85.876 Y110.775 E0.00003
G1 X85.876 Y110.675 E0.00003
G1 X85.876 Y110.575 E0.00003
G1 X85.876 Y110.475 E0.00003
G1 X85.876 Y110.375 E0.00003
G1 X85.876 Y110.275 E0.00003
G1 X85.876 Y110.175 E0.00003
G1 X85.876 Y110.075 E0.00003
G1 X85.876 Y109.975 E0.00003
G1 F815.4 X85.876 Y109.875 E0.00003
G1 X85.876 Y109.775 E0.00003
G1 X85.876 Y109.675 E0.00003
G1 X85.876 Y109.575 E0.00003
G1 X85.876 Y109.475 E0.00003
G1 X85.876 Y109.375 E0.00003
G1 X85.876 Y109.275 E0.00003
G1 X85.876 Y109.175 E0.00003
G1 X85.877 Y109.075 E0.00003
G1 X85.877 Y108.975 E0.00003
G1 X85.877 Y108.875 E0.00003
G1 X85.877 Y108.775 E0.00003
G1 X85.877 Y108.675 E0.00003
G1 X85.877 Y108.575 E0.00003
G1 X85.877 Y108.475 E0.00003
G1 X85.877 Y108.375 E0.00003
G1 X85.877 Y108.275 E0.00003
G1 X85.877 Y108.175 E0.00003
G1 X85.877 Y108.075 E0.00003
G1 X85.877 Y107.975 E0.00003
G1 X85.877 Y107.875 E0.00003
G1 X85.877 Y107.775 E0.00003
G1 X85.877 Y107.675 E0.00003
G1 X85.877 Y107.575 E0.00003
G1 X85.877 Y107.475 E0.00003
G1 X85.878 Y107.375 E0.00003
G1 F812.3 X85.879 Y107.37 E0
G1 F806.1 X85.881 Y107.341 E0.00001
G1 F803 X85.882 Y107.312 E0.00001
G1 F800 X85.884 Y107.283 E0.00001
G1 F794 X85.886 Y107.254 E0.00001
G1 F791 X85.887 Y107.243 E0
G1 F788.1 X85.889 Y107.229 E0
G1 F785.1 X85.89 Y107.215 E0
G1 F782.2 X85.892 Y107.201 E0
G1 F779.3 X85.894 Y107.187 E0
G1 F776.5 X85.895 Y107.173 E0
G1 F770.8 X85.897 Y107.159 E0
G1 F768 X85.898 Y107.145 E0
G1 F765.2 X85.9 Y107.131 E0
G1 F762.5 X85.902 Y107.117 E0
G1 F759.7 X85.903 Y107.103 E0
G1 F757 X85.905 Y107.089 E0
G1 F754.3 X85.907 Y107.075 E0
G1 F748.9 X85.907 Y107.066 E0
G1 F738.5 X85.908 Y107.056 E0
G1 F730.8 X85.909 Y107.046 E0
G1 F723.3 X85.91 Y107.036 E0
G1 F713.5 X85.911 Y107.026 E0
G1 F706.4 X85.911 Y107.016 E0
G1 F697 X85.912 Y107.006 E0
G1 F690.2 X85.913 Y106.996 E0
G1 F683.5 X85.914 Y106.986 E0
G1 F674.8 X85.915 Y106.976 E0
G1 F668.4 X85.916 Y106.966 E0
G1 F662.1 X85.916 Y106.956 E0
G1 F653.9 X85.917 Y106.946 E0
G1 F647.9 X85.918 Y106.936 E0
G1 F640 X85.919 Y106.926 E0
G1 F634.2 X85.92 Y106.916 E0
G1 F628.6 X85.92 Y106.906 E0
G1 F621.2 X85.921 Y106.896 E0
G1 F615.7 X85.923 Y106.884 E0.00001
G1 F610.4 X85.925 Y106.874 E0
G1 F605.2 X85.927 Y106.864 E0
G1 F600 X85.929 Y106.854 E0
G1 F594.9 X85.931 Y106.844 E0
G1 F589.9 X85.933 Y106.834 E0
G1 F585 X85.934 Y106.825 E0
G1 F580.2 X85.936 Y106.815 E0
G1 F575.5 X85.938 Y106.805 E0
G1 F570.8 X85.94 Y106.795 E0
G1 F566.2 X85.942 Y106.785 E0
G1 F561.7 X85.944 Y106.775 E0
G1 F558.7 X85.947 Y106.766 E0
G1 F555.8 X85.95 Y106.756 E0
G1 F552.9 X85.953 Y106.747 E0
G1 F550 X85.956 Y106.737 E0.00001
G1 F547.2 X85.959 Y106.728 E0
G1 F544.3 X85.962 Y106.718 E0.00001
G1 F542.9 X85.965 Y106.709 E0
G1 F540.2 X85.968 Y106.699 E0.00001
G1 F537.4 X85.971 Y106.69 E0
G1 F534.7 X85.974 Y106.68 E0.00001
G1 F532 X85.977 Y106.671 E0
G1 F529.3 X85.98 Y106.661 E0.00001
G1 F528 X86.061 Y106.501 E0.00009
G1 X86.144 Y106.363 E0.00008
G0 F24000 X85.688 Y106.591
G1 F529.3 X85.688 Y106.602 E0.00001
G1 F532 X85.687 Y106.613 E0.00001
G1 F534.7 X85.686 Y106.624 E0.00001
G1 F536 X85.685 Y106.635 E0.00001
G1 F538.8 X85.684 Y106.646 E0.00001
G1 F541.5 X85.683 Y106.657 E0.00001
G1 F542.9 X85.682 Y106.668 E0.00001
G1 F545.7 X85.681 Y106.679 E0.00001
G1 F548.6 X85.681 Y106.69 E0.00001
G1 F551.4 X85.68 Y106.701 E0.00001
G1 F552.9 X85.679 Y106.712 E0.00001
G1 F555.8 X85.678 Y106.723 E0.00001
G1 F558.7 X85.677 Y106.734 E0.00001
G1 F561.7 X85.676 Y106.738 E0
G1 F566.2 X85.674 Y106.748 E0
G1 F570.8 X85.673 Y106.758 E0
G1 F575.5 X85.671 Y106.768 E0
G1 F580.2 X85.67 Y106.778 E0
G1 F585 X85.668 Y106.788 E0
G1 F589.9 X85.667 Y106.797 E0
G1 F594.9 X85.665 Y106.807 E0
G1 F600 X85.663 Y106.817 E0
G1 F605.2 X85.662 Y106.827 E0
G1 F610.4 X85.66 Y106.837 E0
G1 F615.7 X85.659 Y106.847 E0
G1 F621.2 X85.657 Y106.857 E0
G1 F626.7 X85.656 Y106.867 E0
G1 F632.3 X85.654 Y106.877 E0
G1 F638.1 X85.653 Y106.887 E0
G1 F643.9 X85.651 Y106.897 E0
G1 F649.8 X85.65 Y106.907 E0
G1 F655.9 X85.648 Y106.917 E0
G1 F662.1 X85.647 Y106.927 E0
G1 F668.4 X85.646 Y106.937 E0
G1 F674.8 X85.644 Y106.947 E0
G1 F683.5 X85.643 Y106.956 E0
G1 F690.2 X85.641 Y106.966 E0
G1 F697 X85.64 Y106.976 E0
G1 F704 X85.638 Y106.986 E0
G1 F711.1 X85.637 Y106.996 E0
G1 F718.4 X85.635 Y107.006 E0
G1 F725.8 X85.634 Y107.016 E0
G1 F733.3 X85.633 Y107.026 E0
G1 F741.1 X85.631 Y107.036 E0
G1 F748.9 X85.63 Y107.046 E0
G1 F754.3 X85.628 Y107.068 E0.00001
G1 F757 X85.627 Y107.082 E0
G1 F759.7 X85.627 Y107.096 E0
G1 F762.5 X85.626 Y107.11 E0
G1 F765.2 X85.626 Y107.124 E0
G1 F768 X85.625 Y107.138 E0
G1 F770.8 X85.625 Y107.152 E0
G1 F776.5 X85.624 Y107.166 E0
G1 F779.3 X85.624 Y107.18 E0
G1 F782.2 X85.623 Y107.194 E0
G1 F785.1 X85.623 Y107.208 E0
G1 F788.1 X85.622 Y107.222 E0
G1 F791 X85.621 Y107.236 E0
G1 F794 X85.621 Y107.263 E0.00001
G1 F797 X85.621 Y107.29 E0.00001
G1 F800 X85.62 Y107.317 E0.00001
G1 F806.1 X85.62 Y107.344 E0.00001
G1 F809.2 X85.619 Y107.371 E0.00001
G1 F812.3 X85.619 Y107.398 E0.00001
G1 F815.4 X85.618 Y107.499 E0.00003
G1 X85.618 Y107.599 E0.00003
G1 X85.618 Y107.699 E0.00003
G1 X85.618 Y107.799 E0.00003
G1 X85.618 Y107.899 E0.00003
G1 X85.618 Y107.999 E0.00003
G1 X85.618 Y108.099 E0.00003
G1 X85.618 Y108.199 E0.00003
G1 X85.618 Y108.299 E0.00003
G1 X85.618 Y108.399 E0.00003
G1 X85.618 Y108.499 E0.00003
G1 X85.618 Y108.599 E0.00003
G1 X85.618 Y108.699 E0.00003
G1 X85.618 Y108.799 E0.00003
G1 X85.618 Y108.899 E0.00003
G1 X85.618 Y108.999 E0.00003
G1 X85.618 Y109.099 E0.00003
G1 X85.618 Y109.199 E0.00003
G1 X85.618 Y109.299 E0.00003
G1 X85.618 Y109.399 E0.00003
G1 X85.618 Y109.499 E0.00003
G1 X85.618 Y109.599 E0.00003
G1 X85.618 Y109.699 E0.00003
G1 X85.618 Y109.799 E0.00003
G1 X85.618 Y109.899 E0.00003
G1 X85.618 Y109.999 E0.00003
G1 F818.6 X85.618 Y110.099 E0.00003
G1 X85.618 Y110.199 E0.00003
G1 X85.618 Y110.299 E0.00003
G1 X85.618 Y110.399 E0.00003
G1 X85.618 Y110.499 E0.00003
G1 X85.618 Y110.599 E0.00003
G1 X85.618 Y110.699 E0.00003
G1 X85.618 Y110.799 E0.00003
G1 X85.618 Y110.899 E0.00003
G1 X85.618 Y110.999 E0.00003
G1 X85.618 Y111.099 E0.00003
G1 X85.618 Y111.199 E0.00003
G1 X85.618 Y111.299 E0.00003
G1 X85.618 Y111.399 E0.00003
G1 X85.618 Y111.499 E0.00003
G1 X85.618 Y111.599 E0.00003
G1 X85.618 Y111.699 E0.00003
G1 X85.618 Y111.799 E0.00003
G1 X85.618 Y111.899 E0.00003
G1 X85.618 Y111.999 E0.00003
G1 X85.618 Y112.099 E0.00003
G1 X85.618 Y112.199 E0.00003
G1 X85.618 Y112.299 E0.00003
G1 X85.618 Y112.399 E0.00003
G1 X85.618 Y112.499 E0.00003
G1 X85.617 Y112.599 E0.00003
G1 X85.617 Y112.601 E0
G1 F815.4 X85.618 Y112.627 E0.00001
G1 F812.3 X85.618 Y112.653 E0.00001
G1 F809.2 X85.619 Y112.679 E0.00001
G1 F806.1 X85.619 Y112.705 E0.00001
G1 F803 X85.62 Y112.731 E0.00001
G1 F800 X85.621 Y112.757 E0.00001
G1 F797 X85.621 Y112.765 E0
G1 F794 X85.621 Y112.776 E0
G1 F791 X85.622 Y112.787 E0
G1 F788.1 X85.622 Y112.798 E0
G1 F785.1 X85.623 Y112.809 E0
G1 X85.623 Y112.82 E0
G1 F782.2 X85.624 Y112.831 E0
G1 F779.3 X85.624 Y112.842 E0
G1 F776.5 X85.625 Y112.853 E0
G1 F773.6 X85.625 Y112.864 E0
G1 F770.8 X85.626 Y112.875 E0
G1 F768 X85.626 Y112.886 E0
G1 F765.2 X85.626 Y112.897 E0
G1 F762.5 X85.627 Y112.908 E0
G1 F759.7 X85.627 Y112.919 E0
G1 X85.628 Y112.93 E0
G1 F757 X85.628 Y112.941 E0
G1 F754.3 X85.629 Y112.952 E0
G1 F751.6 X85.629 Y112.963 E0
G1 F748.9 X85.63 Y112.974 E0
G1 F746.3 X85.629 Y112.975 E0
G1 F741.1 X85.63 Y112.984 E0
G1 F733.3 X85.631 Y112.994 E0
G1 F725.8 X85.633 Y113.004 E0
G1 F718.4 X85.634 Y113.014 E0
G1 F711.1 X85.636 Y113.024 E0
G1 F704 X85.637 Y113.034 E0
G1 F697 X85.639 Y113.044 E0
G1 F690.2 X85.64 Y113.054 E0
G1 F683.5 X85.642 Y113.064 E0
G1 F676.9 X85.643 Y113.073 E0
G1 F670.5 X85.645 Y113.083 E0
G1 F664.2 X85.646 Y113.093 E0
G1 F657.9 X85.647 Y113.103 E0
G1 F651.9 X85.649 Y113.113 E0
G1 F645.9 X85.65 Y113.123 E0
G1 F640 X85.652 Y113.133 E0
G1 F634.2 X85.653 Y113.143 E0
G1 F628.6 X85.655 Y113.153 E0
G1 F623 X85.657 Y113.167 E0.00001
G1 F617.5 X85.659 Y113.177 E0
G1 F612.2 X85.66 Y113.187 E0
G1 F606.9 X85.662 Y113.197 E0
G1 F601.7 X85.663 Y113.207 E0
G1 F596.6 X85.665 Y113.217 E0
G1 F589.9 X85.666 Y113.226 E0
G1 F585 X85.668 Y113.236 E0
G1 F580.2 X85.67 Y113.246 E0
G1 F575.5 X85.671 Y113.256 E0
G1 F570.8 X85.673 Y113.266 E0
G1 F566.2 X85.674 Y113.276 E0
G1 F561.7 X85.676 Y113.286 E0
G1 F558.7 X85.677 Y113.3 E0.00001
G1 F555.8 X85.678 Y113.31 E0
G1 F554.3 X85.679 Y113.32 E0
G1 F551.4 X85.68 Y113.33 E0
G1 F548.6 X85.68 Y113.34 E0
G1 F547.2 X85.681 Y113.35 E0
G1 F544.3 X85.682 Y113.36 E0
G1 F542.9 X85.683 Y113.37 E0
G1 F540.2 X85.684 Y113.38 E0
G1 F538.8 X85.684 Y113.39 E0
G1 F536 X85.685 Y113.4 E0
G1 F533.3 X85.686 Y113.41 E0
G1 F532 X85.687 Y113.42 E0
G1 F529.3 X85.688 Y113.43 E0.00001
G1 F528 X85.688 Y114.302 E0.00044
G1 X85.688 Y115.402 E0.00055
G1 X85.688 Y121.808 E0.0032
G1 X134.308 Y121.808 E0.02426
G1 X134.308 Y115.402 E0.0032
G1 X134.308 Y114.302 E0.00055
G1 X134.308 Y113.4 E0.00045
G1 F530.7 X134.309 Y113.391 E0
G1 F533.3 X134.31 Y113.381 E0
G1 F536 X134.311 Y113.371 E0
G1 F538.8 X134.312 Y113.361 E0
G1 F542.9 X134.313 Y113.351 E0
G1 F545.7 X134.314 Y113.341 E0
G1 F548.6 X134.315 Y113.331 E0
G1 F551.4 X134.316 Y113.321 E0
G1 F555.8 X134.317 Y113.311 E0
G1 F558.7 X134.319 Y113.301 E0
G1 F561.7 X134.32 Y113.291 E0
G1 F564.7 X134.321 Y113.281 E0
G1 F569.3 X134.322 Y113.271 E0
G1 F572.4 X134.323 Y113.261 E0
G1 F575.5 X134.324 Y113.251 E0
G1 F578.6 X134.325 Y113.241 E0
G1 F583.4 X134.327 Y113.229 E0.00001
G1 F588.3 X134.328 Y113.219 E0
G1 F593.3 X134.33 Y113.209 E0
G1 F598.3 X134.331 Y113.199 E0
G1 F603.4 X134.333 Y113.189 E0
G1 F608.6 X134.334 Y113.179 E0
G1 F615.7 X134.336 Y113.169 E0
G1 F621.2 X134.337 Y113.159 E0
G1 F626.7 X134.339 Y113.149 E0
G1 F632.3 X134.34 Y113.139 E0
G1 F638.1 X134.342 Y113.129 E0
G1 F643.9 X134.344 Y113.116 E0.00001
G1 F649.8 X134.345 Y113.106 E0
G1 F655.9 X134.347 Y113.096 E0
G1 F662.1 X134.348 Y113.086 E0
G1 F668.4 X134.35 Y113.076 E0
G1 F674.8 X134.351 Y113.066 E0
G1 F681.3 X134.353 Y113.056 E0
G1 F687.9 X134.354 Y113.046 E0
G1 F694.7 X134.356 Y113.037 E0
G1 F701.7 X134.357 Y113.027 E0
G1 F708.7 X134.359 Y113.017 E0
G1 F715.9 X134.36 Y113.007 E0
G1 F723.3 X134.361 Y112.997 E0
G1 F730.8 X134.363 Y112.987 E0
G1 F738.5 X134.364 Y112.977 E0
G1 F746.3 X134.366 Y112.967 E0
G1 F751.6 X134.368 Y112.938 E0.00001
G1 F757 X134.368 Y112.925 E0
G1 F759.7 X134.368 Y112.912 E0
G1 F762.5 X134.369 Y112.899 E0
G1 F765.2 X134.369 Y112.886 E0
G1 F768 X134.37 Y112.873 E0
G1 F770.8 X134.37 Y112.86 E0
G1 F773.6 X134.371 Y112.847 E0
G1 F776.5 X134.371 Y112.834 E0
G1 F779.3 X134.372 Y112.821 E0
G1 F782.2 X134.372 Y112.808 E0
G1 F785.1 X134.373 Y112.795 E0
G1 F788.1 X134.373 Y112.782 E0
G1 F791 X134.374 Y112.769 E0
G1 F794 X134.374 Y112.756 E0
G1 F797 X134.375 Y112.72 E0.00001
G1 F800 X134.376 Y112.688 E0.00001
G1 F803 X134.376 Y112.656 E0.00001
G1 F809.2 X134.377 Y112.624 E0.00001
G1 F812.3 X134.378 Y112.592 E0.00001
G1 F815.4 X134.378 Y112.494 E0.00003
G1 X134.378 Y112.395 E0.00003
G1 X134.378 Y112.296 E0.00003
G1 X134.378 Y112.197 E0.00003
G1 X134.378 Y112.098 E0.00003
G1 X134.378 Y111.999 E0.00003
G1 X134.378 Y111.9 E0.00003
G1 X134.378 Y111.801 E0.00003
G1 X134.378 Y111.702 E0.00003
G1 X134.378 Y111.603 E0.00003
G1 X134.378 Y111.504 E0.00003
G1 X134.378 Y111.405 E0.00003
G1 X134.378 Y111.306 E0.00003
G1 X134.378 Y111.207 E0.00003
G1 X134.378 Y111.108 E0.00003
G1 X134.378 Y111.009 E0.00003
G1 X134.378 Y110.91 E0.00003
G1 X134.378 Y110.811 E0.00003
G1 X134.378 Y110.712 E0.00003
G1 X134.378 Y110.613 E0.00003
G1 X134.378 Y110.514 E0.00003
G1 X134.378 Y110.415 E0.00003
G1 X134.378 Y110.316 E0.00003
G1 X134.378 Y110.217 E0.00003
G1 X134.378 Y110.118 E0.00003
G1 X134.378 Y110.019 E0.00003
G1 F818.6 X134.378 Y109.92 E0.00003
G1 X134.378 Y109.821 E0.00003
G1 X134.378 Y109.722 E0.00003
G1 X134.378 Y109.623 E0.00003
G1 X134.378 Y109.524 E0.00003
G1 X134.378 Y109.425 E0.00003
G1 X134.378 Y109.326 E0.00003
G1 X134.378 Y109.227 E0.00003
G1 X134.378 Y109.128 E0.00003
G1 X134.378 Y109.029 E0.00003
G1 X134.378 Y108.93 E0.00003
G1 X134.378 Y108.831 E0.00003
G1 X134.378 Y108.732 E0.00003
G1 X134.378 Y108.633 E0.00003
G1 X134.378 Y108.534 E0.00003
G1 X134.378 Y108.435 E0.00003
G1 X134.378 Y108.336 E0.00003
G1 X134.378 Y108.237 E0.00003
G1 X134.378 Y108.138 E0.00003
G1 X134.378 Y108.039 E0.00003
G1 X134.378 Y107.94 E0.00003
G1 X134.378 Y107.841 E0.00003
G1 X134.378 Y107.742 E0.00003
G1 X134.378 Y107.643 E0.00003
G1 X134.378 Y107.544 E0.00003
G1 X134.378 Y107.445 E0.00003
G1 X134.379 Y107.397 E0.00002
G1 F815.4 X134.378 Y107.373 E0.00001
G1 F812.3 X134.378 Y107.349 E0.00001
G1 F809.2 X134.377 Y107.325 E0.00001
G1 F806.1 X134.377 Y107.301 E0.00001
G1 F803 X134.376 Y107.277 E0.00001
G1 F800 X134.376 Y107.253 E0.00001
G1 F797 X134.375 Y107.229 E0.00001
G1 F791 X134.374 Y107.224 E0
G1 F782.2 X134.372 Y107.214 E0
G1 F770.8 X134.371 Y107.204 E0
G1 F762.5 X134.369 Y107.194 E0
G1 F754.3 X134.367 Y107.184 E0
G1 F743.7 X134.366 Y107.174 E0
G1 F735.9 X134.364 Y107.164 E0
G1 F728.3 X134.363 Y107.155 E0
G1 F718.4 X134.361 Y107.145 E0
G1 F711.1 X134.359 Y107.135 E0
G1 F704 X134.358 Y107.125 E0
G1 F694.7 X134.356 Y107.115 E0
G1 F687.9 X134.355 Y107.105 E0
G1 F681.3 X134.353 Y107.095 E0
G1 F674.8 X134.351 Y107.085 E0
G1 F666.2 X134.35 Y107.076 E0
G1 F660 X134.348 Y107.066 E0
G1 F653.9 X134.347 Y107.056 E0
G1 F645.9 X134.345 Y107.046 E0
G1 F640 X134.343 Y107.036 E0
G1 F634.2 X134.342 Y107.026 E0
G1 F626.7 X134.34 Y107.016 E0
G1 F621.2 X134.339 Y107.006 E0
G1 F615.7 X134.337 Y106.995 E0
G1 F608.6 X134.335 Y106.984 E0
G1 F603.4 X134.333 Y106.973 E0
G1 F596.6 X134.331 Y106.962 E0
G1 F591.6 X134.329 Y106.951 E0
G1 F585 X134.327 Y106.94 E0.00001
G1 F580.2 X134.325 Y106.93 E0
G1 F573.9 X134.324 Y106.919 E0.00001
G1 F569.3 X134.322 Y106.908 E0.00001
G1 F563.2 X134.32 Y106.897 E0.00001
G1 F558.7 X134.318 Y106.886 E0.00001
G1 F552.9 X134.316 Y106.875 E0.00001
G1 F548.6 X134.314 Y106.864 E0.00001
G1 F542.9 X134.312 Y106.854 E0
G1 F540.2 X134.312 Y106.838 E0.00001
G1 F537.4 X134.311 Y106.817 E0.00001
G1 F534.7 X134.31 Y106.796 E0.00001
G1 F532 X134.309 Y106.775 E0.00001
G1 F529.3 X134.308 Y106.754 E0.00001
G1 F528 X134.308 Y98.188 E0.00427
G1 X85.688 Y98.188 E0.02426
G1 X85.688 Y106.591 E0.00419
G0 F24000 X86.469 Y106.597
G1 F528 X86.596 Y106.431 E0.0001
G1 X86.758 Y106.269 E0.00011
G1 X86.919 Y106.148 E0.0001
G1 X91.067 Y103.748 E0.00239
G1 X91.209 Y103.689 E0.00008
G1 X91.368 Y103.668 E0.00008
G1 X92.964 Y103.668 E0.0008
G1 X93.122 Y103.689 E0.00008
G1 X93.264 Y103.748 E0.00008
G1 X97.361 Y106.112 E0.00236
G1 X97.582 Y106.272 E0.00014
G1 X97.745 Y106.435 E0.00012
G1 X97.868 Y106.598 E0.0001
G1 X97.957 Y106.751 E0.00009
G1 X98.037 Y106.937 E0.0001
G1 F529.3 X98.046 Y106.969 E0.00002
G1 F532 X98.056 Y107.002 E0.00002
G1 F534.7 X98.065 Y107.035 E0.00002
G1 F536 X98.07 Y107.058 E0.00001
G1 F538.8 X98.074 Y107.081 E0.00001
G1 F540.2 X98.079 Y107.103 E0.00001
G1 F542.9 X98.083 Y107.126 E0.00001
G1 F545.7 X98.088 Y107.148 E0.00001
G1 F547.2 X98.093 Y107.174 E0.00001
G1 F550 X98.098 Y107.2 E0.00001
G1 F552.9 X98.099 Y107.219 E0.00001
G1 F555.8 X98.102 Y107.248 E0.00001
G1 F558.7 X98.105 Y107.277 E0.00001
G1 F561.7 X98.108 Y107.316 E0.00002
G1 F564.7 X98.112 Y107.355 E0.00002
G1 X98.114 Y107.316 E0.00002
G1 F561.7 X98.117 Y107.277 E0.00002
G1 F558.7 X98.12 Y107.248 E0.00001
G1 F555.8 X98.123 Y107.219 E0.00001
G1 F552.9 X98.126 Y107.201 E0.00001
G1 F550 X98.131 Y107.175 E0.00001
G1 F547.2 X98.136 Y107.148 E0.00001
G1 F545.7 X98.14 Y107.126 E0.00001
G1 F542.9 X98.144 Y107.103 E0.00001
G1 F540.2 X98.148 Y107.081 E0.00001
G1 F538.8 X98.152 Y107.058 E0.00001
G1 F536 X98.156 Y107.036 E0.00001
G1 F534.7 X98.165 Y107.003 E0.00002
G1 F532 X98.174 Y106.969 E0.00002
G1 F529.3 X98.184 Y106.935 E0.00002
G1 F528 X98.247 Y106.788 E0.00008
G1 X98.409 Y106.519 E0.00016
G1 X98.55 Y106.357 E0.00011
G1 X98.704 Y106.22 E0.0001
G1 X98.823 Y106.136 E0.00007
G1 X102.96 Y103.748 E0.00238
G1 X103.102 Y103.689 E0.00008
G1 X103.26 Y103.668 E0.00008
G1 X104.848 Y103.668 E0.00079
G1 X105.006 Y103.689 E0.00008
G1 X105.148 Y103.748 E0.00008
G1 X109.241 Y106.107 E0.00236
G1 X109.392 Y106.206 E0.00009
G1 X109.614 Y106.417 E0.00015
G1 X109.741 Y106.578 E0.0001
G1 X109.86 Y106.785 E0.00012
G1 X109.908 Y106.9 E0.00006
G1 F529.3 X109.916 Y106.926 E0.00001
G1 F530.7 X109.925 Y106.953 E0.00001
G1 F532 X109.933 Y106.979 E0.00001
G1 F534.7 X109.942 Y107.006 E0.00001
G1 F536 X109.95 Y107.033 E0.00001
G1 F538.8 X109.963 Y107.08 E0.00002
G1 F541.5 X109.972 Y107.119 E0.00002
G1 F544.3 X109.982 Y107.159 E0.00002
G1 F547.2 X109.989 Y107.201 E0.00002
G1 F550 X109.994 Y107.252 E0.00002
G1 F552.9 X109.999 Y107.303 E0.00002
G1 X110.005 Y107.252 E0.00002
G1 F550 X110.011 Y107.201 E0.00002
G1 F547.2 X110.016 Y107.158 E0.00002
G1 F544.3 X110.023 Y107.118 E0.00002
G1 F541.5 X110.031 Y107.078 E0.00002
G1 F538.8 X110.043 Y107.035 E0.00002
G1 F536 X110.052 Y107.009 E0.00001
G1 F534.7 X110.061 Y106.982 E0.00001
G1 F532 X110.07 Y106.956 E0.00001
G1 F530.7 X110.079 Y106.929 E0.00001
G1 F529.3 X110.088 Y106.902 E0.00001
G1 F528 X110.205 Y106.656 E0.00014
G1 X110.281 Y106.54 E0.00007
G1 X110.382 Y106.413 E0.00008
G1 X110.532 Y106.265 E0.00011
G1 X110.687 Y106.152 E0.0001
G1 X114.848 Y103.748 E0.0024
G1 X114.99 Y103.689 E0.00008
G1 X115.148 Y103.668 E0.00008
G1 X116.736 Y103.668 E0.00079
G1 X116.894 Y103.689 E0.00008
G1 X117.036 Y103.748 E0.00008
G1 X121.136 Y106.112 E0.00236
G1 X121.277 Y106.211 E0.00009
G1 X121.46 Y106.372 E0.00012
G1 X121.636 Y106.586 E0.00014
G1 X121.748 Y106.786 E0.00011
G1 F529.3 X121.785 Y106.878 E0.00005
G1 F530.7 X121.822 Y106.971 E0.00005
G1 F532 X121.832 Y107 E0.00002
G1 F534.7 X121.839 Y107.03 E0.00002
G1 F537.4 X121.846 Y107.06 E0.00002
G1 F540.2 X121.854 Y107.09 E0.00002
G1 F542.9 X121.857 Y107.118 E0.00001
G1 F545.7 X121.861 Y107.147 E0.00001
G1 F547.2 X121.865 Y107.176 E0.00001
G1 F550 X121.869 Y107.204 E0.00001
G1 F551.4 X121.874 Y107.233 E0.00001
G1 F554.3 X121.879 Y107.264 E0.00001
G1 F557.3 X121.884 Y107.294 E0.00001
G1 F558.7 X121.886 Y107.325 E0.00001
G1 X121.884 Y107.294 E0.00001
G1 F557.3 X121.888 Y107.265 E0.00001
G1 F554.3 X121.892 Y107.235 E0.00001
G1 F551.4 X121.896 Y107.205 E0.00001
G1 F550 X121.902 Y107.176 E0.00001
G1 F547.2 X121.907 Y107.147 E0.00001
G1 F545.7 X121.912 Y107.119 E0.00001
G1 F542.9 X121.918 Y107.09 E0.00001
G1 F540.2 X121.925 Y107.061 E0.00001
G1 F537.4 X121.933 Y107.032 E0.00001
G1 F534.7 X121.941 Y107.003 E0.00001
G1 F532 X121.953 Y106.969 E0.00002
G1 F530.7 X121.987 Y106.879 E0.00005
G1 F529.3 X122.021 Y106.789 E0.00005
G1 F528 X122.069 Y106.7 E0.00005
G1 X122.212 Y106.484 E0.00013
G1 X122.379 Y106.301 E0.00012
G1 X122.565 Y106.156 E0.00012
G1 X126.736 Y103.748 E0.0024
G1 X126.878 Y103.689 E0.00008
G1 X127.036 Y103.668 E0.00008
G1 X128.624 Y103.668 E0.00079
G1 X128.782 Y103.689 E0.00008
G1 X128.924 Y103.748 E0.00008
G1 X133.097 Y106.159 E0.0024
G1 X133.193 Y106.231 E0.00006
G1 X133.344 Y106.366 E0.0001
G1 X133.42 Y106.453 E0.00006
G1 X133.59 Y106.696 E0.00015
G1 X133.692 Y106.912 E0.00012
G1 X133.744 Y107.09 E0.00009
G1 X133.783 Y107.314 E0.00011
G1 X133.792 Y107.421 E0.00005
G1 X133.782 Y112.683 E0.00263
G1 X133.73 Y112.967 E0.00014
G1 X133.661 Y113.153 E0.0001
G1 X133.577 Y113.321 E0.00009
G1 X133.462 Y113.496 E0.0001
G1 X133.285 Y113.685 E0.00013
G1 X133.077 Y113.848 E0.00013
G1 X128.597 Y116.44 E0.00258
G1 X128.358 Y116.547 E0.00013
G1 X128.236 Y116.585 E0.00006
G1 X128.04 Y116.624 E0.0001
G1 X127.748 Y116.636 E0.00015
G1 X127.634 Y116.626 E0.00006
G1 X127.426 Y116.586 E0.00011
G1 X127.314 Y116.552 E0.00006
G1 X127.112 Y116.464 E0.00011
G1 X122.64 Y113.889 E0.00257
G1 X122.473 Y113.773 E0.0001
G1 X122.271 Y113.583 E0.00014
G1 X122.147 Y113.428 E0.0001
G1 X122.04 Y113.248 E0.0001
G1 X121.981 Y113.108 E0.00008
G1 F529.3 X121.955 Y113.044 E0.00003
G1 F532 X121.941 Y112.997 E0.00002
G1 F534.7 X121.926 Y112.949 E0.00002
G1 F537.4 X121.918 Y112.91 E0.00002
G1 F540.2 X121.908 Y112.861 E0.00002
G1 F542.9 X121.898 Y112.812 E0.00002
G1 F544.3 X121.884 Y112.723 E0.00004
G1 X121.872 Y112.813 E0.00004
G1 F542.9 X121.863 Y112.86 E0.00002
G1 F540.2 X121.853 Y112.907 E0.00002
G1 F537.4 X121.843 Y112.946 E0.00002
G1 F536 X121.833 Y112.98 E0.00002
G1 F533.3 X121.822 Y113.014 E0.00002
G1 F532 X121.812 Y113.049 E0.00002
G1 F529.3 X121.792 Y113.107 E0.00003
G1 F528 X121.704 Y113.301 E0.00011
G1 X121.596 Y113.468 E0.0001
G1 X121.494 Y113.589 E0.00008
G1 X121.363 Y113.718 E0.00009
G1 X121.131 Y113.889 E0.00014
G1 X116.67 Y116.462 E0.00257
G1 X116.507 Y116.533 E0.00009
G1 X116.252 Y116.608 E0.00013
G1 X115.972 Y116.636 E0.00014
G1 X115.753 Y116.628 E0.00011
G1 X115.553 Y116.587 E0.0001
G1 X115.357 Y116.523 E0.0001
G1 X115.244 Y116.473 E0.00006
G1 X110.758 Y113.894 E0.00258
G1 X110.579 Y113.766 E0.00011
G1 X110.438 Y113.643 E0.00009
G1 X110.254 Y113.418 E0.00015
G1 X110.187 Y113.314 E0.00006
G1 X110.087 Y113.09 E0.00012
G1 F529.3 X110.066 Y113.03 E0.00003
G1 F532 X110.06 Y113.005 E0.00001
G1 F534.7 X110.053 Y112.98 E0.00001
G1 F537.4 X110.047 Y112.955 E0.00001
G1 F541.5 X110.04 Y112.925 E0.00001
G1 F544.3 X110.033 Y112.896 E0.00001
G1 F547.2 X110.025 Y112.868 E0.00001
G1 F550 X110.021 Y112.842 E0.00001
G1 F552.9 X110.016 Y112.815 E0.00001
G1 F555.8 X110.013 Y112.79 E0.00001
G1 F558.7 X110.01 Y112.764 E0.00001
G1 F561.7 X110.007 Y112.738 E0.00001
G1 F564.7 X110.004 Y112.713 E0.00001
G1 F566.2 X110 Y112.665 E0.00002
G1 X109.994 Y112.712 E0.00002
G1 F564.7 X109.991 Y112.737 E0.00001
G1 F561.7 X109.987 Y112.763 E0.00001
G1 F558.7 X109.984 Y112.789 E0.00001
G1 F555.8 X109.98 Y112.814 E0.00001
G1 F552.9 X109.976 Y112.842 E0.00001
G1 F550 X109.971 Y112.87 E0.00001
G1 F547.2 X109.965 Y112.898 E0.00001
G1 F544.3 X109.96 Y112.925 E0.00001
G1 F541.5 X109.954 Y112.953 E0.00001
G1 F537.4 X109.947 Y112.978 E0.00001
G1 F534.7 X109.94 Y113.003 E0.00001
G1 F532 X109.932 Y113.028 E0.00001
G1 F529.3 X109.91 Y113.096 E0.00004
G1 F528 X109.856 Y113.227 E0.00007
G1 X109.754 Y113.4 E0.0001
G1 X109.615 Y113.581 E0.00011
G1 X109.489 Y113.709 E0.00009
G1 X109.301 Y113.853 E0.00012
G1 X104.796 Y116.452 E0.00259
G1 X104.605 Y116.538 E0.0001
G1 X104.336 Y116.616 E0.00014
G1 X104.133 Y116.635 E0.0001
G1 X103.861 Y116.627 E0.00014
G1 X103.661 Y116.591 E0.0001
G1 X103.539 Y116.555 E0.00006
G1 X103.331 Y116.464 E0.00011
G1 X98.782 Y113.835 E0.00262
G1 X98.634 Y113.721 E0.00009
G1 X98.43 Y113.502 E0.00015
G1 X98.362 Y113.412 E0.00006
G1 X98.25 Y113.211 E0.00011
G1 F529.3 X98.209 Y113.106 E0.00006
G1 X98.168 Y113.001 E0.00006
G1 F530.7 X98.164 Y112.982 E0.00001
G1 F533.3 X98.159 Y112.963 E0.00001
G1 F536 X98.155 Y112.943 E0.00001
G1 F538.8 X98.15 Y112.924 E0.00001
G1 F541.5 X98.145 Y112.905 E0.00001
G1 F542.9 X98.143 Y112.888 E0.00001
G1 F545.7 X98.14 Y112.864 E0.00001
G1 F548.6 X98.137 Y112.839 E0.00001
G1 F551.4 X98.134 Y112.814 E0.00001
G1 F554.3 X98.13 Y112.789 E0.00001
G1 F557.3 X98.127 Y112.766 E0.00001
G1 F560.2 X98.124 Y112.742 E0.00001
G1 F563.2 X98.121 Y112.718 E0.00001
G1 F567.7 X98.115 Y112.675 E0.00002
G1 F572.4 X98.11 Y112.627 E0.00002
G1 X98.107 Y112.675 E0.00002
G1 F567.7 X98.105 Y112.719 E0.00002
G1 F563.2 X98.103 Y112.742 E0.00001
G1 F560.2 X98.101 Y112.765 E0.00001
G1 F557.3 X98.098 Y112.788 E0.00001
G1 F554.3 X98.094 Y112.812 E0.00001
G1 F551.4 X98.09 Y112.837 E0.00001
G1 F548.6 X98.086 Y112.862 E0.00001
G1 F545.7 X98.081 Y112.887 E0.00001
G1 F542.9 X98.079 Y112.905 E0.00001
G1 F541.5 X98.075 Y112.924 E0.00001
G1 F538.8 X98.07 Y112.943 E0.00001
G1 F536 X98.065 Y112.963 E0.00001
G1 F533.3 X98.06 Y112.982 E0.00001
G1 F530.7 X98.055 Y113.001 E0.00001
G1 F529.3 X98.016 Y113.103 E0.00005
G1 X97.976 Y113.206 E0.00005
G1 F528 X97.937 Y113.28 E0.00004
G1 X97.783 Y113.515 E0.00014
G1 X97.596 Y113.714 E0.00014
G1 X97.408 Y113.856 E0.00012
G1 X92.973 Y116.42 E0.00256
G1 X92.726 Y116.534 E0.00014
G1 X92.594 Y116.578 E0.00007
G1 X92.388 Y116.624 E0.00011
G1 X92.064 Y116.632 E0.00016
G1 X91.845 Y116.604 E0.00011
G1 X91.744 Y116.578 E0.00005
G1 X91.54 Y116.506 E0.00011
G1 X91.44 Y116.46 E0.00005
G1 X86.9 Y113.837 E0.00262
G1 X86.756 Y113.725 E0.00009
G1 X86.575 Y113.543 E0.00013
G1 X86.403 Y113.293 E0.00015
G1 X86.318 Y113.113 E0.0001
G1 X86.248 Y112.889 E0.00012
G1 X86.212 Y112.677 E0.00011
G1 X86.204 Y112.575 E0.00005
G1 X86.208 Y107.399 E0.00258
G1 X86.243 Y107.127 E0.00014
G1 X86.27 Y107.018 E0.00006
G1 X86.339 Y106.839 E0.0001
G1 X86.469 Y106.597 E0.00014
G0 F24000 X86.227 Y106.425
G0 X85.56 Y98.06
G0 X85.288 Y97.788
G1 F528 X85.288 Y114.343 E0.00826
G1 X85.288 Y115.402 E0.00053
G1 X85.288 Y122.208 E0.0034
G1 X134.708 Y122.208 E0.02466
G1 X134.708 Y115.402 E0.0034
G1 X134.708 Y114.34 E0.00053
G1 X134.708 Y97.788 E0.00826
G1 X85.288 Y97.788 E0.02466
G0 F24000 X85.008 Y97.508
;TYPE:WALL-OUTER
G1 F528 X85.008 Y114.505 E0.00848
G1 X85.008 Y115.402 E0.00045
G1 X85.008 Y122.488 E0.00354
G1 X134.988 Y122.488 E0.02494
G1 X134.988 Y115.402 E0.00354
G1 X134.988 Y114.502 E0.00045
G1 X134.988 Y97.508 E0.00848
G1 X85.008 Y97.508 E0.02494
G0 F24000 X85.008 Y97.708
G0 X85.56 Y98.06
G0 X90.918 Y103.491
G0 X91.207 Y103.991
G1 F528 X91.312 Y103.952 E0.00006
G1 X92.964 Y103.948 E0.00082
G1 X93.049 Y103.959 E0.00004
G1 X93.124 Y103.99 E0.00004
G1 X97.221 Y106.354 E0.00236
G1 X97.35 Y106.443 E0.00008
G1 X97.503 Y106.585 E0.0001
G1 X97.6 Y106.701 E0.00008
G1 X97.692 Y106.848 E0.00009
G1 X97.78 Y107.049 E0.00011
G1 X97.829 Y107.24 E0.0001
G1 X97.847 Y107.386 E0.00007
G1 X97.852 Y112.528 E0.00257
G1 X97.834 Y112.733 E0.0001
G1 X97.795 Y112.9 E0.00009
G1 X97.721 Y113.091 E0.0001
G1 X97.592 Y113.303 E0.00012
G1 X97.452 Y113.466 E0.00011
G1 X97.268 Y113.614 E0.00012
G1 X92.833 Y116.178 E0.00256
G1 X92.638 Y116.268 E0.00011
G1 X92.506 Y116.312 E0.00007
G1 X92.34 Y116.348 E0.00008
G1 X92.064 Y116.352 E0.00014
G1 X91.891 Y116.328 E0.00009
G1 X91.58 Y116.218 E0.00016
G1 X87.068 Y113.613 E0.0026
G1 X86.946 Y113.52 E0.00008
G1 X86.801 Y113.378 E0.0001
G1 X86.653 Y113.168 E0.00013
G1 X86.597 Y113.056 E0.00006
G1 X86.524 Y112.842 E0.00011
G1 X86.484 Y112.575 E0.00013
G1 X86.491 Y107.35 E0.00261
G1 X86.534 Y107.112 E0.00012
G1 X86.589 Y106.964 E0.00008
G1 X86.696 Y106.76 E0.00011
G1 X86.797 Y106.625 E0.00008
G1 X86.905 Y106.513 E0.00008
G1 X87.059 Y106.391 E0.0001
G1 X91.207 Y103.991 E0.00239
G0 F24000 X91.312 Y103.952
G0 X91.4 Y103.952
G0 X91.4 Y103.368
G0 X93.19 Y103.43
G0 X97.706 Y106.06
G0 X98.115 Y106.523
G0 X98.496 Y106.916
G1 F528 X98.634 Y106.686 E0.00013
G1 X98.743 Y106.56 E0.00008
G1 X98.864 Y106.449 E0.00008
G1 X98.984 Y106.365 E0.00007
G1 X103.1 Y103.99 E0.00237
G1 X103.204 Y103.952 E0.00006
G1 X104.848 Y103.948 E0.00082
G1 X104.933 Y103.959 E0.00004
G1 X105.008 Y103.99 E0.00004
G1 X109.09 Y106.342 E0.00235
G1 X109.223 Y106.429 E0.00008
G1 X109.362 Y106.556 E0.00009
G1 X109.515 Y106.743 E0.00012
G1 X109.636 Y106.968 E0.00013
G1 X109.718 Y107.233 E0.00014
G1 X109.73 Y107.334 E0.00005
G1 X109.735 Y112.64 E0.00265
G1 X109.692 Y112.866 E0.00011
G1 X109.636 Y113.034 E0.00009
G1 X109.552 Y113.2 E0.00009
G1 X109.397 Y113.405 E0.00013
G1 X109.276 Y113.523 E0.00008
G1 X109.15 Y113.618 E0.00008
G1 X104.62 Y116.228 E0.00261
G1 X104.496 Y116.28 E0.00007
G1 X104.288 Y116.34 E0.00011
G1 X104.11 Y116.355 E0.00009
G1 X103.911 Y116.351 E0.0001
G1 X103.646 Y116.296 E0.00014
G1 X103.471 Y116.222 E0.00009
G1 X98.956 Y113.614 E0.0026
G1 X98.814 Y113.506 E0.00009
G1 X98.612 Y113.282 E0.00015
G1 X98.53 Y113.148 E0.00008
G1 X98.428 Y112.902 E0.00013
G1 X98.373 Y112.604 E0.00015
G1 X98.372 Y107.468 E0.00256
G1 X98.391 Y107.259 E0.0001
G1 X98.444 Y107.04 E0.00011
G1 X98.496 Y106.916 E0.00007
G0 F24000 X98.598 Y106.745
G0 X98.099 Y106.454
G0 X98.718 Y105.921
G0 X103.035 Y103.43
G0 X105.077 Y103.43
G0 X109.536 Y106.017
G0 X109.995 Y106.521
G0 X110.416 Y106.852
G1 F528 X110.508 Y106.704 E0.00009
G1 X110.627 Y106.559 E0.00009
G1 X110.739 Y106.458 E0.00008
G1 X110.872 Y106.366 E0.00008
G1 X114.988 Y103.99 E0.00237
G1 X115.092 Y103.952 E0.00006
G1 X116.736 Y103.948 E0.00082
G1 X116.821 Y103.959 E0.00004
G1 X116.896 Y103.99 E0.00004
G1 X121.001 Y106.358 E0.00236
G1 X121.217 Y106.524 E0.00014
G1 X121.395 Y106.731 E0.00014
G1 X121.489 Y106.893 E0.00009
G1 X121.583 Y107.14 E0.00013
G1 X121.625 Y107.42 E0.00014
G1 X121.619 Y112.638 E0.0026
G1 X121.601 Y112.774 E0.00007
G1 X121.535 Y112.995 E0.00012
G1 X121.458 Y113.168 E0.00009
G1 X121.385 Y113.283 E0.00007
G1 X121.262 Y113.428 E0.00009
G1 X121.17 Y113.516 E0.00006
G1 X120.991 Y113.647 E0.00011
G1 X116.572 Y116.198 E0.00255
G1 X116.424 Y116.266 E0.00008
G1 X116.204 Y116.332 E0.00011
G1 X115.972 Y116.356 E0.00012
G1 X115.801 Y116.352 E0.00009
G1 X115.64 Y116.321 E0.00008
G1 X115.384 Y116.23 E0.00014
G1 X110.893 Y113.648 E0.00258
G1 X110.767 Y113.559 E0.00008
G1 X110.631 Y113.44 E0.00009
G1 X110.488 Y113.264 E0.00011
G1 X110.428 Y113.171 E0.00006
G1 X110.333 Y112.949 E0.00012
G1 X110.289 Y112.802 E0.00008
G1 X110.265 Y112.645 E0.00008
G1 X110.264 Y107.377 E0.00263
G1 X110.303 Y107.13 E0.00012
G1 X110.416 Y106.852 E0.00015
G0 F24000 X110.508 Y106.704
G0 X110.524 Y106.684
G0 X110.079 Y106.316
G0 X110.577 Y105.938
G0 X114.923 Y103.43
G0 X116.965 Y103.43
G0 X121.441 Y106.032
G0 X121.885 Y106.519
G0 X122.278 Y106.9
G1 F528 X122.432 Y106.657 E0.00014
G1 X122.566 Y106.509 E0.0001
G1 X122.732 Y106.382 E0.0001
G1 X126.876 Y103.99 E0.00239
G1 X126.98 Y103.952 E0.00006
G1 X128.624 Y103.948 E0.00082
G1 X128.709 Y103.959 E0.00004
G1 X128.784 Y103.99 E0.00004
G1 X132.929 Y106.383 E0.00239
G1 X133.05 Y106.476 E0.00008
G1 X133.154 Y106.572 E0.00007
G1 X133.315 Y106.782 E0.00013
G1 X133.405 Y106.949 E0.00009
G1 X133.468 Y107.139 E0.0001
G1 X133.508 Y107.363 E0.00011
G1 X133.505 Y112.641 E0.00263
G1 X133.476 Y112.832 E0.0001
G1 X133.411 Y113.028 E0.0001
G1 X133.327 Y113.196 E0.00009
G1 X133.234 Y113.334 E0.00008
G1 X133.062 Y113.509 E0.00012
G1 X132.937 Y113.605 E0.00008
G1 X128.457 Y116.197 E0.00258
G1 X128.182 Y116.311 E0.00015
G1 X127.992 Y116.348 E0.0001
G1 X127.687 Y116.351 E0.00015
G1 X127.419 Y116.293 E0.00014
G1 X127.252 Y116.222 E0.00009
G1 X122.78 Y113.646 E0.00257
G1 X122.639 Y113.547 E0.00009
G1 X122.48 Y113.397 E0.00011
G1 X122.377 Y113.268 E0.00008
G1 X122.284 Y113.108 E0.00009
G1 X122.196 Y112.886 E0.00012
G1 X122.163 Y112.746 E0.00007
G1 X122.148 Y112.594 E0.00008
G1 X122.148 Y107.435 E0.00257
G1 X122.162 Y107.26 E0.00009
G1 X122.201 Y107.101 E0.00008
G1 X122.278 Y106.9 E0.00011
G0 F24000 X122.384 Y106.732
G0 X121.886 Y107.325
;TYPE:WALL-INNER
G1 F560.2 X121.886 Y107.339 E0.00001
G1 F563.2 X121.886 Y107.353 E0.00001
G1 F566.2 X121.886 Y107.367 E0.00001
G1 F569.3 X121.886 Y107.381 E0.00001
G1 F572.4 X121.886 Y107.395 E0.00001
G1 F575.5 X121.886 Y107.409 E0.00001
G1 F578.6 X121.887 Y107.423 E0.00001
G1 F580.2 X121.886 Y107.468 E0.00002
G1 X121.886 Y107.518 E0.00002
G1 X121.886 Y107.568 E0.00002
G1 X121.886 Y107.618 E0.00002
G1 X121.886 Y107.668 E0.00002
G1 X121.886 Y107.718 E0.00002
G1 X121.886 Y107.768 E0.00002
G1 X121.886 Y107.818 E0.00002
G1 X121.886 Y107.868 E0.00002
G1 X121.886 Y107.918 E0.00002
G1 X121.886 Y107.968 E0.00002
G1 X121.886 Y108.018 E0.00002
G1 X121.886 Y108.068 E0.00002
G1 X121.886 Y108.118 E0.00002
G1 X121.886 Y108.168 E0.00002
G1 X121.886 Y108.218 E0.00002
G1 X121.886 Y108.268 E0.00002
G1 X121.886 Y108.318 E0.00002
G1 X121.886 Y108.368 E0.00002
G1 X121.886 Y108.418 E0.00002
G1 X121.886 Y108.468 E0.00002
G1 X121.886 Y108.518 E0.00002
G1 X121.886 Y108.568 E0.00002
G1 X121.886 Y108.618 E0.00002
G1 X121.886 Y108.668 E0.00002
G1 X121.886 Y108.718 E0.00002
G1 X121.886 Y108.768 E0.00002
G1 F578.6 X121.886 Y108.818 E0.00002
G1 X121.886 Y108.868 E0.00002
G1 X121.886 Y108.918 E0.00002
G1 X121.886 Y108.968 E0.00002
G1 X121.886 Y109.018 E0.00002
G1 X121.886 Y109.068 E0.00002
G1 X121.886 Y109.118 E0.00002
G1 X121.886 Y109.168 E0.00002
G1 X121.886 Y109.218 E0.00002
G1 X121.886 Y109.268 E0.00002
G1 X121.886 Y109.318 E0.00002
G1 X121.886 Y109.368 E0.00002
G1 X121.886 Y109.418 E0.00002
G1 X121.886 Y109.468 E0.00002
G1 X121.886 Y109.518 E0.00002
G1 X121.886 Y109.568 E0.00002
G1 X121.886 Y109.618 E0.00002
G1 X121.886 Y109.668 E0.00002
G1 X121.886 Y109.718 E0.00002
G1 X121.886 Y109.768 E0.00002
G1 X121.886 Y109.818 E0.00002
G1 X121.886 Y109.868 E0.00002
G1 X121.886 Y109.918 E0.00002
G1 X121.886 Y109.968 E0.00002
G1 X121.886 Y110.018 E0.00002
G1 F577 X121.885 Y110.068 E0.00002
G1 X121.885 Y110.118 E0.00002
G1 X121.885 Y110.168 E0.00002
G1 X121.885 Y110.218 E0.00002
G1 X121.885 Y110.268 E0.00002
G1 X121.885 Y110.318 E0.00002
G1 X121.885 Y110.368 E0.00002
G1 X121.885 Y110.418 E0.00002
G1 X121.885 Y110.468 E0.00002
G1 X121.885 Y110.518 E0.00002
G1 X121.885 Y110.568 E0.00002
G1 X121.885 Y110.618 E0.00002
G1 X121.885 Y110.668 E0.00002
G1 X121.885 Y110.718 E0.00002
G1 X121.885 Y110.768 E0.00002
G1 X121.885 Y110.818 E0.00002
G1 X121.885 Y110.868 E0.00002
G1 X121.885 Y110.918 E0.00002
G1 X121.885 Y110.968 E0.00002
G1 X121.885 Y111.018 E0.00002
G1 X121.885 Y111.068 E0.00002
G1 X121.885 Y111.118 E0.00002
G1 X121.885 Y111.168 E0.00002
G1 X121.885 Y111.218 E0.00002
G1 X121.885 Y111.268 E0.00002
G1 X121.885 Y111.318 E0.00002
G1 F575.5 X121.885 Y111.368 E0.00002
G1 X121.885 Y111.418 E0.00002
G1 X121.885 Y111.468 E0.00002
G1 X121.885 Y111.518 E0.00002
G1 X121.885 Y111.568 E0.00002
G1 X121.885 Y111.618 E0.00002
G1 X121.885 Y111.668 E0.00002
G1 X121.885 Y111.718 E0.00002
G1 X121.885 Y111.768 E0.00002
G1 X121.885 Y111.818 E0.00002
G1 X121.885 Y111.868 E0.00002
G1 X121.885 Y111.918 E0.00002
G1 X121.885 Y111.968 E0.00002
G1 X121.885 Y112.018 E0.00002
G1 X121.885 Y112.068 E0.00002
G1 X121.885 Y112.118 E0.00002
G1 X121.885 Y112.168 E0.00002
G1 X121.885 Y112.218 E0.00002
G1 X121.885 Y112.268 E0.00002
G1 X121.885 Y112.318 E0.00002
G1 X121.885 Y112.368 E0.00002
G1 X121.885 Y112.418 E0.00002
G1 X121.885 Y112.468 E0.00002
G1 X121.885 Y112.518 E0.00002
G1 X121.885 Y112.568 E0.00002
G1 X121.884 Y112.618 E0.00002
G1 F572.4 X121.885 Y112.623 E0
G1 F569.3 X121.885 Y112.643 E0.00001
G1 F564.7 X121.886 Y112.663 E0.00001
G1 F557.3 X121.885 Y112.686 E0.00001
G1 F551.4 X121.885 Y112.705 E0.00001
G1 F547.2 X121.884 Y112.724 E0.00001
G0 F24000 X121.89 Y113.484
G0 X121.488 Y113.932
G0 X116.64 Y116.742
G0 X116.012 Y116.879
G0 X115.548 Y116.837
G0 X115.203 Y116.727
G0 X110.464 Y113.983
G0 X109.999 Y113.482
G0 X110 Y112.665
G1 F570.8 X110 Y112.62 E0.00002
G1 F573.9 X110 Y112.608 E0.00001
G1 X110 Y112.558 E0.00002
G1 X110 Y112.508 E0.00002
G1 X110 Y112.458 E0.00002
G1 X110 Y112.408 E0.00002
G1 X110 Y112.358 E0.00002
G1 X110 Y112.308 E0.00002
G1 X110 Y112.258 E0.00002
G1 X110 Y112.208 E0.00002
G1 X110 Y112.158 E0.00002
G1 X110 Y112.108 E0.00002
G1 X110 Y112.058 E0.00002
G1 X110 Y112.008 E0.00002
G1 X110 Y111.958 E0.00002
G1 X110 Y111.908 E0.00002
G1 X110 Y111.858 E0.00002
G1 X110 Y111.808 E0.00002
G1 X110 Y111.758 E0.00002
G1 X110 Y111.708 E0.00002
G1 X110 Y111.658 E0.00002
G1 X110 Y111.608 E0.00002
G1 X110 Y111.558 E0.00002
G1 X110 Y111.508 E0.00002
G1 X110 Y111.458 E0.00002
G1 X110 Y111.408 E0.00002
G1 X110 Y111.358 E0.00002
G1 X110 Y111.308 E0.00002
G1 F572.4 X110 Y111.258 E0.00002
G1 X110 Y111.208 E0.00002
G1 X110 Y111.158 E0.00002
G1 X110 Y111.108 E0.00002
G1 X110 Y111.058 E0.00002
G1 X110 Y111.008 E0.00002
G1 X110 Y110.958 E0.00002
G1 X110 Y110.908 E0.00002
G1 X110 Y110.858 E0.00002
G1 X110 Y110.808 E0.00002
G1 X110 Y110.758 E0.00002
G1 X110 Y110.708 E0.00002
G1 X110 Y110.658 E0.00002
G1 X110 Y110.608 E0.00002
G1 X110 Y110.558 E0.00002
G1 X110 Y110.508 E0.00002
G1 X110 Y110.458 E0.00002
G1 X110 Y110.408 E0.00002
G1 X110 Y110.358 E0.00002
G1 X110 Y110.308 E0.00002
G1 X110 Y110.258 E0.00002
G1 X110 Y110.208 E0.00002
G1 X110 Y110.158 E0.00002
G1 X110 Y110.108 E0.00002
G1 X110 Y110.058 E0.00002
G1 X110 Y110.008 E0.00002
G1 F570.8 X109.999 Y109.958 E0.00002
G1 X109.999 Y109.908 E0.00002
G1 X109.999 Y109.858 E0.00002
G1 X109.999 Y109.808 E0.00002
G1 X109.999 Y109.758 E0.00002
G1 X109.999 Y109.708 E0.00002
G1 X109.999 Y109.658 E0.00002
G1 X109.999 Y109.608 E0.00002
G1 X109.999 Y109.558 E0.00002
G1 X109.999 Y109.508 E0.00002
G1 X109.999 Y109.458 E0.00002
G1 X109.999 Y109.408 E0.00002
G1 X109.999 Y109.358 E0.00002
G1 X109.999 Y109.308 E0.00002
G1 X109.999 Y109.258 E0.00002
G1 X109.999 Y109.208 E0.00002
G1 X109.999 Y109.158 E0.00002
G1 X109.999 Y109.108 E0.00002
G1 X109.999 Y109.058 E0.00002
G1 X109.999 Y109.008 E0.00002
G1 X109.999 Y108.958 E0.00002
G1 X109.999 Y108.908 E0.00002
G1 X109.999 Y108.858 E0.00002
G1 X109.999 Y108.808 E0.00002
G1 X109.999 Y108.758 E0.00002
G1 X109.999 Y108.708 E0.00002
G1 X109.999 Y108.658 E0.00002
G1 F569.3 X109.999 Y108.608 E0.00002
G1 X109.999 Y108.558 E0.00002
G1 X109.999 Y108.508 E0.00002
G1 X109.999 Y108.458 E0.00002
G1 X109.999 Y108.408 E0.00002
G1 X109.999 Y108.358 E0.00002
G1 X109.999 Y108.308 E0.00002
G1 X109.999 Y108.258 E0.00002
G1 X109.999 Y108.208 E0.00002
G1 X109.999 Y108.158 E0.00002
G1 X109.999 Y108.108 E0.00002
G1 X109.999 Y108.058 E0.00002
G1 X109.999 Y108.008 E0.00002
G1 X109.999 Y107.958 E0.00002
G1 X109.999 Y107.908 E0.00002
G1 X109.999 Y107.858 E0.00002
G1 X109.999 Y107.808 E0.00002
G1 X109.999 Y107.758 E0.00002
G1 X109.999 Y107.708 E0.00002
G1 X109.999 Y107.658 E0.00002
G1 X109.999 Y107.608 E0.00002
G1 X109.999 Y107.558 E0.00002
G1 X109.999 Y107.508 E0.00002
G1 X109.999 Y107.458 E0.00002
G1 X109.999 Y107.408 E0.00002
G1 X109.998 Y107.358 E0.00002
G1 F566.2 X109.998 Y107.355 E0
G1 F563.2 X109.998 Y107.338 E0.00001
G1 F558.7 X109.998 Y107.321 E0.00001
G1 F555.8 X109.998 Y107.304 E0.00001
G0 F24000 X109.995 Y106.521
G0 X109.536 Y106.017
G0 X105.077 Y103.43
G0 X103.035 Y103.43
G0 X98.524 Y106.057
G0 X98.115 Y106.523
G0 X98.112 Y107.355
G1 F567.7 X98.112 Y107.376 E0.00001
G1 F570.8 X98.112 Y107.397 E0.00001
G1 F575.5 X98.111 Y107.418 E0.00001
G1 F578.6 X98.11 Y107.468 E0.00002
G1 F581.8 X98.11 Y107.518 E0.00002
G1 X98.11 Y107.568 E0.00002
G1 X98.11 Y107.618 E0.00002
G1 X98.11 Y107.668 E0.00002
G1 X98.11 Y107.718 E0.00002
G1 X98.11 Y107.768 E0.00002
G1 X98.11 Y107.818 E0.00002
G1 X98.11 Y107.868 E0.00002
G1 X98.11 Y107.918 E0.00002
G1 X98.11 Y107.968 E0.00002
G1 X98.11 Y108.018 E0.00002
G1 X98.11 Y108.068 E0.00002
G1 X98.11 Y108.118 E0.00002
G1 X98.11 Y108.168 E0.00002
G1 X98.11 Y108.218 E0.00002
G1 X98.11 Y108.268 E0.00002
G1 X98.11 Y108.318 E0.00002
G1 X98.11 Y108.368 E0.00002
G1 X98.11 Y108.418 E0.00002
G1 X98.11 Y108.468 E0.00002
G1 X98.11 Y108.518 E0.00002
G1 X98.11 Y108.568 E0.00002
G1 X98.11 Y108.618 E0.00002
G1 X98.11 Y108.668 E0.00002
G1 X98.11 Y108.718 E0.00002
G1 X98.11 Y108.768 E0.00002
G1 F583.4 X98.11 Y108.818 E0.00002
G1 X98.11 Y108.868 E0.00002
G1 X98.11 Y108.918 E0.00002
G1 X98.11 Y108.968 E0.00002
G1 X98.11 Y109.018 E0.00002
G1 X98.11 Y109.068 E0.00002
G1 X98.11 Y109.118 E0.00002
G1 X98.11 Y109.168 E0.00002
G1 X98.11 Y109.218 E0.00002
G1 X98.11 Y109.268 E0.00002
G1 X98.11 Y109.318 E0.00002
G1 X98.11 Y109.368 E0.00002
G1 X98.11 Y109.418 E0.00002
G1 X98.11 Y109.468 E0.00002
G1 X98.11 Y109.518 E0.00002
G1 X98.11 Y109.568 E0.00002
G1 X98.11 Y109.618 E0.00002
G1 X98.11 Y109.668 E0.00002
G1 X98.11 Y109.718 E0.00002
G1 X98.11 Y109.768 E0.00002
G1 X98.11 Y109.818 E0.00002
G1 X98.11 Y109.868 E0.00002
G1 X98.11 Y109.918 E0.00002
G1 X98.11 Y109.968 E0.00002
G1 X98.111 Y110.018 E0.00002
G1 F585 X98.111 Y110.068 E0.00002
G1 X98.111 Y110.118 E0.00002
G1 X98.111 Y110.168 E0.00002
G1 X98.111 Y110.218 E0.00002
G1 X98.111 Y110.268 E0.00002
G1 X98.111 Y110.318 E0.00002
G1 X98.111 Y110.368 E0.00002
G1 X98.111 Y110.418 E0.00002
G1 X98.111 Y110.468 E0.00002
G1 X98.111 Y110.518 E0.00002
G1 X98.111 Y110.568 E0.00002
G1 X98.111 Y110.618 E0.00002
G1 X98.111 Y110.668 E0.00002
G1 X98.111 Y110.718 E0.00002
G1 X98.111 Y110.768 E0.00002
G1 X98.111 Y110.818 E0.00002
G1 X98.111 Y110.868 E0.00002
G1 X98.111 Y110.918 E0.00002
G1 X98.111 Y110.968 E0.00002
G1 X98.111 Y111.018 E0.00002
G1 X98.111 Y111.068 E0.00002
G1 X98.111 Y111.118 E0.00002
G1 X98.111 Y111.168 E0.00002
G1 X98.111 Y111.218 E0.00002
G1 X98.111 Y111.268 E0.00002
G1 X98.111 Y111.318 E0.00002
G1 F586.7 X98.111 Y111.368 E0.00002
G1 X98.111 Y111.418 E0.00002
G1 X98.111 Y111.468 E0.00002
G1 X98.111 Y111.518 E0.00002
G1 X98.111 Y111.568 E0.00002
G1 X98.111 Y111.618 E0.00002
G1 X98.111 Y111.668 E0.00002
G1 X98.111 Y111.718 E0.00002
G1 X98.111 Y111.768 E0.00002
G1 X98.111 Y111.818 E0.00002
G1 X98.111 Y111.868 E0.00002
G1 X98.111 Y111.918 E0.00002
G1 X98.111 Y111.968 E0.00002
G1 X98.111 Y112.018 E0.00002
G1 X98.111 Y112.068 E0.00002
G1 X98.111 Y112.118 E0.00002
G1 X98.111 Y112.168 E0.00002
G1 X98.111 Y112.218 E0.00002
G1 X98.111 Y112.268 E0.00002
G1 X98.111 Y112.318 E0.00002
G1 X98.111 Y112.368 E0.00002
G1 X98.111 Y112.418 E0.00002
G1 X98.111 Y112.468 E0.00002
G1 X98.111 Y112.518 E0.00002
G1 X98.112 Y112.568 E0.00002
G1 F585 X98.111 Y112.578 E0
G1 F581.8 X98.111 Y112.603 E0.00001
G1 F577 X98.11 Y112.628 E0.00001
G0 F24000 X98.243 Y113.905
G1 F60 E-0.001
G1 F18000 Z3.1
G0 F24000 X98.115 Y114.046 Z3.1
G0 X92.308 Y109.909
G1 F18000 Z1.1
G1 F60 E0.001
G1 F751.6 X92.172 Y109.83 E0.00006
G1 X92.026 Y109.92 E0.00006
G1 X92.025 Y110.082 E0.00006
G1 X92.166 Y110.163 E0.00006
G1 X92.307 Y110.082 E0.00006
G1 X92.308 Y109.909 E0.00006
G0 F24000 X92.172 Y109.438
G1 F528 X91.686 Y109.723 E0.00028
G1 X91.685 Y110.278 E0.00028
G1 X92.166 Y110.556 E0.00028
G1 X92.647 Y110.278 E0.00028
G1 X92.648 Y109.713 E0.00028
G1 X92.172 Y109.438 E0.00027
G0 F24000 X92.172 Y108.976
G1 F528 X91.286 Y109.492 E0.00051
G1 X91.285 Y110.509 E0.00051
G1 X92.166 Y111.017 E0.00051
G1 X93.047 Y110.509 E0.00051
G1 X93.048 Y109.483 E0.00051
G1 X92.172 Y108.976 E0.0005
G0 F24000 X92.173 Y108.514
G1 F528 X90.886 Y109.26 E0.00074
G1 X90.885 Y110.741 E0.00074
G1 X92.166 Y111.479 E0.00074
G1 X93.447 Y110.74 E0.00074
G1 X93.448 Y109.253 E0.00074
G1 X92.173 Y108.514 E0.00074
G0 F24000 X92.173 Y108.052
G1 F528 X90.486 Y109.029 E0.00097
G1 X90.485 Y110.972 E0.00097
G1 X92.166 Y111.941 E0.00097
G1 X93.847 Y110.971 E0.00097
G1 X93.848 Y109.022 E0.00097
G1 X92.173 Y108.052 E0.00097
G0 F24000 X92.173 Y107.59
G1 F528 X90.087 Y108.797 E0.0012
G1 X90.085 Y111.203 E0.0012
G1 X92.167 Y112.403 E0.0012
G1 X94.247 Y111.202 E0.0012
G1 X94.248 Y108.792 E0.0012
G1 X92.173 Y107.59 E0.0012
G0 F24000 X92.174 Y107.127
G1 F528 X89.687 Y108.566 E0.00143
G1 X89.685 Y111.434 E0.00143
G1 X92.167 Y112.864 E0.00143
G1 X94.647 Y111.433 E0.00143
G1 X94.648 Y108.561 E0.00143
G1 X92.174 Y107.127 E0.00143
G0 F24000 X92.186 Y106.652
G1 F528 X92.154 Y106.652 E0.00002
G1 X92.041 Y106.737 E0.00007
G1 X89.287 Y108.334 E0.00159
G1 X89.285 Y111.665 E0.00166
G1 X92.167 Y113.326 E0.00166
G1 X95.047 Y111.664 E0.00166
G1 X95.048 Y108.331 E0.00166
G1 X92.3 Y106.735 E0.00159
G1 X92.186 Y106.652 E0.00007
G0 F24000 X92.329 Y106.252
G1 F528 X92.012 Y106.252 E0.00016
G1 X91.816 Y106.406 E0.00012
G1 X88.887 Y108.103 E0.00169
G1 X88.885 Y111.896 E0.00189
G1 X92.167 Y113.788 E0.00189
G1 X95.447 Y111.894 E0.00189
G1 X95.448 Y108.101 E0.00189
G1 X92.521 Y106.401 E0.00169
G1 X92.329 Y106.252 E0.00012
G0 F24000 X92.484 Y105.852
G1 F528 X91.854 Y105.852 E0.00031
G1 X91.647 Y106.034 E0.00014
G1 X91.542 Y106.107 E0.00006
G1 X88.491 Y107.872 E0.00176
G1 X88.484 Y112.112 E0.00212
G1 X88.493 Y112.128 E0.00001
G1 X92.166 Y114.246 E0.00212
G1 X95.844 Y112.126 E0.00212
G1 X95.848 Y107.884 E0.00212
G1 X95.835 Y107.864 E0.00001
G1 X92.79 Y106.098 E0.00176
G1 X92.684 Y106.027 E0.00006
G1 X92.484 Y105.852 E0.00013
G0 F24000 X92.658 Y105.452
G1 F528 X91.682 Y105.452 E0.00049
G1 X91.503 Y105.635 E0.00013
G1 X91.366 Y105.745 E0.00009
G1 X88.29 Y107.525 E0.00177
G1 X88.19 Y107.605 E0.00006
G1 X88.129 Y107.698 E0.00006
G1 X88.097 Y107.788 E0.00005
G1 X88.088 Y107.848 E0.00003
G1 X88.084 Y112.14 E0.00214
G1 X88.104 Y112.24 E0.00005
G1 X88.164 Y112.359 E0.00007
G1 X88.246 Y112.443 E0.00006
G1 X88.315 Y112.491 E0.00004
G1 X91.969 Y114.597 E0.0021
G1 X92.069 Y114.635 E0.00005
G1 X92.136 Y114.648 E0.00003
G1 X92.248 Y114.64 E0.00006
G1 X92.403 Y114.576 E0.00008
G1 X96.044 Y112.474 E0.0021
G1 X96.116 Y112.421 E0.00004
G1 X96.19 Y112.331 E0.00006
G1 X96.23 Y112.245 E0.00005
G1 X96.248 Y112.16 E0.00004
G1 X96.248 Y107.858 E0.00215
G1 X96.225 Y107.744 E0.00006
G1 X96.2 Y107.689 E0.00003
G1 X96.137 Y107.598 E0.00006
G1 X96.088 Y107.553 E0.00003
G1 X92.927 Y105.709 E0.00183
G1 X92.788 Y105.593 E0.00009
G1 X92.658 Y105.452 E0.0001
G0 F24000 X92.79 Y105.176
;TYPE:WALL-OUTER
G1 F528 X91.545 Y105.172 E0.00062
G1 X91.459 Y105.283 E0.00007
G1 X91.351 Y105.395 E0.00008
G1 X91.189 Y105.526 E0.0001
G1 X88.154 Y107.28 E0.00175
G1 X88.051 Y107.35 E0.00006
G1 X87.977 Y107.422 E0.00005
G1 X87.873 Y107.583 E0.0001
G1 X87.824 Y107.719 E0.00007
G1 X87.808 Y107.828 E0.00005
G1 X87.804 Y112.156 E0.00216
G1 X87.815 Y112.246 E0.00005
G1 X87.839 Y112.333 E0.00005
G1 X87.935 Y112.522 E0.00011
G1 X88.072 Y112.664 E0.0001
G1 X88.166 Y112.728 E0.00006
G1 X91.842 Y114.846 E0.00212
G1 X92.002 Y114.908 E0.00009
G1 X92.112 Y114.928 E0.00006
G1 X92.302 Y114.916 E0.00009
G1 X92.399 Y114.887 E0.00005
G1 X92.513 Y114.835 E0.00006
G1 X96.259 Y112.667 E0.00216
G1 X96.312 Y112.622 E0.00003
G1 X96.393 Y112.531 E0.00006
G1 X96.435 Y112.467 E0.00004
G1 X96.496 Y112.338 E0.00007
G1 X96.528 Y112.179 E0.00008
G1 X96.528 Y107.842 E0.00216
G1 X96.517 Y107.744 E0.00005
G1 X96.487 Y107.645 E0.00005
G1 X96.444 Y107.551 E0.00005
G1 X96.349 Y107.412 E0.00008
G1 X96.183 Y107.278 E0.00011
G1 X93.115 Y105.5 E0.00177
G1 X92.967 Y105.378 E0.0001
G1 X92.79 Y105.176 E0.00013
G0 F24000 X92.59 Y105.176
G0 X92.393 Y106.053
G1 F60 E-0.001
G1 F18000 Z3.1
G0 F24000 X92.393 Y106.053 Z3.1
G0 X104.194 Y109.911
;TYPE:WALL-INNER
G1 F18000 Z1.1
G1 F60 E0.001
G1 F751.6 X104.057 Y109.831 E0.00006
G1 X103.912 Y109.919 E0.00006
G1 X103.912 Y110.081 E0.00006
G1 X104.053 Y110.162 E0.00006
G1 X104.193 Y110.081 E0.00006
G1 X104.194 Y109.911 E0.00006
G0 F24000 X104.057 Y109.439
G1 F528 X103.572 Y109.722 E0.00028
G1 X103.572 Y110.277 E0.00028
G1 X104.053 Y110.555 E0.00028
G1 X104.533 Y110.277 E0.00028
G1 X104.534 Y109.715 E0.00028
G1 X104.057 Y109.439 E0.00027
G0 F24000 X104.057 Y108.977
G1 F528 X103.172 Y109.491 E0.00051
G1 X103.172 Y110.508 E0.00051
G1 X104.053 Y111.017 E0.00051
G1 X104.933 Y110.508 E0.00051
G1 X104.934 Y109.485 E0.00051
G1 X104.057 Y108.977 E0.00051
G0 F24000 X104.057 Y108.515
G1 F528 X102.772 Y109.26 E0.00074
G1 X102.772 Y110.739 E0.00074
G1 X104.053 Y111.479 E0.00074
G1 X105.333 Y110.739 E0.00074
G1 X105.334 Y109.255 E0.00074
G1 X104.057 Y108.515 E0.00074
G0 F24000 X104.057 Y108.053
G1 F528 X102.372 Y109.029 E0.00097
G1 X102.372 Y110.97 E0.00097
G1 X104.053 Y111.94 E0.00097
G1 X105.733 Y110.97 E0.00097
G1 X105.734 Y109.024 E0.00097
G1 X104.057 Y108.053 E0.00097
G0 F24000 X104.057 Y107.591
G1 F528 X101.972 Y108.798 E0.0012
G1 X101.972 Y111.201 E0.0012
G1 X104.053 Y112.402 E0.0012
G1 X106.132 Y111.201 E0.0012
G1 X106.134 Y108.794 E0.0012
G1 X104.057 Y107.591 E0.0012
G0 F24000 X104.058 Y107.126
G1 F528 X101.572 Y108.566 E0.00143
G1 X101.572 Y111.432 E0.00143
G1 X104.053 Y112.864 E0.00143
G1 X106.532 Y111.431 E0.00143
G1 X106.534 Y108.564 E0.00143
G1 X104.058 Y107.126 E0.00143
G0 F24000 X104.071 Y106.651
G1 F528 X104.041 Y106.651 E0.00001
G1 X103.902 Y106.753 E0.00009
G1 X101.172 Y108.335 E0.00157
G1 X101.172 Y111.663 E0.00166
G1 X104.053 Y113.326 E0.00166
G1 X106.932 Y111.662 E0.00166
G1 X106.934 Y108.334 E0.00166
G1 X104.21 Y106.751 E0.00157
G1 X104.071 Y106.651 E0.00009
G0 F24000 X103.901 Y106.25
G1 F528 X103.679 Y106.42 E0.00014
G1 X100.772 Y108.104 E0.00168
G1 X100.772 Y111.894 E0.00189
G1 X104.053 Y113.788 E0.00189
G1 X107.332 Y111.893 E0.00189
G1 X107.334 Y108.104 E0.00189
G1 X104.429 Y106.416 E0.00168
G1 X104.213 Y106.251 E0.00014
G1 X103.901 Y106.25 E0.00016
G0 F24000 X103.748 Y105.85
G1 F528 X103.629 Y105.958 E0.00008
G1 X103.457 Y106.088 E0.00011
G1 X100.383 Y107.87 E0.00177
G1 X100.372 Y107.896 E0.00001
G1 X100.376 Y112.123 E0.00211
G1 X104.053 Y114.246 E0.00212
G1 X107.731 Y112.124 E0.00212
G1 X107.733 Y107.876 E0.00212
G1 X104.648 Y106.082 E0.00178
G1 X104.482 Y105.957 E0.0001
G1 X104.366 Y105.85 E0.00008
G1 X103.748 Y105.85 E0.00031
G0 F24000 X103.573 Y105.449
G1 F528 X103.463 Y105.571 E0.00008
G1 X103.386 Y105.641 E0.00005
G1 X103.201 Y105.776 E0.00011
G1 X100.138 Y107.55 E0.00177
G1 X100.065 Y107.621 E0.00005
G1 X100.037 Y107.661 E0.00002
G1 X99.986 Y107.785 E0.00007
G1 X99.973 Y107.852 E0.00003
G1 X99.975 Y112.164 E0.00215
G1 X100.008 Y112.288 E0.00006
G1 X100.069 Y112.381 E0.00006
G1 X100.17 Y112.47 E0.00007
G1 X103.905 Y114.62 E0.00215
G1 X104.032 Y114.647 E0.00006
G1 X104.124 Y114.643 E0.00005
G1 X104.182 Y114.628 E0.00003
G1 X104.289 Y114.576 E0.00006
G1 X107.96 Y112.454 E0.00212
G1 X108.041 Y112.382 E0.00005
G1 X108.091 Y112.303 E0.00005
G1 X108.124 Y112.217 E0.00005
G1 X108.132 Y112.17 E0.00002
G1 X108.135 Y107.87 E0.00215
G1 X108.124 Y107.788 E0.00004
G1 X108.102 Y107.717 E0.00004
G1 X108.058 Y107.638 E0.00005
G1 X108.006 Y107.577 E0.00004
G1 X107.9 Y107.506 E0.00006
G1 X104.867 Y105.747 E0.00175
G1 X104.655 Y105.577 E0.00014
G1 X104.543 Y105.452 E0.00008
G1 X103.573 Y105.449 E0.00048
G0 F24000 X103.44 Y105.169
;TYPE:WALL-OUTER
G1 F528 X103.215 Y105.419 E0.00017
G1 X103.061 Y105.534 E0.0001
G1 X99.958 Y107.335 E0.00179
G1 X99.852 Y107.438 E0.00007
G1 X99.79 Y107.525 E0.00005
G1 X99.719 Y107.699 E0.00009
G1 X99.693 Y107.833 E0.00007
G1 X99.698 Y112.207 E0.00218
G1 X99.751 Y112.4 E0.0001
G1 X99.85 Y112.557 E0.00009
G1 X99.916 Y112.626 E0.00005
G1 X100.012 Y112.702 E0.00006
G1 X103.727 Y114.846 E0.00214
G1 X103.811 Y114.885 E0.00005
G1 X103.944 Y114.92 E0.00007
G1 X104.025 Y114.927 E0.00004
G1 X104.165 Y114.921 E0.00007
G1 X104.276 Y114.893 E0.00006
G1 X104.4 Y114.835 E0.00007
G1 X108.115 Y112.688 E0.00214
G1 X108.177 Y112.641 E0.00004
G1 X108.253 Y112.565 E0.00005
G1 X108.345 Y112.423 E0.00008
G1 X108.396 Y112.289 E0.00007
G1 X108.412 Y112.191 E0.00005
G1 X108.415 Y107.851 E0.00217
G1 X108.398 Y107.727 E0.00006
G1 X108.36 Y107.605 E0.00006
G1 X108.29 Y107.481 E0.00007
G1 X108.19 Y107.364 E0.00008
G1 X108.067 Y107.279 E0.00007
G1 X105.02 Y105.512 E0.00176
G1 X104.896 Y105.418 E0.00008
G1 X104.791 Y105.312 E0.00007
G1 X104.678 Y105.172 E0.00009
G1 X103.44 Y105.169 E0.00062
G0 F24000 X103.307 Y105.317
G0 X103.948 Y106.05
G1 F60 E-0.001
G1 F18000 Z3.1
G0 F24000 X103.948 Y106.05 Z3.1
G0 X116.083 Y109.919
;TYPE:WALL-INNER
G1 F18000 Z1.1
G1 F60 E0.001
G1 F748.9 X115.943 Y109.838 E0.00006
G1 X115.803 Y109.919 E0.00006
G1 X115.802 Y110.081 E0.00006
G1 X115.943 Y110.162 E0.00006
G1 X116.083 Y110.081 E0.00006
G1 X116.083 Y109.919 E0.00006
G0 F24000 X115.943 Y109.443
G1 F528 X115.462 Y109.723 E0.00028
G1 X115.461 Y110.278 E0.00028
G1 X115.943 Y110.556 E0.00028
G1 X116.424 Y110.278 E0.00028
G1 X116.424 Y109.722 E0.00028
G1 X115.943 Y109.443 E0.00028
G0 F24000 X115.942 Y108.981
G1 F528 X115.062 Y109.492 E0.00051
G1 X115.061 Y110.509 E0.00051
G1 X115.943 Y111.017 E0.00051
G1 X116.824 Y110.509 E0.00051
G1 X116.824 Y109.491 E0.00051
G1 X115.942 Y108.981 E0.00051
G0 F24000 X115.942 Y108.519
G1 F528 X114.663 Y109.261 E0.00074
G1 X114.661 Y110.74 E0.00074
G1 X115.943 Y111.479 E0.00074
G1 X117.224 Y110.741 E0.00074
G1 X117.224 Y109.26 E0.00074
G1 X115.942 Y108.519 E0.00074
G0 F24000 X115.941 Y108.056
G1 F528 X114.263 Y109.031 E0.00097
G1 X114.261 Y110.971 E0.00097
G1 X115.943 Y111.94 E0.00097
G1 X117.624 Y110.972 E0.00097
G1 X117.624 Y109.028 E0.00097
G1 X115.941 Y108.056 E0.00097
G0 F24000 X115.941 Y107.594
G1 F528 X113.863 Y108.8 E0.0012
G1 X113.861 Y111.202 E0.0012
G1 X115.942 Y112.402 E0.0012
G1 X118.024 Y111.203 E0.0012
G1 X118.024 Y108.797 E0.0012
G1 X115.941 Y107.594 E0.0012
G0 F24000 X115.94 Y107.129
G1 F528 X113.464 Y108.57 E0.00143
G1 X113.461 Y111.433 E0.00143
G1 X115.942 Y112.863 E0.00143
G1 X118.424 Y111.434 E0.00143
G1 X118.424 Y108.566 E0.00143
G1 X115.94 Y107.129 E0.00143
G0 F24000 X115.96 Y106.651
G1 F528 X115.928 Y106.651 E0.00002
G1 X115.779 Y106.76 E0.00009
G1 X113.064 Y108.339 E0.00157
G1 X113.061 Y111.663 E0.00166
G1 X115.942 Y113.325 E0.00166
G1 X118.824 Y111.666 E0.00166
G1 X118.824 Y108.335 E0.00166
G1 X116.108 Y106.762 E0.00157
G1 X115.96 Y106.651 E0.00009
G0 F24000 X115.783 Y106.25
G1 F528 X115.559 Y106.426 E0.00014
G1 X112.664 Y108.108 E0.00167
G1 X112.661 Y111.894 E0.00189
G1 X115.942 Y113.786 E0.00189
G1 X119.224 Y111.897 E0.00189
G1 X119.224 Y108.104 E0.00189
G1 X116.333 Y106.431 E0.00167
G1 X116.1 Y106.251 E0.00015
G1 X115.783 Y106.25 E0.00016
G0 F24000 X115.628 Y105.85
G1 F528 X115.585 Y105.894 E0.00003
G1 X115.339 Y106.092 E0.00016
G1 X112.264 Y107.878 E0.00177
G1 X112.263 Y112.117 E0.00211
G1 X112.312 Y112.155 E0.00003
G1 X115.941 Y114.246 E0.00209
G1 X119.608 Y112.133 E0.00211
G1 X119.624 Y112.114 E0.00001
G1 X119.624 Y107.89 E0.00211
G1 X119.614 Y107.867 E0.00001
G1 X116.558 Y106.1 E0.00176
G1 X116.355 Y105.943 E0.00013
G1 X116.252 Y105.851 E0.00007
G1 X115.628 Y105.85 E0.00031
G0 F24000 X115.453 Y105.449
G1 F528 X115.327 Y105.588 E0.00009
G1 X115.119 Y105.758 E0.00013
G1 X112.033 Y107.55 E0.00178
G1 X111.955 Y107.619 E0.00005
G1 X111.906 Y107.693 E0.00004
G1 X111.864 Y107.838 E0.00008
G1 X111.86 Y112.126 E0.00214
G1 X111.872 Y112.214 E0.00004
G1 X111.936 Y112.352 E0.00008
G1 X112.001 Y112.424 E0.00005
G1 X112.089 Y112.488 E0.00005
G1 X115.745 Y114.596 E0.00211
G1 X115.814 Y114.627 E0.00004
G1 X115.914 Y114.65 E0.00005
G1 X115.991 Y114.644 E0.00004
G1 X116.087 Y114.622 E0.00005
G1 X119.79 Y112.494 E0.00213
G1 X119.861 Y112.444 E0.00004
G1 X119.93 Y112.378 E0.00005
G1 X119.978 Y112.306 E0.00004
G1 X120.013 Y112.217 E0.00005
G1 X120.024 Y112.144 E0.00004
G1 X120.021 Y107.834 E0.00215
G1 X119.987 Y107.717 E0.00006
G1 X119.944 Y107.637 E0.00005
G1 X119.847 Y107.54 E0.00007
G1 X116.782 Y105.769 E0.00177
G1 X116.601 Y105.629 E0.00011
G1 X116.427 Y105.452 E0.00012
G1 X115.453 Y105.449 E0.00049
G0 F24000 X115.322 Y105.169
;TYPE:WALL-OUTER
G1 F528 X115.147 Y105.373 E0.00013
G1 X114.965 Y105.524 E0.00012
G1 X111.868 Y107.321 E0.00179
G1 X111.748 Y107.427 E0.00008
G1 X111.649 Y107.577 E0.00009
G1 X111.603 Y107.71 E0.00007
G1 X111.584 Y107.813 E0.00005
G1 X111.58 Y112.145 E0.00216
G1 X111.598 Y112.272 E0.00006
G1 X111.621 Y112.352 E0.00004
G1 X111.712 Y112.522 E0.0001
G1 X111.812 Y112.633 E0.00007
G1 X111.936 Y112.723 E0.00008
G1 X115.618 Y114.846 E0.00212
G1 X115.722 Y114.893 E0.00006
G1 X115.904 Y114.931 E0.00009
G1 X116.032 Y114.922 E0.00006
G1 X116.178 Y114.888 E0.00007
G1 X116.267 Y114.845 E0.00005
G1 X119.942 Y112.73 E0.00212
G1 X120.039 Y112.66 E0.00006
G1 X120.144 Y112.562 E0.00007
G1 X120.232 Y112.426 E0.00008
G1 X120.281 Y112.301 E0.00007
G1 X120.304 Y112.17 E0.00007
G1 X120.304 Y107.857 E0.00215
G1 X120.276 Y107.69 E0.00008
G1 X120.243 Y107.601 E0.00005
G1 X120.177 Y107.48 E0.00007
G1 X120.106 Y107.393 E0.00006
G1 X120.01 Y107.31 E0.00006
G1 X116.955 Y105.547 E0.00176
G1 X116.745 Y105.383 E0.00013
G1 X116.653 Y105.287 E0.00007
G1 X116.567 Y105.174 E0.00007
G1 X115.322 Y105.169 E0.00062
G0 F24000 X115.192 Y105.32
G0 X115.723 Y106.051
G1 F60 E-0.001
G1 F18000 Z3.1
G0 F24000 X115.723 Y106.051 Z3.1
G0 X127.967 Y109.922
;TYPE:WALL-INNER
G1 F18000 Z1.1
G1 F60 E0.001
G1 F754.3 X127.897 Y109.882 E0.00003
G1 X127.897 Y109.872 E0
G1 X127.827 Y109.832 E0.00003
G1 X127.687 Y109.913 E0.00006
G1 X127.688 Y110.083 E0.00006
G1 X127.827 Y110.164 E0.00006
G1 X127.967 Y110.083 E0.00006
G1 X127.967 Y109.922 E0.00006
G0 F24000 X127.827 Y109.439
G1 F528 X127.347 Y109.717 E0.00028
G1 X127.348 Y110.28 E0.00028
G1 X127.827 Y110.556 E0.00028
G1 X128.307 Y110.28 E0.00028
G1 X128.307 Y109.726 E0.00028
G1 X128.067 Y109.587 E0.00014
G1 X128.067 Y109.578 E0
G1 X127.827 Y109.439 E0.00014
G0 F24000 X127.827 Y108.977
G1 F528 X126.947 Y109.486 E0.00051
G1 X126.948 Y110.511 E0.00051
G1 X127.827 Y111.018 E0.00051
G1 X128.707 Y110.511 E0.00051
G1 X128.707 Y109.494 E0.00051
G1 X128.267 Y109.24 E0.00025
G1 X128.267 Y109.231 E0
G1 X127.827 Y108.977 E0.00025
G0 F24000 X127.826 Y108.515
G1 F528 X126.547 Y109.256 E0.00074
G1 X126.548 Y110.742 E0.00074
G1 X127.827 Y111.48 E0.00074
G1 X129.107 Y110.742 E0.00074
G1 X129.108 Y109.262 E0.00074
G1 X128.467 Y108.893 E0.00037
G1 X128.467 Y108.885 E0
G1 X127.826 Y108.515 E0.00037
G0 F24000 X127.826 Y108.054
G1 F528 X126.147 Y109.025 E0.00097
G1 X126.148 Y110.974 E0.00097
G1 X127.827 Y111.941 E0.00097
G1 X129.507 Y110.972 E0.00097
G1 X129.508 Y109.031 E0.00097
G1 X128.667 Y108.546 E0.00048
G1 X128.667 Y108.539 E0
G1 X127.826 Y108.054 E0.00048
G0 F24000 X127.826 Y107.592
G1 F528 X125.747 Y108.795 E0.0012
G1 X125.748 Y111.205 E0.0012
G1 X127.827 Y112.403 E0.0012
G1 X129.907 Y111.203 E0.0012
G1 X129.909 Y108.799 E0.0012
G1 X128.867 Y108.199 E0.0006
G1 X128.867 Y108.192 E0
G1 X127.826 Y107.592 E0.0006
G0 F24000 X127.825 Y107.127
G1 F528 X125.347 Y108.564 E0.00143
G1 X125.348 Y111.436 E0.00143
G1 X127.827 Y112.864 E0.00143
G1 X130.307 Y111.434 E0.00143
G1 X130.309 Y108.567 E0.00143
G1 X127.825 Y107.127 E0.00143
G0 F24000 X127.813 Y106.652
G1 F528 X127.679 Y106.749 E0.00008
G1 X124.947 Y108.333 E0.00158
G1 X124.948 Y111.667 E0.00166
G1 X127.827 Y113.326 E0.00166
G1 X130.707 Y111.665 E0.00166
G1 X130.71 Y108.336 E0.00166
G1 X128.058 Y106.802 E0.00153
G1 X127.845 Y106.652 E0.00013
G1 X127.813 Y106.652 E0.00002
G0 F24000 X127.671 Y106.252
G1 F528 X127.531 Y106.365 E0.00009
G1 X127.361 Y106.474 E0.0001
G1 X124.547 Y108.103 E0.00162
G1 X124.548 Y111.898 E0.00189
G1 X127.827 Y113.787 E0.00189
G1 X131.107 Y111.896 E0.00189
G1 X131.11 Y108.104 E0.00189
G1 X128.203 Y106.42 E0.00168
G1 X127.987 Y106.252 E0.00014
G1 X127.671 Y106.252 E0.00016
G0 F24000 X127.517 Y105.852
G1 F528 X127.383 Y105.974 E0.00009
G1 X127.198 Y106.106 E0.00011
G1 X124.155 Y107.87 E0.00175
G1 X124.148 Y107.886 E0.00001
G1 X124.148 Y112.114 E0.00211
G1 X124.157 Y112.13 E0.00001
G1 X127.831 Y114.246 E0.00212
G1 X131.501 Y112.127 E0.00211
G1 X131.508 Y112.113 E0.00001
G1 X131.511 Y107.895 E0.0021
G1 X131.494 Y107.865 E0.00002
G1 X128.427 Y106.089 E0.00177
G1 X128.274 Y105.973 E0.0001
G1 X128.141 Y105.852 E0.00009
G1 X127.517 Y105.852 E0.00031
G0 F24000 X127.345 Y105.452
G1 F528 X127.184 Y105.618 E0.00012
G1 X126.997 Y105.76 E0.00012
G1 X123.967 Y107.515 E0.00175
G1 X123.873 Y107.582 E0.00006
G1 X123.813 Y107.656 E0.00005
G1 X123.767 Y107.759 E0.00006
G1 X123.751 Y107.823 E0.00003
G1 X123.748 Y112.139 E0.00215
G1 X123.771 Y112.255 E0.00006
G1 X123.818 Y112.347 E0.00005
G1 X123.875 Y112.417 E0.00005
G1 X123.975 Y112.491 E0.00006
G1 X127.633 Y114.598 E0.00211
G1 X127.755 Y114.641 E0.00006
G1 X127.846 Y114.649 E0.00005
G1 X127.969 Y114.623 E0.00006
G1 X131.682 Y112.488 E0.00214
G1 X131.766 Y112.43 E0.00005
G1 X131.841 Y112.344 E0.00006
G1 X131.894 Y112.23 E0.00006
G1 X131.908 Y112.168 E0.00003
G1 X131.906 Y107.809 E0.00217
G1 X131.839 Y107.652 E0.00009
G1 X131.806 Y107.603 E0.00003
G1 X131.752 Y107.552 E0.00004
G1 X128.651 Y105.757 E0.00179
G1 X128.459 Y105.605 E0.00012
G1 X128.314 Y105.452 E0.00011
G1 X127.345 Y105.452 E0.00048
G0 F24000 X127.208 Y105.172
;TYPE:WALL-OUTER
G1 F528 X127.086 Y105.324 E0.0001
G1 X126.99 Y105.416 E0.00007
G1 X126.887 Y105.498 E0.00007
G1 X123.791 Y107.295 E0.00179
G1 X123.677 Y107.382 E0.00007
G1 X123.566 Y107.522 E0.00009
G1 X123.503 Y107.665 E0.00008
G1 X123.469 Y107.814 E0.00008
G1 X123.468 Y112.156 E0.00217
G1 X123.479 Y112.247 E0.00005
G1 X123.509 Y112.356 E0.00006
G1 X123.582 Y112.5 E0.00008
G1 X123.676 Y112.616 E0.00007
G1 X123.823 Y112.727 E0.00009
G1 X127.508 Y114.849 E0.00212
G1 X127.61 Y114.892 E0.00006
G1 X127.707 Y114.919 E0.00005
G1 X127.852 Y114.93 E0.00007
G1 X127.959 Y114.917 E0.00005
G1 X128.138 Y114.854 E0.00009
G1 X131.832 Y112.725 E0.00213
G1 X131.944 Y112.647 E0.00007
G1 X132.021 Y112.572 E0.00005
G1 X132.083 Y112.488 E0.00005
G1 X132.156 Y112.331 E0.00009
G1 X132.188 Y112.187 E0.00007
G1 X132.191 Y107.843 E0.00217
G1 X132.181 Y107.753 E0.00005
G1 X132.156 Y107.666 E0.00005
G1 X132.084 Y107.514 E0.00008
G1 X132.001 Y107.4 E0.00007
G1 X131.923 Y107.33 E0.00005
G1 X128.808 Y105.526 E0.0018
G1 X128.657 Y105.407 E0.0001
G1 X128.553 Y105.303 E0.00007
G1 X128.451 Y105.172 E0.00008
G1 X127.208 Y105.172 E0.00062
G0 F24000 X127.086 Y105.324
G0 X127.083 Y105.327
G0 X127.702 Y106.054
G1 F60 E-0.001
G1 F18000 Z3.1
;MESH:Full_Asse_Ink_Part.STL
G0 F24000 X127.702 Y106.054 Z3.1
G0 X144.308 Y109.913
;TYPE:WALL-INNER
G1 F18000 Z1.1
G1 F60 E0.001
G1 F751.6 X144.167 Y109.832 E0.00006
G1 X144.027 Y109.913 E0.00006
G1 X144.025 Y110.083 E0.00006
G1 X144.165 Y110.164 E0.00006
G1 X144.305 Y110.083 E0.00006
G1 X144.308 Y109.913 E0.00006
G0 F24000 X144.167 Y109.439
G1 F528 X143.687 Y109.717 E0.00028
G1 X143.685 Y110.279 E0.00028
G1 X144.165 Y110.557 E0.00028
G1 X144.645 Y110.279 E0.00028
G1 X144.648 Y109.718 E0.00028
G1 X144.167 Y109.439 E0.00028
G0 F24000 X144.168 Y108.976
G1 F528 X143.287 Y109.486 E0.00051
G1 X143.285 Y110.51 E0.00051
G1 X144.165 Y111.018 E0.00051
G1 X145.045 Y110.51 E0.00051
G1 X145.048 Y109.488 E0.00051
G1 X144.168 Y108.976 E0.00051
G0 F24000 X144.169 Y108.514
G1 F528 X142.887 Y109.255 E0.00074
G1 X142.885 Y110.741 E0.00074
G1 X144.165 Y111.48 E0.00074
G1 X145.446 Y110.741 E0.00074
G1 X145.448 Y109.257 E0.00074
G1 X144.169 Y108.514 E0.00074
G0 F24000 X144.169 Y108.051
G1 F528 X142.487 Y109.024 E0.00097
G1 X142.485 Y110.972 E0.00097
G1 X144.165 Y111.942 E0.00097
G1 X145.846 Y110.971 E0.00097
G1 X145.848 Y109.027 E0.00097
G1 X144.169 Y108.051 E0.00097
G0 F24000 X144.17 Y107.589
G1 F528 X142.088 Y108.794 E0.0012
G1 X142.085 Y111.202 E0.0012
G1 X144.165 Y112.404 E0.0012
G1 X146.246 Y111.202 E0.0012
G1 X146.248 Y108.797 E0.0012
G1 X144.17 Y107.589 E0.0012
G0 F24000 X144.17 Y107.124
G1 F528 X141.688 Y108.563 E0.00143
G1 X141.685 Y111.433 E0.00143
G1 X144.165 Y112.865 E0.00143
G1 X146.647 Y111.433 E0.00143
G1 X146.648 Y108.567 E0.00143
G1 X144.17 Y107.124 E0.00143
G0 F24000 X144.155 Y106.65
G1 F528 X143.898 Y106.823 E0.00015
G1 X141.288 Y108.332 E0.0015
G1 X141.285 Y111.664 E0.00166
G1 X144.165 Y113.327 E0.00166
G1 X147.047 Y111.664 E0.00166
G1 X147.048 Y108.337 E0.00166
G1 X144.398 Y106.796 E0.00153
G1 X144.185 Y106.65 E0.00013
G1 X144.155 Y106.65 E0.00001
G0 F24000 X144.015 Y106.25
G1 F528 X143.909 Y106.336 E0.00007
G1 X143.698 Y106.477 E0.00013
G1 X140.888 Y108.101 E0.00162
G1 X140.885 Y111.895 E0.00189
G1 X144.165 Y113.789 E0.00189
G1 X147.447 Y111.894 E0.00189
G1 X147.448 Y108.107 E0.00189
G1 X144.599 Y106.451 E0.00164
G1 X144.478 Y106.371 E0.00007
G1 X144.331 Y106.251 E0.00009
G1 X144.015 Y106.25 E0.00016
G0 F24000 X143.86 Y105.85
G1 F528 X143.674 Y106.012 E0.00012
G1 X143.497 Y106.13 E0.00011
G1 X140.494 Y107.871 E0.00173
G1 X140.485 Y112.111 E0.00212
G1 X140.502 Y112.135 E0.00001
G1 X144.167 Y114.245 E0.00211
G1 X147.841 Y112.127 E0.00212
G1 X147.848 Y112.115 E0.00001
G1 X147.847 Y107.876 E0.00211
G1 X144.801 Y106.105 E0.00176
G1 X144.688 Y106.029 E0.00007
G1 X144.482 Y105.851 E0.00014
G1 X143.86 Y105.85 E0.00031
G0 F24000 X143.682 Y105.449
G1 F528 X143.576 Y105.569 E0.00008
G1 X143.438 Y105.689 E0.00009
G1 X143.297 Y105.784 E0.00008
G1 X140.252 Y107.548 E0.00176
G1 X140.183 Y107.616 E0.00005
G1 X140.135 Y107.689 E0.00004
G1 X140.097 Y107.791 E0.00005
G1 X140.088 Y107.849 E0.00003
G1 X140.09 Y112.183 E0.00216
G1 X140.134 Y112.309 E0.00007
G1 X140.211 Y112.414 E0.00006
G1 X140.244 Y112.444 E0.00002
G1 X143.953 Y114.59 E0.00214
G1 X144.037 Y114.626 E0.00005
G1 X144.143 Y114.647 E0.00005
G1 X144.3 Y114.625 E0.00008
G1 X144.383 Y114.587 E0.00005
G1 X148.063 Y112.463 E0.00212
G1 X148.155 Y112.377 E0.00006
G1 X148.209 Y112.294 E0.00005
G1 X148.248 Y112.159 E0.00007
G1 X148.248 Y107.857 E0.00215
G1 X148.229 Y107.756 E0.00005
G1 X148.201 Y107.685 E0.00004
G1 X148.151 Y107.614 E0.00004
G1 X148.092 Y107.557 E0.00004
G1 X144.934 Y105.714 E0.00182
G1 X144.76 Y105.567 E0.00011
G1 X144.654 Y105.451 E0.00008
G1 X143.682 Y105.449 E0.00048
G0 F24000 X143.55 Y105.171
;TYPE:WALL-OUTER
G1 F528 X143.421 Y105.327 E0.0001
G1 X143.265 Y105.469 E0.00011
G1 X143.157 Y105.542 E0.00007
G1 X140.077 Y107.328 E0.00178
G1 X139.965 Y107.437 E0.00008
G1 X139.884 Y107.562 E0.00007
G1 X139.824 Y107.721 E0.00008
G1 X139.808 Y107.828 E0.00005
G1 X139.804 Y112.137 E0.00215
G1 X139.813 Y112.228 E0.00005
G1 X139.856 Y112.379 E0.00008
G1 X139.895 Y112.456 E0.00004
G1 X140.002 Y112.603 E0.00009
G1 X140.073 Y112.666 E0.00005
G1 X143.828 Y114.841 E0.00216
G1 X143.947 Y114.892 E0.00006
G1 X144.055 Y114.92 E0.00006
G1 X144.136 Y114.927 E0.00004
G1 X144.26 Y114.921 E0.00006
G1 X144.391 Y114.891 E0.00007
G1 X144.512 Y114.835 E0.00007
G1 X148.218 Y112.696 E0.00213
G1 X148.283 Y112.647 E0.00004
G1 X148.376 Y112.552 E0.00007
G1 X148.458 Y112.423 E0.00008
G1 X148.491 Y112.343 E0.00004
G1 X148.528 Y112.178 E0.00008
G1 X148.528 Y107.842 E0.00216
G1 X148.517 Y107.744 E0.00005
G1 X148.448 Y107.552 E0.0001
G1 X148.392 Y107.466 E0.00005
G1 X148.318 Y107.381 E0.00006
G1 X148.254 Y107.327 E0.00004
G1 X145.129 Y105.509 E0.0018
G1 X144.941 Y105.353 E0.00012
G1 X144.791 Y105.171 E0.00012
G1 X143.55 Y105.171 E0.00062
G0 F24000 X143.423 Y105.325
G0 X143.944 Y106.052
G1 F60 E-0.001
G1 F18000 Z3.1
G0 F24000 X143.944 Y106.052 Z3.1
G0 X149.617 Y101.721
;TYPE:WALL-INNER
G1 F18000 Z1.1
G1 F60 E0.001
G1 F797 X150.113 Y102.006 E0.00019
G1 X150.608 Y101.721 E0.00019
G1 X149.617 Y101.721 E0.00033
G0 F24000 X161.503 Y101.721
G1 F794 X161.999 Y102.006 E0.00019
G1 X162.494 Y101.721 E0.00019
G1 X161.503 Y101.721 E0.00033
G0 F24000 X173.392 Y101.72
G1 F794 X173.889 Y102.006 E0.00019
G1 X174.384 Y101.721 E0.00019
G1 X173.392 Y101.72 E0.00033
G0 F24000 X180.852 Y103.43
G0 X185.318 Y106.023
G0 X185.78 Y106.543
G0 X185.974 Y106.997
G0 X186.032 Y107.354
G0 X186.03 Y112.669
G0 X185.9 Y113.218
G0 X185.627 Y113.677
G0 X185.232 Y114.04
G0 X180.392 Y116.792
G0 X173.395 Y118.275
G1 F800 X174.38 Y118.275 E0.00032
G1 X173.887 Y117.991 E0.00019
G1 X173.395 Y118.275 E0.00019
G0 F24000 X162.491 Y118.276
G1 F797 X161.995 Y117.99 E0.00019
G1 X161.5 Y118.276 E0.00019
G1 X162.491 Y118.276 E0.00033
G0 F24000 X150.608 Y118.276
G1 F797 X150.111 Y117.99 E0.00019
G1 X149.615 Y118.275 E0.00019
G1 X150.608 Y118.276 E0.00033
G0 F24000 X151.851 Y118.608
G1 F528 X150.111 Y117.607 E0.001
G1 X148.375 Y118.607 E0.001
G1 X151.851 Y118.608 E0.00173
G0 F24000 X160.263 Y118.608
G1 F528 X163.731 Y118.608 E0.00173
G1 X161.995 Y117.607 E0.001
G1 X160.263 Y118.608 E0.001
G0 F24000 X172.157 Y118.607
G1 F528 X175.622 Y118.607 E0.00173
G1 X173.887 Y117.608 E0.001
G1 X172.157 Y118.607 E0.001
G0 F24000 X180.392 Y116.792
G0 X185.429 Y113.886
G0 X185.758 Y113.492
G0 X185.977 Y112.983
G0 X186.03 Y112.669
G0 X186.032 Y107.354
G0 X185.887 Y106.755
G0 X185.483 Y106.167
G0 X185.143 Y105.905
G0 X180.852 Y103.43
G0 X172.148 Y101.387
G1 F528 X173.889 Y102.39 E0.001
G1 X175.624 Y101.388 E0.001
G1 X172.148 Y101.387 E0.00173
G0 F24000 X163.733 Y101.389
G1 F528 X160.26 Y101.388 E0.00173
G1 X161.999 Y102.391 E0.001
G1 X163.733 Y101.389 E0.001
G0 F24000 X151.844 Y101.389
G1 F528 X148.378 Y101.389 E0.00173
G1 X150.113 Y102.389 E0.001
G1 X151.844 Y101.389 E0.001
G0 F24000 X153.334 Y100.989
G1 F528 X146.886 Y100.989 E0.00322
G1 X150.113 Y102.851 E0.00186
G1 X153.334 Y100.989 E0.00186
G0 F24000 X158.767 Y100.988
G1 F528 X161.999 Y102.853 E0.00186
G1 X165.222 Y100.989 E0.00186
G1 X158.767 Y100.988 E0.00322
G0 F24000 X170.653 Y100.987
G1 F528 X173.89 Y102.852 E0.00186
G1 X177.113 Y100.988 E0.00186
G1 X170.653 Y100.987 E0.00322
G0 F24000 X182.549 Y100.99
G1 F522.8 X183.506 Y101.541 E0.00056
G1 X183.506 Y100.99 E0.00028
G1 X182.549 Y100.99 E0.00048
G0 F24000 X185.887 Y106.755
G0 X186.032 Y107.354
G0 X186.03 Y112.669
G0 X185.925 Y113.114
G0 X183.506 Y118.452
G1 F521.5 X182.546 Y119.006 E0.00056
G1 X183.506 Y119.006 E0.00048
G1 X183.506 Y118.452 E0.00028
G0 F24000 X177.118 Y119.007
G1 F528 X173.887 Y117.146 E0.00186
G1 X170.665 Y119.007 E0.00186
G1 X177.118 Y119.007 E0.00322
G0 F24000 X165.225 Y119.008
G1 F528 X161.995 Y117.145 E0.00186
G1 X158.772 Y119.008 E0.00186
G1 X165.225 Y119.008 E0.00322
G0 F24000 X153.348 Y119.008
G1 F528 X150.111 Y117.145 E0.00186
G1 X146.882 Y119.007 E0.00186
G1 X153.348 Y119.008 E0.00323
G0 F24000 X141.448 Y119.005
G1 F521.5 X140.489 Y118.453 E0.00056
G1 X140.49 Y119.006 E0.00028
G1 X141.448 Y119.005 E0.00048
G0 F24000 X138.112 Y113.242
G0 X137.968 Y112.646
G0 X137.97 Y107.331
G0 X138.077 Y106.883
G0 X140.49 Y101.541
G1 F524.1 X141.448 Y100.99 E0.00056
G1 X140.49 Y100.99 E0.00048
G1 X140.49 Y101.541 E0.00028
G0 F24000 X140.089 Y102.236
G1 F528 X141.672 Y101.323 E0.00091
G1 F529.3 X141.701 Y101.311 E0.00002
G1 X141.731 Y101.299 E0.00002
G1 X141.76 Y101.287 E0.00002
G1 X141.79 Y101.275 E0.00002
G1 X141.819 Y101.262 E0.00002
G1 F530.7 X141.849 Y101.25 E0.00002
G1 X141.879 Y101.238 E0.00002
G1 X141.908 Y101.226 E0.00002
G1 X141.938 Y101.214 E0.00002
G1 F532 X141.967 Y101.201 E0.00002
G1 X141.997 Y101.189 E0.00002
G1 X142.026 Y101.177 E0.00002
G1 X142.056 Y101.165 E0.00002
G1 X142.086 Y101.152 E0.00002
G1 F533.3 X142.115 Y101.14 E0.00002
G1 X142.145 Y101.128 E0.00002
G1 X142.174 Y101.116 E0.00002
G1 X142.204 Y101.104 E0.00002
G1 F534.7 X142.233 Y101.091 E0.00002
G1 X142.263 Y101.079 E0.00002
G1 X142.293 Y101.067 E0.00002
G1 X142.322 Y101.055 E0.00002
G1 X142.352 Y101.042 E0.00002
G1 F536 X142.381 Y101.03 E0.00002
G1 X142.411 Y101.018 E0.00002
G1 X142.441 Y101.006 E0.00002
G1 X142.47 Y100.994 E0.00002
G1 F537.4 X142.487 Y100.989 E0.00001
G1 F538.8 X142.497 Y100.987 E0
G1 F540.2 X142.507 Y100.985 E0
G1 X142.517 Y100.983 E0
G1 F541.5 X142.527 Y100.982 E0
G1 F542.9 X142.537 Y100.98 E0
G1 F544.3 X142.546 Y100.978 E0
G1 F545.7 X142.556 Y100.976 E0
G1 F547.2 X142.566 Y100.975 E0
G1 X142.576 Y100.973 E0
G1 F548.6 X142.586 Y100.971 E0
G1 F550 X142.596 Y100.969 E0
G1 F551.4 X142.605 Y100.968 E0
G1 F552.9 X142.615 Y100.966 E0
G1 F554.3 X142.625 Y100.964 E0
G1 X142.635 Y100.962 E0
G1 F555.8 X142.645 Y100.961 E0
G1 F557.3 X142.655 Y100.959 E0
G1 F558.7 X142.664 Y100.957 E0
G1 F560.2 X142.674 Y100.955 E0
G1 F561.7 X142.684 Y100.954 E0
G1 F563.2 X142.694 Y100.952 E0
G1 X142.704 Y100.95 E0
G1 F564.7 X142.714 Y100.948 E0
G1 F566.2 X142.724 Y100.947 E0
G1 F567.7 X142.733 Y100.945 E0
G1 F569.3 X142.743 Y100.943 E0
G1 F570.8 X142.753 Y100.941 E0
G1 X142.763 Y100.94 E0
G1 F572.4 X142.773 Y100.938 E0
G1 F573.9 X142.783 Y100.936 E0
G1 F575.5 X142.796 Y100.935 E0.00001
G1 X142.806 Y100.934 E0
G1 F577 X142.816 Y100.934 E0
G1 X142.826 Y100.933 E0
G1 F578.6 X142.836 Y100.932 E0
G1 X142.846 Y100.932 E0
G1 F580.2 X142.856 Y100.931 E0
G1 X142.866 Y100.93 E0
G1 F581.8 X142.876 Y100.93 E0
G1 X142.886 Y100.929 E0
G1 F583.4 X142.896 Y100.929 E0
G1 X142.906 Y100.928 E0
G1 F585 X142.916 Y100.927 E0
G1 X142.926 Y100.927 E0
G1 X142.936 Y100.926 E0
G1 F586.7 X142.946 Y100.925 E0
G1 X142.956 Y100.925 E0
G1 F588.3 X142.966 Y100.924 E0
G1 X142.976 Y100.924 E0
G1 F589.9 X142.986 Y100.923 E0
G1 X142.996 Y100.922 E0
G1 F591.6 X143.006 Y100.922 E0
G1 X143.016 Y100.921 E0
G1 F593.3 X143.026 Y100.92 E0
G1 X143.036 Y100.92 E0
G1 F594.9 X143.046 Y100.919 E0
G1 X143.056 Y100.918 E0
G1 F596.6 X143.066 Y100.918 E0
G1 X143.076 Y100.917 E0
G1 F598.3 X143.086 Y100.917 E0
G1 X143.096 Y100.916 E0
G1 F600 X143.106 Y100.915 E0
G1 X143.116 Y100.915 E0
G1 F601.7 X143.126 Y100.914 E0
G1 X143.136 Y100.913 E0
G1 F603.4 X143.146 Y100.913 E0
G1 X143.156 Y100.912 E0
G1 F605.2 X143.166 Y100.912 E0
G1 X143.176 Y100.911 E0
G1 F606.9 X143.186 Y100.91 E0
G1 X143.196 Y100.91 E0
G1 F608.6 X143.206 Y100.909 E0
G1 X143.216 Y100.908 E0
G1 X143.226 Y100.908 E0
G1 F610.4 X143.236 Y100.907 E0
G1 X143.246 Y100.906 E0
G1 F612.2 X143.256 Y100.906 E0
G1 X143.266 Y100.905 E0
G1 F614 X143.276 Y100.905 E0
G1 X143.286 Y100.904 E0
G1 F615.7 X143.296 Y100.903 E0
G1 X143.306 Y100.903 E0
G1 F617.5 X143.316 Y100.902 E0
G1 X143.326 Y100.901 E0
G1 F619.4 X143.336 Y100.901 E0
G1 X143.346 Y100.9 E0
G1 F621.2 X143.356 Y100.9 E0
G1 X143.366 Y100.899 E0
G1 X144.964 Y100.898 E0.00068
G1 X144.973 Y100.898 E0
G1 F619.4 X144.983 Y100.899 E0
G1 X144.993 Y100.9 E0
G1 F617.5 X145.003 Y100.901 E0
G1 F615.7 X145.013 Y100.902 E0
G1 X145.023 Y100.903 E0
G1 F614 X145.033 Y100.904 E0
G1 F612.2 X145.043 Y100.905 E0
G1 F610.4 X145.053 Y100.906 E0
G1 X145.063 Y100.907 E0
G1 F608.6 X145.073 Y100.908 E0
G1 F606.9 X145.083 Y100.909 E0
G1 X145.093 Y100.91 E0
G1 F605.2 X145.103 Y100.911 E0
G1 F603.4 X145.113 Y100.912 E0
G1 F601.7 X145.123 Y100.913 E0
G1 X145.133 Y100.914 E0
G1 F600 X145.143 Y100.915 E0
G1 F598.3 X145.153 Y100.916 E0
G1 F596.6 X145.163 Y100.917 E0
G1 X145.173 Y100.918 E0
G1 F594.9 X145.183 Y100.919 E0
G1 F593.3 X145.192 Y100.92 E0
G1 X145.202 Y100.921 E0
G1 F591.6 X145.212 Y100.922 E0
G1 F589.9 X145.222 Y100.923 E0
G1 F588.3 X145.232 Y100.924 E0
G1 X145.242 Y100.925 E0
G1 F586.7 X145.252 Y100.926 E0
G1 F585 X145.262 Y100.927 E0
G1 X145.272 Y100.928 E0
G1 F583.4 X145.282 Y100.928 E0
G1 F581.8 X145.292 Y100.929 E0
G1 F580.2 X145.302 Y100.93 E0
G1 X145.312 Y100.931 E0
G1 F578.6 X145.322 Y100.932 E0
G1 F577 X145.332 Y100.933 E0
G1 X145.342 Y100.934 E0
G1 F575.5 X145.352 Y100.935 E0
G1 F573.9 X145.362 Y100.936 E0
G1 F572.4 X145.372 Y100.937 E0
G1 X145.382 Y100.938 E0
G1 F570.8 X145.392 Y100.939 E0
G1 F569.3 X145.402 Y100.94 E0
G1 F567.7 X145.411 Y100.941 E0
G1 X145.421 Y100.942 E0
G1 F566.2 X145.431 Y100.943 E0
G1 F564.7 X145.441 Y100.944 E0
G1 X145.451 Y100.945 E0
G1 F563.2 X145.461 Y100.946 E0
G1 F561.7 X145.471 Y100.947 E0
G1 F560.2 X145.481 Y100.948 E0
G1 X145.491 Y100.949 E0
G1 F558.7 X145.501 Y100.95 E0
G1 F557.3 X145.511 Y100.951 E0
G1 X145.521 Y100.952 E0
G1 F555.8 X145.531 Y100.953 E0
G1 F554.3 X145.541 Y100.954 E0
G1 F552.9 X145.551 Y100.955 E0
G1 X145.561 Y100.956 E0
G1 F551.4 X145.571 Y100.957 E0
G1 F550 X145.581 Y100.958 E0
G1 X145.591 Y100.958 E0
G1 F548.6 X145.601 Y100.959 E0
G1 F547.2 X145.611 Y100.96 E0
G1 F545.7 X145.621 Y100.961 E0
G1 X145.631 Y100.962 E0
G1 F544.3 X145.64 Y100.963 E0
G1 F542.9 X145.65 Y100.964 E0
G1 X145.66 Y100.965 E0
G1 F541.5 X145.67 Y100.966 E0
G1 F540.2 X145.68 Y100.967 E0
G1 F538.8 X145.69 Y100.968 E0
G1 X145.7 Y100.969 E0
G1 F537.4 X145.71 Y100.97 E0
G1 F536 X145.72 Y100.971 E0
G1 F534.7 X145.73 Y100.972 E0
G1 X145.74 Y100.973 E0
G1 F533.3 X145.75 Y100.974 E0
G1 F532 X145.76 Y100.975 E0
G1 X145.77 Y100.976 E0
G1 F530.7 X145.78 Y100.977 E0
G1 F529.3 X145.79 Y100.978 E0.00001
G1 F528 X145.8 Y100.979 E0.00001
G1 X145.81 Y100.98 E0.00001
G1 F526.7 X145.82 Y100.981 E0.00001
G1 F525.4 X145.83 Y100.982 E0.00001
G1 X145.84 Y100.983 E0.00001
G1 F524.1 X145.85 Y100.984 E0.00001
G1 X145.903 Y101.003 E0.00003
G1 X145.947 Y101.022 E0.00002
G1 X145.991 Y101.04 E0.00002
G1 X146.036 Y101.059 E0.00002
G1 X146.08 Y101.077 E0.00002
G1 F525.4 X146.124 Y101.096 E0.00002
G1 X146.168 Y101.114 E0.00002
G1 X146.213 Y101.133 E0.00002
G1 X146.257 Y101.151 E0.00002
G1 F526.7 X146.301 Y101.17 E0.00002
G1 X146.345 Y101.189 E0.00002
G1 X146.39 Y101.207 E0.00002
G1 X146.434 Y101.226 E0.00002
G1 X146.478 Y101.244 E0.00002
G1 F528 X146.522 Y101.263 E0.00002
G1 X146.567 Y101.281 E0.00002
G1 X146.611 Y101.3 E0.00002
G1 X146.655 Y101.318 E0.00002
G1 X150.114 Y103.312 E0.00199
G1 X153.554 Y101.324 E0.00198
G1 F529.3 X153.583 Y101.312 E0.00002
G1 X153.613 Y101.3 E0.00002
G1 X153.642 Y101.288 E0.00002
G1 X153.672 Y101.276 E0.00002
G1 X153.701 Y101.263 E0.00002
G1 F530.7 X153.731 Y101.251 E0.00002
G1 X153.761 Y101.239 E0.00002
G1 X153.79 Y101.227 E0.00002
G1 X153.82 Y101.214 E0.00002
G1 F532 X153.849 Y101.202 E0.00002
G1 X153.879 Y101.19 E0.00002
G1 X153.908 Y101.178 E0.00002
G1 X153.938 Y101.165 E0.00002
G1 X153.968 Y101.153 E0.00002
G1 F533.3 X153.997 Y101.141 E0.00002
G1 X154.027 Y101.129 E0.00002
G1 X154.056 Y101.116 E0.00002
G1 X154.086 Y101.104 E0.00002
G1 F534.7 X154.116 Y101.092 E0.00002
G1 X154.145 Y101.08 E0.00002
G1 X154.175 Y101.067 E0.00002
G1 X154.204 Y101.055 E0.00002
G1 X154.234 Y101.043 E0.00002
G1 F536 X154.263 Y101.031 E0.00002
G1 X154.293 Y101.018 E0.00002
G1 X154.323 Y101.006 E0.00002
G1 X154.352 Y100.994 E0.00002
G1 F537.4 X154.37 Y100.989 E0.00001
G1 F538.8 X154.38 Y100.987 E0
G1 F540.2 X154.39 Y100.985 E0
G1 X154.4 Y100.984 E0
G1 F541.5 X154.41 Y100.982 E0
G1 F542.9 X154.42 Y100.98 E0
G1 F544.3 X154.429 Y100.978 E0
G1 F545.7 X154.439 Y100.977 E0
G1 F547.2 X154.449 Y100.975 E0
G1 X154.459 Y100.973 E0
G1 F548.6 X154.469 Y100.971 E0
G1 F550 X154.479 Y100.97 E0
G1 F551.4 X154.488 Y100.968 E0
G1 F552.9 X154.498 Y100.966 E0
G1 F554.3 X154.508 Y100.964 E0
G1 X154.518 Y100.963 E0
G1 F555.8 X154.528 Y100.961 E0
G1 F557.3 X154.538 Y100.959 E0
G1 F558.7 X154.547 Y100.957 E0
G1 F560.2 X154.557 Y100.956 E0
G1 F561.7 X154.567 Y100.954 E0
G1 F563.2 X154.577 Y100.952 E0
G1 X154.587 Y100.95 E0
G1 F564.7 X154.597 Y100.949 E0
G1 F566.2 X154.607 Y100.947 E0
G1 F567.7 X154.616 Y100.945 E0
G1 F569.3 X154.626 Y100.943 E0
G1 F570.8 X154.636 Y100.942 E0
G1 X154.646 Y100.94 E0
G1 F572.4 X154.656 Y100.938 E0
G1 F573.9 X154.666 Y100.936 E0
G1 F575.5 X154.68 Y100.935 E0.00001
G1 X154.69 Y100.934 E0
G1 F577 X154.7 Y100.934 E0
G1 X154.71 Y100.933 E0
G1 F578.6 X154.72 Y100.932 E0
G1 X154.73 Y100.932 E0
G1 F580.2 X154.74 Y100.931 E0
G1 X154.75 Y100.93 E0
G1 F581.8 X154.76 Y100.93 E0
G1 X154.77 Y100.929 E0
G1 F583.4 X154.78 Y100.929 E0
G1 X154.79 Y100.928 E0
G1 F585 X154.8 Y100.927 E0
G1 X154.81 Y100.927 E0
G1 X154.82 Y100.926 E0
G1 F586.7 X154.83 Y100.925 E0
G1 X154.84 Y100.925 E0
G1 F588.3 X154.85 Y100.924 E0
G1 X154.86 Y100.924 E0
G1 F589.9 X154.87 Y100.923 E0
G1 X154.88 Y100.922 E0
G1 F591.6 X154.89 Y100.922 E0
G1 X154.9 Y100.921 E0
G1 F593.3 X154.91 Y100.92 E0
G1 X154.92 Y100.92 E0
G1 F594.9 X154.93 Y100.919 E0
G1 X154.94 Y100.918 E0
G1 F596.6 X154.95 Y100.918 E0
G1 X154.96 Y100.917 E0
G1 F598.3 X154.97 Y100.917 E0
G1 X154.98 Y100.916 E0
G1 F600 X154.99 Y100.915 E0
G1 X155 Y100.915 E0
G1 F601.7 X155.01 Y100.914 E0
G1 X155.02 Y100.913 E0
G1 F603.4 X155.03 Y100.913 E0
G1 X155.04 Y100.912 E0
G1 F605.2 X155.05 Y100.912 E0
G1 X155.06 Y100.911 E0
G1 F606.9 X155.07 Y100.91 E0
G1 X155.08 Y100.91 E0
G1 F608.6 X155.09 Y100.909 E0
G1 X155.1 Y100.908 E0
G1 X155.11 Y100.908 E0
G1 F610.4 X155.12 Y100.907 E0
G1 X155.13 Y100.906 E0
G1 F612.2 X155.14 Y100.906 E0
G1 X155.15 Y100.905 E0
G1 F614 X155.16 Y100.905 E0
G1 X155.17 Y100.904 E0
G1 F615.7 X155.18 Y100.903 E0
G1 X155.19 Y100.903 E0
G1 F617.5 X155.2 Y100.902 E0
G1 X155.21 Y100.901 E0
G1 F619.4 X155.22 Y100.901 E0
G1 X155.23 Y100.9 E0
G1 F621.2 X155.24 Y100.9 E0
G1 X155.25 Y100.899 E0
G1 X156.848 Y100.898 E0.00068
G1 X156.857 Y100.898 E0
G1 F619.4 X156.867 Y100.899 E0
G1 X156.877 Y100.9 E0
G1 F617.5 X156.887 Y100.901 E0
G1 F615.7 X156.897 Y100.902 E0
G1 X156.907 Y100.903 E0
G1 F614 X156.917 Y100.904 E0
G1 F612.2 X156.927 Y100.905 E0
G1 F610.4 X156.937 Y100.906 E0
G1 X156.947 Y100.907 E0
G1 F608.6 X156.957 Y100.908 E0
G1 F606.9 X156.967 Y100.909 E0
G1 X156.977 Y100.91 E0
G1 F605.2 X156.987 Y100.911 E0
G1 F603.4 X156.997 Y100.912 E0
G1 F601.7 X157.007 Y100.913 E0
G1 X157.017 Y100.914 E0
G1 F600 X157.027 Y100.915 E0
G1 F598.3 X157.037 Y100.916 E0
G1 F596.6 X157.047 Y100.917 E0
G1 X157.057 Y100.918 E0
G1 F594.9 X157.067 Y100.919 E0
G1 F593.3 X157.076 Y100.92 E0
G1 X157.086 Y100.921 E0
G1 F591.6 X157.096 Y100.922 E0
G1 F589.9 X157.106 Y100.923 E0
G1 F588.3 X157.116 Y100.924 E0
G1 X157.126 Y100.925 E0
G1 F586.7 X157.136 Y100.926 E0
G1 F585 X157.146 Y100.927 E0
G1 X157.156 Y100.928 E0
G1 F583.4 X157.166 Y100.928 E0
G1 F581.8 X157.176 Y100.929 E0
G1 F580.2 X157.186 Y100.93 E0
G1 X157.196 Y100.931 E0
G1 F578.6 X157.206 Y100.932 E0
G1 F577 X157.216 Y100.933 E0
G1 X157.226 Y100.934 E0
G1 F575.5 X157.236 Y100.935 E0
G1 F573.9 X157.246 Y100.936 E0
G1 F572.4 X157.256 Y100.937 E0
G1 X157.266 Y100.938 E0
G1 F570.8 X157.276 Y100.939 E0
G1 F569.3 X157.286 Y100.94 E0
G1 F567.7 X157.295 Y100.941 E0
G1 X157.305 Y100.942 E0
G1 F566.2 X157.315 Y100.943 E0
G1 F564.7 X157.325 Y100.944 E0
G1 X157.335 Y100.945 E0
G1 F563.2 X157.345 Y100.946 E0
G1 F561.7 X157.355 Y100.947 E0
G1 F560.2 X157.365 Y100.948 E0
G1 X157.375 Y100.949 E0
G1 F558.7 X157.385 Y100.95 E0
G1 F557.3 X157.395 Y100.951 E0
G1 X157.405 Y100.952 E0
G1 F555.8 X157.415 Y100.953 E0
G1 F554.3 X157.425 Y100.954 E0
G1 F552.9 X157.435 Y100.955 E0
G1 X157.445 Y100.956 E0
G1 F551.4 X157.455 Y100.957 E0
G1 F550 X157.465 Y100.958 E0
G1 X157.475 Y100.958 E0
G1 F548.6 X157.485 Y100.959 E0
G1 F547.2 X157.495 Y100.96 E0
G1 F545.7 X157.505 Y100.961 E0
G1 X157.515 Y100.962 E0
G1 F544.3 X157.524 Y100.963 E0
G1 F542.9 X157.534 Y100.964 E0
G1 X157.544 Y100.965 E0
G1 F541.5 X157.554 Y100.966 E0
G1 F540.2 X157.564 Y100.967 E0
G1 F538.8 X157.574 Y100.968 E0
G1 X157.584 Y100.969 E0
G1 F537.4 X157.594 Y100.97 E0
G1 F536 X157.604 Y100.971 E0
G1 F534.7 X157.614 Y100.972 E0
G1 X157.624 Y100.973 E0
G1 F533.3 X157.634 Y100.974 E0
G1 F532 X157.644 Y100.975 E0
G1 X157.654 Y100.976 E0
G1 F530.7 X157.664 Y100.977 E0
G1 F529.3 X157.674 Y100.978 E0.00001
G1 F528 X157.684 Y100.979 E0.00001
G1 X157.694 Y100.98 E0.00001
G1 F526.7 X157.704 Y100.981 E0.00001
G1 F525.4 X157.714 Y100.982 E0.00001
G1 X157.724 Y100.983 E0.00001
G1 F524.1 X157.734 Y100.984 E0.00001
G1 X157.788 Y101.003 E0.00003
G1 X157.833 Y101.022 E0.00002
G1 X157.878 Y101.041 E0.00002
G1 X157.923 Y101.06 E0.00002
G1 X157.968 Y101.079 E0.00002
G1 F525.4 X158.014 Y101.098 E0.00002
G1 X158.059 Y101.117 E0.00002
G1 X158.104 Y101.136 E0.00002
G1 X158.149 Y101.155 E0.00002
G1 F526.7 X158.194 Y101.174 E0.00002
G1 X158.24 Y101.193 E0.00002
G1 X158.285 Y101.212 E0.00002
G1 X158.33 Y101.231 E0.00002
G1 X158.375 Y101.25 E0.00002
G1 F528 X158.42 Y101.269 E0.00002
G1 X158.465 Y101.288 E0.00002
G1 X158.511 Y101.307 E0.00002
G1 X158.556 Y101.326 E0.00002
G1 X161.999 Y103.314 E0.00198
G1 X165.442 Y101.324 E0.00198
G1 F529.3 X165.471 Y101.312 E0.00002
G1 X165.501 Y101.3 E0.00002
G1 X165.53 Y101.288 E0.00002
G1 X165.56 Y101.276 E0.00002
G1 X165.589 Y101.263 E0.00002
G1 F530.7 X165.619 Y101.251 E0.00002
G1 X165.649 Y101.239 E0.00002
G1 X165.678 Y101.227 E0.00002
G1 X165.708 Y101.214 E0.00002
G1 F532 X165.737 Y101.202 E0.00002
G1 X165.767 Y101.19 E0.00002
G1 X165.796 Y101.178 E0.00002
G1 X165.826 Y101.165 E0.00002
G1 X165.856 Y101.153 E0.00002
G1 F533.3 X165.885 Y101.141 E0.00002
G1 X165.915 Y101.129 E0.00002
G1 X165.944 Y101.116 E0.00002
G1 X165.974 Y101.104 E0.00002
G1 F534.7 X166.004 Y101.092 E0.00002
G1 X166.033 Y101.08 E0.00002
G1 X166.063 Y101.067 E0.00002
G1 X166.092 Y101.055 E0.00002
G1 X166.122 Y101.043 E0.00002
G1 F536 X166.151 Y101.031 E0.00002
G1 X166.181 Y101.018 E0.00002
G1 X166.211 Y101.006 E0.00002
G1 X166.24 Y100.994 E0.00002
G1 F537.4 X166.258 Y100.989 E0.00001
G1 F538.8 X166.268 Y100.987 E0
G1 F540.2 X166.278 Y100.985 E0
G1 X166.288 Y100.984 E0
G1 F541.5 X166.298 Y100.982 E0
G1 F542.9 X166.308 Y100.98 E0
G1 F544.3 X166.317 Y100.978 E0
G1 F545.7 X166.327 Y100.977 E0
G1 F547.2 X166.337 Y100.975 E0
G1 X166.347 Y100.973 E0
G1 F548.6 X166.357 Y100.971 E0
G1 F550 X166.367 Y100.97 E0
G1 F551.4 X166.376 Y100.968 E0
G1 F552.9 X166.386 Y100.966 E0
G1 F554.3 X166.396 Y100.964 E0
G1 X166.406 Y100.963 E0
G1 F555.8 X166.416 Y100.961 E0
G1 F557.3 X166.426 Y100.959 E0
G1 F558.7 X166.435 Y100.957 E0
G1 F560.2 X166.445 Y100.956 E0
G1 F561.7 X166.455 Y100.954 E0
G1 F563.2 X166.465 Y100.952 E0
G1 X166.475 Y100.95 E0
G1 F564.7 X166.485 Y100.949 E0
G1 F566.2 X166.495 Y100.947 E0
G1 F567.7 X166.504 Y100.945 E0
G1 F569.3 X166.514 Y100.943 E0
G1 F570.8 X166.524 Y100.942 E0
G1 X166.534 Y100.94 E0
G1 F572.4 X166.544 Y100.938 E0
G1 F573.9 X166.554 Y100.936 E0
G1 F575.5 X166.568 Y100.935 E0.00001
G1 X166.578 Y100.934 E0
G1 F577 X166.588 Y100.934 E0
G1 X166.598 Y100.933 E0
G1 F578.6 X166.608 Y100.932 E0
G1 X166.618 Y100.932 E0
G1 F580.2 X166.628 Y100.931 E0
G1 X166.638 Y100.93 E0
G1 F581.8 X166.648 Y100.93 E0
G1 X166.658 Y100.929 E0
G1 F583.4 X166.668 Y100.929 E0
G1 X166.678 Y100.928 E0
G1 F585 X166.688 Y100.927 E0
G1 X166.698 Y100.927 E0
G1 X166.708 Y100.926 E0
G1 F586.7 X166.718 Y100.925 E0
G1 X166.728 Y100.925 E0
G1 F588.3 X166.738 Y100.924 E0
G1 X166.748 Y100.924 E0
G1 F589.9 X166.758 Y100.923 E0
G1 X166.768 Y100.922 E0
G1 F591.6 X166.778 Y100.922 E0
G1 X166.788 Y100.921 E0
G1 F593.3 X166.798 Y100.92 E0
G1 X166.808 Y100.92 E0
G1 F594.9 X166.818 Y100.919 E0
G1 X166.828 Y100.918 E0
G1 F596.6 X166.838 Y100.918 E0
G1 X166.848 Y100.917 E0
G1 F598.3 X166.858 Y100.917 E0
G1 X166.868 Y100.916 E0
G1 F600 X166.878 Y100.915 E0
G1 X166.888 Y100.915 E0
G1 F601.7 X166.898 Y100.914 E0
G1 X166.908 Y100.913 E0
G1 F603.4 X166.918 Y100.913 E0
G1 X166.928 Y100.912 E0
G1 F605.2 X166.938 Y100.912 E0
G1 X166.948 Y100.911 E0
G1 F606.9 X166.958 Y100.91 E0
G1 X166.968 Y100.91 E0
G1 F608.6 X166.978 Y100.909 E0
G1 X166.988 Y100.908 E0
G1 X166.998 Y100.908 E0
G1 F610.4 X167.008 Y100.907 E0
G1 X167.018 Y100.906 E0
G1 F612.2 X167.028 Y100.906 E0
G1 X167.038 Y100.905 E0
G1 F614 X167.048 Y100.905 E0
G1 X167.058 Y100.904 E0
G1 F615.7 X167.068 Y100.903 E0
G1 X167.078 Y100.903 E0
G1 F617.5 X167.088 Y100.902 E0
G1 X167.098 Y100.901 E0
G1 F619.4 X167.108 Y100.901 E0
G1 X167.118 Y100.9 E0
G1 F621.2 X167.128 Y100.9 E0
G1 X167.138 Y100.899 E0
G1 X168.736 Y100.898 E0.00068
G1 X168.745 Y100.898 E0
G1 F619.4 X168.755 Y100.899 E0
G1 X168.765 Y100.9 E0
G1 F617.5 X168.775 Y100.901 E0
G1 F615.7 X168.785 Y100.902 E0
G1 X168.795 Y100.903 E0
G1 F614 X168.805 Y100.904 E0
G1 F612.2 X168.815 Y100.905 E0
G1 F610.4 X168.825 Y100.906 E0
G1 X168.835 Y100.907 E0
G1 F608.6 X168.845 Y100.908 E0
G1 F606.9 X168.855 Y100.909 E0
G1 X168.865 Y100.91 E0
G1 F605.2 X168.875 Y100.911 E0
G1 F603.4 X168.885 Y100.912 E0
G1 F601.7 X168.895 Y100.913 E0
G1 X168.905 Y100.914 E0
G1 F600 X168.915 Y100.915 E0
G1 F598.3 X168.925 Y100.916 E0
G1 F596.6 X168.935 Y100.917 E0
G1 X168.945 Y100.918 E0
G1 F594.9 X168.955 Y100.919 E0
G1 F593.3 X168.964 Y100.92 E0
G1 X168.974 Y100.921 E0
G1 F591.6 X168.984 Y100.922 E0
G1 F589.9 X168.994 Y100.923 E0
G1 F588.3 X169.004 Y100.924 E0
G1 X169.014 Y100.925 E0
G1 F586.7 X169.024 Y100.926 E0
G1 F585 X169.034 Y100.927 E0
G1 X169.044 Y100.928 E0
G1 F583.4 X169.054 Y100.929 E0
G1 F581.8 X169.064 Y100.929 E0
G1 F580.2 X169.074 Y100.93 E0
G1 X169.084 Y100.931 E0
G1 F578.6 X169.094 Y100.932 E0
G1 F577 X169.104 Y100.933 E0
G1 X169.114 Y100.934 E0
G1 F575.5 X169.124 Y100.935 E0
G1 F573.9 X169.134 Y100.936 E0
G1 F572.4 X169.144 Y100.937 E0
G1 X169.154 Y100.938 E0
G1 F570.8 X169.164 Y100.939 E0
G1 F569.3 X169.174 Y100.94 E0
G1 F567.7 X169.183 Y100.941 E0
G1 X169.193 Y100.942 E0
G1 F566.2 X169.203 Y100.943 E0
G1 F564.7 X169.213 Y100.944 E0
G1 X169.223 Y100.945 E0
G1 F563.2 X169.233 Y100.946 E0
G1 F561.7 X169.243 Y100.947 E0
G1 F560.2 X169.253 Y100.948 E0
G1 X169.263 Y100.949 E0
G1 F558.7 X169.273 Y100.95 E0
G1 F557.3 X169.283 Y100.951 E0
G1 X169.293 Y100.952 E0
G1 F555.8 X169.303 Y100.953 E0
G1 F554.3 X169.313 Y100.954 E0
G1 F552.9 X169.323 Y100.955 E0
G1 X169.333 Y100.956 E0
G1 F551.4 X169.343 Y100.957 E0
G1 F550 X169.353 Y100.958 E0
G1 X169.363 Y100.959 E0
G1 F548.6 X169.373 Y100.96 E0
G1 F547.2 X169.383 Y100.96 E0
G1 F545.7 X169.393 Y100.961 E0
G1 X169.403 Y100.962 E0
G1 F544.3 X169.412 Y100.963 E0
G1 F542.9 X169.422 Y100.964 E0
G1 X169.432 Y100.965 E0
G1 F541.5 X169.442 Y100.966 E0
G1 F540.2 X169.452 Y100.967 E0
G1 F538.8 X169.462 Y100.968 E0
G1 X169.472 Y100.969 E0
G1 F537.4 X169.482 Y100.97 E0
G1 F536 X169.492 Y100.971 E0
G1 F534.7 X169.502 Y100.972 E0
G1 X169.512 Y100.973 E0
G1 F533.3 X169.522 Y100.974 E0
G1 F532 X169.532 Y100.975 E0
G1 X169.542 Y100.976 E0
G1 F530.7 X169.552 Y100.977 E0
G1 F529.3 X169.562 Y100.978 E0.00001
G1 F528 X169.572 Y100.979 E0.00001
G1 X169.582 Y100.98 E0.00001
G1 F526.7 X169.592 Y100.981 E0.00001
G1 F525.4 X169.602 Y100.982 E0.00001
G1 X169.612 Y100.983 E0.00001
G1 F524.1 X169.622 Y100.984 E0.00001
G1 X169.674 Y101.003 E0.00003
G1 X169.718 Y101.022 E0.00002
G1 X169.762 Y101.04 E0.00002
G1 X169.807 Y101.059 E0.00002
G1 X169.851 Y101.077 E0.00002
G1 F525.4 X169.895 Y101.096 E0.00002
G1 X169.939 Y101.114 E0.00002
G1 X169.984 Y101.133 E0.00002
G1 X170.028 Y101.151 E0.00002
G1 F526.7 X170.072 Y101.17 E0.00002
G1 X170.116 Y101.189 E0.00002
G1 X170.161 Y101.207 E0.00002
G1 X170.205 Y101.226 E0.00002
G1 X170.249 Y101.244 E0.00002
G1 F528 X170.293 Y101.263 E0.00002
G1 X170.338 Y101.281 E0.00002
G1 X170.382 Y101.3 E0.00002
G1 X170.426 Y101.318 E0.00002
G1 X173.89 Y103.314 E0.00199
G1 X177.329 Y101.324 E0.00198
G1 F529.3 X177.358 Y101.312 E0.00002
G1 X177.388 Y101.3 E0.00002
G1 X177.417 Y101.288 E0.00002
G1 X177.447 Y101.276 E0.00002
G1 X177.476 Y101.263 E0.00002
G1 F530.7 X177.506 Y101.251 E0.00002
G1 X177.536 Y101.239 E0.00002
G1 X177.565 Y101.227 E0.00002
G1 X177.595 Y101.214 E0.00002
G1 F532 X177.624 Y101.202 E0.00002
G1 X177.654 Y101.19 E0.00002
G1 X177.683 Y101.178 E0.00002
G1 X177.713 Y101.165 E0.00002
G1 X177.743 Y101.153 E0.00002
G1 F533.3 X177.772 Y101.141 E0.00002
G1 X177.802 Y101.129 E0.00002
G1 X177.831 Y101.116 E0.00002
G1 X177.861 Y101.104 E0.00002
G1 F534.7 X177.891 Y101.092 E0.00002
G1 X177.92 Y101.08 E0.00002
G1 X177.95 Y101.067 E0.00002
G1 X177.979 Y101.055 E0.00002
G1 X178.009 Y101.043 E0.00002
G1 F536 X178.038 Y101.031 E0.00002
G1 X178.068 Y101.018 E0.00002
G1 X178.098 Y101.006 E0.00002
G1 X178.127 Y100.994 E0.00002
G1 F537.4 X178.145 Y100.989 E0.00001
G1 F538.8 X178.155 Y100.987 E0
G1 F540.2 X178.165 Y100.985 E0
G1 X178.175 Y100.984 E0
G1 F541.5 X178.185 Y100.982 E0
G1 F542.9 X178.195 Y100.98 E0
G1 F544.3 X178.204 Y100.978 E0
G1 F545.7 X178.214 Y100.977 E0
G1 F547.2 X178.224 Y100.975 E0
G1 X178.234 Y100.973 E0
G1 F548.6 X178.244 Y100.971 E0
G1 F550 X178.254 Y100.97 E0
G1 F551.4 X178.263 Y100.968 E0
G1 F552.9 X178.273 Y100.966 E0
G1 F554.3 X178.283 Y100.964 E0
G1 X178.293 Y100.963 E0
G1 F555.8 X178.303 Y100.961 E0
G1 F557.3 X178.313 Y100.959 E0
G1 F558.7 X178.322 Y100.957 E0
G1 F560.2 X178.332 Y100.956 E0
G1 F561.7 X178.342 Y100.954 E0
G1 F563.2 X178.352 Y100.952 E0
G1 X178.362 Y100.95 E0
G1 F564.7 X178.372 Y100.949 E0
G1 F566.2 X178.382 Y100.947 E0
G1 F567.7 X178.391 Y100.945 E0
G1 F569.3 X178.401 Y100.944 E0
G1 F570.8 X178.411 Y100.942 E0
G1 X178.421 Y100.94 E0
G1 F572.4 X178.431 Y100.938 E0
G1 F573.9 X178.441 Y100.937 E0
G1 F575.5 X178.456 Y100.935 E0.00001
G1 X178.466 Y100.934 E0
G1 F577 X178.476 Y100.934 E0
G1 X178.486 Y100.933 E0
G1 F578.6 X178.496 Y100.932 E0
G1 X178.506 Y100.932 E0
G1 F580.2 X178.516 Y100.931 E0
G1 X178.526 Y100.93 E0
G1 F581.8 X178.536 Y100.93 E0
G1 X178.546 Y100.929 E0
G1 F583.4 X178.556 Y100.929 E0
G1 X178.566 Y100.928 E0
G1 F585 X178.576 Y100.927 E0
G1 X178.586 Y100.927 E0
G1 X178.596 Y100.926 E0
G1 F586.7 X178.606 Y100.925 E0
G1 X178.616 Y100.925 E0
G1 F588.3 X178.626 Y100.924 E0
G1 X178.636 Y100.924 E0
G1 F589.9 X178.646 Y100.923 E0
G1 X178.656 Y100.922 E0
G1 F591.6 X178.666 Y100.922 E0
G1 X178.676 Y100.921 E0
G1 F593.3 X178.686 Y100.92 E0
G1 X178.696 Y100.92 E0
G1 F594.9 X178.706 Y100.919 E0
G1 X178.716 Y100.918 E0
G1 F596.6 X178.726 Y100.918 E0
G1 X178.736 Y100.917 E0
G1 F598.3 X178.746 Y100.917 E0
G1 X178.756 Y100.916 E0
G1 F600 X178.766 Y100.915 E0
G1 X178.776 Y100.915 E0
G1 F601.7 X178.786 Y100.914 E0
G1 X178.796 Y100.913 E0
G1 F603.4 X178.806 Y100.913 E0
G1 X178.816 Y100.912 E0
G1 F605.2 X178.826 Y100.912 E0
G1 X178.836 Y100.911 E0
G1 F606.9 X178.846 Y100.91 E0
G1 X178.856 Y100.91 E0
G1 F608.6 X178.866 Y100.909 E0
G1 X178.876 Y100.908 E0
G1 X178.886 Y100.908 E0
G1 F610.4 X178.896 Y100.907 E0
G1 X178.906 Y100.906 E0
G1 F612.2 X178.916 Y100.906 E0
G1 X178.926 Y100.905 E0
G1 F614 X178.936 Y100.905 E0
G1 X178.946 Y100.904 E0
G1 F615.7 X178.956 Y100.903 E0
G1 X178.966 Y100.903 E0
G1 F617.5 X178.976 Y100.902 E0
G1 X178.986 Y100.901 E0
G1 F619.4 X178.996 Y100.901 E0
G1 X179.006 Y100.9 E0
G1 F621.2 X179.016 Y100.9 E0
G1 X179.026 Y100.899 E0
G1 X180.624 Y100.898 E0.00068
G1 X180.633 Y100.898 E0
G1 F619.4 X180.643 Y100.899 E0
G1 X180.653 Y100.9 E0
G1 F617.5 X180.663 Y100.901 E0
G1 F615.7 X180.673 Y100.902 E0
G1 X180.683 Y100.903 E0
G1 F614 X180.693 Y100.904 E0
G1 F612.2 X180.703 Y100.905 E0
G1 F610.4 X180.713 Y100.906 E0
G1 X180.723 Y100.907 E0
G1 F608.6 X180.733 Y100.908 E0
G1 F606.9 X180.743 Y100.909 E0
G1 X180.753 Y100.91 E0
G1 F605.2 X180.763 Y100.911 E0
G1 F603.4 X180.773 Y100.912 E0
G1 F601.7 X180.783 Y100.913 E0
G1 X180.793 Y100.914 E0
G1 F600 X180.803 Y100.915 E0
G1 F598.3 X180.813 Y100.916 E0
G1 F596.6 X180.823 Y100.917 E0
G1 X180.833 Y100.918 E0
G1 F594.9 X180.843 Y100.919 E0
G1 F593.3 X180.852 Y100.92 E0
G1 X180.862 Y100.921 E0
G1 F591.6 X180.872 Y100.922 E0
G1 F589.9 X180.882 Y100.923 E0
G1 F588.3 X180.892 Y100.924 E0
G1 X180.902 Y100.925 E0
G1 F586.7 X180.912 Y100.926 E0
G1 F585 X180.922 Y100.927 E0
G1 X180.932 Y100.928 E0
G1 F583.4 X180.942 Y100.928 E0
G1 F581.8 X180.952 Y100.929 E0
G1 F580.2 X180.962 Y100.93 E0
G1 X180.972 Y100.931 E0
G1 F578.6 X180.982 Y100.932 E0
G1 F577 X180.992 Y100.933 E0
G1 X181.002 Y100.934 E0
G1 F575.5 X181.012 Y100.935 E0
G1 F573.9 X181.022 Y100.936 E0
G1 F572.4 X181.032 Y100.937 E0
G1 X181.042 Y100.938 E0
G1 F570.8 X181.052 Y100.939 E0
G1 F569.3 X181.062 Y100.94 E0
G1 F567.7 X181.071 Y100.941 E0
G1 X181.081 Y100.942 E0
G1 F566.2 X181.091 Y100.943 E0
G1 F564.7 X181.101 Y100.944 E0
G1 X181.111 Y100.945 E0
G1 F563.2 X181.121 Y100.946 E0
G1 F561.7 X181.131 Y100.947 E0
G1 F560.2 X181.141 Y100.948 E0
G1 X181.151 Y100.949 E0
G1 F558.7 X181.161 Y100.95 E0
G1 F557.3 X181.171 Y100.951 E0
G1 X181.181 Y100.952 E0
G1 F555.8 X181.191 Y100.953 E0
G1 F554.3 X181.201 Y100.954 E0
G1 F552.9 X181.211 Y100.955 E0
G1 X181.221 Y100.956 E0
G1 F551.4 X181.231 Y100.957 E0
G1 F550 X181.241 Y100.958 E0
G1 X181.251 Y100.958 E0
G1 F548.6 X181.261 Y100.959 E0
G1 F547.2 X181.271 Y100.96 E0
G1 F545.7 X181.281 Y100.961 E0
G1 X181.291 Y100.962 E0
G1 F544.3 X181.3 Y100.963 E0
G1 F542.9 X181.31 Y100.964 E0
G1 X181.32 Y100.965 E0
G1 F541.5 X181.33 Y100.966 E0
G1 F540.2 X181.34 Y100.967 E0
G1 F538.8 X181.35 Y100.968 E0
G1 X181.36 Y100.969 E0
G1 F537.4 X181.37 Y100.97 E0
G1 F536 X181.38 Y100.971 E0
G1 F534.7 X181.39 Y100.972 E0
G1 X181.4 Y100.973 E0
G1 F533.3 X181.41 Y100.974 E0
G1 F532 X181.42 Y100.975 E0
G1 X181.43 Y100.976 E0
G1 F530.7 X181.44 Y100.977 E0
G1 F529.3 X181.45 Y100.978 E0.00001
G1 F528 X181.46 Y100.979 E0.00001
G1 X181.47 Y100.98 E0.00001
G1 F526.7 X181.48 Y100.981 E0.00001
G1 F525.4 X181.49 Y100.982 E0.00001
G1 X181.5 Y100.983 E0.00001
G1 F524.1 X181.51 Y100.984 E0.00001
G1 X181.563 Y101.003 E0.00003
G1 X181.607 Y101.022 E0.00002
G1 X181.651 Y101.04 E0.00002
G1 X181.696 Y101.059 E0.00002
G1 X181.74 Y101.077 E0.00002
G1 F525.4 X181.784 Y101.096 E0.00002
G1 X181.828 Y101.114 E0.00002
G1 X181.873 Y101.133 E0.00002
G1 X181.917 Y101.151 E0.00002
G1 F526.7 X181.961 Y101.17 E0.00002
G1 X182.005 Y101.189 E0.00002
G1 X182.05 Y101.207 E0.00002
G1 X182.094 Y101.226 E0.00002
G1 X182.138 Y101.244 E0.00002
G1 F528 X182.182 Y101.263 E0.00002
G1 X182.227 Y101.281 E0.00002
G1 X182.271 Y101.3 E0.00002
G1 X182.315 Y101.318 E0.00002
G1 X183.908 Y102.237 E0.00092
G1 X183.908 Y100.588 E0.00082
G1 X182.519 Y100.588 E0.00069
G1 X182.469 Y100.588 E0.00002
G1 X182.419 Y100.588 E0.00002
G1 X182.369 Y100.588 E0.00002
G1 X182.319 Y100.588 E0.00002
G1 X182.269 Y100.588 E0.00002
G1 F526.7 X182.219 Y100.588 E0.00003
G1 X182.169 Y100.588 E0.00003
G1 X182.119 Y100.588 E0.00003
G1 X182.069 Y100.588 E0.00003
G1 F525.4 X182.019 Y100.589 E0.00003
G1 X181.969 Y100.589 E0.00003
G1 X181.919 Y100.589 E0.00003
G1 X181.869 Y100.589 E0.00003
G1 X181.819 Y100.589 E0.00003
G1 F524.1 X181.769 Y100.589 E0.00003
G1 X181.719 Y100.589 E0.00003
G1 X181.669 Y100.589 E0.00003
G1 X181.619 Y100.589 E0.00003
G1 X181.569 Y100.59 E0.00003
G1 X181.563 Y100.59 E0
G1 F525.4 X181.553 Y100.59 E0.00001
G1 X181.543 Y100.589 E0.00001
G1 F526.7 X181.533 Y100.589 E0.00001
G1 F528 X181.523 Y100.589 E0
G1 X181.513 Y100.588 E0.00001
G1 F529.3 X181.503 Y100.588 E0
G1 F530.7 X181.493 Y100.588 E0
G1 X181.483 Y100.587 E0
G1 F532 X181.473 Y100.587 E0
G1 F533.3 X181.463 Y100.587 E0
G1 X181.453 Y100.586 E0
G1 F534.7 X181.443 Y100.586 E0
G1 F536 X181.433 Y100.586 E0
G1 X181.423 Y100.585 E0
G1 F537.4 X181.413 Y100.585 E0
G1 F538.8 X181.403 Y100.585 E0
G1 X181.393 Y100.584 E0
G1 F540.2 X181.383 Y100.584 E0
G1 F541.5 X181.373 Y100.584 E0
G1 X181.363 Y100.583 E0
G1 F542.9 X181.353 Y100.583 E0
G1 F544.3 X181.343 Y100.583 E0
G1 X181.333 Y100.582 E0
G1 F545.7 X181.323 Y100.582 E0
G1 F547.2 X181.313 Y100.582 E0
G1 F548.6 X181.303 Y100.581 E0
G1 X181.293 Y100.581 E0
G1 F550 X181.283 Y100.581 E0
G1 F551.4 X181.273 Y100.58 E0
G1 X181.263 Y100.58 E0
G1 F552.9 X181.253 Y100.58 E0
G1 F554.3 X181.243 Y100.579 E0
G1 X181.233 Y100.579 E0
G1 F555.8 X181.223 Y100.579 E0
G1 F557.3 X181.213 Y100.578 E0
G1 X181.203 Y100.578 E0
G1 F558.7 X181.193 Y100.578 E0
G1 F560.2 X181.183 Y100.577 E0
G1 X181.173 Y100.577 E0
G1 F561.7 X181.163 Y100.577 E0
G1 F563.2 X181.153 Y100.576 E0
G1 X181.143 Y100.576 E0
G1 F564.7 X181.133 Y100.576 E0
G1 F566.2 X181.123 Y100.575 E0
G1 X181.113 Y100.575 E0
G1 F567.7 X181.103 Y100.575 E0
G1 F569.3 X181.093 Y100.574 E0
G1 F570.8 X181.083 Y100.574 E0
G1 X181.073 Y100.574 E0
G1 F572.4 X181.063 Y100.573 E0
G1 F573.9 X181.053 Y100.573 E0
G1 X181.043 Y100.573 E0
G1 F575.5 X181.033 Y100.572 E0
G1 F577 X181.023 Y100.572 E0
G1 X181.013 Y100.572 E0
G1 F578.6 X181.003 Y100.571 E0
G1 F580.2 X180.993 Y100.571 E0
G1 X180.983 Y100.571 E0
G1 F581.8 X180.973 Y100.57 E0
G1 F583.4 X180.963 Y100.57 E0
G1 X180.953 Y100.57 E0
G1 F585 X180.943 Y100.569 E0
G1 F586.7 X180.933 Y100.569 E0
G1 X180.923 Y100.569 E0
G1 F588.3 X180.913 Y100.568 E0
G1 F589.9 X180.903 Y100.568 E0
G1 X180.893 Y100.568 E0
G1 F591.6 X180.883 Y100.567 E0
G1 F593.3 X180.873 Y100.567 E0
G1 X180.863 Y100.567 E0
G1 F594.9 X180.853 Y100.566 E0
G1 F596.6 X180.843 Y100.566 E0
G1 F598.3 X180.833 Y100.566 E0
G1 X180.823 Y100.565 E0
G1 F600 X180.813 Y100.565 E0
G1 F601.7 X180.803 Y100.565 E0
G1 X180.793 Y100.564 E0
G1 F603.4 X180.783 Y100.564 E0
G1 F605.2 X180.773 Y100.564 E0
G1 X180.763 Y100.563 E0
G1 F606.9 X180.753 Y100.563 E0
G1 F608.6 X180.743 Y100.563 E0
G1 X180.733 Y100.562 E0
G1 F610.4 X180.723 Y100.562 E0
G1 F612.2 X180.713 Y100.562 E0
G1 X180.703 Y100.561 E0
G1 F614 X180.693 Y100.561 E0
G1 F615.7 X180.683 Y100.56 E0
G1 X180.673 Y100.56 E0
G1 F617.5 X180.663 Y100.56 E0
G1 F619.4 X180.653 Y100.559 E0
G1 X180.643 Y100.559 E0
G1 F621.2 X180.633 Y100.559 E0
G1 X179.032 Y100.558 E0.00068
G1 X179.022 Y100.558 E0
G1 X179.012 Y100.558 E0
G1 F619.4 X179.002 Y100.558 E0
G1 X178.992 Y100.558 E0
G1 F617.5 X178.982 Y100.559 E0
G1 X178.972 Y100.559 E0
G1 X178.962 Y100.559 E0
G1 F615.7 X178.952 Y100.559 E0
G1 X178.942 Y100.559 E0
G1 F614 X178.932 Y100.56 E0
G1 X178.922 Y100.56 E0
G1 F612.2 X178.912 Y100.56 E0
G1 X178.902 Y100.56 E0
G1 F610.4 X178.892 Y100.56 E0
G1 X178.882 Y100.561 E0
G1 F608.6 X178.872 Y100.561 E0
G1 X178.862 Y100.561 E0
G1 F606.9 X178.852 Y100.561 E0
G1 X178.842 Y100.562 E0
G1 X178.832 Y100.562 E0
G1 F605.2 X178.822 Y100.562 E0
G1 X178.812 Y100.562 E0
G1 F603.4 X178.802 Y100.562 E0
G1 X178.792 Y100.563 E0
G1 F601.7 X178.782 Y100.563 E0
G1 X178.772 Y100.563 E0
G1 F600 X178.762 Y100.563 E0
G1 X178.752 Y100.563 E0
G1 F598.3 X178.742 Y100.564 E0
G1 X178.732 Y100.564 E0
G1 F596.6 X178.722 Y100.564 E0
G1 X178.712 Y100.564 E0
G1 X178.702 Y100.564 E0
G1 F594.9 X178.692 Y100.565 E0
G1 X178.682 Y100.565 E0
G1 F593.3 X178.672 Y100.565 E0
G1 X178.662 Y100.565 E0
G1 F591.6 X178.652 Y100.566 E0
G1 X178.642 Y100.566 E0
G1 F589.9 X178.632 Y100.566 E0
G1 X178.622 Y100.566 E0
G1 F588.3 X178.612 Y100.566 E0
G1 X178.602 Y100.567 E0
G1 X178.592 Y100.567 E0
G1 F586.7 X178.582 Y100.567 E0
G1 X178.572 Y100.567 E0
G1 F585 X178.562 Y100.567 E0
G1 X178.552 Y100.568 E0
G1 F583.4 X178.542 Y100.568 E0
G1 X178.532 Y100.568 E0
G1 F581.8 X178.522 Y100.568 E0
G1 X178.512 Y100.568 E0
G1 F580.2 X178.502 Y100.569 E0
G1 X178.492 Y100.569 E0
G1 F578.6 X178.482 Y100.569 E0
G1 X178.472 Y100.569 E0
G1 X178.462 Y100.57 E0
G1 F577 X178.452 Y100.57 E0
G1 X178.442 Y100.57 E0
G1 F575.5 X178.432 Y100.57 E0
G1 X178.422 Y100.57 E0
G1 F573.9 X178.406 Y100.571 E0.00001
G1 F572.4 X178.396 Y100.571 E0
G1 X178.386 Y100.572 E0
G1 F570.8 X178.376 Y100.572 E0
G1 F569.3 X178.366 Y100.573 E0
G1 F567.7 X178.356 Y100.573 E0
G1 F566.2 X178.346 Y100.573 E0
G1 X178.336 Y100.574 E0
G1 F564.7 X178.326 Y100.574 E0
G1 F563.2 X178.316 Y100.575 E0
G1 F561.7 X178.306 Y100.575 E0
G1 F560.2 X178.296 Y100.576 E0
G1 X178.286 Y100.576 E0
G1 F558.7 X178.276 Y100.576 E0
G1 F557.3 X178.266 Y100.577 E0
G1 F555.8 X178.256 Y100.577 E0
G1 F554.3 X178.246 Y100.578 E0
G1 X178.236 Y100.578 E0
G1 F552.9 X178.226 Y100.578 E0
G1 F551.4 X178.216 Y100.579 E0
G1 F550 X178.206 Y100.579 E0
G1 X178.196 Y100.58 E0
G1 F548.6 X178.186 Y100.58 E0
G1 F547.2 X178.176 Y100.581 E0
G1 F545.7 X178.166 Y100.581 E0
G1 F544.3 X178.156 Y100.581 E0
G1 X178.146 Y100.582 E0
G1 F542.9 X178.136 Y100.582 E0
G1 F541.5 X178.126 Y100.583 E0
G1 F540.2 X178.116 Y100.583 E0
G1 F538.8 X178.106 Y100.583 E0
G1 X178.096 Y100.584 E0
G1 F537.4 X178.086 Y100.584 E0
G1 F536 X178.049 Y100.585 E0.00002
G1 X178.016 Y100.585 E0.00002
G1 X177.983 Y100.585 E0.00002
G1 X177.95 Y100.585 E0.00002
G1 X177.917 Y100.585 E0.00002
G1 F534.7 X177.884 Y100.585 E0.00002
G1 X177.851 Y100.585 E0.00002
G1 X177.818 Y100.585 E0.00002
G1 X177.785 Y100.585 E0.00002
G1 X177.752 Y100.586 E0.00002
G1 F533.3 X177.719 Y100.586 E0.00002
G1 X177.686 Y100.586 E0.00002
G1 X177.653 Y100.586 E0.00002
G1 X177.62 Y100.586 E0.00002
G1 F532 X177.587 Y100.586 E0.00002
G1 X177.554 Y100.586 E0.00002
G1 X177.521 Y100.586 E0.00002
G1 X177.488 Y100.586 E0.00002
G1 X177.455 Y100.586 E0.00002
G1 F530.7 X177.422 Y100.587 E0.00002
G1 X177.389 Y100.587 E0.00002
G1 X177.356 Y100.587 E0.00002
G1 X177.323 Y100.587 E0.00002
G1 X177.29 Y100.587 E0.00002
G1 F529.3 X177.257 Y100.587 E0.00002
G1 X177.224 Y100.587 E0.00002
G1 X177.191 Y100.587 E0.00002
G1 X177.158 Y100.587 E0.00002
G1 X177.125 Y100.588 E0.00002
G1 F528 X170.63 Y100.588 E0.00324
G1 X170.58 Y100.588 E0.00002
G1 X170.53 Y100.588 E0.00002
G1 X170.48 Y100.588 E0.00002
G1 X170.43 Y100.588 E0.00002
G1 X170.38 Y100.588 E0.00002
G1 F526.7 X170.33 Y100.588 E0.00003
G1 X170.28 Y100.588 E0.00003
G1 X170.23 Y100.588 E0.00003
G1 X170.18 Y100.588 E0.00003
G1 F525.4 X170.13 Y100.589 E0.00003
G1 X170.08 Y100.589 E0.00003
G1 X170.03 Y100.589 E0.00003
G1 X169.98 Y100.589 E0.00003
G1 X169.93 Y100.589 E0.00003
G1 F524.1 X169.88 Y100.589 E0.00003
G1 X169.83 Y100.589 E0.00003
G1 X169.78 Y100.589 E0.00003
G1 X169.73 Y100.589 E0.00003
G1 X169.68 Y100.59 E0.00003
G1 X169.674 Y100.59 E0
G1 F525.4 X169.664 Y100.59 E0.00001
G1 X169.654 Y100.589 E0.00001
G1 F526.7 X169.644 Y100.589 E0.00001
G1 F528 X169.634 Y100.589 E0
G1 X169.624 Y100.588 E0.00001
G1 F529.3 X169.614 Y100.588 E0
G1 F530.7 X169.604 Y100.588 E0
G1 X169.594 Y100.587 E0
G1 F532 X169.584 Y100.587 E0
G1 F533.3 X169.574 Y100.587 E0
G1 X169.564 Y100.586 E0
G1 F534.7 X169.554 Y100.586 E0
G1 F536 X169.544 Y100.586 E0
G1 X169.534 Y100.585 E0
G1 F537.4 X169.524 Y100.585 E0
G1 F538.8 X169.514 Y100.585 E0
G1 X169.504 Y100.584 E0
G1 F540.2 X169.494 Y100.584 E0
G1 F541.5 X169.484 Y100.584 E0
G1 X169.474 Y100.583 E0
G1 F542.9 X169.464 Y100.583 E0
G1 F544.3 X169.454 Y100.583 E0
G1 X169.444 Y100.582 E0
G1 F545.7 X169.434 Y100.582 E0
G1 F547.2 X169.424 Y100.582 E0
G1 F548.6 X169.414 Y100.581 E0
G1 X169.404 Y100.581 E0
G1 F550 X169.394 Y100.581 E0
G1 F551.4 X169.384 Y100.58 E0
G1 X169.374 Y100.58 E0
G1 F552.9 X169.364 Y100.58 E0
G1 F554.3 X169.354 Y100.579 E0
G1 X169.344 Y100.579 E0
G1 F555.8 X169.334 Y100.579 E0
G1 F557.3 X169.324 Y100.578 E0
G1 X169.314 Y100.578 E0
G1 F558.7 X169.304 Y100.578 E0
G1 F560.2 X169.294 Y100.577 E0
G1 X169.284 Y100.577 E0
G1 F561.7 X169.274 Y100.577 E0
G1 F563.2 X169.264 Y100.576 E0
G1 X169.254 Y100.576 E0
G1 F564.7 X169.244 Y100.576 E0
G1 F566.2 X169.234 Y100.575 E0
G1 X169.224 Y100.575 E0
G1 F567.7 X169.214 Y100.575 E0
G1 F569.3 X169.204 Y100.574 E0
G1 F570.8 X169.194 Y100.574 E0
G1 X169.184 Y100.574 E0
G1 F572.4 X169.174 Y100.573 E0
G1 F573.9 X169.164 Y100.573 E0
G1 X169.154 Y100.573 E0
G1 F575.5 X169.144 Y100.572 E0
G1 F577 X169.134 Y100.572 E0
G1 X169.124 Y100.572 E0
G1 F578.6 X169.114 Y100.571 E0
G1 F580.2 X169.104 Y100.571 E0
G1 X169.094 Y100.571 E0
G1 F581.8 X169.084 Y100.57 E0
G1 F583.4 X169.074 Y100.57 E0
G1 X169.064 Y100.57 E0
G1 F585 X169.054 Y100.569 E0
G1 F586.7 X169.044 Y100.569 E0
G1 X169.034 Y100.569 E0
G1 F588.3 X169.024 Y100.568 E0
G1 F589.9 X169.014 Y100.568 E0
G1 X169.004 Y100.568 E0
G1 F591.6 X168.994 Y100.567 E0
G1 F593.3 X168.984 Y100.567 E0
G1 X168.974 Y100.567 E0
G1 F594.9 X168.964 Y100.566 E0
G1 F596.6 X168.954 Y100.566 E0
G1 F598.3 X168.944 Y100.566 E0
G1 X168.934 Y100.565 E0
G1 F600 X168.924 Y100.565 E0
G1 F601.7 X168.914 Y100.565 E0
G1 X168.904 Y100.564 E0
G1 F603.4 X168.894 Y100.564 E0
G1 F605.2 X168.884 Y100.563 E0
G1 X168.874 Y100.563 E0
G1 F606.9 X168.864 Y100.563 E0
G1 F608.6 X168.854 Y100.562 E0
G1 X168.844 Y100.562 E0
G1 F610.4 X168.834 Y100.562 E0
G1 F612.2 X168.824 Y100.561 E0
G1 X168.814 Y100.561 E0
G1 F614 X168.804 Y100.561 E0
G1 F615.7 X168.794 Y100.56 E0
G1 X168.784 Y100.56 E0
G1 F617.5 X168.774 Y100.56 E0
G1 F619.4 X168.764 Y100.559 E0
G1 X168.754 Y100.559 E0
G1 F621.2 X168.744 Y100.559 E0
G1 X167.144 Y100.558 E0.00068
G1 X167.134 Y100.558 E0
G1 X167.124 Y100.558 E0
G1 F619.4 X167.114 Y100.558 E0
G1 X167.104 Y100.558 E0
G1 F617.5 X167.094 Y100.559 E0
G1 X167.084 Y100.559 E0
G1 X167.074 Y100.559 E0
G1 F615.7 X167.064 Y100.559 E0
G1 X167.054 Y100.559 E0
G1 F614 X167.044 Y100.56 E0
G1 X167.034 Y100.56 E0
G1 F612.2 X167.024 Y100.56 E0
G1 X167.014 Y100.56 E0
G1 F610.4 X167.004 Y100.56 E0
G1 X166.994 Y100.561 E0
G1 F608.6 X166.984 Y100.561 E0
G1 X166.974 Y100.561 E0
G1 F606.9 X166.964 Y100.561 E0
G1 X166.954 Y100.562 E0
G1 X166.944 Y100.562 E0
G1 F605.2 X166.934 Y100.562 E0
G1 X166.924 Y100.562 E0
G1 F603.4 X166.914 Y100.562 E0
G1 X166.904 Y100.563 E0
G1 F601.7 X166.894 Y100.563 E0
G1 X166.884 Y100.563 E0
G1 F600 X166.874 Y100.563 E0
G1 X166.864 Y100.563 E0
G1 F598.3 X166.854 Y100.564 E0
G1 X166.844 Y100.564 E0
G1 F596.6 X166.834 Y100.564 E0
G1 X166.824 Y100.564 E0
G1 X166.814 Y100.564 E0
G1 F594.9 X166.804 Y100.565 E0
G1 X166.794 Y100.565 E0
G1 F593.3 X166.784 Y100.565 E0
G1 X166.774 Y100.565 E0
G1 F591.6 X166.764 Y100.566 E0
G1 X166.754 Y100.566 E0
G1 F589.9 X166.744 Y100.566 E0
G1 X166.734 Y100.566 E0
G1 F588.3 X166.724 Y100.566 E0
G1 X166.714 Y100.567 E0
G1 X166.704 Y100.567 E0
G1 F586.7 X166.694 Y100.567 E0
G1 X166.684 Y100.567 E0
G1 F585 X166.674 Y100.567 E0
G1 X166.664 Y100.568 E0
G1 F583.4 X166.654 Y100.568 E0
G1 X166.644 Y100.568 E0
G1 F581.8 X166.634 Y100.568 E0
G1 X166.624 Y100.568 E0
G1 F580.2 X166.614 Y100.569 E0
G1 X166.604 Y100.569 E0
G1 F578.6 X166.594 Y100.569 E0
G1 X166.584 Y100.569 E0
G1 X166.574 Y100.57 E0
G1 F577 X166.564 Y100.57 E0
G1 X166.554 Y100.57 E0
G1 F575.5 X166.544 Y100.57 E0
G1 X166.534 Y100.57 E0
G1 F573.9 X166.518 Y100.571 E0.00001
G1 F572.4 X166.508 Y100.571 E0
G1 X166.498 Y100.572 E0
G1 F570.8 X166.488 Y100.572 E0
G1 F569.3 X166.478 Y100.573 E0
G1 F567.7 X166.468 Y100.573 E0
G1 F566.2 X166.458 Y100.573 E0
G1 X166.448 Y100.574 E0
G1 F564.7 X166.438 Y100.574 E0
G1 F563.2 X166.428 Y100.575 E0
G1 F561.7 X166.418 Y100.575 E0
G1 F560.2 X166.408 Y100.576 E0
G1 X166.398 Y100.576 E0
G1 F558.7 X166.388 Y100.576 E0
G1 F557.3 X166.378 Y100.577 E0
G1 F555.8 X166.368 Y100.577 E0
G1 F554.3 X166.358 Y100.578 E0
G1 X166.348 Y100.578 E0
G1 F552.9 X166.338 Y100.578 E0
G1 F551.4 X166.328 Y100.579 E0
G1 F550 X166.318 Y100.579 E0
G1 X166.308 Y100.58 E0
G1 F548.6 X166.298 Y100.58 E0
G1 F547.2 X166.288 Y100.581 E0
G1 F545.7 X166.278 Y100.581 E0
G1 F544.3 X166.268 Y100.581 E0
G1 X166.258 Y100.582 E0
G1 F542.9 X166.248 Y100.582 E0
G1 F541.5 X166.238 Y100.583 E0
G1 F540.2 X166.228 Y100.583 E0
G1 F538.8 X166.218 Y100.584 E0
G1 X166.208 Y100.584 E0
G1 F537.4 X166.198 Y100.584 E0
G1 F536 X166.162 Y100.585 E0.00002
G1 X166.129 Y100.585 E0.00002
G1 X166.096 Y100.585 E0.00002
G1 X166.063 Y100.585 E0.00002
G1 X166.03 Y100.585 E0.00002
G1 F534.7 X165.997 Y100.585 E0.00002
G1 X165.964 Y100.585 E0.00002
G1 X165.931 Y100.586 E0.00002
G1 X165.898 Y100.586 E0.00002
G1 X165.865 Y100.586 E0.00002
G1 F533.3 X165.832 Y100.586 E0.00002
G1 X165.799 Y100.586 E0.00002
G1 X165.766 Y100.586 E0.00002
G1 X165.733 Y100.586 E0.00002
G1 F532 X165.7 Y100.587 E0.00002
G1 X165.667 Y100.587 E0.00002
G1 X165.634 Y100.587 E0.00002
G1 X165.601 Y100.587 E0.00002
G1 X165.568 Y100.587 E0.00002
G1 F530.7 X165.535 Y100.587 E0.00002
G1 X165.502 Y100.587 E0.00002
G1 X165.469 Y100.588 E0.00002
G1 X165.436 Y100.588 E0.00002
G1 X165.403 Y100.588 E0.00002
G1 F529.3 X165.37 Y100.588 E0.00002
G1 X165.337 Y100.588 E0.00002
G1 X165.304 Y100.588 E0.00002
G1 X165.271 Y100.588 E0.00002
G1 X165.238 Y100.589 E0.00002
G1 F528 X158.744 Y100.588 E0.00324
G1 X158.694 Y100.588 E0.00002
G1 X158.644 Y100.588 E0.00002
G1 X158.594 Y100.588 E0.00002
G1 X158.544 Y100.588 E0.00002
G1 X158.494 Y100.588 E0.00002
G1 F526.7 X158.444 Y100.588 E0.00003
G1 X158.394 Y100.588 E0.00003
G1 X158.344 Y100.588 E0.00003
G1 X158.294 Y100.588 E0.00003
G1 F525.4 X158.244 Y100.589 E0.00003
G1 X158.194 Y100.589 E0.00003
G1 X158.144 Y100.589 E0.00003
G1 X158.094 Y100.589 E0.00003
G1 X158.044 Y100.589 E0.00003
G1 F524.1 X157.994 Y100.589 E0.00003
G1 X157.944 Y100.589 E0.00003
G1 X157.894 Y100.589 E0.00003
G1 X157.844 Y100.589 E0.00003
G1 X157.794 Y100.59 E0.00003
G1 X157.787 Y100.59 E0
G1 F525.4 X157.777 Y100.59 E0.00001
G1 X157.767 Y100.589 E0.00001
G1 F526.7 X157.757 Y100.589 E0.00001
G1 F528 X157.747 Y100.589 E0
G1 X157.737 Y100.588 E0.00001
G1 F529.3 X157.727 Y100.588 E0
G1 F530.7 X157.717 Y100.588 E0
G1 X157.707 Y100.587 E0
G1 F532 X157.697 Y100.587 E0
G1 F533.3 X157.687 Y100.587 E0
G1 X157.677 Y100.586 E0
G1 F534.7 X157.667 Y100.586 E0
G1 F536 X157.657 Y100.586 E0
G1 X157.647 Y100.585 E0
G1 F537.4 X157.637 Y100.585 E0
G1 F538.8 X157.627 Y100.585 E0
G1 X157.617 Y100.584 E0
G1 F540.2 X157.607 Y100.584 E0
G1 F541.5 X157.597 Y100.584 E0
G1 X157.587 Y100.583 E0
G1 F542.9 X157.577 Y100.583 E0
G1 F544.3 X157.567 Y100.583 E0
G1 X157.557 Y100.582 E0
G1 F545.7 X157.547 Y100.582 E0
G1 F547.2 X157.537 Y100.582 E0
G1 F548.6 X157.527 Y100.581 E0
G1 X157.517 Y100.581 E0
G1 F550 X157.507 Y100.581 E0
G1 F551.4 X157.497 Y100.58 E0
G1 X157.487 Y100.58 E0
G1 F552.9 X157.477 Y100.58 E0
G1 F554.3 X157.467 Y100.579 E0
G1 X157.457 Y100.579 E0
G1 F555.8 X157.447 Y100.579 E0
G1 F557.3 X157.437 Y100.578 E0
G1 X157.427 Y100.578 E0
G1 F558.7 X157.417 Y100.578 E0
G1 F560.2 X157.407 Y100.577 E0
G1 X157.397 Y100.577 E0
G1 F561.7 X157.387 Y100.577 E0
G1 F563.2 X157.377 Y100.576 E0
G1 X157.367 Y100.576 E0
G1 F564.7 X157.357 Y100.576 E0
G1 F566.2 X157.347 Y100.575 E0
G1 X157.337 Y100.575 E0
G1 F567.7 X157.327 Y100.575 E0
G1 F569.3 X157.317 Y100.574 E0
G1 F570.8 X157.307 Y100.574 E0
G1 X157.297 Y100.574 E0
G1 F572.4 X157.287 Y100.573 E0
G1 F573.9 X157.277 Y100.573 E0
G1 X157.267 Y100.573 E0
G1 F575.5 X157.257 Y100.572 E0
G1 F577 X157.247 Y100.572 E0
G1 X157.237 Y100.572 E0
G1 F578.6 X157.227 Y100.571 E0
G1 F580.2 X157.217 Y100.571 E0
G1 X157.207 Y100.571 E0
G1 F581.8 X157.197 Y100.57 E0
G1 F583.4 X157.187 Y100.57 E0
G1 X157.177 Y100.57 E0
G1 F585 X157.167 Y100.569 E0
G1 F586.7 X157.157 Y100.569 E0
G1 X157.147 Y100.569 E0
G1 F588.3 X157.137 Y100.568 E0
G1 F589.9 X157.127 Y100.568 E0
G1 X157.117 Y100.568 E0
G1 F591.6 X157.107 Y100.567 E0
G1 F593.3 X157.097 Y100.567 E0
G1 X157.087 Y100.567 E0
G1 F594.9 X157.077 Y100.566 E0
G1 F596.6 X157.067 Y100.566 E0
G1 F598.3 X157.057 Y100.566 E0
G1 X157.047 Y100.565 E0
G1 F600 X157.037 Y100.565 E0
G1 F601.7 X157.027 Y100.565 E0
G1 X157.017 Y100.564 E0
G1 F603.4 X157.007 Y100.564 E0
G1 F605.2 X156.997 Y100.564 E0
G1 X156.987 Y100.563 E0
G1 F606.9 X156.977 Y100.563 E0
G1 F608.6 X156.967 Y100.563 E0
G1 X156.957 Y100.562 E0
G1 F610.4 X156.947 Y100.562 E0
G1 F612.2 X156.937 Y100.562 E0
G1 X156.927 Y100.561 E0
G1 F614 X156.917 Y100.561 E0
G1 F615.7 X156.907 Y100.56 E0
G1 X156.897 Y100.56 E0
G1 F617.5 X156.887 Y100.56 E0
G1 F619.4 X156.877 Y100.559 E0
G1 X156.867 Y100.559 E0
G1 F621.2 X156.857 Y100.559 E0
G1 X155.256 Y100.558 E0.00068
G1 X155.246 Y100.558 E0
G1 X155.236 Y100.558 E0
G1 F619.4 X155.226 Y100.558 E0
G1 X155.216 Y100.558 E0
G1 F617.5 X155.206 Y100.559 E0
G1 X155.196 Y100.559 E0
G1 X155.186 Y100.559 E0
G1 F615.7 X155.176 Y100.559 E0
G1 X155.166 Y100.559 E0
G1 F614 X155.156 Y100.56 E0
G1 X155.146 Y100.56 E0
G1 F612.2 X155.136 Y100.56 E0
G1 X155.126 Y100.56 E0
G1 F610.4 X155.116 Y100.56 E0
G1 X155.106 Y100.561 E0
G1 F608.6 X155.096 Y100.561 E0
G1 X155.086 Y100.561 E0
G1 F606.9 X155.076 Y100.561 E0
G1 X155.066 Y100.562 E0
G1 X155.056 Y100.562 E0
G1 F605.2 X155.046 Y100.562 E0
G1 X155.036 Y100.562 E0
G1 F603.4 X155.026 Y100.562 E0
G1 X155.016 Y100.563 E0
G1 F601.7 X155.006 Y100.563 E0
G1 X154.996 Y100.563 E0
G1 F600 X154.986 Y100.563 E0
G1 X154.976 Y100.563 E0
G1 F598.3 X154.966 Y100.564 E0
G1 X154.956 Y100.564 E0
G1 F596.6 X154.946 Y100.564 E0
G1 X154.936 Y100.564 E0
G1 X154.926 Y100.564 E0
G1 F594.9 X154.916 Y100.565 E0
G1 X154.906 Y100.565 E0
G1 F593.3 X154.896 Y100.565 E0
G1 X154.886 Y100.565 E0
G1 F591.6 X154.876 Y100.566 E0
G1 X154.866 Y100.566 E0
G1 F589.9 X154.856 Y100.566 E0
G1 X154.846 Y100.566 E0
G1 F588.3 X154.836 Y100.566 E0
G1 X154.826 Y100.567 E0
G1 X154.816 Y100.567 E0
G1 F586.7 X154.806 Y100.567 E0
G1 X154.796 Y100.567 E0
G1 F585 X154.786 Y100.567 E0
G1 X154.776 Y100.568 E0
G1 F583.4 X154.766 Y100.568 E0
G1 X154.756 Y100.568 E0
G1 F581.8 X154.746 Y100.568 E0
G1 X154.736 Y100.568 E0
G1 F580.2 X154.726 Y100.569 E0
G1 X154.716 Y100.569 E0
G1 F578.6 X154.706 Y100.569 E0
G1 X154.696 Y100.569 E0
G1 X154.686 Y100.57 E0
G1 F577 X154.676 Y100.57 E0
G1 X154.666 Y100.57 E0
G1 F575.5 X154.656 Y100.57 E0
G1 X154.646 Y100.57 E0
G1 F573.9 X154.63 Y100.571 E0.00001
G1 F572.4 X154.62 Y100.571 E0
G1 X154.61 Y100.572 E0
G1 F570.8 X154.6 Y100.572 E0
G1 F569.3 X154.59 Y100.573 E0
G1 F567.7 X154.58 Y100.573 E0
G1 F566.2 X154.57 Y100.573 E0
G1 X154.56 Y100.574 E0
G1 F564.7 X154.55 Y100.574 E0
G1 F563.2 X154.54 Y100.575 E0
G1 F561.7 X154.53 Y100.575 E0
G1 F560.2 X154.52 Y100.576 E0
G1 X154.51 Y100.576 E0
G1 F558.7 X154.5 Y100.576 E0
G1 F557.3 X154.49 Y100.577 E0
G1 F555.8 X154.48 Y100.577 E0
G1 F554.3 X154.47 Y100.578 E0
G1 X154.46 Y100.578 E0
G1 F552.9 X154.45 Y100.578 E0
G1 F551.4 X154.44 Y100.579 E0
G1 F550 X154.43 Y100.579 E0
G1 X154.42 Y100.58 E0
G1 F548.6 X154.41 Y100.58 E0
G1 F547.2 X154.4 Y100.581 E0
G1 F545.7 X154.39 Y100.581 E0
G1 F544.3 X154.38 Y100.581 E0
G1 X154.37 Y100.582 E0
G1 F542.9 X154.36 Y100.582 E0
G1 F541.5 X154.35 Y100.583 E0
G1 F540.2 X154.34 Y100.583 E0
G1 F538.8 X154.33 Y100.584 E0
G1 X154.32 Y100.584 E0
G1 F537.4 X154.31 Y100.584 E0
G1 F536 X154.274 Y100.585 E0.00002
G1 X154.241 Y100.585 E0.00002
G1 X154.208 Y100.585 E0.00002
G1 X154.175 Y100.585 E0.00002
G1 X154.142 Y100.585 E0.00002
G1 F534.7 X154.109 Y100.585 E0.00002
G1 X154.076 Y100.585 E0.00002
G1 X154.043 Y100.586 E0.00002
G1 X154.01 Y100.586 E0.00002
G1 X153.977 Y100.586 E0.00002
G1 F533.3 X153.944 Y100.586 E0.00002
G1 X153.911 Y100.586 E0.00002
G1 X153.878 Y100.586 E0.00002
G1 X153.845 Y100.586 E0.00002
G1 F532 X153.812 Y100.587 E0.00002
G1 X153.779 Y100.587 E0.00002
G1 X153.746 Y100.587 E0.00002
G1 X153.713 Y100.587 E0.00002
G1 X153.68 Y100.587 E0.00002
G1 F530.7 X153.647 Y100.587 E0.00002
G1 X153.614 Y100.587 E0.00002
G1 X153.581 Y100.588 E0.00002
G1 X153.548 Y100.588 E0.00002
G1 X153.515 Y100.588 E0.00002
G1 F529.3 X153.482 Y100.588 E0.00002
G1 X153.449 Y100.588 E0.00002
G1 X153.416 Y100.588 E0.00002
G1 X153.383 Y100.588 E0.00002
G1 X153.35 Y100.589 E0.00002
G1 F528 X146.859 Y100.589 E0.00324
G1 X146.809 Y100.589 E0.00002
G1 X146.759 Y100.589 E0.00002
G1 X146.709 Y100.589 E0.00002
G1 X146.659 Y100.589 E0.00002
G1 X146.609 Y100.589 E0.00002
G1 F526.7 X146.559 Y100.589 E0.00003
G1 X146.509 Y100.589 E0.00003
G1 X146.459 Y100.589 E0.00003
G1 X146.409 Y100.589 E0.00003
G1 F525.4 X146.359 Y100.589 E0.00003
G1 X146.309 Y100.589 E0.00003
G1 X146.259 Y100.589 E0.00003
G1 X146.209 Y100.589 E0.00003
G1 X146.159 Y100.589 E0.00003
G1 F524.1 X146.109 Y100.589 E0.00003
G1 X146.059 Y100.589 E0.00003
G1 X146.009 Y100.589 E0.00003
G1 X145.959 Y100.589 E0.00003
G1 X145.909 Y100.59 E0.00003
G1 X145.903 Y100.59 E0
G1 F525.4 X145.893 Y100.59 E0.00001
G1 X145.883 Y100.589 E0.00001
G1 F526.7 X145.873 Y100.589 E0.00001
G1 F528 X145.863 Y100.589 E0
G1 X145.853 Y100.588 E0.00001
G1 F529.3 X145.843 Y100.588 E0
G1 F530.7 X145.833 Y100.588 E0
G1 X145.823 Y100.587 E0
G1 F532 X145.813 Y100.587 E0
G1 F533.3 X145.803 Y100.587 E0
G1 X145.793 Y100.586 E0
G1 F534.7 X145.783 Y100.586 E0
G1 F536 X145.773 Y100.586 E0
G1 X145.763 Y100.585 E0
G1 F537.4 X145.753 Y100.585 E0
G1 F538.8 X145.743 Y100.585 E0
G1 X145.733 Y100.584 E0
G1 F540.2 X145.723 Y100.584 E0
G1 F541.5 X145.713 Y100.584 E0
G1 X145.703 Y100.583 E0
G1 F542.9 X145.693 Y100.583 E0
G1 F544.3 X145.683 Y100.583 E0
G1 X145.673 Y100.582 E0
G1 F545.7 X145.663 Y100.582 E0
G1 F547.2 X145.653 Y100.582 E0
G1 F548.6 X145.643 Y100.581 E0
G1 X145.633 Y100.581 E0
G1 F550 X145.623 Y100.581 E0
G1 F551.4 X145.613 Y100.58 E0
G1 X145.603 Y100.58 E0
G1 F552.9 X145.593 Y100.58 E0
G1 F554.3 X145.583 Y100.579 E0
G1 X145.573 Y100.579 E0
G1 F555.8 X145.563 Y100.579 E0
G1 F557.3 X145.553 Y100.578 E0
G1 X145.543 Y100.578 E0
G1 F558.7 X145.533 Y100.578 E0
G1 F560.2 X145.523 Y100.577 E0
G1 X145.513 Y100.577 E0
G1 F561.7 X145.503 Y100.577 E0
G1 F563.2 X145.493 Y100.576 E0
G1 X145.483 Y100.576 E0
G1 F564.7 X145.473 Y100.576 E0
G1 F566.2 X145.463 Y100.575 E0
G1 X145.453 Y100.575 E0
G1 F567.7 X145.443 Y100.575 E0
G1 F569.3 X145.433 Y100.574 E0
G1 F570.8 X145.423 Y100.574 E0
G1 X145.413 Y100.574 E0
G1 F572.4 X145.403 Y100.573 E0
G1 F573.9 X145.393 Y100.573 E0
G1 X145.383 Y100.573 E0
G1 F575.5 X145.373 Y100.572 E0
G1 F577 X145.363 Y100.572 E0
G1 X145.353 Y100.572 E0
G1 F578.6 X145.343 Y100.571 E0
G1 F580.2 X145.333 Y100.571 E0
G1 X145.323 Y100.571 E0
G1 F581.8 X145.313 Y100.57 E0
G1 F583.4 X145.303 Y100.57 E0
G1 X145.293 Y100.57 E0
G1 F585 X145.283 Y100.569 E0
G1 F586.7 X145.273 Y100.569 E0
G1 X145.263 Y100.569 E0
G1 F588.3 X145.253 Y100.568 E0
G1 F589.9 X145.243 Y100.568 E0
G1 X145.233 Y100.568 E0
G1 F591.6 X145.223 Y100.567 E0
G1 F593.3 X145.213 Y100.567 E0
G1 X145.203 Y100.567 E0
G1 F594.9 X145.193 Y100.566 E0
G1 F596.6 X145.183 Y100.566 E0
G1 F598.3 X145.173 Y100.566 E0
G1 X145.163 Y100.565 E0
G1 F600 X145.153 Y100.565 E0
G1 F601.7 X145.143 Y100.565 E0
G1 X145.133 Y100.564 E0
G1 F603.4 X145.123 Y100.564 E0
G1 F605.2 X145.113 Y100.564 E0
G1 X145.103 Y100.563 E0
G1 F606.9 X145.093 Y100.563 E0
G1 F608.6 X145.083 Y100.563 E0
G1 X145.073 Y100.562 E0
G1 F610.4 X145.063 Y100.562 E0
G1 F612.2 X145.053 Y100.562 E0
G1 X145.043 Y100.561 E0
G1 F614 X145.033 Y100.561 E0
G1 F615.7 X145.023 Y100.56 E0
G1 X145.013 Y100.56 E0
G1 F617.5 X145.003 Y100.56 E0
G1 F619.4 X144.993 Y100.559 E0
G1 X144.983 Y100.559 E0
G1 F621.2 X144.973 Y100.559 E0
G1 X143.372 Y100.558 E0.00068
G1 X143.362 Y100.558 E0
G1 X143.352 Y100.558 E0
G1 F619.4 X143.342 Y100.558 E0
G1 X143.332 Y100.558 E0
G1 F617.5 X143.322 Y100.559 E0
G1 X143.312 Y100.559 E0
G1 X143.302 Y100.559 E0
G1 F615.7 X143.292 Y100.559 E0
G1 X143.282 Y100.559 E0
G1 F614 X143.272 Y100.56 E0
G1 X143.262 Y100.56 E0
G1 F612.2 X143.252 Y100.56 E0
G1 X143.242 Y100.56 E0
G1 F610.4 X143.232 Y100.56 E0
G1 X143.222 Y100.561 E0
G1 F608.6 X143.212 Y100.561 E0
G1 X143.202 Y100.561 E0
G1 F606.9 X143.192 Y100.561 E0
G1 X143.182 Y100.562 E0
G1 X143.172 Y100.562 E0
G1 F605.2 X143.162 Y100.562 E0
G1 X143.152 Y100.562 E0
G1 F603.4 X143.142 Y100.562 E0
G1 X143.132 Y100.563 E0
G1 F601.7 X143.122 Y100.563 E0
G1 X143.112 Y100.563 E0
G1 F600 X143.102 Y100.563 E0
G1 X143.092 Y100.563 E0
G1 F598.3 X143.082 Y100.564 E0
G1 X143.072 Y100.564 E0
G1 F596.6 X143.062 Y100.564 E0
G1 X143.052 Y100.564 E0
G1 X143.042 Y100.564 E0
G1 F594.9 X143.032 Y100.565 E0
G1 X143.022 Y100.565 E0
G1 F593.3 X143.012 Y100.565 E0
G1 X143.002 Y100.565 E0
G1 F591.6 X142.992 Y100.566 E0
G1 X142.982 Y100.566 E0
G1 F589.9 X142.972 Y100.566 E0
G1 X142.962 Y100.566 E0
G1 F588.3 X142.952 Y100.566 E0
G1 X142.942 Y100.567 E0
G1 X142.932 Y100.567 E0
G1 F586.7 X142.922 Y100.567 E0
G1 X142.912 Y100.567 E0
G1 F585 X142.902 Y100.567 E0
G1 X142.892 Y100.568 E0
G1 F583.4 X142.882 Y100.568 E0
G1 X142.872 Y100.568 E0
G1 F581.8 X142.862 Y100.568 E0
G1 X142.852 Y100.568 E0
G1 F580.2 X142.842 Y100.569 E0
G1 X142.832 Y100.569 E0
G1 F578.6 X142.822 Y100.569 E0
G1 X142.812 Y100.569 E0
G1 X142.802 Y100.57 E0
G1 F577 X142.792 Y100.57 E0
G1 X142.782 Y100.57 E0
G1 F575.5 X142.772 Y100.57 E0
G1 X142.762 Y100.57 E0
G1 F573.9 X142.746 Y100.571 E0.00001
G1 F572.4 X142.736 Y100.571 E0
G1 X142.726 Y100.572 E0
G1 F570.8 X142.716 Y100.572 E0
G1 F569.3 X142.706 Y100.573 E0
G1 F567.7 X142.696 Y100.573 E0
G1 F566.2 X142.686 Y100.573 E0
G1 X142.676 Y100.574 E0
G1 F564.7 X142.666 Y100.574 E0
G1 F563.2 X142.656 Y100.575 E0
G1 F561.7 X142.646 Y100.575 E0
G1 F560.2 X142.636 Y100.576 E0
G1 X142.626 Y100.576 E0
G1 F558.7 X142.616 Y100.576 E0
G1 F557.3 X142.606 Y100.577 E0
G1 F555.8 X142.596 Y100.577 E0
G1 F554.3 X142.586 Y100.578 E0
G1 X142.576 Y100.578 E0
G1 F552.9 X142.566 Y100.579 E0
G1 F551.4 X142.556 Y100.579 E0
G1 F550 X142.546 Y100.579 E0
G1 X142.536 Y100.58 E0
G1 F548.6 X142.526 Y100.58 E0
G1 F547.2 X142.516 Y100.581 E0
G1 F545.7 X142.506 Y100.581 E0
G1 F544.3 X142.496 Y100.581 E0
G1 X142.486 Y100.582 E0
G1 F542.9 X142.476 Y100.582 E0
G1 F541.5 X142.466 Y100.583 E0
G1 F540.2 X142.456 Y100.583 E0
G1 F538.8 X142.446 Y100.584 E0
G1 X142.436 Y100.584 E0
G1 F537.4 X142.426 Y100.584 E0
G1 F536 X142.391 Y100.585 E0.00002
G1 X142.358 Y100.585 E0.00002
G1 X142.325 Y100.585 E0.00002
G1 X142.292 Y100.585 E0.00002
G1 X142.259 Y100.585 E0.00002
G1 F534.7 X142.226 Y100.585 E0.00002
G1 X142.193 Y100.585 E0.00002
G1 X142.16 Y100.585 E0.00002
G1 X142.127 Y100.585 E0.00002
G1 X142.094 Y100.586 E0.00002
G1 F533.3 X142.061 Y100.586 E0.00002
G1 X142.028 Y100.586 E0.00002
G1 X141.995 Y100.586 E0.00002
G1 X141.962 Y100.586 E0.00002
G1 F532 X141.929 Y100.586 E0.00002
G1 X141.896 Y100.586 E0.00002
G1 X141.863 Y100.586 E0.00002
G1 X141.83 Y100.586 E0.00002
G1 X141.797 Y100.586 E0.00002
G1 F530.7 X141.764 Y100.587 E0.00002
G1 X141.731 Y100.587 E0.00002
G1 X141.698 Y100.587 E0.00002
G1 X141.665 Y100.587 E0.00002
G1 X141.632 Y100.587 E0.00002
G1 F529.3 X141.599 Y100.587 E0.00002
G1 X141.566 Y100.587 E0.00002
G1 X141.533 Y100.587 E0.00002
G1 X141.5 Y100.587 E0.00002
G1 X141.467 Y100.588 E0.00002
G1 F528 X140.089 Y100.589 E0.00069
G1 X140.089 Y102.236 E0.00082
G0 F24000 X138.024 Y107.013
G0 X137.97 Y107.331
G0 X137.968 Y112.646
G0 X138.085 Y113.128
G0 X140.087 Y117.757
G1 F528 X140.088 Y119.408 E0.00082
G1 X142.816 Y119.407 E0.00136
G1 F530.7 X142.825 Y119.408 E0
G1 F533.3 X142.835 Y119.409 E0
G1 F537.4 X142.845 Y119.41 E0
G1 F540.2 X142.855 Y119.412 E0
G1 F544.3 X142.865 Y119.413 E0
G1 F547.2 X142.875 Y119.414 E0
G1 F551.4 X142.885 Y119.415 E0
G1 F554.3 X142.895 Y119.417 E0
G1 F558.7 X142.905 Y119.418 E0
G1 F561.7 X142.915 Y119.419 E0
G1 F566.2 X142.924 Y119.42 E0
G1 F569.3 X142.934 Y119.422 E0
G1 F573.9 X142.944 Y119.423 E0
G1 F577 X142.954 Y119.424 E0
G1 F581.8 X142.964 Y119.426 E0
G1 F585 X142.974 Y119.427 E0
G1 F589.9 X142.984 Y119.428 E0
G1 F593.3 X142.994 Y119.429 E0
G1 F598.3 X143.004 Y119.431 E0
G1 F601.7 X143.014 Y119.432 E0
G1 F606.9 X143.024 Y119.433 E0
G1 F610.4 X143.033 Y119.434 E0
G1 F614 X143.043 Y119.436 E0
G1 F619.4 X143.053 Y119.437 E0
G1 F623 X143.063 Y119.438 E0
G1 F628.6 X143.073 Y119.439 E0
G1 F632.3 X143.083 Y119.441 E0
G1 F638.1 X143.093 Y119.442 E0
G1 F641.9 X143.103 Y119.443 E0
G1 F647.9 X143.113 Y119.445 E0
G1 F651.9 X143.123 Y119.446 E0
G1 F657.9 X143.133 Y119.447 E0
G1 F662.1 X143.142 Y119.448 E0
G1 F668.4 X143.152 Y119.45 E0
G1 F672.6 X143.162 Y119.451 E0
G1 F679.1 X143.172 Y119.452 E0
G1 F683.5 X143.182 Y119.453 E0
G1 F690.2 X143.192 Y119.455 E0
G1 F694.7 X143.202 Y119.456 E0
G1 F701.7 X143.212 Y119.457 E0
G1 F706.4 X143.222 Y119.458 E0
G1 F713.5 X143.232 Y119.46 E0
G1 F718.4 X143.242 Y119.461 E0
G1 F728.3 X143.255 Y119.464 E0
G1 F738.5 X143.265 Y119.466 E0
G1 F751.6 X143.275 Y119.468 E0
G1 F765.2 X143.285 Y119.47 E0
G1 F776.5 X143.294 Y119.473 E0
G1 F791 X143.304 Y119.475 E0
G1 F806.1 X143.314 Y119.477 E0
G1 F818.6 X143.324 Y119.479 E0
G1 F834.8 X143.333 Y119.481 E0
G1 F848.2 X143.343 Y119.484 E0
G1 F865.6 X143.353 Y119.486 E0
G1 F883.7 X143.363 Y119.488 E0
G1 F898.7 X143.372 Y119.49 E0
G1 F918.3 X143.382 Y119.493 E0
G1 F938.7 X143.392 Y119.495 E0
G1 F955.7 X143.402 Y119.497 E0
G1 F968.8 X143.419 Y119.499 E0
G1 X143.429 Y119.499 E0
G1 F973.3 X143.439 Y119.499 E0
G1 X143.449 Y119.499 E0
G1 F977.8 X143.459 Y119.5 E0
G1 X143.469 Y119.5 E0
G1 F982.3 X143.479 Y119.5 E0
G1 X143.489 Y119.5 E0
G1 F986.9 X143.499 Y119.501 E0
G1 X143.509 Y119.501 E0
G1 F991.5 X143.519 Y119.501 E0
G1 X143.529 Y119.501 E0
G1 F996.2 X143.539 Y119.502 E0
G1 X143.549 Y119.502 E0
G1 F1000.9 X143.559 Y119.502 E0
G1 X143.569 Y119.502 E0
G1 F1005.7 X143.579 Y119.503 E0
G1 X143.589 Y119.503 E0
G1 F1010.5 X143.599 Y119.503 E0
G1 X143.609 Y119.503 E0
G1 F1015.4 X143.619 Y119.504 E0
G1 X143.629 Y119.504 E0
G1 F1020.3 X143.639 Y119.504 E0
G1 X143.649 Y119.504 E0
G1 F1025.2 X143.659 Y119.504 E0
G1 X143.669 Y119.505 E0
G1 F1030.2 X143.679 Y119.505 E0
G1 X143.689 Y119.505 E0
G1 F1035.3 X143.699 Y119.505 E0
G1 X143.709 Y119.506 E0
G1 F1040.4 X143.719 Y119.506 E0
G1 X143.729 Y119.506 E0
G1 F1045.5 X143.739 Y119.506 E0
G1 X143.749 Y119.507 E0
G1 X143.759 Y119.507 E0
G1 F1050.7 X143.769 Y119.507 E0
G1 X143.779 Y119.507 E0
G1 F1056 X143.789 Y119.508 E0
G1 X143.799 Y119.508 E0
G1 F1061.3 X143.809 Y119.508 E0
G1 X143.819 Y119.508 E0
G1 F1066.7 X143.829 Y119.509 E0
G1 X143.839 Y119.509 E0
G1 F1072.1 X143.849 Y119.509 E0
G1 X143.859 Y119.509 E0
G1 F1077.6 X143.869 Y119.509 E0
G1 X143.879 Y119.51 E0
G1 F1083.1 X143.889 Y119.51 E0
G1 X143.899 Y119.51 E0
G1 F1088.7 X143.909 Y119.51 E0
G1 X143.919 Y119.511 E0
G1 F1094.3 X143.929 Y119.511 E0
G1 X143.939 Y119.511 E0
G1 F1100 X143.949 Y119.511 E0
G1 X143.959 Y119.512 E0
G1 F1105.8 X143.969 Y119.512 E0
G1 X143.979 Y119.512 E0
G1 F1111.6 X143.989 Y119.512 E0
G1 X143.999 Y119.513 E0
G1 F1117.5 X144.009 Y119.513 E0
G1 X144.019 Y119.513 E0
G1 F1123.4 X144.029 Y119.513 E0
G1 X144.039 Y119.514 E0
G1 F1129.4 X144.049 Y119.514 E0
G1 X144.059 Y119.514 E0
G1 F1135.5 X144.069 Y119.514 E0
G1 X144.079 Y119.514 E0
G1 X144.2 Y119.515 E0.00003
G1 X144.231 Y119.515 E0.00001
G1 F1129.4 X144.262 Y119.515 E0.00001
G1 X144.293 Y119.515 E0.00001
G1 F1123.4 X144.324 Y119.514 E0.00001
G1 F1117.5 X144.355 Y119.514 E0.00001
G1 X144.386 Y119.514 E0.00001
G1 F1111.6 X144.417 Y119.513 E0.00001
G1 F1105.8 X144.448 Y119.513 E0.00001
G1 X144.479 Y119.513 E0.00001
G1 F1100 X144.511 Y119.512 E0.00001
G1 F1094.3 X144.54 Y119.511 E0.00001
G1 F1083.1 X144.569 Y119.511 E0.00001
G1 F1077.6 X144.598 Y119.51 E0.00001
G1 F1072.1 X144.627 Y119.509 E0.00001
G1 F1066.7 X144.636 Y119.509 E0
G1 F1061.3 X144.646 Y119.509 E0
G1 X144.656 Y119.509 E0
G1 F1056 X144.666 Y119.508 E0
G1 F1050.7 X144.676 Y119.508 E0
G1 X144.686 Y119.508 E0
G1 F1045.5 X144.696 Y119.507 E0
G1 F1040.4 X144.706 Y119.507 E0
G1 X144.716 Y119.507 E0
G1 F1035.3 X144.726 Y119.506 E0
G1 F1030.2 X144.736 Y119.506 E0
G1 X144.746 Y119.506 E0
G1 F1025.2 X144.756 Y119.505 E0
G1 F1020.3 X144.766 Y119.505 E0
G1 X144.776 Y119.505 E0
G1 F1015.4 X144.786 Y119.504 E0
G1 F1010.5 X144.796 Y119.504 E0
G1 X144.806 Y119.504 E0
G1 F1005.7 X144.816 Y119.503 E0
G1 F1000.9 X144.826 Y119.503 E0
G1 X144.836 Y119.503 E0
G1 F996.2 X144.846 Y119.502 E0
G1 F991.5 X144.856 Y119.502 E0
G1 X144.866 Y119.502 E0
G1 F986.9 X144.876 Y119.501 E0
G1 F982.3 X144.886 Y119.501 E0
G1 X144.896 Y119.501 E0
G1 F977.8 X144.906 Y119.5 E0
G1 F973.3 X144.916 Y119.5 E0
G1 X144.926 Y119.5 E0
G1 F964.4 X144.943 Y119.498 E0
G1 F947.1 X144.953 Y119.496 E0
G1 F930.4 X144.963 Y119.494 E0
G1 F914.3 X144.973 Y119.492 E0
G1 F898.7 X144.983 Y119.49 E0
G1 F883.7 X144.992 Y119.488 E0
G1 F869.1 X145.002 Y119.486 E0
G1 F855.1 X145.012 Y119.484 E0
G1 F841.4 X145.022 Y119.482 E0
G1 F828.2 X145.032 Y119.48 E0
G1 F815.4 X145.041 Y119.478 E0
G1 F803 X145.051 Y119.476 E0
G1 F791 X145.061 Y119.474 E0
G1 F779.3 X145.071 Y119.472 E0
G1 F768 X145.081 Y119.47 E0
G1 F757 X145.09 Y119.468 E0
G1 F746.3 X145.1 Y119.466 E0
G1 F735.9 X145.11 Y119.464 E0
G1 F725.8 X145.12 Y119.462 E0
G1 F715.9 X145.13 Y119.46 E0
G1 F706.4 X145.139 Y119.458 E0
G1 F697 X145.149 Y119.456 E0
G1 F687.9 X145.159 Y119.454 E0
G1 F681.3 X145.169 Y119.453 E0
G1 F672.6 X145.179 Y119.451 E0
G1 F664.2 X145.188 Y119.449 E0
G1 F655.9 X145.198 Y119.447 E0
G1 F647.9 X145.208 Y119.445 E0
G1 F640 X145.218 Y119.443 E0
G1 F632.3 X145.228 Y119.441 E0
G1 F624.9 X145.238 Y119.439 E0
G1 F617.5 X145.247 Y119.437 E0
G1 F610.4 X145.257 Y119.435 E0
G1 F603.4 X145.267 Y119.433 E0
G1 F596.6 X145.277 Y119.431 E0
G1 F589.9 X145.287 Y119.429 E0
G1 F583.4 X145.296 Y119.427 E0
G1 F577 X145.306 Y119.425 E0
G1 F570.8 X145.316 Y119.423 E0
G1 F564.7 X145.326 Y119.421 E0
G1 F558.7 X145.336 Y119.419 E0
G1 F552.9 X145.345 Y119.417 E0
G1 F547.2 X145.355 Y119.415 E0
G1 F541.5 X145.365 Y119.413 E0
G1 F536 X145.375 Y119.411 E0.00001
G1 F530.7 X145.385 Y119.409 E0.00001
G1 F528 X154.771 Y119.408 E0.00468
G1 F530.7 X154.78 Y119.409 E0
G1 F536 X154.79 Y119.411 E0.00001
G1 F540.2 X154.8 Y119.413 E0
G1 F545.7 X154.81 Y119.415 E0
G1 F551.4 X154.82 Y119.416 E0
G1 F555.8 X154.83 Y119.418 E0
G1 F561.7 X154.839 Y119.42 E0
G1 F566.2 X154.849 Y119.422 E0
G1 F572.4 X154.859 Y119.423 E0
G1 F578.6 X154.869 Y119.425 E0
G1 F583.4 X154.879 Y119.427 E0
G1 F589.9 X154.889 Y119.429 E0
G1 F594.9 X154.898 Y119.43 E0
G1 F601.7 X154.908 Y119.432 E0
G1 F608.6 X154.918 Y119.434 E0
G1 F614 X154.928 Y119.436 E0
G1 F621.2 X154.938 Y119.437 E0
G1 F626.7 X154.948 Y119.439 E0
G1 F634.2 X154.958 Y119.441 E0
G1 F641.9 X154.967 Y119.443 E0
G1 F647.9 X154.977 Y119.444 E0
G1 F655.9 X154.987 Y119.446 E0
G1 F662.1 X154.997 Y119.448 E0
G1 F670.5 X155.007 Y119.45 E0
G1 F679.1 X155.017 Y119.451 E0
G1 F685.7 X155.026 Y119.453 E0
G1 F694.7 X155.036 Y119.455 E0
G1 F701.7 X155.046 Y119.457 E0
G1 F711.1 X155.056 Y119.458 E0
G1 F720.8 X155.066 Y119.46 E0
G1 F728.3 X155.076 Y119.462 E0
G1 F738.5 X155.085 Y119.464 E0
G1 F746.3 X155.095 Y119.465 E0
G1 F757 X155.105 Y119.467 E0
G1 F768 X155.115 Y119.469 E0
G1 F776.5 X155.125 Y119.471 E0
G1 F788.1 X155.135 Y119.472 E0
G1 F797 X155.145 Y119.474 E0
G1 F809.2 X155.154 Y119.476 E0
G1 F821.8 X155.164 Y119.478 E0
G1 F831.5 X155.174 Y119.479 E0
G1 F844.8 X155.184 Y119.481 E0
G1 F855.1 X155.194 Y119.483 E0
G1 F869.1 X155.204 Y119.485 E0
G1 F883.7 X155.213 Y119.486 E0
G1 F894.9 X155.223 Y119.488 E0
G1 F910.3 X155.233 Y119.49 E0
G1 F922.3 X155.243 Y119.492 E0
G1 F938.7 X155.253 Y119.493 E0
G1 F955.7 X155.263 Y119.495 E0
G1 F964.4 X155.291 Y119.498 E0.00001
G1 F973.3 X155.311 Y119.499 E0.00001
G1 F977.8 X155.331 Y119.5 E0.00001
G1 F986.9 X155.351 Y119.501 E0.00001
G1 F991.5 X155.371 Y119.502 E0.00001
G1 F1000.9 X155.391 Y119.503 E0.00001
G1 F1005.7 X155.398 Y119.503 E0
G1 X155.408 Y119.503 E0
G1 F1010.5 X155.418 Y119.503 E0
G1 X155.428 Y119.503 E0
G1 X155.438 Y119.504 E0
G1 F1015.4 X155.448 Y119.504 E0
G1 X155.458 Y119.504 E0
G1 F1020.3 X155.468 Y119.504 E0
G1 X155.478 Y119.504 E0
G1 F1025.2 X155.488 Y119.505 E0
G1 X155.498 Y119.505 E0
G1 X155.508 Y119.505 E0
G1 F1030.2 X155.518 Y119.505 E0
G1 X155.528 Y119.505 E0
G1 F1035.3 X155.538 Y119.506 E0
G1 X155.548 Y119.506 E0
G1 F1040.4 X155.558 Y119.506 E0
G1 X155.568 Y119.506 E0
G1 X155.578 Y119.506 E0
G1 F1045.5 X155.588 Y119.507 E0
G1 X155.598 Y119.507 E0
G1 F1050.7 X155.608 Y119.507 E0
G1 X155.618 Y119.507 E0
G1 F1056 X155.628 Y119.507 E0
G1 X155.638 Y119.508 E0
G1 X155.648 Y119.508 E0
G1 F1061.3 X155.658 Y119.508 E0
G1 X155.668 Y119.508 E0
G1 F1066.7 X155.678 Y119.509 E0
G1 X155.688 Y119.509 E0
G1 F1072.1 X155.698 Y119.509 E0
G1 X155.708 Y119.509 E0
G1 F1077.6 X155.718 Y119.509 E0
G1 X155.728 Y119.51 E0
G1 X155.738 Y119.51 E0
G1 F1083.1 X155.748 Y119.51 E0
G1 X155.758 Y119.51 E0
G1 F1088.7 X155.768 Y119.51 E0
G1 X155.778 Y119.511 E0
G1 F1094.3 X155.788 Y119.511 E0
G1 X155.798 Y119.511 E0
G1 X155.808 Y119.511 E0
G1 F1100 X155.818 Y119.511 E0
G1 X155.828 Y119.512 E0
G1 F1105.8 X155.838 Y119.512 E0
G1 X155.848 Y119.512 E0
G1 F1111.6 X155.858 Y119.512 E0
G1 X155.868 Y119.512 E0
G1 X155.878 Y119.513 E0
G1 F1117.5 X155.888 Y119.513 E0
G1 X155.898 Y119.513 E0
G1 F1123.4 X155.908 Y119.513 E0
G1 X155.918 Y119.513 E0
G1 F1129.4 X155.928 Y119.514 E0
G1 X155.938 Y119.514 E0
G1 X155.948 Y119.514 E0
G1 F1135.5 X155.958 Y119.514 E0
G1 X155.968 Y119.515 E0
G1 X156.084 Y119.515 E0.00003
G1 X156.103 Y119.515 E0
G1 X156.122 Y119.515 E0
G1 F1129.4 X156.141 Y119.515 E0
G1 X156.16 Y119.514 E0
G1 F1123.4 X156.179 Y119.514 E0
G1 X156.198 Y119.514 E0
G1 F1117.5 X156.217 Y119.514 E0
G1 X156.236 Y119.513 E0
G1 F1111.6 X156.255 Y119.513 E0
G1 F1105.8 X156.274 Y119.513 E0
G1 X156.293 Y119.513 E0
G1 F1100 X156.312 Y119.512 E0
G1 X156.331 Y119.512 E0
G1 F1094.3 X156.35 Y119.512 E0
G1 X156.369 Y119.512 E0
G1 F1088.7 X156.388 Y119.511 E0
G1 X156.407 Y119.511 E0
G1 F1083.1 X156.426 Y119.511 E0
G1 X156.445 Y119.511 E0
G1 F1077.6 X156.468 Y119.51 E0.00001
G1 F1072.1 X156.484 Y119.51 E0
G1 F1066.7 X156.5 Y119.509 E0
G1 F1061.3 X156.516 Y119.509 E0
G1 X156.532 Y119.508 E0
G1 F1056 X156.548 Y119.508 E0
G1 F1050.7 X156.564 Y119.507 E0
G1 F1045.5 X156.58 Y119.507 E0
G1 F1040.4 X156.596 Y119.507 E0
G1 F1035.3 X156.612 Y119.506 E0
G1 F1030.2 X156.628 Y119.506 E0
G1 X156.644 Y119.505 E0
G1 F1025.2 X156.66 Y119.505 E0
G1 F1020.3 X156.676 Y119.504 E0
G1 F1015.4 X156.686 Y119.504 E0
G1 F1010.5 X156.698 Y119.504 E0
G1 F1005.7 X156.71 Y119.503 E0
G1 F1000.9 X156.722 Y119.503 E0
G1 F996.2 X156.734 Y119.502 E0
G1 X156.746 Y119.502 E0
G1 F991.5 X156.758 Y119.501 E0
G1 F986.9 X156.77 Y119.501 E0
G1 F982.3 X156.782 Y119.501 E0
G1 F977.8 X156.794 Y119.5 E0
G1 F973.3 X156.806 Y119.5 E0
G1 F968.8 X156.818 Y119.499 E0
G1 F964.4 X156.83 Y119.499 E0
G1 F960 X156.842 Y119.498 E0
G1 X156.854 Y119.498 E0
G1 F955.7 X156.866 Y119.498 E0
G1 F951.4 X156.878 Y119.497 E0
G1 F947.1 X156.89 Y119.497 E0
G1 F938.7 X156.904 Y119.495 E0
G1 F930.4 X156.914 Y119.494 E0
G1 F922.3 X156.924 Y119.493 E0
G1 F910.3 X156.934 Y119.492 E0
G1 F902.6 X156.944 Y119.491 E0
G1 F894.9 X156.954 Y119.49 E0
G1 F887.4 X156.964 Y119.489 E0
G1 F876.3 X156.974 Y119.487 E0
G1 F869.1 X156.984 Y119.486 E0
G1 F862 X156.994 Y119.485 E0
G1 F851.6 X157.004 Y119.484 E0
G1 F844.8 X157.014 Y119.483 E0
G1 F838.1 X157.024 Y119.482 E0
G1 F831.5 X157.034 Y119.481 E0
G1 F821.8 X157.044 Y119.48 E0
G1 F815.4 X157.053 Y119.478 E0
G1 F809.2 X157.063 Y119.477 E0
G1 F800 X157.073 Y119.476 E0
G1 F794 X157.083 Y119.475 E0
G1 F788.1 X157.093 Y119.474 E0
G1 F782.2 X157.103 Y119.473 E0
G1 F773.6 X157.113 Y119.472 E0
G1 F768 X157.123 Y119.47 E0
G1 F762.5 X157.133 Y119.469 E0
G1 F754.3 X157.143 Y119.468 E0
G1 F748.9 X157.153 Y119.467 E0
G1 F743.7 X157.163 Y119.466 E0
G1 F738.5 X157.173 Y119.465 E0
G1 F730.8 X157.183 Y119.464 E0
G1 F725.8 X157.193 Y119.463 E0
G1 F720.8 X157.203 Y119.461 E0
G1 F713.5 X157.212 Y119.46 E0
G1 F708.7 X157.222 Y119.459 E0
G1 F704 X157.232 Y119.458 E0
G1 F699.3 X157.242 Y119.457 E0
G1 F692.5 X157.252 Y119.456 E0
G1 F687.9 X157.262 Y119.455 E0
G1 F683.5 X157.272 Y119.454 E0
G1 F676.9 X157.282 Y119.452 E0
G1 F672.6 X157.292 Y119.451 E0
G1 F668.4 X157.302 Y119.45 E0
G1 F664.2 X157.312 Y119.449 E0
G1 F657.9 X157.322 Y119.448 E0
G1 F653.9 X157.332 Y119.447 E0
G1 F649.8 X157.342 Y119.446 E0
G1 F643.9 X157.352 Y119.444 E0
G1 F640 X157.361 Y119.443 E0
G1 F636.1 X157.371 Y119.442 E0
G1 F632.3 X157.381 Y119.441 E0
G1 F626.7 X157.391 Y119.44 E0
G1 F623 X157.401 Y119.439 E0
G1 F619.4 X157.411 Y119.438 E0
G1 F614 X157.421 Y119.437 E0
G1 F610.4 X157.431 Y119.435 E0
G1 F606.9 X157.441 Y119.434 E0
G1 F603.4 X157.451 Y119.433 E0
G1 F598.3 X157.461 Y119.432 E0
G1 F594.9 X157.471 Y119.431 E0
G1 F591.6 X157.481 Y119.43 E0
G1 F586.7 X157.491 Y119.429 E0
G1 F583.4 X157.501 Y119.428 E0
G1 F580.2 X157.511 Y119.426 E0
G1 F577 X157.52 Y119.425 E0
G1 F572.4 X157.53 Y119.424 E0
G1 F569.3 X157.54 Y119.423 E0
G1 F566.2 X157.55 Y119.422 E0
G1 F561.7 X157.56 Y119.421 E0
G1 F558.7 X157.57 Y119.42 E0
G1 F555.8 X157.58 Y119.418 E0
G1 F552.9 X157.59 Y119.417 E0
G1 F548.6 X157.6 Y119.416 E0
G1 F545.7 X157.61 Y119.415 E0
G1 F542.9 X157.62 Y119.414 E0
G1 F538.8 X157.63 Y119.413 E0
G1 F536 X157.64 Y119.412 E0
G1 F533.3 X157.65 Y119.411 E0
G1 F530.7 X157.66 Y119.409 E0.00001
G1 F528 X166.609 Y119.408 E0.00446
G1 F530.7 X166.618 Y119.409 E0
G1 F534.7 X166.628 Y119.411 E0.00001
G1 F540.2 X166.638 Y119.412 E0
G1 F544.3 X166.648 Y119.414 E0
G1 F548.6 X166.658 Y119.416 E0
G1 F554.3 X166.668 Y119.417 E0
G1 F558.7 X166.678 Y119.419 E0
G1 F563.2 X166.687 Y119.421 E0
G1 F569.3 X166.697 Y119.422 E0
G1 F573.9 X166.707 Y119.424 E0
G1 F578.6 X166.717 Y119.426 E0
G1 F585 X166.727 Y119.427 E0
G1 F589.9 X166.737 Y119.429 E0
G1 F594.9 X166.747 Y119.43 E0
G1 F601.7 X166.757 Y119.432 E0
G1 F606.9 X166.766 Y119.434 E0
G1 F612.2 X166.776 Y119.435 E0
G1 F619.4 X166.786 Y119.437 E0
G1 F624.9 X166.796 Y119.439 E0
G1 F630.4 X166.806 Y119.44 E0
G1 F636.1 X166.816 Y119.442 E0
G1 F643.9 X166.826 Y119.444 E0
G1 F649.8 X166.836 Y119.445 E0
G1 F655.9 X166.845 Y119.447 E0
G1 F664.2 X166.855 Y119.449 E0
G1 F670.5 X166.865 Y119.45 E0
G1 F676.9 X166.875 Y119.452 E0
G1 F685.7 X166.885 Y119.453 E0
G1 F692.5 X166.895 Y119.455 E0
G1 F699.3 X166.905 Y119.457 E0
G1 F708.7 X166.915 Y119.458 E0
G1 F715.9 X166.924 Y119.46 E0
G1 F723.3 X166.934 Y119.462 E0
G1 F733.3 X166.944 Y119.463 E0
G1 F741.1 X166.954 Y119.465 E0
G1 F748.9 X166.964 Y119.467 E0
G1 F757 X166.974 Y119.468 E0
G1 F768 X166.984 Y119.47 E0
G1 F776.5 X166.994 Y119.472 E0
G1 F785.1 X167.003 Y119.473 E0
G1 F797 X167.013 Y119.475 E0
G1 F806.1 X167.023 Y119.476 E0
G1 F815.4 X167.033 Y119.478 E0
G1 F828.2 X167.043 Y119.48 E0
G1 F838.1 X167.053 Y119.481 E0
G1 F848.2 X167.063 Y119.483 E0
G1 F862 X167.072 Y119.485 E0
G1 F872.7 X167.082 Y119.486 E0
G1 F883.7 X167.092 Y119.488 E0
G1 F898.7 X167.102 Y119.49 E0
G1 F910.3 X167.112 Y119.491 E0
G1 F922.3 X167.122 Y119.493 E0
G1 F938.7 X167.132 Y119.495 E0
G1 F951.4 X167.142 Y119.496 E0
G1 F960 X167.167 Y119.498 E0.00001
G1 F968.8 X167.184 Y119.499 E0
G1 F973.3 X167.201 Y119.5 E0
G1 F977.8 X167.218 Y119.5 E0
G1 F986.9 X167.235 Y119.501 E0
G1 F991.5 X167.252 Y119.502 E0
G1 F1000.9 X167.269 Y119.502 E0
G1 F1005.7 X167.281 Y119.503 E0
G1 X167.291 Y119.503 E0
G1 F1010.5 X167.301 Y119.503 E0
G1 X167.311 Y119.503 E0
G1 F1015.4 X167.321 Y119.504 E0
G1 X167.331 Y119.504 E0
G1 F1020.3 X167.341 Y119.504 E0
G1 X167.351 Y119.504 E0
G1 F1025.2 X167.361 Y119.504 E0
G1 X167.371 Y119.505 E0
G1 F1030.2 X167.381 Y119.505 E0
G1 X167.391 Y119.505 E0
G1 F1035.3 X167.401 Y119.505 E0
G1 X167.411 Y119.505 E0
G1 F1040.4 X167.421 Y119.506 E0
G1 X167.431 Y119.506 E0
G1 F1045.5 X167.441 Y119.506 E0
G1 X167.451 Y119.506 E0
G1 F1050.7 X167.461 Y119.507 E0
G1 X167.471 Y119.507 E0
G1 F1056 X167.481 Y119.507 E0
G1 X167.491 Y119.507 E0
G1 F1061.3 X167.501 Y119.507 E0
G1 X167.511 Y119.508 E0
G1 F1066.7 X167.521 Y119.508 E0
G1 X167.531 Y119.508 E0
G1 F1072.1 X167.541 Y119.508 E0
G1 X167.551 Y119.508 E0
G1 F1077.6 X167.561 Y119.509 E0
G1 X167.571 Y119.509 E0
G1 F1083.1 X167.581 Y119.509 E0
G1 X167.591 Y119.509 E0
G1 F1088.7 X167.601 Y119.51 E0
G1 X167.611 Y119.51 E0
G1 F1094.3 X167.621 Y119.51 E0
G1 X167.631 Y119.51 E0
G1 F1100 X167.641 Y119.51 E0
G1 X167.651 Y119.511 E0
G1 F1105.8 X167.661 Y119.511 E0
G1 X167.671 Y119.511 E0
G1 F1111.6 X167.681 Y119.511 E0
G1 X167.691 Y119.511 E0
G1 F1117.5 X167.701 Y119.512 E0
G1 X167.711 Y119.512 E0
G1 F1123.4 X167.721 Y119.512 E0
G1 X167.731 Y119.512 E0
G1 F1129.4 X167.81 Y119.513 E0.00002
G1 F1135.5 X167.882 Y119.514 E0.00002
G1 X167.976 Y119.515 E0.00002
G1 X168.031 Y119.515 E0.00001
G1 F1129.4 X168.086 Y119.514 E0.00001
G1 X168.141 Y119.514 E0.00001
G1 F1123.4 X168.196 Y119.513 E0.00001
G1 F1117.5 X168.235 Y119.513 E0.00001
G1 F1105.8 X168.276 Y119.512 E0.00001
G1 F1100 X168.317 Y119.512 E0.00001
G1 F1094.3 X168.328 Y119.511 E0
G1 X168.338 Y119.511 E0
G1 F1088.7 X168.348 Y119.511 E0
G1 F1083.1 X168.358 Y119.51 E0
G1 X168.368 Y119.51 E0
G1 F1077.6 X168.378 Y119.51 E0
G1 F1072.1 X168.388 Y119.509 E0
G1 X168.398 Y119.509 E0
G1 F1066.7 X168.408 Y119.509 E0
G1 X168.418 Y119.509 E0
G1 F1061.3 X168.428 Y119.508 E0
G1 F1056 X168.438 Y119.508 E0
G1 X168.448 Y119.508 E0
G1 F1050.7 X168.458 Y119.507 E0
G1 F1045.5 X168.468 Y119.507 E0
G1 X168.478 Y119.507 E0
G1 F1040.4 X168.488 Y119.506 E0
G1 X168.498 Y119.506 E0
G1 F1035.3 X168.508 Y119.506 E0
G1 F1030.2 X168.518 Y119.506 E0
G1 X168.528 Y119.505 E0
G1 F1025.2 X168.538 Y119.505 E0
G1 X168.548 Y119.505 E0
G1 F1020.3 X168.558 Y119.504 E0
G1 F1015.4 X168.568 Y119.504 E0
G1 X168.578 Y119.504 E0
G1 F1010.5 X168.588 Y119.504 E0
G1 F1005.7 X168.598 Y119.503 E0
G1 X168.608 Y119.503 E0
G1 F1000.9 X168.618 Y119.503 E0
G1 X168.628 Y119.502 E0
G1 F996.2 X168.638 Y119.502 E0
G1 F991.5 X168.648 Y119.502 E0
G1 X168.658 Y119.501 E0
G1 F986.9 X168.668 Y119.501 E0
G1 F982.3 X168.678 Y119.501 E0
G1 X168.688 Y119.501 E0
G1 F968.8 X168.699 Y119.498 E0
G1 F951.4 X168.709 Y119.496 E0
G1 F930.4 X168.719 Y119.494 E0
G1 F910.3 X168.728 Y119.491 E0
G1 F894.9 X168.738 Y119.489 E0
G1 F876.3 X168.748 Y119.487 E0
G1 F862 X168.758 Y119.485 E0
G1 F844.8 X168.767 Y119.482 E0
G1 F828.2 X168.777 Y119.48 E0
G1 F815.4 X168.787 Y119.478 E0
G1 F800 X168.797 Y119.475 E0
G1 F788.1 X168.806 Y119.473 E0
G1 F773.6 X168.816 Y119.471 E0
G1 F759.7 X168.826 Y119.469 E0
G1 F748.9 X168.836 Y119.466 E0
G1 F735.9 X168.845 Y119.464 E0
G1 F725.8 X168.855 Y119.462 E0
G1 F713.5 X168.865 Y119.46 E0
G1 F701.7 X168.874 Y119.457 E0
G1 F692.5 X168.884 Y119.455 E0
G1 F681.3 X168.894 Y119.453 E0
G1 F672.6 X168.904 Y119.45 E0
G1 F662.1 X168.913 Y119.448 E0
G1 F653.9 X168.923 Y119.446 E0
G1 F643.9 X168.933 Y119.444 E0
G1 F634.2 X168.943 Y119.441 E0
G1 F626.7 X168.952 Y119.439 E0
G1 F617.5 X168.962 Y119.437 E0
G1 F610.4 X168.972 Y119.435 E0
G1 F601.7 X168.982 Y119.432 E0
G1 F593.3 X168.991 Y119.43 E0
G1 F586.7 X169.001 Y119.428 E0
G1 F578.6 X169.011 Y119.425 E0
G1 F572.4 X169.021 Y119.423 E0
G1 F564.7 X169.03 Y119.421 E0
G1 F557.3 X169.04 Y119.419 E0
G1 F551.4 X169.05 Y119.416 E0
G1 F547.2 X169.072 Y119.414 E0.00001
G1 F545.7 X169.086 Y119.414 E0.00001
G1 F544.3 X169.1 Y119.413 E0.00001
G1 F542.9 X169.114 Y119.413 E0.00001
G1 X169.128 Y119.413 E0.00001
G1 F541.5 X169.142 Y119.412 E0.00001
G1 F540.2 X169.156 Y119.412 E0.00001
G1 F538.8 X169.17 Y119.411 E0.00001
G1 F537.4 X169.184 Y119.411 E0.00001
G1 F536 X169.198 Y119.411 E0.00001
G1 F534.7 X169.212 Y119.41 E0.00001
G1 F533.3 X169.226 Y119.41 E0.00001
G1 X169.24 Y119.409 E0.00001
G1 F532 X169.254 Y119.409 E0.00001
G1 F530.7 X169.268 Y119.409 E0.00001
G1 F529.3 X169.282 Y119.408 E0.00001
G1 F528 X178.39 Y119.407 E0.00454
G1 F529.3 X178.399 Y119.407 E0
G1 F532 X178.409 Y119.408 E0
G1 F534.7 X178.419 Y119.409 E0
G1 F537.4 X178.429 Y119.41 E0
G1 F540.2 X178.439 Y119.411 E0
G1 F542.9 X178.449 Y119.412 E0
G1 F545.7 X178.459 Y119.413 E0
G1 F548.6 X178.469 Y119.414 E0
G1 F551.4 X178.479 Y119.415 E0
G1 F554.3 X178.489 Y119.416 E0
G1 F557.3 X178.499 Y119.417 E0
G1 F560.2 X178.509 Y119.418 E0
G1 F561.7 X178.519 Y119.419 E0
G1 F564.7 X178.529 Y119.42 E0
G1 F567.7 X178.539 Y119.421 E0
G1 F570.8 X178.549 Y119.422 E0
G1 F573.9 X178.559 Y119.423 E0
G1 F577 X178.569 Y119.424 E0
G1 F580.2 X178.579 Y119.425 E0
G1 F583.4 X178.588 Y119.426 E0
G1 F586.7 X178.598 Y119.427 E0
G1 F589.9 X178.608 Y119.428 E0
G1 F593.3 X178.618 Y119.429 E0
G1 F596.6 X178.628 Y119.43 E0
G1 F598.3 X178.638 Y119.431 E0
G1 F601.7 X178.648 Y119.432 E0
G1 F605.2 X178.658 Y119.433 E0
G1 F608.6 X178.668 Y119.434 E0
G1 F612.2 X178.678 Y119.435 E0
G1 F615.7 X178.688 Y119.436 E0
G1 F619.4 X178.698 Y119.437 E0
G1 F623 X178.708 Y119.438 E0
G1 F626.7 X178.718 Y119.439 E0
G1 F630.4 X178.728 Y119.44 E0
G1 F634.2 X178.738 Y119.441 E0
G1 F636.1 X178.748 Y119.442 E0
G1 F640 X178.758 Y119.443 E0
G1 F643.9 X178.768 Y119.443 E0
G1 F647.9 X178.778 Y119.444 E0
G1 F651.9 X178.787 Y119.445 E0
G1 F655.9 X178.797 Y119.446 E0
G1 F660 X178.807 Y119.447 E0
G1 F664.2 X178.817 Y119.448 E0
G1 F668.4 X178.827 Y119.449 E0
G1 F672.6 X178.837 Y119.45 E0
G1 F676.9 X178.847 Y119.451 E0
G1 F681.3 X178.857 Y119.452 E0
G1 F683.5 X178.867 Y119.453 E0
G1 F687.9 X178.877 Y119.454 E0
G1 F692.5 X178.887 Y119.455 E0
G1 F697 X178.897 Y119.456 E0
G1 F701.7 X178.907 Y119.457 E0
G1 F706.4 X178.917 Y119.458 E0
G1 F711.1 X178.927 Y119.459 E0
G1 F715.9 X178.937 Y119.46 E0
G1 F720.8 X178.947 Y119.461 E0
G1 F725.8 X178.957 Y119.462 E0
G1 F730.8 X178.967 Y119.463 E0
G1 F735.9 X178.977 Y119.464 E0
G1 F743.7 X178.992 Y119.467 E0.00001
G1 F754.3 X179.002 Y119.469 E0
G1 F768 X179.012 Y119.471 E0
G1 F782.2 X179.022 Y119.474 E0
G1 F794 X179.031 Y119.476 E0
G1 F809.2 X179.041 Y119.478 E0
G1 F825 X179.051 Y119.48 E0
G1 F838.1 X179.061 Y119.483 E0
G1 F855.1 X179.07 Y119.485 E0
G1 F869.1 X179.08 Y119.487 E0
G1 F887.4 X179.09 Y119.49 E0
G1 F906.4 X179.1 Y119.492 E0
G1 F922.3 X179.109 Y119.494 E0
G1 F942.9 X179.119 Y119.496 E0
G1 F964.4 X179.129 Y119.499 E0
G1 F982.3 X179.139 Y119.501 E0
G1 F996.2 X179.151 Y119.502 E0
G1 X179.161 Y119.502 E0
G1 F1000.9 X179.171 Y119.502 E0
G1 X179.181 Y119.502 E0
G1 F1005.7 X179.191 Y119.503 E0
G1 X179.201 Y119.503 E0
G1 X179.211 Y119.503 E0
G1 F1010.5 X179.221 Y119.503 E0
G1 X179.231 Y119.503 E0
G1 F1015.4 X179.241 Y119.504 E0
G1 X179.251 Y119.504 E0
G1 F1020.3 X179.261 Y119.504 E0
G1 X179.271 Y119.504 E0
G1 F1025.2 X179.281 Y119.505 E0
G1 X179.291 Y119.505 E0
G1 X179.301 Y119.505 E0
G1 F1030.2 X179.311 Y119.505 E0
G1 X179.321 Y119.505 E0
G1 F1035.3 X179.331 Y119.506 E0
G1 X179.341 Y119.506 E0
G1 F1040.4 X179.351 Y119.506 E0
G1 X179.361 Y119.506 E0
G1 F1045.5 X179.371 Y119.506 E0
G1 X179.381 Y119.507 E0
G1 F1050.7 X179.391 Y119.507 E0
G1 X179.401 Y119.507 E0
G1 X179.411 Y119.507 E0
G1 F1056 X179.421 Y119.508 E0
G1 X179.431 Y119.508 E0
G1 F1061.3 X179.441 Y119.508 E0
G1 X179.451 Y119.508 E0
G1 F1066.7 X179.461 Y119.508 E0
G1 X179.471 Y119.509 E0
G1 F1072.1 X179.481 Y119.509 E0
G1 X179.491 Y119.509 E0
G1 X179.501 Y119.509 E0
G1 F1077.6 X179.511 Y119.509 E0
G1 X179.521 Y119.51 E0
G1 F1083.1 X179.531 Y119.51 E0
G1 X179.541 Y119.51 E0
G1 F1088.7 X179.551 Y119.51 E0
G1 X179.561 Y119.511 E0
G1 F1094.3 X179.571 Y119.511 E0
G1 X179.581 Y119.511 E0
G1 F1100 X179.591 Y119.511 E0
G1 X179.601 Y119.511 E0
G1 X179.611 Y119.512 E0
G1 F1105.8 X179.621 Y119.512 E0
G1 X179.631 Y119.512 E0
G1 F1111.6 X179.641 Y119.512 E0
G1 X179.651 Y119.512 E0
G1 F1117.5 X179.661 Y119.513 E0
G1 X179.671 Y119.513 E0
G1 F1123.4 X179.681 Y119.513 E0
G1 X179.691 Y119.513 E0
G1 X179.701 Y119.514 E0
G1 F1129.4 X179.711 Y119.514 E0
G1 X179.721 Y119.514 E0
G1 F1135.5 X179.731 Y119.514 E0
G1 X179.741 Y119.514 E0
G1 X179.864 Y119.515 E0.00003
G1 X179.885 Y119.515 E0
G1 X179.906 Y119.515 E0
G1 F1129.4 X179.927 Y119.515 E0
G1 F1123.4 X179.948 Y119.515 E0
G1 X179.969 Y119.515 E0
G1 F1117.5 X179.99 Y119.514 E0
G1 X180.011 Y119.514 E0
G1 F1111.6 X180.032 Y119.514 E0
G1 F1105.8 X180.053 Y119.514 E0.00001
G1 X180.074 Y119.514 E0.00001
G1 F1100 X180.095 Y119.513 E0.00001
G1 X180.116 Y119.513 E0.00001
G1 F1094.3 X180.137 Y119.513 E0.00001
G1 F1088.7 X180.158 Y119.513 E0.00001
G1 X180.179 Y119.513 E0.00001
G1 F1083.1 X180.213 Y119.511 E0.00001
G1 F1077.6 X180.245 Y119.51 E0.00001
G1 F1066.7 X180.277 Y119.509 E0.00001
G1 F1061.3 X180.309 Y119.508 E0.00001
G1 F1056 X180.32 Y119.508 E0
G1 F1050.7 X180.331 Y119.508 E0
G1 X180.342 Y119.507 E0
G1 F1045.5 X180.353 Y119.507 E0
G1 F1040.4 X180.364 Y119.507 E0
G1 X180.375 Y119.506 E0
G1 F1035.3 X180.386 Y119.506 E0
G1 F1030.2 X180.397 Y119.506 E0
G1 F1025.2 X180.408 Y119.505 E0
G1 X180.419 Y119.505 E0
G1 F1020.3 X180.43 Y119.505 E0
G1 F1015.4 X180.441 Y119.504 E0
G1 F1010.5 X180.452 Y119.504 E0
G1 X180.463 Y119.503 E0
G1 F1005.7 X180.474 Y119.503 E0
G1 F1000.9 X180.485 Y119.503 E0
G1 X180.496 Y119.502 E0
G1 F996.2 X180.507 Y119.502 E0
G1 F991.5 X180.518 Y119.502 E0
G1 F986.9 X180.529 Y119.501 E0
G1 X180.54 Y119.501 E0
G1 F982.3 X180.551 Y119.501 E0
G1 F977.8 X180.562 Y119.5 E0
G1 X180.573 Y119.5 E0
G1 F973.3 X180.584 Y119.499 E0
G1 F960 X180.591 Y119.497 E0
G1 F942.9 X180.601 Y119.495 E0
G1 F922.3 X180.611 Y119.493 E0
G1 F906.4 X180.621 Y119.491 E0
G1 F891.1 X180.63 Y119.489 E0
G1 F872.7 X180.64 Y119.486 E0
G1 F858.5 X180.65 Y119.484 E0
G1 F841.4 X180.66 Y119.482 E0
G1 F828.2 X180.669 Y119.48 E0
G1 F812.3 X180.679 Y119.478 E0
G1 F800 X180.689 Y119.475 E0
G1 F785.1 X180.699 Y119.473 E0
G1 F773.6 X180.708 Y119.471 E0
G1 F762.5 X180.718 Y119.469 E0
G1 F748.9 X180.728 Y119.467 E0
G1 F738.5 X180.738 Y119.464 E0
G1 F725.8 X180.747 Y119.462 E0
G1 F715.9 X180.757 Y119.46 E0
G1 F704 X180.767 Y119.458 E0
G1 F694.7 X180.777 Y119.456 E0
G1 F683.5 X180.786 Y119.453 E0
G1 F674.8 X180.796 Y119.451 E0
G1 F666.2 X180.806 Y119.449 E0
G1 F655.9 X180.816 Y119.447 E0
G1 F647.9 X180.826 Y119.445 E0
G1 F638.1 X180.836 Y119.442 E0
G1 F630.4 X180.846 Y119.44 E0
G1 F621.2 X180.856 Y119.437 E0
G1 F612.2 X180.865 Y119.435 E0
G1 F605.2 X180.875 Y119.433 E0
G1 F596.6 X180.885 Y119.43 E0
G1 F589.9 X180.895 Y119.428 E0
G1 F581.8 X180.904 Y119.426 E0
G1 F573.9 X180.914 Y119.423 E0
G1 F567.7 X180.924 Y119.421 E0
G1 F560.2 X180.934 Y119.419 E0
G1 F554.3 X180.943 Y119.416 E0
G1 F547.2 X180.953 Y119.414 E0
G1 F540.2 X180.963 Y119.412 E0
G1 F534.7 X180.973 Y119.409 E0.00001
G1 F530.7 X181.075 Y119.408 E0.00005
G1 X181.174 Y119.408 E0.00005
G1 F529.3 X181.273 Y119.408 E0.00005
G1 X181.372 Y119.408 E0.00005
G1 F528 X183.908 Y119.408 E0.00127
G1 X183.908 Y117.756 E0.00082
G1 X181.932 Y118.897 E0.00114
G1 X181.426 Y119.136 E0.00028
G1 X181.33 Y119.171 E0.00005
G1 F529.3 X181.238 Y119.199 E0.00005
G1 X181.146 Y119.228 E0.00005
G1 F530.7 X181.053 Y119.257 E0.00005
G1 X180.961 Y119.286 E0.00005
G1 F534.7 X180.951 Y119.286 E0
G1 F540.2 X180.941 Y119.286 E0
G1 F547.2 X180.931 Y119.286 E0
G1 F554.3 X180.921 Y119.286 E0
G1 F560.2 X180.911 Y119.286 E0
G1 F567.7 X180.901 Y119.286 E0
G1 F573.9 X180.891 Y119.286 E0
G1 F581.8 X180.881 Y119.287 E0
G1 F589.9 X180.871 Y119.287 E0
G1 F596.6 X180.861 Y119.287 E0
G1 F605.2 X180.851 Y119.287 E0
G1 F612.2 X180.841 Y119.287 E0
G1 F621.2 X180.831 Y119.287 E0
G1 F630.4 X180.821 Y119.287 E0
G1 F638.1 X180.811 Y119.287 E0
G1 F647.9 X180.798 Y119.288 E0.00001
G1 F655.9 X180.788 Y119.288 E0
G1 F666.2 X180.778 Y119.288 E0
G1 F676.9 X180.768 Y119.288 E0
G1 F685.7 X180.758 Y119.288 E0
G1 F697 X180.748 Y119.288 E0
G1 F708.7 X180.738 Y119.287 E0
G1 F718.4 X180.728 Y119.287 E0
G1 F730.8 X180.718 Y119.287 E0
G1 F741.1 X180.708 Y119.287 E0
G1 F754.3 X180.698 Y119.287 E0
G1 F768 X180.688 Y119.287 E0
G1 F779.3 X180.678 Y119.286 E0
G1 F794 X180.668 Y119.286 E0
G1 F809.2 X180.658 Y119.286 E0
G1 F821.8 X180.648 Y119.286 E0
G1 F838.1 X180.638 Y119.286 E0
G1 F851.6 X180.628 Y119.286 E0
G1 F869.1 X180.618 Y119.285 E0
G1 F887.4 X180.608 Y119.285 E0
G1 F902.6 X180.598 Y119.285 E0
G1 F922.3 X180.588 Y119.285 E0
G1 F942.9 X180.578 Y119.285 E0
G1 F960 X180.568 Y119.285 E0
G1 F973.3 X180.554 Y119.285 E0
G1 F977.8 X180.543 Y119.286 E0
G1 X180.532 Y119.287 E0
G1 F982.3 X180.521 Y119.288 E0
G1 F986.9 X180.51 Y119.289 E0
G1 F991.5 X180.499 Y119.29 E0
G1 X180.488 Y119.291 E0
G1 F996.2 X180.477 Y119.292 E0
G1 F1000.9 X180.466 Y119.293 E0
G1 F1005.7 X180.455 Y119.294 E0
G1 X180.444 Y119.295 E0
G1 F1010.5 X180.433 Y119.296 E0
G1 F1015.4 X180.422 Y119.298 E0
G1 F1020.3 X180.411 Y119.299 E0
G1 X180.4 Y119.3 E0
G1 F1025.2 X180.389 Y119.301 E0
G1 F1030.2 X180.378 Y119.302 E0
G1 F1035.3 X180.367 Y119.303 E0
G1 X180.356 Y119.304 E0
G1 F1040.4 X180.345 Y119.305 E0
G1 F1045.5 X180.334 Y119.306 E0
G1 F1050.7 X180.323 Y119.307 E0
G1 X180.312 Y119.308 E0
G1 F1056 X180.301 Y119.309 E0
G1 F1061.3 X180.268 Y119.312 E0.00001
G1 F1066.7 X180.236 Y119.314 E0.00001
G1 F1077.6 X180.204 Y119.316 E0.00001
G1 F1083.1 X180.172 Y119.318 E0.00001
G1 F1088.7 X180.15 Y119.318 E0.00001
G1 X180.128 Y119.319 E0.00001
G1 F1094.3 X180.106 Y119.32 E0.00001
G1 F1100 X180.084 Y119.321 E0.00001
G1 X180.062 Y119.321 E0.00001
G1 F1105.8 X180.04 Y119.322 E0.00001
G1 F1111.6 X180.018 Y119.323 E0.00001
G1 X179.996 Y119.324 E0.00001
G1 F1117.5 X179.974 Y119.325 E0.00001
G1 F1123.4 X179.952 Y119.325 E0.00001
G1 X179.93 Y119.326 E0.00001
G1 F1129.4 X179.908 Y119.327 E0.00001
G1 F1135.5 X179.886 Y119.328 E0.00001
G1 X179.864 Y119.329 E0.00001
G1 X179.744 Y119.329 E0.00003
G1 X179.735 Y119.329 E0
G1 X179.725 Y119.328 E0
G1 F1129.4 X179.715 Y119.328 E0
G1 X179.705 Y119.327 E0
G1 F1123.4 X179.695 Y119.326 E0
G1 X179.685 Y119.326 E0
G1 F1117.5 X179.675 Y119.325 E0
G1 X179.665 Y119.324 E0
G1 X179.655 Y119.324 E0
G1 F1111.6 X179.645 Y119.323 E0
G1 X179.635 Y119.322 E0
G1 F1105.8 X179.625 Y119.322 E0
G1 X179.615 Y119.321 E0
G1 F1100 X179.605 Y119.32 E0
G1 X179.595 Y119.32 E0
G1 F1094.3 X179.585 Y119.319 E0
G1 X179.575 Y119.318 E0
G1 F1088.7 X179.565 Y119.318 E0
G1 X179.555 Y119.317 E0
G1 F1083.1 X179.545 Y119.316 E0
G1 X179.535 Y119.316 E0
G1 F1077.6 X179.525 Y119.315 E0
G1 X179.515 Y119.314 E0
G1 X179.505 Y119.314 E0
G1 F1072.1 X179.495 Y119.313 E0
G1 X179.485 Y119.312 E0
G1 F1066.7 X179.475 Y119.312 E0
G1 X179.465 Y119.311 E0
G1 F1061.3 X179.455 Y119.31 E0
G1 X179.445 Y119.31 E0
G1 F1056 X179.435 Y119.309 E0
G1 X179.425 Y119.308 E0
G1 F1050.7 X179.415 Y119.308 E0
G1 X179.405 Y119.307 E0
G1 F1045.5 X179.395 Y119.306 E0
G1 X179.385 Y119.306 E0
G1 X179.375 Y119.305 E0
G1 F1040.4 X179.365 Y119.304 E0
G1 X179.355 Y119.304 E0
G1 F1035.3 X179.345 Y119.303 E0
G1 X179.335 Y119.302 E0
G1 F1030.2 X179.325 Y119.302 E0
G1 X179.315 Y119.301 E0
G1 F1025.2 X179.305 Y119.3 E0
G1 X179.295 Y119.3 E0
G1 F1020.3 X179.285 Y119.299 E0
G1 X179.275 Y119.298 E0
G1 F1015.4 X179.265 Y119.298 E0
G1 X179.255 Y119.297 E0
G1 F1010.5 X179.245 Y119.296 E0
G1 X179.235 Y119.296 E0
G1 X179.225 Y119.295 E0
G1 F1005.7 X179.215 Y119.294 E0
G1 X179.205 Y119.294 E0
G1 F1000.9 X179.195 Y119.293 E0
G1 X179.185 Y119.292 E0
G1 F996.2 X179.175 Y119.292 E0
G1 X179.165 Y119.291 E0
G1 F982.3 X179.149 Y119.29 E0
G1 F964.4 X179.139 Y119.291 E0
G1 F942.9 X179.129 Y119.291 E0
G1 F922.3 X179.119 Y119.292 E0
G1 F906.4 X179.109 Y119.292 E0
G1 F887.4 X179.099 Y119.293 E0
G1 F869.1 X179.089 Y119.293 E0
G1 F855.1 X179.079 Y119.294 E0
G1 F838.1 X179.069 Y119.295 E0
G1 F825 X179.059 Y119.295 E0
G1 F809.2 X179.049 Y119.296 E0
G1 F794 X179.039 Y119.296 E0
G1 F782.2 X179.029 Y119.297 E0
G1 F768 X179.019 Y119.297 E0
G1 F754.3 X179.009 Y119.298 E0
G1 F743.7 X178.999 Y119.298 E0
G1 F735.9 X178.988 Y119.298 E0
G1 F730.8 X178.978 Y119.296 E0
G1 F725.8 X178.968 Y119.295 E0
G1 F720.8 X178.958 Y119.293 E0
G1 F715.9 X178.948 Y119.291 E0
G1 F711.1 X178.938 Y119.29 E0
G1 F706.4 X178.928 Y119.288 E0
G1 F701.7 X178.919 Y119.286 E0
G1 F697 X178.909 Y119.285 E0
G1 F692.5 X178.899 Y119.283 E0
G1 F687.9 X178.889 Y119.281 E0
G1 F683.5 X178.879 Y119.28 E0
G1 F679.1 X178.869 Y119.278 E0
G1 F674.8 X178.859 Y119.277 E0
G1 F670.5 X178.85 Y119.275 E0
G1 F666.2 X178.84 Y119.273 E0
G1 F662.1 X178.83 Y119.272 E0
G1 F657.9 X178.82 Y119.27 E0
G1 F653.9 X178.81 Y119.268 E0
G1 F651.9 X178.8 Y119.267 E0
G1 F647.9 X178.79 Y119.265 E0
G1 F643.9 X178.781 Y119.263 E0
G1 F640 X178.771 Y119.262 E0
G1 F636.1 X178.761 Y119.26 E0
G1 F632.3 X178.751 Y119.259 E0
G1 F628.6 X178.741 Y119.257 E0
G1 F624.9 X178.731 Y119.255 E0
G1 F621.2 X178.721 Y119.254 E0
G1 F617.5 X178.711 Y119.252 E0
G1 F614 X178.702 Y119.25 E0
G1 F610.4 X178.692 Y119.249 E0
G1 F606.9 X178.682 Y119.247 E0
G1 F603.4 X178.672 Y119.245 E0
G1 F600 X178.662 Y119.244 E0
G1 F596.6 X178.652 Y119.242 E0
G1 F593.3 X178.642 Y119.241 E0
G1 F589.9 X178.633 Y119.239 E0
G1 F586.7 X178.623 Y119.237 E0
G1 F583.4 X178.613 Y119.236 E0
G1 F581.8 X178.603 Y119.234 E0
G1 F578.6 X178.593 Y119.232 E0
G1 F575.5 X178.583 Y119.231 E0
G1 F572.4 X178.573 Y119.229 E0
G1 F569.3 X178.564 Y119.227 E0
G1 F566.2 X178.554 Y119.226 E0
G1 F563.2 X178.544 Y119.224 E0
G1 F560.2 X178.534 Y119.223 E0
G1 F557.3 X178.524 Y119.221 E0
G1 F554.3 X178.514 Y119.219 E0
G1 F551.4 X178.504 Y119.218 E0
G1 F548.6 X178.495 Y119.216 E0
G1 F545.7 X178.485 Y119.214 E0
G1 F542.9 X178.475 Y119.213 E0
G1 F540.2 X178.465 Y119.211 E0
G1 F537.4 X178.455 Y119.209 E0
G1 F534.7 X178.445 Y119.208 E0
G1 F532 X178.435 Y119.206 E0.00001
G1 F529.3 X178.425 Y119.204 E0.00001
G1 F528 X178.25 Y119.14 E0.00009
G1 X177.713 Y118.89 E0.0003
G1 X173.886 Y116.684 E0.0022
G1 X170.139 Y118.851 E0.00216
G1 X169.752 Y119.046 E0.00022
G1 X169.251 Y119.235 E0.00027
G1 F529.3 X169.238 Y119.238 E0.00001
G1 F530.7 X169.224 Y119.241 E0.00001
G1 F532 X169.211 Y119.245 E0.00001
G1 F533.3 X169.197 Y119.248 E0.00001
G1 X169.184 Y119.252 E0.00001
G1 F534.7 X169.17 Y119.255 E0.00001
G1 F536 X169.157 Y119.259 E0.00001
G1 F537.4 X169.143 Y119.262 E0.00001
G1 F538.8 X169.13 Y119.266 E0.00001
G1 F540.2 X169.116 Y119.269 E0.00001
G1 F541.5 X169.102 Y119.273 E0.00001
G1 F542.9 X169.089 Y119.276 E0.00001
G1 X169.075 Y119.28 E0.00001
G1 F544.3 X169.062 Y119.283 E0.00001
G1 F545.7 X169.048 Y119.287 E0.00001
G1 F547.2 X169.035 Y119.29 E0.00001
G1 F551.4 X169.031 Y119.289 E0
G1 F558.7 X169.021 Y119.289 E0
G1 F564.7 X169.011 Y119.289 E0
G1 F572.4 X169.001 Y119.289 E0
G1 F580.2 X168.991 Y119.289 E0
G1 F586.7 X168.981 Y119.289 E0
G1 F594.9 X168.971 Y119.289 E0
G1 F603.4 X168.961 Y119.289 E0
G1 F612.2 X168.951 Y119.289 E0
G1 F619.4 X168.941 Y119.289 E0
G1 F628.6 X168.931 Y119.289 E0
G1 F638.1 X168.921 Y119.289 E0
G1 F647.9 X168.911 Y119.289 E0
G1 F655.9 X168.901 Y119.289 E0
G1 F666.2 X168.891 Y119.289 E0
G1 F676.9 X168.881 Y119.289 E0
G1 F685.7 X168.871 Y119.289 E0
G1 F697 X168.861 Y119.289 E0
G1 F708.7 X168.851 Y119.288 E0
G1 F720.8 X168.841 Y119.288 E0
G1 F730.8 X168.831 Y119.288 E0
G1 F743.7 X168.821 Y119.288 E0
G1 F757 X168.811 Y119.288 E0
G1 F768 X168.801 Y119.288 E0
G1 F782.2 X168.791 Y119.288 E0
G1 F797 X168.781 Y119.288 E0
G1 F812.3 X168.771 Y119.288 E0
G1 F825 X168.761 Y119.288 E0
G1 F841.4 X168.751 Y119.288 E0
G1 F858.5 X168.741 Y119.288 E0
G1 F876.3 X168.731 Y119.288 E0
G1 F891.1 X168.721 Y119.288 E0
G1 F910.3 X168.711 Y119.288 E0
G1 F930.4 X168.701 Y119.288 E0
G1 F947.1 X168.691 Y119.288 E0
G1 F968.8 X168.681 Y119.288 E0
G1 F982.3 X168.663 Y119.287 E0
G1 X168.653 Y119.288 E0
G1 F986.9 X168.643 Y119.289 E0
G1 F991.5 X168.633 Y119.29 E0
G1 X168.623 Y119.291 E0
G1 F996.2 X168.613 Y119.292 E0
G1 F1000.9 X168.603 Y119.293 E0
G1 X168.593 Y119.293 E0
G1 F1005.7 X168.583 Y119.294 E0
G1 F1010.5 X168.573 Y119.295 E0
G1 X168.563 Y119.296 E0
G1 F1015.4 X168.553 Y119.297 E0
G1 X168.543 Y119.298 E0
G1 F1020.3 X168.533 Y119.299 E0
G1 F1025.2 X168.523 Y119.299 E0
G1 X168.513 Y119.3 E0
G1 F1030.2 X168.503 Y119.301 E0
G1 F1035.3 X168.493 Y119.302 E0
G1 X168.483 Y119.303 E0
G1 F1040.4 X168.473 Y119.304 E0
G1 F1045.5 X168.463 Y119.305 E0
G1 X168.453 Y119.305 E0
G1 F1050.7 X168.443 Y119.306 E0
G1 F1056 X168.433 Y119.307 E0
G1 X168.423 Y119.308 E0
G1 F1061.3 X168.413 Y119.309 E0
G1 X168.403 Y119.31 E0
G1 F1066.7 X168.393 Y119.311 E0
G1 F1072.1 X168.383 Y119.311 E0
G1 X168.373 Y119.312 E0
G1 F1077.6 X168.363 Y119.313 E0
G1 F1083.1 X168.353 Y119.314 E0
G1 X168.343 Y119.315 E0
G1 F1088.7 X168.333 Y119.316 E0
G1 F1094.3 X168.323 Y119.317 E0
G1 X168.313 Y119.317 E0
G1 F1100 X168.271 Y119.319 E0.00001
G1 F1105.8 X168.23 Y119.321 E0.00001
G1 F1117.5 X168.189 Y119.323 E0.00001
G1 F1123.4 X168.135 Y119.325 E0.00001
G1 F1129.4 X168.082 Y119.326 E0.00001
G1 X168.029 Y119.327 E0.00001
G1 F1135.5 X167.976 Y119.329 E0.00001
G1 X167.884 Y119.329 E0.00002
G1 X167.812 Y119.328 E0.00002
G1 F1129.4 X167.74 Y119.326 E0.00002
G1 F1123.4 X167.731 Y119.326 E0
G1 X167.721 Y119.325 E0
G1 F1117.5 X167.711 Y119.324 E0
G1 X167.701 Y119.324 E0
G1 F1111.6 X167.691 Y119.323 E0
G1 X167.681 Y119.322 E0
G1 F1105.8 X167.671 Y119.321 E0
G1 X167.661 Y119.321 E0
G1 F1100 X167.651 Y119.32 E0
G1 X167.641 Y119.319 E0
G1 F1094.3 X167.631 Y119.318 E0
G1 X167.621 Y119.318 E0
G1 F1088.7 X167.611 Y119.317 E0
G1 X167.601 Y119.316 E0
G1 F1083.1 X167.591 Y119.316 E0
G1 X167.581 Y119.315 E0
G1 F1077.6 X167.571 Y119.314 E0
G1 X167.561 Y119.313 E0
G1 F1072.1 X167.551 Y119.313 E0
G1 X167.541 Y119.312 E0
G1 F1066.7 X167.531 Y119.311 E0
G1 X167.521 Y119.31 E0
G1 F1061.3 X167.511 Y119.31 E0
G1 F1056 X167.501 Y119.309 E0
G1 X167.491 Y119.308 E0
G1 F1050.7 X167.481 Y119.308 E0
G1 X167.471 Y119.307 E0
G1 F1045.5 X167.461 Y119.306 E0
G1 X167.451 Y119.305 E0
G1 F1040.4 X167.441 Y119.305 E0
G1 X167.431 Y119.304 E0
G1 F1035.3 X167.421 Y119.303 E0
G1 X167.411 Y119.302 E0
G1 F1030.2 X167.401 Y119.302 E0
G1 X167.391 Y119.301 E0
G1 F1025.2 X167.381 Y119.3 E0
G1 X167.371 Y119.3 E0
G1 F1020.3 X167.361 Y119.299 E0
G1 X167.351 Y119.298 E0
G1 F1015.4 X167.341 Y119.297 E0
G1 X167.331 Y119.297 E0
G1 F1010.5 X167.321 Y119.296 E0
G1 X167.311 Y119.295 E0
G1 F1005.7 X167.301 Y119.294 E0
G1 X167.291 Y119.294 E0
G1 F1000.9 X167.272 Y119.291 E0.00001
G1 F991.5 X167.255 Y119.289 E0
G1 F986.9 X167.238 Y119.287 E0
G1 F977.8 X167.221 Y119.285 E0
G1 F973.3 X167.204 Y119.283 E0
G1 F968.8 X167.187 Y119.281 E0
G1 F960 X167.17 Y119.279 E0
G1 F951.4 X167.159 Y119.278 E0
G1 F934.5 X167.149 Y119.277 E0
G1 F922.3 X167.139 Y119.276 E0
G1 F910.3 X167.129 Y119.276 E0
G1 F894.9 X167.119 Y119.275 E0
G1 F883.7 X167.109 Y119.274 E0
G1 F872.7 X167.099 Y119.273 E0
G1 F858.5 X167.089 Y119.273 E0
G1 F848.2 X167.079 Y119.272 E0
G1 F834.8 X167.069 Y119.271 E0
G1 F825 X167.059 Y119.27 E0
G1 F815.4 X167.049 Y119.27 E0
G1 F803 X167.039 Y119.269 E0
G1 F794 X167.029 Y119.268 E0
G1 F785.1 X167.019 Y119.267 E0
G1 F773.6 X167.009 Y119.267 E0
G1 F765.2 X166.999 Y119.266 E0
G1 F754.3 X166.989 Y119.265 E0
G1 F746.3 X166.979 Y119.264 E0
G1 F738.5 X166.969 Y119.264 E0
G1 F728.3 X166.959 Y119.263 E0
G1 F720.8 X166.949 Y119.262 E0
G1 F713.5 X166.939 Y119.261 E0
G1 F704 X166.929 Y119.261 E0
G1 F697 X166.919 Y119.26 E0
G1 F687.9 X166.909 Y119.259 E0
G1 F681.3 X166.9 Y119.258 E0
G1 F674.8 X166.89 Y119.258 E0
G1 F666.2 X166.88 Y119.257 E0
G1 F660 X166.87 Y119.256 E0
G1 F651.9 X166.86 Y119.255 E0
G1 F645.9 X166.85 Y119.255 E0
G1 F640 X166.84 Y119.254 E0
G1 F632.3 X166.83 Y119.253 E0
G1 F626.7 X166.82 Y119.252 E0
G1 F621.2 X166.81 Y119.252 E0
G1 F614 X166.8 Y119.251 E0
G1 F608.6 X166.79 Y119.25 E0
G1 F601.7 X166.78 Y119.249 E0
G1 F596.6 X166.77 Y119.249 E0
G1 F591.6 X166.76 Y119.248 E0
G1 F585 X166.75 Y119.247 E0
G1 F580.2 X166.74 Y119.246 E0
G1 F575.5 X166.73 Y119.246 E0
G1 F569.3 X166.72 Y119.245 E0
G1 F564.7 X166.71 Y119.244 E0
G1 F558.7 X166.7 Y119.243 E0
G1 F554.3 X166.69 Y119.243 E0
G1 F550 X166.68 Y119.242 E0
G1 F544.3 X166.67 Y119.241 E0
G1 F540.2 X166.66 Y119.24 E0
G1 F536 X166.65 Y119.24 E0
G1 F530.7 X166.64 Y119.239 E0
G1 F528 X166.456 Y119.179 E0.0001
G1 X165.832 Y118.897 E0.00034
G1 X161.995 Y116.683 E0.00221
G1 X158.227 Y118.863 E0.00217
G1 X157.836 Y119.058 E0.00022
G1 X157.616 Y119.149 E0.00012
G1 F530.7 X157.607 Y119.15 E0
G1 F533.3 X157.597 Y119.152 E0.00001
G1 F536 X157.587 Y119.154 E0.00001
G1 F540.2 X157.577 Y119.155 E0
G1 F542.9 X157.567 Y119.157 E0
G1 F545.7 X157.557 Y119.159 E0
G1 F550 X157.548 Y119.16 E0
G1 F552.9 X157.538 Y119.162 E0
G1 F555.8 X157.528 Y119.164 E0
G1 F560.2 X157.518 Y119.165 E0
G1 F563.2 X157.508 Y119.167 E0
G1 F566.2 X157.498 Y119.169 E0
G1 F570.8 X157.488 Y119.17 E0
G1 F573.9 X157.479 Y119.172 E0
G1 F578.6 X157.469 Y119.174 E0
G1 F581.8 X157.459 Y119.175 E0
G1 F585 X157.449 Y119.177 E0
G1 F589.9 X157.439 Y119.179 E0
G1 F593.3 X157.429 Y119.18 E0
G1 F596.6 X157.419 Y119.182 E0
G1 F601.7 X157.41 Y119.184 E0
G1 F605.2 X157.4 Y119.185 E0
G1 F608.6 X157.39 Y119.187 E0
G1 F614 X157.38 Y119.189 E0
G1 F617.5 X157.37 Y119.19 E0
G1 F621.2 X157.36 Y119.192 E0
G1 F626.7 X157.35 Y119.194 E0
G1 F630.4 X157.341 Y119.195 E0
G1 F634.2 X157.331 Y119.197 E0
G1 F640 X157.321 Y119.199 E0
G1 F643.9 X157.311 Y119.201 E0
G1 F647.9 X157.301 Y119.202 E0
G1 F653.9 X157.291 Y119.204 E0
G1 F657.9 X157.281 Y119.206 E0
G1 F662.1 X157.272 Y119.207 E0
G1 F668.4 X157.262 Y119.209 E0
G1 F672.6 X157.252 Y119.211 E0
G1 F676.9 X157.242 Y119.212 E0
G1 F683.5 X157.232 Y119.214 E0
G1 F687.9 X157.222 Y119.216 E0
G1 F694.7 X157.213 Y119.217 E0
G1 F699.3 X157.203 Y119.219 E0
G1 F704 X157.193 Y119.221 E0
G1 F711.1 X157.183 Y119.222 E0
G1 F715.9 X157.173 Y119.224 E0
G1 F720.8 X157.163 Y119.226 E0
G1 F728.3 X157.153 Y119.227 E0
G1 F733.3 X157.144 Y119.229 E0
G1 F738.5 X157.134 Y119.231 E0
G1 F746.3 X157.124 Y119.232 E0
G1 F751.6 X157.114 Y119.234 E0
G1 F757 X157.104 Y119.236 E0
G1 F765.2 X157.094 Y119.237 E0
G1 F770.8 X157.084 Y119.239 E0
G1 F776.5 X157.075 Y119.241 E0
G1 F785.1 X157.065 Y119.242 E0
G1 F791 X157.055 Y119.244 E0
G1 F797 X157.045 Y119.246 E0
G1 F806.1 X157.035 Y119.247 E0
G1 F812.3 X157.025 Y119.249 E0
G1 F818.6 X157.015 Y119.251 E0
G1 F828.2 X157.006 Y119.253 E0
G1 F834.8 X156.996 Y119.254 E0
G1 F844.8 X156.986 Y119.256 E0
G1 F851.6 X156.976 Y119.258 E0
G1 F858.5 X156.966 Y119.259 E0
G1 F869.1 X156.956 Y119.261 E0
G1 F876.3 X156.946 Y119.263 E0
G1 F883.7 X156.937 Y119.264 E0
G1 F894.9 X156.927 Y119.266 E0
G1 F902.6 X156.917 Y119.268 E0
G1 F910.3 X156.907 Y119.269 E0
G1 F922.3 X156.897 Y119.271 E0
G1 F930.4 X156.887 Y119.273 E0
G1 F938.7 X156.877 Y119.274 E0
G1 F947.1 X156.865 Y119.276 E0
G1 F951.4 X156.853 Y119.277 E0
G1 F955.7 X156.841 Y119.278 E0
G1 F960 X156.829 Y119.279 E0
G1 X156.817 Y119.281 E0
G1 F964.4 X156.805 Y119.282 E0
G1 F968.8 X156.793 Y119.283 E0
G1 F973.3 X156.781 Y119.284 E0
G1 F977.8 X156.769 Y119.286 E0
G1 F982.3 X156.757 Y119.287 E0
G1 F986.9 X156.745 Y119.288 E0
G1 F991.5 X156.733 Y119.289 E0
G1 F996.2 X156.721 Y119.291 E0
G1 X156.709 Y119.292 E0
G1 F1000.9 X156.697 Y119.293 E0
G1 F1005.7 X156.685 Y119.294 E0
G1 F1010.5 X156.673 Y119.295 E0
G1 F1015.4 X156.662 Y119.297 E0
G1 F1020.3 X156.648 Y119.298 E0
G1 F1025.2 X156.632 Y119.299 E0
G1 F1030.2 X156.616 Y119.3 E0
G1 X156.6 Y119.302 E0
G1 F1035.3 X156.584 Y119.303 E0
G1 F1040.4 X156.568 Y119.304 E0
G1 F1045.5 X156.552 Y119.306 E0
G1 F1050.7 X156.536 Y119.307 E0
G1 F1056 X156.52 Y119.308 E0
G1 F1061.3 X156.504 Y119.309 E0
G1 X156.488 Y119.311 E0
G1 F1066.7 X156.472 Y119.312 E0
G1 F1072.1 X156.456 Y119.313 E0
G1 F1077.6 X156.441 Y119.315 E0
G1 F1083.1 X156.422 Y119.315 E0
G1 X156.402 Y119.316 E0
G1 F1088.7 X156.382 Y119.317 E0
G1 X156.362 Y119.318 E0
G1 F1094.3 X156.342 Y119.318 E0
G1 F1100 X156.322 Y119.319 E0
G1 X156.302 Y119.32 E0
G1 F1105.8 X156.282 Y119.321 E0
G1 X156.262 Y119.322 E0
G1 F1111.6 X156.242 Y119.322 E0
G1 X156.222 Y119.323 E0
G1 F1117.5 X156.202 Y119.324 E0
G1 X156.182 Y119.325 E0
G1 F1123.4 X156.162 Y119.325 E0
G1 F1129.4 X156.142 Y119.326 E0
G1 X156.122 Y119.327 E0
G1 F1135.5 X156.102 Y119.328 E0
G1 X156.082 Y119.329 E0
G1 X155.968 Y119.329 E0.00003
G1 X155.959 Y119.329 E0
G1 X155.949 Y119.328 E0
G1 F1129.4 X155.939 Y119.328 E0
G1 X155.929 Y119.327 E0
G1 F1123.4 X155.919 Y119.326 E0
G1 X155.909 Y119.326 E0
G1 X155.899 Y119.325 E0
G1 F1117.5 X155.889 Y119.324 E0
G1 X155.879 Y119.324 E0
G1 F1111.6 X155.869 Y119.323 E0
G1 X155.859 Y119.322 E0
G1 F1105.8 X155.849 Y119.322 E0
G1 X155.839 Y119.321 E0
G1 F1100 X155.829 Y119.321 E0
G1 X155.819 Y119.32 E0
G1 X155.809 Y119.319 E0
G1 F1094.3 X155.799 Y119.319 E0
G1 X155.789 Y119.318 E0
G1 F1088.7 X155.779 Y119.317 E0
G1 X155.769 Y119.317 E0
G1 F1083.1 X155.759 Y119.316 E0
G1 X155.749 Y119.315 E0
G1 F1077.6 X155.739 Y119.315 E0
G1 X155.729 Y119.314 E0
G1 X155.719 Y119.314 E0
G1 F1072.1 X155.709 Y119.313 E0
G1 X155.699 Y119.312 E0
G1 F1066.7 X155.689 Y119.312 E0
G1 X155.679 Y119.311 E0
G1 F1061.3 X155.669 Y119.31 E0
G1 X155.659 Y119.31 E0
G1 F1056 X155.649 Y119.309 E0
G1 X155.639 Y119.308 E0
G1 X155.629 Y119.308 E0
G1 F1050.7 X155.619 Y119.307 E0
G1 X155.609 Y119.306 E0
G1 F1045.5 X155.599 Y119.306 E0
G1 X155.589 Y119.305 E0
G1 F1040.4 X155.579 Y119.305 E0
G1 X155.569 Y119.304 E0
G1 F1035.3 X155.559 Y119.303 E0
G1 X155.549 Y119.303 E0
G1 X155.539 Y119.302 E0
G1 F1030.2 X155.529 Y119.301 E0
G1 X155.519 Y119.301 E0
G1 F1025.2 X155.509 Y119.3 E0
G1 X155.499 Y119.299 E0
G1 F1020.3 X155.489 Y119.299 E0
G1 X155.479 Y119.298 E0
G1 F1015.4 X155.469 Y119.298 E0
G1 X155.459 Y119.297 E0
G1 X155.449 Y119.296 E0
G1 F1010.5 X155.439 Y119.296 E0
G1 X155.429 Y119.295 E0
G1 F1005.7 X155.419 Y119.294 E0
G1 X155.409 Y119.294 E0
G1 F1000.9 X155.387 Y119.291 E0.00001
G1 F991.5 X155.367 Y119.289 E0.00001
G1 F986.9 X155.347 Y119.286 E0.00001
G1 F977.8 X155.327 Y119.284 E0.00001
G1 F973.3 X155.307 Y119.282 E0.00001
G1 F964.4 X155.288 Y119.279 E0.00001
G1 F955.7 X155.28 Y119.279 E0
G1 F938.7 X155.27 Y119.278 E0
G1 F922.3 X155.26 Y119.278 E0
G1 F910.3 X155.25 Y119.277 E0
G1 F894.9 X155.24 Y119.276 E0
G1 F880 X155.23 Y119.276 E0
G1 F869.1 X155.22 Y119.275 E0
G1 F855.1 X155.21 Y119.275 E0
G1 F841.4 X155.2 Y119.274 E0
G1 F831.5 X155.19 Y119.273 E0
G1 F818.6 X155.18 Y119.273 E0
G1 F806.1 X155.17 Y119.272 E0
G1 F797 X155.16 Y119.272 E0
G1 F785.1 X155.15 Y119.271 E0
G1 F773.6 X155.14 Y119.27 E0
G1 F765.2 X155.13 Y119.27 E0
G1 F754.3 X155.12 Y119.269 E0
G1 F743.7 X155.11 Y119.269 E0
G1 F735.9 X155.1 Y119.268 E0
G1 F725.8 X155.09 Y119.267 E0
G1 F715.9 X155.08 Y119.267 E0
G1 F708.7 X155.07 Y119.266 E0
G1 F699.3 X155.06 Y119.266 E0
G1 F690.2 X155.05 Y119.265 E0
G1 F681.3 X155.04 Y119.264 E0
G1 F674.8 X155.03 Y119.264 E0
G1 F666.2 X155.02 Y119.263 E0
G1 F657.9 X155.01 Y119.262 E0
G1 F651.9 X155 Y119.262 E0
G1 F643.9 X154.99 Y119.261 E0
G1 F636.1 X154.98 Y119.261 E0
G1 F630.4 X154.97 Y119.26 E0
G1 F623 X154.96 Y119.259 E0
G1 F615.7 X154.95 Y119.259 E0
G1 F610.4 X154.94 Y119.258 E0
G1 F603.4 X154.93 Y119.258 E0
G1 F596.6 X154.92 Y119.257 E0
G1 F591.6 X154.91 Y119.256 E0
G1 F585 X154.9 Y119.256 E0
G1 F578.6 X154.89 Y119.255 E0
G1 F573.9 X154.88 Y119.255 E0
G1 F567.7 X154.87 Y119.254 E0
G1 F561.7 X154.86 Y119.253 E0
G1 F557.3 X154.85 Y119.253 E0
G1 F551.4 X154.84 Y119.252 E0
G1 F545.7 X154.83 Y119.252 E0
G1 F541.5 X154.82 Y119.251 E0
G1 F536 X154.81 Y119.25 E0
G1 F530.7 X154.8 Y119.25 E0
G1 F528 X154.6 Y119.184 E0.00011
G1 X153.96 Y118.899 E0.00035
G1 X150.111 Y116.683 E0.00222
G1 X146.271 Y118.898 E0.00221
G1 X145.596 Y119.195 E0.00037
G1 X145.369 Y119.266 E0.00012
G1 F532 X145.359 Y119.266 E0
G1 F537.4 X145.349 Y119.266 E0
G1 F542.9 X145.339 Y119.267 E0
G1 F548.6 X145.329 Y119.267 E0
G1 F554.3 X145.319 Y119.267 E0
G1 F560.2 X145.309 Y119.268 E0
G1 F566.2 X145.299 Y119.268 E0
G1 F572.4 X145.289 Y119.269 E0
G1 F578.6 X145.279 Y119.269 E0
G1 F585 X145.269 Y119.269 E0
G1 F591.6 X145.259 Y119.27 E0
G1 F598.3 X145.249 Y119.27 E0
G1 F605.2 X145.239 Y119.271 E0
G1 F612.2 X145.229 Y119.271 E0
G1 F619.4 X145.219 Y119.271 E0
G1 F626.7 X145.209 Y119.272 E0
G1 F634.2 X145.199 Y119.272 E0
G1 F641.9 X145.189 Y119.273 E0
G1 F649.8 X145.179 Y119.273 E0
G1 F657.9 X145.169 Y119.273 E0
G1 F666.2 X145.159 Y119.274 E0
G1 F674.8 X145.149 Y119.274 E0
G1 F683.5 X145.139 Y119.275 E0
G1 F694.7 X145.129 Y119.275 E0
G1 F704 X145.119 Y119.275 E0
G1 F713.5 X145.109 Y119.276 E0
G1 F723.3 X145.099 Y119.276 E0
G1 F733.3 X145.089 Y119.277 E0
G1 F743.7 X145.079 Y119.277 E0
G1 F754.3 X145.069 Y119.277 E0
G1 F765.2 X145.059 Y119.278 E0
G1 F776.5 X145.049 Y119.278 E0
G1 F788.1 X145.039 Y119.279 E0
G1 F800 X145.029 Y119.279 E0
G1 F812.3 X145.019 Y119.279 E0
G1 F825 X145.009 Y119.28 E0
G1 F838.1 X144.999 Y119.28 E0
G1 F851.6 X144.989 Y119.281 E0
G1 F865.6 X144.979 Y119.281 E0
G1 F880 X144.969 Y119.281 E0
G1 F894.9 X144.959 Y119.282 E0
G1 F910.3 X144.949 Y119.282 E0
G1 F926.3 X144.939 Y119.283 E0
G1 F942.9 X144.929 Y119.283 E0
G1 F960 X144.919 Y119.283 E0
G1 F973.3 X144.907 Y119.284 E0
G1 F977.8 X144.897 Y119.285 E0
G1 X144.887 Y119.286 E0
G1 F982.3 X144.877 Y119.287 E0
G1 F986.9 X144.867 Y119.288 E0
G1 X144.857 Y119.289 E0
G1 F991.5 X144.847 Y119.29 E0
G1 F996.2 X144.837 Y119.291 E0
G1 X144.827 Y119.292 E0
G1 F1000.9 X144.817 Y119.293 E0
G1 F1005.7 X144.807 Y119.294 E0
G1 X144.797 Y119.295 E0
G1 F1010.5 X144.787 Y119.296 E0
G1 F1015.4 X144.777 Y119.297 E0
G1 X144.767 Y119.298 E0
G1 F1020.3 X144.757 Y119.298 E0
G1 F1025.2 X144.747 Y119.299 E0
G1 F1030.2 X144.737 Y119.3 E0
G1 X144.727 Y119.301 E0
G1 F1035.3 X144.717 Y119.302 E0
G1 F1040.4 X144.707 Y119.303 E0
G1 X144.697 Y119.304 E0
G1 F1045.5 X144.687 Y119.305 E0
G1 F1050.7 X144.677 Y119.306 E0
G1 X144.667 Y119.307 E0
G1 F1056 X144.657 Y119.308 E0
G1 F1061.3 X144.647 Y119.309 E0
G1 X144.637 Y119.31 E0
G1 F1066.7 X144.627 Y119.311 E0
G1 F1072.1 X144.589 Y119.313 E0.00001
G1 F1077.6 X144.56 Y119.315 E0.00001
G1 F1083.1 X144.531 Y119.317 E0.00001
G1 F1094.3 X144.502 Y119.319 E0.00001
G1 F1100 X144.473 Y119.321 E0.00001
G1 F1105.8 X144.444 Y119.321 E0.00001
G1 X144.413 Y119.322 E0.00001
G1 F1111.6 X144.382 Y119.323 E0.00001
G1 F1117.5 X144.351 Y119.324 E0.00001
G1 X144.32 Y119.325 E0.00001
G1 F1123.4 X144.289 Y119.326 E0.00001
G1 F1129.4 X144.258 Y119.327 E0.00001
G1 X144.227 Y119.328 E0.00001
G1 F1135.5 X144.196 Y119.329 E0.00001
G1 X144.08 Y119.329 E0.00003
G1 X144.071 Y119.329 E0
G1 X144.061 Y119.328 E0
G1 F1129.4 X144.051 Y119.327 E0
G1 X144.041 Y119.327 E0
G1 F1123.4 X144.031 Y119.326 E0
G1 X144.021 Y119.325 E0
G1 F1117.5 X144.011 Y119.324 E0
G1 X144.001 Y119.324 E0
G1 F1111.6 X143.991 Y119.323 E0
G1 X143.981 Y119.322 E0
G1 F1105.8 X143.971 Y119.322 E0
G1 X143.961 Y119.321 E0
G1 F1100 X143.951 Y119.32 E0
G1 X143.941 Y119.319 E0
G1 F1094.3 X143.931 Y119.319 E0
G1 X143.921 Y119.318 E0
G1 F1088.7 X143.911 Y119.317 E0
G1 X143.901 Y119.317 E0
G1 F1083.1 X143.891 Y119.316 E0
G1 X143.881 Y119.315 E0
G1 F1077.6 X143.871 Y119.314 E0
G1 X143.861 Y119.314 E0
G1 F1072.1 X143.851 Y119.313 E0
G1 X143.841 Y119.312 E0
G1 F1066.7 X143.831 Y119.311 E0
G1 X143.821 Y119.311 E0
G1 F1061.3 X143.811 Y119.31 E0
G1 X143.801 Y119.309 E0
G1 F1056 X143.791 Y119.309 E0
G1 X143.781 Y119.308 E0
G1 F1050.7 X143.771 Y119.307 E0
G1 X143.761 Y119.306 E0
G1 F1045.5 X143.752 Y119.306 E0
G1 F1040.4 X143.742 Y119.305 E0
G1 X143.732 Y119.304 E0
G1 F1035.3 X143.722 Y119.304 E0
G1 X143.712 Y119.303 E0
G1 F1030.2 X143.702 Y119.302 E0
G1 X143.692 Y119.301 E0
G1 F1025.2 X143.682 Y119.301 E0
G1 X143.672 Y119.3 E0
G1 F1020.3 X143.662 Y119.299 E0
G1 X143.652 Y119.299 E0
G1 F1015.4 X143.642 Y119.298 E0
G1 X143.632 Y119.297 E0
G1 F1010.5 X143.622 Y119.296 E0
G1 X143.612 Y119.296 E0
G1 F1005.7 X143.602 Y119.295 E0
G1 X143.592 Y119.294 E0
G1 F1000.9 X143.582 Y119.293 E0
G1 X143.572 Y119.293 E0
G1 F996.2 X143.562 Y119.292 E0
G1 X143.552 Y119.291 E0
G1 F991.5 X143.542 Y119.291 E0
G1 X143.532 Y119.29 E0
G1 F986.9 X143.522 Y119.289 E0
G1 X143.512 Y119.288 E0
G1 F982.3 X143.502 Y119.288 E0
G1 X143.492 Y119.287 E0
G1 F977.8 X143.482 Y119.286 E0
G1 X143.472 Y119.286 E0
G1 F973.3 X143.462 Y119.285 E0
G1 X143.452 Y119.284 E0
G1 F968.8 X143.442 Y119.283 E0
G1 X143.432 Y119.283 E0
G1 F955.7 X143.42 Y119.282 E0
G1 F938.7 X143.41 Y119.282 E0
G1 F918.3 X143.4 Y119.282 E0
G1 F898.7 X143.39 Y119.282 E0
G1 F883.7 X143.38 Y119.282 E0
G1 F865.6 X143.37 Y119.283 E0
G1 F848.2 X143.36 Y119.283 E0
G1 F834.8 X143.35 Y119.283 E0
G1 F818.6 X143.34 Y119.283 E0
G1 F806.1 X143.33 Y119.283 E0
G1 F791 X143.32 Y119.283 E0
G1 F776.5 X143.31 Y119.284 E0
G1 F765.2 X143.3 Y119.284 E0
G1 F751.6 X143.29 Y119.284 E0
G1 F738.5 X143.28 Y119.284 E0
G1 F728.3 X143.27 Y119.284 E0
G1 F718.4 X143.254 Y119.284 E0.00001
G1 F713.5 X143.244 Y119.283 E0
G1 F706.4 X143.234 Y119.282 E0
G1 F701.7 X143.224 Y119.28 E0
G1 F694.7 X143.214 Y119.279 E0
G1 F687.9 X143.204 Y119.278 E0
G1 F683.5 X143.194 Y119.276 E0
G1 F676.9 X143.184 Y119.275 E0
G1 F672.6 X143.174 Y119.274 E0
G1 F666.2 X143.164 Y119.272 E0
G1 F662.1 X143.155 Y119.271 E0
G1 F655.9 X143.145 Y119.27 E0
G1 F651.9 X143.135 Y119.269 E0
G1 F645.9 X143.125 Y119.267 E0
G1 F641.9 X143.115 Y119.266 E0
G1 F636.1 X143.105 Y119.265 E0
G1 F630.4 X143.095 Y119.263 E0
G1 F626.7 X143.085 Y119.262 E0
G1 F621.2 X143.075 Y119.261 E0
G1 F617.5 X143.065 Y119.259 E0
G1 F612.2 X143.055 Y119.258 E0
G1 F608.6 X143.046 Y119.257 E0
G1 F603.4 X143.036 Y119.256 E0
G1 F600 X143.026 Y119.254 E0
G1 F594.9 X143.016 Y119.253 E0
G1 F591.6 X143.006 Y119.252 E0
G1 F586.7 X142.996 Y119.25 E0
G1 F581.8 X142.986 Y119.249 E0
G1 F578.6 X142.976 Y119.248 E0
G1 F573.9 X142.966 Y119.246 E0
G1 F570.8 X142.956 Y119.245 E0
G1 F566.2 X142.947 Y119.244 E0
G1 F563.2 X142.937 Y119.243 E0
G1 F558.7 X142.927 Y119.241 E0
G1 F555.8 X142.917 Y119.24 E0
G1 F551.4 X142.907 Y119.239 E0
G1 F548.6 X142.897 Y119.237 E0
G1 F544.3 X142.887 Y119.236 E0
G1 F540.2 X142.877 Y119.235 E0
G1 F537.4 X142.867 Y119.233 E0
G1 F533.3 X142.857 Y119.232 E0
G1 F530.7 X142.847 Y119.231 E0
G1 F528 X142.688 Y119.178 E0.00008
G1 X142.065 Y118.898 E0.00034
G1 X140.087 Y117.757 E0.00114
G0 F24000 X139.687 Y117.065
G1 F528 X139.688 Y119.808 E0.00137
G1 X184.308 Y119.808 E0.02226
G1 X184.308 Y117.064 E0.00137
G1 X181.732 Y118.551 E0.00148
G1 X181.286 Y118.762 E0.00025
G1 X180.865 Y118.899 E0.00022
G1 X180.51 Y118.98 E0.00018
G1 X180.145 Y119.022 E0.00018
G1 X179.744 Y119.036 E0.0002
G1 X179.213 Y118.989 E0.00027
G1 X179.058 Y118.961 E0.00008
G1 X178.562 Y118.828 E0.00026
G1 X178.386 Y118.764 E0.00009
G1 X177.913 Y118.543 E0.00026
G1 X173.886 Y116.222 E0.00232
G1 X169.939 Y118.505 E0.00227
G1 X169.582 Y118.684 E0.0002
G1 X169.14 Y118.851 E0.00024
G1 X168.932 Y118.911 E0.00011
G1 X168.619 Y118.984 E0.00016
G1 X168.293 Y119.022 E0.00016
G1 X167.892 Y119.036 E0.0002
G1 X167.748 Y119.032 E0.00007
G1 X167.338 Y118.992 E0.00021
G1 X167.219 Y118.972 E0.00006
G1 X166.763 Y118.859 E0.00023
G1 X166.582 Y118.799 E0.0001
G1 X166.032 Y118.551 E0.0003
G1 X161.994 Y116.221 E0.00233
G1 X158.027 Y118.517 E0.00229
G1 X157.682 Y118.689 E0.00019
G1 X157.462 Y118.78 E0.00012
G1 X156.822 Y118.968 E0.00033
G1 X156.41 Y119.019 E0.00021
G1 X155.968 Y119.036 E0.00022
G1 X155.457 Y118.993 E0.00026
G1 X155.342 Y118.974 E0.00006
G1 X154.92 Y118.868 E0.00022
G1 X154.724 Y118.804 E0.0001
G1 X154.159 Y118.552 E0.00031
G1 X150.111 Y116.222 E0.00233
G1 X146.071 Y118.551 E0.00233
G1 X145.476 Y118.813 E0.00032
G1 X145.248 Y118.885 E0.00012
G1 X144.862 Y118.98 E0.0002
G1 X144.45 Y119.026 E0.00021
G1 X144.08 Y119.036 E0.00018
G1 X143.491 Y118.979 E0.0003
G1 X143.331 Y118.946 E0.00008
G1 X142.971 Y118.851 E0.00019
G1 X142.815 Y118.798 E0.00008
G1 X142.265 Y118.551 E0.0003
G1 X139.687 Y117.065 E0.00148
G0 F24000 X138.026 Y113.003
G0 X137.968 Y112.646
G0 X137.97 Y107.331
G0 X138.045 Y107.017
G0 X139.689 Y102.929
G1 F528 X141.872 Y101.669 E0.00126
G1 X142.582 Y101.373 E0.00038
G1 X142.854 Y101.313 E0.00014
G1 X143.372 Y101.268 E0.00026
G1 X144.964 Y101.268 E0.00079
G1 X145.754 Y101.373 E0.0004
G1 X146.463 Y101.669 E0.00038
G1 X150.114 Y103.774 E0.0021
G1 X153.754 Y101.67 E0.0021
G1 X154.466 Y101.373 E0.00038
G1 X154.738 Y101.313 E0.00014
G1 X155.256 Y101.268 E0.00026
G1 X156.848 Y101.268 E0.00079
G1 X157.638 Y101.373 E0.0004
G1 X158.348 Y101.669 E0.00038
G1 X161.999 Y103.776 E0.0021
G1 X165.642 Y101.67 E0.0021
G1 X166.354 Y101.373 E0.00038
G1 X166.626 Y101.313 E0.00014
G1 X167.144 Y101.268 E0.00026
G1 X168.736 Y101.268 E0.00079
G1 X169.525 Y101.373 E0.0004
G1 X170.234 Y101.668 E0.00038
G1 X173.89 Y103.775 E0.00211
G1 X177.53 Y101.671 E0.0021
G1 X178.241 Y101.373 E0.00038
G1 X178.514 Y101.313 E0.00014
G1 X179.032 Y101.268 E0.00026
G1 X180.624 Y101.268 E0.00079
G1 X181.414 Y101.373 E0.0004
G1 X182.123 Y101.668 E0.00038
G1 X184.308 Y102.929 E0.00126
G1 X184.308 Y100.188 E0.00137
G1 X139.689 Y100.189 E0.02226
G1 X139.689 Y102.929 E0.00137
G0 F24000 X139.289 Y103.622
G1 F528 X142.072 Y102.016 E0.0016
G1 X142.688 Y101.759 E0.00033
G1 X142.923 Y101.707 E0.00012
G1 X143.372 Y101.668 E0.00022
G1 X144.964 Y101.668 E0.00079
G1 X145.648 Y101.759 E0.00034
G1 X146.263 Y102.015 E0.00033
G1 X150.114 Y104.236 E0.00222
G1 X153.954 Y102.016 E0.00221
G1 X154.571 Y101.759 E0.00033
G1 X154.807 Y101.707 E0.00012
G1 X155.256 Y101.668 E0.00022
G1 X156.848 Y101.668 E0.00079
G1 X157.532 Y101.759 E0.00034
G1 X158.148 Y102.016 E0.00033
G1 X161.999 Y104.238 E0.00222
G1 X165.842 Y102.016 E0.00221
G1 X166.459 Y101.759 E0.00033
G1 X166.695 Y101.707 E0.00012
G1 X167.144 Y101.668 E0.00022
G1 X168.736 Y101.668 E0.00079
G1 X169.42 Y101.759 E0.00034
G1 X170.034 Y102.015 E0.00033
G1 X173.891 Y104.237 E0.00222
G1 X177.73 Y102.017 E0.00221
G1 X178.346 Y101.759 E0.00033
G1 X178.583 Y101.707 E0.00012
G1 X179.032 Y101.668 E0.00022
G1 X180.624 Y101.668 E0.00079
G1 X181.308 Y101.759 E0.00034
G1 X181.923 Y102.015 E0.00033
G1 X184.708 Y103.621 E0.0016
G1 X184.708 Y99.788 E0.00191
G1 X139.289 Y99.789 E0.02266
G1 X139.289 Y103.622 E0.00191
G0 F24000 X138.024 Y107.013
G0 X137.97 Y107.331
G0 X137.968 Y112.646
G0 X138.05 Y112.983
G0 X139.287 Y116.372
G1 F528 X139.288 Y120.208 E0.00191
G1 X184.708 Y120.208 E0.02266
G1 X184.708 Y116.372 E0.00191
G1 X181.532 Y118.204 E0.00183
G1 X181.145 Y118.387 E0.00021
G1 X180.768 Y118.511 E0.0002
G1 X180.441 Y118.586 E0.00017
G1 X180.107 Y118.624 E0.00017
G1 X179.744 Y118.636 E0.00018
G1 X179.284 Y118.595 E0.00023
G1 X179.128 Y118.568 E0.00008
G1 X178.699 Y118.452 E0.00022
G1 X178.523 Y118.388 E0.00009
G1 X178.113 Y118.197 E0.00023
G1 X173.885 Y115.76 E0.00243
G1 X169.738 Y118.158 E0.00239
G1 X169.412 Y118.322 E0.00018
G1 X169.029 Y118.466 E0.0002
G1 X168.821 Y118.527 E0.00011
G1 X168.55 Y118.59 E0.00014
G1 X168.268 Y118.623 E0.00014
G1 X167.903 Y118.636 E0.00018
G1 X167.759 Y118.632 E0.00007
G1 X167.284 Y118.578 E0.00024
G1 X166.889 Y118.479 E0.0002
G1 X166.709 Y118.419 E0.00009
G1 X166.232 Y118.204 E0.00026
G1 X161.994 Y115.759 E0.00244
G1 X157.826 Y118.171 E0.0024
G1 X157.528 Y118.319 E0.00017
G1 X157.308 Y118.411 E0.00012
G1 X156.753 Y118.574 E0.00029
G1 X156.366 Y118.621 E0.00019
G1 X155.968 Y118.636 E0.0002
G1 X155.525 Y118.598 E0.00022
G1 X155.41 Y118.579 E0.00006
G1 X155.044 Y118.488 E0.00019
G1 X154.849 Y118.424 E0.0001
G1 X154.359 Y118.206 E0.00027
G1 X150.111 Y115.76 E0.00245
G1 X145.871 Y118.205 E0.00244
G1 X145.355 Y118.432 E0.00028
G1 X145.128 Y118.503 E0.00012
G1 X144.793 Y118.586 E0.00017
G1 X144.417 Y118.627 E0.00019
G1 X144.08 Y118.636 E0.00017
G1 X143.569 Y118.586 E0.00026
G1 X143.409 Y118.554 E0.00008
G1 X143.097 Y118.471 E0.00016
G1 X142.941 Y118.419 E0.00008
G1 X142.465 Y118.205 E0.00026
G1 X139.287 Y116.372 E0.00183
G0 F24000 X138.887 Y115.68
G1 F528 X138.888 Y120.608 E0.00246
G1 X185.108 Y120.608 E0.02306
G1 X185.108 Y115.68 E0.00246
G1 X181.332 Y117.858 E0.00217
G1 X181.005 Y118.013 E0.00018
G1 X180.67 Y118.123 E0.00018
G1 X180.372 Y118.192 E0.00015
G1 X180.198 Y118.215 E0.00009
G1 X179.744 Y118.236 E0.00023
G1 X179.355 Y118.202 E0.00019
G1 X179.199 Y118.174 E0.00008
G1 X178.836 Y118.076 E0.00019
G1 X178.66 Y118.012 E0.00009
G1 X178.313 Y117.85 E0.00019
G1 X174.065 Y115.402 E0.00245
G1 X173.885 Y115.298 E0.0001
G1 X173.705 Y115.402 E0.0001
G1 X169.538 Y117.812 E0.0024
G1 X169.242 Y117.96 E0.00017
G1 X168.918 Y118.082 E0.00017
G1 X168.71 Y118.143 E0.00011
G1 X168.48 Y118.196 E0.00012
G1 X168.242 Y118.224 E0.00012
G1 X167.914 Y118.236 E0.00016
G1 X167.77 Y118.232 E0.00007
G1 X167.35 Y118.183 E0.00021
G1 X167.016 Y118.1 E0.00017
G1 X166.835 Y118.04 E0.0001
G1 X166.432 Y117.858 E0.00022
G1 X162.176 Y115.402 E0.00245
G1 X161.994 Y115.297 E0.0001
G1 X161.813 Y115.402 E0.0001
G1 X157.626 Y117.824 E0.00241
G1 X157.373 Y117.95 E0.00014
G1 X157.153 Y118.042 E0.00012
G1 X156.684 Y118.18 E0.00024
G1 X156.323 Y118.224 E0.00018
G1 X155.968 Y118.236 E0.00018
G1 X155.593 Y118.204 E0.00019
G1 X155.478 Y118.185 E0.00006
G1 X155.169 Y118.108 E0.00016
G1 X154.973 Y118.044 E0.0001
G1 X154.558 Y117.859 E0.00023
G1 X150.29 Y115.402 E0.00246
G1 X150.111 Y115.299 E0.0001
G1 X149.932 Y115.402 E0.0001
G1 X145.672 Y117.858 E0.00245
G1 X145.235 Y118.05 E0.00024
G1 X145.007 Y118.122 E0.00012
G1 X144.724 Y118.192 E0.00015
G1 X144.383 Y118.229 E0.00017
G1 X144.08 Y118.236 E0.00015
G1 X143.648 Y118.194 E0.00022
G1 X143.488 Y118.162 E0.00008
G1 X143.224 Y118.092 E0.00014
G1 X143.068 Y118.039 E0.00008
G1 X142.664 Y117.858 E0.00022
G1 X138.887 Y115.68 E0.00218
G0 F24000 X138.026 Y113.003
G0 X137.968 Y112.646
G0 X137.97 Y107.331
G0 X138.889 Y104.315
G1 F528 X142.272 Y102.362 E0.00195
G1 X142.793 Y102.145 E0.00028
G1 X142.992 Y102.101 E0.0001
G1 X143.372 Y102.068 E0.00019
G1 X144.964 Y102.068 E0.00079
G1 X145.543 Y102.145 E0.00029
G1 X146.064 Y102.362 E0.00028
G1 X150.114 Y104.697 E0.00233
G1 X154.154 Y102.363 E0.00233
G1 X154.676 Y102.145 E0.00028
G1 X154.876 Y102.101 E0.0001
G1 X155.256 Y102.068 E0.00019
G1 X156.848 Y102.068 E0.00079
G1 X157.427 Y102.145 E0.00029
G1 X157.948 Y102.362 E0.00028
G1 X161.999 Y104.7 E0.00233
G1 X166.042 Y102.363 E0.00233
G1 X166.564 Y102.145 E0.00028
G1 X166.764 Y102.101 E0.0001
G1 X167.144 Y102.068 E0.00019
G1 X168.736 Y102.068 E0.00079
G1 X169.315 Y102.145 E0.00029
G1 X169.835 Y102.361 E0.00028
G1 X173.891 Y104.698 E0.00234
G1 X177.93 Y102.363 E0.00233
G1 X178.452 Y102.145 E0.00028
G1 X178.652 Y102.101 E0.0001
G1 X179.032 Y102.068 E0.00019
G1 X180.624 Y102.068 E0.00079
G1 X181.203 Y102.145 E0.00029
G1 X181.723 Y102.361 E0.00028
G1 X185.108 Y104.313 E0.00195
G1 X185.108 Y99.388 E0.00246
G1 X138.889 Y99.389 E0.02306
G1 X138.889 Y104.315 E0.00246
G0 F24000 X138.489 Y105.008
G1 F528 X142.472 Y102.709 E0.00229
G1 X142.898 Y102.531 E0.00023
G1 X143.061 Y102.495 E0.00008
G1 X143.372 Y102.468 E0.00016
G1 X144.964 Y102.468 E0.00079
G1 X145.438 Y102.531 E0.00024
G1 X145.864 Y102.708 E0.00023
G1 X149.936 Y105.056 E0.00235
G1 X150.109 Y105.17 E0.0001
G1 X150.294 Y105.055 E0.00011
G1 X154.355 Y102.709 E0.00234
G1 X154.782 Y102.531 E0.00023
G1 X154.945 Y102.495 E0.00008
G1 X155.256 Y102.468 E0.00016
G1 X156.848 Y102.468 E0.00079
G1 X157.322 Y102.531 E0.00024
G1 X157.748 Y102.709 E0.00023
G1 X161.904 Y105.106 E0.00239
G1 X161.997 Y105.169 E0.00006
G1 X166.243 Y102.709 E0.00245
G1 X166.67 Y102.531 E0.00023
G1 X166.833 Y102.495 E0.00008
G1 X167.144 Y102.468 E0.00016
G1 X168.736 Y102.468 E0.00079
G1 X169.209 Y102.531 E0.00024
G1 X169.635 Y102.708 E0.00023
G1 X173.782 Y105.098 E0.00239
G1 X173.887 Y105.171 E0.00006
G1 X174.053 Y105.067 E0.0001
G1 X178.13 Y102.709 E0.00235
G1 X178.557 Y102.531 E0.00023
G1 X178.721 Y102.495 E0.00008
G1 X179.032 Y102.468 E0.00016
G1 X180.624 Y102.468 E0.00079
G1 X181.098 Y102.531 E0.00024
G1 X181.524 Y102.708 E0.00023
G1 X185.508 Y105.005 E0.00229
G1 X185.508 Y98.988 E0.003
G1 X138.489 Y98.989 E0.02346
G1 X138.489 Y105.008 E0.003
G0 F24000 X137.97 Y107.331
G0 X137.968 Y112.115
G0 X138.488 Y121.008
G1 F528 X185.508 Y121.008 E0.02346
G1 X185.508 Y115.402 E0.0028
G1 X185.508 Y114.987 E0.00021
G1 X184.788 Y115.402 E0.00041
G1 X181.132 Y117.511 E0.00211
G1 X180.865 Y117.638 E0.00015
G1 X180.573 Y117.735 E0.00015
G1 X180.303 Y117.798 E0.00014
G1 X180.16 Y117.817 E0.00007
G1 X179.744 Y117.836 E0.00021
G1 X179.425 Y117.808 E0.00016
G1 X179.27 Y117.78 E0.00008
G1 X178.972 Y117.7 E0.00015
G1 X178.796 Y117.636 E0.00009
G1 X178.512 Y117.504 E0.00016
G1 X174.866 Y115.402 E0.0021
G1 X173.981 Y114.892 E0.00051
G1 X173.886 Y114.83 E0.00006
G1 X172.899 Y115.402 E0.00057
G1 X169.338 Y117.466 E0.00205
G1 X169.073 Y117.598 E0.00015
G1 X168.807 Y117.698 E0.00014
G1 X168.411 Y117.802 E0.0002
G1 X168.216 Y117.825 E0.0001
G1 X167.926 Y117.836 E0.00014
G1 X167.782 Y117.832 E0.00007
G1 X167.416 Y117.788 E0.00018
G1 X167.142 Y117.72 E0.00014
G1 X166.962 Y117.66 E0.00009
G1 X166.632 Y117.511 E0.00018
G1 X162.977 Y115.402 E0.00211
G1 X162.09 Y114.89 E0.00051
G1 X161.999 Y114.827 E0.00006
G1 X161.007 Y115.402 E0.00057
G1 X157.426 Y117.478 E0.00207
G1 X157.219 Y117.581 E0.00012
G1 X156.999 Y117.673 E0.00012
G1 X156.615 Y117.786 E0.0002
G1 X156.28 Y117.826 E0.00017
G1 X155.968 Y117.836 E0.00016
G1 X155.661 Y117.81 E0.00015
G1 X155.546 Y117.791 E0.00006
G1 X155.293 Y117.728 E0.00013
G1 X155.097 Y117.663 E0.0001
G1 X154.758 Y117.512 E0.00019
G1 X151.095 Y115.402 E0.00211
G1 X150.223 Y114.9 E0.0005
G1 X150.116 Y114.826 E0.00006
G1 X149.93 Y114.941 E0.00011
G1 X149.131 Y115.402 E0.00046
G1 X145.472 Y117.512 E0.00211
G1 X145.115 Y117.669 E0.00019
G1 X144.887 Y117.741 E0.00012
G1 X144.655 Y117.798 E0.00012
G1 X144.35 Y117.83 E0.00015
G1 X144.08 Y117.836 E0.00013
G1 X143.726 Y117.802 E0.00018
G1 X143.35 Y117.712 E0.00019
G1 X143.194 Y117.66 E0.00008
G1 X142.864 Y117.512 E0.00018
G1 X139.206 Y115.402 E0.00211
G1 X138.487 Y114.987 E0.00041
G1 X138.487 Y115.402 E0.00021
G1 X138.488 Y121.008 E0.0028
G0 F24000 X138.088 Y114.196
G1 F528 X138.088 Y114.302 E0.00005
G1 X138.088 Y115.402 E0.00055
G1 X138.088 Y121.408 E0.003
G1 X185.908 Y121.408 E0.02386
G1 X185.908 Y115.402 E0.003
G1 X185.908 Y114.302 E0.00055
G1 X185.908 Y114.193 E0.00005
G1 X185.792 Y114.302 E0.00008
G1 X185.719 Y114.37 E0.00005
G1 X185.46 Y114.553 E0.00016
G1 X184.16 Y115.303 E0.00075
G1 X180.932 Y117.165 E0.00186
G1 X180.724 Y117.264 E0.00011
G1 X180.476 Y117.347 E0.00013
G1 X180.234 Y117.404 E0.00012
G1 X179.995 Y117.43 E0.00012
G1 X179.744 Y117.436 E0.00013
G1 X179.496 Y117.414 E0.00012
G1 X179.34 Y117.386 E0.00008
G1 X179.109 Y117.324 E0.00012
G1 X178.933 Y117.26 E0.00009
G1 X178.712 Y117.157 E0.00012
G1 X175.5 Y115.303 E0.00185
G1 X174.121 Y114.507 E0.00079
G1 X173.886 Y114.322 E0.00015
G1 X173.657 Y114.503 E0.00015
G1 X172.274 Y115.304 E0.0008
G1 X169.137 Y117.12 E0.00181
G1 X168.903 Y117.236 E0.00013
G1 X168.697 Y117.314 E0.00011
G1 X168.342 Y117.408 E0.00018
G1 X168.067 Y117.434 E0.00014
G1 X167.793 Y117.432 E0.00014
G1 X167.482 Y117.394 E0.00016
G1 X167.269 Y117.341 E0.00011
G1 X167.089 Y117.281 E0.00009
G1 X166.832 Y117.165 E0.00014
G1 X163.612 Y115.307 E0.00185
G1 X162.304 Y114.552 E0.00075
G1 X162 Y114.323 E0.00019
G1 X161.794 Y114.484 E0.00013
G1 X160.386 Y115.3 E0.00081
G1 X157.225 Y117.132 E0.00182
G1 X157.065 Y117.212 E0.00009
G1 X156.845 Y117.304 E0.00012
G1 X156.546 Y117.392 E0.00016
G1 X156.236 Y117.428 E0.00016
G1 X155.968 Y117.436 E0.00013
G1 X155.729 Y117.416 E0.00012
G1 X155.417 Y117.347 E0.00016
G1 X155.221 Y117.283 E0.0001
G1 X154.957 Y117.166 E0.00014
G1 X151.726 Y115.306 E0.00186
G1 X150.489 Y114.594 E0.00071
G1 X150.11 Y114.328 E0.00023
G1 X149.873 Y114.509 E0.00015
G1 X148.499 Y115.302 E0.00079
G1 X145.272 Y117.165 E0.00186
G1 X144.994 Y117.287 E0.00015
G1 X144.766 Y117.359 E0.00012
G1 X144.586 Y117.404 E0.00009
G1 X144.317 Y117.432 E0.00013
G1 X144.08 Y117.436 E0.00012
G1 X143.805 Y117.409 E0.00014
G1 X143.477 Y117.333 E0.00017
G1 X143.321 Y117.28 E0.00008
G1 X143.064 Y117.165 E0.00014
G1 X139.839 Y115.306 E0.00186
G1 X138.596 Y114.589 E0.00072
G1 X138.425 Y114.48 E0.0001
G1 X138.199 Y114.304 E0.00014
G1 X138.088 Y114.196 E0.00008
G0 F24000 X137.968 Y112.646
G0 X137.97 Y107.862
G0 X138.088 Y105.806
G1 F528 X138.16 Y105.731 E0.00005
G1 X138.377 Y105.549 E0.00014
G1 X138.575 Y105.419 E0.00012
G1 X142.672 Y103.055 E0.00236
G1 X143.003 Y102.917 E0.00018
G1 X143.13 Y102.889 E0.00006
G1 X143.372 Y102.868 E0.00012
G1 X144.964 Y102.868 E0.00079
G1 X145.333 Y102.917 E0.00019
G1 X145.664 Y103.055 E0.00018
G1 X149.783 Y105.431 E0.00237
G1 X150.031 Y105.606 E0.00015
G1 X150.109 Y105.675 E0.00005
G1 X150.354 Y105.486 E0.00015
G1 X154.555 Y103.055 E0.00242
G1 X154.887 Y102.917 E0.00018
G1 X155.014 Y102.889 E0.00006
G1 X155.256 Y102.868 E0.00012
G1 X156.848 Y102.868 E0.00079
G1 X157.217 Y102.917 E0.00019
G1 X157.548 Y103.055 E0.00018
G1 X161.694 Y105.447 E0.00239
G1 X161.924 Y105.609 E0.00014
G1 X162 Y105.674 E0.00005
G1 X162.106 Y105.583 E0.00007
G1 X162.29 Y105.455 E0.00011
G1 X166.443 Y103.055 E0.00239
G1 X166.775 Y102.917 E0.00018
G1 X166.902 Y102.889 E0.00006
G1 X167.144 Y102.868 E0.00012
G1 X168.736 Y102.868 E0.00079
G1 X169.104 Y102.917 E0.00019
G1 X169.435 Y103.055 E0.00018
G1 X173.571 Y105.438 E0.00238
G1 X173.79 Y105.595 E0.00013
G1 X173.885 Y105.676 E0.00006
G1 X173.979 Y105.594 E0.00006
G1 X174.195 Y105.448 E0.00013
G1 X178.331 Y103.056 E0.00238
G1 X178.662 Y102.917 E0.00018
G1 X178.79 Y102.889 E0.00007
G1 X179.032 Y102.868 E0.00012
G1 X180.624 Y102.868 E0.00079
G1 X180.993 Y102.917 E0.00019
G1 X181.324 Y103.055 E0.00018
G1 X185.403 Y105.406 E0.00235
G1 X185.591 Y105.53 E0.00011
G1 X185.816 Y105.711 E0.00014
G1 X185.908 Y105.802 E0.00006
G1 X185.908 Y98.588 E0.0036
G1 X138.089 Y98.589 E0.02386
G1 X138.088 Y105.806 E0.0036
G0 F24000 X138.092 Y106.448
G1 F528 X138.18 Y106.312 E0.00008
G1 X138.302 Y106.158 E0.0001
G1 X138.447 Y106.01 E0.0001
G1 X138.602 Y105.88 E0.0001
G1 X138.775 Y105.765 E0.0001
G1 X142.872 Y103.401 E0.00236
G1 X143.108 Y103.303 E0.00013
G1 X143.199 Y103.283 E0.00005
G1 X143.372 Y103.268 E0.00009
G1 X144.964 Y103.268 E0.00079
G1 X145.228 Y103.303 E0.00013
G1 X145.464 Y103.401 E0.00013
G1 X149.57 Y105.769 E0.00236
G1 X149.787 Y105.923 E0.00013
G1 X149.987 Y106.108 E0.00014
G1 X150.113 Y106.255 E0.0001
G1 X150.342 Y105.999 E0.00017
G1 X150.574 Y105.82 E0.00015
G1 X154.755 Y103.402 E0.00241
G1 X154.992 Y103.303 E0.00013
G1 X155.083 Y103.283 E0.00005
G1 X155.256 Y103.268 E0.00009
G1 X156.848 Y103.268 E0.00079
G1 X157.112 Y103.303 E0.00013
G1 X157.348 Y103.401 E0.00013
G1 X161.484 Y105.788 E0.00238
G1 X161.682 Y105.927 E0.00012
G1 X161.856 Y106.088 E0.00012
G1 X161.998 Y106.252 E0.00011
G1 X162.1 Y106.132 E0.00008
G1 X162.34 Y105.908 E0.00016
G1 X162.491 Y105.802 E0.00009
G1 X166.643 Y103.402 E0.00239
G1 X166.88 Y103.303 E0.00013
G1 X166.971 Y103.283 E0.00005
G1 X167.144 Y103.268 E0.00009
G1 X168.736 Y103.268 E0.00079
G1 X168.999 Y103.303 E0.00013
G1 X169.236 Y103.401 E0.00013
G1 X173.36 Y105.778 E0.00237
G1 X173.655 Y106.003 E0.00019
G1 X173.786 Y106.135 E0.00009
G1 X173.885 Y106.255 E0.00008
G1 X173.984 Y106.136 E0.00008
G1 X174.222 Y105.912 E0.00016
G1 X174.395 Y105.794 E0.0001
G1 X178.531 Y103.402 E0.00238
G1 X178.768 Y103.303 E0.00013
G1 X178.859 Y103.283 E0.00005
G1 X179.032 Y103.268 E0.00009
G1 X180.624 Y103.268 E0.00079
G1 X180.888 Y103.303 E0.00013
G1 X181.124 Y103.401 E0.00013
G1 X185.204 Y105.753 E0.00235
G1 X185.367 Y105.861 E0.0001
G1 X185.553 Y106.013 E0.00012
G1 X185.717 Y106.182 E0.00012
G1 X185.87 Y106.386 E0.00013
G1 X186.014 Y106.649 E0.00015
G1 X186.095 Y106.859 E0.00011
G1 F530.7 X186.095 Y106.868 E0
G1 F536 X186.096 Y106.878 E0
G1 F541.5 X186.097 Y106.888 E0
G1 F545.7 X186.098 Y106.898 E0
G1 F551.4 X186.099 Y106.908 E0
G1 F555.8 X186.1 Y106.918 E0
G1 F561.7 X186.1 Y106.928 E0
G1 F567.7 X186.101 Y106.938 E0
G1 F572.4 X186.102 Y106.948 E0
G1 F578.6 X186.103 Y106.958 E0
G1 F585 X186.104 Y106.968 E0
G1 F589.9 X186.105 Y106.978 E0
G1 F596.6 X186.105 Y106.988 E0
G1 F601.7 X186.106 Y106.998 E0
G1 F608.6 X186.107 Y107.008 E0
G1 F615.7 X186.108 Y107.018 E0
G1 F621.2 X186.109 Y107.035 E0.00001
G1 F626.7 X186.109 Y107.045 E0
G1 F634.2 X186.109 Y107.055 E0
G1 F640 X186.109 Y107.065 E0
G1 F645.9 X186.109 Y107.075 E0
G1 F653.9 X186.109 Y107.085 E0
G1 F660 X186.109 Y107.095 E0
G1 F666.2 X186.109 Y107.105 E0
G1 F674.8 X186.109 Y107.115 E0
G1 F681.3 X186.109 Y107.125 E0
G1 F687.9 X186.109 Y107.135 E0
G1 F694.7 X186.11 Y107.145 E0
G1 F704 X186.11 Y107.155 E0
G1 F711.1 X186.11 Y107.165 E0
G1 F718.4 X186.11 Y107.175 E0
G1 F728.3 X186.11 Y107.185 E0
G1 F735.9 X186.11 Y107.195 E0
G1 F743.7 X186.11 Y107.205 E0
G1 F754.3 X186.11 Y107.215 E0
G1 F762.5 X186.11 Y107.225 E0
G1 F770.8 X186.11 Y107.235 E0
G1 F782.2 X186.11 Y107.245 E0
G1 F791 X186.11 Y107.255 E0
G1 F797 X186.112 Y107.28 E0.00001
G1 F800 X186.113 Y107.304 E0.00001
G1 F803 X186.115 Y107.328 E0.00001
G1 F806.1 X186.116 Y107.352 E0.00001
G1 F812.3 X186.118 Y107.376 E0.00001
G1 F815.4 X186.119 Y107.4 E0.00001
G1 F818.6 X186.121 Y107.424 E0.00001
G1 X186.121 Y107.52 E0.00003
G1 X186.121 Y107.619 E0.00003
G1 X186.121 Y107.718 E0.00003
G1 X186.121 Y107.817 E0.00003
G1 X186.121 Y107.916 E0.00003
G1 X186.121 Y108.015 E0.00003
G1 X186.121 Y108.114 E0.00003
G1 X186.121 Y108.213 E0.00003
G1 X186.121 Y108.312 E0.00003
G1 X186.121 Y108.411 E0.00003
G1 X186.121 Y108.51 E0.00003
G1 X186.121 Y108.609 E0.00003
G1 X186.121 Y108.708 E0.00003
G1 X186.121 Y108.807 E0.00003
G1 X186.121 Y108.906 E0.00003
G1 X186.121 Y109.005 E0.00003
G1 X186.121 Y109.104 E0.00003
G1 X186.12 Y109.203 E0.00003
G1 X186.12 Y109.302 E0.00003
G1 X186.12 Y109.401 E0.00003
G1 X186.12 Y109.5 E0.00003
G1 X186.12 Y109.599 E0.00003
G1 X186.12 Y109.698 E0.00003
G1 X186.12 Y109.797 E0.00003
G1 X186.12 Y109.896 E0.00003
G1 X186.12 Y109.995 E0.00003
G1 F815.4 X186.12 Y110.094 E0.00003
G1 X186.12 Y110.193 E0.00003
G1 X186.12 Y110.292 E0.00003
G1 X186.12 Y110.391 E0.00003
G1 X186.12 Y110.49 E0.00003
G1 X186.12 Y110.589 E0.00003
G1 X186.12 Y110.688 E0.00003
G1 X186.12 Y110.787 E0.00003
G1 X186.119 Y110.886 E0.00003
G1 X186.119 Y110.985 E0.00003
G1 X186.119 Y111.084 E0.00003
G1 X186.119 Y111.183 E0.00003
G1 X186.119 Y111.282 E0.00003
G1 X186.119 Y111.381 E0.00003
G1 X186.119 Y111.48 E0.00003
G1 X186.119 Y111.579 E0.00003
G1 X186.119 Y111.678 E0.00003
G1 X186.119 Y111.777 E0.00003
G1 X186.119 Y111.876 E0.00003
G1 X186.119 Y111.975 E0.00003
G1 X186.119 Y112.074 E0.00003
G1 X186.119 Y112.173 E0.00003
G1 X186.119 Y112.272 E0.00003
G1 X186.119 Y112.371 E0.00003
G1 X186.119 Y112.47 E0.00003
G1 X186.119 Y112.569 E0.00003
G1 F812.3 X186.117 Y112.621 E0.00002
G1 F809.2 X186.116 Y112.649 E0.00001
G1 F803 X186.114 Y112.677 E0.00001
G1 F800 X186.113 Y112.705 E0.00001
G1 F797 X186.111 Y112.733 E0.00001
G1 F794 X186.11 Y112.746 E0
G1 F791 X186.108 Y112.76 E0
G1 F788.1 X186.107 Y112.774 E0
G1 F785.1 X186.105 Y112.788 E0
G1 F782.2 X186.104 Y112.802 E0
G1 F779.3 X186.102 Y112.816 E0
G1 F773.6 X186.1 Y112.83 E0
G1 F770.8 X186.099 Y112.844 E0
G1 F768 X186.097 Y112.858 E0
G1 F765.2 X186.096 Y112.872 E0
G1 F762.5 X186.094 Y112.886 E0
G1 F759.7 X186.092 Y112.9 E0
G1 F757 X186.091 Y112.914 E0
G1 F751.6 X186.088 Y112.938 E0.00001
G1 F746.3 X186.088 Y112.948 E0
G1 F735.9 X186.087 Y112.958 E0
G1 F728.3 X186.086 Y112.968 E0
G1 F718.4 X186.085 Y112.978 E0
G1 F711.1 X186.084 Y112.988 E0
G1 F704 X186.083 Y112.998 E0
G1 F694.7 X186.083 Y113.008 E0
G1 F687.9 X186.082 Y113.018 E0
G1 F679.1 X186.081 Y113.028 E0
G1 F672.6 X186.08 Y113.038 E0
G1 F664.2 X186.079 Y113.048 E0
G1 F657.9 X186.078 Y113.058 E0
G1 F651.9 X186.078 Y113.068 E0
G1 F643.9 X186.077 Y113.078 E0
G1 F638.1 X186.075 Y113.091 E0.00001
G1 F632.3 X186.073 Y113.101 E0
G1 F626.7 X186.071 Y113.111 E0
G1 F621.2 X186.07 Y113.121 E0
G1 F615.7 X186.068 Y113.131 E0
G1 F608.6 X186.066 Y113.14 E0
G1 F603.4 X186.064 Y113.15 E0
G1 F598.3 X186.063 Y113.16 E0
G1 F593.3 X186.061 Y113.17 E0
G1 F588.3 X186.059 Y113.18 E0
G1 F583.4 X186.057 Y113.19 E0
G1 F578.6 X186.054 Y113.204 E0.00001
G1 F575.5 X186.051 Y113.214 E0
G1 F570.8 X186.049 Y113.223 E0
G1 F566.2 X186.046 Y113.233 E0
G1 F563.2 X186.043 Y113.243 E0
G1 F558.7 X186.041 Y113.252 E0
G1 F555.8 X186.038 Y113.262 E0
G1 F551.4 X186.036 Y113.272 E0
G1 F548.6 X186.033 Y113.281 E0
G1 F544.3 X186.03 Y113.291 E0.00001
G1 F540.2 X186.028 Y113.301 E0
G1 F537.4 X186.025 Y113.31 E0
G1 F533.3 X186.023 Y113.32 E0.00001
G1 F530.7 X186.02 Y113.33 E0.00001
G1 F528 X185.935 Y113.499 E0.00009
G1 X185.849 Y113.641 E0.00008
G1 X185.708 Y113.823 E0.00011
G1 X185.595 Y113.943 E0.00008
G1 X185.475 Y114.053 E0.00008
G1 X185.26 Y114.207 E0.00013
G1 X185.095 Y114.302 E0.00009
G1 X184.053 Y114.903 E0.0006
G1 X180.732 Y116.819 E0.00191
G1 X180.584 Y116.889 E0.00008
G1 X180.379 Y116.959 E0.00011
G1 X180.165 Y117.01 E0.00011
G1 X179.958 Y117.032 E0.0001
G1 X179.744 Y117.036 E0.00011
G1 X179.567 Y117.021 E0.00009
G1 X179.411 Y116.993 E0.00008
G1 X179.246 Y116.948 E0.00009
G1 X179.07 Y116.884 E0.00009
G1 X178.912 Y116.811 E0.00009
G1 X175.608 Y114.904 E0.0019
G1 X174.564 Y114.302 E0.0006
G1 X174.346 Y114.176 E0.00013
G1 X174.199 Y114.064 E0.00009
G1 X173.991 Y113.87 E0.00014
G1 X173.889 Y113.744 E0.00008
G1 X173.783 Y113.867 E0.00008
G1 X173.657 Y113.992 E0.00009
G1 X173.437 Y114.169 E0.00014
G1 X173.207 Y114.302 E0.00013
G1 X172.167 Y114.904 E0.0006
G1 X168.937 Y116.774 E0.00186
G1 X168.733 Y116.874 E0.00011
G1 X168.586 Y116.929 E0.00008
G1 X168.273 Y117.014 E0.00016
G1 X168.041 Y117.034 E0.00012
G1 X167.804 Y117.032 E0.00012
G1 X167.547 Y116.999 E0.00013
G1 X167.395 Y116.961 E0.00008
G1 X167.215 Y116.901 E0.00009
G1 X167.032 Y116.819 E0.0001
G1 X163.72 Y114.908 E0.00191
G1 X162.67 Y114.302 E0.0006
G1 X162.517 Y114.214 E0.00009
G1 X162.303 Y114.057 E0.00013
G1 X162.154 Y113.921 E0.0001
G1 X161.999 Y113.741 E0.00012
G1 X161.828 Y113.939 E0.00013
G1 X161.704 Y114.052 E0.00008
G1 X161.568 Y114.154 E0.00008
G1 X161.313 Y114.302 E0.00015
G1 X160.279 Y114.901 E0.0006
G1 X157.025 Y116.786 E0.00188
G1 X156.69 Y116.935 E0.00018
G1 X156.477 Y116.998 E0.00011
G1 X156.193 Y117.031 E0.00014
G1 X155.968 Y117.036 E0.00011
G1 X155.797 Y117.022 E0.00009
G1 X155.541 Y116.967 E0.00013
G1 X155.345 Y116.903 E0.0001
G1 X155.157 Y116.819 E0.0001
G1 X151.833 Y114.905 E0.00191
G1 X150.786 Y114.302 E0.0006
G1 X150.652 Y114.225 E0.00008
G1 X150.371 Y114.022 E0.00017
G1 X150.269 Y113.921 E0.00007
G1 X150.113 Y113.741 E0.00012
G1 X149.959 Y113.919 E0.00012
G1 X149.855 Y114.017 E0.00007
G1 X149.655 Y114.174 E0.00013
G1 X149.433 Y114.302 E0.00013
G1 X148.392 Y114.903 E0.0006
G1 X145.072 Y116.819 E0.00191
G1 X144.874 Y116.906 E0.00011
G1 X144.517 Y117.01 E0.00019
G1 X144.284 Y117.033 E0.00012
G1 X144.08 Y117.036 E0.0001
G1 X143.883 Y117.017 E0.0001
G1 X143.603 Y116.953 E0.00014
G1 X143.447 Y116.901 E0.00008
G1 X143.264 Y116.819 E0.0001
G1 X139.946 Y114.906 E0.00191
G1 X138.898 Y114.302 E0.0006
G1 X138.796 Y114.243 E0.00006
G1 X138.644 Y114.145 E0.00009
G1 X138.455 Y113.997 E0.00012
G1 X138.278 Y113.815 E0.00013
G1 X138.188 Y113.699 E0.00007
G1 X138.051 Y113.484 E0.00013
G1 X137.991 Y113.368 E0.00007
G1 F529.3 X137.989 Y113.359 E0
G1 F532 X137.986 Y113.349 E0.00001
G1 F534.7 X137.983 Y113.34 E0
G1 F537.4 X137.98 Y113.33 E0.00001
G1 F540.2 X137.977 Y113.321 E0
G1 F542.9 X137.974 Y113.311 E0.00001
G1 F545.7 X137.971 Y113.302 E0
G1 F548.6 X137.968 Y113.292 E0.00001
G1 F551.4 X137.965 Y113.283 E0
G1 F554.3 X137.962 Y113.273 E0
G1 F557.3 X137.96 Y113.263 E0
G1 F560.2 X137.957 Y113.254 E0
G1 F563.2 X137.954 Y113.244 E0
G1 F566.2 X137.951 Y113.235 E0
G1 F569.3 X137.948 Y113.225 E0
G1 F573.9 X137.945 Y113.21 E0.00001
G1 F578.6 X137.943 Y113.199 E0.00001
G1 F583.4 X137.941 Y113.188 E0.00001
G1 F589.9 X137.939 Y113.177 E0
G1 F594.9 X137.937 Y113.166 E0
G1 F600 X137.935 Y113.156 E0
G1 F605.2 X137.933 Y113.145 E0
G1 F610.4 X137.931 Y113.134 E0
G1 F615.7 X137.93 Y113.123 E0
G1 F623 X137.928 Y113.112 E0
G1 F628.6 X137.926 Y113.101 E0
G1 F634.2 X137.924 Y113.091 E0
G1 F640 X137.924 Y113.084 E0
G1 F647.9 X137.923 Y113.074 E0
G1 F653.9 X137.922 Y113.064 E0
G1 F660 X137.921 Y113.054 E0
G1 F668.4 X137.92 Y113.044 E0
G1 F674.8 X137.919 Y113.034 E0
G1 F683.5 X137.919 Y113.024 E0
G1 F690.2 X137.918 Y113.014 E0
G1 F699.3 X137.917 Y113.004 E0
G1 F706.4 X137.916 Y112.994 E0
G1 F713.5 X137.915 Y112.984 E0
G1 F723.3 X137.914 Y112.974 E0
G1 F730.8 X137.914 Y112.964 E0
G1 F741.1 X137.913 Y112.954 E0
G1 F746.3 X137.911 Y112.941 E0
G1 F748.9 X137.91 Y112.93 E0
G1 F751.6 X137.908 Y112.919 E0
G1 F754.3 X137.907 Y112.908 E0
G1 F757 X137.906 Y112.897 E0
G1 X137.904 Y112.886 E0
G1 F759.7 X137.903 Y112.875 E0
G1 F762.5 X137.902 Y112.864 E0
G1 F765.2 X137.9 Y112.853 E0
G1 F768 X137.899 Y112.842 E0
G1 F770.8 X137.898 Y112.832 E0
G1 F773.6 X137.896 Y112.821 E0
G1 F776.5 X137.895 Y112.81 E0
G1 F779.3 X137.894 Y112.799 E0
G1 F782.2 X137.892 Y112.788 E0
G1 F785.1 X137.891 Y112.777 E0
G1 X137.89 Y112.766 E0
G1 F788.1 X137.888 Y112.755 E0
G1 F791 X137.887 Y112.744 E0
G1 F794 X137.886 Y112.733 E0
G1 F797 X137.884 Y112.723 E0
G1 F800 X137.884 Y112.706 E0.00001
G1 F803 X137.882 Y112.68 E0.00001
G1 F806.1 X137.881 Y112.654 E0.00001
G1 F812.3 X137.879 Y112.628 E0.00001
G1 F815.4 X137.877 Y112.602 E0.00001
G1 F818.6 X137.876 Y112.576 E0.00001
G1 X137.875 Y112.475 E0.00003
G1 X137.875 Y112.375 E0.00003
G1 X137.875 Y112.275 E0.00003
G1 X137.875 Y112.175 E0.00003
G1 X137.875 Y112.075 E0.00003
G1 X137.875 Y111.975 E0.00003
G1 X137.875 Y111.875 E0.00003
G1 X137.875 Y111.775 E0.00003
G1 X137.875 Y111.675 E0.00003
G1 X137.875 Y111.575 E0.00003
G1 X137.875 Y111.475 E0.00003
G1 X137.875 Y111.375 E0.00003
G1 X137.875 Y111.275 E0.00003
G1 X137.875 Y111.175 E0.00003
G1 X137.875 Y111.075 E0.00003
G1 X137.875 Y110.975 E0.00003
G1 X137.875 Y110.875 E0.00003
G1 X137.876 Y110.775 E0.00003
G1 X137.876 Y110.675 E0.00003
G1 X137.876 Y110.575 E0.00003
G1 X137.876 Y110.475 E0.00003
G1 X137.876 Y110.375 E0.00003
G1 X137.876 Y110.275 E0.00003
G1 X137.876 Y110.175 E0.00003
G1 X137.876 Y110.075 E0.00003
G1 X137.876 Y109.975 E0.00003
G1 F815.4 X137.876 Y109.875 E0.00003
G1 X137.876 Y109.775 E0.00003
G1 X137.876 Y109.675 E0.00003
G1 X137.876 Y109.575 E0.00003
G1 X137.876 Y109.475 E0.00003
G1 X137.876 Y109.375 E0.00003
G1 X137.876 Y109.275 E0.00003
G1 X137.876 Y109.175 E0.00003
G1 X137.877 Y109.075 E0.00003
G1 X137.877 Y108.975 E0.00003
G1 X137.877 Y108.875 E0.00003
G1 X137.877 Y108.775 E0.00003
G1 X137.877 Y108.675 E0.00003
G1 X137.877 Y108.575 E0.00003
G1 X137.877 Y108.475 E0.00003
G1 X137.877 Y108.375 E0.00003
G1 X137.877 Y108.275 E0.00003
G1 X137.877 Y108.175 E0.00003
G1 X137.877 Y108.075 E0.00003
G1 X137.877 Y107.975 E0.00003
G1 X137.877 Y107.875 E0.00003
G1 X137.877 Y107.775 E0.00003
G1 X137.877 Y107.675 E0.00003
G1 X137.877 Y107.575 E0.00003
G1 X137.877 Y107.475 E0.00003
G1 X137.878 Y107.375 E0.00003
G1 F812.3 X137.879 Y107.371 E0
G1 F809.2 X137.88 Y107.343 E0.00001
G1 F803 X137.882 Y107.315 E0.00001
G1 F800 X137.883 Y107.287 E0.00001
G1 F797 X137.885 Y107.259 E0.00001
G1 F794 X137.886 Y107.246 E0
G1 F791 X137.888 Y107.232 E0
G1 F788.1 X137.889 Y107.218 E0
G1 F785.1 X137.891 Y107.204 E0
G1 F782.2 X137.892 Y107.19 E0
G1 F779.3 X137.894 Y107.176 E0
G1 F773.6 X137.896 Y107.162 E0
G1 F770.8 X137.897 Y107.148 E0
G1 F768 X137.899 Y107.134 E0
G1 F765.2 X137.9 Y107.12 E0
G1 F762.5 X137.902 Y107.106 E0
G1 F759.7 X137.904 Y107.092 E0
G1 F757 X137.905 Y107.078 E0
G1 F751.6 X137.906 Y107.066 E0
G1 F741.1 X137.907 Y107.056 E0
G1 F733.3 X137.908 Y107.046 E0
G1 F723.3 X137.909 Y107.036 E0
G1 F715.9 X137.91 Y107.026 E0
G1 F706.4 X137.911 Y107.016 E0
G1 F699.3 X137.912 Y107.006 E0
G1 F690.2 X137.912 Y106.996 E0
G1 F683.5 X137.913 Y106.986 E0
G1 F674.8 X137.914 Y106.976 E0
G1 F668.4 X137.915 Y106.966 E0
G1 F662.1 X137.916 Y106.956 E0
G1 F653.9 X137.917 Y106.946 E0
G1 F647.9 X137.918 Y106.936 E0
G1 F640 X137.919 Y106.926 E0
G1 F634.2 X137.919 Y106.916 E0
G1 F626.7 X137.92 Y106.906 E0
G1 F621.2 X137.921 Y106.896 E0
G1 F614 X137.922 Y106.886 E0
G1 F608.6 X137.925 Y106.871 E0.00001
G1 F603.4 X137.927 Y106.86 E0
G1 F596.6 X137.929 Y106.849 E0
G1 F591.6 X137.931 Y106.838 E0
G1 F586.7 X137.933 Y106.827 E0.00001
G1 F581.8 X137.935 Y106.817 E0
G1 F575.5 X137.937 Y106.806 E0.00001
G1 F570.8 X137.94 Y106.795 E0.00001
G1 F566.2 X137.942 Y106.784 E0.00001
G1 F561.7 X137.944 Y106.773 E0.00001
G1 F555.8 X137.946 Y106.762 E0.00001
G1 F551.4 X137.948 Y106.752 E0
G1 F548.6 X137.952 Y106.743 E0
G1 F545.7 X137.956 Y106.732 E0.00001
G1 F542.9 X137.96 Y106.72 E0.00001
G1 F541.5 X137.964 Y106.709 E0.00001
G1 F538.8 X137.968 Y106.698 E0.00001
G1 F536 X137.972 Y106.686 E0.00001
G1 F534.7 X137.976 Y106.675 E0.00001
G1 F532 X137.98 Y106.664 E0.00001
G1 F529.3 X137.984 Y106.652 E0.00001
G1 F528 X138.092 Y106.448 E0.00012
G0 F24000 X137.688 Y106.579
G1 F529.3 X137.688 Y106.592 E0.00001
G1 F532 X137.687 Y106.605 E0.00001
G1 F533.3 X137.686 Y106.618 E0.00001
G1 F536 X137.686 Y106.631 E0.00001
G1 F537.4 X137.685 Y106.644 E0.00001
G1 F540.2 X137.684 Y106.657 E0.00001
G1 F541.5 X137.684 Y106.67 E0.00001
G1 F544.3 X137.683 Y106.683 E0.00001
G1 F545.7 X137.682 Y106.696 E0.00001
G1 F548.6 X137.681 Y106.709 E0.00001
G1 F551.4 X137.68 Y106.716 E0
G1 F555.8 X137.678 Y106.726 E0
G1 F560.2 X137.677 Y106.736 E0
G1 F564.7 X137.675 Y106.746 E0
G1 F569.3 X137.673 Y106.756 E0
G1 F573.9 X137.672 Y106.766 E0
G1 F578.6 X137.67 Y106.775 E0
G1 F583.4 X137.669 Y106.785 E0
G1 F588.3 X137.667 Y106.795 E0
G1 F593.3 X137.665 Y106.805 E0
G1 F598.3 X137.664 Y106.815 E0
G1 F603.4 X137.662 Y106.825 E0
G1 F608.6 X137.66 Y106.835 E0
G1 F614 X137.659 Y106.844 E0
G1 F619.4 X137.658 Y106.854 E0
G1 F624.9 X137.656 Y106.864 E0
G1 F630.4 X137.655 Y106.874 E0
G1 F636.1 X137.653 Y106.884 E0
G1 F641.9 X137.652 Y106.894 E0
G1 F647.9 X137.65 Y106.904 E0
G1 F653.9 X137.649 Y106.914 E0
G1 F660 X137.647 Y106.924 E0
G1 F666.2 X137.646 Y106.934 E0
G1 F672.6 X137.645 Y106.944 E0
G1 F679.1 X137.643 Y106.953 E0
G1 F685.7 X137.642 Y106.963 E0
G1 F692.5 X137.64 Y106.973 E0
G1 F699.3 X137.639 Y106.983 E0
G1 F706.4 X137.637 Y106.993 E0
G1 F713.5 X137.636 Y107.003 E0
G1 F720.8 X137.634 Y107.013 E0
G1 F728.3 X137.633 Y107.023 E0
G1 F735.9 X137.632 Y107.033 E0
G1 F743.7 X137.63 Y107.043 E0
G1 F751.6 X137.629 Y107.053 E0
G1 F757 X137.628 Y107.067 E0
G1 F759.7 X137.628 Y107.08 E0
G1 F762.5 X137.627 Y107.093 E0
G1 F765.2 X137.627 Y107.106 E0
G1 F768 X137.626 Y107.119 E0
G1 F770.8 X137.626 Y107.132 E0
G1 F773.6 X137.625 Y107.145 E0
G1 F776.5 X137.625 Y107.158 E0
G1 F779.3 X137.624 Y107.171 E0
G1 F782.2 X137.624 Y107.184 E0
G1 F785.1 X137.623 Y107.197 E0
G1 F788.1 X137.623 Y107.21 E0
G1 F791 X137.622 Y107.223 E0
G1 F794 X137.622 Y107.236 E0
G1 F797 X137.621 Y107.272 E0.00001
G1 F800 X137.62 Y107.304 E0.00001
G1 F803 X137.62 Y107.336 E0.00001
G1 F809.2 X137.619 Y107.368 E0.00001
G1 F812.3 X137.618 Y107.4 E0.00001
G1 F815.4 X137.618 Y107.499 E0.00003
G1 X137.618 Y107.599 E0.00003
G1 X137.618 Y107.699 E0.00003
G1 X137.618 Y107.799 E0.00003
G1 X137.618 Y107.899 E0.00003
G1 X137.618 Y107.999 E0.00003
G1 X137.618 Y108.099 E0.00003
G1 X137.618 Y108.199 E0.00003
G1 X137.618 Y108.299 E0.00003
G1 X137.618 Y108.399 E0.00003
G1 X137.618 Y108.499 E0.00003
G1 X137.618 Y108.599 E0.00003
G1 X137.618 Y108.699 E0.00003
G1 X137.618 Y108.799 E0.00003
G1 X137.618 Y108.899 E0.00003
G1 X137.618 Y108.999 E0.00003
G1 X137.618 Y109.099 E0.00003
G1 X137.618 Y109.199 E0.00003
G1 X137.618 Y109.299 E0.00003
G1 X137.618 Y109.399 E0.00003
G1 X137.618 Y109.499 E0.00003
G1 X137.618 Y109.599 E0.00003
G1 X137.618 Y109.699 E0.00003
G1 X137.618 Y109.799 E0.00003
G1 X137.618 Y109.899 E0.00003
G1 X137.618 Y109.999 E0.00003
G1 F818.6 X137.618 Y110.099 E0.00003
G1 X137.618 Y110.199 E0.00003
G1 X137.618 Y110.299 E0.00003
G1 X137.618 Y110.399 E0.00003
G1 X137.618 Y110.499 E0.00003
G1 X137.618 Y110.599 E0.00003
G1 X137.618 Y110.699 E0.00003
G1 X137.618 Y110.799 E0.00003
G1 X137.618 Y110.899 E0.00003
G1 X137.618 Y110.999 E0.00003
G1 X137.618 Y111.099 E0.00003
G1 X137.618 Y111.199 E0.00003
G1 X137.618 Y111.299 E0.00003
G1 X137.618 Y111.399 E0.00003
G1 X137.618 Y111.499 E0.00003
G1 X137.618 Y111.599 E0.00003
G1 X137.618 Y111.699 E0.00003
G1 X137.618 Y111.799 E0.00003
G1 X137.618 Y111.899 E0.00003
G1 X137.618 Y111.999 E0.00003
G1 X137.618 Y112.099 E0.00003
G1 X137.618 Y112.199 E0.00003
G1 X137.618 Y112.299 E0.00003
G1 X137.618 Y112.399 E0.00003
G1 X137.618 Y112.499 E0.00003
G1 X137.617 Y112.599 E0.00003
G1 X137.617 Y112.601 E0
G1 F815.4 X137.618 Y112.627 E0.00001
G1 F812.3 X137.618 Y112.653 E0.00001
G1 F809.2 X137.619 Y112.679 E0.00001
G1 F806.1 X137.619 Y112.705 E0.00001
G1 F803 X137.62 Y112.731 E0.00001
G1 F800 X137.621 Y112.757 E0.00001
G1 F797 X137.621 Y112.765 E0
G1 F794 X137.621 Y112.776 E0
G1 F791 X137.622 Y112.787 E0
G1 F788.1 X137.622 Y112.798 E0
G1 F785.1 X137.623 Y112.809 E0
G1 X137.623 Y112.82 E0
G1 F782.2 X137.624 Y112.831 E0
G1 F779.3 X137.624 Y112.842 E0
G1 F776.5 X137.625 Y112.853 E0
G1 F773.6 X137.625 Y112.864 E0
G1 F770.8 X137.626 Y112.875 E0
G1 F768 X137.626 Y112.886 E0
G1 F765.2 X137.626 Y112.897 E0
G1 F762.5 X137.627 Y112.908 E0
G1 F759.7 X137.627 Y112.919 E0
G1 X137.628 Y112.93 E0
G1 F757 X137.628 Y112.941 E0
G1 F754.3 X137.629 Y112.952 E0
G1 F751.6 X137.629 Y112.963 E0
G1 F748.9 X137.63 Y112.974 E0
G1 F746.3 X137.629 Y112.975 E0
G1 F741.1 X137.63 Y112.984 E0
G1 F733.3 X137.631 Y112.994 E0
G1 F725.8 X137.633 Y113.004 E0
G1 F718.4 X137.634 Y113.014 E0
G1 F711.1 X137.636 Y113.024 E0
G1 F704 X137.637 Y113.034 E0
G1 F697 X137.639 Y113.044 E0
G1 F690.2 X137.64 Y113.054 E0
G1 F683.5 X137.642 Y113.063 E0
G1 F676.9 X137.643 Y113.073 E0
G1 F670.5 X137.645 Y113.083 E0
G1 F664.2 X137.646 Y113.093 E0
G1 F657.9 X137.648 Y113.103 E0
G1 F651.9 X137.649 Y113.113 E0
G1 F645.9 X137.65 Y113.123 E0
G1 F640 X137.652 Y113.133 E0
G1 F634.2 X137.654 Y113.147 E0.00001
G1 F628.6 X137.656 Y113.158 E0
G1 F623 X137.657 Y113.169 E0
G1 F615.7 X137.659 Y113.18 E0
G1 F610.4 X137.661 Y113.191 E0
G1 F605.2 X137.662 Y113.202 E0
G1 F600 X137.664 Y113.213 E0
G1 F594.9 X137.666 Y113.224 E0
G1 F589.9 X137.667 Y113.235 E0
G1 F583.4 X137.669 Y113.246 E0.00001
G1 F578.6 X137.67 Y113.257 E0.00001
G1 F573.9 X137.672 Y113.267 E0
G1 F570.8 X137.672 Y113.273 E0
G1 F567.7 X137.673 Y113.283 E0
G1 F564.7 X137.674 Y113.293 E0
G1 F561.7 X137.675 Y113.303 E0
G1 F560.2 X137.676 Y113.313 E0
G1 F557.3 X137.677 Y113.323 E0
G1 F554.3 X137.678 Y113.333 E0
G1 F551.4 X137.679 Y113.343 E0
G1 F548.6 X137.68 Y113.353 E0
G1 F547.2 X137.68 Y113.363 E0
G1 F544.3 X137.681 Y113.373 E0
G1 F541.5 X137.682 Y113.383 E0
G1 F538.8 X137.683 Y113.393 E0
G1 F537.4 X137.684 Y113.403 E0
G1 F534.7 X137.685 Y113.413 E0
G1 F532 X137.686 Y113.423 E0
G1 F529.3 X137.687 Y113.433 E0.00001
G1 F528 X137.688 Y114.302 E0.00043
G1 X137.688 Y115.402 E0.00055
G1 X137.688 Y121.808 E0.0032
G1 X186.308 Y121.808 E0.02426
G1 X186.308 Y115.402 E0.0032
G1 X186.308 Y114.302 E0.00055
G1 X186.308 Y113.4 E0.00045
G1 F530.7 X186.309 Y113.391 E0
G1 F533.3 X186.31 Y113.381 E0
G1 F536 X186.311 Y113.371 E0
G1 F538.8 X186.312 Y113.361 E0
G1 F542.9 X186.313 Y113.351 E0
G1 F545.7 X186.314 Y113.341 E0
G1 F548.6 X186.315 Y113.331 E0
G1 F551.4 X186.316 Y113.321 E0
G1 F555.8 X186.317 Y113.311 E0
G1 F558.7 X186.319 Y113.301 E0
G1 F561.7 X186.32 Y113.291 E0
G1 F564.7 X186.321 Y113.281 E0
G1 F569.3 X186.322 Y113.271 E0
G1 F572.4 X186.323 Y113.261 E0
G1 F575.5 X186.324 Y113.251 E0
G1 F578.6 X186.325 Y113.241 E0
G1 F583.4 X186.327 Y113.229 E0.00001
G1 F588.3 X186.328 Y113.219 E0
G1 F593.3 X186.33 Y113.209 E0
G1 F598.3 X186.331 Y113.199 E0
G1 F603.4 X186.333 Y113.189 E0
G1 F608.6 X186.334 Y113.179 E0
G1 F615.7 X186.336 Y113.169 E0
G1 F621.2 X186.337 Y113.159 E0
G1 F626.7 X186.339 Y113.149 E0
G1 F632.3 X186.34 Y113.139 E0
G1 F638.1 X186.342 Y113.129 E0
G1 F643.9 X186.344 Y113.116 E0.00001
G1 F649.8 X186.345 Y113.106 E0
G1 F655.9 X186.347 Y113.096 E0
G1 F662.1 X186.348 Y113.086 E0
G1 F668.4 X186.35 Y113.076 E0
G1 F674.8 X186.351 Y113.066 E0
G1 F681.3 X186.353 Y113.056 E0
G1 F687.9 X186.354 Y113.046 E0
G1 F694.7 X186.356 Y113.037 E0
G1 F701.7 X186.357 Y113.027 E0
G1 F708.7 X186.359 Y113.017 E0
G1 F715.9 X186.36 Y113.007 E0
G1 F723.3 X186.361 Y112.997 E0
G1 F730.8 X186.363 Y112.987 E0
G1 F738.5 X186.364 Y112.977 E0
G1 F746.3 X186.366 Y112.967 E0
G1 F751.6 X186.368 Y112.938 E0.00001
G1 F757 X186.368 Y112.925 E0
G1 F759.7 X186.368 Y112.912 E0
G1 F762.5 X186.369 Y112.899 E0
G1 F765.2 X186.369 Y112.886 E0
G1 F768 X186.37 Y112.873 E0
G1 F770.8 X186.37 Y112.86 E0
G1 F773.6 X186.371 Y112.847 E0
G1 F776.5 X186.371 Y112.834 E0
G1 F779.3 X186.372 Y112.821 E0
G1 F782.2 X186.372 Y112.808 E0
G1 F785.1 X186.373 Y112.795 E0
G1 F788.1 X186.373 Y112.782 E0
G1 F791 X186.374 Y112.769 E0
G1 F794 X186.374 Y112.756 E0
G1 F797 X186.375 Y112.72 E0.00001
G1 F800 X186.376 Y112.688 E0.00001
G1 F803 X186.376 Y112.656 E0.00001
G1 F809.2 X186.377 Y112.624 E0.00001
G1 F812.3 X186.378 Y112.592 E0.00001
G1 F815.4 X186.378 Y112.494 E0.00003
G1 X186.378 Y112.395 E0.00003
G1 X186.378 Y112.296 E0.00003
G1 X186.378 Y112.197 E0.00003
G1 X186.378 Y112.098 E0.00003
G1 X186.378 Y111.999 E0.00003
G1 X186.378 Y111.9 E0.00003
G1 X186.378 Y111.801 E0.00003
G1 X186.378 Y111.702 E0.00003
G1 X186.378 Y111.603 E0.00003
G1 X186.378 Y111.504 E0.00003
G1 X186.378 Y111.405 E0.00003
G1 X186.378 Y111.306 E0.00003
G1 X186.378 Y111.207 E0.00003
G1 X186.378 Y111.108 E0.00003
G1 X186.378 Y111.009 E0.00003
G1 X186.378 Y110.91 E0.00003
G1 X186.378 Y110.811 E0.00003
G1 X186.378 Y110.712 E0.00003
G1 X186.378 Y110.613 E0.00003
G1 X186.378 Y110.514 E0.00003
G1 X186.378 Y110.415 E0.00003
G1 X186.378 Y110.316 E0.00003
G1 X186.378 Y110.217 E0.00003
G1 X186.378 Y110.118 E0.00003
G1 X186.378 Y110.019 E0.00003
G1 F818.6 X186.378 Y109.92 E0.00003
G1 X186.378 Y109.821 E0.00003
G1 X186.378 Y109.722 E0.00003
G1 X186.378 Y109.623 E0.00003
G1 X186.378 Y109.524 E0.00003
G1 X186.378 Y109.425 E0.00003
G1 X186.378 Y109.326 E0.00003
G1 X186.378 Y109.227 E0.00003
G1 X186.378 Y109.128 E0.00003
G1 X186.378 Y109.029 E0.00003
G1 X186.378 Y108.93 E0.00003
G1 X186.378 Y108.831 E0.00003
G1 X186.378 Y108.732 E0.00003
G1 X186.378 Y108.633 E0.00003
G1 X186.378 Y108.534 E0.00003
G1 X186.378 Y108.435 E0.00003
G1 X186.378 Y108.336 E0.00003
G1 X186.378 Y108.237 E0.00003
G1 X186.378 Y108.138 E0.00003
G1 X186.378 Y108.039 E0.00003
G1 X186.378 Y107.94 E0.00003
G1 X186.378 Y107.841 E0.00003
G1 X186.378 Y107.742 E0.00003
G1 X186.378 Y107.643 E0.00003
G1 X186.378 Y107.544 E0.00003
G1 X186.378 Y107.445 E0.00003
G1 X186.379 Y107.397 E0.00002
G1 F815.4 X186.378 Y107.373 E0.00001
G1 F812.3 X186.378 Y107.349 E0.00001
G1 F809.2 X186.377 Y107.325 E0.00001
G1 F806.1 X186.377 Y107.301 E0.00001
G1 F803 X186.376 Y107.277 E0.00001
G1 F800 X186.376 Y107.253 E0.00001
G1 F797 X186.375 Y107.229 E0.00001
G1 F791 X186.374 Y107.224 E0
G1 F782.2 X186.372 Y107.214 E0
G1 F770.8 X186.371 Y107.204 E0
G1 F762.5 X186.369 Y107.194 E0
G1 F754.3 X186.367 Y107.184 E0
G1 F743.7 X186.366 Y107.174 E0
G1 F735.9 X186.364 Y107.164 E0
G1 F728.3 X186.362 Y107.155 E0
G1 F718.4 X186.361 Y107.145 E0
G1 F711.1 X186.359 Y107.135 E0
G1 F704 X186.357 Y107.125 E0
G1 F694.7 X186.356 Y107.115 E0
G1 F687.9 X186.354 Y107.105 E0
G1 F681.3 X186.352 Y107.095 E0
G1 F674.8 X186.351 Y107.085 E0
G1 F666.2 X186.349 Y107.076 E0
G1 F660 X186.348 Y107.066 E0
G1 F653.9 X186.346 Y107.056 E0
G1 F645.9 X186.344 Y107.046 E0
G1 F640 X186.343 Y107.036 E0
G1 F634.2 X186.341 Y107.026 E0
G1 F626.7 X186.339 Y107.016 E0
G1 F621.2 X186.338 Y107.006 E0
G1 F615.7 X186.336 Y106.996 E0
G1 F610.4 X186.334 Y106.986 E0
G1 F603.4 X186.333 Y106.976 E0
G1 F598.3 X186.331 Y106.966 E0
G1 F593.3 X186.33 Y106.956 E0
G1 F588.3 X186.328 Y106.946 E0
G1 F583.4 X186.326 Y106.936 E0
G1 F577 X186.325 Y106.926 E0
G1 F572.4 X186.323 Y106.916 E0
G1 F567.7 X186.322 Y106.907 E0
G1 F563.2 X186.32 Y106.897 E0
G1 F557.3 X186.319 Y106.887 E0
G1 F552.9 X186.317 Y106.877 E0
G1 F548.6 X186.315 Y106.867 E0
G1 F544.3 X186.314 Y106.857 E0
G1 F540.2 X186.312 Y106.847 E0
G1 F534.7 X186.311 Y106.837 E0
G1 F530.7 X186.309 Y106.827 E0.00001
G1 F528 X186.308 Y98.188 E0.00431
G1 X137.689 Y98.189 E0.02426
G1 X137.688 Y106.579 E0.00419
G0 F24000 X138.428 Y106.665
G1 F528 X138.516 Y106.529 E0.00008
G1 X138.589 Y106.437 E0.00006
G1 X138.734 Y106.289 E0.0001
G1 X138.827 Y106.211 E0.00006
G1 X138.975 Y106.112 E0.00009
G1 X143.072 Y103.748 E0.00236
G1 X143.214 Y103.689 E0.00008
G1 X143.372 Y103.668 E0.00008
G1 X144.964 Y103.668 E0.00079
G1 X145.122 Y103.689 E0.00008
G1 X145.264 Y103.748 E0.00008
G1 X149.385 Y106.127 E0.00237
G1 X149.543 Y106.24 E0.0001
G1 X149.773 Y106.467 E0.00016
G1 X149.928 Y106.697 E0.00014
G1 X150.046 Y106.959 E0.00014
G1 F530.7 X150.055 Y106.995 E0.00002
G1 F533.3 X150.065 Y107.032 E0.00002
G1 F537.4 X150.073 Y107.073 E0.00002
G1 F541.5 X150.08 Y107.111 E0.00002
G1 F544.3 X150.087 Y107.149 E0.00002
G1 F547.2 X150.092 Y107.176 E0.00001
G1 F550 X150.098 Y107.204 E0.00001
G1 F554.3 X150.101 Y107.241 E0.00002
G1 F557.3 X150.105 Y107.278 E0.00002
G1 F560.2 X150.108 Y107.316 E0.00002
G1 F563.2 X150.112 Y107.355 E0.00002
G1 X150.114 Y107.316 E0.00002
G1 F560.2 X150.117 Y107.277 E0.00002
G1 F557.3 X150.12 Y107.248 E0.00001
G1 F554.3 X150.124 Y107.219 E0.00001
G1 F552.9 X150.126 Y107.205 E0.00001
G1 F550 X150.131 Y107.177 E0.00001
G1 F547.2 X150.137 Y107.148 E0.00001
G1 F544.3 X150.143 Y107.11 E0.00002
G1 F541.5 X150.15 Y107.072 E0.00002
G1 F537.4 X150.157 Y107.034 E0.00002
G1 F533.3 X150.168 Y106.998 E0.00002
G1 F530.7 X150.179 Y106.962 E0.00002
G1 F528 X150.298 Y106.69 E0.00015
G1 X150.399 Y106.537 E0.00009
G1 X150.616 Y106.291 E0.00016
G1 X150.794 Y106.154 E0.00011
G1 X154.955 Y103.748 E0.0024
G1 X155.098 Y103.689 E0.00008
G1 X155.256 Y103.668 E0.00008
G1 X156.848 Y103.668 E0.00079
G1 X157.006 Y103.689 E0.00008
G1 X157.148 Y103.748 E0.00008
G1 X161.275 Y106.128 E0.00238
G1 X161.475 Y106.275 E0.00012
G1 X161.595 Y106.394 E0.00008
G1 X161.738 Y106.573 E0.00011
G1 X161.864 Y106.793 E0.00013
G1 X161.914 Y106.913 E0.00006
G1 F529.3 X161.925 Y106.945 E0.00002
G1 F532 X161.936 Y106.977 E0.00002
G1 F533.3 X161.939 Y106.988 E0.00001
G1 F534.7 X161.947 Y107.021 E0.00002
G1 F536 X161.956 Y107.054 E0.00002
G1 F538.8 X161.964 Y107.087 E0.00002
G1 F540.2 X161.973 Y107.125 E0.00002
G1 F542.9 X161.981 Y107.163 E0.00002
G1 F545.7 X161.986 Y107.206 E0.00002
G1 F547.2 X161.992 Y107.25 E0.00002
G1 F550 X161.998 Y107.294 E0.00002
G1 X162.005 Y107.251 E0.00002
G1 F547.2 X162.011 Y107.206 E0.00002
G1 F545.7 X162.017 Y107.162 E0.00002
G1 F542.9 X162.024 Y107.125 E0.00002
G1 F540.2 X162.031 Y107.088 E0.00002
G1 F538.8 X162.039 Y107.055 E0.00002
G1 F536 X162.048 Y107.022 E0.00002
G1 F534.7 X162.056 Y106.989 E0.00002
G1 F533.3 X162.06 Y106.975 E0.00001
G1 F530.7 X162.081 Y106.911 E0.00003
G1 F528 X162.192 Y106.679 E0.00013
G1 X162.322 Y106.487 E0.00012
G1 X162.491 Y106.308 E0.00012
G1 X162.653 Y106.172 E0.00011
G1 X166.843 Y103.748 E0.00242
G1 X166.986 Y103.689 E0.00008
G1 X167.144 Y103.668 E0.00008
G1 X168.736 Y103.668 E0.00079
G1 X168.894 Y103.689 E0.00008
G1 X169.036 Y103.748 E0.00008
G1 X173.149 Y106.118 E0.00237
G1 X173.381 Y106.295 E0.00015
G1 X173.559 Y106.487 E0.00013
G1 X173.683 Y106.667 E0.00011
G1 X173.778 Y106.853 E0.0001
G1 F529.3 X173.803 Y106.923 E0.00004
G1 F532 X173.814 Y106.961 E0.00002
G1 F533.3 X173.825 Y106.999 E0.00002
G1 F536 X173.837 Y107.037 E0.00002
G1 F537.4 X173.848 Y107.075 E0.00002
G1 F538.8 X173.852 Y107.087 E0.00001
G1 F540.2 X173.869 Y107.161 E0.00004
G1 F542.9 X173.884 Y107.232 E0.00004
G1 F544.3 X173.885 Y107.25 E0.00001
G1 X173.884 Y107.232 E0.00001
G1 F542.9 X173.895 Y107.161 E0.00003
G1 F541.5 X173.905 Y107.118 E0.00002
G1 F538.8 X173.916 Y107.075 E0.00002
G1 F537.4 X173.928 Y107.038 E0.00002
G1 F536 X173.94 Y107 E0.00002
G1 F533.3 X173.952 Y106.962 E0.00002
G1 F532 X173.965 Y106.924 E0.00002
G1 F529.3 X173.99 Y106.853 E0.00004
G1 F528 X174.088 Y106.664 E0.00011
G1 X174.204 Y106.493 E0.0001
G1 X174.267 Y106.419 E0.00005
G1 X174.464 Y106.23 E0.00014
G1 X174.595 Y106.14 E0.00008
G1 X178.731 Y103.748 E0.00238
G1 X178.873 Y103.689 E0.00008
G1 X179.032 Y103.668 E0.00008
G1 X180.624 Y103.668 E0.00079
G1 X180.782 Y103.689 E0.00008
G1 X180.924 Y103.748 E0.00008
G1 X185.042 Y106.124 E0.00237
G1 X185.198 Y106.235 E0.0001
G1 X185.341 Y106.364 E0.0001
G1 X185.465 Y106.507 E0.00009
G1 X185.597 Y106.707 E0.00012
G1 X185.653 Y106.823 E0.00006
G1 X185.718 Y106.994 E0.00009
G1 X185.744 Y107.09 E0.00005
G1 X185.783 Y107.314 E0.00011
G1 X185.792 Y107.421 E0.00005
G1 X185.782 Y112.683 E0.00263
G1 X185.73 Y112.967 E0.00014
G1 X185.661 Y113.153 E0.0001
G1 X185.526 Y113.406 E0.00014
G1 X185.415 Y113.55 E0.00009
G1 X185.231 Y113.736 E0.00013
G1 X185.06 Y113.86 E0.00011
G1 X180.532 Y116.472 E0.00261
G1 X180.443 Y116.514 E0.00005
G1 X180.282 Y116.571 E0.00009
G1 X180.096 Y116.616 E0.0001
G1 X179.921 Y116.634 E0.00009
G1 X179.744 Y116.636 E0.00009
G1 X179.637 Y116.627 E0.00005
G1 X179.382 Y116.572 E0.00013
G1 X179.112 Y116.464 E0.00015
G1 X174.57 Y113.845 E0.00262
G1 X174.419 Y113.727 E0.0001
G1 X174.281 Y113.594 E0.0001
G1 X174.096 Y113.347 E0.00015
G1 X174.048 Y113.264 E0.00005
G1 X173.96 Y113.067 E0.00011
G1 F529.3 X173.947 Y113.023 E0.00002
G1 F532 X173.942 Y113 E0.00001
G1 F534.7 X173.937 Y112.976 E0.00001
G1 F537.4 X173.932 Y112.953 E0.00001
G1 F540.2 X173.927 Y112.929 E0.00001
G1 F541.5 X173.922 Y112.904 E0.00001
G1 F544.3 X173.917 Y112.878 E0.00001
G1 F547.2 X173.912 Y112.853 E0.00001
G1 F550 X173.906 Y112.827 E0.00001
G1 F551.4 X173.902 Y112.801 E0.00001
G1 F554.3 X173.898 Y112.774 E0.00001
G1 F557.3 X173.894 Y112.747 E0.00001
G1 F560.2 X173.889 Y112.721 E0.00001
G1 F561.7 X173.885 Y112.685 E0.00002
G1 F564.7 X173.886 Y112.656 E0.00001
G1 X173.885 Y112.685 E0.00001
G1 F561.7 X173.879 Y112.721 E0.00002
G1 F560.2 X173.876 Y112.748 E0.00001
G1 F557.3 X173.873 Y112.776 E0.00001
G1 F554.3 X173.87 Y112.804 E0.00001
G1 F551.4 X173.866 Y112.831 E0.00001
G1 F550 X173.862 Y112.854 E0.00001
G1 F547.2 X173.857 Y112.878 E0.00001
G1 F544.3 X173.852 Y112.903 E0.00001
G1 F541.5 X173.847 Y112.927 E0.00001
G1 F540.2 X173.842 Y112.95 E0.00001
G1 F537.4 X173.836 Y112.973 E0.00001
G1 F534.7 X173.83 Y112.996 E0.00001
G1 F532 X173.824 Y113.02 E0.00001
G1 F529.3 X173.809 Y113.068 E0.00003
G1 F528 X173.724 Y113.264 E0.00011
G1 X173.555 Y113.523 E0.00015
G1 X173.388 Y113.696 E0.00012
G1 X173.251 Y113.811 E0.00009
G1 X168.737 Y116.428 E0.0026
G1 X168.475 Y116.545 E0.00014
G1 X168.204 Y116.62 E0.00014
G1 X168.015 Y116.635 E0.00009
G1 X167.815 Y116.632 E0.0001
G1 X167.613 Y116.604 E0.0001
G1 X167.342 Y116.522 E0.00014
G1 X167.232 Y116.472 E0.00006
G1 X162.731 Y113.876 E0.00259
G1 X162.553 Y113.745 E0.00011
G1 X162.383 Y113.582 E0.00012
G1 X162.238 Y113.39 E0.00012
G1 X162.102 Y113.137 E0.00014
G1 F529.3 X162.081 Y113.079 E0.00003
G1 F530.7 X162.059 Y113.021 E0.00003
G1 F533.3 X162.051 Y112.991 E0.00002
G1 F536 X162.043 Y112.96 E0.00002
G1 F540.2 X162.037 Y112.923 E0.00002
G1 F542.9 X162.033 Y112.896 E0.00001
G1 F545.7 X162.028 Y112.869 E0.00001
G1 F548.6 X162.025 Y112.851 E0.00001
G1 F551.4 X162.022 Y112.832 E0.00001
G1 F552.9 X162.019 Y112.813 E0.00001
G1 F554.3 X162.016 Y112.795 E0.00001
G1 F557.3 X162.013 Y112.776 E0.00001
G1 F558.7 X162.01 Y112.757 E0.00001
G1 F561.7 X162.006 Y112.738 E0.00001
G1 F563.2 X162.003 Y112.702 E0.00002
G1 F566.2 X162 Y112.666 E0.00002
G1 X161.996 Y112.703 E0.00002
G1 F563.2 X161.992 Y112.739 E0.00002
G1 F561.7 X161.99 Y112.756 E0.00001
G1 F558.7 X161.987 Y112.775 E0.00001
G1 F557.3 X161.984 Y112.794 E0.00001
G1 F554.3 X161.981 Y112.812 E0.00001
G1 F552.9 X161.978 Y112.831 E0.00001
G1 F551.4 X161.975 Y112.85 E0.00001
G1 F548.6 X161.972 Y112.869 E0.00001
G1 F545.7 X161.967 Y112.894 E0.00001
G1 F542.9 X161.962 Y112.92 E0.00001
G1 F540.2 X161.952 Y112.957 E0.00002
G1 F536 X161.943 Y112.99 E0.00002
G1 F533.3 X161.934 Y113.023 E0.00002
G1 F530.7 X161.915 Y113.08 E0.00003
G1 F529.3 X161.895 Y113.138 E0.00003
G1 F528 X161.769 Y113.378 E0.00014
G1 X161.673 Y113.511 E0.00008
G1 X161.534 Y113.668 E0.0001
G1 X161.343 Y113.824 E0.00012
G1 X156.825 Y116.44 E0.0026
G1 X156.536 Y116.566 E0.00016
G1 X156.408 Y116.604 E0.00007
G1 X156.15 Y116.633 E0.00013
G1 X155.968 Y116.636 E0.00009
G1 X155.865 Y116.628 E0.00005
G1 X155.665 Y116.587 E0.0001
G1 X155.469 Y116.523 E0.0001
G1 X155.356 Y116.472 E0.00006
G1 X150.888 Y113.901 E0.00257
G1 X150.63 Y113.717 E0.00016
G1 X150.422 Y113.489 E0.00015
G1 X150.356 Y113.399 E0.00006
G1 X150.271 Y113.253 E0.00008
G1 X150.189 Y113.07 E0.0001
G1 F529.3 X150.183 Y113.045 E0.00001
G1 F532 X150.176 Y113.02 E0.00001
G1 F533.3 X150.17 Y112.995 E0.00001
G1 F534.7 X150.163 Y112.97 E0.00001
G1 F537.4 X150.156 Y112.944 E0.00001
G1 F540.2 X150.143 Y112.896 E0.00002
G1 F542.9 X150.138 Y112.866 E0.00001
G1 F545.7 X150.132 Y112.836 E0.00001
G1 F548.6 X150.126 Y112.806 E0.00001
G1 F551.4 X150.123 Y112.778 E0.00001
G1 F554.3 X150.12 Y112.749 E0.00001
G1 F557.3 X150.117 Y112.719 E0.00001
G1 F558.7 X150.114 Y112.689 E0.00001
G1 F561.7 X150.11 Y112.66 E0.00001
G1 X150.109 Y112.691 E0.00001
G1 F558.7 X150.108 Y112.721 E0.00001
G1 F557.3 X150.107 Y112.751 E0.00001
G1 F554.3 X150.105 Y112.781 E0.00001
G1 F551.4 X150.104 Y112.806 E0.00001
G1 F548.6 X150.099 Y112.836 E0.00001
G1 F545.7 X150.093 Y112.866 E0.00001
G1 F542.9 X150.087 Y112.896 E0.00001
G1 F540.2 X150.075 Y112.941 E0.00002
G1 F537.4 X150.067 Y112.965 E0.00001
G1 F534.7 X150.059 Y112.99 E0.00001
G1 F533.3 X150.05 Y113.014 E0.00001
G1 F532 X150.042 Y113.039 E0.00001
G1 F529.3 X150.034 Y113.064 E0.00001
G1 F528 X149.993 Y113.17 E0.00006
G1 X149.863 Y113.404 E0.00013
G1 X149.799 Y113.496 E0.00006
G1 X149.664 Y113.649 E0.0001
G1 X149.436 Y113.839 E0.00015
G1 X144.872 Y116.472 E0.00263
G1 X144.753 Y116.525 E0.00006
G1 X144.448 Y116.616 E0.00016
G1 X144.25 Y116.634 E0.0001
G1 X144.08 Y116.636 E0.00008
G1 X143.962 Y116.625 E0.00006
G1 X143.73 Y116.574 E0.00012
G1 X143.574 Y116.522 E0.00008
G1 X143.464 Y116.472 E0.00006
G1 X138.967 Y113.879 E0.00259
G1 X138.863 Y113.811 E0.00006
G1 X138.711 Y113.69 E0.0001
G1 X138.52 Y113.477 E0.00014
G1 X138.406 Y113.3 E0.00011
G1 X138.31 Y113.098 E0.00011
G1 X138.248 Y112.889 E0.00011
G1 X138.212 Y112.677 E0.00011
G1 X138.204 Y112.575 E0.00005
G1 X138.214 Y107.309 E0.00263
G1 X138.242 Y107.126 E0.00009
G1 X138.272 Y107.009 E0.00006
G1 X138.343 Y106.827 E0.0001
G1 X138.428 Y106.665 E0.00009
G0 F24000 X138.181 Y106.498
G0 X137.56 Y98.06
G0 X137.289 Y97.789
G1 F528 X137.288 Y114.342 E0.00826
G1 X137.288 Y115.402 E0.00053
G1 X137.288 Y122.208 E0.0034
G1 X186.708 Y122.208 E0.02466
G1 X186.708 Y115.402 E0.0034
G1 X186.708 Y114.34 E0.00053
G1 X186.708 Y97.788 E0.00826
G1 X137.289 Y97.789 E0.02466
G0 F24000 X137.009 Y97.509
;TYPE:WALL-OUTER
G1 F528 X137.008 Y114.504 E0.00848
G1 X137.008 Y115.402 E0.00045
G1 X137.008 Y122.488 E0.00354
G1 X186.988 Y122.488 E0.02494
G1 X186.988 Y115.402 E0.00354
G1 X186.988 Y114.502 E0.00045
G1 X186.988 Y97.508 E0.00848
G1 X137.009 Y97.509 E0.02493
G0 F24000 X137.009 Y97.709
G0 X137.56 Y98.06
G0 X142.923 Y103.489
G0 X143.212 Y103.99
G1 F528 X143.316 Y103.952 E0.00006
G1 X144.964 Y103.948 E0.00082
G1 X145.049 Y103.959 E0.00004
G1 X145.124 Y103.99 E0.00004
G1 X149.223 Y106.355 E0.00236
G1 X149.372 Y106.462 E0.00009
G1 X149.549 Y106.635 E0.00012
G1 X149.612 Y106.72 E0.00005
G1 X149.712 Y106.886 E0.0001
G1 X149.784 Y107.058 E0.00009
G1 X149.83 Y107.242 E0.00009
G1 X149.847 Y107.386 E0.00007
G1 X149.851 Y112.559 E0.00258
G1 X149.824 Y112.821 E0.00013
G1 X149.737 Y113.056 E0.00013
G1 X149.585 Y113.315 E0.00015
G1 X149.457 Y113.46 E0.0001
G1 X149.312 Y113.584 E0.0001
G1 X144.732 Y116.23 E0.00264
G1 X144.669 Y116.258 E0.00003
G1 X144.4 Y116.34 E0.00014
G1 X144.227 Y116.355 E0.00009
G1 X144.017 Y116.35 E0.0001
G1 X143.818 Y116.308 E0.0001
G1 X143.604 Y116.23 E0.00011
G1 X139.136 Y113.654 E0.00257
G1 X139.016 Y113.576 E0.00007
G1 X138.858 Y113.443 E0.0001
G1 X138.753 Y113.322 E0.00008
G1 X138.655 Y113.172 E0.00009
G1 X138.576 Y113.01 E0.00009
G1 X138.524 Y112.842 E0.00009
G1 X138.484 Y112.575 E0.00013
G1 X138.491 Y107.351 E0.00261
G1 X138.535 Y107.105 E0.00012
G1 X138.593 Y106.953 E0.00008
G1 X138.645 Y106.848 E0.00006
G1 X138.79 Y106.632 E0.00013
G1 X138.934 Y106.484 E0.0001
G1 X139.115 Y106.354 E0.00011
G1 X143.212 Y103.99 E0.00236
G0 F24000 X143.316 Y103.952
G0 X143.405 Y103.952
G0 X143.405 Y103.368
G0 X145.19 Y103.43
G0 X149.717 Y106.069
G0 X149.92 Y106.324
G0 X150.058 Y106.511
G0 X150.541 Y106.829
G1 F528 X150.653 Y106.666 E0.0001
G1 X150.808 Y106.494 E0.00012
G1 X150.963 Y106.378 E0.0001
G1 X155.095 Y103.99 E0.00238
G1 X155.2 Y103.952 E0.00006
G1 X156.848 Y103.948 E0.00082
G1 X156.933 Y103.959 E0.00004
G1 X157.008 Y103.99 E0.00004
G1 X161.148 Y106.38 E0.00238
G1 X161.289 Y106.484 E0.00009
G1 X161.387 Y106.582 E0.00007
G1 X161.508 Y106.733 E0.0001
G1 X161.606 Y106.904 E0.0001
G1 X161.671 Y107.058 E0.00008
G1 X161.712 Y107.209 E0.00008
G1 X161.73 Y107.332 E0.00006
G1 X161.735 Y112.641 E0.00265
G1 X161.704 Y112.821 E0.00009
G1 X161.633 Y113.04 E0.00011
G1 X161.534 Y113.226 E0.00011
G1 X161.423 Y113.374 E0.00009
G1 X161.328 Y113.478 E0.00007
G1 X161.185 Y113.593 E0.00009
G1 X156.648 Y116.216 E0.00261
G1 X156.428 Y116.308 E0.00012
G1 X156.36 Y116.328 E0.00004
G1 X156.119 Y116.355 E0.00012
G1 X155.913 Y116.352 E0.0001
G1 X155.752 Y116.321 E0.00008
G1 X155.496 Y116.23 E0.00014
G1 X151.016 Y113.651 E0.00258
G1 X150.812 Y113.504 E0.00013
G1 X150.596 Y113.256 E0.00016
G1 X150.469 Y113.022 E0.00013
G1 X150.405 Y112.817 E0.00011
G1 X150.373 Y112.611 E0.0001
G1 X150.372 Y107.468 E0.00257
G1 X150.39 Y107.261 E0.0001
G1 X150.423 Y107.109 E0.00008
G1 X150.541 Y106.829 E0.00015
G0 F24000 X150.653 Y106.666
G0 X150.654 Y106.665
G0 X150.229 Y106.273
G0 X150.657 Y105.959
G0 X155.034 Y103.43
G0 X157.077 Y103.43
G0 X161.615 Y106.079
G0 X161.997 Y106.524
G0 X162.348 Y106.999
G1 F528 X162.473 Y106.755 E0.00014
G1 X162.581 Y106.613 E0.00009
G1 X162.685 Y106.509 E0.00007
G1 X162.811 Y106.403 E0.00008
G1 X166.983 Y103.99 E0.0024
G1 X167.088 Y103.952 E0.00006
G1 X168.736 Y103.948 E0.00082
G1 X168.821 Y103.959 E0.00004
G1 X168.896 Y103.99 E0.00004
G1 X173.001 Y106.356 E0.00236
G1 X173.183 Y106.493 E0.00011
G1 X173.328 Y106.646 E0.00011
G1 X173.48 Y106.874 E0.00014
G1 X173.538 Y107.007 E0.00007
G1 X173.59 Y107.171 E0.00009
G1 X173.621 Y107.356 E0.00009
G1 X173.62 Y112.633 E0.00263
G1 X173.597 Y112.792 E0.00008
G1 X173.527 Y113.024 E0.00012
G1 X173.445 Y113.189 E0.00009
G1 X173.332 Y113.354 E0.0001
G1 X173.2 Y113.489 E0.00009
G1 X173.082 Y113.588 E0.00008
G1 X168.597 Y116.185 E0.00259
G1 X168.397 Y116.276 E0.00011
G1 X168.156 Y116.344 E0.00012
G1 X167.997 Y116.356 E0.00008
G1 X167.779 Y116.348 E0.00011
G1 X167.61 Y116.316 E0.00009
G1 X167.372 Y116.23 E0.00013
G1 X162.881 Y113.639 E0.00259
G1 X162.707 Y113.508 E0.00011
G1 X162.598 Y113.402 E0.00008
G1 X162.51 Y113.294 E0.00007
G1 X162.364 Y113.038 E0.00015
G1 X162.31 Y112.89 E0.00008
G1 X162.267 Y112.673 E0.00011
G1 X162.264 Y107.379 E0.00264
G1 X162.287 Y107.203 E0.00009
G1 X162.348 Y106.999 E0.00011
G0 F24000 X162.439 Y106.821
G0 X161.997 Y106.519
G0 X162.519 Y105.975
G0 X166.922 Y103.43
G0 X168.965 Y103.43
G0 X173.505 Y106.081
G0 X173.903 Y106.518
G0 X174.252 Y106.955
G1 F528 X174.341 Y106.786 E0.0001
G1 X174.465 Y106.617 E0.0001
G1 X174.643 Y106.446 E0.00012
G1 X174.735 Y106.383 E0.00006
G1 X178.871 Y103.991 E0.00238
G1 X178.976 Y103.952 E0.00006
G1 X180.624 Y103.948 E0.00082
G1 X180.709 Y103.959 E0.00004
G1 X180.784 Y103.99 E0.00004
G1 X184.864 Y106.342 E0.00235
G1 X185.014 Y106.446 E0.00009
G1 X185.107 Y106.526 E0.00006
G1 X185.213 Y106.64 E0.00008
G1 X185.345 Y106.828 E0.00011
G1 X185.414 Y106.976 E0.00008
G1 X185.468 Y107.139 E0.00009
G1 X185.508 Y107.363 E0.00011
G1 X185.505 Y112.641 E0.00263
G1 X185.476 Y112.832 E0.0001
G1 X185.411 Y113.028 E0.0001
G1 X185.299 Y113.241 E0.00012
G1 X185.211 Y113.359 E0.00007
G1 X185.06 Y113.514 E0.00011
G1 X184.92 Y113.618 E0.00009
G1 X180.392 Y116.23 E0.00261
G1 X180.214 Y116.299 E0.0001
G1 X180.048 Y116.34 E0.00009
G1 X179.894 Y116.355 E0.00008
G1 X179.687 Y116.351 E0.0001
G1 X179.478 Y116.309 E0.00011
G1 X179.252 Y116.222 E0.00012
G1 X174.743 Y113.623 E0.0026
G1 X174.604 Y113.517 E0.00009
G1 X174.484 Y113.401 E0.00008
G1 X174.327 Y113.189 E0.00013
G1 X174.225 Y112.976 E0.00012
G1 X174.166 Y112.753 E0.00012
G1 X174.148 Y112.592 E0.00008
G1 X174.148 Y107.448 E0.00257
G1 X174.16 Y107.248 E0.0001
G1 X174.174 Y107.171 E0.00004
G1 X174.252 Y106.955 E0.00011
G0 F24000 X174.341 Y106.786
G0 X174.346 Y106.779
G0 X173.885 Y107.25
;TYPE:WALL-INNER
G1 F545.7 X173.885 Y107.262 E0.00001
G1 F548.6 X173.885 Y107.274 E0.00001
G1 F551.4 X173.885 Y107.286 E0.00001
G1 F554.3 X173.885 Y107.298 E0.00001
G1 F555.8 X173.886 Y107.31 E0.00001
G1 F558.7 X173.886 Y107.322 E0.00001
G1 F561.7 X173.886 Y107.334 E0.00001
G1 F564.7 X173.886 Y107.346 E0.00001
G1 F567.7 X173.887 Y107.358 E0.00001
G1 F569.3 X173.886 Y107.395 E0.00002
G1 F572.4 X173.885 Y107.434 E0.00002
G1 F573.9 X173.884 Y107.468 E0.00002
G1 X173.884 Y107.567 E0.00005
G1 X173.884 Y107.666 E0.00005
G1 X173.884 Y107.765 E0.00005
G1 X173.884 Y107.864 E0.00005
G1 X173.884 Y107.963 E0.00005
G1 X173.884 Y108.062 E0.00005
G1 X173.884 Y108.161 E0.00005
G1 X173.884 Y108.26 E0.00005
G1 X173.884 Y108.359 E0.00005
G1 X173.884 Y108.458 E0.00005
G1 X173.884 Y108.557 E0.00005
G1 X173.884 Y108.656 E0.00005
G1 X173.884 Y108.755 E0.00005
G1 X173.884 Y108.854 E0.00005
G1 X173.884 Y108.953 E0.00005
G1 X173.884 Y109.052 E0.00005
G1 X173.884 Y109.151 E0.00005
G1 X173.884 Y109.25 E0.00005
G1 X173.884 Y109.349 E0.00005
G1 X173.884 Y109.448 E0.00005
G1 X173.884 Y109.547 E0.00005
G1 X173.884 Y109.646 E0.00005
G1 X173.884 Y109.745 E0.00005
G1 X173.884 Y109.844 E0.00005
G1 X173.884 Y109.943 E0.00005
G1 X173.884 Y110.042 E0.00005
G1 F572.4 X173.884 Y110.141 E0.00005
G1 X173.884 Y110.24 E0.00005
G1 X173.884 Y110.339 E0.00005
G1 X173.884 Y110.438 E0.00005
G1 X173.884 Y110.537 E0.00005
G1 X173.884 Y110.636 E0.00005
G1 X173.884 Y110.735 E0.00005
G1 X173.884 Y110.834 E0.00005
G1 X173.884 Y110.933 E0.00005
G1 X173.884 Y111.032 E0.00005
G1 X173.884 Y111.131 E0.00005
G1 X173.884 Y111.23 E0.00005
G1 X173.884 Y111.329 E0.00005
G1 X173.884 Y111.428 E0.00005
G1 X173.884 Y111.527 E0.00005
G1 X173.884 Y111.626 E0.00005
G1 X173.884 Y111.725 E0.00005
G1 X173.884 Y111.824 E0.00005
G1 X173.884 Y111.923 E0.00005
G1 X173.884 Y112.022 E0.00005
G1 X173.884 Y112.121 E0.00005
G1 X173.884 Y112.22 E0.00005
G1 X173.884 Y112.319 E0.00005
G1 X173.884 Y112.418 E0.00005
G1 X173.884 Y112.517 E0.00005
G1 X173.884 Y112.616 E0.00005
G1 F567.7 X173.886 Y112.656 E0.00002
G0 F24000 X173.888 Y113.485
G0 X173.368 Y114.025
G0 X168.608 Y116.757
G0 X167.999 Y116.879
G0 X167.496 Y116.826
G0 X167.176 Y116.715
G0 X162.387 Y113.922
G0 X162.001 Y113.477
G0 X162 Y112.667
G1 F570.8 X162 Y112.624 E0.00002
G1 F573.9 X162 Y112.608 E0.00001
G1 X162 Y112.558 E0.00002
G1 X162 Y112.508 E0.00002
G1 X162 Y112.458 E0.00002
G1 X162 Y112.408 E0.00002
G1 X162 Y112.358 E0.00002
G1 X162 Y112.308 E0.00002
G1 X162 Y112.258 E0.00002
G1 X162 Y112.208 E0.00002
G1 X162 Y112.158 E0.00002
G1 X162 Y112.108 E0.00002
G1 X162 Y112.058 E0.00002
G1 X162 Y112.008 E0.00002
G1 X162 Y111.958 E0.00002
G1 X162 Y111.908 E0.00002
G1 X162 Y111.858 E0.00002
G1 X162 Y111.808 E0.00002
G1 X162 Y111.758 E0.00002
G1 X162 Y111.708 E0.00002
G1 X162 Y111.658 E0.00002
G1 X162 Y111.608 E0.00002
G1 X162 Y111.558 E0.00002
G1 X162 Y111.508 E0.00002
G1 X162 Y111.458 E0.00002
G1 X162 Y111.408 E0.00002
G1 X162 Y111.358 E0.00002
G1 X162 Y111.308 E0.00002
G1 F572.4 X162 Y111.258 E0.00002
G1 X162 Y111.208 E0.00002
G1 X162 Y111.158 E0.00002
G1 X162 Y111.108 E0.00002
G1 X162 Y111.058 E0.00002
G1 X162 Y111.008 E0.00002
G1 X162 Y110.958 E0.00002
G1 X162 Y110.908 E0.00002
G1 X162 Y110.858 E0.00002
G1 X162 Y110.808 E0.00002
G1 X162 Y110.758 E0.00002
G1 X162 Y110.708 E0.00002
G1 X162 Y110.658 E0.00002
G1 X162 Y110.608 E0.00002
G1 X162 Y110.558 E0.00002
G1 X162 Y110.508 E0.00002
G1 X162 Y110.458 E0.00002
G1 X162 Y110.408 E0.00002
G1 X162 Y110.358 E0.00002
G1 X162 Y110.308 E0.00002
G1 X162 Y110.258 E0.00002
G1 X162 Y110.208 E0.00002
G1 X162 Y110.158 E0.00002
G1 X162 Y110.108 E0.00002
G1 X162 Y110.058 E0.00002
G1 X162 Y110.008 E0.00002
G1 F570.8 X161.999 Y109.958 E0.00002
G1 X161.999 Y109.908 E0.00002
G1 X161.999 Y109.858 E0.00002
G1 X161.999 Y109.808 E0.00002
G1 X161.999 Y109.758 E0.00002
G1 X161.999 Y109.708 E0.00002
G1 X161.999 Y109.658 E0.00002
G1 X161.999 Y109.608 E0.00002
G1 X161.999 Y109.558 E0.00002
G1 X161.999 Y109.508 E0.00002
G1 X161.999 Y109.458 E0.00002
G1 X161.999 Y109.408 E0.00002
G1 X161.999 Y109.358 E0.00002
G1 X161.999 Y109.308 E0.00002
G1 X161.999 Y109.258 E0.00002
G1 X161.999 Y109.208 E0.00002
G1 X161.999 Y109.158 E0.00002
G1 X161.999 Y109.108 E0.00002
G1 X161.999 Y109.058 E0.00002
G1 X161.999 Y109.008 E0.00002
G1 X161.999 Y108.958 E0.00002
G1 X161.999 Y108.908 E0.00002
G1 X161.999 Y108.858 E0.00002
G1 X161.999 Y108.808 E0.00002
G1 X161.999 Y108.758 E0.00002
G1 X161.999 Y108.708 E0.00002
G1 X161.999 Y108.658 E0.00002
G1 F569.3 X161.999 Y108.608 E0.00002
G1 X161.999 Y108.558 E0.00002
G1 X161.999 Y108.508 E0.00002
G1 X161.999 Y108.458 E0.00002
G1 X161.999 Y108.408 E0.00002
G1 X161.999 Y108.358 E0.00002
G1 X161.999 Y108.308 E0.00002
G1 X161.999 Y108.258 E0.00002
G1 X161.999 Y108.208 E0.00002
G1 X161.999 Y108.158 E0.00002
G1 X161.999 Y108.108 E0.00002
G1 X161.999 Y108.058 E0.00002
G1 X161.999 Y108.008 E0.00002
G1 X161.999 Y107.958 E0.00002
G1 X161.999 Y107.908 E0.00002
G1 X161.999 Y107.858 E0.00002
G1 X161.999 Y107.808 E0.00002
G1 X161.999 Y107.758 E0.00002
G1 X161.999 Y107.708 E0.00002
G1 X161.999 Y107.658 E0.00002
G1 X161.999 Y107.608 E0.00002
G1 X161.999 Y107.558 E0.00002
G1 X161.999 Y107.508 E0.00002
G1 X161.999 Y107.458 E0.00002
G1 X161.999 Y107.408 E0.00002
G1 X161.998 Y107.358 E0.00002
G1 F566.2 X161.998 Y107.36 E0
G1 F563.2 X161.998 Y107.344 E0.00001
G1 F558.7 X161.998 Y107.328 E0.00001
G1 F555.8 X161.998 Y107.312 E0.00001
G1 F552.9 X161.998 Y107.296 E0.00001
G0 F24000 X161.997 Y106.524
G0 X161.615 Y106.079
G0 X157.077 Y103.43
G0 X155.034 Y103.43
G0 X150.462 Y106.109
G0 X150.112 Y106.51
G0 X150.112 Y107.355
G1 F567.7 X150.112 Y107.376 E0.00001
G1 F570.8 X150.112 Y107.397 E0.00001
G1 F575.5 X150.111 Y107.418 E0.00001
G1 F578.6 X150.11 Y107.468 E0.00002
G1 F581.8 X150.11 Y107.518 E0.00002
G1 X150.11 Y107.568 E0.00002
G1 X150.11 Y107.618 E0.00002
G1 X150.11 Y107.668 E0.00002
G1 X150.11 Y107.718 E0.00002
G1 X150.11 Y107.768 E0.00002
G1 X150.11 Y107.818 E0.00002
G1 X150.11 Y107.868 E0.00002
G1 X150.11 Y107.918 E0.00002
G1 X150.11 Y107.968 E0.00002
G1 X150.11 Y108.018 E0.00002
G1 X150.11 Y108.068 E0.00002
G1 X150.11 Y108.118 E0.00002
G1 X150.11 Y108.168 E0.00002
G1 X150.11 Y108.218 E0.00002
G1 X150.11 Y108.268 E0.00002
G1 X150.11 Y108.318 E0.00002
G1 X150.11 Y108.368 E0.00002
G1 X150.11 Y108.418 E0.00002
G1 X150.11 Y108.468 E0.00002
G1 X150.11 Y108.518 E0.00002
G1 X150.11 Y108.568 E0.00002
G1 X150.11 Y108.618 E0.00002
G1 X150.11 Y108.668 E0.00002
G1 X150.11 Y108.718 E0.00002
G1 X150.11 Y108.768 E0.00002
G1 F583.4 X150.11 Y108.818 E0.00002
G1 X150.11 Y108.868 E0.00002
G1 X150.11 Y108.918 E0.00002
G1 X150.11 Y108.968 E0.00002
G1 X150.11 Y109.018 E0.00002
G1 X150.11 Y109.068 E0.00002
G1 X150.11 Y109.118 E0.00002
G1 X150.11 Y109.168 E0.00002
G1 X150.11 Y109.218 E0.00002
G1 X150.11 Y109.268 E0.00002
G1 X150.11 Y109.318 E0.00002
G1 X150.11 Y109.368 E0.00002
G1 X150.11 Y109.418 E0.00002
G1 X150.11 Y109.468 E0.00002
G1 X150.11 Y109.518 E0.00002
G1 X150.11 Y109.568 E0.00002
G1 X150.11 Y109.618 E0.00002
G1 X150.11 Y109.668 E0.00002
G1 X150.11 Y109.718 E0.00002
G1 X150.11 Y109.768 E0.00002
G1 X150.11 Y109.818 E0.00002
G1 X150.11 Y109.868 E0.00002
G1 X150.11 Y109.918 E0.00002
G1 X150.11 Y109.968 E0.00002
G1 X150.111 Y110.018 E0.00002
G1 F585 X150.111 Y110.068 E0.00002
G1 X150.111 Y110.118 E0.00002
G1 X150.111 Y110.168 E0.00002
G1 X150.111 Y110.218 E0.00002
G1 X150.111 Y110.268 E0.00002
G1 X150.111 Y110.318 E0.00002
G1 X150.111 Y110.368 E0.00002
G1 X150.111 Y110.418 E0.00002
G1 X150.111 Y110.468 E0.00002
G1 X150.111 Y110.518 E0.00002
G1 X150.111 Y110.568 E0.00002
G1 X150.111 Y110.618 E0.00002
G1 X150.111 Y110.668 E0.00002
G1 X150.111 Y110.718 E0.00002
G1 X150.111 Y110.768 E0.00002
G1 X150.111 Y110.818 E0.00002
G1 X150.111 Y110.868 E0.00002
G1 X150.111 Y110.918 E0.00002
G1 X150.111 Y110.968 E0.00002
G1 X150.111 Y111.018 E0.00002
G1 X150.111 Y111.068 E0.00002
G1 X150.111 Y111.118 E0.00002
G1 X150.111 Y111.168 E0.00002
G1 X150.111 Y111.218 E0.00002
G1 X150.111 Y111.268 E0.00002
G1 X150.111 Y111.318 E0.00002
G1 F586.7 X150.111 Y111.368 E0.00002
G1 X150.111 Y111.418 E0.00002
G1 X150.111 Y111.468 E0.00002
G1 X150.111 Y111.518 E0.00002
G1 X150.111 Y111.568 E0.00002
G1 X150.111 Y111.618 E0.00002
G1 X150.111 Y111.668 E0.00002
G1 X150.111 Y111.718 E0.00002
G1 X150.111 Y111.768 E0.00002
G1 X150.111 Y111.818 E0.00002
G1 X150.111 Y111.868 E0.00002
G1 X150.111 Y111.918 E0.00002
G1 X150.111 Y111.968 E0.00002
G1 X150.111 Y112.018 E0.00002
G1 X150.111 Y112.068 E0.00002
G1 X150.111 Y112.118 E0.00002
G1 X150.111 Y112.168 E0.00002
G1 X150.111 Y112.218 E0.00002
G1 X150.111 Y112.268 E0.00002
G1 X150.111 Y112.318 E0.00002
G1 X150.111 Y112.368 E0.00002
G1 X150.111 Y112.418 E0.00002
G1 X150.111 Y112.468 E0.00002
G1 X150.111 Y112.518 E0.00002
G1 X150.112 Y112.568 E0.00002
G1 F585 X150.111 Y112.58 E0.00001
G1 F581.8 X150.111 Y112.599 E0.00001
G1 F575.5 X150.11 Y112.618 E0.00001
G1 F570.8 X150.109 Y112.637 E0.00001
G1 F564.7 X150.11 Y112.661 E0.00001
G0 F24000 X150.245 Y113.897
G1 F60 E-0.001
G1 F18000 Z3.1
G0 F24000 X150.115 Y114.044 Z3.1
G0 X156.194 Y109.923
G1 F18000 Z1.1
G1 F60 E0.001
G1 F754.3 X156.051 Y109.836 E0.00006
G1 X155.913 Y109.916 E0.00006
G1 X155.915 Y110.083 E0.00006
G1 X156.055 Y110.164 E0.00006
G1 X156.195 Y110.083 E0.00006
G1 X156.194 Y109.923 E0.00006
G0 F24000 X156.051 Y109.443
G1 F528 X155.573 Y109.72 E0.00028
G1 X155.575 Y110.28 E0.00028
G1 X156.055 Y110.557 E0.00028
G1 X156.535 Y110.279 E0.00028
G1 X156.534 Y109.726 E0.00028
G1 X156.051 Y109.443 E0.00028
G0 F24000 X156.051 Y108.981
G1 F528 X155.173 Y109.49 E0.00051
G1 X155.175 Y110.51 E0.00051
G1 X156.055 Y111.018 E0.00051
G1 X156.935 Y110.51 E0.00051
G1 X156.934 Y109.495 E0.00051
G1 X156.051 Y108.981 E0.00051
G0 F24000 X156.051 Y108.518
G1 F528 X154.773 Y109.259 E0.00074
G1 X154.774 Y110.741 E0.00074
G1 X156.055 Y111.48 E0.00074
G1 X157.335 Y110.741 E0.00074
G1 X157.334 Y109.264 E0.00074
G1 X156.051 Y108.518 E0.00074
G0 F24000 X156.051 Y108.056
G1 F528 X154.373 Y109.029 E0.00097
G1 X154.374 Y110.972 E0.00097
G1 X156.055 Y111.942 E0.00097
G1 X157.735 Y110.971 E0.00097
G1 X157.734 Y109.032 E0.00097
G1 X156.051 Y108.056 E0.00097
G0 F24000 X156.051 Y107.594
G1 F528 X153.973 Y108.798 E0.0012
G1 X153.974 Y111.203 E0.0012
G1 X156.055 Y112.403 E0.0012
G1 X158.135 Y111.202 E0.0012
G1 X158.133 Y108.801 E0.0012
G1 X156.051 Y107.594 E0.0012
G0 F24000 X156.051 Y107.127
G1 F528 X153.573 Y108.568 E0.00143
G1 X153.573 Y111.434 E0.00143
G1 X156.055 Y112.865 E0.00143
G1 X158.535 Y111.433 E0.00143
G1 X158.533 Y108.57 E0.00143
G1 X156.051 Y107.127 E0.00143
G0 F24000 X156.068 Y106.65
G1 F528 X156.04 Y106.65 E0.00001
G1 X155.807 Y106.81 E0.00014
G1 X153.173 Y108.337 E0.00152
G1 X153.173 Y111.665 E0.00166
G1 X156.055 Y113.327 E0.00166
G1 X158.935 Y111.664 E0.00166
G1 X158.933 Y108.339 E0.00166
G1 X156.302 Y106.814 E0.00152
G1 X156.068 Y106.65 E0.00014
G0 F24000 X155.899 Y106.25
G1 F528 X155.751 Y106.368 E0.00009
G1 X155.607 Y106.464 E0.00009
G1 X152.773 Y108.107 E0.00163
G1 X152.773 Y111.896 E0.00189
G1 X156.055 Y113.788 E0.00189
G1 X159.335 Y111.894 E0.00189
G1 X159.333 Y108.107 E0.00189
G1 X156.509 Y106.472 E0.00163
G1 X156.29 Y106.317 E0.00013
G1 X156.214 Y106.251 E0.00005
G1 X155.899 Y106.25 E0.00016
G0 F24000 X155.748 Y105.85
G1 F528 X155.625 Y105.961 E0.00008
G1 X155.406 Y106.118 E0.00013
G1 X152.382 Y107.871 E0.00174
G1 X152.372 Y107.9 E0.00002
G1 X152.375 Y112.122 E0.00211
G1 X152.413 Y112.151 E0.00002
G1 X156.053 Y114.246 E0.0021
G1 X159.732 Y112.121 E0.00212
G1 X159.734 Y107.875 E0.00212
G1 X156.715 Y106.129 E0.00174
G1 X156.528 Y105.996 E0.00011
G1 X156.369 Y105.851 E0.00011
G1 X155.748 Y105.85 E0.00031
G0 F24000 X155.573 Y105.449
G1 F528 X155.463 Y105.571 E0.00008
G1 X155.253 Y105.741 E0.00013
G1 X152.143 Y107.547 E0.00179
G1 X152.064 Y107.622 E0.00005
G1 X151.988 Y107.77 E0.00008
G1 X151.973 Y107.855 E0.00004
G1 X151.972 Y112.124 E0.00213
G1 X151.985 Y112.221 E0.00005
G1 X152.024 Y112.316 E0.00005
G1 X152.093 Y112.408 E0.00006
G1 X152.197 Y112.488 E0.00007
G1 X155.857 Y114.596 E0.00211
G1 X155.978 Y114.642 E0.00006
G1 X156.044 Y114.646 E0.00003
G1 X156.152 Y114.636 E0.00005
G1 X156.25 Y114.599 E0.00005
G1 X159.931 Y112.474 E0.00212
G1 X160.033 Y112.389 E0.00007
G1 X160.066 Y112.347 E0.00003
G1 X160.108 Y112.263 E0.00005
G1 X160.129 Y112.18 E0.00004
G1 X160.133 Y107.845 E0.00216
G1 X160.123 Y107.77 E0.00004
G1 X160.077 Y107.667 E0.00006
G1 X160.032 Y107.605 E0.00004
G1 X159.975 Y107.556 E0.00004
G1 X156.874 Y105.755 E0.00179
G1 X156.693 Y105.611 E0.00012
G1 X156.541 Y105.451 E0.00011
G1 X155.573 Y105.449 E0.00048
G0 F24000 X155.438 Y105.169
;TYPE:WALL-OUTER
G1 F528 X155.367 Y105.259 E0.00006
G1 X155.214 Y105.42 E0.00011
G1 X155.09 Y105.513 E0.00008
G1 X151.979 Y107.318 E0.00179
G1 X151.84 Y107.452 E0.0001
G1 X151.79 Y107.53 E0.00005
G1 X151.721 Y107.68 E0.00008
G1 X151.693 Y107.835 E0.00008
G1 X151.692 Y112.142 E0.00215
G1 X151.711 Y112.278 E0.00007
G1 X151.73 Y112.346 E0.00004
G1 X151.778 Y112.452 E0.00006
G1 X151.889 Y112.602 E0.00009
G1 X152.047 Y112.725 E0.0001
G1 X155.73 Y114.846 E0.00212
G1 X155.836 Y114.893 E0.00006
G1 X155.931 Y114.919 E0.00005
G1 X156.04 Y114.927 E0.00005
G1 X156.153 Y114.921 E0.00006
G1 X156.228 Y114.906 E0.00004
G1 X156.37 Y114.853 E0.00008
G1 X160.086 Y112.708 E0.00214
G1 X160.239 Y112.579 E0.0001
G1 X160.304 Y112.499 E0.00005
G1 X160.371 Y112.362 E0.00008
G1 X160.407 Y112.229 E0.00007
G1 X160.415 Y112.119 E0.00006
G1 X160.412 Y107.805 E0.00215
G1 X160.386 Y107.674 E0.00007
G1 X160.323 Y107.532 E0.00008
G1 X160.233 Y107.409 E0.00008
G1 X160.138 Y107.326 E0.00006
G1 X157.066 Y105.547 E0.00177
G1 X156.894 Y105.416 E0.00011
G1 X156.758 Y105.275 E0.0001
G1 X156.677 Y105.172 E0.00007
G1 X155.438 Y105.169 E0.00062
G0 F24000 X155.367 Y105.259
G0 X155.309 Y105.32
G0 X155.946 Y106.05
G1 F60 E-0.001
G1 F18000 Z3.1
G0 F24000 X155.946 Y106.05 Z3.1
G0 X168.084 Y109.918
;TYPE:WALL-INNER
G1 F18000 Z1.1
G1 F60 E0.001
G1 F754.3 X167.941 Y109.833 E0.00006
G1 X167.804 Y109.913 E0.00006
G1 X167.804 Y110.086 E0.00006
G1 X167.938 Y110.163 E0.00005
G1 X168.084 Y110.078 E0.00006
G1 X168.084 Y109.918 E0.00006
G0 F24000 X167.941 Y109.44
G1 F528 X167.464 Y109.716 E0.00027
G1 X167.464 Y110.282 E0.00028
G1 X167.938 Y110.556 E0.00027
G1 X168.424 Y110.275 E0.00028
G1 X168.424 Y109.721 E0.00028
G1 X167.941 Y109.44 E0.00028
G0 F24000 X167.941 Y108.978
G1 F528 X167.064 Y109.486 E0.00051
G1 X167.064 Y110.513 E0.00051
G1 X167.938 Y111.018 E0.0005
G1 X168.824 Y110.506 E0.00051
G1 X168.824 Y109.49 E0.00051
G1 X167.941 Y108.978 E0.00051
G0 F24000 X167.941 Y108.516
G1 F528 X166.664 Y109.255 E0.00074
G1 X166.664 Y110.745 E0.00074
G1 X167.939 Y111.479 E0.00073
G1 X169.224 Y110.737 E0.00074
G1 X169.224 Y109.259 E0.00074
G1 X167.941 Y108.516 E0.00074
G0 F24000 X167.941 Y108.054
G1 F528 X166.264 Y109.025 E0.00097
G1 X166.264 Y110.976 E0.00097
G1 X167.939 Y111.941 E0.00096
G1 X169.624 Y110.968 E0.00097
G1 X169.624 Y109.028 E0.00097
G1 X167.941 Y108.054 E0.00097
G0 F24000 X167.941 Y107.592
G1 F528 X165.864 Y108.794 E0.0012
G1 X165.864 Y111.207 E0.0012
G1 X167.939 Y112.403 E0.00119
G1 X170.024 Y111.199 E0.0012
G1 X170.024 Y108.796 E0.0012
G1 X167.941 Y107.592 E0.0012
G0 F24000 X167.94 Y107.127
G1 F528 X165.464 Y108.563 E0.00143
G1 X165.464 Y111.438 E0.00143
G1 X167.94 Y112.865 E0.00143
G1 X170.424 Y111.43 E0.00143
G1 X170.424 Y108.565 E0.00143
G1 X167.94 Y107.127 E0.00143
G0 F24000 X167.962 Y106.652
G1 F528 X167.929 Y106.652 E0.00002
G1 X167.714 Y106.798 E0.00013
G1 X165.064 Y108.333 E0.00153
G1 X165.064 Y111.669 E0.00166
G1 X167.94 Y113.326 E0.00166
G1 X170.824 Y111.661 E0.00166
G1 X170.824 Y108.334 E0.00166
G1 X168.176 Y106.804 E0.00153
G1 X167.962 Y106.652 E0.00013
G0 F24000 X168.103 Y106.252
G1 F528 X167.786 Y106.252 E0.00016
G1 X167.637 Y106.372 E0.0001
G1 X167.514 Y106.452 E0.00007
G1 X164.664 Y108.102 E0.00164
G1 X164.664 Y111.901 E0.0019
G1 X167.94 Y113.788 E0.00189
G1 X171.224 Y111.892 E0.00189
G1 X171.224 Y108.103 E0.00189
G1 X168.384 Y106.463 E0.00164
G1 X168.263 Y106.38 E0.00007
G1 X168.103 Y106.252 E0.0001
G0 F24000 X168.256 Y105.852
G1 F528 X167.63 Y105.852 E0.00031
G1 X167.401 Y106.049 E0.00015
G1 X164.273 Y107.866 E0.0018
G1 X164.265 Y107.879 E0.00001
G1 X164.267 Y112.129 E0.00212
G1 X167.928 Y114.242 E0.00211
G1 X167.958 Y114.24 E0.00002
G1 X171.615 Y112.126 E0.00211
G1 X171.624 Y112.087 E0.00002
G1 X171.624 Y107.888 E0.00209
G1 X171.616 Y107.869 E0.00001
G1 X168.593 Y106.122 E0.00174
G1 X168.387 Y105.97 E0.00013
G1 X168.256 Y105.852 E0.00009
G0 F24000 X168.426 Y105.452
G1 F528 X167.457 Y105.452 E0.00048
G1 X167.333 Y105.584 E0.00009
G1 X167.18 Y105.715 E0.0001
G1 X164.051 Y107.532 E0.00181
G1 X163.976 Y107.595 E0.00005
G1 X163.915 Y107.679 E0.00005
G1 X163.877 Y107.765 E0.00005
G1 X163.865 Y107.841 E0.00004
G1 X163.864 Y112.167 E0.00216
G1 X163.884 Y112.253 E0.00004
G1 X163.94 Y112.363 E0.00006
G1 X163.993 Y112.422 E0.00004
G1 X164.085 Y112.49 E0.00006
G1 X167.746 Y114.599 E0.00211
G1 X167.869 Y114.641 E0.00006
G1 X167.959 Y114.649 E0.00005
G1 X168.012 Y114.643 E0.00003
G1 X168.098 Y114.616 E0.00004
G1 X171.832 Y112.463 E0.00215
G1 X171.913 Y112.399 E0.00005
G1 X172 Y112.257 E0.00008
G1 X172.024 Y112.121 E0.00007
G1 X172.021 Y107.832 E0.00214
G1 X172.007 Y107.77 E0.00003
G1 X171.949 Y107.638 E0.00007
G1 X171.909 Y107.592 E0.00003
G1 X171.803 Y107.513 E0.00007
G1 X168.802 Y105.78 E0.00173
G1 X168.631 Y105.653 E0.00011
G1 X168.426 Y105.452 E0.00014
G0 F24000 X168.567 Y105.175
;TYPE:WALL-OUTER
G1 F528 X167.322 Y105.172 E0.00062
G1 X167.231 Y105.286 E0.00007
G1 X167.103 Y105.416 E0.00009
G1 X167.001 Y105.499 E0.00007
G1 X163.927 Y107.28 E0.00177
G1 X163.83 Y107.347 E0.00006
G1 X163.763 Y107.411 E0.00005
G1 X163.673 Y107.536 E0.00008
G1 X163.604 Y107.698 E0.00009
G1 X163.585 Y107.818 E0.00006
G1 X163.584 Y112.19 E0.00218
G1 X163.621 Y112.351 E0.00008
G1 X163.674 Y112.466 E0.00006
G1 X163.716 Y112.533 E0.00004
G1 X163.798 Y112.624 E0.00006
G1 X163.934 Y112.726 E0.00008
G1 X167.62 Y114.849 E0.00212
G1 X167.721 Y114.892 E0.00005
G1 X167.822 Y114.919 E0.00005
G1 X167.965 Y114.93 E0.00007
G1 X168.071 Y114.918 E0.00005
G1 X168.2 Y114.877 E0.00007
G1 X168.271 Y114.844 E0.00004
G1 X171.985 Y112.699 E0.00214
G1 X172.122 Y112.588 E0.00009
G1 X172.185 Y112.502 E0.00005
G1 X172.261 Y112.363 E0.00008
G1 X172.304 Y112.145 E0.00011
G1 X172.304 Y107.857 E0.00214
G1 X172.276 Y107.689 E0.00008
G1 X172.222 Y107.552 E0.00007
G1 X172.178 Y107.475 E0.00004
G1 X172.108 Y107.394 E0.00005
G1 X171.965 Y107.284 E0.00009
G1 X168.948 Y105.541 E0.00174
G1 X168.774 Y105.407 E0.00011
G1 X168.67 Y105.307 E0.00007
G1 X168.567 Y105.175 E0.00008
G0 F24000 X168.367 Y105.175
G0 X168.186 Y106.054
G1 F60 E-0.001
G1 F18000 Z3.1
G0 F24000 X168.181 Y106.059 Z3.1
G0 X179.97 Y109.911
;TYPE:WALL-INNER
G1 F18000 Z1.1
G1 F60 E0.001
G1 F751.6 X179.832 Y109.831 E0.00006
G1 X179.688 Y109.915 E0.00006
G1 X179.689 Y110.083 E0.00006
G1 X179.829 Y110.164 E0.00006
G1 X179.968 Y110.083 E0.00006
G1 X179.97 Y109.911 E0.00006
G0 F24000 X179.832 Y109.438
G1 F528 X179.348 Y109.719 E0.00028
G1 X179.349 Y110.28 E0.00028
G1 X179.829 Y110.557 E0.00028
G1 X180.308 Y110.28 E0.00028
G1 X180.31 Y109.715 E0.00028
G1 X179.832 Y109.438 E0.00028
G0 F24000 X179.832 Y108.977
G1 F528 X178.948 Y109.489 E0.00051
G1 X178.949 Y110.511 E0.00051
G1 X179.829 Y111.019 E0.00051
G1 X180.708 Y110.511 E0.00051
G1 X180.71 Y109.485 E0.00051
G1 X179.832 Y108.977 E0.00051
G0 F24000 X179.832 Y108.515
G1 F528 X178.548 Y109.258 E0.00074
G1 X178.549 Y110.742 E0.00074
G1 X179.829 Y111.481 E0.00074
G1 X181.108 Y110.742 E0.00074
G1 X181.11 Y109.254 E0.00074
G1 X179.832 Y108.515 E0.00074
G0 F24000 X179.832 Y108.053
G1 F528 X178.148 Y109.027 E0.00097
G1 X178.149 Y110.973 E0.00097
G1 X179.829 Y111.943 E0.00097
G1 X181.508 Y110.973 E0.00097
G1 X181.51 Y109.024 E0.00097
G1 X179.832 Y108.053 E0.00097
G0 F24000 X179.832 Y107.591
G1 F528 X177.748 Y108.797 E0.0012
G1 X177.749 Y111.204 E0.0012
G1 X179.829 Y112.404 E0.0012
G1 X181.908 Y111.205 E0.0012
G1 X181.91 Y108.794 E0.0012
G1 X179.832 Y107.591 E0.0012
G0 F24000 X179.832 Y107.131
G1 F528 X177.348 Y108.566 E0.00143
G1 X177.349 Y111.435 E0.00143
G1 X179.829 Y112.866 E0.00143
G1 X182.308 Y111.436 E0.00143
G1 X182.31 Y108.563 E0.00143
G1 X179.832 Y107.131 E0.00143
G0 F24000 X179.837 Y106.65
G1 F528 X179.819 Y106.65 E0.00001
G1 X179.712 Y106.73 E0.00007
G1 X176.948 Y108.335 E0.00159
G1 X176.949 Y111.666 E0.00166
G1 X179.829 Y113.328 E0.00166
G1 X182.708 Y111.667 E0.00166
G1 X182.71 Y108.333 E0.00166
G1 X179.946 Y106.728 E0.00159
G1 X179.837 Y106.65 E0.00007
G0 F24000 X179.984 Y106.25
G1 F528 X179.677 Y106.25 E0.00015
G1 X179.565 Y106.342 E0.00007
G1 X179.403 Y106.453 E0.0001
G1 X176.548 Y108.105 E0.00165
G1 X176.549 Y111.897 E0.00189
G1 X179.829 Y113.79 E0.00189
G1 X183.108 Y111.898 E0.00189
G1 X183.11 Y108.102 E0.00189
G1 X180.261 Y106.453 E0.00164
G1 X180.086 Y106.338 E0.0001
G1 X179.984 Y106.25 E0.00007
G0 F24000 X180.143 Y105.851
G1 F528 X179.521 Y105.85 E0.00031
G1 X179.414 Y105.95 E0.00007
G1 X179.262 Y106.068 E0.0001
G1 X176.148 Y107.88 E0.0018
G1 X176.147 Y112.117 E0.00211
G1 X176.198 Y112.157 E0.00003
G1 X179.78 Y114.224 E0.00206
G1 X179.829 Y114.245 E0.00003
G1 X183.506 Y112.126 E0.00212
G1 X183.511 Y107.899 E0.00211
G1 X183.502 Y107.868 E0.00002
G1 X180.329 Y106.02 E0.00183
G1 X180.143 Y105.851 E0.00013
G0 F24000 X180.315 Y105.451
G1 F528 X179.344 Y105.449 E0.00048
G1 X179.22 Y105.586 E0.00009
G1 X179.038 Y105.737 E0.00012
G1 X175.928 Y107.539 E0.00179
G1 X175.855 Y107.6 E0.00005
G1 X175.807 Y107.668 E0.00004
G1 X175.772 Y107.741 E0.00004
G1 X175.748 Y107.827 E0.00004
G1 X175.748 Y112.139 E0.00215
G1 X175.774 Y112.263 E0.00006
G1 X175.826 Y112.36 E0.00005
G1 X175.896 Y112.434 E0.00005
G1 X175.979 Y112.493 E0.00005
G1 X179.596 Y114.579 E0.00208
G1 X179.731 Y114.634 E0.00007
G1 X179.814 Y114.648 E0.00004
G1 X179.956 Y114.626 E0.00007
G1 X180.051 Y114.584 E0.00005
G1 X183.686 Y112.488 E0.00209
G1 X183.79 Y112.41 E0.00006
G1 X183.864 Y112.309 E0.00006
G1 X183.898 Y112.223 E0.00005
G1 X183.908 Y112.163 E0.00003
G1 X183.911 Y107.866 E0.00214
G1 X183.904 Y107.815 E0.00003
G1 X183.854 Y107.67 E0.00008
G1 X183.772 Y107.569 E0.00006
G1 X183.7 Y107.518 E0.00004
G1 X180.606 Y105.726 E0.00178
G1 X180.384 Y105.529 E0.00015
G1 X180.315 Y105.451 E0.00005
G0 F24000 X180.448 Y105.172
;TYPE:WALL-OUTER
G1 F528 X179.21 Y105.169 E0.00062
G1 X179.093 Y105.313 E0.00009
G1 X178.986 Y105.421 E0.00008
G1 X178.861 Y105.518 E0.00008
G1 X175.771 Y107.307 E0.00178
G1 X175.639 Y107.421 E0.00009
G1 X175.565 Y107.524 E0.00006
G1 X175.509 Y107.642 E0.00007
G1 X175.468 Y107.809 E0.00009
G1 X175.468 Y112.156 E0.00217
G1 X175.479 Y112.246 E0.00005
G1 X175.51 Y112.36 E0.00006
G1 X175.594 Y112.519 E0.00009
G1 X175.715 Y112.65 E0.00009
G1 X175.829 Y112.729 E0.00007
G1 X179.436 Y114.81 E0.00208
G1 X179.592 Y114.884 E0.00009
G1 X179.667 Y114.907 E0.00004
G1 X179.8 Y114.93 E0.00007
G1 X179.914 Y114.922 E0.00006
G1 X180.043 Y114.894 E0.00007
G1 X180.178 Y114.834 E0.00007
G1 X183.836 Y112.725 E0.00211
G1 X183.987 Y112.61 E0.00009
G1 X184.06 Y112.527 E0.00006
G1 X184.116 Y112.433 E0.00005
G1 X184.169 Y112.298 E0.00007
G1 X184.188 Y112.186 E0.00006
G1 X184.191 Y107.846 E0.00217
G1 X184.178 Y107.752 E0.00005
G1 X184.126 Y107.59 E0.00008
G1 X184.093 Y107.524 E0.00004
G1 X184.016 Y107.417 E0.00007
G1 X183.953 Y107.354 E0.00004
G1 X183.851 Y107.282 E0.00006
G1 X180.741 Y105.479 E0.00179
G1 X180.576 Y105.325 E0.00011
G1 X180.448 Y105.172 E0.0001
G0 F24000 X180.248 Y105.172
G0 X180.058 Y106.044
;TIME_ELAPSED:1498.037228
G1 F60 E-0.001
M140 S0
G1 Z5 F60000
G1 X0 Y0 F60000
M82 ;absolute extrusion mode
M107
T-1
M104 S0
M140 S0
M83 ;relative extrusion mode
;End of Gcode
;SETTING_3 {"global_quality": "[general]\\nversion = 4\\nname = 26G-RFATOMS\\nde
;SETTING_3 finition = custom\\n\\n[metadata]\\ntype = quality_changes\\nquality_
;SETTING_3 type = fast\\nsetting_version = 23\\n\\n[values]\\nadhesion_extruder_
;SETTING_3 nr = 0\\nadhesion_type = brim\\nalternate_carve_order = False\\nbridg
;SETTING_3 e_settings_enabled = True\\nbridge_wall_min_length = =line_width + su
;SETTING_3 pport_xy_distance + 1.0\\ncarve_multiple_volumes = True\\nlayer_heigh
;SETTING_3 t = 0.1\\nlayer_height_0 = 0.3\\nmaterial_bed_temperature = 20\\nmate
;SETTING_3 rial_bed_temperature_layer_0 = 20\\nminimum_polygon_circumference = 0
;SETTING_3 .1\\nprime_tower_enable = False\\nretraction_combing = all\\nskirt_br
;SETTING_3 im_extruder_nr = 0\\nspeed_slowdown_layers = 1\\nsupport_enable = Fal
;SETTING_3 se\\nsupport_extruder_nr = 0\\nsupport_structure = normal\\nsupport_t
;SETTING_3 ype = everywhere\\ntravel_retract_before_outer_wall = False\\n\\n", "
;SETTING_3 extruder_quality": ["[general]\\nversion = 4\\nname = 26G-RFATOMS\\nd
;SETTING_3 efinition = custom\\n\\n[metadata]\\ntype = quality_changes\\nquality
;SETTING_3 _type = fast\\nintent_category = default\\nposition = 0\\nsetting_ver
;SETTING_3 sion = 23\\n\\n[values]\\nbottom_layers = 50\\nbridge_enable_more_lay
;SETTING_3 ers = False\\nbridge_skin_material_flow = 100\\nbridge_wall_material_
;SETTING_3 flow = 100\\nbrim_gap = 1.5\\nbrim_width = 1\\ncoasting_enable = Fals
;SETTING_3 e\\ncool_fan_enabled = False\\ncool_fan_speed = 60\\ncool_fan_speed_m
;SETTING_3 ax = 100\\nfill_outline_gaps = True\\nhole_xy_offset = 0\\nhole_xy_of
;SETTING_3 fset_max_diameter = 4\\ninfill_overlap = 10\\ninfill_pattern = lightn
;SETTING_3 ing\\ninfill_sparse_density = 30\\ninset_direction = inside_out\\niro
;SETTING_3 ning_enabled = False\\nironing_flow = 25\\nironing_inset = 0\\nironin
;SETTING_3 g_line_spacing = 0.2\\nironing_only_highest_layer = False\\nironing_p
;SETTING_3 attern = zigzag\\nline_width = 0.38\\nmaterial_alternate_walls = True
;SETTING_3 \\nmaterial_final_print_temperature = 250\\nmaterial_flow = 100\\nmat
;SETTING_3 erial_initial_print_temperature = 250\\nmaterial_print_temperature = 
;SETTING_3 250\\nmaterial_standby_temperature = 0\\nmeshfix_maximum_deviation = 
;SETTING_3 0.001\\nmeshfix_maximum_resolution = 0.001\\nmeshfix_maximum_travel_r
;SETTING_3 esolution = =min(meshfix_maximum_resolution * speed_travel / speed_pr
;SETTING_3 int, 2 * line_width)\\nmeshfix_union_all = True\\nmin_even_wall_line_
;SETTING_3 width = =min_wall_line_width\\nmin_feature_size = =wall_line_width_0 
;SETTING_3 / 4\\nmin_odd_wall_line_width = =min_wall_line_width\\nmin_wall_line_
;SETTING_3 width = =machine_nozzle_size * .85\\noptimize_wall_printing_order = T
;SETTING_3 rue\\nraft_airgap = 0.0\\nraft_interface_thickness = =resolveOrValue(
;SETTING_3 'layer_height') * 1.5\\nraft_margin = 2\\nraft_surface_layers = 3\\nr
;SETTING_3 etraction_amount = 3.5\\nretraction_enable = True\\nretraction_extra_
;SETTING_3 prime_amount = 0.05\\nretraction_hop = 0.15\\nretraction_hop_enabled 
;SETTING_3 = False\\nretraction_speed = 30\\nskin_material_flow = 105\\nskin_mon
;SETTING_3 otonic = True\\nskin_outline_count = 0\\nskirt_brim_minimal_length = 
;SETTING_3 0\\nskirt_brim_speed = 45\\nsmall_feature_speed_factor = 10\\nsmall_h
;SETTING_3 ole_max_size = 4\\nsmall_skin_width = 0.32\\nspeed_infill = 112\\nspe
;SETTING_3 ed_ironing = 150\\nspeed_layer_0 = 30\\nspeed_print = 112\\nspeed_pri
;SETTING_3 nt_layer_0 = 60\\nspeed_support = 100\\nspeed_topbottom = 140\\nspeed
;SETTING_3 _travel = 300\\nspeed_travel_layer_0 = 300\\nspeed_wall_0 = 25\\nspee
;SETTING_3 d_wall_0_roofing = 20\\nspeed_wall_x = 50\\nspeed_z_hop = 20\\nsuppor
;SETTING_3 t_interface_enable = True\\nsupport_tree_limit_branch_reach = False\\
;SETTING_3 nswitch_extruder_extra_prime_amount = 0.575\\nswitch_extruder_retract
;SETTING_3 ion_amount = 3.5\\nswitch_extruder_retraction_speeds = 50\\ntop_botto
;SETTING_3 m_pattern = zigzag\\ntop_bottom_thickness = 0.7\\ntravel_avoid_distan
;SETTING_3 ce = 1\\nwall_0_inset = 0.0\\nwall_0_material_flow = 83\\nwall_0_mate
;SETTING_3 rial_flow_roofing = 105\\nwall_line_count = 0\\nwall_thickness = =wal
;SETTING_3 l_line_width_0 if magic_spiralize else 0.8\\nwall_transition_filter_d
;SETTING_3 eviation = =.25 * machine_nozzle_size\\nwall_transition_length = =lin
;SETTING_3 e_width\\nwall_x_material_flow = 83\\nwall_x_material_flow_roofing = 
;SETTING_3 105\\nxy_offset = -0.05\\nz_seam_corner = z_seam_corner_weighted\\nz_
;SETTING_3 seam_position = frontleft\\nz_seam_type = sharpest_corner\\nzig_zaggi
;SETTING_3 fy_infill = True\\n\\n", "[general]\\nversion = 4\\nname = 26G-RFATOM
;SETTING_3 S\\ndefinition = custom\\n\\n[metadata]\\ntype = quality_changes\\nqu
;SETTING_3 ality_type = fast\\nintent_category = default\\nposition = 1\\nsettin
;SETTING_3 g_version = 23\\n\\n[values]\\nbottom_layers = 1\\nbrim_width = 1\\nc
;SETTING_3 ool_fan_speed = 0\\ninfill_sparse_density = 15\\ninitial_bottom_layer
;SETTING_3 s = 1\\nironing_enabled = False\\nironing_flow = 0\\nironing_line_spa
;SETTING_3 cing = 0.2\\nironing_pattern = concentric\\nmaterial_final_print_temp
;SETTING_3 erature = 275\\nmaterial_initial_print_temperature = 275\\nmaterial_p
;SETTING_3 rint_temperature = 275\\nmaterial_standby_temperature = 165\\nretract
;SETTING_3 ion_hop = 2\\nretraction_hop_enabled = True\\nretraction_speed = 120\
;SETTING_3 \nspeed_ironing = 25\\nspeed_print = 100\\nspeed_support = 60\\nspeed
;SETTING_3 _travel = 300.0\\nspeed_wall_0 = 75\\nspeed_wall_x = 75\\nspeed_z_hop
;SETTING_3  = 300\\nsupport_infill_rate = 25\\nsupport_interface_enable = True\\
;SETTING_3 nsupport_interface_height = 0.3\\nsupport_interface_pattern = lines\\
;SETTING_3 nsupport_xy_distance = 2\\nsupport_xy_distance_overhang = 0.1\\nswitc
;SETTING_3 h_extruder_retraction_amount = 5\\nswitch_extruder_retraction_speed =
;SETTING_3  60\\ntop_bottom_thickness = 0.2\\ntop_layers = 1\\n\\n", "[general]\
;SETTING_3 \nversion = 4\\nname = 26G-RFATOMS\\ndefinition = custom\\n\\n[metada
;SETTING_3 ta]\\ntype = quality_changes\\nquality_type = fast\\nintent_category 
;SETTING_3 = default\\nposition = 2\\nsetting_version = 23\\n\\n[values]\\n_plug
;SETTING_3 in__curaenginegradualflow__0_1_0__gradual_flow_discretisation_step_si
;SETTING_3 ze = 0.1\\n_plugin__curaenginegradualflow__0_1_0__layer_0_max_flow_ac
;SETTING_3 celeration = 0.25\\n_plugin__curaenginegradualflow__0_1_0__max_flow_a
;SETTING_3 cceleration = 0.25\\nbottom_layers = 0\\ncoasting_enable = False\\nco
;SETTING_3 asting_volume = 0.2\\nconnect_skin_polygons = True\\ncool_fan_full_at
;SETTING_3 _height = 0.1\\ncool_fan_speed = 20\\ncool_min_speed = 9\\nfill_outli
;SETTING_3 ne_gaps = True\\ngroup_outer_walls = False\\nhole_xy_offset_max_diame
;SETTING_3 ter = 5\\ninfill_material_flow = =material_flow\\ninfill_pattern = co
;SETTING_3 ncentric\\ninfill_sparse_density = 100\\ninset_direction = inside_out
;SETTING_3 \\nlayer_start_x = 0\\nlayer_start_y = 0\\nline_width = 0.4\\nmateria
;SETTING_3 l_alternate_walls = False\\nmaterial_final_print_temperature = 0\\nma
;SETTING_3 terial_flow = 3.0\\nmaterial_flow_layer_0 = 3\\nmaterial_initial_prin
;SETTING_3 t_temperature = 0\\nmaterial_print_temperature = 0\\nmaterial_standby
;SETTING_3 _temperature = 0\\nmeshfix_maximum_extrusion_area_deviation = 50.0\\n
;SETTING_3 meshfix_maximum_resolution = 0.01\\nmeshfix_maximum_travel_resolution
;SETTING_3  = 0.2\\nmeshfix_union_all = True\\nmin_feature_size = 0.2\\nmin_wall
;SETTING_3 _line_width = 0.2\\nmultiple_mesh_overlap = 0.01\\noptimize_wall_prin
;SETTING_3 ting_order = False\\nprime_tower_flow = =material_flow\\nretraction_a
;SETTING_3 mount = 0.001\\nretraction_count_max = 250\\nretraction_extra_prime_a
;SETTING_3 mount = 0\\nretraction_hop = 2\\nretraction_hop_enabled = True\\nretr
;SETTING_3 action_min_travel = 0.1\\nretraction_speed = 1\\nskin_line_width = 0.
;SETTING_3 4\\nskin_material_flow = 3\\nskirt_brim_material_flow = =material_flo
;SETTING_3 w\\nskirt_brim_speed = 10\\nskirt_line_count = 3\\nsmall_feature_spee
;SETTING_3 d_factor = 1\\nsmall_hole_max_size = 0\\nspeed_infill = 8.8\\nspeed_l
;SETTING_3 ayer_0 = 8.8\\nspeed_print = 8.8\\nspeed_topbottom = 8\\nspeed_travel
;SETTING_3  = 400\\nspeed_travel_layer_0 = 400\\nspeed_wall = =speed_print / 2\\
;SETTING_3 nspeed_wall_0 = 8.8\\nspeed_wall_x = 8.8\\nspeed_z_hop = 300\\nswitch
;SETTING_3 _extruder_retraction_amount = 0\\nswitch_extruder_retraction_speeds =
;SETTING_3  1.0\\ntop_bottom_pattern = concentric\\ntop_bottom_thickness = 0\\nt
;SETTING_3 op_layers = 1\\nwall_0_inset = 0.12\\nwall_0_material_flow = 3.0\\nwa
;SETTING_3 ll_line_count = 100\\nwall_transition_filter_deviation = =.25 * machi
;SETTING_3 ne_nozzle_size\\nwall_x_material_flow = 3\\nwall_x_material_flow_roof
;SETTING_3 ing = 3.0\\nxy_offset = 0.01\\nz_seam_corner = z_seam_corner_any\\nz_
;SETTING_3 seam_position = frontleft\\nz_seam_type = shortest\\nz_seam_x = =(0 i
;SETTING_3 f (z_seam_position == 'frontleft' or z_seam_position == 'left' or z_s
;SETTING_3 eam_position == 'backleft') else machine_width / 2 if (z_seam_positio
;SETTING_3 n == 'front' or z_seam_position == 'back') else machine_width) - (mac
;SETTING_3 hine_width / 2 if z_seam_relative or machine_center_is_zero else 0)\\
;SETTING_3 nz_seam_y = =(0 if (z_seam_position == 'frontleft' or z_seam_position
;SETTING_3  == 'front' or z_seam_position == 'frontright') else machine_depth / 
;SETTING_3 2 if (z_seam_position == 'left' or z_seam_position == 'right') else m
;SETTING_3 achine_depth) - (machine_depth / 2 if z_seam_relative or machine_cent
;SETTING_3 er_is_zero else 0)\\n\\n"]}
