;FLAVOR:RepRap
;TIME:1231
;Filament used: 0.965911m, 0m, 0.00532599m
;Layer height: 0.1
;MINX:63.892
;MINY:40.686
;MINZ:0.3
;MAXX:190.874
;MAXY:123.029
;MAXZ:3.1
;TARGET_MACHINE.NAME:Unknown
;Generated with Cura_SteamEngine 5.7.2
T0
M190 S20
M104 S250
M104 T1 S0
M109 S250
M109 T1 S0
M82 ;absolute extrusion mode
G1 Z50 F6000
G1 X150 Y150
M82 ;absolute extrusion mode
T0
G1 Z50
G1 X0 Y0
M83
G1 E15
M83 ;relative extrusion mode
M83 ;relative extrusion mode
G1 F1800 E-3.5
;LAYER_COUNT:9
;LAYER:0
M107
G0 F18000 X66.289 Y47.124 Z0.3
;TYPE:SKIRT
G1 F1800 E3.52079
G1 F2700 X66.709 Y46.529 E0.03452
G1 X67.046 Y46.09 E0.02623
G1 X67.504 Y45.544 E0.03378
G1 X67.926 Y45.09 E0.02938
G1 X68.366 Y44.652 E0.02943
G1 X68.857 Y44.205 E0.03147
G1 X69.566 Y43.629 E0.0433
G1 X70.097 Y43.245 E0.03106
G1 X70.87 Y42.744 E0.04366
G1 X71.351 Y42.47 E0.02624
G1 X71.973 Y42.147 E0.03322
G1 X72.538 Y41.887 E0.02948
G1 X73.122 Y41.647 E0.02993
G1 X73.714 Y41.433 E0.02984
G1 X74.312 Y41.248 E0.02967
G1 X74.921 Y41.087 E0.02986
G1 X75.534 Y40.954 E0.02973
G1 X76.158 Y40.845 E0.03002
G1 X76.703 Y40.776 E0.02604
G1 X77.43 Y40.713 E0.03459
G1 X78.347 Y40.686 E0.04348
G1 X78.9 Y40.7 E0.02622
G1 X79.597 Y40.746 E0.03311
G1 X80.208 Y40.814 E0.02914
G1 X80.773 Y40.902 E0.0271
G1 X81.459 Y41.04 E0.03316
G1 X82.073 Y41.192 E0.02998
G1 X82.607 Y41.35 E0.02639
G1 X83.414 Y41.628 E0.04045
G1 X84.339 Y42.02 E0.04762
G1 X85.006 Y42.351 E0.03529
G1 X85.828 Y42.818 E0.04481
G1 X86.593 Y43.322 E0.04342
G1 X87.118 Y43.711 E0.03097
G1 X87.832 Y44.301 E0.0439
G1 X88.286 Y44.723 E0.02938
G1 X88.724 Y45.163 E0.02943
G1 X89.17 Y45.653 E0.0314
G1 X89.748 Y46.364 E0.04343
G1 X90.063 Y46.794 E0.02526
G1 X90.572 Y47.571 E0.04402
G1 X91.099 Y48.509 E0.05099
G1 X91.446 Y49.234 E0.03809
G1 X91.73 Y49.917 E0.03506
G1 X91.95 Y50.53 E0.03087
G1 X92.219 Y51.438 E0.04488
G1 X92.422 Y52.329 E0.04331
G1 X92.531 Y52.953 E0.03002
G1 X92.602 Y53.503 E0.02628
G1 X92.662 Y54.197 E0.03302
G1 X92.687 Y54.826 E0.02984
G1 X92.685 Y55.457 E0.02991
G1 X92.656 Y56.066 E0.0289
G1 X92.56 Y57.021 E0.04549
G1 X92.48 Y57.537 E0.02475
G1 X92.257 Y58.591 E0.05106
G1 X91.999 Y59.491 E0.04437
G1 X91.735 Y60.243 E0.03777
G1 X91.318 Y61.218 E0.05026
G1 X91.038 Y61.782 E0.02984
G1 X90.722 Y62.352 E0.03089
G1 X90.292 Y63.044 E0.03861
G1 X89.912 Y63.588 E0.03145
G1 X89.486 Y64.141 E0.03308
G1 X89.079 Y64.623 E0.0299
G1 X88.653 Y65.083 E0.02972
G1 X88.211 Y65.523 E0.02956
G1 X87.723 Y65.966 E0.03124
G1 X87.101 Y66.476 E0.03812
G1 X86.529 Y66.895 E0.03361
G1 X85.977 Y67.263 E0.03144
G1 X85.454 Y67.577 E0.02891
G1 X84.703 Y67.979 E0.04037
G1 X83.77 Y68.402 E0.04855
G1 X83.161 Y68.637 E0.03094
G1 X82.566 Y68.836 E0.02974
G1 X81.94 Y69.015 E0.03086
G1 X81.138 Y69.201 E0.03902
G1 X80.422 Y69.328 E0.03447
G1 X79.868 Y69.399 E0.02647
G1 X78.86 Y69.475 E0.04791
G1 X78.237 Y69.486 E0.02953
G1 X77.683 Y69.473 E0.02626
G1 X76.984 Y69.427 E0.0332
G1 X76.328 Y69.352 E0.03129
G1 X75.427 Y69.199 E0.04331
G1 X74.878 Y69.076 E0.02667
G1 X74.014 Y68.836 E0.0425
G1 X73.312 Y68.599 E0.03512
G1 X72.74 Y68.374 E0.02913
G1 X72.149 Y68.11 E0.03068
G1 X71.599 Y67.836 E0.02912
G1 X71.036 Y67.526 E0.03046
G1 X70.56 Y67.235 E0.02644
G1 X69.824 Y66.734 E0.0422
G1 X69.218 Y66.269 E0.0362
G1 X68.606 Y65.746 E0.03815
G1 X68.118 Y65.28 E0.03198
G1 X67.695 Y64.838 E0.029
G1 X67.208 Y64.281 E0.03507
G1 X66.712 Y63.649 E0.03808
G1 X66.323 Y63.094 E0.03212
G1 X65.851 Y62.339 E0.0422
G1 X65.488 Y61.68 E0.03566
G1 X65.244 Y61.18 E0.02637
G1 X64.858 Y60.28 E0.04641
G1 X64.635 Y59.661 E0.03118
G1 X64.449 Y59.059 E0.02986
G1 X64.29 Y58.455 E0.0296
G1 X64.157 Y57.841 E0.02978
G1 X64.048 Y57.218 E0.02998
G1 X63.977 Y56.671 E0.02614
G1 X63.917 Y55.974 E0.03316
G1 X63.892 Y55.361 E0.02908
G1 X63.894 Y54.786 E0.02725
G1 X63.949 Y53.78 E0.04775
G1 X64.015 Y53.181 E0.02856
G1 X64.105 Y52.603 E0.02772
G1 X64.243 Y51.912 E0.0334
G1 X64.373 Y51.387 E0.02563
G1 X64.666 Y50.419 E0.04793
G1 X64.843 Y49.93 E0.02465
G1 X65.142 Y49.216 E0.03669
G1 X65.541 Y48.39 E0.04348
G1 X65.857 Y47.82 E0.03089
G1 X66.289 Y47.124 E0.03883
G0 F18000 X66.916 Y47.555
G1 F2700 X67.312 Y46.991 E0.03266
G1 X67.629 Y46.578 E0.02468
G1 X68.062 Y46.06 E0.032
G1 X68.462 Y45.628 E0.0279
G1 X68.881 Y45.211 E0.02802
G1 X69.338 Y44.794 E0.02932
G1 X70.015 Y44.243 E0.04137
G1 X70.513 Y43.881 E0.02918
G1 X71.248 Y43.404 E0.04153
G1 X71.701 Y43.144 E0.02476
G1 X72.292 Y42.837 E0.03156
G1 X72.828 Y42.589 E0.02799
G1 X73.38 Y42.361 E0.02831
G1 X73.94 Y42.159 E0.02822
G1 X74.507 Y41.982 E0.02815
G1 X75.083 Y41.829 E0.02825
G1 X75.664 Y41.702 E0.02819
G1 X76.255 Y41.599 E0.02843
G1 X76.771 Y41.532 E0.02466
G1 X77.453 Y41.473 E0.03244
G1 X78.329 Y41.446 E0.04154
G1 X78.85 Y41.458 E0.0247
G1 X79.513 Y41.502 E0.03149
G1 X80.108 Y41.568 E0.02837
G1 X80.624 Y41.648 E0.02475
G1 X81.277 Y41.778 E0.03156
G1 X81.858 Y41.921 E0.02836
G1 X82.359 Y42.068 E0.02475
G1 X83.249 Y42.38 E0.0447
G1 X84.003 Y42.702 E0.03886
G1 X84.634 Y43.013 E0.03334
G1 X85.412 Y43.454 E0.04239
G1 X86.142 Y43.934 E0.04141
G1 X86.636 Y44.299 E0.02911
G1 X87.316 Y44.859 E0.04175
G1 X87.748 Y45.259 E0.0279
G1 X88.165 Y45.678 E0.02802
G1 X88.582 Y46.135 E0.02932
G1 X89.134 Y46.813 E0.04144
G1 X89.494 Y47.309 E0.02905
G1 X89.979 Y48.059 E0.04233
G1 X90.413 Y48.837 E0.04222
G1 X90.788 Y49.625 E0.04136
G1 X91.015 Y50.176 E0.02824
G1 X91.222 Y50.751 E0.02896
G1 X91.479 Y51.61 E0.0425
G1 X91.674 Y52.459 E0.04129
G1 X91.777 Y53.051 E0.02848
G1 X91.844 Y53.569 E0.02476
G1 X91.902 Y54.228 E0.03135
G1 X91.927 Y54.824 E0.02827
G1 X91.925 Y55.421 E0.0283
G1 X91.896 Y56.03 E0.0289
G1 X91.808 Y56.905 E0.04168
G1 X91.728 Y57.421 E0.02475
G1 X91.525 Y58.385 E0.04669
G1 X91.313 Y59.138 E0.03708
G1 X91.022 Y59.978 E0.04213
G1 X90.636 Y60.882 E0.04659
G1 X90.373 Y61.414 E0.02813
G1 X90.076 Y61.952 E0.02913
G1 X89.61 Y62.697 E0.04165
G1 X89.31 Y63.124 E0.02473
G1 X88.905 Y63.651 E0.0315
G1 X88.521 Y64.107 E0.02825
G1 X88.117 Y64.545 E0.02824
G1 X87.697 Y64.963 E0.02808
G1 X87.241 Y65.378 E0.02922
G1 X86.561 Y65.932 E0.04157
G1 X86.083 Y66.279 E0.028
G1 X85.585 Y66.611 E0.02837
G1 X85.062 Y66.925 E0.02891
G1 X84.373 Y67.294 E0.03704
G1 X83.477 Y67.701 E0.04664
G1 X82.919 Y67.917 E0.02836
G1 X82.356 Y68.106 E0.02815
G1 X81.767 Y68.275 E0.02904
G1 X81.006 Y68.453 E0.03704
G1 X80.324 Y68.574 E0.03283
G1 X79.808 Y68.641 E0.02466
G1 X78.846 Y68.715 E0.04573
G1 X78.253 Y68.726 E0.02811
G1 X77.733 Y68.715 E0.02465
G1 X77.066 Y68.671 E0.03168
G1 X76.454 Y68.602 E0.02919
G1 X75.592 Y68.457 E0.04143
G1 X75.082 Y68.344 E0.02476
G1 X74.152 Y68.083 E0.04578
G1 X73.59 Y67.891 E0.02815
G1 X73.034 Y67.673 E0.02831
G1 X72.487 Y67.43 E0.02837
G1 X71.965 Y67.17 E0.02764
G1 X71.432 Y66.878 E0.0288
G1 X70.988 Y66.607 E0.02465
G1 X70.195 Y66.064 E0.04555
G1 X69.712 Y65.691 E0.02892
G1 X69.042 Y65.115 E0.04188
G1 X68.667 Y64.754 E0.02467
G1 X68.256 Y64.325 E0.02816
G1 X67.806 Y63.811 E0.03238
G1 X67.265 Y63.118 E0.04167
G1 X66.967 Y62.69 E0.02472
G1 X66.46 Y61.876 E0.04545
G1 X66.17 Y61.346 E0.02863
G1 X65.942 Y60.88 E0.02459
G1 X65.564 Y59.996 E0.04557
G1 X65.361 Y59.435 E0.02828
G1 X65.183 Y58.865 E0.0283
G1 X65.032 Y58.293 E0.02804
G1 X64.905 Y57.711 E0.02823
G1 X64.802 Y57.12 E0.02843
G1 X64.735 Y56.605 E0.02461
G1 X64.677 Y55.942 E0.03154
G1 X64.652 Y55.346 E0.02827
G1 X64.652 Y54.826 E0.02465
G1 X64.705 Y53.864 E0.04566
G1 X64.771 Y53.265 E0.02856
G1 X64.851 Y52.751 E0.02465
G1 X64.981 Y52.094 E0.03174
G1 X65.129 Y51.503 E0.02888
G1 X65.454 Y50.44 E0.05268
G1 X65.827 Y49.545 E0.04596
G1 X66.206 Y48.758 E0.0414
G1 X66.503 Y48.22 E0.02913
G1 X66.916 Y47.555 E0.0371
G0 F18000 X66.6 Y47.343
G1 F2700 X67.011 Y46.76 E0.03381
G1 X67.337 Y46.334 E0.02542
G1 X67.783 Y45.802 E0.0329
G1 X68.194 Y45.359 E0.02864
G1 X68.623 Y44.932 E0.02869
G1 X69.097 Y44.5 E0.0304
G1 X69.79 Y43.936 E0.04235
G1 X70.305 Y43.563 E0.03014
G1 X71.059 Y43.074 E0.04259
G1 X71.526 Y42.807 E0.0255
G1 X72.132 Y42.492 E0.03237
G1 X72.683 Y42.238 E0.02876
G1 X73.251 Y42.004 E0.02912
G1 X73.827 Y41.796 E0.02903
G1 X74.409 Y41.615 E0.02889
G1 X75.002 Y41.458 E0.02907
G1 X75.599 Y41.328 E0.02896
G1 X76.206 Y41.222 E0.0292
G1 X76.737 Y41.154 E0.02537
G1 X77.441 Y41.093 E0.03349
G1 X78.338 Y41.066 E0.04253
G1 X78.875 Y41.079 E0.02546
G1 X79.555 Y41.124 E0.0323
G1 X80.166 Y41.192 E0.02914
G1 X80.698 Y41.275 E0.02552
G1 X81.368 Y41.409 E0.03238
G1 X81.965 Y41.556 E0.02914
G1 X82.483 Y41.709 E0.0256
G1 X83.386 Y42.025 E0.04534
G1 X84.171 Y42.361 E0.04047
G1 X84.82 Y42.682 E0.03432
G1 X85.512 Y43.07 E0.0376
G1 X86.367 Y43.627 E0.04836
G1 X86.877 Y44.005 E0.03009
G1 X87.574 Y44.58 E0.04283
G1 X88.017 Y44.991 E0.02864
G1 X88.444 Y45.42 E0.02869
G1 X88.876 Y45.894 E0.0304
G1 X89.441 Y46.589 E0.04245
G1 X89.756 Y47.019 E0.02526
G1 X90.246 Y47.766 E0.04234
G1 X90.756 Y48.673 E0.04932
G1 X91.139 Y49.48 E0.04234
G1 X91.372 Y50.046 E0.02901
G1 X91.586 Y50.64 E0.02992
G1 X91.849 Y51.524 E0.04371
G1 X92.048 Y52.394 E0.0423
G1 X92.154 Y53.002 E0.02925
G1 X92.223 Y53.536 E0.02552
G1 X92.282 Y54.212 E0.03216
G1 X92.307 Y54.825 E0.02908
G1 X92.305 Y55.439 E0.0291
G1 X92.276 Y56.048 E0.0289
G1 X92.184 Y56.963 E0.04359
G1 X92.104 Y57.479 E0.02475
G1 X91.891 Y58.488 E0.04888
G1 X91.64 Y59.365 E0.04323
G1 X91.376 Y60.117 E0.03777
G1 X90.977 Y61.05 E0.04809
G1 X90.706 Y61.598 E0.02898
G1 X90.399 Y62.152 E0.03002
G1 X89.98 Y62.827 E0.03765
G1 X89.611 Y63.356 E0.03057
G1 X89.196 Y63.896 E0.03228
G1 X88.8 Y64.365 E0.02909
G1 X88.385 Y64.814 E0.02898
G1 X87.954 Y65.243 E0.02882
G1 X87.482 Y65.672 E0.03023
G1 X86.784 Y66.24 E0.04265
G1 X86.306 Y66.587 E0.028
G1 X85.781 Y66.937 E0.02991
G1 X85.258 Y67.251 E0.02891
G1 X84.539 Y67.636 E0.03866
G1 X83.614 Y68.055 E0.04813
G1 X83.04 Y68.277 E0.02917
G1 X82.461 Y68.471 E0.02894
G1 X81.854 Y68.645 E0.02993
G1 X81.072 Y68.827 E0.03805
G1 X80.373 Y68.951 E0.03365
G1 X79.838 Y69.02 E0.02557
G1 X78.853 Y69.095 E0.04682
G1 X78.245 Y69.106 E0.02882
G1 X77.708 Y69.094 E0.02546
G1 X77.025 Y69.049 E0.03244
G1 X76.391 Y68.977 E0.03024
G1 X75.51 Y68.828 E0.04235
G1 X74.98 Y68.71 E0.02573
G1 X74.029 Y68.443 E0.04682
G1 X73.451 Y68.245 E0.02896
G1 X72.895 Y68.027 E0.02831
G1 X72.318 Y67.77 E0.02994
G1 X71.782 Y67.503 E0.02838
G1 X71.234 Y67.202 E0.02963
G1 X70.774 Y66.921 E0.02555
G1 X70.048 Y66.427 E0.04162
G1 X69.465 Y65.98 E0.03482
G1 X68.778 Y65.389 E0.04295
G1 X68.393 Y65.017 E0.02537
G1 X67.97 Y64.575 E0.029
G1 X67.507 Y64.046 E0.03332
G1 X66.953 Y63.335 E0.04272
G1 X66.645 Y62.892 E0.02557
G1 X66.127 Y62.058 E0.04653
G1 X65.829 Y61.513 E0.02944
G1 X65.593 Y61.03 E0.02548
G1 X65.211 Y60.138 E0.04599
G1 X64.998 Y59.548 E0.02973
G1 X64.816 Y58.962 E0.02908
G1 X64.661 Y58.374 E0.02882
G1 X64.531 Y57.776 E0.029
G1 X64.425 Y57.169 E0.0292
G1 X64.356 Y56.638 E0.02538
G1 X64.297 Y55.958 E0.03235
G1 X64.272 Y55.362 E0.02827
G1 X64.273 Y54.806 E0.02635
G1 X64.327 Y53.822 E0.04671
G1 X64.393 Y53.223 E0.02856
G1 X64.478 Y52.677 E0.02619
G1 X64.612 Y52.003 E0.03257
G1 X64.766 Y51.392 E0.02986
G1 X65.024 Y50.548 E0.04183
G1 X65.194 Y50.076 E0.02378
G1 X65.484 Y49.381 E0.03569
G1 X65.873 Y48.574 E0.04246
G1 X66.18 Y48.02 E0.03002
G1 X66.6 Y47.343 E0.03776
G1 F1800 E-3.5
G0 F18000 X65.41 Y53.395
G0 X65.303 Y55.368
G0 X65.497 Y57.341
G0 X65.989 Y59.259
G0 X66.619 Y60.737
G0 X85.938 Y97.048
G1 F1800 E3.52079
G1 F2700 X86.576 Y96.971 E0.03046
G1 X133.506 Y96.975 E2.22428
G1 X134.033 Y97.051 E0.02524
G1 X134.531 Y97.239 E0.02523
G1 X134.945 Y97.503 E0.02327
G1 X135.269 Y97.812 E0.02122
G1 X135.571 Y98.246 E0.02506
G1 X135.797 Y98.783 E0.02761
G1 X135.874 Y99.421 E0.03046
G1 X135.87 Y120.661 E1.00668
G1 X135.794 Y121.188 E0.02524
G1 X135.606 Y121.686 E0.02523
G1 X135.342 Y122.1 E0.02327
G1 X135.033 Y122.424 E0.02122
G1 X134.599 Y122.726 E0.02506
G1 X134.062 Y122.952 E0.02761
G1 X133.424 Y123.029 E0.03046
G1 X86.494 Y123.025 E2.22428
G1 X85.967 Y122.949 E0.02524
G1 X85.469 Y122.761 E0.02523
G1 X85.055 Y122.497 E0.02327
G1 X84.731 Y122.188 E0.02122
G1 X84.429 Y121.754 E0.02506
G1 X84.203 Y121.217 E0.02761
G1 X84.126 Y120.579 E0.03046
G1 X84.13 Y99.339 E1.00668
G1 X84.206 Y98.812 E0.02524
G1 X84.394 Y98.314 E0.02523
G1 X84.658 Y97.9 E0.02327
G1 X84.967 Y97.576 E0.02122
G1 X85.401 Y97.274 E0.02506
G1 X85.938 Y97.048 E0.02761
G0 F18000 X86.134 Y97.79
G1 F2700 X86.576 Y97.731 E0.02113
G1 X133.424 Y97.731 E2.22039
G1 X133.789 Y97.771 E0.0174
G1 X134.137 Y97.889 E0.01742
G1 X134.451 Y98.079 E0.01739
G1 X134.716 Y98.332 E0.01736
G1 X134.921 Y98.637 E0.01742
G1 X135.055 Y98.979 E0.01741
G1 X135.114 Y99.421 E0.02113
G1 X135.114 Y120.579 E1.0028
G1 X135.074 Y120.944 E0.0174
G1 X134.956 Y121.292 E0.01742
G1 X134.766 Y121.606 E0.01739
G1 X134.513 Y121.871 E0.01736
G1 X134.208 Y122.076 E0.01742
G1 X133.866 Y122.21 E0.01741
G1 X133.424 Y122.269 E0.02113
G1 X86.576 Y122.269 E2.22039
G1 X86.211 Y122.229 E0.0174
G1 X85.863 Y122.111 E0.01742
G1 X85.549 Y121.921 E0.01739
G1 X85.284 Y121.668 E0.01736
G1 X85.079 Y121.363 E0.01742
G1 X84.945 Y121.021 E0.01741
G1 X84.886 Y120.579 E0.02113
G1 X84.886 Y99.421 E1.0028
G1 X84.926 Y99.056 E0.0174
G1 X85.044 Y98.708 E0.01742
G1 X85.234 Y98.394 E0.01739
G1 X85.487 Y98.129 E0.01736
G1 X85.792 Y97.924 E0.01742
G1 X86.134 Y97.79 E0.01741
G0 F18000 X86.084 Y97.413
G1 F2700 X86.526 Y97.354 E0.02113
G1 X133.465 Y97.353 E2.22471
G1 X133.911 Y97.411 E0.02132
G1 X134.334 Y97.564 E0.02132
G1 X134.713 Y97.804 E0.02126
G1 X135.031 Y98.12 E0.02125
G1 X135.275 Y98.498 E0.02132
G1 X135.432 Y98.929 E0.02174
G1 X135.491 Y99.371 E0.02113
G1 X135.492 Y120.62 E1.00711
G1 X135.434 Y121.066 E0.02132
G1 X135.281 Y121.489 E0.02132
G1 X135.041 Y121.868 E0.02126
G1 X134.725 Y122.186 E0.02125
G1 X134.347 Y122.43 E0.02132
G1 X133.916 Y122.587 E0.02174
G1 X133.474 Y122.646 E0.02113
G1 X86.535 Y122.647 E2.22471
G1 X86.089 Y122.589 E0.02132
G1 X85.666 Y122.436 E0.02132
G1 X85.287 Y122.196 E0.02126
G1 X84.969 Y121.88 E0.02125
G1 X84.725 Y121.502 E0.02132
G1 X84.568 Y121.071 E0.02174
G1 X84.509 Y120.629 E0.02113
G1 X84.508 Y99.38 E1.00711
G1 X84.566 Y98.934 E0.02132
G1 X84.719 Y98.511 E0.02132
G1 X84.959 Y98.132 E0.02126
G1 X85.275 Y97.814 E0.02125
G1 X85.653 Y97.57 E0.02132
G1 X86.084 Y97.413 E0.02174
G1 F1800 E-3.5
G0 F18000 X134.452 Y98.393
G0 X139.13 Y99.339
G1 F1800 E3.52079
G1 F2700 X139.206 Y98.812 E0.02524
G1 X139.394 Y98.314 E0.02523
G1 X139.658 Y97.9 E0.02327
G1 X139.967 Y97.576 E0.02122
G1 X140.401 Y97.274 E0.02506
G1 X140.938 Y97.048 E0.02761
G1 X141.576 Y96.971 E0.03046
G1 X188.506 Y96.975 E2.22428
G1 X189.033 Y97.051 E0.02524
G1 X189.531 Y97.239 E0.02523
G1 X189.945 Y97.503 E0.02327
G1 X190.269 Y97.812 E0.02122
G1 X190.571 Y98.246 E0.02506
G1 X190.797 Y98.783 E0.02761
G1 X190.874 Y99.421 E0.03046
G1 X190.87 Y120.661 E1.00668
G1 X190.794 Y121.188 E0.02524
G1 X190.606 Y121.686 E0.02523
G1 X190.342 Y122.1 E0.02327
G1 X190.033 Y122.424 E0.02122
G1 X189.599 Y122.726 E0.02506
G1 X189.144 Y122.918 E0.02341
G1 X188.524 Y123.023 E0.0298
G1 X141.494 Y123.025 E2.22902
G1 X140.967 Y122.949 E0.02524
G1 X140.469 Y122.761 E0.02523
G1 X140.055 Y122.497 E0.02327
G1 X139.731 Y122.188 E0.02122
G1 X139.429 Y121.754 E0.02506
G1 X139.203 Y121.217 E0.02761
G1 X139.126 Y120.579 E0.03046
G1 X139.13 Y99.339 E1.00668
G0 F18000 X139.886 Y99.421
G1 F2700 X139.926 Y99.056 E0.0174
G1 X140.044 Y98.708 E0.01742
G1 X140.234 Y98.394 E0.01739
G1 X140.487 Y98.129 E0.01736
G1 X140.792 Y97.924 E0.01742
G1 X141.134 Y97.79 E0.01741
G1 X141.576 Y97.731 E0.02113
G1 X188.424 Y97.731 E2.22039
G1 X188.789 Y97.771 E0.0174
G1 X189.137 Y97.889 E0.01742
G1 X189.451 Y98.079 E0.01739
G1 X189.716 Y98.332 E0.01736
G1 X189.921 Y98.637 E0.01742
G1 X190.055 Y98.979 E0.01741
G1 X190.114 Y99.421 E0.02113
G1 X190.114 Y120.579 E1.0028
G1 X190.074 Y120.944 E0.0174
G1 X189.956 Y121.292 E0.01742
G1 X189.766 Y121.606 E0.01739
G1 X189.513 Y121.871 E0.01736
G1 X189.208 Y122.076 E0.01742
G1 X188.866 Y122.21 E0.01741
G1 X188.424 Y122.269 E0.02113
G1 X141.576 Y122.269 E2.22039
G1 X141.211 Y122.229 E0.0174
G1 X140.863 Y122.111 E0.01742
G1 X140.549 Y121.921 E0.01739
G1 X140.284 Y121.668 E0.01736
G1 X140.079 Y121.363 E0.01742
G1 X139.945 Y121.021 E0.01741
G1 X139.886 Y120.579 E0.02113
G1 X139.886 Y99.421 E1.0028
G0 F18000 X139.508 Y99.38
G1 F2700 X139.566 Y98.934 E0.02132
G1 X139.719 Y98.511 E0.02132
G1 X139.959 Y98.132 E0.02126
G1 X140.275 Y97.814 E0.02125
G1 X140.653 Y97.57 E0.02132
G1 X141.084 Y97.413 E0.02174
G1 X141.526 Y97.354 E0.02113
G1 X188.465 Y97.353 E2.22471
G1 X188.911 Y97.411 E0.02132
G1 X189.334 Y97.564 E0.02132
G1 X189.713 Y97.804 E0.02126
G1 X190.031 Y98.12 E0.02125
G1 X190.275 Y98.498 E0.02132
G1 X190.432 Y98.929 E0.02174
G1 X190.491 Y99.371 E0.02113
G1 X190.492 Y120.62 E1.00711
G1 X190.434 Y121.066 E0.02132
G1 X190.281 Y121.489 E0.02132
G1 X190.041 Y121.868 E0.02126
G1 X189.725 Y122.186 E0.02125
G1 X189.347 Y122.43 E0.02132
G1 X188.916 Y122.587 E0.02174
G1 X188.474 Y122.646 E0.02113
G1 X141.535 Y122.647 E2.22471
G1 X141.089 Y122.589 E0.02132
G1 X140.666 Y122.436 E0.02132
G1 X140.287 Y122.196 E0.02126
G1 X139.969 Y121.88 E0.02125
G1 X139.725 Y121.502 E0.02132
G1 X139.568 Y121.071 E0.02174
G1 X139.509 Y120.629 E0.02113
G1 X139.508 Y99.38 E1.00711
G1 F1800 E-3.5
;MESH:01_Prime_Insulator.STL
G0 F18000 X81.378 Y67.702
G0 X80.791 Y66.352
G0 X78.584 Y66.081
;TYPE:WALL-INNER
G1 F1800 E3.52079
G1 F2992.1 X78.764 Y66.074 E0.0071
G1 X79.063 Y66.057 E0.01181
G1 F3007.9 X79.489 Y66.019 E0.01678
G1 F2992.1 X79.774 Y65.984 E0.01133
G1 F2984.3 X80.219 Y65.915 E0.01781
G1 X80.71 Y65.814 E0.01982
G1 F2992.1 X80.942 Y65.759 E0.0094
G1 X81.179 Y65.698 E0.00965
G1 F2984.3 X81.417 Y65.631 E0.00978
G1 F3015.9 X81.877 Y65.482 E0.01892
G1 F3031.9 X82.109 Y65.398 E0.0096
G1 F3000 X82.514 Y65.24 E0.0171
G1 F2984.3 X82.779 Y65.126 E0.01141
G1 F2992.1 X83.191 Y64.93 E0.018
G1 F2984.3 X83.402 Y64.824 E0.00934
G1 F3000 X83.772 Y64.62 E0.01662
G1 F3007.9 X84.042 Y64.46 E0.01231
G1 X84.452 Y64.194 E0.01918
G1 F3015.9 X84.794 Y63.955 E0.01633
G1 F2992.1 X84.984 Y63.811 E0.0094
G1 F3007.9 X85.211 Y63.633 E0.01132
G1 F3015.9 X85.432 Y63.451 E0.0112
G1 F2992.1 X85.585 Y63.317 E0.00802
G1 X85.905 Y63.021 E0.01719
G1 F3000 X86.109 Y62.818 E0.01132
G1 X86.427 Y62.484 E0.01814
G1 F2992.1 X86.59 Y62.302 E0.00964
G1 F3000 X86.87 Y61.968 E0.01715
G1 F3007.9 X87.045 Y61.741 E0.01125
G1 F3000 X87.19 Y61.545 E0.00959
G1 F3015.9 X87.46 Y61.16 E0.0184
G1 F3000 X87.686 Y60.801 E0.01669
G1 F2984.3 X87.841 Y60.539 E0.01204
G1 F3007.9 X88.053 Y60.148 E0.01745
G1 X88.27 Y59.702 E0.01946
G1 F3015.9 X88.366 Y59.494 E0.00896
G1 F3040 X88.553 Y59.039 E0.0191
G1 F3031.9 X88.724 Y58.563 E0.01969
G1 F3007.9 X88.862 Y58.114 E0.01843
G1 F2992.1 X88.969 Y57.716 E0.01626
G1 F3000 X89.033 Y57.444 E0.01099
G1 F3007.9 X89.119 Y57.013 E0.01724
G1 X89.162 Y56.758 E0.01015
G1 F3023.9 X89.234 Y56.187 E0.02246
G1 F3007.9 X89.239 Y56.1 E0.00342
G1 X89.268 Y55.768 E0.01308
G1 F3015.9 X89.279 Y55.527 E0.00944
G1 F3000 X89.286 Y55.272 E0.01004
G1 X89.286 Y54.835 E0.01719
G1 F2992.1 X89.278 Y54.608 E0.00896
G1 F3000 X89.263 Y54.324 E0.01119
G1 F3015.9 X89.222 Y53.867 E0.01795
G1 X89.19 Y53.61 E0.01013
G1 F3007.9 X89.154 Y53.371 E0.00948
G1 X89.11 Y53.113 E0.01027
G1 F3000 X89.016 Y52.654 E0.01843
G1 F2984.3 X88.899 Y52.182 E0.01923
G1 F2976.5 X88.86 Y52.043 E0.00572
G1 F3000 X88.766 Y51.735 E0.01267
G1 X88.702 Y51.544 E0.00792
G1 F3007.9 X88.558 Y51.137 E0.01694
G1 F3031.9 X88.331 Y50.597 E0.0228
G1 F3007.9 X88.248 Y50.417 E0.00778
G1 F3015.9 X88.132 Y50.177 E0.01043
G1 F3023.9 X88.021 Y49.959 E0.00955
G1 F3007.9 X87.785 Y49.533 E0.01911
G1 X87.654 Y49.315 E0.00998
G1 F3000 X87.417 Y48.948 E0.01719
G1 F2992.1 X87.273 Y48.737 E0.01008
G1 X87.128 Y48.539 E0.00968
G1 F2984.3 X86.841 Y48.168 E0.01855
G1 F2992.1 X86.684 Y47.976 E0.00978
G1 F2984.3 X86.401 Y47.658 E0.01683
G1 F2968.8 X86.207 Y47.452 E0.01125
G1 F2976.5 X86.019 Y47.262 E0.0106
G1 X85.716 Y46.973 E0.0166
G1 F2984.3 X85.603 Y46.869 E0.00607
G1 F3015.9 X85.349 Y46.651 E0.0131
G1 F3031.9 X85.116 Y46.46 E0.01173
G1 F3007.9 X84.98 Y46.355 E0.00674
G1 F2984.3 X84.744 Y46.18 E0.01162
G1 F2992.1 X84.358 Y45.912 E0.01853
G1 X83.991 Y45.679 E0.01715
G1 F3000 X83.769 Y45.547 E0.01016
G1 F3015.9 X83.341 Y45.313 E0.01909
G1 F3031.9 X82.922 Y45.109 E0.01814
G1 X82.68 Y45 E0.01033
G1 F3015.9 X82.442 Y44.899 E0.01012
G1 F3040 X82.023 Y44.738 E0.01743
G1 X81.851 Y44.678 E0.00707
G1 F3023.9 X81.58 Y44.59 E0.01112
G1 F3015.9 X81.318 Y44.511 E0.01071
G1 F2992.1 X80.901 Y44.4 E0.01702
G1 F3007.9 X80.617 Y44.334 E0.01144
G1 F3015.9 X80.365 Y44.283 E0.01006
G1 F2992.1 X79.966 Y44.213 E0.01598
G1 F2984.3 X79.444 Y44.146 E0.02081
G1 F2992.1 X79.221 Y44.124 E0.00884
G1 F3000 X78.713 Y44.094 E0.02002
G1 F2992.1 X78.526 Y44.088 E0.00738
G1 X78.23 Y44.086 E0.01168
G1 F3000 X77.768 Y44.099 E0.01818
G1 X77.532 Y44.112 E0.0093
G1 F3007.9 X77.267 Y44.133 E0.01043
G1 X76.83 Y44.183 E0.01726
G1 X76.355 Y44.255 E0.01885
G1 F3023.9 X75.863 Y44.356 E0.0196
G1 F3000 X75.617 Y44.412 E0.00992
G1 F2992.1 X75.382 Y44.475 E0.0096
G1 F3000 X74.941 Y44.607 E0.01811
G1 F2992.1 X74.513 Y44.752 E0.01782
G1 F3000 X74.062 Y44.929 E0.01906
G1 F3023.9 X73.795 Y45.046 E0.01138
G1 F3015.9 X73.421 Y45.223 E0.01619
G1 F2984.3 X73.168 Y45.35 E0.01119
G1 F2992.1 X72.745 Y45.583 E0.01905
G1 F3000 X72.529 Y45.714 E0.00994
G1 F2992.1 X72.156 Y45.953 E0.01747
G1 X71.753 Y46.235 E0.0194
G1 X71.407 Y46.502 E0.01724
G1 F3000 X71.166 Y46.702 E0.01232
G1 F3015.9 X70.822 Y47.008 E0.01802
G1 F3023.9 X70.485 Y47.33 E0.01819
G1 F3007.9 X70.339 Y47.482 E0.00827
G1 F2992.1 X70.074 Y47.77 E0.01544
G1 F3007.9 X69.846 Y48.033 E0.01366
G1 F3000 X69.675 Y48.244 E0.01068
G1 F2992.1 X69.388 Y48.624 E0.01878
G1 F3023.9 X69.278 Y48.776 E0.00732
G1 X69.105 Y49.029 E0.01196
G1 F2992.1 X68.912 Y49.332 E0.01417
G1 F2984.3 X68.735 Y49.63 E0.01371
G1 F3000 X68.516 Y50.034 E0.01808
G1 F3023.9 X68.301 Y50.474 E0.01911
G1 F3007.9 X68.126 Y50.877 E0.01724
G1 F3000 X68.016 Y51.152 E0.01165
G1 F3007.9 X67.857 Y51.589 E0.01825
G1 F2984.3 X67.721 Y52.033 E0.01836
G1 X67.652 Y52.275 E0.00995
G1 F2992.1 X67.579 Y52.576 E0.01222
G1 X67.5 Y52.939 E0.01465
G1 F3000 X67.41 Y53.436 E0.01987
G1 X67.342 Y53.981 E0.02161
G1 F2992.1 X67.337 Y54.068 E0.00344
G1 X67.308 Y54.401 E0.01318
G1 X67.291 Y54.846 E0.01756
G1 X67.286 Y55.131 E0.01124
G1 X67.297 Y55.56 E0.01693
G1 F3000 X67.315 Y55.856 E0.01167
G1 F2984.3 X67.354 Y56.282 E0.01692
G1 F2968.8 X67.388 Y56.564 E0.01129
G1 X67.409 Y56.709 E0.00582
G1 F2984.3 X67.466 Y57.053 E0.01379
G1 F3007.9 X67.558 Y57.51 E0.01829
G1 F2992.1 X67.616 Y57.757 E0.01001
G1 F2976.5 X67.716 Y58.125 E0.01512
G1 F3000 X67.812 Y58.437 E0.01284
G1 F3015.9 X67.966 Y58.89 E0.01872
G1 F3007.9 X68.034 Y59.069 E0.00751
G1 F3000 X68.242 Y59.565 E0.02116
G1 F2976.5 X68.327 Y59.75 E0.00807
G1 F3000 X68.56 Y60.218 E0.02057
G1 F3007.9 X68.779 Y60.615 E0.01779
G1 F2984.3 X69.013 Y60.999 E0.01778
G1 F2992.1 X69.177 Y61.249 E0.01179
G1 X69.452 Y61.638 E0.01879
G1 X69.731 Y61.996 E0.0179
G1 F3000 X69.924 Y62.23 E0.01193
G1 F2992.1 X70.223 Y62.563 E0.01765
G1 F2976.5 X70.343 Y62.69 E0.00693
G1 F2984.3 X70.55 Y62.901 E0.01169
G1 F3000 X70.894 Y63.228 E0.01867
G1 X71.071 Y63.385 E0.00931
G1 F2992.1 X71.41 Y63.67 E0.01747
G1 X71.829 Y63.988 E0.02075
G1 F3000 X72.221 Y64.259 E0.01875
G1 X72.614 Y64.508 E0.0183
G1 F3007.9 X72.799 Y64.619 E0.00846
G1 F3015.9 X73.224 Y64.851 E0.01895
G1 F3023.9 X73.634 Y65.05 E0.01779
G1 F3015.9 X74.111 Y65.261 E0.02041
G1 F2992.1 X74.543 Y65.429 E0.01828
G1 X74.979 Y65.574 E0.01812
G1 F3007.9 X75.262 Y65.661 E0.01162
G1 F3000 X75.644 Y65.761 E0.01553
G1 F2992.1 X75.958 Y65.835 E0.01272
G1 X76.359 Y65.913 E0.01611
G1 F3000 X76.628 Y65.96 E0.01074
G1 F3023.9 X76.91 Y65.999 E0.01111
G1 X77.195 Y66.03 E0.01119
G1 F3015.9 X77.611 Y66.064 E0.01633
G1 F3023.9 X77.863 Y66.077 E0.00985
G1 F3015.9 X78.303 Y66.086 E0.01722
G1 F3007.9 X78.584 Y66.081 E0.01103
G0 F18000 X75.968 Y65.715
G0 X74.598 Y65.319
G0 X73.298 Y64.753
G0 X71.886 Y63.882
G0 X70.618 Y62.802
G0 X69.536 Y61.547
G0 X68.657 Y60.146
G0 X67.999 Y58.614
G0 X67.581 Y57.012
G0 X67.423 Y55.59
G0 X67.471 Y53.945
G0 X67.771 Y52.305
G0 X68.315 Y50.744
G0 X68.99 Y49.441
G0 X69.955 Y48.093
G0 X70.912 Y47.089
G0 X72.215 Y46.06
G0 X73.658 Y45.241
G0 X74.54 Y44.906
G0 X76.82 Y44.125
G0 X76.777 Y43.807
G1 F3000 X77.3 Y43.748 E0.0207
G1 X77.538 Y43.729 E0.00939
G1 X78.037 Y43.706 E0.01965
G1 X78.526 Y43.707 E0.01924
G1 X78.982 Y43.728 E0.01796
G1 X79.251 Y43.746 E0.01061
G1 X79.479 Y43.767 E0.00901
G1 X80.015 Y43.836 E0.02126
G1 X80.471 Y43.917 E0.01822
G1 X80.991 Y44.03 E0.02093
G1 X81.467 Y44.158 E0.01939
G1 X81.966 Y44.317 E0.0206
G1 X82.378 Y44.469 E0.01728
G1 X82.636 Y44.569 E0.01089
G1 X82.83 Y44.653 E0.00832
G1 X83.318 Y44.88 E0.02117
G1 X83.51 Y44.975 E0.00843
G1 X83.759 Y45.107 E0.01109
G1 X83.927 Y45.201 E0.00757
G1 X84.184 Y45.351 E0.01171
G1 X84.593 Y45.611 E0.01907
G1 X84.963 Y45.869 E0.01774
G1 X85.209 Y46.051 E0.01204
G1 X85.353 Y46.166 E0.00725
G1 X85.821 Y46.555 E0.02394
G1 X85.972 Y46.69 E0.00797
G1 X86.155 Y46.862 E0.00988
G1 X86.5 Y47.206 E0.01917
G1 X86.677 Y47.395 E0.01019
G1 X86.972 Y47.729 E0.01753
G1 X87.151 Y47.946 E0.01107
G1 X87.43 Y48.308 E0.01798
G1 X87.602 Y48.544 E0.01149
G1 X87.884 Y48.966 E0.01997
G1 X88.111 Y49.339 E0.01718
G1 X88.354 Y49.779 E0.01977
G1 X88.589 Y50.249 E0.02067
G1 X88.677 Y50.444 E0.00842
G1 X88.855 Y50.861 E0.01784
G1 X89.061 Y51.415 E0.02325
G1 X89.217 Y51.911 E0.02045
G1 X89.22 Y51.912 E0.00012
G1 X89.329 Y52.325 E0.0168
G1 X89.386 Y52.568 E0.00982
G1 X89.448 Y52.86 E0.01174
G1 X89.486 Y53.06 E0.00801
G1 X89.543 Y53.397 E0.01345
G1 X89.601 Y53.84 E0.01758
G1 X89.624 Y54.086 E0.00972
G1 X89.658 Y54.585 E0.01968
G1 X89.666 Y54.835 E0.00984
G1 X89.666 Y55.272 E0.01719
G1 X89.658 Y55.575 E0.01192
G1 X89.646 Y55.766 E0.00753
G1 X89.605 Y56.279 E0.02024
G1 X89.576 Y56.523 E0.00967
G1 X89.537 Y56.81 E0.01139
G1 X89.497 Y57.052 E0.00965
G1 X89.399 Y57.546 E0.01981
G1 X89.339 Y57.802 E0.01034
G1 X89.228 Y58.214 E0.01679
G1 X89.14 Y58.506 E0.012
G1 X89.069 Y58.727 E0.00913
G1 X88.981 Y58.973 E0.01028
G1 X88.801 Y59.434 E0.01947
G1 X88.714 Y59.641 E0.00883
G1 X88.615 Y59.859 E0.00942
G1 X88.381 Y60.338 E0.02097
G1 X88.161 Y60.746 E0.01823
G1 X88.013 Y60.997 E0.01146
G1 X87.784 Y61.354 E0.01668
G1 X87.611 Y61.609 E0.01212
G1 X87.348 Y61.969 E0.01754
G1 X87.169 Y62.2 E0.0115
G1 X86.882 Y62.545 E0.01765
G1 X86.707 Y62.741 E0.01034
G1 X86.38 Y63.084 E0.01864
G1 X86.17 Y63.292 E0.01163
G1 X85.794 Y63.641 E0.02018
G1 X85.649 Y63.765 E0.00751
G1 X85.218 Y64.111 E0.02174
G1 X85.022 Y64.258 E0.00964
G1 X84.817 Y64.402 E0.00986
G1 X84.401 Y64.683 E0.01975
G1 X84.245 Y64.782 E0.00727
G1 X83.588 Y65.157 E0.02976
G1 X83.095 Y65.399 E0.0216
G1 X82.936 Y65.472 E0.00688
G1 X82.662 Y65.59 E0.01174
G1 X82.186 Y65.774 E0.02008
G1 X81.737 Y65.93 E0.0187
G1 X81.478 Y66.01 E0.01066
G1 X81.011 Y66.134 E0.01901
G1 X80.796 Y66.184 E0.00868
G1 X80.266 Y66.294 E0.02129
G1 X79.827 Y66.361 E0.01747
G1 X79.533 Y66.396 E0.01165
G1 X79.278 Y66.42 E0.01008
G1 X78.787 Y66.455 E0.01936
G1 X78.308 Y66.466 E0.01885
G1 X78.044 Y66.462 E0.01039
G1 X77.588 Y66.441 E0.01796
G1 X77.161 Y66.407 E0.01685
G1 X76.833 Y66.371 E0.01298
G1 X76.538 Y66.33 E0.01172
G1 X76.32 Y66.292 E0.00871
G1 X75.849 Y66.2 E0.01888
G1 X75.558 Y66.131 E0.01176
G1 X75.131 Y66.018 E0.01738
G1 X74.868 Y65.937 E0.01083
G1 X74.423 Y65.79 E0.01844
G1 X73.944 Y65.603 E0.02023
G1 X73.916 Y65.588 E0.00125
G1 X73.709 Y65.499 E0.00886
G1 X73.459 Y65.386 E0.01079
G1 X73.037 Y65.181 E0.01846
G1 X72.616 Y64.95 E0.01889
G1 X72.418 Y64.833 E0.00905
G1 X72.004 Y64.572 E0.01925
G1 X71.763 Y64.407 E0.01149
G1 X71.608 Y64.296 E0.0075
G1 X71.168 Y63.964 E0.02168
G1 X70.823 Y63.673 E0.01775
G1 X70.602 Y63.477 E0.01162
G1 X70.284 Y63.172 E0.01733
G1 X70.071 Y62.956 E0.01193
G1 X69.923 Y62.798 E0.00852
G1 X69.636 Y62.478 E0.01691
G1 X69.437 Y62.236 E0.01233
G1 X69.113 Y61.82 E0.02074
G1 X68.865 Y61.464 E0.01707
G1 X68.694 Y61.205 E0.01221
G1 X68.454 Y60.812 E0.01811
G1 X68.226 Y60.396 E0.01866
G1 X67.986 Y59.92 E0.02097
G1 X67.873 Y59.673 E0.01069
G1 X67.683 Y59.209 E0.01972
G1 X67.594 Y58.979 E0.0097
G1 X67.515 Y58.749 E0.00957
G1 X67.359 Y58.257 E0.0203
G1 X67.248 Y57.854 E0.01644
G1 X67.183 Y57.572 E0.01138
G1 X67.128 Y57.304 E0.01076
G1 X67.032 Y56.772 E0.02127
G1 X66.975 Y56.328 E0.01761
G1 X66.937 Y55.884 E0.01753
G1 X66.917 Y55.583 E0.01187
G1 X66.906 Y55.136 E0.01759
G1 X66.91 Y54.84 E0.01165
G1 X66.929 Y54.403 E0.01721
G1 X66.965 Y53.946 E0.01803
G1 X67.005 Y53.601 E0.01366
G1 X67.035 Y53.384 E0.00862
G1 X67.08 Y53.116 E0.01069
G1 X67.078 Y53.114 E0.00011
G1 X67.178 Y52.624 E0.01967
G1 X67.292 Y52.149 E0.01922
G1 X67.443 Y51.639 E0.02092
G1 X67.507 Y51.442 E0.00815
G1 X67.661 Y51.022 E0.0176
G1 X67.773 Y50.736 E0.01208
G1 X67.974 Y50.28 E0.0196
G1 X68.177 Y49.867 E0.0181
G1 X68.312 Y49.611 E0.01139
G1 X68.403 Y49.446 E0.00741
G1 X68.559 Y49.183 E0.01203
G1 X68.685 Y48.978 E0.00947
G1 X68.79 Y48.819 E0.0075
G1 X69.078 Y48.406 E0.01981
G1 X69.26 Y48.158 E0.0121
G1 X69.376 Y48.009 E0.00743
G1 X69.557 Y47.789 E0.01121
G1 X69.895 Y47.4 E0.02027
G1 X70.062 Y47.221 E0.00963
G1 X70.435 Y46.852 E0.02064
G1 X70.779 Y46.534 E0.01843
G1 X71.144 Y46.226 E0.01879
G1 X71.353 Y46.062 E0.01045
G1 X71.529 Y45.93 E0.00865
G1 X71.939 Y45.641 E0.01973
G1 X72.381 Y45.358 E0.02065
G1 X72.594 Y45.231 E0.00976
G1 X72.811 Y45.109 E0.00979
G1 X72.989 Y45.014 E0.00794
G1 X73.251 Y44.883 E0.01152
G1 X73.437 Y44.794 E0.00811
G1 X73.908 Y44.582 E0.02032
G1 X74.377 Y44.398 E0.01982
G1 X74.621 Y44.311 E0.01019
G1 X75.075 Y44.168 E0.01872
G1 X75.52 Y44.043 E0.01818
G1 X76.078 Y43.922 E0.02246
G1 X76.309 Y43.878 E0.00925
G1 X76.777 Y43.807 E0.01862
G0 F18000 X76.82 Y44.125
G0 X78.76 Y44.157
G0 X78.744 Y44.475
G1 F3000 X78.267 Y44.466 E0.01877
G1 X77.821 Y44.478 E0.01755
G1 X77.335 Y44.507 E0.01915
G1 X76.894 Y44.557 E0.01746
G1 X76.649 Y44.591 E0.00973
G1 X76.416 Y44.629 E0.00929
G1 X75.977 Y44.719 E0.01763
G1 X75.792 Y44.76 E0.00745
G1 X75.542 Y44.824 E0.01015
G1 X75.089 Y44.959 E0.01859
G1 X74.653 Y45.105 E0.01809
G1 X74.22 Y45.274 E0.01828
G1 X73.981 Y45.375 E0.01021
G1 X73.377 Y45.669 E0.02643
G1 X72.968 Y45.893 E0.01834
G1 X72.781 Y46.004 E0.00855
G1 X72.382 Y46.26 E0.01865
G1 X71.997 Y46.526 E0.01841
G1 X71.64 Y46.802 E0.01775
G1 X71.435 Y46.971 E0.01045
G1 X71.097 Y47.269 E0.01773
G1 X70.766 Y47.583 E0.01795
G1 X70.37 Y48.007 E0.02282
G1 X70.159 Y48.248 E0.0126
G1 X70.004 Y48.441 E0.00974
G1 X69.726 Y48.805 E0.01802
G1 X69.638 Y48.926 E0.00589
G1 X69.596 Y48.977 E0.0026
G1 X69.45 Y49.195 E0.01032
G1 X69.234 Y49.535 E0.01585
G1 X69.086 Y49.781 E0.01129
G1 X68.868 Y50.177 E0.01778
G1 X68.631 Y50.658 E0.02109
G1 X68.564 Y50.813 E0.00664
G1 X68.38 Y51.259 E0.01898
G1 X68.225 Y51.684 E0.0178
G1 X68.092 Y52.119 E0.01789
G1 X68.025 Y52.35 E0.00946
G1 X67.954 Y52.645 E0.01194
G1 X67.879 Y52.985 E0.0137
G1 X67.791 Y53.45 E0.01862
G1 X67.72 Y54.015 E0.0224
G1 X67.718 Y54.068 E0.00209
G1 X67.688 Y54.406 E0.01335
G1 X67.679 Y54.622 E0.0085
G1 X67.666 Y55.094 E0.01857
G1 X67.678 Y55.576 E0.01897
G1 X67.691 Y55.817 E0.00949
G1 X67.709 Y56.011 E0.00766
G1 X67.761 Y56.484 E0.01872
G1 X67.83 Y56.936 E0.01799
G1 X67.925 Y57.41 E0.01902
G1 X67.976 Y57.633 E0.009
G1 X68.16 Y58.289 E0.0268
G1 X68.332 Y58.787 E0.02073
G1 X68.363 Y58.863 E0.00323
G1 X68.376 Y58.907 E0.0018
G1 X68.571 Y59.369 E0.01973
G1 X68.774 Y59.809 E0.01906
G1 X68.868 Y59.992 E0.00809
G1 X69.09 Y60.394 E0.01807
G1 X69.219 Y60.616 E0.0101
G1 X69.457 Y60.986 E0.01731
G1 X69.725 Y61.368 E0.01836
G1 X70.013 Y61.74 E0.01851
G1 X70.192 Y61.959 E0.01113
G1 X70.483 Y62.285 E0.01719
G1 X70.805 Y62.62 E0.01828
G1 X71.091 Y62.892 E0.01553
G1 X71.288 Y63.071 E0.01047
G1 X71.644 Y63.37 E0.01829
G1 X72.012 Y63.651 E0.01821
G1 X72.392 Y63.918 E0.01827
G1 X72.787 Y64.168 E0.01839
G1 X72.995 Y64.296 E0.00961
G1 X73.404 Y64.518 E0.01831
G1 X73.754 Y64.689 E0.01532
G1 X74.219 Y64.895 E0.02001
G1 X74.693 Y65.08 E0.02002
G1 X74.913 Y65.155 E0.00914
G1 X75.337 Y65.289 E0.01749
G1 X75.584 Y65.355 E0.01006
G1 X76.014 Y65.459 E0.0174
G1 X76.266 Y65.511 E0.01012
G1 X76.667 Y65.582 E0.01602
G1 X76.894 Y65.615 E0.00902
G1 X77.166 Y65.647 E0.01077
G1 X77.605 Y65.684 E0.01733
G1 X77.833 Y65.697 E0.00898
G1 X78.295 Y65.706 E0.01818
G1 X78.551 Y65.703 E0.01007
G1 X79.022 Y65.681 E0.01855
G1 X79.421 Y65.644 E0.01576
G1 X79.692 Y65.611 E0.01074
G1 X80.159 Y65.539 E0.01859
G1 X80.611 Y65.447 E0.01815
G1 X80.818 Y65.399 E0.00836
G1 X81.262 Y65.281 E0.01807
G1 X81.723 Y65.137 E0.019
G1 X81.923 Y65.064 E0.00838
G1 X82.341 Y64.9 E0.01766
G1 X82.57 Y64.804 E0.00977
G1 X82.991 Y64.606 E0.0183
G1 X83.42 Y64.384 E0.019
G1 X83.654 Y64.253 E0.01055
G1 X84.191 Y63.915 E0.02496
G1 X84.575 Y63.645 E0.01847
G1 X84.94 Y63.366 E0.01807
G1 X85.117 Y63.22 E0.00903
G1 X85.29 Y63.072 E0.00896
G1 X85.647 Y62.743 E0.0191
G1 X85.824 Y62.568 E0.00979
G1 X86.128 Y62.248 E0.01736
G1 X86.276 Y62.083 E0.00872
G1 X86.581 Y61.724 E0.01853
G1 X86.733 Y61.528 E0.00976
G1 X86.853 Y61.366 E0.00793
G1 X87.143 Y60.953 E0.01985
G1 X87.351 Y60.62 E0.01545
G1 X87.499 Y60.371 E0.01139
G1 X87.704 Y60 E0.01667
G1 X87.826 Y59.755 E0.01077
G1 X88.023 Y59.336 E0.01821
G1 X88.195 Y58.922 E0.01764
G1 X88.353 Y58.477 E0.01858
G1 X88.489 Y58.036 E0.01815
G1 X88.559 Y57.794 E0.00991
G1 X88.664 Y57.357 E0.01768
G1 X88.747 Y56.939 E0.01676
G1 X88.787 Y56.708 E0.00922
G1 X88.857 Y56.153 E0.02201
G1 X88.858 Y56.1 E0.00209
G1 X88.89 Y55.745 E0.01402
G1 X88.905 Y55.316 E0.01689
G1 X88.906 Y54.835 E0.01892
G1 X88.883 Y54.345 E0.0193
G1 X88.845 Y53.9 E0.01757
G1 X88.819 Y53.69 E0.00832
G1 X88.739 Y53.189 E0.01996
G1 X88.651 Y52.761 E0.01719
G1 X88.539 Y52.302 E0.01859
G1 X88.405 Y51.848 E0.01862
G1 X88.223 Y51.333 E0.02149
G1 X88.225 Y51.33 E0.00014
G1 X88.206 Y51.268 E0.00255
G1 X88.159 Y51.167 E0.00438
G1 X88.005 Y50.795 E0.01584
G1 X87.804 Y50.365 E0.01867
G1 X87.709 Y50.177 E0.00829
G1 X87.47 Y49.747 E0.01935
G1 X87.336 Y49.521 E0.01034
G1 X86.966 Y48.96 E0.02644
G1 X86.856 Y48.81 E0.00732
G1 X86.562 Y48.427 E0.01899
G1 X86.407 Y48.236 E0.00968
G1 X86.27 Y48.087 E0.00796
G1 X86.03 Y47.816 E0.01424
G1 X85.77 Y47.552 E0.01458
G1 X85.368 Y47.17 E0.02182
G1 X85.124 Y46.955 E0.01279
G1 X84.93 Y46.795 E0.00989
G1 X84.569 Y46.523 E0.01778
G1 X84.182 Y46.252 E0.01859
G1 X83.811 Y46.013 E0.01736
G1 X83.576 Y45.873 E0.01076
G1 X83.195 Y45.664 E0.01709
G1 X82.779 Y45.457 E0.01828
G1 X82.348 Y45.269 E0.0185
G1 X81.894 Y45.091 E0.01918
G1 X81.493 Y44.958 E0.01662
G1 X81.261 Y44.889 E0.00952
G1 X81.036 Y44.827 E0.00918
G1 X80.581 Y44.714 E0.01844
G1 X80.316 Y44.657 E0.01066
G1 X79.951 Y44.599 E0.01454
G1 X79.905 Y44.589 E0.00185
G1 X79.598 Y44.547 E0.01219
G1 X79.213 Y44.503 E0.01524
G1 X78.744 Y44.475 E0.01848
G0 F18000 X78.76 Y44.157
G0 X81.067 Y44.567
G0 X82.419 Y45.021
G0 X83.935 Y45.786
G0 X85.258 Y46.731
G0 X86.286 Y47.708
G0 X87.316 Y49.013
G0 X88.033 Y50.246
G0 X88.654 Y51.779
G0 X88.998 Y53.161
G0 X89.169 Y55.051
G0 X89.043 Y56.74
G0 X88.603 Y58.549
G0 X87.94 Y60.11
G0 X87.085 Y61.491
G0 X86.011 Y62.75
G0 X84.751 Y63.84
G0 X83.348 Y64.718
G0 X81.817 Y65.378
G0 X80.523 Y65.715
G0 X78.576 Y66.022
G0 X78.544 Y65.323
;TYPE:WALL-OUTER
G1 F1500 X78.302 Y65.326 E0.00952
G1 X77.854 Y65.318 E0.01763
G1 X77.637 Y65.306 E0.00855
G1 X77.207 Y65.269 E0.01698
G1 X76.949 Y65.239 E0.01022
G1 X76.717 Y65.205 E0.00922
G1 X76.707 Y65.201 E0.00042
G1 X76.296 Y65.129 E0.01641
G1 X76.086 Y65.085 E0.00844
G1 X75.682 Y64.988 E0.01634
G1 X75.451 Y64.926 E0.00941
G1 X75.037 Y64.796 E0.01707
G1 X74.811 Y64.718 E0.00941
G1 X74.373 Y64.547 E0.0185
G1 X73.92 Y64.347 E0.01948
G1 X73.585 Y64.184 E0.01466
G1 X73.177 Y63.962 E0.01827
G1 X72.99 Y63.847 E0.00864
G1 X72.61 Y63.606 E0.0177
G1 X72.256 Y63.36 E0.01696
G1 X71.888 Y63.079 E0.01821
G1 X71.542 Y62.788 E0.01779
G1 X71.353 Y62.617 E0.01003
G1 X71.056 Y62.334 E0.01614
G1 X70.766 Y62.031 E0.0165
G1 X70.485 Y61.717 E0.01658
G1 X70.313 Y61.507 E0.01068
G1 X70.035 Y61.148 E0.01786
G1 X69.777 Y60.78 E0.01768
G1 X69.547 Y60.424 E0.01667
G1 X69.422 Y60.209 E0.00978
G1 X69.218 Y59.843 E0.01648
G1 X69.119 Y59.649 E0.00857
G1 X68.921 Y59.221 E0.01855
G1 X68.726 Y58.755 E0.01987
G1 X68.728 Y58.752 E0.00014
G1 X68.684 Y58.642 E0.00466
G1 X68.525 Y58.182 E0.01915
G1 X68.346 Y57.547 E0.02595
G1 X68.297 Y57.334 E0.0086
G1 X68.206 Y56.879 E0.01825
G1 X68.139 Y56.44 E0.01747
G1 X68.087 Y55.978 E0.01829
G1 X68.07 Y55.783 E0.0077
G1 X68.058 Y55.566 E0.00855
G1 X68.046 Y55.105 E0.01814
G1 X68.066 Y54.44 E0.02617
G1 X68.101 Y54.071 E0.01458
G1 X68.098 Y54.068 E0.00017
G1 X68.165 Y53.52 E0.02172
G1 X68.25 Y53.067 E0.01813
G1 X68.323 Y52.735 E0.01337
G1 X68.389 Y52.457 E0.01124
G1 X68.582 Y51.814 E0.02641
G1 X68.732 Y51.403 E0.01721
G1 X68.91 Y50.971 E0.01838
G1 X68.975 Y50.831 E0.00607
G1 X68.972 Y50.828 E0.00017
G1 X69.201 Y50.36 E0.0205
G1 X69.412 Y49.977 E0.0172
G1 X69.555 Y49.738 E0.01096
G1 X69.765 Y49.407 E0.01542
G1 X69.921 Y49.178 E0.0109
G1 X69.926 Y49.177 E0.0002
G1 X70.012 Y49.056 E0.00584
G1 X70.301 Y48.678 E0.01872
G1 X70.445 Y48.498 E0.00907
G1 X70.648 Y48.266 E0.01213
G1 X71.028 Y47.859 E0.0219
G1 X71.349 Y47.553 E0.01745
G1 X71.675 Y47.265 E0.01711
G1 X71.874 Y47.102 E0.01012
G1 X72.214 Y46.838 E0.01693
G1 X72.568 Y46.592 E0.01696
G1 X72.945 Y46.349 E0.01764
G1 X73.15 Y46.227 E0.00938
G1 X73.545 Y46.01 E0.01773
G1 X74.129 Y45.725 E0.02556
G1 X74.36 Y45.628 E0.00986
G1 X74.773 Y45.465 E0.01747
G1 X75.198 Y45.323 E0.01763
G1 X75.637 Y45.192 E0.01802
G1 X75.877 Y45.13 E0.00975
G1 X76.038 Y45.093 E0.0065
G1 X76.477 Y45.004 E0.01762
G1 X76.701 Y44.967 E0.00893
G1 X76.938 Y44.935 E0.00941
G1 X77.362 Y44.886 E0.01679
G1 X77.589 Y44.87 E0.00895
G1 X77.831 Y44.858 E0.00953
G1 X78.26 Y44.846 E0.01688
G1 X78.723 Y44.854 E0.01822
G1 X79.182 Y44.883 E0.01809
G1 X79.546 Y44.923 E0.01441
G1 X79.843 Y44.964 E0.01179
G1 X80.281 Y45.039 E0.01748
G1 X80.489 Y45.082 E0.00836
G1 X80.936 Y45.194 E0.01813
G1 X81.373 Y45.319 E0.01788
G1 X81.765 Y45.45 E0.01626
G1 X82.198 Y45.618 E0.01827
G1 X82.625 Y45.805 E0.01834
G1 X83.012 Y45.997 E0.01699
G1 X83.402 Y46.212 E0.01752
G1 X83.623 Y46.344 E0.01013
G1 X83.964 Y46.564 E0.01596
G1 X84.341 Y46.827 E0.01808
G1 X84.689 Y47.089 E0.01714
G1 X84.874 Y47.241 E0.00942
G1 X85.104 Y47.442 E0.01202
G1 X85.5 Y47.818 E0.02148
G1 X85.746 Y48.069 E0.01383
G1 X86.091 Y48.456 E0.0204
G1 X86.096 Y48.458 E0.00021
G1 X86.261 Y48.659 E0.01023
G1 X86.548 Y49.033 E0.01855
G1 X86.669 Y49.2 E0.00811
G1 X86.793 Y49.385 E0.00876
G1 X87.019 Y49.733 E0.01632
G1 X87.138 Y49.931 E0.00909
G1 X87.37 Y50.349 E0.01881
G1 X87.46 Y50.527 E0.00785
G1 X87.654 Y50.941 E0.01799
G1 X87.813 Y51.325 E0.01635
G1 X87.843 Y51.383 E0.00257
G1 X87.857 Y51.422 E0.00163
G1 X87.853 Y51.427 E0.00025
G1 X87.906 Y51.57 E0.006
G1 X88.043 Y51.965 E0.01645
G1 X88.173 Y52.406 E0.01809
G1 X88.279 Y52.837 E0.01746
G1 X88.368 Y53.273 E0.01751
G1 X88.441 Y53.736 E0.01844
G1 X88.466 Y53.934 E0.00785
G1 X88.505 Y54.379 E0.01757
G1 X88.526 Y54.835 E0.01796
G1 X88.526 Y55.302 E0.01837
G1 X88.51 Y55.729 E0.01681
G1 X88.475 Y56.097 E0.01454
G1 X88.478 Y56.1 E0.00017
G1 X88.441 Y56.424 E0.01283
G1 X88.412 Y56.644 E0.00873
G1 X88.374 Y56.865 E0.00882
G1 X88.294 Y57.269 E0.0162
G1 X88.191 Y57.697 E0.01732
G1 X88.126 Y57.924 E0.00929
G1 X87.995 Y58.349 E0.0175
G1 X87.836 Y58.793 E0.01855
G1 X87.677 Y59.176 E0.01631
G1 X87.486 Y59.585 E0.01776
G1 X87.371 Y59.816 E0.01015
G1 X87.158 Y60.201 E0.01731
G1 X87.029 Y60.418 E0.00993
G1 X86.824 Y60.745 E0.01518
G1 X86.546 Y61.14 E0.019
G1 X86.291 Y61.478 E0.01666
G1 X85.994 Y61.829 E0.01809
G1 X85.852 Y61.986 E0.00833
G1 X85.528 Y62.326 E0.01848
G1 X85.389 Y62.464 E0.00771
G1 X85.042 Y62.784 E0.01857
G1 X84.709 Y63.064 E0.01712
G1 X84.356 Y63.334 E0.01748
G1 X84.006 Y63.581 E0.01685
G1 X83.445 Y63.934 E0.02607
G1 X83.242 Y64.048 E0.00916
G1 X83.043 Y64.154 E0.00887
G1 X82.829 Y64.262 E0.00943
G1 X82.422 Y64.454 E0.0177
G1 X82.201 Y64.546 E0.00942
G1 X81.793 Y64.707 E0.01725
G1 X81.609 Y64.774 E0.0077
G1 X81.158 Y64.915 E0.01859
G1 X80.733 Y65.029 E0.01731
G1 X80.535 Y65.075 E0.008
G1 X80.099 Y65.164 E0.01751
G1 X79.647 Y65.234 E0.01799
G1 X79.386 Y65.266 E0.01034
G1 X78.985 Y65.302 E0.01584
G1 X78.544 Y65.323 E0.01737
G0 F18000 X78.344 Y65.325
G0 X78.352 Y66.026
G0 X78.289 Y66.146
G0 X78.314 Y66.846
G1 F1500 X78.81 Y66.834 E0.01952
G1 X79.312 Y66.798 E0.0198
G1 X79.577 Y66.774 E0.01047
G1 X79.88 Y66.737 E0.01201
G1 X80.341 Y66.666 E0.01835
G1 X80.882 Y66.554 E0.02173
G1 X81.104 Y66.502 E0.00897
G1 X81.376 Y66.432 E0.01105
G1 X81.644 Y66.357 E0.01095
G1 X81.861 Y66.289 E0.00895
G1 X82.322 Y66.129 E0.0192
G1 X82.81 Y65.94 E0.02059
G1 X83.094 Y65.818 E0.01216
G1 X83.262 Y65.74 E0.00729
G1 X83.774 Y65.488 E0.02245
G1 X84.448 Y65.103 E0.03053
G1 X84.611 Y64.999 E0.00761
G1 X85.034 Y64.714 E0.02006
G1 X85.294 Y64.529 E0.01255
G1 X85.452 Y64.41 E0.00778
G1 X85.669 Y64.239 E0.01087
G1 X85.86 Y64.079 E0.0098
G1 X85.866 Y64.079 E0.00024
G1 X86.05 Y63.921 E0.00954
G1 X86.436 Y63.564 E0.02068
G1 X86.787 Y63.21 E0.01961
G1 X86.987 Y62.998 E0.01147
G1 X87.143 Y62.825 E0.00916
G1 X87.469 Y62.433 E0.02006
G1 X87.611 Y62.25 E0.00911
G1 X87.806 Y61.989 E0.01282
G1 X87.924 Y61.824 E0.00798
G1 X88.102 Y61.562 E0.01246
G1 X88.339 Y61.192 E0.01729
G1 X88.474 Y60.966 E0.01036
G1 X88.719 Y60.512 E0.02029
G1 X88.961 Y60.017 E0.02168
G1 X89.077 Y59.758 E0.01116
G1 X89.154 Y59.576 E0.00777
G1 X89.261 Y59.306 E0.01143
G1 X89.34 Y59.097 E0.00879
G1 X89.417 Y58.877 E0.00917
G1 X89.42 Y58.875 E0.00014
G1 X89.504 Y58.617 E0.01067
G1 X89.595 Y58.314 E0.01245
G1 X89.707 Y57.901 E0.01683
G1 X89.77 Y57.631 E0.01091
G1 X89.877 Y57.094 E0.02154
G1 X89.876 Y57.079 E0.00059
G1 X89.912 Y56.874 E0.00819
G1 X89.947 Y56.619 E0.01013
G1 X89.983 Y56.324 E0.01169
G1 X90.002 Y56.106 E0.00861
G1 X90.038 Y55.587 E0.02047
G1 X90.046 Y55.272 E0.0124
G1 X90.046 Y54.835 E0.01719
G1 X90.038 Y54.562 E0.01074
G1 X90.002 Y54.051 E0.02015
G1 X89.978 Y53.794 E0.01015
G1 X89.918 Y53.334 E0.01825
G1 X89.86 Y52.99 E0.01372
G1 X89.82 Y52.784 E0.00826
G1 X89.756 Y52.482 E0.01214
G1 X89.697 Y52.23 E0.01018
G1 X89.578 Y51.781 E0.01827
G1 X89.573 Y51.779 E0.00021
G1 X89.419 Y51.287 E0.02028
G1 X89.22 Y50.749 E0.02257
G1 X89.024 Y50.29 E0.01963
G1 X88.93 Y50.081 E0.00902
G1 X88.688 Y49.598 E0.02125
G1 X88.438 Y49.145 E0.02035
G1 X88.202 Y48.758 E0.01783
G1 X87.911 Y48.323 E0.02059
G1 X87.731 Y48.076 E0.01202
G1 X87.429 Y47.687 E0.01937
G1 X87.26 Y47.482 E0.01045
G1 X86.953 Y47.133 E0.01828
G1 X86.79 Y46.963 E0.00926
G1 X86.791 Y46.96 E0.00012
G1 X86.415 Y46.585 E0.02089
G1 X86.226 Y46.408 E0.01019
G1 X86.067 Y46.265 E0.00841
G1 X85.831 Y46.066 E0.01214
G1 X85.437 Y45.747 E0.01994
G1 X85.235 Y45.596 E0.00992
G1 X84.797 Y45.291 E0.021
G1 X84.378 Y45.024 E0.01954
G1 X83.939 Y44.772 E0.01991
G1 X83.68 Y44.635 E0.01153
G1 X83.482 Y44.537 E0.00869
G1 X83.237 Y44.421 E0.01066
G1 X82.982 Y44.305 E0.01102
G1 X82.775 Y44.215 E0.00888
G1 X82.51 Y44.112 E0.01118
G1 X82.082 Y43.955 E0.01793
G1 X81.582 Y43.795 E0.02065
G1 X81.082 Y43.661 E0.02036
G1 X80.503 Y43.536 E0.0233
G1 X80.064 Y43.459 E0.01753
G1 X79.514 Y43.389 E0.02181
G1 X79.281 Y43.368 E0.0092
G1 X79 Y43.348 E0.01108
G1 X78.526 Y43.327 E0.01866
G1 X78.02 Y43.326 E0.01991
G1 X77.474 Y43.353 E0.02151
G1 X77.281 Y43.368 E0.00762
G1 X77.006 Y43.397 E0.01088
G1 X76.724 Y43.431 E0.01117
G1 X76.216 Y43.509 E0.02022
G1 X76.008 Y43.548 E0.00832
G1 X75.423 Y43.676 E0.02356
G1 X74.963 Y43.804 E0.01878
G1 X74.493 Y43.953 E0.0194
G1 X74.24 Y44.044 E0.01058
G1 X73.754 Y44.235 E0.02054
G1 X73.275 Y44.45 E0.02065
G1 X73.081 Y44.543 E0.00846
G1 X72.811 Y44.679 E0.01189
G1 X72.626 Y44.778 E0.00825
G1 X72.361 Y44.928 E0.01198
G1 X72.177 Y45.037 E0.00841
G1 X71.721 Y45.329 E0.0213
G1 X71.119 Y45.762 E0.02917
G1 X70.9 Y45.935 E0.01098
G1 X70.534 Y46.243 E0.01882
G1 X70.169 Y46.58 E0.01954
G1 X69.785 Y46.961 E0.02128
G1 X69.617 Y47.14 E0.00966
G1 X69.116 Y47.724 E0.03027
G1 X68.954 Y47.932 E0.01037
G1 X68.767 Y48.188 E0.01247
G1 X68.474 Y48.608 E0.02015
G1 X68.362 Y48.778 E0.00801
G1 X68.101 Y49.207 E0.01975
G1 X67.979 Y49.427 E0.0099
G1 X67.836 Y49.699 E0.01209
G1 X67.632 Y50.113 E0.01816
G1 X67.526 Y50.349 E0.01018
G1 X67.42 Y50.596 E0.01057
G1 X67.304 Y50.892 E0.01251
G1 X67.152 Y51.307 E0.01739
G1 X67.08 Y51.528 E0.00914
G1 X66.99 Y51.824 E0.01217
G1 X66.903 Y52.138 E0.01282
G1 X66.805 Y52.548 E0.01658
G1 X66.699 Y53.074 E0.02111
G1 X66.702 Y53.076 E0.00014
G1 X66.664 Y53.294 E0.00871
G1 X66.597 Y53.805 E0.02027
G1 X66.551 Y54.379 E0.02265
G1 X66.538 Y54.584 E0.00808
G1 X66.53 Y54.834 E0.00984
G1 X66.526 Y55.142 E0.01212
G1 X66.538 Y55.606 E0.01826
G1 X66.558 Y55.912 E0.01206
G1 X66.598 Y56.374 E0.01824
G1 X66.658 Y56.834 E0.01825
G1 X66.711 Y57.149 E0.01257
G1 X66.813 Y57.658 E0.02042
G1 X66.881 Y57.951 E0.01183
G1 X66.999 Y58.387 E0.01777
G1 X67.003 Y58.389 E0.00018
G1 X67.155 Y58.873 E0.01996
G1 X67.258 Y59.163 E0.01211
G1 X67.426 Y59.589 E0.01801
G1 X67.527 Y59.829 E0.01024
G1 X67.646 Y60.09 E0.01128
G1 X67.89 Y60.575 E0.02136
G1 X67.982 Y60.746 E0.00764
G1 X68.13 Y61.008 E0.01184
G1 X68.375 Y61.411 E0.01855
G1 X68.552 Y61.68 E0.01267
G1 X68.813 Y62.053 E0.01791
G1 X69.143 Y62.477 E0.02114
G1 X69.269 Y62.63 E0.0078
G1 X69.271 Y62.636 E0.00025
G1 X69.469 Y62.864 E0.01188
G1 X69.619 Y63.031 E0.00883
G1 X69.799 Y63.222 E0.01032
G1 X70.018 Y63.443 E0.01224
G1 X70.321 Y63.735 E0.01655
G1 X70.575 Y63.961 E0.01337
G1 X70.936 Y64.265 E0.01857
G1 X71.386 Y64.604 E0.02216
G1 X71.548 Y64.72 E0.00784
G1 X71.808 Y64.896 E0.01235
G1 X71.971 Y65.002 E0.00765
G1 X72.222 Y65.159 E0.01165
G1 X72.473 Y65.305 E0.01142
G1 X72.867 Y65.521 E0.01768
G1 X73.323 Y65.741 E0.01992
G1 X73.773 Y65.941 E0.01937
G1 X73.776 Y65.946 E0.00023
G1 X74.285 Y66.145 E0.0215
G1 X74.757 Y66.3 E0.01954
G1 X75.031 Y66.384 E0.01127
G1 X75.459 Y66.499 E0.01743
G1 X75.772 Y66.572 E0.01264
G1 X76.278 Y66.673 E0.0203
G1 X76.28 Y66.67 E0.00014
G1 X76.518 Y66.711 E0.0095
G1 X76.752 Y66.744 E0.0093
G1 X77.268 Y66.798 E0.02041
G1 X77.564 Y66.82 E0.01168
G1 X77.84 Y66.835 E0.01087
G1 X78.038 Y66.842 E0.00779
G1 X78.314 Y66.846 E0.01086
G0 F18000 X78.514 Y66.842
G1 F1800 E-3.5
;MESH:Full_Asse_Dielectric_Part.STL
G0 F18000 X78.506 Y66.143
G0 X80.791 Y66.352
G0 X81.125 Y67.761
G0 X86.98 Y98.381
G0 X133.253 Y99.592
;TYPE:SKIN
G1 F1800 E3.52079
G1 F3600 X132.911 Y99.592 E0.01702
G1 X133.253 Y99.934 E0.02407
G1 X133.253 Y100.471 E0.02672
G1 X132.374 Y99.592 E0.06186
G1 X131.837 Y99.592 E0.02672
G1 X133.253 Y101.009 E0.09969
G1 X133.253 Y101.546 E0.02672
G1 X131.299 Y99.592 E0.13752
G1 X130.762 Y99.592 E0.02672
G1 X133.253 Y102.084 E0.17535
G1 X133.253 Y102.621 E0.02672
G1 X130.224 Y99.592 E0.21318
G1 X129.687 Y99.592 E0.02672
G1 X133.253 Y103.158 E0.25097
G1 X133.253 Y103.696 E0.02677
G1 X129.15 Y99.592 E0.2888
G1 X128.612 Y99.592 E0.02677
G1 X133.253 Y104.233 E0.32663
G1 X133.253 Y104.771 E0.02677
G1 X128.075 Y99.592 E0.36446
G1 X127.537 Y99.592 E0.02677
G1 X133.253 Y105.308 E0.40229
G1 X133.253 Y105.845 E0.02672
G1 X127 Y99.592 E0.44008
G1 X126.463 Y99.592 E0.02672
G1 X133.253 Y106.383 E0.47791
G1 X133.253 Y106.92 E0.02672
G1 X125.925 Y99.592 E0.51574
G1 X125.388 Y99.592 E0.02672
G1 X133.253 Y107.458 E0.55357
G1 X133.253 Y107.995 E0.02672
G1 X124.85 Y99.592 E0.59139
G1 X124.313 Y99.592 E0.02672
G1 X133.253 Y108.532 E0.62919
G1 X133.253 Y109.07 E0.02677
G1 X123.776 Y99.592 E0.66702
G1 X123.238 Y99.592 E0.02677
G1 X133.253 Y109.607 E0.70485
G1 X133.253 Y110.145 E0.02677
G1 X122.701 Y99.592 E0.74267
G1 X122.163 Y99.592 E0.02677
G1 X133.253 Y110.682 E0.7805
G1 X133.253 Y111.219 E0.02672
G1 X121.626 Y99.592 E0.8183
G1 X121.089 Y99.592 E0.02672
G1 X133.253 Y111.757 E0.85613
G1 X133.253 Y112.294 E0.02672
G1 X120.551 Y99.592 E0.89395
G1 X120.014 Y99.592 E0.02672
G1 X133.253 Y112.832 E0.93178
G1 X133.253 Y113.369 E0.02672
G1 X119.476 Y99.592 E0.96961
G1 X118.939 Y99.592 E0.02672
G1 X133.253 Y113.906 E1.00741
G1 X133.253 Y114.444 E0.02677
G1 X118.401 Y99.592 E1.04527
G1 X117.864 Y99.592 E0.02672
G1 X133.253 Y114.981 E1.08306
G1 X133.253 Y115.519 E0.02677
G1 X117.327 Y99.592 E1.12089
G1 X116.789 Y99.592 E0.02677
G1 X133.253 Y116.056 E1.15872
G1 X133.253 Y116.593 E0.02672
G1 X116.252 Y99.592 E1.19651
G1 X115.714 Y99.592 E0.02677
G1 X133.253 Y117.131 E1.23438
G1 X133.253 Y117.668 E0.02672
G1 X115.177 Y99.592 E1.27217
G1 X114.64 Y99.592 E0.02672
G1 X133.253 Y118.206 E1.31
G1 X133.253 Y118.743 E0.02672
G1 X114.102 Y99.592 E1.34783
G1 X113.565 Y99.592 E0.02672
G1 X133.253 Y119.28 E1.38562
G1 X133.253 Y119.818 E0.02677
G1 X113.027 Y99.592 E1.42349
G1 X112.49 Y99.592 E0.02672
G1 X133.253 Y120.355 E1.46128
G1 X133.253 Y120.408 E0.00264
G1 X132.768 Y120.408 E0.02414
G1 X111.953 Y99.592 E1.46497
G1 X111.415 Y99.592 E0.02677
G1 X132.23 Y120.408 E1.46497
G1 X131.693 Y120.408 E0.02672
G1 X110.878 Y99.592 E1.46497
G1 X110.34 Y99.592 E0.02677
G1 X131.156 Y120.408 E1.46501
G1 X130.618 Y120.408 E0.02677
G1 X109.803 Y99.592 E1.46497
G1 X109.266 Y99.592 E0.02672
G1 X130.081 Y120.408 E1.46497
G1 X129.543 Y120.408 E0.02677
G1 X108.728 Y99.592 E1.46497
G1 X108.191 Y99.592 E0.02672
G1 X129.006 Y120.408 E1.46497
G1 X128.469 Y120.408 E0.02672
G1 X107.653 Y99.592 E1.46501
G1 X107.116 Y99.592 E0.02672
G1 X127.931 Y120.408 E1.46497
G1 X127.394 Y120.408 E0.02672
G1 X106.579 Y99.592 E1.46497
G1 X106.041 Y99.592 E0.02677
G1 X126.856 Y120.408 E1.46497
G1 X126.319 Y120.408 E0.02672
G1 X105.504 Y99.592 E1.46497
G1 X104.966 Y99.592 E0.02677
G1 X125.782 Y120.408 E1.46501
G1 X125.244 Y120.408 E0.02677
G1 X104.429 Y99.592 E1.46497
G1 X103.892 Y99.592 E0.02672
G1 X124.707 Y120.408 E1.46497
G1 X124.169 Y120.408 E0.02677
G1 X103.354 Y99.592 E1.46497
G1 X102.817 Y99.592 E0.02672
G1 X123.632 Y120.408 E1.46497
G1 X123.095 Y120.408 E0.02672
G1 X102.279 Y99.592 E1.46501
G1 X101.742 Y99.592 E0.02672
G1 X122.557 Y120.408 E1.46497
G1 X122.02 Y120.408 E0.02672
G1 X101.205 Y99.592 E1.46497
G1 X100.667 Y99.592 E0.02677
G1 X121.482 Y120.408 E1.46497
G1 X120.945 Y120.408 E0.02672
G1 X100.13 Y99.592 E1.46497
G1 X99.592 Y99.592 E0.02677
G1 X120.408 Y120.408 E1.46501
G1 X119.87 Y120.408 E0.02677
G1 X99.055 Y99.592 E1.46497
G1 X98.518 Y99.592 E0.02672
G1 X119.333 Y120.408 E1.46497
G1 X118.795 Y120.408 E0.02677
G1 X97.98 Y99.592 E1.46497
G1 X97.443 Y99.592 E0.02672
G1 X118.258 Y120.408 E1.46497
G1 X117.721 Y120.408 E0.02672
G1 X96.905 Y99.592 E1.46501
G1 X96.368 Y99.592 E0.02672
G1 X117.183 Y120.408 E1.46497
G1 X116.646 Y120.408 E0.02672
G1 X95.831 Y99.592 E1.46497
G1 X95.293 Y99.592 E0.02677
G1 X116.108 Y120.408 E1.46497
G1 X115.571 Y120.408 E0.02672
G1 X94.756 Y99.592 E1.46497
G1 X94.218 Y99.592 E0.02677
G1 X115.034 Y120.408 E1.46501
G1 X114.496 Y120.408 E0.02677
G1 X93.681 Y99.592 E1.46497
G1 X93.144 Y99.592 E0.02672
G1 X113.959 Y120.408 E1.46497
G1 X113.421 Y120.408 E0.02677
G1 X92.606 Y99.592 E1.46497
G1 X92.069 Y99.592 E0.02672
G1 X112.884 Y120.408 E1.46497
G1 X112.347 Y120.408 E0.02672
G1 X91.531 Y99.592 E1.46501
G1 X90.994 Y99.592 E0.02672
G1 X111.809 Y120.408 E1.46497
G1 X111.272 Y120.408 E0.02672
G1 X90.457 Y99.592 E1.46497
G1 X89.919 Y99.592 E0.02677
G1 X110.734 Y120.408 E1.46497
G1 X110.197 Y120.408 E0.02672
G1 X89.382 Y99.592 E1.46497
G1 X88.844 Y99.592 E0.02677
G1 X109.66 Y120.408 E1.46501
G1 X109.122 Y120.408 E0.02677
G1 X88.307 Y99.592 E1.46497
G1 X87.77 Y99.592 E0.02672
G1 X108.585 Y120.408 E1.46497
G1 X108.047 Y120.408 E0.02677
G1 X87.232 Y99.592 E1.46497
G1 X86.747 Y99.592 E0.02414
G1 X86.747 Y99.645 E0.00264
G1 X107.51 Y120.408 E1.46128
G1 X106.973 Y120.408 E0.02672
G1 X86.747 Y100.182 E1.42349
G1 X86.747 Y100.72 E0.02677
G1 X106.435 Y120.408 E1.38562
G1 X105.898 Y120.408 E0.02672
G1 X86.747 Y101.257 E1.34783
G1 X86.747 Y101.794 E0.02672
G1 X105.36 Y120.408 E1.31
G1 X104.823 Y120.408 E0.02672
G1 X86.747 Y102.332 E1.27217
G1 X86.747 Y102.869 E0.02672
G1 X104.286 Y120.408 E1.23438
G1 X103.748 Y120.408 E0.02677
G1 X86.747 Y103.407 E1.19651
G1 X86.747 Y103.944 E0.02672
G1 X103.211 Y120.408 E1.15872
G1 X102.673 Y120.408 E0.02677
G1 X86.747 Y104.481 E1.12089
G1 X86.747 Y105.019 E0.02677
G1 X102.136 Y120.408 E1.08306
G1 X101.599 Y120.408 E0.02672
G1 X86.747 Y105.556 E1.04527
G1 X86.747 Y106.094 E0.02677
G1 X101.061 Y120.408 E1.00741
G1 X100.524 Y120.408 E0.02672
G1 X86.747 Y106.631 E0.96961
G1 X86.747 Y107.168 E0.02672
G1 X99.986 Y120.408 E0.93178
G1 X99.449 Y120.408 E0.02672
G1 X86.747 Y107.706 E0.89395
G1 X86.747 Y108.243 E0.02672
G1 X98.912 Y120.408 E0.85616
G1 X98.374 Y120.408 E0.02677
G1 X86.747 Y108.781 E0.8183
G1 X86.747 Y109.318 E0.02672
G1 X97.837 Y120.408 E0.7805
G1 X97.299 Y120.408 E0.02677
G1 X86.747 Y109.855 E0.74267
G1 X86.747 Y110.393 E0.02677
G1 X96.762 Y120.408 E0.70485
G1 X96.225 Y120.408 E0.02672
G1 X86.747 Y110.93 E0.66705
G1 X86.747 Y111.468 E0.02677
G1 X95.687 Y120.408 E0.62919
G1 X95.15 Y120.408 E0.02672
G1 X86.747 Y112.005 E0.59139
G1 X86.747 Y112.542 E0.02672
G1 X94.612 Y120.408 E0.55357
G1 X94.075 Y120.408 E0.02672
G1 X86.747 Y113.08 E0.51574
G1 X86.747 Y113.617 E0.02672
G1 X93.537 Y120.408 E0.47791
G1 X93 Y120.408 E0.02672
G1 X86.747 Y114.155 E0.44008
G1 X86.747 Y114.692 E0.02672
G1 X92.463 Y120.408 E0.40229
G1 X91.925 Y120.408 E0.02677
G1 X86.747 Y115.229 E0.36446
G1 X86.747 Y115.767 E0.02677
G1 X91.388 Y120.408 E0.32663
G1 X90.85 Y120.408 E0.02677
G1 X86.747 Y116.304 E0.2888
G1 X86.747 Y116.842 E0.02677
G1 X90.313 Y120.408 E0.25097
G1 X89.776 Y120.408 E0.02672
G1 X86.747 Y117.379 E0.21318
G1 X86.747 Y117.916 E0.02672
G1 X89.238 Y120.408 E0.17535
G1 X88.701 Y120.408 E0.02672
G1 X86.747 Y118.454 E0.13752
G1 X86.747 Y118.991 E0.02672
G1 X88.163 Y120.408 E0.09969
G1 X87.626 Y120.408 E0.02672
G1 X86.747 Y119.529 E0.06186
G1 X86.747 Y120.066 E0.02672
G1 X87.089 Y120.408 E0.02407
G1 X86.747 Y120.408 E0.01702
G0 F18000 X87.634 Y119.409
G1 F1800 E-3.5
;MESH:Full_Asse_Dielectric_Part.STL
G0 F18000 X133.014 Y99.881
G0 X134.464 Y99.881
G0 X140.536 Y99.881
G0 X188.253 Y99.592
G1 F1800 E3.52079
G1 F3600 X187.726 Y99.592 E0.02623
G1 X188.253 Y100.119 E0.03709
G1 X188.253 Y100.657 E0.02677
G1 X187.188 Y99.592 E0.07495
G1 X186.651 Y99.592 E0.02672
G1 X188.253 Y101.194 E0.11275
G1 X188.253 Y101.731 E0.02672
G1 X186.113 Y99.592 E0.15058
G1 X185.576 Y99.592 E0.02672
G1 X188.253 Y102.269 E0.1884
G1 X188.253 Y102.806 E0.02672
G1 X185.039 Y99.592 E0.2262
G1 X184.501 Y99.592 E0.02677
G1 X188.253 Y103.344 E0.26406
G1 X188.253 Y103.881 E0.02672
G1 X183.964 Y99.592 E0.30186
G1 X183.426 Y99.592 E0.02677
G1 X188.253 Y104.418 E0.33968
G1 X188.253 Y104.956 E0.02677
G1 X182.889 Y99.592 E0.37751
G1 X182.352 Y99.592 E0.02672
G1 X188.253 Y105.493 E0.41531
G1 X188.253 Y106.031 E0.02677
G1 X181.814 Y99.592 E0.45317
G1 X181.277 Y99.592 E0.02672
G1 X188.253 Y106.568 E0.49096
G1 X188.253 Y107.105 E0.02672
G1 X180.739 Y99.592 E0.52879
G1 X180.202 Y99.592 E0.02672
G1 X188.253 Y107.643 E0.56662
G1 X188.253 Y108.18 E0.02672
G1 X179.665 Y99.592 E0.60441
G1 X179.127 Y99.592 E0.02677
G1 X188.253 Y108.718 E0.64228
G1 X188.253 Y109.255 E0.02672
G1 X178.59 Y99.592 E0.68007
G1 X178.052 Y99.592 E0.02677
G1 X188.253 Y109.792 E0.7179
G1 X188.253 Y110.33 E0.02677
G1 X177.515 Y99.592 E0.75573
G1 X176.978 Y99.592 E0.02672
G1 X188.253 Y110.867 E0.79352
G1 X188.253 Y111.405 E0.02677
G1 X176.44 Y99.592 E0.83139
G1 X175.903 Y99.592 E0.02672
G1 X188.253 Y111.942 E0.86918
G1 X188.253 Y112.479 E0.02672
G1 X175.365 Y99.592 E0.90701
G1 X174.828 Y99.592 E0.02672
G1 X188.253 Y113.017 E0.94484
G1 X188.253 Y113.554 E0.02672
G1 X174.291 Y99.592 E0.98263
G1 X173.753 Y99.592 E0.02677
G1 X188.253 Y114.092 E1.0205
G1 X188.253 Y114.629 E0.02672
G1 X173.216 Y99.592 E1.05829
G1 X172.678 Y99.592 E0.02677
G1 X188.253 Y115.166 E1.09612
G1 X188.253 Y115.704 E0.02677
G1 X172.141 Y99.592 E1.13395
G1 X171.604 Y99.592 E0.02672
G1 X188.253 Y116.241 E1.17174
G1 X188.253 Y116.779 E0.02677
G1 X171.066 Y99.592 E1.2096
G1 X170.529 Y99.592 E0.02672
G1 X188.253 Y117.316 E1.2474
G1 X188.253 Y117.853 E0.02672
G1 X169.991 Y99.592 E1.28523
G1 X169.454 Y99.592 E0.02672
G1 X188.253 Y118.391 E1.32306
G1 X188.253 Y118.928 E0.02672
G1 X168.916 Y99.592 E1.36088
G1 X168.379 Y99.592 E0.02672
G1 X188.253 Y119.466 E1.39871
G1 X188.253 Y120.003 E0.02672
G1 X167.842 Y99.592 E1.43651
G1 X167.304 Y99.592 E0.02677
G1 X188.12 Y120.408 E1.46501
G1 X187.583 Y120.408 E0.02672
G1 X166.767 Y99.592 E1.46501
G1 X166.229 Y99.592 E0.02677
G1 X187.045 Y120.408 E1.46501
G1 X186.508 Y120.408 E0.02672
G1 X165.692 Y99.592 E1.46501
G1 X165.155 Y99.592 E0.02672
G1 X185.97 Y120.408 E1.46497
G1 X185.433 Y120.408 E0.02672
G1 X164.617 Y99.592 E1.46501
G1 X164.08 Y99.592 E0.02672
G1 X184.896 Y120.408 E1.46501
G1 X184.358 Y120.408 E0.02677
G1 X163.542 Y99.592 E1.46501
G1 X163.005 Y99.592 E0.02672
G1 X183.821 Y120.408 E1.46501
G1 X183.283 Y120.408 E0.02677
G1 X162.468 Y99.592 E1.46497
G1 X161.93 Y99.592 E0.02677
G1 X182.746 Y120.408 E1.46501
G1 X182.209 Y120.408 E0.02672
G1 X161.393 Y99.592 E1.46501
G1 X160.855 Y99.592 E0.02677
G1 X181.671 Y120.408 E1.46501
G1 X181.134 Y120.408 E0.02672
G1 X160.318 Y99.592 E1.46501
G1 X159.781 Y99.592 E0.02672
G1 X180.596 Y120.408 E1.46497
G1 X180.059 Y120.408 E0.02672
G1 X159.243 Y99.592 E1.46501
G1 X158.706 Y99.592 E0.02672
G1 X179.522 Y120.408 E1.46501
G1 X178.984 Y120.408 E0.02677
G1 X158.168 Y99.592 E1.46501
G1 X157.631 Y99.592 E0.02672
G1 X178.447 Y120.408 E1.46501
G1 X177.909 Y120.408 E0.02677
G1 X157.094 Y99.592 E1.46497
G1 X156.556 Y99.592 E0.02677
G1 X177.372 Y120.408 E1.46501
G1 X176.835 Y120.408 E0.02672
G1 X156.019 Y99.592 E1.46501
G1 X155.481 Y99.592 E0.02677
G1 X176.297 Y120.408 E1.46501
G1 X175.76 Y120.408 E0.02672
G1 X154.944 Y99.592 E1.46501
G1 X154.407 Y99.592 E0.02672
G1 X175.222 Y120.408 E1.46497
G1 X174.685 Y120.408 E0.02672
G1 X153.869 Y99.592 E1.46501
G1 X153.332 Y99.592 E0.02672
G1 X174.148 Y120.408 E1.46501
G1 X173.61 Y120.408 E0.02677
G1 X152.794 Y99.592 E1.46501
G1 X152.257 Y99.592 E0.02672
G1 X173.073 Y120.408 E1.46501
G1 X172.535 Y120.408 E0.02677
G1 X151.72 Y99.592 E1.46497
G1 X151.182 Y99.592 E0.02677
G1 X171.998 Y120.408 E1.46501
G1 X171.461 Y120.408 E0.02672
G1 X150.645 Y99.592 E1.46501
G1 X150.107 Y99.592 E0.02677
G1 X170.923 Y120.408 E1.46501
G1 X170.386 Y120.408 E0.02672
G1 X149.57 Y99.592 E1.46501
G1 X149.033 Y99.592 E0.02672
G1 X169.848 Y120.408 E1.46497
G1 X169.311 Y120.408 E0.02672
G1 X148.495 Y99.592 E1.46501
G1 X147.958 Y99.592 E0.02672
G1 X168.774 Y120.408 E1.46501
G1 X168.236 Y120.408 E0.02677
G1 X147.42 Y99.592 E1.46501
G1 X146.883 Y99.592 E0.02672
G1 X167.699 Y120.408 E1.46501
G1 X167.161 Y120.408 E0.02677
G1 X146.346 Y99.592 E1.46497
G1 X145.808 Y99.592 E0.02677
G1 X166.624 Y120.408 E1.46501
G1 X166.087 Y120.408 E0.02672
G1 X145.271 Y99.592 E1.46501
G1 X144.733 Y99.592 E0.02677
G1 X165.549 Y120.408 E1.46501
G1 X165.012 Y120.408 E0.02672
G1 X144.196 Y99.592 E1.46501
G1 X143.659 Y99.592 E0.02672
G1 X164.474 Y120.408 E1.46497
G1 X163.937 Y120.408 E0.02672
G1 X143.121 Y99.592 E1.46501
G1 X142.584 Y99.592 E0.02672
G1 X163.4 Y120.408 E1.46501
G1 X162.862 Y120.408 E0.02677
G1 X142.046 Y99.592 E1.46501
G1 X141.747 Y99.592 E0.01488
G1 X141.747 Y99.829 E0.01179
G1 X162.325 Y120.408 E1.44829
G1 X161.787 Y120.408 E0.02677
G1 X141.747 Y100.367 E1.41043
G1 X141.747 Y100.904 E0.02672
G1 X161.25 Y120.408 E1.37264
G1 X160.713 Y120.408 E0.02672
G1 X141.747 Y101.442 E1.33481
G1 X141.747 Y101.979 E0.02672
G1 X160.175 Y120.408 E1.29698
G1 X159.638 Y120.408 E0.02672
G1 X141.747 Y102.516 E1.25919
G1 X141.747 Y103.054 E0.02677
G1 X159.1 Y120.408 E1.22132
G1 X158.563 Y120.408 E0.02672
G1 X141.747 Y103.591 E1.18353
G1 X141.747 Y104.129 E0.02677
G1 X158.026 Y120.408 E1.1457
G1 X157.488 Y120.408 E0.02677
G1 X141.747 Y104.666 E1.10787
G1 X141.747 Y105.203 E0.02672
G1 X156.951 Y120.408 E1.07008
G1 X156.413 Y120.408 E0.02677
G1 X141.747 Y105.741 E1.03221
G1 X141.747 Y106.278 E0.02672
G1 X155.876 Y120.408 E0.99442
G1 X155.339 Y120.408 E0.02672
G1 X141.747 Y106.816 E0.95659
G1 X141.747 Y107.353 E0.02672
G1 X154.801 Y120.408 E0.91876
G1 X154.264 Y120.408 E0.02672
G1 X141.747 Y107.89 E0.88097
G1 X141.747 Y108.428 E0.02677
G1 X153.726 Y120.408 E0.84311
G1 X153.189 Y120.408 E0.02672
G1 X141.747 Y108.965 E0.80531
G1 X141.747 Y109.503 E0.02677
G1 X152.652 Y120.408 E0.76748
G1 X152.114 Y120.408 E0.02677
G1 X141.747 Y110.04 E0.72965
G1 X141.747 Y110.577 E0.02672
G1 X151.577 Y120.408 E0.69186
G1 X151.039 Y120.408 E0.02677
G1 X141.747 Y111.115 E0.654
G1 X141.747 Y111.652 E0.02672
G1 X150.502 Y120.408 E0.6162
G1 X149.965 Y120.408 E0.02672
G1 X141.747 Y112.19 E0.57837
G1 X141.747 Y112.727 E0.02672
G1 X149.427 Y120.408 E0.54055
G1 X148.89 Y120.408 E0.02672
G1 X141.747 Y113.264 E0.50275
G1 X141.747 Y113.802 E0.02677
G1 X148.352 Y120.408 E0.46489
G1 X147.815 Y120.408 E0.02672
G1 X141.747 Y114.339 E0.4271
G1 X141.747 Y114.877 E0.02677
G1 X147.278 Y120.408 E0.38927
G1 X146.74 Y120.408 E0.02677
G1 X141.747 Y115.414 E0.35144
G1 X141.747 Y115.951 E0.02672
G1 X146.203 Y120.408 E0.31364
G1 X145.665 Y120.408 E0.02677
G1 X141.747 Y116.489 E0.27578
G1 X141.747 Y117.026 E0.02672
G1 X145.128 Y120.408 E0.23799
G1 X144.591 Y120.408 E0.02672
G1 X141.747 Y117.564 E0.20016
G1 X141.747 Y118.101 E0.02672
G1 X144.053 Y120.408 E0.16233
G1 X143.516 Y120.408 E0.02672
G1 X141.747 Y118.638 E0.12454
G1 X141.747 Y119.176 E0.02677
G1 X142.978 Y120.408 E0.08667
G1 X142.441 Y120.408 E0.02672
G1 X141.747 Y119.713 E0.04888
G1 X141.747 Y120.251 E0.02677
G1 X141.904 Y120.408 E0.01105
G1 X141.747 Y120.408 E0.00781
G0 F18000 X142.634 Y119.409
G1 F1800 E-3.5
;MESH:NONMESH
G0 F1200 X142.634 Y119.409 Z0.4
G0 F18000 X141.98 Y99.825
G0 X140.536 Y99.825
G0 X81.378 Y67.702
G0 X80.791 Y66.352
G0 X78.609 Y66.021
G0 X78.595 Y65.702
;TIME_ELAPSED:133.803420
;LAYER:1
;TYPE:WALL-INNER
;MESH:01_Prime_Insulator.STL
G1 F1800 E3.52079
G1 F3000 X78.356 Y65.706 E0.00313
G1 X78.047 Y65.702 E0.00405
G1 X77.82 Y65.694 E0.00298
G1 X77.585 Y65.681 E0.00309
G1 X77.127 Y65.643 E0.00603
G1 X76.887 Y65.615 E0.00317
G1 X76.226 Y65.503 E0.00879
G1 X75.778 Y65.402 E0.00602
G1 X75.523 Y65.341 E0.00344
G1 X74.863 Y65.137 E0.00906
G1 X74.433 Y64.982 E0.00599
G1 X74.2 Y64.889 E0.00329
G1 X73.789 Y64.707 E0.00589
G1 X73.578 Y64.605 E0.00307
G1 X73.176 Y64.393 E0.00596
G1 X72.966 Y64.275 E0.00316
G1 X72.37 Y63.906 E0.00919
G1 X71.832 Y63.522 E0.00867
G1 X71.624 Y63.356 E0.00349
G1 X71.272 Y63.058 E0.00605
G1 X70.932 Y62.748 E0.00603
G1 X70.677 Y62.492 E0.00474
G1 X70.306 Y62.091 E0.00716
G1 X70.054 Y61.795 E0.0051
G1 X69.718 Y61.358 E0.00723
G1 X69.506 Y61.057 E0.00483
G1 X69.378 Y60.865 E0.00303
G1 X69.224 Y60.62 E0.00379
G1 X68.976 Y60.195 E0.00645
G1 X68.86 Y59.975 E0.00326
G1 X68.663 Y59.575 E0.00585
G1 X68.56 Y59.353 E0.00321
G1 X68.387 Y58.934 E0.00594
G1 X68.229 Y58.495 E0.00612
G1 X68.157 Y58.27 E0.0031
G1 X68.026 Y57.824 E0.0061
G1 X67.916 Y57.366 E0.00618
G1 X67.829 Y56.917 E0.006
G1 X67.757 Y56.461 E0.00605
G1 X67.715 Y56.089 E0.00491
G1 X67.69 Y55.766 E0.00425
G1 X67.674 Y55.399 E0.00482
G1 X67.666 Y55.073 E0.00428
G1 X67.67 Y54.843 E0.00302
G1 X67.678 Y54.616 E0.00298
G1 X67.691 Y54.381 E0.00309
G1 X67.73 Y53.913 E0.00616
G1 X67.76 Y53.688 E0.00298
G1 X67.831 Y53.238 E0.00597
G1 X67.875 Y52.995 E0.00324
G1 X67.971 Y52.567 E0.00575
G1 X68.079 Y52.153 E0.00561
G1 X68.227 Y51.681 E0.00649
G1 X68.394 Y51.218 E0.00645
G1 X68.562 Y50.818 E0.00569
G1 X68.668 Y50.583 E0.00338
G1 X68.87 Y50.176 E0.00596
G1 X68.981 Y49.963 E0.00315
G1 X69.099 Y49.758 E0.0031
G1 X69.337 Y49.367 E0.006
G1 X69.592 Y48.985 E0.00602
G1 X69.624 Y48.946 E0.00066
G1 X69.729 Y48.795 E0.00241
G1 X70.001 Y48.437 E0.0059
G1 X70.252 Y48.143 E0.00507
G1 X70.282 Y48.104 E0.00065
G1 X70.465 Y47.9 E0.00359
G1 X70.79 Y47.563 E0.00614
G1 X71.152 Y47.219 E0.00655
G1 X71.289 Y47.098 E0.0024
G1 X71.646 Y46.794 E0.00615
G1 X72.006 Y46.52 E0.00593
G1 X72.204 Y46.377 E0.0032
G1 X72.592 Y46.12 E0.0061
G1 X72.991 Y45.879 E0.00611
G1 X73.399 Y45.656 E0.0061
G1 X73.79 Y45.464 E0.00571
G1 X74.225 Y45.273 E0.00623
G1 X74.662 Y45.103 E0.00615
G1 X75.094 Y44.959 E0.00597
G1 X75.371 Y44.872 E0.00381
G1 X75.416 Y44.862 E0.0006
G1 X75.538 Y44.826 E0.00167
G1 X75.996 Y44.712 E0.00619
G1 X76.458 Y44.625 E0.00616
G1 X76.912 Y44.553 E0.00603
G1 X77.281 Y44.512 E0.00487
G1 X77.53 Y44.49 E0.00328
G1 X77.984 Y44.47 E0.00596
G1 X78.517 Y44.465 E0.00699
G1 X78.766 Y44.475 E0.00327
G1 X79.269 Y44.507 E0.00661
G1 X79.665 Y44.553 E0.00523
G1 X80.132 Y44.627 E0.0062
G1 X80.594 Y44.715 E0.00617
G1 X81.06 Y44.83 E0.00629
G1 X81.213 Y44.873 E0.00208
G1 X81.527 Y44.969 E0.00431
G1 X81.939 Y45.111 E0.00571
G1 X82.367 Y45.278 E0.00602
G1 X82.732 Y45.435 E0.00521
G1 X83.172 Y45.651 E0.00643
G1 X83.609 Y45.893 E0.00655
G1 X83.99 Y46.125 E0.00585
G1 X84.199 Y46.261 E0.00327
G1 X84.579 Y46.527 E0.00608
G1 X84.943 Y46.806 E0.00601
G1 X85.147 Y46.977 E0.00349
G1 X85.402 Y47.199 E0.00443
G1 X85.643 Y47.425 E0.00433
G1 X85.975 Y47.756 E0.00615
G1 X86.142 Y47.93 E0.00316
G1 X86.171 Y47.97 E0.00065
G1 X86.376 Y48.201 E0.00405
G1 X86.718 Y48.625 E0.00714
G1 X87.044 Y49.075 E0.00729
G1 X87.206 Y49.313 E0.00378
G1 X87.369 Y49.573 E0.00402
G1 X87.601 Y49.974 E0.00607
G1 X87.718 Y50.201 E0.00335
G1 X87.917 Y50.602 E0.00587
G1 X88.007 Y50.803 E0.00289
G1 X88.159 Y51.163 E0.00512
G1 X88.247 Y51.388 E0.00317
G1 X88.345 Y51.669 E0.0039
G1 X88.352 Y51.704 E0.00047
G1 X88.417 Y51.888 E0.00256
G1 X88.545 Y52.334 E0.00608
G1 X88.609 Y52.578 E0.00331
G1 X88.705 Y53.018 E0.00591
G1 X88.747 Y53.251 E0.0031
G1 X88.818 Y53.708 E0.00606
G1 X88.861 Y54.081 E0.00492
G1 X88.885 Y54.377 E0.00389
G1 X88.904 Y54.841 E0.00609
G1 X88.906 Y55.325 E0.00635
G1 X88.898 Y55.551 E0.00297
G1 X88.869 Y56.013 E0.00607
G1 X88.816 Y56.485 E0.00623
G1 X88.704 Y57.162 E0.009
G1 X88.602 Y57.614 E0.00608
G1 X88.544 Y57.842 E0.00308
G1 X88.496 Y58.012 E0.00232
G1 X88.339 Y58.514 E0.0069
G1 X88.193 Y58.922 E0.00568
G1 X88.019 Y59.345 E0.006
G1 X87.908 Y59.583 E0.00344
G1 X87.708 Y59.991 E0.00596
G1 X87.59 Y60.213 E0.0033
G1 X87.355 Y60.616 E0.00612
G1 X87.111 Y61 E0.00597
G1 X86.852 Y61.367 E0.00589
G1 X86.707 Y61.564 E0.00321
G1 X86.42 Y61.916 E0.00596
G1 X86.247 Y62.116 E0.00347
G1 X86.007 Y62.38 E0.00468
G1 X85.795 Y62.601 E0.00402
G1 X85.622 Y62.767 E0.00314
G1 X85.286 Y63.07 E0.00593
G1 X85.016 Y63.305 E0.00469
G1 X84.564 Y63.652 E0.00747
G1 X84.245 Y63.881 E0.00515
G1 X83.827 Y64.146 E0.00649
G1 X83.66 Y64.246 E0.00255
G1 X83.251 Y64.474 E0.00614
G1 X82.987 Y64.608 E0.00388
G1 X82.766 Y64.716 E0.00323
G1 X82.367 Y64.893 E0.00572
G1 X82.128 Y64.988 E0.00337
G1 X81.773 Y65.118 E0.00496
G1 X81.543 Y65.194 E0.00318
G1 X81.259 Y65.28 E0.00389
G1 X80.8 Y65.405 E0.00624
G1 X80.576 Y65.455 E0.00301
G1 X80.348 Y65.501 E0.00305
G1 X79.977 Y65.568 E0.00494
G1 X79.652 Y65.619 E0.00431
G1 X79.29 Y65.657 E0.00477
G1 X78.976 Y65.682 E0.00413
G1 X78.595 Y65.702 E0.005
G0 F18000 X78.615 Y66.021
G0 X80.647 Y65.708
G0 X82.231 Y65.226
G0 X83.801 Y64.466
G0 X85.165 Y63.517
G0 X86.468 Y62.262
G0 X87.338 Y61.127
G0 X88.15 Y59.687
G0 X88.736 Y58.125
G0 X89.076 Y56.51
G0 X89.164 Y54.763
G0 X88.959 Y52.957
G0 X88.484 Y51.289
G0 X87.71 Y49.642
G0 X86.724 Y48.213
G0 X85.576 Y47.007
G0 X84.134 Y45.911
G0 X82.67 Y45.127
G0 X81.105 Y44.577
G0 X80.709 Y44.499
G0 X78.275 Y44.086
G1 F3000 X78.508 Y44.086 E0.00306
G1 F3007.9 X78.762 Y44.096 E0.00332
G1 F3015.9 X79.278 Y44.129 E0.00674
G1 X79.708 Y44.177 E0.00564
G1 F2992.1 X79.9 Y44.203 E0.00255
G1 F2984.3 X80.177 Y44.249 E0.0037
G1 F3007.9 X80.417 Y44.294 E0.00319
G1 F3031.9 X80.677 Y44.347 E0.00344
G1 F3023.9 X80.93 Y44.407 E0.00338
G1 F3007.9 X81.29 Y44.501 E0.00487
G1 F3023.9 X81.628 Y44.602 E0.00459
G1 X82.043 Y44.746 E0.00571
G1 F3015.9 X82.488 Y44.918 E0.00622
G1 X82.717 Y45.015 E0.00324
G1 F3031.9 X82.879 Y45.088 E0.00231
G1 F3040 X83.338 Y45.312 E0.00661
G1 F3015.9 X83.77 Y45.548 E0.00642
G1 F2992.1 X83.991 Y45.679 E0.00338
G1 X84.387 Y45.93 E0.00616
G1 F3000 X84.777 Y46.202 E0.00623
G1 F2992.1 X84.98 Y46.355 E0.00334
G1 F3007.9 X85.154 Y46.491 E0.00289
G1 X85.575 Y46.845 E0.00719
G1 F2984.3 X85.886 Y47.131 E0.00557
G1 F2992.1 X86.208 Y47.451 E0.00597
G1 F3007.9 X86.403 Y47.656 E0.0037
G1 X86.669 Y47.959 E0.00527
G1 F2992.1 X86.863 Y48.196 E0.00403
G1 X86.998 Y48.369 E0.00289
G1 F2976.5 X87.163 Y48.588 E0.00362
G1 F2968.8 X87.342 Y48.838 E0.00407
G1 F2992.1 X87.51 Y49.087 E0.00395
G1 F3007.9 X87.637 Y49.286 E0.00309
G1 X87.796 Y49.549 E0.00402
G1 F3015.9 X87.926 Y49.783 E0.00349
G1 X88.045 Y50.006 E0.0033
G1 F3007.9 X88.245 Y50.408 E0.00587
G1 F3015.9 X88.354 Y50.651 E0.00347
G1 F3007.9 X88.502 Y51.002 E0.00498
G1 X88.591 Y51.23 E0.0032
G1 F3000 X88.697 Y51.527 E0.00414
G1 F3007.9 X88.778 Y51.775 E0.00341
G1 F2992.1 X88.859 Y52.043 E0.00368
G1 F2976.5 X88.97 Y52.454 E0.00563
G1 F3000 X89.072 Y52.917 E0.00622
G1 F2992.1 X89.119 Y53.17 E0.00338
G1 F2976.5 X89.167 Y53.459 E0.00387
G1 F2984.3 X89.191 Y53.624 E0.0022
G1 X89.222 Y53.887 E0.00349
G1 X89.263 Y54.347 E0.00609
G1 X89.277 Y54.608 E0.00345
G1 F2976.5 X89.285 Y54.835 E0.003
G1 F2992.1 X89.286 Y55.304 E0.00617
G1 X89.27 Y55.718 E0.00545
G1 X89.253 Y55.956 E0.00314
G1 F3000 X89.231 Y56.192 E0.00311
G1 F3007.9 X89.196 Y56.5 E0.00405
G1 F2992.1 X89.169 Y56.696 E0.0026
G1 F2976.5 X89.093 Y57.149 E0.00607
G1 F2984.3 X89.046 Y57.376 E0.00306
G1 F2992.1 X88.979 Y57.667 E0.00393
G1 F3015.9 X88.917 Y57.914 E0.00332
G1 F3007.9 X88.861 Y58.117 E0.00275
G1 F2984.3 X88.717 Y58.58 E0.00639
G1 F3007.9 X88.549 Y59.049 E0.00652
G1 F3031.9 X88.367 Y59.49 E0.00619
G1 F3023.9 X88.258 Y59.73 E0.00343
G1 F3015.9 X88.043 Y60.168 E0.00636
G1 F3023.9 X87.934 Y60.372 E0.00301
G1 F3007.9 X87.816 Y60.584 E0.00317
G1 F2984.3 X87.682 Y60.81 E0.00346
G1 F3000 X87.446 Y61.179 E0.00574
G1 F3007.9 X87.298 Y61.395 E0.00342
G1 F3015.9 X87.031 Y61.762 E0.00592
G1 F3007.9 X86.868 Y61.967 E0.00343
G1 F2984.3 X86.559 Y62.339 E0.00637
G1 F3000 X86.299 Y62.623 E0.00505
G1 F3023.9 X86.08 Y62.85 E0.0041
G1 F3015.9 X85.885 Y63.041 E0.00356
G1 F2984.3 X85.554 Y63.343 E0.00591
G1 F3000 X85.269 Y63.585 E0.0049
G1 F3007.9 X84.996 Y63.801 E0.00455
G1 F2992.1 X84.794 Y63.955 E0.00334
G1 F3015.9 X84.488 Y64.17 E0.00488
G1 F3007.9 X84.081 Y64.436 E0.00636
G1 F3000 X83.866 Y64.564 E0.00328
G1 X83.421 Y64.814 E0.00669
G1 F2992.1 X82.952 Y65.047 E0.00689
G1 F3000 X82.725 Y65.151 E0.00327
G1 X82.524 Y65.237 E0.00287
G1 F3007.9 X82.281 Y65.333 E0.00342
G1 F3023.9 X81.917 Y65.467 E0.00505
G1 X81.676 Y65.549 E0.00331
G1 F2992.1 X81.364 Y65.647 E0.0043
G1 F2976.5 X81.155 Y65.705 E0.00287
G1 F2992.1 X80.914 Y65.767 E0.00327
G1 X80.669 Y65.823 E0.0033
G1 F2968.8 X80.191 Y65.918 E0.00646
G1 F2984.3 X79.696 Y65.996 E0.00661
G1 F3000 X79.489 Y66.018 E0.00273
G1 F2992.1 X79.02 Y66.059 E0.00619
G1 F3000 X78.637 Y66.08 E0.00503
G1 F3007.9 X78.381 Y66.085 E0.00335
G1 X78.055 Y66.082 E0.00426
G1 F3000 X77.655 Y66.066 E0.00525
G1 F3007.9 X77.18 Y66.028 E0.00623
G1 F3031.9 X76.873 Y65.993 E0.00401
G1 F3007.9 X76.641 Y65.961 E0.00306
G1 F2976.5 X76.235 Y65.891 E0.00544
G1 F2984.3 X75.813 Y65.801 E0.00569
G1 F3000 X75.457 Y65.715 E0.0048
G1 F3007.9 X75.21 Y65.644 E0.00336
G1 X74.774 Y65.507 E0.00598
G1 F2992.1 X74.543 Y65.428 E0.00321
G1 X74.111 Y65.262 E0.00608
G1 F3015.9 X73.651 Y65.059 E0.00656
G1 X73.434 Y64.956 E0.00313
G1 F3007.9 X73.014 Y64.737 E0.00619
G1 F2992.1 X72.798 Y64.617 E0.00325
G1 F2984.3 X72.395 Y64.371 E0.00622
G1 F3000 X72.197 Y64.245 E0.00308
G1 F3007.9 X71.795 Y63.963 E0.00642
G1 F3015.9 X71.61 Y63.827 E0.00299
G1 F3007.9 X71.4 Y63.664 E0.00348
G1 F3000 X71.043 Y63.361 E0.00614
G1 X70.828 Y63.168 E0.00379
G1 X70.696 Y63.045 E0.00237
G1 F3007.9 X70.424 Y62.776 E0.005
G1 F3000 X70.043 Y62.366 E0.00734
G1 X69.88 Y62.177 E0.00327
G1 X69.71 Y61.971 E0.0035
G1 F2992.1 X69.425 Y61.601 E0.00614
G1 F2984.3 X69.138 Y61.191 E0.0066
G1 X69.013 Y60.999 E0.00302
G1 X68.759 Y60.579 E0.00647
G1 F3000 X68.661 Y60.407 E0.0026
G1 F3007.9 X68.533 Y60.168 E0.00355
G1 F2992.1 X68.326 Y59.751 E0.00612
G1 X68.224 Y59.53 E0.0032
G1 F3015.9 X68.043 Y59.089 E0.00622
G1 F3000 X67.949 Y58.841 E0.00348
G1 F2984.3 X67.873 Y58.626 E0.00301
G1 X67.717 Y58.125 E0.00692
G1 F2976.5 X67.669 Y57.957 E0.00231
G1 X67.615 Y57.75 E0.00283
G1 X67.551 Y57.475 E0.00373
G1 F2984.3 X67.459 Y57.011 E0.00624
G1 F2976.5 X67.409 Y56.709 E0.00405
G1 X67.385 Y56.544 E0.0022
G1 F2992.1 X67.34 Y56.151 E0.0052
G1 X67.313 Y55.815 E0.00443
G1 F2976.5 X67.299 Y55.56 E0.00338
G1 F2984.3 X67.286 Y55.109 E0.00595
G1 F3007.9 X67.29 Y54.853 E0.00335
G1 X67.306 Y54.45 E0.00527
G1 F2992.1 X67.323 Y54.216 E0.00308
G1 F3000 X67.354 Y53.877 E0.00446
G1 F2992.1 X67.407 Y53.469 E0.00541
G1 F2968.8 X67.483 Y53.019 E0.00605
G1 F2976.5 X67.53 Y52.792 E0.00306
G1 F2992.1 X67.603 Y52.474 E0.00429
G1 F3007.9 X67.707 Y52.078 E0.00535
G1 X67.86 Y51.585 E0.00675
G1 F3000 X68.026 Y51.119 E0.00649
G1 F3007.9 X68.213 Y50.672 E0.00634
G1 F3015.9 X68.315 Y50.446 E0.00323
G1 F3007.9 X68.533 Y50.001 E0.00648
G1 X68.645 Y49.789 E0.00314
G1 X68.749 Y49.606 E0.00275
G1 F3000 X68.881 Y49.383 E0.0034
G1 F2992.1 X69.003 Y49.185 E0.00306
G1 X69.136 Y48.984 E0.00317
G1 F3007.9 X69.406 Y48.597 E0.00617
G1 F3015.9 X69.692 Y48.218 E0.00619
G1 X69.988 Y47.866 E0.006
G1 F3007.9 X70.168 Y47.663 E0.00355
G1 F2992.1 X70.339 Y47.482 E0.00327
G1 F3000 X70.5 Y47.318 E0.00301
G1 F3007.9 X70.886 Y46.948 E0.00699
G1 F2992.1 X71.032 Y46.818 E0.00257
G1 F3000 X71.406 Y46.501 E0.00643
G1 X71.587 Y46.361 E0.003
G1 X71.962 Y46.085 E0.00611
G1 X72.176 Y45.939 E0.0034
G1 F2992.1 X72.378 Y45.807 E0.00317
G1 F3000 X72.771 Y45.568 E0.00603
G1 F2992.1 X73.196 Y45.334 E0.00638
G1 X73.623 Y45.124 E0.00626
G1 F3000 X74.081 Y44.921 E0.00657
G1 X74.533 Y44.746 E0.00636
G1 F2976.5 X74.75 Y44.67 E0.00304
G1 X75.243 Y44.514 E0.00683
G1 X75.617 Y44.413 E0.00512
G1 F2992.1 X75.878 Y44.352 E0.00352
G1 F3023.9 X76.142 Y44.297 E0.00351
G1 F3000 X76.378 Y44.253 E0.00315
G1 X76.827 Y44.183 E0.00596
G1 F3015.9 X77.094 Y44.151 E0.00351
G1 F3007.9 X77.339 Y44.126 E0.00322
G1 F2992.1 X77.567 Y44.108 E0.00301
G1 X77.948 Y44.091 E0.00501
G1 F3000 X78.275 Y44.086 E0.00429
G0 F18000 X75.93 Y44.465
G0 X74.568 Y44.862
G0 X73.265 Y45.436
G0 X71.853 Y46.315
G0 X70.595 Y47.393
G0 X69.518 Y48.65
G0 X68.638 Y50.063
G0 X67.912 Y51.818
G0 X67.503 Y53.663
G0 X67.415 Y55.408
G0 X67.575 Y56.976
G0 X67.99 Y58.59
G0 X68.637 Y60.107
G0 X69.514 Y61.517
G0 X70.595 Y62.779
G0 X71.86 Y63.864
G0 X73.064 Y64.629
G0 X74.349 Y65.227
G0 X75.451 Y65.574
G0 X78.293 Y66.146
G0 X78.295 Y66.466
G1 F3000 X78.787 Y66.455 E0.00645
G1 X79.278 Y66.42 E0.00645
G1 X79.533 Y66.396 E0.00336
G1 X79.787 Y66.366 E0.00335
G1 X80.266 Y66.293 E0.00635
G1 X80.755 Y66.193 E0.00654
G1 X80.989 Y66.14 E0.00315
G1 X81.49 Y66.006 E0.0068
G1 X81.737 Y65.93 E0.00339
G1 X82.186 Y65.774 E0.00623
G1 X82.671 Y65.587 E0.00682
G1 X82.882 Y65.496 E0.00301
G1 X83.119 Y65.388 E0.00342
G1 X83.573 Y65.165 E0.00663
G1 X84.054 Y64.893 E0.00725
G1 X84.284 Y64.758 E0.0035
G1 X84.816 Y64.403 E0.00839
G1 X85.033 Y64.249 E0.00349
G1 X85.23 Y64.101 E0.00323
G1 X85.413 Y63.957 E0.00305
G1 X85.601 Y63.799 E0.00322
G1 X85.649 Y63.765 E0.00077
G1 X85.812 Y63.624 E0.00283
G1 X86.15 Y63.312 E0.00603
G1 X86.51 Y62.95 E0.00669
G1 X86.683 Y62.767 E0.0033
G1 X86.852 Y62.581 E0.0033
G1 X87.167 Y62.202 E0.00646
G1 X87.333 Y61.989 E0.00354
G1 X87.473 Y61.802 E0.00306
G1 X87.611 Y61.61 E0.0031
G1 X87.889 Y61.193 E0.00657
G1 X88.008 Y61.005 E0.00292
G1 X88.143 Y60.78 E0.00344
G1 X88.383 Y60.334 E0.00664
G1 X88.603 Y59.886 E0.00654
G1 X88.714 Y59.638 E0.00356
G1 X88.894 Y59.206 E0.00614
G1 X88.981 Y58.973 E0.00326
G1 X89.062 Y58.739 E0.00325
G1 X89.069 Y58.727 E0.00018
G1 X89.229 Y58.214 E0.00705
G1 X89.346 Y57.766 E0.00607
G1 X89.419 Y57.452 E0.00423
G1 X89.468 Y57.213 E0.0032
G1 X89.548 Y56.741 E0.00628
G1 X89.609 Y56.228 E0.00677
G1 X89.65 Y55.732 E0.00653
G1 X89.666 Y55.304 E0.00562
G1 X89.666 Y54.835 E0.00615
G1 X89.658 Y54.585 E0.00328
G1 X89.624 Y54.086 E0.00656
G1 X89.601 Y53.841 E0.00323
G1 X89.543 Y53.397 E0.00587
G1 X89.493 Y53.101 E0.00394
G1 X89.444 Y52.841 E0.00347
G1 X89.398 Y52.618 E0.00299
G1 X89.329 Y52.325 E0.00395
G1 X89.22 Y51.912 E0.0056
G1 X89.217 Y51.91 E0.00005
G1 X89.055 Y51.399 E0.00703
G1 X88.946 Y51.098 E0.0042
G1 X88.862 Y50.877 E0.0031
G1 X88.7 Y50.497 E0.00542
G1 X88.589 Y50.248 E0.00357
G1 X88.379 Y49.826 E0.00618
G1 X88.121 Y49.353 E0.00707
G1 X87.884 Y48.966 E0.00595
G1 X87.748 Y48.758 E0.00326
G1 X87.609 Y48.555 E0.00323
G1 X87.466 Y48.355 E0.00322
G1 X87.158 Y47.955 E0.00662
G1 X86.957 Y47.712 E0.00414
G1 X86.841 Y47.577 E0.00233
G1 X86.677 Y47.395 E0.00321
G1 X86.514 Y47.225 E0.00309
G1 X86.499 Y47.206 E0.00032
G1 X86.334 Y47.037 E0.0031
G1 X86.146 Y46.854 E0.00344
G1 X85.972 Y46.69 E0.00314
G1 X85.821 Y46.555 E0.00266
G1 X85.601 Y46.369 E0.00378
G1 X85.209 Y46.051 E0.00662
G1 X84.996 Y45.892 E0.00349
G1 X84.591 Y45.61 E0.00647
G1 X84.184 Y45.351 E0.00633
G1 X83.956 Y45.217 E0.00347
G1 X83.759 Y45.107 E0.00296
G1 X83.538 Y44.99 E0.00328
G1 X83.088 Y44.769 E0.00657
G1 X82.865 Y44.667 E0.00322
G1 X82.411 Y44.479 E0.00644
G1 X81.937 Y44.304 E0.00663
G1 X81.712 Y44.232 E0.0031
G1 X81.387 Y44.135 E0.00445
G1 X81.014 Y44.037 E0.00506
G1 X80.664 Y43.958 E0.0047
G1 X80.169 Y43.862 E0.00661
G1 X79.945 Y43.824 E0.00298
G1 X79.431 Y43.763 E0.00679
G1 X79.186 Y43.741 E0.00323
G1 X78.508 Y43.706 E0.0089
G1 X78.037 Y43.706 E0.00618
G1 X77.538 Y43.729 E0.00655
G1 X77.3 Y43.748 E0.00313
G1 X76.774 Y43.808 E0.00694
G1 X76.603 Y43.832 E0.00226
G1 X76.309 Y43.879 E0.0039
G1 X76.063 Y43.926 E0.00328
G1 X75.52 Y44.043 E0.00728
G1 X75.075 Y44.167 E0.00606
G1 X74.621 Y44.31 E0.00624
G1 X74.405 Y44.389 E0.00302
G1 X73.927 Y44.574 E0.00672
G1 X73.461 Y44.782 E0.00669
G1 X73.251 Y44.882 E0.00305
G1 X73.018 Y44.999 E0.00342
G1 X72.812 Y45.11 E0.00307
G1 X72.579 Y45.241 E0.00351
G1 X72.381 Y45.358 E0.00302
G1 X72.175 Y45.487 E0.00319
G1 X72.162 Y45.498 E0.00022
G1 X71.959 Y45.627 E0.00315
G1 X71.742 Y45.778 E0.00347
G1 X71.353 Y46.061 E0.00631
G1 X71.163 Y46.211 E0.00317
G1 X70.775 Y46.537 E0.00665
G1 X70.435 Y46.852 E0.00608
G1 X70.062 Y47.221 E0.00688
G1 X69.898 Y47.395 E0.00314
G1 X69.702 Y47.619 E0.0039
G1 X69.395 Y47.984 E0.00625
G1 X69.259 Y48.158 E0.0029
G1 X69.097 Y48.379 E0.00359
G1 X68.82 Y48.774 E0.00633
G1 X68.68 Y48.985 E0.00332
G1 X68.558 Y49.182 E0.00304
G1 X68.417 Y49.422 E0.00365
G1 X68.185 Y49.852 E0.00641
G1 X67.97 Y50.29 E0.0064
G1 X67.772 Y50.737 E0.00641
G1 X67.67 Y50.988 E0.00355
G1 X67.508 Y51.439 E0.00628
G1 X67.436 Y51.664 E0.0031
G1 X67.347 Y51.958 E0.00403
G1 X67.234 Y52.386 E0.0058
G1 X67.157 Y52.716 E0.00444
G1 X67.108 Y52.949 E0.00312
G1 X67.028 Y53.424 E0.00632
G1 X66.967 Y53.94 E0.00681
G1 X66.944 Y54.187 E0.00325
G1 X66.926 Y54.436 E0.00327
G1 X66.911 Y54.848 E0.00541
G1 X66.906 Y55.114 E0.00349
G1 X66.918 Y55.583 E0.00615
G1 X66.934 Y55.843 E0.00342
G1 X66.976 Y56.328 E0.00638
G1 X67.008 Y56.594 E0.00351
G1 X67.033 Y56.771 E0.00234
G1 X67.085 Y57.081 E0.00412
G1 X67.18 Y57.561 E0.00642
G1 X67.246 Y57.847 E0.00385
G1 X67.359 Y58.257 E0.00558
G1 X67.514 Y58.749 E0.00676
G1 X67.594 Y58.978 E0.00318
G1 X67.777 Y59.442 E0.00654
G1 X67.872 Y59.673 E0.00328
G1 X67.986 Y59.92 E0.00357
G1 X68.199 Y60.346 E0.00625
G1 X68.433 Y60.776 E0.00642
G1 X68.694 Y61.205 E0.00658
G1 X68.825 Y61.406 E0.00315
G1 X69.113 Y61.82 E0.00661
G1 X69.417 Y62.212 E0.0065
G1 X69.576 Y62.406 E0.00329
G1 X69.761 Y62.621 E0.00372
G1 X70.071 Y62.956 E0.00599
G1 X70.242 Y63.131 E0.00321
G1 X70.574 Y63.452 E0.00606
G1 X70.979 Y63.806 E0.00705
G1 X71.168 Y63.965 E0.00324
G1 X71.563 Y64.264 E0.0065
G1 X71.763 Y64.406 E0.00322
G1 X71.991 Y64.562 E0.00362
G1 X72.388 Y64.815 E0.00617
G1 X72.614 Y64.949 E0.00345
G1 X73.032 Y65.178 E0.00625
G1 X73.496 Y65.404 E0.00677
G1 X73.944 Y65.603 E0.00643
G1 X74.423 Y65.79 E0.00674
G1 X74.869 Y65.937 E0.00616
G1 X75.339 Y66.077 E0.00643
G1 X75.733 Y66.173 E0.00532
G1 X76.165 Y66.265 E0.00579
G1 X76.4 Y66.309 E0.00314
G1 X76.595 Y66.339 E0.00259
G1 X77.145 Y66.405 E0.00726
G1 X77.638 Y66.446 E0.00649
G1 X77.883 Y66.458 E0.00322
G1 X78.295 Y66.466 E0.0054
G0 F18000 X78.293 Y66.146
G0 X75.242 Y65.531
G0 X73.692 Y64.947
G0 X72.243 Y64.131
G0 X71.113 Y63.264
G0 X69.86 Y61.961
G0 X68.987 Y60.729
G0 X68.149 Y59.03
G0 X67.667 Y57.438
G0 X67.433 Y55.796
G0 X67.434 Y54.371
G0 X67.62 Y52.96
G0 X67.988 Y51.585
G0 X68.638 Y50.063
G0 X69.518 Y48.65
G0 X70.595 Y47.393
G0 X71.853 Y46.315
G0 X73.265 Y45.436
G0 X74.438 Y44.919
G0 X77.319 Y44.069
G0 X77.281 Y43.368
;TYPE:WALL-OUTER
G1 F1500 X77.509 Y43.351 E0.003
G1 X78.02 Y43.326 E0.00671
G1 X78.508 Y43.326 E0.0064
G1 X78.96 Y43.346 E0.00593
G1 X79.21 Y43.362 E0.00328
G1 X79.476 Y43.385 E0.0035
G1 X79.99 Y43.447 E0.00679
G1 X80.233 Y43.487 E0.00323
G1 X80.487 Y43.534 E0.00339
G1 X81.11 Y43.669 E0.00836
G1 X81.516 Y43.776 E0.00551
G1 X81.822 Y43.868 E0.00419
G1 X82.083 Y43.952 E0.0036
G1 X82.086 Y43.956 E0.00007
G1 X82.545 Y44.124 E0.00641
G1 X82.771 Y44.214 E0.00319
G1 X83.015 Y44.317 E0.00347
G1 X83.248 Y44.425 E0.00337
G1 X83.705 Y44.648 E0.00667
G1 X83.939 Y44.772 E0.00347
G1 X84.142 Y44.886 E0.00305
G1 X84.378 Y45.024 E0.00358
G1 X84.795 Y45.29 E0.00649
G1 X85.215 Y45.582 E0.00671
G1 X85.437 Y45.747 E0.00363
G1 X85.842 Y46.075 E0.00683
G1 X86.067 Y46.265 E0.00386
G1 X86.226 Y46.408 E0.0028
G1 X86.406 Y46.577 E0.00324
G1 X86.6 Y46.766 E0.00355
G1 X86.791 Y46.96 E0.00357
G1 X86.79 Y46.963 E0.00004
G1 X86.953 Y47.133 E0.00309
G1 X87.124 Y47.324 E0.00336
G1 X87.292 Y47.52 E0.00339
G1 X87.452 Y47.715 E0.00331
G1 X87.768 Y48.124 E0.00678
G1 X87.919 Y48.334 E0.00339
G1 X88.202 Y48.758 E0.00668
G1 X88.447 Y49.157 E0.00614
G1 X88.713 Y49.645 E0.00729
G1 X88.936 Y50.093 E0.00656
G1 X89.047 Y50.342 E0.00357
G1 X89.212 Y50.729 E0.00552
G1 X89.413 Y51.271 E0.00758
G1 X89.573 Y51.778 E0.00697
G1 X89.578 Y51.781 E0.00008
G1 X89.697 Y52.23 E0.00609
G1 X89.768 Y52.532 E0.00407
G1 X89.867 Y53.031 E0.00667
G1 X89.918 Y53.334 E0.00403
G1 X89.978 Y53.795 E0.0061
G1 X90.002 Y54.051 E0.00337
G1 X90.038 Y54.562 E0.00672
G1 X90.046 Y54.835 E0.00358
G1 X90.046 Y55.304 E0.00615
G1 X90.03 Y55.761 E0.006
G1 X89.987 Y56.264 E0.00662
G1 X89.923 Y56.804 E0.00713
G1 X89.841 Y57.289 E0.00645
G1 X89.791 Y57.528 E0.0032
G1 X89.716 Y57.854 E0.00439
G1 X89.596 Y58.311 E0.0062
G1 X89.504 Y58.617 E0.00419
G1 X89.42 Y58.875 E0.00356
G1 X89.417 Y58.877 E0.00005
G1 X89.34 Y59.097 E0.00306
G1 X89.249 Y59.34 E0.0034
G1 X89.154 Y59.576 E0.00334
G1 X89.055 Y59.811 E0.00334
G1 X88.949 Y60.044 E0.00336
G1 X88.736 Y60.476 E0.00632
G1 X88.484 Y60.946 E0.00699
G1 X88.334 Y61.199 E0.00386
G1 X88.21 Y61.397 E0.00306
G1 X87.924 Y61.825 E0.00675
G1 X87.781 Y62.024 E0.00321
G1 X87.637 Y62.217 E0.00316
G1 X87.466 Y62.436 E0.00364
G1 X87.132 Y62.839 E0.00686
G1 X86.963 Y63.024 E0.00329
G1 X86.787 Y63.21 E0.00336
G1 X86.416 Y63.584 E0.00691
G1 X86.053 Y63.919 E0.00648
G1 X85.866 Y64.079 E0.00323
G1 X85.86 Y64.079 E0.00008
G1 X85.657 Y64.248 E0.00346
G1 X85.464 Y64.4 E0.00322
G1 X85.262 Y64.553 E0.00332
G1 X85.033 Y64.715 E0.00368
G1 X84.611 Y64.999 E0.00667
G1 X84.426 Y65.117 E0.00288
G1 X83.739 Y65.507 E0.01036
G1 X83.286 Y65.729 E0.00662
G1 X83.04 Y65.842 E0.00355
G1 X82.819 Y65.937 E0.00315
G1 X82.321 Y66.129 E0.007
G1 X81.861 Y66.289 E0.00639
G1 X81.604 Y66.369 E0.00353
G1 X81.352 Y66.439 E0.00343
G1 X81.075 Y66.51 E0.00375
G1 X80.841 Y66.563 E0.00315
G1 X80.308 Y66.672 E0.00713
G1 X79.842 Y66.742 E0.00618
G1 X79.577 Y66.774 E0.0035
G1 X79.078 Y66.816 E0.00657
G1 X78.81 Y66.834 E0.00352
G1 X78.301 Y66.846 E0.00668
G1 X77.876 Y66.838 E0.00557
G1 X77.62 Y66.826 E0.00336
G1 X77.109 Y66.783 E0.00672
G1 X76.549 Y66.716 E0.0074
G1 X76.336 Y66.684 E0.00282
G1 X76.094 Y66.639 E0.00323
G1 X75.653 Y66.544 E0.00592
G1 X75.276 Y66.452 E0.00509
G1 X75.001 Y66.375 E0.00374
G1 X74.757 Y66.3 E0.00335
G1 X74.285 Y66.145 E0.00651
G1 X73.776 Y65.946 E0.00717
G1 X73.773 Y65.941 E0.00008
G1 X73.34 Y65.75 E0.00621
G1 X72.856 Y65.515 E0.00706
G1 X72.403 Y65.267 E0.00677
G1 X72.192 Y65.141 E0.00322
G1 X71.784 Y64.881 E0.00634
G1 X71.548 Y64.72 E0.00375
G1 X71.352 Y64.58 E0.00316
G1 X70.936 Y64.265 E0.00684
G1 X70.735 Y64.097 E0.00344
G1 X70.321 Y63.735 E0.00721
G1 X70.173 Y63.595 E0.00267
G1 X69.976 Y63.402 E0.00362
G1 X69.799 Y63.222 E0.00331
G1 X69.479 Y62.876 E0.00618
G1 X69.271 Y62.635 E0.00417
G1 X69.123 Y62.453 E0.00308
G1 X68.801 Y62.039 E0.00688
G1 X68.512 Y61.622 E0.00665
G1 X68.375 Y61.411 E0.0033
G1 X68.108 Y60.973 E0.00673
G1 X67.997 Y60.774 E0.00299
G1 X67.857 Y60.513 E0.00388
G1 X67.646 Y60.09 E0.0062
G1 X67.526 Y59.829 E0.00377
G1 X67.426 Y59.588 E0.00342
G1 X67.229 Y59.088 E0.00705
G1 X67.161 Y58.89 E0.00275
G1 X67.003 Y58.389 E0.00689
G1 X66.999 Y58.387 E0.00006
G1 X66.879 Y57.944 E0.00602
G1 X66.81 Y57.647 E0.004
G1 X66.708 Y57.133 E0.00687
G1 X66.658 Y56.834 E0.00398
G1 X66.598 Y56.374 E0.00608
G1 X66.555 Y55.871 E0.00662
G1 X66.538 Y55.606 E0.00348
G1 X66.526 Y55.12 E0.00637
G1 X66.531 Y54.842 E0.00365
G1 X66.546 Y54.407 E0.00571
G1 X66.589 Y53.904 E0.00662
G1 X66.653 Y53.36 E0.00718
G1 X66.735 Y52.879 E0.0064
G1 X66.785 Y52.64 E0.0032
G1 X66.864 Y52.298 E0.0046
G1 X66.983 Y51.848 E0.0061
G1 X67.156 Y51.293 E0.00762
G1 X67.16 Y51.29 E0.00007
G1 X67.325 Y50.825 E0.00647
G1 X67.421 Y50.593 E0.00329
G1 X67.632 Y50.113 E0.00688
G1 X67.844 Y49.684 E0.00627
G1 X67.979 Y49.427 E0.00381
G1 X68.101 Y49.207 E0.0033
G1 X68.368 Y48.767 E0.00675
G1 X68.504 Y48.563 E0.00321
G1 X68.817 Y48.116 E0.00716
G1 X68.953 Y47.932 E0.003
G1 X69.096 Y47.75 E0.00304
G1 X69.279 Y47.53 E0.00375
G1 X69.617 Y47.14 E0.00677
G1 X69.785 Y46.961 E0.00322
G1 X70.169 Y46.58 E0.00709
G1 X70.519 Y46.257 E0.00625
G1 X70.919 Y45.92 E0.00686
G1 X71.119 Y45.762 E0.00334
G1 X71.543 Y45.453 E0.00688
G1 X71.742 Y45.315 E0.00318
G1 X72.177 Y45.037 E0.00677
G1 X72.387 Y44.913 E0.0032
G1 X72.626 Y44.778 E0.0036
G1 X72.84 Y44.664 E0.00318
G1 X73.081 Y44.542 E0.00354
G1 X73.263 Y44.456 E0.00264
G1 X73.773 Y44.227 E0.00733
G1 X74.226 Y44.051 E0.00637
G1 X74.493 Y43.953 E0.00373
G1 X74.963 Y43.804 E0.00647
G1 X75.423 Y43.676 E0.00626
G1 X76.008 Y43.548 E0.00785
G1 X76.261 Y43.501 E0.00337
G1 X76.721 Y43.432 E0.0061
G1 X77.007 Y43.397 E0.00378
G1 X77.281 Y43.368 E0.00361
G0 F18000 X77.083 Y43.389
G0 X77.15 Y44.086
G0 X80.173 Y44.371
G0 X81.561 Y44.709
G0 X82.891 Y45.227
G0 X84.337 Y46.043
G0 X85.576 Y47.007
G0 X86.724 Y48.213
G0 X87.71 Y49.642
G0 X88.484 Y51.289
G0 X88.959 Y52.957
G0 X89.164 Y54.763
G0 X89.076 Y56.51
G0 X88.667 Y58.354
G0 X87.943 Y60.106
G0 X87.153 Y61.376
G0 X85.857 Y62.986
G0 X85.368 Y62.485
G1 F1500 X85.529 Y62.329 E0.00294
G1 X85.733 Y62.116 E0.00387
G1 X85.967 Y61.86 E0.00455
G1 X86.132 Y61.668 E0.00332
G1 X86.412 Y61.324 E0.00582
G1 X86.545 Y61.143 E0.00295
G1 X86.8 Y60.782 E0.0058
G1 X87.025 Y60.426 E0.00552
G1 X87.261 Y60.023 E0.00612
G1 X87.372 Y59.813 E0.00311
G1 X87.567 Y59.416 E0.0058
G1 X87.668 Y59.198 E0.00315
G1 X87.832 Y58.801 E0.00563
G1 X87.982 Y58.385 E0.0058
G1 X88.118 Y57.949 E0.00599
G1 X88.179 Y57.737 E0.00289
G1 X88.234 Y57.522 E0.00291
G1 X88.345 Y57.012 E0.00684
G1 X88.44 Y56.426 E0.00778
G1 X88.489 Y55.981 E0.00587
G1 X88.511 Y55.678 E0.00398
G1 X88.526 Y55.311 E0.00482
G1 X88.524 Y54.848 E0.00607
G1 X88.506 Y54.415 E0.00568
G1 X88.482 Y54.112 E0.00399
G1 X88.441 Y53.75 E0.00478
G1 X88.372 Y53.31 E0.00584
G1 X88.331 Y53.086 E0.00299
G1 X88.238 Y52.659 E0.00573
G1 X88.177 Y52.432 E0.00308
G1 X88.055 Y52.007 E0.0058
G1 X87.982 Y51.797 E0.00292
G1 X87.985 Y51.794 E0.00006
G1 X87.888 Y51.513 E0.0039
G1 X87.805 Y51.302 E0.00297
G1 X87.57 Y50.755 E0.00781
G1 X87.378 Y50.371 E0.00563
G1 X87.269 Y50.16 E0.00311
G1 X87.158 Y49.963 E0.00297
G1 X86.999 Y49.698 E0.00405
G1 X86.885 Y49.517 E0.0028
G1 X86.73 Y49.289 E0.00362
G1 X86.41 Y48.848 E0.00714
G1 X86.217 Y48.605 E0.00407
G1 X86.083 Y48.443 E0.00276
G1 X85.87 Y48.202 E0.00422
G1 X85.699 Y48.018 E0.00329
G1 X85.375 Y47.693 E0.00602
G1 X85.15 Y47.484 E0.00403
G1 X84.897 Y47.264 E0.0044
G1 X84.699 Y47.098 E0.00339
G1 X84.348 Y46.829 E0.0058
G1 X83.981 Y46.572 E0.00588
G1 X83.784 Y46.444 E0.00308
G1 X83.411 Y46.217 E0.00573
G1 X83.012 Y45.997 E0.00597
G1 X82.546 Y45.769 E0.0068
G1 X82.543 Y45.771 E0.00005
G1 X82.433 Y45.72 E0.00159
G1 X82.219 Y45.628 E0.00305
G1 X81.801 Y45.466 E0.00588
G1 X81.403 Y45.328 E0.00552
G1 X81.088 Y45.234 E0.00431
G1 X81.085 Y45.236 E0.00005
G1 X80.948 Y45.194 E0.00188
G1 X80.514 Y45.087 E0.00586
G1 X80.063 Y45.001 E0.00602
G1 X79.63 Y44.932 E0.00575
G1 X79.238 Y44.887 E0.00517
G1 X78.741 Y44.854 E0.00653
G1 X78.511 Y44.845 E0.00302
G1 X77.989 Y44.85 E0.00685
G1 X77.547 Y44.87 E0.0058
G1 X77.315 Y44.89 E0.00305
G1 X76.954 Y44.931 E0.00476
G1 X76.518 Y45 E0.00579
G1 X76.07 Y45.085 E0.00598
G1 X75.631 Y45.195 E0.00593
G1 X75.493 Y45.236 E0.00189
G1 X75.49 Y45.233 E0.00006
G1 X75.208 Y45.321 E0.00387
G1 X74.783 Y45.463 E0.00588
G1 X74.363 Y45.627 E0.00591
G1 X73.944 Y45.812 E0.00601
G1 X73.567 Y45.997 E0.00551
G1 X73.173 Y46.213 E0.00589
G1 X72.789 Y46.445 E0.00588
G1 X72.414 Y46.693 E0.0059
G1 X72.231 Y46.826 E0.00297
G1 X71.876 Y47.096 E0.00585
G1 X71.402 Y47.505 E0.00821
G1 X71.052 Y47.838 E0.00633
G1 X70.739 Y48.164 E0.00593
G1 X70.448 Y48.494 E0.00577
G1 X70.302 Y48.67 E0.003
G1 X70.032 Y49.025 E0.00585
G1 X69.918 Y49.188 E0.00261
G1 X69.913 Y49.19 E0.00007
G1 X69.653 Y49.578 E0.00612
G1 X69.425 Y49.954 E0.00577
G1 X69.311 Y50.153 E0.00301
G1 X69.207 Y50.352 E0.00294
G1 X69.009 Y50.751 E0.00584
G1 X68.914 Y50.961 E0.00302
G1 X68.744 Y51.366 E0.00576
G1 X68.594 Y51.783 E0.00581
G1 X68.442 Y52.267 E0.00665
G1 X68.339 Y52.661 E0.00534
G1 X68.246 Y53.078 E0.0056
G1 X68.205 Y53.306 E0.00304
G1 X68.136 Y53.746 E0.00584
G1 X68.107 Y53.963 E0.00287
G1 X68.07 Y54.412 E0.00591
G1 X68.05 Y54.857 E0.00584
G1 X68.046 Y55.08 E0.00292
G1 X68.054 Y55.389 E0.00405
G1 X68.07 Y55.749 E0.00473
G1 X68.094 Y56.059 E0.00408
G1 X68.135 Y56.418 E0.00474
G1 X68.204 Y56.858 E0.00584
G1 X68.289 Y57.293 E0.00581
G1 X68.395 Y57.734 E0.00595
G1 X68.521 Y58.162 E0.00585
G1 X68.591 Y58.379 E0.00299
G1 X68.741 Y58.793 E0.00577
G1 X68.912 Y59.209 E0.0059
G1 X69.007 Y59.413 E0.00295
G1 X69.201 Y59.808 E0.00577
G1 X69.312 Y60.019 E0.00313
G1 X69.552 Y60.428 E0.00622
G1 X69.699 Y60.662 E0.00362
G1 X69.822 Y60.846 E0.0029
G1 X70.028 Y61.138 E0.00469
G1 X70.168 Y61.323 E0.00304
G1 X70.354 Y61.561 E0.00396
G1 X70.595 Y61.844 E0.00487
G1 X70.956 Y62.234 E0.00697
G1 X71.201 Y62.479 E0.00454
G1 X71.528 Y62.777 E0.0058
G1 X71.869 Y63.066 E0.00586
G1 X72.049 Y63.209 E0.00301
G1 X72.23 Y63.341 E0.00294
G1 X72.59 Y63.596 E0.00578
G1 X73.164 Y63.951 E0.00885
G1 X73.362 Y64.062 E0.00298
G1 X73.755 Y64.269 E0.00582
G1 X73.953 Y64.364 E0.00288
G1 X74.354 Y64.542 E0.00575
G1 X74.573 Y64.629 E0.00309
G1 X74.991 Y64.779 E0.00582
G1 X75.423 Y64.914 E0.00593
G1 X75.625 Y64.974 E0.00276
G1 X75.867 Y65.033 E0.00327
G1 X76.282 Y65.126 E0.00558
G1 X76.596 Y65.182 E0.00418
G1 X76.949 Y65.24 E0.00469
G1 X77.17 Y65.265 E0.00292
G1 X77.616 Y65.302 E0.00587
G1 X78.061 Y65.322 E0.00584
G1 X78.3 Y65.326 E0.00313
G1 X78.588 Y65.322 E0.00378
G1 X78.955 Y65.302 E0.00482
G1 X79.26 Y65.278 E0.00401
G1 X79.604 Y65.241 E0.00454
G1 X79.918 Y65.192 E0.00417
G1 X80.282 Y65.127 E0.00485
G1 X80.499 Y65.083 E0.0029
G1 X80.718 Y65.034 E0.00294
G1 X80.94 Y64.976 E0.00301
G1 X81.153 Y64.915 E0.00291
G1 X81.432 Y64.83 E0.00382
G1 X81.653 Y64.757 E0.00305
G1 X81.998 Y64.631 E0.00482
G1 X82.219 Y64.543 E0.00312
G1 X82.61 Y64.37 E0.00561
G1 X82.904 Y64.225 E0.0043
G1 X83.081 Y64.134 E0.00261
G1 X83.474 Y63.914 E0.00591
G1 X83.666 Y63.8 E0.00293
G1 X84.039 Y63.561 E0.00581
G1 X84.343 Y63.343 E0.00491
G1 X84.527 Y63.204 E0.00302
G1 X84.765 Y63.018 E0.00396
G1 X85.044 Y62.778 E0.00483
G1 X85.368 Y62.485 E0.00573
G0 F18000 X85.22 Y62.619
G1 F1800 E-3.5
;MESH:Full_Asse_Dielectric_Part.STL
G0 F18000 X85.693 Y63.137
G0 X85.516 Y64.084
G0 X86.197 Y65.391
G0 X86.98 Y98.381
G0 X86.747 Y99.592
;TYPE:SKIN
G1 F1800 E3.52079
G1 F8400 X86.747 Y99.731 E0.00231
G1 X86.886 Y99.592 E0.00326
G0 F18000 X86.747 Y99.731
G1 F8400 X86.747 Y100.268 E0.00891
G1 X87.424 Y99.592 E0.01587
G1 X87.961 Y99.592 E0.00891
G1 X86.747 Y100.806 E0.02848
G1 X86.747 Y101.343 E0.00891
G1 X88.499 Y99.592 E0.04109
G1 X89.036 Y99.592 E0.00891
G1 X86.747 Y101.881 E0.0537
G1 X86.747 Y102.418 E0.00891
G1 X89.573 Y99.592 E0.0663
G1 X90.111 Y99.592 E0.00892
G1 X86.747 Y102.955 E0.07891
G1 X86.747 Y103.493 E0.00892
G1 X90.648 Y99.592 E0.09152
G1 X91.186 Y99.592 E0.00892
G1 X86.747 Y104.03 E0.10413
G1 X86.747 Y104.568 E0.00892
G1 X91.723 Y99.592 E0.11674
G1 X92.26 Y99.592 E0.00891
G1 X86.747 Y105.105 E0.12933
G1 X86.747 Y105.642 E0.00891
G1 X92.798 Y99.592 E0.14194
G1 X93.335 Y99.592 E0.00891
G1 X86.747 Y106.18 E0.15455
G1 X86.747 Y106.717 E0.00891
G1 X93.873 Y99.592 E0.16716
G1 X94.41 Y99.592 E0.00891
G1 X86.747 Y107.255 E0.17977
G1 X86.747 Y107.792 E0.00891
G1 X94.947 Y99.592 E0.19237
G1 X95.485 Y99.592 E0.00892
G1 X86.747 Y108.329 E0.20498
G1 X86.747 Y108.867 E0.00892
G1 X96.022 Y99.592 E0.21759
G1 X96.56 Y99.592 E0.00892
G1 X86.747 Y109.404 E0.2302
G1 X86.747 Y109.942 E0.00892
G1 X97.097 Y99.592 E0.24281
G1 X97.634 Y99.592 E0.00891
G1 X86.747 Y110.479 E0.25541
G1 X86.747 Y111.016 E0.00891
G1 X98.172 Y99.592 E0.26802
G1 X98.709 Y99.592 E0.00891
G1 X86.747 Y111.554 E0.28062
G1 X86.747 Y112.091 E0.00891
G1 X99.247 Y99.592 E0.29323
G1 X99.784 Y99.592 E0.00891
G1 X86.747 Y112.629 E0.30584
G1 X86.747 Y113.166 E0.00891
G1 X100.321 Y99.592 E0.31844
G1 X100.859 Y99.592 E0.00892
G1 X86.747 Y113.703 E0.33105
G1 X86.747 Y114.241 E0.00892
G1 X101.396 Y99.592 E0.34366
G1 X101.934 Y99.592 E0.00892
G1 X86.747 Y114.778 E0.35627
G1 X86.747 Y115.316 E0.00892
G1 X102.471 Y99.592 E0.36888
G1 X103.008 Y99.592 E0.00891
G1 X86.747 Y115.853 E0.38148
G1 X86.747 Y116.39 E0.00891
G1 X103.546 Y99.592 E0.39409
G1 X104.083 Y99.592 E0.00891
G1 X86.747 Y116.928 E0.4067
G1 X86.747 Y117.465 E0.00891
G1 X104.621 Y99.592 E0.41931
G1 X105.158 Y99.592 E0.00891
G1 X86.747 Y118.003 E0.43192
G1 X86.747 Y118.54 E0.00891
G1 X105.695 Y99.592 E0.44451
G1 X106.233 Y99.592 E0.00892
G1 X86.747 Y119.077 E0.45712
G1 X86.747 Y119.615 E0.00892
G1 X106.77 Y99.592 E0.46973
G1 X107.308 Y99.592 E0.00892
G1 X86.747 Y120.152 E0.48234
G1 X86.747 Y120.408 E0.00425
G1 X87.029 Y120.408 E0.00468
G1 X107.845 Y99.592 E0.48834
G1 X108.382 Y99.592 E0.00891
G1 X87.566 Y120.408 E0.48834
G1 X88.103 Y120.408 E0.00891
G1 X108.92 Y99.592 E0.48835
G1 X109.457 Y99.592 E0.00891
G1 X88.641 Y120.408 E0.48834
G1 X89.178 Y120.408 E0.00891
G1 X109.995 Y99.592 E0.48835
G1 X110.532 Y99.592 E0.00891
G1 X89.716 Y120.408 E0.48834
G1 X90.253 Y120.408 E0.00891
G1 X111.07 Y99.592 E0.48835
G1 X111.607 Y99.592 E0.00891
G1 X90.79 Y120.408 E0.48835
G1 X91.328 Y120.408 E0.00892
G1 X112.144 Y99.592 E0.48834
G1 X112.682 Y99.592 E0.00892
G1 X91.865 Y120.408 E0.48835
G1 X92.403 Y120.408 E0.00892
G1 X113.219 Y99.592 E0.48834
G1 X113.757 Y99.592 E0.00892
G1 X92.94 Y120.408 E0.48835
G1 X93.477 Y120.408 E0.00891
G1 X114.294 Y99.592 E0.48835
G1 X114.831 Y99.592 E0.00891
G1 X94.015 Y120.408 E0.48834
G1 X94.552 Y120.408 E0.00891
G1 X115.369 Y99.592 E0.48835
G1 X115.906 Y99.592 E0.00891
G1 X95.09 Y120.408 E0.48834
G1 X95.627 Y120.408 E0.00891
G1 X116.444 Y99.592 E0.48835
G1 X116.981 Y99.592 E0.00891
G1 X96.164 Y120.408 E0.48835
G1 X96.702 Y120.408 E0.00892
G1 X117.518 Y99.592 E0.48834
G1 X118.056 Y99.592 E0.00892
G1 X97.239 Y120.408 E0.48835
G1 X97.777 Y120.408 E0.00892
G1 X118.593 Y99.592 E0.48834
G1 X119.131 Y99.592 E0.00892
G1 X98.314 Y120.408 E0.48835
G1 X98.851 Y120.408 E0.00891
G1 X119.668 Y99.592 E0.48835
G1 X120.205 Y99.592 E0.00891
G1 X99.389 Y120.408 E0.48834
G1 X99.926 Y120.408 E0.00891
G1 X120.743 Y99.592 E0.48835
G1 X121.28 Y99.592 E0.00891
G1 X100.464 Y120.408 E0.48834
G1 X101.001 Y120.408 E0.00891
G1 X121.818 Y99.592 E0.48835
G1 X122.355 Y99.592 E0.00891
G1 X101.538 Y120.408 E0.48835
G1 X102.076 Y120.408 E0.00892
G1 X122.892 Y99.592 E0.48834
G1 X123.43 Y99.592 E0.00892
G1 X102.613 Y120.408 E0.48835
G1 X103.151 Y120.408 E0.00892
G1 X123.967 Y99.592 E0.48834
G1 X124.505 Y99.592 E0.00892
G1 X103.688 Y120.408 E0.48835
G1 X104.225 Y120.408 E0.00891
G1 X125.042 Y99.592 E0.48835
G1 X125.579 Y99.592 E0.00891
G1 X104.763 Y120.408 E0.48834
G1 X105.3 Y120.408 E0.00891
G1 X126.117 Y99.592 E0.48835
G1 X126.654 Y99.592 E0.00891
G1 X105.838 Y120.408 E0.48834
G1 X106.375 Y120.408 E0.00891
G1 X127.192 Y99.592 E0.48835
G1 X127.729 Y99.592 E0.00891
G1 X106.912 Y120.408 E0.48835
G1 X107.45 Y120.408 E0.00892
G1 X128.266 Y99.592 E0.48834
G1 X128.804 Y99.592 E0.00892
G1 X107.987 Y120.408 E0.48835
G1 X108.525 Y120.408 E0.00892
G1 X129.341 Y99.592 E0.48834
G1 X129.879 Y99.592 E0.00892
G1 X109.062 Y120.408 E0.48835
G1 X109.599 Y120.408 E0.00891
G1 X130.416 Y99.592 E0.48835
G1 X130.953 Y99.592 E0.00891
G1 X110.137 Y120.408 E0.48834
G1 X110.674 Y120.408 E0.00891
G1 X131.491 Y99.592 E0.48835
G1 X132.028 Y99.592 E0.00891
G1 X111.212 Y120.408 E0.48834
G1 X111.749 Y120.408 E0.00891
G1 X132.566 Y99.592 E0.48835
G1 X133.103 Y99.592 E0.00891
G1 X112.286 Y120.408 E0.48835
G1 X112.824 Y120.408 E0.00892
G1 X133.253 Y99.979 E0.47926
G1 X133.253 Y100.517 E0.00892
G1 X113.361 Y120.408 E0.46665
G1 X113.899 Y120.408 E0.00892
G1 X133.253 Y101.054 E0.45404
G1 X133.253 Y101.591 E0.00891
G1 X114.436 Y120.408 E0.44144
G1 X114.973 Y120.408 E0.00891
G1 X133.253 Y102.129 E0.42883
G1 X133.253 Y102.666 E0.00891
G1 X115.511 Y120.408 E0.41622
G1 X116.048 Y120.408 E0.00891
G1 X133.253 Y103.204 E0.40361
G1 X133.253 Y103.741 E0.00891
G1 X116.586 Y120.408 E0.391
G1 X117.123 Y120.408 E0.00891
G1 X133.253 Y104.278 E0.3784
G1 X133.253 Y104.816 E0.00892
G1 X117.66 Y120.408 E0.36579
G1 X118.198 Y120.408 E0.00892
G1 X133.253 Y105.353 E0.35319
G1 X133.253 Y105.891 E0.00892
G1 X118.735 Y120.408 E0.34058
G1 X119.273 Y120.408 E0.00892
G1 X133.253 Y106.428 E0.32797
G1 X133.253 Y106.965 E0.00891
G1 X119.81 Y120.408 E0.31537
G1 X120.347 Y120.408 E0.00891
G1 X133.253 Y107.503 E0.30276
G1 X133.253 Y108.04 E0.00891
G1 X120.885 Y120.408 E0.29015
G1 X121.422 Y120.408 E0.00891
G1 X133.253 Y108.578 E0.27754
G1 X133.253 Y109.115 E0.00891
G1 X121.96 Y120.408 E0.26493
G1 X122.497 Y120.408 E0.00891
G1 X133.253 Y109.652 E0.25233
G1 X133.253 Y110.19 E0.00892
G1 X123.034 Y120.408 E0.23972
G1 X123.572 Y120.408 E0.00892
G1 X133.253 Y110.727 E0.22711
G1 X133.253 Y111.265 E0.00892
G1 X124.109 Y120.408 E0.2145
G1 X124.647 Y120.408 E0.00892
G1 X133.253 Y111.802 E0.20189
G1 X133.253 Y112.339 E0.00891
G1 X125.184 Y120.408 E0.1893
G1 X125.721 Y120.408 E0.00891
G1 X133.253 Y112.877 E0.17669
G1 X133.253 Y113.414 E0.00891
G1 X126.259 Y120.408 E0.16408
G1 X126.796 Y120.408 E0.00891
G1 X133.253 Y113.952 E0.15147
G1 X133.253 Y114.489 E0.00891
G1 X127.334 Y120.408 E0.13886
G1 X127.871 Y120.408 E0.00891
G1 X133.253 Y115.026 E0.12626
G1 X133.253 Y115.564 E0.00892
G1 X128.408 Y120.408 E0.11365
G1 X128.946 Y120.408 E0.00892
G1 X133.253 Y116.101 E0.10104
G1 X133.253 Y116.639 E0.00892
G1 X129.483 Y120.408 E0.08843
G1 X130.021 Y120.408 E0.00892
G1 X133.253 Y117.176 E0.07582
G1 X133.253 Y117.713 E0.00891
G1 X130.558 Y120.408 E0.06322
G1 X131.095 Y120.408 E0.00891
G1 X133.253 Y118.251 E0.05061
G1 X133.253 Y118.788 E0.00891
G1 X131.633 Y120.408 E0.038
G1 X132.17 Y120.408 E0.00891
G1 X133.253 Y119.326 E0.0254
G1 X133.253 Y119.863 E0.00891
G1 X132.708 Y120.408 E0.01279
G1 X133.245 Y120.408 E0.00891
G0 F18000 X132.254 Y119.521
G1 F1800 E-3.5
;MESH:Full_Asse_Dielectric_Part.STL
G0 F18000 X133.014 Y99.881
G0 X134.464 Y99.881
G0 X140.536 Y99.881
G0 X141.747 Y99.592
G1 F1800 E3.52079
G1 F8400 X141.747 Y100.083 E0.00814
G1 X142.239 Y99.592 E0.01153
G1 X142.776 Y99.592 E0.00891
G1 X141.747 Y100.621 E0.02414
G1 X141.747 Y101.158 E0.00891
G1 X143.314 Y99.592 E0.03675
G1 X143.851 Y99.592 E0.00891
G1 X141.747 Y101.695 E0.04935
G1 X141.747 Y102.233 E0.00892
G1 X144.388 Y99.592 E0.06196
G1 X144.926 Y99.592 E0.00892
G1 X141.747 Y102.77 E0.07457
G1 X141.747 Y103.308 E0.00892
G1 X145.463 Y99.592 E0.08718
G1 X146.001 Y99.592 E0.00892
G1 X141.747 Y103.845 E0.09979
G1 X141.747 Y104.382 E0.00891
G1 X146.538 Y99.592 E0.11238
G1 X147.075 Y99.592 E0.00891
G1 X141.747 Y104.92 E0.12499
G1 X141.747 Y105.457 E0.00891
G1 X147.613 Y99.592 E0.1376
G1 X148.15 Y99.592 E0.00891
G1 X141.747 Y105.995 E0.15021
G1 X141.747 Y106.532 E0.00891
G1 X148.688 Y99.592 E0.16282
G1 X149.225 Y99.592 E0.00891
G1 X141.747 Y107.069 E0.17542
G1 X141.747 Y107.607 E0.00892
G1 X149.762 Y99.592 E0.18803
G1 X150.3 Y99.592 E0.00892
G1 X141.747 Y108.144 E0.20064
G1 X141.747 Y108.682 E0.00892
G1 X150.837 Y99.592 E0.21325
G1 X151.375 Y99.592 E0.00892
G1 X141.747 Y109.219 E0.22586
G1 X141.747 Y109.756 E0.00891
G1 X151.912 Y99.592 E0.23846
G1 X152.449 Y99.592 E0.00891
G1 X141.747 Y110.294 E0.25107
G1 X141.747 Y110.831 E0.00891
G1 X152.987 Y99.592 E0.26367
G1 X153.524 Y99.592 E0.00891
G1 X141.747 Y111.369 E0.27628
G1 X141.747 Y111.906 E0.00891
G1 X154.062 Y99.592 E0.28889
G1 X154.599 Y99.592 E0.00891
G1 X141.747 Y112.443 E0.30149
G1 X141.747 Y112.981 E0.00892
G1 X155.136 Y99.592 E0.3141
G1 X155.674 Y99.592 E0.00892
G1 X141.747 Y113.518 E0.32671
G1 X141.747 Y114.056 E0.00892
G1 X156.211 Y99.592 E0.33932
G1 X156.749 Y99.592 E0.00892
G1 X141.747 Y114.593 E0.35193
G1 X141.747 Y115.13 E0.00891
G1 X157.286 Y99.592 E0.36453
G1 X157.823 Y99.592 E0.00891
G1 X141.747 Y115.668 E0.37714
G1 X141.747 Y116.205 E0.00891
G1 X158.361 Y99.592 E0.38975
G1 X158.898 Y99.592 E0.00891
G1 X141.747 Y116.743 E0.40236
G1 X141.747 Y117.28 E0.00891
G1 X159.436 Y99.592 E0.41497
G1 X159.973 Y99.592 E0.00891
G1 X141.747 Y117.817 E0.42756
G1 X141.747 Y118.355 E0.00892
G1 X160.51 Y99.592 E0.44017
G1 X161.048 Y99.592 E0.00892
G1 X141.747 Y118.892 E0.45278
G1 X141.747 Y119.43 E0.00892
G1 X161.585 Y99.592 E0.46539
G1 X162.123 Y99.592 E0.00892
G1 X141.747 Y119.967 E0.478
G1 X141.747 Y120.408 E0.00732
G1 X141.843 Y120.408 E0.00159
G1 X162.66 Y99.592 E0.48835
G1 X163.197 Y99.592 E0.00891
G1 X142.381 Y120.408 E0.48834
G1 X142.918 Y120.408 E0.00891
G1 X163.735 Y99.592 E0.48835
G1 X164.272 Y99.592 E0.00891
G1 X143.456 Y120.408 E0.48834
G1 X143.993 Y120.408 E0.00891
G1 X164.81 Y99.592 E0.48835
G1 X165.347 Y99.592 E0.00891
G1 X144.531 Y120.408 E0.48834
G1 X145.068 Y120.408 E0.00891
G1 X165.884 Y99.592 E0.48834
G1 X166.422 Y99.592 E0.00892
G1 X145.605 Y120.408 E0.48835
G1 X146.143 Y120.408 E0.00892
G1 X166.959 Y99.592 E0.48834
G1 X167.497 Y99.592 E0.00892
G1 X146.68 Y120.408 E0.48835
G1 X147.218 Y120.408 E0.00892
G1 X168.034 Y99.592 E0.48834
G1 X168.571 Y99.592 E0.00891
G1 X147.755 Y120.408 E0.48834
G1 X148.292 Y120.408 E0.00891
G1 X169.109 Y99.592 E0.48835
G1 X169.646 Y99.592 E0.00891
G1 X148.83 Y120.408 E0.48834
G1 X149.367 Y120.408 E0.00891
G1 X170.184 Y99.592 E0.48835
G1 X170.721 Y99.592 E0.00891
G1 X149.905 Y120.408 E0.48834
G1 X150.442 Y120.408 E0.00891
G1 X171.258 Y99.592 E0.48834
G1 X171.796 Y99.592 E0.00892
G1 X150.979 Y120.408 E0.48835
G1 X151.517 Y120.408 E0.00892
G1 X172.333 Y99.592 E0.48834
G1 X172.871 Y99.592 E0.00892
G1 X152.054 Y120.408 E0.48835
G1 X152.592 Y120.408 E0.00892
G1 X173.408 Y99.592 E0.48834
G1 X173.945 Y99.592 E0.00891
G1 X153.129 Y120.408 E0.48834
G1 X153.666 Y120.408 E0.00891
G1 X174.483 Y99.592 E0.48835
G1 X175.02 Y99.592 E0.00891
G1 X154.204 Y120.408 E0.48834
G1 X154.741 Y120.408 E0.00891
G1 X175.558 Y99.592 E0.48835
G1 X176.095 Y99.592 E0.00891
G1 X155.279 Y120.408 E0.48834
G1 X155.816 Y120.408 E0.00891
G1 X176.632 Y99.592 E0.48834
G1 X177.17 Y99.592 E0.00892
G1 X156.353 Y120.408 E0.48835
G1 X156.891 Y120.408 E0.00892
G1 X177.707 Y99.592 E0.48834
G1 X178.245 Y99.592 E0.00892
G1 X157.428 Y120.408 E0.48835
G1 X157.966 Y120.408 E0.00892
G1 X178.782 Y99.592 E0.48834
G1 X179.319 Y99.592 E0.00891
G1 X158.503 Y120.408 E0.48834
G1 X159.04 Y120.408 E0.00891
G1 X179.857 Y99.592 E0.48835
G1 X180.394 Y99.592 E0.00891
G1 X159.578 Y120.408 E0.48834
G1 X160.115 Y120.408 E0.00891
G1 X180.932 Y99.592 E0.48835
G1 X181.469 Y99.592 E0.00891
G1 X160.653 Y120.408 E0.48834
G1 X161.19 Y120.408 E0.00891
G1 X182.006 Y99.592 E0.48834
G1 X182.544 Y99.592 E0.00892
G1 X161.727 Y120.408 E0.48835
G1 X162.265 Y120.408 E0.00892
G1 X183.081 Y99.592 E0.48834
G1 X183.619 Y99.592 E0.00892
G1 X162.802 Y120.408 E0.48835
G1 X163.34 Y120.408 E0.00892
G1 X184.156 Y99.592 E0.48834
G1 X184.693 Y99.592 E0.00891
G1 X163.877 Y120.408 E0.48834
G1 X164.414 Y120.408 E0.00891
G1 X185.231 Y99.592 E0.48835
G1 X185.768 Y99.592 E0.00891
G1 X164.952 Y120.408 E0.48834
G1 X165.489 Y120.408 E0.00891
G1 X186.306 Y99.592 E0.48835
G1 X186.843 Y99.592 E0.00891
G1 X166.027 Y120.408 E0.48834
G1 X166.564 Y120.408 E0.00891
G1 X187.38 Y99.592 E0.48834
G1 X187.918 Y99.592 E0.00892
G1 X167.101 Y120.408 E0.48835
G1 X167.639 Y120.408 E0.00892
G1 X188.253 Y99.794 E0.4836
G1 X188.253 Y100.331 E0.00891
G1 X168.176 Y120.408 E0.471
G1 X168.714 Y120.408 E0.00892
G1 X188.253 Y100.869 E0.45838
G1 X188.253 Y101.406 E0.00891
G1 X169.251 Y120.408 E0.44578
G1 X169.788 Y120.408 E0.00891
G1 X188.253 Y101.944 E0.43317
G1 X188.253 Y102.481 E0.00891
G1 X170.326 Y120.408 E0.42056
G1 X170.863 Y120.408 E0.00891
G1 X188.253 Y103.018 E0.40796
G1 X188.253 Y103.556 E0.00892
G1 X171.401 Y120.408 E0.39534
G1 X171.938 Y120.408 E0.00891
G1 X188.253 Y104.093 E0.38274
G1 X188.253 Y104.631 E0.00892
G1 X172.475 Y120.408 E0.37013
G1 X173.013 Y120.408 E0.00892
G1 X188.253 Y105.168 E0.35753
G1 X188.253 Y105.705 E0.00891
G1 X173.55 Y120.408 E0.34493
G1 X174.088 Y120.408 E0.00892
G1 X188.253 Y106.243 E0.33231
G1 X188.253 Y106.78 E0.00891
G1 X174.625 Y120.408 E0.31971
G1 X175.162 Y120.408 E0.00891
G1 X188.253 Y107.318 E0.3071
G1 X188.253 Y107.855 E0.00891
G1 X175.7 Y120.408 E0.29449
G1 X176.237 Y120.408 E0.00891
G1 X188.253 Y108.392 E0.28189
G1 X188.253 Y108.93 E0.00892
G1 X176.775 Y120.408 E0.26927
G1 X177.312 Y120.408 E0.00891
G1 X188.253 Y109.467 E0.25667
G1 X188.253 Y110.005 E0.00892
G1 X177.849 Y120.408 E0.24406
G1 X178.387 Y120.408 E0.00892
G1 X188.253 Y110.542 E0.23145
G1 X188.253 Y111.079 E0.00891
G1 X178.924 Y120.408 E0.21886
G1 X179.462 Y120.408 E0.00892
G1 X188.253 Y111.617 E0.20623
G1 X188.253 Y112.154 E0.00891
G1 X179.999 Y120.408 E0.19364
G1 X180.536 Y120.408 E0.00891
G1 X188.253 Y112.692 E0.18103
G1 X188.253 Y113.229 E0.00891
G1 X181.074 Y120.408 E0.16842
G1 X181.611 Y120.408 E0.00891
G1 X188.253 Y113.766 E0.15582
G1 X188.253 Y114.304 E0.00892
G1 X182.149 Y120.408 E0.1432
G1 X182.686 Y120.408 E0.00891
G1 X188.253 Y114.841 E0.1306
G1 X188.253 Y115.379 E0.00892
G1 X183.223 Y120.408 E0.11799
G1 X183.761 Y120.408 E0.00892
G1 X188.253 Y115.916 E0.10538
G1 X188.253 Y116.453 E0.00891
G1 X184.298 Y120.408 E0.09278
G1 X184.836 Y120.408 E0.00892
G1 X188.253 Y116.991 E0.08016
G1 X188.253 Y117.528 E0.00891
G1 X185.373 Y120.408 E0.06756
G1 X185.91 Y120.408 E0.00891
G1 X188.253 Y118.066 E0.05495
G1 X188.253 Y118.603 E0.00891
G1 X186.448 Y120.408 E0.04234
G1 X186.985 Y120.408 E0.00891
G1 X188.253 Y119.14 E0.02975
G1 X188.253 Y119.678 E0.00892
G1 X187.523 Y120.408 E0.01713
G1 X188.06 Y120.408 E0.00891
G1 X188.253 Y120.215 E0.00453
G1 X188.253 Y120.408 E0.0032
G0 F18000 X187.254 Y119.521
G1 F1800 E-3.5
;MESH:NONMESH
G0 F1200 X187.254 Y119.521 Z0.5
G0 F18000 X141.98 Y99.825
G0 X140.536 Y99.825
G0 X91.049 Y57.521
G0 X89.671 Y56.999
G0 X88.11 Y51.428
G0 X87.364 Y49.844
G0 X86.413 Y48.465
G0 X85.309 Y47.305
G0 X83.919 Y46.248
G0 X82.508 Y45.494
G0 X81.001 Y44.963
G0 X79.912 Y44.747
G0 X75.932 Y44.404
G0 X75.996 Y44.712
;TIME_ELAPSED:193.609400
;LAYER:2
;TYPE:WALL-INNER
;MESH:01_Prime_Insulator.STL
G1 F1800 E3.52079
G1 F3000 X75.538 Y44.826 E0.00619
G1 X75.099 Y44.954 E0.006
G1 X74.66 Y45.1 E0.00607
G1 X74.221 Y45.274 E0.00619
G1 X73.79 Y45.464 E0.00618
G1 X73.399 Y45.656 E0.00571
G1 X72.991 Y45.879 E0.0061
G1 X72.592 Y46.12 E0.00611
G1 X72.204 Y46.377 E0.0061
G1 X72.006 Y46.52 E0.0032
G1 X71.641 Y46.802 E0.00605
G1 X71.292 Y47.096 E0.00598
G1 X71.152 Y47.219 E0.00244
G1 X70.79 Y47.563 E0.00655
G1 X70.463 Y47.907 E0.00622
G1 X70.33 Y48.052 E0.00258
G1 X70.176 Y48.229 E0.00308
G1 X70.001 Y48.437 E0.00356
G1 X69.729 Y48.795 E0.0059
G1 X69.624 Y48.946 E0.00241
G1 X69.592 Y48.985 E0.00066
G1 X69.337 Y49.367 E0.00602
G1 X69.209 Y49.575 E0.0032
G1 X68.981 Y49.963 E0.0059
G1 X68.87 Y50.176 E0.00315
G1 X68.657 Y50.604 E0.00627
G1 X68.568 Y50.799 E0.00281
G1 X68.393 Y51.221 E0.00599
G1 X68.227 Y51.681 E0.00641
G1 X68.079 Y52.153 E0.00649
G1 X67.972 Y52.561 E0.00553
G1 X67.875 Y52.995 E0.00583
G1 X67.794 Y53.458 E0.00616
G1 X67.758 Y53.698 E0.00318
G1 X67.73 Y53.914 E0.00286
G1 X67.691 Y54.381 E0.00614
G1 X67.678 Y54.616 E0.00309
G1 X67.67 Y54.843 E0.00298
G1 X67.666 Y55.073 E0.00302
G1 X67.678 Y55.54 E0.00613
G1 X67.69 Y55.772 E0.00305
G1 X67.715 Y56.107 E0.00441
G1 X67.758 Y56.465 E0.00473
G1 X67.824 Y56.909 E0.00589
G1 X67.917 Y57.37 E0.00617
G1 X67.968 Y57.591 E0.00297
G1 X68.089 Y58.05 E0.00622
G1 X68.229 Y58.495 E0.00612
G1 X68.387 Y58.934 E0.00612
G1 X68.56 Y59.353 E0.00594
G1 X68.663 Y59.575 E0.00321
G1 X68.86 Y59.975 E0.00585
G1 X68.976 Y60.195 E0.00326
G1 X69.219 Y60.615 E0.00636
G1 X69.333 Y60.792 E0.00276
G1 X69.582 Y61.166 E0.00589
G1 X69.719 Y61.359 E0.0031
G1 X69.86 Y61.546 E0.00307
G1 X70.145 Y61.9 E0.00596
G1 X70.284 Y62.065 E0.00283
G1 X70.449 Y62.25 E0.00325
G1 X70.61 Y62.421 E0.00308
G1 X70.93 Y62.745 E0.00597
G1 X71.272 Y63.058 E0.00608
G1 X71.624 Y63.356 E0.00605
G1 X71.832 Y63.522 E0.00349
G1 X72.37 Y63.906 E0.00867
G1 X72.966 Y64.275 E0.00919
G1 X73.176 Y64.393 E0.00316
G1 X73.578 Y64.605 E0.00596
G1 X73.789 Y64.707 E0.00307
G1 X74.2 Y64.889 E0.00589
G1 X74.433 Y64.982 E0.00329
G1 X74.863 Y65.137 E0.00599
G1 X75.31 Y65.277 E0.00614
G1 X75.531 Y65.343 E0.00302
G1 X75.978 Y65.451 E0.00603
G1 X76.208 Y65.498 E0.00308
G1 X76.888 Y65.615 E0.00905
G1 X77.127 Y65.643 E0.00316
G1 X77.585 Y65.681 E0.00603
G1 X77.82 Y65.694 E0.00309
G1 X78.047 Y65.702 E0.00298
G1 X78.277 Y65.706 E0.00302
G1 X78.519 Y65.702 E0.00317
G1 X78.976 Y65.682 E0.006
G1 X79.311 Y65.657 E0.00441
G1 X79.649 Y65.619 E0.00446
G1 X79.904 Y65.58 E0.00338
G1 X80.347 Y65.502 E0.0059
G1 X80.8 Y65.405 E0.00607
G1 X81.259 Y65.28 E0.00624
G1 X81.692 Y65.144 E0.00595
G1 X82.029 Y65.025 E0.00469
G1 X82.445 Y64.858 E0.00588
G1 X82.975 Y64.618 E0.00763
G1 X83.396 Y64.396 E0.00624
G1 X83.801 Y64.161 E0.00614
G1 X84.033 Y64.017 E0.00358
G1 X84.367 Y63.795 E0.00526
G1 X84.753 Y63.509 E0.0063
G1 X84.937 Y63.366 E0.00306
G1 X85.283 Y63.077 E0.00591
G1 X85.62 Y62.769 E0.00599
G1 X85.795 Y62.601 E0.00318
G1 X85.965 Y62.428 E0.00318
G1 X86.121 Y62.252 E0.00308
G1 X86.278 Y62.081 E0.00304
G1 X86.716 Y61.553 E0.009
G1 X86.852 Y61.367 E0.00302
G1 X87.111 Y61 E0.00589
G1 X87.355 Y60.616 E0.00597
G1 X87.59 Y60.213 E0.00612
G1 X87.708 Y59.991 E0.0033
G1 X87.908 Y59.583 E0.00596
G1 X88.019 Y59.345 E0.00344
G1 X88.193 Y58.922 E0.006
G1 X88.339 Y58.514 E0.00568
G1 X88.496 Y58.012 E0.0069
G1 X88.544 Y57.842 E0.00232
G1 X88.603 Y57.611 E0.00313
G1 X88.656 Y57.387 E0.00302
G1 X88.748 Y56.939 E0.006
G1 X88.817 Y56.481 E0.00607
G1 X88.867 Y56.023 E0.00604
G1 X88.892 Y55.677 E0.00455
G1 X88.908 Y55.313 E0.00478
G1 X88.906 Y54.864 E0.00589
G1 X88.898 Y54.623 E0.00316
G1 X88.885 Y54.392 E0.00303
G1 X88.86 Y54.054 E0.00444
G1 X88.822 Y53.724 E0.00436
G1 X88.784 Y53.468 E0.00339
G1 X88.704 Y53.009 E0.00611
G1 X88.609 Y52.583 E0.00572
G1 X88.502 Y52.177 E0.00551
G1 X88.418 Y51.897 E0.00383
G1 X88.346 Y51.675 E0.00306
G1 X88.193 Y51.247 E0.00596
G1 X88.005 Y50.794 E0.00643
G1 X87.958 Y50.696 E0.00143
G1 X87.945 Y50.659 E0.00051
G1 X87.812 Y50.388 E0.00396
G1 X87.601 Y49.974 E0.00609
G1 X87.372 Y49.584 E0.00593
G1 X87.25 Y49.384 E0.00307
G1 X87.047 Y49.08 E0.00479
G1 X86.718 Y48.625 E0.00736
G1 X86.431 Y48.269 E0.006
G1 X86.278 Y48.088 E0.00311
G1 X86.12 Y47.91 E0.00312
G1 X85.974 Y47.755 E0.00279
G1 X85.805 Y47.582 E0.00317
G1 X85.461 Y47.249 E0.00628
G1 X84.952 Y46.815 E0.00877
G1 X84.581 Y46.528 E0.00615
G1 X84.199 Y46.261 E0.00611
G1 X83.99 Y46.125 E0.00327
G1 X83.609 Y45.893 E0.00585
G1 X83.172 Y45.651 E0.00655
G1 X82.732 Y45.435 E0.00643
G1 X82.367 Y45.278 E0.00521
G1 X82.136 Y45.186 E0.00326
G1 X81.92 Y45.105 E0.00302
G1 X81.527 Y44.969 E0.00545
G1 X81.04 Y44.824 E0.00666
G1 X80.579 Y44.711 E0.00622
G1 X80.144 Y44.627 E0.00581
G1 X79.679 Y44.555 E0.00617
G1 X79.254 Y44.506 E0.00561
G1 X78.766 Y44.474 E0.00641
G1 X78.519 Y44.465 E0.00324
G1 X78.068 Y44.466 E0.00591
G1 X77.83 Y44.474 E0.00312
G1 X77.371 Y44.503 E0.00603
G1 X76.912 Y44.553 E0.00605
G1 X76.676 Y44.588 E0.00313
G1 X76.229 Y44.666 E0.00595
G1 X75.996 Y44.712 E0.00311
G0 F18000 X75.932 Y44.404
G0 X73.907 Y45.128
G0 X72.444 Y45.911
G0 X71.119 Y46.904
G0 X69.958 Y48.09
G0 X68.989 Y49.44
G0 X68.328 Y50.712
G0 X67.843 Y52.047
G0 X67.503 Y53.663
G0 X67.409 Y55.091
G0 X67.504 Y56.51
G0 X67.844 Y58.129
G0 X68.431 Y59.69
G0 X69.173 Y61.022
G0 X70.114 Y62.264
G0 X71.297 Y63.421
G0 X72.449 Y64.264
G0 X73.909 Y65.045
G0 X75.474 Y65.595
G0 X76.403 Y65.769
G0 X78.543 Y66.082
G1 F2984.3 X78.776 Y66.073 E0.00307
G1 F2976.5 X79.014 Y66.059 E0.00315
G1 F3000 X79.375 Y66.031 E0.00475
G1 F3007.9 X79.737 Y65.99 E0.00476
G1 F2976.5 X80.191 Y65.918 E0.00608
G1 F2968.8 X80.669 Y65.823 E0.00646
G1 F2992.1 X80.914 Y65.767 E0.0033
G1 X81.155 Y65.705 E0.00327
G1 F2976.5 X81.364 Y65.647 E0.00287
G1 F2992.1 X81.838 Y65.494 E0.00655
G1 F3015.9 X82.178 Y65.372 E0.00471
G1 F3007.9 X82.604 Y65.203 E0.00599
G1 F2992.1 X82.929 Y65.057 E0.00468
G1 F3015.9 X83.18 Y64.937 E0.00363
G1 F3007.9 X83.387 Y64.832 E0.00304
G1 F2992.1 X83.605 Y64.713 E0.00327
G1 F3000 X84.021 Y64.473 E0.0063
G1 X84.256 Y64.324 E0.00365
G1 F3023.9 X84.601 Y64.093 E0.0054
G1 F3007.9 X84.793 Y63.954 E0.0031
G1 F2992.1 X85.175 Y63.662 E0.00632
G1 X85.558 Y63.341 E0.00657
G1 X85.91 Y63.016 E0.0063
G1 F3015.9 X86.075 Y62.855 E0.00301
G1 F3031.9 X86.261 Y62.665 E0.00345
G1 F3007.9 X86.559 Y62.338 E0.00579
G1 F2984.3 X86.868 Y61.967 E0.00636
G1 F3007.9 X87.031 Y61.762 E0.00343
G1 F3015.9 X87.298 Y61.395 E0.00592
G1 F3007.9 X87.446 Y61.179 E0.00342
G1 F3000 X87.682 Y60.81 E0.00574
G1 F2984.3 X87.816 Y60.584 E0.00346
G1 F3007.9 X87.934 Y60.372 E0.00317
G1 F3023.9 X88.043 Y60.168 E0.00301
G1 F3015.9 X88.258 Y59.73 E0.00636
G1 F3023.9 X88.367 Y59.49 E0.00343
G1 F3031.9 X88.549 Y59.049 E0.00619
G1 F3007.9 X88.717 Y58.58 E0.00652
G1 F2984.3 X88.861 Y58.117 E0.00639
G1 F3007.9 X88.917 Y57.914 E0.00275
G1 F3015.9 X89.032 Y57.446 E0.00629
G1 F3007.9 X89.119 Y57.014 E0.00576
G1 F3000 X89.16 Y56.758 E0.0034
G1 F2992.1 X89.196 Y56.5 E0.00342
G1 X89.222 Y56.281 E0.0029
G1 X89.256 Y55.933 E0.0046
G1 F3000 X89.271 Y55.697 E0.0031
G1 F3007.9 X89.285 Y55.304 E0.00514
G1 X89.286 Y54.835 E0.00613
G1 F2984.3 X89.277 Y54.592 E0.00321
G1 X89.246 Y54.12 E0.00624
G1 F2992.1 X89.223 Y53.886 E0.00309
G1 X89.194 Y53.645 E0.00319
G1 X89.158 Y53.4 E0.00326
G1 F2984.3 X89.119 Y53.17 E0.00308
G1 F2992.1 X89.071 Y52.913 E0.00344
G1 F2984.3 X88.973 Y52.473 E0.00594
G1 F2976.5 X88.913 Y52.236 E0.00323
G1 X88.86 Y52.043 E0.00265
G1 X88.698 Y51.531 E0.0071
G1 F2992.1 X88.522 Y51.048 E0.00676
G1 F3015.9 X88.35 Y50.64 E0.00578
G1 F3023.9 X88.275 Y50.473 E0.00238
G1 F3000 X88.044 Y50.006 E0.00683
G1 F3015.9 X87.932 Y49.793 E0.00314
G1 F3007.9 X87.794 Y49.55 E0.00365
G1 F2976.5 X87.689 Y49.373 E0.00272
G1 F2992.1 X87.555 Y49.157 E0.00334
G1 X87.433 Y48.972 E0.00291
G1 F2976.5 X87.299 Y48.777 E0.00313
G1 F2961 X87.163 Y48.588 E0.00309
G1 F2984.3 X86.996 Y48.365 E0.00367
G1 F3000 X86.71 Y48.009 E0.00599
G1 F2992.1 X86.404 Y47.659 E0.00611
G1 F3000 X86.208 Y47.451 E0.00375
G1 X86.055 Y47.295 E0.00287
G1 F3007.9 X85.718 Y46.971 E0.00611
G1 X85.529 Y46.805 E0.00329
G1 F3015.9 X85.186 Y46.517 E0.00584
G1 X84.777 Y46.202 E0.00673
G1 F3000 X84.387 Y45.93 E0.00623
G1 F2992.1 X83.991 Y45.679 E0.00616
G1 X83.77 Y45.548 E0.00338
G1 F3015.9 X83.338 Y45.312 E0.00642
G1 F3040 X82.879 Y45.088 E0.00661
G1 F3031.9 X82.717 Y45.015 E0.00231
G1 F3007.9 X82.497 Y44.922 E0.00312
G1 X82.256 Y44.826 E0.00339
G1 F3015.9 X82.032 Y44.742 E0.00312
G1 F3000 X81.796 Y44.659 E0.00328
G1 F2984.3 X81.372 Y44.526 E0.00586
G1 F3015.9 X81.118 Y44.455 E0.00344
G1 F3023.9 X80.901 Y44.399 E0.00292
G1 X80.651 Y44.341 E0.00334
G1 X80.427 Y44.295 E0.00297
G1 F3000 X80.158 Y44.245 E0.00359
G1 X79.702 Y44.176 E0.00605
G1 F3015.9 X79.278 Y44.129 E0.00556
G1 X79.013 Y44.109 E0.00347
G1 F3000 X78.508 Y44.086 E0.00663
G1 X78.033 Y44.087 E0.00623
G1 F2992.1 X77.567 Y44.109 E0.00613
G1 X77.339 Y44.125 E0.003
G1 F3007.9 X76.837 Y44.181 E0.00661
G1 F2992.1 X76.378 Y44.253 E0.00611
G1 X76.142 Y44.297 E0.00316
G1 F3023.9 X75.878 Y44.352 E0.00351
G1 F2992.1 X75.617 Y44.413 E0.00352
G1 F2976.5 X75.253 Y44.511 E0.00498
G1 F2992.1 X74.749 Y44.668 E0.00694
G1 F3007.9 X74.493 Y44.759 E0.00355
G1 F3015.9 X74.081 Y44.921 E0.00577
G1 F3000 X73.623 Y45.124 E0.00657
G1 F2992.1 X73.196 Y45.334 E0.00626
G1 X72.771 Y45.568 E0.00638
G1 F3000 X72.378 Y45.807 E0.00603
G1 F2992.1 X72.176 Y45.939 E0.00317
G1 F3000 X71.962 Y46.085 E0.0034
G1 F3015.9 X71.764 Y46.229 E0.00319
G1 F3000 X71.379 Y46.525 E0.00637
G1 F2984.3 X71.032 Y46.818 E0.00599
G1 F2992.1 X70.886 Y46.948 E0.00257
G1 F3007.9 X70.496 Y47.322 E0.00707
G1 F2992.1 X70.34 Y47.482 E0.00294
G1 F2976.5 X70.169 Y47.664 E0.0033
G1 F3000 X69.868 Y48.006 E0.00597
G1 F3015.9 X69.692 Y48.218 E0.00359
G1 X69.406 Y48.597 E0.00619
G1 F3007.9 X69.136 Y48.984 E0.00617
G1 F2992.1 X69.003 Y49.185 E0.00317
G1 F2984.3 X68.879 Y49.386 E0.00311
G1 F2992.1 X68.76 Y49.587 E0.00307
G1 F3007.9 X68.634 Y49.811 E0.00336
G1 X68.517 Y50.034 E0.00329
G1 X68.302 Y50.471 E0.00637
G1 F3023.9 X68.208 Y50.681 E0.00299
G1 F3015.9 X68.026 Y51.119 E0.00619
G1 F3000 X67.872 Y51.548 E0.00598
G1 F3007.9 X67.707 Y52.078 E0.00726
G1 F3000 X67.659 Y52.253 E0.00238
G1 F2984.3 X67.596 Y52.501 E0.00337
G1 F2976.5 X67.55 Y52.699 E0.00269
G1 F2984.3 X67.496 Y52.957 E0.00347
G1 X67.459 Y53.155 E0.00266
G1 F2968.8 X67.413 Y53.429 E0.00368
G1 F2992.1 X67.352 Y53.886 E0.00606
G1 F3007.9 X67.311 Y54.376 E0.00643
G1 F2992.1 X67.298 Y54.613 E0.00312
G1 X67.29 Y54.847 E0.00308
G1 F3000 X67.286 Y55.11 E0.00345
G1 X67.299 Y55.577 E0.00613
G1 F2992.1 X67.33 Y56.044 E0.00615
G1 F2984.3 X67.353 Y56.282 E0.00315
G1 X67.384 Y56.537 E0.00339
G1 F3000 X67.458 Y57.013 E0.00632
G1 F2992.1 X67.55 Y57.474 E0.00618
G1 F2976.5 X67.658 Y57.915 E0.006
G1 F2984.3 X67.732 Y58.179 E0.00361
G1 F2992.1 X67.873 Y58.626 E0.00616
G1 F2984.3 X67.949 Y58.841 E0.00301
G1 F3000 X68.043 Y59.089 E0.00348
G1 F3015.9 X68.224 Y59.53 E0.00622
G1 F2992.1 X68.326 Y59.751 E0.0032
G1 X68.533 Y60.168 E0.00612
G1 F3007.9 X68.659 Y60.403 E0.00349
G1 F3000 X68.763 Y60.586 E0.00276
G1 F3007.9 X68.917 Y60.845 E0.00394
G1 F3000 X69.139 Y61.19 E0.00538
G1 F2976.5 X69.281 Y61.399 E0.00334
G1 X69.423 Y61.599 E0.00324
G1 F2968.8 X69.711 Y61.97 E0.00622
G1 X69.88 Y62.177 E0.00354
G1 F2976.5 X70.032 Y62.354 E0.00308
G1 F2992.1 X70.187 Y62.526 E0.00304
G1 X70.509 Y62.86 E0.0061
G1 F3000 X70.696 Y63.045 E0.00345
G1 X70.828 Y63.168 E0.00237
G1 X71.043 Y63.361 E0.00379
G1 X71.4 Y63.664 E0.00614
G1 F3007.9 X71.61 Y63.827 E0.00348
G1 F3015.9 X71.795 Y63.963 E0.00299
G1 F3007.9 X72.197 Y64.245 E0.00642
G1 F3000 X72.395 Y64.371 E0.00308
G1 F2984.3 X72.798 Y64.617 E0.00622
G1 F2992.1 X73.014 Y64.737 E0.00325
G1 F3007.9 X73.434 Y64.956 E0.00619
G1 F3015.9 X73.651 Y65.059 E0.00313
G1 X74.111 Y65.262 E0.00656
G1 F2992.1 X74.543 Y65.428 E0.00608
G1 X74.774 Y65.507 E0.00321
G1 F3007.9 X75.231 Y65.65 E0.00626
G1 X75.433 Y65.708 E0.00275
G1 F2992.1 X75.644 Y65.762 E0.00286
G1 X75.919 Y65.826 E0.00371
G1 F3015.9 X76.161 Y65.876 E0.00322
G1 F2992.1 X76.359 Y65.913 E0.00265
G1 F2976.5 X76.614 Y65.956 E0.00342
G1 F3000 X76.851 Y65.992 E0.00314
G1 F3015.9 X77.115 Y66.022 E0.00347
G1 F3007.9 X77.58 Y66.061 E0.0061
G1 F2992.1 X77.817 Y66.074 E0.00312
G1 F3000 X78.051 Y66.082 E0.00307
G1 F3007.9 X78.305 Y66.086 E0.00332
G1 F3000 X78.543 Y66.082 E0.00312
G0 F18000 X75.936 Y65.709
G0 X74.349 Y65.227
G0 X72.847 Y64.508
G0 X71.48 Y63.571
G0 X70.427 Y62.606
G0 X69.376 Y61.324
G0 X68.637 Y60.107
G0 X67.99 Y58.59
G0 X67.575 Y56.976
G0 X67.42 Y55.557
G0 X67.474 Y53.909
G0 X67.721 Y52.502
G0 X68.149 Y51.144
G0 X68.867 Y49.647
G0 X69.802 Y48.28
G0 X70.937 Y47.068
G0 X72.054 Y46.172
G0 X73.265 Y45.436
G0 X74.132 Y45.066
G0 X76.362 Y44.195
G0 X76.309 Y43.878
G1 F3000 X76.784 Y43.806 E0.0063
G1 X77.3 Y43.748 E0.00681
G1 X77.538 Y43.73 E0.00313
G1 X78.016 Y43.707 E0.00628
G1 X78.508 Y43.706 E0.00645
G1 X79.03 Y43.73 E0.00685
G1 X79.27 Y43.748 E0.00316
G1 X79.766 Y43.801 E0.00654
G1 X80.216 Y43.87 E0.00597
G1 X80.495 Y43.921 E0.00372
G1 X80.991 Y44.03 E0.00666
G1 X81.47 Y44.158 E0.0065
G1 X81.94 Y44.305 E0.00646
G1 X82.411 Y44.479 E0.00658
G1 X82.638 Y44.57 E0.00321
G1 X82.865 Y44.667 E0.00324
G1 X83.088 Y44.769 E0.00322
G1 X83.538 Y44.99 E0.00657
G1 X83.759 Y45.107 E0.00328
G1 X83.956 Y45.217 E0.00296
G1 X84.184 Y45.351 E0.00347
G1 X84.591 Y45.61 E0.00633
G1 X84.996 Y45.892 E0.00647
G1 X85.209 Y46.051 E0.00349
G1 X85.601 Y46.369 E0.00662
G1 X85.821 Y46.555 E0.00378
G1 X86.154 Y46.862 E0.00594
G1 X86.321 Y47.024 E0.00305
G1 X86.479 Y47.185 E0.00296
G1 X86.656 Y47.373 E0.00339
G1 X86.841 Y47.577 E0.00361
G1 X86.999 Y47.762 E0.00319
G1 X87.159 Y47.957 E0.00331
G1 X87.466 Y48.355 E0.00659
G1 X87.609 Y48.555 E0.00322
G1 X87.748 Y48.759 E0.00324
G1 X87.873 Y48.95 E0.00299
G1 X88.121 Y49.353 E0.0062
G1 X88.378 Y49.825 E0.00705
G1 X88.588 Y50.248 E0.00619
G1 X88.636 Y50.352 E0.0015
G1 X88.872 Y50.9 E0.00782
G1 X89.056 Y51.402 E0.00701
G1 X89.217 Y51.911 E0.007
G1 X89.22 Y51.912 E0.00004
G1 X89.329 Y52.325 E0.0056
G1 X89.398 Y52.619 E0.00396
G1 X89.493 Y53.101 E0.00644
G1 X89.543 Y53.397 E0.00394
G1 X89.601 Y53.84 E0.00586
G1 X89.624 Y54.086 E0.00324
G1 X89.658 Y54.569 E0.00635
G1 X89.666 Y54.835 E0.00349
G1 X89.666 Y55.217 E0.00501
G1 X89.662 Y55.465 E0.00325
G1 X89.635 Y55.956 E0.00645
G1 X89.601 Y56.317 E0.00475
G1 X89.537 Y56.81 E0.00652
G1 X89.496 Y57.053 E0.00323
G1 X89.404 Y57.522 E0.00627
G1 X89.346 Y57.768 E0.00331
G1 X89.229 Y58.214 E0.00605
G1 X89.069 Y58.727 E0.00705
G1 X89.062 Y58.739 E0.00018
G1 X88.981 Y58.973 E0.00325
G1 X88.894 Y59.206 E0.00326
G1 X88.714 Y59.638 E0.00614
G1 X88.603 Y59.886 E0.00356
G1 X88.383 Y60.334 E0.00654
G1 X88.143 Y60.78 E0.00664
G1 X88.008 Y61.005 E0.00344
G1 X87.889 Y61.193 E0.00292
G1 X87.611 Y61.61 E0.00657
G1 X87.473 Y61.802 E0.0031
G1 X87.333 Y61.989 E0.00306
G1 X87.167 Y62.202 E0.00354
G1 X86.852 Y62.581 E0.00646
G1 X86.683 Y62.767 E0.0033
G1 X86.536 Y62.923 E0.00281
G1 X86.154 Y63.308 E0.00711
G1 X85.815 Y63.622 E0.00606
G1 X85.649 Y63.765 E0.00287
G1 X85.601 Y63.799 E0.00077
G1 X85.419 Y63.953 E0.00313
G1 X85.229 Y64.102 E0.00317
G1 X85.022 Y64.258 E0.0034
G1 X84.606 Y64.547 E0.00664
G1 X84.224 Y64.795 E0.00597
G1 X83.573 Y65.165 E0.00982
G1 X83.098 Y65.398 E0.00694
G1 X82.874 Y65.5 E0.00323
G1 X82.628 Y65.604 E0.0035
G1 X82.186 Y65.774 E0.00621
G1 X81.738 Y65.93 E0.00622
G1 X81.499 Y66.005 E0.00328
G1 X80.989 Y66.14 E0.00692
G1 X80.755 Y66.193 E0.00315
G1 X80.266 Y66.293 E0.00654
G1 X80.04 Y66.33 E0.003
G1 X79.79 Y66.366 E0.00331
G1 X79.533 Y66.396 E0.00339
G1 X79.277 Y66.42 E0.00337
G1 X78.799 Y66.454 E0.00628
G1 X78.31 Y66.466 E0.00641
G1 X77.777 Y66.452 E0.00699
G1 X77.557 Y66.439 E0.00289
G1 X77.08 Y66.399 E0.00628
G1 X76.805 Y66.367 E0.00363
G1 X76.562 Y66.333 E0.00322
G1 X76.32 Y66.292 E0.00322
G1 X76.318 Y66.294 E0.00004
G1 X75.842 Y66.197 E0.00637
G1 X75.557 Y66.133 E0.00383
G1 X75.334 Y66.073 E0.00303
G1 X74.869 Y65.937 E0.00635
G1 X74.423 Y65.79 E0.00616
G1 X73.944 Y65.603 E0.00674
G1 X73.496 Y65.404 E0.00643
G1 X73.032 Y65.178 E0.00677
G1 X72.614 Y64.949 E0.00625
G1 X72.388 Y64.815 E0.00345
G1 X71.991 Y64.562 E0.00617
G1 X71.763 Y64.406 E0.00362
G1 X71.563 Y64.264 E0.00322
G1 X71.168 Y63.965 E0.0065
G1 X70.979 Y63.806 E0.00324
G1 X70.574 Y63.452 E0.00705
G1 X70.243 Y63.131 E0.00605
G1 X70.082 Y62.967 E0.00301
G1 X69.91 Y62.785 E0.00328
G1 X69.75 Y62.609 E0.00312
G1 X69.575 Y62.407 E0.0035
G1 X69.564 Y62.39 E0.00027
G1 X69.417 Y62.212 E0.00303
G1 X69.122 Y61.832 E0.00631
G1 X68.825 Y61.406 E0.00681
G1 X68.694 Y61.205 E0.00315
G1 X68.438 Y60.783 E0.00647
G1 X68.199 Y60.346 E0.00653
G1 X67.986 Y59.92 E0.00625
G1 X67.872 Y59.673 E0.00357
G1 X67.777 Y59.442 E0.00328
G1 X67.594 Y58.978 E0.00654
G1 X67.514 Y58.749 E0.00318
G1 X67.359 Y58.257 E0.00676
G1 X67.247 Y57.847 E0.00557
G1 X67.179 Y57.56 E0.00387
G1 X67.086 Y57.083 E0.00637
G1 X67.033 Y56.771 E0.00415
G1 X66.975 Y56.328 E0.00586
G1 X66.952 Y56.078 E0.00329
G1 X66.917 Y55.571 E0.00666
G1 X66.906 Y55.115 E0.00598
G1 X66.911 Y54.835 E0.00367
G1 X66.92 Y54.573 E0.00344
G1 X66.933 Y54.353 E0.00289
G1 X66.973 Y53.876 E0.00628
G1 X67.005 Y53.603 E0.0036
G1 X67.036 Y53.377 E0.00299
G1 X67.08 Y53.116 E0.00347
G1 X67.078 Y53.114 E0.00004
G1 X67.177 Y52.618 E0.00663
G1 X67.291 Y52.158 E0.00621
G1 X67.361 Y51.909 E0.00339
G1 X67.505 Y51.454 E0.00626
G1 X67.67 Y50.99 E0.00646
G1 X67.772 Y50.737 E0.00358
G1 X67.945 Y50.349 E0.00557
G1 X67.957 Y50.316 E0.00046
G1 X68.177 Y49.866 E0.00657
G1 X68.301 Y49.633 E0.00346
G1 X68.428 Y49.403 E0.00345
G1 X68.553 Y49.191 E0.00323
G1 X68.68 Y48.985 E0.00317
G1 X68.82 Y48.774 E0.00332
G1 X69.097 Y48.379 E0.00633
G1 X69.259 Y48.158 E0.00359
G1 X69.395 Y47.984 E0.0029
G1 X69.57 Y47.775 E0.00357
G1 X69.883 Y47.413 E0.00628
G1 X70.062 Y47.221 E0.00344
G1 X70.435 Y46.852 E0.00688
G1 X70.775 Y46.537 E0.00608
G1 X71.135 Y46.234 E0.00617
G1 X71.357 Y46.058 E0.00371
G1 X71.742 Y45.778 E0.00624
G1 X71.959 Y45.627 E0.00347
G1 X72.162 Y45.498 E0.00315
G1 X72.175 Y45.487 E0.00022
G1 X72.381 Y45.358 E0.00319
G1 X72.579 Y45.241 E0.00302
G1 X72.812 Y45.11 E0.00351
G1 X73.018 Y44.999 E0.00307
G1 X73.251 Y44.882 E0.00342
G1 X73.461 Y44.782 E0.00305
G1 X73.927 Y44.574 E0.00669
G1 X74.357 Y44.407 E0.00605
G1 X74.621 Y44.31 E0.00369
G1 X75.149 Y44.146 E0.00725
G1 X75.52 Y44.043 E0.00505
G1 X76.063 Y43.926 E0.00728
G1 X76.309 Y43.878 E0.00329
G0 F18000 X76.362 Y44.195
G0 X73.685 Y45.228
G0 X72.444 Y45.911
G0 X71.119 Y46.904
G0 X69.958 Y48.09
G0 X68.989 Y49.44
G0 X68.328 Y50.712
G0 X67.843 Y52.047
G0 X67.503 Y53.663
G0 X67.409 Y55.091
G0 X67.504 Y56.51
G0 X67.844 Y58.129
G0 X68.431 Y59.69
G0 X69.173 Y61.022
G0 X70.114 Y62.264
G0 X71.297 Y63.421
G0 X72.449 Y64.264
G0 X73.909 Y65.045
G0 X75.474 Y65.595
G0 X75.938 Y65.682
G0 X78.545 Y66.142
G0 X78.566 Y66.842
;TYPE:WALL-OUTER
G1 F1500 X78.822 Y66.833 E0.00336
G1 X79.311 Y66.798 E0.00643
G1 X79.577 Y66.774 E0.0035
G1 X79.843 Y66.742 E0.00351
G1 X80.308 Y66.672 E0.00617
G1 X80.841 Y66.563 E0.00713
G1 X81.075 Y66.51 E0.00315
G1 X81.352 Y66.439 E0.00375
G1 X81.613 Y66.367 E0.00355
G1 X81.861 Y66.289 E0.00341
G1 X82.321 Y66.129 E0.00639
G1 X82.776 Y65.954 E0.00639
G1 X83.032 Y65.846 E0.00364
G1 X83.267 Y65.738 E0.00339
G1 X83.739 Y65.507 E0.00689
G1 X84.147 Y65.278 E0.00614
G1 X84.426 Y65.117 E0.00422
G1 X84.82 Y64.861 E0.00616
G1 X85.25 Y64.562 E0.00687
G1 X85.463 Y64.401 E0.0035
G1 X85.663 Y64.244 E0.00333
G1 X85.86 Y64.079 E0.00337
G1 X85.866 Y64.079 E0.00008
G1 X86.071 Y63.902 E0.00355
G1 X86.42 Y63.58 E0.00623
G1 X86.616 Y63.385 E0.00363
G1 X86.813 Y63.183 E0.0037
G1 X86.963 Y63.024 E0.00287
G1 X87.144 Y62.824 E0.00354
G1 X87.466 Y62.436 E0.00661
G1 X87.637 Y62.217 E0.00364
G1 X87.781 Y62.024 E0.00316
G1 X87.924 Y61.825 E0.00321
G1 X88.21 Y61.397 E0.00675
G1 X88.334 Y61.199 E0.00306
G1 X88.484 Y60.946 E0.00386
G1 X88.736 Y60.476 E0.00699
G1 X88.949 Y60.044 E0.00632
G1 X89.055 Y59.811 E0.00336
G1 X89.154 Y59.576 E0.00334
G1 X89.249 Y59.34 E0.00334
G1 X89.34 Y59.097 E0.0034
G1 X89.417 Y58.877 E0.00306
G1 X89.42 Y58.875 E0.00005
G1 X89.504 Y58.617 E0.00356
G1 X89.596 Y58.311 E0.00419
G1 X89.715 Y57.858 E0.00614
G1 X89.77 Y57.63 E0.00308
G1 X89.877 Y57.095 E0.00715
G1 X89.874 Y57.092 E0.00006
G1 X89.913 Y56.863 E0.00305
G1 X89.979 Y56.354 E0.00673
G1 X90.014 Y55.993 E0.00476
G1 X90.042 Y55.471 E0.00685
G1 X90.046 Y55.217 E0.00333
G1 X90.046 Y54.835 E0.00501
G1 X90.037 Y54.546 E0.00379
G1 X90.002 Y54.051 E0.00651
G1 X89.978 Y53.794 E0.00338
G1 X89.918 Y53.334 E0.00608
G1 X89.867 Y53.031 E0.00403
G1 X89.768 Y52.533 E0.00666
G1 X89.697 Y52.23 E0.00408
G1 X89.578 Y51.781 E0.00609
G1 X89.573 Y51.779 E0.00007
G1 X89.414 Y51.274 E0.00694
G1 X89.222 Y50.752 E0.00729
G1 X88.983 Y50.198 E0.00791
G1 X88.929 Y50.08 E0.0017
G1 X88.712 Y49.644 E0.00639
G1 X88.447 Y49.157 E0.00727
G1 X88.191 Y48.742 E0.00639
G1 X88.063 Y48.546 E0.00307
G1 X87.919 Y48.334 E0.00336
G1 X87.768 Y48.124 E0.00339
G1 X87.453 Y47.715 E0.00677
G1 X87.287 Y47.514 E0.00342
G1 X87.124 Y47.324 E0.00328
G1 X86.931 Y47.111 E0.00377
G1 X86.79 Y46.963 E0.00268
G1 X86.791 Y46.96 E0.00004
G1 X86.587 Y46.753 E0.00381
G1 X86.414 Y46.585 E0.00316
G1 X86.204 Y46.389 E0.00377
G1 X86.02 Y46.225 E0.00323
G1 X85.843 Y46.076 E0.00303
G1 X85.437 Y45.747 E0.00685
G1 X85.215 Y45.582 E0.00363
G1 X84.795 Y45.29 E0.00671
G1 X84.378 Y45.024 E0.00649
G1 X84.142 Y44.886 E0.00358
G1 X83.939 Y44.772 E0.00305
G1 X83.705 Y44.648 E0.00347
G1 X83.248 Y44.425 E0.00667
G1 X83.015 Y44.317 E0.00337
G1 X82.545 Y44.123 E0.00667
G1 X82.087 Y43.956 E0.00639
G1 X82.084 Y43.952 E0.00007
G1 X81.568 Y43.791 E0.00709
G1 X81.082 Y43.661 E0.0066
G1 X80.563 Y43.547 E0.00697
G1 X80.274 Y43.495 E0.00385
G1 X79.808 Y43.423 E0.00618
G1 X79.3 Y43.369 E0.0067
G1 X79.048 Y43.35 E0.00331
G1 X78.508 Y43.326 E0.00709
G1 X77.999 Y43.327 E0.00667
G1 X77.509 Y43.351 E0.00643
G1 X77.26 Y43.37 E0.00327
G1 X76.731 Y43.43 E0.00698
G1 X76.261 Y43.501 E0.00623
G1 X76.008 Y43.548 E0.00337
G1 X75.423 Y43.676 E0.00785
G1 X74.963 Y43.804 E0.00626
G1 X74.505 Y43.948 E0.0063
G1 X74.259 Y44.037 E0.00343
G1 X73.773 Y44.227 E0.00684
G1 X73.263 Y44.456 E0.00733
G1 X73.081 Y44.542 E0.00264
G1 X72.84 Y44.664 E0.00354
G1 X72.626 Y44.778 E0.00318
G1 X72.387 Y44.913 E0.0036
G1 X72.177 Y45.037 E0.0032
G1 X71.742 Y45.315 E0.00677
G1 X71.543 Y45.453 E0.00318
G1 X71.119 Y45.762 E0.00688
G1 X70.891 Y45.943 E0.00382
G1 X70.519 Y46.257 E0.00638
G1 X70.169 Y46.58 E0.00625
G1 X69.785 Y46.961 E0.00709
G1 X69.617 Y47.14 E0.00322
G1 X69.279 Y47.53 E0.00677
G1 X69.096 Y47.75 E0.00375
G1 X68.953 Y47.932 E0.00304
G1 X68.817 Y48.116 E0.003
G1 X68.504 Y48.563 E0.00716
G1 X68.368 Y48.767 E0.00321
G1 X68.227 Y48.996 E0.00353
G1 X68.096 Y49.219 E0.00339
G1 X67.979 Y49.427 E0.00313
G1 X67.837 Y49.698 E0.00401
G1 X67.611 Y50.16 E0.00674
G1 X67.421 Y50.593 E0.0062
G1 X67.313 Y50.861 E0.00379
G1 X67.152 Y51.305 E0.00619
G1 X66.996 Y51.804 E0.00686
G1 X66.923 Y52.063 E0.00353
G1 X66.806 Y52.537 E0.0064
G1 X66.699 Y53.074 E0.00718
G1 X66.702 Y53.076 E0.00005
G1 X66.66 Y53.324 E0.0033
G1 X66.597 Y53.805 E0.00636
G1 X66.574 Y54.065 E0.00342
G1 X66.538 Y54.589 E0.00689
G1 X66.53 Y54.835 E0.00323
G1 X66.526 Y55.121 E0.00375
G1 X66.537 Y55.583 E0.00606
G1 X66.555 Y55.866 E0.00372
G1 X66.598 Y56.374 E0.00669
G1 X66.654 Y56.809 E0.00575
G1 X66.712 Y57.154 E0.00459
G1 X66.809 Y57.646 E0.00658
G1 X66.879 Y57.944 E0.00401
G1 X66.999 Y58.387 E0.00602
G1 X67.003 Y58.389 E0.00006
G1 X67.161 Y58.89 E0.00689
G1 X67.229 Y59.088 E0.00275
G1 X67.426 Y59.588 E0.00705
G1 X67.526 Y59.829 E0.00342
G1 X67.646 Y60.09 E0.00377
G1 X67.857 Y60.513 E0.0062
G1 X67.995 Y60.769 E0.00381
G1 X68.113 Y60.98 E0.00317
G1 X68.375 Y61.411 E0.00661
G1 X68.512 Y61.622 E0.0033
G1 X68.801 Y62.039 E0.00665
G1 X69.123 Y62.453 E0.00688
G1 X69.269 Y62.63 E0.00301
G1 X69.271 Y62.636 E0.00008
G1 X69.468 Y62.864 E0.00395
G1 X69.632 Y63.044 E0.00319
G1 X69.81 Y63.233 E0.0034
G1 X70.173 Y63.595 E0.00672
G1 X70.321 Y63.735 E0.00267
G1 X70.735 Y64.097 E0.00721
G1 X70.936 Y64.265 E0.00344
G1 X71.352 Y64.58 E0.00684
G1 X71.548 Y64.72 E0.00316
G1 X71.784 Y64.881 E0.00375
G1 X72.192 Y65.141 E0.00634
G1 X72.403 Y65.267 E0.00322
G1 X72.856 Y65.515 E0.00677
G1 X73.34 Y65.75 E0.00706
G1 X73.773 Y65.941 E0.00621
G1 X73.776 Y65.946 E0.00008
G1 X74.285 Y66.145 E0.00717
G1 X74.758 Y66.301 E0.00653
G1 X75.021 Y66.381 E0.0036
G1 X75.471 Y66.502 E0.00611
G1 X75.991 Y66.617 E0.00698
G1 X76.278 Y66.673 E0.00383
G1 X76.28 Y66.67 E0.00005
G1 X76.509 Y66.709 E0.00305
G1 X77.009 Y66.775 E0.00661
G1 X77.269 Y66.798 E0.00342
G1 X77.793 Y66.834 E0.00689
G1 X78.316 Y66.846 E0.00686
G1 X78.566 Y66.842 E0.00328
G0 F18000 X78.766 Y66.835
G0 X78.745 Y66.136
G0 X78.535 Y66.024
G0 X78.512 Y65.322
G1 F1500 X78.284 Y65.326 E0.00299
G1 X78.061 Y65.322 E0.00292
G1 X77.616 Y65.302 E0.00584
G1 X77.17 Y65.265 E0.00587
G1 X76.949 Y65.24 E0.00292
G1 X76.285 Y65.126 E0.00883
G1 X76.067 Y65.081 E0.00292
G1 X75.625 Y64.974 E0.00596
G1 X75.423 Y64.914 E0.00276
G1 X74.991 Y64.779 E0.00593
G1 X74.573 Y64.629 E0.00582
G1 X74.354 Y64.542 E0.00309
G1 X73.953 Y64.364 E0.00575
G1 X73.755 Y64.269 E0.00288
G1 X73.362 Y64.062 E0.00582
G1 X73.164 Y63.951 E0.00298
G1 X72.59 Y63.596 E0.00885
G1 X72.23 Y63.341 E0.00578
G1 X72.049 Y63.209 E0.00294
G1 X71.869 Y63.066 E0.00301
G1 X71.528 Y62.777 E0.00586
G1 X71.2 Y62.478 E0.00582
G1 X70.886 Y62.159 E0.00587
G1 X70.733 Y61.998 E0.00291
G1 X70.574 Y61.819 E0.00314
G1 X70.44 Y61.66 E0.00273
G1 X70.164 Y61.318 E0.00576
G1 X70.029 Y61.139 E0.00294
G1 X69.898 Y60.954 E0.00297
G1 X69.708 Y60.672 E0.00446
G1 X69.547 Y60.424 E0.00388
G1 X69.312 Y60.019 E0.00614
G1 X69.201 Y59.808 E0.00313
G1 X69.007 Y59.413 E0.00577
G1 X68.912 Y59.209 E0.00295
G1 X68.741 Y58.793 E0.0059
G1 X68.591 Y58.379 E0.00577
G1 X68.456 Y57.95 E0.0059
G1 X68.338 Y57.504 E0.00605
G1 X68.289 Y57.294 E0.00283
G1 X68.2 Y56.853 E0.0059
G1 X68.135 Y56.419 E0.00575
G1 X68.094 Y56.079 E0.00449
G1 X68.07 Y55.751 E0.00431
G1 X68.058 Y55.53 E0.0029
G1 X68.046 Y55.08 E0.0059
G1 X68.05 Y54.857 E0.00292
G1 X68.07 Y54.412 E0.00584
G1 X68.107 Y53.963 E0.00591
G1 X68.138 Y53.732 E0.00306
G1 X68.142 Y53.721 E0.00015
G1 X68.168 Y53.523 E0.00262
G1 X68.246 Y53.078 E0.00592
G1 X68.34 Y52.655 E0.00568
G1 X68.442 Y52.267 E0.00526
G1 X68.593 Y51.787 E0.0066
G1 X68.744 Y51.367 E0.00585
G1 X68.912 Y50.962 E0.00575
G1 X68.976 Y50.829 E0.00194
G1 X68.973 Y50.825 E0.00007
G1 X69.207 Y50.352 E0.00692
G1 X69.311 Y50.153 E0.00294
G1 X69.42 Y49.962 E0.00288
G1 X69.653 Y49.578 E0.00589
G1 X69.913 Y49.19 E0.00612
G1 X69.918 Y49.188 E0.00007
G1 X70.032 Y49.025 E0.00261
G1 X70.302 Y48.67 E0.00585
G1 X70.448 Y48.494 E0.003
G1 X70.612 Y48.307 E0.00326
G1 X70.738 Y48.169 E0.00245
G1 X71.052 Y47.838 E0.00598
G1 X71.402 Y47.505 E0.00633
G1 X71.537 Y47.386 E0.00236
G1 X71.875 Y47.102 E0.00579
G1 X72.231 Y46.826 E0.00591
G1 X72.414 Y46.693 E0.00297
G1 X72.789 Y46.445 E0.0059
G1 X73.173 Y46.213 E0.00588
G1 X73.567 Y45.997 E0.00589
G1 X73.944 Y45.812 E0.00551
G1 X74.361 Y45.627 E0.00598
G1 X74.782 Y45.46 E0.00594
G1 X75.209 Y45.318 E0.0059
G1 X75.49 Y45.233 E0.00385
G1 X75.493 Y45.236 E0.00006
G1 X75.631 Y45.195 E0.00189
G1 X76.07 Y45.085 E0.00593
G1 X76.295 Y45.04 E0.00301
G1 X76.732 Y44.964 E0.00582
G1 X76.954 Y44.931 E0.00294
G1 X77.395 Y44.882 E0.00582
G1 X77.844 Y44.854 E0.0059
G1 X78.068 Y44.846 E0.00294
G1 X78.512 Y44.845 E0.00582
G1 X78.741 Y44.854 E0.00301
G1 X79.239 Y44.887 E0.00654
G1 X79.621 Y44.931 E0.00504
G1 X80.072 Y45.001 E0.00598
G1 X80.514 Y45.087 E0.0059
G1 X80.946 Y45.193 E0.00583
G1 X81.403 Y45.328 E0.00625
G1 X81.787 Y45.461 E0.00533
G1 X81.995 Y45.539 E0.00291
G1 X82.219 Y45.628 E0.00316
G1 X82.433 Y45.72 E0.00305
G1 X82.543 Y45.771 E0.00159
G1 X82.546 Y45.769 E0.00005
G1 X83.012 Y45.997 E0.0068
G1 X83.411 Y46.217 E0.00597
G1 X83.784 Y46.444 E0.00573
G1 X83.981 Y46.572 E0.00308
G1 X84.349 Y46.829 E0.00589
G1 X84.707 Y47.106 E0.00594
G1 X85.075 Y47.417 E0.00632
G1 X85.204 Y47.531 E0.00226
G1 X85.533 Y47.847 E0.00598
G1 X85.698 Y48.016 E0.0031
G1 X85.835 Y48.162 E0.00263
G1 X86.136 Y48.508 E0.00601
G1 X86.41 Y48.848 E0.00573
G1 X86.731 Y49.29 E0.00716
G1 X86.926 Y49.584 E0.00463
G1 X87.044 Y49.776 E0.00296
G1 X87.27 Y50.161 E0.00585
G1 X87.471 Y50.556 E0.00581
G1 X87.603 Y50.826 E0.00394
G1 X87.6 Y50.829 E0.00006
G1 X87.66 Y50.954 E0.00182
G1 X87.835 Y51.375 E0.00598
G1 X87.985 Y51.793 E0.00582
G1 X88.054 Y52.005 E0.00292
G1 X88.136 Y52.277 E0.00373
G1 X88.238 Y52.666 E0.00527
G1 X88.331 Y53.086 E0.00564
G1 X88.372 Y53.308 E0.00296
G1 X88.445 Y53.766 E0.00608
G1 X88.482 Y54.093 E0.00432
G1 X88.506 Y54.413 E0.00421
G1 X88.518 Y54.637 E0.00294
G1 X88.526 Y54.864 E0.00298
G1 X88.527 Y55.307 E0.00581
G1 X88.512 Y55.657 E0.00459
G1 X88.489 Y55.981 E0.00426
G1 X88.441 Y56.425 E0.00586
G1 X88.375 Y56.863 E0.00581
G1 X88.286 Y57.3 E0.00585
G1 X88.235 Y57.518 E0.00294
G1 X88.179 Y57.737 E0.00296
G1 X88.118 Y57.949 E0.00289
G1 X87.982 Y58.385 E0.00599
G1 X87.832 Y58.801 E0.0058
G1 X87.668 Y59.198 E0.00563
G1 X87.567 Y59.416 E0.00315
G1 X87.372 Y59.813 E0.0058
G1 X87.261 Y60.023 E0.00311
G1 X87.025 Y60.426 E0.00612
G1 X86.8 Y60.782 E0.00552
G1 X86.545 Y61.143 E0.0058
G1 X86.411 Y61.325 E0.00296
G1 X85.997 Y61.825 E0.00851
G1 X85.693 Y62.162 E0.00595
G1 X85.529 Y62.329 E0.00307
G1 X85.364 Y62.489 E0.00301
G1 X85.039 Y62.786 E0.00577
G1 X84.704 Y63.066 E0.00573
G1 X84.526 Y63.205 E0.00296
G1 X84.157 Y63.479 E0.00603
G1 X83.833 Y63.694 E0.0051
G1 X83.596 Y63.841 E0.00366
G1 X83.218 Y64.06 E0.00573
G1 X82.816 Y64.273 E0.00597
G1 X82.303 Y64.505 E0.00738
G1 X81.888 Y64.671 E0.00586
G1 X81.578 Y64.782 E0.00432
G1 X81.153 Y64.915 E0.00584
G1 X80.94 Y64.976 E0.00291
G1 X80.718 Y65.034 E0.00301
G1 X80.281 Y65.128 E0.00586
G1 X79.846 Y65.204 E0.00579
G1 X79.606 Y65.241 E0.00318
G1 X79.283 Y65.278 E0.00426
G1 X78.955 Y65.302 E0.00431
G1 X78.512 Y65.322 E0.00581
G0 F18000 X78.312 Y65.325
G1 F1800 E-3.5
;MESH:Full_Asse_Dielectric_Part.STL
G0 F18000 X78.317 Y66.026
G0 X80.791 Y66.352
G0 X81.125 Y67.761
G0 X86.98 Y98.381
G0 X133.253 Y99.592
;TYPE:SKIN
G1 F1800 E3.52079
G1 F8400 X132.911 Y99.592 E0.00567
G1 X133.253 Y99.934 E0.00802
G1 X133.253 Y100.471 E0.00891
G1 X132.374 Y99.592 E0.02062
G1 X131.837 Y99.592 E0.00891
G1 X133.253 Y101.009 E0.03323
G1 X133.253 Y101.546 E0.00891
G1 X131.299 Y99.592 E0.04584
G1 X130.762 Y99.592 E0.00891
G1 X133.253 Y102.084 E0.05845
G1 X133.253 Y102.621 E0.00891
G1 X130.224 Y99.592 E0.07106
G1 X129.687 Y99.592 E0.00891
G1 X133.253 Y103.158 E0.08366
G1 X133.253 Y103.696 E0.00892
G1 X129.15 Y99.592 E0.09627
G1 X128.612 Y99.592 E0.00892
G1 X133.253 Y104.233 E0.10888
G1 X133.253 Y104.771 E0.00892
G1 X128.075 Y99.592 E0.12149
G1 X127.537 Y99.592 E0.00892
G1 X133.253 Y105.308 E0.1341
G1 X133.253 Y105.845 E0.00891
G1 X127 Y99.592 E0.14669
G1 X126.463 Y99.592 E0.00891
G1 X133.253 Y106.383 E0.1593
G1 X133.253 Y106.92 E0.00891
G1 X125.925 Y99.592 E0.17191
G1 X125.388 Y99.592 E0.00891
G1 X133.253 Y107.458 E0.18452
G1 X133.253 Y107.995 E0.00891
G1 X124.85 Y99.592 E0.19713
G1 X124.313 Y99.592 E0.00891
G1 X133.253 Y108.532 E0.20973
G1 X133.253 Y109.07 E0.00892
G1 X123.776 Y99.592 E0.22234
G1 X123.238 Y99.592 E0.00892
G1 X133.253 Y109.607 E0.23495
G1 X133.253 Y110.145 E0.00892
G1 X122.701 Y99.592 E0.24756
G1 X122.163 Y99.592 E0.00892
G1 X133.253 Y110.682 E0.26017
G1 X133.253 Y111.219 E0.00891
G1 X121.626 Y99.592 E0.27277
G1 X121.089 Y99.592 E0.00891
G1 X133.253 Y111.757 E0.28538
G1 X133.253 Y112.294 E0.00891
G1 X120.551 Y99.592 E0.29798
G1 X120.014 Y99.592 E0.00891
G1 X133.253 Y112.832 E0.31059
G1 X133.253 Y113.369 E0.00891
G1 X119.476 Y99.592 E0.3232
G1 X118.939 Y99.592 E0.00891
G1 X133.253 Y113.906 E0.3358
G1 X133.253 Y114.444 E0.00892
G1 X118.401 Y99.592 E0.34842
G1 X117.864 Y99.592 E0.00891
G1 X133.253 Y114.981 E0.36102
G1 X133.253 Y115.519 E0.00892
G1 X117.327 Y99.592 E0.37363
G1 X116.789 Y99.592 E0.00892
G1 X133.253 Y116.056 E0.38624
G1 X133.253 Y116.593 E0.00891
G1 X116.252 Y99.592 E0.39884
G1 X115.714 Y99.592 E0.00892
G1 X133.253 Y117.131 E0.41146
G1 X133.253 Y117.668 E0.00891
G1 X115.177 Y99.592 E0.42406
G1 X114.64 Y99.592 E0.00891
G1 X133.253 Y118.206 E0.43667
G1 X133.253 Y118.743 E0.00891
G1 X114.102 Y99.592 E0.44928
G1 X113.565 Y99.592 E0.00891
G1 X133.253 Y119.28 E0.46187
G1 X133.253 Y119.818 E0.00892
G1 X113.027 Y99.592 E0.4745
G1 X112.49 Y99.592 E0.00891
G1 X133.253 Y120.355 E0.48709
G1 X133.253 Y120.408 E0.00088
G1 X132.768 Y120.408 E0.00805
G1 X111.953 Y99.592 E0.48832
G1 X111.415 Y99.592 E0.00892
G1 X132.23 Y120.408 E0.48832
G1 X131.693 Y120.408 E0.00891
G1 X110.878 Y99.592 E0.48832
G1 X110.34 Y99.592 E0.00892
G1 X131.156 Y120.408 E0.48834
G1 X130.618 Y120.408 E0.00892
G1 X109.803 Y99.592 E0.48832
G1 X109.266 Y99.592 E0.00891
G1 X130.081 Y120.408 E0.48832
G1 X129.543 Y120.408 E0.00892
G1 X108.728 Y99.592 E0.48832
G1 X108.191 Y99.592 E0.00891
G1 X129.006 Y120.408 E0.48832
G1 X128.469 Y120.408 E0.00891
G1 X107.653 Y99.592 E0.48834
G1 X107.116 Y99.592 E0.00891
G1 X127.931 Y120.408 E0.48832
G1 X127.394 Y120.408 E0.00891
G1 X106.579 Y99.592 E0.48832
G1 X106.041 Y99.592 E0.00892
G1 X126.856 Y120.408 E0.48832
G1 X126.319 Y120.408 E0.00891
G1 X105.504 Y99.592 E0.48832
G1 X104.966 Y99.592 E0.00892
G1 X125.782 Y120.408 E0.48834
G1 X125.244 Y120.408 E0.00892
G1 X104.429 Y99.592 E0.48832
G1 X103.892 Y99.592 E0.00891
G1 X124.707 Y120.408 E0.48832
G1 X124.169 Y120.408 E0.00892
G1 X103.354 Y99.592 E0.48832
G1 X102.817 Y99.592 E0.00891
G1 X123.632 Y120.408 E0.48832
G1 X123.095 Y120.408 E0.00891
G1 X102.279 Y99.592 E0.48834
G1 X101.742 Y99.592 E0.00891
G1 X122.557 Y120.408 E0.48832
G1 X122.02 Y120.408 E0.00891
G1 X101.205 Y99.592 E0.48832
G1 X100.667 Y99.592 E0.00892
G1 X121.482 Y120.408 E0.48832
G1 X120.945 Y120.408 E0.00891
G1 X100.13 Y99.592 E0.48832
G1 X99.592 Y99.592 E0.00892
G1 X120.408 Y120.408 E0.48834
G1 X119.87 Y120.408 E0.00892
G1 X99.055 Y99.592 E0.48832
G1 X98.518 Y99.592 E0.00891
G1 X119.333 Y120.408 E0.48832
G1 X118.795 Y120.408 E0.00892
G1 X97.98 Y99.592 E0.48832
G1 X97.443 Y99.592 E0.00891
G1 X118.258 Y120.408 E0.48832
G1 X117.721 Y120.408 E0.00891
G1 X96.905 Y99.592 E0.48834
G1 X96.368 Y99.592 E0.00891
G1 X117.183 Y120.408 E0.48832
G1 X116.646 Y120.408 E0.00891
G1 X95.831 Y99.592 E0.48832
G1 X95.293 Y99.592 E0.00892
G1 X116.108 Y120.408 E0.48832
G1 X115.571 Y120.408 E0.00891
G1 X94.756 Y99.592 E0.48832
G1 X94.218 Y99.592 E0.00892
G1 X115.034 Y120.408 E0.48834
G1 X114.496 Y120.408 E0.00892
G1 X93.681 Y99.592 E0.48832
G1 X93.144 Y99.592 E0.00891
G1 X113.959 Y120.408 E0.48832
G1 X113.421 Y120.408 E0.00892
G1 X92.606 Y99.592 E0.48832
G1 X92.069 Y99.592 E0.00891
G1 X112.884 Y120.408 E0.48832
G1 X112.347 Y120.408 E0.00891
G1 X91.531 Y99.592 E0.48834
G1 X90.994 Y99.592 E0.00891
G1 X111.809 Y120.408 E0.48832
G1 X111.272 Y120.408 E0.00891
G1 X90.457 Y99.592 E0.48832
G1 X89.919 Y99.592 E0.00892
G1 X110.734 Y120.408 E0.48832
G1 X110.197 Y120.408 E0.00891
G1 X89.382 Y99.592 E0.48832
G1 X88.844 Y99.592 E0.00892
G1 X109.66 Y120.408 E0.48834
G1 X109.122 Y120.408 E0.00892
G1 X88.307 Y99.592 E0.48832
G1 X87.77 Y99.592 E0.00891
G1 X108.585 Y120.408 E0.48832
G1 X108.047 Y120.408 E0.00892
G1 X87.232 Y99.592 E0.48832
G1 X86.747 Y99.592 E0.00805
G1 X86.747 Y99.645 E0.00088
G1 X107.51 Y120.408 E0.48709
G1 X106.973 Y120.408 E0.00891
G1 X86.747 Y100.182 E0.4745
G1 X86.747 Y100.72 E0.00892
G1 X106.435 Y120.408 E0.46187
G1 X105.898 Y120.408 E0.00891
G1 X86.747 Y101.257 E0.44928
G1 X86.747 Y101.794 E0.00891
G1 X105.36 Y120.408 E0.43667
G1 X104.823 Y120.408 E0.00891
G1 X86.747 Y102.332 E0.42406
G1 X86.747 Y102.869 E0.00891
G1 X104.286 Y120.408 E0.41146
G1 X103.748 Y120.408 E0.00892
G1 X86.747 Y103.407 E0.39884
G1 X86.747 Y103.944 E0.00891
G1 X103.211 Y120.408 E0.38624
G1 X102.673 Y120.408 E0.00892
G1 X86.747 Y104.481 E0.37363
G1 X86.747 Y105.019 E0.00892
G1 X102.136 Y120.408 E0.36102
G1 X101.599 Y120.408 E0.00891
G1 X86.747 Y105.556 E0.34842
G1 X86.747 Y106.094 E0.00892
G1 X101.061 Y120.408 E0.3358
G1 X100.524 Y120.408 E0.00891
G1 X86.747 Y106.631 E0.3232
G1 X86.747 Y107.168 E0.00891
G1 X99.986 Y120.408 E0.31059
G1 X99.449 Y120.408 E0.00891
G1 X86.747 Y107.706 E0.29798
G1 X86.747 Y108.243 E0.00891
G1 X98.912 Y120.408 E0.28539
G1 X98.374 Y120.408 E0.00892
G1 X86.747 Y108.781 E0.27277
G1 X86.747 Y109.318 E0.00891
G1 X97.837 Y120.408 E0.26017
G1 X97.299 Y120.408 E0.00892
G1 X86.747 Y109.855 E0.24756
G1 X86.747 Y110.393 E0.00892
G1 X96.762 Y120.408 E0.23495
G1 X96.225 Y120.408 E0.00891
G1 X86.747 Y110.93 E0.22235
G1 X86.747 Y111.468 E0.00892
G1 X95.687 Y120.408 E0.20973
G1 X95.15 Y120.408 E0.00891
G1 X86.747 Y112.005 E0.19713
G1 X86.747 Y112.542 E0.00891
G1 X94.612 Y120.408 E0.18452
G1 X94.075 Y120.408 E0.00891
G1 X86.747 Y113.08 E0.17191
G1 X86.747 Y113.617 E0.00891
G1 X93.537 Y120.408 E0.1593
G1 X93 Y120.408 E0.00891
G1 X86.747 Y114.155 E0.14669
G1 X86.747 Y114.692 E0.00891
G1 X92.463 Y120.408 E0.1341
G1 X91.925 Y120.408 E0.00892
G1 X86.747 Y115.229 E0.12149
G1 X86.747 Y115.767 E0.00892
G1 X91.388 Y120.408 E0.10888
G1 X90.85 Y120.408 E0.00892
G1 X86.747 Y116.304 E0.09627
G1 X86.747 Y116.842 E0.00892
G1 X90.313 Y120.408 E0.08366
G1 X89.776 Y120.408 E0.00891
G1 X86.747 Y117.379 E0.07106
G1 X86.747 Y117.916 E0.00891
G1 X89.238 Y120.408 E0.05845
G1 X88.701 Y120.408 E0.00891
G1 X86.747 Y118.454 E0.04584
G1 X86.747 Y118.991 E0.00891
G1 X88.163 Y120.408 E0.03323
G1 X87.626 Y120.408 E0.00891
G1 X86.747 Y119.529 E0.02062
G1 X86.747 Y120.066 E0.00891
G1 X87.089 Y120.408 E0.00802
G1 X86.747 Y120.408 E0.00567
G0 F18000 X87.634 Y119.409
G1 F1800 E-3.5
;MESH:Full_Asse_Dielectric_Part.STL
G0 F18000 X133.014 Y99.881
G0 X134.464 Y99.881
G0 X140.536 Y99.881
G0 X188.253 Y99.592
G1 F1800 E3.52079
G1 F8400 X187.726 Y99.592 E0.00874
G1 X188.253 Y100.119 E0.01236
G1 X188.253 Y100.657 E0.00892
G1 X187.188 Y99.592 E0.02498
G1 X186.651 Y99.592 E0.00891
G1 X188.253 Y101.194 E0.03758
G1 X188.253 Y101.731 E0.00891
G1 X186.113 Y99.592 E0.05019
G1 X185.576 Y99.592 E0.00891
G1 X188.253 Y102.269 E0.0628
G1 X188.253 Y102.806 E0.00891
G1 X185.039 Y99.592 E0.0754
G1 X184.501 Y99.592 E0.00892
G1 X188.253 Y103.344 E0.08802
G1 X188.253 Y103.881 E0.00891
G1 X183.964 Y99.592 E0.10062
G1 X183.426 Y99.592 E0.00892
G1 X188.253 Y104.418 E0.11323
G1 X188.253 Y104.956 E0.00892
G1 X182.889 Y99.592 E0.12584
G1 X182.352 Y99.592 E0.00891
G1 X188.253 Y105.493 E0.13844
G1 X188.253 Y106.031 E0.00892
G1 X181.814 Y99.592 E0.15106
G1 X181.277 Y99.592 E0.00891
G1 X188.253 Y106.568 E0.16365
G1 X188.253 Y107.105 E0.00891
G1 X180.739 Y99.592 E0.17626
G1 X180.202 Y99.592 E0.00891
G1 X188.253 Y107.643 E0.18887
G1 X188.253 Y108.18 E0.00891
G1 X179.665 Y99.592 E0.20147
G1 X179.127 Y99.592 E0.00892
G1 X188.253 Y108.718 E0.21409
G1 X188.253 Y109.255 E0.00891
G1 X178.59 Y99.592 E0.22669
G1 X178.052 Y99.592 E0.00892
G1 X188.253 Y109.792 E0.2393
G1 X188.253 Y110.33 E0.00892
G1 X177.515 Y99.592 E0.25191
G1 X176.978 Y99.592 E0.00891
G1 X188.253 Y110.867 E0.26451
G1 X188.253 Y111.405 E0.00892
G1 X176.44 Y99.592 E0.27713
G1 X175.903 Y99.592 E0.00891
G1 X188.253 Y111.942 E0.28973
G1 X188.253 Y112.479 E0.00891
G1 X175.365 Y99.592 E0.30234
G1 X174.828 Y99.592 E0.00891
G1 X188.253 Y113.017 E0.31495
G1 X188.253 Y113.554 E0.00891
G1 X174.291 Y99.592 E0.32754
G1 X173.753 Y99.592 E0.00892
G1 X188.253 Y114.092 E0.34017
G1 X188.253 Y114.629 E0.00891
G1 X173.216 Y99.592 E0.35276
G1 X172.678 Y99.592 E0.00892
G1 X188.253 Y115.166 E0.36537
G1 X188.253 Y115.704 E0.00892
G1 X172.141 Y99.592 E0.37798
G1 X171.604 Y99.592 E0.00891
G1 X188.253 Y116.241 E0.39058
G1 X188.253 Y116.779 E0.00892
G1 X171.066 Y99.592 E0.4032
G1 X170.529 Y99.592 E0.00891
G1 X188.253 Y117.316 E0.4158
G1 X188.253 Y117.853 E0.00891
G1 X169.991 Y99.592 E0.42841
G1 X169.454 Y99.592 E0.00891
G1 X188.253 Y118.391 E0.44102
G1 X188.253 Y118.928 E0.00891
G1 X168.916 Y99.592 E0.45363
G1 X168.379 Y99.592 E0.00891
G1 X188.253 Y119.466 E0.46624
G1 X188.253 Y120.003 E0.00891
G1 X167.842 Y99.592 E0.47884
G1 X167.304 Y99.592 E0.00892
G1 X188.12 Y120.408 E0.48834
G1 X187.583 Y120.408 E0.00891
G1 X166.767 Y99.592 E0.48834
G1 X166.229 Y99.592 E0.00892
G1 X187.045 Y120.408 E0.48834
G1 X186.508 Y120.408 E0.00891
G1 X165.692 Y99.592 E0.48834
G1 X165.155 Y99.592 E0.00891
G1 X185.97 Y120.408 E0.48832
G1 X185.433 Y120.408 E0.00891
G1 X164.617 Y99.592 E0.48834
G1 X164.08 Y99.592 E0.00891
G1 X184.896 Y120.408 E0.48834
G1 X184.358 Y120.408 E0.00892
G1 X163.542 Y99.592 E0.48834
G1 X163.005 Y99.592 E0.00891
G1 X183.821 Y120.408 E0.48834
G1 X183.283 Y120.408 E0.00892
G1 X162.468 Y99.592 E0.48832
G1 X161.93 Y99.592 E0.00892
G1 X182.746 Y120.408 E0.48834
G1 X182.209 Y120.408 E0.00891
G1 X161.393 Y99.592 E0.48834
G1 X160.855 Y99.592 E0.00892
G1 X181.671 Y120.408 E0.48834
G1 X181.134 Y120.408 E0.00891
G1 X160.318 Y99.592 E0.48834
G1 X159.781 Y99.592 E0.00891
G1 X180.596 Y120.408 E0.48832
G1 X180.059 Y120.408 E0.00891
G1 X159.243 Y99.592 E0.48834
G1 X158.706 Y99.592 E0.00891
G1 X179.522 Y120.408 E0.48834
G1 X178.984 Y120.408 E0.00892
G1 X158.168 Y99.592 E0.48834
G1 X157.631 Y99.592 E0.00891
G1 X178.447 Y120.408 E0.48834
G1 X177.909 Y120.408 E0.00892
G1 X157.094 Y99.592 E0.48832
G1 X156.556 Y99.592 E0.00892
G1 X177.372 Y120.408 E0.48834
G1 X176.835 Y120.408 E0.00891
G1 X156.019 Y99.592 E0.48834
G1 X155.481 Y99.592 E0.00892
G1 X176.297 Y120.408 E0.48834
G1 X175.76 Y120.408 E0.00891
G1 X154.944 Y99.592 E0.48834
G1 X154.407 Y99.592 E0.00891
G1 X175.222 Y120.408 E0.48832
G1 X174.685 Y120.408 E0.00891
G1 X153.869 Y99.592 E0.48834
G1 X153.332 Y99.592 E0.00891
G1 X174.148 Y120.408 E0.48834
G1 X173.61 Y120.408 E0.00892
G1 X152.794 Y99.592 E0.48834
G1 X152.257 Y99.592 E0.00891
G1 X173.073 Y120.408 E0.48834
G1 X172.535 Y120.408 E0.00892
G1 X151.72 Y99.592 E0.48832
G1 X151.182 Y99.592 E0.00892
G1 X171.998 Y120.408 E0.48834
G1 X171.461 Y120.408 E0.00891
G1 X150.645 Y99.592 E0.48834
G1 X150.107 Y99.592 E0.00892
G1 X170.923 Y120.408 E0.48834
G1 X170.386 Y120.408 E0.00891
G1 X149.57 Y99.592 E0.48834
G1 X149.033 Y99.592 E0.00891
G1 X169.848 Y120.408 E0.48832
G1 X169.311 Y120.408 E0.00891
G1 X148.495 Y99.592 E0.48834
G1 X147.958 Y99.592 E0.00891
G1 X168.774 Y120.408 E0.48834
G1 X168.236 Y120.408 E0.00892
G1 X147.42 Y99.592 E0.48834
G1 X146.883 Y99.592 E0.00891
G1 X167.699 Y120.408 E0.48834
G1 X167.161 Y120.408 E0.00892
G1 X146.346 Y99.592 E0.48832
G1 X145.808 Y99.592 E0.00892
G1 X166.624 Y120.408 E0.48834
G1 X166.087 Y120.408 E0.00891
G1 X145.271 Y99.592 E0.48834
G1 X144.733 Y99.592 E0.00892
G1 X165.549 Y120.408 E0.48834
G1 X165.012 Y120.408 E0.00891
G1 X144.196 Y99.592 E0.48834
G1 X143.659 Y99.592 E0.00891
G1 X164.474 Y120.408 E0.48832
G1 X163.937 Y120.408 E0.00891
G1 X143.121 Y99.592 E0.48834
G1 X142.584 Y99.592 E0.00891
G1 X163.4 Y120.408 E0.48834
G1 X162.862 Y120.408 E0.00892
G1 X142.046 Y99.592 E0.48834
G1 X141.747 Y99.592 E0.00496
G1 X141.747 Y99.829 E0.00393
G1 X162.325 Y120.408 E0.48276
G1 X161.787 Y120.408 E0.00892
G1 X141.747 Y100.367 E0.47014
G1 X141.747 Y100.904 E0.00891
G1 X161.25 Y120.408 E0.45755
G1 X160.713 Y120.408 E0.00891
G1 X141.747 Y101.442 E0.44494
G1 X141.747 Y101.979 E0.00891
G1 X160.175 Y120.408 E0.43233
G1 X159.638 Y120.408 E0.00891
G1 X141.747 Y102.516 E0.41973
G1 X141.747 Y103.054 E0.00892
G1 X159.1 Y120.408 E0.40711
G1 X158.563 Y120.408 E0.00891
G1 X141.747 Y103.591 E0.39451
G1 X141.747 Y104.129 E0.00892
G1 X158.026 Y120.408 E0.3819
G1 X157.488 Y120.408 E0.00892
G1 X141.747 Y104.666 E0.36929
G1 X141.747 Y105.203 E0.00891
G1 X156.951 Y120.408 E0.35669
G1 X156.413 Y120.408 E0.00892
G1 X141.747 Y105.741 E0.34407
G1 X141.747 Y106.278 E0.00891
G1 X155.876 Y120.408 E0.33147
G1 X155.339 Y120.408 E0.00891
G1 X141.747 Y106.816 E0.31886
G1 X141.747 Y107.353 E0.00891
G1 X154.801 Y120.408 E0.30625
G1 X154.264 Y120.408 E0.00891
G1 X141.747 Y107.89 E0.29366
G1 X141.747 Y108.428 E0.00892
G1 X153.726 Y120.408 E0.28104
G1 X153.189 Y120.408 E0.00891
G1 X141.747 Y108.965 E0.26844
G1 X141.747 Y109.503 E0.00892
G1 X152.652 Y120.408 E0.25583
G1 X152.114 Y120.408 E0.00892
G1 X141.747 Y110.04 E0.24322
G1 X141.747 Y110.577 E0.00891
G1 X151.577 Y120.408 E0.23062
G1 X151.039 Y120.408 E0.00892
G1 X141.747 Y111.115 E0.218
G1 X141.747 Y111.652 E0.00891
G1 X150.502 Y120.408 E0.2054
G1 X149.965 Y120.408 E0.00891
G1 X141.747 Y112.19 E0.19279
G1 X141.747 Y112.727 E0.00891
G1 X149.427 Y120.408 E0.18018
G1 X148.89 Y120.408 E0.00891
G1 X141.747 Y113.264 E0.16758
G1 X141.747 Y113.802 E0.00892
G1 X148.352 Y120.408 E0.15496
G1 X147.815 Y120.408 E0.00891
G1 X141.747 Y114.339 E0.14237
G1 X141.747 Y114.877 E0.00892
G1 X147.278 Y120.408 E0.12976
G1 X146.74 Y120.408 E0.00892
G1 X141.747 Y115.414 E0.11715
G1 X141.747 Y115.951 E0.00891
G1 X146.203 Y120.408 E0.10455
G1 X145.665 Y120.408 E0.00892
G1 X141.747 Y116.489 E0.09193
G1 X141.747 Y117.026 E0.00891
G1 X145.128 Y120.408 E0.07933
G1 X144.591 Y120.408 E0.00891
G1 X141.747 Y117.564 E0.06672
G1 X141.747 Y118.101 E0.00891
G1 X144.053 Y120.408 E0.05411
G1 X143.516 Y120.408 E0.00891
G1 X141.747 Y118.638 E0.04151
G1 X141.747 Y119.176 E0.00892
G1 X142.978 Y120.408 E0.02889
G1 X142.441 Y120.408 E0.00891
G1 X141.747 Y119.713 E0.01629
G1 X141.747 Y120.251 E0.00892
G1 X141.904 Y120.408 E0.00368
G1 X141.747 Y120.408 E0.0026
G0 F18000 X142.634 Y119.409
G1 F1800 E-3.5
;MESH:NONMESH
G0 F1200 X142.634 Y119.409 Z0.6
G0 F18000 X141.98 Y99.825
G0 X140.536 Y99.825
G0 X81.378 Y67.702
G0 X80.791 Y66.352
G0 X78.528 Y66.023
G0 X78.519 Y65.702
;TIME_ELAPSED:253.410461
;LAYER:3
;TYPE:WALL-INNER
;MESH:01_Prime_Insulator.STL
G1 F1800 E3.52079
G1 F3000 X78.277 Y65.706 E0.00317
G1 X78.047 Y65.702 E0.00302
G1 X77.82 Y65.694 E0.00298
G1 X77.585 Y65.681 E0.00309
G1 X77.127 Y65.643 E0.00603
G1 X76.887 Y65.615 E0.00317
G1 X76.208 Y65.498 E0.00903
G1 X75.978 Y65.451 E0.00308
G1 X75.516 Y65.338 E0.00624
G1 X75.31 Y65.277 E0.00282
G1 X74.863 Y65.137 E0.00614
G1 X74.433 Y64.982 E0.00599
G1 X74.222 Y64.899 E0.00297
G1 X73.789 Y64.707 E0.00621
G1 X73.578 Y64.605 E0.00307
G1 X73.176 Y64.393 E0.00596
G1 X72.966 Y64.275 E0.00316
G1 X72.37 Y63.906 E0.00919
G1 X71.832 Y63.522 E0.00867
G1 X71.624 Y63.356 E0.00349
G1 X71.272 Y63.058 E0.00605
G1 X70.93 Y62.745 E0.00608
G1 X70.61 Y62.421 E0.00597
G1 X70.449 Y62.25 E0.00308
G1 X70.284 Y62.065 E0.00325
G1 X70.145 Y61.9 E0.00283
G1 X69.861 Y61.546 E0.00595
G1 X69.592 Y61.18 E0.00596
G1 X69.45 Y60.977 E0.00325
G1 X69.221 Y60.615 E0.00562
G1 X68.976 Y60.195 E0.00638
G1 X68.86 Y59.975 E0.00326
G1 X68.663 Y59.575 E0.00585
G1 X68.56 Y59.353 E0.00321
G1 X68.387 Y58.934 E0.00594
G1 X68.229 Y58.495 E0.00612
G1 X68.089 Y58.05 E0.00612
G1 X67.968 Y57.591 E0.00622
G1 X67.917 Y57.37 E0.00297
G1 X67.824 Y56.909 E0.00617
G1 X67.759 Y56.473 E0.00578
G1 X67.727 Y56.231 E0.0032
G1 X67.69 Y55.772 E0.00604
G1 X67.678 Y55.54 E0.00305
G1 X67.666 Y55.073 E0.00613
G1 X67.67 Y54.843 E0.00302
G1 X67.678 Y54.616 E0.00298
G1 X67.691 Y54.381 E0.00309
G1 X67.73 Y53.914 E0.00614
G1 X67.758 Y53.698 E0.00286
G1 X67.799 Y53.424 E0.00363
G1 X67.875 Y52.995 E0.00571
G1 X67.971 Y52.565 E0.00578
G1 X68.079 Y52.153 E0.00559
G1 X68.235 Y51.659 E0.00679
G1 X68.393 Y51.221 E0.00611
G1 X68.566 Y50.805 E0.00591
G1 X68.668 Y50.583 E0.0032
G1 X68.87 Y50.176 E0.00596
G1 X68.981 Y49.963 E0.00315
G1 X69.209 Y49.575 E0.0059
G1 X69.337 Y49.367 E0.0032
G1 X69.592 Y48.985 E0.00602
G1 X69.624 Y48.946 E0.00066
G1 X69.729 Y48.795 E0.00241
G1 X70.001 Y48.437 E0.0059
G1 X70.176 Y48.229 E0.00356
G1 X70.33 Y48.052 E0.00308
G1 X70.463 Y47.907 E0.00258
G1 X70.79 Y47.563 E0.00622
G1 X71.152 Y47.219 E0.00655
G1 X71.292 Y47.096 E0.00244
G1 X71.641 Y46.802 E0.00598
G1 X72.006 Y46.52 E0.00605
G1 X72.204 Y46.377 E0.0032
G1 X72.592 Y46.12 E0.0061
G1 X72.991 Y45.879 E0.00611
G1 X73.399 Y45.656 E0.0061
G1 X73.79 Y45.464 E0.00571
G1 X74.221 Y45.274 E0.00618
G1 X74.66 Y45.1 E0.00619
G1 X75.099 Y44.954 E0.00607
G1 X75.538 Y44.826 E0.006
G1 X75.996 Y44.712 E0.00619
G1 X76.229 Y44.666 E0.00311
G1 X76.676 Y44.588 E0.00595
G1 X76.912 Y44.553 E0.00313
G1 X77.371 Y44.503 E0.00605
G1 X77.83 Y44.474 E0.00603
G1 X78.068 Y44.466 E0.00312
G1 X78.529 Y44.466 E0.00605
G1 X78.766 Y44.475 E0.00311
G1 X79.254 Y44.507 E0.00641
G1 X79.679 Y44.556 E0.00561
G1 X80.144 Y44.628 E0.00617
G1 X80.579 Y44.711 E0.00581
G1 X81.053 Y44.829 E0.00641
G1 X81.514 Y44.964 E0.0063
G1 X81.92 Y45.105 E0.00564
G1 X82.136 Y45.186 E0.00302
G1 X82.367 Y45.278 E0.00326
G1 X82.732 Y45.435 E0.00521
G1 X83.172 Y45.651 E0.00643
G1 X83.609 Y45.893 E0.00655
G1 X83.99 Y46.125 E0.00585
G1 X84.199 Y46.261 E0.00327
G1 X84.581 Y46.528 E0.00611
G1 X84.952 Y46.815 E0.00615
G1 X85.461 Y47.249 E0.00877
G1 X85.805 Y47.582 E0.00628
G1 X85.974 Y47.755 E0.00317
G1 X86.12 Y47.91 E0.00279
G1 X86.278 Y48.088 E0.00312
G1 X86.431 Y48.269 E0.00311
G1 X86.718 Y48.625 E0.006
G1 X87.047 Y49.08 E0.00736
G1 X87.25 Y49.384 E0.00479
G1 X87.372 Y49.584 E0.00307
G1 X87.601 Y49.974 E0.00593
G1 X87.812 Y50.388 E0.00609
G1 X87.945 Y50.659 E0.00396
G1 X87.958 Y50.696 E0.00051
G1 X88.005 Y50.794 E0.00143
G1 X88.193 Y51.247 E0.00643
G1 X88.346 Y51.675 E0.00596
G1 X88.418 Y51.897 E0.00306
G1 X88.502 Y52.177 E0.00383
G1 X88.609 Y52.583 E0.00551
G1 X88.704 Y53.009 E0.00572
G1 X88.784 Y53.468 E0.00611
G1 X88.822 Y53.719 E0.00333
G1 X88.848 Y53.937 E0.00288
G1 X88.885 Y54.377 E0.00579
G1 X88.898 Y54.623 E0.00323
G1 X88.906 Y54.864 E0.00316
G1 X88.907 Y55.326 E0.00606
G1 X88.886 Y55.781 E0.00597
G1 X88.868 Y56.023 E0.00318
G1 X88.816 Y56.481 E0.00604
G1 X88.748 Y56.938 E0.00606
G1 X88.656 Y57.387 E0.00601
G1 X88.55 Y57.823 E0.00588
G1 X88.481 Y58.062 E0.00326
G1 X88.345 Y58.5 E0.00601
G1 X88.193 Y58.922 E0.00588
G1 X88.019 Y59.345 E0.006
G1 X87.908 Y59.583 E0.00344
G1 X87.708 Y59.991 E0.00596
G1 X87.59 Y60.213 E0.0033
G1 X87.355 Y60.616 E0.00612
G1 X87.111 Y61 E0.00597
G1 X86.852 Y61.367 E0.00589
G1 X86.716 Y61.553 E0.00302
G1 X86.278 Y62.081 E0.009
G1 X86.121 Y62.252 E0.00304
G1 X85.965 Y62.428 E0.00308
G1 X85.795 Y62.601 E0.00318
G1 X85.62 Y62.769 E0.00318
G1 X85.283 Y63.077 E0.00599
G1 X84.937 Y63.366 E0.00591
G1 X84.753 Y63.509 E0.00306
G1 X84.367 Y63.795 E0.0063
G1 X84.033 Y64.017 E0.00526
G1 X83.801 Y64.161 E0.00358
G1 X83.396 Y64.396 E0.00614
G1 X82.991 Y64.611 E0.00601
G1 X82.565 Y64.807 E0.00615
G1 X82.367 Y64.893 E0.00283
G1 X81.92 Y65.067 E0.00629
G1 X81.692 Y65.144 E0.00316
G1 X81.259 Y65.28 E0.00595
G1 X80.8 Y65.405 E0.00624
G1 X80.347 Y65.502 E0.00607
G1 X79.9 Y65.581 E0.00595
G1 X79.674 Y65.614 E0.00299
G1 X79.431 Y65.645 E0.00321
G1 X78.976 Y65.682 E0.00599
G1 X78.519 Y65.702 E0.006
G0 F18000 X78.528 Y66.023
G0 X80.647 Y65.708
G0 X82.449 Y65.14
G0 X83.934 Y64.387
G0 X85.282 Y63.421
G0 X86.467 Y62.263
G0 X87.338 Y61.127
G0 X88.15 Y59.687
G0 X88.736 Y58.125
G0 X89.076 Y56.51
G0 X89.166 Y54.85
G0 X89.005 Y53.202
G0 X88.589 Y51.582
G0 X87.941 Y50.064
G0 X87.062 Y48.651
G0 X85.986 Y47.395
G0 X84.721 Y46.311
G0 X83.309 Y45.434
G0 X82.004 Y44.861
G0 X80.712 Y44.5
G0 X78.508 Y44.087
G1 F3007.9 X78.635 Y44.09 E0.00166
G1 F3000 X79.008 Y44.109 E0.0049
G1 F3007.9 X79.241 Y44.126 E0.00306
G1 X79.586 Y44.163 E0.00454
G1 F2992.1 X80.007 Y44.221 E0.00559
G1 X80.18 Y44.249 E0.0023
G1 F3023.9 X80.651 Y44.341 E0.00624
G1 F3015.9 X80.908 Y44.401 E0.00344
G1 F2992.1 X81.118 Y44.454 E0.00285
G1 F3000 X81.463 Y44.553 E0.00471
G1 X81.824 Y44.669 E0.00497
G1 X82.032 Y44.742 E0.00289
G1 F3007.9 X82.256 Y44.826 E0.00313
G1 X82.497 Y44.922 E0.00339
G1 X82.717 Y45.015 E0.00312
G1 F3031.9 X82.879 Y45.088 E0.00231
G1 F3040 X83.338 Y45.312 E0.00661
G1 F3015.9 X83.77 Y45.548 E0.00642
G1 F2992.1 X83.991 Y45.679 E0.00338
G1 X84.387 Y45.93 E0.00616
G1 F3000 X84.777 Y46.202 E0.00623
G1 F3015.9 X85.186 Y46.517 E0.00673
G1 X85.529 Y46.805 E0.00584
G1 F3007.9 X85.718 Y46.971 E0.00329
G1 X86.055 Y47.295 E0.00611
G1 F3000 X86.208 Y47.451 E0.00287
G1 X86.404 Y47.659 E0.00375
G1 F2992.1 X86.71 Y48.009 E0.00611
G1 F3000 X86.996 Y48.365 E0.00599
G1 F2984.3 X87.163 Y48.588 E0.00367
G1 F2961 X87.299 Y48.777 E0.00309
G1 F2976.5 X87.433 Y48.972 E0.00313
G1 F2992.1 X87.555 Y49.157 E0.00291
G1 X87.689 Y49.373 E0.00334
G1 F2976.5 X87.794 Y49.55 E0.00272
G1 F3007.9 X87.932 Y49.793 E0.00365
G1 F3015.9 X88.044 Y50.006 E0.00314
G1 F3000 X88.275 Y50.473 E0.00683
G1 F3023.9 X88.35 Y50.64 E0.00238
G1 F3015.9 X88.522 Y51.048 E0.00578
G1 F2992.1 X88.698 Y51.531 E0.00676
G1 F2976.5 X88.86 Y52.043 E0.0071
G1 X88.913 Y52.236 E0.00265
G1 X88.973 Y52.473 E0.00323
G1 F2984.3 X89.071 Y52.913 E0.00594
G1 F2992.1 X89.119 Y53.17 E0.00344
G1 F2984.3 X89.158 Y53.4 E0.00308
G1 F2992.1 X89.194 Y53.645 E0.00326
G1 F3000 X89.222 Y53.869 E0.00296
G1 X89.263 Y54.347 E0.00629
G1 F2984.3 X89.277 Y54.592 E0.00323
G1 X89.286 Y54.835 E0.00321
G1 F3007.9 X89.285 Y55.304 E0.00613
G1 F3023.9 X89.277 Y55.555 E0.00327
G1 F3015.9 X89.264 Y55.795 E0.00314
G1 F3007.9 X89.247 Y56.03 E0.00308
G1 F3015.9 X89.209 Y56.387 E0.00468
G1 F3007.9 X89.152 Y56.808 E0.00556
G1 F3015.9 X89.127 Y56.964 E0.00206
G1 X89.032 Y57.446 E0.00641
G1 F3000 X88.919 Y57.915 E0.00633
G1 F2992.1 X88.818 Y58.258 E0.0047
G1 F3000 X88.704 Y58.621 E0.00499
G1 F3023.9 X88.549 Y59.049 E0.00592
G1 F3031.9 X88.367 Y59.49 E0.00619
G1 F3023.9 X88.258 Y59.73 E0.00343
G1 F3015.9 X88.043 Y60.168 E0.00636
G1 F3023.9 X87.934 Y60.372 E0.00301
G1 F3007.9 X87.816 Y60.584 E0.00317
G1 F2984.3 X87.682 Y60.81 E0.00346
G1 F3000 X87.446 Y61.179 E0.00574
G1 F3007.9 X87.298 Y61.395 E0.00342
G1 F3015.9 X87.031 Y61.762 E0.00592
G1 F3007.9 X86.868 Y61.967 E0.00343
G1 F2984.3 X86.559 Y62.338 E0.00636
G1 F3007.9 X86.261 Y62.665 E0.00579
G1 F3031.9 X86.075 Y62.855 E0.00345
G1 F3015.9 X85.91 Y63.016 E0.00301
G1 F2992.1 X85.558 Y63.341 E0.0063
G1 X85.175 Y63.662 E0.00657
G1 X84.793 Y63.954 E0.00632
G1 F3007.9 X84.601 Y64.093 E0.0031
G1 F3023.9 X84.256 Y64.324 E0.0054
G1 F3000 X84.021 Y64.473 E0.00365
G1 X83.605 Y64.713 E0.0063
G1 F2992.1 X83.387 Y64.832 E0.00327
G1 F3007.9 X83.189 Y64.933 E0.00291
G1 F3023.9 X82.734 Y65.147 E0.00654
G1 F3000 X82.524 Y65.237 E0.003
G1 F3015.9 X82.062 Y65.417 E0.00647
G1 F2992.1 X81.614 Y65.568 E0.00622
G1 F2961 X81.364 Y65.647 E0.00348
G1 F2976.5 X81.155 Y65.705 E0.00287
G1 F2992.1 X80.914 Y65.767 E0.00327
G1 X80.669 Y65.823 E0.0033
G1 F2968.8 X80.191 Y65.918 E0.00646
G1 F2961 X79.981 Y65.953 E0.00283
G1 F2976.5 X79.737 Y65.989 E0.00326
G1 F3000 X79.506 Y66.018 E0.00305
G1 F3007.9 X79.021 Y66.059 E0.00637
G1 F2984.3 X78.776 Y66.073 E0.00323
G1 X78.543 Y66.082 E0.00307
G1 F3000 X78.305 Y66.086 E0.00312
G1 F3007.9 X78.051 Y66.082 E0.00332
G1 F3000 X77.817 Y66.074 E0.00307
G1 F2992.1 X77.58 Y66.061 E0.00312
G1 F3015.9 X77.115 Y66.021 E0.00609
G1 F3040 X76.873 Y65.993 E0.00315
G1 F3007.9 X76.606 Y65.955 E0.00353
G1 F2968.8 X76.385 Y65.918 E0.00297
G1 F2984.3 X75.919 Y65.827 E0.00626
G1 F3015.9 X75.458 Y65.714 E0.00619
G1 X75.229 Y65.649 E0.00311
G1 F3007.9 X74.774 Y65.507 E0.00623
G1 F2992.1 X74.543 Y65.428 E0.00321
G1 X74.111 Y65.262 E0.00608
G1 F3015.9 X73.651 Y65.059 E0.00656
G1 X73.434 Y64.956 E0.00313
G1 F3007.9 X73.014 Y64.737 E0.00619
G1 F2992.1 X72.798 Y64.617 E0.00325
G1 F2984.3 X72.395 Y64.371 E0.00622
G1 F3000 X72.197 Y64.245 E0.00308
G1 F3007.9 X71.795 Y63.963 E0.00642
G1 F3015.9 X71.61 Y63.827 E0.00299
G1 F3007.9 X71.4 Y63.664 E0.00348
G1 F3000 X71.043 Y63.361 E0.00614
G1 X70.828 Y63.168 E0.00379
G1 X70.696 Y63.045 E0.00237
G1 X70.509 Y62.86 E0.00345
G1 F2992.1 X70.187 Y62.526 E0.0061
G1 X70.032 Y62.354 E0.00304
G1 F2976.5 X69.88 Y62.177 E0.00308
G1 F2984.3 X69.581 Y61.805 E0.00629
G1 F2968.8 X69.415 Y61.587 E0.00363
G1 X69.137 Y61.192 E0.0064
G1 F2992.1 X69.014 Y60.999 E0.00301
G1 X68.766 Y60.592 E0.00627
G1 F3007.9 X68.659 Y60.403 E0.00284
G1 X68.533 Y60.168 E0.00349
G1 F2992.1 X68.326 Y59.751 E0.00612
G1 X68.224 Y59.53 E0.0032
G1 F3015.9 X68.043 Y59.089 E0.00622
G1 F3000 X67.949 Y58.841 E0.00348
G1 F2984.3 X67.873 Y58.626 E0.00301
G1 F2992.1 X67.732 Y58.179 E0.00616
G1 F2984.3 X67.658 Y57.915 E0.00361
G1 F2976.5 X67.55 Y57.474 E0.006
G1 F2992.1 X67.458 Y57.013 E0.00618
G1 F3000 X67.409 Y56.709 E0.00404
G1 F2992.1 X67.355 Y56.308 E0.00532
G1 F3000 X67.313 Y55.817 E0.00646
G1 X67.299 Y55.577 E0.00315
G1 X67.286 Y55.11 E0.00613
G1 F3007.9 X67.291 Y54.847 E0.00344
G1 X67.311 Y54.376 E0.00617
G1 F3015.9 X67.351 Y53.911 E0.00609
G1 F3023.9 X67.383 Y53.65 E0.00342
G1 F3000 X67.414 Y53.429 E0.00293
G1 F2992.1 X67.496 Y52.957 E0.0063
G1 X67.596 Y52.501 E0.00614
G1 F3000 X67.707 Y52.078 E0.00573
G1 F3007.9 X67.871 Y51.55 E0.00723
G1 F3000 X68.026 Y51.119 E0.00601
G1 F3015.9 X68.208 Y50.681 E0.00619
G1 F3023.9 X68.318 Y50.438 E0.00347
G1 F3007.9 X68.533 Y50.001 E0.00637
G1 X68.645 Y49.789 E0.00314
G1 F3000 X68.879 Y49.386 E0.00611
G1 F2984.3 X69.003 Y49.185 E0.00311
G1 F2992.1 X69.136 Y48.984 E0.00317
G1 F3007.9 X69.406 Y48.597 E0.00617
G1 F3015.9 X69.692 Y48.218 E0.00619
G1 X69.868 Y48.006 E0.00359
G1 F3000 X70.169 Y47.664 E0.00597
G1 F2976.5 X70.34 Y47.482 E0.0033
G1 F2992.1 X70.496 Y47.322 E0.00294
G1 F3007.9 X70.886 Y46.948 E0.00707
G1 F2992.1 X71.032 Y46.818 E0.00257
G1 F2984.3 X71.379 Y46.525 E0.00599
G1 F3000 X71.764 Y46.229 E0.00637
G1 F3015.9 X71.962 Y46.085 E0.00319
G1 F3000 X72.176 Y45.939 E0.0034
G1 F2992.1 X72.378 Y45.807 E0.00317
G1 F3000 X72.771 Y45.568 E0.00603
G1 F2992.1 X73.196 Y45.334 E0.00638
G1 X73.623 Y45.124 E0.00626
G1 F3000 X74.081 Y44.921 E0.00657
G1 F3015.9 X74.493 Y44.759 E0.00577
G1 F3007.9 X74.749 Y44.668 E0.00355
G1 F2992.1 X75.253 Y44.511 E0.00694
G1 F2976.5 X75.617 Y44.413 E0.00498
G1 F2992.1 X75.878 Y44.352 E0.00352
G1 F3023.9 X76.142 Y44.297 E0.00351
G1 F2992.1 X76.378 Y44.253 E0.00316
G1 X76.837 Y44.181 E0.00611
G1 F3007.9 X77.339 Y44.125 E0.00661
G1 F2992.1 X77.567 Y44.109 E0.003
G1 X78.054 Y44.086 E0.00641
G1 F3007.9 X78.508 Y44.087 E0.00594
G0 F18000 X81.105 Y44.577
G0 X82.67 Y45.127
G0 X84.134 Y45.911
G0 X85.459 Y46.904
G0 X86.626 Y48.096
G0 X87.464 Y49.239
G0 X88.25 Y50.709
G0 X88.797 Y52.267
G0 X89.105 Y53.905
G0 X89.158 Y55.559
G0 X89.004 Y56.976
G0 X88.591 Y58.587
G0 X87.943 Y60.106
G0 X87.065 Y61.517
G0 X85.985 Y62.778
G0 X84.726 Y63.858
G0 X83.312 Y64.737
G0 X81.783 Y65.389
G0 X81.003 Y65.598
G0 X78.289 Y66.146
G0 X78.31 Y66.466
G1 F3000 X78.799 Y66.454 E0.00641
G1 X79.278 Y66.42 E0.0063
G1 X79.549 Y66.394 E0.00357
G1 X79.791 Y66.366 E0.00319
G1 X80.04 Y66.33 E0.0033
G1 X80.266 Y66.293 E0.003
G1 X80.755 Y66.193 E0.00654
G1 X80.989 Y66.14 E0.00315
G1 X81.499 Y66.005 E0.00692
G1 X81.738 Y65.93 E0.00328
G1 X82.196 Y65.77 E0.00636
G1 X82.634 Y65.603 E0.00615
G1 X82.892 Y65.492 E0.00368
G1 X83.096 Y65.399 E0.00294
G1 X83.573 Y65.165 E0.00697
G1 X84.224 Y64.795 E0.00982
G1 X84.606 Y64.547 E0.00597
G1 X85.022 Y64.258 E0.00664
G1 X85.229 Y64.102 E0.0034
G1 X85.419 Y63.953 E0.00317
G1 X85.601 Y63.799 E0.00313
G1 X85.649 Y63.765 E0.00077
G1 X85.815 Y63.622 E0.00287
G1 X86.154 Y63.308 E0.00606
G1 X86.536 Y62.923 E0.00711
G1 X86.683 Y62.767 E0.00281
G1 X86.852 Y62.581 E0.0033
G1 X87.167 Y62.202 E0.00646
G1 X87.333 Y61.989 E0.00354
G1 X87.473 Y61.802 E0.00306
G1 X87.611 Y61.61 E0.0031
G1 X87.889 Y61.193 E0.00657
G1 X88.008 Y61.005 E0.00292
G1 X88.143 Y60.78 E0.00344
G1 X88.383 Y60.334 E0.00664
G1 X88.603 Y59.886 E0.00654
G1 X88.714 Y59.638 E0.00356
G1 X88.894 Y59.206 E0.00614
G1 X88.982 Y58.972 E0.00328
G1 X89.072 Y58.713 E0.0036
G1 X89.183 Y58.364 E0.0048
G1 X89.298 Y57.968 E0.00541
G1 X89.396 Y57.556 E0.00555
G1 X89.449 Y57.304 E0.00338
G1 X89.528 Y56.865 E0.00585
G1 X89.586 Y56.427 E0.00579
G1 X89.624 Y56.059 E0.00485
G1 X89.643 Y55.813 E0.00324
G1 X89.662 Y55.435 E0.00496
G1 X89.666 Y55.193 E0.00317
G1 X89.666 Y54.835 E0.00469
G1 X89.658 Y54.569 E0.00349
G1 X89.624 Y54.086 E0.00635
G1 X89.599 Y53.823 E0.00346
G1 X89.543 Y53.397 E0.00563
G1 X89.493 Y53.101 E0.00394
G1 X89.398 Y52.619 E0.00644
G1 X89.329 Y52.325 E0.00396
G1 X89.22 Y51.912 E0.0056
G1 X89.217 Y51.911 E0.00004
G1 X89.056 Y51.402 E0.007
G1 X88.872 Y50.9 E0.00701
G1 X88.636 Y50.352 E0.00782
G1 X88.588 Y50.248 E0.0015
G1 X88.378 Y49.825 E0.00619
G1 X88.121 Y49.353 E0.00705
G1 X87.873 Y48.95 E0.0062
G1 X87.748 Y48.759 E0.00299
G1 X87.609 Y48.555 E0.00324
G1 X87.466 Y48.355 E0.00322
G1 X87.159 Y47.957 E0.00659
G1 X86.999 Y47.762 E0.00331
G1 X86.841 Y47.577 E0.00319
G1 X86.656 Y47.373 E0.00361
G1 X86.479 Y47.185 E0.00339
G1 X86.321 Y47.024 E0.00296
G1 X86.154 Y46.862 E0.00305
G1 X85.821 Y46.555 E0.00594
G1 X85.601 Y46.369 E0.00378
G1 X85.209 Y46.051 E0.00662
G1 X84.996 Y45.892 E0.00349
G1 X84.591 Y45.61 E0.00647
G1 X84.184 Y45.351 E0.00633
G1 X83.956 Y45.217 E0.00347
G1 X83.759 Y45.107 E0.00296
G1 X83.538 Y44.99 E0.00328
G1 X83.088 Y44.769 E0.00657
G1 X82.865 Y44.667 E0.00322
G1 X82.638 Y44.57 E0.00324
G1 X82.411 Y44.479 E0.00321
G1 X82.159 Y44.384 E0.00353
G1 X81.94 Y44.307 E0.00304
G1 X81.569 Y44.189 E0.0051
G1 X81.212 Y44.086 E0.00487
G1 X80.99 Y44.03 E0.003
G1 X80.498 Y43.922 E0.00661
G1 X80.058 Y43.844 E0.00586
G1 X79.627 Y43.786 E0.0057
G1 X79.27 Y43.748 E0.00471
G1 X79.026 Y43.73 E0.00321
G1 X78.639 Y43.71 E0.00508
G1 X78.037 Y43.706 E0.00789
G1 X77.538 Y43.73 E0.00655
G1 X77.3 Y43.748 E0.00313
G1 X76.784 Y43.806 E0.00681
G1 X76.309 Y43.878 E0.0063
G1 X76.063 Y43.926 E0.00329
G1 X75.52 Y44.043 E0.00728
G1 X75.149 Y44.146 E0.00505
G1 X74.621 Y44.31 E0.00725
G1 X74.357 Y44.407 E0.00369
G1 X73.927 Y44.574 E0.00605
G1 X73.461 Y44.782 E0.00669
G1 X73.251 Y44.882 E0.00305
G1 X73.018 Y44.999 E0.00342
G1 X72.812 Y45.11 E0.00307
G1 X72.579 Y45.241 E0.00351
G1 X72.381 Y45.358 E0.00302
G1 X72.175 Y45.487 E0.00319
G1 X72.162 Y45.498 E0.00022
G1 X71.959 Y45.627 E0.00315
G1 X71.742 Y45.778 E0.00347
G1 X71.357 Y46.058 E0.00624
G1 X71.135 Y46.234 E0.00371
G1 X70.775 Y46.537 E0.00617
G1 X70.435 Y46.852 E0.00608
G1 X70.062 Y47.221 E0.00688
G1 X69.883 Y47.413 E0.00344
G1 X69.57 Y47.775 E0.00628
G1 X69.395 Y47.984 E0.00357
G1 X69.259 Y48.158 E0.0029
G1 X69.097 Y48.379 E0.00359
G1 X68.82 Y48.774 E0.00633
G1 X68.68 Y48.985 E0.00332
G1 X68.553 Y49.191 E0.00317
G1 X68.428 Y49.403 E0.00323
G1 X68.193 Y49.833 E0.00643
G1 X67.973 Y50.283 E0.00657
G1 X67.772 Y50.737 E0.00651
G1 X67.67 Y50.99 E0.00358
G1 X67.505 Y51.453 E0.00645
G1 X67.393 Y51.803 E0.00482
G1 X67.292 Y52.158 E0.00484
G1 X67.226 Y52.414 E0.00347
G1 X67.178 Y52.623 E0.00281
G1 X67.081 Y53.113 E0.00655
G1 X67.048 Y53.309 E0.00261
G1 X67.008 Y53.601 E0.00386
G1 X66.976 Y53.871 E0.00357
G1 X66.953 Y54.102 E0.00304
G1 X66.932 Y54.358 E0.00337
G1 X66.914 Y54.733 E0.00492
G1 X66.906 Y55.115 E0.00501
G1 X66.917 Y55.571 E0.00598
G1 X66.952 Y56.078 E0.00666
G1 X66.978 Y56.354 E0.00364
G1 X67.033 Y56.771 E0.00552
G1 X67.086 Y57.083 E0.00415
G1 X67.179 Y57.56 E0.00637
G1 X67.247 Y57.847 E0.00387
G1 X67.359 Y58.257 E0.00557
G1 X67.514 Y58.749 E0.00676
G1 X67.594 Y58.978 E0.00318
G1 X67.777 Y59.442 E0.00654
G1 X67.872 Y59.673 E0.00328
G1 X67.986 Y59.92 E0.00357
G1 X68.199 Y60.346 E0.00625
G1 X68.441 Y60.789 E0.00662
G1 X68.694 Y61.205 E0.00638
G1 X68.843 Y61.433 E0.00357
G1 X69.112 Y61.821 E0.00619
G1 X69.417 Y62.212 E0.0065
G1 X69.564 Y62.39 E0.00303
G1 X69.575 Y62.407 E0.00027
G1 X69.75 Y62.609 E0.0035
G1 X69.91 Y62.785 E0.00312
G1 X70.082 Y62.967 E0.00328
G1 X70.243 Y63.131 E0.00301
G1 X70.574 Y63.452 E0.00605
G1 X70.979 Y63.806 E0.00705
G1 X71.168 Y63.965 E0.00324
G1 X71.563 Y64.264 E0.0065
G1 X71.763 Y64.406 E0.00322
G1 X71.991 Y64.562 E0.00362
G1 X72.388 Y64.815 E0.00617
G1 X72.614 Y64.949 E0.00345
G1 X73.032 Y65.178 E0.00625
G1 X73.496 Y65.404 E0.00677
G1 X73.944 Y65.603 E0.00643
G1 X74.423 Y65.79 E0.00674
G1 X74.869 Y65.937 E0.00616
G1 X75.131 Y66.016 E0.00359
G1 X75.593 Y66.14 E0.00627
G1 X75.843 Y66.199 E0.00337
G1 X76.322 Y66.295 E0.00641
G1 X76.517 Y66.328 E0.00259
G1 X77.075 Y66.396 E0.00737
G1 X77.306 Y66.42 E0.00305
G1 X77.777 Y66.452 E0.00619
G1 X78.31 Y66.466 E0.00699
G0 F18000 X78.289 Y66.146
G0 X75.242 Y65.531
G0 X73.692 Y64.947
G0 X72.243 Y64.131
G0 X71.113 Y63.264
G0 X69.953 Y62.077
G0 X68.989 Y60.732
G0 X68.329 Y59.465
G0 X67.781 Y57.9
G0 X67.474 Y56.268
G0 X67.421 Y54.613
G0 X67.62 Y52.96
G0 X67.988 Y51.585
G0 X68.638 Y50.063
G0 X69.518 Y48.65
G0 X70.598 Y47.39
G0 X71.853 Y46.315
G0 X73.265 Y45.436
G0 X74.503 Y44.908
G0 X76.847 Y44.121
G0 X76.731 Y43.43
;TYPE:WALL-OUTER
G1 F1500 X77.26 Y43.37 E0.00698
G1 X77.509 Y43.351 E0.00327
G1 X78.02 Y43.326 E0.00671
G1 X78.643 Y43.33 E0.00817
G1 X79.056 Y43.35 E0.00542
G1 X79.3 Y43.369 E0.00321
G1 X79.668 Y43.408 E0.00485
G1 X80.109 Y43.468 E0.00584
G1 X80.305 Y43.5 E0.0026
G1 X80.566 Y43.548 E0.00348
G1 X81.073 Y43.659 E0.00681
G1 X81.306 Y43.718 E0.00315
G1 X81.675 Y43.824 E0.00503
G1 X82.056 Y43.945 E0.00524
G1 X82.287 Y44.026 E0.00321
G1 X82.545 Y44.123 E0.00361
G1 X83.015 Y44.317 E0.00667
G1 X83.248 Y44.425 E0.00337
G1 X83.705 Y44.648 E0.00667
G1 X83.939 Y44.772 E0.00347
G1 X84.142 Y44.886 E0.00305
G1 X84.378 Y45.024 E0.00358
G1 X84.795 Y45.29 E0.00649
G1 X85.215 Y45.582 E0.00671
G1 X85.437 Y45.747 E0.00363
G1 X85.843 Y46.076 E0.00685
G1 X86.02 Y46.225 E0.00303
G1 X86.204 Y46.389 E0.00323
G1 X86.414 Y46.585 E0.00377
G1 X86.587 Y46.753 E0.00316
G1 X86.791 Y46.96 E0.00381
G1 X86.79 Y46.963 E0.00004
G1 X86.931 Y47.111 E0.00268
G1 X87.124 Y47.324 E0.00377
G1 X87.287 Y47.514 E0.00328
G1 X87.453 Y47.715 E0.00342
G1 X87.768 Y48.124 E0.00677
G1 X87.919 Y48.334 E0.00339
G1 X88.063 Y48.546 E0.00336
G1 X88.191 Y48.742 E0.00307
G1 X88.447 Y49.157 E0.00639
G1 X88.712 Y49.644 E0.00727
G1 X88.929 Y50.08 E0.00639
G1 X88.983 Y50.198 E0.0017
G1 X89.222 Y50.752 E0.00791
G1 X89.414 Y51.274 E0.00729
G1 X89.573 Y51.779 E0.00694
G1 X89.578 Y51.781 E0.00007
G1 X89.697 Y52.23 E0.00609
G1 X89.768 Y52.533 E0.00408
G1 X89.867 Y53.031 E0.00666
G1 X89.918 Y53.334 E0.00403
G1 X89.976 Y53.777 E0.00586
G1 X90.002 Y54.051 E0.00361
G1 X90.037 Y54.546 E0.00651
G1 X90.046 Y54.835 E0.00379
G1 X90.046 Y55.193 E0.00469
G1 X90.042 Y55.441 E0.00325
G1 X90.023 Y55.832 E0.00513
G1 X90.003 Y56.089 E0.00338
G1 X89.964 Y56.468 E0.005
G1 X89.904 Y56.923 E0.00602
G1 X89.822 Y57.375 E0.00602
G1 X89.771 Y57.619 E0.00327
G1 X89.664 Y58.075 E0.00614
G1 X89.548 Y58.471 E0.00541
G1 X89.434 Y58.829 E0.00493
G1 X89.34 Y59.1 E0.00376
G1 X89.249 Y59.34 E0.00337
G1 X89.154 Y59.576 E0.00334
G1 X89.055 Y59.811 E0.00334
G1 X88.949 Y60.044 E0.00336
G1 X88.736 Y60.476 E0.00632
G1 X88.484 Y60.946 E0.00699
G1 X88.334 Y61.199 E0.00386
G1 X88.21 Y61.397 E0.00306
G1 X87.924 Y61.825 E0.00675
G1 X87.781 Y62.024 E0.00321
G1 X87.637 Y62.217 E0.00316
G1 X87.466 Y62.436 E0.00364
G1 X87.144 Y62.824 E0.00661
G1 X86.963 Y63.024 E0.00354
G1 X86.813 Y63.183 E0.00287
G1 X86.616 Y63.385 E0.0037
G1 X86.42 Y63.58 E0.00363
G1 X86.071 Y63.902 E0.00623
G1 X85.866 Y64.079 E0.00355
G1 X85.86 Y64.079 E0.00008
G1 X85.663 Y64.244 E0.00337
G1 X85.463 Y64.401 E0.00333
G1 X85.25 Y64.562 E0.0035
G1 X84.82 Y64.861 E0.00687
G1 X84.426 Y65.117 E0.00616
G1 X84.147 Y65.278 E0.00422
G1 X83.739 Y65.507 E0.00614
G1 X83.263 Y65.74 E0.00695
G1 X83.05 Y65.838 E0.00307
G1 X82.782 Y65.953 E0.00382
G1 X82.332 Y66.125 E0.00632
G1 X81.861 Y66.289 E0.00654
G1 X81.613 Y66.367 E0.00341
G1 X81.352 Y66.439 E0.00355
G1 X81.075 Y66.51 E0.00375
G1 X80.841 Y66.563 E0.00315
G1 X80.308 Y66.672 E0.00713
G1 X79.845 Y66.742 E0.00614
G1 X79.593 Y66.772 E0.00333
G1 X79.312 Y66.798 E0.0037
G1 X78.822 Y66.833 E0.00644
G1 X78.566 Y66.842 E0.00336
G1 X78.316 Y66.846 E0.00328
G1 X77.793 Y66.834 E0.00686
G1 X77.276 Y66.799 E0.00679
G1 X76.903 Y66.759 E0.00492
G1 X76.469 Y66.705 E0.00573
G1 X76.259 Y66.67 E0.00279
G1 X75.767 Y66.571 E0.00658
G1 X75.505 Y66.51 E0.00353
G1 X75.033 Y66.384 E0.00641
G1 X74.758 Y66.301 E0.00377
G1 X74.285 Y66.145 E0.00653
G1 X73.776 Y65.946 E0.00717
G1 X73.773 Y65.941 E0.00008
G1 X73.34 Y65.75 E0.00621
G1 X72.856 Y65.515 E0.00706
G1 X72.403 Y65.267 E0.00677
G1 X72.192 Y65.141 E0.00322
G1 X71.784 Y64.881 E0.00634
G1 X71.548 Y64.72 E0.00375
G1 X71.352 Y64.58 E0.00316
G1 X70.936 Y64.265 E0.00684
G1 X70.735 Y64.097 E0.00344
G1 X70.321 Y63.735 E0.00721
G1 X70.173 Y63.595 E0.00267
G1 X69.81 Y63.233 E0.00672
G1 X69.632 Y63.044 E0.0034
G1 X69.468 Y62.864 E0.00319
G1 X69.271 Y62.636 E0.00395
G1 X69.269 Y62.63 E0.00008
G1 X69.123 Y62.453 E0.00301
G1 X68.801 Y62.039 E0.00688
G1 X68.53 Y61.649 E0.00623
G1 X68.375 Y61.411 E0.00372
G1 X68.116 Y60.986 E0.00653
G1 X67.857 Y60.513 E0.00707
G1 X67.646 Y60.09 E0.0062
G1 X67.526 Y59.829 E0.00377
G1 X67.426 Y59.588 E0.00342
G1 X67.229 Y59.088 E0.00705
G1 X67.161 Y58.89 E0.00275
G1 X67.003 Y58.389 E0.00689
G1 X66.999 Y58.387 E0.00006
G1 X66.879 Y57.944 E0.00602
G1 X66.809 Y57.646 E0.00401
G1 X66.712 Y57.154 E0.00658
G1 X66.654 Y56.809 E0.00459
G1 X66.601 Y56.4 E0.00541
G1 X66.555 Y55.873 E0.00694
G1 X66.537 Y55.583 E0.00381
G1 X66.526 Y55.121 E0.00606
G1 X66.534 Y54.725 E0.00519
G1 X66.554 Y54.316 E0.00537
G1 X66.573 Y54.072 E0.00321
G1 X66.612 Y53.703 E0.00487
G1 X66.671 Y53.259 E0.00587
G1 X66.707 Y53.047 E0.00282
G1 X66.805 Y52.548 E0.00667
G1 X66.856 Y52.327 E0.00297
G1 X66.924 Y52.061 E0.0036
G1 X67.028 Y51.697 E0.00496
G1 X67.143 Y51.337 E0.00496
G1 X67.313 Y50.861 E0.00663
G1 X67.421 Y50.593 E0.00379
G1 X67.632 Y50.114 E0.00686
G1 X67.844 Y49.684 E0.00629
G1 X67.979 Y49.427 E0.00381
G1 X68.096 Y49.219 E0.00313
G1 X68.227 Y48.996 E0.00339
G1 X68.368 Y48.767 E0.00353
G1 X68.504 Y48.563 E0.00321
G1 X68.817 Y48.116 E0.00716
G1 X68.953 Y47.932 E0.003
G1 X69.096 Y47.75 E0.00304
G1 X69.279 Y47.53 E0.00375
G1 X69.617 Y47.14 E0.00677
G1 X69.785 Y46.961 E0.00322
G1 X70.169 Y46.58 E0.00709
G1 X70.519 Y46.257 E0.00625
G1 X70.891 Y45.943 E0.00638
G1 X71.119 Y45.762 E0.00382
G1 X71.543 Y45.453 E0.00688
G1 X71.742 Y45.315 E0.00318
G1 X72.177 Y45.037 E0.00677
G1 X72.387 Y44.913 E0.0032
G1 X72.626 Y44.778 E0.0036
G1 X72.84 Y44.664 E0.00318
G1 X73.081 Y44.542 E0.00354
G1 X73.263 Y44.456 E0.00264
G1 X73.773 Y44.227 E0.00733
G1 X74.259 Y44.037 E0.00684
G1 X74.505 Y43.948 E0.00343
G1 X74.963 Y43.804 E0.0063
G1 X75.423 Y43.676 E0.00626
G1 X76.008 Y43.548 E0.00785
G1 X76.261 Y43.501 E0.00337
G1 X76.731 Y43.43 E0.00623
G0 F18000 X76.534 Y43.459
G0 X76.611 Y44.153
G0 X73.685 Y45.228
G0 X72.444 Y45.911
G0 X71.119 Y46.904
G0 X69.958 Y48.09
G0 X68.989 Y49.44
G0 X68.328 Y50.712
G0 X67.843 Y52.047
G0 X67.503 Y53.663
G0 X67.409 Y55.091
G0 X67.575 Y56.976
G0 X67.99 Y58.59
G0 X68.572 Y59.955
G0 X69.609 Y61.742
G0 X70.167 Y61.321
G1 F1500 X70.44 Y61.66 E0.00571
G1 X70.574 Y61.819 E0.00273
G1 X70.733 Y61.998 E0.00314
G1 X70.886 Y62.159 E0.00291
G1 X71.2 Y62.478 E0.00587
G1 X71.528 Y62.777 E0.00582
G1 X71.869 Y63.066 E0.00586
G1 X72.049 Y63.209 E0.00301
G1 X72.23 Y63.341 E0.00294
G1 X72.59 Y63.596 E0.00578
G1 X73.164 Y63.951 E0.00885
G1 X73.362 Y64.062 E0.00298
G1 X73.755 Y64.269 E0.00582
G1 X73.953 Y64.364 E0.00288
G1 X74.362 Y64.545 E0.00586
G1 X74.573 Y64.629 E0.00298
G1 X74.991 Y64.779 E0.00582
G1 X75.423 Y64.914 E0.00593
G1 X75.625 Y64.974 E0.00276
G1 X76.067 Y65.081 E0.00596
G1 X76.285 Y65.126 E0.00292
G1 X76.517 Y65.168 E0.00309
G1 X76.949 Y65.24 E0.00574
G1 X77.17 Y65.265 E0.00292
G1 X77.616 Y65.302 E0.00587
G1 X78.061 Y65.322 E0.00584
G1 X78.284 Y65.326 E0.00292
G1 X78.512 Y65.322 E0.00299
G1 X78.955 Y65.302 E0.00581
G1 X79.4 Y65.266 E0.00585
G1 X79.844 Y65.205 E0.00588
G1 X80.281 Y65.128 E0.00582
G1 X80.718 Y65.034 E0.00586
G1 X80.94 Y64.976 E0.00301
G1 X81.153 Y64.915 E0.00291
G1 X81.578 Y64.782 E0.00584
G1 X81.782 Y64.712 E0.00283
G1 X82.209 Y64.547 E0.006
G1 X82.413 Y64.459 E0.00291
G1 X82.824 Y64.269 E0.00594
G1 X83.218 Y64.06 E0.00585
G1 X83.596 Y63.841 E0.00573
G1 X83.833 Y63.694 E0.00366
G1 X84.157 Y63.479 E0.0051
G1 X84.526 Y63.205 E0.00603
G1 X84.704 Y63.066 E0.00296
G1 X85.039 Y62.786 E0.00573
G1 X85.364 Y62.489 E0.00577
G1 X85.529 Y62.329 E0.00301
G1 X85.693 Y62.162 E0.00307
G1 X85.997 Y61.825 E0.00595
G1 X86.411 Y61.325 E0.00851
G1 X86.545 Y61.143 E0.00296
G1 X86.8 Y60.782 E0.0058
G1 X87.025 Y60.426 E0.00552
G1 X87.261 Y60.023 E0.00612
G1 X87.372 Y59.813 E0.00311
G1 X87.567 Y59.416 E0.0058
G1 X87.668 Y59.198 E0.00315
G1 X87.832 Y58.801 E0.00563
G1 X87.985 Y58.378 E0.0059
G1 X88.093 Y58.032 E0.00475
G1 X88.179 Y57.737 E0.00403
G1 X88.286 Y57.3 E0.0059
G1 X88.377 Y56.853 E0.00598
G1 X88.44 Y56.425 E0.00567
G1 X88.49 Y55.981 E0.00586
G1 X88.506 Y55.758 E0.00293
G1 X88.527 Y55.312 E0.00585
G1 X88.526 Y54.864 E0.00587
G1 X88.518 Y54.637 E0.00298
G1 X88.506 Y54.413 E0.00294
G1 X88.47 Y53.968 E0.00585
G1 X88.445 Y53.765 E0.00268
G1 X88.372 Y53.308 E0.00607
G1 X88.331 Y53.086 E0.00296
G1 X88.238 Y52.666 E0.00564
G1 X88.136 Y52.277 E0.00527
G1 X88.054 Y52.005 E0.00373
G1 X87.985 Y51.793 E0.00292
G1 X87.835 Y51.375 E0.00582
G1 X87.66 Y50.954 E0.00598
G1 X87.6 Y50.829 E0.00182
G1 X87.603 Y50.826 E0.00006
G1 X87.471 Y50.556 E0.00394
G1 X87.27 Y50.161 E0.00581
G1 X87.044 Y49.776 E0.00585
G1 X86.926 Y49.584 E0.00296
G1 X86.731 Y49.29 E0.00463
G1 X86.41 Y48.848 E0.00716
G1 X86.136 Y48.508 E0.00573
G1 X85.835 Y48.162 E0.00601
G1 X85.698 Y48.016 E0.00263
G1 X85.533 Y47.847 E0.0031
G1 X85.204 Y47.531 E0.00598
G1 X85.075 Y47.417 E0.00226
G1 X84.707 Y47.106 E0.00632
G1 X84.349 Y46.829 E0.00594
G1 X83.981 Y46.572 E0.00589
G1 X83.784 Y46.444 E0.00308
G1 X83.411 Y46.217 E0.00573
G1 X83.012 Y45.997 E0.00597
G1 X82.546 Y45.769 E0.0068
G1 X82.543 Y45.771 E0.00005
G1 X82.433 Y45.72 E0.00159
G1 X82.219 Y45.628 E0.00305
G1 X81.995 Y45.539 E0.00316
G1 X81.787 Y45.461 E0.00291
G1 X81.403 Y45.328 E0.00533
G1 X80.946 Y45.193 E0.00625
G1 X80.514 Y45.087 E0.00583
G1 X80.072 Y45.001 E0.0059
G1 X79.621 Y44.932 E0.00598
G1 X79.239 Y44.887 E0.00504
G1 X78.741 Y44.854 E0.00654
G1 X78.515 Y44.846 E0.00297
G1 X78.068 Y44.846 E0.00586
G1 X77.844 Y44.854 E0.00294
G1 X77.395 Y44.882 E0.0059
G1 X76.954 Y44.931 E0.00582
G1 X76.732 Y44.964 E0.00294
G1 X76.295 Y45.04 E0.00582
G1 X76.07 Y45.085 E0.00301
G1 X75.631 Y45.195 E0.00593
G1 X75.493 Y45.236 E0.00189
G1 X75.49 Y45.233 E0.00006
G1 X75.209 Y45.318 E0.00385
G1 X74.782 Y45.46 E0.0059
G1 X74.361 Y45.627 E0.00594
G1 X73.944 Y45.812 E0.00598
G1 X73.567 Y45.997 E0.00551
G1 X73.173 Y46.213 E0.00589
G1 X72.789 Y46.445 E0.00588
G1 X72.414 Y46.693 E0.0059
G1 X72.231 Y46.826 E0.00297
G1 X71.875 Y47.102 E0.00591
G1 X71.537 Y47.386 E0.00579
G1 X71.402 Y47.505 E0.00236
G1 X71.052 Y47.838 E0.00633
G1 X70.738 Y48.169 E0.00598
G1 X70.612 Y48.307 E0.00245
G1 X70.448 Y48.494 E0.00326
G1 X70.302 Y48.67 E0.003
G1 X70.032 Y49.025 E0.00585
G1 X69.918 Y49.188 E0.00261
G1 X69.913 Y49.19 E0.00007
G1 X69.653 Y49.578 E0.00612
G1 X69.42 Y49.962 E0.00589
G1 X69.311 Y50.153 E0.00288
G1 X69.207 Y50.352 E0.00294
G1 X69.009 Y50.751 E0.00584
G1 X68.911 Y50.964 E0.00307
G1 X68.744 Y51.367 E0.00572
G1 X68.593 Y51.787 E0.00585
G1 X68.442 Y52.267 E0.0066
G1 X68.339 Y52.658 E0.0053
G1 X68.246 Y53.078 E0.00564
G1 X68.173 Y53.49 E0.00549
G1 X68.142 Y53.721 E0.00306
G1 X68.138 Y53.732 E0.00015
G1 X68.107 Y53.963 E0.00306
G1 X68.07 Y54.412 E0.00591
G1 X68.05 Y54.857 E0.00584
G1 X68.046 Y55.08 E0.00292
G1 X68.058 Y55.53 E0.0059
G1 X68.07 Y55.751 E0.0029
G1 X68.106 Y56.2 E0.00591
G1 X68.135 Y56.422 E0.00294
G1 X68.2 Y56.853 E0.00572
G1 X68.289 Y57.294 E0.0059
G1 X68.338 Y57.504 E0.00283
G1 X68.456 Y57.95 E0.00605
G1 X68.591 Y58.379 E0.0059
G1 X68.741 Y58.793 E0.00577
G1 X68.912 Y59.209 E0.0059
G1 X69.007 Y59.413 E0.00295
G1 X69.201 Y59.808 E0.00577
G1 X69.312 Y60.017 E0.0031
G1 X69.548 Y60.421 E0.00614
G1 X69.771 Y60.774 E0.00548
G1 X69.903 Y60.962 E0.00301
G1 X70.167 Y61.321 E0.00584
G0 F18000 X70.049 Y61.161
G1 F1800 E-3.5
;MESH:Full_Asse_Dielectric_Part.STL
G0 F18000 X69.489 Y61.583
G0 X71.267 Y64.244
G0 X70.609 Y65.562
G0 X86.98 Y98.381
G0 X86.747 Y99.592
;TYPE:SKIN
G1 F1800 E3.52079
G1 F8400 X86.747 Y99.731 E0.00231
G1 X86.886 Y99.592 E0.00326
G0 F18000 X86.747 Y99.731
G1 F8400 X86.747 Y100.268 E0.00891
G1 X87.424 Y99.592 E0.01587
G1 X87.961 Y99.592 E0.00891
G1 X86.747 Y100.806 E0.02848
G1 X86.747 Y101.343 E0.00891
G1 X88.499 Y99.592 E0.04109
G1 X89.036 Y99.592 E0.00891
G1 X86.747 Y101.881 E0.0537
G1 X86.747 Y102.418 E0.00891
G1 X89.573 Y99.592 E0.0663
G1 X90.111 Y99.592 E0.00892
G1 X86.747 Y102.955 E0.07891
G1 X86.747 Y103.493 E0.00892
G1 X90.648 Y99.592 E0.09152
G1 X91.186 Y99.592 E0.00892
G1 X86.747 Y104.03 E0.10413
G1 X86.747 Y104.568 E0.00892
G1 X91.723 Y99.592 E0.11674
G1 X92.26 Y99.592 E0.00891
G1 X86.747 Y105.105 E0.12933
G1 X86.747 Y105.642 E0.00891
G1 X92.798 Y99.592 E0.14194
G1 X93.335 Y99.592 E0.00891
G1 X86.747 Y106.18 E0.15455
G1 X86.747 Y106.717 E0.00891
G1 X93.873 Y99.592 E0.16716
G1 X94.41 Y99.592 E0.00891
G1 X86.747 Y107.255 E0.17977
G1 X86.747 Y107.792 E0.00891
G1 X94.947 Y99.592 E0.19237
G1 X95.485 Y99.592 E0.00892
G1 X86.747 Y108.329 E0.20498
G1 X86.747 Y108.867 E0.00892
G1 X96.022 Y99.592 E0.21759
G1 X96.56 Y99.592 E0.00892
G1 X86.747 Y109.404 E0.2302
G1 X86.747 Y109.942 E0.00892
G1 X97.097 Y99.592 E0.24281
G1 X97.634 Y99.592 E0.00891
G1 X86.747 Y110.479 E0.25541
G1 X86.747 Y111.016 E0.00891
G1 X98.172 Y99.592 E0.26802
G1 X98.709 Y99.592 E0.00891
G1 X86.747 Y111.554 E0.28062
G1 X86.747 Y112.091 E0.00891
G1 X99.247 Y99.592 E0.29323
G1 X99.784 Y99.592 E0.00891
G1 X86.747 Y112.629 E0.30584
G1 X86.747 Y113.166 E0.00891
G1 X100.321 Y99.592 E0.31844
G1 X100.859 Y99.592 E0.00892
G1 X86.747 Y113.703 E0.33105
G1 X86.747 Y114.241 E0.00892
G1 X101.396 Y99.592 E0.34366
G1 X101.934 Y99.592 E0.00892
G1 X86.747 Y114.778 E0.35627
G1 X86.747 Y115.316 E0.00892
G1 X102.471 Y99.592 E0.36888
G1 X103.008 Y99.592 E0.00891
G1 X86.747 Y115.853 E0.38148
G1 X86.747 Y116.39 E0.00891
G1 X103.546 Y99.592 E0.39409
G1 X104.083 Y99.592 E0.00891
G1 X86.747 Y116.928 E0.4067
G1 X86.747 Y117.465 E0.00891
G1 X104.621 Y99.592 E0.41931
G1 X105.158 Y99.592 E0.00891
G1 X86.747 Y118.003 E0.43192
G1 X86.747 Y118.54 E0.00891
G1 X105.695 Y99.592 E0.44451
G1 X106.233 Y99.592 E0.00892
G1 X86.747 Y119.077 E0.45712
G1 X86.747 Y119.615 E0.00892
G1 X106.77 Y99.592 E0.46973
G1 X107.308 Y99.592 E0.00892
G1 X86.747 Y120.152 E0.48234
G1 X86.747 Y120.408 E0.00425
G1 X87.029 Y120.408 E0.00468
G1 X107.845 Y99.592 E0.48834
G1 X108.382 Y99.592 E0.00891
G1 X87.566 Y120.408 E0.48834
G1 X88.103 Y120.408 E0.00891
G1 X108.92 Y99.592 E0.48835
G1 X109.457 Y99.592 E0.00891
G1 X88.641 Y120.408 E0.48834
G1 X89.178 Y120.408 E0.00891
G1 X109.995 Y99.592 E0.48835
G1 X110.532 Y99.592 E0.00891
G1 X89.716 Y120.408 E0.48834
G1 X90.253 Y120.408 E0.00891
G1 X111.07 Y99.592 E0.48835
G1 X111.607 Y99.592 E0.00891
G1 X90.79 Y120.408 E0.48835
G1 X91.328 Y120.408 E0.00892
G1 X112.144 Y99.592 E0.48834
G1 X112.682 Y99.592 E0.00892
G1 X91.865 Y120.408 E0.48835
G1 X92.403 Y120.408 E0.00892
G1 X113.219 Y99.592 E0.48834
G1 X113.757 Y99.592 E0.00892
G1 X92.94 Y120.408 E0.48835
G1 X93.477 Y120.408 E0.00891
G1 X114.294 Y99.592 E0.48835
G1 X114.831 Y99.592 E0.00891
G1 X94.015 Y120.408 E0.48834
G1 X94.552 Y120.408 E0.00891
G1 X115.369 Y99.592 E0.48835
G1 X115.906 Y99.592 E0.00891
G1 X95.09 Y120.408 E0.48834
G1 X95.627 Y120.408 E0.00891
G1 X116.444 Y99.592 E0.48835
G1 X116.981 Y99.592 E0.00891
G1 X96.164 Y120.408 E0.48835
G1 X96.702 Y120.408 E0.00892
G1 X117.518 Y99.592 E0.48834
G1 X118.056 Y99.592 E0.00892
G1 X97.239 Y120.408 E0.48835
G1 X97.777 Y120.408 E0.00892
G1 X118.593 Y99.592 E0.48834
G1 X119.131 Y99.592 E0.00892
G1 X98.314 Y120.408 E0.48835
G1 X98.851 Y120.408 E0.00891
G1 X119.668 Y99.592 E0.48835
G1 X120.205 Y99.592 E0.00891
G1 X99.389 Y120.408 E0.48834
G1 X99.926 Y120.408 E0.00891
G1 X120.743 Y99.592 E0.48835
G1 X121.28 Y99.592 E0.00891
G1 X100.464 Y120.408 E0.48834
G1 X101.001 Y120.408 E0.00891
G1 X121.818 Y99.592 E0.48835
G1 X122.355 Y99.592 E0.00891
G1 X101.538 Y120.408 E0.48835
G1 X102.076 Y120.408 E0.00892
G1 X122.892 Y99.592 E0.48834
G1 X123.43 Y99.592 E0.00892
G1 X102.613 Y120.408 E0.48835
G1 X103.151 Y120.408 E0.00892
G1 X123.967 Y99.592 E0.48834
G1 X124.505 Y99.592 E0.00892
G1 X103.688 Y120.408 E0.48835
G1 X104.225 Y120.408 E0.00891
G1 X125.042 Y99.592 E0.48835
G1 X125.579 Y99.592 E0.00891
G1 X104.763 Y120.408 E0.48834
G1 X105.3 Y120.408 E0.00891
G1 X126.117 Y99.592 E0.48835
G1 X126.654 Y99.592 E0.00891
G1 X105.838 Y120.408 E0.48834
G1 X106.375 Y120.408 E0.00891
G1 X127.192 Y99.592 E0.48835
G1 X127.729 Y99.592 E0.00891
G1 X106.912 Y120.408 E0.48835
G1 X107.45 Y120.408 E0.00892
G1 X128.266 Y99.592 E0.48834
G1 X128.804 Y99.592 E0.00892
G1 X107.987 Y120.408 E0.48835
G1 X108.525 Y120.408 E0.00892
G1 X129.341 Y99.592 E0.48834
G1 X129.879 Y99.592 E0.00892
G1 X109.062 Y120.408 E0.48835
G1 X109.599 Y120.408 E0.00891
G1 X130.416 Y99.592 E0.48835
G1 X130.953 Y99.592 E0.00891
G1 X110.137 Y120.408 E0.48834
G1 X110.674 Y120.408 E0.00891
G1 X131.491 Y99.592 E0.48835
G1 X132.028 Y99.592 E0.00891
G1 X111.212 Y120.408 E0.48834
G1 X111.749 Y120.408 E0.00891
G1 X132.566 Y99.592 E0.48835
G1 X133.103 Y99.592 E0.00891
G1 X112.286 Y120.408 E0.48835
G1 X112.824 Y120.408 E0.00892
G1 X133.253 Y99.979 E0.47926
G1 X133.253 Y100.517 E0.00892
G1 X113.361 Y120.408 E0.46665
G1 X113.899 Y120.408 E0.00892
G1 X133.253 Y101.054 E0.45404
G1 X133.253 Y101.591 E0.00891
G1 X114.436 Y120.408 E0.44144
G1 X114.973 Y120.408 E0.00891
G1 X133.253 Y102.129 E0.42883
G1 X133.253 Y102.666 E0.00891
G1 X115.511 Y120.408 E0.41622
G1 X116.048 Y120.408 E0.00891
G1 X133.253 Y103.204 E0.40361
G1 X133.253 Y103.741 E0.00891
G1 X116.586 Y120.408 E0.391
G1 X117.123 Y120.408 E0.00891
G1 X133.253 Y104.278 E0.3784
G1 X133.253 Y104.816 E0.00892
G1 X117.66 Y120.408 E0.36579
G1 X118.198 Y120.408 E0.00892
G1 X133.253 Y105.353 E0.35319
G1 X133.253 Y105.891 E0.00892
G1 X118.735 Y120.408 E0.34058
G1 X119.273 Y120.408 E0.00892
G1 X133.253 Y106.428 E0.32797
G1 X133.253 Y106.965 E0.00891
G1 X119.81 Y120.408 E0.31537
G1 X120.347 Y120.408 E0.00891
G1 X133.253 Y107.503 E0.30276
G1 X133.253 Y108.04 E0.00891
G1 X120.885 Y120.408 E0.29015
G1 X121.422 Y120.408 E0.00891
G1 X133.253 Y108.578 E0.27754
G1 X133.253 Y109.115 E0.00891
G1 X121.96 Y120.408 E0.26493
G1 X122.497 Y120.408 E0.00891
G1 X133.253 Y109.652 E0.25233
G1 X133.253 Y110.19 E0.00892
G1 X123.034 Y120.408 E0.23972
G1 X123.572 Y120.408 E0.00892
G1 X133.253 Y110.727 E0.22711
G1 X133.253 Y111.265 E0.00892
G1 X124.109 Y120.408 E0.2145
G1 X124.647 Y120.408 E0.00892
G1 X133.253 Y111.802 E0.20189
G1 X133.253 Y112.339 E0.00891
G1 X125.184 Y120.408 E0.1893
G1 X125.721 Y120.408 E0.00891
G1 X133.253 Y112.877 E0.17669
G1 X133.253 Y113.414 E0.00891
G1 X126.259 Y120.408 E0.16408
G1 X126.796 Y120.408 E0.00891
G1 X133.253 Y113.952 E0.15147
G1 X133.253 Y114.489 E0.00891
G1 X127.334 Y120.408 E0.13886
G1 X127.871 Y120.408 E0.00891
G1 X133.253 Y115.026 E0.12626
G1 X133.253 Y115.564 E0.00892
G1 X128.408 Y120.408 E0.11365
G1 X128.946 Y120.408 E0.00892
G1 X133.253 Y116.101 E0.10104
G1 X133.253 Y116.639 E0.00892
G1 X129.483 Y120.408 E0.08843
G1 X130.021 Y120.408 E0.00892
G1 X133.253 Y117.176 E0.07582
G1 X133.253 Y117.713 E0.00891
G1 X130.558 Y120.408 E0.06322
G1 X131.095 Y120.408 E0.00891
G1 X133.253 Y118.251 E0.05061
G1 X133.253 Y118.788 E0.00891
G1 X131.633 Y120.408 E0.038
G1 X132.17 Y120.408 E0.00891
G1 X133.253 Y119.326 E0.0254
G1 X133.253 Y119.863 E0.00891
G1 X132.708 Y120.408 E0.01279
G1 X133.245 Y120.408 E0.00891
G0 F18000 X132.254 Y119.521
G1 F1800 E-3.5
;MESH:Full_Asse_Dielectric_Part.STL
G0 F18000 X133.014 Y99.881
G0 X134.464 Y99.881
G0 X140.536 Y99.881
G0 X141.747 Y99.592
G1 F1800 E3.52079
G1 F8400 X141.747 Y100.083 E0.00814
G1 X142.239 Y99.592 E0.01153
G1 X142.776 Y99.592 E0.00891
G1 X141.747 Y100.621 E0.02414
G1 X141.747 Y101.158 E0.00891
G1 X143.314 Y99.592 E0.03675
G1 X143.851 Y99.592 E0.00891
G1 X141.747 Y101.695 E0.04935
G1 X141.747 Y102.233 E0.00892
G1 X144.388 Y99.592 E0.06196
G1 X144.926 Y99.592 E0.00892
G1 X141.747 Y102.77 E0.07457
G1 X141.747 Y103.308 E0.00892
G1 X145.463 Y99.592 E0.08718
G1 X146.001 Y99.592 E0.00892
G1 X141.747 Y103.845 E0.09979
G1 X141.747 Y104.382 E0.00891
G1 X146.538 Y99.592 E0.11238
G1 X147.075 Y99.592 E0.00891
G1 X141.747 Y104.92 E0.12499
G1 X141.747 Y105.457 E0.00891
G1 X147.613 Y99.592 E0.1376
G1 X148.15 Y99.592 E0.00891
G1 X141.747 Y105.995 E0.15021
G1 X141.747 Y106.532 E0.00891
G1 X148.688 Y99.592 E0.16282
G1 X149.225 Y99.592 E0.00891
G1 X141.747 Y107.069 E0.17542
G1 X141.747 Y107.607 E0.00892
G1 X149.762 Y99.592 E0.18803
G1 X150.3 Y99.592 E0.00892
G1 X141.747 Y108.144 E0.20064
G1 X141.747 Y108.682 E0.00892
G1 X150.837 Y99.592 E0.21325
G1 X151.375 Y99.592 E0.00892
G1 X141.747 Y109.219 E0.22586
G1 X141.747 Y109.756 E0.00891
G1 X151.912 Y99.592 E0.23846
G1 X152.449 Y99.592 E0.00891
G1 X141.747 Y110.294 E0.25107
G1 X141.747 Y110.831 E0.00891
G1 X152.987 Y99.592 E0.26367
G1 X153.524 Y99.592 E0.00891
G1 X141.747 Y111.369 E0.27628
G1 X141.747 Y111.906 E0.00891
G1 X154.062 Y99.592 E0.28889
G1 X154.599 Y99.592 E0.00891
G1 X141.747 Y112.443 E0.30149
G1 X141.747 Y112.981 E0.00892
G1 X155.136 Y99.592 E0.3141
G1 X155.674 Y99.592 E0.00892
G1 X141.747 Y113.518 E0.32671
G1 X141.747 Y114.056 E0.00892
G1 X156.211 Y99.592 E0.33932
G1 X156.749 Y99.592 E0.00892
G1 X141.747 Y114.593 E0.35193
G1 X141.747 Y115.13 E0.00891
G1 X157.286 Y99.592 E0.36453
G1 X157.823 Y99.592 E0.00891
G1 X141.747 Y115.668 E0.37714
G1 X141.747 Y116.205 E0.00891
G1 X158.361 Y99.592 E0.38975
G1 X158.898 Y99.592 E0.00891
G1 X141.747 Y116.743 E0.40236
G1 X141.747 Y117.28 E0.00891
G1 X159.436 Y99.592 E0.41497
G1 X159.973 Y99.592 E0.00891
G1 X141.747 Y117.817 E0.42756
G1 X141.747 Y118.355 E0.00892
G1 X160.51 Y99.592 E0.44017
G1 X161.048 Y99.592 E0.00892
G1 X141.747 Y118.892 E0.45278
G1 X141.747 Y119.43 E0.00892
G1 X161.585 Y99.592 E0.46539
G1 X162.123 Y99.592 E0.00892
G1 X141.747 Y119.967 E0.478
G1 X141.747 Y120.408 E0.00732
G1 X141.843 Y120.408 E0.00159
G1 X162.66 Y99.592 E0.48835
G1 X163.197 Y99.592 E0.00891
G1 X142.381 Y120.408 E0.48834
G1 X142.918 Y120.408 E0.00891
G1 X163.735 Y99.592 E0.48835
G1 X164.272 Y99.592 E0.00891
G1 X143.456 Y120.408 E0.48834
G1 X143.993 Y120.408 E0.00891
G1 X164.81 Y99.592 E0.48835
G1 X165.347 Y99.592 E0.00891
G1 X144.531 Y120.408 E0.48834
G1 X145.068 Y120.408 E0.00891
G1 X165.884 Y99.592 E0.48834
G1 X166.422 Y99.592 E0.00892
G1 X145.605 Y120.408 E0.48835
G1 X146.143 Y120.408 E0.00892
G1 X166.959 Y99.592 E0.48834
G1 X167.497 Y99.592 E0.00892
G1 X146.68 Y120.408 E0.48835
G1 X147.218 Y120.408 E0.00892
G1 X168.034 Y99.592 E0.48834
G1 X168.571 Y99.592 E0.00891
G1 X147.755 Y120.408 E0.48834
G1 X148.292 Y120.408 E0.00891
G1 X169.109 Y99.592 E0.48835
G1 X169.646 Y99.592 E0.00891
G1 X148.83 Y120.408 E0.48834
G1 X149.367 Y120.408 E0.00891
G1 X170.184 Y99.592 E0.48835
G1 X170.721 Y99.592 E0.00891
G1 X149.905 Y120.408 E0.48834
G1 X150.442 Y120.408 E0.00891
G1 X171.258 Y99.592 E0.48834
G1 X171.796 Y99.592 E0.00892
G1 X150.979 Y120.408 E0.48835
G1 X151.517 Y120.408 E0.00892
G1 X172.333 Y99.592 E0.48834
G1 X172.871 Y99.592 E0.00892
G1 X152.054 Y120.408 E0.48835
G1 X152.592 Y120.408 E0.00892
G1 X173.408 Y99.592 E0.48834
G1 X173.945 Y99.592 E0.00891
G1 X153.129 Y120.408 E0.48834
G1 X153.666 Y120.408 E0.00891
G1 X174.483 Y99.592 E0.48835
G1 X175.02 Y99.592 E0.00891
G1 X154.204 Y120.408 E0.48834
G1 X154.741 Y120.408 E0.00891
G1 X175.558 Y99.592 E0.48835
G1 X176.095 Y99.592 E0.00891
G1 X155.279 Y120.408 E0.48834
G1 X155.816 Y120.408 E0.00891
G1 X176.632 Y99.592 E0.48834
G1 X177.17 Y99.592 E0.00892
G1 X156.353 Y120.408 E0.48835
G1 X156.891 Y120.408 E0.00892
G1 X177.707 Y99.592 E0.48834
G1 X178.245 Y99.592 E0.00892
G1 X157.428 Y120.408 E0.48835
G1 X157.966 Y120.408 E0.00892
G1 X178.782 Y99.592 E0.48834
G1 X179.319 Y99.592 E0.00891
G1 X158.503 Y120.408 E0.48834
G1 X159.04 Y120.408 E0.00891
G1 X179.857 Y99.592 E0.48835
G1 X180.394 Y99.592 E0.00891
G1 X159.578 Y120.408 E0.48834
G1 X160.115 Y120.408 E0.00891
G1 X180.932 Y99.592 E0.48835
G1 X181.469 Y99.592 E0.00891
G1 X160.653 Y120.408 E0.48834
G1 X161.19 Y120.408 E0.00891
G1 X182.006 Y99.592 E0.48834
G1 X182.544 Y99.592 E0.00892
G1 X161.727 Y120.408 E0.48835
G1 X162.265 Y120.408 E0.00892
G1 X183.081 Y99.592 E0.48834
G1 X183.619 Y99.592 E0.00892
G1 X162.802 Y120.408 E0.48835
G1 X163.34 Y120.408 E0.00892
G1 X184.156 Y99.592 E0.48834
G1 X184.693 Y99.592 E0.00891
G1 X163.877 Y120.408 E0.48834
G1 X164.414 Y120.408 E0.00891
G1 X185.231 Y99.592 E0.48835
G1 X185.768 Y99.592 E0.00891
G1 X164.952 Y120.408 E0.48834
G1 X165.489 Y120.408 E0.00891
G1 X186.306 Y99.592 E0.48835
G1 X186.843 Y99.592 E0.00891
G1 X166.027 Y120.408 E0.48834
G1 X166.564 Y120.408 E0.00891
G1 X187.38 Y99.592 E0.48834
G1 X187.918 Y99.592 E0.00892
G1 X167.101 Y120.408 E0.48835
G1 X167.639 Y120.408 E0.00892
G1 X188.253 Y99.794 E0.4836
G1 X188.253 Y100.331 E0.00891
G1 X168.176 Y120.408 E0.471
G1 X168.714 Y120.408 E0.00892
G1 X188.253 Y100.869 E0.45838
G1 X188.253 Y101.406 E0.00891
G1 X169.251 Y120.408 E0.44578
G1 X169.788 Y120.408 E0.00891
G1 X188.253 Y101.944 E0.43317
G1 X188.253 Y102.481 E0.00891
G1 X170.326 Y120.408 E0.42056
G1 X170.863 Y120.408 E0.00891
G1 X188.253 Y103.018 E0.40796
G1 X188.253 Y103.556 E0.00892
G1 X171.401 Y120.408 E0.39534
G1 X171.938 Y120.408 E0.00891
G1 X188.253 Y104.093 E0.38274
G1 X188.253 Y104.631 E0.00892
G1 X172.475 Y120.408 E0.37013
G1 X173.013 Y120.408 E0.00892
G1 X188.253 Y105.168 E0.35753
G1 X188.253 Y105.705 E0.00891
G1 X173.55 Y120.408 E0.34493
G1 X174.088 Y120.408 E0.00892
G1 X188.253 Y106.243 E0.33231
G1 X188.253 Y106.78 E0.00891
G1 X174.625 Y120.408 E0.31971
G1 X175.162 Y120.408 E0.00891
G1 X188.253 Y107.318 E0.3071
G1 X188.253 Y107.855 E0.00891
G1 X175.7 Y120.408 E0.29449
G1 X176.237 Y120.408 E0.00891
G1 X188.253 Y108.392 E0.28189
G1 X188.253 Y108.93 E0.00892
G1 X176.775 Y120.408 E0.26927
G1 X177.312 Y120.408 E0.00891
G1 X188.253 Y109.467 E0.25667
G1 X188.253 Y110.005 E0.00892
G1 X177.849 Y120.408 E0.24406
G1 X178.387 Y120.408 E0.00892
G1 X188.253 Y110.542 E0.23145
G1 X188.253 Y111.079 E0.00891
G1 X178.924 Y120.408 E0.21886
G1 X179.462 Y120.408 E0.00892
G1 X188.253 Y111.617 E0.20623
G1 X188.253 Y112.154 E0.00891
G1 X179.999 Y120.408 E0.19364
G1 X180.536 Y120.408 E0.00891
G1 X188.253 Y112.692 E0.18103
G1 X188.253 Y113.229 E0.00891
G1 X181.074 Y120.408 E0.16842
G1 X181.611 Y120.408 E0.00891
G1 X188.253 Y113.766 E0.15582
G1 X188.253 Y114.304 E0.00892
G1 X182.149 Y120.408 E0.1432
G1 X182.686 Y120.408 E0.00891
G1 X188.253 Y114.841 E0.1306
G1 X188.253 Y115.379 E0.00892
G1 X183.223 Y120.408 E0.11799
G1 X183.761 Y120.408 E0.00892
G1 X188.253 Y115.916 E0.10538
G1 X188.253 Y116.453 E0.00891
G1 X184.298 Y120.408 E0.09278
G1 X184.836 Y120.408 E0.00892
G1 X188.253 Y116.991 E0.08016
G1 X188.253 Y117.528 E0.00891
G1 X185.373 Y120.408 E0.06756
G1 X185.91 Y120.408 E0.00891
G1 X188.253 Y118.066 E0.05495
G1 X188.253 Y118.603 E0.00891
G1 X186.448 Y120.408 E0.04234
G1 X186.985 Y120.408 E0.00891
G1 X188.253 Y119.14 E0.02975
G1 X188.253 Y119.678 E0.00892
G1 X187.523 Y120.408 E0.01713
G1 X188.06 Y120.408 E0.00891
G1 X188.253 Y120.215 E0.00453
G1 X188.253 Y120.408 E0.0032
G0 F18000 X187.254 Y119.521
G1 F1800 E-3.5
;MESH:NONMESH
G0 F1200 X187.254 Y119.521 Z0.7
G0 F18000 X141.98 Y99.825
G0 X140.536 Y99.825
G0 X91.229 Y53.953
G0 X89.761 Y53.827
G0 X86.74 Y48.889
G0 X85.701 Y47.677
G0 X84.485 Y46.634
G0 X83.714 Y46.155
G0 X80.679 Y44.411
G0 X80.604 Y44.718
;TIME_ELAPSED:313.199589
;LAYER:4
;TYPE:WALL-INNER
;MESH:01_Prime_Insulator.STL
G1 F1800 E3.52079
G1 F3000 X80.163 Y44.631 E0.00589
G1 X79.679 Y44.556 E0.00642
G1 X79.283 Y44.509 E0.00523
G1 X78.824 Y44.478 E0.00603
G1 X78.529 Y44.466 E0.00387
G1 X78.068 Y44.466 E0.00605
G1 X77.83 Y44.474 E0.00312
G1 X77.371 Y44.503 E0.00603
G1 X76.912 Y44.553 E0.00605
G1 X76.676 Y44.588 E0.00313
G1 X76.229 Y44.666 E0.00595
G1 X75.996 Y44.712 E0.00311
G1 X75.538 Y44.826 E0.00619
G1 X75.099 Y44.954 E0.006
G1 X74.66 Y45.1 E0.00607
G1 X74.221 Y45.274 E0.00619
G1 X73.787 Y45.464 E0.00621
G1 X73.453 Y45.63 E0.00489
G1 X73.167 Y45.777 E0.00422
G1 X72.98 Y45.885 E0.00283
G1 X72.592 Y46.12 E0.00595
G1 X72.204 Y46.377 E0.0061
G1 X72.006 Y46.52 E0.0032
G1 X71.641 Y46.802 E0.00605
G1 X71.292 Y47.096 E0.00598
G1 X71.152 Y47.219 E0.00244
G1 X70.79 Y47.563 E0.00655
G1 X70.463 Y47.907 E0.00622
G1 X70.33 Y48.052 E0.00258
G1 X70.176 Y48.229 E0.00308
G1 X70.001 Y48.437 E0.00356
G1 X69.729 Y48.795 E0.0059
G1 X69.624 Y48.946 E0.00241
G1 X69.592 Y48.985 E0.00066
G1 X69.337 Y49.367 E0.00602
G1 X69.209 Y49.575 E0.0032
G1 X68.981 Y49.964 E0.00591
G1 X68.87 Y50.176 E0.00314
G1 X68.669 Y50.583 E0.00595
G1 X68.566 Y50.805 E0.00321
G1 X68.393 Y51.221 E0.00591
G1 X68.235 Y51.659 E0.00611
G1 X68.08 Y52.153 E0.00679
G1 X67.971 Y52.567 E0.00561
G1 X67.875 Y52.995 E0.00575
G1 X67.794 Y53.458 E0.00616
G1 X67.758 Y53.698 E0.00318
G1 X67.73 Y53.914 E0.00286
G1 X67.696 Y54.316 E0.00529
G1 X67.682 Y54.54 E0.00294
G1 X67.672 Y54.775 E0.00308
G1 X67.666 Y55.073 E0.00391
G1 X67.678 Y55.54 E0.00613
G1 X67.69 Y55.772 E0.00305
G1 X67.727 Y56.231 E0.00604
G1 X67.759 Y56.473 E0.0032
G1 X67.824 Y56.909 E0.00578
G1 X67.917 Y57.37 E0.00617
G1 X67.968 Y57.591 E0.00297
G1 X68.089 Y58.05 E0.00622
G1 X68.229 Y58.495 E0.00612
G1 X68.387 Y58.934 E0.00612
G1 X68.56 Y59.353 E0.00594
G1 X68.826 Y59.911 E0.00811
G1 X68.972 Y60.188 E0.00411
G1 X69.221 Y60.615 E0.00648
G1 X69.45 Y60.977 E0.00562
G1 X69.592 Y61.18 E0.00325
G1 X69.861 Y61.546 E0.00596
G1 X70.145 Y61.9 E0.00595
G1 X70.284 Y62.065 E0.00283
G1 X70.449 Y62.25 E0.00325
G1 X70.61 Y62.421 E0.00308
G1 X70.93 Y62.745 E0.00597
G1 X71.272 Y63.058 E0.00608
G1 X71.624 Y63.356 E0.00605
G1 X71.832 Y63.522 E0.00349
G1 X72.37 Y63.906 E0.00867
G1 X72.966 Y64.275 E0.00919
G1 X73.176 Y64.393 E0.00316
G1 X73.578 Y64.605 E0.00596
G1 X73.789 Y64.707 E0.00307
G1 X74.16 Y64.872 E0.00532
G1 X74.433 Y64.982 E0.00386
G1 X74.801 Y65.116 E0.00514
G1 X75.31 Y65.277 E0.007
G1 X75.516 Y65.338 E0.00282
G1 X75.978 Y65.451 E0.00624
G1 X76.208 Y65.499 E0.00308
G1 X76.888 Y65.615 E0.00905
G1 X77.127 Y65.643 E0.00316
G1 X77.52 Y65.676 E0.00517
G1 X77.744 Y65.69 E0.00294
G1 X77.979 Y65.7 E0.00308
G1 X78.277 Y65.706 E0.00391
G1 X78.52 Y65.702 E0.00319
G1 X78.976 Y65.682 E0.00599
G1 X79.431 Y65.645 E0.00599
G1 X79.674 Y65.614 E0.00321
G1 X79.9 Y65.581 E0.00299
G1 X80.347 Y65.502 E0.00595
G1 X80.8 Y65.405 E0.00607
G1 X81.259 Y65.28 E0.00624
G1 X81.692 Y65.144 E0.00595
G1 X81.92 Y65.067 E0.00316
G1 X82.367 Y64.893 E0.00629
G1 X82.565 Y64.807 E0.00283
G1 X82.991 Y64.611 E0.00615
G1 X83.396 Y64.396 E0.00601
G1 X83.801 Y64.161 E0.00614
G1 X84.033 Y64.017 E0.00358
G1 X84.367 Y63.795 E0.00526
G1 X84.753 Y63.509 E0.0063
G1 X84.937 Y63.366 E0.00306
G1 X85.283 Y63.077 E0.00591
G1 X85.62 Y62.769 E0.00599
G1 X85.795 Y62.601 E0.00318
G1 X85.965 Y62.428 E0.00318
G1 X86.121 Y62.252 E0.00308
G1 X86.278 Y62.081 E0.00304
G1 X86.716 Y61.553 E0.009
G1 X87.111 Y61 E0.00891
G1 X87.355 Y60.616 E0.00597
G1 X87.483 Y60.399 E0.0033
G1 X87.704 Y60 E0.00598
G1 X87.908 Y59.59 E0.006
G1 X88.009 Y59.367 E0.00321
G1 X88.189 Y58.934 E0.00615
G1 X88.341 Y58.509 E0.00592
G1 X88.481 Y58.062 E0.00614
G1 X88.55 Y57.823 E0.00326
G1 X88.655 Y57.387 E0.00588
G1 X88.743 Y56.96 E0.00572
G1 X88.816 Y56.481 E0.00635
G1 X88.869 Y56.013 E0.00618
G1 X88.894 Y55.632 E0.00501
G1 X88.907 Y55.314 E0.00417
G1 X88.906 Y54.864 E0.0059
G1 X88.898 Y54.623 E0.00316
G1 X88.885 Y54.377 E0.00323
G1 X88.848 Y53.937 E0.00579
G1 X88.822 Y53.719 E0.00288
G1 X88.784 Y53.468 E0.00333
G1 X88.704 Y53.009 E0.00611
G1 X88.609 Y52.583 E0.00572
G1 X88.502 Y52.177 E0.00551
G1 X88.418 Y51.897 E0.00383
G1 X88.346 Y51.675 E0.00306
G1 X88.193 Y51.247 E0.00596
G1 X88.005 Y50.794 E0.00643
G1 X87.958 Y50.696 E0.00143
G1 X87.945 Y50.659 E0.00051
G1 X87.812 Y50.388 E0.00396
G1 X87.601 Y49.974 E0.00609
G1 X87.372 Y49.584 E0.00593
G1 X87.25 Y49.384 E0.00307
G1 X87.047 Y49.08 E0.00479
G1 X86.718 Y48.625 E0.00736
G1 X86.431 Y48.269 E0.006
G1 X86.278 Y48.088 E0.00311
G1 X86.12 Y47.91 E0.00312
G1 X85.974 Y47.755 E0.00279
G1 X85.805 Y47.582 E0.00317
G1 X85.461 Y47.249 E0.00628
G1 X84.952 Y46.815 E0.00877
G1 X84.581 Y46.528 E0.00615
G1 X84.2 Y46.26 E0.00611
G1 X83.989 Y46.125 E0.00328
G1 X83.609 Y45.893 E0.00584
G1 X83.19 Y45.66 E0.00629
G1 X82.732 Y45.435 E0.00669
G1 X82.367 Y45.277 E0.00522
G1 X82.136 Y45.186 E0.00326
G1 X81.527 Y44.968 E0.00848
G1 X81.066 Y44.833 E0.0063
G1 X80.604 Y44.718 E0.00624
G0 F18000 X80.679 Y44.411
G0 X82.891 Y45.227
G0 X84.337 Y46.043
G0 X85.637 Y47.064
G0 X86.626 Y48.096
G0 X87.464 Y49.239
G0 X88.25 Y50.709
G0 X88.797 Y52.267
G0 X89.105 Y53.905
G0 X89.158 Y55.559
G0 X89.004 Y56.976
G0 X88.591 Y58.587
G0 X87.943 Y60.106
G0 X87.065 Y61.517
G0 X85.985 Y62.778
G0 X84.726 Y63.858
G0 X83.312 Y64.737
G0 X81.783 Y65.389
G0 X80.669 Y65.688
G0 X78.543 Y66.082
G1 F2984.3 X78.776 Y66.073 E0.00307
G1 X79.021 Y66.059 E0.00323
G1 F3007.9 X79.506 Y66.018 E0.00637
G1 F3000 X79.737 Y65.989 E0.00305
G1 F2976.5 X79.981 Y65.953 E0.00326
G1 F2961 X80.191 Y65.918 E0.00283
G1 F2968.8 X80.669 Y65.823 E0.00646
G1 F2992.1 X80.914 Y65.767 E0.0033
G1 X81.155 Y65.705 E0.00327
G1 F2976.5 X81.364 Y65.647 E0.00287
G1 F2961 X81.614 Y65.568 E0.00348
G1 F2992.1 X82.062 Y65.417 E0.00622
G1 F3015.9 X82.524 Y65.237 E0.00647
G1 F3000 X82.734 Y65.147 E0.003
G1 F3023.9 X83.189 Y64.933 E0.00654
G1 F3007.9 X83.387 Y64.832 E0.00291
G1 F2992.1 X83.605 Y64.713 E0.00327
G1 F3000 X84.021 Y64.473 E0.0063
G1 X84.256 Y64.324 E0.00365
G1 F3023.9 X84.601 Y64.093 E0.0054
G1 F3007.9 X84.793 Y63.954 E0.0031
G1 F2992.1 X85.175 Y63.662 E0.00632
G1 X85.558 Y63.341 E0.00657
G1 X85.91 Y63.016 E0.0063
G1 F3015.9 X86.075 Y62.855 E0.00301
G1 F3031.9 X86.261 Y62.665 E0.00345
G1 F3007.9 X86.559 Y62.338 E0.00579
G1 F2984.3 X86.868 Y61.967 E0.00636
G1 F3007.9 X87.031 Y61.762 E0.00343
G1 F3015.9 X87.165 Y61.58 E0.00295
G1 F3007.9 X87.446 Y61.179 E0.0064
G1 F3000 X87.682 Y60.81 E0.00574
G1 F2992.1 X87.825 Y60.568 E0.0037
G1 F3007.9 X88.054 Y60.145 E0.00629
G1 F3023.9 X88.26 Y59.726 E0.00607
G1 F3015.9 X88.418 Y59.368 E0.0051
G1 X88.549 Y59.049 E0.0045
G1 X88.706 Y58.615 E0.00602
G1 F2992.1 X88.776 Y58.395 E0.00304
G1 F2984.3 X88.888 Y58.022 E0.00513
G1 X89.031 Y57.446 E0.00782
G1 X89.061 Y57.309 E0.00185
G1 F2992.1 X89.119 Y57.014 E0.00395
G1 F3015.9 X89.196 Y56.5 E0.00678
G1 X89.247 Y56.03 E0.00617
G1 F3000 X89.274 Y55.652 E0.00497
G1 F3015.9 X89.285 Y55.304 E0.00454
G1 X89.286 Y54.835 E0.00612
G1 F2984.3 X89.277 Y54.592 E0.00321
G1 X89.263 Y54.347 E0.00323
G1 F3000 X89.222 Y53.869 E0.00629
G1 X89.194 Y53.645 E0.00296
G1 F2992.1 X89.158 Y53.4 E0.00326
G1 F2984.3 X89.119 Y53.17 E0.00308
G1 F2992.1 X89.071 Y52.913 E0.00344
G1 F2984.3 X88.973 Y52.473 E0.00594
G1 F2976.5 X88.913 Y52.236 E0.00323
G1 X88.86 Y52.043 E0.00265
G1 X88.698 Y51.531 E0.0071
G1 F2992.1 X88.522 Y51.048 E0.00676
G1 F3015.9 X88.35 Y50.64 E0.00578
G1 F3023.9 X88.275 Y50.473 E0.00238
G1 F3000 X88.044 Y50.006 E0.00683
G1 F3015.9 X87.932 Y49.793 E0.00314
G1 F3007.9 X87.794 Y49.55 E0.00365
G1 F2976.5 X87.689 Y49.373 E0.00272
G1 F2992.1 X87.555 Y49.157 E0.00334
G1 X87.433 Y48.972 E0.00291
G1 F2976.5 X87.299 Y48.777 E0.00313
G1 F2961 X87.163 Y48.588 E0.00309
G1 F2984.3 X86.996 Y48.365 E0.00367
G1 F3000 X86.71 Y48.009 E0.00599
G1 F2992.1 X86.404 Y47.659 E0.00611
G1 F3000 X86.208 Y47.451 E0.00375
G1 X86.055 Y47.295 E0.00287
G1 F3007.9 X85.718 Y46.971 E0.00611
G1 X85.529 Y46.805 E0.00329
G1 X85.164 Y46.501 E0.00621
G1 F3000 X84.984 Y46.358 E0.00301
G1 F3007.9 X84.776 Y46.203 E0.00339
G1 F3015.9 X84.596 Y46.075 E0.00288
G1 X84.386 Y45.931 E0.00332
G1 F3023.9 X84.174 Y45.793 E0.00329
G1 F3007.9 X83.77 Y45.548 E0.00618
G1 F3015.9 X83.368 Y45.327 E0.00598
G1 F3048.1 X82.886 Y45.091 E0.00693
G1 F3056.3 X82.722 Y45.018 E0.00231
G1 F3031.9 X82.436 Y44.898 E0.00402
G1 F3000 X82.132 Y44.779 E0.00428
G1 F3007.9 X81.631 Y44.604 E0.00694
G1 F3015.9 X81.222 Y44.483 E0.00556
G1 X81.118 Y44.455 E0.0014
G1 F3031.9 X80.651 Y44.342 E0.00623
G1 F3015.9 X80.18 Y44.249 E0.00626
G1 F3007.9 X79.702 Y44.177 E0.00632
G1 F3015.9 X79.326 Y44.133 E0.00494
G1 X78.762 Y44.096 E0.00737
G1 X78.611 Y44.089 E0.00197
G1 X78.369 Y44.086 E0.00316
G1 F3007.9 X78.033 Y44.087 E0.00439
G1 F2992.1 X77.567 Y44.109 E0.00613
G1 X77.339 Y44.125 E0.003
G1 F3007.9 X76.837 Y44.181 E0.00661
G1 F2992.1 X76.378 Y44.253 E0.00611
G1 X76.142 Y44.297 E0.00316
G1 F3023.9 X75.878 Y44.352 E0.00351
G1 F2992.1 X75.617 Y44.413 E0.00352
G1 F2976.5 X75.253 Y44.511 E0.00498
G1 F2992.1 X74.749 Y44.668 E0.00694
G1 F3007.9 X74.493 Y44.759 E0.00355
G1 F3015.9 X74.081 Y44.921 E0.00577
G1 F3007.9 X73.597 Y45.135 E0.00692
G1 X73.209 Y45.328 E0.00567
G1 X72.979 Y45.449 E0.0034
G1 X72.771 Y45.568 E0.00313
G1 F3000 X72.378 Y45.807 E0.00603
G1 F2992.1 X72.176 Y45.939 E0.00317
G1 F3000 X71.962 Y46.085 E0.0034
G1 F3015.9 X71.764 Y46.229 E0.00319
G1 F3000 X71.379 Y46.525 E0.00637
G1 F2984.3 X71.032 Y46.818 E0.00599
G1 F2992.1 X70.886 Y46.948 E0.00257
G1 F3007.9 X70.496 Y47.322 E0.00707
G1 F2992.1 X70.34 Y47.482 E0.00294
G1 F2976.5 X70.169 Y47.664 E0.0033
G1 F3000 X69.868 Y48.006 E0.00597
G1 F3015.9 X69.692 Y48.218 E0.00359
G1 X69.406 Y48.597 E0.00619
G1 F3007.9 X69.136 Y48.984 E0.00617
G1 F2992.1 X69.003 Y49.185 E0.00317
G1 F2984.3 X68.879 Y49.386 E0.00311
G1 F2992.1 X68.76 Y49.587 E0.00307
G1 F3015.9 X68.635 Y49.81 E0.00333
G1 X68.53 Y50.007 E0.00291
G1 X68.319 Y50.439 E0.00627
G1 F3023.9 X68.213 Y50.667 E0.00327
G1 F3007.9 X68.026 Y51.119 E0.0064
G1 X67.866 Y51.568 E0.00623
G1 X67.714 Y52.052 E0.00663
G1 F3000 X67.597 Y52.501 E0.00608
G1 F2992.1 X67.495 Y52.957 E0.00614
G1 F2984.3 X67.416 Y53.411 E0.00607
G1 F3007.9 X67.351 Y53.911 E0.00659
G1 X67.312 Y54.35 E0.00576
G1 F2984.3 X67.302 Y54.52 E0.00224
G1 F2992.1 X67.287 Y55.005 E0.00638
G1 X67.291 Y55.328 E0.00425
G1 X67.299 Y55.577 E0.00328
G1 F3000 X67.313 Y55.817 E0.00315
G1 X67.355 Y56.308 E0.00646
G1 F2992.1 X67.409 Y56.709 E0.00532
G1 F3000 X67.458 Y57.013 E0.00404
G1 F2992.1 X67.55 Y57.474 E0.00618
G1 F2976.5 X67.658 Y57.915 E0.006
G1 F2984.3 X67.732 Y58.179 E0.00361
G1 F2992.1 X67.873 Y58.626 E0.00616
G1 F2984.3 X67.949 Y58.841 E0.00301
G1 F3000 X68.043 Y59.089 E0.00348
G1 F3023.9 X68.23 Y59.542 E0.00638
G1 F3000 X68.335 Y59.768 E0.00327
G1 X68.531 Y60.164 E0.00579
G1 F3007.9 X68.653 Y60.393 E0.00339
G1 F3000 X68.766 Y60.592 E0.003
G1 F2992.1 X69.014 Y60.999 E0.00627
G1 X69.137 Y61.192 E0.00301
G1 F2968.8 X69.415 Y61.587 E0.0064
G1 X69.581 Y61.805 E0.00363
G1 F2984.3 X69.88 Y62.177 E0.00629
G1 F2976.5 X70.032 Y62.354 E0.00308
G1 F2992.1 X70.187 Y62.526 E0.00304
G1 X70.506 Y62.857 E0.00604
G1 F3007.9 X70.697 Y63.045 E0.00351
G1 X70.828 Y63.168 E0.00235
G1 F2992.1 X71.227 Y63.518 E0.00698
G1 X71.4 Y63.664 E0.00298
G1 F3007.9 X71.61 Y63.827 E0.00348
G1 F3015.9 X71.795 Y63.963 E0.00299
G1 F3007.9 X72.197 Y64.245 E0.00642
G1 F3000 X72.395 Y64.371 E0.00308
G1 F2984.3 X72.798 Y64.617 E0.00622
G1 X73.137 Y64.803 E0.0051
G1 F3000 X73.434 Y64.956 E0.00438
G1 F3007.9 X73.65 Y65.06 E0.00314
G1 X74.061 Y65.241 E0.00587
G1 F3023.9 X74.323 Y65.345 E0.00367
G1 F3015.9 X74.673 Y65.473 E0.00486
G1 F2976.5 X75.261 Y65.661 E0.00816
G1 X75.443 Y65.712 E0.0025
G1 F2992.1 X75.906 Y65.824 E0.00626
G1 X76.161 Y65.877 E0.00342
G1 F2984.3 X76.337 Y65.909 E0.00236
G1 X76.763 Y65.979 E0.00569
G1 F3015.9 X76.873 Y65.994 E0.00145
G1 X77.254 Y66.035 E0.005
G1 F2992.1 X77.554 Y66.06 E0.00396
G1 X77.724 Y66.07 E0.00224
G1 X78.209 Y66.085 E0.00638
G1 X78.543 Y66.082 E0.00439
G0 F18000 X75.936 Y65.709
G0 X74.349 Y65.227
G0 X72.847 Y64.508
G0 X71.48 Y63.571
G0 X70.427 Y62.606
G0 X69.377 Y61.326
G0 X68.601 Y60.035
G0 X67.912 Y58.358
G0 X67.575 Y56.976
G0 X67.409 Y55.091
G0 X67.574 Y53.202
G0 X67.988 Y51.585
G0 X68.638 Y50.063
G0 X69.518 Y48.65
G0 X70.598 Y47.39
G0 X71.853 Y46.315
G0 X73.34 Y45.398
G0 X74.703 Y44.839
G0 X77.319 Y44.069
G0 X77.3 Y43.748
G1 F3000 X77.538 Y43.73 E0.00313
G1 X78.037 Y43.706 E0.00655
G1 X78.616 Y43.71 E0.00759
G1 X79.117 Y43.737 E0.00658
G1 X79.355 Y43.756 E0.00313
G1 X79.852 Y43.812 E0.00656
G1 X80.241 Y43.875 E0.00517
G1 X80.586 Y43.942 E0.00461
G1 X81.086 Y44.057 E0.00673
G1 X81.298 Y44.111 E0.00287
G1 X81.707 Y44.232 E0.00559
G1 X81.943 Y44.308 E0.00325
G1 X82.24 Y44.415 E0.00414
G1 X82.242 Y44.413 E0.00004
G1 X82.576 Y44.547 E0.00472
G1 X82.943 Y44.702 E0.00522
G1 X83.318 Y44.88 E0.00544
G1 X83.507 Y44.974 E0.00277
G1 X83.759 Y45.107 E0.00374
G1 X83.956 Y45.217 E0.00296
G1 X84.185 Y45.352 E0.00349
G1 X84.399 Y45.487 E0.00332
G1 X84.808 Y45.761 E0.00646
G1 X85.216 Y46.056 E0.0066
G1 X85.601 Y46.369 E0.00651
G1 X85.821 Y46.555 E0.00378
G1 X86.154 Y46.862 E0.00594
G1 X86.321 Y47.024 E0.00305
G1 X86.479 Y47.185 E0.00296
G1 X86.656 Y47.373 E0.00339
G1 X86.841 Y47.577 E0.00361
G1 X86.999 Y47.762 E0.00319
G1 X87.159 Y47.957 E0.00331
G1 X87.466 Y48.355 E0.00659
G1 X87.609 Y48.555 E0.00322
G1 X87.748 Y48.759 E0.00324
G1 X87.873 Y48.95 E0.00299
G1 X88.121 Y49.353 E0.0062
G1 X88.378 Y49.825 E0.00705
G1 X88.588 Y50.248 E0.00619
G1 X88.636 Y50.352 E0.0015
G1 X88.872 Y50.9 E0.00782
G1 X89.056 Y51.402 E0.00701
G1 X89.217 Y51.911 E0.007
G1 X89.22 Y51.912 E0.00004
G1 X89.329 Y52.325 E0.0056
G1 X89.398 Y52.619 E0.00396
G1 X89.493 Y53.101 E0.00644
G1 X89.543 Y53.397 E0.00394
G1 X89.599 Y53.823 E0.00563
G1 X89.624 Y54.086 E0.00346
G1 X89.658 Y54.569 E0.00635
G1 X89.666 Y54.835 E0.00349
G1 X89.666 Y55.169 E0.00438
G1 X89.662 Y55.416 E0.00324
G1 X89.654 Y55.663 E0.00324
G1 X89.645 Y55.818 E0.00204
G1 X89.625 Y56.065 E0.00325
G1 X89.59 Y56.405 E0.00448
G1 X89.551 Y56.7 E0.0039
G1 X89.494 Y57.072 E0.00493
G1 X89.434 Y57.383 E0.00415
G1 X89.381 Y57.62 E0.00318
G1 X89.261 Y58.098 E0.00646
G1 X89.14 Y58.504 E0.00556
G1 X89.066 Y58.733 E0.00316
G1 X88.902 Y59.182 E0.00627
G1 X88.769 Y59.512 E0.00467
G1 X88.605 Y59.879 E0.00527
G1 X88.381 Y60.338 E0.0067
G1 X88.143 Y60.78 E0.00658
G1 X88.008 Y61.005 E0.00344
G1 X87.762 Y61.387 E0.00596
G1 X87.475 Y61.798 E0.00657
G1 X87.333 Y61.989 E0.00312
G1 X87.167 Y62.202 E0.00354
G1 X86.852 Y62.581 E0.00646
G1 X86.683 Y62.767 E0.0033
G1 X86.536 Y62.923 E0.00281
G1 X86.154 Y63.308 E0.00711
G1 X85.815 Y63.622 E0.00606
G1 X85.649 Y63.765 E0.00287
G1 X85.601 Y63.799 E0.00077
G1 X85.419 Y63.953 E0.00313
G1 X85.229 Y64.102 E0.00317
G1 X85.022 Y64.258 E0.0034
G1 X84.606 Y64.547 E0.00664
G1 X84.224 Y64.795 E0.00597
G1 X83.573 Y65.165 E0.00982
G1 X83.096 Y65.399 E0.00697
G1 X82.892 Y65.492 E0.00294
G1 X82.634 Y65.603 E0.00368
G1 X82.196 Y65.77 E0.00615
G1 X81.738 Y65.93 E0.00636
G1 X81.499 Y66.005 E0.00328
G1 X80.989 Y66.14 E0.00692
G1 X80.755 Y66.193 E0.00315
G1 X80.266 Y66.293 E0.00654
G1 X80.04 Y66.33 E0.003
G1 X79.791 Y66.366 E0.0033
G1 X79.549 Y66.394 E0.00319
G1 X79.278 Y66.42 E0.00357
G1 X78.799 Y66.454 E0.0063
G1 X78.554 Y66.462 E0.00321
G1 X78.213 Y66.466 E0.00447
G1 X77.712 Y66.45 E0.00657
G1 X77.466 Y66.435 E0.00323
G1 X77.219 Y66.413 E0.00325
G1 X76.719 Y66.356 E0.0066
G1 X76.279 Y66.286 E0.00584
G1 X76.057 Y66.244 E0.00296
G1 X75.749 Y66.177 E0.00413
G1 X75.165 Y66.031 E0.00789
G1 X74.556 Y65.835 E0.00839
G1 X74.068 Y65.653 E0.00683
G1 X73.498 Y65.408 E0.00814
G1 X73.255 Y65.29 E0.00354
G1 X72.965 Y65.142 E0.00427
G1 X72.614 Y64.949 E0.00525
G1 X72.388 Y64.815 E0.00345
G1 X71.991 Y64.562 E0.00617
G1 X71.69 Y64.355 E0.00479
G1 X71.574 Y64.271 E0.00188
G1 X71.168 Y63.965 E0.00667
G1 X70.983 Y63.809 E0.00317
G1 X70.577 Y63.454 E0.00707
G1 X70.242 Y63.131 E0.0061
G1 X69.91 Y62.785 E0.00629
G1 X69.75 Y62.609 E0.00312
G1 X69.575 Y62.407 E0.0035
G1 X69.564 Y62.39 E0.00027
G1 X69.417 Y62.212 E0.00303
G1 X69.112 Y61.821 E0.0065
G1 X68.843 Y61.433 E0.00619
G1 X68.694 Y61.205 E0.00357
G1 X68.441 Y60.789 E0.00638
G1 X68.321 Y60.576 E0.00321
G1 X68.197 Y60.342 E0.00347
G1 X67.995 Y59.938 E0.00592
G1 X67.872 Y59.673 E0.00383
G1 X67.777 Y59.442 E0.00328
G1 X67.594 Y58.978 E0.00654
G1 X67.514 Y58.749 E0.00318
G1 X67.359 Y58.257 E0.00676
G1 X67.247 Y57.847 E0.00557
G1 X67.179 Y57.56 E0.00387
G1 X67.086 Y57.083 E0.00637
G1 X67.033 Y56.771 E0.00415
G1 X66.978 Y56.354 E0.00552
G1 X66.952 Y56.078 E0.00364
G1 X66.917 Y55.571 E0.00666
G1 X66.91 Y55.339 E0.00304
G1 X66.907 Y55.009 E0.00433
G1 X66.922 Y54.508 E0.00657
G1 X66.937 Y54.262 E0.00323
G1 X66.959 Y54.018 E0.00321
G1 X67.016 Y53.528 E0.00647
G1 X67.086 Y53.075 E0.00601
G1 X67.122 Y52.883 E0.00256
G1 X67.195 Y52.548 E0.0045
G1 X67.315 Y52.074 E0.00641
G1 X67.436 Y51.665 E0.00559
G1 X67.505 Y51.451 E0.00295
G1 X67.67 Y50.99 E0.00642
G1 X67.866 Y50.517 E0.00671
G1 X68.191 Y49.837 E0.00988
G1 X68.427 Y49.405 E0.00645
G1 X68.553 Y49.191 E0.00326
G1 X68.68 Y48.985 E0.00317
G1 X68.82 Y48.774 E0.00332
G1 X69.097 Y48.379 E0.00633
G1 X69.259 Y48.158 E0.00359
G1 X69.395 Y47.984 E0.0029
G1 X69.57 Y47.775 E0.00357
G1 X69.883 Y47.413 E0.00628
G1 X70.062 Y47.221 E0.00344
G1 X70.435 Y46.852 E0.00688
G1 X70.775 Y46.537 E0.00608
G1 X71.135 Y46.234 E0.00617
G1 X71.357 Y46.058 E0.00371
G1 X71.742 Y45.778 E0.00624
G1 X71.959 Y45.627 E0.00347
G1 X72.162 Y45.498 E0.00315
G1 X72.175 Y45.487 E0.00022
G1 X72.381 Y45.358 E0.00319
G1 X72.579 Y45.241 E0.00302
G1 X72.795 Y45.119 E0.00325
G1 X73.031 Y44.993 E0.00351
G1 X73.251 Y44.882 E0.00323
G1 X73.436 Y44.794 E0.00269
G1 X73.927 Y44.574 E0.00706
G1 X74.357 Y44.407 E0.00605
G1 X74.621 Y44.31 E0.00369
G1 X75.149 Y44.146 E0.00725
G1 X75.52 Y44.043 E0.00505
G1 X76.063 Y43.926 E0.00728
G1 X76.309 Y43.878 E0.00329
G1 X76.784 Y43.806 E0.0063
G1 X77.3 Y43.748 E0.00681
G0 F18000 X77.319 Y44.069
G0 X74.564 Y44.864
G0 X73.059 Y45.546
G0 X71.478 Y46.602
G0 X70.266 Y47.74
G0 X69.374 Y48.851
G0 X68.533 Y50.273
G0 X67.912 Y51.818
G0 X67.503 Y53.663
G0 X67.409 Y55.091
G0 X67.575 Y56.976
G0 X67.99 Y58.59
G0 X68.601 Y60.035
G0 X69.516 Y61.52
G0 X70.595 Y62.779
G0 X71.86 Y63.864
G0 X73.064 Y64.629
G0 X74.349 Y65.227
G0 X75.777 Y65.661
G0 X78.545 Y66.142
G0 X78.566 Y66.842
;TYPE:WALL-OUTER
G1 F1500 X78.822 Y66.833 E0.00336
G1 X79.312 Y66.798 E0.00644
G1 X79.593 Y66.772 E0.0037
G1 X79.845 Y66.742 E0.00333
G1 X80.308 Y66.672 E0.00614
G1 X80.841 Y66.563 E0.00713
G1 X81.075 Y66.51 E0.00315
G1 X81.352 Y66.439 E0.00375
G1 X81.613 Y66.367 E0.00355
G1 X81.861 Y66.289 E0.00341
G1 X82.332 Y66.125 E0.00654
G1 X82.782 Y65.953 E0.00632
G1 X83.05 Y65.838 E0.00382
G1 X83.263 Y65.74 E0.00307
G1 X83.739 Y65.507 E0.00695
G1 X84.147 Y65.278 E0.00614
G1 X84.426 Y65.117 E0.00422
G1 X84.82 Y64.861 E0.00616
G1 X85.25 Y64.562 E0.00687
G1 X85.463 Y64.401 E0.0035
G1 X85.663 Y64.244 E0.00333
G1 X85.86 Y64.079 E0.00337
G1 X85.866 Y64.079 E0.00008
G1 X86.071 Y63.902 E0.00355
G1 X86.42 Y63.58 E0.00623
G1 X86.616 Y63.385 E0.00363
G1 X86.813 Y63.183 E0.0037
G1 X86.963 Y63.024 E0.00287
G1 X87.144 Y62.824 E0.00354
G1 X87.466 Y62.436 E0.00661
G1 X87.637 Y62.217 E0.00364
G1 X87.77 Y62.04 E0.0029
G1 X88.08 Y61.595 E0.00711
G1 X88.334 Y61.199 E0.00617
G1 X88.481 Y60.953 E0.00376
G1 X88.719 Y60.512 E0.00657
G1 X88.952 Y60.034 E0.00697
G1 X89.121 Y59.656 E0.00543
G1 X89.258 Y59.316 E0.00481
G1 X89.427 Y58.852 E0.00648
G1 X89.504 Y58.614 E0.00328
G1 X89.636 Y58.176 E0.006
G1 X89.633 Y58.174 E0.00005
G1 X89.751 Y57.712 E0.00625
G1 X89.807 Y57.457 E0.00342
G1 X89.87 Y57.13 E0.00437
G1 X89.928 Y56.75 E0.00504
G1 X89.968 Y56.446 E0.00402
G1 X90.003 Y56.1 E0.00456
G1 X90.024 Y55.842 E0.00339
G1 X90.034 Y55.675 E0.00219
G1 X90.046 Y55.169 E0.00664
G1 X90.046 Y54.835 E0.00438
G1 X90.037 Y54.546 E0.00379
G1 X90.002 Y54.051 E0.00651
G1 X89.976 Y53.777 E0.00361
G1 X89.918 Y53.334 E0.00586
G1 X89.867 Y53.031 E0.00403
G1 X89.768 Y52.533 E0.00666
G1 X89.697 Y52.23 E0.00408
G1 X89.578 Y51.781 E0.00609
G1 X89.573 Y51.779 E0.00007
G1 X89.414 Y51.274 E0.00694
G1 X89.222 Y50.752 E0.00729
G1 X88.983 Y50.198 E0.00791
G1 X88.929 Y50.08 E0.0017
G1 X88.712 Y49.644 E0.00639
G1 X88.447 Y49.157 E0.00727
G1 X88.191 Y48.742 E0.00639
G1 X88.063 Y48.546 E0.00307
G1 X87.919 Y48.334 E0.00336
G1 X87.768 Y48.124 E0.00339
G1 X87.453 Y47.715 E0.00677
G1 X87.287 Y47.514 E0.00342
G1 X87.124 Y47.324 E0.00328
G1 X86.931 Y47.111 E0.00377
G1 X86.79 Y46.963 E0.00268
G1 X86.791 Y46.96 E0.00004
G1 X86.587 Y46.753 E0.00381
G1 X86.414 Y46.585 E0.00316
G1 X86.204 Y46.389 E0.00377
G1 X86.02 Y46.225 E0.00323
G1 X85.843 Y46.076 E0.00303
G1 X85.448 Y45.755 E0.00667
G1 X85.021 Y45.446 E0.00691
G1 X84.671 Y45.211 E0.00553
G1 X84.379 Y45.025 E0.00454
G1 X84.142 Y44.886 E0.0036
G1 X83.939 Y44.772 E0.00305
G1 X83.708 Y44.649 E0.00343
G1 X83.482 Y44.537 E0.00331
G1 X83.091 Y44.352 E0.00567
G1 X82.717 Y44.194 E0.00532
G1 X82.352 Y44.048 E0.00515
G1 X82.349 Y44.051 E0.00006
G1 X82.066 Y43.948 E0.00395
G1 X81.816 Y43.868 E0.00344
G1 X81.376 Y43.737 E0.00602
G1 X81.374 Y43.739 E0.00004
G1 X81.175 Y43.687 E0.0027
G1 X80.66 Y43.569 E0.00693
G1 X80.303 Y43.501 E0.00477
G1 X79.896 Y43.435 E0.00541
G1 X79.385 Y43.377 E0.00674
G1 X79.141 Y43.358 E0.00321
G1 X78.622 Y43.33 E0.00682
G1 X78.02 Y43.326 E0.00789
G1 X77.509 Y43.351 E0.00671
G1 X77.26 Y43.37 E0.00327
G1 X76.731 Y43.43 E0.00698
G1 X76.261 Y43.501 E0.00623
G1 X76.008 Y43.548 E0.00337
G1 X75.423 Y43.676 E0.00785
G1 X74.963 Y43.804 E0.00626
G1 X74.505 Y43.948 E0.0063
G1 X74.259 Y44.037 E0.00343
G1 X73.773 Y44.227 E0.00684
G1 X73.256 Y44.459 E0.00743
G1 X73.081 Y44.542 E0.00254
G1 X72.852 Y44.657 E0.00336
G1 X72.609 Y44.787 E0.00361
G1 X72.387 Y44.913 E0.00335
G1 X72.177 Y45.037 E0.0032
G1 X71.742 Y45.315 E0.00677
G1 X71.543 Y45.453 E0.00318
G1 X71.119 Y45.762 E0.00688
G1 X70.891 Y45.943 E0.00382
G1 X70.519 Y46.257 E0.00638
G1 X70.169 Y46.58 E0.00625
G1 X69.785 Y46.961 E0.00709
G1 X69.617 Y47.14 E0.00322
G1 X69.279 Y47.53 E0.00677
G1 X69.096 Y47.75 E0.00375
G1 X68.953 Y47.932 E0.00304
G1 X68.817 Y48.116 E0.003
G1 X68.504 Y48.563 E0.00716
G1 X68.368 Y48.767 E0.00321
G1 X68.101 Y49.207 E0.00675
G1 X67.851 Y49.667 E0.00687
G1 X67.728 Y49.915 E0.00363
G1 X67.518 Y50.365 E0.00651
G1 X67.32 Y50.841 E0.00676
G1 X67.152 Y51.306 E0.00648
G1 X67.072 Y51.555 E0.00343
G1 X66.94 Y51.996 E0.00604
G1 X66.943 Y51.998 E0.00005
G1 X66.888 Y52.204 E0.0028
G1 X66.824 Y52.465 E0.00352
G1 X66.769 Y52.711 E0.00331
G1 X66.71 Y53.016 E0.00407
G1 X66.638 Y53.484 E0.00621
G1 X66.583 Y53.968 E0.00639
G1 X66.558 Y54.227 E0.00341
G1 X66.542 Y54.496 E0.00353
G1 X66.527 Y55.013 E0.00678
G1 X66.53 Y55.351 E0.00443
G1 X66.537 Y55.583 E0.00304
G1 X66.555 Y55.873 E0.00381
G1 X66.601 Y56.4 E0.00694
G1 X66.654 Y56.809 E0.00541
G1 X66.712 Y57.154 E0.00459
G1 X66.809 Y57.646 E0.00658
G1 X66.879 Y57.944 E0.00401
G1 X66.999 Y58.387 E0.00602
G1 X67.003 Y58.389 E0.00006
G1 X67.161 Y58.89 E0.00689
G1 X67.229 Y59.088 E0.00275
G1 X67.426 Y59.588 E0.00705
G1 X67.526 Y59.829 E0.00342
G1 X67.655 Y60.108 E0.00403
G1 X67.861 Y60.52 E0.00604
G1 X67.989 Y60.76 E0.00357
G1 X68.116 Y60.986 E0.0034
G1 X68.375 Y61.411 E0.00653
G1 X68.53 Y61.649 E0.00372
G1 X68.801 Y62.039 E0.00623
G1 X69.123 Y62.453 E0.00688
G1 X69.269 Y62.63 E0.00301
G1 X69.271 Y62.636 E0.00008
G1 X69.468 Y62.864 E0.00395
G1 X69.632 Y63.044 E0.00319
G1 X69.81 Y63.233 E0.0034
G1 X69.978 Y63.404 E0.00314
G1 X70.313 Y63.728 E0.00611
G1 X70.739 Y64.101 E0.00742
G1 X70.936 Y64.265 E0.00336
G1 X71.333 Y64.567 E0.00654
G1 X71.473 Y64.667 E0.00226
G1 X71.784 Y64.881 E0.00495
G1 X72.192 Y65.141 E0.00634
G1 X72.43 Y65.281 E0.00362
G1 X72.793 Y65.481 E0.00543
G1 X73.316 Y65.743 E0.00767
G1 X73.934 Y66.009 E0.00882
G1 X74.439 Y66.197 E0.00707
G1 X75.049 Y66.393 E0.0084
G1 X75.403 Y66.484 E0.00479
G1 X75.915 Y66.603 E0.00689
G1 X76.22 Y66.662 E0.00407
G1 X76.675 Y66.733 E0.00604
G1 X77.183 Y66.791 E0.0067
G1 X77.431 Y66.814 E0.00327
G1 X77.7 Y66.83 E0.00353
G1 X78.217 Y66.846 E0.00678
G1 X78.566 Y66.842 E0.00458
G0 F18000 X78.766 Y66.835
G0 X78.745 Y66.136
G0 X78.535 Y66.024
G0 X78.512 Y65.322
G1 F1500 X78.284 Y65.326 E0.00299
G1 X77.993 Y65.32 E0.00382
G1 X77.616 Y65.302 E0.00495
G1 X77.17 Y65.265 E0.00587
G1 X76.949 Y65.24 E0.00292
G1 X76.285 Y65.127 E0.00883
G1 X76.067 Y65.081 E0.00292
G1 X75.625 Y64.974 E0.00596
G1 X75.423 Y64.914 E0.00276
G1 X74.991 Y64.779 E0.00593
G1 X74.573 Y64.629 E0.00582
G1 X74.354 Y64.542 E0.00309
G1 X73.953 Y64.364 E0.00575
G1 X73.755 Y64.269 E0.00288
G1 X73.362 Y64.062 E0.00582
G1 X73.164 Y63.951 E0.00298
G1 X72.59 Y63.596 E0.00885
G1 X72.049 Y63.209 E0.00872
G1 X71.869 Y63.066 E0.00301
G1 X71.528 Y62.777 E0.00586
G1 X71.2 Y62.478 E0.00582
G1 X70.886 Y62.159 E0.00587
G1 X70.733 Y61.998 E0.00291
G1 X70.574 Y61.819 E0.00314
G1 X70.44 Y61.66 E0.00273
G1 X70.167 Y61.321 E0.00571
G1 X69.903 Y60.962 E0.00584
G1 X69.771 Y60.774 E0.00301
G1 X69.548 Y60.421 E0.00548
G1 X69.308 Y60.01 E0.00624
G1 X69.168 Y59.747 E0.00391
G1 X68.912 Y59.209 E0.00781
G1 X68.741 Y58.793 E0.0059
G1 X68.591 Y58.379 E0.00577
G1 X68.456 Y57.95 E0.0059
G1 X68.338 Y57.504 E0.00605
G1 X68.289 Y57.294 E0.00283
G1 X68.2 Y56.853 E0.0059
G1 X68.135 Y56.422 E0.00572
G1 X68.106 Y56.2 E0.00294
G1 X68.07 Y55.751 E0.00591
G1 X68.058 Y55.53 E0.0029
G1 X68.046 Y55.08 E0.0059
G1 X68.052 Y54.789 E0.00382
G1 X68.07 Y54.412 E0.00495
G1 X68.107 Y53.963 E0.00591
G1 X68.138 Y53.732 E0.00306
G1 X68.142 Y53.721 E0.00015
G1 X68.168 Y53.523 E0.00262
G1 X68.246 Y53.078 E0.00592
G1 X68.339 Y52.661 E0.0056
G1 X68.442 Y52.267 E0.00534
G1 X68.593 Y51.787 E0.0066
G1 X68.744 Y51.367 E0.00585
G1 X68.911 Y50.964 E0.00572
G1 X69.009 Y50.751 E0.00307
G1 X69.207 Y50.352 E0.00584
G1 X69.311 Y50.153 E0.00294
G1 X69.42 Y49.962 E0.00288
G1 X69.653 Y49.578 E0.00589
G1 X69.913 Y49.19 E0.00612
G1 X69.918 Y49.188 E0.00007
G1 X70.032 Y49.025 E0.00261
G1 X70.302 Y48.67 E0.00585
G1 X70.448 Y48.494 E0.003
G1 X70.612 Y48.307 E0.00326
G1 X70.738 Y48.169 E0.00245
G1 X71.052 Y47.838 E0.00598
G1 X71.402 Y47.505 E0.00633
G1 X71.537 Y47.386 E0.00236
G1 X71.875 Y47.102 E0.00579
G1 X72.231 Y46.826 E0.00591
G1 X72.414 Y46.693 E0.00297
G1 X72.789 Y46.445 E0.0059
G1 X73.169 Y46.215 E0.00582
G1 X73.364 Y46.103 E0.00295
G1 X73.939 Y45.812 E0.00845
G1 X74.361 Y45.627 E0.00604
G1 X74.782 Y45.46 E0.00594
G1 X75.209 Y45.318 E0.0059
G1 X75.49 Y45.233 E0.00385
G1 X75.493 Y45.236 E0.00006
G1 X75.631 Y45.195 E0.00189
G1 X76.07 Y45.085 E0.00593
G1 X76.295 Y45.04 E0.00301
G1 X76.732 Y44.964 E0.00582
G1 X76.954 Y44.931 E0.00294
G1 X77.395 Y44.882 E0.00582
G1 X77.844 Y44.854 E0.0059
G1 X78.068 Y44.846 E0.00294
G1 X78.515 Y44.846 E0.00586
G1 X78.798 Y44.857 E0.00371
G1 X79.239 Y44.887 E0.0058
G1 X79.621 Y44.932 E0.00504
G1 X80.091 Y45.004 E0.00623
G1 X80.514 Y45.087 E0.00565
G1 X80.958 Y45.197 E0.006
G1 X81.403 Y45.328 E0.00608
G1 X81.787 Y45.461 E0.00533
G1 X81.995 Y45.539 E0.00291
G1 X82.219 Y45.628 E0.00316
G1 X82.427 Y45.716 E0.00296
G1 X82.543 Y45.771 E0.00168
G1 X82.546 Y45.769 E0.00005
G1 X83.012 Y45.997 E0.0068
G1 X83.411 Y46.217 E0.00597
G1 X83.783 Y46.444 E0.00571
G1 X83.982 Y46.572 E0.0031
G1 X84.349 Y46.829 E0.00588
G1 X84.707 Y47.106 E0.00594
G1 X85.075 Y47.417 E0.00632
G1 X85.204 Y47.531 E0.00226
G1 X85.533 Y47.847 E0.00598
G1 X85.698 Y48.016 E0.0031
G1 X85.835 Y48.162 E0.00263
G1 X86.136 Y48.508 E0.00601
G1 X86.41 Y48.848 E0.00573
G1 X86.731 Y49.29 E0.00716
G1 X86.926 Y49.584 E0.00463
G1 X87.044 Y49.776 E0.00296
G1 X87.27 Y50.161 E0.00585
G1 X87.471 Y50.556 E0.00581
G1 X87.603 Y50.826 E0.00394
G1 X87.6 Y50.829 E0.00006
G1 X87.66 Y50.954 E0.00182
G1 X87.835 Y51.375 E0.00598
G1 X87.985 Y51.793 E0.00582
G1 X88.054 Y52.005 E0.00292
G1 X88.136 Y52.277 E0.00373
G1 X88.238 Y52.666 E0.00527
G1 X88.331 Y53.086 E0.00564
G1 X88.372 Y53.308 E0.00296
G1 X88.445 Y53.765 E0.00607
G1 X88.47 Y53.968 E0.00268
G1 X88.506 Y54.413 E0.00585
G1 X88.518 Y54.637 E0.00294
G1 X88.526 Y54.864 E0.00298
G1 X88.527 Y55.308 E0.00582
G1 X88.514 Y55.612 E0.00399
G1 X88.489 Y55.981 E0.00485
G1 X88.44 Y56.425 E0.00586
G1 X88.371 Y56.884 E0.00609
G1 X88.271 Y57.363 E0.00642
G1 X88.216 Y57.593 E0.0031
G1 X88.118 Y57.949 E0.00484
G1 X87.983 Y58.381 E0.00593
G1 X87.832 Y58.801 E0.00585
G1 X87.662 Y59.211 E0.00582
G1 X87.567 Y59.421 E0.00302
G1 X87.371 Y59.816 E0.00578
G1 X87.156 Y60.205 E0.00583
G1 X87.025 Y60.426 E0.00337
G1 X86.8 Y60.782 E0.00552
G1 X86.542 Y61.146 E0.00585
G1 X86.411 Y61.325 E0.00291
G1 X85.997 Y61.825 E0.00851
G1 X85.693 Y62.162 E0.00595
G1 X85.529 Y62.329 E0.00307
G1 X85.364 Y62.489 E0.00301
G1 X85.039 Y62.786 E0.00577
G1 X84.704 Y63.066 E0.00573
G1 X84.526 Y63.205 E0.00296
G1 X84.157 Y63.479 E0.00603
G1 X83.833 Y63.694 E0.0051
G1 X83.596 Y63.841 E0.00366
G1 X83.218 Y64.06 E0.00573
G1 X82.824 Y64.269 E0.00585
G1 X82.413 Y64.459 E0.00594
G1 X82.209 Y64.547 E0.00291
G1 X81.782 Y64.712 E0.006
G1 X81.578 Y64.782 E0.00283
G1 X81.153 Y64.915 E0.00584
G1 X80.94 Y64.976 E0.00291
G1 X80.718 Y65.034 E0.00301
G1 X80.281 Y65.128 E0.00586
G1 X79.844 Y65.205 E0.00582
G1 X79.4 Y65.266 E0.00588
G1 X78.955 Y65.302 E0.00585
G1 X78.512 Y65.322 E0.00581
G0 F18000 X78.312 Y65.325
G1 F1800 E-3.5
;MESH:Full_Asse_Dielectric_Part.STL
G0 F18000 X78.317 Y66.026
G0 X80.791 Y66.352
G0 X81.125 Y67.761
G0 X86.98 Y98.381
G0 X133.253 Y99.592
;TYPE:SKIN
G1 F1800 E3.52079
G1 F8400 X132.911 Y99.592 E0.00567
G1 X133.253 Y99.934 E0.00802
G1 X133.253 Y100.471 E0.00891
G1 X132.374 Y99.592 E0.02062
G1 X131.837 Y99.592 E0.00891
G1 X133.253 Y101.009 E0.03323
G1 X133.253 Y101.546 E0.00891
G1 X131.299 Y99.592 E0.04584
G1 X130.762 Y99.592 E0.00891
G1 X133.253 Y102.084 E0.05845
G1 X133.253 Y102.621 E0.00891
G1 X130.224 Y99.592 E0.07106
G1 X129.687 Y99.592 E0.00891
G1 X133.253 Y103.158 E0.08366
G1 X133.253 Y103.696 E0.00892
G1 X129.15 Y99.592 E0.09627
G1 X128.612 Y99.592 E0.00892
G1 X133.253 Y104.233 E0.10888
G1 X133.253 Y104.771 E0.00892
G1 X128.075 Y99.592 E0.12149
G1 X127.537 Y99.592 E0.00892
G1 X133.253 Y105.308 E0.1341
G1 X133.253 Y105.845 E0.00891
G1 X127 Y99.592 E0.14669
G1 X126.463 Y99.592 E0.00891
G1 X133.253 Y106.383 E0.1593
G1 X133.253 Y106.92 E0.00891
G1 X125.925 Y99.592 E0.17191
G1 X125.388 Y99.592 E0.00891
G1 X133.253 Y107.458 E0.18452
G1 X133.253 Y107.995 E0.00891
G1 X124.85 Y99.592 E0.19713
G1 X124.313 Y99.592 E0.00891
G0 F18000 X124.313 Y100.311
G0 X129.789 Y103.904
G0 X129.217 Y104.336
G1 F8400 X129.343 Y104.508 E0.00354
G1 X129.299 Y104.578 E0.00137
G1 X133.253 Y108.532 E0.09276
G0 F18000 X132.534 Y108.532
G0 X130.13 Y104.466
G0 X129.68 Y103.863
G0 X124.313 Y100.311
G0 X124.313 Y99.592
G1 F8400 X128.943 Y104.223 E0.10863
G0 F18000 X129.218 Y103.559
G0 X129.63 Y103.796
G0 X130.035 Y104.339
G0 X132.534 Y108.532
G0 X133.253 Y108.532
G1 F8400 X133.253 Y109.07 E0.00892
G1 X128.985 Y104.802 E0.10013
G0 F18000 X128.943 Y104.223
G1 F8400 X128.552 Y104.062 E0.00701
G1 X128.498 Y104.05 E0.00092
G1 X128.233 Y104.05 E0.0044
G1 X123.776 Y99.592 E0.10457
G1 X123.238 Y99.592 E0.00892
G1 X127.696 Y104.05 E0.10458
G1 X127.159 Y104.051 E0.00891
G1 X122.701 Y99.592 E0.10459
G1 X122.163 Y99.592 E0.00892
G1 X126.772 Y104.201 E0.10813
G0 F18000 X126.499 Y103.536
G0 X127.095 Y103.392
G0 X128.745 Y103.429
G0 X129.63 Y103.796
G0 X130.13 Y104.466
G0 X129.719 Y105.153
G0 X129.258 Y105.467
G0 X128.985 Y104.802
G1 F8400 X128.604 Y104.959 E0.00684
G1 X133.253 Y109.607 E0.10905
G1 X133.253 Y110.145 E0.00892
G1 X128.1 Y104.992 E0.12089
G1 X127.563 Y104.992 E0.00891
G1 X133.253 Y110.682 E0.13349
G1 X133.253 Y111.219 E0.00891
G0 F18000 X132.534 Y111.219
G0 X126.032 Y105.246
G0 X125.532 Y104.576
G0 X125.989 Y103.813
G0 X126.499 Y103.536
G0 X126.772 Y104.201
G1 F8400 X126.44 Y104.339 E0.00596
G1 X126.414 Y104.381 E0.00082
G1 X121.626 Y99.592 E0.11234
G0 F18000 X121.626 Y100.311
G0 X126.032 Y105.246
G0 X126.671 Y105.576
G0 X126.946 Y104.913
G1 F8400 X133.253 Y111.219 E0.14795
G0 F18000 X132.534 Y111.219
G0 X126.032 Y105.246
G0 X121.626 Y100.311
G0 X121.626 Y99.592
G1 F8400 X121.089 Y99.592 E0.00891
G0 F18000 X121.089 Y100.311
G0 X125.799 Y104.007
G0 X126.414 Y104.381
G1 F8400 X126.319 Y104.534 E0.00299
G1 X126.445 Y104.706 E0.00354
G0 F18000 X125.873 Y105.138
G0 X121.089 Y100.311
G0 X121.089 Y99.592
G1 F8400 X133.253 Y111.757 E0.28538
G1 X133.253 Y112.294 E0.00891
G1 X120.551 Y99.592 E0.29798
G1 X120.014 Y99.592 E0.00891
G1 X133.253 Y112.832 E0.31059
G1 X133.253 Y113.369 E0.00891
G1 X119.476 Y99.592 E0.3232
G1 X118.939 Y99.592 E0.00891
G1 X133.253 Y113.906 E0.3358
G1 X133.253 Y114.345 E0.00728
G1 X133.154 Y114.345 E0.00164
G1 X118.401 Y99.592 E0.3461
G1 X117.864 Y99.592 E0.00891
G1 X132.752 Y114.481 E0.34928
G1 X132.382 Y114.634 E0.00664
G1 X132.377 Y114.643 E0.00017
G0 F18000 X131.762 Y114.269
G0 X131.475 Y114.871
G0 X131.925 Y115.474
G0 X132.551 Y115.827
G0 X133.253 Y115.287
G1 F8400 X133.107 Y115.287 E0.00242
G1 X133.053 Y115.275 E0.00092
G1 X132.979 Y115.244 E0.00133
G1 X133.253 Y115.519 E0.00644
G0 F18000 X132.551 Y115.827
G0 X131.975 Y115.541
G0 X131.475 Y114.871
G0 X131.762 Y114.269
G0 X132.377 Y114.643
G1 F8400 X117.327 Y99.592 E0.35308
G1 X116.789 Y99.592 E0.00892
G0 F18000 X116.789 Y100.311
G0 X131.762 Y114.269
G0 X132.377 Y114.643
G1 F8400 X132.262 Y114.829 E0.00363
G1 X132.387 Y115.001 E0.00353
G0 F18000 X131.816 Y115.433
G0 X116.789 Y100.311
G0 X116.789 Y99.592
G1 F8400 X133.253 Y116.056 E0.38624
G1 X133.253 Y116.593 E0.00891
G1 X116.252 Y99.592 E0.39884
G1 X115.714 Y99.592 E0.00892
G1 X133.253 Y117.131 E0.41146
G1 X133.253 Y117.668 E0.00891
G1 X115.177 Y99.592 E0.42406
G1 X114.64 Y99.592 E0.00891
G1 X133.253 Y118.206 E0.43667
G1 X133.253 Y118.743 E0.00891
G1 X114.102 Y99.592 E0.44928
G1 X113.565 Y99.592 E0.00891
G1 X133.253 Y119.28 E0.46187
G1 X133.253 Y119.818 E0.00892
G1 X113.027 Y99.592 E0.4745
G1 X112.49 Y99.592 E0.00891
G1 X117.166 Y104.269 E0.10971
G0 F18000 X117.436 Y104.539
G1 F8400 X133.253 Y120.355 E0.37105
G1 X133.253 Y120.408 E0.00088
G1 X132.768 Y120.408 E0.00805
G0 F18000 X132.564 Y119.719
G0 X117.743 Y103.796
G0 X117.441 Y103.605
G0 X117.166 Y104.269
G1 F8400 X116.666 Y104.062 E0.00898
G1 X116.611 Y104.05 E0.00093
G1 X116.41 Y104.05 E0.00333
G0 F18000 X116.41 Y103.331
G0 X116.858 Y103.429
G0 X117.743 Y103.796
G0 X132.564 Y119.719
G0 X132.768 Y120.408
G1 F8400 X117.144 Y104.783 E0.36655
G0 F18000 X117.417 Y105.448
G0 X117.786 Y105.229
G0 X118.243 Y104.466
G0 X117.743 Y103.796
G0 X116.882 Y103.468
G0 X116.41 Y103.331
G0 X116.41 Y104.05
G1 F8400 X111.953 Y99.592 E0.10457
G1 X111.415 Y99.592 E0.00892
G1 X115.873 Y104.05 E0.10458
G1 X115.335 Y104.05 E0.00892
G1 X110.878 Y99.592 E0.10457
G1 X110.34 Y99.592 E0.00892
G1 X114.93 Y104.182 E0.10768
G0 F18000 X114.657 Y103.517
G0 X115.208 Y103.392
G0 X116.858 Y103.429
G0 X117.743 Y103.796
G0 X118.243 Y104.466
G0 X117.832 Y105.153
G0 X117.417 Y105.448
G0 X117.144 Y104.783
G1 F8400 X116.763 Y104.94 E0.00684
G1 X132.23 Y120.408 E0.36286
G1 X131.693 Y120.408 E0.00891
G1 X116.277 Y104.992 E0.36165
G1 X115.74 Y104.992 E0.00891
G1 X131.156 Y120.408 E0.36165
G1 X130.618 Y120.408 E0.00892
G0 F18000 X130.618 Y119.689
G0 X114.144 Y105.246
G0 X113.644 Y104.576
G0 X114.103 Y103.813
G0 X114.657 Y103.517
G0 X114.93 Y104.182
G1 F8400 X114.551 Y104.341 E0.00682
G0 F18000 X115.168 Y104.957
G1 F8400 X130.618 Y120.408 E0.36246
G0 F18000 X130.618 Y119.689
G0 X114.144 Y105.246
G0 X113.644 Y104.576
G0 X113.937 Y103.967
G0 X114.551 Y104.341
G1 F8400 X109.803 Y99.592 E0.1114
G1 X109.266 Y99.592 E0.00891
G0 F18000 X109.266 Y100.311
G0 X113.937 Y103.967
G0 X114.551 Y104.341
G1 F8400 X114.431 Y104.534 E0.00377
G1 X114.557 Y104.706 E0.00354
G0 F18000 X113.985 Y105.138
G0 X109.266 Y100.311
G0 X109.266 Y99.592
G1 F8400 X130.081 Y120.408 E0.48832
G1 X129.543 Y120.408 E0.00892
G1 X108.728 Y99.592 E0.48832
G1 X108.191 Y99.592 E0.00891
G1 X123.199 Y114.6 E0.35208
G0 F18000 X123.391 Y114.792
G1 F8400 X129.006 Y120.408 E0.13174
G0 F18000 X129.006 Y119.689
G0 X124.218 Y114.651
G0 X123.474 Y113.937
G0 X123.199 Y114.6
G1 F8400 X122.608 Y114.358 E0.01059
G1 X122.554 Y114.345 E0.00092
G1 X122.406 Y114.345 E0.00246
G0 F18000 X122.406 Y113.626
G0 X122.801 Y113.724
G0 X123.597 Y114.054
G0 X129.006 Y119.689
G0 X129.006 Y120.408
G1 F8400 X128.469 Y120.408 E0.00891
G0 F18000 X128.469 Y119.689
G0 X123.686 Y114.091
G0 X123.083 Y113.861
G0 X122.406 Y113.626
G0 X122.406 Y114.345
G1 F8400 X107.653 Y99.592 E0.3461
G1 X107.116 Y99.592 E0.00891
G1 X121.868 Y114.345 E0.34609
G1 X121.331 Y114.345 E0.00891
G1 X106.579 Y99.592 E0.34609
G1 X106.041 Y99.592 E0.00892
G1 X120.911 Y114.462 E0.34885
G0 F18000 X120.638 Y113.797
G0 X121.151 Y113.687
G0 X122.801 Y113.724
G0 X123.686 Y114.091
G0 X128.469 Y119.689
G0 X128.469 Y120.408
G1 F8400 X123.124 Y115.063 E0.12539
G1 X122.744 Y115.22 E0.00682
G1 X127.931 Y120.408 E0.1217
G1 X127.394 Y120.408 E0.00891
G1 X122.274 Y115.287 E0.12013
G1 X121.736 Y115.287 E0.00892
G1 X126.856 Y120.408 E0.12013
G0 F18000 X126.856 Y119.689
G0 X120.088 Y115.541
G0 X119.588 Y114.871
G0 X120.045 Y114.108
G0 X120.638 Y113.797
G0 X120.911 Y114.462
G1 F8400 X120.531 Y114.619 E0.00682
G0 F18000 X120.257 Y113.953
G0 X120.045 Y114.108
G0 X119.588 Y114.871
G0 X120.038 Y115.474
G0 X126.856 Y119.689
G0 X126.856 Y120.408
G1 F8400 X126.319 Y120.408 E0.00891
G0 F18000 X126.319 Y119.689
G0 X120.088 Y115.541
G0 X119.588 Y114.871
G0 X119.999 Y114.184
G0 X120.257 Y113.953
G0 X120.531 Y114.619
G1 F8400 X105.504 Y99.592 E0.35253
G0 F18000 X105.504 Y100.311
G0 X120.257 Y113.953
G0 X120.531 Y114.619
G1 F8400 X120.496 Y114.634 E0.00063
G1 X120.375 Y114.828 E0.00379
G1 X120.501 Y115.001 E0.00355
G1 X121.166 Y115.275 E0.01193
G0 F18000 X120.891 Y115.939
G0 X120.168 Y115.581
G0 X105.504 Y100.311
G0 X105.504 Y99.592
G1 F8400 X104.966 Y99.592 E0.00892
G0 F18000 X104.966 Y100.311
G0 X120.088 Y115.541
G0 X121.044 Y115.983
G0 X121.192 Y115.281
G1 F8400 X126.319 Y120.408 E0.12028
G0 F18000 X126.319 Y119.689
G0 X120.088 Y115.541
G0 X104.966 Y100.311
G0 X104.966 Y99.592
G1 F8400 X125.782 Y120.408 E0.48834
G1 X125.244 Y120.408 E0.00892
G1 X104.429 Y99.592 E0.48832
G1 X103.892 Y99.592 E0.00891
G1 X124.707 Y120.408 E0.48832
G1 X124.169 Y120.408 E0.00892
G1 X103.354 Y99.592 E0.48832
G1 X102.817 Y99.592 E0.00891
G1 X123.632 Y120.408 E0.48832
G1 X123.095 Y120.408 E0.00891
G1 X102.279 Y99.592 E0.48834
G1 X101.742 Y99.592 E0.00891
G1 X122.557 Y120.408 E0.48832
G1 X122.02 Y120.408 E0.00891
G1 X101.205 Y99.592 E0.48832
G1 X100.667 Y99.592 E0.00892
G1 X105.387 Y104.312 E0.11073
G0 F18000 X105.531 Y104.456
G1 F8400 X121.482 Y120.408 E0.37422
G0 F18000 X121.482 Y119.689
G0 X105.661 Y103.649
G0 X105.387 Y104.312
G1 F8400 X104.777 Y104.061 E0.01094
G1 X104.723 Y104.05 E0.00091
G1 X104.587 Y104.05 E0.00226
G0 F18000 X104.587 Y103.331
G0 X104.97 Y103.429
G0 X105.767 Y103.759
G0 X121.482 Y119.689
G0 X121.482 Y120.408
G1 F8400 X120.945 Y120.408 E0.00891
G1 X105.302 Y104.764 E0.36699
G0 F18000 X105.575 Y105.429
G0 X105.897 Y105.229
G0 X106.356 Y104.466
G0 X105.856 Y103.796
G0 X105.554 Y103.681
G0 X104.587 Y103.331
G0 X104.587 Y104.05
G1 F8400 X100.13 Y99.592 E0.10457
G1 X99.592 Y99.592 E0.00892
G1 X104.05 Y104.05 E0.10458
G1 X103.513 Y104.05 E0.00891
G1 X99.055 Y99.592 E0.10458
G1 X98.518 Y99.592 E0.00891
G0 F18000 X98.518 Y100.311
G0 X105.856 Y103.796
G0 X106.356 Y104.466
G0 X105.943 Y105.153
G0 X105.575 Y105.429
G0 X105.302 Y104.764
G1 F8400 X104.921 Y104.921 E0.00684
G1 X120.408 Y120.408 E0.36332
G1 X119.87 Y120.408 E0.00892
G1 X104.455 Y104.992 E0.36164
G1 X103.917 Y104.992 E0.00892
G1 X119.333 Y120.408 E0.36165
G1 X118.795 Y120.408 E0.00892
G0 F18000 X118.795 Y119.689
G0 X102.257 Y105.246
G0 X98.518 Y100.311
G0 X98.518 Y99.592
G1 F8400 X103.088 Y104.163 E0.10722
G1 X102.709 Y104.321 E0.00681
G1 X97.98 Y99.592 E0.11094
G0 F18000 X97.98 Y100.311
G0 X102.257 Y105.246
G0 X103.23 Y105.692
G0 X103.378 Y104.99
G1 F8400 X118.795 Y120.408 E0.36169
G0 F18000 X118.795 Y119.689
G0 X103.06 Y105.644
G0 X103.335 Y104.98
G1 F8400 X102.67 Y104.706 E0.01193
G1 X102.544 Y104.534 E0.00354
G1 X102.665 Y104.339 E0.00381
G1 X102.709 Y104.321 E0.00079
G0 F18000 X102.435 Y103.655
G0 X97.98 Y100.311
G0 X97.98 Y99.592
G1 F8400 X97.443 Y99.592 E0.00891
G1 X118.258 Y120.408 E0.48832
G1 X117.721 Y120.408 E0.00891
G1 X96.905 Y99.592 E0.48834
G1 X96.368 Y99.592 E0.00891
G1 X117.183 Y120.408 E0.48832
G1 X116.646 Y120.408 E0.00891
G0 F18000 X116.646 Y119.689
G0 X111.799 Y114.091
G0 X110.815 Y113.643
G0 X110.667 Y114.346
G1 F8400 X110.721 Y114.357 E0.00091
G1 X111.386 Y114.631 E0.01193
G1 X111.512 Y114.803 E0.00354
G1 X111.391 Y114.998 E0.00381
G1 X111.282 Y115.043 E0.00196
G0 F18000 X111.556 Y115.709
G0 X116.646 Y119.689
G0 X116.646 Y120.408
G1 F8400 X111.282 Y115.043 E0.12585
G0 F18000 X110.583 Y114.345
G1 F8400 X95.831 Y99.592 E0.34609
G1 X95.293 Y99.592 E0.00892
G1 X110.046 Y114.345 E0.3461
G1 X109.508 Y114.345 E0.00892
G1 X94.756 Y99.592 E0.34609
G1 X94.218 Y99.592 E0.00892
G1 X109.07 Y114.444 E0.34842
G0 F18000 X108.796 Y113.778
G0 X109.264 Y113.687
G0 X110.914 Y113.724
G0 X111.799 Y114.091
G0 X112.299 Y114.761
G0 X111.888 Y115.448
G0 X111.556 Y115.709
G0 X111.282 Y115.043
G1 F8400 X110.901 Y115.2 E0.00684
G1 X116.108 Y120.408 E0.12217
G1 X115.571 Y120.408 E0.00891
G1 X110.451 Y115.287 E0.12013
G1 X109.913 Y115.287 E0.00892
G1 X115.034 Y120.408 E0.12014
G1 X114.496 Y120.408 E0.00892
G0 F18000 X114.496 Y119.689
G0 X108.201 Y115.541
G0 X107.701 Y114.871
G0 X108.158 Y114.108
G0 X108.796 Y113.778
G0 X109.07 Y114.444
G1 F8400 X108.689 Y114.601 E0.00684
G0 F18000 X109.376 Y115.287
G1 F8400 X114.496 Y120.408 E0.12013
G0 F18000 X114.496 Y119.689
G0 X108.201 Y115.541
G0 X107.701 Y114.871
G0 X108.112 Y114.184
G0 X108.415 Y113.935
G0 X108.689 Y114.601
G1 F8400 X93.681 Y99.592 E0.35209
G1 X93.144 Y99.592 E0.00891
G0 F18000 X93.144 Y100.311
G0 X108.415 Y113.935
G0 X108.689 Y114.601
G1 F8400 X108.609 Y114.634 E0.00144
G1 X108.488 Y114.829 E0.00381
G1 X108.614 Y115.001 E0.00354
G1 X109.279 Y115.275 E0.01193
G1 X109.333 Y115.287 E0.00092
G0 F18000 X109.185 Y115.989
G0 X108.299 Y115.586
G0 X93.144 Y100.311
G0 X93.144 Y99.592
G1 F8400 X113.959 Y120.408 E0.48832
G1 X113.421 Y120.408 E0.00892
G1 X92.606 Y99.592 E0.48832
G1 X92.069 Y99.592 E0.00891
G1 X112.884 Y120.408 E0.48832
G1 X112.347 Y120.408 E0.00891
G1 X91.531 Y99.592 E0.48834
G1 X90.994 Y99.592 E0.00891
G1 X111.809 Y120.408 E0.48832
G1 X111.272 Y120.408 E0.00891
G1 X90.457 Y99.592 E0.48832
G1 X89.919 Y99.592 E0.00892
G1 X110.734 Y120.408 E0.48832
G1 X110.197 Y120.408 E0.00891
G1 X89.382 Y99.592 E0.48832
G1 X88.844 Y99.592 E0.00892
G1 X109.66 Y120.408 E0.48834
G1 X109.122 Y120.408 E0.00892
G0 F18000 X109.122 Y119.689
G0 X93.968 Y103.796
G0 X92.984 Y103.348
G0 X92.836 Y104.049
G1 F8400 X92.89 Y104.062 E0.00092
G1 X93.555 Y104.336 E0.01193
G1 X93.681 Y104.508 E0.00354
G1 X93.56 Y104.703 E0.00381
G1 X93.46 Y104.745 E0.0018
G0 F18000 X92.764 Y104.049
G1 F8400 X88.307 Y99.592 E0.10456
G0 F18000 X88.307 Y100.311
G0 X93.968 Y103.796
G0 X109.122 Y119.689
G0 X109.122 Y120.408
G1 F8400 X93.46 Y104.745 E0.36744
G0 F18000 X93.733 Y105.411
G0 X94.011 Y105.229
G0 X94.468 Y104.466
G0 X94.018 Y103.863
G0 X88.307 Y100.311
G0 X88.307 Y99.592
G1 F8400 X87.77 Y99.592 E0.00891
G1 X92.227 Y104.049 E0.10456
G1 X91.689 Y104.049 E0.00892
G1 X87.232 Y99.592 E0.10456
G1 X86.747 Y99.592 E0.00805
G1 X86.747 Y99.645 E0.00088
G0 F18000 X87.036 Y99.881
G0 X93.715 Y104.124
G0 X93.958 Y104.453
G0 X93.733 Y105.411
G0 X93.46 Y104.745
G1 F8400 X93.079 Y104.902 E0.00684
G1 X108.585 Y120.408 E0.36377
G1 X108.047 Y120.408 E0.00892
G1 X92.632 Y104.993 E0.36163
G1 X92.095 Y104.993 E0.00891
G1 X107.51 Y120.408 E0.36163
G1 X106.973 Y120.408 E0.00891
G0 F18000 X106.973 Y119.689
G0 X90.623 Y104.918
G0 X87.036 Y99.881
G0 X86.747 Y99.645
G1 F8400 X91.246 Y104.144 E0.10555
G1 X90.867 Y104.302 E0.00681
G0 F18000 X91.558 Y104.993
G1 F8400 X106.973 Y120.408 E0.36163
G0 F18000 X106.973 Y119.689
G0 X90.37 Y105.246
G0 X89.87 Y104.576
G0 X90.281 Y103.889
G0 X90.593 Y103.636
G0 X90.867 Y104.302
G1 F8400 X86.747 Y100.182 E0.09665
G0 F18000 X87.436 Y100.281
G0 X89.87 Y104.576
G0 X90.32 Y105.179
G0 X91.354 Y105.694
G0 X91.502 Y104.992
G1 F8400 X91.448 Y104.981 E0.00091
G1 X90.783 Y104.706 E0.01194
G1 X90.657 Y104.534 E0.00354
G1 X90.778 Y104.339 E0.00381
G1 X90.867 Y104.302 E0.0016
G0 F18000 X90.593 Y103.636
G0 X87.436 Y100.281
G0 X86.747 Y100.182
G1 F8400 X86.747 Y100.72 E0.00892
G1 X106.435 Y120.408 E0.46187
G1 X105.898 Y120.408 E0.00891
G1 X86.747 Y101.257 E0.44928
G1 X86.747 Y101.794 E0.00891
G1 X105.36 Y120.408 E0.43667
G1 X104.823 Y120.408 E0.00891
G0 F18000 X104.823 Y119.689
G0 X99.912 Y114.091
G0 X98.928 Y113.643
G0 X98.78 Y114.345
G1 F8400 X98.834 Y114.357 E0.00092
G1 X99.499 Y114.631 E0.01193
G1 X99.625 Y114.802 E0.00352
G1 X99.504 Y114.998 E0.00382
G1 X99.44 Y115.025 E0.00115
G0 F18000 X98.76 Y114.345
G1 F8400 X86.747 Y102.332 E0.28182
G0 F18000 X87.466 Y102.332
G0 X99.027 Y113.724
G0 X99.912 Y114.091
G0 X104.823 Y119.689
G0 X104.823 Y120.408
G1 F8400 X99.44 Y115.025 E0.12628
G0 F18000 X99.714 Y115.691
G0 X99.955 Y115.524
G0 X100.412 Y114.761
G0 X99.912 Y114.091
G0 X99.051 Y113.763
G0 X87.466 Y102.332
G0 X86.747 Y102.332
G1 F8400 X86.747 Y102.869 E0.00891
G0 F18000 X87.466 Y102.869
G0 X99.912 Y114.091
G0 X100.412 Y114.761
G0 X100.001 Y115.448
G0 X99.714 Y115.691
G0 X99.44 Y115.025
G1 F8400 X99.06 Y115.182 E0.00682
G1 X104.286 Y120.408 E0.1226
G0 F18000 X104.286 Y119.689
G0 X99.912 Y114.091
G0 X87.466 Y102.869
G0 X86.747 Y102.869
G1 F8400 X98.223 Y114.345 E0.26922
G0 F18000 X98.223 Y113.626
G0 X99.027 Y113.724
G0 X99.912 Y114.091
G0 X104.286 Y119.689
G0 X104.286 Y120.408
G1 F8400 X103.748 Y120.408 E0.00892
G1 X98.627 Y115.287 E0.12014
G1 X98.09 Y115.287 E0.00891
G1 X103.211 Y120.408 E0.12014
G1 X102.673 Y120.408 E0.00892
G1 X97.552 Y115.287 E0.12014
G0 F18000 X97.552 Y116.006
G0 X96.314 Y115.541
G0 X95.814 Y114.871
G0 X96.271 Y114.108
G0 X97.266 Y113.729
G0 X98.223 Y113.626
G0 X98.223 Y114.345
G1 F8400 X97.685 Y114.345 E0.00892
G1 X86.747 Y103.407 E0.2566
G1 X86.747 Y103.944 E0.00891
G1 X97.227 Y114.424 E0.24586
G1 X96.847 Y114.582 E0.00683
G1 X86.747 Y104.481 E0.23695
G1 X86.747 Y105.019 E0.00892
G0 F18000 X87.466 Y105.019
G0 X96.314 Y115.541
G0 X97.552 Y116.006
G0 X97.552 Y115.287
G1 F8400 X97.446 Y115.287 E0.00176
G1 X97.392 Y115.275 E0.00092
G1 X96.732 Y115.003 E0.01184
G1 X102.136 Y120.408 E0.12679
G0 F18000 X102.136 Y119.689
G0 X96.147 Y115.423
G0 X96.719 Y114.991
G1 F8400 X86.747 Y105.019 E0.23394
G0 F18000 X87.466 Y105.019
G0 X96.314 Y115.541
G0 X102.136 Y119.689
G0 X102.136 Y120.408
G1 F8400 X101.599 Y120.408 E0.00891
G1 X86.747 Y105.556 E0.34842
G1 X86.747 Y106.094 E0.00892
G1 X101.061 Y120.408 E0.3358
G1 X100.524 Y120.408 E0.00891
G1 X86.747 Y106.631 E0.3232
G1 X86.747 Y107.168 E0.00891
G1 X99.986 Y120.408 E0.31059
G1 X99.449 Y120.408 E0.00891
G1 X86.747 Y107.706 E0.29798
G1 X86.747 Y108.243 E0.00891
G1 X98.912 Y120.408 E0.28539
G1 X98.374 Y120.408 E0.00892
G1 X86.747 Y108.781 E0.27277
G1 X86.747 Y109.318 E0.00891
G1 X97.837 Y120.408 E0.26017
G1 X97.299 Y120.408 E0.00892
G1 X86.747 Y109.855 E0.24756
G1 X86.747 Y110.393 E0.00892
G1 X96.762 Y120.408 E0.23495
G1 X96.225 Y120.408 E0.00891
G1 X86.747 Y110.93 E0.22235
G1 X86.747 Y111.468 E0.00892
G1 X95.687 Y120.408 E0.20973
G1 X95.15 Y120.408 E0.00891
G1 X86.747 Y112.005 E0.19713
G1 X86.747 Y112.542 E0.00891
G1 X94.612 Y120.408 E0.18452
G1 X94.075 Y120.408 E0.00891
G1 X86.747 Y113.08 E0.17191
G1 X86.747 Y113.617 E0.00891
G1 X93.537 Y120.408 E0.1593
G1 X93 Y120.408 E0.00891
G0 F18000 X93 Y119.689
G0 X88.183 Y114.198
G0 X87.612 Y114.63
G1 F8400 X87.738 Y114.803 E0.00355
G1 X87.617 Y114.997 E0.00379
G1 X87.599 Y115.006 E0.00033
G0 F18000 X86.951 Y114.358
G1 F8400 X86.747 Y114.155 E0.00477
G0 F18000 X87.449 Y113.805
G0 X87.967 Y114.062
G0 X93 Y119.689
G0 X93 Y120.408
G1 F8400 X87.599 Y115.006 E0.12672
G1 X87.219 Y115.164 E0.00683
G1 X92.463 Y120.408 E0.12302
G1 X91.925 Y120.408 E0.00892
G1 X86.805 Y115.287 E0.12013
G1 X86.747 Y115.287 E0.00096
G1 X86.747 Y115.767 E0.00796
G1 X91.388 Y120.408 E0.10888
G1 X90.85 Y120.408 E0.00892
G1 X86.747 Y116.304 E0.09627
G1 X86.747 Y116.842 E0.00892
G1 X90.313 Y120.408 E0.08366
G1 X89.776 Y120.408 E0.00891
G1 X86.747 Y117.379 E0.07106
G1 X86.747 Y117.916 E0.00891
G1 X89.238 Y120.408 E0.05845
G1 X88.701 Y120.408 E0.00891
G1 X86.747 Y118.454 E0.04584
G1 X86.747 Y118.991 E0.00891
G1 X88.163 Y120.408 E0.03323
G1 X87.626 Y120.408 E0.00891
G1 X86.747 Y119.529 E0.02062
G1 X86.747 Y120.066 E0.00891
G1 X87.089 Y120.408 E0.00802
G1 X86.747 Y120.408 E0.00567
G0 F18000 X87.036 Y120.119
G0 X88.042 Y114.785
G0 X87.449 Y113.805
G0 X86.747 Y114.346
G1 F8400 X86.894 Y114.345 E0.00244
G1 X86.951 Y114.358 E0.00097
G0 F18000 X87.746 Y113.649
G1 F1800 E-3.5
;MESH:Full_Asse_Dielectric_Part.STL
G0 F18000 X116.74 Y105.229
G0 X133.014 Y99.881
G0 X134.464 Y99.881
G0 X140.536 Y99.881
G0 X188.253 Y99.592
G1 F1800 E3.52079
G1 F8400 X187.726 Y99.592 E0.00874
G1 X188.253 Y100.119 E0.01236
G1 X188.253 Y100.657 E0.00892
G1 X187.188 Y99.592 E0.02498
G1 X186.651 Y99.592 E0.00891
G1 X188.253 Y101.194 E0.03758
G1 X188.253 Y101.731 E0.00891
G1 X186.113 Y99.592 E0.05019
G1 X185.576 Y99.592 E0.00891
G1 X188.253 Y102.269 E0.0628
G1 X188.253 Y102.806 E0.00891
G1 X185.039 Y99.592 E0.0754
G1 X184.501 Y99.592 E0.00892
G1 X188.253 Y103.344 E0.08802
G1 X188.253 Y103.881 E0.00891
G1 X183.964 Y99.592 E0.10062
G1 X183.426 Y99.592 E0.00892
G1 X188.253 Y104.418 E0.11323
G1 X188.253 Y104.956 E0.00892
G1 X182.889 Y99.592 E0.12584
G1 X182.352 Y99.592 E0.00891
G1 X188.253 Y105.493 E0.13844
G1 X188.253 Y106.031 E0.00892
G1 X181.814 Y99.592 E0.15106
G1 X181.277 Y99.592 E0.00891
G1 X188.253 Y106.568 E0.16365
G1 X188.253 Y107.105 E0.00891
G1 X180.739 Y99.592 E0.17626
G1 X180.202 Y99.592 E0.00891
G1 X188.253 Y107.643 E0.18887
G1 X188.253 Y108.18 E0.00891
G1 X179.665 Y99.592 E0.20147
G1 X179.127 Y99.592 E0.00892
G1 X183.629 Y104.093 E0.1056
G1 X183.552 Y104.062 E0.00138
G1 X183.498 Y104.05 E0.00092
G1 X183.048 Y104.05 E0.00746
G1 X178.59 Y99.592 E0.10458
G1 X178.052 Y99.592 E0.00892
G1 X182.511 Y104.05 E0.10459
G1 X182.164 Y104.05 E0.00576
G1 X182.11 Y104.062 E0.00092
G1 X182.021 Y104.098 E0.00159
G1 X177.515 Y99.592 E0.10571
G1 X176.978 Y99.592 E0.00891
G1 X181.641 Y104.255 E0.10939
G0 F18000 X181.368 Y103.59
G0 X182.095 Y103.392
G0 X183.745 Y103.429
G0 X184.789 Y103.904
G0 X184.217 Y104.336
G1 F8400 X184.343 Y104.508 E0.00354
G1 X184.228 Y104.693 E0.00361
G1 X188.253 Y108.718 E0.09443
G1 X188.253 Y109.255 E0.00891
G1 X183.854 Y104.856 E0.1032
G1 X183.552 Y104.98 E0.00542
G1 X183.498 Y104.992 E0.00092
G1 X183.452 Y104.992 E0.00076
G1 X188.253 Y109.792 E0.11262
G1 X188.253 Y110.33 E0.00892
G1 X182.915 Y104.992 E0.12523
G1 X182.378 Y104.992 E0.00891
G1 X188.253 Y110.867 E0.13783
G1 X188.253 Y111.405 E0.00892
G0 F18000 X187.534 Y111.405
G0 X181.032 Y105.246
G0 X180.532 Y104.576
G0 X180.943 Y103.889
G0 X181.368 Y103.59
G0 X181.641 Y104.255
G1 F8400 X181.44 Y104.339 E0.00361
G1 X181.344 Y104.496 E0.00305
G0 F18000 X181.631 Y104.783
G1 F8400 X188.253 Y111.405 E0.15535
G0 F18000 X187.534 Y111.405
G0 X181.032 Y105.246
G0 X180.532 Y104.576
G0 X180.729 Y104.123
G0 X181.344 Y104.496
G1 F8400 X176.44 Y99.592 E0.11505
G1 X175.903 Y99.592 E0.00891
G1 X188.253 Y111.942 E0.28973
G1 X188.253 Y112.479 E0.00891
G1 X175.365 Y99.592 E0.30234
G1 X174.828 Y99.592 E0.00891
G1 X188.253 Y113.017 E0.31495
G1 X188.253 Y113.554 E0.00891
G1 X174.291 Y99.592 E0.32754
G1 X173.753 Y99.592 E0.00892
G1 X188.253 Y114.092 E0.34017
G1 X188.253 Y114.345 E0.0042
G1 X188.107 Y114.345 E0.00242
G1 X188.053 Y114.357 E0.00092
G1 X188.001 Y114.377 E0.00092
G1 X173.216 Y99.592 E0.34685
G1 X172.678 Y99.592 E0.00892
G1 X187.622 Y114.535 E0.35057
G1 X187.383 Y114.634 E0.00429
G1 X187.307 Y114.758 E0.00241
G0 F18000 X186.692 Y114.385
G0 X186.475 Y114.871
G0 X186.925 Y115.474
G0 X187.551 Y115.827
G0 X188.253 Y115.287
G1 F8400 X188.107 Y115.287 E0.00242
G1 X188.053 Y115.275 E0.00092
G1 X187.664 Y115.115 E0.00698
G1 X188.253 Y115.704 E0.01382
G0 F18000 X187.551 Y115.827
G0 X186.975 Y115.541
G0 X186.475 Y114.871
G0 X186.692 Y114.385
G0 X187.307 Y114.758
G1 F8400 X172.141 Y99.592 E0.35579
G0 F18000 X172.141 Y100.311
G0 X186.692 Y114.385
G0 X187.307 Y114.758
G1 F8400 X187.262 Y114.829 E0.00139
G1 X187.388 Y115.001 E0.00354
G0 F18000 X186.816 Y115.433
G0 X172.141 Y100.311
G0 X172.141 Y99.592
G1 F8400 X171.604 Y99.592 E0.00891
G1 X188.253 Y116.241 E0.39058
G1 X188.253 Y116.779 E0.00892
G1 X171.066 Y99.592 E0.4032
G1 X170.529 Y99.592 E0.00891
G1 X188.253 Y117.316 E0.4158
G1 X188.253 Y117.853 E0.00891
G1 X169.991 Y99.592 E0.42841
G1 X169.454 Y99.592 E0.00891
G1 X188.253 Y118.391 E0.44102
G1 X188.253 Y118.928 E0.00891
G1 X168.916 Y99.592 E0.45363
G1 X168.379 Y99.592 E0.00891
G1 X188.253 Y119.466 E0.46624
G1 X188.253 Y120.003 E0.00891
G1 X167.842 Y99.592 E0.47884
G1 X167.304 Y99.592 E0.00892
G1 X171.85 Y104.138 E0.10665
G1 X171.665 Y104.061 E0.00332
G1 X171.611 Y104.05 E0.00091
G1 X171.224 Y104.049 E0.00642
G1 X166.767 Y99.592 E0.10456
G1 X166.229 Y99.592 E0.00892
G1 X170.687 Y104.049 E0.10457
G1 X170.277 Y104.049 E0.0068
G1 X170.223 Y104.062 E0.00092
G1 X170.18 Y104.08 E0.00077
G1 X165.692 Y99.592 E0.10529
G1 X165.155 Y99.592 E0.00891
G1 X169.799 Y104.236 E0.10895
G0 F18000 X169.526 Y103.571
G0 X170.208 Y103.392
G0 X171.858 Y103.429
G0 X172.902 Y103.904
G0 X172.33 Y104.336
G1 F8400 X172.456 Y104.508 E0.00354
G1 X172.365 Y104.653 E0.00284
G1 X188.12 Y120.408 E0.36961
G1 X187.583 Y120.408 E0.00891
G1 X172.012 Y104.837 E0.36529
G1 X171.665 Y104.981 E0.00623
G1 X171.627 Y104.989 E0.00064
G1 X187.045 Y120.408 E0.36171
G1 X186.508 Y120.408 E0.00891
G1 X171.093 Y104.993 E0.36163
G1 X170.556 Y104.993 E0.00891
G1 X185.97 Y120.408 E0.36162
G1 X185.433 Y120.408 E0.00891
G0 F18000 X185.433 Y119.689
G0 X169.144 Y105.246
G0 X168.644 Y104.576
G0 X169.057 Y103.889
G0 X169.526 Y103.571
G0 X169.799 Y104.236
G1 F8400 X169.552 Y104.339 E0.00444
G1 X169.481 Y104.455 E0.00226
G1 X164.617 Y99.592 E0.1141
G0 F18000 X164.617 Y100.311
G0 X168.867 Y104.081
G0 X169.481 Y104.455
G1 F8400 X169.431 Y104.534 E0.00155
G1 X169.557 Y104.706 E0.00354
G0 F18000 X169.853 Y104.828
G1 F8400 X185.433 Y120.408 E0.3655
G0 F18000 X185.433 Y119.689
G0 X169.144 Y105.246
G0 X164.617 Y100.311
G0 X164.617 Y99.592
G1 F8400 X164.08 Y99.592 E0.00891
G1 X184.896 Y120.408 E0.48834
G1 X184.358 Y120.408 E0.00892
G1 X163.542 Y99.592 E0.48834
G1 X163.005 Y99.592 E0.00891
G0 F18000 X163.005 Y100.311
G0 X178.844 Y114.198
G0 X178.273 Y114.63
G1 F8400 X178.399 Y114.803 E0.00355
G1 X178.329 Y114.915 E0.00219
G1 X183.821 Y120.408 E0.12885
G0 F18000 X183.821 Y119.689
G0 X178.686 Y114.091
G0 X163.005 Y100.311
G0 X163.005 Y99.592
G1 F8400 X177.883 Y114.47 E0.34903
G1 X177.608 Y114.357 E0.00493
G1 X177.555 Y114.345 E0.0009
G1 X177.221 Y114.345 E0.00554
G0 F18000 X177.221 Y113.626
G0 X177.801 Y113.724
G0 X178.686 Y114.091
G0 X183.821 Y119.689
G0 X183.821 Y120.408
G1 F8400 X183.283 Y120.408 E0.00892
G1 X177.992 Y115.116 E0.12414
G0 F18000 X178.266 Y115.782
G0 X178.729 Y115.524
G0 X179.186 Y114.761
G0 X178.686 Y114.091
G0 X177.825 Y113.763
G0 X177.221 Y113.626
G0 X177.221 Y114.345
G1 F8400 X162.468 Y99.592 E0.3461
G1 X161.93 Y99.592 E0.00892
G1 X176.683 Y114.345 E0.3461
G1 X176.219 Y114.345 E0.0077
G1 X176.16 Y114.359 E0.00101
G1 X161.393 Y99.592 E0.34643
G1 X160.855 Y99.592 E0.00892
G1 X175.78 Y114.516 E0.35012
G0 F18000 X175.507 Y113.851
G0 X175.045 Y114.108
G0 X174.588 Y114.871
G0 X175.088 Y115.541
G0 X176.151 Y115.945
G0 X177.636 Y115.912
G0 X178.266 Y115.782
G0 X177.992 Y115.116
G1 F8400 X177.612 Y115.274 E0.00683
G1 X182.746 Y120.408 E0.12044
G1 X182.209 Y120.408 E0.00891
G1 X177.089 Y115.287 E0.12013
G1 X176.551 Y115.287 E0.00892
G1 X181.671 Y120.408 E0.12013
G1 X181.134 Y120.408 E0.00891
G0 F18000 X181.134 Y119.689
G0 X175.088 Y115.541
G0 X174.588 Y114.871
G0 X174.999 Y114.184
G0 X175.507 Y113.851
G0 X175.78 Y114.516
G1 F8400 X175.496 Y114.634 E0.0051
G1 X175.445 Y114.718 E0.00163
G1 X160.318 Y99.592 E0.35486
G0 F18000 X160.318 Y100.311
G0 X174.83 Y114.344
G0 X175.445 Y114.718
G1 F8400 X175.375 Y114.829 E0.00218
G1 X175.501 Y115.001 E0.00354
G0 F18000 X175.886 Y115.16
G1 F8400 X181.134 Y120.408 E0.12312
G0 F18000 X181.134 Y119.689
G0 X175.088 Y115.541
G0 X160.318 Y100.311
G0 X160.318 Y99.592
G1 F8400 X159.781 Y99.592 E0.00891
G1 X180.596 Y120.408 E0.48832
G1 X180.059 Y120.408 E0.00891
G1 X159.243 Y99.592 E0.48834
G1 X158.706 Y99.592 E0.00891
G1 X179.522 Y120.408 E0.48834
G1 X178.984 Y120.408 E0.00892
G1 X158.168 Y99.592 E0.48834
G1 X157.631 Y99.592 E0.00891
G1 X178.447 Y120.408 E0.48834
G1 X177.909 Y120.408 E0.00892
G1 X157.094 Y99.592 E0.48832
G1 X156.556 Y99.592 E0.00892
G1 X177.372 Y120.408 E0.48834
G1 X176.835 Y120.408 E0.00891
G1 X156.019 Y99.592 E0.48834
G1 X155.481 Y99.592 E0.00892
G0 F18000 X155.481 Y100.311
G0 X161.015 Y103.904
G0 X160.443 Y104.336
G1 F8400 X160.569 Y104.508 E0.00354
G1 X160.503 Y104.614 E0.00207
G0 F18000 X161.117 Y104.988
G0 X161.356 Y104.466
G0 X160.906 Y103.863
G0 X155.481 Y100.311
G0 X155.481 Y99.592
G1 F8400 X160.073 Y104.184 E0.10773
G0 F18000 X160.503 Y104.614
G1 F8400 X176.297 Y120.408 E0.37052
G1 X175.76 Y120.408 E0.00891
G1 X160.17 Y104.818 E0.36574
G0 F18000 X160.073 Y104.184
G1 F8400 X159.776 Y104.062 E0.00533
G1 X159.723 Y104.05 E0.0009
G1 X159.402 Y104.05 E0.00532
G1 X154.944 Y99.592 E0.10458
G1 X154.407 Y99.592 E0.00891
G1 X158.865 Y104.05 E0.10458
G1 X158.388 Y104.05 E0.00791
G1 X158.338 Y104.061 E0.00085
G1 X153.869 Y99.592 E0.10484
G1 X153.332 Y99.592 E0.00891
G0 F18000 X153.332 Y100.311
G0 X160.856 Y103.796
G0 X161.356 Y104.466
G0 X160.943 Y105.153
G0 X160.443 Y105.483
G0 X160.17 Y104.818
G1 F8400 X159.79 Y104.975 E0.00682
G1 X175.222 Y120.408 E0.36204
G1 X174.685 Y120.408 E0.00891
G1 X159.269 Y104.992 E0.36165
G1 X158.732 Y104.992 E0.00891
G1 X174.148 Y120.408 E0.36165
G1 X173.61 Y120.408 E0.00892
G0 F18000 X173.61 Y119.689
G0 X157.257 Y105.246
G0 X153.332 Y100.311
G0 X153.332 Y99.592
G1 F8400 X157.958 Y104.218 E0.10852
G1 X157.665 Y104.339 E0.00526
G1 X157.618 Y104.416 E0.0015
G0 F18000 X158.077 Y104.874
G1 F8400 X173.61 Y120.408 E0.36441
G0 F18000 X173.61 Y119.689
G0 X157.257 Y105.246
G0 X156.757 Y104.576
G0 X157.003 Y104.042
G0 X157.618 Y104.416
G1 F8400 X152.794 Y99.592 E0.11317
G0 F18000 X152.794 Y100.311
G0 X157.098 Y105.138
G0 X157.67 Y104.706
G1 F8400 X157.544 Y104.534 E0.00354
G1 X157.618 Y104.416 E0.00231
G0 F18000 X157.003 Y104.042
G0 X152.794 Y100.311
G0 X152.794 Y99.592
G1 F8400 X152.257 Y99.592 E0.00891
G1 X173.073 Y120.408 E0.48834
G1 X172.535 Y120.408 E0.00892
G1 X151.72 Y99.592 E0.48832
G1 X151.182 Y99.592 E0.00892
G0 F18000 X151.182 Y100.311
G0 X166.958 Y114.199
G0 X166.386 Y114.631
G1 F8400 X166.512 Y114.803 E0.00354
G1 X166.466 Y114.876 E0.00143
G0 F18000 X167.08 Y115.249
G0 X167.299 Y114.761
G0 X166.894 Y114.218
G0 X151.182 Y100.311
G0 X151.182 Y99.592
G1 F8400 X166.106 Y114.515 E0.3501
G1 X165.721 Y114.357 E0.0069
G1 X165.667 Y114.345 E0.00092
G1 X165.398 Y114.345 E0.00446
G0 F18000 X165.398 Y113.626
G0 X165.914 Y113.724
G0 X166.799 Y114.091
G0 X167.299 Y114.761
G0 X167.08 Y115.249
G0 X166.466 Y114.876
G1 F8400 X171.998 Y120.408 E0.12978
G1 X171.461 Y120.408 E0.00891
G1 X166.151 Y115.098 E0.12457
G0 F18000 X166.424 Y115.763
G0 X166.842 Y115.524
G0 X167.299 Y114.761
G0 X166.799 Y114.091
G0 X165.938 Y113.763
G0 X165.398 Y113.626
G0 X165.398 Y114.345
G1 F8400 X150.645 Y99.592 E0.3461
G1 X150.107 Y99.592 E0.00892
G1 X164.861 Y114.345 E0.34611
G1 X164.325 Y114.346 E0.00889
G1 X149.57 Y99.592 E0.34614
G1 X149.033 Y99.592 E0.00891
G1 X163.938 Y114.498 E0.34968
G0 F18000 X163.664 Y113.832
G0 X164.264 Y113.687
G0 X165.914 Y113.724
G0 X166.799 Y114.091
G0 X167.299 Y114.761
G0 X166.888 Y115.448
G0 X166.424 Y115.763
G0 X166.151 Y115.098
G1 F8400 X165.771 Y115.255 E0.00682
G1 X170.923 Y120.408 E0.12088
G1 X170.386 Y120.408 E0.00891
G1 X165.265 Y115.287 E0.12014
G1 X164.728 Y115.287 E0.00891
G1 X169.848 Y120.408 E0.12013
G1 X169.311 Y120.408 E0.00891
G0 F18000 X169.311 Y119.689
G0 X163.201 Y115.541
G0 X162.701 Y114.871
G0 X163.158 Y114.108
G0 X163.664 Y113.832
G0 X163.938 Y114.498
G1 F8400 X163.61 Y114.634 E0.00589
G1 X163.582 Y114.679 E0.00088
G0 F18000 X164.109 Y115.205
G1 F8400 X169.311 Y120.408 E0.12205
G0 F18000 X169.311 Y119.689
G0 X163.201 Y115.541
G0 X162.701 Y114.871
G0 X162.967 Y114.305
G0 X163.582 Y114.679
G1 F8400 X148.495 Y99.592 E0.35394
G0 F18000 X148.495 Y100.311
G0 X162.967 Y114.305
G0 X163.582 Y114.679
G1 F8400 X163.488 Y114.829 E0.00294
G1 X163.615 Y115.001 E0.00355
G0 F18000 X163.043 Y115.433
G0 X148.495 Y100.311
G0 X148.495 Y99.592
G1 F8400 X147.958 Y99.592 E0.00891
G1 X168.774 Y120.408 E0.48834
G1 X168.236 Y120.408 E0.00892
G1 X147.42 Y99.592 E0.48834
G1 X146.883 Y99.592 E0.00891
G1 X167.699 Y120.408 E0.48834
G1 X167.161 Y120.408 E0.00892
G1 X146.346 Y99.592 E0.48832
G1 X145.808 Y99.592 E0.00892
G1 X166.624 Y120.408 E0.48834
G1 X166.087 Y120.408 E0.00891
G1 X145.271 Y99.592 E0.48834
G1 X144.733 Y99.592 E0.00892
G1 X165.549 Y120.408 E0.48834
G1 X165.012 Y120.408 E0.00891
G1 X144.196 Y99.592 E0.48834
G1 X143.659 Y99.592 E0.00891
G0 F18000 X143.659 Y100.311
G0 X149.127 Y103.904
G0 X148.555 Y104.336
G1 F8400 X148.681 Y104.508 E0.00354
G1 X148.64 Y104.573 E0.00127
G0 F18000 X149.254 Y104.946
G0 X149.468 Y104.466
G0 X149.018 Y103.863
G0 X143.659 Y100.311
G0 X143.659 Y99.592
G1 F8400 X148.296 Y104.229 E0.10878
G0 F18000 X148.64 Y104.573
G1 F8400 X164.474 Y120.408 E0.37147
G0 F18000 X164.474 Y119.689
G0 X148.968 Y103.796
G0 X148.571 Y103.565
G0 X148.296 Y104.229
G1 F8400 X147.89 Y104.062 E0.00728
G1 X147.836 Y104.05 E0.00092
G1 X147.58 Y104.05 E0.00425
G0 F18000 X147.58 Y103.331
G0 X148.083 Y103.429
G0 X148.879 Y103.759
G0 X164.474 Y119.689
G0 X164.474 Y120.408
G1 F8400 X163.937 Y120.408 E0.00891
G1 X148.328 Y104.799 E0.36618
G0 F18000 X148.602 Y105.465
G0 X149.011 Y105.229
G0 X149.468 Y104.466
G0 X148.968 Y103.796
G0 X148.107 Y103.468
G0 X147.58 Y103.331
G0 X147.58 Y104.05
G1 F8400 X143.121 Y99.592 E0.10459
G1 X142.584 Y99.592 E0.00891
G1 X147.042 Y104.05 E0.10458
G1 X146.505 Y104.05 E0.00891
G1 X142.046 Y99.592 E0.10459
G1 X141.747 Y99.592 E0.00496
G1 X141.747 Y99.829 E0.00393
G1 X146.116 Y104.199 E0.10251
G0 F18000 X145.843 Y103.533
G0 X146.433 Y103.392
G0 X148.083 Y103.429
G0 X148.968 Y103.796
G0 X149.468 Y104.466
G0 X149.057 Y105.153
G0 X148.602 Y105.465
G0 X148.328 Y104.799
G1 F8400 X147.949 Y104.957 E0.00681
G1 X163.4 Y120.408 E0.36248
G1 X162.862 Y120.408 E0.00892
G1 X147.447 Y104.992 E0.36164
G1 X146.909 Y104.992 E0.00892
G1 X162.325 Y120.408 E0.36165
G1 X161.787 Y120.408 E0.00892
G0 F18000 X161.787 Y119.689
G0 X145.37 Y105.246
G0 X144.87 Y104.576
G0 X145.327 Y103.813
G0 X145.843 Y103.533
G0 X146.116 Y104.199
G1 F8400 X145.778 Y104.339 E0.00607
G1 X145.755 Y104.375 E0.00071
G1 X141.747 Y100.367 E0.09403
G0 F18000 X142.466 Y100.367
G0 X144.87 Y104.576
G0 X145.32 Y105.179
G0 X146.023 Y105.582
G0 X146.298 Y104.918
G1 F8400 X161.787 Y120.408 E0.36338
G0 F18000 X161.787 Y119.689
G0 X145.211 Y105.138
G0 X145.783 Y104.706
G1 F8400 X145.657 Y104.534 E0.00354
G1 X145.755 Y104.375 E0.0031
G0 F18000 X145.141 Y104.002
G0 X142.466 Y100.367
G0 X141.747 Y100.367
G1 F8400 X141.747 Y100.904 E0.00891
G1 X161.25 Y120.408 E0.45755
G1 X160.713 Y120.408 E0.00891
G1 X141.747 Y101.442 E0.44494
G1 X141.747 Y101.979 E0.00891
G1 X154.328 Y114.56 E0.29515
G0 F18000 X154.604 Y114.836
G1 F8400 X160.175 Y120.408 E0.13071
G0 F18000 X160.175 Y119.689
G0 X154.912 Y114.091
G0 X154.603 Y113.897
G0 X154.328 Y114.56
G1 F8400 X153.834 Y114.358 E0.00885
G1 X153.78 Y114.345 E0.00092
G1 X153.575 Y114.345 E0.0034
G0 F18000 X153.575 Y113.626
G0 X154.027 Y113.724
G0 X154.912 Y114.091
G0 X160.175 Y119.689
G0 X160.175 Y120.408
G1 F8400 X159.638 Y120.408 E0.00891
G0 F18000 X159.638 Y119.689
G0 X154.912 Y114.091
G0 X154.051 Y113.763
G0 X153.575 Y113.626
G0 X153.575 Y114.345
G1 F8400 X141.747 Y102.516 E0.27749
G1 X141.747 Y103.054 E0.00892
G1 X153.038 Y114.345 E0.26488
G1 X152.5 Y114.345 E0.00892
G1 X141.747 Y103.591 E0.25227
G1 X141.747 Y104.129 E0.00892
G0 F18000 X142.466 Y104.129
G0 X154.912 Y114.091
G0 X159.638 Y119.689
G0 X159.638 Y120.408
G1 F8400 X154.31 Y115.08 E0.12499
G1 X153.929 Y115.236 E0.00683
G1 X159.1 Y120.408 E0.12132
G1 X158.563 Y120.408 E0.00891
G1 X153.443 Y115.287 E0.12013
G1 X152.905 Y115.287 E0.00892
G1 X158.026 Y120.408 E0.12014
G1 X157.488 Y120.408 E0.00892
G0 F18000 X157.488 Y119.689
G0 X151.314 Y115.541
G0 X142.466 Y104.129
G0 X141.747 Y104.129
G1 F8400 X152.097 Y114.478 E0.2428
G1 X151.722 Y114.634 E0.00674
G1 X151.72 Y114.639 E0.00009
G1 X141.747 Y104.666 E0.23396
G0 F18000 X142.466 Y104.666
G0 X151.314 Y115.541
G0 X152.055 Y115.913
G0 X152.33 Y115.249
G1 F8400 X157.488 Y120.408 E0.12102
G0 F18000 X157.488 Y119.689
G0 X151.155 Y115.433
G0 X151.727 Y115.001
G1 F8400 X151.601 Y114.828 E0.00355
G1 X151.72 Y114.639 E0.0037
G0 F18000 X151.104 Y114.265
G0 X142.466 Y104.666
G0 X141.747 Y104.666
G1 F8400 X141.747 Y105.203 E0.00891
G1 X156.951 Y120.408 E0.35669
G1 X156.413 Y120.408 E0.00892
G1 X141.747 Y105.741 E0.34407
G1 X141.747 Y106.278 E0.00891
G1 X155.876 Y120.408 E0.33147
G1 X155.339 Y120.408 E0.00891
G1 X141.747 Y106.816 E0.31886
G1 X141.747 Y107.353 E0.00891
G1 X154.801 Y120.408 E0.30625
G1 X154.264 Y120.408 E0.00891
G1 X141.747 Y107.89 E0.29366
G1 X141.747 Y108.428 E0.00892
G1 X153.726 Y120.408 E0.28104
G1 X153.189 Y120.408 E0.00891
G1 X141.747 Y108.965 E0.26844
G1 X141.747 Y109.503 E0.00892
G1 X152.652 Y120.408 E0.25583
G1 X152.114 Y120.408 E0.00892
G1 X141.747 Y110.04 E0.24322
G1 X141.747 Y110.577 E0.00891
G1 X151.577 Y120.408 E0.23062
G1 X151.039 Y120.408 E0.00892
G1 X141.747 Y111.115 E0.218
G1 X141.747 Y111.652 E0.00891
G1 X150.502 Y120.408 E0.2054
G1 X149.965 Y120.408 E0.00891
G1 X141.747 Y112.19 E0.19279
G1 X141.747 Y112.727 E0.00891
G1 X149.427 Y120.408 E0.18018
G1 X148.89 Y120.408 E0.00891
G1 X141.747 Y113.264 E0.16758
G1 X141.747 Y113.802 E0.00892
G1 X142.549 Y114.604 E0.01881
G0 F18000 X142.711 Y114.766
G1 F8400 X148.352 Y120.408 E0.13235
G0 F18000 X148.352 Y119.689
G0 X144.037 Y115.155
G0 X142.823 Y113.941
G0 X142.549 Y114.604
G1 F8400 X141.947 Y114.357 E0.01079
G1 X141.893 Y114.346 E0.00091
G1 X141.752 Y114.345 E0.00234
G0 F18000 X142.449 Y113.805
G0 X142.967 Y114.062
G0 X148.352 Y119.689
G0 X148.352 Y120.408
G1 F8400 X147.815 Y120.408 E0.00891
G1 X142.467 Y115.06 E0.12546
G1 X142.087 Y115.217 E0.00682
G1 X147.278 Y120.408 E0.12178
G1 X146.74 Y120.408 E0.00892
G1 X141.747 Y115.414 E0.11715
G1 X141.747 Y115.951 E0.00891
G1 X146.203 Y120.408 E0.10455
G1 X145.665 Y120.408 E0.00892
G1 X141.747 Y116.489 E0.09193
G1 X141.747 Y117.026 E0.00891
G1 X145.128 Y120.408 E0.07933
G1 X144.591 Y120.408 E0.00891
G1 X141.747 Y117.564 E0.06672
G1 X141.747 Y118.101 E0.00891
G1 X144.053 Y120.408 E0.05411
G1 X143.516 Y120.408 E0.00891
G1 X141.747 Y118.638 E0.04151
G1 X141.747 Y119.176 E0.00892
G1 X142.978 Y120.408 E0.02889
G1 X142.441 Y120.408 E0.00891
G1 X141.747 Y119.713 E0.01629
G1 X141.747 Y120.251 E0.00892
G1 X141.904 Y120.408 E0.00368
G1 X141.747 Y120.408 E0.0026
G0 F18000 X142.634 Y119.409
G1 F1800 E-3.5
;MESH:NONMESH
G0 F1200 X142.634 Y119.409 Z0.8
G0 F18000 X141.981 Y115.508
G0 X140.536 Y115.508
G0 X134.452 Y98.393
G0 X81.378 Y67.702
G0 X80.791 Y66.352
G0 X78.53 Y66.024
G0 X78.52 Y65.702
;TIME_ELAPSED:395.592424
;LAYER:5
;TYPE:WALL-INNER
;MESH:01_Prime_Insulator.STL
G1 F1800 E3.52079
G1 F3000 X78.277 Y65.706 E0.00319
G1 X78.007 Y65.701 E0.00354
G1 X77.771 Y65.692 E0.0031
G1 X77.541 Y65.678 E0.00302
G1 X77.127 Y65.643 E0.00545
G1 X76.887 Y65.615 E0.00317
G1 X76.208 Y65.499 E0.00903
G1 X75.945 Y65.443 E0.00353
G1 X75.546 Y65.347 E0.00538
G1 X75.268 Y65.264 E0.0038
G1 X74.863 Y65.137 E0.00557
G1 X74.434 Y64.982 E0.00598
G1 X74.2 Y64.889 E0.0033
G1 X73.789 Y64.707 E0.00589
G1 X73.578 Y64.605 E0.00307
G1 X73.176 Y64.393 E0.00596
G1 X72.939 Y64.258 E0.00358
G1 X72.526 Y64.005 E0.00635
G1 X72.37 Y63.906 E0.00242
G1 X71.82 Y63.513 E0.00886
G1 X71.627 Y63.359 E0.00324
G1 X71.272 Y63.058 E0.0061
G1 X70.93 Y62.745 E0.00608
G1 X70.61 Y62.421 E0.00597
G1 X70.449 Y62.25 E0.00308
G1 X70.284 Y62.065 E0.00325
G1 X70.145 Y61.9 E0.00283
G1 X69.861 Y61.546 E0.00595
G1 X69.592 Y61.18 E0.00596
G1 X69.45 Y60.977 E0.00325
G1 X69.221 Y60.615 E0.00562
G1 X68.976 Y60.195 E0.00638
G1 X68.86 Y59.975 E0.00326
G1 X68.663 Y59.575 E0.00585
G1 X68.56 Y59.353 E0.00321
G1 X68.384 Y58.923 E0.00609
G1 X68.229 Y58.495 E0.00597
G1 X68.089 Y58.05 E0.00612
G1 X67.968 Y57.591 E0.00622
G1 X67.917 Y57.37 E0.00297
G1 X67.824 Y56.909 E0.00617
G1 X67.759 Y56.473 E0.00578
G1 X67.727 Y56.231 E0.0032
G1 X67.69 Y55.772 E0.00604
G1 X67.678 Y55.546 E0.00297
G1 X67.666 Y55.04 E0.00664
G1 X67.68 Y54.564 E0.00624
G1 X67.694 Y54.337 E0.00298
G1 X67.73 Y53.914 E0.00557
G1 X67.758 Y53.698 E0.00286
G1 X67.794 Y53.458 E0.00318
G1 X67.88 Y52.971 E0.00648
G1 X67.971 Y52.567 E0.00543
G1 X68.079 Y52.153 E0.00561
G1 X68.235 Y51.659 E0.00679
G1 X68.393 Y51.221 E0.00611
G1 X68.566 Y50.804 E0.00592
G1 X68.683 Y50.554 E0.00362
G1 X68.895 Y50.128 E0.00624
G1 X68.981 Y49.963 E0.00244
G1 X69.21 Y49.572 E0.00594
G1 X69.338 Y49.367 E0.00317
G1 X69.623 Y48.946 E0.00667
G1 X69.729 Y48.795 E0.00242
G1 X70.01 Y48.427 E0.00607
G1 X70.176 Y48.229 E0.00339
G1 X70.33 Y48.052 E0.00308
G1 X70.463 Y47.907 E0.00258
G1 X70.79 Y47.563 E0.00622
G1 X71.152 Y47.219 E0.00655
G1 X71.292 Y47.096 E0.00244
G1 X71.641 Y46.802 E0.00598
G1 X72.006 Y46.52 E0.00605
G1 X72.204 Y46.377 E0.0032
G1 X72.592 Y46.12 E0.0061
G1 X72.991 Y45.879 E0.00611
G1 X73.399 Y45.656 E0.0061
G1 X73.79 Y45.464 E0.00571
G1 X74.221 Y45.274 E0.00618
G1 X74.66 Y45.1 E0.00619
G1 X75.099 Y44.954 E0.00607
G1 X75.538 Y44.826 E0.006
G1 X75.996 Y44.712 E0.00619
G1 X76.229 Y44.666 E0.00311
G1 X76.676 Y44.588 E0.00595
G1 X76.912 Y44.553 E0.00313
G1 X77.371 Y44.503 E0.00605
G1 X77.83 Y44.474 E0.00603
G1 X78.068 Y44.466 E0.00312
G1 X78.577 Y44.467 E0.00667
G1 X79.034 Y44.491 E0.006
G1 X79.283 Y44.509 E0.00327
G1 X79.679 Y44.556 E0.00523
G1 X80.144 Y44.627 E0.00617
G1 X80.592 Y44.714 E0.00598
G1 X81.094 Y44.839 E0.00678
G1 X81.512 Y44.963 E0.00572
G1 X81.92 Y45.105 E0.00566
G1 X82.136 Y45.186 E0.00302
G1 X82.732 Y45.436 E0.00847
G1 X83.196 Y45.664 E0.00678
G1 X83.609 Y45.893 E0.00619
G1 X83.99 Y46.124 E0.00584
G1 X84.2 Y46.26 E0.00328
G1 X84.581 Y46.528 E0.00611
G1 X84.952 Y46.815 E0.00615
G1 X85.461 Y47.249 E0.00877
G1 X85.805 Y47.582 E0.00628
G1 X85.974 Y47.755 E0.00317
G1 X86.12 Y47.91 E0.00279
G1 X86.278 Y48.088 E0.00312
G1 X86.431 Y48.269 E0.00311
G1 X86.718 Y48.625 E0.006
G1 X87.046 Y49.079 E0.00734
G1 X87.25 Y49.384 E0.00481
G1 X87.372 Y49.584 E0.00307
G1 X87.603 Y49.978 E0.00599
G1 X87.945 Y50.659 E0.00999
G1 X87.958 Y50.696 E0.00051
G1 X88.005 Y50.794 E0.00143
G1 X88.193 Y51.247 E0.00643
G1 X88.346 Y51.675 E0.00596
G1 X88.418 Y51.897 E0.00306
G1 X88.502 Y52.177 E0.00383
G1 X88.609 Y52.583 E0.00551
G1 X88.704 Y53.009 E0.00572
G1 X88.784 Y53.468 E0.00611
G1 X88.822 Y53.719 E0.00333
G1 X88.848 Y53.937 E0.00288
G1 X88.885 Y54.377 E0.00579
G1 X88.898 Y54.623 E0.00323
G1 X88.906 Y54.864 E0.00316
G1 X88.906 Y55.325 E0.00605
G1 X88.898 Y55.551 E0.00297
G1 X88.882 Y55.834 E0.00372
G1 X88.863 Y56.062 E0.003
G1 X88.818 Y56.472 E0.00541
G1 X88.748 Y56.938 E0.00618
G1 X88.645 Y57.432 E0.00662
G1 X88.55 Y57.823 E0.00528
G1 X88.47 Y58.098 E0.00376
G1 X88.341 Y58.509 E0.00565
G1 X88.19 Y58.931 E0.00588
G1 X88.006 Y59.371 E0.00625
G1 X87.908 Y59.583 E0.00306
G1 X87.709 Y59.991 E0.00595
G1 X87.598 Y60.201 E0.00311
G1 X87.34 Y60.64 E0.00668
G1 X87.111 Y61 E0.00559
G1 X86.717 Y61.553 E0.0089
G1 X86.424 Y61.909 E0.00605
G1 X86.278 Y62.08 E0.00295
G1 X85.965 Y62.428 E0.00614
G1 X85.795 Y62.601 E0.00318
G1 X85.62 Y62.769 E0.00318
G1 X85.283 Y63.077 E0.00599
G1 X84.937 Y63.366 E0.00591
G1 X84.753 Y63.509 E0.00306
G1 X84.367 Y63.795 E0.0063
G1 X84.033 Y64.017 E0.00526
G1 X83.801 Y64.161 E0.00358
G1 X83.396 Y64.396 E0.00614
G1 X82.991 Y64.611 E0.00601
G1 X82.565 Y64.807 E0.00615
G1 X82.367 Y64.893 E0.00283
G1 X81.92 Y65.067 E0.00629
G1 X81.692 Y65.144 E0.00316
G1 X81.259 Y65.28 E0.00595
G1 X80.8 Y65.405 E0.00624
G1 X80.347 Y65.502 E0.00607
G1 X79.9 Y65.581 E0.00595
G1 X79.674 Y65.614 E0.00299
G1 X79.431 Y65.645 E0.00321
G1 X78.976 Y65.682 E0.00599
G1 X78.52 Y65.702 E0.00599
G0 F18000 X78.53 Y66.024
G0 X80.647 Y65.708
G0 X82.449 Y65.14
G0 X83.934 Y64.387
G0 X85.282 Y63.421
G0 X86.467 Y62.263
G0 X87.338 Y61.127
G0 X88.15 Y59.687
G0 X88.736 Y58.125
G0 X89.076 Y56.51
G0 X89.166 Y54.85
G0 X89.005 Y53.202
G0 X88.589 Y51.582
G0 X87.941 Y50.064
G0 X87.062 Y48.651
G0 X85.986 Y47.395
G0 X84.721 Y46.311
G0 X83.309 Y45.434
G0 X82.004 Y44.861
G0 X80.712 Y44.5
G0 X78.763 Y44.095
G1 F3000 X79.059 Y44.112 E0.00389
G1 F3015.9 X79.298 Y44.131 E0.00313
G1 F3040 X79.702 Y44.178 E0.00526
G1 F3023.9 X80.18 Y44.249 E0.00629
G1 F3015.9 X80.674 Y44.345 E0.00656
G1 X80.96 Y44.414 E0.00384
G1 F2992.1 X81.375 Y44.526 E0.00565
G1 F3007.9 X81.608 Y44.597 E0.00319
G1 X82.032 Y44.742 E0.00586
G1 F2992.1 X82.256 Y44.826 E0.00315
G1 F3015.9 X82.496 Y44.923 E0.00338
G1 F3031.9 X82.898 Y45.097 E0.00568
G1 F3015.9 X83.205 Y45.245 E0.00445
G1 F3023.9 X83.361 Y45.324 E0.00227
G1 F3040 X83.77 Y45.549 E0.00604
G1 F3007.9 X83.996 Y45.683 E0.00344
G1 F3000 X84.241 Y45.835 E0.00378
G1 F3031.9 X84.416 Y45.951 E0.00272
G1 F3023.9 X84.777 Y46.202 E0.00572
G1 F3015.9 X85.186 Y46.517 E0.00673
G1 X85.529 Y46.805 E0.00584
G1 F3007.9 X85.718 Y46.971 E0.00329
G1 X86.055 Y47.295 E0.00611
G1 F3000 X86.208 Y47.451 E0.00287
G1 X86.404 Y47.659 E0.00375
G1 F2992.1 X86.71 Y48.009 E0.00611
G1 F3000 X86.996 Y48.365 E0.00599
G1 X87.157 Y48.582 E0.00354
G1 F2976.5 X87.436 Y48.977 E0.00639
G1 F2984.3 X87.555 Y49.157 E0.00284
G1 F2992.1 X87.689 Y49.373 E0.00334
G1 F2976.5 X87.794 Y49.55 E0.00272
G1 F3000 X87.918 Y49.769 E0.0033
G1 X88.044 Y50.004 E0.0035
G1 F2984.3 X88.248 Y50.415 E0.00605
G1 F3015.9 X88.35 Y50.64 E0.00322
G1 X88.522 Y51.048 E0.00578
G1 F2992.1 X88.698 Y51.531 E0.00676
G1 F2976.5 X88.86 Y52.043 E0.0071
G1 X88.913 Y52.236 E0.00265
G1 X88.973 Y52.473 E0.00323
G1 F2984.3 X89.071 Y52.913 E0.00594
G1 F2992.1 X89.119 Y53.17 E0.00344
G1 F2984.3 X89.158 Y53.4 E0.00308
G1 F2992.1 X89.194 Y53.645 E0.00326
G1 F3000 X89.222 Y53.869 E0.00296
G1 X89.263 Y54.347 E0.00629
G1 F2984.3 X89.277 Y54.592 E0.00323
G1 X89.286 Y54.835 E0.00321
G1 F3000 X89.286 Y55.304 E0.00615
G1 F3007.9 X89.265 Y55.795 E0.00643
G1 X89.245 Y56.064 E0.00353
G1 X89.193 Y56.522 E0.00603
G1 X89.125 Y56.986 E0.00613
G1 F3000 X89.014 Y57.519 E0.00714
G1 F3015.9 X88.917 Y57.914 E0.00531
G1 F3007.9 X88.834 Y58.211 E0.00403
G1 F2992.1 X88.711 Y58.598 E0.00534
G1 F3015.9 X88.544 Y59.065 E0.00647
G1 F3023.9 X88.364 Y59.496 E0.00608
G1 F3007.9 X88.259 Y59.729 E0.00334
G1 X88.057 Y60.142 E0.00601
G1 X87.935 Y60.372 E0.0034
G1 F3000 X87.682 Y60.809 E0.00662
G1 F3007.9 X87.446 Y61.179 E0.00574
G1 F3015.9 X87.289 Y61.405 E0.00359
G1 F3023.9 X87.016 Y61.783 E0.00607
G1 F3007.9 X86.723 Y62.144 E0.00608
G1 F2992.1 X86.582 Y62.31 E0.00286
G1 F3015.9 X86.261 Y62.665 E0.00624
G1 F3031.9 X86.075 Y62.855 E0.00345
G1 F3015.9 X85.91 Y63.016 E0.00301
G1 F2992.1 X85.558 Y63.341 E0.0063
G1 X85.175 Y63.662 E0.00657
G1 X84.793 Y63.954 E0.00632
G1 F3007.9 X84.601 Y64.093 E0.0031
G1 F3023.9 X84.256 Y64.324 E0.0054
G1 F3000 X84.021 Y64.473 E0.00365
G1 X83.605 Y64.713 E0.0063
G1 F2992.1 X83.387 Y64.832 E0.00327
G1 F3007.9 X83.189 Y64.933 E0.00291
G1 F3023.9 X82.734 Y65.147 E0.00654
G1 F3000 X82.524 Y65.237 E0.003
G1 F3015.9 X82.062 Y65.417 E0.00647
G1 F2992.1 X81.614 Y65.568 E0.00622
G1 F2961 X81.364 Y65.647 E0.00348
G1 F2976.5 X81.155 Y65.705 E0.00287
G1 F2992.1 X80.914 Y65.767 E0.00327
G1 X80.669 Y65.823 E0.0033
G1 F2968.8 X80.191 Y65.918 E0.00646
G1 F2961 X79.981 Y65.953 E0.00283
G1 F2976.5 X79.737 Y65.989 E0.00326
G1 F3000 X79.506 Y66.018 E0.00305
G1 F3007.9 X79.021 Y66.059 E0.00637
G1 F2984.3 X78.776 Y66.073 E0.00323
G1 X78.543 Y66.082 E0.00307
G1 F3000 X78.271 Y66.086 E0.00357
G1 X78.051 Y66.083 E0.00289
G1 X77.58 Y66.061 E0.00618
G1 F3007.9 X77.115 Y66.022 E0.0061
G1 F3023.9 X76.851 Y65.991 E0.00346
G1 F3000 X76.322 Y65.907 E0.00702
G1 F2976.5 X76.131 Y65.871 E0.00257
G1 F3000 X75.919 Y65.826 E0.00284
G1 F3015.9 X75.425 Y65.706 E0.00663
G1 F3007.9 X75.207 Y65.643 E0.00297
G1 X74.748 Y65.498 E0.0063
G1 F3023.9 X74.323 Y65.344 E0.00588
G1 F3031.9 X74.105 Y65.259 E0.00304
G1 F3023.9 X73.651 Y65.059 E0.00645
G1 F3015.9 X73.402 Y64.94 E0.0036
G1 F3000 X73.155 Y64.813 E0.00364
G1 F2992.1 X72.798 Y64.616 E0.00536
G1 X72.324 Y64.327 E0.0073
G1 F3000 X72.197 Y64.245 E0.00198
G1 X71.929 Y64.06 E0.00427
G1 F3015.9 X71.611 Y63.826 E0.00515
G1 F3040 X71.408 Y63.668 E0.00333
G1 F3015.9 X71.042 Y63.361 E0.00623
G1 F3007.9 X70.696 Y63.045 E0.00613
G1 F3000 X70.509 Y62.86 E0.00345
G1 F2992.1 X70.187 Y62.526 E0.0061
G1 X70.032 Y62.354 E0.00304
G1 F2976.5 X69.88 Y62.177 E0.00308
G1 F2984.3 X69.581 Y61.805 E0.00629
G1 F2968.8 X69.415 Y61.587 E0.00363
G1 X69.137 Y61.192 E0.0064
G1 F2992.1 X69.014 Y60.999 E0.00301
G1 X68.766 Y60.592 E0.00627
G1 F3007.9 X68.659 Y60.403 E0.00284
G1 X68.533 Y60.168 E0.00349
G1 F2992.1 X68.326 Y59.751 E0.00612
G1 X68.224 Y59.53 E0.0032
G1 F3000 X68.042 Y59.09 E0.00624
G1 X67.873 Y58.626 E0.00648
G1 F2992.1 X67.732 Y58.179 E0.00616
G1 F2984.3 X67.658 Y57.915 E0.00361
G1 F2976.5 X67.55 Y57.474 E0.006
G1 F2992.1 X67.458 Y57.013 E0.00618
G1 F3000 X67.409 Y56.709 E0.00404
G1 F2992.1 X67.355 Y56.308 E0.00532
G1 F3000 X67.313 Y55.817 E0.00646
G1 X67.299 Y55.577 E0.00315
G1 X67.286 Y55.067 E0.00669
G1 X67.299 Y54.613 E0.00596
G1 X67.311 Y54.376 E0.00311
G1 F3007.9 X67.352 Y53.887 E0.00642
G1 F3000 X67.414 Y53.429 E0.00606
G1 F2976.5 X67.464 Y53.126 E0.00406
G1 X67.5 Y52.931 E0.00262
G1 F2984.3 X67.599 Y52.488 E0.00598
G1 F2992.1 X67.717 Y52.04 E0.00609
G1 F3007.9 X67.866 Y51.568 E0.00647
G1 F2992.1 X67.952 Y51.317 E0.00349
G1 F2984.3 X68.037 Y51.09 E0.0032
G1 F3007.9 X68.222 Y50.646 E0.00629
G1 F3015.9 X68.319 Y50.438 E0.00299
G1 F3007.9 X68.533 Y50.001 E0.00636
G1 X68.634 Y49.81 E0.00283
G1 X68.789 Y49.537 E0.00411
G1 F2984.3 X69.048 Y49.115 E0.00653
G1 X69.27 Y48.785 E0.00524
G1 F3007.9 X69.406 Y48.597 E0.00303
G1 F3015.9 X69.692 Y48.218 E0.00619
G1 X69.868 Y48.006 E0.00359
G1 F3000 X70.169 Y47.664 E0.00597
G1 F2976.5 X70.34 Y47.482 E0.0033
G1 F2992.1 X70.496 Y47.322 E0.00294
G1 F3007.9 X70.886 Y46.948 E0.00707
G1 F2992.1 X71.032 Y46.818 E0.00257
G1 F2984.3 X71.379 Y46.525 E0.00599
G1 F3000 X71.764 Y46.229 E0.00637
G1 F3015.9 X71.962 Y46.085 E0.00319
G1 F3000 X72.176 Y45.939 E0.0034
G1 F2992.1 X72.378 Y45.807 E0.00317
G1 F3000 X72.771 Y45.568 E0.00603
G1 F2992.1 X73.196 Y45.334 E0.00638
G1 X73.623 Y45.124 E0.00626
G1 F3000 X74.081 Y44.921 E0.00657
G1 F3015.9 X74.493 Y44.759 E0.00577
G1 F3007.9 X74.749 Y44.668 E0.00355
G1 F2992.1 X75.253 Y44.511 E0.00694
G1 F2976.5 X75.617 Y44.413 E0.00498
G1 F2992.1 X75.878 Y44.352 E0.00352
G1 F3023.9 X76.142 Y44.297 E0.00351
G1 F2992.1 X76.378 Y44.253 E0.00316
G1 X76.837 Y44.181 E0.00611
G1 F3007.9 X77.339 Y44.125 E0.00661
G1 F2992.1 X77.567 Y44.109 E0.003
G1 X78.054 Y44.086 E0.00641
G1 F3007.9 X78.508 Y44.087 E0.00594
G1 X78.763 Y44.095 E0.00334
G0 F18000 X81.105 Y44.577
G0 X82.67 Y45.127
G0 X84.134 Y45.911
G0 X85.459 Y46.904
G0 X86.626 Y48.096
G0 X87.464 Y49.239
G0 X88.25 Y50.709
G0 X88.797 Y52.267
G0 X89.105 Y53.905
G0 X89.158 Y55.559
G0 X89.004 Y56.976
G0 X88.591 Y58.587
G0 X87.943 Y60.106
G0 X87.065 Y61.517
G0 X85.985 Y62.778
G0 X84.726 Y63.858
G0 X83.312 Y64.737
G0 X81.783 Y65.389
G0 X81.003 Y65.598
G0 X78.545 Y66.142
G0 X78.554 Y66.462
G1 F3000 X78.799 Y66.454 E0.00321
G1 X79.278 Y66.42 E0.0063
G1 X79.549 Y66.394 E0.00357
G1 X79.791 Y66.366 E0.00319
G1 X80.04 Y66.33 E0.0033
G1 X80.266 Y66.293 E0.003
G1 X80.755 Y66.193 E0.00654
G1 X80.989 Y66.14 E0.00315
G1 X81.499 Y66.005 E0.00692
G1 X81.738 Y65.93 E0.00328
G1 X82.196 Y65.77 E0.00636
G1 X82.634 Y65.603 E0.00615
G1 X82.892 Y65.492 E0.00368
G1 X83.096 Y65.399 E0.00294
G1 X83.573 Y65.165 E0.00697
G1 X84.224 Y64.795 E0.00982
G1 X84.606 Y64.547 E0.00597
G1 X85.022 Y64.258 E0.00664
G1 X85.229 Y64.102 E0.0034
G1 X85.419 Y63.953 E0.00317
G1 X85.601 Y63.799 E0.00313
G1 X85.649 Y63.765 E0.00077
G1 X85.815 Y63.622 E0.00287
G1 X86.154 Y63.308 E0.00606
G1 X86.536 Y62.923 E0.00711
G1 X86.832 Y62.603 E0.00572
G1 X87.017 Y62.385 E0.00375
G1 X87.165 Y62.203 E0.00308
G1 X87.336 Y61.985 E0.00363
G1 X87.599 Y61.622 E0.00588
G1 X87.761 Y61.389 E0.00372
G1 X88.009 Y61.002 E0.00603
G1 X88.251 Y60.585 E0.00632
G1 X88.357 Y60.39 E0.00291
G1 X88.604 Y59.887 E0.00735
G1 X88.68 Y59.722 E0.00238
G1 X88.869 Y59.273 E0.00639
G1 X88.981 Y58.975 E0.00417
G1 X89.072 Y58.714 E0.00362
G1 X89.215 Y58.261 E0.00623
G1 X89.254 Y58.126 E0.00184
G1 X89.385 Y57.598 E0.00713
G1 X89.489 Y57.109 E0.00656
G1 X89.521 Y56.923 E0.00247
G1 X89.594 Y56.375 E0.00725
G1 X89.62 Y56.133 E0.00319
G1 X89.654 Y55.639 E0.00649
G1 X89.666 Y55.304 E0.0044
G1 X89.666 Y54.835 E0.00615
G1 X89.658 Y54.569 E0.00349
G1 X89.624 Y54.086 E0.00635
G1 X89.599 Y53.823 E0.00346
G1 X89.543 Y53.397 E0.00563
G1 X89.493 Y53.101 E0.00394
G1 X89.398 Y52.619 E0.00644
G1 X89.329 Y52.325 E0.00396
G1 X89.22 Y51.912 E0.0056
G1 X89.217 Y51.911 E0.00004
G1 X89.056 Y51.402 E0.007
G1 X88.872 Y50.9 E0.00701
G1 X88.589 Y50.248 E0.00932
G1 X88.378 Y49.82 E0.00626
G1 X88.121 Y49.353 E0.00699
G1 X87.873 Y48.95 E0.0062
G1 X87.748 Y48.759 E0.00299
G1 X87.461 Y48.354 E0.00651
G1 X87.159 Y47.957 E0.00654
G1 X86.999 Y47.762 E0.00331
G1 X86.841 Y47.577 E0.00319
G1 X86.656 Y47.373 E0.00361
G1 X86.479 Y47.185 E0.00339
G1 X86.321 Y47.024 E0.00296
G1 X86.154 Y46.862 E0.00305
G1 X85.821 Y46.555 E0.00594
G1 X85.601 Y46.369 E0.00378
G1 X85.209 Y46.051 E0.00662
G1 X84.996 Y45.892 E0.00349
G1 X84.814 Y45.764 E0.00292
G1 X84.444 Y45.516 E0.00584
G1 X84.186 Y45.353 E0.004
G1 X83.81 Y45.137 E0.00569
G1 X83.369 Y44.903 E0.00655
G1 X83.096 Y44.772 E0.00397
G1 X82.482 Y44.506 E0.00877
G1 X82.158 Y44.383 E0.00454
G1 X81.766 Y44.25 E0.00543
G1 X81.473 Y44.158 E0.00403
G1 X81.047 Y44.044 E0.00578
G1 X80.563 Y43.934 E0.00651
G1 X80.106 Y43.851 E0.00609
G1 X79.581 Y43.782 E0.00694
G1 X79.333 Y43.755 E0.00327
G1 X79.082 Y43.733 E0.0033
G1 X78.84 Y43.718 E0.00318
G1 X78.513 Y43.709 E0.00429
G1 X78.037 Y43.706 E0.00624
G1 X77.538 Y43.73 E0.00655
G1 X77.3 Y43.748 E0.00313
G1 X76.784 Y43.806 E0.00681
G1 X76.309 Y43.878 E0.0063
G1 X76.063 Y43.926 E0.00329
G1 X75.52 Y44.043 E0.00728
G1 X75.149 Y44.146 E0.00505
G1 X74.621 Y44.31 E0.00725
G1 X74.357 Y44.407 E0.00369
G1 X73.927 Y44.574 E0.00605
G1 X73.461 Y44.782 E0.00669
G1 X73.251 Y44.882 E0.00305
G1 X73.018 Y44.999 E0.00342
G1 X72.812 Y45.11 E0.00307
G1 X72.579 Y45.241 E0.00351
G1 X72.381 Y45.358 E0.00302
G1 X72.175 Y45.487 E0.00319
G1 X72.162 Y45.498 E0.00022
G1 X71.959 Y45.627 E0.00315
G1 X71.742 Y45.778 E0.00347
G1 X71.357 Y46.058 E0.00624
G1 X71.135 Y46.234 E0.00371
G1 X70.775 Y46.537 E0.00617
G1 X70.435 Y46.852 E0.00608
G1 X70.062 Y47.221 E0.00688
G1 X69.883 Y47.413 E0.00344
G1 X69.57 Y47.775 E0.00628
G1 X69.395 Y47.983 E0.00356
G1 X69.255 Y48.163 E0.00299
G1 X68.855 Y48.716 E0.00895
G1 X68.723 Y48.917 E0.00315
G1 X68.459 Y49.349 E0.00664
G1 X68.219 Y49.782 E0.00649
G1 X68.111 Y49.998 E0.00317
G1 X67.893 Y50.453 E0.00662
G1 X67.792 Y50.687 E0.00334
G1 X67.59 Y51.197 E0.00719
G1 X67.509 Y51.436 E0.00331
G1 X67.352 Y51.936 E0.00687
G1 X67.291 Y52.16 E0.00304
G1 X67.23 Y52.4 E0.00325
G1 X67.128 Y52.856 E0.00613
G1 X67.088 Y53.059 E0.00271
G1 X67.056 Y53.247 E0.0025
G1 X66.982 Y53.793 E0.00723
G1 X66.956 Y54.038 E0.00323
G1 X66.933 Y54.353 E0.00414
G1 X66.92 Y54.602 E0.00327
G1 X66.906 Y55.071 E0.00615
G1 X66.917 Y55.571 E0.00656
G1 X66.952 Y56.078 E0.00666
G1 X66.978 Y56.354 E0.00364
G1 X67.033 Y56.771 E0.00552
G1 X67.086 Y57.083 E0.00415
G1 X67.179 Y57.56 E0.00637
G1 X67.247 Y57.847 E0.00387
G1 X67.359 Y58.257 E0.00557
G1 X67.514 Y58.749 E0.00676
G1 X67.595 Y58.979 E0.0032
G1 X67.691 Y59.233 E0.00356
G1 X67.872 Y59.673 E0.00624
G1 X67.986 Y59.92 E0.00357
G1 X68.199 Y60.346 E0.00625
G1 X68.441 Y60.789 E0.00662
G1 X68.694 Y61.205 E0.00638
G1 X68.843 Y61.433 E0.00357
G1 X69.112 Y61.821 E0.00619
G1 X69.417 Y62.212 E0.0065
G1 X69.564 Y62.39 E0.00303
G1 X69.575 Y62.407 E0.00027
G1 X69.75 Y62.609 E0.0035
G1 X69.91 Y62.785 E0.00312
G1 X70.082 Y62.967 E0.00328
G1 X70.243 Y63.131 E0.00301
G1 X70.574 Y63.452 E0.00605
G1 X70.794 Y63.648 E0.00386
G1 X70.978 Y63.806 E0.00318
G1 X71.177 Y63.967 E0.00336
G1 X71.571 Y64.269 E0.00651
G1 X71.714 Y64.373 E0.00232
G1 X72.125 Y64.651 E0.00651
G1 X72.551 Y64.912 E0.00655
G1 X72.985 Y65.153 E0.00651
G1 X73.238 Y65.281 E0.00372
G1 X73.654 Y65.477 E0.00603
G1 X73.941 Y65.601 E0.0041
G1 X74.422 Y65.785 E0.00675
G1 X74.799 Y65.915 E0.00523
G1 X75.105 Y66.009 E0.0042
G1 X75.368 Y66.081 E0.00358
G1 X75.824 Y66.193 E0.00616
G1 X76.26 Y66.283 E0.00584
G1 X76.8 Y66.364 E0.00716
G1 X77.242 Y66.416 E0.00584
G1 X77.8 Y66.454 E0.00733
G1 X77.987 Y66.462 E0.00245
G1 X78.275 Y66.466 E0.00378
G1 X78.554 Y66.462 E0.00366
G0 F18000 X78.545 Y66.142
G0 X75.705 Y65.654
G0 X74.126 Y65.137
G0 X72.847 Y64.508
G0 X71.48 Y63.571
G0 X70.427 Y62.606
G0 X69.377 Y61.326
G0 X68.637 Y60.107
G0 X67.99 Y58.59
G0 X67.575 Y56.976
G0 X67.409 Y55.091
G0 X67.574 Y53.202
G0 X67.988 Y51.585
G0 X68.638 Y50.063
G0 X69.518 Y48.65
G0 X70.598 Y47.39
G0 X71.853 Y46.315
G0 X73.265 Y45.436
G0 X74.503 Y44.908
G0 X76.847 Y44.121
G0 X76.731 Y43.43
;TYPE:WALL-OUTER
G1 F1500 X77.26 Y43.37 E0.00698
G1 X77.509 Y43.351 E0.00327
G1 X78.02 Y43.326 E0.00671
G1 X78.519 Y43.329 E0.00654
G1 X78.852 Y43.338 E0.00437
G1 X79.106 Y43.354 E0.00334
G1 X79.369 Y43.377 E0.00346
G1 X79.622 Y43.404 E0.00334
G1 X80.174 Y43.476 E0.0073
G1 X80.633 Y43.56 E0.00612
G1 X81.134 Y43.674 E0.00674
G1 X81.587 Y43.795 E0.00615
G1 X81.837 Y43.875 E0.00344
G1 X82.284 Y44.025 E0.00618
G1 X82.618 Y44.152 E0.00469
G1 X83.251 Y44.425 E0.00904
G1 X83.546 Y44.566 E0.00429
G1 X83.99 Y44.802 E0.00659
G1 X84.376 Y45.024 E0.00584
G1 X84.648 Y45.195 E0.00421
G1 X85.026 Y45.449 E0.00597
G1 X85.215 Y45.582 E0.00303
G1 X85.437 Y45.747 E0.00363
G1 X85.843 Y46.076 E0.00685
G1 X86.02 Y46.225 E0.00303
G1 X86.204 Y46.389 E0.00323
G1 X86.414 Y46.585 E0.00377
G1 X86.587 Y46.753 E0.00316
G1 X86.791 Y46.96 E0.00381
G1 X86.79 Y46.963 E0.00004
G1 X86.931 Y47.111 E0.00268
G1 X87.124 Y47.324 E0.00377
G1 X87.287 Y47.514 E0.00328
G1 X87.453 Y47.715 E0.00342
G1 X87.765 Y48.126 E0.00677
G1 X87.919 Y48.339 E0.00345
G1 X88.06 Y48.542 E0.00324
G1 X88.191 Y48.742 E0.00314
G1 X88.447 Y49.157 E0.00639
G1 X88.71 Y49.636 E0.00717
G1 X88.93 Y50.081 E0.00651
G1 X89.222 Y50.752 E0.0096
G1 X89.414 Y51.274 E0.00729
G1 X89.573 Y51.779 E0.00694
G1 X89.578 Y51.781 E0.00007
G1 X89.697 Y52.23 E0.00609
G1 X89.768 Y52.533 E0.00408
G1 X89.867 Y53.031 E0.00666
G1 X89.918 Y53.334 E0.00403
G1 X89.976 Y53.777 E0.00586
G1 X90.002 Y54.051 E0.00361
G1 X90.037 Y54.546 E0.00651
G1 X90.046 Y54.835 E0.00379
G1 X90.046 Y55.304 E0.00615
G1 X90.034 Y55.653 E0.00458
G1 X89.999 Y56.162 E0.00669
G1 X89.972 Y56.417 E0.00336
G1 X89.896 Y56.987 E0.00754
G1 X89.863 Y57.174 E0.00249
G1 X89.757 Y57.678 E0.00675
G1 X89.623 Y58.218 E0.0073
G1 X89.58 Y58.367 E0.00203
G1 X89.434 Y58.83 E0.00637
G1 X89.34 Y59.101 E0.00376
G1 X89.224 Y59.409 E0.00432
G1 X89.03 Y59.87 E0.00656
G1 X88.95 Y60.045 E0.00252
G1 X88.697 Y60.56 E0.00752
G1 X88.585 Y60.767 E0.00309
G1 X88.336 Y61.195 E0.00649
G1 X88.077 Y61.6 E0.0063
G1 X87.911 Y61.84 E0.00383
G1 X87.62 Y62.241 E0.0065
G1 X87.31 Y62.627 E0.00649
G1 X87.159 Y62.804 E0.00305
G1 X86.964 Y63.023 E0.00385
G1 X86.813 Y63.183 E0.00288
G1 X86.616 Y63.385 E0.0037
G1 X86.42 Y63.58 E0.00363
G1 X86.071 Y63.902 E0.00623
G1 X85.866 Y64.079 E0.00355
G1 X85.86 Y64.079 E0.00008
G1 X85.663 Y64.244 E0.00337
G1 X85.463 Y64.401 E0.00333
G1 X85.25 Y64.562 E0.0035
G1 X84.82 Y64.861 E0.00687
G1 X84.426 Y65.117 E0.00616
G1 X84.147 Y65.278 E0.00422
G1 X83.739 Y65.507 E0.00614
G1 X83.263 Y65.74 E0.00695
G1 X83.05 Y65.838 E0.00307
G1 X82.782 Y65.953 E0.00382
G1 X82.332 Y66.125 E0.00632
G1 X81.861 Y66.289 E0.00654
G1 X81.613 Y66.367 E0.00341
G1 X81.352 Y66.439 E0.00355
G1 X81.075 Y66.51 E0.00375
G1 X80.841 Y66.563 E0.00315
G1 X80.308 Y66.672 E0.00713
G1 X79.845 Y66.742 E0.00614
G1 X79.593 Y66.772 E0.00333
G1 X79.312 Y66.798 E0.0037
G1 X78.822 Y66.833 E0.00644
G1 X78.566 Y66.842 E0.00336
G1 X78.279 Y66.846 E0.00376
G1 X77.981 Y66.842 E0.00391
G1 X77.716 Y66.83 E0.00348
G1 X77.212 Y66.795 E0.00662
G1 X77.033 Y66.776 E0.00236
G1 X76.748 Y66.74 E0.00377
G1 X76.198 Y66.658 E0.00729
G1 X75.938 Y66.606 E0.00348
G1 X75.691 Y66.552 E0.00332
G1 X75.233 Y66.44 E0.00618
G1 X74.939 Y66.357 E0.00401
G1 X74.676 Y66.275 E0.00361
G1 X74.298 Y66.145 E0.00524
G1 X73.775 Y65.945 E0.00734
G1 X73.772 Y65.941 E0.00007
G1 X73.504 Y65.826 E0.00382
G1 X73.33 Y65.746 E0.00251
G1 X72.801 Y65.487 E0.00772
G1 X72.421 Y65.275 E0.00571
G1 X71.927 Y64.975 E0.00758
G1 X71.499 Y64.686 E0.00677
G1 X71.286 Y64.532 E0.00345
G1 X70.945 Y64.268 E0.00565
G1 X70.736 Y64.099 E0.00352
G1 X70.546 Y63.936 E0.00328
G1 X70.321 Y63.735 E0.00396
G1 X70.173 Y63.595 E0.00267
G1 X69.81 Y63.233 E0.00672
G1 X69.632 Y63.044 E0.0034
G1 X69.468 Y62.864 E0.00319
G1 X69.271 Y62.636 E0.00395
G1 X69.269 Y62.63 E0.00008
G1 X69.123 Y62.453 E0.00301
G1 X68.801 Y62.039 E0.00688
G1 X68.53 Y61.649 E0.00623
G1 X68.375 Y61.411 E0.00372
G1 X68.116 Y60.986 E0.00653
G1 X67.857 Y60.513 E0.00707
G1 X67.646 Y60.09 E0.0062
G1 X67.526 Y59.829 E0.00377
G1 X67.339 Y59.377 E0.00641
G1 X67.239 Y59.113 E0.0037
G1 X67.161 Y58.89 E0.0031
G1 X67.003 Y58.389 E0.00689
G1 X66.999 Y58.387 E0.00006
G1 X66.879 Y57.944 E0.00602
G1 X66.809 Y57.646 E0.00401
G1 X66.712 Y57.154 E0.00658
G1 X66.654 Y56.809 E0.00459
G1 X66.601 Y56.4 E0.00541
G1 X66.555 Y55.873 E0.00694
G1 X66.537 Y55.583 E0.00381
G1 X66.526 Y55.075 E0.00666
G1 X66.54 Y54.573 E0.00659
G1 X66.577 Y54.008 E0.00742
G1 X66.604 Y53.752 E0.00338
G1 X66.679 Y53.196 E0.00736
G1 X66.714 Y52.993 E0.0027
G1 X66.756 Y52.78 E0.00285
G1 X66.821 Y52.485 E0.00396
G1 X66.942 Y51.992 E0.00666
G1 X67.012 Y51.746 E0.00335
G1 X67.235 Y51.057 E0.0095
G1 X67.45 Y50.517 E0.00762
G1 X67.454 Y50.514 E0.00007
G1 X67.544 Y50.304 E0.003
G1 X67.769 Y49.832 E0.00686
G1 X67.854 Y49.661 E0.0025
G1 X67.968 Y49.447 E0.00318
G1 X68.129 Y49.161 E0.0043
G1 X68.399 Y48.72 E0.00678
G1 X68.545 Y48.496 E0.00351
G1 X68.956 Y47.927 E0.0092
G1 X69.097 Y47.747 E0.003
G1 X69.279 Y47.53 E0.00371
G1 X69.617 Y47.14 E0.00677
G1 X69.785 Y46.961 E0.00322
G1 X70.169 Y46.58 E0.00709
G1 X70.519 Y46.257 E0.00625
G1 X70.891 Y45.943 E0.00638
G1 X71.119 Y45.762 E0.00382
G1 X71.543 Y45.453 E0.00688
G1 X71.742 Y45.315 E0.00318
G1 X72.177 Y45.037 E0.00677
G1 X72.387 Y44.913 E0.0032
G1 X72.626 Y44.778 E0.0036
G1 X72.84 Y44.664 E0.00318
G1 X73.081 Y44.542 E0.00354
G1 X73.263 Y44.456 E0.00264
G1 X73.773 Y44.227 E0.00733
G1 X74.259 Y44.037 E0.00684
G1 X74.505 Y43.948 E0.00343
G1 X74.963 Y43.804 E0.0063
G1 X75.423 Y43.676 E0.00626
G1 X76.008 Y43.548 E0.00785
G1 X76.261 Y43.501 E0.00337
G1 X76.731 Y43.43 E0.00623
G0 F18000 X76.534 Y43.459
G0 X76.611 Y44.153
G0 X76.628 Y44.276
G0 X76.732 Y44.964
G1 F1500 X76.295 Y45.04 E0.00582
G1 X76.07 Y45.085 E0.00301
G1 X75.631 Y45.195 E0.00593
G1 X75.493 Y45.236 E0.00189
G1 X75.49 Y45.233 E0.00006
G1 X75.209 Y45.318 E0.00385
G1 X74.782 Y45.46 E0.0059
G1 X74.361 Y45.627 E0.00594
G1 X73.944 Y45.812 E0.00598
G1 X73.567 Y45.997 E0.00551
G1 X73.173 Y46.213 E0.00589
G1 X72.789 Y46.445 E0.00588
G1 X72.414 Y46.693 E0.0059
G1 X72.231 Y46.826 E0.00297
G1 X71.875 Y47.102 E0.00591
G1 X71.537 Y47.386 E0.00579
G1 X71.402 Y47.505 E0.00236
G1 X71.052 Y47.838 E0.00633
G1 X70.738 Y48.169 E0.00598
G1 X70.612 Y48.307 E0.00245
G1 X70.448 Y48.494 E0.00326
G1 X70.302 Y48.67 E0.003
G1 X70.032 Y49.025 E0.00585
G1 X69.918 Y49.188 E0.00261
G1 X69.913 Y49.19 E0.00007
G1 X69.654 Y49.578 E0.00612
G1 X69.441 Y49.926 E0.00535
G1 X69.311 Y50.153 E0.00343
G1 X69.232 Y50.304 E0.00223
G1 X69.023 Y50.723 E0.00614
G1 X68.911 Y50.964 E0.00348
G1 X68.744 Y51.367 E0.00572
G1 X68.593 Y51.787 E0.00585
G1 X68.442 Y52.267 E0.0066
G1 X68.339 Y52.661 E0.00534
G1 X68.251 Y53.054 E0.00528
G1 X68.168 Y53.523 E0.00625
G1 X68.142 Y53.721 E0.00262
G1 X68.138 Y53.732 E0.00015
G1 X68.107 Y53.963 E0.00306
G1 X68.073 Y54.369 E0.00534
G1 X68.06 Y54.585 E0.00284
G1 X68.046 Y55.047 E0.00606
G1 X68.058 Y55.532 E0.00636
G1 X68.07 Y55.751 E0.00288
G1 X68.106 Y56.2 E0.00591
G1 X68.135 Y56.422 E0.00294
G1 X68.2 Y56.853 E0.00572
G1 X68.289 Y57.294 E0.0059
G1 X68.338 Y57.504 E0.00283
G1 X68.456 Y57.95 E0.00605
G1 X68.591 Y58.379 E0.0059
G1 X68.741 Y58.793 E0.00577
G1 X68.912 Y59.209 E0.0059
G1 X69.007 Y59.413 E0.00295
G1 X69.201 Y59.808 E0.00577
G1 X69.312 Y60.017 E0.0031
G1 X69.548 Y60.421 E0.00614
G1 X69.771 Y60.774 E0.00548
G1 X69.903 Y60.962 E0.00301
G1 X70.167 Y61.321 E0.00584
G1 X70.44 Y61.66 E0.00571
G1 X70.574 Y61.819 E0.00273
G1 X70.733 Y61.998 E0.00314
G1 X70.886 Y62.159 E0.00291
G1 X71.2 Y62.478 E0.00587
G1 X71.528 Y62.777 E0.00582
G1 X71.873 Y63.069 E0.00593
G1 X72.05 Y63.209 E0.00296
G1 X72.59 Y63.596 E0.00871
G1 X73.138 Y63.934 E0.00844
G1 X73.362 Y64.062 E0.00338
G1 X73.755 Y64.269 E0.00582
G1 X73.953 Y64.364 E0.00288
G1 X74.354 Y64.542 E0.00575
G1 X74.574 Y64.629 E0.0031
G1 X74.991 Y64.779 E0.00581
G1 X75.625 Y64.974 E0.0087
G1 X76.034 Y65.074 E0.00552
G1 X76.285 Y65.127 E0.00336
G1 X76.949 Y65.24 E0.00883
G1 X77.17 Y65.265 E0.00292
G1 X77.573 Y65.299 E0.0053
G1 X77.792 Y65.312 E0.00288
G1 X78.239 Y65.326 E0.00586
G1 X78.512 Y65.322 E0.00358
G1 X78.955 Y65.302 E0.00581
G1 X79.4 Y65.266 E0.00585
G1 X79.844 Y65.205 E0.00588
G1 X80.281 Y65.128 E0.00582
G1 X80.718 Y65.034 E0.00586
G1 X80.94 Y64.976 E0.00301
G1 X81.153 Y64.915 E0.00291
G1 X81.578 Y64.782 E0.00584
G1 X81.782 Y64.712 E0.00283
G1 X82.209 Y64.547 E0.006
G1 X82.413 Y64.459 E0.00291
G1 X82.824 Y64.269 E0.00594
G1 X83.218 Y64.06 E0.00585
G1 X83.596 Y63.841 E0.00573
G1 X83.833 Y63.694 E0.00366
G1 X84.157 Y63.479 E0.0051
G1 X84.526 Y63.205 E0.00603
G1 X84.704 Y63.066 E0.00296
G1 X85.039 Y62.786 E0.00573
G1 X85.364 Y62.489 E0.00577
G1 X85.529 Y62.329 E0.00301
G1 X85.693 Y62.162 E0.00307
G1 X85.981 Y61.842 E0.00565
G1 X86.134 Y61.663 E0.00309
G1 X86.411 Y61.325 E0.00573
G1 X86.546 Y61.14 E0.003
G1 X86.8 Y60.782 E0.00576
G1 X87.019 Y60.436 E0.00537
G1 X87.25 Y60.043 E0.00598
G1 X87.373 Y59.813 E0.00342
G1 X87.567 Y59.416 E0.00579
G1 X87.661 Y59.212 E0.00295
G1 X87.832 Y58.801 E0.00584
G1 X87.983 Y58.381 E0.00585
G1 X88.107 Y57.984 E0.00545
G1 X88.179 Y57.737 E0.00337
G1 X88.275 Y57.344 E0.0053
G1 X88.37 Y56.892 E0.00606
G1 X88.44 Y56.425 E0.00619
G1 X88.485 Y56.02 E0.00534
G1 X88.503 Y55.805 E0.00283
G1 X88.516 Y55.585 E0.00289
G1 X88.526 Y55.311 E0.0036
G1 X88.526 Y54.864 E0.00586
G1 X88.518 Y54.637 E0.00298
G1 X88.506 Y54.413 E0.00294
G1 X88.47 Y53.968 E0.00585
G1 X88.445 Y53.765 E0.00268
G1 X88.372 Y53.308 E0.00607
G1 X88.331 Y53.086 E0.00296
G1 X88.238 Y52.666 E0.00564
G1 X88.136 Y52.277 E0.00527
G1 X88.054 Y52.005 E0.00373
G1 X87.985 Y51.793 E0.00292
G1 X87.835 Y51.375 E0.00582
G1 X87.66 Y50.954 E0.00598
G1 X87.6 Y50.829 E0.00182
G1 X87.603 Y50.826 E0.00006
G1 X87.471 Y50.556 E0.00394
G1 X87.269 Y50.161 E0.00582
G1 X87.044 Y49.776 E0.00585
G1 X86.926 Y49.584 E0.00296
G1 X86.73 Y49.29 E0.00463
G1 X86.41 Y48.848 E0.00716
G1 X86.136 Y48.508 E0.00573
G1 X85.835 Y48.162 E0.00601
G1 X85.698 Y48.016 E0.00263
G1 X85.533 Y47.847 E0.0031
G1 X85.204 Y47.531 E0.00598
G1 X85.075 Y47.417 E0.00226
G1 X84.707 Y47.106 E0.00632
G1 X84.349 Y46.829 E0.00594
G1 X83.982 Y46.572 E0.00588
G1 X83.828 Y46.472 E0.00241
G1 X83.411 Y46.217 E0.00641
G1 X83.012 Y45.997 E0.00597
G1 X82.546 Y45.769 E0.0068
G1 X82.543 Y45.771 E0.00005
G1 X82.433 Y45.72 E0.00159
G1 X81.995 Y45.539 E0.00621
G1 X81.787 Y45.461 E0.00291
G1 X81.403 Y45.328 E0.00533
G1 X80.946 Y45.193 E0.00625
G1 X80.514 Y45.087 E0.00583
G1 X80.072 Y45.001 E0.0059
G1 X79.621 Y44.932 E0.00598
G1 X79.239 Y44.887 E0.00504
G1 X78.777 Y44.856 E0.00607
G1 X78.563 Y44.847 E0.00281
G1 X78.068 Y44.846 E0.00649
G1 X77.844 Y44.854 E0.00294
G1 X77.395 Y44.882 E0.0059
G1 X76.954 Y44.931 E0.00582
G1 X76.732 Y44.964 E0.00294
G0 F18000 X76.93 Y44.935
G1 F1800 E-3.5
;MESH:Full_Asse_Dielectric_Part.STL
G0 F18000 X76.826 Y44.246
G0 X80.558 Y44.856
G0 X82.087 Y45.318
G0 X83.725 Y46.127
G0 X84.848 Y46.912
G0 X86.013 Y48.004
G0 X86.875 Y49.077
G0 X87.688 Y50.451
G0 X88.286 Y51.936
G0 X88.678 Y53.716
G0 X88.766 Y55.312
G0 X88.61 Y56.905
G0 X88.213 Y58.456
G0 X87.587 Y59.922
G0 X86.602 Y61.467
G0 X85.535 Y62.658
G0 X84.834 Y63.233
G0 X80.525 Y66.413
G0 X80.825 Y67.826
G0 X86.98 Y98.381
G0 X86.747 Y99.592
;TYPE:SKIN
G1 F1800 E3.52079
G1 F8400 X86.747 Y99.731 E0.00231
G1 X86.886 Y99.592 E0.00326
G0 F18000 X86.747 Y99.731
G1 F8400 X86.747 Y100.268 E0.00891
G1 X87.424 Y99.592 E0.01587
G1 X87.961 Y99.592 E0.00891
G1 X86.747 Y100.806 E0.02848
G1 X86.747 Y101.343 E0.00891
G1 X88.499 Y99.592 E0.04109
G1 X89.036 Y99.592 E0.00891
G1 X86.747 Y101.881 E0.0537
G1 X86.747 Y102.418 E0.00891
G1 X89.573 Y99.592 E0.0663
G1 X90.111 Y99.592 E0.00892
G1 X86.747 Y102.955 E0.07891
G1 X86.747 Y103.493 E0.00892
G1 X90.648 Y99.592 E0.09152
G1 X91.186 Y99.592 E0.00892
G1 X86.747 Y104.03 E0.10413
G1 X86.747 Y104.568 E0.00892
G1 X91.723 Y99.592 E0.11674
G1 X92.26 Y99.592 E0.00891
G1 X86.747 Y105.105 E0.12933
G1 X86.747 Y105.642 E0.00891
G1 X92.798 Y99.592 E0.14194
G1 X93.335 Y99.592 E0.00891
G1 X86.747 Y106.18 E0.15455
G1 X86.747 Y106.717 E0.00891
G1 X93.873 Y99.592 E0.16716
G1 X94.41 Y99.592 E0.00891
G1 X86.747 Y107.255 E0.17977
G1 X86.747 Y107.792 E0.00891
G1 X94.947 Y99.592 E0.19237
G1 X95.485 Y99.592 E0.00892
G1 X86.747 Y108.329 E0.20498
G1 X86.747 Y108.867 E0.00892
G0 F18000 X87.466 Y108.867
G0 X90.211 Y105.138
G0 X90.783 Y104.706
G1 F8400 X90.657 Y104.534 E0.00354
G1 X90.778 Y104.339 E0.00381
G1 X91.448 Y104.061 E0.01203
G1 X91.502 Y104.05 E0.00091
G1 X91.564 Y104.05 E0.00103
G1 X96.022 Y99.592 E0.10458
G0 F18000 X96.022 Y100.311
G0 X90.327 Y103.813
G0 X87.466 Y108.867
G0 X86.747 Y108.867
G1 F8400 X90.872 Y104.742 E0.09677
G1 X91.252 Y104.899 E0.00682
G0 F18000 X90.977 Y105.563
G0 X90.37 Y105.246
G0 X89.87 Y104.576
G0 X90.327 Y103.813
G0 X96.022 Y100.311
G0 X96.022 Y99.592
G1 F8400 X96.56 Y99.592 E0.00892
G1 X92.101 Y104.05 E0.10459
G1 X92.639 Y104.05 E0.00892
G1 X97.097 Y99.592 E0.10458
G1 X97.634 Y99.592 E0.00891
G1 X93.084 Y104.143 E0.10675
G0 F18000 X93.359 Y103.478
G0 X92.905 Y103.392
G0 X91.255 Y103.429
G0 X90.327 Y103.813
G0 X89.87 Y104.576
G0 X90.32 Y105.179
G0 X90.977 Y105.563
G0 X91.252 Y104.899
G1 F8400 X86.747 Y109.404 E0.10569
G1 X86.747 Y109.942 E0.00892
G1 X91.697 Y104.992 E0.11613
G1 X92.234 Y104.992 E0.00891
G1 X86.747 Y110.479 E0.12872
G1 X86.747 Y111.016 E0.00891
G0 F18000 X87.466 Y111.016
G0 X94.011 Y105.229
G0 X94.468 Y104.466
G0 X94.018 Y103.863
G0 X93.359 Y103.478
G0 X93.084 Y104.143
G1 F8400 X93.465 Y104.299 E0.00683
G0 F18000 X93.74 Y103.635
G0 X93.968 Y103.796
G0 X94.468 Y104.466
G0 X94.057 Y105.153
G0 X87.466 Y111.016
G0 X86.747 Y111.016
G1 F8400 X92.772 Y104.992 E0.14133
G0 F18000 X93.465 Y104.299
G1 F8400 X98.172 Y99.592 E0.11042
G1 X98.709 Y99.592 E0.00891
G0 F18000 X98.709 Y100.311
G0 X94.127 Y103.904
G0 X93.555 Y104.336
G1 F8400 X93.681 Y104.508 E0.00354
G1 X93.56 Y104.703 E0.00381
G1 X92.89 Y104.98 E0.01203
G1 X92.836 Y104.993 E0.00092
G1 X92.772 Y104.992 E0.00106
G0 F18000 X92.772 Y105.711
G0 X94.011 Y105.229
G0 X98.709 Y100.311
G0 X98.709 Y99.592
G1 F8400 X86.747 Y111.554 E0.28062
G1 X86.747 Y112.091 E0.00891
G1 X99.247 Y99.592 E0.29323
G1 X99.784 Y99.592 E0.00891
G1 X86.747 Y112.629 E0.30584
G1 X86.747 Y113.166 E0.00891
G1 X100.321 Y99.592 E0.31844
G1 X100.859 Y99.592 E0.00892
G1 X86.747 Y113.703 E0.33105
G1 X86.747 Y114.241 E0.00892
G1 X101.396 Y99.592 E0.34366
G1 X101.934 Y99.592 E0.00892
G1 X87.104 Y114.422 E0.34791
G1 X87.485 Y114.578 E0.00683
G0 F18000 X87.759 Y113.915
G0 X88.025 Y114.091
G0 X88.525 Y114.761
G0 X88.068 Y115.524
G0 X87.449 Y115.827
G0 X86.775 Y115.287
G1 F8400 X86.893 Y115.287 E0.00196
G1 X86.947 Y115.275 E0.00092
G1 X87.593 Y115.007 E0.0116
G0 F18000 X87.485 Y114.578
G1 F8400 X102.471 Y99.592 E0.35157
G1 X103.008 Y99.592 E0.00891
G0 F18000 X103.008 Y100.311
G0 X87.867 Y115.674
G0 X87.593 Y115.007
G1 F8400 X86.747 Y115.853 E0.01985
G1 X86.747 Y116.39 E0.00891
G0 F18000 X87.466 Y116.39
G0 X88.255 Y115.334
G0 X87.64 Y114.96
G1 F8400 X103.008 Y99.592 E0.36053
G0 F18000 X103.008 Y100.311
G0 X87.466 Y116.39
G0 X86.747 Y116.39
G1 F8400 X103.546 Y99.592 E0.39409
G1 X104.083 Y99.592 E0.00891
G1 X86.747 Y116.928 E0.4067
G1 X86.747 Y117.465 E0.00891
G1 X104.621 Y99.592 E0.41931
G1 X105.158 Y99.592 E0.00891
G1 X86.747 Y118.003 E0.43192
G1 X86.747 Y118.54 E0.00891
G1 X105.695 Y99.592 E0.44451
G1 X106.233 Y99.592 E0.00892
G1 X86.747 Y119.077 E0.45712
G1 X86.747 Y119.615 E0.00892
G1 X106.77 Y99.592 E0.46973
G1 X107.308 Y99.592 E0.00892
G1 X86.747 Y120.152 E0.48234
G1 X86.747 Y120.408 E0.00425
G1 X87.029 Y120.408 E0.00468
G0 F18000 X87.436 Y119.719
G0 X102.098 Y105.138
G0 X102.67 Y104.706
G1 F8400 X102.544 Y104.534 E0.00354
G1 X102.665 Y104.339 E0.00381
G1 X103.335 Y104.062 E0.01203
G1 X103.385 Y104.051 E0.00085
G1 X107.845 Y99.592 E0.10462
G0 F18000 X107.845 Y100.311
G0 X102.214 Y103.813
G0 X87.436 Y119.719
G0 X87.029 Y120.408
G1 F8400 X102.713 Y104.724 E0.36794
G0 F18000 X102.438 Y105.387
G0 X102.257 Y105.246
G0 X101.757 Y104.576
G0 X102.214 Y103.813
G0 X107.845 Y100.311
G0 X107.845 Y99.592
G1 F8400 X108.382 Y99.592 E0.00891
G1 X103.924 Y104.05 E0.10458
G1 X104.462 Y104.05 E0.00892
G1 X108.92 Y99.592 E0.10458
G1 X109.457 Y99.592 E0.00891
G1 X104.926 Y104.123 E0.1063
G0 F18000 X105.2 Y103.459
G0 X104.792 Y103.392
G0 X103.142 Y103.429
G0 X102.214 Y103.813
G0 X101.757 Y104.576
G0 X102.041 Y104.956
G0 X102.438 Y105.387
G0 X102.713 Y104.724
G1 F8400 X103.094 Y104.88 E0.00683
G1 X87.566 Y120.408 E0.36428
G1 X88.103 Y120.408 E0.00891
G1 X103.52 Y104.992 E0.36167
G1 X104.057 Y104.992 E0.00891
G1 X88.641 Y120.408 E0.36165
G1 X89.178 Y120.408 E0.00891
G1 X104.595 Y104.992 E0.36167
G0 F18000 X104.926 Y104.123
G1 F8400 X105.307 Y104.28 E0.00684
G1 X109.995 Y99.592 E0.10998
G1 X110.532 Y99.592 E0.00891
G0 F18000 X110.532 Y100.311
G0 X105.897 Y105.229
G0 X104.595 Y105.711
G0 X104.595 Y104.992
G1 F8400 X104.723 Y104.992 E0.00212
G1 X104.777 Y104.981 E0.00091
G1 X105.403 Y104.721 E0.01124
G1 X89.716 Y120.408 E0.36801
G1 X90.253 Y120.408 E0.00891
G0 F18000 X90.253 Y119.689
G0 X106.106 Y105.004
G0 X105.493 Y104.631
G1 F8400 X110.532 Y99.592 E0.11821
G0 F18000 X110.532 Y100.311
G0 X105.897 Y105.229
G0 X90.253 Y119.689
G0 X90.253 Y120.408
G1 F8400 X111.07 Y99.592 E0.48835
G1 X111.607 Y99.592 E0.00891
G1 X90.79 Y120.408 E0.48835
G1 X91.328 Y120.408 E0.00892
G0 F18000 X91.328 Y119.689
G0 X96.155 Y115.433
G0 X96.727 Y115.001
G1 F8400 X96.601 Y114.829 E0.00354
G1 X96.722 Y114.634 E0.00381
G1 X97.37 Y114.366 E0.01163
G1 X112.144 Y99.592 E0.34659
G1 X112.682 Y99.592 E0.00892
G1 X97.929 Y114.345 E0.3461
G1 X98.466 Y114.345 E0.00891
G1 X113.219 Y99.592 E0.3461
G1 X113.757 Y99.592 E0.00892
G1 X98.945 Y114.403 E0.34747
G0 F18000 X99.22 Y113.739
G0 X98.849 Y113.687
G0 X97.199 Y113.724
G0 X96.271 Y114.108
G0 X91.328 Y119.689
G0 X91.328 Y120.408
G1 F8400 X96.733 Y115.003 E0.1268
G1 X97.114 Y115.159 E0.00683
G1 X91.865 Y120.408 E0.12314
G1 X92.403 Y120.408 E0.00892
G1 X97.524 Y115.287 E0.12014
G1 X98.062 Y115.287 E0.00892
G1 X92.94 Y120.408 E0.12015
G1 X93.477 Y120.408 E0.00891
G1 X98.599 Y115.287 E0.12015
G0 F18000 X98.945 Y114.403
G1 F8400 X99.326 Y114.56 E0.00684
G1 X114.294 Y99.592 E0.35114
G0 F18000 X114.294 Y100.311
G0 X99.955 Y115.524
G0 X99.059 Y115.865
G0 X98.599 Y116.006
G0 X98.599 Y115.287
G1 F8400 X98.78 Y115.287 E0.003
G1 X98.834 Y115.275 E0.00092
G1 X99.37 Y115.053 E0.00962
G0 F18000 X99.644 Y115.719
G0 X99.896 Y115.561
G0 X114.294 Y100.311
G0 X114.294 Y99.592
G1 F8400 X114.831 Y99.592 E0.00891
G1 X99.624 Y114.799 E0.35675
G0 F18000 X99.37 Y115.053
G1 F8400 X94.015 Y120.408 E0.12563
G1 X94.552 Y120.408 E0.00891
G1 X115.369 Y99.592 E0.48835
G1 X115.906 Y99.592 E0.00891
G1 X95.09 Y120.408 E0.48834
G1 X95.627 Y120.408 E0.00891
G1 X116.444 Y99.592 E0.48835
G1 X116.981 Y99.592 E0.00891
G1 X96.164 Y120.408 E0.48835
G1 X96.702 Y120.408 E0.00892
G1 X117.518 Y99.592 E0.48834
G1 X118.056 Y99.592 E0.00892
G1 X97.239 Y120.408 E0.48835
G1 X97.777 Y120.408 E0.00892
G1 X118.593 Y99.592 E0.48834
G1 X119.131 Y99.592 E0.00892
G1 X98.314 Y120.408 E0.48835
G1 X98.851 Y120.408 E0.00891
G0 F18000 X98.851 Y119.689
G0 X113.819 Y104.161
G0 X114.431 Y104.534
G1 F8400 X114.552 Y104.339 E0.00381
G1 X115.179 Y104.08 E0.01125
G0 F18000 X114.906 Y103.415
G0 X114.183 Y103.773
G0 X98.851 Y119.689
G0 X98.851 Y120.408
G1 F8400 X114.556 Y104.704 E0.36842
G0 F18000 X115.179 Y104.08
G1 F8400 X119.668 Y99.592 E0.1053
G1 X120.205 Y99.592 E0.00891
G1 X115.747 Y104.05 E0.10458
G1 X116.284 Y104.05 E0.00891
G1 X120.743 Y99.592 E0.10459
G1 X121.28 Y99.592 E0.00891
G1 X116.767 Y104.105 E0.10587
G0 F18000 X117.042 Y103.44
G0 X115.208 Y103.392
G0 X114.103 Y103.813
G0 X113.644 Y104.576
G0 X113.984 Y105.136
G0 X114.556 Y104.704
G1 F8400 X114.936 Y104.861 E0.00682
G1 X99.389 Y120.408 E0.36473
G1 X99.926 Y120.408 E0.00891
G1 X115.343 Y104.992 E0.36167
G1 X115.88 Y104.992 E0.00891
G1 X100.464 Y120.408 E0.36165
G1 X101.001 Y120.408 E0.00891
G1 X116.417 Y104.992 E0.36165
G0 F18000 X116.767 Y104.105
G1 F8400 X117.148 Y104.261 E0.00683
G1 X121.818 Y99.592 E0.10954
G0 F18000 X121.818 Y100.311
G0 X117.786 Y105.229
G0 X116.89 Y105.57
G0 X116.417 Y105.711
G0 X116.417 Y104.992
G1 F8400 X116.611 Y104.992 E0.00322
G1 X116.666 Y104.98 E0.00093
G1 X117.179 Y104.768 E0.00921
G0 F18000 X117.453 Y105.434
G0 X117.723 Y105.268
G0 X121.818 Y100.311
G0 X121.818 Y99.592
G1 F8400 X122.355 Y99.592 E0.00891
G0 F18000 X122.355 Y100.311
G0 X117.786 Y105.229
G0 X117.453 Y105.434
G0 X117.179 Y104.768
G1 F8400 X101.538 Y120.408 E0.36692
G1 X102.076 Y120.408 E0.00892
G0 F18000 X102.076 Y119.689
G0 X117.786 Y105.229
G0 X118.243 Y104.466
G0 X118.023 Y104.064
G0 X117.449 Y104.498
G1 F8400 X122.355 Y99.592 E0.11509
G0 F18000 X122.355 Y100.311
G0 X117.786 Y105.229
G0 X102.076 Y119.689
G0 X102.076 Y120.408
G1 F8400 X122.892 Y99.592 E0.48834
G1 X123.43 Y99.592 E0.00892
G1 X102.613 Y120.408 E0.48835
G1 X103.151 Y120.408 E0.00892
G0 F18000 X103.151 Y119.689
G0 X107.875 Y114.456
G0 X108.488 Y114.829
G1 F8400 X108.609 Y114.634 E0.00381
G1 X109.146 Y114.413 E0.00963
G0 F18000 X108.872 Y113.747
G0 X108.229 Y114.072
G0 X103.151 Y119.689
G0 X103.151 Y120.408
G1 F8400 X108.59 Y114.968 E0.12761
G1 X108.614 Y115.001 E0.00068
G1 X108.955 Y115.141 E0.00611
G0 F18000 X109.146 Y114.413
G1 F8400 X123.967 Y99.592 E0.3477
G1 X124.505 Y99.592 E0.00892
G1 X109.751 Y114.346 E0.34612
G1 X110.288 Y114.346 E0.00891
G1 X125.042 Y99.592 E0.34612
G1 X125.579 Y99.592 E0.00891
G1 X110.787 Y114.384 E0.34702
G0 F18000 X111.062 Y113.72
G0 X109.086 Y113.724
G0 X108.158 Y114.108
G0 X107.701 Y114.871
G0 X108.151 Y115.474
G0 X108.68 Y115.805
G0 X108.955 Y115.141
G1 F8400 X103.688 Y120.408 E0.12356
G1 X104.225 Y120.408 E0.00891
G1 X109.347 Y115.287 E0.12015
G1 X109.884 Y115.287 E0.00891
G1 X104.763 Y120.408 E0.12014
G1 X105.3 Y120.408 E0.00891
G1 X110.422 Y115.287 E0.12015
G0 F18000 X110.787 Y114.384
G1 F8400 X111.167 Y114.541 E0.00682
G1 X126.117 Y99.592 E0.35071
G0 F18000 X126.117 Y100.311
G0 X111.842 Y115.524
G0 X110.946 Y115.865
G0 X110.422 Y116.006
G0 X110.422 Y115.287
G1 F8400 X110.667 Y115.287 E0.00406
G1 X110.721 Y115.275 E0.00092
G1 X111.147 Y115.099 E0.00765
G0 F18000 X111.421 Y115.765
G0 X111.762 Y115.57
G0 X126.117 Y100.311
G0 X126.117 Y99.592
G1 F8400 X126.654 Y99.592 E0.00891
G0 F18000 X126.654 Y100.311
G0 X111.842 Y115.524
G0 X111.421 Y115.765
G0 X111.147 Y115.099
G1 F8400 X105.838 Y120.408 E0.12455
G0 F18000 X105.838 Y119.689
G0 X111.842 Y115.524
G0 X112.299 Y114.761
G0 X112.057 Y114.33
G0 X111.483 Y114.763
G1 F8400 X126.654 Y99.592 E0.35591
G0 F18000 X126.654 Y100.311
G0 X112.125 Y115.176
G0 X111.512 Y114.803
G1 F8400 X111.391 Y114.998 E0.00381
G1 X111.147 Y115.099 E0.00438
G0 F18000 X111.421 Y115.765
G0 X105.838 Y119.689
G0 X105.838 Y120.408
G1 F8400 X106.375 Y120.408 E0.00891
G1 X127.192 Y99.592 E0.48835
G1 X127.729 Y99.592 E0.00891
G1 X106.912 Y120.408 E0.48835
G1 X107.45 Y120.408 E0.00892
G1 X128.266 Y99.592 E0.48834
G1 X128.804 Y99.592 E0.00892
G1 X107.987 Y120.408 E0.48835
G1 X108.525 Y120.408 E0.00892
G1 X129.341 Y99.592 E0.48834
G1 X129.879 Y99.592 E0.00892
G1 X109.062 Y120.408 E0.48835
G1 X109.599 Y120.408 E0.00891
G1 X130.416 Y99.592 E0.48835
G1 X130.953 Y99.592 E0.00891
G1 X110.137 Y120.408 E0.48834
G1 X110.674 Y120.408 E0.00891
G0 F18000 X110.674 Y119.689
G0 X125.706 Y104.161
G0 X126.319 Y104.534
G1 F8400 X126.44 Y104.339 E0.00381
G1 X126.957 Y104.125 E0.00928
G1 X131.491 Y99.592 E0.10635
G0 F18000 X131.491 Y100.311
G0 X125.989 Y103.813
G0 X110.674 Y119.689
G0 X110.674 Y120.408
G1 F8400 X126.416 Y104.667 E0.36929
G0 F18000 X125.844 Y105.099
G0 X125.532 Y104.576
G0 X125.989 Y103.813
G0 X131.491 Y100.311
G0 X131.491 Y99.592
G1 F8400 X132.028 Y99.592 E0.00891
G1 X127.57 Y104.05 E0.10458
G1 X128.107 Y104.05 E0.00891
G1 X132.566 Y99.592 E0.10459
G1 X133.103 Y99.592 E0.00891
G1 X128.609 Y104.086 E0.10543
G0 F18000 X128.884 Y103.422
G0 X126.917 Y103.429
G0 X125.989 Y103.813
G0 X125.532 Y104.576
G0 X125.844 Y105.099
G0 X126.416 Y104.667
G1 F8400 X126.445 Y104.706 E0.00081
G1 X126.777 Y104.843 E0.00596
G1 X111.212 Y120.408 E0.36515
G1 X111.749 Y120.408 E0.00891
G1 X127.165 Y104.992 E0.36165
G1 X127.703 Y104.992 E0.00892
G1 X112.286 Y120.408 E0.36167
G1 X112.824 Y120.408 E0.00892
G0 F18000 X112.824 Y119.689
G0 X125.989 Y103.813
G0 X127.095 Y103.392
G0 X128.884 Y103.422
G0 X128.609 Y104.086
G1 F8400 X128.99 Y104.242 E0.00683
G0 F18000 X129.265 Y103.579
G0 X129.63 Y103.796
G0 X130.13 Y104.466
G0 X129.719 Y105.153
G0 X112.824 Y119.689
G0 X112.824 Y120.408
G1 F8400 X128.24 Y104.992 E0.36165
G0 F18000 X128.24 Y105.711
G0 X128.745 Y105.613
G0 X129.673 Y105.229
G0 X130.13 Y104.466
G0 X129.68 Y103.863
G0 X129.265 Y103.579
G0 X128.99 Y104.242
G1 F8400 X133.253 Y99.979 E0.10001
G0 F18000 X132.564 Y100.281
G0 X129.673 Y105.229
G0 X128.777 Y105.57
G0 X128.24 Y105.711
G0 X128.24 Y104.992
G1 F8400 X128.498 Y104.992 E0.00428
G1 X128.552 Y104.98 E0.00092
G1 X128.957 Y104.812 E0.00727
G0 F18000 X129.231 Y105.478
G0 X129.629 Y105.254
G0 X132.564 Y100.281
G0 X133.253 Y99.979
G1 F8400 X133.253 Y100.517 E0.00892
G0 F18000 X132.534 Y100.517
G0 X129.673 Y105.229
G0 X129.231 Y105.478
G0 X128.957 Y104.812
G1 F8400 X113.361 Y120.408 E0.36588
G0 F18000 X113.361 Y119.689
G0 X129.673 Y105.229
G0 X130.13 Y104.466
G0 X129.882 Y104.027
G0 X129.309 Y104.46
G1 F8400 X133.253 Y100.517 E0.09251
G0 F18000 X132.534 Y100.517
G0 X129.956 Y104.881
G0 X129.343 Y104.508
G1 F8400 X129.222 Y104.703 E0.00381
G1 X128.957 Y104.812 E0.00475
G0 F18000 X129.231 Y105.478
G0 X113.361 Y119.689
G0 X113.361 Y120.408
G1 F8400 X113.899 Y120.408 E0.00892
G1 X133.253 Y101.054 E0.45404
G1 X133.253 Y101.591 E0.00891
G1 X114.436 Y120.408 E0.44144
G1 X114.973 Y120.408 E0.00891
G0 F18000 X114.973 Y119.689
G0 X119.762 Y114.456
G0 X120.375 Y114.828
G1 F8400 X120.496 Y114.634 E0.00379
G1 X120.924 Y114.457 E0.00768
G1 X133.253 Y102.129 E0.28922
G0 F18000 X132.534 Y102.129
G0 X129.673 Y105.229
G0 X120.045 Y114.108
G0 X114.973 Y119.689
G0 X114.973 Y120.408
G1 F8400 X120.45 Y114.932 E0.12848
G1 X120.501 Y115.001 E0.00142
G1 X120.797 Y115.122 E0.0053
G0 F18000 X120.522 Y115.787
G0 X120.088 Y115.541
G0 X119.588 Y114.871
G0 X120.045 Y114.108
G0 X121.151 Y113.687
G0 X121.836 Y113.692
G0 X132.534 Y102.129
G0 X133.253 Y102.129
G1 F8400 X133.253 Y102.666 E0.00891
G1 X121.574 Y114.346 E0.274
G1 X122.111 Y114.346 E0.00891
G1 X133.253 Y103.204 E0.26139
G1 X133.253 Y103.741 E0.00891
G1 X122.628 Y114.366 E0.24926
G0 F18000 X122.903 Y113.701
G0 X120.973 Y113.724
G0 X120.045 Y114.108
G0 X119.588 Y114.871
G0 X120.038 Y115.474
G0 X120.522 Y115.787
G0 X120.797 Y115.122
G1 F8400 X115.511 Y120.408 E0.12401
G1 X116.048 Y120.408 E0.00891
G1 X121.179 Y115.277 E0.12037
G1 X121.22 Y115.287 E0.0007
G1 X121.707 Y115.287 E0.00808
G1 X116.586 Y120.408 E0.12014
G1 X117.123 Y120.408 E0.00891
G1 X122.245 Y115.287 E0.12015
G0 F18000 X122.628 Y114.366
G1 F8400 X123.008 Y114.523 E0.00682
G1 X133.253 Y104.278 E0.24034
G1 X133.253 Y104.816 E0.00892
G0 F18000 X132.534 Y104.816
G0 X123.729 Y115.524
G0 X122.833 Y115.865
G0 X122.245 Y116.006
G0 X122.245 Y115.287
G1 F8400 X122.554 Y115.287 E0.00513
G1 X122.608 Y115.275 E0.00092
G1 X122.924 Y115.145 E0.00567
G1 X117.66 Y120.408 E0.12348
G1 X118.198 Y120.408 E0.00892
G0 F18000 X118.198 Y119.689
G0 X123.729 Y115.524
G0 X124.186 Y114.761
G0 X123.916 Y114.293
G0 X123.343 Y114.726
G1 F8400 X133.253 Y104.816 E0.23249
G0 F18000 X132.534 Y104.816
G0 X124.012 Y115.176
G0 X123.399 Y114.803
G1 F8400 X123.278 Y114.998 E0.00381
G1 X122.924 Y115.145 E0.00636
G0 F18000 X123.197 Y115.81
G0 X118.198 Y119.689
G0 X118.198 Y120.408
G1 F8400 X133.253 Y105.353 E0.35319
G1 X133.253 Y105.891 E0.00892
G1 X118.735 Y120.408 E0.34058
G1 X119.273 Y120.408 E0.00892
G1 X133.253 Y106.428 E0.32797
G1 X133.253 Y106.965 E0.00891
G1 X119.81 Y120.408 E0.31537
G1 X120.347 Y120.408 E0.00891
G1 X133.253 Y107.503 E0.30276
G1 X133.253 Y108.04 E0.00891
G1 X120.885 Y120.408 E0.29015
G1 X121.422 Y120.408 E0.00891
G1 X133.253 Y108.578 E0.27754
G1 X133.253 Y109.115 E0.00891
G1 X121.96 Y120.408 E0.26493
G1 X122.497 Y120.408 E0.00891
G1 X133.253 Y109.652 E0.25233
G1 X133.253 Y110.19 E0.00892
G1 X123.034 Y120.408 E0.23972
G1 X123.572 Y120.408 E0.00892
G1 X133.253 Y110.727 E0.22711
G1 X133.253 Y111.265 E0.00892
G1 X124.109 Y120.408 E0.2145
G1 X124.647 Y120.408 E0.00892
G1 X133.253 Y111.802 E0.20189
G1 X133.253 Y112.339 E0.00891
G1 X125.184 Y120.408 E0.1893
G1 X125.721 Y120.408 E0.00891
G1 X133.253 Y112.877 E0.17669
G1 X133.253 Y113.414 E0.00891
G1 X126.259 Y120.408 E0.16408
G1 X126.796 Y120.408 E0.00891
G0 F18000 X126.796 Y119.689
G0 X131.649 Y114.456
G0 X132.262 Y114.829
G1 F8400 X132.382 Y114.634 E0.0038
G1 X132.703 Y114.502 E0.00576
G0 F18000 X132.43 Y113.836
G0 X132.027 Y114.056
G0 X126.796 Y119.689
G0 X126.796 Y120.408
G1 F8400 X132.31 Y114.895 E0.12934
G0 F18000 X132.703 Y114.502
G1 F8400 X133.253 Y113.952 E0.0129
G1 X133.253 Y114.345 E0.00652
G1 X133.107 Y114.345 E0.00242
G1 X133.053 Y114.357 E0.00092
G0 F18000 X132.31 Y114.895
G1 F8400 X132.387 Y115.001 E0.00217
G1 X132.638 Y115.104 E0.0045
G1 X127.334 Y120.408 E0.12443
G1 X127.871 Y120.408 E0.00891
G1 X133.019 Y115.261 E0.12076
G1 X133.053 Y115.275 E0.00061
G1 X133.107 Y115.287 E0.00092
G1 X133.253 Y115.287 E0.00242
G1 X133.253 Y115.564 E0.0046
G1 X128.408 Y120.408 E0.11365
G1 X128.946 Y120.408 E0.00892
G1 X133.253 Y116.101 E0.10104
G1 X133.253 Y116.639 E0.00892
G1 X129.483 Y120.408 E0.08843
G1 X130.021 Y120.408 E0.00892
G1 X133.253 Y117.176 E0.07582
G1 X133.253 Y117.713 E0.00891
G1 X130.558 Y120.408 E0.06322
G1 X131.095 Y120.408 E0.00891
G1 X133.253 Y118.251 E0.05061
G1 X133.253 Y118.788 E0.00891
G1 X131.633 Y120.408 E0.038
G1 X132.17 Y120.408 E0.00891
G1 X133.253 Y119.326 E0.0254
G1 X133.253 Y119.863 E0.00891
G1 X132.708 Y120.408 E0.01279
G1 X133.245 Y120.408 E0.00891
G0 F18000 X132.254 Y119.521
G1 F1800 E-3.5
;MESH:Full_Asse_Dielectric_Part.STL
G0 F18000 X133.019 Y115.508
G0 X134.464 Y115.508
G0 X140.536 Y114.124
G0 X141.747 Y99.592
G1 F1800 E3.52079
G1 F8400 X141.747 Y100.084 E0.00816
G1 X142.239 Y99.592 E0.01154
G1 X142.776 Y99.592 E0.00891
G1 X141.747 Y100.621 E0.02414
G1 X141.747 Y101.159 E0.00892
G1 X143.314 Y99.592 E0.03676
G1 X143.851 Y99.592 E0.00891
G1 X141.747 Y101.696 E0.04936
G1 X141.747 Y102.233 E0.00891
G1 X144.388 Y99.592 E0.06196
G1 X144.926 Y99.592 E0.00892
G1 X141.747 Y102.771 E0.07458
G1 X141.747 Y103.308 E0.00891
G1 X145.463 Y99.592 E0.08718
G1 X146.001 Y99.592 E0.00892
G1 X141.747 Y103.846 E0.0998
G1 X141.747 Y104.383 E0.00891
G1 X146.538 Y99.592 E0.1124
G1 X147.075 Y99.592 E0.00891
G1 X141.747 Y104.921 E0.125
G1 X141.747 Y105.458 E0.00891
G1 X147.613 Y99.592 E0.13761
G1 X148.15 Y99.592 E0.00891
G1 X141.747 Y105.995 E0.15021
G1 X141.747 Y106.533 E0.00892
G1 X148.688 Y99.592 E0.16283
G1 X149.225 Y99.592 E0.00891
G1 X141.747 Y107.07 E0.17543
G1 X141.747 Y107.608 E0.00892
G1 X149.762 Y99.592 E0.18804
G1 X150.3 Y99.592 E0.00892
G1 X141.747 Y108.145 E0.20065
G1 X141.747 Y108.682 E0.00891
G0 F18000 X142.466 Y108.682
G0 X145.044 Y104.161
G0 X145.657 Y104.534
G1 F8400 X145.778 Y104.339 E0.00381
G1 X146.31 Y104.119 E0.00955
G1 X150.837 Y99.592 E0.1062
G0 F18000 X150.837 Y100.311
G0 X145.327 Y103.813
G0 X142.466 Y108.682
G0 X141.747 Y108.682
G1 F8400 X145.757 Y104.672 E0.09407
G1 X145.783 Y104.706 E0.00071
G1 X146.121 Y104.845 E0.00606
G0 F18000 X145.846 Y105.509
G0 X145.37 Y105.246
G0 X144.87 Y104.576
G0 X145.327 Y103.813
G0 X150.837 Y100.311
G0 X150.837 Y99.592
G1 F8400 X151.375 Y99.592 E0.00892
G1 X146.916 Y104.05 E0.10459
G1 X147.454 Y104.05 E0.00892
G1 X151.912 Y99.592 E0.10458
G1 X152.449 Y99.592 E0.00891
G1 X147.953 Y104.088 E0.10547
G0 F18000 X148.228 Y103.424
G0 X146.255 Y103.429
G0 X145.327 Y103.813
G0 X144.87 Y104.576
G0 X145.32 Y105.179
G0 X145.846 Y105.509
G0 X146.121 Y104.845
G1 F8400 X141.747 Y109.22 E0.10262
G1 X141.747 Y109.757 E0.00891
G1 X146.512 Y104.992 E0.11179
G1 X147.049 Y104.992 E0.00891
G1 X141.747 Y110.295 E0.12439
G1 X141.747 Y110.832 E0.00891
G1 X147.587 Y104.992 E0.137
G0 F18000 X147.953 Y104.088
G1 F8400 X148.333 Y104.245 E0.00682
G1 X152.987 Y99.592 E0.10917
G0 F18000 X152.987 Y100.311
G0 X149.011 Y105.229
G0 X148.115 Y105.57
G0 X147.587 Y105.711
G0 X147.587 Y104.992
G1 F8400 X147.836 Y104.992 E0.00413
G1 X147.89 Y104.98 E0.00092
G1 X148.31 Y104.806 E0.00754
G0 F18000 X148.584 Y105.472
G0 X148.93 Y105.275
G0 X152.987 Y100.311
G0 X152.987 Y99.592
G1 F8400 X153.524 Y99.592 E0.00891
G0 F18000 X153.524 Y100.311
G0 X149.011 Y105.229
G0 X148.584 Y105.472
G0 X148.31 Y104.806
G1 F8400 X141.747 Y111.369 E0.15397
G0 F18000 X142.466 Y111.369
G0 X149.011 Y105.229
G0 X149.468 Y104.466
G0 X149.224 Y104.032
G0 X148.651 Y104.465
G1 F8400 X153.524 Y99.592 E0.11432
G0 F18000 X153.524 Y100.311
G0 X149.294 Y104.881
G0 X148.681 Y104.508
G1 F8400 X148.56 Y104.703 E0.00381
G1 X148.31 Y104.806 E0.00449
G0 F18000 X148.584 Y105.472
G0 X142.466 Y111.369
G0 X141.747 Y111.369
G1 F8400 X141.747 Y111.907 E0.00892
G1 X154.062 Y99.592 E0.28891
G1 X154.599 Y99.592 E0.00891
G1 X141.747 Y112.444 E0.3015
G1 X141.747 Y112.982 E0.00892
G1 X155.136 Y99.592 E0.31411
G1 X155.674 Y99.592 E0.00892
G1 X141.747 Y113.519 E0.32672
G1 X141.747 Y114.056 E0.00891
G1 X156.211 Y99.592 E0.33932
G1 X156.749 Y99.592 E0.00892
G1 X141.972 Y114.368 E0.34665
G1 X142.353 Y114.524 E0.00683
G1 X157.286 Y99.592 E0.35031
G1 X157.823 Y99.592 E0.00891
G0 F18000 X157.823 Y100.311
G0 X143.068 Y115.524
G0 X142.449 Y115.827
G0 X141.947 Y115.275
G1 F8400 X141.893 Y115.287 E0.00092
G1 X141.747 Y115.287 E0.00242
G1 X141.747 Y115.668 E0.00632
G0 F18000 X142.449 Y115.827
G0 X143.068 Y115.524
G0 X143.525 Y114.761
G0 X143.258 Y114.297
G0 X142.685 Y114.73
G1 F8400 X157.823 Y99.592 E0.35513
G0 F18000 X157.823 Y100.311
G0 X143.068 Y115.524
G0 X142.449 Y115.827
G0 X141.747 Y115.668
G1 F8400 X142.278 Y115.137 E0.01246
G1 X142.617 Y114.997 E0.00608
G1 X142.738 Y114.803 E0.00379
G0 F18000 X143.351 Y115.176
G0 X143.121 Y115.458
G0 X142.449 Y115.827
G0 X141.747 Y115.668
G1 F8400 X141.747 Y116.205 E0.00891
G1 X158.361 Y99.592 E0.38975
G1 X158.898 Y99.592 E0.00891
G1 X141.747 Y116.743 E0.40236
G1 X141.747 Y117.28 E0.00891
G1 X159.436 Y99.592 E0.41497
G1 X159.973 Y99.592 E0.00891
G1 X141.747 Y117.817 E0.42756
G1 X141.747 Y118.355 E0.00892
G1 X160.51 Y99.592 E0.44017
G1 X161.048 Y99.592 E0.00892
G1 X141.747 Y118.892 E0.45278
G1 X141.747 Y119.43 E0.00892
G1 X161.585 Y99.592 E0.46539
G1 X162.123 Y99.592 E0.00892
G1 X141.747 Y119.967 E0.478
G1 X141.747 Y120.408 E0.00732
G1 X141.843 Y120.408 E0.00159
G0 F18000 X142.036 Y120.119
G0 X156.931 Y104.161
G0 X157.544 Y104.534
G1 F8400 X157.665 Y104.339 E0.00381
G1 X158.086 Y104.165 E0.00756
G1 X162.66 Y99.592 E0.10729
G0 F18000 X162.66 Y100.311
G0 X157.488 Y104.133
G0 X142.036 Y120.119
G0 X141.843 Y120.408
G1 F8400 X157.617 Y104.635 E0.37004
G0 F18000 X157.045 Y105.067
G0 X156.757 Y104.576
G0 X157.214 Y103.813
G0 X162.66 Y100.311
G0 X162.66 Y99.592
G1 F8400 X163.197 Y99.592 E0.00891
G1 X158.739 Y104.05 E0.10458
G1 X159.277 Y104.05 E0.00892
G1 X163.735 Y99.592 E0.10458
G1 X164.272 Y99.592 E0.00891
G1 X159.794 Y104.07 E0.10505
G0 F18000 X160.069 Y103.405
G0 X158.142 Y103.429
G0 X157.214 Y103.813
G0 X156.757 Y104.576
G0 X157.045 Y105.067
G0 X157.617 Y104.635
G1 F8400 X157.67 Y104.706 E0.00147
G1 X157.963 Y104.826 E0.00525
G1 X142.381 Y120.408 E0.36555
G1 X142.918 Y120.408 E0.00891
G1 X158.345 Y104.981 E0.36191
G1 X158.388 Y104.992 E0.00074
G1 X158.872 Y104.992 E0.00803
G1 X143.456 Y120.408 E0.36165
G1 X143.993 Y120.408 E0.00891
G0 F18000 X143.993 Y119.689
G0 X157.214 Y103.813
G0 X158.32 Y103.392
G0 X160.069 Y103.405
G0 X159.794 Y104.07
G1 F8400 X160.175 Y104.226 E0.00683
G0 F18000 X160.45 Y103.562
G0 X160.856 Y103.796
G0 X161.356 Y104.466
G0 X160.943 Y105.153
G0 X143.993 Y119.689
G0 X143.993 Y120.408
G1 F8400 X159.409 Y104.992 E0.36165
G0 F18000 X159.409 Y105.711
G0 X159.97 Y105.613
G0 X160.897 Y105.229
G0 X161.356 Y104.466
G0 X160.906 Y103.863
G0 X160.45 Y103.562
G0 X160.175 Y104.226
G1 F8400 X164.81 Y99.592 E0.10872
G0 F18000 X164.81 Y100.311
G0 X160.897 Y105.229
G0 X160.002 Y105.57
G0 X159.409 Y105.711
G0 X159.409 Y104.992
G1 F8400 X159.723 Y104.992 E0.00521
G1 X159.776 Y104.98 E0.0009
G1 X160.088 Y104.851 E0.0056
G0 F18000 X160.362 Y105.517
G0 X160.844 Y105.258
G0 X164.81 Y100.311
G0 X164.81 Y99.592
G1 F8400 X165.347 Y99.592 E0.00891
G0 F18000 X165.347 Y100.311
G0 X160.897 Y105.229
G0 X160.362 Y105.517
G0 X160.088 Y104.851
G1 F8400 X144.531 Y120.408 E0.36496
G0 F18000 X144.531 Y119.689
G0 X160.897 Y105.229
G0 X161.356 Y104.466
G0 X161.084 Y103.995
G0 X160.511 Y104.428
G1 F8400 X165.347 Y99.592 E0.11345
G0 F18000 X165.347 Y100.311
G0 X161.181 Y104.881
G0 X160.569 Y104.508
G1 F8400 X160.448 Y104.703 E0.00381
G1 X160.088 Y104.851 E0.00646
G0 F18000 X160.362 Y105.517
G0 X144.531 Y119.689
G0 X144.531 Y120.408
G1 F8400 X145.068 Y120.408 E0.00891
G1 X165.884 Y99.592 E0.48834
G1 X166.422 Y99.592 E0.00892
G1 X145.605 Y120.408 E0.48835
G1 X146.143 Y120.408 E0.00892
G0 F18000 X146.143 Y119.689
G0 X150.988 Y114.456
G0 X151.601 Y114.828
G1 F8400 X151.722 Y114.634 E0.00379
G1 X152.054 Y114.497 E0.00596
G1 X166.959 Y99.592 E0.34967
G0 F18000 X166.959 Y100.311
G0 X151.271 Y114.108
G0 X146.143 Y119.689
G0 X146.143 Y120.408
G1 F8400 X151.652 Y114.899 E0.12924
G1 X151.727 Y115.001 E0.0021
G1 X151.983 Y115.106 E0.00459
G0 F18000 X151.708 Y115.77
G0 X151.314 Y115.541
G0 X150.814 Y114.871
G0 X151.225 Y114.184
G0 X166.959 Y100.311
G0 X166.959 Y99.592
G1 F8400 X167.497 Y99.592 E0.00892
G1 X152.743 Y114.346 E0.34612
G1 X153.28 Y114.346 E0.00891
G1 X168.034 Y99.592 E0.34612
G1 X168.571 Y99.592 E0.00891
G1 X153.811 Y114.353 E0.34628
G0 F18000 X153.959 Y113.649
G0 X152.199 Y113.724
G0 X151.271 Y114.108
G0 X150.814 Y114.871
G0 X151.264 Y115.474
G0 X151.708 Y115.77
G0 X151.983 Y115.106
G1 F8400 X146.68 Y120.408 E0.12439
G1 X147.218 Y120.408 E0.00892
G1 X152.363 Y115.263 E0.1207
G1 X152.392 Y115.275 E0.00052
G1 X152.446 Y115.287 E0.00092
G1 X152.876 Y115.287 E0.00713
G1 X147.755 Y120.408 E0.12014
G1 X148.292 Y120.408 E0.00891
G0 F18000 X148.292 Y119.689
G0 X150.814 Y114.871
G0 X151.271 Y114.108
G0 X152.266 Y113.729
G0 X153.959 Y113.649
G0 X153.811 Y114.353
G1 F8400 X153.834 Y114.358 E0.00039
G1 X154.195 Y114.506 E0.00647
G0 F18000 X154.47 Y113.842
G0 X154.912 Y114.091
G0 X155.412 Y114.761
G0 X154.955 Y115.524
G0 X148.292 Y119.689
G0 X148.292 Y120.408
G1 F8400 X153.414 Y115.287 E0.12015
G0 F18000 X153.414 Y116.006
G0 X154.027 Y115.908
G0 X154.955 Y115.524
G0 X155.412 Y114.761
G0 X154.962 Y114.158
G0 X154.47 Y113.842
G0 X154.195 Y114.506
G1 F8400 X169.109 Y99.592 E0.34988
G0 F18000 X169.109 Y100.311
G0 X154.955 Y115.524
G0 X154.059 Y115.865
G0 X153.414 Y116.006
G0 X153.414 Y115.287
G1 F8400 X153.78 Y115.287 E0.00607
G1 X153.834 Y115.275 E0.00092
G1 X154.054 Y115.184 E0.00395
G0 F18000 X154.328 Y115.85
G0 X154.892 Y115.557
G0 X169.109 Y100.311
G0 X169.109 Y99.592
G1 F8400 X169.646 Y99.592 E0.00891
G1 X154.545 Y114.693 E0.35426
G0 F18000 X154.054 Y115.184
G1 F8400 X148.83 Y120.408 E0.12255
G0 F18000 X148.83 Y119.689
G0 X154.955 Y115.524
G0 X155.238 Y115.176
G0 X154.624 Y114.803
G1 F8400 X154.504 Y114.998 E0.0038
G1 X154.054 Y115.184 E0.00808
G0 F18000 X154.328 Y115.85
G0 X148.83 Y119.689
G0 X148.83 Y120.408
G1 F8400 X149.367 Y120.408 E0.00891
G1 X170.184 Y99.592 E0.48835
G1 X170.721 Y99.592 E0.00891
G1 X149.905 Y120.408 E0.48834
G1 X150.442 Y120.408 E0.00891
G1 X171.258 Y99.592 E0.48834
G1 X171.796 Y99.592 E0.00892
G1 X150.979 Y120.408 E0.48835
G1 X151.517 Y120.408 E0.00892
G1 X172.333 Y99.592 E0.48834
G1 X172.871 Y99.592 E0.00892
G1 X152.054 Y120.408 E0.48835
G1 X152.592 Y120.408 E0.00892
G1 X173.408 Y99.592 E0.48834
G1 X173.945 Y99.592 E0.00891
G1 X153.129 Y120.408 E0.48834
G1 X153.666 Y120.408 E0.00891
G0 F18000 X153.666 Y119.689
G0 X168.819 Y104.161
G0 X169.431 Y104.534
G1 F8400 X169.552 Y104.339 E0.00381
G1 X169.865 Y104.21 E0.00562
G0 F18000 X169.591 Y103.544
G0 X169.196 Y103.762
G0 X153.666 Y119.689
G0 X153.666 Y120.408
G1 F8400 X169.477 Y104.597 E0.37092
G1 X169.557 Y104.706 E0.00224
G1 X169.805 Y104.807 E0.00444
G0 F18000 X169.865 Y104.21
G1 F8400 X174.483 Y99.592 E0.10834
G1 X175.02 Y99.592 E0.00891
G1 X170.562 Y104.05 E0.10458
G1 X171.099 Y104.05 E0.00891
G1 X175.558 Y99.592 E0.10459
G1 X176.095 Y99.592 E0.00891
G1 X171.632 Y104.055 E0.1047
G1 X171.665 Y104.061 E0.00056
G1 X172.017 Y104.207 E0.00632
G0 F18000 X172.292 Y103.543
G0 X171.68 Y103.392
G0 X170.03 Y103.429
G0 X169.103 Y103.813
G0 X168.644 Y104.576
G0 X169.094 Y105.179
G0 X169.53 Y105.472
G0 X169.805 Y104.807
G1 F8400 X154.204 Y120.408 E0.36599
G1 X154.741 Y120.408 E0.00891
G1 X170.186 Y104.964 E0.36232
G1 X170.223 Y104.98 E0.00067
G1 X170.277 Y104.993 E0.00092
G1 X170.695 Y104.992 E0.00693
G1 X155.279 Y120.408 E0.36165
G1 X155.816 Y120.408 E0.00891
G1 X171.232 Y104.992 E0.36165
G1 X171.611 Y104.992 E0.00629
G1 X171.665 Y104.981 E0.00091
G1 X171.864 Y104.898 E0.00358
G0 F18000 X172.017 Y104.207
G1 F8400 X176.632 Y99.592 E0.10827
G1 X177.17 Y99.592 E0.00892
G0 F18000 X177.17 Y100.311
G0 X172.786 Y105.229
G0 X172.137 Y105.563
G0 X171.864 Y104.898
G1 F8400 X156.353 Y120.408 E0.36387
G1 X156.891 Y120.408 E0.00892
G0 F18000 X156.891 Y119.689
G0 X172.786 Y105.229
G0 X173.243 Y104.466
G0 X172.943 Y103.959
G0 X172.371 Y104.391
G1 F8400 X177.17 Y99.592 E0.11258
G0 F18000 X177.17 Y100.311
G0 X173.069 Y104.881
G0 X172.456 Y104.508
G1 F8400 X172.335 Y104.703 E0.00381
G1 X171.864 Y104.898 E0.00846
G0 F18000 X172.137 Y105.563
G0 X156.891 Y119.689
G0 X156.891 Y120.408
G1 F8400 X177.707 Y99.592 E0.48834
G1 X178.245 Y99.592 E0.00892
G1 X157.428 Y120.408 E0.48835
G1 X157.966 Y120.408 E0.00892
G1 X163.511 Y114.862 E0.1301
G1 X163.615 Y115.001 E0.00288
G1 X163.824 Y115.087 E0.00375
G0 F18000 X163.832 Y114.542
G1 F8400 X178.782 Y99.592 E0.35072
G1 X179.319 Y99.592 E0.00891
G1 X164.566 Y114.345 E0.3461
G1 X165.104 Y114.345 E0.00892
G1 X179.857 Y99.592 E0.3461
G1 X180.394 Y99.592 E0.00891
G1 X165.641 Y114.345 E0.3461
G1 X165.667 Y114.345 E0.00043
G1 X165.721 Y114.357 E0.00092
G1 X166.036 Y114.488 E0.00566
G0 F18000 X166.311 Y113.823
G0 X165.736 Y113.687
G0 X164.086 Y113.724
G0 X163.158 Y114.108
G0 X162.701 Y114.871
G0 X163.151 Y115.474
G0 X163.549 Y115.751
G0 X163.824 Y115.087
G1 F8400 X158.503 Y120.408 E0.12483
G1 X159.04 Y120.408 E0.00891
G1 X164.204 Y115.244 E0.12115
G1 X164.279 Y115.275 E0.00135
G1 X164.333 Y115.287 E0.00092
G1 X164.699 Y115.287 E0.00607
G1 X159.578 Y120.408 E0.12014
G1 X160.115 Y120.408 E0.00891
G1 X165.237 Y115.287 E0.12015
G1 X165.667 Y115.287 E0.00713
G1 X165.721 Y115.275 E0.00092
G1 X165.832 Y115.229 E0.00199
G0 F18000 X166.036 Y114.488
G1 F8400 X180.932 Y99.592 E0.34946
G1 X181.469 Y99.592 E0.00891
G0 F18000 X181.469 Y100.311
G0 X166.842 Y115.524
G0 X166.105 Y115.895
G0 X165.832 Y115.229
G1 F8400 X160.653 Y120.408 E0.1215
G0 F18000 X160.653 Y119.689
G0 X166.842 Y115.524
G0 X167.299 Y114.761
G0 X166.977 Y114.224
G0 X166.405 Y114.656
G1 F8400 X181.469 Y99.592 E0.3534
G0 F18000 X181.469 Y100.311
G0 X167.125 Y115.176
G0 X166.512 Y114.803
G1 F8400 X166.391 Y114.998 E0.00381
G1 X165.832 Y115.229 E0.01003
G0 F18000 X166.105 Y115.895
G0 X160.653 Y119.689
G0 X160.653 Y120.408
G1 F8400 X161.19 Y120.408 E0.00891
G1 X182.006 Y99.592 E0.48834
G1 X182.544 Y99.592 E0.00892
G1 X161.727 Y120.408 E0.48835
G1 X162.265 Y120.408 E0.00892
G1 X183.081 Y99.592 E0.48834
G1 X183.619 Y99.592 E0.00892
G1 X162.802 Y120.408 E0.48835
G1 X163.34 Y120.408 E0.00892
G1 X184.156 Y99.592 E0.48834
G1 X184.693 Y99.592 E0.00891
G1 X163.877 Y120.408 E0.48834
G1 X164.414 Y120.408 E0.00891
G1 X185.231 Y99.592 E0.48835
G1 X185.768 Y99.592 E0.00891
G1 X164.952 Y120.408 E0.48834
G1 X165.489 Y120.408 E0.00891
G1 X181.338 Y104.56 E0.3718
G0 F18000 X181.642 Y104.255
G1 F8400 X186.306 Y99.592 E0.1094
G1 X186.843 Y99.592 E0.00891
G1 X182.385 Y104.05 E0.10458
G1 X182.922 Y104.05 E0.00891
G1 X187.38 Y99.592 E0.10458
G1 X187.918 Y99.592 E0.00892
G1 X183.46 Y104.05 E0.10458
G1 X183.498 Y104.05 E0.00063
G1 X183.552 Y104.062 E0.00092
G1 X183.858 Y104.189 E0.0055
G0 F18000 X184.133 Y103.524
G0 X183.567 Y103.392
G0 X181.917 Y103.429
G0 X180.989 Y103.813
G0 X180.532 Y104.576
G0 X180.764 Y104.994
G0 X181.338 Y104.56
G1 F8400 X181.445 Y104.706 E0.003
G1 X181.647 Y104.788 E0.00362
G1 X166.027 Y120.408 E0.36644
G1 X166.564 Y120.408 E0.00891
G1 X182.027 Y104.945 E0.36276
G1 X182.11 Y104.98 E0.00149
G1 X182.164 Y104.992 E0.00092
G1 X182.518 Y104.992 E0.00587
G1 X167.101 Y120.408 E0.36167
G1 X167.639 Y120.408 E0.00892
G0 F18000 X167.639 Y119.689
G0 X184.673 Y105.229
G0 X185.13 Y104.466
G0 X184.68 Y103.863
G0 X184.133 Y103.524
G0 X183.858 Y104.189
G1 F8400 X188.253 Y99.794 E0.10311
G0 F18000 X187.564 Y100.281
G0 X184.673 Y105.229
G0 X167.639 Y119.689
G0 X167.639 Y120.408
G1 F8400 X183.055 Y104.992 E0.36165
G0 F18000 X183.055 Y105.711
G0 X183.745 Y105.613
G0 X184.673 Y105.229
G0 X187.564 Y100.281
G0 X188.253 Y99.794
G1 F8400 X188.253 Y100.331 E0.00891
G0 F18000 X187.534 Y100.331
G0 X184.673 Y105.229
G0 X183.777 Y105.57
G0 X183.055 Y105.711
G0 X183.055 Y104.992
G1 F8400 X183.498 Y104.992 E0.00735
G1 X183.552 Y104.98 E0.00092
G1 X183.642 Y104.942 E0.00162
G1 X168.176 Y120.408 E0.36283
G0 F18000 X168.176 Y119.689
G0 X184.673 Y105.229
G0 X185.13 Y104.466
G0 X184.802 Y103.922
G0 X184.23 Y104.354
G1 F8400 X188.253 Y100.331 E0.09438
G0 F18000 X187.534 Y100.331
G0 X184.956 Y104.881
G0 X184.343 Y104.508
G1 F8400 X184.222 Y104.703 E0.00381
G1 X183.642 Y104.942 E0.01041
G0 F18000 X183.916 Y105.608
G0 X168.176 Y119.689
G0 X168.176 Y120.408
G1 F8400 X168.714 Y120.408 E0.00892
G1 X188.253 Y100.869 E0.45838
G1 X188.253 Y101.406 E0.00891
G1 X169.251 Y120.408 E0.44578
G1 X169.788 Y120.408 E0.00891
G0 F18000 X169.788 Y119.689
G0 X175.045 Y114.108
G0 X175.335 Y113.921
G0 X175.609 Y114.587
G1 F8400 X188.253 Y101.944 E0.29661
G0 F18000 X187.534 Y101.944
G0 X184.673 Y105.229
G0 X175.045 Y114.108
G0 X169.788 Y119.689
G0 X169.788 Y120.408
G1 F8400 X175.386 Y114.811 E0.13132
G0 F18000 X174.773 Y114.438
G0 X175.045 Y114.108
G0 X184.673 Y105.229
G0 X187.534 Y101.944
G0 X188.253 Y101.944
G1 F8400 X188.253 Y102.481 E0.00891
G1 X176.389 Y114.345 E0.27833
G1 X176.927 Y114.345 E0.00892
G1 X188.253 Y103.018 E0.26572
G1 X188.253 Y103.556 E0.00892
G1 X177.464 Y114.345 E0.25311
G1 X177.555 Y114.345 E0.00151
G1 X177.608 Y114.357 E0.0009
G1 X177.878 Y114.469 E0.00485
G0 F18000 X178.153 Y113.804
G0 X177.623 Y113.687
G0 X175.973 Y113.724
G0 X175.045 Y114.108
G0 X174.773 Y114.438
G0 X175.386 Y114.811
G1 F8400 X175.375 Y114.829 E0.00035
G1 X175.501 Y115.001 E0.00354
G1 X175.666 Y115.068 E0.00295
G1 X170.326 Y120.408 E0.12527
G1 X170.863 Y120.408 E0.00891
G1 X176.046 Y115.225 E0.12159
G1 X176.166 Y115.275 E0.00216
G1 X176.22 Y115.287 E0.00092
G1 X176.521 Y115.287 E0.00499
G1 X171.401 Y120.408 E0.12013
G1 X171.938 Y120.408 E0.00891
G1 X177.059 Y115.287 E0.12014
G0 F18000 X177.059 Y116.006
G0 X177.801 Y115.908
G0 X178.729 Y115.524
G0 X179.186 Y114.761
G0 X178.736 Y114.158
G0 X178.153 Y113.804
G0 X177.878 Y114.469
G1 F8400 X188.253 Y104.093 E0.24341
G0 F18000 X187.534 Y104.093
G0 X178.729 Y115.524
G0 X177.734 Y115.903
G0 X177.059 Y116.006
G0 X177.059 Y115.287
G1 F8400 X177.554 Y115.287 E0.00821
G1 X177.608 Y115.275 E0.00092
G0 F18000 X177.881 Y115.94
G0 X178.729 Y115.524
G0 X187.534 Y104.093
G0 X188.253 Y104.093
G1 F8400 X188.253 Y104.631 E0.00892
G0 F18000 X187.534 Y104.631
G0 X178.729 Y115.524
G0 X177.881 Y115.94
G0 X177.608 Y115.275
G1 F8400 X172.475 Y120.408 E0.12042
G0 F18000 X172.475 Y119.689
G0 X177.881 Y115.94
G0 X177.608 Y115.275
G1 F8400 X178.278 Y114.997 E0.01203
G1 X178.399 Y114.803 E0.00379
G1 X178.273 Y114.63 E0.00355
G0 F18000 X178.844 Y114.198
G0 X179.186 Y114.761
G0 X178.775 Y115.448
G0 X172.475 Y119.689
G0 X172.475 Y120.408
G1 F8400 X173.013 Y120.408 E0.00892
G0 F18000 X173.013 Y119.689
G0 X178.729 Y115.524
G0 X179.186 Y114.761
G0 X178.534 Y113.962
G0 X178.259 Y114.625
G1 F8400 X188.253 Y104.631 E0.23446
G0 F18000 X187.534 Y104.631
G0 X178.729 Y115.524
G0 X173.013 Y119.689
G0 X173.013 Y120.408
G1 F8400 X188.253 Y105.168 E0.35753
G1 X188.253 Y105.705 E0.00891
G1 X173.55 Y120.408 E0.34493
G1 X174.088 Y120.408 E0.00892
G1 X188.253 Y106.243 E0.33231
G1 X188.253 Y106.78 E0.00891
G1 X174.625 Y120.408 E0.31971
G1 X175.162 Y120.408 E0.00891
G1 X188.253 Y107.318 E0.3071
G1 X188.253 Y107.855 E0.00891
G1 X175.7 Y120.408 E0.29449
G1 X176.237 Y120.408 E0.00891
G1 X188.253 Y108.392 E0.28189
G1 X188.253 Y108.93 E0.00892
G1 X176.775 Y120.408 E0.26927
G1 X177.312 Y120.408 E0.00891
G1 X188.253 Y109.467 E0.25667
G1 X188.253 Y110.005 E0.00892
G1 X177.849 Y120.408 E0.24406
G1 X178.387 Y120.408 E0.00892
G1 X188.253 Y110.542 E0.23145
G1 X188.253 Y111.079 E0.00891
G1 X178.924 Y120.408 E0.21886
G1 X179.462 Y120.408 E0.00892
G1 X188.253 Y111.617 E0.20623
G1 X188.253 Y112.154 E0.00891
G1 X179.999 Y120.408 E0.19364
G1 X180.536 Y120.408 E0.00891
G1 X188.253 Y112.692 E0.18103
G1 X188.253 Y113.229 E0.00891
G1 X181.074 Y120.408 E0.16842
G1 X181.611 Y120.408 E0.00891
G1 X187.378 Y114.642 E0.13528
G1 X187.387 Y114.633
G1 X188.253 Y113.766 E0.02033
G1 X188.253 Y114.304 E0.00892
G0 F18000 X187.378 Y114.642
G1 F8400 X187.262 Y114.829 E0.00365
G1 X187.388 Y115.001 E0.00354
G1 X187.507 Y115.05 E0.00213
G1 X182.149 Y120.408 E0.1257
G1 X182.686 Y120.408 E0.00891
G1 X187.888 Y115.206 E0.12204
G1 X188.053 Y115.275 E0.00297
G1 X188.107 Y115.287 E0.00092
G1 X188.253 Y115.287 E0.00242
G1 X188.253 Y115.379 E0.00153
G1 X183.223 Y120.408 E0.11799
G1 X183.761 Y120.408 E0.00892
G1 X188.253 Y115.916 E0.10538
G1 X188.253 Y116.453 E0.00891
G1 X184.298 Y120.408 E0.09278
G1 X184.836 Y120.408 E0.00892
G1 X188.253 Y116.991 E0.08016
G1 X188.253 Y117.528 E0.00891
G1 X185.373 Y120.408 E0.06756
G1 X185.91 Y120.408 E0.00891
G1 X188.253 Y118.066 E0.05495
G1 X188.253 Y118.603 E0.00891
G1 X186.448 Y120.408 E0.04234
G1 X186.985 Y120.408 E0.00891
G1 X188.253 Y119.14 E0.02975
G1 X188.253 Y119.678 E0.00892
G1 X187.523 Y120.408 E0.01713
G1 X188.06 Y120.408 E0.00891
G1 X188.253 Y120.215 E0.00453
G1 X188.253 Y120.408 E0.0032
G0 F18000 X187.254 Y119.521
G1 F1800 E-3.5
;MESH:NONMESH
G0 F1200 X187.254 Y119.521 Z0.9
G0 F18000 X175.341 Y115.213
G0 X141.98 Y99.825
G0 X140.536 Y99.825
G0 X78.853 Y68.063
G0 X78.537 Y66.624
G0 X74.103 Y65.193
G0 X74.222 Y64.899
;TIME_ELAPSED:479.506567
;LAYER:6
;TYPE:WALL-INNER
;MESH:01_Prime_Insulator.STL
G1 F1800 E3.52079
G1 F3000 X74.407 Y64.972 E0.00261
G1 X74.863 Y65.137 E0.00636
G1 X75.292 Y65.272 E0.0059
G1 X75.516 Y65.338 E0.00306
G1 X75.968 Y65.448 E0.0061
G1 X76.185 Y65.495 E0.00291
G1 X76.873 Y65.613 E0.00915
G1 X77.127 Y65.643 E0.00335
G1 X77.565 Y65.68 E0.00576
G1 X77.792 Y65.693 E0.00298
G1 X78.26 Y65.706 E0.00614
G1 X78.52 Y65.702 E0.00341
G1 X78.976 Y65.682 E0.00599
G1 X79.431 Y65.645 E0.00599
G1 X79.674 Y65.614 E0.00321
G1 X79.9 Y65.581 E0.00299
G1 X80.347 Y65.502 E0.00595
G1 X80.8 Y65.405 E0.00607
G1 X81.035 Y65.344 E0.00318
G1 X81.259 Y65.28 E0.00305
G1 X81.674 Y65.149 E0.00571
G1 X81.904 Y65.072 E0.00318
G1 X82.35 Y64.899 E0.00627
G1 X82.54 Y64.818 E0.00271
G1 X83.012 Y64.6 E0.00682
G1 X83.395 Y64.396 E0.00569
G1 X83.787 Y64.17 E0.00593
G1 X84.033 Y64.017 E0.0038
G1 X84.367 Y63.795 E0.00526
G1 X84.732 Y63.525 E0.00595
G1 X84.938 Y63.366 E0.00341
G1 X85.302 Y63.061 E0.00623
G1 X85.634 Y62.757 E0.0059
G1 X85.964 Y62.427 E0.00612
G1 X86.252 Y62.109 E0.00563
G1 X86.424 Y61.909 E0.00346
G1 X86.72 Y61.551 E0.00609
G1 X86.725 Y61.54 E0.00016
G1 X86.845 Y61.372 E0.00271
G1 X86.854 Y61.364 E0.00016
G1 X87.101 Y61.014 E0.00562
G1 X87.346 Y60.629 E0.00598
G1 X87.599 Y60.201 E0.00652
G1 X87.708 Y59.991 E0.0031
G1 X87.904 Y59.592 E0.00583
G1 X88.016 Y59.352 E0.00347
G1 X88.19 Y58.931 E0.00597
G1 X88.341 Y58.509 E0.00588
G1 X88.475 Y58.084 E0.00584
G1 X88.539 Y57.859 E0.00307
G1 X88.649 Y57.418 E0.00596
G1 X88.748 Y56.939 E0.00641
G1 X88.813 Y56.504 E0.00577
G1 X88.869 Y56.013 E0.00648
G1 X88.884 Y55.81 E0.00267
G1 X88.898 Y55.551 E0.0034
G1 X88.905 Y55.348 E0.00266
G1 X88.906 Y54.864 E0.00635
G1 X88.898 Y54.623 E0.00316
G1 X88.886 Y54.392 E0.00303
G1 X88.848 Y53.926 E0.00613
G1 X88.822 Y53.718 E0.00275
G1 X88.784 Y53.469 E0.0033
G1 X88.705 Y53.017 E0.00602
G1 X88.608 Y52.576 E0.00592
G1 X88.502 Y52.177 E0.00541
G1 X88.418 Y51.897 E0.00383
G1 X88.346 Y51.675 E0.00306
G1 X88.193 Y51.247 E0.00596
G1 X88.006 Y50.797 E0.00639
G1 X87.958 Y50.696 E0.00147
G1 X87.937 Y50.64 E0.00078
G1 X87.613 Y49.997 E0.00944
G1 X87.484 Y49.773 E0.00339
G1 X87.249 Y49.384 E0.00596
G1 X87.048 Y49.079 E0.00479
G1 X86.706 Y48.607 E0.00764
G1 X86.421 Y48.256 E0.00593
G1 X86.12 Y47.91 E0.00601
G1 X85.805 Y47.582 E0.00596
G1 X85.468 Y47.257 E0.00614
G1 X85.319 Y47.125 E0.00261
G1 X84.962 Y46.824 E0.00612
G1 X84.581 Y46.528 E0.00633
G1 X84.213 Y46.27 E0.00589
G1 X83.99 Y46.124 E0.0035
G1 X83.609 Y45.892 E0.00585
G1 X83.212 Y45.673 E0.00595
G1 X82.718 Y45.428 E0.00723
G1 X82.13 Y45.182 E0.00836
G1 X82.124 Y45.182 E0.00008
G1 X81.92 Y45.105 E0.00286
G1 X81.501 Y44.96 E0.00581
G1 X81.054 Y44.829 E0.00611
G1 X80.59 Y44.714 E0.00627
G1 X80.144 Y44.627 E0.00596
G1 X79.711 Y44.56 E0.00575
G1 X79.254 Y44.506 E0.00603
G1 X78.779 Y44.475 E0.00624
G1 X78.553 Y44.466 E0.00297
G1 X78.068 Y44.466 E0.00636
G1 X77.831 Y44.474 E0.00311
G1 X77.361 Y44.503 E0.00617
G1 X76.912 Y44.553 E0.00592
G1 X76.676 Y44.587 E0.00313
G1 X76.229 Y44.666 E0.00595
G1 X75.996 Y44.712 E0.00311
G1 X75.538 Y44.826 E0.00619
G1 X75.098 Y44.954 E0.00601
G1 X74.66 Y45.1 E0.00605
G1 X74.22 Y45.274 E0.0062
G1 X73.79 Y45.464 E0.00616
G1 X73.399 Y45.656 E0.00571
G1 X72.99 Y45.88 E0.00611
G1 X72.578 Y46.128 E0.00631
G1 X72.204 Y46.377 E0.00589
G1 X72.008 Y46.518 E0.00317
G1 X71.643 Y46.8 E0.00605
G1 X71.304 Y47.086 E0.00582
G1 X71.151 Y47.219 E0.00266
G1 X70.798 Y47.557 E0.00641
G1 X70.478 Y47.89 E0.00606
G1 X70.169 Y48.236 E0.00608
G1 X70.001 Y48.437 E0.00344
G1 X69.729 Y48.795 E0.0059
G1 X69.623 Y48.946 E0.00242
G1 X69.59 Y48.988 E0.0007
G1 X69.337 Y49.367 E0.00598
G1 X69.1 Y49.756 E0.00597
G1 X68.981 Y49.963 E0.00313
G1 X68.884 Y50.148 E0.00274
G1 X68.673 Y50.574 E0.00623
G1 X68.578 Y50.777 E0.00294
G1 X68.393 Y51.221 E0.00631
G1 X68.227 Y51.681 E0.00641
G1 X68.079 Y52.153 E0.00649
G1 X67.98 Y52.529 E0.0051
G1 X67.877 Y52.985 E0.00613
G1 X67.794 Y53.458 E0.0063
G1 X67.758 Y53.698 E0.00318
G1 X67.73 Y53.914 E0.00286
G1 X67.692 Y54.361 E0.00588
G1 X67.67 Y54.827 E0.00612
G1 X67.666 Y55.056 E0.003
G1 X67.678 Y55.54 E0.00635
G1 X67.69 Y55.772 E0.00305
G1 X67.727 Y56.231 E0.00604
G1 X67.758 Y56.471 E0.00317
G1 X67.824 Y56.909 E0.00581
G1 X67.917 Y57.37 E0.00617
G1 X67.968 Y57.591 E0.00297
G1 X68.089 Y58.05 E0.00622
G1 X68.229 Y58.494 E0.0061
G1 X68.39 Y58.941 E0.00623
G1 X68.56 Y59.354 E0.00586
G1 X68.661 Y59.569 E0.00311
G1 X68.857 Y59.969 E0.00584
G1 X68.962 Y60.169 E0.00296
G1 X69.221 Y60.615 E0.00676
G1 X69.439 Y60.96 E0.00535
G1 X69.59 Y61.179 E0.00349
G1 X69.86 Y61.546 E0.00597
G1 X70.144 Y61.899 E0.00594
G1 X70.285 Y62.065 E0.00286
G1 X70.438 Y62.238 E0.00303
G1 X70.591 Y62.4 E0.00292
G1 X70.943 Y62.758 E0.00658
G1 X71.265 Y63.051 E0.00571
G1 X71.611 Y63.346 E0.00596
G1 X71.814 Y63.508 E0.00341
G1 X72.397 Y63.924 E0.00939
G1 X72.955 Y64.268 E0.0086
G1 X73.176 Y64.393 E0.00333
G1 X73.572 Y64.601 E0.00587
G1 X73.789 Y64.707 E0.00317
G1 X74.222 Y64.899 E0.00621
G0 F18000 X74.103 Y65.193
G0 X76.174 Y65.74
G0 X78.543 Y66.082
G1 F2992.1 X78.776 Y66.073 E0.00307
G1 F2984.3 X79.248 Y66.041 E0.00624
G1 F3000 X79.506 Y66.018 E0.0034
G1 F2992.1 X79.768 Y65.985 E0.00347
G1 F2961 X80.191 Y65.918 E0.00569
G1 F2968.8 X80.665 Y65.824 E0.0064
G1 F3000 X80.914 Y65.766 E0.00335
G1 X81.155 Y65.705 E0.00326
G1 F2976.5 X81.364 Y65.647 E0.00287
G1 F2984.3 X81.826 Y65.499 E0.00639
G1 F3007.9 X82.062 Y65.417 E0.00327
G1 X82.272 Y65.338 E0.00293
G1 F3015.9 X82.524 Y65.237 E0.00354
G1 F3007.9 X82.938 Y65.054 E0.00592
G1 X83.148 Y64.954 E0.00304
G1 F3015.9 X83.605 Y64.713 E0.00674
G1 F2992.1 X83.786 Y64.61 E0.00274
G1 X84.001 Y64.482 E0.00329
G1 F3007.9 X84.257 Y64.324 E0.00393
G1 F3015.9 X84.594 Y64.099 E0.00529
G1 F3007.9 X84.995 Y63.802 E0.00653
G1 F3000 X85.175 Y63.662 E0.00299
G1 F2992.1 X85.418 Y63.46 E0.00415
G1 F3000 X85.557 Y63.34 E0.00241
G1 F3015.9 X85.91 Y63.016 E0.00625
G1 F3007.9 X86.059 Y62.873 E0.0027
G1 X86.257 Y62.669 E0.00372
G1 X86.581 Y62.31 E0.00632
G1 F3000 X86.846 Y61.993 E0.00542
G1 F3023.9 X87.02 Y61.779 E0.00359
G1 X87.151 Y61.595 E0.00294
G1 F2992.1 X87.29 Y61.407 E0.00307
G1 F3000 X87.421 Y61.218 E0.00302
G1 F3007.9 X87.681 Y60.808 E0.00635
G1 F2992.1 X87.815 Y60.584 E0.00343
G1 F3000 X87.935 Y60.372 E0.00319
G1 F3007.9 X88.057 Y60.142 E0.0034
G1 F3000 X88.26 Y59.729 E0.00603
G1 F3015.9 X88.365 Y59.497 E0.00332
G1 F3031.9 X88.549 Y59.049 E0.00628
G1 F3015.9 X88.712 Y58.599 E0.00624
G1 F2984.3 X88.851 Y58.156 E0.00612
G1 X88.919 Y57.915 E0.0033
G1 F3000 X89.019 Y57.505 E0.00553
G1 F3007.9 X89.119 Y57.014 E0.00655
G1 X89.192 Y56.537 E0.00631
G1 X89.247 Y56.03 E0.00667
G1 X89.265 Y55.795 E0.00308
G1 F3000 X89.286 Y55.339 E0.00599
G1 X89.286 Y54.835 E0.00661
G1 F2992.1 X89.277 Y54.592 E0.0032
G1 X89.245 Y54.117 E0.00626
G1 F3007.9 X89.225 Y53.889 E0.00299
G1 F3000 X89.158 Y53.4 E0.00647
G1 F2984.3 X89.119 Y53.17 E0.00308
G1 F3000 X89.07 Y52.913 E0.00343
G1 F2992.1 X89.025 Y52.697 E0.0029
G1 F2968.8 X88.961 Y52.421 E0.00375
G1 X88.86 Y52.043 E0.00518
G1 F2976.5 X88.698 Y51.531 E0.0071
G1 F2992.1 X88.52 Y51.044 E0.00682
G1 F3015.9 X88.352 Y50.645 E0.00565
G1 F3023.9 X88.26 Y50.439 E0.00294
G1 F3015.9 X88.146 Y50.208 E0.00336
G1 X87.919 Y49.769 E0.00645
G1 F3000 X87.689 Y49.373 E0.006
G1 F2992.1 X87.45 Y48.998 E0.00585
G1 F3000 X87.342 Y48.838 E0.00253
G1 F3007.9 X87.004 Y48.373 E0.00752
G1 F3000 X86.71 Y48.009 E0.00614
G1 F2992.1 X86.566 Y47.841 E0.00291
G1 F3000 X86.381 Y47.635 E0.00363
G1 X86.229 Y47.473 E0.00291
G1 F2992.1 X85.888 Y47.133 E0.00633
G1 X85.696 Y46.952 E0.00347
G1 F2984.3 X85.388 Y46.685 E0.00537
G1 X85.165 Y46.501 E0.00381
G1 F3007.9 X84.812 Y46.229 E0.00583
G1 F3015.9 X84.431 Y45.96 E0.00608
G1 F3007.9 X84.025 Y45.7 E0.00631
G1 F3015.9 X83.785 Y45.558 E0.00364
G1 F3023.9 X83.338 Y45.312 E0.00664
G1 F3040 X82.874 Y45.085 E0.00668
G1 F3048.1 X82.266 Y44.829 E0.00851
G1 F3015.9 X81.857 Y44.68 E0.00568
G1 F3007.9 X81.608 Y44.597 E0.00343
G1 F3015.9 X81.407 Y44.537 E0.00274
G1 F3040 X81.118 Y44.456 E0.00388
G1 F3056.3 X80.67 Y44.345 E0.00594
G1 F3015.9 X80.18 Y44.248 E0.00652
G1 F3000 X79.702 Y44.177 E0.00634
G1 F3023.9 X79.278 Y44.129 E0.00555
G1 F3015.9 X78.763 Y44.095 E0.00673
G1 F3007.9 X78.508 Y44.087 E0.00334
G1 X78.05 Y44.086 E0.00599
G1 X77.792 Y44.097 E0.00338
G1 F3015.9 X77.331 Y44.126 E0.00603
G1 F3007.9 X76.798 Y44.186 E0.00701
G1 F3000 X76.595 Y44.216 E0.00269
G1 F3015.9 X76.142 Y44.298 E0.006
G1 F3031.9 X75.878 Y44.352 E0.0035
G1 F2992.1 X75.617 Y44.413 E0.00352
G1 F2976.5 X75.253 Y44.511 E0.00498
G1 F3000 X74.748 Y44.669 E0.00694
G1 F3015.9 X74.493 Y44.759 E0.00353
G1 F3023.9 X74.066 Y44.928 E0.00597
G1 F3000 X73.89 Y45.004 E0.00251
G1 X73.587 Y45.141 E0.00436
G1 F3015.9 X73.197 Y45.335 E0.00568
G1 F3000 X72.771 Y45.567 E0.00636
G1 F2984.3 X72.59 Y45.676 E0.00279
G1 F2992.1 X72.207 Y45.92 E0.00597
G1 F3007.9 X71.962 Y46.085 E0.00386
G1 F3031.9 X71.765 Y46.23 E0.00317
G1 F3015.9 X71.411 Y46.499 E0.0058
G1 F2984.3 X71.032 Y46.818 E0.00653
G1 F2992.1 X70.872 Y46.961 E0.00282
G1 F2976.5 X70.707 Y47.115 E0.00298
G1 F2968.8 X70.495 Y47.321 E0.00392
G1 F2992.1 X70.17 Y47.664 E0.00621
G1 F3000 X70.017 Y47.834 E0.003
G1 F3007.9 X69.692 Y48.219 E0.00659
G1 F3000 X69.56 Y48.389 E0.00282
G1 X69.27 Y48.786 E0.00645
G1 X69.164 Y48.942 E0.00247
G1 F3007.9 X69.005 Y49.186 E0.00381
G1 F3015.9 X68.76 Y49.587 E0.00613
G1 F3000 X68.634 Y49.809 E0.00335
G1 F2992.1 X68.547 Y49.972 E0.00243
G1 X68.317 Y50.438 E0.00683
G1 F3007.9 X68.222 Y50.646 E0.00299
G1 X68.031 Y51.106 E0.00651
G1 F3000 X67.865 Y51.568 E0.00644
G1 F2984.3 X67.736 Y51.974 E0.00562
G1 F2976.5 X67.658 Y52.253 E0.00383
G1 X67.598 Y52.488 E0.00321
G1 F2984.3 X67.496 Y52.957 E0.00633
G1 X67.454 Y53.185 E0.00306
G1 F2976.5 X67.414 Y53.429 E0.00327
G1 F2992.1 X67.382 Y53.65 E0.00294
G1 F3015.9 X67.351 Y53.911 E0.00343
G1 F3007.9 X67.312 Y54.35 E0.00576
G1 F2992.1 X67.29 Y54.847 E0.00654
G1 F3000 X67.286 Y55.097 E0.00328
G1 X67.299 Y55.577 E0.0063
G1 F2992.1 X67.331 Y56.047 E0.00619
G1 X67.355 Y56.308 E0.00345
G1 X67.417 Y56.76 E0.006
G1 F3000 X67.453 Y56.984 E0.00297
G1 F2992.1 X67.55 Y57.474 E0.00657
G1 F2976.5 X67.658 Y57.915 E0.006
G1 F2984.3 X67.732 Y58.179 E0.00361
G1 X67.87 Y58.62 E0.00609
G1 F2992.1 X68.042 Y59.09 E0.00658
G1 F3015.9 X68.223 Y59.525 E0.00615
G1 X68.327 Y59.75 E0.00323
G1 F2992.1 X68.532 Y60.169 E0.00613
G1 X68.649 Y60.389 E0.00328
G1 X68.766 Y60.593 E0.00309
G1 F2984.3 X68.909 Y60.832 E0.00367
G1 X69.009 Y60.992 E0.00249
G1 F3000 X69.156 Y61.217 E0.00352
G1 X69.397 Y61.559 E0.00549
G1 X69.582 Y61.804 E0.00403
G1 X69.689 Y61.94 E0.00227
G1 F2976.5 X69.926 Y62.23 E0.00495
G1 X70.165 Y62.503 E0.0048
G1 X70.481 Y62.832 E0.00603
G1 F2992.1 X70.696 Y63.045 E0.00398
G1 F3000 X71.041 Y63.362 E0.00614
G1 X71.407 Y63.668 E0.00626
G1 F3023.9 X71.61 Y63.827 E0.00335
G1 F3015.9 X71.795 Y63.963 E0.00299
G1 F3000 X72.151 Y64.215 E0.00572
G1 F2992.1 X72.553 Y64.468 E0.00624
G1 F3000 X72.799 Y64.615 E0.00376
G1 F3007.9 X73.014 Y64.737 E0.00323
G1 F3000 X73.434 Y64.957 E0.00622
G1 X73.65 Y65.06 E0.00314
G1 F3007.9 X74.083 Y65.251 E0.00619
G1 F3000 X74.305 Y65.34 E0.00314
G1 F2976.5 X74.515 Y65.417 E0.00296
G1 F2992.1 X74.774 Y65.507 E0.0036
G1 X75.197 Y65.641 E0.00583
G1 F2984.3 X75.424 Y65.707 E0.00312
G1 F3000 X75.919 Y65.827 E0.00668
G1 X76.161 Y65.877 E0.00324
G1 F2992.1 X76.384 Y65.917 E0.00298
G1 F3000 X76.827 Y65.989 E0.00589
G1 F2992.1 X77.299 Y66.04 E0.00624
G1 F2976.5 X77.58 Y66.062 E0.00373
G1 X77.817 Y66.075 E0.00314
G1 F2984.3 X78.305 Y66.086 E0.00643
G1 F3000 X78.543 Y66.082 E0.00312
G0 F18000 X75.936 Y65.709
G0 X74.349 Y65.227
G0 X72.847 Y64.508
G0 X71.48 Y63.571
G0 X70.427 Y62.606
G0 X69.377 Y61.326
G0 X68.637 Y60.107
G0 X67.99 Y58.59
G0 X67.575 Y56.976
G0 X67.409 Y55.091
G0 X67.574 Y53.202
G0 X67.988 Y51.585
G0 X68.638 Y50.063
G0 X69.518 Y48.65
G0 X70.598 Y47.39
G0 X71.853 Y46.315
G0 X73.265 Y45.436
G0 X74.793 Y44.784
G0 X77.79 Y44.038
G0 X77.77 Y43.719
G1 F3000 X78.033 Y43.706 E0.00345
G1 X78.513 Y43.709 E0.00629
G1 X78.775 Y43.716 E0.00344
G1 X79.065 Y43.733 E0.00381
G1 X79.307 Y43.752 E0.00318
G1 X79.745 Y43.801 E0.00578
G1 X80.236 Y43.872 E0.00651
G1 X80.499 Y43.923 E0.00351
G1 X80.732 Y43.973 E0.00312
G1 X81.018 Y44.04 E0.00385
G1 X81.506 Y44.172 E0.00663
G1 X81.745 Y44.243 E0.00327
G1 X81.975 Y44.319 E0.00318
G1 X82.159 Y44.384 E0.00256
G1 X82.393 Y44.472 E0.00328
G1 X82.902 Y44.685 E0.00724
G1 X83.349 Y44.893 E0.00646
G1 X83.512 Y44.976 E0.0024
G1 X83.786 Y45.124 E0.00408
G1 X84.215 Y45.371 E0.00649
G1 X84.593 Y45.614 E0.00589
G1 X84.841 Y45.785 E0.00395
G1 X85.033 Y45.922 E0.00309
G1 X85.399 Y46.202 E0.00604
G1 X85.63 Y46.391 E0.00391
G1 X85.777 Y46.516 E0.00253
G1 X85.95 Y46.67 E0.00304
G1 X86.15 Y46.857 E0.00359
G1 X86.53 Y47.237 E0.00705
G1 X86.661 Y47.379 E0.00253
G1 X86.998 Y47.761 E0.00668
G1 X87.16 Y47.96 E0.00336
G1 X87.324 Y48.168 E0.00347
G1 X87.606 Y48.551 E0.00624
G1 X87.764 Y48.786 E0.00371
G1 X88.01 Y49.17 E0.00598
G1 X88.14 Y49.39 E0.00335
G1 X88.276 Y49.632 E0.00364
G1 X88.394 Y49.855 E0.00331
G1 X88.6 Y50.272 E0.0061
G1 X88.802 Y50.732 E0.00659
G1 X88.871 Y50.9 E0.00238
G1 X89.056 Y51.402 E0.00702
G1 X89.217 Y51.911 E0.007
G1 X89.22 Y51.912 E0.00004
G1 X89.33 Y52.326 E0.00562
G1 X89.396 Y52.61 E0.00382
G1 X89.493 Y53.098 E0.00652
G1 X89.533 Y53.337 E0.00318
G1 X89.598 Y53.821 E0.0064
G1 X89.623 Y54.083 E0.00345
G1 X89.657 Y54.567 E0.00636
G1 X89.666 Y54.835 E0.00352
G1 X89.666 Y55.362 E0.00691
G1 X89.641 Y55.873 E0.00671
G1 X89.624 Y56.065 E0.00253
G1 X89.567 Y56.601 E0.00707
G1 X89.501 Y57.022 E0.00559
G1 X89.391 Y57.581 E0.00747
G1 X89.334 Y57.827 E0.00331
G1 X89.287 Y58.01 E0.00248
G1 X89.218 Y58.259 E0.00339
G1 X89.072 Y58.719 E0.00633
G1 X88.97 Y59.004 E0.00397
G1 X88.902 Y59.182 E0.0025
G1 X88.689 Y59.704 E0.00739
G1 X88.591 Y59.919 E0.0031
G1 X88.369 Y60.366 E0.00654
G1 X88.146 Y60.771 E0.00606
G1 X88.005 Y61.005 E0.00358
G1 X87.74 Y61.422 E0.00648
G1 X87.604 Y61.622 E0.00317
G1 X87.465 Y61.808 E0.00304
G1 X87.432 Y61.857 E0.00077
G1 X87.432 Y61.861 E0.00005
G1 X87.332 Y61.992 E0.00216
G1 X87.007 Y62.396 E0.0068
G1 X86.821 Y62.613 E0.00375
G1 X86.656 Y62.797 E0.00324
G1 X86.349 Y63.12 E0.00584
G1 X85.979 Y63.472 E0.0067
G1 X85.641 Y63.771 E0.00592
G1 X85.638 Y63.77 E0.00004
G1 X85.419 Y63.953 E0.00374
G1 X85.228 Y64.102 E0.00318
G1 X84.843 Y64.386 E0.00627
G1 X84.409 Y64.679 E0.00687
G1 X83.982 Y64.936 E0.00654
G1 X83.79 Y65.044 E0.00289
G1 X83.362 Y65.268 E0.00633
G1 X83.105 Y65.396 E0.00376
G1 X82.885 Y65.493 E0.00315
G1 X82.415 Y65.69 E0.00668
G1 X81.952 Y65.857 E0.00645
G1 X81.71 Y65.938 E0.00335
G1 X81.479 Y66.01 E0.00317
G1 X81.253 Y66.072 E0.00307
G1 X80.755 Y66.194 E0.00672
G1 X80.266 Y66.293 E0.00654
G1 X79.825 Y66.362 E0.00585
G1 X79.549 Y66.394 E0.00364
G1 X79.282 Y66.42 E0.00352
G1 X78.802 Y66.453 E0.00631
G1 X78.554 Y66.462 E0.00325
G1 X78.309 Y66.466 E0.00321
G1 X77.805 Y66.456 E0.00661
G1 X77.557 Y66.442 E0.00326
G1 X77.27 Y66.42 E0.00377
G1 X76.768 Y66.364 E0.00662
G1 X76.32 Y66.293 E0.00595
G1 X76.092 Y66.251 E0.00304
G1 X75.838 Y66.198 E0.0034
G1 X75.321 Y66.072 E0.00698
G1 X75.094 Y66.008 E0.00309
G1 X74.81 Y65.918 E0.00391
G1 X74.393 Y65.778 E0.00577
G1 X74.169 Y65.694 E0.00314
G1 X73.913 Y65.59 E0.00362
G1 X73.89 Y65.577 E0.00035
G1 X73.671 Y65.485 E0.00311
G1 X73.494 Y65.406 E0.00254
G1 X73.266 Y65.297 E0.00331
G1 X72.837 Y65.072 E0.00635
G1 X72.611 Y64.944 E0.00341
G1 X72.359 Y64.796 E0.00383
G1 X71.947 Y64.535 E0.0064
G1 X71.736 Y64.389 E0.00336
G1 X71.332 Y64.091 E0.00658
G1 X70.946 Y63.781 E0.00649
G1 X70.793 Y63.65 E0.00264
G1 X70.575 Y63.453 E0.00385
G1 X70.405 Y63.292 E0.00307
G1 X70.214 Y63.104 E0.00351
G1 X69.887 Y62.763 E0.0062
G1 X69.639 Y62.48 E0.00493
G1 X69.394 Y62.181 E0.00507
G1 X69.094 Y61.79 E0.00646
G1 X68.845 Y61.431 E0.00573
G1 X68.691 Y61.201 E0.00363
G1 X68.44 Y60.79 E0.00631
G1 X68.196 Y60.348 E0.00662
G1 X67.985 Y59.916 E0.0063
G1 X67.861 Y59.642 E0.00394
G1 X67.692 Y59.236 E0.00577
G1 X67.592 Y58.974 E0.00368
G1 X67.509 Y58.74 E0.00326
G1 X67.359 Y58.257 E0.00663
G1 X67.247 Y57.847 E0.00557
G1 X67.179 Y57.56 E0.00387
G1 X67.087 Y57.084 E0.00636
G1 X67.042 Y56.824 E0.00346
G1 X66.979 Y56.356 E0.00619
G1 X66.952 Y56.081 E0.00362
G1 X66.917 Y55.567 E0.00676
G1 X66.906 Y55.101 E0.00611
G1 X66.91 Y54.841 E0.00341
G1 X66.935 Y54.295 E0.00717
G1 X66.976 Y53.87 E0.0056
G1 X67.009 Y53.571 E0.00394
G1 X67.077 Y53.127 E0.00589
G1 X67.185 Y52.589 E0.0072
G1 X67.228 Y52.4 E0.00254
G1 X67.29 Y52.159 E0.00326
G1 X67.37 Y51.869 E0.00394
G1 X67.442 Y51.636 E0.0032
G1 X67.606 Y51.164 E0.00655
G1 X67.673 Y50.986 E0.00249
G1 X67.873 Y50.5 E0.00689
G1 X67.971 Y50.282 E0.00313
G1 X68.207 Y49.802 E0.00701
G1 X68.32 Y49.594 E0.0031
G1 X68.431 Y49.399 E0.00294
G1 X68.558 Y49.189 E0.00322
G1 X68.844 Y48.738 E0.007
G1 X68.987 Y48.53 E0.00331
G1 X69.253 Y48.165 E0.00592
G1 X69.397 Y47.983 E0.00304
G1 X69.727 Y47.589 E0.00674
G1 X70.066 Y47.217 E0.0066
G1 X70.224 Y47.055 E0.00297
G1 X70.44 Y46.842 E0.00398
G1 X70.793 Y46.521 E0.00626
G1 X71.183 Y46.193 E0.00668
G1 X71.739 Y45.78 E0.00908
G1 X71.995 Y45.606 E0.00406
G1 X72.385 Y45.356 E0.00607
G1 X72.59 Y45.232 E0.00314
G1 X73.062 Y44.976 E0.00704
G1 X73.459 Y44.782 E0.00579
G1 X73.735 Y44.657 E0.00397
G1 X74.129 Y44.493 E0.0056
G1 X74.36 Y44.405 E0.00324
G1 X74.62 Y44.311 E0.00363
G1 X75.149 Y44.146 E0.00727
G1 X75.52 Y44.043 E0.00505
G1 X75.797 Y43.983 E0.00372
G1 X76.316 Y43.877 E0.00695
G1 X76.531 Y43.841 E0.00286
G1 X76.748 Y43.81 E0.00287
G1 X77.292 Y43.749 E0.00718
G1 X77.77 Y43.719 E0.00628
G0 F18000 X77.79 Y44.038
G0 X74.793 Y44.784
G0 X73.265 Y45.436
G0 X71.853 Y46.315
G0 X70.598 Y47.39
G0 X69.518 Y48.65
G0 X68.638 Y50.063
G0 X67.912 Y51.818
G0 X67.503 Y53.663
G0 X67.409 Y55.091
G0 X67.575 Y56.976
G0 X67.99 Y58.59
G0 X68.637 Y60.107
G0 X69.516 Y61.52
G0 X70.595 Y62.779
G0 X71.86 Y63.864
G0 X73.064 Y64.629
G0 X74.349 Y65.227
G0 X75.777 Y65.661
G0 X78.545 Y66.142
G0 X78.566 Y66.842
;TYPE:WALL-OUTER
G1 F1500 X78.828 Y66.832 E0.00344
G1 X79.316 Y66.798 E0.00641
G1 X79.593 Y66.772 E0.00365
G1 X79.856 Y66.742 E0.00347
G1 X80.308 Y66.672 E0.006
G1 X80.845 Y66.563 E0.00719
G1 X81.352 Y66.439 E0.00684
G1 X81.594 Y66.372 E0.00329
G1 X81.827 Y66.299 E0.0032
G1 X82.078 Y66.215 E0.00347
G1 X82.559 Y66.042 E0.0067
G1 X83.038 Y65.841 E0.00681
G1 X83.273 Y65.737 E0.00337
G1 X83.536 Y65.606 E0.00385
G1 X83.975 Y65.376 E0.0065
G1 X84.178 Y65.262 E0.00305
G1 X84.618 Y64.996 E0.00674
G1 X85.017 Y64.73 E0.00629
G1 X85.461 Y64.402 E0.00724
G1 X85.663 Y64.244 E0.00336
G1 X85.858 Y64.08 E0.00334
G1 X85.864 Y64.081 E0.00008
G1 X86.239 Y63.748 E0.00658
G1 X86.622 Y63.384 E0.00693
G1 X86.932 Y63.059 E0.00589
G1 X87.109 Y62.861 E0.00348
G1 X87.3 Y62.638 E0.00385
G1 X87.594 Y62.275 E0.00613
G1 X87.758 Y62.06 E0.00355
G1 X87.757 Y62.053 E0.00009
G1 X87.917 Y61.837 E0.00352
G1 X88.045 Y61.651 E0.00296
G1 X88.329 Y61.203 E0.00696
G1 X88.477 Y60.957 E0.00376
G1 X88.601 Y60.735 E0.00333
G1 X88.736 Y60.482 E0.00376
G1 X88.95 Y60.046 E0.00637
G1 X89.052 Y59.82 E0.00325
G1 X89.227 Y59.397 E0.006
G1 X89.327 Y59.134 E0.00369
G1 X89.424 Y58.865 E0.00375
G1 X89.496 Y58.647 E0.00301
G1 X89.584 Y58.363 E0.0039
G1 X89.703 Y57.918 E0.00604
G1 X89.762 Y57.667 E0.00338
G1 X89.877 Y57.081 E0.00783
G1 X89.945 Y56.642 E0.00583
G1 X89.998 Y56.151 E0.00648
G1 X90.023 Y55.874 E0.00365
G1 X90.046 Y55.304 E0.00748
G1 X90.046 Y54.835 E0.00615
G1 X90.036 Y54.541 E0.00386
G1 X90.001 Y54.048 E0.00648
G1 X89.975 Y53.773 E0.00362
G1 X89.908 Y53.274 E0.0066
G1 X89.866 Y53.026 E0.0033
G1 X89.77 Y52.537 E0.00653
G1 X89.702 Y52.246 E0.00392
G1 X89.578 Y51.781 E0.00631
G1 X89.573 Y51.779 E0.00007
G1 X89.414 Y51.274 E0.00694
G1 X89.223 Y50.756 E0.00724
G1 X89.151 Y50.582 E0.00247
G1 X88.941 Y50.104 E0.00685
G1 X88.73 Y49.679 E0.00622
G1 X88.608 Y49.446 E0.00345
G1 X88.468 Y49.198 E0.00373
G1 X88.331 Y48.966 E0.00353
G1 X88.079 Y48.573 E0.00612
G1 X87.912 Y48.327 E0.0039
G1 X87.594 Y47.896 E0.00702
G1 X87.298 Y47.526 E0.00621
G1 X87.123 Y47.325 E0.00349
G1 X86.799 Y46.969 E0.00631
G1 X86.412 Y46.582 E0.00718
G1 X86.263 Y46.44 E0.0027
G1 X86.025 Y46.228 E0.00418
G1 X85.872 Y46.097 E0.00264
G1 X85.633 Y45.903 E0.00404
G1 X85.271 Y45.625 E0.00599
G1 X84.854 Y45.33 E0.0067
G1 X84.421 Y45.051 E0.00675
G1 X83.968 Y44.79 E0.00686
G1 X83.687 Y44.639 E0.00418
G1 X83.513 Y44.55 E0.00256
G1 X83.05 Y44.335 E0.00669
G1 X82.531 Y44.118 E0.00738
G1 X82.287 Y44.026 E0.00342
G1 X82.094 Y43.958 E0.00268
G1 X81.855 Y43.879 E0.0033
G1 X81.605 Y43.805 E0.00342
G1 X81.106 Y43.67 E0.00678
G1 X80.814 Y43.602 E0.00393
G1 X80.319 Y43.5 E0.00663
G1 X79.789 Y43.424 E0.00702
G1 X79.337 Y43.373 E0.00596
G1 X79.089 Y43.354 E0.00326
G1 X78.787 Y43.337 E0.00397
G1 X78.317 Y43.327 E0.00616
G1 X78.016 Y43.326 E0.00395
G1 X77.252 Y43.371 E0.01004
G1 X76.698 Y43.434 E0.00731
G1 X76.488 Y43.462 E0.00278
G1 X76.242 Y43.505 E0.00327
G1 X75.715 Y43.611 E0.00705
G1 X75.423 Y43.676 E0.00392
G1 X75.197 Y43.737 E0.00307
G1 X74.963 Y43.805 E0.0032
G1 X74.492 Y43.953 E0.00647
G1 X74.271 Y44.032 E0.00308
G1 X73.983 Y44.142 E0.00404
G1 X73.58 Y44.31 E0.00573
G1 X73.258 Y44.457 E0.00464
G1 X72.881 Y44.642 E0.00551
G1 X72.402 Y44.902 E0.00715
G1 X72.179 Y45.036 E0.00341
G1 X71.782 Y45.292 E0.00619
G1 X71.515 Y45.474 E0.00424
G1 X71.154 Y45.739 E0.00587
G1 X70.955 Y45.889 E0.00327
G1 X70.526 Y46.252 E0.00737
G1 X70.175 Y46.57 E0.00621
G1 X69.954 Y46.789 E0.00408
G1 X69.788 Y46.959 E0.00312
G1 X69.471 Y47.302 E0.00612
G1 X69.1 Y47.746 E0.00759
G1 X68.947 Y47.941 E0.00325
G1 X68.675 Y48.314 E0.00605
G1 X68.531 Y48.522 E0.00332
G1 X68.233 Y48.991 E0.00729
G1 X68.101 Y49.21 E0.00335
G1 X67.968 Y49.445 E0.00354
G1 X67.844 Y49.678 E0.00346
G1 X67.644 Y50.081 E0.0059
G1 X67.523 Y50.352 E0.00389
G1 X67.349 Y50.771 E0.00595
G1 X67.249 Y51.035 E0.0037
G1 X67.158 Y51.287 E0.00351
G1 X67.079 Y51.524 E0.00328
G1 X66.975 Y51.869 E0.00472
G1 X66.856 Y52.325 E0.00618
G1 X66.813 Y52.513 E0.00253
G1 X66.701 Y53.069 E0.00744
G1 X66.631 Y53.529 E0.0061
G1 X66.578 Y54.028 E0.00658
G1 X66.553 Y54.294 E0.0035
G1 X66.53 Y54.835 E0.0071
G1 X66.526 Y55.106 E0.00355
G1 X66.537 Y55.579 E0.0062
G1 X66.574 Y56.115 E0.00705
G1 X66.602 Y56.404 E0.00381
G1 X66.667 Y56.889 E0.00642
G1 X66.714 Y57.156 E0.00355
G1 X66.809 Y57.646 E0.00654
G1 X66.879 Y57.944 E0.00401
G1 X66.999 Y58.387 E0.00602
G1 X67.003 Y58.389 E0.00006
G1 X67.149 Y58.86 E0.00647
G1 X67.237 Y59.108 E0.00345
G1 X67.341 Y59.382 E0.00384
G1 X67.518 Y59.806 E0.00602
G1 X67.643 Y60.082 E0.00397
G1 X67.861 Y60.526 E0.00649
G1 X67.993 Y60.771 E0.00365
G1 X68.115 Y60.987 E0.00325
G1 X68.263 Y61.232 E0.00375
G1 X68.374 Y61.409 E0.00274
G1 X68.532 Y61.646 E0.00374
G1 X68.792 Y62.02 E0.00597
G1 X69.1 Y62.421 E0.00663
G1 X69.353 Y62.73 E0.00524
G1 X69.597 Y63.009 E0.00486
G1 X69.81 Y63.234 E0.00406
G1 X70.173 Y63.595 E0.00671
G1 X70.318 Y63.733 E0.00262
G1 X70.545 Y63.938 E0.00401
G1 X70.705 Y64.075 E0.00276
G1 X71.104 Y64.395 E0.00671
G1 X71.518 Y64.7 E0.00674
G1 X71.743 Y64.855 E0.00358
G1 X72.165 Y65.123 E0.00656
G1 X72.422 Y65.274 E0.00391
G1 X72.659 Y65.408 E0.00357
G1 X73.066 Y65.622 E0.00603
G1 X73.281 Y65.728 E0.00314
G1 X73.525 Y65.836 E0.0035
G1 X73.739 Y65.926 E0.00304
G1 X73.741 Y65.931 E0.00007
G1 X74.257 Y66.133 E0.00727
G1 X74.68 Y66.275 E0.00585
G1 X74.963 Y66.365 E0.00389
G1 X75.277 Y66.452 E0.00427
G1 X75.756 Y66.569 E0.00647
G1 X75.969 Y66.615 E0.00286
G1 X76.246 Y66.665 E0.00369
G1 X76.724 Y66.741 E0.00635
G1 X77.24 Y66.799 E0.00681
G1 X77.533 Y66.821 E0.00385
G1 X77.793 Y66.835 E0.00341
G1 X78.314 Y66.846 E0.00683
G1 X78.566 Y66.842 E0.0033
G0 F18000 X78.766 Y66.835
G0 X78.745 Y66.136
G0 X78.535 Y66.024
G0 X78.512 Y65.322
G1 F1500 X78.267 Y65.326 E0.00321
G1 X78.038 Y65.322 E0.003
G1 X77.597 Y65.301 E0.00579
G1 X77.17 Y65.265 E0.00562
G1 X76.935 Y65.238 E0.0031
G1 X76.263 Y65.123 E0.00894
G1 X76.058 Y65.079 E0.00275
G1 X75.625 Y64.974 E0.00584
G1 X75.406 Y64.909 E0.003
G1 X74.991 Y64.779 E0.0057
G1 X74.547 Y64.619 E0.00619
G1 X74.344 Y64.538 E0.00287
G1 X73.934 Y64.355 E0.00589
G1 X73.749 Y64.265 E0.0027
G1 X73.362 Y64.062 E0.00573
G1 X73.154 Y63.944 E0.00314
G1 X72.599 Y63.602 E0.00855
G1 X72.05 Y63.21 E0.00885
G1 X71.857 Y63.056 E0.00324
G1 X71.521 Y62.771 E0.00578
G1 X71.2 Y62.478 E0.0057
G1 X70.867 Y62.139 E0.00623
G1 X70.722 Y61.986 E0.00276
G1 X70.44 Y61.66 E0.00565
G1 X70.166 Y61.321 E0.00572
G1 X69.902 Y60.961 E0.00585
G1 X69.761 Y60.758 E0.00324
G1 X69.548 Y60.421 E0.00523
G1 X69.313 Y60.021 E0.00608
G1 X69.199 Y59.803 E0.00323
G1 X69.005 Y59.408 E0.00577
G1 X68.909 Y59.201 E0.00299
G1 X68.741 Y58.793 E0.00579
G1 X68.591 Y58.378 E0.00579
G1 X68.456 Y57.95 E0.00588
G1 X68.338 Y57.504 E0.00605
G1 X68.289 Y57.294 E0.00283
G1 X68.2 Y56.853 E0.0059
G1 X68.135 Y56.421 E0.00573
G1 X68.106 Y56.2 E0.00292
G1 X68.07 Y55.751 E0.00591
G1 X68.058 Y55.53 E0.0029
G1 X68.046 Y55.063 E0.00613
G1 X68.05 Y54.841 E0.00291
G1 X68.071 Y54.393 E0.00588
G1 X68.107 Y53.963 E0.00566
G1 X68.138 Y53.732 E0.00306
G1 X68.142 Y53.721 E0.00015
G1 X68.168 Y53.523 E0.00262
G1 X68.248 Y53.068 E0.00606
G1 X68.348 Y52.623 E0.00598
G1 X68.442 Y52.267 E0.00483
G1 X68.596 Y51.779 E0.00671
G1 X68.744 Y51.367 E0.00574
G1 X68.923 Y50.937 E0.00611
G1 X69.013 Y50.743 E0.0028
G1 X69.221 Y50.324 E0.00613
G1 X69.315 Y50.146 E0.00264
G1 X69.426 Y49.951 E0.00294
G1 X69.653 Y49.578 E0.00573
G1 X69.913 Y49.19 E0.00612
G1 X69.918 Y49.188 E0.00007
G1 X70.032 Y49.025 E0.00261
G1 X70.308 Y48.663 E0.00597
G1 X70.448 Y48.494 E0.00288
G1 X70.753 Y48.152 E0.00601
G1 X71.06 Y47.832 E0.00581
G1 X71.402 Y47.505 E0.0062
G1 X71.548 Y47.377 E0.00255
G1 X71.875 Y47.101 E0.00561
G1 X72.232 Y46.826 E0.00591
G1 X72.414 Y46.693 E0.00296
G1 X72.789 Y46.445 E0.0059
G1 X73.172 Y46.213 E0.00587
G1 X73.567 Y45.997 E0.0059
G1 X73.944 Y45.812 E0.00551
G1 X74.361 Y45.627 E0.00598
G1 X74.782 Y45.46 E0.00594
G1 X75.208 Y45.318 E0.00589
G1 X75.49 Y45.233 E0.00386
G1 X75.493 Y45.236 E0.00006
G1 X75.631 Y45.195 E0.00189
G1 X76.07 Y45.085 E0.00593
G1 X76.295 Y45.04 E0.00301
G1 X76.732 Y44.963 E0.00582
G1 X76.954 Y44.931 E0.00294
G1 X77.395 Y44.882 E0.00582
G1 X77.846 Y44.854 E0.00593
G1 X78.068 Y44.846 E0.00291
G1 X78.539 Y44.846 E0.00618
G1 X78.753 Y44.854 E0.00281
G1 X79.239 Y44.887 E0.00639
G1 X79.653 Y44.936 E0.00547
G1 X80.072 Y45.001 E0.00556
G1 X80.52 Y45.088 E0.00598
G1 X80.946 Y45.193 E0.00575
G1 X81.403 Y45.328 E0.00625
G1 X81.816 Y45.472 E0.00574
G1 X82.021 Y45.549 E0.00287
G1 X82.433 Y45.719 E0.00584
G1 X82.543 Y45.771 E0.0016
G1 X82.546 Y45.769 E0.00005
G1 X83.028 Y46.006 E0.00704
G1 X83.411 Y46.217 E0.00573
G1 X83.784 Y46.444 E0.00573
G1 X83.995 Y46.581 E0.0033
G1 X84.357 Y46.835 E0.0058
G1 X84.716 Y47.114 E0.00596
G1 X85.069 Y47.411 E0.00605
G1 X85.219 Y47.545 E0.00264
G1 X85.533 Y47.847 E0.00571
G1 X85.85 Y48.179 E0.00602
G1 X86.136 Y48.508 E0.00572
G1 X86.418 Y48.859 E0.0059
G1 X86.731 Y49.29 E0.00698
G1 X86.926 Y49.584 E0.00463
G1 X87.156 Y49.965 E0.00584
G1 X87.274 Y50.169 E0.00309
G1 X87.471 Y50.556 E0.00569
G1 X87.603 Y50.826 E0.00394
G1 X87.6 Y50.829 E0.00006
G1 X87.66 Y50.954 E0.00182
G1 X87.835 Y51.375 E0.00598
G1 X87.985 Y51.793 E0.00582
G1 X88.054 Y52.005 E0.00292
G1 X88.136 Y52.277 E0.00373
G1 X88.18 Y52.437 E0.00218
G1 X88.236 Y52.661 E0.00303
G1 X88.331 Y53.085 E0.0057
G1 X88.372 Y53.308 E0.00297
G1 X88.445 Y53.764 E0.00606
G1 X88.47 Y53.968 E0.0027
G1 X88.506 Y54.413 E0.00585
G1 X88.518 Y54.637 E0.00294
G1 X88.526 Y54.864 E0.00298
G1 X88.526 Y55.334 E0.00616
G1 X88.505 Y55.781 E0.00587
G1 X88.489 Y55.987 E0.00271
G1 X88.437 Y56.447 E0.00607
G1 X88.375 Y56.863 E0.00552
G1 X88.279 Y57.33 E0.00625
G1 X88.175 Y57.753 E0.00571
G1 X88.112 Y57.97 E0.00296
G1 X87.983 Y58.381 E0.00565
G1 X87.822 Y58.826 E0.00621
G1 X87.651 Y59.234 E0.0058
G1 X87.563 Y59.424 E0.00275
G1 X87.358 Y59.84 E0.00608
G1 X87.26 Y60.025 E0.00275
G1 X87.025 Y60.426 E0.00609
G1 X86.791 Y60.795 E0.00573
G1 X86.416 Y61.32 E0.00846
G1 X86.134 Y61.663 E0.00582
G1 X85.972 Y61.853 E0.00327
G1 X85.718 Y62.134 E0.00497
G1 X85.514 Y62.343 E0.00383
G1 X85.377 Y62.477 E0.00251
G1 X85.039 Y62.786 E0.00601
G1 X84.705 Y63.066 E0.00572
G1 X84.506 Y63.22 E0.0033
G1 X84.157 Y63.479 E0.0057
G1 X83.833 Y63.694 E0.0051
G1 X83.596 Y63.841 E0.00366
G1 X83.217 Y64.06 E0.00574
G1 X82.824 Y64.269 E0.00584
G1 X82.413 Y64.459 E0.00594
G1 X82.213 Y64.545 E0.00285
G1 X81.782 Y64.712 E0.00606
G1 X81.56 Y64.787 E0.00307
G1 X81.153 Y64.915 E0.00559
G1 X80.94 Y64.976 E0.00291
G1 X80.718 Y65.034 E0.00301
G1 X80.281 Y65.128 E0.00586
G1 X79.844 Y65.205 E0.00582
G1 X79.4 Y65.266 E0.00588
G1 X78.955 Y65.302 E0.00585
G1 X78.512 Y65.322 E0.00581
G0 F18000 X78.312 Y65.325
G1 F1800 E-3.5
;MESH:Full_Asse_Dielectric_Part.STL
G0 F18000 X78.317 Y66.026
G0 X80.796 Y66.351
G0 X81.128 Y67.76
G0 X86.98 Y98.381
G0 X133.253 Y99.592
;TYPE:SKIN
G1 F1800 E3.52079
G1 F8400 X132.911 Y99.592 E0.00567
G1 X133.253 Y99.934 E0.00802
G1 X133.253 Y100.471 E0.00891
G1 X132.374 Y99.592 E0.02062
G1 X131.837 Y99.592 E0.00891
G1 X133.253 Y101.009 E0.03323
G1 X133.253 Y101.546 E0.00891
G1 X131.299 Y99.592 E0.04584
G1 X130.762 Y99.592 E0.00891
G1 X133.253 Y102.084 E0.05845
G1 X133.253 Y102.621 E0.00891
G1 X130.224 Y99.592 E0.07106
G1 X129.687 Y99.592 E0.00891
G1 X133.253 Y103.158 E0.08366
G1 X133.253 Y103.696 E0.00892
G1 X129.15 Y99.592 E0.09627
G1 X128.612 Y99.592 E0.00892
G1 X133.253 Y104.233 E0.10888
G1 X133.253 Y104.771 E0.00892
G1 X128.075 Y99.592 E0.12149
G1 X127.537 Y99.592 E0.00892
G1 X133.253 Y105.308 E0.1341
G1 X133.253 Y105.845 E0.00891
G1 X127 Y99.592 E0.14669
G1 X126.463 Y99.592 E0.00891
G1 X133.253 Y106.383 E0.1593
G1 X133.253 Y106.92 E0.00891
G1 X125.925 Y99.592 E0.17191
G1 X125.388 Y99.592 E0.00891
G1 X133.253 Y107.458 E0.18452
G1 X133.253 Y107.995 E0.00891
G1 X124.85 Y99.592 E0.19713
G1 X124.313 Y99.592 E0.00891
G0 F18000 X124.313 Y100.311
G0 X129.789 Y103.904
G0 X129.217 Y104.336
G1 F8400 X129.343 Y104.508 E0.00354
G1 X129.299 Y104.578 E0.00137
G1 X133.253 Y108.532 E0.09276
G0 F18000 X132.534 Y108.532
G0 X130.13 Y104.466
G0 X129.68 Y103.863
G0 X124.313 Y100.311
G0 X124.313 Y99.592
G1 F8400 X128.943 Y104.223 E0.10863
G0 F18000 X129.218 Y103.559
G0 X129.63 Y103.796
G0 X130.035 Y104.339
G0 X132.534 Y108.532
G0 X133.253 Y108.532
G1 F8400 X133.253 Y109.07 E0.00892
G1 X128.985 Y104.802 E0.10013
G0 F18000 X128.943 Y104.223
G1 F8400 X128.552 Y104.062 E0.00701
G1 X128.498 Y104.05 E0.00092
G1 X128.233 Y104.05 E0.0044
G1 X123.776 Y99.592 E0.10457
G1 X123.238 Y99.592 E0.00892
G1 X127.696 Y104.05 E0.10458
G1 X127.159 Y104.051 E0.00891
G1 X122.701 Y99.592 E0.10459
G1 X122.163 Y99.592 E0.00892
G1 X126.772 Y104.201 E0.10813
G0 F18000 X126.499 Y103.536
G0 X127.095 Y103.392
G0 X128.745 Y103.429
G0 X129.63 Y103.796
G0 X130.13 Y104.466
G0 X129.719 Y105.153
G0 X129.258 Y105.467
G0 X128.985 Y104.802
G1 F8400 X128.604 Y104.959 E0.00684
G1 X133.253 Y109.607 E0.10905
G1 X133.253 Y110.145 E0.00892
G1 X128.1 Y104.992 E0.12089
G1 X127.563 Y104.992 E0.00891
G1 X133.253 Y110.682 E0.13349
G1 X133.253 Y111.219 E0.00891
G0 F18000 X132.534 Y111.219
G0 X126.032 Y105.246
G0 X125.532 Y104.576
G0 X125.989 Y103.813
G0 X126.499 Y103.536
G0 X126.772 Y104.201
G1 F8400 X126.44 Y104.339 E0.00596
G1 X126.414 Y104.381 E0.00082
G0 F18000 X126.946 Y104.913
G1 F8400 X133.253 Y111.219 E0.14795
G0 F18000 X132.534 Y111.219
G0 X126.032 Y105.246
G0 X125.532 Y104.576
G0 X125.799 Y104.007
G0 X126.414 Y104.381
G1 F8400 X121.626 Y99.592 E0.11234
G1 X121.089 Y99.592 E0.00891
G0 F18000 X121.089 Y100.311
G0 X125.799 Y104.007
G0 X126.414 Y104.381
G1 F8400 X126.319 Y104.534 E0.00299
G1 X126.445 Y104.706 E0.00354
G0 F18000 X125.873 Y105.138
G0 X121.089 Y100.311
G0 X121.089 Y99.592
G1 F8400 X133.253 Y111.757 E0.28538
G1 X133.253 Y112.294 E0.00891
G1 X120.551 Y99.592 E0.29798
G1 X120.014 Y99.592 E0.00891
G1 X133.253 Y112.832 E0.31059
G1 X133.253 Y113.369 E0.00891
G1 X119.476 Y99.592 E0.3232
G1 X118.939 Y99.592 E0.00891
G1 X133.253 Y113.906 E0.3358
G1 X133.253 Y114.345 E0.00728
G1 X133.154 Y114.345 E0.00164
G1 X118.401 Y99.592 E0.3461
G1 X117.864 Y99.592 E0.00891
G1 X132.752 Y114.481 E0.34928
G1 X132.382 Y114.634 E0.00664
G1 X132.377 Y114.643 E0.00017
G0 F18000 X131.762 Y114.269
G0 X131.475 Y114.871
G0 X131.925 Y115.474
G0 X132.551 Y115.827
G0 X133.253 Y115.287
G1 F8400 X133.107 Y115.287 E0.00242
G1 X133.053 Y115.275 E0.00092
G1 X132.979 Y115.244 E0.00133
G1 X133.253 Y115.519 E0.00644
G0 F18000 X132.551 Y115.827
G0 X131.975 Y115.541
G0 X131.475 Y114.871
G0 X131.762 Y114.269
G0 X132.377 Y114.643
G1 F8400 X117.327 Y99.592 E0.35308
G1 X116.789 Y99.592 E0.00892
G0 F18000 X116.789 Y100.311
G0 X131.762 Y114.269
G0 X132.377 Y114.643
G1 F8400 X132.262 Y114.829 E0.00363
G1 X132.387 Y115.001 E0.00353
G0 F18000 X131.816 Y115.433
G0 X116.789 Y100.311
G0 X116.789 Y99.592
G1 F8400 X133.253 Y116.056 E0.38624
G1 X133.253 Y116.593 E0.00891
G1 X116.252 Y99.592 E0.39884
G1 X115.714 Y99.592 E0.00892
G1 X133.253 Y117.131 E0.41146
G1 X133.253 Y117.668 E0.00891
G1 X115.177 Y99.592 E0.42406
G1 X114.64 Y99.592 E0.00891
G1 X133.253 Y118.206 E0.43667
G1 X133.253 Y118.743 E0.00891
G1 X114.102 Y99.592 E0.44928
G1 X113.565 Y99.592 E0.00891
G1 X133.253 Y119.28 E0.46187
G1 X133.253 Y119.818 E0.00892
G1 X113.027 Y99.592 E0.4745
G1 X112.49 Y99.592 E0.00891
G0 F18000 X112.49 Y100.311
G0 X117.743 Y103.796
G0 X118.243 Y104.466
G0 X118.05 Y104.912
G0 X117.436 Y104.539
G1 F8400 X133.253 Y120.355 E0.37105
G0 F18000 X132.964 Y120.119
G0 X117.49 Y104.124
G0 X112.49 Y100.311
G0 X112.49 Y99.592
G1 F8400 X117.166 Y104.269 E0.10971
G0 F18000 X117.441 Y103.605
G0 X132.964 Y120.119
G0 X133.253 Y120.355
G1 F8400 X133.253 Y120.408 E0.00088
G1 X132.768 Y120.408 E0.00805
G0 F18000 X132.564 Y119.719
G0 X117.743 Y103.796
G0 X117.441 Y103.605
G0 X117.166 Y104.269
G1 F8400 X116.666 Y104.062 E0.00898
G1 X116.611 Y104.05 E0.00093
G1 X116.41 Y104.05 E0.00333
G0 F18000 X116.41 Y103.331
G0 X116.858 Y103.429
G0 X117.743 Y103.796
G0 X132.564 Y119.719
G0 X132.768 Y120.408
G1 F8400 X117.144 Y104.783 E0.36655
G0 F18000 X117.417 Y105.448
G0 X117.786 Y105.229
G0 X118.243 Y104.466
G0 X117.743 Y103.796
G0 X116.882 Y103.468
G0 X116.41 Y103.331
G0 X116.41 Y104.05
G1 F8400 X111.953 Y99.592 E0.10457
G1 X111.415 Y99.592 E0.00892
G1 X115.873 Y104.05 E0.10458
G1 X115.335 Y104.05 E0.00892
G1 X110.878 Y99.592 E0.10457
G1 X110.34 Y99.592 E0.00892
G1 X114.93 Y104.182 E0.10768
G0 F18000 X114.657 Y103.517
G0 X115.208 Y103.392
G0 X116.858 Y103.429
G0 X117.743 Y103.796
G0 X118.243 Y104.466
G0 X117.832 Y105.153
G0 X117.417 Y105.448
G0 X117.144 Y104.783
G1 F8400 X116.763 Y104.94 E0.00684
G1 X132.23 Y120.408 E0.36286
G1 X131.693 Y120.408 E0.00891
G1 X116.277 Y104.992 E0.36165
G1 X115.74 Y104.992 E0.00891
G1 X131.156 Y120.408 E0.36165
G1 X130.618 Y120.408 E0.00892
G0 F18000 X130.618 Y119.689
G0 X114.144 Y105.246
G0 X113.644 Y104.576
G0 X114.103 Y103.813
G0 X114.657 Y103.517
G0 X114.93 Y104.182
G1 F8400 X114.551 Y104.341 E0.00682
G0 F18000 X115.168 Y104.957
G1 F8400 X130.618 Y120.408 E0.36246
G0 F18000 X130.618 Y119.689
G0 X114.144 Y105.246
G0 X113.644 Y104.576
G0 X113.937 Y103.967
G0 X114.551 Y104.341
G1 F8400 X109.803 Y99.592 E0.1114
G1 X109.266 Y99.592 E0.00891
G0 F18000 X109.266 Y100.311
G0 X113.937 Y103.967
G0 X114.551 Y104.341
G1 F8400 X114.431 Y104.534 E0.00377
G1 X114.557 Y104.706 E0.00354
G0 F18000 X113.985 Y105.138
G0 X109.266 Y100.311
G0 X109.266 Y99.592
G1 F8400 X130.081 Y120.408 E0.48832
G1 X129.543 Y120.408 E0.00892
G1 X108.728 Y99.592 E0.48832
G1 X108.191 Y99.592 E0.00891
G1 X123.199 Y114.6 E0.35208
G0 F18000 X123.391 Y114.792
G1 F8400 X129.006 Y120.408 E0.13174
G0 F18000 X129.006 Y119.689
G0 X124.218 Y114.651
G0 X123.474 Y113.937
G0 X123.199 Y114.6
G1 F8400 X122.608 Y114.358 E0.01059
G1 X122.554 Y114.345 E0.00092
G1 X122.406 Y114.345 E0.00246
G0 F18000 X122.406 Y113.626
G0 X122.801 Y113.724
G0 X123.597 Y114.054
G0 X129.006 Y119.689
G0 X129.006 Y120.408
G1 F8400 X128.469 Y120.408 E0.00891
G0 F18000 X128.469 Y119.689
G0 X123.686 Y114.091
G0 X123.083 Y113.861
G0 X122.406 Y113.626
G0 X122.406 Y114.345
G1 F8400 X107.653 Y99.592 E0.3461
G1 X107.116 Y99.592 E0.00891
G1 X121.868 Y114.345 E0.34609
G1 X121.331 Y114.345 E0.00891
G1 X106.579 Y99.592 E0.34609
G1 X106.041 Y99.592 E0.00892
G1 X120.911 Y114.462 E0.34885
G0 F18000 X120.638 Y113.797
G0 X121.151 Y113.687
G0 X122.801 Y113.724
G0 X123.686 Y114.091
G0 X128.469 Y119.689
G0 X128.469 Y120.408
G1 F8400 X123.124 Y115.063 E0.12539
G1 X122.744 Y115.22 E0.00682
G1 X127.931 Y120.408 E0.1217
G1 X127.394 Y120.408 E0.00891
G1 X122.274 Y115.287 E0.12013
G1 X121.736 Y115.287 E0.00892
G1 X126.856 Y120.408 E0.12013
G0 F18000 X126.856 Y119.689
G0 X120.088 Y115.541
G0 X119.588 Y114.871
G0 X120.045 Y114.108
G0 X120.638 Y113.797
G0 X120.911 Y114.462
G1 F8400 X120.531 Y114.619 E0.00682
G0 F18000 X120.257 Y113.953
G0 X120.045 Y114.108
G0 X119.588 Y114.871
G0 X120.038 Y115.474
G0 X126.856 Y119.689
G0 X126.856 Y120.408
G1 F8400 X126.319 Y120.408 E0.00891
G0 F18000 X126.319 Y119.689
G0 X120.088 Y115.541
G0 X119.588 Y114.871
G0 X119.999 Y114.184
G0 X120.257 Y113.953
G0 X120.531 Y114.619
G1 F8400 X105.504 Y99.592 E0.35253
G0 F18000 X105.504 Y100.311
G0 X120.257 Y113.953
G0 X120.531 Y114.619
G1 F8400 X120.496 Y114.634 E0.00063
G1 X120.375 Y114.828 E0.00379
G1 X120.501 Y115.001 E0.00355
G1 X121.166 Y115.275 E0.01193
G0 F18000 X120.891 Y115.939
G0 X120.168 Y115.581
G0 X105.504 Y100.311
G0 X105.504 Y99.592
G1 F8400 X104.966 Y99.592 E0.00892
G0 F18000 X104.966 Y100.311
G0 X120.088 Y115.541
G0 X121.044 Y115.983
G0 X121.192 Y115.281
G1 F8400 X126.319 Y120.408 E0.12028
G0 F18000 X126.319 Y119.689
G0 X120.088 Y115.541
G0 X104.966 Y100.311
G0 X104.966 Y99.592
G1 F8400 X125.782 Y120.408 E0.48834
G1 X125.244 Y120.408 E0.00892
G1 X104.429 Y99.592 E0.48832
G1 X103.892 Y99.592 E0.00891
G1 X124.707 Y120.408 E0.48832
G1 X124.169 Y120.408 E0.00892
G1 X103.354 Y99.592 E0.48832
G1 X102.817 Y99.592 E0.00891
G1 X123.632 Y120.408 E0.48832
G1 X123.095 Y120.408 E0.00891
G1 X102.279 Y99.592 E0.48834
G1 X101.742 Y99.592 E0.00891
G1 X122.557 Y120.408 E0.48832
G1 X122.02 Y120.408 E0.00891
G1 X101.205 Y99.592 E0.48832
G1 X100.667 Y99.592 E0.00892
G1 X105.387 Y104.312 E0.11073
G0 F18000 X105.531 Y104.456
G1 F8400 X121.482 Y120.408 E0.37422
G0 F18000 X121.482 Y119.689
G0 X105.661 Y103.649
G0 X105.387 Y104.312
G1 F8400 X104.777 Y104.061 E0.01094
G1 X104.723 Y104.05 E0.00091
G1 X104.587 Y104.05 E0.00226
G0 F18000 X104.587 Y103.331
G0 X104.97 Y103.429
G0 X105.767 Y103.759
G0 X121.482 Y119.689
G0 X121.482 Y120.408
G1 F8400 X120.945 Y120.408 E0.00891
G0 F18000 X120.945 Y119.689
G0 X105.856 Y103.796
G0 X105.554 Y103.681
G0 X104.587 Y103.331
G0 X104.587 Y104.05
G1 F8400 X100.13 Y99.592 E0.10457
G1 X99.592 Y99.592 E0.00892
G1 X104.05 Y104.05 E0.10458
G1 X103.513 Y104.05 E0.00891
G1 X99.055 Y99.592 E0.10458
G1 X98.518 Y99.592 E0.00891
G0 F18000 X98.518 Y100.311
G0 X102.257 Y105.246
G0 X120.945 Y119.689
G0 X120.945 Y120.408
G1 F8400 X105.302 Y104.764 E0.36699
G1 X104.921 Y104.921 E0.00684
G1 X120.408 Y120.408 E0.36332
G1 X119.87 Y120.408 E0.00892
G1 X104.455 Y104.992 E0.36164
G1 X103.917 Y104.992 E0.00892
G1 X119.333 Y120.408 E0.36165
G1 X118.795 Y120.408 E0.00892
G0 F18000 X118.795 Y119.689
G0 X102.257 Y105.246
G0 X98.518 Y100.311
G0 X98.518 Y99.592
G1 F8400 X103.088 Y104.163 E0.10722
G1 X102.709 Y104.321 E0.00681
G1 X97.98 Y99.592 E0.11094
G0 F18000 X97.98 Y100.311
G0 X102.257 Y105.246
G0 X103.23 Y105.692
G0 X103.378 Y104.99
G1 F8400 X118.795 Y120.408 E0.36169
G0 F18000 X118.795 Y119.689
G0 X103.06 Y105.644
G0 X103.335 Y104.98
G1 F8400 X102.67 Y104.706 E0.01193
G1 X102.544 Y104.534 E0.00354
G1 X102.665 Y104.339 E0.00381
G1 X102.709 Y104.321 E0.00079
G0 F18000 X102.435 Y103.655
G0 X97.98 Y100.311
G0 X97.98 Y99.592
G1 F8400 X97.443 Y99.592 E0.00891
G1 X118.258 Y120.408 E0.48832
G1 X117.721 Y120.408 E0.00891
G1 X96.905 Y99.592 E0.48834
G1 X96.368 Y99.592 E0.00891
G1 X117.183 Y120.408 E0.48832
G1 X116.646 Y120.408 E0.00891
G0 F18000 X116.646 Y119.689
G0 X111.799 Y114.091
G0 X110.815 Y113.643
G0 X110.667 Y114.346
G1 F8400 X110.721 Y114.357 E0.00091
G1 X111.386 Y114.631 E0.01193
G1 X111.512 Y114.803 E0.00354
G1 X111.391 Y114.998 E0.00381
G1 X111.282 Y115.043 E0.00196
G0 F18000 X111.556 Y115.709
G0 X116.646 Y119.689
G0 X116.646 Y120.408
G1 F8400 X111.282 Y115.043 E0.12585
G0 F18000 X110.583 Y114.345
G1 F8400 X95.831 Y99.592 E0.34609
G1 X95.293 Y99.592 E0.00892
G1 X110.046 Y114.345 E0.3461
G1 X109.508 Y114.345 E0.00892
G1 X94.756 Y99.592 E0.34609
G1 X94.218 Y99.592 E0.00892
G1 X109.07 Y114.444 E0.34842
G0 F18000 X108.796 Y113.778
G0 X109.264 Y113.687
G0 X110.914 Y113.724
G0 X111.799 Y114.091
G0 X112.299 Y114.761
G0 X111.888 Y115.448
G0 X111.556 Y115.709
G0 X111.282 Y115.043
G1 F8400 X110.901 Y115.2 E0.00684
G1 X116.108 Y120.408 E0.12217
G1 X115.571 Y120.408 E0.00891
G1 X110.451 Y115.287 E0.12013
G1 X109.913 Y115.287 E0.00892
G1 X115.034 Y120.408 E0.12014
G1 X114.496 Y120.408 E0.00892
G0 F18000 X114.496 Y119.689
G0 X108.201 Y115.541
G0 X107.701 Y114.871
G0 X108.158 Y114.108
G0 X108.796 Y113.778
G0 X109.07 Y114.444
G1 F8400 X108.689 Y114.601 E0.00684
G0 F18000 X109.376 Y115.287
G1 F8400 X114.496 Y120.408 E0.12013
G0 F18000 X114.496 Y119.689
G0 X108.201 Y115.541
G0 X107.701 Y114.871
G0 X108.112 Y114.184
G0 X108.415 Y113.935
G0 X108.689 Y114.601
G1 F8400 X93.681 Y99.592 E0.35209
G1 X93.144 Y99.592 E0.00891
G0 F18000 X93.144 Y100.311
G0 X108.415 Y113.935
G0 X108.689 Y114.601
G1 F8400 X108.609 Y114.634 E0.00144
G1 X108.488 Y114.829 E0.00381
G1 X108.614 Y115.001 E0.00354
G1 X109.279 Y115.275 E0.01193
G1 X109.333 Y115.287 E0.00092
G0 F18000 X109.185 Y115.989
G0 X108.299 Y115.586
G0 X93.144 Y100.311
G0 X93.144 Y99.592
G1 F8400 X113.959 Y120.408 E0.48832
G1 X113.421 Y120.408 E0.00892
G1 X92.606 Y99.592 E0.48832
G1 X92.069 Y99.592 E0.00891
G1 X112.884 Y120.408 E0.48832
G1 X112.347 Y120.408 E0.00891
G1 X91.531 Y99.592 E0.48834
G1 X90.994 Y99.592 E0.00891
G1 X111.809 Y120.408 E0.48832
G1 X111.272 Y120.408 E0.00891
G1 X90.457 Y99.592 E0.48832
G1 X89.919 Y99.592 E0.00892
G1 X110.734 Y120.408 E0.48832
G1 X110.197 Y120.408 E0.00891
G1 X89.382 Y99.592 E0.48832
G1 X88.844 Y99.592 E0.00892
G1 X109.66 Y120.408 E0.48834
G1 X109.122 Y120.408 E0.00892
G0 F18000 X109.122 Y119.689
G0 X93.968 Y103.796
G0 X92.984 Y103.348
G0 X92.836 Y104.049
G1 F8400 X92.89 Y104.062 E0.00092
G1 X93.555 Y104.336 E0.01193
G1 X93.681 Y104.508 E0.00354
G1 X93.56 Y104.703 E0.00381
G1 X93.46 Y104.745 E0.0018
G0 F18000 X92.764 Y104.049
G1 F8400 X88.307 Y99.592 E0.10456
G0 F18000 X88.307 Y100.311
G0 X93.968 Y103.796
G0 X109.122 Y119.689
G0 X109.122 Y120.408
G1 F8400 X93.46 Y104.745 E0.36744
G0 F18000 X93.733 Y105.411
G0 X94.011 Y105.229
G0 X94.468 Y104.466
G0 X94.018 Y103.863
G0 X88.307 Y100.311
G0 X88.307 Y99.592
G1 F8400 X87.77 Y99.592 E0.00891
G1 X92.227 Y104.049 E0.10456
G1 X91.689 Y104.049 E0.00892
G1 X87.232 Y99.592 E0.10456
G1 X86.747 Y99.592 E0.00805
G1 X86.747 Y99.645 E0.00088
G0 F18000 X87.036 Y99.881
G0 X93.715 Y104.124
G0 X93.958 Y104.453
G0 X93.733 Y105.411
G0 X93.46 Y104.745
G1 F8400 X93.079 Y104.902 E0.00684
G1 X108.585 Y120.408 E0.36377
G1 X108.047 Y120.408 E0.00892
G1 X92.632 Y104.993 E0.36163
G1 X92.095 Y104.993 E0.00891
G1 X107.51 Y120.408 E0.36163
G1 X106.973 Y120.408 E0.00891
G0 F18000 X106.973 Y119.689
G0 X90.623 Y104.918
G0 X87.036 Y99.881
G0 X86.747 Y99.645
G1 F8400 X91.246 Y104.144 E0.10555
G1 X90.867 Y104.302 E0.00681
G0 F18000 X91.558 Y104.993
G1 F8400 X106.973 Y120.408 E0.36163
G0 F18000 X106.973 Y119.689
G0 X90.37 Y105.246
G0 X89.87 Y104.576
G0 X90.281 Y103.889
G0 X90.593 Y103.636
G0 X90.867 Y104.302
G1 F8400 X86.747 Y100.182 E0.09665
G0 F18000 X87.436 Y100.281
G0 X89.87 Y104.576
G0 X90.32 Y105.179
G0 X91.354 Y105.694
G0 X91.502 Y104.992
G1 F8400 X91.448 Y104.981 E0.00091
G1 X90.783 Y104.706 E0.01194
G1 X90.657 Y104.534 E0.00354
G1 X90.778 Y104.339 E0.00381
G1 X90.867 Y104.302 E0.0016
G0 F18000 X90.593 Y103.636
G0 X87.436 Y100.281
G0 X86.747 Y100.182
G1 F8400 X86.747 Y100.72 E0.00892
G1 X106.435 Y120.408 E0.46187
G1 X105.898 Y120.408 E0.00891
G1 X86.747 Y101.257 E0.44928
G1 X86.747 Y101.794 E0.00891
G1 X105.36 Y120.408 E0.43667
G1 X104.823 Y120.408 E0.00891
G0 F18000 X104.823 Y119.689
G0 X99.912 Y114.091
G0 X98.928 Y113.643
G0 X98.78 Y114.345
G1 F8400 X98.834 Y114.357 E0.00092
G1 X99.499 Y114.631 E0.01193
G1 X99.625 Y114.802 E0.00352
G1 X99.504 Y114.998 E0.00382
G1 X99.44 Y115.025 E0.00115
G0 F18000 X99.714 Y115.691
G0 X104.823 Y119.689
G0 X104.823 Y120.408
G1 F8400 X99.44 Y115.025 E0.12628
G0 F18000 X98.76 Y114.345
G1 F8400 X86.747 Y102.332 E0.28182
G1 X86.747 Y102.869 E0.00891
G0 F18000 X87.466 Y102.869
G0 X99.912 Y114.091
G0 X100.412 Y114.761
G0 X100.001 Y115.448
G0 X99.714 Y115.691
G0 X99.44 Y115.025
G1 F8400 X99.06 Y115.182 E0.00682
G0 F18000 X99.333 Y115.847
G0 X99.955 Y115.524
G0 X100.412 Y114.761
G0 X100.007 Y114.218
G0 X87.466 Y102.869
G0 X86.747 Y102.869
G1 F8400 X98.223 Y114.345 E0.26922
G0 F18000 X98.223 Y113.626
G0 X99.027 Y113.724
G0 X99.912 Y114.091
G0 X100.412 Y114.761
G0 X99.955 Y115.524
G0 X99.333 Y115.847
G0 X99.06 Y115.182
G1 F8400 X104.286 Y120.408 E0.1226
G1 X103.748 Y120.408 E0.00892
G1 X98.627 Y115.287 E0.12014
G1 X98.09 Y115.287 E0.00891
G1 X103.211 Y120.408 E0.12014
G1 X102.673 Y120.408 E0.00892
G1 X97.552 Y115.287 E0.12014
G0 F18000 X97.552 Y116.006
G0 X96.314 Y115.541
G0 X95.814 Y114.871
G0 X96.271 Y114.108
G0 X97.266 Y113.729
G0 X98.223 Y113.626
G0 X98.223 Y114.345
G1 F8400 X97.685 Y114.345 E0.00892
G1 X86.747 Y103.407 E0.2566
G1 X86.747 Y103.944 E0.00891
G1 X97.227 Y114.424 E0.24586
G1 X96.847 Y114.582 E0.00683
G1 X86.747 Y104.481 E0.23695
G1 X86.747 Y105.019 E0.00892
G0 F18000 X87.466 Y105.019
G0 X96.314 Y115.541
G0 X97.552 Y116.006
G0 X97.552 Y115.287
G1 F8400 X97.446 Y115.287 E0.00176
G1 X97.392 Y115.275 E0.00092
G1 X96.732 Y115.003 E0.01184
G1 X102.136 Y120.408 E0.12679
G0 F18000 X102.136 Y119.689
G0 X96.147 Y115.423
G0 X96.719 Y114.991
G1 F8400 X86.747 Y105.019 E0.23394
G0 F18000 X87.466 Y105.019
G0 X96.314 Y115.541
G0 X102.136 Y119.689
G0 X102.136 Y120.408
G1 F8400 X101.599 Y120.408 E0.00891
G1 X86.747 Y105.556 E0.34842
G1 X86.747 Y106.094 E0.00892
G1 X101.061 Y120.408 E0.3358
G1 X100.524 Y120.408 E0.00891
G1 X86.747 Y106.631 E0.3232
G1 X86.747 Y107.168 E0.00891
G1 X99.986 Y120.408 E0.31059
G1 X99.449 Y120.408 E0.00891
G1 X86.747 Y107.706 E0.29798
G1 X86.747 Y108.243 E0.00891
G1 X98.912 Y120.408 E0.28539
G1 X98.374 Y120.408 E0.00892
G1 X86.747 Y108.781 E0.27277
G1 X86.747 Y109.318 E0.00891
G1 X97.837 Y120.408 E0.26017
G1 X97.299 Y120.408 E0.00892
G1 X86.747 Y109.855 E0.24756
G1 X86.747 Y110.393 E0.00892
G1 X96.762 Y120.408 E0.23495
G1 X96.225 Y120.408 E0.00891
G1 X86.747 Y110.93 E0.22235
G1 X86.747 Y111.468 E0.00892
G1 X95.687 Y120.408 E0.20973
G1 X95.15 Y120.408 E0.00891
G1 X86.747 Y112.005 E0.19713
G1 X86.747 Y112.542 E0.00891
G1 X94.612 Y120.408 E0.18452
G1 X94.075 Y120.408 E0.00891
G1 X86.747 Y113.08 E0.17191
G1 X86.747 Y113.617 E0.00891
G1 X93.537 Y120.408 E0.1593
G1 X93 Y120.408 E0.00891
G0 F18000 X93 Y119.689
G0 X88.183 Y114.198
G0 X87.612 Y114.63
G1 F8400 X87.738 Y114.803 E0.00355
G1 X87.617 Y114.997 E0.00379
G1 X87.599 Y115.006 E0.00033
G0 F18000 X86.951 Y114.358
G1 F8400 X86.747 Y114.155 E0.00477
G0 F18000 X87.449 Y113.805
G0 X87.967 Y114.062
G0 X93 Y119.689
G0 X93 Y120.408
G1 F8400 X87.599 Y115.006 E0.12672
G1 X87.219 Y115.164 E0.00683
G1 X92.463 Y120.408 E0.12302
G1 X91.925 Y120.408 E0.00892
G1 X86.805 Y115.287 E0.12013
G1 X86.747 Y115.287 E0.00096
G1 X86.747 Y115.767 E0.00796
G1 X91.388 Y120.408 E0.10888
G1 X90.85 Y120.408 E0.00892
G1 X86.747 Y116.304 E0.09627
G1 X86.747 Y116.842 E0.00892
G1 X90.313 Y120.408 E0.08366
G1 X89.776 Y120.408 E0.00891
G1 X86.747 Y117.379 E0.07106
G1 X86.747 Y117.916 E0.00891
G1 X89.238 Y120.408 E0.05845
G1 X88.701 Y120.408 E0.00891
G1 X86.747 Y118.454 E0.04584
G1 X86.747 Y118.991 E0.00891
G1 X88.163 Y120.408 E0.03323
G1 X87.626 Y120.408 E0.00891
G1 X86.747 Y119.529 E0.02062
G1 X86.747 Y120.066 E0.00891
G1 X87.089 Y120.408 E0.00802
G1 X86.747 Y120.408 E0.00567
G0 F18000 X87.036 Y120.119
G0 X88.042 Y114.785
G0 X87.449 Y113.805
G0 X86.747 Y114.346
G1 F8400 X86.894 Y114.345 E0.00244
G1 X86.951 Y114.358 E0.00097
G0 F18000 X87.746 Y113.649
G1 F1800 E-3.5
;MESH:Full_Asse_Dielectric_Part.STL
G0 F18000 X116.74 Y105.229
G0 X133.014 Y99.881
G0 X134.464 Y99.881
G0 X140.536 Y99.881
G0 X188.253 Y99.592
G1 F1800 E3.52079
G1 F8400 X187.726 Y99.592 E0.00874
G1 X188.253 Y100.119 E0.01236
G1 X188.253 Y100.657 E0.00892
G1 X187.188 Y99.592 E0.02498
G1 X186.651 Y99.592 E0.00891
G1 X188.253 Y101.194 E0.03758
G1 X188.253 Y101.731 E0.00891
G1 X186.113 Y99.592 E0.05019
G1 X185.576 Y99.592 E0.00891
G1 X188.253 Y102.269 E0.0628
G1 X188.253 Y102.806 E0.00891
G1 X185.039 Y99.592 E0.0754
G1 X184.501 Y99.592 E0.00892
G1 X188.253 Y103.344 E0.08802
G1 X188.253 Y103.881 E0.00891
G1 X183.964 Y99.592 E0.10062
G1 X183.426 Y99.592 E0.00892
G1 X188.253 Y104.418 E0.11323
G1 X188.253 Y104.956 E0.00892
G1 X182.889 Y99.592 E0.12584
G1 X182.352 Y99.592 E0.00891
G1 X188.253 Y105.493 E0.13844
G1 X188.253 Y106.031 E0.00892
G1 X181.814 Y99.592 E0.15106
G1 X181.277 Y99.592 E0.00891
G1 X188.253 Y106.568 E0.16365
G1 X188.253 Y107.105 E0.00891
G1 X180.739 Y99.592 E0.17626
G1 X180.202 Y99.592 E0.00891
G1 X188.253 Y107.643 E0.18887
G1 X188.253 Y108.18 E0.00891
G1 X179.665 Y99.592 E0.20147
G1 X179.127 Y99.592 E0.00892
G1 X183.629 Y104.093 E0.1056
G1 X183.552 Y104.062 E0.00138
G1 X183.498 Y104.05 E0.00092
G1 X183.048 Y104.05 E0.00746
G1 X178.59 Y99.592 E0.10458
G1 X178.052 Y99.592 E0.00892
G1 X182.511 Y104.05 E0.10459
G1 X182.164 Y104.05 E0.00576
G1 X182.11 Y104.062 E0.00092
G1 X182.021 Y104.098 E0.00159
G1 X177.515 Y99.592 E0.10571
G1 X176.978 Y99.592 E0.00891
G1 X181.641 Y104.255 E0.10939
G0 F18000 X181.368 Y103.59
G0 X182.095 Y103.392
G0 X183.745 Y103.429
G0 X184.789 Y103.904
G0 X184.217 Y104.336
G1 F8400 X184.343 Y104.508 E0.00354
G1 X184.228 Y104.693 E0.00361
G1 X188.253 Y108.718 E0.09443
G1 X188.253 Y109.255 E0.00891
G1 X183.854 Y104.856 E0.1032
G1 X183.552 Y104.98 E0.00542
G1 X183.498 Y104.992 E0.00092
G1 X183.452 Y104.992 E0.00076
G1 X188.253 Y109.792 E0.11262
G1 X188.253 Y110.33 E0.00892
G1 X182.915 Y104.992 E0.12523
G1 X182.378 Y104.992 E0.00891
G1 X188.253 Y110.867 E0.13783
G1 X188.253 Y111.405 E0.00892
G0 F18000 X187.534 Y111.405
G0 X181.032 Y105.246
G0 X180.532 Y104.576
G0 X180.943 Y103.889
G0 X181.368 Y103.59
G0 X181.641 Y104.255
G1 F8400 X181.44 Y104.339 E0.00361
G1 X181.344 Y104.496 E0.00305
G1 X176.44 Y99.592 E0.11505
G1 X175.903 Y99.592 E0.00891
G0 F18000 X175.903 Y100.311
G0 X181.032 Y105.246
G0 X181.356 Y105.446
G0 X181.631 Y104.783
G1 F8400 X188.253 Y111.405 E0.15535
G0 F18000 X187.534 Y111.405
G0 X175.903 Y100.311
G0 X175.903 Y99.592
G1 F8400 X188.253 Y111.942 E0.28973
G1 X188.253 Y112.479 E0.00891
G1 X175.365 Y99.592 E0.30234
G1 X174.828 Y99.592 E0.00891
G1 X188.253 Y113.017 E0.31495
G1 X188.253 Y113.554 E0.00891
G1 X174.291 Y99.592 E0.32754
G1 X173.753 Y99.592 E0.00892
G1 X188.253 Y114.092 E0.34017
G1 X188.253 Y114.345 E0.0042
G1 X188.107 Y114.345 E0.00242
G1 X188.053 Y114.357 E0.00092
G1 X188.001 Y114.377 E0.00092
G1 X173.216 Y99.592 E0.34685
G1 X172.678 Y99.592 E0.00892
G1 X187.622 Y114.535 E0.35057
G1 X187.383 Y114.634 E0.00429
G1 X187.307 Y114.758 E0.00241
G0 F18000 X186.692 Y114.385
G0 X186.475 Y114.871
G0 X186.925 Y115.474
G0 X187.551 Y115.827
G0 X188.253 Y115.287
G1 F8400 X188.107 Y115.287 E0.00242
G1 X188.053 Y115.275 E0.00092
G1 X187.664 Y115.115 E0.00698
G0 F18000 X187.307 Y114.758
G1 F8400 X172.141 Y99.592 E0.35579
G0 F18000 X172.141 Y100.311
G0 X186.975 Y115.541
G0 X187.389 Y115.779
G0 X187.664 Y115.115
G1 F8400 X188.253 Y115.704 E0.01382
G0 F18000 X187.551 Y115.827
G0 X186.816 Y115.433
G0 X187.388 Y115.001
G1 F8400 X187.262 Y114.829 E0.00354
G1 X187.307 Y114.758 E0.00139
G0 F18000 X186.692 Y114.385
G0 X172.141 Y100.311
G0 X172.141 Y99.592
G1 F8400 X171.604 Y99.592 E0.00891
G1 X188.253 Y116.241 E0.39058
G1 X188.253 Y116.779 E0.00892
G1 X171.066 Y99.592 E0.4032
G1 X170.529 Y99.592 E0.00891
G1 X188.253 Y117.316 E0.4158
G1 X188.253 Y117.853 E0.00891
G1 X169.991 Y99.592 E0.42841
G1 X169.454 Y99.592 E0.00891
G1 X188.253 Y118.391 E0.44102
G1 X188.253 Y118.928 E0.00891
G1 X168.916 Y99.592 E0.45363
G1 X168.379 Y99.592 E0.00891
G1 X188.253 Y119.466 E0.46624
G1 X188.253 Y120.003 E0.00891
G1 X167.842 Y99.592 E0.47884
G1 X167.304 Y99.592 E0.00892
G1 X171.85 Y104.138 E0.10665
G1 X171.665 Y104.061 E0.00332
G1 X171.611 Y104.05 E0.00091
G1 X171.224 Y104.049 E0.00642
G1 X166.767 Y99.592 E0.10456
G1 X166.229 Y99.592 E0.00892
G1 X170.687 Y104.049 E0.10457
G1 X170.277 Y104.049 E0.0068
G1 X170.223 Y104.062 E0.00092
G1 X170.18 Y104.08 E0.00077
G1 X165.692 Y99.592 E0.10529
G1 X165.155 Y99.592 E0.00891
G1 X169.799 Y104.236 E0.10895
G0 F18000 X169.526 Y103.571
G0 X170.208 Y103.392
G0 X171.858 Y103.429
G0 X172.902 Y103.904
G0 X172.33 Y104.336
G1 F8400 X172.456 Y104.508 E0.00354
G1 X172.365 Y104.653 E0.00284
G1 X188.12 Y120.408 E0.36961
G1 X187.583 Y120.408 E0.00891
G1 X172.012 Y104.837 E0.36529
G1 X171.665 Y104.981 E0.00623
G1 X171.627 Y104.989 E0.00064
G1 X187.045 Y120.408 E0.36171
G1 X186.508 Y120.408 E0.00891
G1 X171.093 Y104.993 E0.36163
G1 X170.556 Y104.993 E0.00891
G1 X185.97 Y120.408 E0.36162
G1 X185.433 Y120.408 E0.00891
G0 F18000 X185.433 Y119.689
G0 X169.144 Y105.246
G0 X168.644 Y104.576
G0 X169.057 Y103.889
G0 X169.526 Y103.571
G0 X169.799 Y104.236
G1 F8400 X169.552 Y104.339 E0.00444
G1 X169.481 Y104.455 E0.00226
G1 X164.617 Y99.592 E0.1141
G0 F18000 X164.617 Y100.311
G0 X168.867 Y104.081
G0 X169.481 Y104.455
G1 F8400 X169.431 Y104.534 E0.00155
G1 X169.557 Y104.706 E0.00354
G0 F18000 X169.853 Y104.828
G1 F8400 X185.433 Y120.408 E0.3655
G0 F18000 X185.433 Y119.689
G0 X169.144 Y105.246
G0 X164.617 Y100.311
G0 X164.617 Y99.592
G1 F8400 X164.08 Y99.592 E0.00891
G1 X184.896 Y120.408 E0.48834
G1 X184.358 Y120.408 E0.00892
G1 X163.542 Y99.592 E0.48834
G1 X163.005 Y99.592 E0.00891
G0 F18000 X163.005 Y100.311
G0 X178.844 Y114.198
G0 X178.273 Y114.63
G1 F8400 X178.399 Y114.803 E0.00355
G1 X178.329 Y114.915 E0.00219
G1 X183.821 Y120.408 E0.12885
G0 F18000 X183.821 Y119.689
G0 X178.686 Y114.091
G0 X163.005 Y100.311
G0 X163.005 Y99.592
G1 F8400 X177.883 Y114.47 E0.34903
G1 X177.608 Y114.357 E0.00493
G1 X177.555 Y114.345 E0.0009
G1 X177.221 Y114.345 E0.00554
G0 F18000 X177.221 Y113.626
G0 X177.801 Y113.724
G0 X178.686 Y114.091
G0 X183.821 Y119.689
G0 X183.821 Y120.408
G1 F8400 X183.283 Y120.408 E0.00892
G1 X177.992 Y115.116 E0.12414
G0 F18000 X178.266 Y115.782
G0 X178.729 Y115.524
G0 X179.186 Y114.761
G0 X178.686 Y114.091
G0 X177.825 Y113.763
G0 X177.221 Y113.626
G0 X177.221 Y114.345
G1 F8400 X162.468 Y99.592 E0.3461
G1 X161.93 Y99.592 E0.00892
G1 X176.683 Y114.345 E0.3461
G1 X176.219 Y114.345 E0.0077
G1 X176.16 Y114.359 E0.00101
G1 X161.393 Y99.592 E0.34643
G1 X160.855 Y99.592 E0.00892
G1 X175.78 Y114.516 E0.35012
G0 F18000 X175.507 Y113.851
G0 X175.045 Y114.108
G0 X174.588 Y114.871
G0 X175.088 Y115.541
G0 X176.151 Y115.945
G0 X177.636 Y115.912
G0 X178.266 Y115.782
G0 X177.992 Y115.116
G1 F8400 X177.612 Y115.274 E0.00683
G1 X182.746 Y120.408 E0.12044
G1 X182.209 Y120.408 E0.00891
G1 X177.089 Y115.287 E0.12013
G1 X176.551 Y115.287 E0.00892
G1 X181.671 Y120.408 E0.12013
G1 X181.134 Y120.408 E0.00891
G0 F18000 X181.134 Y119.689
G0 X175.088 Y115.541
G0 X174.588 Y114.871
G0 X174.999 Y114.184
G0 X175.507 Y113.851
G0 X175.78 Y114.516
G1 F8400 X175.496 Y114.634 E0.0051
G1 X175.445 Y114.718 E0.00163
G1 X160.318 Y99.592 E0.35486
G0 F18000 X160.318 Y100.311
G0 X174.83 Y114.344
G0 X175.445 Y114.718
G1 F8400 X175.375 Y114.829 E0.00218
G1 X175.501 Y115.001 E0.00354
G0 F18000 X175.886 Y115.16
G1 F8400 X181.134 Y120.408 E0.12312
G0 F18000 X181.134 Y119.689
G0 X175.088 Y115.541
G0 X160.318 Y100.311
G0 X160.318 Y99.592
G1 F8400 X159.781 Y99.592 E0.00891
G1 X180.596 Y120.408 E0.48832
G1 X180.059 Y120.408 E0.00891
G1 X159.243 Y99.592 E0.48834
G1 X158.706 Y99.592 E0.00891
G1 X179.522 Y120.408 E0.48834
G1 X178.984 Y120.408 E0.00892
G1 X158.168 Y99.592 E0.48834
G1 X157.631 Y99.592 E0.00891
G1 X178.447 Y120.408 E0.48834
G1 X177.909 Y120.408 E0.00892
G1 X157.094 Y99.592 E0.48832
G1 X156.556 Y99.592 E0.00892
G1 X177.372 Y120.408 E0.48834
G1 X176.835 Y120.408 E0.00891
G1 X156.019 Y99.592 E0.48834
G1 X155.481 Y99.592 E0.00892
G0 F18000 X155.481 Y100.311
G0 X161.015 Y103.904
G0 X160.443 Y104.336
G1 F8400 X160.569 Y104.508 E0.00354
G1 X160.503 Y104.614 E0.00207
G0 F18000 X161.117 Y104.988
G0 X161.356 Y104.466
G0 X160.906 Y103.863
G0 X155.481 Y100.311
G0 X155.481 Y99.592
G1 F8400 X160.073 Y104.184 E0.10773
G0 F18000 X160.503 Y104.614
G1 F8400 X176.297 Y120.408 E0.37052
G1 X175.76 Y120.408 E0.00891
G1 X160.17 Y104.818 E0.36574
G0 F18000 X160.073 Y104.184
G1 F8400 X159.776 Y104.062 E0.00533
G1 X159.723 Y104.05 E0.0009
G1 X159.402 Y104.05 E0.00532
G1 X154.944 Y99.592 E0.10458
G1 X154.407 Y99.592 E0.00891
G1 X158.865 Y104.05 E0.10458
G1 X158.388 Y104.05 E0.00791
G1 X158.338 Y104.061 E0.00085
G1 X153.869 Y99.592 E0.10484
G1 X153.332 Y99.592 E0.00891
G0 F18000 X153.332 Y100.311
G0 X160.856 Y103.796
G0 X161.356 Y104.466
G0 X160.943 Y105.153
G0 X160.443 Y105.483
G0 X160.17 Y104.818
G1 F8400 X159.79 Y104.975 E0.00682
G1 X175.222 Y120.408 E0.36204
G1 X174.685 Y120.408 E0.00891
G1 X159.269 Y104.992 E0.36165
G1 X158.732 Y104.992 E0.00891
G1 X174.148 Y120.408 E0.36165
G1 X173.61 Y120.408 E0.00892
G0 F18000 X173.61 Y119.689
G0 X157.257 Y105.246
G0 X153.332 Y100.311
G0 X153.332 Y99.592
G1 F8400 X157.958 Y104.218 E0.10852
G1 X157.665 Y104.339 E0.00526
G1 X157.618 Y104.416 E0.0015
G0 F18000 X158.077 Y104.874
G1 F8400 X173.61 Y120.408 E0.36441
G0 F18000 X173.61 Y119.689
G0 X157.257 Y105.246
G0 X156.757 Y104.576
G0 X157.003 Y104.042
G0 X157.618 Y104.416
G1 F8400 X152.794 Y99.592 E0.11317
G0 F18000 X152.794 Y100.311
G0 X157.098 Y105.138
G0 X157.67 Y104.706
G1 F8400 X157.544 Y104.534 E0.00354
G1 X157.618 Y104.416 E0.00231
G0 F18000 X157.003 Y104.042
G0 X152.794 Y100.311
G0 X152.794 Y99.592
G1 F8400 X152.257 Y99.592 E0.00891
G1 X173.073 Y120.408 E0.48834
G1 X172.535 Y120.408 E0.00892
G1 X151.72 Y99.592 E0.48832
G1 X151.182 Y99.592 E0.00892
G0 F18000 X151.182 Y100.311
G0 X166.958 Y114.199
G0 X166.386 Y114.631
G1 F8400 X166.512 Y114.803 E0.00354
G1 X166.466 Y114.876 E0.00143
G0 F18000 X167.08 Y115.249
G0 X167.299 Y114.761
G0 X166.894 Y114.218
G0 X151.182 Y100.311
G0 X151.182 Y99.592
G1 F8400 X166.106 Y114.515 E0.3501
G1 X165.721 Y114.357 E0.0069
G1 X165.667 Y114.345 E0.00092
G1 X165.398 Y114.345 E0.00446
G0 F18000 X165.398 Y113.626
G0 X165.914 Y113.724
G0 X166.799 Y114.091
G0 X167.299 Y114.761
G0 X167.08 Y115.249
G0 X166.466 Y114.876
G1 F8400 X171.998 Y120.408 E0.12978
G1 X171.461 Y120.408 E0.00891
G1 X166.151 Y115.098 E0.12457
G0 F18000 X166.424 Y115.763
G0 X166.842 Y115.524
G0 X167.299 Y114.761
G0 X166.799 Y114.091
G0 X165.938 Y113.763
G0 X165.398 Y113.626
G0 X165.398 Y114.345
G1 F8400 X150.645 Y99.592 E0.3461
G1 X150.107 Y99.592 E0.00892
G1 X164.861 Y114.345 E0.34611
G1 X164.325 Y114.346 E0.00889
G1 X149.57 Y99.592 E0.34614
G1 X149.033 Y99.592 E0.00891
G1 X163.938 Y114.498 E0.34968
G0 F18000 X163.664 Y113.832
G0 X164.264 Y113.687
G0 X165.914 Y113.724
G0 X166.799 Y114.091
G0 X167.299 Y114.761
G0 X166.888 Y115.448
G0 X166.424 Y115.763
G0 X166.151 Y115.098
G1 F8400 X165.771 Y115.255 E0.00682
G1 X170.923 Y120.408 E0.12088
G1 X170.386 Y120.408 E0.00891
G1 X165.265 Y115.287 E0.12014
G1 X164.728 Y115.287 E0.00891
G1 X169.848 Y120.408 E0.12013
G1 X169.311 Y120.408 E0.00891
G0 F18000 X169.311 Y119.689
G0 X163.201 Y115.541
G0 X162.701 Y114.871
G0 X163.158 Y114.108
G0 X163.664 Y113.832
G0 X163.938 Y114.498
G1 F8400 X163.61 Y114.634 E0.00589
G1 X163.582 Y114.679 E0.00088
G0 F18000 X164.109 Y115.205
G1 F8400 X169.311 Y120.408 E0.12205
G0 F18000 X169.311 Y119.689
G0 X163.201 Y115.541
G0 X162.701 Y114.871
G0 X162.967 Y114.305
G0 X163.582 Y114.679
G1 F8400 X148.495 Y99.592 E0.35394
G0 F18000 X148.495 Y100.311
G0 X162.967 Y114.305
G0 X163.582 Y114.679
G1 F8400 X163.488 Y114.829 E0.00294
G1 X163.615 Y115.001 E0.00355
G0 F18000 X163.043 Y115.433
G0 X148.495 Y100.311
G0 X148.495 Y99.592
G1 F8400 X147.958 Y99.592 E0.00891
G1 X168.774 Y120.408 E0.48834
G1 X168.236 Y120.408 E0.00892
G1 X147.42 Y99.592 E0.48834
G1 X146.883 Y99.592 E0.00891
G1 X167.699 Y120.408 E0.48834
G1 X167.161 Y120.408 E0.00892
G1 X146.346 Y99.592 E0.48832
G1 X145.808 Y99.592 E0.00892
G1 X166.624 Y120.408 E0.48834
G1 X166.087 Y120.408 E0.00891
G1 X145.271 Y99.592 E0.48834
G1 X144.733 Y99.592 E0.00892
G1 X165.549 Y120.408 E0.48834
G1 X165.012 Y120.408 E0.00891
G1 X144.196 Y99.592 E0.48834
G1 X143.659 Y99.592 E0.00891
G0 F18000 X143.659 Y100.311
G0 X149.127 Y103.904
G0 X148.555 Y104.336
G1 F8400 X148.681 Y104.508 E0.00354
G1 X148.64 Y104.573 E0.00127
G0 F18000 X149.254 Y104.946
G0 X149.468 Y104.466
G0 X149.018 Y103.863
G0 X143.659 Y100.311
G0 X143.659 Y99.592
G1 F8400 X148.296 Y104.229 E0.10878
G0 F18000 X148.64 Y104.573
G1 F8400 X164.474 Y120.408 E0.37147
G0 F18000 X164.474 Y119.689
G0 X148.968 Y103.796
G0 X148.571 Y103.565
G0 X148.296 Y104.229
G1 F8400 X147.89 Y104.062 E0.00728
G1 X147.836 Y104.05 E0.00092
G1 X147.58 Y104.05 E0.00425
G0 F18000 X147.58 Y103.331
G0 X148.083 Y103.429
G0 X148.879 Y103.759
G0 X164.474 Y119.689
G0 X164.474 Y120.408
G1 F8400 X163.937 Y120.408 E0.00891
G1 X148.328 Y104.799 E0.36618
G0 F18000 X148.602 Y105.465
G0 X149.011 Y105.229
G0 X149.468 Y104.466
G0 X148.968 Y103.796
G0 X148.107 Y103.468
G0 X147.58 Y103.331
G0 X147.58 Y104.05
G1 F8400 X143.121 Y99.592 E0.10459
G1 X142.584 Y99.592 E0.00891
G1 X147.042 Y104.05 E0.10458
G1 X146.505 Y104.05 E0.00891
G1 X142.046 Y99.592 E0.10459
G1 X141.747 Y99.592 E0.00496
G1 X141.747 Y99.829 E0.00393
G1 X146.116 Y104.199 E0.10251
G0 F18000 X145.843 Y103.533
G0 X146.433 Y103.392
G0 X148.083 Y103.429
G0 X148.968 Y103.796
G0 X149.468 Y104.466
G0 X149.057 Y105.153
G0 X148.602 Y105.465
G0 X148.328 Y104.799
G1 F8400 X147.949 Y104.957 E0.00681
G1 X163.4 Y120.408 E0.36248
G1 X162.862 Y120.408 E0.00892
G1 X147.447 Y104.992 E0.36164
G1 X146.909 Y104.992 E0.00892
G1 X162.325 Y120.408 E0.36165
G1 X161.787 Y120.408 E0.00892
G0 F18000 X161.787 Y119.689
G0 X145.37 Y105.246
G0 X144.87 Y104.576
G0 X145.327 Y103.813
G0 X145.843 Y103.533
G0 X146.116 Y104.199
G1 F8400 X145.778 Y104.339 E0.00607
G1 X145.755 Y104.375 E0.00071
G1 X141.747 Y100.367 E0.09403
G0 F18000 X142.466 Y100.367
G0 X144.87 Y104.576
G0 X145.32 Y105.179
G0 X146.023 Y105.582
G0 X146.298 Y104.918
G1 F8400 X161.787 Y120.408 E0.36338
G0 F18000 X161.787 Y119.689
G0 X145.211 Y105.138
G0 X145.783 Y104.706
G1 F8400 X145.657 Y104.534 E0.00354
G1 X145.755 Y104.375 E0.0031
G0 F18000 X145.141 Y104.002
G0 X142.466 Y100.367
G0 X141.747 Y100.367
G1 F8400 X141.747 Y100.904 E0.00891
G1 X161.25 Y120.408 E0.45755
G1 X160.713 Y120.408 E0.00891
G1 X141.747 Y101.442 E0.44494
G1 X141.747 Y101.979 E0.00891
G1 X154.328 Y114.56 E0.29515
G0 F18000 X154.604 Y114.836
G1 F8400 X160.175 Y120.408 E0.13071
G0 F18000 X160.175 Y119.689
G0 X154.912 Y114.091
G0 X154.603 Y113.897
G0 X154.328 Y114.56
G1 F8400 X153.834 Y114.358 E0.00885
G1 X153.78 Y114.345 E0.00092
G1 X153.575 Y114.345 E0.0034
G0 F18000 X153.575 Y113.626
G0 X154.027 Y113.724
G0 X154.912 Y114.091
G0 X160.175 Y119.689
G0 X160.175 Y120.408
G1 F8400 X159.638 Y120.408 E0.00891
G0 F18000 X159.638 Y119.689
G0 X154.912 Y114.091
G0 X154.051 Y113.763
G0 X153.575 Y113.626
G0 X153.575 Y114.345
G1 F8400 X141.747 Y102.516 E0.27749
G1 X141.747 Y103.054 E0.00892
G1 X153.038 Y114.345 E0.26488
G1 X152.5 Y114.345 E0.00892
G1 X141.747 Y103.591 E0.25227
G1 X141.747 Y104.129 E0.00892
G0 F18000 X142.466 Y104.129
G0 X154.912 Y114.091
G0 X159.638 Y119.689
G0 X159.638 Y120.408
G1 F8400 X154.31 Y115.08 E0.12499
G1 X153.929 Y115.236 E0.00683
G1 X159.1 Y120.408 E0.12132
G1 X158.563 Y120.408 E0.00891
G1 X153.443 Y115.287 E0.12013
G1 X152.905 Y115.287 E0.00892
G1 X158.026 Y120.408 E0.12014
G1 X157.488 Y120.408 E0.00892
G0 F18000 X157.488 Y119.689
G0 X151.314 Y115.541
G0 X142.466 Y104.129
G0 X141.747 Y104.129
G1 F8400 X152.097 Y114.478 E0.2428
G1 X151.722 Y114.634 E0.00674
G1 X151.72 Y114.639 E0.00009
G1 X141.747 Y104.666 E0.23396
G0 F18000 X142.466 Y104.666
G0 X151.314 Y115.541
G0 X152.055 Y115.913
G0 X152.33 Y115.249
G1 F8400 X157.488 Y120.408 E0.12102
G0 F18000 X157.488 Y119.689
G0 X151.155 Y115.433
G0 X151.727 Y115.001
G1 F8400 X151.601 Y114.828 E0.00355
G1 X151.72 Y114.639 E0.0037
G0 F18000 X151.104 Y114.265
G0 X142.466 Y104.666
G0 X141.747 Y104.666
G1 F8400 X141.747 Y105.203 E0.00891
G1 X156.951 Y120.408 E0.35669
G1 X156.413 Y120.408 E0.00892
G1 X141.747 Y105.741 E0.34407
G1 X141.747 Y106.278 E0.00891
G1 X155.876 Y120.408 E0.33147
G1 X155.339 Y120.408 E0.00891
G1 X141.747 Y106.816 E0.31886
G1 X141.747 Y107.353 E0.00891
G1 X154.801 Y120.408 E0.30625
G1 X154.264 Y120.408 E0.00891
G1 X141.747 Y107.89 E0.29366
G1 X141.747 Y108.428 E0.00892
G1 X153.726 Y120.408 E0.28104
G1 X153.189 Y120.408 E0.00891
G1 X141.747 Y108.965 E0.26844
G1 X141.747 Y109.503 E0.00892
G1 X152.652 Y120.408 E0.25583
G1 X152.114 Y120.408 E0.00892
G1 X141.747 Y110.04 E0.24322
G1 X141.747 Y110.577 E0.00891
G1 X151.577 Y120.408 E0.23062
G1 X151.039 Y120.408 E0.00892
G1 X141.747 Y111.115 E0.218
G1 X141.747 Y111.652 E0.00891
G1 X150.502 Y120.408 E0.2054
G1 X149.965 Y120.408 E0.00891
G1 X141.747 Y112.19 E0.19279
G1 X141.747 Y112.727 E0.00891
G1 X149.427 Y120.408 E0.18018
G1 X148.89 Y120.408 E0.00891
G1 X141.747 Y113.264 E0.16758
G1 X141.747 Y113.802 E0.00892
G1 X142.549 Y114.604 E0.01881
G0 F18000 X142.711 Y114.766
G1 F8400 X148.352 Y120.408 E0.13235
G0 F18000 X148.352 Y119.689
G0 X144.037 Y115.155
G0 X142.823 Y113.941
G0 X142.549 Y114.604
G1 F8400 X141.947 Y114.357 E0.01079
G1 X141.893 Y114.346 E0.00091
G1 X141.752 Y114.345 E0.00234
G0 F18000 X142.449 Y113.805
G0 X142.967 Y114.062
G0 X148.352 Y119.689
G0 X148.352 Y120.408
G1 F8400 X147.815 Y120.408 E0.00891
G1 X142.467 Y115.06 E0.12546
G1 X142.087 Y115.217 E0.00682
G1 X147.278 Y120.408 E0.12178
G1 X146.74 Y120.408 E0.00892
G1 X141.747 Y115.414 E0.11715
G1 X141.747 Y115.951 E0.00891
G1 X146.203 Y120.408 E0.10455
G1 X145.665 Y120.408 E0.00892
G1 X141.747 Y116.489 E0.09193
G1 X141.747 Y117.026 E0.00891
G1 X145.128 Y120.408 E0.07933
G1 X144.591 Y120.408 E0.00891
G1 X141.747 Y117.564 E0.06672
G1 X141.747 Y118.101 E0.00891
G1 X144.053 Y120.408 E0.05411
G1 X143.516 Y120.408 E0.00891
G1 X141.747 Y118.638 E0.04151
G1 X141.747 Y119.176 E0.00892
G1 X142.978 Y120.408 E0.02889
G1 X142.441 Y120.408 E0.00891
G1 X141.747 Y119.713 E0.01629
G1 X141.747 Y120.251 E0.00892
G1 X141.904 Y120.408 E0.00368
G1 X141.747 Y120.408 E0.0026
G0 F18000 X142.634 Y119.409
G1 F1800 E-3.5
;MESH:NONMESH
G0 F1200 X142.634 Y119.409 Z1
G0 F18000 X141.981 Y115.508
G0 X140.536 Y115.508
G0 X134.452 Y98.393
G0 X81.378 Y67.702
G0 X80.796 Y66.351
G0 X78.528 Y66.023
G0 X78.508 Y65.702
;TIME_ELAPSED:561.991772
;LAYER:7
;TYPE:WALL-INNER
;MESH:01_Prime_Insulator.STL
G1 F1800 E3.52079
G1 F3000 X78.28 Y65.706 E0.00299
G1 X78.047 Y65.702 E0.00306
G1 X77.82 Y65.694 E0.00298
G1 X77.585 Y65.681 E0.00309
G1 X77.126 Y65.643 E0.00604
G1 X76.888 Y65.615 E0.00314
G1 X76.226 Y65.503 E0.0088
G1 X75.978 Y65.451 E0.00332
G1 X75.546 Y65.347 E0.00583
G1 X75.31 Y65.277 E0.00323
G1 X74.863 Y65.137 E0.00614
G1 X74.434 Y64.982 E0.00598
G1 X74.2 Y64.889 E0.0033
G1 X73.789 Y64.707 E0.00589
G1 X73.597 Y64.615 E0.00279
G1 X73.172 Y64.391 E0.0063
G1 X72.966 Y64.275 E0.0031
G1 X72.574 Y64.035 E0.00603
G1 X72.37 Y63.906 E0.00316
G1 X71.832 Y63.522 E0.00867
G1 X71.627 Y63.359 E0.00343
G1 X71.271 Y63.058 E0.00611
G1 X70.951 Y62.766 E0.00568
G1 X70.609 Y62.42 E0.00638
G1 X70.45 Y62.251 E0.00304
G1 X70.284 Y62.065 E0.00327
G1 X70.144 Y61.899 E0.00285
G1 X69.86 Y61.545 E0.00595
G1 X69.581 Y61.165 E0.00618
G1 X69.45 Y60.977 E0.003
G1 X69.221 Y60.615 E0.00562
G1 X69.089 Y60.392 E0.0034
G1 X68.863 Y59.983 E0.00613
G1 X68.664 Y59.576 E0.00594
G1 X68.561 Y59.354 E0.00321
G1 X68.384 Y58.923 E0.00611
G1 X68.229 Y58.495 E0.00597
G1 X68.09 Y58.05 E0.00611
G1 X68.027 Y57.821 E0.00311
G1 X67.968 Y57.591 E0.00311
G1 X67.917 Y57.371 E0.00296
G1 X67.824 Y56.909 E0.00618
G1 X67.758 Y56.471 E0.00581
G1 X67.727 Y56.231 E0.00317
G1 X67.69 Y55.767 E0.0061
G1 X67.678 Y55.54 E0.00298
G1 X67.666 Y55.076 E0.00609
G1 X67.67 Y54.846 E0.00302
G1 X67.678 Y54.616 E0.00302
G1 X67.691 Y54.381 E0.00309
G1 X67.73 Y53.914 E0.00614
G1 X67.758 Y53.698 E0.00286
G1 X67.794 Y53.458 E0.00318
G1 X67.875 Y52.995 E0.00616
G1 X67.971 Y52.567 E0.00575
G1 X68.08 Y52.153 E0.00561
G1 X68.235 Y51.659 E0.00679
G1 X68.398 Y51.208 E0.00629
G1 X68.568 Y50.8 E0.0058
G1 X68.668 Y50.583 E0.00313
G1 X68.876 Y50.164 E0.00613
G1 X68.981 Y49.964 E0.00296
G1 X69.21 Y49.572 E0.00595
G1 X69.338 Y49.367 E0.00317
G1 X69.592 Y48.985 E0.00602
G1 X69.624 Y48.946 E0.00066
G1 X69.729 Y48.795 E0.00241
G1 X70.009 Y48.426 E0.00607
G1 X70.176 Y48.229 E0.00339
G1 X70.463 Y47.907 E0.00566
G1 X70.79 Y47.563 E0.00622
G1 X71.151 Y47.219 E0.00654
G1 X71.292 Y47.095 E0.00246
G1 X71.643 Y46.8 E0.00601
G1 X72.017 Y46.513 E0.00618
G1 X72.205 Y46.376 E0.00305
G1 X72.572 Y46.132 E0.00578
G1 X72.99 Y45.879 E0.00641
G1 X73.378 Y45.667 E0.0058
G1 X73.796 Y45.462 E0.0061
G1 X74.221 Y45.274 E0.00609
G1 X74.64 Y45.107 E0.00591
G1 X75.098 Y44.954 E0.00633
G1 X75.373 Y44.871 E0.00377
G1 X75.416 Y44.862 E0.00058
G1 X75.537 Y44.826 E0.00166
G1 X75.996 Y44.712 E0.0062
G1 X76.229 Y44.666 E0.00311
G1 X76.677 Y44.588 E0.00596
G1 X76.912 Y44.553 E0.00312
G1 X77.371 Y44.503 E0.00605
G1 X77.841 Y44.474 E0.00617
G1 X78.068 Y44.466 E0.00298
G1 X78.53 Y44.465 E0.00606
G1 X78.766 Y44.475 E0.0031
G1 X79.254 Y44.506 E0.00641
G1 X79.679 Y44.556 E0.00561
G1 X80.144 Y44.627 E0.00617
G1 X80.604 Y44.718 E0.00615
G1 X81.054 Y44.828 E0.00607
G1 X81.527 Y44.968 E0.00647
G1 X81.92 Y45.104 E0.00545
G1 X82.179 Y45.203 E0.00364
G1 X82.595 Y45.375 E0.0059
G1 X82.732 Y45.436 E0.00197
G1 X83.183 Y45.656 E0.00658
G1 X83.609 Y45.892 E0.00639
G1 X83.997 Y46.13 E0.00597
G1 X84.199 Y46.26 E0.00315
G1 X84.576 Y46.523 E0.00603
G1 X84.58 Y46.529 E0.00009
G1 X84.942 Y46.807 E0.00599
G1 X85.453 Y47.242 E0.0088
G1 X85.805 Y47.582 E0.00642
G1 X86.126 Y47.917 E0.00608
G1 X86.277 Y48.088 E0.00299
G1 X86.431 Y48.269 E0.00312
G1 X86.718 Y48.625 E0.006
G1 X87.046 Y49.079 E0.00734
G1 X87.249 Y49.384 E0.0048
G1 X87.372 Y49.584 E0.00308
G1 X87.608 Y49.988 E0.00614
G1 X87.812 Y50.388 E0.00589
G1 X87.942 Y50.652 E0.00386
G1 X87.958 Y50.696 E0.00061
G1 X88.012 Y50.812 E0.00168
G1 X88.193 Y51.246 E0.00617
G1 X88.34 Y51.659 E0.00575
G1 X88.418 Y51.897 E0.00328
G1 X88.547 Y52.336 E0.006
G1 X88.609 Y52.583 E0.00334
G1 X88.706 Y53.019 E0.00586
G1 X88.747 Y53.246 E0.00302
G1 X88.822 Y53.718 E0.00627
G1 X88.848 Y53.937 E0.00289
G1 X88.886 Y54.4 E0.00609
G1 X88.898 Y54.629 E0.00301
G1 X88.906 Y54.864 E0.00308
G1 X88.906 Y55.328 E0.00608
G1 X88.898 Y55.556 E0.00299
G1 X88.87 Y56.003 E0.00587
G1 X88.816 Y56.48 E0.00629
G1 X88.748 Y56.939 E0.00608
G1 X88.658 Y57.378 E0.00588
G1 X88.55 Y57.823 E0.006
G1 X88.481 Y58.062 E0.00326
G1 X88.345 Y58.5 E0.00601
G1 X88.182 Y58.949 E0.00626
G1 X88.007 Y59.371 E0.00599
G1 X87.908 Y59.584 E0.00308
G1 X87.705 Y60 E0.00607
G1 X87.483 Y60.399 E0.00599
G1 X87.347 Y60.629 E0.0035
G1 X87.111 Y61 E0.00577
G1 X86.715 Y61.554 E0.00893
G1 X86.287 Y62.071 E0.0088
G1 X85.976 Y62.415 E0.00608
G1 X85.794 Y62.601 E0.00341
G1 X85.633 Y62.756 E0.00293
G1 X85.628 Y62.764 E0.00012
G1 X85.282 Y63.077 E0.00612
G1 X84.953 Y63.355 E0.00565
G1 X84.748 Y63.513 E0.00339
G1 X84.367 Y63.796 E0.00622
G1 X84.033 Y64.017 E0.00525
G1 X83.786 Y64.169 E0.0038
G1 X83.405 Y64.392 E0.00579
G1 X82.979 Y64.617 E0.00632
G1 X82.35 Y64.901 E0.00905
G1 X81.904 Y65.072 E0.00626
G1 X81.691 Y65.144 E0.00295
G1 X81.271 Y65.277 E0.00578
G1 X81.038 Y65.343 E0.00318
G1 X80.808 Y65.404 E0.00312
G1 X80.346 Y65.502 E0.00619
G1 X79.85 Y65.588 E0.0066
G1 X79.431 Y65.645 E0.00554
G1 X78.972 Y65.681 E0.00604
G1 X78.508 Y65.702 E0.00609
G0 F18000 X78.528 Y66.023
G0 X76.17 Y65.757
G0 X74.794 Y65.389
G0 X73.474 Y64.841
G0 X72.243 Y64.131
G0 X71.113 Y63.264
G0 X69.953 Y62.077
G0 X68.989 Y60.732
G0 X68.329 Y59.465
G0 X67.781 Y57.9
G0 X67.474 Y56.268
G0 X67.421 Y54.613
G0 X67.62 Y52.96
G0 X67.988 Y51.585
G0 X68.638 Y50.063
G0 X69.518 Y48.65
G0 X70.598 Y47.39
G0 X71.853 Y46.315
G0 X73.265 Y45.436
G0 X73.699 Y45.251
G0 X75.878 Y44.351
G1 F3023.9 X76.142 Y44.298 E0.0035
G1 F3015.9 X76.595 Y44.216 E0.006
G1 F3007.9 X76.853 Y44.179 E0.00341
G1 F3015.9 X77.303 Y44.129 E0.00591
G1 F3000 X77.577 Y44.109 E0.0036
G1 F2992.1 X78.033 Y44.087 E0.006
G1 F3007.9 X78.543 Y44.086 E0.00667
G1 X78.762 Y44.095 E0.00287
G1 F3000 X79.256 Y44.126 E0.00649
G1 X79.702 Y44.177 E0.00589
G1 F2976.5 X79.924 Y44.207 E0.00296
G1 F2992.1 X80.18 Y44.25 E0.00341
G1 F3023.9 X80.685 Y44.348 E0.00669
G1 X81.118 Y44.455 E0.0058
G1 X81.608 Y44.597 E0.00664
G1 F3015.9 X82.032 Y44.742 E0.00585
G1 F3007.9 X82.256 Y44.825 E0.00312
G1 F3000 X82.497 Y44.921 E0.0034
G1 F3015.9 X82.874 Y45.085 E0.00536
G1 F3040 X83.356 Y45.321 E0.00694
G1 F3031.9 X83.806 Y45.569 E0.00667
G1 F3007.9 X84.196 Y45.805 E0.00596
G1 X84.405 Y45.942 E0.00327
G1 F3015.9 X84.776 Y46.202 E0.00591
G1 F3007.9 X84.989 Y46.363 E0.00349
G1 X85.164 Y46.501 E0.00291
G1 X85.529 Y46.805 E0.00621
G1 X85.696 Y46.952 E0.00291
G1 F3000 X86.072 Y47.312 E0.00683
G1 F2992.1 X86.382 Y47.635 E0.00589
G1 X86.557 Y47.83 E0.00344
G1 X86.698 Y47.996 E0.00286
G1 F3000 X87.026 Y48.403 E0.00685
G1 X87.341 Y48.838 E0.00704
G1 X87.554 Y49.157 E0.00503
G1 F3007.9 X87.688 Y49.374 E0.00334
G1 F3023.9 X87.918 Y49.769 E0.00595
G1 F3007.9 X88.047 Y50.013 E0.00361
G1 X88.275 Y50.473 E0.00671
G1 F3015.9 X88.362 Y50.666 E0.00276
G1 F3007.9 X88.532 Y51.074 E0.00578
G1 F3000 X88.704 Y51.545 E0.00658
G1 X88.774 Y51.765 E0.00303
G1 X88.914 Y52.236 E0.00644
G1 F2976.5 X88.974 Y52.476 E0.00327
G1 X89.08 Y52.952 E0.00645
G1 F2984.3 X89.119 Y53.17 E0.00292
G1 X89.19 Y53.612 E0.0059
G1 F3000 X89.22 Y53.869 E0.00339
G1 X89.245 Y54.126 E0.00339
G1 F2984.3 X89.277 Y54.592 E0.00616
G1 F2992.1 X89.286 Y54.847 E0.00335
G1 F3000 X89.286 Y55.342 E0.00649
G1 X89.278 Y55.576 E0.00307
G1 F3007.9 X89.248 Y56.03 E0.00595
G1 F3015.9 X89.196 Y56.5 E0.00617
G1 F2992.1 X89.165 Y56.731 E0.00306
G1 X89.128 Y56.965 E0.00311
G1 F3015.9 X89.029 Y57.459 E0.00657
G1 F3007.9 X88.977 Y57.678 E0.00294
G1 F2984.3 X88.851 Y58.156 E0.00652
G1 F2992.1 X88.711 Y58.598 E0.0061
G1 X88.62 Y58.859 E0.00363
G1 X88.55 Y59.049 E0.00266
G1 F3015.9 X88.365 Y59.497 E0.00632
G1 X88.258 Y59.729 E0.00333
G1 X88.057 Y60.142 E0.00599
G1 F3000 X87.932 Y60.376 E0.00348
G1 F2992.1 X87.819 Y60.576 E0.00302
G1 F3007.9 X87.684 Y60.803 E0.00345
G1 X87.558 Y61.006 E0.00312
G1 F3000 X87.446 Y61.179 E0.0027
G1 X87.166 Y61.581 E0.00642
G1 F3007.9 X87.032 Y61.762 E0.00295
G1 F2992.1 X86.723 Y62.144 E0.00646
G1 F2984.3 X86.582 Y62.31 E0.00287
G1 F3015.9 X86.258 Y62.667 E0.00629
G1 F3007.9 X86.073 Y62.859 E0.00349
G1 F3000 X85.883 Y63.043 E0.00347
G1 F2992.1 X85.714 Y63.2 E0.00303
G1 X85.539 Y63.357 E0.00309
G1 F3007.9 X85.202 Y63.639 E0.00575
G1 F3000 X84.995 Y63.802 E0.00345
G1 F3015.9 X84.605 Y64.091 E0.00633
G1 F3023.9 X84.257 Y64.324 E0.00545
G1 F2992.1 X84.002 Y64.484 E0.00396
G1 F2961 X83.784 Y64.613 E0.00337
G1 F2968.8 X83.605 Y64.714 E0.00272
G1 F3007.9 X83.189 Y64.933 E0.00615
G1 F3015.9 X82.926 Y65.059 E0.0038
G1 X82.524 Y65.237 E0.00573
G1 X81.988 Y65.445 E0.0075
G1 F2992.1 X81.317 Y65.66 E0.00926
G1 F2984.3 X81.155 Y65.705 E0.00222
G1 F3007.9 X80.914 Y65.765 E0.00325
G1 X80.441 Y65.871 E0.00634
G1 F2961 X80.196 Y65.917 E0.00331
G1 F2968.8 X79.739 Y65.988 E0.00613
G1 F3015.9 X79.496 Y66.019 E0.0032
G1 F3007.9 X79.244 Y66.041 E0.00331
G1 F2984.3 X78.776 Y66.073 E0.00618
G1 F2992.1 X78.305 Y66.086 E0.00619
G1 F3007.9 X78.051 Y66.082 E0.00332
G1 F3000 X77.817 Y66.074 E0.00307
G1 F2992.1 X77.58 Y66.061 E0.00312
G1 F3000 X77.115 Y66.023 E0.00612
G1 F3007.9 X76.873 Y65.995 E0.00319
G1 F2992.1 X76.652 Y65.963 E0.00294
G1 X76.161 Y65.876 E0.00656
G1 F3015.9 X75.919 Y65.826 E0.00322
G1 F3007.9 X75.407 Y65.702 E0.00689
G1 F2984.3 X75.206 Y65.644 E0.00276
G1 F2976.5 X74.756 Y65.502 E0.00624
G1 X74.532 Y65.424 E0.00313
G1 F2984.3 X74.099 Y65.258 E0.00611
G1 F3007.9 X73.651 Y65.059 E0.00641
G1 F3015.9 X73.434 Y64.956 E0.00313
G1 F3000 X73.014 Y64.738 E0.00621
G1 F2984.3 X72.798 Y64.617 E0.00326
G1 F2968.8 X72.577 Y64.484 E0.00342
G1 F2992.1 X72.197 Y64.244 E0.00591
G1 F3023.9 X71.796 Y63.963 E0.00637
G1 X71.61 Y63.827 E0.003
G1 F3015.9 X71.407 Y63.669 E0.00336
G1 F3007.9 X71.042 Y63.36 E0.00625
G1 F2992.1 X70.819 Y63.161 E0.00393
G1 F2984.3 X70.673 Y63.024 E0.00264
G1 F2992.1 X70.5 Y62.851 E0.00322
G1 X70.187 Y62.526 E0.00593
G1 X70.022 Y62.343 E0.00324
G1 F2984.3 X69.862 Y62.155 E0.00325
G1 F2992.1 X69.555 Y61.771 E0.00646
G1 F3000 X69.299 Y61.423 E0.00566
G1 F3007.9 X69.134 Y61.186 E0.00378
G1 F3000 X68.909 Y60.832 E0.0055
G1 F2992.1 X68.759 Y60.58 E0.00386
G1 F3007.9 X68.537 Y60.175 E0.00604
G1 X68.327 Y59.75 E0.0062
G1 X68.214 Y59.507 E0.0035
G1 X68.044 Y59.095 E0.00583
G1 F3000 X67.88 Y58.644 E0.00629
G1 X67.733 Y58.179 E0.00639
G1 F2984.3 X67.662 Y57.932 E0.00339
G1 F2968.8 X67.602 Y57.695 E0.00324
G1 F2984.3 X67.548 Y57.459 E0.00319
G1 F3007.9 X67.458 Y57.013 E0.00595
G1 F3000 X67.386 Y56.553 E0.00611
G1 X67.356 Y56.308 E0.00324
G1 X67.331 Y56.04 E0.00353
G1 F2992.1 X67.299 Y55.577 E0.0061
G1 F3000 X67.286 Y55.099 E0.00627
G1 X67.29 Y54.847 E0.0033
G1 F2992.1 X67.298 Y54.613 E0.00308
G1 X67.311 Y54.376 E0.00312
G1 X67.331 Y54.116 E0.00343
G1 F3007.9 X67.351 Y53.911 E0.00269
G1 F3000 X67.411 Y53.44 E0.00623
G1 F2976.5 X67.495 Y52.957 E0.00648
G1 F2992.1 X67.597 Y52.501 E0.00614
G1 F3000 X67.706 Y52.078 E0.00573
G1 F2984.3 X67.798 Y51.774 E0.00419
G1 F2968.8 X67.954 Y51.313 E0.00645
G1 F2992.1 X68.034 Y51.099 E0.003
G1 F3023.9 X68.208 Y50.681 E0.00589
G1 X68.318 Y50.438 E0.00347
G1 F3000 X68.524 Y50.018 E0.00613
G1 F2992.1 X68.647 Y49.784 E0.00348
G1 F3000 X68.76 Y49.587 E0.00298
G1 F3007.9 X69.004 Y49.186 E0.00614
G1 X69.147 Y48.969 E0.0034
G1 X69.406 Y48.597 E0.00593
G1 F3015.9 X69.567 Y48.382 E0.0035
G1 F3031.9 X69.693 Y48.22 E0.00266
G1 X69.859 Y48.016 E0.00341
G1 F2992.1 X70.016 Y47.833 E0.00317
G1 F2976.5 X70.169 Y47.664 E0.00301
G1 F3000 X70.496 Y47.322 E0.0062
G1 F3007.9 X70.869 Y46.964 E0.00676
G1 F2992.1 X71.032 Y46.818 E0.00288
G1 F2968.8 X71.2 Y46.673 E0.00294
G1 F2976.5 X71.4 Y46.509 E0.00342
G1 F3000 X71.763 Y46.229 E0.00601
G1 F3007.9 X71.962 Y46.084 E0.00322
G1 F3015.9 X72.363 Y45.817 E0.00628
G1 X72.772 Y45.568 E0.00625
G1 X73.197 Y45.335 E0.00632
G1 F3000 X73.435 Y45.214 E0.0035
G1 X73.587 Y45.141 E0.00221
G1 F3007.9 X74.047 Y44.936 E0.00659
G1 F3015.9 X74.493 Y44.759 E0.00626
G1 X74.745 Y44.67 E0.00349
G1 F3000 X75.27 Y44.506 E0.00721
G1 F2992.1 X75.445 Y44.457 E0.00239
G1 F3000 X75.878 Y44.351 E0.00585
G0 F18000 X73.685 Y45.228
G0 X72.444 Y45.911
G0 X71.119 Y46.904
G0 X69.958 Y48.09
G0 X68.989 Y49.44
G0 X68.328 Y50.712
G0 X67.843 Y52.047
G0 X67.503 Y53.663
G0 X67.409 Y55.091
G0 X67.575 Y56.976
G0 X67.99 Y58.59
G0 X68.637 Y60.107
G0 X69.516 Y61.52
G0 X70.595 Y62.779
G0 X71.86 Y63.864
G0 X73.064 Y64.629
G0 X74.349 Y65.227
G0 X75.634 Y65.618
G0 X78.307 Y66.145
G0 X78.31 Y66.466
G1 F3000 X78.798 Y66.453 E0.0064
G1 X79.279 Y66.42 E0.00632
G1 X79.549 Y66.393 E0.00356
G1 X79.792 Y66.364 E0.00321
G1 X80.269 Y66.293 E0.00632
G1 X80.522 Y66.243 E0.00338
G1 X80.752 Y66.192 E0.00309
G1 X81.254 Y66.072 E0.00677
G1 X81.449 Y66.017 E0.00266
G1 X81.695 Y65.94 E0.00338
G1 X82.163 Y65.785 E0.00646
G1 X82.67 Y65.585 E0.00715
G1 X82.888 Y65.492 E0.00311
G1 X83.09 Y65.401 E0.00291
G1 X83.314 Y65.293 E0.00326
G1 X83.788 Y65.047 E0.007
G1 X83.978 Y64.942 E0.00285
G1 X84.206 Y64.806 E0.00348
G1 X84.603 Y64.551 E0.00619
G1 X84.838 Y64.389 E0.00374
G1 X85.01 Y64.266 E0.00277
G1 X85.229 Y64.101 E0.0036
G1 X85.629 Y63.78 E0.00673
G1 X85.977 Y63.476 E0.00606
G1 X86.35 Y63.119 E0.00677
G1 X86.676 Y62.774 E0.00622
G1 X86.868 Y62.559 E0.00378
G1 X87.02 Y62.383 E0.00305
G1 X87.3 Y62.036 E0.00585
G1 X87.474 Y61.802 E0.00382
G1 X87.605 Y61.619 E0.00295
G1 X87.763 Y61.387 E0.00368
G1 X87.881 Y61.206 E0.00283
G1 X88.148 Y60.765 E0.00676
G1 X88.267 Y60.555 E0.00317
G1 X88.381 Y60.341 E0.00318
G1 X88.601 Y59.889 E0.00659
G1 X88.7 Y59.676 E0.00308
G1 X88.799 Y59.446 E0.00328
G1 X88.981 Y58.981 E0.00655
G1 X89.131 Y58.538 E0.00613
G1 X89.213 Y58.278 E0.00357
G1 X89.28 Y58.035 E0.00331
G1 X89.278 Y58.034 E0.00003
G1 X89.346 Y57.766 E0.00363
G1 X89.45 Y57.31 E0.00613
G1 X89.544 Y56.776 E0.00711
G1 X89.624 Y56.081 E0.00917
G1 X89.644 Y55.819 E0.00345
G1 X89.659 Y55.566 E0.00332
G1 X89.666 Y55.304 E0.00344
G1 X89.666 Y54.847 E0.00599
G1 X89.657 Y54.569 E0.00365
G1 X89.623 Y54.086 E0.00635
G1 X89.566 Y53.555 E0.007
G1 X89.493 Y53.103 E0.006
G1 X89.443 Y52.831 E0.00363
G1 X89.343 Y52.38 E0.00606
G1 X89.289 Y52.163 E0.00293
G1 X89.226 Y51.944 E0.00299
G1 X89.061 Y51.414 E0.00728
G1 X88.874 Y50.909 E0.00706
G1 X88.706 Y50.506 E0.00573
G1 X88.595 Y50.266 E0.00347
G1 X88.381 Y49.832 E0.00635
G1 X88.142 Y49.395 E0.00653
G1 X87.892 Y48.98 E0.00635
G1 X87.611 Y48.56 E0.00663
G1 X87.47 Y48.362 E0.00319
G1 X87.322 Y48.165 E0.00323
G1 X86.988 Y47.751 E0.00698
G1 X86.841 Y47.576 E0.003
G1 X86.679 Y47.396 E0.00318
G1 X86.321 Y47.024 E0.00677
G1 X86.162 Y46.87 E0.0029
G1 X85.949 Y46.671 E0.00382
G1 X85.611 Y46.375 E0.00589
G1 X85.217 Y46.059 E0.00662
G1 X84.997 Y45.895 E0.0036
G1 X84.597 Y45.616 E0.00639
G1 X84.376 Y45.47 E0.00347
G1 X84.196 Y45.358 E0.00278
G1 X83.956 Y45.218 E0.00364
G1 X83.529 Y44.987 E0.00637
G1 X83.325 Y44.881 E0.00301
G1 X83.105 Y44.776 E0.0032
G1 X82.875 Y44.671 E0.00332
G1 X82.642 Y44.57 E0.00333
G1 X82.388 Y44.469 E0.00358
G1 X82.192 Y44.396 E0.00274
G1 X81.717 Y44.234 E0.00658
G1 X81.43 Y44.147 E0.00393
G1 X80.996 Y44.033 E0.00588
G1 X80.725 Y43.969 E0.00365
G1 X79.97 Y43.827 E0.01007
G1 X79.285 Y43.748 E0.00904
G1 X79.04 Y43.73 E0.00322
G1 X78.508 Y43.706 E0.00698
G1 X78.016 Y43.708 E0.00645
G1 X77.55 Y43.729 E0.00612
G1 X77.058 Y43.772 E0.00648
G1 X76.534 Y43.841 E0.00693
G1 X76.313 Y43.878 E0.00294
G1 X75.796 Y43.982 E0.00692
G1 X75.521 Y44.043 E0.00369
G1 X75.134 Y44.152 E0.00527
G1 X74.634 Y44.306 E0.00686
G1 X74.133 Y44.492 E0.00701
G1 X73.897 Y44.588 E0.00334
G1 X73.463 Y44.78 E0.00622
G1 X73.261 Y44.876 E0.00293
G1 X73.017 Y45.002 E0.0036
G1 X72.578 Y45.243 E0.00657
G1 X72.176 Y45.486 E0.00616
G1 X71.742 Y45.776 E0.00684
G1 X71.536 Y45.925 E0.00333
G1 X71.37 Y46.051 E0.00273
G1 X70.951 Y46.383 E0.00701
G1 X70.775 Y46.537 E0.00307
G1 X70.427 Y46.859 E0.00622
G1 X70.07 Y47.213 E0.00659
G1 X69.889 Y47.406 E0.00347
G1 X69.724 Y47.588 E0.00322
G1 X69.578 Y47.76 E0.00296
G1 X69.264 Y48.155 E0.00662
G1 X69.118 Y48.349 E0.00318
G1 X68.83 Y48.761 E0.00659
G1 X68.705 Y48.949 E0.00296
G1 X68.431 Y49.398 E0.0069
G1 X68.3 Y49.63 E0.00349
G1 X68.197 Y49.821 E0.00285
G1 X67.974 Y50.281 E0.0067
G1 X67.882 Y50.483 E0.00291
G1 X67.681 Y50.963 E0.00682
G1 X67.594 Y51.19 E0.00319
G1 X67.433 Y51.662 E0.00654
G1 X67.363 Y51.892 E0.00315
G1 X67.296 Y52.133 E0.00328
G1 X67.298 Y52.134 E0.00003
G1 X67.227 Y52.414 E0.00379
G1 X67.122 Y52.886 E0.00634
G1 X67.081 Y53.1 E0.00286
G1 X67.032 Y53.395 E0.00392
G1 X66.952 Y54.087 E0.00913
G1 X66.918 Y54.584 E0.00653
G1 X66.91 Y54.841 E0.00337
G1 X66.906 Y55.104 E0.00345
G1 X66.918 Y55.573 E0.00615
G1 X66.952 Y56.075 E0.0066
G1 X67.01 Y56.61 E0.00706
G1 X67.085 Y57.079 E0.00623
G1 X67.125 Y57.294 E0.00287
G1 X67.233 Y57.79 E0.00666
G1 X67.287 Y58.005 E0.00291
G1 X67.371 Y58.291 E0.00391
G1 X67.521 Y58.767 E0.00654
G1 X67.591 Y58.967 E0.00278
G1 X67.693 Y59.24 E0.00382
G1 X67.859 Y59.642 E0.0057
G1 X67.987 Y59.918 E0.00399
G1 X68.204 Y60.355 E0.0064
G1 X68.439 Y60.784 E0.00641
G1 X68.587 Y61.033 E0.0038
G1 X68.821 Y61.399 E0.0057
G1 X68.961 Y61.604 E0.00326
G1 X69.106 Y61.805 E0.00325
G1 X69.283 Y62.04 E0.00386
G1 X69.572 Y62.401 E0.00606
G1 X69.74 Y62.599 E0.0034
G1 X69.888 Y62.763 E0.0029
G1 X70.062 Y62.948 E0.00333
G1 X70.234 Y63.123 E0.00322
G1 X70.567 Y63.447 E0.00609
G1 X70.97 Y63.8 E0.00703
G1 X71.173 Y63.967 E0.00345
G1 X71.386 Y64.131 E0.00353
G1 X71.755 Y64.398 E0.00597
G1 X71.987 Y64.558 E0.0037
G1 X72.193 Y64.693 E0.00323
G1 X72.38 Y64.811 E0.0029
G1 X72.612 Y64.949 E0.00354
G1 X73.026 Y65.176 E0.00619
G1 X73.47 Y65.393 E0.00648
G1 X73.92 Y65.592 E0.00645
G1 X73.932 Y65.6 E0.00019
G1 X74.411 Y65.786 E0.00674
G1 X74.831 Y65.925 E0.0058
G1 X75.103 Y66.011 E0.00374
G1 X75.318 Y66.071 E0.00293
G1 X75.82 Y66.193 E0.00677
G1 X76.066 Y66.245 E0.0033
G1 X76.604 Y66.341 E0.00717
G1 X77.079 Y66.401 E0.00628
G1 X77.525 Y66.437 E0.00587
G1 X77.788 Y66.454 E0.00346
G1 X78.31 Y66.466 E0.00685
G0 F18000 X78.307 Y66.145
G0 X75.474 Y65.595
G0 X73.909 Y65.045
G0 X72.449 Y64.264
G0 X71.113 Y63.264
G0 X69.953 Y62.077
G0 X68.989 Y60.732
G0 X68.329 Y59.465
G0 X67.781 Y57.9
G0 X67.474 Y56.268
G0 X67.421 Y54.613
G0 X67.62 Y52.96
G0 X67.988 Y51.585
G0 X68.638 Y50.063
G0 X69.518 Y48.65
G0 X70.598 Y47.39
G0 X71.853 Y46.315
G0 X73.265 Y45.436
G0 X74.64 Y44.849
G0 X77.32 Y44.069
G0 X77.232 Y43.373
;TYPE:WALL-OUTER
G1 F1500 X77.522 Y43.35 E0.00381
G1 X77.998 Y43.328 E0.00625
G1 X78.508 Y43.326 E0.00669
G1 X79.08 Y43.352 E0.00751
G1 X79.314 Y43.369 E0.00308
G1 X79.576 Y43.397 E0.00346
G1 X80.039 Y43.453 E0.00612
G1 X80.847 Y43.606 E0.01078
G1 X81.084 Y43.663 E0.0032
G1 X81.528 Y43.78 E0.00602
G1 X81.826 Y43.87 E0.00408
G1 X82.278 Y44.024 E0.00626
G1 X82.521 Y44.113 E0.00339
G1 X82.787 Y44.219 E0.00375
G1 X83.025 Y44.322 E0.0034
G1 X83.489 Y44.538 E0.00671
G1 X83.725 Y44.659 E0.00348
G1 X84.142 Y44.887 E0.00623
G1 X84.388 Y45.03 E0.00373
G1 X84.578 Y45.148 E0.00293
G1 X84.809 Y45.3 E0.00363
G1 X85.037 Y45.456 E0.00362
G1 X85.219 Y45.586 E0.00293
G1 X85.445 Y45.755 E0.0037
G1 X85.849 Y46.079 E0.00679
G1 X86.024 Y46.229 E0.00302
G1 X86.203 Y46.388 E0.00314
G1 X86.422 Y46.593 E0.00393
G1 X86.587 Y46.753 E0.00301
G1 X86.931 Y47.111 E0.00651
G1 X87.124 Y47.323 E0.00376
G1 X87.279 Y47.506 E0.00314
G1 X87.618 Y47.927 E0.00709
G1 X87.774 Y48.134 E0.0034
G1 X87.92 Y48.339 E0.0033
G1 X88.203 Y48.762 E0.00667
G1 X88.468 Y49.2 E0.00671
G1 X88.723 Y49.664 E0.00694
G1 X88.937 Y50.099 E0.00636
G1 X89.033 Y50.307 E0.003
G1 X89.226 Y50.765 E0.00652
G1 X89.424 Y51.301 E0.00749
G1 X89.589 Y51.832 E0.00729
G1 X89.663 Y52.09 E0.00352
G1 X89.661 Y52.092 E0.00004
G1 X89.711 Y52.284 E0.0026
G1 X89.822 Y52.785 E0.00673
G1 X89.867 Y53.035 E0.00333
G1 X89.946 Y53.53 E0.00657
G1 X90.004 Y54.072 E0.00715
G1 X90.036 Y54.545 E0.00622
G1 X90.046 Y54.806 E0.00342
G1 X90.046 Y55.304 E0.00653
G1 X90.039 Y55.578 E0.00359
G1 X90.003 Y56.11 E0.00699
G1 X89.975 Y56.372 E0.00346
G1 X89.919 Y56.84 E0.00618
G1 X89.823 Y57.38 E0.00719
G1 X89.716 Y57.854 E0.00637
G1 X89.652 Y58.102 E0.00336
G1 X89.655 Y58.104 E0.00005
G1 X89.577 Y58.386 E0.00384
G1 X89.493 Y58.652 E0.00366
G1 X89.341 Y59.103 E0.00624
G1 X89.243 Y59.363 E0.00364
G1 X89.046 Y59.835 E0.00671
G1 X88.723 Y60.508 E0.00979
G1 X88.602 Y60.735 E0.00337
G1 X88.478 Y60.954 E0.0033
G1 X88.204 Y61.406 E0.00693
G1 X88.081 Y61.595 E0.00296
G1 X87.92 Y61.832 E0.00376
G1 X87.783 Y62.024 E0.00309
G1 X87.596 Y62.274 E0.00409
G1 X87.29 Y62.654 E0.0064
G1 X86.957 Y63.03 E0.00659
G1 X86.613 Y63.394 E0.00657
G1 X86.227 Y63.763 E0.007
G1 X85.878 Y64.067 E0.00607
G1 X85.681 Y64.228 E0.00334
G1 X85.463 Y64.4 E0.00364
G1 X85.238 Y64.57 E0.0037
G1 X85.059 Y64.698 E0.00289
G1 X84.817 Y64.865 E0.00386
G1 X84.369 Y65.153 E0.00698
G1 X84.17 Y65.27 E0.00303
G1 X83.942 Y65.396 E0.00342
G1 X83.488 Y65.631 E0.0067
G1 X83.255 Y65.743 E0.00339
G1 X83.044 Y65.839 E0.00304
G1 X82.817 Y65.935 E0.00323
G1 X82.244 Y66.161 E0.00808
G1 X81.804 Y66.305 E0.00607
G1 X81.581 Y66.373 E0.00306
G1 X81.579 Y66.377 E0.00006
G1 X81.353 Y66.439 E0.00307
G1 X80.839 Y66.562 E0.00693
G1 X80.603 Y66.614 E0.00317
G1 X80.309 Y66.672 E0.00393
G1 X79.845 Y66.74 E0.00615
G1 X79.593 Y66.771 E0.00333
G1 X79.315 Y66.798 E0.00366
G1 X78.821 Y66.832 E0.00649
G1 X78.316 Y66.846 E0.00662
G1 X77.793 Y66.834 E0.00686
G1 X77.533 Y66.819 E0.00341
G1 X76.998 Y66.775 E0.00704
G1 X76.537 Y66.716 E0.00609
G1 X75.985 Y66.617 E0.00735
G1 X75.728 Y66.56 E0.00345
G1 X75.28 Y66.453 E0.00604
G1 X75 Y66.377 E0.0038
G1 X74.716 Y66.288 E0.0039
G1 X74.273 Y66.141 E0.00612
G1 X73.764 Y65.942 E0.00717
G1 X73.761 Y65.938 E0.00007
G1 X73.314 Y65.739 E0.00642
G1 X72.856 Y65.515 E0.00669
G1 X72.655 Y65.408 E0.00299
G1 X72.426 Y65.28 E0.00344
G1 X72.184 Y65.137 E0.00369
G1 X71.991 Y65.015 E0.00299
G1 X71.776 Y64.874 E0.00337
G1 X71.539 Y64.712 E0.00376
G1 X71.16 Y64.437 E0.00614
G1 X70.921 Y64.252 E0.00396
G1 X70.728 Y64.094 E0.00327
G1 X70.316 Y63.733 E0.00718
G1 X69.968 Y63.394 E0.00637
G1 X69.79 Y63.213 E0.00333
G1 X69.458 Y62.854 E0.00641
G1 X69.282 Y62.647 E0.00356
G1 X68.985 Y62.276 E0.00623
G1 X68.802 Y62.033 E0.00399
G1 X68.652 Y61.825 E0.00336
G1 X68.507 Y61.613 E0.00337
G1 X68.368 Y61.398 E0.00336
G1 X68.111 Y60.977 E0.00647
G1 X67.87 Y60.537 E0.00658
G1 X67.646 Y60.086 E0.0066
G1 X67.524 Y59.824 E0.00379
G1 X67.342 Y59.385 E0.00623
G1 X67.235 Y59.1 E0.00399
G1 X67.162 Y58.891 E0.0029
G1 X66.976 Y58.3 E0.00812
G1 X66.913 Y58.078 E0.00303
G1 X66.915 Y58.076 E0.00004
G1 X66.865 Y57.885 E0.00259
G1 X66.753 Y57.374 E0.00686
G1 X66.711 Y57.146 E0.00304
G1 X66.634 Y56.667 E0.00636
G1 X66.602 Y56.395 E0.00359
G1 X66.574 Y56.111 E0.00374
G1 X66.538 Y55.596 E0.00677
G1 X66.526 Y55.11 E0.00637
G1 X66.53 Y54.835 E0.00361
G1 X66.538 Y54.589 E0.00323
G1 X66.553 Y54.329 E0.00341
G1 X66.573 Y54.058 E0.00356
G1 X66.655 Y53.349 E0.00936
G1 X66.707 Y53.036 E0.00416
G1 X66.749 Y52.814 E0.00296
G1 X66.809 Y52.534 E0.00375
G1 X66.857 Y52.327 E0.00279
G1 X66.924 Y52.066 E0.00353
G1 X66.921 Y52.064 E0.00005
G1 X66.997 Y51.79 E0.00373
G1 X67.07 Y51.55 E0.00329
G1 X67.239 Y51.053 E0.00688
G1 X67.327 Y50.826 E0.00319
G1 X67.524 Y50.352 E0.00673
G1 X67.629 Y50.123 E0.0033
G1 X67.842 Y49.684 E0.0064
G1 X67.978 Y49.425 E0.00384
G1 X68.101 Y49.209 E0.00326
G1 X68.371 Y48.767 E0.00679
G1 X68.512 Y48.552 E0.00337
G1 X68.814 Y48.12 E0.00691
G1 X68.96 Y47.927 E0.00317
G1 X69.282 Y47.522 E0.00678
G1 X69.451 Y47.322 E0.00343
G1 X69.793 Y46.953 E0.0066
G1 X70.162 Y46.587 E0.00682
G1 X70.352 Y46.409 E0.00341
G1 X70.703 Y46.095 E0.00618
G1 X71.133 Y45.753 E0.0072
G1 X71.308 Y45.621 E0.00287
G1 X71.521 Y45.467 E0.00345
G1 X71.978 Y45.161 E0.00721
G1 X72.383 Y44.917 E0.0062
G1 X72.836 Y44.668 E0.00678
G1 X73.087 Y44.538 E0.00371
G1 X73.561 Y44.32 E0.00684
G1 X73.992 Y44.139 E0.00613
G1 X74.225 Y44.05 E0.00327
G1 X74.523 Y43.942 E0.00416
G1 X74.997 Y43.798 E0.0065
G1 X74.999 Y43.793 E0.00007
G1 X75.237 Y43.725 E0.00325
G1 X75.426 Y43.675 E0.00256
G1 X75.713 Y43.611 E0.00386
G1 X76.239 Y43.505 E0.00704
G1 X76.473 Y43.466 E0.00311
G1 X77.01 Y43.395 E0.0071
G1 X77.232 Y43.373 E0.00293
G0 F18000 X77.033 Y43.392
G0 X77.09 Y44.092
G0 X79.709 Y44.3
G0 X81.105 Y44.577
G0 X82.67 Y45.127
G0 X84.134 Y45.911
G0 X85.207 Y46.716
G0 X86.684 Y48.071
G0 X86.136 Y48.508
G1 F1500 X85.989 Y48.336 E0.00297
G1 X85.841 Y48.169 E0.00293
G1 X85.533 Y47.847 E0.00584
G1 X85.204 Y47.531 E0.00598
G1 X85.049 Y47.395 E0.0027
G1 X84.707 Y47.106 E0.00587
G1 X84.347 Y46.827 E0.00597
G1 X83.981 Y46.572 E0.00585
G1 X83.791 Y46.448 E0.00298
G1 X83.411 Y46.217 E0.00583
G1 X83.012 Y45.997 E0.00597
G1 X82.546 Y45.769 E0.0068
G1 X82.543 Y45.771 E0.00005
G1 X82.433 Y45.719 E0.0016
G1 X82.037 Y45.556 E0.00562
G1 X81.787 Y45.461 E0.00351
G1 X81.403 Y45.328 E0.00533
G1 X80.946 Y45.193 E0.00625
G1 X80.514 Y45.087 E0.00583
G1 X80.072 Y45.001 E0.0059
G1 X79.621 Y44.932 E0.00598
G1 X79.239 Y44.887 E0.00504
G1 X78.741 Y44.854 E0.00654
G1 X78.516 Y44.845 E0.00295
G1 X78.068 Y44.846 E0.00587
G1 X77.855 Y44.854 E0.00279
G1 X77.395 Y44.882 E0.00604
G1 X76.954 Y44.931 E0.00582
G1 X76.733 Y44.964 E0.00293
G1 X76.295 Y45.04 E0.00583
G1 X76.07 Y45.085 E0.00301
G1 X75.629 Y45.195 E0.00596
G1 X75.493 Y45.236 E0.00186
G1 X75.49 Y45.233 E0.00006
G1 X75.208 Y45.318 E0.00386
G1 X74.776 Y45.462 E0.00597
G1 X74.361 Y45.627 E0.00586
G1 X73.931 Y45.818 E0.00617
G1 X73.567 Y45.998 E0.00532
G1 X73.172 Y46.213 E0.0059
G1 X72.789 Y46.445 E0.00587
G1 X72.415 Y46.693 E0.00588
G1 X72.24 Y46.821 E0.00284
G1 X71.875 Y47.101 E0.00603
G1 X71.538 Y47.385 E0.00578
G1 X71.402 Y47.505 E0.00238
G1 X71.052 Y47.838 E0.00633
G1 X70.738 Y48.169 E0.00598
G1 X70.462 Y48.479 E0.00544
G1 X70.301 Y48.67 E0.00328
G1 X70.032 Y49.025 E0.00584
G1 X69.918 Y49.188 E0.00261
G1 X69.913 Y49.19 E0.00007
G1 X69.654 Y49.578 E0.00612
G1 X69.42 Y49.962 E0.0059
G1 X69.311 Y50.153 E0.00288
G1 X69.213 Y50.34 E0.00277
G1 X69.009 Y50.751 E0.00602
G1 X68.913 Y50.96 E0.00302
G1 X68.749 Y51.354 E0.0056
G1 X68.593 Y51.787 E0.00604
G1 X68.442 Y52.267 E0.0066
G1 X68.339 Y52.661 E0.00534
G1 X68.246 Y53.078 E0.0056
G1 X68.168 Y53.523 E0.00592
G1 X68.142 Y53.721 E0.00262
G1 X68.138 Y53.732 E0.00015
G1 X68.107 Y53.963 E0.00306
G1 X68.07 Y54.412 E0.00591
G1 X68.05 Y54.858 E0.00585
G1 X68.046 Y55.081 E0.00292
G1 X68.058 Y55.529 E0.00588
G1 X68.07 Y55.746 E0.00285
G1 X68.106 Y56.2 E0.00597
G1 X68.135 Y56.421 E0.00292
G1 X68.2 Y56.853 E0.00573
G1 X68.289 Y57.295 E0.00591
G1 X68.338 Y57.504 E0.00281
G1 X68.456 Y57.95 E0.00605
G1 X68.591 Y58.379 E0.0059
G1 X68.741 Y58.793 E0.00577
G1 X68.912 Y59.209 E0.0059
G1 X69.008 Y59.414 E0.00297
G1 X69.201 Y59.808 E0.00575
G1 X69.312 Y60.015 E0.00308
G1 X69.548 Y60.421 E0.00616
G1 X69.771 Y60.774 E0.00548
G1 X69.892 Y60.947 E0.00277
G1 X70.165 Y61.319 E0.00605
G1 X70.44 Y61.66 E0.00574
G1 X70.574 Y61.819 E0.00273
G1 X70.734 Y61.999 E0.00316
G1 X70.884 Y62.158 E0.00287
G1 X71.2 Y62.478 E0.0059
G1 X71.527 Y62.777 E0.00581
G1 X71.874 Y63.071 E0.00596
G1 X72.045 Y63.206 E0.00286
G1 X72.59 Y63.596 E0.00879
G1 X73.164 Y63.951 E0.00885
G1 X73.358 Y64.06 E0.00292
G1 X73.755 Y64.269 E0.00588
G1 X73.953 Y64.364 E0.00288
G1 X74.354 Y64.542 E0.00575
G1 X74.574 Y64.629 E0.0031
G1 X74.991 Y64.779 E0.00581
G1 X75.423 Y64.914 E0.00593
G1 X75.619 Y64.972 E0.00268
G1 X76.067 Y65.081 E0.00605
G1 X76.285 Y65.127 E0.00292
G1 X76.949 Y65.24 E0.00883
G1 X77.168 Y65.265 E0.00289
G1 X77.616 Y65.302 E0.00589
G1 X78.061 Y65.322 E0.00584
G1 X78.285 Y65.326 E0.00294
G1 X78.501 Y65.322 E0.00283
G1 X78.952 Y65.302 E0.00592
G1 X79.4 Y65.266 E0.00589
G1 X79.795 Y65.212 E0.00523
G1 X80.281 Y65.128 E0.00647
G1 X80.718 Y65.034 E0.00586
G1 X80.941 Y64.976 E0.00302
G1 X81.153 Y64.915 E0.00289
G1 X81.577 Y64.782 E0.00583
G1 X81.782 Y64.712 E0.00284
G1 X82.213 Y64.546 E0.00606
G1 X82.82 Y64.271 E0.00874
G1 X83.218 Y64.06 E0.00591
G1 X83.596 Y63.841 E0.00573
G1 X83.833 Y63.694 E0.00366
G1 X84.157 Y63.479 E0.0051
G1 X84.522 Y63.208 E0.00596
G1 X84.698 Y63.07 E0.00293
G1 X85.038 Y62.786 E0.00581
G1 X85.371 Y62.483 E0.0059
G1 X85.529 Y62.329 E0.00289
G1 X85.704 Y62.149 E0.00329
G1 X85.976 Y61.848 E0.00532
G1 X86.415 Y61.321 E0.00899
G1 X86.8 Y60.782 E0.00869
G1 X87.025 Y60.426 E0.00552
G1 X87.156 Y60.205 E0.00337
G1 X87.371 Y59.818 E0.00581
G1 X87.567 Y59.416 E0.00586
G1 X87.661 Y59.212 E0.00295
G1 X87.832 Y58.803 E0.00581
G1 X87.985 Y58.378 E0.00592
G1 X88.118 Y57.949 E0.00589
G1 X88.174 Y57.755 E0.00265
G1 X88.234 Y57.522 E0.00315
G1 X88.285 Y57.3 E0.00299
G1 X88.375 Y56.863 E0.00585
G1 X88.44 Y56.424 E0.00582
G1 X88.489 Y55.981 E0.00584
G1 X88.506 Y55.758 E0.00293
G1 X88.518 Y55.536 E0.00292
G1 X88.526 Y55.314 E0.00291
G1 X88.526 Y54.864 E0.0059
G1 X88.506 Y54.42 E0.00583
G1 X88.47 Y53.968 E0.00595
G1 X88.445 Y53.764 E0.0027
G1 X88.372 Y53.308 E0.00606
G1 X88.332 Y53.087 E0.00295
G1 X88.238 Y52.666 E0.00566
G1 X88.14 Y52.293 E0.00506
G1 X88.054 Y52.005 E0.00394
G1 X87.985 Y51.793 E0.00292
G1 X87.835 Y51.375 E0.00582
G1 X87.661 Y50.958 E0.00592
G1 X87.6 Y50.829 E0.00187
G1 X87.603 Y50.826 E0.00006
G1 X87.471 Y50.556 E0.00394
G1 X87.27 Y50.161 E0.00581
G1 X87.044 Y49.776 E0.00585
G1 X86.926 Y49.584 E0.00296
G1 X86.73 Y49.29 E0.00463
G1 X86.41 Y48.848 E0.00716
G1 X86.136 Y48.508 E0.00573
G0 F18000 X86.261 Y48.663
G1 F1800 E-3.5
;MESH:Full_Asse_Dielectric_Part.STL
G0 F18000 X86.808 Y48.227
G0 X88.286 Y51.936
G0 X88.678 Y53.716
G0 X88.766 Y55.312
G0 X88.61 Y56.905
G0 X88.253 Y58.301
G0 X86.257 Y63.435
G0 X87.058 Y64.671
G0 X86.98 Y98.381
G0 X86.747 Y99.592
;TYPE:SKIN
G1 F1800 E3.52079
G1 F8400 X86.747 Y99.731 E0.00231
G1 X86.886 Y99.592 E0.00326
G0 F18000 X86.747 Y99.731
G1 F8400 X86.747 Y100.268 E0.00891
G1 X87.424 Y99.592 E0.01587
G1 X87.961 Y99.592 E0.00891
G1 X86.747 Y100.806 E0.02848
G1 X86.747 Y101.343 E0.00891
G1 X88.499 Y99.592 E0.04109
G1 X89.036 Y99.592 E0.00891
G1 X86.747 Y101.881 E0.0537
G1 X86.747 Y102.418 E0.00891
G1 X89.573 Y99.592 E0.0663
G1 X90.111 Y99.592 E0.00892
G1 X86.747 Y102.955 E0.07891
G1 X86.747 Y103.493 E0.00892
G1 X90.648 Y99.592 E0.09152
G1 X91.186 Y99.592 E0.00892
G1 X86.747 Y104.03 E0.10413
G1 X86.747 Y104.568 E0.00892
G1 X91.723 Y99.592 E0.11674
G1 X92.26 Y99.592 E0.00891
G1 X86.747 Y105.105 E0.12933
G1 X86.747 Y105.642 E0.00891
G1 X92.798 Y99.592 E0.14194
G1 X93.335 Y99.592 E0.00891
G1 X86.747 Y106.18 E0.15455
G1 X86.747 Y106.717 E0.00891
G1 X93.873 Y99.592 E0.16716
G1 X94.41 Y99.592 E0.00891
G1 X86.747 Y107.255 E0.17977
G1 X86.747 Y107.792 E0.00891
G1 X94.947 Y99.592 E0.19237
G1 X95.485 Y99.592 E0.00892
G1 X86.747 Y108.329 E0.20498
G1 X86.747 Y108.867 E0.00892
G0 F18000 X87.466 Y108.867
G0 X90.211 Y105.138
G0 X90.783 Y104.706
G1 F8400 X90.657 Y104.534 E0.00354
G1 X90.778 Y104.339 E0.00381
G1 X91.448 Y104.061 E0.01203
G1 X91.502 Y104.05 E0.00091
G1 X91.564 Y104.05 E0.00103
G0 F18000 X91.564 Y103.331
G0 X90.327 Y103.813
G0 X87.466 Y108.867
G0 X86.747 Y108.867
G1 F8400 X90.872 Y104.742 E0.09677
G0 F18000 X91.564 Y104.05
G1 F8400 X96.022 Y99.592 E0.10458
G0 F18000 X96.022 Y100.311
G0 X90.327 Y103.813
G0 X89.87 Y104.576
G0 X90.275 Y105.119
G0 X90.597 Y105.406
G0 X90.872 Y104.742
G1 F8400 X91.252 Y104.899 E0.00682
G0 F18000 X90.977 Y105.563
G0 X90.37 Y105.246
G0 X89.87 Y104.576
G0 X90.327 Y103.813
G0 X96.022 Y100.311
G0 X96.022 Y99.592
G1 F8400 X96.56 Y99.592 E0.00892
G1 X92.101 Y104.05 E0.10459
G1 X92.639 Y104.05 E0.00892
G1 X97.097 Y99.592 E0.10458
G1 X97.634 Y99.592 E0.00891
G1 X93.084 Y104.143 E0.10675
G0 F18000 X93.359 Y103.478
G0 X92.905 Y103.392
G0 X91.255 Y103.429
G0 X90.327 Y103.813
G0 X89.87 Y104.576
G0 X90.32 Y105.179
G0 X90.977 Y105.563
G0 X91.252 Y104.899
G1 F8400 X86.747 Y109.404 E0.10569
G1 X86.747 Y109.942 E0.00892
G1 X91.697 Y104.992 E0.11613
G1 X92.234 Y104.992 E0.00891
G1 X86.747 Y110.479 E0.12872
G1 X86.747 Y111.016 E0.00891
G0 F18000 X87.466 Y111.016
G0 X94.011 Y105.229
G0 X94.468 Y104.466
G0 X94.018 Y103.863
G0 X93.359 Y103.478
G0 X93.084 Y104.143
G1 F8400 X93.465 Y104.299 E0.00683
G0 F18000 X93.74 Y103.635
G0 X93.968 Y103.796
G0 X94.468 Y104.466
G0 X94.057 Y105.153
G0 X87.466 Y111.016
G0 X86.747 Y111.016
G1 F8400 X92.772 Y104.992 E0.14133
G0 F18000 X93.465 Y104.299
G1 F8400 X98.172 Y99.592 E0.11042
G1 X98.709 Y99.592 E0.00891
G0 F18000 X98.709 Y100.311
G0 X94.127 Y103.904
G0 X93.555 Y104.336
G1 F8400 X93.681 Y104.508 E0.00354
G1 X93.56 Y104.703 E0.00381
G1 X92.89 Y104.98 E0.01203
G1 X92.836 Y104.993 E0.00092
G1 X92.772 Y104.992 E0.00106
G0 F18000 X92.772 Y105.711
G0 X94.011 Y105.229
G0 X98.709 Y100.311
G0 X98.709 Y99.592
G1 F8400 X86.747 Y111.554 E0.28062
G1 X86.747 Y112.091 E0.00891
G1 X99.247 Y99.592 E0.29323
G1 X99.784 Y99.592 E0.00891
G1 X86.747 Y112.629 E0.30584
G1 X86.747 Y113.166 E0.00891
G1 X100.321 Y99.592 E0.31844
G1 X100.859 Y99.592 E0.00892
G1 X86.747 Y113.703 E0.33105
G1 X86.747 Y114.241 E0.00892
G1 X101.396 Y99.592 E0.34366
G1 X101.934 Y99.592 E0.00892
G1 X87.104 Y114.422 E0.34791
G1 X87.485 Y114.578 E0.00683
G0 F18000 X87.759 Y113.915
G0 X88.025 Y114.091
G0 X88.525 Y114.761
G0 X88.068 Y115.524
G0 X87.449 Y115.827
G0 X86.775 Y115.287
G1 F8400 X86.893 Y115.287 E0.00196
G1 X86.947 Y115.275 E0.00092
G1 X87.593 Y115.007 E0.0116
G0 F18000 X87.485 Y114.578
G1 F8400 X102.471 Y99.592 E0.35157
G1 X103.008 Y99.592 E0.00891
G1 X87.64 Y114.96 E0.36053
G1 X87.593 Y115.007
G1 X86.747 Y115.853 E0.01985
G1 X86.747 Y116.39 E0.00891
G1 X103.546 Y99.592 E0.39409
G1 X104.083 Y99.592 E0.00891
G1 X86.747 Y116.928 E0.4067
G1 X86.747 Y117.465 E0.00891
G1 X104.621 Y99.592 E0.41931
G1 X105.158 Y99.592 E0.00891
G1 X86.747 Y118.003 E0.43192
G1 X86.747 Y118.54 E0.00891
G1 X105.695 Y99.592 E0.44451
G1 X106.233 Y99.592 E0.00892
G1 X86.747 Y119.077 E0.45712
G1 X86.747 Y119.615 E0.00892
G1 X106.77 Y99.592 E0.46973
G1 X107.308 Y99.592 E0.00892
G1 X86.747 Y120.152 E0.48234
G1 X86.747 Y120.408 E0.00425
G1 X87.029 Y120.408 E0.00468
G0 F18000 X87.436 Y119.719
G0 X102.098 Y105.138
G0 X102.67 Y104.706
G1 F8400 X102.544 Y104.534 E0.00354
G1 X102.665 Y104.339 E0.00381
G1 X103.335 Y104.062 E0.01203
G1 X103.385 Y104.051 E0.00085
G1 X107.845 Y99.592 E0.10462
G0 F18000 X107.845 Y100.311
G0 X102.214 Y103.813
G0 X87.436 Y119.719
G0 X87.029 Y120.408
G1 F8400 X102.713 Y104.724 E0.36794
G1 X103.094 Y104.88 E0.00683
G0 F18000 X102.819 Y105.544
G0 X102.257 Y105.246
G0 X101.757 Y104.576
G0 X102.214 Y103.813
G0 X107.845 Y100.311
G0 X107.845 Y99.592
G1 F8400 X108.382 Y99.592 E0.00891
G1 X103.924 Y104.05 E0.10458
G1 X104.462 Y104.05 E0.00892
G1 X108.92 Y99.592 E0.10458
G1 X109.457 Y99.592 E0.00891
G1 X104.926 Y104.123 E0.1063
G0 F18000 X105.2 Y103.459
G0 X104.792 Y103.392
G0 X103.142 Y103.429
G0 X102.214 Y103.813
G0 X101.757 Y104.576
G0 X102.207 Y105.179
G0 X102.819 Y105.544
G0 X103.094 Y104.88
G1 F8400 X87.566 Y120.408 E0.36428
G1 X88.103 Y120.408 E0.00891
G1 X103.52 Y104.992 E0.36167
G1 X104.057 Y104.992 E0.00891
G1 X88.641 Y120.408 E0.36165
G1 X89.178 Y120.408 E0.00891
G1 X104.595 Y104.992 E0.36167
G0 F18000 X104.926 Y104.123
G1 F8400 X105.307 Y104.28 E0.00684
G1 X109.995 Y99.592 E0.10998
G0 F18000 X109.995 Y100.311
G0 X105.897 Y105.229
G0 X104.595 Y105.711
G0 X104.595 Y104.992
G1 F8400 X104.723 Y104.992 E0.00212
G1 X104.777 Y104.981 E0.00091
G1 X105.403 Y104.721 E0.01124
G0 F18000 X105.677 Y105.387
G0 X105.802 Y105.297
G0 X109.995 Y100.311
G0 X109.995 Y99.592
G1 F8400 X110.532 Y99.592 E0.00891
G0 F18000 X110.532 Y100.311
G0 X106.36 Y104.737
G0 X105.677 Y105.387
G0 X105.403 Y104.721
G1 F8400 X89.716 Y120.408 E0.36801
G1 X90.253 Y120.408 E0.00891
G0 F18000 X90.253 Y119.689
G0 X106.106 Y105.004
G0 X105.493 Y104.631
G1 F8400 X110.532 Y99.592 E0.11821
G0 F18000 X110.532 Y100.311
G0 X105.897 Y105.229
G0 X90.253 Y119.689
G0 X90.253 Y120.408
G1 F8400 X111.07 Y99.592 E0.48835
G1 X111.607 Y99.592 E0.00891
G1 X90.79 Y120.408 E0.48835
G1 X91.328 Y120.408 E0.00892
G0 F18000 X91.328 Y119.689
G0 X96.155 Y115.433
G0 X96.727 Y115.001
G1 F8400 X96.601 Y114.829 E0.00354
G1 X96.722 Y114.634 E0.00381
G1 X97.37 Y114.366 E0.01163
G1 X112.144 Y99.592 E0.34659
G1 X112.682 Y99.592 E0.00892
G1 X97.929 Y114.345 E0.3461
G1 X98.466 Y114.345 E0.00891
G1 X113.219 Y99.592 E0.3461
G1 X113.757 Y99.592 E0.00892
G1 X98.945 Y114.403 E0.34747
G0 F18000 X99.22 Y113.739
G0 X98.849 Y113.687
G0 X97.199 Y113.724
G0 X96.271 Y114.108
G0 X91.328 Y119.689
G0 X91.328 Y120.408
G1 F8400 X96.733 Y115.003 E0.1268
G1 X97.114 Y115.159 E0.00683
G1 X91.865 Y120.408 E0.12314
G1 X92.403 Y120.408 E0.00892
G1 X97.524 Y115.287 E0.12014
G1 X98.062 Y115.287 E0.00892
G1 X92.94 Y120.408 E0.12015
G1 X93.477 Y120.408 E0.00891
G1 X98.599 Y115.287 E0.12015
G0 F18000 X98.945 Y114.403
G1 F8400 X99.326 Y114.56 E0.00684
G1 X114.294 Y99.592 E0.35114
G0 F18000 X114.294 Y100.311
G0 X99.955 Y115.524
G0 X99.059 Y115.865
G0 X98.599 Y116.006
G0 X98.599 Y115.287
G1 F8400 X98.78 Y115.287 E0.003
G1 X98.834 Y115.275 E0.00092
G1 X99.37 Y115.053 E0.00962
G0 F18000 X99.644 Y115.719
G0 X99.896 Y115.561
G0 X114.294 Y100.311
G0 X114.294 Y99.592
G1 F8400 X114.831 Y99.592 E0.00891
G0 F18000 X114.831 Y100.311
G0 X99.955 Y115.524
G0 X99.644 Y115.719
G0 X99.37 Y115.053
G1 F8400 X94.015 Y120.408 E0.12563
G0 F18000 X94.015 Y119.689
G0 X99.955 Y115.524
G0 X100.412 Y114.761
G0 X100.197 Y114.366
G0 X99.624 Y114.799
G1 F8400 X114.831 Y99.592 E0.35675
G0 F18000 X114.831 Y100.311
G0 X99.955 Y115.524
G0 X94.015 Y119.689
G0 X94.015 Y120.408
G1 F8400 X94.552 Y120.408 E0.00891
G1 X115.369 Y99.592 E0.48835
G1 X115.906 Y99.592 E0.00891
G1 X95.09 Y120.408 E0.48834
G1 X95.627 Y120.408 E0.00891
G1 X116.444 Y99.592 E0.48835
G1 X116.981 Y99.592 E0.00891
G1 X96.164 Y120.408 E0.48835
G1 X96.702 Y120.408 E0.00892
G1 X117.518 Y99.592 E0.48834
G1 X118.056 Y99.592 E0.00892
G1 X97.239 Y120.408 E0.48835
G1 X97.777 Y120.408 E0.00892
G1 X118.593 Y99.592 E0.48834
G1 X119.131 Y99.592 E0.00892
G1 X98.314 Y120.408 E0.48835
G1 X98.851 Y120.408 E0.00891
G0 F18000 X98.851 Y119.689
G0 X113.819 Y104.161
G0 X114.431 Y104.534
G1 F8400 X114.552 Y104.339 E0.00381
G1 X115.179 Y104.08 E0.01125
G0 F18000 X114.906 Y103.415
G0 X114.183 Y103.773
G0 X98.851 Y119.689
G0 X98.851 Y120.408
G1 F8400 X114.556 Y104.704 E0.36842
G0 F18000 X115.179 Y104.08
G1 F8400 X119.668 Y99.592 E0.1053
G1 X120.205 Y99.592 E0.00891
G1 X115.747 Y104.05 E0.10458
G1 X116.284 Y104.05 E0.00891
G1 X120.743 Y99.592 E0.10459
G1 X121.28 Y99.592 E0.00891
G1 X116.767 Y104.105 E0.10587
G0 F18000 X117.042 Y103.44
G0 X115.208 Y103.392
G0 X114.103 Y103.813
G0 X113.644 Y104.576
G0 X113.984 Y105.136
G0 X114.556 Y104.704
G1 F8400 X114.936 Y104.861 E0.00682
G1 X99.389 Y120.408 E0.36473
G1 X99.926 Y120.408 E0.00891
G1 X115.343 Y104.992 E0.36167
G1 X115.88 Y104.992 E0.00891
G1 X100.464 Y120.408 E0.36165
G1 X101.001 Y120.408 E0.00891
G1 X116.417 Y104.992 E0.36165
G0 F18000 X116.767 Y104.105
G1 F8400 X117.148 Y104.261 E0.00683
G1 X121.818 Y99.592 E0.10954
G0 F18000 X121.818 Y100.311
G0 X117.786 Y105.229
G0 X116.89 Y105.57
G0 X116.417 Y105.711
G0 X116.417 Y104.992
G1 F8400 X116.611 Y104.992 E0.00322
G1 X116.666 Y104.98 E0.00093
G1 X117.179 Y104.768 E0.00921
G0 F18000 X117.453 Y105.434
G0 X117.723 Y105.268
G0 X121.818 Y100.311
G0 X121.818 Y99.592
G1 F8400 X122.355 Y99.592 E0.00891
G0 F18000 X122.355 Y100.311
G0 X117.786 Y105.229
G0 X117.453 Y105.434
G0 X117.179 Y104.768
G1 F8400 X101.538 Y120.408 E0.36692
G1 X102.076 Y120.408 E0.00892
G0 F18000 X102.076 Y119.689
G0 X117.786 Y105.229
G0 X118.243 Y104.466
G0 X118.023 Y104.064
G0 X117.449 Y104.498
G1 F8400 X122.355 Y99.592 E0.11509
G0 F18000 X122.355 Y100.311
G0 X117.786 Y105.229
G0 X102.076 Y119.689
G0 X102.076 Y120.408
G1 F8400 X122.892 Y99.592 E0.48834
G1 X123.43 Y99.592 E0.00892
G1 X102.613 Y120.408 E0.48835
G1 X103.151 Y120.408 E0.00892
G0 F18000 X103.151 Y119.689
G0 X107.875 Y114.456
G0 X108.488 Y114.829
G1 F8400 X108.609 Y114.634 E0.00381
G1 X109.146 Y114.413 E0.00963
G0 F18000 X108.872 Y113.747
G0 X108.229 Y114.072
G0 X103.151 Y119.689
G0 X103.151 Y120.408
G1 F8400 X108.59 Y114.968 E0.12761
G1 X108.614 Y115.001 E0.00068
G1 X108.955 Y115.141 E0.00611
G0 F18000 X109.146 Y114.413
G1 F8400 X123.967 Y99.592 E0.3477
G1 X124.505 Y99.592 E0.00892
G1 X109.751 Y114.346 E0.34612
G1 X110.288 Y114.346 E0.00891
G1 X125.042 Y99.592 E0.34612
G1 X125.579 Y99.592 E0.00891
G1 X110.787 Y114.384 E0.34702
G0 F18000 X111.062 Y113.72
G0 X109.086 Y113.724
G0 X108.158 Y114.108
G0 X107.701 Y114.871
G0 X108.151 Y115.474
G0 X108.68 Y115.805
G0 X108.955 Y115.141
G1 F8400 X103.688 Y120.408 E0.12356
G1 X104.225 Y120.408 E0.00891
G1 X109.347 Y115.287 E0.12015
G1 X109.884 Y115.287 E0.00891
G1 X104.763 Y120.408 E0.12014
G1 X105.3 Y120.408 E0.00891
G1 X110.422 Y115.287 E0.12015
G0 F18000 X110.787 Y114.384
G1 F8400 X111.167 Y114.541 E0.00682
G1 X126.117 Y99.592 E0.35071
G0 F18000 X126.117 Y100.311
G0 X111.842 Y115.524
G0 X110.946 Y115.865
G0 X110.422 Y116.006
G0 X110.422 Y115.287
G1 F8400 X110.667 Y115.287 E0.00406
G1 X110.721 Y115.275 E0.00092
G1 X111.147 Y115.099 E0.00765
G0 F18000 X111.421 Y115.765
G0 X111.762 Y115.57
G0 X126.117 Y100.311
G0 X126.117 Y99.592
G1 F8400 X126.654 Y99.592 E0.00891
G0 F18000 X126.654 Y100.311
G0 X111.842 Y115.524
G0 X111.421 Y115.765
G0 X111.147 Y115.099
G1 F8400 X105.838 Y120.408 E0.12455
G0 F18000 X105.838 Y119.689
G0 X111.842 Y115.524
G0 X112.299 Y114.761
G0 X112.057 Y114.33
G0 X111.483 Y114.763
G1 F8400 X126.654 Y99.592 E0.35591
G0 F18000 X126.654 Y100.311
G0 X112.125 Y115.176
G0 X111.512 Y114.803
G1 F8400 X111.391 Y114.998 E0.00381
G1 X111.147 Y115.099 E0.00438
G0 F18000 X111.421 Y115.765
G0 X105.838 Y119.689
G0 X105.838 Y120.408
G1 F8400 X106.375 Y120.408 E0.00891
G1 X127.192 Y99.592 E0.48835
G1 X127.729 Y99.592 E0.00891
G1 X106.912 Y120.408 E0.48835
G1 X107.45 Y120.408 E0.00892
G1 X128.266 Y99.592 E0.48834
G1 X128.804 Y99.592 E0.00892
G1 X107.987 Y120.408 E0.48835
G1 X108.525 Y120.408 E0.00892
G1 X129.341 Y99.592 E0.48834
G1 X129.879 Y99.592 E0.00892
G1 X109.062 Y120.408 E0.48835
G1 X109.599 Y120.408 E0.00891
G1 X130.416 Y99.592 E0.48835
G1 X130.953 Y99.592 E0.00891
G1 X110.137 Y120.408 E0.48834
G1 X110.674 Y120.408 E0.00891
G0 F18000 X110.674 Y119.689
G0 X125.706 Y104.161
G0 X126.319 Y104.534
G1 F8400 X126.44 Y104.339 E0.00381
G1 X126.957 Y104.125 E0.00928
G1 X131.491 Y99.592 E0.10635
G0 F18000 X131.491 Y100.311
G0 X125.989 Y103.813
G0 X110.674 Y119.689
G0 X110.674 Y120.408
G1 F8400 X126.416 Y104.667 E0.36929
G0 F18000 X125.844 Y105.099
G0 X125.532 Y104.576
G0 X125.989 Y103.813
G0 X131.491 Y100.311
G0 X131.491 Y99.592
G1 F8400 X132.028 Y99.592 E0.00891
G1 X127.57 Y104.05 E0.10458
G1 X128.107 Y104.05 E0.00891
G1 X132.566 Y99.592 E0.10459
G1 X133.103 Y99.592 E0.00891
G1 X128.609 Y104.086 E0.10543
G0 F18000 X128.884 Y103.422
G0 X126.917 Y103.429
G0 X125.989 Y103.813
G0 X125.532 Y104.576
G0 X125.844 Y105.099
G0 X126.416 Y104.667
G1 F8400 X126.445 Y104.706 E0.00081
G1 X126.777 Y104.843 E0.00596
G1 X111.212 Y120.408 E0.36515
G1 X111.749 Y120.408 E0.00891
G1 X127.165 Y104.992 E0.36165
G1 X127.703 Y104.992 E0.00892
G1 X112.286 Y120.408 E0.36167
G1 X112.824 Y120.408 E0.00892
G0 F18000 X112.824 Y119.689
G0 X125.989 Y103.813
G0 X127.095 Y103.392
G0 X128.884 Y103.422
G0 X128.609 Y104.086
G1 F8400 X128.99 Y104.242 E0.00683
G0 F18000 X129.265 Y103.579
G0 X129.63 Y103.796
G0 X130.13 Y104.466
G0 X129.719 Y105.153
G0 X112.824 Y119.689
G0 X112.824 Y120.408
G1 F8400 X128.24 Y104.992 E0.36165
G0 F18000 X128.24 Y105.711
G0 X128.745 Y105.613
G0 X129.673 Y105.229
G0 X130.13 Y104.466
G0 X129.68 Y103.863
G0 X129.265 Y103.579
G0 X128.99 Y104.242
G1 F8400 X133.253 Y99.979 E0.10001
G0 F18000 X132.564 Y100.281
G0 X129.673 Y105.229
G0 X128.777 Y105.57
G0 X128.24 Y105.711
G0 X128.24 Y104.992
G1 F8400 X128.498 Y104.992 E0.00428
G1 X128.552 Y104.98 E0.00092
G1 X128.957 Y104.812 E0.00727
G0 F18000 X129.231 Y105.478
G0 X129.629 Y105.254
G0 X132.564 Y100.281
G0 X133.253 Y99.979
G1 F8400 X133.253 Y100.517 E0.00892
G0 F18000 X132.534 Y100.517
G0 X129.673 Y105.229
G0 X129.231 Y105.478
G0 X128.957 Y104.812
G1 F8400 X113.361 Y120.408 E0.36588
G0 F18000 X113.361 Y119.689
G0 X129.673 Y105.229
G0 X130.13 Y104.466
G0 X129.882 Y104.027
G0 X129.309 Y104.46
G1 F8400 X133.253 Y100.517 E0.09251
G0 F18000 X132.534 Y100.517
G0 X129.956 Y104.881
G0 X129.343 Y104.508
G1 F8400 X129.222 Y104.703 E0.00381
G1 X128.957 Y104.812 E0.00475
G0 F18000 X129.231 Y105.478
G0 X113.361 Y119.689
G0 X113.361 Y120.408
G1 F8400 X113.899 Y120.408 E0.00892
G1 X133.253 Y101.054 E0.45404
G1 X133.253 Y101.591 E0.00891
G1 X114.436 Y120.408 E0.44144
G1 X114.973 Y120.408 E0.00891
G0 F18000 X114.973 Y119.689
G0 X119.762 Y114.456
G0 X120.375 Y114.828
G1 F8400 X120.496 Y114.634 E0.00379
G1 X120.924 Y114.457 E0.00768
G0 F18000 X120.65 Y113.791
G0 X120.106 Y114.076
G0 X114.973 Y119.689
G0 X114.973 Y120.408
G1 F8400 X120.45 Y114.932 E0.12848
G0 F18000 X120.924 Y114.457
G1 F8400 X133.253 Y102.129 E0.28922
G0 F18000 X132.534 Y102.129
G0 X129.673 Y105.229
G0 X120.045 Y114.108
G0 X119.588 Y114.871
G0 X119.877 Y115.365
G0 X120.45 Y114.932
G1 F8400 X120.501 Y115.001 E0.00142
G1 X120.797 Y115.122 E0.0053
G0 F18000 X120.522 Y115.787
G0 X120.088 Y115.541
G0 X119.588 Y114.871
G0 X120.045 Y114.108
G0 X121.151 Y113.687
G0 X121.836 Y113.692
G0 X132.534 Y102.129
G0 X133.253 Y102.129
G1 F8400 X133.253 Y102.666 E0.00891
G1 X121.574 Y114.346 E0.274
G1 X122.111 Y114.346 E0.00891
G1 X133.253 Y103.204 E0.26139
G1 X133.253 Y103.741 E0.00891
G1 X122.628 Y114.366 E0.24926
G0 F18000 X122.903 Y113.701
G0 X120.973 Y113.724
G0 X120.045 Y114.108
G0 X119.588 Y114.871
G0 X120.038 Y115.474
G0 X120.522 Y115.787
G0 X120.797 Y115.122
G1 F8400 X115.511 Y120.408 E0.12401
G1 X116.048 Y120.408 E0.00891
G1 X121.179 Y115.277 E0.12037
G1 X121.22 Y115.287 E0.0007
G1 X121.707 Y115.287 E0.00808
G1 X116.586 Y120.408 E0.12014
G1 X117.123 Y120.408 E0.00891
G1 X122.245 Y115.287 E0.12015
G0 F18000 X122.628 Y114.366
G1 F8400 X123.008 Y114.523 E0.00682
G1 X133.253 Y104.278 E0.24034
G1 X133.253 Y104.816 E0.00892
G0 F18000 X132.534 Y104.816
G0 X123.729 Y115.524
G0 X122.833 Y115.865
G0 X122.245 Y116.006
G0 X122.245 Y115.287
G1 F8400 X122.554 Y115.287 E0.00513
G1 X122.608 Y115.275 E0.00092
G1 X122.924 Y115.145 E0.00567
G1 X117.66 Y120.408 E0.12348
G1 X118.198 Y120.408 E0.00892
G0 F18000 X118.198 Y119.689
G0 X123.729 Y115.524
G0 X124.186 Y114.761
G0 X123.916 Y114.293
G0 X123.343 Y114.726
G1 F8400 X133.253 Y104.816 E0.23249
G0 F18000 X132.534 Y104.816
G0 X124.012 Y115.176
G0 X123.399 Y114.803
G1 F8400 X123.278 Y114.998 E0.00381
G1 X122.924 Y115.145 E0.00636
G0 F18000 X123.197 Y115.81
G0 X118.198 Y119.689
G0 X118.198 Y120.408
G1 F8400 X133.253 Y105.353 E0.35319
G1 X133.253 Y105.891 E0.00892
G1 X118.735 Y120.408 E0.34058
G1 X119.273 Y120.408 E0.00892
G1 X133.253 Y106.428 E0.32797
G1 X133.253 Y106.965 E0.00891
G1 X119.81 Y120.408 E0.31537
G1 X120.347 Y120.408 E0.00891
G1 X133.253 Y107.503 E0.30276
G1 X133.253 Y108.04 E0.00891
G1 X120.885 Y120.408 E0.29015
G1 X121.422 Y120.408 E0.00891
G1 X133.253 Y108.578 E0.27754
G1 X133.253 Y109.115 E0.00891
G1 X121.96 Y120.408 E0.26493
G1 X122.497 Y120.408 E0.00891
G1 X133.253 Y109.652 E0.25233
G1 X133.253 Y110.19 E0.00892
G1 X123.034 Y120.408 E0.23972
G1 X123.572 Y120.408 E0.00892
G1 X133.253 Y110.727 E0.22711
G1 X133.253 Y111.265 E0.00892
G1 X124.109 Y120.408 E0.2145
G1 X124.647 Y120.408 E0.00892
G1 X133.253 Y111.802 E0.20189
G1 X133.253 Y112.339 E0.00891
G1 X125.184 Y120.408 E0.1893
G1 X125.721 Y120.408 E0.00891
G1 X133.253 Y112.877 E0.17669
G1 X133.253 Y113.414 E0.00891
G1 X126.259 Y120.408 E0.16408
G1 X126.796 Y120.408 E0.00891
G0 F18000 X126.796 Y119.689
G0 X131.649 Y114.456
G0 X132.262 Y114.829
G1 F8400 X132.382 Y114.634 E0.0038
G1 X132.703 Y114.502 E0.00576
G0 F18000 X132.43 Y113.836
G0 X132.027 Y114.056
G0 X126.796 Y119.689
G0 X126.796 Y120.408
G1 F8400 X132.31 Y114.895 E0.12934
G0 F18000 X132.703 Y114.502
G1 F8400 X133.253 Y113.952 E0.0129
G1 X133.253 Y114.345 E0.00652
G1 X133.107 Y114.345 E0.00242
G1 X133.053 Y114.357 E0.00092
G0 F18000 X132.31 Y114.895
G1 F8400 X132.387 Y115.001 E0.00217
G1 X132.638 Y115.104 E0.0045
G1 X127.334 Y120.408 E0.12443
G1 X127.871 Y120.408 E0.00891
G1 X133.019 Y115.261 E0.12076
G1 X133.053 Y115.275 E0.00061
G1 X133.107 Y115.287 E0.00092
G1 X133.253 Y115.287 E0.00242
G1 X133.253 Y115.564 E0.0046
G1 X128.408 Y120.408 E0.11365
G1 X128.946 Y120.408 E0.00892
G1 X133.253 Y116.101 E0.10104
G1 X133.253 Y116.639 E0.00892
G1 X129.483 Y120.408 E0.08843
G1 X130.021 Y120.408 E0.00892
G1 X133.253 Y117.176 E0.07582
G1 X133.253 Y117.713 E0.00891
G1 X130.558 Y120.408 E0.06322
G1 X131.095 Y120.408 E0.00891
G1 X133.253 Y118.251 E0.05061
G1 X133.253 Y118.788 E0.00891
G1 X131.633 Y120.408 E0.038
G1 X132.17 Y120.408 E0.00891
G1 X133.253 Y119.326 E0.0254
G1 X133.253 Y119.863 E0.00891
G1 X132.708 Y120.408 E0.01279
G1 X133.245 Y120.408 E0.00891
G0 F18000 X132.254 Y119.521
G1 F1800 E-3.5
;MESH:Full_Asse_Dielectric_Part.STL
G0 F18000 X133.019 Y115.508
G0 X134.464 Y115.508
G0 X140.536 Y114.124
G0 X141.747 Y99.592
G1 F1800 E3.52079
G1 F8400 X141.747 Y100.084 E0.00816
G1 X142.239 Y99.592 E0.01154
G1 X142.776 Y99.592 E0.00891
G1 X141.747 Y100.621 E0.02414
G1 X141.747 Y101.159 E0.00892
G1 X143.314 Y99.592 E0.03676
G1 X143.851 Y99.592 E0.00891
G1 X141.747 Y101.696 E0.04936
G1 X141.747 Y102.233 E0.00891
G1 X144.388 Y99.592 E0.06196
G1 X144.926 Y99.592 E0.00892
G1 X141.747 Y102.771 E0.07458
G1 X141.747 Y103.308 E0.00891
G1 X145.463 Y99.592 E0.08718
G1 X146.001 Y99.592 E0.00892
G1 X141.747 Y103.846 E0.0998
G1 X141.747 Y104.383 E0.00891
G1 X146.538 Y99.592 E0.1124
G1 X147.075 Y99.592 E0.00891
G1 X141.747 Y104.921 E0.125
G1 X141.747 Y105.458 E0.00891
G1 X147.613 Y99.592 E0.13761
G1 X148.15 Y99.592 E0.00891
G1 X141.747 Y105.995 E0.15021
G1 X141.747 Y106.533 E0.00892
G1 X148.688 Y99.592 E0.16283
G1 X149.225 Y99.592 E0.00891
G1 X141.747 Y107.07 E0.17543
G1 X141.747 Y107.608 E0.00892
G1 X149.762 Y99.592 E0.18804
G1 X150.3 Y99.592 E0.00892
G1 X141.747 Y108.145 E0.20065
G1 X141.747 Y108.682 E0.00891
G0 F18000 X142.466 Y108.682
G0 X145.044 Y104.161
G0 X145.657 Y104.534
G1 F8400 X145.778 Y104.339 E0.00381
G1 X146.31 Y104.119 E0.00955
G1 X150.837 Y99.592 E0.1062
G0 F18000 X150.837 Y100.311
G0 X145.327 Y103.813
G0 X142.466 Y108.682
G0 X141.747 Y108.682
G1 F8400 X145.757 Y104.672 E0.09407
G1 X145.783 Y104.706 E0.00071
G1 X146.121 Y104.845 E0.00606
G0 F18000 X145.846 Y105.509
G0 X145.37 Y105.246
G0 X144.87 Y104.576
G0 X145.327 Y103.813
G0 X150.837 Y100.311
G0 X150.837 Y99.592
G1 F8400 X151.375 Y99.592 E0.00892
G1 X146.916 Y104.05 E0.10459
G1 X147.454 Y104.05 E0.00892
G1 X151.912 Y99.592 E0.10458
G1 X152.449 Y99.592 E0.00891
G1 X147.953 Y104.088 E0.10547
G0 F18000 X148.228 Y103.424
G0 X146.255 Y103.429
G0 X145.327 Y103.813
G0 X144.87 Y104.576
G0 X145.32 Y105.179
G0 X145.846 Y105.509
G0 X146.121 Y104.845
G1 F8400 X141.747 Y109.22 E0.10262
G1 X141.747 Y109.757 E0.00891
G1 X146.512 Y104.992 E0.11179
G1 X147.049 Y104.992 E0.00891
G1 X141.747 Y110.295 E0.12439
G1 X141.747 Y110.832 E0.00891
G1 X147.587 Y104.992 E0.137
G0 F18000 X147.953 Y104.088
G1 F8400 X148.333 Y104.245 E0.00682
G1 X152.987 Y99.592 E0.10917
G0 F18000 X152.987 Y100.311
G0 X149.011 Y105.229
G0 X148.115 Y105.57
G0 X147.587 Y105.711
G0 X147.587 Y104.992
G1 F8400 X147.836 Y104.992 E0.00413
G1 X147.89 Y104.98 E0.00092
G1 X148.31 Y104.806 E0.00754
G0 F18000 X148.584 Y105.472
G0 X148.93 Y105.275
G0 X152.987 Y100.311
G0 X152.987 Y99.592
G1 F8400 X153.524 Y99.592 E0.00891
G0 F18000 X153.524 Y100.311
G0 X149.011 Y105.229
G0 X148.584 Y105.472
G0 X148.31 Y104.806
G1 F8400 X141.747 Y111.369 E0.15397
G0 F18000 X142.466 Y111.369
G0 X149.011 Y105.229
G0 X149.468 Y104.466
G0 X149.224 Y104.032
G0 X148.651 Y104.465
G1 F8400 X153.524 Y99.592 E0.11432
G0 F18000 X153.524 Y100.311
G0 X149.294 Y104.881
G0 X148.681 Y104.508
G1 F8400 X148.56 Y104.703 E0.00381
G1 X148.31 Y104.806 E0.00449
G0 F18000 X148.584 Y105.472
G0 X142.466 Y111.369
G0 X141.747 Y111.369
G1 F8400 X141.747 Y111.907 E0.00892
G1 X154.062 Y99.592 E0.28891
G1 X154.599 Y99.592 E0.00891
G1 X141.747 Y112.444 E0.3015
G1 X141.747 Y112.982 E0.00892
G1 X155.136 Y99.592 E0.31411
G1 X155.674 Y99.592 E0.00892
G1 X141.747 Y113.519 E0.32672
G1 X141.747 Y114.056 E0.00891
G1 X156.211 Y99.592 E0.33932
G1 X156.749 Y99.592 E0.00892
G1 X141.972 Y114.368 E0.34665
G1 X142.353 Y114.524 E0.00683
G1 X157.286 Y99.592 E0.35031
G1 X157.823 Y99.592 E0.00891
G0 F18000 X157.823 Y100.311
G0 X143.068 Y115.524
G0 X142.449 Y115.827
G0 X141.947 Y115.275
G1 F8400 X141.893 Y115.287 E0.00092
G1 X141.747 Y115.287 E0.00242
G1 X141.747 Y115.668 E0.00632
G1 X142.278 Y115.137 E0.01246
G0 F18000 X142.685 Y114.73
G1 F8400 X157.823 Y99.592 E0.35513
G0 F18000 X157.823 Y100.311
G0 X143.068 Y115.524
G0 X142.552 Y115.804
G0 X142.278 Y115.137
G1 F8400 X142.617 Y114.997 E0.00608
G1 X142.738 Y114.803 E0.00379
G0 F18000 X143.351 Y115.176
G0 X143.121 Y115.458
G0 X142.449 Y115.827
G0 X141.747 Y115.668
G1 F8400 X141.747 Y116.205 E0.00891
G1 X158.361 Y99.592 E0.38975
G1 X158.898 Y99.592 E0.00891
G1 X141.747 Y116.743 E0.40236
G1 X141.747 Y117.28 E0.00891
G1 X159.436 Y99.592 E0.41497
G1 X159.973 Y99.592 E0.00891
G1 X141.747 Y117.817 E0.42756
G1 X141.747 Y118.355 E0.00892
G1 X160.51 Y99.592 E0.44017
G1 X161.048 Y99.592 E0.00892
G1 X141.747 Y118.892 E0.45278
G1 X141.747 Y119.43 E0.00892
G1 X161.585 Y99.592 E0.46539
G1 X162.123 Y99.592 E0.00892
G1 X141.747 Y119.967 E0.478
G1 X141.747 Y120.408 E0.00732
G1 X141.843 Y120.408 E0.00159
G0 F18000 X142.036 Y120.119
G0 X156.931 Y104.161
G0 X157.544 Y104.534
G1 F8400 X157.665 Y104.339 E0.00381
G1 X158.086 Y104.165 E0.00756
G0 F18000 X157.812 Y103.499
G0 X142.036 Y120.119
G0 X141.843 Y120.408
G1 F8400 X157.617 Y104.635 E0.37004
G0 F18000 X158.086 Y104.165
G1 F8400 X162.66 Y99.592 E0.10729
G1 X163.197 Y99.592 E0.00891
G1 X158.739 Y104.05 E0.10458
G1 X159.277 Y104.05 E0.00892
G1 X163.735 Y99.592 E0.10458
G1 X164.272 Y99.592 E0.00891
G1 X159.794 Y104.07 E0.10505
G0 F18000 X160.069 Y103.405
G0 X158.142 Y103.429
G0 X157.214 Y103.813
G0 X156.757 Y104.576
G0 X157.045 Y105.067
G0 X157.617 Y104.635
G1 F8400 X157.67 Y104.706 E0.00147
G1 X157.963 Y104.826 E0.00525
G1 X142.381 Y120.408 E0.36555
G1 X142.918 Y120.408 E0.00891
G1 X158.345 Y104.981 E0.36191
G1 X158.388 Y104.992 E0.00074
G1 X158.872 Y104.992 E0.00803
G1 X143.456 Y120.408 E0.36165
G1 X143.993 Y120.408 E0.00891
G0 F18000 X143.993 Y119.689
G0 X157.214 Y103.813
G0 X158.32 Y103.392
G0 X160.069 Y103.405
G0 X159.794 Y104.07
G1 F8400 X160.175 Y104.226 E0.00683
G0 F18000 X160.45 Y103.562
G0 X160.856 Y103.796
G0 X161.356 Y104.466
G0 X160.943 Y105.153
G0 X143.993 Y119.689
G0 X143.993 Y120.408
G1 F8400 X159.409 Y104.992 E0.36165
G0 F18000 X159.409 Y105.711
G0 X159.97 Y105.613
G0 X160.897 Y105.229
G0 X161.356 Y104.466
G0 X160.906 Y103.863
G0 X160.45 Y103.562
G0 X160.175 Y104.226
G1 F8400 X164.81 Y99.592 E0.10872
G0 F18000 X164.81 Y100.311
G0 X160.897 Y105.229
G0 X160.002 Y105.57
G0 X159.409 Y105.711
G0 X159.409 Y104.992
G1 F8400 X159.723 Y104.992 E0.00521
G1 X159.776 Y104.98 E0.0009
G1 X160.088 Y104.851 E0.0056
G0 F18000 X160.362 Y105.517
G0 X160.844 Y105.258
G0 X164.81 Y100.311
G0 X164.81 Y99.592
G1 F8400 X165.347 Y99.592 E0.00891
G0 F18000 X165.347 Y100.311
G0 X160.897 Y105.229
G0 X160.362 Y105.517
G0 X160.088 Y104.851
G1 F8400 X144.531 Y120.408 E0.36496
G0 F18000 X144.531 Y119.689
G0 X160.897 Y105.229
G0 X161.356 Y104.466
G0 X161.084 Y103.995
G0 X160.511 Y104.428
G1 F8400 X165.347 Y99.592 E0.11345
G0 F18000 X165.347 Y100.311
G0 X161.181 Y104.881
G0 X160.569 Y104.508
G1 F8400 X160.448 Y104.703 E0.00381
G1 X160.088 Y104.851 E0.00646
G0 F18000 X160.362 Y105.517
G0 X144.531 Y119.689
G0 X144.531 Y120.408
G1 F8400 X145.068 Y120.408 E0.00891
G1 X165.884 Y99.592 E0.48834
G1 X166.422 Y99.592 E0.00892
G1 X145.605 Y120.408 E0.48835
G1 X146.143 Y120.408 E0.00892
G0 F18000 X146.143 Y119.689
G0 X150.988 Y114.456
G0 X151.601 Y114.828
G1 F8400 X151.722 Y114.634 E0.00379
G1 X152.054 Y114.497 E0.00596
G1 X166.959 Y99.592 E0.34967
G0 F18000 X166.959 Y100.311
G0 X151.271 Y114.108
G0 X146.143 Y119.689
G0 X146.143 Y120.408
G1 F8400 X151.652 Y114.899 E0.12924
G1 X151.727 Y115.001 E0.0021
G1 X151.983 Y115.106 E0.00459
G0 F18000 X151.708 Y115.77
G0 X151.314 Y115.541
G0 X150.814 Y114.871
G0 X151.225 Y114.184
G0 X166.959 Y100.311
G0 X166.959 Y99.592
G1 F8400 X167.497 Y99.592 E0.00892
G1 X152.743 Y114.346 E0.34612
G1 X153.28 Y114.346 E0.00891
G1 X168.034 Y99.592 E0.34612
G1 X168.571 Y99.592 E0.00891
G1 X153.811 Y114.353 E0.34628
G0 F18000 X153.959 Y113.649
G0 X152.199 Y113.724
G0 X151.271 Y114.108
G0 X150.814 Y114.871
G0 X151.264 Y115.474
G0 X151.708 Y115.77
G0 X151.983 Y115.106
G1 F8400 X146.68 Y120.408 E0.12439
G1 X147.218 Y120.408 E0.00892
G1 X152.363 Y115.263 E0.1207
G1 X152.392 Y115.275 E0.00052
G1 X152.446 Y115.287 E0.00092
G1 X152.876 Y115.287 E0.00713
G1 X147.755 Y120.408 E0.12014
G1 X148.292 Y120.408 E0.00891
G0 F18000 X148.292 Y119.689
G0 X150.814 Y114.871
G0 X151.271 Y114.108
G0 X152.266 Y113.729
G0 X153.959 Y113.649
G0 X153.811 Y114.353
G1 F8400 X153.834 Y114.358 E0.00039
G1 X154.195 Y114.506 E0.00647
G0 F18000 X154.47 Y113.842
G0 X154.912 Y114.091
G0 X155.412 Y114.761
G0 X154.955 Y115.524
G0 X148.292 Y119.689
G0 X148.292 Y120.408
G1 F8400 X153.414 Y115.287 E0.12015
G0 F18000 X153.414 Y116.006
G0 X154.027 Y115.908
G0 X154.955 Y115.524
G0 X155.412 Y114.761
G0 X154.962 Y114.158
G0 X154.47 Y113.842
G0 X154.195 Y114.506
G1 F8400 X169.109 Y99.592 E0.34988
G0 F18000 X169.109 Y100.311
G0 X154.955 Y115.524
G0 X154.059 Y115.865
G0 X153.414 Y116.006
G0 X153.414 Y115.287
G1 F8400 X153.78 Y115.287 E0.00607
G1 X153.834 Y115.275 E0.00092
G1 X154.054 Y115.184 E0.00395
G0 F18000 X154.328 Y115.85
G0 X154.892 Y115.557
G0 X169.109 Y100.311
G0 X169.109 Y99.592
G1 F8400 X169.646 Y99.592 E0.00891
G1 X154.545 Y114.693 E0.35426
G0 F18000 X154.054 Y115.184
G1 F8400 X148.83 Y120.408 E0.12255
G0 F18000 X148.83 Y119.689
G0 X154.955 Y115.524
G0 X155.238 Y115.176
G0 X154.624 Y114.803
G1 F8400 X154.504 Y114.998 E0.0038
G1 X154.054 Y115.184 E0.00808
G0 F18000 X154.328 Y115.85
G0 X148.83 Y119.689
G0 X148.83 Y120.408
G1 F8400 X149.367 Y120.408 E0.00891
G1 X170.184 Y99.592 E0.48835
G1 X170.721 Y99.592 E0.00891
G1 X149.905 Y120.408 E0.48834
G1 X150.442 Y120.408 E0.00891
G1 X171.258 Y99.592 E0.48834
G1 X171.796 Y99.592 E0.00892
G1 X150.979 Y120.408 E0.48835
G1 X151.517 Y120.408 E0.00892
G1 X172.333 Y99.592 E0.48834
G1 X172.871 Y99.592 E0.00892
G1 X152.054 Y120.408 E0.48835
G1 X152.592 Y120.408 E0.00892
G1 X173.408 Y99.592 E0.48834
G1 X173.945 Y99.592 E0.00891
G1 X153.129 Y120.408 E0.48834
G1 X153.666 Y120.408 E0.00891
G0 F18000 X153.666 Y119.689
G0 X168.819 Y104.161
G0 X169.431 Y104.534
G1 F8400 X169.552 Y104.339 E0.00381
G1 X169.865 Y104.21 E0.00562
G0 F18000 X169.591 Y103.544
G0 X169.196 Y103.762
G0 X153.666 Y119.689
G0 X153.666 Y120.408
G1 F8400 X169.477 Y104.597 E0.37092
G1 X169.557 Y104.706 E0.00224
G1 X169.805 Y104.807 E0.00444
G0 F18000 X169.865 Y104.21
G1 F8400 X174.483 Y99.592 E0.10834
G1 X175.02 Y99.592 E0.00891
G1 X170.562 Y104.05 E0.10458
G1 X171.099 Y104.05 E0.00891
G1 X175.558 Y99.592 E0.10459
G1 X176.095 Y99.592 E0.00891
G1 X171.632 Y104.055 E0.1047
G1 X171.665 Y104.061 E0.00056
G1 X172.017 Y104.207 E0.00632
G0 F18000 X172.292 Y103.543
G0 X171.68 Y103.392
G0 X170.03 Y103.429
G0 X169.103 Y103.813
G0 X168.644 Y104.576
G0 X169.094 Y105.179
G0 X169.53 Y105.472
G0 X169.805 Y104.807
G1 F8400 X154.204 Y120.408 E0.36599
G1 X154.741 Y120.408 E0.00891
G1 X170.186 Y104.964 E0.36232
G1 X170.223 Y104.98 E0.00067
G1 X170.277 Y104.993 E0.00092
G1 X170.695 Y104.992 E0.00693
G1 X155.279 Y120.408 E0.36165
G1 X155.816 Y120.408 E0.00891
G1 X171.232 Y104.992 E0.36165
G1 X171.611 Y104.992 E0.00629
G1 X171.665 Y104.981 E0.00091
G1 X171.864 Y104.898 E0.00358
G0 F18000 X172.017 Y104.207
G1 F8400 X176.632 Y99.592 E0.10827
G1 X177.17 Y99.592 E0.00892
G0 F18000 X177.17 Y100.311
G0 X172.786 Y105.229
G0 X172.137 Y105.563
G0 X171.864 Y104.898
G1 F8400 X156.353 Y120.408 E0.36387
G1 X156.891 Y120.408 E0.00892
G0 F18000 X156.891 Y119.689
G0 X172.786 Y105.229
G0 X173.243 Y104.466
G0 X172.943 Y103.959
G0 X172.371 Y104.391
G1 F8400 X177.17 Y99.592 E0.11258
G0 F18000 X177.17 Y100.311
G0 X173.069 Y104.881
G0 X172.456 Y104.508
G1 F8400 X172.335 Y104.703 E0.00381
G1 X171.864 Y104.898 E0.00846
G0 F18000 X172.137 Y105.563
G0 X156.891 Y119.689
G0 X156.891 Y120.408
G1 F8400 X177.707 Y99.592 E0.48834
G1 X178.245 Y99.592 E0.00892
G1 X157.428 Y120.408 E0.48835
G1 X157.966 Y120.408 E0.00892
G1 X163.511 Y114.862 E0.1301
G1 X163.615 Y115.001 E0.00288
G1 X163.824 Y115.087 E0.00375
G0 F18000 X163.832 Y114.542
G1 F8400 X178.782 Y99.592 E0.35072
G1 X179.319 Y99.592 E0.00891
G1 X164.566 Y114.345 E0.3461
G1 X165.104 Y114.345 E0.00892
G1 X179.857 Y99.592 E0.3461
G1 X180.394 Y99.592 E0.00891
G1 X165.641 Y114.345 E0.3461
G1 X165.667 Y114.345 E0.00043
G1 X165.721 Y114.357 E0.00092
G1 X166.036 Y114.488 E0.00566
G0 F18000 X166.311 Y113.823
G0 X165.736 Y113.687
G0 X164.086 Y113.724
G0 X163.158 Y114.108
G0 X162.701 Y114.871
G0 X163.151 Y115.474
G0 X163.549 Y115.751
G0 X163.824 Y115.087
G1 F8400 X158.503 Y120.408 E0.12483
G1 X159.04 Y120.408 E0.00891
G1 X164.204 Y115.244 E0.12115
G1 X164.279 Y115.275 E0.00135
G1 X164.333 Y115.287 E0.00092
G1 X164.699 Y115.287 E0.00607
G1 X159.578 Y120.408 E0.12014
G1 X160.115 Y120.408 E0.00891
G1 X165.237 Y115.287 E0.12015
G1 X165.667 Y115.287 E0.00713
G1 X165.721 Y115.275 E0.00092
G1 X165.832 Y115.229 E0.00199
G0 F18000 X166.036 Y114.488
G1 F8400 X180.932 Y99.592 E0.34946
G1 X181.469 Y99.592 E0.00891
G0 F18000 X181.469 Y100.311
G0 X166.842 Y115.524
G0 X166.105 Y115.895
G0 X165.832 Y115.229
G1 F8400 X160.653 Y120.408 E0.1215
G0 F18000 X160.653 Y119.689
G0 X166.842 Y115.524
G0 X167.299 Y114.761
G0 X166.977 Y114.224
G0 X166.405 Y114.656
G1 F8400 X181.469 Y99.592 E0.3534
G0 F18000 X181.469 Y100.311
G0 X167.125 Y115.176
G0 X166.512 Y114.803
G1 F8400 X166.391 Y114.998 E0.00381
G1 X165.832 Y115.229 E0.01003
G0 F18000 X166.105 Y115.895
G0 X160.653 Y119.689
G0 X160.653 Y120.408
G1 F8400 X161.19 Y120.408 E0.00891
G1 X182.006 Y99.592 E0.48834
G1 X182.544 Y99.592 E0.00892
G1 X161.727 Y120.408 E0.48835
G1 X162.265 Y120.408 E0.00892
G1 X183.081 Y99.592 E0.48834
G1 X183.619 Y99.592 E0.00892
G1 X162.802 Y120.408 E0.48835
G1 X163.34 Y120.408 E0.00892
G1 X184.156 Y99.592 E0.48834
G1 X184.693 Y99.592 E0.00891
G1 X163.877 Y120.408 E0.48834
G1 X164.414 Y120.408 E0.00891
G1 X185.231 Y99.592 E0.48835
G1 X185.768 Y99.592 E0.00891
G1 X164.952 Y120.408 E0.48834
G1 X165.489 Y120.408 E0.00891
G1 X181.338 Y104.56 E0.3718
G0 F18000 X181.642 Y104.255
G1 F8400 X186.306 Y99.592 E0.1094
G1 X186.843 Y99.592 E0.00891
G1 X182.385 Y104.05 E0.10458
G1 X182.922 Y104.05 E0.00891
G1 X187.38 Y99.592 E0.10458
G1 X187.918 Y99.592 E0.00892
G1 X183.46 Y104.05 E0.10458
G1 X183.498 Y104.05 E0.00063
G1 X183.552 Y104.062 E0.00092
G1 X183.858 Y104.189 E0.0055
G0 F18000 X184.133 Y103.524
G0 X183.567 Y103.392
G0 X181.917 Y103.429
G0 X180.989 Y103.813
G0 X180.532 Y104.576
G0 X180.764 Y104.994
G0 X181.338 Y104.56
G1 F8400 X181.445 Y104.706 E0.003
G1 X181.647 Y104.788 E0.00362
G1 X166.027 Y120.408 E0.36644
G1 X166.564 Y120.408 E0.00891
G1 X182.027 Y104.945 E0.36276
G1 X182.11 Y104.98 E0.00149
G1 X182.164 Y104.992 E0.00092
G1 X182.518 Y104.992 E0.00587
G1 X167.101 Y120.408 E0.36167
G1 X167.639 Y120.408 E0.00892
G1 X183.055 Y104.992 E0.36165
G0 F18000 X183.055 Y105.711
G0 X183.745 Y105.613
G0 X184.673 Y105.229
G0 X185.13 Y104.466
G0 X184.68 Y103.863
G0 X184.133 Y103.524
G0 X183.858 Y104.189
G1 F8400 X188.253 Y99.794 E0.10311
G0 F18000 X187.564 Y100.281
G0 X184.673 Y105.229
G0 X183.777 Y105.57
G0 X183.055 Y105.711
G0 X183.055 Y104.992
G1 F8400 X183.498 Y104.992 E0.00735
G1 X183.552 Y104.98 E0.00092
G1 X183.642 Y104.942 E0.00162
G0 F18000 X183.916 Y105.608
G0 X184.673 Y105.229
G0 X187.564 Y100.281
G0 X188.253 Y99.794
G1 F8400 X188.253 Y100.331 E0.00891
G0 F18000 X187.534 Y100.331
G0 X184.673 Y105.229
G0 X183.916 Y105.608
G0 X183.642 Y104.942
G1 F8400 X168.176 Y120.408 E0.36283
G0 F18000 X168.176 Y119.689
G0 X184.673 Y105.229
G0 X185.13 Y104.466
G0 X184.802 Y103.922
G0 X184.23 Y104.354
G1 F8400 X188.253 Y100.331 E0.09438
G0 F18000 X187.534 Y100.331
G0 X184.956 Y104.881
G0 X184.343 Y104.508
G1 F8400 X184.222 Y104.703 E0.00381
G1 X183.642 Y104.942 E0.01041
G0 F18000 X183.916 Y105.608
G0 X168.176 Y119.689
G0 X168.176 Y120.408
G1 F8400 X168.714 Y120.408 E0.00892
G1 X188.253 Y100.869 E0.45838
G1 X188.253 Y101.406 E0.00891
G1 X169.251 Y120.408 E0.44578
G1 X169.788 Y120.408 E0.00891
G0 F18000 X169.788 Y119.689
G0 X175.045 Y114.108
G0 X175.335 Y113.921
G0 X175.609 Y114.587
G1 F8400 X188.253 Y101.944 E0.29661
G0 F18000 X187.534 Y101.944
G0 X184.673 Y105.229
G0 X175.045 Y114.108
G0 X169.788 Y119.689
G0 X169.788 Y120.408
G1 F8400 X175.386 Y114.811 E0.13132
G0 F18000 X174.773 Y114.438
G0 X175.045 Y114.108
G0 X184.673 Y105.229
G0 X187.534 Y101.944
G0 X188.253 Y101.944
G1 F8400 X188.253 Y102.481 E0.00891
G1 X176.389 Y114.345 E0.27833
G1 X176.927 Y114.345 E0.00892
G1 X188.253 Y103.018 E0.26572
G1 X188.253 Y103.556 E0.00892
G1 X177.464 Y114.345 E0.25311
G1 X177.555 Y114.345 E0.00151
G1 X177.608 Y114.357 E0.0009
G1 X177.878 Y114.469 E0.00485
G0 F18000 X178.153 Y113.804
G0 X177.623 Y113.687
G0 X175.973 Y113.724
G0 X175.045 Y114.108
G0 X174.773 Y114.438
G0 X175.386 Y114.811
G1 F8400 X175.375 Y114.829 E0.00035
G1 X175.501 Y115.001 E0.00354
G1 X175.666 Y115.068 E0.00295
G1 X170.326 Y120.408 E0.12527
G1 X170.863 Y120.408 E0.00891
G1 X176.046 Y115.225 E0.12159
G1 X176.166 Y115.275 E0.00216
G1 X176.22 Y115.287 E0.00092
G1 X176.521 Y115.287 E0.00499
G1 X171.401 Y120.408 E0.12013
G1 X171.938 Y120.408 E0.00891
G1 X177.059 Y115.287 E0.12014
G0 F18000 X177.059 Y116.006
G0 X177.801 Y115.908
G0 X178.729 Y115.524
G0 X179.186 Y114.761
G0 X178.736 Y114.158
G0 X178.153 Y113.804
G0 X177.878 Y114.469
G1 F8400 X188.253 Y104.093 E0.24341
G0 F18000 X187.534 Y104.093
G0 X178.729 Y115.524
G0 X177.734 Y115.903
G0 X177.059 Y116.006
G0 X177.059 Y115.287
G1 F8400 X177.554 Y115.287 E0.00821
G1 X177.608 Y115.275 E0.00092
G0 F18000 X177.881 Y115.94
G0 X178.729 Y115.524
G0 X187.534 Y104.093
G0 X188.253 Y104.093
G1 F8400 X188.253 Y104.631 E0.00892
G0 F18000 X187.534 Y104.631
G0 X178.729 Y115.524
G0 X177.881 Y115.94
G0 X177.608 Y115.275
G1 F8400 X172.475 Y120.408 E0.12042
G0 F18000 X172.475 Y119.689
G0 X177.881 Y115.94
G0 X177.608 Y115.275
G1 F8400 X178.278 Y114.997 E0.01203
G1 X178.399 Y114.803 E0.00379
G1 X178.273 Y114.63 E0.00355
G0 F18000 X178.844 Y114.198
G0 X179.186 Y114.761
G0 X178.775 Y115.448
G0 X172.475 Y119.689
G0 X172.475 Y120.408
G1 F8400 X173.013 Y120.408 E0.00892
G0 F18000 X173.013 Y119.689
G0 X178.729 Y115.524
G0 X179.186 Y114.761
G0 X178.534 Y113.962
G0 X178.259 Y114.625
G1 F8400 X188.253 Y104.631 E0.23446
G0 F18000 X187.534 Y104.631
G0 X178.729 Y115.524
G0 X173.013 Y119.689
G0 X173.013 Y120.408
G1 F8400 X188.253 Y105.168 E0.35753
G1 X188.253 Y105.705 E0.00891
G1 X173.55 Y120.408 E0.34493
G1 X174.088 Y120.408 E0.00892
G1 X188.253 Y106.243 E0.33231
G1 X188.253 Y106.78 E0.00891
G1 X174.625 Y120.408 E0.31971
G1 X175.162 Y120.408 E0.00891
G1 X188.253 Y107.318 E0.3071
G1 X188.253 Y107.855 E0.00891
G1 X175.7 Y120.408 E0.29449
G1 X176.237 Y120.408 E0.00891
G1 X188.253 Y108.392 E0.28189
G1 X188.253 Y108.93 E0.00892
G1 X176.775 Y120.408 E0.26927
G1 X177.312 Y120.408 E0.00891
G1 X188.253 Y109.467 E0.25667
G1 X188.253 Y110.005 E0.00892
G1 X177.849 Y120.408 E0.24406
G1 X178.387 Y120.408 E0.00892
G1 X188.253 Y110.542 E0.23145
G1 X188.253 Y111.079 E0.00891
G1 X178.924 Y120.408 E0.21886
G1 X179.462 Y120.408 E0.00892
G1 X188.253 Y111.617 E0.20623
G1 X188.253 Y112.154 E0.00891
G1 X179.999 Y120.408 E0.19364
G1 X180.536 Y120.408 E0.00891
G1 X188.253 Y112.692 E0.18103
G1 X188.253 Y113.229 E0.00891
G1 X181.074 Y120.408 E0.16842
G1 X181.611 Y120.408 E0.00891
G1 X187.378 Y114.642 E0.13528
G1 X187.387 Y114.633
G1 X188.253 Y113.766 E0.02033
G1 X188.253 Y114.304 E0.00892
G0 F18000 X187.378 Y114.642
G1 F8400 X187.262 Y114.829 E0.00365
G1 X187.388 Y115.001 E0.00354
G1 X187.507 Y115.05 E0.00213
G1 X182.149 Y120.408 E0.1257
G1 X182.686 Y120.408 E0.00891
G1 X187.888 Y115.206 E0.12204
G1 X188.053 Y115.275 E0.00297
G1 X188.107 Y115.287 E0.00092
G1 X188.253 Y115.287 E0.00242
G1 X188.253 Y115.379 E0.00153
G1 X183.223 Y120.408 E0.11799
G1 X183.761 Y120.408 E0.00892
G1 X188.253 Y115.916 E0.10538
G1 X188.253 Y116.453 E0.00891
G1 X184.298 Y120.408 E0.09278
G1 X184.836 Y120.408 E0.00892
G1 X188.253 Y116.991 E0.08016
G1 X188.253 Y117.528 E0.00891
G1 X185.373 Y120.408 E0.06756
G1 X185.91 Y120.408 E0.00891
G1 X188.253 Y118.066 E0.05495
G1 X188.253 Y118.603 E0.00891
G1 X186.448 Y120.408 E0.04234
G1 X186.985 Y120.408 E0.00891
G1 X188.253 Y119.14 E0.02975
G1 X188.253 Y119.678 E0.00892
G1 X187.523 Y120.408 E0.01713
G1 X188.06 Y120.408 E0.00891
G1 X188.253 Y120.215 E0.00453
G1 X188.253 Y120.408 E0.0032
G0 F18000 X187.254 Y119.521
G1 F1800 E-3.5
;MESH:NONMESH
G0 F1200 X187.254 Y119.521 Z1.1
G0 F18000 X175.341 Y115.213
G0 X141.98 Y99.825
G0 X140.536 Y99.825
G0 X88.917 Y62.553
G0 X87.737 Y61.713
G0 X82.923 Y64.486
G0 X81.225 Y65.147
G0 X79.429 Y65.504
G0 X77.833 Y65.556
G0 X76.247 Y65.365
G0 X74.923 Y65.01
G0 X73.653 Y64.484
G0 X72.095 Y63.54
G0 X70.879 Y62.496
G0 X69.839 Y61.283
G0 X68.993 Y59.924
G0 X68.294 Y58.238
G0 X67.969 Y56.907
G0 X67.809 Y55.089
G0 X67.969 Y53.27
G0 X68.194 Y52.389
G0 X69.253 Y48.809
;TIME_ELAPSED:646.219895
;LAYER:8
G1 F1200 Z1.9
M82 ;absolute extrusion mode
M83 ; Relative Extruder mode
G1 E-5
G1 Z50
M83 ;relative extrusion mode
T1
M82 ;absolute extrusion mode
M83; Relative Extrusion Mode

M83 ;relative extrusion mode
M104 T0 S0
M106 S51
;MESH:01_Prime_Conductor.STL
G0 F24000 X69.253 Y48.809 Z1.9
;TYPE:WALL-OUTER
G1 F18000 Z1.5
G1 F1515.75 X69.203 Y48.885 Z1.469676 E0.00002
G1 X69.152 Y48.962 Z1.43889 E0.00002
G1 F1508.55 X69.101 Y49.039 Z1.408104 E0.00002
G1 X69.051 Y49.116 Z1.377501 E0.00002
G1 X69 Y49.192 Z1.346992 E0.00002
G1 X68.916 Y49.332 Z1.29257 E0.00004
G1 X68.831 Y49.473 Z1.23769 E0.00004
G1 X68.747 Y49.613 Z1.183268 E0.00004
G1 X68.673 Y49.749 Z1.131658 E0.00004
G1 X68.627393 Y49.832308 Z1.1 E0.00004
G1 F1010.5
G1 X68.598 Y49.886 E0.00004
G1 X68.523 Y50.023 E0.00004
G1 X68.451 Y50.171 E0.00004
G1 X68.378 Y50.319 E0.00004
G1 X68.305 Y50.467 E0.00004
G1 F1010.5 X68.242 Y50.612 E0.00004
G1 X68.179 Y50.756 E0.00004
G1 X68.117 Y50.9 E0.00004
G1 X68.068 Y51.018 E0.00003
G1 X68.047 Y51.075 E0.00002
G1 X68.025 Y51.132 E0.00002
G1 F1015.4 X68.003 Y51.189 E0.00002
G1 F1020.3 X67.982 Y51.246 E0.00002
G1 X67.96 Y51.303 E0.00002
G1 X67.955 Y51.316 E0
G1 X67.938 Y51.366 E0.00001
G1 F1015.4 X67.921 Y51.416 E0.00001
G1 F1010.5 X67.903 Y51.466 E0.00001
G1 F1005.7 X67.884 Y51.525 E0.00002
G1 X67.864 Y51.585 E0.00002
G1 F1000.9 X67.844 Y51.645 E0.00002
G1 X67.824 Y51.705 E0.00002
G1 F996.2 X67.804 Y51.765 E0.00002
G1 X67.784 Y51.825 E0.00002
G1 X67.771 Y51.868 E0.00001
G1 F1000.9 X67.759 Y51.909 E0.00001
G1 X67.746 Y51.95 E0.00001
G1 F1005.7 X67.734 Y51.991 E0.00001
G1 F1010.5 X67.721 Y52.032 E0.00001
G1 X67.706 Y52.091 E0.00002
G1 F1005.7 X67.69 Y52.151 E0.00002
G1 X67.674 Y52.211 E0.00002
G1 F1000.9 X67.658 Y52.271 E0.00002
G1 F996.2 X67.543 Y52.733 E0.00013
G1 F1000.9 X67.535 Y52.771 E0.00001
G1 F1005.7 X67.527 Y52.809 E0.00001
G1 F1010.5 X67.519 Y52.847 E0.00001
G1 F1015.4 X67.511 Y52.885 E0.00001
G1 X67.478 Y53.08 E0.00005
G1 X67.446 Y53.274 E0.00005
G1 X67.414 Y53.469 E0.00005
G1 X67.382 Y53.663 E0.00005
G1 F1010.5 X67.321 Y54.253 E0.00015
G1 X67.31 Y54.446 E0.00005
G1 X67.298 Y54.64 E0.00005
G1 X67.296 Y54.802 E0.00004
G1 X67.294 Y54.964 E0.00004
G1 X67.292 Y55.126 E0.00004
G1 X67.291 Y55.166 E0.00001
G1 F1005.7 X67.292 Y55.205 E0.00001
G1 F1000.9 X67.292 Y55.244 E0.00001
G1 X67.293 Y55.283 E0.00001
G1 F996.2 X67.293 Y55.322 E0.00001
G1 F991.5 X67.294 Y55.361 E0.00001
G1 X67.296 Y55.407 E0.00001
G1 X67.298 Y55.454 E0.00001
G1 X67.3 Y55.501 E0.00001
G1 F996.2 X67.302 Y55.548 E0.00001
G1 X67.304 Y55.595 E0.00001
G1 F1000.9 X67.306 Y55.642 E0.00001
G1 X67.308 Y55.689 E0.00001
G1 X67.31 Y55.736 E0.00001
G1 F1005.7 X67.312 Y55.783 E0.00001
G1 X67.314 Y55.83 E0.00001
G1 F1010.5 X67.332 Y56.009 E0.00005
G1 X67.35 Y56.189 E0.00005
G1 X67.368 Y56.369 E0.00005
G1 X67.386 Y56.549 E0.00005
G1 X67.392 Y56.593 E0.00001
G1 X67.398 Y56.638 E0.00001
G1 F1005.7 X67.405 Y56.682 E0.00001
G1 F1000.9 X67.411 Y56.727 E0.00001
G1 X67.418 Y56.771 E0.00001
G1 F996.2 X67.424 Y56.816 E0.00001
G1 X67.43 Y56.861 E0.00001
G1 X67.445 Y56.943 E0.00002
G1 F1000.9 X67.46 Y57.025 E0.00002
G1 X67.507 Y57.268 E0.00007
G1 F1005.7 X67.516 Y57.311 E0.00001
G1 F1010.5 X67.525 Y57.354 E0.00001
G1 X67.534 Y57.397 E0.00001
G1 F1015.4 X67.543 Y57.44 E0.00001
G1 F1020.3 X67.552 Y57.483 E0.00001
G1 X67.556 Y57.495 E0
G1 X67.567 Y57.54 E0.00001
G1 X67.578 Y57.586 E0.00001
G1 F1015.4 X67.589 Y57.632 E0.00001
G1 X67.6 Y57.677 E0.00001
G1 X67.611 Y57.723 E0.00001
G1 F1010.5 X67.622 Y57.769 E0.00001
G1 X67.634 Y57.814 E0.00001
G1 F1005.7 X67.645 Y57.86 E0.00001
G1 X67.656 Y57.906 E0.00001
G1 X67.667 Y57.952 E0.00001
G1 F1000.9 X67.695 Y58.046 E0.00003
G1 X67.722 Y58.138 E0.00003
G1 F996.2 X67.75 Y58.23 E0.00003
G1 X67.777 Y58.322 E0.00003
G1 X67.805 Y58.414 E0.00003
G1 X67.816 Y58.447 E0.00001
G1 F1005.7 X67.827 Y58.48 E0.00001
G1 F1010.5 X67.873 Y58.613 E0.00004
G1 X67.919 Y58.746 E0.00004
G1 X67.966 Y58.879 E0.00004
G1 X68.133 Y59.312 E0.00012
G1 X68.333 Y59.758 E0.00013
G1 X68.401 Y59.898 E0.00004
G1 X68.47 Y60.039 E0.00004
G1 X68.539 Y60.18 E0.00004
G1 F1005.7 X68.769 Y60.595 E0.00012
G1 X69.021 Y61.009 E0.00013
G1 F1010.5 X69.111 Y61.145 E0.00004
G1 X69.202 Y61.282 E0.00004
G1 X69.293 Y61.418 E0.00004
G1 X69.35 Y61.495 E0.00002
G1 X69.408 Y61.573 E0.00003
G1 F1005.7 X69.466 Y61.651 E0.00003
G1 X69.524 Y61.729 E0.00003
G1 X69.582 Y61.807 E0.00003
G1 X69.624 Y61.859 E0.00002
G1 X69.666 Y61.91 E0.00002
G1 F1010.5 X69.707 Y61.961 E0.00002
G1 X69.749 Y62.013 E0.00002
G1 X69.791 Y62.064 E0.00002
G1 F1015.4 X69.832 Y62.115 E0.00002
G1 X69.874 Y62.166 E0.00002
G1 X69.981 Y62.288 E0.00004
G1 X70.088 Y62.411 E0.00004
G1 X70.195 Y62.534 E0.00004
G1 F1010.5 X70.236 Y62.577 E0.00002
G1 F1005.7 X70.277 Y62.621 E0.00002
G1 X70.318 Y62.664 E0.00002
G1 F1000.9 X70.36 Y62.708 E0.00002
G1 X70.416 Y62.764 E0.00002
G1 X70.471 Y62.819 E0.00002
G1 F1005.7 X70.526 Y62.875 E0.00002
G1 X70.614 Y62.961 E0.00003
G1 X70.702 Y63.047 E0.00003
G1 X70.745 Y63.088 E0.00002
G1 F1010.5 X70.789 Y63.129 E0.00002
G1 X70.833 Y63.17 E0.00002
G1 F1015.4 X70.877 Y63.211 E0.00002
G1 X70.883 Y63.217 E0
G1 X70.94 Y63.268 E0.00002
G1 F1010.5 X70.998 Y63.319 E0.00002
G1 X71.055 Y63.37 E0.00002
G1 F1005.7 X71.176 Y63.472 E0.00004
G1 X71.298 Y63.574 E0.00004
G1 X71.42 Y63.676 E0.00004
G1 X71.466 Y63.712 E0.00002
G1 F1010.5 X71.513 Y63.749 E0.00002
G1 X71.559 Y63.785 E0.00002
G1 F1015.4 X71.606 Y63.822 E0.00002
G1 X71.614 Y63.828 E0
G1 X71.662 Y63.863 E0.00002
G1 F1010.5 X71.71 Y63.899 E0.00002
G1 X71.758 Y63.935 E0.00002
G1 F1005.7 X71.806 Y63.971 E0.00002
G1 X71.87 Y64.016 E0.00002
G1 X71.936 Y64.063 E0.00002
G1 F1010.5 X72.002 Y64.11 E0.00002
G1 X72.402 Y64.376 E0.00013
G1 X73.021 Y64.74 E0.00019
G1 X73.056 Y64.758 E0.00001
G1 X73.092 Y64.776 E0.00001
G1 F1005.7 X73.127 Y64.795 E0.00001
G1 X73.163 Y64.813 E0.00001
G1 X73.198 Y64.831 E0.00001
G1 F1000.9 X73.234 Y64.85 E0.00001
G1 X73.27 Y64.868 E0.00001
G1 F996.2 X73.305 Y64.886 E0.00001
G1 X73.341 Y64.905 E0.00001
G1 X73.376 Y64.923 E0.00001
G1 F991.5 X73.412 Y64.942 E0.00001
G1 X73.447 Y64.96 E0.00001
G1 X73.5 Y64.986 E0.00002
G1 F996.2 X73.554 Y65.012 E0.00002
G1 X73.608 Y65.038 E0.00002
G1 F1000.9 X73.662 Y65.064 E0.00002
G1 X73.674 Y65.07 E0
G1 X73.744 Y65.101 E0.00002
G1 F996.2 X73.814 Y65.132 E0.00002
G1 X73.885 Y65.164 E0.00002
G1 X73.946 Y65.189 E0.00002
G1 X74.007 Y65.214 E0.00002
G1 F1000.9 X74.068 Y65.239 E0.00002
G1 X74.129 Y65.264 E0.00002
G1 X74.19 Y65.289 E0.00002
G1 F1005.7 X74.251 Y65.315 E0.00002
G1 X74.312 Y65.34 E0.00002
G1 X74.331 Y65.348 E0.00001
G1 X74.41 Y65.376 E0.00002
G1 X74.489 Y65.405 E0.00002
G1 X74.568 Y65.433 E0.00002
G1 F1000.9 X74.647 Y65.462 E0.00002
G1 X74.726 Y65.49 E0.00002
G1 X74.805 Y65.519 E0.00002
G1 X74.937 Y65.56 E0.00004
G1 X75.067 Y65.6 E0.00004
G1 X75.197 Y65.641 E0.00004
G1 X75.382 Y65.687 E0.00005
G1 X75.567 Y65.734 E0.00005
G1 X75.752 Y65.781 E0.00005
G1 X75.938 Y65.827 E0.00005
G1 X76.016 Y65.844 E0.00002
G1 X76.093 Y65.86 E0.00002
G1 F1005.7 X76.17 Y65.877 E0.00002
G1 F1010.5 X76.179 Y65.878 E0
G1 X76.251 Y65.892 E0.00002
G1 F1005.7 X76.324 Y65.906 E0.00002
G1 X76.396 Y65.92 E0.00002
G1 X76.458 Y65.93 E0.00002
G1 F1010.5 X76.52 Y65.94 E0.00002
G1 X76.582 Y65.95 E0.00002
G1 F1015.4 X76.644 Y65.961 E0.00002
G1 X77.118 Y66.02 E0.00012
G1 X77.202 Y66.027 E0.00002
G1 X77.287 Y66.035 E0.00002
G1 F1010.5 X77.372 Y66.042 E0.00002
G1 X77.456 Y66.05 E0.00002
G1 X77.526 Y66.055 E0.00002
G1 F1015.4 X77.596 Y66.06 E0.00002
G1 F1020.3 X77.759 Y66.066 E0.00004
G1 X77.923 Y66.072 E0.00004
G1 X78.087 Y66.079 E0.00004
G1 X78.175 Y66.079 E0.00002
G1 X78.264 Y66.078 E0.00002
G1 X78.353 Y66.077 E0.00002
G1 X78.442 Y66.076 E0.00002
G1 F1015.4 X78.531 Y66.075 E0.00002
G1 X78.62 Y66.074 E0.00002
G1 X78.709 Y66.073 E0.00002
G1 X78.798 Y66.072 E0.00002
G1 F1010.5 X78.874 Y66.068 E0.00002
G1 F1005.7 X78.954 Y66.063 E0.00002
G1 X79.034 Y66.058 E0.00002
G1 X79.081 Y66.055 E0.00001
G1 F1010.5 X79.129 Y66.051 E0.00001
G1 X79.177 Y66.047 E0.00001
G1 F1015.4 X79.225 Y66.043 E0.00001
G1 F1020.3 X79.273 Y66.04 E0.00001
G1 X79.285 Y66.038 E0
G1 F1015.4 X79.331 Y66.034 E0.00001
G1 F1010.5 X79.378 Y66.029 E0.00001
G1 F1005.7 X79.425 Y66.024 E0.00001
G1 X79.472 Y66.019 E0.00001
G1 F1000.9 X79.519 Y66.015 E0.00001
G1 X79.597 Y66.005 E0.00002
G1 X79.673 Y65.995 E0.00002
G1 F1005.7 X79.749 Y65.985 E0.00002
G1 X79.91 Y65.961 E0.00004
G1 X80.071 Y65.936 E0.00004
G1 X80.232 Y65.912 E0.00004
G1 F1000.9 X80.307 Y65.897 E0.00002
G1 F996.2 X80.382 Y65.883 E0.00002
G1 X80.457 Y65.868 E0.00002
G1 X80.504 Y65.858 E0.00001
G1 F1000.9 X80.551 Y65.848 E0.00001
G1 X80.598 Y65.838 E0.00001
G1 F1005.7 X80.645 Y65.828 E0.00001
G1 F1010.5 X80.692 Y65.818 E0.00001
G1 X80.849 Y65.779 E0.00004
G1 X81.005 Y65.74 E0.00004
G1 X81.162 Y65.702 E0.00004
G1 F1005.7 X81.238 Y65.68 E0.00002
G1 F1000.9 X81.313 Y65.659 E0.00002
G1 X81.388 Y65.637 E0.00002
G1 X81.433 Y65.624 E0.00001
G1 F1005.7 X81.478 Y65.61 E0.00001
G1 X81.523 Y65.596 E0.00001
G1 F1010.5 X81.568 Y65.583 E0.00001
G1 F1015.4 X81.613 Y65.569 E0.00001
G1 X82.076 Y65.409 E0.00013
G1 X82.121 Y65.393 E0.00001
G1 F1010.5 X82.166 Y65.376 E0.00001
G1 F1005.7 X82.211 Y65.359 E0.00001
G1 X82.256 Y65.342 E0.00001
G1 F1000.9 X82.301 Y65.325 E0.00001
G1 X82.337 Y65.31 E0.00001
G1 F1005.7 X82.372 Y65.296 E0.00001
G1 F1010.5 X82.407 Y65.281 E0.00001
G1 X82.442 Y65.267 E0.00001
G1 F1015.4 X82.477 Y65.253 E0.00001
G1 F1020.3 X82.513 Y65.238 E0.00001
G1 X82.526 Y65.232 E0
G1 X82.551 Y65.221 E0.00001
G1 X82.577 Y65.21 E0.00001
G1 F1015.4 X82.602 Y65.199 E0.00001
G1 X82.628 Y65.187 E0.00001
G1 X82.654 Y65.176 E0.00001
G1 F1010.5 X82.679 Y65.165 E0.00001
G1 X82.705 Y65.153 E0.00001
G1 F1005.7 X82.73 Y65.142 E0.00001
G1 X82.756 Y65.131 E0.00001
G1 X82.782 Y65.12 E0.00001
G1 F1000.9 X82.807 Y65.108 E0.00001
G1 X82.833 Y65.097 E0.00001
G1 F996.2 X82.858 Y65.086 E0.00001
G1 X82.884 Y65.074 E0.00001
G1 X82.91 Y65.063 E0.00001
G1 F991.5 X82.935 Y65.052 E0.00001
G1 X82.961 Y65.041 E0.00001
G1 X83.001 Y65.022 E0.00001
G1 F996.2 X83.036 Y65.005 E0.00001
G1 F1000.9 X83.071 Y64.988 E0.00001
G1 X83.106 Y64.971 E0.00001
G1 F1005.7 X83.141 Y64.954 E0.00001
G1 F1010.5 X83.176 Y64.938 E0.00001
G1 X83.318 Y64.863 E0.00004
G1 X83.462 Y64.788 E0.00004
G1 X83.605 Y64.713 E0.00004
G1 F1005.7 X83.672 Y64.675 E0.00002
G1 F1000.9 X83.74 Y64.636 E0.00002
G1 X83.808 Y64.598 E0.00002
G1 X83.861 Y64.566 E0.00002
G1 F1005.7 X83.913 Y64.535 E0.00002
G1 X83.966 Y64.504 E0.00002
G1 F1010.5 X84.018 Y64.472 E0.00002
G1 X84.025 Y64.468 E0
G1 F1005.7 X84.092 Y64.426 E0.00002
G1 F1000.9 X84.159 Y64.384 E0.00002
G1 X84.226 Y64.342 E0.00002
G1 X84.262 Y64.318 E0.00001
G1 F1005.7 X84.299 Y64.294 E0.00001
G1 X84.336 Y64.27 E0.00001
G1 F1010.5 X84.373 Y64.246 E0.00001
G1 F1015.4 X84.41 Y64.222 E0.00001
G1 X84.815 Y63.937 E0.00013
G1 X84.864 Y63.9 E0.00002
G1 F1010.5 X84.914 Y63.863 E0.00002
G1 X84.963 Y63.826 E0.00002
G1 F1005.7 X85.013 Y63.788 E0.00002
G1 X85.069 Y63.744 E0.00002
G1 X85.126 Y63.699 E0.00002
G1 F1010.5 X85.184 Y63.653 E0.00002
G1 X85.319 Y63.538 E0.00005
G1 X85.454 Y63.422 E0.00005
G1 X85.589 Y63.306 E0.00005
G1 X85.725 Y63.19 E0.00005
G1 X85.77 Y63.147 E0.00002
G1 X85.815 Y63.103 E0.00002
G1 X85.86 Y63.059 E0.00002
G1 F1015.4 X85.905 Y63.015 E0.00002
G1 X85.95 Y62.971 E0.00002
G1 F1020.3 X85.995 Y62.927 E0.00002
G1 X86.041 Y62.883 E0.00002
G1 X86.086 Y62.839 E0.00002
G1 X86.09 Y62.835 E0
G1 X86.156 Y62.766 E0.00002
G1 X86.222 Y62.697 E0.00002
G1 F1015.4 X86.288 Y62.627 E0.00002
G1 X86.354 Y62.558 E0.00002
G1 X86.421 Y62.488 E0.00003
G1 F1010.5 X86.473 Y62.43 E0.00002
G1 F1005.7 X86.525 Y62.372 E0.00002
G1 X86.577 Y62.313 E0.00002
G1 X86.629 Y62.252 E0.00002
G1 X86.682 Y62.19 E0.00002
G1 F1010.5 X86.735 Y62.128 E0.00002
G1 F1015.4 X86.831 Y62.008 E0.00004
G1 X86.927 Y61.888 E0.00004
G1 X87.024 Y61.768 E0.00004
G1 X87.318 Y61.364 E0.00013
G1 X87.352 Y61.314 E0.00002
G1 F1010.5 X87.387 Y61.264 E0.00002
G1 X87.421 Y61.214 E0.00002
G1 F1005.7 X87.456 Y61.163 E0.00002
G1 X87.495 Y61.102 E0.00002
G1 X87.535 Y61.041 E0.00002
G1 F1010.5 X87.574 Y60.98 E0.00002
G1 X87.579 Y60.972 E0
G1 X87.621 Y60.903 E0.00002
G1 F1005.7 X87.664 Y60.833 E0.00002
G1 X87.707 Y60.763 E0.00002
G1 X87.737 Y60.713 E0.00002
G1 F1010.5 X87.767 Y60.662 E0.00002
G1 X87.797 Y60.611 E0.00002
G1 F1015.4 X87.827 Y60.56 E0.00002
G1 X87.832 Y60.551 E0
G1 X87.854 Y60.51 E0.00001
G1 F1010.5 X87.877 Y60.469 E0.00001
G1 F1005.7 X87.9 Y60.428 E0.00001
G1 X87.923 Y60.387 E0.00001
G1 F1000.9 X87.946 Y60.346 E0.00001
G1 F996.2 X88.157 Y59.938 E0.00012
G1 F1000.9 X88.184 Y59.881 E0.00002
G1 F1005.7 X88.212 Y59.823 E0.00002
G1 X88.24 Y59.765 E0.00002
G1 F1010.5 X88.268 Y59.708 E0.00002
G1 F1015.4 X88.333 Y59.56 E0.00004
G1 X88.398 Y59.411 E0.00004
G1 X88.463 Y59.261 E0.00004
G1 X88.481 Y59.215 E0.00001
G1 F1010.5 X88.5 Y59.169 E0.00001
G1 F1005.7 X88.519 Y59.122 E0.00001
G1 X88.538 Y59.076 E0.00001
G1 F1000.9 X88.557 Y59.029 E0.00001
G1 X88.569 Y58.994 E0.00001
G1 F1005.7 X88.582 Y58.958 E0.00001
G1 F1010.5 X88.595 Y58.922 E0.00001
G1 F1015.4 X88.608 Y58.886 E0.00001
G1 F1020.3 X88.621 Y58.851 E0.00001
G1 X88.65 Y58.763 E0.00002
G1 X88.679 Y58.674 E0.00002
G1 X88.709 Y58.584 E0.00002
G1 X88.738 Y58.495 E0.00002
G1 F1015.4 X88.767 Y58.406 E0.00002
G1 X88.797 Y58.316 E0.00002
G1 X88.826 Y58.227 E0.00002
G1 X88.855 Y58.138 E0.00002
G1 F1010.5 X88.979 Y57.674 E0.00013
G1 X89.082 Y57.2 E0.00013
G1 X89.098 Y57.103 E0.00003
G1 X89.114 Y57.005 E0.00003
G1 F1005.7 X89.13 Y56.907 E0.00003
G1 X89.146 Y56.809 E0.00003
G1 X89.156 Y56.745 E0.00002
G1 X89.165 Y56.682 E0.00002
G1 F1010.5 X89.174 Y56.618 E0.00002
G1 F1015.4 X89.184 Y56.555 E0.00002
G1 X89.193 Y56.492 E0.00002
G1 F1020.3 X89.195 Y56.483 E0
G1 X89.2 Y56.439 E0.00001
G1 F1015.4 X89.205 Y56.394 E0.00001
G1 F1010.5 X89.211 Y56.35 E0.00001
G1 X89.216 Y56.305 E0.00001
G1 F1005.7 X89.222 Y56.261 E0.00001
G1 X89.225 Y56.223 E0.00001
G1 F1010.5 X89.229 Y56.183 E0.00001
G1 F1015.4 X89.233 Y56.143 E0.00001
G1 X89.237 Y56.103 E0.00001
G1 F1020.3 X89.241 Y56.063 E0.00001
G1 F1025.2 X89.245 Y56.023 E0.00001
G1 X89.246 Y56.012 E0
G1 X89.249 Y55.965 E0.00001
G1 X89.252 Y55.917 E0.00001
G1 F1020.3 X89.255 Y55.869 E0.00001
G1 X89.258 Y55.821 E0.00001
G1 X89.262 Y55.773 E0.00001
G1 F1015.4 X89.265 Y55.725 E0.00001
G1 X89.268 Y55.677 E0.00001
G1 F1010.5 X89.271 Y55.629 E0.00001
G1 X89.274 Y55.581 E0.00001
G1 X89.278 Y55.534 E0.00001
G1 X89.28 Y55.376 E0.00004
G1 X89.283 Y55.216 E0.00004
G1 X89.286 Y55.056 E0.00004
G1 X89.285 Y54.962 E0.00002
G1 X89.283 Y54.868 E0.00002
G1 F1005.7 X89.282 Y54.774 E0.00002
G1 X89.28 Y54.68 E0.00002
G1 X89.278 Y54.586 E0.00002
G1 X89.274 Y54.528 E0.00002
G1 X89.27 Y54.467 E0.00002
G1 X89.265 Y54.406 E0.00002
G1 F1010.5 X89.261 Y54.345 E0.00002
G1 X89.257 Y54.284 E0.00002
G1 F1015.4 X89.252 Y54.223 E0.00002
G1 X89.248 Y54.162 E0.00002
G1 X89.243 Y54.102 E0.00002
G1 X89.242 Y54.092 E0
G1 X89.238 Y54.045 E0.00001
G1 F1010.5 X89.233 Y53.997 E0.00001
G1 F1005.7 X89.228 Y53.949 E0.00001
G1 X89.223 Y53.901 E0.00001
G1 F1000.9 X89.219 Y53.853 E0.00001
G1 X89.208 Y53.774 E0.00002
G1 X89.198 Y53.697 E0.00002
G1 F1005.7 X89.188 Y53.619 E0.00002
G1 X89.187 Y53.612 E0
G1 X89.178 Y53.551 E0.00002
G1 X89.169 Y53.49 E0.00002
G1 F1000.9 X89.16 Y53.428 E0.00002
G1 F996.2 X89.151 Y53.367 E0.00002
G1 X89.142 Y53.306 E0.00002
G1 X89.133 Y53.254 E0.00001
G1 F1000.9 X89.124 Y53.201 E0.00001
G1 F1005.7 X89.115 Y53.148 E0.00001
G1 X89.09 Y53.024 E0.00003
G1 F1000.9 X89.087 Y53 E0.00001
G1 F986.9 X89.084 Y52.975 E0.00001
G1 F977.8 X89.081 Y52.951 E0.00001
G1 F973.3 X89.077 Y52.93 E0.00001
G1 X89.072 Y52.909 E0.00001
G1 X89.067 Y52.887 E0.00001
G1 F977.8 X89.062 Y52.866 E0.00001
G1 X89.057 Y52.844 E0.00001
G1 F982.3 X89.052 Y52.823 E0.00001
G1 X89.047 Y52.801 E0.00001
G1 X89.042 Y52.78 E0.00001
G1 F986.9 X89.037 Y52.758 E0.00001
G1 X89.032 Y52.737 E0.00001
G1 X89.028 Y52.716 E0.00001
G1 F991.5 X89.023 Y52.694 E0.00001
G1 X89.018 Y52.673 E0.00001
G1 F996.2 X89.013 Y52.651 E0.00001
G1 X89.008 Y52.63 E0.00001
G1 X89.003 Y52.608 E0.00001
G1 F1000.9 X88.998 Y52.587 E0.00001
G1 X88.993 Y52.565 E0.00001
G1 X88.988 Y52.544 E0.00001
G1 F1005.7 X88.983 Y52.522 E0.00001
G1 X88.978 Y52.501 E0.00001
G1 F1010.5 X88.974 Y52.48 E0.00001
G1 X88.969 Y52.458 E0.00001
G1 X88.964 Y52.437 E0.00001
G1 X88.962 Y52.433 E0
G1 X88.949 Y52.381 E0.00001
G1 F1005.7 X88.935 Y52.329 E0.00001
G1 X88.921 Y52.277 E0.00001
G1 F1000.9 X88.908 Y52.224 E0.00001
G1 X88.884 Y52.143 E0.00002
G1 X88.861 Y52.062 E0.00002
G1 F1005.7 X88.838 Y51.981 E0.00002
G1 X88.805 Y51.869 E0.00003
G1 X88.771 Y51.757 E0.00003
G1 X88.758 Y51.717 E0.00001
G1 X88.744 Y51.676 E0.00001
G1 F1010.5 X88.73 Y51.635 E0.00001
G1 F1015.4 X88.717 Y51.594 E0.00001
G1 X88.703 Y51.553 E0.00001
G1 F1020.3 X88.689 Y51.512 E0.00001
G1 X88.673 Y51.468 E0.00001
G1 X88.657 Y51.424 E0.00001
G1 F1015.4 X88.641 Y51.38 E0.00001
G1 X88.625 Y51.336 E0.00001
G1 X88.609 Y51.292 E0.00001
G1 F1010.5 X88.593 Y51.247 E0.00001
G1 X88.577 Y51.203 E0.00001
G1 F1005.7 X88.56 Y51.159 E0.00001
G1 X88.544 Y51.115 E0.00001
G1 X88.528 Y51.071 E0.00001
G1 X88.469 Y50.928 E0.00004
G1 X88.41 Y50.785 E0.00004
G1 X88.351 Y50.641 E0.00004
G1 F1010.5 X88.311 Y50.557 E0.00002
G1 X88.271 Y50.473 E0.00002
G1 X88.231 Y50.389 E0.00002
G1 F1015.4 X88.191 Y50.305 E0.00002
G1 X88.151 Y50.221 E0.00002
G1 X88.065 Y50.056 E0.00005
G1 X87.979 Y49.891 E0.00005
G1 X87.893 Y49.726 E0.00005
G1 F1010.5 X87.677 Y49.355 E0.00011
G1 X87.59 Y49.22 E0.00004
G1 X87.503 Y49.085 E0.00004
G1 X87.416 Y48.95 E0.00004
G1 F1005.7 X87.348 Y48.851 E0.00003
G1 X87.28 Y48.751 E0.00003
G1 X87.253 Y48.713 E0.00001
G1 F1010.5 X87.225 Y48.675 E0.00001
G1 X87.198 Y48.637 E0.00001
G1 F1015.4 X87.17 Y48.599 E0.00001
G1 F1020.3 X87.142 Y48.561 E0.00001
G1 X87.136 Y48.554 E0
G1 X87.079 Y48.479 E0.00002
G1 X87.022 Y48.403 E0.00002
G1 F1015.4 X86.964 Y48.327 E0.00002
G1 X86.907 Y48.252 E0.00002
G1 X86.849 Y48.176 E0.00002
G1 F1010.5 X86.52 Y47.785 E0.00013
G1 X86.458 Y47.718 E0.00002
G1 X86.395 Y47.651 E0.00002
G1 F1005.7 X86.332 Y47.583 E0.00002
G1 X86.27 Y47.516 E0.00002
G1 X86.207 Y47.449 E0.00002
G1 F1000.9 X86.165 Y47.408 E0.00002
G1 X86.123 Y47.367 E0.00002
G1 X86.081 Y47.326 E0.00002
G1 F996.2 X86.038 Y47.284 E0.00002
G1 X85.996 Y47.243 E0.00002
G1 F991.5 X85.954 Y47.202 E0.00002
G1 X85.912 Y47.161 E0.00002
G1 X85.869 Y47.119 E0.00002
G1 X85.842 Y47.093 E0.00001
G1 F996.2 X85.814 Y47.067 E0.00001
G1 F1000.9 X85.786 Y47.041 E0.00001
G1 X85.759 Y47.015 E0.00001
G1 F1005.7 X85.731 Y46.989 E0.00001
G1 F1010.5 X85.703 Y46.962 E0.00001
G1 X85.338 Y46.643 E0.00013
G1 X84.971 Y46.349 E0.00012
G1 F1015.4 X84.836 Y46.251 E0.00004
G1 X84.701 Y46.153 E0.00004
G1 X84.565 Y46.055 E0.00004
G1 X84.501 Y46.011 E0.00002
G1 F1010.5 X84.437 Y45.967 E0.00002
G1 X84.372 Y45.923 E0.00002
G1 X84.335 Y45.899 E0.00001
G1 F1015.4 X84.297 Y45.874 E0.00001
G1 X84.26 Y45.85 E0.00001
G1 F1020.3 X84.222 Y45.825 E0.00001
G1 F1025.2 X84.184 Y45.8 E0.00001
G1 X84.175 Y45.795 E0
G1 X84.124 Y45.763 E0.00002
G1 F1020.3 X84.072 Y45.731 E0.00002
G1 X84.02 Y45.699 E0.00002
G1 F1015.4 X83.968 Y45.667 E0.00002
G1 X83.898 Y45.626 E0.00002
G1 X83.827 Y45.584 E0.00002
G1 F1020.3 X83.756 Y45.542 E0.00002
G1 X83.715 Y45.519 E0.00001
G1 F1015.4 X83.675 Y45.497 E0.00001
G1 F1010.5 X83.635 Y45.474 E0.00001
G1 X83.595 Y45.452 E0.00001
G1 F1005.7 X83.554 Y45.429 E0.00001
G1 X83.485 Y45.393 E0.00002
G1 X83.416 Y45.357 E0.00002
G1 F1010.5 X83.347 Y45.32 E0.00002
G1 X83.341 Y45.316 E0
G1 F1005.7 X83.268 Y45.28 E0.00002
G1 F1000.9 X83.195 Y45.243 E0.00002
G1 X83.122 Y45.206 E0.00002
G1 X83.079 Y45.185 E0.00001
G1 F1005.7 X83.036 Y45.164 E0.00001
G1 X82.993 Y45.143 E0.00001
G1 F1010.5 X82.95 Y45.122 E0.00001
G1 F1015.4 X82.906 Y45.101 E0.00001
G1 X82.843 Y45.073 E0.00002
G1 F1005.7 X82.782 Y45.045 E0.00002
G1 X82.704 Y45.012 E0.00002
G1 X82.626 Y44.979 E0.00002
G1 F1010.5 X82.548 Y44.945 E0.00002
G1 X82.47 Y44.912 E0.00002
G1 X82.032 Y44.741 E0.00012
G1 X81.858 Y44.686 E0.00005
G1 X81.684 Y44.63 E0.00005
G1 X81.51 Y44.574 E0.00005
G1 X81.335 Y44.519 E0.00005
G1 X81.278 Y44.502 E0.00002
G1 F1015.4 X81.221 Y44.486 E0.00002
G1 X81.164 Y44.47 E0.00002
G1 F1020.3 X81.107 Y44.454 E0.00002
G1 F1025.2 X80.959 Y44.418 E0.00004
G1 X80.81 Y44.382 E0.00004
G1 X80.662 Y44.346 E0.00004
G1 X80.616 Y44.337 E0.00001
G1 X80.57 Y44.328 E0.00001
G1 F1020.3 X80.524 Y44.318 E0.00001
G1 X80.478 Y44.309 E0.00001
G1 F1015.4 X80.432 Y44.3 E0.00001
G1 X80.386 Y44.29 E0.00001
G1 F1010.5 X80.34 Y44.281 E0.00001
G1 X80.294 Y44.272 E0.00001
G1 X80.172 Y44.249 E0.00003
G1 X79.691 Y44.176 E0.00013
G1 X79.602 Y44.166 E0.00002
G1 X79.513 Y44.155 E0.00002
G1 F1005.7 X79.423 Y44.145 E0.00002
G1 X79.334 Y44.134 E0.00002
G1 X79.281 Y44.129 E0.00001
G1 F1010.5 X79.227 Y44.124 E0.00001
G1 X78.736 Y44.095 E0.00013
G1 X78.577 Y44.093 E0.00004
G1 X78.418 Y44.09 E0.00004
G1 X78.259 Y44.087 E0.00004
G1 X78.202 Y44.087 E0.00001
G1 F1015.4 X78.144 Y44.088 E0.00002
G1 X78.086 Y44.088 E0.00002
G1 F1020.3 X78.028 Y44.089 E0.00001
G1 X78.018 Y44.089 E0
G1 X77.971 Y44.09 E0.00001
G1 F1015.4 X77.924 Y44.092 E0.00001
G1 F1010.5 X77.877 Y44.094 E0.00001
G1 X77.83 Y44.096 E0.00001
G1 F1005.7 X77.783 Y44.097 E0.00001
G1 X77.721 Y44.101 E0.00002
G1 F1010.5 X77.661 Y44.105 E0.00002
G1 X77.601 Y44.108 E0.00002
G1 F1015.4 X77.541 Y44.112 E0.00002
G1 X77.383 Y44.126 E0.00004
G1 X77.224 Y44.141 E0.00004
G1 X77.064 Y44.156 E0.00004
G1 F1010.5 X76.986 Y44.165 E0.00002
G1 F1005.7 X76.908 Y44.175 E0.00002
G1 X76.829 Y44.184 E0.00002
G1 X76.771 Y44.193 E0.00002
G1 F1010.5 X76.713 Y44.201 E0.00002
G1 X76.656 Y44.209 E0.00002
G1 F1015.4 X76.598 Y44.217 E0.00002
G1 X76.116 Y44.303 E0.00013
G1 X75.958 Y44.338 E0.00004
G1 X75.8 Y44.374 E0.00004
G1 X75.642 Y44.41 E0.00004
G1 F1010.5 X75.568 Y44.429 E0.00002
G1 F1005.7 X75.493 Y44.448 E0.00002
G1 X75.419 Y44.468 E0.00002
G1 X75.363 Y44.483 E0.00002
G1 F1010.5 X75.306 Y44.499 E0.00002
G1 X75.249 Y44.515 E0.00002
G1 F1015.4 X75.193 Y44.531 E0.00002
G1 X75.186 Y44.533 E0
G1 X75.118 Y44.554 E0.00002
G1 F1010.5 X75.049 Y44.575 E0.00002
G1 X74.98 Y44.596 E0.00002
G1 X74.917 Y44.616 E0.00002
G1 F1015.4 X74.853 Y44.637 E0.00002
G1 X74.789 Y44.658 E0.00002
G1 F1020.3 X74.726 Y44.679 E0.00002
G1 F1025.2 X74.716 Y44.683 E0
G1 X74.672 Y44.698 E0.00001
G1 F1020.3 X74.628 Y44.714 E0.00001
G1 F1015.4 X74.583 Y44.73 E0.00001
G1 X74.539 Y44.745 E0.00001
G1 F1010.5 X74.495 Y44.761 E0.00001
G1 X74.423 Y44.789 E0.00002
G1 X74.349 Y44.817 E0.00002
G1 F1015.4 X74.275 Y44.845 E0.00002
G1 F1020.3 X74.267 Y44.849 E0
G1 X74.226 Y44.865 E0.00001
G1 F1015.4 X74.184 Y44.882 E0.00001
G1 F1010.5 X74.142 Y44.899 E0.00001
G1 X74.1 Y44.916 E0.00001
G1 F1005.7 X74.058 Y44.933 E0.00001
G1 X73.984 Y44.965 E0.00002
G1 X73.911 Y44.996 E0.00002
G1 F1010.5 X73.839 Y45.027 E0.00002
G1 X73.832 Y45.03 E0
G1 X73.767 Y45.059 E0.00002
G1 F1005.7 X73.701 Y45.089 E0.00002
G1 X73.635 Y45.118 E0.00002
G1 X73.601 Y45.135 E0.00001
G1 F1010.5 X73.568 Y45.151 E0.00001
G1 X73.535 Y45.167 E0.00001
G1 F1015.4 X73.501 Y45.184 E0.00001
G1 F1020.3 X73.468 Y45.2 E0.00001
G1 X73.435 Y45.216 E0.00001
G1 F1025.2 X73.401 Y45.233 E0.00001
G1 X73.392 Y45.237 E0
G1 F1020.3 X73.308 Y45.28 E0.00002
G1 X73.224 Y45.324 E0.00002
G1 F1015.4 X73.139 Y45.367 E0.00002
G1 X73.055 Y45.411 E0.00002
G1 X72.97 Y45.455 E0.00002
G1 F1010.5 X72.835 Y45.534 E0.00004
G1 X72.701 Y45.612 E0.00004
G1 X72.567 Y45.69 E0.00004
G1 X72.425 Y45.781 E0.00004
G1 X72.283 Y45.871 E0.00004
G1 X72.141 Y45.962 E0.00004
G1 F1015.4 X72.001 Y46.063 E0.00004
G1 X71.861 Y46.164 E0.00004
G1 X71.721 Y46.265 E0.00004
G1 X71.58 Y46.366 E0.00004
G1 X71.191 Y46.684 E0.00013
G1 X71.12 Y46.746 E0.00002
G1 X71.048 Y46.808 E0.00002
G1 F1010.5 X70.976 Y46.87 E0.00002
G1 X70.904 Y46.933 E0.00002
G1 X70.833 Y46.995 E0.00002
G1 X70.707 Y47.119 E0.00005
G1 X70.581 Y47.243 E0.00005
G1 X70.455 Y47.368 E0.00005
G1 X70.329 Y47.492 E0.00005
G1 X70.22 Y47.612 E0.00004
G1 X70.11 Y47.734 E0.00004
G1 X70 Y47.855 E0.00004
G1 F1005.7 X69.951 Y47.912 E0.00002
G1 F1000.9 X69.901 Y47.97 E0.00002
G1 X69.851 Y48.028 E0.00002
G1 X69.812 Y48.076 E0.00002
G1 F1005.7 X69.773 Y48.124 E0.00002
G1 X69.733 Y48.172 E0.00002
G1 F1010.5 X69.694 Y48.22 E0.00002
G1 X69.253 Y48.809 E0.00019
G0 F24000 X69.372 Y48.649
G0 X69.253 Y48.809
G1 F1010.5 X69.693 Y48.221 E0.00019
G1 X69.732 Y48.173 E0.00002
G1 F1005.7 X69.771 Y48.125 E0.00002
G1 X69.811 Y48.077 E0.00002
G1 F1000.9 X69.85 Y48.029 E0.00002
G1 X69.923 Y47.944 E0.00003
G1 X69.995 Y47.86 E0.00003
G1 X70.157 Y47.679 E0.00006
G1 F1005.7 X70.214 Y47.617 E0.00002
G1 X70.272 Y47.554 E0.00002
G1 F1010.5 X70.33 Y47.491 E0.00002
G1 X70.456 Y47.367 E0.00005
G1 X70.582 Y47.243 E0.00005
G1 X70.708 Y47.118 E0.00005
G1 X70.834 Y46.994 E0.00005
G1 X70.904 Y46.933 E0.00002
G1 X70.976 Y46.871 E0.00002
G1 X71.048 Y46.809 E0.00002
G1 F1015.4 X71.12 Y46.746 E0.00002
G1 X71.191 Y46.684 E0.00002
G1 X71.568 Y46.375 E0.00013
G1 X71.711 Y46.272 E0.00005
G1 X71.855 Y46.168 E0.00005
G1 X71.998 Y46.065 E0.00005
G1 X72.142 Y45.961 E0.00005
G1 F1010.5 X72.278 Y45.875 E0.00004
G1 X72.415 Y45.787 E0.00004
G1 X72.553 Y45.699 E0.00004
G1 F1005.7 X72.962 Y45.459 E0.00012
G1 F1010.5 X73.016 Y45.432 E0.00002
G1 X73.07 Y45.404 E0.00002
G1 X73.124 Y45.376 E0.00002
G1 F1015.4 X73.178 Y45.348 E0.00002
G1 X73.232 Y45.32 E0.00002
G1 F1020.3 X73.287 Y45.292 E0.00002
G1 X73.341 Y45.264 E0.00002
G1 X73.395 Y45.236 E0.00002
G1 F1025.2 X73.401 Y45.233 E0
G1 X73.434 Y45.217 E0.00001
G1 F1020.3 X73.467 Y45.201 E0.00001
G1 X73.5 Y45.185 E0.00001
G1 F1015.4 X73.534 Y45.168 E0.00001
G1 F1010.5 X73.567 Y45.152 E0.00001
G1 X73.6 Y45.136 E0.00001
G1 F1005.7 X73.634 Y45.119 E0.00001
G1 X73.699 Y45.09 E0.00002
G1 X73.765 Y45.06 E0.00002
G1 F1010.5 X73.831 Y45.031 E0.00002
G1 X73.839 Y45.027 E0
G1 X73.911 Y44.996 E0.00002
G1 F1005.7 X73.984 Y44.965 E0.00002
G1 X74.056 Y44.934 E0.00002
G1 X74.097 Y44.918 E0.00001
G1 F1010.5 X74.139 Y44.901 E0.00001
G1 X74.181 Y44.884 E0.00001
G1 F1015.4 X74.223 Y44.867 E0.00001
G1 F1020.3 X74.265 Y44.85 E0.00001
G1 X74.275 Y44.845 E0
G1 F1015.4 X74.348 Y44.817 E0.00002
G1 F1010.5 X74.422 Y44.789 E0.00002
G1 X74.496 Y44.761 E0.00002
G1 X74.54 Y44.746 E0.00001
G1 F1015.4 X74.584 Y44.73 E0.00001
G1 X74.629 Y44.714 E0.00001
G1 F1020.3 X74.673 Y44.699 E0.00001
G1 F1025.2 X74.717 Y44.683 E0.00001
G1 X74.726 Y44.679 E0
G1 F1020.3 X74.789 Y44.659 E0.00002
G1 F1015.4 X74.853 Y44.638 E0.00002
G1 X74.917 Y44.617 E0.00002
G1 F1010.5 X74.98 Y44.596 E0.00002
G1 X75.048 Y44.575 E0.00002
G1 X75.117 Y44.554 E0.00002
G1 F1015.4 X75.186 Y44.533 E0.00002
G1 X75.194 Y44.531 E0
G1 X75.25 Y44.516 E0.00002
G1 F1010.5 X75.307 Y44.5 E0.00002
G1 X75.364 Y44.484 E0.00002
G1 F1005.7 X75.42 Y44.468 E0.00002
G1 X75.493 Y44.449 E0.00002
G1 X75.568 Y44.43 E0.00002
G1 F1010.5 X75.642 Y44.41 E0.00002
G1 F1015.4 X75.796 Y44.375 E0.00004
G1 X75.951 Y44.34 E0.00004
G1 X76.106 Y44.305 E0.00004
G1 X76.597 Y44.218 E0.00013
G1 X76.654 Y44.21 E0.00001
G1 F1010.5 X76.712 Y44.202 E0.00002
G1 X76.769 Y44.194 E0.00002
G1 F1005.7 X76.827 Y44.186 E0.00002
G1 X76.906 Y44.176 E0.00002
G1 X76.984 Y44.166 E0.00002
G1 F1010.5 X77.063 Y44.157 E0.00002
G1 F1015.4 X77.223 Y44.142 E0.00004
G1 X77.382 Y44.127 E0.00004
G1 X77.542 Y44.112 E0.00004
G1 X77.602 Y44.109 E0.00002
G1 F1010.5 X77.662 Y44.105 E0.00002
G1 X77.722 Y44.102 E0.00002
G1 F1005.7 X77.782 Y44.098 E0.00002
G1 X77.828 Y44.097 E0.00001
G1 F1010.5 X77.875 Y44.095 E0.00001
G1 X77.922 Y44.093 E0.00001
G1 F1015.4 X77.969 Y44.091 E0.00001
G1 F1020.3 X78.016 Y44.09 E0.00001
G1 X78.03 Y44.089 E0
G1 X78.088 Y44.089 E0.00001
G1 F1015.4 X78.146 Y44.088 E0.00002
G1 X78.204 Y44.088 E0.00002
G1 F1010.5 X78.262 Y44.087 E0.00002
G1 X78.419 Y44.089 E0.00004
G1 X78.578 Y44.092 E0.00004
G1 X78.737 Y44.095 E0.00004
G1 X79.227 Y44.124 E0.00013
G1 X79.281 Y44.129 E0.00001
G1 F1005.7 X79.335 Y44.134 E0.00001
G1 X79.424 Y44.144 E0.00002
G1 X79.513 Y44.155 E0.00002
G1 F1010.5 X79.603 Y44.165 E0.00002
G1 X79.692 Y44.176 E0.00002
G1 X80.172 Y44.249 E0.00013
G1 X80.293 Y44.271 E0.00003
G1 X80.339 Y44.28 E0.00001
G1 X80.385 Y44.289 E0.00001
G1 F1015.4 X80.431 Y44.299 E0.00001
G1 X80.477 Y44.308 E0.00001
G1 F1020.3 X80.523 Y44.317 E0.00001
G1 X80.569 Y44.327 E0.00001
G1 F1025.2 X80.615 Y44.336 E0.00001
G1 X80.661 Y44.345 E0.00001
G1 X80.81 Y44.382 E0.00004
G1 X80.959 Y44.418 E0.00004
G1 X81.107 Y44.454 E0.00004
G1 F1020.3 X81.163 Y44.47 E0.00002
G1 F1015.4 X81.22 Y44.486 E0.00002
G1 X81.277 Y44.502 E0.00002
G1 F1010.5 X81.334 Y44.518 E0.00002
G1 X81.506 Y44.573 E0.00005
G1 X81.678 Y44.628 E0.00005
G1 X81.851 Y44.683 E0.00005
G1 X82.023 Y44.738 E0.00005
G1 X82.471 Y44.912 E0.00013
G1 X82.549 Y44.945 E0.00002
G1 X82.627 Y44.978 E0.00002
G1 F1005.7 X82.705 Y45.012 E0.00002
G1 X82.783 Y45.045 E0.00002
G1 X82.843 Y45.072 E0.00002
G1 F1015.4 X82.904 Y45.1 E0.00002
G1 X82.947 Y45.121 E0.00001
G1 F1010.5 X82.99 Y45.142 E0.00001
G1 F1005.7 X83.033 Y45.163 E0.00001
G1 X83.076 Y45.184 E0.00001
G1 F1000.9 X83.12 Y45.205 E0.00001
G1 X83.195 Y45.242 E0.00002
G1 X83.268 Y45.279 E0.00002
G1 F1005.7 X83.341 Y45.316 E0.00002
G1 F1010.5 X83.347 Y45.32 E0
G1 X83.416 Y45.356 E0.00002
G1 F1005.7 X83.485 Y45.392 E0.00002
G1 X83.554 Y45.429 E0.00002
G1 X83.594 Y45.451 E0.00001
G1 F1010.5 X83.634 Y45.473 E0.00001
G1 X83.674 Y45.496 E0.00001
G1 F1015.4 X83.714 Y45.518 E0.00001
G1 F1020.3 X83.755 Y45.541 E0.00001
G1 X83.825 Y45.582 E0.00002
G1 F1015.4 X83.896 Y45.624 E0.00002
G1 X83.967 Y45.666 E0.00002
G1 X84.019 Y45.699 E0.00002
G1 F1020.3 X84.071 Y45.731 E0.00002
G1 X84.123 Y45.763 E0.00002
G1 F1025.2 X84.175 Y45.795 E0.00002
G1 X84.184 Y45.8 E0
G1 X84.221 Y45.824 E0.00001
G1 F1020.3 X84.259 Y45.849 E0.00001
G1 F1015.4 X84.296 Y45.873 E0.00001
G1 X84.334 Y45.898 E0.00001
G1 F1010.5 X84.372 Y45.923 E0.00001
G1 X84.436 Y45.967 E0.00002
G1 X84.5 Y46.011 E0.00002
G1 F1015.4 X84.565 Y46.055 E0.00002
G1 X84.697 Y46.151 E0.00004
G1 X84.83 Y46.247 E0.00004
G1 X84.963 Y46.343 E0.00004
G1 F1010.5 X85.331 Y46.637 E0.00012
G1 X85.703 Y46.962 E0.00013
G1 X85.73 Y46.988 E0.00001
G1 F1005.7 X85.758 Y47.014 E0.00001
G1 F1000.9 X85.786 Y47.04 E0.00001
G1 X85.813 Y47.066 E0.00001
G1 F996.2 X85.841 Y47.092 E0.00001
G1 F991.5 X85.869 Y47.119 E0.00001
G1 X85.911 Y47.16 E0.00002
G1 X85.953 Y47.201 E0.00002
G1 X85.995 Y47.242 E0.00002
G1 F996.2 X86.038 Y47.284 E0.00002
G1 X86.08 Y47.325 E0.00002
G1 F1000.9 X86.122 Y47.366 E0.00002
G1 X86.164 Y47.407 E0.00002
G1 X86.207 Y47.449 E0.00002
G1 F1005.7 X86.308 Y47.558 E0.00004
G1 X86.409 Y47.667 E0.00004
G1 X86.511 Y47.776 E0.00004
G1 F1010.5 X86.622 Y47.907 E0.00004
G1 X86.732 Y48.038 E0.00004
G1 X86.843 Y48.169 E0.00004
G1 F1015.4 X86.902 Y48.246 E0.00003
G1 X86.96 Y48.322 E0.00002
G1 X87.018 Y48.399 E0.00003
G1 F1020.3 X87.076 Y48.475 E0.00002
G1 X87.134 Y48.552 E0.00002
G1 X87.142 Y48.561 E0
G1 X87.169 Y48.599 E0.00001
G1 F1015.4 X87.197 Y48.637 E0.00001
G1 F1010.5 X87.224 Y48.675 E0.00001
G1 X87.252 Y48.713 E0.00001
G1 F1005.7 X87.28 Y48.751 E0.00001
G1 X87.348 Y48.85 E0.00003
G1 X87.416 Y48.95 E0.00003
G1 F1010.5 X87.501 Y49.081 E0.00004
G1 X87.586 Y49.213 E0.00004
G1 X87.671 Y49.345 E0.00004
G1 X87.893 Y49.726 E0.00011
G1 X87.92 Y49.776 E0.00001
G1 X87.947 Y49.826 E0.00001
G1 F1005.7 X87.974 Y49.876 E0.00001
G1 F1000.9 X88.001 Y49.926 E0.00001
G1 X88.028 Y49.977 E0.00002
G1 X88.107 Y50.139 E0.00005
G1 X88.186 Y50.302 E0.00005
G1 X88.265 Y50.465 E0.00005
G1 X88.344 Y50.627 E0.00005
G1 F1005.7 X88.404 Y50.772 E0.00004
G1 X88.464 Y50.918 E0.00004
G1 X88.525 Y51.064 E0.00004
G1 F1010.5 X88.545 Y51.12 E0.00002
G1 X88.566 Y51.176 E0.00002
G1 X88.586 Y51.233 E0.00002
G1 F1015.4 X88.607 Y51.289 E0.00002
G1 X88.628 Y51.345 E0.00002
G1 F1020.3 X88.648 Y51.402 E0.00002
G1 X88.669 Y51.458 E0.00002
G1 X88.69 Y51.514 E0.00002
G1 X88.702 Y51.552 E0.00001
G1 F1015.4 X88.716 Y51.593 E0.00001
G1 X88.73 Y51.634 E0.00001
G1 F1010.5 X88.743 Y51.675 E0.00001
G1 F1005.7 X88.757 Y51.716 E0.00001
G1 X88.771 Y51.757 E0.00001
G1 X88.804 Y51.869 E0.00003
G1 X88.838 Y51.981 E0.00003
G1 X88.861 Y52.061 E0.00002
G1 F1000.9 X88.884 Y52.142 E0.00002
G1 X88.907 Y52.223 E0.00002
G1 X88.92 Y52.275 E0.00001
G1 F1005.7 X88.934 Y52.327 E0.00001
G1 X88.948 Y52.379 E0.00001
G1 F1010.5 X88.961 Y52.432 E0.00001
G1 X88.965 Y52.444 E0
G1 X88.969 Y52.465 E0.00001
G1 X88.974 Y52.486 E0.00001
G1 X88.979 Y52.508 E0.00001
G1 F1005.7 X88.984 Y52.529 E0.00001
G1 X88.989 Y52.551 E0.00001
G1 F1000.9 X88.994 Y52.572 E0.00001
G1 X88.999 Y52.594 E0.00001
G1 X89.004 Y52.615 E0.00001
G1 F996.2 X89.009 Y52.637 E0.00001
G1 X89.014 Y52.658 E0.00001
G1 X89.018 Y52.679 E0.00001
G1 F991.5 X89.023 Y52.701 E0.00001
G1 X89.028 Y52.722 E0.00001
G1 F986.9 X89.033 Y52.744 E0.00001
G1 X89.038 Y52.765 E0.00001
G1 X89.043 Y52.787 E0.00001
G1 F982.3 X89.048 Y52.808 E0.00001
G1 X89.053 Y52.83 E0.00001
G1 X89.058 Y52.851 E0.00001
G1 F977.8 X89.063 Y52.873 E0.00001
G1 X89.068 Y52.894 E0.00001
G1 F973.3 X89.072 Y52.915 E0.00001
G1 X89.077 Y52.937 E0.00001
G1 X89.082 Y52.958 E0.00001
G1 F977.8 X89.084 Y52.975 E0
G1 F986.9 X89.087 Y53 E0.00001
G1 F1000.9 X89.09 Y53.024 E0.00001
G1 F1005.7 X89.115 Y53.148 E0.00003
G1 X89.124 Y53.201 E0.00001
G1 F1000.9 X89.133 Y53.254 E0.00001
G1 F996.2 X89.142 Y53.307 E0.00001
G1 X89.151 Y53.368 E0.00002
G1 X89.16 Y53.429 E0.00002
G1 F1000.9 X89.169 Y53.491 E0.00002
G1 F1005.7 X89.178 Y53.552 E0.00002
G1 X89.187 Y53.613 E0.00002
G1 X89.188 Y53.619 E0
G1 X89.198 Y53.696 E0.00002
G1 F1000.9 X89.208 Y53.773 E0.00002
G1 X89.218 Y53.851 E0.00002
G1 X89.222 Y53.898 E0.00001
G1 F1005.7 X89.227 Y53.946 E0.00001
G1 X89.232 Y53.994 E0.00001
G1 F1010.5 X89.237 Y54.042 E0.00001
G1 F1015.4 X89.241 Y54.09 E0.00001
G1 X89.243 Y54.102 E0
G1 X89.247 Y54.16 E0.00002
G1 X89.251 Y54.219 E0.00002
G1 X89.256 Y54.278 E0.00002
G1 F1010.5 X89.26 Y54.337 E0.00002
G1 X89.265 Y54.396 E0.00002
G1 F1005.7 X89.269 Y54.455 E0.00002
G1 X89.273 Y54.514 E0.00002
G1 X89.278 Y54.572 E0.00002
G1 F1000.9 X89.278 Y54.57 E0
G1 F1005.7 X89.279 Y54.667 E0.00003
G1 X89.281 Y54.764 E0.00003
G1 X89.282 Y54.861 E0.00003
G1 F1010.5 X89.284 Y54.958 E0.00003
G1 X89.285 Y55.055 E0.00003
G1 X89.284 Y55.214 E0.00004
G1 X89.281 Y55.372 E0.00004
G1 X89.278 Y55.53 E0.00004
G1 X89.275 Y55.577 E0.00001
G1 X89.272 Y55.625 E0.00001
G1 X89.269 Y55.673 E0.00001
G1 F1015.4 X89.266 Y55.721 E0.00001
G1 X89.263 Y55.769 E0.00001
G1 F1020.3 X89.259 Y55.817 E0.00001
G1 X89.256 Y55.865 E0.00001
G1 X89.253 Y55.913 E0.00001
G1 F1025.2 X89.25 Y55.961 E0.00001
G1 X89.247 Y56.009 E0.00001
G1 X89.245 Y56.023 E0
G1 X89.242 Y56.062 E0.00001
G1 F1020.3 X89.238 Y56.102 E0.00001
G1 F1015.4 X89.234 Y56.142 E0.00001
G1 X89.23 Y56.182 E0.00001
G1 F1010.5 X89.226 Y56.222 E0.00001
G1 F1005.7 X89.222 Y56.262 E0.00001
G1 X89.217 Y56.306 E0.00001
G1 F1010.5 X89.212 Y56.351 E0.00001
G1 X89.206 Y56.395 E0.00001
G1 F1015.4 X89.201 Y56.44 E0.00001
G1 F1020.3 X89.195 Y56.484 E0.00001
G1 X89.193 Y56.493 E0
G1 F1015.4 X89.184 Y56.556 E0.00002
G1 X89.175 Y56.619 E0.00002
G1 F1010.5 X89.166 Y56.683 E0.00002
G1 F1005.7 X89.156 Y56.746 E0.00002
G1 X89.147 Y56.809 E0.00002
G1 X89.131 Y56.905 E0.00003
G1 X89.115 Y57.003 E0.00003
G1 F1010.5 X89.099 Y57.101 E0.00003
G1 X89.083 Y57.199 E0.00003
G1 X89.049 Y57.354 E0.00004
G1 X89.015 Y57.508 E0.00004
G1 X88.982 Y57.663 E0.00004
G1 X88.941 Y57.817 E0.00004
G1 X88.9 Y57.971 E0.00004
G1 X88.86 Y58.125 E0.00004
G1 F1015.4 X88.83 Y58.217 E0.00003
G1 X88.8 Y58.308 E0.00002
G1 X88.77 Y58.399 E0.00002
G1 X88.74 Y58.49 E0.00002
G1 F1020.3 X88.71 Y58.582 E0.00002
G1 X88.68 Y58.673 E0.00002
G1 X88.65 Y58.764 E0.00002
G1 X88.62 Y58.855 E0.00002
G1 X88.609 Y58.887 E0.00001
G1 F1015.4 X88.596 Y58.923 E0.00001
G1 F1010.5 X88.583 Y58.959 E0.00001
G1 F1005.7 X88.57 Y58.995 E0.00001
G1 F1000.9 X88.557 Y59.03 E0.00001
G1 X88.539 Y59.075 E0.00001
G1 F1005.7 X88.52 Y59.121 E0.00001
G1 X88.501 Y59.168 E0.00001
G1 F1010.5 X88.482 Y59.214 E0.00001
G1 F1015.4 X88.463 Y59.261 E0.00001
G1 X88.398 Y59.41 E0.00004
G1 X88.333 Y59.559 E0.00004
G1 X88.268 Y59.709 E0.00004
G1 F1010.5 X88.241 Y59.766 E0.00002
G1 F1005.7 X88.213 Y59.824 E0.00002
G1 X88.185 Y59.882 E0.00002
G1 F1000.9 X88.157 Y59.939 E0.00002
G1 X88.107 Y60.037 E0.00003
G1 X88.056 Y60.137 E0.00003
G1 X88.001 Y60.241 E0.00003
G1 X87.946 Y60.346 E0.00003
G1 X87.924 Y60.387 E0.00001
G1 F1005.7 X87.901 Y60.428 E0.00001
G1 X87.878 Y60.469 E0.00001
G1 F1010.5 X87.855 Y60.51 E0.00001
G1 F1015.4 X87.832 Y60.551 E0.00001
G1 X87.827 Y60.56 E0
G1 X87.797 Y60.61 E0.00002
G1 F1010.5 X87.767 Y60.661 E0.00002
G1 X87.737 Y60.712 E0.00002
G1 F1005.7 X87.707 Y60.763 E0.00002
G1 X87.665 Y60.832 E0.00002
G1 X87.622 Y60.902 E0.00002
G1 F1010.5 X87.579 Y60.972 E0.00002
G1 X87.574 Y60.98 E0
G1 X87.535 Y61.041 E0.00002
G1 F1005.7 X87.495 Y61.102 E0.00002
G1 X87.456 Y61.163 E0.00002
G1 X87.422 Y61.213 E0.00002
G1 F1010.5 X87.387 Y61.263 E0.00002
G1 X87.353 Y61.313 E0.00002
G1 F1015.4 X87.318 Y61.364 E0.00002
G1 X87.032 Y61.758 E0.00013
G1 X86.933 Y61.881 E0.00004
G1 X86.834 Y62.004 E0.00004
G1 X86.735 Y62.128 E0.00004
G1 F1010.5 X86.683 Y62.189 E0.00002
G1 F1005.7 X86.63 Y62.251 E0.00002
G1 X86.577 Y62.313 E0.00002
G1 X86.525 Y62.371 E0.00002
G1 X86.473 Y62.429 E0.00002
G1 F1010.5 X86.421 Y62.488 E0.00002
G1 F1015.4 X86.354 Y62.558 E0.00003
G1 X86.286 Y62.629 E0.00003
G1 X86.218 Y62.7 E0.00003
G1 F1020.3 X86.151 Y62.771 E0.00003
G1 X86.083 Y62.842 E0.00003
G1 X86.039 Y62.884 E0.00002
G1 X85.994 Y62.928 E0.00002
G1 X85.949 Y62.972 E0.00002
G1 F1015.4 X85.904 Y63.016 E0.00002
G1 X85.859 Y63.06 E0.00002
G1 F1010.5 X85.814 Y63.104 E0.00002
G1 X85.768 Y63.148 E0.00002
G1 X85.723 Y63.192 E0.00002
G1 X85.59 Y63.305 E0.00005
G1 X85.455 Y63.421 E0.00005
G1 X85.32 Y63.537 E0.00005
G1 X85.184 Y63.653 E0.00005
G1 X85.127 Y63.698 E0.00002
G1 F1005.7 X85.07 Y63.743 E0.00002
G1 X85.012 Y63.789 E0.00002
G1 X84.963 Y63.826 E0.00002
G1 F1010.5 X84.913 Y63.863 E0.00002
G1 X84.864 Y63.9 E0.00002
G1 F1015.4 X84.814 Y63.938 E0.00002
G1 X84.412 Y64.22 E0.00013
G1 X84.376 Y64.244 E0.00001
G1 F1010.5 X84.339 Y64.268 E0.00001
G1 F1005.7 X84.302 Y64.292 E0.00001
G1 X84.265 Y64.316 E0.00001
G1 F1000.9 X84.228 Y64.34 E0.00001
G1 X84.159 Y64.384 E0.00002
G1 X84.092 Y64.426 E0.00002
G1 F1005.7 X84.025 Y64.468 E0.00002
G1 F1010.5 X84.017 Y64.473 E0
G1 X83.965 Y64.504 E0.00002
G1 F1005.7 X83.913 Y64.535 E0.00002
G1 X83.86 Y64.566 E0.00002
G1 F1000.9 X83.808 Y64.598 E0.00002
G1 X83.742 Y64.635 E0.00002
G1 X83.674 Y64.674 E0.00002
G1 F1005.7 X83.606 Y64.712 E0.00002
G1 F1010.5 X83.462 Y64.788 E0.00004
G1 X83.318 Y64.863 E0.00004
G1 X83.175 Y64.938 E0.00004
G1 X83.14 Y64.954 E0.00001
G1 F1005.7 X83.105 Y64.971 E0.00001
G1 F1000.9 X83.07 Y64.988 E0.00001
G1 X83.035 Y65.005 E0.00001
G1 F996.2 X83 Y65.022 E0.00001
G1 F991.5 X82.965 Y65.038 E0.00001
G1 X82.941 Y65.049 E0.00001
G1 X82.915 Y65.06 E0.00001
G1 F996.2 X82.89 Y65.071 E0.00001
G1 X82.864 Y65.083 E0.00001
G1 X82.838 Y65.094 E0.00001
G1 F1000.9 X82.813 Y65.105 E0.00001
G1 X82.787 Y65.117 E0.00001
G1 F1005.7 X82.762 Y65.128 E0.00001
G1 X82.736 Y65.139 E0.00001
G1 X82.71 Y65.15 E0.00001
G1 F1010.5 X82.685 Y65.162 E0.00001
G1 X82.659 Y65.173 E0.00001
G1 F1015.4 X82.634 Y65.184 E0.00001
G1 X82.608 Y65.196 E0.00001
G1 X82.582 Y65.207 E0.00001
G1 F1020.3 X82.557 Y65.218 E0.00001
G1 X82.531 Y65.229 E0.00001
G1 X82.515 Y65.237 E0
G1 X82.48 Y65.251 E0.00001
G1 F1015.4 X82.445 Y65.265 E0.00001
G1 F1010.5 X82.41 Y65.28 E0.00001
G1 X82.375 Y65.294 E0.00001
G1 F1005.7 X82.34 Y65.308 E0.00001
G1 F1000.9 X82.304 Y65.323 E0.00001
G1 X82.248 Y65.344 E0.00002
G1 F1005.7 X82.194 Y65.364 E0.00002
G1 X82.14 Y65.385 E0.00002
G1 F1010.5 X82.085 Y65.405 E0.00002
G1 X81.968 Y65.447 E0.00003
G1 X81.852 Y65.489 E0.00003
G1 X81.776 Y65.514 E0.00002
G1 X81.7 Y65.539 E0.00002
G1 F1015.4 X81.624 Y65.565 E0.00002
G1 X81.614 Y65.568 E0
G1 X81.569 Y65.581 E0.00001
G1 F1010.5 X81.524 Y65.595 E0.00001
G1 F1005.7 X81.479 Y65.609 E0.00001
G1 X81.434 Y65.622 E0.00001
G1 F1000.9 X81.389 Y65.636 E0.00001
G1 X81.313 Y65.658 E0.00002
G1 X81.238 Y65.679 E0.00002
G1 F1005.7 X81.163 Y65.701 E0.00002
G1 F1010.5 X81.007 Y65.739 E0.00004
G1 X80.851 Y65.778 E0.00004
G1 X80.694 Y65.816 E0.00004
G1 X80.646 Y65.827 E0.00001
G1 F1005.7 X80.599 Y65.837 E0.00001
G1 F1000.9 X80.552 Y65.847 E0.00001
G1 X80.505 Y65.857 E0.00001
G1 F996.2 X80.458 Y65.867 E0.00001
G1 X80.383 Y65.882 E0.00002
G1 X80.308 Y65.896 E0.00002
G1 F1000.9 X80.233 Y65.911 E0.00002
G1 F1005.7 X80.072 Y65.935 E0.00004
G1 X79.911 Y65.96 E0.00004
G1 X79.75 Y65.984 E0.00004
G1 X79.673 Y65.994 E0.00002
G1 F1000.9 X79.597 Y66.004 E0.00002
G1 X79.521 Y66.014 E0.00002
G1 X79.475 Y66.018 E0.00001
G1 F1005.7 X79.428 Y66.023 E0.00001
G1 X79.381 Y66.028 E0.00001
G1 F1010.5 X79.334 Y66.033 E0.00001
G1 F1015.4 X79.287 Y66.037 E0.00001
G1 F1020.3 X79.274 Y66.039 E0
G1 X79.227 Y66.042 E0.00001
G1 F1015.4 X79.179 Y66.046 E0.00001
G1 F1010.5 X79.131 Y66.05 E0.00001
G1 X79.083 Y66.054 E0.00001
G1 F1005.7 X79.035 Y66.057 E0.00001
G1 X78.954 Y66.062 E0.00002
G1 X78.874 Y66.067 E0.00002
G1 F1010.5 X78.794 Y66.072 E0.00002
G1 F1015.4 X78.705 Y66.072 E0.00002
G1 X78.616 Y66.073 E0.00002
G1 X78.527 Y66.074 E0.00002
G1 X78.438 Y66.075 E0.00002
G1 F1020.3 X78.349 Y66.076 E0.00002
G1 X78.26 Y66.077 E0.00002
G1 X78.171 Y66.078 E0.00002
G1 X78.082 Y66.079 E0.00002
G1 X77.922 Y66.073 E0.00004
G1 X77.758 Y66.067 E0.00004
G1 X77.594 Y66.06 E0.00004
G1 F1015.4 X77.525 Y66.055 E0.00002
G1 F1010.5 X77.455 Y66.05 E0.00002
G1 X77.372 Y66.043 E0.00002
G1 X77.287 Y66.035 E0.00002
G1 F1015.4 X77.202 Y66.028 E0.00002
G1 X77.118 Y66.02 E0.00002
G1 X76.643 Y65.961 E0.00012
G1 X76.581 Y65.951 E0.00002
G1 F1010.5 X76.519 Y65.941 E0.00002
G1 X76.457 Y65.931 E0.00002
G1 F1005.7 X76.395 Y65.92 E0.00002
G1 X76.324 Y65.906 E0.00002
G1 X76.251 Y65.892 E0.00002
G1 F1010.5 X76.179 Y65.878 E0.00002
G1 X76.17 Y65.877 E0
G1 F1005.7 X76.093 Y65.861 E0.00002
G1 F1000.9 X76.016 Y65.845 E0.00002
G1 X75.939 Y65.828 E0.00002
G1 X75.88 Y65.814 E0.00002
G1 F1005.7 X75.821 Y65.8 E0.00002
G1 X75.762 Y65.786 E0.00002
G1 F1010.5 X75.703 Y65.772 E0.00002
G1 X75.538 Y65.73 E0.00004
G1 X75.372 Y65.687 E0.00004
G1 X75.207 Y65.644 E0.00004
G1 F1005.7 X75.127 Y65.62 E0.00002
G1 X75.047 Y65.595 E0.00002
G1 F1000.9 X74.967 Y65.57 E0.00002
G1 X74.887 Y65.545 E0.00002
G1 X74.807 Y65.52 E0.00002
G1 X74.726 Y65.491 E0.00002
G1 X74.644 Y65.461 E0.00002
G1 X74.562 Y65.431 E0.00002
G1 F1005.7 X74.48 Y65.402 E0.00002
G1 X74.398 Y65.372 E0.00002
G1 X74.316 Y65.342 E0.00002
G1 X74.253 Y65.316 E0.00002
G1 X74.192 Y65.291 E0.00002
G1 F1000.9 X74.131 Y65.266 E0.00002
G1 X74.07 Y65.241 E0.00002
G1 X74.009 Y65.216 E0.00002
G1 F996.2 X73.948 Y65.19 E0.00002
G1 X73.887 Y65.165 E0.00002
G1 X73.815 Y65.133 E0.00002
G1 X73.745 Y65.102 E0.00002
G1 F1000.9 X73.674 Y65.07 E0.00002
G1 X73.661 Y65.064 E0
G1 X73.608 Y65.038 E0.00002
G1 F996.2 X73.554 Y65.012 E0.00002
G1 X73.5 Y64.986 E0.00002
G1 F991.5 X73.446 Y64.96 E0.00002
G1 X73.412 Y64.942 E0.00001
G1 X73.376 Y64.924 E0.00001
G1 F996.2 X73.341 Y64.906 E0.00001
G1 X73.305 Y64.887 E0.00001
G1 X73.27 Y64.869 E0.00001
G1 F1000.9 X73.234 Y64.851 E0.00001
G1 X73.199 Y64.832 E0.00001
G1 F1005.7 X73.163 Y64.814 E0.00001
G1 X73.128 Y64.796 E0.00001
G1 X73.092 Y64.777 E0.00001
G1 F1010.5 X73.057 Y64.759 E0.00001
G1 X73.021 Y64.741 E0.00001
G1 X72.402 Y64.376 E0.00019
G1 X72.002 Y64.11 E0.00013
G1 X71.937 Y64.064 E0.00002
G1 F1005.7 X71.871 Y64.017 E0.00002
G1 X71.805 Y63.97 E0.00002
G1 X71.757 Y63.935 E0.00002
G1 F1010.5 X71.709 Y63.899 E0.00002
G1 X71.661 Y63.863 E0.00002
G1 F1015.4 X71.613 Y63.827 E0.00002
G1 X71.606 Y63.822 E0
G1 X71.56 Y63.786 E0.00002
G1 F1010.5 X71.513 Y63.749 E0.00002
G1 X71.467 Y63.713 E0.00002
G1 F1005.7 X71.42 Y63.676 E0.00002
G1 X71.299 Y63.574 E0.00004
G1 X71.177 Y63.472 E0.00004
G1 X71.055 Y63.37 E0.00004
G1 F1010.5 X70.998 Y63.319 E0.00002
G1 X70.94 Y63.268 E0.00002
G1 F1015.4 X70.883 Y63.217 E0.00002
G1 X70.876 Y63.21 E0
G1 X70.833 Y63.169 E0.00002
G1 F1010.5 X70.789 Y63.128 E0.00002
G1 X70.745 Y63.087 E0.00002
G1 F1005.7 X70.701 Y63.046 E0.00002
G1 X70.614 Y62.961 E0.00003
G1 X70.526 Y62.875 E0.00003
G1 X70.471 Y62.82 E0.00002
G1 F1000.9 X70.416 Y62.765 E0.00002
G1 X70.361 Y62.709 E0.00002
G1 X70.32 Y62.666 E0.00002
G1 F1005.7 X70.279 Y62.622 E0.00002
G1 X70.238 Y62.579 E0.00002
G1 F1010.5 X70.196 Y62.535 E0.00002
G1 F1015.4 X70.088 Y62.412 E0.00004
G1 X69.981 Y62.289 E0.00004
G1 X69.874 Y62.166 E0.00004
G1 X69.833 Y62.115 E0.00002
G1 X69.791 Y62.064 E0.00002
G1 F1010.5 X69.75 Y62.013 E0.00002
G1 X69.708 Y61.961 E0.00002
G1 X69.666 Y61.91 E0.00002
G1 F1005.7 X69.625 Y61.859 E0.00002
G1 X69.583 Y61.808 E0.00002
G1 X69.526 Y61.731 E0.00003
G1 X69.468 Y61.653 E0.00003
G1 X69.41 Y61.575 E0.00003
G1 F1010.5 X69.352 Y61.497 E0.00003
G1 X69.294 Y61.419 E0.00003
G1 X69.204 Y61.284 E0.00004
G1 X69.115 Y61.15 E0.00004
G1 X69.025 Y61.016 E0.00004
G1 F1005.7 X68.777 Y60.609 E0.00012
G1 X68.547 Y60.195 E0.00012
G1 F1010.5 X68.476 Y60.05 E0.00004
G1 X68.405 Y59.905 E0.00004
G1 X68.334 Y59.759 E0.00004
G1 X68.268 Y59.613 E0.00004
G1 X68.203 Y59.468 E0.00004
G1 X68.138 Y59.323 E0.00004
G1 X68.103 Y59.233 E0.00003
G1 X68.068 Y59.143 E0.00003
G1 X68.034 Y59.054 E0.00002
G1 F1015.4 X67.999 Y58.964 E0.00003
G1 X67.964 Y58.874 E0.00003
G1 X67.936 Y58.794 E0.00002
G1 X67.909 Y58.716 E0.00002
G1 F1010.5 X67.882 Y58.637 E0.00002
G1 X67.855 Y58.559 E0.00002
G1 X67.827 Y58.48 E0.00002
G1 F1005.7 X67.816 Y58.447 E0.00001
G1 F996.2 X67.805 Y58.414 E0.00001
G1 X67.778 Y58.322 E0.00003
G1 X67.751 Y58.23 E0.00003
G1 X67.723 Y58.138 E0.00003
G1 F1000.9 X67.696 Y58.046 E0.00003
G1 X67.668 Y57.954 E0.00003
G1 F1005.7 X67.657 Y57.909 E0.00001
G1 X67.646 Y57.863 E0.00001
G1 X67.635 Y57.817 E0.00001
G1 F1010.5 X67.624 Y57.772 E0.00001
G1 X67.613 Y57.726 E0.00001
G1 F1015.4 X67.602 Y57.68 E0.00001
G1 X67.59 Y57.635 E0.00001
G1 X67.579 Y57.589 E0.00001
G1 F1020.3 X67.568 Y57.543 E0.00001
G1 X67.557 Y57.497 E0.00001
G1 X67.553 Y57.484 E0
G1 X67.544 Y57.441 E0.00001
G1 F1015.4 X67.535 Y57.398 E0.00001
G1 F1010.5 X67.526 Y57.355 E0.00001
G1 X67.517 Y57.312 E0.00001
G1 F1005.7 X67.508 Y57.269 E0.00001
G1 F1000.9 X67.46 Y57.025 E0.00007
G1 X67.446 Y56.944 E0.00002
G1 F996.2 X67.431 Y56.862 E0.00002
G1 X67.425 Y56.818 E0.00001
G1 X67.419 Y56.773 E0.00001
G1 F1000.9 X67.412 Y56.729 E0.00001
G1 X67.406 Y56.684 E0.00001
G1 F1005.7 X67.399 Y56.64 E0.00001
G1 F1010.5 X67.393 Y56.595 E0.00001
G1 X67.387 Y56.55 E0.00001
G1 X67.368 Y56.369 E0.00005
G1 X67.35 Y56.189 E0.00005
G1 X67.332 Y56.009 E0.00005
G1 X67.314 Y55.829 E0.00005
G1 F1005.7 X67.312 Y55.782 E0.00001
G1 X67.31 Y55.735 E0.00001
G1 F1000.9 X67.308 Y55.688 E0.00001
G1 X67.306 Y55.641 E0.00001
G1 X67.304 Y55.594 E0.00001
G1 F996.2 X67.302 Y55.547 E0.00001
G1 X67.3 Y55.5 E0.00001
G1 F991.5 X67.298 Y55.453 E0.00001
G1 X67.296 Y55.406 E0.00001
G1 X67.294 Y55.359 E0.00001
G1 X67.294 Y55.321 E0.00001
G1 F996.2 X67.293 Y55.282 E0.00001
G1 F1000.9 X67.293 Y55.243 E0.00001
G1 X67.292 Y55.204 E0.00001
G1 F1005.7 X67.292 Y55.165 E0.00001
G1 F1010.5 X67.291 Y55.126 E0.00001
G1 X67.293 Y54.965 E0.00004
G1 X67.295 Y54.803 E0.00004
G1 X67.297 Y54.641 E0.00004
G1 X67.309 Y54.447 E0.00005
G1 X67.321 Y54.253 E0.00005
G1 F1015.4 X67.329 Y54.156 E0.00003
G1 F1020.3 X67.33 Y54.145 E0
G1 X67.34 Y54.049 E0.00002
G1 X67.35 Y53.953 E0.00002
G1 F1015.4 X67.361 Y53.856 E0.00003
G1 X67.371 Y53.76 E0.00003
G1 X67.381 Y53.663 E0.00003
G1 X67.414 Y53.468 E0.00005
G1 X67.446 Y53.274 E0.00005
G1 X67.478 Y53.079 E0.00005
G1 X67.51 Y52.885 E0.00005
G1 X67.518 Y52.848 E0.00001
G1 F1010.5 X67.526 Y52.81 E0.00001
G1 F1005.7 X67.534 Y52.772 E0.00001
G1 F1000.9 X67.542 Y52.734 E0.00001
G1 F996.2 X67.658 Y52.27 E0.00013
G1 F1000.9 X67.673 Y52.211 E0.00002
G1 F1005.7 X67.689 Y52.151 E0.00002
G1 X67.705 Y52.091 E0.00002
G1 F1010.5 X67.721 Y52.031 E0.00002
G1 X67.733 Y51.991 E0.00001
G1 F1005.7 X67.745 Y51.95 E0.00001
G1 F1000.9 X67.758 Y51.909 E0.00001
G1 X67.77 Y51.868 E0.00001
G1 F996.2 X67.783 Y51.827 E0.00001
G1 X67.802 Y51.768 E0.00002
G1 X67.822 Y51.708 E0.00002
G1 F1000.9 X67.842 Y51.648 E0.00002
G1 X67.862 Y51.588 E0.00002
G1 F1005.7 X67.882 Y51.528 E0.00002
G1 X67.902 Y51.468 E0.00002
G1 F1010.5 X67.92 Y51.416 E0.00001
G1 F1015.4 X67.937 Y51.366 E0.00001
G1 F1020.3 X67.955 Y51.316 E0.00001
G1 X67.959 Y51.304 E0
G1 X67.98 Y51.247 E0.00002
G1 X68.002 Y51.19 E0.00002
G1 F1015.4 X68.024 Y51.133 E0.00002
G1 F1010.5 X68.045 Y51.076 E0.00002
G1 X68.067 Y51.019 E0.00002
G1 X68.114 Y50.907 E0.00003
G1 X68.177 Y50.761 E0.00004
G1 X68.24 Y50.615 E0.00004
G1 X68.303 Y50.469 E0.00004
G1 F1005.7 X68.375 Y50.322 E0.00004
G1 X68.447 Y50.176 E0.00004
G1 X68.519 Y50.03 E0.00004
G1 F1000.9 X68.743 Y49.619 E0.00012
G1 X68.994 Y49.201 E0.00013
G1 F1005.7 X69.045 Y49.123 E0.00002
G1 X69.097 Y49.045 E0.00002
G1 X69.149 Y48.966 E0.00002
G1 F1010.5 X69.201 Y48.888 E0.00002
G1 X69.253 Y48.809 E0.00002
G0 F24000 X69.143 Y48.975
G1 F60 E-0.001
G1 F18000 Z1.9
;MESH:Full_Asse_Ink_Part.STL
G0 F24000 X97.682 Y102.702 Z1.9
;TYPE:WALL-INNER
G1 F18000 Z1.5
G1 F60 E0.001
G1 F1383.45 X98.111 Y102.949 Z1.334992 E0.00014
G1 X98.54 Y102.702 Z1.169983 E0.00014
G1 X98.330051 Y102.702 Z1.1 E0.000167
G1 F922.3
G1 X97.682 Y102.702 E0.00025
G0 F24000 X109.568 Y102.703
G1 F918.3 X109.996 Y102.95 E0.00014
G1 X110.425 Y102.703 E0.00014
G1 X109.568 Y102.703 E0.00025
G0 F24000 X121.459 Y102.703
G1 F918.3 X121.888 Y102.95 E0.00014
G1 X122.317 Y102.703 E0.00014
G1 X121.459 Y102.703 E0.00025
G0 F24000 X121.69 Y106.497
G0 X121.887 Y117.048
G1 F922.3 X121.458 Y117.294 E0.00014
G1 X122.316 Y117.294 E0.00025
G1 X121.887 Y117.048 E0.00014
G0 F24000 X110.423 Y117.293
G1 F926.3 X109.996 Y117.048 E0.00014
G1 X109.57 Y117.293 E0.00014
G1 X110.423 Y117.293 E0.00024
G0 F24000 X98.54 Y117.293
G1 F918.3 X98.112 Y117.047 E0.00014
G1 X97.684 Y117.293 E0.00014
G1 X98.54 Y117.293 E0.00025
G0 F24000 X99.716 Y117.608
G1 F528 X98.112 Y116.683 E0.00092
G1 X96.51 Y117.608 E0.00092
G1 X99.716 Y117.608 E0.0016
G0 F24000 X108.397 Y117.607
G1 F528 X111.6 Y117.607 E0.0016
G1 X109.996 Y116.686 E0.00092
G1 X108.397 Y117.607 E0.00092
G0 F24000 X120.287 Y117.608
G1 F528 X123.49 Y117.608 E0.0016
G1 X121.887 Y116.686 E0.00092
G1 X120.287 Y117.608 E0.00092
G0 F24000 X121.742 Y112.645
G0 X121.745 Y107.387
G0 X120.282 Y102.388
G1 F528 X121.888 Y103.314 E0.00092
G1 X123.493 Y102.388 E0.00092
G1 X120.282 Y102.388 E0.0016
G0 F24000 X111.602 Y102.388
G1 F528 X108.393 Y102.388 E0.0016
G1 X109.996 Y103.314 E0.00092
G1 X111.602 Y102.388 E0.00092
G0 F24000 X99.713 Y102.388
G1 F528 X96.508 Y102.388 E0.0016
G1 X98.111 Y103.312 E0.00092
G1 X99.713 Y102.388 E0.00092
G0 F24000 X101.208 Y101.988
G1 F528 X95.014 Y101.988 E0.00309
G1 X98.111 Y103.774 E0.00178
G1 X101.208 Y101.988 E0.00178
G0 F24000 X106.902 Y101.988
G1 F528 X109.996 Y103.776 E0.00178
G1 X113.096 Y101.988 E0.00179
G1 X106.902 Y101.988 E0.00309
G0 F24000 X118.788 Y101.988
G1 F528 X121.888 Y103.775 E0.00179
G1 X124.987 Y101.988 E0.00178
G1 X118.788 Y101.988 E0.00309
G0 F24000 X130.325 Y101.894
G1 F996.2 X130.826 Y102.183 E0.00015
G1 X130.826 Y101.894 E0.00008
G1 X130.325 Y101.894 E0.00013
G0 F24000 X122.48 Y106.43
G0 X122.17 Y106.854
G0 X122.029 Y107.46
G0 X122.045 Y112.745
G0 X122.285 Y113.343
G0 X122.708 Y113.742
G0 X127.422 Y116.42
G0 X130.826 Y117.813
G1 F996.2 X130.326 Y118.102 E0.00015
G1 X130.826 Y118.102 E0.00013
G1 X130.826 Y117.813 E0.00008
G0 F24000 X124.985 Y118.008
G1 F528 X121.887 Y116.224 E0.00178
G1 X118.794 Y118.008 E0.00178
G1 X124.985 Y118.008 E0.00309
G0 F24000 X113.1 Y118.007
G1 F528 X109.996 Y116.224 E0.00179
G1 X106.902 Y118.007 E0.00178
G1 X113.1 Y118.007 E0.00309
G0 F24000 X101.208 Y118.008
G1 F528 X98.112 Y116.221 E0.00178
G1 X95.019 Y118.008 E0.00178
G1 X101.208 Y118.008 E0.00309
G0 F24000 X89.671 Y118.101
G1 F996.2 X89.17 Y117.813 E0.00015
G1 X89.17 Y118.102 E0.00008
G1 X89.671 Y118.101 E0.00013
G0 F24000 X97.522 Y113.568
G0 X97.825 Y113.158
G0 X97.971 Y112.54
G0 X97.948 Y107.211
G0 X97.713 Y106.655
G0 X97.292 Y106.258
G0 X93.083 Y103.83
G0 X89.169 Y102.184
G1 F991.5 X89.67 Y101.894 E0.00015
G1 X89.169 Y101.893 E0.00013
G1 X89.169 Y102.184 E0.00008
G0 F24000 X88.863 Y102.714
G1 F528 X90.066 Y102.017 E0.00069
G1 F529.3 X90.075 Y102.014 E0
G1 F530.7 X90.084 Y102.011 E0
G1 X90.094 Y102.007 E0.00001
G1 F532 X90.103 Y102.004 E0
G1 F533.3 X90.112 Y102 E0
G1 F534.7 X90.122 Y101.997 E0.00001
G1 F536 X90.131 Y101.993 E0
G1 X90.14 Y101.99 E0
G1 F537.4 X90.15 Y101.986 E0.00001
G1 F538.8 X90.159 Y101.983 E0
G1 F540.2 X90.169 Y101.979 E0.00001
G1 F541.5 X90.178 Y101.976 E0
G1 X90.187 Y101.972 E0
G1 F542.9 X90.197 Y101.969 E0.00001
G1 F544.3 X90.206 Y101.965 E0
G1 F545.7 X90.215 Y101.962 E0
G1 X90.225 Y101.958 E0.00001
G1 F547.2 X90.234 Y101.955 E0
G1 F548.6 X90.244 Y101.951 E0.00001
G1 F550 X90.253 Y101.948 E0
G1 F551.4 X90.262 Y101.944 E0
G1 X90.272 Y101.941 E0
G1 F552.9 X90.281 Y101.937 E0
G1 F554.3 X90.29 Y101.934 E0
G1 F555.8 X90.3 Y101.93 E0.00001
G1 F557.3 X90.309 Y101.927 E0
G1 X90.318 Y101.923 E0
G1 F558.7 X90.328 Y101.92 E0
G1 F560.2 X90.337 Y101.916 E0
G1 F561.7 X90.347 Y101.913 E0
G1 F563.2 X90.356 Y101.91 E0
G1 X90.365 Y101.906 E0
G1 F564.7 X90.375 Y101.903 E0
G1 F566.2 X90.384 Y101.899 E0
G1 F567.7 X90.393 Y101.896 E0
G1 X90.403 Y101.892 E0
G1 F569.3 X90.412 Y101.889 E0
G1 F570.8 X90.422 Y101.885 E0
G1 F572.4 X90.431 Y101.882 E0
G1 F573.9 X90.44 Y101.878 E0
G1 X90.45 Y101.875 E0
G1 F575.5 X90.459 Y101.871 E0
G1 F577 X90.468 Y101.868 E0
G1 F578.6 X90.478 Y101.864 E0
G1 F580.2 X90.487 Y101.861 E0
G1 X90.496 Y101.857 E0
G1 F581.8 X90.506 Y101.854 E0
G1 F583.4 X90.515 Y101.85 E0
G1 F585 X90.525 Y101.847 E0
G1 X90.534 Y101.843 E0
G1 F586.7 X90.543 Y101.84 E0
G1 F588.3 X90.553 Y101.836 E0
G1 F589.9 X90.562 Y101.833 E0
G1 F591.6 X90.571 Y101.829 E0
G1 X90.581 Y101.826 E0
G1 F593.3 X90.59 Y101.822 E0
G1 F594.9 X90.6 Y101.819 E0
G1 F596.6 X90.609 Y101.815 E0
G1 F598.3 X90.618 Y101.812 E0
G1 X90.628 Y101.808 E0
G1 F600 X90.637 Y101.805 E0
G1 F601.7 X90.646 Y101.802 E0
G1 F603.4 X90.656 Y101.798 E0
G1 F605.2 X90.665 Y101.795 E0
G1 X90.675 Y101.791 E0
G1 F606.9 X90.684 Y101.788 E0
G1 F610.4 X90.7 Y101.785 E0.00001
G1 F617.5 X90.71 Y101.785 E0
G1 F624.9 X90.72 Y101.784 E0
G1 F630.4 X90.73 Y101.784 E0
G1 F638.1 X90.74 Y101.784 E0
G1 F643.9 X90.75 Y101.783 E0
G1 F651.9 X90.76 Y101.783 E0
G1 F660 X90.77 Y101.783 E0
G1 F666.2 X90.78 Y101.782 E0
G1 F674.8 X90.79 Y101.782 E0
G1 F683.5 X90.8 Y101.781 E0
G1 F690.2 X90.81 Y101.781 E0
G1 F699.3 X90.82 Y101.781 E0
G1 F706.4 X90.83 Y101.78 E0
G1 F715.9 X90.84 Y101.78 E0
G1 F725.8 X90.85 Y101.78 E0
G1 F733.3 X90.86 Y101.779 E0
G1 F743.7 X90.87 Y101.779 E0
G1 F754.3 X90.88 Y101.778 E0
G1 F762.5 X90.89 Y101.778 E0
G1 F773.6 X90.9 Y101.778 E0
G1 F782.2 X90.91 Y101.777 E0
G1 F794 X90.92 Y101.777 E0
G1 F806.1 X90.93 Y101.777 E0
G1 F812.3 X90.94 Y101.776 E0
G1 X90.95 Y101.775 E0
G1 F815.4 X90.96 Y101.775 E0
G1 X90.97 Y101.774 E0
G1 F818.6 X90.98 Y101.773 E0
G1 X90.99 Y101.773 E0
G1 F821.8 X91 Y101.772 E0
G1 X91.01 Y101.771 E0
G1 F825 X91.02 Y101.771 E0
G1 X91.03 Y101.77 E0
G1 F828.2 X91.04 Y101.769 E0
G1 X91.05 Y101.769 E0
G1 F831.5 X91.06 Y101.768 E0
G1 X91.07 Y101.768 E0
G1 F834.8 X91.08 Y101.767 E0
G1 X91.09 Y101.766 E0
G1 F838.1 X91.1 Y101.766 E0
G1 X91.11 Y101.765 E0
G1 F841.4 X91.12 Y101.764 E0
G1 X91.13 Y101.764 E0
G1 F844.8 X91.14 Y101.763 E0
G1 X91.15 Y101.762 E0
G1 X91.16 Y101.762 E0
G1 F848.2 X91.17 Y101.761 E0
G1 X91.18 Y101.761 E0
G1 F851.6 X91.19 Y101.76 E0
G1 X91.2 Y101.759 E0
G1 F855.1 X91.21 Y101.759 E0
G1 X91.22 Y101.758 E0
G1 F858.5 X91.23 Y101.757 E0
G1 X91.24 Y101.757 E0
G1 F862 X91.25 Y101.756 E0
G1 X91.26 Y101.755 E0
G1 F865.6 X91.27 Y101.755 E0
G1 X91.28 Y101.754 E0
G1 F869.1 X91.29 Y101.753 E0
G1 X91.3 Y101.753 E0
G1 F872.7 X91.31 Y101.752 E0
G1 X91.32 Y101.752 E0
G1 F876.3 X91.33 Y101.751 E0
G1 X91.34 Y101.75 E0
G1 F880 X91.35 Y101.75 E0
G1 X91.36 Y101.749 E0
G1 X92.964 Y101.748 E0.00048
G1 X92.973 Y101.748 E0
G1 F876.3 X92.983 Y101.749 E0
G1 X92.993 Y101.75 E0
G1 F872.7 X93.003 Y101.751 E0
G1 F869.1 X93.013 Y101.752 E0
G1 X93.023 Y101.753 E0
G1 F865.6 X93.033 Y101.754 E0
G1 F862 X93.043 Y101.755 E0
G1 F858.5 X93.053 Y101.756 E0
G1 X93.063 Y101.757 E0
G1 F855.1 X93.073 Y101.758 E0
G1 F851.6 X93.083 Y101.759 E0
G1 X93.093 Y101.76 E0
G1 F848.2 X93.103 Y101.761 E0
G1 F844.8 X93.113 Y101.762 E0
G1 F841.4 X93.123 Y101.763 E0
G1 X93.133 Y101.764 E0
G1 F838.1 X93.143 Y101.765 E0
G1 F834.8 X93.153 Y101.766 E0
G1 X93.163 Y101.767 E0
G1 F831.5 X93.173 Y101.768 E0
G1 F828.2 X93.183 Y101.769 E0
G1 F825 X93.192 Y101.77 E0
G1 X93.202 Y101.771 E0
G1 F821.8 X93.212 Y101.772 E0
G1 F818.6 X93.222 Y101.773 E0
G1 X93.232 Y101.774 E0
G1 F815.4 X93.242 Y101.775 E0
G1 F812.3 X93.252 Y101.776 E0
G1 F809.2 X93.262 Y101.776 E0
G1 X93.272 Y101.777 E0
G1 F806.1 X93.282 Y101.778 E0
G1 F803 X93.292 Y101.779 E0
G1 F800 X93.302 Y101.78 E0
G1 X93.312 Y101.781 E0
G1 F797 X93.322 Y101.782 E0
G1 F794 X93.332 Y101.783 E0
G1 X93.342 Y101.784 E0
G1 F791 X93.352 Y101.785 E0
G1 F788.1 X93.362 Y101.786 E0
G1 F785.1 X93.372 Y101.787 E0
G1 X93.382 Y101.788 E0
G1 F782.2 X93.392 Y101.789 E0
G1 F779.3 X93.402 Y101.79 E0
G1 X93.411 Y101.791 E0
G1 F776.5 X93.421 Y101.792 E0
G1 F773.6 X93.431 Y101.793 E0
G1 F770.8 X93.441 Y101.794 E0
G1 X93.451 Y101.795 E0
G1 F768 X93.461 Y101.796 E0
G1 F765.2 X93.471 Y101.797 E0
G1 X93.481 Y101.798 E0
G1 F762.5 X93.491 Y101.799 E0
G1 F759.7 X93.501 Y101.8 E0
G1 F757 X93.511 Y101.801 E0
G1 X93.521 Y101.802 E0
G1 F754.3 X93.531 Y101.803 E0
G1 F751.6 X93.541 Y101.804 E0
G1 X93.551 Y101.804 E0
G1 F748.9 X93.561 Y101.805 E0
G1 F746.3 X93.571 Y101.806 E0
G1 F743.7 X93.581 Y101.807 E0
G1 X93.591 Y101.808 E0
G1 F741.1 X93.601 Y101.809 E0
G1 F738.5 X93.611 Y101.81 E0
G1 X93.621 Y101.811 E0
G1 F735.9 X93.631 Y101.812 E0
G1 F733.3 X93.643 Y101.816 E0
G1 F728.3 X93.653 Y101.819 E0
G1 F723.3 X93.662 Y101.822 E0
G1 F720.8 X93.672 Y101.825 E0
G1 F715.9 X93.681 Y101.828 E0
G1 F711.1 X93.691 Y101.831 E0
G1 F706.4 X93.7 Y101.834 E0
G1 F704 X93.71 Y101.837 E0
G1 F699.3 X93.719 Y101.84 E0
G1 F694.7 X93.729 Y101.843 E0
G1 F692.5 X93.738 Y101.846 E0
G1 F687.9 X93.748 Y101.849 E0
G1 F683.5 X93.757 Y101.852 E0
G1 F681.3 X93.767 Y101.855 E0
G1 F676.9 X93.776 Y101.858 E0
G1 F672.6 X93.786 Y101.862 E0
G1 F668.4 X93.795 Y101.865 E0
G1 F666.2 X93.805 Y101.868 E0
G1 F662.1 X93.814 Y101.871 E0
G1 F657.9 X93.824 Y101.874 E0
G1 F655.9 X93.833 Y101.877 E0
G1 F651.9 X93.843 Y101.88 E0
G1 F647.9 X93.852 Y101.883 E0
G1 F645.9 X93.862 Y101.886 E0
G1 F641.9 X93.871 Y101.889 E0
G1 F638.1 X93.881 Y101.892 E0
G1 F636.1 X93.89 Y101.895 E0
G1 F632.3 X93.9 Y101.898 E0
G1 F628.6 X93.909 Y101.901 E0
G1 F624.9 X93.919 Y101.904 E0
G1 F623 X93.929 Y101.908 E0
G1 F619.4 X93.938 Y101.911 E0
G1 F615.7 X93.948 Y101.914 E0
G1 F614 X93.957 Y101.917 E0
G1 F610.4 X93.967 Y101.92 E0
G1 F606.9 X93.976 Y101.923 E0
G1 F605.2 X93.986 Y101.926 E0
G1 F601.7 X93.995 Y101.929 E0
G1 F598.3 X94.005 Y101.932 E0
G1 F594.9 X94.014 Y101.935 E0
G1 F593.3 X94.024 Y101.938 E0
G1 F589.9 X94.033 Y101.941 E0
G1 F586.7 X94.043 Y101.944 E0
G1 F585 X94.052 Y101.947 E0
G1 F581.8 X94.062 Y101.95 E0
G1 F578.6 X94.071 Y101.954 E0
G1 F577 X94.081 Y101.957 E0
G1 F573.9 X94.09 Y101.96 E0
G1 F570.8 X94.1 Y101.963 E0
G1 F567.7 X94.109 Y101.966 E0
G1 F566.2 X94.119 Y101.969 E0
G1 F563.2 X94.128 Y101.972 E0
G1 F560.2 X94.138 Y101.975 E0
G1 F558.7 X94.147 Y101.978 E0
G1 F555.8 X94.157 Y101.981 E0
G1 F552.9 X94.166 Y101.984 E0
G1 F551.4 X94.176 Y101.987 E0
G1 F548.6 X94.185 Y101.99 E0
G1 F545.7 X94.195 Y101.993 E0.00001
G1 F544.3 X94.204 Y101.996 E0
G1 F541.5 X94.214 Y102 E0.00001
G1 F538.8 X94.224 Y102.003 E0.00001
G1 F536 X94.233 Y102.006 E0
G1 F534.7 X94.243 Y102.009 E0.00001
G1 F532 X94.252 Y102.012 E0
G1 F529.3 X94.262 Y102.015 E0.00001
G1 F528 X98.111 Y104.236 E0.00222
G1 X101.961 Y102.015 E0.00222
G1 F529.3 X101.97 Y102.012 E0
G1 F530.7 X101.979 Y102.009 E0
G1 F532 X101.989 Y102.005 E0.00001
G1 X101.998 Y102.002 E0
G1 F533.3 X102.007 Y101.998 E0
G1 F534.7 X102.017 Y101.995 E0.00001
G1 F536 X102.026 Y101.991 E0
G1 F537.4 X102.036 Y101.988 E0.00001
G1 X102.045 Y101.984 E0
G1 F538.8 X102.054 Y101.981 E0
G1 F540.2 X102.064 Y101.977 E0.00001
G1 F541.5 X102.073 Y101.974 E0
G1 F542.9 X102.082 Y101.97 E0
G1 X102.092 Y101.967 E0.00001
G1 F544.3 X102.101 Y101.963 E0
G1 F545.7 X102.111 Y101.96 E0.00001
G1 F547.2 X102.12 Y101.957 E0
G1 F548.6 X102.129 Y101.953 E0
G1 X102.139 Y101.95 E0.00001
G1 F550 X102.148 Y101.946 E0
G1 F551.4 X102.158 Y101.943 E0
G1 F552.9 X102.167 Y101.939 E0
G1 F554.3 X102.176 Y101.936 E0
G1 X102.186 Y101.932 E0.00001
G1 F555.8 X102.195 Y101.929 E0
G1 F557.3 X102.204 Y101.925 E0
G1 F558.7 X102.214 Y101.922 E0
G1 F560.2 X102.223 Y101.918 E0
G1 X102.233 Y101.915 E0
G1 F561.7 X102.242 Y101.911 E0
G1 F563.2 X102.251 Y101.908 E0
G1 F564.7 X102.261 Y101.904 E0.00001
G1 F566.2 X102.27 Y101.901 E0
G1 X102.279 Y101.898 E0
G1 F567.7 X102.289 Y101.894 E0
G1 F569.3 X102.298 Y101.891 E0
G1 F570.8 X102.308 Y101.887 E0
G1 F572.4 X102.317 Y101.884 E0
G1 X102.326 Y101.88 E0
G1 F573.9 X102.336 Y101.877 E0
G1 F575.5 X102.345 Y101.873 E0
G1 F577 X102.355 Y101.87 E0
G1 F578.6 X102.364 Y101.866 E0
G1 X102.373 Y101.863 E0
G1 F580.2 X102.383 Y101.859 E0
G1 F581.8 X102.392 Y101.856 E0
G1 F583.4 X102.401 Y101.852 E0
G1 F585 X102.411 Y101.849 E0
G1 X102.42 Y101.846 E0
G1 F586.7 X102.43 Y101.842 E0
G1 F588.3 X102.439 Y101.839 E0
G1 F589.9 X102.448 Y101.835 E0
G1 F591.6 X102.458 Y101.832 E0
G1 X102.467 Y101.828 E0
G1 F593.3 X102.476 Y101.825 E0
G1 F594.9 X102.486 Y101.821 E0
G1 F596.6 X102.495 Y101.818 E0
G1 F598.3 X102.505 Y101.814 E0
G1 X102.514 Y101.811 E0
G1 F600 X102.523 Y101.807 E0
G1 F601.7 X102.533 Y101.804 E0
G1 F603.4 X102.542 Y101.8 E0
G1 F605.2 X102.552 Y101.797 E0
G1 X102.561 Y101.793 E0
G1 F606.9 X102.57 Y101.79 E0
G1 F608.6 X102.58 Y101.787 E0
G1 F612.2 X102.593 Y101.785 E0.00001
G1 F619.4 X102.603 Y101.785 E0
G1 F624.9 X102.613 Y101.784 E0
G1 F632.3 X102.623 Y101.784 E0
G1 F640 X102.633 Y101.784 E0
G1 F645.9 X102.643 Y101.783 E0
G1 F653.9 X102.653 Y101.783 E0
G1 F660 X102.663 Y101.782 E0
G1 F668.4 X102.673 Y101.782 E0
G1 F676.9 X102.683 Y101.782 E0
G1 F683.5 X102.693 Y101.781 E0
G1 F692.5 X102.703 Y101.781 E0
G1 F699.3 X102.713 Y101.781 E0
G1 F708.7 X102.723 Y101.78 E0
G1 F715.9 X102.733 Y101.78 E0
G1 F725.8 X102.743 Y101.779 E0
G1 F735.9 X102.753 Y101.779 E0
G1 F743.7 X102.763 Y101.779 E0
G1 F754.3 X102.773 Y101.778 E0
G1 F762.5 X102.783 Y101.778 E0
G1 F773.6 X102.793 Y101.778 E0
G1 F785.1 X102.803 Y101.777 E0
G1 F794 X102.813 Y101.777 E0
G1 F806.1 X102.823 Y101.776 E0
G1 F812.3 X102.832 Y101.776 E0
G1 X102.842 Y101.775 E0
G1 F815.4 X102.852 Y101.775 E0
G1 X102.862 Y101.774 E0
G1 F818.6 X102.872 Y101.773 E0
G1 X102.882 Y101.773 E0
G1 F821.8 X102.892 Y101.772 E0
G1 X102.902 Y101.771 E0
G1 F825 X102.912 Y101.771 E0
G1 X102.922 Y101.77 E0
G1 F828.2 X102.932 Y101.769 E0
G1 X102.942 Y101.769 E0
G1 F831.5 X102.952 Y101.768 E0
G1 X102.962 Y101.768 E0
G1 F834.8 X102.972 Y101.767 E0
G1 X102.982 Y101.766 E0
G1 F838.1 X102.992 Y101.766 E0
G1 X103.002 Y101.765 E0
G1 F841.4 X103.012 Y101.764 E0
G1 X103.022 Y101.764 E0
G1 F844.8 X103.032 Y101.763 E0
G1 X103.042 Y101.762 E0
G1 X103.052 Y101.762 E0
G1 F848.2 X103.062 Y101.761 E0
G1 X103.072 Y101.761 E0
G1 F851.6 X103.082 Y101.76 E0
G1 X103.092 Y101.759 E0
G1 F855.1 X103.102 Y101.759 E0
G1 X103.112 Y101.758 E0
G1 F858.5 X103.122 Y101.757 E0
G1 X103.132 Y101.757 E0
G1 F862 X103.142 Y101.756 E0
G1 X103.152 Y101.755 E0
G1 F865.6 X103.162 Y101.755 E0
G1 X103.172 Y101.754 E0
G1 F869.1 X103.182 Y101.753 E0
G1 X103.192 Y101.753 E0
G1 F872.7 X103.202 Y101.752 E0
G1 X103.212 Y101.752 E0
G1 F876.3 X103.222 Y101.751 E0
G1 X103.232 Y101.75 E0
G1 F880 X103.242 Y101.75 E0
G1 X103.252 Y101.749 E0
G1 X104.852 Y101.748 E0.00048
G1 X104.861 Y101.748 E0
G1 F876.3 X104.871 Y101.749 E0
G1 X104.881 Y101.75 E0
G1 F872.7 X104.891 Y101.751 E0
G1 F869.1 X104.901 Y101.752 E0
G1 X104.911 Y101.753 E0
G1 F865.6 X104.921 Y101.754 E0
G1 F862 X104.931 Y101.755 E0
G1 F858.5 X104.941 Y101.756 E0
G1 X104.951 Y101.757 E0
G1 F855.1 X104.961 Y101.758 E0
G1 F851.6 X104.971 Y101.759 E0
G1 X104.981 Y101.76 E0
G1 F848.2 X104.991 Y101.761 E0
G1 F844.8 X105.001 Y101.762 E0
G1 F841.4 X105.011 Y101.763 E0
G1 X105.021 Y101.764 E0
G1 F838.1 X105.031 Y101.765 E0
G1 F834.8 X105.041 Y101.766 E0
G1 X105.051 Y101.767 E0
G1 F831.5 X105.061 Y101.768 E0
G1 F828.2 X105.071 Y101.769 E0
G1 F825 X105.08 Y101.77 E0
G1 X105.09 Y101.771 E0
G1 F821.8 X105.1 Y101.772 E0
G1 F818.6 X105.11 Y101.773 E0
G1 X105.12 Y101.774 E0
G1 F815.4 X105.13 Y101.775 E0
G1 F812.3 X105.14 Y101.775 E0
G1 F809.2 X105.15 Y101.776 E0
G1 X105.16 Y101.777 E0
G1 F806.1 X105.17 Y101.778 E0
G1 F803 X105.18 Y101.779 E0
G1 F800 X105.19 Y101.78 E0
G1 X105.2 Y101.781 E0
G1 F797 X105.21 Y101.782 E0
G1 F794 X105.22 Y101.783 E0
G1 X105.23 Y101.784 E0
G1 F791 X105.24 Y101.785 E0
G1 F788.1 X105.25 Y101.786 E0
G1 F785.1 X105.26 Y101.787 E0
G1 X105.27 Y101.788 E0
G1 F782.2 X105.28 Y101.789 E0
G1 F779.3 X105.29 Y101.79 E0
G1 X105.299 Y101.791 E0
G1 F776.5 X105.309 Y101.792 E0
G1 F773.6 X105.319 Y101.793 E0
G1 F770.8 X105.329 Y101.794 E0
G1 X105.339 Y101.795 E0
G1 F768 X105.349 Y101.796 E0
G1 F765.2 X105.359 Y101.797 E0
G1 X105.369 Y101.798 E0
G1 F762.5 X105.379 Y101.799 E0
G1 F759.7 X105.389 Y101.8 E0
G1 F757 X105.399 Y101.801 E0
G1 X105.409 Y101.802 E0
G1 F754.3 X105.419 Y101.802 E0
G1 F751.6 X105.429 Y101.803 E0
G1 X105.439 Y101.804 E0
G1 F748.9 X105.449 Y101.805 E0
G1 F746.3 X105.459 Y101.806 E0
G1 F743.7 X105.469 Y101.807 E0
G1 X105.479 Y101.808 E0
G1 F741.1 X105.489 Y101.809 E0
G1 F738.5 X105.499 Y101.81 E0
G1 X105.509 Y101.811 E0
G1 F735.9 X105.519 Y101.812 E0
G1 F733.3 X105.532 Y101.816 E0
G1 F728.3 X105.542 Y101.819 E0
G1 F723.3 X105.551 Y101.822 E0
G1 F720.8 X105.561 Y101.825 E0
G1 F715.9 X105.57 Y101.828 E0
G1 F711.1 X105.58 Y101.831 E0
G1 F706.4 X105.589 Y101.834 E0
G1 F704 X105.599 Y101.837 E0
G1 F699.3 X105.608 Y101.84 E0
G1 F694.7 X105.618 Y101.843 E0
G1 F692.5 X105.627 Y101.846 E0
G1 F687.9 X105.637 Y101.849 E0
G1 F683.5 X105.646 Y101.853 E0
G1 F681.3 X105.656 Y101.856 E0
G1 F676.9 X105.665 Y101.859 E0
G1 F672.6 X105.675 Y101.862 E0
G1 F668.4 X105.684 Y101.865 E0
G1 F666.2 X105.694 Y101.868 E0
G1 F662.1 X105.703 Y101.871 E0
G1 F657.9 X105.713 Y101.874 E0
G1 F655.9 X105.722 Y101.877 E0
G1 F651.9 X105.732 Y101.88 E0
G1 F647.9 X105.741 Y101.883 E0
G1 F645.9 X105.751 Y101.886 E0
G1 F641.9 X105.76 Y101.89 E0
G1 F638.1 X105.77 Y101.893 E0
G1 F636.1 X105.779 Y101.896 E0
G1 F632.3 X105.789 Y101.899 E0
G1 F628.6 X105.798 Y101.902 E0
G1 F624.9 X105.808 Y101.905 E0
G1 F623 X105.818 Y101.908 E0
G1 F619.4 X105.827 Y101.911 E0
G1 F615.7 X105.837 Y101.914 E0
G1 F614 X105.846 Y101.917 E0
G1 F610.4 X105.856 Y101.92 E0
G1 F606.9 X105.865 Y101.923 E0
G1 F605.2 X105.875 Y101.927 E0
G1 F601.7 X105.884 Y101.93 E0
G1 F598.3 X105.894 Y101.933 E0
G1 F594.9 X105.903 Y101.936 E0
G1 F593.3 X105.913 Y101.939 E0
G1 F589.9 X105.922 Y101.942 E0
G1 F586.7 X105.932 Y101.945 E0
G1 F585 X105.941 Y101.948 E0
G1 F581.8 X105.951 Y101.951 E0
G1 F578.6 X105.96 Y101.954 E0
G1 F577 X105.97 Y101.957 E0
G1 F573.9 X105.979 Y101.96 E0
G1 F570.8 X105.989 Y101.963 E0
G1 F567.7 X105.998 Y101.967 E0
G1 F566.2 X106.008 Y101.97 E0
G1 F563.2 X106.017 Y101.973 E0
G1 F560.2 X106.027 Y101.976 E0
G1 F558.7 X106.036 Y101.979 E0
G1 F555.8 X106.046 Y101.982 E0
G1 F552.9 X106.055 Y101.985 E0
G1 F551.4 X106.065 Y101.988 E0
G1 F548.6 X106.074 Y101.991 E0
G1 F545.7 X106.084 Y101.994 E0.00001
G1 F544.3 X106.093 Y101.997 E0
G1 F541.5 X106.103 Y102 E0.00001
G1 F538.8 X106.113 Y102.004 E0.00001
G1 F536 X106.122 Y102.007 E0
G1 F534.7 X106.132 Y102.01 E0.00001
G1 F532 X106.141 Y102.013 E0
G1 F529.3 X106.151 Y102.016 E0.00001
G1 F528 X109.996 Y104.238 E0.00222
G1 X113.849 Y102.015 E0.00222
G1 F529.3 X113.858 Y102.012 E0
G1 F530.7 X113.867 Y102.009 E0
G1 F532 X113.877 Y102.005 E0.00001
G1 X113.886 Y102.002 E0
G1 F533.3 X113.895 Y101.998 E0
G1 F534.7 X113.905 Y101.995 E0.00001
G1 F536 X113.914 Y101.991 E0
G1 F537.4 X113.924 Y101.988 E0.00001
G1 X113.933 Y101.984 E0
G1 F538.8 X113.942 Y101.981 E0
G1 F540.2 X113.952 Y101.977 E0.00001
G1 F541.5 X113.961 Y101.974 E0
G1 F542.9 X113.97 Y101.97 E0
G1 X113.98 Y101.967 E0.00001
G1 F544.3 X113.989 Y101.963 E0
G1 F545.7 X113.999 Y101.96 E0.00001
G1 F547.2 X114.008 Y101.957 E0
G1 F548.6 X114.017 Y101.953 E0
G1 X114.027 Y101.95 E0.00001
G1 F550 X114.036 Y101.946 E0
G1 F551.4 X114.046 Y101.943 E0
G1 F552.9 X114.055 Y101.939 E0
G1 F554.3 X114.064 Y101.936 E0
G1 X114.074 Y101.932 E0.00001
G1 F555.8 X114.083 Y101.929 E0
G1 F557.3 X114.092 Y101.925 E0
G1 F558.7 X114.102 Y101.922 E0
G1 F560.2 X114.111 Y101.918 E0
G1 X114.121 Y101.915 E0
G1 F561.7 X114.13 Y101.911 E0
G1 F563.2 X114.139 Y101.908 E0
G1 F564.7 X114.149 Y101.904 E0.00001
G1 F566.2 X114.158 Y101.901 E0
G1 X114.167 Y101.898 E0
G1 F567.7 X114.177 Y101.894 E0
G1 F569.3 X114.186 Y101.891 E0
G1 F570.8 X114.196 Y101.887 E0
G1 F572.4 X114.205 Y101.884 E0
G1 X114.214 Y101.88 E0
G1 F573.9 X114.224 Y101.877 E0
G1 F575.5 X114.233 Y101.873 E0
G1 F577 X114.243 Y101.87 E0
G1 F578.6 X114.252 Y101.866 E0
G1 X114.261 Y101.863 E0
G1 F580.2 X114.271 Y101.859 E0
G1 F581.8 X114.28 Y101.856 E0
G1 F583.4 X114.289 Y101.852 E0
G1 F585 X114.299 Y101.849 E0
G1 X114.308 Y101.846 E0
G1 F586.7 X114.318 Y101.842 E0
G1 F588.3 X114.327 Y101.839 E0
G1 F589.9 X114.336 Y101.835 E0
G1 F591.6 X114.346 Y101.832 E0
G1 X114.355 Y101.828 E0
G1 F593.3 X114.364 Y101.825 E0
G1 F594.9 X114.374 Y101.821 E0
G1 F596.6 X114.383 Y101.818 E0
G1 F598.3 X114.393 Y101.814 E0
G1 X114.402 Y101.811 E0
G1 F600 X114.411 Y101.807 E0
G1 F601.7 X114.421 Y101.804 E0
G1 F603.4 X114.43 Y101.8 E0
G1 F605.2 X114.44 Y101.797 E0
G1 X114.449 Y101.793 E0
G1 F606.9 X114.458 Y101.79 E0
G1 F608.6 X114.468 Y101.787 E0
G1 F612.2 X114.481 Y101.785 E0.00001
G1 F619.4 X114.491 Y101.785 E0
G1 F624.9 X114.501 Y101.784 E0
G1 F632.3 X114.511 Y101.784 E0
G1 F640 X114.521 Y101.784 E0
G1 F645.9 X114.531 Y101.783 E0
G1 F653.9 X114.541 Y101.783 E0
G1 F660 X114.551 Y101.782 E0
G1 F668.4 X114.561 Y101.782 E0
G1 F676.9 X114.571 Y101.782 E0
G1 F683.5 X114.581 Y101.781 E0
G1 F692.5 X114.591 Y101.781 E0
G1 F699.3 X114.601 Y101.781 E0
G1 F708.7 X114.611 Y101.78 E0
G1 F715.9 X114.621 Y101.78 E0
G1 F725.8 X114.631 Y101.779 E0
G1 F735.9 X114.641 Y101.779 E0
G1 F743.7 X114.651 Y101.779 E0
G1 F754.3 X114.661 Y101.778 E0
G1 F762.5 X114.671 Y101.778 E0
G1 F773.6 X114.681 Y101.778 E0
G1 F785.1 X114.691 Y101.777 E0
G1 F794 X114.701 Y101.777 E0
G1 F806.1 X114.711 Y101.776 E0
G1 F812.3 X114.72 Y101.776 E0
G1 X114.73 Y101.775 E0
G1 F815.4 X114.74 Y101.775 E0
G1 X114.75 Y101.774 E0
G1 F818.6 X114.76 Y101.773 E0
G1 X114.77 Y101.773 E0
G1 F821.8 X114.78 Y101.772 E0
G1 X114.79 Y101.771 E0
G1 F825 X114.8 Y101.771 E0
G1 X114.81 Y101.77 E0
G1 F828.2 X114.82 Y101.769 E0
G1 X114.83 Y101.769 E0
G1 F831.5 X114.84 Y101.768 E0
G1 X114.85 Y101.768 E0
G1 F834.8 X114.86 Y101.767 E0
G1 X114.87 Y101.766 E0
G1 F838.1 X114.88 Y101.766 E0
G1 X114.89 Y101.765 E0
G1 F841.4 X114.9 Y101.764 E0
G1 X114.91 Y101.764 E0
G1 F844.8 X114.92 Y101.763 E0
G1 X114.93 Y101.762 E0
G1 X114.94 Y101.762 E0
G1 F848.2 X114.95 Y101.761 E0
G1 X114.96 Y101.761 E0
G1 F851.6 X114.97 Y101.76 E0
G1 X114.98 Y101.759 E0
G1 F855.1 X114.99 Y101.759 E0
G1 X115 Y101.758 E0
G1 F858.5 X115.01 Y101.757 E0
G1 X115.02 Y101.757 E0
G1 F862 X115.03 Y101.756 E0
G1 X115.04 Y101.755 E0
G1 F865.6 X115.05 Y101.755 E0
G1 X115.06 Y101.754 E0
G1 F869.1 X115.07 Y101.753 E0
G1 X115.08 Y101.753 E0
G1 F872.7 X115.09 Y101.752 E0
G1 X115.1 Y101.752 E0
G1 F876.3 X115.11 Y101.751 E0
G1 X115.12 Y101.75 E0
G1 F880 X115.13 Y101.75 E0
G1 X115.14 Y101.749 E0
G1 X116.736 Y101.748 E0.00048
G1 X116.745 Y101.748 E0
G1 F876.3 X116.755 Y101.749 E0
G1 X116.765 Y101.75 E0
G1 F872.7 X116.775 Y101.751 E0
G1 F869.1 X116.785 Y101.752 E0
G1 X116.795 Y101.753 E0
G1 F865.6 X116.805 Y101.754 E0
G1 F862 X116.815 Y101.755 E0
G1 F858.5 X116.825 Y101.756 E0
G1 X116.835 Y101.757 E0
G1 F855.1 X116.845 Y101.758 E0
G1 F851.6 X116.855 Y101.759 E0
G1 X116.865 Y101.76 E0
G1 F848.2 X116.875 Y101.761 E0
G1 F844.8 X116.885 Y101.762 E0
G1 F841.4 X116.895 Y101.763 E0
G1 X116.905 Y101.764 E0
G1 F838.1 X116.915 Y101.765 E0
G1 F834.8 X116.925 Y101.766 E0
G1 X116.935 Y101.767 E0
G1 F831.5 X116.945 Y101.768 E0
G1 F828.2 X116.955 Y101.769 E0
G1 F825 X116.964 Y101.77 E0
G1 X116.974 Y101.771 E0
G1 F821.8 X116.984 Y101.772 E0
G1 F818.6 X116.994 Y101.773 E0
G1 X117.004 Y101.774 E0
G1 F815.4 X117.014 Y101.775 E0
G1 F812.3 X117.024 Y101.776 E0
G1 F809.2 X117.034 Y101.776 E0
G1 X117.044 Y101.777 E0
G1 F806.1 X117.054 Y101.778 E0
G1 F803 X117.064 Y101.779 E0
G1 F800 X117.074 Y101.78 E0
G1 X117.084 Y101.781 E0
G1 F797 X117.094 Y101.782 E0
G1 F794 X117.104 Y101.783 E0
G1 X117.114 Y101.784 E0
G1 F791 X117.124 Y101.785 E0
G1 F788.1 X117.134 Y101.786 E0
G1 F785.1 X117.144 Y101.787 E0
G1 X117.154 Y101.788 E0
G1 F782.2 X117.164 Y101.789 E0
G1 F779.3 X117.174 Y101.79 E0
G1 X117.183 Y101.791 E0
G1 F776.5 X117.193 Y101.792 E0
G1 F773.6 X117.203 Y101.793 E0
G1 F770.8 X117.213 Y101.794 E0
G1 X117.223 Y101.795 E0
G1 F768 X117.233 Y101.796 E0
G1 F765.2 X117.243 Y101.797 E0
G1 X117.253 Y101.798 E0
G1 F762.5 X117.263 Y101.799 E0
G1 F759.7 X117.273 Y101.8 E0
G1 F757 X117.283 Y101.801 E0
G1 X117.293 Y101.802 E0
G1 F754.3 X117.303 Y101.803 E0
G1 F751.6 X117.313 Y101.804 E0
G1 X117.323 Y101.804 E0
G1 F748.9 X117.333 Y101.805 E0
G1 F746.3 X117.343 Y101.806 E0
G1 F743.7 X117.353 Y101.807 E0
G1 X117.363 Y101.808 E0
G1 F741.1 X117.373 Y101.809 E0
G1 F738.5 X117.383 Y101.81 E0
G1 X117.393 Y101.811 E0
G1 F735.9 X117.403 Y101.812 E0
G1 F733.3 X117.415 Y101.816 E0
G1 F728.3 X117.425 Y101.819 E0
G1 F723.3 X117.434 Y101.822 E0
G1 F720.8 X117.444 Y101.825 E0
G1 F715.9 X117.453 Y101.828 E0
G1 F711.1 X117.463 Y101.831 E0
G1 F706.4 X117.472 Y101.834 E0
G1 F704 X117.482 Y101.837 E0
G1 F699.3 X117.491 Y101.84 E0
G1 F694.7 X117.501 Y101.843 E0
G1 F692.5 X117.51 Y101.846 E0
G1 F687.9 X117.52 Y101.849 E0
G1 F683.5 X117.529 Y101.852 E0
G1 F681.3 X117.539 Y101.855 E0
G1 F676.9 X117.548 Y101.858 E0
G1 F672.6 X117.558 Y101.861 E0
G1 F668.4 X117.567 Y101.864 E0
G1 F666.2 X117.577 Y101.868 E0
G1 F662.1 X117.586 Y101.871 E0
G1 F657.9 X117.596 Y101.874 E0
G1 F655.9 X117.605 Y101.877 E0
G1 F651.9 X117.615 Y101.88 E0
G1 F647.9 X117.624 Y101.883 E0
G1 F645.9 X117.634 Y101.886 E0
G1 F641.9 X117.643 Y101.889 E0
G1 F638.1 X117.653 Y101.892 E0
G1 F636.1 X117.662 Y101.895 E0
G1 F632.3 X117.672 Y101.898 E0
G1 F628.6 X117.681 Y101.901 E0
G1 F624.9 X117.691 Y101.904 E0
G1 F623 X117.7 Y101.907 E0
G1 F619.4 X117.71 Y101.91 E0
G1 F615.7 X117.72 Y101.913 E0
G1 F614 X117.729 Y101.916 E0
G1 F610.4 X117.739 Y101.919 E0
G1 F606.9 X117.748 Y101.923 E0
G1 F605.2 X117.758 Y101.926 E0
G1 F601.7 X117.767 Y101.929 E0
G1 F598.3 X117.777 Y101.932 E0
G1 F594.9 X117.786 Y101.935 E0
G1 F593.3 X117.796 Y101.938 E0
G1 F589.9 X117.805 Y101.941 E0
G1 F586.7 X117.815 Y101.944 E0
G1 F585 X117.824 Y101.947 E0
G1 F581.8 X117.834 Y101.95 E0
G1 F578.6 X117.843 Y101.953 E0
G1 F577 X117.853 Y101.956 E0
G1 F573.9 X117.862 Y101.959 E0
G1 F570.8 X117.872 Y101.962 E0
G1 F567.7 X117.881 Y101.965 E0
G1 F566.2 X117.891 Y101.968 E0
G1 F563.2 X117.9 Y101.971 E0
G1 F560.2 X117.91 Y101.974 E0
G1 F558.7 X117.919 Y101.978 E0
G1 F555.8 X117.929 Y101.981 E0
G1 F552.9 X117.938 Y101.984 E0
G1 F551.4 X117.948 Y101.987 E0
G1 F548.6 X117.957 Y101.99 E0
G1 F545.7 X117.967 Y101.993 E0.00001
G1 F544.3 X117.976 Y101.996 E0
G1 F541.5 X117.986 Y101.999 E0.00001
G1 F538.8 X117.995 Y102.002 E0
G1 F536 X118.005 Y102.005 E0.00001
G1 F534.7 X118.015 Y102.008 E0.00001
G1 F532 X118.024 Y102.011 E0
G1 F529.3 X118.034 Y102.014 E0.00001
G1 F528 X121.888 Y104.237 E0.00222
G1 X125.736 Y102.016 E0.00222
G1 F529.3 X125.745 Y102.013 E0
G1 F530.7 X125.754 Y102.01 E0
G1 F532 X125.764 Y102.006 E0.00001
G1 X125.773 Y102.003 E0
G1 F533.3 X125.782 Y101.999 E0
G1 F534.7 X125.792 Y101.996 E0.00001
G1 F536 X125.801 Y101.992 E0
G1 F537.4 X125.811 Y101.989 E0.00001
G1 X125.82 Y101.985 E0
G1 F538.8 X125.829 Y101.982 E0
G1 F540.2 X125.839 Y101.978 E0.00001
G1 F541.5 X125.848 Y101.975 E0
G1 F542.9 X125.857 Y101.971 E0
G1 X125.867 Y101.968 E0.00001
G1 F544.3 X125.876 Y101.964 E0
G1 F545.7 X125.886 Y101.961 E0.00001
G1 F547.2 X125.895 Y101.957 E0
G1 F548.6 X125.904 Y101.954 E0
G1 X125.914 Y101.95 E0.00001
G1 F550 X125.923 Y101.947 E0
G1 F551.4 X125.933 Y101.943 E0.00001
G1 F552.9 X125.942 Y101.94 E0
G1 F554.3 X125.951 Y101.936 E0
G1 X125.961 Y101.933 E0
G1 F555.8 X125.97 Y101.93 E0
G1 F557.3 X125.979 Y101.926 E0
G1 F558.7 X125.989 Y101.923 E0
G1 F560.2 X125.998 Y101.919 E0
G1 X126.008 Y101.916 E0
G1 F561.7 X126.017 Y101.912 E0
G1 F563.2 X126.026 Y101.909 E0
G1 F564.7 X126.036 Y101.905 E0.00001
G1 F566.2 X126.045 Y101.902 E0
G1 X126.055 Y101.898 E0.00001
G1 F567.7 X126.064 Y101.895 E0
G1 F569.3 X126.073 Y101.891 E0
G1 F570.8 X126.083 Y101.888 E0
G1 F572.4 X126.092 Y101.884 E0
G1 X126.101 Y101.881 E0
G1 F573.9 X126.111 Y101.877 E0
G1 F575.5 X126.12 Y101.874 E0
G1 F577 X126.13 Y101.87 E0
G1 F578.6 X126.139 Y101.867 E0
G1 X126.148 Y101.863 E0
G1 F580.2 X126.158 Y101.86 E0
G1 F581.8 X126.167 Y101.856 E0
G1 F583.4 X126.176 Y101.853 E0
G1 F585 X126.186 Y101.85 E0
G1 X126.195 Y101.846 E0
G1 F586.7 X126.205 Y101.843 E0
G1 F588.3 X126.214 Y101.839 E0
G1 F589.9 X126.223 Y101.836 E0
G1 F591.6 X126.233 Y101.832 E0
G1 X126.242 Y101.829 E0
G1 F593.3 X126.252 Y101.825 E0
G1 F594.9 X126.261 Y101.822 E0
G1 F596.6 X126.27 Y101.818 E0
G1 F598.3 X126.28 Y101.815 E0
G1 X126.289 Y101.811 E0
G1 F600 X126.298 Y101.808 E0
G1 F601.7 X126.308 Y101.804 E0
G1 F603.4 X126.317 Y101.801 E0
G1 F605.2 X126.327 Y101.797 E0
G1 X126.336 Y101.794 E0
G1 F606.9 X126.345 Y101.79 E0
G1 F608.6 X126.355 Y101.787 E0
G1 F612.2 X126.369 Y101.785 E0.00001
G1 F619.4 X126.379 Y101.785 E0
G1 F624.9 X126.389 Y101.784 E0
G1 F632.3 X126.399 Y101.784 E0
G1 F640 X126.409 Y101.784 E0
G1 F645.9 X126.419 Y101.783 E0
G1 F653.9 X126.429 Y101.783 E0
G1 F660 X126.439 Y101.782 E0
G1 F668.4 X126.449 Y101.782 E0
G1 F676.9 X126.459 Y101.782 E0
G1 F683.5 X126.469 Y101.781 E0
G1 F692.5 X126.479 Y101.781 E0
G1 F699.3 X126.489 Y101.781 E0
G1 F708.7 X126.499 Y101.78 E0
G1 F715.9 X126.509 Y101.78 E0
G1 F725.8 X126.519 Y101.779 E0
G1 F735.9 X126.529 Y101.779 E0
G1 F743.7 X126.539 Y101.779 E0
G1 F754.3 X126.549 Y101.778 E0
G1 F762.5 X126.559 Y101.778 E0
G1 F773.6 X126.569 Y101.778 E0
G1 F785.1 X126.579 Y101.777 E0
G1 F794 X126.589 Y101.777 E0
G1 F806.1 X126.599 Y101.776 E0
G1 F812.3 X126.608 Y101.776 E0
G1 X126.618 Y101.775 E0
G1 F815.4 X126.628 Y101.775 E0
G1 X126.638 Y101.774 E0
G1 F818.6 X126.648 Y101.773 E0
G1 X126.658 Y101.773 E0
G1 F821.8 X126.668 Y101.772 E0
G1 X126.678 Y101.771 E0
G1 F825 X126.688 Y101.771 E0
G1 X126.698 Y101.77 E0
G1 F828.2 X126.708 Y101.769 E0
G1 X126.718 Y101.769 E0
G1 F831.5 X126.728 Y101.768 E0
G1 X126.738 Y101.768 E0
G1 F834.8 X126.748 Y101.767 E0
G1 X126.758 Y101.766 E0
G1 F838.1 X126.768 Y101.766 E0
G1 X126.778 Y101.765 E0
G1 F841.4 X126.788 Y101.764 E0
G1 X126.798 Y101.764 E0
G1 F844.8 X126.808 Y101.763 E0
G1 X126.818 Y101.762 E0
G1 X126.828 Y101.762 E0
G1 F848.2 X126.838 Y101.761 E0
G1 X126.848 Y101.761 E0
G1 F851.6 X126.858 Y101.76 E0
G1 X126.868 Y101.759 E0
G1 F855.1 X126.878 Y101.759 E0
G1 X126.888 Y101.758 E0
G1 F858.5 X126.898 Y101.757 E0
G1 X126.908 Y101.757 E0
G1 F862 X126.918 Y101.756 E0
G1 X126.928 Y101.755 E0
G1 F865.6 X126.938 Y101.755 E0
G1 X126.948 Y101.754 E0
G1 F869.1 X126.958 Y101.753 E0
G1 X126.968 Y101.753 E0
G1 F872.7 X126.978 Y101.752 E0
G1 X126.988 Y101.752 E0
G1 F876.3 X126.998 Y101.751 E0
G1 X127.008 Y101.75 E0
G1 F880 X127.018 Y101.75 E0
G1 X127.028 Y101.749 E0
G1 X128.624 Y101.748 E0.00048
G1 X128.633 Y101.748 E0
G1 F876.3 X128.643 Y101.749 E0
G1 X128.653 Y101.75 E0
G1 F872.7 X128.663 Y101.751 E0
G1 F869.1 X128.673 Y101.752 E0
G1 X128.683 Y101.753 E0
G1 F865.6 X128.693 Y101.754 E0
G1 F862 X128.703 Y101.755 E0
G1 F858.5 X128.713 Y101.756 E0
G1 X128.723 Y101.757 E0
G1 F855.1 X128.733 Y101.758 E0
G1 F851.6 X128.743 Y101.759 E0
G1 X128.753 Y101.76 E0
G1 F848.2 X128.763 Y101.761 E0
G1 F844.8 X128.773 Y101.762 E0
G1 F841.4 X128.783 Y101.763 E0
G1 X128.793 Y101.764 E0
G1 F838.1 X128.803 Y101.765 E0
G1 F834.8 X128.813 Y101.766 E0
G1 X128.823 Y101.767 E0
G1 F831.5 X128.833 Y101.768 E0
G1 F828.2 X128.843 Y101.769 E0
G1 F825 X128.852 Y101.77 E0
G1 X128.862 Y101.771 E0
G1 F821.8 X128.872 Y101.772 E0
G1 F818.6 X128.882 Y101.773 E0
G1 X128.892 Y101.774 E0
G1 F815.4 X128.902 Y101.775 E0
G1 F812.3 X128.912 Y101.776 E0
G1 F809.2 X128.922 Y101.776 E0
G1 X128.932 Y101.777 E0
G1 F806.1 X128.942 Y101.778 E0
G1 F803 X128.952 Y101.779 E0
G1 F800 X128.962 Y101.78 E0
G1 X128.972 Y101.781 E0
G1 F797 X128.982 Y101.782 E0
G1 F794 X128.992 Y101.783 E0
G1 X129.002 Y101.784 E0
G1 F791 X129.012 Y101.785 E0
G1 F788.1 X129.022 Y101.786 E0
G1 F785.1 X129.032 Y101.787 E0
G1 X129.042 Y101.788 E0
G1 F782.2 X129.052 Y101.789 E0
G1 F779.3 X129.062 Y101.79 E0
G1 X129.071 Y101.791 E0
G1 F776.5 X129.081 Y101.792 E0
G1 F773.6 X129.091 Y101.793 E0
G1 F770.8 X129.101 Y101.794 E0
G1 X129.111 Y101.795 E0
G1 F768 X129.121 Y101.796 E0
G1 F765.2 X129.131 Y101.797 E0
G1 X129.141 Y101.798 E0
G1 F762.5 X129.151 Y101.799 E0
G1 F759.7 X129.161 Y101.8 E0
G1 F757 X129.171 Y101.801 E0
G1 X129.181 Y101.802 E0
G1 F754.3 X129.191 Y101.803 E0
G1 F751.6 X129.201 Y101.804 E0
G1 X129.211 Y101.804 E0
G1 F748.9 X129.221 Y101.805 E0
G1 F746.3 X129.231 Y101.806 E0
G1 F743.7 X129.241 Y101.807 E0
G1 X129.251 Y101.808 E0
G1 F741.1 X129.261 Y101.809 E0
G1 F738.5 X129.271 Y101.81 E0
G1 X129.281 Y101.811 E0
G1 F735.9 X129.291 Y101.812 E0
G1 F733.3 X129.303 Y101.816 E0
G1 F728.3 X129.313 Y101.819 E0
G1 F723.3 X129.322 Y101.822 E0
G1 F720.8 X129.332 Y101.825 E0
G1 F715.9 X129.341 Y101.828 E0
G1 F711.1 X129.351 Y101.831 E0
G1 F706.4 X129.36 Y101.834 E0
G1 F704 X129.37 Y101.837 E0
G1 F699.3 X129.379 Y101.84 E0
G1 F694.7 X129.389 Y101.843 E0
G1 F692.5 X129.398 Y101.846 E0
G1 F687.9 X129.408 Y101.849 E0
G1 F683.5 X129.417 Y101.852 E0
G1 F681.3 X129.427 Y101.855 E0
G1 F676.9 X129.436 Y101.858 E0
G1 F672.6 X129.446 Y101.861 E0
G1 F668.4 X129.455 Y101.864 E0
G1 F666.2 X129.465 Y101.868 E0
G1 F662.1 X129.474 Y101.871 E0
G1 F657.9 X129.484 Y101.874 E0
G1 F655.9 X129.493 Y101.877 E0
G1 F651.9 X129.503 Y101.88 E0
G1 F647.9 X129.512 Y101.883 E0
G1 F645.9 X129.522 Y101.886 E0
G1 F641.9 X129.531 Y101.889 E0
G1 F638.1 X129.541 Y101.892 E0
G1 F636.1 X129.55 Y101.895 E0
G1 F632.3 X129.56 Y101.898 E0
G1 F628.6 X129.569 Y101.901 E0
G1 F624.9 X129.579 Y101.904 E0
G1 F623 X129.588 Y101.907 E0
G1 F619.4 X129.598 Y101.91 E0
G1 F615.7 X129.608 Y101.913 E0
G1 F614 X129.617 Y101.916 E0
G1 F610.4 X129.627 Y101.919 E0
G1 F606.9 X129.636 Y101.923 E0
G1 F605.2 X129.646 Y101.926 E0
G1 F601.7 X129.655 Y101.929 E0
G1 F598.3 X129.665 Y101.932 E0
G1 F594.9 X129.674 Y101.935 E0
G1 F593.3 X129.684 Y101.938 E0
G1 F589.9 X129.693 Y101.941 E0
G1 F586.7 X129.703 Y101.944 E0
G1 F585 X129.712 Y101.947 E0
G1 F581.8 X129.722 Y101.95 E0
G1 F578.6 X129.731 Y101.953 E0
G1 F577 X129.741 Y101.956 E0
G1 F573.9 X129.75 Y101.959 E0
G1 F570.8 X129.76 Y101.962 E0
G1 F567.7 X129.769 Y101.965 E0
G1 F566.2 X129.779 Y101.968 E0
G1 F563.2 X129.788 Y101.971 E0
G1 F560.2 X129.798 Y101.974 E0
G1 F558.7 X129.807 Y101.978 E0
G1 F555.8 X129.817 Y101.981 E0
G1 F552.9 X129.826 Y101.984 E0
G1 F551.4 X129.836 Y101.987 E0
G1 F548.6 X129.845 Y101.99 E0
G1 F545.7 X129.855 Y101.993 E0.00001
G1 F544.3 X129.864 Y101.996 E0
G1 F541.5 X129.874 Y101.999 E0.00001
G1 F538.8 X129.883 Y102.002 E0
G1 F536 X129.893 Y102.005 E0.00001
G1 F534.7 X129.903 Y102.008 E0.00001
G1 F532 X129.912 Y102.011 E0
G1 F529.3 X129.922 Y102.014 E0.00001
G1 F528 X131.132 Y102.713 E0.0007
G1 X131.132 Y101.588 E0.00056
G1 X130.037 Y101.588 E0.00055
G1 F529.3 X130.028 Y101.588 E0
G1 F532 X130.018 Y101.587 E0
G1 F533.3 X130.008 Y101.586 E0
G1 F536 X129.998 Y101.585 E0
G1 F538.8 X129.988 Y101.585 E0
G1 F540.2 X129.978 Y101.584 E0
G1 F542.9 X129.968 Y101.583 E0
G1 F544.3 X129.958 Y101.582 E0
G1 F547.2 X129.948 Y101.581 E0
G1 F550 X129.938 Y101.581 E0
G1 F551.4 X129.928 Y101.58 E0
G1 F554.3 X129.918 Y101.579 E0
G1 F555.8 X129.908 Y101.578 E0
G1 F558.7 X129.898 Y101.577 E0
G1 F561.7 X129.888 Y101.577 E0
G1 F563.2 X129.878 Y101.576 E0
G1 F566.2 X129.868 Y101.575 E0
G1 F567.7 X129.858 Y101.574 E0
G1 F570.8 X129.848 Y101.573 E0
G1 F573.9 X129.838 Y101.573 E0
G1 F575.5 X129.828 Y101.572 E0
G1 F578.6 X129.818 Y101.571 E0
G1 F580.2 X129.808 Y101.57 E0
G1 F583.4 X129.798 Y101.57 E0
G1 F586.7 X129.788 Y101.569 E0
G1 F588.3 X129.778 Y101.568 E0
G1 F591.6 X129.768 Y101.567 E0
G1 F593.3 X129.758 Y101.566 E0
G1 F596.6 X129.748 Y101.566 E0
G1 F600 X129.738 Y101.565 E0
G1 F601.7 X129.728 Y101.564 E0
G1 F605.2 X129.718 Y101.563 E0
G1 F606.9 X129.708 Y101.562 E0
G1 F610.4 X129.698 Y101.562 E0
G1 F614 X129.688 Y101.561 E0
G1 F615.7 X129.679 Y101.56 E0
G1 F619.4 X129.669 Y101.559 E0
G1 F621.2 X129.659 Y101.558 E0
G1 F624.9 X129.649 Y101.558 E0
G1 F628.6 X129.639 Y101.557 E0
G1 F630.4 X129.629 Y101.556 E0
G1 F634.2 X129.619 Y101.555 E0
G1 F636.1 X129.609 Y101.554 E0
G1 F640 X129.599 Y101.554 E0
G1 F643.9 X129.589 Y101.553 E0
G1 F645.9 X129.579 Y101.552 E0
G1 F649.8 X129.569 Y101.551 E0
G1 F651.9 X129.559 Y101.551 E0
G1 F655.9 X129.549 Y101.55 E0
G1 F660 X129.539 Y101.549 E0
G1 F662.1 X129.529 Y101.548 E0
G1 F666.2 X129.519 Y101.547 E0
G1 F668.4 X129.509 Y101.547 E0
G1 F672.6 X129.499 Y101.546 E0
G1 F676.9 X129.489 Y101.545 E0
G1 F679.1 X129.479 Y101.544 E0
G1 F683.5 X129.469 Y101.543 E0
G1 F685.7 X129.459 Y101.543 E0
G1 F690.2 X129.449 Y101.542 E0
G1 F694.7 X129.439 Y101.541 E0
G1 F697 X129.429 Y101.54 E0
G1 F701.7 X129.419 Y101.539 E0
G1 F704 X129.409 Y101.539 E0
G1 F708.7 X129.399 Y101.538 E0
G1 F713.5 X129.389 Y101.537 E0
G1 F715.9 X129.379 Y101.536 E0
G1 F720.8 X129.369 Y101.536 E0
G1 F723.3 X129.359 Y101.535 E0
G1 F728.3 X129.349 Y101.534 E0
G1 F733.3 X129.339 Y101.533 E0
G1 F735.9 X129.321 Y101.532 E0.00001
G1 F738.5 X129.311 Y101.532 E0
G1 X129.301 Y101.531 E0
G1 F741.1 X129.291 Y101.531 E0
G1 F743.7 X129.281 Y101.531 E0
G1 X129.271 Y101.53 E0
G1 F746.3 X129.261 Y101.53 E0
G1 F748.9 X129.251 Y101.53 E0
G1 X129.241 Y101.529 E0
G1 F751.6 X129.231 Y101.529 E0
G1 F754.3 X129.221 Y101.529 E0
G1 X129.211 Y101.528 E0
G1 F757 X129.201 Y101.528 E0
G1 F759.7 X129.191 Y101.528 E0
G1 X129.181 Y101.527 E0
G1 F762.5 X129.171 Y101.527 E0
G1 F765.2 X129.161 Y101.527 E0
G1 X129.151 Y101.526 E0
G1 F768 X129.141 Y101.526 E0
G1 F770.8 X129.131 Y101.526 E0
G1 F773.6 X129.121 Y101.525 E0
G1 X129.111 Y101.525 E0
G1 F776.5 X129.101 Y101.525 E0
G1 F779.3 X129.091 Y101.524 E0
G1 X129.081 Y101.524 E0
G1 F782.2 X129.071 Y101.524 E0
G1 F785.1 X129.061 Y101.523 E0
G1 X129.051 Y101.523 E0
G1 F788.1 X129.041 Y101.523 E0
G1 F791 X129.031 Y101.522 E0
G1 X129.021 Y101.522 E0
G1 F794 X129.011 Y101.522 E0
G1 F797 X129.001 Y101.521 E0
G1 X128.991 Y101.521 E0
G1 F800 X128.981 Y101.521 E0
G1 F803 X128.971 Y101.52 E0
G1 F806.1 X128.961 Y101.52 E0
G1 X128.951 Y101.52 E0
G1 F809.2 X128.941 Y101.519 E0
G1 F812.3 X128.931 Y101.519 E0
G1 X128.921 Y101.519 E0
G1 F815.4 X128.911 Y101.518 E0
G1 F818.6 X128.901 Y101.518 E0
G1 X128.891 Y101.518 E0
G1 F821.8 X128.881 Y101.517 E0
G1 F825 X128.871 Y101.517 E0
G1 X128.861 Y101.517 E0
G1 F828.2 X128.851 Y101.516 E0
G1 F831.5 X128.841 Y101.516 E0
G1 X128.831 Y101.516 E0
G1 F834.8 X128.821 Y101.515 E0
G1 F838.1 X128.811 Y101.515 E0
G1 X128.801 Y101.515 E0
G1 F841.4 X128.791 Y101.514 E0
G1 F844.8 X128.781 Y101.514 E0
G1 F848.2 X128.771 Y101.513 E0
G1 X128.761 Y101.513 E0
G1 F851.6 X128.751 Y101.513 E0
G1 F855.1 X128.741 Y101.512 E0
G1 X128.731 Y101.512 E0
G1 F858.5 X128.721 Y101.512 E0
G1 F862 X128.711 Y101.511 E0
G1 X128.701 Y101.511 E0
G1 F865.6 X128.691 Y101.511 E0
G1 F869.1 X128.681 Y101.51 E0
G1 X128.671 Y101.51 E0
G1 F872.7 X128.661 Y101.51 E0
G1 F876.3 X128.651 Y101.509 E0
G1 X128.641 Y101.509 E0
G1 F880 X128.631 Y101.509 E0
G1 X127.036 Y101.508 E0.00048
G1 X127.026 Y101.508 E0
G1 X127.016 Y101.508 E0
G1 F876.3 X127.006 Y101.508 E0
G1 X126.996 Y101.508 E0
G1 F872.7 X126.986 Y101.508 E0
G1 X126.976 Y101.509 E0
G1 F869.1 X126.966 Y101.509 E0
G1 X126.956 Y101.509 E0
G1 X126.946 Y101.509 E0
G1 F865.6 X126.936 Y101.509 E0
G1 X126.926 Y101.51 E0
G1 F862 X126.916 Y101.51 E0
G1 X126.906 Y101.51 E0
G1 F858.5 X126.896 Y101.51 E0
G1 X126.886 Y101.51 E0
G1 F855.1 X126.876 Y101.511 E0
G1 X126.866 Y101.511 E0
G1 F851.6 X126.856 Y101.511 E0
G1 X126.846 Y101.511 E0
G1 F848.2 X126.836 Y101.511 E0
G1 X126.826 Y101.512 E0
G1 F844.8 X126.816 Y101.512 E0
G1 X126.806 Y101.512 E0
G1 X126.796 Y101.512 E0
G1 F841.4 X126.786 Y101.512 E0
G1 X126.776 Y101.513 E0
G1 F838.1 X126.766 Y101.513 E0
G1 X126.756 Y101.513 E0
G1 F834.8 X126.746 Y101.513 E0
G1 X126.736 Y101.513 E0
G1 F831.5 X126.726 Y101.514 E0
G1 X126.716 Y101.514 E0
G1 F828.2 X126.706 Y101.514 E0
G1 X126.696 Y101.514 E0
G1 F825 X126.686 Y101.514 E0
G1 X126.676 Y101.515 E0
G1 F821.8 X126.666 Y101.515 E0
G1 X126.656 Y101.515 E0
G1 X126.646 Y101.515 E0
G1 F818.6 X126.636 Y101.515 E0
G1 X126.626 Y101.516 E0
G1 F815.4 X126.616 Y101.516 E0
G1 X126.606 Y101.516 E0
G1 F812.3 X126.596 Y101.516 E0
G1 X126.586 Y101.516 E0
G1 F806.1 X126.568 Y101.518 E0.00001
G1 F794 X126.558 Y101.52 E0
G1 F785.1 X126.548 Y101.522 E0
G1 F773.6 X126.538 Y101.523 E0
G1 F765.2 X126.528 Y101.525 E0
G1 F757 X126.518 Y101.527 E0
G1 F746.3 X126.509 Y101.529 E0
G1 F738.5 X126.499 Y101.53 E0
G1 F728.3 X126.489 Y101.532 E0
G1 F720.8 X126.479 Y101.534 E0
G1 F711.1 X126.469 Y101.536 E0
G1 F704 X126.459 Y101.537 E0
G1 F694.7 X126.45 Y101.539 E0
G1 F687.9 X126.44 Y101.541 E0
G1 F681.3 X126.43 Y101.543 E0
G1 F672.6 X126.42 Y101.544 E0
G1 F666.2 X126.41 Y101.546 E0
G1 F657.9 X126.4 Y101.548 E0
G1 F651.9 X126.391 Y101.55 E0
G1 F643.9 X126.381 Y101.551 E0
G1 F638.1 X126.371 Y101.553 E0
G1 F632.3 X126.361 Y101.555 E0
G1 F624.9 X126.351 Y101.557 E0
G1 F619.4 X126.341 Y101.558 E0
G1 F612.2 X126.331 Y101.56 E0
G1 F608.6 X126.32 Y101.561 E0
G1 F606.9 X126.31 Y101.561 E0
G1 X126.3 Y101.562 E0
G1 F605.2 X126.29 Y101.562 E0
G1 F603.4 X126.28 Y101.562 E0
G1 F601.7 X126.27 Y101.563 E0
G1 X126.26 Y101.563 E0
G1 F600 X126.25 Y101.564 E0
G1 F598.3 X126.24 Y101.564 E0
G1 F596.6 X126.23 Y101.564 E0
G1 X126.22 Y101.565 E0
G1 F594.9 X126.21 Y101.565 E0
G1 F593.3 X126.2 Y101.565 E0
G1 F591.6 X126.19 Y101.566 E0
G1 X126.18 Y101.566 E0
G1 F589.9 X126.17 Y101.567 E0
G1 F588.3 X126.16 Y101.567 E0
G1 F586.7 X126.15 Y101.567 E0
G1 F585 X126.14 Y101.568 E0
G1 X126.13 Y101.568 E0
G1 F583.4 X126.12 Y101.569 E0
G1 F581.8 X126.11 Y101.569 E0
G1 F580.2 X126.1 Y101.569 E0
G1 X126.09 Y101.57 E0
G1 F578.6 X126.08 Y101.57 E0
G1 F577 X126.07 Y101.57 E0
G1 F575.5 X126.06 Y101.571 E0
G1 X126.05 Y101.571 E0
G1 F573.9 X126.04 Y101.572 E0
G1 F572.4 X126.03 Y101.572 E0
G1 F570.8 X126.02 Y101.572 E0
G1 X126.01 Y101.573 E0
G1 F569.3 X126 Y101.573 E0
G1 F567.7 X125.99 Y101.573 E0
G1 F566.2 X125.98 Y101.574 E0
G1 X125.97 Y101.574 E0
G1 F564.7 X125.96 Y101.575 E0
G1 F563.2 X125.95 Y101.575 E0
G1 F561.7 X125.94 Y101.575 E0
G1 X125.93 Y101.576 E0
G1 F560.2 X125.92 Y101.576 E0
G1 F558.7 X125.91 Y101.577 E0
G1 F557.3 X125.9 Y101.577 E0
G1 X125.89 Y101.577 E0
G1 F555.8 X125.88 Y101.578 E0
G1 F554.3 X125.87 Y101.578 E0
G1 F552.9 X125.86 Y101.578 E0
G1 X125.85 Y101.579 E0
G1 F551.4 X125.84 Y101.579 E0
G1 F550 X125.83 Y101.58 E0
G1 F548.6 X125.82 Y101.58 E0
G1 X125.81 Y101.58 E0
G1 F547.2 X125.8 Y101.581 E0
G1 F545.7 X125.79 Y101.581 E0
G1 F544.3 X125.78 Y101.581 E0
G1 F542.9 X125.77 Y101.582 E0
G1 X125.76 Y101.582 E0
G1 F541.5 X125.75 Y101.583 E0
G1 F540.2 X125.74 Y101.583 E0
G1 F538.8 X125.73 Y101.583 E0
G1 X125.72 Y101.584 E0
G1 F537.4 X125.71 Y101.584 E0
G1 F536 X125.7 Y101.585 E0
G1 F534.7 X125.69 Y101.585 E0
G1 X125.68 Y101.585 E0
G1 F533.3 X125.67 Y101.586 E0
G1 F532 X125.66 Y101.586 E0
G1 F530.7 X125.65 Y101.586 E0
G1 X125.64 Y101.587 E0
G1 F529.3 X125.63 Y101.587 E0
G1 F528 X118.149 Y101.588 E0.00373
G1 F529.3 X118.14 Y101.588 E0
G1 F532 X118.13 Y101.587 E0
G1 F533.3 X118.12 Y101.586 E0
G1 F536 X118.11 Y101.585 E0
G1 F538.8 X118.1 Y101.585 E0
G1 F540.2 X118.09 Y101.584 E0
G1 F542.9 X118.08 Y101.583 E0
G1 F544.3 X118.07 Y101.582 E0
G1 F547.2 X118.06 Y101.581 E0
G1 F550 X118.05 Y101.581 E0
G1 F551.4 X118.04 Y101.58 E0
G1 F554.3 X118.03 Y101.579 E0
G1 F555.8 X118.02 Y101.578 E0
G1 F558.7 X118.01 Y101.577 E0
G1 F561.7 X118 Y101.577 E0
G1 F563.2 X117.99 Y101.576 E0
G1 F566.2 X117.98 Y101.575 E0
G1 F567.7 X117.97 Y101.574 E0
G1 F570.8 X117.96 Y101.573 E0
G1 F573.9 X117.95 Y101.573 E0
G1 F575.5 X117.94 Y101.572 E0
G1 F578.6 X117.93 Y101.571 E0
G1 F580.2 X117.92 Y101.57 E0
G1 F583.4 X117.91 Y101.57 E0
G1 F586.7 X117.9 Y101.569 E0
G1 F588.3 X117.89 Y101.568 E0
G1 F591.6 X117.88 Y101.567 E0
G1 F593.3 X117.87 Y101.566 E0
G1 F596.6 X117.86 Y101.566 E0
G1 F600 X117.85 Y101.565 E0
G1 F601.7 X117.84 Y101.564 E0
G1 F605.2 X117.83 Y101.563 E0
G1 F606.9 X117.82 Y101.562 E0
G1 F610.4 X117.81 Y101.562 E0
G1 F614 X117.8 Y101.561 E0
G1 F615.7 X117.791 Y101.56 E0
G1 F619.4 X117.781 Y101.559 E0
G1 F621.2 X117.771 Y101.558 E0
G1 F624.9 X117.761 Y101.558 E0
G1 F628.6 X117.751 Y101.557 E0
G1 F630.4 X117.741 Y101.556 E0
G1 F634.2 X117.731 Y101.555 E0
G1 F636.1 X117.721 Y101.554 E0
G1 F640 X117.711 Y101.554 E0
G1 F643.9 X117.701 Y101.553 E0
G1 F645.9 X117.691 Y101.552 E0
G1 F649.8 X117.681 Y101.551 E0
G1 F651.9 X117.671 Y101.551 E0
G1 F655.9 X117.661 Y101.55 E0
G1 F660 X117.651 Y101.549 E0
G1 F662.1 X117.641 Y101.548 E0
G1 F666.2 X117.631 Y101.547 E0
G1 F668.4 X117.621 Y101.547 E0
G1 F672.6 X117.611 Y101.546 E0
G1 F676.9 X117.601 Y101.545 E0
G1 F679.1 X117.591 Y101.544 E0
G1 F683.5 X117.581 Y101.543 E0
G1 F685.7 X117.571 Y101.543 E0
G1 F690.2 X117.561 Y101.542 E0
G1 F694.7 X117.551 Y101.541 E0
G1 F697 X117.541 Y101.54 E0
G1 F701.7 X117.531 Y101.539 E0
G1 F704 X117.521 Y101.539 E0
G1 F708.7 X117.511 Y101.538 E0
G1 F713.5 X117.501 Y101.537 E0
G1 F715.9 X117.491 Y101.536 E0
G1 F720.8 X117.481 Y101.536 E0
G1 F723.3 X117.471 Y101.535 E0
G1 F728.3 X117.461 Y101.534 E0
G1 F733.3 X117.451 Y101.533 E0
G1 F735.9 X117.433 Y101.532 E0.00001
G1 F738.5 X117.423 Y101.532 E0
G1 X117.413 Y101.531 E0
G1 F741.1 X117.403 Y101.531 E0
G1 F743.7 X117.393 Y101.531 E0
G1 X117.383 Y101.53 E0
G1 F746.3 X117.373 Y101.53 E0
G1 F748.9 X117.363 Y101.53 E0
G1 X117.353 Y101.529 E0
G1 F751.6 X117.343 Y101.529 E0
G1 F754.3 X117.333 Y101.529 E0
G1 X117.323 Y101.528 E0
G1 F757 X117.313 Y101.528 E0
G1 F759.7 X117.303 Y101.528 E0
G1 X117.293 Y101.527 E0
G1 F762.5 X117.283 Y101.527 E0
G1 F765.2 X117.273 Y101.527 E0
G1 X117.263 Y101.526 E0
G1 F768 X117.253 Y101.526 E0
G1 F770.8 X117.243 Y101.526 E0
G1 F773.6 X117.233 Y101.525 E0
G1 X117.223 Y101.525 E0
G1 F776.5 X117.213 Y101.525 E0
G1 F779.3 X117.203 Y101.524 E0
G1 X117.193 Y101.524 E0
G1 F782.2 X117.183 Y101.524 E0
G1 F785.1 X117.173 Y101.523 E0
G1 X117.163 Y101.523 E0
G1 F788.1 X117.153 Y101.523 E0
G1 F791 X117.143 Y101.522 E0
G1 X117.133 Y101.522 E0
G1 F794 X117.123 Y101.522 E0
G1 F797 X117.113 Y101.521 E0
G1 X117.103 Y101.521 E0
G1 F800 X117.093 Y101.521 E0
G1 F803 X117.083 Y101.52 E0
G1 F806.1 X117.073 Y101.52 E0
G1 X117.063 Y101.52 E0
G1 F809.2 X117.053 Y101.519 E0
G1 F812.3 X117.043 Y101.519 E0
G1 X117.033 Y101.519 E0
G1 F815.4 X117.023 Y101.518 E0
G1 F818.6 X117.013 Y101.518 E0
G1 X117.003 Y101.518 E0
G1 F821.8 X116.993 Y101.517 E0
G1 F825 X116.983 Y101.517 E0
G1 X116.973 Y101.517 E0
G1 F828.2 X116.963 Y101.516 E0
G1 F831.5 X116.953 Y101.516 E0
G1 X116.943 Y101.516 E0
G1 F834.8 X116.933 Y101.515 E0
G1 F838.1 X116.923 Y101.515 E0
G1 X116.913 Y101.515 E0
G1 F841.4 X116.903 Y101.514 E0
G1 F844.8 X116.893 Y101.514 E0
G1 F848.2 X116.883 Y101.513 E0
G1 X116.873 Y101.513 E0
G1 F851.6 X116.863 Y101.513 E0
G1 F855.1 X116.853 Y101.512 E0
G1 X116.843 Y101.512 E0
G1 F858.5 X116.833 Y101.512 E0
G1 F862 X116.823 Y101.511 E0
G1 X116.813 Y101.511 E0
G1 F865.6 X116.803 Y101.511 E0
G1 F869.1 X116.793 Y101.51 E0
G1 X116.783 Y101.51 E0
G1 F872.7 X116.773 Y101.51 E0
G1 F876.3 X116.763 Y101.509 E0
G1 X116.753 Y101.509 E0
G1 F880 X116.743 Y101.509 E0
G1 X115.148 Y101.508 E0.00048
G1 X115.138 Y101.508 E0
G1 X115.128 Y101.508 E0
G1 F876.3 X115.118 Y101.508 E0
G1 X115.108 Y101.508 E0
G1 F872.7 X115.098 Y101.508 E0
G1 X115.088 Y101.509 E0
G1 F869.1 X115.078 Y101.509 E0
G1 X115.068 Y101.509 E0
G1 X115.058 Y101.509 E0
G1 F865.6 X115.048 Y101.509 E0
G1 X115.038 Y101.51 E0
G1 F862 X115.028 Y101.51 E0
G1 X115.018 Y101.51 E0
G1 F858.5 X115.008 Y101.51 E0
G1 X114.998 Y101.51 E0
G1 F855.1 X114.988 Y101.511 E0
G1 X114.978 Y101.511 E0
G1 F851.6 X114.968 Y101.511 E0
G1 X114.958 Y101.511 E0
G1 F848.2 X114.948 Y101.511 E0
G1 X114.938 Y101.512 E0
G1 F844.8 X114.928 Y101.512 E0
G1 X114.918 Y101.512 E0
G1 X114.908 Y101.512 E0
G1 F841.4 X114.898 Y101.512 E0
G1 X114.888 Y101.513 E0
G1 F838.1 X114.878 Y101.513 E0
G1 X114.868 Y101.513 E0
G1 F834.8 X114.858 Y101.513 E0
G1 X114.848 Y101.513 E0
G1 F831.5 X114.838 Y101.514 E0
G1 X114.828 Y101.514 E0
G1 F828.2 X114.818 Y101.514 E0
G1 X114.808 Y101.514 E0
G1 F825 X114.798 Y101.514 E0
G1 X114.788 Y101.515 E0
G1 F821.8 X114.778 Y101.515 E0
G1 X114.768 Y101.515 E0
G1 X114.758 Y101.515 E0
G1 F818.6 X114.748 Y101.515 E0
G1 X114.738 Y101.516 E0
G1 F815.4 X114.728 Y101.516 E0
G1 X114.718 Y101.516 E0
G1 F812.3 X114.708 Y101.516 E0
G1 X114.698 Y101.516 E0
G1 F806.1 X114.68 Y101.518 E0.00001
G1 F794 X114.67 Y101.52 E0
G1 F785.1 X114.66 Y101.522 E0
G1 F773.6 X114.65 Y101.524 E0
G1 F765.2 X114.64 Y101.525 E0
G1 F757 X114.63 Y101.527 E0
G1 F746.3 X114.621 Y101.529 E0
G1 F738.5 X114.611 Y101.531 E0
G1 F728.3 X114.601 Y101.532 E0
G1 F720.8 X114.591 Y101.534 E0
G1 F711.1 X114.581 Y101.536 E0
G1 F704 X114.571 Y101.538 E0
G1 F694.7 X114.562 Y101.539 E0
G1 F687.9 X114.552 Y101.541 E0
G1 F681.3 X114.542 Y101.543 E0
G1 F672.6 X114.532 Y101.545 E0
G1 F666.2 X114.522 Y101.546 E0
G1 F657.9 X114.512 Y101.548 E0
G1 F651.9 X114.503 Y101.55 E0
G1 F643.9 X114.493 Y101.552 E0
G1 F638.1 X114.483 Y101.553 E0
G1 F632.3 X114.473 Y101.555 E0
G1 F624.9 X114.463 Y101.557 E0
G1 F619.4 X114.453 Y101.559 E0
G1 F612.2 X114.443 Y101.56 E0
G1 F608.6 X114.433 Y101.561 E0
G1 F606.9 X114.423 Y101.561 E0
G1 X114.413 Y101.562 E0
G1 F605.2 X114.403 Y101.562 E0
G1 F603.4 X114.393 Y101.562 E0
G1 F601.7 X114.383 Y101.563 E0
G1 X114.373 Y101.563 E0
G1 F600 X114.363 Y101.564 E0
G1 F598.3 X114.353 Y101.564 E0
G1 F596.6 X114.343 Y101.564 E0
G1 X114.333 Y101.565 E0
G1 F594.9 X114.323 Y101.565 E0
G1 F593.3 X114.313 Y101.565 E0
G1 F591.6 X114.303 Y101.566 E0
G1 X114.293 Y101.566 E0
G1 F589.9 X114.283 Y101.567 E0
G1 F588.3 X114.273 Y101.567 E0
G1 F586.7 X114.263 Y101.567 E0
G1 F585 X114.253 Y101.568 E0
G1 X114.243 Y101.568 E0
G1 F583.4 X114.233 Y101.569 E0
G1 F581.8 X114.223 Y101.569 E0
G1 F580.2 X114.213 Y101.569 E0
G1 X114.203 Y101.57 E0
G1 F578.6 X114.193 Y101.57 E0
G1 F577 X114.183 Y101.57 E0
G1 F575.5 X114.173 Y101.571 E0
G1 X114.163 Y101.571 E0
G1 F573.9 X114.153 Y101.572 E0
G1 F572.4 X114.143 Y101.572 E0
G1 F570.8 X114.133 Y101.572 E0
G1 X114.123 Y101.573 E0
G1 F569.3 X114.113 Y101.573 E0
G1 F567.7 X114.103 Y101.573 E0
G1 F566.2 X114.093 Y101.574 E0
G1 X114.083 Y101.574 E0
G1 F564.7 X114.073 Y101.575 E0
G1 F563.2 X114.063 Y101.575 E0
G1 F561.7 X114.053 Y101.575 E0
G1 X114.043 Y101.576 E0
G1 F560.2 X114.033 Y101.576 E0
G1 F558.7 X114.023 Y101.577 E0
G1 F557.3 X114.013 Y101.577 E0
G1 X114.003 Y101.577 E0
G1 F555.8 X113.993 Y101.578 E0
G1 F554.3 X113.983 Y101.578 E0
G1 F552.9 X113.973 Y101.578 E0
G1 X113.963 Y101.579 E0
G1 F551.4 X113.953 Y101.579 E0
G1 F550 X113.943 Y101.58 E0
G1 F548.6 X113.933 Y101.58 E0
G1 X113.923 Y101.58 E0
G1 F547.2 X113.913 Y101.581 E0
G1 F545.7 X113.903 Y101.581 E0
G1 F544.3 X113.893 Y101.581 E0
G1 F542.9 X113.883 Y101.582 E0
G1 X113.873 Y101.582 E0
G1 F541.5 X113.863 Y101.583 E0
G1 F540.2 X113.853 Y101.583 E0
G1 F538.8 X113.843 Y101.583 E0
G1 X113.833 Y101.584 E0
G1 F537.4 X113.823 Y101.584 E0
G1 F536 X113.813 Y101.585 E0
G1 F534.7 X113.803 Y101.585 E0
G1 X113.793 Y101.585 E0
G1 F533.3 X113.783 Y101.586 E0
G1 F532 X113.773 Y101.586 E0
G1 F530.7 X113.763 Y101.586 E0
G1 X113.753 Y101.587 E0
G1 F529.3 X113.743 Y101.587 E0
G1 F528 X106.268 Y101.588 E0.00373
G1 F529.3 X106.259 Y101.588 E0
G1 F532 X106.249 Y101.587 E0
G1 F533.3 X106.239 Y101.586 E0
G1 F536 X106.229 Y101.585 E0
G1 F538.8 X106.219 Y101.585 E0
G1 F540.2 X106.209 Y101.584 E0
G1 F542.9 X106.199 Y101.583 E0
G1 F544.3 X106.189 Y101.582 E0
G1 F547.2 X106.179 Y101.581 E0
G1 F548.6 X106.169 Y101.581 E0
G1 F551.4 X106.159 Y101.58 E0
G1 F554.3 X106.149 Y101.579 E0
G1 F555.8 X106.139 Y101.578 E0
G1 F558.7 X106.129 Y101.577 E0
G1 F560.2 X106.119 Y101.577 E0
G1 F563.2 X106.109 Y101.576 E0
G1 F566.2 X106.099 Y101.575 E0
G1 F567.7 X106.089 Y101.574 E0
G1 F570.8 X106.079 Y101.574 E0
G1 F572.4 X106.069 Y101.573 E0
G1 F575.5 X106.059 Y101.572 E0
G1 F577 X106.049 Y101.571 E0
G1 F580.2 X106.039 Y101.57 E0
G1 F583.4 X106.029 Y101.57 E0
G1 F585 X106.019 Y101.569 E0
G1 F588.3 X106.009 Y101.568 E0
G1 F589.9 X105.999 Y101.567 E0
G1 F593.3 X105.989 Y101.566 E0
G1 F594.9 X105.979 Y101.566 E0
G1 F598.3 X105.969 Y101.565 E0
G1 F601.7 X105.959 Y101.564 E0
G1 F603.4 X105.949 Y101.563 E0
G1 F606.9 X105.939 Y101.562 E0
G1 F608.6 X105.929 Y101.562 E0
G1 F612.2 X105.919 Y101.561 E0
G1 F614 X105.91 Y101.56 E0
G1 F617.5 X105.9 Y101.559 E0
G1 F621.2 X105.89 Y101.559 E0
G1 F623 X105.88 Y101.558 E0
G1 F626.7 X105.87 Y101.557 E0
G1 F628.6 X105.86 Y101.556 E0
G1 F632.3 X105.85 Y101.555 E0
G1 F636.1 X105.84 Y101.555 E0
G1 F638.1 X105.83 Y101.554 E0
G1 F641.9 X105.82 Y101.553 E0
G1 F643.9 X105.81 Y101.552 E0
G1 F647.9 X105.8 Y101.551 E0
G1 F649.8 X105.79 Y101.551 E0
G1 F653.9 X105.78 Y101.55 E0
G1 F657.9 X105.77 Y101.549 E0
G1 F660 X105.76 Y101.548 E0
G1 F664.2 X105.75 Y101.547 E0
G1 F666.2 X105.74 Y101.547 E0
G1 F670.5 X105.73 Y101.546 E0
G1 F672.6 X105.72 Y101.545 E0
G1 F676.9 X105.71 Y101.544 E0
G1 F681.3 X105.7 Y101.544 E0
G1 F683.5 X105.69 Y101.543 E0
G1 F687.9 X105.68 Y101.542 E0
G1 F690.2 X105.67 Y101.541 E0
G1 F694.7 X105.66 Y101.54 E0
G1 F699.3 X105.65 Y101.54 E0
G1 F701.7 X105.64 Y101.539 E0
G1 F706.4 X105.63 Y101.538 E0
G1 F708.7 X105.62 Y101.537 E0
G1 F713.5 X105.61 Y101.536 E0
G1 F715.9 X105.6 Y101.536 E0
G1 F720.8 X105.59 Y101.535 E0
G1 F725.8 X105.58 Y101.534 E0
G1 F728.3 X105.57 Y101.533 E0
G1 F733.3 X105.56 Y101.532 E0
G1 F735.9 X105.55 Y101.532 E0
G1 F738.5 X105.54 Y101.532 E0
G1 X105.53 Y101.531 E0
G1 F741.1 X105.52 Y101.531 E0
G1 F743.7 X105.51 Y101.531 E0
G1 X105.5 Y101.53 E0
G1 F746.3 X105.49 Y101.53 E0
G1 F748.9 X105.48 Y101.53 E0
G1 X105.47 Y101.529 E0
G1 F751.6 X105.46 Y101.529 E0
G1 F754.3 X105.45 Y101.529 E0
G1 X105.44 Y101.528 E0
G1 F757 X105.43 Y101.528 E0
G1 F759.7 X105.42 Y101.528 E0
G1 X105.41 Y101.527 E0
G1 F762.5 X105.4 Y101.527 E0
G1 F765.2 X105.39 Y101.527 E0
G1 X105.38 Y101.526 E0
G1 F768 X105.37 Y101.526 E0
G1 F770.8 X105.36 Y101.526 E0
G1 F773.6 X105.35 Y101.525 E0
G1 X105.34 Y101.525 E0
G1 F776.5 X105.33 Y101.525 E0
G1 F779.3 X105.32 Y101.524 E0
G1 X105.31 Y101.524 E0
G1 F782.2 X105.3 Y101.524 E0
G1 F785.1 X105.29 Y101.523 E0
G1 X105.28 Y101.523 E0
G1 F788.1 X105.27 Y101.523 E0
G1 F791 X105.26 Y101.522 E0
G1 X105.25 Y101.522 E0
G1 F794 X105.24 Y101.522 E0
G1 F797 X105.23 Y101.521 E0
G1 X105.22 Y101.521 E0
G1 F800 X105.21 Y101.521 E0
G1 F803 X105.2 Y101.52 E0
G1 F806.1 X105.19 Y101.52 E0
G1 X105.18 Y101.52 E0
G1 F809.2 X105.17 Y101.519 E0
G1 F812.3 X105.16 Y101.519 E0
G1 X105.15 Y101.519 E0
G1 F815.4 X105.14 Y101.518 E0
G1 F818.6 X105.13 Y101.518 E0
G1 X105.12 Y101.518 E0
G1 F821.8 X105.11 Y101.517 E0
G1 F825 X105.1 Y101.517 E0
G1 X105.09 Y101.517 E0
G1 F828.2 X105.08 Y101.516 E0
G1 F831.5 X105.07 Y101.516 E0
G1 X105.06 Y101.516 E0
G1 F834.8 X105.05 Y101.515 E0
G1 F838.1 X105.04 Y101.515 E0
G1 X105.03 Y101.515 E0
G1 F841.4 X105.02 Y101.514 E0
G1 F844.8 X105.01 Y101.514 E0
G1 F848.2 X105 Y101.514 E0
G1 X104.99 Y101.513 E0
G1 F851.6 X104.98 Y101.513 E0
G1 F855.1 X104.97 Y101.512 E0
G1 X104.96 Y101.512 E0
G1 F858.5 X104.95 Y101.512 E0
G1 F862 X104.94 Y101.511 E0
G1 X104.93 Y101.511 E0
G1 F865.6 X104.92 Y101.511 E0
G1 F869.1 X104.91 Y101.51 E0
G1 X104.9 Y101.51 E0
G1 F872.7 X104.89 Y101.51 E0
G1 F876.3 X104.88 Y101.509 E0
G1 X104.87 Y101.509 E0
G1 F880 X104.86 Y101.509 E0
G1 X103.26 Y101.508 E0.00048
G1 X103.25 Y101.508 E0
G1 X103.24 Y101.508 E0
G1 F876.3 X103.23 Y101.508 E0
G1 X103.22 Y101.508 E0
G1 F872.7 X103.21 Y101.508 E0
G1 X103.2 Y101.509 E0
G1 F869.1 X103.19 Y101.509 E0
G1 X103.18 Y101.509 E0
G1 X103.17 Y101.509 E0
G1 F865.6 X103.16 Y101.509 E0
G1 X103.15 Y101.51 E0
G1 F862 X103.14 Y101.51 E0
G1 X103.13 Y101.51 E0
G1 F858.5 X103.12 Y101.51 E0
G1 X103.11 Y101.51 E0
G1 F855.1 X103.1 Y101.511 E0
G1 X103.09 Y101.511 E0
G1 F851.6 X103.08 Y101.511 E0
G1 X103.07 Y101.511 E0
G1 F848.2 X103.06 Y101.511 E0
G1 X103.05 Y101.512 E0
G1 F844.8 X103.04 Y101.512 E0
G1 X103.03 Y101.512 E0
G1 X103.02 Y101.512 E0
G1 F841.4 X103.01 Y101.512 E0
G1 X103 Y101.513 E0
G1 F838.1 X102.99 Y101.513 E0
G1 X102.98 Y101.513 E0
G1 F834.8 X102.97 Y101.513 E0
G1 X102.96 Y101.513 E0
G1 F831.5 X102.95 Y101.514 E0
G1 X102.94 Y101.514 E0
G1 F828.2 X102.93 Y101.514 E0
G1 X102.92 Y101.514 E0
G1 F825 X102.91 Y101.514 E0
G1 X102.9 Y101.515 E0
G1 F821.8 X102.89 Y101.515 E0
G1 X102.88 Y101.515 E0
G1 X102.87 Y101.515 E0
G1 F818.6 X102.86 Y101.515 E0
G1 X102.85 Y101.516 E0
G1 F815.4 X102.84 Y101.516 E0
G1 X102.83 Y101.516 E0
G1 F812.3 X102.82 Y101.516 E0
G1 X102.81 Y101.516 E0
G1 F806.1 X102.792 Y101.518 E0.00001
G1 F794 X102.782 Y101.52 E0
G1 F785.1 X102.772 Y101.522 E0
G1 F773.6 X102.762 Y101.524 E0
G1 F765.2 X102.752 Y101.525 E0
G1 F757 X102.742 Y101.527 E0
G1 F746.3 X102.733 Y101.529 E0
G1 F738.5 X102.723 Y101.531 E0
G1 F728.3 X102.713 Y101.532 E0
G1 F720.8 X102.703 Y101.534 E0
G1 F711.1 X102.693 Y101.536 E0
G1 F704 X102.683 Y101.538 E0
G1 F694.7 X102.674 Y101.539 E0
G1 F687.9 X102.664 Y101.541 E0
G1 F681.3 X102.654 Y101.543 E0
G1 F672.6 X102.644 Y101.545 E0
G1 F666.2 X102.634 Y101.546 E0
G1 F657.9 X102.624 Y101.548 E0
G1 F651.9 X102.615 Y101.55 E0
G1 F643.9 X102.605 Y101.552 E0
G1 F638.1 X102.595 Y101.553 E0
G1 F632.3 X102.585 Y101.555 E0
G1 F624.9 X102.575 Y101.557 E0
G1 F619.4 X102.565 Y101.559 E0
G1 F612.2 X102.555 Y101.56 E0
G1 F608.6 X102.545 Y101.561 E0
G1 F606.9 X102.535 Y101.561 E0
G1 X102.525 Y101.562 E0
G1 F605.2 X102.515 Y101.562 E0
G1 F603.4 X102.505 Y101.562 E0
G1 F601.7 X102.495 Y101.563 E0
G1 X102.485 Y101.563 E0
G1 F600 X102.475 Y101.564 E0
G1 F598.3 X102.465 Y101.564 E0
G1 F596.6 X102.455 Y101.564 E0
G1 X102.445 Y101.565 E0
G1 F594.9 X102.435 Y101.565 E0
G1 F593.3 X102.425 Y101.565 E0
G1 F591.6 X102.415 Y101.566 E0
G1 X102.405 Y101.566 E0
G1 F589.9 X102.395 Y101.567 E0
G1 F588.3 X102.385 Y101.567 E0
G1 F586.7 X102.375 Y101.567 E0
G1 F585 X102.365 Y101.568 E0
G1 X102.355 Y101.568 E0
G1 F583.4 X102.345 Y101.569 E0
G1 F581.8 X102.335 Y101.569 E0
G1 F580.2 X102.325 Y101.569 E0
G1 X102.315 Y101.57 E0
G1 F578.6 X102.305 Y101.57 E0
G1 F577 X102.295 Y101.57 E0
G1 F575.5 X102.285 Y101.571 E0
G1 X102.275 Y101.571 E0
G1 F573.9 X102.265 Y101.572 E0
G1 F572.4 X102.255 Y101.572 E0
G1 F570.8 X102.245 Y101.572 E0
G1 X102.235 Y101.573 E0
G1 F569.3 X102.225 Y101.573 E0
G1 F567.7 X102.215 Y101.573 E0
G1 F566.2 X102.205 Y101.574 E0
G1 X102.195 Y101.574 E0
G1 F564.7 X102.185 Y101.575 E0
G1 F563.2 X102.175 Y101.575 E0
G1 F561.7 X102.165 Y101.575 E0
G1 X102.155 Y101.576 E0
G1 F560.2 X102.145 Y101.576 E0
G1 F558.7 X102.135 Y101.577 E0
G1 F557.3 X102.125 Y101.577 E0
G1 X102.115 Y101.577 E0
G1 F555.8 X102.105 Y101.578 E0
G1 F554.3 X102.095 Y101.578 E0
G1 F552.9 X102.085 Y101.578 E0
G1 X102.075 Y101.579 E0
G1 F551.4 X102.065 Y101.579 E0
G1 F550 X102.055 Y101.58 E0
G1 F548.6 X102.045 Y101.58 E0
G1 X102.035 Y101.58 E0
G1 F547.2 X102.025 Y101.581 E0
G1 F545.7 X102.015 Y101.581 E0
G1 F544.3 X102.005 Y101.581 E0
G1 F542.9 X101.995 Y101.582 E0
G1 X101.985 Y101.582 E0
G1 F541.5 X101.975 Y101.583 E0
G1 F540.2 X101.965 Y101.583 E0
G1 F538.8 X101.955 Y101.583 E0
G1 X101.945 Y101.584 E0
G1 F537.4 X101.935 Y101.584 E0
G1 F536 X101.925 Y101.585 E0
G1 F534.7 X101.915 Y101.585 E0
G1 X101.905 Y101.585 E0
G1 F533.3 X101.895 Y101.586 E0
G1 F532 X101.885 Y101.586 E0
G1 F530.7 X101.875 Y101.586 E0
G1 X101.865 Y101.587 E0
G1 F529.3 X101.855 Y101.587 E0
G1 F528 X94.378 Y101.588 E0.00373
G1 F529.3 X94.369 Y101.588 E0
G1 F532 X94.359 Y101.587 E0
G1 F533.3 X94.349 Y101.586 E0
G1 F536 X94.339 Y101.585 E0
G1 F538.8 X94.329 Y101.585 E0
G1 F540.2 X94.319 Y101.584 E0
G1 F542.9 X94.309 Y101.583 E0
G1 F544.3 X94.299 Y101.582 E0
G1 F547.2 X94.289 Y101.581 E0
G1 F550 X94.279 Y101.581 E0
G1 F551.4 X94.269 Y101.58 E0
G1 F554.3 X94.259 Y101.579 E0
G1 F555.8 X94.249 Y101.578 E0
G1 F558.7 X94.239 Y101.577 E0
G1 F561.7 X94.229 Y101.577 E0
G1 F563.2 X94.219 Y101.576 E0
G1 F566.2 X94.209 Y101.575 E0
G1 F567.7 X94.199 Y101.574 E0
G1 F570.8 X94.189 Y101.573 E0
G1 F573.9 X94.179 Y101.573 E0
G1 F575.5 X94.169 Y101.572 E0
G1 F578.6 X94.159 Y101.571 E0
G1 F580.2 X94.149 Y101.57 E0
G1 F583.4 X94.139 Y101.57 E0
G1 F586.7 X94.129 Y101.569 E0
G1 F588.3 X94.119 Y101.568 E0
G1 F591.6 X94.109 Y101.567 E0
G1 F593.3 X94.099 Y101.566 E0
G1 F596.6 X94.089 Y101.566 E0
G1 F600 X94.079 Y101.565 E0
G1 F601.7 X94.069 Y101.564 E0
G1 F605.2 X94.059 Y101.563 E0
G1 F606.9 X94.049 Y101.562 E0
G1 F610.4 X94.039 Y101.562 E0
G1 F614 X94.029 Y101.561 E0
G1 F615.7 X94.02 Y101.56 E0
G1 F619.4 X94.01 Y101.559 E0
G1 F621.2 X94 Y101.558 E0
G1 F624.9 X93.99 Y101.558 E0
G1 F628.6 X93.98 Y101.557 E0
G1 F630.4 X93.97 Y101.556 E0
G1 F634.2 X93.96 Y101.555 E0
G1 F636.1 X93.95 Y101.555 E0
G1 F640 X93.94 Y101.554 E0
G1 F643.9 X93.93 Y101.553 E0
G1 F645.9 X93.92 Y101.552 E0
G1 F649.8 X93.91 Y101.551 E0
G1 F651.9 X93.9 Y101.551 E0
G1 F655.9 X93.89 Y101.55 E0
G1 F660 X93.88 Y101.549 E0
G1 F662.1 X93.87 Y101.548 E0
G1 F666.2 X93.86 Y101.547 E0
G1 F668.4 X93.85 Y101.547 E0
G1 F672.6 X93.84 Y101.546 E0
G1 F676.9 X93.83 Y101.545 E0
G1 F679.1 X93.82 Y101.544 E0
G1 F683.5 X93.81 Y101.543 E0
G1 F685.7 X93.8 Y101.543 E0
G1 F690.2 X93.79 Y101.542 E0
G1 F694.7 X93.78 Y101.541 E0
G1 F697 X93.77 Y101.54 E0
G1 F701.7 X93.76 Y101.54 E0
G1 F704 X93.75 Y101.539 E0
G1 F708.7 X93.74 Y101.538 E0
G1 F713.5 X93.73 Y101.537 E0
G1 F715.9 X93.72 Y101.536 E0
G1 F720.8 X93.71 Y101.536 E0
G1 F723.3 X93.7 Y101.535 E0
G1 F728.3 X93.69 Y101.534 E0
G1 F733.3 X93.68 Y101.533 E0
G1 F735.9 X93.661 Y101.532 E0.00001
G1 F738.5 X93.651 Y101.532 E0
G1 X93.641 Y101.531 E0
G1 F741.1 X93.631 Y101.531 E0
G1 F743.7 X93.621 Y101.531 E0
G1 X93.611 Y101.53 E0
G1 F746.3 X93.601 Y101.53 E0
G1 F748.9 X93.591 Y101.53 E0
G1 X93.581 Y101.529 E0
G1 F751.6 X93.571 Y101.529 E0
G1 F754.3 X93.561 Y101.529 E0
G1 X93.551 Y101.528 E0
G1 F757 X93.541 Y101.528 E0
G1 F759.7 X93.531 Y101.528 E0
G1 X93.521 Y101.527 E0
G1 F762.5 X93.511 Y101.527 E0
G1 F765.2 X93.501 Y101.527 E0
G1 X93.491 Y101.526 E0
G1 F768 X93.481 Y101.526 E0
G1 F770.8 X93.471 Y101.526 E0
G1 F773.6 X93.461 Y101.525 E0
G1 X93.451 Y101.525 E0
G1 F776.5 X93.441 Y101.525 E0
G1 F779.3 X93.431 Y101.524 E0
G1 X93.421 Y101.524 E0
G1 F782.2 X93.411 Y101.524 E0
G1 F785.1 X93.401 Y101.523 E0
G1 X93.391 Y101.523 E0
G1 F788.1 X93.381 Y101.523 E0
G1 F791 X93.371 Y101.522 E0
G1 X93.361 Y101.522 E0
G1 F794 X93.351 Y101.522 E0
G1 F797 X93.341 Y101.521 E0
G1 X93.331 Y101.521 E0
G1 F800 X93.321 Y101.521 E0
G1 F803 X93.311 Y101.52 E0
G1 F806.1 X93.301 Y101.52 E0
G1 X93.291 Y101.52 E0
G1 F809.2 X93.281 Y101.519 E0
G1 F812.3 X93.271 Y101.519 E0
G1 X93.261 Y101.519 E0
G1 F815.4 X93.251 Y101.518 E0
G1 F818.6 X93.241 Y101.518 E0
G1 X93.231 Y101.518 E0
G1 F821.8 X93.221 Y101.517 E0
G1 F825 X93.211 Y101.517 E0
G1 X93.201 Y101.517 E0
G1 F828.2 X93.191 Y101.516 E0
G1 F831.5 X93.181 Y101.516 E0
G1 X93.171 Y101.516 E0
G1 F834.8 X93.161 Y101.515 E0
G1 F838.1 X93.151 Y101.515 E0
G1 X93.141 Y101.515 E0
G1 F841.4 X93.131 Y101.514 E0
G1 F844.8 X93.121 Y101.514 E0
G1 F848.2 X93.111 Y101.513 E0
G1 X93.101 Y101.513 E0
G1 F851.6 X93.091 Y101.513 E0
G1 F855.1 X93.081 Y101.512 E0
G1 X93.071 Y101.512 E0
G1 F858.5 X93.061 Y101.512 E0
G1 F862 X93.051 Y101.511 E0
G1 X93.041 Y101.511 E0
G1 F865.6 X93.031 Y101.511 E0
G1 F869.1 X93.021 Y101.51 E0
G1 X93.011 Y101.51 E0
G1 F872.7 X93.001 Y101.51 E0
G1 F876.3 X92.991 Y101.509 E0
G1 X92.981 Y101.509 E0
G1 F880 X92.971 Y101.509 E0
G1 X91.368 Y101.508 E0.00048
G1 X91.358 Y101.508 E0
G1 X91.348 Y101.508 E0
G1 F876.3 X91.338 Y101.508 E0
G1 X91.328 Y101.508 E0
G1 F872.7 X91.318 Y101.508 E0
G1 X91.308 Y101.509 E0
G1 F869.1 X91.298 Y101.509 E0
G1 X91.288 Y101.509 E0
G1 X91.278 Y101.509 E0
G1 F865.6 X91.268 Y101.509 E0
G1 X91.258 Y101.51 E0
G1 F862 X91.248 Y101.51 E0
G1 X91.238 Y101.51 E0
G1 F858.5 X91.228 Y101.51 E0
G1 X91.218 Y101.51 E0
G1 F855.1 X91.208 Y101.511 E0
G1 X91.198 Y101.511 E0
G1 F851.6 X91.188 Y101.511 E0
G1 X91.178 Y101.511 E0
G1 F848.2 X91.168 Y101.511 E0
G1 X91.158 Y101.512 E0
G1 F844.8 X91.148 Y101.512 E0
G1 X91.138 Y101.512 E0
G1 X91.128 Y101.512 E0
G1 F841.4 X91.118 Y101.512 E0
G1 X91.108 Y101.513 E0
G1 F838.1 X91.098 Y101.513 E0
G1 X91.088 Y101.513 E0
G1 F834.8 X91.078 Y101.513 E0
G1 X91.068 Y101.513 E0
G1 F831.5 X91.058 Y101.514 E0
G1 X91.048 Y101.514 E0
G1 F828.2 X91.038 Y101.514 E0
G1 X91.028 Y101.514 E0
G1 F825 X91.018 Y101.514 E0
G1 X91.008 Y101.515 E0
G1 F821.8 X90.998 Y101.515 E0
G1 X90.988 Y101.515 E0
G1 X90.978 Y101.515 E0
G1 F818.6 X90.968 Y101.515 E0
G1 X90.958 Y101.516 E0
G1 F815.4 X90.948 Y101.516 E0
G1 X90.938 Y101.516 E0
G1 F812.3 X90.928 Y101.516 E0
G1 X90.918 Y101.516 E0
G1 F806.1 X90.9 Y101.518 E0.00001
G1 F794 X90.89 Y101.52 E0
G1 F785.1 X90.88 Y101.522 E0
G1 F773.6 X90.87 Y101.523 E0
G1 F765.2 X90.86 Y101.525 E0
G1 F754.3 X90.85 Y101.527 E0
G1 F746.3 X90.841 Y101.529 E0
G1 F735.9 X90.831 Y101.53 E0
G1 F728.3 X90.821 Y101.532 E0
G1 F718.4 X90.811 Y101.534 E0
G1 F711.1 X90.801 Y101.536 E0
G1 F701.7 X90.791 Y101.537 E0
G1 F694.7 X90.782 Y101.539 E0
G1 F687.9 X90.772 Y101.541 E0
G1 F679.1 X90.762 Y101.543 E0
G1 F672.6 X90.752 Y101.544 E0
G1 F664.2 X90.742 Y101.546 E0
G1 F657.9 X90.732 Y101.548 E0
G1 F649.8 X90.723 Y101.55 E0
G1 F643.9 X90.713 Y101.551 E0
G1 F636.1 X90.703 Y101.553 E0
G1 F630.4 X90.693 Y101.555 E0
G1 F623 X90.683 Y101.557 E0
G1 F617.5 X90.673 Y101.558 E0
G1 F610.4 X90.663 Y101.56 E0
G1 F606.9 X90.651 Y101.561 E0.00001
G1 F605.2 X90.641 Y101.561 E0
G1 X90.631 Y101.562 E0
G1 F603.4 X90.621 Y101.562 E0
G1 F601.7 X90.611 Y101.562 E0
G1 F600 X90.601 Y101.563 E0
G1 X90.591 Y101.563 E0
G1 F598.3 X90.581 Y101.564 E0
G1 F596.6 X90.571 Y101.564 E0
G1 X90.561 Y101.564 E0
G1 F594.9 X90.551 Y101.565 E0
G1 F593.3 X90.541 Y101.565 E0
G1 F591.6 X90.531 Y101.565 E0
G1 X90.521 Y101.566 E0
G1 F589.9 X90.511 Y101.566 E0
G1 F588.3 X90.501 Y101.567 E0
G1 F586.7 X90.491 Y101.567 E0
G1 X90.481 Y101.567 E0
G1 F585 X90.471 Y101.568 E0
G1 F583.4 X90.461 Y101.568 E0
G1 F581.8 X90.451 Y101.568 E0
G1 X90.441 Y101.569 E0
G1 F580.2 X90.431 Y101.569 E0
G1 F578.6 X90.421 Y101.57 E0
G1 X90.411 Y101.57 E0
G1 F577 X90.401 Y101.57 E0
G1 F575.5 X90.391 Y101.571 E0
G1 F573.9 X90.381 Y101.571 E0
G1 X90.371 Y101.572 E0
G1 F572.4 X90.361 Y101.572 E0
G1 F570.8 X90.351 Y101.572 E0
G1 F569.3 X90.341 Y101.573 E0
G1 X90.331 Y101.573 E0
G1 F567.7 X90.321 Y101.573 E0
G1 F566.2 X90.311 Y101.574 E0
G1 F564.7 X90.301 Y101.574 E0
G1 X90.291 Y101.575 E0
G1 F563.2 X90.281 Y101.575 E0
G1 F561.7 X90.271 Y101.575 E0
G1 X90.261 Y101.576 E0
G1 F560.2 X90.251 Y101.576 E0
G1 F558.7 X90.241 Y101.576 E0
G1 F557.3 X90.231 Y101.577 E0
G1 X90.221 Y101.577 E0
G1 F555.8 X90.211 Y101.578 E0
G1 F554.3 X90.201 Y101.578 E0
G1 F552.9 X90.191 Y101.578 E0
G1 X90.181 Y101.579 E0
G1 F551.4 X90.171 Y101.579 E0
G1 F550 X90.161 Y101.58 E0
G1 X90.151 Y101.58 E0
G1 F548.6 X90.141 Y101.58 E0
G1 F547.2 X90.131 Y101.581 E0
G1 F545.7 X90.121 Y101.581 E0
G1 X90.111 Y101.581 E0
G1 F544.3 X90.101 Y101.582 E0
G1 F542.9 X90.091 Y101.582 E0
G1 F541.5 X90.081 Y101.583 E0
G1 X90.071 Y101.583 E0
G1 F540.2 X90.061 Y101.583 E0
G1 F538.8 X90.051 Y101.584 E0
G1 F537.4 X90.041 Y101.584 E0
G1 X90.031 Y101.584 E0
G1 F536 X90.021 Y101.585 E0
G1 F534.7 X90.011 Y101.585 E0
G1 X90.001 Y101.586 E0
G1 F533.3 X89.991 Y101.586 E0
G1 F532 X89.981 Y101.586 E0
G1 F530.7 X89.971 Y101.587 E0
G1 X89.961 Y101.587 E0
G1 F529.3 X89.951 Y101.588 E0.00001
G1 F528 X88.863 Y101.587 E0.00054
G1 X88.863 Y102.714 E0.00056
G0 F24000 X93.083 Y103.83
G0 X97.45 Y106.37
G0 X97.808 Y106.809
G0 X97.97 Y107.394
G0 X97.957 Y112.737
G0 X97.825 Y113.158
G0 X97.522 Y113.568
G0 X92.702 Y116.377
G0 X88.864 Y117.283
G1 F528 X88.864 Y118.408 E0.00056
G1 X90.924 Y118.409 E0.00103
G1 X90.44 Y118.193 E0.00026
G1 X88.864 Y117.283 E0.00091
G0 F24000 X93.413 Y118.408
G1 F528 X102.777 Y118.406 E0.00467
G1 X102.641 Y118.349 E0.00007
G1 X102.332 Y118.196 E0.00017
G1 X98.112 Y115.759 E0.00243
G1 X93.973 Y118.151 E0.00238
G1 X93.644 Y118.317 E0.00018
G1 X93.413 Y118.408 E0.00012
G0 F24000 X105.305 Y118.407
G1 F528 X114.701 Y118.408 E0.00469
G1 X114.248 Y118.207 E0.00025
G1 X109.996 Y115.763 E0.00245
G1 X105.796 Y118.185 E0.00242
G1 X105.502 Y118.331 E0.00016
G1 X105.305 Y118.407 E0.00011
G0 F24000 X117.186 Y118.408
G1 F528 X126.561 Y118.406 E0.00468
G1 X126.433 Y118.354 E0.00007
G1 X126.114 Y118.198 E0.00018
G1 X121.887 Y115.763 E0.00243
G1 X117.712 Y118.172 E0.0024
G1 X117.447 Y118.308 E0.00015
G1 X117.186 Y118.408 E0.00014
G0 F24000 X129.066 Y118.408
G1 F528 X131.132 Y118.408 E0.00103
G1 X131.132 Y117.282 E0.00056
G1 X129.598 Y118.171 E0.00088
G1 X129.327 Y118.307 E0.00015
G1 X129.151 Y118.383 E0.0001
G1 X129.066 Y118.408 E0.00004
G0 F24000 X131.532 Y116.589
G1 F528 X129.398 Y117.825 E0.00123
G1 X129.169 Y117.94 E0.00013
G1 X128.992 Y118.016 E0.0001
G1 X128.543 Y118.156 E0.00023
G1 X128.359 Y118.191 E0.00009
G1 F526.7 X128.345 Y118.195 E0.00001
G1 F521.5 X128.331 Y118.199 E0.00001
G1 F517.6 X128.317 Y118.204 E0.00001
G1 F513.9 X128.308 Y118.206 E0
G1 F511.4 X128.298 Y118.208 E0.00001
G1 F507.7 X128.288 Y118.21 E0.00001
G1 F505.3 X128.278 Y118.212 E0.00001
G1 F501.7 X128.269 Y118.215 E0
G1 F499.3 X128.259 Y118.217 E0.00001
G1 F495.8 X128.249 Y118.219 E0.00001
G1 F493.5 X128.239 Y118.221 E0.00001
G1 F491.2 X128.23 Y118.224 E0.00001
G1 F487.8 X128.22 Y118.226 E0.00001
G1 F485.5 X128.21 Y118.228 E0.00001
G1 F482.2 X128.2 Y118.23 E0.00001
G1 F480 X128.191 Y118.232 E0.00001
G1 F476.7 X128.181 Y118.235 E0.00001
G1 F474.6 X128.171 Y118.237 E0.00001
G1 F471.4 X128.161 Y118.239 E0.00001
G1 F469.3 X128.152 Y118.241 E0.00001
G1 F466.2 X128.142 Y118.244 E0.00001
G1 F464.2 X128.132 Y118.246 E0.00001
G1 F461.1 X128.122 Y118.248 E0.00001
G1 F459.1 X128.113 Y118.25 E0.00001
G1 F456.2 X128.103 Y118.253 E0.00001
G1 F454.2 X128.093 Y118.255 E0.00001
G1 F451.3 X128.083 Y118.257 E0.00001
G1 F449.4 X128.074 Y118.259 E0.00001
G1 F447.5 X128.064 Y118.261 E0.00001
G1 F444.6 X128.054 Y118.264 E0.00001
G1 F442.8 X128.044 Y118.266 E0.00001
G1 F440 X128.035 Y118.268 E0.00001
G1 F438.2 X128.025 Y118.27 E0.00001
G1 F435.5 X128.015 Y118.273 E0.00001
G1 F433.7 X128.005 Y118.275 E0.00001
G1 F432.8 X127.899 Y118.277 E0.00006
G1 X127.796 Y118.279 E0.00006
G1 F433.7 X127.748 Y118.279 E0.00003
G1 F434.6 X127.739 Y118.279 E0.00001
G1 X127.729 Y118.278 E0.00001
G1 F433.7 X127.719 Y118.277 E0.00001
G1 X127.709 Y118.277 E0.00001
G1 F432.8 X127.699 Y118.276 E0.00001
G1 X127.689 Y118.275 E0.00001
G1 F431.9 X127.679 Y118.275 E0.00001
G1 X127.669 Y118.274 E0.00001
G1 F431 X127.659 Y118.273 E0.00001
G1 X127.649 Y118.273 E0.00001
G1 F430.1 X127.639 Y118.272 E0.00001
G1 F429.3 X127.629 Y118.271 E0.00001
G1 X127.619 Y118.271 E0.00001
G1 F428.4 X127.609 Y118.27 E0.00001
G1 X127.599 Y118.269 E0.00001
G1 F427.5 X127.589 Y118.269 E0.00001
G1 X127.579 Y118.268 E0.00001
G1 F426.7 X127.569 Y118.267 E0.00001
G1 X127.559 Y118.267 E0.00001
G1 F425.8 X127.549 Y118.266 E0.00001
G1 X127.539 Y118.265 E0.00001
G1 F424.9 X127.529 Y118.265 E0.00001
G1 X127.519 Y118.264 E0.00001
G1 F424.1 X127.509 Y118.263 E0.00001
G1 X127.499 Y118.263 E0.00001
G1 F423.2 X127.489 Y118.262 E0.00001
G1 X127.479 Y118.261 E0.00001
G1 F422.4 X127.469 Y118.26 E0.00001
G1 X127.459 Y118.26 E0.00001
G1 F421.6 X127.449 Y118.259 E0.00001
G1 X127.439 Y118.258 E0.00001
G1 F420.7 X127.429 Y118.258 E0.00001
G1 F419.9 X127.419 Y118.257 E0.00001
G1 X127.409 Y118.256 E0.00001
G1 F419 X127.399 Y118.256 E0.00001
G1 X127.389 Y118.255 E0.00001
G1 F418.2 X127.379 Y118.254 E0.00001
G1 X127.369 Y118.254 E0.00001
G1 F417.4 X127.359 Y118.253 E0.00001
G1 X127.349 Y118.252 E0.00001
G1 F416.6 X127.339 Y118.252 E0.00001
G1 X127.329 Y118.251 E0.00001
G1 F417.4 X127.313 Y118.247 E0.00001
G1 F419.9 X127.304 Y118.244 E0.00001
G1 F421.6 X127.294 Y118.241 E0.00001
G1 F424.1 X127.285 Y118.238 E0.00001
G1 F426.7 X127.275 Y118.234 E0.00001
G1 F429.3 X127.266 Y118.231 E0.00001
G1 F431 X127.256 Y118.228 E0.00001
G1 F433.7 X127.247 Y118.225 E0.00001
G1 F436.4 X127.237 Y118.221 E0.00001
G1 F439.1 X127.228 Y118.218 E0.00001
G1 F440.9 X127.218 Y118.215 E0.00001
G1 F443.7 X127.209 Y118.212 E0.00001
G1 F446.5 X127.199 Y118.209 E0.00001
G1 F449.4 X127.19 Y118.205 E0.00001
G1 F452.2 X127.18 Y118.202 E0.00001
G1 F454.2 X127.171 Y118.199 E0.00001
G1 F457.1 X127.161 Y118.196 E0.00001
G1 F460.1 X127.152 Y118.192 E0.00001
G1 F463.2 X127.142 Y118.189 E0.00001
G1 F465.2 X127.133 Y118.186 E0.00001
G1 F468.3 X127.123 Y118.183 E0.00001
G1 F470.4 X127.11 Y118.178 E0.00001
G1 F471.4 X127.101 Y118.175 E0.00001
G1 F472.5 X127.091 Y118.171 E0.00001
G1 F474.6 X127.082 Y118.168 E0.00001
G1 F475.7 X127.072 Y118.165 E0.00001
G1 F476.7 X127.063 Y118.161 E0.00001
G1 F477.8 X127.054 Y118.158 E0.00001
G1 F478.9 X127.044 Y118.155 E0.00001
G1 F480 X127.035 Y118.151 E0.00001
G1 F482.2 X127.025 Y118.148 E0.00001
G1 F483.3 X127.016 Y118.144 E0.00001
G1 F484.4 X127.006 Y118.141 E0.00001
G1 F485.5 X126.997 Y118.138 E0.00001
G1 F486.6 X126.988 Y118.134 E0.00001
G1 F487.8 X126.978 Y118.131 E0.00001
G1 F490 X126.969 Y118.128 E0.00001
G1 F491.2 X126.959 Y118.124 E0.00001
G1 F492.3 X126.95 Y118.121 E0.00001
G1 F493.5 X126.94 Y118.117 E0.00001
G1 F494.6 X126.931 Y118.114 E0.00001
G1 F495.8 X126.922 Y118.111 E0.00001
G1 F496.9 X126.912 Y118.107 E0.00001
G1 F499.3 X126.903 Y118.104 E0.00001
G1 F500.5 X126.893 Y118.101 E0.00001
G1 F501.7 X126.884 Y118.097 E0.00001
G1 F502.9 X126.875 Y118.094 E0
G1 F504.1 X126.865 Y118.09 E0.00001
G1 F505.3 X126.856 Y118.087 E0
G1 F507.7 X126.846 Y118.084 E0.00001
G1 F508.9 X126.837 Y118.08 E0.00001
G1 F510.1 X126.827 Y118.077 E0.00001
G1 F511.4 X126.818 Y118.074 E0
G1 F512.6 X126.809 Y118.07 E0.00001
G1 F513.9 X126.799 Y118.067 E0.00001
G1 F516.4 X126.79 Y118.063 E0.00001
G1 F517.6 X126.78 Y118.06 E0.00001
G1 F518.9 X126.771 Y118.057 E0
G1 F520.2 X126.761 Y118.053 E0.00001
G1 F521.5 X126.752 Y118.05 E0
G1 F522.8 X126.743 Y118.047 E0
G1 F525.4 X126.733 Y118.043 E0.00001
G1 F526.7 X126.724 Y118.04 E0
G1 F528 X126.714 Y118.037 E0.00001
G1 X126.584 Y117.983 E0.00007
G1 X126.314 Y117.851 E0.00015
G1 X121.913 Y115.316 E0.00253
G1 X121.887 Y115.301 E0.00001
G1 X121.861 Y115.316 E0.00001
G1 X117.512 Y117.825 E0.0025
G1 X117.275 Y117.947 E0.00013
G1 X116.982 Y118.061 E0.00016
G1 X116.802 Y118.117 E0.00009
G1 X116.528 Y118.183 E0.00014
G1 X116.221 Y118.222 E0.00015
G1 X115.856 Y118.236 E0.00018
G1 X115.482 Y118.205 E0.00019
G1 X115.366 Y118.185 E0.00006
G1 X115.057 Y118.108 E0.00016
G1 X114.86 Y118.044 E0.0001
G1 X114.448 Y117.86 E0.00023
G1 X110.022 Y115.316 E0.00255
G1 X109.996 Y115.301 E0.00001
G1 X109.97 Y115.316 E0.00001
G1 X105.596 Y117.838 E0.00252
G1 X105.224 Y118.014 E0.00021
G1 X104.977 Y118.099 E0.00013
G1 F526.7 X104.967 Y118.103 E0.00001
G1 F524.1 X104.957 Y118.107 E0.00001
G1 F520.2 X104.947 Y118.112 E0.00001
G1 F516.4 X104.937 Y118.116 E0.00001
G1 F513.9 X104.927 Y118.12 E0.00001
G1 F510.1 X104.917 Y118.125 E0.00001
G1 F506.5 X104.907 Y118.129 E0.00001
G1 F504.1 X104.897 Y118.133 E0.00001
G1 F500.5 X104.887 Y118.138 E0.00001
G1 F496.9 X104.876 Y118.142 E0.00001
G1 F494.6 X104.866 Y118.146 E0.00001
G1 F491.2 X104.856 Y118.151 E0.00001
G1 F487.8 X104.846 Y118.155 E0.00001
G1 F485.5 X104.836 Y118.159 E0.00001
G1 F482.2 X104.833 Y118.16 E0
G1 F478.9 X104.824 Y118.164 E0.00001
G1 F474.6 X104.815 Y118.168 E0.00001
G1 F471.4 X104.805 Y118.171 E0.00001
G1 F468.3 X104.796 Y118.175 E0.00001
G1 F465.2 X104.787 Y118.179 E0.00001
G1 F461.1 X104.777 Y118.183 E0.00001
G1 F458.1 X104.768 Y118.186 E0.00001
G1 F455.2 X104.759 Y118.19 E0.00001
G1 F452.2 X104.75 Y118.194 E0.00001
G1 F448.4 X104.74 Y118.198 E0.00001
G1 F445.6 X104.731 Y118.201 E0.00001
G1 F442.8 X104.722 Y118.205 E0.00001
G1 F439.1 X104.712 Y118.209 E0.00001
G1 F436.4 X104.703 Y118.213 E0.00001
G1 F433.7 X104.694 Y118.216 E0.00001
G1 F431 X104.685 Y118.22 E0.00001
G1 F427.5 X104.675 Y118.224 E0.00001
G1 F424.9 X104.666 Y118.228 E0.00001
G1 F422.4 X104.657 Y118.231 E0.00001
G1 F419.9 X104.647 Y118.235 E0.00001
G1 F416.6 X104.638 Y118.239 E0.00001
G1 F414.1 X104.629 Y118.243 E0.00001
G1 F413.3 X104.61 Y118.247 E0.00001
G1 F414.1 X104.598 Y118.248 E0.00001
G1 F414.9 X104.586 Y118.249 E0.00001
G1 F415.7 X104.574 Y118.25 E0.00001
G1 F416.6 X104.562 Y118.251 E0.00001
G1 F417.4 X104.55 Y118.252 E0.00001
G1 F418.2 X104.538 Y118.253 E0.00001
G1 F419 X104.526 Y118.254 E0.00001
G1 X104.514 Y118.255 E0.00001
G1 F419.9 X104.502 Y118.256 E0.00001
G1 F420.7 X104.49 Y118.258 E0.00001
G1 F421.6 X104.478 Y118.259 E0.00001
G1 F422.4 X104.466 Y118.26 E0.00001
G1 F423.2 X104.454 Y118.261 E0.00001
G1 F424.1 X104.442 Y118.262 E0.00001
G1 F424.9 X104.43 Y118.263 E0.00001
G1 F425.8 X104.418 Y118.264 E0.00001
G1 F426.7 X104.384 Y118.266 E0.00002
G1 F427.5 X104.354 Y118.268 E0.00002
G1 F428.4 X104.324 Y118.27 E0.00002
G1 F430.1 X104.294 Y118.272 E0.00002
G1 F431 X104.264 Y118.274 E0.00002
G1 F431.9 X104.22 Y118.275 E0.00003
G1 F432.8 X104.174 Y118.276 E0.00003
G1 F433.7 X104.128 Y118.277 E0.00003
G1 F434.6 X104.082 Y118.279 E0.00003
G1 X103.968 Y118.279 E0.00007
G1 X103.959 Y118.279 E0.00001
G1 X103.949 Y118.278 E0.00001
G1 F433.7 X103.939 Y118.278 E0.00001
G1 X103.929 Y118.277 E0.00001
G1 F432.8 X103.919 Y118.276 E0.00001
G1 X103.909 Y118.276 E0.00001
G1 F431.9 X103.899 Y118.275 E0.00001
G1 X103.889 Y118.275 E0.00001
G1 F431 X103.879 Y118.274 E0.00001
G1 X103.869 Y118.273 E0.00001
G1 F430.1 X103.859 Y118.273 E0.00001
G1 X103.849 Y118.272 E0.00001
G1 F429.3 X103.839 Y118.271 E0.00001
G1 X103.829 Y118.271 E0.00001
G1 F428.4 X103.819 Y118.27 E0.00001
G1 X103.809 Y118.27 E0.00001
G1 F427.5 X103.799 Y118.269 E0.00001
G1 X103.789 Y118.268 E0.00001
G1 F426.7 X103.779 Y118.268 E0.00001
G1 X103.769 Y118.267 E0.00001
G1 F425.8 X103.759 Y118.266 E0.00001
G1 X103.749 Y118.266 E0.00001
G1 F424.9 X103.739 Y118.265 E0.00001
G1 X103.729 Y118.265 E0.00001
G1 F424.1 X103.719 Y118.264 E0.00001
G1 X103.709 Y118.263 E0.00001
G1 F423.2 X103.699 Y118.263 E0.00001
G1 X103.689 Y118.262 E0.00001
G1 F422.4 X103.679 Y118.261 E0.00001
G1 X103.669 Y118.261 E0.00001
G1 F421.6 X103.659 Y118.26 E0.00001
G1 X103.649 Y118.26 E0.00001
G1 F420.7 X103.639 Y118.259 E0.00001
G1 X103.629 Y118.258 E0.00001
G1 F419.9 X103.619 Y118.258 E0.00001
G1 X103.609 Y118.257 E0.00001
G1 F419 X103.599 Y118.256 E0.00001
G1 X103.589 Y118.256 E0.00001
G1 F418.2 X103.579 Y118.255 E0.00001
G1 X103.569 Y118.255 E0.00001
G1 F419 X103.559 Y118.251 E0.00001
G1 F421.6 X103.549 Y118.248 E0.00001
G1 F423.2 X103.54 Y118.245 E0.00001
G1 F425.8 X103.53 Y118.242 E0.00001
G1 F428.4 X103.521 Y118.239 E0.00001
G1 F431 X103.511 Y118.236 E0.00001
G1 F432.8 X103.502 Y118.233 E0.00001
G1 F435.5 X103.492 Y118.23 E0.00001
G1 F438.2 X103.483 Y118.226 E0.00001
G1 F440.9 X103.473 Y118.223 E0.00001
G1 F442.8 X103.464 Y118.22 E0.00001
G1 F445.6 X103.454 Y118.217 E0.00001
G1 F448.4 X103.445 Y118.214 E0.00001
G1 F451.3 X103.435 Y118.211 E0.00001
G1 F453.2 X103.426 Y118.208 E0.00001
G1 F456.2 X103.416 Y118.205 E0.00001
G1 F459.1 X103.407 Y118.201 E0.00001
G1 F462.1 X103.397 Y118.198 E0.00001
G1 F464.2 X103.388 Y118.195 E0.00001
G1 F467.3 X103.378 Y118.192 E0.00001
G1 F469.3 X103.364 Y118.187 E0.00001
G1 F470.4 X103.355 Y118.184 E0.00001
G1 F471.4 X103.345 Y118.181 E0.00001
G1 F472.5 X103.336 Y118.177 E0.00001
G1 F473.5 X103.326 Y118.174 E0.00001
G1 F475.7 X103.317 Y118.171 E0.00001
G1 F476.7 X103.307 Y118.167 E0.00001
G1 F477.8 X103.298 Y118.164 E0.00001
G1 F478.9 X103.288 Y118.161 E0.00001
G1 F480 X103.279 Y118.157 E0.00001
G1 F481.1 X103.27 Y118.154 E0.00001
G1 F482.2 X103.26 Y118.151 E0.00001
G1 F483.3 X103.251 Y118.148 E0.00001
G1 F484.4 X103.241 Y118.144 E0.00001
G1 F486.6 X103.232 Y118.141 E0.00001
G1 F487.8 X103.222 Y118.138 E0.00001
G1 F488.9 X103.213 Y118.134 E0.00001
G1 F490 X103.203 Y118.131 E0.00001
G1 F491.2 X103.194 Y118.128 E0.00001
G1 F492.3 X103.185 Y118.124 E0.00001
G1 F493.5 X103.175 Y118.121 E0.00001
G1 F494.6 X103.166 Y118.118 E0.00001
G1 F495.8 X103.156 Y118.114 E0.00001
G1 F498.1 X103.147 Y118.111 E0.00001
G1 F499.3 X103.137 Y118.108 E0.00001
G1 F500.5 X103.128 Y118.105 E0
G1 F501.7 X103.118 Y118.101 E0.00001
G1 F502.9 X103.109 Y118.098 E0
G1 F504.1 X103.1 Y118.095 E0
G1 F505.3 X103.09 Y118.091 E0.00001
G1 F506.5 X103.081 Y118.088 E0
G1 F507.7 X103.071 Y118.085 E0.00001
G1 F510.1 X103.062 Y118.081 E0.00001
G1 F511.4 X103.052 Y118.078 E0.00001
G1 F512.6 X103.043 Y118.075 E0
G1 F513.9 X103.033 Y118.072 E0.00001
G1 F515.1 X103.024 Y118.068 E0.00001
G1 F516.4 X103.015 Y118.065 E0
G1 F517.6 X103.005 Y118.062 E0.00001
G1 F518.9 X102.996 Y118.058 E0
G1 F520.2 X102.986 Y118.055 E0.00001
G1 F522.8 X102.977 Y118.052 E0
G1 F524.1 X102.967 Y118.048 E0.00001
G1 F525.4 X102.958 Y118.045 E0
G1 F526.7 X102.948 Y118.042 E0.00001
G1 F528 X102.939 Y118.038 E0
G1 X102.794 Y117.979 E0.00008
G1 X102.532 Y117.849 E0.00015
G1 X98.145 Y115.316 E0.00253
G1 X98.112 Y115.297 E0.00002
G1 X98.079 Y115.316 E0.00002
G1 X93.773 Y117.805 E0.00248
G1 X93.474 Y117.955 E0.00017
G1 X93.1 Y118.095 E0.0002
G1 X92.836 Y118.166 E0.00014
G1 X92.664 Y118.199 E0.00009
G1 X92.284 Y118.232 E0.00019
G1 X92.064 Y118.232 E0.00011
G1 X91.702 Y118.203 E0.00018
G1 X91.582 Y118.184 E0.00006
G1 X91.211 Y118.087 E0.00019
G1 X91.008 Y118.015 E0.00011
G1 X90.64 Y117.846 E0.0002
G1 X88.464 Y116.591 E0.00125
G1 X88.464 Y118.808 E0.00111
G1 X102.777 Y118.808 E0.00714
G1 X102.786 Y118.808 E0
G1 F526.7 X102.796 Y118.808 E0.00001
G1 F525.4 X102.806 Y118.807 E0.00001
G1 F524.1 X102.816 Y118.807 E0.00001
G1 F522.8 X102.826 Y118.806 E0.00001
G1 F521.5 X102.836 Y118.806 E0.00001
G1 F520.2 X102.846 Y118.805 E0.00001
G1 F518.9 X102.856 Y118.805 E0.00001
G1 F517.6 X102.866 Y118.804 E0.00001
G1 X102.876 Y118.804 E0.00001
G1 F516.4 X102.886 Y118.803 E0.00001
G1 F515.1 X102.896 Y118.803 E0.00001
G1 F513.9 X102.906 Y118.803 E0.00001
G1 F512.6 X102.916 Y118.802 E0.00001
G1 F511.4 X102.926 Y118.802 E0.00001
G1 F510.1 X102.936 Y118.801 E0.00001
G1 F508.9 X102.946 Y118.801 E0.00001
G1 F507.7 X102.956 Y118.8 E0.00001
G1 F506.5 X102.966 Y118.8 E0.00001
G1 F505.3 X102.976 Y118.799 E0.00001
G1 F504.1 X102.986 Y118.799 E0.00001
G1 F502.9 X102.996 Y118.798 E0.00001
G1 F501.7 X103.006 Y118.798 E0.00001
G1 F500.5 X103.016 Y118.797 E0.00001
G1 F499.3 X103.026 Y118.797 E0.00001
G1 F498.1 X103.036 Y118.797 E0.00001
G1 F496.9 X103.046 Y118.796 E0.00001
G1 X103.056 Y118.796 E0.00001
G1 F495.8 X103.066 Y118.795 E0.00001
G1 F494.6 X103.076 Y118.795 E0.00001
G1 F493.5 X103.086 Y118.794 E0.00001
G1 F492.3 X103.096 Y118.794 E0.00001
G1 F491.2 X103.106 Y118.793 E0.00001
G1 F490 X103.116 Y118.793 E0.00001
G1 F488.9 X103.126 Y118.792 E0.00001
G1 F487.8 X103.136 Y118.792 E0.00001
G1 F486.6 X103.146 Y118.792 E0.00001
G1 F485.5 X103.156 Y118.791 E0.00001
G1 F484.4 X103.166 Y118.791 E0.00001
G1 F483.3 X103.176 Y118.79 E0.00001
G1 F482.2 X103.186 Y118.79 E0.00001
G1 F481.1 X103.196 Y118.789 E0.00001
G1 F480 X103.206 Y118.789 E0.00001
G1 F478.9 X103.216 Y118.788 E0.00001
G1 F477.8 X103.226 Y118.788 E0.00001
G1 X103.236 Y118.787 E0.00001
G1 F476.7 X103.246 Y118.787 E0.00001
G1 F475.7 X103.256 Y118.786 E0.00001
G1 F474.6 X103.266 Y118.786 E0.00001
G1 F473.5 X103.276 Y118.786 E0.00001
G1 F472.5 X103.286 Y118.785 E0.00001
G1 F471.4 X103.296 Y118.785 E0.00001
G1 F470.4 X103.306 Y118.784 E0.00001
G1 F469.3 X103.316 Y118.784 E0.00001
G1 F467.3 X103.33 Y118.782 E0.00001
G1 F464.2 X103.34 Y118.781 E0.00001
G1 F462.1 X103.35 Y118.779 E0.00001
G1 F459.1 X103.36 Y118.778 E0.00001
G1 F456.2 X103.37 Y118.777 E0.00001
G1 F453.2 X103.38 Y118.775 E0.00001
G1 F451.3 X103.39 Y118.774 E0.00001
G1 F448.4 X103.4 Y118.773 E0.00001
G1 F445.6 X103.41 Y118.771 E0.00001
G1 F442.8 X103.42 Y118.77 E0.00001
G1 F440.9 X103.429 Y118.768 E0.00001
G1 F438.2 X103.439 Y118.767 E0.00001
G1 F435.5 X103.449 Y118.766 E0.00001
G1 F432.8 X103.459 Y118.764 E0.00001
G1 F431 X103.469 Y118.763 E0.00001
G1 F428.4 X103.479 Y118.762 E0.00001
G1 F425.8 X103.489 Y118.76 E0.00001
G1 F423.2 X103.499 Y118.759 E0.00001
G1 F421.6 X103.509 Y118.758 E0.00001
G1 F419 X103.519 Y118.756 E0.00001
G1 F418.2 X103.534 Y118.755 E0.00001
G1 X103.544 Y118.755 E0.00001
G1 F419 X103.554 Y118.755 E0.00001
G1 X103.564 Y118.755 E0.00001
G1 F419.9 X103.574 Y118.756 E0.00001
G1 X103.584 Y118.756 E0.00001
G1 X103.594 Y118.756 E0.00001
G1 F420.7 X103.604 Y118.756 E0.00001
G1 X103.614 Y118.757 E0.00001
G1 F421.6 X103.624 Y118.757 E0.00001
G1 X103.634 Y118.757 E0.00001
G1 F422.4 X103.644 Y118.757 E0.00001
G1 X103.654 Y118.757 E0.00001
G1 F423.2 X103.664 Y118.758 E0.00001
G1 X103.674 Y118.758 E0.00001
G1 F424.1 X103.684 Y118.758 E0.00001
G1 X103.694 Y118.758 E0.00001
G1 X103.704 Y118.759 E0.00001
G1 F424.9 X103.714 Y118.759 E0.00001
G1 X103.724 Y118.759 E0.00001
G1 F425.8 X103.734 Y118.759 E0.00001
G1 X103.744 Y118.759 E0.00001
G1 F426.7 X103.754 Y118.76 E0.00001
G1 X103.764 Y118.76 E0.00001
G1 F427.5 X103.774 Y118.76 E0.00001
G1 X103.784 Y118.76 E0.00001
G1 F428.4 X103.794 Y118.761 E0.00001
G1 X103.804 Y118.761 E0.00001
G1 X103.814 Y118.761 E0.00001
G1 F429.3 X103.824 Y118.761 E0.00001
G1 X103.834 Y118.761 E0.00001
G1 F430.1 X103.844 Y118.762 E0.00001
G1 X103.854 Y118.762 E0.00001
G1 F431 X103.864 Y118.762 E0.00001
G1 X103.874 Y118.762 E0.00001
G1 F431.9 X103.884 Y118.763 E0.00001
G1 X103.894 Y118.763 E0.00001
G1 F432.8 X103.904 Y118.763 E0.00001
G1 X103.914 Y118.763 E0.00001
G1 X103.924 Y118.764 E0.00001
G1 F433.7 X103.934 Y118.764 E0.00001
G1 X103.944 Y118.764 E0.00001
G1 F434.6 X103.954 Y118.764 E0.00001
G1 X103.964 Y118.764 E0.00001
G1 X104.084 Y118.765 E0.00007
G1 X104.124 Y118.765 E0.00002
G1 F433.7 X104.164 Y118.765 E0.00002
G1 F432.8 X104.204 Y118.764 E0.00002
G1 X104.244 Y118.764 E0.00002
G1 F431.9 X104.284 Y118.764 E0.00002
G1 F431 X104.315 Y118.763 E0.00002
G1 F430.1 X104.345 Y118.762 E0.00002
G1 F428.4 X104.375 Y118.762 E0.00002
G1 F427.5 X104.405 Y118.761 E0.00002
G1 F426.7 X104.435 Y118.76 E0.00002
G1 F425.8 X104.446 Y118.76 E0.00001
G1 F424.9 X104.458 Y118.76 E0.00001
G1 F424.1 X104.47 Y118.759 E0.00001
G1 X104.482 Y118.759 E0.00001
G1 F423.2 X104.494 Y118.759 E0.00001
G1 F422.4 X104.506 Y118.758 E0.00001
G1 F421.6 X104.518 Y118.758 E0.00001
G1 F420.7 X104.53 Y118.758 E0.00001
G1 F419.9 X104.542 Y118.757 E0.00001
G1 F419 X104.554 Y118.757 E0.00001
G1 X104.566 Y118.756 E0.00001
G1 F418.2 X104.578 Y118.756 E0.00001
G1 F417.4 X104.59 Y118.756 E0.00001
G1 F416.6 X104.602 Y118.755 E0.00001
G1 F415.7 X104.614 Y118.755 E0.00001
G1 F414.9 X104.626 Y118.755 E0.00001
G1 X104.638 Y118.754 E0.00001
G1 F414.1 X104.65 Y118.754 E0.00001
G1 F413.3 X104.662 Y118.754 E0.00001
G1 F414.1 X104.674 Y118.754 E0.00001
G1 F416.6 X104.684 Y118.755 E0.00001
G1 F419 X104.694 Y118.757 E0.00001
G1 F421.6 X104.704 Y118.758 E0.00001
G1 F423.2 X104.714 Y118.759 E0.00001
G1 F425.8 X104.724 Y118.761 E0.00001
G1 F428.4 X104.734 Y118.762 E0.00001
G1 F431 X104.744 Y118.764 E0.00001
G1 F433.7 X104.753 Y118.765 E0.00001
G1 F436.4 X104.763 Y118.766 E0.00001
G1 F439.1 X104.773 Y118.768 E0.00001
G1 F441.8 X104.783 Y118.769 E0.00001
G1 F444.6 X104.793 Y118.77 E0.00001
G1 F446.5 X104.803 Y118.772 E0.00001
G1 F449.4 X104.813 Y118.773 E0.00001
G1 F452.2 X104.823 Y118.775 E0.00001
G1 F455.2 X104.833 Y118.776 E0.00001
G1 F458.1 X104.842 Y118.777 E0.00001
G1 F461.1 X104.852 Y118.779 E0.00001
G1 F464.2 X104.862 Y118.78 E0.00001
G1 F467.3 X104.872 Y118.781 E0.00001
G1 F470.4 X104.882 Y118.783 E0.00001
G1 F472.5 X104.892 Y118.784 E0.00001
G1 F475.7 X104.902 Y118.786 E0.00001
G1 F478.9 X104.912 Y118.787 E0.00001
G1 F482.2 X104.922 Y118.788 E0.00001
G1 F485.5 X104.94 Y118.791 E0.00001
G1 F487.8 X104.951 Y118.792 E0.00001
G1 F491.2 X104.962 Y118.794 E0.00001
G1 F494.6 X104.973 Y118.795 E0.00001
G1 F496.9 X104.984 Y118.796 E0.00001
G1 F500.5 X104.995 Y118.798 E0.00001
G1 F504.1 X105.006 Y118.799 E0.00001
G1 F506.5 X105.017 Y118.8 E0.00001
G1 F510.1 X105.028 Y118.802 E0.00001
G1 F513.9 X105.039 Y118.803 E0.00001
G1 F516.4 X105.05 Y118.804 E0.00001
G1 F520.2 X105.061 Y118.806 E0.00001
G1 F524.1 X105.072 Y118.807 E0.00001
G1 F526.7 X105.082 Y118.808 E0.00001
G1 F528 X126.561 Y118.807 E0.01072
G1 X126.57 Y118.807 E0
G1 F526.7 X126.58 Y118.807 E0.00001
G1 F525.4 X126.59 Y118.806 E0.00001
G1 F524.1 X126.6 Y118.806 E0.00001
G1 F522.8 X126.61 Y118.805 E0.00001
G1 F521.5 X126.62 Y118.805 E0.00001
G1 F520.2 X126.63 Y118.804 E0.00001
G1 F518.9 X126.64 Y118.804 E0.00001
G1 F517.6 X126.65 Y118.803 E0.00001
G1 F516.4 X126.66 Y118.803 E0.00001
G1 F515.1 X126.67 Y118.802 E0.00001
G1 F513.9 X126.68 Y118.802 E0.00001
G1 F512.6 X126.69 Y118.801 E0.00001
G1 F511.4 X126.7 Y118.801 E0.00001
G1 F510.1 X126.71 Y118.8 E0.00001
G1 F508.9 X126.72 Y118.8 E0.00001
G1 F507.7 X126.73 Y118.799 E0.00001
G1 F506.5 X126.74 Y118.799 E0.00001
G1 F505.3 X126.75 Y118.798 E0.00001
G1 F504.1 X126.76 Y118.798 E0.00001
G1 F502.9 X126.77 Y118.797 E0.00001
G1 F501.7 X126.78 Y118.797 E0.00001
G1 F500.5 X126.79 Y118.797 E0.00001
G1 F499.3 X126.8 Y118.796 E0.00001
G1 F498.1 X126.81 Y118.796 E0.00001
G1 F496.9 X126.82 Y118.795 E0.00001
G1 F495.8 X126.83 Y118.795 E0.00001
G1 F494.6 X126.84 Y118.794 E0.00001
G1 F493.5 X126.85 Y118.794 E0.00001
G1 F492.3 X126.86 Y118.793 E0.00001
G1 F491.2 X126.87 Y118.793 E0.00001
G1 F490 X126.88 Y118.792 E0.00001
G1 F488.9 X126.89 Y118.792 E0.00001
G1 F487.8 X126.9 Y118.791 E0.00001
G1 F486.6 X126.91 Y118.791 E0.00001
G1 F485.5 X126.92 Y118.79 E0.00001
G1 F484.4 X126.93 Y118.79 E0.00001
G1 F483.3 X126.94 Y118.789 E0.00001
G1 F482.2 X126.95 Y118.789 E0.00001
G1 F481.1 X126.96 Y118.788 E0.00001
G1 F480 X126.97 Y118.788 E0.00001
G1 F478.9 X126.98 Y118.787 E0.00001
G1 F477.8 X126.99 Y118.787 E0.00001
G1 F476.7 X127 Y118.786 E0.00001
G1 F475.7 X127.01 Y118.786 E0.00001
G1 F474.6 X127.02 Y118.786 E0.00001
G1 F473.5 X127.03 Y118.785 E0.00001
G1 F472.5 X127.04 Y118.785 E0.00001
G1 F471.4 X127.05 Y118.784 E0.00001
G1 F470.4 X127.06 Y118.784 E0.00001
G1 F468.3 X127.071 Y118.782 E0.00001
G1 F465.2 X127.081 Y118.781 E0.00001
G1 F463.2 X127.091 Y118.779 E0.00001
G1 F460.1 X127.101 Y118.778 E0.00001
G1 F457.1 X127.111 Y118.776 E0.00001
G1 F454.2 X127.121 Y118.775 E0.00001
G1 F452.2 X127.131 Y118.774 E0.00001
G1 F449.4 X127.141 Y118.772 E0.00001
G1 F446.5 X127.151 Y118.771 E0.00001
G1 F443.7 X127.161 Y118.769 E0.00001
G1 F440.9 X127.17 Y118.768 E0.00001
G1 F439.1 X127.18 Y118.767 E0.00001
G1 F436.4 X127.19 Y118.765 E0.00001
G1 F433.7 X127.2 Y118.764 E0.00001
G1 F431 X127.21 Y118.762 E0.00001
G1 F429.3 X127.22 Y118.761 E0.00001
G1 F426.7 X127.23 Y118.76 E0.00001
G1 F424.1 X127.24 Y118.758 E0.00001
G1 F421.6 X127.25 Y118.757 E0.00001
G1 F419.9 X127.26 Y118.755 E0.00001
G1 F417.4 X127.27 Y118.754 E0.00001
G1 F416.6 X127.284 Y118.753 E0.00001
G1 X127.294 Y118.753 E0.00001
G1 F417.4 X127.304 Y118.753 E0.00001
G1 X127.314 Y118.754 E0.00001
G1 F418.2 X127.324 Y118.754 E0.00001
G1 X127.334 Y118.754 E0.00001
G1 F419 X127.344 Y118.754 E0.00001
G1 X127.354 Y118.755 E0.00001
G1 X127.364 Y118.755 E0.00001
G1 F419.9 X127.374 Y118.755 E0.00001
G1 X127.384 Y118.755 E0.00001
G1 F420.7 X127.394 Y118.756 E0.00001
G1 X127.404 Y118.756 E0.00001
G1 F421.6 X127.414 Y118.756 E0.00001
G1 X127.424 Y118.756 E0.00001
G1 F422.4 X127.434 Y118.757 E0.00001
G1 X127.444 Y118.757 E0.00001
G1 F423.2 X127.454 Y118.757 E0.00001
G1 X127.464 Y118.757 E0.00001
G1 F424.1 X127.474 Y118.758 E0.00001
G1 X127.484 Y118.758 E0.00001
G1 F424.9 X127.494 Y118.758 E0.00001
G1 X127.504 Y118.758 E0.00001
G1 X127.514 Y118.759 E0.00001
G1 F425.8 X127.524 Y118.759 E0.00001
G1 X127.534 Y118.759 E0.00001
G1 F426.7 X127.544 Y118.759 E0.00001
G1 X127.554 Y118.76 E0.00001
G1 F427.5 X127.564 Y118.76 E0.00001
G1 X127.574 Y118.76 E0.00001
G1 F428.4 X127.584 Y118.76 E0.00001
G1 X127.594 Y118.761 E0.00001
G1 F429.3 X127.604 Y118.761 E0.00001
G1 X127.614 Y118.761 E0.00001
G1 F430.1 X127.624 Y118.761 E0.00001
G1 X127.634 Y118.762 E0.00001
G1 F431 X127.644 Y118.762 E0.00001
G1 X127.654 Y118.762 E0.00001
G1 F431.9 X127.664 Y118.762 E0.00001
G1 X127.674 Y118.763 E0.00001
G1 X127.684 Y118.763 E0.00001
G1 F432.8 X127.694 Y118.763 E0.00001
G1 X127.704 Y118.763 E0.00001
G1 F433.7 X127.714 Y118.764 E0.00001
G1 X127.724 Y118.764 E0.00001
G1 F434.6 X127.734 Y118.764 E0.00001
G1 X127.744 Y118.764 E0.00001
G1 F433.7 X127.801 Y118.765 E0.00003
G1 F432.8 X127.905 Y118.765 E0.00006
G1 X128.009 Y118.764 E0.00006
G1 F433.7 X128.018 Y118.765 E0.00001
G1 F435.5 X128.028 Y118.766 E0.00001
G1 F437.3 X128.038 Y118.767 E0.00001
G1 F439.1 X128.048 Y118.768 E0.00001
G1 F440.9 X128.058 Y118.769 E0.00001
G1 F443.7 X128.068 Y118.77 E0.00001
G1 F445.6 X128.078 Y118.771 E0.00001
G1 F447.5 X128.088 Y118.772 E0.00001
G1 F449.4 X128.098 Y118.773 E0.00001
G1 F451.3 X128.108 Y118.775 E0.00001
G1 F454.2 X128.118 Y118.776 E0.00001
G1 F456.2 X128.128 Y118.777 E0.00001
G1 F458.1 X128.138 Y118.778 E0.00001
G1 F460.1 X128.148 Y118.779 E0.00001
G1 F462.1 X128.158 Y118.78 E0.00001
G1 F465.2 X128.168 Y118.781 E0.00001
G1 F467.3 X128.178 Y118.782 E0.00001
G1 F469.3 X128.188 Y118.783 E0.00001
G1 F471.4 X128.197 Y118.784 E0.00001
G1 F473.5 X128.207 Y118.786 E0.00001
G1 F475.7 X128.217 Y118.787 E0.00001
G1 F478.9 X128.227 Y118.788 E0.00001
G1 F481.1 X128.237 Y118.789 E0.00001
G1 F483.3 X128.247 Y118.79 E0.00001
G1 F485.5 X128.257 Y118.791 E0.00001
G1 F487.8 X128.267 Y118.792 E0.00001
G1 F491.2 X128.277 Y118.793 E0.00001
G1 F493.5 X128.287 Y118.794 E0.00001
G1 F495.8 X128.297 Y118.796 E0.00001
G1 F498.1 X128.307 Y118.797 E0.00001
G1 F500.5 X128.317 Y118.798 E0.00001
G1 F504.1 X128.327 Y118.799 E0.00001
G1 F506.5 X128.337 Y118.8 E0.00001
G1 F508.9 X128.347 Y118.801 E0.00001
G1 F511.4 X128.357 Y118.802 E0.00001
G1 F513.9 X128.367 Y118.803 E0.00001
G1 F517.6 X128.385 Y118.805 E0.00001
G1 F521.5 X128.401 Y118.806 E0.00001
G1 F526.7 X128.417 Y118.807 E0.00001
G1 F528 X131.532 Y118.808 E0.00155
G1 X131.532 Y116.589 E0.00111
G0 F24000 X127.706 Y116.475
G0 X127.223 Y116.346
G0 X122.548 Y113.629
G0 X122.191 Y113.19
G0 X122.03 Y112.602
G0 X122.043 Y107.263
G0 X122.25 Y106.709
G0 X122.65 Y106.295
G0 X126.917 Y103.83
G0 X131.532 Y103.405
G1 F528 X131.532 Y101.188 E0.00111
G1 X88.463 Y101.187 E0.02149
G1 X88.463 Y103.408 E0.00111
G1 X90.266 Y102.363 E0.00104
G1 X90.788 Y102.145 E0.00028
G1 X90.988 Y102.101 E0.0001
G1 X91.368 Y102.068 E0.00019
G1 X92.964 Y102.068 E0.0008
G1 X93.543 Y102.145 E0.00029
G1 X94.064 Y102.362 E0.00028
G1 X98.111 Y104.698 E0.00233
G1 X102.161 Y102.361 E0.00233
G1 X102.681 Y102.144 E0.00028
G1 X102.88 Y102.101 E0.0001
G1 X103.26 Y102.068 E0.00019
G1 X104.852 Y102.068 E0.00079
G1 X105.432 Y102.145 E0.00029
G1 X105.953 Y102.363 E0.00028
G1 X109.996 Y104.7 E0.00233
G1 X114.049 Y102.361 E0.00233
G1 X114.569 Y102.144 E0.00028
G1 X114.768 Y102.101 E0.0001
G1 X115.148 Y102.068 E0.00019
G1 X116.736 Y102.068 E0.00079
G1 X117.315 Y102.145 E0.00029
G1 X117.835 Y102.361 E0.00028
G1 X121.888 Y104.698 E0.00233
G1 X125.936 Y102.362 E0.00233
G1 X126.457 Y102.145 E0.00028
G1 X126.656 Y102.101 E0.0001
G1 X127.036 Y102.068 E0.00019
G1 X128.624 Y102.068 E0.00079
G1 X129.203 Y102.145 E0.00029
G1 X129.723 Y102.361 E0.00028
G1 X131.532 Y103.405 E0.00104
G0 F24000 X131.932 Y104.097
G1 F528 X131.932 Y100.788 E0.00165
G1 X88.063 Y100.787 E0.02189
G1 X88.064 Y104.101 E0.00165
G1 X90.466 Y102.709 E0.00139
G1 X90.893 Y102.531 E0.00023
G1 X91.057 Y102.495 E0.00008
G1 X91.368 Y102.468 E0.00016
G1 X92.964 Y102.468 E0.0008
G1 X93.438 Y102.531 E0.00024
G1 X93.864 Y102.709 E0.00023
G1 X97.961 Y105.072 E0.00236
G1 X98.111 Y105.17 E0.00009
G1 X98.269 Y105.068 E0.00009
G1 X102.36 Y102.708 E0.00236
G1 X102.787 Y102.53 E0.00023
G1 X102.949 Y102.495 E0.00008
G1 X103.26 Y102.468 E0.00016
G1 X104.852 Y102.468 E0.00079
G1 X105.327 Y102.531 E0.00024
G1 X105.753 Y102.709 E0.00023
G1 X109.998 Y105.169 E0.00245
G1 X110.09 Y105.107 E0.00006
G1 X114.248 Y102.708 E0.00239
G1 X114.675 Y102.53 E0.00023
G1 X114.837 Y102.495 E0.00008
G1 X115.148 Y102.468 E0.00016
G1 X116.736 Y102.468 E0.00079
G1 X117.21 Y102.531 E0.00024
G1 X117.636 Y102.708 E0.00023
G1 X121.776 Y105.096 E0.00238
G1 X121.884 Y105.17 E0.00007
G1 X121.992 Y105.1 E0.00006
G1 X126.136 Y102.709 E0.00239
G1 X126.562 Y102.531 E0.00023
G1 X126.725 Y102.495 E0.00008
G1 X127.036 Y102.468 E0.00016
G1 X128.624 Y102.468 E0.00079
G1 X129.098 Y102.531 E0.00024
G1 X129.524 Y102.708 E0.00023
G1 X131.932 Y104.097 E0.00139
G0 F24000 X128.745 Y103.83
G0 X126.917 Y103.83
G0 X122.48 Y106.43
G0 X122.17 Y106.854
G0 X122.029 Y107.46
G0 X122.045 Y112.745
G0 X122.285 Y113.343
G0 X122.708 Y113.742
G0 X127.422 Y116.42
G0 X127.879 Y116.835
G0 X131.932 Y115.896
G1 F528 X129.198 Y117.478 E0.00158
G1 X129.01 Y117.573 E0.00011
G1 X128.834 Y117.648 E0.0001
G1 X128.466 Y117.763 E0.00019
G1 X128.247 Y117.805 E0.00011
G1 X127.989 Y117.832 E0.00013
G1 X127.748 Y117.836 E0.00012
G1 X127.407 Y117.804 E0.00017
G1 X127.199 Y117.764 E0.00011
G1 X126.862 Y117.664 E0.00018
G1 X126.734 Y117.612 E0.00007
G1 X126.513 Y117.504 E0.00012
G1 X122.661 Y115.286 E0.00222
G1 X122.041 Y114.929 E0.00036
G1 X121.886 Y114.827 E0.00009
G1 X121.731 Y114.929 E0.00009
G1 X121.113 Y115.286 E0.00036
G1 X117.312 Y117.479 E0.00219
G1 X117.103 Y117.585 E0.00012
G1 X116.863 Y117.679 E0.00013
G1 X116.683 Y117.735 E0.00009
G1 X116.459 Y117.789 E0.00011
G1 X116.176 Y117.824 E0.00014
G1 X115.856 Y117.836 E0.00016
G1 X115.55 Y117.811 E0.00015
G1 X115.181 Y117.728 E0.00019
G1 X114.984 Y117.664 E0.0001
G1 X114.647 Y117.513 E0.00018
G1 X110.773 Y115.286 E0.00223
G1 X110.123 Y114.912 E0.00037
G1 X109.999 Y114.828 E0.00007
G1 X109.216 Y115.281 E0.00045
G1 X105.396 Y117.492 E0.0022
G1 X105.069 Y117.645 E0.00018
G1 X104.727 Y117.755 E0.00018
G1 X104.543 Y117.797 E0.00009
G1 X104.23 Y117.831 E0.00016
G1 X103.968 Y117.836 E0.00013
G1 X103.649 Y117.808 E0.00016
G1 X103.449 Y117.772 E0.0001
G1 X103.082 Y117.665 E0.00019
G1 X102.946 Y117.609 E0.00007
G1 X102.732 Y117.503 E0.00012
G1 X98.894 Y115.283 E0.00221
G1 X98.112 Y114.83 E0.00045
G1 X97.331 Y115.282 E0.00045
G1 X93.573 Y117.459 E0.00217
G1 X93.303 Y117.593 E0.00015
G1 X93.106 Y117.672 E0.00011
G1 X92.758 Y117.774 E0.00018
G1 X92.595 Y117.805 E0.00008
G1 X92.284 Y117.832 E0.00016
G1 X92.064 Y117.832 E0.00011
G1 X91.767 Y117.808 E0.00015
G1 X91.648 Y117.789 E0.00006
G1 X91.344 Y117.71 E0.00016
G1 X91.141 Y117.638 E0.00011
G1 X90.84 Y117.5 E0.00017
G1 X88.064 Y115.898 E0.0016
G1 X88.064 Y119.208 E0.00165
G1 X131.932 Y119.208 E0.02189
G1 X131.932 Y115.896 E0.00165
G0 F24000 X132.332 Y115.202
G1 F528 X128.998 Y117.132 E0.00192
G1 X128.675 Y117.281 E0.00018
G1 X128.39 Y117.37 E0.00015
G1 X128.178 Y117.411 E0.00011
G1 X127.978 Y117.432 E0.0001
G1 X127.748 Y117.436 E0.00011
G1 X127.483 Y117.411 E0.00013
G1 X127.275 Y117.371 E0.00011
G1 X127.013 Y117.294 E0.00014
G1 X126.713 Y117.158 E0.00016
G1 X123.128 Y115.093 E0.00206
G1 X122.24 Y114.582 E0.00051
G1 X122.001 Y114.419 E0.00014
G1 X121.885 Y114.321 E0.00008
G1 X121.755 Y114.429 E0.00008
G1 X121.531 Y114.582 E0.00014
G1 X120.646 Y115.093 E0.00051
G1 X117.112 Y117.133 E0.00204
G1 X116.931 Y117.224 E0.0001
G1 X116.744 Y117.297 E0.0001
G1 X116.565 Y117.353 E0.00009
G1 X116.39 Y117.395 E0.00009
G1 X116.131 Y117.427 E0.00013
G1 X115.856 Y117.436 E0.00014
G1 X115.618 Y117.416 E0.00012
G1 X115.305 Y117.348 E0.00016
G1 X115.109 Y117.283 E0.0001
G1 X114.846 Y117.166 E0.00014
G1 X111.24 Y115.093 E0.00208
G1 X110.335 Y114.573 E0.00052
G1 X110.165 Y114.457 E0.0001
G1 X110 Y114.323 E0.00011
G1 X109.733 Y114.527 E0.00017
G1 X108.755 Y115.091 E0.00056
G1 X105.196 Y117.145 E0.00205
G1 X104.914 Y117.276 E0.00016
G1 X104.617 Y117.371 E0.00016
G1 X104.474 Y117.403 E0.00007
G1 X104.346 Y117.42 E0.00006
G1 X103.968 Y117.436 E0.00019
G1 X103.719 Y117.414 E0.00012
G1 X103.52 Y117.378 E0.0001
G1 X103.234 Y117.295 E0.00015
G1 X102.932 Y117.157 E0.00017
G1 X99.36 Y115.091 E0.00206
G1 X98.338 Y114.5 E0.00059
G1 X98.111 Y114.324 E0.00014
G1 X97.978 Y114.434 E0.00009
G1 X97.808 Y114.549 E0.0001
G1 X96.869 Y115.092 E0.00054
G1 X93.373 Y117.112 E0.00201
G1 X93.133 Y117.231 E0.00013
G1 X92.979 Y117.293 E0.00008
G1 X92.679 Y117.381 E0.00016
G1 X92.526 Y117.411 E0.00008
G1 X92.284 Y117.432 E0.00012
G1 X92.064 Y117.432 E0.00011
G1 X91.833 Y117.413 E0.00012
G1 X91.714 Y117.394 E0.00006
G1 X91.478 Y117.332 E0.00012
G1 X91.274 Y117.261 E0.00011
G1 X91.04 Y117.153 E0.00013
G1 X87.664 Y115.206 E0.00194
G1 X87.664 Y119.608 E0.0022
G1 X132.332 Y119.608 E0.02228
G1 X132.332 Y115.202 E0.0022
G0 F24000 X127.985 Y116.473
G0 X127.422 Y116.42
G0 X122.548 Y113.629
G0 X122.191 Y113.19
G0 X122.03 Y112.602
G0 X122.043 Y107.263
G0 X122.25 Y106.709
G0 X122.65 Y106.295
G0 X126.917 Y103.83
G0 X128.745 Y103.83
G0 X132.332 Y104.79
G1 F528 X132.332 Y100.388 E0.0022
G1 X87.664 Y100.388 E0.02228
G1 X87.664 Y104.794 E0.0022
G1 X90.667 Y103.055 E0.00173
G1 X90.999 Y102.917 E0.00018
G1 X91.126 Y102.889 E0.00006
G1 X91.368 Y102.868 E0.00012
G1 X92.964 Y102.868 E0.0008
G1 X93.333 Y102.917 E0.00019
G1 X93.664 Y103.055 E0.00018
G1 X97.761 Y105.419 E0.00236
G1 X97.977 Y105.563 E0.00013
G1 X98.111 Y105.675 E0.00009
G1 X98.245 Y105.564 E0.00009
G1 X98.468 Y105.415 E0.00013
G1 X102.56 Y103.055 E0.00236
G1 X102.892 Y102.916 E0.00018
G1 X103.018 Y102.889 E0.00006
G1 X103.26 Y102.868 E0.00012
G1 X104.852 Y102.868 E0.00079
G1 X105.221 Y102.917 E0.00019
G1 X105.553 Y103.055 E0.00018
G1 X109.803 Y105.518 E0.00245
G1 X109.996 Y105.672 E0.00012
G1 X110.091 Y105.593 E0.00006
G1 X110.299 Y105.448 E0.00013
G1 X114.448 Y103.055 E0.00239
G1 X114.78 Y102.916 E0.00018
G1 X114.906 Y102.889 E0.00006
G1 X115.148 Y102.868 E0.00012
G1 X116.736 Y102.868 E0.00079
G1 X117.105 Y102.917 E0.00019
G1 X117.436 Y103.055 E0.00018
G1 X121.562 Y105.435 E0.00238
G1 X121.748 Y105.564 E0.00011
G1 X121.883 Y105.673 E0.00009
G1 X122.131 Y105.484 E0.00016
G1 X126.336 Y103.055 E0.00242
G1 X126.667 Y102.917 E0.00018
G1 X126.794 Y102.889 E0.00006
G1 X127.036 Y102.868 E0.00012
G1 X128.624 Y102.868 E0.00079
G1 X128.993 Y102.917 E0.00019
G1 X129.324 Y103.055 E0.00018
G1 X132.332 Y104.79 E0.00173
G0 F24000 X132.732 Y105.482
G1 F528 X132.732 Y99.988 E0.00274
G1 X87.264 Y99.988 E0.02268
G1 X87.264 Y105.487 E0.00274
G1 X90.867 Y103.402 E0.00208
G1 X91.104 Y103.303 E0.00013
G1 X91.195 Y103.283 E0.00005
G1 X91.368 Y103.268 E0.00009
G1 X92.964 Y103.268 E0.0008
G1 X93.228 Y103.303 E0.00013
G1 X93.464 Y103.401 E0.00013
G1 X97.561 Y105.765 E0.00236
G1 X97.745 Y105.889 E0.00011
G1 X97.86 Y105.985 E0.00007
G1 X98.028 Y106.151 E0.00012
G1 X98.111 Y106.246 E0.00006
G1 X98.249 Y106.092 E0.0001
G1 X98.358 Y105.987 E0.00008
G1 X98.474 Y105.892 E0.00007
G1 X98.668 Y105.761 E0.00012
G1 X102.76 Y103.401 E0.00236
G1 X102.997 Y103.302 E0.00013
G1 X103.087 Y103.283 E0.00005
G1 X103.26 Y103.268 E0.00009
G1 X104.852 Y103.268 E0.00079
G1 X105.116 Y103.303 E0.00013
G1 X105.353 Y103.402 E0.00013
G1 X109.575 Y105.846 E0.00243
G1 X109.765 Y105.999 E0.00012
G1 X109.998 Y106.253 E0.00017
G1 X110.141 Y106.084 E0.00011
G1 X110.236 Y105.993 E0.00007
G1 X110.437 Y105.836 E0.00013
G1 X114.648 Y103.401 E0.00243
G1 X114.885 Y103.302 E0.00013
G1 X114.975 Y103.283 E0.00005
G1 X115.148 Y103.268 E0.00009
G1 X116.736 Y103.268 E0.00079
G1 X117 Y103.303 E0.00013
G1 X117.236 Y103.401 E0.00013
G1 X121.349 Y105.773 E0.00237
G1 X121.513 Y105.887 E0.0001
G1 X121.741 Y106.086 E0.00015
G1 X121.885 Y106.254 E0.00011
G1 X122.112 Y106.003 E0.00017
G1 X122.348 Y105.82 E0.00015
G1 X126.536 Y103.401 E0.00241
G1 X126.772 Y103.303 E0.00013
G1 X126.863 Y103.283 E0.00005
G1 X127.036 Y103.268 E0.00009
G1 X128.624 Y103.268 E0.00079
G1 X128.888 Y103.303 E0.00013
G1 X129.124 Y103.401 E0.00013
G1 X132.732 Y105.482 E0.00208
G0 F24000 X128.745 Y103.83
G0 X126.917 Y103.83
G0 X122.48 Y106.43
G0 X122.17 Y106.854
G0 X122.029 Y107.46
G0 X122.045 Y112.745
G0 X122.285 Y113.343
G0 X122.708 Y113.742
G0 X127.422 Y116.42
G0 X128.797 Y116.786
G1 F528 X128.517 Y116.914 E0.00015
G1 X128.313 Y116.978 E0.00011
G1 X128.109 Y117.017 E0.0001
G1 X127.958 Y117.032 E0.00008
G1 X127.748 Y117.036 E0.0001
G1 X127.559 Y117.019 E0.00009
G1 X127.35 Y116.978 E0.00011
G1 X127.163 Y116.923 E0.0001
G1 X126.912 Y116.811 E0.00014
G1 X123.15 Y114.644 E0.00217
G1 X122.581 Y114.316 E0.00033
G1 X122.44 Y114.235 E0.00008
G1 X122.237 Y114.096 E0.00012
G1 X122.134 Y114.009 E0.00007
G1 X121.972 Y113.849 E0.00011
G1 X121.887 Y113.743 E0.00007
G1 X121.732 Y113.92 E0.00012
G1 X121.535 Y114.094 E0.00013
G1 X121.331 Y114.236 E0.00012
G1 X121.192 Y114.316 E0.00008
G1 X120.624 Y114.644 E0.00033
G1 X116.843 Y116.823 E0.00218
G1 X116.625 Y116.915 E0.00012
G1 X116.321 Y117.001 E0.00016
G1 X116.086 Y117.03 E0.00012
G1 X115.856 Y117.036 E0.00011
G1 X115.686 Y117.022 E0.00009
G1 X115.429 Y116.967 E0.00013
G1 X115.233 Y116.903 E0.0001
G1 X115.045 Y116.82 E0.0001
G1 X111.263 Y114.646 E0.00218
G1 X110.688 Y114.316 E0.00033
G1 X110.577 Y114.252 E0.00006
G1 X110.317 Y114.069 E0.00016
G1 X110.162 Y113.932 E0.0001
G1 X109.997 Y113.74 E0.00013
G1 X109.835 Y113.931 E0.00012
G1 X109.699 Y114.056 E0.00009
G1 X109.517 Y114.19 E0.00011
G1 X109.295 Y114.318 E0.00013
G1 X108.737 Y114.64 E0.00032
G1 X104.996 Y116.799 E0.00215
G1 X104.883 Y116.855 E0.00006
G1 X104.647 Y116.946 E0.00013
G1 X104.405 Y117.009 E0.00012
G1 X104.165 Y117.033 E0.00012
G1 X103.968 Y117.036 E0.0001
G1 X103.79 Y117.021 E0.00009
G1 X103.59 Y116.985 E0.0001
G1 X103.387 Y116.925 E0.00011
G1 X103.132 Y116.81 E0.00014
G1 X99.376 Y114.64 E0.00216
G1 X98.824 Y114.32 E0.00032
G1 X98.56 Y114.168 E0.00015
G1 X98.378 Y114.027 E0.00011
G1 X98.264 Y113.916 E0.00008
G1 X98.112 Y113.742 E0.00012
G1 X97.951 Y113.927 E0.00012
G1 X97.849 Y114.024 E0.00007
G1 X97.664 Y114.168 E0.00012
G1 X97.396 Y114.323 E0.00015
G1 X96.85 Y114.639 E0.00031
G1 X93.173 Y116.766 E0.00212
G1 X92.962 Y116.869 E0.00012
G1 X92.721 Y116.957 E0.00013
G1 X92.457 Y117.017 E0.00014
G1 X92.284 Y117.032 E0.00009
G1 X92.064 Y117.032 E0.00011
G1 X91.899 Y117.019 E0.00008
G1 X91.779 Y116.999 E0.00006
G1 X91.611 Y116.955 E0.00009
G1 X91.407 Y116.883 E0.00011
G1 X91.24 Y116.807 E0.00009
G1 X87.489 Y114.643 E0.00216
G1 X87.264 Y114.513 E0.00013
G1 X87.264 Y115.177 E0.00033
G1 X87.264 Y120.008 E0.00241
G1 X132.732 Y120.008 E0.02268
G1 X132.732 Y115.175 E0.00241
G1 X132.732 Y114.509 E0.00033
G1 X132.511 Y114.637 E0.00013
G1 X128.797 Y116.786 E0.00214
G0 F24000 X132.886 Y114.25
G0 X133.132 Y113.809
G1 F528 X128.597 Y116.44 E0.00262
G1 X128.358 Y116.547 E0.00013
G1 X128.236 Y116.585 E0.00006
G1 X128.04 Y116.623 E0.0001
G1 X127.748 Y116.636 E0.00015
G1 X127.634 Y116.626 E0.00006
G1 X127.426 Y116.586 E0.00011
G1 X127.314 Y116.552 E0.00006
G1 X127.112 Y116.464 E0.00011
G1 X122.64 Y113.889 E0.00257
G1 X122.473 Y113.773 E0.0001
G1 X122.271 Y113.583 E0.00014
G1 X122.147 Y113.428 E0.0001
G1 X122.04 Y113.248 E0.0001
G1 X121.981 Y113.108 E0.00008
G1 F529.3 X121.955 Y113.044 E0.00003
G1 F532 X121.941 Y112.997 E0.00002
G1 F534.7 X121.926 Y112.949 E0.00002
G1 F537.4 X121.918 Y112.91 E0.00002
G1 F540.2 X121.908 Y112.861 E0.00002
G1 F542.9 X121.898 Y112.812 E0.00002
G1 F544.3 X121.884 Y112.723 E0.00004
G1 X121.872 Y112.813 E0.00004
G1 F542.9 X121.863 Y112.86 E0.00002
G1 F540.2 X121.853 Y112.907 E0.00002
G1 F537.4 X121.843 Y112.946 E0.00002
G1 F536 X121.833 Y112.98 E0.00002
G1 F533.3 X121.822 Y113.014 E0.00002
G1 F532 X121.812 Y113.049 E0.00002
G1 F529.3 X121.792 Y113.107 E0.00003
G1 F528 X121.704 Y113.301 E0.00011
G1 X121.596 Y113.468 E0.0001
G1 X121.494 Y113.589 E0.00008
G1 X121.363 Y113.718 E0.00009
G1 X121.131 Y113.889 E0.00014
G1 X116.671 Y116.462 E0.00257
G1 X116.507 Y116.533 E0.00009
G1 X116.327 Y116.589 E0.00009
G1 X116.216 Y116.613 E0.00006
G1 X115.972 Y116.636 E0.00012
G1 X115.754 Y116.628 E0.00011
G1 X115.553 Y116.587 E0.0001
G1 X115.357 Y116.523 E0.0001
G1 X115.245 Y116.473 E0.00006
G1 X110.758 Y113.894 E0.00258
G1 X110.579 Y113.766 E0.00011
G1 X110.438 Y113.643 E0.00009
G1 X110.254 Y113.418 E0.00015
G1 X110.187 Y113.314 E0.00006
G1 X110.087 Y113.09 E0.00012
G1 F529.3 X110.066 Y113.03 E0.00003
G1 F532 X110.06 Y113.005 E0.00001
G1 F534.7 X110.053 Y112.98 E0.00001
G1 F537.4 X110.047 Y112.955 E0.00001
G1 F541.5 X110.04 Y112.925 E0.00001
G1 F544.3 X110.033 Y112.896 E0.00001
G1 F547.2 X110.025 Y112.868 E0.00001
G1 F550 X110.021 Y112.842 E0.00001
G1 F552.9 X110.016 Y112.815 E0.00001
G1 F555.8 X110.013 Y112.79 E0.00001
G1 F558.7 X110.01 Y112.764 E0.00001
G1 F561.7 X110.007 Y112.738 E0.00001
G1 F564.7 X110.004 Y112.713 E0.00001
G1 F566.2 X110 Y112.665 E0.00002
G1 X109.994 Y112.712 E0.00002
G1 F564.7 X109.991 Y112.737 E0.00001
G1 F561.7 X109.987 Y112.763 E0.00001
G1 F558.7 X109.984 Y112.789 E0.00001
G1 F555.8 X109.98 Y112.814 E0.00001
G1 F552.9 X109.976 Y112.842 E0.00001
G1 F550 X109.971 Y112.87 E0.00001
G1 F547.2 X109.965 Y112.898 E0.00001
G1 F544.3 X109.96 Y112.925 E0.00001
G1 F541.5 X109.954 Y112.953 E0.00001
G1 F537.4 X109.947 Y112.978 E0.00001
G1 F534.7 X109.94 Y113.003 E0.00001
G1 F532 X109.932 Y113.028 E0.00001
G1 F529.3 X109.91 Y113.096 E0.00004
G1 F528 X109.856 Y113.227 E0.00007
G1 X109.754 Y113.4 E0.0001
G1 X109.615 Y113.581 E0.00011
G1 X109.489 Y113.709 E0.00009
G1 X109.301 Y113.853 E0.00012
G1 X104.729 Y116.486 E0.00263
G1 X104.605 Y116.538 E0.00007
G1 X104.397 Y116.601 E0.00011
G1 X104.281 Y116.623 E0.00006
G1 X103.968 Y116.636 E0.00016
G1 X103.861 Y116.627 E0.00005
G1 X103.661 Y116.591 E0.0001
G1 X103.539 Y116.555 E0.00006
G1 X103.332 Y116.464 E0.00011
G1 X98.782 Y113.835 E0.00262
G1 X98.634 Y113.721 E0.00009
G1 X98.43 Y113.502 E0.00015
G1 X98.362 Y113.412 E0.00006
G1 X98.25 Y113.211 E0.00011
G1 F529.3 X98.209 Y113.106 E0.00006
G1 X98.168 Y113.001 E0.00006
G1 F530.7 X98.164 Y112.982 E0.00001
G1 F533.3 X98.159 Y112.963 E0.00001
G1 F536 X98.155 Y112.943 E0.00001
G1 F538.8 X98.15 Y112.924 E0.00001
G1 F541.5 X98.145 Y112.905 E0.00001
G1 F542.9 X98.143 Y112.888 E0.00001
G1 F545.7 X98.14 Y112.864 E0.00001
G1 F548.6 X98.137 Y112.839 E0.00001
G1 F551.4 X98.134 Y112.814 E0.00001
G1 F554.3 X98.13 Y112.789 E0.00001
G1 F557.3 X98.127 Y112.766 E0.00001
G1 F560.2 X98.124 Y112.742 E0.00001
G1 F563.2 X98.121 Y112.718 E0.00001
G1 F567.7 X98.115 Y112.675 E0.00002
G1 F572.4 X98.11 Y112.627 E0.00002
G1 X98.107 Y112.675 E0.00002
G1 F567.7 X98.105 Y112.719 E0.00002
G1 F563.2 X98.103 Y112.742 E0.00001
G1 F560.2 X98.101 Y112.765 E0.00001
G1 F557.3 X98.098 Y112.788 E0.00001
G1 F554.3 X98.094 Y112.812 E0.00001
G1 F551.4 X98.09 Y112.837 E0.00001
G1 F548.6 X98.086 Y112.862 E0.00001
G1 F545.7 X98.081 Y112.887 E0.00001
G1 F542.9 X98.079 Y112.905 E0.00001
G1 F541.5 X98.075 Y112.924 E0.00001
G1 F538.8 X98.07 Y112.943 E0.00001
G1 F536 X98.065 Y112.963 E0.00001
G1 F533.3 X98.06 Y112.982 E0.00001
G1 F530.7 X98.055 Y113.001 E0.00001
G1 F529.3 X98.016 Y113.103 E0.00005
G1 X97.976 Y113.206 E0.00005
G1 F528 X97.937 Y113.28 E0.00004
G1 X97.783 Y113.515 E0.00014
G1 X97.596 Y113.714 E0.00014
G1 X97.408 Y113.856 E0.00012
G1 X92.973 Y116.42 E0.00256
G1 X92.726 Y116.534 E0.00014
G1 X92.522 Y116.597 E0.00011
G1 X92.388 Y116.623 E0.00007
G1 X92.284 Y116.632 E0.00005
G1 X92.064 Y116.632 E0.00011
G1 X91.845 Y116.605 E0.00011
G1 X91.54 Y116.506 E0.00016
G1 X91.44 Y116.46 E0.00005
G1 X86.96 Y113.876 E0.00258
G1 X86.864 Y113.809 E0.00006
G1 X86.864 Y114.316 E0.00025
G1 X86.864 Y115.316 E0.0005
G1 X86.864 Y120.379 E0.00253
G1 X86.864 Y120.408 E0.00001
M106 S255
G1 F540 X133.132 Y120.408 E0.38472
M106 S51
G1 F528 X133.132 Y120.379 E0.00001
G1 X133.132 Y115.316 E0.00253
G1 X133.132 Y114.316 E0.0005
G1 X133.132 Y113.809 E0.00025
G0 F24000 X132.886 Y114.25
G0 X128.248 Y116.419
G0 X127.706 Y116.475
G0 X127.223 Y116.346
G0 X122.548 Y113.629
G0 X122.191 Y113.19
G0 X122.03 Y112.602
G0 X122.043 Y107.263
G0 X122.25 Y106.709
G0 X122.65 Y106.295
G0 X126.917 Y103.83
G0 X128.745 Y103.83
G0 X132.885 Y105.744
G0 X133.132 Y106.185
G1 F528 X133.132 Y99.621 E0.00327
G1 X133.132 Y99.588 E0.00002
M106 S255
G1 F540 X86.864 Y99.588 E0.38472
M106 S51
G1 F528 X86.864 Y99.621 E0.00002
G1 X86.864 Y106.187 E0.00328
G1 X91.067 Y103.748 E0.00242
G1 X91.209 Y103.689 E0.00008
G1 X91.368 Y103.668 E0.00008
G1 X92.964 Y103.668 E0.0008
G1 X93.122 Y103.689 E0.00008
G1 X93.264 Y103.748 E0.00008
G1 X97.361 Y106.112 E0.00236
G1 X97.582 Y106.272 E0.00014
G1 X97.745 Y106.435 E0.00012
G1 X97.868 Y106.598 E0.0001
G1 X97.957 Y106.751 E0.00009
G1 X98.037 Y106.937 E0.0001
G1 F529.3 X98.046 Y106.969 E0.00002
G1 F532 X98.056 Y107.002 E0.00002
G1 F534.7 X98.065 Y107.035 E0.00002
G1 F536 X98.07 Y107.058 E0.00001
G1 F538.8 X98.074 Y107.081 E0.00001
G1 F540.2 X98.079 Y107.103 E0.00001
G1 F542.9 X98.083 Y107.126 E0.00001
G1 F545.7 X98.088 Y107.148 E0.00001
G1 F547.2 X98.093 Y107.174 E0.00001
G1 F550 X98.098 Y107.2 E0.00001
G1 F552.9 X98.099 Y107.219 E0.00001
G1 F555.8 X98.102 Y107.248 E0.00001
G1 F558.7 X98.105 Y107.277 E0.00001
G1 F561.7 X98.108 Y107.316 E0.00002
G1 F564.7 X98.112 Y107.355 E0.00002
G1 X98.114 Y107.316 E0.00002
G1 F561.7 X98.117 Y107.277 E0.00002
G1 F558.7 X98.12 Y107.248 E0.00001
G1 F555.8 X98.123 Y107.219 E0.00001
G1 F552.9 X98.126 Y107.201 E0.00001
G1 F550 X98.131 Y107.175 E0.00001
G1 F547.2 X98.136 Y107.148 E0.00001
G1 F545.7 X98.14 Y107.126 E0.00001
G1 F542.9 X98.144 Y107.103 E0.00001
G1 F540.2 X98.148 Y107.081 E0.00001
G1 F538.8 X98.152 Y107.058 E0.00001
G1 F536 X98.156 Y107.036 E0.00001
G1 F534.7 X98.165 Y107.003 E0.00002
G1 F532 X98.174 Y106.969 E0.00002
G1 F529.3 X98.184 Y106.935 E0.00002
G1 F528 X98.247 Y106.788 E0.00008
G1 X98.409 Y106.519 E0.00016
G1 X98.55 Y106.357 E0.00011
G1 X98.704 Y106.22 E0.0001
G1 X98.823 Y106.136 E0.00007
G1 X102.96 Y103.748 E0.00238
G1 X103.102 Y103.688 E0.00008
G1 X103.26 Y103.668 E0.00008
G1 X104.852 Y103.668 E0.00079
G1 X105.011 Y103.689 E0.00008
G1 X105.153 Y103.748 E0.00008
G1 X109.305 Y106.148 E0.00239
G1 X109.498 Y106.297 E0.00012
G1 X109.701 Y106.52 E0.00015
G1 X109.799 Y106.665 E0.00009
G1 X109.914 Y106.907 E0.00013
G1 F529.3 X109.926 Y106.946 E0.00002
G1 F532 X109.939 Y106.986 E0.00002
G1 F536 X109.949 Y107.031 E0.00002
G1 F538.8 X109.96 Y107.077 E0.00002
G1 F541.5 X109.971 Y107.123 E0.00002
G1 F544.3 X109.978 Y107.159 E0.00002
G1 F547.2 X109.981 Y107.182 E0.00001
G1 F548.6 X109.986 Y107.215 E0.00002
G1 F550 X109.992 Y107.249 E0.00002
G1 F552.9 X109.998 Y107.282 E0.00002
G1 X109.999 Y107.303 E0.00001
G1 X109.998 Y107.282 E0.00001
G1 X110.002 Y107.252 E0.00001
G1 F551.4 X110.006 Y107.221 E0.00001
G1 F548.6 X110.011 Y107.19 E0.00002
G1 F547.2 X110.015 Y107.159 E0.00002
G1 F544.3 X110.021 Y107.122 E0.00002
G1 F541.5 X110.032 Y107.079 E0.00002
G1 F538.8 X110.043 Y107.036 E0.00002
G1 F536 X110.057 Y106.992 E0.00002
G1 F533.3 X110.069 Y106.958 E0.00002
G1 F530.7 X110.081 Y106.924 E0.00002
G1 F529.3 X110.093 Y106.89 E0.00002
G1 F528 X110.205 Y106.656 E0.00013
G1 X110.299 Y106.517 E0.00008
G1 X110.435 Y106.356 E0.00011
G1 X110.529 Y106.267 E0.00006
G1 X110.715 Y106.131 E0.00011
G1 X114.848 Y103.748 E0.00238
G1 X114.99 Y103.688 E0.00008
G1 X115.148 Y103.668 E0.00008
G1 X116.736 Y103.668 E0.00079
G1 X116.894 Y103.689 E0.00008
G1 X117.036 Y103.748 E0.00008
G1 X121.136 Y106.112 E0.00236
G1 X121.277 Y106.211 E0.00009
G1 X121.46 Y106.372 E0.00012
G1 X121.636 Y106.586 E0.00014
G1 X121.748 Y106.786 E0.00011
G1 F529.3 X121.785 Y106.878 E0.00005
G1 F530.7 X121.822 Y106.971 E0.00005
G1 F532 X121.832 Y107 E0.00002
G1 F534.7 X121.839 Y107.03 E0.00002
G1 F537.4 X121.846 Y107.06 E0.00002
G1 F540.2 X121.854 Y107.09 E0.00002
G1 F542.9 X121.857 Y107.118 E0.00001
G1 F545.7 X121.861 Y107.147 E0.00001
G1 F547.2 X121.865 Y107.176 E0.00001
G1 F550 X121.869 Y107.204 E0.00001
G1 F551.4 X121.874 Y107.233 E0.00001
G1 F554.3 X121.879 Y107.264 E0.00001
G1 F557.3 X121.884 Y107.294 E0.00001
G1 F558.7 X121.886 Y107.325 E0.00001
G1 X121.884 Y107.294 E0.00001
G1 F557.3 X121.888 Y107.265 E0.00001
G1 F554.3 X121.892 Y107.235 E0.00001
G1 F551.4 X121.896 Y107.205 E0.00001
G1 F550 X121.902 Y107.176 E0.00001
G1 F547.2 X121.907 Y107.147 E0.00001
G1 F545.7 X121.912 Y107.119 E0.00001
G1 F542.9 X121.918 Y107.09 E0.00001
G1 F540.2 X121.925 Y107.061 E0.00001
G1 F537.4 X121.933 Y107.032 E0.00001
G1 F534.7 X121.941 Y107.003 E0.00001
G1 F532 X121.953 Y106.969 E0.00002
G1 F530.7 X121.987 Y106.879 E0.00005
G1 F529.3 X122.021 Y106.789 E0.00005
G1 F528 X122.069 Y106.7 E0.00005
G1 X122.212 Y106.484 E0.00013
G1 X122.379 Y106.301 E0.00012
G1 X122.565 Y106.156 E0.00012
G1 X126.736 Y103.748 E0.0024
G1 X126.878 Y103.689 E0.00008
G1 X127.036 Y103.668 E0.00008
G1 X128.624 Y103.668 E0.00079
G1 X128.782 Y103.689 E0.00008
G1 X128.924 Y103.748 E0.00008
G1 X133.024 Y106.112 E0.00236
G1 X133.132 Y106.185 E0.00007
G0 F24000 X133.435 Y107.105
;TYPE:WALL-OUTER
G1 F596.6 X133.436 Y107.118 E0.00001
G1 F603.4 X133.438 Y107.131 E0.00001
G1 F610.4 X133.439 Y107.144 E0.00001
G1 F617.5 X133.44 Y107.155 E0
G1 F623 X133.44 Y107.165 E0
G1 F630.4 X133.44 Y107.175 E0
G1 F636.1 X133.44 Y107.185 E0
G1 F641.9 X133.441 Y107.195 E0
G1 F647.9 X133.441 Y107.205 E0
G1 F655.9 X133.441 Y107.215 E0
G1 F662.1 X133.441 Y107.225 E0
G1 F668.4 X133.441 Y107.235 E0
G1 F676.9 X133.442 Y107.245 E0
G1 F683.5 X133.442 Y107.255 E0
G1 F690.2 X133.442 Y107.265 E0
G1 F697 X133.442 Y107.275 E0
G1 F706.4 X133.443 Y107.285 E0
G1 F713.5 X133.443 Y107.295 E0
G1 F720.8 X133.443 Y107.305 E0
G1 F728.3 X133.443 Y107.315 E0
G1 F738.5 X133.443 Y107.325 E0
G1 F746.3 X133.444 Y107.335 E0
G1 F754.3 X133.444 Y107.345 E0
G1 F765.2 X133.444 Y107.355 E0
G1 F773.6 X133.444 Y107.365 E0
G1 F776.5 X133.445 Y107.473 E0.00004
G1 X133.445 Y107.572 E0.00003
G1 X133.445 Y107.671 E0.00003
G1 X133.445 Y107.77 E0.00003
G1 X133.445 Y107.869 E0.00003
G1 X133.445 Y107.968 E0.00003
G1 X133.445 Y108.067 E0.00003
G1 X133.445 Y108.166 E0.00003
G1 X133.445 Y108.265 E0.00003
G1 X133.445 Y108.364 E0.00003
G1 X133.445 Y108.463 E0.00003
G1 X133.445 Y108.562 E0.00003
G1 X133.445 Y108.661 E0.00003
G1 X133.445 Y108.76 E0.00003
G1 X133.445 Y108.859 E0.00003
G1 X133.445 Y108.958 E0.00003
G1 X133.445 Y109.057 E0.00003
G1 X133.444 Y109.156 E0.00003
G1 X133.444 Y109.255 E0.00003
G1 X133.444 Y109.354 E0.00003
G1 X133.444 Y109.453 E0.00003
G1 X133.444 Y109.552 E0.00003
G1 X133.444 Y109.651 E0.00003
G1 X133.444 Y109.75 E0.00003
G1 X133.444 Y109.849 E0.00003
G1 X133.444 Y109.948 E0.00003
G1 F773.6 X133.444 Y110.047 E0.00003
G1 X133.444 Y110.146 E0.00003
G1 X133.444 Y110.245 E0.00003
G1 X133.444 Y110.344 E0.00003
G1 X133.444 Y110.443 E0.00003
G1 X133.444 Y110.542 E0.00003
G1 X133.444 Y110.641 E0.00003
G1 X133.444 Y110.74 E0.00003
G1 X133.444 Y110.839 E0.00003
G1 X133.443 Y110.938 E0.00003
G1 X133.443 Y111.037 E0.00003
G1 X133.443 Y111.136 E0.00003
G1 X133.443 Y111.235 E0.00003
G1 X133.443 Y111.334 E0.00003
G1 X133.443 Y111.433 E0.00003
G1 X133.443 Y111.532 E0.00003
G1 X133.443 Y111.631 E0.00003
G1 X133.443 Y111.73 E0.00003
G1 X133.443 Y111.829 E0.00003
G1 X133.443 Y111.928 E0.00003
G1 X133.443 Y112.027 E0.00003
G1 X133.443 Y112.126 E0.00003
G1 X133.443 Y112.225 E0.00003
G1 X133.443 Y112.324 E0.00003
G1 X133.443 Y112.423 E0.00003
G1 X133.443 Y112.522 E0.00003
G1 X133.443 Y112.621 E0.00003
G1 F770.8 X133.441 Y112.644 E0.00001
G1 F768 X133.439 Y112.658 E0
G1 F765.2 X133.438 Y112.672 E0
G1 F762.5 X133.436 Y112.686 E0
G1 F759.7 X133.435 Y112.7 E0
G1 F757 X133.433 Y112.714 E0
G1 F754.3 X133.432 Y112.728 E0
G1 F751.6 X133.43 Y112.742 E0
G1 F748.9 X133.429 Y112.756 E0
G1 F746.3 X133.427 Y112.77 E0
G1 F743.7 X133.426 Y112.784 E0
G1 F741.1 X133.424 Y112.798 E0.00001
G1 F738.5 X133.422 Y112.812 E0.00001
G1 F735.9 X133.421 Y112.825 E0
G1 F728.3 X133.419 Y112.835 E0
G1 F718.4 X133.417 Y112.849 E0.00001
G1 F708.7 X133.415 Y112.863 E0.00001
G1 F701.7 X133.414 Y112.871 E0
G1 F694.7 X133.412 Y112.881 E0
G1 F687.9 X133.41 Y112.891 E0
G1 F681.3 X133.409 Y112.901 E0
G1 F674.8 X133.407 Y112.911 E0
G1 F668.4 X133.405 Y112.92 E0
G1 F664.2 X133.403 Y112.93 E0
G1 F657.9 X133.402 Y112.94 E0
G1 F651.9 X133.4 Y112.95 E0
G1 F645.9 X133.398 Y112.96 E0
G1 F640 X133.396 Y112.97 E0
G1 F632.3 X133.392 Y112.988 E0.00001
G1 F624.9 X133.389 Y113.002 E0.00001
G1 F617.5 X133.386 Y113.015 E0.00001
G1 F610.4 X133.383 Y113.024 E0
G1 F605.2 X133.38 Y113.033 E0
G1 F600 X133.377 Y113.043 E0
G1 F596.6 X133.374 Y113.052 E0
G1 F591.6 X133.371 Y113.062 E0
G1 F586.7 X133.368 Y113.071 E0
G1 F581.8 X133.364 Y113.081 E0
G1 F577 X133.361 Y113.09 E0
G1 F572.4 X133.358 Y113.1 E0
G1 F567.7 X133.355 Y113.109 E0
G1 F564.7 X133.352 Y113.119 E0
G1 F560.2 X133.349 Y113.128 E0
G1 F555.8 X133.345 Y113.138 E0.00001
G1 F551.4 X133.342 Y113.147 E0
G1 F547.2 X133.339 Y113.157 E0.00001
G1 F542.9 X133.336 Y113.166 E0
G1 F540.2 X133.333 Y113.176 E0.00001
G1 F536 X133.33 Y113.185 E0
G1 F532 X133.326 Y113.195 E0.00001
G1 F529.3 X133.234 Y113.334 E0.00008
G1 F528 X133.062 Y113.509 E0.00012
G1 X132.937 Y113.605 E0.00008
G1 X128.457 Y116.197 E0.00258
G1 X128.182 Y116.311 E0.00015
G1 X127.992 Y116.348 E0.0001
G1 X127.687 Y116.351 E0.00015
G1 X127.419 Y116.293 E0.00014
G1 X127.252 Y116.222 E0.00009
G1 X122.78 Y113.646 E0.00257
G1 X122.639 Y113.547 E0.00009
G1 X122.48 Y113.397 E0.00011
G1 X122.377 Y113.268 E0.00008
G1 X122.284 Y113.108 E0.00009
G1 X122.196 Y112.886 E0.00012
G1 X122.163 Y112.746 E0.00007
G1 X122.148 Y112.594 E0.00008
G1 X122.148 Y107.435 E0.00257
G1 X122.162 Y107.26 E0.00009
G1 X122.201 Y107.101 E0.00008
G1 X122.278 Y106.9 E0.00011
G1 X122.432 Y106.657 E0.00014
G1 X122.566 Y106.509 E0.0001
G1 X122.732 Y106.382 E0.0001
G1 X126.876 Y103.99 E0.00239
G1 X126.98 Y103.952 E0.00006
G1 X128.624 Y103.948 E0.00082
G1 X128.709 Y103.959 E0.00004
G1 X128.784 Y103.99 E0.00004
G1 X132.884 Y106.354 E0.00236
G1 X133.017 Y106.446 E0.00008
G1 X133.158 Y106.577 E0.0001
G1 X133.315 Y106.782 E0.00013
G1 X133.408 Y106.947 E0.00009
G1 X133.412 Y99.621 E0.00365
G1 X133.412 Y99.308 E0.00016
M106 S255
G1 F540 X86.584 Y99.308 E0.38938
M106 S51
G1 F528 X86.584 Y99.621 E0.00016
G1 X86.584 Y106.725 E0.00354
G1 F529.3 X86.583 Y106.785 E0.00003
G1 F532 X86.582 Y106.794 E0
G1 F536 X86.581 Y106.804 E0
G1 F540.2 X86.579 Y106.814 E0
G1 F544.3 X86.578 Y106.824 E0
G1 F547.2 X86.576 Y106.834 E0
G1 F551.4 X86.575 Y106.844 E0
G1 F555.8 X86.573 Y106.854 E0
G1 F560.2 X86.572 Y106.864 E0
G1 F564.7 X86.571 Y106.874 E0
G1 F569.3 X86.569 Y106.883 E0
G1 F573.9 X86.568 Y106.893 E0
G1 F578.6 X86.566 Y106.903 E0
G1 F583.4 X86.565 Y106.913 E0
G1 F586.7 X86.563 Y106.923 E0
G1 F591.6 X86.562 Y106.933 E0
G1 F596.6 X86.561 Y106.943 E0
G1 F601.7 X86.559 Y106.953 E0
G1 F606.9 X86.558 Y106.963 E0
G1 F612.2 X86.555 Y106.977 E0.00001
G1 F619.4 X86.553 Y106.99 E0.00001
G1 F626.7 X86.551 Y107.003 E0.00001
G1 F632.3 X86.55 Y107.011 E0
G1 F638.1 X86.549 Y107.021 E0
G1 F643.9 X86.547 Y107.031 E0
G1 F647.9 X86.546 Y107.041 E0
G1 F653.9 X86.545 Y107.051 E0
G1 F660 X86.543 Y107.061 E0
G1 F666.2 X86.542 Y107.071 E0
G1 F672.6 X86.541 Y107.081 E0
G1 F679.1 X86.539 Y107.091 E0
G1 F683.5 X86.538 Y107.101 E0
G1 F690.2 X86.537 Y107.111 E0
G1 F697 X86.535 Y107.121 E0
G1 F704 X86.534 Y107.132 E0
G1 F711.1 X86.533 Y107.143 E0
G1 F718.4 X86.531 Y107.154 E0
G1 F725.8 X86.53 Y107.165 E0
G1 F733.3 X86.528 Y107.176 E0
G1 F738.5 X86.528 Y107.19 E0
G1 F741.1 X86.527 Y107.204 E0
G1 F743.7 X86.527 Y107.218 E0
G1 F746.3 X86.526 Y107.232 E0
G1 F748.9 X86.526 Y107.246 E0
G1 F751.6 X86.525 Y107.26 E0
G1 F754.3 X86.525 Y107.274 E0
G1 F759.7 X86.524 Y107.288 E0
G1 F762.5 X86.524 Y107.302 E0
G1 F765.2 X86.523 Y107.316 E0
G1 F768 X86.523 Y107.33 E0
G1 F770.8 X86.522 Y107.344 E0
G1 F773.6 X86.521 Y107.358 E0
G1 X86.52 Y112.622 E0.00179
G1 X86.52 Y112.633 E0
G1 F770.8 X86.52 Y112.644 E0
G1 F768 X86.521 Y112.655 E0
G1 F765.2 X86.521 Y112.666 E0
G1 F762.5 X86.522 Y112.677 E0
G1 X86.522 Y112.688 E0
G1 F759.7 X86.523 Y112.699 E0
G1 F757 X86.523 Y112.71 E0
G1 F754.3 X86.524 Y112.721 E0
G1 F751.6 X86.524 Y112.732 E0
G1 F748.9 X86.525 Y112.743 E0
G1 F746.3 X86.525 Y112.754 E0
G1 F743.7 X86.525 Y112.765 E0
G1 F741.1 X86.526 Y112.776 E0
G1 X86.526 Y112.787 E0
G1 F738.5 X86.527 Y112.798 E0
G1 F735.9 X86.527 Y112.809 E0
G1 F733.3 X86.528 Y112.82 E0
G1 F730.8 X86.528 Y112.831 E0
G1 F725.8 X86.53 Y112.85 E0.00001
G1 F718.4 X86.531 Y112.862 E0
G1 F708.7 X86.533 Y112.874 E0
G1 F701.7 X86.534 Y112.886 E0
G1 F694.7 X86.536 Y112.896 E0
G1 F687.9 X86.537 Y112.906 E0
G1 F681.3 X86.539 Y112.916 E0
G1 F676.9 X86.54 Y112.926 E0
G1 F670.5 X86.541 Y112.936 E0
G1 F664.2 X86.543 Y112.946 E0
G1 F657.9 X86.544 Y112.956 E0
G1 F651.9 X86.545 Y112.966 E0
G1 F645.9 X86.547 Y112.976 E0
G1 F640 X86.548 Y112.986 E0
G1 F636.1 X86.549 Y112.996 E0
G1 F630.4 X86.551 Y113.006 E0
G1 F624.9 X86.552 Y113.016 E0
G1 F619.4 X86.555 Y113.032 E0.00001
G1 F612.2 X86.557 Y113.045 E0.00001
G1 F605.2 X86.559 Y113.058 E0.00001
G1 F600 X86.56 Y113.068 E0
G1 F594.9 X86.562 Y113.079 E0
G1 F589.9 X86.563 Y113.09 E0
G1 F585 X86.565 Y113.101 E0.00001
G1 F580.2 X86.566 Y113.112 E0.00001
G1 F575.5 X86.568 Y113.123 E0.00001
G1 F570.8 X86.569 Y113.134 E0.00001
G1 F566.2 X86.571 Y113.145 E0.00001
G1 F561.7 X86.573 Y113.156 E0.00001
G1 F557.3 X86.574 Y113.167 E0.00001
G1 F552.9 X86.576 Y113.178 E0.00001
G1 F548.6 X86.577 Y113.188 E0
G1 F544.3 X86.578 Y113.199 E0.00001
G1 F540.2 X86.58 Y113.214 E0.00001
G1 F534.7 X86.582 Y113.229 E0.00001
G1 F530.7 X86.583 Y113.244 E0.00001
G1 F528 X86.584 Y114.316 E0.00053
G1 X86.584 Y115.316 E0.0005
G1 X86.584 Y120.379 E0.00253
G1 X86.584 Y120.688 E0.00015
M106 S255
G1 F540 X133.412 Y120.688 E0.38938
M106 S51
G1 F528 X133.412 Y120.379 E0.00015
G1 X133.412 Y115.316 E0.00253
G1 X133.412 Y114.316 E0.0005
G1 X133.412 Y113.272 E0.00052
G1 F529.3 X133.413 Y113.215 E0.00003
G1 F532 X133.414 Y113.205 E0
G1 F536 X133.416 Y113.194 E0.00001
G1 F540.2 X133.417 Y113.183 E0.00001
G1 F544.3 X133.419 Y113.172 E0.00001
G1 F548.6 X133.42 Y113.161 E0.00001
G1 F552.9 X133.422 Y113.15 E0.00001
G1 F557.3 X133.424 Y113.139 E0.00001
G1 F561.7 X133.425 Y113.128 E0.00001
G1 F566.2 X133.427 Y113.118 E0
G1 F570.8 X133.428 Y113.107 E0.00001
G1 F575.5 X133.43 Y113.096 E0.00001
G1 F580.2 X133.431 Y113.085 E0.00001
G1 F585 X133.433 Y113.074 E0.00001
G1 F589.9 X133.435 Y113.063 E0
G1 F594.9 X133.436 Y113.052 E0
G1 F600 X133.438 Y113.041 E0
G1 F605.2 X133.439 Y113.03 E0
G1 F610.4 X133.441 Y113.02 E0
G1 F617.5 X133.442 Y113.014 E0
G1 F624.9 X133.444 Y112.999 E0.00001
G1 F632.3 X133.446 Y112.984 E0.00001
G1 F640 X133.448 Y112.974 E0
G1 F645.9 X133.449 Y112.964 E0
G1 F651.9 X133.451 Y112.954 E0
G1 F657.9 X133.452 Y112.944 E0
G1 F664.2 X133.453 Y112.934 E0
G1 F668.4 X133.455 Y112.924 E0
G1 F674.8 X133.456 Y112.914 E0
G1 F681.3 X133.458 Y112.904 E0
G1 F687.9 X133.459 Y112.894 E0
G1 F694.7 X133.46 Y112.884 E0
G1 F701.7 X133.462 Y112.874 E0
G1 F708.7 X133.464 Y112.854 E0.00001
G1 F718.4 X133.466 Y112.839 E0.00001
G1 F728.3 X133.468 Y112.824 E0.00001
G1 F735.9 X133.468 Y112.811 E0
G1 F738.5 X133.469 Y112.797 E0.00001
G1 F741.1 X133.469 Y112.783 E0
G1 F743.7 X133.47 Y112.769 E0
G1 F746.3 X133.47 Y112.755 E0
G1 F748.9 X133.471 Y112.741 E0
G1 F751.6 X133.471 Y112.727 E0
G1 F754.3 X133.472 Y112.713 E0
G1 F757 X133.472 Y112.699 E0
G1 F759.7 X133.473 Y112.685 E0
G1 F762.5 X133.473 Y112.671 E0
G1 F765.2 X133.474 Y112.657 E0
G1 F768 X133.474 Y112.643 E0
G1 F770.8 X133.475 Y112.629 E0
G1 F773.6 X133.475 Y112.534 E0.00003
G1 X133.475 Y112.435 E0.00003
G1 X133.475 Y112.336 E0.00003
G1 X133.475 Y112.237 E0.00003
G1 X133.475 Y112.138 E0.00003
G1 X133.475 Y112.039 E0.00003
G1 X133.475 Y111.94 E0.00003
G1 X133.475 Y111.841 E0.00003
G1 X133.475 Y111.742 E0.00003
G1 X133.475 Y111.643 E0.00003
G1 X133.475 Y111.544 E0.00003
G1 X133.475 Y111.445 E0.00003
G1 X133.475 Y111.346 E0.00003
G1 X133.475 Y111.247 E0.00003
G1 X133.475 Y111.148 E0.00003
G1 X133.475 Y111.049 E0.00003
G1 X133.475 Y110.95 E0.00003
G1 X133.475 Y110.851 E0.00003
G1 X133.475 Y110.752 E0.00003
G1 X133.475 Y110.653 E0.00003
G1 X133.475 Y110.554 E0.00003
G1 X133.475 Y110.455 E0.00003
G1 X133.475 Y110.356 E0.00003
G1 X133.475 Y110.257 E0.00003
G1 X133.475 Y110.158 E0.00003
G1 X133.475 Y110.059 E0.00003
G1 X133.475 Y109.96 E0.00003
G1 F776.5 X133.475 Y109.861 E0.00003
G1 X133.475 Y109.762 E0.00003
G1 X133.475 Y109.663 E0.00003
G1 X133.475 Y109.564 E0.00003
G1 X133.475 Y109.465 E0.00003
G1 X133.475 Y109.366 E0.00003
G1 X133.475 Y109.267 E0.00003
G1 X133.475 Y109.168 E0.00003
G1 X133.475 Y109.069 E0.00003
G1 X133.475 Y108.97 E0.00003
G1 X133.475 Y108.871 E0.00003
G1 X133.475 Y108.772 E0.00003
G1 X133.475 Y108.673 E0.00003
G1 X133.475 Y108.574 E0.00003
G1 X133.475 Y108.475 E0.00003
G1 X133.475 Y108.376 E0.00003
G1 X133.475 Y108.277 E0.00003
G1 X133.475 Y108.178 E0.00003
G1 X133.475 Y108.079 E0.00003
G1 X133.475 Y107.98 E0.00003
G1 X133.475 Y107.881 E0.00003
G1 X133.475 Y107.782 E0.00003
G1 X133.475 Y107.683 E0.00003
G1 X133.475 Y107.584 E0.00003
G1 X133.475 Y107.485 E0.00003
G1 X133.475 Y107.386 E0.00003
G1 F773.6 X133.475 Y107.363 E0.00001
G1 F765.2 X133.473 Y107.353 E0
G1 F757 X133.472 Y107.343 E0
G1 F748.9 X133.47 Y107.333 E0
G1 F738.5 X133.469 Y107.323 E0
G1 F730.8 X133.467 Y107.313 E0
G1 F723.3 X133.466 Y107.303 E0
G1 F715.9 X133.464 Y107.294 E0
G1 F708.7 X133.462 Y107.284 E0
G1 F701.7 X133.461 Y107.274 E0
G1 F694.7 X133.459 Y107.264 E0
G1 F685.7 X133.458 Y107.254 E0
G1 F679.1 X133.456 Y107.244 E0
G1 F672.6 X133.455 Y107.234 E0
G1 F666.2 X133.453 Y107.224 E0
G1 F660 X133.451 Y107.215 E0
G1 F653.9 X133.45 Y107.205 E0
G1 F647.9 X133.448 Y107.195 E0
G1 F641.9 X133.447 Y107.185 E0
G1 F634.2 X133.445 Y107.175 E0
G1 F628.6 X133.444 Y107.165 E0
G1 F623 X133.442 Y107.155 E0
G1 F617.5 X133.44 Y107.145 E0
G1 F610.4 X133.439 Y107.132 E0.00001
G1 F603.4 X133.437 Y107.119 E0.00001
G1 F596.6 X133.436 Y107.106 E0.00001
G0 F24000 X133.44 Y107.145
G0 X133.443 Y107.305
G0 X133.304 Y106.581
G0 X132.954 Y106.258
G0 X128.745 Y103.83
G0 X126.917 Y103.83
G0 X121.885 Y106.519
G0 X121.489 Y106.893
G1 F528 X121.583 Y107.14 E0.00013
G1 X121.625 Y107.42 E0.00014
G1 X121.619 Y112.638 E0.0026
G1 X121.601 Y112.774 E0.00007
G1 X121.535 Y112.995 E0.00012
G1 X121.458 Y113.168 E0.00009
G1 X121.385 Y113.283 E0.00007
G1 X121.262 Y113.428 E0.00009
G1 X121.17 Y113.516 E0.00006
G1 X120.991 Y113.647 E0.00011
G1 X116.572 Y116.198 E0.00255
G1 X116.424 Y116.266 E0.00008
G1 X116.204 Y116.332 E0.00011
G1 X115.972 Y116.356 E0.00012
G1 X115.801 Y116.352 E0.00009
G1 X115.64 Y116.321 E0.00008
G1 X115.384 Y116.23 E0.00014
G1 X110.893 Y113.648 E0.00258
G1 X110.767 Y113.559 E0.00008
G1 X110.631 Y113.44 E0.00009
G1 X110.488 Y113.264 E0.00011
G1 X110.428 Y113.171 E0.00006
G1 X110.333 Y112.949 E0.00012
G1 X110.289 Y112.802 E0.00008
G1 X110.265 Y112.645 E0.00008
G1 X110.264 Y107.379 E0.00263
G1 X110.29 Y107.176 E0.0001
G1 X110.353 Y106.992 E0.0001
G1 X110.416 Y106.852 E0.00008
G1 X110.499 Y106.717 E0.00008
G1 X110.627 Y106.559 E0.0001
G1 X110.713 Y106.478 E0.00006
G1 X110.868 Y106.366 E0.0001
G1 X114.988 Y103.99 E0.00237
G1 X115.092 Y103.952 E0.00006
G1 X116.736 Y103.948 E0.00082
G1 X116.821 Y103.959 E0.00004
G1 X116.896 Y103.99 E0.00004
G1 X121.001 Y106.358 E0.00236
G1 X121.217 Y106.524 E0.00014
G1 X121.395 Y106.731 E0.00014
G1 X121.489 Y106.893 E0.00009
G0 F24000 X121.56 Y107.08
G0 X121.885 Y106.519
G0 X121.441 Y106.032
G0 X116.965 Y103.43
G0 X114.923 Y103.43
G0 X110.386 Y106.08
G0 X110.013 Y106.515
G0 X109.656 Y107.015
G1 F528 X109.712 Y107.225 E0.00011
G1 X109.73 Y107.336 E0.00006
G1 X109.735 Y112.64 E0.00265
G1 X109.692 Y112.866 E0.00011
G1 X109.636 Y113.034 E0.00009
G1 X109.552 Y113.2 E0.00009
G1 X109.397 Y113.405 E0.00013
G1 X109.276 Y113.523 E0.00008
G1 X109.15 Y113.618 E0.00008
G1 X104.62 Y116.228 E0.00261
G1 X104.496 Y116.28 E0.00007
G1 X104.288 Y116.34 E0.00011
G1 X104.11 Y116.355 E0.00009
G1 X103.911 Y116.351 E0.0001
G1 X103.646 Y116.296 E0.00014
G1 X103.472 Y116.222 E0.00009
G1 X98.956 Y113.614 E0.0026
G1 X98.814 Y113.506 E0.00009
G1 X98.612 Y113.282 E0.00015
G1 X98.53 Y113.148 E0.00008
G1 X98.428 Y112.902 E0.00013
G1 X98.373 Y112.604 E0.00015
G1 X98.372 Y107.468 E0.00256
G1 X98.391 Y107.259 E0.0001
G1 X98.444 Y107.04 E0.00011
G1 X98.496 Y106.916 E0.00007
G1 X98.634 Y106.686 E0.00013
G1 X98.743 Y106.56 E0.00008
G1 X98.864 Y106.449 E0.00008
G1 X98.984 Y106.365 E0.00007
G1 X103.1 Y103.99 E0.00237
G1 X103.204 Y103.952 E0.00006
G1 X104.852 Y103.948 E0.00082
G1 X104.937 Y103.959 E0.00004
G1 X105.013 Y103.99 E0.00004
G1 X109.165 Y106.39 E0.00239
G1 X109.31 Y106.505 E0.00009
G1 X109.484 Y106.697 E0.00013
G1 X109.585 Y106.857 E0.00009
G1 X109.656 Y107.015 E0.00009
G0 F24000 X109.707 Y107.208
G0 X110.013 Y106.515
G0 X109.485 Y105.979
G0 X105.078 Y103.43
G0 X103.035 Y103.43
G0 X98.524 Y106.057
G0 X98.115 Y106.523
G0 X97.78 Y107.049
G1 F528 X97.829 Y107.24 E0.0001
G1 X97.847 Y107.386 E0.00007
G1 X97.852 Y112.528 E0.00257
G1 X97.834 Y112.733 E0.0001
G1 X97.795 Y112.9 E0.00009
G1 X97.721 Y113.091 E0.0001
G1 X97.592 Y113.303 E0.00012
G1 X97.452 Y113.466 E0.00011
G1 X97.268 Y113.614 E0.00012
G1 X92.809 Y116.19 E0.00257
G1 X92.638 Y116.268 E0.00009
G1 X92.506 Y116.312 E0.00007
G1 X92.34 Y116.348 E0.00008
G1 X92.064 Y116.352 E0.00014
G1 X91.891 Y116.328 E0.00009
G1 X91.58 Y116.218 E0.00016
G1 X87.1 Y113.634 E0.00258
G1 X86.946 Y113.52 E0.0001
G1 X86.801 Y113.378 E0.0001
G1 X86.681 Y113.214 E0.0001
G1 F530.7 X86.676 Y113.202 E0.00001
G1 F534.7 X86.671 Y113.19 E0.00001
G1 F540.2 X86.666 Y113.178 E0.00001
G1 F544.3 X86.661 Y113.166 E0.00001
G1 F548.6 X86.657 Y113.155 E0.00001
G1 F552.9 X86.653 Y113.145 E0.00001
G1 F557.3 X86.65 Y113.134 E0.00001
G1 F561.7 X86.646 Y113.124 E0.00001
G1 F566.2 X86.643 Y113.114 E0
G1 F570.8 X86.639 Y113.103 E0.00001
G1 F575.5 X86.636 Y113.093 E0
G1 F580.2 X86.632 Y113.082 E0.00001
G1 F585 X86.629 Y113.072 E0
G1 F589.9 X86.625 Y113.062 E0
G1 F594.9 X86.622 Y113.051 E0.00001
G1 F600 X86.618 Y113.041 E0
G1 F606.9 X86.615 Y113.027 E0.00001
G1 F617.5 X86.611 Y113.009 E0.00001
G1 F624.9 X86.61 Y113 E0
G1 F630.4 X86.608 Y112.99 E0
G1 F636.1 X86.606 Y112.98 E0
G1 F640 X86.604 Y112.97 E0
G1 F645.9 X86.602 Y112.961 E0
G1 F651.9 X86.6 Y112.951 E0
G1 F657.9 X86.598 Y112.941 E0
G1 F664.2 X86.596 Y112.931 E0
G1 F670.5 X86.594 Y112.922 E0
G1 F676.9 X86.592 Y112.912 E0
G1 F681.3 X86.59 Y112.902 E0
G1 F687.9 X86.588 Y112.892 E0
G1 F694.7 X86.586 Y112.882 E0
G1 F704 X86.583 Y112.865 E0.00001
G1 F713.5 X86.581 Y112.85 E0.00001
G1 F723.3 X86.579 Y112.835 E0.00001
G1 F730.8 X86.577 Y112.824 E0
G1 F733.3 X86.576 Y112.813 E0
G1 F735.9 X86.575 Y112.802 E0
G1 F738.5 X86.573 Y112.791 E0
G1 F741.1 X86.572 Y112.78 E0
G1 X86.571 Y112.769 E0
G1 F743.7 X86.569 Y112.758 E0
G1 F746.3 X86.568 Y112.747 E0
G1 F748.9 X86.567 Y112.736 E0
G1 F751.6 X86.565 Y112.726 E0
G1 F754.3 X86.564 Y112.715 E0
G1 F757 X86.563 Y112.704 E0
G1 F759.7 X86.561 Y112.693 E0
G1 F762.5 X86.56 Y112.682 E0
G1 X86.559 Y112.671 E0
G1 F765.2 X86.557 Y112.66 E0
G1 F768 X86.556 Y112.649 E0
G1 F770.8 X86.555 Y112.638 E0
G1 F773.6 X86.553 Y112.627 E0
G1 X86.554 Y107.36 E0.00179
G1 X86.555 Y107.347 E0
G1 F770.8 X86.557 Y107.333 E0
G1 F768 X86.558 Y107.319 E0
G1 F765.2 X86.56 Y107.305 E0
G1 F762.5 X86.562 Y107.291 E0
G1 F759.7 X86.563 Y107.277 E0
G1 F754.3 X86.565 Y107.263 E0
G1 F751.6 X86.566 Y107.249 E0
G1 F748.9 X86.568 Y107.235 E0
G1 F746.3 X86.57 Y107.221 E0
G1 F743.7 X86.571 Y107.207 E0
G1 F741.1 X86.573 Y107.193 E0.00001
G1 F738.5 X86.575 Y107.179 E0.00001
G1 F733.3 X86.576 Y107.166 E0
G1 F723.3 X86.578 Y107.153 E0
G1 F713.5 X86.579 Y107.14 E0
G1 F704 X86.581 Y107.127 E0
G1 F697 X86.583 Y107.12 E0
G1 F690.2 X86.585 Y107.11 E0
G1 F683.5 X86.587 Y107.1 E0
G1 F679.1 X86.589 Y107.09 E0
G1 F672.6 X86.591 Y107.08 E0
G1 F666.2 X86.593 Y107.07 E0
G1 F660 X86.595 Y107.061 E0
G1 F653.9 X86.597 Y107.051 E0
G1 F647.9 X86.599 Y107.041 E0
G1 F643.9 X86.601 Y107.031 E0
G1 F638.1 X86.603 Y107.021 E0
G1 F632.3 X86.605 Y107.011 E0
G1 F624.9 X86.609 Y106.994 E0.00001
G1 F614 X86.613 Y106.977 E0.00001
G1 F606.9 X86.616 Y106.968 E0
G1 F601.7 X86.619 Y106.958 E0
G1 F596.6 X86.622 Y106.949 E0
G1 F591.6 X86.625 Y106.939 E0
G1 F586.7 X86.628 Y106.93 E0
G1 F583.4 X86.631 Y106.92 E0
G1 F578.6 X86.635 Y106.911 E0
G1 F573.9 X86.638 Y106.901 E0
G1 F569.3 X86.641 Y106.892 E0
G1 F564.7 X86.644 Y106.882 E0
G1 F560.2 X86.647 Y106.873 E0
G1 F555.8 X86.65 Y106.863 E0
G1 F551.4 X86.653 Y106.854 E0
G1 F547.2 X86.657 Y106.844 E0.00001
G1 F544.3 X86.66 Y106.835 E0
G1 F540.2 X86.663 Y106.825 E0.00001
G1 F536 X86.666 Y106.816 E0
G1 F532 X86.669 Y106.806 E0.00001
G1 F529.3 X86.696 Y106.761 E0.00003
G1 F528 X86.797 Y106.626 E0.00008
G1 X86.905 Y106.513 E0.00008
G1 X87.059 Y106.391 E0.0001
G1 X91.207 Y103.99 E0.00239
G1 X91.312 Y103.952 E0.00006
G1 X92.964 Y103.948 E0.00082
G1 X93.049 Y103.959 E0.00004
G1 X93.124 Y103.99 E0.00004
G1 X97.221 Y106.354 E0.00236
G1 X97.35 Y106.443 E0.00008
G1 X97.503 Y106.585 E0.0001
G1 X97.6 Y106.701 E0.00008
G1 X97.692 Y106.848 E0.00009
G1 X97.78 Y107.049 E0.00011
G0 F24000 X97.829 Y107.24
G0 X97.829 Y107.242
G0 X98.112 Y107.355
;TYPE:WALL-INNER
G1 F567.7 X98.112 Y107.376 E0.00001
G1 F570.8 X98.112 Y107.397 E0.00001
G1 F575.5 X98.111 Y107.418 E0.00001
G1 F578.6 X98.11 Y107.468 E0.00002
G1 F581.8 X98.11 Y107.518 E0.00002
G1 X98.11 Y107.568 E0.00002
G1 X98.11 Y107.618 E0.00002
G1 X98.11 Y107.668 E0.00002
G1 X98.11 Y107.718 E0.00002
G1 X98.11 Y107.768 E0.00002
G1 X98.11 Y107.818 E0.00002
G1 X98.11 Y107.868 E0.00002
G1 X98.11 Y107.918 E0.00002
G1 X98.11 Y107.968 E0.00002
G1 X98.11 Y108.018 E0.00002
G1 X98.11 Y108.068 E0.00002
G1 X98.11 Y108.118 E0.00002
G1 X98.11 Y108.168 E0.00002
G1 X98.11 Y108.218 E0.00002
G1 X98.11 Y108.268 E0.00002
G1 X98.11 Y108.318 E0.00002
G1 X98.11 Y108.368 E0.00002
G1 X98.11 Y108.418 E0.00002
G1 X98.11 Y108.468 E0.00002
G1 X98.11 Y108.518 E0.00002
G1 X98.11 Y108.568 E0.00002
G1 X98.11 Y108.618 E0.00002
G1 X98.11 Y108.668 E0.00002
G1 X98.11 Y108.718 E0.00002
G1 X98.11 Y108.768 E0.00002
G1 F583.4 X98.11 Y108.818 E0.00002
G1 X98.11 Y108.868 E0.00002
G1 X98.11 Y108.918 E0.00002
G1 X98.11 Y108.968 E0.00002
G1 X98.11 Y109.018 E0.00002
G1 X98.11 Y109.068 E0.00002
G1 X98.11 Y109.118 E0.00002
G1 X98.11 Y109.168 E0.00002
G1 X98.11 Y109.218 E0.00002
G1 X98.11 Y109.268 E0.00002
G1 X98.11 Y109.318 E0.00002
G1 X98.11 Y109.368 E0.00002
G1 X98.11 Y109.418 E0.00002
G1 X98.11 Y109.468 E0.00002
G1 X98.11 Y109.518 E0.00002
G1 X98.11 Y109.568 E0.00002
G1 X98.11 Y109.618 E0.00002
G1 X98.11 Y109.668 E0.00002
G1 X98.11 Y109.718 E0.00002
G1 X98.11 Y109.768 E0.00002
G1 X98.11 Y109.818 E0.00002
G1 X98.11 Y109.868 E0.00002
G1 X98.11 Y109.918 E0.00002
G1 X98.11 Y109.968 E0.00002
G1 X98.111 Y110.018 E0.00002
G1 F585 X98.111 Y110.068 E0.00002
G1 X98.111 Y110.118 E0.00002
G1 X98.111 Y110.168 E0.00002
G1 X98.111 Y110.218 E0.00002
G1 X98.111 Y110.268 E0.00002
G1 X98.111 Y110.318 E0.00002
G1 X98.111 Y110.368 E0.00002
G1 X98.111 Y110.418 E0.00002
G1 X98.111 Y110.468 E0.00002
G1 X98.111 Y110.518 E0.00002
G1 X98.111 Y110.568 E0.00002
G1 X98.111 Y110.618 E0.00002
G1 X98.111 Y110.668 E0.00002
G1 X98.111 Y110.718 E0.00002
G1 X98.111 Y110.768 E0.00002
G1 X98.111 Y110.818 E0.00002
G1 X98.111 Y110.868 E0.00002
G1 X98.111 Y110.918 E0.00002
G1 X98.111 Y110.968 E0.00002
G1 X98.111 Y111.018 E0.00002
G1 X98.111 Y111.068 E0.00002
G1 X98.111 Y111.118 E0.00002
G1 X98.111 Y111.168 E0.00002
G1 X98.111 Y111.218 E0.00002
G1 X98.111 Y111.268 E0.00002
G1 X98.111 Y111.318 E0.00002
G1 F586.7 X98.111 Y111.368 E0.00002
G1 X98.111 Y111.418 E0.00002
G1 X98.111 Y111.468 E0.00002
G1 X98.111 Y111.518 E0.00002
G1 X98.111 Y111.568 E0.00002
G1 X98.111 Y111.618 E0.00002
G1 X98.111 Y111.668 E0.00002
G1 X98.111 Y111.718 E0.00002
G1 X98.111 Y111.768 E0.00002
G1 X98.111 Y111.818 E0.00002
G1 X98.111 Y111.868 E0.00002
G1 X98.111 Y111.918 E0.00002
G1 X98.111 Y111.968 E0.00002
G1 X98.111 Y112.018 E0.00002
G1 X98.111 Y112.068 E0.00002
G1 X98.111 Y112.118 E0.00002
G1 X98.111 Y112.168 E0.00002
G1 X98.111 Y112.218 E0.00002
G1 X98.111 Y112.268 E0.00002
G1 X98.111 Y112.318 E0.00002
G1 X98.111 Y112.368 E0.00002
G1 X98.111 Y112.418 E0.00002
G1 X98.111 Y112.468 E0.00002
G1 X98.111 Y112.518 E0.00002
G1 X98.112 Y112.568 E0.00002
G1 F585 X98.111 Y112.578 E0
G1 F581.8 X98.111 Y112.603 E0.00001
G1 F577 X98.11 Y112.628 E0.00001
G0 F24000 X98.111 Y113.482
G0 X98.655 Y114.039
G0 X103.278 Y116.708
G0 X103.892 Y116.873
G0 X104.629 Y116.789
G0 X109.616 Y113.918
G0 X109.999 Y113.482
G0 X110 Y112.665
G1 F570.8 X110 Y112.62 E0.00002
G1 F573.9 X110 Y112.608 E0.00001
G1 X110 Y112.558 E0.00002
G1 X110 Y112.508 E0.00002
G1 X110 Y112.458 E0.00002
G1 X110 Y112.408 E0.00002
G1 X110 Y112.358 E0.00002
G1 X110 Y112.308 E0.00002
G1 X110 Y112.258 E0.00002
G1 X110 Y112.208 E0.00002
G1 X110 Y112.158 E0.00002
G1 X110 Y112.108 E0.00002
G1 X110 Y112.058 E0.00002
G1 X110 Y112.008 E0.00002
G1 X110 Y111.958 E0.00002
G1 X110 Y111.908 E0.00002
G1 X110 Y111.858 E0.00002
G1 X110 Y111.808 E0.00002
G1 X110 Y111.758 E0.00002
G1 X110 Y111.708 E0.00002
G1 X110 Y111.658 E0.00002
G1 X110 Y111.608 E0.00002
G1 X110 Y111.558 E0.00002
G1 X110 Y111.508 E0.00002
G1 X110 Y111.458 E0.00002
G1 X110 Y111.408 E0.00002
G1 X110 Y111.358 E0.00002
G1 X110 Y111.308 E0.00002
G1 F572.4 X110 Y111.258 E0.00002
G1 X110 Y111.208 E0.00002
G1 X110 Y111.158 E0.00002
G1 X110 Y111.108 E0.00002
G1 X110 Y111.058 E0.00002
G1 X110 Y111.008 E0.00002
G1 X110 Y110.958 E0.00002
G1 X110 Y110.908 E0.00002
G1 X110 Y110.858 E0.00002
G1 X110 Y110.808 E0.00002
G1 X110 Y110.758 E0.00002
G1 X110 Y110.708 E0.00002
G1 X110 Y110.658 E0.00002
G1 X110 Y110.608 E0.00002
G1 X110 Y110.558 E0.00002
G1 X110 Y110.508 E0.00002
G1 X110 Y110.458 E0.00002
G1 X110 Y110.408 E0.00002
G1 X110 Y110.358 E0.00002
G1 X110 Y110.308 E0.00002
G1 X110 Y110.258 E0.00002
G1 X110 Y110.208 E0.00002
G1 X110 Y110.158 E0.00002
G1 X110 Y110.108 E0.00002
G1 X110 Y110.058 E0.00002
G1 X110 Y110.008 E0.00002
G1 F570.8 X109.999 Y109.958 E0.00002
G1 X109.999 Y109.908 E0.00002
G1 X109.999 Y109.858 E0.00002
G1 X109.999 Y109.808 E0.00002
G1 X109.999 Y109.758 E0.00002
G1 X109.999 Y109.708 E0.00002
G1 X109.999 Y109.658 E0.00002
G1 X109.999 Y109.608 E0.00002
G1 X109.999 Y109.558 E0.00002
G1 X109.999 Y109.508 E0.00002
G1 X109.999 Y109.458 E0.00002
G1 X109.999 Y109.408 E0.00002
G1 X109.999 Y109.358 E0.00002
G1 X109.999 Y109.308 E0.00002
G1 X109.999 Y109.258 E0.00002
G1 X109.999 Y109.208 E0.00002
G1 X109.999 Y109.158 E0.00002
G1 X109.999 Y109.108 E0.00002
G1 X109.999 Y109.058 E0.00002
G1 X109.999 Y109.008 E0.00002
G1 X109.999 Y108.958 E0.00002
G1 X109.999 Y108.908 E0.00002
G1 X109.999 Y108.858 E0.00002
G1 X109.999 Y108.808 E0.00002
G1 X109.999 Y108.758 E0.00002
G1 X109.999 Y108.708 E0.00002
G1 X109.999 Y108.658 E0.00002
G1 F569.3 X109.999 Y108.608 E0.00002
G1 X109.999 Y108.558 E0.00002
G1 X109.999 Y108.508 E0.00002
G1 X109.999 Y108.458 E0.00002
G1 X109.999 Y108.408 E0.00002
G1 X109.999 Y108.358 E0.00002
G1 X109.999 Y108.308 E0.00002
G1 X109.999 Y108.258 E0.00002
G1 X109.999 Y108.208 E0.00002
G1 X109.999 Y108.158 E0.00002
G1 X109.999 Y108.108 E0.00002
G1 X109.999 Y108.058 E0.00002
G1 X109.999 Y108.008 E0.00002
G1 X109.999 Y107.958 E0.00002
G1 X109.999 Y107.908 E0.00002
G1 X109.999 Y107.858 E0.00002
G1 X109.999 Y107.808 E0.00002
G1 X109.999 Y107.758 E0.00002
G1 X109.999 Y107.708 E0.00002
G1 X109.999 Y107.658 E0.00002
G1 X109.999 Y107.608 E0.00002
G1 X109.999 Y107.558 E0.00002
G1 X109.999 Y107.508 E0.00002
G1 X109.999 Y107.458 E0.00002
G1 X109.999 Y107.408 E0.00002
G1 X109.998 Y107.358 E0.00002
G1 F563.2 X109.998 Y107.34 E0.00001
G1 F558.7 X109.998 Y107.322 E0.00001
G1 F555.8 X109.998 Y107.304 E0.00001
G0 F24000 X110.013 Y106.515
G0 X110.386 Y106.08
G0 X114.923 Y103.43
G0 X116.965 Y103.43
G0 X121.441 Y106.032
G0 X121.885 Y106.519
G0 X121.886 Y107.325
G1 F560.2 X121.886 Y107.339 E0.00001
G1 F563.2 X121.886 Y107.353 E0.00001
G1 F566.2 X121.886 Y107.367 E0.00001
G1 F569.3 X121.886 Y107.381 E0.00001
G1 F572.4 X121.886 Y107.395 E0.00001
G1 F575.5 X121.886 Y107.409 E0.00001
G1 F578.6 X121.887 Y107.423 E0.00001
G1 F580.2 X121.886 Y107.468 E0.00002
G1 X121.886 Y107.518 E0.00002
G1 X121.886 Y107.568 E0.00002
G1 X121.886 Y107.618 E0.00002
G1 X121.886 Y107.668 E0.00002
G1 X121.886 Y107.718 E0.00002
G1 X121.886 Y107.768 E0.00002
G1 X121.886 Y107.818 E0.00002
G1 X121.886 Y107.868 E0.00002
G1 X121.886 Y107.918 E0.00002
G1 X121.886 Y107.968 E0.00002
G1 X121.886 Y108.018 E0.00002
G1 X121.886 Y108.068 E0.00002
G1 X121.886 Y108.118 E0.00002
G1 X121.886 Y108.168 E0.00002
G1 X121.886 Y108.218 E0.00002
G1 X121.886 Y108.268 E0.00002
G1 X121.886 Y108.318 E0.00002
G1 X121.886 Y108.368 E0.00002
G1 X121.886 Y108.418 E0.00002
G1 X121.886 Y108.468 E0.00002
G1 X121.886 Y108.518 E0.00002
G1 X121.886 Y108.568 E0.00002
G1 X121.886 Y108.618 E0.00002
G1 X121.886 Y108.668 E0.00002
G1 X121.886 Y108.718 E0.00002
G1 X121.886 Y108.768 E0.00002
G1 F578.6 X121.886 Y108.818 E0.00002
G1 X121.886 Y108.868 E0.00002
G1 X121.886 Y108.918 E0.00002
G1 X121.886 Y108.968 E0.00002
G1 X121.886 Y109.018 E0.00002
G1 X121.886 Y109.068 E0.00002
G1 X121.886 Y109.118 E0.00002
G1 X121.886 Y109.168 E0.00002
G1 X121.886 Y109.218 E0.00002
G1 X121.886 Y109.268 E0.00002
G1 X121.886 Y109.318 E0.00002
G1 X121.886 Y109.368 E0.00002
G1 X121.886 Y109.418 E0.00002
G1 X121.886 Y109.468 E0.00002
G1 X121.886 Y109.518 E0.00002
G1 X121.886 Y109.568 E0.00002
G1 X121.886 Y109.618 E0.00002
G1 X121.886 Y109.668 E0.00002
G1 X121.886 Y109.718 E0.00002
G1 X121.886 Y109.768 E0.00002
G1 X121.886 Y109.818 E0.00002
G1 X121.886 Y109.868 E0.00002
G1 X121.886 Y109.918 E0.00002
G1 X121.886 Y109.968 E0.00002
G1 X121.886 Y110.018 E0.00002
G1 F577 X121.885 Y110.068 E0.00002
G1 X121.885 Y110.118 E0.00002
G1 X121.885 Y110.168 E0.00002
G1 X121.885 Y110.218 E0.00002
G1 X121.885 Y110.268 E0.00002
G1 X121.885 Y110.318 E0.00002
G1 X121.885 Y110.368 E0.00002
G1 X121.885 Y110.418 E0.00002
G1 X121.885 Y110.468 E0.00002
G1 X121.885 Y110.518 E0.00002
G1 X121.885 Y110.568 E0.00002
G1 X121.885 Y110.618 E0.00002
G1 X121.885 Y110.668 E0.00002
G1 X121.885 Y110.718 E0.00002
G1 X121.885 Y110.768 E0.00002
G1 X121.885 Y110.818 E0.00002
G1 X121.885 Y110.868 E0.00002
G1 X121.885 Y110.918 E0.00002
G1 X121.885 Y110.968 E0.00002
G1 X121.885 Y111.018 E0.00002
G1 X121.885 Y111.068 E0.00002
G1 X121.885 Y111.118 E0.00002
G1 X121.885 Y111.168 E0.00002
G1 X121.885 Y111.218 E0.00002
G1 X121.885 Y111.268 E0.00002
G1 X121.885 Y111.318 E0.00002
G1 F575.5 X121.885 Y111.368 E0.00002
G1 X121.885 Y111.418 E0.00002
G1 X121.885 Y111.468 E0.00002
G1 X121.885 Y111.518 E0.00002
G1 X121.885 Y111.568 E0.00002
G1 X121.885 Y111.618 E0.00002
G1 X121.885 Y111.668 E0.00002
G1 X121.885 Y111.718 E0.00002
G1 X121.885 Y111.768 E0.00002
G1 X121.885 Y111.818 E0.00002
G1 X121.885 Y111.868 E0.00002
G1 X121.885 Y111.918 E0.00002
G1 X121.885 Y111.968 E0.00002
G1 X121.885 Y112.018 E0.00002
G1 X121.885 Y112.068 E0.00002
G1 X121.885 Y112.118 E0.00002
G1 X121.885 Y112.168 E0.00002
G1 X121.885 Y112.218 E0.00002
G1 X121.885 Y112.268 E0.00002
G1 X121.885 Y112.318 E0.00002
G1 X121.885 Y112.368 E0.00002
G1 X121.885 Y112.418 E0.00002
G1 X121.885 Y112.468 E0.00002
G1 X121.885 Y112.518 E0.00002
G1 X121.885 Y112.568 E0.00002
G1 X121.884 Y112.618 E0.00002
G1 F572.4 X121.885 Y112.623 E0
G1 F569.3 X121.885 Y112.643 E0.00001
G1 F564.7 X121.886 Y112.663 E0.00001
G1 F557.3 X121.885 Y112.686 E0.00001
G1 F551.4 X121.885 Y112.705 E0.00001
G1 F547.2 X121.884 Y112.724 E0.00001
G0 F24000 X121.89 Y113.484
G0 X116.582 Y118.494
G1 F914.3 X116.572 Y118.494 E0
G1 F922.3 X116.562 Y118.495 E0
G1 F926.3 X116.552 Y118.495 E0
G1 F934.5 X116.542 Y118.496 E0
G1 F942.9 X116.532 Y118.497 E0
G1 F947.1 X116.522 Y118.497 E0
G1 F955.7 X116.512 Y118.498 E0
G1 F960 X116.502 Y118.499 E0
G1 F968.8 X116.492 Y118.499 E0
G1 F977.8 X116.482 Y118.5 E0
G1 F982.3 X116.472 Y118.501 E0
G1 F991.5 X116.462 Y118.501 E0
G1 F996.2 X116.452 Y118.502 E0
G1 F1005.7 X116.442 Y118.503 E0
G1 F1015.4 X116.432 Y118.503 E0
G1 F1020.3 X116.42 Y118.504 E0
G1 F1025.2 X116.409 Y118.505 E0
G1 F1030.2 X116.398 Y118.505 E0
G1 F1035.3 X116.387 Y118.506 E0
G1 F1045.5 X116.376 Y118.507 E0
G1 F1050.7 X116.365 Y118.507 E0
G1 F1056 X116.354 Y118.508 E0
G1 F1061.3 X116.343 Y118.508 E0
G1 F1066.7 X116.332 Y118.509 E0
G1 F1072.1 X116.321 Y118.51 E0
G1 F1077.6 X116.31 Y118.51 E0
G1 F1083.1 X116.299 Y118.511 E0
G1 F1094.3 X116.288 Y118.512 E0
G1 F1100 X116.277 Y118.512 E0
G1 F1105.8 X116.266 Y118.513 E0
G1 F1111.6 X116.255 Y118.513 E0
G1 F1117.5 X116.243 Y118.514 E0
G1 F1123.4 X116.232 Y118.514 E0
G1 X116.221 Y118.514 E0
G1 F1129.4 X116.21 Y118.515 E0
G1 F1135.5 X116.199 Y118.515 E0
G1 X116.188 Y118.515 E0
G1 F1141.6 X116.177 Y118.516 E0
G1 F1147.8 X116.166 Y118.516 E0
G1 X116.155 Y118.516 E0
G1 F1154.1 X116.144 Y118.517 E0
G1 F1160.4 X116.133 Y118.517 E0
G1 X116.122 Y118.517 E0
G1 F1166.9 X116.111 Y118.518 E0
G1 F1173.3 X116.1 Y118.518 E0
G1 F1179.9 X116.089 Y118.518 E0
G1 X116.078 Y118.518 E0
G1 F1186.5 X116.067 Y118.519 E0
G1 F1193.2 X116.056 Y118.519 E0
G1 X116.045 Y118.519 E0
G1 F1200 X116.034 Y118.52 E0
G1 F1206.9 X116.023 Y118.52 E0
G1 X116.012 Y118.52 E0
G1 F1213.8 X116.001 Y118.521 E0
G1 F1220.8 X115.99 Y118.521 E0
G1 X115.979 Y118.521 E0
G1 F1227.9 X115.968 Y118.522 E0
G1 X115.856 Y118.522 E0.00002
G1 X115.846 Y118.522 E0
G1 F1220.8 X115.836 Y118.522 E0
G1 F1213.8 X115.826 Y118.521 E0
G1 F1206.9 X115.816 Y118.521 E0
G1 X115.806 Y118.52 E0
G1 F1200 X115.796 Y118.52 E0
G1 F1193.2 X115.786 Y118.52 E0
G1 F1186.5 X115.776 Y118.519 E0
G1 F1179.9 X115.766 Y118.519 E0
G1 F1173.3 X115.756 Y118.518 E0
G1 F1166.9 X115.746 Y118.518 E0
G1 X115.736 Y118.517 E0
G1 F1160.4 X115.726 Y118.517 E0
G1 F1154.1 X115.716 Y118.517 E0
G1 F1147.8 X115.706 Y118.516 E0
G1 F1141.6 X115.696 Y118.516 E0
G1 F1135.5 X115.686 Y118.515 E0
G1 F1129.4 X115.676 Y118.515 E0
G1 X115.666 Y118.514 E0
G1 F1123.4 X115.656 Y118.514 E0
G1 F1117.5 X115.646 Y118.514 E0
G1 F1111.6 X115.636 Y118.513 E0
G1 F1105.8 X115.626 Y118.513 E0
G1 F1100 X115.616 Y118.512 E0
G1 F1094.3 X115.606 Y118.512 E0
G1 X115.596 Y118.511 E0
G1 F1088.7 X115.586 Y118.511 E0
G1 F1083.1 X115.576 Y118.511 E0
G1 F1077.6 X115.566 Y118.51 E0
G1 F1072.1 X115.556 Y118.51 E0
G1 F1066.7 X115.546 Y118.509 E0
G1 F1061.3 X115.536 Y118.509 E0
G1 X115.526 Y118.509 E0
G1 F1056 X115.516 Y118.508 E0
G1 F1050.7 X115.506 Y118.508 E0
G1 F1045.5 X115.496 Y118.507 E0
G1 F1040.4 X115.486 Y118.507 E0
G1 F1035.3 X115.476 Y118.506 E0
G1 F1030.2 X115.466 Y118.506 E0
G1 X115.456 Y118.506 E0
G1 F1025.2 X115.446 Y118.505 E0
G1 F1020.3 X115.436 Y118.505 E0
G1 F1015.4 X115.42 Y118.504 E0
G1 F1005.7 X115.409 Y118.503 E0
G1 F996.2 X115.398 Y118.502 E0
G1 F986.9 X115.387 Y118.501 E0
G1 F977.8 X115.376 Y118.5 E0
G1 F968.8 X115.365 Y118.499 E0
G1 F964.4 X115.354 Y118.498 E0
G1 F955.7 X115.343 Y118.497 E0
G1 F947.1 X115.332 Y118.496 E0
G1 F938.7 X115.321 Y118.495 E0
G1 F930.4 X115.31 Y118.494 E0
G0 F24000 X92.777 Y118.496
G1 F942.9 X92.757 Y118.498 E0.00001
G1 F955.7 X92.737 Y118.5 E0.00001
G1 F973.3 X92.717 Y118.502 E0.00001
G1 F982.3 X92.707 Y118.502 E0
G1 F986.9 X92.697 Y118.502 E0
G1 F991.5 X92.687 Y118.503 E0
G1 F996.2 X92.677 Y118.503 E0
G1 F1000.9 X92.667 Y118.504 E0
G1 F1005.7 X92.657 Y118.504 E0
G1 F1010.5 X92.647 Y118.504 E0
G1 X92.637 Y118.505 E0
G1 F1015.4 X92.627 Y118.505 E0
G1 F1020.3 X92.617 Y118.506 E0
G1 F1025.2 X92.607 Y118.506 E0
G1 F1030.2 X92.597 Y118.506 E0
G1 F1035.3 X92.587 Y118.507 E0
G1 F1040.4 X92.577 Y118.507 E0
G1 F1045.5 X92.567 Y118.508 E0
G1 F1050.7 X92.557 Y118.508 E0
G1 F1056 X92.547 Y118.509 E0
G1 F1061.3 X92.537 Y118.509 E0
G1 F1066.7 X92.527 Y118.509 E0
G1 F1072.1 X92.517 Y118.51 E0
G1 F1077.6 X92.507 Y118.51 E0
G1 X92.497 Y118.511 E0
G1 F1083.1 X92.487 Y118.511 E0
G1 F1088.7 X92.477 Y118.511 E0
G1 F1094.3 X92.467 Y118.512 E0
G1 F1100 X92.457 Y118.512 E0
G1 F1105.8 X92.447 Y118.513 E0
G1 F1111.6 X92.437 Y118.513 E0
G1 F1117.5 X92.427 Y118.514 E0
G1 F1123.4 X92.417 Y118.514 E0
G1 F1129.4 X92.407 Y118.514 E0
G1 F1135.5 X92.397 Y118.515 E0
G1 F1141.6 X92.387 Y118.515 E0
G1 F1147.8 X92.377 Y118.516 E0
G1 F1154.1 X92.367 Y118.516 E0
G1 F1160.4 X92.357 Y118.516 E0
G1 X92.347 Y118.517 E0
G1 F1166.9 X92.337 Y118.517 E0
G1 F1173.3 X92.327 Y118.518 E0
G1 F1179.9 X92.317 Y118.518 E0
G1 F1186.5 X92.307 Y118.519 E0
G1 F1193.2 X92.297 Y118.519 E0
G1 F1200 X92.287 Y118.519 E0
G1 X92.064 Y118.52 E0.00005
G1 X92.054 Y118.52 E0
G1 F1193.2 X92.044 Y118.52 E0
G1 F1186.5 X92.034 Y118.519 E0
G1 X92.024 Y118.519 E0
G1 F1179.9 X92.014 Y118.518 E0
G1 F1173.3 X92.004 Y118.518 E0
G1 F1166.9 X91.994 Y118.518 E0
G1 F1160.4 X91.984 Y118.517 E0
G1 F1154.1 X91.974 Y118.517 E0
G1 X91.964 Y118.516 E0
G1 F1147.8 X91.954 Y118.516 E0
G1 F1141.6 X91.944 Y118.516 E0
G1 F1135.5 X91.934 Y118.515 E0
G1 F1129.4 X91.924 Y118.515 E0
G1 F1123.4 X91.914 Y118.514 E0
G1 X91.904 Y118.514 E0
G1 F1117.5 X91.894 Y118.513 E0
G1 F1111.6 X91.884 Y118.513 E0
G1 F1105.8 X91.874 Y118.513 E0
G1 F1100 X91.864 Y118.512 E0
G1 F1094.3 X91.854 Y118.512 E0
G1 X91.844 Y118.511 E0
G1 F1088.7 X91.834 Y118.511 E0
G1 F1083.1 X91.824 Y118.511 E0
G1 F1077.6 X91.814 Y118.51 E0
G1 F1072.1 X91.804 Y118.51 E0
G1 X91.794 Y118.509 E0
G1 F1066.7 X91.784 Y118.509 E0
G1 F1061.3 X91.774 Y118.509 E0
G1 F1056 X91.764 Y118.508 E0
G1 F1050.7 X91.754 Y118.508 E0
G1 F1045.5 X91.744 Y118.507 E0
G1 X91.734 Y118.507 E0
G1 F1040.4 X91.724 Y118.506 E0
G1 F1035.3 X91.714 Y118.506 E0
G1 F1030.2 X91.704 Y118.506 E0
G1 F1025.2 X91.694 Y118.505 E0
G1 F1020.3 X91.684 Y118.505 E0
G1 X91.674 Y118.504 E0
G1 F1015.4 X91.664 Y118.504 E0
G1 F1010.5 X91.654 Y118.504 E0
G1 F1005.7 X91.641 Y118.503 E0
G1 F996.2 X91.63 Y118.502 E0
G1 F986.9 X91.619 Y118.501 E0
G1 F982.3 X91.608 Y118.5 E0
G1 F973.3 X91.597 Y118.499 E0
G1 F964.4 X91.586 Y118.498 E0
G1 F960 X91.575 Y118.497 E0
G1 F951.4 X91.564 Y118.496 E0
G1 F947.1 X91.553 Y118.495 E0
G1 F938.7 X91.542 Y118.494 E0
G1 F930.4 X91.531 Y118.493 E0
G1 F60 E-0.001
G1 F18000 Z3.1
G0 F24000 X91.531 Y118.493 Z3.1
G0 X92.307 Y109.92
G1 F18000 Z1.5
G1 F60 E0.001
G1 F1127.4 X92.166 Y109.838 Z1.44563 E0.00006
G1 X92.026 Y109.92 Z1.391548 E0.00006
G1 X92.025 Y110.082 Z1.337547 E0.00006
G1 X92.166 Y110.163 Z1.283343 E0.00006
G1 X92.307 Y110.082 Z1.22914 E0.00006
G1 X92.307 Y109.92 Z1.1 E0.00006
G1 F751.6
G0 F24000 X92.647 Y109.723
G1 F528 X92.166 Y109.445 E0.00028
G1 X91.686 Y109.723 E0.00028
G1 X91.685 Y110.278 E0.00028
G1 X92.166 Y110.556 E0.00028
G1 X92.647 Y110.278 E0.00028
G1 X92.647 Y109.723 E0.00028
G0 F24000 X93.047 Y109.491
G1 F528 X92.167 Y108.982 E0.00051
G1 X91.286 Y109.492 E0.00051
G1 X91.285 Y110.509 E0.00051
G1 X92.166 Y111.017 E0.00051
G1 X93.047 Y110.509 E0.00051
G1 X93.047 Y109.491 E0.00051
G0 F24000 X93.447 Y109.26
G1 F528 X92.167 Y108.519 E0.00074
G1 X90.887 Y109.26 E0.00074
G1 X90.885 Y110.741 E0.00074
G1 X92.166 Y111.479 E0.00074
G1 X93.447 Y110.74 E0.00074
G1 X93.447 Y109.26 E0.00074
G0 F24000 X93.847 Y109.028
G1 F528 X92.168 Y108.056 E0.00097
G1 X90.487 Y109.029 E0.00097
G1 X90.485 Y110.972 E0.00097
G1 X92.166 Y111.941 E0.00097
G1 X93.847 Y110.971 E0.00097
G1 X93.847 Y109.028 E0.00097
G0 F24000 X94.247 Y108.796
G1 F528 X92.168 Y107.593 E0.0012
G1 X90.087 Y108.798 E0.0012
G1 X90.085 Y111.203 E0.0012
G1 X92.167 Y112.403 E0.0012
G1 X94.247 Y111.202 E0.0012
G1 X94.247 Y108.796 E0.0012
G0 F24000 X94.647 Y108.565
G1 F528 X92.168 Y107.126 E0.00143
G1 X89.688 Y108.566 E0.00143
G1 X89.685 Y111.434 E0.00143
G1 X92.167 Y112.864 E0.00143
G1 X94.647 Y111.433 E0.00143
G1 X94.647 Y108.565 E0.00143
G0 F24000 X95.047 Y108.333
G1 F528 X92.391 Y106.795 E0.00153
G1 X92.168 Y106.629 E0.00014
G1 X91.942 Y106.796 E0.00014
G1 X89.288 Y108.335 E0.00153
G1 X89.285 Y111.665 E0.00166
G1 X92.167 Y113.326 E0.00166
G1 X95.047 Y111.664 E0.00166
G1 X95.047 Y108.333 E0.00166
G0 F24000 X95.447 Y108.101
G1 F528 X92.609 Y106.459 E0.00164
G1 X92.419 Y106.319 E0.00012
G1 X92.232 Y106.148 E0.00013
G1 X92.107 Y106.148 E0.00006
G1 X91.914 Y106.322 E0.00013
G1 X91.722 Y106.462 E0.00012
G1 X88.888 Y108.103 E0.00163
G1 X88.885 Y111.896 E0.00189
G1 X92.167 Y113.788 E0.00189
G1 X95.447 Y111.894 E0.00189
G1 X95.447 Y108.101 E0.00189
G0 F24000 X95.848 Y107.881
G1 F528 X95.817 Y107.852 E0.00002
G1 X92.827 Y106.123 E0.00172
G1 X92.663 Y106.002 E0.0001
G1 X92.464 Y105.816 E0.00014
G1 X92.409 Y105.748 E0.00004
G1 X91.928 Y105.748 E0.00024
G1 X91.78 Y105.912 E0.00011
G1 X91.502 Y106.128 E0.00018
G1 X88.491 Y107.872 E0.00174
G1 X88.484 Y112.111 E0.00211
G1 X88.494 Y112.129 E0.00001
G1 X92.166 Y114.246 E0.00211
G1 X95.841 Y112.127 E0.00212
G1 X95.848 Y112.115 E0.00001
G1 X95.848 Y107.881 E0.00211
G0 F24000 X96.163 Y107.629
G1 F528 X96.084 Y107.551 E0.00006
G1 X93.045 Y105.788 E0.00175
G1 X92.847 Y105.633 E0.00013
G1 X92.747 Y105.533 E0.00007
G1 X92.61 Y105.348 E0.00011
G1 X91.725 Y105.348 E0.00044
G1 X91.614 Y105.503 E0.0001
G1 X91.5 Y105.626 E0.00008
G1 X91.282 Y105.794 E0.00014
G1 X88.303 Y107.517 E0.00172
G1 X88.19 Y107.605 E0.00007
G1 X88.129 Y107.698 E0.00006
G1 X88.097 Y107.788 E0.00005
G1 X88.088 Y107.848 E0.00003
G1 X88.084 Y112.139 E0.00214
G1 X88.104 Y112.239 E0.00005
G1 X88.155 Y112.344 E0.00006
G1 X88.208 Y112.41 E0.00004
G1 X88.315 Y112.491 E0.00007
G1 X91.969 Y114.597 E0.0021
G1 X92.069 Y114.635 E0.00005
G1 X92.136 Y114.648 E0.00003
G1 X92.248 Y114.64 E0.00006
G1 X92.403 Y114.576 E0.00008
G1 X96.044 Y112.474 E0.0021
G1 X96.116 Y112.421 E0.00004
G1 X96.187 Y112.336 E0.00006
G1 X96.228 Y112.244 E0.00005
G1 X96.248 Y112.153 E0.00005
G1 X96.248 Y107.858 E0.00214
G1 X96.224 Y107.743 E0.00006
G1 X96.163 Y107.629 E0.00006
G0 F24000 X96.445 Y107.553
;TYPE:WALL-OUTER
G1 F528 X96.352 Y107.418 E0.00008
G1 X96.261 Y107.333 E0.00006
G1 X96.183 Y107.278 E0.00005
G1 X93.197 Y105.553 E0.00172
G1 X93.04 Y105.43 E0.0001
G1 X92.906 Y105.287 E0.0001
G1 X92.754 Y105.068 E0.00013
G1 X91.575 Y105.068 E0.00059
G1 X91.408 Y105.313 E0.00015
G1 X91.304 Y105.425 E0.00008
G1 X91.113 Y105.57 E0.00012
G1 X88.154 Y107.28 E0.00171
G1 X88.051 Y107.35 E0.00006
G1 X87.977 Y107.422 E0.00005
G1 X87.873 Y107.583 E0.0001
G1 X87.824 Y107.719 E0.00007
G1 X87.808 Y107.828 E0.00005
G1 X87.804 Y112.156 E0.00216
G1 X87.815 Y112.244 E0.00004
G1 X87.839 Y112.331 E0.00005
G1 X87.92 Y112.499 E0.00009
G1 X88.003 Y112.603 E0.00007
G1 X88.069 Y112.662 E0.00004
G1 X88.166 Y112.728 E0.00006
G1 X91.842 Y114.846 E0.00212
G1 X92.002 Y114.908 E0.00009
G1 X92.112 Y114.928 E0.00006
G1 X92.302 Y114.916 E0.00009
G1 X92.399 Y114.887 E0.00005
G1 X92.513 Y114.835 E0.00006
G1 X96.18 Y112.719 E0.00211
G1 X96.312 Y112.622 E0.00008
G1 X96.393 Y112.532 E0.00006
G1 X96.433 Y112.47 E0.00004
G1 X96.493 Y112.337 E0.00007
G1 X96.528 Y112.179 E0.00008
G1 X96.528 Y107.842 E0.00216
G1 X96.517 Y107.744 E0.00005
G1 X96.487 Y107.645 E0.00005
G1 X96.445 Y107.553 E0.00005
G0 F24000 X96.352 Y107.418
G0 X96.326 Y107.394
G0 X95.651 Y108.03
G1 F60 E-0.001
G1 F18000 Z3.1
G0 F24000 X95.651 Y108.03 Z3.1
G0 X104.194 Y109.913
;TYPE:WALL-INNER
G1 F18000 Z1.5
G1 F60 E0.001
G1 F1127.4 X104.056 Y109.833 Z1.446829 E0.00006
G1 X103.912 Y109.918 Z1.391091 E0.00006
G1 X103.911 Y110.084 Z1.335757 E0.00006
G1 X104.05 Y110.164 Z1.282297 E0.00006
G1 X104.193 Y110.08 Z1.227015 E0.00006
G1 X104.194 Y109.913 Z1.1 E0.00006
G1 F751.6
G0 F24000 X104.534 Y109.717
G1 F528 X104.056 Y109.44 E0.00028
G1 X103.572 Y109.722 E0.00028
G1 X103.571 Y110.28 E0.00028
G1 X104.05 Y110.557 E0.00028
G1 X104.533 Y110.276 E0.00028
G1 X104.534 Y109.717 E0.00028
G0 F24000 X104.934 Y109.486
G1 F528 X104.056 Y108.978 E0.00051
G1 X103.172 Y109.491 E0.00051
G1 X103.171 Y110.511 E0.00051
G1 X104.05 Y111.018 E0.00051
G1 X104.933 Y110.507 E0.00051
G1 X104.934 Y109.486 E0.00051
G0 F24000 X105.334 Y109.256
G1 F528 X104.056 Y108.516 E0.00074
G1 X102.772 Y109.259 E0.00074
G1 X102.771 Y110.742 E0.00074
G1 X104.05 Y111.48 E0.00074
G1 X105.333 Y110.738 E0.00074
G1 X105.334 Y109.256 E0.00074
G0 F24000 X105.734 Y109.025
G1 F528 X104.056 Y108.054 E0.00097
G1 X102.372 Y109.028 E0.00097
G1 X102.371 Y110.973 E0.00097
G1 X104.05 Y111.942 E0.00097
G1 X105.733 Y110.969 E0.00097
G1 X105.734 Y109.025 E0.00097
G0 F24000 X106.134 Y108.795
G1 F528 X104.056 Y107.592 E0.0012
G1 X101.972 Y108.797 E0.0012
G1 X101.971 Y111.204 E0.0012
G1 X104.051 Y112.404 E0.0012
G1 X106.132 Y111.2 E0.0012
G1 X106.134 Y108.795 E0.0012
G0 F24000 X106.534 Y108.564
G1 F528 X104.056 Y107.125 E0.00143
G1 X101.572 Y108.566 E0.00143
G1 X101.571 Y111.435 E0.00143
G1 X104.051 Y112.866 E0.00143
G1 X106.532 Y111.431 E0.00143
G1 X106.534 Y108.564 E0.00143
G0 F24000 X106.934 Y108.334
G1 F528 X104.26 Y106.782 E0.00154
G1 X104.056 Y106.627 E0.00013
G1 X103.852 Y106.782 E0.00013
G1 X101.172 Y108.335 E0.00155
G1 X101.171 Y111.665 E0.00166
G1 X104.051 Y113.328 E0.00166
G1 X106.932 Y111.662 E0.00166
G1 X106.934 Y108.334 E0.00166
G0 F24000 X107.334 Y108.103
G1 F528 X104.482 Y106.449 E0.00164
G1 X104.261 Y106.28 E0.00014
G1 X104.118 Y106.148 E0.0001
G1 X103.988 Y106.148 E0.00006
G1 X103.843 Y106.285 E0.0001
G1 X103.63 Y106.449 E0.00013
G1 X100.772 Y108.104 E0.00165
G1 X100.771 Y111.896 E0.00189
G1 X104.051 Y113.789 E0.00189
G1 X107.332 Y111.893 E0.00189
G1 X107.334 Y108.103 E0.00189
G0 F24000 X107.733 Y107.876
G1 F528 X104.704 Y106.116 E0.00175
G1 X104.436 Y105.903 E0.00017
G1 X104.295 Y105.748 E0.0001
G1 X103.815 Y105.748 E0.00024
G1 X103.589 Y105.976 E0.00016
G1 X103.408 Y106.116 E0.00011
G1 X100.383 Y107.87 E0.00174
G1 X100.372 Y107.896 E0.00001
G1 X100.372 Y112.11 E0.0021
G1 X100.428 Y112.16 E0.00004
G1 X104.052 Y114.246 E0.00209
G1 X107.731 Y112.124 E0.00212
G1 X107.733 Y107.876 E0.00212
G0 F24000 X108.058 Y107.638
G1 F528 X108.006 Y107.577 E0.00004
G1 X107.916 Y107.515 E0.00005
G1 X104.926 Y105.784 E0.00172
G1 X104.713 Y105.614 E0.00014
G1 X104.583 Y105.471 E0.0001
G1 X104.495 Y105.349 E0.00008
G1 X103.618 Y105.348 E0.00044
G1 X103.465 Y105.541 E0.00012
G1 X103.327 Y105.673 E0.0001
G1 X103.186 Y105.784 E0.00009
G1 X100.138 Y107.55 E0.00176
G1 X100.065 Y107.621 E0.00005
G1 X100.037 Y107.661 E0.00002
G1 X99.986 Y107.785 E0.00007
G1 X99.973 Y107.852 E0.00003
G1 X99.972 Y112.131 E0.00213
G1 X99.986 Y112.223 E0.00005
G1 X100.053 Y112.357 E0.00007
G1 X100.09 Y112.402 E0.00003
G1 X100.205 Y112.492 E0.00007
G1 X103.9 Y114.619 E0.00213
G1 X104.032 Y114.647 E0.00007
G1 X104.124 Y114.643 E0.00005
G1 X104.182 Y114.628 E0.00003
G1 X104.271 Y114.586 E0.00005
G1 X107.96 Y112.454 E0.00213
G1 X108.041 Y112.382 E0.00005
G1 X108.091 Y112.303 E0.00005
G1 X108.124 Y112.217 E0.00005
G1 X108.132 Y112.17 E0.00002
G1 X108.135 Y107.87 E0.00215
G1 X108.124 Y107.788 E0.00004
G1 X108.102 Y107.717 E0.00004
G1 X108.058 Y107.638 E0.00005
G0 F24000 X108.29 Y107.481
;TYPE:WALL-OUTER
G1 F528 X108.19 Y107.364 E0.00008
G1 X108.067 Y107.279 E0.00007
G1 X105.099 Y105.562 E0.00171
G1 X104.906 Y105.412 E0.00012
G1 X104.792 Y105.285 E0.00009
G1 X104.649 Y105.073 E0.00013
G1 X103.462 Y105.073 E0.00059
G1 X103.357 Y105.234 E0.0001
G1 X103.267 Y105.343 E0.00007
G1 X103.179 Y105.431 E0.00006
G1 X103.013 Y105.562 E0.00011
G1 X99.958 Y107.335 E0.00176
G1 X99.852 Y107.438 E0.00007
G1 X99.79 Y107.525 E0.00005
G1 X99.719 Y107.699 E0.00009
G1 X99.693 Y107.833 E0.00007
G1 X99.692 Y112.143 E0.00215
G1 X99.717 Y112.302 E0.00008
G1 X99.751 Y112.392 E0.00005
G1 X99.821 Y112.517 E0.00007
G1 X99.89 Y112.599 E0.00005
G1 X100.051 Y112.727 E0.0001
G1 X103.723 Y114.846 E0.00212
G1 X103.807 Y114.884 E0.00005
G1 X103.943 Y114.919 E0.00007
G1 X104.025 Y114.927 E0.00004
G1 X104.165 Y114.921 E0.00007
G1 X104.276 Y114.893 E0.00006
G1 X104.4 Y114.835 E0.00007
G1 X108.115 Y112.688 E0.00214
G1 X108.177 Y112.641 E0.00004
G1 X108.253 Y112.565 E0.00005
G1 X108.345 Y112.423 E0.00008
G1 X108.396 Y112.289 E0.00007
G1 X108.412 Y112.191 E0.00005
G1 X108.415 Y107.851 E0.00217
G1 X108.398 Y107.727 E0.00006
G1 X108.36 Y107.605 E0.00006
G1 X108.29 Y107.481 E0.00007
G0 F24000 X108.19 Y107.364
G0 X108.153 Y107.338
G0 X107.538 Y108.054
G1 F60 E-0.001
G1 F18000 Z3.1
G0 F24000 X107.538 Y108.054 Z3.1
G0 X116.083 Y109.919
;TYPE:WALL-INNER
G1 F18000 Z1.5
G1 F60 E0.001
G1 F1123.35 X115.943 Y109.838 Z1.446085 E0.00006
G1 X115.803 Y109.919 Z1.392171 E0.00006
G1 X115.802 Y110.081 Z1.33817 E0.00006
G1 X115.943 Y110.162 Z1.283967 E0.00006
G1 X116.083 Y110.081 Z1.230052 E0.00006
G1 X116.083 Y109.919 Z1.1 E0.00006
G1 F748.9
G0 F24000 X115.943 Y109.443
G1 F528 X115.462 Y109.721 E0.00028
G1 X115.461 Y110.278 E0.00028
G1 X115.943 Y110.556 E0.00028
G1 X116.424 Y110.278 E0.00028
G1 X116.424 Y109.722 E0.00028
G1 X115.943 Y109.443 E0.00028
G0 F24000 X115.943 Y108.981
G1 F528 X115.062 Y109.49 E0.00051
G1 X115.061 Y110.509 E0.00051
G1 X115.943 Y111.017 E0.00051
G1 X116.824 Y110.509 E0.00051
G1 X116.824 Y109.491 E0.00051
G1 X115.943 Y108.981 E0.00051
G0 F24000 X115.944 Y108.519
G1 F528 X114.663 Y109.258 E0.00074
G1 X114.661 Y110.74 E0.00074
G1 X115.943 Y111.479 E0.00074
G1 X117.224 Y110.741 E0.00074
G1 X117.224 Y109.26 E0.00074
G1 X115.944 Y108.519 E0.00074
G0 F24000 X115.944 Y108.056
G1 F528 X114.263 Y109.027 E0.00097
G1 X114.261 Y110.97 E0.00097
G1 X115.943 Y111.94 E0.00097
G1 X117.624 Y110.972 E0.00097
G1 X117.624 Y109.028 E0.00097
G1 X115.944 Y108.056 E0.00097
G0 F24000 X115.944 Y107.594
G1 F528 X113.863 Y108.795 E0.0012
G1 X113.861 Y111.201 E0.0012
G1 X115.942 Y112.402 E0.0012
G1 X118.024 Y111.203 E0.0012
G1 X118.024 Y108.797 E0.0012
G1 X115.944 Y107.594 E0.0012
G0 F24000 X115.944 Y107.124
G1 F528 X115.796 Y107.219 E0.00009
G1 X113.464 Y108.563 E0.00134
G1 X113.461 Y111.432 E0.00143
G1 X115.942 Y112.863 E0.00143
G1 X118.424 Y111.434 E0.00143
G1 X118.424 Y108.566 E0.00143
G1 X116.078 Y107.209 E0.00135
G1 X115.944 Y107.124 E0.00008
G0 F24000 X115.947 Y106.626
G1 F528 X115.826 Y106.723 E0.00008
G1 X115.596 Y106.872 E0.00014
G1 X113.064 Y108.332 E0.00146
G1 X113.061 Y111.663 E0.00166
G1 X115.942 Y113.325 E0.00166
G1 X118.824 Y111.666 E0.00166
G1 X118.824 Y108.335 E0.00166
G1 X116.278 Y106.863 E0.00147
G1 X116.122 Y106.761 E0.00009
G1 X115.947 Y106.626 E0.00011
G0 F24000 X115.874 Y106.148
G1 F528 X115.712 Y106.303 E0.00011
G1 X115.594 Y106.397 E0.00008
G1 X115.396 Y106.525 E0.00012
G1 X112.664 Y108.1 E0.00157
G1 X112.661 Y111.894 E0.00189
G1 X115.942 Y113.786 E0.00189
G1 X119.224 Y111.897 E0.00189
G1 X119.224 Y108.104 E0.00189
G1 X116.41 Y106.474 E0.00162
G1 X116.128 Y106.26 E0.00018
G1 X116.009 Y106.148 E0.00008
G1 X115.874 Y106.148 E0.00007
G0 F24000 X116.185 Y105.748
G1 F528 X115.704 Y105.748 E0.00024
G1 X115.446 Y106.004 E0.00018
G1 X115.361 Y106.071 E0.00005
G1 X115.196 Y106.179 E0.0001
G1 X112.31 Y107.843 E0.00166
G1 X112.268 Y107.878 E0.00003
G1 X112.263 Y112.118 E0.00212
G1 X112.316 Y112.157 E0.00003
G1 X115.941 Y114.246 E0.00209
G1 X119.608 Y112.133 E0.00211
G1 X119.624 Y112.114 E0.00001
G1 X119.624 Y107.89 E0.00211
G1 X119.614 Y107.867 E0.00001
G1 X116.63 Y106.14 E0.00172
G1 X116.383 Y105.952 E0.00015
G1 X116.185 Y105.748 E0.00014
G0 F24000 X116.379 Y105.348
G1 F528 X115.509 Y105.348 E0.00043
G1 X115.397 Y105.492 E0.00009
G1 X115.18 Y105.705 E0.00015
G1 X114.996 Y105.832 E0.00011
G1 X112.097 Y107.504 E0.00167
G1 X111.996 Y107.578 E0.00006
G1 X111.924 Y107.661 E0.00005
G1 X111.875 Y107.781 E0.00006
G1 X111.864 Y107.838 E0.00003
G1 X111.86 Y112.126 E0.00214
G1 X111.872 Y112.214 E0.00004
G1 X111.908 Y112.307 E0.00005
G1 X111.996 Y112.419 E0.00007
G1 X112.091 Y112.489 E0.00006
G1 X115.745 Y114.596 E0.0021
G1 X115.814 Y114.627 E0.00004
G1 X115.914 Y114.65 E0.00005
G1 X115.991 Y114.644 E0.00004
G1 X116.087 Y114.622 E0.00005
G1 X119.79 Y112.494 E0.00213
G1 X119.861 Y112.444 E0.00004
G1 X119.93 Y112.378 E0.00005
G1 X119.978 Y112.306 E0.00004
G1 X120.013 Y112.217 E0.00005
G1 X120.024 Y112.144 E0.00004
G1 X120.021 Y107.834 E0.00215
G1 X119.987 Y107.717 E0.00006
G1 X119.944 Y107.637 E0.00005
G1 X119.847 Y107.54 E0.00007
G1 X116.879 Y105.824 E0.00171
G1 X116.637 Y105.643 E0.00015
G1 X116.456 Y105.452 E0.00013
G1 X116.379 Y105.348 E0.00006
G0 F24000 X116.53 Y105.072
;TYPE:WALL-OUTER
G1 F528 X115.354 Y105.068 E0.00059
G1 X115.276 Y105.194 E0.00007
G1 X115.152 Y105.345 E0.0001
G1 X114.993 Y105.496 E0.00011
G1 X114.856 Y105.59 E0.00008
G1 X111.943 Y107.269 E0.00168
G1 X111.813 Y107.364 E0.00008
G1 X111.691 Y107.504 E0.00009
G1 X111.65 Y107.577 E0.00004
G1 X111.603 Y107.71 E0.00007
G1 X111.584 Y107.813 E0.00005
G1 X111.58 Y112.145 E0.00216
G1 X111.598 Y112.272 E0.00006
G1 X111.621 Y112.352 E0.00004
G1 X111.662 Y112.442 E0.00005
G1 X111.716 Y112.525 E0.00005
G1 X111.806 Y112.626 E0.00007
G1 X111.937 Y112.723 E0.00008
G1 X115.618 Y114.846 E0.00212
G1 X115.722 Y114.893 E0.00006
G1 X115.904 Y114.931 E0.00009
G1 X116.032 Y114.922 E0.00006
G1 X116.178 Y114.888 E0.00007
G1 X116.267 Y114.845 E0.00005
G1 X119.942 Y112.73 E0.00212
G1 X120.039 Y112.66 E0.00006
G1 X120.144 Y112.562 E0.00007
G1 X120.232 Y112.426 E0.00008
G1 X120.281 Y112.301 E0.00007
G1 X120.304 Y112.17 E0.00007
G1 X120.304 Y107.857 E0.00215
G1 X120.276 Y107.69 E0.00008
G1 X120.243 Y107.601 E0.00005
G1 X120.177 Y107.48 E0.00007
G1 X120.106 Y107.393 E0.00006
G1 X120.01 Y107.311 E0.00006
G1 X116.983 Y105.558 E0.00175
G1 X116.823 Y105.434 E0.0001
G1 X116.663 Y105.264 E0.00012
G1 X116.53 Y105.072 E0.00012
G0 F24000 X116.33 Y105.072
G0 X116.087 Y105.939
G1 F60 E-0.001
G1 F18000 Z3.1
G0 F24000 X116.087 Y105.951 Z3.1
G0 X127.969 Y109.919
;TYPE:WALL-INNER
G1 F18000 Z1.5
G1 F60 E0.001
G1 F1127.4 X127.828 Y109.833 Z1.444947 E0.00006
G1 X127.688 Y109.914 Z1.391033 E0.00006
G1 X127.688 Y110.081 Z1.335366 E0.00006
G1 X127.828 Y110.162 Z1.281452 E0.00006
G1 X127.968 Y110.081 Z1.227537 E0.00006
G1 X127.969 Y109.919 Z1.1 E0.00006
G1 F751.6
G0 F24000 X127.828 Y109.44
G1 F528 X127.348 Y109.718 E0.00028
G1 X127.348 Y110.277 E0.00028
G1 X127.828 Y110.555 E0.00028
G1 X128.308 Y110.278 E0.00028
G1 X128.309 Y109.722 E0.00028
G1 X127.828 Y109.44 E0.00028
G0 F24000 X127.827 Y108.978
G1 F528 X126.948 Y109.487 E0.00051
G1 X126.948 Y110.508 E0.00051
G1 X127.828 Y111.017 E0.00051
G1 X128.708 Y110.509 E0.00051
G1 X128.709 Y109.491 E0.00051
G1 X127.827 Y108.978 E0.00051
G0 F24000 X127.827 Y108.516
G1 F528 X126.548 Y109.256 E0.00074
G1 X126.548 Y110.739 E0.00074
G1 X127.828 Y111.478 E0.00074
G1 X129.108 Y110.74 E0.00074
G1 X129.109 Y109.259 E0.00074
G1 X127.827 Y108.516 E0.00074
G0 F24000 X127.826 Y108.054
G1 F528 X126.148 Y109.026 E0.00097
G1 X126.148 Y110.97 E0.00097
G1 X127.828 Y111.94 E0.00097
G1 X129.508 Y110.971 E0.00097
G1 X129.509 Y109.028 E0.00097
G1 X127.826 Y108.054 E0.00097
G0 F24000 X127.826 Y107.592
G1 F528 X125.748 Y108.795 E0.0012
G1 X125.748 Y111.201 E0.0012
G1 X127.828 Y112.402 E0.0012
G1 X129.908 Y111.202 E0.0012
G1 X129.91 Y108.796 E0.0012
G1 X127.826 Y107.592 E0.0012
G0 F24000 X127.829 Y107.123
G1 F528 X125.348 Y108.564 E0.00143
G1 X125.348 Y111.432 E0.00143
G1 X127.828 Y112.864 E0.00143
G1 X130.308 Y111.434 E0.00143
G1 X130.31 Y108.565 E0.00143
G1 X127.92 Y107.183 E0.00138
G1 X127.829 Y107.123 E0.00005
G0 F24000 X127.83 Y106.628
G1 F528 X127.642 Y106.769 E0.00012
G1 X124.948 Y108.334 E0.00155
G1 X124.948 Y111.663 E0.00166
G1 X127.828 Y113.325 E0.00166
G1 X130.708 Y111.665 E0.00166
G1 X130.71 Y108.333 E0.00166
G1 X128.131 Y106.844 E0.00149
G1 X127.83 Y106.628 E0.00018
G0 F24000 X127.764 Y106.15
G1 F528 X127.604 Y106.297 E0.00011
G1 X127.419 Y106.438 E0.00012
G1 X124.548 Y108.103 E0.00166
G1 X124.548 Y111.894 E0.00189
G1 X127.828 Y113.787 E0.00189
G1 X131.108 Y111.896 E0.00189
G1 X131.11 Y108.102 E0.00189
G1 X128.343 Y106.504 E0.00159
G1 X128.06 Y106.301 E0.00017
G1 X127.898 Y106.15 E0.00011
G1 X127.764 Y106.15 E0.00007
G0 F24000 X128.071 Y105.75
G1 F528 X127.587 Y105.75 E0.00024
G1 X127.439 Y105.912 E0.00011
G1 X127.195 Y106.106 E0.00016
G1 X124.193 Y107.847 E0.00173
G1 X124.148 Y107.882 E0.00003
G1 X124.148 Y112.112 E0.00211
G1 X124.158 Y112.129 E0.00001
G1 X127.831 Y114.246 E0.00212
G1 X131.501 Y112.127 E0.00211
G1 X131.508 Y112.113 E0.00001
G1 X131.511 Y107.886 E0.00211
G1 X131.501 Y107.869 E0.00001
G1 X128.554 Y106.165 E0.0017
G1 X128.311 Y105.99 E0.00015
G1 X128.232 Y105.92 E0.00005
G1 X128.071 Y105.75 E0.00012
G0 F24000 X128.265 Y105.349
G1 F528 X127.388 Y105.351 E0.00044
G1 X127.301 Y105.47 E0.00007
G1 X127.161 Y105.624 E0.0001
G1 X126.972 Y105.774 E0.00012
G1 X123.98 Y107.508 E0.00173
G1 X123.861 Y107.594 E0.00007
G1 X123.805 Y107.669 E0.00005
G1 X123.768 Y107.752 E0.00005
G1 X123.749 Y107.836 E0.00004
G1 X123.748 Y112.139 E0.00215
G1 X123.771 Y112.253 E0.00006
G1 X123.854 Y112.394 E0.00008
G1 X123.905 Y112.442 E0.00003
G1 X127.633 Y114.598 E0.00215
G1 X127.755 Y114.641 E0.00006
G1 X127.846 Y114.649 E0.00005
G1 X127.969 Y114.623 E0.00006
G1 X131.682 Y112.488 E0.00214
G1 X131.766 Y112.43 E0.00005
G1 X131.841 Y112.344 E0.00006
G1 X131.894 Y112.23 E0.00006
G1 X131.908 Y112.168 E0.00003
G1 X131.906 Y107.805 E0.00218
G1 X131.871 Y107.706 E0.00005
G1 X131.803 Y107.598 E0.00006
G1 X131.686 Y107.51 E0.00007
G1 X128.766 Y105.826 E0.00168
G1 X128.562 Y105.679 E0.00013
G1 X128.407 Y105.529 E0.00011
G1 X128.265 Y105.349 E0.00011
G0 F24000 X128.413 Y105.068
;TYPE:WALL-OUTER
G1 F528 X127.24 Y105.072 E0.00059
G1 X127.094 Y105.283 E0.00013
G1 X126.967 Y105.423 E0.00009
G1 X126.815 Y105.542 E0.0001
G1 X123.827 Y107.273 E0.00172
G1 X123.676 Y107.382 E0.00009
G1 X123.56 Y107.531 E0.00009
G1 X123.503 Y107.659 E0.00007
G1 X123.469 Y107.814 E0.00008
G1 X123.468 Y112.156 E0.00217
G1 X123.479 Y112.246 E0.00005
G1 X123.508 Y112.355 E0.00006
G1 X123.585 Y112.501 E0.00008
G1 X123.644 Y112.582 E0.00005
G1 X123.731 Y112.663 E0.00006
G1 X127.508 Y114.849 E0.00218
G1 X127.61 Y114.892 E0.00006
G1 X127.707 Y114.919 E0.00005
G1 X127.852 Y114.93 E0.00007
G1 X127.959 Y114.917 E0.00005
G1 X128.138 Y114.854 E0.00009
G1 X131.832 Y112.725 E0.00213
G1 X131.944 Y112.647 E0.00007
G1 X132.021 Y112.572 E0.00005
G1 X132.083 Y112.488 E0.00005
G1 X132.156 Y112.331 E0.00009
G1 X132.188 Y112.187 E0.00007
G1 X132.191 Y107.843 E0.00217
G1 X132.181 Y107.751 E0.00005
G1 X132.121 Y107.578 E0.00009
G1 X132.001 Y107.4 E0.00011
G1 X131.838 Y107.274 E0.0001
G1 X128.914 Y105.588 E0.00168
G1 X128.738 Y105.461 E0.00011
G1 X128.605 Y105.331 E0.00009
G1 X128.413 Y105.068 E0.00016
G0 F24000 X128.213 Y105.068
G0 X127.988 Y105.952
G1 F60 E-0.001
G1 F18000 Z3.1
;MESH:Full_Asse_Ink_Part.STL
G0 F24000 X127.984 Y105.954 Z3.1
G0 X147.028 Y109.916
;TYPE:WALL-INNER
G1 F18000 Z1.5
G1 F60 E0.001
G1 F1131.45 X147.028 Y110.081 Z1.445 E0.00006
G1 X147.168 Y110.162 Z1.391085 E0.00006
G1 X147.308 Y110.081 Z1.337171 E0.00006
G1 X147.308 Y109.921 Z1.283838 E0.00006
G1 X147.167 Y109.835 Z1.228785 E0.00006
G1 X147.028 Y109.916 Z1.1 E0.00006
G1 F754.3
G0 F24000 X147.167 Y109.442
G1 F528 X146.688 Y109.719 E0.00028
G1 X146.688 Y110.278 E0.00028
G1 X147.168 Y110.555 E0.00028
G1 X147.648 Y110.278 E0.00028
G1 X147.648 Y109.724 E0.00028
G1 X147.167 Y109.442 E0.00028
G0 F24000 X147.168 Y108.98
G1 F528 X146.288 Y109.488 E0.00051
G1 X146.288 Y110.509 E0.00051
G1 X147.168 Y111.016 E0.00051
G1 X148.048 Y110.509 E0.00051
G1 X148.048 Y109.493 E0.00051
G1 X147.168 Y108.98 E0.00051
G0 F24000 X147.169 Y108.518
G1 F528 X145.888 Y109.257 E0.00074
G1 X145.888 Y110.739 E0.00074
G1 X147.168 Y111.478 E0.00074
G1 X148.448 Y110.739 E0.00074
G1 X148.448 Y109.263 E0.00074
G1 X147.169 Y108.518 E0.00074
G0 F24000 X147.17 Y108.057
G1 F528 X145.488 Y109.026 E0.00097
G1 X145.488 Y110.97 E0.00097
G1 X147.168 Y111.94 E0.00097
G1 X148.848 Y110.97 E0.00097
G1 X148.848 Y109.032 E0.00097
G1 X147.17 Y108.057 E0.00097
G0 F24000 X147.17 Y107.595
G1 F528 X145.088 Y108.795 E0.0012
G1 X145.088 Y111.201 E0.0012
G1 X147.168 Y112.402 E0.0012
G1 X149.248 Y111.201 E0.0012
G1 X149.248 Y108.801 E0.0012
G1 X147.17 Y107.595 E0.0012
G0 F24000 X147.171 Y107.122
G1 F528 X147.099 Y107.172 E0.00004
G1 X144.688 Y108.564 E0.00139
G1 X144.688 Y111.432 E0.00143
G1 X147.168 Y112.864 E0.00143
G1 X149.648 Y111.432 E0.00143
G1 X149.648 Y108.57 E0.00143
G1 X147.243 Y107.172 E0.00139
G1 X147.171 Y107.122 E0.00004
G0 F24000 X147.168 Y106.626
G1 F528 X146.961 Y106.782 E0.00013
G1 X146.815 Y106.877 E0.00009
G1 X144.288 Y108.333 E0.00146
G1 X144.288 Y111.663 E0.00166
G1 X147.168 Y113.326 E0.00166
G1 X150.048 Y111.663 E0.00166
G1 X150.048 Y108.339 E0.00166
G1 X147.459 Y106.835 E0.00149
G1 X147.168 Y106.626 E0.00018
G0 F24000 X147.23 Y106.148
G1 F528 X147.102 Y106.148 E0.00006
G1 X146.899 Y106.331 E0.00014
G1 X146.669 Y106.497 E0.00014
G1 X143.888 Y108.102 E0.0016
G1 X143.888 Y111.894 E0.00189
G1 X147.168 Y113.787 E0.00189
G1 X150.448 Y111.894 E0.00189
G1 X150.448 Y108.108 E0.00189
G1 X147.675 Y106.499 E0.0016
G1 X147.424 Y106.321 E0.00015
G1 X147.23 Y106.148 E0.00013
G0 F24000 X147.408 Y105.748
G1 F528 X146.924 Y105.748 E0.00024
G1 X146.778 Y105.909 E0.00011
G1 X146.661 Y106.009 E0.00008
G1 X146.454 Y106.16 E0.00013
G1 X143.494 Y107.871 E0.00171
G1 X143.488 Y112.117 E0.00212
G1 X143.506 Y112.135 E0.00001
G1 X147.167 Y114.245 E0.00211
G1 X150.841 Y112.127 E0.00212
G1 X150.848 Y112.116 E0.00001
G1 X150.847 Y107.876 E0.00212
G1 X147.891 Y106.162 E0.0017
G1 X147.66 Y105.997 E0.00014
G1 X147.549 Y105.905 E0.00007
G1 X147.408 Y105.748 E0.00011
G0 F24000 X147.605 Y105.348
G1 F528 X146.729 Y105.348 E0.00044
G1 X146.656 Y105.448 E0.00006
G1 X146.496 Y105.626 E0.00012
G1 X146.216 Y105.837 E0.00017
G1 X143.252 Y107.548 E0.00171
G1 X143.183 Y107.616 E0.00005
G1 X143.135 Y107.689 E0.00004
G1 X143.097 Y107.791 E0.00005
G1 X143.088 Y107.848 E0.00003
G1 X143.088 Y112.167 E0.00215
G1 X143.098 Y112.218 E0.00003
G1 X143.137 Y112.312 E0.00005
G1 X143.174 Y112.366 E0.00003
G1 X143.27 Y112.461 E0.00007
G1 X146.959 Y114.591 E0.00213
G1 X147.04 Y114.626 E0.00004
G1 X147.143 Y114.647 E0.00005
G1 X147.3 Y114.625 E0.00008
G1 X147.383 Y114.586 E0.00005
G1 X151.063 Y112.463 E0.00212
G1 X151.155 Y112.377 E0.00006
G1 X151.209 Y112.294 E0.00005
G1 X151.248 Y112.153 E0.00007
G1 X151.248 Y107.857 E0.00214
G1 X151.229 Y107.756 E0.00005
G1 X151.201 Y107.685 E0.00004
G1 X151.168 Y107.635 E0.00003
G1 X151.092 Y107.557 E0.00005
G1 X148.107 Y105.825 E0.00172
G1 X147.829 Y105.618 E0.00017
G1 X147.693 Y105.467 E0.0001
G1 X147.605 Y105.348 E0.00007
G0 F24000 X147.759 Y105.067
;TYPE:WALL-OUTER
G1 F528 X146.577 Y105.067 E0.00059
G1 X146.447 Y105.262 E0.00012
G1 X146.298 Y105.427 E0.00011
G1 X146.089 Y105.586 E0.00013
G1 X143.077 Y107.328 E0.00174
G1 X142.965 Y107.437 E0.00008
G1 X142.884 Y107.562 E0.00007
G1 X142.824 Y107.721 E0.00008
G1 X142.808 Y107.828 E0.00005
G1 X142.808 Y112.194 E0.00218
G1 X142.827 Y112.29 E0.00005
G1 X142.896 Y112.456 E0.00009
G1 X142.955 Y112.542 E0.00005
G1 X143.062 Y112.655 E0.00008
G1 X143.116 Y112.695 E0.00003
G1 X146.833 Y114.841 E0.00214
G1 X146.949 Y114.892 E0.00006
G1 X147.055 Y114.92 E0.00005
G1 X147.136 Y114.927 E0.00004
G1 X147.26 Y114.921 E0.00006
G1 X147.391 Y114.891 E0.00007
G1 X147.512 Y114.835 E0.00007
G1 X151.218 Y112.696 E0.00213
G1 X151.283 Y112.647 E0.00004
G1 X151.376 Y112.552 E0.00007
G1 X151.458 Y112.423 E0.00008
G1 X151.491 Y112.342 E0.00004
G1 X151.528 Y112.179 E0.00008
G1 X151.528 Y107.842 E0.00216
G1 X151.517 Y107.744 E0.00005
G1 X151.448 Y107.552 E0.0001
G1 X151.392 Y107.466 E0.00005
G1 X151.318 Y107.381 E0.00006
G1 X151.254 Y107.327 E0.00004
G1 X148.259 Y105.59 E0.00173
G1 X148.024 Y105.418 E0.00015
G1 X147.916 Y105.298 E0.00008
G1 X147.759 Y105.067 E0.00014
G0 F24000 X147.559 Y105.067
G0 X147.327 Y105.948
G1 F60 E-0.001
G1 F18000 Z3.1
G0 F24000 X147.321 Y105.951 Z3.1
G0 X152.685 Y102.702
;TYPE:WALL-INNER
G1 F18000 Z1.5
G1 F60 E0.001
G1 F1383.45 X153.114 Y102.949 Z1.334992 E0.00014
G1 X153.542 Y102.702 Z1.170272 E0.00014
G1 X153.331184 Y102.702 Z1.1 E0.000165
G1 F922.3
G1 X152.685 Y102.702 E0.00024
G0 F24000 X164.57 Y102.703
G1 F918.3 X164.999 Y102.95 E0.00014
G1 X165.427 Y102.703 E0.00014
G1 X164.57 Y102.703 E0.00025
G0 F24000 X176.461 Y102.703
G1 F918.3 X176.89 Y102.95 E0.00014
G1 X177.318 Y102.703 E0.00014
G1 X176.461 Y102.703 E0.00025
G0 F24000 X176.686 Y106.443
G0 X176.886 Y117.047
G1 F918.3 X176.458 Y117.293 E0.00014
G1 X177.315 Y117.294 E0.00025
G1 X176.886 Y117.047 E0.00014
G0 F24000 X165.424 Y117.294
G1 F922.3 X164.995 Y117.047 E0.00014
G1 X164.567 Y117.294 E0.00014
G1 X165.424 Y117.294 E0.00024
G0 F24000 X153.537 Y117.292
G1 F926.3 X153.111 Y117.047 E0.00014
G1 X152.685 Y117.292 E0.00014
G1 X153.537 Y117.292 E0.00024
G0 F24000 X154.713 Y117.606
G1 F528 X153.111 Y116.684 E0.00092
G1 X151.51 Y117.606 E0.00092
G1 X154.713 Y117.606 E0.0016
G0 F24000 X163.396 Y117.608
G1 F528 X166.598 Y117.608 E0.0016
G1 X164.995 Y116.684 E0.00092
G1 X163.396 Y117.608 E0.00092
G0 F24000 X175.285 Y117.608
G1 F528 X178.493 Y117.609 E0.0016
G1 X176.886 Y116.683 E0.00093
G1 X175.285 Y117.608 E0.00092
G0 F24000 X176.742 Y112.646
G0 X176.714 Y107.171
G0 X175.283 Y102.388
G1 F528 X176.89 Y103.314 E0.00093
G1 X178.491 Y102.388 E0.00092
G1 X175.283 Y102.388 E0.0016
G0 F24000 X166.602 Y102.388
G1 F528 X163.393 Y102.388 E0.0016
G1 X164.999 Y103.314 E0.00092
G1 X166.602 Y102.388 E0.00092
G0 F24000 X154.714 Y102.388
G1 F528 X151.511 Y102.388 E0.0016
G1 X153.114 Y103.312 E0.00092
G1 X154.714 Y102.388 E0.00092
G0 F24000 X156.205 Y101.988
G1 F528 X150.017 Y101.988 E0.00309
G1 X153.114 Y103.774 E0.00178
G1 X156.205 Y101.988 E0.00178
G0 F24000 X161.898 Y101.988
G1 F528 X164.999 Y103.776 E0.00179
G1 X168.094 Y101.988 E0.00178
G1 X161.898 Y101.988 E0.00309
G0 F24000 X173.788 Y101.988
G1 F528 X176.89 Y103.775 E0.00179
G1 X179.981 Y101.988 E0.00178
G1 X173.788 Y101.988 E0.00309
G0 F24000 X185.325 Y101.894
G1 F996.2 X185.826 Y102.183 E0.00015
G1 X185.826 Y101.894 E0.00008
G1 X185.325 Y101.894 E0.00013
G0 F24000 X177.542 Y106.376
G0 X177.246 Y106.715
G0 X177.044 Y107.251
G0 X177.045 Y112.752
G0 X177.213 Y113.231
G0 X177.529 Y113.613
G0 X182.219 Y116.344
G0 X185.826 Y117.81
G1 F991.5 X185.319 Y118.102 E0.00016
G1 X185.826 Y118.102 E0.00013
G1 X185.826 Y117.81 E0.00008
G0 F24000 X179.988 Y118.009
G1 F528 X176.886 Y116.221 E0.00179
G1 X173.796 Y118.008 E0.00178
G1 X179.988 Y118.009 E0.00309
G0 F24000 X168.093 Y118.008
G1 F528 X164.995 Y116.222 E0.00178
G1 X161.905 Y118.008 E0.00178
G1 X168.093 Y118.008 E0.00309
G0 F24000 X156.211 Y118.006
G1 F528 X153.111 Y116.222 E0.00178
G1 X150.014 Y118.007 E0.00178
G1 X156.211 Y118.006 E0.00309
G0 F24000 X144.673 Y118.101
G1 F996.2 X144.171 Y117.812 E0.00015
G1 X144.171 Y118.101 E0.00008
G1 X144.673 Y118.101 E0.00013
G0 F24000 X152.525 Y113.565
G0 X152.844 Y113.119
G0 X152.971 Y112.54
G0 X152.948 Y107.211
G0 X152.804 Y106.799
G0 X152.46 Y106.378
G0 X148.083 Y103.83
G0 X144.171 Y102.183
G1 F996.2 X144.673 Y101.894 E0.00015
G1 X144.17 Y101.894 E0.00013
G1 X144.171 Y102.183 E0.00008
G0 F24000 X143.865 Y102.713
G1 F528 X145.072 Y102.016 E0.0007
G1 F529.3 X145.081 Y102.013 E0
G1 F530.7 X145.09 Y102.01 E0
G1 F532 X145.1 Y102.006 E0.00001
G1 X145.109 Y102.003 E0
G1 F533.3 X145.118 Y101.999 E0
G1 F534.7 X145.128 Y101.996 E0.00001
G1 F536 X145.137 Y101.992 E0
G1 F537.4 X145.147 Y101.989 E0.00001
G1 X145.156 Y101.985 E0
G1 F538.8 X145.165 Y101.982 E0
G1 F540.2 X145.175 Y101.978 E0.00001
G1 F541.5 X145.184 Y101.975 E0
G1 F542.9 X145.193 Y101.971 E0
G1 X145.203 Y101.968 E0.00001
G1 F544.3 X145.212 Y101.964 E0
G1 F545.7 X145.222 Y101.961 E0.00001
G1 F547.2 X145.231 Y101.957 E0
G1 F548.6 X145.24 Y101.954 E0
G1 X145.25 Y101.95 E0.00001
G1 F550 X145.259 Y101.947 E0
G1 F551.4 X145.269 Y101.943 E0.00001
G1 F552.9 X145.278 Y101.94 E0
G1 F554.3 X145.287 Y101.936 E0
G1 X145.297 Y101.933 E0
G1 F555.8 X145.306 Y101.93 E0
G1 F557.3 X145.315 Y101.926 E0
G1 F558.7 X145.325 Y101.923 E0
G1 F560.2 X145.334 Y101.919 E0
G1 X145.344 Y101.916 E0
G1 F561.7 X145.353 Y101.912 E0
G1 F563.2 X145.362 Y101.909 E0
G1 F564.7 X145.372 Y101.905 E0.00001
G1 F566.2 X145.381 Y101.902 E0
G1 X145.391 Y101.898 E0.00001
G1 F567.7 X145.4 Y101.895 E0
G1 F569.3 X145.409 Y101.891 E0
G1 F570.8 X145.419 Y101.888 E0
G1 F572.4 X145.428 Y101.884 E0
G1 X145.437 Y101.881 E0
G1 F573.9 X145.447 Y101.877 E0
G1 F575.5 X145.456 Y101.874 E0
G1 F577 X145.466 Y101.87 E0
G1 F578.6 X145.475 Y101.867 E0
G1 X145.484 Y101.863 E0
G1 F580.2 X145.494 Y101.86 E0
G1 F581.8 X145.503 Y101.856 E0
G1 F583.4 X145.512 Y101.853 E0
G1 F585 X145.522 Y101.85 E0
G1 X145.531 Y101.846 E0
G1 F586.7 X145.541 Y101.843 E0
G1 F588.3 X145.55 Y101.839 E0
G1 F589.9 X145.559 Y101.836 E0
G1 F591.6 X145.569 Y101.832 E0
G1 X145.578 Y101.829 E0
G1 F593.3 X145.588 Y101.825 E0
G1 F594.9 X145.597 Y101.822 E0
G1 F596.6 X145.606 Y101.818 E0
G1 F598.3 X145.616 Y101.815 E0
G1 X145.625 Y101.811 E0
G1 F600 X145.634 Y101.808 E0
G1 F601.7 X145.644 Y101.804 E0
G1 F603.4 X145.653 Y101.801 E0
G1 F605.2 X145.663 Y101.797 E0
G1 X145.672 Y101.794 E0
G1 F606.9 X145.681 Y101.79 E0
G1 F608.6 X145.691 Y101.787 E0
G1 F612.2 X145.705 Y101.785 E0.00001
G1 F619.4 X145.715 Y101.785 E0
G1 F624.9 X145.725 Y101.784 E0
G1 F632.3 X145.735 Y101.784 E0
G1 F640 X145.745 Y101.784 E0
G1 F645.9 X145.755 Y101.783 E0
G1 F653.9 X145.765 Y101.783 E0
G1 F660 X145.775 Y101.782 E0
G1 F668.4 X145.785 Y101.782 E0
G1 F676.9 X145.795 Y101.782 E0
G1 F683.5 X145.805 Y101.781 E0
G1 F692.5 X145.815 Y101.781 E0
G1 F699.3 X145.825 Y101.781 E0
G1 F708.7 X145.835 Y101.78 E0
G1 F715.9 X145.845 Y101.78 E0
G1 F725.8 X145.855 Y101.779 E0
G1 F735.9 X145.865 Y101.779 E0
G1 F743.7 X145.875 Y101.779 E0
G1 F754.3 X145.885 Y101.778 E0
G1 F762.5 X145.895 Y101.778 E0
G1 F773.6 X145.905 Y101.778 E0
G1 F785.1 X145.915 Y101.777 E0
G1 F794 X145.925 Y101.777 E0
G1 F806.1 X145.935 Y101.776 E0
G1 F812.3 X145.944 Y101.776 E0
G1 X145.954 Y101.775 E0
G1 F815.4 X145.964 Y101.775 E0
G1 X145.974 Y101.774 E0
G1 F818.6 X145.984 Y101.773 E0
G1 X145.994 Y101.773 E0
G1 F821.8 X146.004 Y101.772 E0
G1 X146.014 Y101.771 E0
G1 F825 X146.024 Y101.771 E0
G1 X146.034 Y101.77 E0
G1 F828.2 X146.044 Y101.769 E0
G1 X146.054 Y101.769 E0
G1 F831.5 X146.064 Y101.768 E0
G1 X146.074 Y101.768 E0
G1 F834.8 X146.084 Y101.767 E0
G1 X146.094 Y101.766 E0
G1 F838.1 X146.104 Y101.766 E0
G1 X146.114 Y101.765 E0
G1 F841.4 X146.124 Y101.764 E0
G1 X146.134 Y101.764 E0
G1 F844.8 X146.144 Y101.763 E0
G1 X146.154 Y101.762 E0
G1 X146.164 Y101.762 E0
G1 F848.2 X146.174 Y101.761 E0
G1 X146.184 Y101.761 E0
G1 F851.6 X146.194 Y101.76 E0
G1 X146.204 Y101.759 E0
G1 F855.1 X146.214 Y101.759 E0
G1 X146.224 Y101.758 E0
G1 F858.5 X146.234 Y101.757 E0
G1 X146.244 Y101.757 E0
G1 F862 X146.254 Y101.756 E0
G1 X146.264 Y101.755 E0
G1 F865.6 X146.274 Y101.755 E0
G1 X146.284 Y101.754 E0
G1 F869.1 X146.294 Y101.753 E0
G1 X146.304 Y101.753 E0
G1 F872.7 X146.314 Y101.752 E0
G1 X146.324 Y101.752 E0
G1 F876.3 X146.334 Y101.751 E0
G1 X146.344 Y101.75 E0
G1 F880 X146.354 Y101.75 E0
G1 X146.364 Y101.749 E0
G1 X147.964 Y101.748 E0.00048
G1 X147.973 Y101.748 E0
G1 F876.3 X147.983 Y101.749 E0
G1 X147.993 Y101.75 E0
G1 F872.7 X148.003 Y101.751 E0
G1 F869.1 X148.013 Y101.752 E0
G1 X148.023 Y101.753 E0
G1 F865.6 X148.033 Y101.754 E0
G1 F862 X148.043 Y101.755 E0
G1 F858.5 X148.053 Y101.756 E0
G1 X148.063 Y101.757 E0
G1 F855.1 X148.073 Y101.758 E0
G1 F851.6 X148.083 Y101.759 E0
G1 X148.093 Y101.76 E0
G1 F848.2 X148.103 Y101.761 E0
G1 F844.8 X148.113 Y101.762 E0
G1 F841.4 X148.123 Y101.763 E0
G1 X148.133 Y101.764 E0
G1 F838.1 X148.143 Y101.765 E0
G1 F834.8 X148.153 Y101.766 E0
G1 X148.163 Y101.767 E0
G1 F831.5 X148.173 Y101.768 E0
G1 F828.2 X148.183 Y101.769 E0
G1 F825 X148.192 Y101.77 E0
G1 X148.202 Y101.771 E0
G1 F821.8 X148.212 Y101.772 E0
G1 F818.6 X148.222 Y101.773 E0
G1 X148.232 Y101.774 E0
G1 F815.4 X148.242 Y101.775 E0
G1 F812.3 X148.252 Y101.776 E0
G1 F809.2 X148.262 Y101.776 E0
G1 X148.272 Y101.777 E0
G1 F806.1 X148.282 Y101.778 E0
G1 F803 X148.292 Y101.779 E0
G1 F800 X148.302 Y101.78 E0
G1 X148.312 Y101.781 E0
G1 F797 X148.322 Y101.782 E0
G1 F794 X148.332 Y101.783 E0
G1 X148.342 Y101.784 E0
G1 F791 X148.352 Y101.785 E0
G1 F788.1 X148.362 Y101.786 E0
G1 F785.1 X148.372 Y101.787 E0
G1 X148.382 Y101.788 E0
G1 F782.2 X148.392 Y101.789 E0
G1 F779.3 X148.402 Y101.79 E0
G1 X148.411 Y101.791 E0
G1 F776.5 X148.421 Y101.792 E0
G1 F773.6 X148.431 Y101.793 E0
G1 F770.8 X148.441 Y101.794 E0
G1 X148.451 Y101.795 E0
G1 F768 X148.461 Y101.796 E0
G1 F765.2 X148.471 Y101.797 E0
G1 X148.481 Y101.798 E0
G1 F762.5 X148.491 Y101.799 E0
G1 F759.7 X148.501 Y101.8 E0
G1 F757 X148.511 Y101.801 E0
G1 X148.521 Y101.802 E0
G1 F754.3 X148.531 Y101.803 E0
G1 F751.6 X148.541 Y101.804 E0
G1 X148.551 Y101.804 E0
G1 F748.9 X148.561 Y101.805 E0
G1 F746.3 X148.571 Y101.806 E0
G1 F743.7 X148.581 Y101.807 E0
G1 X148.591 Y101.808 E0
G1 F741.1 X148.601 Y101.809 E0
G1 F738.5 X148.611 Y101.81 E0
G1 X148.621 Y101.811 E0
G1 F735.9 X148.631 Y101.812 E0
G1 F733.3 X148.643 Y101.816 E0
G1 F728.3 X148.653 Y101.819 E0
G1 F723.3 X148.662 Y101.822 E0
G1 F720.8 X148.672 Y101.825 E0
G1 F715.9 X148.681 Y101.828 E0
G1 F711.1 X148.691 Y101.831 E0
G1 F706.4 X148.7 Y101.834 E0
G1 F704 X148.71 Y101.837 E0
G1 F699.3 X148.719 Y101.84 E0
G1 F694.7 X148.729 Y101.843 E0
G1 F692.5 X148.738 Y101.846 E0
G1 F687.9 X148.748 Y101.849 E0
G1 F683.5 X148.757 Y101.852 E0
G1 F681.3 X148.767 Y101.855 E0
G1 F676.9 X148.776 Y101.858 E0
G1 F672.6 X148.786 Y101.861 E0
G1 F668.4 X148.795 Y101.864 E0
G1 F666.2 X148.805 Y101.868 E0
G1 F662.1 X148.814 Y101.871 E0
G1 F657.9 X148.824 Y101.874 E0
G1 F655.9 X148.833 Y101.877 E0
G1 F651.9 X148.843 Y101.88 E0
G1 F647.9 X148.852 Y101.883 E0
G1 F645.9 X148.862 Y101.886 E0
G1 F641.9 X148.871 Y101.889 E0
G1 F638.1 X148.881 Y101.892 E0
G1 F636.1 X148.89 Y101.895 E0
G1 F632.3 X148.9 Y101.898 E0
G1 F628.6 X148.909 Y101.901 E0
G1 F624.9 X148.919 Y101.904 E0
G1 F623 X148.928 Y101.907 E0
G1 F619.4 X148.938 Y101.91 E0
G1 F615.7 X148.948 Y101.913 E0
G1 F614 X148.957 Y101.916 E0
G1 F610.4 X148.967 Y101.919 E0
G1 F606.9 X148.976 Y101.923 E0
G1 F605.2 X148.986 Y101.926 E0
G1 F601.7 X148.995 Y101.929 E0
G1 F598.3 X149.005 Y101.932 E0
G1 F594.9 X149.014 Y101.935 E0
G1 F593.3 X149.024 Y101.938 E0
G1 F589.9 X149.033 Y101.941 E0
G1 F586.7 X149.043 Y101.944 E0
G1 F585 X149.052 Y101.947 E0
G1 F581.8 X149.062 Y101.95 E0
G1 F578.6 X149.071 Y101.953 E0
G1 F577 X149.081 Y101.956 E0
G1 F573.9 X149.09 Y101.959 E0
G1 F570.8 X149.1 Y101.962 E0
G1 F567.7 X149.109 Y101.965 E0
G1 F566.2 X149.119 Y101.968 E0
G1 F563.2 X149.128 Y101.971 E0
G1 F560.2 X149.138 Y101.974 E0
G1 F558.7 X149.147 Y101.978 E0
G1 F555.8 X149.157 Y101.981 E0
G1 F552.9 X149.166 Y101.984 E0
G1 F551.4 X149.176 Y101.987 E0
G1 F548.6 X149.185 Y101.99 E0
G1 F545.7 X149.195 Y101.993 E0.00001
G1 F544.3 X149.204 Y101.996 E0
G1 F541.5 X149.214 Y101.999 E0.00001
G1 F538.8 X149.223 Y102.002 E0
G1 F536 X149.233 Y102.005 E0.00001
G1 F534.7 X149.243 Y102.008 E0.00001
G1 F532 X149.252 Y102.011 E0
G1 F529.3 X149.262 Y102.014 E0.00001
G1 F528 X153.114 Y104.235 E0.00222
G1 X156.955 Y102.017 E0.00221
G1 F529.3 X156.964 Y102.014 E0
G1 F530.7 X156.973 Y102.011 E0
G1 X156.983 Y102.007 E0.00001
G1 F532 X156.992 Y102.004 E0
G1 F533.3 X157.001 Y102 E0
G1 F534.7 X157.011 Y101.997 E0.00001
G1 F536 X157.02 Y101.993 E0
G1 X157.029 Y101.99 E0
G1 F537.4 X157.039 Y101.986 E0.00001
G1 F538.8 X157.048 Y101.983 E0
G1 F540.2 X157.058 Y101.979 E0.00001
G1 F541.5 X157.067 Y101.976 E0
G1 X157.076 Y101.972 E0
G1 F542.9 X157.086 Y101.969 E0.00001
G1 F544.3 X157.095 Y101.965 E0
G1 F545.7 X157.104 Y101.962 E0
G1 X157.114 Y101.958 E0.00001
G1 F547.2 X157.123 Y101.955 E0
G1 F548.6 X157.133 Y101.951 E0.00001
G1 F550 X157.142 Y101.948 E0
G1 F551.4 X157.151 Y101.944 E0
G1 X157.161 Y101.941 E0
G1 F552.9 X157.17 Y101.937 E0
G1 F554.3 X157.179 Y101.934 E0
G1 F555.8 X157.189 Y101.93 E0.00001
G1 F557.3 X157.198 Y101.927 E0
G1 X157.207 Y101.923 E0
G1 F558.7 X157.217 Y101.92 E0
G1 F560.2 X157.226 Y101.916 E0
G1 F561.7 X157.236 Y101.913 E0
G1 F563.2 X157.245 Y101.909 E0
G1 X157.254 Y101.906 E0
G1 F564.7 X157.264 Y101.902 E0.00001
G1 F566.2 X157.273 Y101.899 E0
G1 F567.7 X157.282 Y101.895 E0
G1 X157.292 Y101.892 E0
G1 F569.3 X157.301 Y101.888 E0
G1 F570.8 X157.311 Y101.885 E0
G1 F572.4 X157.32 Y101.881 E0
G1 F573.9 X157.329 Y101.878 E0
G1 X157.339 Y101.874 E0
G1 F575.5 X157.348 Y101.871 E0
G1 F577 X157.357 Y101.867 E0
G1 F578.6 X157.367 Y101.864 E0
G1 F580.2 X157.376 Y101.861 E0
G1 X157.385 Y101.857 E0
G1 F581.8 X157.395 Y101.854 E0
G1 F583.4 X157.404 Y101.85 E0
G1 F585 X157.414 Y101.847 E0
G1 X157.423 Y101.843 E0
G1 F586.7 X157.432 Y101.84 E0
G1 F588.3 X157.442 Y101.836 E0
G1 F589.9 X157.451 Y101.833 E0
G1 F591.6 X157.46 Y101.829 E0
G1 X157.47 Y101.826 E0
G1 F593.3 X157.479 Y101.822 E0
G1 F594.9 X157.489 Y101.819 E0
G1 F596.6 X157.498 Y101.815 E0
G1 F598.3 X157.507 Y101.812 E0
G1 X157.517 Y101.808 E0
G1 F600 X157.526 Y101.805 E0
G1 F601.7 X157.535 Y101.801 E0
G1 F603.4 X157.545 Y101.798 E0
G1 F605.2 X157.554 Y101.794 E0
G1 X157.563 Y101.791 E0
G1 F606.9 X157.573 Y101.787 E0
G1 F610.4 X157.588 Y101.785 E0.00001
G1 F617.5 X157.598 Y101.785 E0
G1 F624.9 X157.608 Y101.784 E0
G1 F630.4 X157.618 Y101.784 E0
G1 F638.1 X157.628 Y101.784 E0
G1 F643.9 X157.638 Y101.783 E0
G1 F651.9 X157.648 Y101.783 E0
G1 F660 X157.658 Y101.783 E0
G1 F666.2 X157.668 Y101.782 E0
G1 F674.8 X157.678 Y101.782 E0
G1 F683.5 X157.688 Y101.781 E0
G1 F690.2 X157.698 Y101.781 E0
G1 F699.3 X157.708 Y101.781 E0
G1 F706.4 X157.718 Y101.78 E0
G1 F715.9 X157.728 Y101.78 E0
G1 F725.8 X157.738 Y101.78 E0
G1 F733.3 X157.748 Y101.779 E0
G1 F743.7 X157.758 Y101.779 E0
G1 F754.3 X157.768 Y101.778 E0
G1 F762.5 X157.778 Y101.778 E0
G1 F773.6 X157.788 Y101.778 E0
G1 F782.2 X157.798 Y101.777 E0
G1 F794 X157.808 Y101.777 E0
G1 F806.1 X157.818 Y101.777 E0
G1 F812.3 X157.828 Y101.776 E0
G1 X157.838 Y101.775 E0
G1 F815.4 X157.848 Y101.775 E0
G1 X157.858 Y101.774 E0
G1 F818.6 X157.868 Y101.773 E0
G1 X157.878 Y101.773 E0
G1 F821.8 X157.888 Y101.772 E0
G1 X157.898 Y101.771 E0
G1 F825 X157.908 Y101.771 E0
G1 X157.918 Y101.77 E0
G1 F828.2 X157.928 Y101.769 E0
G1 X157.938 Y101.769 E0
G1 F831.5 X157.948 Y101.768 E0
G1 X157.958 Y101.768 E0
G1 F834.8 X157.968 Y101.767 E0
G1 X157.978 Y101.766 E0
G1 F838.1 X157.988 Y101.766 E0
G1 X157.998 Y101.765 E0
G1 F841.4 X158.008 Y101.764 E0
G1 X158.018 Y101.764 E0
G1 F844.8 X158.028 Y101.763 E0
G1 X158.038 Y101.762 E0
G1 X158.048 Y101.762 E0
G1 F848.2 X158.058 Y101.761 E0
G1 X158.068 Y101.761 E0
G1 F851.6 X158.078 Y101.76 E0
G1 X158.088 Y101.759 E0
G1 F855.1 X158.098 Y101.759 E0
G1 X158.108 Y101.758 E0
G1 F858.5 X158.118 Y101.757 E0
G1 X158.128 Y101.757 E0
G1 F862 X158.138 Y101.756 E0
G1 X158.148 Y101.755 E0
G1 F865.6 X158.158 Y101.755 E0
G1 X158.168 Y101.754 E0
G1 F869.1 X158.178 Y101.753 E0
G1 X158.188 Y101.753 E0
G1 F872.7 X158.198 Y101.752 E0
G1 X158.208 Y101.752 E0
G1 F876.3 X158.218 Y101.751 E0
G1 X158.228 Y101.75 E0
G1 F880 X158.238 Y101.75 E0
G1 X158.248 Y101.749 E0
G1 X159.848 Y101.748 E0.00048
G1 X159.857 Y101.748 E0
G1 F876.3 X159.867 Y101.749 E0
G1 X159.877 Y101.75 E0
G1 F872.7 X159.887 Y101.751 E0
G1 F869.1 X159.897 Y101.752 E0
G1 X159.907 Y101.753 E0
G1 F865.6 X159.917 Y101.754 E0
G1 F862 X159.927 Y101.755 E0
G1 F858.5 X159.937 Y101.756 E0
G1 X159.947 Y101.757 E0
G1 F855.1 X159.957 Y101.758 E0
G1 F851.6 X159.967 Y101.759 E0
G1 X159.977 Y101.76 E0
G1 F848.2 X159.987 Y101.761 E0
G1 F844.8 X159.997 Y101.762 E0
G1 F841.4 X160.007 Y101.763 E0
G1 X160.017 Y101.764 E0
G1 F838.1 X160.027 Y101.765 E0
G1 F834.8 X160.037 Y101.766 E0
G1 X160.047 Y101.767 E0
G1 F831.5 X160.057 Y101.768 E0
G1 F828.2 X160.067 Y101.769 E0
G1 F825 X160.076 Y101.77 E0
G1 X160.086 Y101.771 E0
G1 F821.8 X160.096 Y101.772 E0
G1 F818.6 X160.106 Y101.773 E0
G1 X160.116 Y101.774 E0
G1 F815.4 X160.126 Y101.775 E0
G1 F812.3 X160.136 Y101.776 E0
G1 F809.2 X160.146 Y101.776 E0
G1 X160.156 Y101.777 E0
G1 F806.1 X160.166 Y101.778 E0
G1 F803 X160.176 Y101.779 E0
G1 F800 X160.186 Y101.78 E0
G1 X160.196 Y101.781 E0
G1 F797 X160.206 Y101.782 E0
G1 F794 X160.216 Y101.783 E0
G1 X160.226 Y101.784 E0
G1 F791 X160.236 Y101.785 E0
G1 F788.1 X160.246 Y101.786 E0
G1 F785.1 X160.256 Y101.787 E0
G1 X160.266 Y101.788 E0
G1 F782.2 X160.276 Y101.789 E0
G1 F779.3 X160.286 Y101.79 E0
G1 X160.295 Y101.791 E0
G1 F776.5 X160.305 Y101.792 E0
G1 F773.6 X160.315 Y101.793 E0
G1 F770.8 X160.325 Y101.794 E0
G1 X160.335 Y101.795 E0
G1 F768 X160.345 Y101.796 E0
G1 F765.2 X160.355 Y101.797 E0
G1 X160.365 Y101.798 E0
G1 F762.5 X160.375 Y101.799 E0
G1 F759.7 X160.385 Y101.8 E0
G1 F757 X160.395 Y101.801 E0
G1 X160.405 Y101.802 E0
G1 F754.3 X160.415 Y101.803 E0
G1 F751.6 X160.425 Y101.804 E0
G1 X160.435 Y101.804 E0
G1 F748.9 X160.445 Y101.805 E0
G1 F746.3 X160.455 Y101.806 E0
G1 F743.7 X160.465 Y101.807 E0
G1 X160.475 Y101.808 E0
G1 F741.1 X160.485 Y101.809 E0
G1 F738.5 X160.495 Y101.81 E0
G1 X160.505 Y101.811 E0
G1 F735.9 X160.515 Y101.812 E0
G1 F733.3 X160.527 Y101.816 E0
G1 F728.3 X160.537 Y101.819 E0
G1 F723.3 X160.546 Y101.822 E0
G1 F720.8 X160.556 Y101.825 E0
G1 F715.9 X160.565 Y101.828 E0
G1 F711.1 X160.575 Y101.831 E0
G1 F706.4 X160.584 Y101.834 E0
G1 F704 X160.594 Y101.837 E0
G1 F699.3 X160.603 Y101.84 E0
G1 F694.7 X160.613 Y101.843 E0
G1 F692.5 X160.622 Y101.846 E0
G1 F687.9 X160.632 Y101.849 E0
G1 F683.5 X160.641 Y101.852 E0
G1 F681.3 X160.651 Y101.855 E0
G1 F676.9 X160.66 Y101.858 E0
G1 F672.6 X160.67 Y101.862 E0
G1 F668.4 X160.679 Y101.865 E0
G1 F666.2 X160.689 Y101.868 E0
G1 F662.1 X160.698 Y101.871 E0
G1 F657.9 X160.708 Y101.874 E0
G1 F655.9 X160.717 Y101.877 E0
G1 F651.9 X160.727 Y101.88 E0
G1 F647.9 X160.736 Y101.883 E0
G1 F645.9 X160.746 Y101.886 E0
G1 F641.9 X160.755 Y101.889 E0
G1 F638.1 X160.765 Y101.892 E0
G1 F636.1 X160.774 Y101.895 E0
G1 F632.3 X160.784 Y101.898 E0
G1 F628.6 X160.793 Y101.901 E0
G1 F624.9 X160.803 Y101.904 E0
G1 F623 X160.813 Y101.908 E0
G1 F619.4 X160.822 Y101.911 E0
G1 F615.7 X160.832 Y101.914 E0
G1 F614 X160.841 Y101.917 E0
G1 F610.4 X160.851 Y101.92 E0
G1 F606.9 X160.86 Y101.923 E0
G1 F605.2 X160.87 Y101.926 E0
G1 F601.7 X160.879 Y101.929 E0
G1 F598.3 X160.889 Y101.932 E0
G1 F594.9 X160.898 Y101.935 E0
G1 F593.3 X160.908 Y101.938 E0
G1 F589.9 X160.917 Y101.941 E0
G1 F586.7 X160.927 Y101.944 E0
G1 F585 X160.936 Y101.947 E0
G1 F581.8 X160.946 Y101.95 E0
G1 F578.6 X160.955 Y101.954 E0
G1 F577 X160.965 Y101.957 E0
G1 F573.9 X160.974 Y101.96 E0
G1 F570.8 X160.984 Y101.963 E0
G1 F567.7 X160.993 Y101.966 E0
G1 F566.2 X161.003 Y101.969 E0
G1 F563.2 X161.012 Y101.972 E0
G1 F560.2 X161.022 Y101.975 E0
G1 F558.7 X161.031 Y101.978 E0
G1 F555.8 X161.041 Y101.981 E0
G1 F552.9 X161.05 Y101.984 E0
G1 F551.4 X161.06 Y101.987 E0
G1 F548.6 X161.069 Y101.99 E0
G1 F545.7 X161.079 Y101.993 E0.00001
G1 F544.3 X161.088 Y101.996 E0
G1 F541.5 X161.098 Y102 E0.00001
G1 F538.8 X161.108 Y102.003 E0.00001
G1 F536 X161.117 Y102.006 E0
G1 F534.7 X161.127 Y102.009 E0.00001
G1 F532 X161.136 Y102.012 E0
G1 F529.3 X161.146 Y102.015 E0.00001
G1 F528 X164.999 Y104.238 E0.00222
G1 X168.843 Y102.017 E0.00221
G1 F529.3 X168.852 Y102.014 E0
G1 F530.7 X168.861 Y102.011 E0
G1 X168.871 Y102.007 E0.00001
G1 F532 X168.88 Y102.004 E0
G1 F533.3 X168.889 Y102 E0
G1 F534.7 X168.899 Y101.997 E0.00001
G1 F536 X168.908 Y101.993 E0
G1 X168.917 Y101.99 E0
G1 F537.4 X168.927 Y101.986 E0.00001
G1 F538.8 X168.936 Y101.983 E0
G1 F540.2 X168.946 Y101.979 E0.00001
G1 F541.5 X168.955 Y101.976 E0
G1 X168.964 Y101.972 E0
G1 F542.9 X168.974 Y101.969 E0.00001
G1 F544.3 X168.983 Y101.965 E0
G1 F545.7 X168.992 Y101.962 E0
G1 X169.002 Y101.958 E0.00001
G1 F547.2 X169.011 Y101.955 E0
G1 F548.6 X169.021 Y101.951 E0.00001
G1 F550 X169.03 Y101.948 E0
G1 F551.4 X169.039 Y101.944 E0
G1 X169.049 Y101.941 E0
G1 F552.9 X169.058 Y101.937 E0
G1 F554.3 X169.067 Y101.934 E0
G1 F555.8 X169.077 Y101.93 E0.00001
G1 F557.3 X169.086 Y101.927 E0
G1 X169.095 Y101.923 E0
G1 F558.7 X169.105 Y101.92 E0
G1 F560.2 X169.114 Y101.916 E0
G1 F561.7 X169.124 Y101.913 E0
G1 F563.2 X169.133 Y101.909 E0
G1 X169.142 Y101.906 E0
G1 F564.7 X169.152 Y101.902 E0.00001
G1 F566.2 X169.161 Y101.899 E0
G1 F567.7 X169.17 Y101.895 E0
G1 X169.18 Y101.892 E0
G1 F569.3 X169.189 Y101.888 E0
G1 F570.8 X169.199 Y101.885 E0
G1 F572.4 X169.208 Y101.881 E0
G1 F573.9 X169.217 Y101.878 E0
G1 X169.227 Y101.874 E0
G1 F575.5 X169.236 Y101.871 E0
G1 F577 X169.245 Y101.867 E0
G1 F578.6 X169.255 Y101.864 E0
G1 F580.2 X169.264 Y101.861 E0
G1 X169.273 Y101.857 E0
G1 F581.8 X169.283 Y101.854 E0
G1 F583.4 X169.292 Y101.85 E0
G1 F585 X169.302 Y101.847 E0
G1 X169.311 Y101.843 E0
G1 F586.7 X169.32 Y101.84 E0
G1 F588.3 X169.33 Y101.836 E0
G1 F589.9 X169.339 Y101.833 E0
G1 F591.6 X169.348 Y101.829 E0
G1 X169.358 Y101.826 E0
G1 F593.3 X169.367 Y101.822 E0
G1 F594.9 X169.377 Y101.819 E0
G1 F596.6 X169.386 Y101.815 E0
G1 F598.3 X169.395 Y101.812 E0
G1 X169.405 Y101.808 E0
G1 F600 X169.414 Y101.805 E0
G1 F601.7 X169.423 Y101.801 E0
G1 F603.4 X169.433 Y101.798 E0
G1 F605.2 X169.442 Y101.794 E0
G1 X169.451 Y101.791 E0
G1 F606.9 X169.461 Y101.787 E0
G1 F610.4 X169.476 Y101.785 E0.00001
G1 F617.5 X169.486 Y101.785 E0
G1 F624.9 X169.496 Y101.784 E0
G1 F630.4 X169.506 Y101.784 E0
G1 F638.1 X169.516 Y101.784 E0
G1 F643.9 X169.526 Y101.783 E0
G1 F651.9 X169.536 Y101.783 E0
G1 F660 X169.546 Y101.783 E0
G1 F666.2 X169.556 Y101.782 E0
G1 F674.8 X169.566 Y101.782 E0
G1 F683.5 X169.576 Y101.781 E0
G1 F690.2 X169.586 Y101.781 E0
G1 F699.3 X169.596 Y101.781 E0
G1 F706.4 X169.606 Y101.78 E0
G1 F715.9 X169.616 Y101.78 E0
G1 F725.8 X169.626 Y101.78 E0
G1 F733.3 X169.636 Y101.779 E0
G1 F743.7 X169.646 Y101.779 E0
G1 F754.3 X169.656 Y101.778 E0
G1 F762.5 X169.666 Y101.778 E0
G1 F773.6 X169.676 Y101.778 E0
G1 F782.2 X169.686 Y101.777 E0
G1 F794 X169.696 Y101.777 E0
G1 F806.1 X169.706 Y101.777 E0
G1 F812.3 X169.716 Y101.776 E0
G1 X169.726 Y101.775 E0
G1 F815.4 X169.736 Y101.775 E0
G1 X169.746 Y101.774 E0
G1 F818.6 X169.756 Y101.773 E0
G1 X169.766 Y101.773 E0
G1 F821.8 X169.776 Y101.772 E0
G1 X169.786 Y101.771 E0
G1 F825 X169.796 Y101.771 E0
G1 X169.806 Y101.77 E0
G1 F828.2 X169.816 Y101.769 E0
G1 X169.826 Y101.769 E0
G1 F831.5 X169.836 Y101.768 E0
G1 X169.846 Y101.768 E0
G1 F834.8 X169.856 Y101.767 E0
G1 X169.866 Y101.766 E0
G1 F838.1 X169.876 Y101.766 E0
G1 X169.886 Y101.765 E0
G1 F841.4 X169.896 Y101.764 E0
G1 X169.906 Y101.764 E0
G1 F844.8 X169.916 Y101.763 E0
G1 X169.926 Y101.762 E0
G1 X169.936 Y101.762 E0
G1 F848.2 X169.946 Y101.761 E0
G1 X169.956 Y101.761 E0
G1 F851.6 X169.966 Y101.76 E0
G1 X169.976 Y101.759 E0
G1 F855.1 X169.986 Y101.759 E0
G1 X169.996 Y101.758 E0
G1 F858.5 X170.006 Y101.757 E0
G1 X170.016 Y101.757 E0
G1 F862 X170.026 Y101.756 E0
G1 X170.036 Y101.755 E0
G1 F865.6 X170.046 Y101.755 E0
G1 X170.056 Y101.754 E0
G1 F869.1 X170.066 Y101.753 E0
G1 X170.076 Y101.753 E0
G1 F872.7 X170.086 Y101.752 E0
G1 X170.096 Y101.752 E0
G1 F876.3 X170.106 Y101.751 E0
G1 X170.116 Y101.75 E0
G1 F880 X170.126 Y101.75 E0
G1 X170.136 Y101.749 E0
G1 X171.736 Y101.748 E0.00048
G1 X171.745 Y101.748 E0
G1 F876.3 X171.755 Y101.749 E0
G1 X171.765 Y101.75 E0
G1 F872.7 X171.775 Y101.751 E0
G1 F869.1 X171.785 Y101.752 E0
G1 X171.795 Y101.753 E0
G1 F865.6 X171.805 Y101.754 E0
G1 F862 X171.815 Y101.755 E0
G1 X171.825 Y101.756 E0
G1 F858.5 X171.835 Y101.757 E0
G1 F855.1 X171.845 Y101.758 E0
G1 F851.6 X171.855 Y101.759 E0
G1 X171.865 Y101.76 E0
G1 F848.2 X171.875 Y101.761 E0
G1 F844.8 X171.885 Y101.762 E0
G1 X171.895 Y101.763 E0
G1 F841.4 X171.905 Y101.764 E0
G1 F838.1 X171.915 Y101.765 E0
G1 X171.925 Y101.766 E0
G1 F834.8 X171.935 Y101.767 E0
G1 F831.5 X171.945 Y101.768 E0
G1 F828.2 X171.955 Y101.769 E0
G1 X171.964 Y101.77 E0
G1 F825 X171.974 Y101.771 E0
G1 F821.8 X171.984 Y101.772 E0
G1 X171.994 Y101.773 E0
G1 F818.6 X172.004 Y101.774 E0
G1 F815.4 X172.014 Y101.775 E0
G1 X172.024 Y101.776 E0
G1 F812.3 X172.034 Y101.777 E0
G1 F809.2 X172.044 Y101.777 E0
G1 F806.1 X172.054 Y101.778 E0
G1 X172.064 Y101.779 E0
G1 F803 X172.074 Y101.78 E0
G1 F800 X172.084 Y101.781 E0
G1 X172.094 Y101.782 E0
G1 F797 X172.104 Y101.783 E0
G1 F794 X172.114 Y101.784 E0
G1 F791 X172.124 Y101.785 E0
G1 X172.134 Y101.786 E0
G1 F788.1 X172.144 Y101.787 E0
G1 F785.1 X172.154 Y101.788 E0
G1 X172.164 Y101.789 E0
G1 F782.2 X172.174 Y101.79 E0
G1 F779.3 X172.183 Y101.791 E0
G1 X172.193 Y101.792 E0
G1 F776.5 X172.203 Y101.793 E0
G1 F773.6 X172.213 Y101.794 E0
G1 F770.8 X172.223 Y101.795 E0
G1 X172.233 Y101.796 E0
G1 F768 X172.243 Y101.797 E0
G1 F765.2 X172.253 Y101.798 E0
G1 X172.263 Y101.799 E0
G1 F762.5 X172.273 Y101.8 E0
G1 F759.7 X172.283 Y101.801 E0
G1 X172.293 Y101.802 E0
G1 F757 X172.303 Y101.803 E0
G1 F754.3 X172.313 Y101.804 E0
G1 F751.6 X172.323 Y101.805 E0
G1 X172.333 Y101.806 E0
G1 F748.9 X172.343 Y101.807 E0
G1 F746.3 X172.353 Y101.807 E0
G1 X172.363 Y101.808 E0
G1 F743.7 X172.373 Y101.809 E0
G1 F741.1 X172.383 Y101.81 E0
G1 X172.393 Y101.811 E0
G1 F738.5 X172.403 Y101.812 E0
G1 F735.9 X172.414 Y101.816 E0
G1 F730.8 X172.424 Y101.819 E0
G1 F725.8 X172.433 Y101.822 E0
G1 F723.3 X172.443 Y101.825 E0
G1 F718.4 X172.452 Y101.828 E0
G1 F713.5 X172.462 Y101.831 E0
G1 F708.7 X172.471 Y101.834 E0
G1 F706.4 X172.481 Y101.837 E0
G1 F701.7 X172.49 Y101.84 E0
G1 F697 X172.5 Y101.843 E0
G1 F694.7 X172.509 Y101.846 E0
G1 F690.2 X172.519 Y101.849 E0
G1 F685.7 X172.528 Y101.852 E0
G1 F681.3 X172.538 Y101.855 E0
G1 F679.1 X172.547 Y101.858 E0
G1 F674.8 X172.557 Y101.861 E0
G1 F670.5 X172.566 Y101.864 E0
G1 F668.4 X172.576 Y101.868 E0
G1 F664.2 X172.585 Y101.871 E0
G1 F660 X172.595 Y101.874 E0
G1 F655.9 X172.604 Y101.877 E0
G1 F653.9 X172.614 Y101.88 E0
G1 F649.8 X172.623 Y101.883 E0
G1 F645.9 X172.633 Y101.886 E0
G1 F643.9 X172.642 Y101.889 E0
G1 F640 X172.652 Y101.892 E0
G1 F636.1 X172.661 Y101.895 E0
G1 F632.3 X172.671 Y101.898 E0
G1 F630.4 X172.68 Y101.901 E0
G1 F626.7 X172.69 Y101.904 E0
G1 F623 X172.699 Y101.907 E0
G1 F621.2 X172.709 Y101.91 E0
G1 F617.5 X172.719 Y101.913 E0
G1 F614 X172.728 Y101.916 E0
G1 F610.4 X172.738 Y101.919 E0
G1 F608.6 X172.747 Y101.923 E0
G1 F605.2 X172.757 Y101.926 E0
G1 F601.7 X172.766 Y101.929 E0
G1 F600 X172.776 Y101.932 E0
G1 F596.6 X172.785 Y101.935 E0
G1 F593.3 X172.795 Y101.938 E0
G1 F589.9 X172.804 Y101.941 E0
G1 F588.3 X172.814 Y101.944 E0
G1 F585 X172.823 Y101.947 E0
G1 F581.8 X172.833 Y101.95 E0
G1 F580.2 X172.842 Y101.953 E0
G1 F577 X172.852 Y101.956 E0
G1 F573.9 X172.861 Y101.959 E0
G1 F570.8 X172.871 Y101.962 E0
G1 F569.3 X172.88 Y101.965 E0
G1 F566.2 X172.89 Y101.968 E0
G1 F563.2 X172.899 Y101.971 E0
G1 F561.7 X172.909 Y101.974 E0
G1 F558.7 X172.918 Y101.978 E0
G1 F555.8 X172.928 Y101.981 E0
G1 F552.9 X172.937 Y101.984 E0
G1 F551.4 X172.947 Y101.987 E0
G1 F548.6 X172.956 Y101.99 E0
G1 F545.7 X172.966 Y101.993 E0.00001
G1 F544.3 X172.975 Y101.996 E0
G1 F541.5 X172.985 Y101.999 E0.00001
G1 F538.8 X172.994 Y102.002 E0
G1 F536 X173.004 Y102.005 E0.00001
G1 F534.7 X173.014 Y102.008 E0.00001
G1 F532 X173.023 Y102.011 E0
G1 F529.3 X173.033 Y102.014 E0.00001
G1 F528 X176.891 Y104.237 E0.00222
G1 X180.73 Y102.017 E0.00221
G1 F529.3 X180.739 Y102.014 E0
G1 F530.7 X180.748 Y102.011 E0
G1 X180.758 Y102.007 E0.00001
G1 F532 X180.767 Y102.004 E0
G1 F533.3 X180.776 Y102 E0
G1 F534.7 X180.786 Y101.997 E0.00001
G1 F536 X180.795 Y101.993 E0
G1 X180.804 Y101.99 E0
G1 F537.4 X180.814 Y101.986 E0.00001
G1 F538.8 X180.823 Y101.983 E0
G1 F540.2 X180.833 Y101.979 E0.00001
G1 F541.5 X180.842 Y101.976 E0
G1 X180.851 Y101.972 E0
G1 F542.9 X180.861 Y101.969 E0.00001
G1 F544.3 X180.87 Y101.965 E0
G1 F545.7 X180.879 Y101.962 E0
G1 X180.889 Y101.958 E0.00001
G1 F547.2 X180.898 Y101.955 E0
G1 F548.6 X180.908 Y101.951 E0.00001
G1 F550 X180.917 Y101.948 E0
G1 F551.4 X180.926 Y101.944 E0
G1 X180.936 Y101.941 E0
G1 F552.9 X180.945 Y101.937 E0
G1 F554.3 X180.954 Y101.934 E0
G1 F555.8 X180.964 Y101.93 E0.00001
G1 F557.3 X180.973 Y101.927 E0
G1 X180.982 Y101.923 E0
G1 F558.7 X180.992 Y101.92 E0
G1 F560.2 X181.001 Y101.916 E0
G1 F561.7 X181.011 Y101.913 E0
G1 F563.2 X181.02 Y101.91 E0
G1 X181.029 Y101.906 E0
G1 F564.7 X181.039 Y101.903 E0
G1 F566.2 X181.048 Y101.899 E0
G1 F567.7 X181.057 Y101.896 E0
G1 X181.067 Y101.892 E0
G1 F569.3 X181.076 Y101.889 E0
G1 F570.8 X181.086 Y101.885 E0
G1 F572.4 X181.095 Y101.882 E0
G1 F573.9 X181.104 Y101.878 E0
G1 X181.114 Y101.875 E0
G1 F575.5 X181.123 Y101.871 E0
G1 F577 X181.132 Y101.868 E0
G1 F578.6 X181.142 Y101.864 E0
G1 F580.2 X181.151 Y101.861 E0
G1 X181.16 Y101.857 E0
G1 F581.8 X181.17 Y101.854 E0
G1 F583.4 X181.179 Y101.85 E0
G1 F585 X181.189 Y101.847 E0
G1 X181.198 Y101.843 E0
G1 F586.7 X181.207 Y101.84 E0
G1 F588.3 X181.217 Y101.836 E0
G1 F589.9 X181.226 Y101.833 E0
G1 F591.6 X181.235 Y101.829 E0
G1 X181.245 Y101.826 E0
G1 F593.3 X181.254 Y101.822 E0
G1 F594.9 X181.264 Y101.819 E0
G1 F596.6 X181.273 Y101.815 E0
G1 F598.3 X181.282 Y101.812 E0
G1 X181.292 Y101.808 E0
G1 F600 X181.301 Y101.805 E0
G1 F601.7 X181.31 Y101.802 E0
G1 F603.4 X181.32 Y101.798 E0
G1 F605.2 X181.329 Y101.795 E0
G1 X181.339 Y101.791 E0
G1 F606.9 X181.348 Y101.788 E0
G1 F610.4 X181.364 Y101.785 E0.00001
G1 F617.5 X181.374 Y101.785 E0
G1 F624.9 X181.384 Y101.784 E0
G1 F630.4 X181.394 Y101.784 E0
G1 F638.1 X181.404 Y101.784 E0
G1 F643.9 X181.414 Y101.783 E0
G1 F651.9 X181.424 Y101.783 E0
G1 F660 X181.434 Y101.783 E0
G1 F666.2 X181.444 Y101.782 E0
G1 F674.8 X181.454 Y101.782 E0
G1 F683.5 X181.464 Y101.781 E0
G1 F690.2 X181.474 Y101.781 E0
G1 F699.3 X181.484 Y101.781 E0
G1 F706.4 X181.494 Y101.78 E0
G1 F715.9 X181.504 Y101.78 E0
G1 F725.8 X181.514 Y101.78 E0
G1 F733.3 X181.524 Y101.779 E0
G1 F743.7 X181.534 Y101.779 E0
G1 F754.3 X181.544 Y101.778 E0
G1 F762.5 X181.554 Y101.778 E0
G1 F773.6 X181.564 Y101.778 E0
G1 F782.2 X181.574 Y101.777 E0
G1 F794 X181.584 Y101.777 E0
G1 F806.1 X181.594 Y101.777 E0
G1 F812.3 X181.604 Y101.776 E0
G1 X181.614 Y101.775 E0
G1 F815.4 X181.624 Y101.775 E0
G1 X181.634 Y101.774 E0
G1 F818.6 X181.644 Y101.773 E0
G1 X181.654 Y101.773 E0
G1 F821.8 X181.664 Y101.772 E0
G1 X181.674 Y101.771 E0
G1 F825 X181.684 Y101.771 E0
G1 X181.694 Y101.77 E0
G1 F828.2 X181.704 Y101.769 E0
G1 X181.714 Y101.769 E0
G1 F831.5 X181.724 Y101.768 E0
G1 X181.734 Y101.768 E0
G1 F834.8 X181.744 Y101.767 E0
G1 X181.754 Y101.766 E0
G1 F838.1 X181.764 Y101.766 E0
G1 X181.774 Y101.765 E0
G1 F841.4 X181.784 Y101.764 E0
G1 X181.794 Y101.764 E0
G1 F844.8 X181.804 Y101.763 E0
G1 X181.814 Y101.762 E0
G1 X181.824 Y101.762 E0
G1 F848.2 X181.834 Y101.761 E0
G1 X181.844 Y101.761 E0
G1 F851.6 X181.854 Y101.76 E0
G1 X181.864 Y101.759 E0
G1 F855.1 X181.874 Y101.759 E0
G1 X181.884 Y101.758 E0
G1 F858.5 X181.894 Y101.757 E0
G1 X181.904 Y101.757 E0
G1 F862 X181.914 Y101.756 E0
G1 X181.924 Y101.755 E0
G1 F865.6 X181.934 Y101.755 E0
G1 X181.944 Y101.754 E0
G1 F869.1 X181.954 Y101.753 E0
G1 X181.964 Y101.753 E0
G1 F872.7 X181.974 Y101.752 E0
G1 X181.984 Y101.752 E0
G1 F876.3 X181.994 Y101.751 E0
G1 X182.004 Y101.75 E0
G1 F880 X182.014 Y101.75 E0
G1 X182.024 Y101.749 E0
G1 X183.624 Y101.748 E0.00048
G1 X183.633 Y101.748 E0
G1 F876.3 X183.643 Y101.749 E0
G1 X183.653 Y101.75 E0
G1 F872.7 X183.663 Y101.751 E0
G1 F869.1 X183.673 Y101.752 E0
G1 X183.683 Y101.753 E0
G1 F865.6 X183.693 Y101.754 E0
G1 F862 X183.703 Y101.755 E0
G1 F858.5 X183.713 Y101.756 E0
G1 X183.723 Y101.757 E0
G1 F855.1 X183.733 Y101.758 E0
G1 F851.6 X183.743 Y101.759 E0
G1 X183.753 Y101.76 E0
G1 F848.2 X183.763 Y101.761 E0
G1 F844.8 X183.773 Y101.762 E0
G1 F841.4 X183.783 Y101.763 E0
G1 X183.793 Y101.764 E0
G1 F838.1 X183.803 Y101.765 E0
G1 F834.8 X183.813 Y101.766 E0
G1 X183.823 Y101.767 E0
G1 F831.5 X183.833 Y101.768 E0
G1 F828.2 X183.843 Y101.769 E0
G1 F825 X183.852 Y101.77 E0
G1 X183.862 Y101.771 E0
G1 F821.8 X183.872 Y101.772 E0
G1 F818.6 X183.882 Y101.773 E0
G1 X183.892 Y101.774 E0
G1 F815.4 X183.902 Y101.775 E0
G1 F812.3 X183.912 Y101.776 E0
G1 F809.2 X183.922 Y101.776 E0
G1 X183.932 Y101.777 E0
G1 F806.1 X183.942 Y101.778 E0
G1 F803 X183.952 Y101.779 E0
G1 F800 X183.962 Y101.78 E0
G1 X183.972 Y101.781 E0
G1 F797 X183.982 Y101.782 E0
G1 F794 X183.992 Y101.783 E0
G1 X184.002 Y101.784 E0
G1 F791 X184.012 Y101.785 E0
G1 F788.1 X184.022 Y101.786 E0
G1 F785.1 X184.032 Y101.787 E0
G1 X184.042 Y101.788 E0
G1 F782.2 X184.052 Y101.789 E0
G1 F779.3 X184.062 Y101.79 E0
G1 X184.071 Y101.791 E0
G1 F776.5 X184.081 Y101.792 E0
G1 F773.6 X184.091 Y101.793 E0
G1 F770.8 X184.101 Y101.794 E0
G1 X184.111 Y101.795 E0
G1 F768 X184.121 Y101.796 E0
G1 F765.2 X184.131 Y101.797 E0
G1 X184.141 Y101.798 E0
G1 F762.5 X184.151 Y101.799 E0
G1 F759.7 X184.161 Y101.8 E0
G1 F757 X184.171 Y101.801 E0
G1 X184.181 Y101.802 E0
G1 F754.3 X184.191 Y101.803 E0
G1 F751.6 X184.201 Y101.804 E0
G1 X184.211 Y101.804 E0
G1 F748.9 X184.221 Y101.805 E0
G1 F746.3 X184.231 Y101.806 E0
G1 F743.7 X184.241 Y101.807 E0
G1 X184.251 Y101.808 E0
G1 F741.1 X184.261 Y101.809 E0
G1 F738.5 X184.271 Y101.81 E0
G1 X184.281 Y101.811 E0
G1 F735.9 X184.291 Y101.812 E0
G1 F733.3 X184.303 Y101.816 E0
G1 F728.3 X184.313 Y101.819 E0
G1 F723.3 X184.322 Y101.822 E0
G1 F720.8 X184.332 Y101.825 E0
G1 F715.9 X184.341 Y101.828 E0
G1 F711.1 X184.351 Y101.831 E0
G1 F706.4 X184.36 Y101.834 E0
G1 F704 X184.37 Y101.837 E0
G1 F699.3 X184.379 Y101.84 E0
G1 F694.7 X184.389 Y101.843 E0
G1 F692.5 X184.398 Y101.846 E0
G1 F687.9 X184.408 Y101.849 E0
G1 F683.5 X184.417 Y101.852 E0
G1 F681.3 X184.427 Y101.855 E0
G1 F676.9 X184.436 Y101.858 E0
G1 F672.6 X184.446 Y101.861 E0
G1 F668.4 X184.455 Y101.864 E0
G1 F666.2 X184.465 Y101.868 E0
G1 F662.1 X184.474 Y101.871 E0
G1 F657.9 X184.484 Y101.874 E0
G1 F655.9 X184.493 Y101.877 E0
G1 F651.9 X184.503 Y101.88 E0
G1 F647.9 X184.512 Y101.883 E0
G1 F645.9 X184.522 Y101.886 E0
G1 F641.9 X184.531 Y101.889 E0
G1 F638.1 X184.541 Y101.892 E0
G1 F636.1 X184.55 Y101.895 E0
G1 F632.3 X184.56 Y101.898 E0
G1 F628.6 X184.569 Y101.901 E0
G1 F624.9 X184.579 Y101.904 E0
G1 F623 X184.588 Y101.907 E0
G1 F619.4 X184.598 Y101.91 E0
G1 F615.7 X184.608 Y101.913 E0
G1 F614 X184.617 Y101.916 E0
G1 F610.4 X184.627 Y101.919 E0
G1 F606.9 X184.636 Y101.923 E0
G1 F605.2 X184.646 Y101.926 E0
G1 F601.7 X184.655 Y101.929 E0
G1 F598.3 X184.665 Y101.932 E0
G1 F594.9 X184.674 Y101.935 E0
G1 F593.3 X184.684 Y101.938 E0
G1 F589.9 X184.693 Y101.941 E0
G1 F586.7 X184.703 Y101.944 E0
G1 F585 X184.712 Y101.947 E0
G1 F581.8 X184.722 Y101.95 E0
G1 F578.6 X184.731 Y101.953 E0
G1 F577 X184.741 Y101.956 E0
G1 F573.9 X184.75 Y101.959 E0
G1 F570.8 X184.76 Y101.962 E0
G1 F567.7 X184.769 Y101.965 E0
G1 F566.2 X184.779 Y101.968 E0
G1 F563.2 X184.788 Y101.971 E0
G1 F560.2 X184.798 Y101.974 E0
G1 F558.7 X184.807 Y101.978 E0
G1 F555.8 X184.817 Y101.981 E0
G1 F552.9 X184.826 Y101.984 E0
G1 F551.4 X184.836 Y101.987 E0
G1 F548.6 X184.845 Y101.99 E0
G1 F545.7 X184.855 Y101.993 E0.00001
G1 F544.3 X184.864 Y101.996 E0
G1 F541.5 X184.874 Y101.999 E0.00001
G1 F538.8 X184.883 Y102.002 E0
G1 F536 X184.893 Y102.005 E0.00001
G1 F534.7 X184.903 Y102.008 E0.00001
G1 F532 X184.912 Y102.011 E0
G1 F529.3 X184.922 Y102.014 E0.00001
G1 F528 X186.132 Y102.713 E0.0007
G1 X186.132 Y101.588 E0.00056
G1 X185.037 Y101.588 E0.00055
G1 F529.3 X185.028 Y101.588 E0
G1 F532 X185.018 Y101.587 E0
G1 F533.3 X185.008 Y101.586 E0
G1 F536 X184.998 Y101.585 E0
G1 F538.8 X184.988 Y101.585 E0
G1 F540.2 X184.978 Y101.584 E0
G1 F542.9 X184.968 Y101.583 E0
G1 F544.3 X184.958 Y101.582 E0
G1 F547.2 X184.948 Y101.581 E0
G1 F550 X184.938 Y101.581 E0
G1 F551.4 X184.928 Y101.58 E0
G1 F554.3 X184.918 Y101.579 E0
G1 F555.8 X184.908 Y101.578 E0
G1 F558.7 X184.898 Y101.577 E0
G1 F561.7 X184.888 Y101.577 E0
G1 F563.2 X184.878 Y101.576 E0
G1 F566.2 X184.868 Y101.575 E0
G1 F567.7 X184.858 Y101.574 E0
G1 F570.8 X184.848 Y101.573 E0
G1 F573.9 X184.838 Y101.573 E0
G1 F575.5 X184.828 Y101.572 E0
G1 F578.6 X184.818 Y101.571 E0
G1 F580.2 X184.808 Y101.57 E0
G1 F583.4 X184.798 Y101.57 E0
G1 F586.7 X184.788 Y101.569 E0
G1 F588.3 X184.778 Y101.568 E0
G1 F591.6 X184.768 Y101.567 E0
G1 F593.3 X184.758 Y101.566 E0
G1 F596.6 X184.748 Y101.566 E0
G1 F600 X184.738 Y101.565 E0
G1 F601.7 X184.728 Y101.564 E0
G1 F605.2 X184.718 Y101.563 E0
G1 F606.9 X184.708 Y101.562 E0
G1 F610.4 X184.698 Y101.562 E0
G1 F614 X184.688 Y101.561 E0
G1 F615.7 X184.679 Y101.56 E0
G1 F619.4 X184.669 Y101.559 E0
G1 F621.2 X184.659 Y101.558 E0
G1 F624.9 X184.649 Y101.558 E0
G1 F628.6 X184.639 Y101.557 E0
G1 F630.4 X184.629 Y101.556 E0
G1 F634.2 X184.619 Y101.555 E0
G1 F636.1 X184.609 Y101.554 E0
G1 F640 X184.599 Y101.554 E0
G1 F643.9 X184.589 Y101.553 E0
G1 F645.9 X184.579 Y101.552 E0
G1 F649.8 X184.569 Y101.551 E0
G1 F651.9 X184.559 Y101.551 E0
G1 F655.9 X184.549 Y101.55 E0
G1 F660 X184.539 Y101.549 E0
G1 F662.1 X184.529 Y101.548 E0
G1 F666.2 X184.519 Y101.547 E0
G1 F668.4 X184.509 Y101.547 E0
G1 F672.6 X184.499 Y101.546 E0
G1 F676.9 X184.489 Y101.545 E0
G1 F679.1 X184.479 Y101.544 E0
G1 F683.5 X184.469 Y101.543 E0
G1 F685.7 X184.459 Y101.543 E0
G1 F690.2 X184.449 Y101.542 E0
G1 F694.7 X184.439 Y101.541 E0
G1 F697 X184.429 Y101.54 E0
G1 F701.7 X184.419 Y101.539 E0
G1 F704 X184.409 Y101.539 E0
G1 F708.7 X184.399 Y101.538 E0
G1 F713.5 X184.389 Y101.537 E0
G1 F715.9 X184.379 Y101.536 E0
G1 F720.8 X184.369 Y101.536 E0
G1 F723.3 X184.359 Y101.535 E0
G1 F728.3 X184.349 Y101.534 E0
G1 F733.3 X184.339 Y101.533 E0
G1 F735.9 X184.321 Y101.532 E0.00001
G1 F738.5 X184.311 Y101.532 E0
G1 X184.301 Y101.531 E0
G1 F741.1 X184.291 Y101.531 E0
G1 F743.7 X184.281 Y101.531 E0
G1 X184.271 Y101.53 E0
G1 F746.3 X184.261 Y101.53 E0
G1 F748.9 X184.251 Y101.53 E0
G1 X184.241 Y101.529 E0
G1 F751.6 X184.231 Y101.529 E0
G1 F754.3 X184.221 Y101.529 E0
G1 X184.211 Y101.528 E0
G1 F757 X184.201 Y101.528 E0
G1 F759.7 X184.191 Y101.528 E0
G1 X184.181 Y101.527 E0
G1 F762.5 X184.171 Y101.527 E0
G1 F765.2 X184.161 Y101.527 E0
G1 X184.151 Y101.526 E0
G1 F768 X184.141 Y101.526 E0
G1 F770.8 X184.131 Y101.526 E0
G1 F773.6 X184.121 Y101.525 E0
G1 X184.111 Y101.525 E0
G1 F776.5 X184.101 Y101.525 E0
G1 F779.3 X184.091 Y101.524 E0
G1 X184.081 Y101.524 E0
G1 F782.2 X184.071 Y101.524 E0
G1 F785.1 X184.061 Y101.523 E0
G1 X184.051 Y101.523 E0
G1 F788.1 X184.041 Y101.523 E0
G1 F791 X184.031 Y101.522 E0
G1 X184.021 Y101.522 E0
G1 F794 X184.011 Y101.522 E0
G1 F797 X184.001 Y101.521 E0
G1 X183.991 Y101.521 E0
G1 F800 X183.981 Y101.521 E0
G1 F803 X183.971 Y101.52 E0
G1 F806.1 X183.961 Y101.52 E0
G1 X183.951 Y101.52 E0
G1 F809.2 X183.941 Y101.519 E0
G1 F812.3 X183.931 Y101.519 E0
G1 X183.921 Y101.519 E0
G1 F815.4 X183.911 Y101.518 E0
G1 F818.6 X183.901 Y101.518 E0
G1 X183.891 Y101.518 E0
G1 F821.8 X183.881 Y101.517 E0
G1 F825 X183.871 Y101.517 E0
G1 X183.861 Y101.517 E0
G1 F828.2 X183.851 Y101.516 E0
G1 F831.5 X183.841 Y101.516 E0
G1 X183.831 Y101.516 E0
G1 F834.8 X183.821 Y101.515 E0
G1 F838.1 X183.811 Y101.515 E0
G1 X183.801 Y101.515 E0
G1 F841.4 X183.791 Y101.514 E0
G1 F844.8 X183.781 Y101.514 E0
G1 F848.2 X183.771 Y101.513 E0
G1 X183.761 Y101.513 E0
G1 F851.6 X183.751 Y101.513 E0
G1 F855.1 X183.741 Y101.512 E0
G1 X183.731 Y101.512 E0
G1 F858.5 X183.721 Y101.512 E0
G1 F862 X183.711 Y101.511 E0
G1 X183.701 Y101.511 E0
G1 F865.6 X183.691 Y101.511 E0
G1 F869.1 X183.681 Y101.51 E0
G1 X183.671 Y101.51 E0
G1 F872.7 X183.661 Y101.51 E0
G1 F876.3 X183.651 Y101.509 E0
G1 X183.641 Y101.509 E0
G1 F880 X183.631 Y101.509 E0
G1 X182.032 Y101.508 E0.00048
G1 X182.022 Y101.508 E0
G1 X182.012 Y101.508 E0
G1 F876.3 X182.002 Y101.508 E0
G1 X181.992 Y101.508 E0
G1 F872.7 X181.982 Y101.508 E0
G1 X181.972 Y101.509 E0
G1 F869.1 X181.962 Y101.509 E0
G1 X181.952 Y101.509 E0
G1 X181.942 Y101.509 E0
G1 F865.6 X181.932 Y101.509 E0
G1 X181.922 Y101.51 E0
G1 F862 X181.912 Y101.51 E0
G1 X181.902 Y101.51 E0
G1 F858.5 X181.892 Y101.51 E0
G1 X181.882 Y101.51 E0
G1 F855.1 X181.872 Y101.511 E0
G1 X181.862 Y101.511 E0
G1 F851.6 X181.852 Y101.511 E0
G1 X181.842 Y101.511 E0
G1 F848.2 X181.832 Y101.511 E0
G1 X181.822 Y101.512 E0
G1 F844.8 X181.812 Y101.512 E0
G1 X181.802 Y101.512 E0
G1 X181.792 Y101.512 E0
G1 F841.4 X181.782 Y101.512 E0
G1 X181.772 Y101.513 E0
G1 F838.1 X181.762 Y101.513 E0
G1 X181.752 Y101.513 E0
G1 F834.8 X181.742 Y101.513 E0
G1 X181.732 Y101.513 E0
G1 F831.5 X181.722 Y101.514 E0
G1 X181.712 Y101.514 E0
G1 F828.2 X181.702 Y101.514 E0
G1 X181.692 Y101.514 E0
G1 F825 X181.682 Y101.514 E0
G1 X181.672 Y101.515 E0
G1 F821.8 X181.662 Y101.515 E0
G1 X181.652 Y101.515 E0
G1 X181.642 Y101.515 E0
G1 F818.6 X181.632 Y101.515 E0
G1 X181.622 Y101.516 E0
G1 F815.4 X181.612 Y101.516 E0
G1 X181.602 Y101.516 E0
G1 F812.3 X181.592 Y101.516 E0
G1 X181.582 Y101.516 E0
G1 F806.1 X181.564 Y101.518 E0.00001
G1 F794 X181.554 Y101.52 E0
G1 F785.1 X181.544 Y101.522 E0
G1 F773.6 X181.534 Y101.523 E0
G1 F765.2 X181.524 Y101.525 E0
G1 F754.3 X181.514 Y101.527 E0
G1 F746.3 X181.505 Y101.529 E0
G1 F735.9 X181.495 Y101.53 E0
G1 F728.3 X181.485 Y101.532 E0
G1 F718.4 X181.475 Y101.534 E0
G1 F711.1 X181.465 Y101.536 E0
G1 F701.7 X181.455 Y101.537 E0
G1 F694.7 X181.446 Y101.539 E0
G1 F687.9 X181.436 Y101.541 E0
G1 F679.1 X181.426 Y101.543 E0
G1 F672.6 X181.416 Y101.544 E0
G1 F664.2 X181.406 Y101.546 E0
G1 F657.9 X181.396 Y101.548 E0
G1 F649.8 X181.387 Y101.55 E0
G1 F643.9 X181.377 Y101.551 E0
G1 F636.1 X181.367 Y101.553 E0
G1 F630.4 X181.357 Y101.555 E0
G1 F623 X181.347 Y101.557 E0
G1 F617.5 X181.337 Y101.558 E0
G1 F610.4 X181.327 Y101.56 E0
G1 F606.9 X181.315 Y101.561 E0.00001
G1 F605.2 X181.305 Y101.561 E0
G1 X181.295 Y101.562 E0
G1 F603.4 X181.285 Y101.562 E0
G1 F601.7 X181.275 Y101.562 E0
G1 F600 X181.265 Y101.563 E0
G1 X181.255 Y101.563 E0
G1 F598.3 X181.245 Y101.564 E0
G1 F596.6 X181.235 Y101.564 E0
G1 X181.225 Y101.564 E0
G1 F594.9 X181.215 Y101.565 E0
G1 F593.3 X181.205 Y101.565 E0
G1 F591.6 X181.195 Y101.565 E0
G1 X181.185 Y101.566 E0
G1 F589.9 X181.175 Y101.566 E0
G1 F588.3 X181.165 Y101.567 E0
G1 F586.7 X181.155 Y101.567 E0
G1 X181.145 Y101.567 E0
G1 F585 X181.135 Y101.568 E0
G1 F583.4 X181.125 Y101.568 E0
G1 F581.8 X181.115 Y101.568 E0
G1 X181.105 Y101.569 E0
G1 F580.2 X181.095 Y101.569 E0
G1 F578.6 X181.085 Y101.57 E0
G1 X181.075 Y101.57 E0
G1 F577 X181.065 Y101.57 E0
G1 F575.5 X181.055 Y101.571 E0
G1 F573.9 X181.045 Y101.571 E0
G1 X181.035 Y101.572 E0
G1 F572.4 X181.025 Y101.572 E0
G1 F570.8 X181.015 Y101.572 E0
G1 F569.3 X181.005 Y101.573 E0
G1 X180.995 Y101.573 E0
G1 F567.7 X180.985 Y101.573 E0
G1 F566.2 X180.975 Y101.574 E0
G1 F564.7 X180.965 Y101.574 E0
G1 X180.955 Y101.575 E0
G1 F563.2 X180.945 Y101.575 E0
G1 F561.7 X180.935 Y101.575 E0
G1 X180.925 Y101.576 E0
G1 F560.2 X180.915 Y101.576 E0
G1 F558.7 X180.905 Y101.576 E0
G1 F557.3 X180.895 Y101.577 E0
G1 X180.885 Y101.577 E0
G1 F555.8 X180.875 Y101.578 E0
G1 F554.3 X180.865 Y101.578 E0
G1 F552.9 X180.855 Y101.578 E0
G1 X180.845 Y101.579 E0
G1 F551.4 X180.835 Y101.579 E0
G1 F550 X180.825 Y101.58 E0
G1 X180.815 Y101.58 E0
G1 F548.6 X180.805 Y101.58 E0
G1 F547.2 X180.795 Y101.581 E0
G1 F545.7 X180.785 Y101.581 E0
G1 X180.775 Y101.581 E0
G1 F544.3 X180.765 Y101.582 E0
G1 F542.9 X180.755 Y101.582 E0
G1 F541.5 X180.745 Y101.583 E0
G1 X180.735 Y101.583 E0
G1 F540.2 X180.725 Y101.583 E0
G1 F538.8 X180.715 Y101.584 E0
G1 F537.4 X180.705 Y101.584 E0
G1 X180.695 Y101.584 E0
G1 F536 X180.685 Y101.585 E0
G1 F534.7 X180.675 Y101.585 E0
G1 X180.665 Y101.586 E0
G1 F533.3 X180.655 Y101.586 E0
G1 F532 X180.645 Y101.586 E0
G1 F530.7 X180.635 Y101.587 E0
G1 X180.625 Y101.587 E0
G1 F529.3 X180.615 Y101.588 E0.00001
G1 F528 X173.148 Y101.588 E0.00373
G1 F529.3 X173.139 Y101.588 E0
G1 F532 X173.129 Y101.587 E0
G1 F534.7 X173.119 Y101.586 E0
G1 F536 X173.109 Y101.585 E0
G1 F538.8 X173.099 Y101.584 E0
G1 F540.2 X173.089 Y101.584 E0
G1 F542.9 X173.079 Y101.583 E0
G1 F545.7 X173.069 Y101.582 E0
G1 F547.2 X173.059 Y101.581 E0
G1 F550 X173.049 Y101.58 E0
G1 F551.4 X173.039 Y101.58 E0
G1 F554.3 X173.029 Y101.579 E0
G1 F557.3 X173.019 Y101.578 E0
G1 F558.7 X173.009 Y101.577 E0
G1 F561.7 X172.999 Y101.576 E0
G1 F564.7 X172.989 Y101.576 E0
G1 F566.2 X172.979 Y101.575 E0
G1 F569.3 X172.969 Y101.574 E0
G1 F570.8 X172.959 Y101.573 E0
G1 F573.9 X172.949 Y101.572 E0
G1 F577 X172.939 Y101.572 E0
G1 F578.6 X172.929 Y101.571 E0
G1 F581.8 X172.919 Y101.57 E0
G1 F583.4 X172.909 Y101.569 E0
G1 F586.7 X172.899 Y101.568 E0
G1 F589.9 X172.889 Y101.568 E0
G1 F591.6 X172.879 Y101.567 E0
G1 F594.9 X172.869 Y101.566 E0
G1 F598.3 X172.859 Y101.565 E0
G1 F600 X172.849 Y101.564 E0
G1 F603.4 X172.839 Y101.564 E0
G1 F605.2 X172.829 Y101.563 E0
G1 F608.6 X172.819 Y101.562 E0
G1 F612.2 X172.809 Y101.561 E0
G1 F614 X172.799 Y101.56 E0
G1 F617.5 X172.79 Y101.56 E0
G1 F619.4 X172.78 Y101.559 E0
G1 F623 X172.77 Y101.558 E0
G1 F626.7 X172.76 Y101.557 E0
G1 F628.6 X172.75 Y101.556 E0
G1 F632.3 X172.74 Y101.555 E0
G1 F634.2 X172.73 Y101.555 E0
G1 F638.1 X172.72 Y101.554 E0
G1 F641.9 X172.71 Y101.553 E0
G1 F643.9 X172.7 Y101.552 E0
G1 F647.9 X172.69 Y101.551 E0
G1 F651.9 X172.68 Y101.551 E0
G1 F653.9 X172.67 Y101.55 E0
G1 F657.9 X172.66 Y101.549 E0
G1 F660 X172.65 Y101.548 E0
G1 F664.2 X172.64 Y101.547 E0
G1 F668.4 X172.63 Y101.547 E0
G1 F670.5 X172.62 Y101.546 E0
G1 F674.8 X172.61 Y101.545 E0
G1 F676.9 X172.6 Y101.544 E0
G1 F681.3 X172.59 Y101.543 E0
G1 F685.7 X172.58 Y101.543 E0
G1 F687.9 X172.57 Y101.542 E0
G1 F692.5 X172.56 Y101.541 E0
G1 F697 X172.55 Y101.54 E0
G1 F699.3 X172.54 Y101.539 E0
G1 F704 X172.53 Y101.539 E0
G1 F706.4 X172.52 Y101.538 E0
G1 F711.1 X172.51 Y101.537 E0
G1 F715.9 X172.5 Y101.536 E0
G1 F718.4 X172.49 Y101.535 E0
G1 F723.3 X172.48 Y101.535 E0
G1 F725.8 X172.47 Y101.534 E0
G1 F730.8 X172.46 Y101.533 E0
G1 F735.9 X172.45 Y101.532 E0
G1 F738.5 X172.432 Y101.531 E0.00001
G1 F741.1 X172.422 Y101.531 E0
G1 X172.412 Y101.531 E0
G1 F743.7 X172.402 Y101.53 E0
G1 F746.3 X172.392 Y101.53 E0
G1 X172.382 Y101.53 E0
G1 F748.9 X172.372 Y101.529 E0
G1 F751.6 X172.362 Y101.529 E0
G1 X172.352 Y101.529 E0
G1 F754.3 X172.342 Y101.528 E0
G1 F757 X172.332 Y101.528 E0
G1 X172.322 Y101.528 E0
G1 F759.7 X172.312 Y101.527 E0
G1 F762.5 X172.302 Y101.527 E0
G1 X172.292 Y101.527 E0
G1 F765.2 X172.282 Y101.526 E0
G1 F768 X172.272 Y101.526 E0
G1 X172.262 Y101.526 E0
G1 F770.8 X172.252 Y101.525 E0
G1 F773.6 X172.242 Y101.525 E0
G1 X172.232 Y101.525 E0
G1 F776.5 X172.222 Y101.524 E0
G1 F779.3 X172.212 Y101.524 E0
G1 X172.202 Y101.524 E0
G1 F782.2 X172.192 Y101.523 E0
G1 F785.1 X172.182 Y101.523 E0
G1 X172.172 Y101.523 E0
G1 F788.1 X172.162 Y101.522 E0
G1 F791 X172.152 Y101.522 E0
G1 X172.142 Y101.522 E0
G1 F794 X172.132 Y101.521 E0
G1 F797 X172.122 Y101.521 E0
G1 X172.112 Y101.521 E0
G1 F800 X172.102 Y101.52 E0
G1 F803 X172.092 Y101.52 E0
G1 X172.082 Y101.52 E0
G1 F806.1 X172.072 Y101.519 E0
G1 F809.2 X172.062 Y101.519 E0
G1 X172.052 Y101.519 E0
G1 F812.3 X172.042 Y101.518 E0
G1 F815.4 X172.032 Y101.518 E0
G1 X172.022 Y101.518 E0
G1 F818.6 X172.012 Y101.517 E0
G1 F821.8 X172.002 Y101.517 E0
G1 X171.992 Y101.517 E0
G1 F825 X171.982 Y101.517 E0
G1 F828.2 X171.972 Y101.516 E0
G1 X171.962 Y101.516 E0
G1 F831.5 X171.952 Y101.516 E0
G1 F834.8 X171.942 Y101.515 E0
G1 X171.932 Y101.515 E0
G1 F838.1 X171.922 Y101.515 E0
G1 F841.4 X171.912 Y101.514 E0
G1 X171.902 Y101.514 E0
G1 F844.8 X171.892 Y101.514 E0
G1 F848.2 X171.882 Y101.513 E0
G1 X171.872 Y101.513 E0
G1 F851.6 X171.862 Y101.513 E0
G1 F855.1 X171.852 Y101.512 E0
G1 X171.842 Y101.512 E0
G1 F858.5 X171.832 Y101.512 E0
G1 F862 X171.822 Y101.511 E0
G1 X171.812 Y101.511 E0
G1 F865.6 X171.802 Y101.511 E0
G1 F869.1 X171.792 Y101.51 E0
G1 X171.782 Y101.51 E0
G1 F872.7 X171.772 Y101.51 E0
G1 F876.3 X171.762 Y101.509 E0
G1 X171.752 Y101.509 E0
G1 F880 X171.742 Y101.509 E0
G1 X170.144 Y101.508 E0.00048
G1 X170.134 Y101.508 E0
G1 X170.124 Y101.508 E0
G1 F876.3 X170.114 Y101.508 E0
G1 X170.104 Y101.508 E0
G1 F872.7 X170.094 Y101.508 E0
G1 X170.084 Y101.509 E0
G1 F869.1 X170.074 Y101.509 E0
G1 X170.064 Y101.509 E0
G1 X170.054 Y101.509 E0
G1 F865.6 X170.044 Y101.509 E0
G1 X170.034 Y101.51 E0
G1 F862 X170.024 Y101.51 E0
G1 X170.014 Y101.51 E0
G1 F858.5 X170.004 Y101.51 E0
G1 X169.994 Y101.51 E0
G1 F855.1 X169.984 Y101.511 E0
G1 X169.974 Y101.511 E0
G1 F851.6 X169.964 Y101.511 E0
G1 X169.954 Y101.511 E0
G1 F848.2 X169.944 Y101.511 E0
G1 X169.934 Y101.512 E0
G1 F844.8 X169.924 Y101.512 E0
G1 X169.914 Y101.512 E0
G1 X169.904 Y101.512 E0
G1 F841.4 X169.894 Y101.512 E0
G1 X169.884 Y101.513 E0
G1 F838.1 X169.874 Y101.513 E0
G1 X169.864 Y101.513 E0
G1 F834.8 X169.854 Y101.513 E0
G1 X169.844 Y101.513 E0
G1 F831.5 X169.834 Y101.514 E0
G1 X169.824 Y101.514 E0
G1 F828.2 X169.814 Y101.514 E0
G1 X169.804 Y101.514 E0
G1 F825 X169.794 Y101.514 E0
G1 X169.784 Y101.515 E0
G1 F821.8 X169.774 Y101.515 E0
G1 X169.764 Y101.515 E0
G1 X169.754 Y101.515 E0
G1 F818.6 X169.744 Y101.515 E0
G1 X169.734 Y101.516 E0
G1 F815.4 X169.724 Y101.516 E0
G1 X169.714 Y101.516 E0
G1 F812.3 X169.704 Y101.516 E0
G1 X169.694 Y101.516 E0
G1 F806.1 X169.676 Y101.518 E0.00001
G1 F794 X169.666 Y101.52 E0
G1 F785.1 X169.656 Y101.522 E0
G1 F773.6 X169.646 Y101.523 E0
G1 F765.2 X169.636 Y101.525 E0
G1 F754.3 X169.626 Y101.527 E0
G1 F746.3 X169.617 Y101.529 E0
G1 F735.9 X169.607 Y101.53 E0
G1 F728.3 X169.597 Y101.532 E0
G1 F718.4 X169.587 Y101.534 E0
G1 F711.1 X169.577 Y101.536 E0
G1 F701.7 X169.567 Y101.537 E0
G1 F694.7 X169.558 Y101.539 E0
G1 F687.9 X169.548 Y101.541 E0
G1 F679.1 X169.538 Y101.543 E0
G1 F672.6 X169.528 Y101.544 E0
G1 F664.2 X169.518 Y101.546 E0
G1 F657.9 X169.508 Y101.548 E0
G1 F649.8 X169.499 Y101.55 E0
G1 F643.9 X169.489 Y101.551 E0
G1 F636.1 X169.479 Y101.553 E0
G1 F630.4 X169.469 Y101.555 E0
G1 F623 X169.459 Y101.557 E0
G1 F617.5 X169.449 Y101.558 E0
G1 F610.4 X169.439 Y101.56 E0
G1 F606.9 X169.427 Y101.561 E0.00001
G1 F605.2 X169.417 Y101.561 E0
G1 X169.407 Y101.562 E0
G1 F603.4 X169.397 Y101.562 E0
G1 F601.7 X169.387 Y101.562 E0
G1 F600 X169.377 Y101.563 E0
G1 X169.367 Y101.563 E0
G1 F598.3 X169.357 Y101.564 E0
G1 F596.6 X169.347 Y101.564 E0
G1 F594.9 X169.337 Y101.564 E0
G1 X169.327 Y101.565 E0
G1 F593.3 X169.317 Y101.565 E0
G1 F591.6 X169.307 Y101.565 E0
G1 F589.9 X169.297 Y101.566 E0
G1 X169.287 Y101.566 E0
G1 F588.3 X169.277 Y101.567 E0
G1 F586.7 X169.267 Y101.567 E0
G1 F585 X169.257 Y101.567 E0
G1 X169.247 Y101.568 E0
G1 F583.4 X169.237 Y101.568 E0
G1 F581.8 X169.227 Y101.568 E0
G1 X169.217 Y101.569 E0
G1 F580.2 X169.207 Y101.569 E0
G1 F578.6 X169.197 Y101.57 E0
G1 F577 X169.187 Y101.57 E0
G1 X169.177 Y101.57 E0
G1 F575.5 X169.167 Y101.571 E0
G1 F573.9 X169.157 Y101.571 E0
G1 F572.4 X169.147 Y101.572 E0
G1 X169.137 Y101.572 E0
G1 F570.8 X169.127 Y101.572 E0
G1 F569.3 X169.117 Y101.573 E0
G1 F567.7 X169.107 Y101.573 E0
G1 X169.097 Y101.573 E0
G1 F566.2 X169.087 Y101.574 E0
G1 F564.7 X169.077 Y101.574 E0
G1 F563.2 X169.067 Y101.575 E0
G1 X169.057 Y101.575 E0
G1 F561.7 X169.047 Y101.575 E0
G1 F560.2 X169.037 Y101.576 E0
G1 F558.7 X169.027 Y101.576 E0
G1 X169.017 Y101.576 E0
G1 F557.3 X169.007 Y101.577 E0
G1 F555.8 X168.997 Y101.577 E0
G1 F554.3 X168.987 Y101.578 E0
G1 X168.977 Y101.578 E0
G1 F552.9 X168.967 Y101.578 E0
G1 F551.4 X168.957 Y101.579 E0
G1 F550 X168.947 Y101.579 E0
G1 X168.937 Y101.58 E0
G1 F548.6 X168.927 Y101.58 E0
G1 F547.2 X168.917 Y101.58 E0
G1 F545.7 X168.907 Y101.581 E0
G1 X168.897 Y101.581 E0
G1 F544.3 X168.887 Y101.581 E0
G1 F542.9 X168.877 Y101.582 E0
G1 X168.867 Y101.582 E0
G1 F541.5 X168.857 Y101.583 E0
G1 F540.2 X168.847 Y101.583 E0
G1 F538.8 X168.837 Y101.583 E0
G1 X168.827 Y101.584 E0
G1 F537.4 X168.817 Y101.584 E0
G1 F536 X168.807 Y101.584 E0
G1 F534.7 X168.797 Y101.585 E0
G1 X168.787 Y101.585 E0
G1 F533.3 X168.777 Y101.586 E0
G1 F532 X168.767 Y101.586 E0
G1 F530.7 X168.757 Y101.586 E0
G1 X168.747 Y101.587 E0
G1 F529.3 X168.737 Y101.587 E0
G1 F528 X161.262 Y101.588 E0.00373
G1 F529.3 X161.253 Y101.588 E0
G1 F532 X161.243 Y101.587 E0
G1 F533.3 X161.233 Y101.586 E0
G1 F536 X161.223 Y101.585 E0
G1 F538.8 X161.213 Y101.585 E0
G1 F540.2 X161.203 Y101.584 E0
G1 F542.9 X161.193 Y101.583 E0
G1 F544.3 X161.183 Y101.582 E0
G1 F547.2 X161.173 Y101.581 E0
G1 F550 X161.163 Y101.581 E0
G1 F551.4 X161.153 Y101.58 E0
G1 F554.3 X161.143 Y101.579 E0
G1 F555.8 X161.133 Y101.578 E0
G1 F558.7 X161.123 Y101.577 E0
G1 F561.7 X161.113 Y101.577 E0
G1 F563.2 X161.103 Y101.576 E0
G1 F566.2 X161.093 Y101.575 E0
G1 F567.7 X161.083 Y101.574 E0
G1 F570.8 X161.073 Y101.573 E0
G1 F573.9 X161.063 Y101.573 E0
G1 F575.5 X161.053 Y101.572 E0
G1 F578.6 X161.043 Y101.571 E0
G1 F580.2 X161.033 Y101.57 E0
G1 F583.4 X161.023 Y101.57 E0
G1 F586.7 X161.013 Y101.569 E0
G1 F588.3 X161.003 Y101.568 E0
G1 F591.6 X160.993 Y101.567 E0
G1 F593.3 X160.983 Y101.566 E0
G1 F596.6 X160.973 Y101.566 E0
G1 F600 X160.963 Y101.565 E0
G1 F601.7 X160.953 Y101.564 E0
G1 F605.2 X160.943 Y101.563 E0
G1 F606.9 X160.933 Y101.562 E0
G1 F610.4 X160.923 Y101.562 E0
G1 F614 X160.913 Y101.561 E0
G1 F615.7 X160.904 Y101.56 E0
G1 F619.4 X160.894 Y101.559 E0
G1 F621.2 X160.884 Y101.558 E0
G1 F624.9 X160.874 Y101.558 E0
G1 F628.6 X160.864 Y101.557 E0
G1 F630.4 X160.854 Y101.556 E0
G1 F634.2 X160.844 Y101.555 E0
G1 F636.1 X160.834 Y101.555 E0
G1 F640 X160.824 Y101.554 E0
G1 F643.9 X160.814 Y101.553 E0
G1 F645.9 X160.804 Y101.552 E0
G1 F649.8 X160.794 Y101.551 E0
G1 F651.9 X160.784 Y101.551 E0
G1 F655.9 X160.774 Y101.55 E0
G1 F660 X160.764 Y101.549 E0
G1 F662.1 X160.754 Y101.548 E0
G1 F666.2 X160.744 Y101.547 E0
G1 F668.4 X160.734 Y101.547 E0
G1 F672.6 X160.724 Y101.546 E0
G1 F676.9 X160.714 Y101.545 E0
G1 F679.1 X160.704 Y101.544 E0
G1 F683.5 X160.694 Y101.543 E0
G1 F685.7 X160.684 Y101.543 E0
G1 F690.2 X160.674 Y101.542 E0
G1 F694.7 X160.664 Y101.541 E0
G1 F697 X160.654 Y101.54 E0
G1 F701.7 X160.644 Y101.54 E0
G1 F704 X160.634 Y101.539 E0
G1 F708.7 X160.624 Y101.538 E0
G1 F713.5 X160.614 Y101.537 E0
G1 F715.9 X160.604 Y101.536 E0
G1 F720.8 X160.594 Y101.536 E0
G1 F723.3 X160.584 Y101.535 E0
G1 F728.3 X160.574 Y101.534 E0
G1 F733.3 X160.564 Y101.533 E0
G1 F735.9 X160.545 Y101.532 E0.00001
G1 F738.5 X160.535 Y101.532 E0
G1 X160.525 Y101.531 E0
G1 F741.1 X160.515 Y101.531 E0
G1 F743.7 X160.505 Y101.531 E0
G1 X160.495 Y101.53 E0
G1 F746.3 X160.485 Y101.53 E0
G1 F748.9 X160.475 Y101.53 E0
G1 X160.465 Y101.529 E0
G1 F751.6 X160.455 Y101.529 E0
G1 F754.3 X160.445 Y101.529 E0
G1 X160.435 Y101.528 E0
G1 F757 X160.425 Y101.528 E0
G1 F759.7 X160.415 Y101.528 E0
G1 X160.405 Y101.527 E0
G1 F762.5 X160.395 Y101.527 E0
G1 F765.2 X160.385 Y101.527 E0
G1 X160.375 Y101.526 E0
G1 F768 X160.365 Y101.526 E0
G1 F770.8 X160.355 Y101.526 E0
G1 F773.6 X160.345 Y101.525 E0
G1 X160.335 Y101.525 E0
G1 F776.5 X160.325 Y101.525 E0
G1 F779.3 X160.315 Y101.524 E0
G1 X160.305 Y101.524 E0
G1 F782.2 X160.295 Y101.524 E0
G1 F785.1 X160.285 Y101.523 E0
G1 X160.275 Y101.523 E0
G1 F788.1 X160.265 Y101.523 E0
G1 F791 X160.255 Y101.522 E0
G1 X160.245 Y101.522 E0
G1 F794 X160.235 Y101.522 E0
G1 F797 X160.225 Y101.521 E0
G1 X160.215 Y101.521 E0
G1 F800 X160.205 Y101.521 E0
G1 F803 X160.195 Y101.52 E0
G1 F806.1 X160.185 Y101.52 E0
G1 X160.175 Y101.52 E0
G1 F809.2 X160.165 Y101.519 E0
G1 F812.3 X160.155 Y101.519 E0
G1 X160.145 Y101.519 E0
G1 F815.4 X160.135 Y101.518 E0
G1 F818.6 X160.125 Y101.518 E0
G1 X160.115 Y101.518 E0
G1 F821.8 X160.105 Y101.517 E0
G1 F825 X160.095 Y101.517 E0
G1 X160.085 Y101.517 E0
G1 F828.2 X160.075 Y101.516 E0
G1 F831.5 X160.065 Y101.516 E0
G1 X160.055 Y101.516 E0
G1 F834.8 X160.045 Y101.515 E0
G1 F838.1 X160.035 Y101.515 E0
G1 X160.025 Y101.515 E0
G1 F841.4 X160.015 Y101.514 E0
G1 F844.8 X160.005 Y101.514 E0
G1 F848.2 X159.995 Y101.513 E0
G1 X159.985 Y101.513 E0
G1 F851.6 X159.975 Y101.513 E0
G1 F855.1 X159.965 Y101.512 E0
G1 X159.955 Y101.512 E0
G1 F858.5 X159.945 Y101.512 E0
G1 F862 X159.935 Y101.511 E0
G1 X159.925 Y101.511 E0
G1 F865.6 X159.915 Y101.511 E0
G1 F869.1 X159.905 Y101.51 E0
G1 X159.895 Y101.51 E0
G1 F872.7 X159.885 Y101.51 E0
G1 F876.3 X159.875 Y101.509 E0
G1 X159.865 Y101.509 E0
G1 F880 X159.855 Y101.509 E0
G1 X158.256 Y101.508 E0.00048
G1 X158.246 Y101.508 E0
G1 X158.236 Y101.508 E0
G1 F876.3 X158.226 Y101.508 E0
G1 X158.216 Y101.508 E0
G1 F872.7 X158.206 Y101.508 E0
G1 X158.196 Y101.509 E0
G1 F869.1 X158.186 Y101.509 E0
G1 X158.176 Y101.509 E0
G1 X158.166 Y101.509 E0
G1 F865.6 X158.156 Y101.509 E0
G1 X158.146 Y101.51 E0
G1 F862 X158.136 Y101.51 E0
G1 X158.126 Y101.51 E0
G1 F858.5 X158.116 Y101.51 E0
G1 X158.106 Y101.51 E0
G1 F855.1 X158.096 Y101.511 E0
G1 X158.086 Y101.511 E0
G1 F851.6 X158.076 Y101.511 E0
G1 X158.066 Y101.511 E0
G1 F848.2 X158.056 Y101.511 E0
G1 X158.046 Y101.512 E0
G1 F844.8 X158.036 Y101.512 E0
G1 X158.026 Y101.512 E0
G1 X158.016 Y101.512 E0
G1 F841.4 X158.006 Y101.512 E0
G1 X157.996 Y101.513 E0
G1 F838.1 X157.986 Y101.513 E0
G1 X157.976 Y101.513 E0
G1 F834.8 X157.966 Y101.513 E0
G1 X157.956 Y101.513 E0
G1 F831.5 X157.946 Y101.514 E0
G1 X157.936 Y101.514 E0
G1 F828.2 X157.926 Y101.514 E0
G1 X157.916 Y101.514 E0
G1 F825 X157.906 Y101.514 E0
G1 X157.896 Y101.515 E0
G1 F821.8 X157.886 Y101.515 E0
G1 X157.876 Y101.515 E0
G1 X157.866 Y101.515 E0
G1 F818.6 X157.856 Y101.515 E0
G1 X157.846 Y101.516 E0
G1 F815.4 X157.836 Y101.516 E0
G1 X157.826 Y101.516 E0
G1 F812.3 X157.816 Y101.516 E0
G1 X157.806 Y101.516 E0
G1 F806.1 X157.788 Y101.518 E0.00001
G1 F794 X157.778 Y101.52 E0
G1 F785.1 X157.768 Y101.522 E0
G1 F773.6 X157.758 Y101.523 E0
G1 F765.2 X157.748 Y101.525 E0
G1 F754.3 X157.738 Y101.527 E0
G1 F746.3 X157.729 Y101.529 E0
G1 F735.9 X157.719 Y101.53 E0
G1 F728.3 X157.709 Y101.532 E0
G1 F718.4 X157.699 Y101.534 E0
G1 F711.1 X157.689 Y101.536 E0
G1 F701.7 X157.679 Y101.537 E0
G1 F694.7 X157.67 Y101.539 E0
G1 F687.9 X157.66 Y101.541 E0
G1 F679.1 X157.65 Y101.543 E0
G1 F672.6 X157.64 Y101.544 E0
G1 F664.2 X157.63 Y101.546 E0
G1 F657.9 X157.62 Y101.548 E0
G1 F649.8 X157.611 Y101.55 E0
G1 F643.9 X157.601 Y101.551 E0
G1 F636.1 X157.591 Y101.553 E0
G1 F630.4 X157.581 Y101.555 E0
G1 F623 X157.571 Y101.557 E0
G1 F617.5 X157.561 Y101.558 E0
G1 F610.4 X157.551 Y101.56 E0
G1 F606.9 X157.539 Y101.561 E0.00001
G1 F605.2 X157.529 Y101.561 E0
G1 X157.519 Y101.562 E0
G1 F603.4 X157.509 Y101.562 E0
G1 F601.7 X157.499 Y101.562 E0
G1 F600 X157.489 Y101.563 E0
G1 X157.479 Y101.563 E0
G1 F598.3 X157.469 Y101.564 E0
G1 F596.6 X157.459 Y101.564 E0
G1 F594.9 X157.449 Y101.564 E0
G1 X157.439 Y101.565 E0
G1 F593.3 X157.429 Y101.565 E0
G1 F591.6 X157.419 Y101.565 E0
G1 F589.9 X157.409 Y101.566 E0
G1 X157.399 Y101.566 E0
G1 F588.3 X157.389 Y101.567 E0
G1 F586.7 X157.379 Y101.567 E0
G1 F585 X157.369 Y101.567 E0
G1 X157.359 Y101.568 E0
G1 F583.4 X157.349 Y101.568 E0
G1 F581.8 X157.339 Y101.568 E0
G1 X157.329 Y101.569 E0
G1 F580.2 X157.319 Y101.569 E0
G1 F578.6 X157.309 Y101.57 E0
G1 F577 X157.299 Y101.57 E0
G1 X157.289 Y101.57 E0
G1 F575.5 X157.279 Y101.571 E0
G1 F573.9 X157.269 Y101.571 E0
G1 F572.4 X157.259 Y101.572 E0
G1 X157.249 Y101.572 E0
G1 F570.8 X157.239 Y101.572 E0
G1 F569.3 X157.229 Y101.573 E0
G1 F567.7 X157.219 Y101.573 E0
G1 X157.209 Y101.573 E0
G1 F566.2 X157.199 Y101.574 E0
G1 F564.7 X157.189 Y101.574 E0
G1 F563.2 X157.179 Y101.575 E0
G1 X157.169 Y101.575 E0
G1 F561.7 X157.159 Y101.575 E0
G1 F560.2 X157.149 Y101.576 E0
G1 F558.7 X157.139 Y101.576 E0
G1 X157.129 Y101.576 E0
G1 F557.3 X157.119 Y101.577 E0
G1 F555.8 X157.109 Y101.577 E0
G1 F554.3 X157.099 Y101.578 E0
G1 X157.089 Y101.578 E0
G1 F552.9 X157.079 Y101.578 E0
G1 F551.4 X157.069 Y101.579 E0
G1 F550 X157.059 Y101.579 E0
G1 X157.049 Y101.58 E0
G1 F548.6 X157.039 Y101.58 E0
G1 F547.2 X157.029 Y101.58 E0
G1 F545.7 X157.019 Y101.581 E0
G1 X157.009 Y101.581 E0
G1 F544.3 X156.999 Y101.581 E0
G1 F542.9 X156.989 Y101.582 E0
G1 X156.979 Y101.582 E0
G1 F541.5 X156.969 Y101.583 E0
G1 F540.2 X156.959 Y101.583 E0
G1 F538.8 X156.949 Y101.583 E0
G1 X156.939 Y101.584 E0
G1 F537.4 X156.929 Y101.584 E0
G1 F536 X156.919 Y101.584 E0
G1 F534.7 X156.909 Y101.585 E0
G1 X156.899 Y101.585 E0
G1 F533.3 X156.889 Y101.586 E0
G1 F532 X156.879 Y101.586 E0
G1 F530.7 X156.869 Y101.586 E0
G1 X156.859 Y101.587 E0
G1 F529.3 X156.849 Y101.587 E0
G1 F528 X149.377 Y101.588 E0.00373
G1 F529.3 X149.368 Y101.588 E0
G1 F532 X149.358 Y101.587 E0
G1 F533.3 X149.348 Y101.586 E0
G1 F536 X149.338 Y101.585 E0
G1 F538.8 X149.328 Y101.585 E0
G1 F540.2 X149.318 Y101.584 E0
G1 F542.9 X149.308 Y101.583 E0
G1 F544.3 X149.298 Y101.582 E0
G1 F547.2 X149.288 Y101.581 E0
G1 F550 X149.278 Y101.581 E0
G1 F551.4 X149.268 Y101.58 E0
G1 F554.3 X149.258 Y101.579 E0
G1 F555.8 X149.248 Y101.578 E0
G1 F558.7 X149.238 Y101.577 E0
G1 F561.7 X149.228 Y101.577 E0
G1 F563.2 X149.218 Y101.576 E0
G1 F566.2 X149.208 Y101.575 E0
G1 F567.7 X149.198 Y101.574 E0
G1 F570.8 X149.188 Y101.573 E0
G1 F573.9 X149.178 Y101.573 E0
G1 F575.5 X149.168 Y101.572 E0
G1 F578.6 X149.158 Y101.571 E0
G1 F580.2 X149.148 Y101.57 E0
G1 F583.4 X149.138 Y101.57 E0
G1 F586.7 X149.128 Y101.569 E0
G1 F588.3 X149.118 Y101.568 E0
G1 F591.6 X149.108 Y101.567 E0
G1 F593.3 X149.098 Y101.566 E0
G1 F596.6 X149.088 Y101.566 E0
G1 F600 X149.078 Y101.565 E0
G1 F601.7 X149.068 Y101.564 E0
G1 F605.2 X149.058 Y101.563 E0
G1 F606.9 X149.048 Y101.562 E0
G1 F610.4 X149.038 Y101.562 E0
G1 F614 X149.028 Y101.561 E0
G1 F615.7 X149.019 Y101.56 E0
G1 F619.4 X149.009 Y101.559 E0
G1 F621.2 X148.999 Y101.558 E0
G1 F624.9 X148.989 Y101.558 E0
G1 F628.6 X148.979 Y101.557 E0
G1 F630.4 X148.969 Y101.556 E0
G1 F634.2 X148.959 Y101.555 E0
G1 F636.1 X148.949 Y101.554 E0
G1 F640 X148.939 Y101.554 E0
G1 F643.9 X148.929 Y101.553 E0
G1 F645.9 X148.919 Y101.552 E0
G1 F649.8 X148.909 Y101.551 E0
G1 F651.9 X148.899 Y101.551 E0
G1 F655.9 X148.889 Y101.55 E0
G1 F660 X148.879 Y101.549 E0
G1 F662.1 X148.869 Y101.548 E0
G1 F666.2 X148.859 Y101.547 E0
G1 F668.4 X148.849 Y101.547 E0
G1 F672.6 X148.839 Y101.546 E0
G1 F676.9 X148.829 Y101.545 E0
G1 F679.1 X148.819 Y101.544 E0
G1 F683.5 X148.809 Y101.543 E0
G1 F685.7 X148.799 Y101.543 E0
G1 F690.2 X148.789 Y101.542 E0
G1 F694.7 X148.779 Y101.541 E0
G1 F697 X148.769 Y101.54 E0
G1 F701.7 X148.759 Y101.539 E0
G1 F704 X148.749 Y101.539 E0
G1 F708.7 X148.739 Y101.538 E0
G1 F713.5 X148.729 Y101.537 E0
G1 F715.9 X148.719 Y101.536 E0
G1 F720.8 X148.709 Y101.536 E0
G1 F723.3 X148.699 Y101.535 E0
G1 F728.3 X148.689 Y101.534 E0
G1 F733.3 X148.679 Y101.533 E0
G1 F735.9 X148.661 Y101.532 E0.00001
G1 F738.5 X148.651 Y101.532 E0
G1 X148.641 Y101.531 E0
G1 F741.1 X148.631 Y101.531 E0
G1 F743.7 X148.621 Y101.531 E0
G1 X148.611 Y101.53 E0
G1 F746.3 X148.601 Y101.53 E0
G1 F748.9 X148.591 Y101.53 E0
G1 X148.581 Y101.529 E0
G1 F751.6 X148.571 Y101.529 E0
G1 F754.3 X148.561 Y101.529 E0
G1 X148.551 Y101.528 E0
G1 F757 X148.541 Y101.528 E0
G1 F759.7 X148.531 Y101.528 E0
G1 X148.521 Y101.527 E0
G1 F762.5 X148.511 Y101.527 E0
G1 F765.2 X148.501 Y101.527 E0
G1 X148.491 Y101.526 E0
G1 F768 X148.481 Y101.526 E0
G1 F770.8 X148.471 Y101.526 E0
G1 F773.6 X148.461 Y101.525 E0
G1 X148.451 Y101.525 E0
G1 F776.5 X148.441 Y101.525 E0
G1 F779.3 X148.431 Y101.524 E0
G1 X148.421 Y101.524 E0
G1 F782.2 X148.411 Y101.524 E0
G1 F785.1 X148.401 Y101.523 E0
G1 X148.391 Y101.523 E0
G1 F788.1 X148.381 Y101.523 E0
G1 F791 X148.371 Y101.522 E0
G1 X148.361 Y101.522 E0
G1 F794 X148.351 Y101.522 E0
G1 F797 X148.341 Y101.521 E0
G1 X148.331 Y101.521 E0
G1 F800 X148.321 Y101.521 E0
G1 F803 X148.311 Y101.52 E0
G1 F806.1 X148.301 Y101.52 E0
G1 X148.291 Y101.52 E0
G1 F809.2 X148.281 Y101.519 E0
G1 F812.3 X148.271 Y101.519 E0
G1 X148.261 Y101.519 E0
G1 F815.4 X148.251 Y101.518 E0
G1 F818.6 X148.241 Y101.518 E0
G1 X148.231 Y101.518 E0
G1 F821.8 X148.221 Y101.517 E0
G1 F825 X148.211 Y101.517 E0
G1 X148.201 Y101.517 E0
G1 F828.2 X148.191 Y101.516 E0
G1 F831.5 X148.181 Y101.516 E0
G1 X148.171 Y101.516 E0
G1 F834.8 X148.161 Y101.515 E0
G1 F838.1 X148.151 Y101.515 E0
G1 X148.141 Y101.515 E0
G1 F841.4 X148.131 Y101.514 E0
G1 F844.8 X148.121 Y101.514 E0
G1 F848.2 X148.111 Y101.513 E0
G1 X148.101 Y101.513 E0
G1 F851.6 X148.091 Y101.513 E0
G1 F855.1 X148.081 Y101.512 E0
G1 X148.071 Y101.512 E0
G1 F858.5 X148.061 Y101.512 E0
G1 F862 X148.051 Y101.511 E0
G1 X148.041 Y101.511 E0
G1 F865.6 X148.031 Y101.511 E0
G1 F869.1 X148.021 Y101.51 E0
G1 X148.011 Y101.51 E0
G1 F872.7 X148.001 Y101.51 E0
G1 F876.3 X147.991 Y101.509 E0
G1 X147.981 Y101.509 E0
G1 F880 X147.971 Y101.509 E0
G1 X146.372 Y101.508 E0.00048
G1 X146.362 Y101.508 E0
G1 X146.352 Y101.508 E0
G1 F876.3 X146.342 Y101.508 E0
G1 X146.332 Y101.508 E0
G1 F872.7 X146.322 Y101.508 E0
G1 X146.312 Y101.509 E0
G1 F869.1 X146.302 Y101.509 E0
G1 X146.292 Y101.509 E0
G1 X146.282 Y101.509 E0
G1 F865.6 X146.272 Y101.509 E0
G1 X146.262 Y101.51 E0
G1 F862 X146.252 Y101.51 E0
G1 X146.242 Y101.51 E0
G1 F858.5 X146.232 Y101.51 E0
G1 X146.222 Y101.51 E0
G1 F855.1 X146.212 Y101.511 E0
G1 X146.202 Y101.511 E0
G1 F851.6 X146.192 Y101.511 E0
G1 X146.182 Y101.511 E0
G1 F848.2 X146.172 Y101.511 E0
G1 X146.162 Y101.512 E0
G1 F844.8 X146.152 Y101.512 E0
G1 X146.142 Y101.512 E0
G1 X146.132 Y101.512 E0
G1 F841.4 X146.122 Y101.512 E0
G1 X146.112 Y101.513 E0
G1 F838.1 X146.102 Y101.513 E0
G1 X146.092 Y101.513 E0
G1 F834.8 X146.082 Y101.513 E0
G1 X146.072 Y101.513 E0
G1 F831.5 X146.062 Y101.514 E0
G1 X146.052 Y101.514 E0
G1 F828.2 X146.042 Y101.514 E0
G1 X146.032 Y101.514 E0
G1 F825 X146.022 Y101.514 E0
G1 X146.012 Y101.515 E0
G1 F821.8 X146.002 Y101.515 E0
G1 X145.992 Y101.515 E0
G1 X145.982 Y101.515 E0
G1 F818.6 X145.972 Y101.515 E0
G1 X145.962 Y101.516 E0
G1 F815.4 X145.952 Y101.516 E0
G1 X145.942 Y101.516 E0
G1 F812.3 X145.932 Y101.516 E0
G1 X145.922 Y101.516 E0
G1 F806.1 X145.904 Y101.518 E0.00001
G1 F794 X145.894 Y101.52 E0
G1 F785.1 X145.884 Y101.522 E0
G1 F773.6 X145.874 Y101.523 E0
G1 F765.2 X145.864 Y101.525 E0
G1 F757 X145.854 Y101.527 E0
G1 F746.3 X145.845 Y101.529 E0
G1 F738.5 X145.835 Y101.53 E0
G1 F728.3 X145.825 Y101.532 E0
G1 F720.8 X145.815 Y101.534 E0
G1 F711.1 X145.805 Y101.536 E0
G1 F704 X145.795 Y101.537 E0
G1 F694.7 X145.786 Y101.539 E0
G1 F687.9 X145.776 Y101.541 E0
G1 F681.3 X145.766 Y101.543 E0
G1 F672.6 X145.756 Y101.544 E0
G1 F666.2 X145.746 Y101.546 E0
G1 F657.9 X145.736 Y101.548 E0
G1 F651.9 X145.727 Y101.55 E0
G1 F643.9 X145.717 Y101.551 E0
G1 F638.1 X145.707 Y101.553 E0
G1 F632.3 X145.697 Y101.555 E0
G1 F624.9 X145.687 Y101.557 E0
G1 F619.4 X145.677 Y101.558 E0
G1 F612.2 X145.667 Y101.56 E0
G1 F608.6 X145.656 Y101.561 E0
G1 F606.9 X145.646 Y101.561 E0
G1 X145.636 Y101.562 E0
G1 F605.2 X145.626 Y101.562 E0
G1 F603.4 X145.616 Y101.562 E0
G1 F601.7 X145.606 Y101.563 E0
G1 X145.596 Y101.563 E0
G1 F600 X145.586 Y101.564 E0
G1 F598.3 X145.576 Y101.564 E0
G1 F596.6 X145.566 Y101.564 E0
G1 X145.556 Y101.565 E0
G1 F594.9 X145.546 Y101.565 E0
G1 F593.3 X145.536 Y101.565 E0
G1 F591.6 X145.526 Y101.566 E0
G1 X145.516 Y101.566 E0
G1 F589.9 X145.506 Y101.567 E0
G1 F588.3 X145.496 Y101.567 E0
G1 F586.7 X145.486 Y101.567 E0
G1 F585 X145.476 Y101.568 E0
G1 X145.466 Y101.568 E0
G1 F583.4 X145.456 Y101.569 E0
G1 F581.8 X145.446 Y101.569 E0
G1 F580.2 X145.436 Y101.569 E0
G1 X145.426 Y101.57 E0
G1 F578.6 X145.416 Y101.57 E0
G1 F577 X145.406 Y101.57 E0
G1 F575.5 X145.396 Y101.571 E0
G1 X145.386 Y101.571 E0
G1 F573.9 X145.376 Y101.572 E0
G1 F572.4 X145.366 Y101.572 E0
G1 F570.8 X145.356 Y101.572 E0
G1 X145.346 Y101.573 E0
G1 F569.3 X145.336 Y101.573 E0
G1 F567.7 X145.326 Y101.573 E0
G1 F566.2 X145.316 Y101.574 E0
G1 X145.306 Y101.574 E0
G1 F564.7 X145.296 Y101.575 E0
G1 F563.2 X145.286 Y101.575 E0
G1 F561.7 X145.276 Y101.575 E0
G1 X145.266 Y101.576 E0
G1 F560.2 X145.256 Y101.576 E0
G1 F558.7 X145.246 Y101.577 E0
G1 F557.3 X145.236 Y101.577 E0
G1 X145.226 Y101.577 E0
G1 F555.8 X145.216 Y101.578 E0
G1 F554.3 X145.206 Y101.578 E0
G1 F552.9 X145.196 Y101.578 E0
G1 X145.186 Y101.579 E0
G1 F551.4 X145.176 Y101.579 E0
G1 F550 X145.166 Y101.58 E0
G1 F548.6 X145.156 Y101.58 E0
G1 X145.146 Y101.58 E0
G1 F547.2 X145.136 Y101.581 E0
G1 F545.7 X145.126 Y101.581 E0
G1 F544.3 X145.116 Y101.581 E0
G1 F542.9 X145.106 Y101.582 E0
G1 X145.096 Y101.582 E0
G1 F541.5 X145.086 Y101.583 E0
G1 F540.2 X145.076 Y101.583 E0
G1 F538.8 X145.066 Y101.583 E0
G1 X145.056 Y101.584 E0
G1 F537.4 X145.046 Y101.584 E0
G1 F536 X145.036 Y101.585 E0
G1 F534.7 X145.026 Y101.585 E0
G1 X145.016 Y101.585 E0
G1 F533.3 X145.006 Y101.586 E0
G1 F532 X144.996 Y101.586 E0
G1 F530.7 X144.986 Y101.586 E0
G1 X144.976 Y101.587 E0
G1 F529.3 X144.966 Y101.587 E0
G1 F528 X143.864 Y101.588 E0.00055
G1 X143.865 Y102.713 E0.00056
G0 F24000 X148.083 Y103.83
G0 X152.46 Y106.378
G0 X152.804 Y106.799
G0 X152.97 Y107.394
G0 X152.957 Y112.737
G0 X152.844 Y113.119
G0 X152.525 Y113.565
G0 X147.611 Y116.411
G0 X143.865 Y117.282
G1 F528 X143.865 Y118.407 E0.00056
G1 X145.916 Y118.407 E0.00102
G1 X145.465 Y118.205 E0.00025
G1 X143.865 Y117.282 E0.00092
G0 F24000 X148.408 Y118.408
G1 F528 X157.813 Y118.407 E0.00469
G1 X157.358 Y118.206 E0.00025
G1 X153.111 Y115.76 E0.00245
G1 X148.871 Y118.205 E0.00244
G1 X148.408 Y118.408 E0.00025
G0 F24000 X160.317 Y118.407
G1 F528 X169.68 Y118.406 E0.00467
G1 X169.232 Y118.204 E0.00025
G1 X164.994 Y115.759 E0.00244
G1 X160.826 Y118.171 E0.0024
G1 X160.527 Y118.319 E0.00017
G1 X160.317 Y118.407 E0.00011
G0 F24000 X172.182 Y118.408
G1 F528 X181.576 Y118.407 E0.00469
G1 X181.113 Y118.197 E0.00025
G1 X176.886 Y115.76 E0.00243
G1 X172.738 Y118.159 E0.00239
G1 X172.412 Y118.323 E0.00018
G1 X172.182 Y118.408 E0.00012
G0 F24000 X184.087 Y118.408
G1 F528 X186.132 Y118.408 E0.00102
G1 X186.132 Y117.281 E0.00056
G1 X184.532 Y118.204 E0.00092
G1 X184.087 Y118.408 E0.00024
G0 F24000 X186.532 Y116.588
G1 F528 X184.332 Y117.858 E0.00127
G1 X184.005 Y118.013 E0.00018
G1 X183.909 Y118.048 E0.00005
G1 X183.9 Y118.051 E0
G1 F526.7 X183.891 Y118.054 E0
G1 X183.881 Y118.058 E0.00001
G1 F525.4 X183.872 Y118.061 E0
G1 F524.1 X183.862 Y118.064 E0.00001
G1 F522.8 X183.853 Y118.068 E0
G1 F521.5 X183.843 Y118.071 E0.00001
G1 X183.834 Y118.074 E0
G1 F520.2 X183.825 Y118.078 E0
G1 F518.9 X183.815 Y118.081 E0.00001
G1 F517.6 X183.806 Y118.084 E0
G1 F516.4 X183.796 Y118.088 E0.00001
G1 X183.787 Y118.091 E0
G1 F515.1 X183.777 Y118.094 E0.00001
G1 F513.9 X183.768 Y118.098 E0.00001
G1 F512.6 X183.758 Y118.101 E0.00001
G1 F511.4 X183.749 Y118.104 E0
G1 X183.74 Y118.108 E0.00001
G1 F510.1 X183.73 Y118.111 E0.00001
G1 F508.9 X183.721 Y118.114 E0
G1 F507.7 X183.711 Y118.118 E0.00001
G1 F506.5 X183.702 Y118.121 E0
G1 X183.692 Y118.124 E0.00001
G1 F505.3 X183.683 Y118.128 E0.00001
G1 F502.9 X183.662 Y118.136 E0.00001
G1 F499.3 X183.652 Y118.14 E0.00001
G1 F495.8 X183.642 Y118.144 E0.00001
G1 F492.3 X183.632 Y118.148 E0.00001
G1 F488.9 X183.622 Y118.152 E0.00001
G1 F485.5 X183.611 Y118.156 E0.00001
G1 F482.2 X183.601 Y118.16 E0.00001
G1 F480 X183.591 Y118.165 E0.00001
G1 F476.7 X183.581 Y118.169 E0.00001
G1 F473.5 X183.571 Y118.173 E0.00001
G1 F470.4 X183.56 Y118.177 E0.00001
G1 F467.3 X183.55 Y118.181 E0.00001
G1 F464.2 X183.54 Y118.185 E0.00001
G1 F461.1 X183.53 Y118.189 E0.00001
G1 F458.1 X183.525 Y118.191 E0
G1 F455.2 X183.516 Y118.195 E0.00001
G1 F451.3 X183.507 Y118.198 E0.00001
G1 F448.4 X183.497 Y118.202 E0.00001
G1 F445.6 X183.488 Y118.205 E0.00001
G1 F442.8 X183.479 Y118.209 E0.00001
G1 F439.1 X183.469 Y118.212 E0.00001
G1 F436.4 X183.46 Y118.216 E0.00001
G1 F433.7 X183.451 Y118.219 E0.00001
G1 F431 X183.441 Y118.223 E0.00001
G1 F427.5 X183.432 Y118.226 E0.00001
G1 F424.9 X183.423 Y118.23 E0.00001
G1 F422.4 X183.413 Y118.233 E0.00001
G1 F419.9 X183.404 Y118.237 E0.00001
G1 F416.6 X183.395 Y118.241 E0.00001
G1 F414.1 X183.385 Y118.244 E0.00001
G1 F413.3 X183.368 Y118.247 E0.00001
G1 F414.1 X183.354 Y118.248 E0.00001
G1 F414.9 X183.34 Y118.25 E0.00001
G1 F415.7 X183.326 Y118.251 E0.00001
G1 F416.6 X183.312 Y118.253 E0.00001
G1 F417.4 X183.298 Y118.254 E0.00001
G1 F418.2 X183.284 Y118.255 E0.00001
G1 F419.9 X183.27 Y118.257 E0.00001
G1 F420.7 X183.256 Y118.258 E0.00001
G1 F421.6 X183.242 Y118.26 E0.00001
G1 F422.4 X183.228 Y118.261 E0.00001
G1 F423.2 X183.214 Y118.262 E0.00001
G1 F424.1 X183.201 Y118.264 E0.00001
G1 F424.9 X183.17 Y118.266 E0.00002
G1 F425.8 X183.138 Y118.268 E0.00002
G1 F427.5 X183.106 Y118.27 E0.00002
G1 F428.4 X183.074 Y118.272 E0.00002
G1 F429.3 X183.048 Y118.272 E0.00002
G1 F430.1 X183.022 Y118.273 E0.00002
G1 F431 X182.996 Y118.274 E0.00002
G1 F431.9 X182.97 Y118.275 E0.00002
G1 X182.944 Y118.276 E0.00002
G1 F432.8 X182.918 Y118.277 E0.00002
G1 F433.7 X182.892 Y118.278 E0.00002
G1 F434.6 X182.866 Y118.278 E0.00002
G1 X182.744 Y118.279 E0.00007
G1 X182.734 Y118.279 E0.00001
G1 X182.723 Y118.278 E0.00001
G1 F433.7 X182.712 Y118.277 E0.00001
G1 X182.701 Y118.277 E0.00001
G1 F432.8 X182.69 Y118.276 E0.00001
G1 X182.679 Y118.275 E0.00001
G1 F431.9 X182.668 Y118.274 E0.00001
G1 X182.657 Y118.274 E0.00001
G1 F431 X182.646 Y118.273 E0.00001
G1 X182.635 Y118.272 E0.00001
G1 F430.1 X182.624 Y118.272 E0.00001
G1 X182.613 Y118.271 E0.00001
G1 F429.3 X182.602 Y118.27 E0.00001
G1 X182.591 Y118.269 E0.00001
G1 F428.4 X182.58 Y118.269 E0.00001
G1 X182.569 Y118.268 E0.00001
G1 F427.5 X182.558 Y118.267 E0.00001
G1 X182.547 Y118.267 E0.00001
G1 F426.7 X182.536 Y118.266 E0.00001
G1 X182.525 Y118.265 E0.00001
G1 F425.8 X182.514 Y118.264 E0.00001
G1 X182.503 Y118.264 E0.00001
G1 F424.9 X182.492 Y118.263 E0.00001
G1 X182.481 Y118.262 E0.00001
G1 F424.1 X182.47 Y118.262 E0.00001
G1 X182.459 Y118.261 E0.00001
G1 F423.2 X182.448 Y118.26 E0.00001
G1 X182.437 Y118.259 E0.00001
G1 F422.4 X182.426 Y118.259 E0.00001
G1 X182.415 Y118.258 E0.00001
G1 F421.6 X182.404 Y118.257 E0.00001
G1 X182.393 Y118.257 E0.00001
G1 F420.7 X182.382 Y118.256 E0.00001
G1 X182.371 Y118.255 E0.00001
G1 F419.9 X182.36 Y118.254 E0.00001
G1 X182.349 Y118.254 E0.00001
G1 F419 X182.339 Y118.253 E0.00001
G1 X182.328 Y118.252 E0.00001
G1 F419.9 X182.335 Y118.25 E0
G1 F422.4 X182.325 Y118.247 E0.00001
G1 F424.1 X182.314 Y118.243 E0.00001
G1 F426.7 X182.304 Y118.24 E0.00001
G1 F429.3 X182.293 Y118.237 E0.00001
G1 F431.9 X182.283 Y118.233 E0.00001
G1 F434.6 X182.272 Y118.23 E0.00001
G1 F436.4 X182.262 Y118.226 E0.00001
G1 F439.1 X182.251 Y118.223 E0.00001
G1 F441.8 X182.241 Y118.22 E0.00001
G1 F444.6 X182.231 Y118.216 E0.00001
G1 F447.5 X182.22 Y118.213 E0.00001
G1 F449.4 X182.21 Y118.209 E0.00001
G1 F452.2 X182.199 Y118.206 E0.00001
G1 F455.2 X182.189 Y118.203 E0.00001
G1 F457.1 X182.185 Y118.201 E0
G1 F459.1 X182.176 Y118.198 E0.00001
G1 F461.1 X182.166 Y118.194 E0.00001
G1 F462.1 X182.157 Y118.191 E0.00001
G1 F464.2 X182.147 Y118.188 E0.00001
G1 F466.2 X182.138 Y118.184 E0.00001
G1 F467.3 X182.129 Y118.181 E0.00001
G1 F469.3 X182.119 Y118.178 E0.00001
G1 F471.4 X182.11 Y118.174 E0.00001
G1 F472.5 X182.1 Y118.171 E0.00001
G1 F474.6 X182.091 Y118.168 E0.00001
G1 F476.7 X182.081 Y118.164 E0.00001
G1 F477.8 X182.072 Y118.161 E0.00001
G1 F480 X182.063 Y118.157 E0.00001
G1 F482.2 X182.053 Y118.154 E0.00001
G1 F483.3 X182.044 Y118.151 E0.00001
G1 F485.5 X182.034 Y118.147 E0.00001
G1 F487.8 X182.025 Y118.144 E0.00001
G1 F488.9 X182.015 Y118.141 E0.00001
G1 F491.2 X182.006 Y118.137 E0.00001
G1 F492.3 X181.997 Y118.134 E0.00001
G1 F494.6 X181.987 Y118.131 E0.00001
G1 F496.9 X181.978 Y118.127 E0.00001
G1 F498.1 X181.968 Y118.124 E0.00001
G1 F500.5 X181.959 Y118.121 E0
G1 F502.9 X181.95 Y118.117 E0.00001
G1 F504.1 X181.94 Y118.114 E0.00001
G1 F506.5 X181.931 Y118.11 E0.00001
G1 F508.9 X181.921 Y118.107 E0.00001
G1 F510.1 X181.912 Y118.104 E0
G1 F512.6 X181.902 Y118.1 E0.00001
G1 F515.1 X181.893 Y118.097 E0
G1 F516.4 X181.884 Y118.094 E0
G1 F518.9 X181.874 Y118.09 E0.00001
G1 F521.5 X181.865 Y118.087 E0
G1 F522.8 X181.855 Y118.084 E0.00001
G1 F525.4 X181.846 Y118.08 E0
G1 F528 X181.836 Y118.077 E0.00001
G1 X181.66 Y118.012 E0.00009
G1 X181.313 Y117.85 E0.00019
G1 X176.917 Y115.316 E0.00253
G1 X176.886 Y115.298 E0.00002
G1 X176.855 Y115.316 E0.00002
G1 X172.538 Y117.812 E0.00249
G1 X172.243 Y117.961 E0.00016
G1 X171.918 Y118.082 E0.00017
G1 X171.71 Y118.142 E0.00011
G1 X171.48 Y118.195 E0.00012
G1 X171.242 Y118.224 E0.00012
G1 X170.914 Y118.236 E0.00016
G1 X170.771 Y118.232 E0.00007
G1 X170.35 Y118.184 E0.00021
G1 X170.016 Y118.099 E0.00017
G1 X169.836 Y118.041 E0.00009
G1 X169.432 Y117.858 E0.00022
G1 X165.027 Y115.316 E0.00254
G1 X164.994 Y115.297 E0.00002
G1 X164.961 Y115.316 E0.00002
G1 X160.626 Y117.825 E0.0025
G1 X160.373 Y117.95 E0.00014
G1 X160.154 Y118.042 E0.00012
G1 X159.684 Y118.179 E0.00024
G1 X159.323 Y118.223 E0.00018
G1 X158.968 Y118.236 E0.00018
G1 X158.594 Y118.205 E0.00019
G1 X158.478 Y118.185 E0.00006
G1 X158.169 Y118.108 E0.00016
G1 X157.972 Y118.044 E0.0001
G1 X157.558 Y117.859 E0.00023
G1 X153.141 Y115.316 E0.00254
G1 X153.111 Y115.299 E0.00002
G1 X153.082 Y115.316 E0.00002
G1 X148.671 Y117.859 E0.00254
G1 X148.235 Y118.05 E0.00024
G1 X148.007 Y118.123 E0.00012
G1 X147.724 Y118.191 E0.00015
G1 X147.383 Y118.229 E0.00017
G1 X147.08 Y118.236 E0.00015
G1 X146.648 Y118.194 E0.00022
G1 X146.488 Y118.163 E0.00008
G1 X146.068 Y118.04 E0.00022
G1 X145.665 Y117.859 E0.00022
G1 X143.465 Y116.59 E0.00127
G1 X143.465 Y118.807 E0.00111
G1 X181.707 Y118.807 E0.01908
G1 X181.716 Y118.807 E0
G1 F525.4 X181.726 Y118.806 E0.00001
G1 F524.1 X181.736 Y118.805 E0.00001
G1 F521.5 X181.746 Y118.805 E0.00001
G1 F520.2 X181.756 Y118.804 E0.00001
G1 F517.6 X181.766 Y118.803 E0.00001
G1 F516.4 X181.776 Y118.803 E0.00001
G1 F515.1 X181.786 Y118.802 E0.00001
G1 F512.6 X181.796 Y118.801 E0.00001
G1 F511.4 X181.806 Y118.801 E0.00001
G1 F508.9 X181.816 Y118.8 E0.00001
G1 F507.7 X181.826 Y118.799 E0.00001
G1 F505.3 X181.836 Y118.799 E0.00001
G1 F504.1 X181.846 Y118.798 E0.00001
G1 F501.7 X181.856 Y118.797 E0.00001
G1 F500.5 X181.866 Y118.797 E0.00001
G1 F498.1 X181.876 Y118.796 E0.00001
G1 F496.9 X181.886 Y118.795 E0.00001
G1 F494.6 X181.896 Y118.794 E0.00001
G1 F493.5 X181.906 Y118.794 E0.00001
G1 F491.2 X181.916 Y118.793 E0.00001
G1 F490 X181.926 Y118.792 E0.00001
G1 F488.9 X181.936 Y118.792 E0.00001
G1 F486.6 X181.946 Y118.791 E0.00001
G1 F485.5 X181.956 Y118.79 E0.00001
G1 F483.3 X181.966 Y118.79 E0.00001
G1 F482.2 X181.976 Y118.789 E0.00001
G1 F480 X181.986 Y118.788 E0.00001
G1 F478.9 X181.996 Y118.788 E0.00001
G1 F476.7 X182.006 Y118.787 E0.00001
G1 F475.7 X182.016 Y118.786 E0.00001
G1 F473.5 X182.026 Y118.786 E0.00001
G1 F472.5 X182.036 Y118.785 E0.00001
G1 F470.4 X182.046 Y118.784 E0.00001
G1 F469.3 X182.056 Y118.783 E0.00001
G1 F467.3 X182.066 Y118.783 E0.00001
G1 F466.2 X182.076 Y118.782 E0.00001
G1 F465.2 X182.086 Y118.781 E0.00001
G1 F463.2 X182.096 Y118.781 E0.00001
G1 F462.1 X182.106 Y118.78 E0.00001
G1 F460.1 X182.116 Y118.779 E0.00001
G1 F459.1 X182.126 Y118.779 E0.00001
G1 F457.1 X182.136 Y118.778 E0.00001
G1 F455.2 X182.152 Y118.776 E0.00001
G1 F453.2 X182.162 Y118.775 E0.00001
G1 F450.3 X182.172 Y118.773 E0.00001
G1 F447.5 X182.182 Y118.772 E0.00001
G1 F445.6 X182.192 Y118.771 E0.00001
G1 F442.8 X182.202 Y118.769 E0.00001
G1 F440 X182.212 Y118.768 E0.00001
G1 F438.2 X182.222 Y118.766 E0.00001
G1 F435.5 X182.231 Y118.765 E0.00001
G1 F433.7 X182.241 Y118.764 E0.00001
G1 F431 X182.251 Y118.762 E0.00001
G1 F428.4 X182.261 Y118.761 E0.00001
G1 F426.7 X182.271 Y118.76 E0.00001
G1 F424.1 X182.281 Y118.758 E0.00001
G1 F421.6 X182.291 Y118.757 E0.00001
G1 F419.9 X182.301 Y118.755 E0.00001
G1 F419 X182.311 Y118.755 E0.00001
G1 X182.321 Y118.755 E0.00001
G1 F419.9 X182.331 Y118.755 E0.00001
G1 X182.341 Y118.755 E0.00001
G1 X182.351 Y118.756 E0.00001
G1 F420.7 X182.361 Y118.756 E0.00001
G1 X182.371 Y118.756 E0.00001
G1 F421.6 X182.381 Y118.756 E0.00001
G1 X182.391 Y118.757 E0.00001
G1 F422.4 X182.401 Y118.757 E0.00001
G1 X182.411 Y118.757 E0.00001
G1 F423.2 X182.421 Y118.757 E0.00001
G1 X182.431 Y118.757 E0.00001
G1 X182.441 Y118.758 E0.00001
G1 F424.1 X182.451 Y118.758 E0.00001
G1 X182.461 Y118.758 E0.00001
G1 F424.9 X182.471 Y118.758 E0.00001
G1 X182.481 Y118.759 E0.00001
G1 F425.8 X182.491 Y118.759 E0.00001
G1 X182.501 Y118.759 E0.00001
G1 F426.7 X182.511 Y118.759 E0.00001
G1 X182.521 Y118.759 E0.00001
G1 X182.531 Y118.76 E0.00001
G1 F427.5 X182.541 Y118.76 E0.00001
G1 X182.551 Y118.76 E0.00001
G1 F428.4 X182.561 Y118.76 E0.00001
G1 X182.571 Y118.761 E0.00001
G1 F429.3 X182.581 Y118.761 E0.00001
G1 X182.591 Y118.761 E0.00001
G1 F430.1 X182.601 Y118.761 E0.00001
G1 X182.611 Y118.761 E0.00001
G1 X182.621 Y118.762 E0.00001
G1 F431 X182.631 Y118.762 E0.00001
G1 X182.641 Y118.762 E0.00001
G1 F431.9 X182.651 Y118.762 E0.00001
G1 X182.661 Y118.763 E0.00001
G1 F432.8 X182.671 Y118.763 E0.00001
G1 X182.681 Y118.763 E0.00001
G1 F433.7 X182.691 Y118.763 E0.00001
G1 X182.701 Y118.764 E0.00001
G1 X182.711 Y118.764 E0.00001
G1 F434.6 X182.721 Y118.764 E0.00001
G1 X182.731 Y118.764 E0.00001
G1 X182.864 Y118.765 E0.00008
G1 X182.89 Y118.765 E0.00002
G1 F433.7 X182.916 Y118.765 E0.00002
G1 X182.942 Y118.765 E0.00002
G1 F432.8 X182.968 Y118.765 E0.00002
G1 F431.9 X182.994 Y118.764 E0.00002
G1 F431 X183.02 Y118.764 E0.00002
G1 F430.1 X183.046 Y118.764 E0.00002
G1 X183.072 Y118.764 E0.00002
G1 F429.3 X183.098 Y118.763 E0.00002
G1 F428.4 X183.129 Y118.762 E0.00002
G1 F427.5 X183.161 Y118.761 E0.00002
G1 F425.8 X183.193 Y118.76 E0.00002
G1 F424.9 X183.225 Y118.759 E0.00002
G1 F424.1 X183.239 Y118.759 E0.00001
G1 F423.2 X183.253 Y118.759 E0.00001
G1 F422.4 X183.267 Y118.758 E0.00001
G1 F421.6 X183.281 Y118.758 E0.00001
G1 F420.7 X183.295 Y118.757 E0.00001
G1 F419.9 X183.309 Y118.757 E0.00001
G1 F419 X183.323 Y118.757 E0.00001
G1 F418.2 X183.337 Y118.756 E0.00001
G1 F417.4 X183.351 Y118.756 E0.00001
G1 F416.6 X183.365 Y118.755 E0.00001
G1 F415.7 X183.379 Y118.755 E0.00001
G1 F414.9 X183.393 Y118.754 E0.00001
G1 F414.1 X183.407 Y118.754 E0.00001
G1 F413.3 X183.421 Y118.754 E0.00001
G1 F414.1 X183.434 Y118.754 E0.00001
G1 F416.6 X183.444 Y118.755 E0.00001
G1 F419 X183.454 Y118.757 E0.00001
G1 F421.6 X183.464 Y118.758 E0.00001
G1 F423.2 X183.474 Y118.759 E0.00001
G1 F425.8 X183.484 Y118.761 E0.00001
G1 F428.4 X183.494 Y118.762 E0.00001
G1 F431 X183.504 Y118.763 E0.00001
G1 F433.7 X183.514 Y118.765 E0.00001
G1 F436.4 X183.523 Y118.766 E0.00001
G1 F439.1 X183.533 Y118.768 E0.00001
G1 F441.8 X183.543 Y118.769 E0.00001
G1 F444.6 X183.553 Y118.77 E0.00001
G1 F446.5 X183.563 Y118.772 E0.00001
G1 F449.4 X183.573 Y118.773 E0.00001
G1 F452.2 X183.583 Y118.774 E0.00001
G1 F455.2 X183.593 Y118.776 E0.00001
G1 F458.1 X183.603 Y118.777 E0.00001
G1 F461.1 X183.616 Y118.779 E0.00001
G1 F464.2 X183.627 Y118.781 E0.00001
G1 F467.3 X183.638 Y118.782 E0.00001
G1 F470.4 X183.649 Y118.784 E0.00001
G1 F473.5 X183.66 Y118.785 E0.00001
G1 F476.7 X183.671 Y118.787 E0.00001
G1 F480 X183.682 Y118.788 E0.00001
G1 F482.2 X183.693 Y118.79 E0.00001
G1 F485.5 X183.704 Y118.791 E0.00001
G1 F488.9 X183.715 Y118.793 E0.00001
G1 F492.3 X183.726 Y118.795 E0.00001
G1 F495.8 X183.737 Y118.796 E0.00001
G1 F499.3 X183.748 Y118.798 E0.00001
G1 F502.9 X183.758 Y118.799 E0.00001
G1 F505.3 X183.764 Y118.799 E0
G1 F506.5 X183.774 Y118.799 E0.00001
G1 X183.784 Y118.799 E0.00001
G1 F507.7 X183.794 Y118.8 E0.00001
G1 F508.9 X183.804 Y118.8 E0.00001
G1 X183.814 Y118.8 E0.00001
G1 F510.1 X183.824 Y118.801 E0.00001
G1 F511.4 X183.834 Y118.801 E0.00001
G1 X183.844 Y118.801 E0.00001
G1 F512.6 X183.854 Y118.802 E0.00001
G1 F513.9 X183.864 Y118.802 E0.00001
G1 X183.874 Y118.802 E0.00001
G1 F515.1 X183.884 Y118.803 E0.00001
G1 F516.4 X183.894 Y118.803 E0.00001
G1 X183.904 Y118.803 E0.00001
G1 F517.6 X183.914 Y118.803 E0.00001
G1 F518.9 X183.924 Y118.804 E0.00001
G1 X183.934 Y118.804 E0.00001
G1 F520.2 X183.944 Y118.804 E0.00001
G1 F521.5 X183.954 Y118.805 E0.00001
G1 X183.964 Y118.805 E0.00001
G1 F522.8 X183.974 Y118.805 E0.00001
G1 F524.1 X183.984 Y118.806 E0.00001
G1 X183.994 Y118.806 E0.00001
G1 F525.4 X184.004 Y118.806 E0.00001
G1 F526.7 X184.014 Y118.807 E0.00001
G1 X184.024 Y118.807 E0.00001
G1 F528 X184.034 Y118.807 E0
G1 X186.532 Y118.808 E0.00125
G1 X186.532 Y116.588 E0.00111
G0 F24000 X182.486 Y116.438
G0 X182.219 Y116.344
G0 X177.529 Y113.613
G0 X177.213 Y113.231
G0 X177.03 Y112.602
G0 X177.044 Y107.251
G0 X177.246 Y106.715
G0 X177.647 Y106.297
G0 X181.917 Y103.83
G0 X186.532 Y103.405
G1 F528 X186.532 Y101.188 E0.00111
G1 X143.464 Y101.188 E0.02149
G1 X143.465 Y103.405 E0.00111
G1 X145.272 Y102.362 E0.00104
G1 X145.793 Y102.145 E0.00028
G1 X145.992 Y102.101 E0.0001
G1 X146.372 Y102.068 E0.00019
G1 X147.964 Y102.068 E0.00079
G1 X148.543 Y102.145 E0.00029
G1 X149.063 Y102.361 E0.00028
G1 X153.114 Y104.697 E0.00233
G1 X157.155 Y102.363 E0.00233
G1 X157.676 Y102.145 E0.00028
G1 X157.876 Y102.101 E0.0001
G1 X158.256 Y102.068 E0.00019
G1 X159.848 Y102.068 E0.00079
G1 X160.427 Y102.145 E0.00029
G1 X160.948 Y102.362 E0.00028
G1 X164.999 Y104.7 E0.00233
G1 X169.043 Y102.363 E0.00233
G1 X169.564 Y102.145 E0.00028
G1 X169.764 Y102.101 E0.0001
G1 X170.144 Y102.068 E0.00019
G1 X171.736 Y102.068 E0.00079
G1 X172.315 Y102.144 E0.00029
G1 X172.835 Y102.361 E0.00028
G1 X176.891 Y104.698 E0.00234
G1 X180.93 Y102.363 E0.00233
G1 X181.452 Y102.145 E0.00028
G1 X181.652 Y102.101 E0.0001
G1 X182.032 Y102.068 E0.00019
G1 X183.624 Y102.068 E0.00079
G1 X184.203 Y102.145 E0.00029
G1 X184.723 Y102.361 E0.00028
G1 X186.532 Y103.405 E0.00104
G0 F24000 X186.932 Y104.097
G1 F528 X186.932 Y100.788 E0.00165
G1 X143.064 Y100.788 E0.02189
G1 X143.065 Y104.098 E0.00165
G1 X145.472 Y102.709 E0.00139
G1 X145.898 Y102.531 E0.00023
G1 X146.061 Y102.495 E0.00008
G1 X146.372 Y102.468 E0.00016
G1 X147.964 Y102.468 E0.00079
G1 X148.438 Y102.531 E0.00024
G1 X148.864 Y102.708 E0.00023
G1 X152.936 Y105.056 E0.00235
G1 X153.109 Y105.17 E0.0001
G1 X153.294 Y105.055 E0.00011
G1 X157.355 Y102.709 E0.00234
G1 X157.781 Y102.531 E0.00023
G1 X157.945 Y102.495 E0.00008
G1 X158.256 Y102.468 E0.00016
G1 X159.848 Y102.468 E0.00079
G1 X160.322 Y102.531 E0.00024
G1 X160.748 Y102.709 E0.00023
G1 X164.904 Y105.106 E0.00239
G1 X164.997 Y105.169 E0.00006
G1 X169.243 Y102.709 E0.00245
G1 X169.669 Y102.531 E0.00023
G1 X169.833 Y102.495 E0.00008
G1 X170.144 Y102.468 E0.00016
G1 X171.736 Y102.468 E0.00079
G1 X172.209 Y102.53 E0.00024
G1 X172.635 Y102.708 E0.00023
G1 X176.782 Y105.098 E0.00239
G1 X176.887 Y105.171 E0.00006
G1 X177.053 Y105.067 E0.0001
G1 X181.13 Y102.709 E0.00235
G1 X181.557 Y102.531 E0.00023
G1 X181.721 Y102.495 E0.00008
G1 X182.032 Y102.468 E0.00016
G1 X183.624 Y102.468 E0.00079
G1 X184.098 Y102.531 E0.00024
G1 X184.524 Y102.708 E0.00023
G1 X186.932 Y104.097 E0.00139
G0 F24000 X183.745 Y103.83
G0 X181.917 Y103.83
G0 X177.542 Y106.376
G0 X177.246 Y106.715
G0 X177.044 Y107.251
G0 X177.045 Y112.752
G0 X177.213 Y113.231
G0 X177.529 Y113.613
G0 X182.219 Y116.344
G0 X182.705 Y116.474
G0 X186.932 Y115.896
G1 F528 X184.132 Y117.511 E0.00161
G1 X183.865 Y117.638 E0.00015
G1 X183.573 Y117.735 E0.00015
G1 X183.303 Y117.797 E0.00014
G1 X183.16 Y117.817 E0.00007
G1 X182.744 Y117.836 E0.00021
G1 X182.425 Y117.808 E0.00016
G1 X182.27 Y117.78 E0.00008
G1 X181.972 Y117.7 E0.00015
G1 X181.796 Y117.636 E0.00009
G1 X181.513 Y117.504 E0.00016
G1 X177.664 Y115.284 E0.00222
G1 X176.988 Y114.894 E0.00039
G1 X176.889 Y114.827 E0.00006
G1 X176.104 Y115.282 E0.00045
G1 X172.338 Y117.466 E0.00217
G1 X172.073 Y117.598 E0.00015
G1 X171.807 Y117.698 E0.00014
G1 X171.411 Y117.801 E0.0002
G1 X171.216 Y117.825 E0.0001
G1 X170.926 Y117.836 E0.00014
G1 X170.782 Y117.832 E0.00007
G1 X170.416 Y117.789 E0.00018
G1 X170.142 Y117.72 E0.00014
G1 X169.962 Y117.661 E0.00009
G1 X169.632 Y117.511 E0.00018
G1 X165.775 Y115.285 E0.00222
G1 X165.09 Y114.89 E0.00039
G1 X164.999 Y114.827 E0.00006
G1 X164.216 Y115.281 E0.00045
G1 X160.426 Y117.478 E0.00219
G1 X160.219 Y117.581 E0.00012
G1 X159.999 Y117.673 E0.00012
G1 X159.615 Y117.785 E0.0002
G1 X159.279 Y117.826 E0.00017
G1 X158.968 Y117.836 E0.00016
G1 X158.662 Y117.811 E0.00015
G1 X158.293 Y117.728 E0.00019
G1 X158.096 Y117.664 E0.0001
G1 X157.757 Y117.513 E0.00019
G1 X153.89 Y115.284 E0.00223
G1 X153.223 Y114.9 E0.00038
G1 X153.116 Y114.826 E0.00006
G1 X152.93 Y114.941 E0.00011
G1 X152.335 Y115.284 E0.00034
G1 X148.472 Y117.512 E0.00222
G1 X148.114 Y117.669 E0.0002
G1 X147.886 Y117.741 E0.00012
G1 X147.655 Y117.797 E0.00012
G1 X147.35 Y117.83 E0.00015
G1 X147.08 Y117.836 E0.00013
G1 X146.727 Y117.801 E0.00018
G1 X146.567 Y117.77 E0.00008
G1 X146.194 Y117.66 E0.00019
G1 X145.864 Y117.512 E0.00018
G1 X143.065 Y115.897 E0.00161
G1 X143.065 Y119.207 E0.00165
G1 X186.932 Y119.208 E0.02189
G1 X186.932 Y115.896 E0.00165
G0 F24000 X187.332 Y115.203
G1 F528 X183.932 Y117.165 E0.00196
G1 X183.724 Y117.263 E0.00011
G1 X183.476 Y117.347 E0.00013
G1 X183.234 Y117.403 E0.00012
G1 X182.995 Y117.43 E0.00012
G1 X182.744 Y117.436 E0.00013
G1 X182.496 Y117.415 E0.00012
G1 X182.34 Y117.386 E0.00008
G1 X182.109 Y117.324 E0.00012
G1 X181.933 Y117.26 E0.00009
G1 X181.713 Y117.157 E0.00012
G1 X178.131 Y115.092 E0.00206
G1 X177.2 Y114.555 E0.00054
G1 X176.983 Y114.402 E0.00013
G1 X176.886 Y114.322 E0.00006
G1 X176.671 Y114.493 E0.00014
G1 X175.64 Y115.091 E0.00059
G1 X172.138 Y117.12 E0.00202
G1 X171.903 Y117.236 E0.00013
G1 X171.696 Y117.314 E0.00011
G1 X171.342 Y117.407 E0.00018
G1 X171.067 Y117.434 E0.00014
G1 X170.793 Y117.432 E0.00014
G1 X170.482 Y117.394 E0.00016
G1 X170.269 Y117.34 E0.00011
G1 X170.089 Y117.281 E0.00009
G1 X169.832 Y117.165 E0.00014
G1 X166.241 Y115.093 E0.00207
G1 X165.304 Y114.552 E0.00054
G1 X165 Y114.323 E0.00019
G1 X164.794 Y114.484 E0.00013
G1 X163.75 Y115.089 E0.0006
G1 X160.226 Y117.132 E0.00203
G1 X160.065 Y117.212 E0.00009
G1 X159.845 Y117.304 E0.00012
G1 X159.546 Y117.391 E0.00016
G1 X159.236 Y117.428 E0.00016
G1 X158.968 Y117.436 E0.00013
G1 X158.73 Y117.416 E0.00012
G1 X158.417 Y117.348 E0.00016
G1 X158.221 Y117.283 E0.0001
G1 X157.957 Y117.166 E0.00014
G1 X154.355 Y115.093 E0.00207
G1 X153.489 Y114.594 E0.0005
G1 X153.11 Y114.328 E0.00023
G1 X152.873 Y114.509 E0.00015
G1 X151.866 Y115.09 E0.00058
G1 X148.272 Y117.165 E0.00207
G1 X147.994 Y117.288 E0.00015
G1 X147.766 Y117.36 E0.00012
G1 X147.586 Y117.403 E0.00009
G1 X147.317 Y117.431 E0.00013
G1 X147.08 Y117.436 E0.00012
G1 X146.805 Y117.409 E0.00014
G1 X146.477 Y117.333 E0.00017
G1 X146.321 Y117.281 E0.00008
G1 X146.064 Y117.165 E0.00014
G1 X142.665 Y115.205 E0.00196
G1 X142.665 Y119.607 E0.0022
G1 X187.332 Y119.608 E0.02228
G1 X187.332 Y115.203 E0.0022
G0 F24000 X183.064 Y116.461
G0 X182.486 Y116.438
G0 X182.219 Y116.344
G0 X177.529 Y113.613
G0 X177.213 Y113.231
G0 X177.03 Y112.602
G0 X177.044 Y107.251
G0 X177.246 Y106.715
G0 X177.647 Y106.297
G0 X181.917 Y103.83
G0 X183.745 Y103.83
G0 X187.332 Y104.79
G1 F528 X187.332 Y100.388 E0.0022
G1 X142.664 Y100.388 E0.02228
G1 X142.665 Y104.791 E0.0022
G1 X145.672 Y103.055 E0.00173
G1 X146.003 Y102.917 E0.00018
G1 X146.13 Y102.889 E0.00006
G1 X146.372 Y102.868 E0.00012
G1 X147.964 Y102.868 E0.00079
G1 X148.333 Y102.917 E0.00019
G1 X148.664 Y103.055 E0.00018
G1 X152.783 Y105.431 E0.00237
G1 X153.031 Y105.606 E0.00015
G1 X153.109 Y105.675 E0.00005
G1 X153.354 Y105.486 E0.00015
G1 X157.555 Y103.055 E0.00242
G1 X157.887 Y102.917 E0.00018
G1 X158.014 Y102.889 E0.00006
G1 X158.256 Y102.868 E0.00012
G1 X159.848 Y102.868 E0.00079
G1 X160.217 Y102.917 E0.00019
G1 X160.548 Y103.055 E0.00018
G1 X164.694 Y105.447 E0.00239
G1 X164.924 Y105.609 E0.00014
G1 X165 Y105.674 E0.00005
G1 X165.106 Y105.583 E0.00007
G1 X165.29 Y105.455 E0.00011
G1 X169.443 Y103.055 E0.00239
G1 X169.775 Y102.917 E0.00018
G1 X169.902 Y102.889 E0.00006
G1 X170.144 Y102.868 E0.00012
G1 X171.736 Y102.868 E0.00079
G1 X172.104 Y102.916 E0.00019
G1 X172.435 Y103.055 E0.00018
G1 X176.571 Y105.438 E0.00238
G1 X176.79 Y105.595 E0.00013
G1 X176.885 Y105.676 E0.00006
G1 X176.979 Y105.594 E0.00006
G1 X177.195 Y105.448 E0.00013
G1 X181.331 Y103.055 E0.00238
G1 X181.663 Y102.917 E0.00018
G1 X181.79 Y102.889 E0.00006
G1 X182.032 Y102.868 E0.00012
G1 X183.624 Y102.868 E0.00079
G1 X183.993 Y102.917 E0.00019
G1 X184.324 Y103.055 E0.00018
G1 X187.332 Y104.79 E0.00173
G0 F24000 X187.732 Y105.482
G1 F528 X187.732 Y99.988 E0.00274
G1 X142.264 Y99.988 E0.02268
G1 X142.265 Y105.483 E0.00274
G1 X145.872 Y103.401 E0.00208
G1 X146.108 Y103.303 E0.00013
G1 X146.199 Y103.283 E0.00005
G1 X146.372 Y103.268 E0.00009
G1 X147.964 Y103.268 E0.00079
G1 X148.228 Y103.303 E0.00013
G1 X148.464 Y103.401 E0.00013
G1 X152.57 Y105.769 E0.00236
G1 X152.787 Y105.923 E0.00013
G1 X152.987 Y106.108 E0.00014
G1 X153.113 Y106.255 E0.0001
G1 X153.342 Y105.999 E0.00017
G1 X153.574 Y105.82 E0.00015
G1 X157.755 Y103.402 E0.00241
G1 X157.992 Y103.303 E0.00013
G1 X158.083 Y103.283 E0.00005
G1 X158.256 Y103.268 E0.00009
G1 X159.848 Y103.268 E0.00079
G1 X160.112 Y103.303 E0.00013
G1 X160.348 Y103.401 E0.00013
G1 X164.484 Y105.788 E0.00238
G1 X164.682 Y105.927 E0.00012
G1 X164.856 Y106.088 E0.00012
G1 X164.998 Y106.252 E0.00011
G1 X165.1 Y106.132 E0.00008
G1 X165.34 Y105.908 E0.00016
G1 X165.491 Y105.802 E0.00009
G1 X169.643 Y103.402 E0.00239
G1 X169.88 Y103.303 E0.00013
G1 X169.971 Y103.283 E0.00005
G1 X170.144 Y103.268 E0.00009
G1 X171.736 Y103.268 E0.00079
G1 X171.999 Y103.302 E0.00013
G1 X172.236 Y103.401 E0.00013
G1 X176.36 Y105.778 E0.00237
G1 X176.655 Y106.003 E0.00019
G1 X176.786 Y106.135 E0.00009
G1 X176.885 Y106.255 E0.00008
G1 X176.984 Y106.136 E0.00008
G1 X177.222 Y105.912 E0.00016
G1 X177.395 Y105.794 E0.0001
G1 X181.531 Y103.402 E0.00238
G1 X181.768 Y103.303 E0.00013
G1 X181.859 Y103.283 E0.00005
G1 X182.032 Y103.268 E0.00009
G1 X183.624 Y103.268 E0.00079
G1 X183.888 Y103.303 E0.00013
G1 X184.124 Y103.401 E0.00013
G1 X187.732 Y105.482 E0.00208
G0 F24000 X183.745 Y103.83
G0 X181.917 Y103.83
G0 X177.542 Y106.376
G0 X177.246 Y106.715
G0 X177.044 Y107.251
G0 X177.045 Y112.752
G0 X177.213 Y113.231
G0 X177.529 Y113.613
G0 X182.219 Y116.344
G0 X183.732 Y116.819
G1 F528 X183.584 Y116.889 E0.00008
G1 X183.379 Y116.959 E0.00011
G1 X183.165 Y117.009 E0.00011
G1 X182.958 Y117.032 E0.0001
G1 X182.744 Y117.036 E0.00011
G1 X182.567 Y117.021 E0.00009
G1 X182.411 Y116.993 E0.00008
G1 X182.246 Y116.948 E0.00009
G1 X182.07 Y116.884 E0.00009
G1 X181.912 Y116.811 E0.00009
G1 X178.15 Y114.641 E0.00217
G1 X177.586 Y114.316 E0.00032
G1 X177.413 Y114.216 E0.0001
G1 X177.22 Y114.079 E0.00012
G1 X176.991 Y113.87 E0.00015
G1 X176.889 Y113.744 E0.00008
G1 X176.692 Y113.96 E0.00015
G1 X176.448 Y114.161 E0.00016
G1 X176.164 Y114.325 E0.00016
G1 X175.624 Y114.638 E0.00031
G1 X171.937 Y116.774 E0.00213
G1 X171.733 Y116.874 E0.00011
G1 X171.585 Y116.929 E0.00008
G1 X171.273 Y117.013 E0.00016
G1 X170.948 Y117.036 E0.00016
G1 X170.667 Y117.019 E0.00014
G1 X170.395 Y116.961 E0.00014
G1 X170.215 Y116.902 E0.00009
G1 X170.032 Y116.819 E0.0001
G1 X166.263 Y114.644 E0.00217
G1 X165.694 Y114.316 E0.00033
G1 X165.517 Y114.214 E0.0001
G1 X165.303 Y114.057 E0.00013
G1 X165.154 Y113.921 E0.0001
G1 X164.999 Y113.741 E0.00012
G1 X164.828 Y113.939 E0.00013
G1 X164.704 Y114.052 E0.00008
G1 X164.568 Y114.154 E0.00008
G1 X164.26 Y114.333 E0.00018
G1 X163.737 Y114.635 E0.0003
G1 X160.025 Y116.786 E0.00214
G1 X159.691 Y116.935 E0.00018
G1 X159.477 Y116.997 E0.00011
G1 X159.193 Y117.03 E0.00014
G1 X158.968 Y117.036 E0.00011
G1 X158.798 Y117.022 E0.00009
G1 X158.541 Y116.967 E0.00013
G1 X158.345 Y116.903 E0.0001
G1 X158.157 Y116.819 E0.0001
G1 X154.376 Y114.642 E0.00218
G1 X153.81 Y114.316 E0.00033
G1 X153.652 Y114.225 E0.00009
G1 X153.371 Y114.022 E0.00017
G1 X153.269 Y113.921 E0.00007
G1 X153.113 Y113.741 E0.00012
G1 X152.959 Y113.919 E0.00012
G1 X152.855 Y114.017 E0.00007
G1 X152.655 Y114.174 E0.00013
G1 X152.399 Y114.322 E0.00015
G1 X151.85 Y114.639 E0.00032
G1 X148.072 Y116.819 E0.00218
G1 X147.874 Y116.906 E0.00011
G1 X147.517 Y117.009 E0.00019
G1 X147.284 Y117.033 E0.00012
G1 X147.08 Y117.036 E0.0001
G1 X146.884 Y117.017 E0.0001
G1 X146.603 Y116.953 E0.00014
G1 X146.447 Y116.901 E0.00008
G1 X146.264 Y116.819 E0.0001
G1 X142.489 Y114.642 E0.00217
G1 X142.265 Y114.513 E0.00013
G1 X142.265 Y115.176 E0.00033
G1 X142.265 Y120.007 E0.00241
G1 X187.732 Y120.008 E0.02268
G1 X187.732 Y115.175 E0.00241
G1 X187.732 Y114.511 E0.00033
G1 X187.511 Y114.639 E0.00013
G1 X183.732 Y116.819 E0.00218
G0 F24000 X187.885 Y114.252
G0 X188.128 Y113.819
G1 F528 X183.532 Y116.472 E0.00265
G1 X183.443 Y116.514 E0.00005
G1 X183.282 Y116.571 E0.00009
G1 X183.096 Y116.615 E0.0001
G1 X182.921 Y116.634 E0.00009
G1 X182.744 Y116.636 E0.00009
G1 X182.637 Y116.627 E0.00005
G1 X182.382 Y116.572 E0.00013
G1 X182.112 Y116.464 E0.00015
G1 X177.625 Y113.877 E0.00258
G1 X177.417 Y113.725 E0.00013
G1 X177.281 Y113.594 E0.00009
G1 X177.096 Y113.347 E0.00015
G1 X177.048 Y113.264 E0.00005
G1 X176.96 Y113.067 E0.00011
G1 F529.3 X176.947 Y113.023 E0.00002
G1 F532 X176.942 Y113 E0.00001
G1 F534.7 X176.937 Y112.976 E0.00001
G1 F537.4 X176.932 Y112.953 E0.00001
G1 F540.2 X176.927 Y112.929 E0.00001
G1 F541.5 X176.922 Y112.904 E0.00001
G1 F544.3 X176.917 Y112.878 E0.00001
G1 F547.2 X176.912 Y112.853 E0.00001
G1 F550 X176.906 Y112.827 E0.00001
G1 F551.4 X176.902 Y112.801 E0.00001
G1 F554.3 X176.898 Y112.774 E0.00001
G1 F557.3 X176.894 Y112.747 E0.00001
G1 F560.2 X176.889 Y112.721 E0.00001
G1 F561.7 X176.885 Y112.685 E0.00002
G1 F564.7 X176.886 Y112.656 E0.00001
G1 X176.885 Y112.685 E0.00001
G1 F561.7 X176.879 Y112.721 E0.00002
G1 F560.2 X176.876 Y112.748 E0.00001
G1 F557.3 X176.873 Y112.776 E0.00001
G1 F554.3 X176.87 Y112.804 E0.00001
G1 F551.4 X176.866 Y112.831 E0.00001
G1 F550 X176.862 Y112.854 E0.00001
G1 F547.2 X176.857 Y112.878 E0.00001
G1 F544.3 X176.852 Y112.903 E0.00001
G1 F541.5 X176.847 Y112.927 E0.00001
G1 F540.2 X176.842 Y112.95 E0.00001
G1 F537.4 X176.836 Y112.973 E0.00001
G1 F534.7 X176.83 Y112.996 E0.00001
G1 F532 X176.824 Y113.02 E0.00001
G1 F529.3 X176.809 Y113.068 E0.00003
G1 F528 X176.724 Y113.264 E0.00011
G1 X176.555 Y113.523 E0.00015
G1 X176.39 Y113.695 E0.00012
G1 X176.224 Y113.83 E0.00011
G1 X171.737 Y116.428 E0.00259
G1 X171.475 Y116.545 E0.00014
G1 X171.204 Y116.619 E0.00014
G1 X170.959 Y116.636 E0.00012
G1 X170.815 Y116.632 E0.00007
G1 X170.613 Y116.605 E0.0001
G1 X170.342 Y116.522 E0.00014
G1 X170.232 Y116.472 E0.00006
G1 X165.731 Y113.876 E0.00259
G1 X165.553 Y113.745 E0.00011
G1 X165.383 Y113.582 E0.00012
G1 X165.238 Y113.39 E0.00012
G1 X165.102 Y113.137 E0.00014
G1 F529.3 X165.081 Y113.079 E0.00003
G1 F530.7 X165.059 Y113.021 E0.00003
G1 F533.3 X165.051 Y112.991 E0.00002
G1 F536 X165.043 Y112.96 E0.00002
G1 F540.2 X165.037 Y112.923 E0.00002
G1 F542.9 X165.033 Y112.896 E0.00001
G1 F545.7 X165.028 Y112.869 E0.00001
G1 F548.6 X165.025 Y112.851 E0.00001
G1 F551.4 X165.022 Y112.832 E0.00001
G1 F552.9 X165.019 Y112.813 E0.00001
G1 F554.3 X165.016 Y112.795 E0.00001
G1 F557.3 X165.013 Y112.776 E0.00001
G1 F558.7 X165.01 Y112.757 E0.00001
G1 F561.7 X165.006 Y112.738 E0.00001
G1 F563.2 X165.003 Y112.702 E0.00002
G1 F566.2 X165 Y112.666 E0.00002
G1 X164.996 Y112.703 E0.00002
G1 F563.2 X164.992 Y112.739 E0.00002
G1 F561.7 X164.99 Y112.756 E0.00001
G1 F558.7 X164.987 Y112.775 E0.00001
G1 F557.3 X164.984 Y112.794 E0.00001
G1 F554.3 X164.981 Y112.812 E0.00001
G1 F552.9 X164.978 Y112.831 E0.00001
G1 F551.4 X164.975 Y112.85 E0.00001
G1 F548.6 X164.972 Y112.869 E0.00001
G1 F545.7 X164.967 Y112.894 E0.00001
G1 F542.9 X164.962 Y112.92 E0.00001
G1 F540.2 X164.952 Y112.957 E0.00002
G1 F536 X164.943 Y112.99 E0.00002
G1 F533.3 X164.934 Y113.023 E0.00002
G1 F530.7 X164.915 Y113.08 E0.00003
G1 F529.3 X164.895 Y113.138 E0.00003
G1 F528 X164.769 Y113.378 E0.00014
G1 X164.673 Y113.511 E0.00008
G1 X164.534 Y113.668 E0.0001
G1 X164.343 Y113.824 E0.00012
G1 X159.825 Y116.44 E0.0026
G1 X159.536 Y116.566 E0.00016
G1 X159.408 Y116.603 E0.00007
G1 X159.149 Y116.633 E0.00013
G1 X158.968 Y116.636 E0.00009
G1 X158.866 Y116.628 E0.00005
G1 X158.665 Y116.587 E0.0001
G1 X158.469 Y116.523 E0.0001
G1 X158.356 Y116.473 E0.00006
G1 X153.888 Y113.901 E0.00257
G1 X153.63 Y113.717 E0.00016
G1 X153.422 Y113.489 E0.00015
G1 X153.356 Y113.399 E0.00006
G1 X153.271 Y113.253 E0.00008
G1 X153.189 Y113.07 E0.0001
G1 F529.3 X153.183 Y113.045 E0.00001
G1 F532 X153.176 Y113.02 E0.00001
G1 F533.3 X153.17 Y112.995 E0.00001
G1 F534.7 X153.163 Y112.97 E0.00001
G1 F537.4 X153.156 Y112.944 E0.00001
G1 F540.2 X153.143 Y112.896 E0.00002
G1 F542.9 X153.138 Y112.866 E0.00001
G1 F545.7 X153.132 Y112.836 E0.00001
G1 F548.6 X153.126 Y112.806 E0.00001
G1 F551.4 X153.123 Y112.778 E0.00001
G1 F554.3 X153.12 Y112.749 E0.00001
G1 F557.3 X153.117 Y112.719 E0.00001
G1 F558.7 X153.114 Y112.689 E0.00001
G1 F561.7 X153.11 Y112.66 E0.00001
G1 X153.109 Y112.691 E0.00001
G1 F558.7 X153.108 Y112.721 E0.00001
G1 F557.3 X153.107 Y112.751 E0.00001
G1 F554.3 X153.105 Y112.781 E0.00001
G1 F551.4 X153.104 Y112.806 E0.00001
G1 F548.6 X153.099 Y112.836 E0.00001
G1 F545.7 X153.093 Y112.866 E0.00001
G1 F542.9 X153.087 Y112.896 E0.00001
G1 F540.2 X153.075 Y112.941 E0.00002
G1 F537.4 X153.067 Y112.965 E0.00001
G1 F534.7 X153.059 Y112.99 E0.00001
G1 F533.3 X153.05 Y113.014 E0.00001
G1 F532 X153.042 Y113.039 E0.00001
G1 F529.3 X153.034 Y113.064 E0.00001
G1 F528 X152.993 Y113.17 E0.00006
G1 X152.863 Y113.404 E0.00013
G1 X152.799 Y113.496 E0.00006
G1 X152.664 Y113.649 E0.0001
G1 X152.436 Y113.839 E0.00015
G1 X147.872 Y116.472 E0.00263
G1 X147.753 Y116.525 E0.00006
G1 X147.448 Y116.615 E0.00016
G1 X147.25 Y116.634 E0.0001
G1 X147.08 Y116.636 E0.00008
G1 X146.962 Y116.625 E0.00006
G1 X146.73 Y116.574 E0.00012
G1 X146.574 Y116.522 E0.00008
G1 X146.464 Y116.472 E0.00006
G1 X141.996 Y113.896 E0.00257
G1 X141.864 Y113.81 E0.00008
G1 X141.864 Y114.316 E0.00025
G1 X141.864 Y115.316 E0.0005
G1 X141.865 Y120.379 E0.00253
G1 X141.865 Y120.407 E0.00001
M106 S255
G1 F540 X188.132 Y120.408 E0.38471
M106 S51
G1 F528 X188.132 Y120.379 E0.00001
G1 X188.129 Y115.316 E0.00253
G1 X188.128 Y114.316 E0.0005
G1 X188.128 Y113.819 E0.00025
G0 F24000 X187.885 Y114.252
G0 X183.271 Y116.41
G0 X182.705 Y116.474
G0 X182.219 Y116.344
G0 X177.529 Y113.613
G0 X177.213 Y113.231
G0 X177.03 Y112.602
G0 X177.044 Y107.251
G0 X177.246 Y106.715
G0 X177.647 Y106.297
G0 X181.917 Y103.83
G0 X183.745 Y103.83
G0 X187.885 Y105.744
G0 X188.132 Y106.185
G1 F528 X188.132 Y99.621 E0.00327
G1 X188.132 Y99.588 E0.00002
M106 S255
G1 F540 X141.864 Y99.588 E0.38472
M106 S51
G1 F528 X141.864 Y99.621 E0.00002
G1 X141.864 Y106.187 E0.00328
G1 X141.938 Y106.135 E0.00005
G1 X146.072 Y103.748 E0.00238
G1 X146.214 Y103.689 E0.00008
G1 X146.372 Y103.668 E0.00008
G1 X147.964 Y103.668 E0.00079
G1 X148.122 Y103.689 E0.00008
G1 X148.264 Y103.748 E0.00008
G1 X152.385 Y106.127 E0.00237
G1 X152.543 Y106.24 E0.0001
G1 X152.773 Y106.467 E0.00016
G1 X152.928 Y106.697 E0.00014
G1 X153.046 Y106.959 E0.00014
G1 F530.7 X153.055 Y106.995 E0.00002
G1 F533.3 X153.065 Y107.032 E0.00002
G1 F537.4 X153.073 Y107.073 E0.00002
G1 F541.5 X153.08 Y107.111 E0.00002
G1 F544.3 X153.087 Y107.149 E0.00002
G1 F547.2 X153.092 Y107.176 E0.00001
G1 F550 X153.098 Y107.204 E0.00001
G1 F554.3 X153.101 Y107.241 E0.00002
G1 F557.3 X153.105 Y107.278 E0.00002
G1 F560.2 X153.108 Y107.316 E0.00002
G1 F563.2 X153.112 Y107.355 E0.00002
G1 X153.114 Y107.316 E0.00002
G1 F560.2 X153.117 Y107.277 E0.00002
G1 F557.3 X153.12 Y107.248 E0.00001
G1 F554.3 X153.124 Y107.219 E0.00001
G1 F552.9 X153.126 Y107.205 E0.00001
G1 F550 X153.131 Y107.177 E0.00001
G1 F547.2 X153.137 Y107.148 E0.00001
G1 F544.3 X153.143 Y107.11 E0.00002
G1 F541.5 X153.15 Y107.072 E0.00002
G1 F537.4 X153.157 Y107.034 E0.00002
G1 F533.3 X153.168 Y106.998 E0.00002
G1 F530.7 X153.179 Y106.962 E0.00002
G1 F528 X153.298 Y106.69 E0.00015
G1 X153.399 Y106.537 E0.00009
G1 X153.616 Y106.291 E0.00016
G1 X153.794 Y106.154 E0.00011
G1 X157.955 Y103.748 E0.0024
G1 X158.097 Y103.689 E0.00008
G1 X158.256 Y103.668 E0.00008
G1 X159.848 Y103.668 E0.00079
G1 X160.006 Y103.689 E0.00008
G1 X160.148 Y103.748 E0.00008
G1 X164.275 Y106.128 E0.00238
G1 X164.475 Y106.275 E0.00012
G1 X164.595 Y106.394 E0.00008
G1 X164.738 Y106.573 E0.00011
G1 X164.864 Y106.793 E0.00013
G1 X164.914 Y106.913 E0.00006
G1 F529.3 X164.925 Y106.945 E0.00002
G1 F532 X164.936 Y106.977 E0.00002
G1 F533.3 X164.939 Y106.988 E0.00001
G1 F534.7 X164.947 Y107.021 E0.00002
G1 F536 X164.956 Y107.054 E0.00002
G1 F538.8 X164.964 Y107.087 E0.00002
G1 F540.2 X164.973 Y107.125 E0.00002
G1 F542.9 X164.981 Y107.163 E0.00002
G1 F545.7 X164.986 Y107.206 E0.00002
G1 F547.2 X164.992 Y107.25 E0.00002
G1 F550 X164.998 Y107.294 E0.00002
G1 X165.005 Y107.251 E0.00002
G1 F547.2 X165.011 Y107.206 E0.00002
G1 F545.7 X165.017 Y107.162 E0.00002
G1 F542.9 X165.024 Y107.125 E0.00002
G1 F540.2 X165.031 Y107.088 E0.00002
G1 F538.8 X165.039 Y107.055 E0.00002
G1 F536 X165.048 Y107.022 E0.00002
G1 F534.7 X165.056 Y106.989 E0.00002
G1 F533.3 X165.06 Y106.975 E0.00001
G1 F530.7 X165.081 Y106.911 E0.00003
G1 F528 X165.192 Y106.679 E0.00013
G1 X165.322 Y106.487 E0.00012
G1 X165.491 Y106.308 E0.00012
G1 X165.653 Y106.172 E0.00011
G1 X169.843 Y103.748 E0.00242
G1 X169.985 Y103.689 E0.00008
G1 X170.144 Y103.668 E0.00008
G1 X171.736 Y103.668 E0.00079
G1 X171.894 Y103.688 E0.00008
G1 X172.036 Y103.748 E0.00008
G1 X176.149 Y106.118 E0.00237
G1 X176.381 Y106.295 E0.00015
G1 X176.559 Y106.487 E0.00013
G1 X176.683 Y106.667 E0.00011
G1 X176.778 Y106.853 E0.0001
G1 F529.3 X176.803 Y106.923 E0.00004
G1 F532 X176.814 Y106.961 E0.00002
G1 F533.3 X176.825 Y106.999 E0.00002
G1 F536 X176.837 Y107.037 E0.00002
G1 F537.4 X176.848 Y107.075 E0.00002
G1 F538.8 X176.852 Y107.087 E0.00001
G1 F540.2 X176.869 Y107.161 E0.00004
G1 F542.9 X176.884 Y107.232 E0.00004
G1 F544.3 X176.885 Y107.25 E0.00001
G1 X176.884 Y107.232 E0.00001
G1 F542.9 X176.895 Y107.161 E0.00003
G1 F541.5 X176.905 Y107.118 E0.00002
G1 F538.8 X176.916 Y107.075 E0.00002
G1 F537.4 X176.928 Y107.038 E0.00002
G1 F536 X176.94 Y107 E0.00002
G1 F533.3 X176.952 Y106.962 E0.00002
G1 F532 X176.965 Y106.924 E0.00002
G1 F529.3 X176.99 Y106.853 E0.00004
G1 F528 X177.088 Y106.664 E0.00011
G1 X177.204 Y106.493 E0.0001
G1 X177.267 Y106.419 E0.00005
G1 X177.464 Y106.23 E0.00014
G1 X177.595 Y106.14 E0.00008
G1 X181.731 Y103.748 E0.00238
G1 X181.873 Y103.689 E0.00008
G1 X182.032 Y103.668 E0.00008
G1 X183.624 Y103.668 E0.00079
G1 X183.782 Y103.689 E0.00008
G1 X183.924 Y103.748 E0.00008
G1 X188.042 Y106.123 E0.00237
G1 X188.132 Y106.185 E0.00005
G0 F24000 X188.344 Y106.828
;TYPE:WALL-OUTER
G1 F529.3 X188.413 Y106.977 E0.00008
G1 F532 X188.414 Y106.986 E0
G1 F536 X188.416 Y106.996 E0.00001
G1 F541.5 X188.417 Y107.006 E0
G1 F545.7 X188.419 Y107.016 E0
G1 F550 X188.421 Y107.026 E0
G1 F554.3 X188.422 Y107.036 E0
G1 F560.2 X188.424 Y107.045 E0
G1 F564.7 X188.426 Y107.055 E0
G1 F569.3 X188.427 Y107.065 E0
G1 F573.9 X188.429 Y107.075 E0
G1 F580.2 X188.431 Y107.085 E0
G1 F585 X188.432 Y107.095 E0
G1 F589.9 X188.434 Y107.108 E0.00001
G1 F596.6 X188.436 Y107.12 E0.00001
G1 F603.4 X188.438 Y107.132 E0.00001
G1 F610.4 X188.439 Y107.144 E0.00001
G1 F617.5 X188.44 Y107.155 E0
G1 F623 X188.44 Y107.165 E0
G1 F630.4 X188.44 Y107.175 E0
G1 F636.1 X188.44 Y107.185 E0
G1 F641.9 X188.441 Y107.195 E0
G1 F647.9 X188.441 Y107.205 E0
G1 F655.9 X188.441 Y107.215 E0
G1 F662.1 X188.441 Y107.225 E0
G1 F668.4 X188.441 Y107.235 E0
G1 F676.9 X188.442 Y107.245 E0
G1 F683.5 X188.442 Y107.255 E0
G1 F690.2 X188.442 Y107.265 E0
G1 F697 X188.442 Y107.275 E0
G1 F706.4 X188.443 Y107.285 E0
G1 F713.5 X188.443 Y107.295 E0
G1 F720.8 X188.443 Y107.305 E0
G1 F728.3 X188.443 Y107.315 E0
G1 F738.5 X188.443 Y107.325 E0
G1 F746.3 X188.444 Y107.335 E0
G1 F754.3 X188.444 Y107.345 E0
G1 F765.2 X188.444 Y107.355 E0
G1 F773.6 X188.444 Y107.365 E0
G1 F776.5 X188.445 Y107.473 E0.00004
G1 X188.445 Y107.572 E0.00003
G1 X188.445 Y107.671 E0.00003
G1 X188.445 Y107.77 E0.00003
G1 X188.445 Y107.869 E0.00003
G1 X188.445 Y107.968 E0.00003
G1 X188.445 Y108.067 E0.00003
G1 X188.445 Y108.166 E0.00003
G1 X188.445 Y108.265 E0.00003
G1 X188.445 Y108.364 E0.00003
G1 X188.445 Y108.463 E0.00003
G1 X188.445 Y108.562 E0.00003
G1 X188.445 Y108.661 E0.00003
G1 X188.445 Y108.76 E0.00003
G1 X188.445 Y108.859 E0.00003
G1 X188.445 Y108.958 E0.00003
G1 X188.445 Y109.057 E0.00003
G1 X188.444 Y109.156 E0.00003
G1 X188.444 Y109.255 E0.00003
G1 X188.444 Y109.354 E0.00003
G1 X188.444 Y109.453 E0.00003
G1 X188.444 Y109.552 E0.00003
G1 X188.444 Y109.651 E0.00003
G1 X188.444 Y109.75 E0.00003
G1 X188.444 Y109.849 E0.00003
G1 X188.444 Y109.948 E0.00003
G1 F773.6 X188.444 Y110.047 E0.00003
G1 X188.444 Y110.146 E0.00003
G1 X188.444 Y110.245 E0.00003
G1 X188.444 Y110.344 E0.00003
G1 X188.444 Y110.443 E0.00003
G1 X188.444 Y110.542 E0.00003
G1 X188.444 Y110.641 E0.00003
G1 X188.444 Y110.74 E0.00003
G1 X188.444 Y110.839 E0.00003
G1 X188.443 Y110.938 E0.00003
G1 X188.443 Y111.037 E0.00003
G1 X188.443 Y111.136 E0.00003
G1 X188.443 Y111.235 E0.00003
G1 X188.443 Y111.334 E0.00003
G1 X188.443 Y111.433 E0.00003
G1 X188.443 Y111.532 E0.00003
G1 X188.443 Y111.631 E0.00003
G1 X188.443 Y111.73 E0.00003
G1 X188.443 Y111.829 E0.00003
G1 X188.443 Y111.928 E0.00003
G1 X188.443 Y112.027 E0.00003
G1 X188.443 Y112.126 E0.00003
G1 X188.443 Y112.225 E0.00003
G1 X188.443 Y112.324 E0.00003
G1 X188.443 Y112.423 E0.00003
G1 X188.443 Y112.522 E0.00003
G1 X188.443 Y112.621 E0.00003
G1 F770.8 X188.441 Y112.644 E0.00001
G1 F768 X188.439 Y112.658 E0
G1 F765.2 X188.438 Y112.672 E0
G1 F762.5 X188.436 Y112.686 E0
G1 F759.7 X188.435 Y112.7 E0
G1 F757 X188.433 Y112.714 E0
G1 F754.3 X188.432 Y112.728 E0
G1 F751.6 X188.43 Y112.742 E0
G1 F748.9 X188.429 Y112.756 E0
G1 F746.3 X188.427 Y112.77 E0
G1 F743.7 X188.426 Y112.784 E0
G1 F741.1 X188.424 Y112.798 E0.00001
G1 F738.5 X188.422 Y112.812 E0.00001
G1 F735.9 X188.421 Y112.825 E0
G1 F728.3 X188.419 Y112.835 E0
G1 F718.4 X188.417 Y112.849 E0.00001
G1 F708.7 X188.415 Y112.863 E0.00001
G1 F701.7 X188.414 Y112.871 E0
G1 F694.7 X188.412 Y112.881 E0
G1 F687.9 X188.41 Y112.891 E0
G1 F681.3 X188.409 Y112.901 E0
G1 F674.8 X188.407 Y112.911 E0
G1 F668.4 X188.405 Y112.92 E0
G1 F664.2 X188.403 Y112.93 E0
G1 F657.9 X188.402 Y112.94 E0
G1 F651.9 X188.4 Y112.95 E0
G1 F645.9 X188.398 Y112.96 E0
G1 F640 X188.396 Y112.97 E0
G1 F632.3 X188.392 Y112.988 E0.00001
G1 F624.9 X188.389 Y113.002 E0.00001
G1 F617.5 X188.386 Y113.015 E0.00001
G1 F610.4 X188.383 Y113.024 E0
G1 F605.2 X188.38 Y113.033 E0
G1 F600 X188.377 Y113.043 E0
G1 F596.6 X188.374 Y113.052 E0
G1 F591.6 X188.371 Y113.062 E0
G1 F586.7 X188.368 Y113.071 E0
G1 F581.8 X188.364 Y113.081 E0
G1 F577 X188.361 Y113.09 E0
G1 F572.4 X188.358 Y113.1 E0
G1 F567.7 X188.355 Y113.109 E0
G1 F564.7 X188.352 Y113.119 E0
G1 F560.2 X188.349 Y113.128 E0
G1 F555.8 X188.345 Y113.138 E0.00001
G1 F551.4 X188.342 Y113.147 E0
G1 F547.2 X188.339 Y113.157 E0.00001
G1 F542.9 X188.336 Y113.166 E0
G1 F540.2 X188.333 Y113.176 E0.00001
G1 F536 X188.33 Y113.185 E0
G1 F532 X188.326 Y113.195 E0.00001
G1 F529.3 X188.299 Y113.24 E0.00003
G1 F528 X188.235 Y113.329 E0.00005
G1 X188.099 Y113.479 E0.0001
G1 X187.92 Y113.618 E0.00011
G1 X183.392 Y116.23 E0.00261
G1 X183.214 Y116.299 E0.0001
G1 X183.048 Y116.34 E0.00009
G1 X182.894 Y116.355 E0.00008
G1 X182.687 Y116.352 E0.0001
G1 X182.478 Y116.309 E0.00011
G1 X182.252 Y116.222 E0.00012
G1 X177.774 Y113.64 E0.00258
G1 X177.601 Y113.514 E0.00011
G1 X177.484 Y113.401 E0.00008
G1 X177.327 Y113.189 E0.00013
G1 X177.225 Y112.976 E0.00012
G1 X177.166 Y112.753 E0.00012
G1 X177.148 Y112.592 E0.00008
G1 X177.148 Y107.448 E0.00257
G1 X177.16 Y107.248 E0.0001
G1 X177.174 Y107.171 E0.00004
G1 X177.252 Y106.955 E0.00011
G1 X177.341 Y106.786 E0.0001
G1 X177.465 Y106.617 E0.0001
G1 X177.643 Y106.446 E0.00012
G1 X177.735 Y106.383 E0.00006
G1 X181.871 Y103.99 E0.00238
G1 X181.976 Y103.952 E0.00006
G1 X183.624 Y103.948 E0.00082
G1 X183.709 Y103.959 E0.00004
G1 X183.784 Y103.99 E0.00004
G1 X187.864 Y106.342 E0.00235
G1 X188.015 Y106.446 E0.00009
G1 X188.134 Y106.552 E0.00008
G1 X188.214 Y106.64 E0.00006
G1 X188.344 Y106.828 E0.00011
G0 F24000 X188.413 Y106.977
G0 X188.418 Y107.012
G0 X188.412 Y106.813
G1 F528 X188.412 Y99.621 E0.00359
G1 X188.412 Y99.308 E0.00016
M106 S255
G1 F540 X141.584 Y99.308 E0.38938
M106 S51
G1 F528 X141.584 Y99.621 E0.00016
G1 X141.584 Y106.633 E0.0035
G1 F529.3 X141.584 Y106.665 E0.00002
G1 F530.7 X141.583 Y106.697 E0.00002
G1 F532 X141.583 Y106.729 E0.00002
G1 F533.3 X141.582 Y106.761 E0.00002
G1 F534.7 X141.582 Y106.793 E0.00002
G1 F537.4 X141.58 Y106.808 E0.00001
G1 F542.9 X141.578 Y106.821 E0.00001
G1 F548.6 X141.576 Y106.834 E0.00001
G1 F554.3 X141.575 Y106.844 E0
G1 F558.7 X141.573 Y106.855 E0.00001
G1 F563.2 X141.571 Y106.866 E0.00001
G1 F567.7 X141.57 Y106.877 E0.00001
G1 F572.4 X141.568 Y106.888 E0.00001
G1 F577 X141.566 Y106.899 E0.00001
G1 F583.4 X141.565 Y106.91 E0
G1 F588.3 X141.563 Y106.921 E0.00001
G1 F593.3 X141.561 Y106.932 E0
G1 F598.3 X141.56 Y106.943 E0
G1 F603.4 X141.558 Y106.953 E0
G1 F610.4 X141.556 Y106.969 E0.00001
G1 F621.2 X141.553 Y106.987 E0.00001
G1 F628.6 X141.552 Y106.997 E0
G1 F634.2 X141.55 Y107.008 E0
G1 F640 X141.549 Y107.019 E0
G1 F645.9 X141.547 Y107.03 E0
G1 F651.9 X141.545 Y107.041 E0
G1 F657.9 X141.544 Y107.052 E0
G1 F662.1 X141.542 Y107.063 E0
G1 F668.4 X141.54 Y107.074 E0
G1 F674.8 X141.539 Y107.085 E0
G1 F681.3 X141.537 Y107.096 E0
G1 F687.9 X141.536 Y107.107 E0
G1 F694.7 X141.534 Y107.117 E0
G1 F701.7 X141.533 Y107.126 E0
G1 F708.7 X141.532 Y107.138 E0
G1 F715.9 X141.531 Y107.15 E0
G1 F725.8 X141.53 Y107.162 E0
G1 F733.3 X141.528 Y107.174 E0
G1 F738.5 X141.528 Y107.186 E0
G1 F741.1 X141.528 Y107.199 E0
G1 F743.7 X141.527 Y107.212 E0
G1 F746.3 X141.527 Y107.225 E0
G1 F748.9 X141.526 Y107.238 E0
G1 F751.6 X141.526 Y107.251 E0
G1 F754.3 X141.525 Y107.264 E0
G1 F757 X141.525 Y107.277 E0
G1 F759.7 X141.524 Y107.29 E0
G1 F762.5 X141.524 Y107.303 E0
G1 F765.2 X141.523 Y107.316 E0
G1 F768 X141.523 Y107.329 E0
G1 F770.8 X141.522 Y107.342 E0
G1 F773.6 X141.522 Y107.355 E0
G1 X141.52 Y112.622 E0.00179
G1 X141.52 Y112.633 E0
G1 F770.8 X141.52 Y112.644 E0
G1 F768 X141.521 Y112.655 E0
G1 F765.2 X141.521 Y112.666 E0
G1 F762.5 X141.522 Y112.677 E0
G1 X141.522 Y112.688 E0
G1 F759.7 X141.523 Y112.699 E0
G1 F757 X141.523 Y112.71 E0
G1 F754.3 X141.524 Y112.721 E0
G1 F751.6 X141.524 Y112.732 E0
G1 F748.9 X141.525 Y112.743 E0
G1 F746.3 X141.525 Y112.754 E0
G1 F743.7 X141.525 Y112.765 E0
G1 F741.1 X141.526 Y112.776 E0
G1 X141.526 Y112.787 E0
G1 F738.5 X141.527 Y112.798 E0
G1 F735.9 X141.527 Y112.809 E0
G1 F733.3 X141.528 Y112.82 E0
G1 F730.8 X141.528 Y112.831 E0
G1 F725.8 X141.53 Y112.852 E0.00001
G1 F715.9 X141.532 Y112.866 E0.00001
G1 F706.4 X141.534 Y112.88 E0.00001
G1 F699.3 X141.536 Y112.891 E0
G1 F692.5 X141.537 Y112.902 E0
G1 F685.7 X141.539 Y112.913 E0
G1 F679.1 X141.54 Y112.924 E0
G1 F672.6 X141.541 Y112.935 E0
G1 F666.2 X141.543 Y112.946 E0
G1 F662.1 X141.544 Y112.957 E0
G1 F655.9 X141.546 Y112.968 E0
G1 F649.8 X141.547 Y112.979 E0
G1 F643.9 X141.548 Y112.99 E0
G1 F638.1 X141.55 Y113.001 E0
G1 F632.3 X141.551 Y113.011 E0
G1 F626.7 X141.552 Y113.021 E0
G1 F619.4 X141.554 Y113.034 E0.00001
G1 F614 X141.556 Y113.047 E0.00001
G1 F606.9 X141.558 Y113.06 E0.00001
G1 F601.7 X141.559 Y113.067 E0
G1 F596.6 X141.56 Y113.077 E0
G1 F591.6 X141.562 Y113.087 E0
G1 F588.3 X141.563 Y113.097 E0
G1 F583.4 X141.565 Y113.107 E0
G1 F578.6 X141.566 Y113.117 E0
G1 F573.9 X141.568 Y113.127 E0
G1 F569.3 X141.569 Y113.137 E0
G1 F564.7 X141.571 Y113.147 E0
G1 F560.2 X141.572 Y113.157 E0
G1 F557.3 X141.573 Y113.167 E0
G1 F552.9 X141.575 Y113.177 E0
G1 F548.6 X141.576 Y113.187 E0
G1 F542.9 X141.579 Y113.202 E0.00001
G1 F537.4 X141.581 Y113.216 E0.00001
G1 F532 X141.583 Y113.23 E0.00001
G1 F529.3 X141.585 Y113.373 E0.00007
G1 F528 X141.585 Y114.316 E0.00047
G1 X141.585 Y115.316 E0.0005
G1 X141.585 Y120.379 E0.00253
G1 X141.585 Y120.687 E0.00015
M106 S255
G1 F540 X188.412 Y120.688 E0.38937
M106 S51
G1 F528 X188.412 Y120.379 E0.00015
G1 X188.412 Y115.316 E0.00253
G1 X188.412 Y114.316 E0.0005
G1 X188.412 Y113.277 E0.00052
G1 F529.3 X188.413 Y113.215 E0.00003
G1 F532 X188.414 Y113.205 E0
G1 F536 X188.416 Y113.194 E0.00001
G1 F540.2 X188.417 Y113.183 E0.00001
G1 F544.3 X188.419 Y113.172 E0.00001
G1 F548.6 X188.42 Y113.161 E0.00001
G1 F552.9 X188.422 Y113.15 E0.00001
G1 F557.3 X188.424 Y113.139 E0.00001
G1 F561.7 X188.425 Y113.128 E0.00001
G1 F566.2 X188.427 Y113.118 E0
G1 F570.8 X188.428 Y113.107 E0.00001
G1 F575.5 X188.43 Y113.096 E0.00001
G1 F580.2 X188.431 Y113.085 E0.00001
G1 F585 X188.433 Y113.074 E0.00001
G1 F589.9 X188.435 Y113.063 E0
G1 F594.9 X188.436 Y113.052 E0
G1 F600 X188.438 Y113.041 E0
G1 F605.2 X188.439 Y113.03 E0
G1 F610.4 X188.441 Y113.02 E0
G1 F617.5 X188.442 Y113.014 E0
G1 F624.9 X188.444 Y112.999 E0.00001
G1 F632.3 X188.446 Y112.984 E0.00001
G1 F640 X188.448 Y112.974 E0
G1 F645.9 X188.449 Y112.964 E0
G1 F651.9 X188.451 Y112.954 E0
G1 F657.9 X188.452 Y112.944 E0
G1 F664.2 X188.453 Y112.934 E0
G1 F668.4 X188.455 Y112.924 E0
G1 F674.8 X188.456 Y112.914 E0
G1 F681.3 X188.458 Y112.904 E0
G1 F687.9 X188.459 Y112.894 E0
G1 F694.7 X188.46 Y112.884 E0
G1 F701.7 X188.462 Y112.874 E0
G1 F708.7 X188.464 Y112.854 E0.00001
G1 F718.4 X188.466 Y112.839 E0.00001
G1 F728.3 X188.468 Y112.824 E0.00001
G1 F735.9 X188.468 Y112.811 E0
G1 F738.5 X188.469 Y112.797 E0.00001
G1 F741.1 X188.469 Y112.783 E0
G1 F743.7 X188.47 Y112.769 E0
G1 F746.3 X188.47 Y112.755 E0
G1 F748.9 X188.471 Y112.741 E0
G1 F751.6 X188.471 Y112.727 E0
G1 F754.3 X188.472 Y112.713 E0
G1 F757 X188.472 Y112.699 E0
G1 F759.7 X188.473 Y112.685 E0
G1 F762.5 X188.473 Y112.671 E0
G1 F765.2 X188.474 Y112.657 E0
G1 F768 X188.474 Y112.643 E0
G1 F770.8 X188.475 Y112.629 E0
G1 F773.6 X188.475 Y112.534 E0.00003
G1 X188.475 Y112.435 E0.00003
G1 X188.475 Y112.336 E0.00003
G1 X188.475 Y112.237 E0.00003
G1 X188.475 Y112.138 E0.00003
G1 X188.475 Y112.039 E0.00003
G1 X188.475 Y111.94 E0.00003
G1 X188.475 Y111.841 E0.00003
G1 X188.475 Y111.742 E0.00003
G1 X188.475 Y111.643 E0.00003
G1 X188.475 Y111.544 E0.00003
G1 X188.475 Y111.445 E0.00003
G1 X188.475 Y111.346 E0.00003
G1 X188.475 Y111.247 E0.00003
G1 X188.475 Y111.148 E0.00003
G1 X188.475 Y111.049 E0.00003
G1 X188.475 Y110.95 E0.00003
G1 X188.475 Y110.851 E0.00003
G1 X188.475 Y110.752 E0.00003
G1 X188.475 Y110.653 E0.00003
G1 X188.475 Y110.554 E0.00003
G1 X188.475 Y110.455 E0.00003
G1 X188.475 Y110.356 E0.00003
G1 X188.475 Y110.257 E0.00003
G1 X188.475 Y110.158 E0.00003
G1 X188.475 Y110.059 E0.00003
G1 X188.475 Y109.96 E0.00003
G1 F776.5 X188.475 Y109.861 E0.00003
G1 X188.475 Y109.762 E0.00003
G1 X188.475 Y109.663 E0.00003
G1 X188.475 Y109.564 E0.00003
G1 X188.475 Y109.465 E0.00003
G1 X188.475 Y109.366 E0.00003
G1 X188.475 Y109.267 E0.00003
G1 X188.475 Y109.168 E0.00003
G1 X188.475 Y109.069 E0.00003
G1 X188.475 Y108.97 E0.00003
G1 X188.475 Y108.871 E0.00003
G1 X188.475 Y108.772 E0.00003
G1 X188.475 Y108.673 E0.00003
G1 X188.475 Y108.574 E0.00003
G1 X188.475 Y108.475 E0.00003
G1 X188.475 Y108.376 E0.00003
G1 X188.475 Y108.277 E0.00003
G1 X188.475 Y108.178 E0.00003
G1 X188.475 Y108.079 E0.00003
G1 X188.475 Y107.98 E0.00003
G1 X188.475 Y107.881 E0.00003
G1 X188.475 Y107.782 E0.00003
G1 X188.475 Y107.683 E0.00003
G1 X188.475 Y107.584 E0.00003
G1 X188.475 Y107.485 E0.00003
G1 X188.475 Y107.386 E0.00003
G1 F773.6 X188.475 Y107.363 E0.00001
G1 F765.2 X188.473 Y107.353 E0
G1 F757 X188.472 Y107.343 E0
G1 F748.9 X188.47 Y107.333 E0
G1 F738.5 X188.469 Y107.323 E0
G1 F730.8 X188.467 Y107.313 E0
G1 F723.3 X188.466 Y107.303 E0
G1 F715.9 X188.464 Y107.294 E0
G1 F708.7 X188.462 Y107.284 E0
G1 F701.7 X188.461 Y107.274 E0
G1 F694.7 X188.459 Y107.264 E0
G1 F685.7 X188.458 Y107.254 E0
G1 F679.1 X188.456 Y107.244 E0
G1 F672.6 X188.455 Y107.234 E0
G1 F666.2 X188.453 Y107.224 E0
G1 F660 X188.451 Y107.215 E0
G1 F653.9 X188.45 Y107.205 E0
G1 F647.9 X188.448 Y107.195 E0
G1 F641.9 X188.447 Y107.185 E0
G1 F634.2 X188.445 Y107.175 E0
G1 F628.6 X188.444 Y107.165 E0
G1 F623 X188.442 Y107.155 E0
G1 F617.5 X188.44 Y107.145 E0
G1 F610.4 X188.439 Y107.133 E0.00001
G1 F603.4 X188.437 Y107.121 E0.00001
G1 F596.6 X188.435 Y107.109 E0.00001
G1 F589.9 X188.434 Y107.097 E0.00001
G1 F585 X188.432 Y107.087 E0
G1 F580.2 X188.43 Y107.077 E0
G1 F573.9 X188.429 Y107.067 E0
G1 F569.3 X188.427 Y107.057 E0
G1 F564.7 X188.425 Y107.047 E0
G1 F560.2 X188.424 Y107.037 E0
G1 F554.3 X188.422 Y107.028 E0
G1 F550 X188.42 Y107.018 E0
G1 F545.7 X188.419 Y107.008 E0
G1 F541.5 X188.417 Y106.998 E0
G1 F536 X188.415 Y106.988 E0.00001
G1 F532 X188.414 Y106.978 E0
G1 F529.3 X188.412 Y106.813 E0.00008
G0 F24000 X188.412 Y106.613
G0 X188.305 Y106.55
G0 X187.931 Y106.245
G0 X183.745 Y103.83
G0 X181.917 Y103.83
G0 X176.903 Y106.518
G0 X176.538 Y107.007
G1 F528 X176.59 Y107.171 E0.00009
G1 X176.621 Y107.356 E0.00009
G1 X176.62 Y112.633 E0.00263
G1 X176.597 Y112.792 E0.00008
G1 X176.527 Y113.024 E0.00012
G1 X176.445 Y113.189 E0.00009
G1 X176.332 Y113.354 E0.0001
G1 X176.201 Y113.488 E0.00009
G1 X176.067 Y113.598 E0.00009
G1 X171.597 Y116.185 E0.00258
G1 X171.397 Y116.276 E0.00011
G1 X171.156 Y116.344 E0.00012
G1 X170.997 Y116.356 E0.00008
G1 X170.779 Y116.348 E0.00011
G1 X170.61 Y116.316 E0.00009
G1 X170.372 Y116.23 E0.00013
G1 X165.881 Y113.639 E0.00259
G1 X165.707 Y113.508 E0.00011
G1 X165.598 Y113.402 E0.00008
G1 X165.51 Y113.294 E0.00007
G1 X165.364 Y113.038 E0.00015
G1 X165.31 Y112.89 E0.00008
G1 X165.267 Y112.673 E0.00011
G1 X165.264 Y107.379 E0.00264
G1 X165.287 Y107.203 E0.00009
G1 X165.348 Y106.999 E0.00011
G1 X165.473 Y106.755 E0.00014
G1 X165.581 Y106.613 E0.00009
G1 X165.685 Y106.509 E0.00007
G1 X165.811 Y106.403 E0.00008
G1 X169.983 Y103.99 E0.0024
G1 X170.088 Y103.952 E0.00006
G1 X171.736 Y103.948 E0.00082
G1 X171.821 Y103.959 E0.00004
G1 X171.896 Y103.99 E0.00004
G1 X176.001 Y106.356 E0.00236
G1 X176.183 Y106.493 E0.00011
G1 X176.328 Y106.646 E0.00011
G1 X176.48 Y106.874 E0.00014
G1 X176.538 Y107.007 E0.00007
G0 F24000 X176.59 Y107.171
G0 X176.594 Y107.198
G0 X176.903 Y106.518
G0 X176.505 Y106.081
G0 X171.965 Y103.43
G0 X169.922 Y103.43
G0 X165.342 Y106.117
G0 X164.997 Y106.524
G0 X164.671 Y107.058
G1 F528 X164.712 Y107.209 E0.00008
G1 X164.73 Y107.332 E0.00006
G1 X164.735 Y112.641 E0.00265
G1 X164.704 Y112.821 E0.00009
G1 X164.633 Y113.04 E0.00011
G1 X164.534 Y113.226 E0.00011
G1 X164.423 Y113.374 E0.00009
G1 X164.328 Y113.478 E0.00007
G1 X164.185 Y113.593 E0.00009
G1 X159.648 Y116.216 E0.00261
G1 X159.428 Y116.308 E0.00012
G1 X159.36 Y116.328 E0.00004
G1 X159.119 Y116.355 E0.00012
G1 X158.913 Y116.352 E0.0001
G1 X158.752 Y116.321 E0.00008
G1 X158.496 Y116.23 E0.00014
G1 X154.016 Y113.651 E0.00258
G1 X153.812 Y113.504 E0.00013
G1 X153.596 Y113.256 E0.00016
G1 X153.469 Y113.022 E0.00013
G1 X153.405 Y112.817 E0.00011
G1 X153.373 Y112.611 E0.0001
G1 X153.372 Y107.468 E0.00257
G1 X153.39 Y107.261 E0.0001
G1 X153.423 Y107.109 E0.00008
G1 X153.541 Y106.829 E0.00015
G1 X153.653 Y106.666 E0.0001
G1 X153.808 Y106.494 E0.00012
G1 X153.963 Y106.378 E0.0001
G1 X158.095 Y103.99 E0.00238
G1 X158.2 Y103.952 E0.00006
G1 X159.848 Y103.948 E0.00082
G1 X159.933 Y103.959 E0.00004
G1 X160.008 Y103.99 E0.00004
G1 X164.148 Y106.38 E0.00238
G1 X164.289 Y106.484 E0.00009
G1 X164.387 Y106.582 E0.00007
G1 X164.508 Y106.733 E0.0001
G1 X164.606 Y106.904 E0.0001
G1 X164.671 Y107.058 E0.00008
G0 F24000 X164.712 Y107.209
G0 X164.718 Y107.252
G0 X164.997 Y106.524
G0 X164.615 Y106.079
G0 X160.077 Y103.43
G0 X158.034 Y103.43
G0 X153.462 Y106.109
G0 X153.112 Y106.51
G0 X152.784 Y107.058
G1 F528 X152.83 Y107.242 E0.00009
G1 X152.847 Y107.386 E0.00007
G1 X152.851 Y112.559 E0.00258
G1 X152.824 Y112.821 E0.00013
G1 X152.737 Y113.056 E0.00013
G1 X152.585 Y113.315 E0.00015
G1 X152.457 Y113.46 E0.0001
G1 X152.312 Y113.584 E0.0001
G1 X147.732 Y116.23 E0.00264
G1 X147.669 Y116.258 E0.00003
G1 X147.4 Y116.34 E0.00014
G1 X147.227 Y116.355 E0.00009
G1 X147.017 Y116.35 E0.0001
G1 X146.818 Y116.308 E0.0001
G1 X146.604 Y116.23 E0.00011
G1 X142.12 Y113.644 E0.00258
G1 X141.987 Y113.554 E0.00008
G1 X141.891 Y113.474 E0.00006
G1 X141.782 Y113.359 E0.00008
G1 F529.3 X141.674 Y113.202 E0.00009
G1 F532 X141.67 Y113.191 E0.00001
G1 F537.4 X141.666 Y113.18 E0.00001
G1 F542.9 X141.661 Y113.168 E0.00001
G1 F548.6 X141.658 Y113.159 E0
G1 F552.9 X141.655 Y113.15 E0
G1 F557.3 X141.652 Y113.14 E0
G1 F560.2 X141.649 Y113.131 E0
G1 F564.7 X141.646 Y113.121 E0
G1 F569.3 X141.642 Y113.112 E0
G1 F573.9 X141.639 Y113.102 E0
G1 F578.6 X141.636 Y113.093 E0
G1 F583.4 X141.633 Y113.083 E0
G1 F588.3 X141.63 Y113.074 E0
G1 F591.6 X141.626 Y113.064 E0
G1 F596.6 X141.623 Y113.055 E0
G1 F601.7 X141.62 Y113.045 E0
G1 F606.9 X141.616 Y113.032 E0.00001
G1 F614 X141.613 Y113.021 E0
G1 F619.4 X141.61 Y113.009 E0.00001
G1 F626.7 X141.607 Y112.998 E0
G1 F632.3 X141.605 Y112.989 E0
G1 F638.1 X141.603 Y112.978 E0
G1 F643.9 X141.601 Y112.967 E0
G1 F649.8 X141.599 Y112.956 E0
G1 F655.9 X141.597 Y112.945 E0
G1 F662.1 X141.595 Y112.935 E0
G1 F666.2 X141.593 Y112.924 E0
G1 F672.6 X141.591 Y112.913 E0
G1 F679.1 X141.589 Y112.902 E0
G1 F685.7 X141.587 Y112.891 E0
G1 F692.5 X141.585 Y112.88 E0
G1 F699.3 X141.583 Y112.87 E0
G1 F706.4 X141.582 Y112.861 E0
G1 F715.9 X141.58 Y112.848 E0
G1 F725.8 X141.579 Y112.835 E0
G1 F730.8 X141.577 Y112.824 E0
G1 F733.3 X141.576 Y112.813 E0
G1 F735.9 X141.575 Y112.802 E0
G1 F738.5 X141.573 Y112.791 E0
G1 F741.1 X141.572 Y112.78 E0
G1 X141.571 Y112.769 E0
G1 F743.7 X141.569 Y112.758 E0
G1 F746.3 X141.568 Y112.747 E0
G1 F748.9 X141.567 Y112.736 E0
G1 F751.6 X141.565 Y112.726 E0
G1 F754.3 X141.564 Y112.715 E0
G1 F757 X141.563 Y112.704 E0
G1 F759.7 X141.561 Y112.693 E0
G1 F762.5 X141.56 Y112.682 E0
G1 X141.559 Y112.671 E0
G1 F765.2 X141.557 Y112.66 E0
G1 F768 X141.556 Y112.649 E0
G1 F770.8 X141.555 Y112.638 E0
G1 F773.6 X141.553 Y112.627 E0
G1 X141.554 Y107.361 E0.00179
G1 X141.555 Y107.349 E0
G1 F770.8 X141.556 Y107.336 E0
G1 F768 X141.558 Y107.323 E0
G1 F765.2 X141.559 Y107.31 E0
G1 F762.5 X141.561 Y107.297 E0
G1 F759.7 X141.562 Y107.284 E0
G1 F757 X141.564 Y107.271 E0
G1 F754.3 X141.565 Y107.258 E0
G1 F751.6 X141.567 Y107.245 E0
G1 F748.9 X141.568 Y107.232 E0
G1 F746.3 X141.57 Y107.219 E0
G1 F743.7 X141.571 Y107.206 E0
G1 F741.1 X141.573 Y107.193 E0
G1 F738.5 X141.574 Y107.18 E0
G1 F733.3 X141.576 Y107.165 E0.00001
G1 F725.8 X141.577 Y107.154 E0
G1 F715.9 X141.579 Y107.143 E0
G1 F708.7 X141.58 Y107.132 E0
G1 F701.7 X141.582 Y107.121 E0
G1 F694.7 X141.584 Y107.112 E0
G1 F687.9 X141.586 Y107.101 E0
G1 F681.3 X141.588 Y107.09 E0
G1 F674.8 X141.591 Y107.08 E0
G1 F668.4 X141.593 Y107.069 E0
G1 F662.1 X141.595 Y107.058 E0
G1 F657.9 X141.598 Y107.047 E0
G1 F651.9 X141.6 Y107.037 E0
G1 F645.9 X141.602 Y107.026 E0
G1 F640 X141.605 Y107.015 E0
G1 F634.2 X141.607 Y107.004 E0
G1 F628.6 X141.609 Y106.994 E0
G1 F621.2 X141.612 Y106.98 E0.00001
G1 F610.4 X141.616 Y106.964 E0.00001
G1 F603.4 X141.619 Y106.954 E0
G1 F598.3 X141.622 Y106.944 E0
G1 F593.3 X141.626 Y106.933 E0.00001
G1 F588.3 X141.629 Y106.923 E0
G1 F583.4 X141.633 Y106.912 E0.00001
G1 F577 X141.636 Y106.902 E0
G1 F572.4 X141.64 Y106.891 E0.00001
G1 F567.7 X141.643 Y106.881 E0
G1 F563.2 X141.647 Y106.871 E0.00001
G1 F558.7 X141.65 Y106.86 E0.00001
G1 F554.3 X141.653 Y106.85 E0
G1 F548.6 X141.657 Y106.841 E0
G1 F542.9 X141.661 Y106.83 E0.00001
G1 F537.4 X141.665 Y106.819 E0.00001
G1 F534.7 X141.681 Y106.792 E0.00002
G1 F533.3 X141.698 Y106.765 E0.00002
G1 F532 X141.715 Y106.738 E0.00002
G1 F530.7 X141.732 Y106.711 E0.00002
G1 F529.3 X141.749 Y106.684 E0.00002
G1 F528 X141.934 Y106.484 E0.00014
G1 X142.116 Y106.354 E0.00011
G1 X146.212 Y103.99 E0.00236
G1 X146.316 Y103.952 E0.00006
G1 X147.964 Y103.948 E0.00082
G1 X148.049 Y103.959 E0.00004
G1 X148.124 Y103.99 E0.00004
G1 X152.223 Y106.355 E0.00236
G1 X152.372 Y106.462 E0.00009
G1 X152.549 Y106.635 E0.00012
G1 X152.612 Y106.72 E0.00005
G1 X152.712 Y106.886 E0.0001
G1 X152.784 Y107.058 E0.00009
G0 F24000 X152.83 Y107.242
G0 X152.831 Y107.251
G0 X153.112 Y107.355
;TYPE:WALL-INNER
G1 F567.7 X153.112 Y107.376 E0.00001
G1 F570.8 X153.112 Y107.397 E0.00001
G1 F575.5 X153.111 Y107.418 E0.00001
G1 F578.6 X153.11 Y107.468 E0.00002
G1 F581.8 X153.11 Y107.518 E0.00002
G1 X153.11 Y107.568 E0.00002
G1 X153.11 Y107.618 E0.00002
G1 X153.11 Y107.668 E0.00002
G1 X153.11 Y107.718 E0.00002
G1 X153.11 Y107.768 E0.00002
G1 X153.11 Y107.818 E0.00002
G1 X153.11 Y107.868 E0.00002
G1 X153.11 Y107.918 E0.00002
G1 X153.11 Y107.968 E0.00002
G1 X153.11 Y108.018 E0.00002
G1 X153.11 Y108.068 E0.00002
G1 X153.11 Y108.118 E0.00002
G1 X153.11 Y108.168 E0.00002
G1 X153.11 Y108.218 E0.00002
G1 X153.11 Y108.268 E0.00002
G1 X153.11 Y108.318 E0.00002
G1 X153.11 Y108.368 E0.00002
G1 X153.11 Y108.418 E0.00002
G1 X153.11 Y108.468 E0.00002
G1 X153.11 Y108.518 E0.00002
G1 X153.11 Y108.568 E0.00002
G1 X153.11 Y108.618 E0.00002
G1 X153.11 Y108.668 E0.00002
G1 X153.11 Y108.718 E0.00002
G1 X153.11 Y108.768 E0.00002
G1 F583.4 X153.11 Y108.818 E0.00002
G1 X153.11 Y108.868 E0.00002
G1 X153.11 Y108.918 E0.00002
G1 X153.11 Y108.968 E0.00002
G1 X153.11 Y109.018 E0.00002
G1 X153.11 Y109.068 E0.00002
G1 X153.11 Y109.118 E0.00002
G1 X153.11 Y109.168 E0.00002
G1 X153.11 Y109.218 E0.00002
G1 X153.11 Y109.268 E0.00002
G1 X153.11 Y109.318 E0.00002
G1 X153.11 Y109.368 E0.00002
G1 X153.11 Y109.418 E0.00002
G1 X153.11 Y109.468 E0.00002
G1 X153.11 Y109.518 E0.00002
G1 X153.11 Y109.568 E0.00002
G1 X153.11 Y109.618 E0.00002
G1 X153.11 Y109.668 E0.00002
G1 X153.11 Y109.718 E0.00002
G1 X153.11 Y109.768 E0.00002
G1 X153.11 Y109.818 E0.00002
G1 X153.11 Y109.868 E0.00002
G1 X153.11 Y109.918 E0.00002
G1 X153.11 Y109.968 E0.00002
G1 X153.111 Y110.018 E0.00002
G1 F585 X153.111 Y110.068 E0.00002
G1 X153.111 Y110.118 E0.00002
G1 X153.111 Y110.168 E0.00002
G1 X153.111 Y110.218 E0.00002
G1 X153.111 Y110.268 E0.00002
G1 X153.111 Y110.318 E0.00002
G1 X153.111 Y110.368 E0.00002
G1 X153.111 Y110.418 E0.00002
G1 X153.111 Y110.468 E0.00002
G1 X153.111 Y110.518 E0.00002
G1 X153.111 Y110.568 E0.00002
G1 X153.111 Y110.618 E0.00002
G1 X153.111 Y110.668 E0.00002
G1 X153.111 Y110.718 E0.00002
G1 X153.111 Y110.768 E0.00002
G1 X153.111 Y110.818 E0.00002
G1 X153.111 Y110.868 E0.00002
G1 X153.111 Y110.918 E0.00002
G1 X153.111 Y110.968 E0.00002
G1 X153.111 Y111.018 E0.00002
G1 X153.111 Y111.068 E0.00002
G1 X153.111 Y111.118 E0.00002
G1 X153.111 Y111.168 E0.00002
G1 X153.111 Y111.218 E0.00002
G1 X153.111 Y111.268 E0.00002
G1 X153.111 Y111.318 E0.00002
G1 F586.7 X153.111 Y111.368 E0.00002
G1 X153.111 Y111.418 E0.00002
G1 X153.111 Y111.468 E0.00002
G1 X153.111 Y111.518 E0.00002
G1 X153.111 Y111.568 E0.00002
G1 X153.111 Y111.618 E0.00002
G1 X153.111 Y111.668 E0.00002
G1 X153.111 Y111.718 E0.00002
G1 X153.111 Y111.768 E0.00002
G1 X153.111 Y111.818 E0.00002
G1 X153.111 Y111.868 E0.00002
G1 X153.111 Y111.918 E0.00002
G1 X153.111 Y111.968 E0.00002
G1 X153.111 Y112.018 E0.00002
G1 X153.111 Y112.068 E0.00002
G1 X153.111 Y112.118 E0.00002
G1 X153.111 Y112.168 E0.00002
G1 X153.111 Y112.218 E0.00002
G1 X153.111 Y112.268 E0.00002
G1 X153.111 Y112.318 E0.00002
G1 X153.111 Y112.368 E0.00002
G1 X153.111 Y112.418 E0.00002
G1 X153.111 Y112.468 E0.00002
G1 X153.111 Y112.518 E0.00002
G1 X153.112 Y112.568 E0.00002
G1 F585 X153.111 Y112.58 E0.00001
G1 F581.8 X153.111 Y112.599 E0.00001
G1 F575.5 X153.11 Y112.618 E0.00001
G1 F570.8 X153.109 Y112.637 E0.00001
G1 F564.7 X153.11 Y112.661 E0.00001
G0 F24000 X153.11 Y113.479
G0 X153.454 Y113.886
G0 X158.315 Y116.727
G0 X158.896 Y116.873
G0 X159.607 Y116.797
G0 X164.481 Y114.025
G0 X165.001 Y113.477
G0 X165 Y112.667
G1 F570.8 X165 Y112.624 E0.00002
G1 F573.9 X165 Y112.608 E0.00001
G1 X165 Y112.558 E0.00002
G1 X165 Y112.508 E0.00002
G1 X165 Y112.458 E0.00002
G1 X165 Y112.408 E0.00002
G1 X165 Y112.358 E0.00002
G1 X165 Y112.308 E0.00002
G1 X165 Y112.258 E0.00002
G1 X165 Y112.208 E0.00002
G1 X165 Y112.158 E0.00002
G1 X165 Y112.108 E0.00002
G1 X165 Y112.058 E0.00002
G1 X165 Y112.008 E0.00002
G1 X165 Y111.958 E0.00002
G1 X165 Y111.908 E0.00002
G1 X165 Y111.858 E0.00002
G1 X165 Y111.808 E0.00002
G1 X165 Y111.758 E0.00002
G1 X165 Y111.708 E0.00002
G1 X165 Y111.658 E0.00002
G1 X165 Y111.608 E0.00002
G1 X165 Y111.558 E0.00002
G1 X165 Y111.508 E0.00002
G1 X165 Y111.458 E0.00002
G1 X165 Y111.408 E0.00002
G1 X165 Y111.358 E0.00002
G1 X165 Y111.308 E0.00002
G1 F572.4 X165 Y111.258 E0.00002
G1 X165 Y111.208 E0.00002
G1 X165 Y111.158 E0.00002
G1 X165 Y111.108 E0.00002
G1 X165 Y111.058 E0.00002
G1 X165 Y111.008 E0.00002
G1 X165 Y110.958 E0.00002
G1 X165 Y110.908 E0.00002
G1 X165 Y110.858 E0.00002
G1 X165 Y110.808 E0.00002
G1 X165 Y110.758 E0.00002
G1 X165 Y110.708 E0.00002
G1 X165 Y110.658 E0.00002
G1 X165 Y110.608 E0.00002
G1 X165 Y110.558 E0.00002
G1 X165 Y110.508 E0.00002
G1 X165 Y110.458 E0.00002
G1 X165 Y110.408 E0.00002
G1 X165 Y110.358 E0.00002
G1 X165 Y110.308 E0.00002
G1 X165 Y110.258 E0.00002
G1 X165 Y110.208 E0.00002
G1 X165 Y110.158 E0.00002
G1 X165 Y110.108 E0.00002
G1 X165 Y110.058 E0.00002
G1 X165 Y110.008 E0.00002
G1 F570.8 X164.999 Y109.958 E0.00002
G1 X164.999 Y109.908 E0.00002
G1 X164.999 Y109.858 E0.00002
G1 X164.999 Y109.808 E0.00002
G1 X164.999 Y109.758 E0.00002
G1 X164.999 Y109.708 E0.00002
G1 X164.999 Y109.658 E0.00002
G1 X164.999 Y109.608 E0.00002
G1 X164.999 Y109.558 E0.00002
G1 X164.999 Y109.508 E0.00002
G1 X164.999 Y109.458 E0.00002
G1 X164.999 Y109.408 E0.00002
G1 X164.999 Y109.358 E0.00002
G1 X164.999 Y109.308 E0.00002
G1 X164.999 Y109.258 E0.00002
G1 X164.999 Y109.208 E0.00002
G1 X164.999 Y109.158 E0.00002
G1 X164.999 Y109.108 E0.00002
G1 X164.999 Y109.058 E0.00002
G1 X164.999 Y109.008 E0.00002
G1 X164.999 Y108.958 E0.00002
G1 X164.999 Y108.908 E0.00002
G1 X164.999 Y108.858 E0.00002
G1 X164.999 Y108.808 E0.00002
G1 X164.999 Y108.758 E0.00002
G1 X164.999 Y108.708 E0.00002
G1 X164.999 Y108.658 E0.00002
G1 F569.3 X164.999 Y108.608 E0.00002
G1 X164.999 Y108.558 E0.00002
G1 X164.999 Y108.508 E0.00002
G1 X164.999 Y108.458 E0.00002
G1 X164.999 Y108.408 E0.00002
G1 X164.999 Y108.358 E0.00002
G1 X164.999 Y108.308 E0.00002
G1 X164.999 Y108.258 E0.00002
G1 X164.999 Y108.208 E0.00002
G1 X164.999 Y108.158 E0.00002
G1 X164.999 Y108.108 E0.00002
G1 X164.999 Y108.058 E0.00002
G1 X164.999 Y108.008 E0.00002
G1 X164.999 Y107.958 E0.00002
G1 X164.999 Y107.908 E0.00002
G1 X164.999 Y107.858 E0.00002
G1 X164.999 Y107.808 E0.00002
G1 X164.999 Y107.758 E0.00002
G1 X164.999 Y107.708 E0.00002
G1 X164.999 Y107.658 E0.00002
G1 X164.999 Y107.608 E0.00002
G1 X164.999 Y107.558 E0.00002
G1 X164.999 Y107.508 E0.00002
G1 X164.999 Y107.458 E0.00002
G1 X164.999 Y107.408 E0.00002
G1 X164.998 Y107.358 E0.00002
G1 F566.2 X164.998 Y107.36 E0
G1 F563.2 X164.998 Y107.344 E0.00001
G1 F558.7 X164.998 Y107.328 E0.00001
G1 F555.8 X164.998 Y107.312 E0.00001
G1 F552.9 X164.998 Y107.296 E0.00001
G0 F24000 X164.997 Y106.524
G0 X165.519 Y105.975
G0 X169.922 Y103.43
G0 X171.965 Y103.43
G0 X176.505 Y106.081
G0 X176.903 Y106.518
G0 X176.885 Y107.25
G1 F545.7 X176.885 Y107.262 E0.00001
G1 F548.6 X176.885 Y107.274 E0.00001
G1 F551.4 X176.885 Y107.286 E0.00001
G1 F554.3 X176.885 Y107.298 E0.00001
G1 F555.8 X176.886 Y107.31 E0.00001
G1 F558.7 X176.886 Y107.322 E0.00001
G1 F561.7 X176.886 Y107.334 E0.00001
G1 F564.7 X176.886 Y107.346 E0.00001
G1 F567.7 X176.887 Y107.358 E0.00001
G1 F569.3 X176.886 Y107.395 E0.00002
G1 F572.4 X176.885 Y107.434 E0.00002
G1 F573.9 X176.885 Y107.533 E0.00005
G1 X176.885 Y107.633 E0.00005
G1 X176.885 Y107.733 E0.00005
G1 X176.885 Y107.833 E0.00005
G1 X176.885 Y107.933 E0.00005
G1 X176.885 Y108.033 E0.00005
G1 X176.885 Y108.133 E0.00005
G1 X176.885 Y108.233 E0.00005
G1 X176.885 Y108.333 E0.00005
G1 X176.885 Y108.433 E0.00005
G1 X176.885 Y108.533 E0.00005
G1 X176.885 Y108.633 E0.00005
G1 X176.885 Y108.733 E0.00005
G1 X176.885 Y108.833 E0.00005
G1 X176.885 Y108.933 E0.00005
G1 X176.885 Y109.033 E0.00005
G1 X176.885 Y109.133 E0.00005
G1 X176.885 Y109.233 E0.00005
G1 X176.885 Y109.333 E0.00005
G1 X176.885 Y109.433 E0.00005
G1 X176.885 Y109.533 E0.00005
G1 X176.885 Y109.633 E0.00005
G1 X176.885 Y109.733 E0.00005
G1 X176.885 Y109.833 E0.00005
G1 X176.885 Y109.933 E0.00005
G1 X176.885 Y110.033 E0.00005
G1 F572.4 X176.885 Y110.133 E0.00005
G1 X176.885 Y110.233 E0.00005
G1 X176.885 Y110.333 E0.00005
G1 X176.885 Y110.433 E0.00005
G1 X176.885 Y110.533 E0.00005
G1 X176.885 Y110.633 E0.00005
G1 X176.885 Y110.733 E0.00005
G1 X176.885 Y110.833 E0.00005
G1 X176.885 Y110.933 E0.00005
G1 X176.885 Y111.033 E0.00005
G1 X176.885 Y111.133 E0.00005
G1 X176.885 Y111.233 E0.00005
G1 X176.885 Y111.333 E0.00005
G1 X176.885 Y111.433 E0.00005
G1 X176.885 Y111.533 E0.00005
G1 X176.885 Y111.633 E0.00005
G1 X176.885 Y111.733 E0.00005
G1 X176.885 Y111.833 E0.00005
G1 X176.885 Y111.933 E0.00005
G1 X176.885 Y112.033 E0.00005
G1 X176.885 Y112.133 E0.00005
G1 X176.885 Y112.233 E0.00005
G1 X176.885 Y112.333 E0.00005
G1 X176.885 Y112.433 E0.00005
G1 X176.885 Y112.533 E0.00005
G1 X176.885 Y112.633 E0.00005
G1 F567.7 X176.886 Y112.656 E0.00001
G0 F24000 X176.888 Y113.485
G0 X176.693 Y113.711
G0 X171.533 Y118.5
G1 F964.4 X171.523 Y118.5 E0
G1 F968.8 X171.513 Y118.501 E0
G1 F977.8 X171.503 Y118.501 E0
G1 F982.3 X171.493 Y118.502 E0
G1 F986.9 X171.483 Y118.502 E0
G1 F996.2 X171.473 Y118.503 E0
G1 F1000.9 X171.463 Y118.503 E0
G1 F1005.7 X171.453 Y118.504 E0
G1 F1015.4 X171.443 Y118.504 E0
G1 F1020.3 X171.433 Y118.505 E0
G1 F1025.2 X171.423 Y118.506 E0
G1 F1035.3 X171.413 Y118.506 E0
G1 F1040.4 X171.403 Y118.507 E0
G1 F1045.5 X171.393 Y118.507 E0
G1 F1056 X171.383 Y118.508 E0
G1 F1061.3 X171.373 Y118.508 E0
G1 F1066.7 X171.363 Y118.509 E0
G1 F1077.6 X171.353 Y118.509 E0
G1 F1083.1 X171.343 Y118.51 E0
G1 F1088.7 X171.333 Y118.51 E0
G1 F1100 X171.323 Y118.511 E0
G1 F1105.8 X171.313 Y118.512 E0
G1 F1111.6 X171.303 Y118.512 E0
G1 F1123.4 X171.293 Y118.513 E0
G1 F1129.4 X171.283 Y118.513 E0
G1 F1135.5 X171.273 Y118.514 E0
G1 F1147.8 X171.263 Y118.514 E0
G1 F1154.1 X171.235 Y118.515 E0.00001
G1 F1166.9 X171.21 Y118.516 E0.00001
G1 F1173.3 X171.185 Y118.517 E0.00001
G1 F1186.5 X171.16 Y118.518 E0.00001
G1 F1200 X171.135 Y118.519 E0.00001
G1 F1206.9 X171.096 Y118.519 E0.00001
G1 F1213.8 X171.056 Y118.52 E0.00001
G1 F1220.8 X171.016 Y118.521 E0.00001
G1 F1227.9 X170.976 Y118.522 E0.00001
G1 F1220.8 X170.907 Y118.522 E0.00001
G1 F1213.8 X170.859 Y118.522 E0.00001
G1 F1200 X170.811 Y118.521 E0.00001
G1 F1193.2 X170.763 Y118.52 E0.00001
G1 F1186.5 X170.753 Y118.52 E0
G1 F1179.9 X170.743 Y118.52 E0
G1 F1173.3 X170.733 Y118.519 E0
G1 F1166.9 X170.723 Y118.519 E0
G1 F1160.4 X170.713 Y118.518 E0
G1 F1154.1 X170.703 Y118.518 E0
G1 F1147.8 X170.693 Y118.517 E0
G1 F1141.6 X170.683 Y118.517 E0
G1 F1135.5 X170.673 Y118.516 E0
G1 X170.663 Y118.516 E0
G1 F1129.4 X170.653 Y118.515 E0
G1 F1123.4 X170.643 Y118.515 E0
G1 F1117.5 X170.633 Y118.514 E0
G1 F1111.6 X170.623 Y118.514 E0
G1 F1105.8 X170.613 Y118.513 E0
G1 F1100 X170.603 Y118.513 E0
G1 F1094.3 X170.593 Y118.512 E0
G1 F1088.7 X170.583 Y118.512 E0
G1 F1083.1 X170.573 Y118.511 E0
G1 F1077.6 X170.563 Y118.511 E0
G1 F1072.1 X170.553 Y118.51 E0
G1 F1066.7 X170.543 Y118.51 E0
G1 F1061.3 X170.533 Y118.509 E0
G1 F1056 X170.523 Y118.509 E0
G1 F1050.7 X170.513 Y118.508 E0
G1 F1045.5 X170.503 Y118.508 E0
G1 X170.493 Y118.507 E0
G1 F1040.4 X170.483 Y118.507 E0
G1 F1035.3 X170.473 Y118.506 E0
G1 F1030.2 X170.463 Y118.506 E0
G1 F1025.2 X170.453 Y118.505 E0
G1 F1020.3 X170.443 Y118.505 E0
G1 F1015.4 X170.433 Y118.504 E0
G1 F1010.5 X170.423 Y118.504 E0
G1 F1005.7 X170.409 Y118.503 E0
G1 F996.2 X170.398 Y118.502 E0
G1 F986.9 X170.387 Y118.501 E0
G1 F982.3 X170.376 Y118.5 E0
G1 F973.3 X170.365 Y118.499 E0
G1 F964.4 X170.354 Y118.498 E0
G1 F960 X170.343 Y118.497 E0
G1 F951.4 X170.332 Y118.496 E0
G1 F947.1 X170.321 Y118.495 E0
G1 F938.7 X170.31 Y118.494 E0
G1 F930.4 X170.299 Y118.493 E0
G0 F24000 X159.738 Y118.492
G1 F898.7 X159.728 Y118.492 E0
G1 F906.4 X159.718 Y118.493 E0
G1 F910.3 X159.708 Y118.494 E0
G1 F918.3 X159.698 Y118.494 E0
G1 F922.3 X159.688 Y118.495 E0
G1 F930.4 X159.678 Y118.496 E0
G1 F934.5 X159.668 Y118.496 E0
G1 F942.9 X159.658 Y118.497 E0
G1 F947.1 X159.648 Y118.498 E0
G1 F955.7 X159.638 Y118.498 E0
G1 F960 X159.628 Y118.499 E0
G1 F968.8 X159.618 Y118.5 E0
G1 F973.3 X159.608 Y118.5 E0
G1 F982.3 X159.598 Y118.501 E0
G1 F986.9 X159.588 Y118.502 E0
G1 F996.2 X159.578 Y118.502 E0
G1 F1000.9 X159.566 Y118.503 E0
G1 F1005.7 X159.556 Y118.504 E0
G1 F1010.5 X159.546 Y118.504 E0
G1 F1015.4 X159.536 Y118.505 E0
G1 F1020.3 X159.526 Y118.505 E0
G1 F1025.2 X159.516 Y118.506 E0
G1 F1035.3 X159.506 Y118.506 E0
G1 F1040.4 X159.496 Y118.507 E0
G1 F1045.5 X159.486 Y118.507 E0
G1 F1050.7 X159.476 Y118.508 E0
G1 F1056 X159.466 Y118.508 E0
G1 F1061.3 X159.456 Y118.509 E0
G1 F1066.7 X159.446 Y118.51 E0
G1 F1072.1 X159.436 Y118.51 E0
G1 F1077.6 X159.426 Y118.511 E0
G1 F1083.1 X159.416 Y118.511 E0
G1 F1088.7 X159.406 Y118.512 E0
G1 F1100 X159.396 Y118.512 E0
G1 F1105.8 X159.386 Y118.513 E0
G1 F1111.6 X159.376 Y118.513 E0
G1 F1117.5 X159.366 Y118.514 E0
G1 F1123.4 X159.356 Y118.514 E0
G1 F1129.4 X159.342 Y118.515 E0
G1 F1135.5 X159.33 Y118.515 E0
G1 X159.318 Y118.515 E0
G1 F1141.6 X159.306 Y118.516 E0
G1 F1147.8 X159.294 Y118.516 E0
G1 X159.282 Y118.516 E0
G1 F1154.1 X159.27 Y118.517 E0
G1 F1160.4 X159.258 Y118.517 E0
G1 F1166.9 X159.246 Y118.517 E0
G1 X159.234 Y118.518 E0
G1 F1173.3 X159.222 Y118.518 E0
G1 F1179.9 X159.21 Y118.518 E0
G1 F1186.5 X159.198 Y118.519 E0
G1 X159.186 Y118.519 E0
G1 F1193.2 X159.174 Y118.519 E0
G1 F1200 X159.162 Y118.519 E0
G1 X159.15 Y118.52 E0
G1 F1206.9 X159.138 Y118.52 E0
G1 F1213.8 X159.126 Y118.52 E0
G1 F1220.8 X159.114 Y118.521 E0
G1 X159.102 Y118.521 E0
G1 F1227.9 X159.09 Y118.521 E0
G1 X158.968 Y118.522 E0.00003
G1 X158.958 Y118.522 E0
G1 F1220.8 X158.948 Y118.522 E0
G1 F1213.8 X158.938 Y118.521 E0
G1 F1206.9 X158.928 Y118.521 E0
G1 X158.918 Y118.52 E0
G1 F1200 X158.908 Y118.52 E0
G1 F1193.2 X158.898 Y118.52 E0
G1 F1186.5 X158.888 Y118.519 E0
G1 F1179.9 X158.878 Y118.519 E0
G1 F1173.3 X158.868 Y118.518 E0
G1 F1166.9 X158.858 Y118.518 E0
G1 X158.848 Y118.517 E0
G1 F1160.4 X158.838 Y118.517 E0
G1 F1154.1 X158.828 Y118.517 E0
G1 F1147.8 X158.818 Y118.516 E0
G1 F1141.6 X158.808 Y118.516 E0
G1 F1135.5 X158.798 Y118.515 E0
G1 F1129.4 X158.788 Y118.515 E0
G1 X158.778 Y118.514 E0
G1 F1123.4 X158.768 Y118.514 E0
G1 F1117.5 X158.758 Y118.514 E0
G1 F1111.6 X158.748 Y118.513 E0
G1 F1105.8 X158.738 Y118.513 E0
G1 F1100 X158.728 Y118.512 E0
G1 F1094.3 X158.718 Y118.512 E0
G1 X158.708 Y118.511 E0
G1 F1088.7 X158.698 Y118.511 E0
G1 F1083.1 X158.688 Y118.511 E0
G1 F1077.6 X158.678 Y118.51 E0
G1 F1072.1 X158.668 Y118.51 E0
G1 F1066.7 X158.658 Y118.509 E0
G1 F1061.3 X158.648 Y118.509 E0
G1 X158.638 Y118.509 E0
G1 F1056 X158.628 Y118.508 E0
G1 F1050.7 X158.618 Y118.508 E0
G1 F1045.5 X158.608 Y118.507 E0
G1 F1040.4 X158.598 Y118.507 E0
G1 F1035.3 X158.588 Y118.506 E0
G1 F1030.2 X158.578 Y118.506 E0
G1 X158.568 Y118.506 E0
G1 F1025.2 X158.558 Y118.505 E0
G1 F1020.3 X158.548 Y118.505 E0
G1 F1015.4 X158.532 Y118.504 E0
G1 F1005.7 X158.521 Y118.503 E0
G1 F996.2 X158.51 Y118.502 E0
G1 F986.9 X158.499 Y118.501 E0
G1 F977.8 X158.488 Y118.5 E0
G1 F968.8 X158.477 Y118.499 E0
G1 F964.4 X158.466 Y118.498 E0
G1 F955.7 X158.455 Y118.497 E0
G1 F947.1 X158.444 Y118.496 E0
G1 F938.7 X158.433 Y118.495 E0
G1 F930.4 X158.422 Y118.494 E0
G0 F24000 X147.777 Y118.498
G1 F947.1 X147.767 Y118.498 E0
G1 F955.7 X147.757 Y118.499 E0
G1 F960 X147.747 Y118.499 E0
G1 F964.4 X147.737 Y118.5 E0
G1 F973.3 X147.727 Y118.501 E0
G1 F977.8 X147.717 Y118.501 E0
G1 F982.3 X147.707 Y118.502 E0
G1 F991.5 X147.697 Y118.502 E0
G1 F996.2 X147.687 Y118.503 E0
G1 F1000.9 X147.677 Y118.504 E0
G1 F1010.5 X147.667 Y118.504 E0
G1 F1015.4 X147.657 Y118.505 E0
G1 F1025.2 X147.647 Y118.506 E0
G1 F1030.2 X147.637 Y118.506 E0
G1 F1035.3 X147.627 Y118.507 E0
G1 F1045.5 X147.617 Y118.507 E0
G1 F1050.7 X147.607 Y118.508 E0
G1 F1056 X147.597 Y118.509 E0
G1 F1066.7 X147.587 Y118.509 E0
G1 F1072.1 X147.577 Y118.51 E0
G1 F1077.6 X147.567 Y118.511 E0
G1 F1088.7 X147.557 Y118.511 E0
G1 F1094.3 X147.535 Y118.512 E0.00001
G1 F1100 X147.519 Y118.513 E0
G1 F1111.6 X147.503 Y118.514 E0
G1 F1117.5 X147.487 Y118.514 E0
G1 F1123.4 X147.471 Y118.515 E0
G1 F1135.5 X147.455 Y118.516 E0
G1 F1141.6 X147.439 Y118.516 E0
G1 F1147.8 X147.423 Y118.517 E0
G1 F1160.4 X147.407 Y118.518 E0
G1 F1166.9 X147.388 Y118.518 E0
G1 F1173.3 X147.369 Y118.518 E0
G1 F1179.9 X147.35 Y118.519 E0
G1 F1186.5 X147.331 Y118.519 E0
G1 F1193.2 X147.312 Y118.519 E0
G1 X147.293 Y118.52 E0
G1 F1200 X147.274 Y118.52 E0
G1 F1206.9 X147.255 Y118.52 E0
G1 F1213.8 X147.236 Y118.521 E0
G1 F1220.8 X147.217 Y118.521 E0
G1 F1227.9 X147.198 Y118.522 E0
G1 X147.08 Y118.522 E0.00003
G1 X147.071 Y118.522 E0
G1 F1220.8 X147.061 Y118.522 E0
G1 F1213.8 X147.051 Y118.521 E0
G1 F1206.9 X147.041 Y118.521 E0
G1 F1200 X147.031 Y118.52 E0
G1 F1193.2 X147.021 Y118.52 E0
G1 F1186.5 X147.011 Y118.519 E0
G1 F1179.9 X147.001 Y118.519 E0
G1 F1173.3 X146.991 Y118.518 E0
G1 F1166.9 X146.981 Y118.518 E0
G1 F1160.4 X146.971 Y118.517 E0
G1 F1154.1 X146.961 Y118.517 E0
G1 F1147.8 X146.951 Y118.516 E0
G1 F1141.6 X146.941 Y118.516 E0
G1 F1135.5 X146.931 Y118.515 E0
G1 F1129.4 X146.921 Y118.515 E0
G1 F1123.4 X146.911 Y118.514 E0
G1 F1117.5 X146.901 Y118.514 E0
G1 F1111.6 X146.891 Y118.513 E0
G1 F1105.8 X146.881 Y118.513 E0
G1 F1100 X146.871 Y118.512 E0
G1 F1094.3 X146.861 Y118.512 E0
G1 F1088.7 X146.851 Y118.511 E0
G1 F1083.1 X146.841 Y118.511 E0
G1 F1072.1 X146.831 Y118.51 E0
G1 F1066.7 X146.821 Y118.51 E0
G1 F1061.3 X146.811 Y118.509 E0
G1 F1056 X146.801 Y118.509 E0
G1 F1050.7 X146.791 Y118.508 E0
G1 F1045.5 X146.781 Y118.508 E0
G1 F1040.4 X146.771 Y118.507 E0
G1 F1035.3 X146.761 Y118.507 E0
G1 F1030.2 X146.751 Y118.506 E0
G1 F1025.2 X146.741 Y118.506 E0
G1 F1020.3 X146.731 Y118.505 E0
G1 F1015.4 X146.721 Y118.505 E0
G1 F1010.5 X146.711 Y118.504 E0
G1 F1005.7 X146.701 Y118.504 E0
G1 F1000.9 X146.691 Y118.504 E0
G1 F996.2 X146.681 Y118.503 E0
G1 F991.5 X146.671 Y118.503 E0
G1 F986.9 X146.661 Y118.502 E0
G1 F982.3 X146.651 Y118.502 E0
G1 F977.8 X146.641 Y118.501 E0
G1 F973.3 X146.631 Y118.501 E0
G1 F968.8 X146.621 Y118.5 E0
G1 F964.4 X146.611 Y118.5 E0
G1 F960 X146.601 Y118.499 E0
G1 F955.7 X146.591 Y118.499 E0
G1 F951.4 X146.579 Y118.497 E0
G1 F942.9 X146.569 Y118.496 E0
G1 F934.5 X146.559 Y118.495 E0
G1 F926.3 X146.549 Y118.494 E0
G1 F922.3 X146.539 Y118.493 E0
G1 F914.3 X146.529 Y118.492 E0
G1 F906.4 X146.519 Y118.491 E0
G1 F898.7 X146.509 Y118.49 E0
G1 F894.9 X146.499 Y118.489 E0
G1 F887.4 X146.489 Y118.488 E0
G1 F880 X146.479 Y118.487 E0
G1 F872.7 X146.469 Y118.486 E0
G1 F869.1 X146.459 Y118.485 E0
G1 F862 X146.449 Y118.484 E0
G1 F855.1 X146.439 Y118.483 E0
G1 F848.2 X146.429 Y118.482 E0
G1 F60 E-0.001
G1 F18000 Z3.1
G0 F24000 X146.429 Y118.482 Z3.1
G0 X159.194 Y109.923
G1 F18000 Z1.5
G1 F60 E0.001
G1 F1131.45 X159.052 Y109.835 Z1.444314 E0.00006
G1 X158.912 Y109.916 Z1.3904 E0.00006
G1 X158.915 Y110.083 Z1.334724 E0.00006
G1 X159.055 Y110.164 Z1.28081 E0.00006
G1 X159.195 Y110.083 Z1.226895 E0.00006
G1 X159.194 Y109.923 Z1.1 E0.00006
G1 F754.3
G0 F24000 X159.052 Y109.442
G1 F528 X158.572 Y109.72 E0.00028
G1 X158.575 Y110.28 E0.00028
G1 X159.055 Y110.557 E0.00028
G1 X159.535 Y110.279 E0.00028
G1 X159.534 Y109.726 E0.00028
G1 X159.052 Y109.442 E0.00028
G0 F24000 X159.052 Y108.979
G1 F528 X158.172 Y109.49 E0.00051
G1 X158.175 Y110.51 E0.00051
G1 X159.055 Y111.018 E0.00051
G1 X159.935 Y110.51 E0.00051
G1 X159.934 Y109.495 E0.00051
G1 X159.052 Y108.979 E0.00051
G0 F24000 X159.052 Y108.517
G1 F528 X157.772 Y109.259 E0.00074
G1 X157.774 Y110.741 E0.00074
G1 X159.055 Y111.48 E0.00074
G1 X160.335 Y110.741 E0.00074
G1 X160.334 Y109.264 E0.00074
G1 X159.052 Y108.517 E0.00074
G0 F24000 X159.052 Y108.054
G1 F528 X157.372 Y109.029 E0.00097
G1 X157.374 Y110.972 E0.00097
G1 X159.055 Y111.942 E0.00097
G1 X160.735 Y110.971 E0.00097
G1 X160.734 Y109.033 E0.00097
G1 X159.052 Y108.054 E0.00097
G0 F24000 X159.052 Y107.592
G1 F528 X156.972 Y108.799 E0.0012
G1 X156.974 Y111.203 E0.0012
G1 X159.055 Y112.403 E0.0012
G1 X161.135 Y111.202 E0.0012
G1 X161.133 Y108.801 E0.0012
G1 X159.052 Y107.592 E0.0012
G0 F24000 X159.052 Y107.125
G1 F528 X156.572 Y108.569 E0.00143
G1 X156.573 Y111.434 E0.00143
G1 X159.055 Y112.865 E0.00143
G1 X161.535 Y111.433 E0.00143
G1 X161.533 Y108.57 E0.00143
G1 X159.052 Y107.125 E0.00143
G0 F24000 X159.055 Y106.628
G1 F528 X158.838 Y106.788 E0.00013
G1 X156.172 Y108.338 E0.00154
G1 X156.173 Y111.665 E0.00166
G1 X159.055 Y113.327 E0.00166
G1 X161.935 Y111.664 E0.00166
G1 X161.933 Y108.339 E0.00166
G1 X159.266 Y106.788 E0.00154
G1 X159.055 Y106.628 E0.00013
G0 F24000 X159.118 Y106.15
G1 F528 X158.99 Y106.15 E0.00006
G1 X158.864 Y106.27 E0.00009
G1 X158.618 Y106.454 E0.00015
G1 X155.772 Y108.108 E0.00164
G1 X155.773 Y111.896 E0.00189
G1 X159.055 Y113.788 E0.00189
G1 X162.335 Y111.894 E0.00189
G1 X162.333 Y108.108 E0.00189
G1 X159.486 Y106.454 E0.00164
G1 X159.245 Y106.268 E0.00015
G1 X159.118 Y106.15 E0.00009
G0 F24000 X159.296 Y105.75
G1 F528 X158.814 Y105.75 E0.00024
G1 X158.607 Y105.964 E0.00015
G1 X158.398 Y106.12 E0.00013
G1 X155.38 Y107.873 E0.00174
G1 X155.372 Y107.891 E0.00001
G1 X155.372 Y112.109 E0.0021
G1 X155.384 Y112.131 E0.00001
G1 X159.053 Y114.246 E0.00211
G1 X162.732 Y112.121 E0.00212
G1 X162.733 Y107.877 E0.00212
G1 X159.706 Y106.12 E0.00175
G1 X159.437 Y105.904 E0.00017
G1 X159.296 Y105.75 E0.0001
G0 F24000 X159.498 Y105.349
G1 F528 X158.617 Y105.351 E0.00044
G1 X158.473 Y105.537 E0.00012
G1 X158.35 Y105.657 E0.00009
G1 X158.178 Y105.786 E0.00011
G1 X155.139 Y107.55 E0.00175
G1 X155.064 Y107.622 E0.00005
G1 X154.988 Y107.77 E0.00008
G1 X154.973 Y107.855 E0.00004
G1 X154.975 Y112.166 E0.00215
G1 X154.988 Y112.225 E0.00003
G1 X155.046 Y112.348 E0.00007
G1 X155.095 Y112.41 E0.00004
G1 X155.197 Y112.488 E0.00006
G1 X158.857 Y114.596 E0.00211
G1 X158.978 Y114.642 E0.00006
G1 X159.044 Y114.646 E0.00003
G1 X159.152 Y114.636 E0.00005
G1 X159.25 Y114.599 E0.00005
G1 X162.931 Y112.474 E0.00212
G1 X163.033 Y112.389 E0.00007
G1 X163.066 Y112.347 E0.00003
G1 X163.108 Y112.263 E0.00005
G1 X163.129 Y112.18 E0.00004
G1 X163.132 Y107.826 E0.00217
G1 X163.124 Y107.776 E0.00003
G1 X163.084 Y107.68 E0.00005
G1 X163.041 Y107.614 E0.00004
G1 X162.975 Y107.556 E0.00004
G1 X159.926 Y105.786 E0.00176
G1 X159.713 Y105.615 E0.00014
G1 X159.62 Y105.517 E0.00007
G1 X159.498 Y105.349 E0.0001
G0 F24000 X159.647 Y105.069
;TYPE:WALL-OUTER
G1 F528 X158.463 Y105.071 E0.00059
G1 X158.395 Y105.18 E0.00006
G1 X158.275 Y105.339 E0.0001
G1 X158.189 Y105.425 E0.00006
G1 X158.024 Y105.552 E0.0001
G1 X154.975 Y107.322 E0.00176
G1 X154.84 Y107.451 E0.00009
G1 X154.79 Y107.53 E0.00005
G1 X154.721 Y107.68 E0.00008
G1 X154.693 Y107.835 E0.00008
G1 X154.697 Y112.208 E0.00218
G1 X154.72 Y112.307 E0.00005
G1 X154.752 Y112.391 E0.00004
G1 X154.81 Y112.501 E0.00006
G1 X154.891 Y112.603 E0.00006
G1 X155.047 Y112.725 E0.0001
G1 X158.73 Y114.846 E0.00212
G1 X158.836 Y114.893 E0.00006
G1 X158.931 Y114.919 E0.00005
G1 X159.04 Y114.927 E0.00005
G1 X159.153 Y114.921 E0.00006
G1 X159.228 Y114.906 E0.00004
G1 X159.37 Y114.853 E0.00008
G1 X163.086 Y112.708 E0.00214
G1 X163.239 Y112.579 E0.0001
G1 X163.304 Y112.499 E0.00005
G1 X163.371 Y112.362 E0.00008
G1 X163.407 Y112.229 E0.00007
G1 X163.415 Y112.119 E0.00006
G1 X163.412 Y107.805 E0.00215
G1 X163.385 Y107.672 E0.00007
G1 X163.332 Y107.548 E0.00007
G1 X163.235 Y107.411 E0.00008
G1 X163.138 Y107.327 E0.00006
G1 X160.08 Y105.552 E0.00176
G1 X159.895 Y105.401 E0.00012
G1 X159.79 Y105.283 E0.00008
G1 X159.647 Y105.069 E0.00013
G0 F24000 X159.447 Y105.069
G0 X159.213 Y105.951
G1 F60 E-0.001
G1 F18000 Z3.1
G0 F24000 X159.209 Y105.953 Z3.1
G0 X171.084 Y109.918
;TYPE:WALL-INNER
G1 F18000 Z1.5
G1 F60 E0.001
G1 F1131.45 X170.941 Y109.832 Z1.444377 E0.00006
G1 X170.804 Y109.912 Z1.391495 E0.00006
G1 X170.804 Y110.086 Z1.333495 E0.00006
G1 X170.938 Y110.163 Z1.281979 E0.00005
G1 X171.084 Y110.078 Z1.225665 E0.00006
G1 X171.084 Y109.918 Z1.1 E0.00006
G1 F754.3
G0 F24000 X170.941 Y109.439
G1 F528 X170.464 Y109.716 E0.00028
G1 X170.464 Y110.282 E0.00028
G1 X170.938 Y110.556 E0.00027
G1 X171.424 Y110.275 E0.00028
G1 X171.424 Y109.721 E0.00028
G1 X170.941 Y109.439 E0.00028
G0 F24000 X170.941 Y108.977
G1 F528 X170.064 Y109.485 E0.00051
G1 X170.064 Y110.513 E0.00051
G1 X170.938 Y111.018 E0.0005
G1 X171.824 Y110.506 E0.00051
G1 X171.824 Y109.49 E0.00051
G1 X170.941 Y108.977 E0.00051
G0 F24000 X170.94 Y108.515
G1 F528 X169.664 Y109.255 E0.00074
G1 X169.664 Y110.745 E0.00074
G1 X170.939 Y111.479 E0.00073
G1 X172.224 Y110.737 E0.00074
G1 X172.224 Y109.259 E0.00074
G1 X170.94 Y108.515 E0.00074
G0 F24000 X170.94 Y108.053
G1 F528 X169.264 Y109.024 E0.00097
G1 X169.264 Y110.976 E0.00097
G1 X170.939 Y111.941 E0.00096
G1 X172.624 Y110.968 E0.00097
G1 X172.624 Y109.028 E0.00097
G1 X170.94 Y108.053 E0.00097
G0 F24000 X170.94 Y107.591
G1 F528 X168.864 Y108.793 E0.0012
G1 X168.864 Y111.207 E0.0012
G1 X170.939 Y112.403 E0.00119
G1 X173.024 Y111.199 E0.0012
G1 X173.024 Y108.796 E0.0012
G1 X170.94 Y107.591 E0.0012
G0 F24000 X170.939 Y107.126
G1 F528 X168.464 Y108.563 E0.00143
G1 X168.464 Y111.438 E0.00143
G1 X170.94 Y112.865 E0.00143
G1 X173.424 Y111.43 E0.00143
G1 X173.424 Y108.565 E0.00143
G1 X170.939 Y107.126 E0.00143
G0 F24000 X170.939 Y106.63
G1 F528 X170.73 Y106.786 E0.00013
G1 X168.064 Y108.332 E0.00154
G1 X168.064 Y111.669 E0.00166
G1 X170.94 Y113.326 E0.00166
G1 X173.824 Y111.661 E0.00166
G1 X173.824 Y108.334 E0.00166
G1 X171.153 Y106.787 E0.00154
G1 X170.939 Y106.63 E0.00013
G0 F24000 X170.875 Y106.152
G1 F528 X170.832 Y106.197 E0.00003
G1 X170.512 Y106.451 E0.0002
G1 X167.664 Y108.102 E0.00164
G1 X167.664 Y111.901 E0.0019
G1 X170.94 Y113.788 E0.00189
G1 X174.224 Y111.892 E0.00189
G1 X174.224 Y108.103 E0.00189
G1 X171.373 Y106.453 E0.00164
G1 X171.158 Y106.294 E0.00013
G1 X171.009 Y106.152 E0.0001
G1 X170.875 Y106.152 E0.00007
G0 F24000 X170.698 Y105.752
G1 F528 X170.554 Y105.909 E0.00011
G1 X170.294 Y106.115 E0.00017
G1 X167.264 Y107.876 E0.00175
G1 X167.267 Y112.129 E0.00212
G1 X170.928 Y114.242 E0.00211
G1 X170.958 Y114.24 E0.00002
G1 X174.615 Y112.126 E0.00211
G1 X174.624 Y112.087 E0.00002
G1 X174.624 Y107.888 E0.00209
G1 X174.616 Y107.869 E0.00001
G1 X171.593 Y106.119 E0.00174
G1 X171.412 Y105.985 E0.00011
G1 X171.183 Y105.752 E0.00016
G1 X170.698 Y105.752 E0.00024
G0 F24000 X170.497 Y105.352
G1 F528 X170.375 Y105.518 E0.0001
G1 X170.277 Y105.621 E0.00007
G1 X170.076 Y105.78 E0.00013
G1 X167.053 Y107.532 E0.00174
G1 X166.965 Y107.606 E0.00006
G1 X166.92 Y107.669 E0.00004
G1 X166.877 Y107.764 E0.00005
G1 X166.864 Y107.841 E0.00004
G1 X166.864 Y112.167 E0.00216
G1 X166.884 Y112.253 E0.00004
G1 X166.94 Y112.363 E0.00006
G1 X166.993 Y112.422 E0.00004
G1 X167.085 Y112.49 E0.00006
G1 X170.746 Y114.599 E0.00211
G1 X170.869 Y114.641 E0.00006
G1 X170.959 Y114.649 E0.00005
G1 X171.012 Y114.643 E0.00003
G1 X171.098 Y114.616 E0.00004
G1 X174.832 Y112.463 E0.00215
G1 X174.913 Y112.399 E0.00005
G1 X175 Y112.257 E0.00008
G1 X175.024 Y112.121 E0.00007
G1 X175.021 Y107.832 E0.00214
G1 X175.007 Y107.77 E0.00003
G1 X174.949 Y107.638 E0.00007
G1 X174.909 Y107.592 E0.00003
G1 X174.803 Y107.513 E0.00007
G1 X171.839 Y105.802 E0.00171
G1 X171.666 Y105.676 E0.00011
G1 X171.511 Y105.521 E0.00011
G1 X171.381 Y105.352 E0.00011
G1 X170.497 Y105.352 E0.00044
G0 F24000 X170.347 Y105.072
;TYPE:WALL-OUTER
G1 F528 X170.207 Y105.282 E0.00013
G1 X170.082 Y105.419 E0.00009
G1 X169.939 Y105.534 E0.00009
G1 X166.9 Y107.297 E0.00175
G1 X166.827 Y107.35 E0.00005
G1 X166.752 Y107.422 E0.00005
G1 X166.678 Y107.527 E0.00006
G1 X166.604 Y107.697 E0.00009
G1 X166.584 Y107.818 E0.00006
G1 X166.584 Y112.19 E0.00218
G1 X166.621 Y112.351 E0.00008
G1 X166.674 Y112.466 E0.00006
G1 X166.716 Y112.533 E0.00004
G1 X166.798 Y112.624 E0.00006
G1 X166.934 Y112.726 E0.00008
G1 X170.62 Y114.849 E0.00212
G1 X170.721 Y114.892 E0.00005
G1 X170.822 Y114.919 E0.00005
G1 X170.965 Y114.93 E0.00007
G1 X171.071 Y114.918 E0.00005
G1 X171.2 Y114.877 E0.00007
G1 X171.271 Y114.844 E0.00004
G1 X174.985 Y112.699 E0.00214
G1 X175.122 Y112.588 E0.00009
G1 X175.185 Y112.502 E0.00005
G1 X175.261 Y112.363 E0.00008
G1 X175.304 Y112.145 E0.00011
G1 X175.304 Y107.857 E0.00214
G1 X175.276 Y107.689 E0.00008
G1 X175.222 Y107.552 E0.00007
G1 X175.178 Y107.475 E0.00004
G1 X175.108 Y107.394 E0.00005
G1 X174.965 Y107.284 E0.00009
G1 X171.967 Y105.552 E0.00173
G1 X171.844 Y105.46 E0.00008
G1 X171.691 Y105.301 E0.00011
G1 X171.533 Y105.073 E0.00014
G1 X170.347 Y105.072 E0.00059
G0 F24000 X170.236 Y105.238
G0 X170.793 Y105.951
G1 F60 E-0.001
G1 F18000 Z3.1
G0 F24000 X170.793 Y105.953 Z3.1
G0 X182.97 Y109.915
;TYPE:WALL-INNER
G1 F18000 Z1.5
G1 F60 E0.001
G1 F1127.4 X182.829 Y109.834 Z1.445797 E0.00006
G1 X182.688 Y109.915 Z1.391593 E0.00006
G1 X182.689 Y110.083 Z1.335592 E0.00006
G1 X182.829 Y110.164 Z1.281678 E0.00006
G1 X182.968 Y110.083 Z1.228052 E0.00006
G1 X182.97 Y109.915 Z1.1 E0.00006
G1 F751.6
G0 F24000 X182.829 Y109.441
G1 F528 X182.348 Y109.719 E0.00028
G1 X182.349 Y110.28 E0.00028
G1 X182.829 Y110.557 E0.00028
G1 X183.308 Y110.28 E0.00028
G1 X183.31 Y109.719 E0.00028
G1 X182.829 Y109.441 E0.00028
G0 F24000 X182.829 Y108.979
G1 F528 X181.948 Y109.488 E0.00051
G1 X181.949 Y110.511 E0.00051
G1 X182.829 Y111.019 E0.00051
G1 X183.708 Y110.511 E0.00051
G1 X183.71 Y109.488 E0.00051
G1 X182.829 Y108.979 E0.00051
G0 F24000 X182.829 Y108.517
G1 F528 X181.548 Y109.258 E0.00074
G1 X181.549 Y110.742 E0.00074
G1 X182.829 Y111.481 E0.00074
G1 X184.108 Y110.742 E0.00074
G1 X184.11 Y109.258 E0.00074
G1 X182.829 Y108.517 E0.00074
G0 F24000 X182.829 Y108.055
G1 F528 X181.148 Y109.027 E0.00097
G1 X181.149 Y110.973 E0.00097
G1 X182.829 Y111.943 E0.00097
G1 X184.508 Y110.973 E0.00097
G1 X184.51 Y109.027 E0.00097
G1 X182.829 Y108.055 E0.00097
G0 F24000 X182.829 Y107.593
G1 F528 X180.748 Y108.796 E0.0012
G1 X180.749 Y111.204 E0.0012
G1 X182.829 Y112.404 E0.0012
G1 X184.908 Y111.205 E0.0012
G1 X184.91 Y108.796 E0.0012
G1 X182.829 Y107.593 E0.0012
G0 F24000 X182.828 Y107.128
G1 F528 X180.348 Y108.566 E0.00143
G1 X180.349 Y111.435 E0.00143
G1 X182.829 Y112.866 E0.00143
G1 X185.308 Y111.436 E0.00143
G1 X185.31 Y108.565 E0.00143
G1 X182.828 Y107.128 E0.00143
G0 F24000 X182.826 Y106.63
G1 F528 X182.607 Y106.793 E0.00014
G1 X179.948 Y108.335 E0.00153
G1 X179.949 Y111.666 E0.00166
G1 X182.829 Y113.328 E0.00166
G1 X185.708 Y111.667 E0.00166
G1 X185.71 Y108.335 E0.00166
G1 X183.047 Y106.792 E0.00154
G1 X182.826 Y106.63 E0.00014
G0 F24000 X182.894 Y106.148
G1 F528 X182.763 Y106.148 E0.00007
G1 X182.584 Y106.312 E0.00012
G1 X182.386 Y106.46 E0.00012
G1 X179.548 Y108.104 E0.00164
G1 X179.549 Y111.897 E0.00189
G1 X182.829 Y113.79 E0.00189
G1 X186.108 Y111.898 E0.00189
G1 X186.11 Y108.104 E0.00189
G1 X183.266 Y106.457 E0.00164
G1 X183.071 Y106.314 E0.00012
G1 X182.894 Y106.148 E0.00012
G0 F24000 X183.07 Y105.748
G1 F528 X182.59 Y105.748 E0.00024
G1 X182.437 Y105.91 E0.00011
G1 X182.341 Y105.994 E0.00006
G1 X182.165 Y106.126 E0.00011
G1 X179.155 Y107.87 E0.00174
G1 X179.148 Y107.882 E0.00001
G1 X179.147 Y112.117 E0.00211
G1 X179.198 Y112.157 E0.00003
G1 X182.78 Y114.224 E0.00206
G1 X182.829 Y114.245 E0.00003
G1 X186.506 Y112.126 E0.00212
G1 X186.506 Y107.872 E0.00212
G1 X183.485 Y106.122 E0.00174
G1 X183.318 Y105.999 E0.0001
G1 X183.223 Y105.914 E0.00006
G1 X183.07 Y105.748 E0.00011
G0 F24000 X183.27 Y105.348
G1 F528 X182.39 Y105.348 E0.00044
G1 X182.284 Y105.494 E0.00009
G1 X182.098 Y105.677 E0.00013
G1 X181.944 Y105.793 E0.0001
G1 X178.928 Y107.54 E0.00174
G1 X178.873 Y107.583 E0.00003
G1 X178.807 Y107.67 E0.00005
G1 X178.771 Y107.744 E0.00004
G1 X178.748 Y107.827 E0.00004
G1 X178.748 Y112.139 E0.00215
G1 X178.774 Y112.263 E0.00006
G1 X178.826 Y112.36 E0.00005
G1 X178.896 Y112.434 E0.00005
G1 X178.979 Y112.493 E0.00005
G1 X182.596 Y114.579 E0.00208
G1 X182.731 Y114.634 E0.00007
G1 X182.814 Y114.648 E0.00004
G1 X182.956 Y114.626 E0.00007
G1 X183.051 Y114.584 E0.00005
G1 X186.686 Y112.488 E0.00209
G1 X186.79 Y112.41 E0.00006
G1 X186.864 Y112.309 E0.00006
G1 X186.898 Y112.223 E0.00005
G1 X186.908 Y112.163 E0.00003
G1 X186.911 Y107.872 E0.00214
G1 X186.897 Y107.774 E0.00005
G1 X186.864 Y107.687 E0.00005
G1 X186.809 Y107.608 E0.00005
G1 X186.752 Y107.555 E0.00004
G1 X183.703 Y105.787 E0.00176
G1 X183.565 Y105.685 E0.00009
G1 X183.374 Y105.491 E0.00014
G1 X183.27 Y105.348 E0.00009
G0 F24000 X183.424 Y105.069
;TYPE:WALL-OUTER
G1 F528 X182.239 Y105.068 E0.00059
G1 X182.124 Y105.247 E0.00011
G1 X181.958 Y105.427 E0.00012
G1 X181.773 Y105.57 E0.00012
G1 X178.771 Y107.307 E0.00173
G1 X178.641 Y107.42 E0.00009
G1 X178.565 Y107.528 E0.00007
G1 X178.508 Y107.643 E0.00006
G1 X178.468 Y107.809 E0.00009
G1 X178.468 Y112.156 E0.00217
G1 X178.479 Y112.246 E0.00005
G1 X178.51 Y112.36 E0.00006
G1 X178.594 Y112.519 E0.00009
G1 X178.715 Y112.65 E0.00009
G1 X178.829 Y112.729 E0.00007
G1 X182.436 Y114.81 E0.00208
G1 X182.592 Y114.884 E0.00009
G1 X182.667 Y114.907 E0.00004
G1 X182.8 Y114.93 E0.00007
G1 X182.914 Y114.922 E0.00006
G1 X183.043 Y114.894 E0.00007
G1 X183.178 Y114.834 E0.00007
G1 X186.836 Y112.725 E0.00211
G1 X186.987 Y112.61 E0.00009
G1 X187.06 Y112.527 E0.00006
G1 X187.116 Y112.433 E0.00005
G1 X187.169 Y112.298 E0.00007
G1 X187.188 Y112.186 E0.00006
G1 X187.191 Y107.859 E0.00216
G1 X187.183 Y107.768 E0.00005
G1 X187.165 Y107.691 E0.00004
G1 X187.116 Y107.563 E0.00007
G1 X187.016 Y107.418 E0.00009
G1 X186.927 Y107.335 E0.00006
G1 X186.845 Y107.28 E0.00005
G1 X183.871 Y105.562 E0.00171
G1 X183.702 Y105.432 E0.00011
G1 X183.543 Y105.255 E0.00012
G1 X183.424 Y105.069 E0.00011
G0 F24000 X183.224 Y105.069
G0 X182.969 Y105.949
;TIME_ELAPSED:1231.803688
G1 F60 E-0.001
M140 S0
M82 ;absolute extrusion mode
M107
T-1
M104 S0
M140 S0
M83 ;relative extrusion mode
;End of Gcode
;SETTING_3 {"global_quality": "[general]\\nversion = 4\\nname = 26G-RFATOMS\\nde
;SETTING_3 finition = custom\\n\\n[metadata]\\ntype = quality_changes\\nquality_
;SETTING_3 type = fast\\nsetting_version = 23\\n\\n[values]\\nadhesion_extruder_
;SETTING_3 nr = 0\\nadhesion_type = brim\\nalternate_carve_order = False\\nbridg
;SETTING_3 e_settings_enabled = True\\nbridge_wall_min_length = =line_width + su
;SETTING_3 pport_xy_distance + 1.0\\ncarve_multiple_volumes = True\\nlayer_heigh
;SETTING_3 t = 0.1\\nlayer_height_0 = 0.3\\nmaterial_bed_temperature = 20\\nmate
;SETTING_3 rial_bed_temperature_layer_0 = 20\\nminimum_polygon_circumference = 0
;SETTING_3 .1\\nprime_tower_enable = False\\nretraction_combing = all\\nskirt_br
;SETTING_3 im_extruder_nr = 0\\nspeed_slowdown_layers = 1\\nsupport_enable = Fal
;SETTING_3 se\\nsupport_extruder_nr = 0\\nsupport_structure = normal\\nsupport_t
;SETTING_3 ype = everywhere\\ntravel_retract_before_outer_wall = False\\n\\n", "
;SETTING_3 extruder_quality": ["[general]\\nversion = 4\\nname = 26G-RFATOMS\\nd
;SETTING_3 efinition = custom\\n\\n[metadata]\\ntype = quality_changes\\nquality
;SETTING_3 _type = fast\\nintent_category = default\\nposition = 0\\nsetting_ver
;SETTING_3 sion = 23\\n\\n[values]\\nbottom_layers = 50\\nbridge_enable_more_lay
;SETTING_3 ers = False\\nbridge_skin_material_flow = 100\\nbridge_wall_material_
;SETTING_3 flow = 100\\nbrim_gap = 1.5\\nbrim_width = 1\\ncoasting_enable = Fals
;SETTING_3 e\\ncool_fan_enabled = False\\ncool_fan_speed = 60\\ncool_fan_speed_m
;SETTING_3 ax = 100\\nfill_outline_gaps = True\\nhole_xy_offset = 0\\nhole_xy_of
;SETTING_3 fset_max_diameter = 4\\ninfill_overlap = 10\\ninfill_pattern = lightn
;SETTING_3 ing\\ninfill_sparse_density = 30\\ninset_direction = inside_out\\niro
;SETTING_3 ning_enabled = False\\nironing_flow = 25\\nironing_inset = 0\\nironin
;SETTING_3 g_line_spacing = 0.2\\nironing_only_highest_layer = False\\nironing_p
;SETTING_3 attern = zigzag\\nline_width = 0.38\\nmaterial_alternate_walls = True
;SETTING_3 \\nmaterial_final_print_temperature = 250\\nmaterial_flow = 100\\nmat
;SETTING_3 erial_initial_print_temperature = 250\\nmaterial_print_temperature = 
;SETTING_3 250\\nmaterial_standby_temperature = 0\\nmeshfix_maximum_deviation = 
;SETTING_3 0.001\\nmeshfix_maximum_resolution = 0.001\\nmeshfix_maximum_travel_r
;SETTING_3 esolution = =min(meshfix_maximum_resolution * speed_travel / speed_pr
;SETTING_3 int, 2 * line_width)\\nmeshfix_union_all = True\\nmin_even_wall_line_
;SETTING_3 width = =min_wall_line_width\\nmin_feature_size = =wall_line_width_0 
;SETTING_3 / 4\\nmin_odd_wall_line_width = =min_wall_line_width\\nmin_wall_line_
;SETTING_3 width = =machine_nozzle_size * .85\\noptimize_wall_printing_order = T
;SETTING_3 rue\\nraft_airgap = 0.0\\nraft_interface_thickness = =resolveOrValue(
;SETTING_3 'layer_height') * 1.5\\nraft_margin = 2\\nraft_surface_layers = 3\\nr
;SETTING_3 etraction_amount = 3.5\\nretraction_enable = True\\nretraction_extra_
;SETTING_3 prime_amount = 0.05\\nretraction_hop = 0.15\\nretraction_hop_enabled 
;SETTING_3 = False\\nretraction_speed = 30\\nskin_material_flow = 105\\nskin_mon
;SETTING_3 otonic = True\\nskin_outline_count = 0\\nskirt_brim_minimal_length = 
;SETTING_3 0\\nskirt_brim_speed = 45\\nsmall_feature_speed_factor = 10\\nsmall_h
;SETTING_3 ole_max_size = 4\\nsmall_skin_width = 0.32\\nspeed_infill = 112\\nspe
;SETTING_3 ed_ironing = 150\\nspeed_layer_0 = 30\\nspeed_print = 112\\nspeed_pri
;SETTING_3 nt_layer_0 = 60\\nspeed_support = 100\\nspeed_topbottom = 140\\nspeed
;SETTING_3 _travel = 300\\nspeed_travel_layer_0 = 300\\nspeed_wall_0 = 25\\nspee
;SETTING_3 d_wall_0_roofing = 20\\nspeed_wall_x = 50\\nspeed_z_hop = 20\\nsuppor
;SETTING_3 t_interface_enable = True\\nsupport_tree_limit_branch_reach = False\\
;SETTING_3 nswitch_extruder_extra_prime_amount = 0.575\\nswitch_extruder_retract
;SETTING_3 ion_amount = 3.5\\nswitch_extruder_retraction_speeds = 50\\ntop_botto
;SETTING_3 m_pattern = zigzag\\ntop_bottom_thickness = 0.7\\ntravel_avoid_distan
;SETTING_3 ce = 1\\nwall_0_inset = 0.0\\nwall_0_material_flow = 83\\nwall_0_mate
;SETTING_3 rial_flow_roofing = 105\\nwall_line_count = 0\\nwall_thickness = =wal
;SETTING_3 l_line_width_0 if magic_spiralize else 0.8\\nwall_transition_filter_d
;SETTING_3 eviation = =.25 * machine_nozzle_size\\nwall_transition_length = =lin
;SETTING_3 e_width\\nwall_x_material_flow = 83\\nwall_x_material_flow_roofing = 
;SETTING_3 105\\nxy_offset = -0.05\\nz_seam_corner = z_seam_corner_weighted\\nz_
;SETTING_3 seam_position = frontleft\\nz_seam_type = sharpest_corner\\nzig_zaggi
;SETTING_3 fy_infill = True\\n\\n", "[general]\\nversion = 4\\nname = 26G-RFATOM
;SETTING_3 S\\ndefinition = custom\\n\\n[metadata]\\ntype = quality_changes\\nqu
;SETTING_3 ality_type = fast\\nintent_category = default\\nposition = 1\\nsettin
;SETTING_3 g_version = 23\\n\\n[values]\\nbottom_layers = 1\\nbrim_width = 1\\nc
;SETTING_3 ool_fan_speed = 0\\ninfill_sparse_density = 15\\ninitial_bottom_layer
;SETTING_3 s = 1\\nironing_enabled = False\\nironing_flow = 0\\nironing_line_spa
;SETTING_3 cing = 0.2\\nironing_pattern = concentric\\nmaterial_final_print_temp
;SETTING_3 erature = 275\\nmaterial_initial_print_temperature = 275\\nmaterial_p
;SETTING_3 rint_temperature = 275\\nmaterial_standby_temperature = 165\\nretract
;SETTING_3 ion_hop = 2\\nretraction_hop_enabled = True\\nretraction_speed = 120\
;SETTING_3 \nspeed_ironing = 25\\nspeed_print = 100\\nspeed_support = 60\\nspeed
;SETTING_3 _travel = 300.0\\nspeed_wall_0 = 75\\nspeed_wall_x = 75\\nspeed_z_hop
;SETTING_3  = 300\\nsupport_infill_rate = 25\\nsupport_interface_enable = True\\
;SETTING_3 nsupport_interface_height = 0.3\\nsupport_interface_pattern = lines\\
;SETTING_3 nsupport_xy_distance = 2\\nsupport_xy_distance_overhang = 0.1\\nswitc
;SETTING_3 h_extruder_retraction_amount = 5\\nswitch_extruder_retraction_speed =
;SETTING_3  60\\ntop_bottom_thickness = 0.2\\ntop_layers = 1\\n\\n", "[general]\
;SETTING_3 \nversion = 4\\nname = 26G-RFATOMS\\ndefinition = custom\\n\\n[metada
;SETTING_3 ta]\\ntype = quality_changes\\nquality_type = fast\\nintent_category 
;SETTING_3 = default\\nposition = 2\\nsetting_version = 23\\n\\n[values]\\n_plug
;SETTING_3 in__curaenginegradualflow__0_1_0__gradual_flow_discretisation_step_si
;SETTING_3 ze = 0.1\\n_plugin__curaenginegradualflow__0_1_0__layer_0_max_flow_ac
;SETTING_3 celeration = 0.25\\n_plugin__curaenginegradualflow__0_1_0__max_flow_a
;SETTING_3 cceleration = 0.25\\nbottom_layers = 0\\ncoasting_enable = False\\nco
;SETTING_3 asting_volume = 0.2\\nconnect_skin_polygons = True\\ncool_fan_full_at
;SETTING_3 _height = 0.1\\ncool_fan_speed = 20\\ncool_min_speed = 9\\nfill_outli
;SETTING_3 ne_gaps = True\\ngroup_outer_walls = False\\nhole_xy_offset_max_diame
;SETTING_3 ter = 5\\ninfill_material_flow = =material_flow\\ninfill_pattern = co
;SETTING_3 ncentric\\ninfill_sparse_density = 100\\ninset_direction = inside_out
;SETTING_3 \\nlayer_start_x = 0\\nlayer_start_y = 0\\nline_width = 0.4\\nmateria
;SETTING_3 l_alternate_walls = False\\nmaterial_final_print_temperature = 0\\nma
;SETTING_3 terial_flow = 3.0\\nmaterial_flow_layer_0 = 3\\nmaterial_initial_prin
;SETTING_3 t_temperature = 0\\nmaterial_print_temperature = 0\\nmaterial_standby
;SETTING_3 _temperature = 0\\nmeshfix_maximum_extrusion_area_deviation = 50.0\\n
;SETTING_3 meshfix_maximum_resolution = 0.01\\nmeshfix_maximum_travel_resolution
;SETTING_3  = 0.2\\nmeshfix_union_all = True\\nmin_feature_size = 0.2\\nmin_wall
;SETTING_3 _line_width = 0.2\\nmultiple_mesh_overlap = 0.01\\noptimize_wall_prin
;SETTING_3 ting_order = False\\nprime_tower_flow = =material_flow\\nretraction_a
;SETTING_3 mount = 0.001\\nretraction_count_max = 250\\nretraction_extra_prime_a
;SETTING_3 mount = 0\\nretraction_hop = 2\\nretraction_hop_enabled = True\\nretr
;SETTING_3 action_min_travel = 0.1\\nretraction_speed = 1\\nskin_line_width = 0.
;SETTING_3 4\\nskin_material_flow = 3\\nskirt_brim_material_flow = =material_flo
;SETTING_3 w\\nskirt_brim_speed = 10\\nskirt_line_count = 3\\nsmall_feature_spee
;SETTING_3 d_factor = 1\\nsmall_hole_max_size = 0\\nspeed_infill = 8.8\\nspeed_l
;SETTING_3 ayer_0 = 8.8\\nspeed_print = 8.8\\nspeed_topbottom = 8\\nspeed_travel
;SETTING_3  = 400\\nspeed_travel_layer_0 = 400\\nspeed_wall = =speed_print / 2\\
;SETTING_3 nspeed_wall_0 = 8.8\\nspeed_wall_x = 8.8\\nspeed_z_hop = 300\\nswitch
;SETTING_3 _extruder_retraction_amount = 0\\nswitch_extruder_retraction_speeds =
;SETTING_3  1.0\\ntop_bottom_pattern = concentric\\ntop_bottom_thickness = 0\\nt
;SETTING_3 op_layers = 1\\nwall_0_inset = 0.12\\nwall_0_material_flow = 3.0\\nwa
;SETTING_3 ll_line_count = 100\\nwall_transition_filter_deviation = =.25 * machi
;SETTING_3 ne_nozzle_size\\nwall_x_material_flow = 3\\nwall_x_material_flow_roof
;SETTING_3 ing = 3.0\\nxy_offset = 0.01\\nz_seam_corner = z_seam_corner_any\\nz_
;SETTING_3 seam_position = frontleft\\nz_seam_type = shortest\\nz_seam_x = =(0 i
;SETTING_3 f (z_seam_position == 'frontleft' or z_seam_position == 'left' or z_s
;SETTING_3 eam_position == 'backleft') else machine_width / 2 if (z_seam_positio
;SETTING_3 n == 'front' or z_seam_position == 'back') else machine_width) - (mac
;SETTING_3 hine_width / 2 if z_seam_relative or machine_center_is_zero else 0)\\
;SETTING_3 nz_seam_y = =(0 if (z_seam_position == 'frontleft' or z_seam_position
;SETTING_3  == 'front' or z_seam_position == 'frontright') else machine_depth / 
;SETTING_3 2 if (z_seam_position == 'left' or z_seam_position == 'right') else m
;SETTING_3 achine_depth) - (machine_depth / 2 if z_seam_relative or machine_cent
;SETTING_3 er_is_zero else 0)\\n\\n"]}
